rx_idx,phy_active,frame_event,seq,frag,len,rx_t_ms,swap_ms
0,A,rx,0,0,30,3680.756,3.399
1,B,rx,1,0,30,3684.217,1.999
2,A,rx,4,0,30,3687.808,1.752
3,B,rx,7,0,30,3692.956,1.806
4,A,rx,10,0,30,3698.476,2.256
5,B,rx,13,0,30,3703.476,1.737
6,A,rx,15,0,30,3707.085,2.330
7,B,rx,17,0,30,3711.120,2.528
8,A,rx,20,0,30,3715.810,1.514
9,B,rx,22,0,30,3719.644,2.161
10,A,rx,24,0,30,3723.629,1.890
11,B,rx,27,0,30,3728.642,1.668
12,A,rx,30,0,30,3733.723,2.294
13,B,rx,32,0,30,3737.495,2.296
14,A,rx,35,0,30,3742.154,2.239
15,B,rx,38,0,30,3747.808,1.666
16,A,rx,41,0,30,3753.494,1.944
17,B,rx,43,0,30,3756.452,1.588
18,A,rx,45,0,30,3760.103,1.676
19,B,rx,47,0,30,3763.522,1.647
20,A,rx,49,0,30,3768.125,1.771
21,B,rx,51,0,30,3771.929,1.982
22,A,rx,54,0,30,3776.789,1.947
23,B,rx,56,0,30,3780.488,2.277
24,A,rx,59,0,30,3785.450,1.951
25,B,rx,61,0,30,3789.033,1.640
26,A,rx,63,0,30,3792.711,2.328
27,B,rx,64,0,30,3796.002,1.976
28,A,rx,65,0,30,3798.064,2.699
29,B,rx,69,0,30,3803.132,1.682
30,A,rx,71,0,30,3806.928,1.993
31,B,rx,73,0,30,3810.397,1.509
32,A,rx,75,0,30,3814.918,1.946
33,B,rx,78,0,30,3819.994,2.423
34,A,rx,80,0,30,3824.115,1.895
35,B,rx,83,0,30,3829.233,2.314
36,A,rx,85,0,30,3832.869,2.251
37,B,rx,88,0,30,3837.627,2.182
38,A,rx,91,0,30,3843.403,2.135
39,B,rx,94,0,30,3848.427,1.670
40,A,rx,97,0,30,3853.552,1.974
41,B,rx,99,0,30,3857.190,1.863
42,A,rx,101,0,30,3860.783,2.307
43,B,rx,104,0,30,3865.648,2.243
44,A,rx,106,0,30,3869.439,1.722
45,B,rx,108,0,30,3872.728,1.491
46,A,rx,110,0,30,3876.292,2.071
47,B,rx,112,0,30,3879.446,2.221
48,A,rx,115,0,30,3885.080,2.085
49,B,rx,118,0,30,3890.128,1.766
50,A,rx,120,0,30,3893.652,2.078
51,B,rx,122,0,30,3898.331,1.610
52,A,rx,124,0,30,3901.524,2.159
53,B,rx,126,0,30,3905.417,2.136
54,A,rx,129,0,30,3910.269,1.723
55,B,rx,131,0,30,3913.958,2.147
56,A,rx,134,0,30,3919.277,1.664
57,B,rx,136,0,30,3923.041,1.590
58,A,rx,138,0,30,3926.212,2.112
59,B,rx,141,0,30,3931.627,1.736
60,A,rx,144,0,30,3936.919,1.615
61,B,rx,146,0,30,3940.387,1.753
62,A,rx,148,0,30,3943.898,1.778
63,B,rx,151,0,30,3949.002,1.618
64,A,rx,153,0,30,3952.561,1.555
65,B,rx,155,0,30,3956.208,2.086
66,A,rx,158,0,30,3961.180,1.886
67,B,rx,160,0,30,3964.754,1.608
68,A,rx,162,0,30,3968.290,1.548
69,B,rx,164,0,30,3971.631,1.480
70,A,rx,166,0,30,3974.824,1.879
71,B,rx,168,0,30,3978.970,1.995
72,A,rx,170,0,30,3982.089,2.158
73,B,rx,173,0,30,3987.747,2.318
74,A,rx,174,0,30,3991.345,1.625
75,B,rx,177,0,30,3994.656,1.693
76,A,rx,180,0,30,3999.786,1.790
77,B,rx,182,0,30,4003.425,2.137
78,A,rx,185,0,30,4008.346,1.661
79,B,rx,187,0,30,4012.100,1.637
80,A,rx,189,0,30,4015.463,1.559
81,B,rx,191,0,30,4019.107,1.752
82,A,rx,194,0,30,4024.170,1.633
83,B,rx,196,0,30,4028.542,1.722
84,A,rx,198,0,30,4032.416,1.863
85,B,rx,201,0,30,4037.432,1.715
86,A,rx,204,0,30,4042.664,1.702
87,B,rx,206,0,30,4045.958,1.697
88,A,rx,208,0,30,4049.652,1.791
89,B,rx,210,0,30,4053.147,2.156
90,A,rx,213,0,30,4057.979,1.641
91,B,rx,215,0,30,4061.817,1.631
92,A,rx,217,0,30,4065.460,2.031
93,B,rx,220,0,30,4070.126,1.622
94,A,rx,222,0,30,4074.116,1.679
95,B,rx,224,0,30,4077.553,1.754
96,A,rx,226,0,30,4080.977,1.773
97,B,rx,229,0,30,4086.176,1.677
98,A,rx,231,0,30,4089.554,1.718
99,B,rx,233,0,30,4093.342,1.594
100,A,rx,235,0,30,4097.349,1.716
101,B,rx,238,0,30,4102.418,1.610
102,A,rx,241,0,30,4107.543,2.175
103,B,rx,243,0,30,4111.091,1.720
104,A,rx,245,0,30,4114.647,1.781
105,B,rx,248,0,30,4119.665,1.722
106,A,rx,250,0,30,4123.144,1.582
107,B,rx,252,0,30,4126.732,2.185
108,A,rx,255,0,30,4131.961,1.629
109,B,rx,257,0,30,4135.550,1.557
110,A,rx,259,0,30,4139.027,1.705
111,B,rx,262,0,30,4144.003,1.724
112,A,rx,264,0,30,4147.570,2.094
113,B,rx,266,0,30,4151.198,1.962
114,A,rx,269,0,30,4157.437,2.084
115,B,rx,271,0,30,4160.942,1.681
116,A,rx,273,0,30,4164.576,1.628
117,B,rx,274,0,34,4167.282,1.607
118,A,rx,276,0,30,4169.916,1.686
119,B,rx,278,0,30,4173.525,1.614
120,A,rx,280,0,30,4176.935,1.664
121,B,rx,282,0,30,4180.782,1.698
122,A,rx,285,0,30,4185.775,1.996
123,B,rx,287,0,30,4189.461,1.591
124,A,rx,289,0,30,4192.942,1.569
125,B,rx,292,0,30,4197.861,1.610
126,A,rx,294,0,30,4201.497,1.972
127,B,rx,296,0,30,4205.425,1.636
128,A,rx,298,0,30,4208.503,2.156
129,B,rx,301,0,30,4214.317,1.654
130,A,rx,304,0,30,4219.165,1.872
131,B,rx,307,0,30,4224.497,1.828
132,A,rx,309,0,30,4227.969,1.519
133,B,rx,311,0,30,4231.281,1.599
134,A,rx,313,0,30,4234.710,1.564
135,B,rx,315,0,30,4238.540,1.452
136,A,rx,317,0,30,4241.638,1.929
137,B,rx,319,0,30,4245.344,1.696
138,A,rx,321,0,30,4248.730,1.614
139,B,rx,323,0,30,4252.326,1.714
140,A,rx,325,0,30,4255.783,2.343
141,B,rx,328,0,30,4260.838,1.709
142,A,rx,330,0,30,4264.534,1.688
143,B,rx,332,0,30,4268.061,1.680
144,A,rx,335,0,30,4273.148,1.850
145,B,rx,337,0,30,4276.643,1.896
146,A,rx,339,0,30,4280.269,1.920
147,B,rx,342,0,30,4285.237,1.634
148,A,rx,344,0,30,4289.633,1.639
149,B,rx,346,0,30,4293.430,2.142
150,A,rx,349,0,30,4298.507,2.003
151,B,rx,352,0,30,4303.653,1.600
152,A,rx,354,0,30,4307.182,1.836
153,B,rx,356,0,30,4310.726,1.532
154,A,rx,359,0,30,4315.752,1.493
155,B,rx,361,0,30,4319.124,2.196
156,A,rx,363,0,30,4322.841,1.616
157,B,rx,366,0,30,4327.904,1.637
158,A,rx,368,0,30,4331.357,1.626
159,B,rx,370,0,30,4335.032,1.927
160,A,rx,373,0,30,4340.093,1.559
161,B,rx,375,0,30,4343.789,1.629
162,A,rx,377,0,30,4347.200,1.698
163,B,rx,380,0,30,4352.277,1.680
164,A,rx,382,0,30,4355.819,1.467
165,B,rx,384,0,30,4359.528,2.222
166,A,rx,387,0,30,4364.648,1.662
167,B,rx,389,0,30,4368.154,1.672
168,A,rx,391,0,30,4371.648,1.463
169,B,rx,393,0,30,4375.061,1.547
170,A,rx,395,0,30,4378.830,1.564
171,B,rx,397,0,30,4382.769,1.590
172,A,rx,399,0,30,4386.201,1.651
173,B,rx,401,0,30,4389.422,1.726
174,A,rx,403,0,30,4392.954,1.577
175,B,rx,405,0,30,4396.547,1.776
176,A,rx,407,0,30,4400.036,2.076
177,B,rx,410,0,30,4405.077,2.132
178,A,rx,412,0,30,4408.790,2.001
179,B,rx,415,0,30,4413.753,1.888
180,A,rx,417,0,30,4418.537,2.305
181,B,rx,419,0,30,4422.167,1.634
182,A,rx,421,0,30,4425.692,2.227
183,B,rx,424,0,30,4430.540,1.649
184,A,rx,426,0,30,4434.218,1.623
185,B,rx,428,0,30,4437.760,1.542
186,A,rx,430,0,30,4441.079,1.534
187,B,rx,432,0,30,4444.927,1.640
188,A,rx,435,0,30,4449.997,1.884
189,B,rx,436,0,30,4451.950,2.144
190,A,rx,439,0,30,4456.865,1.636
191,B,rx,441,0,30,4460.565,2.221
192,A,rx,444,0,30,4465.535,2.059
193,B,rx,446,0,30,4469.187,1.579
194,A,rx,448,0,30,4472.699,1.510
195,B,rx,450,0,30,4475.756,1.859
196,A,rx,452,0,30,4479.416,1.712
197,B,rx,454,0,30,4482.793,1.587
198,A,rx,456,0,30,4486.410,1.526
199,B,rx,458,0,30,4489.878,1.644
200,A,rx,460,0,30,4493.606,1.465
201,B,rx,462,0,30,4496.937,1.741
202,A,rx,464,0,30,4500.271,1.917
203,B,rx,466,0,30,4503.666,1.526
204,A,rx,468,0,30,4507.158,1.893
205,B,rx,470,0,30,4510.772,1.768
206,A,rx,473,0,30,4515.794,1.563
207,B,rx,475,0,30,4519.235,1.884
208,A,rx,477,0,30,4522.996,2.028
209,B,rx,480,0,30,4528.116,1.982
210,A,rx,482,0,30,4531.556,1.584
211,B,rx,484,0,30,4535.208,1.648
212,A,rx,487,0,30,4540.318,1.779
213,B,rx,489,0,30,4543.800,1.663
214,A,rx,491,0,30,4548.453,1.606
215,B,rx,494,0,30,4553.539,1.617
216,A,rx,496,0,30,4556.966,1.917
217,B,rx,498,0,30,4560.747,2.244
218,A,rx,500,0,30,4564.327,1.672
219,B,rx,502,0,30,4567.807,2.319
220,A,rx,505,0,30,4572.849,2.207
221,B,rx,508,0,30,4578.006,1.677
222,A,rx,510,0,30,4581.425,1.553
223,B,rx,512,0,30,4585.069,1.555
224,A,rx,515,0,30,4590.044,1.517
225,B,rx,517,0,30,4593.407,1.815
226,A,rx,519,0,30,4597.206,2.220
227,B,rx,522,0,30,4602.394,2.041
228,A,rx,524,0,30,4605.713,1.589
229,B,rx,526,0,30,4609.358,1.646
230,A,rx,529,0,30,4614.369,1.594
231,B,rx,531,0,30,4617.919,1.614
232,A,rx,533,0,30,4621.772,2.192
233,B,rx,536,0,30,4626.772,1.745
234,A,rx,538,0,30,4630.366,1.708
235,B,rx,540,0,30,4633.866,2.127
236,A,rx,543,0,30,4638.859,1.623
237,B,rx,545,0,30,4642.375,1.529
238,A,rx,547,0,30,4646.056,1.670
239,B,rx,550,0,30,4651.184,1.564
240,A,rx,552,0,30,4655.421,1.691
241,B,rx,553,0,30,4657.200,2.356
242,A,rx,556,0,30,4661.716,1.667
243,B,rx,558,0,30,4665.433,2.018
244,A,rx,559,0,30,4667.513,1.648
245,B,rx,562,0,30,4672.326,2.117
246,A,rx,565,0,30,4678.445,2.268
247,B,rx,568,0,30,4683.504,1.661
248,A,rx,570,0,30,4687.081,1.589
249,B,rx,572,0,30,4690.740,1.557
250,A,rx,575,0,30,4695.777,1.623
251,B,rx,577,0,30,4699.179,1.717
252,A,rx,579,0,30,4702.956,1.635
253,B,rx,582,0,30,4707.895,1.579
254,A,rx,584,0,30,4711.330,1.606
255,B,rx,586,0,30,4715.483,1.688
256,A,rx,588,0,30,4718.603,2.312
257,B,rx,591,0,30,4724.140,2.247
258,A,rx,594,0,30,4729.198,1.737
259,B,rx,596,0,30,4732.756,1.701
260,A,rx,598,0,30,4736.445,1.750
261,B,rx,601,0,30,4741.350,1.634
262,A,rx,603,0,30,4744.999,1.707
263,B,rx,605,0,30,4748.696,2.163
264,A,rx,608,0,30,4753.622,2.138
265,B,rx,610,0,30,4757.103,1.627
266,A,rx,612,0,30,4760.852,1.676
267,B,rx,614,0,30,4764.275,2.209
268,A,rx,617,0,30,4769.915,1.716
269,B,rx,620,0,30,4774.942,1.624
270,A,rx,622,0,30,4778.443,1.649
271,B,rx,624,0,30,4782.137,1.680
272,A,rx,626,0,30,4785.811,1.744
273,B,rx,2170,5,34,4788.466,2.148
274,A,rx,628,0,30,4790.689,2.076
275,B,rx,631,0,30,4794.387,1.728
276,A,rx,633,0,30,4797.836,1.899
277,B,rx,635,0,30,4801.291,1.509
278,A,rx,637,0,30,4804.724,1.786
279,B,rx,639,0,30,4808.826,1.652
280,A,rx,641,0,30,4812.613,2.119
281,B,rx,643,0,30,4816.154,1.685
282,A,rx,645,0,30,4819.598,1.497
283,B,rx,647,0,30,4823.085,1.884
284,A,rx,649,0,30,4826.930,1.601
285,B,rx,651,0,30,4830.592,1.683
286,A,rx,653,0,30,4834.117,1.595
287,B,rx,654,0,34,4836.817,1.437
288,A,rx,657,0,30,4841.085,1.774
289,B,rx,660,0,30,4846.017,1.652
290,A,rx,662,0,30,4849.586,1.658
291,B,rx,664,0,30,4853.368,1.812
292,A,rx,667,0,30,4858.589,1.546
293,B,rx,669,0,30,4861.988,2.272
294,A,rx,672,0,30,4866.936,2.232
295,B,rx,675,0,30,4872.547,1.540
296,A,rx,677,0,30,4876.085,1.652
297,B,rx,679,0,30,4879.081,1.620
298,A,rx,681,0,30,4882.964,1.661
299,B,rx,683,0,30,4886.866,1.609
300,A,rx,685,0,30,4890.241,1.601
301,B,rx,687,0,30,4893.819,2.173
302,A,rx,690,0,30,4899.029,1.667
303,B,rx,692,0,30,4902.486,1.577
304,A,rx,694,0,30,4906.366,1.677
305,B,rx,697,0,30,4911.578,1.717
306,A,rx,699,0,30,4915.225,1.566
307,B,rx,701,0,30,4918.581,1.618
308,A,rx,703,0,30,4922.377,1.625
309,B,rx,706,0,30,4927.405,1.587
310,A,rx,709,0,30,4932.663,1.608
311,B,rx,711,0,30,4936.126,1.562
312,A,rx,713,0,30,4940.603,1.760
313,B,rx,716,0,30,4945.668,1.771
314,A,rx,718,0,30,4949.237,1.866
315,B,rx,720,0,30,4952.719,1.739
316,A,rx,723,0,30,4958.000,1.929
317,B,rx,725,0,30,4961.383,1.688
318,A,rx,727,0,30,4965.292,1.598
319,B,rx,729,0,30,4969.266,1.592
320,A,rx,730,0,30,4970.925,1.758
321,B,rx,732,0,30,4974.179,1.695
322,A,rx,734,0,30,4977.608,1.816
323,B,rx,736,0,30,4981.463,2.266
324,A,rx,737,0,30,4983.788,1.767
325,B,rx,738,0,30,4985.609,2.008
326,A,rx,741,0,30,4989.647,1.832
327,B,rx,743,0,30,4993.784,2.210
328,A,rx,745,0,30,4996.951,2.161
329,B,rx,748,0,30,5002.875,1.707
330,A,rx,750,0,30,5006.116,1.988
331,B,rx,752,0,30,5009.811,2.172
332,A,rx,754,0,30,5013.288,1.642
333,B,rx,756,0,30,5016.891,1.765
334,A,rx,759,0,30,5021.932,1.580
335,B,rx,761,0,30,5025.425,1.466
336,A,rx,763,0,30,5029.227,1.741
337,B,rx,764,0,30,5031.023,1.684
338,A,rx,767,0,30,5036.038,2.171
339,B,rx,770,0,30,5041.213,1.654
340,A,rx,773,0,30,5046.281,1.637
341,B,rx,775,0,30,5050.055,1.674
342,A,rx,777,0,30,5053.542,1.823
343,B,rx,780,0,30,5058.428,1.569
344,A,rx,782,0,30,5062.066,2.228
345,B,rx,785,0,30,5068.137,1.687
346,A,rx,787,0,30,5072.193,1.814
347,B,rx,789,0,30,5076.079,2.135
348,A,rx,791,0,30,5079.968,2.066
349,B,rx,793,0,30,5083.536,1.638
350,A,rx,795,0,30,5087.096,2.103
351,B,rx,796,0,30,5089.262,1.933
352,A,rx,799,0,30,5094.127,1.670
353,B,rx,802,0,30,5099.192,2.012
354,A,rx,805,0,30,5104.394,1.839
355,B,rx,807,0,30,5107.997,1.674
356,A,rx,809,0,30,5111.410,1.585
357,B,rx,811,0,30,5114.733,2.126
358,A,rx,813,0,30,5118.667,1.688
359,B,rx,814,0,30,5121.206,1.685
360,A,rx,815,0,30,5122.974,2.003
361,B,rx,818,0,30,5126.803,1.704
362,A,rx,820,0,30,5130.725,1.628
363,B,rx,822,0,30,5134.125,2.033
364,A,rx,824,0,30,5137.685,1.500
365,B,rx,826,0,30,5141.134,2.107
366,A,rx,828,0,30,5144.970,2.142
367,B,rx,829,0,30,5147.171,2.498
368,A,rx,832,0,30,5151.347,2.177
369,B,rx,836,0,30,5158.449,2.231
370,A,rx,839,0,30,5163.518,1.610
371,B,rx,841,0,30,5167.432,2.173
372,A,rx,843,0,30,5170.903,2.279
373,B,rx,846,0,30,5175.694,2.110
374,A,rx,848,0,30,5179.588,2.230
375,B,rx,850,0,30,5183.100,2.050
376,A,rx,853,0,30,5187.918,1.573
377,B,rx,855,0,30,5192.056,1.859
378,A,rx,857,0,30,5195.204,1.716
379,B,rx,859,0,30,5199.708,1.551
380,A,rx,861,0,30,5203.254,2.106
381,B,rx,864,0,30,5208.099,1.813
382,A,rx,866,0,30,5211.842,2.128
383,B,rx,868,0,30,5215.483,1.899
384,A,rx,870,0,30,5219.108,1.773
385,B,rx,873,0,30,5223.995,1.618
386,A,rx,875,0,30,5227.480,1.653
387,B,rx,877,0,30,5231.246,1.575
388,A,rx,880,0,30,5236.195,1.655
389,B,rx,882,0,30,5239.716,1.708
390,A,rx,884,0,30,5243.451,1.562
391,B,rx,886,0,30,5246.932,2.056
392,A,rx,889,0,30,5252.044,1.699
393,B,rx,891,0,30,5255.512,1.700
394,A,rx,893,0,30,5259.034,1.606
395,B,rx,895,0,30,5262.735,1.573
396,A,rx,898,0,30,5267.766,1.649
397,B,rx,900,0,30,5271.481,2.090
398,A,rx,903,0,30,5276.137,2.170
399,B,rx,905,0,30,5280.068,1.725
400,A,rx,907,0,30,5283.671,1.829
401,B,rx,909,0,30,5287.067,1.615
402,A,rx,912,0,30,5292.053,1.576
403,B,rx,914,0,30,5295.629,2.159
404,A,rx,917,0,30,5300.641,1.671
405,B,rx,919,0,30,5304.320,1.694
406,A,rx,921,0,30,5308.038,1.667
407,B,rx,923,0,30,5311.467,1.769
408,A,rx,926,0,30,5316.514,1.921
409,B,rx,928,0,30,5320.138,1.921
410,A,rx,930,0,30,5323.576,1.916
411,B,rx,933,0,30,5329.789,2.066
412,A,rx,935,0,30,5333.246,2.179
413,B,rx,937,0,30,5336.815,1.516
414,A,rx,939,0,30,5340.282,1.687
415,B,rx,941,0,30,5343.523,2.310
416,A,rx,944,0,30,5349.144,1.705
417,B,rx,947,0,30,5354.151,1.621
418,A,rx,950,0,30,5359.317,1.779
419,B,rx,952,0,30,5362.725,1.700
420,A,rx,954,0,30,5366.227,1.665
421,B,rx,957,0,30,5371.267,1.633
422,A,rx,959,0,30,5374.700,1.680
423,B,rx,961,0,30,5378.536,2.022
424,A,rx,964,0,30,5383.558,1.859
425,B,rx,966,0,30,5387.307,1.748
426,A,rx,968,0,30,5390.928,1.634
427,B,rx,971,0,30,5396.008,1.683
428,A,rx,973,0,30,5399.183,1.721
429,B,rx,975,0,30,5403.104,1.796
430,A,rx,978,0,30,5408.038,1.590
431,B,rx,980,0,30,5411.391,2.172
432,A,rx,983,0,30,5416.375,1.615
433,B,rx,985,0,30,5420.116,2.179
434,A,rx,986,0,30,5422.401,2.149
435,B,rx,987,0,30,5424.619,1.687
436,A,rx,990,0,30,5428.811,2.289
437,B,rx,993,0,30,5434.399,1.744
438,A,rx,996,0,30,5439.816,1.891
439,B,rx,998,0,30,5443.419,1.974
440,A,rx,1000,0,30,5787.858,1.651
441,B,rx,1002,0,30,5791.171,1.455
442,A,rx,1004,0,30,5794.345,1.364
443,B,rx,1006,0,30,5797.998,2.104
444,A,rx,1009,0,30,5802.265,1.425
445,B,rx,1011,0,30,5806.153,2.088
446,A,rx,1014,0,30,5810.519,1.467
447,B,rx,1016,0,30,5814.300,1.541
448,A,rx,1018,0,30,5817.303,1.545
449,B,rx,1020,0,30,5820.784,1.583
450,A,rx,1022,0,30,5823.850,1.862
451,B,rx,1024,0,30,5827.837,1.608
452,A,rx,1025,0,30,5830.408,2.157
453,B,rx,1029,0,30,5835.746,2.138
454,A,rx,1032,0,30,5840.694,1.665
455,B,rx,1034,0,30,5843.820,1.524
456,A,rx,1036,0,30,5848.242,2.212
457,B,rx,1038,0,30,5851.563,1.499
458,A,rx,1040,0,30,5854.266,1.611
459,B,rx,1042,0,30,5857.950,1.560
460,A,rx,1044,0,30,5861.185,1.814
461,B,rx,1045,0,30,5863.879,1.867
462,A,rx,1048,0,30,5867.709,1.620
463,B,rx,1050,0,30,5871.208,1.800
464,A,rx,1053,0,30,5875.677,1.589
465,B,rx,1055,0,30,5879.509,1.777
466,A,rx,1056,0,30,5881.352,1.517
467,B,rx,1058,0,30,5883.858,1.759
468,A,rx,1060,0,30,5887.429,1.463
469,B,rx,1062,0,30,5890.848,1.822
470,A,rx,1064,0,30,5894.115,1.876
471,B,rx,1066,0,30,5897.248,1.658
472,A,rx,1068,0,30,5900.799,1.619
473,B,rx,1071,0,30,5905.139,1.703
474,A,rx,1073,0,30,5908.926,2.083
475,B,rx,1076,0,30,5913.946,1.682
476,A,rx,1079,0,30,5918.353,1.649
477,B,rx,1081,0,30,5922.355,1.736
478,A,rx,1084,0,30,5926.492,1.540
479,B,rx,1086,0,30,5930.160,1.475
480,A,rx,1088,0,30,5933.233,2.147
481,B,rx,1091,0,30,5938.501,1.482
482,A,rx,1094,0,30,5943.397,1.655
483,B,rx,1097,0,30,5947.793,2.218
484,A,rx,1099,0,30,5951.487,1.629
485,B,rx,1102,0,30,5956.266,1.599
486,A,rx,1104,0,30,5959.659,1.517
487,B,rx,1106,0,30,5963.153,1.652
488,A,rx,1108,0,30,5966.303,2.318
489,B,rx,1111,0,30,5971.199,1.538
490,A,rx,1113,0,30,5974.271,1.607
491,B,rx,1115,0,30,5978.994,2.146
492,A,rx,1118,0,30,5984.073,1.665
493,B,rx,1121,0,30,5988.348,1.625
494,A,rx,1123,0,30,5992.352,2.263
495,B,rx,1126,0,30,5997.475,2.291
496,A,rx,1129,0,30,6002.375,1.800
497,B,rx,1132,0,30,6007.455,1.742
498,A,rx,1135,0,30,6011.925,1.650
499,B,rx,1137,0,30,6015.658,1.618
500,A,rx,1140,0,30,6020.308,1.925
501,B,rx,1142,0,30,6023.902,1.764
502,A,rx,1143,0,30,6025.714,1.841
503,B,rx,1146,0,30,6030.186,2.261
504,A,rx,1149,0,30,6035.166,2.079
505,B,rx,1151,0,30,6038.510,1.619
506,A,rx,1153,0,30,6041.968,1.617
507,B,rx,1156,0,30,6046.267,1.868
508,A,rx,1158,0,30,6050.128,1.771
509,B,rx,1161,0,30,6055.145,1.539
510,A,rx,1163,0,30,6058.160,2.348
511,B,rx,1166,0,30,6063.307,2.108
512,A,rx,1168,0,30,6067.488,2.095
513,B,rx,1171,0,30,6072.596,1.931
514,A,rx,1174,0,30,6077.695,1.824
515,B,rx,1177,0,30,6082.114,1.955
516,A,rx,1179,0,30,6085.776,1.679
517,B,rx,1182,0,30,6090.756,1.660
518,A,rx,1185,0,30,6095.058,1.735
519,B,rx,1187,0,30,6099.095,1.585
520,A,rx,1189,0,30,6102.309,1.741
521,B,rx,1191,0,30,6105.438,1.555
522,A,rx,1193,0,30,6110.036,2.127
523,B,rx,1196,0,30,6115.000,1.653
524,A,rx,1199,0,30,6119.551,2.230
525,B,rx,1202,0,30,6124.633,1.773
526,A,rx,1204,0,30,6127.774,1.586
527,B,rx,1206,0,30,6131.458,2.158
528,A,rx,1209,0,30,6136.458,1.583
529,B,rx,1212,0,30,6140.957,1.711
530,A,rx,1214,0,30,6144.671,1.489
531,B,rx,1216,0,30,6147.669,2.176
532,A,rx,1219,0,30,6152.923,1.606
533,B,rx,1222,0,30,6157.039,1.759
534,A,rx,1224,0,30,6160.774,2.160
535,B,rx,1227,0,30,6165.916,1.704
536,A,rx,1230,0,30,6170.370,1.647
537,B,rx,1232,0,30,6174.039,1.652
538,A,rx,1235,0,30,6178.325,1.644
539,B,rx,1237,0,30,6182.154,1.686
540,A,rx,1240,0,30,6187.089,1.700
541,B,rx,1243,0,30,6191.656,1.570
542,A,rx,1245,0,30,6195.419,1.649
543,B,rx,1248,0,30,6199.692,1.614
544,A,rx,1250,0,30,6203.693,2.303
545,B,rx,1251,0,30,6207.097,2.212
546,A,rx,1255,0,30,6211.948,2.105
547,B,rx,1257,0,30,6215.413,1.684
548,A,rx,1259,0,30,6218.800,1.738
549,B,rx,1262,0,30,6223.935,1.968
550,A,rx,1265,0,30,6228.190,1.633
551,B,rx,1267,0,30,6231.993,1.667
552,A,rx,1270,0,30,6237.980,1.600
553,B,rx,1273,0,30,6242.314,1.644
554,A,rx,1275,0,30,6246.798,1.606
555,B,rx,1278,0,30,6250.556,2.293
556,A,rx,1280,0,30,6254.484,1.840
557,B,rx,1283,0,30,6259.247,2.192
558,A,rx,1286,0,30,6264.515,1.985
559,B,rx,1289,0,30,6269.503,1.625
560,A,rx,1291,0,30,6272.642,1.487
561,B,rx,1293,0,30,6276.029,1.649
562,A,rx,1295,0,30,6279.368,1.658
563,B,rx,1297,0,30,6282.393,1.619
564,A,rx,1299,0,30,6285.874,1.505
565,B,rx,1301,0,30,6288.849,1.543
566,A,rx,1303,0,30,6292.268,2.179
567,B,rx,1305,0,30,6295.550,1.475
568,A,rx,1307,0,30,6298.943,1.634
569,B,rx,1310,0,30,6303.367,1.719
570,A,rx,1312,0,30,6307.025,1.587
571,B,rx,1314,0,30,6310.222,1.570
572,A,rx,1316,0,30,6313.739,1.571
573,B,rx,1318,0,30,6316.927,1.634
574,A,rx,1320,0,30,6320.461,1.665
575,B,rx,1323,0,30,6325.459,1.582
576,A,rx,1326,0,30,6329.884,1.594
577,B,rx,1328,0,30,6333.520,2.042
578,A,rx,1331,0,30,6337.927,1.590
579,B,rx,1333,0,30,6341.778,1.664
580,A,rx,1336,0,30,6346.774,2.213
581,B,rx,1339,0,30,6352.033,1.852
582,A,rx,1342,0,30,6356.400,1.674
583,B,rx,1344,0,30,6360.016,1.630
584,A,rx,1347,0,30,6364.304,1.668
585,B,rx,1349,0,30,6369.175,1.835
586,A,rx,1352,0,30,6374.191,1.597
587,B,rx,1354,0,30,6377.232,2.156
588,A,rx,1357,0,30,6382.380,1.637
589,B,rx,1360,0,30,6386.709,1.819
590,A,rx,1362,0,30,6390.392,1.748
591,B,rx,1365,0,30,6395.545,1.740
592,A,rx,1368,0,30,6399.853,1.795
593,B,rx,1370,0,30,6403.649,1.657
594,A,rx,1373,0,30,6407.983,1.691
595,B,rx,1375,0,30,6411.669,1.496
596,A,rx,1377,0,30,6414.792,1.620
597,B,rx,1380,0,30,6419.871,1.733
598,A,rx,1383,0,30,6424.942,1.725
599,B,rx,1386,0,30,6429.259,1.706
600,A,rx,1388,0,30,6433.101,1.731
601,B,rx,1391,0,30,6438.094,1.636
602,A,rx,1394,0,30,6442.600,1.623
603,B,rx,1396,0,30,6446.506,1.900
604,A,rx,1397,0,30,6449.361,1.658
605,B,rx,1401,0,30,6454.408,2.213
606,A,rx,1404,0,30,6459.653,1.756
607,B,rx,1407,0,30,6463.948,1.785
608,A,rx,1409,0,30,6467.750,1.783
609,B,rx,1412,0,30,6472.686,1.427
610,A,rx,1414,0,30,6475.732,2.292
611,B,rx,1417,0,30,6481.038,1.656
612,A,rx,1420,0,30,6486.125,1.512
613,B,rx,1423,0,30,6490.225,1.656
614,A,rx,1425,0,30,6493.945,1.503
615,B,rx,1427,0,30,6498.078,1.704
616,A,rx,1430,0,30,6503.209,1.725
617,B,rx,1433,0,30,6508.417,1.968
618,A,rx,1436,0,30,6512.699,1.618
619,B,rx,1438,0,30,6516.435,2.221
620,A,rx,1441,0,30,6520.879,2.089
621,B,rx,1443,0,30,6524.563,1.561
622,A,rx,1446,0,30,6529.661,2.217
623,B,rx,1449,0,30,6534.047,1.999
624,A,rx,1451,0,30,6537.809,1.624
625,B,rx,1454,0,30,6542.081,1.646
626,A,rx,1456,0,30,6546.196,1.928
627,B,rx,1459,0,30,6550.866,1.656
628,A,rx,1462,0,30,6555.376,1.929
629,B,rx,1464,0,30,6559.249,1.787
630,A,rx,1465,0,30,6561.095,1.707
631,B,rx,1468,0,30,6565.677,1.671
632,A,rx,1470,0,30,6568.761,1.747
633,B,rx,1472,0,30,6572.551,2.177
634,A,rx,1475,0,30,6576.693,2.120
635,B,rx,1477,0,30,6580.570,2.191
636,A,rx,1478,0,30,6583.779,1.924
637,B,rx,1480,0,30,6585.781,2.385
638,A,rx,1483,0,30,6589.982,1.657
639,B,rx,1485,0,30,6593.653,1.564
640,A,rx,1488,0,30,6598.038,1.699
641,B,rx,1490,0,30,6601.864,2.151
642,A,rx,1493,0,30,6606.831,1.687
643,B,rx,1496,0,30,6611.272,2.165
644,A,rx,1498,0,30,6614.953,2.133
645,B,rx,1501,0,30,6620.056,2.028
646,A,rx,1504,0,30,6624.737,1.671
647,B,rx,1506,0,30,6629.229,2.121
648,A,rx,1509,0,30,6633.499,1.811
649,B,rx,1511,0,30,6637.442,2.179
650,A,rx,1514,0,30,6642.365,1.627
651,B,rx,1516,0,30,6645.529,2.224
652,A,rx,1519,0,30,6650.725,1.643
653,B,rx,1522,0,30,6654.891,1.935
654,A,rx,1524,0,30,6658.678,1.668
655,B,rx,1527,0,30,6663.746,1.849
656,A,rx,1530,0,30,6668.125,1.773
657,B,rx,1532,0,30,6671.933,2.226
658,A,rx,1535,0,30,6676.331,2.085
659,B,rx,1537,0,30,6679.939,1.663
660,A,rx,1540,0,30,6685.062,1.684
661,B,rx,1543,0,30,6690.140,1.795
662,A,rx,1546,0,30,6695.139,2.203
663,B,rx,1549,0,30,6699.790,1.642
664,A,rx,1551,0,30,6703.484,1.867
665,B,rx,1554,0,30,6708.567,1.687
666,A,rx,1557,0,30,6712.785,1.572
667,B,rx,1559,0,30,6716.591,1.709
668,A,rx,1562,0,30,6720.824,1.673
669,B,rx,1564,0,30,6724.781,2.177
670,A,rx,1567,0,30,6729.029,1.707
671,B,rx,1569,0,30,6732.902,2.206
672,A,rx,1572,0,30,6737.859,1.604
673,B,rx,1574,0,30,6741.019,2.131
674,A,rx,1577,0,30,6745.950,1.671
675,B,rx,1579,0,30,6749.119,1.981
676,A,rx,1582,0,30,6754.172,1.909
677,B,rx,1585,0,30,6760.139,2.171
678,A,rx,1588,0,30,6764.593,1.611
679,B,rx,1590,0,30,6768.705,1.923
680,A,rx,1592,0,30,6772.059,1.866
681,B,rx,1594,0,30,6774.903,1.726
682,A,rx,1596,0,30,6778.615,2.184
683,B,rx,1599,0,30,6783.567,1.590
684,A,rx,1601,0,30,6786.569,1.512
685,B,rx,1603,0,30,6790.003,2.126
686,A,rx,1605,0,30,6793.222,1.618
687,B,rx,1607,0,30,6796.899,2.056
688,A,rx,1610,0,30,6801.191,1.569
689,B,rx,1612,0,30,6805.005,1.527
690,A,rx,1615,0,30,6809.383,2.112
691,B,rx,1617,0,30,6813.225,1.931
692,A,rx,1620,0,30,6818.270,1.564
693,B,rx,1623,0,30,6823.270,2.252
694,A,rx,1626,0,30,6827.798,1.659
695,B,rx,1628,0,30,6831.367,2.195
696,A,rx,1631,0,30,6835.760,1.523
697,B,rx,1633,0,30,6839.495,1.708
698,A,rx,1635,0,30,6843.081,2.181
699,B,rx,1638,0,30,6847.957,2.268
700,A,rx,1641,0,30,6852.795,1.696
701,B,rx,1644,0,30,6857.760,1.774
702,A,rx,1647,0,30,6863.210,1.943
703,B,rx,1648,0,30,6865.220,1.894
704,A,rx,1651,0,30,6869.404,1.623
705,B,rx,1653,0,30,6872.664,1.929
706,A,rx,1655,0,30,6875.626,2.280
707,B,rx,1658,0,30,6880.704,2.118
708,A,rx,1661,0,30,6885.752,2.201
709,B,rx,1663,0,30,6890.325,1.683
710,A,rx,1666,0,30,6895.445,1.683
711,B,rx,1668,0,30,6898.914,1.756
712,A,rx,1670,0,30,6902.023,1.617
713,B,rx,1672,0,30,6905.626,1.448
714,A,rx,1674,0,30,6909.101,2.208
715,B,rx,1677,0,30,6914.064,1.575
716,A,rx,1679,0,30,6917.311,1.968
717,B,rx,1681,0,30,6920.451,2.037
718,A,rx,1683,0,30,6923.944,1.571
719,B,rx,1686,0,30,6928.949,1.633
720,A,rx,1689,0,30,6933.954,1.630
721,B,rx,1692,0,30,6938.266,1.652
722,A,rx,1694,0,30,6942.114,1.630
723,B,rx,1697,0,30,6946.900,1.874
724,A,rx,1700,0,30,6951.602,1.659
725,B,rx,1702,0,30,6955.397,1.648
726,A,rx,1705,0,30,6959.648,1.555
727,B,rx,1707,0,30,6963.490,1.787
728,A,rx,1710,0,30,6967.931,2.238
729,B,rx,1713,0,30,6972.837,1.850
730,A,rx,1715,0,30,6976.715,1.731
731,B,rx,1718,0,30,6981.071,1.986
732,A,rx,1720,0,30,6984.807,1.648
733,B,rx,1723,0,30,6989.040,1.566
734,A,rx,1725,0,30,6993.022,1.754
735,B,rx,1728,0,30,6997.955,1.998
736,A,rx,1731,0,30,7002.493,1.611
737,B,rx,1733,0,30,7006.295,1.703
738,A,rx,1736,0,30,7010.439,2.195
739,B,rx,1738,0,30,7014.319,1.776
740,A,rx,1741,0,30,7020.262,1.712
741,B,rx,1744,0,30,7024.653,1.626
742,A,rx,1746,0,30,7028.726,1.640
743,B,rx,1749,0,30,7033.148,1.807
744,A,rx,1751,0,30,7036.765,1.757
745,B,rx,1754,0,30,7041.743,1.742
746,A,rx,1757,0,30,7046.205,1.678
747,B,rx,1759,0,30,7049.780,2.026
748,A,rx,1762,0,30,7054.899,1.697
749,B,rx,1765,0,30,7059.380,2.236
750,A,rx,1768,0,30,7065.122,1.795
751,B,rx,1771,0,30,7069.686,2.300
752,A,rx,1774,0,30,7074.676,1.970
753,B,rx,1776,0,30,7078.153,2.269
754,A,rx,1779,0,30,7082.812,2.327
755,B,rx,1782,0,30,7087.943,2.257
756,A,rx,1785,0,30,7092.785,1.743
757,B,rx,1788,0,30,7097.717,1.927
758,A,rx,1791,0,30,7102.687,2.269
759,B,rx,1794,0,30,7106.993,1.720
760,A,rx,1796,0,30,7110.704,1.986
761,B,rx,1799,0,30,7115.269,1.800
762,A,rx,1801,0,30,7118.925,1.767
763,B,rx,1804,0,30,7124.071,1.829
764,A,rx,1805,0,30,7126.821,1.865
765,B,rx,1808,0,30,7130.349,1.635
766,A,rx,1810,0,30,7133.751,1.524
767,B,rx,1812,0,30,7136.676,1.723
768,A,rx,1814,0,30,7140.212,1.708
769,B,rx,1817,0,30,7145.301,2.186
770,A,rx,1819,0,30,7149.582,1.745
771,B,rx,1821,0,30,7153.554,1.666
772,A,rx,1824,0,30,7157.901,1.685
773,B,rx,1826,0,30,7161.637,1.834
774,A,rx,1829,0,30,7166.063,2.010
775,B,rx,1831,0,30,7169.767,2.018
776,A,rx,1834,0,30,7174.747,1.631
777,B,rx,1837,0,30,7179.105,1.670
778,A,rx,1839,0,30,7182.783,1.989
779,B,rx,1842,0,30,7187.385,1.651
780,A,rx,1844,0,30,7191.061,1.919
781,B,rx,1847,0,30,7195.440,2.176
782,A,rx,1849,0,30,7199.386,1.846
783,B,rx,1850,0,30,7202.365,1.613
784,A,rx,1853,0,30,7206.121,1.926
785,B,rx,1856,0,30,7210.973,1.745
786,A,rx,1858,0,30,7214.049,1.725
787,B,rx,1860,0,30,7217.034,1.757
788,A,rx,1862,0,30,7220.808,1.637
789,B,rx,1865,0,30,7225.623,1.683
790,A,rx,1868,0,30,7230.294,1.632
791,B,rx,1870,0,30,7233.777,1.621
792,A,rx,1873,0,30,7238.890,1.701
793,B,rx,1876,0,30,7243.838,1.758
794,A,rx,1879,0,30,7248.511,1.653
795,B,rx,1881,0,30,7252.250,1.674
796,A,rx,1882,0,30,7254.844,1.692
797,B,rx,1885,0,30,7258.604,2.009
798,A,rx,1887,0,30,7262.103,1.921
799,B,rx,1890,0,30,7266.637,2.120
800,A,rx,1892,0,30,7270.010,1.609
801,B,rx,1894,0,30,7273.881,1.506
802,A,rx,1896,0,30,7276.836,1.716
803,B,rx,1898,0,30,7280.667,1.604
804,A,rx,1900,0,30,7284.549,1.608
805,B,rx,1903,0,30,7289.476,1.549
806,A,rx,1905,0,30,7292.782,2.282
807,B,rx,1906,0,30,7295.141,1.988
808,A,rx,1909,0,30,7299.130,1.652
809,B,rx,1911,0,30,7302.542,1.930
810,A,rx,1914,0,30,7307.209,1.652
811,B,rx,1916,0,30,7310.391,1.859
812,A,rx,1918,0,30,7314.014,1.647
813,B,rx,1921,0,30,7318.998,1.750
814,A,rx,1924,0,30,7323.396,1.615
815,B,rx,1926,0,30,7327.193,1.770
816,A,rx,1929,0,30,7332.251,1.717
817,B,rx,1932,0,30,7337.235,1.588
818,A,rx,1934,0,30,7340.404,1.652
819,B,rx,1937,0,30,7345.614,1.860
820,A,rx,1940,0,30,7350.569,1.471
821,B,rx,1942,0,30,7353.960,1.548
822,A,rx,1944,0,30,7357.119,1.600
823,B,rx,1946,0,30,7360.178,1.656
824,A,rx,1948,0,30,7364.080,1.845
825,B,rx,1950,0,30,7367.186,1.782
826,A,rx,1952,0,30,7371.208,1.608
827,B,rx,1954,0,30,7374.490,1.587
828,A,rx,1956,0,30,7377.937,2.311
829,B,rx,1959,0,30,7382.490,1.640
830,A,rx,1961,0,30,7386.121,1.578
831,B,rx,1964,0,30,7390.411,1.774
832,A,rx,1966,0,30,7394.440,1.654
833,B,rx,1967,0,30,7396.151,1.591
834,A,rx,1969,0,30,7399.367,1.500
835,B,rx,1971,0,30,7402.457,1.525
836,A,rx,1974,0,30,7408.434,1.706
837,B,rx,1977,0,30,7412.803,1.841
838,A,rx,1979,0,30,7416.604,1.665
839,B,rx,1982,0,30,7421.781,1.762
840,A,rx,1985,0,30,7426.013,2.192
841,B,rx,1987,0,30,7429.768,1.686
842,A,rx,1990,0,30,7434.322,1.620
843,B,rx,1992,0,30,7438.057,2.125
844,A,rx,1995,0,30,7442.201,1.658
845,B,rx,1997,0,30,7446.135,1.628
846,A,rx,2000,0,30,7795.516,1.505
847,B,rx,2002,0,30,7799.551,1.428
848,A,rx,2004,0,30,7802.594,1.357
849,B,rx,2006,0,30,7805.658,1.407
850,A,rx,2008,0,30,7808.745,2.119
851,B,rx,2011,0,30,7812.981,1.437
852,A,rx,2013,0,30,7816.184,1.487
853,B,rx,2015,0,30,7819.402,1.445
854,A,rx,2017,0,30,7822.224,1.512
855,B,rx,2019,0,30,7825.925,2.132
856,A,rx,2022,0,30,7830.444,1.813
857,B,rx,2025,0,30,7835.195,1.640
858,A,rx,2028,0,30,7839.447,1.728
859,B,rx,2030,0,30,7842.839,2.141
860,A,rx,2033,0,30,7847.347,1.631
861,B,rx,2036,0,30,7851.710,1.603
862,A,rx,2038,0,30,7854.851,1.605
863,B,rx,2040,0,30,7858.097,1.694
864,A,rx,2042,0,30,7861.143,1.406
865,B,rx,2044,0,30,7864.111,1.695
866,A,rx,2046,0,30,7867.190,1.468
867,B,rx,2048,0,30,7870.778,1.808
868,A,rx,2051,0,30,7875.291,2.159
869,B,rx,2054,0,30,7879.862,2.069
870,A,rx,2057,0,30,7884.255,1.870
871,B,rx,2059,0,30,7887.660,1.756
872,A,rx,2061,0,30,7890.531,1.541
873,B,rx,2063,0,30,7893.674,1.696
874,A,rx,2065,0,30,7896.636,2.187
875,B,rx,2068,0,30,7901.275,2.218
876,A,rx,2071,0,30,7905.618,1.652
877,B,rx,2073,0,30,7908.848,1.777
878,A,rx,2075,0,30,7912.625,1.761
879,B,rx,2078,0,30,7916.832,1.647
880,A,rx,2080,0,30,7920.479,1.544
881,B,rx,2082,0,30,7923.672,1.646
882,A,rx,2085,0,30,7928.948,1.538
883,B,rx,2087,0,30,7931.918,1.469
884,A,rx,2089,0,30,7935.173,1.539
885,B,rx,2091,0,30,7938.131,1.965
886,A,rx,2093,0,30,7941.444,1.809
887,B,rx,2095,0,30,7944.473,1.814
888,A,rx,2097,0,30,7947.977,1.569
889,B,rx,2100,0,30,7952.231,1.772
890,A,rx,2103,0,30,7957.023,1.549
891,B,rx,2105,0,30,7960.176,1.517
892,A,rx,2108,0,30,7964.634,1.557
893,B,rx,2110,0,30,7967.946,2.218
894,A,rx,2113,0,30,7972.471,2.135
895,B,rx,2116,0,30,7976.754,2.287
896,A,rx,2119,0,30,7981.529,1.660
897,B,rx,2122,0,30,7985.913,1.879
898,A,rx,2124,0,30,7988.935,1.635
899,B,rx,2126,0,30,7992.002,2.136
900,A,rx,2128,0,30,7995.779,2.231
901,B,rx,2131,0,30,8000.169,1.796
902,A,rx,2134,0,30,8004.869,1.752
903,B,rx,2137,0,30,8009.253,2.177
904,A,rx,2139,0,30,8012.617,1.914
905,B,rx,2141,0,30,8015.741,1.640
906,A,rx,2143,0,30,8018.769,1.682
907,B,rx,2145,0,30,8021.695,1.625
908,A,rx,2147,0,30,8024.857,1.557
909,B,rx,2149,0,30,8027.866,1.733
910,A,rx,2151,0,30,8030.711,1.700
911,B,rx,2153,0,30,8033.825,1.715
912,A,rx,2155,0,30,8036.959,1.815
913,B,rx,2157,0,30,8040.491,1.700
914,A,rx,2160,0,30,8044.875,1.677
915,B,rx,2162,0,30,8047.982,1.669
916,A,rx,2164,0,30,8051.642,1.583
917,B,rx,2167,0,30,8056.016,1.791
918,A,rx,2169,0,30,8060.072,1.606
919,B,rx,2172,0,30,8064.911,1.985
920,A,rx,2175,0,30,8069.330,1.632
921,B,rx,2177,0,30,8072.526,2.242
922,A,rx,2180,0,30,8077.428,1.591
923,B,rx,2182,0,30,8080.794,1.875
924,A,rx,2185,0,30,8085.228,1.926
925,B,rx,2188,0,30,8089.543,1.690
926,A,rx,2190,0,30,8092.829,1.638
927,B,rx,2192,0,30,8095.681,1.685
928,A,rx,2194,0,30,8098.908,1.572
929,B,rx,2196,0,30,8101.980,1.737
930,A,rx,2198,0,30,8104.905,1.602
931,B,rx,2200,0,30,8108.641,1.642
932,A,rx,2203,0,30,8113.058,1.626
933,B,rx,2206,0,30,8117.650,1.670
934,A,rx,2209,0,30,8122.110,2.190
935,B,rx,2211,0,30,8125.326,1.620
936,A,rx,2213,0,30,8128.311,1.647
937,B,rx,2215,0,30,8131.638,1.599
938,A,rx,2217,0,30,8134.401,1.665
939,B,rx,2219,0,30,8137.628,2.208
940,A,rx,2222,0,30,8142.264,1.688
941,B,rx,2223,0,30,8144.837,1.997
942,A,rx,2227,0,30,8149.660,1.810
943,B,rx,2229,0,30,8153.364,2.275
944,A,rx,2230,0,30,8155.725,2.289
945,B,rx,2234,0,30,8160.798,1.879
946,A,rx,2237,0,30,8165.384,1.629
947,B,rx,2240,0,30,8169.697,1.613
948,A,rx,2242,0,30,8172.914,2.132
949,B,rx,2244,0,30,8176.501,1.699
950,A,rx,2247,0,30,8181.047,1.652
951,B,rx,2250,0,30,8185.746,1.659
952,A,rx,2252,0,30,8189.882,2.317
953,B,rx,2255,0,30,8194.155,1.896
954,A,rx,2257,0,30,8197.360,2.237
955,B,rx,2260,0,30,8202.072,1.689
956,A,rx,2263,0,30,8206.407,1.643
957,B,rx,2265,0,30,8209.500,1.642
958,A,rx,2267,0,30,8212.977,1.706
959,B,rx,2270,0,30,8217.479,1.633
960,A,rx,2273,0,30,8222.382,1.929
961,B,rx,2276,0,30,8226.894,1.640
962,A,rx,2279,0,30,8231.381,1.653
963,B,rx,2281,0,30,8234.651,2.282
964,A,rx,2284,0,30,8239.140,1.647
965,B,rx,2286,0,30,8242.211,1.770
966,A,rx,2288,0,30,8245.156,2.196
967,B,rx,2291,0,30,8250.161,1.562
968,A,rx,2294,0,30,8254.861,1.618
969,B,rx,2297,0,30,8259.070,2.095
970,A,rx,2299,0,30,8262.384,1.634
971,B,rx,2301,0,30,8265.643,1.542
972,A,rx,2303,0,30,8268.494,1.663
973,B,rx,2305,0,30,8271.603,1.703
974,A,rx,2307,0,30,8274.744,1.638
975,B,rx,2309,0,30,8277.588,2.204
976,A,rx,2312,0,30,8282.149,1.458
977,B,rx,2314,0,30,8285.568,1.888
978,A,rx,2315,0,30,8287.651,1.622
979,B,rx,2318,0,30,8291.766,1.788
980,A,rx,2321,0,30,8296.491,1.814
981,B,rx,2324,0,30,8300.901,1.634
982,A,rx,2326,0,30,8304.023,1.530
983,B,rx,2328,0,30,8307.268,1.761
984,A,rx,2330,0,30,8310.136,1.592
985,B,rx,2332,0,30,8313.435,1.539
986,A,rx,2334,0,30,8316.278,2.006
987,B,rx,2336,0,30,8320.210,1.702
988,A,rx,2338,0,30,8323.330,1.615
989,B,rx,2340,0,30,8326.266,1.611
990,A,rx,2342,0,30,8329.432,1.679
991,B,rx,2344,0,30,8332.523,1.623
992,A,rx,2346,0,30,8336.048,1.996
993,B,rx,2349,0,30,8340.449,1.541
994,A,rx,2352,0,30,8345.248,1.550
995,B,rx,2354,0,30,8348.287,1.540
996,A,rx,2356,0,30,8351.460,1.636
997,B,rx,2359,0,30,8355.904,1.697
998,A,rx,2361,0,30,8359.122,1.779
999,B,rx,2363,0,30,8362.095,1.723
1000,A,rx,2365,0,30,8365.094,1.766
1001,B,rx,2367,0,30,8368.014,1.857
1002,A,rx,2369,0,30,8371.209,1.633
1003,B,rx,2371,0,30,8374.170,1.761
1004,A,rx,2373,0,30,8377.366,1.654
1005,B,rx,2375,0,30,8380.943,1.890
1006,A,rx,2378,0,30,8385.201,1.915
1007,B,rx,2381,0,30,8390.074,1.721
1008,A,rx,2384,0,30,8394.293,1.637
1009,B,rx,2386,0,30,8397.523,1.709
1010,A,rx,2388,0,30,8400.629,1.598
1011,B,rx,2390,0,30,8403.650,2.161
1012,A,rx,2393,0,30,8408.638,2.135
1013,B,rx,2396,0,30,8413.367,1.606
1014,A,rx,2399,0,30,8417.760,1.784
1015,B,rx,2402,0,30,8422.509,1.805
1016,A,rx,2405,0,30,8426.771,1.732
1017,B,rx,2407,0,30,8430.244,1.701
1018,A,rx,2409,0,30,8433.300,1.969
1019,B,rx,2412,0,30,8437.775,1.770
1020,A,rx,2415,0,30,8442.086,2.130
1021,B,rx,2417,0,30,8445.400,1.655
1022,A,rx,2419,0,30,8449.344,1.641
1023,B,rx,2421,0,30,8452.492,1.623
1024,A,rx,2423,0,30,8455.935,1.604
1025,B,rx,2426,0,30,8460.494,2.004
1026,A,rx,2429,0,30,8466.081,1.652
1027,B,rx,2430,0,30,8467.797,1.670
1028,A,rx,2433,0,30,8471.266,1.628
1029,B,rx,2436,0,30,8475.590,1.631
1030,A,rx,2438,0,30,8478.963,1.655
1031,B,rx,2440,0,30,8482.081,1.979
1032,A,rx,2443,0,30,8486.466,1.666
1033,B,rx,2446,0,30,8491.417,2.055
1034,A,rx,2449,0,30,8495.942,1.819
1035,B,rx,2452,0,30,8500.547,2.195
1036,A,rx,2455,0,30,8505.216,2.255
1037,B,rx,2458,0,30,8510.021,2.217
1038,A,rx,2459,0,30,8512.315,1.983
1039,B,rx,2462,0,30,8515.941,1.663
1040,A,rx,2465,0,30,8520.526,1.671
1041,B,rx,2467,0,30,8523.716,1.684
1042,A,rx,2469,0,30,8526.817,1.632
1043,B,rx,2471,0,30,8529.526,1.599
1044,A,rx,2473,0,30,8532.626,2.162
1045,B,rx,2476,0,30,8537.569,1.537
1046,A,rx,2477,0,30,8539.168,1.631
1047,B,rx,2479,0,30,8542.533,2.204
1048,A,rx,2480,0,30,8544.806,1.724
1049,B,rx,2483,0,30,8548.447,1.541
1050,A,rx,2486,0,30,8552.767,1.728
1051,B,rx,2488,0,30,8555.917,1.612
1052,A,rx,2490,0,30,8559.258,1.601
1053,B,rx,2492,0,30,8562.165,2.234
1054,A,rx,2495,0,30,8566.847,1.601
1055,B,rx,2498,0,30,8570.962,1.712
1056,A,rx,2500,0,30,8574.428,1.559
1057,B,rx,2502,0,30,8577.300,1.608
1058,A,rx,2504,0,30,8581.321,1.788
1059,B,rx,2506,0,30,8584.590,1.653
1060,A,rx,2508,0,30,8588.179,1.615
1061,B,rx,2511,0,30,8592.515,1.842
1062,A,rx,2514,0,30,8597.319,1.544
1063,B,rx,2517,0,30,8601.585,1.595
1064,A,rx,2519,0,30,8604.703,1.616
1065,B,rx,2521,0,30,8607.829,1.740
1066,A,rx,2523,0,30,8610.853,1.705
1067,B,rx,2525,0,30,8614.348,1.617
1068,A,rx,2527,0,30,8617.733,1.902
1069,B,rx,2528,0,30,8619.714,2.256
1070,A,rx,2531,0,30,8623.738,2.224
1071,B,rx,2534,0,30,8628.147,1.671
1072,A,rx,2536,0,30,8631.450,1.727
1073,B,rx,2538,0,30,8634.506,1.768
1074,A,rx,2540,0,30,8637.730,1.722
1075,B,rx,2543,0,30,8641.941,1.696
1076,A,rx,2546,0,30,8646.282,1.566
1077,B,rx,2548,0,30,8649.541,1.642
1078,A,rx,2550,0,30,8652.496,2.123
1079,B,rx,2553,0,30,8657.554,1.623
1080,A,rx,2556,0,30,8662.101,1.698
1081,B,rx,2559,0,30,8666.675,1.621
1082,A,rx,2561,0,30,8670.041,1.954
1083,B,rx,2564,0,30,8674.304,1.708
1084,A,rx,2567,0,30,8678.897,1.790
1085,B,rx,2569,0,30,8682.072,2.169
1086,A,rx,2572,0,30,8686.612,1.643
1087,B,rx,2575,0,30,8690.912,1.849
1088,A,rx,2577,0,30,8694.447,1.897
1089,B,rx,2580,0,30,8699.317,1.639
1090,A,rx,2583,0,30,8703.853,2.226
1091,B,rx,2586,0,30,8710.199,2.181
1092,A,rx,2587,0,30,8712.470,2.294
1093,B,rx,2591,0,30,8717.556,1.708
1094,A,rx,2593,0,30,8720.822,2.243
1095,B,rx,2596,0,30,8725.399,1.660
1096,A,rx,2599,0,30,8729.630,1.724
1097,B,rx,2601,0,30,8732.968,1.696
1098,A,rx,2603,0,30,8736.167,1.696
1099,B,rx,2605,0,30,8738.930,2.135
1100,A,rx,2608,0,30,8743.745,1.731
1101,B,rx,2609,0,30,8745.528,1.734
1102,A,rx,2612,0,30,8750.005,1.616
1103,B,rx,2615,0,30,8754.602,1.850
1104,A,rx,2618,0,30,8759.170,1.701
1105,B,rx,2620,0,30,8762.421,1.821
1106,A,rx,2622,0,30,8765.488,1.629
1107,B,rx,2624,0,30,8768.503,1.641
1108,A,rx,2626,0,30,8771.474,2.268
1109,B,rx,2629,0,30,8776.387,1.697
1110,A,rx,2632,0,30,8781.063,1.642
1111,B,rx,2635,0,30,8785.567,2.087
1112,A,rx,2637,0,30,8788.918,2.302
1113,B,rx,2640,0,30,8793.491,2.249
1114,A,rx,2641,0,30,8795.809,1.972
1115,B,rx,2644,0,30,8799.534,2.143
1116,A,rx,2647,0,30,8803.895,2.285
1117,B,rx,2650,0,30,8808.626,2.251
1118,A,rx,2653,0,30,8812.950,2.095
1119,B,rx,2655,0,30,8816.196,1.907
1120,A,rx,2657,0,30,8819.233,1.652
1121,B,rx,2659,0,30,8822.721,1.686
1122,A,rx,2662,0,30,8827.412,2.199
1123,B,rx,2665,0,30,8832.015,2.270
1124,A,rx,2668,0,30,8836.244,2.227
1125,B,rx,2670,0,30,8840.505,1.676
1126,A,rx,2672,0,30,8843.555,2.198
1127,B,rx,2675,0,30,8848.187,1.787
1128,A,rx,2678,0,30,8852.551,1.627
1129,B,rx,2680,0,30,8855.835,2.042
1130,A,rx,2682,0,30,8858.873,1.607
1131,B,rx,2684,0,30,8861.905,2.327
1132,A,rx,2687,0,30,8866.944,2.324
1133,B,rx,2690,0,30,8871.690,2.207
1134,A,rx,2691,0,30,8873.983,2.188
1135,B,rx,2695,0,30,8878.889,1.797
1136,A,rx,2697,0,30,8882.249,1.959
1137,B,rx,2699,0,30,8885.267,1.649
1138,A,rx,2701,0,30,8888.437,1.478
1139,B,rx,2703,0,30,8891.838,1.729
1140,A,rx,2706,0,30,8896.286,1.651
1141,B,rx,2708,0,30,8899.365,1.620
1142,A,rx,2710,0,30,8902.831,1.833
1143,B,rx,2713,0,30,8907.142,1.650
1144,A,rx,2716,0,30,8911.343,1.596
1145,B,rx,2718,0,30,8914.763,1.690
1146,A,rx,2720,0,30,8918.229,1.904
1147,B,rx,2723,0,30,8922.789,2.342
1148,A,rx,2726,0,30,8927.434,1.695
1149,B,rx,2729,0,30,8931.851,1.803
1150,A,rx,2731,0,30,8934.979,1.799
1151,B,rx,2733,0,30,8938.381,1.564
1152,A,rx,2735,0,30,8941.229,1.647
1153,B,rx,2737,0,30,8944.210,1.769
1154,A,rx,2739,0,30,8947.199,1.929
1155,B,rx,2741,0,30,8950.792,1.632
1156,A,rx,2744,0,30,8955.114,1.950
1157,B,rx,2746,0,30,8958.666,2.178
1158,A,rx,2749,0,30,8962.954,2.005
1159,B,rx,2752,0,30,8967.462,1.731
1160,A,rx,2754,0,30,8971.320,1.724
1161,B,rx,2756,0,30,8974.446,1.763
1162,A,rx,2758,0,30,8977.533,1.811
1163,B,rx,2760,0,30,8981.171,1.851
1164,A,rx,2763,0,30,8985.712,1.632
1165,B,rx,2766,0,30,8990.468,1.590
1166,A,rx,2769,0,30,8994.848,1.772
1167,B,rx,2771,0,30,8997.942,2.078
1168,A,rx,2773,0,30,9001.035,1.859
1169,B,rx,2775,0,30,9004.024,1.657
1170,A,rx,2777,0,30,9007.228,1.564
1171,B,rx,2779,0,30,9010.304,1.857
1172,A,rx,2781,0,30,9013.131,2.062
1173,B,rx,2783,0,30,9016.405,1.611
1174,A,rx,2785,0,30,9019.239,1.607
1175,B,rx,2787,0,30,9022.346,1.844
1176,A,rx,2789,0,30,9025.549,2.188
1177,B,rx,2792,0,30,9030.399,1.834
1178,A,rx,2795,0,30,9035.304,1.903
1179,B,rx,2796,0,30,9037.281,1.987
1180,A,rx,2799,0,30,9041.357,2.099
1181,B,rx,2802,0,30,9045.601,1.543
1182,A,rx,2804,0,30,9048.932,1.507
1183,B,rx,2806,0,30,9051.959,2.138
1184,A,rx,2809,0,30,9056.640,1.674
1185,B,rx,2812,0,30,9061.054,1.755
1186,A,rx,2814,0,30,9064.095,1.686
1187,B,rx,2816,0,30,9067.052,1.671
1188,A,rx,2818,0,30,9070.202,1.656
1189,B,rx,2820,0,30,9073.741,1.736
1190,A,rx,2823,0,30,9078.461,1.951
1191,B,rx,2826,0,30,9083.073,2.055
1192,A,rx,2827,0,30,9085.187,1.718
1193,B,rx,2830,0,30,9088.897,1.665
1194,A,rx,2833,0,30,9093.231,2.439
1195,B,rx,2836,0,30,9099.604,1.828
1196,A,rx,2838,0,30,9102.870,1.709
1197,B,rx,2840,0,30,9106.148,2.037
1198,A,rx,2843,0,30,9110.430,1.516
1199,B,rx,2846,0,30,9115.408,1.823
1200,A,rx,2849,0,30,9119.871,1.626
1201,B,rx,2851,0,30,9122.957,1.689
1202,A,rx,2853,0,30,9126.217,2.329
1203,B,rx,2856,0,30,9130.774,2.337
1204,A,rx,2859,0,30,9135.109,1.681
1205,B,rx,2861,0,30,9138.315,2.303
1206,A,rx,2864,0,30,9143.471,1.789
1207,B,rx,2867,0,30,9147.918,2.349
1208,A,rx,2870,0,30,9152.301,1.684
1209,B,rx,2872,0,30,9155.577,2.437
1210,A,rx,2875,0,30,9160.143,1.973
1211,B,rx,2878,0,30,9164.573,2.175
1212,A,rx,2881,0,30,9169.092,1.675
1213,B,rx,2884,0,30,9173.746,1.656
1214,A,rx,2886,0,30,9176.694,1.623
1215,B,rx,2888,0,30,9179.720,1.544
1216,A,rx,2890,0,30,9182.695,1.670
1217,B,rx,2892,0,30,9186.503,1.801
1218,A,rx,2895,0,30,9190.794,1.743
1219,B,rx,2898,0,30,9195.986,1.682
1220,A,rx,2901,0,30,9201.021,1.672
1221,B,rx,2904,0,30,9205.720,1.741
1222,A,rx,2907,0,30,9210.218,1.612
1223,B,rx,2909,0,30,9213.906,1.723
1224,A,rx,2912,0,30,9218.512,2.361
1225,B,rx,2915,0,30,9223.161,1.899
1226,A,rx,2918,0,30,9227.386,1.684
1227,B,rx,2920,0,30,9231.514,1.578
1228,A,rx,2922,0,30,9235.258,1.706
1229,B,rx,2925,0,30,9239.579,2.124
1230,A,rx,2927,0,30,9242.894,1.770
1231,B,rx,2929,0,30,9245.872,1.980
1232,A,rx,2931,0,30,9248.963,1.637
1233,B,rx,2933,0,30,9252.579,1.722
1234,A,rx,2936,0,30,9257.084,1.716
1235,B,rx,2938,0,30,9260.263,2.151
1236,A,rx,2941,0,30,9265.087,1.662
1237,B,rx,2942,0,30,9266.805,1.665
1238,A,rx,2945,0,30,9271.198,1.777
1239,B,rx,2948,0,30,9275.936,1.755
1240,A,rx,2951,0,30,9280.234,2.261
1241,B,rx,2953,0,30,9283.670,2.052
1242,A,rx,2956,0,30,9288.125,1.689
1243,B,rx,2959,0,30,9292.490,1.792
1244,A,rx,2961,0,30,9295.837,1.682
1245,B,rx,2963,0,30,9298.786,1.571
1246,A,rx,2965,0,30,9301.689,1.595
1247,B,rx,2967,0,30,9304.959,1.767
1248,A,rx,2969,0,30,9307.788,2.127
1249,B,rx,2971,0,30,9310.823,1.678
1250,A,rx,2973,0,30,9314.418,1.706
1251,B,rx,2976,0,30,9318.851,1.976
1252,A,rx,2979,0,30,9323.511,1.619
1253,B,rx,2981,0,30,9326.610,1.574
1254,A,rx,2983,0,30,9329.778,1.622
1255,B,rx,2986,0,30,9334.325,1.566
1256,A,rx,2988,0,30,9337.411,1.649
1257,B,rx,2990,0,30,9340.365,1.543
1258,A,rx,2992,0,30,9343.219,1.683
1259,B,rx,2994,0,30,9346.407,1.863
1260,A,rx,2996,0,30,9349.512,1.612
1261,B,rx,2998,0,30,9352.522,1.777
1262,A,rx,3000,0,30,9684.891,1.853
1263,B,rx,3003,0,30,9688.660,1.630
1264,A,rx,3005,0,30,9691.789,1.411
1265,B,rx,3007,0,30,9694.819,1.528
1266,A,rx,3009,0,30,9697.878,1.825
1267,B,rx,3012,0,30,9702.529,1.596
1268,A,rx,3014,0,30,9705.324,1.672
1269,B,rx,3016,0,30,9708.145,1.722
1270,A,rx,3019,0,30,9712.000,1.624
1271,B,rx,3021,0,30,9715.141,1.666
1272,A,rx,3024,0,30,9719.853,1.985
1273,B,rx,3027,0,30,9724.054,1.693
1274,A,rx,3030,0,30,9728.437,1.998
1275,B,rx,3031,0,30,9730.497,1.685
1276,A,rx,3034,0,30,9734.181,1.753
1277,B,rx,3037,0,30,9738.694,2.240
1278,A,rx,3038,0,30,9741.007,2.114
1279,B,rx,3042,0,30,9745.636,1.724
1280,A,rx,3044,0,30,9749.855,1.636
1281,B,rx,3046,0,30,9752.981,1.755
1282,A,rx,3049,0,30,9757.413,1.704
1283,B,rx,3052,0,30,9761.633,1.933
1284,A,rx,3055,0,30,9766.125,1.671
1285,B,rx,3056,0,30,9767.878,2.084
1286,A,rx,3059,0,30,9771.843,1.725
1287,B,rx,3060,0,30,9773.624,1.756
1288,A,rx,3063,0,30,9777.285,1.644
1289,B,rx,3065,0,30,9780.374,1.538
1290,A,rx,3068,0,30,9784.784,1.982
1291,B,rx,3071,0,30,9788.916,1.657
1292,A,rx,3074,0,30,9793.537,2.137
1293,B,rx,3075,0,30,9795.755,2.246
1294,A,rx,3079,0,30,9801.585,2.232
1295,B,rx,3080,0,30,9803.878,1.797
1296,A,rx,3083,0,30,9806.849,2.155
1297,B,rx,3086,0,30,9811.348,1.687
1298,A,rx,3089,0,30,9815.392,1.535
1299,B,rx,3091,0,30,9818.390,1.696
1300,A,rx,3094,0,30,9822.618,1.664
1301,B,rx,3095,0,30,9825.314,1.608
1302,A,rx,3098,0,30,9828.941,1.803
1303,B,rx,3099,0,30,9830.795,1.573
1304,A,rx,3102,0,30,9834.154,1.964
1305,B,rx,3105,0,30,9838.105,1.891
1306,A,rx,3107,0,30,9841.269,1.552
1307,B,rx,3109,0,30,9844.274,1.654
1308,A,rx,3112,0,30,9848.276,1.718
1309,B,rx,3114,0,30,9851.400,1.610
1310,A,rx,3117,0,30,9855.969,1.569
1311,B,rx,3119,0,30,9859.012,2.175
1312,A,rx,3122,0,30,9863.251,1.986
1313,B,rx,3125,0,30,9867.756,2.173
1314,A,rx,3128,0,30,9871.623,1.617
1315,B,rx,3130,0,30,9874.904,1.744
1316,A,rx,3133,0,30,9879.952,2.228
1317,B,rx,3136,0,30,9884.567,2.154
1318,A,rx,3137,0,30,9886.816,2.662
1319,B,rx,3141,0,30,9891.710,1.832
1320,A,rx,3144,0,30,9896.196,2.193
1321,B,rx,3147,0,30,9900.091,1.659
1322,A,rx,3149,0,30,9903.329,1.616
1323,B,rx,3152,0,30,9907.194,1.987
1324,A,rx,3154,0,30,9910.292,1.676
1325,B,rx,3157,0,30,9914.885,1.790
1326,A,rx,3160,0,30,9918.965,1.762
1327,B,rx,3163,0,30,9923.614,1.979
1328,A,rx,3164,0,30,9925.650,2.091
1329,B,rx,3167,0,30,9929.430,1.658
1330,A,rx,3168,0,30,9931.143,1.667
1331,B,rx,3171,0,30,9935.222,1.643
1332,A,rx,3174,0,30,9939.398,1.653
1333,B,rx,3177,0,30,9943.766,1.849
1334,A,rx,3180,0,30,9947.775,1.841
1335,B,rx,3182,0,30,9950.984,1.804
1336,A,rx,3185,0,30,9954.792,1.582
1337,B,rx,3187,0,30,9957.866,2.308
1338,A,rx,3189,0,30,9961.522,1.988
1339,B,rx,3192,0,30,9965.529,2.114
1340,A,rx,3195,0,30,9970.001,2.460
1341,B,rx,3196,0,30,9972.576,2.542
1342,A,rx,3200,0,30,9977.139,1.722
1343,B,rx,3201,0,30,9978.922,1.712
1344,A,rx,3204,0,30,9982.680,2.465
1345,B,rx,3207,0,30,9987.235,2.563
1346,A,rx,3208,0,30,9989.907,2.652
1347,B,rx,3212,0,30,9994.408,2.129
1348,A,rx,3213,0,30,9996.608,1.876
1349,B,rx,3216,0,30,10000.593,2.304
1350,A,rx,3217,0,30,10003.002,2.586
1351,B,rx,3221,0,30,10007.717,2.951
1352,A,rx,3224,0,30,10012.688,2.693
1353,B,rx,3227,0,30,10017.249,2.014
1354,A,rx,3230,0,30,10021.168,1.986
1355,B,rx,3232,0,30,10024.358,1.912
1356,A,rx,3235,0,30,10028.828,2.044
1357,B,rx,3238,0,30,10033.007,2.685
1358,A,rx,3242,0,30,10038.497,2.124
1359,B,rx,3244,0,30,10042.399,3.172
1360,A,rx,3248,0,30,10047.647,2.568
1361,B,rx,3251,0,30,10052.514,2.683
1362,A,rx,3252,0,30,10055.325,3.406
1363,B,rx,3257,0,30,10060.893,2.145
1364,A,rx,3260,0,30,10065.447,2.149
1365,B,rx,3261,0,30,10067.676,1.971
1366,A,rx,3265,0,30,10072.120,3.130
1367,B,rx,3269,0,30,10078.368,2.379
1368,A,rx,3272,0,30,10082.310,2.779
1369,B,rx,3275,0,30,10086.714,2.041
1370,A,rx,3277,0,30,10090.045,2.795
1371,B,rx,3278,0,30,10093.002,2.249
1372,A,rx,3282,0,30,10097.182,2.733
1373,B,rx,3283,0,30,10100.024,2.681
1374,A,rx,3288,0,30,10105.550,1.993
1375,B,rx,3291,0,30,10109.707,2.171
1376,A,rx,3294,0,30,10114.372,2.383
1377,B,rx,3295,0,30,10116.829,2.047
1378,A,rx,3299,0,30,10121.561,1.993
1379,B,rx,3300,0,30,10123.631,1.809
1380,A,rx,3303,0,30,10127.151,2.864
1381,B,rx,3307,0,30,10133.127,2.084
1382,A,rx,3310,0,30,10137.256,2.090
1383,B,rx,3312,0,30,10141.352,1.942
1384,A,rx,3315,0,30,10145.789,1.959
1385,B,rx,3318,0,30,10150.245,1.715
1386,A,rx,3321,0,30,10154.039,1.638
1387,B,rx,3323,0,30,10157.186,1.531
1388,A,rx,3325,0,30,10160.248,2.279
1389,B,rx,3328,0,30,10164.421,1.929
1390,A,rx,3330,0,30,10167.834,1.514
1391,B,rx,3332,0,30,10170.523,1.510
1392,A,rx,3334,0,30,10173.461,1.643
1393,B,rx,3337,0,30,10178.058,1.603
1394,A,rx,3340,0,30,10182.203,1.630
1395,B,rx,3343,0,30,10186.703,2.202
1396,A,rx,3344,0,30,10188.962,1.720
1397,B,rx,3347,0,30,10192.439,1.675
1398,A,rx,3350,0,30,10196.675,1.627
1399,B,rx,3353,0,30,10200.815,1.603
1400,A,rx,3355,0,30,10203.937,1.817
1401,B,rx,3357,0,30,10207.482,1.607
1402,A,rx,3359,0,30,10210.227,1.833
1403,B,rx,3361,0,30,10213.460,2.182
1404,A,rx,3364,0,30,10217.169,2.242
1405,B,rx,3367,0,30,10221.884,2.253
1406,A,rx,3370,0,30,10226.228,1.906
1407,B,rx,3371,0,30,10228.217,1.812
1408,A,rx,3374,0,30,10231.937,1.577
1409,B,rx,3377,0,30,10235.993,2.206
1410,A,rx,3380,0,30,10240.439,1.769
1411,B,rx,3383,0,30,10244.375,1.594
1412,A,rx,3385,0,30,10247.662,1.493
1413,B,rx,3388,0,30,10252.306,1.921
1414,A,rx,3391,0,30,10256.290,1.713
1415,B,rx,3394,0,30,10260.728,1.620
1416,A,rx,3397,0,30,10264.916,2.228
1417,B,rx,3400,0,30,10270.715,2.001
1418,A,rx,3401,0,30,10272.773,1.825
1419,B,rx,3404,0,30,10275.952,1.621
1420,A,rx,3406,0,30,10279.076,1.623
1421,B,rx,3409,0,30,10283.619,2.234
1422,A,rx,3412,0,30,10287.958,2.177
1423,B,rx,3413,0,30,10290.214,2.017
1424,A,rx,3416,0,30,10293.278,1.676
1425,B,rx,3418,0,30,10296.612,1.601
1426,A,rx,3421,0,30,10300.953,1.696
1427,B,rx,3424,0,30,10305.075,2.106
1428,A,rx,3427,0,30,10309.545,1.576
1429,B,rx,3430,0,30,10313.568,2.221
1430,A,rx,3432,0,30,10316.871,1.653
1431,B,rx,3435,0,30,10320.618,1.637
1432,A,rx,3437,0,30,10323.874,1.659
1433,B,rx,3439,0,30,10326.931,1.589
1434,A,rx,3442,0,30,10330.730,2.101
1435,B,rx,3444,0,30,10334.118,1.743
1436,A,rx,3447,0,30,10338.466,1.619
1437,B,rx,3449,0,30,10341.156,1.504
1438,A,rx,3451,0,30,10344.768,1.867
1439,B,rx,3454,0,30,10348.760,1.778
1440,A,rx,3457,0,30,10353.486,1.725
1441,B,rx,3460,0,30,10357.267,2.009
1442,A,rx,3462,0,30,10360.765,2.033
1443,B,rx,3465,0,30,10365.185,1.578
1444,A,rx,3468,0,30,10369.104,1.658
1445,B,rx,3471,0,30,10373.400,1.647
1446,A,rx,3474,0,30,10377.477,1.703
1447,B,rx,3476,0,30,10381.241,1.714
1448,A,rx,3479,0,30,10385.332,1.908
1449,B,rx,3482,0,30,10389.799,1.753
1450,A,rx,3483,0,30,10391.609,1.973
1451,B,rx,3486,0,30,10395.590,1.613
1452,A,rx,3489,0,30,10400.896,1.658
1453,B,rx,3491,0,30,10404.038,1.569
1454,A,rx,3494,0,30,10407.897,1.597
1455,B,rx,3496,0,30,10411.142,1.959
1456,A,rx,3498,0,30,10414.550,1.588
1457,B,rx,3501,0,30,10418.153,2.326
1458,A,rx,3504,0,30,10422.945,1.944
1459,B,rx,3507,0,30,10427.317,1.619
1460,A,rx,3508,0,30,10429.026,2.350
1461,B,rx,3511,0,30,10433.144,1.811
1462,A,rx,3514,0,30,10437.198,1.640
1463,B,rx,3517,0,30,10441.538,2.048
1464,A,rx,3520,0,30,10445.669,2.179
1465,B,rx,3522,0,30,10448.821,1.877
1466,A,rx,3525,0,30,10452.929,1.660
1467,B,rx,3527,0,30,10456.113,1.850
1468,A,rx,3529,0,30,10459.078,1.674
1469,B,rx,3532,0,30,10462.896,1.616
1470,A,rx,3534,0,30,10466.162,2.155
1471,B,rx,3537,0,30,10470.860,1.656
1472,A,rx,3538,0,30,10472.595,2.245
1473,B,rx,3541,0,30,10476.386,1.754
1474,A,rx,3544,0,30,10480.191,1.650
1475,B,rx,3546,0,30,10483.416,1.687
1476,A,rx,3548,0,30,10486.664,1.685
1477,B,rx,3551,0,30,10490.280,1.605
1478,A,rx,3553,0,30,10493.429,2.155
1479,B,rx,3556,0,30,10498.076,1.809
1480,A,rx,3559,0,30,10502.220,1.700
1481,B,rx,3562,0,30,10506.769,1.711
1482,A,rx,3563,0,30,10508.538,1.669
1483,B,rx,3566,0,30,10512.436,1.520
1484,A,rx,3569,0,30,10516.853,1.955
1485,B,rx,3570,0,30,10518.882,2.430
1486,A,rx,3574,0,30,10523.809,1.651
1487,B,rx,3577,0,30,10527.907,1.609
1488,A,rx,3579,0,30,10531.885,1.677
1489,B,rx,3580,0,34,10534.809,1.629
1490,A,rx,3584,0,30,10539.197,1.666
1491,B,rx,3586,0,30,10542.440,1.759
1492,A,rx,3589,0,30,10546.325,1.679
1493,B,rx,3591,0,30,10549.598,1.558
1494,A,rx,3594,0,30,10553.984,2.215
1495,B,rx,3597,0,30,10558.101,1.683
1496,A,rx,3600,0,30,10562.515,1.651
1497,B,rx,3601,0,30,10564.222,1.699
1498,A,rx,3604,0,30,10568.276,2.010
1499,B,rx,3607,0,30,10572.607,1.617
1500,A,rx,3608,0,30,10574.301,2.349
1501,B,rx,3611,0,30,10578.612,1.572
1502,A,rx,3612,0,30,10580.261,2.683
1503,B,rx,3615,0,30,10584.007,1.726
1504,A,rx,3617,0,30,10587.313,1.996
1505,B,rx,3620,0,30,10591.012,1.741
1506,A,rx,3622,0,30,10594.106,1.655
1507,B,rx,3625,0,30,10598.582,1.595
1508,A,rx,3627,0,30,10601.109,1.560
1509,B,rx,3629,0,30,10604.361,1.603
1510,A,rx,3632,0,30,10608.103,1.615
1511,B,rx,3634,0,30,10611.448,1.640
1512,A,rx,3636,0,30,10614.339,1.599
1513,B,rx,3639,0,30,10618.385,1.580
1514,A,rx,3641,0,30,10621.620,2.238
1515,B,rx,3644,0,30,10626.133,1.787
1516,A,rx,3647,0,30,10630.110,2.148
1517,B,rx,3650,0,30,10634.463,1.633
1518,A,rx,3651,0,30,10636.163,2.468
1519,B,rx,3654,0,30,10640.311,1.679
1520,A,rx,3657,0,30,10644.720,1.585
1521,B,rx,3660,0,30,10648.721,1.778
1522,A,rx,3663,0,30,10652.826,2.182
1523,B,rx,3665,0,30,10656.298,1.814
1524,A,rx,3668,0,30,10661.682,2.199
1525,B,rx,3671,0,30,10665.763,2.002
1526,A,rx,3674,0,30,10670.096,1.642
1527,B,rx,3677,0,30,10674.073,1.612
1528,A,rx,3679,0,30,10677.521,1.706
1529,B,rx,3682,0,30,10681.235,1.728
1530,A,rx,3684,0,30,10684.676,1.644
1531,B,rx,3687,0,30,10689.110,2.258
1532,A,rx,3690,0,30,10693.222,1.608
1533,B,rx,3693,0,30,10697.777,1.836
1534,A,rx,3694,0,30,10699.675,1.912
1535,B,rx,3695,0,30,10701.642,1.683
1536,A,rx,3698,0,30,10705.360,1.708
1537,B,rx,3701,0,30,10709.463,1.580
1538,A,rx,3704,0,30,10713.860,1.643
1539,B,rx,3705,0,30,10715.558,1.805
1540,A,rx,3708,0,30,10719.887,1.832
1541,B,rx,3711,0,30,10724.574,1.854
1542,A,rx,3714,0,30,10729.057,1.970
1543,B,rx,3715,0,30,10731.078,1.981
1544,A,rx,3718,0,30,10734.989,1.694
1545,B,rx,3721,0,30,10739.048,2.228
1546,A,rx,3722,0,30,10741.345,2.007
1547,B,rx,3725,0,30,10744.959,2.212
1548,A,rx,3728,0,30,10749.114,1.543
1549,B,rx,3731,0,30,10753.507,2.004
1550,A,rx,3734,0,30,10757.449,2.192
1551,B,rx,3736,0,30,10760.896,1.539
1552,A,rx,3739,0,30,10764.710,1.594
1553,B,rx,3741,0,30,10768.033,1.523
1554,A,rx,3743,0,30,10770.976,1.548
1555,B,rx,3746,0,30,10775.531,1.640
1556,A,rx,3749,0,30,10779.823,1.733
1557,B,rx,3752,0,30,10783.976,1.716
1558,A,rx,3754,0,30,10787.240,1.665
1559,B,rx,3756,0,30,10791.158,1.922
1560,A,rx,3757,0,30,10793.152,1.657
1561,B,rx,3760,0,30,10796.723,1.556
1562,A,rx,3762,0,30,10799.905,2.178
1563,B,rx,3765,0,30,10804.034,1.694
1564,A,rx,3768,0,30,10808.426,1.919
1565,B,rx,3771,0,30,10812.419,1.616
1566,A,rx,3773,0,30,10815.607,1.611
1567,B,rx,3776,0,30,10819.404,1.559
1568,A,rx,3778,0,30,10822.588,1.902
1569,B,rx,3781,0,30,10827.332,1.645
1570,A,rx,3784,0,30,10831.439,1.858
1571,B,rx,3787,0,30,10835.862,1.637
1572,A,rx,3788,0,30,10837.558,2.453
1573,B,rx,3791,0,30,10841.529,1.699
1574,A,rx,3794,0,30,10846.017,1.952
1575,B,rx,3795,0,30,10848.035,1.834
1576,A,rx,3798,0,30,10851.768,1.631
1577,B,rx,3801,0,30,10856.290,1.581
1578,A,rx,3802,0,30,10857.924,1.589
1579,B,rx,3805,0,30,10862.171,1.891
1580,A,rx,3806,0,30,10864.133,1.817
1581,B,rx,3809,0,30,10867.735,1.690
1582,A,rx,3812,0,30,10872.034,2.158
1583,B,rx,3815,0,30,10876.231,2.040
1584,A,rx,3818,0,30,10880.443,1.744
1585,B,rx,3821,0,30,10884.564,1.751
1586,A,rx,3823,0,30,10887.946,2.141
1587,B,rx,3826,0,30,10892.571,2.073
1588,A,rx,3827,0,30,10894.728,1.928
1589,B,rx,3830,0,30,10898.105,1.980
1590,A,rx,3833,0,30,10902.517,1.601
1591,B,rx,3836,0,30,10906.590,2.222
1592,A,rx,3839,0,30,10910.928,2.160
1593,B,rx,3840,0,30,10913.149,1.629
1594,A,rx,3843,0,30,10916.740,1.548
1595,B,rx,3845,0,30,10920.711,1.593
1596,A,rx,3847,0,30,10923.477,1.529
1597,B,rx,3849,0,30,10926.303,1.693
1598,A,rx,3851,0,30,10929.457,1.605
1599,B,rx,3853,0,30,10932.428,2.096
1600,A,rx,3856,0,30,10936.643,1.643
1601,B,rx,3858,0,30,10939.601,2.224
1602,A,rx,3861,0,30,10944.104,1.571
1603,B,rx,3864,0,30,10948.202,1.688
1604,A,rx,3867,0,30,10952.526,1.681
1605,B,rx,3868,0,30,10954.372,1.754
1606,A,rx,3871,0,30,10958.446,1.851
1607,B,rx,3874,0,30,10962.932,1.561
1608,A,rx,3875,0,30,10964.562,1.593
1609,B,rx,3878,0,30,10968.512,1.656
1610,A,rx,3881,0,30,10972.878,1.642
1611,B,rx,3882,0,30,10974.582,1.663
1612,A,rx,3885,0,30,10978.685,1.600
1613,B,rx,3888,0,30,10982.786,2.118
1614,A,rx,3891,0,30,10987.097,1.640
1615,B,rx,3894,0,30,10991.220,1.987
1616,A,rx,3896,0,30,10994.527,1.697
1617,B,rx,3899,0,30,10998.237,1.747
1618,A,rx,3901,0,30,11001.389,1.630
1619,B,rx,3903,0,30,11004.619,1.709
1620,A,rx,3906,0,30,11008.536,2.245
1621,B,rx,3909,0,30,11013.242,2.432
1622,A,rx,3912,0,30,11017.669,1.761
1623,B,rx,3913,0,30,11019.523,1.620
1624,A,rx,3916,0,30,11023.575,1.568
1625,B,rx,3917,0,30,11025.189,1.581
1626,A,rx,3920,0,30,11028.932,1.642
1627,B,rx,3923,0,30,11033.509,1.897
1628,A,rx,3926,0,30,11037.832,1.962
1629,B,rx,3929,0,30,11042.093,1.631
1630,A,rx,3930,0,30,11043.782,1.438
1631,B,rx,3932,0,30,11046.304,1.566
1632,A,rx,3934,0,30,11050.323,1.801
1633,B,rx,3937,0,30,11054.521,1.857
1634,A,rx,3939,0,30,11057.694,1.681
1635,B,rx,3942,0,30,11062.039,1.660
1636,A,rx,3945,0,30,11066.564,1.629
1637,B,rx,3948,0,30,11070.479,2.188
1638,A,rx,3949,0,30,11072.727,2.128
1639,B,rx,3953,0,30,11077.668,2.075
1640,A,rx,3956,0,30,11081.570,1.635
1641,B,rx,3958,0,30,11084.875,1.828
1642,A,rx,3961,0,30,11088.634,2.225
1643,B,rx,3963,0,30,11091.933,1.574
1644,A,rx,3965,0,30,11094.915,2.116
1645,B,rx,3967,0,30,11098.185,1.649
1646,A,rx,3970,0,30,11102.050,1.803
1647,B,rx,3972,0,30,11105.199,1.530
1648,A,rx,3975,0,30,11109.779,1.691
1649,B,rx,3978,0,30,11113.842,1.630
1650,A,rx,3981,0,30,11118.257,1.987
1651,B,rx,3984,0,30,11122.265,2.125
1652,A,rx,3987,0,30,11126.883,1.469
1653,B,rx,3989,0,30,11129.649,1.832
1654,A,rx,3991,0,30,11132.703,1.467
1655,B,rx,3994,0,30,11136.461,1.952
1656,A,rx,3996,0,30,11139.780,1.739
1657,B,rx,3998,0,30,11142.748,1.992
1658,A,rx,4000,0,30,11476.815,1.926
1659,B,rx,4003,0,30,11481.623,1.586
1660,A,rx,4006,0,30,11485.733,1.619
1661,B,rx,4009,0,30,11489.541,1.508
1662,A,rx,4011,0,30,11492.477,1.625
1663,B,rx,4014,0,30,11496.245,1.566
1664,A,rx,4015,0,30,11497.866,1.592
1665,B,rx,4018,0,30,11501.363,1.531
1666,A,rx,4021,0,30,11505.364,1.864
1667,B,rx,4024,0,30,11509.496,2.172
1668,A,rx,4027,0,30,11513.691,2.240
1669,B,rx,4030,0,30,11517.511,1.502
1670,A,rx,4033,0,30,11521.610,1.601
1671,B,rx,4036,0,30,11525.850,1.608
1672,A,rx,4039,0,30,11529.737,2.250
1673,B,rx,4042,0,30,11533.845,1.619
1674,A,rx,4043,0,30,11535.533,1.768
1675,B,rx,4046,0,30,11538.894,1.553
1676,A,rx,4049,0,30,11542.881,2.153
1677,B,rx,4052,0,30,11546.976,2.161
1678,A,rx,4055,0,30,11551.159,1.616
1679,B,rx,4058,0,30,11555.261,2.178
1680,A,rx,4061,0,30,11559.317,1.495
1681,B,rx,4064,0,30,11563.100,1.528
1682,A,rx,4067,0,30,11567.251,1.638
1683,B,rx,4069,0,30,11571.089,1.828
1684,A,rx,4072,0,30,11575.034,1.612
1685,B,rx,4075,0,30,11579.223,1.764
1686,A,rx,4078,0,30,11583.231,1.646
1687,B,rx,4081,0,30,11587.311,2.167
1688,A,rx,4084,0,30,11591.238,1.528
1689,B,rx,4086,0,30,11593.856,1.774
1690,A,rx,4089,0,30,11597.816,1.513
1691,B,rx,4092,0,30,11601.764,1.687
1692,A,rx,4095,0,30,11605.906,2.038
1693,B,rx,2,0,30,11609.925,2.163
1694,A,rx,5,0,30,11614.044,2.127
1695,B,rx,8,0,30,11618.045,1.652
1696,A,rx,10,0,30,11621.286,1.663
1697,B,rx,11,0,30,11623.007,1.677
1698,A,rx,14,0,30,11626.209,1.774
1699,B,rx,17,0,30,11630.153,1.838
1700,A,rx,20,0,30,11634.498,1.666
1701,B,rx,23,0,30,11638.489,1.701
1702,A,rx,26,0,30,11642.430,1.521
1703,B,rx,29,0,30,11646.570,2.227
1704,A,rx,32,0,30,11650.891,2.207
1705,B,rx,35,0,30,11654.875,1.746
1706,A,rx,38,0,30,11658.720,1.569
1707,B,rx,41,0,30,11662.845,2.256
1708,A,rx,44,0,30,11667.115,1.969
1709,B,rx,47,0,30,11671.092,1.696
1710,A,rx,48,0,30,11672.841,1.926
1711,B,rx,51,0,30,11676.189,1.849
1712,A,rx,54,0,30,11680.102,1.927
1713,B,rx,57,0,30,11684.066,1.737
1714,A,rx,60,0,30,11688.348,1.753
1715,B,rx,63,0,30,11692.378,1.603
1716,A,rx,66,0,30,11696.439,1.841
1717,B,rx,69,0,30,11701.569,1.665
1718,A,rx,72,0,30,11705.530,2.285
1719,B,rx,75,0,30,11709.656,1.598
1720,A,rx,76,0,30,11711.350,1.914
1721,B,rx,79,0,30,11715.453,1.676
1722,A,rx,82,0,30,11719.427,1.627
1723,B,rx,85,0,30,11723.522,1.690
1724,A,rx,88,0,30,11727.509,2.069
1725,B,rx,91,0,30,11731.655,1.782
1726,A,rx,94,0,30,11735.666,1.582
1727,B,rx,96,0,30,11738.324,1.581
1728,A,rx,99,0,30,11742.047,1.616
1729,B,rx,102,0,30,11746.194,2.381
1730,A,rx,105,0,30,11750.308,1.713
1731,B,rx,108,0,30,11754.219,1.794
1732,A,rx,111,0,30,11758.479,2.292
1733,B,rx,114,0,30,11762.550,1.608
1734,A,rx,117,0,30,11766.311,1.590
1735,B,rx,120,0,30,11770.515,2.153
1736,A,rx,123,0,30,11774.572,1.841
1737,B,rx,126,0,30,11778.706,1.642
1738,A,rx,129,0,30,11782.803,2.209
1739,B,rx,132,0,30,11786.926,1.656
1740,A,rx,135,0,30,11790.871,1.562
1741,B,rx,136,0,30,11792.497,1.717
1742,A,rx,139,0,30,11796.059,2.318
1743,B,rx,142,0,30,11800.611,1.626
1744,A,rx,145,0,30,11804.683,1.795
1745,B,rx,148,0,30,11808.706,1.606
1746,A,rx,151,0,30,11813.061,1.581
1747,B,rx,152,0,30,11814.699,1.621
1748,A,rx,155,0,30,11818.323,2.122
1749,B,rx,156,0,30,11820.504,1.817
1750,A,rx,159,0,30,11823.433,1.598
1751,B,rx,162,0,30,11827.926,1.746
1752,A,rx,164,0,30,11831.544,2.185
1753,B,rx,167,0,30,11835.616,2.167
1754,A,rx,170,0,30,11839.829,1.594
1755,B,rx,173,0,30,11843.629,1.911
1756,A,rx,176,0,30,11848.434,1.749
1757,B,rx,179,0,30,11852.511,1.496
1758,A,rx,181,0,30,11854.824,2.227
1759,B,rx,184,0,30,11858.865,1.788
1760,A,rx,187,0,30,11863.021,1.626
1761,B,rx,190,0,30,11866.972,1.703
1762,A,rx,193,0,30,11871.205,1.918
1763,B,rx,196,0,30,11875.195,1.625
1764,A,rx,199,0,30,11879.154,1.686
1765,B,rx,202,0,30,11883.492,1.774
1766,A,rx,205,0,30,11887.220,1.869
1767,B,rx,208,0,30,11891.646,1.760
1768,A,rx,211,0,30,11895.477,1.870
1769,B,rx,212,0,30,11897.408,1.725
1770,A,rx,215,0,30,11900.759,2.211
1771,B,rx,218,0,30,11904.797,1.605
1772,A,rx,220,0,30,11907.758,1.693
1773,B,rx,221,0,30,11909.523,1.703
1774,A,rx,224,0,30,11913.156,1.825
1775,B,rx,227,0,30,11916.868,1.788
1776,A,rx,230,0,30,11920.897,1.632
1777,B,rx,233,0,30,11924.859,1.585
1778,A,rx,236,0,30,11929.065,1.672
1779,B,rx,239,0,30,11932.980,1.873
1780,A,rx,242,0,30,11937.059,2.002
1781,B,rx,245,0,30,11941.243,1.631
1782,A,rx,248,0,30,11945.332,2.208
1783,B,rx,251,0,30,11949.912,2.199
1784,A,rx,254,0,30,11954.069,1.594
1785,B,rx,256,0,30,11957.095,1.755
1786,A,rx,258,0,30,11960.833,1.538
1787,B,rx,261,0,30,11964.704,2.268
1788,A,rx,264,0,30,11968.970,2.390
1789,B,rx,267,0,30,11972.948,2.194
1790,A,rx,270,0,30,11976.872,1.561
1791,B,rx,273,0,30,11980.924,2.119
1792,A,rx,274,0,30,11983.128,1.768
1793,B,rx,277,0,30,11986.678,1.567
1794,A,rx,280,0,30,11990.869,1.484
1795,B,rx,283,0,30,11994.885,1.570
1796,A,rx,285,0,30,11997.480,1.650
1797,B,rx,288,0,30,12001.279,1.710
1798,A,rx,291,0,30,12005.426,1.710
1799,B,rx,294,0,30,12009.238,1.712
1800,A,rx,297,0,30,12013.488,2.182
1801,B,rx,300,0,30,12017.768,2.234
1802,A,rx,303,0,30,12021.742,1.738
1803,B,rx,306,0,30,12025.407,1.631
1804,A,rx,309,0,30,12029.687,1.664
1805,B,rx,312,0,30,12033.718,1.591
1806,A,rx,313,0,30,12035.390,2.043
1807,B,rx,316,0,30,12039.153,1.764
1808,A,rx,319,0,30,12042.952,1.686
1809,B,rx,322,0,30,12047.568,2.106
1810,A,rx,325,0,30,12051.577,1.754
1811,B,rx,328,0,30,12055.700,1.521
1812,A,rx,331,0,30,12059.652,1.565
1813,B,rx,333,0,30,12062.371,1.749
1814,A,rx,336,0,30,12066.792,1.528
1815,B,rx,338,0,30,12069.449,1.952
1816,A,rx,341,0,30,12073.252,1.935
1817,B,rx,344,0,30,12077.267,1.636
1818,A,rx,347,0,30,12081.276,1.870
1819,B,rx,350,0,30,12085.344,1.575
1820,A,rx,353,0,30,12090.533,1.647
1821,B,rx,356,0,30,12094.711,1.648
1822,A,rx,359,0,30,12098.724,1.667
1823,B,rx,362,0,30,12102.973,2.235
1824,A,rx,365,0,30,12107.013,2.232
1825,B,rx,366,0,30,12109.303,1.744
1826,A,rx,370,0,30,12113.788,1.729
1827,B,rx,371,0,30,12115.579,1.788
1828,A,rx,375,0,30,12119.982,1.750
1829,B,rx,378,0,30,12123.958,1.702
1830,A,rx,381,0,30,12128.167,1.766
1831,B,rx,384,0,30,12132.160,1.836
1832,A,rx,387,0,30,12136.229,1.690
1833,B,rx,390,0,30,12140.236,1.609
1834,A,rx,393,0,30,12144.273,1.550
1835,B,rx,396,0,30,12148.589,1.592
1836,A,rx,397,0,30,12150.240,1.542
1837,B,rx,400,0,30,12154.236,1.706
1838,A,rx,403,0,30,12158.273,1.512
1839,B,rx,405,0,30,12161.073,1.614
1840,A,rx,408,0,30,12164.772,1.689
1841,B,rx,411,0,30,12168.886,1.720
1842,A,rx,414,0,30,12173.054,1.909
1843,B,rx,417,0,30,12176.795,1.647
1844,A,rx,420,0,30,12180.955,1.727
1845,B,rx,421,0,30,12182.765,1.661
1846,A,rx,424,0,30,12186.919,1.648
1847,B,rx,427,0,30,12190.517,1.558
1848,A,rx,430,0,30,12194.101,1.615
1849,B,rx,433,0,30,12198.217,1.630
1850,A,rx,436,0,30,12202.359,1.825
1851,B,rx,439,0,30,12206.191,1.547
1852,A,rx,440,0,34,12209.063,2.064
1853,B,rx,442,0,30,12211.190,1.710
1854,A,rx,445,0,30,12214.663,1.739
1855,B,rx,448,0,30,12218.791,1.915
1856,A,rx,450,0,30,12222.686,1.918
1857,B,rx,451,0,30,12224.667,1.733
1858,A,rx,454,0,30,12227.901,1.678
1859,B,rx,457,0,30,12231.880,2.208
1860,A,rx,460,0,30,12235.943,1.642
1861,B,rx,463,0,30,12239.946,2.164
1862,A,rx,464,0,30,12242.168,1.797
1863,B,rx,467,0,30,12245.205,1.850
1864,A,rx,470,0,30,12249.080,1.919
1865,B,rx,473,0,30,12253.284,1.649
1866,A,rx,476,0,30,12257.141,1.600
1867,B,rx,479,0,30,12261.290,1.772
1868,A,rx,482,0,30,12265.222,1.667
1869,B,rx,485,0,30,12269.309,1.791
1870,A,rx,488,0,30,12273.352,1.545
1871,B,rx,491,0,30,12277.461,1.537
1872,A,rx,492,0,30,12279.049,1.625
1873,B,rx,495,0,30,12282.410,1.616
1874,A,rx,498,0,30,12286.471,1.644
1875,B,rx,501,0,30,12290.613,1.497
1876,A,rx,504,0,30,12294.756,2.169
1877,B,rx,507,0,30,12298.732,1.612
1878,A,rx,510,0,30,12302.862,1.647
1879,B,rx,513,0,30,12306.843,1.576
1880,A,rx,516,0,30,12311.057,2.143
1881,B,rx,519,0,30,12314.971,1.955
1882,A,rx,522,0,30,12319.041,2.042
1883,B,rx,525,0,30,12323.261,2.154
1884,A,rx,528,0,30,12327.262,1.665
1885,B,rx,529,0,30,12328.979,1.929
1886,A,rx,532,0,30,12332.314,1.649
1887,B,rx,535,0,30,12336.288,1.950
1888,A,rx,537,0,30,12339.460,1.498
1889,B,rx,540,0,30,12343.412,1.604
1890,A,rx,543,0,30,12347.455,1.642
1891,B,rx,545,0,30,12351.506,1.604
1892,A,rx,546,0,30,12353.170,1.826
1893,B,rx,549,0,30,12356.785,1.872
1894,A,rx,552,0,30,12360.804,1.859
1895,B,rx,555,0,30,12364.879,1.664
1896,A,rx,558,0,30,12368.992,1.712
1897,B,rx,561,0,30,12372.916,1.516
1898,A,rx,564,0,30,12377.039,1.546
1899,B,rx,565,0,30,12378.648,1.708
1900,A,rx,568,0,30,12382.164,1.867
1901,B,rx,571,0,30,12386.117,1.675
1902,A,rx,574,0,30,12390.284,1.858
1903,B,rx,576,0,30,12393.611,1.489
1904,A,rx,579,0,30,12397.310,2.198
1905,B,rx,582,0,30,12401.425,1.648
1906,A,rx,585,0,30,12405.420,1.698
1907,B,rx,588,0,30,12409.496,1.666
1908,A,rx,590,0,30,12412.750,1.750
1909,B,rx,593,0,30,12416.685,1.605
1910,A,rx,596,0,30,12420.816,1.964
1911,B,rx,597,0,30,12422.836,1.753
1912,A,rx,600,0,30,12425.810,1.719
1913,B,rx,602,0,30,12428.867,1.614
1914,A,rx,603,0,30,12430.540,1.749
1915,B,rx,606,0,30,12434.161,1.581
1916,A,rx,609,0,30,12437.914,1.744
1917,B,rx,1778,7,34,12440.927,1.670
1918,A,rx,614,0,30,12445.109,1.599
1919,B,rx,617,0,30,12449.404,1.753
1920,A,rx,618,0,30,12452.255,1.638
1921,B,rx,622,0,30,12456.199,2.205
1922,A,rx,623,0,30,12458.463,1.731
1923,B,rx,627,0,30,12462.559,1.754
1924,A,rx,630,0,30,12466.448,2.081
1925,B,rx,631,0,30,12468.585,1.866
1926,A,rx,634,0,30,12471.622,1.587
1927,B,rx,637,0,30,12475.922,1.753
1928,A,rx,640,0,30,12481.324,1.616
1929,B,rx,643,0,30,12485.385,1.700
1930,A,rx,646,0,30,12489.570,2.222
1931,B,rx,649,0,30,12493.557,2.148
1932,A,rx,652,0,30,12497.594,2.220
1933,B,rx,655,0,30,12501.846,1.738
1934,A,rx,656,0,30,12503.671,1.936
1935,B,rx,660,0,30,12508.142,1.543
1936,A,rx,662,0,30,12511.321,2.380
1937,B,rx,665,0,30,12515.272,1.496
1938,A,rx,668,0,30,12519.422,2.136
1939,B,rx,671,0,30,12523.419,1.600
1940,A,rx,672,0,30,12525.081,1.838
1941,B,rx,675,0,30,12528.676,1.977
1942,A,rx,678,0,30,12532.490,1.699
1943,B,rx,681,0,30,12536.624,1.722
1944,A,rx,684,0,30,12540.583,1.835
1945,B,rx,687,0,30,12544.912,1.618
1946,A,rx,689,0,30,12548.013,1.624
1947,B,rx,692,0,30,12551.732,1.631
1948,A,rx,693,0,30,12553.422,1.899
1949,B,rx,696,0,30,12557.185,1.545
1950,A,rx,698,0,30,12560.322,2.333
1951,B,rx,701,0,30,12564.413,2.215
1952,A,rx,702,0,30,12566.707,2.274
1953,B,rx,706,0,30,12571.044,2.105
1954,A,rx,707,0,30,12573.223,1.705
1955,B,rx,711,0,30,12577.391,1.655
1956,A,rx,714,0,30,12581.585,2.176
1957,B,rx,717,0,30,12585.478,1.636
1958,A,rx,720,0,30,12589.377,1.625
1959,B,rx,723,0,30,12593.573,1.850
1960,A,rx,726,0,30,12597.543,2.185
1961,B,rx,729,0,30,12601.703,2.225
1962,A,rx,732,0,30,12605.937,1.656
1963,B,rx,735,0,30,12610.901,2.214
1964,A,rx,736,0,30,12613.179,2.057
1965,B,rx,740,0,30,12617.511,1.650
1966,A,rx,743,0,30,12621.675,1.669
1967,B,rx,746,0,30,12625.709,2.025
1968,A,rx,749,0,30,12629.704,1.605
1969,B,rx,752,0,30,12633.787,2.195
1970,A,rx,755,0,30,12637.907,1.630
1971,B,rx,758,0,30,12641.862,1.694
1972,A,rx,761,0,30,12645.896,1.802
1973,B,rx,764,0,30,12650.126,1.651
1974,A,rx,767,0,30,12654.123,2.228
1975,B,rx,770,0,30,12658.321,1.594
1976,A,rx,773,0,30,12662.187,1.647
1977,B,rx,776,0,30,12666.437,2.046
1978,A,rx,779,0,30,12670.589,1.638
1979,B,rx,780,0,30,12672.292,2.092
1980,A,rx,784,0,30,12676.907,1.616
1981,B,rx,787,0,30,12680.881,1.799
1982,A,rx,790,0,30,12685.155,1.794
1983,B,rx,793,0,30,12689.082,1.777
1984,A,rx,796,0,30,12693.128,1.466
1985,B,rx,799,0,30,12697.262,2.057
1986,A,rx,802,0,30,12701.253,1.591
1987,B,rx,805,0,30,12705.332,1.594
1988,A,rx,808,0,30,12709.219,1.685
1989,B,rx,811,0,30,12713.318,1.628
1990,A,rx,814,0,30,12717.288,1.665
1991,B,rx,817,0,30,12721.418,1.667
1992,A,rx,820,0,30,12725.454,1.740
1993,B,rx,823,0,30,12729.546,1.748
1994,A,rx,826,0,30,12733.782,2.251
1995,B,rx,830,0,30,12738.719,1.671
1996,A,rx,832,0,30,12742.905,1.856
1997,B,rx,833,0,30,12744.826,1.714
1998,A,rx,836,0,30,12748.009,1.803
1999,B,rx,839,0,30,12752.023,1.925
2000,A,rx,842,0,30,12755.991,1.652
2001,B,rx,845,0,30,12760.112,1.570
2002,A,rx,848,0,30,12764.078,1.662
2003,B,rx,851,0,30,12768.257,1.990
2004,A,rx,854,0,30,12772.454,1.708
2005,B,rx,855,0,30,12774.220,1.785
2006,A,rx,858,0,30,12777.606,2.007
2007,B,rx,861,0,30,12781.374,1.881
2008,A,rx,864,0,30,12786.163,1.675
2009,B,rx,867,0,30,12790.154,1.629
2010,A,rx,870,0,30,12794.446,1.734
2011,B,rx,871,0,30,12796.260,1.771
2012,A,rx,875,0,30,12800.592,1.602
2013,B,rx,878,0,30,12804.731,2.187
2014,A,rx,881,0,30,12808.931,1.725
2015,B,rx,884,0,30,12812.827,1.718
2016,A,rx,885,0,30,12814.601,1.532
2017,B,rx,888,0,30,12817.927,1.772
2018,A,rx,891,0,30,12821.937,2.216
2019,B,rx,894,0,30,12826.176,1.663
2020,A,rx,897,0,30,12830.332,1.655
2021,B,rx,900,0,30,12834.484,2.134
2022,A,rx,903,0,30,12838.649,1.594
2023,B,rx,904,0,30,13168.349,2.291
2024,A,rx,907,0,30,13172.457,1.455
2025,B,rx,908,0,30,13173.973,1.489
2026,A,rx,911,0,30,13177.945,2.100
2027,B,rx,914,0,30,13181.933,1.638
2028,A,rx,917,0,30,13185.476,1.706
2029,B,rx,920,0,30,13189.543,1.561
2030,A,rx,923,0,30,13192.969,1.510
2031,B,rx,924,0,30,13194.523,1.551
2032,A,rx,926,0,30,13197.053,1.631
2033,B,rx,927,0,30,13198.756,2.360
2034,A,rx,930,0,30,13202.261,1.802
2035,B,rx,931,0,30,13204.114,1.723
2036,A,rx,935,0,30,13208.315,1.542
2037,B,rx,938,0,30,13212.102,1.498
2038,A,rx,939,0,30,13213.653,1.479
2039,B,rx,942,0,30,13217.066,1.603
2040,A,rx,945,0,30,13221.124,1.620
2041,B,rx,948,0,30,13224.450,1.614
2042,A,rx,949,0,30,13226.118,1.625
2043,B,rx,953,0,30,13230.441,1.512
2044,A,rx,956,0,30,13234.559,1.512
2045,B,rx,957,0,30,13236.123,1.896
2046,A,rx,961,0,30,13240.760,1.595
2047,B,rx,962,0,30,13242.408,1.662
2048,A,rx,966,0,30,13246.877,1.562
2049,B,rx,967,0,30,13248.522,1.723
2050,A,rx,971,0,30,13252.868,1.546
2051,B,rx,974,0,30,13256.897,1.618
2052,A,rx,977,0,30,13261.542,2.215
2053,B,rx,980,0,30,13265.089,1.554
2054,A,rx,983,0,30,13269.070,1.777
2055,B,rx,986,0,30,13272.756,1.658
2056,A,rx,989,0,30,13276.132,1.616
2057,B,rx,2118,6,34,13278.856,1.512
2058,A,rx,993,0,30,13281.487,1.665
2059,B,rx,996,0,30,13285.429,1.935
2060,A,rx,997,0,30,13287.457,2.350
2061,B,rx,1002,0,30,13292.472,1.645
2062,A,rx,1005,0,30,13296.627,1.568
2063,B,rx,1008,0,30,13300.235,1.626
2064,A,rx,1011,0,30,13303.603,1.774
2065,B,rx,1014,0,30,13307.738,1.939
2066,A,rx,1015,0,30,13309.750,1.656
2067,B,rx,1019,0,30,13313.835,1.634
2068,A,rx,1020,0,30,13315.542,1.888
2069,B,rx,1023,0,30,13318.984,2.273
2070,A,rx,1026,0,30,13323.262,1.713
2071,B,rx,1029,0,30,13327.198,2.039
2072,A,rx,1032,0,30,13330.719,1.574
2073,B,rx,1035,0,30,13334.114,1.904
2074,A,rx,1038,0,30,13338.091,1.794
2075,B,rx,1039,0,30,13339.942,1.647
2076,A,rx,1043,0,30,13344.368,1.754
2077,B,rx,1046,0,30,13348.014,1.690
2078,A,rx,1049,0,30,13352.110,1.651
2079,B,rx,1052,0,30,13355.629,1.848
2080,A,rx,1053,0,30,13357.539,1.650
2081,B,rx,1057,0,30,13361.561,2.033
2082,A,rx,1060,0,30,13365.775,1.824
2083,B,rx,1061,0,30,13367.689,1.845
2084,A,rx,1065,0,30,13371.978,2.281
2085,B,rx,1066,0,30,13374.321,1.722
2086,A,rx,1070,0,30,13378.050,1.724
2087,B,rx,1071,0,30,13379.832,1.855
2088,A,rx,1074,0,30,13383.170,1.788
2089,B,rx,1075,0,30,13385.036,2.178
2090,A,rx,1079,0,30,13389.159,1.984
2091,B,rx,1081,0,30,13392.599,1.600
2092,A,rx,1083,0,30,13395.251,1.715
2093,B,rx,1086,0,30,13398.823,1.579
2094,A,rx,1089,0,30,13402.827,2.035
2095,B,rx,1092,0,30,13406.332,2.099
2096,A,rx,1095,0,30,13410.446,1.698
2097,B,rx,1098,0,30,13414.086,2.171
2098,A,rx,1101,0,30,13417.704,1.988
2099,B,rx,1103,0,30,13421.197,1.765
2100,A,rx,1107,0,30,13425.567,1.703
2101,B,rx,1108,0,30,13427.328,1.726
2102,A,rx,1112,0,30,13431.652,1.639
2103,B,rx,1115,0,30,13435.779,1.583
2104,A,rx,1116,0,30,13437.428,1.775
2105,B,rx,1120,0,30,13441.929,2.241
2106,A,rx,1121,0,30,13444.250,2.335
2107,B,rx,1125,0,30,13448.071,2.076
2108,A,rx,1126,0,30,13450.212,1.697
2109,B,rx,1130,0,30,13453.967,1.650
2110,A,rx,1133,0,30,13458.007,1.727
2111,B,rx,1134,0,30,13459.801,1.725
2112,A,rx,1138,0,30,13464.052,2.266
2113,B,rx,1141,0,30,13468.205,1.677
2114,A,rx,1142,0,30,13469.963,1.988
2115,B,rx,1146,0,30,13474.256,2.113
2116,A,rx,1149,0,30,13478.384,1.685
2117,B,rx,1150,0,30,13480.142,2.214
2118,A,rx,1154,0,30,13484.559,1.892
2119,B,rx,1155,0,30,13486.529,1.760
2120,A,rx,1159,0,30,13490.608,1.604
2121,B,rx,1160,0,30,13492.264,1.612
2122,A,rx,1163,0,30,13495.775,1.718
2123,B,rx,1166,0,30,13499.371,1.527
2124,A,rx,1168,0,30,13501.925,2.401
2125,B,rx,1169,0,30,13504.397,1.653
2126,A,rx,1173,0,30,13508.163,2.198
2127,B,rx,1177,0,30,13513.040,2.227
2128,A,rx,1181,0,30,13518.090,1.811
2129,B,rx,1182,0,30,13519.955,1.660
2130,A,rx,1185,0,30,13524.203,2.200
2131,B,rx,1186,0,30,13526.463,1.778
2132,A,rx,1190,0,30,13530.104,1.637
2133,B,rx,1193,0,30,13534.243,2.104
2134,A,rx,1194,0,30,13536.395,1.935
2135,B,rx,1198,0,30,13540.520,2.153
2136,A,rx,1199,0,30,13542.727,1.681
2137,B,rx,1202,0,30,13545.703,1.510
2138,A,rx,1205,0,30,13549.496,1.717
2139,B,rx,1208,0,30,13553.122,1.397
2140,A,rx,1210,0,30,13555.776,2.384
2141,B,rx,1211,0,30,13558.240,2.029
2142,A,rx,1215,0,30,13561.755,1.552
2143,B,rx,1218,0,30,13565.829,1.854
2144,A,rx,1221,0,30,13569.623,2.242
2145,B,rx,1224,0,30,13573.204,1.737
2146,A,rx,1227,0,30,13577.876,1.937
2147,B,rx,1228,0,30,13579.875,1.735
2148,A,rx,1232,0,30,13583.195,1.608
2149,B,rx,1235,0,30,13586.825,1.553
2150,A,rx,1238,0,30,13590.906,1.628
2151,B,rx,1241,0,30,13594.287,1.680
2152,A,rx,1242,0,30,13596.026,1.644
2153,B,rx,1246,0,30,13600.254,1.614
2154,A,rx,1249,0,30,13604.323,1.652
2155,B,rx,1250,0,30,13606.836,1.525
2156,A,rx,1254,0,30,13610.580,1.600
2157,B,rx,1255,0,30,13612.235,1.597
2158,A,rx,1259,0,30,13616.708,1.658
2159,B,rx,1262,0,30,13620.256,1.698
2160,A,rx,1265,0,30,13624.379,2.178
2161,B,rx,1268,0,30,13627.932,1.718
2162,A,rx,1271,0,30,13631.639,2.193
2163,B,rx,1272,0,30,13633.886,1.688
2164,A,rx,1276,0,30,13637.901,1.665
2165,B,rx,1277,0,30,13639.720,2.328
2166,A,rx,533,15,34,13642.938,2.085
2167,B,rx,1281,0,30,13645.102,1.890
2168,A,rx,1285,0,30,13649.078,1.838
2169,B,rx,1287,0,30,13652.918,1.680
2170,A,rx,1290,0,30,13656.294,1.958
2171,B,rx,1293,0,30,13660.034,1.814
2172,A,rx,1296,0,30,13663.977,1.867
2173,B,rx,1299,0,30,13667.696,1.723
2174,A,rx,1300,0,30,13669.549,1.728
2175,B,rx,1304,0,30,13673.436,1.690
2176,A,rx,1307,0,30,13677.515,1.606
2177,B,rx,1308,0,30,13679.175,1.745
2178,A,rx,1312,0,30,13683.615,2.023
2179,B,rx,1313,0,30,13685.692,1.840
2180,A,rx,1317,0,30,13689.739,1.631
2181,B,rx,1318,0,30,13691.438,1.831
2182,A,rx,1322,0,30,13695.883,2.218
2183,B,rx,1325,0,30,13700.043,2.163
2184,A,rx,1326,0,30,13702.294,1.893
2185,B,rx,1331,0,30,13706.957,1.615
2186,A,rx,1334,0,30,13711.000,1.759
2187,B,rx,1337,0,30,13714.742,1.660
2188,A,rx,1340,0,30,13718.303,1.661
2189,B,rx,1343,0,30,13722.124,1.671
2190,A,rx,1346,0,30,13725.929,1.637
2191,B,rx,1349,0,30,13730.001,2.199
2192,A,rx,1352,0,30,13733.947,1.652
2193,B,rx,1355,0,30,13737.444,1.710
2194,A,rx,1358,0,30,13741.561,1.801
2195,B,rx,1361,0,30,13745.708,2.405
2196,A,rx,1362,0,30,13748.197,2.239
2197,B,rx,1367,0,30,13752.725,1.687
2198,A,rx,1370,0,30,13756.746,1.668
2199,B,rx,1371,0,30,13758.488,2.331
2200,A,rx,1375,0,30,13763.006,1.587
2201,B,rx,1376,0,30,13764.649,1.515
2202,A,rx,1380,0,30,13768.833,2.243
2203,B,rx,1381,0,30,13771.137,1.933
2204,A,rx,1384,0,30,13774.329,2.063
2205,B,rx,1388,0,30,13779.231,2.342
2206,A,rx,1391,0,30,13783.847,1.688
2207,B,rx,1394,0,30,13787.444,1.681
2208,A,rx,1397,0,30,13791.359,1.818
2209,B,rx,1398,0,30,13793.234,1.771
2210,A,rx,1402,0,30,13797.492,2.238
2211,B,rx,1403,0,30,13799.789,1.658
2212,A,rx,1407,0,30,13803.497,1.659
2213,B,rx,1410,0,30,13807.678,2.163
2214,A,rx,1414,0,30,13812.383,2.082
2215,B,rx,1417,0,30,13816.416,1.853
2216,A,rx,1420,0,30,13820.079,1.749
2217,B,rx,1421,0,30,13821.890,1.781
2218,A,rx,1425,0,30,13825.982,2.222
2219,B,rx,1428,0,30,13829.983,2.048
2220,A,rx,1429,0,30,13832.115,2.364
2221,B,rx,1433,0,30,13836.285,2.200
2222,A,rx,1437,0,30,13841.084,1.833
2223,B,rx,1440,0,30,13845.151,1.695
2224,A,rx,1441,0,30,13846.899,2.244
2225,B,rx,2109,6,34,13850.025,1.818
2226,A,rx,1445,0,30,13851.930,2.277
2227,B,rx,3288,3,34,13855.127,1.656
2228,A,rx,1451,0,30,13859.012,1.791
2229,B,rx,1454,0,30,13863.109,2.296
2230,A,rx,1457,0,30,13866.735,1.492
2231,B,rx,1460,0,30,13870.702,1.647
2232,A,rx,1463,0,30,13874.219,1.531
2233,B,rx,1465,0,30,13876.926,2.213
2234,A,rx,1466,0,30,13879.200,1.663
2235,B,rx,1470,0,30,13882.889,2.116
2236,A,rx,1471,0,30,13885.064,1.635
2237,B,rx,1474,0,30,13887.957,1.591
2238,A,rx,1475,0,30,13889.591,1.915
2239,B,rx,1479,0,30,13893.916,1.612
2240,A,rx,1482,0,30,13898.045,1.957
2241,B,rx,1485,0,30,13901.698,1.695
2242,A,rx,1488,0,30,13905.246,1.640
2243,B,rx,1491,0,30,13909.073,1.717
2244,A,rx,1493,0,30,13912.311,1.580
2245,B,rx,1496,0,30,13916.417,1.454
2246,A,rx,1497,0,30,13917.918,1.600
2247,B,rx,1500,0,30,13921.428,1.491
2248,A,rx,1503,0,30,13925.087,1.615
2249,B,rx,1506,0,30,13928.598,1.585
2250,A,rx,1509,0,30,13932.529,1.690
2251,B,rx,1512,0,30,13936.374,1.683
2252,A,rx,1515,0,30,13939.630,1.633
2253,B,rx,1518,0,30,13943.786,1.959
2254,A,rx,1519,0,30,13945.812,1.861
2255,B,rx,1523,0,30,13949.734,2.154
2256,A,rx,1524,0,30,13951.967,2.095
2257,B,rx,1528,0,30,13956.045,1.734
2258,A,rx,1531,0,30,13960.051,2.243
2259,B,rx,1532,0,30,13962.395,2.144
2260,A,rx,1537,0,30,13967.188,1.539
2261,B,rx,1540,0,30,13971.244,1.601
2262,A,rx,1543,0,30,13975.042,2.281
2263,B,rx,1544,0,30,13977.405,2.096
2264,A,rx,1546,0,30,13979.569,2.219
2265,B,rx,1550,0,30,13983.460,1.659
2266,A,rx,1551,0,30,13985.207,2.216
2267,B,rx,1555,0,30,13989.544,2.141
2268,A,rx,1558,0,30,13993.644,2.225
2269,B,rx,1559,0,30,13995.928,1.781
2270,A,rx,1563,0,30,13999.692,2.069
2271,B,rx,1564,0,30,14001.822,1.936
2272,A,rx,1568,0,30,14005.599,1.661
2273,B,rx,1571,0,30,14009.822,1.590
2274,A,rx,1572,0,30,14011.465,1.627
2275,B,rx,1576,0,30,14015.979,1.818
2276,A,rx,1577,0,30,14017.849,1.684
2277,B,rx,1408,12,34,14020.726,1.641
2278,A,rx,1583,0,30,14024.760,1.722
2279,B,rx,1586,0,30,14028.270,1.586
2280,A,rx,1589,0,30,14032.253,1.725
2281,B,rx,1590,0,30,14034.032,1.596
2282,A,rx,1594,0,30,14038.431,2.359
2283,B,rx,1595,0,30,14040.885,2.173
2284,A,rx,1599,0,30,14045.574,2.176
2285,B,rx,1600,0,30,14047.807,1.741
2286,A,rx,1603,0,30,14050.703,2.205
2287,B,rx,1604,0,30,14052.991,2.224
2288,A,rx,1608,0,30,14056.736,2.097
2289,B,rx,1609,0,30,14058.909,2.079
2290,A,rx,1613,0,30,14062.963,1.658
2291,B,rx,1616,0,30,14066.734,1.615
2292,A,rx,1619,0,30,14070.373,1.568
2293,B,rx,1622,0,30,14074.235,1.687
2294,A,rx,1625,0,30,14077.961,2.198
2295,B,rx,1628,0,30,14081.903,1.820
2296,A,rx,1629,0,30,14083.800,2.189
2297,B,rx,1633,0,30,14087.912,2.233
2298,A,rx,1634,0,30,14090.219,2.213
2299,B,rx,1638,0,30,14094.377,1.851
2300,A,rx,1641,0,30,14098.207,1.725
2301,B,rx,1642,0,30,14100.022,2.174
2302,A,rx,1646,0,30,14104.415,2.130
2303,B,rx,1647,0,30,14106.627,2.366
2304,A,rx,1651,0,30,14110.404,1.671
2305,B,rx,1652,0,30,14112.133,1.640
2306,A,rx,1655,0,30,14115.520,1.648
2307,B,rx,1656,0,30,14117.224,1.955
2308,A,rx,1660,0,30,14121.614,2.205
2309,B,rx,1661,0,30,14123.892,1.870
2310,A,rx,1664,0,30,14126.911,2.076
2311,B,rx,1665,0,30,14129.064,1.731
2312,A,rx,1669,0,30,14132.821,2.006
2313,B,rx,1672,0,30,14136.932,2.012
2314,A,rx,1673,0,30,14138.996,1.732
2315,B,rx,1677,0,30,14142.811,1.901
2316,A,rx,1680,0,30,14146.578,1.821
2317,B,rx,1683,0,30,14150.120,1.601
2318,A,rx,1686,0,30,14154.093,1.510
2319,B,rx,1687,0,30,14155.685,2.269
2320,A,rx,1691,0,30,14160.172,1.631
2321,B,rx,1694,0,30,14164.101,1.838
2322,A,rx,1695,0,30,14165.994,1.703
2323,B,rx,1699,0,30,14171.294,1.673
2324,A,rx,1700,0,30,14173.046,1.846
2325,B,rx,1704,0,30,14177.293,1.613
2326,A,rx,1705,0,30,14178.962,1.731
2327,B,rx,1709,0,30,14183.368,1.905
2328,A,rx,1712,0,30,14187.504,1.703
2329,B,rx,1713,0,30,14189.267,1.987
2330,A,rx,1717,0,30,14193.773,1.603
2331,B,rx,1718,0,30,14195.434,1.698
2332,A,rx,1721,0,30,14198.727,1.618
2333,B,rx,1724,0,30,14202.731,1.515
2334,A,rx,1725,0,30,14204.299,1.667
2335,B,rx,1728,0,30,14207.927,2.233
2336,A,rx,1729,0,30,14210.238,2.276
2337,B,rx,1734,0,30,14214.915,2.224
2338,A,rx,1737,0,30,14219.083,2.099
2339,B,rx,1738,0,30,14221.274,2.423
2340,A,rx,1743,0,30,14226.175,2.261
2341,B,rx,1746,0,30,14230.304,1.708
2342,A,rx,1747,0,30,14232.067,1.596
2343,B,rx,1751,0,30,14236.450,1.891
2344,A,rx,1752,0,30,14238.398,1.663
2345,B,rx,1755,0,30,14241.420,1.558
2346,A,rx,1756,0,30,14243.034,1.851
2347,B,rx,1759,0,30,14246.753,2.202
2348,A,rx,1763,0,30,14251.608,1.659
2349,B,rx,1764,0,30,14253.343,1.705
2350,A,rx,1768,0,30,14257.661,1.643
2351,B,rx,1771,0,30,14261.648,1.678
2352,A,rx,1774,0,30,14265.507,1.646
2353,B,rx,1777,0,30,14268.840,1.712
2354,A,rx,1780,0,30,14272.840,2.151
2355,B,rx,1781,0,30,14275.047,1.705
2356,A,rx,1785,0,30,14279.060,1.599
2357,B,rx,1786,0,30,14280.717,1.811
2358,A,rx,1790,0,30,14285.176,1.768
2359,B,rx,1793,0,30,14289.110,1.659
2360,A,rx,1794,0,30,14290.836,2.004
2361,B,rx,1798,0,30,14295.150,1.703
2362,A,rx,1801,0,30,14299.201,1.642
2363,B,rx,1803,0,30,14302.409,1.562
2364,A,rx,1806,0,30,14306.431,1.631
2365,B,rx,1807,0,30,14308.119,1.553
2366,A,rx,1811,0,30,14312.397,1.711
2367,B,rx,1814,0,30,14316.142,1.630
2368,A,rx,1816,0,30,14318.668,1.610
2369,B,rx,1819,0,30,14322.537,1.676
2370,A,rx,1820,0,30,14324.271,1.718
2371,B,rx,1824,0,30,14328.788,1.534
2372,A,rx,1827,0,30,14332.774,1.845
2373,B,rx,1828,0,30,14334.701,1.874
2374,A,rx,1832,0,30,14339.032,1.638
2375,B,rx,1833,0,30,14340.724,1.734
2376,A,rx,1837,0,30,14344.996,1.535
2377,B,rx,1838,0,30,14346.589,1.585
2378,A,rx,1841,0,30,14350.223,1.987
2379,B,rx,1842,0,30,14352.290,1.727
2380,A,rx,1846,0,30,14356.077,1.681
2381,B,rx,1847,0,30,14357.838,1.657
2382,A,rx,1851,0,30,14362.209,1.584
2383,B,rx,1854,0,30,14366.363,1.967
2384,A,rx,1857,0,30,14370.007,1.696
2385,B,rx,1860,0,30,14373.484,1.825
2386,A,rx,1863,0,30,14377.460,1.748
2387,B,rx,1866,0,30,14381.594,1.850
2388,A,rx,1867,0,30,14383.511,2.038
2389,B,rx,1871,0,30,14387.771,1.615
2390,A,rx,1872,0,30,14389.440,1.700
2391,B,rx,1876,0,30,14393.810,1.557
2392,A,rx,1879,0,30,14397.755,1.687
2393,B,rx,1882,0,30,14402.089,2.188
2394,A,rx,1886,0,30,14406.692,1.552
2395,B,rx,1889,0,30,14410.808,2.063
2396,A,rx,1892,0,30,14414.446,1.617
2397,B,rx,1893,0,30,14416.134,1.753
2398,A,rx,1896,0,30,14419.443,2.079
2399,B,rx,1899,0,30,14423.395,1.833
2400,A,rx,1900,0,30,14425.286,1.642
2401,B,rx,1904,0,30,14766.510,1.648
2402,A,rx,1907,0,30,14769.752,1.561
2403,B,rx,1908,0,30,14771.375,1.626
2404,A,rx,1912,0,30,14775.851,1.711
2405,B,rx,1913,0,30,14777.616,1.553
2406,A,rx,1917,0,30,14781.450,1.533
2407,B,rx,1920,0,30,14785.010,1.629
2408,A,rx,1921,0,30,14786.722,1.804
2409,B,rx,1925,0,30,14790.766,1.554
2410,A,rx,1929,0,30,14795.156,1.597
2411,B,rx,1932,0,30,14798.212,2.102
2412,A,rx,1935,0,30,14801.916,1.505
2413,B,rx,1938,0,30,14805.268,1.589
2414,A,rx,1941,0,30,14809.011,1.584
2415,B,rx,1945,0,30,14813.277,1.545
2416,A,rx,1946,0,30,14814.903,1.798
2417,B,rx,1950,0,30,14819.293,1.608
2418,A,rx,1953,0,30,14823.498,1.600
2419,B,rx,1956,0,30,14826.712,1.858
2420,A,rx,1959,0,30,14830.440,1.626
2421,B,rx,1962,0,30,14834.277,2.411
2422,A,rx,1966,0,30,14838.949,1.605
2423,B,rx,1969,0,30,14841.950,1.638
2424,A,rx,1972,0,30,14845.506,1.621
2425,B,rx,1975,0,30,14849.206,1.788
2426,A,rx,1976,0,30,14851.076,2.234
2427,B,rx,1981,0,30,14856.112,1.740
2428,A,rx,1982,0,30,14857.933,1.907
2429,B,rx,1984,0,30,14859.917,2.073
2430,A,rx,1988,0,30,14864.000,1.533
2431,B,rx,1991,0,30,14867.531,1.737
2432,A,rx,1992,0,30,14869.332,1.734
2433,B,rx,1996,0,30,14872.997,2.313
2434,A,rx,1999,0,30,14876.702,2.134
2435,B,rx,2000,0,30,14878.898,1.758
2436,A,rx,2005,0,30,14883.475,1.548
2437,B,rx,2006,0,30,14885.081,2.152
2438,A,rx,2010,0,30,14889.460,2.352
2439,B,rx,2011,0,30,14891.875,1.643
2440,A,rx,2015,0,30,14894.751,2.219
2441,B,rx,2016,0,30,14897.060,2.234
2442,A,rx,2021,0,30,14901.957,2.187
2443,B,rx,2022,0,30,14904.229,2.393
2444,A,rx,2027,0,30,14909.052,2.207
2445,B,rx,2028,0,30,14911.361,2.295
2446,A,rx,2033,0,30,14916.066,1.757
2447,B,rx,2034,0,30,14917.879,1.664
2448,A,rx,2036,0,30,14920.451,1.812
2449,B,rx,2040,0,30,14923.903,2.142
2450,A,rx,2043,0,30,14927.370,1.600
2451,B,rx,2044,0,30,14929.027,1.668
2452,A,rx,2048,0,30,14932.938,2.139
2453,B,rx,2051,0,30,14936.329,1.584
2454,A,rx,2054,0,30,14939.950,2.187
2455,B,rx,2057,0,30,14943.613,2.210
2456,A,rx,2058,0,30,14945.896,1.738
2457,B,rx,2062,0,30,14949.268,1.919
2458,A,rx,2064,0,30,14953.189,1.758
2459,B,rx,2068,0,30,14957.947,1.666
2460,A,rx,2069,0,30,14959.690,1.627
2461,B,rx,2071,0,30,14961.381,1.688
2462,A,rx,2075,0,30,14966.019,1.693
2463,B,rx,2076,0,30,14967.795,1.889
2464,A,rx,2080,0,30,14971.911,2.378
2465,B,rx,2081,0,30,14974.359,2.027
2466,A,rx,2086,0,30,14978.912,1.629
2467,B,rx,2087,0,30,14980.598,1.934
2468,A,rx,2091,0,30,14985.237,1.663
2469,B,rx,2092,0,30,14986.957,1.540
2470,A,rx,2096,0,30,14990.794,1.608
2471,B,rx,2100,0,30,14995.487,1.645
2472,A,rx,2101,0,30,14997.193,1.684
2473,B,rx,2105,0,30,15000.973,2.373
2474,A,rx,2108,0,30,15004.719,1.626
2475,B,rx,2111,0,30,15008.168,1.753
2476,A,rx,2115,0,30,15012.670,1.563
2477,B,rx,2118,0,30,15015.671,1.522
2478,A,rx,2121,0,30,15019.237,1.485
2479,B,rx,2124,0,30,15022.607,1.652
2480,A,rx,2125,0,30,15025.090,1.896
2481,B,rx,2130,0,30,15029.495,1.698
2482,A,rx,2133,0,30,15032.985,2.125
2483,B,rx,2134,0,30,15035.161,1.663
2484,A,rx,2138,0,30,15039.272,2.390
2485,B,rx,2139,0,30,15041.751,2.280
2486,A,rx,2144,0,30,15045.734,1.708
2487,B,rx,2148,0,30,15050.019,1.637
2488,A,rx,2149,0,30,15051.715,2.019
2489,B,rx,2153,0,30,15055.946,2.203
2490,A,rx,2156,0,30,15059.428,1.689
2491,B,rx,2157,0,30,15061.173,1.834
2492,A,rx,2161,0,30,15065.086,1.651
2493,B,rx,2164,0,30,15068.492,1.855
2494,A,rx,2165,0,30,15070.417,1.829
2495,B,rx,2169,0,30,15074.258,1.639
2496,A,rx,2172,0,30,15077.714,1.612
2497,B,rx,2173,0,30,15079.410,1.692
2498,A,rx,2176,0,30,15083.369,1.866
2499,B,rx,2180,0,30,15087.819,1.576
2500,A,rx,2183,0,30,15091.458,1.602
2501,B,rx,2187,0,30,15095.922,1.645
2502,A,rx,2188,0,30,15097.650,1.880
2503,B,rx,2192,0,30,15101.766,1.672
2504,A,rx,2196,0,30,15106.103,1.575
2505,B,rx,2197,0,30,15107.760,1.890
2506,A,rx,2201,0,30,15111.925,1.547
2507,B,rx,2204,0,30,15115.464,1.669
2508,A,rx,2207,0,30,15118.931,2.113
2509,B,rx,2211,0,30,15123.231,1.772
2510,A,rx,2214,0,30,15126.913,1.644
2511,B,rx,2218,0,30,15131.426,1.608
2512,A,rx,2221,0,30,15134.639,1.871
2513,B,rx,2224,0,30,15138.232,1.773
2514,A,rx,2227,0,30,15141.805,1.511
2515,B,rx,2230,0,30,15145.261,1.600
2516,A,rx,2234,0,30,15149.754,1.408
2517,B,rx,2237,0,30,15152.782,2.140
2518,A,rx,2240,0,30,15156.532,2.124
2519,B,rx,2241,0,30,15158.736,2.232
2520,A,rx,2243,0,30,15161.046,1.703
2521,B,rx,2245,0,30,15162.804,1.696
2522,A,rx,2249,0,30,15166.950,1.704
2523,B,rx,2250,0,30,15168.707,1.604
2524,A,rx,2254,0,30,15172.674,1.579
2525,B,rx,2257,0,30,15176.142,1.649
2526,A,rx,2258,0,30,15177.849,1.704
2527,B,rx,2262,0,30,15181.955,1.684
2528,A,rx,2265,0,30,15185.352,2.109
2529,B,rx,2268,0,30,15188.967,1.776
2530,A,rx,2272,0,30,15193.481,1.847
2531,B,rx,2273,0,30,15195.396,1.713
2532,A,rx,2277,0,30,15199.217,1.612
2533,B,rx,2280,0,30,15202.613,1.630
2534,A,rx,2281,0,30,15204.301,1.813
2535,B,rx,2285,0,30,15208.402,2.266
2536,A,rx,2288,0,30,15212.631,1.644
2537,B,rx,2289,0,30,15214.341,1.714
2538,A,rx,2293,0,30,15218.398,1.837
2539,B,rx,2296,0,30,15221.875,1.738
2540,A,rx,2297,0,30,15223.690,1.932
2541,B,rx,2301,0,30,15227.698,2.284
2542,A,rx,2304,0,30,15231.183,1.589
2543,B,rx,2305,0,30,15232.847,2.103
2544,A,rx,2309,0,30,15236.698,1.616
2545,B,rx,2312,0,30,15240.398,1.727
2546,A,rx,2313,0,30,15242.201,2.238
2547,B,rx,2318,0,30,15247.194,1.625
2548,A,rx,2319,0,30,15248.868,1.737
2549,B,rx,2323,0,30,15253.267,1.703
2550,A,rx,3507,15,34,15256.114,2.121
2551,B,rx,2329,0,30,15259.512,1.586
2552,A,rx,2332,0,30,15263.299,1.810
2553,B,rx,2335,0,30,15266.713,2.142
2554,A,rx,2336,0,30,15268.932,2.229
2555,B,rx,2341,0,30,15273.302,2.156
2556,A,rx,2344,0,30,15276.939,1.688
2557,B,rx,2347,0,30,15280.410,1.652
2558,A,rx,2351,0,30,15284.778,2.269
2559,B,rx,2352,0,30,15287.101,1.791
2560,A,rx,2356,0,30,15290.669,2.110
2561,B,rx,2359,0,30,15294.305,1.644
2562,A,rx,2362,0,30,15297.895,1.996
2563,B,rx,2363,0,30,15299.980,1.879
2564,A,rx,2367,0,30,15303.316,1.760
2565,B,rx,2368,0,30,15305.129,1.645
2566,A,rx,2372,0,30,15308.823,1.588
2567,B,rx,2375,0,30,15312.483,1.906
2568,A,rx,2376,0,30,15314.446,1.641
2569,B,rx,2380,0,30,15318.003,1.550
2570,A,rx,2383,0,30,15321.466,1.674
2571,B,rx,2386,0,30,15325.164,1.737
2572,A,rx,2389,0,30,15328.559,1.791
2573,B,rx,2392,0,30,15332.213,1.725
2574,A,rx,2395,0,30,15337.078,1.772
2575,B,rx,2396,0,30,15338.901,1.660
2576,A,rx,2400,0,30,15342.643,1.735
2577,B,rx,2403,0,30,15346.555,1.546
2578,A,rx,2407,0,30,15350.897,1.713
2579,B,rx,2410,0,30,15354.079,1.865
2580,A,rx,2413,0,30,15357.579,1.803
2581,B,rx,2416,0,30,15361.794,1.594
2582,A,rx,2420,0,30,15366.176,1.488
2583,B,rx,2421,0,30,15367.714,1.736
2584,A,rx,2425,0,30,15371.870,2.215
2585,B,rx,2428,0,30,15375.416,1.600
2586,A,rx,2431,0,30,15379.059,1.707
2587,B,rx,2435,0,30,15383.475,1.489
2588,A,rx,2438,0,30,15386.561,1.559
2589,B,rx,2441,0,30,15390.560,2.194
2590,A,rx,2442,0,30,15392.835,1.874
2591,B,rx,2446,0,30,15396.219,1.530
2592,A,rx,2449,0,30,15399.651,1.510
2593,B,rx,2450,0,30,15401.240,1.863
2594,A,rx,2454,0,30,15405.369,2.239
2595,B,rx,2458,0,30,15409.891,2.072
2596,A,rx,2461,0,30,15413.663,1.669
2597,B,rx,31,0,34,15416.615,1.896
2598,A,rx,2467,0,30,15420.038,1.712
2599,B,rx,2470,0,30,15423.737,2.259
2600,A,rx,2474,0,30,15428.104,1.617
2601,B,rx,2477,0,30,15431.853,1.783
2602,A,rx,2481,0,30,15436.033,1.697
2603,B,rx,2484,0,30,15439.426,1.945
2604,A,rx,2487,0,30,15442.992,2.059
2605,B,rx,2490,0,30,15446.694,1.839
2606,A,rx,2491,0,30,15448.607,1.957
2607,B,rx,2495,0,30,15452.074,1.603
2608,A,rx,2498,0,30,15455.571,1.610
2609,B,rx,2501,0,30,15459.242,1.648
2610,A,rx,2505,0,30,15463.659,1.592
2611,B,rx,2508,0,30,15466.837,2.105
2612,A,rx,2512,0,30,15472.807,2.152
2613,B,rx,2513,0,30,15475.034,1.754
2614,A,rx,2515,0,30,15476.865,1.680
2615,B,rx,2519,0,30,15480.566,1.664
2616,A,rx,2522,0,30,15484.555,1.576
2617,B,rx,2525,0,30,15488.136,2.475
2618,A,rx,2526,0,30,15490.688,2.268
2619,B,rx,2531,0,30,15494.843,2.045
2620,A,rx,2535,0,30,15499.330,1.668
2621,B,rx,2538,0,30,15503.592,1.962
2622,A,rx,2539,0,30,15505.630,1.873
2623,B,rx,2543,0,30,15508.475,1.694
2624,A,rx,2544,0,30,15510.254,1.904
2625,B,rx,2548,0,30,15514.045,1.600
2626,A,rx,2551,0,30,15517.493,1.659
2627,B,rx,2554,0,30,15521.167,1.752
2628,A,rx,2557,0,30,15524.656,1.651
2629,B,rx,2558,0,30,15526.369,1.684
2630,A,rx,2562,0,30,15530.400,1.682
2631,B,rx,2565,0,30,15534.027,1.724
2632,A,rx,2566,0,30,15535.831,1.908
2633,B,rx,2570,0,30,15539.424,1.655
2634,A,rx,2573,0,30,15543.246,1.902
2635,B,rx,2574,0,30,15545.225,2.198
2636,A,rx,2579,0,30,15549.967,1.672
2637,B,rx,2582,0,30,15553.672,1.705
2638,A,rx,2585,0,30,15557.298,2.275
2639,B,rx,2589,0,30,15561.801,2.161
2640,A,rx,2593,0,30,15566.486,1.714
2641,B,rx,2594,0,30,15568.272,1.857
2642,A,rx,2598,0,30,15572.052,2.205
2643,B,rx,2601,0,30,15575.612,1.779
2644,A,rx,2604,0,30,15579.098,1.759
2645,B,rx,2608,0,30,15583.617,1.573
2646,A,rx,2609,0,30,15585.236,1.854
2647,B,rx,2613,0,30,15589.276,1.705
2648,A,rx,2617,0,30,15593.797,1.703
2649,B,rx,2618,0,30,15595.562,1.713
2650,A,rx,2622,0,30,15599.537,2.220
2651,B,rx,2625,0,30,15603.821,1.768
2652,A,rx,2628,0,30,15607.596,2.402
2653,B,rx,2632,0,30,15612.102,2.124
2654,A,rx,2635,0,30,15615.761,1.637
2655,B,rx,2639,0,30,15620.220,1.711
2656,A,rx,2640,0,30,15622.005,2.117
2657,B,rx,2642,0,30,15624.193,1.987
2658,A,rx,2646,0,30,15628.126,2.132
2659,B,rx,2647,0,30,15630.312,1.600
2660,A,rx,2649,0,30,15631.963,1.649
2661,B,rx,2652,0,30,15635.229,1.628
2662,A,rx,2656,0,30,15639.591,1.647
2663,B,rx,2659,0,30,15643.144,1.666
2664,A,rx,2663,0,30,15647.680,1.676
2665,B,rx,2666,0,30,15650.819,1.639
2666,A,rx,2669,0,30,15654.371,1.817
2667,B,rx,2672,0,30,15658.022,1.868
2668,A,rx,2673,0,30,15659.949,1.654
2669,B,rx,2677,0,30,15663.555,1.604
2670,A,rx,2680,0,30,15667.136,1.631
2671,B,rx,2681,0,30,15668.821,1.544
2672,A,rx,2685,0,30,15672.808,1.593
2673,B,rx,2688,0,30,15676.074,1.570
2674,A,rx,2689,0,30,15677.703,1.728
2675,B,rx,2693,0,30,15682.026,1.505
2676,A,rx,2694,0,30,15683.584,1.672
2677,B,rx,2697,0,30,15686.813,1.720
2678,A,rx,2700,0,30,15690.477,1.913
2679,B,rx,2703,0,30,15694.138,1.698
2680,A,rx,2706,0,30,15697.605,2.181
2681,B,rx,2707,0,30,15699.842,1.622
2682,A,rx,2711,0,30,15703.084,1.753
2683,B,rx,2714,0,30,15706.669,1.872
2684,A,rx,2715,0,30,15708.602,1.698
2685,B,rx,2719,0,30,15712.207,1.926
2686,A,rx,2722,0,30,15715.851,2.233
2687,B,rx,2723,0,30,15718.142,1.659
2688,A,rx,2727,0,30,15721.438,1.624
2689,B,rx,2730,0,30,15724.946,1.623
2690,A,rx,2733,0,30,15728.424,1.635
2691,B,rx,2736,0,30,15732.954,2.130
2692,A,rx,2737,0,30,15735.153,2.563
2693,B,rx,2739,0,30,15737.802,1.834
2694,A,rx,2744,0,30,15742.041,1.689
2695,B,rx,2745,0,30,15743.786,1.680
2696,A,rx,2749,0,30,15747.760,1.518
2697,B,rx,2752,0,30,15751.114,1.655
2698,A,rx,2755,0,30,15754.247,1.588
2699,B,rx,2756,0,30,15755.893,1.701
2700,A,rx,2760,0,30,15760.487,2.227
2701,B,rx,2761,0,30,15762.782,1.700
2702,A,rx,2765,0,30,15766.309,1.685
2703,B,rx,2769,0,30,15770.516,2.290
2704,A,rx,2770,0,30,15772.895,2.243
2705,B,rx,2775,0,30,15777.250,1.763
2706,A,rx,2778,0,30,15781.191,1.696
2707,B,rx,2782,0,30,15785.772,1.725
2708,A,rx,2783,0,30,15787.554,1.944
2709,B,rx,2785,0,30,15790.489,1.808
2710,A,rx,2790,0,30,15794.874,1.761
2711,B,rx,2791,0,30,15796.709,2.154
2712,A,rx,2793,0,30,15798.920,2.047
2713,B,rx,2797,0,30,15802.887,1.652
2714,A,rx,2798,0,30,15804.596,1.713
2715,B,rx,2802,0,30,15808.651,1.648
2716,A,rx,2805,0,30,15811.747,1.493
2717,B,rx,2807,0,30,15814.286,1.600
2718,A,rx,2808,0,30,15815.945,1.801
2719,B,rx,2812,0,30,15819.933,1.568
2720,A,rx,2815,0,30,15823.379,2.334
2721,B,rx,2819,0,30,15827.976,2.278
2722,A,rx,2823,0,30,15832.585,2.012
2723,B,rx,2824,0,30,15834.656,1.713
2724,A,rx,2828,0,30,15838.138,1.720
2725,B,rx,2831,0,30,15842.159,1.685
2726,A,rx,2835,0,30,15846.714,1.878
2727,B,rx,2836,0,30,15848.657,1.885
2728,A,rx,2840,0,30,15852.789,1.631
2729,B,rx,2843,0,30,15856.546,1.647
2730,A,rx,2846,0,30,15860.147,2.026
2731,B,rx,2849,0,30,15864.616,2.274
2732,A,rx,2853,0,30,15869.150,1.665
2733,B,rx,2854,0,30,15870.875,1.947
2734,A,rx,2856,0,30,15873.848,1.548
2735,B,rx,2861,0,30,15878.216,1.659
2736,A,rx,2862,0,30,15879.935,1.724
2737,B,rx,2866,0,30,15884.363,1.672
2738,A,rx,2867,0,30,15886.125,2.223
2739,B,rx,2871,0,30,15890.112,1.747
2740,A,rx,1897,13,34,15893.087,1.887
2741,B,rx,2877,0,30,15896.507,1.607
2742,A,rx,2880,0,30,15900.156,1.609
2743,B,rx,2884,0,30,15904.752,1.611
2744,A,rx,2885,0,30,15906.416,1.651
2745,B,rx,2889,0,30,15910.453,1.515
2746,A,rx,2892,0,30,15914.374,1.826
2747,B,rx,2896,0,30,15918.832,1.921
2748,A,rx,2897,0,30,15920.837,2.073
2749,B,rx,2901,0,30,15924.568,1.652
2750,A,rx,2904,0,30,16268.977,1.719
2751,B,rx,2908,0,30,16272.956,1.540
2752,A,rx,2910,0,30,16275.562,1.417
2753,B,rx,2913,0,30,16278.632,1.497
2754,A,rx,2916,0,30,16282.078,1.592
2755,B,rx,2919,0,30,16285.115,1.371
2756,A,rx,2922,0,30,16288.711,1.565
2757,B,rx,2923,0,30,16290.401,1.621
2758,A,rx,2928,0,30,16294.454,1.461
2759,B,rx,2931,0,30,16297.728,1.568
2760,A,rx,2932,0,30,16299.388,1.654
2761,B,rx,2936,0,30,16302.700,1.472
2762,A,rx,2939,0,30,16305.924,1.561
2763,B,rx,2940,0,30,16307.545,1.552
2764,A,rx,2943,0,30,16310.073,2.077
2765,B,rx,2944,0,30,16312.196,2.232
2766,A,rx,2946,0,30,16314.480,1.528
2767,B,rx,2950,0,30,16317.847,1.516
2768,A,rx,2954,0,30,16321.840,1.629
2769,B,rx,2958,0,30,16325.787,1.585
2770,A,rx,2960,0,30,16328.726,1.751
2771,B,rx,2963,0,30,16331.555,2.103
2772,A,rx,2964,0,30,16333.719,1.589
2773,B,rx,2968,0,30,16336.348,1.487
2774,A,rx,2969,0,30,16337.896,1.779
2775,B,rx,2973,0,30,16342.214,2.209
2776,A,rx,2977,0,30,16346.110,1.938
2777,B,rx,2981,0,30,16350.291,2.381
2778,A,rx,2985,0,30,16354.330,1.787
2779,B,rx,2989,0,30,16358.789,2.240
2780,A,rx,2990,0,30,16361.105,1.765
2781,B,rx,2994,0,30,16364.114,1.623
2782,A,rx,2997,0,30,16367.129,1.822
2783,B,rx,2998,0,30,16369.016,1.652
2784,A,rx,3000,0,30,16370.723,1.564
2785,B,rx,3004,0,30,16374.128,1.570
2786,A,rx,3005,0,30,16375.768,2.176
2787,B,rx,3009,0,30,16379.842,2.088
2788,A,rx,3012,0,30,16383.924,1.800
2789,B,rx,3016,0,30,16387.948,1.525
2790,A,rx,3020,0,30,16392.150,1.655
2791,B,rx,3024,0,30,16396.144,1.519
2792,A,rx,3028,0,30,16400.492,1.557
2793,B,rx,3031,0,30,16403.728,2.121
2794,A,rx,3032,0,30,16405.902,1.569
2795,B,rx,3036,0,30,16408.802,1.690
2796,A,rx,3037,0,30,16410.573,1.985
2797,B,rx,3039,0,30,16412.613,1.680
2798,A,rx,3043,0,30,16416.182,1.666
2799,B,rx,3046,0,30,16419.446,2.253
2800,A,rx,3050,0,30,16423.453,1.495
2801,B,rx,3054,0,30,16427.397,1.561
2802,A,rx,3057,0,30,16430.749,1.761
2803,B,rx,3058,0,30,16432.563,1.682
2804,A,rx,3063,0,30,16437.076,1.887
2805,B,rx,3066,0,30,16440.339,1.701
2806,A,rx,3067,0,30,16442.124,2.275
2807,B,rx,3069,0,30,16444.552,1.591
2808,A,rx,3073,0,30,16447.262,1.513
2809,B,rx,3074,0,30,16448.846,1.824
2810,A,rx,3078,0,30,16452.929,1.647
2811,B,rx,3082,0,30,16456.920,1.616
2812,A,rx,3085,0,30,16460.022,1.657
2813,B,rx,3089,0,30,16464.087,1.799
2814,A,rx,3093,0,30,16468.713,1.749
2815,B,rx,3094,0,30,16470.542,2.503
2816,A,rx,3099,0,30,16474.839,1.578
2817,B,rx,3100,0,30,16476.474,1.681
2818,A,rx,3102,0,30,16478.248,1.849
2819,B,rx,3106,0,30,16482.318,1.583
2820,A,rx,3108,0,30,16484.885,1.654
2821,B,rx,3111,0,30,16487.970,1.658
2822,A,rx,3112,0,30,16489.686,1.753
2823,B,rx,3114,0,30,16491.518,1.702
2824,A,rx,3118,0,30,16495.513,2.157
2825,B,rx,3122,0,30,16499.550,1.674
2826,A,rx,3126,0,30,16503.714,2.182
2827,B,rx,3129,0,30,16507.395,1.908
2828,A,rx,3130,0,30,16509.368,1.704
2829,B,rx,3133,0,30,16512.213,1.712
2830,A,rx,3136,0,30,16515.306,1.668
2831,B,rx,3137,0,30,16517.029,1.950
2832,A,rx,3139,0,30,16519.955,1.554
2833,B,rx,3143,0,30,16522.916,1.671
2834,A,rx,3146,0,30,16526.233,1.612
2835,B,rx,3147,0,30,16527.906,1.671
2836,A,rx,3151,0,30,16531.037,1.614
2837,B,rx,3154,0,30,16534.557,1.716
2838,A,rx,3155,0,30,16536.347,1.691
2839,B,rx,3160,0,30,16540.646,2.389
2840,A,rx,3161,0,30,16543.105,1.745
2841,B,rx,3165,0,30,16546.057,1.698
2842,A,rx,3168,0,30,16549.385,1.749
2843,B,rx,3172,0,30,16553.537,1.838
2844,A,rx,3176,0,30,16557.694,2.585
2845,B,rx,3181,0,30,16563.352,1.713
2846,A,rx,3182,0,30,16565.129,1.627
2847,B,rx,3186,0,30,16568.273,1.631
2848,A,rx,3189,0,30,16571.476,1.731
2849,B,rx,3190,0,30,16573.263,1.739
2850,A,rx,3192,0,30,16575.090,1.840
2851,B,rx,3194,0,30,16577.647,1.685
2852,A,rx,3196,0,30,16579.399,1.994
2853,B,rx,3200,0,30,16582.852,1.637
2854,A,rx,3204,0,30,16587.088,1.824
2855,B,rx,3208,0,30,16591.091,1.634
2856,A,rx,3212,0,30,16595.070,1.624
2857,B,rx,3216,0,30,16599.496,1.661
2858,A,rx,3217,0,30,16601.216,1.592
2859,B,rx,3221,0,30,16604.885,1.661
2860,A,rx,3224,0,30,16607.823,1.828
2861,B,rx,3227,0,30,16611.031,1.749
2862,A,rx,3228,0,30,16612.862,2.172
2863,B,rx,3230,0,30,16615.090,1.748
2864,A,rx,3234,0,30,16618.453,1.661
2865,B,rx,3238,0,30,16622.584,1.562
2866,A,rx,3241,0,30,16625.732,1.694
2867,B,rx,3245,0,30,16629.780,1.895
2868,A,rx,3249,0,30,16634.332,1.628
2869,B,rx,3250,0,30,16636.020,1.711
2870,A,rx,3255,0,30,16640.299,2.306
2871,B,rx,3258,0,30,16644.475,1.577
2872,A,rx,3261,0,30,16647.623,1.577
2873,B,rx,3262,0,30,16649.258,1.667
2874,A,rx,3264,0,30,16650.976,1.674
2875,B,rx,3268,0,30,16655.099,2.202
2876,A,rx,3272,0,30,16659.041,1.741
2877,B,rx,3276,0,30,16663.168,1.981
2878,A,rx,3280,0,30,16667.383,2.041
2879,B,rx,3284,0,30,16671.860,1.745
2880,A,rx,3285,0,30,16673.690,2.284
2881,B,rx,3291,0,30,16678.920,1.711
2882,A,rx,3294,0,30,16682.167,2.055
2883,B,rx,3295,0,30,16684.286,1.719
2884,A,rx,3299,0,30,16687.194,1.678
2885,B,rx,3300,0,30,16688.953,2.133
2886,A,rx,3302,0,30,16691.174,1.957
2887,B,rx,3306,0,30,16694.679,2.203
2888,A,rx,3310,0,30,16698.721,2.152
2889,B,rx,3314,0,30,16702.891,1.783
2890,A,rx,3318,0,30,16707.360,2.174
2891,B,rx,3319,0,30,16709.594,1.684
2892,A,rx,3322,0,30,16712.617,1.503
2893,B,rx,3323,0,30,16714.168,1.810
2894,A,rx,2873,12,34,16716.999,1.686
2895,B,rx,3330,0,30,16720.981,1.490
2896,A,rx,3333,0,30,16724.604,1.893
2897,B,rx,3334,0,30,16726.555,1.680
2898,A,rx,3339,0,30,16730.619,1.674
2899,B,rx,3342,0,30,16733.724,1.494
2900,A,rx,3343,0,30,16735.278,1.650
2901,B,rx,3346,0,30,16737.856,1.482
2902,A,rx,3347,0,30,16739.395,1.633
2903,B,rx,3351,0,30,16743.420,1.717
2904,A,rx,3355,0,30,16747.590,2.115
2905,B,rx,3359,0,30,16751.556,1.788
2906,A,rx,3363,0,30,16755.509,2.356
2907,B,rx,3367,0,30,16760.062,1.866
2908,A,rx,3368,0,30,16762.004,2.036
2909,B,rx,3373,0,30,16766.355,2.277
2910,A,rx,3374,0,30,16768.693,1.669
2911,B,rx,3378,0,30,16772.695,2.254
2912,A,rx,3379,0,30,16775.024,1.862
2913,B,rx,3384,0,30,16779.106,1.676
2914,A,rx,3388,0,30,16783.111,1.690
2915,B,rx,3392,0,30,16787.571,1.605
2916,A,rx,3393,0,30,16789.232,1.764
2917,B,rx,3398,0,30,16793.572,1.556
2918,A,rx,3399,0,30,16795.182,1.603
2919,B,rx,3403,0,30,16798.800,2.328
2920,A,rx,3404,0,30,16801.199,1.680
2921,B,rx,3408,0,30,16804.446,1.594
2922,A,rx,3411,0,30,16807.566,1.513
2923,B,rx,3415,0,30,16811.535,1.617
2924,A,rx,3418,0,30,16814.721,2.167
2925,B,rx,3422,0,30,16819.384,2.849
2926,A,rx,3423,0,30,16822.383,2.544
2927,B,rx,3429,0,30,16826.565,2.588
2928,A,rx,3433,0,30,16830.675,1.842
2929,B,rx,3434,0,30,16832.606,2.375
2930,A,rx,3439,0,30,16837.035,2.125
2931,B,rx,3443,0,30,16841.079,2.377
2932,A,rx,3447,0,30,16845.197,2.541
2933,B,rx,3448,0,30,16847.882,2.480
2934,A,rx,3454,0,30,16852.636,2.330
2935,B,rx,3455,0,30,16855.033,1.750
2936,A,rx,3459,0,30,16858.798,2.522
2937,B,rx,3460,0,30,16861.433,2.485
2938,A,rx,3466,0,30,16866.179,2.707
2939,B,rx,3467,0,30,16869.012,1.878
2940,A,rx,3470,0,30,16870.948,2.259
2941,B,rx,3472,0,30,16873.275,1.844
2942,A,rx,3476,0,30,16876.354,1.776
2943,B,rx,3479,0,30,16879.671,2.083
2944,A,rx,3483,0,30,16883.879,1.869
2945,B,rx,3484,0,30,16885.816,1.746
2946,A,rx,3489,0,30,16890.521,2.014
2947,B,rx,3493,0,30,16894.620,2.598
2948,A,rx,3494,0,30,16897.294,1.871
2949,B,rx,3497,0,30,16899.225,1.732
2950,A,rx,3499,0,30,16901.053,2.427
2951,B,rx,3502,0,30,16905.088,1.870
2952,A,rx,3506,0,30,16909.235,2.513
2953,B,rx,2768,3,34,16913.295,1.688
2954,A,rx,3514,0,30,16917.552,1.711
2955,B,rx,3515,0,30,16919.326,2.728
2956,A,rx,3517,0,30,16923.131,1.775
2957,B,rx,3520,0,30,16924.956,1.863
2958,A,rx,3524,0,30,16927.961,1.818
2959,B,rx,3525,0,30,16929.847,1.888
2960,A,rx,3529,0,30,16933.440,1.691
2961,B,rx,3533,0,30,16937.621,1.731
2962,A,rx,3537,0,30,16941.536,2.138
2963,B,rx,3541,0,30,16945.769,2.125
2964,A,rx,3545,0,30,16950.245,1.823
2965,B,rx,3546,0,30,16952.126,1.802
2966,A,rx,3550,0,30,16955.309,1.579
2967,B,rx,3551,0,30,16956.946,1.562
2968,A,rx,3555,0,30,16960.318,1.669
2969,B,rx,3558,0,30,16963.347,1.796
2970,A,rx,3561,0,30,16967.038,1.637
2971,B,rx,3565,0,30,16970.943,2.012
2972,A,rx,3569,0,30,16975.001,1.666
2973,B,rx,3573,0,30,16979.146,1.700
2974,A,rx,3577,0,30,16983.550,1.688
2975,B,rx,3578,0,30,16985.309,1.714
2976,A,rx,3582,0,30,16988.658,1.631
2977,B,rx,3583,0,30,16990.354,1.919
2978,A,rx,3587,0,30,16993.930,1.741
2979,B,rx,3590,0,30,16997.092,1.803
2980,A,rx,3591,0,30,16998.966,1.697
2981,B,rx,3593,0,30,17000.711,1.576
2982,A,rx,3597,0,30,17004.707,1.691
2983,B,rx,3601,0,30,17008.744,2.237
2984,A,rx,3605,0,30,17012.744,2.191
2985,B,rx,3609,0,30,17017.086,2.181
2986,A,rx,3610,0,30,17019.350,2.114
2987,B,rx,3616,0,30,17024.246,2.135
2988,A,rx,3617,0,30,17026.457,2.092
2989,B,rx,3619,0,30,17028.617,1.998
2990,A,rx,3623,0,30,17032.402,1.947
2991,B,rx,3624,0,30,17034.406,1.785
2992,A,rx,3626,0,30,17036.282,2.816
2993,B,rx,3628,0,30,17039.189,2.181
2994,A,rx,3633,0,30,17043.224,2.238
2995,B,rx,3637,0,30,17047.212,2.199
2996,A,rx,3641,0,30,17051.471,2.299
2997,B,rx,3642,0,30,17053.834,1.726
2998,A,rx,3647,0,30,17057.949,1.588
2999,B,rx,3648,0,30,17059.627,1.636
3000,A,rx,3652,0,30,17062.943,1.717
3001,B,rx,3655,0,30,17066.251,1.986
3002,A,rx,3659,0,30,17070.763,1.706
3003,B,rx,3663,0,30,17074.729,1.602
3004,A,rx,3667,0,30,17078.982,1.614
3005,B,rx,3668,0,30,17080.679,2.121
3006,A,rx,3673,0,30,17085.214,1.804
3007,B,rx,3676,0,30,17088.464,1.678
3008,A,rx,3677,0,30,17090.217,2.212
3009,B,rx,3679,0,30,17092.492,1.645
3010,A,rx,3681,0,30,17094.193,1.777
3011,B,rx,3683,0,30,17096.062,1.783
3012,A,rx,3687,0,30,17100.021,1.699
3013,B,rx,3691,0,30,17104.254,1.811
3014,A,rx,3692,0,30,17106.135,1.898
3015,B,rx,3697,0,30,17110.129,2.059
3016,A,rx,3701,0,30,17114.714,1.657
3017,B,rx,3702,0,30,17116.456,2.306
3018,A,rx,3707,0,30,17120.785,1.637
3019,B,rx,3708,0,30,17122.479,1.897
3020,A,rx,3712,0,30,17125.926,2.238
3021,B,rx,3713,0,30,17128.222,1.972
3022,A,rx,3718,0,30,17132.161,2.203
3023,B,rx,3719,0,30,17134.441,1.964
3024,A,rx,3724,0,30,17138.687,1.706
3025,B,rx,3728,0,30,17142.816,2.164
3026,A,rx,3732,0,30,17146.916,1.672
3027,B,rx,3736,0,30,17151.279,1.612
3028,A,rx,3737,0,30,17152.953,1.642
3029,B,rx,3741,0,30,17156.375,1.510
3030,A,rx,3742,0,30,17157.942,1.632
3031,B,rx,3746,0,30,17162.618,1.810
3032,A,rx,3747,0,30,17164.492,1.586
3033,B,rx,3749,0,30,17166.139,1.660
3034,A,rx,3753,0,30,17169.532,1.695
3035,B,rx,3756,0,30,17173.151,1.611
3036,A,rx,3759,0,30,17176.323,1.685
3037,B,rx,3763,0,30,17180.310,1.762
3038,A,rx,3767,0,30,17184.476,2.171
3039,B,rx,3771,0,30,17188.924,2.244
3040,A,rx,3772,0,30,17191.219,1.662
3041,B,rx,3776,0,30,17194.174,1.671
3042,A,rx,3779,0,30,17197.299,1.664
3043,B,rx,3782,0,30,17200.290,1.632
3044,A,rx,3783,0,30,17201.977,1.577
3045,B,rx,3785,0,30,17203.631,1.773
3046,A,rx,3789,0,30,17207.793,1.733
3047,B,rx,3793,0,30,17212.227,1.702
3048,A,rx,3794,0,30,17213.991,2.021
3049,B,rx,3798,0,30,17217.333,1.647
3050,A,rx,3799,0,30,17219.052,1.736
3051,B,rx,3803,0,30,17222.479,1.482
3052,A,rx,3804,0,30,17224.016,1.730
3053,B,rx,3808,0,30,17227.453,2.013
3054,A,rx,3811,0,30,17230.607,1.601
3055,B,rx,3814,0,30,17234.125,1.662
3056,A,rx,3818,0,30,17238.237,1.588
3057,B,rx,3822,0,30,17242.375,1.674
3058,A,rx,3826,0,30,17246.770,1.846
3059,B,rx,3827,0,30,17248.701,2.198
3060,A,rx,3832,0,30,17252.794,1.713
3061,B,rx,3833,0,30,17254.562,1.675
3062,A,rx,3837,0,30,17258.484,1.580
3063,B,rx,3840,0,30,17261.648,1.708
3064,A,rx,3844,0,30,17265.744,1.712
3065,B,rx,3848,0,30,17270.096,1.748
3066,A,rx,3852,0,30,17274.050,1.640
3067,B,rx,3853,0,30,17275.741,1.607
3068,A,rx,3856,0,30,17278.568,1.607
3069,B,rx,3857,0,30,17280.264,2.064
3070,A,rx,3859,0,30,17282.396,1.645
3071,B,rx,3861,0,30,17284.124,2.406
3072,A,rx,3865,0,30,17287.748,1.866
3073,B,rx,3866,0,30,17289.715,2.531
3074,A,rx,3870,0,30,17294.314,2.491
3075,B,rx,3871,0,30,17296.878,1.875
3076,A,rx,3876,0,30,17300.379,2.345
3077,B,rx,2686,6,34,17303.807,1.922
3078,A,rx,3880,0,30,17305.803,1.879
3079,B,rx,3885,0,30,17309.926,2.574
3080,A,rx,3886,0,30,17312.576,2.191
3081,B,rx,3891,0,30,17316.384,2.360
3082,A,rx,3895,0,30,17320.355,2.412
3083,B,rx,3896,0,30,17322.858,2.707
3084,A,rx,3899,0,30,17325.666,2.766
3085,B,rx,3902,0,30,17330.084,2.272
3086,A,rx,3904,0,30,17656.057,1.744
3087,B,rx,3905,0,30,17657.863,1.745
3088,A,rx,3909,0,30,17661.215,1.594
3089,B,rx,3910,0,30,17662.870,1.488
3090,A,rx,3913,0,30,17665.446,1.713
3091,B,rx,3914,0,30,17667.231,1.843
3092,A,rx,3916,0,30,17669.122,1.546
3093,B,rx,3920,0,30,17672.888,1.441
3094,A,rx,3923,0,30,17676.128,1.832
3095,B,rx,3927,0,30,17680.185,1.567
3096,A,rx,3929,0,30,17683.523,1.681
3097,B,rx,3933,0,30,17687.633,1.630
3098,A,rx,3934,0,30,17689.352,2.290
3099,B,rx,3938,0,30,17692.993,1.559
3100,A,rx,3939,0,30,17694.640,2.291
3101,B,rx,3941,0,30,17697.019,2.204
3102,A,rx,3943,0,30,17699.307,2.227
3103,B,rx,3948,0,30,17703.679,1.675
3104,A,rx,3952,0,30,17707.720,1.523
3105,B,rx,3956,0,30,17711.613,1.492
3106,A,rx,3959,0,30,17715.126,1.897
3107,B,rx,3960,0,30,17717.083,1.806
3108,A,rx,3964,0,30,17720.462,2.054
3109,B,rx,3965,0,30,17722.589,1.623
3110,A,rx,3969,0,30,17725.973,1.777
3111,B,rx,3973,0,30,17730.203,1.682
3112,A,rx,3977,0,30,17734.093,1.605
3113,B,rx,3981,0,30,17738.463,1.596
3114,A,rx,3982,0,30,17740.117,2.010
3115,B,rx,3987,0,30,17744.572,1.982
3116,A,rx,3988,0,30,17746.610,1.627
3117,B,rx,3990,0,30,17748.324,2.212
3118,A,rx,3994,0,30,17751.866,1.884
3119,B,rx,3995,0,30,17753.836,2.237
3120,A,rx,3997,0,30,17756.161,1.806
3121,B,rx,4003,0,30,17761.331,1.622
3122,A,rx,4006,0,30,17764.699,1.659
3123,B,rx,4010,0,30,17768.740,1.664
3124,A,rx,4014,0,30,17772.983,2.004
3125,B,rx,4018,0,30,17777.097,1.640
3126,A,rx,4019,0,30,17778.815,2.282
3127,B,rx,4023,0,30,17782.520,1.897
3128,A,rx,4024,0,30,17784.493,2.215
3129,B,rx,4029,0,30,17788.395,1.663
3130,A,rx,4032,0,30,17791.991,1.695
3131,B,rx,4036,0,30,17795.975,1.491
3132,A,rx,4039,0,30,17799.155,1.606
3133,B,rx,4043,0,30,17803.280,1.597
3134,A,rx,4047,0,30,17807.528,1.444
3135,B,rx,4048,0,30,17809.017,1.779
3136,A,rx,4051,0,30,17812.788,1.707
3137,B,rx,4052,0,30,17814.566,1.779
3138,A,rx,4054,0,30,17816.427,2.304
3139,B,rx,4058,0,30,17819.769,1.537
3140,A,rx,4059,0,30,17821.371,1.591
3141,B,rx,4062,0,30,17824.565,2.087
3142,A,rx,4066,0,30,17828.573,1.708
3143,B,rx,4070,0,30,17832.664,1.689
3144,A,rx,4074,0,30,17837.077,1.630
3145,B,rx,4075,0,30,17838.793,2.311
3146,A,rx,4079,0,30,17842.404,1.700
3147,B,rx,4082,0,30,17845.486,2.245
3148,A,rx,4083,0,30,17847.785,1.879
3149,B,rx,4088,0,30,17851.424,1.729
3150,A,rx,4091,0,30,17854.941,1.746
3151,B,rx,4095,0,30,17859.135,1.904
3152,A,rx,3,0,30,17863.185,2.278
3153,B,rx,7,0,30,17867.525,1.825
3154,A,rx,8,0,30,17869.428,2.285
3155,B,rx,12,0,30,17872.727,1.678
3156,A,rx,13,0,30,17874.465,1.695
3157,B,rx,15,0,30,17876.232,1.838
3158,A,rx,19,0,30,17879.760,1.597
3159,B,rx,20,0,30,17881.410,1.658
3160,A,rx,24,0,30,17885.314,1.588
3161,B,rx,27,0,30,17888.387,1.670
3162,A,rx,30,0,30,17891.500,1.714
3163,B,rx,34,0,30,17895.612,1.685
3164,A,rx,38,0,30,17900.021,2.249
3165,B,rx,39,0,30,17902.347,2.013
3166,A,rx,44,0,30,17906.268,1.653
3167,B,rx,47,0,30,17909.439,1.654
3168,A,rx,50,0,30,17912.542,1.863
3169,B,rx,51,0,30,17914.462,1.690
3170,A,rx,55,0,30,17918.007,1.799
3171,B,rx,56,0,30,17919.858,1.623
3172,A,rx,60,0,30,17923.052,1.565
3173,B,rx,64,0,30,17927.077,1.497
3174,A,rx,67,0,30,17930.645,2.120
3175,B,rx,68,0,30,17932.818,1.752
3176,A,rx,73,0,30,17936.950,1.618
3177,B,rx,74,0,30,17938.624,1.707
3178,A,rx,76,0,30,17940.421,1.971
3179,B,rx,79,0,30,17943.991,2.218
3180,A,rx,80,0,30,17946.275,1.648
3181,B,rx,84,0,30,17949.341,2.194
3182,A,rx,88,0,30,17953.579,2.238
3183,B,rx,92,0,30,17957.687,1.731
3184,A,rx,96,0,30,17961.694,1.519
3185,B,rx,100,0,30,17966.279,2.288
3186,A,rx,101,0,30,17968.656,1.861
3187,B,rx,106,0,30,17972.420,1.862
3188,A,rx,109,0,30,17975.585,1.775
3189,B,rx,110,0,30,17977.440,2.259
3190,A,rx,112,0,30,17979.775,2.148
3191,B,rx,117,0,30,17984.105,1.607
3192,A,rx,121,0,30,17988.251,2.204
3193,B,rx,125,0,30,17992.025,1.549
3194,A,rx,128,0,30,17995.262,1.902
3195,B,rx,129,0,30,17997.216,1.634
3196,A,rx,134,0,30,18001.770,2.126
3197,B,rx,135,0,30,18003.968,2.161
3198,A,rx,140,0,30,18007.922,1.586
3199,B,rx,141,0,30,18009.565,2.301
3200,A,rx,143,0,30,18011.955,2.155
3201,B,rx,145,0,30,18014.197,2.292
3202,A,rx,150,0,30,18018.612,1.651
3203,B,rx,154,0,30,18023.101,1.685
3204,A,rx,155,0,30,18024.863,2.363
3205,B,rx,160,0,30,18029.084,1.950
3206,A,rx,161,0,30,18031.108,1.785
3207,B,rx,166,0,30,18035.141,2.167
3208,A,rx,167,0,30,18037.377,1.739
3209,B,rx,169,0,30,18039.229,1.996
3210,A,rx,171,0,30,18041.300,2.227
3211,B,rx,173,0,30,18043.591,1.699
3212,A,rx,177,0,30,18046.457,1.571
3213,B,rx,180,0,30,18049.927,1.801
3214,A,rx,184,0,30,18054.062,1.953
3215,B,rx,188,0,30,18058.183,2.193
3216,A,rx,189,0,30,18060.431,1.700
3217,B,rx,194,0,30,18064.541,1.668
3218,A,rx,195,0,30,18066.271,1.732
3219,B,rx,199,0,30,18069.813,2.200
3220,A,rx,202,0,30,18074.022,1.619
3221,B,rx,205,0,30,18077.082,1.616
3222,A,rx,206,0,30,18078.757,1.726
3223,B,rx,208,0,30,18080.540,1.700
3224,A,rx,212,0,30,18084.466,1.602
3225,B,rx,215,0,30,18087.483,1.521
3226,A,rx,218,0,30,18090.706,1.788
3227,B,rx,222,0,30,18094.672,1.626
3228,A,rx,225,0,30,18098.247,1.604
3229,B,rx,226,0,30,18099.928,2.201
3230,A,rx,230,0,30,18103.377,1.667
3231,B,rx,231,0,30,18105.105,1.681
3232,A,rx,233,0,30,18106.895,1.523
3233,B,rx,236,0,30,18109.520,1.593
3234,A,rx,237,0,30,18111.169,1.878
3235,B,rx,241,0,30,18114.980,1.575
3236,A,rx,244,0,30,18118.075,1.519
3237,B,rx,247,0,30,18121.724,2.282
3238,A,rx,248,0,30,18124.064,1.880
3239,B,rx,253,0,30,18127.760,1.811
3240,A,rx,254,0,30,18129.635,1.789
3241,B,rx,256,0,30,18131.497,1.869
3242,A,rx,258,0,30,18133.426,1.643
3243,B,rx,262,0,30,18137.420,1.679
3244,A,rx,266,0,30,18141.547,1.699
3245,B,rx,270,0,30,18145.765,1.595
3246,A,rx,274,0,30,18149.937,1.665
3247,B,rx,275,0,30,18151.665,1.623
3248,A,rx,279,0,30,18155.357,1.727
3249,B,rx,282,0,30,18158.208,2.237
3250,A,rx,283,0,30,18160.512,2.108
3251,B,rx,288,0,30,18164.352,1.634
3252,A,rx,291,0,30,18167.795,1.692
3253,B,rx,295,0,30,18171.839,1.568
3254,A,rx,298,0,30,18174.886,1.682
3255,B,rx,301,0,30,18177.945,1.666
3256,A,rx,305,0,30,18182.378,1.623
3257,B,rx,309,0,30,18186.757,2.269
3258,A,rx,310,0,30,18189.090,1.877
3259,B,rx,315,0,30,18192.764,1.790
3260,A,rx,316,0,30,18194.628,1.881
3261,B,rx,318,0,30,18196.563,1.693
3262,A,rx,320,0,30,18198.310,1.829
3263,B,rx,324,0,30,18203.386,1.560
3264,A,rx,327,0,30,18206.598,1.608
3265,B,rx,331,0,30,18210.586,1.512
3266,A,rx,335,0,30,18215.049,1.829
3267,B,rx,336,0,30,18216.938,1.865
3268,A,rx,341,0,30,18220.996,2.199
3269,B,rx,344,0,30,18224.523,2.292
3270,A,rx,348,0,30,18228.312,2.284
3271,B,rx,349,0,30,18230.675,2.103
3272,A,rx,354,0,30,18234.844,1.861
3273,B,rx,358,0,30,18238.891,1.492
3274,A,rx,361,0,30,18242.114,1.483
3275,B,rx,364,0,30,18245.141,1.745
3276,A,rx,368,0,30,18249.453,1.644
3277,B,rx,369,0,30,18251.152,1.732
3278,A,rx,373,0,30,18254.632,1.860
3279,B,rx,376,0,30,18257.969,1.665
3280,A,rx,377,0,30,18259.707,1.775
3281,B,rx,379,0,30,18261.536,1.700
3282,A,rx,381,0,30,18263.307,1.630
3283,B,rx,384,0,30,18266.505,1.620
3284,A,rx,388,0,30,18270.508,1.686
3285,B,rx,392,0,30,18275.109,1.652
3286,A,rx,395,0,30,18278.320,1.780
3287,B,rx,398,0,30,18281.278,1.949
3288,A,rx,399,0,30,18283.290,1.716
3289,B,rx,401,0,30,18285.093,2.061
3290,A,rx,405,0,30,18288.736,2.154
3291,B,rx,409,0,30,18292.782,1.613
3292,A,rx,412,0,30,18295.845,1.791
3293,B,rx,416,0,30,18300.286,1.671
3294,A,rx,417,0,30,18302.005,1.830
3295,B,rx,423,0,30,18308.219,1.674
3296,A,rx,424,0,30,18309.965,1.909
3297,B,rx,429,0,30,18313.736,1.842
3298,A,rx,430,0,30,18315.658,2.259
3299,B,rx,432,0,30,18317.971,1.726
3300,A,rx,436,0,30,18321.255,1.714
3301,B,rx,440,0,30,18325.242,1.630
3302,A,rx,443,0,30,18328.357,1.882
3303,B,rx,447,0,30,18333.828,1.673
3304,A,rx,448,0,30,18335.573,1.975
3305,B,rx,453,0,30,18339.931,1.781
3306,A,rx,454,0,30,18341.774,1.576
3307,B,rx,458,0,30,18345.141,2.217
3308,A,rx,459,0,30,18347.410,1.834
3309,B,rx,463,0,30,18350.148,1.653
3310,A,rx,464,0,30,18351.860,1.649
3311,B,rx,468,0,30,18355.829,2.070
3312,A,rx,472,0,30,18359.807,1.711
3313,B,rx,476,0,30,18364.079,2.217
3314,A,rx,480,0,30,18368.366,1.764
3315,B,rx,481,0,30,18370.201,2.047
3316,A,rx,485,0,30,18373.826,1.773
3317,B,rx,488,0,30,18376.718,1.597
3318,A,rx,491,0,30,18379.727,1.965
3319,B,rx,492,0,30,18381.774,2.336
3320,A,rx,497,0,30,18386.622,1.655
3321,B,rx,498,0,30,18388.369,1.572
3322,A,rx,502,0,30,18391.841,1.624
3323,B,rx,503,0,30,18393.526,1.716
3324,A,rx,507,0,30,18397.149,1.817
3325,B,rx,508,0,30,18399.038,2.074
3326,A,rx,510,0,30,18401.183,2.010
3327,B,rx,515,0,30,18405.512,1.528
3328,A,rx,518,0,30,18408.716,1.699
3329,B,rx,522,0,30,18412.670,1.883
3330,A,rx,526,0,30,18417.202,1.965
3331,B,rx,527,0,30,18419.232,1.844
3332,A,rx,532,0,30,18423.354,1.838
3333,B,rx,535,0,30,18426.554,1.933
3334,A,rx,536,0,30,18428.541,1.872
3335,B,rx,538,0,30,18430.474,1.637
3336,A,rx,540,0,30,18432.197,2.226
3337,B,rx,542,0,30,18434.513,2.615
3338,A,rx,547,0,30,18439.192,2.217
3339,B,rx,551,0,30,18443.634,1.676
3340,A,rx,554,0,30,18446.853,1.831
3341,B,rx,555,0,30,18448.735,1.693
3342,A,rx,557,0,30,18450.482,1.921
3343,B,rx,561,0,30,18453.945,1.572
3344,A,rx,564,0,30,18457.502,1.684
3345,B,rx,568,0,30,18462.473,1.719
3346,A,rx,572,0,30,18466.756,1.860
3347,B,rx,759,12,34,18469.725,2.075
3348,A,rx,579,0,30,18473.913,1.687
3349,B,rx,582,0,30,18477.100,1.597
3350,A,rx,585,0,30,18480.384,2.500
3351,B,rx,586,0,30,18482.942,1.898
3352,A,rx,591,0,30,18486.864,1.628
3353,B,rx,595,0,30,18490.988,1.586
3354,A,rx,599,0,30,18495.382,1.754
3355,B,rx,600,0,30,18497.184,1.749
3356,A,rx,604,0,30,18501.131,2.268
3357,B,rx,608,0,30,18505.184,1.806
3358,A,rx,612,0,30,18509.582,1.824
3359,B,rx,613,0,30,18511.461,1.573
3360,A,rx,618,0,30,18515.800,1.620
3361,B,rx,619,0,30,18517.480,1.729
3362,A,rx,623,0,30,18520.830,1.588
3363,B,rx,624,0,30,18522.478,1.676
3364,A,rx,628,0,30,18525.956,1.919
3365,B,rx,631,0,30,18529.454,1.556
3366,A,rx,634,0,30,18532.503,1.808
3367,B,rx,638,0,30,18536.563,1.858
3368,A,rx,642,0,30,18540.709,2.024
3369,B,rx,646,0,30,18545.248,1.705
3370,A,rx,647,0,30,18547.029,2.455
3371,B,rx,652,0,30,18551.488,1.670
3372,A,rx,653,0,30,18553.219,1.737
3373,B,rx,655,0,30,18555.013,1.742
3374,A,rx,659,0,30,18559.143,1.952
3375,B,rx,663,0,30,18563.516,1.659
3376,A,rx,664,0,30,18565.242,2.263
3377,B,rx,668,0,30,18568.935,1.579
3378,A,rx,669,0,30,18570.593,2.359
3379,B,rx,671,0,30,18573.035,1.775
3380,A,rx,675,0,30,18575.734,1.630
3381,B,rx,676,0,30,18577.421,1.730
3382,A,rx,680,0,30,18581.346,1.789
3383,B,rx,684,0,30,18585.439,1.628
3384,A,rx,688,0,30,18589.556,1.770
3385,B,rx,691,0,30,18593.560,1.700
3386,A,rx,695,0,30,18598.065,1.954
3387,B,rx,696,0,30,18600.077,1.909
3388,A,rx,700,0,30,18603.185,1.633
3389,B,rx,703,0,30,18606.660,1.863
3390,A,rx,707,0,30,18610.845,1.740
3391,B,rx,711,0,30,18614.913,1.892
3392,A,rx,715,0,30,18619.311,2.047
3393,B,rx,716,0,30,18621.433,1.769
3394,A,rx,721,0,30,18625.354,1.534
3395,B,rx,722,0,30,18626.959,1.788
3396,A,rx,726,0,30,18631.128,1.742
3397,B,rx,730,0,30,18635.139,2.025
3398,A,rx,734,0,30,18639.398,2.144
3399,B,rx,738,0,30,18643.591,1.576
3400,A,rx,739,0,30,18645.229,1.644
3401,B,rx,743,0,30,18648.858,1.673
3402,A,rx,744,0,30,18650.595,1.558
3403,B,rx,748,0,30,18653.943,1.600
3404,A,rx,749,0,30,18655.626,1.758
3405,B,rx,753,0,30,18658.956,1.831
3406,A,rx,754,0,30,18660.848,1.709
3407,B,rx,758,0,30,18664.647,1.664
3408,A,rx,762,0,30,18668.696,1.620
3409,B,rx,765,0,30,18671.783,1.655
3410,A,rx,769,0,30,18676.225,1.839
3411,B,rx,770,0,30,18678.135,2.242
3412,A,rx,772,0,30,18680.441,1.829
3413,B,rx,774,0,30,18682.326,2.154
3414,A,rx,776,0,30,18684.568,2.290
3415,B,rx,778,0,30,18686.915,1.864
3416,A,rx,783,0,30,18691.127,2.163
3417,B,rx,787,0,30,18695.189,1.676
3418,A,rx,791,0,30,18699.363,1.678
3419,B,rx,795,0,30,18703.383,1.635
3420,A,rx,799,0,30,18707.701,1.653
3421,B,rx,800,0,30,18709.427,2.318
3422,A,rx,804,0,30,18713.422,2.381
