swap_idx,from,to,read_toml,disconnect,retune_radio,park_selectors,load_plugins,build_read_toml,build_create_blocks,build_connect,build_bridge_ports,start_runtime,reconnect,terminate_spawn,unpark_selectors,build_and_start,total,t_ms
0,Z,H,0.1183,0.0015,0.0005,0.0003,0.0012,0.0835,0.3159,0.1342,0.0203,0.0519,0.0095,0.0242,0.0001,0.6092,0.7656,253.925
1,H,Z,0.1313,0.0027,0.0007,0.0003,0.0015,0.0758,0.0289,0.0940,0.0513,0.0357,0.0005,0.0275,0.0001,0.2889,0.4546,304.397
2,Z,H,0.1357,0.0015,0.0008,0.0003,0.0018,0.0894,0.3083,0.1494,0.0312,0.0592,0.0020,0.0396,0.0001,0.6433,0.8264,355.247
3,H,Z,0.1410,0.0030,0.0008,0.0004,0.0020,0.0811,0.0323,0.1034,0.0510,0.0340,0.0177,0.0402,0.0002,0.3051,0.5119,405.783
4,Z,H,0.1641,0.0021,0.0007,0.0003,0.0018,0.0892,0.3271,0.1546,0.0220,0.0759,0.0082,0.0329,0.0001,0.6740,0.8856,456.697
5,H,Z,0.1342,0.0022,0.0008,0.0003,0.0012,0.0724,0.0328,0.0775,0.0285,0.0436,0.0010,0.0425,0.0001,0.2582,0.4421,507.167
6,Z,H,0.1244,0.0018,0.0005,0.0003,0.0016,0.0872,0.2658,0.1594,0.0233,0.0760,0.0004,0.0337,0.0000,0.6161,0.7799,557.972
7,H,Z,0.1286,0.0033,0.0008,0.0003,0.0019,0.0760,0.0344,0.1054,0.0947,0.0357,0.0043,0.0268,0.0001,0.3505,0.5179,608.509
8,Z,H,0.1597,0.0019,0.0010,0.0004,0.0017,0.1217,0.3338,0.1613,0.0319,0.0710,0.0005,0.0270,0.0003,0.7252,0.9186,659.464
9,H,Z,0.1410,0.0027,0.0009,0.0006,0.0017,0.1101,0.0441,0.1288,0.0577,0.0468,0.0015,0.0519,0.0003,0.3937,0.5962,710.082
10,Z,H,0.1851,0.0025,0.0006,0.0002,0.0021,0.0955,0.3251,0.1552,0.0232,0.0802,0.0005,0.0260,0.0001,0.6834,0.9016,761.006
11,H,Z,0.1416,0.0027,0.0008,0.0003,0.0018,0.0897,0.0321,0.0992,0.0533,0.0380,0.0094,0.0443,0.0002,0.3158,0.5180,811.546
12,Z,H,0.1422,0.0018,0.0008,0.0003,0.0018,0.0923,0.3391,0.1390,0.0251,0.0698,0.0003,0.0288,0.0001,0.6696,0.8465,862.415
13,H,Z,0.0866,0.0014,0.0005,0.0001,0.0011,0.0527,0.0256,0.0588,0.0301,0.0276,0.0006,0.0224,0.0001,0.1977,0.3114,912.747
14,Z,H,0.1571,0.0017,0.0008,0.0003,0.0017,0.0907,0.3557,0.1468,0.0256,0.0739,0.0006,0.0273,0.0002,0.6971,0.8881,963.655
15,H,Z,0.1273,0.0028,0.0008,0.0003,0.0018,0.0753,0.0307,0.1051,0.0500,0.0562,0.0109,0.0294,0.0002,0.3212,0.4961,1014.170
16,Z,H,0.1641,0.0018,0.0006,0.0002,0.0018,0.0821,0.3315,0.1453,0.0259,0.0814,0.0006,0.0367,0.0001,0.6709,0.8778,1065.068
17,H,Z,0.1011,0.0016,0.0008,0.0003,0.0013,0.0549,0.0248,0.0650,0.0241,0.0425,0.0081,0.0255,0.0002,0.2140,0.3538,1115.466
18,Z,H,0.1178,0.0018,0.0005,0.0003,0.0021,0.0902,0.2694,0.1594,0.0226,0.0795,0.0004,0.0259,0.0000,0.6248,0.7745,1166.257
19,H,Z,0.0861,0.0017,0.0009,0.0002,0.0012,0.0515,0.0259,0.0630,0.0274,0.0372,0.0104,0.0374,0.0002,0.2082,0.3474,1216.625
20,Z,H,0.1256,0.0013,0.0006,0.0001,0.0018,0.0998,0.3106,0.1525,0.0220,0.0676,0.0086,0.0296,0.0001,0.6567,0.8255,1267.472
21,H,Z,0.1376,0.0024,0.0008,0.0002,0.0018,0.0746,0.0297,0.0989,0.0489,0.0361,0.0005,0.0282,0.0001,0.2915,0.4641,1317.954
22,Z,H,0.1380,0.0017,0.0008,0.0003,0.0018,0.0963,0.3231,0.1533,0.0270,0.0718,0.0017,0.0318,0.0001,0.6768,0.8540,1368.831
23,H,Z,0.0947,0.0014,0.0005,0.0002,0.0010,0.0559,0.0241,0.0569,0.0293,0.0360,0.0005,0.0227,0.0001,0.2046,0.3265,1419.172
24,Z,H,0.1102,0.0012,0.0005,0.0002,0.0016,0.0806,0.2650,0.1459,0.0209,0.0749,0.0006,0.0263,0.0001,0.5917,0.7332,1469.929
25,H,Z,0.1032,0.0018,0.0006,0.0002,0.0010,0.0569,0.0223,0.0563,0.0300,0.0394,0.0003,0.0265,0.0000,0.2072,0.3417,1520.292
26,Z,H,0.1440,0.0018,0.0005,0.0003,0.0020,0.0961,0.3094,0.1507,0.0208,0.0711,0.0038,0.0392,0.0001,0.6539,0.8464,1571.163
27,H,Z,0.0841,0.0013,0.0005,0.0002,0.0012,0.0505,0.0252,0.0680,0.0283,0.0330,0.0107,0.0308,0.0002,0.2076,0.3376,1621.531
28,Z,H,0.1329,0.0023,0.0008,0.0005,0.0019,0.0875,0.2506,0.1922,0.0263,0.0671,0.0102,0.0493,0.0001,0.6294,0.8284,1672.388
29,H,Z,0.1064,0.0018,0.0007,0.0003,0.0012,0.0549,0.0285,0.0738,0.0286,0.0376,0.0004,0.0287,0.0000,0.2264,0.3671,1722.787
30,Z,H,0.1233,0.0014,0.0007,0.0002,0.0022,0.0862,0.2822,0.1490,0.0213,0.0590,0.0004,0.0327,0.0001,0.6015,0.7636,1773.568
31,H,Z,0.0937,0.0018,0.0007,0.0002,0.0013,0.0510,0.0269,0.0637,0.0265,0.0292,0.0027,0.0267,0.0001,0.1996,0.3277,1823.917
32,Z,H,0.1102,0.0015,0.0006,0.0001,0.0017,0.0831,0.2227,0.1433,0.0209,0.0792,0.0005,0.0286,0.0001,0.5534,0.6976,1874.634
33,H,Z,0.0820,0.0017,0.0006,0.0001,0.0010,0.0508,0.0250,0.0711,0.0252,0.0349,0.0097,0.0375,0.0001,0.2105,0.3442,1924.998
34,Z,H,0.1302,0.0017,0.0007,0.0002,0.0019,0.0860,0.2256,0.1440,0.0234,0.0631,0.0004,0.0286,0.0001,0.5463,0.7110,1975.731
35,H,Z,0.1097,0.0026,0.0006,0.0002,0.0016,0.0705,0.0303,0.1036,0.0483,0.0412,0.0079,0.0336,0.0001,0.2984,0.4559,2026.212
36,Z,H,0.1250,0.0018,0.0006,0.0003,0.0018,0.0827,0.3131,0.1564,0.0267,0.1214,0.0018,0.0423,0.0001,0.7105,0.8857,2077.122
37,H,Z,0.0789,0.0017,0.0005,0.0002,0.0012,0.0511,0.0235,0.0601,0.0211,0.0370,0.0127,0.0259,0.0001,0.1957,0.3178,2127.460
38,Z,H,0.1171,0.0020,0.0006,0.0003,0.0018,0.0897,0.2586,0.1480,0.0221,0.0679,0.0005,0.0279,0.0001,0.5916,0.7431,2178.229
39,H,Z,0.0835,0.0014,0.0008,0.0003,0.0012,0.0524,0.0226,0.0605,0.0215,0.0327,0.0008,0.0395,0.0001,0.1925,0.3210,2228.570
40,Z,H,0.1497,0.0017,0.0007,0.0003,0.0018,0.0933,0.2513,0.1825,0.0277,0.0572,0.0024,0.0237,0.0001,0.6173,0.7988,2279.387
41,H,Z,0.0840,0.0017,0.0006,0.0003,0.0012,0.0500,0.0264,0.0576,0.0221,0.0276,0.0036,0.0332,0.0001,0.1870,0.3126,2329.723
42,Z,H,0.1238,0.0015,0.0005,0.0002,0.0013,0.0852,0.3471,0.1417,0.0214,0.0735,0.0026,0.0273,0.0001,0.6744,0.8327,2380.584
43,H,Z,0.0818,0.0014,0.0006,0.0002,0.0012,0.0491,0.0250,0.0569,0.0217,0.0278,0.0116,0.0232,0.0001,0.1836,0.3048,2430.905
44,Z,H,0.1539,0.0025,0.0005,0.0003,0.0032,0.1127,0.4103,0.2533,0.0462,0.0656,0.0083,0.0247,0.0002,0.8931,1.0875,2482.016
45,H,Z,0.1141,0.0018,0.0008,0.0005,0.0014,0.1050,0.0321,0.1061,0.0422,0.0625,0.0008,0.0443,0.0003,0.3514,0.5165,2532.554
46,Z,H,0.1469,0.0020,0.0005,0.0002,0.0017,0.1145,0.2584,0.1991,0.0328,0.0587,0.0004,0.0280,0.0001,0.6679,0.8489,2583.424
47,H,Z,0.1073,0.0024,0.0005,0.0002,0.0015,0.0696,0.0281,0.0922,0.0425,0.0393,0.0005,0.0293,0.0001,0.2747,0.4180,2633.863
48,Z,H,0.1386,0.0019,0.0006,0.0003,0.0026,0.1093,0.4069,0.2414,0.0409,0.0733,0.0016,0.0281,0.0001,0.8786,1.0537,2684.936
49,H,Z,0.0828,0.0016,0.0005,0.0002,0.0011,0.0524,0.0250,0.0609,0.0213,0.0292,0.0009,0.0367,0.0001,0.1920,0.3169,2735.287
50,Z,H,0.1132,0.0018,0.0007,0.0003,0.0016,0.0901,0.2706,0.1430,0.0209,0.0823,0.0116,0.0465,0.0001,0.6122,0.7891,2786.114
51,H,Z,0.1066,0.0021,0.0007,0.0002,0.0017,0.0554,0.0313,0.0807,0.0242,0.0394,0.0092,0.0372,0.0003,0.2345,0.3941,2836.531
52,Z,H,0.1386,0.0015,0.0004,0.0002,0.0016,0.1023,0.3211,0.1424,0.0280,0.0651,0.0005,0.0261,0.0001,0.6629,0.8331,2887.385
53,H,Z,0.0850,0.0016,0.0005,0.0002,0.0010,0.0523,0.0251,0.0648,0.0220,0.0307,0.0100,0.0297,0.0002,0.1974,0.3265,2937.727
54,Z,H,0.1125,0.0017,0.0005,0.0002,0.0017,0.0819,0.2542,0.1578,0.0243,0.0709,0.0004,0.0364,0.0001,0.5936,0.7483,2988.501
55,H,Z,0.1133,0.0024,0.0008,0.0003,0.0019,0.0696,0.0324,0.1037,0.0441,0.0430,0.0033,0.0316,0.0001,0.2969,0.4518,3038.976
56,Z,H,0.1741,0.0031,0.0011,0.0004,0.0030,0.1128,0.4218,0.2636,0.0452,0.0708,0.0052,0.0289,0.0002,0.9195,1.1367,3090.133
57,H,Z,0.1157,0.0022,0.0006,0.0003,0.0018,0.0880,0.0322,0.1001,0.0427,0.0340,0.0121,0.0355,0.0001,0.3005,0.4702,3140.621
58,Z,H,0.1256,0.0020,0.0007,0.0003,0.0022,0.0858,0.2137,0.1636,0.0238,0.0689,0.0005,0.0356,0.0001,0.5599,0.7278,3191.368
59,H,Z,0.0820,0.0018,0.0005,0.0003,0.0012,0.0515,0.0255,0.0547,0.0227,0.0398,0.0115,0.0265,0.0001,0.1973,0.3222,3241.728
60,Z,H,0.1205,0.0013,0.0005,0.0002,0.0018,0.0919,0.2783,0.1518,0.0233,0.0611,0.0004,0.0317,0.0001,0.6106,0.7681,3292.516
61,H,Z,0.0878,0.0018,0.0007,0.0004,0.0011,0.0521,0.0275,0.0633,0.0228,0.0356,0.0120,0.0404,0.0002,0.2041,0.3497,3342.886
62,Z,H,0.1486,0.0027,0.0006,0.0002,0.0024,0.1149,0.3469,0.2677,0.0436,0.0879,0.0047,0.0252,0.0001,0.8655,1.0513,3393.962
63,H,Z,0.0830,0.0019,0.0008,0.0003,0.0011,0.0529,0.0235,0.0633,0.0226,0.0308,0.0091,0.0295,0.0001,0.1958,0.3227,3444.301
64,Z,H,0.1579,0.0023,0.0006,0.0004,0.0027,0.1097,0.3321,0.1500,0.0267,0.0696,0.0004,0.0311,0.0001,0.6944,0.8908,3495.211
65,H,Z,0.0882,0.0018,0.0006,0.0003,0.0011,0.0522,0.0247,0.0655,0.0219,0.0376,0.0005,0.0350,0.0001,0.2161,0.3448,3545.574
66,Z,H,0.1498,0.0027,0.0006,0.0004,0.0026,0.1102,0.3558,0.2605,0.0451,0.0877,0.0014,0.0327,0.0001,0.8677,1.0594,3596.691
67,H,Z,0.0878,0.0019,0.0009,0.0003,0.0012,0.0520,0.0258,0.0639,0.0224,0.0611,0.0008,0.0390,0.0002,0.2286,0.3617,3647.078
68,Z,H,0.1544,0.0028,0.0007,0.0002,0.0035,0.1079,0.3674,0.2512,0.0445,0.0834,0.0006,0.0376,0.0002,0.8618,1.0632,3698.177
69,H,Z,0.0965,0.0024,0.0007,0.0004,0.0015,0.0557,0.0316,0.0712,0.0279,0.0465,0.0121,0.0295,0.0002,0.2365,0.3810,3748.581
70,Z,H,0.1207,0.0017,0.0005,0.0003,0.0017,0.0864,0.2373,0.1685,0.0225,0.0860,0.0005,0.0318,0.0001,0.6048,0.7631,3799.370
71,H,Z,0.1204,0.0032,0.0008,0.0003,0.0019,0.0760,0.0345,0.1126,0.0453,0.0439,0.0006,0.0438,0.0002,0.3166,0.4892,3849.878
72,Z,H,0.1743,0.0029,0.0007,0.0003,0.0019,0.1155,0.2794,0.1652,0.0247,0.0709,0.0006,0.0320,0.0002,0.6603,0.8744,3900.774
73,H,Z,0.1183,0.0028,0.0007,0.0004,0.0022,0.0704,0.0359,0.1164,0.0453,0.0527,0.0006,0.0339,0.0002,0.3249,0.4853,3951.281
74,Z,H,0.1587,0.0018,0.0008,0.0004,0.0024,0.0931,0.3365,0.1594,0.0242,0.0756,0.0149,0.0286,0.0001,0.6931,0.9021,4002.204
75,H,Z,0.1026,0.0018,0.0005,0.0004,0.0011,0.0568,0.0267,0.0656,0.0236,0.0355,0.0162,0.0402,0.0002,0.2121,0.3760,4052.607
76,Z,H,0.1195,0.0018,0.0006,0.0003,0.0017,0.0856,0.2656,0.1554,0.0236,0.0746,0.0005,0.0915,0.0002,0.6095,0.8266,4103.458
77,H,Z,0.0845,0.0014,0.0008,0.0004,0.0012,0.0509,0.0248,0.0603,0.0215,0.0289,0.0029,0.0337,0.0001,0.1906,0.3167,4153.800
78,Z,H,0.1237,0.0018,0.0005,0.0003,0.0017,0.0935,0.2335,0.1569,0.0293,0.0745,0.0005,0.0333,0.0001,0.5925,0.7553,4204.574
79,H,Z,0.0884,0.0018,0.0006,0.0003,0.0014,0.0529,0.0304,0.0721,0.0260,0.0370,0.0006,0.0382,0.0001,0.2222,0.3545,4254.953
80,Z,H,0.1240,0.0014,0.0007,0.0003,0.0018,0.0842,0.2426,0.1590,0.0258,0.0679,0.0004,0.0291,0.0002,0.5837,0.7431,4305.717
81,H,Z,0.1125,0.0028,0.0008,0.0004,0.0020,0.0737,0.0337,0.1034,0.0551,0.0380,0.0111,0.0402,0.0001,0.3075,0.4787,4356.219
82,Z,H,0.1300,0.0020,0.0008,0.0002,0.0020,0.0861,0.2320,0.1625,0.0229,0.0712,0.0010,0.0459,0.0001,0.5804,0.7635,4407.009
83,H,Z,0.0929,0.0020,0.0006,0.0003,0.0012,0.0552,0.0258,0.0734,0.0250,0.0368,0.0109,0.0430,0.0003,0.2191,0.3713,4457.403
84,Z,H,0.1228,0.0019,0.0007,0.0003,0.0020,0.0853,0.2393,0.1554,0.0278,0.0976,0.0102,0.0318,0.0000,0.6098,0.7807,4508.203
85,H,Z,0.0872,0.0021,0.0007,0.0002,0.0012,0.0517,0.0253,0.0646,0.0225,0.0390,0.0145,0.0396,0.0001,0.2068,0.3536,4558.581
86,Z,H,0.1573,0.0021,0.0007,0.0004,0.0024,0.1094,0.3494,0.2059,0.0319,0.0805,0.0005,0.0302,0.0002,0.7828,0.9781,4609.583
87,H,Z,0.1266,0.0020,0.0010,0.0006,0.0013,0.0708,0.0298,0.0856,0.0297,0.0395,0.0325,0.0305,0.0001,0.2580,0.4558,4660.059
88,Z,H,0.1345,0.0019,0.0005,0.0003,0.0015,0.0933,0.2385,0.1564,0.0218,0.0943,0.0005,0.0276,0.0001,0.6089,0.7765,4710.854
89,H,Z,0.1035,0.0020,0.0005,0.0004,0.0012,0.0555,0.0253,0.0702,0.0229,0.0377,0.0004,0.0286,0.0001,0.2146,0.3522,4761.233
90,Z,H,0.1175,0.0015,0.0005,0.0002,0.0016,0.0807,0.2721,0.1665,0.0337,0.0786,0.0008,0.0401,0.0001,0.6383,0.8015,4812.098
91,H,Z,0.1145,0.0025,0.0006,0.0004,0.0019,0.0721,0.0321,0.1087,0.0436,0.0472,0.0096,0.0397,0.0002,0.3077,0.4782,4862.600
92,Z,H,0.1625,0.0018,0.0007,0.0002,0.0018,0.0850,0.2165,0.1941,0.0287,0.0690,0.0005,0.0331,0.0001,0.5976,0.7995,4913.423
93,H,Z,0.0831,0.0020,0.0005,0.0002,0.0012,0.0522,0.0247,0.0662,0.0222,0.0467,0.0102,0.0363,0.0001,0.2152,0.3498,4963.797
94,Z,H,0.1322,0.0022,0.0006,0.0004,0.0021,0.0986,0.2318,0.1679,0.0240,0.0649,0.0008,0.0470,0.0001,0.5930,0.7796,5014.603
95,H,Z,0.1187,0.0031,0.0008,0.0005,0.0021,0.0732,0.0349,0.1151,0.0455,0.0432,0.0127,0.0450,0.0002,0.3164,0.5007,5065.129
96,Z,H,0.1811,0.0028,0.0008,0.0004,0.0040,0.1167,0.5138,0.2798,0.0474,0.0863,0.0015,0.0382,0.0002,1.0508,1.2811,5116.443
97,H,Z,0.0906,0.0019,0.0006,0.0003,0.0013,0.0545,0.0275,0.0762,0.0250,0.0493,0.0082,0.0483,0.0002,0.2366,0.3891,5166.858
98,Z,H,0.1230,0.0019,0.0007,0.0003,0.0020,0.0967,0.2151,0.1583,0.0241,0.0685,0.0015,0.0338,0.0002,0.5719,0.7366,5217.617
99,H,Z,0.0873,0.0017,0.0006,0.0003,0.0012,0.0513,0.0243,0.0648,0.0222,0.0375,0.0105,0.0283,0.0001,0.2026,0.3336,5267.977
100,Z,H,0.1610,0.0022,0.0008,0.0003,0.0019,0.1129,0.2651,0.3230,0.0436,0.0752,0.0036,0.0360,0.0002,0.8257,1.0329,5319.042
101,H,Z,0.1496,0.0023,0.0006,0.0003,0.0014,0.0771,0.0279,0.0675,0.0240,0.0423,0.0136,0.0323,0.0001,0.2424,0.4436,5369.506
102,Z,H,0.1200,0.0016,0.0005,0.0002,0.0015,0.0836,0.2073,0.1565,0.0260,0.0753,0.0004,0.0283,0.0001,0.5536,0.7072,5420.238
103,H,Z,0.0968,0.0020,0.0008,0.0002,0.0010,0.0543,0.0256,0.0697,0.0219,0.0398,0.0011,0.0460,0.0002,0.2146,0.3638,5470.625
104,Z,H,0.1535,0.0018,0.0006,0.0001,0.0015,0.1117,0.2879,0.2160,0.0299,0.0829,0.0004,0.0331,0.0001,0.7335,0.9259,5521.570
105,H,Z,0.0805,0.0018,0.0006,0.0002,0.0012,0.0513,0.0239,0.0608,0.0207,0.0335,0.0112,0.0298,0.0001,0.1935,0.3198,5571.908
106,Z,H,0.1439,0.0016,0.0004,0.0003,0.0021,0.0934,0.2067,0.1492,0.0211,0.0582,0.0003,0.0242,0.0001,0.5330,0.7067,5622.638
107,H,Z,0.0813,0.0018,0.0006,0.0002,0.0011,0.0486,0.0235,0.0592,0.0208,0.0281,0.0033,0.0300,0.0001,0.1831,0.3032,5672.960
108,Z,H,0.1126,0.0047,0.0009,0.0002,0.0016,0.0807,0.2287,0.1487,0.0206,0.0615,0.0005,0.0326,0.0001,0.5451,0.6992,5723.680
109,H,Z,0.0855,0.0019,0.0006,0.0003,0.0012,0.0510,0.0249,0.0638,0.0211,0.0392,0.0130,0.0296,0.0000,0.2029,0.3360,5774.038
110,Z,H,0.1462,0.0022,0.0007,0.0002,0.0028,0.1067,0.4150,0.2520,0.0413,0.0699,0.0004,0.0213,0.0001,0.8890,1.0641,5825.121
111,H,Z,0.1089,0.0025,0.0006,0.0010,0.0017,0.0688,0.0296,0.0980,0.0413,0.0354,0.0028,0.0340,0.0001,0.2771,0.4301,5875.574
112,Z,H,0.1565,0.0019,0.0009,0.0003,0.0016,0.1142,0.2676,0.1662,0.0219,0.0544,0.0037,0.0270,0.0000,0.6287,0.8219,5926.420
113,H,Z,0.1048,0.0023,0.0008,0.0003,0.0017,0.0731,0.0297,0.1013,0.0441,0.0381,0.0005,0.0251,0.0001,0.2898,0.4265,5976.877
114,Z,H,0.1161,0.0017,0.0006,0.0001,0.0015,0.0812,0.2116,0.1649,0.0288,0.0695,0.0005,0.0301,0.0001,0.5611,0.7128,6027.613
115,H,Z,0.0908,0.0019,0.0007,0.0003,0.0011,0.0525,0.0261,0.0656,0.0209,0.0360,0.0150,0.0273,0.0001,0.2038,0.3419,6077.982
116,Z,H,0.1228,0.0017,0.0007,0.0002,0.0016,0.0903,0.2079,0.1524,0.0244,0.0691,0.0005,0.0282,0.0001,0.5486,0.7053,6128.708
117,H,Z,0.1273,0.0029,0.0006,0.0004,0.0019,0.0702,0.0323,0.1071,0.0491,0.0483,0.0131,0.0337,0.0002,0.3102,0.4914,6179.225
118,Z,H,0.1206,0.0013,0.0007,0.0001,0.0016,0.0914,0.2182,0.1553,0.0272,0.0658,0.0005,0.0297,0.0001,0.5623,0.7176,6229.963
119,H,Z,0.1145,0.0025,0.0006,0.0002,0.0016,0.0712,0.0298,0.0999,0.0429,0.0405,0.0117,0.0294,0.0002,0.2874,0.4494,6280.433
120,Z,H,0.1417,0.0015,0.0007,0.0004,0.0018,0.0856,0.3185,0.1457,0.0238,0.0553,0.0005,0.0303,0.0001,0.6327,0.8104,6331.260
121,H,Z,0.1188,0.0032,0.0009,0.0004,0.0019,0.0737,0.0337,0.1078,0.0426,0.0364,0.0006,0.0394,0.0002,0.2980,0.4646,6381.750
122,Z,H,0.1647,0.0027,0.0006,0.0004,0.0024,0.1114,0.2839,0.2173,0.0332,0.0606,0.0031,0.0380,0.0002,0.7124,0.9254,6432.697
123,H,Z,0.0952,0.0019,0.0006,0.0004,0.0011,0.0546,0.0272,0.0642,0.0237,0.0329,0.0086,0.0400,0.0001,0.2056,0.3548,6483.076
124,Z,H,0.1658,0.0018,0.0004,0.0002,0.0015,0.0819,0.2162,0.1461,0.0261,0.0724,0.0045,0.0585,0.0003,0.5467,0.7813,6533.894
125,H,Z,0.1093,0.0019,0.0007,0.0002,0.0012,0.0725,0.0294,0.0733,0.0279,0.0279,0.0004,0.0361,0.0001,0.2339,0.3847,6584.301
126,Z,H,0.1139,0.0016,0.0005,0.0002,0.0017,0.0866,0.2103,0.1493,0.0228,0.0653,0.0005,0.0293,0.0001,0.5384,0.6874,6635.006
127,H,Z,0.0947,0.0020,0.0007,0.0002,0.0010,0.0521,0.0252,0.0625,0.0211,0.0364,0.0150,0.0344,0.0001,0.2003,0.3492,6685.372
128,Z,H,0.1374,0.0023,0.0007,0.0006,0.0022,0.0832,0.2407,0.1925,0.0248,0.0802,0.0125,0.0417,0.0002,0.6271,0.8257,6736.217
129,H,Z,0.1322,0.0027,0.0010,0.0004,0.0016,0.0669,0.0319,0.0772,0.0245,0.0390,0.0191,0.0386,0.0001,0.2431,0.4400,6786.677
130,Z,H,0.1220,0.0023,0.0007,0.0002,0.0015,0.0822,0.2463,0.1603,0.0257,0.0658,0.0029,0.0362,0.0002,0.5852,0.7522,6837.453
131,H,Z,0.1080,0.0024,0.0006,0.0002,0.0016,0.0707,0.0292,0.1047,0.0442,0.0343,0.0009,0.0444,0.0001,0.2870,0.4464,6887.944
132,Z,H,0.1136,0.0016,0.0005,0.0002,0.0012,0.0851,0.2168,0.1684,0.0226,0.0749,0.0027,0.0288,0.0001,0.5728,0.7224,6938.685
133,H,Z,0.1185,0.0021,0.0007,0.0005,0.0010,0.0592,0.0280,0.0688,0.0236,0.0410,0.0009,0.0495,0.0002,0.2236,0.3981,6989.105
134,Z,H,0.1457,0.0021,0.0006,0.0003,0.0024,0.0911,0.2745,0.1479,0.0239,0.0696,0.0103,0.0408,0.0001,0.6124,0.8162,7039.988
135,H,Z,0.1238,0.0029,0.0008,0.0004,0.0022,0.0725,0.0334,0.1082,0.0441,0.0364,0.0036,0.0372,0.0001,0.2980,0.4706,7090.481
136,Z,H,0.1357,0.0025,0.0009,0.0005,0.0022,0.0893,0.2195,0.1704,0.0315,0.0611,0.0004,0.0261,0.0000,0.5761,0.7458,7141.249
137,H,Z,0.0880,0.0020,0.0007,0.0003,0.0011,0.0540,0.0264,0.0685,0.0233,0.0316,0.0103,0.0407,0.0002,0.2075,0.3519,7191.620
138,Z,H,0.1510,0.0021,0.0006,0.0004,0.0027,0.1099,0.3759,0.1548,0.0260,0.0619,0.0006,0.0309,0.0001,0.7341,0.9235,7242.567
139,H,Z,0.0886,0.0016,0.0006,0.0003,0.0009,0.0521,0.0256,0.0649,0.0205,0.0421,0.0036,0.0292,0.0001,0.2081,0.3340,7292.917
140,Z,H,0.1249,0.0019,0.0006,0.0004,0.0018,0.0979,0.2215,0.1565,0.0239,0.0806,0.0048,0.0324,0.0001,0.5854,0.7533,7343.693
141,H,Z,0.1149,0.0024,0.0006,0.0004,0.0018,0.0728,0.0325,0.1040,0.0517,0.0395,0.0004,0.0392,0.0002,0.3033,0.4644,7394.188
142,Z,H,0.1675,0.0020,0.0007,0.0004,0.0024,0.1097,0.3871,0.2799,0.0431,0.0776,0.0005,0.0264,0.0002,0.9032,1.1046,7445.317
143,H,Z,0.0868,0.0018,0.0006,0.0003,0.0011,0.0529,0.0257,0.0671,0.0220,0.0338,0.0006,0.0300,0.0001,0.2041,0.3264,7495.719
144,Z,H,0.1208,0.0019,0.0006,0.0003,0.0020,0.0855,0.2211,0.1599,0.0235,0.0737,0.0005,0.0312,0.0001,0.5687,0.7270,7546.468
145,H,Z,0.0829,0.0017,0.0006,0.0002,0.0010,0.0514,0.0251,0.0632,0.0232,0.0335,0.0083,0.0397,0.0002,0.1992,0.3347,7596.824
146,Z,H,0.1185,0.0017,0.0008,0.0002,0.0019,0.0818,0.2376,0.1535,0.0215,0.0602,0.0004,0.0304,0.0001,0.5599,0.7152,7647.565
147,H,Z,0.1121,0.0026,0.0008,0.0004,0.0017,0.0691,0.0299,0.1030,0.0431,0.0388,0.0135,0.0361,0.0001,0.2868,0.4556,7698.047
148,Z,H,0.1593,0.0024,0.0008,0.0002,0.0023,0.1068,0.3418,0.2345,0.0403,0.0780,0.0042,0.0253,0.0003,0.8061,1.0020,7749.070
149,H,Z,0.0955,0.0019,0.0007,0.0004,0.0011,0.0549,0.0269,0.0650,0.0224,0.0353,0.0091,0.0442,0.0002,0.2088,0.3629,7799.457
150,Z,H,0.1120,0.0017,0.0005,0.0002,0.0016,0.0811,0.2411,0.1416,0.0209,0.0729,0.0003,0.0283,0.0000,0.5667,0.7122,7850.202
151,H,Z,0.1056,0.0022,0.0006,0.0002,0.0018,0.0706,0.0308,0.0989,0.0444,0.0300,0.0025,0.0296,0.0001,0.2786,0.4226,7900.648
152,Z,H,0.1146,0.0014,0.0005,0.0002,0.0023,0.0779,0.2570,0.1410,0.0259,0.0572,0.0005,0.0273,0.0001,0.5634,0.7115,7951.378
153,H,Z,0.1178,0.0022,0.0009,0.0002,0.0020,0.0742,0.0332,0.1045,0.0455,0.0390,0.0093,0.0337,0.0002,0.2999,0.4675,8001.874
154,Z,H,0.1127,0.0018,0.0006,0.0002,0.0018,0.0812,0.2446,0.1453,0.0252,0.0698,0.0008,0.0434,0.0001,0.5708,0.7329,8052.635
155,H,Z,0.0866,0.0015,0.0007,0.0003,0.0013,0.0527,0.0253,0.0631,0.0234,0.0347,0.0005,0.0343,0.0001,0.2017,0.3278,8102.983
156,Z,H,0.1160,0.0013,0.0005,0.0002,0.0016,0.0948,0.2144,0.1662,0.0203,0.0748,0.0005,0.0313,0.0001,0.5748,0.7272,8153.727
157,H,Z,0.1137,0.0029,0.0007,0.0004,0.0018,0.0718,0.0305,0.1073,0.0516,0.0376,0.0075,0.0385,0.0002,0.3027,0.4695,8204.219
158,Z,H,0.1191,0.0020,0.0006,0.0004,0.0017,0.0903,0.2111,0.1548,0.0240,0.0784,0.0010,0.0423,0.0001,0.5645,0.7332,8254.977
159,H,Z,0.0855,0.0017,0.0007,0.0002,0.0010,0.0562,0.0244,0.0606,0.0212,0.0262,0.0027,0.0284,0.0001,0.1909,0.3123,8305.309
160,Z,H,0.1169,0.0018,0.0005,0.0003,0.0017,0.0795,0.2161,0.1448,0.0227,0.0726,0.0004,0.0289,0.0001,0.5403,0.6918,8356.019
161,H,Z,0.0937,0.0022,0.0006,0.0002,0.0012,0.0572,0.0259,0.0589,0.0225,0.0411,0.0003,0.0303,0.0000,0.2085,0.3380,8406.420
162,Z,H,0.1130,0.0018,0.0007,0.0003,0.0017,0.0832,0.3480,0.1441,0.0222,0.0624,0.0005,0.0313,0.0002,0.6645,0.8148,8457.253
163,H,Z,0.0876,0.0019,0.0007,0.0003,0.0011,0.0507,0.0243,0.0649,0.0217,0.0285,0.0005,0.0263,0.0001,0.1929,0.3124,8507.585
164,Z,H,0.1188,0.0020,0.0006,0.0003,0.0018,0.0913,0.2669,0.1574,0.0223,0.0682,0.0004,0.0339,0.0001,0.6128,0.7720,8558.376
165,H,Z,0.1168,0.0028,0.0006,0.0003,0.0022,0.0721,0.0328,0.1080,0.0430,0.0413,0.0005,0.0326,0.0002,0.3015,0.4584,8608.872
166,Z,H,0.1298,0.0017,0.0007,0.0002,0.0022,0.0886,0.2359,0.1661,0.0233,0.0709,0.0004,0.0314,0.0001,0.5891,0.7567,8659.661
167,H,Z,0.0880,0.0017,0.0005,0.0002,0.0012,0.0529,0.0248,0.0658,0.0211,0.0414,0.0114,0.0326,0.0002,0.2093,0.3463,8710.026
168,Z,H,0.1531,0.0032,0.0008,0.0004,0.0034,0.1108,0.3627,0.2186,0.0340,0.0806,0.0005,0.0283,0.0001,0.8124,1.0034,8761.167
169,H,Z,0.1230,0.0029,0.0009,0.0003,0.0018,0.0751,0.0353,0.1133,0.0471,0.0462,0.0147,0.0396,0.0004,0.3205,0.5050,8811.693
170,Z,H,0.1268,0.0020,0.0007,0.0003,0.0018,0.0952,0.2267,0.1633,0.0255,0.0721,0.0081,0.0388,0.0001,0.5885,0.7682,8862.492
171,H,Z,0.1041,0.0021,0.0007,0.0002,0.0013,0.0539,0.0280,0.0719,0.0237,0.0397,0.0010,0.0465,0.0002,0.2204,0.3777,8912.895
172,Z,H,0.1230,0.0016,0.0007,0.0003,0.0018,0.0896,0.2392,0.1577,0.0257,0.0725,0.0087,0.0410,0.0001,0.5910,0.7692,8963.691
173,H,Z,0.1176,0.0034,0.0009,0.0004,0.0021,0.0758,0.0358,0.1098,0.0579,0.0517,0.0011,0.0438,0.0002,0.3354,0.5061,9014.222
174,Z,H,0.1632,0.0033,0.0008,0.0005,0.0032,0.1189,0.3483,0.1810,0.0287,0.0705,0.0010,0.0428,0.0001,0.7550,0.9712,9065.229
175,H,Z,0.1441,0.0030,0.0009,0.0003,0.0015,0.0857,0.0317,0.0793,0.0264,0.0442,0.0009,0.0457,0.0002,0.2715,0.4696,9115.739
176,Z,H,0.1150,0.0017,0.0006,0.0004,0.0019,0.0837,0.2376,0.1531,0.0226,0.0708,0.0005,0.0275,0.0002,0.5726,0.7212,9166.484
177,H,Z,0.1167,0.0033,0.0007,0.0006,0.0018,0.0735,0.0338,0.1056,0.0438,0.0439,0.0086,0.0361,0.0003,0.3051,0.4741,9216.977
178,Z,H,0.1627,0.0022,0.0007,0.0005,0.0020,0.1143,0.3550,0.2716,0.0489,0.0725,0.0007,0.0415,0.0002,0.8679,1.0797,9268.082
179,H,Z,0.1138,0.0026,0.0007,0.0004,0.0018,0.0735,0.0324,0.1004,0.0429,0.0349,0.0100,0.0314,0.0002,0.2880,0.4499,9318.555
180,Z,H,0.1557,0.0023,0.0009,0.0004,0.0024,0.0944,0.2709,0.2038,0.0310,0.0647,0.0004,0.0316,0.0002,0.6695,0.8644,9369.445
181,H,Z,0.1075,0.0027,0.0007,0.0003,0.0020,0.0708,0.0321,0.0996,0.0449,0.0498,0.0019,0.0484,0.0002,0.3040,0.4692,9419.937
182,Z,H,0.1253,0.0015,0.0007,0.0001,0.0019,0.0957,0.2096,0.1554,0.0270,0.0605,0.0004,0.0306,0.0001,0.5540,0.7158,9470.676
183,H,Z,0.0833,0.0014,0.0005,0.0001,0.0011,0.0515,0.0235,0.0590,0.0215,0.0365,0.0005,0.0306,0.0001,0.1954,0.3139,9521.009
184,Z,H,0.1548,0.0018,0.0005,0.0003,0.0016,0.0845,0.2331,0.1514,0.0207,0.0569,0.0004,0.0291,0.0001,0.5510,0.7405,9571.768
185,H,Z,0.0870,0.0016,0.0008,0.0002,0.0011,0.0506,0.0243,0.0654,0.0212,0.0339,0.0003,0.0309,0.0002,0.1982,0.3212,9622.109
186,Z,H,0.1153,0.0016,0.0005,0.0002,0.0017,0.0893,0.2073,0.1585,0.0241,0.0766,0.0005,0.0302,0.0001,0.5643,0.7152,9672.843
187,H,Z,0.0812,0.0016,0.0007,0.0004,0.0009,0.0531,0.0229,0.0627,0.0387,0.0301,0.0004,0.0277,0.0001,0.2103,0.3242,9723.184
188,Z,H,0.1148,0.0015,0.0006,0.0003,0.0016,0.0853,0.2136,0.1545,0.0235,0.0841,0.0010,0.0419,0.0001,0.5682,0.7309,9773.948
189,H,Z,0.1063,0.0019,0.0006,0.0003,0.0014,0.0707,0.0295,0.0749,0.0292,0.0374,0.0010,0.0439,0.0002,0.2458,0.4024,9824.371
190,Z,H,0.1141,0.0016,0.0006,0.0002,0.0017,0.0844,0.2304,0.1504,0.0209,0.0709,0.0004,0.0256,0.0001,0.5615,0.7067,9875.097
191,H,Z,0.1108,0.0026,0.0006,0.0002,0.0018,0.0733,0.0324,0.1042,0.0446,0.0356,0.0008,0.0375,0.0002,0.2943,0.4500,9925.577
192,Z,H,0.1215,0.0021,0.0007,0.0004,0.0013,0.0926,0.2186,0.1663,0.0248,0.0661,0.0008,0.0379,0.0001,0.5747,0.7407,9976.348
193,H,Z,0.0980,0.0011,0.0005,0.0002,0.0008,0.0524,0.0231,0.0625,0.0219,0.0321,0.0092,0.0288,0.0001,0.1948,0.3344,10026.705
194,Z,H,0.1222,0.0017,0.0006,0.0002,0.0017,0.0852,0.2493,0.1549,0.0243,0.0767,0.0006,0.0307,0.0001,0.5957,0.7545,10077.482
195,H,Z,0.1172,0.0024,0.0008,0.0004,0.0017,0.0718,0.0313,0.1008,0.0433,0.0319,0.0115,0.0428,0.0003,0.2830,0.4613,10127.968
196,Z,H,0.1167,0.0017,0.0008,0.0002,0.0020,0.0913,0.2133,0.1500,0.0232,0.0715,0.0009,0.0372,0.0001,0.5550,0.7156,10178.707
197,H,Z,0.0853,0.0018,0.0005,0.0002,0.0012,0.0507,0.0237,0.0627,0.0224,0.0406,0.0008,0.0375,0.0001,0.2039,0.3325,10229.061
198,Z,H,0.1197,0.0019,0.0007,0.0003,0.0017,0.0909,0.2587,0.1521,0.0235,0.0541,0.0008,0.0264,0.0001,0.5836,0.7361,10279.824
199,H,Z,0.1094,0.0018,0.0007,0.0004,0.0015,0.0715,0.0293,0.0753,0.0303,0.0344,0.0005,0.0314,0.0002,0.2444,0.3911,10330.234
200,Z,H,0.1231,0.0014,0.0005,0.0002,0.0013,0.0826,0.2100,0.1484,0.0258,0.0650,0.0029,0.0289,0.0001,0.5366,0.6959,10380.952
201,H,Z,0.1137,0.0021,0.0007,0.0004,0.0013,0.0629,0.0272,0.0742,0.0226,0.0352,0.0080,0.0297,0.0002,0.2250,0.3821,10431.376
202,Z,H,0.1147,0.0017,0.0005,0.0002,0.0015,0.0890,0.2088,0.1527,0.0229,0.0694,0.0005,0.0302,0.0001,0.5471,0.6975,10482.099
203,H,Z,0.0793,0.0014,0.0007,0.0002,0.0010,0.0506,0.0238,0.0603,0.0220,0.0298,0.0116,0.0276,0.0001,0.1894,0.3122,10532.435
204,Z,H,0.1121,0.0018,0.0005,0.0003,0.0018,0.0916,0.2203,0.1511,0.0234,0.0618,0.0013,0.0445,0.0001,0.5537,0.7170,10583.176
205,H,Z,0.0888,0.0017,0.0005,0.0003,0.0012,0.0503,0.0272,0.0685,0.0224,0.0278,0.0005,0.0281,0.0002,0.1991,0.3213,10633.513
206,Z,H,0.1159,0.0017,0.0006,0.0002,0.0018,0.0912,0.2240,0.1680,0.0212,0.0771,0.0094,0.0368,0.0002,0.5863,0.7538,10684.290
207,H,Z,0.0830,0.0013,0.0005,0.0002,0.0012,0.0504,0.0232,0.0620,0.0220,0.0371,0.0005,0.0298,0.0001,0.1974,0.3147,10734.622
208,Z,H,0.1168,0.0017,0.0006,0.0003,0.0020,0.0836,0.2688,0.1476,0.0267,0.0696,0.0007,0.0321,0.0002,0.6007,0.7559,10785.399
209,H,Z,0.1054,0.0024,0.0008,0.0003,0.0015,0.0572,0.0244,0.0696,0.0243,0.0294,0.0129,0.0304,0.0001,0.2079,0.3627,10835.801
210,Z,H,0.1356,0.0019,0.0005,0.0003,0.0023,0.0844,0.2375,0.1462,0.0282,0.0744,0.0006,0.0328,0.0001,0.5762,0.7512,10886.578
211,H,Z,0.1209,0.0028,0.0007,0.0004,0.0021,0.0723,0.0336,0.1112,0.0435,0.0324,0.0159,0.0346,0.0002,0.2973,0.4759,10937.076
212,Z,H,0.1837,0.0018,0.0006,0.0002,0.0018,0.0975,0.2754,0.1461,0.0234,0.0673,0.0006,0.0305,0.0002,0.6153,0.8359,10987.935
213,H,Z,0.0861,0.0017,0.0005,0.0002,0.0012,0.0545,0.0260,0.0665,0.0216,0.0358,0.0096,0.0378,0.0002,0.2075,0.3460,11038.320
214,Z,H,0.1524,0.0025,0.0006,0.0004,0.0032,0.1064,0.3642,0.2734,0.0436,0.0713,0.0010,0.0473,0.0002,0.8651,1.0737,11089.422
215,H,Z,0.1136,0.0026,0.0009,0.0005,0.0017,0.0711,0.0285,0.1021,0.0424,0.0278,0.0004,0.0268,0.0001,0.2758,0.4232,11139.868
216,Z,H,0.1269,0.0017,0.0009,0.0003,0.0017,0.0873,0.2168,0.1539,0.0212,0.0792,0.0003,0.0313,0.0002,0.5626,0.7269,11190.616
217,H,Z,0.0897,0.0018,0.0006,0.0002,0.0012,0.0522,0.0263,0.0656,0.0220,0.0332,0.0008,0.0446,0.0001,0.2024,0.3424,11240.980
218,Z,H,0.1205,0.0017,0.0006,0.0003,0.0018,0.0941,0.2210,0.1552,0.0239,0.0765,0.0008,0.0394,0.0002,0.5770,0.7432,11291.749
219,H,Z,0.1142,0.0028,0.0009,0.0004,0.0015,0.0721,0.0336,0.1088,0.0453,0.0494,0.0009,0.0380,0.0002,0.3132,0.4730,11342.247
220,Z,H,0.1185,0.0017,0.0008,0.0002,0.0017,0.0926,0.2326,0.1508,0.0226,0.0695,0.0005,0.0310,0.0001,0.5724,0.7280,11392.996
221,H,Z,0.1178,0.0026,0.0009,0.0003,0.0016,0.0703,0.0309,0.0969,0.0447,0.0331,0.0004,0.0272,0.0002,0.2788,0.4313,11443.447
222,Z,H,0.1189,0.0013,0.0007,0.0002,0.0014,0.0823,0.2076,0.1561,0.0231,0.0691,0.0005,0.0291,0.0001,0.5429,0.6960,11494.173
223,H,Z,0.0865,0.0015,0.0006,0.0001,0.0011,0.0513,0.0252,0.0647,0.0221,0.0342,0.0084,0.0310,0.0001,0.2008,0.3311,11544.522
224,Z,H,0.1140,0.0014,0.0005,0.0003,0.0014,0.0842,0.2280,0.1554,0.0238,0.0703,0.0004,0.0323,0.0002,0.5667,0.7181,11595.261
225,H,Z,0.1100,0.0025,0.0007,0.0004,0.0017,0.0725,0.0321,0.1051,0.0457,0.0580,0.0029,0.0314,0.0002,0.3170,0.4678,11645.751
226,Z,H,0.1243,0.0020,0.0007,0.0001,0.0019,0.0873,0.2098,0.1591,0.0261,0.0581,0.0004,0.0273,0.0001,0.5448,0.7024,11696.470
227,H,Z,0.1135,0.0017,0.0005,0.0002,0.0010,0.0721,0.0301,0.0806,0.0280,0.0308,0.0080,0.0377,0.0001,0.2450,0.4088,11746.900
228,Z,H,0.1147,0.0016,0.0005,0.0003,0.0017,0.0845,0.2261,0.1509,0.0205,0.0635,0.0004,0.0251,0.0001,0.5498,0.6952,11797.614
229,H,Z,0.1116,0.0021,0.0005,0.0001,0.0015,0.0708,0.0288,0.0991,0.0445,0.0296,0.0005,0.0282,0.0001,0.2772,0.4232,11848.056
230,Z,H,0.1586,0.0024,0.0006,0.0005,0.0029,0.1107,0.3477,0.2677,0.0448,0.0656,0.0005,0.0313,0.0002,0.8424,1.0406,11899.123
231,H,Z,0.0824,0.0016,0.0007,0.0002,0.0014,0.0498,0.0243,0.0627,0.0211,0.0330,0.0009,0.0360,0.0001,0.1942,0.3182,11949.465
232,Z,H,0.1089,0.0015,0.0004,0.0002,0.0015,0.0827,0.2107,0.1419,0.0256,0.0723,0.0028,0.0273,0.0001,0.5381,0.6816,12000.168
233,H,Z,0.0858,0.0017,0.0007,0.0002,0.0010,0.0512,0.0252,0.0626,0.0216,0.0367,0.0114,0.0300,0.0001,0.2001,0.3317,12050.516
234,Z,H,0.1170,0.0019,0.0006,0.0004,0.0018,0.0927,0.2157,0.1636,0.0237,0.0688,0.0004,0.0323,0.0000,0.5693,0.7246,12101.259
235,H,Z,0.1100,0.0025,0.0008,0.0001,0.0014,0.0695,0.0300,0.1010,0.0452,0.0315,0.0086,0.0344,0.0001,0.2808,0.4398,12151.729
236,Z,H,0.1571,0.0026,0.0008,0.0004,0.0024,0.1113,0.3676,0.1971,0.0258,0.0827,0.0006,0.0291,0.0001,0.7897,0.9838,12202.732
237,H,Z,0.1394,0.0029,0.0008,0.0002,0.0016,0.0866,0.0318,0.1101,0.0427,0.0318,0.0005,0.0312,0.0001,0.3063,0.4842,12253.238
238,Z,H,0.1111,0.0014,0.0007,0.0002,0.0014,0.0807,0.2123,0.1726,0.0301,0.0734,0.0192,0.0344,0.0001,0.5730,0.7425,12304.010
239,H,Z,0.0842,0.0017,0.0006,0.0003,0.0010,0.0512,0.0252,0.0619,0.0214,0.0477,0.0090,0.0472,0.0001,0.2110,0.3562,12354.390
240,Z,H,0.1563,0.0026,0.0008,0.0003,0.0020,0.1115,0.3572,0.2597,0.0252,0.0778,0.0005,0.0328,0.0001,0.8374,1.0338,12405.448
241,H,Z,0.1076,0.0026,0.0006,0.0003,0.0016,0.0717,0.0311,0.1024,0.0436,0.0327,0.0092,0.0312,0.0002,0.2849,0.4395,12455.906
242,Z,H,0.1159,0.0013,0.0006,0.0002,0.0015,0.0878,0.2296,0.1526,0.0251,0.0669,0.0009,0.0368,0.0001,0.5669,0.7250,12506.653
243,H,Z,0.0853,0.0016,0.0005,0.0003,0.0012,0.0513,0.0250,0.0649,0.0233,0.0315,0.0005,0.0335,0.0001,0.1988,0.3226,12556.995
244,Z,H,0.1160,0.0016,0.0005,0.0002,0.0014,0.0824,0.2450,0.1492,0.0229,0.0669,0.0004,0.0298,0.0001,0.5712,0.7220,12607.739
245,H,Z,0.0882,0.0018,0.0007,0.0002,0.0012,0.0551,0.0247,0.0633,0.0234,0.0399,0.0007,0.0441,0.0001,0.2099,0.3481,12658.107
246,Z,H,0.1457,0.0014,0.0007,0.0001,0.0015,0.1087,0.2559,0.1828,0.0214,0.0636,0.0005,0.0291,0.0001,0.6373,0.8174,12708.944
247,H,Z,0.1166,0.0023,0.0007,0.0002,0.0017,0.0760,0.0308,0.1018,0.0435,0.0408,0.0082,0.0362,0.0003,0.2967,0.4642,12759.431
248,Z,H,0.1247,0.0015,0.0008,0.0003,0.0018,0.0954,0.2205,0.1542,0.0280,0.0626,0.0005,0.0318,0.0002,0.5656,0.7281,12810.179
249,H,Z,0.0817,0.0015,0.0004,0.0002,0.0010,0.0482,0.0239,0.0613,0.0208,0.0344,0.0138,0.0274,0.0000,0.1912,0.3181,12860.539
250,Z,H,0.1176,0.0018,0.0005,0.0003,0.0027,0.0836,0.2231,0.1602,0.0230,0.0702,0.0006,0.0363,0.0001,0.5651,0.7272,12911.290
251,H,Z,0.0874,0.0014,0.0005,0.0003,0.0012,0.0532,0.0243,0.0634,0.0209,0.0302,0.0009,0.0416,0.0001,0.1960,0.3301,12961.641
252,Z,H,0.1424,0.0019,0.0005,0.0002,0.0014,0.0920,0.3458,0.1681,0.0245,0.0829,0.0004,0.0301,0.0000,0.7176,0.8955,13012.562
253,H,Z,0.1006,0.0022,0.0008,0.0004,0.0015,0.0558,0.0303,0.0754,0.0247,0.0416,0.0103,0.0386,0.0001,0.2310,0.3867,13062.982
254,Z,H,0.1344,0.0021,0.0006,0.0004,0.0019,0.0857,0.2354,0.1682,0.0238,0.0669,0.0005,0.0308,0.0001,0.5849,0.7567,13113.760
255,H,Z,0.1158,0.0024,0.0005,0.0003,0.0015,0.0725,0.0303,0.1088,0.0452,0.0348,0.0119,0.0310,0.0003,0.2949,0.4596,13164.245
256,Z,H,0.1645,0.0027,0.0006,0.0004,0.0032,0.1112,0.3858,0.2742,0.0416,0.0703,0.0052,0.0327,0.0002,0.8883,1.0988,13215.367
257,H,Z,0.0903,0.0019,0.0007,0.0003,0.0012,0.0535,0.0256,0.0645,0.0220,0.0378,0.0099,0.0451,0.0002,0.2066,0.3571,13265.745
258,Z,H,0.1474,0.0022,0.0005,0.0004,0.0026,0.1077,0.3600,0.2615,0.0450,0.0793,0.0116,0.0339,0.0000,0.8588,1.0583,13316.829
259,H,Z,0.0855,0.0018,0.0006,0.0003,0.0010,0.0512,0.0243,0.0614,0.0271,0.0508,0.0102,0.0323,0.0001,0.2176,0.3504,13367.195
260,Z,H,0.1119,0.0016,0.0005,0.0002,0.0016,0.0899,0.2406,0.1462,0.0210,0.0639,0.0005,0.0261,0.0001,0.5656,0.7088,13417.924
261,H,Z,0.1030,0.0020,0.0006,0.0003,0.0014,0.0610,0.0244,0.0622,0.0219,0.0414,0.0003,0.0283,0.0002,0.2133,0.3505,13468.292
262,Z,H,0.1226,0.0017,0.0006,0.0003,0.0016,0.0934,0.2295,0.1631,0.0239,0.0538,0.0005,0.0333,0.0001,0.5689,0.7305,13519.048
263,H,Z,0.0862,0.0018,0.0006,0.0002,0.0013,0.0511,0.0261,0.0666,0.0225,0.0358,0.0047,0.0313,0.0001,0.2055,0.3328,13569.402
264,Z,H,0.1410,0.0019,0.0006,0.0002,0.0021,0.0904,0.2720,0.1976,0.0279,0.0568,0.0006,0.0295,0.0001,0.6496,0.8266,13620.246
265,H,Z,0.0977,0.0016,0.0005,0.0002,0.0010,0.0642,0.0256,0.0779,0.0294,0.0314,0.0122,0.0304,0.0001,0.2319,0.3766,13670.638
266,Z,H,0.1169,0.0021,0.0005,0.0002,0.0015,0.0893,0.2161,0.1714,0.0230,0.0583,0.0022,0.0281,0.0001,0.5624,0.7149,13721.371
267,H,Z,0.1259,0.0030,0.0008,0.0004,0.0020,0.0708,0.0312,0.1066,0.0440,0.0555,0.0004,0.0325,0.0002,0.3124,0.4789,13771.892
268,Z,H,0.1622,0.0031,0.0011,0.0005,0.0036,0.1192,0.3711,0.2631,0.0462,0.0779,0.0005,0.0325,0.0001,0.8831,1.0879,13823.011
269,H,Z,0.1346,0.0035,0.0006,0.0004,0.0024,0.0754,0.0347,0.1136,0.0443,0.0519,0.0231,0.0431,0.0002,0.3240,0.5331,13873.568
270,Z,H,0.1269,0.0026,0.0009,0.0003,0.0018,0.0978,0.2330,0.1701,0.0244,0.0677,0.0009,0.0462,0.0001,0.5992,0.7801,13924.378
271,H,Z,0.0887,0.0018,0.0006,0.0004,0.0012,0.0562,0.0277,0.0697,0.0226,0.0432,0.0082,0.0294,0.0002,0.2229,0.3547,13974.751
272,Z,H,0.1249,0.0021,0.0006,0.0003,0.0022,0.0877,0.2384,0.1669,0.0255,0.0752,0.0085,0.0913,0.0002,0.6014,0.8328,14025.606
273,H,Z,0.0907,0.0018,0.0007,0.0003,0.0012,0.0535,0.0270,0.0667,0.0231,0.0446,0.0059,0.0356,0.0001,0.2178,0.3551,14075.983
274,Z,H,0.1310,0.0018,0.0006,0.0003,0.0021,0.0878,0.2494,0.1573,0.0228,0.0823,0.0112,0.0374,0.0001,0.6042,0.7896,14126.802
275,H,Z,0.0915,0.0018,0.0006,0.0003,0.0013,0.0529,0.0269,0.0674,0.0230,0.0470,0.0015,0.0429,0.0001,0.2246,0.3655,14177.194
276,Z,H,0.1566,0.0021,0.0007,0.0004,0.0016,0.0835,0.2309,0.1521,0.0262,0.0561,0.0130,0.0408,0.0001,0.5534,0.7698,14227.988
277,H,Z,0.0896,0.0019,0.0005,0.0002,0.0011,0.0513,0.0238,0.0639,0.0214,0.0376,0.0024,0.0340,0.0001,0.2007,0.3315,14278.345
278,Z,H,0.1496,0.0031,0.0005,0.0005,0.0032,0.1094,0.3557,0.3306,0.0476,0.0735,0.0005,0.0414,0.0002,0.9233,1.1235,14329.494
279,H,Z,0.1205,0.0027,0.0013,0.0003,0.0020,0.0733,0.0335,0.0985,0.0456,0.0424,0.0005,0.0336,0.0001,0.2965,0.4588,14379.975
280,Z,H,0.1349,0.0019,0.0008,0.0002,0.0018,0.0869,0.2684,0.1515,0.0218,0.0674,0.0006,0.0328,0.0001,0.6009,0.7750,14430.768
281,H,Z,0.0810,0.0017,0.0005,0.0002,0.0009,0.0503,0.0232,0.0589,0.0210,0.0362,0.0211,0.0305,0.0000,0.1920,0.3287,14481.112
282,Z,H,0.1164,0.0015,0.0006,0.0003,0.0020,0.0858,0.2186,0.1555,0.0246,0.0663,0.0004,0.0311,0.0001,0.5562,0.7094,14531.843
283,H,Z,0.0859,0.0016,0.0005,0.0003,0.0011,0.0518,0.0262,0.0659,0.0287,0.0406,0.0020,0.0319,0.0001,0.2162,0.3404,14582.205
284,Z,H,0.1548,0.0024,0.0008,0.0004,0.0027,0.1055,0.3599,0.2524,0.0450,0.0656,0.0005,0.0303,0.0001,0.8341,1.0273,14633.255
285,H,Z,0.0874,0.0018,0.0007,0.0002,0.0010,0.0513,0.0251,0.0677,0.0213,0.0358,0.0005,0.0288,0.0001,0.2043,0.3261,14683.601
286,Z,H,0.1138,0.0017,0.0004,0.0001,0.0017,0.0840,0.2503,0.1514,0.0210,0.0709,0.0004,0.0231,0.0001,0.5817,0.7238,14734.342
287,H,Z,0.1108,0.0030,0.0008,0.0003,0.0018,0.0709,0.0317,0.1054,0.0441,0.0362,0.0104,0.0386,0.0001,0.2922,0.4591,14784.823
288,Z,H,0.1225,0.0016,0.0007,0.0003,0.0015,0.0853,0.2232,0.1565,0.0247,0.0688,0.0025,0.0396,0.0003,0.5637,0.7340,14835.583
289,H,Z,0.0874,0.0018,0.0007,0.0002,0.0010,0.0505,0.0258,0.0584,0.0206,0.0263,0.0005,0.0349,0.0001,0.1852,0.3127,14885.916
290,Z,H,0.1502,0.0026,0.0008,0.0003,0.0070,0.1088,0.3598,0.2580,0.0445,0.0745,0.0004,0.0316,0.0001,0.8513,1.0455,14936.983
291,H,Z,0.0833,0.0015,0.0007,0.0002,0.0050,0.0537,0.0249,0.0602,0.0214,0.0262,0.0106,0.0393,0.0001,0.1898,0.3313,14987.340
292,Z,H,0.1085,0.0014,0.0005,0.0003,0.0019,0.0813,0.2233,0.1520,0.0215,0.0885,0.0007,0.0295,0.0001,0.5708,0.7143,15038.077
293,H,Z,0.0875,0.0015,0.0005,0.0002,0.0013,0.0521,0.0243,0.0625,0.0228,0.0311,0.0175,0.0303,0.0000,0.1955,0.3351,15088.433
294,Z,H,0.1176,0.0018,0.0006,0.0002,0.0016,0.0782,0.2074,0.1562,0.0228,0.0798,0.0005,0.0323,0.0001,0.5496,0.7051,15139.161
295,H,Z,0.0906,0.0019,0.0006,0.0003,0.0013,0.0518,0.0250,0.0642,0.0216,0.0441,0.0100,0.0437,0.0001,0.2098,0.3595,15189.542
296,Z,H,0.1432,0.0023,0.0006,0.0004,0.0027,0.1057,0.3504,0.1853,0.0235,0.0688,0.0007,0.0386,0.0001,0.7404,0.9301,15240.498
297,H,Z,0.0922,0.0017,0.0009,0.0003,0.0012,0.0545,0.0253,0.0645,0.0219,0.0404,0.0075,0.0315,0.0002,0.2095,0.3460,15290.867
298,Z,H,0.1513,0.0025,0.0006,0.0004,0.0026,0.1160,0.4038,0.2541,0.0465,0.0634,0.0004,0.0302,0.0002,0.8892,1.0783,15341.963
299,H,Z,0.0848,0.0016,0.0006,0.0002,0.0012,0.0550,0.0244,0.0614,0.0198,0.0460,0.0004,0.0242,0.0001,0.2096,0.3235,15392.302
300,Z,H,0.1650,0.0027,0.0006,0.0004,0.0032,0.1107,0.3833,0.2968,0.0286,0.0646,0.0008,0.0422,0.0001,0.8909,1.1074,15443.440
301,H,Z,0.1120,0.0027,0.0007,0.0003,0.0019,0.0712,0.0316,0.1042,0.0428,0.0333,0.0136,0.0405,0.0002,0.2873,0.4603,15493.926
302,Z,H,0.1454,0.0024,0.0113,0.0004,0.0030,0.1340,0.2117,0.1652,0.0216,0.0894,0.0005,0.0312,0.0001,0.6271,0.8370,15544.785
303,H,Z,0.1097,0.0024,0.0008,0.0003,0.0015,0.0701,0.0298,0.1076,0.0426,0.0377,0.0083,0.0324,0.0001,0.2911,0.4477,15595.255
304,Z,H,0.1129,0.0014,0.0005,0.0003,0.0013,0.0806,0.2058,0.1469,0.0263,0.0553,0.0003,0.0297,0.0001,0.5193,0.6664,15645.939
305,H,Z,0.0835,0.0015,0.0005,0.0003,0.0011,0.0551,0.0252,0.0647,0.0223,0.0329,0.0007,0.0393,0.0001,0.2044,0.3320,15696.297
306,Z,H,0.1498,0.0017,0.0006,0.0003,0.0015,0.0825,0.2451,0.2082,0.0222,0.0640,0.0094,0.0388,0.0001,0.6267,0.8299,15747.152
307,H,Z,0.0855,0.0014,0.0006,0.0002,0.0011,0.0506,0.0256,0.0661,0.0249,0.0348,0.0008,0.0370,0.0001,0.2061,0.3337,15797.508
308,Z,H,0.1181,0.0021,0.0005,0.0002,0.0013,0.0797,0.2098,0.1529,0.0307,0.0674,0.0006,0.0254,0.0002,0.5452,0.6945,15848.224
309,H,Z,0.0841,0.0017,0.0004,0.0001,0.0012,0.0504,0.0231,0.0624,0.0223,0.0314,0.0086,0.0291,0.0002,0.1921,0.3184,15898.560
310,Z,H,0.1584,0.0030,0.0008,0.0003,0.0025,0.1106,0.3684,0.2683,0.0477,0.0753,0.0006,0.0373,0.0002,0.8756,1.0798,15949.667
311,H,Z,0.1091,0.0026,0.0006,0.0004,0.0015,0.0696,0.0307,0.0950,0.0435,0.0332,0.0088,0.0369,0.0001,0.2753,0.4364,16000.127
312,Z,H,0.1212,0.0017,0.0006,0.0003,0.0021,0.0914,0.2222,0.1631,0.0237,0.0692,0.0005,0.0300,0.0002,0.5740,0.7315,16050.882
313,H,Z,0.1235,0.0031,0.0007,0.0004,0.0016,0.0932,0.0295,0.0738,0.0238,0.0333,0.0149,0.0326,0.0001,0.2574,0.4354,16101.338
314,Z,H,0.1491,0.0024,0.0006,0.0002,0.0021,0.1082,0.3623,0.2716,0.0437,0.0648,0.0019,0.0282,0.0001,0.8555,1.0413,16152.406
315,H,Z,0.1188,0.0028,0.0009,0.0004,0.0017,0.0708,0.0313,0.1095,0.0431,0.0410,0.0078,0.0407,0.0001,0.2994,0.4736,16202.903
316,Z,H,0.1297,0.0023,0.0009,0.0004,0.0017,0.0907,0.2237,0.1617,0.0229,0.0678,0.0028,0.0307,0.0000,0.5715,0.7411,16253.663
317,H,Z,0.0968,0.0019,0.0007,0.0004,0.0011,0.0528,0.0262,0.0693,0.0229,0.0349,0.0086,0.0395,0.0001,0.2100,0.3601,16304.054
318,Z,H,0.1227,0.0016,0.0006,0.0003,0.0019,0.0829,0.2180,0.1619,0.0248,0.0701,0.0005,0.0350,0.0002,0.5621,0.7257,16354.801
319,H,Z,0.0899,0.0016,0.0007,0.0002,0.0010,0.0517,0.0239,0.0621,0.0217,0.0344,0.0089,0.0276,0.0001,0.1972,0.3280,16405.148
320,Z,H,0.1183,0.0017,0.0005,0.0002,0.0015,0.0925,0.2166,0.1492,0.0231,0.0690,0.0004,0.0289,0.0000,0.5554,0.7079,16455.874
321,H,Z,0.1148,0.0028,0.0010,0.0002,0.0018,0.0750,0.0298,0.1007,0.0428,0.0533,0.0106,0.0280,0.0002,0.3052,0.4658,16506.370
322,Z,H,0.1252,0.0022,0.0007,0.0002,0.0018,0.0932,0.2105,0.1533,0.0285,0.0705,0.0006,0.0366,0.0001,0.5608,0.7292,16557.119
323,H,Z,0.1195,0.0028,0.0010,0.0004,0.0016,0.0744,0.0358,0.1129,0.0455,0.0416,0.0144,0.0395,0.0002,0.3135,0.4939,16607.660
324,Z,H,0.1650,0.0031,0.0008,0.0004,0.0028,0.1126,0.3584,0.2651,0.0444,0.0589,0.0083,0.0326,0.0002,0.8451,1.0596,16658.746
325,H,Z,0.1142,0.0017,0.0007,0.0003,0.0012,0.0709,0.0258,0.0760,0.0286,0.0364,0.0104,0.0282,0.0001,0.2410,0.3989,16709.163
326,Z,H,0.1074,0.0011,0.0005,0.0002,0.0015,0.0783,0.2425,0.1365,0.0220,0.0603,0.0004,0.0211,0.0001,0.5438,0.6768,16759.862
327,H,Z,0.1061,0.0024,0.0005,0.0003,0.0016,0.0697,0.0355,0.0946,0.0428,0.0445,0.0120,0.0376,0.0001,0.2914,0.4532,16810.341
328,Z,H,0.1554,0.0023,0.0007,0.0004,0.0023,0.1079,0.2999,0.1578,0.0398,0.0559,0.0004,0.0215,0.0001,0.6669,0.8510,16861.210
329,H,Z,0.0902,0.0020,0.0008,0.0003,0.0011,0.0604,0.0257,0.0615,0.0227,0.0284,0.0003,0.0254,0.0001,0.2019,0.3231,16911.561
330,Z,H,0.1163,0.0018,0.0005,0.0001,0.0016,0.0811,0.2347,0.1561,0.0268,0.0780,0.0004,0.0245,0.0001,0.5801,0.7268,16962.306
331,H,Z,0.1135,0.0022,0.0007,0.0002,0.0017,0.0723,0.0290,0.1049,0.0432,0.0418,0.0005,0.0250,0.0001,0.2947,0.4399,17012.763
332,Z,H,0.1259,0.0015,0.0007,0.0003,0.0015,0.0918,0.2107,0.1517,0.0240,0.0529,0.0022,0.0241,0.0001,0.5357,0.6928,17063.475
333,H,Z,0.1114,0.0024,0.0007,0.0003,0.0015,0.0722,0.0314,0.1026,0.0446,0.0519,0.0005,0.0301,0.0001,0.3064,0.4550,17113.974
334,Z,H,0.1397,0.0017,0.0007,0.0003,0.0018,0.0843,0.2703,0.1569,0.0239,0.0660,0.0030,0.0268,0.0001,0.6065,0.7817,17164.777
335,H,Z,0.1179,0.0029,0.0010,0.0004,0.0018,0.0709,0.0325,0.1118,0.0447,0.0341,0.0109,0.0327,0.0002,0.2978,0.4666,17215.266
336,Z,H,0.1251,0.0015,0.0006,0.0004,0.0016,0.0975,0.2288,0.1454,0.0225,0.0715,0.0024,0.0316,0.0001,0.5709,0.7351,17266.030
337,H,Z,0.1177,0.0024,0.0008,0.0003,0.0020,0.0730,0.0324,0.0994,0.0434,0.0322,0.0108,0.0280,0.0002,0.2840,0.4474,17316.495
338,Z,H,0.1179,0.0019,0.0007,0.0003,0.0021,0.0928,0.2320,0.1453,0.0263,0.0626,0.0003,0.0223,0.0000,0.5633,0.7097,17367.222
339,H,Z,0.0853,0.0014,0.0005,0.0001,0.0013,0.0497,0.0244,0.0631,0.0220,0.0383,0.0091,0.0367,0.0000,0.2007,0.3361,17417.585
340,Z,H,0.1506,0.0017,0.0006,0.0002,0.0019,0.1114,0.2673,0.2140,0.0223,0.0649,0.0004,0.0337,0.0001,0.6849,0.8751,17468.480
341,H,Z,0.0843,0.0017,0.0007,0.0002,0.0011,0.0515,0.0239,0.0645,0.0236,0.0410,0.0010,0.0401,0.0001,0.2076,0.3377,17518.840
342,Z,H,0.1164,0.0014,0.0005,0.0003,0.0017,0.0836,0.2201,0.1530,0.0245,0.0776,0.0010,0.0375,0.0001,0.5643,0.7239,17569.589
343,H,Z,0.1171,0.0025,0.0008,0.0003,0.0018,0.0702,0.0323,0.0995,0.0432,0.0395,0.0100,0.0243,0.0001,0.2886,0.4464,17620.056
344,Z,H,0.1271,0.0017,0.0008,0.0002,0.0018,0.0826,0.2189,0.1571,0.0241,0.0652,0.0010,0.0477,0.0001,0.5533,0.7348,17670.827
345,H,Z,0.1359,0.0027,0.0010,0.0005,0.0022,0.0760,0.0433,0.0980,0.0320,0.0388,0.0109,0.0459,0.0003,0.2915,0.4925,17721.347
346,Z,H,0.1611,0.0028,0.0008,0.0004,0.0033,0.1129,0.3006,0.1787,0.0215,0.0873,0.0004,0.0310,0.0001,0.7061,0.9071,17772.287
347,H,Z,0.0958,0.0017,0.0007,0.0002,0.0011,0.0548,0.0262,0.0695,0.0237,0.0427,0.0170,0.0416,0.0001,0.2203,0.3797,17822.689
348,Z,H,0.1156,0.0016,0.0006,0.0003,0.0016,0.0777,0.2116,0.1519,0.0231,0.0739,0.0032,0.0282,0.0001,0.5424,0.6945,17873.412
349,H,Z,0.1044,0.0018,0.0006,0.0003,0.0011,0.0523,0.0256,0.0657,0.0223,0.0376,0.0109,0.0455,0.0001,0.2069,0.3726,17923.807
350,Z,H,0.1164,0.0015,0.0005,0.0003,0.0016,0.0870,0.2159,0.1560,0.0213,0.0636,0.0005,0.0345,0.0001,0.5486,0.7050,17974.540
351,H,Z,0.0865,0.0020,0.0005,0.0003,0.0012,0.0528,0.0260,0.0642,0.0228,0.0329,0.0006,0.0282,0.0001,0.2013,0.3216,18024.880
352,Z,H,0.1652,0.0029,0.0007,0.0005,0.0028,0.1247,0.3594,0.2874,0.0467,0.1030,0.0008,0.0331,0.0002,0.9272,1.1344,18076.036
353,H,Z,0.1170,0.0019,0.0008,0.0004,0.0014,0.0662,0.0269,0.0764,0.0286,0.0347,0.0101,0.0434,0.0001,0.2367,0.4126,18126.477
354,Z,H,0.1156,0.0017,0.0005,0.0003,0.0016,0.0912,0.2105,0.1518,0.0302,0.0646,0.0004,0.0312,0.0001,0.5524,0.7045,18177.205
355,H,Z,0.0846,0.0016,0.0009,0.0003,0.0011,0.0509,0.0260,0.0536,0.0214,0.0437,0.0023,0.0383,0.0002,0.1993,0.3299,18227.556
356,Z,H,0.1552,0.0021,0.0007,0.0005,0.0022,0.1061,0.2788,0.1740,0.0263,0.0622,0.0018,0.0327,0.0002,0.6529,0.8492,18278.427
357,H,Z,0.1103,0.0026,0.0007,0.0003,0.0017,0.0718,0.0319,0.0908,0.0435,0.0353,0.0005,0.0257,0.0002,0.2771,0.4206,18328.869
358,Z,H,0.1517,0.0027,0.0005,0.0003,0.0024,0.1144,0.3485,0.2541,0.0426,0.0684,0.0005,0.0328,0.0003,0.8341,1.0269,18379.923
359,H,Z,0.0905,0.0015,0.0008,0.0002,0.0009,0.0536,0.0274,0.0613,0.0210,0.0440,0.0100,0.0334,0.0001,0.2105,0.3490,18430.294
360,Z,H,0.1169,0.0015,0.0006,0.0002,0.0016,0.0845,0.2190,0.1587,0.0266,0.0720,0.0005,0.0274,0.0001,0.5658,0.7156,18481.030
361,H,Z,0.0961,0.0019,0.0005,0.0002,0.0011,0.0536,0.0279,0.0737,0.0266,0.0378,0.0142,0.0332,0.0000,0.2228,0.3711,18531.432
362,Z,H,0.1223,0.0018,0.0007,0.0003,0.0021,0.0923,0.2253,0.1573,0.0232,0.0839,0.0005,0.0345,0.0001,0.5859,0.7491,18582.200
363,H,Z,0.0880,0.0018,0.0007,0.0002,0.0013,0.0614,0.0285,0.0686,0.0236,0.0403,0.0118,0.0452,0.0001,0.2258,0.3760,18632.605
364,Z,H,0.1369,0.0016,0.0005,0.0002,0.0017,0.0855,0.2529,0.1610,0.0237,0.0658,0.0005,0.0328,0.0002,0.5943,0.7698,18683.394
365,H,Z,0.1161,0.0025,0.0007,0.0004,0.0019,0.0720,0.0308,0.1067,0.0450,0.0446,0.0091,0.0441,0.0002,0.3031,0.4793,18733.909
366,Z,H,0.1209,0.0016,0.0007,0.0003,0.0015,0.0961,0.2213,0.1584,0.0221,0.0660,0.0106,0.0293,0.0002,0.5674,0.7335,18784.660
367,H,Z,0.0870,0.0022,0.0007,0.0002,0.0014,0.0533,0.0284,0.0626,0.0235,0.0380,0.0010,0.0331,0.0001,0.2096,0.3365,18835.022
368,Z,H,0.1681,0.0028,0.0007,0.0004,0.0029,0.1149,0.3850,0.2627,0.0524,0.0783,0.0139,0.0339,0.0003,0.8987,1.1228,18886.166
369,H,Z,0.1218,0.0032,0.0008,0.0005,0.0020,0.0750,0.0342,0.1118,0.0470,0.0349,0.0007,0.0431,0.0003,0.3075,0.4812,18936.677
370,Z,H,0.1547,0.0027,0.0009,0.0004,0.0026,0.0906,0.3014,0.2240,0.0275,0.1529,0.0012,0.0504,0.0002,0.8034,1.0183,18987.769
371,H,Z,0.1064,0.0025,0.0006,0.0005,0.0016,0.0589,0.0307,0.0826,0.0309,0.0525,0.0123,0.0511,0.0002,0.2602,0.4365,19038.236
372,Z,H,0.1709,0.0028,0.0007,0.0005,0.0034,0.1162,0.3891,0.2979,0.0461,0.0912,0.0039,0.0403,0.0003,0.9473,1.1714,19089.434
373,H,Z,0.1526,0.0034,0.0009,0.0004,0.0027,0.0862,0.0394,0.1287,0.0504,0.0606,0.0006,0.0519,0.0003,0.3697,0.5839,19140.046
374,Z,H,0.1698,0.0032,0.0007,0.0004,0.0032,0.1165,0.3735,0.1800,0.0247,0.0718,0.0089,0.0350,0.0002,0.7723,0.9947,19191.069
375,H,Z,0.1242,0.0030,0.0009,0.0003,0.0020,0.0734,0.0349,0.1063,0.0477,0.0341,0.0079,0.0303,0.0002,0.3005,0.4708,19241.570
376,Z,H,0.1570,0.0026,0.0009,0.0003,0.0026,0.1122,0.3617,0.2590,0.0438,0.0764,0.0006,0.0376,0.0001,0.8575,1.0602,19292.655
377,H,Z,0.1163,0.0027,0.0007,0.0003,0.0019,0.0742,0.0328,0.1402,0.0288,0.0281,0.0096,0.0314,0.0001,0.3112,0.4754,19343.167
378,Z,H,0.1531,0.0021,0.0007,0.0004,0.0025,0.1085,0.3575,0.2383,0.0520,0.0773,0.0005,0.0348,0.0001,0.8387,1.0341,19394.230
379,H,Z,0.1111,0.0026,0.0008,0.0003,0.0018,0.0700,0.0324,0.1015,0.0428,0.0373,0.0107,0.0274,0.0003,0.2880,0.4440,19444.696
380,Z,H,0.1227,0.0015,0.0006,0.0003,0.0018,0.0830,0.2455,0.1524,0.0235,0.0632,0.0008,0.0354,0.0001,0.5733,0.7375,19495.458
381,H,Z,0.0894,0.0017,0.0005,0.0003,0.0013,0.0511,0.0257,0.0666,0.0226,0.0337,0.0045,0.0378,0.0001,0.2029,0.3395,19545.822
382,Z,H,0.1109,0.0014,0.0005,0.0004,0.0020,0.0897,0.2111,0.1559,0.0230,0.0841,0.0004,0.0287,0.0001,0.5683,0.7135,19596.554
383,H,Z,0.1128,0.0025,0.0007,0.0005,0.0017,0.0692,0.0309,0.1002,0.0415,0.0363,0.0029,0.0301,0.0001,0.2816,0.4341,19647.005
384,Z,H,0.1252,0.0015,0.0006,0.0002,0.0016,0.0814,0.2576,0.1425,0.0256,0.0835,0.0005,0.0273,0.0001,0.5954,0.7533,19697.820
385,H,Z,0.0802,0.0019,0.0005,0.0001,0.0010,0.0498,0.0239,0.0581,0.0223,0.0329,0.0083,0.0364,0.0001,0.1905,0.3199,19748.158
386,Z,H,0.1460,0.0018,0.0006,0.0002,0.0021,0.1081,0.3444,0.2606,0.0431,0.2303,0.0037,0.0236,0.0001,0.9920,1.1710,19799.349
387,H,Z,0.0886,0.0015,0.0006,0.0002,0.0011,0.0511,0.0250,0.0638,0.0219,0.0342,0.0004,0.0291,0.0001,0.1993,0.3218,19849.689
388,Z,H,0.1308,0.0018,0.0007,0.0001,0.0021,0.0959,0.2164,0.1503,0.0244,0.0599,0.0003,0.0317,0.0001,0.5514,0.7202,19900.432
389,H,Z,0.1061,0.0028,0.0008,0.0003,0.0017,0.0717,0.0319,0.0994,0.0437,0.0367,0.0112,0.0424,0.0001,0.2865,0.4529,19950.908
390,Z,H,0.1219,0.0016,0.0007,0.0004,0.0016,0.1031,0.2160,0.1461,0.0276,0.1093,0.0003,0.0276,0.0001,0.6056,0.7610,20001.705
391,H,Z,0.0945,0.0016,0.0007,0.0003,0.0012,0.0513,0.0271,0.0620,0.0221,0.0355,0.0009,0.0449,0.0002,0.2016,0.3466,20052.075
392,Z,H,0.1200,0.0016,0.0005,0.0001,0.0018,0.0904,0.2417,0.1590,0.0244,0.0626,0.0008,0.0376,0.0001,0.5837,0.7472,20102.852
393,H,Z,0.1062,0.0024,0.0006,0.0005,0.0019,0.0871,0.0310,0.0718,0.0246,0.0396,0.0010,0.0415,0.0001,0.2583,0.4134,20153.302
394,Z,H,0.1212,0.0020,0.0006,0.0003,0.0017,0.0921,0.2202,0.1593,0.0246,0.0793,0.0005,0.0353,0.0001,0.5803,0.7434,20204.063
395,H,Z,0.0946,0.0019,0.0007,0.0004,0.0011,0.0516,0.0257,0.0689,0.0217,0.0355,0.0035,0.0318,0.0001,0.2068,0.3419,20254.423
396,Z,H,0.1109,0.0013,0.0005,0.0002,0.0016,0.0798,0.2531,0.1386,0.0248,0.0701,0.0004,0.0287,0.0000,0.5702,0.7147,20305.155
397,H,Z,0.0913,0.0019,0.0007,0.0003,0.0012,0.0547,0.0256,0.0659,0.0254,0.0326,0.0023,0.0407,0.0002,0.2080,0.3477,20355.527
398,Z,H,0.1232,0.0017,0.0006,0.0002,0.0020,0.0881,0.2139,0.1683,0.0217,0.0576,0.0088,0.0338,0.0002,0.5545,0.7258,20406.276
399,H,Z,0.1160,0.0024,0.0008,0.0004,0.0019,0.0720,0.0644,0.0824,0.0249,0.0344,0.0117,0.0286,0.0001,0.2824,0.4456,20456.764
400,Z,H,0.1244,0.0017,0.0008,0.0002,0.0016,0.0845,0.2255,0.1468,0.0246,0.0630,0.0082,0.0239,0.0001,0.5493,0.7112,20507.495
401,H,Z,0.1130,0.0024,0.0007,0.0003,0.0017,0.0746,0.0314,0.1035,0.0420,0.0332,0.0086,0.0387,0.0002,0.2886,0.4559,20557.977
402,Z,H,0.1243,0.0018,0.0008,0.0003,0.0018,0.0929,0.2398,0.1451,0.0228,0.0725,0.0005,0.0360,0.0001,0.5789,0.7454,20608.749
403,H,Z,0.1139,0.0023,0.0006,0.0003,0.0016,0.0715,0.0311,0.1106,0.0449,0.0327,0.0004,0.0355,0.0004,0.2944,0.4509,20659.224
404,Z,H,0.1168,0.0017,0.0008,0.0003,0.0014,0.0825,0.2289,0.1452,0.0268,0.0483,0.0008,0.0367,0.0001,0.5366,0.6962,20709.945
405,H,Z,0.1170,0.0026,0.0007,0.0004,0.0016,0.1035,0.0279,0.0765,0.0214,0.0351,0.0137,0.0359,0.0001,0.2684,0.4413,20760.424
406,Z,H,0.1498,0.0022,0.0007,0.0003,0.0023,0.1078,0.3724,0.2615,0.0436,0.0591,0.0095,0.0240,0.0001,0.8496,1.0394,20811.482
407,H,Z,0.1147,0.0024,0.0007,0.0004,0.0015,0.0714,0.0305,0.0969,0.0436,0.0536,0.0045,0.0307,0.0001,0.2999,0.4560,20861.959
408,Z,H,0.1158,0.0044,0.0004,0.0001,0.0018,0.0810,0.2044,0.1480,0.0201,0.0543,0.0036,0.0299,0.0001,0.5118,0.6690,20912.645
409,H,Z,0.0854,0.0016,0.0006,0.0003,0.0009,0.0500,0.0253,0.0599,0.0214,0.0373,0.0126,0.0250,0.0000,0.1963,0.3239,20962.983
410,Z,H,0.1180,0.0017,0.0006,0.0002,0.0017,0.0890,0.2335,0.1577,0.0240,0.0742,0.0041,0.0316,0.0001,0.5824,0.7412,21013.747
411,H,Z,0.1143,0.0028,0.0006,0.0004,0.0016,0.0723,0.0322,0.1070,0.0455,0.0429,0.0009,0.0376,0.0003,0.3038,0.4631,21064.232
412,Z,H,0.1222,0.0022,0.0007,0.0003,0.0015,0.0932,0.2222,0.1620,0.0249,0.0668,0.0029,0.0415,0.0002,0.5743,0.7470,21115.003
413,H,Z,0.1170,0.0025,0.0008,0.0002,0.0017,0.0692,0.0300,0.1004,0.0423,0.0481,0.0005,0.0568,0.0002,0.2939,0.4745,21165.503
414,Z,H,0.1260,0.0017,0.0005,0.0003,0.0017,0.0845,0.2251,0.1644,0.0247,0.0764,0.0005,0.0301,0.0001,0.5797,0.7419,21216.265
415,H,Z,0.1152,0.0018,0.0006,0.0003,0.0013,0.0581,0.0252,0.0684,0.0217,0.0345,0.0094,0.0378,0.0001,0.2116,0.3791,21266.667
416,Z,H,0.1218,0.0019,0.0005,0.0003,0.0019,0.0942,0.2190,0.1563,0.0234,0.0806,0.0038,0.0329,0.0000,0.5781,0.7424,21317.435
417,H,Z,0.1106,0.0026,0.0007,0.0003,0.0018,0.0881,0.0271,0.0743,0.0230,0.0352,0.0100,0.0311,0.0002,0.2518,0.4100,21367.864
418,Z,H,0.1219,0.0017,0.0007,0.0003,0.0020,0.0815,0.2319,0.1630,0.0233,0.0625,0.0005,0.0328,0.0002,0.5670,0.7280,21418.611
419,H,Z,0.0893,0.0020,0.0005,0.0004,0.0012,0.0519,0.0264,0.0711,0.0228,0.0312,0.0035,0.0336,0.0002,0.2065,0.3381,21468.977
420,Z,H,0.1607,0.0036,0.0007,0.0004,0.0020,0.1123,0.3504,0.2717,0.0447,0.0824,0.0006,0.0300,0.0002,0.8663,1.0656,21520.062
421,H,Z,0.1895,0.0032,0.0006,0.0003,0.0018,0.0839,0.0311,0.1033,0.0437,0.0412,0.0004,0.0366,0.0001,0.3060,0.5396,21570.619
422,Z,H,0.1205,0.0018,0.0006,0.0003,0.0016,0.0817,0.2359,0.1597,0.0216,0.0639,0.0084,0.0353,0.0001,0.5677,0.7372,21621.392
423,H,Z,0.0857,0.0017,0.0006,0.0003,0.0013,0.0607,0.0255,0.0636,0.0223,0.0332,0.0046,0.0320,0.0002,0.2084,0.3357,21671.747
424,Z,H,0.1159,0.0016,0.0006,0.0002,0.0020,0.0822,0.2511,0.1490,0.0225,0.0596,0.0003,0.0316,0.0001,0.5684,0.7218,21722.488
425,H,Z,0.1137,0.0023,0.0007,0.0003,0.0018,0.0703,0.0316,0.1028,0.0441,0.0337,0.0089,0.0458,0.0001,0.2860,0.4608,21772.991
426,Z,H,0.1255,0.0019,0.0007,0.0003,0.0018,0.0928,0.2295,0.1531,0.0252,0.0584,0.0083,0.0354,0.0001,0.5638,0.7388,21823.755
427,H,Z,0.0887,0.0017,0.0006,0.0002,0.0013,0.0505,0.0250,0.0606,0.0240,0.0299,0.0145,0.0317,0.0001,0.1931,0.3329,21874.112
428,Z,H,0.1182,0.0015,0.0005,0.0002,0.0016,0.0842,0.2685,0.1525,0.0227,0.0800,0.0022,0.0365,0.0001,0.6170,0.7790,21924.916
429,H,Z,0.0901,0.0018,0.0005,0.0003,0.0010,0.0519,0.0294,0.0663,0.0223,0.0394,0.0137,0.0314,0.0001,0.2129,0.3528,21975.292
430,Z,H,0.1199,0.0017,0.0006,0.0003,0.0019,0.0925,0.2127,0.1569,0.0225,0.0617,0.0004,0.0324,0.0001,0.5504,0.7088,22026.016
431,H,Z,0.0877,0.0016,0.0005,0.0003,0.0011,0.0505,0.0242,0.0644,0.0223,0.0469,0.0096,0.0304,0.0001,0.2114,0.3437,22076.378
432,Z,H,0.1116,0.0014,0.0005,0.0002,0.0014,0.0798,0.2449,0.1413,0.0210,0.0702,0.0004,0.0340,0.0000,0.5614,0.7117,22127.119
433,H,Z,0.1131,0.0019,0.0006,0.0002,0.0010,0.0684,0.0247,0.0579,0.0226,0.0340,0.0007,0.0346,0.0001,0.2116,0.3650,22177.513
434,Z,H,0.1311,0.0019,0.0006,0.0004,0.0018,0.0929,0.2455,0.1671,0.0256,0.0659,0.0009,0.0420,0.0001,0.6039,0.7837,22228.323
435,H,Z,0.1014,0.0021,0.0008,0.0003,0.0017,0.0535,0.0303,0.0786,0.0245,0.0408,0.0108,0.0567,0.0001,0.2314,0.4066,22278.765
436,Z,H,0.1142,0.0017,0.0005,0.0003,0.0012,0.0836,0.2282,0.1432,0.0217,0.0727,0.0005,0.0331,0.0001,0.5542,0.7068,22329.493
437,H,Z,0.0835,0.0015,0.0006,0.0002,0.0010,0.0504,0.0251,0.0598,0.0213,0.0303,0.0004,0.0306,0.0002,0.1913,0.3104,22379.820
438,Z,H,0.1578,0.0023,0.0007,0.0003,0.0024,0.1162,0.3505,0.2632,0.0437,0.0665,0.0082,0.0247,0.0001,0.8454,1.0430,22430.883
439,H,Z,0.1030,0.0018,0.0006,0.0002,0.0012,0.0550,0.0247,0.0646,0.0226,0.0455,0.0099,0.0381,0.0002,0.2163,0.3723,22481.275
440,Z,H,0.1205,0.0020,0.0006,0.0002,0.0021,0.0910,0.2173,0.1548,0.0239,0.0845,0.0009,0.0394,0.0002,0.5775,0.7445,22532.045
441,H,Z,0.0947,0.0017,0.0005,0.0002,0.0013,0.0520,0.0246,0.0606,0.0229,0.0294,0.0164,0.0311,0.0001,0.1932,0.3401,22582.408
442,Z,H,0.1201,0.0019,0.0007,0.0002,0.0017,0.0823,0.2516,0.1503,0.0228,0.0644,0.0004,0.0272,0.0000,0.5755,0.7287,22633.153
443,H,Z,0.1102,0.0021,0.0007,0.0003,0.0012,0.0643,0.0248,0.0714,0.0292,0.0406,0.0010,0.0385,0.0001,0.2345,0.3896,22683.565
444,Z,H,0.1121,0.0016,0.0005,0.0003,0.0016,0.0804,0.2106,0.1563,0.0225,0.0583,0.0005,0.0285,0.0001,0.5325,0.6785,22734.264
445,H,Z,0.0838,0.0018,0.0006,0.0003,0.0012,0.0509,0.0238,0.0644,0.0231,0.0394,0.0100,0.0367,0.0002,0.2051,0.3405,22784.636
446,Z,H,0.1233,0.0016,0.0006,0.0003,0.0018,0.0918,0.2149,0.1632,0.0243,0.0678,0.0005,0.0326,0.0001,0.5671,0.7290,22835.385
447,H,Z,0.1157,0.0016,0.0006,0.0003,0.0015,0.0650,0.0290,0.0785,0.0283,0.0328,0.0124,0.0300,0.0002,0.2382,0.4013,22885.804
448,Z,H,0.1589,0.0028,0.0007,0.0003,0.0034,0.1326,0.3447,0.1784,0.0227,0.0818,0.0004,0.0298,0.0000,0.7657,0.9634,22936.784
449,H,Z,0.1066,0.0017,0.0008,0.0001,0.0013,0.0552,0.0237,0.0605,0.0225,0.0330,0.0084,0.0283,0.0001,0.1979,0.3462,22987.147
450,Z,H,0.1093,0.0014,0.0005,0.0003,0.0017,0.0887,0.2249,0.1441,0.0265,0.1542,0.0004,0.0265,0.0001,0.6431,0.7843,23037.951
451,H,Z,0.1222,0.0025,0.0009,0.0003,0.0018,0.0713,0.0319,0.1050,0.0461,0.0365,0.0005,0.0378,0.0001,0.2950,0.4624,23088.437
452,Z,H,0.1571,0.0024,0.0007,0.0003,0.0029,0.1098,0.3504,0.2628,0.0428,0.0776,0.0006,0.0365,0.0001,0.8485,1.0503,23139.510
453,H,Z,0.1133,0.0020,0.0008,0.0004,0.0016,0.0580,0.0244,0.0644,0.0240,0.0362,0.0008,0.0436,0.0001,0.2109,0.3747,23189.909
454,Z,H,0.1205,0.0019,0.0007,0.0003,0.0019,0.0841,0.2127,0.1452,0.0219,0.0549,0.0007,0.0323,0.0002,0.5235,0.6827,23240.626
455,H,Z,0.1305,0.0021,0.0009,0.0003,0.0022,0.0750,0.0363,0.1166,0.0471,0.0394,0.0161,0.0453,0.0002,0.3185,0.5176,23291.169
456,Z,H,0.1592,0.0025,0.0009,0.0004,0.0030,0.1099,0.3809,0.2522,0.0457,0.0735,0.0006,0.0297,0.0001,0.8680,1.0656,23342.258
457,H,Z,0.1025,0.0023,0.0006,0.0004,0.0017,0.0706,0.0320,0.0991,0.0419,0.0316,0.0017,0.0238,0.0001,0.2789,0.4132,23392.691
458,Z,H,0.1495,0.0018,0.0006,0.0005,0.0020,0.1039,0.2391,0.1629,0.0228,0.0745,0.0005,0.0291,0.0001,0.6089,0.7941,23443.504
459,H,Z,0.1071,0.0015,0.0007,0.0003,0.0012,0.0684,0.0306,0.0777,0.0293,0.0268,0.0004,0.0275,0.0001,0.2356,0.3756,23493.896
460,Z,H,0.1650,0.0027,0.0006,0.0004,0.0029,0.1157,0.3752,0.2746,0.0442,0.0874,0.0125,0.0403,0.0002,0.9030,1.1289,23545.047
461,H,Z,0.1094,0.0022,0.0008,0.0004,0.0013,0.0550,0.0313,0.0806,0.0256,0.0397,0.0146,0.0494,0.0002,0.2373,0.4169,23595.491
462,Z,H,0.1247,0.0018,0.0005,0.0003,0.0017,0.0824,0.2426,0.1774,0.0226,0.0819,0.0117,0.0334,0.0001,0.6115,0.7869,23646.297
463,H,Z,0.1148,0.0027,0.0008,0.0004,0.0019,0.0728,0.0321,0.1023,0.0441,0.0367,0.0004,0.0389,0.0001,0.2911,0.4523,23696.771
464,Z,H,0.1586,0.0023,0.0009,0.0004,0.0021,0.1109,0.3733,0.2791,0.0449,0.0815,0.0004,0.0308,0.0002,0.8956,1.0925,23747.883
465,H,Z,0.0921,0.0014,0.0005,0.0002,0.0011,0.0501,0.0270,0.0639,0.0229,0.0315,0.0006,0.0354,0.0001,0.1987,0.3313,23798.255
466,Z,H,0.1557,0.0029,0.0006,0.0004,0.0025,0.1083,0.3592,0.2759,0.0430,0.0629,0.0008,0.0387,0.0002,0.8548,1.0577,23849.336
467,H,Z,0.1405,0.0032,0.0008,0.0004,0.0020,0.0752,0.0362,0.1097,0.0440,0.0405,0.0098,0.0470,0.0001,0.3096,0.5150,23899.879
468,Z,H,0.1251,0.0019,0.0007,0.0005,0.0014,0.0905,0.2449,0.1664,0.0234,0.0866,0.0010,0.0466,0.0001,0.6179,0.7964,23950.707
469,H,Z,0.1220,0.0030,0.0008,0.0004,0.0019,0.0733,0.0344,0.1091,0.0537,0.0477,0.0048,0.0359,0.0004,0.3223,0.4926,24001.222
470,Z,H,0.1738,0.0022,0.0009,0.0004,0.0023,0.1173,0.3175,0.1877,0.0261,0.0798,0.0012,0.0465,0.0001,0.7348,0.9639,24052.225
471,H,Z,0.0964,0.0020,0.0007,0.0003,0.0012,0.0523,0.0260,0.0787,0.0248,0.0343,0.0147,0.0327,0.0002,0.2197,0.3692,24102.621
472,Z,H,0.1848,0.0034,0.0006,0.0004,0.0029,0.1457,0.3610,0.2732,0.0483,0.0794,0.0008,0.0352,0.0002,0.9126,1.1422,24153.791
473,H,Z,0.1084,0.0022,0.0009,0.0003,0.0015,0.0551,0.0295,0.0728,0.0274,0.0405,0.0009,0.0409,0.0001,0.2293,0.3858,24204.202
474,Z,H,0.1232,0.0016,0.0007,0.0003,0.0021,0.0938,0.2514,0.1510,0.0231,0.0800,0.0009,0.0464,0.0001,0.6046,0.7809,24255.014
475,H,Z,0.1171,0.0022,0.0006,0.0002,0.0016,0.0698,0.0294,0.0972,0.0436,0.0364,0.0158,0.0294,0.0001,0.2801,0.4483,24305.486
476,Z,H,0.1190,0.0018,0.0007,0.0003,0.0018,0.0839,0.2363,0.1585,0.0291,0.0742,0.0023,0.0521,0.0001,0.5916,0.7712,24356.283
477,H,Z,0.0862,0.0014,0.0006,0.0002,0.0011,0.0499,0.0242,0.0612,0.0209,0.0322,0.0076,0.0252,0.0001,0.1912,0.3148,24406.620
478,Z,H,0.1130,0.0016,0.0004,0.0001,0.0014,0.0821,0.2392,0.1473,0.0220,0.0717,0.0005,0.0245,0.0001,0.5668,0.7093,24457.347
479,H,Z,0.0890,0.0020,0.0006,0.0002,0.0012,0.0517,0.0251,0.0664,0.0218,0.0347,0.0004,0.0310,0.0000,0.2020,0.3277,24507.691
480,Z,H,0.1417,0.0018,0.0005,0.0002,0.0020,0.1099,0.2578,0.1810,0.0281,0.0568,0.0009,0.0359,0.0001,0.6390,0.8230,24558.546
481,H,Z,0.1096,0.0028,0.0007,0.0003,0.0015,0.0688,0.0296,0.0922,0.0394,0.0420,0.0005,0.0279,0.0001,0.2756,0.4199,24608.987
482,Z,H,0.1225,0.0017,0.0006,0.0003,0.0017,0.0814,0.2178,0.1494,0.0209,0.0610,0.0009,0.0249,0.0001,0.5351,0.6887,24659.695
483,H,Z,0.1013,0.0015,0.0008,0.0003,0.0012,0.0666,0.0251,0.0679,0.0282,0.0274,0.0005,0.0241,0.0001,0.2190,0.3499,24710.059
484,Z,H,0.1183,0.0014,0.0007,0.0002,0.0017,0.0831,0.2533,0.1415,0.0254,0.0658,0.0005,0.0277,0.0001,0.5738,0.7251,24760.803
485,H,Z,0.1131,0.0027,0.0008,0.0004,0.0018,0.0689,0.0311,0.1144,0.0439,0.0332,0.0082,0.0299,0.0002,0.2957,0.4539,24811.276
486,Z,H,0.1701,0.0017,0.0006,0.0002,0.0020,0.0991,0.2251,0.1689,0.0250,0.0973,0.0005,0.0275,0.0001,0.6193,0.8228,24862.136
487,H,Z,0.1076,0.0023,0.0006,0.0003,0.0013,0.0664,0.0304,0.0728,0.0275,0.0321,0.0007,0.0331,0.0001,0.2327,0.3801,24912.532
488,Z,H,0.1146,0.0016,0.0006,0.0003,0.0018,0.0818,0.2162,0.1778,0.0256,0.0661,0.0006,0.0303,0.0001,0.5725,0.7233,24963.275
489,H,Z,0.1315,0.0017,0.0004,0.0001,0.0011,0.0900,0.0248,0.0643,0.0218,0.0294,0.0093,0.0290,0.0000,0.2332,0.4074,25013.702
490,Z,H,0.1212,0.0017,0.0006,0.0003,0.0018,0.0895,0.2505,0.1587,0.0232,0.0563,0.0129,0.0319,0.0001,0.5822,0.7535,25064.481
491,H,Z,0.1134,0.0027,0.0007,0.0004,0.0018,0.0717,0.0321,0.0999,0.0444,0.0341,0.0109,0.0309,0.0002,0.2859,0.4478,25114.947
492,Z,H,0.1557,0.0022,0.0008,0.0005,0.0017,0.0844,0.2255,0.1524,0.0211,0.0700,0.0003,0.0310,0.0000,0.5569,0.7501,25165.717
493,H,Z,0.0844,0.0016,0.0005,0.0002,0.0011,0.0503,0.0247,0.0629,0.0233,0.0320,0.0027,0.0392,0.0001,0.1962,0.3272,25216.066
494,Z,H,0.1174,0.0019,0.0005,0.0003,0.0018,0.0792,0.2338,0.1626,0.0259,0.0676,0.0004,0.0332,0.0001,0.5734,0.7300,25266.816
495,H,Z,0.0869,0.0012,0.0007,0.0003,0.0011,0.0506,0.0254,0.0628,0.0226,0.0269,0.0044,0.0239,0.0001,0.1914,0.3110,25317.182
496,Z,H,0.1166,0.0020,0.0007,0.0003,0.0018,0.0781,0.2565,0.1470,0.0225,0.0692,0.0093,0.0303,0.0000,0.5775,0.7412,25367.942
497,H,Z,0.1057,0.0023,0.0007,0.0003,0.0017,0.0763,0.0278,0.0940,0.0414,0.0293,0.0081,0.0330,0.0001,0.2724,0.4267,25418.404
498,Z,H,0.1225,0.0019,0.0006,0.0003,0.0022,0.0793,0.2124,0.1635,0.0226,0.0830,0.0006,0.0409,0.0001,0.5658,0.7360,25469.163
499,H,Z,0.1136,0.0027,0.0009,0.0002,0.0021,0.0728,0.0310,0.0972,0.0427,0.0460,0.0046,0.0255,0.0003,0.2931,0.4442,25519.626
500,Z,H,0.1212,0.0015,0.0007,0.0003,0.0019,0.0909,0.2072,0.1609,0.0242,0.0706,0.0004,0.0257,0.0001,0.5589,0.7120,25570.359
501,H,Z,0.0853,0.0017,0.0005,0.0003,0.0009,0.0495,0.0246,0.0632,0.0215,0.0297,0.0005,0.0308,0.0001,0.1914,0.3124,25620.688
502,Z,H,0.1164,0.0018,0.0006,0.0002,0.0016,0.0908,0.2161,0.1642,0.0275,0.0560,0.0003,0.0292,0.0000,0.5589,0.7100,25671.424
503,H,Z,0.0836,0.0016,0.0005,0.0002,0.0011,0.0637,0.0239,0.0564,0.0209,0.0347,0.0005,0.0307,0.0001,0.2022,0.3214,25721.763
504,Z,H,0.1308,0.0022,0.0006,0.0003,0.0018,0.0829,0.2531,0.1568,0.0235,0.0868,0.0073,0.0393,0.0001,0.6074,0.7915,25772.585
505,H,Z,0.0951,0.0019,0.0006,0.0004,0.0014,0.0533,0.0258,0.0648,0.0232,0.0416,0.0010,0.0398,0.0001,0.2115,0.3528,25822.971
506,Z,H,0.1734,0.0030,0.0007,0.0003,0.0031,0.1136,0.3811,0.2699,0.0443,0.0835,0.0005,0.0376,0.0002,0.8980,1.1176,25874.113
507,H,Z,0.1210,0.0028,0.0007,0.0005,0.0018,0.0977,0.0301,0.0784,0.0230,0.0322,0.0005,0.0333,0.0000,0.2655,0.4275,25924.558
508,Z,H,0.1664,0.0029,0.0010,0.0004,0.0030,0.1110,0.3847,0.2684,0.0507,0.0695,0.0093,0.0351,0.0002,0.8900,1.1096,25975.694
509,H,Z,0.0955,0.0018,0.0008,0.0003,0.0012,0.0557,0.0272,0.0645,0.0239,0.0356,0.0142,0.0368,0.0002,0.2101,0.3619,26026.074
510,Z,H,0.1663,0.0030,0.0007,0.0004,0.0032,0.1124,0.3671,0.2728,0.0447,0.0801,0.0053,0.0347,0.0002,0.8824,1.0994,26077.194
511,H,Z,0.0964,0.0020,0.0007,0.0003,0.0013,0.0546,0.0262,0.0658,0.0222,0.0453,0.0005,0.0269,0.0002,0.2177,0.3469,26127.569
512,Z,H,0.1245,0.0019,0.0006,0.0003,0.0021,0.0897,0.2201,0.1612,0.0233,0.0843,0.0103,0.0374,0.0001,0.5838,0.7618,26178.355
513,H,Z,0.1204,0.0031,0.0006,0.0003,0.0019,0.0725,0.0343,0.1045,0.0435,0.0492,0.0006,0.0243,0.0002,0.3081,0.4608,26228.834
514,Z,H,0.1351,0.0020,0.0009,0.0004,0.0021,0.0918,0.2571,0.1650,0.0247,0.0711,0.0007,0.0364,0.0002,0.6147,0.7935,26279.650
515,H,Z,0.0930,0.0021,0.0007,0.0003,0.0014,0.0537,0.0269,0.0609,0.0229,0.0371,0.0004,0.0337,0.0000,0.2043,0.3371,26330.005
516,Z,H,0.2013,0.0021,0.0005,0.0003,0.0021,0.1012,0.2437,0.1624,0.0274,0.0699,0.0077,0.0429,0.0001,0.6102,0.8685,26380.907
517,H,Z,0.1198,0.0028,0.0007,0.0004,0.0017,0.0763,0.0315,0.1022,0.0440,0.0436,0.0110,0.0334,0.0001,0.3017,0.4730,26431.401
518,Z,H,0.1773,0.0022,0.0012,0.0004,0.0028,0.0924,0.2876,0.2025,0.0353,0.0764,0.0005,0.0284,0.0002,0.7025,0.9167,26482.342
519,H,Z,0.0958,0.0020,0.0007,0.0003,0.0012,0.0536,0.0270,0.0720,0.0241,0.0469,0.0009,0.0451,0.0001,0.2268,0.3741,26532.738
520,Z,H,0.1663,0.0030,0.0007,0.0005,0.0032,0.1094,0.3718,0.2757,0.0441,0.0757,0.0029,0.0333,0.0002,0.8828,1.0943,26583.855
521,H,Z,0.1061,0.0019,0.0008,0.0003,0.0014,0.0588,0.0286,0.0847,0.0261,0.0434,0.0005,0.0337,0.0002,0.2460,0.3927,26634.272
522,Z,H,0.1232,0.0015,0.0006,0.0003,0.0021,0.0873,0.2593,0.1591,0.0244,0.0659,0.0038,0.0374,0.0001,0.6008,0.7709,26685.064
523,H,Z,0.1315,0.0032,0.0008,0.0005,0.0023,0.0754,0.0326,0.1063,0.0440,0.0362,0.0134,0.0423,0.0001,0.2978,0.4930,26735.579
524,Z,H,0.1277,0.0018,0.0008,0.0003,0.0020,0.0922,0.2188,0.1712,0.0259,0.0654,0.0019,0.0309,0.0002,0.5784,0.7453,26786.346
525,H,Z,0.0966,0.0021,0.0007,0.0003,0.0016,0.0543,0.0279,0.0689,0.0222,0.0407,0.0221,0.0290,0.0001,0.2183,0.3720,26836.742
526,Z,H,0.1593,0.0030,0.0006,0.0003,0.0031,0.1101,0.3616,0.2646,0.0472,0.0822,0.0011,0.0342,0.0002,0.8711,1.0741,26887.839
527,H,Z,0.0936,0.0017,0.0007,0.0003,0.0012,0.0552,0.0287,0.0812,0.0229,0.0418,0.0003,0.0327,0.0001,0.2326,0.3646,26938.232
528,Z,H,0.1237,0.0016,0.0006,0.0003,0.0020,0.0847,0.2468,0.1656,0.0220,0.0715,0.0004,0.0325,0.0000,0.5951,0.7570,26989.009
529,H,Z,0.0988,0.0021,0.0006,0.0003,0.0011,0.0538,0.0255,0.0637,0.0237,0.0379,0.0009,0.0499,0.0001,0.2087,0.3636,27039.403
530,Z,H,0.1157,0.0017,0.0007,0.0002,0.0012,0.0867,0.2269,0.1527,0.0240,0.0922,0.0004,0.0331,0.0000,0.5869,0.7410,27090.165
531,H,Z,0.1168,0.0027,0.0007,0.0003,0.0015,0.0727,0.0323,0.1016,0.0443,0.0441,0.0081,0.0390,0.0001,0.2998,0.4703,27140.687
532,Z,H,0.1668,0.0031,0.0008,0.0006,0.0031,0.1147,0.3833,0.2647,0.0505,0.0726,0.0007,0.0319,0.0003,0.8918,1.1000,27191.815
533,H,Z,0.1002,0.0023,0.0008,0.0003,0.0013,0.0569,0.0284,0.0774,0.0239,0.0392,0.0005,0.0299,0.0001,0.2294,0.3658,27242.203
534,Z,H,0.1244,0.0016,0.0005,0.0003,0.0019,0.0869,0.2224,0.1643,0.0247,0.0844,0.0167,0.0406,0.0001,0.5910,0.7784,27293.002
535,H,Z,0.0978,0.0022,0.0006,0.0003,0.0012,0.0525,0.0261,0.0688,0.0222,0.0406,0.0089,0.0326,0.0001,0.2135,0.3583,27343.387
536,Z,H,0.1208,0.0017,0.0005,0.0003,0.0017,0.0933,0.2222,0.1618,0.0253,0.0802,0.0098,0.0465,0.0001,0.5885,0.7709,27394.180
537,H,Z,0.0907,0.0017,0.0005,0.0004,0.0011,0.0535,0.0251,0.0643,0.0232,0.0515,0.0008,0.0288,0.0001,0.2204,0.3456,27444.559
538,Z,H,0.1597,0.0031,0.0009,0.0004,0.0031,0.1332,0.2929,0.1582,0.0236,0.0843,0.0006,0.0313,0.0001,0.6991,0.8991,27495.500
539,H,Z,0.1192,0.0021,0.0008,0.0006,0.0014,0.0593,0.0249,0.0650,0.0223,0.0405,0.0094,0.0401,0.0001,0.2165,0.3912,27545.920
540,Z,H,0.1696,0.0017,0.0005,0.0004,0.0017,0.0883,0.2434,0.1517,0.0239,0.0813,0.0008,0.0421,0.0001,0.5943,0.8123,27596.761
541,H,Z,0.0892,0.0019,0.0007,0.0003,0.0012,0.0523,0.0261,0.0668,0.0220,0.0342,0.0155,0.0389,0.0001,0.2047,0.3535,27647.165
542,Z,H,0.1173,0.0014,0.0005,0.0003,0.0017,0.0797,0.2436,0.1574,0.0265,0.0775,0.0008,0.0372,0.0002,0.5895,0.7499,27697.941
543,H,Z,0.0928,0.0016,0.0008,0.0003,0.0015,0.0594,0.0268,0.0787,0.0238,0.0429,0.0137,0.0480,0.0002,0.2360,0.3964,27748.367
544,Z,H,0.1610,0.0027,0.0007,0.0004,0.0029,0.1108,0.3544,0.2702,0.0475,0.0703,0.0005,0.0294,0.0001,0.8595,1.0582,27799.449
545,H,Z,0.1096,0.0032,0.0011,0.0004,0.0016,0.0585,0.0323,0.0856,0.0271,0.0447,0.0138,0.0434,0.0002,0.2520,0.4270,27849.897
546,Z,H,0.1635,0.0029,0.0008,0.0004,0.0027,0.1152,0.4356,0.2801,0.0449,0.0775,0.0006,0.0314,0.0002,0.9589,1.1626,27901.086
547,H,Z,0.0947,0.0018,0.0008,0.0003,0.0013,0.0575,0.0264,0.0675,0.0242,0.0388,0.0243,0.0466,0.0001,0.2187,0.3896,27951.499
548,Z,H,0.1569,0.0030,0.0008,0.0005,0.0028,0.1103,0.3709,0.2688,0.0495,0.0718,0.0005,0.0390,0.0002,0.8768,1.0817,28002.610
549,H,Z,0.0916,0.0017,0.0007,0.0005,0.0011,0.0553,0.0260,0.0636,0.0238,0.0358,0.0113,0.0331,0.0001,0.2071,0.3486,28052.993
550,Z,H,0.1323,0.0016,0.0006,0.0003,0.0019,0.0879,0.2348,0.1689,0.0263,0.0684,0.0003,0.0329,0.0000,0.5908,0.7618,28103.783
551,H,Z,0.1225,0.0030,0.0008,0.0004,0.0017,0.0718,0.0324,0.1133,0.0450,0.0510,0.0010,0.0477,0.0002,0.3175,0.4961,28154.301
552,Z,H,0.1293,0.0019,0.0006,0.0003,0.0017,0.0829,0.2374,0.1588,0.0237,0.0874,0.0121,0.0457,0.0002,0.5964,0.7896,28205.124
553,H,Z,0.1486,0.0025,0.0008,0.0006,0.0016,0.0639,0.0337,0.0767,0.0261,0.0507,0.0005,0.0437,0.0002,0.2545,0.4543,28255.597
554,Z,H,0.1236,0.0017,0.0005,0.0004,0.0017,0.0879,0.2282,0.1710,0.0256,0.0661,0.0010,0.0467,0.0001,0.5841,0.7607,28306.756
555,H,Z,0.0959,0.0020,0.0007,0.0003,0.0011,0.0533,0.0261,0.0648,0.0240,0.0297,0.0165,0.0428,0.0001,0.2028,0.3634,28357.151
556,Z,H,0.1471,0.0017,0.0007,0.0003,0.0018,0.0945,0.3514,0.1515,0.0243,0.1049,0.0004,0.0334,0.0001,0.7309,0.9176,28408.093
557,H,Z,0.1218,0.0030,0.0007,0.0004,0.0019,0.0725,0.0340,0.1069,0.0462,0.0351,0.0100,0.0445,0.0002,0.3000,0.4838,28458.607
558,Z,H,0.1297,0.0018,0.0009,0.0003,0.0020,0.0843,0.2177,0.1673,0.0252,0.0746,0.0005,0.0355,0.0001,0.5756,0.7475,28509.377
559,H,Z,0.1704,0.0039,0.0010,0.0006,0.0024,0.0828,0.0415,0.1251,0.0484,0.0497,0.0006,0.0529,0.0002,0.3523,0.5857,28559.995
560,Z,H,0.1339,0.0019,0.0006,0.0003,0.0014,0.0881,0.2345,0.1661,0.0232,0.0760,0.0016,0.0359,0.0001,0.5960,0.7730,28610.789
561,H,Z,0.0878,0.0018,0.0007,0.0004,0.0010,0.0518,0.0271,0.0689,0.0250,0.0438,0.0090,0.0424,0.0001,0.2205,0.3651,28661.176
562,Z,H,0.1286,0.0021,0.0006,0.0003,0.0017,0.0945,0.2593,0.1619,0.0255,0.0722,0.0008,0.0411,0.0002,0.6190,0.7955,28712.000
563,H,Z,0.1227,0.0018,0.0006,0.0003,0.0011,0.0548,0.0250,0.0612,0.0225,0.0355,0.0012,0.0435,0.0001,0.2026,0.3751,28762.399
564,Z,H,0.1614,0.0018,0.0007,0.0004,0.0024,0.1064,0.2712,0.2466,0.0339,0.0719,0.0081,0.0326,0.0002,0.7361,0.9447,28813.368
565,H,Z,0.0946,0.0020,0.0007,0.0004,0.0013,0.0537,0.0249,0.0620,0.0227,0.0377,0.0005,0.0306,0.0001,0.2037,0.3349,28863.720
566,Z,H,0.1806,0.0027,0.0007,0.0005,0.0037,0.1205,0.5166,0.2989,0.0681,0.1092,0.0004,0.0261,0.0000,1.1185,1.3350,28915.078
567,H,Z,0.1262,0.0021,0.0008,0.0004,0.0015,0.0661,0.0259,0.0876,0.0243,0.0386,0.0004,0.0289,0.0002,0.2457,0.4074,28965.506
568,Z,H,0.1667,0.0028,0.0008,0.0004,0.0030,0.1162,0.4085,0.2594,0.0437,0.0777,0.0005,0.0317,0.0002,0.9121,1.1194,29016.646
569,H,Z,0.1098,0.0021,0.0007,0.0003,0.0014,0.0559,0.0308,0.0695,0.0255,0.0507,0.0049,0.0361,0.0001,0.2364,0.3931,29067.395
570,Z,H,0.1674,0.0020,0.0007,0.0003,0.0022,0.0841,0.2787,0.2077,0.0318,0.1191,0.0007,0.0291,0.0002,0.7258,0.9293,29118.343
571,H,Z,0.1169,0.0023,0.0006,0.0005,0.0014,0.0654,0.0261,0.0704,0.0232,0.0416,0.0006,0.0282,0.0001,0.2305,0.3830,29168.747
572,Z,H,0.1597,0.0024,0.0007,0.0003,0.0019,0.0965,0.2661,0.2002,0.0329,0.0874,0.0006,0.0370,0.0002,0.6888,0.8927,29219.669
573,H,Z,0.1387,0.0019,0.0007,0.0006,0.0014,0.0790,0.0343,0.0772,0.0239,0.0365,0.0134,0.0345,0.0002,0.2547,0.4475,29270.136
574,Z,H,0.2125,0.0029,0.0009,0.0004,0.0032,0.1385,0.5103,0.3113,0.0279,0.0874,0.0005,0.0342,0.0001,1.0815,1.3376,29321.495
575,H,Z,0.0961,0.0017,0.0008,0.0003,0.0013,0.0546,0.0265,0.0701,0.0228,0.0378,0.0010,0.0427,0.0001,0.2163,0.3615,29371.881
576,Z,H,0.1203,0.0017,0.0005,0.0006,0.0020,0.0881,0.2151,0.1563,0.0215,0.0792,0.0005,0.0326,0.0001,0.5643,0.7237,29422.626
577,H,Z,0.1199,0.0027,0.0011,0.0004,0.0019,0.0735,0.0333,0.1045,0.0460,0.0610,0.0021,0.0443,0.0002,0.3226,0.4980,29473.152
578,Z,H,0.1954,0.0031,0.0009,0.0005,0.0035,0.1266,0.5188,0.2763,0.0440,0.0763,0.0006,0.0263,0.0003,1.0478,1.2796,29524.457
579,H,Z,0.1266,0.0021,0.0007,0.0008,0.0016,0.0650,0.0261,0.0887,0.0322,0.0369,0.0009,0.0433,0.0002,0.2534,0.4312,29574.911
580,Z,H,0.1206,0.0018,0.0005,0.0003,0.0017,0.0907,0.2638,0.1480,0.0224,0.0841,0.0017,0.0494,0.0002,0.6174,0.7953,29625.728
581,H,Z,0.1616,0.0031,0.0008,0.0003,0.0021,0.0817,0.0348,0.1196,0.0450,0.0440,0.0119,0.0397,0.0002,0.3297,0.5506,29676.303
582,Z,H,0.1539,0.0028,0.0009,0.0003,0.0030,0.1132,0.3644,0.2844,0.0443,0.0761,0.0015,0.0421,0.0002,0.8929,1.0991,29727.431
583,H,Z,0.1270,0.0030,0.0009,0.0005,0.0021,0.0761,0.0341,0.1110,0.0452,0.0419,0.0008,0.0408,0.0002,0.3121,0.4887,29777.947
584,Z,H,0.1387,0.0019,0.0005,0.0003,0.0017,0.0840,0.3352,0.1472,0.0271,0.0796,0.0005,0.0342,0.0002,0.6814,0.8604,29828.831
585,H,Z,0.1222,0.0030,0.0009,0.0004,0.0020,0.0789,0.0423,0.1171,0.1092,0.0430,0.0031,0.0268,0.0001,0.3959,0.5554,29879.405
586,Z,H,0.1245,0.0018,0.0007,0.0004,0.0020,0.0974,0.2279,0.1658,0.0248,0.0681,0.0003,0.0361,0.0002,0.5880,0.7553,29930.184
587,H,Z,0.0869,0.0019,0.0005,0.0004,0.0013,0.0506,0.0254,0.0629,0.0209,0.0343,0.0080,0.0303,0.0001,0.1974,0.3277,29980.528
588,Z,H,0.1588,0.0022,0.0007,0.0004,0.0022,0.1028,0.2433,0.2079,0.0333,0.0672,0.0018,0.0479,0.0001,0.6622,0.8775,30031.438
589,H,Z,0.0884,0.0017,0.0007,0.0004,0.0013,0.0524,0.0261,0.0672,0.0227,0.0346,0.0005,0.0338,0.0001,0.2059,0.3338,30081.790
590,Z,H,0.1534,0.0015,0.0005,0.0004,0.0019,0.0856,0.2292,0.1572,0.0229,0.0792,0.0133,0.0353,0.0001,0.5795,0.7870,30132.596
591,H,Z,0.1036,0.0016,0.0008,0.0003,0.0012,0.0552,0.0248,0.0602,0.0224,0.0290,0.0003,0.0307,0.0000,0.1940,0.3337,30182.948
592,Z,H,0.1720,0.0022,0.0006,0.0002,0.0017,0.1036,0.2703,0.1522,0.0225,0.0848,0.0034,0.0346,0.0001,0.6376,0.8539,30233.824
593,H,Z,0.0973,0.0018,0.0006,0.0004,0.0012,0.0516,0.0250,0.0706,0.0255,0.0334,0.0204,0.0281,0.0001,0.2091,0.3599,30284.209
594,Z,H,0.1293,0.0018,0.0005,0.0005,0.0016,0.0866,0.2525,0.1545,0.0232,0.0794,0.0005,0.0293,0.0001,0.6016,0.7663,30334.995
595,H,Z,0.0920,0.0016,0.0006,0.0003,0.0013,0.0523,0.0259,0.0664,0.0240,0.0377,0.0109,0.0327,0.0001,0.2102,0.3508,30385.365
596,Z,H,0.1162,0.0015,0.0006,0.0003,0.0018,0.0824,0.2666,0.1484,0.0250,0.0655,0.0005,0.0270,0.0001,0.5936,0.7426,30436.129
597,H,Z,0.1148,0.0030,0.0007,0.0004,0.0020,0.0717,0.0319,0.0977,0.0433,0.0355,0.0049,0.0325,0.0002,0.2841,0.4457,30486.620
598,Z,H,0.1216,0.0017,0.0006,0.0003,0.0017,0.0831,0.2236,0.1616,0.0237,0.0735,0.0005,0.0256,0.0002,0.5711,0.7244,30537.371
599,H,Z,0.1276,0.0024,0.0008,0.0003,0.0018,0.0760,0.0327,0.0980,0.0440,0.0432,0.0022,0.0387,0.0002,0.2986,0.4738,30587.871
600,Z,H,0.1243,0.0018,0.0007,0.0003,0.0020,0.0900,0.2210,0.1535,0.0264,0.0714,0.0010,0.0408,0.0001,0.5679,0.7401,30638.644
601,H,Z,0.0890,0.0019,0.0006,0.0003,0.0010,0.0555,0.0263,0.0641,0.0227,0.0317,0.0134,0.0445,0.0001,0.2044,0.3561,30689.022
602,Z,H,0.1688,0.0028,0.0006,0.0003,0.0032,0.1113,0.3633,0.1849,0.0253,0.0728,0.0005,0.0338,0.0001,0.7675,0.9789,30740.030
603,H,Z,0.1259,0.0032,0.0008,0.0005,0.0018,0.0731,0.0336,0.1061,0.0432,0.0422,0.0005,0.0398,0.0004,0.3012,0.4751,30790.524
604,Z,H,0.1321,0.0027,0.0008,0.0004,0.0021,0.0839,0.2112,0.1557,0.0222,0.0698,0.0116,0.0412,0.0002,0.5481,0.7404,30841.290
605,H,Z,0.0885,0.0017,0.0006,0.0003,0.0014,0.0538,0.0263,0.0647,0.0230,0.0299,0.0005,0.0331,0.0002,0.2002,0.3276,30891.639
606,Z,H,0.1350,0.0017,0.0007,0.0003,0.0019,0.0892,0.3569,0.1448,0.0230,0.0784,0.0009,0.0412,0.0001,0.6972,0.8801,30942.542
607,H,Z,0.1116,0.0031,0.0009,0.0003,0.0018,0.0712,0.0317,0.1065,0.0423,0.0368,0.0012,0.0460,0.0002,0.2927,0.4589,30993.024
608,Z,H,0.1596,0.0023,0.0008,0.0004,0.0020,0.1354,0.2177,0.1595,0.0261,0.0772,0.0004,0.0394,0.0002,0.6206,0.8266,31043.884
609,H,Z,0.0873,0.0015,0.0006,0.0003,0.0012,0.0539,0.0268,0.0695,0.0227,0.0328,0.0100,0.0386,0.0001,0.2087,0.3493,31094.253
610,Z,H,0.1336,0.0021,0.0007,0.0004,0.0023,0.1261,0.3203,0.2917,0.0499,0.0735,0.0005,0.0297,0.0002,0.8682,1.0387,31145.310
611,H,Z,0.0853,0.0015,0.0006,0.0002,0.0011,0.0512,0.0243,0.0633,0.0217,0.0391,0.0009,0.0387,0.0001,0.2033,0.3329,31195.668
612,Z,H,0.1187,0.0020,0.0007,0.0003,0.0018,0.0916,0.2563,0.1477,0.0270,0.0697,0.0094,0.0376,0.0001,0.5970,0.7685,31246.457
613,H,Z,0.1131,0.0030,0.0006,0.0004,0.0018,0.0703,0.0307,0.0980,0.0454,0.0309,0.0005,0.0336,0.0002,0.2786,0.4328,31296.927
614,Z,H,0.1202,0.0019,0.0007,0.0003,0.0015,0.0870,0.2260,0.1527,0.0225,0.0881,0.0005,0.0343,0.0002,0.5809,0.7415,31347.694
615,H,Z,0.0815,0.0014,0.0006,0.0003,0.0007,0.0498,0.0249,0.0606,0.0223,0.0355,0.0105,0.0364,0.0002,0.1966,0.3291,31398.047
616,Z,H,0.1259,0.0017,0.0005,0.0003,0.0019,0.0903,0.2101,0.1548,0.0267,0.0664,0.0009,0.0329,0.0001,0.5540,0.7191,31448.793
617,H,Z,0.0842,0.0015,0.0005,0.0002,0.0013,0.0510,0.0227,0.0567,0.0214,0.0267,0.0003,0.0302,0.0000,0.1810,0.3001,31499.113
618,Z,H,0.1172,0.0015,0.0005,0.0003,0.0018,0.0827,0.2222,0.1566,0.0218,0.0651,0.0004,0.0325,0.0001,0.5531,0.7083,31549.844
619,H,Z,0.1103,0.0026,0.0006,0.0003,0.0019,0.0701,0.0308,0.1114,0.0446,0.0395,0.0105,0.0312,0.0002,0.3000,0.4586,31600.324
620,Z,H,0.1176,0.0017,0.0007,0.0002,0.0018,0.0808,0.2215,0.1384,0.0224,0.0592,0.0008,0.0375,0.0001,0.5280,0.6894,31651.039
621,H,Z,0.0878,0.0016,0.0007,0.0002,0.0009,0.0525,0.0252,0.0620,0.0222,0.0273,0.0010,0.0370,0.0002,0.1921,0.3225,31701.389
622,Z,H,0.1190,0.0016,0.0009,0.0003,0.0017,0.0819,0.2636,0.1528,0.0226,0.0753,0.0022,0.0313,0.0002,0.6012,0.7592,31752.169
623,H,Z,0.1056,0.0017,0.0005,0.0002,0.0013,0.0688,0.0273,0.0697,0.0291,0.0331,0.0004,0.0275,0.0001,0.2313,0.3696,31802.554
624,Z,H,0.1186,0.0013,0.0004,0.0001,0.0014,0.0837,0.2357,0.1572,0.0240,0.0651,0.0008,0.0378,0.0001,0.5709,0.7324,31853.311
625,H,Z,0.0965,0.0017,0.0009,0.0003,0.0014,0.0682,0.0283,0.0725,0.0306,0.0365,0.0008,0.0372,0.0001,0.2396,0.3798,31903.717
626,Z,H,0.1225,0.0017,0.0005,0.0003,0.0018,0.0808,0.2503,0.1398,0.0220,0.0748,0.0009,0.0296,0.0001,0.5726,0.7312,31954.472
627,H,Z,0.1271,0.0037,0.0012,0.0005,0.0024,0.0792,0.0428,0.1145,0.0465,0.0505,0.0005,0.0377,0.0002,0.3371,0.5116,32005.003
628,Z,H,0.1552,0.0021,0.0004,0.0004,0.0024,0.1064,0.3457,0.2458,0.0472,0.0742,0.0015,0.0258,0.0002,0.8240,1.0127,32056.034
629,H,Z,0.1174,0.0025,0.0007,0.0002,0.0017,0.0713,0.0311,0.0973,0.0900,0.0445,0.0005,0.0301,0.0000,0.3395,0.4938,32106.549
630,Z,H,0.1153,0.0017,0.0005,0.0002,0.0018,0.0892,0.2429,0.1514,0.0210,0.0633,0.0033,0.0332,0.0001,0.5724,0.7293,32157.299
631,H,Z,0.0836,0.0017,0.0009,0.0003,0.0010,0.0515,0.0251,0.0639,0.0228,0.0370,0.0005,0.0332,0.0001,0.2038,0.3260,32207.640
632,Z,H,0.1163,0.0018,0.0005,0.0003,0.0019,0.0920,0.2235,0.1502,0.0277,0.0675,0.0007,0.0349,0.0002,0.5654,0.7230,32258.386
633,H,Z,0.0817,0.0016,0.0007,0.0004,0.0010,0.0511,0.0247,0.0605,0.0226,0.0361,0.0029,0.0375,0.0002,0.1992,0.3260,32308.734
634,Z,H,0.1151,0.0016,0.0005,0.0003,0.0017,0.0832,0.2412,0.1499,0.0277,0.0717,0.0005,0.0317,0.0001,0.5786,0.7313,32359.495
635,H,Z,0.0968,0.0014,0.0005,0.0003,0.0010,0.0515,0.0258,0.0624,0.0222,0.0401,0.0102,0.0333,0.0001,0.2053,0.3499,32409.867
636,Z,H,0.1133,0.0016,0.0006,0.0003,0.0018,0.0864,0.2542,0.1419,0.0210,0.0696,0.0004,0.0297,0.0001,0.5773,0.7266,32460.612
637,H,Z,0.0834,0.0017,0.0005,0.0002,0.0011,0.0498,0.0245,0.0628,0.0228,0.0446,0.0125,0.0361,0.0002,0.2079,0.3445,32510.981
638,Z,H,0.1143,0.0019,0.0005,0.0003,0.0014,0.0879,0.2126,0.1532,0.0237,0.0684,0.0004,0.0312,0.0001,0.5497,0.7009,32561.705
639,H,Z,0.0753,0.0013,0.0005,0.0001,0.0009,0.0639,0.0222,0.0536,0.0213,0.0347,0.0004,0.0270,0.0001,0.1984,0.3050,32612.029
640,Z,H,0.1113,0.0015,0.0005,0.0002,0.0017,0.0793,0.2233,0.1441,0.0202,0.0659,0.0004,0.0255,0.0001,0.5371,0.6794,32662.725
641,H,Z,0.0847,0.0013,0.0005,0.0002,0.0011,0.0497,0.0242,0.0660,0.0244,0.0270,0.0105,0.0276,0.0000,0.1937,0.3206,32713.060
642,Z,H,0.1212,0.0019,0.0004,0.0003,0.0017,0.0916,0.2122,0.1556,0.0237,0.0755,0.0008,0.0354,0.0001,0.5639,0.7267,32763.815
643,H,Z,0.0819,0.0015,0.0005,0.0002,0.0010,0.0502,0.0229,0.0595,0.0219,0.0311,0.0099,0.0233,0.0001,0.1884,0.3077,32814.152
644,Z,H,0.1148,0.0016,0.0007,0.0003,0.0018,0.0859,0.2050,0.1469,0.0276,0.0761,0.0008,0.0397,0.0001,0.5467,0.7074,32864.884
645,H,Z,0.1193,0.0025,0.0006,0.0003,0.0017,0.0770,0.0307,0.0977,0.0434,0.0375,0.0078,0.0408,0.0001,0.2909,0.4653,32915.370
646,Z,H,0.1465,0.0016,0.0010,0.0002,0.0020,0.1140,0.3026,0.1847,0.1049,0.0623,0.0089,0.0354,0.0001,0.7757,0.9724,32966.378
647,H,Z,0.1094,0.0027,0.0007,0.0003,0.0017,0.0722,0.0316,0.0935,0.0438,0.0324,0.0006,0.0348,0.0002,0.2767,0.4282,33016.825
648,Z,H,0.1215,0.0019,0.0006,0.0003,0.0018,0.0834,0.2695,0.1454,0.0225,0.0688,0.0004,0.0302,0.0000,0.5938,0.7516,33067.597
649,H,Z,0.1124,0.0029,0.0007,0.0003,0.0017,0.0715,0.0319,0.1349,0.0469,0.0433,0.0104,0.0429,0.0002,0.3317,0.5047,33118.126
650,Z,H,0.1379,0.0016,0.0007,0.0003,0.0021,0.0847,0.2361,0.1634,0.0223,0.0765,0.0043,0.0355,0.0001,0.5882,0.7720,33168.928
651,H,Z,0.0885,0.0020,0.0006,0.0003,0.0011,0.0578,0.0263,0.0660,0.0231,0.0431,0.0009,0.0462,0.0001,0.2195,0.3604,33219.313
652,Z,H,0.1569,0.0028,0.0009,0.0004,0.0029,0.1082,0.3561,0.2629,0.0429,0.0803,0.0005,0.0281,0.0001,0.8558,1.0495,33270.385
653,H,Z,0.0959,0.0016,0.0007,0.0003,0.0013,0.0544,0.0257,0.0897,0.0346,0.0320,0.0101,0.0445,0.0001,0.2409,0.3963,33320.812
654,Z,H,0.1200,0.0017,0.0005,0.0004,0.0016,0.0899,0.2500,0.1504,0.0258,0.0754,0.0005,0.0271,0.0001,0.5962,0.7493,33371.582
655,H,Z,0.0950,0.0016,0.0007,0.0004,0.0014,0.0516,0.0286,0.0744,0.0236,0.0313,0.0004,0.0373,0.0001,0.2126,0.3521,33421.952
656,Z,H,0.1231,0.0053,0.0007,0.0002,0.0018,0.0872,0.2472,0.1520,0.0227,0.0666,0.0038,0.0259,0.0000,0.5806,0.7423,33472.711
657,H,Z,0.0848,0.0015,0.0005,0.0002,0.0011,0.0512,0.0243,0.0607,0.0212,0.0391,0.0009,0.0379,0.0001,0.2001,0.3282,33523.066
658,Z,H,0.1748,0.0022,0.0006,0.0002,0.0020,0.0843,0.2122,0.1622,0.0239,0.0798,0.0007,0.0326,0.0001,0.5680,0.7824,33573.873
659,H,Z,0.0877,0.0020,0.0006,0.0003,0.0014,0.0505,0.0271,0.0747,0.0231,0.0360,0.0005,0.0265,0.0001,0.2138,0.3340,33624.226
660,Z,H,0.1157,0.0016,0.0007,0.0002,0.0020,0.0815,0.2426,0.1507,0.0250,0.0646,0.0006,0.0257,0.0001,0.5701,0.7178,33674.964
661,H,Z,0.0813,0.0017,0.0005,0.0004,0.0009,0.0543,0.0246,0.0627,0.0216,0.0287,0.0134,0.0284,0.0001,0.1952,0.3228,33725.308
662,Z,H,0.1119,0.0018,0.0005,0.0002,0.0019,0.0897,0.2234,0.1488,0.0222,0.0552,0.0004,0.0243,0.0001,0.5437,0.6856,33776.012
663,H,Z,0.0876,0.0014,0.0006,0.0003,0.0011,0.0502,0.0237,0.0623,0.0221,0.0296,0.0078,0.0290,0.0001,0.1905,0.3193,33826.371
664,Z,H,0.1486,0.0019,0.0006,0.0005,0.0024,0.0862,0.2841,0.1919,0.0342,0.0653,0.0005,0.0312,0.0004,0.6671,0.8543,33877.247
665,H,Z,0.0885,0.0016,0.0005,0.0003,0.0012,0.0515,0.0255,0.0660,0.0221,0.0328,0.0009,0.0457,0.0001,0.2015,0.3415,33927.610
666,Z,H,0.1554,0.0028,0.0007,0.0003,0.0033,0.1118,0.3551,0.1752,0.0232,0.0828,0.0010,0.0376,0.0001,0.7558,0.9585,33978.606
667,H,Z,0.1221,0.0029,0.0008,0.0007,0.0021,0.0735,0.0347,0.1107,0.0450,0.0357,0.0148,0.0453,0.0001,0.3033,0.4935,34029.130
668,Z,H,0.1739,0.0031,0.0010,0.0006,0.0037,0.1139,0.3700,0.2727,0.0529,0.0808,0.0007,0.0395,0.0003,0.8965,1.1207,34080.279
669,H,Z,0.0942,0.0018,0.0006,0.0004,0.0013,0.0539,0.0269,0.0718,0.0227,0.0437,0.0110,0.0297,0.0002,0.2224,0.3626,34130.659
670,Z,H,0.1314,0.0020,0.0006,0.0003,0.0018,0.0829,0.2579,0.1754,0.0224,0.0609,0.0010,0.0425,0.0002,0.6058,0.7866,34181.472
671,H,Z,0.0960,0.0019,0.0008,0.0002,0.0012,0.0534,0.0263,0.0749,0.0227,0.0357,0.0124,0.0292,0.0001,0.2163,0.3591,34231.860
672,Z,H,0.1560,0.0029,0.0007,0.0003,0.0029,0.1129,0.4072,0.2557,0.0433,0.0714,0.0005,0.0338,0.0002,0.8962,1.0943,34282.974
673,H,Z,0.1292,0.0027,0.0008,0.0003,0.0012,0.0789,0.0271,0.0557,0.0224,0.0433,0.0004,0.0283,0.0001,0.2307,0.3946,34333.390
674,Z,H,0.1594,0.0030,0.0005,0.0002,0.0030,0.1098,0.3883,0.2761,0.0448,0.0786,0.0005,0.0332,0.0002,0.9035,1.1045,34384.526
675,H,Z,0.0860,0.0016,0.0006,0.0004,0.0012,0.0535,0.0253,0.0599,0.0217,0.0331,0.0004,0.0313,0.0001,0.1966,0.3191,34434.867
676,Z,H,0.1555,0.0025,0.0007,0.0003,0.0032,0.1164,0.3670,0.2649,0.0434,0.0867,0.0029,0.0376,0.0001,0.8845,1.0885,34485.979
677,H,Z,0.1054,0.0021,0.0007,0.0003,0.0014,0.0549,0.0275,0.0663,0.0245,0.0432,0.0009,0.0399,0.0002,0.2206,0.3728,34536.377
678,Z,H,0.1251,0.0022,0.0006,0.0004,0.0020,0.0971,0.2296,0.1555,0.0246,0.0939,0.0005,0.0310,0.0001,0.6061,0.7692,34587.174
679,H,Z,0.1243,0.0031,0.0009,0.0004,0.0019,0.0777,0.0334,0.1030,0.0449,0.0366,0.0005,0.0365,0.0003,0.2996,0.4686,34637.673
680,Z,H,0.1420,0.0019,0.0007,0.0003,0.0020,0.0990,0.3317,0.1472,0.0258,0.0706,0.0006,0.0401,0.0002,0.6791,0.8682,34688.566
681,H,Z,0.0931,0.0017,0.0006,0.0003,0.0012,0.0601,0.0276,0.0652,0.0229,0.0376,0.0004,0.0287,0.0000,0.2163,0.3434,34738.927
682,Z,H,0.1224,0.0020,0.0006,0.0003,0.0019,0.0862,0.2304,0.1574,0.0225,0.0681,0.0006,0.0346,0.0001,0.5695,0.7331,34789.680
683,H,Z,0.0877,0.0018,0.0007,0.0002,0.0012,0.0525,0.0261,0.0609,0.0222,0.0389,0.0009,0.0418,0.0002,0.2044,0.3401,34840.045
684,Z,H,0.1364,0.0019,0.0006,0.0003,0.0020,0.0893,0.2549,0.1516,0.0228,0.0767,0.0130,0.0423,0.0002,0.6010,0.7990,34890.875
685,H,Z,0.1133,0.0019,0.0005,0.0003,0.0013,0.0581,0.0294,0.0719,0.0221,0.0355,0.0110,0.0283,0.0002,0.2207,0.3785,34941.273
686,Z,H,0.1269,0.0018,0.0008,0.0003,0.0019,0.0947,0.2144,0.1631,0.0237,0.0951,0.0014,0.0441,0.0003,0.5966,0.7750,34992.074
687,H,Z,0.0918,0.0018,0.0005,0.0003,0.0010,0.0530,0.0263,0.0640,0.0235,0.0450,0.0006,0.0363,0.0002,0.2157,0.3492,35042.451
688,Z,H,0.1253,0.0020,0.0007,0.0003,0.0022,0.0864,0.2147,0.1612,0.0231,0.0807,0.0005,0.0388,0.0001,0.5713,0.7423,35093.213
689,H,Z,0.1232,0.0029,0.0007,0.0005,0.0021,0.0738,0.0354,0.1020,0.0438,0.0407,0.0083,0.0355,0.0003,0.2995,0.4741,35143.710
690,Z,H,0.1246,0.0021,0.0006,0.0004,0.0022,0.0951,0.2271,0.1656,0.0252,0.0846,0.0004,0.0342,0.0002,0.6029,0.7687,35194.501
691,H,Z,0.0918,0.0019,0.0010,0.0002,0.0014,0.0539,0.0272,0.0695,0.0237,0.0353,0.0003,0.0333,0.0002,0.2123,0.3433,35244.872
692,Z,H,0.1236,0.0020,0.0006,0.0003,0.0021,0.0906,0.2576,0.1636,0.0247,0.0805,0.0005,0.0363,0.0002,0.6224,0.7891,35295.681
693,H,Z,0.0903,0.0022,0.0007,0.0003,0.0011,0.0520,0.0271,0.0628,0.0233,0.0383,0.0266,0.0346,0.0001,0.2075,0.3646,35346.069
694,Z,H,0.1219,0.0018,0.0007,0.0003,0.0020,0.0848,0.2557,0.1599,0.0244,0.0768,0.0021,0.0423,0.0001,0.6067,0.7790,35396.872
695,H,Z,0.1179,0.0027,0.0007,0.0004,0.0019,0.0716,0.0366,0.1097,0.0450,0.0419,0.0115,0.0337,0.0002,0.3086,0.4789,35447.374
696,Z,H,0.1732,0.0021,0.0009,0.0005,0.0025,0.0840,0.2185,0.1754,0.0258,0.0722,0.0379,0.0760,0.0001,0.5819,0.8767,35498.278
697,H,Z,0.1148,0.0023,0.0007,0.0003,0.0017,0.0720,0.0317,0.1004,0.0434,0.0463,0.0005,0.0359,0.0001,0.2982,0.4559,35548.770
698,Z,H,0.1248,0.0022,0.0006,0.0003,0.0016,0.0880,0.2484,0.1458,0.0221,0.0811,0.0006,0.0308,0.0002,0.5907,0.7528,35599.543
699,H,Z,0.0877,0.0017,0.0005,0.0002,0.0011,0.0500,0.0243,0.0635,0.0220,0.0321,0.0003,0.0229,0.0000,0.1943,0.3097,35649.869
700,Z,H,0.1536,0.0023,0.0006,0.0003,0.0026,0.1144,0.3518,0.2521,0.0438,0.0718,0.0004,0.0302,0.0002,0.8403,1.0315,35700.923
701,H,Z,0.1222,0.0029,0.0008,0.0005,0.0017,0.0823,0.0358,0.0996,0.0427,0.0384,0.0005,0.0306,0.0001,0.3029,0.4637,35751.406
702,Z,H,0.1524,0.0020,0.0005,0.0002,0.0019,0.0985,0.2886,0.2080,0.0294,0.0664,0.0005,0.0279,0.0002,0.6965,0.8830,35802.307
703,H,Z,0.0890,0.0018,0.0006,0.0003,0.0012,0.0533,0.0257,0.0692,0.0231,0.0369,0.0005,0.0288,0.0002,0.2116,0.3348,35852.658
704,Z,H,0.1168,0.0017,0.0005,0.0002,0.0019,0.0910,0.2547,0.1457,0.0264,0.0666,0.0005,0.0271,0.0000,0.5891,0.7390,35903.418
705,H,Z,0.1189,0.0030,0.0007,0.0006,0.0020,0.0729,0.0332,0.1009,0.0430,0.0374,0.0087,0.0398,0.0002,0.2904,0.4655,35953.905
706,Z,H,0.1126,0.0017,0.0005,0.0004,0.0015,0.0803,0.2053,0.1484,0.0225,0.0664,0.0003,0.0303,0.0000,0.5276,0.6758,36004.604
707,H,Z,0.0833,0.0016,0.0007,0.0003,0.0012,0.0512,0.0243,0.0630,0.0216,0.0382,0.0098,0.0380,0.0002,0.2023,0.3385,36054.980
708,Z,H,0.1266,0.0018,0.0006,0.0003,0.0022,0.0830,0.2536,0.1493,0.0251,0.0640,0.0166,0.0322,0.0001,0.5796,0.7613,36105.763
709,H,Z,0.0833,0.0016,0.0005,0.0002,0.0011,0.0596,0.0242,0.0606,0.0214,0.0360,0.0032,0.0369,0.0001,0.2048,0.3328,36156.116
710,Z,H,0.1195,0.0016,0.0005,0.0004,0.0018,0.0913,0.2104,0.1536,0.0242,0.0692,0.0005,0.0336,0.0001,0.5536,0.7128,36206.853
711,H,Z,0.1014,0.0021,0.0006,0.0002,0.0012,0.0525,0.0254,0.0646,0.0217,0.0294,0.0096,0.0319,0.0001,0.1969,0.3450,36257.220
712,Z,H,0.1108,0.0015,0.0008,0.0003,0.0019,0.0813,0.2264,0.1535,0.0231,0.2358,0.0005,0.0340,0.0001,0.7253,0.8764,36308.118
713,H,Z,0.0866,0.0019,0.0006,0.0003,0.0011,0.0505,0.0259,0.0651,0.0235,0.0430,0.0009,0.0393,0.0001,0.2118,0.3441,36358.487
714,Z,H,0.1191,0.0019,0.0006,0.0003,0.0021,0.0905,0.2208,0.1554,0.0270,0.0627,0.0008,0.0401,0.0002,0.5618,0.7278,36409.242
715,H,Z,0.1140,0.0020,0.0007,0.0004,0.0015,0.0714,0.0290,0.0822,0.0296,0.0335,0.0004,0.0305,0.0001,0.2492,0.4015,36459.664
716,Z,H,0.1203,0.0016,0.0006,0.0003,0.0019,0.0853,0.2126,0.1586,0.0224,0.0870,0.0009,0.0396,0.0001,0.5719,0.7385,36510.428
717,H,Z,0.1151,0.0016,0.0006,0.0003,0.0012,0.0698,0.0299,0.0779,0.0295,0.0285,0.0005,0.0279,0.0002,0.2391,0.3876,36560.835
718,Z,H,0.1194,0.0018,0.0005,0.0002,0.0017,0.0910,0.2286,0.1559,0.0235,0.0728,0.0080,0.0335,0.0001,0.5769,0.7431,36611.602
719,H,Z,0.0874,0.0017,0.0005,0.0002,0.0014,0.0521,0.0248,0.0614,0.0227,0.0365,0.0030,0.0316,0.0001,0.2004,0.3271,36661.949
720,Z,H,0.1248,0.0021,0.0007,0.0004,0.0029,0.0847,0.2403,0.1500,0.0229,0.0577,0.0005,0.0324,0.0001,0.5604,0.7253,36712.706
721,H,Z,0.1185,0.0022,0.0008,0.0003,0.0019,0.0732,0.0319,0.1010,0.0521,0.0326,0.0110,0.0285,0.0003,0.2948,0.4598,36763.192
722,Z,H,0.1544,0.0025,0.0005,0.0002,0.0027,0.1109,0.3565,0.2775,0.0472,0.0763,0.0005,0.0356,0.0002,0.8739,1.0716,36814.285
723,H,Z,0.0889,0.0017,0.0007,0.0004,0.0010,0.0522,0.0249,0.0609,0.0215,0.0365,0.0007,0.0400,0.0001,0.1997,0.3344,36864.642
724,Z,H,0.1204,0.0019,0.0006,0.0003,0.0026,0.0883,0.2100,0.1553,0.0225,0.0802,0.0005,0.0302,0.0001,0.5608,0.7185,36915.377
725,H,Z,0.0854,0.0016,0.0006,0.0002,0.0012,0.0514,0.0262,0.0680,0.0240,0.0362,0.0091,0.0311,0.0001,0.2089,0.3393,36965.738
726,Z,H,0.1498,0.0021,0.0006,0.0002,0.0029,0.1060,0.2715,0.1917,0.0224,0.0740,0.0085,0.0288,0.0001,0.6713,0.8658,37016.627
727,H,Z,0.0824,0.0015,0.0004,0.0003,0.0011,0.0512,0.0229,0.0607,0.0221,0.0304,0.0045,0.0272,0.0001,0.1900,0.3086,37066.955
728,Z,H,0.1607,0.0024,0.0007,0.0003,0.0027,0.1083,0.3981,0.2555,0.0430,0.0697,0.0005,0.0339,0.0002,0.8809,1.0833,37118.062
729,H,Z,0.1120,0.0021,0.0007,0.0003,0.0018,0.0728,0.0304,0.0982,0.0434,0.0383,0.0015,0.0357,0.0002,0.2868,0.4424,37168.561
730,Z,H,0.1223,0.0018,0.0007,0.0004,0.0022,0.0832,0.2304,0.1626,0.0254,0.0901,0.0005,0.0344,0.0002,0.5960,0.7594,37219.340
731,H,Z,0.1232,0.0028,0.0008,0.0004,0.0021,0.0727,0.0347,0.1130,0.0450,0.0389,0.0154,0.0411,0.0001,0.3078,0.4948,37269.861
732,Z,H,0.1195,0.0022,0.0007,0.0002,0.0020,0.0928,0.2291,0.1575,0.0227,0.0742,0.0107,0.0282,0.0001,0.5815,0.7462,37320.629
733,H,Z,0.0896,0.0019,0.0005,0.0003,0.0012,0.0525,0.0263,0.0641,0.0245,0.0314,0.0103,0.0254,0.0001,0.2020,0.3322,37370.978
734,Z,H,0.1562,0.0022,0.0008,0.0003,0.0028,0.1097,0.3997,0.2518,0.0438,0.0715,0.0052,0.0267,0.0001,0.8820,1.0774,37422.078
735,H,Z,0.0874,0.0017,0.0005,0.0002,0.0011,0.0519,0.0255,0.0647,0.0232,0.0399,0.0008,0.0464,0.0001,0.2101,0.3495,37472.452
736,Z,H,0.1158,0.0015,0.0005,0.0002,0.0017,0.0870,0.2516,0.1475,0.0412,0.0758,0.0004,0.0327,0.0001,0.6081,0.7620,37523.246
737,H,Z,0.0899,0.0014,0.0005,0.0003,0.0012,0.0546,0.0249,0.0691,0.0222,0.0252,0.0091,0.0314,0.0002,0.1994,0.3344,37573.604
738,Z,H,0.1197,0.0015,0.0005,0.0002,0.0015,0.0826,0.2525,0.1469,0.0243,0.0639,0.0027,0.0277,0.0000,0.5749,0.7298,37624.351
739,H,Z,0.1103,0.0013,0.0006,0.0003,0.0013,0.0686,0.0305,0.0774,0.0296,0.0333,0.0008,0.0426,0.0001,0.2427,0.4014,37674.778
740,Z,H,0.1497,0.0024,0.0006,0.0003,0.0029,0.1081,0.3547,0.2549,0.0433,0.0758,0.0004,0.0312,0.0002,0.8419,1.0307,37725.829
741,H,Z,0.0796,0.0012,0.0006,0.0001,0.0009,0.0500,0.0230,0.0565,0.0257,0.0362,0.0021,0.0274,0.0001,0.1969,0.3101,37776.179
742,Z,H,0.1114,0.0015,0.0005,0.0002,0.0016,0.0900,0.2127,0.1482,0.0262,0.0638,0.0088,0.0332,0.0001,0.5458,0.7040,37826.919
743,H,Z,0.1122,0.0025,0.0008,0.0004,0.0018,0.0773,0.0304,0.1037,0.0426,0.0325,0.0134,0.0420,0.0002,0.2899,0.4642,37877.406
744,Z,H,0.1395,0.0017,0.0009,0.0004,0.0022,0.0837,0.2425,0.2124,0.1106,0.0709,0.0004,0.0303,0.0001,0.7253,0.9019,37928.326
745,H,Z,0.0872,0.0014,0.0006,0.0001,0.0010,0.0515,0.0252,0.0575,0.0221,0.0399,0.0009,0.0383,0.0001,0.1996,0.3304,37978.682
746,Z,H,0.1154,0.0015,0.0005,0.0003,0.0018,0.0813,0.2493,0.1502,0.0282,0.0566,0.0113,0.0301,0.0000,0.5697,0.7330,38029.434
747,H,Z,0.0875,0.0017,0.0006,0.0002,0.0012,0.0499,0.0246,0.0633,0.0212,0.0319,0.0035,0.0323,0.0001,0.1939,0.3222,38079.795
748,Z,H,0.1107,0.0016,0.0004,0.0001,0.0016,0.0798,0.2289,0.1472,0.0218,0.0558,0.0004,0.0317,0.0001,0.5377,0.6853,38130.499
749,H,Z,0.0850,0.0016,0.0006,0.0004,0.0010,0.0504,0.0238,0.0632,0.0218,0.0366,0.0005,0.0305,0.0001,0.1988,0.3197,38180.840
750,Z,H,0.1189,0.0018,0.0006,0.0003,0.0021,0.0844,0.2452,0.1489,0.0243,0.0654,0.0043,0.0339,0.0001,0.5732,0.7364,38231.600
751,H,Z,0.1330,0.0032,0.0010,0.0005,0.0024,0.0776,0.0388,0.1209,0.0453,0.0458,0.0163,0.0406,0.0003,0.3357,0.5345,38282.154
752,Z,H,0.1214,0.0018,0.0007,0.0003,0.0020,0.0905,0.2419,0.1499,0.0255,0.0712,0.0004,0.0313,0.0001,0.5847,0.7437,38332.935
753,H,Z,0.0847,0.0015,0.0004,0.0002,0.0011,0.0554,0.0272,0.0630,0.0205,0.0273,0.0010,0.0394,0.0001,0.1973,0.3264,38383.283
754,Z,H,0.1496,0.0016,0.0004,0.0003,0.0015,0.1054,0.3168,0.2135,0.0433,0.0608,0.0004,0.0279,0.0001,0.7455,0.9285,38434.232
755,H,Z,0.1150,0.0016,0.0008,0.0002,0.0012,0.0527,0.0252,0.0693,0.0218,0.0302,0.0115,0.0427,0.0001,0.2023,0.3765,38484.636
756,Z,H,0.1469,0.0020,0.0006,0.0003,0.0020,0.1036,0.3595,0.2281,0.0395,0.0606,0.0078,0.0300,0.0001,0.7961,0.9866,38535.646
757,H,Z,0.1128,0.0018,0.0006,0.0003,0.0013,0.0703,0.0274,0.0783,0.0281,0.0335,0.0081,0.0298,0.0001,0.2416,0.3976,38586.071
758,Z,H,0.1423,0.0019,0.0005,0.0003,0.0022,0.1006,0.3839,0.2391,0.0406,0.0567,0.0004,0.0357,0.0000,0.8254,1.0097,38637.101
759,H,Z,0.0846,0.0016,0.0007,0.0003,0.0010,0.0509,0.0249,0.0598,0.0238,0.0311,0.0081,0.0288,0.0001,0.1933,0.3195,38687.453
760,Z,H,0.1130,0.0015,0.0005,0.0001,0.0016,0.0849,0.2049,0.1406,0.0218,0.0584,0.0029,0.0225,0.0001,0.5148,0.6579,38738.128
761,H,Z,0.0864,0.0019,0.0006,0.0002,0.0011,0.0518,0.0237,0.0634,0.0227,0.0278,0.0008,0.0405,0.0001,0.1930,0.3254,38788.487
762,Z,H,0.1395,0.0017,0.0005,0.0002,0.0015,0.0818,0.2462,0.1555,0.0227,0.0595,0.0004,0.0366,0.0001,0.5705,0.7518,38839.261
763,H,Z,0.0818,0.0014,0.0005,0.0002,0.0010,0.0503,0.0240,0.0611,0.0218,0.0352,0.0017,0.0284,0.0001,0.1956,0.3115,38889.599
764,Z,H,0.1176,0.0019,0.0005,0.0002,0.0021,0.0895,0.2174,0.1640,0.0228,0.0671,0.0012,0.0329,0.0001,0.5654,0.7231,38940.347
765,H,Z,0.1060,0.0023,0.0006,0.0003,0.0012,0.0618,0.0268,0.0604,0.0230,0.0393,0.0011,0.0328,0.0001,0.2150,0.3607,38990.739
766,Z,H,0.1206,0.0018,0.0005,0.0004,0.0018,0.0859,0.3233,0.1790,0.0235,0.0920,0.0004,0.0285,0.0000,0.7094,0.8646,39041.628
767,H,Z,0.1322,0.0032,0.0007,0.0003,0.0018,0.0731,0.0336,0.1073,0.0501,0.0385,0.0082,0.0316,0.0002,0.3064,0.4857,39092.183
768,Z,H,0.1351,0.0024,0.0009,0.0004,0.0028,0.1230,0.2652,0.2095,0.0389,0.0686,0.0005,0.0389,0.0002,0.7115,0.8939,39143.104
769,H,Z,0.0929,0.0019,0.0007,0.0003,0.0013,0.0544,0.0283,0.0725,0.0239,0.0392,0.0006,0.0404,0.0001,0.2218,0.3610,39193.495
770,Z,H,0.1217,0.0016,0.0006,0.0003,0.0019,0.0838,0.2576,0.1701,0.0250,0.0754,0.0136,0.0313,0.0001,0.6173,0.7894,39244.311
771,H,Z,0.0929,0.0017,0.0006,0.0003,0.0013,0.0540,0.0263,0.0700,0.0227,0.0336,0.0049,0.0318,0.0002,0.2097,0.3444,39294.674
772,Z,H,0.1258,0.0019,0.0007,0.0004,0.0024,0.0854,0.2624,0.1581,0.0226,0.0693,0.0043,0.0330,0.0002,0.6025,0.7726,39345.474
773,H,Z,0.1258,0.0025,0.0007,0.0002,0.0018,0.0712,0.0317,0.1025,0.0451,0.0348,0.0010,0.0362,0.0001,0.2896,0.4593,39395.955
774,Z,H,0.1680,0.0019,0.0008,0.0004,0.0024,0.0941,0.2921,0.2012,0.0306,0.0612,0.0042,0.0312,0.0002,0.6857,0.8962,39446.883
775,H,Z,0.0818,0.0013,0.0005,0.0002,0.0013,0.0495,0.0241,0.0648,0.0205,0.0326,0.0119,0.0392,0.0001,0.1945,0.3319,39497.242
776,Z,H,0.1163,0.0021,0.0006,0.0003,0.0012,0.0925,0.2098,0.1564,0.0245,0.0963,0.0009,0.0397,0.0001,0.5855,0.7479,39548.016
777,H,Z,0.0977,0.0017,0.0007,0.0004,0.0012,0.0541,0.0264,0.0678,0.0250,0.0398,0.0121,0.0333,0.0000,0.2163,0.3644,39598.407
778,Z,H,0.1169,0.0019,0.0006,0.0002,0.0016,0.0807,0.2139,0.1670,0.0247,0.0933,0.0005,0.0307,0.0000,0.5841,0.7373,39649.165
779,H,Z,0.0865,0.0016,0.0007,0.0002,0.0010,0.0515,0.0232,0.0589,0.0218,0.0335,0.0161,0.0368,0.0001,0.1917,0.3359,39699.520
780,Z,H,0.1583,0.0029,0.0006,0.0003,0.0034,0.1098,0.4239,0.2637,0.0432,0.0865,0.0005,0.0375,0.0003,0.9321,1.1370,39750.683
781,H,Z,0.1237,0.0026,0.0007,0.0003,0.0017,0.0778,0.0312,0.0998,0.0446,0.0408,0.0124,0.0369,0.0001,0.2971,0.4769,39801.183
782,Z,H,0.1372,0.0021,0.0007,0.0004,0.0018,0.0910,0.2423,0.1496,0.0235,0.0629,0.0004,0.0311,0.0003,0.5747,0.7497,39851.953
783,H,Z,0.1106,0.0025,0.0005,0.0002,0.0017,0.0748,0.0299,0.1008,0.0439,0.0314,0.0109,0.0263,0.0000,0.2856,0.4395,39902.409
784,Z,H,0.1239,0.0018,0.0006,0.0002,0.0018,0.0857,0.2364,0.1556,0.0235,0.0914,0.0009,0.0387,0.0001,0.5982,0.7672,39953.212
785,H,Z,0.0872,0.0018,0.0005,0.0003,0.0011,0.0525,0.0260,0.0601,0.0221,0.0511,0.0005,0.0316,0.0001,0.2148,0.3390,40003.568
786,Z,H,0.1135,0.0015,0.0005,0.0002,0.0016,0.0796,0.2343,0.1501,0.0268,0.0635,0.0047,0.0288,0.0001,0.5590,0.7106,40054.301
787,H,Z,0.1205,0.0030,0.0008,0.0004,0.0021,0.0730,0.0335,0.1066,0.0443,0.0443,0.0009,0.0397,0.0001,0.3058,0.4745,40104.802
788,Z,H,0.1670,0.0020,0.0008,0.0002,0.0022,0.0896,0.2503,0.1531,0.0234,0.0608,0.0003,0.0343,0.0000,0.5823,0.7908,40155.616
789,H,Z,0.0877,0.0018,0.0007,0.0004,0.0011,0.0508,0.0268,0.0673,0.0223,0.0320,0.0009,0.0409,0.0001,0.2031,0.3377,40205.978
790,Z,H,0.1242,0.0016,0.0005,0.0003,0.0016,0.0796,0.2625,0.1563,0.0238,0.0622,0.0028,0.0287,0.0002,0.5889,0.7499,40256.752
791,H,Z,0.1176,0.0031,0.0006,0.0005,0.0020,0.0726,0.0316,0.1082,0.0455,0.0381,0.0005,0.0331,0.0002,0.2993,0.4579,40307.231
792,Z,H,0.1213,0.0020,0.0007,0.0003,0.0017,0.0859,0.2686,0.1643,0.0234,0.0693,0.0026,0.0362,0.0003,0.6163,0.7823,40358.033
793,H,Z,0.1225,0.0031,0.0006,0.0004,0.0018,0.0744,0.0335,0.1083,0.0441,0.0483,0.0011,0.0503,0.0002,0.3130,0.4946,40408.564
794,Z,H,0.1312,0.0019,0.0007,0.0003,0.0019,0.0856,0.2395,0.1630,0.0258,0.0778,0.0003,0.0298,0.0001,0.5970,0.7644,40459.355
795,H,Z,0.1515,0.0022,0.0005,0.0002,0.0013,0.0584,0.0251,0.0608,0.0248,0.0405,0.0146,0.0398,0.0001,0.2132,0.4248,40509.881
796,Z,H,0.1313,0.0018,0.0006,0.0002,0.0021,0.0864,0.2498,0.1455,0.0224,0.0712,0.0004,0.0281,0.0001,0.5809,0.7466,40560.646
797,H,Z,0.1068,0.0023,0.0006,0.0003,0.0014,0.0593,0.0269,0.0682,0.0232,0.0362,0.0145,0.0406,0.0002,0.2177,0.3857,40611.053
798,Z,H,0.1225,0.0018,0.0006,0.0003,0.0021,0.0931,0.2475,0.1626,0.0241,0.0669,0.0004,0.0337,0.0000,0.5983,0.7606,40661.836
799,H,Z,0.0932,0.0018,0.0006,0.0002,0.0012,0.0522,0.0258,0.0713,0.0229,0.0343,0.0096,0.0322,0.0001,0.2098,0.3497,40712.229
800,Z,H,0.1227,0.0019,0.0006,0.0003,0.0022,0.0928,0.2252,0.1605,0.0235,0.0750,0.0004,0.0334,0.0000,0.5825,0.7451,40762.999
801,H,Z,0.1011,0.0017,0.0006,0.0002,0.0013,0.0566,0.0264,0.0677,0.0234,0.0411,0.0133,0.0339,0.0001,0.2186,0.3720,40813.394
802,Z,H,0.1305,0.0019,0.0007,0.0003,0.0020,0.0965,0.2197,0.1593,0.0250,0.0943,0.0004,0.0322,0.0001,0.6015,0.7707,40864.187
803,H,Z,0.1067,0.0021,0.0007,0.0004,0.0013,0.0591,0.0265,0.0685,0.0229,0.0319,0.0006,0.0380,0.0002,0.2124,0.3635,40914.580
804,Z,H,0.1169,0.0014,0.0005,0.0003,0.0016,0.0836,0.2136,0.1552,0.0235,0.0855,0.0009,0.0380,0.0001,0.5670,0.7276,40965.336
805,H,Z,0.1138,0.0016,0.0005,0.0003,0.0011,0.0556,0.0249,0.0647,0.0230,0.0317,0.0080,0.0265,0.0001,0.2037,0.3566,41015.717
806,Z,H,0.1486,0.0023,0.0005,0.0001,0.0026,0.1100,0.3506,0.2455,0.0436,0.0873,0.0005,0.0348,0.0002,0.8419,1.0325,41066.777
807,H,Z,0.0859,0.0019,0.0007,0.0003,0.0012,0.0523,0.0242,0.0627,0.0219,0.0346,0.0006,0.0359,0.0002,0.1986,0.3261,41117.157
808,Z,H,0.1752,0.0031,0.0008,0.0003,0.0029,0.1216,0.3622,0.2432,0.1155,0.0655,0.0033,0.0270,0.0001,0.9151,1.1289,41168.309
809,H,Z,0.0944,0.0018,0.0010,0.0003,0.0012,0.0537,0.0273,0.0675,0.0241,0.0392,0.0005,0.0358,0.0001,0.2151,0.3514,41218.697
810,Z,H,0.1610,0.0022,0.0007,0.0003,0.0029,0.1204,0.3001,0.1621,0.0239,0.0843,0.0004,0.0331,0.0001,0.6957,0.8979,41269.618
811,H,Z,0.0876,0.0019,0.0006,0.0002,0.0012,0.0513,0.0252,0.0661,0.0231,0.0393,0.0006,0.0319,0.0003,0.2082,0.3333,41319.967
812,Z,H,0.1196,0.0017,0.0005,0.0002,0.0017,0.0898,0.2583,0.1526,0.0277,0.0774,0.0008,0.0388,0.0001,0.6111,0.7758,41370.767
813,H,Z,0.1121,0.0023,0.0008,0.0003,0.0016,0.0709,0.0307,0.1503,0.0281,0.0303,0.0134,0.0314,0.0001,0.3148,0.4778,41421.274
814,Z,H,0.1222,0.0017,0.0008,0.0003,0.0015,0.0839,0.2850,0.1508,0.0221,0.0813,0.0007,0.0296,0.0001,0.6291,0.7871,41472.080
815,H,Z,0.1179,0.0022,0.0009,0.0004,0.0014,0.0663,0.0317,0.0868,0.0289,0.0351,0.0078,0.0487,0.0003,0.2526,0.4335,41522.550
816,Z,H,0.1240,0.0018,0.0007,0.0004,0.0025,0.0923,0.2215,0.1622,0.0279,0.0640,0.0005,0.0331,0.0001,0.5727,0.7369,41573.309
817,H,Z,0.0959,0.0016,0.0007,0.0002,0.0014,0.0680,0.0290,0.0692,0.0266,0.0335,0.0094,0.0298,0.0001,0.2302,0.3704,41623.695
818,Z,H,0.1257,0.0024,0.0005,0.0001,0.0018,0.0923,0.2124,0.1552,0.0243,0.0661,0.0078,0.0327,0.0001,0.5551,0.7274,41674.443
819,H,Z,0.0870,0.0016,0.0005,0.0002,0.0012,0.0501,0.0255,0.0658,0.0220,0.0304,0.0093,0.0381,0.0001,0.1979,0.3367,41724.803
820,Z,H,0.1209,0.0018,0.0006,0.0003,0.0019,0.0838,0.2459,0.1580,0.0280,0.0702,0.0023,0.0487,0.0001,0.5958,0.7739,41775.605
821,H,Z,0.1232,0.0024,0.0006,0.0003,0.0025,0.0755,0.0360,0.1057,0.0468,0.0335,0.0124,0.0419,0.0001,0.3014,0.4862,41826.113
822,Z,H,0.1228,0.0016,0.0006,0.0003,0.0017,0.0931,0.2192,0.1588,0.0250,0.0620,0.0005,0.0301,0.0001,0.5630,0.7215,41876.855
823,H,Z,0.0881,0.0016,0.0005,0.0003,0.0013,0.0516,0.0249,0.0711,0.0221,0.0502,0.0089,0.0303,0.0001,0.2230,0.3551,41927.228
824,Z,H,0.1153,0.0015,0.0006,0.0002,0.0017,0.0778,0.2070,0.1486,0.0287,0.0697,0.0123,0.0304,0.0001,0.5363,0.6994,41977.946
825,H,Z,0.0759,0.0011,0.0005,0.0002,0.0010,0.0508,0.0226,0.0583,0.0210,0.0366,0.0005,0.0276,0.0001,0.1918,0.2994,42028.264
826,Z,H,0.1123,0.0015,0.0006,0.0002,0.0017,0.0817,0.2303,0.1554,0.0254,0.0682,0.0228,0.0350,0.0001,0.5670,0.7421,42079.030
827,H,Z,0.0986,0.0019,0.0006,0.0003,0.0015,0.0773,0.0238,0.0580,0.0219,0.0349,0.0003,0.0288,0.0000,0.2187,0.3517,42129.402
828,Z,H,0.1236,0.0017,0.0008,0.0002,0.0020,0.0804,0.2290,0.1531,0.0218,0.0923,0.0010,0.0365,0.0001,0.5813,0.7482,42180.175
829,H,Z,0.1174,0.0028,0.0007,0.0004,0.0018,0.0722,0.0318,0.1022,0.0448,0.0416,0.0009,0.0423,0.0002,0.2971,0.4649,42230.664
830,Z,H,0.1302,0.0018,0.0008,0.0003,0.0020,0.0923,0.2185,0.1551,0.0244,0.0791,0.0009,0.0461,0.0001,0.5753,0.7586,42281.448
831,H,Z,0.1129,0.0032,0.0007,0.0004,0.0017,0.0862,0.0343,0.0903,0.0426,0.0495,0.0005,0.0342,0.0002,0.3070,0.4620,42331.936
832,Z,H,0.1705,0.0028,0.0008,0.0006,0.0027,0.1124,0.3918,0.2615,0.0440,0.0770,0.0017,0.0402,0.0002,0.8926,1.1133,42383.078
833,H,Z,0.1051,0.0020,0.0008,0.0004,0.0019,0.0614,0.0287,0.0779,0.0242,0.0501,0.0483,0.0566,0.0002,0.2457,0.4624,42433.566
834,Z,H,0.1319,0.0019,0.0005,0.0003,0.0020,0.0919,0.2157,0.1711,0.0248,0.0634,0.0039,0.0348,0.0000,0.5718,0.7485,42484.341
835,H,Z,0.0937,0.0018,0.0006,0.0003,0.0013,0.0525,0.0267,0.0660,0.0229,0.0334,0.0009,0.0477,0.0001,0.2045,0.3521,42534.713
836,Z,H,0.1243,0.0016,0.0007,0.0004,0.0021,0.0883,0.2659,0.1690,0.0254,0.0747,0.0004,0.0387,0.0001,0.6278,0.7972,42585.538
837,H,Z,0.0862,0.0015,0.0008,0.0003,0.0013,0.0523,0.0269,0.0695,0.0260,0.0301,0.0005,0.0316,0.0001,0.2079,0.3313,42635.920
838,Z,H,0.1187,0.0015,0.0007,0.0002,0.0015,0.0850,0.2440,0.1639,0.0226,0.0683,0.0039,0.0309,0.0001,0.5883,0.7465,42686.694
839,H,Z,0.1181,0.0025,0.0008,0.0004,0.0018,0.0709,0.0314,0.1045,0.0672,0.0398,0.0104,0.0303,0.0001,0.3184,0.4839,42737.203
840,Z,H,0.1222,0.0015,0.0006,0.0003,0.0018,0.0830,0.2349,0.1590,0.0218,0.0655,0.0014,0.0465,0.0001,0.5745,0.7500,42787.973
841,H,Z,0.1194,0.0025,0.0007,0.0003,0.0018,0.0710,0.0325,0.1008,0.0430,0.0437,0.0148,0.0306,0.0003,0.2942,0.4659,42838.461
842,Z,H,0.1174,0.0014,0.0006,0.0003,0.0016,0.0908,0.2222,0.1472,0.0260,0.0633,0.0043,0.0240,0.0001,0.5606,0.7114,42889.198
843,H,Z,0.1074,0.0023,0.0008,0.0004,0.0015,0.0644,0.0324,0.0765,0.0287,0.0303,0.0092,0.0311,0.0002,0.2368,0.3907,42939.606
844,Z,H,0.1434,0.0018,0.0006,0.0006,0.0021,0.0862,0.2417,0.1538,0.0244,0.0630,0.0005,0.0308,0.0002,0.5741,0.7553,42990.381
845,H,Z,0.0811,0.0014,0.0005,0.0002,0.0012,0.0483,0.0235,0.0588,0.0212,0.0320,0.0043,0.0236,0.0000,0.1858,0.3002,43040.694
846,Z,H,0.1162,0.0017,0.0005,0.0004,0.0017,0.0878,0.2290,0.1491,0.0212,0.0824,0.0004,0.0249,0.0001,0.5741,0.7207,43091.434
847,H,Z,0.1226,0.0027,0.0009,0.0003,0.0018,0.0713,0.0301,0.0970,0.0436,0.0371,0.0088,0.0300,0.0001,0.2830,0.4512,43141.903
848,Z,H,0.1190,0.0020,0.0006,0.0005,0.0020,0.0945,0.2177,0.1500,0.0241,0.0710,0.0022,0.0470,0.0001,0.5659,0.7408,43192.674
849,H,Z,0.1153,0.0032,0.0008,0.0004,0.0022,0.0735,0.0348,0.0967,0.0497,0.0373,0.0090,0.0522,0.0002,0.2955,0.4801,43243.205
850,Z,H,0.1795,0.0022,0.0010,0.0005,0.0022,0.0956,0.3373,0.1805,0.0325,0.0728,0.0026,0.0661,0.0003,0.7297,0.9856,43294.229
851,H,Z,0.1155,0.0026,0.0008,0.0004,0.0018,0.0892,0.0283,0.0724,0.0231,0.0378,0.0039,0.0421,0.0001,0.2554,0.4240,43344.679
852,Z,H,0.1545,0.0018,0.0009,0.0002,0.0025,0.1102,0.3961,0.2572,0.0436,0.0647,0.0006,0.0341,0.0003,0.8766,1.0728,43395.783
853,H,Z,0.0896,0.0017,0.0007,0.0003,0.0009,0.0532,0.0243,0.0612,0.0230,0.0364,0.0005,0.0296,0.0001,0.2015,0.3257,43446.141
854,Z,H,0.1211,0.0017,0.0006,0.0002,0.0016,0.0947,0.2419,0.1520,0.0234,0.0780,0.0009,0.0421,0.0001,0.5962,0.7656,43496.932
855,H,Z,0.0858,0.0014,0.0005,0.0003,0.0012,0.0527,0.0243,0.0640,0.0220,0.0412,0.0147,0.0339,0.0001,0.2071,0.3458,43547.300
856,Z,H,0.1514,0.0027,0.0008,0.0004,0.0032,0.1084,0.3501,0.3331,0.0248,0.0866,0.0009,0.0397,0.0001,0.9098,1.1103,43598.438
857,H,Z,0.0868,0.0019,0.0007,0.0003,0.0013,0.0511,0.0238,0.0614,0.0213,0.0301,0.0078,0.0402,0.0001,0.1916,0.3318,43648.791
858,Z,H,0.1228,0.0015,0.0007,0.0002,0.0025,0.1016,0.2560,0.1802,0.0279,0.0786,0.0044,0.0315,0.0001,0.6504,0.8151,43699.631
859,H,Z,0.1140,0.0026,0.0008,0.0004,0.0020,0.0702,0.0324,0.0991,0.0437,0.0452,0.0006,0.0342,0.0002,0.2949,0.4510,43750.104
860,Z,H,0.1308,0.0022,0.0008,0.0003,0.0019,0.0888,0.2340,0.1524,0.0215,0.0740,0.0004,0.0286,0.0002,0.5748,0.7411,43800.865
861,H,Z,0.0976,0.0017,0.0005,0.0003,0.0010,0.0525,0.0287,0.0651,0.0227,0.0354,0.0127,0.0390,0.0001,0.2081,0.3620,43851.299
862,Z,H,0.1233,0.0019,0.0007,0.0003,0.0020,0.0935,0.2424,0.1716,0.0252,0.0659,0.0038,0.0308,0.0001,0.6036,0.7675,43902.088
863,H,Z,0.0888,0.0018,0.0006,0.0002,0.0010,0.0542,0.0241,0.0615,0.0217,0.0318,0.0005,0.0299,0.0001,0.1965,0.3204,43952.427
864,Z,H,0.1204,0.0021,0.0006,0.0002,0.0017,0.0845,0.2650,0.1546,0.0266,0.0667,0.0009,0.0367,0.0001,0.6044,0.7682,44003.219
865,H,Z,0.1102,0.0030,0.0009,0.0004,0.0021,0.0727,0.0337,0.1034,0.0445,0.0382,0.0134,0.0381,0.0002,0.2957,0.4654,44053.719
866,Z,H,0.1276,0.0020,0.0009,0.0003,0.0021,0.0816,0.2462,0.1769,0.0254,0.0851,0.0005,0.0416,0.0002,0.6205,0.7970,44104.541
867,H,Z,0.0926,0.0019,0.0005,0.0004,0.0013,0.0528,0.0287,0.0689,0.0227,0.0406,0.0085,0.0318,0.0000,0.2165,0.3546,44154.949
868,Z,H,0.1227,0.0040,0.0006,0.0002,0.0019,0.0846,0.2321,0.1538,0.0224,0.0643,0.0003,0.0335,0.0000,0.5615,0.7256,44205.696
869,H,Z,0.0963,0.0018,0.0007,0.0004,0.0012,0.0532,0.0262,0.0686,0.0232,0.0341,0.0163,0.0487,0.0001,0.2099,0.3766,44256.099
870,Z,H,0.1247,0.0020,0.0006,0.0002,0.0019,0.0825,0.2703,0.1664,0.0260,0.0957,0.0005,0.0330,0.0001,0.6463,0.8105,44306.940
871,H,Z,0.1243,0.0019,0.0007,0.0006,0.0043,0.0627,0.0273,0.0736,0.0234,0.0386,0.0098,0.0433,0.0002,0.2293,0.4155,44357.382
872,Z,H,0.1582,0.0030,0.0007,0.0004,0.0030,0.1132,0.3637,0.2222,0.0261,0.0739,0.0005,0.0298,0.0001,0.8050,1.0019,44408.408
873,H,Z,0.1194,0.0017,0.0008,0.0002,0.0009,0.0511,0.0253,0.0608,0.0229,0.0278,0.0005,0.0249,0.0001,0.1909,0.3403,44458.766
874,Z,H,0.1225,0.0017,0.0005,0.0002,0.0017,0.0815,0.2401,0.1531,0.0254,0.0617,0.0018,0.0222,0.0000,0.5659,0.7179,44509.511
875,H,Z,0.1131,0.0026,0.0008,0.0002,0.0017,0.0713,0.0313,0.1050,0.0459,0.0438,0.0052,0.0321,0.0001,0.3009,0.4579,44560.012
876,Z,H,0.1229,0.0017,0.0007,0.0002,0.0019,0.0862,0.2489,0.1474,0.0233,0.0626,0.0006,0.0271,0.0001,0.5740,0.7300,44610.761
877,H,Z,0.1195,0.0028,0.0008,0.0005,0.0018,0.0726,0.0327,0.1068,0.0433,0.0356,0.0123,0.0456,0.0002,0.2950,0.4797,44661.270
878,Z,H,0.1673,0.0023,0.0009,0.0004,0.0022,0.1086,0.2938,0.2031,0.0300,0.0633,0.0087,0.0310,0.0001,0.7042,0.9181,44712.220
879,H,Z,0.1688,0.0022,0.0007,0.0002,0.0011,0.0644,0.0262,0.0681,0.0223,0.0333,0.0033,0.0260,0.0001,0.2176,0.4210,44762.660
880,Z,H,0.1101,0.0013,0.0005,0.0002,0.0016,0.0824,0.2136,0.1483,0.0221,0.0769,0.0004,0.0235,0.0001,0.5478,0.6863,44813.365
881,H,Z,0.1134,0.0027,0.0006,0.0003,0.0020,0.0696,0.0616,0.0682,0.0211,0.0328,0.0004,0.0272,0.0001,0.2573,0.4050,44863.788
882,Z,H,0.1192,0.0018,0.0007,0.0003,0.0018,0.0914,0.2348,0.1496,0.0231,0.0873,0.0005,0.0243,0.0001,0.5911,0.7411,44914.556
883,H,Z,0.0879,0.0016,0.0006,0.0002,0.0011,0.0518,0.0241,0.0640,0.0233,0.0385,0.0111,0.0392,0.0001,0.2057,0.3485,44964.932
884,Z,H,0.1148,0.0015,0.0005,0.0002,0.0017,0.0839,0.2107,0.1599,0.0216,0.0739,0.0005,0.0270,0.0001,0.5549,0.7024,45015.657
885,H,Z,0.0837,0.0016,0.0005,0.0003,0.0013,0.0510,0.0244,0.0624,0.0224,0.0289,0.0146,0.0249,0.0001,0.1918,0.3197,45065.994
886,Z,H,0.1631,0.0033,0.0008,0.0003,0.0035,0.1440,0.2130,0.1723,0.0222,0.0803,0.0004,0.0307,0.0001,0.6367,0.8400,45116.855
887,H,Z,0.0890,0.0017,0.0007,0.0002,0.0012,0.0518,0.0247,0.0680,0.0234,0.0377,0.0005,0.0315,0.0001,0.2092,0.3353,45167.207
888,Z,H,0.1551,0.0026,0.0008,0.0003,0.0025,0.1087,0.3777,0.2597,0.0425,0.0726,0.0053,0.0221,0.0001,0.8658,1.0557,45218.283
889,H,Z,0.1172,0.0028,0.0009,0.0004,0.0018,0.0711,0.0324,0.1007,0.0432,0.0327,0.0118,0.0337,0.0002,0.2836,0.4536,45268.760
890,Z,H,0.1202,0.0016,0.0006,0.0001,0.0015,0.0879,0.2526,0.1602,0.0229,0.0636,0.0006,0.0277,0.0001,0.5923,0.7455,45319.526
891,H,Z,0.0899,0.0016,0.0007,0.0003,0.0012,0.0516,0.0257,0.0706,0.0213,0.0389,0.0009,0.0392,0.0001,0.2116,0.3466,45369.892
892,Z,H,0.1136,0.0013,0.0005,0.0002,0.0016,0.0833,0.2388,0.1500,0.0217,0.0630,0.0005,0.0262,0.0001,0.5601,0.7049,45420.618
893,H,Z,0.1185,0.0029,0.0007,0.0004,0.0019,0.0724,0.0334,0.1081,0.0441,0.0368,0.0107,0.0455,0.0003,0.2979,0.4798,45471.121
894,Z,H,0.1249,0.0016,0.0008,0.0003,0.0017,0.0821,0.2227,0.1518,0.0219,0.0887,0.0004,0.0243,0.0001,0.5714,0.7267,45521.869
895,H,Z,0.0842,0.0015,0.0005,0.0002,0.0009,0.0488,0.0230,0.0593,0.0220,0.0348,0.0134,0.0354,0.0001,0.1913,0.3284,45572.219
896,Z,H,0.1145,0.0018,0.0005,0.0003,0.0018,0.0829,0.2281,0.1528,0.0207,0.0712,0.0006,0.0279,0.0001,0.5596,0.7078,45622.945
897,H,Z,0.0836,0.0016,0.0005,0.0001,0.0010,0.0536,0.0231,0.0618,0.0212,0.0390,0.0076,0.0238,0.0001,0.2019,0.3213,45673.285
898,Z,H,0.1139,0.0015,0.0005,0.0002,0.0016,0.0811,0.2220,0.1493,0.0215,0.0717,0.0005,0.0279,0.0001,0.5495,0.6967,45724.002
899,H,Z,0.1098,0.0020,0.0007,0.0002,0.0012,0.0683,0.0281,0.0753,0.0266,0.0375,0.0126,0.0289,0.0001,0.2389,0.3954,45774.416
900,Z,H,0.1473,0.0015,0.0005,0.0002,0.0018,0.0916,0.2070,0.1629,0.0242,0.0579,0.0048,0.0316,0.0001,0.5482,0.7369,45825.180
901,H,Z,0.1140,0.0026,0.0008,0.0003,0.0013,0.0712,0.0321,0.1009,0.0470,0.0377,0.0005,0.0358,0.0002,0.2928,0.4494,45875.652
902,Z,H,0.1277,0.0017,0.0008,0.0002,0.0017,0.0859,0.2346,0.1604,0.0262,0.0732,0.0004,0.0241,0.0002,0.5849,0.7431,45926.422
903,H,Z,0.0900,0.0020,0.0006,0.0003,0.0012,0.0546,0.0274,0.0660,0.0230,0.0382,0.0140,0.0275,0.0001,0.2117,0.3485,45976.792
904,Z,H,0.1185,0.0018,0.0007,0.0002,0.0022,0.0849,0.2169,0.1508,0.0265,0.0988,0.0005,0.0336,0.0001,0.5830,0.7414,46027.556
905,H,Z,0.0889,0.0017,0.0006,0.0003,0.0012,0.0526,0.0255,0.0649,0.0229,0.0376,0.0009,0.0382,0.0001,0.2066,0.3396,46077.918
906,Z,H,0.1148,0.0017,0.0005,0.0001,0.0020,0.0863,0.2095,0.1499,0.0227,0.0600,0.0005,0.0316,0.0001,0.5336,0.6861,46128.625
907,H,Z,0.0888,0.0020,0.0006,0.0002,0.0011,0.0505,0.0234,0.0604,0.0226,0.0247,0.0005,0.0297,0.0001,0.1847,0.3085,46178.956
908,Z,H,0.1298,0.0014,0.0005,0.0003,0.0020,0.0922,0.2425,0.1479,0.0220,0.0928,0.0014,0.0387,0.0001,0.6062,0.7820,46229.758
909,H,Z,0.0905,0.0019,0.0006,0.0002,0.0012,0.0523,0.0276,0.0675,0.0245,0.0325,0.0006,0.0325,0.0002,0.2077,0.3366,46280.115
910,Z,H,0.1168,0.0019,0.0005,0.0003,0.0019,0.0899,0.2367,0.1438,0.0252,0.0745,0.0006,0.0291,0.0004,0.5748,0.7274,46330.866
911,H,Z,0.0918,0.0019,0.0005,0.0002,0.0013,0.0529,0.0253,0.0731,0.0227,0.0436,0.0079,0.0409,0.0001,0.2218,0.3674,46381.260
912,Z,H,0.1169,0.0016,0.0007,0.0004,0.0021,0.0841,0.2593,0.1618,0.0271,0.0612,0.0129,0.0335,0.0001,0.5981,0.7675,46432.050
913,H,Z,0.1232,0.0027,0.0007,0.0003,0.0018,0.0720,0.0318,0.1076,0.0433,0.0357,0.0141,0.0374,0.0003,0.2938,0.4755,46482.547
914,Z,H,0.1214,0.0020,0.0008,0.0002,0.0018,0.0844,0.2460,0.1626,0.0275,0.0731,0.0005,0.0314,0.0002,0.5982,0.7577,46533.331
915,H,Z,0.0979,0.0020,0.0005,0.0004,0.0012,0.0646,0.0289,0.0725,0.0240,0.0464,0.0014,0.0462,0.0001,0.2407,0.3915,46583.751
916,Z,H,0.1744,0.0021,0.0008,0.0005,0.0023,0.1078,0.3010,0.2205,0.0340,0.0793,0.0007,0.0465,0.0002,0.7480,0.9771,46634.754
917,H,Z,0.0931,0.0020,0.0006,0.0004,0.0013,0.0538,0.0268,0.0734,0.0243,0.0575,0.0011,0.0563,0.0002,0.2398,0.3961,46685.189
918,Z,H,0.1507,0.0018,0.0008,0.0003,0.0026,0.1091,0.3095,0.1657,0.0265,0.0717,0.0004,0.0331,0.0002,0.6875,0.8785,46736.095
919,H,Z,0.1173,0.0027,0.0009,0.0003,0.0018,0.0729,0.0335,0.1068,0.0436,0.0550,0.0094,0.0392,0.0001,0.3154,0.4881,46786.609
920,Z,H,0.1641,0.0026,0.0010,0.0004,0.0036,0.1137,0.4002,0.2702,0.0456,0.0649,0.0005,0.0341,0.0002,0.9005,1.1082,46837.744
921,H,Z,0.1209,0.0019,0.0010,0.0006,0.0010,0.0627,0.0253,0.0657,0.0225,0.0324,0.0131,0.0306,0.0001,0.2118,0.3823,46888.147
922,Z,H,0.1187,0.0019,0.0005,0.0001,0.0015,0.0819,0.2294,0.1557,0.0223,0.0810,0.0035,0.0311,0.0001,0.5743,0.7324,46938.904
923,H,Z,0.1134,0.0025,0.0007,0.0003,0.0017,0.0746,0.0310,0.0988,0.0442,0.0329,0.0089,0.0361,0.0001,0.2862,0.4511,46989.396
924,Z,H,0.1207,0.0019,0.0007,0.0002,0.0018,0.0947,0.2752,0.1491,0.0281,0.0767,0.0005,0.0245,0.0001,0.6319,0.7830,47040.202
925,H,Z,0.1153,0.0024,0.0008,0.0004,0.0016,0.0717,0.0340,0.1085,0.0447,0.0488,0.0076,0.0375,0.0002,0.3121,0.4790,47090.708
926,Z,H,0.1292,0.0023,0.0007,0.0006,0.0022,0.0849,0.2191,0.1583,0.0242,0.0830,0.0024,0.0405,0.0002,0.5746,0.7538,47141.494
927,H,Z,0.0858,0.0016,0.0005,0.0003,0.0011,0.0512,0.0253,0.0628,0.0228,0.0302,0.0015,0.0304,0.0002,0.1960,0.3182,47191.893
928,Z,H,0.1593,0.0030,0.0007,0.0003,0.0022,0.1165,0.3168,0.1876,0.0274,0.1007,0.0004,0.0307,0.0002,0.7540,0.9517,47242.868
929,H,Z,0.1059,0.0020,0.0006,0.0005,0.0012,0.0548,0.0294,0.0815,0.0240,0.0379,0.0075,0.0373,0.0001,0.2309,0.3871,47293.276
930,Z,H,0.1182,0.0018,0.0006,0.0003,0.0020,0.0822,0.2356,0.1556,0.0241,0.1015,0.0003,0.0332,0.0001,0.6031,0.7604,47344.056
931,H,Z,0.1148,0.0024,0.0006,0.0002,0.0018,0.0704,0.0289,0.0998,0.0431,0.0307,0.0005,0.0289,0.0001,0.2764,0.4268,47394.502
932,Z,H,0.1191,0.0018,0.0007,0.0002,0.0016,0.0937,0.2303,0.1583,0.0239,0.0763,0.0008,0.0346,0.0001,0.5879,0.7478,47445.274
933,H,Z,0.1072,0.0018,0.0007,0.0002,0.0014,0.0597,0.0238,0.0581,0.0203,0.0356,0.0005,0.0286,0.0001,0.2004,0.3421,47495.636
934,Z,H,0.1129,0.0016,0.0005,0.0002,0.0014,0.0805,0.2072,0.1543,0.0226,0.0587,0.0006,0.0280,0.0001,0.5284,0.6745,47546.335
935,H,Z,0.0810,0.0017,0.0003,0.0001,0.0010,0.0499,0.0218,0.0579,0.0217,0.0383,0.0036,0.0326,0.0001,0.1931,0.3144,47596.668
936,Z,H,0.1360,0.0021,0.0007,0.0003,0.0023,0.1017,0.2621,0.1580,0.0250,0.0655,0.0008,0.0369,0.0002,0.6185,0.7991,47647.496
937,H,Z,0.1172,0.0024,0.0007,0.0004,0.0018,0.0697,0.0315,0.1034,0.0436,0.0353,0.0006,0.0382,0.0002,0.2876,0.4504,47697.989
938,Z,H,0.1719,0.0018,0.0009,0.0005,0.0024,0.1145,0.2550,0.2057,0.0350,0.0626,0.0118,0.0287,0.0002,0.6789,0.8980,47748.909
939,H,Z,0.1136,0.0044,0.0014,0.0003,0.0014,0.0593,0.0324,0.0783,0.0266,0.0450,0.0010,0.0467,0.0002,0.2454,0.4162,47799.350
940,Z,H,0.1163,0.0016,0.0006,0.0003,0.0018,0.0899,0.2324,0.1516,0.0235,0.0878,0.0009,0.0432,0.0001,0.5897,0.7555,47850.131
941,H,Z,0.1128,0.0025,0.0008,0.0002,0.0018,0.0714,0.0302,0.1021,0.0439,0.0323,0.0108,0.0306,0.0002,0.2850,0.4456,47900.598
942,Z,H,0.1486,0.0025,0.0008,0.0003,0.0022,0.1075,0.3736,0.1618,0.0223,0.0622,0.0004,0.0309,0.0001,0.7326,0.9197,47951.543
943,H,Z,0.0847,0.0018,0.0008,0.0002,0.0013,0.0522,0.0249,0.0612,0.0213,0.0346,0.0005,0.0299,0.0001,0.1973,0.3175,48001.880
944,Z,H,0.1546,0.0018,0.0005,0.0002,0.0025,0.0880,0.2870,0.1594,0.0214,0.0616,0.0004,0.0326,0.0001,0.6234,0.8172,48052.730
945,H,Z,0.1117,0.0027,0.0007,0.0004,0.0018,0.0695,0.0324,0.1062,0.0522,0.0321,0.0110,0.0306,0.0002,0.2967,0.4569,48103.205
946,Z,H,0.1683,0.0016,0.0008,0.0004,0.0023,0.1017,0.2736,0.1942,0.0304,0.0685,0.0006,0.0353,0.0001,0.6752,0.8853,48154.109
947,H,Z,0.1089,0.0022,0.0007,0.0002,0.0017,0.0697,0.0294,0.0984,0.0427,0.0393,0.0097,0.0377,0.0001,0.2837,0.4462,48204.577
948,Z,H,0.1556,0.0031,0.0009,0.0006,0.0034,0.1099,0.3713,0.2285,0.0260,0.0882,0.0003,0.0334,0.0000,0.8289,1.0272,48255.623
949,H,Z,0.1369,0.0031,0.0012,0.0004,0.0026,0.0984,0.0328,0.0784,0.0253,0.0387,0.0008,0.0486,0.0001,0.2775,0.4729,48306.117
950,Z,H,0.1197,0.0018,0.0007,0.0003,0.0014,0.0905,0.2149,0.1598,0.0231,0.0888,0.0005,0.0356,0.0001,0.5823,0.7449,48356.889
951,H,Z,0.0955,0.0018,0.0008,0.0002,0.0018,0.0537,0.0317,0.0754,0.0225,0.0325,0.0138,0.0389,0.0002,0.2189,0.3728,48407.289
952,Z,H,0.1125,0.0015,0.0005,0.0002,0.0015,0.0816,0.2236,0.1514,0.0258,0.0830,0.0009,0.0361,0.0002,0.5699,0.7243,48458.038
953,H,Z,0.1196,0.0026,0.0006,0.0003,0.0020,0.0714,0.0310,0.0996,0.0443,0.0317,0.0031,0.0314,0.0002,0.2822,0.4430,48508.501
954,Z,H,0.1268,0.0019,0.0008,0.0003,0.0019,0.0884,0.2446,0.1700,0.0246,0.0525,0.0014,0.0398,0.0001,0.5872,0.7611,48559.284
955,H,Z,0.0858,0.0017,0.0006,0.0002,0.0011,0.0497,0.0257,0.0667,0.0244,0.0329,0.0014,0.0369,0.0001,0.2027,0.3317,48609.640
956,Z,H,0.1133,0.0014,0.0005,0.0002,0.0020,0.0898,0.2240,0.1479,0.0219,0.0658,0.0004,0.0281,0.0001,0.5538,0.7008,48660.360
957,H,Z,0.1048,0.0021,0.0006,0.0002,0.0012,0.0596,0.0258,0.0739,0.0210,0.0380,0.0114,0.0349,0.0001,0.2221,0.3784,48710.757
958,Z,H,0.1191,0.0018,0.0006,0.0002,0.0018,0.0819,0.2478,0.1532,0.0222,0.0633,0.0006,0.0266,0.0001,0.5728,0.7246,48761.503
959,H,Z,0.0867,0.0015,0.0005,0.0003,0.0011,0.0519,0.0259,0.0627,0.0218,0.0390,0.0048,0.0326,0.0001,0.2049,0.3336,48811.853
960,Z,H,0.1230,0.0018,0.0005,0.0002,0.0019,0.0888,0.2123,0.1521,0.0239,0.0540,0.0045,0.0287,0.0001,0.5356,0.6972,48862.571
961,H,Z,0.1122,0.0027,0.0009,0.0003,0.0016,0.0728,0.0316,0.1048,0.0450,0.0441,0.0019,0.0414,0.0002,0.3026,0.4652,48913.058
962,Z,H,0.1228,0.0017,0.0007,0.0003,0.0018,0.0945,0.2309,0.1607,0.0237,0.0609,0.0017,0.0329,0.0001,0.5749,0.7377,48963.818
963,H,Z,0.0855,0.0014,0.0006,0.0002,0.0012,0.0506,0.0247,0.0625,0.0213,0.0326,0.0004,0.0289,0.0001,0.1949,0.3140,49014.156
964,Z,H,0.1226,0.0020,0.0006,0.0005,0.0022,0.0797,0.2324,0.1790,0.0224,0.0848,0.0004,0.0280,0.0000,0.6028,0.7604,49064.959
965,H,Z,0.0944,0.0019,0.0006,0.0004,0.0012,0.0585,0.0271,0.0655,0.0226,0.0429,0.0054,0.0343,0.0002,0.2197,0.3592,49115.350
966,Z,H,0.1249,0.0017,0.0005,0.0003,0.0019,0.0844,0.2520,0.2066,0.0394,0.0971,0.0094,0.0463,0.0002,0.7014,0.8877,49166.284
967,H,Z,0.0931,0.0019,0.0006,0.0004,0.0012,0.0532,0.0284,0.0681,0.0220,0.0378,0.0130,0.0435,0.0003,0.2135,0.3686,49216.675
968,Z,H,0.1379,0.0018,0.0006,0.0004,0.0022,0.0950,0.2482,0.1705,0.0244,0.1041,0.0005,0.0311,0.0002,0.6475,0.8236,49267.524
969,H,Z,0.1319,0.0034,0.0009,0.0005,0.0021,0.0778,0.0361,0.1141,0.0480,0.0448,0.0166,0.0415,0.0003,0.3263,0.5248,49318.076
970,Z,H,0.1344,0.0016,0.0009,0.0003,0.0025,0.0906,0.2295,0.1536,0.0264,0.1009,0.0005,0.0299,0.0000,0.6061,0.7786,49368.877
971,H,Z,0.1311,0.0028,0.0009,0.0004,0.0018,0.0778,0.0372,0.1086,0.0462,0.0411,0.0129,0.0457,0.0001,0.3148,0.5121,49419.413
972,Z,H,0.1270,0.0022,0.0008,0.0005,0.0021,0.0869,0.2311,0.1546,0.0263,0.0955,0.0005,0.0337,0.0000,0.5983,0.7663,49470.198
973,H,Z,0.1117,0.0028,0.0006,0.0002,0.0017,0.0688,0.0298,0.0966,0.0434,0.0371,0.0132,0.0277,0.0001,0.2790,0.4380,49520.653
974,Z,H,0.1305,0.0016,0.0006,0.0003,0.0022,0.0947,0.2529,0.1646,0.0252,0.0737,0.0004,0.0318,0.0001,0.6168,0.7853,49571.459
975,H,Z,0.1112,0.0028,0.0007,0.0004,0.0018,0.0720,0.0333,0.1080,0.0451,0.0331,0.0005,0.0376,0.0002,0.2945,0.4507,49621.933
976,Z,H,0.1264,0.0019,0.0006,0.0004,0.0020,0.0849,0.2282,0.1744,0.0259,0.0658,0.0005,0.0308,0.0001,0.5844,0.7482,49672.708
977,H,Z,0.1134,0.0022,0.0008,0.0004,0.0019,0.0707,0.0333,0.1083,0.0491,0.0421,0.0187,0.0386,0.0001,0.3068,0.4842,49723.211
978,Z,H,0.1203,0.0017,0.0008,0.0002,0.0022,0.0928,0.2552,0.1607,0.0253,0.0768,0.0143,0.0420,0.0001,0.6161,0.7989,49774.044
979,H,Z,0.1308,0.0026,0.0008,0.0003,0.0021,0.0724,0.0310,0.0970,0.0408,0.0351,0.0076,0.0371,0.0002,0.2802,0.4631,49824.530
980,Z,H,0.2179,0.0020,0.0006,0.0004,0.0031,0.1376,0.5033,0.2646,0.0457,0.0583,0.0005,0.0315,0.0001,1.0138,1.2711,49875.832
981,H,Z,0.0855,0.0018,0.0007,0.0002,0.0013,0.0502,0.0244,0.0624,0.0256,0.0352,0.0050,0.0308,0.0001,0.2010,0.3276,49926.178
982,Z,H,0.1499,0.0027,0.0005,0.0002,0.0027,0.1087,0.3736,0.2537,0.0526,0.0737,0.0004,0.0256,0.0001,0.8679,1.0511,49977.249
983,H,Z,0.1122,0.0024,0.0008,0.0004,0.0016,0.0701,0.0302,0.0939,0.0425,0.0376,0.0078,0.0437,0.0001,0.2778,0.4479,50027.718
984,Z,H,0.1194,0.0020,0.0006,0.0003,0.0020,0.0915,0.2737,0.1414,0.0226,0.0565,0.0120,0.0324,0.0002,0.5899,0.7597,50078.505
985,H,Z,0.1117,0.0024,0.0008,0.0004,0.0018,0.0726,0.0295,0.1006,0.0445,0.0367,0.0116,0.0389,0.0001,0.2885,0.4574,50128.993
986,Z,H,0.1249,0.0016,0.0007,0.0003,0.0021,0.0837,0.2325,0.1662,0.0258,0.0720,0.0089,0.0390,0.0002,0.5843,0.7631,50179.781
987,H,Z,0.1065,0.0018,0.0007,0.0003,0.0015,0.0588,0.0249,0.0662,0.0217,0.0521,0.0005,0.0285,0.0001,0.2275,0.3686,50230.172
988,Z,H,0.1581,0.0026,0.0008,0.0003,0.0031,0.1121,0.3948,0.2709,0.0415,0.0773,0.0023,0.0353,0.0002,0.9019,1.1058,50281.300
989,H,Z,0.0906,0.0019,0.0006,0.0003,0.0011,0.0543,0.0295,0.0599,0.0228,0.0322,0.0093,0.0409,0.0001,0.2026,0.3485,50331.671
990,Z,H,0.1136,0.0015,0.0005,0.0002,0.0018,0.0769,0.2337,0.1482,0.0219,0.0645,0.0004,0.0298,0.0001,0.5489,0.6977,50382.389
991,H,Z,0.1366,0.0026,0.0006,0.0001,0.0012,0.0737,0.0254,0.0634,0.0234,0.0256,0.0003,0.0277,0.0000,0.2141,0.3844,50432.792
992,Z,H,0.1230,0.0014,0.0005,0.0002,0.0020,0.0816,0.2687,0.1469,0.0244,0.0604,0.0004,0.0306,0.0001,0.5864,0.7455,50483.553
993,H,Z,0.0820,0.0015,0.0005,0.0002,0.0009,0.0510,0.0240,0.0615,0.0241,0.0340,0.0052,0.0292,0.0001,0.1979,0.3184,50533.916
994,Z,H,0.1531,0.0025,0.0008,0.0004,0.0026,0.1135,0.2540,0.1950,0.0271,0.0588,0.0028,0.0414,0.0001,0.6538,0.8584,50584.796
995,H,Z,0.0820,0.0013,0.0005,0.0002,0.0012,0.0508,0.0230,0.0628,0.0209,0.0333,0.0132,0.0305,0.0001,0.1967,0.3267,50635.138
996,Z,H,0.1151,0.0012,0.0005,0.0002,0.0018,0.0907,0.2083,0.1448,0.0218,0.0690,0.0098,0.0269,0.0000,0.5390,0.6953,50685.858
997,H,Z,0.1116,0.0020,0.0006,0.0002,0.0017,0.0695,0.0352,0.1001,0.0419,0.0359,0.0005,0.0235,0.0001,0.2901,0.4315,50736.309
998,Z,H,0.1250,0.0020,0.0007,0.0004,0.0024,0.0919,0.2154,0.1676,0.0246,0.0638,0.0004,0.0306,0.0001,0.5687,0.7314,50787.063
999,H,Z,0.1131,0.0021,0.0006,0.0002,0.0016,0.0699,0.0312,0.0992,0.0442,0.0279,0.0005,0.0280,0.0001,0.2756,0.4229,50837.504
