swap_idx,from,to,read_toml,disconnect,retune_radio,park_selectors,load_plugins,build_read_toml,build_create_blocks,build_connect,build_bridge_ports,start_runtime,reconnect,terminate_spawn,unpark_selectors,build_and_start,total,t_ms
0,Z,H,0.1222,0.0026,0.0008,0.0004,0.0015,0.0774,0.0277,0.0962,0.0475,0.0347,0.0009,0.0583,0.0002,0.2870,0.4749,252.255
1,H,Z,0.1153,0.0018,0.0007,0.0006,0.0010,0.0587,0.0228,0.0677,0.0268,0.0290,0.0004,0.0252,0.0001,0.2072,0.3534,302.632
2,Z,H,0.0922,0.0015,0.0006,0.0004,0.0008,0.0500,0.0207,0.0524,0.0233,0.0349,0.0005,0.0300,0.0001,0.1840,0.3109,352.958
3,H,Z,0.0749,0.0014,0.0005,0.0003,0.0011,0.0520,0.0209,0.0654,0.0275,0.0214,0.0005,0.0281,0.0001,0.1895,0.2971,403.270
4,Z,H,0.1039,0.0015,0.0005,0.0002,0.0010,0.0556,0.0209,0.0612,0.0228,0.0322,0.0093,0.0220,0.0000,0.1949,0.3342,453.623
5,H,Z,0.0856,0.0013,0.0005,0.0003,0.0010,0.0535,0.0194,0.0623,0.0234,0.0288,0.0069,0.0353,0.0000,0.1900,0.3216,503.968
6,Z,H,0.0961,0.0024,0.0006,0.0003,0.0014,0.0733,0.0249,0.1037,0.0511,0.0267,0.0127,0.0332,0.0001,0.2834,0.4313,554.416
7,H,Z,0.0851,0.0018,0.0007,0.0002,0.0012,0.0498,0.0203,0.0672,0.0231,0.0246,0.0004,0.0302,0.0001,0.1877,0.3081,604.739
8,Z,H,0.0966,0.0017,0.0005,0.0002,0.0009,0.0507,0.0197,0.0568,0.0221,0.0241,0.0004,0.0375,0.0001,0.1759,0.3145,655.069
9,H,Z,0.1053,0.0024,0.0005,0.0004,0.0017,0.0843,0.0248,0.0957,0.0563,0.0277,0.0093,0.0418,0.0002,0.2917,0.4540,705.540
10,Z,H,0.1150,0.0026,0.0006,0.0003,0.0016,0.0673,0.0250,0.0926,0.0497,0.0244,0.0004,0.0309,0.0001,0.2615,0.4139,755.972
11,H,Z,0.0762,0.0014,0.0005,0.0002,0.0011,0.0472,0.0192,0.0531,0.0261,0.0257,0.0135,0.0360,0.0001,0.1739,0.3039,806.298
12,Z,H,0.1116,0.0023,0.0007,0.0002,0.0015,0.0677,0.0224,0.0975,0.0472,0.0268,0.0005,0.0212,0.0003,0.2646,0.4038,856.717
13,H,Z,0.0998,0.0022,0.0007,0.0002,0.0014,0.0653,0.0242,0.0925,0.0450,0.0247,0.0003,0.0310,0.0002,0.2560,0.3929,907.130
14,Z,H,0.1165,0.0026,0.0006,0.0003,0.0016,0.0774,0.0246,0.0960,0.0492,0.0227,0.0086,0.0268,0.0001,0.2730,0.4311,957.574
15,H,Z,0.0909,0.0014,0.0005,0.0005,0.0007,0.0559,0.0203,0.0630,0.0237,0.0253,0.0004,0.0308,0.0001,0.1907,0.3169,1007.908
16,Z,H,0.1086,0.0015,0.0005,0.0002,0.0011,0.0534,0.0206,0.0610,0.0272,0.0278,0.0133,0.0249,0.0001,0.1926,0.3436,1058.266
17,H,Z,0.1018,0.0016,0.0006,0.0002,0.0009,0.0488,0.0241,0.0586,0.0247,0.0293,0.0031,0.0262,0.0001,0.1881,0.3234,1108.613
18,Z,H,0.1024,0.0021,0.0006,0.0003,0.0016,0.0713,0.0249,0.0975,0.0480,0.0327,0.0048,0.0287,0.0001,0.2773,0.4189,1159.049
19,H,Z,0.0894,0.0014,0.0006,0.0005,0.0009,0.0485,0.0244,0.0585,0.0243,0.0249,0.0030,0.0304,0.0001,0.1828,0.3100,1209.373
20,Z,H,0.0786,0.0016,0.0006,0.0003,0.0009,0.0513,0.0212,0.0621,0.0289,0.0305,0.0004,0.0280,0.0001,0.1973,0.3087,1259.696
21,H,Z,0.0736,0.0011,0.0006,0.0002,0.0008,0.0476,0.0183,0.0544,0.0275,0.0305,0.0101,0.0226,0.0001,0.1814,0.2914,1310.003
22,Z,H,0.1148,0.0020,0.0005,0.0001,0.0012,0.0726,0.0223,0.0906,0.0472,0.0264,0.0031,0.0370,0.0001,0.2620,0.4215,1360.444
23,H,Z,0.0696,0.0009,0.0005,0.0001,0.0006,0.0488,0.0172,0.0515,0.0218,0.0226,0.0003,0.0248,0.0001,0.1642,0.2619,1410.719
24,Z,H,0.0728,0.0011,0.0004,0.0001,0.0008,0.0444,0.0176,0.0463,0.0222,0.0206,0.0022,0.0304,0.0001,0.1534,0.2619,1461.001
25,H,Z,0.0744,0.0015,0.0006,0.0003,0.0010,0.0474,0.0205,0.0667,0.0294,0.0335,0.0126,0.0352,0.0092,0.2006,0.3364,1511.359
26,Z,H,0.0811,0.0015,0.0007,0.0003,0.0010,0.0518,0.0207,0.0509,0.0251,0.0265,0.0007,0.0368,0.0001,0.1778,0.3008,1561.680
27,H,Z,0.1084,0.0022,0.0008,0.0003,0.0013,0.0699,0.0234,0.1036,0.0438,0.0286,0.0106,0.0334,0.0001,0.2720,0.4300,1612.132
28,Z,H,0.0783,0.0014,0.0008,0.0003,0.0006,0.0577,0.0281,0.0541,0.0234,0.0197,0.0078,0.0201,0.0001,0.1855,0.2957,1662.443
29,H,Z,0.0758,0.0014,0.0004,0.0002,0.0009,0.0492,0.0186,0.0493,0.0227,0.0214,0.0073,0.0205,0.0001,0.1639,0.2713,1712.739
30,Z,H,0.1215,0.0020,0.0004,0.0002,0.0012,0.0697,0.0226,0.0980,0.0481,0.0286,0.0045,0.0302,0.0001,0.2699,0.4309,1763.185
31,H,Z,0.0752,0.0013,0.0006,0.0002,0.0007,0.0493,0.0185,0.0518,0.0254,0.0255,0.0036,0.0250,0.0000,0.1727,0.2801,1813.478
32,Z,H,0.0696,0.0014,0.0004,0.0002,0.0008,0.0515,0.0235,0.0512,0.0196,0.0193,0.0072,0.0284,0.0001,0.1674,0.2764,1863.768
33,H,Z,0.0831,0.0014,0.0005,0.0001,0.0007,0.0471,0.0178,0.0515,0.0216,0.0236,0.0004,0.0328,0.0001,0.1641,0.2840,1914.067
34,Z,H,0.0745,0.0015,0.0007,0.0003,0.0008,0.0451,0.0205,0.0632,0.0257,0.0311,0.0004,0.0220,0.0001,0.1878,0.2889,1964.370
35,H,Z,0.1798,0.0014,0.0004,0.0002,0.0008,0.0495,0.0178,0.0485,0.0284,0.0185,0.0003,0.0281,0.0001,0.1647,0.3765,2014.770
36,Z,H,0.0700,0.0014,0.0004,0.0003,0.0009,0.0424,0.0188,0.0555,0.0216,0.0439,0.0003,0.0224,0.0001,0.1841,0.2805,2065.064
37,H,Z,0.0910,0.0018,0.0006,0.0004,0.0013,0.0601,0.0246,0.0815,0.0364,0.0251,0.0118,0.0321,0.0003,0.2307,0.3709,2115.450
38,Z,H,0.1014,0.0024,0.0007,0.0002,0.0015,0.0707,0.0256,0.1026,0.0435,0.0325,0.0093,0.0367,0.0001,0.2778,0.4312,2165.898
39,H,Z,0.1229,0.0023,0.0008,0.0003,0.0013,0.0720,0.0357,0.0986,0.0504,0.0309,0.0071,0.0533,0.0002,0.2908,0.4798,2216.398
40,Z,H,0.1060,0.0021,0.0006,0.0002,0.0013,0.0689,0.0231,0.0968,0.0461,0.0298,0.0006,0.0271,0.0001,0.2678,0.4066,2266.822
41,H,Z,0.0686,0.0011,0.0005,0.0002,0.0008,0.0595,0.0189,0.0492,0.0222,0.0251,0.0068,0.0206,0.0001,0.1776,0.2770,2317.112
42,Z,H,0.0860,0.0018,0.0007,0.0003,0.0009,0.0516,0.0216,0.0562,0.0240,0.0293,0.0007,0.0390,0.0001,0.1862,0.3169,2367.447
43,H,Z,0.0792,0.0013,0.0010,0.0002,0.0008,0.0468,0.0191,0.0572,0.0263,0.0251,0.0006,0.0395,0.0001,0.1777,0.3011,2417.768
44,Z,H,0.1072,0.0024,0.0008,0.0004,0.0013,0.0664,0.0285,0.0820,0.0427,0.0232,0.0112,0.0297,0.0002,0.2459,0.3999,2468.191
45,H,Z,0.0855,0.0015,0.0007,0.0001,0.0008,0.0536,0.0206,0.0634,0.0221,0.0259,0.0024,0.0305,0.0001,0.1884,0.3109,2518.515
46,Z,H,0.0878,0.0018,0.0005,0.0003,0.0013,0.0802,0.0211,0.0832,0.0474,0.0295,0.0074,0.0238,0.0001,0.2639,0.3876,2568.922
47,H,Z,0.0655,0.0012,0.0003,0.0002,0.0006,0.0432,0.0168,0.0514,0.0258,0.0201,0.0002,0.0237,0.0000,0.1592,0.2518,2619.187
48,Z,H,0.0911,0.0010,0.0004,0.0002,0.0006,0.0455,0.0161,0.0480,0.0203,0.0176,0.0031,0.0302,0.0001,0.1500,0.2775,2669.476
49,H,Z,0.1113,0.0021,0.0006,0.0003,0.0011,0.1590,0.0275,0.1018,0.0461,0.0268,0.0023,0.0312,0.0001,0.3647,0.5145,2720.004
50,Z,H,0.1030,0.0020,0.0003,0.0004,0.0013,0.0730,0.0288,0.0991,0.0557,0.0433,0.0004,0.0198,0.0001,0.3025,0.4306,2770.450
51,H,Z,0.0948,0.0016,0.0004,0.0002,0.0010,0.0656,0.0335,0.0712,0.0323,0.0309,0.0007,0.0309,0.0000,0.2368,0.3674,2820.836
52,Z,H,0.0788,0.0016,0.0005,0.0002,0.0009,0.0450,0.0184,0.0541,0.0253,0.0233,0.0098,0.0315,0.0001,0.1687,0.2928,2871.147
53,H,Z,0.1282,0.0020,0.0005,0.0004,0.0011,0.0733,0.0262,0.0828,0.0435,0.0272,0.0064,0.0265,0.0002,0.2559,0.4219,2921.585
54,Z,H,0.1021,0.0017,0.0005,0.0003,0.0010,0.0699,0.0218,0.0830,0.0432,0.0233,0.0092,0.0372,0.0001,0.2437,0.3966,2971.997
55,H,Z,0.0864,0.0015,0.0004,0.0002,0.0009,0.0456,0.0176,0.0564,0.0324,0.0234,0.0003,0.0295,0.0000,0.1772,0.2972,3022.305
56,Z,H,0.1045,0.0016,0.0005,0.0003,0.0012,0.0746,0.0296,0.0715,0.0331,0.0305,0.0015,0.0492,0.0001,0.2451,0.4052,3072.725
57,H,Z,0.0773,0.0015,0.0007,0.0002,0.0009,0.0587,0.0195,0.0549,0.0251,0.0232,0.0034,0.0318,0.0001,0.1839,0.3008,3123.042
58,Z,H,0.0872,0.0017,0.0005,0.0002,0.0012,0.0490,0.0227,0.0552,0.0232,0.0222,0.0004,0.0320,0.0002,0.1753,0.2992,3173.357
59,H,Z,0.1046,0.0020,0.0007,0.0002,0.0013,0.0671,0.0437,0.0593,0.0263,0.0261,0.0006,0.0300,0.0000,0.2261,0.3664,3223.740
60,Z,H,0.0925,0.0017,0.0006,0.0003,0.0010,0.0490,0.0185,0.0535,0.0238,0.0241,0.0069,0.0319,0.0001,0.1714,0.3071,3274.061
61,H,Z,0.0984,0.0017,0.0005,0.0003,0.0010,0.0604,0.0219,0.0716,0.0295,0.0299,0.0110,0.0278,0.0001,0.2160,0.3575,3324.434
62,Z,H,0.0791,0.0014,0.0006,0.0002,0.0009,0.0447,0.0223,0.0494,0.0295,0.0244,0.0002,0.0362,0.0000,0.1723,0.2918,3374.739
63,H,Z,0.0817,0.0012,0.0004,0.0002,0.0009,0.0444,0.0182,0.0524,0.0222,0.0382,0.0079,0.0283,0.0001,0.1779,0.2991,3425.051
64,Z,H,0.0749,0.0017,0.0006,0.0003,0.0008,0.0525,0.0215,0.0576,0.0219,0.0316,0.0088,0.0275,0.0001,0.1879,0.3034,3475.367
65,H,Z,0.0668,0.0013,0.0006,0.0002,0.0009,0.0473,0.0180,0.0531,0.0230,0.0279,0.0022,0.0328,0.0001,0.1719,0.2776,3525.663
66,Z,H,0.1012,0.0018,0.0005,0.0004,0.0011,0.0732,0.0231,0.1021,0.0328,0.0268,0.0005,0.0306,0.0002,0.2608,0.3981,3576.109
67,H,Z,0.0699,0.0015,0.0007,0.0002,0.0008,0.0568,0.0176,0.0595,0.0225,0.0234,0.0015,0.0309,0.0000,0.1828,0.2889,3626.414
68,Z,H,0.0785,0.0013,0.0005,0.0002,0.0009,0.0495,0.0184,0.0493,0.0212,0.0221,0.0017,0.0216,0.0001,0.1627,0.2683,3676.699
69,H,Z,0.0763,0.0016,0.0006,0.0001,0.0007,0.0495,0.0220,0.0510,0.0187,0.0260,0.0026,0.0210,0.0001,0.1696,0.2732,3726.989
70,Z,H,0.0639,0.0011,0.0004,0.0002,0.0007,0.0474,0.0170,0.0510,0.0245,0.0210,0.0008,0.0274,0.0001,0.1636,0.2587,3777.265
71,H,Z,0.0969,0.0015,0.0005,0.0002,0.0008,0.0558,0.0194,0.0533,0.0234,0.0249,0.0093,0.0328,0.0001,0.1792,0.3220,3827.601
72,Z,H,0.0750,0.0014,0.0006,0.0001,0.0007,0.0433,0.0201,0.0533,0.0220,0.0228,0.0013,0.0304,0.0001,0.1642,0.2746,3877.891
73,H,Z,0.0803,0.0015,0.0004,0.0002,0.0010,0.0483,0.0180,0.0577,0.0280,0.0226,0.0088,0.0292,0.0000,0.1767,0.2989,3928.209
74,Z,H,0.1433,0.0027,0.0006,0.0002,0.0013,0.0793,0.0260,0.0949,0.0466,0.0324,0.0109,0.0273,0.0001,0.2821,0.4692,3978.691
75,H,Z,0.0721,0.0016,0.0005,0.0002,0.0012,0.0554,0.0214,0.0497,0.0239,0.0302,0.0102,0.0351,0.0001,0.1832,0.3051,4029.014
76,Z,H,0.0878,0.0014,0.0005,0.0002,0.0013,0.0549,0.0215,0.0548,0.0220,0.0248,0.0105,0.0277,0.0001,0.1808,0.3112,4079.344
77,H,Z,0.0752,0.0019,0.0005,0.0002,0.0010,0.0443,0.0191,0.0579,0.0254,0.0267,0.0078,0.0400,0.0001,0.1761,0.3036,4129.663
78,Z,H,0.0741,0.0015,0.0005,0.0003,0.0009,0.0552,0.0194,0.0568,0.0228,0.0273,0.0007,0.0336,0.0001,0.1844,0.2969,4179.981
79,H,Z,0.1003,0.0021,0.0005,0.0003,0.0013,0.0675,0.0214,0.0921,0.0541,0.0234,0.0006,0.0325,0.0001,0.2623,0.4009,4230.403
80,Z,H,0.0732,0.0013,0.0006,0.0003,0.0008,0.0447,0.0220,0.0575,0.0252,0.0234,0.0078,0.0300,0.0001,0.1755,0.2903,4280.706
81,H,Z,0.0731,0.0013,0.0004,0.0001,0.0007,0.0461,0.0164,0.0454,0.0247,0.0218,0.0084,0.0256,0.0001,0.1568,0.2671,4330.990
82,Z,H,0.1068,0.0015,0.0007,0.0002,0.0007,0.0585,0.0175,0.0552,0.0235,0.0237,0.0088,0.0248,0.0000,0.1803,0.3247,4381.331
83,H,Z,0.0828,0.0014,0.0005,0.0001,0.0007,0.0434,0.0174,0.0515,0.0207,0.0207,0.0008,0.0238,0.0000,0.1562,0.2671,4431.620
84,Z,H,0.0854,0.0019,0.0005,0.0002,0.0010,0.0426,0.0183,0.0493,0.0221,0.0213,0.0025,0.0208,0.0001,0.1556,0.2686,4481.901
85,H,Z,0.0788,0.0015,0.0006,0.0002,0.0007,0.0478,0.0181,0.0548,0.0302,0.0264,0.0086,0.0305,0.0001,0.1807,0.3025,4532.217
86,Z,H,0.0841,0.0018,0.0005,0.0003,0.0010,0.0536,0.0198,0.0571,0.0235,0.0298,0.0040,0.0282,0.0001,0.1867,0.3076,4582.541
87,H,Z,0.1074,0.0018,0.0005,0.0004,0.0010,0.0680,0.0245,0.0678,0.0340,0.0255,0.0004,0.0329,0.0002,0.2228,0.3683,4632.931
88,Z,H,0.1018,0.0013,0.0005,0.0003,0.0010,0.0656,0.0255,0.0767,0.0361,0.0227,0.0114,0.0388,0.0003,0.2337,0.3899,4683.346
89,H,Z,0.1163,0.0015,0.0007,0.0003,0.0010,0.0642,0.0227,0.0702,0.0257,0.0235,0.0082,0.0303,0.0001,0.2090,0.3684,4733.729
90,Z,H,0.0814,0.0014,0.0007,0.0002,0.0009,0.0565,0.0175,0.0581,0.0279,0.0284,0.0082,0.0194,0.0000,0.1909,0.3039,4784.045
91,H,Z,0.1110,0.0023,0.0005,0.0003,0.0013,0.0725,0.0226,0.0940,0.0475,0.0264,0.0096,0.0434,0.0000,0.2654,0.4347,4834.495
92,Z,H,0.0784,0.0016,0.0006,0.0003,0.0007,0.0583,0.0206,0.0558,0.0234,0.0228,0.0091,0.0288,0.0000,0.1832,0.3036,4884.813
93,H,Z,0.0713,0.0015,0.0007,0.0003,0.0008,0.0456,0.0202,0.0643,0.0312,0.0249,0.0044,0.0295,0.0000,0.1885,0.2981,4935.125
94,Z,H,0.0689,0.0011,0.0005,0.0001,0.0027,0.0443,0.0179,0.0548,0.0209,0.0234,0.0031,0.0244,0.0001,0.1639,0.2655,4985.402
95,H,Z,0.0807,0.0019,0.0006,0.0003,0.0013,0.0570,0.0228,0.0684,0.0247,0.0262,0.0004,0.0264,0.0001,0.2018,0.3143,5035.735
96,Z,H,0.0806,0.0013,0.0005,0.0003,0.0011,0.0643,0.0220,0.0578,0.0262,0.0263,0.0097,0.0296,0.0001,0.1998,0.3240,5086.076
97,H,Z,0.1003,0.0016,0.0004,0.0003,0.0010,0.0559,0.0204,0.0573,0.0360,0.0336,0.0069,0.0260,0.0001,0.2064,0.3439,5136.438
98,Z,H,0.0965,0.0024,0.0006,0.0004,0.0014,0.0847,0.0273,0.0923,0.0440,0.0255,0.0105,0.0358,0.0002,0.2774,0.4262,5186.878
99,H,Z,0.0956,0.0021,0.0008,0.0004,0.0012,0.0672,0.0260,0.1436,0.0474,0.0282,0.0042,0.0305,0.0002,0.3158,0.4517,5237.352
100,Z,H,0.0963,0.0021,0.0005,0.0002,0.0011,0.0463,0.0203,0.0598,0.0315,0.0239,0.0038,0.0291,0.0002,0.1845,0.3189,5287.689
101,H,Z,0.0977,0.0027,0.0006,0.0003,0.0015,0.0731,0.0296,0.0782,0.0511,0.0305,0.0007,0.0456,0.0001,0.2662,0.4168,5338.126
102,Z,H,0.0869,0.0019,0.0010,0.0003,0.0011,0.0480,0.0210,0.0583,0.0233,0.0267,0.0042,0.0234,0.0000,0.1799,0.2996,5388.440
103,H,Z,0.0741,0.0015,0.0005,0.0003,0.0010,0.0564,0.0254,0.0486,0.0233,0.0324,0.0007,0.0354,0.0001,0.1891,0.3035,5438.760
104,Z,H,0.0839,0.0020,0.0009,0.0005,0.0013,0.0479,0.0260,0.0744,0.0274,0.0351,0.0079,0.0446,0.0003,0.2137,0.3562,5489.133
105,H,Z,0.0975,0.0016,0.0006,0.0002,0.0012,0.0819,0.0338,0.0682,0.0343,0.0242,0.0006,0.0337,0.0002,0.2455,0.3820,5539.535
106,Z,H,0.1067,0.0024,0.0007,0.0004,0.0017,0.0647,0.0261,0.0990,0.0475,0.0312,0.0113,0.0464,0.0001,0.2714,0.4422,5589.994
107,H,Z,0.0901,0.0018,0.0006,0.0003,0.0011,0.0502,0.0227,0.0766,0.0337,0.0284,0.0003,0.0388,0.0000,0.2144,0.3484,5640.361
108,Z,H,0.1094,0.0026,0.0007,0.0003,0.0015,0.0884,0.0285,0.1021,0.0568,0.0271,0.0004,0.0343,0.0002,0.3068,0.4575,5690.836
109,H,Z,0.0723,0.0015,0.0005,0.0003,0.0011,0.0435,0.0203,0.0594,0.0340,0.0272,0.0068,0.0309,0.0001,0.1873,0.3016,5741.157
110,Z,H,0.0920,0.0015,0.0005,0.0003,0.0008,0.0502,0.0196,0.0587,0.0224,0.0278,0.0027,0.0300,0.0001,0.1810,0.3098,5791.480
111,H,Z,0.1175,0.0016,0.0005,0.0003,0.0012,0.0638,0.0291,0.0708,0.0281,0.0195,0.0069,0.0218,0.0002,0.2143,0.3655,5841.865
112,Z,H,0.0704,0.0017,0.0005,0.0002,0.0011,0.0417,0.0188,0.0523,0.0254,0.0267,0.0080,0.0372,0.0001,0.1676,0.2877,5892.176
113,H,Z,0.0827,0.0016,0.0004,0.0002,0.0010,0.0472,0.0194,0.0572,0.0301,0.0290,0.0074,0.0337,0.0001,0.1851,0.3130,5942.504
114,Z,H,0.0780,0.0015,0.0005,0.0003,0.0008,0.0442,0.0196,0.0547,0.0347,0.0278,0.0039,0.0296,0.0002,0.1834,0.2989,5992.817
115,H,Z,0.1002,0.0024,0.0006,0.0004,0.0015,0.0662,0.0249,0.0943,0.0511,0.0266,0.0163,0.0262,0.0002,0.2669,0.4157,6043.256
116,Z,H,0.0789,0.0015,0.0008,0.0002,0.0008,0.0553,0.0207,0.0599,0.0253,0.0254,0.0004,0.0223,0.0001,0.1891,0.3025,6093.579
117,H,Z,0.0976,0.0012,0.0005,0.0002,0.0008,0.0448,0.0184,0.0478,0.0227,0.0216,0.0012,0.0345,0.0001,0.1581,0.2952,6143.890
118,Z,H,0.0676,0.0015,0.0005,0.0002,0.0008,0.0431,0.0164,0.0531,0.0213,0.0227,0.0076,0.0277,0.0001,0.1591,0.2659,6194.171
119,H,Z,0.0725,0.0015,0.0005,0.0002,0.0010,0.0488,0.0201,0.0642,0.0313,0.0239,0.0077,0.0266,0.0001,0.1912,0.3022,6244.493
120,Z,H,0.0953,0.0023,0.0051,0.0003,0.0014,0.0667,0.0238,0.0869,0.0478,0.0227,0.0062,0.0292,0.0001,0.2514,0.3920,6294.898
121,H,Z,0.0909,0.0016,0.0003,0.0002,0.0010,0.0611,0.0207,0.0850,0.0510,0.0250,0.0035,0.0193,0.0001,0.2451,0.3628,6345.295
122,Z,H,0.0821,0.0015,0.0004,0.0003,0.0007,0.0454,0.0193,0.0508,0.0215,0.0207,0.0024,0.0279,0.0001,0.1598,0.2760,6395.588
123,H,Z,0.0935,0.0022,0.0006,0.0005,0.0017,0.0750,0.0296,0.0857,0.0476,0.0300,0.0065,0.0310,0.0001,0.2714,0.4086,6446.016
124,Z,H,0.1249,0.0033,0.0010,0.0005,0.0018,0.0757,0.0328,0.1109,0.0562,0.0287,0.0004,0.0408,0.0003,0.3076,0.4819,6496.519
125,H,Z,0.0802,0.0013,0.0005,0.0002,0.0008,0.0572,0.0199,0.0515,0.0250,0.0192,0.0035,0.0276,0.0001,0.1754,0.2903,6546.828
126,Z,H,0.0727,0.0012,0.0005,0.0002,0.0007,0.0451,0.0227,0.0525,0.0222,0.0254,0.0003,0.0296,0.0001,0.1703,0.2764,6597.118
127,H,Z,0.0831,0.0011,0.0006,0.0003,0.0009,0.0478,0.0201,0.0689,0.0219,0.0235,0.0082,0.0284,0.0000,0.1845,0.3079,6647.443
128,Z,H,0.0925,0.0015,0.0005,0.0002,0.0008,0.0497,0.0202,0.0615,0.0279,0.0210,0.0070,0.0319,0.0000,0.1830,0.3185,6697.776
129,H,Z,0.1005,0.0022,0.0006,0.0003,0.0013,0.0688,0.0251,0.0935,0.0522,0.0234,0.0070,0.0327,0.0001,0.2660,0.4114,6748.207
130,Z,H,0.0780,0.0015,0.0008,0.0002,0.0010,0.0478,0.0199,0.0559,0.0283,0.0263,0.0089,0.0526,0.0001,0.1811,0.3251,6798.549
131,H,Z,0.2443,0.0014,0.0006,0.0003,0.0007,0.0533,0.0199,0.0542,0.0227,0.0205,0.0123,0.0287,0.0001,0.1728,0.4623,6849.029
132,Z,H,0.0732,0.0014,0.0005,0.0002,0.0007,0.0612,0.0186,0.0647,0.0281,0.0196,0.0082,0.0283,0.0001,0.1944,0.3078,6899.349
133,H,Z,0.1046,0.0024,0.0007,0.0003,0.0017,0.0990,0.0230,0.0894,0.0308,0.0217,0.0131,0.0318,0.0001,0.2670,0.4228,6949.791
134,Z,H,0.0957,0.0015,0.0008,0.0004,0.0009,0.0486,0.0197,0.0526,0.0254,0.0259,0.0071,0.0317,0.0001,0.1756,0.3147,7000.164
135,H,Z,0.0764,0.0015,0.0005,0.0002,0.0009,0.0460,0.0206,0.0657,0.0243,0.0231,0.0087,0.0240,0.0001,0.1825,0.2957,7050.475
136,Z,H,0.1198,0.0028,0.0008,0.0004,0.0017,0.0744,0.0266,0.1061,0.0491,0.0280,0.0089,0.0331,0.0002,0.2880,0.4567,7100.948
137,H,Z,0.0706,0.0012,0.0007,0.0001,0.0008,0.0553,0.0190,0.0485,0.0253,0.0194,0.0095,0.0204,0.0001,0.1704,0.2746,7151.238
138,Z,H,0.0980,0.0024,0.0006,0.0004,0.0014,0.0633,0.0259,0.0952,0.0545,0.0254,0.0007,0.0385,0.0001,0.2679,0.4112,7201.667
139,H,Z,0.0798,0.0017,0.0007,0.0004,0.0010,0.0520,0.0222,0.0605,0.0249,0.0225,0.0115,0.0345,0.0002,0.1851,0.3157,7252.001
140,Z,H,0.0864,0.0010,0.0005,0.0002,0.0007,0.0475,0.0202,0.0527,0.0225,0.0237,0.0004,0.0298,0.0001,0.1695,0.2894,7302.306
141,H,Z,0.0762,0.0012,0.0007,0.0002,0.0010,0.0504,0.0179,0.0528,0.0226,0.0226,0.0004,0.0262,0.0001,0.1691,0.2760,7352.594
142,Z,H,0.0671,0.0015,0.0005,0.0003,0.0008,0.0488,0.0185,0.0549,0.0214,0.0290,0.0078,0.0254,0.0001,0.1751,0.2794,7402.889
143,H,Z,0.0805,0.0016,0.0005,0.0003,0.0011,0.0573,0.0225,0.0584,0.0294,0.0279,0.0031,0.0341,0.0001,0.1982,0.3204,7453.237
144,Z,H,0.1327,0.0032,0.0006,0.0003,0.0016,0.0979,0.0256,0.0929,0.0485,0.0283,0.0079,0.0358,0.0002,0.2964,0.4795,7503.737
145,H,Z,0.0826,0.0018,0.0007,0.0003,0.0012,0.0628,0.0230,0.0599,0.0280,0.0279,0.0138,0.0378,0.0001,0.2048,0.3440,7554.100
146,Z,H,0.0818,0.0019,0.0008,0.0002,0.0009,0.0599,0.0218,0.0567,0.0239,0.0239,0.0104,0.0247,0.0002,0.1886,0.3102,7604.426
147,H,Z,0.0806,0.0016,0.0006,0.0002,0.0011,0.0481,0.0224,0.0585,0.0296,0.0246,0.0008,0.0363,0.0000,0.1866,0.3088,7654.760
148,Z,H,0.0797,0.0016,0.0004,0.0003,0.0010,0.0472,0.0209,0.0587,0.0245,0.0216,0.0084,0.0276,0.0001,0.1755,0.2954,7705.073
149,H,Z,0.0990,0.0024,0.0005,0.0003,0.0016,0.0822,0.0243,0.0987,0.0483,0.0247,0.0215,0.0291,0.0002,0.2814,0.4366,7755.530
150,Z,H,0.0774,0.0015,0.0005,0.0002,0.0008,0.0516,0.0187,0.0489,0.0259,0.0322,0.0007,0.0316,0.0000,0.1797,0.2933,7805.841
151,H,Z,0.0737,0.0018,0.0008,0.0003,0.0008,0.0539,0.0199,0.0513,0.0286,0.0238,0.0004,0.0314,0.0001,0.1803,0.2905,7856.145
152,Z,H,0.0977,0.0023,0.0006,0.0003,0.0014,0.0672,0.0346,0.0981,0.0470,0.0267,0.0007,0.0373,0.0002,0.2771,0.4186,7906.580
153,H,Z,0.0847,0.0016,0.0005,0.0003,0.0010,0.0454,0.0196,0.0681,0.0281,0.0272,0.0041,0.0322,0.0001,0.1911,0.3163,7956.919
154,Z,H,0.0720,0.0014,0.0005,0.0002,0.0011,0.0492,0.0197,0.0554,0.0222,0.0222,0.0063,0.0220,0.0001,0.1711,0.2755,8007.213
155,H,Z,0.0807,0.0016,0.0004,0.0003,0.0010,0.0455,0.0204,0.0590,0.0221,0.0275,0.0032,0.0299,0.0000,0.1764,0.2945,8057.520
156,Z,H,0.0846,0.0013,0.0005,0.0002,0.0008,0.0451,0.0201,0.0502,0.0224,0.0220,0.0040,0.0354,0.0001,0.1626,0.2906,8107.826
157,H,Z,0.1048,0.0018,0.0007,0.0004,0.0013,0.0699,0.0256,0.0753,0.0372,0.0259,0.0116,0.0316,0.0003,0.2374,0.3910,8158.241
158,Z,H,0.0866,0.0016,0.0006,0.0003,0.0010,0.0456,0.0199,0.0570,0.0226,0.0221,0.0003,0.0304,0.0000,0.1698,0.2914,8208.553
159,H,Z,0.0892,0.0013,0.0004,0.0002,0.0009,0.0570,0.0218,0.0693,0.0317,0.0268,0.0016,0.0360,0.0001,0.2095,0.3402,8258.908
160,Z,H,0.1222,0.0015,0.0004,0.0003,0.0011,0.0551,0.0200,0.0535,0.0263,0.0227,0.0070,0.0318,0.0001,0.1803,0.3456,8309.268
161,H,Z,0.0817,0.0018,0.0004,0.0002,0.0011,0.0482,0.0210,0.0658,0.0200,0.0208,0.0064,0.0275,0.0000,0.1783,0.2985,8359.580
162,Z,H,0.0819,0.0017,0.0005,0.0003,0.0010,0.0476,0.0197,0.0569,0.0307,0.0321,0.0005,0.0325,0.0001,0.1899,0.3092,8409.911
163,H,Z,0.1005,0.0075,0.0008,0.0003,0.0016,0.0727,0.0256,0.1474,0.0367,0.0269,0.0034,0.0368,0.0001,0.3131,0.4651,8460.395
164,Z,H,0.0738,0.0015,0.0006,0.0003,0.0009,0.0439,0.0204,0.0534,0.0258,0.0204,0.0115,0.0330,0.0001,0.1669,0.2894,8510.706
165,H,Z,0.0724,0.0015,0.0005,0.0002,0.0009,0.0440,0.0194,0.0520,0.0255,0.0231,0.0049,0.0379,0.0002,0.1665,0.2860,8561.009
166,Z,H,0.0706,0.0015,0.0004,0.0002,0.0009,0.0403,0.0186,0.0562,0.0207,0.0274,0.0091,0.0315,0.0001,0.1657,0.2811,8611.316
167,H,Z,0.0737,0.0015,0.0005,0.0003,0.0010,0.0531,0.0197,0.0563,0.0226,0.0233,0.0064,0.0230,0.0002,0.1774,0.2847,8661.626
168,Z,H,0.0747,0.0016,0.0005,0.0003,0.0010,0.0579,0.0188,0.0491,0.0194,0.0342,0.0002,0.0297,0.0000,0.1812,0.2900,8711.928
169,H,Z,0.1158,0.0020,0.0007,0.0003,0.0011,0.0501,0.0246,0.0728,0.0234,0.0336,0.0017,0.0474,0.0002,0.2073,0.3778,8762.326
170,Z,H,0.0749,0.0017,0.0006,0.0002,0.0009,0.0455,0.0188,0.0525,0.0236,0.0232,0.0115,0.0322,0.0001,0.1657,0.2885,8812.645
171,H,Z,0.0876,0.0016,0.0007,0.0003,0.0011,0.0754,0.0230,0.0736,0.0433,0.0358,0.0008,0.0354,0.0001,0.2544,0.3829,8863.048
172,Z,H,0.0701,0.0015,0.0006,0.0002,0.0008,0.0482,0.0200,0.0564,0.0257,0.0255,0.0012,0.0349,0.0001,0.1783,0.2885,8913.353
173,H,Z,0.0762,0.0017,0.0007,0.0003,0.0009,0.0580,0.0201,0.0574,0.0220,0.0252,0.0131,0.0316,0.0001,0.1853,0.3107,8963.680
174,Z,H,0.1008,0.0022,0.0007,0.0004,0.0013,0.0461,0.0243,0.0681,0.0263,0.0260,0.0123,0.0415,0.0002,0.1934,0.3541,9014.048
175,H,Z,0.1139,0.0021,0.0006,0.0003,0.0015,0.0811,0.0253,0.0967,0.0466,0.0220,0.0005,0.0313,0.0003,0.2748,0.4263,9064.504
176,Z,H,0.0865,0.0013,0.0005,0.0003,0.0009,0.0426,0.0204,0.0541,0.0242,0.0345,0.0144,0.0314,0.0000,0.1777,0.3141,9114.862
177,H,Z,0.0761,0.0014,0.0004,0.0002,0.0008,0.0580,0.0181,0.0572,0.0275,0.0207,0.0023,0.0327,0.0001,0.1841,0.2989,9165.181
178,Z,H,0.0927,0.0017,0.0005,0.0004,0.0012,0.0452,0.0204,0.0676,0.0263,0.0340,0.0003,0.0289,0.0000,0.1954,0.3217,9215.517
179,H,Z,0.0828,0.0015,0.0005,0.0003,0.0013,0.0474,0.0202,0.0568,0.0256,0.0258,0.0113,0.0439,0.0001,0.1789,0.3215,9265.858
180,Z,H,0.0761,0.0016,0.0005,0.0003,0.0012,0.0605,0.0213,0.0548,0.0251,0.0342,0.0076,0.0337,0.0001,0.1988,0.3208,9316.196
181,H,Z,0.1591,0.0031,0.0244,0.0002,0.0009,0.0690,0.0209,0.0619,0.0255,0.0411,0.0003,0.0283,0.0001,0.2211,0.4388,9366.656
182,Z,H,0.0776,0.0019,0.0007,0.0002,0.0012,0.0485,0.0216,0.0617,0.0238,0.0409,0.0037,0.0365,0.0001,0.1994,0.3222,9416.995
183,H,Z,0.0898,0.0016,0.0005,0.0002,0.0010,0.0484,0.0201,0.0723,0.0226,0.0314,0.0004,0.0293,0.0001,0.1974,0.3213,9467.331
184,Z,H,0.1072,0.0024,0.0006,0.0004,0.0014,0.0683,0.0260,0.1005,0.0478,0.0284,0.0005,0.0345,0.0001,0.2741,0.4222,9517.768
185,H,Z,0.1050,0.0023,0.0007,0.0003,0.0014,0.0691,0.0263,0.1046,0.0553,0.0350,0.0160,0.0435,0.0001,0.2936,0.4640,9568.252
186,Z,H,0.0999,0.0024,0.0006,0.0003,0.0015,0.0687,0.0263,0.0918,0.0483,0.0236,0.0046,0.0357,0.0002,0.2617,0.4078,9618.677
187,H,Z,0.1124,0.0024,0.0006,0.0003,0.0014,0.0693,0.0272,0.0979,0.0538,0.0297,0.0102,0.0342,0.0002,0.2816,0.4442,9669.140
188,Z,H,0.1041,0.0018,0.0007,0.0003,0.0011,0.0509,0.0203,0.0540,0.0238,0.0259,0.0364,0.0306,0.0001,0.1782,0.3545,9719.509
189,H,Z,0.0763,0.0014,0.0006,0.0002,0.0010,0.0497,0.0183,0.0559,0.0228,0.0224,0.0116,0.0312,0.0001,0.1720,0.2953,9769.820
190,Z,H,0.0740,0.0016,0.0007,0.0002,0.0009,0.0447,0.0203,0.0557,0.0237,0.0262,0.0082,0.0320,0.0001,0.1737,0.2923,9820.130
191,H,Z,0.0951,0.0017,0.0007,0.0003,0.0012,0.0528,0.0266,0.0771,0.0357,0.0237,0.0005,0.0312,0.0001,0.2190,0.3508,9870.494
192,Z,H,0.0913,0.0016,0.0006,0.0002,0.0011,0.0584,0.0208,0.0537,0.0227,0.0262,0.0091,0.0363,0.0001,0.1850,0.3263,9920.840
193,H,Z,0.1001,0.0025,0.0008,0.0003,0.0014,0.0617,0.0239,0.0862,0.0443,0.0253,0.0038,0.0331,0.0001,0.2443,0.3871,9971.242
194,Z,H,0.1081,0.0028,0.0008,0.0004,0.0018,0.0670,0.0275,0.1023,0.0482,0.0318,0.0033,0.0241,0.0001,0.2806,0.4232,10021.681
195,H,Z,0.0813,0.0020,0.0007,0.0003,0.0011,0.0496,0.0245,0.0675,0.0272,0.0277,0.0120,0.0255,0.0001,0.1991,0.3231,10072.023
196,Z,H,0.0934,0.0020,0.0006,0.0003,0.0010,0.0468,0.0282,0.0569,0.0277,0.0228,0.0098,0.0372,0.0001,0.1848,0.3302,10122.369
197,H,Z,0.1079,0.0027,0.0006,0.0005,0.0014,0.0662,0.0313,0.0965,0.0476,0.0306,0.0049,0.0301,0.0002,0.2757,0.4251,10172.811
198,Z,H,0.0986,0.0025,0.0006,0.0005,0.0014,0.0688,0.0252,0.0902,0.0484,0.0240,0.0095,0.0388,0.0002,0.2604,0.4136,10223.244
199,H,Z,0.1088,0.0084,0.0006,0.0003,0.0015,0.0684,0.0261,0.1075,0.0470,0.0252,0.0009,0.0375,0.0001,0.2821,0.4413,10273.702
200,Z,H,0.0800,0.0016,0.0006,0.0003,0.0010,0.0575,0.0225,0.0551,0.0247,0.0270,0.0070,0.0300,0.0002,0.1899,0.3115,10324.032
201,H,Z,0.0863,0.0014,0.0005,0.0004,0.0009,0.0512,0.0215,0.0549,0.0354,0.0267,0.0181,0.0331,0.0001,0.1926,0.3342,10374.402
202,Z,H,0.0742,0.0015,0.0007,0.0003,0.0009,0.0455,0.0204,0.0602,0.0333,0.0260,0.0112,0.0296,0.0001,0.1886,0.3079,10424.728
203,H,Z,0.0725,0.0015,0.0007,0.0003,0.0009,0.0437,0.0197,0.0571,0.0231,0.0260,0.0004,0.0290,0.0001,0.1720,0.2781,10475.027
204,Z,H,0.0990,0.0024,0.0006,0.0003,0.0016,0.0684,0.0253,0.1114,0.0472,0.0270,0.0005,0.0315,0.0001,0.2827,0.4197,10525.470
205,H,Z,0.0845,0.0020,0.0007,0.0003,0.0010,0.0505,0.0289,0.0530,0.0249,0.0246,0.0091,0.0359,0.0003,0.1846,0.3193,10575.808
206,Z,H,0.0762,0.0016,0.0005,0.0003,0.0009,0.0471,0.0202,0.0532,0.0251,0.0207,0.0076,0.0313,0.0000,0.1684,0.2880,10626.109
207,H,Z,0.1114,0.0027,0.0006,0.0003,0.0016,0.0658,0.0253,0.1133,0.0528,0.0251,0.0095,0.0284,0.0002,0.2857,0.4416,10676.569
208,Z,H,0.0817,0.0015,0.0006,0.0004,0.0010,0.0442,0.0247,0.0601,0.0240,0.0285,0.0041,0.0243,0.0001,0.1843,0.2987,10726.884
209,H,Z,0.0722,0.0015,0.0005,0.0002,0.0011,0.0448,0.0198,0.0556,0.0233,0.0224,0.0024,0.0381,0.0000,0.1686,0.2854,10777.228
210,Z,H,0.0762,0.0015,0.0005,0.0003,0.0011,0.0460,0.0195,0.0599,0.0361,0.0383,0.0072,0.0232,0.0001,0.2022,0.3129,10827.555
211,H,Z,0.0833,0.0014,0.0006,0.0002,0.0009,0.0452,0.0194,0.0580,0.0218,0.0272,0.0017,0.0379,0.0001,0.1744,0.3014,10877.872
212,Z,H,0.0737,0.0015,0.0005,0.0003,0.0011,0.0567,0.0203,0.0568,0.0224,0.0230,0.0118,0.0408,0.0001,0.1819,0.3123,10928.204
213,H,Z,0.0747,0.0016,0.0006,0.0002,0.0010,0.0435,0.0199,0.0640,0.0248,0.0451,0.0005,0.0456,0.0002,0.2003,0.3256,10978.550
214,Z,H,0.0859,0.0016,0.0006,0.0003,0.0011,0.0455,0.0209,0.0668,0.0251,0.0241,0.0052,0.0428,0.0002,0.1859,0.3244,11028.899
215,H,Z,0.0791,0.0018,0.0006,0.0002,0.0011,0.0481,0.0313,0.0658,0.0299,0.0254,0.0085,0.0431,0.0002,0.2031,0.3385,11079.255
216,Z,H,0.0872,0.0017,0.0006,0.0003,0.0011,0.0492,0.0217,0.0566,0.0243,0.0266,0.0118,0.0378,0.0001,0.1811,0.3226,11129.594
217,H,Z,0.0900,0.0019,0.0007,0.0005,0.0013,0.0625,0.0295,0.0849,0.0338,0.0271,0.0008,0.0425,0.0002,0.2411,0.3800,11179.990
218,Z,H,0.0793,0.0020,0.0005,0.0002,0.0010,0.0534,0.0210,0.0648,0.0252,0.0233,0.0097,0.0260,0.0001,0.1900,0.3094,11230.315
219,H,Z,0.0809,0.0018,0.0007,0.0002,0.0009,0.0503,0.0219,0.0730,0.0237,0.0274,0.0008,0.0348,0.0001,0.1992,0.3203,11280.652
220,Z,H,0.0742,0.0015,0.0005,0.0002,0.0007,0.0431,0.0174,0.0498,0.0220,0.0212,0.0041,0.0429,0.0001,0.1563,0.2811,11330.957
221,H,Z,0.0920,0.0014,0.0005,0.0005,0.0011,0.0624,0.0231,0.0702,0.0269,0.0240,0.0089,0.0348,0.0001,0.2100,0.3503,11381.322
222,Z,H,0.0833,0.0015,0.0005,0.0004,0.0010,0.0455,0.0207,0.0519,0.0235,0.0220,0.0147,0.0348,0.0001,0.1664,0.3035,11431.646
223,H,Z,0.0932,0.0023,0.0008,0.0003,0.0017,0.0695,0.0232,0.0972,0.0445,0.0311,0.0120,0.0323,0.0002,0.2684,0.4172,11482.082
224,Z,H,0.0832,0.0017,0.0007,0.0003,0.0010,0.0484,0.0225,0.0647,0.0300,0.0393,0.0075,0.0383,0.0001,0.2076,0.3412,11532.438
225,H,Z,0.0757,0.0018,0.0005,0.0003,0.0011,0.0456,0.0206,0.0601,0.0236,0.0257,0.0074,0.0332,0.0001,0.1783,0.2990,11582.756
226,Z,H,0.0835,0.0016,0.0005,0.0003,0.0011,0.0525,0.0199,0.0580,0.0251,0.0254,0.0004,0.0284,0.0001,0.1832,0.2999,11633.069
227,H,Z,0.1090,0.0020,0.0005,0.0002,0.0016,0.0713,0.0243,0.0929,0.0500,0.0240,0.0110,0.0406,0.0001,0.2658,0.4319,11683.521
228,Z,H,0.0823,0.0020,0.0007,0.0004,0.0014,0.0625,0.0247,0.0704,0.0280,0.0253,0.0035,0.0314,0.0002,0.2142,0.3370,11733.874
229,H,Z,0.0750,0.0015,0.0007,0.0003,0.0008,0.0506,0.0193,0.0573,0.0264,0.0221,0.0105,0.0330,0.0001,0.1783,0.3012,11784.193
230,Z,H,0.0758,0.0015,0.0004,0.0003,0.0007,0.0438,0.0187,0.0531,0.0268,0.0280,0.0071,0.0315,0.0001,0.1728,0.2909,11834.504
231,H,Z,0.0804,0.0014,0.0005,0.0004,0.0008,0.0546,0.0194,0.0510,0.0278,0.0304,0.0039,0.0304,0.0001,0.1860,0.3047,11884.824
232,Z,H,0.0940,0.0023,0.0006,0.0003,0.0016,0.0710,0.0303,0.0954,0.0512,0.0342,0.0109,0.0327,0.0001,0.2853,0.4289,11935.269
233,H,Z,0.0774,0.0015,0.0006,0.0003,0.0009,0.0471,0.0206,0.0544,0.0287,0.0286,0.0105,0.0301,0.0001,0.1820,0.3042,11985.587
234,Z,H,0.0749,0.0018,0.0005,0.0003,0.0010,0.0466,0.0204,0.0599,0.0236,0.0318,0.0028,0.0234,0.0001,0.1850,0.2908,12035.899
235,H,Z,0.1112,0.0026,0.0007,0.0003,0.0015,0.0648,0.0759,0.0853,0.0297,0.0282,0.0040,0.0401,0.0004,0.2875,0.4495,12086.388
236,Z,H,0.0945,0.0017,0.0005,0.0004,0.0011,0.0481,0.0207,0.0630,0.0223,0.0238,0.0066,0.0319,0.0001,0.1809,0.3186,12136.727
237,H,Z,0.1024,0.0024,0.0007,0.0003,0.0016,0.0652,0.0260,0.0988,0.0509,0.0340,0.0092,0.0326,0.0001,0.2781,0.4283,12187.172
238,Z,H,0.1204,0.0025,0.0008,0.0005,0.0015,0.0642,0.0261,0.0883,0.0485,0.0261,0.0028,0.0359,0.0001,0.2572,0.4229,12237.613
239,H,Z,0.1045,0.0026,0.0006,0.0003,0.0015,0.0659,0.0256,0.1004,0.0469,0.0249,0.0108,0.0336,0.0002,0.2671,0.4222,12288.055
240,Z,H,0.0751,0.0013,0.0006,0.0003,0.0007,0.0492,0.0235,0.0584,0.0270,0.0322,0.0069,0.0342,0.0001,0.1929,0.3130,12338.384
241,H,Z,0.0743,0.0015,0.0006,0.0002,0.0011,0.0447,0.0198,0.0606,0.0203,0.0222,0.0037,0.0327,0.0001,0.1702,0.2852,12388.703
242,Z,H,0.0723,0.0016,0.0005,0.0003,0.0010,0.0483,0.0200,0.0483,0.0217,0.0245,0.0032,0.0339,0.0001,0.1655,0.2791,12438.999
243,H,Z,0.0987,0.0025,0.0006,0.0003,0.0015,0.0637,0.0383,0.0980,0.0540,0.0258,0.0125,0.0336,0.0003,0.2840,0.4352,12489.453
244,Z,H,0.1040,0.0018,0.0006,0.0004,0.0012,0.0653,0.0301,0.0669,0.0353,0.0222,0.0030,0.0319,0.0002,0.2221,0.3661,12539.837
245,H,Z,0.1106,0.0020,0.0006,0.0003,0.0015,0.0621,0.0242,0.0728,0.0328,0.0213,0.0147,0.0323,0.0001,0.2162,0.3795,12590.234
246,Z,H,0.0838,0.0015,0.0004,0.0003,0.0011,0.0474,0.0190,0.0484,0.0226,0.0294,0.0005,0.0308,0.0001,0.1695,0.2888,12640.537
247,H,Z,0.1002,0.0018,0.0006,0.0003,0.0011,0.0669,0.0248,0.0661,0.0311,0.0236,0.0083,0.0340,0.0001,0.2152,0.3625,12690.915
248,Z,H,0.0731,0.0015,0.0004,0.0002,0.0009,0.0442,0.0192,0.0542,0.0309,0.0282,0.0006,0.0376,0.0001,0.1792,0.2945,12741.227
249,H,Z,0.0905,0.0015,0.0005,0.0003,0.0013,0.0636,0.0238,0.0663,0.0279,0.0258,0.0006,0.0368,0.0002,0.2110,0.3438,12791.588
250,Z,H,0.0987,0.0022,0.0008,0.0003,0.0016,0.0635,0.0244,0.0955,0.0519,0.0238,0.0004,0.0331,0.0002,0.2623,0.4008,12842.008
251,H,Z,0.0689,0.0014,0.0005,0.0002,0.0006,0.0537,0.0175,0.0546,0.0224,0.0310,0.0005,0.0443,0.0000,0.1818,0.2992,12892.319
252,Z,H,0.0672,0.0013,0.0005,0.0001,0.0009,0.0448,0.0187,0.0557,0.0218,0.0300,0.0064,0.0288,0.0001,0.1736,0.2796,12942.616
253,H,Z,0.0744,0.0018,0.0007,0.0003,0.0010,0.0536,0.0205,0.0519,0.0260,0.0206,0.0032,0.0389,0.0001,0.1751,0.2961,12992.924
254,Z,H,0.1206,0.0028,0.0005,0.0003,0.0014,0.0643,0.0241,0.1580,0.0583,0.0289,0.0005,0.0328,0.0001,0.3378,0.4978,13043.443
255,H,Z,0.0924,0.0018,0.0006,0.0002,0.0009,0.0501,0.0193,0.0565,0.0228,0.0230,0.0036,0.0331,0.0001,0.1747,0.3082,13093.766
256,Z,H,0.1080,0.0024,0.0006,0.0003,0.0016,0.0687,0.0254,0.0988,0.0521,0.0277,0.0032,0.0305,0.0002,0.2759,0.4237,13144.207
257,H,Z,0.0985,0.0024,0.0007,0.0005,0.0016,0.0816,0.0256,0.0973,0.0417,0.0264,0.0082,0.0318,0.0001,0.2762,0.4208,13194.644
258,Z,H,0.0743,0.0014,0.0006,0.0002,0.0011,0.0439,0.0187,0.0535,0.0263,0.0210,0.0006,0.0301,0.0000,0.1661,0.2753,13244.936
259,H,Z,0.0742,0.0013,0.0005,0.0003,0.0009,0.0439,0.0197,0.0585,0.0246,0.0223,0.0075,0.0363,0.0001,0.1715,0.2934,13295.246
260,Z,H,0.1258,0.0028,0.0007,0.0005,0.0013,0.0626,0.0240,0.0925,0.0490,0.0285,0.0040,0.0340,0.0002,0.2595,0.4297,13345.691
261,H,Z,0.0888,0.0018,0.0005,0.0003,0.0015,0.0548,0.0216,0.0564,0.0295,0.0302,0.0035,0.0468,0.0002,0.1953,0.3397,13396.045
262,Z,H,0.0897,0.0023,0.0006,0.0003,0.0013,0.0671,0.0235,0.0814,0.0440,0.0328,0.0043,0.0296,0.0002,0.2518,0.3809,13446.442
263,H,Z,0.0971,0.0020,0.0007,0.0002,0.0009,0.0621,0.0227,0.0942,0.0466,0.0201,0.0087,0.0349,0.0001,0.2482,0.3937,13496.850
264,Z,H,0.1010,0.0021,0.0009,0.0004,0.0012,0.0776,0.0244,0.0978,0.0553,0.0294,0.0218,0.0385,0.0001,0.2924,0.4594,13547.324
265,H,Z,0.0947,0.0016,0.0007,0.0003,0.0011,0.0576,0.0190,0.0625,0.0235,0.0199,0.0082,0.0289,0.0001,0.1897,0.3262,13597.672
266,Z,H,0.1012,0.0022,0.0006,0.0003,0.0011,0.0649,0.0248,0.0973,0.0515,0.0333,0.0017,0.0369,0.0001,0.2751,0.4202,13648.118
267,H,Z,0.1005,0.0022,0.0005,0.0005,0.0011,0.0656,0.0240,0.1340,0.0344,0.0287,0.0005,0.0301,0.0001,0.2903,0.4270,13698.582
268,Z,H,0.0771,0.0017,0.0005,0.0002,0.0009,0.0479,0.0199,0.0578,0.0239,0.0279,0.0015,0.0303,0.0001,0.1801,0.2933,13748.892
269,H,Z,0.0893,0.0017,0.0004,0.0002,0.0012,0.0740,0.0216,0.0821,0.0507,0.0223,0.0090,0.0283,0.0002,0.2534,0.3849,13799.293
270,Z,H,0.0702,0.0014,0.0005,0.0002,0.0007,0.0460,0.0174,0.0522,0.0222,0.0285,0.0075,0.0275,0.0001,0.1687,0.2774,13849.583
271,H,Z,0.0978,0.0022,0.0006,0.0005,0.0012,0.0637,0.0242,0.0951,0.0451,0.0272,0.0005,0.0294,0.0001,0.2582,0.3915,13899.992
272,Z,H,0.0935,0.0015,0.0008,0.0002,0.0010,0.0645,0.0235,0.0713,0.0342,0.0198,0.0032,0.0325,0.0002,0.2164,0.3502,13950.359
273,H,Z,0.0698,0.0014,0.0004,0.0001,0.0008,0.0441,0.0168,0.0544,0.0207,0.0246,0.0004,0.0272,0.0002,0.1631,0.2642,14000.637
274,Z,H,0.0732,0.0013,0.0005,0.0003,0.0009,0.0465,0.0202,0.0661,0.0262,0.0269,0.0078,0.0292,0.0001,0.1884,0.3023,14050.955
275,H,Z,0.0906,0.0016,0.0005,0.0003,0.0010,0.0591,0.0218,0.0727,0.0371,0.0237,0.0078,0.0351,0.0002,0.2177,0.3555,14101.332
276,Z,H,0.0693,0.0015,0.0005,0.0001,0.0008,0.0438,0.0189,0.0536,0.0218,0.0215,0.0088,0.0303,0.0001,0.1623,0.2747,14151.621
277,H,Z,0.0769,0.0014,0.0004,0.0002,0.0008,0.0578,0.0186,0.0525,0.0267,0.0317,0.0004,0.0402,0.0002,0.1902,0.3115,14201.950
278,Z,H,0.0713,0.0016,0.0004,0.0001,0.0007,0.0442,0.0167,0.0492,0.0222,0.0240,0.0034,0.0269,0.0001,0.1588,0.2639,14252.226
279,H,Z,0.0789,0.0015,0.0005,0.0002,0.0008,0.0489,0.0193,0.0556,0.0234,0.0253,0.0069,0.0407,0.0001,0.1753,0.3057,14302.549
280,Z,H,0.0980,0.0024,0.0005,0.0004,0.0015,0.0626,0.0245,0.0937,0.0492,0.0270,0.0086,0.0367,0.0002,0.2603,0.4096,14352.977
281,H,Z,0.0870,0.0018,0.0006,0.0002,0.0013,0.0465,0.0228,0.0688,0.0298,0.0284,0.0006,0.0365,0.0001,0.1991,0.3281,14403.325
282,Z,H,0.0927,0.0015,0.0006,0.0003,0.0008,0.0515,0.0194,0.0575,0.0227,0.0226,0.0076,0.0363,0.0001,0.1764,0.3170,14453.657
283,H,Z,0.1024,0.0017,0.0008,0.0004,0.0017,0.0683,0.0259,0.1119,0.0440,0.0233,0.0069,0.0342,0.0003,0.2770,0.4262,14504.106
284,Z,H,0.1027,0.0018,0.0006,0.0002,0.0011,0.0788,0.0225,0.0897,0.0525,0.0251,0.0012,0.0296,0.0001,0.2715,0.4097,14554.529
285,H,Z,0.0796,0.0013,0.0003,0.0002,0.0006,0.0438,0.0189,0.0627,0.0251,0.0201,0.0068,0.0275,0.0001,0.1729,0.2899,14604.830
286,Z,H,0.0766,0.0014,0.0005,0.0002,0.0011,0.0537,0.0185,0.0597,0.0270,0.0225,0.0006,0.0306,0.0001,0.1845,0.2964,14655.143
287,H,Z,0.1012,0.0019,0.0003,0.0002,0.0010,0.0630,0.0213,0.0964,0.0430,0.0232,0.0071,0.0292,0.0001,0.2495,0.3914,14705.550
288,Z,H,0.0775,0.0017,0.0005,0.0002,0.0008,0.0441,0.0201,0.0564,0.0224,0.0258,0.0004,0.0274,0.0001,0.1714,0.2807,14755.849
289,H,Z,0.0718,0.0018,0.0004,0.0002,0.0009,0.0484,0.0181,0.0568,0.0216,0.0248,0.0004,0.0293,0.0001,0.1721,0.2776,14806.152
290,Z,H,0.1024,0.0027,0.0005,0.0003,0.0013,0.0669,0.0249,0.1001,0.0504,0.0290,0.0005,0.0349,0.0001,0.2748,0.4183,14856.595
291,H,Z,0.0860,0.0014,0.0005,0.0001,0.0008,0.0456,0.0197,0.0554,0.0222,0.0350,0.0079,0.0293,0.0001,0.1800,0.3068,14906.916
292,Z,H,0.0926,0.0023,0.0005,0.0002,0.0015,0.0623,0.0241,0.0897,0.0520,0.0231,0.0141,0.0319,0.0002,0.2545,0.3989,14957.332
293,H,Z,0.0807,0.0014,0.0004,0.0003,0.0008,0.0429,0.0180,0.0500,0.0265,0.0304,0.0084,0.0293,0.0001,0.1706,0.2927,15007.643
294,Z,H,0.0692,0.0012,0.0005,0.0004,0.0008,0.0452,0.0190,0.0534,0.0212,0.0261,0.0074,0.0302,0.0001,0.1674,0.2781,15057.940
295,H,Z,0.0996,0.0019,0.0008,0.0003,0.0012,0.0760,0.0257,0.0741,0.0330,0.0431,0.0027,0.0265,0.0002,0.2554,0.3898,15108.351
296,Z,H,0.0787,0.0017,0.0006,0.0003,0.0008,0.0444,0.0204,0.0654,0.0228,0.0232,0.0111,0.0299,0.0000,0.1787,0.3027,15158.669
297,H,Z,0.1087,0.0025,0.0006,0.0003,0.0018,0.0711,0.0355,0.0986,0.0477,0.0262,0.0077,0.0385,0.0001,0.2825,0.4437,15209.128
298,Z,H,0.1071,0.0016,0.0009,0.0004,0.0016,0.0724,0.0269,0.0735,0.0354,0.0294,0.0004,0.0299,0.0001,0.2410,0.3840,15259.535
299,H,Z,0.0816,0.0016,0.0005,0.0003,0.0011,0.0442,0.0200,0.0571,0.0240,0.0250,0.0074,0.0233,0.0001,0.1731,0.2898,15309.840
300,Z,H,0.0731,0.0016,0.0007,0.0003,0.0010,0.0463,0.0200,0.0566,0.0274,0.0259,0.0004,0.0373,0.0001,0.1791,0.2945,15360.153
301,H,Z,0.0822,0.0016,0.0006,0.0002,0.0009,0.0556,0.0204,0.0690,0.0245,0.0236,0.0064,0.0434,0.0001,0.1961,0.3324,15410.504
302,Z,H,0.0892,0.0016,0.0007,0.0003,0.0008,0.0457,0.0251,0.0689,0.0263,0.0257,0.0076,0.0354,0.0001,0.1944,0.3309,15460.853
303,H,Z,0.0663,0.0013,0.0005,0.0002,0.0007,0.0515,0.0195,0.0490,0.0265,0.0249,0.0045,0.0231,0.0001,0.1738,0.2713,15511.141
304,Z,H,0.0711,0.0011,0.0007,0.0002,0.0009,0.0544,0.0287,0.0530,0.0213,0.0245,0.0005,0.0207,0.0001,0.1843,0.2802,15561.437
305,H,Z,0.0750,0.0014,0.0006,0.0003,0.0009,0.0491,0.0192,0.0559,0.0245,0.0230,0.0022,0.0352,0.0001,0.1746,0.2912,15611.744
306,Z,H,0.0721,0.0015,0.0005,0.0002,0.0010,0.0446,0.0203,0.0598,0.0320,0.0342,0.0004,0.0307,0.0001,0.1933,0.3006,15662.060
307,H,Z,0.0708,0.0014,0.0006,0.0003,0.0008,0.0431,0.0222,0.0574,0.0250,0.0269,0.0004,0.0296,0.0001,0.1771,0.2818,15712.357
308,Z,H,0.0787,0.0012,0.0004,0.0002,0.0009,0.0436,0.0181,0.0539,0.0240,0.0262,0.0003,0.0257,0.0000,0.1677,0.2758,15762.649
309,H,Z,0.0976,0.0014,0.0006,0.0002,0.0010,0.0568,0.0204,0.0608,0.0303,0.0213,0.0087,0.0334,0.0001,0.1923,0.3360,15813.000
310,Z,H,0.0739,0.0015,0.0007,0.0002,0.0011,0.0444,0.0188,0.0601,0.0350,0.0268,0.0036,0.0306,0.0001,0.1878,0.3004,15863.315
311,H,Z,0.1068,0.0022,0.0006,0.0003,0.0016,0.0810,0.0254,0.0589,0.0299,0.0792,0.0032,0.0339,0.0001,0.2778,0.4274,15913.758
312,Z,H,0.0822,0.0017,0.0006,0.0002,0.0010,0.0478,0.0208,0.0590,0.0239,0.0272,0.0074,0.0333,0.0001,0.1817,0.3092,15964.089
313,H,Z,0.0966,0.0019,0.0006,0.0003,0.0013,0.0685,0.0222,0.0883,0.0490,0.0218,0.0004,0.0286,0.0000,0.2536,0.3844,16014.490
314,Z,H,0.1153,0.0024,0.0006,0.0003,0.0014,0.0696,0.0262,0.1000,0.0508,0.0311,0.0008,0.0337,0.0002,0.2816,0.4373,16064.947
315,H,Z,0.0830,0.0018,0.0009,0.0005,0.0011,0.0513,0.0217,0.0595,0.0257,0.0222,0.0136,0.0349,0.0002,0.1868,0.3240,16115.286
316,Z,H,0.1005,0.0028,0.0006,0.0003,0.0015,0.0667,0.0256,0.1028,0.0566,0.0247,0.0142,0.0363,0.0002,0.2791,0.4363,16165.740
317,H,Z,0.0865,0.0018,0.0006,0.0002,0.0011,0.0575,0.0201,0.0654,0.0268,0.0238,0.0074,0.0458,0.0002,0.1966,0.3411,16216.102
318,Z,H,0.1060,0.0025,0.0007,0.0003,0.0015,0.0657,0.0296,0.1012,0.0465,0.0233,0.0110,0.0278,0.0001,0.2691,0.4199,16266.536
319,H,Z,0.0794,0.0015,0.0007,0.0002,0.0009,0.0564,0.0191,0.0553,0.0238,0.0183,0.0082,0.0292,0.0001,0.1754,0.2965,16316.850
320,Z,H,0.0741,0.0018,0.0005,0.0003,0.0009,0.0477,0.0192,0.0583,0.0222,0.0208,0.0107,0.0297,0.0001,0.1706,0.2898,16367.155
321,H,Z,0.1089,0.0028,0.0006,0.0003,0.0016,0.0700,0.0312,0.0937,0.0473,0.0305,0.0032,0.0359,0.0001,0.2762,0.4306,16417.607
322,Z,H,0.0830,0.0018,0.0007,0.0003,0.0009,0.0570,0.0200,0.0569,0.0224,0.0277,0.0070,0.0380,0.0001,0.1863,0.3189,16467.947
323,H,Z,0.0788,0.0018,0.0006,0.0003,0.0009,0.0467,0.0208,0.0592,0.0278,0.0395,0.0135,0.0331,0.0001,0.1965,0.3264,16518.290
324,Z,H,0.0828,0.0018,0.0006,0.0002,0.0010,0.0465,0.0205,0.0582,0.0240,0.0292,0.0115,0.0326,0.0000,0.1810,0.3124,16568.619
325,H,Z,0.0775,0.0019,0.0005,0.0002,0.0010,0.0474,0.0310,0.0668,0.0291,0.0277,0.0004,0.0314,0.0001,0.2046,0.3183,16618.957
326,Z,H,0.1027,0.0026,0.0007,0.0004,0.0015,0.0663,0.0260,0.1153,0.0262,0.0306,0.0087,0.0291,0.0000,0.2680,0.4148,16669.392
327,H,Z,0.0879,0.0014,0.0007,0.0003,0.0011,0.0503,0.0211,0.0655,0.0283,0.0259,0.0005,0.0286,0.0001,0.1934,0.3149,16719.720
328,Z,H,0.0832,0.0017,0.0006,0.0003,0.0009,0.0474,0.0211,0.0567,0.0223,0.0282,0.0134,0.0308,0.0000,0.1780,0.3097,16770.045
329,H,Z,0.0729,0.0017,0.0005,0.0002,0.0010,0.0458,0.0195,0.0591,0.0310,0.0233,0.0094,0.0391,0.0001,0.1816,0.3070,16820.365
330,Z,H,0.0812,0.0010,0.0005,0.0003,0.0009,0.0453,0.0190,0.0574,0.0227,0.0233,0.0005,0.0395,0.0001,0.1705,0.2952,16870.684
331,H,Z,0.0741,0.0016,0.0005,0.0002,0.0008,0.0459,0.0186,0.0629,0.0243,0.0266,0.0147,0.0279,0.0000,0.1803,0.3008,16920.997
332,Z,H,0.0688,0.0016,0.0006,0.0002,0.0008,0.0415,0.0192,0.0556,0.0241,0.0428,0.0003,0.0389,0.0000,0.1852,0.2974,16971.342
333,H,Z,0.1079,0.0023,0.0005,0.0003,0.0015,0.0678,0.0253,0.0962,0.0485,0.0224,0.0004,0.0289,0.0001,0.2683,0.4112,17021.788
334,Z,H,0.0777,0.0015,0.0006,0.0002,0.0010,0.0500,0.0200,0.0631,0.0284,0.0284,0.0048,0.0318,0.0001,0.1931,0.3118,17072.115
335,H,Z,0.1056,0.0021,0.0006,0.0002,0.0015,0.0692,0.0241,0.0974,0.0506,0.0291,0.0005,0.0306,0.0001,0.2736,0.4157,17122.551
336,Z,H,0.0825,0.0016,0.0006,0.0003,0.0011,0.0460,0.0201,0.0614,0.0238,0.0348,0.0072,0.0390,0.0001,0.1888,0.3219,17172.890
337,H,Z,0.0662,0.0011,0.0005,0.0002,0.0007,0.0431,0.0177,0.0498,0.0225,0.0216,0.0107,0.0273,0.0001,0.1570,0.2642,17223.168
338,Z,H,0.0998,0.0023,0.0005,0.0003,0.0013,0.0718,0.0292,0.0950,0.0488,0.0238,0.0005,0.0320,0.0001,0.2717,0.4094,17273.594
339,H,Z,0.0811,0.0015,0.0008,0.0002,0.0010,0.0547,0.0199,0.0528,0.0251,0.0229,0.0005,0.0351,0.0001,0.1784,0.2996,17323.914
340,Z,H,0.0737,0.0012,0.0003,0.0002,0.0008,0.0437,0.0153,0.0570,0.0203,0.0232,0.0064,0.0291,0.0000,0.1617,0.2743,17374.211
341,H,Z,0.0703,0.0014,0.0004,0.0003,0.0008,0.0431,0.0175,0.0515,0.0245,0.0238,0.0036,0.0295,0.0002,0.1628,0.2699,17424.496
342,Z,H,0.0801,0.0013,0.0004,0.0002,0.0010,0.0478,0.0186,0.0519,0.0245,0.0258,0.0006,0.0322,0.0001,0.1713,0.2882,17474.801
343,H,Z,0.0919,0.0016,0.0008,0.0004,0.0012,0.0451,0.0187,0.0577,0.0273,0.0248,0.0004,0.0311,0.0002,0.1762,0.3046,17525.124
344,Z,H,0.0968,0.0023,0.0005,0.0004,0.0014,0.0639,0.0279,0.0866,0.0455,0.0239,0.0004,0.0287,0.0000,0.2503,0.3820,17575.523
345,H,Z,0.0727,0.0012,0.0007,0.0001,0.0007,0.0501,0.0164,0.0500,0.0260,0.0318,0.0073,0.0264,0.0001,0.1769,0.2869,17625.824
346,Z,H,0.0650,0.0011,0.0002,0.0001,0.0005,0.0411,0.0146,0.0447,0.0199,0.0185,0.0003,0.0238,0.0001,0.1409,0.2328,17676.068
347,H,Z,0.0706,0.0010,0.0004,0.0001,0.0005,0.0450,0.0192,0.0547,0.0278,0.0254,0.0038,0.0270,0.0001,0.1744,0.2786,17726.363
348,Z,H,0.0757,0.0019,0.0005,0.0002,0.0007,0.0480,0.0208,0.0564,0.0235,0.0244,0.0043,0.0336,0.0001,0.1760,0.2939,17776.671
349,H,Z,0.0879,0.0014,0.0005,0.0003,0.0008,0.0594,0.0185,0.0507,0.0274,0.0207,0.0033,0.0299,0.0001,0.1794,0.3044,17826.991
350,Z,H,0.1012,0.0015,0.0005,0.0002,0.0009,0.0498,0.0195,0.0625,0.0315,0.0225,0.0005,0.0325,0.0001,0.1885,0.3268,17877.341
351,H,Z,0.0747,0.0017,0.0005,0.0003,0.0011,0.0473,0.0217,0.0601,0.0295,0.0281,0.0004,0.0305,0.0001,0.1893,0.2995,17927.655
352,Z,H,0.0752,0.0016,0.0005,0.0002,0.0011,0.0442,0.0198,0.0585,0.0227,0.0222,0.0004,0.0317,0.0002,0.1702,0.2819,17977.951
353,H,Z,0.0761,0.0017,0.0005,0.0002,0.0008,0.0601,0.0205,0.0629,0.0282,0.0291,0.0007,0.0379,0.0001,0.2036,0.3223,18028.294
354,Z,H,0.0743,0.0015,0.0004,0.0004,0.0009,0.0480,0.0206,0.0565,0.0237,0.0292,0.0069,0.0315,0.0001,0.1814,0.2983,18078.609
355,H,Z,0.0734,0.0016,0.0006,0.0002,0.0009,0.0440,0.0193,0.0560,0.0239,0.0256,0.0004,0.0354,0.0001,0.1717,0.2856,18128.918
356,Z,H,0.0782,0.0018,0.0005,0.0003,0.0009,0.0463,0.0206,0.0566,0.0244,0.0237,0.0004,0.0260,0.0001,0.1745,0.2834,18179.218
357,H,Z,0.0823,0.0015,0.0008,0.0003,0.0008,0.0474,0.0211,0.0555,0.0315,0.0211,0.0097,0.0370,0.0002,0.1790,0.3127,18229.545
358,Z,H,0.0718,0.0016,0.0005,0.0002,0.0010,0.0563,0.0190,0.0530,0.0223,0.0241,0.0079,0.0303,0.0001,0.1774,0.2914,18279.851
359,H,Z,0.0720,0.0016,0.0008,0.0002,0.0008,0.0455,0.0192,0.0542,0.0241,0.0237,0.0071,0.0309,0.0000,0.1693,0.2837,18330.147
360,Z,H,0.1086,0.0016,0.0005,0.0001,0.0010,0.0724,0.0186,0.0578,0.0252,0.0222,0.0074,0.0298,0.0001,0.1983,0.3482,18380.509
361,H,Z,0.0858,0.0013,0.0005,0.0002,0.0007,0.0546,0.0190,0.0506,0.0298,0.0291,0.0071,0.0288,0.0001,0.1850,0.3103,18430.843
362,Z,H,0.0973,0.0017,0.0005,0.0003,0.0011,0.0484,0.0209,0.0530,0.0248,0.0263,0.0043,0.0323,0.0002,0.1763,0.3149,18481.174
363,H,Z,0.0800,0.0015,0.0006,0.0002,0.0008,0.0483,0.0191,0.0536,0.0233,0.0317,0.0026,0.0286,0.0001,0.1790,0.2944,18531.482
364,Z,H,0.0979,0.0020,0.0005,0.0002,0.0013,0.0734,0.0283,0.0952,0.0452,0.0226,0.0088,0.0461,0.0002,0.2674,0.4254,18581.925
365,H,Z,0.0764,0.0013,0.0005,0.0002,0.0007,0.0437,0.0176,0.0534,0.0233,0.0288,0.0004,0.0273,0.0001,0.1695,0.2772,18632.218
366,Z,H,0.1103,0.0020,0.0007,0.0002,0.0014,0.0706,0.0245,0.0763,0.0364,0.0237,0.0180,0.0323,0.0001,0.2347,0.4010,18682.638
367,H,Z,0.0751,0.0014,0.0005,0.0002,0.0007,0.0529,0.0187,0.0800,0.0238,0.0319,0.0087,0.0292,0.0001,0.2099,0.3264,18732.989
368,Z,H,0.1021,0.0019,0.0005,0.0003,0.0013,0.0606,0.0205,0.0840,0.0435,0.0242,0.0021,0.0269,0.0000,0.2355,0.3716,18783.389
369,H,Z,0.0725,0.0013,0.0005,0.0001,0.0006,0.0441,0.0182,0.0582,0.0255,0.0375,0.0003,0.0283,0.0000,0.1856,0.2904,18833.693
370,Z,H,0.0735,0.0012,0.0004,0.0001,0.0007,0.0441,0.0211,0.0451,0.0238,0.0278,0.0005,0.0257,0.0001,0.1640,0.2670,18883.975
371,H,Z,0.0623,0.0010,0.0005,0.0002,0.0009,0.0488,0.0173,0.0506,0.0232,0.0280,0.0074,0.0319,0.0001,0.1707,0.2758,18934.266
372,Z,H,0.0788,0.0013,0.0006,0.0002,0.0009,0.0460,0.0178,0.0589,0.0260,0.0223,0.0115,0.0302,0.0003,0.1735,0.2978,18984.578
373,H,Z,0.0748,0.0017,0.0007,0.0003,0.0009,0.0463,0.0210,0.0604,0.0247,0.0255,0.0073,0.0234,0.0001,0.1804,0.2905,19034.889
374,Z,H,0.0959,0.0018,0.0006,0.0002,0.0013,0.0618,0.0222,0.0928,0.0589,0.0275,0.0005,0.0476,0.0001,0.2663,0.4153,19085.321
375,H,Z,0.0861,0.0014,0.0006,0.0003,0.0009,0.0469,0.0209,0.0515,0.0241,0.0299,0.0084,0.0371,0.0001,0.1762,0.3124,19135.656
376,Z,H,0.0736,0.0017,0.0006,0.0002,0.0007,0.0452,0.0187,0.0574,0.0226,0.0292,0.0080,0.0312,0.0001,0.1759,0.2929,19185.964
377,H,Z,0.1263,0.0030,0.0010,0.0004,0.0019,0.5457,0.0279,0.0881,0.0444,0.0223,0.0035,0.0271,0.0001,0.7315,0.8958,19236.873
378,Z,H,0.0819,0.0017,0.0005,0.0003,0.0009,0.0487,0.0203,0.0599,0.0262,0.0292,0.0071,0.0327,0.0000,0.1869,0.3131,19287.209
379,H,Z,0.1678,0.0019,0.0005,0.0002,0.0008,0.0451,0.0190,0.0536,0.0277,0.0234,0.0098,0.0340,0.0001,0.1716,0.3874,19337.611
380,Z,H,0.0970,0.0017,0.0006,0.0003,0.0013,0.0486,0.0223,0.0675,0.0254,0.0278,0.0099,0.0412,0.0000,0.1945,0.3478,19387.975
381,H,Z,0.0827,0.0018,0.0006,0.0002,0.0011,0.0498,0.0303,0.0590,0.0289,0.0282,0.0004,0.0336,0.0001,0.1989,0.3202,19438.316
382,Z,H,0.0708,0.0014,0.0003,0.0001,0.0008,0.0460,0.0169,0.0478,0.0211,0.0259,0.0004,0.0269,0.0001,0.1601,0.2615,19488.591
383,H,Z,0.0875,0.0015,0.0006,0.0003,0.0012,0.0573,0.0228,0.0659,0.0307,0.0254,0.0003,0.0309,0.0001,0.2047,0.3282,19538.932
384,Z,H,0.0927,0.0017,0.0004,0.0002,0.0012,0.0625,0.0210,0.0924,0.0479,0.0221,0.0040,0.0257,0.0001,0.2490,0.3759,19589.326
385,H,Z,0.0732,0.0014,0.0006,0.0002,0.0009,0.0451,0.0179,0.0542,0.0226,0.0209,0.0010,0.0343,0.0001,0.1634,0.2759,19639.615
386,Z,H,0.0734,0.0012,0.0005,0.0001,0.0009,0.0435,0.0185,0.0575,0.0218,0.0193,0.0005,0.0282,0.0000,0.1632,0.2690,19689.897
387,H,Z,0.0704,0.0012,0.0004,0.0001,0.0007,0.0446,0.0174,0.0506,0.0217,0.0192,0.0110,0.0243,0.0000,0.1560,0.2649,19740.176
388,Z,H,0.0716,0.0012,0.0006,0.0001,0.0008,0.0458,0.0180,0.0528,0.0250,0.0224,0.0036,0.0278,0.0001,0.1665,0.2731,19790.465
389,H,Z,0.1109,0.0015,0.0005,0.0002,0.0010,0.0669,0.0172,0.0495,0.0255,0.0269,0.0036,0.0248,0.0000,0.1881,0.3313,19840.809
390,Z,H,0.0770,0.0014,0.0004,0.0002,0.0009,0.0497,0.0196,0.0571,0.0294,0.0241,0.0073,0.0282,0.0001,0.1828,0.2991,19891.123
391,H,Z,0.0711,0.0016,0.0005,0.0003,0.0008,0.0472,0.0191,0.0555,0.0265,0.0252,0.0004,0.0283,0.0001,0.1763,0.2800,19941.420
392,Z,H,0.0713,0.0013,0.0005,0.0002,0.0009,0.0422,0.0183,0.0510,0.0223,0.0220,0.0005,0.0299,0.0001,0.1583,0.2638,19991.703
393,H,Z,0.0717,0.0015,0.0006,0.0004,0.0009,0.0462,0.0196,0.0535,0.0236,0.0207,0.0090,0.0284,0.0000,0.1657,0.2793,20041.998
394,Z,H,0.0766,0.0013,0.0005,0.0001,0.0010,0.0448,0.0192,0.0559,0.0234,0.0281,0.0019,0.0339,0.0001,0.1752,0.2915,20092.305
395,H,Z,0.0804,0.0018,0.0005,0.0004,0.0011,0.0513,0.0219,0.0597,0.0254,0.0309,0.0008,0.0452,0.0001,0.1927,0.3240,20142.652
396,Z,H,0.0843,0.0019,0.0007,0.0003,0.0010,0.0555,0.0225,0.0655,0.0272,0.0319,0.0082,0.0265,0.0001,0.2052,0.3293,20193.003
397,H,Z,0.1297,0.0026,0.0006,0.0004,0.0021,0.0986,0.0276,0.1164,0.0555,0.0295,0.0174,0.0402,0.0002,0.3306,0.5248,20243.550
398,Z,H,0.0819,0.0016,0.0006,0.0002,0.0012,0.0570,0.0224,0.0621,0.0294,0.0270,0.0146,0.0251,0.0002,0.1999,0.3263,20293.891
399,H,Z,0.1120,0.0029,0.0007,0.0005,0.0018,0.0703,0.0292,0.1042,0.0615,0.0400,0.0030,0.0393,0.0002,0.3088,0.4702,20344.406
400,Z,H,0.1171,0.0021,0.0009,0.0004,0.0013,0.0614,0.0264,0.0667,0.0344,0.0314,0.0045,0.0300,0.0002,0.2234,0.3811,20394.809
401,H,Z,0.1146,0.0026,0.0009,0.0003,0.0017,0.0690,0.0266,0.0966,0.0566,0.0438,0.0089,0.0330,0.0000,0.2959,0.4589,20445.284
402,Z,H,0.1128,0.0028,0.0007,0.0003,0.0016,0.0709,0.0315,0.0987,0.0477,0.0382,0.0004,0.0434,0.0001,0.2906,0.4536,20495.761
403,H,Z,0.0987,0.0022,0.0006,0.0003,0.0014,0.0618,0.0251,0.0945,0.0454,0.0247,0.0097,0.0238,0.0001,0.2544,0.3920,20546.168
404,Z,H,0.1037,0.0019,0.0005,0.0003,0.0015,0.0668,0.0241,0.0988,0.0460,0.0245,0.0076,0.0302,0.0002,0.2631,0.4100,20596.596
405,H,Z,0.0892,0.0016,0.0006,0.0003,0.0011,0.0505,0.0244,0.0738,0.0271,0.0260,0.0004,0.0325,0.0001,0.2050,0.3318,20646.944
406,Z,H,0.0817,0.0018,0.0005,0.0002,0.0060,0.0581,0.0192,0.0519,0.0298,0.0266,0.0067,0.0438,0.0001,0.1887,0.3304,20697.291
407,H,Z,0.1061,0.0022,0.0005,0.0003,0.0016,0.0692,0.0312,0.1177,0.0464,0.0286,0.0007,0.0324,0.0002,0.2965,0.4415,20747.752
408,Z,H,0.0776,0.0017,0.0007,0.0001,0.0011,0.0518,0.0191,0.0596,0.0343,0.0245,0.0076,0.0319,0.0001,0.1921,0.3136,20798.083
409,H,Z,0.0724,0.0014,0.0004,0.0002,0.0010,0.0521,0.0187,0.0552,0.0298,0.0262,0.0078,0.0216,0.0001,0.1847,0.2902,20848.388
410,Z,H,0.0738,0.0017,0.0005,0.0002,0.0010,0.0449,0.0192,0.0566,0.0268,0.0219,0.0072,0.0327,0.0001,0.1721,0.2899,20898.696
411,H,Z,0.0844,0.0018,0.0006,0.0004,0.0008,0.0510,0.0219,0.0653,0.0286,0.0250,0.0077,0.0335,0.0001,0.1946,0.3247,20949.038
412,Z,H,0.0700,0.0013,0.0006,0.0002,0.0009,0.0436,0.0173,0.0561,0.0225,0.0208,0.0032,0.0294,0.0001,0.1627,0.2692,20999.322
413,H,Z,0.0741,0.0014,0.0005,0.0002,0.0008,0.0462,0.0208,0.0660,0.0205,0.0261,0.0128,0.0234,0.0002,0.1823,0.2965,21049.632
414,Z,H,0.0734,0.0014,0.0005,0.0003,0.0012,0.0439,0.0292,0.1289,0.0231,0.0296,0.0071,0.0244,0.0000,0.2572,0.3664,21100.019
415,H,Z,0.1016,0.0030,0.0008,0.0002,0.0016,0.0714,0.0258,0.1116,0.0572,0.0238,0.0004,0.0291,0.0001,0.2935,0.4312,21150.470
416,Z,H,0.0888,0.0017,0.0006,0.0003,0.0011,0.0479,0.0221,0.0642,0.0273,0.0289,0.0008,0.0350,0.0001,0.1932,0.3225,21200.819
417,H,Z,0.0930,0.0019,0.0007,0.0003,0.0013,0.0583,0.0218,0.0707,0.0310,0.0293,0.0075,0.0264,0.0001,0.2142,0.3465,21251.183
418,Z,H,0.0751,0.0017,0.0005,0.0003,0.0008,0.0534,0.0193,0.0669,0.0249,0.0243,0.0005,0.0293,0.0001,0.1919,0.3009,21301.497
419,H,Z,0.0768,0.0014,0.0006,0.0002,0.0008,0.0482,0.0189,0.0536,0.0291,0.0277,0.0006,0.0321,0.0001,0.1802,0.2939,21351.807
420,Z,H,0.0680,0.0011,0.0004,0.0003,0.0010,0.0513,0.0197,0.0534,0.0206,0.0222,0.0007,0.0218,0.0001,0.1697,0.2639,21402.086
421,H,Z,0.0706,0.0015,0.0005,0.0003,0.0009,0.0526,0.0201,0.0531,0.0248,0.0231,0.0004,0.0205,0.0001,0.1781,0.2736,21452.376
422,Z,H,0.0716,0.0014,0.0005,0.0002,0.0009,0.0443,0.0189,0.0605,0.0230,0.0267,0.0035,0.0284,0.0001,0.1762,0.2835,21502.673
423,H,Z,0.0712,0.0018,0.0006,0.0004,0.0009,0.0437,0.0198,0.0603,0.0201,0.0220,0.0003,0.0220,0.0000,0.1681,0.2661,21552.953
424,Z,H,0.0748,0.0012,0.0006,0.0003,0.0008,0.0459,0.0203,0.0576,0.0298,0.0257,0.0004,0.0228,0.0001,0.1818,0.2837,21603.251
425,H,Z,0.0781,0.0014,0.0004,0.0002,0.0008,0.0609,0.0199,0.0540,0.0263,0.0235,0.0004,0.0292,0.0000,0.1869,0.2981,21653.566
426,Z,H,0.0702,0.0013,0.0005,0.0002,0.0008,0.0458,0.0183,0.0574,0.0234,0.0292,0.0067,0.0258,0.0001,0.1770,0.2833,21703.868
427,H,Z,0.0761,0.0012,0.0005,0.0002,0.0008,0.0448,0.0180,0.0573,0.0236,0.0243,0.0007,0.0326,0.0001,0.1709,0.2837,21754.171
428,Z,H,0.0789,0.0016,0.0005,0.0002,0.0009,0.0446,0.0287,0.0648,0.0286,0.0261,0.0069,0.0344,0.0001,0.1961,0.3203,21804.515
429,H,Z,0.0969,0.0023,0.0005,0.0005,0.0012,0.0654,0.0243,0.0968,0.0458,0.0238,0.0022,0.0289,0.0001,0.2594,0.3929,21854.926
430,Z,H,0.0720,0.0015,0.0004,0.0001,0.0007,0.0438,0.0172,0.0529,0.0220,0.0252,0.0063,0.0305,0.0001,0.1635,0.2757,21905.218
431,H,Z,0.0674,0.0013,0.0006,0.0001,0.0008,0.0439,0.0180,0.0543,0.0200,0.0198,0.0068,0.0270,0.0001,0.1586,0.2636,21955.502
432,Z,H,0.0962,0.0020,0.0005,0.0002,0.0013,0.0619,0.0229,0.0914,0.0470,0.0219,0.0072,0.0264,0.0001,0.2482,0.3829,22005.900
433,H,Z,0.0767,0.0015,0.0004,0.0002,0.0011,0.0468,0.0210,0.0556,0.0240,0.0266,0.0085,0.0377,0.0001,0.1768,0.3038,22056.222
434,Z,H,0.0840,0.0014,0.0007,0.0002,0.0008,0.0488,0.0189,0.0566,0.0227,0.0246,0.0092,0.0298,0.0001,0.1745,0.3016,22106.541
435,H,Z,0.0791,0.0015,0.0005,0.0002,0.0009,0.0432,0.0185,0.0536,0.0229,0.0260,0.0003,0.0298,0.0001,0.1667,0.2799,22156.836
436,Z,H,0.0745,0.0013,0.0005,0.0003,0.0008,0.0448,0.0192,0.0508,0.0257,0.0223,0.0013,0.0243,0.0002,0.1656,0.2695,22207.118
437,H,Z,0.0649,0.0011,0.0003,0.0001,0.0007,0.0469,0.0168,0.0495,0.0218,0.0293,0.0067,0.0302,0.0001,0.1667,0.2716,22257.402
438,Z,H,0.0742,0.0014,0.0007,0.0002,0.0009,0.0463,0.0251,0.0565,0.0226,0.0277,0.0004,0.0282,0.0001,0.1804,0.2873,22307.704
439,H,Z,0.0701,0.0014,0.0005,0.0002,0.0009,0.0450,0.0238,0.0552,0.0190,0.0204,0.0078,0.0279,0.0000,0.1657,0.2752,22357.992
440,Z,H,0.1002,0.0014,0.0006,0.0003,0.0013,0.0700,0.0280,0.0634,0.0390,0.0250,0.0037,0.0314,0.0001,0.2288,0.3688,22408.382
441,H,Z,0.0723,0.0016,0.0005,0.0003,0.0009,0.0520,0.0194,0.0486,0.0225,0.0231,0.0004,0.0355,0.0001,0.1684,0.2807,22458.685
442,Z,H,0.0812,0.0013,0.0003,0.0002,0.0009,0.0561,0.0196,0.0528,0.0289,0.0199,0.0090,0.0229,0.0001,0.1797,0.2965,22508.995
443,H,Z,0.0881,0.0016,0.0005,0.0002,0.0012,0.0740,0.0253,0.0925,0.0547,0.0267,0.0004,0.0244,0.0001,0.2761,0.3935,22559.405
444,Z,H,0.0709,0.0012,0.0004,0.0002,0.0008,0.0449,0.0186,0.0492,0.0246,0.0279,0.0075,0.0288,0.0000,0.1678,0.2785,22609.698
445,H,Z,0.0863,0.0016,0.0006,0.0002,0.0010,0.0507,0.0192,0.0560,0.0232,0.0228,0.0076,0.0286,0.0001,0.1744,0.3010,22660.015
446,Z,H,0.0941,0.0013,0.0005,0.0002,0.0011,0.0532,0.0181,0.0648,0.0320,0.0261,0.0004,0.0313,0.0001,0.1966,0.3266,22710.357
447,H,Z,0.0710,0.0015,0.0005,0.0002,0.0009,0.0476,0.0194,0.0507,0.0233,0.0209,0.0030,0.0283,0.0001,0.1648,0.2713,22760.642
448,Z,H,0.0734,0.0014,0.0004,0.0002,0.0009,0.0501,0.0179,0.0577,0.0214,0.0353,0.0038,0.0276,0.0001,0.1853,0.2937,22810.954
449,H,Z,0.0781,0.0011,0.0004,0.0002,0.0007,0.0454,0.0167,0.0485,0.0210,0.0229,0.0004,0.0299,0.0001,0.1564,0.2680,22861.239
450,Z,H,0.0783,0.0010,0.0005,0.0002,0.0007,0.0513,0.0177,0.0476,0.0205,0.0289,0.0043,0.0314,0.0001,0.1681,0.2854,22911.577
451,H,Z,0.0708,0.0016,0.0005,0.0003,0.0010,0.0443,0.0201,0.0557,0.0226,0.0249,0.0004,0.0331,0.0001,0.1698,0.2786,22961.869
452,Z,H,0.1035,0.0017,0.0006,0.0002,0.0012,0.0643,0.0193,0.0763,0.0433,0.0227,0.0101,0.0221,0.0001,0.2282,0.3683,23012.277
453,H,Z,0.0725,0.0015,0.0005,0.0002,0.0010,0.0447,0.0200,0.0548,0.0240,0.0198,0.0105,0.0313,0.0000,0.1658,0.2843,23062.576
454,Z,H,0.0748,0.0014,0.0007,0.0002,0.0009,0.0437,0.0183,0.0516,0.0247,0.0242,0.0069,0.0276,0.0002,0.1649,0.2783,23112.869
455,H,Z,0.0767,0.0014,0.0005,0.0002,0.0010,0.0506,0.0206,0.0624,0.0246,0.0274,0.0025,0.0383,0.0001,0.1884,0.3097,23163.194
456,Z,H,0.0817,0.0017,0.0006,0.0002,0.0009,0.0494,0.0201,0.0542,0.0229,0.0278,0.0007,0.0354,0.0001,0.1773,0.2995,23213.514
457,H,Z,0.0769,0.0016,0.0006,0.0005,0.0009,0.0581,0.0189,0.0541,0.0257,0.0211,0.0079,0.0293,0.0001,0.1806,0.2995,23263.830
458,Z,H,0.0983,0.0019,0.0006,0.0002,0.0012,0.0471,0.0205,0.0675,0.0245,0.0206,0.0079,0.0394,0.0002,0.1829,0.3336,23314.183
459,H,Z,0.0792,0.0018,0.0006,0.0003,0.0009,0.0570,0.0194,0.0598,0.0279,0.0250,0.0003,0.0207,0.0001,0.1915,0.2963,23364.493
460,Z,H,0.0748,0.0015,0.0005,0.0003,0.0007,0.0482,0.0190,0.0552,0.0279,0.0380,0.0088,0.0466,0.0001,0.1914,0.3256,23414.832
461,H,Z,0.0868,0.0015,0.0005,0.0002,0.0011,0.0530,0.0199,0.0503,0.0234,0.0230,0.0098,0.0304,0.0001,0.1723,0.3034,23465.152
462,Z,H,0.1025,0.0018,0.0005,0.0002,0.0012,0.0514,0.0254,0.0597,0.0266,0.0402,0.0006,0.0333,0.0001,0.2063,0.3472,23515.523
463,H,Z,0.0840,0.0014,0.0007,0.0002,0.0010,0.0475,0.0200,0.0536,0.0261,0.0248,0.0029,0.0363,0.0001,0.1746,0.3021,23565.847
464,Z,H,0.0848,0.0015,0.0006,0.0001,0.0010,0.0526,0.0197,0.0560,0.0223,0.0282,0.0042,0.0284,0.0000,0.1810,0.3024,23616.167
465,H,Z,0.0999,0.0014,0.0006,0.0002,0.0014,0.0544,0.0195,0.0664,0.0298,0.0247,0.0007,0.0299,0.0001,0.1978,0.3332,23666.542
466,Z,H,0.0752,0.0014,0.0005,0.0002,0.0008,0.0508,0.0201,0.0581,0.0237,0.0244,0.0073,0.0311,0.0002,0.1798,0.2974,23716.863
467,H,Z,0.0842,0.0011,0.0006,0.0001,0.0007,0.0447,0.0174,0.0473,0.0217,0.0218,0.0006,0.0382,0.0001,0.1553,0.2818,23767.163
468,Z,H,0.0879,0.0018,0.0005,0.0003,0.0011,0.0596,0.0232,0.0667,0.0297,0.0213,0.0094,0.0276,0.0001,0.2031,0.3327,23817.510
469,H,Z,0.0707,0.0012,0.0004,0.0001,0.0008,0.0444,0.0174,0.0516,0.0217,0.0230,0.0004,0.0227,0.0001,0.1606,0.2577,23867.781
470,Z,H,0.0712,0.0010,0.0004,0.0001,0.0006,0.0423,0.0156,0.0464,0.0194,0.0184,0.0084,0.0234,0.0001,0.1443,0.2503,23918.044
471,H,Z,0.0770,0.0015,0.0006,0.0002,0.0012,0.0678,0.0232,0.0750,0.0311,0.0222,0.0035,0.0293,0.0001,0.2222,0.3363,23968.397
472,Z,H,0.0887,0.0018,0.0006,0.0001,0.0011,0.0632,0.0210,0.0865,0.0487,0.0222,0.0034,0.0290,0.0001,0.2442,0.3699,24018.783
473,H,Z,0.0782,0.0016,0.0005,0.0003,0.0009,0.0458,0.0187,0.0522,0.0262,0.0318,0.0044,0.0300,0.0000,0.1769,0.2936,24069.098
474,Z,H,0.0907,0.0015,0.0006,0.0003,0.0010,0.0571,0.0206,0.0623,0.0278,0.0301,0.0004,0.0289,0.0001,0.2003,0.3245,24119.435
475,H,Z,0.0914,0.0018,0.0006,0.0003,0.0009,0.0475,0.0198,0.0591,0.0233,0.0231,0.0023,0.0413,0.0000,0.1754,0.3148,24169.778
476,Z,H,0.0797,0.0014,0.0004,0.0002,0.0010,0.0435,0.0171,0.0495,0.0218,0.0214,0.0015,0.0326,0.0000,0.1557,0.2732,24220.068
477,H,Z,0.0732,0.0013,0.0004,0.0001,0.0007,0.0432,0.0185,0.0547,0.0217,0.0244,0.0034,0.0311,0.0001,0.1650,0.2760,24270.369
478,Z,H,0.0805,0.0013,0.0006,0.0001,0.0009,0.0454,0.0190,0.0535,0.0206,0.0208,0.0071,0.0285,0.0001,0.1615,0.2816,24320.666
479,H,Z,0.0782,0.0015,0.0004,0.0002,0.0011,0.0499,0.0196,0.0558,0.0226,0.0307,0.0006,0.0257,0.0001,0.1813,0.2899,24370.971
480,Z,H,0.0713,0.0014,0.0005,0.0003,0.0008,0.0524,0.0183,0.0552,0.0286,0.0259,0.0004,0.0282,0.0001,0.1828,0.2865,24421.272
481,H,Z,0.0998,0.0027,0.0006,0.0003,0.0016,0.0858,0.0324,0.0926,0.0497,0.0371,0.0141,0.0352,0.0003,0.3005,0.4563,24471.788
482,Z,H,0.0950,0.0016,0.0006,0.0001,0.0010,0.0642,0.0229,0.0826,0.0457,0.0242,0.0037,0.0283,0.0002,0.2431,0.3745,24522.176
483,H,Z,0.0757,0.0014,0.0005,0.0001,0.0008,0.0606,0.0293,0.0566,0.0308,0.0248,0.0099,0.0287,0.0001,0.2048,0.3233,24572.520
484,Z,H,0.0831,0.0013,0.0006,0.0002,0.0007,0.0506,0.0195,0.0555,0.0272,0.0207,0.0073,0.0285,0.0000,0.1760,0.2984,24622.833
485,H,Z,0.0845,0.0014,0.0007,0.0001,0.0010,0.0474,0.0182,0.0517,0.0224,0.0236,0.0004,0.0291,0.0001,0.1659,0.2843,24673.134
486,Z,H,0.1014,0.0015,0.0005,0.0003,0.0009,0.0645,0.0212,0.0747,0.0292,0.0231,0.0043,0.0273,0.0001,0.2155,0.3529,24723.503
487,H,Z,0.0998,0.0018,0.0005,0.0002,0.0010,0.0729,0.0261,0.0713,0.0372,0.0243,0.0005,0.0323,0.0001,0.2356,0.3731,24773.894
488,Z,H,0.0661,0.0011,0.0005,0.0001,0.0007,0.0445,0.0167,0.0500,0.0219,0.0210,0.0004,0.0250,0.0001,0.1565,0.2511,24824.158
489,H,Z,0.0878,0.0011,0.0007,0.0001,0.0008,0.0626,0.0206,0.0616,0.0299,0.0198,0.0083,0.0212,0.0001,0.1975,0.3184,24874.494
490,Z,H,0.1254,0.0021,0.0005,0.0001,0.0012,0.0666,0.0212,0.0833,0.0425,0.0258,0.0026,0.0257,0.0001,0.2417,0.4002,24924.909
491,H,Z,0.0695,0.0015,0.0005,0.0002,0.0007,0.0480,0.0185,0.0547,0.0225,0.0282,0.0003,0.0210,0.0001,0.1739,0.2685,24975.192
492,Z,H,0.1162,0.0020,0.0007,0.0003,0.0012,0.0673,0.0243,0.0623,0.0330,0.0286,0.0007,0.0437,0.0001,0.2187,0.3845,25025.593
493,H,Z,0.0725,0.0012,0.0007,0.0003,0.0010,0.0526,0.0206,0.0573,0.0277,0.0319,0.0036,0.0299,0.0001,0.1931,0.3031,25075.911
494,Z,H,0.0949,0.0021,0.0005,0.0004,0.0014,0.0633,0.0313,0.0979,0.0500,0.0243,0.0083,0.0410,0.0001,0.2699,0.4198,25126.348
495,H,Z,0.1033,0.0026,0.0006,0.0005,0.0017,0.0694,0.0282,0.0924,0.0507,0.0287,0.0005,0.0233,0.0001,0.2725,0.4059,25176.777
496,Z,H,0.0910,0.0017,0.0008,0.0003,0.0010,0.0551,0.0212,0.0607,0.0236,0.0303,0.0160,0.0311,0.0001,0.1942,0.3371,25227.132
497,H,Z,0.1097,0.0019,0.0007,0.0004,0.0013,0.0735,0.0283,0.0860,0.0306,0.0246,0.0004,0.0387,0.0002,0.2463,0.4007,25277.550
498,Z,H,0.1053,0.0018,0.0005,0.0004,0.0014,0.0555,0.0225,0.0693,0.0259,0.0240,0.0003,0.0270,0.0001,0.1999,0.3379,25327.901
499,H,Z,0.0874,0.0018,0.0007,0.0002,0.0013,0.0587,0.0281,0.0683,0.0275,0.0416,0.0077,0.0337,0.0001,0.2270,0.3608,25378.279
500,Z,H,0.0886,0.0019,0.0006,0.0003,0.0010,0.0483,0.0227,0.0605,0.0251,0.0312,0.0021,0.0414,0.0001,0.1906,0.3278,25428.629
501,H,Z,0.1050,0.0026,0.0008,0.0003,0.0018,0.0716,0.0316,0.1021,0.0517,0.0319,0.0037,0.0250,0.0002,0.2924,0.4327,25479.081
502,Z,H,0.1065,0.0025,0.0007,0.0003,0.0069,0.0686,0.0347,0.1002,0.0534,0.0266,0.0004,0.0361,0.0002,0.2868,0.4416,25529.542
503,H,Z,0.0799,0.0017,0.0007,0.0002,0.0013,0.0528,0.0194,0.0579,0.0243,0.0228,0.0077,0.0234,0.0001,0.1798,0.2958,25579.854
504,Z,H,0.0827,0.0016,0.0004,0.0001,0.0009,0.0579,0.0176,0.0486,0.0212,0.0237,0.0036,0.0329,0.0001,0.1716,0.2949,25630.164
505,H,Z,0.0774,0.0015,0.0006,0.0002,0.0009,0.0537,0.0201,0.0626,0.0223,0.0230,0.0003,0.0289,0.0002,0.1838,0.2947,25680.471
506,Z,H,0.0713,0.0015,0.0007,0.0001,0.0009,0.0494,0.0178,0.0535,0.0258,0.0208,0.0023,0.0261,0.0001,0.1696,0.2734,25730.758
507,H,Z,0.0769,0.0016,0.0007,0.0003,0.0010,0.0466,0.0202,0.0560,0.0311,0.0208,0.0073,0.0290,0.0001,0.1777,0.2954,25781.069
508,Z,H,0.0692,0.0015,0.0005,0.0001,0.0007,0.0470,0.0213,0.0555,0.0250,0.0235,0.0034,0.0253,0.0001,0.1754,0.2766,25831.361
509,H,Z,0.0881,0.0015,0.0005,0.0002,0.0009,0.0488,0.0187,0.0529,0.0249,0.0244,0.0006,0.0315,0.0001,0.1730,0.2972,25881.677
510,Z,H,0.0961,0.0020,0.0006,0.0002,0.0012,0.0498,0.0184,0.0566,0.0212,0.0219,0.0004,0.0264,0.0001,0.1707,0.2984,25931.999
511,H,Z,0.0707,0.0013,0.0005,0.0002,0.0009,0.0457,0.0181,0.0546,0.0251,0.0202,0.0048,0.0212,0.0001,0.1663,0.2669,25982.280
512,Z,H,0.0949,0.0019,0.0006,0.0002,0.0010,0.0504,0.0226,0.0622,0.0232,0.0257,0.0004,0.0367,0.0001,0.1875,0.3244,26032.624
513,H,Z,0.0866,0.0014,0.0006,0.0004,0.0010,0.0475,0.0245,0.0572,0.0242,0.0307,0.0007,0.0366,0.0001,0.1871,0.3154,26082.957
514,Z,H,0.0798,0.0017,0.0006,0.0004,0.0011,0.0491,0.0207,0.0623,0.0310,0.0260,0.0003,0.0345,0.0000,0.1914,0.3106,26133.281
515,H,Z,0.1178,0.0025,0.0008,0.0003,0.0014,0.0721,0.0277,0.0909,0.0547,0.0272,0.0005,0.0321,0.0001,0.2753,0.4318,26183.731
516,Z,H,0.0798,0.0016,0.0005,0.0002,0.0012,0.0465,0.0238,0.0665,0.0269,0.0271,0.0084,0.0277,0.0001,0.1934,0.3136,26234.060
517,H,Z,0.0837,0.0014,0.0006,0.0002,0.0009,0.0455,0.0230,0.0587,0.0282,0.0275,0.0122,0.0319,0.0001,0.1855,0.3174,26284.391
518,Z,H,0.0782,0.0016,0.0005,0.0003,0.0009,0.0446,0.0204,0.0592,0.0256,0.0248,0.0087,0.0454,0.0000,0.1771,0.3135,26334.723
519,H,Z,0.0716,0.0014,0.0004,0.0003,0.0007,0.0432,0.0183,0.0515,0.0216,0.0220,0.0029,0.0255,0.0001,0.1598,0.2636,26385.006
520,Z,H,0.0793,0.0013,0.0005,0.0002,0.0009,0.0457,0.0258,0.0535,0.0258,0.0224,0.0003,0.0292,0.0001,0.1755,0.2883,26435.312
521,H,Z,0.1049,0.0025,0.0005,0.0003,0.0016,0.0766,0.0246,0.0985,0.0424,0.0255,0.0004,0.0338,0.0001,0.2708,0.4251,26485.751
522,Z,H,0.0970,0.0017,0.0007,0.0002,0.0011,0.0679,0.0210,0.0690,0.0302,0.0222,0.0006,0.0274,0.0001,0.2147,0.3446,26536.111
523,H,Z,0.0690,0.0014,0.0005,0.0003,0.0007,0.0455,0.0193,0.0623,0.0278,0.0219,0.0171,0.0311,0.0001,0.1797,0.3007,26586.431
524,Z,H,0.1071,0.0022,0.0006,0.0003,0.0013,0.0655,0.0224,0.0996,0.0443,0.0222,0.0031,0.0387,0.0002,0.2572,0.4116,26636.865
525,H,Z,0.0762,0.0013,0.0005,0.0002,0.0008,0.0465,0.0196,0.0676,0.0297,0.0243,0.0005,0.0343,0.0001,0.1902,0.3048,26687.188
526,Z,H,0.0727,0.0014,0.0004,0.0003,0.0010,0.0477,0.0200,0.0587,0.0226,0.0250,0.0100,0.0273,0.0001,0.1764,0.2905,26737.496
527,H,Z,0.0762,0.0016,0.0004,0.0003,0.0009,0.0434,0.0195,0.0542,0.0222,0.0423,0.0004,0.0274,0.0000,0.1836,0.2914,26787.806
528,Z,H,0.0892,0.0014,0.0006,0.0002,0.0010,0.0571,0.0221,0.0608,0.0315,0.0210,0.0032,0.0289,0.0001,0.1957,0.3209,26838.138
529,H,Z,0.0705,0.0015,0.0005,0.0002,0.0010,0.0547,0.0188,0.0608,0.0229,0.0296,0.0041,0.0267,0.0002,0.1890,0.2945,26888.448
530,Z,H,0.1179,0.0023,0.0005,0.0003,0.0017,0.0729,0.0243,0.0915,0.0455,0.0256,0.0012,0.0216,0.0001,0.2638,0.4108,26938.874
531,H,Z,0.0854,0.0014,0.0005,0.0003,0.0010,0.0447,0.0201,0.0525,0.0267,0.0225,0.0067,0.0306,0.0001,0.1689,0.2959,26989.209
532,Z,H,0.0750,0.0013,0.0007,0.0002,0.0013,0.0464,0.0204,0.0661,0.0223,0.0299,0.0005,0.0354,0.0001,0.1877,0.3030,27039.529
533,H,Z,0.0734,0.0011,0.0006,0.0002,0.0008,0.0462,0.0180,0.0519,0.0241,0.0223,0.0027,0.0269,0.0001,0.1649,0.2713,27089.813
534,Z,H,0.0766,0.0014,0.0008,0.0004,0.0010,0.0483,0.0212,0.0555,0.0263,0.0270,0.0005,0.0341,0.0001,0.1812,0.2970,27140.127
535,H,Z,0.1041,0.0023,0.0009,0.0003,0.0016,0.0681,0.0262,0.1023,0.0488,0.0279,0.0097,0.0349,0.0001,0.2765,0.4313,27190.575
536,Z,H,0.0718,0.0013,0.0006,0.0002,0.0009,0.0463,0.0180,0.0539,0.0224,0.0205,0.0039,0.0200,0.0001,0.1639,0.2636,27240.855
537,H,Z,0.0756,0.0015,0.0005,0.0003,0.0007,0.0434,0.0201,0.0573,0.0266,0.0207,0.0003,0.0298,0.0000,0.1705,0.2799,27291.149
538,Z,H,0.0760,0.0014,0.0004,0.0002,0.0010,0.0426,0.0179,0.0615,0.0257,0.0232,0.0003,0.0270,0.0000,0.1730,0.2800,27341.441
539,H,Z,0.0829,0.0017,0.0005,0.0003,0.0014,0.0557,0.0207,0.0685,0.0302,0.0226,0.0075,0.0368,0.0001,0.2009,0.3333,27391.788
540,Z,H,0.0868,0.0021,0.0008,0.0003,0.0012,0.0624,0.0227,0.0614,0.0304,0.0281,0.0004,0.0225,0.0002,0.2083,0.3234,27442.127
541,H,Z,0.1282,0.0031,0.0006,0.0005,0.0015,0.0755,0.0271,0.0965,0.0510,0.0311,0.0140,0.0258,0.0001,0.2843,0.4591,27492.613
542,Z,H,0.0726,0.0014,0.0006,0.0002,0.0008,0.0549,0.0190,0.0492,0.0215,0.0211,0.0004,0.0305,0.0001,0.1682,0.2753,27542.908
543,H,Z,0.0722,0.0012,0.0005,0.0001,0.0008,0.0559,0.0172,0.0501,0.0230,0.0233,0.0037,0.0307,0.0001,0.1730,0.2830,27593.216
544,Z,H,0.0782,0.0012,0.0005,0.0002,0.0009,0.0467,0.0185,0.0522,0.0224,0.0241,0.0073,0.0257,0.0001,0.1664,0.2813,27643.513
545,H,Z,0.0797,0.0013,0.0006,0.0002,0.0010,0.0507,0.0175,0.0606,0.0264,0.0212,0.0003,0.0186,0.0001,0.1789,0.2813,27693.806
546,Z,H,0.0922,0.0016,0.0005,0.0002,0.0012,0.0604,0.0231,0.0863,0.0432,0.0230,0.0038,0.0286,0.0001,0.2389,0.3680,27744.187
547,H,Z,0.0711,0.0011,0.0006,0.0002,0.0010,0.0443,0.0181,0.0519,0.0228,0.0223,0.0041,0.0279,0.0001,0.1620,0.2689,27794.474
548,Z,H,0.0636,0.0010,0.0004,0.0001,0.0007,0.0414,0.0159,0.0447,0.0203,0.0225,0.0004,0.0258,0.0001,0.1470,0.2400,27844.729
549,H,Z,0.0632,0.0012,0.0003,0.0001,0.0005,0.0529,0.0150,0.0482,0.0211,0.0243,0.0021,0.0273,0.0000,0.1639,0.2594,27895.002
550,Z,H,0.0683,0.0015,0.0004,0.0002,0.0007,0.0440,0.0195,0.0568,0.0299,0.0244,0.0006,0.0319,0.0001,0.1772,0.2817,27945.307
551,H,Z,0.0722,0.0016,0.0005,0.0002,0.0011,0.0463,0.0178,0.0549,0.0235,0.0217,0.0004,0.0271,0.0002,0.1671,0.2710,27995.595
552,Z,H,0.0873,0.0013,0.0006,0.0003,0.0012,0.0593,0.0297,0.0572,0.0247,0.0231,0.0079,0.0301,0.0001,0.1973,0.3269,28045.939
553,H,Z,0.0931,0.0019,0.0007,0.0003,0.0010,0.0474,0.0202,0.0547,0.0321,0.0318,0.0068,0.0367,0.0001,0.1889,0.3304,28096.283
554,Z,H,0.0810,0.0016,0.0007,0.0003,0.0012,0.0516,0.0204,0.0550,0.0229,0.0218,0.0015,0.0335,0.0001,0.1745,0.2953,28146.592
555,H,Z,0.1147,0.0031,0.0009,0.0004,0.0015,0.0665,0.0313,0.1025,0.0491,0.0380,0.0095,0.0321,0.0001,0.2907,0.4542,28197.074
556,Z,H,0.0749,0.0013,0.0004,0.0001,0.0010,0.0505,0.0194,0.0532,0.0257,0.0324,0.0151,0.0253,0.0001,0.1836,0.3025,28247.392
557,H,Z,0.1057,0.0019,0.0007,0.0002,0.0012,0.0759,0.0196,0.0756,0.0364,0.0240,0.0079,0.0434,0.0002,0.2343,0.3963,28297.806
558,Z,H,0.1069,0.0019,0.0005,0.0002,0.0009,0.0561,0.0192,0.0583,0.0234,0.0221,0.0029,0.0349,0.0001,0.1818,0.3312,28348.155
559,H,Z,0.1053,0.0073,0.0007,0.0003,0.0015,0.0770,0.0253,0.1025,0.0527,0.0576,0.0008,0.0353,0.0002,0.3183,0.4708,28398.647
560,Z,H,0.0960,0.0015,0.0005,0.0003,0.0012,0.0483,0.0221,0.0531,0.0292,0.0229,0.0032,0.0317,0.0001,0.1785,0.3138,28448.985
561,H,Z,0.0809,0.0017,0.0005,0.0001,0.0010,0.0490,0.0196,0.0548,0.0258,0.0270,0.0087,0.0319,0.0001,0.1784,0.3041,28499.302
562,Z,H,0.0720,0.0013,0.0005,0.0001,0.0008,0.0436,0.0170,0.0498,0.0220,0.0215,0.0097,0.0262,0.0000,0.1563,0.2677,28549.582
563,H,Z,0.0938,0.0015,0.0006,0.0002,0.0011,0.0485,0.0208,0.0650,0.0277,0.0256,0.0165,0.0318,0.0000,0.1900,0.3366,28599.937
564,Z,H,0.0822,0.0017,0.0007,0.0003,0.0012,0.0481,0.0219,0.0644,0.0249,0.0289,0.0082,0.0367,0.0001,0.1909,0.3228,28650.274
565,H,Z,0.0854,0.0017,0.0005,0.0003,0.0012,0.0461,0.0201,0.0583,0.0288,0.0366,0.0003,0.0365,0.0002,0.1922,0.3189,28700.607
566,Z,H,0.0688,0.0012,0.0004,0.0002,0.0007,0.0437,0.0164,0.0501,0.0220,0.0222,0.0003,0.0272,0.0001,0.1569,0.2567,28750.877
567,H,Z,0.0675,0.0012,0.0005,0.0002,0.0008,0.0414,0.0176,0.0505,0.0215,0.0310,0.0031,0.0271,0.0001,0.1647,0.2659,28801.160
568,Z,H,0.0867,0.0015,0.0005,0.0001,0.0011,0.0627,0.0293,0.0599,0.0289,0.0192,0.0070,0.0255,0.0001,0.2025,0.3257,28851.502
569,H,Z,0.1062,0.0017,0.0006,0.0002,0.0009,0.0480,0.0179,0.0516,0.0219,0.0250,0.0004,0.0323,0.0001,0.1668,0.3105,28901.829
570,Z,H,0.0943,0.0021,0.0006,0.0004,0.0016,0.0652,0.0241,0.0913,0.0459,0.0276,0.0135,0.0328,0.0002,0.2571,0.4037,28952.251
571,H,Z,0.1133,0.0023,0.0006,0.0003,0.0013,0.0676,0.0245,0.0871,0.0455,0.0303,0.0066,0.0337,0.0002,0.2580,0.4175,29002.689
572,Z,H,0.0868,0.0016,0.0006,0.0003,0.0011,0.0474,0.0202,0.0515,0.0317,0.0249,0.0035,0.0286,0.0002,0.1781,0.3017,29053.005
573,H,Z,0.0703,0.0011,0.0005,0.0002,0.0009,0.0545,0.0181,0.0536,0.0251,0.0217,0.0080,0.0364,0.0001,0.1754,0.2936,29103.317
574,Z,H,0.0781,0.0014,0.0004,0.0002,0.0010,0.0468,0.0189,0.0650,0.0288,0.0243,0.0110,0.0373,0.0001,0.1862,0.3165,29153.651
575,H,Z,0.0721,0.0016,0.0006,0.0003,0.0009,0.0572,0.0182,0.0520,0.0207,0.0293,0.0064,0.0314,0.0001,0.1795,0.2936,29203.965
576,Z,H,0.0707,0.0010,0.0005,0.0002,0.0008,0.0439,0.0177,0.0482,0.0240,0.0298,0.0003,0.0275,0.0001,0.1658,0.2677,29254.245
577,H,Z,0.0993,0.0018,0.0006,0.0003,0.0011,0.0640,0.0247,0.0799,0.0291,0.0239,0.0084,0.0376,0.0002,0.2253,0.3758,29304.638
578,Z,H,0.0973,0.0014,0.0006,0.0001,0.0011,0.0461,0.0191,0.0554,0.0273,0.0341,0.0006,0.0423,0.0001,0.1847,0.3300,29354.989
579,H,Z,0.0810,0.0012,0.0005,0.0001,0.0012,0.0444,0.0191,0.0498,0.0275,0.0207,0.0032,0.0292,0.0001,0.1637,0.2810,29405.286
580,Z,H,0.0975,0.0025,0.0008,0.0004,0.0014,0.0673,0.0264,0.0970,0.0490,0.0345,0.0040,0.0301,0.0001,0.2827,0.4203,29455.735
581,H,Z,0.0759,0.0012,0.0004,0.0001,0.0009,0.0500,0.0181,0.0533,0.0238,0.0217,0.0080,0.0368,0.0001,0.1692,0.2934,29506.046
582,Z,H,0.0672,0.0011,0.0004,0.0001,0.0007,0.0557,0.0160,0.0453,0.0256,0.0199,0.0032,0.0269,0.0001,0.1647,0.2651,29556.354
583,H,Z,0.0861,0.0014,0.0004,0.0001,0.0008,0.0464,0.0178,0.0522,0.0217,0.0293,0.0003,0.0319,0.0001,0.1744,0.2963,29606.663
584,Z,H,0.0776,0.0015,0.0005,0.0003,0.0009,0.0442,0.0232,0.0500,0.0242,0.0230,0.0004,0.0383,0.0001,0.1669,0.2873,29656.966
585,H,Z,0.0931,0.0020,0.0008,0.0003,0.0010,0.0624,0.0217,0.0953,0.0444,0.0249,0.0082,0.0334,0.0001,0.2512,0.3911,29707.371
586,Z,H,0.0728,0.0013,0.0005,0.0003,0.0009,0.0442,0.0249,0.0526,0.0220,0.0218,0.0003,0.0279,0.0000,0.1680,0.2727,29757.657
587,H,Z,0.0886,0.0017,0.0006,0.0002,0.0010,0.0542,0.0217,0.0654,0.0305,0.0212,0.0004,0.0273,0.0001,0.1957,0.3166,29807.987
588,Z,H,0.0786,0.0015,0.0006,0.0002,0.0011,0.0487,0.0195,0.0597,0.0217,0.0303,0.0100,0.0299,0.0002,0.1821,0.3048,29858.307
589,H,Z,0.0719,0.0018,0.0005,0.0001,0.0009,0.0482,0.0182,0.0561,0.0242,0.0406,0.0003,0.0289,0.0000,0.1892,0.2942,29908.617
590,Z,H,0.0926,0.0022,0.0007,0.0002,0.0017,0.0663,0.0285,0.0885,0.0442,0.0269,0.0020,0.0315,0.0001,0.2570,0.3890,29959.023
591,H,Z,0.0758,0.0015,0.0007,0.0002,0.0008,0.0476,0.0194,0.0571,0.0236,0.0335,0.0013,0.0221,0.0001,0.1839,0.2873,30009.327
592,Z,H,0.0987,0.0025,0.0006,0.0004,0.0013,0.0755,0.0304,0.0997,0.0463,0.0266,0.0007,0.0394,0.0001,0.2822,0.4269,30059.771
593,H,Z,0.0803,0.0016,0.0010,0.0003,0.0010,0.0533,0.0243,0.0680,0.0269,0.0259,0.0024,0.0413,0.0001,0.2014,0.3308,30110.122
594,Z,H,0.0856,0.0017,0.0006,0.0004,0.0013,0.0688,0.0306,0.0680,0.0315,0.0300,0.0028,0.0364,0.0002,0.2325,0.3623,30160.500
595,H,Z,0.1050,0.0021,0.0007,0.0004,0.0012,0.0792,0.0264,0.0635,0.0269,0.0238,0.0007,0.0286,0.0002,0.2234,0.3635,30210.889
596,Z,H,0.0725,0.0015,0.0006,0.0003,0.0009,0.0445,0.0193,0.0536,0.0255,0.0225,0.0079,0.0234,0.0001,0.1679,0.2758,30261.182
597,H,Z,0.0883,0.0016,0.0005,0.0004,0.0009,0.0499,0.0219,0.0694,0.0241,0.0291,0.0006,0.0353,0.0001,0.1977,0.3267,30311.549
598,Z,H,0.0828,0.0019,0.0005,0.0004,0.0011,0.0590,0.0222,0.0600,0.0285,0.0297,0.0004,0.0264,0.0001,0.2023,0.3169,30361.885
599,H,Z,0.1098,0.0023,0.0006,0.0002,0.0013,0.0723,0.0243,0.1039,0.0487,0.0264,0.0118,0.0332,0.0003,0.2788,0.4397,30412.348
600,Z,H,0.1112,0.0026,0.0008,0.0003,0.0017,0.0754,0.0278,0.0940,0.0487,0.0423,0.0181,0.0346,0.0002,0.2907,0.4612,30462.833
601,H,Z,0.0998,0.0027,0.0007,0.0004,0.0016,0.0632,0.0251,0.0928,0.0496,0.0296,0.0103,0.0346,0.0001,0.2636,0.4147,30513.269
602,Z,H,0.1135,0.0023,0.0009,0.0004,0.0013,0.0925,0.0294,0.1007,0.0545,0.0336,0.0085,0.0210,0.0003,0.3140,0.4633,30563.751
603,H,Z,0.0860,0.0016,0.0006,0.0004,0.0012,0.0532,0.0259,0.0678,0.0312,0.0219,0.0014,0.0218,0.0001,0.2029,0.3178,30614.083
604,Z,H,0.0878,0.0022,0.0009,0.0004,0.0013,0.0505,0.0234,0.0637,0.0369,0.0270,0.0004,0.0488,0.0001,0.2049,0.3483,30664.452
605,H,Z,0.0776,0.0014,0.0005,0.0002,0.0009,0.0513,0.0194,0.0544,0.0273,0.0328,0.0072,0.0289,0.0001,0.1876,0.3057,30714.773
606,Z,H,0.0678,0.0009,0.0006,0.0002,0.0008,0.0401,0.0171,0.0517,0.0272,0.0281,0.0003,0.0333,0.0000,0.1662,0.2709,30765.067
607,H,Z,0.0801,0.0013,0.0007,0.0002,0.0009,0.0488,0.0196,0.0827,0.0252,0.0244,0.0047,0.0218,0.0000,0.2031,0.3136,30815.393
608,Z,H,0.0797,0.0013,0.0005,0.0002,0.0008,0.0452,0.0246,0.0539,0.0274,0.0240,0.0042,0.0362,0.0001,0.1775,0.3012,30865.710
609,H,Z,0.1062,0.0017,0.0005,0.0003,0.0011,0.0688,0.0218,0.0566,0.0276,0.0294,0.0038,0.0207,0.0001,0.2073,0.3426,30916.068
610,Z,H,0.0736,0.0015,0.0005,0.0003,0.0009,0.0445,0.0211,0.0616,0.0218,0.0243,0.0005,0.0409,0.0002,0.1758,0.2949,30966.379
611,H,Z,0.0709,0.0013,0.0004,0.0002,0.0008,0.0462,0.0171,0.0481,0.0306,0.0200,0.0070,0.0281,0.0001,0.1644,0.2739,31016.669
612,Z,H,0.0779,0.0016,0.0006,0.0003,0.0010,0.0454,0.0195,0.0575,0.0243,0.0215,0.0133,0.0270,0.0001,0.1707,0.2934,31066.980
613,H,Z,0.0743,0.0014,0.0006,0.0003,0.0009,0.0473,0.0192,0.0554,0.0260,0.0204,0.0037,0.0254,0.0001,0.1712,0.2785,31117.273
614,Z,H,0.1045,0.0025,0.0007,0.0003,0.0020,0.0644,0.0254,0.0908,0.0449,0.0277,0.0040,0.0308,0.0002,0.2569,0.4027,31167.688
615,H,Z,0.0779,0.0015,0.0009,0.0002,0.0011,0.0463,0.0204,0.0581,0.0246,0.0229,0.0063,0.0301,0.0001,0.1751,0.2939,31217.998
616,Z,H,0.0981,0.0022,0.0006,0.0002,0.0014,0.0646,0.0245,0.1776,0.0259,0.0267,0.0067,0.0268,0.0001,0.3225,0.4597,31268.474
617,H,Z,0.0837,0.0013,0.0005,0.0003,0.0009,0.0534,0.0195,0.0497,0.0264,0.0232,0.0065,0.0278,0.0001,0.1745,0.2965,31318.784
618,Z,H,0.0744,0.0014,0.0005,0.0002,0.0009,0.0535,0.0196,0.0565,0.0261,0.0277,0.0044,0.0225,0.0001,0.1857,0.2911,31369.088
619,H,Z,0.0733,0.0016,0.0005,0.0002,0.0011,0.0527,0.0208,0.0569,0.0241,0.0241,0.0005,0.0298,0.0001,0.1814,0.2893,31419.393
620,Z,H,0.0756,0.0017,0.0005,0.0003,0.0011,0.0608,0.0201,0.0558,0.0238,0.0201,0.0094,0.0349,0.0001,0.1837,0.3080,31469.714
621,H,Z,0.0718,0.0014,0.0005,0.0002,0.0006,0.0448,0.0190,0.0551,0.0265,0.0204,0.0044,0.0223,0.0001,0.1687,0.2709,31520.000
622,Z,H,0.0718,0.0017,0.0004,0.0002,0.0010,0.0450,0.0192,0.0527,0.0253,0.0211,0.0005,0.0290,0.0001,0.1661,0.2715,31570.286
623,H,Z,0.0790,0.0018,0.0004,0.0002,0.0009,0.0442,0.0200,0.0671,0.0239,0.0242,0.0040,0.0228,0.0001,0.1824,0.2923,31620.595
624,Z,H,0.0787,0.0016,0.0005,0.0003,0.0011,0.0640,0.0220,0.0556,0.0232,0.0368,0.0005,0.0270,0.0001,0.2041,0.3145,31670.929
625,H,Z,0.0862,0.0014,0.0005,0.0001,0.0010,0.0437,0.0226,0.0519,0.0293,0.0381,0.0039,0.0277,0.0001,0.1884,0.3100,31721.257
626,Z,H,0.0724,0.0016,0.0005,0.0001,0.0009,0.0496,0.0241,0.0559,0.0213,0.0211,0.0035,0.0263,0.0001,0.1742,0.2802,31771.550
627,H,Z,0.0748,0.0013,0.0006,0.0002,0.0008,0.0449,0.0230,0.0589,0.0255,0.0202,0.0074,0.0323,0.0000,0.1748,0.2932,31821.859
628,Z,H,0.0832,0.0010,0.0005,0.0002,0.0008,0.0430,0.0176,0.0557,0.0208,0.0315,0.0024,0.0276,0.0001,0.1715,0.2880,31872.161
629,H,Z,0.0956,0.0012,0.0005,0.0002,0.0011,0.0624,0.0326,0.0720,0.0315,0.0229,0.0116,0.0293,0.0001,0.2240,0.3646,31922.540
630,Z,H,0.0734,0.0015,0.0005,0.0002,0.0011,0.0517,0.0229,0.0511,0.0253,0.0220,0.0075,0.0292,0.0001,0.1757,0.2899,31972.846
631,H,Z,0.0794,0.0017,0.0005,0.0003,0.0010,0.0491,0.0212,0.0702,0.0334,0.0290,0.0004,0.0393,0.0001,0.2051,0.3285,32023.192
632,Z,H,0.0887,0.0016,0.0004,0.0002,0.0008,0.0451,0.0204,0.0514,0.0277,0.0246,0.0034,0.0337,0.0001,0.1814,0.3110,32073.526
633,H,Z,0.1082,0.0029,0.0006,0.0001,0.0018,0.0695,0.0314,0.0942,0.0448,0.0241,0.0006,0.0389,0.0001,0.2671,0.4212,32123.962
634,Z,H,0.0793,0.0013,0.0006,0.0001,0.0009,0.0451,0.0206,0.0647,0.0282,0.0215,0.0105,0.0418,0.0001,0.1826,0.3181,32174.297
635,H,Z,0.0659,0.0012,0.0003,0.0001,0.0006,0.0438,0.0163,0.0491,0.0211,0.0239,0.0029,0.0291,0.0001,0.1569,0.2576,32224.570
636,Z,H,0.0903,0.0015,0.0004,0.0002,0.0007,0.0482,0.0213,0.0597,0.0261,0.0236,0.0025,0.0276,0.0001,0.1815,0.3059,32274.894
637,H,Z,0.0754,0.0017,0.0007,0.0004,0.0009,0.0468,0.0202,0.0627,0.0214,0.0253,0.0023,0.0329,0.0001,0.1791,0.2943,32325.208
638,Z,H,0.0911,0.0021,0.0007,0.0004,0.0014,0.0615,0.0226,0.0855,0.0496,0.0254,0.0004,0.0262,0.0001,0.2481,0.3714,32375.596
639,H,Z,0.0867,0.0018,0.0008,0.0001,0.0010,0.0544,0.0219,0.0531,0.0271,0.0229,0.0083,0.0305,0.0001,0.1818,0.3120,32425.924
640,Z,H,0.0873,0.0016,0.0007,0.0004,0.0008,0.0466,0.0191,0.0545,0.0252,0.0272,0.0004,0.0365,0.0001,0.1757,0.3042,32476.243
641,H,Z,0.0898,0.0015,0.0005,0.0001,0.0007,0.0509,0.0189,0.0499,0.0221,0.0276,0.0035,0.0255,0.0001,0.1723,0.2949,32526.560
642,Z,H,0.0676,0.0013,0.0004,0.0002,0.0008,0.0533,0.0172,0.0494,0.0214,0.0286,0.0006,0.0307,0.0000,0.1725,0.2751,32576.849
643,H,Z,0.0920,0.0014,0.0005,0.0002,0.0012,0.0593,0.0309,0.0704,0.0380,0.0241,0.0048,0.0298,0.0001,0.2259,0.3568,32627.220
644,Z,H,0.0674,0.0009,0.0006,0.0003,0.0008,0.0418,0.0171,0.0597,0.0213,0.0287,0.0019,0.0309,0.0001,0.1712,0.2746,32677.510
645,H,Z,0.0728,0.0011,0.0004,0.0001,0.0006,0.0430,0.0152,0.0603,0.0279,0.0226,0.0100,0.0340,0.0001,0.1710,0.2909,32727.815
646,Z,H,0.0745,0.0015,0.0006,0.0001,0.0008,0.0469,0.0181,0.0540,0.0259,0.0247,0.0098,0.0292,0.0000,0.1721,0.2894,32778.118
647,H,Z,0.0864,0.0015,0.0004,0.0001,0.0010,0.0504,0.0190,0.0654,0.0235,0.0278,0.0099,0.0296,0.0000,0.1881,0.3178,32828.448
648,Z,H,0.0853,0.0012,0.0005,0.0002,0.0008,0.0472,0.0199,0.0639,0.0303,0.0216,0.0004,0.0333,0.0001,0.1854,0.3083,32878.770
649,H,Z,0.1041,0.0020,0.0005,0.0003,0.0013,0.0693,0.0228,0.0970,0.0606,0.0265,0.0032,0.0242,0.0001,0.2792,0.4157,32929.211
650,Z,H,0.0718,0.0014,0.0005,0.0001,0.0006,0.0486,0.0201,0.0536,0.0245,0.0308,0.0032,0.0203,0.0001,0.1807,0.2795,32979.510
651,H,Z,0.1085,0.0023,0.0006,0.0002,0.0015,0.0699,0.0235,0.0853,0.0430,0.0233,0.0207,0.0331,0.0004,0.2481,0.4164,33029.945
652,Z,H,0.0783,0.0018,0.0004,0.0001,0.0010,0.0516,0.0201,0.0568,0.0305,0.0224,0.0095,0.0241,0.0001,0.1841,0.3004,33080.263
653,H,Z,0.1135,0.0027,0.0007,0.0004,0.0015,0.0865,0.0311,0.0976,0.0571,0.0274,0.0005,0.0362,0.0002,0.3032,0.4598,33130.741
654,Z,H,0.0726,0.0014,0.0006,0.0002,0.0009,0.0431,0.0194,0.0544,0.0220,0.0217,0.0005,0.0366,0.0001,0.1635,0.2772,33181.035
655,H,Z,0.0724,0.0017,0.0004,0.0001,0.0007,0.0443,0.0198,0.0651,0.0206,0.0489,0.0138,0.0275,0.0001,0.2013,0.3189,33231.372
656,Z,H,0.1081,0.0022,0.0005,0.0003,0.0014,0.0696,0.0235,0.0979,0.0446,0.0244,0.0065,0.0408,0.0002,0.2627,0.4237,33281.815
657,H,Z,0.0759,0.0018,0.0005,0.0001,0.0009,0.0605,0.0185,0.0492,0.0229,0.0284,0.0092,0.0254,0.0000,0.1815,0.2961,33332.126
658,Z,H,0.0678,0.0031,0.0003,0.0002,0.0009,0.0444,0.0220,0.0559,0.0218,0.0237,0.0004,0.0262,0.0001,0.1703,0.2707,33382.410
659,H,Z,0.1128,0.0023,0.0005,0.0003,0.0015,0.0713,0.0304,0.0957,0.0523,0.0352,0.0005,0.0419,0.0001,0.2874,0.4481,33432.879
660,Z,H,0.0738,0.0015,0.0006,0.0003,0.0009,0.0429,0.0200,0.0556,0.0234,0.0279,0.0004,0.0272,0.0002,0.1719,0.2775,33483.171
661,H,Z,0.0754,0.0012,0.0004,0.0003,0.0009,0.0506,0.0190,0.0646,0.0251,0.0202,0.0033,0.0280,0.0001,0.1826,0.2933,33533.477
662,Z,H,0.0702,0.0012,0.0006,0.0002,0.0009,0.0445,0.0230,0.0526,0.0239,0.0246,0.0038,0.0262,0.0001,0.1710,0.2749,33583.769
663,H,Z,0.0936,0.0017,0.0005,0.0003,0.0014,0.0628,0.0229,0.0854,0.0443,0.0216,0.0004,0.0409,0.0001,0.2401,0.3796,33634.197
664,Z,H,0.0766,0.0015,0.0007,0.0002,0.0008,0.0482,0.0200,0.0519,0.0232,0.0244,0.0028,0.0299,0.0001,0.1702,0.2837,33684.497
665,H,Z,0.0708,0.0012,0.0005,0.0002,0.0008,0.0457,0.0180,0.0535,0.0210,0.0215,0.0003,0.0284,0.0000,0.1618,0.2649,33734.781
666,Z,H,0.0676,0.0012,0.0005,0.0003,0.0008,0.0422,0.0164,0.0502,0.0206,0.0209,0.0024,0.0265,0.0001,0.1526,0.2526,33785.047
667,H,Z,0.0833,0.0015,0.0005,0.0002,0.0011,0.0654,0.0208,0.0715,0.0394,0.0222,0.0049,0.0274,0.0001,0.2223,0.3419,33835.406
668,Z,H,0.0696,0.0012,0.0004,0.0001,0.0010,0.0453,0.0218,0.0498,0.0201,0.0209,0.0098,0.0257,0.0001,0.1607,0.2693,33885.689
669,H,Z,0.0676,0.0014,0.0004,0.0002,0.0008,0.0443,0.0172,0.0469,0.0214,0.0213,0.0037,0.0197,0.0000,0.1533,0.2478,33935.951
670,Z,H,0.0734,0.0012,0.0005,0.0002,0.0010,0.0463,0.0190,0.0541,0.0228,0.0238,0.0004,0.0286,0.0001,0.1700,0.2762,33986.240
671,H,Z,0.0839,0.0014,0.0006,0.0002,0.0009,0.0506,0.0206,0.0589,0.0234,0.0199,0.0004,0.0342,0.0001,0.1760,0.2986,34036.554
672,Z,H,0.0751,0.0015,0.0005,0.0002,0.0009,0.0501,0.0248,0.0555,0.0248,0.0213,0.0079,0.0281,0.0002,0.1789,0.2940,34086.862
673,H,Z,0.0961,0.0022,0.0007,0.0003,0.0014,0.0637,0.0240,0.0918,0.0453,0.0293,0.0026,0.0381,0.0001,0.2576,0.4001,34137.278
674,Z,H,0.1258,0.0025,0.0007,0.0004,0.0014,0.0752,0.0267,0.0957,0.0498,0.0265,0.0007,0.0346,0.0001,0.2775,0.4446,34187.742
675,H,Z,0.0834,0.0012,0.0007,0.0002,0.0009,0.0479,0.0176,0.0487,0.0237,0.0252,0.0017,0.0318,0.0002,0.1656,0.2863,34238.046
676,Z,H,0.0760,0.0014,0.0007,0.0002,0.0009,0.0456,0.0193,0.0555,0.0265,0.0305,0.0004,0.0293,0.0001,0.1796,0.2897,34288.352
677,H,Z,0.1020,0.0024,0.0005,0.0003,0.0013,0.0852,0.0252,0.0902,0.0557,0.0266,0.0018,0.0316,0.0002,0.2864,0.4273,34338.796
678,Z,H,0.1047,0.0019,0.0005,0.0002,0.0012,0.0653,0.0234,0.0879,0.0483,0.0247,0.0235,0.0403,0.0001,0.2521,0.4256,34389.237
679,H,Z,0.0717,0.0013,0.0006,0.0004,0.0009,0.0458,0.0201,0.0472,0.0239,0.0216,0.0006,0.0309,0.0001,0.1615,0.2691,34439.519
680,Z,H,0.0948,0.0013,0.0005,0.0002,0.0011,0.0643,0.0208,0.0597,0.0297,0.0284,0.0004,0.0275,0.0001,0.2048,0.3312,34489.867
681,H,Z,0.0810,0.0017,0.0005,0.0002,0.0010,0.0453,0.0197,0.0510,0.0231,0.0243,0.0084,0.0304,0.0001,0.1662,0.2902,34540.171
682,Z,H,0.0719,0.0011,0.0006,0.0001,0.0007,0.0618,0.0174,0.0488,0.0216,0.0257,0.0006,0.0280,0.0001,0.1778,0.2817,34590.472
683,H,Z,0.1297,0.0025,0.0007,0.0002,0.0015,0.0751,0.0220,0.0859,0.0410,0.0295,0.0004,0.0209,0.0001,0.2562,0.4129,34640.900
684,Z,H,0.0804,0.0014,0.0008,0.0001,0.0009,0.0502,0.0211,0.0641,0.0213,0.0227,0.0084,0.0313,0.0001,0.1820,0.3062,34691.221
685,H,Z,0.0980,0.0020,0.0005,0.0002,0.0012,0.0616,0.0219,0.0908,0.0441,0.0242,0.0034,0.0248,0.0001,0.2449,0.3759,34741.611
686,Z,H,0.0714,0.0012,0.0004,0.0001,0.0007,0.0450,0.0182,0.0524,0.0207,0.0224,0.0036,0.0360,0.0001,0.1609,0.2751,34791.902
687,H,Z,0.0881,0.0013,0.0005,0.0002,0.0010,0.0582,0.0215,0.0609,0.0297,0.0214,0.0082,0.0209,0.0001,0.1943,0.3154,34842.236
688,Z,H,0.1052,0.0019,0.0007,0.0001,0.0011,0.0674,0.0217,0.0904,0.0410,0.0263,0.0042,0.0249,0.0001,0.2493,0.3884,34892.642
689,H,Z,0.0850,0.0015,0.0004,0.0001,0.0008,0.0470,0.0183,0.0530,0.0239,0.0290,0.0071,0.0310,0.0000,0.1741,0.3008,34942.961
690,Z,H,0.0918,0.0021,0.0006,0.0004,0.0011,0.0631,0.0243,0.1004,0.0468,0.0260,0.0160,0.0345,0.0001,0.2633,0.4107,34993.394
691,H,Z,0.1046,0.0027,0.0008,0.0003,0.0016,0.0662,0.0319,0.0932,0.0471,0.0263,0.0099,0.0378,0.0002,0.2676,0.4267,35043.840
692,Z,H,0.0772,0.0017,0.0007,0.0003,0.0009,0.0532,0.0211,0.0686,0.0209,0.0256,0.0091,0.0362,0.0000,0.1926,0.3195,35094.176
693,H,Z,0.0776,0.0016,0.0005,0.0003,0.0008,0.0459,0.0232,0.0577,0.0256,0.0352,0.0041,0.0298,0.0000,0.1893,0.3046,35144.502
694,Z,H,0.0781,0.0017,0.0005,0.0003,0.0009,0.0513,0.0206,0.0617,0.0209,0.0268,0.0007,0.0466,0.0001,0.1845,0.3146,35194.847
695,H,Z,0.0822,0.0020,0.0007,0.0004,0.0010,0.0519,0.0249,0.0694,0.0287,0.0259,0.0076,0.0252,0.0002,0.2038,0.3240,35245.187
696,Z,H,0.0803,0.0020,0.0007,0.0003,0.0009,0.0463,0.0296,0.0695,0.0226,0.0260,0.0136,0.0243,0.0001,0.1967,0.3198,35295.522
697,H,Z,0.0770,0.0020,0.0005,0.0003,0.0012,0.0577,0.0212,0.0478,0.0248,0.0361,0.0009,0.0362,0.0001,0.1910,0.3101,35345.856
698,Z,H,0.1063,0.0026,0.0006,0.0004,0.0015,0.0673,0.0278,0.1112,0.0518,0.0295,0.0091,0.0266,0.0002,0.2913,0.4395,35396.321
699,H,Z,0.0849,0.0017,0.0006,0.0004,0.0012,0.0575,0.0229,0.0580,0.0262,0.0321,0.0149,0.0393,0.0001,0.2005,0.3447,35446.687
700,Z,H,0.0854,0.0019,0.0007,0.0003,0.0010,0.0624,0.0220,0.0705,0.0219,0.0302,0.0005,0.0285,0.0001,0.2100,0.3294,35497.041
701,H,Z,0.1355,0.0026,0.0007,0.0005,0.0018,0.0741,0.0279,0.1021,0.0533,0.0333,0.0142,0.0276,0.0003,0.2939,0.4782,35547.536
702,Z,H,0.0869,0.0018,0.0007,0.0003,0.0011,0.0505,0.0224,0.0693,0.0228,0.0310,0.0092,0.0281,0.0001,0.1995,0.3287,35597.881
703,H,Z,0.1007,0.0018,0.0006,0.0003,0.0013,0.0716,0.0243,0.0672,0.0294,0.0409,0.0089,0.0351,0.0001,0.2359,0.3858,35648.281
704,Z,H,0.0821,0.0021,0.0005,0.0002,0.0010,0.0776,0.0230,0.0623,0.0222,0.0322,0.0101,0.0267,0.0001,0.2199,0.3437,35698.639
705,H,Z,0.0796,0.0017,0.0005,0.0002,0.0010,0.0517,0.0199,0.0581,0.0291,0.0266,0.0005,0.0257,0.0001,0.1884,0.2986,35748.952
706,Z,H,0.0888,0.0015,0.0007,0.0002,0.0009,0.0513,0.0217,0.0589,0.0253,0.0289,0.0106,0.0352,0.0001,0.1893,0.3284,35799.345
707,H,Z,0.0860,0.0019,0.0005,0.0003,0.0011,0.0497,0.0245,0.0670,0.0303,0.0354,0.0136,0.0386,0.0001,0.2108,0.3541,35849.719
708,Z,H,0.0873,0.0022,0.0006,0.0003,0.0012,0.0502,0.0246,0.0698,0.0286,0.0362,0.0107,0.0290,0.0001,0.2121,0.3446,35900.079
709,H,Z,0.0828,0.0018,0.0008,0.0002,0.0011,0.0558,0.0226,0.0659,0.0267,0.0309,0.0113,0.0275,0.0002,0.2049,0.3317,35950.429
710,Z,H,0.0824,0.0016,0.0007,0.0002,0.0012,0.0513,0.0224,0.0726,0.0222,0.0310,0.0086,0.0363,0.0000,0.2029,0.3350,36000.780
711,H,Z,0.0848,0.0016,0.0005,0.0004,0.0011,0.0507,0.0224,0.0649,0.0271,0.0279,0.0081,0.0329,0.0000,0.1962,0.3267,36051.122
712,Z,H,0.0891,0.0017,0.0005,0.0002,0.0010,0.0490,0.0223,0.0727,0.0213,0.0367,0.0010,0.0392,0.0001,0.2053,0.3391,36101.480
713,H,Z,0.0872,0.0016,0.0005,0.0003,0.0011,0.0501,0.0213,0.0592,0.0318,0.0384,0.0087,0.0330,0.0001,0.2039,0.3372,36151.841
714,Z,H,0.0826,0.0019,0.0005,0.0002,0.0013,0.0499,0.0219,0.0703,0.0240,0.0304,0.0077,0.0269,0.0001,0.1992,0.3210,36202.182
715,H,Z,0.1186,0.0026,0.0007,0.0004,0.0016,0.0726,0.0282,0.1096,0.0538,0.0343,0.0095,0.0353,0.0002,0.3018,0.4717,36252.671
716,Z,H,0.0907,0.0019,0.0007,0.0002,0.0012,0.0507,0.0237,0.0732,0.0240,0.0348,0.0005,0.0351,0.0001,0.2095,0.3412,36303.030
717,H,Z,0.0800,0.0018,0.0005,0.0002,0.0011,0.0486,0.0204,0.0647,0.0294,0.0286,0.0094,0.0361,0.0000,0.1953,0.3255,36353.380
718,Z,H,0.0827,0.0016,0.0005,0.0002,0.0010,0.0496,0.0224,0.0743,0.0242,0.0327,0.0085,0.0319,0.0000,0.2056,0.3329,36403.731
719,H,Z,0.0887,0.0019,0.0007,0.0002,0.0010,0.0505,0.0238,0.0685,0.0306,0.0314,0.0136,0.0387,0.0000,0.2075,0.3533,36454.104
720,Z,H,0.0822,0.0018,0.0007,0.0003,0.0011,0.0532,0.0234,0.0690,0.0220,0.0389,0.0047,0.0434,0.0001,0.2100,0.3453,36504.469
721,H,Z,0.0841,0.0018,0.0006,0.0002,0.0013,0.0493,0.0221,0.0635,0.0270,0.0275,0.0040,0.0351,0.0001,0.1927,0.3207,36554.806
722,Z,H,0.0848,0.0017,0.0006,0.0003,0.0009,0.0639,0.0231,0.0776,0.0237,0.0266,0.0004,0.0344,0.0001,0.2182,0.3428,36605.167
723,H,Z,0.0806,0.0015,0.0005,0.0004,0.0010,0.0510,0.0242,0.0666,0.0319,0.0350,0.0092,0.0362,0.0001,0.2122,0.3425,36655.531
724,Z,H,0.0863,0.0020,0.0006,0.0005,0.0009,0.0508,0.0243,0.0738,0.0241,0.0353,0.0026,0.0369,0.0001,0.2115,0.3422,36705.893
725,H,Z,0.0809,0.0015,0.0006,0.0002,0.0011,0.0711,0.0227,0.0609,0.0251,0.0513,0.0020,0.0393,0.0001,0.2342,0.3608,36756.280
726,Z,H,0.1102,0.0027,0.0007,0.0005,0.0017,0.0700,0.0282,0.1123,0.0463,0.0391,0.0007,0.0384,0.0003,0.3001,0.4562,36806.755
727,H,Z,0.0875,0.0016,0.0008,0.0001,0.0011,0.0536,0.0223,0.0674,0.0254,0.0374,0.0028,0.0287,0.0002,0.2100,0.3337,36857.113
728,Z,H,0.0837,0.0018,0.0005,0.0002,0.0010,0.0484,0.0219,0.0621,0.0222,0.0300,0.0034,0.0330,0.0001,0.1876,0.3121,36907.443
729,H,Z,0.0759,0.0016,0.0005,0.0002,0.0010,0.0494,0.0221,0.0641,0.0257,0.0389,0.0072,0.0400,0.0001,0.2035,0.3310,36957.828
730,Z,H,0.0825,0.0015,0.0005,0.0002,0.0010,0.0486,0.0196,0.0671,0.0218,0.0365,0.0041,0.0352,0.0001,0.1960,0.3219,37008.166
731,H,Z,0.0854,0.0016,0.0004,0.0002,0.0012,0.0495,0.0219,0.0647,0.0312,0.0361,0.0010,0.0418,0.0001,0.2072,0.3400,37058.527
732,Z,H,0.0829,0.0015,0.0006,0.0003,0.0009,0.0627,0.0210,0.0626,0.0217,0.0321,0.0006,0.0343,0.0001,0.2031,0.3251,37108.874
733,H,Z,0.1105,0.0029,0.0007,0.0004,0.0017,0.0845,0.0272,0.1047,0.0500,0.0305,0.0097,0.0370,0.0004,0.3006,0.4649,37159.360
734,Z,H,0.1144,0.0017,0.0007,0.0002,0.0010,0.0495,0.0217,0.0672,0.0238,0.0329,0.0125,0.0351,0.0001,0.1986,0.3656,37209.756
735,H,Z,0.0787,0.0020,0.0005,0.0003,0.0013,0.0509,0.0216,0.0636,0.0310,0.0292,0.0006,0.0433,0.0001,0.1994,0.3271,37260.103
736,Z,H,0.0774,0.0016,0.0005,0.0003,0.0009,0.0517,0.0204,0.0652,0.0219,0.0358,0.0079,0.0345,0.0000,0.1977,0.3215,37310.439
737,H,Z,0.0802,0.0014,0.0007,0.0002,0.0011,0.0487,0.0201,0.0600,0.0274,0.0358,0.0040,0.0353,0.0001,0.1950,0.3186,37360.775
738,Z,H,0.1317,0.0028,0.0008,0.0004,0.0018,0.0734,0.0306,0.1131,0.0471,0.0405,0.0127,0.0414,0.0001,0.3091,0.5017,37411.300
739,H,Z,0.0964,0.0021,0.0008,0.0003,0.0013,0.0514,0.0255,0.0614,0.0297,0.0438,0.0003,0.0382,0.0000,0.2143,0.3549,37461.787
740,Z,H,0.1071,0.0020,0.0006,0.0003,0.0011,0.0497,0.0232,0.0740,0.0245,0.0365,0.0152,0.0389,0.0002,0.2107,0.3772,37512.182
741,H,Z,0.1311,0.0024,0.0007,0.0006,0.0016,0.0746,0.0320,0.0944,0.0348,0.0330,0.0042,0.0409,0.0001,0.2727,0.4560,37562.656
742,Z,H,0.1211,0.0026,0.0007,0.0004,0.0016,0.0749,0.0300,0.1142,0.0495,0.0322,0.0005,0.0367,0.0003,0.3048,0.4698,37613.146
743,H,Z,0.1023,0.0023,0.0005,0.0003,0.0015,0.0569,0.0274,0.0724,0.0343,0.0358,0.0011,0.0468,0.0001,0.2312,0.3872,37663.557
744,Z,H,0.0802,0.0018,0.0007,0.0003,0.0011,0.0504,0.0220,0.0644,0.0234,0.0296,0.0006,0.0306,0.0001,0.1934,0.3100,37713.885
745,H,Z,0.0888,0.0019,0.0006,0.0003,0.0012,0.0516,0.0234,0.0647,0.0292,0.0321,0.0005,0.0425,0.0002,0.2042,0.3412,37764.247
746,Z,H,0.0866,0.0018,0.0006,0.0002,0.0011,0.0511,0.0224,0.0711,0.0238,0.0276,0.0005,0.0370,0.0001,0.1992,0.3279,37814.597
747,H,Z,0.0882,0.0020,0.0005,0.0004,0.0011,0.0498,0.0237,0.0715,0.0296,0.0449,0.0090,0.0353,0.0001,0.2225,0.3600,37864.974
748,Z,H,0.1099,0.0026,0.0006,0.0004,0.0015,0.0712,0.0270,0.0939,0.0260,0.0282,0.0005,0.0344,0.0001,0.2502,0.4013,37915.397
749,H,Z,0.0870,0.0015,0.0008,0.0003,0.0011,0.0525,0.0230,0.0636,0.0315,0.0304,0.0143,0.0361,0.0000,0.2032,0.3455,37965.761
750,Z,H,0.0887,0.0020,0.0006,0.0003,0.0010,0.0504,0.0228,0.0698,0.0216,0.0316,0.0129,0.0438,0.0001,0.1999,0.3504,38016.134
751,H,Z,0.0860,0.0019,0.0007,0.0003,0.0012,0.0512,0.0228,0.0640,0.0268,0.0346,0.0042,0.0418,0.0001,0.2035,0.3407,38066.507
752,Z,H,0.0873,0.0021,0.0005,0.0003,0.0011,0.0498,0.0225,0.0690,0.0241,0.0404,0.0009,0.0424,0.0001,0.2095,0.3455,38116.874
753,H,Z,0.0868,0.0018,0.0006,0.0002,0.0012,0.0483,0.0229,0.0606,0.0263,0.0341,0.0005,0.0382,0.0001,0.1953,0.3258,38167.218
754,Z,H,0.0834,0.0018,0.0005,0.0003,0.0012,0.0498,0.0223,0.0697,0.0234,0.0316,0.0150,0.0367,0.0001,0.2003,0.3402,38217.577
755,H,Z,0.0840,0.0019,0.0006,0.0003,0.0009,0.0514,0.0230,0.0663,0.0322,0.0350,0.0163,0.0342,0.0000,0.2106,0.3498,38267.953
756,Z,H,0.0854,0.0019,0.0005,0.0005,0.0011,0.0494,0.0234,0.0827,0.0244,0.0293,0.0032,0.0418,0.0001,0.2126,0.3482,38318.324
757,H,Z,0.0807,0.0018,0.0007,0.0002,0.0011,0.0485,0.0217,0.0633,0.0314,0.0298,0.0004,0.0345,0.0001,0.1976,0.3180,38368.663
758,Z,H,0.0902,0.0023,0.0007,0.0004,0.0011,0.0507,0.0234,0.0683,0.0241,0.0394,0.0005,0.0422,0.0001,0.2089,0.3474,38419.028
759,H,Z,0.0861,0.0018,0.0008,0.0003,0.0013,0.0641,0.0261,0.0632,0.0304,0.0360,0.0006,0.0371,0.0001,0.2235,0.3526,38469.396
760,Z,H,0.0850,0.0018,0.0006,0.0002,0.0013,0.0512,0.0220,0.0697,0.0235,0.0289,0.0091,0.0376,0.0002,0.1982,0.3348,38519.747
761,H,Z,0.0883,0.0016,0.0005,0.0003,0.0012,0.0508,0.0235,0.0654,0.0263,0.0320,0.0005,0.0379,0.0001,0.2015,0.3328,38570.099
762,Z,H,0.0795,0.0016,0.0006,0.0002,0.0009,0.0533,0.0211,0.0692,0.0225,0.0286,0.0005,0.0353,0.0002,0.1978,0.3177,38620.435
763,H,Z,0.0826,0.0017,0.0005,0.0004,0.0009,0.0479,0.0210,0.0617,0.0289,0.0267,0.0099,0.0359,0.0001,0.1889,0.3220,38670.774
764,Z,H,0.0942,0.0017,0.0006,0.0003,0.0011,0.0525,0.0215,0.0647,0.0222,0.0328,0.0075,0.0365,0.0001,0.1964,0.3396,38721.128
765,H,Z,0.1367,0.0022,0.0006,0.0002,0.0011,0.0808,0.0227,0.0657,0.0286,0.0316,0.0044,0.0340,0.0001,0.2320,0.4125,38771.562
766,Z,H,0.1183,0.0027,0.0007,0.0005,0.0017,0.0922,0.0246,0.0762,0.0278,0.0463,0.0005,0.0355,0.0001,0.2713,0.4324,38822.016
767,H,Z,0.0835,0.0018,0.0008,0.0002,0.0011,0.0495,0.0225,0.0732,0.0303,0.0284,0.0004,0.0350,0.0001,0.2071,0.3310,38872.368
768,Z,H,0.0832,0.0018,0.0005,0.0003,0.0012,0.0473,0.0216,0.0687,0.0232,0.0289,0.0097,0.0363,0.0001,0.1926,0.3265,38922.716
769,H,Z,0.0881,0.0018,0.0005,0.0003,0.0011,0.0630,0.0233,0.0617,0.0270,0.0315,0.0089,0.0381,0.0002,0.2093,0.3492,38973.082
770,Z,H,0.1059,0.0018,0.0005,0.0004,0.0013,0.0716,0.0272,0.0791,0.0304,0.0270,0.0121,0.0408,0.0002,0.2386,0.4027,39023.503
771,H,Z,0.1183,0.0030,0.0008,0.0004,0.0020,0.0895,0.0294,0.1023,0.0526,0.0347,0.0065,0.0515,0.0002,0.3157,0.4998,39074.021
772,Z,H,0.1005,0.0020,0.0007,0.0004,0.0013,0.0826,0.0266,0.0808,0.0308,0.0284,0.0092,0.0405,0.0001,0.2536,0.4092,39124.452
773,H,Z,0.0926,0.0019,0.0007,0.0003,0.0011,0.0548,0.0242,0.0730,0.0283,0.0339,0.0167,0.0413,0.0002,0.2173,0.3745,39174.845
774,Z,H,0.0917,0.0018,0.0005,0.0003,0.0011,0.0526,0.0251,0.0704,0.0240,0.0318,0.0005,0.0443,0.0001,0.2070,0.3484,39225.216
775,H,Z,0.0914,0.0016,0.0007,0.0003,0.0012,0.0531,0.0253,0.0727,0.0320,0.0255,0.0004,0.0408,0.0000,0.2114,0.3489,39275.591
776,Z,H,0.0924,0.0019,0.0006,0.0003,0.0010,0.0515,0.0247,0.0830,0.0242,0.0489,0.0097,0.0422,0.0002,0.2356,0.3852,39325.997
777,H,Z,0.0902,0.0018,0.0007,0.0003,0.0011,0.0512,0.0230,0.0705,0.0276,0.0319,0.0119,0.0392,0.0002,0.2078,0.3540,39376.368
778,Z,H,0.0841,0.0017,0.0007,0.0002,0.0015,0.0484,0.0219,0.0648,0.0233,0.0279,0.0005,0.0263,0.0001,0.1894,0.3057,39426.693
779,H,Z,0.0825,0.0016,0.0007,0.0003,0.0012,0.0628,0.0232,0.0605,0.0272,0.0285,0.0078,0.0362,0.0001,0.2055,0.3369,39477.048
780,Z,H,0.0806,0.0018,0.0005,0.0003,0.0012,0.0492,0.0249,0.0639,0.0224,0.0362,0.0051,0.0260,0.0002,0.1999,0.3164,39527.381
781,H,Z,0.0843,0.0017,0.0006,0.0003,0.0010,0.0502,0.0208,0.0601,0.0303,0.0257,0.0006,0.0366,0.0003,0.1906,0.3168,39577.718
782,Z,H,0.0831,0.0017,0.0005,0.0003,0.0011,0.0508,0.0222,0.0680,0.0242,0.0371,0.0080,0.0380,0.0002,0.2052,0.3392,39628.075
783,H,Z,0.0848,0.0017,0.0008,0.0003,0.0011,0.0534,0.0220,0.0648,0.0292,0.0290,0.0090,0.0367,0.0002,0.2011,0.3367,39678.432
784,Z,H,0.0867,0.0018,0.0007,0.0003,0.0014,0.0557,0.0224,0.0676,0.0232,0.0322,0.0099,0.0365,0.0001,0.2043,0.3425,39728.792
785,H,Z,0.0878,0.0022,0.0006,0.0003,0.0014,0.0519,0.0219,0.0577,0.0256,0.0501,0.0005,0.0349,0.0001,0.2105,0.3392,39779.148
786,Z,H,0.1157,0.0025,0.0006,0.0003,0.0017,0.0692,0.0272,0.1110,0.0471,0.0314,0.0010,0.0517,0.0001,0.2901,0.4650,39829.633
787,H,Z,0.1175,0.0028,0.0007,0.0004,0.0018,0.0711,0.0290,0.1117,0.0523,0.0328,0.0132,0.0543,0.0003,0.2997,0.4917,39880.145
788,Z,H,0.0899,0.0018,0.0008,0.0003,0.0011,0.0504,0.0216,0.0665,0.0225,0.0355,0.0044,0.0351,0.0000,0.1990,0.3333,39930.495
789,H,Z,0.1078,0.0022,0.0006,0.0006,0.0015,0.0710,0.0249,0.0762,0.0321,0.0327,0.0117,0.0490,0.0001,0.2410,0.4159,39980.929
790,Z,H,0.1170,0.0025,0.0008,0.0005,0.0017,0.0629,0.0251,0.0974,0.0254,0.0372,0.0011,0.0465,0.0001,0.2523,0.4238,40031.378
791,H,Z,0.1147,0.0020,0.0011,0.0004,0.0018,0.0717,0.0286,0.0871,0.0420,0.0337,0.0090,0.0371,0.0002,0.2670,0.4344,40081.832
792,Z,H,0.1441,0.0036,0.0006,0.0004,0.0018,0.0920,0.0325,0.1258,0.0506,0.0347,0.0006,0.0418,0.0001,0.3403,0.5348,40132.387
793,H,Z,0.1197,0.0034,0.0010,0.0004,0.0020,0.0779,0.0306,0.1138,0.0588,0.0345,0.0107,0.0428,0.0002,0.3193,0.5006,40182.908
794,Z,H,0.1170,0.0029,0.0007,0.0003,0.0017,0.0725,0.0293,0.1651,0.0363,0.0351,0.0124,0.0325,0.0000,0.3425,0.5110,40233.437
795,H,Z,0.1101,0.0028,0.0007,0.0004,0.0018,0.0925,0.0248,0.0623,0.0262,0.0341,0.0005,0.0272,0.0002,0.2439,0.3887,40283.872
796,Z,H,0.0851,0.0021,0.0006,0.0003,0.0012,0.0516,0.0244,0.0645,0.0287,0.0313,0.0025,0.0513,0.0001,0.2041,0.3484,40334.243
797,H,Z,0.0872,0.0019,0.0007,0.0003,0.0012,0.0526,0.0252,0.0708,0.0330,0.0401,0.0082,0.0416,0.0001,0.2254,0.3675,40384.630
798,Z,H,0.0855,0.0021,0.0008,0.0005,0.0013,0.0511,0.0227,0.0627,0.0238,0.0339,0.0011,0.0528,0.0001,0.1980,0.3431,40434.997
799,H,Z,0.1190,0.0028,0.0007,0.0004,0.0020,0.0786,0.0297,0.1109,0.0567,0.0443,0.0006,0.0368,0.0002,0.3245,0.4880,40485.503
800,Z,H,0.1037,0.0022,0.0007,0.0003,0.0013,0.0612,0.0262,0.0779,0.0288,0.0483,0.0005,0.0433,0.0001,0.2459,0.3994,40535.926
801,H,Z,0.1163,0.0029,0.0006,0.0004,0.0016,0.0716,0.0303,0.1121,0.0557,0.0399,0.0005,0.0280,0.0002,0.3130,0.4646,40586.408
802,Z,H,0.1126,0.0026,0.0007,0.0004,0.0017,0.0700,0.0291,0.1125,0.0466,0.0372,0.0123,0.0382,0.0001,0.2989,0.4686,40636.898
803,H,Z,0.0912,0.0023,0.0006,0.0004,0.0012,0.0521,0.0231,0.0657,0.0285,0.0400,0.0117,0.0287,0.0001,0.2132,0.3505,40687.266
804,Z,H,0.0801,0.0018,0.0007,0.0003,0.0009,0.0517,0.0216,0.0704,0.0230,0.0311,0.0096,0.0399,0.0002,0.2016,0.3360,40737.620
805,H,Z,0.0817,0.0018,0.0005,0.0003,0.0010,0.0492,0.0232,0.0667,0.0269,0.0324,0.0085,0.0371,0.0001,0.2016,0.3336,40787.976
806,Z,H,0.1133,0.0030,0.0008,0.0004,0.0018,0.0787,0.0362,0.1037,0.0453,0.0377,0.0087,0.0360,0.0002,0.3059,0.4713,40838.470
807,H,Z,0.1030,0.0020,0.0009,0.0004,0.0014,0.0577,0.0258,0.0627,0.0290,0.0311,0.0079,0.0354,0.0001,0.2110,0.3633,40888.854
808,Z,H,0.1111,0.0029,0.0008,0.0003,0.0017,0.0798,0.0283,0.1267,0.0459,0.0340,0.0041,0.0363,0.0002,0.3183,0.4767,40939.349
809,H,Z,0.0925,0.0019,0.0006,0.0003,0.0012,0.0517,0.0234,0.0673,0.0316,0.0281,0.0079,0.0364,0.0002,0.2051,0.3472,40989.715
810,Z,H,0.0888,0.0021,0.0007,0.0004,0.0014,0.0511,0.0233,0.0713,0.0230,0.0300,0.0077,0.0359,0.0001,0.2018,0.3398,41040.077
811,H,Z,0.0837,0.0019,0.0006,0.0005,0.0011,0.0549,0.0238,0.0616,0.0283,0.0309,0.0003,0.0359,0.0000,0.2019,0.3269,41090.419
812,Z,H,0.1124,0.0021,0.0007,0.0005,0.0013,0.0725,0.0289,0.0741,0.0364,0.0282,0.0003,0.0401,0.0001,0.2433,0.4021,41140.837
813,H,Z,0.1115,0.0030,0.0007,0.0003,0.0017,0.0698,0.0279,0.1092,0.0582,0.0413,0.0005,0.0575,0.0002,0.3103,0.4870,41191.345
814,Z,H,0.1162,0.0029,0.0008,0.0004,0.0017,0.0859,0.0290,0.1090,0.0469,0.0388,0.0004,0.0337,0.0002,0.3132,0.4707,41241.839
815,H,Z,0.0929,0.0019,0.0009,0.0003,0.0012,0.0552,0.0252,0.0729,0.0279,0.0316,0.0108,0.0434,0.0002,0.2170,0.3697,41292.232
816,Z,H,0.0887,0.0018,0.0007,0.0003,0.0012,0.0506,0.0230,0.0688,0.0223,0.0297,0.0005,0.0358,0.0001,0.1976,0.3276,41342.577
817,H,Z,0.0817,0.0021,0.0007,0.0002,0.0012,0.0518,0.0234,0.0644,0.0300,0.0294,0.0005,0.0279,0.0001,0.2020,0.3173,41392.913
818,Z,H,0.0836,0.0019,0.0005,0.0003,0.0014,0.0508,0.0236,0.0593,0.0237,0.0255,0.0034,0.0393,0.0001,0.1860,0.3177,41443.248
819,H,Z,0.0915,0.0019,0.0006,0.0004,0.0011,0.0515,0.0247,0.0665,0.0324,0.0406,0.0009,0.0417,0.0001,0.2191,0.3588,41493.627
820,Z,H,0.0968,0.0020,0.0006,0.0002,0.0012,0.0533,0.0236,0.0689,0.0233,0.0302,0.0080,0.0360,0.0002,0.2028,0.3486,41543.994
821,H,Z,0.1088,0.0027,0.0007,0.0004,0.0019,0.0795,0.0301,0.1127,0.0609,0.0348,0.0043,0.0587,0.0002,0.3229,0.5020,41594.527
822,Z,H,0.0890,0.0021,0.0007,0.0003,0.0012,0.0522,0.0233,0.0678,0.0245,0.0368,0.0036,0.0404,0.0001,0.2086,0.3471,41644.897
823,H,Z,0.1136,0.0028,0.0009,0.0004,0.0019,0.0700,0.0287,0.1176,0.0571,0.0360,0.0011,0.0412,0.0001,0.3141,0.4775,41695.405
824,Z,H,0.0897,0.0020,0.0007,0.0002,0.0011,0.0525,0.0238,0.0712,0.0234,0.0288,0.0090,0.0406,0.0001,0.2031,0.3478,41745.775
825,H,Z,0.0839,0.0018,0.0007,0.0002,0.0010,0.0501,0.0215,0.0608,0.0270,0.0381,0.0097,0.0278,0.0002,0.2007,0.3269,41796.122
826,Z,H,0.0865,0.0018,0.0007,0.0004,0.0010,0.0496,0.0269,0.0869,0.0243,0.0316,0.0005,0.0365,0.0001,0.2227,0.3514,41846.488
827,H,Z,0.0871,0.0017,0.0007,0.0003,0.0011,0.0508,0.0222,0.0615,0.0309,0.0347,0.0089,0.0393,0.0001,0.2029,0.3430,41896.854
828,Z,H,0.0778,0.0019,0.0005,0.0003,0.0009,0.0493,0.0208,0.0688,0.0228,0.0315,0.0004,0.0361,0.0001,0.1960,0.3150,41947.185
829,H,Z,0.1021,0.0022,0.0007,0.0003,0.0009,0.0538,0.0232,0.0613,0.0266,0.0450,0.0005,0.0399,0.0001,0.2133,0.3611,41997.564
830,Z,H,0.1136,0.0026,0.0006,0.0004,0.0021,0.0699,0.0290,0.1125,0.0457,0.0335,0.0087,0.0291,0.0002,0.2950,0.4532,42048.036
831,H,Z,0.0882,0.0017,0.0007,0.0003,0.0011,0.0521,0.0318,0.0658,0.0255,0.0268,0.0003,0.0332,0.0001,0.2048,0.3315,42098.392
832,Z,H,0.0832,0.0019,0.0005,0.0003,0.0012,0.0486,0.0236,0.0701,0.0248,0.0345,0.0039,0.0366,0.0001,0.2050,0.3337,42148.759
833,H,Z,0.1114,0.0029,0.0007,0.0004,0.0017,0.0693,0.0297,0.1075,0.0514,0.0355,0.0124,0.0382,0.0002,0.2972,0.4661,42199.243
834,Z,H,0.0840,0.0019,0.0006,0.0003,0.0012,0.0658,0.0221,0.0634,0.0227,0.0273,0.0080,0.0245,0.0001,0.2047,0.3263,42249.587
835,H,Z,0.0808,0.0020,0.0005,0.0003,0.0009,0.0536,0.0221,0.0625,0.0264,0.0288,0.0002,0.0323,0.0000,0.1956,0.3136,42299.923
836,Z,H,0.0871,0.0018,0.0005,0.0003,0.0014,0.0507,0.0226,0.0664,0.0237,0.0383,0.0044,0.0357,0.0001,0.2046,0.3371,42350.277
837,H,Z,0.0820,0.0019,0.0005,0.0003,0.0011,0.0584,0.0229,0.0574,0.0304,0.0306,0.0097,0.0358,0.0000,0.2022,0.3342,42400.628
838,Z,H,0.1156,0.0030,0.0008,0.0004,0.0020,0.0725,0.0305,0.1046,0.0550,0.0339,0.0083,0.0428,0.0002,0.3010,0.4752,42451.122
839,H,Z,0.1203,0.0030,0.0006,0.0004,0.0017,0.0698,0.0284,0.0985,0.0517,0.0384,0.0005,0.0415,0.0003,0.2909,0.4602,42501.603
840,Z,H,0.0851,0.0016,0.0008,0.0003,0.0011,0.0675,0.0226,0.0618,0.0237,0.0383,0.0012,0.0261,0.0003,0.2173,0.3348,42551.954
841,H,Z,0.1037,0.0024,0.0006,0.0004,0.0013,0.0698,0.0271,0.0755,0.0362,0.0314,0.0031,0.0321,0.0002,0.2438,0.3888,42602.361
842,Z,H,0.0809,0.0019,0.0007,0.0003,0.0012,0.0496,0.0230,0.0708,0.0237,0.0282,0.0090,0.0308,0.0001,0.1988,0.3246,42652.705
843,H,Z,0.0846,0.0017,0.0006,0.0003,0.0009,0.0673,0.0283,0.0649,0.0265,0.0286,0.0034,0.0353,0.0001,0.2184,0.3463,42703.069
844,Z,H,0.0826,0.0017,0.0005,0.0002,0.0010,0.0531,0.0221,0.0641,0.0276,0.0302,0.0101,0.0327,0.0001,0.1998,0.3296,42753.416
845,H,Z,0.0915,0.0016,0.0006,0.0002,0.0010,0.0517,0.0220,0.0627,0.0277,0.0264,0.0038,0.0371,0.0002,0.1939,0.3308,42803.766
846,Z,H,0.1043,0.0029,0.0007,0.0003,0.0017,0.0753,0.0277,0.1093,0.0441,0.0292,0.0024,0.0444,0.0002,0.2908,0.4486,42854.235
847,H,Z,0.0957,0.0017,0.0007,0.0004,0.0016,0.0712,0.0271,0.0760,0.0351,0.0324,0.0003,0.0308,0.0002,0.2446,0.3769,42904.636
848,Z,H,0.1081,0.0018,0.0006,0.0003,0.0010,0.0786,0.0238,0.0791,0.0321,0.0279,0.0006,0.0377,0.0002,0.2451,0.3964,42955.051
849,H,Z,0.0787,0.0014,0.0007,0.0003,0.0009,0.0482,0.0256,0.0647,0.0275,0.0297,0.0025,0.0463,0.0001,0.1995,0.3313,43005.401
850,Z,H,0.1092,0.0016,0.0008,0.0004,0.0013,0.0688,0.0283,0.0892,0.0309,0.0333,0.0090,0.0378,0.0002,0.2550,0.4164,43055.840
851,H,Z,0.0937,0.0019,0.0007,0.0004,0.0012,0.0718,0.0241,0.0711,0.0291,0.0334,0.0052,0.0459,0.0001,0.2328,0.3828,43106.249
852,Z,H,0.0914,0.0019,0.0005,0.0003,0.0011,0.0516,0.0234,0.0750,0.0286,0.0321,0.0187,0.0376,0.0000,0.2134,0.3660,43156.631
853,H,Z,0.0902,0.0020,0.0007,0.0004,0.0013,0.0520,0.0233,0.0694,0.0314,0.0322,0.0107,0.0441,0.0001,0.2113,0.3619,43207.013
854,Z,H,0.0907,0.0013,0.0007,0.0003,0.0014,0.0506,0.0230,0.0768,0.0232,0.0295,0.0050,0.0426,0.0001,0.2060,0.3488,43257.378
855,H,Z,0.0817,0.0015,0.0005,0.0002,0.0010,0.0495,0.0216,0.0620,0.0274,0.0273,0.0081,0.0347,0.0001,0.1906,0.3193,43307.714
856,Z,H,0.0842,0.0016,0.0005,0.0003,0.0009,0.0492,0.0220,0.0687,0.0262,0.0315,0.0082,0.0348,0.0001,0.2005,0.3320,43358.062
857,H,Z,0.0911,0.0013,0.0006,0.0002,0.0008,0.0563,0.0209,0.0575,0.0262,0.0301,0.0005,0.0326,0.0001,0.1942,0.3226,43408.400
858,Z,H,0.0891,0.0019,0.0008,0.0003,0.0009,0.0507,0.0236,0.0772,0.0242,0.0471,0.0009,0.0392,0.0001,0.2264,0.3607,43458.785
859,H,Z,0.0903,0.0019,0.0006,0.0004,0.0011,0.0507,0.0245,0.0635,0.0279,0.0407,0.0347,0.0414,0.0002,0.2109,0.3827,43509.188
860,Z,H,0.1146,0.0019,0.0009,0.0003,0.0013,0.0561,0.0246,0.0708,0.0296,0.0346,0.0139,0.0393,0.0002,0.2192,0.3926,43559.602
861,H,Z,0.0833,0.0016,0.0006,0.0003,0.0012,0.0503,0.0223,0.0614,0.0273,0.0322,0.0005,0.0348,0.0002,0.1965,0.3200,43609.973
862,Z,H,0.1119,0.0027,0.0006,0.0004,0.0015,0.0683,0.0266,0.1166,0.0468,0.0285,0.0105,0.0317,0.0001,0.2909,0.4515,43660.440
863,H,Z,0.0889,0.0018,0.0008,0.0003,0.0010,0.0662,0.0242,0.0646,0.0273,0.0429,0.0004,0.0383,0.0002,0.2287,0.3614,43710.819
864,Z,H,0.0871,0.0020,0.0007,0.0004,0.0010,0.0508,0.0227,0.0741,0.0231,0.0377,0.0046,0.0266,0.0000,0.2115,0.3349,43761.169
865,H,Z,0.0823,0.0014,0.0006,0.0002,0.0009,0.0483,0.0211,0.0598,0.0287,0.0318,0.0005,0.0336,0.0001,0.1927,0.3130,43811.499
866,Z,H,0.0860,0.0016,0.0005,0.0002,0.0009,0.0485,0.0203,0.0646,0.0227,0.0378,0.0007,0.0435,0.0001,0.1975,0.3319,43861.849
867,H,Z,0.1457,0.0028,0.0006,0.0003,0.0017,0.0836,0.0235,0.1382,0.0496,0.0309,0.0023,0.0260,0.0001,0.3289,0.5092,43912.374
868,Z,H,0.0797,0.0012,0.0005,0.0002,0.0011,0.0624,0.0211,0.0628,0.0229,0.0288,0.0093,0.0335,0.0001,0.2019,0.3285,43962.724
869,H,Z,0.0819,0.0016,0.0005,0.0003,0.0010,0.0483,0.0216,0.0626,0.0257,0.0332,0.0077,0.0368,0.0002,0.1944,0.3254,44013.064
870,Z,H,0.0820,0.0017,0.0008,0.0003,0.0009,0.0518,0.0214,0.0675,0.0211,0.0321,0.0003,0.0352,0.0000,0.1965,0.3186,44063.402
871,H,Z,0.1006,0.0017,0.0007,0.0002,0.0011,0.0697,0.0256,0.0742,0.0351,0.0349,0.0009,0.0332,0.0001,0.2436,0.3828,44113.801
872,Z,H,0.1069,0.0028,0.0006,0.0005,0.0015,0.0683,0.0250,0.1091,0.0450,0.0314,0.0079,0.0350,0.0002,0.2827,0.4390,44164.261
873,H,Z,0.0894,0.0018,0.0007,0.0002,0.0009,0.0527,0.0237,0.0739,0.0282,0.0253,0.0003,0.0441,0.0001,0.2065,0.3448,44214.621
874,Z,H,0.0830,0.0017,0.0005,0.0004,0.0010,0.0499,0.0215,0.0709,0.0242,0.0340,0.0119,0.0333,0.0000,0.2031,0.3358,44264.972
875,H,Z,0.0813,0.0015,0.0005,0.0003,0.0010,0.0511,0.0230,0.0644,0.0273,0.0315,0.0034,0.0343,0.0000,0.2001,0.3233,44315.313
876,Z,H,0.0943,0.0018,0.0005,0.0002,0.0010,0.0515,0.0210,0.0590,0.0283,0.0433,0.0003,0.0305,0.0000,0.2057,0.3351,44365.665
877,H,Z,0.0869,0.0018,0.0005,0.0002,0.0013,0.0532,0.0245,0.0575,0.0272,0.0284,0.0042,0.0289,0.0001,0.1943,0.3190,44416.001
878,Z,H,0.1152,0.0030,0.0008,0.0004,0.0020,0.0767,0.0291,0.1176,0.0488,0.0330,0.0006,0.0385,0.0002,0.3094,0.4712,44466.492
879,H,Z,0.1145,0.0025,0.0008,0.0002,0.0016,0.0718,0.0267,0.1032,0.0498,0.0348,0.0038,0.0305,0.0001,0.2896,0.4450,44516.961
880,Z,H,0.0947,0.0019,0.0010,0.0003,0.0013,0.0696,0.0258,0.0731,0.0227,0.0361,0.0005,0.0418,0.0002,0.2311,0.3737,44567.358
881,H,Z,0.1029,0.0022,0.0007,0.0004,0.0014,0.0694,0.0255,0.0948,0.0529,0.0331,0.0006,0.0324,0.0002,0.2790,0.4207,44617.795
882,Z,H,0.1030,0.0020,0.0005,0.0003,0.0012,0.0655,0.0258,0.0955,0.0436,0.0288,0.0053,0.0237,0.0001,0.2627,0.3999,44668.214
883,H,Z,0.0889,0.0018,0.0006,0.0002,0.0010,0.0585,0.0212,0.0555,0.0303,0.0282,0.0005,0.0352,0.0001,0.1971,0.3262,44718.557
884,Z,H,0.0752,0.0015,0.0005,0.0001,0.0010,0.0466,0.0181,0.0638,0.0218,0.0257,0.0074,0.0432,0.0001,0.1789,0.3088,44768.887
885,H,Z,0.0935,0.0013,0.0005,0.0002,0.0011,0.0783,0.0213,0.0639,0.0322,0.0280,0.0115,0.0307,0.0001,0.2266,0.3664,44819.271
886,Z,H,0.0822,0.0017,0.0005,0.0002,0.0009,0.0484,0.0211,0.0630,0.0224,0.0285,0.0157,0.0307,0.0001,0.1866,0.3194,44869.609
887,H,Z,0.1127,0.0020,0.0008,0.0003,0.0013,0.0625,0.0270,0.0792,0.0357,0.0374,0.0208,0.0320,0.0002,0.2452,0.4165,44920.044
888,Z,H,0.0785,0.0014,0.0006,0.0001,0.0011,0.0475,0.0199,0.0679,0.0230,0.0262,0.0099,0.0360,0.0001,0.1878,0.3164,44970.379
889,H,Z,0.0826,0.0019,0.0005,0.0002,0.0011,0.0481,0.0216,0.0649,0.0308,0.0357,0.0005,0.0358,0.0002,0.2043,0.3279,45020.726
890,Z,H,0.0865,0.0015,0.0005,0.0003,0.0013,0.0524,0.0230,0.0774,0.0223,0.0344,0.0006,0.0469,0.0002,0.2132,0.3520,45071.113
891,H,Z,0.0784,0.0032,0.0003,0.0002,0.0010,0.0663,0.0202,0.0537,0.0239,0.0397,0.0036,0.0379,0.0001,0.2069,0.3325,45121.462
892,Z,H,0.0882,0.0017,0.0005,0.0004,0.0011,0.0501,0.0245,0.0751,0.0279,0.0298,0.0009,0.0390,0.0002,0.2110,0.3441,45171.826
893,H,Z,0.0955,0.0014,0.0007,0.0003,0.0012,0.0517,0.0249,0.0689,0.0305,0.0285,0.0102,0.0414,0.0001,0.2078,0.3598,45222.208
894,Z,H,0.0820,0.0016,0.0005,0.0002,0.0008,0.0492,0.0213,0.0643,0.0233,0.0533,0.0155,0.0321,0.0001,0.2143,0.3482,45272.574
895,H,Z,0.0820,0.0023,0.0005,0.0003,0.0012,0.0510,0.0236,0.0581,0.0262,0.0661,0.0023,0.0980,0.0001,0.2288,0.4168,45323.013
896,Z,H,0.0901,0.0020,0.0006,0.0003,0.0010,0.0531,0.0250,0.0768,0.0236,0.0370,0.0112,0.0266,0.0001,0.2187,0.3518,45373.382
897,H,Z,0.0887,0.0019,0.0006,0.0003,0.0012,0.0536,0.0234,0.0699,0.0276,0.0417,0.0083,0.0422,0.0001,0.2198,0.3641,45423.771
898,Z,H,0.0845,0.0021,0.0006,0.0003,0.0013,0.0517,0.0232,0.0730,0.0238,0.0331,0.0006,0.0389,0.0001,0.2083,0.3379,45474.127
899,H,Z,0.1577,0.0032,0.0007,0.0003,0.0018,0.1057,0.0288,0.1006,0.0468,0.0427,0.0045,0.0351,0.0002,0.3287,0.5334,45524.679
900,Z,H,0.1041,0.0020,0.0006,0.0005,0.0012,0.0529,0.0251,0.0695,0.0239,0.0323,0.0137,0.0295,0.0000,0.2068,0.3595,45575.070
901,H,Z,0.1169,0.0081,0.0009,0.0004,0.0019,0.0734,0.0315,0.1172,0.0588,0.0402,0.0101,0.0439,0.0002,0.3263,0.5097,45625.607
902,Z,H,0.0938,0.0021,0.0007,0.0004,0.0012,0.0522,0.0248,0.0798,0.0275,0.0442,0.0211,0.0316,0.0002,0.2317,0.3839,45676.012
903,H,Z,0.0883,0.0020,0.0008,0.0003,0.0013,0.0506,0.0230,0.0700,0.0270,0.0612,0.0083,0.0273,0.0001,0.2348,0.3642,45726.392
904,Z,H,0.1008,0.0016,0.0008,0.0005,0.0010,0.0522,0.0260,0.0765,0.0319,0.0335,0.0005,0.0356,0.0003,0.2239,0.3663,45776.779
905,H,Z,0.0877,0.0018,0.0005,0.0002,0.0011,0.0482,0.0215,0.0634,0.0269,0.0361,0.0008,0.0377,0.0001,0.1995,0.3302,45827.130
906,Z,H,0.1021,0.0020,0.0006,0.0004,0.0015,0.0656,0.0258,0.0815,0.0329,0.0334,0.0025,0.0269,0.0002,0.2429,0.3802,45877.531
907,H,Z,0.1100,0.0023,0.0007,0.0003,0.0015,0.0695,0.0279,0.1052,0.0532,0.0389,0.0005,0.0340,0.0002,0.2984,0.4493,45928.008
908,Z,H,0.1140,0.0023,0.0010,0.0005,0.0015,0.0615,0.0293,0.0744,0.0291,0.0443,0.0091,0.0385,0.0001,0.2427,0.4108,45978.438
909,H,Z,0.0839,0.0018,0.0007,0.0003,0.0011,0.0492,0.0235,0.0669,0.0296,0.0657,0.0269,0.0393,0.0002,0.2385,0.3940,46028.860
910,Z,H,0.0848,0.0017,0.0006,0.0003,0.0011,0.0502,0.0222,0.0703,0.0228,0.0301,0.0040,0.0259,0.0001,0.1988,0.3183,46079.193
911,H,Z,0.1071,0.0021,0.0007,0.0003,0.0013,0.0666,0.0272,0.0767,0.0359,0.0381,0.0096,0.0336,0.0002,0.2483,0.4042,46129.638
912,Z,H,0.1026,0.0019,0.0006,0.0003,0.0012,0.0504,0.0222,0.0761,0.0276,0.0371,0.0144,0.0415,0.0001,0.2166,0.3808,46180.042
913,H,Z,0.0859,0.0020,0.0007,0.0003,0.0011,0.0508,0.0252,0.0658,0.0283,0.0301,0.0154,0.0377,0.0001,0.2039,0.3481,46230.410
914,Z,H,0.0812,0.0018,0.0008,0.0002,0.0011,0.0674,0.0215,0.0665,0.0216,0.0302,0.0006,0.0350,0.0001,0.2097,0.3315,46280.760
915,H,Z,0.1036,0.0019,0.0007,0.0002,0.0011,0.0528,0.0216,0.0739,0.0303,0.0273,0.0089,0.0347,0.0001,0.2088,0.3609,46331.137
916,Z,H,0.0980,0.0016,0.0006,0.0002,0.0011,0.0491,0.0220,0.0709,0.0286,0.0288,0.0085,0.0362,0.0001,0.2029,0.3502,46381.505
917,H,Z,0.0823,0.0019,0.0006,0.0003,0.0009,0.0489,0.0227,0.0621,0.0261,0.0279,0.0005,0.0360,0.0001,0.1910,0.3148,46431.837
918,Z,H,0.1144,0.0027,0.0010,0.0004,0.0019,0.0700,0.0300,0.1190,0.0540,0.0333,0.0099,0.0400,0.0003,0.3107,0.4826,46482.344
919,H,Z,0.1185,0.0018,0.0009,0.0004,0.0014,0.0701,0.0267,0.0839,0.0360,0.0278,0.0129,0.0316,0.0002,0.2480,0.4170,46532.779
920,Z,H,0.0768,0.0015,0.0006,0.0003,0.0009,0.0486,0.0213,0.0635,0.0231,0.0254,0.0091,0.0350,0.0000,0.1846,0.3097,46583.103
921,H,Z,0.0807,0.0020,0.0005,0.0002,0.0011,0.0522,0.0216,0.0599,0.0270,0.0358,0.0044,0.0319,0.0001,0.1997,0.3214,46633.439
922,Z,H,0.0848,0.0018,0.0006,0.0003,0.0011,0.0490,0.0221,0.0692,0.0241,0.0294,0.0004,0.0273,0.0002,0.1976,0.3149,46683.772
923,H,Z,0.0880,0.0019,0.0005,0.0003,0.0011,0.0513,0.0252,0.0753,0.0326,0.0351,0.0079,0.0278,0.0001,0.2230,0.3516,46734.145
924,Z,H,0.0844,0.0016,0.0007,0.0002,0.0009,0.0501,0.0210,0.0654,0.0213,0.0304,0.0003,0.0258,0.0000,0.1905,0.3054,46784.466
925,H,Z,0.0844,0.0018,0.0006,0.0002,0.0012,0.0503,0.0223,0.0622,0.0247,0.0285,0.0004,0.0369,0.0001,0.1912,0.3176,46834.803
926,Z,H,0.0838,0.0013,0.0008,0.0002,0.0010,0.0496,0.0219,0.0630,0.0225,0.0319,0.0017,0.0361,0.0001,0.1926,0.3187,46885.142
927,H,Z,0.0800,0.0016,0.0006,0.0004,0.0008,0.0514,0.0211,0.0598,0.0249,0.0268,0.0206,0.1077,0.0001,0.1869,0.4021,46935.613
928,Z,H,0.0864,0.0018,0.0006,0.0003,0.0009,0.0499,0.0227,0.0690,0.0257,0.0242,0.0170,0.0346,0.0000,0.1939,0.3364,46985.969
929,H,Z,0.0869,0.0018,0.0006,0.0002,0.0013,0.0515,0.0231,0.0697,0.0279,0.0276,0.0088,0.0282,0.0001,0.2029,0.3318,47036.318
930,Z,H,0.1045,0.0024,0.0005,0.0004,0.0016,0.0658,0.0263,0.1055,0.0495,0.0328,0.0004,0.0250,0.0001,0.2835,0.4195,47086.755
931,H,Z,0.1050,0.0028,0.0007,0.0004,0.0018,0.0691,0.0279,0.1036,0.0521,0.0310,0.0006,0.0350,0.0002,0.2869,0.4343,47137.213
932,Z,H,0.0904,0.0018,0.0008,0.0003,0.0012,0.0516,0.0229,0.0805,0.0240,0.0334,0.0110,0.0364,0.0002,0.2158,0.3587,47187.590
933,H,Z,0.0759,0.0015,0.0005,0.0002,0.0008,0.0474,0.0182,0.0598,0.0259,0.0233,0.0099,0.0230,0.0000,0.1771,0.2897,47237.896
934,Z,H,0.0913,0.0013,0.0005,0.0002,0.0009,0.0488,0.0212,0.0656,0.0228,0.0305,0.0074,0.0399,0.0001,0.1924,0.3349,47288.250
935,H,Z,0.0748,0.0015,0.0004,0.0002,0.0008,0.0478,0.0200,0.0573,0.0246,0.0298,0.0096,0.0345,0.0002,0.1818,0.3045,47338.570
936,Z,H,0.0870,0.0017,0.0006,0.0003,0.0011,0.0744,0.0271,0.0638,0.0303,0.0308,0.0006,0.0270,0.0001,0.2297,0.3489,47388.938
937,H,Z,0.1052,0.0024,0.0008,0.0004,0.0017,0.0695,0.0291,0.0966,0.0497,0.0319,0.0005,0.0354,0.0002,0.2806,0.4283,47439.384
938,Z,H,0.1043,0.0024,0.0006,0.0002,0.0014,0.0698,0.0257,0.1009,0.0481,0.0324,0.0082,0.0340,0.0001,0.2806,0.4327,47489.837
939,H,Z,0.0848,0.0016,0.0005,0.0004,0.0008,0.0491,0.0219,0.0647,0.0265,0.0337,0.0103,0.0378,0.0001,0.1994,0.3366,47540.198
940,Z,H,0.1200,0.0025,0.0006,0.0002,0.0014,0.0675,0.0235,0.1053,0.0451,0.0299,0.0008,0.0336,0.0001,0.2757,0.4358,47590.662
941,H,Z,0.0997,0.0021,0.0003,0.0003,0.0012,0.0665,0.0229,0.0901,0.0469,0.0305,0.0108,0.0342,0.0001,0.2599,0.4094,47641.089
942,Z,H,0.0760,0.0013,0.0004,0.0003,0.0009,0.0502,0.0187,0.0581,0.0203,0.0253,0.0021,0.0305,0.0001,0.1753,0.2877,47691.394
943,H,Z,0.0818,0.0013,0.0007,0.0002,0.0010,0.0499,0.0216,0.0590,0.0264,0.0320,0.0040,0.0395,0.0001,0.1925,0.3221,47741.741
944,Z,H,0.0832,0.0016,0.0006,0.0002,0.0011,0.0797,0.0230,0.0653,0.0241,0.0290,0.0005,0.0323,0.0002,0.2244,0.3450,47792.102
945,H,Z,0.0751,0.0011,0.0005,0.0002,0.0010,0.0508,0.0203,0.0567,0.0280,0.0258,0.0092,0.0218,0.0000,0.1842,0.2940,47842.409
946,Z,H,0.0978,0.0017,0.0006,0.0002,0.0010,0.0528,0.0230,0.0661,0.0216,0.0308,0.0092,0.0401,0.0001,0.1980,0.3498,47892.781
947,H,Z,0.0865,0.0019,0.0006,0.0002,0.0009,0.0510,0.0224,0.0638,0.0315,0.0378,0.0037,0.0425,0.0002,0.2104,0.3479,47943.150
948,Z,H,0.0815,0.0014,0.0005,0.0003,0.0015,0.0516,0.0244,0.0800,0.0263,0.0362,0.0045,0.0363,0.0001,0.2219,0.3488,47993.518
949,H,Z,0.1224,0.0035,0.0007,0.0004,0.0021,0.0718,0.0301,0.1032,0.0579,0.0319,0.0005,0.0351,0.0001,0.2986,0.4646,48044.001
950,Z,H,0.0891,0.0021,0.0006,0.0004,0.0011,0.0537,0.0229,0.0764,0.0274,0.0323,0.0096,0.0382,0.0001,0.2164,0.3588,48094.384
951,H,Z,0.1116,0.0019,0.0005,0.0006,0.0013,0.0677,0.0268,0.0820,0.0358,0.0347,0.0073,0.0391,0.0002,0.2509,0.4143,48144.817
952,Z,H,0.1346,0.0044,0.0012,0.0006,0.0036,0.1031,0.0433,0.1554,0.0559,0.0453,0.0007,0.0740,0.0005,0.4080,0.6293,48195.474
953,H,Z,0.1181,0.0021,0.0009,0.0004,0.0016,0.0765,0.0304,0.0831,0.0410,0.0314,0.0079,0.0384,0.0002,0.2663,0.4370,48245.935
954,Z,H,0.0824,0.0017,0.0006,0.0003,0.0010,0.0493,0.0215,0.0688,0.0239,0.0382,0.0099,0.0423,0.0001,0.2052,0.3443,48296.302
955,H,Z,0.0840,0.0021,0.0006,0.0003,0.0012,0.0491,0.0236,0.0618,0.0263,0.0357,0.0124,0.0350,0.0001,0.1996,0.3364,48346.660
956,Z,H,0.1018,0.0022,0.0005,0.0002,0.0011,0.0503,0.0225,0.0672,0.0229,0.0318,0.0052,0.0357,0.0001,0.1975,0.3449,48397.023
957,H,Z,0.0840,0.0020,0.0006,0.0003,0.0011,0.0504,0.0235,0.0681,0.0296,0.0320,0.0098,0.0370,0.0001,0.2066,0.3425,48447.385
958,Z,H,0.0838,0.0018,0.0006,0.0003,0.0009,0.0495,0.0220,0.0696,0.0235,0.0295,0.0005,0.0329,0.0002,0.1969,0.3187,48497.723
959,H,Z,0.0833,0.0017,0.0005,0.0003,0.0012,0.0500,0.0224,0.0651,0.0272,0.0312,0.0102,0.0394,0.0001,0.1992,0.3369,48548.077
960,Z,H,0.0828,0.0017,0.0006,0.0004,0.0010,0.0548,0.0225,0.0674,0.0227,0.0326,0.0132,0.0378,0.0001,0.2033,0.3419,48598.439
961,H,Z,0.0890,0.0016,0.0006,0.0003,0.0011,0.0514,0.0218,0.0635,0.0288,0.0317,0.0118,0.0406,0.0001,0.2012,0.3471,48648.816
962,Z,H,0.1442,0.0045,0.0010,0.0006,0.0029,0.0806,0.0391,0.1537,0.0528,0.0450,0.0127,0.0712,0.0003,0.3763,0.6154,48699.469
963,H,Z,0.1142,0.0020,0.0012,0.0005,0.0014,0.0727,0.0291,0.0798,0.0381,0.0331,0.0004,0.0316,0.0002,0.2562,0.4092,48749.900
964,Z,H,0.0830,0.0017,0.0007,0.0002,0.0010,0.0495,0.0213,0.0742,0.0218,0.0267,0.0046,0.0395,0.0001,0.1968,0.3288,48800.247
965,H,Z,0.0845,0.0016,0.0005,0.0003,0.0009,0.0499,0.0224,0.0648,0.0273,0.0323,0.0004,0.0284,0.0001,0.2003,0.3180,48850.594
966,Z,H,0.1096,0.0020,0.0006,0.0004,0.0012,0.0676,0.0275,0.0913,0.0318,0.0291,0.0093,0.0335,0.0002,0.2512,0.4091,48901.020
967,H,Z,0.1099,0.0021,0.0006,0.0002,0.0013,0.0710,0.0260,0.0788,0.0345,0.0287,0.0004,0.0392,0.0001,0.2423,0.3974,48951.439
968,Z,H,0.1062,0.0019,0.0008,0.0001,0.0014,0.0534,0.0243,0.0762,0.0252,0.0314,0.0032,0.0430,0.0001,0.2143,0.3721,49001.833
969,H,Z,0.0994,0.0020,0.0009,0.0003,0.0013,0.0676,0.0231,0.0739,0.0342,0.0241,0.0085,0.0391,0.0001,0.2265,0.3791,49052.230
970,Z,H,0.0833,0.0020,0.0005,0.0003,0.0014,0.0508,0.0224,0.0692,0.0274,0.0304,0.0007,0.0410,0.0001,0.2037,0.3341,49102.584
971,H,Z,0.0803,0.0016,0.0005,0.0002,0.0012,0.0480,0.0210,0.0615,0.0263,0.0315,0.0005,0.0342,0.0001,0.1911,0.3111,49152.913
972,Z,H,0.0850,0.0020,0.0006,0.0003,0.0010,0.0493,0.0217,0.0737,0.0227,0.0367,0.0485,0.0323,0.0000,0.2068,0.3774,49203.307
973,H,Z,0.1135,0.0022,0.0006,0.0003,0.0017,0.0706,0.0281,0.1043,0.0507,0.0394,0.0005,0.0465,0.0001,0.2972,0.4637,49253.790
974,Z,H,0.0869,0.0020,0.0006,0.0003,0.0012,0.0532,0.0231,0.0700,0.0226,0.0331,0.0146,0.0330,0.0001,0.2054,0.3451,49304.167
975,H,Z,0.0866,0.0017,0.0007,0.0004,0.0010,0.0498,0.0213,0.0685,0.0270,0.0474,0.0004,0.0335,0.0003,0.2170,0.3425,49354.529
976,Z,H,0.0804,0.0017,0.0005,0.0002,0.0013,0.0505,0.0219,0.0630,0.0242,0.0413,0.0077,0.0263,0.0001,0.2038,0.3231,49404.874
977,H,Z,0.0828,0.0018,0.0006,0.0002,0.0009,0.0494,0.0223,0.0561,0.0283,0.0372,0.0080,0.0296,0.0001,0.1964,0.3215,49455.216
978,Z,H,0.0916,0.0018,0.0006,0.0004,0.0011,0.0528,0.0238,0.0741,0.0253,0.0350,0.0087,0.0412,0.0001,0.2144,0.3609,49505.595
979,H,Z,0.0901,0.0016,0.0006,0.0003,0.0011,0.0522,0.0230,0.0661,0.0273,0.0349,0.0005,0.0326,0.0002,0.2070,0.3350,49555.946
980,Z,H,0.1061,0.0022,0.0006,0.0004,0.0015,0.0598,0.0214,0.0689,0.0233,0.0341,0.0007,0.0474,0.0001,0.2112,0.3718,49606.336
981,H,Z,0.1101,0.0026,0.0008,0.0004,0.0018,0.0676,0.0298,0.1078,0.0515,0.0364,0.0008,0.0373,0.0001,0.2977,0.4527,49656.818
982,Z,H,0.0882,0.0017,0.0007,0.0002,0.0009,0.0512,0.0240,0.0684,0.0229,0.0326,0.0012,0.0341,0.0001,0.2026,0.3308,49707.166
983,H,Z,0.0821,0.0018,0.0005,0.0003,0.0010,0.0498,0.0201,0.0656,0.0270,0.0288,0.0080,0.0329,0.0001,0.1941,0.3216,49757.504
984,Z,H,0.0856,0.0016,0.0006,0.0003,0.0010,0.0483,0.0216,0.0679,0.0234,0.0310,0.0036,0.0383,0.0001,0.1959,0.3280,49807.852
985,H,Z,0.0829,0.0017,0.0007,0.0002,0.0010,0.0493,0.0222,0.0614,0.0270,0.0320,0.0005,0.0348,0.0003,0.1948,0.3181,49858.187
986,Z,H,0.1189,0.0022,0.0007,0.0004,0.0012,0.0695,0.0288,0.0902,0.0310,0.0320,0.0090,0.0333,0.0002,0.2550,0.4220,49908.626
987,H,Z,0.1092,0.0019,0.0006,0.0004,0.0014,0.0564,0.0225,0.0678,0.0303,0.0334,0.0075,0.0417,0.0001,0.2140,0.3780,49959.024
988,Z,H,0.1114,0.0026,0.0008,0.0004,0.0018,0.0772,0.0289,0.1121,0.0490,0.0343,0.0006,0.0364,0.0002,0.3060,0.4614,50009.507
989,H,Z,0.0852,0.0016,0.0008,0.0003,0.0012,0.0527,0.0241,0.0599,0.0277,0.0346,0.0005,0.0335,0.0001,0.2022,0.3262,50059.854
990,Z,H,0.0814,0.0016,0.0007,0.0004,0.0011,0.0477,0.0213,0.0685,0.0233,0.0324,0.0089,0.0343,0.0001,0.1960,0.3255,50110.197
991,H,Z,0.0839,0.0017,0.0006,0.0002,0.0013,0.0484,0.0222,0.0647,0.0264,0.0313,0.0004,0.0247,0.0002,0.1961,0.3101,50160.529
992,Z,H,0.1035,0.0019,0.0006,0.0003,0.0012,0.0537,0.0249,0.0717,0.0253,0.0318,0.0033,0.0344,0.0001,0.2105,0.3567,50210.903
993,H,Z,0.0867,0.0017,0.0006,0.0003,0.0009,0.0497,0.0220,0.0624,0.0303,0.0263,0.0005,0.0308,0.0001,0.1957,0.3182,50261.271
994,Z,H,0.0850,0.0017,0.0005,0.0003,0.0011,0.0497,0.0235,0.0749,0.0259,0.0340,0.0007,0.0451,0.0002,0.2110,0.3467,50311.637
995,H,Z,0.0884,0.0020,0.0006,0.0004,0.0013,0.0520,0.0243,0.0641,0.0277,0.0332,0.0006,0.0221,0.0002,0.2049,0.3218,50361.981
996,Z,H,0.0944,0.0021,0.0007,0.0003,0.0012,0.0534,0.0247,0.0783,0.0245,0.0416,0.0009,0.0537,0.0001,0.2264,0.3808,50412.384
997,H,Z,0.0927,0.0020,0.0006,0.0003,0.0011,0.0530,0.0237,0.0715,0.0286,0.0342,0.0231,0.0349,0.0000,0.2137,0.3694,50462.775
998,Z,H,0.1145,0.0016,0.0005,0.0003,0.0013,0.0527,0.0226,0.0688,0.0240,0.0471,0.0009,0.0414,0.0000,0.2186,0.3801,50513.176
999,H,Z,0.1168,0.0021,0.0008,0.0004,0.0015,0.0696,0.0291,0.0824,0.0392,0.0358,0.0006,0.0285,0.0002,0.2600,0.4121,50563.611
