swap_idx,from,to,read_toml,disconnect,retune_radio,park_selectors,load_plugins,build_read_toml,build_create_blocks,build_connect,build_bridge_ports,start_runtime,reconnect,terminate_spawn,unpark_selectors,build_and_start,total,t_ms
0,Z,H,0.1850,0.0019,0.0006,0.0005,0.0023,0.1169,0.3893,0.1528,0.0239,0.0736,0.0011,0.0389,0.0001,0.7611,0.9928,254.629
1,H,Z,0.2084,0.0031,0.0006,0.0004,0.0031,0.1211,0.5028,0.1575,0.0303,0.0640,0.0005,0.0345,0.0002,0.8807,1.1324,305.786
2,Z,H,0.1535,0.0023,0.0007,0.0003,0.0025,0.1001,0.3479,0.1602,0.0232,0.0788,0.0011,0.0433,0.0001,0.7166,0.9216,356.740
3,H,Z,0.1448,0.0021,0.0006,0.0003,0.0023,0.1007,0.3520,0.1556,0.0253,0.0534,0.0008,0.0327,0.0000,0.6920,0.8768,407.637
4,Z,H,0.1717,0.0019,0.0005,0.0004,0.0022,0.0964,0.2681,0.1590,0.0262,0.0667,0.0006,0.0379,0.0002,0.6212,0.8379,458.514
5,H,Z,0.1552,0.0021,0.0007,0.0002,0.0022,0.0927,0.3349,0.1730,0.0298,0.0818,0.0041,0.0311,0.0002,0.7170,0.9139,509.453
6,Z,H,0.1387,0.0022,0.0008,0.0003,0.0027,0.0868,0.2810,0.1644,0.0243,0.0909,0.0007,0.0335,0.0001,0.6544,0.8348,560.320
7,H,Z,0.1973,0.0027,0.0006,0.0003,0.0036,0.1205,0.5080,0.2688,0.0493,0.0747,0.0101,0.0269,0.0001,1.0257,1.2687,611.615
8,Z,H,0.1241,0.0021,0.0007,0.0003,0.0023,0.0871,0.2557,0.1494,0.0210,0.0695,0.0084,0.0309,0.0001,0.5888,0.7589,662.398
9,H,Z,0.1464,0.0019,0.0006,0.0002,0.0023,0.0936,0.3387,0.1504,0.0261,0.0797,0.0114,0.0350,0.0002,0.6938,0.8928,713.316
10,Z,H,0.1696,0.0023,0.0006,0.0003,0.0021,0.0961,0.3270,0.1487,0.0236,0.0878,0.0011,0.0443,0.0001,0.6899,0.9112,764.266
11,H,Z,0.1279,0.0021,0.0007,0.0004,0.0024,0.0894,0.2866,0.1624,0.0278,0.0879,0.0006,0.0305,0.0001,0.6599,0.8257,815.115
12,Z,H,0.1403,0.0023,0.0007,0.0003,0.0023,0.0909,0.2569,0.1670,0.0242,0.0703,0.0006,0.0294,0.0000,0.6136,0.7908,865.933
13,H,Z,0.2047,0.0026,0.0008,0.0004,0.0029,0.1066,0.3185,0.1563,0.0258,0.0996,0.0007,0.0283,0.0002,0.7108,0.9527,916.909
14,Z,H,0.1566,0.0019,0.0006,0.0005,0.0021,0.0940,0.3501,0.1583,0.0227,0.0843,0.0006,0.0283,0.0000,0.7140,0.9056,967.844
15,H,Z,0.1288,0.0023,0.0008,0.0005,0.0023,0.0880,0.2242,0.1640,0.0285,0.0752,0.0010,0.0407,0.0001,0.5858,0.7634,1018.631
16,Z,H,0.1256,0.0023,0.0007,0.0003,0.0021,0.0942,0.2664,0.2443,0.0235,0.0587,0.0006,0.0301,0.0002,0.6973,0.8601,1069.516
17,H,Z,0.1420,0.0023,0.0006,0.0003,0.0023,0.1028,0.3474,0.1508,0.0233,0.0809,0.0030,0.0415,0.0001,0.7101,0.9033,1120.458
18,Z,H,0.1253,0.0021,0.0006,0.0002,0.0020,0.0873,0.2825,0.1625,0.0321,0.0774,0.0199,0.0286,0.0002,0.6463,0.8262,1171.306
19,H,Z,0.1702,0.0025,0.0007,0.0004,0.0025,0.1135,0.3297,0.1879,0.0283,0.0682,0.0095,0.0405,0.0002,0.7339,0.9614,1222.296
20,Z,H,0.2003,0.0033,0.0007,0.0004,0.0030,0.1263,0.5324,0.2868,0.0470,0.0959,0.0012,0.0436,0.0001,1.0947,1.3486,1273.673
21,H,Z,0.1324,0.0021,0.0008,0.0003,0.0025,0.1023,0.2568,0.1639,0.0236,0.0828,0.0147,0.0288,0.0002,0.6339,0.8169,1324.517
22,Z,H,0.1222,0.0021,0.0006,0.0003,0.0021,0.0874,0.2410,0.1552,0.0254,0.0804,0.0006,0.0351,0.0001,0.5937,0.7578,1375.294
23,H,Z,0.2189,0.0022,0.0009,0.0004,0.0024,0.1045,0.2662,0.1785,0.0286,0.0866,0.0005,0.0448,0.0003,0.6695,0.9410,1426.258
24,Z,H,0.1275,0.0019,0.0007,0.0003,0.0022,0.0978,0.2119,0.1557,0.0230,0.0864,0.0009,0.0415,0.0001,0.5803,0.7564,1477.043
25,H,Z,0.1232,0.0020,0.0006,0.0004,0.0020,0.0902,0.2938,0.1506,0.0217,0.0720,0.0005,0.0300,0.0001,0.6330,0.7929,1527.864
26,Z,H,0.1258,0.0020,0.0008,0.0002,0.0023,0.0944,0.2759,0.1543,0.0222,0.0824,0.0008,0.0401,0.0001,0.6358,0.8092,1578.702
27,H,Z,0.1652,0.0033,0.0009,0.0004,0.0030,0.1164,0.4263,0.2845,0.0442,0.0843,0.0014,0.0451,0.0001,0.9631,1.1840,1629.939
28,Z,H,0.1256,0.0022,0.0010,0.0003,0.0022,0.0963,0.2249,0.1645,0.0240,0.0687,0.0005,0.0386,0.0001,0.5830,0.7547,1681.430
29,H,Z,0.1765,0.0031,0.0008,0.0004,0.0037,0.1187,0.4599,0.2678,0.0447,0.0730,0.0006,0.0295,0.0003,0.9694,1.1854,1732.636
30,Z,H,0.1510,0.0023,0.0011,0.0004,0.0029,0.0914,0.3627,0.1894,0.0241,0.0794,0.0012,0.0528,0.0002,0.7524,0.9658,1783.643
31,H,Z,0.1288,0.0024,0.0006,0.0003,0.0024,0.0956,0.2743,0.1561,0.0221,0.0754,0.0010,0.0392,0.0001,0.6294,0.8052,1834.481
32,Z,H,0.1738,0.0035,0.0007,0.0004,0.0033,0.1156,0.4124,0.2751,0.0553,0.0808,0.0025,0.0488,0.0002,0.9467,1.1814,1885.696
33,H,Z,0.2178,0.0024,0.0009,0.0005,0.0031,0.1029,0.3618,0.1644,0.0257,0.0899,0.0007,0.0393,0.0003,0.7508,1.0171,1936.736
34,Z,H,0.1678,0.0031,0.0009,0.0004,0.0031,0.1166,0.3785,0.2788,0.0420,0.0819,0.0010,0.0419,0.0002,0.9041,1.1236,1987.887
35,H,Z,0.1257,0.0018,0.0006,0.0004,0.0021,0.0945,0.2150,0.1582,0.0274,0.0684,0.0005,0.0346,0.0002,0.5684,0.7350,2038.647
36,Z,H,0.1818,0.0039,0.0010,0.0005,0.0041,0.1183,0.4642,0.2851,0.0486,0.1095,0.0006,0.0358,0.0003,1.0309,1.2602,2089.950
37,H,Z,0.1279,0.0020,0.0007,0.0003,0.0021,0.0888,0.2781,0.1551,0.0244,0.0775,0.0090,0.0383,0.0001,0.6284,0.8097,2140.782
38,Z,H,0.1491,0.0018,0.0008,0.0003,0.0022,0.0876,0.2781,0.1457,0.0211,0.0657,0.0014,0.0492,0.0002,0.6071,0.8137,2191.619
39,H,Z,0.1593,0.0025,0.0006,0.0004,0.0026,0.1101,0.2769,0.1947,0.0334,0.0665,0.0146,0.0422,0.0002,0.6874,0.9112,2242.557
40,Z,H,0.1995,0.0021,0.0008,0.0005,0.0025,0.1061,0.2987,0.1617,0.0240,0.0830,0.0005,0.0416,0.0002,0.6785,0.9276,2293.511
41,H,Z,0.1678,0.0035,0.0007,0.0004,0.0029,0.1168,0.2669,0.1970,0.0241,0.0649,0.0048,0.0285,0.0001,0.6760,0.8858,2344.420
42,Z,H,0.1777,0.0032,0.0008,0.0004,0.0033,0.1164,0.3725,0.2942,0.0439,0.0934,0.0015,0.0430,0.0002,0.9283,1.1596,2395.608
43,H,Z,0.1524,0.0032,0.0011,0.0005,0.0032,0.1034,0.3013,0.1873,0.0312,0.0890,0.0010,0.0520,0.0001,0.7197,0.9346,2446.578
44,Z,H,0.1660,0.0034,0.0007,0.0004,0.0031,0.1127,0.4393,0.2677,0.0404,0.0777,0.0007,0.0371,0.0003,0.9432,1.1559,2497.773
45,H,Z,0.1566,0.0034,0.0014,0.0006,0.0035,0.0997,0.2533,0.1975,0.0269,0.0926,0.0008,0.0546,0.0003,0.6766,0.8990,2548.705
46,Z,H,0.1285,0.0020,0.0006,0.0003,0.0021,0.0958,0.2164,0.1803,0.0253,0.0826,0.0009,0.0419,0.0001,0.6073,0.7848,2599.518
47,H,Z,0.1240,0.0021,0.0007,0.0003,0.0022,0.0984,0.2634,0.1653,0.0247,0.0685,0.0007,0.0388,0.0002,0.6265,0.7966,2650.358
48,Z,H,0.1623,0.0023,0.0007,0.0004,0.0027,0.1160,0.2689,0.2036,0.0284,0.0763,0.0009,0.0534,0.0001,0.7002,0.9242,2701.311
49,H,Z,0.1650,0.0032,0.0012,0.0004,0.0031,0.1087,0.2728,0.2255,0.0363,0.0875,0.0004,0.0411,0.0002,0.7370,0.9529,2752.292
50,Z,H,0.1889,0.0032,0.0012,0.0003,0.0046,0.1214,0.4403,0.4066,0.0317,0.0957,0.0005,0.0465,0.0000,1.1021,1.3491,2803.668
51,H,Z,0.1214,0.0022,0.0006,0.0002,0.0020,0.0855,0.2105,0.1612,0.0241,0.0627,0.0005,0.0364,0.0001,0.5491,0.7134,2854.404
52,Z,H,0.1415,0.0024,0.0007,0.0003,0.0022,0.1099,0.2565,0.2129,0.0306,0.0739,0.0005,0.0402,0.0001,0.6890,0.8780,2905.306
53,H,Z,0.1241,0.0021,0.0005,0.0003,0.0020,0.0865,0.2709,0.1515,0.0232,0.0906,0.0005,0.0386,0.0001,0.6280,0.7970,2956.127
54,Z,H,0.1320,0.0021,0.0006,0.0003,0.0020,0.0866,0.2252,0.1589,0.0232,0.0746,0.0015,0.0617,0.0001,0.5772,0.7797,3006.945
55,H,Z,0.1310,0.0022,0.0006,0.0004,0.0023,0.1000,0.2250,0.1618,0.0246,0.0794,0.0046,0.0458,0.0002,0.5971,0.7852,3057.762
56,Z,H,0.1254,0.0023,0.0009,0.0003,0.0023,0.0976,0.2279,0.1638,0.0228,0.0834,0.0145,0.0438,0.0001,0.6017,0.7924,3108.587
57,H,Z,0.1818,0.0032,0.0011,0.0005,0.0041,0.1208,0.4066,0.2952,0.0477,0.0953,0.0008,0.0457,0.0003,0.9720,1.2110,3159.836
58,Z,H,0.1697,0.0021,0.0010,0.0003,0.0027,0.0945,0.2219,0.1557,0.0245,0.0714,0.0060,0.0453,0.0001,0.5740,0.8025,3210.663
59,H,Z,0.1670,0.0035,0.0007,0.0004,0.0032,0.1135,0.3650,0.2289,0.0258,0.0957,0.0005,0.0363,0.0001,0.8347,1.0473,3261.748
60,Z,H,0.1234,0.0017,0.0007,0.0001,0.0018,0.0909,0.2082,0.1680,0.0217,0.0611,0.0010,0.0407,0.0001,0.5558,0.7262,3312.499
61,H,Z,0.1166,0.0019,0.0005,0.0002,0.0018,0.0868,0.2058,0.1464,0.0215,0.0710,0.0008,0.0434,0.0001,0.5371,0.7041,3363.233
62,Z,H,0.1737,0.0025,0.0008,0.0004,0.0024,0.1051,0.2851,0.2097,0.0320,0.0705,0.0010,0.0445,0.0001,0.7092,0.9359,3414.206
63,H,Z,0.1300,0.0019,0.0005,0.0003,0.0023,0.0900,0.2123,0.1534,0.0299,0.0643,0.0124,0.0497,0.0002,0.5564,0.7547,3464.987
64,Z,H,0.1205,0.0015,0.0005,0.0002,0.0019,0.0883,0.2653,0.1466,0.0218,0.1107,0.0005,0.0279,0.0001,0.6362,0.7900,3515.795
65,H,Z,0.1212,0.0018,0.0005,0.0003,0.0021,0.0850,0.2181,0.1606,0.0296,0.0842,0.0006,0.0371,0.0001,0.5821,0.7465,3566.563
66,Z,H,0.1669,0.0022,0.0007,0.0004,0.0024,0.1230,0.3406,0.1701,0.0219,0.0590,0.0011,0.0426,0.0002,0.7201,0.9377,3617.599
67,H,Z,0.1665,0.0032,0.0008,0.0004,0.0034,0.1164,0.3701,0.2537,0.0504,0.0896,0.0021,0.0433,0.0002,0.8864,1.1076,3668.739
68,Z,H,0.1805,0.0026,0.0009,0.0004,0.0026,0.1019,0.2397,0.1719,0.0241,0.0677,0.0009,0.0544,0.0000,0.6111,0.8548,3719.623
69,H,Z,0.1634,0.0028,0.0007,0.0004,0.0031,0.1134,0.3621,0.2646,0.0441,0.0767,0.0010,0.0427,0.0001,0.8664,1.0821,3770.750
70,Z,H,0.1686,0.0029,0.0007,0.0003,0.0030,0.1161,0.3748,0.2726,0.0429,0.0833,0.0008,0.0426,0.0002,0.8959,1.1165,3821.895
71,H,Z,0.1395,0.0019,0.0007,0.0003,0.0018,0.0894,0.2242,0.1535,0.0271,0.1015,0.0004,0.0391,0.0000,0.6000,0.7846,3872.701
72,Z,H,0.1227,0.0018,0.0006,0.0003,0.0018,0.0842,0.2096,0.1652,0.0246,0.0736,0.0355,0.0347,0.0001,0.5636,0.7619,3923.488
73,H,Z,0.1273,0.0019,0.0007,0.0002,0.0022,0.0839,0.2155,0.1630,0.0262,0.0666,0.0005,0.0433,0.0001,0.5595,0.7368,3974.245
74,Z,H,0.1246,0.0018,0.0005,0.0003,0.0020,0.0885,0.2306,0.1591,0.0226,0.0727,0.0006,0.0276,0.0001,0.5783,0.7370,4025.003
75,H,Z,0.1535,0.0025,0.0006,0.0003,0.0030,0.1143,0.3508,0.2556,0.0435,0.0834,0.0005,0.0367,0.0002,0.8521,1.0505,4076.084
76,Z,H,0.1306,0.0017,0.0006,0.0002,0.0020,0.0931,0.2682,0.1561,0.0228,0.0770,0.0017,0.0458,0.0001,0.6263,0.8101,4126.923
77,H,Z,0.1658,0.0027,0.0008,0.0003,0.0028,0.1253,0.3565,0.2664,0.0488,0.0710,0.0100,0.0406,0.0001,0.8737,1.0976,4178.046
78,Z,H,0.1612,0.0024,0.0007,0.0002,0.0019,0.0945,0.2533,0.1509,0.0236,0.0696,0.0005,0.0388,0.0001,0.5966,0.8045,4229.033
79,H,Z,0.1217,0.0020,0.0006,0.0003,0.0022,0.0970,0.2100,0.1544,0.0240,0.0883,0.0012,0.0434,0.0002,0.5807,0.7532,4279.826
80,Z,H,0.1644,0.0028,0.0008,0.0004,0.0032,0.1163,0.2647,0.1780,0.0244,0.0832,0.0006,0.0361,0.0001,0.6727,0.8822,4330.731
81,H,Z,0.1628,0.0026,0.0008,0.0004,0.0026,0.1126,0.3678,0.2623,0.0495,0.0681,0.0015,0.0426,0.0001,0.8701,1.0849,4381.855
82,Z,H,0.1780,0.0023,0.0007,0.0004,0.0025,0.1093,0.2216,0.1759,0.0271,0.0740,0.0274,0.0453,0.0001,0.6147,0.8725,4432.756
83,H,Z,0.1718,0.0032,0.0007,0.0004,0.0032,0.1166,0.3642,0.2664,0.0447,0.0963,0.0006,0.0432,0.0002,0.8943,1.1188,4483.899
84,Z,H,0.1704,0.0030,0.0007,0.0005,0.0030,0.1238,0.3493,0.2777,0.0427,0.0804,0.0042,0.0484,0.0002,0.8807,1.1123,4535.036
85,H,Z,0.1754,0.0028,0.0008,0.0007,0.0026,0.1240,0.2745,0.1892,0.0248,0.0753,0.0005,0.0466,0.0002,0.6936,0.9243,4585.994
86,Z,H,0.1761,0.0034,0.0010,0.0004,0.0033,0.1203,0.3731,0.2696,0.0431,0.0762,0.0016,0.0531,0.0002,0.8885,1.1292,4637.153
87,H,Z,0.1818,0.0034,0.0009,0.0005,0.0031,0.1208,0.3719,0.2876,0.0502,0.0926,0.0012,0.0431,0.0004,0.9301,1.1657,4688.347
88,Z,H,0.1760,0.0033,0.0008,0.0005,0.0031,0.1430,0.2251,0.1832,0.0230,0.0965,0.0122,0.0408,0.0001,0.6786,0.9171,4739.297
89,H,Z,0.1929,0.0035,0.0009,0.0007,0.0037,0.1246,0.4057,0.3130,0.0478,0.0844,0.0088,0.0502,0.0003,0.9837,1.2462,4790.577
90,Z,H,0.1407,0.0027,0.0009,0.0003,0.0024,0.1017,0.2310,0.1854,0.0248,0.0991,0.0006,0.0404,0.0000,0.6460,0.8353,4841.443
91,H,Z,0.1281,0.0021,0.0007,0.0004,0.0023,0.1006,0.2192,0.1657,0.0249,0.0993,0.0011,0.0407,0.0001,0.6161,0.7926,4892.269
92,Z,H,0.1310,0.0021,0.0007,0.0003,0.0020,0.0897,0.2257,0.1705,0.0250,0.0859,0.0006,0.0391,0.0001,0.6014,0.7786,4943.086
93,H,Z,0.1700,0.0033,0.0008,0.0004,0.0032,0.1140,0.3566,0.2736,0.0474,0.0743,0.0036,0.0300,0.0002,0.8722,1.0848,4994.198
94,Z,H,0.1335,0.0021,0.0007,0.0002,0.0021,0.0877,0.2124,0.1549,0.0221,0.0623,0.0005,0.0359,0.0001,0.5443,0.7204,5044.943
95,H,Z,0.1239,0.0019,0.0006,0.0004,0.0021,0.0957,0.2190,0.1566,0.0260,0.0731,0.0011,0.0577,0.0001,0.5758,0.7646,5095.736
96,Z,H,0.1165,0.0020,0.0007,0.0003,0.0021,0.0883,0.2851,0.1512,0.0220,0.0646,0.0008,0.0350,0.0002,0.6158,0.7747,5146.539
97,H,Z,0.1205,0.0019,0.0007,0.0003,0.0021,0.0873,0.2114,0.1561,0.0288,0.0725,0.0005,0.0383,0.0002,0.5610,0.7265,5197.289
98,Z,H,0.1252,0.0020,0.0005,0.0003,0.0020,0.0871,0.2393,0.1591,0.0226,0.0813,0.0006,0.0385,0.0002,0.5940,0.7644,5248.085
99,H,Z,0.2082,0.0025,0.0007,0.0004,0.0028,0.1088,0.2175,0.1673,0.0278,0.0884,0.0133,0.0433,0.0001,0.6153,0.8881,5299.008
100,Z,H,0.1685,0.0030,0.0007,0.0003,0.0034,0.1160,0.3589,0.2767,0.0418,0.0694,0.0052,0.0367,0.0002,0.8680,1.0873,5350.135
101,H,Z,0.1714,0.0031,0.0009,0.0004,0.0036,0.1144,0.3756,0.2862,0.0498,0.0810,0.0006,0.0406,0.0002,0.9127,1.1348,5401.293
102,Z,H,0.1355,0.0021,0.0009,0.0003,0.0022,0.0900,0.2199,0.1697,0.0241,0.0712,0.0006,0.0313,0.0001,0.5801,0.7544,5452.071
103,H,Z,0.1686,0.0034,0.0007,0.0004,0.0032,0.1153,0.3556,0.2703,0.0514,0.0903,0.0008,0.0517,0.0002,0.8893,1.1194,5503.217
104,Z,H,0.1307,0.0022,0.0007,0.0005,0.0020,0.0890,0.2321,0.1605,0.0222,0.0780,0.0010,0.0441,0.0001,0.5882,0.7705,5554.019
105,H,Z,0.1650,0.0028,0.0006,0.0003,0.0031,0.1124,0.3611,0.2660,0.0503,0.0761,0.0006,0.0397,0.0002,0.8712,1.0850,5605.133
106,Z,H,0.1344,0.0022,0.0007,0.0003,0.0021,0.0946,0.2114,0.1607,0.0231,0.0716,0.0122,0.0415,0.0001,0.5671,0.7617,5655.923
107,H,Z,0.1697,0.0027,0.0007,0.0002,0.0033,0.1235,0.3446,0.2698,0.0434,0.0810,0.0010,0.0299,0.0002,0.8678,1.0768,5707.024
108,Z,H,0.1277,0.0022,0.0006,0.0003,0.0024,0.1047,0.2146,0.1600,0.0246,0.0875,0.0010,0.0422,0.0001,0.5987,0.7764,5757.838
109,H,Z,0.1688,0.0031,0.0009,0.0004,0.0036,0.1157,0.3723,0.2829,0.0434,0.0695,0.0165,0.0449,0.0002,0.8906,1.1304,5808.995
110,Z,H,0.1673,0.0035,0.0007,0.0004,0.0036,0.1202,0.3685,0.2753,0.0441,0.0997,0.0101,0.0363,0.0002,0.9140,1.1373,5860.171
111,H,Z,0.1724,0.0021,0.0008,0.0005,0.0025,0.0968,0.2271,0.1635,0.0252,0.0724,0.0032,0.0343,0.0001,0.5900,0.8070,5911.017
112,Z,H,0.1776,0.0032,0.0008,0.0003,0.0030,0.1163,0.3683,0.2798,0.0432,0.0694,0.0007,0.0412,0.0002,0.8822,1.1103,5962.155
113,H,Z,0.1324,0.0022,0.0009,0.0002,0.0019,0.0881,0.2633,0.1513,0.0252,0.0719,0.0009,0.0505,0.0001,0.6079,0.7978,6012.982
114,Z,H,0.1698,0.0023,0.0008,0.0004,0.0025,0.1342,0.2817,0.1655,0.0228,0.1086,0.0011,0.0374,0.0002,0.7177,0.9335,6063.942
115,H,Z,0.1712,0.0028,0.0006,0.0005,0.0030,0.1242,0.3553,0.2813,0.0454,0.0748,0.0007,0.0392,0.0001,0.8873,1.1067,6115.070
116,Z,H,0.1717,0.0021,0.0007,0.0002,0.0021,0.1118,0.3461,0.2560,0.0403,0.0831,0.0007,0.0367,0.0001,0.8441,1.0594,6166.164
117,H,Z,0.1613,0.0027,0.0006,0.0002,0.0031,0.1127,0.3533,0.2603,0.0476,0.0758,0.0138,0.0265,0.0002,0.8555,1.0650,6217.255
118,Z,H,0.1270,0.0017,0.0007,0.0002,0.0020,0.0974,0.2179,0.1557,0.0244,0.0580,0.0041,0.0411,0.0001,0.5577,0.7355,6268.016
119,H,Z,0.1192,0.0016,0.0005,0.0002,0.0019,0.0846,0.2120,0.1550,0.0272,0.0713,0.0008,0.0350,0.0001,0.5555,0.7156,6318.773
120,Z,H,0.1194,0.0017,0.0005,0.0003,0.0023,0.0859,0.2070,0.1562,0.0206,0.0765,0.0009,0.0366,0.0001,0.5524,0.7152,6369.514
121,H,Z,0.1599,0.0028,0.0007,0.0004,0.0031,0.1108,0.3489,0.2727,0.0444,0.1010,0.0005,0.0408,0.0002,0.8837,1.0936,6420.632
122,Z,H,0.1288,0.0022,0.0008,0.0003,0.0022,0.0880,0.2361,0.1657,0.0224,0.1447,0.0022,0.0403,0.0001,0.6622,0.8405,6471.495
123,H,Z,0.1647,0.0030,0.0007,0.0004,0.0029,0.1126,0.3538,0.2667,0.0445,0.0906,0.0009,0.0621,0.0001,0.8753,1.1115,6522.634
124,Z,H,0.1293,0.0020,0.0008,0.0004,0.0019,0.0869,0.2085,0.1587,0.0226,0.0648,0.0052,0.0353,0.0002,0.5469,0.7230,6573.384
125,H,Z,0.1607,0.0025,0.0008,0.0002,0.0030,0.1138,0.3578,0.2741,0.0456,0.0620,0.0006,0.0370,0.0001,0.8594,1.0654,6624.479
126,Z,H,0.1216,0.0019,0.0008,0.0003,0.0021,0.0864,0.3390,0.2849,0.0416,0.0600,0.0006,0.0273,0.0002,0.8177,0.9734,6675.484
127,H,Z,0.1631,0.0030,0.0007,0.0004,0.0036,0.1129,0.3486,0.2746,0.0432,0.0862,0.0012,0.0456,0.0002,0.8721,1.0911,6726.603
128,Z,H,0.1701,0.0031,0.0008,0.0004,0.0031,0.1144,0.3659,0.2689,0.0427,0.1014,0.0012,0.0426,0.0002,0.8997,1.1226,6777.765
129,H,Z,0.1323,0.0023,0.0008,0.0003,0.0022,0.0945,0.2197,0.1574,0.0235,0.0781,0.0007,0.0414,0.0001,0.5825,0.7640,6828.553
130,Z,H,0.1279,0.0019,0.0006,0.0003,0.0022,0.0881,0.2437,0.1587,0.0278,0.0824,0.0005,0.0420,0.0001,0.6062,0.7829,6879.358
131,H,Z,0.1227,0.0019,0.0006,0.0003,0.0019,0.0927,0.2187,0.1474,0.0270,0.0739,0.0004,0.0362,0.0001,0.5643,0.7297,6930.112
132,Z,H,0.1676,0.0029,0.0007,0.0003,0.0028,0.1134,0.3674,0.2717,0.0423,0.0705,0.0006,0.0600,0.0001,0.8708,1.1070,6981.252
133,H,Z,0.1646,0.0024,0.0007,0.0003,0.0027,0.1315,0.2211,0.1728,0.0277,0.0715,0.0007,0.0377,0.0001,0.6299,0.8401,7032.120
134,Z,H,0.1269,0.0021,0.0006,0.0003,0.0021,0.0844,0.2432,0.1492,0.0222,0.0873,0.0009,0.0410,0.0001,0.5921,0.7669,7082.948
135,H,Z,0.1183,0.0018,0.0005,0.0003,0.0021,0.0844,0.2248,0.1487,0.0243,0.0804,0.0006,0.0376,0.0001,0.5678,0.7298,7133.699
136,Z,H,0.1256,0.0020,0.0005,0.0003,0.0021,0.0928,0.2060,0.1603,0.0240,0.0765,0.0005,0.0262,0.0001,0.5646,0.7229,7184.441
137,H,Z,0.1246,0.0018,0.0008,0.0002,0.0020,0.0860,0.2125,0.1482,0.0261,0.0729,0.0013,0.0406,0.0001,0.5521,0.7248,7235.199
138,Z,H,0.1221,0.0020,0.0006,0.0002,0.0020,0.0852,0.2272,0.1642,0.0228,0.0854,0.0010,0.0458,0.0002,0.5924,0.7673,7286.001
139,H,Z,0.1812,0.0032,0.0010,0.0004,0.0036,0.1165,0.3578,0.2774,0.0456,0.1002,0.0041,0.0429,0.0002,0.9026,1.1405,7337.187
140,Z,H,0.1666,0.0029,0.0008,0.0004,0.0028,0.1140,0.3557,0.2695,0.0427,0.0722,0.0006,0.0394,0.0002,0.8602,1.0752,7388.311
141,H,Z,0.1827,0.0024,0.0009,0.0005,0.0027,0.1285,0.2674,0.1952,0.0249,0.0665,0.0006,0.0309,0.0001,0.6878,0.9098,7439.247
142,Z,H,0.1321,0.0020,0.0007,0.0001,0.0022,0.0976,0.2799,0.1504,0.0229,0.0652,0.0006,0.0388,0.0001,0.6213,0.7989,7490.067
143,H,Z,0.1764,0.0024,0.0008,0.0005,0.0020,0.0836,0.2157,0.1576,0.0249,0.0881,0.0006,0.0429,0.0001,0.5743,0.8012,7540.892
144,Z,H,0.1647,0.0033,0.0007,0.0004,0.0034,0.1136,0.3690,0.2682,0.0418,0.0846,0.0006,0.0416,0.0002,0.8836,1.0996,7592.018
145,H,Z,0.1654,0.0030,0.0007,0.0003,0.0031,0.1144,0.3594,0.2733,0.0457,0.0962,0.0007,0.0286,0.0003,0.8949,1.0984,7643.145
146,Z,H,0.1306,0.0017,0.0009,0.0002,0.0021,0.0843,0.2090,0.1548,0.0240,0.0719,0.0009,0.0401,0.0002,0.5500,0.7278,7693.898
147,H,Z,0.1786,0.0020,0.0006,0.0002,0.0022,0.1236,0.2663,0.1807,0.0275,0.0716,0.0050,0.0404,0.0001,0.6740,0.9043,7744.824
148,Z,H,0.1607,0.0027,0.0007,0.0003,0.0030,0.1102,0.3326,0.1707,0.0215,0.0812,0.0083,0.0395,0.0001,0.7225,0.9391,7795.787
149,H,Z,0.1598,0.0022,0.0007,0.0004,0.0025,0.1116,0.2852,0.1820,0.0258,0.0721,0.0007,0.0384,0.0000,0.6829,0.8886,7846.701
150,Z,H,0.1241,0.0020,0.0007,0.0003,0.0022,0.0902,0.2370,0.1889,0.0255,0.0747,0.0004,0.0273,0.0002,0.6216,0.7798,7897.509
151,H,Z,0.1188,0.0019,0.0006,0.0003,0.0024,0.0854,0.2716,0.1363,0.0219,0.0806,0.0016,0.0207,0.0001,0.5998,0.7471,7948.277
152,Z,H,0.1209,0.0020,0.0005,0.0003,0.0024,0.0878,0.2192,0.1538,0.0229,0.0985,0.0010,0.0328,0.0001,0.5876,0.7486,7999.050
153,H,Z,0.1621,0.0031,0.0008,0.0003,0.0032,0.1112,0.3579,0.2726,0.0431,0.0767,0.0016,0.0419,0.0001,0.8707,1.0850,8050.163
154,Z,H,0.1677,0.0023,0.0006,0.0002,0.0029,0.1123,0.3450,0.2710,0.0403,0.0747,0.0006,0.0365,0.0003,0.8484,1.0605,8101.251
155,H,Z,0.1241,0.0013,0.0007,0.0002,0.0015,0.0887,0.2245,0.1522,0.0271,0.0710,0.0010,0.0359,0.0001,0.5695,0.7352,8152.015
156,Z,H,0.1625,0.0024,0.0058,0.0002,0.0029,0.1136,0.3474,0.2582,0.0402,0.0606,0.0007,0.0382,0.0001,0.8253,1.0393,8203.079
157,H,Z,0.2000,0.0024,0.0008,0.0003,0.0021,0.1060,0.2137,0.1559,0.0237,0.0828,0.0005,0.0372,0.0002,0.5879,0.8325,8254.155
158,Z,H,0.1602,0.0025,0.0006,0.0004,0.0027,0.1133,0.3741,0.2601,0.0419,0.0762,0.0006,0.0386,0.0001,0.8702,1.0771,8305.261
159,H,Z,0.1269,0.0015,0.0006,0.0003,0.0021,0.1013,0.2750,0.1429,0.0287,0.0833,0.0039,0.0378,0.0001,0.6365,0.8106,8356.103
160,Z,H,0.1663,0.0024,0.0006,0.0003,0.0025,0.1157,0.3555,0.2730,0.0448,0.0794,0.0005,0.0438,0.0001,0.8737,1.0911,8407.220
161,H,Z,0.1235,0.0019,0.0008,0.0002,0.0021,0.0944,0.2193,0.1576,0.0255,0.0759,0.0129,0.0378,0.0001,0.5770,0.7576,8458.001
162,Z,H,0.1640,0.0031,0.0008,0.0004,0.0027,0.1318,0.2155,0.1827,0.0265,0.0891,0.0006,0.0261,0.0001,0.6505,0.8494,8508.878
163,H,Z,0.1517,0.0020,0.0009,0.0003,0.0022,0.1058,0.2362,0.1641,0.0266,0.0817,0.0052,0.0446,0.0001,0.6196,0.8274,8559.733
164,Z,H,0.1469,0.0015,0.0006,0.0002,0.0018,0.0869,0.2107,0.1685,0.0241,0.0830,0.0005,0.0261,0.0001,0.5775,0.7562,8610.514
165,H,Z,0.1233,0.0018,0.0006,0.0002,0.0021,0.0958,0.2198,0.1532,0.0252,0.0702,0.0141,0.0418,0.0001,0.5699,0.7551,8661.293
166,Z,H,0.1244,0.0021,0.0007,0.0003,0.0021,0.1041,0.2124,0.1529,0.0227,0.0696,0.0093,0.0389,0.0001,0.5676,0.7465,8712.066
167,H,Z,0.1633,0.0025,0.0007,0.0002,0.0029,0.1102,0.3517,0.2576,0.0485,0.0783,0.0010,0.0393,0.0001,0.8532,1.0644,8763.163
168,Z,H,0.1252,0.0017,0.0008,0.0003,0.0020,0.0873,0.2334,0.1559,0.0224,0.0686,0.0107,0.0392,0.0001,0.5729,0.7541,8813.944
169,H,Z,0.1218,0.0016,0.0005,0.0003,0.0019,0.0985,0.2073,0.1479,0.0235,0.0624,0.0003,0.0376,0.0001,0.5436,0.7085,8864.710
170,Z,H,0.1144,0.0010,0.0005,0.0001,0.0018,0.0839,0.2028,0.1546,0.0232,0.0733,0.0213,0.0346,0.0001,0.5420,0.7167,8915.450
171,H,Z,0.1540,0.0022,0.0006,0.0003,0.0023,0.1078,0.3397,0.2641,0.0404,0.0599,0.0006,0.0244,0.0002,0.8163,1.0018,8966.477
172,Z,H,0.1298,0.0014,0.0007,0.0002,0.0016,0.0858,0.2107,0.1481,0.0228,0.0609,0.0005,0.0364,0.0001,0.5322,0.7035,9017.207
173,H,Z,0.1564,0.0027,0.0006,0.0003,0.0026,0.1111,0.3545,0.2551,0.0422,0.1011,0.0005,0.0262,0.0001,0.8695,1.0601,9068.290
174,Z,H,0.1414,0.0017,0.0006,0.0001,0.0025,0.1122,0.2226,0.2179,0.0296,0.0815,0.0008,0.0395,0.0002,0.6716,0.8595,9119.176
175,H,Z,0.1264,0.0015,0.0007,0.0001,0.0020,0.0833,0.2247,0.1542,0.0216,0.0603,0.0005,0.0325,0.0001,0.5485,0.7132,9169.915
176,Z,H,0.1564,0.0022,0.0007,0.0003,0.0024,0.1098,0.2594,0.2028,0.0291,0.0804,0.0009,0.0425,0.0001,0.6888,0.8953,9220.857
177,H,Z,0.1268,0.0018,0.0006,0.0003,0.0021,0.0921,0.2145,0.1486,0.0246,0.0594,0.0005,0.0420,0.0000,0.5437,0.7187,9271.597
178,Z,H,0.1637,0.0020,0.0008,0.0003,0.0023,0.1150,0.2648,0.2129,0.0307,0.0616,0.0241,0.0439,0.0001,0.6903,0.9286,9322.557
179,H,Z,0.1780,0.0019,0.0005,0.0001,0.0019,0.0909,0.2039,0.1486,0.0220,0.0788,0.0022,0.0374,0.0001,0.5502,0.7733,9373.359
180,Z,H,0.1758,0.0023,0.0007,0.0004,0.0026,0.1207,0.2656,0.2243,0.0381,0.0647,0.0153,0.0325,0.0003,0.7197,0.9506,9424.339
181,H,Z,0.1243,0.0018,0.0008,0.0002,0.0022,0.1359,0.2095,0.1528,0.0250,0.1052,0.0020,0.0417,0.0001,0.6341,0.8083,9475.176
182,Z,H,0.1573,0.0016,0.0006,0.0002,0.0024,0.0883,0.2268,0.1530,0.0209,0.0718,0.0004,0.0248,0.0001,0.5655,0.7538,9525.951
183,H,Z,0.1212,0.0017,0.0005,0.0003,0.0021,0.0842,0.2380,0.1430,0.0239,0.0884,0.0023,0.0512,0.0001,0.5865,0.7673,9576.746
184,Z,H,0.1215,0.0018,0.0006,0.0003,0.0021,0.0885,0.2323,0.1554,0.0224,0.0827,0.0010,0.0400,0.0002,0.5874,0.7562,9627.533
185,H,Z,0.1220,0.0021,0.0009,0.0004,0.0023,0.0855,0.2145,0.1488,0.0264,0.0901,0.0007,0.0247,0.0000,0.5701,0.7244,9678.289
186,Z,H,0.1304,0.0020,0.0006,0.0003,0.0021,0.0891,0.2419,0.1690,0.0226,0.0785,0.0006,0.0373,0.0002,0.6068,0.7815,9729.103
187,H,Z,0.1658,0.0031,0.0009,0.0003,0.0029,0.1118,0.3588,0.2770,0.0466,0.0823,0.0009,0.0330,0.0002,0.8814,1.0897,9780.215
188,Z,H,0.1378,0.0019,0.0008,0.0003,0.0024,0.0901,0.2219,0.1689,0.0239,0.0821,0.0012,0.0437,0.0001,0.5946,0.7838,9831.025
189,H,Z,0.1304,0.0021,0.0006,0.0004,0.0026,0.1006,0.2259,0.1612,0.0259,0.0750,0.0010,0.0510,0.0001,0.5949,0.7843,9881.844
190,Z,H,0.1269,0.0021,0.0007,0.0003,0.0020,0.0874,0.2301,0.1689,0.0244,0.0702,0.0006,0.0301,0.0001,0.5851,0.7491,9932.618
191,H,Z,0.1760,0.0036,0.0009,0.0004,0.0039,0.1215,0.4199,0.3472,0.0311,0.0776,0.0009,0.0442,0.0001,1.0097,1.2410,9983.887
192,Z,H,0.1269,0.0018,0.0006,0.0002,0.0020,0.0874,0.2274,0.1549,0.0224,0.0795,0.0114,0.0404,0.0001,0.5776,0.7621,10034.677
193,H,Z,0.1611,0.0022,0.0007,0.0004,0.0022,0.1047,0.2582,0.2111,0.0310,0.0672,0.0010,0.0432,0.0002,0.6780,0.8898,10085.596
194,Z,H,0.1313,0.0016,0.0005,0.0003,0.0017,0.0895,0.2071,0.1511,0.0325,0.0766,0.0009,0.0379,0.0001,0.5628,0.7380,10136.364
195,H,Z,0.1255,0.0018,0.0006,0.0003,0.0020,0.0852,0.2221,0.1544,0.0219,0.0915,0.0109,0.0296,0.0002,0.5800,0.7517,10187.141
196,Z,H,0.1257,0.0022,0.0008,0.0003,0.0022,0.0893,0.2099,0.1610,0.0209,0.0813,0.0010,0.0563,0.0002,0.5681,0.7579,10237.928
197,H,Z,0.1289,0.0022,0.0007,0.0003,0.0024,0.0922,0.2154,0.1627,0.0226,0.0831,0.0009,0.0292,0.0001,0.5828,0.7487,10288.737
198,Z,H,0.1210,0.0019,0.0006,0.0002,0.0020,0.0841,0.2024,0.1559,0.0224,0.0658,0.0037,0.0310,0.0001,0.5354,0.6967,10339.460
199,H,Z,0.1546,0.0016,0.0006,0.0003,0.0025,0.1132,0.2540,0.1739,0.0331,0.0678,0.0011,0.0327,0.0001,0.6462,0.8407,10390.325
200,Z,H,0.1673,0.0035,0.0006,0.0004,0.0033,0.1158,0.3583,0.2915,0.0426,0.0870,0.0007,0.0433,0.0001,0.9014,1.1221,10441.480
201,H,Z,0.1251,0.0023,0.0008,0.0003,0.0022,0.0929,0.2073,0.1556,0.0253,0.0872,0.0005,0.0395,0.0000,0.5733,0.7454,10492.281
202,Z,H,0.1573,0.0028,0.0006,0.0003,0.0028,0.1094,0.3441,0.2669,0.0492,0.0732,0.0110,0.0402,0.0002,0.8474,1.0638,10543.368
203,H,Z,0.2336,0.0032,0.0010,0.0004,0.0030,0.1259,0.3783,0.2869,0.0430,0.0806,0.0005,0.0425,0.0002,0.9194,1.2051,10594.600
204,Z,H,0.1764,0.0020,0.0007,0.0002,0.0023,0.0882,0.2232,0.1663,0.0239,0.0909,0.0006,0.0415,0.0000,0.5972,0.8223,10645.446
205,H,Z,0.1707,0.0034,0.0007,0.0004,0.0030,0.1189,0.3605,0.3662,0.0341,0.0779,0.0005,0.0372,0.0000,0.9649,1.1820,10696.663
206,Z,H,0.1798,0.0034,0.0009,0.0005,0.0036,0.1154,0.3741,0.1710,0.0233,0.1211,0.0005,0.0309,0.0001,0.8105,1.0314,10747.718
207,H,Z,0.1748,0.0033,0.0008,0.0004,0.0028,0.1196,0.3978,0.2767,0.0461,0.0714,0.0006,0.0560,0.0001,0.9175,1.1577,10798.918
208,Z,H,0.1266,0.0015,0.0008,0.0003,0.0018,0.0866,0.2365,0.1638,0.0215,0.0721,0.0025,0.0373,0.0002,0.5856,0.7576,10849.699
209,H,Z,0.1265,0.0017,0.0007,0.0003,0.0019,0.0862,0.2328,0.1642,0.0233,0.0764,0.0141,0.0391,0.0001,0.5891,0.7749,10900.507
210,Z,H,0.1571,0.0024,0.0007,0.0003,0.0028,0.1088,0.3489,0.2096,0.0228,0.0672,0.0135,0.0245,0.0001,0.7622,0.9645,10951.495
211,H,Z,0.1154,0.0015,0.0005,0.0001,0.0013,0.0918,0.1997,0.1526,0.0235,0.0837,0.0008,0.0466,0.0001,0.5571,0.7243,11002.243
212,Z,H,0.1591,0.0021,0.0006,0.0004,0.0027,0.1140,0.4302,0.2857,0.0807,0.0696,0.0102,0.0366,0.0001,0.9879,1.2007,11053.464
213,H,Z,0.1662,0.0026,0.0009,0.0004,0.0033,0.1122,0.3515,0.2729,0.0251,0.0835,0.0005,0.0348,0.0001,0.8520,1.0620,11104.550
214,Z,H,0.1315,0.0015,0.0006,0.0003,0.0018,0.0908,0.2272,0.1515,0.0228,0.0689,0.0036,0.0372,0.0001,0.5726,0.7503,11155.321
215,H,Z,0.1186,0.0012,0.0007,0.0002,0.0020,0.0871,0.2111,0.1481,0.0232,0.0714,0.0004,0.0251,0.0001,0.5454,0.6948,11206.033
216,Z,H,0.1627,0.0029,0.0006,0.0003,0.0032,0.1131,0.3493,0.2657,0.0420,0.0768,0.0006,0.0280,0.0002,0.8531,1.0526,11257.120
217,H,Z,0.1658,0.0022,0.0007,0.0003,0.0028,0.1125,0.3467,0.2647,0.0429,0.0707,0.0099,0.0583,0.0002,0.8435,1.0849,11308.231
218,Z,H,0.1707,0.0028,0.0007,0.0003,0.0030,0.1180,0.3617,0.2756,0.0902,0.0868,0.0007,0.0344,0.0001,0.9421,1.1563,11359.415
219,H,Z,0.1613,0.0021,0.0009,0.0002,0.0020,0.0874,0.2088,0.1537,0.0247,0.0831,0.0005,0.0383,0.0001,0.5623,0.7695,11410.214
220,Z,H,0.1642,0.0033,0.0006,0.0004,0.0029,0.1101,0.3494,0.2612,0.0427,0.0955,0.0039,0.0291,0.0002,0.8643,1.0698,11461.309
221,H,Z,0.1305,0.0016,0.0007,0.0002,0.0022,0.0869,0.2370,0.1537,0.0264,0.0612,0.0038,0.0352,0.0001,0.5705,0.7459,11512.078
222,Z,H,0.1297,0.0019,0.0006,0.0002,0.0019,0.0852,0.2163,0.1455,0.0222,0.0689,0.0004,0.0336,0.0000,0.5429,0.7121,11562.817
223,H,Z,0.1629,0.0028,0.0007,0.0004,0.0030,0.1118,0.3571,0.2617,0.0459,0.0606,0.0007,0.0387,0.0002,0.8436,1.0541,11613.904
224,Z,H,0.1648,0.0031,0.0007,0.0004,0.0034,0.1231,0.3745,0.2697,0.0441,0.0915,0.0006,0.0384,0.0002,0.9091,1.1217,11665.048
225,H,Z,0.1507,0.0019,0.0011,0.0003,0.0030,0.1003,0.2295,0.1779,0.0275,0.0908,0.0010,0.0513,0.0001,0.6321,0.8427,11715.931
226,Z,H,0.1243,0.0019,0.0006,0.0002,0.0022,0.0924,0.2183,0.1498,0.0221,0.0739,0.0108,0.0346,0.0001,0.5611,0.7371,11766.702
227,H,Z,0.1211,0.0016,0.0003,0.0001,0.0020,0.0827,0.2065,0.1520,0.0217,0.0754,0.0009,0.0346,0.0000,0.5451,0.7066,11817.436
228,Z,H,0.1190,0.0017,0.0005,0.0002,0.0021,0.0814,0.2048,0.1516,0.0223,0.0652,0.0006,0.0272,0.0001,0.5300,0.6821,11868.139
229,H,Z,0.1307,0.0015,0.0005,0.0001,0.0018,0.0878,0.2343,0.1561,0.0224,0.0706,0.0103,0.0371,0.0001,0.5784,0.7614,11918.926
230,Z,H,0.1230,0.0017,0.0006,0.0003,0.0020,0.0945,0.2120,0.1559,0.0241,0.0710,0.0007,0.0292,0.0001,0.5623,0.7207,11969.668
231,H,Z,0.1655,0.0025,0.0006,0.0004,0.0030,0.1144,0.3712,0.2701,0.0451,0.0652,0.0029,0.0375,0.0001,0.8712,1.0851,12020.777
232,Z,H,0.1659,0.0026,0.0007,0.0005,0.0026,0.1135,0.3675,0.2623,0.0433,0.0780,0.0010,0.0275,0.0001,0.8698,1.0720,12071.877
233,H,Z,0.1734,0.0018,0.0008,0.0004,0.0029,0.0914,0.2407,0.1577,0.0278,0.0847,0.0018,0.0405,0.0002,0.6092,0.8322,12122.738
234,Z,H,0.1219,0.0017,0.0007,0.0003,0.0021,0.0959,0.2202,0.1589,0.0248,0.0641,0.0018,0.0358,0.0000,0.5688,0.7341,12173.524
235,H,Z,0.1165,0.0015,0.0005,0.0001,0.0019,0.0827,0.2189,0.1481,0.0218,0.0587,0.0150,0.0369,0.0001,0.5412,0.7148,12224.269
236,Z,H,0.1589,0.0030,0.0007,0.0004,0.0031,0.1110,0.4269,0.2767,0.0411,0.0726,0.0007,0.0399,0.0002,0.9334,1.1413,12275.451
237,H,Z,0.1790,0.0020,0.0009,0.0006,0.0021,0.1168,0.2616,0.1951,0.0315,0.0765,0.0034,0.0367,0.0002,0.6868,0.9133,12326.384
238,Z,H,0.1567,0.0028,0.0010,0.0002,0.0026,0.1090,0.3442,0.2721,0.0409,0.0696,0.0005,0.0395,0.0002,0.8410,1.0456,12377.459
239,H,Z,0.1311,0.0023,0.0009,0.0003,0.0021,0.0926,0.2784,0.1721,0.0237,0.0667,0.0010,0.0434,0.0001,0.6388,0.8211,12428.396
240,Z,H,0.1292,0.0020,0.0006,0.0004,0.0024,0.0989,0.2177,0.1557,0.0220,0.1267,0.0041,0.0412,0.0001,0.6264,0.8075,12479.235
241,H,Z,0.1557,0.0016,0.0007,0.0002,0.0018,0.0839,0.2305,0.1553,0.0221,0.0704,0.0021,0.0400,0.0001,0.5679,0.7712,12530.037
242,Z,H,0.1288,0.0018,0.0008,0.0003,0.0021,0.0914,0.2086,0.1590,0.0231,0.0674,0.0019,0.0375,0.0002,0.5543,0.7287,12580.788
243,H,Z,0.1643,0.0026,0.0007,0.0004,0.0027,0.1106,0.3494,0.2814,0.0484,0.0749,0.0246,0.0405,0.0004,0.8694,1.1067,12631.944
244,Z,H,0.1266,0.0022,0.0008,0.0003,0.0024,0.0880,0.2161,0.1514,0.0214,0.0660,0.0005,0.0309,0.0002,0.5479,0.7129,12682.679
245,H,Z,0.1652,0.0032,0.0007,0.0004,0.0033,0.1127,0.3497,0.1749,0.0297,0.0860,0.0008,0.0463,0.0001,0.7596,0.9809,12733.701
246,Z,H,0.1268,0.0017,0.0008,0.0004,0.0018,0.0848,0.2222,0.1661,0.0232,0.0623,0.0005,0.0386,0.0001,0.5634,0.7352,12784.467
247,H,Z,0.1622,0.0018,0.0007,0.0003,0.0020,0.0859,0.2090,0.1501,0.0273,0.0771,0.0130,0.0388,0.0001,0.5548,0.7748,12835.266
248,Z,H,0.1645,0.0021,0.0006,0.0004,0.0028,0.1138,0.3537,0.2655,0.0506,0.0809,0.0009,0.0398,0.0002,0.8707,1.0831,12886.382
249,H,Z,0.1612,0.0018,0.0005,0.0002,0.0016,0.1160,0.3347,0.1526,0.0252,0.0845,0.0037,0.0233,0.0001,0.7240,0.9175,12937.323
250,Z,H,0.1238,0.0020,0.0006,0.0003,0.0020,0.0863,0.2301,0.1617,0.0220,0.0781,0.0011,0.0424,0.0001,0.5832,0.7564,12988.115
251,H,Z,0.1683,0.0028,0.0005,0.0003,0.0030,0.1163,0.3505,0.2638,0.0440,0.0863,0.0008,0.0375,0.0002,0.8662,1.0806,13039.218
252,Z,H,0.1256,0.0015,0.0006,0.0002,0.0019,0.0965,0.2110,0.1488,0.0226,0.0848,0.0005,0.0253,0.0001,0.5683,0.7249,13090.039
253,H,Z,0.1251,0.0018,0.0009,0.0003,0.0070,0.0950,0.2225,0.1592,0.0246,0.0663,0.0094,0.0395,0.0000,0.5721,0.7583,13140.831
254,Z,H,0.1208,0.0015,0.0006,0.0003,0.0019,0.0917,0.2137,0.1525,0.0227,0.0809,0.0037,0.0372,0.0001,0.5665,0.7335,13191.620
255,H,Z,0.1238,0.0014,0.0006,0.0002,0.0019,0.0948,0.2458,0.1545,0.0234,0.1031,0.0006,0.0265,0.0001,0.6262,0.7823,13242.428
256,Z,H,0.1433,0.0022,0.0007,0.0006,0.0026,0.0874,0.2294,0.1528,0.0213,0.0710,0.0005,0.0297,0.0002,0.5671,0.7482,13293.203
257,H,Z,0.1242,0.0017,0.0005,0.0004,0.0020,0.0896,0.2384,0.1544,0.0271,0.0831,0.0013,0.0468,0.0001,0.5981,0.7763,13344.003
258,Z,H,0.1165,0.0013,0.0006,0.0003,0.0021,0.0886,0.2164,0.1469,0.0207,0.0548,0.0004,0.0351,0.0001,0.5319,0.6893,13394.714
259,H,Z,0.1314,0.0021,0.0006,0.0003,0.0023,0.0913,0.2120,0.1699,0.0239,0.0788,0.0120,0.0328,0.0002,0.5815,0.7643,13445.504
260,Z,H,0.1238,0.0017,0.0006,0.0001,0.0020,0.0872,0.2196,0.1573,0.0227,0.0738,0.0009,0.0364,0.0001,0.5667,0.7332,13496.256
261,H,Z,0.1268,0.0019,0.0005,0.0002,0.0022,0.0847,0.2051,0.1489,0.0238,0.1068,0.0027,0.0412,0.0001,0.5749,0.7515,13547.035
262,Z,H,0.1731,0.0028,0.0006,0.0003,0.0031,0.1130,0.3527,0.2566,0.0416,0.0758,0.0006,0.0386,0.0002,0.8450,1.0654,13598.147
263,H,Z,0.1284,0.0017,0.0005,0.0002,0.0018,0.0892,0.2129,0.1553,0.0273,0.0699,0.0005,0.0352,0.0001,0.5591,0.7283,13648.900
264,Z,H,0.1197,0.0016,0.0005,0.0002,0.0021,0.0847,0.2134,0.1546,0.0238,0.0782,0.0009,0.0557,0.0001,0.5618,0.7436,13699.671
265,H,Z,0.1258,0.0017,0.0005,0.0004,0.0020,0.0934,0.2105,0.1608,0.0276,0.0673,0.0058,0.0390,0.0001,0.5640,0.7403,13750.434
266,Z,H,0.1448,0.0017,0.0005,0.0002,0.0021,0.0858,0.2225,0.1625,0.0232,0.0795,0.0036,0.0467,0.0001,0.5779,0.7788,13801.252
267,H,Z,0.1547,0.0020,0.0009,0.0004,0.0027,0.1190,0.2843,0.2172,0.0323,0.0612,0.0008,0.0478,0.0001,0.7204,0.9311,13852.239
268,Z,H,0.1933,0.0032,0.0007,0.0004,0.0031,0.1176,0.3707,0.2898,0.0456,0.0715,0.0010,0.0436,0.0001,0.9025,1.1490,13903.423
269,H,Z,0.1575,0.0029,0.0007,0.0004,0.0030,0.1088,0.3771,0.2666,0.0435,0.0795,0.0005,0.0387,0.0002,0.8806,1.0856,13954.539
270,Z,H,0.1635,0.0024,0.0008,0.0002,0.0025,0.1121,0.3562,0.2772,0.0433,0.0740,0.0005,0.0365,0.0002,0.8683,1.0758,14005.636
271,H,Z,0.1556,0.0025,0.0005,0.0002,0.0027,0.1092,0.3394,0.1539,0.0218,0.0875,0.0024,0.0601,0.0001,0.7222,0.9480,14056.606
272,Z,H,0.1267,0.0016,0.0005,0.0001,0.0017,0.0893,0.2271,0.1526,0.0227,0.0653,0.0005,0.0317,0.0001,0.5621,0.7258,14107.389
273,H,Z,0.1229,0.0016,0.0007,0.0002,0.0020,0.0843,0.2134,0.1646,0.0241,0.0672,0.0006,0.0390,0.0002,0.5583,0.7264,14158.145
274,Z,H,0.1321,0.0015,0.0005,0.0001,0.0019,0.1052,0.2154,0.1599,0.0214,0.0684,0.0039,0.0353,0.0000,0.5747,0.7508,14208.919
275,H,Z,0.1202,0.0013,0.0005,0.0003,0.0020,0.0915,0.2200,0.1622,0.0240,0.0736,0.0004,0.0254,0.0000,0.5761,0.7273,14259.666
276,Z,H,0.1235,0.0013,0.0006,0.0002,0.0023,0.0982,0.2246,0.1591,0.0228,0.0651,0.0045,0.0356,0.0001,0.5743,0.7432,14310.436
277,H,Z,0.1508,0.0014,0.0006,0.0002,0.0021,0.0906,0.3161,0.1516,0.0221,0.0780,0.0010,0.0370,0.0001,0.6625,0.8567,14361.323
278,Z,H,0.1726,0.0021,0.0007,0.0006,0.0027,0.1201,0.2699,0.2120,0.0315,0.0751,0.0005,0.0441,0.0001,0.7141,0.9393,14412.282
279,H,Z,0.2083,0.0022,0.0006,0.0002,0.0021,0.0986,0.3441,0.1493,0.0258,0.0711,0.0036,0.0409,0.0001,0.6942,0.9532,14463.260
280,Z,H,0.1296,0.0017,0.0007,0.0003,0.0021,0.0949,0.2333,0.1511,0.0215,0.0679,0.0016,0.0448,0.0001,0.5741,0.7559,14514.048
281,H,Z,0.1282,0.0023,0.0007,0.0002,0.0022,0.0886,0.2452,0.1406,0.0233,0.0826,0.0006,0.0416,0.0001,0.5859,0.7629,14564.844
282,Z,H,0.1302,0.0020,0.0007,0.0003,0.0024,0.0934,0.2172,0.1576,0.0291,0.0740,0.0006,0.0443,0.0001,0.5764,0.7582,14615.629
283,H,Z,0.1177,0.0017,0.0008,0.0002,0.0021,0.0865,0.2257,0.1476,0.0223,0.0581,0.0082,0.0363,0.0001,0.5452,0.7133,14666.373
284,Z,H,0.1583,0.0033,0.0008,0.0004,0.0032,0.1158,0.3752,0.2771,0.0462,0.0723,0.0009,0.0306,0.0001,0.8932,1.0920,14717.506
285,H,Z,0.1312,0.0020,0.0007,0.0004,0.0023,0.0907,0.2784,0.2919,0.0455,0.0772,0.0006,0.0268,0.0002,0.7902,0.9555,14768.483
286,Z,H,0.1290,0.0020,0.0006,0.0003,0.0022,0.0853,0.2394,0.1671,0.0249,0.0616,0.0005,0.0363,0.0002,0.5828,0.7551,14819.282
287,H,Z,0.1277,0.0022,0.0006,0.0003,0.0023,0.0883,0.2669,0.1561,0.0228,0.0883,0.0010,0.0444,0.0001,0.6281,0.8077,14870.121
288,Z,H,0.1347,0.0020,0.0008,0.0003,0.0020,0.0984,0.2236,0.1689,0.0259,0.0849,0.0119,0.0450,0.0001,0.6082,0.8060,14920.959
289,H,Z,0.1321,0.0024,0.0007,0.0005,0.0030,0.1074,0.2182,0.1670,0.0255,0.0871,0.0010,0.0472,0.0001,0.6117,0.8001,14971.795
290,Z,H,0.2213,0.0035,0.0009,0.0006,0.0030,0.1266,0.5247,0.2839,0.0310,0.1020,0.0005,0.0408,0.0001,1.0758,1.3476,15023.167
291,H,Z,0.1758,0.0023,0.0009,0.0005,0.0026,0.1175,0.2764,0.2038,0.0311,0.0910,0.0009,0.0431,0.0001,0.7253,0.9526,15074.148
292,Z,H,0.1339,0.0022,0.0007,0.0003,0.0020,0.0984,0.2132,0.1625,0.0242,0.0790,0.0106,0.0379,0.0001,0.5823,0.7711,15124.943
293,H,Z,0.1256,0.0018,0.0007,0.0002,0.0020,0.0869,0.2418,0.1553,0.0221,0.0692,0.0005,0.0339,0.0001,0.5799,0.7457,15175.711
294,Z,H,0.1224,0.0019,0.0007,0.0002,0.0020,0.0874,0.2127,0.1643,0.0237,0.0788,0.0007,0.0307,0.0001,0.5724,0.7323,15226.467
295,H,Z,0.1616,0.0031,0.0007,0.0004,0.0031,0.1108,0.4163,0.2939,0.0490,0.0759,0.0006,0.0392,0.0002,0.9508,1.1609,15277.654
296,Z,H,0.2387,0.0030,0.0008,0.0005,0.0032,0.1206,0.4298,0.2854,0.0493,0.0835,0.0006,0.0356,0.0002,0.9732,1.2569,15328.944
297,H,Z,0.1276,0.0021,0.0007,0.0003,0.0023,0.0915,0.2195,0.1573,0.0222,0.0830,0.0028,0.0408,0.0001,0.5797,0.7575,15379.735
298,Z,H,0.1250,0.0018,0.0005,0.0002,0.0021,0.0817,0.2126,0.1666,0.0239,0.0825,0.0159,0.0262,0.0000,0.5719,0.7445,15430.504
299,H,Z,0.1228,0.0018,0.0006,0.0003,0.0022,0.0867,0.2182,0.1585,0.0236,0.0896,0.0007,0.0387,0.0000,0.5810,0.7493,15481.274
300,Z,H,0.1623,0.0023,0.0006,0.0002,0.0026,0.0927,0.2085,0.1547,0.0247,0.0609,0.0102,0.0410,0.0001,0.5463,0.7662,15532.067
301,H,Z,0.2466,0.0029,0.0010,0.0005,0.0029,0.1353,0.3522,0.2667,0.0440,0.0849,0.0006,0.0282,0.0002,0.8884,1.1724,15583.262
302,Z,H,0.1695,0.0026,0.0007,0.0004,0.0032,0.1175,0.4416,0.2739,0.0520,0.1068,0.0010,0.0398,0.0002,0.9974,1.2161,15634.505
303,H,Z,0.1495,0.0022,0.0008,0.0003,0.0020,0.0889,0.2174,0.1664,0.0249,0.0859,0.0017,0.0566,0.0001,0.5900,0.8046,15685.342
304,Z,H,0.1602,0.0021,0.0004,0.0002,0.0032,0.1130,0.3468,0.3540,0.0285,0.0837,0.0026,0.0273,0.0002,0.9319,1.1292,15736.495
305,H,Z,0.1212,0.0015,0.0004,0.0001,0.0017,0.0845,0.2364,0.1491,0.0207,0.0660,0.0004,0.0379,0.0001,0.5625,0.7268,15787.257
306,Z,H,0.1228,0.0017,0.0006,0.0002,0.0020,0.0971,0.2213,0.1528,0.0272,0.0648,0.0006,0.0359,0.0000,0.5680,0.7326,15838.011
307,H,Z,0.1713,0.0016,0.0006,0.0002,0.0024,0.1160,0.2109,0.1645,0.0215,0.0820,0.0003,0.0361,0.0001,0.5987,0.8125,15888.859
308,Z,H,0.1452,0.0017,0.0005,0.0002,0.0017,0.0856,0.2264,0.1524,0.0218,0.0667,0.0136,0.0402,0.0001,0.5580,0.7622,15939.647
309,H,Z,0.1240,0.0019,0.0005,0.0003,0.0019,0.0906,0.2106,0.1622,0.0248,0.0765,0.0005,0.0370,0.0001,0.5700,0.7372,15990.408
310,Z,H,0.1226,0.0014,0.0005,0.0002,0.0018,0.0893,0.2187,0.1600,0.0233,0.0731,0.0011,0.0387,0.0001,0.5705,0.7377,16041.172
311,H,Z,0.1657,0.0024,0.0006,0.0002,0.0029,0.1115,0.3597,0.2669,0.0419,0.1145,0.0010,0.0544,0.0003,0.9008,1.1296,16092.328
312,Z,H,0.1277,0.0016,0.0007,0.0001,0.0021,0.0895,0.2266,0.1535,0.0223,0.0811,0.0012,0.0375,0.0001,0.5783,0.7505,16143.104
313,H,Z,0.1224,0.0013,0.0004,0.0001,0.0017,0.0844,0.2143,0.1448,0.0221,0.0828,0.0093,0.0421,0.0001,0.5528,0.7311,16193.863
314,Z,H,0.1239,0.0019,0.0007,0.0002,0.0018,0.0966,0.2122,0.1491,0.0242,0.0587,0.0004,0.0248,0.0001,0.5445,0.6993,16244.583
315,H,Z,0.1251,0.0021,0.0006,0.0003,0.0022,0.0949,0.2350,0.1606,0.0249,0.0756,0.0010,0.0386,0.0001,0.5973,0.7684,16295.389
316,Z,H,0.1213,0.0015,0.0007,0.0004,0.0017,0.0838,0.2180,0.1549,0.0245,0.0737,0.0044,0.0357,0.0001,0.5603,0.7270,16346.139
317,H,Z,0.1604,0.0023,0.0007,0.0005,0.0025,0.1017,0.2579,0.1999,0.0319,0.0781,0.0005,0.0464,0.0002,0.6748,0.8893,16397.051
318,Z,H,0.1621,0.0028,0.0009,0.0003,0.0031,0.1130,0.4071,0.2664,0.0494,0.0841,0.0005,0.0475,0.0002,0.9256,1.1442,16448.237
319,H,Z,0.1557,0.0027,0.0007,0.0004,0.0030,0.1124,0.3471,0.2625,0.0414,0.0803,0.0006,0.0303,0.0002,0.8492,1.0441,16499.305
320,Z,H,0.1286,0.0013,0.0006,0.0002,0.0018,0.0884,0.2126,0.1635,0.0280,0.0850,0.0132,0.0391,0.0001,0.5840,0.7699,16550.103
321,H,Z,0.1278,0.0018,0.0006,0.0003,0.0021,0.0891,0.2821,0.1510,0.0247,0.0778,0.0005,0.0419,0.0001,0.6301,0.8061,16600.968
322,Z,H,0.1245,0.0015,0.0005,0.0002,0.0019,0.0894,0.2240,0.1556,0.0220,0.0725,0.0005,0.0375,0.0000,0.5686,0.7365,16651.727
323,H,Z,0.1295,0.0024,0.0008,0.0003,0.0021,0.0960,0.2307,0.1510,0.0240,0.0806,0.0006,0.0374,0.0001,0.5870,0.7614,16702.512
324,Z,H,0.1231,0.0022,0.0007,0.0003,0.0021,0.0855,0.2732,0.1584,0.0349,0.0785,0.0005,0.0288,0.0002,0.6366,0.7954,16753.327
325,H,Z,0.1922,0.0030,0.0007,0.0004,0.0029,0.1156,0.3754,0.3135,0.0456,0.1133,0.0006,0.0301,0.0002,0.9695,1.2008,16804.561
326,Z,H,0.1763,0.0034,0.0009,0.0004,0.0033,0.1193,0.3739,0.2709,0.0461,0.0948,0.0011,0.0466,0.0002,0.9113,1.1445,16855.738
327,H,Z,0.1429,0.0024,0.0010,0.0005,0.0022,0.1009,0.2251,0.1730,0.0256,0.0768,0.0006,0.0332,0.0002,0.6070,0.7911,16906.575
328,Z,H,0.1811,0.0031,0.0008,0.0004,0.0031,0.1167,0.3732,0.2887,0.0484,0.0900,0.0006,0.0458,0.0001,0.9224,1.1590,16957.766
329,H,Z,0.1755,0.0034,0.0008,0.0003,0.0040,0.1324,0.3699,0.2802,0.0455,0.0853,0.0007,0.0598,0.0002,0.9199,1.1660,17008.963
330,Z,H,0.1796,0.0035,0.0009,0.0006,0.0036,0.1270,0.3688,0.2837,0.0459,0.0909,0.0091,0.0429,0.0002,0.9224,1.1643,17060.153
331,H,Z,0.1822,0.0033,0.0009,0.0004,0.0033,0.1196,0.3631,0.2871,0.0460,0.0802,0.0007,0.0301,0.0002,0.9025,1.1250,17111.301
332,Z,H,0.1822,0.0032,0.0010,0.0005,0.0035,0.1163,0.3730,0.2869,0.0468,0.0726,0.0042,0.0402,0.0002,0.9022,1.1386,17162.476
333,H,Z,0.1763,0.0037,0.0008,0.0003,0.0035,0.1159,0.3620,0.2924,0.0466,0.0808,0.0097,0.0440,0.0005,0.9052,1.1453,17213.683
334,Z,H,0.1301,0.0022,0.0008,0.0003,0.0020,0.0856,0.2126,0.1674,0.0290,0.0672,0.0115,0.0284,0.0001,0.5672,0.7441,17264.453
335,H,Z,0.1439,0.0016,0.0005,0.0003,0.0020,0.0912,0.2723,0.1558,0.0261,0.1155,0.0034,0.0289,0.0001,0.6659,0.8477,17315.324
336,Z,H,0.1676,0.0033,0.0007,0.0003,0.0032,0.1106,0.3639,0.2854,0.0446,0.0707,0.0009,0.0392,0.0002,0.8801,1.0969,17366.443
337,H,Z,0.1389,0.0022,0.0006,0.0004,0.0024,0.0895,0.2255,0.1631,0.0258,0.0883,0.0011,0.0424,0.0001,0.5970,0.7863,17417.261
338,Z,H,0.1274,0.0020,0.0006,0.0003,0.0024,0.0882,0.2414,0.2109,0.0361,0.0708,0.0051,0.0457,0.0002,0.6531,0.8379,17468.123
339,H,Z,0.1373,0.0019,0.0007,0.0003,0.0021,0.0888,0.2361,0.1592,0.0227,0.0982,0.0006,0.0412,0.0001,0.6093,0.7945,17518.938
340,Z,H,0.1542,0.0020,0.0007,0.0004,0.0020,0.0941,0.2370,0.1682,0.0241,0.0950,0.0005,0.0426,0.0000,0.6226,0.8263,17569.789
341,H,Z,0.1699,0.0035,0.0008,0.0005,0.0037,0.1163,0.3637,0.3024,0.0454,0.0820,0.0141,0.0412,0.0002,0.9160,1.1514,17620.971
342,Z,H,0.1709,0.0031,0.0008,0.0004,0.0030,0.1257,0.3640,0.2909,0.0494,0.0779,0.0005,0.0426,0.0002,0.9138,1.1368,17672.138
343,H,Z,0.1885,0.0028,0.0009,0.0006,0.0027,0.1281,0.3044,0.1968,0.0246,0.0937,0.0013,0.0461,0.0001,0.7524,0.9968,17723.207
344,Z,H,0.1773,0.0032,0.0008,0.0005,0.0038,0.1199,0.4053,0.2949,0.0478,0.0788,0.0010,0.0561,0.0002,0.9529,1.1971,17774.433
345,H,Z,0.1663,0.0029,0.0009,0.0005,0.0026,0.0912,0.2382,0.1799,0.0258,0.0800,0.0011,0.0438,0.0002,0.6215,0.8409,17825.311
346,Z,H,0.1267,0.0022,0.0009,0.0003,0.0022,0.0954,0.2190,0.1607,0.0284,0.0774,0.0043,0.0414,0.0001,0.5865,0.7655,17876.100
347,H,Z,0.1245,0.0021,0.0006,0.0003,0.0022,0.0886,0.2904,0.1552,0.0230,0.1029,0.0006,0.0399,0.0001,0.6654,0.8367,17926.961
348,Z,H,0.1667,0.0030,0.0007,0.0004,0.0029,0.1193,0.3585,0.2724,0.0452,0.0753,0.0119,0.0304,0.0002,0.8771,1.0946,17978.077
349,H,Z,0.1386,0.0021,0.0010,0.0004,0.0023,0.0978,0.2232,0.1604,0.0244,0.0699,0.0006,0.0396,0.0001,0.5808,0.7668,18028.870
350,Z,H,0.1693,0.0032,0.0007,0.0004,0.0033,0.1131,0.3723,0.2788,0.0452,0.0779,0.0016,0.0371,0.0002,0.8969,1.1141,18080.008
351,H,Z,0.1645,0.0029,0.0008,0.0003,0.0061,0.1129,0.3468,0.2589,0.0422,0.0789,0.0005,0.0424,0.0003,0.8457,1.0647,18131.097
352,Z,H,0.1350,0.0018,0.0005,0.0003,0.0024,0.0904,0.2354,0.1651,0.0230,0.0632,0.0035,0.0287,0.0001,0.5821,0.7555,18181.884
353,H,Z,0.1687,0.0019,0.0007,0.0004,0.0026,0.0960,0.2205,0.1574,0.0255,0.0823,0.0016,0.0443,0.0001,0.5898,0.8114,18232.718
354,Z,H,0.1680,0.0031,0.0008,0.0004,0.0031,0.1151,0.3902,0.2823,0.0454,0.0936,0.0006,0.0394,0.0002,0.9324,1.1492,18283.892
355,H,Z,0.1700,0.0031,0.0008,0.0004,0.0034,0.1212,0.3725,0.2808,0.0457,0.0969,0.0006,0.0471,0.0002,0.9233,1.1518,18335.087
356,Z,H,0.1725,0.0028,0.0008,0.0004,0.0036,0.1093,0.3578,0.2682,0.0439,0.0928,0.0005,0.0436,0.0001,0.8774,1.1035,18386.209
357,H,Z,0.1327,0.0018,0.0006,0.0003,0.0019,0.0905,0.2177,0.1640,0.0256,0.0738,0.0010,0.0413,0.0002,0.5775,0.7588,18437.011
358,Z,H,0.1776,0.0033,0.0007,0.0004,0.0030,0.1143,0.3563,0.2820,0.0459,0.1131,0.0012,0.0400,0.0003,0.9189,1.1467,18488.190
359,H,Z,0.1369,0.0020,0.0008,0.0003,0.0021,0.0852,0.2168,0.1569,0.0245,0.0960,0.0011,0.0463,0.0002,0.5852,0.7760,18539.003
360,Z,H,0.1279,0.0020,0.0006,0.0003,0.0024,0.1040,0.2221,0.1676,0.0298,0.0808,0.0023,0.0465,0.0002,0.6107,0.7939,18589.836
361,H,Z,0.1253,0.0023,0.0007,0.0003,0.0023,0.0882,0.2396,0.1499,0.0239,0.0774,0.0015,0.0316,0.0001,0.5875,0.7528,18640.614
362,Z,H,0.1259,0.0019,0.0008,0.0003,0.0021,0.0861,0.2204,0.1714,0.0247,0.0800,0.0008,0.0509,0.0001,0.5882,0.7721,18691.415
363,H,Z,0.1295,0.0021,0.0007,0.0002,0.0021,0.0928,0.2176,0.1565,0.0247,0.0754,0.0009,0.0405,0.0001,0.5719,0.7493,18742.203
364,Z,H,0.1780,0.0021,0.0008,0.0004,0.0026,0.1154,0.2576,0.2100,0.0322,0.0753,0.0115,0.0528,0.0001,0.6961,0.9456,18793.190
365,H,Z,0.1189,0.0022,0.0007,0.0002,0.0021,0.0850,0.2367,0.1536,0.0231,0.0716,0.0137,0.0452,0.0001,0.5757,0.7598,18843.989
366,Z,H,0.1701,0.0031,0.0006,0.0003,0.0033,0.1197,0.3802,0.2823,0.0521,0.0858,0.0022,0.0343,0.0003,0.9299,1.1458,18895.159
367,H,Z,0.1396,0.0019,0.0007,0.0003,0.0020,0.0880,0.2190,0.1586,0.0261,0.0743,0.0036,0.0382,0.0000,0.5715,0.7588,18945.944
368,Z,H,0.1280,0.0020,0.0006,0.0002,0.0021,0.0882,0.2229,0.1621,0.0281,0.0728,0.0124,0.0449,0.0001,0.5802,0.7719,18996.743
369,H,Z,0.1286,0.0018,0.0006,0.0003,0.0023,0.0886,0.2346,0.1596,0.0242,0.0676,0.0136,0.0278,0.0001,0.5800,0.7561,19047.520
370,Z,H,0.1646,0.0022,0.0006,0.0003,0.0026,0.1028,0.2501,0.1880,0.0231,0.0984,0.0040,0.0408,0.0002,0.6671,0.8835,19098.436
371,H,Z,0.1638,0.0033,0.0009,0.0004,0.0036,0.1101,0.3520,0.2694,0.0412,0.0715,0.0005,0.0400,0.0002,0.8499,1.0637,19149.526
372,Z,H,0.1317,0.0019,0.0007,0.0002,0.0021,0.0908,0.2148,0.1624,0.0283,0.1098,0.0010,0.0387,0.0000,0.6110,0.7885,19200.339
373,H,Z,0.1255,0.0021,0.0008,0.0003,0.0021,0.0861,0.2233,0.1600,0.0232,0.0901,0.0006,0.0288,0.0001,0.5871,0.7483,19251.118
374,Z,H,0.2483,0.0033,0.0008,0.0006,0.0031,0.1390,0.4129,0.3431,0.0302,0.0658,0.0010,0.0411,0.0002,0.9991,1.2987,19302.445
375,H,Z,0.1289,0.0022,0.0007,0.0004,0.0022,0.0926,0.2152,0.1620,0.0245,0.0786,0.0006,0.0324,0.0001,0.5791,0.7477,19353.222
376,Z,H,0.1622,0.0033,0.0008,0.0005,0.0031,0.1144,0.3796,0.2045,0.0256,0.1018,0.0005,0.0395,0.0000,0.8310,1.0427,19404.611
377,H,Z,0.1284,0.0020,0.0008,0.0003,0.0022,0.0988,0.2145,0.1664,0.0254,0.0737,0.0038,0.0491,0.0001,0.5841,0.7718,19455.423
378,Z,H,0.1246,0.0022,0.0007,0.0003,0.0021,0.0977,0.2142,0.1613,0.0261,0.0922,0.0006,0.0439,0.0001,0.5982,0.7737,19506.223
379,H,Z,0.1287,0.0020,0.0008,0.0003,0.0019,0.0868,0.2139,0.1593,0.0244,0.0647,0.0027,0.0269,0.0001,0.5543,0.7189,19556.965
380,Z,H,0.1283,0.0020,0.0006,0.0003,0.0020,0.0822,0.2244,0.1701,0.0248,0.0688,0.0105,0.0423,0.0002,0.5762,0.7633,19607.756
381,H,Z,0.1603,0.0025,0.0007,0.0004,0.0031,0.1149,0.3607,0.2711,0.0439,0.0854,0.0006,0.0406,0.0001,0.8838,1.0933,19658.876
382,Z,H,0.1289,0.0023,0.0010,0.0003,0.0023,0.0965,0.2252,0.1629,0.0229,0.0708,0.0005,0.0308,0.0000,0.5821,0.7494,19709.651
383,H,Z,0.1676,0.0033,0.0009,0.0004,0.0030,0.1207,0.4209,0.2715,0.0440,0.0812,0.0014,0.0419,0.0001,0.9460,1.1660,19760.853
384,Z,H,0.1782,0.0034,0.0009,0.0006,0.0031,0.1171,0.3858,0.2878,0.0527,0.0891,0.0032,0.0468,0.0002,0.9392,1.1769,19812.067
385,H,Z,0.1746,0.0033,0.0007,0.0005,0.0039,0.1379,0.2221,0.1826,0.0254,0.0830,0.0012,0.0489,0.0001,0.6613,0.8971,19862.999
386,Z,H,0.1366,0.0021,0.0008,0.0003,0.0023,0.0961,0.2584,0.1607,0.0246,0.1088,0.0005,0.0398,0.0000,0.6529,0.8367,19913.857
387,H,Z,0.1750,0.0033,0.0007,0.0004,0.0030,0.1160,0.3641,0.2780,0.0448,0.0741,0.0018,0.0311,0.0002,0.8835,1.1002,19964.980
388,Z,H,0.1567,0.0020,0.0007,0.0003,0.0024,0.0936,0.2225,0.1642,0.0242,0.0630,0.0006,0.0305,0.0001,0.5733,0.7679,20015.773
389,H,Z,0.1642,0.0032,0.0008,0.0004,0.0034,0.1143,0.3596,0.2318,0.0255,0.0785,0.0011,0.0460,0.0001,0.8180,1.0384,20066.843
390,Z,H,0.1805,0.0031,0.0008,0.0003,0.0032,0.1161,0.2551,0.1743,0.0265,0.0829,0.0007,0.0394,0.0001,0.6613,0.8910,20117.758
391,H,Z,0.1295,0.0020,0.0010,0.0003,0.0025,0.0970,0.2409,0.1665,0.0250,0.0759,0.0097,0.0323,0.0001,0.6106,0.7892,20168.572
392,Z,H,0.1937,0.0029,0.0006,0.0004,0.0030,0.1125,0.3599,0.2711,0.0455,0.0725,0.0106,0.0329,0.0001,0.8683,1.1140,20219.722
393,H,Z,0.1331,0.0026,0.0008,0.0004,0.0026,0.0895,0.2360,0.1621,0.0260,0.0755,0.0005,0.0413,0.0002,0.5938,0.7766,20270.541
394,Z,H,0.1696,0.0030,0.0007,0.0005,0.0031,0.1153,0.4008,0.2691,0.0515,0.0873,0.0009,0.0425,0.0002,0.9308,1.1526,20321.732
395,H,Z,0.1281,0.0020,0.0007,0.0006,0.0021,0.0872,0.2127,0.1648,0.0254,0.0775,0.0040,0.0425,0.0000,0.5730,0.7539,20372.517
396,Z,H,0.1704,0.0031,0.0007,0.0004,0.0032,0.1136,0.3517,0.2850,0.0444,0.0901,0.0131,0.0424,0.0002,0.8905,1.1252,20423.675
397,H,Z,0.1792,0.0026,0.0010,0.0004,0.0027,0.0951,0.2563,0.1618,0.0239,0.0739,0.0010,0.0450,0.0001,0.6177,0.8511,20474.558
398,Z,H,0.1426,0.0023,0.0008,0.0004,0.0025,0.0899,0.2223,0.1711,0.0255,0.0712,0.0013,0.0290,0.0002,0.5863,0.7664,20525.346
399,H,Z,0.1311,0.0023,0.0007,0.0003,0.0024,0.0875,0.2191,0.1720,0.0245,0.0793,0.0023,0.0293,0.0001,0.5877,0.7576,20576.150
400,Z,H,0.1746,0.0022,0.0008,0.0004,0.0023,0.1241,0.3426,0.1566,0.0227,0.0819,0.0009,0.0415,0.0001,0.7332,0.9572,20627.172
401,H,Z,0.1579,0.0024,0.0008,0.0005,0.0022,0.0920,0.2174,0.1625,0.0248,0.0783,0.0111,0.0322,0.0002,0.5800,0.7885,20677.983
402,Z,H,0.1275,0.0019,0.0007,0.0002,0.0020,0.0941,0.2330,0.1561,0.0226,0.0821,0.0029,0.0399,0.0001,0.5923,0.7687,20728.782
403,H,Z,0.1688,0.0023,0.0008,0.0004,0.0027,0.1230,0.2704,0.2048,0.0240,0.0866,0.0006,0.0372,0.0001,0.7136,0.9277,20779.750
404,Z,H,0.1629,0.0031,0.0008,0.0004,0.0036,0.1135,0.3585,0.2644,0.0452,0.0851,0.0005,0.0431,0.0004,0.8727,1.0888,20830.873
405,H,Z,0.1351,0.0021,0.0007,0.0003,0.0021,0.0884,0.2409,0.1602,0.0236,0.0863,0.0121,0.0453,0.0002,0.6064,0.8054,20881.709
406,Z,H,0.1280,0.0019,0.0006,0.0005,0.0022,0.0908,0.2393,0.1643,0.0224,0.0752,0.0010,0.0555,0.0002,0.5975,0.7884,20932.526
407,H,Z,0.1241,0.0021,0.0005,0.0003,0.0020,0.0859,0.2136,0.1555,0.0231,0.0716,0.0007,0.0426,0.0001,0.5551,0.7285,20983.279
408,Z,H,0.1237,0.0020,0.0008,0.0003,0.0021,0.0885,0.2481,0.1610,0.0240,0.0855,0.0005,0.0376,0.0001,0.6122,0.7803,21034.082
409,H,Z,0.1714,0.0035,0.0009,0.0004,0.0036,0.1113,0.3713,0.2827,0.0889,0.1106,0.0005,0.0362,0.0001,0.9714,1.1891,21085.292
410,Z,H,0.1321,0.0019,0.0009,0.0003,0.0020,0.0868,0.2265,0.1707,0.0241,0.0765,0.0007,0.0300,0.0001,0.5896,0.7588,21136.078
411,H,Z,0.1709,0.0027,0.0008,0.0004,0.0035,0.1147,0.3506,0.2750,0.0431,0.0913,0.0006,0.0388,0.0001,0.8809,1.0998,21187.203
412,Z,H,0.1655,0.0030,0.0008,0.0004,0.0031,0.1129,0.3725,0.2707,0.0509,0.0820,0.0013,0.0439,0.0003,0.8959,1.1154,21238.355
413,H,Z,0.1677,0.0025,0.0009,0.0004,0.0030,0.1108,0.2576,0.2193,0.0322,0.0831,0.0010,0.0428,0.0001,0.7122,0.9319,21289.317
414,Z,H,0.1295,0.0020,0.0005,0.0003,0.0019,0.0955,0.2908,0.1603,0.0243,0.0672,0.0007,0.0306,0.0002,0.6437,0.8106,21340.198
415,H,Z,0.1249,0.0021,0.0008,0.0003,0.0022,0.0839,0.2085,0.1564,0.0234,0.1061,0.0013,0.0414,0.0001,0.5846,0.7587,21390.988
416,Z,H,0.1739,0.0024,0.0008,0.0004,0.0026,0.1105,0.2135,0.1756,0.0237,0.0849,0.0006,0.0416,0.0002,0.6139,0.8376,21441.850
417,H,Z,0.1280,0.0018,0.0007,0.0003,0.0020,0.0879,0.2327,0.1564,0.0244,0.0938,0.0006,0.0394,0.0002,0.5999,0.7738,21492.643
418,Z,H,0.1782,0.0031,0.0007,0.0004,0.0034,0.1210,0.3899,0.2889,0.0524,0.1061,0.0007,0.0394,0.0003,0.9648,1.1921,21543.862
419,H,Z,0.1272,0.0018,0.0008,0.0004,0.0022,0.0870,0.2281,0.1525,0.0240,0.0743,0.0108,0.0434,0.0001,0.5723,0.7601,21594.664
420,Z,H,0.1670,0.0031,0.0007,0.0004,0.0036,0.1132,0.4116,0.1734,0.0245,0.0684,0.0006,0.0422,0.0002,0.7972,1.0162,21645.705
421,H,Z,0.1365,0.0024,0.0009,0.0003,0.0024,0.0928,0.2137,0.1629,0.0232,0.0644,0.0011,0.0421,0.0001,0.5638,0.7506,21696.486
422,Z,H,0.1300,0.0022,0.0006,0.0003,0.0022,0.0982,0.2199,0.1609,0.0282,0.0769,0.0115,0.0406,0.0002,0.5881,0.7767,21747.282
423,H,Z,0.1213,0.0019,0.0006,0.0002,0.0021,0.0845,0.2223,0.1585,0.0234,0.0754,0.0009,0.0393,0.0001,0.5693,0.7380,21798.048
424,Z,H,0.1249,0.0019,0.0008,0.0004,0.0022,0.0847,0.2280,0.1584,0.0217,0.0870,0.0011,0.0441,0.0001,0.5854,0.7619,21848.875
425,H,Z,0.1311,0.0019,0.0006,0.0003,0.0022,0.0854,0.2269,0.1578,0.0228,0.0834,0.0013,0.0446,0.0001,0.5831,0.7665,21899.692
426,Z,H,0.1200,0.0019,0.0007,0.0003,0.0023,0.0871,0.2137,0.1646,0.0236,0.0872,0.0033,0.0413,0.0001,0.5835,0.7544,21950.485
427,H,Z,0.1679,0.0033,0.0007,0.0005,0.0033,0.1125,0.4087,0.2788,0.0476,0.0763,0.0116,0.0594,0.0001,0.9304,1.1785,22001.710
428,Z,H,0.1315,0.0021,0.0007,0.0004,0.0024,0.0883,0.2512,0.1698,0.0266,0.0716,0.0086,0.0406,0.0002,0.6122,0.7998,22052.536
429,H,Z,0.1238,0.0015,0.0005,0.0002,0.0022,0.0863,0.2727,0.1392,0.0275,0.0920,0.0009,0.0369,0.0001,0.6235,0.7908,22103.354
430,Z,H,0.1291,0.0018,0.0006,0.0003,0.0020,0.0940,0.2157,0.1559,0.0251,0.0769,0.0033,0.0280,0.0001,0.5727,0.7390,22154.114
431,H,Z,0.1163,0.0019,0.0007,0.0002,0.0021,0.0866,0.2321,0.1565,0.0233,0.0728,0.0010,0.0389,0.0001,0.5764,0.7386,22204.883
432,Z,H,0.1669,0.0025,0.0006,0.0004,0.0032,0.1132,0.3706,0.2737,0.0433,0.0881,0.0006,0.0388,0.0002,0.8945,1.1088,22256.013
433,H,Z,0.1594,0.0027,0.0012,0.0003,0.0032,0.1187,0.3478,0.2592,0.0432,0.0683,0.0124,0.0364,0.0002,0.8428,1.0600,22307.095
434,Z,H,0.1311,0.0017,0.0007,0.0002,0.0019,0.0892,0.2252,0.1602,0.0250,0.0746,0.0004,0.0370,0.0001,0.5780,0.7522,22357.868
435,H,Z,0.1318,0.0019,0.0006,0.0003,0.0021,0.0863,0.2352,0.1583,0.0232,0.0929,0.0007,0.0541,0.0001,0.6023,0.7948,22408.724
436,Z,H,0.1258,0.0021,0.0007,0.0002,0.0024,0.0894,0.2205,0.1726,0.0287,0.0859,0.0094,0.0395,0.0001,0.6039,0.7851,22459.539
437,H,Z,0.1288,0.0017,0.0008,0.0003,0.0021,0.0916,0.2604,0.1608,0.0211,0.0714,0.0005,0.0415,0.0001,0.6106,0.7875,22510.377
438,Z,H,0.1648,0.0022,0.0007,0.0003,0.0026,0.0911,0.2303,0.1637,0.0234,0.0794,0.0010,0.0442,0.0001,0.5933,0.8105,22561.218
439,H,Z,0.1225,0.0015,0.0007,0.0001,0.0021,0.0866,0.2114,0.1569,0.0247,0.0762,0.0008,0.0531,0.0001,0.5611,0.7432,22611.989
440,Z,H,0.1680,0.0030,0.0008,0.0005,0.0032,0.1223,0.3722,0.2682,0.0468,0.0766,0.0005,0.0402,0.0002,0.8923,1.1101,22663.121
441,H,Z,0.1306,0.0022,0.0007,0.0002,0.0020,0.0888,0.2240,0.1583,0.0230,0.0633,0.0007,0.0433,0.0002,0.5634,0.7444,22713.887
442,Z,H,0.1252,0.0020,0.0006,0.0003,0.0019,0.0902,0.2180,0.1643,0.0255,0.0874,0.0011,0.0426,0.0001,0.5916,0.7667,22764.693
443,H,Z,0.1252,0.0018,0.0007,0.0003,0.0019,0.0849,0.2204,0.1618,0.0249,0.0789,0.0019,0.0385,0.0001,0.5755,0.7469,22815.462
444,Z,H,0.1548,0.0020,0.0005,0.0002,0.0025,0.1097,0.2629,0.2184,0.0234,0.0808,0.0014,0.0367,0.0385,0.7012,0.9389,22866.430
445,H,Z,0.1309,0.0019,0.0009,0.0003,0.0020,0.0932,0.2120,0.1624,0.0236,0.0751,0.0022,0.0469,0.0001,0.5805,0.7669,22917.226
446,Z,H,0.1264,0.0018,0.0006,0.0003,0.0021,0.0878,0.2413,0.1562,0.0266,0.0863,0.0009,0.0450,0.0001,0.6037,0.7818,22968.045
447,H,Z,0.1748,0.0036,0.0009,0.0003,0.0031,0.1170,0.3660,0.2813,0.0462,0.0725,0.0005,0.0436,0.0001,0.8886,1.1168,23019.186
448,Z,H,0.2150,0.0026,0.0010,0.0003,0.0028,0.1238,0.3436,0.2702,0.0558,0.0763,0.0005,0.0278,0.0002,0.8766,1.1277,23070.341
449,H,Z,0.1220,0.0016,0.0005,0.0001,0.0017,0.0865,0.2104,0.1513,0.0231,0.0920,0.0004,0.0356,0.0001,0.5676,0.7307,23121.092
450,Z,H,0.1738,0.0024,0.0006,0.0003,0.0027,0.1140,0.3725,0.2663,0.0454,0.0810,0.0176,0.0535,0.0001,0.8855,1.1378,23172.270
451,H,Z,0.1700,0.0025,0.0007,0.0004,0.0031,0.1189,0.3637,0.2769,0.0473,0.0624,0.0005,0.0383,0.0002,0.8750,1.0920,23223.394
452,Z,H,0.1259,0.0017,0.0008,0.0002,0.0021,0.0954,0.2231,0.1525,0.0263,0.1053,0.0008,0.0586,0.0001,0.6092,0.8001,23274.224
453,H,Z,0.1208,0.0014,0.0007,0.0002,0.0016,0.0860,0.2139,0.1521,0.0225,0.0606,0.0005,0.0346,0.0001,0.5397,0.7007,23324.948
454,Z,H,0.1200,0.0017,0.0004,0.0002,0.0019,0.0943,0.2212,0.1531,0.0243,0.0701,0.0038,0.0336,0.0001,0.5678,0.7304,23375.695
455,H,Z,0.1276,0.0018,0.0007,0.0003,0.0022,0.0858,0.2265,0.1709,0.0241,0.0747,0.0008,0.0265,0.0000,0.5863,0.7473,23426.461
456,Z,H,0.1563,0.0018,0.0005,0.0003,0.0018,0.0862,0.2336,0.1582,0.0279,0.0724,0.0213,0.0318,0.0001,0.5831,0.7981,23477.283
457,H,Z,0.1624,0.0027,0.0006,0.0002,0.0029,0.1133,0.3653,0.3363,0.0556,0.0593,0.0025,0.0250,0.0001,0.9359,1.1336,23528.442
458,Z,H,0.1326,0.0021,0.0008,0.0002,0.0024,0.0867,0.2164,0.1633,0.0241,0.0892,0.0005,0.0427,0.0001,0.5859,0.7684,23579.232
459,H,Z,0.1477,0.0021,0.0005,0.0001,0.0021,0.1003,0.2227,0.1487,0.0230,0.0806,0.0006,0.0367,0.0001,0.5801,0.7711,23630.026
460,Z,H,0.1221,0.0018,0.0005,0.0003,0.0020,0.0899,0.2291,0.1501,0.0253,0.0640,0.0005,0.0303,0.0002,0.5643,0.7233,23680.775
461,H,Z,0.1337,0.0023,0.0007,0.0004,0.0023,0.0861,0.2122,0.1619,0.0235,0.1022,0.0010,0.0506,0.0003,0.5917,0.7844,23731.597
462,Z,H,0.1286,0.0019,0.0007,0.0003,0.0022,0.0884,0.2154,0.1644,0.0280,0.0726,0.0010,0.0422,0.0001,0.5781,0.7559,23782.381
463,H,Z,0.1286,0.0014,0.0006,0.0002,0.0021,0.0872,0.2599,0.1537,0.0237,0.0764,0.0008,0.0355,0.0001,0.6054,0.7755,23833.183
464,Z,H,0.1218,0.0021,0.0008,0.0003,0.0022,0.0978,0.2242,0.1590,0.0229,0.0678,0.0006,0.0281,0.0001,0.5765,0.7334,23883.945
465,H,Z,0.1636,0.0022,0.0006,0.0002,0.0028,0.1198,0.3742,0.2312,0.0242,0.0642,0.0009,0.0350,0.0001,0.8197,1.0261,23935.021
466,Z,H,0.1747,0.0030,0.0008,0.0004,0.0027,0.1157,0.3741,0.2654,0.0453,0.0880,0.0005,0.0359,0.0001,0.8944,1.1136,23986.159
467,H,Z,0.1746,0.0025,0.0007,0.0002,0.0029,0.1148,0.3935,0.2819,0.0446,0.0865,0.0009,0.0352,0.0001,0.9279,1.1461,24037.329
468,Z,H,0.1320,0.0019,0.0006,0.0002,0.0022,0.0885,0.2382,0.1568,0.0270,0.1192,0.0005,0.0358,0.0001,0.6365,0.8109,24088.164
469,H,Z,0.1698,0.0015,0.0006,0.0003,0.0022,0.1091,0.2357,0.1867,0.0309,0.0773,0.0004,0.0411,0.0001,0.6448,0.8621,24139.051
470,Z,H,0.1746,0.0017,0.0006,0.0001,0.0025,0.1236,0.2603,0.1851,0.0236,0.0685,0.0102,0.0377,0.0001,0.6666,0.8951,24189.968
471,H,Z,0.1213,0.0015,0.0006,0.0002,0.0018,0.0837,0.2247,0.1465,0.0231,0.0595,0.0005,0.0349,0.0001,0.5428,0.7048,24240.695
472,Z,H,0.1258,0.0021,0.0008,0.0003,0.0022,0.0845,0.2140,0.1644,0.0235,0.0692,0.0024,0.0281,0.0000,0.5601,0.7228,24291.443
473,H,Z,0.1444,0.0019,0.0005,0.0002,0.0020,0.1140,0.2562,0.2009,0.0346,0.0766,0.0005,0.0383,0.0001,0.6877,0.8765,24342.341
474,Z,H,0.1156,0.0013,0.0005,0.0002,0.0017,0.0860,0.2425,0.1480,0.0237,0.0784,0.0016,0.0330,0.0001,0.5824,0.7374,24393.099
475,H,Z,0.1726,0.0029,0.0007,0.0004,0.0031,0.1161,0.3550,0.2732,0.0437,0.0670,0.0010,0.0500,0.0002,0.8614,1.0934,24444.226
476,Z,H,0.1593,0.0032,0.0007,0.0004,0.0028,0.1395,0.2148,0.1742,0.0233,0.1113,0.0011,0.0417,0.0002,0.6694,0.8800,24495.138
477,H,Z,0.1341,0.0015,0.0008,0.0003,0.0019,0.0874,0.2103,0.1496,0.0214,0.0862,0.0011,0.0383,0.0001,0.5622,0.7413,24545.911
478,Z,H,0.1283,0.0019,0.0006,0.0004,0.0023,0.0973,0.2491,0.1554,0.0241,0.0823,0.0006,0.0409,0.0001,0.6135,0.7896,24596.726
479,H,Z,0.1299,0.0018,0.0004,0.0002,0.0020,0.0864,0.2389,0.1544,0.0222,0.0628,0.0005,0.0376,0.0000,0.5690,0.7425,24647.489
480,Z,H,0.1725,0.0036,0.0007,0.0004,0.0035,0.1122,0.3521,0.2846,0.0439,0.0876,0.0006,0.0419,0.0003,0.8861,1.1111,24698.626
481,H,Z,0.1316,0.0018,0.0010,0.0002,0.0017,0.0971,0.2428,0.2120,0.0231,0.0797,0.0115,0.0366,0.0002,0.6603,0.8462,24749.532
482,Z,H,0.1288,0.0022,0.0007,0.0004,0.0024,0.0966,0.2222,0.1631,0.0240,0.0715,0.0006,0.0326,0.0001,0.5827,0.7516,24800.307
483,H,Z,0.1291,0.0026,0.0006,0.0003,0.0023,0.0936,0.2949,0.1639,0.0237,0.0810,0.0009,0.0427,0.0001,0.6632,0.8428,24851.184
484,Z,H,0.1281,0.0018,0.0006,0.0003,0.0023,0.1072,0.4644,0.1687,0.0234,0.1091,0.0008,0.0376,0.0002,0.8782,1.0508,24902.263
485,H,Z,0.1737,0.0032,0.0009,0.0004,0.0035,0.1156,0.3730,0.2932,0.0441,0.1073,0.0091,0.0301,0.0002,0.9392,1.1615,24953.451
486,Z,H,0.1705,0.0034,0.0006,0.0004,0.0034,0.1112,0.3647,0.3366,0.0286,0.0959,0.0006,0.0304,0.0001,0.9435,1.1543,25004.629
487,H,Z,0.1738,0.0035,0.0009,0.0004,0.0031,0.1155,0.3670,0.2700,0.0426,0.0894,0.0011,0.0448,0.0002,0.8916,1.1204,25055.783
488,Z,H,0.1397,0.0022,0.0008,0.0003,0.0025,0.0996,0.2250,0.1702,0.0293,0.0852,0.0010,0.0453,0.0002,0.6161,0.8093,25106.624
489,H,Z,0.1285,0.0020,0.0006,0.0005,0.0021,0.0900,0.2799,0.1699,0.0231,0.0738,0.0006,0.0319,0.0002,0.6414,0.8086,25157.455
490,Z,H,0.1157,0.0022,0.0006,0.0003,0.0021,0.0942,0.2730,0.1767,0.0247,0.0774,0.0007,0.0340,0.0002,0.6511,0.8082,25208.286
491,H,Z,0.1265,0.0018,0.0007,0.0003,0.0021,0.0893,0.2824,0.1513,0.0262,0.0813,0.0015,0.0300,0.0001,0.6392,0.8036,25259.112
492,Z,H,0.1338,0.0017,0.0009,0.0003,0.0022,0.0894,0.2502,0.1667,0.0231,0.0874,0.0027,0.0394,0.0002,0.6227,0.8051,25309.940
493,H,Z,0.1265,0.0020,0.0007,0.0003,0.0021,0.0970,0.2166,0.1621,0.0239,0.0851,0.0015,0.0539,0.0001,0.5943,0.7830,25360.746
494,Z,H,0.1295,0.0017,0.0006,0.0002,0.0021,0.0867,0.2290,0.1661,0.0263,0.0704,0.0006,0.0439,0.0001,0.5838,0.7636,25411.541
495,H,Z,0.1703,0.0030,0.0008,0.0004,0.0034,0.1163,0.3802,0.2699,0.0450,0.0773,0.0108,0.0306,0.0003,0.8942,1.1151,25462.680
496,Z,H,0.1341,0.0020,0.0007,0.0003,0.0022,0.0980,0.2154,0.1771,0.0244,0.0665,0.0004,0.0265,0.0000,0.5860,0.7532,25513.455
497,H,Z,0.1278,0.0018,0.0005,0.0003,0.0019,0.0853,0.2653,0.1580,0.0248,0.0905,0.0097,0.0405,0.0002,0.6297,0.8136,25564.296
498,Z,H,0.1317,0.0021,0.0007,0.0002,0.0023,0.0975,0.2228,0.1628,0.0242,0.0806,0.0018,0.0371,0.0001,0.5941,0.7712,25615.097
499,H,Z,0.1917,0.0031,0.0007,0.0004,0.0035,0.1194,0.3942,0.2718,0.0441,0.0905,0.0006,0.0414,0.0003,0.9257,1.1688,25666.293
500,Z,H,0.1539,0.0022,0.0009,0.0004,0.0023,0.0959,0.2278,0.1728,0.0232,0.0807,0.0010,0.0401,0.0002,0.6058,0.8078,25717.130
501,H,Z,0.1783,0.0034,0.0010,0.0004,0.0031,0.1157,0.3746,0.2912,0.0449,0.0954,0.0006,0.0323,0.0004,0.9314,1.1522,25768.307
502,Z,H,0.1363,0.0020,0.0007,0.0003,0.0021,0.0846,0.2162,0.1693,0.0245,0.1057,0.0011,0.0422,0.0002,0.6081,0.7942,25819.137
503,H,Z,0.1747,0.0034,0.0007,0.0004,0.0031,0.1154,0.3775,0.2906,0.0470,0.1301,0.0006,0.0470,0.0002,0.9655,1.1970,25870.371
504,Z,H,0.1876,0.0036,0.0009,0.0004,0.0033,0.1234,0.4123,0.3090,0.0482,0.0935,0.0027,0.0405,0.0002,0.9930,1.2337,25921.629
505,H,Z,0.1947,0.0029,0.0010,0.0005,0.0028,0.1024,0.2248,0.2420,0.0281,0.0857,0.0005,0.0409,0.0002,0.6892,0.9338,25972.588
506,Z,H,0.1326,0.0021,0.0006,0.0004,0.0020,0.0883,0.2313,0.1789,0.0251,0.0795,0.0086,0.0423,0.0002,0.6085,0.7984,26023.409
507,H,Z,0.1332,0.0021,0.0007,0.0004,0.0021,0.0900,0.2313,0.1688,0.0240,0.0839,0.0037,0.0522,0.0002,0.6041,0.7999,26074.236
508,Z,H,0.1705,0.0032,0.0007,0.0004,0.0031,0.1142,0.3605,0.2773,0.0543,0.0641,0.0018,0.0394,0.0003,0.8761,1.0970,26125.357
509,H,Z,0.1392,0.0027,0.0012,0.0005,0.0032,0.1054,0.2257,0.1622,0.0237,0.0678,0.0011,0.0572,0.0002,0.5905,0.7968,26176.185
510,Z,H,0.1643,0.0025,0.0006,0.0004,0.0027,0.1202,0.2615,0.1942,0.0241,0.0654,0.0011,0.0553,0.0001,0.6715,0.8996,26227.117
511,H,Z,0.1368,0.0021,0.0007,0.0005,0.0022,0.0982,0.2303,0.1700,0.0269,0.0910,0.0028,0.0484,0.0001,0.6222,0.8170,26277.964
512,Z,H,0.1542,0.0031,0.0010,0.0004,0.0031,0.0997,0.2495,0.1999,0.0274,0.0974,0.0007,0.0515,0.0000,0.6800,0.8975,26328.887
513,H,Z,0.1287,0.0025,0.0006,0.0004,0.0021,0.0981,0.2258,0.1688,0.0225,0.0832,0.0006,0.0425,0.0001,0.6041,0.7829,26379.694
514,Z,H,0.1668,0.0030,0.0008,0.0003,0.0034,0.1130,0.3608,0.2910,0.0452,0.0953,0.0010,0.0473,0.0001,0.9131,1.1373,26430.860
515,H,Z,0.1711,0.0032,0.0007,0.0004,0.0034,0.1173,0.3310,0.1916,0.0252,0.0960,0.0006,0.0294,0.0002,0.7684,0.9788,26481.861
516,Z,H,0.1763,0.0034,0.0007,0.0005,0.0033,0.1176,0.3710,0.2881,0.0450,0.0836,0.0007,0.0281,0.0002,0.9112,1.1255,26533.010
517,H,Z,0.1328,0.0022,0.0007,0.0003,0.0020,0.0884,0.2336,0.1662,0.0241,0.0848,0.0121,0.0285,0.0003,0.6027,0.7828,26583.814
518,Z,H,0.1520,0.0019,0.0008,0.0003,0.0021,0.0900,0.3448,0.1536,0.0280,0.0667,0.0013,0.0556,0.0004,0.6900,0.9055,26634.747
519,H,Z,0.1317,0.0020,0.0006,0.0005,0.0023,0.0989,0.2285,0.1546,0.0238,0.0725,0.0006,0.0414,0.0002,0.5829,0.7633,26685.541
520,Z,H,0.1767,0.0035,0.0008,0.0004,0.0028,0.1269,0.4668,0.2693,0.0441,0.0769,0.0008,0.0410,0.0002,0.9903,1.2178,26736.781
521,H,Z,0.1330,0.0019,0.0007,0.0002,0.0022,0.0882,0.2702,0.1461,0.0241,0.0850,0.0021,0.0413,0.0001,0.6197,0.8025,26787.612
522,Z,H,0.1716,0.0033,0.0007,0.0004,0.0033,0.1350,0.2186,0.1701,0.0230,0.0714,0.0027,0.0292,0.0002,0.6232,0.8361,26838.474
523,H,Z,0.1717,0.0031,0.0008,0.0004,0.0030,0.1153,0.3666,0.2863,0.0432,0.0713,0.0045,0.0465,0.0001,0.8894,1.1211,26889.624
524,Z,H,0.1394,0.0021,0.0008,0.0003,0.0022,0.0996,0.2223,0.1752,0.0238,0.0807,0.0040,0.0424,0.0001,0.6082,0.8008,26940.471
525,H,Z,0.1303,0.0019,0.0005,0.0004,0.0020,0.0890,0.2631,0.1621,0.0237,0.0709,0.0132,0.0297,0.0001,0.6135,0.7924,26991.292
526,Z,H,0.1712,0.0034,0.0008,0.0004,0.0034,0.1165,0.3608,0.2990,0.0469,0.0707,0.0006,0.0411,0.0002,0.8991,1.1215,27042.437
527,H,Z,0.1388,0.0022,0.0008,0.0003,0.0022,0.0923,0.2948,0.1523,0.0236,0.1173,0.0105,0.0398,0.0002,0.6860,0.8818,27093.348
528,Z,H,0.1208,0.0020,0.0006,0.0002,0.0020,0.0835,0.2588,0.1533,0.0276,0.0737,0.0011,0.0449,0.0001,0.6016,0.7743,27144.150
529,H,Z,0.1811,0.0032,0.0007,0.0005,0.0031,0.1169,0.3605,0.2793,0.0445,0.0879,0.0025,0.0406,0.0004,0.8937,1.1271,27195.306
530,Z,H,0.1338,0.0021,0.0008,0.0004,0.0022,0.0889,0.2382,0.1609,0.0280,0.0754,0.0007,0.0298,0.0000,0.5968,0.7679,27246.096
531,H,Z,0.1700,0.0032,0.0007,0.0004,0.0032,0.1272,0.4081,0.1582,0.0266,0.0802,0.0005,0.0434,0.0000,0.8058,1.0284,27297.172
532,Z,H,0.1873,0.0033,0.0009,0.0005,0.0031,0.1211,0.3639,0.2838,0.0609,0.0681,0.0012,0.0432,0.0001,0.9036,1.1446,27348.351
533,H,Z,0.1357,0.0024,0.0008,0.0005,0.0025,0.0907,0.2441,0.1626,0.0263,0.0896,0.0121,0.0514,0.0002,0.6188,0.8257,27399.237
534,Z,H,0.1350,0.0023,0.0007,0.0003,0.0025,0.0961,0.2135,0.1684,0.0250,0.0832,0.0009,0.0438,0.0001,0.5925,0.7793,27450.049
535,H,Z,0.1793,0.0038,0.0009,0.0005,0.0036,0.1156,0.3707,0.2769,0.0420,0.0860,0.0010,0.0463,0.0002,0.8991,1.1359,27501.219
536,Z,H,0.1381,0.0023,0.0008,0.0003,0.0020,0.0888,0.2192,0.1645,0.0259,0.1126,0.0115,0.0450,0.0002,0.6179,0.8194,27552.073
537,H,Z,0.2088,0.0037,0.0007,0.0003,0.0029,0.1352,0.3692,0.2738,0.0436,0.0900,0.0005,0.0418,0.0003,0.9174,1.1776,27603.274
538,Z,H,0.1295,0.0018,0.0007,0.0003,0.0021,0.0892,0.2276,0.1639,0.0233,0.1011,0.0006,0.0405,0.0002,0.6102,0.7869,27654.082
539,H,Z,0.1391,0.0025,0.0007,0.0003,0.0021,0.0921,0.2132,0.1662,0.0245,0.0781,0.0006,0.0297,0.0002,0.5792,0.7555,27704.860
540,Z,H,0.1736,0.0031,0.0007,0.0004,0.0035,0.1163,0.2515,0.1669,0.0229,0.0706,0.0005,0.0296,0.0001,0.6337,0.8467,27755.727
541,H,Z,0.1728,0.0030,0.0006,0.0003,0.0036,0.1391,0.3961,0.2700,0.0435,0.0940,0.0038,0.0403,0.0000,0.9486,1.1741,27806.929
542,Z,H,0.1239,0.0023,0.0006,0.0003,0.0020,0.0874,0.2289,0.1688,0.0241,0.1075,0.0006,0.0391,0.0002,0.6224,0.7925,27857.745
543,H,Z,0.1688,0.0030,0.0007,0.0004,0.0031,0.1303,0.2373,0.1618,0.0227,0.0854,0.0006,0.0380,0.0002,0.6431,0.8590,27908.680
544,Z,H,0.1779,0.0023,0.0008,0.0004,0.0026,0.0973,0.2193,0.1838,0.0277,0.0642,0.0006,0.0445,0.0002,0.5978,0.8283,27959.531
545,H,Z,0.1222,0.0018,0.0008,0.0003,0.0018,0.0854,0.2120,0.1571,0.0238,0.0750,0.0005,0.0379,0.0001,0.5595,0.7261,28010.279
546,Z,H,0.1672,0.0023,0.0007,0.0004,0.0025,0.0893,0.2452,0.1544,0.0223,0.0866,0.0040,0.0399,0.0001,0.6028,0.8211,28061.127
547,H,Z,0.1298,0.0020,0.0006,0.0002,0.0020,0.0892,0.2207,0.1588,0.0233,0.0695,0.0020,0.0429,0.0001,0.5678,0.7483,28111.919
548,Z,H,0.1602,0.0026,0.0006,0.0004,0.0026,0.1450,0.3604,0.2853,0.0459,0.0937,0.0009,0.0380,0.0002,0.9374,1.1442,28163.101
549,H,Z,0.1668,0.0027,0.0009,0.0004,0.0029,0.1125,0.2646,0.1697,0.0238,0.0620,0.0094,0.0394,0.0002,0.6390,0.8628,28213.988
550,Z,H,0.1396,0.0022,0.0008,0.0006,0.0030,0.1032,0.2332,0.1818,0.0274,0.0890,0.0010,0.0409,0.0001,0.6417,0.8311,28264.847
551,H,Z,0.1302,0.0025,0.0005,0.0003,0.0020,0.0890,0.2448,0.1716,0.0259,0.0634,0.0007,0.0488,0.0002,0.5998,0.7862,28315.666
552,Z,H,0.1660,0.0029,0.0008,0.0004,0.0033,0.1133,0.3675,0.2764,0.0433,0.0947,0.0009,0.0420,0.0002,0.9014,1.1193,28366.812
553,H,Z,0.1292,0.0022,0.0007,0.0004,0.0022,0.0894,0.2348,0.1565,0.0243,0.0805,0.0010,0.0556,0.0001,0.5912,0.7835,28417.624
554,Z,H,0.1296,0.0021,0.0006,0.0003,0.0022,0.0863,0.2128,0.1694,0.0237,0.0668,0.0012,0.0511,0.0002,0.5644,0.7528,28468.409
555,H,Z,0.1272,0.0021,0.0005,0.0003,0.0020,0.0840,0.2123,0.1578,0.0228,0.0865,0.0016,0.0410,0.0001,0.5681,0.7440,28519.181
556,Z,H,0.1333,0.0022,0.0006,0.0003,0.0020,0.0880,0.2413,0.1647,0.0237,0.0761,0.0027,0.0427,0.0001,0.5994,0.7843,28570.009
557,H,Z,0.1396,0.0018,0.0006,0.0003,0.0023,0.0869,0.2099,0.1675,0.0252,0.0918,0.0005,0.0386,0.0000,0.5857,0.7703,28620.798
558,Z,H,0.1719,0.0031,0.0008,0.0004,0.0033,0.1156,0.3716,0.2754,0.0458,0.1053,0.0011,0.0460,0.0002,0.9218,1.1497,28671.985
559,H,Z,0.1323,0.0023,0.0007,0.0003,0.0022,0.0940,0.2467,0.1596,0.0237,0.0866,0.0044,0.0285,0.0002,0.6153,0.7876,28722.796
560,Z,H,0.1642,0.0033,0.0008,0.0004,0.0030,0.1111,0.3639,0.2731,0.0451,0.0931,0.0011,0.0423,0.0001,0.8934,1.1098,28773.933
561,H,Z,0.1809,0.0028,0.0009,0.0004,0.0029,0.1230,0.3538,0.2733,0.0447,0.0681,0.0004,0.0396,0.0002,0.8676,1.0970,28825.055
562,Z,H,0.1341,0.0021,0.0007,0.0004,0.0020,0.0836,0.2181,0.1827,0.0227,0.0881,0.0009,0.0440,0.0001,0.6014,0.7867,28875.869
563,H,Z,0.1709,0.0019,0.0006,0.0007,0.0024,0.0951,0.2146,0.1633,0.0226,0.0829,0.0062,0.0352,0.0001,0.5833,0.8025,28926.695
564,Z,H,0.1303,0.0021,0.0008,0.0002,0.0022,0.0970,0.2353,0.1671,0.0254,0.0745,0.0006,0.0403,0.0001,0.6047,0.7825,28977.503
565,H,Z,0.1269,0.0021,0.0006,0.0003,0.0021,0.0934,0.2099,0.1622,0.0243,0.0755,0.0101,0.0538,0.0001,0.5719,0.7693,29028.299
566,Z,H,0.1255,0.0019,0.0006,0.0003,0.0019,0.0887,0.2287,0.1645,0.0225,0.0715,0.0005,0.0305,0.0002,0.5811,0.7435,29079.077
567,H,Z,0.1855,0.0031,0.0008,0.0004,0.0032,0.1195,0.3564,0.2754,0.0448,0.0835,0.0008,0.0437,0.0003,0.8867,1.1256,29130.233
568,Z,H,0.1713,0.0033,0.0009,0.0004,0.0030,0.1154,0.3741,0.2689,0.0558,0.0714,0.0107,0.0403,0.0001,0.8911,1.1223,29181.382
569,H,Z,0.1353,0.0022,0.0007,0.0003,0.0022,0.0872,0.2127,0.1596,0.0237,0.0902,0.0008,0.0441,0.0001,0.5792,0.7659,29232.176
570,Z,H,0.1325,0.0021,0.0007,0.0003,0.0023,0.0898,0.2401,0.1648,0.0244,0.0887,0.0010,0.0446,0.0001,0.6139,0.7987,29283.006
571,H,Z,0.1743,0.0030,0.0006,0.0004,0.0034,0.1148,0.4081,0.2748,0.0450,0.1014,0.0008,0.0445,0.0002,0.9517,1.1802,29334.225
572,Z,H,0.1268,0.0020,0.0007,0.0003,0.0021,0.0849,0.2145,0.1717,0.0261,0.0890,0.0006,0.0278,0.0000,0.5908,0.7522,29385.001
573,H,Z,0.1628,0.0030,0.0006,0.0003,0.0030,0.1135,0.3563,0.2646,0.0432,0.0738,0.0005,0.0405,0.0001,0.8571,1.0691,29436.096
574,Z,H,0.1768,0.0032,0.0007,0.0004,0.0030,0.1152,0.4042,0.2782,0.0440,0.1203,0.0017,0.0492,0.0002,0.9721,1.2091,29487.334
575,H,Z,0.1317,0.0021,0.0009,0.0003,0.0021,0.0995,0.2413,0.1561,0.0235,0.0844,0.0014,0.0410,0.0001,0.6109,0.7919,29538.159
576,Z,H,0.1860,0.0033,0.0009,0.0005,0.0032,0.1181,0.3671,0.2774,0.0460,0.0760,0.0092,0.0431,0.0002,0.8907,1.1401,29589.324
577,H,Z,0.1291,0.0022,0.0006,0.0003,0.0022,0.0956,0.2152,0.1622,0.0237,0.0611,0.0005,0.0283,0.0001,0.5624,0.7266,29640.071
578,Z,H,0.1275,0.0020,0.0007,0.0002,0.0021,0.0846,0.2249,0.1498,0.0264,0.0829,0.0010,0.0412,0.0001,0.5753,0.7512,29690.861
579,H,Z,0.1238,0.0020,0.0007,0.0003,0.0021,0.0866,0.2220,0.1612,0.0254,0.0825,0.0095,0.0410,0.0002,0.5843,0.7649,29741.655
580,Z,H,0.1704,0.0021,0.0005,0.0003,0.0021,0.0909,0.2247,0.1749,0.0244,0.0772,0.0010,0.0435,0.0001,0.5971,0.8179,29792.507
581,H,Z,0.1246,0.0020,0.0006,0.0005,0.0024,0.0963,0.2174,0.1624,0.0235,0.0811,0.0009,0.0349,0.0002,0.5865,0.7536,29843.292
582,Z,H,0.1353,0.0022,0.0006,0.0003,0.0023,0.0976,0.2174,0.1631,0.0293,0.0893,0.0010,0.0423,0.0001,0.6026,0.7881,29894.110
583,H,Z,0.1368,0.0021,0.0005,0.0004,0.0020,0.0893,0.2250,0.1662,0.0243,0.1001,0.0014,0.0483,0.0001,0.6109,0.8038,29944.948
584,Z,H,0.1312,0.0023,0.0006,0.0004,0.0020,0.0969,0.2160,0.1617,0.0250,0.0880,0.0123,0.0558,0.0003,0.5956,0.8015,29995.781
585,H,Z,0.1344,0.0019,0.0006,0.0004,0.0021,0.0881,0.2503,0.1585,0.0232,0.0762,0.0010,0.0544,0.0001,0.6029,0.7989,30046.614
586,Z,H,0.1417,0.0019,0.0007,0.0003,0.0021,0.0840,0.2820,0.1677,0.0285,0.0744,0.0037,0.0310,0.0002,0.6417,0.8245,30097.462
587,H,Z,0.1305,0.0020,0.0006,0.0003,0.0022,0.0908,0.2357,0.1622,0.0257,0.0888,0.0007,0.0340,0.0001,0.6083,0.7799,30148.262
588,Z,H,0.1327,0.0022,0.0008,0.0003,0.0021,0.0968,0.2335,0.1637,0.0303,0.0823,0.0006,0.0462,0.0002,0.6126,0.7988,30199.092
589,H,Z,0.1360,0.0020,0.0008,0.0005,0.0021,0.1515,0.2164,0.1889,0.0243,0.0922,0.0007,0.0293,0.0001,0.6788,0.8515,30249.998
590,Z,H,0.1631,0.0030,0.0009,0.0004,0.0030,0.1160,0.3599,0.2742,0.0451,0.0834,0.0098,0.0313,0.0002,0.8852,1.0980,30301.122
591,H,Z,0.1420,0.0021,0.0007,0.0004,0.0023,0.0898,0.2472,0.1529,0.0249,0.0769,0.0012,0.0419,0.0002,0.5980,0.7901,30351.944
592,Z,H,0.1984,0.0042,0.0012,0.0007,0.0044,0.1256,0.3970,0.3033,0.0303,0.1823,0.0009,0.0587,0.0002,1.0475,1.3178,30403.293
593,H,Z,0.1741,0.0032,0.0009,0.0004,0.0035,0.1177,0.3649,0.2794,0.0422,0.0840,0.0007,0.0307,0.0002,0.8938,1.1088,30454.426
594,Z,H,0.1347,0.0018,0.0006,0.0003,0.0022,0.0846,0.2146,0.1587,0.0247,0.0797,0.0007,0.0488,0.0002,0.5680,0.7585,30505.211
595,H,Z,0.1634,0.0022,0.0009,0.0004,0.0026,0.1172,0.2655,0.2073,0.0226,0.0798,0.0017,0.0447,0.0004,0.6978,0.9154,30556.161
596,Z,H,0.1313,0.0019,0.0006,0.0003,0.0021,0.0889,0.2367,0.1648,0.0261,0.0725,0.0032,0.0485,0.0001,0.5942,0.7834,30606.973
597,H,Z,0.1306,0.0018,0.0006,0.0003,0.0021,0.0946,0.3090,0.1544,0.0214,0.0650,0.0010,0.0422,0.0002,0.6517,0.8318,30657.867
598,Z,H,0.1739,0.0032,0.0007,0.0004,0.0031,0.1134,0.3740,0.2808,0.0454,0.0834,0.0017,0.0416,0.0003,0.9031,1.1293,30709.027
599,H,Z,0.1315,0.0021,0.0010,0.0003,0.0023,0.0937,0.2160,0.1954,0.0305,0.0840,0.0006,0.0433,0.0002,0.6247,0.8073,30759.855
600,Z,H,0.1360,0.0025,0.0007,0.0003,0.0023,0.0839,0.2402,0.1667,0.0255,0.0911,0.0005,0.0273,0.0001,0.6131,0.7841,30810.664
601,H,Z,0.1266,0.0021,0.0006,0.0003,0.0019,0.0906,0.2558,0.1614,0.0224,0.0842,0.0004,0.0399,0.0002,0.6188,0.7920,30861.498
602,Z,H,0.1655,0.0033,0.0007,0.0004,0.0032,0.1162,0.3752,0.2884,0.0465,0.0971,0.0021,0.0287,0.0002,0.9295,1.1350,30912.654
603,H,Z,0.1678,0.0027,0.0008,0.0003,0.0029,0.1133,0.3695,0.2625,0.0407,0.0777,0.0006,0.0267,0.0002,0.8686,1.0717,30963.749
604,Z,H,0.1235,0.0016,0.0006,0.0003,0.0015,0.0859,0.2450,0.1522,0.0251,0.0695,0.0005,0.0258,0.0001,0.5833,0.7382,31014.515
605,H,Z,0.1600,0.0024,0.0007,0.0003,0.0025,0.1143,0.3630,0.2737,0.0429,0.0655,0.0005,0.0406,0.0001,0.8652,1.0736,31065.626
606,Z,H,0.1859,0.0030,0.0011,0.0002,0.0022,0.1660,0.2379,0.2226,0.0342,0.0727,0.0063,0.0477,0.0002,0.7405,0.9886,31116.639
607,H,Z,0.1257,0.0015,0.0006,0.0001,0.0016,0.0861,0.2367,0.1656,0.0224,0.0699,0.0016,0.0370,0.0001,0.5867,0.7557,31167.424
608,Z,H,0.1247,0.0020,0.0006,0.0002,0.0020,0.0975,0.2143,0.1615,0.0229,0.0719,0.0004,0.0486,0.0000,0.5721,0.7515,31218.222
609,H,Z,0.1218,0.0017,0.0006,0.0003,0.0020,0.0922,0.2194,0.1586,0.0249,0.0649,0.0010,0.0577,0.0001,0.5653,0.7516,31269.000
610,Z,H,0.1304,0.0019,0.0007,0.0003,0.0022,0.1013,0.2196,0.1571,0.0252,0.0898,0.0079,0.0404,0.0001,0.5987,0.7839,31319.813
611,H,Z,0.1205,0.0015,0.0005,0.0002,0.0020,0.0847,0.2168,0.1533,0.0230,0.0786,0.0007,0.0278,0.0001,0.5624,0.7166,31370.553
612,Z,H,0.1752,0.0015,0.0006,0.0003,0.0021,0.1108,0.2458,0.2248,0.0343,0.0634,0.0005,0.0397,0.0001,0.6849,0.9062,31421.482
613,H,Z,0.1645,0.0027,0.0008,0.0004,0.0035,0.1135,0.3795,0.2761,0.0427,0.0736,0.0013,0.0410,0.0001,0.8920,1.1076,31472.618
614,Z,H,0.1295,0.0018,0.0008,0.0002,0.0017,0.0965,0.2233,0.1624,0.0276,0.0697,0.0085,0.0396,0.0001,0.5851,0.7684,31523.412
615,H,Z,0.1216,0.0014,0.0006,0.0002,0.0022,0.0800,0.2198,0.1610,0.0245,0.0888,0.0008,0.0428,0.0001,0.5802,0.7511,31574.197
616,Z,H,0.1673,0.0023,0.0007,0.0003,0.0029,0.1132,0.4023,0.2792,0.0532,0.0842,0.0009,0.0389,0.0001,0.9387,1.1535,31625.380
617,H,Z,0.1629,0.0032,0.0006,0.0003,0.0031,0.1142,0.3491,0.2636,0.0422,0.0754,0.0021,0.0318,0.0001,0.8499,1.0551,31676.461
618,Z,H,0.1267,0.0016,0.0007,0.0002,0.0018,0.0864,0.2214,0.1510,0.0214,0.0609,0.0005,0.0271,0.0001,0.5455,0.7055,31727.187
619,H,Z,0.1223,0.0017,0.0005,0.0002,0.0019,0.0858,0.2229,0.1480,0.0239,0.0772,0.0008,0.0385,0.0001,0.5644,0.7311,31777.947
620,Z,H,0.1612,0.0021,0.0007,0.0003,0.0025,0.1213,0.2620,0.1724,0.0235,0.0669,0.0004,0.0409,0.0000,0.6507,0.8598,31828.832
621,H,Z,0.1328,0.0020,0.0008,0.0002,0.0025,0.0867,0.2277,0.1725,0.0248,0.0823,0.0009,0.0471,0.0001,0.5992,0.7870,31879.649
622,Z,H,0.1615,0.0029,0.0006,0.0002,0.0031,0.1094,0.3658,0.2635,0.0454,0.0869,0.0006,0.0405,0.0002,0.8762,1.0868,31930.771
623,H,Z,0.1244,0.0015,0.0007,0.0001,0.0018,0.0907,0.2094,0.1444,0.0217,0.0728,0.0024,0.0281,0.0002,0.5438,0.7041,31981.503
624,Z,H,0.1754,0.0022,0.0008,0.0003,0.0026,0.0964,0.2778,0.3379,0.0464,0.0746,0.0177,0.0421,0.0001,0.8399,1.0823,32032.613
625,H,Z,0.1725,0.0023,0.0006,0.0002,0.0024,0.1119,0.3527,0.2642,0.0429,0.0828,0.0005,0.0396,0.0001,0.8614,1.0806,32083.725
626,Z,H,0.1251,0.0014,0.0007,0.0003,0.0021,0.0891,0.2473,0.1575,0.0265,0.0737,0.0039,0.0394,0.0001,0.5994,0.7734,32134.519
627,H,Z,0.1627,0.0023,0.0008,0.0004,0.0027,0.1107,0.3583,0.2624,0.0421,0.0655,0.0005,0.0353,0.0003,0.8437,1.0497,32185.590
628,Z,H,0.1280,0.0018,0.0008,0.0002,0.0022,0.0851,0.2242,0.1672,0.0281,0.0868,0.0005,0.0364,0.0002,0.5970,0.7685,32236.379
629,H,Z,0.1654,0.0021,0.0007,0.0003,0.0027,0.0909,0.2145,0.1719,0.0244,0.0742,0.0089,0.0417,0.0001,0.5818,0.8048,32287.380
630,Z,H,0.1285,0.0018,0.0006,0.0003,0.0020,0.0857,0.2428,0.1626,0.0246,0.0757,0.0106,0.0457,0.0002,0.5963,0.7871,32338.199
631,H,Z,0.1217,0.0018,0.0006,0.0003,0.0021,0.0866,0.2272,0.1562,0.0245,0.0821,0.0010,0.0397,0.0001,0.5820,0.7502,32388.987
632,Z,H,0.1252,0.0018,0.0006,0.0003,0.0022,0.0897,0.2319,0.1618,0.0255,0.0780,0.0011,0.0430,0.0001,0.5919,0.7673,32439.789
633,H,Z,0.1300,0.0020,0.0005,0.0003,0.0018,0.0880,0.2391,0.1916,0.0307,0.0708,0.0024,0.0414,0.0002,0.6271,0.8067,32490.617
634,Z,H,0.1296,0.0019,0.0005,0.0002,0.0020,0.0886,0.2208,0.1665,0.0226,0.0575,0.0127,0.0396,0.0001,0.5640,0.7517,32541.409
635,H,Z,0.1693,0.0023,0.0006,0.0003,0.0030,0.1087,0.2487,0.2128,0.0769,0.0806,0.0005,0.0287,0.0002,0.7354,0.9415,32592.378
636,Z,H,0.1275,0.0021,0.0006,0.0003,0.0022,0.0917,0.2292,0.1571,0.0284,0.0670,0.0036,0.0377,0.0002,0.5789,0.7542,32643.157
637,H,Z,0.1290,0.0019,0.0007,0.0003,0.0022,0.0988,0.2751,0.1592,0.0227,0.0761,0.0012,0.0423,0.0002,0.6374,0.8161,32694.003
638,Z,H,0.1301,0.0018,0.0005,0.0003,0.0020,0.1009,0.2347,0.1616,0.0229,0.0747,0.0009,0.0433,0.0001,0.6008,0.7808,32744.814
639,H,Z,0.1749,0.0031,0.0007,0.0004,0.0032,0.1157,0.3686,0.2792,0.0434,0.0879,0.0013,0.0427,0.0001,0.9014,1.1292,32795.979
640,Z,H,0.1336,0.0022,0.0007,0.0002,0.0018,0.0966,0.2322,0.1611,0.0247,0.0710,0.0005,0.0278,0.0001,0.5900,0.7579,32846.756
641,H,Z,0.1256,0.0019,0.0006,0.0003,0.0019,0.0843,0.2272,0.1531,0.0240,0.0729,0.0027,0.0362,0.0001,0.5669,0.7375,32897.521
642,Z,H,0.1800,0.0025,0.0008,0.0003,0.0027,0.0975,0.2847,0.1576,0.0242,0.0941,0.0101,0.0401,0.0001,0.6643,0.9022,32948.451
643,H,Z,0.1243,0.0016,0.0007,0.0003,0.0026,0.0889,0.2241,0.1579,0.0238,0.0944,0.0217,0.0278,0.0001,0.5941,0.7742,32999.252
644,Z,H,0.1623,0.0023,0.0007,0.0002,0.0030,0.1114,0.3519,0.2661,0.0523,0.2018,0.0009,0.0387,0.0000,0.9894,1.1991,33050.484
645,H,Z,0.1640,0.0026,0.0007,0.0004,0.0029,0.1116,0.3448,0.2734,0.0421,0.0746,0.0122,0.0393,0.0001,0.8525,1.0757,33101.586
646,Z,H,0.1258,0.0018,0.0007,0.0002,0.0020,0.0877,0.2319,0.1643,0.0249,0.0953,0.0009,0.0330,0.0001,0.6110,0.7767,33152.393
647,H,Z,0.1614,0.0028,0.0005,0.0002,0.0028,0.1123,0.3766,0.2657,0.0420,0.0747,0.0006,0.0373,0.0002,0.8769,1.0841,33203.500
648,Z,H,0.1673,0.0027,0.0008,0.0002,0.0029,0.1136,0.3594,0.2703,0.0440,0.0816,0.0106,0.0381,0.0002,0.8741,1.0980,33254.622
649,H,Z,0.1236,0.0019,0.0005,0.0002,0.0022,0.0949,0.2273,0.1633,0.0242,0.0836,0.0010,0.0350,0.0002,0.5991,0.7648,33305.420
650,Z,H,0.1604,0.0020,0.0006,0.0003,0.0026,0.1110,0.3657,0.3068,0.0335,0.0767,0.0042,0.0365,0.0002,0.9013,1.1090,33356.555
651,H,Z,0.1638,0.0028,0.0006,0.0002,0.0033,0.1154,0.3603,0.3275,0.0339,0.0880,0.0005,0.0253,0.0000,0.9313,1.1290,33407.727
652,Z,H,0.1684,0.0026,0.0009,0.0003,0.0027,0.0973,0.2313,0.1592,0.0237,0.0848,0.0149,0.0433,0.0002,0.6026,0.8370,33458.597
653,H,Z,0.1733,0.0030,0.0007,0.0004,0.0032,0.1156,0.3738,0.2810,0.0442,0.0736,0.0006,0.0413,0.0001,0.8937,1.1178,33509.743
654,Z,H,0.1768,0.0031,0.0008,0.0002,0.0033,0.1141,0.3685,0.2588,0.0434,0.0781,0.0009,0.0390,0.0002,0.8694,1.0950,33560.869
655,H,Z,0.1635,0.0029,0.0007,0.0004,0.0034,0.1105,0.3677,0.1682,0.0224,0.1026,0.0004,0.0401,0.0000,0.7765,0.9890,33611.879
656,Z,H,0.1301,0.0021,0.0007,0.0003,0.0027,0.0890,0.2537,0.1577,0.0252,0.0698,0.0124,0.0291,0.0001,0.6005,0.7792,33662.682
657,H,Z,0.1711,0.0033,0.0007,0.0004,0.0029,0.1144,0.3999,0.2679,0.0430,0.0856,0.0010,0.0390,0.0004,0.9176,1.1377,33713.859
658,Z,H,0.1324,0.0018,0.0008,0.0002,0.0021,0.0885,0.2345,0.1582,0.0229,0.0833,0.0004,0.0314,0.0002,0.5934,0.7638,33764.653
659,H,Z,0.1251,0.0015,0.0006,0.0002,0.0017,0.0863,0.2363,0.1759,0.0219,0.0688,0.0023,0.0282,0.0001,0.5935,0.7542,33815.428
660,Z,H,0.1305,0.0018,0.0005,0.0001,0.0021,0.0956,0.2143,0.1522,0.0270,0.0824,0.0120,0.0632,0.0001,0.5768,0.7881,33866.242
661,H,Z,0.1237,0.0017,0.0005,0.0002,0.0017,0.0880,0.2375,0.1465,0.0233,0.0918,0.0008,0.0369,0.0001,0.5941,0.7603,33917.040
662,Z,H,0.1659,0.0019,0.0006,0.0002,0.0023,0.1129,0.2641,0.1845,0.0220,0.0811,0.0089,0.0414,0.0000,0.6701,0.8925,33967.949
663,H,Z,0.1217,0.0019,0.0006,0.0003,0.0019,0.0896,0.2255,0.1837,0.0255,0.0890,0.0010,0.0355,0.0001,0.6186,0.7829,34018.787
664,Z,H,0.1252,0.0019,0.0006,0.0003,0.0021,0.0852,0.2331,0.1561,0.0209,0.0782,0.0006,0.0347,0.0002,0.5786,0.7448,34069.558
665,H,Z,0.1258,0.0018,0.0006,0.0002,0.0019,0.0873,0.2355,0.1497,0.0304,0.0822,0.0005,0.0282,0.0001,0.5899,0.7500,34120.331
666,Z,H,0.1862,0.0021,0.0006,0.0001,0.0021,0.1040,0.2302,0.1846,0.0294,0.0661,0.0117,0.0443,0.0001,0.6203,0.8689,34171.231
667,H,Z,0.1648,0.0030,0.0007,0.0003,0.0032,0.1156,0.3694,0.2745,0.0556,0.0739,0.0011,0.0448,0.0001,0.8956,1.1150,34222.380
668,Z,H,0.1366,0.0022,0.0007,0.0002,0.0023,0.0856,0.2560,0.1583,0.0241,0.0752,0.0011,0.0613,0.0001,0.6054,0.8111,34273.220
669,H,Z,0.1671,0.0032,0.0007,0.0003,0.0031,0.1125,0.3543,0.2683,0.0439,0.0855,0.0007,0.0300,0.0002,0.8704,1.0770,34324.323
670,Z,H,0.1648,0.0018,0.0008,0.0004,0.0021,0.0909,0.2330,0.1551,0.0237,0.0674,0.0011,0.0371,0.0001,0.5756,0.7863,34375.138
671,H,Z,0.1652,0.0027,0.0005,0.0003,0.0028,0.1107,0.3495,0.2616,0.0429,0.0775,0.0005,0.0394,0.0001,0.8468,1.0595,34426.228
672,Z,H,0.1745,0.0031,0.0008,0.0004,0.0034,0.1188,0.3758,0.2908,0.0465,0.0856,0.0006,0.0395,0.0002,0.9239,1.1477,34477.416
673,H,Z,0.1674,0.0033,0.0008,0.0002,0.0030,0.1186,0.3542,0.2813,0.0433,0.0791,0.0006,0.0367,0.0001,0.8826,1.0959,34528.543
674,Z,H,0.1272,0.0023,0.0009,0.0003,0.0021,0.0909,0.2156,0.1569,0.0245,0.0921,0.0007,0.0288,0.0001,0.5853,0.7490,34579.318
675,H,Z,0.1621,0.0026,0.0006,0.0004,0.0035,0.1108,0.3512,0.2602,0.0421,0.0818,0.0006,0.0360,0.0002,0.8518,1.0587,34630.401
676,Z,H,0.1773,0.0025,0.0008,0.0005,0.0022,0.1084,0.2342,0.1468,0.0226,0.0637,0.0009,0.0454,0.0001,0.5826,0.8134,34681.245
677,H,Z,0.1190,0.0015,0.0007,0.0002,0.0018,0.0873,0.2270,0.1559,0.0213,0.0906,0.0004,0.0259,0.0000,0.5863,0.7368,34732.011
678,Z,H,0.1319,0.0020,0.0005,0.0003,0.0022,0.1064,0.2087,0.1594,0.0243,0.0629,0.0005,0.0364,0.0001,0.5666,0.7414,34782.774
679,H,Z,0.1635,0.0019,0.0005,0.0002,0.0021,0.1180,0.2559,0.1877,0.0339,0.0741,0.0005,0.0404,0.0001,0.6756,0.8863,34833.687
680,Z,H,0.1309,0.0023,0.0009,0.0004,0.0024,0.0941,0.2310,0.1696,0.0245,0.0679,0.0006,0.0361,0.0001,0.5934,0.7681,34884.477
681,H,Z,0.1343,0.0020,0.0006,0.0003,0.0022,0.0902,0.2348,0.1632,0.0239,0.0721,0.0007,0.0296,0.0002,0.5888,0.7598,34935.260
682,Z,H,0.1812,0.0037,0.0010,0.0004,0.0036,0.1191,0.3899,0.3057,0.0480,0.0735,0.0113,0.0450,0.0002,0.9418,1.1898,34986.475
683,H,Z,0.1372,0.0025,0.0006,0.0004,0.0025,0.0937,0.2315,0.1699,0.0325,0.0728,0.0096,0.0559,0.0001,0.6073,0.8172,35037.377
684,Z,H,0.1286,0.0021,0.0007,0.0003,0.0021,0.0897,0.2214,0.1656,0.0291,0.0648,0.0011,0.0423,0.0001,0.5766,0.7550,35088.169
685,H,Z,0.1805,0.0035,0.0007,0.0004,0.0031,0.1182,0.3584,0.2770,0.0432,0.0907,0.0177,0.0461,0.0002,0.8929,1.1463,35139.341
686,Z,H,0.1385,0.0022,0.0010,0.0003,0.0025,0.0910,0.2418,0.1626,0.0248,0.0772,0.0042,0.0607,0.0002,0.6040,0.8150,35190.189
687,H,Z,0.1746,0.0033,0.0008,0.0004,0.0035,0.1150,0.3902,0.1713,0.0226,0.0947,0.0006,0.0308,0.0000,0.8008,1.0164,35241.242
688,Z,H,0.1740,0.0032,0.0007,0.0003,0.0033,0.1166,0.3657,0.2894,0.0464,0.0768,0.0102,0.0438,0.0002,0.9013,1.1382,35292.407
689,H,Z,0.1263,0.0017,0.0008,0.0001,0.0024,0.0881,0.2420,0.1568,0.0228,0.0612,0.0005,0.0365,0.0001,0.5769,0.7461,35343.173
690,Z,H,0.1621,0.0030,0.0007,0.0004,0.0030,0.1113,0.3761,0.2650,0.0428,0.0918,0.0005,0.0275,0.0002,0.8924,1.0908,35394.287
691,H,Z,0.1691,0.0036,0.0007,0.0004,0.0031,0.1151,0.3574,0.2800,0.0430,0.0668,0.0018,0.0281,0.0002,0.8686,1.0768,35445.392
692,Z,H,0.1718,0.0032,0.0008,0.0007,0.0031,0.1138,0.3534,0.2904,0.0458,0.0737,0.0006,0.0426,0.0001,0.8824,1.1067,35496.541
693,H,Z,0.1253,0.0019,0.0009,0.0002,0.0019,0.0840,0.2066,0.1498,0.0228,0.0730,0.0006,0.0256,0.0002,0.5400,0.6975,35547.261
694,Z,H,0.1244,0.0018,0.0006,0.0002,0.0021,0.0943,0.2334,0.1691,0.0246,0.0826,0.0134,0.0438,0.0001,0.6094,0.7966,35598.111
695,H,Z,0.1350,0.0019,0.0006,0.0004,0.0020,0.0864,0.2208,0.1626,0.0257,0.0647,0.0007,0.0425,0.0001,0.5649,0.7491,35648.880
696,Z,H,0.1677,0.0029,0.0006,0.0004,0.0032,0.1128,0.3567,0.2653,0.0499,0.0872,0.0045,0.0316,0.0001,0.8769,1.0890,35699.993
697,H,Z,0.1226,0.0018,0.0007,0.0004,0.0021,0.0916,0.2312,0.1571,0.0240,0.0664,0.0007,0.0386,0.0001,0.5746,0.7428,35750.759
698,Z,H,0.1468,0.0020,0.0006,0.0002,0.0022,0.1165,0.2878,0.1612,0.0223,0.0911,0.0049,0.0256,0.0001,0.6836,0.8667,35801.647
699,H,Z,0.1247,0.0019,0.0006,0.0001,0.0020,0.0894,0.2351,0.1670,0.0209,0.0634,0.0006,0.0392,0.0001,0.5813,0.7512,35852.428
700,Z,H,0.1208,0.0017,0.0005,0.0002,0.0020,0.0930,0.2187,0.1480,0.0266,0.0751,0.0004,0.0250,0.0000,0.5655,0.7169,35903.173
701,H,Z,0.1653,0.0022,0.0006,0.0003,0.0026,0.1108,0.3683,0.2604,0.0418,0.0953,0.0076,0.0365,0.0001,0.8817,1.0977,35954.297
702,Z,H,0.1284,0.0018,0.0005,0.0001,0.0017,0.0865,0.2351,0.1562,0.0251,0.0770,0.0010,0.0405,0.0001,0.5849,0.7616,36005.089
703,H,Z,0.1745,0.0019,0.0006,0.0004,0.0023,0.1097,0.2679,0.1960,0.0263,0.0754,0.0151,0.0548,0.0001,0.6816,0.9335,36056.052
704,Z,H,0.1274,0.0021,0.0006,0.0003,0.0022,0.0843,0.2061,0.1587,0.0237,0.0937,0.0005,0.0378,0.0001,0.5711,0.7432,36106.823
705,H,Z,0.1664,0.0025,0.0006,0.0002,0.0033,0.1147,0.3572,0.1805,0.0250,0.0650,0.0006,0.0417,0.0001,0.7487,0.9653,36157.816
706,Z,H,0.1200,0.0016,0.0004,0.0002,0.0017,0.0843,0.2290,0.1515,0.0217,0.0701,0.0088,0.0379,0.0000,0.5620,0.7336,36208.580
707,H,Z,0.1592,0.0028,0.0006,0.0004,0.0031,0.1120,0.3706,0.2587,0.0420,0.1036,0.0006,0.0359,0.0002,0.8925,1.0964,36259.702
708,Z,H,0.1631,0.0029,0.0008,0.0004,0.0028,0.1145,0.3704,0.2608,0.0495,0.0844,0.0010,0.0380,0.0002,0.8868,1.0972,36310.841
709,H,Z,0.1599,0.0017,0.0009,0.0002,0.0013,0.0874,0.2406,0.1511,0.0233,0.0603,0.0004,0.0366,0.0001,0.5673,0.7696,36361.642
710,Z,H,0.1702,0.0030,0.0008,0.0005,0.0033,0.1157,0.3850,0.2790,0.0457,0.0791,0.0134,0.0428,0.0003,0.9109,1.1465,36412.835
711,H,Z,0.1748,0.0026,0.0007,0.0002,0.0027,0.1132,0.3592,0.2706,0.0443,0.0730,0.0195,0.0302,0.0002,0.8662,1.0986,36463.962
712,Z,H,0.1311,0.0022,0.0007,0.0002,0.0019,0.1049,0.2509,0.1728,0.0302,0.0735,0.0005,0.0451,0.0001,0.6376,0.8224,36514.810
713,H,Z,0.1365,0.0019,0.0009,0.0003,0.0021,0.0878,0.2245,0.1457,0.0233,0.0781,0.0065,0.0466,0.0001,0.5645,0.7605,36565.603
714,Z,H,0.1198,0.0014,0.0006,0.0001,0.0018,0.0840,0.2494,0.1567,0.0215,0.0717,0.0004,0.0348,0.0001,0.5874,0.7471,36616.370
715,H,Z,0.1217,0.0018,0.0006,0.0002,0.0023,0.0922,0.2352,0.1412,0.0218,0.0781,0.0005,0.0377,0.0002,0.5737,0.7398,36667.132
716,Z,H,0.1719,0.0026,0.0007,0.0003,0.0032,0.1158,0.3659,0.2729,0.0454,0.0910,0.0006,0.0259,0.0001,0.8970,1.1036,36718.265
717,H,Z,0.1292,0.0022,0.0008,0.0003,0.0020,0.0867,0.2252,0.1544,0.0230,0.0757,0.0039,0.0425,0.0001,0.5706,0.7525,36769.093
718,Z,H,0.1287,0.0016,0.0006,0.0002,0.0020,0.0927,0.2101,0.1535,0.0229,0.0660,0.0100,0.0365,0.0001,0.5506,0.7314,36819.884
719,H,Z,0.1226,0.0019,0.0006,0.0002,0.0019,0.0863,0.2242,0.1491,0.0239,0.0902,0.0004,0.0348,0.0001,0.5791,0.7424,36870.649
720,Z,H,0.1268,0.0019,0.0006,0.0003,0.0021,0.1105,0.2648,0.1615,0.0261,0.0609,0.0016,0.0458,0.0001,0.6340,0.8144,36921.488
721,H,Z,0.1629,0.0028,0.0005,0.0002,0.0032,0.1137,0.3667,0.2719,0.0426,0.0776,0.0112,0.0275,0.0001,0.8782,1.0881,36972.599
722,Z,H,0.1606,0.0022,0.0008,0.0003,0.0024,0.1107,0.3560,0.2643,0.0441,0.0753,0.0019,0.0351,0.0001,0.8568,1.0614,37023.695
723,H,Z,0.1576,0.0024,0.0006,0.0001,0.0029,0.1124,0.3967,0.2539,0.0412,0.0882,0.0060,0.0255,0.0001,0.8971,1.0935,37074.812
724,Z,H,0.1752,0.0028,0.0010,0.0007,0.0034,0.1174,0.3690,0.2775,0.0461,0.0812,0.0011,0.0424,0.0001,0.8981,1.1262,37125.974
725,H,Z,0.1614,0.0018,0.0008,0.0003,0.0027,0.1019,0.2393,0.2086,0.0322,0.0817,0.0018,0.0369,0.0003,0.6688,0.8759,37176.882
726,Z,H,0.1196,0.0018,0.0006,0.0002,0.0019,0.0859,0.2320,0.1510,0.0226,0.0862,0.0006,0.0369,0.0001,0.5838,0.7463,37227.664
727,H,Z,0.1548,0.0019,0.0007,0.0005,0.0024,0.0909,0.2105,0.1683,0.0219,0.0797,0.0005,0.0274,0.0002,0.5757,0.7650,37278.448
728,Z,H,0.1273,0.0018,0.0008,0.0003,0.0020,0.0893,0.2476,0.1614,0.0227,0.0741,0.0007,0.0384,0.0002,0.6032,0.7757,37329.247
729,H,Z,0.1637,0.0021,0.0008,0.0004,0.0024,0.1143,0.2830,0.1953,0.0302,0.0699,0.0008,0.0459,0.0001,0.6999,0.9174,37380.241
730,Z,H,0.1767,0.0032,0.0007,0.0003,0.0035,0.1270,0.4315,0.2807,0.0457,0.0830,0.0006,0.0386,0.0002,0.9730,1.1980,37431.467
731,H,Z,0.1758,0.0025,0.0008,0.0004,0.0023,0.1441,0.4279,0.2775,0.0461,0.0792,0.0005,0.0392,0.0002,0.9815,1.2062,37482.710
732,Z,H,0.1221,0.0018,0.0008,0.0002,0.0019,0.0825,0.2109,0.1688,0.0271,0.0717,0.0005,0.0390,0.0002,0.5659,0.7336,37533.473
733,H,Z,0.1666,0.0029,0.0009,0.0002,0.0030,0.1133,0.3534,0.3104,0.0290,0.1099,0.0009,0.0392,0.0001,0.9364,1.1515,37584.671
734,Z,H,0.1331,0.0017,0.0006,0.0002,0.0020,0.0877,0.2176,0.1744,0.0246,0.0783,0.0009,0.0381,0.0001,0.5884,0.7663,37635.467
735,H,Z,0.1312,0.0019,0.0007,0.0003,0.0021,0.0891,0.2245,0.1620,0.0238,0.1080,0.0159,0.0426,0.0002,0.6135,0.8094,37686.326
736,Z,H,0.1625,0.0031,0.0007,0.0004,0.0028,0.1150,0.3512,0.2849,0.0457,0.0743,0.0006,0.0399,0.0001,0.8771,1.0885,37737.437
737,H,Z,0.1728,0.0031,0.0008,0.0002,0.0032,0.1156,0.3517,0.2775,0.0426,0.0780,0.0006,0.0398,0.0002,0.8704,1.0924,37788.553
738,Z,H,0.1626,0.0027,0.0009,0.0004,0.0029,0.1140,0.2863,0.2237,0.0318,0.0840,0.0011,0.0405,0.0001,0.7471,0.9597,37839.557
739,H,Z,0.1195,0.0019,0.0006,0.0003,0.0020,0.0858,0.2111,0.1658,0.0235,0.0811,0.0038,0.0392,0.0001,0.5733,0.7417,37890.333
740,Z,H,0.1687,0.0025,0.0006,0.0002,0.0029,0.1128,0.3512,0.2842,0.0804,0.0680,0.0007,0.0423,0.0001,0.9050,1.1246,37941.489
741,H,Z,0.1727,0.0031,0.0010,0.0003,0.0032,0.1147,0.3800,0.2698,0.0423,0.0983,0.0006,0.0396,0.0003,0.9110,1.1331,37992.648
742,Z,H,0.1252,0.0018,0.0005,0.0002,0.0019,0.0970,0.2169,0.1639,0.0238,0.0659,0.0005,0.0256,0.0001,0.5724,0.7294,38043.401
743,H,Z,0.1219,0.0014,0.0005,0.0002,0.0019,0.0867,0.2591,0.1460,0.0227,0.0846,0.0005,0.0679,0.0001,0.6035,0.7991,38094.238
744,Z,H,0.1303,0.0020,0.0005,0.0002,0.0022,0.0959,0.2189,0.1499,0.0239,0.0713,0.0008,0.0392,0.0001,0.5666,0.7429,38145.007
745,H,Z,0.1233,0.0016,0.0005,0.0002,0.0021,0.0936,0.2093,0.1548,0.0237,0.0678,0.0006,0.0383,0.0001,0.5541,0.7220,38195.761
746,Z,H,0.1222,0.0018,0.0007,0.0002,0.0021,0.0854,0.2157,0.1561,0.0242,0.0702,0.0004,0.0404,0.0001,0.5559,0.7247,38246.506
747,H,Z,0.1258,0.0019,0.0005,0.0002,0.0023,0.0926,0.2118,0.1562,0.0246,0.0702,0.0006,0.0351,0.0001,0.5602,0.7276,38297.265
748,Z,H,0.1199,0.0016,0.0005,0.0002,0.0020,0.0918,0.2079,0.1561,0.0228,0.0700,0.0006,0.0362,0.0000,0.5530,0.7150,38348.001
749,H,Z,0.1189,0.0020,0.0007,0.0002,0.0020,0.0973,0.2174,0.1695,0.0266,0.0775,0.0031,0.0414,0.0001,0.5935,0.7627,38398.787
750,Z,H,0.1723,0.0029,0.0007,0.0005,0.0029,0.1168,0.3839,0.1744,0.0255,0.0763,0.0008,0.0389,0.0001,0.7827,1.0035,38449.838
751,H,Z,0.1382,0.0019,0.0007,0.0003,0.0025,0.0898,0.2453,0.1600,0.0242,0.0926,0.0006,0.0373,0.0002,0.6180,0.8009,38500.661
752,Z,H,0.1284,0.0019,0.0008,0.0002,0.0021,0.0863,0.2110,0.1619,0.0274,0.0731,0.0028,0.0419,0.0002,0.5663,0.7458,38551.442
753,H,Z,0.1192,0.0015,0.0005,0.0002,0.0021,0.0860,0.2247,0.1543,0.0226,0.0786,0.0017,0.0356,0.0001,0.5709,0.7330,38602.201
754,Z,H,0.1383,0.0018,0.0005,0.0002,0.0019,0.1016,0.2862,0.1611,0.0276,0.0835,0.0038,0.0353,0.0002,0.6655,0.8488,38653.073
755,H,Z,0.1692,0.0029,0.0007,0.0002,0.0030,0.1134,0.3759,0.2769,0.0426,0.0748,0.0005,0.0269,0.0001,0.8888,1.0954,38704.195
756,Z,H,0.1674,0.0021,0.0006,0.0004,0.0026,0.1115,0.3734,0.2624,0.0496,0.0734,0.0088,0.0356,0.0002,0.8758,1.0948,38755.316
757,H,Z,0.1280,0.0017,0.0006,0.0003,0.0017,0.0963,0.2339,0.1527,0.0237,0.0702,0.0006,0.0394,0.0001,0.5832,0.7564,38806.100
758,Z,H,0.1452,0.0015,0.0005,0.0004,0.0020,0.0856,0.2311,0.1565,0.0230,0.0855,0.0009,0.0374,0.0001,0.5883,0.7773,38856.906
759,H,Z,0.1597,0.0023,0.0006,0.0001,0.0027,0.1165,0.4001,0.2708,0.0433,0.1002,0.0006,0.0355,0.0003,0.9396,1.1424,38908.073
760,Z,H,0.1306,0.0016,0.0007,0.0002,0.0020,0.0877,0.2189,0.1723,0.0222,0.0940,0.0008,0.0371,0.0001,0.6007,0.7747,38958.879
761,H,Z,0.1220,0.0014,0.0005,0.0002,0.0017,0.0853,0.2141,0.1695,0.0267,0.0781,0.0004,0.0353,0.0000,0.5781,0.7406,39009.642
762,Z,H,0.1242,0.0015,0.0007,0.0002,0.0020,0.0848,0.2170,0.1556,0.0244,0.0703,0.0046,0.0361,0.0000,0.5565,0.7267,39060.389
763,H,Z,0.1267,0.0019,0.0006,0.0003,0.0021,0.0951,0.2124,0.1618,0.0237,0.0939,0.0011,0.0435,0.0001,0.5946,0.7720,39111.198
764,Z,H,0.1238,0.0018,0.0005,0.0002,0.0018,0.0854,0.2141,0.1599,0.0273,0.0754,0.0010,0.0411,0.0001,0.5678,0.7390,39161.969
765,H,Z,0.1845,0.0027,0.0006,0.0003,0.0030,0.1339,0.3561,0.2585,0.0415,0.0839,0.0009,0.0370,0.0003,0.8805,1.1107,39213.110
766,Z,H,0.1308,0.0017,0.0008,0.0003,0.0020,0.0882,0.2155,0.1634,0.0248,0.0841,0.0004,0.0382,0.0001,0.5808,0.7564,39263.888
767,H,Z,0.1201,0.0018,0.0006,0.0003,0.0021,0.0844,0.2353,0.1544,0.0217,0.0735,0.0008,0.0416,0.0001,0.5757,0.7443,39314.662
768,Z,H,0.1205,0.0015,0.0006,0.0002,0.0020,0.0877,0.2254,0.1603,0.0309,0.0784,0.0005,0.0414,0.0001,0.5877,0.7553,39365.437
769,H,Z,0.1667,0.0031,0.0007,0.0003,0.0028,0.1256,0.2299,0.1677,0.0245,0.0837,0.0049,0.0384,0.0000,0.6358,0.8540,39416.313
770,Z,H,0.1575,0.0020,0.0006,0.0002,0.0030,0.1121,0.3463,0.2679,0.0469,0.0716,0.0006,0.0396,0.0001,0.8502,1.0566,39467.394
771,H,Z,0.1216,0.0019,0.0007,0.0002,0.0024,0.0936,0.2088,0.1563,0.0245,0.0733,0.0006,0.0264,0.0001,0.5607,0.7159,39518.132
772,Z,H,0.1289,0.0022,0.0007,0.0002,0.0021,0.0885,0.2352,0.1468,0.0230,0.0743,0.0007,0.0399,0.0001,0.5720,0.7476,39568.901
773,H,Z,0.1223,0.0016,0.0005,0.0002,0.0019,0.0868,0.2274,0.1539,0.0234,0.0673,0.0005,0.0246,0.0001,0.5637,0.7165,39619.637
774,Z,H,0.1238,0.0021,0.0006,0.0003,0.0022,0.0933,0.2246,0.1622,0.0249,0.0867,0.0008,0.0437,0.0002,0.5985,0.7733,39670.436
775,H,Z,0.1297,0.0018,0.0006,0.0003,0.0023,0.0862,0.2132,0.1546,0.0235,0.0773,0.0091,0.0460,0.0001,0.5592,0.7502,39721.223
776,Z,H,0.1759,0.0027,0.0008,0.0003,0.0032,0.1160,0.3618,0.2791,0.0539,0.0840,0.0006,0.0423,0.0002,0.9001,1.1275,39772.377
777,H,Z,0.1309,0.0019,0.0005,0.0003,0.0019,0.0872,0.2420,0.1594,0.0244,0.0658,0.0005,0.0412,0.0002,0.5833,0.7617,39823.160
778,Z,H,0.1710,0.0028,0.0007,0.0004,0.0028,0.1091,0.3681,0.2587,0.0420,0.0758,0.0098,0.0532,0.0001,0.8593,1.1016,39874.294
779,H,Z,0.1280,0.0026,0.0006,0.0005,0.0021,0.0906,0.2301,0.1545,0.0249,0.0829,0.0006,0.0363,0.0002,0.5880,0.7597,39925.073
780,Z,H,0.2077,0.0028,0.0007,0.0005,0.0028,0.1321,0.2956,0.2127,0.0316,0.0775,0.0088,0.0323,0.0002,0.7551,1.0121,39976.116
781,H,Z,0.1366,0.0020,0.0006,0.0003,0.0022,0.0880,0.2324,0.1652,0.0229,0.0796,0.0012,0.0562,0.0001,0.5947,0.7952,40026.943
782,Z,H,0.1676,0.0031,0.0010,0.0005,0.0034,0.1504,0.2280,0.1705,0.0247,0.0868,0.0010,0.0466,0.0001,0.6669,0.8917,40077.866
783,H,Z,0.1344,0.0022,0.0006,0.0004,0.0024,0.0967,0.2243,0.1665,0.0263,0.0840,0.0010,0.0469,0.0001,0.6037,0.7928,40128.692
784,Z,H,0.1331,0.0020,0.0007,0.0003,0.0025,0.0862,0.2368,0.1799,0.0284,0.0792,0.0010,0.0457,0.0001,0.6168,0.8033,40179.526
785,H,Z,0.1362,0.0023,0.0007,0.0004,0.0020,0.0909,0.2502,0.1658,0.0331,0.0739,0.0098,0.0430,0.0000,0.6195,0.8151,40230.367
786,Z,H,0.1747,0.0037,0.0009,0.0004,0.0034,0.1188,0.3923,0.2985,0.0466,0.1021,0.0006,0.0466,0.0001,0.9656,1.1971,40281.624
787,H,Z,0.1695,0.0029,0.0009,0.0004,0.0029,0.1169,0.3743,0.1534,0.0222,0.0561,0.0021,0.0323,0.0001,0.7288,0.9412,40332.587
788,Z,H,0.1272,0.0016,0.0006,0.0002,0.0017,0.0896,0.2039,0.1612,0.0214,0.0818,0.0050,0.0301,0.0001,0.5624,0.7299,40383.351
789,H,Z,0.1286,0.0018,0.0006,0.0004,0.0020,0.0837,0.2170,0.1671,0.0227,0.0752,0.0006,0.0335,0.0001,0.5718,0.7405,40434.114
790,Z,H,0.1724,0.0028,0.0007,0.0003,0.0034,0.1120,0.3538,0.2795,0.0455,0.1003,0.0007,0.0352,0.0001,0.8971,1.1139,40485.262
791,H,Z,0.1295,0.0026,0.0007,0.0003,0.0024,0.0868,0.2165,0.1653,0.0260,0.0891,0.0031,0.0351,0.0000,0.5889,0.7638,40536.049
792,Z,H,0.1785,0.0028,0.0008,0.0003,0.0035,0.1170,0.3585,0.2774,0.0467,0.0802,0.0009,0.0403,0.0002,0.8864,1.1150,40587.189
793,H,Z,0.1619,0.0022,0.0007,0.0002,0.0022,0.1108,0.3661,0.2538,0.0409,0.0801,0.0005,0.0300,0.0002,0.8570,1.0561,40638.274
794,Z,H,0.1236,0.0020,0.0006,0.0002,0.0019,0.1008,0.2132,0.1814,0.0237,0.0777,0.0009,0.0415,0.0001,0.6030,0.7749,40689.079
795,H,Z,0.1637,0.0025,0.0006,0.0002,0.0029,0.1104,0.3679,0.2560,0.0432,0.0716,0.0103,0.0445,0.0001,0.8546,1.0806,40740.224
796,Z,H,0.1787,0.0022,0.0009,0.0004,0.0022,0.0921,0.2125,0.1690,0.0267,0.0634,0.0016,0.0399,0.0002,0.5745,0.8021,40791.057
797,H,Z,0.1640,0.0019,0.0006,0.0004,0.0023,0.0962,0.2703,0.1841,0.0254,0.0771,0.0015,0.0309,0.0001,0.6658,0.8688,40841.950
798,Z,H,0.1700,0.0031,0.0007,0.0004,0.0030,0.1223,0.2913,0.1992,0.0247,0.0788,0.0026,0.0398,0.0001,0.7266,0.9476,40892.922
799,H,Z,0.1576,0.0020,0.0009,0.0002,0.0023,0.0922,0.2184,0.1543,0.0227,0.0626,0.0005,0.0308,0.0001,0.5569,0.7524,40943.710
800,Z,H,0.1227,0.0020,0.0006,0.0002,0.0021,0.0846,0.2061,0.1647,0.0234,0.0969,0.0005,0.0306,0.0001,0.5803,0.7403,40994.477
801,H,Z,0.1244,0.0020,0.0006,0.0002,0.0020,0.0867,0.2313,0.1519,0.0223,0.0750,0.0007,0.0340,0.0001,0.5746,0.7396,41045.241
802,Z,H,0.1247,0.0017,0.0006,0.0003,0.0020,0.0910,0.2500,0.1640,0.0252,0.0789,0.0117,0.0365,0.0001,0.6148,0.7935,41096.062
803,H,Z,0.1363,0.0019,0.0006,0.0003,0.0025,0.0893,0.2216,0.1645,0.0240,0.0855,0.0008,0.0367,0.0001,0.5900,0.7704,41146.858
804,Z,H,0.1627,0.0027,0.0006,0.0002,0.0032,0.1118,0.3660,0.2696,0.0464,0.0675,0.0010,0.0290,0.0002,0.8667,1.0676,41197.952
805,H,Z,0.1243,0.0024,0.0007,0.0002,0.0023,0.0953,0.2138,0.1528,0.0258,0.0724,0.0012,0.0356,0.0001,0.5658,0.7337,41248.710
806,Z,H,0.1211,0.0018,0.0007,0.0002,0.0017,0.0843,0.2472,0.1579,0.0283,0.0704,0.0007,0.0286,0.0001,0.5926,0.7484,41299.477
807,H,Z,0.1249,0.0017,0.0005,0.0001,0.0020,0.0859,0.2302,0.1498,0.0220,0.0650,0.0005,0.0351,0.0001,0.5585,0.7245,41350.223
808,Z,H,0.1244,0.0021,0.0007,0.0002,0.0024,0.0935,0.2117,0.1614,0.0253,0.0731,0.0005,0.0330,0.0001,0.5698,0.7343,41400.975
809,H,Z,0.1649,0.0027,0.0009,0.0002,0.0034,0.1160,0.3464,0.2786,0.0431,0.0822,0.0007,0.0276,0.0002,0.8732,1.0748,41452.072
810,Z,H,0.1367,0.0024,0.0006,0.0003,0.0023,0.1008,0.2215,0.1630,0.0275,0.0717,0.0102,0.0417,0.0002,0.5901,0.7855,41502.887
811,H,Z,0.1234,0.0017,0.0008,0.0002,0.0019,0.0840,0.2262,0.1443,0.0222,0.0755,0.0004,0.0316,0.0001,0.5565,0.7177,41553.626
812,Z,H,0.1739,0.0028,0.0006,0.0002,0.0033,0.1132,0.3901,0.2730,0.0467,0.0705,0.0007,0.0346,0.0002,0.9003,1.1179,41604.777
813,H,Z,0.1718,0.0030,0.0007,0.0004,0.0031,0.1166,0.4048,0.2697,0.0429,0.0759,0.0042,0.0406,0.0001,0.9166,1.1418,41655.950
814,Z,H,0.1310,0.0020,0.0007,0.0004,0.0022,0.0883,0.2411,0.1571,0.0233,0.0949,0.0118,0.0306,0.0000,0.6097,0.7896,41706.761
815,H,Z,0.1710,0.0023,0.0006,0.0002,0.0027,0.1158,0.2919,0.1831,0.0234,0.0750,0.0010,0.0410,0.0001,0.6968,0.9168,41757.707
816,Z,H,0.1316,0.0019,0.0007,0.0002,0.0018,0.0888,0.2196,0.1690,0.0241,0.0731,0.0004,0.0277,0.0000,0.5790,0.7447,41808.473
817,H,Z,0.1605,0.0027,0.0008,0.0004,0.0030,0.1108,0.3556,0.2696,0.0427,0.0716,0.0108,0.0396,0.0001,0.8554,1.0745,41859.575
818,Z,H,0.1365,0.0016,0.0005,0.0003,0.0018,0.0903,0.2593,0.1677,0.0247,0.0721,0.0004,0.0300,0.0002,0.6188,0.7914,41910.388
819,H,Z,0.1445,0.0016,0.0004,0.0001,0.0019,0.0925,0.2699,0.1499,0.0260,0.0792,0.0005,0.0287,0.0001,0.6225,0.8012,41961.211
820,Z,H,0.1347,0.0018,0.0009,0.0003,0.0024,0.1127,0.2695,0.2005,0.0312,0.0611,0.0009,0.0446,0.0001,0.6815,0.8683,42012.108
821,H,Z,0.1455,0.0016,0.0005,0.0002,0.0018,0.0872,0.2324,0.1578,0.0230,0.0678,0.0005,0.0325,0.0001,0.5749,0.7586,42062.889
822,Z,H,0.1625,0.0020,0.0009,0.0004,0.0024,0.1285,0.2850,0.1883,0.0246,0.0787,0.0006,0.0320,0.0001,0.7107,0.9126,42113.827
823,H,Z,0.1277,0.0016,0.0006,0.0003,0.0019,0.0843,0.2617,0.2015,0.0319,0.0735,0.0035,0.0315,0.0001,0.6580,0.8263,42164.675
824,Z,H,0.1636,0.0027,0.0006,0.0004,0.0030,0.1097,0.3515,0.1790,0.0231,0.0678,0.0011,0.0464,0.0001,0.7382,0.9572,42215.667
825,H,Z,0.1623,0.0031,0.0009,0.0002,0.0029,0.1150,0.3663,0.2656,0.0414,0.0785,0.0006,0.0382,0.0001,0.8731,1.0826,42266.785
826,Z,H,0.1619,0.0026,0.0010,0.0006,0.0029,0.1139,0.3933,0.1762,0.0245,0.0718,0.0017,0.0388,0.0001,0.7860,0.9965,42317.813
827,H,Z,0.1668,0.0025,0.0007,0.0004,0.0029,0.1131,0.3967,0.2652,0.0429,0.0721,0.0006,0.0384,0.0001,0.8965,1.1102,42368.955
828,Z,H,0.1659,0.0022,0.0009,0.0004,0.0140,0.1544,0.3607,0.2673,0.0479,0.0789,0.0004,0.0334,0.0002,0.9146,1.1330,42420.109
829,H,Z,0.1326,0.0018,0.0008,0.0002,0.0020,0.0914,0.2264,0.1619,0.0259,0.0624,0.0007,0.0333,0.0001,0.5733,0.7459,42470.885
830,Z,H,0.2165,0.0027,0.0008,0.0001,0.0023,0.1234,0.2147,0.1688,0.0224,0.0927,0.0006,0.0327,0.0002,0.6271,0.8843,42521.793
831,H,Z,0.1260,0.0017,0.0006,0.0002,0.0022,0.0831,0.2214,0.1749,0.0268,0.0749,0.0004,0.0333,0.0001,0.5864,0.7533,42572.574
832,Z,H,0.1264,0.0019,0.0006,0.0002,0.0021,0.0830,0.2071,0.1584,0.0256,0.0704,0.0124,0.0270,0.0001,0.5567,0.7285,42623.324
833,H,Z,0.1270,0.0020,0.0006,0.0003,0.0022,0.0857,0.2141,0.1580,0.0226,0.0677,0.0011,0.0420,0.0002,0.5551,0.7317,42674.085
834,Z,H,0.1754,0.0028,0.0007,0.0004,0.0035,0.1120,0.3507,0.2785,0.0450,0.0751,0.0018,0.0566,0.0001,0.8667,1.1092,42725.224
835,H,Z,0.1286,0.0020,0.0007,0.0003,0.0020,0.0871,0.2293,0.1574,0.0244,0.0734,0.0007,0.0338,0.0001,0.5765,0.7458,42776.002
836,Z,H,0.1698,0.0028,0.0008,0.0003,0.0031,0.1177,0.3759,0.2757,0.0450,0.0821,0.0118,0.0392,0.0003,0.9014,1.1308,42827.157
837,H,Z,0.1344,0.0019,0.0007,0.0003,0.0018,0.0890,0.2111,0.1544,0.0235,0.0896,0.0008,0.0342,0.0001,0.5738,0.7491,42877.929
838,Z,H,0.1214,0.0019,0.0006,0.0002,0.0024,0.0827,0.2087,0.1546,0.0217,0.0607,0.0005,0.0302,0.0001,0.5327,0.6907,42928.640
839,H,Z,0.1258,0.0018,0.0005,0.0002,0.0023,0.0869,0.2379,0.1575,0.0227,0.0584,0.0106,0.0307,0.0001,0.5680,0.7411,42979.403
840,Z,H,0.1653,0.0020,0.0006,0.0003,0.0026,0.0849,0.2325,0.1596,0.0252,0.0705,0.0009,0.0442,0.0001,0.5808,0.7978,43030.231
841,H,Z,0.1232,0.0018,0.0006,0.0003,0.0021,0.0863,0.2386,0.1570,0.0241,0.0946,0.0011,0.0413,0.0001,0.6059,0.7775,43081.032
842,Z,H,0.1219,0.0016,0.0005,0.0001,0.0020,0.0870,0.2368,0.1616,0.0236,0.0914,0.0005,0.0261,0.0003,0.6051,0.7592,43131.814
843,H,Z,0.1270,0.0016,0.0006,0.0003,0.0020,0.0866,0.2266,0.1485,0.0232,0.0703,0.0007,0.0316,0.0001,0.5597,0.7244,43182.564
844,Z,H,0.1228,0.0017,0.0006,0.0002,0.0019,0.0971,0.2171,0.1526,0.0308,0.0795,0.0023,0.0390,0.0001,0.5825,0.7520,43233.350
845,H,Z,0.1252,0.0018,0.0005,0.0002,0.0020,0.0849,0.2498,0.1583,0.0255,0.0702,0.0311,0.0367,0.0001,0.5938,0.7928,43284.165
846,Z,H,0.1233,0.0017,0.0005,0.0003,0.0020,0.0831,0.2186,0.1577,0.0232,0.0857,0.0015,0.0399,0.0001,0.5771,0.7476,43334.941
847,H,Z,0.1587,0.0023,0.0006,0.0002,0.0027,0.1182,0.3592,0.2445,0.0407,0.0615,0.0005,0.0255,0.0002,0.8291,1.0206,43385.984
848,Z,H,0.1305,0.0019,0.0006,0.0002,0.0018,0.0994,0.2066,0.1560,0.0235,0.0628,0.0009,0.0411,0.0002,0.5532,0.7313,43436.741
849,H,Z,0.1665,0.0029,0.0006,0.0005,0.0032,0.1117,0.3589,0.2612,0.0423,0.0758,0.0006,0.0344,0.0001,0.8560,1.0662,43487.835
850,Z,H,0.1711,0.0030,0.0009,0.0003,0.0030,0.1155,0.3608,0.2737,0.0462,0.0911,0.0006,0.0334,0.0002,0.8965,1.1103,43538.972
851,H,Z,0.1744,0.0029,0.0008,0.0003,0.0030,0.1225,0.3952,0.2700,0.0454,0.0927,0.0036,0.0422,0.0002,0.9318,1.1601,43590.161
852,Z,H,0.1266,0.0021,0.0007,0.0003,0.0023,0.0934,0.2136,0.1634,0.0247,0.0790,0.0006,0.0447,0.0002,0.5809,0.7594,43640.951
853,H,Z,0.1661,0.0032,0.0007,0.0003,0.0034,0.1535,0.2402,0.1622,0.0232,0.0943,0.0007,0.0318,0.0001,0.6778,0.8852,43691.860
854,Z,H,0.1581,0.0023,0.0007,0.0002,0.0026,0.1087,0.2476,0.1638,0.0216,0.0944,0.0007,0.0306,0.0001,0.6417,0.8380,43742.720
855,H,Z,0.1674,0.0019,0.0007,0.0002,0.0022,0.0962,0.2145,0.1676,0.0238,0.0935,0.0005,0.0333,0.0002,0.5995,0.8071,43793.550
856,Z,H,0.1207,0.0017,0.0005,0.0001,0.0019,0.0869,0.2043,0.1575,0.0231,0.0763,0.0009,0.0356,0.0001,0.5544,0.7169,43844.295
857,H,Z,0.1622,0.0025,0.0008,0.0004,0.0027,0.1124,0.3658,0.2730,0.0445,0.0701,0.0009,0.0415,0.0002,0.8730,1.0853,43895.411
858,Z,H,0.1328,0.0019,0.0009,0.0002,0.0022,0.0946,0.2123,0.1565,0.0273,0.1021,0.0008,0.0414,0.0001,0.5986,0.7798,43946.220
859,H,Z,0.1713,0.0030,0.0007,0.0004,0.0035,0.1139,0.3575,0.2662,0.0517,0.0793,0.0006,0.0348,0.0002,0.8750,1.0906,43997.341
860,Z,H,0.1278,0.0018,0.0007,0.0002,0.0016,0.0897,0.2636,0.1581,0.0227,0.0727,0.0005,0.0308,0.0001,0.6116,0.7761,44048.136
861,H,Z,0.1767,0.0025,0.0006,0.0003,0.0025,0.0911,0.2236,0.1619,0.0221,0.0773,0.0010,0.0439,0.0001,0.5832,0.8121,44099.006
862,Z,H,0.1811,0.0025,0.0008,0.0006,0.0029,0.1014,0.2191,0.1812,0.0260,0.0741,0.0050,0.0368,0.0003,0.6069,0.8382,44149.865
863,H,Z,0.1251,0.0021,0.0006,0.0002,0.0024,0.0877,0.2522,0.1553,0.0218,0.0708,0.0011,0.0406,0.0001,0.5929,0.7663,44200.662
864,Z,H,0.1640,0.0031,0.0008,0.0004,0.0035,0.1122,0.3578,0.2775,0.0508,0.0795,0.0215,0.0493,0.0004,0.8837,1.1283,44251.828
865,H,Z,0.1340,0.0018,0.0007,0.0003,0.0024,0.0967,0.2321,0.1809,0.0246,0.0878,0.0010,0.0380,0.0001,0.6277,0.8071,44302.665
866,Z,H,0.1665,0.0020,0.0007,0.0003,0.0025,0.0842,0.2152,0.1851,0.0254,0.0669,0.0113,0.0292,0.0002,0.5814,0.7954,44353.483
867,H,Z,0.1634,0.0023,0.0008,0.0005,0.0024,0.1172,0.2760,0.1995,0.0305,0.0772,0.0058,0.0287,0.0001,0.7060,0.9112,44404.419
868,Z,H,0.1693,0.0029,0.0007,0.0003,0.0030,0.1134,0.3493,0.2838,0.0436,0.0754,0.0005,0.0321,0.0002,0.8716,1.0816,44455.522
869,H,Z,0.1713,0.0032,0.0007,0.0004,0.0033,0.1114,0.3669,0.2702,0.0425,0.0754,0.0046,0.0360,0.0002,0.8722,1.0930,44506.638
870,Z,H,0.1307,0.0020,0.0009,0.0002,0.0021,0.0893,0.2118,0.1611,0.0241,0.0867,0.0009,0.0364,0.0001,0.5794,0.7536,44557.424
871,H,Z,0.1247,0.0023,0.0005,0.0003,0.0023,0.0973,0.2300,0.1594,0.0245,0.0801,0.0006,0.0387,0.0001,0.5970,0.7675,44608.218
872,Z,H,0.1410,0.0016,0.0007,0.0004,0.0022,0.0877,0.2742,0.1730,0.0251,0.0753,0.0005,0.0310,0.0001,0.6414,0.8198,44659.060
873,H,Z,0.1216,0.0017,0.0007,0.0003,0.0021,0.0861,0.2354,0.1496,0.0216,0.0750,0.0007,0.0470,0.0001,0.5752,0.7504,44709.847
874,Z,H,0.1254,0.0018,0.0005,0.0002,0.0021,0.0929,0.2171,0.1593,0.0262,0.0730,0.0010,0.0413,0.0001,0.5752,0.7487,44760.625
875,H,Z,0.1240,0.0018,0.0006,0.0003,0.0021,0.0800,0.2234,0.1532,0.0221,0.0760,0.0237,0.0302,0.0000,0.5589,0.7426,44811.396
876,Z,H,0.1321,0.0023,0.0007,0.0003,0.0021,0.0859,0.2328,0.1597,0.0264,0.0764,0.0008,0.0389,0.0001,0.5870,0.7653,44862.190
877,H,Z,0.1631,0.0027,0.0006,0.0003,0.0032,0.1100,0.3544,0.2643,0.0401,0.0846,0.0248,0.0294,0.0001,0.8581,1.0832,44913.302
878,Z,H,0.1706,0.0031,0.0007,0.0004,0.0032,0.1175,0.3644,0.2853,0.0462,0.0792,0.0007,0.0226,0.0002,0.8988,1.1016,44964.426
879,H,Z,0.1404,0.0025,0.0010,0.0004,0.0024,0.0953,0.2182,0.1645,0.0229,0.0831,0.0010,0.0480,0.0001,0.5908,0.7879,45015.254
880,Z,H,0.1726,0.0033,0.0008,0.0005,0.0034,0.1162,0.3814,0.3018,0.1070,0.0784,0.0005,0.0321,0.0001,0.9918,1.2068,45066.488
881,H,Z,0.1894,0.0033,0.0008,0.0007,0.0036,0.1211,0.4409,0.2791,0.0459,0.1375,0.0008,0.0489,0.0002,1.0302,1.2795,45117.792
882,Z,H,0.1731,0.0031,0.0007,0.0004,0.0033,0.1126,0.3090,0.1797,0.0249,0.0614,0.0103,0.0348,0.0002,0.6938,0.9212,45168.743
883,H,Z,0.1762,0.0029,0.0009,0.0004,0.0033,0.1144,0.3770,0.2612,0.0435,0.0749,0.0019,0.0440,0.0001,0.8776,1.1085,45219.889
884,Z,H,0.1760,0.0032,0.0009,0.0004,0.0036,0.1239,0.3569,0.2784,0.0527,0.0815,0.0007,0.0302,0.0003,0.8993,1.1158,45271.028
885,H,Z,0.1842,0.0030,0.0009,0.0005,0.0036,0.1168,0.3689,0.2714,0.0442,0.0882,0.0007,0.0327,0.0003,0.8949,1.1221,45322.180
886,Z,H,0.1400,0.0019,0.0008,0.0004,0.0023,0.0923,0.2400,0.1615,0.0246,0.1070,0.0011,0.0497,0.0001,0.6314,0.8288,45373.048
887,H,Z,0.1789,0.0033,0.0008,0.0004,0.0034,0.1162,0.3630,0.2766,0.0448,0.0783,0.0008,0.0409,0.0003,0.8872,1.1172,45424.213
888,Z,H,0.1781,0.0033,0.0009,0.0004,0.0029,0.1199,0.3695,0.2831,0.0550,0.0885,0.0010,0.0395,0.0001,0.9228,1.1503,45475.390
889,H,Z,0.1359,0.0027,0.0008,0.0004,0.0025,0.0876,0.2278,0.1587,0.0254,0.0976,0.0010,0.0470,0.0001,0.6029,0.7963,45526.218
890,Z,H,0.1789,0.0028,0.0008,0.0004,0.0029,0.0943,0.2257,0.1672,0.0255,0.0805,0.0113,0.0294,0.0002,0.5988,0.8269,45577.069
891,H,Z,0.1360,0.0019,0.0008,0.0002,0.0021,0.0832,0.2132,0.1620,0.0237,0.0722,0.0006,0.0334,0.0001,0.5600,0.7366,45627.832
892,Z,H,0.1610,0.0034,0.0007,0.0004,0.0031,0.1121,0.3945,0.2616,0.0437,0.0853,0.0005,0.0343,0.0001,0.9032,1.1077,45678.960
893,H,Z,0.1785,0.0021,0.0009,0.0004,0.0026,0.1252,0.3427,0.1994,0.0243,0.0710,0.0032,0.0323,0.0002,0.7696,0.9907,45729.976
894,Z,H,0.1265,0.0019,0.0006,0.0002,0.0021,0.0970,0.2108,0.1701,0.0244,0.0942,0.0005,0.0291,0.0001,0.6020,0.7639,45780.812
895,H,Z,0.1682,0.0024,0.0005,0.0001,0.0028,0.1142,0.4325,0.2832,0.0459,0.0715,0.0004,0.0295,0.0002,0.9545,1.1598,45831.997
896,Z,H,0.1379,0.0018,0.0006,0.0003,0.0020,0.0872,0.2136,0.1838,0.0220,0.0740,0.0011,0.0411,0.0002,0.5872,0.7731,45882.802
897,H,Z,0.1270,0.0018,0.0005,0.0002,0.0019,0.0888,0.2422,0.1501,0.0215,0.0952,0.0009,0.0389,0.0001,0.6028,0.7749,45933.603
898,Z,H,0.1255,0.0018,0.0006,0.0002,0.0018,0.0829,0.2133,0.1818,0.0274,0.0687,0.0005,0.0268,0.0001,0.5810,0.7392,45984.378
899,H,Z,0.1193,0.0019,0.0007,0.0002,0.0021,0.0845,0.2325,0.1531,0.0225,0.0842,0.0006,0.0275,0.0001,0.5815,0.7350,46035.139
900,Z,H,0.1657,0.0027,0.0006,0.0002,0.0031,0.1147,0.3697,0.2737,0.0464,0.0756,0.0149,0.0377,0.0001,0.8858,1.1118,46086.287
901,H,Z,0.1741,0.0027,0.0007,0.0003,0.0029,0.1151,0.4080,0.2787,0.0448,0.0779,0.0006,0.0412,0.0001,0.9302,1.1543,46137.466
902,Z,H,0.1845,0.0024,0.0007,0.0003,0.0030,0.1134,0.3486,0.2666,0.0499,0.0714,0.0118,0.0371,0.0004,0.8553,1.0968,46188.592
903,H,Z,0.1276,0.0018,0.0006,0.0003,0.0018,0.0880,0.2186,0.1678,0.0237,0.0639,0.0105,0.0348,0.0002,0.5685,0.7468,46239.369
904,Z,H,0.1274,0.0019,0.0006,0.0003,0.0021,0.0884,0.2332,0.1668,0.0248,0.0672,0.0010,0.0426,0.0001,0.5869,0.7640,46290.167
905,H,Z,0.1247,0.0017,0.0005,0.0002,0.0020,0.0926,0.2179,0.1527,0.0238,0.0643,0.0028,0.0269,0.0000,0.5560,0.7157,46340.904
906,Z,H,0.1257,0.0019,0.0004,0.0001,0.0021,0.0994,0.2204,0.1575,0.0272,0.0725,0.0005,0.0263,0.0001,0.5818,0.7397,46391.664
907,H,Z,0.1810,0.0036,0.0010,0.0005,0.0031,0.1181,0.3938,0.3219,0.0287,0.1000,0.0010,0.0449,0.0001,0.9710,1.2075,46442.913
908,Z,H,0.1635,0.0018,0.0009,0.0004,0.0025,0.0960,0.2258,0.1600,0.0281,0.0726,0.0005,0.0366,0.0001,0.5876,0.7948,46493.743
909,H,Z,0.1569,0.0026,0.0007,0.0004,0.0025,0.0994,0.2275,0.1584,0.0224,0.0691,0.0007,0.0292,0.0002,0.5821,0.7765,46544.550
910,Z,H,0.1235,0.0015,0.0004,0.0002,0.0021,0.1037,0.2444,0.1879,0.0314,0.0756,0.0005,0.0305,0.0001,0.6492,0.8088,46595.416
911,H,Z,0.1230,0.0015,0.0004,0.0003,0.0020,0.0962,0.2737,0.1770,0.0223,0.0699,0.0095,0.0353,0.0001,0.6450,0.8179,46646.263
912,Z,H,0.1280,0.0020,0.0006,0.0003,0.0021,0.0962,0.2141,0.1526,0.0284,0.0781,0.0008,0.0400,0.0002,0.5753,0.7505,46697.042
913,H,Z,0.1689,0.0019,0.0006,0.0003,0.0023,0.0935,0.2586,0.1955,0.0240,0.0717,0.0004,0.0332,0.0000,0.6478,0.8565,46747.929
914,Z,H,0.1766,0.0031,0.0008,0.0003,0.0031,0.1443,0.2647,0.1883,0.0251,0.0927,0.0006,0.0359,0.0002,0.7218,0.9439,46798.909
915,H,Z,0.1472,0.0023,0.0013,0.0005,0.0023,0.0977,0.2309,0.1642,0.0244,0.0872,0.0006,0.0386,0.0002,0.6102,0.8042,46849.772
916,Z,H,0.1315,0.0020,0.0007,0.0003,0.0023,0.0921,0.2256,0.1665,0.0242,0.0770,0.0005,0.0360,0.0002,0.5908,0.7653,46900.565
917,H,Z,0.1789,0.0032,0.0007,0.0004,0.0031,0.1169,0.3974,0.2892,0.0439,0.0868,0.0011,0.0453,0.0001,0.9412,1.1755,46951.780
918,Z,H,0.1354,0.0023,0.0008,0.0004,0.0022,0.0904,0.2192,0.1695,0.0255,0.0720,0.0006,0.0356,0.0002,0.5823,0.7611,47002.568
919,H,Z,0.1366,0.0021,0.0006,0.0003,0.0023,0.0889,0.2500,0.1729,0.0231,0.0916,0.0049,0.0321,0.0000,0.6317,0.8117,47053.410
920,Z,H,0.1728,0.0033,0.0007,0.0005,0.0035,0.1161,0.3685,0.2871,0.0464,0.0822,0.0007,0.0420,0.0001,0.9057,1.1306,47104.569
921,H,Z,0.1814,0.0023,0.0009,0.0007,0.0026,0.1142,0.2627,0.1728,0.0248,0.0704,0.0146,0.0367,0.0001,0.6495,0.8905,47155.550
922,Z,H,0.1300,0.0019,0.0006,0.0002,0.0020,0.0877,0.2340,0.1739,0.0248,0.0805,0.0039,0.0295,0.0001,0.6056,0.7749,47206.363
923,H,Z,0.1671,0.0032,0.0007,0.0005,0.0032,0.1150,0.3666,0.2757,0.0427,0.0727,0.0006,0.0499,0.0003,0.8784,1.1052,47257.498
924,Z,H,0.1343,0.0022,0.0008,0.0003,0.0022,0.0947,0.2430,0.1683,0.0277,0.0917,0.0042,0.0310,0.0001,0.6307,0.8071,47308.329
925,H,Z,0.1318,0.0020,0.0006,0.0003,0.0023,0.0861,0.2121,0.1528,0.0236,0.0752,0.0007,0.0328,0.0001,0.5548,0.7267,47359.080
926,Z,H,0.1990,0.0039,0.0009,0.0006,0.0039,0.1215,0.4066,0.3191,0.0628,0.0911,0.0107,0.0437,0.0003,1.0081,1.2726,47410.382
927,H,Z,0.2080,0.0040,0.0011,0.0006,0.0043,0.1229,0.4216,0.3472,0.0473,0.0982,0.0007,0.0465,0.0003,1.0445,1.3139,47461.765
928,Z,H,0.1419,0.0020,0.0007,0.0002,0.0020,0.0861,0.2345,0.1764,0.0274,0.0864,0.0042,0.0365,0.0001,0.6171,0.8059,47512.594
929,H,Z,0.1806,0.0033,0.0007,0.0004,0.0033,0.1143,0.3749,0.2689,0.0445,0.0769,0.0105,0.0436,0.0002,0.8867,1.1306,47563.756
930,Z,H,0.1780,0.0030,0.0010,0.0004,0.0029,0.1177,0.3647,0.2713,0.0457,0.0891,0.0010,0.0528,0.0002,0.8948,1.1352,47614.922
931,H,Z,0.1710,0.0032,0.0008,0.0004,0.0031,0.1227,0.3814,0.2602,0.0453,0.0712,0.0158,0.0400,0.0001,0.8867,1.1223,47666.075
932,Z,H,0.1597,0.0020,0.0007,0.0004,0.0023,0.0891,0.2455,0.2101,0.0265,0.0843,0.0009,0.0366,0.0001,0.6609,0.8653,47716.965
933,H,Z,0.1663,0.0029,0.0009,0.0003,0.0027,0.1190,0.3626,0.3104,0.0447,0.1318,0.0150,0.0433,0.0003,0.9750,1.2100,47768.213
934,Z,H,0.2436,0.0032,0.0008,0.0005,0.0034,0.1248,0.3847,0.1850,0.0253,0.0805,0.0009,0.0672,0.0002,0.8063,1.1278,47819.396
935,H,Z,0.1334,0.0019,0.0009,0.0003,0.0021,0.0886,0.2120,0.1540,0.0226,0.0882,0.0017,0.0422,0.0001,0.5711,0.7548,47870.178
936,Z,H,0.1257,0.0020,0.0005,0.0003,0.0018,0.0860,0.2147,0.1625,0.0239,0.0712,0.0009,0.0418,0.0001,0.5647,0.7416,47920.951
937,H,Z,0.1304,0.0020,0.0007,0.0003,0.0021,0.0890,0.2362,0.1640,0.0236,0.0723,0.0160,0.0428,0.0001,0.5918,0.7871,47971.767
938,Z,H,0.1291,0.0019,0.0006,0.0003,0.0021,0.0859,0.2301,0.1507,0.0242,0.0824,0.0007,0.0272,0.0001,0.5772,0.7401,48022.535
939,H,Z,0.1782,0.0032,0.0007,0.0003,0.0030,0.1137,0.4074,0.2765,0.0927,0.1160,0.0010,0.0424,0.0002,1.0155,1.2459,48073.809
940,Z,H,0.1347,0.0021,0.0007,0.0003,0.0020,0.0916,0.2192,0.1663,0.0254,0.0767,0.0010,0.0447,0.0001,0.5846,0.7715,48124.616
941,H,Z,0.1750,0.0030,0.0008,0.0004,0.0034,0.1196,0.3924,0.2806,0.0458,0.0955,0.0006,0.0450,0.0002,0.9394,1.1693,48175.812
942,Z,H,0.1422,0.0020,0.0007,0.0003,0.0019,0.0923,0.2723,0.1579,0.0270,0.0822,0.0028,0.0287,0.0001,0.6362,0.8164,48226.657
943,H,Z,0.1281,0.0020,0.0005,0.0003,0.0020,0.0881,0.2191,0.1690,0.0245,0.0817,0.0033,0.0299,0.0002,0.5880,0.7556,48277.434
944,Z,H,0.1339,0.0020,0.0008,0.0004,0.0020,0.0836,0.2188,0.1839,0.0226,0.0866,0.0010,0.0503,0.0001,0.6024,0.7938,48328.259
945,H,Z,0.1266,0.0018,0.0007,0.0003,0.0023,0.0870,0.2103,0.1679,0.0227,0.0807,0.0007,0.0311,0.0001,0.5738,0.7385,48379.018
946,Z,H,0.1292,0.0023,0.0009,0.0003,0.0022,0.1414,0.3621,0.3445,0.0273,0.0811,0.0037,0.0363,0.0002,0.9621,1.1384,48430.181
947,H,Z,0.1341,0.0019,0.0006,0.0003,0.0020,0.0898,0.2358,0.1665,0.0242,0.0699,0.0047,0.0314,0.0002,0.5920,0.7684,48480.981
948,Z,H,0.1611,0.0032,0.0007,0.0004,0.0031,0.1170,0.3756,0.2707,0.0458,0.0708,0.0110,0.0464,0.0002,0.8843,1.1116,48532.120
949,H,Z,0.1382,0.0026,0.0007,0.0004,0.0021,0.0917,0.2776,0.1581,0.0232,0.0671,0.0006,0.0313,0.0002,0.6229,0.8004,48582.956
950,Z,H,0.1296,0.0020,0.0007,0.0003,0.0021,0.0923,0.2245,0.1574,0.0230,0.0773,0.0009,0.0397,0.0001,0.5833,0.7596,48633.749
951,H,Z,0.1726,0.0031,0.0009,0.0005,0.0033,0.1139,0.3746,0.2717,0.0437,0.0867,0.0006,0.0455,0.0001,0.8960,1.1239,48684.901
952,Z,H,0.1354,0.0022,0.0008,0.0003,0.0022,0.0895,0.2444,0.1618,0.0293,0.0857,0.0010,0.0443,0.0003,0.6167,0.8043,48735.733
953,H,Z,0.1641,0.0034,0.0007,0.0006,0.0029,0.1108,0.3680,0.3189,0.0269,0.0942,0.0004,0.0346,0.0000,0.9253,1.1335,48786.888
954,Z,H,0.1746,0.0030,0.0008,0.0004,0.0036,0.1207,0.3608,0.2824,0.0468,0.0755,0.0006,0.0420,0.0003,0.8913,1.1175,48838.037
955,H,Z,0.1703,0.0020,0.0008,0.0003,0.0022,0.0868,0.2369,0.1609,0.0245,0.0782,0.0006,0.0351,0.0001,0.5912,0.8038,48888.862
956,Z,H,0.1318,0.0021,0.0008,0.0003,0.0022,0.0885,0.2509,0.1673,0.0241,0.0914,0.0011,0.0441,0.0002,0.6311,0.8149,48939.705
957,H,Z,0.1298,0.0019,0.0006,0.0003,0.0021,0.0913,0.2135,0.1686,0.0261,0.0646,0.0105,0.0352,0.0001,0.5691,0.7507,48990.480
958,Z,H,0.1273,0.0021,0.0005,0.0005,0.0022,0.0936,0.2093,0.1641,0.0245,0.0936,0.0021,0.0287,0.0001,0.5897,0.7544,49041.259
959,H,Z,0.1294,0.0019,0.0006,0.0003,0.0021,0.0905,0.2277,0.1569,0.0246,0.0742,0.0011,0.0492,0.0001,0.5803,0.7659,49092.060
960,Z,H,0.1761,0.0031,0.0008,0.0004,0.0034,0.1140,0.3594,0.2819,0.0459,0.0810,0.0006,0.0354,0.0002,0.8873,1.1083,49143.193
961,H,Z,0.1297,0.0021,0.0008,0.0003,0.0022,0.0862,0.2152,0.1532,0.0243,0.0712,0.0017,0.0284,0.0002,0.5556,0.7220,49193.937
962,Z,H,0.1699,0.0021,0.0006,0.0006,0.0025,0.0990,0.2417,0.1600,0.0223,0.1010,0.0017,0.0418,0.0001,0.6330,0.8538,49244.818
963,H,Z,0.1256,0.0021,0.0007,0.0003,0.0021,0.0938,0.2141,0.1486,0.0248,0.0833,0.0012,0.0421,0.0002,0.5716,0.7468,49295.598
964,Z,H,0.1288,0.0020,0.0007,0.0002,0.0020,0.0879,0.2234,0.1724,0.0247,0.1003,0.0020,0.0384,0.0002,0.6135,0.7892,49346.412
965,H,Z,0.1336,0.0021,0.0006,0.0004,0.0022,0.0830,0.2381,0.1574,0.0235,0.0735,0.0098,0.0470,0.0001,0.5802,0.7774,49397.219
966,Z,H,0.1880,0.0036,0.0008,0.0004,0.0035,0.1131,0.3829,0.2802,0.1318,0.0958,0.0004,0.0325,0.0000,1.0105,1.2414,49448.488
967,H,Z,0.1764,0.0030,0.0009,0.0004,0.0033,0.1161,0.3616,0.2902,0.0440,0.0834,0.0129,0.0433,0.0002,0.9012,1.1434,49499.666
968,Z,H,0.1316,0.0024,0.0012,0.0003,0.0025,0.0845,0.2993,0.2933,0.0498,0.0838,0.0008,0.0419,0.0001,0.8171,0.9989,49550.688
969,H,Z,0.1815,0.0032,0.0007,0.0004,0.0034,0.1177,0.3880,0.2843,0.0446,0.0930,0.0008,0.0373,0.0003,0.9335,1.1625,49601.876
970,Z,H,0.1439,0.0021,0.0007,0.0004,0.0021,0.0887,0.2859,0.1507,0.0316,0.0688,0.0012,0.0436,0.0002,0.6317,0.8271,49652.730
971,H,Z,0.1809,0.0028,0.0008,0.0005,0.0028,0.0944,0.2390,0.1721,0.0248,0.0837,0.0006,0.0398,0.0002,0.6205,0.8502,49703.617
972,Z,H,0.1304,0.0018,0.0008,0.0002,0.0020,0.0882,0.2366,0.1711,0.0243,0.0838,0.0006,0.0347,0.0001,0.6090,0.7806,49754.429
973,H,Z,0.1301,0.0018,0.0006,0.0003,0.0025,0.0909,0.2290,0.1525,0.0223,0.0735,0.0007,0.0339,0.0002,0.5728,0.7438,49805.198
974,Z,H,0.1687,0.0212,0.0008,0.0004,0.0041,0.1744,0.3573,0.2928,0.0531,0.0791,0.0006,0.0284,0.0002,0.9623,1.1880,49856.414
975,H,Z,0.1328,0.0020,0.0009,0.0003,0.0022,0.0988,0.2262,0.1615,0.0249,0.0970,0.0150,0.0433,0.0001,0.6146,0.8124,49907.261
976,Z,H,0.1759,0.0031,0.0008,0.0005,0.0031,0.1162,0.3925,0.2941,0.0460,0.0889,0.0086,0.0435,0.0001,0.9448,1.1817,49958.474
977,H,Z,0.1330,0.0025,0.0008,0.0003,0.0021,0.0878,0.2197,0.1609,0.0245,0.1027,0.0007,0.0285,0.0002,0.6007,0.7700,50009.270
978,Z,H,0.1760,0.0032,0.0007,0.0004,0.0032,0.1155,0.3757,0.2982,0.0457,0.0854,0.0012,0.0412,0.0002,0.9288,1.1561,50060.457
979,H,Z,0.1347,0.0026,0.0008,0.0003,0.0024,0.0891,0.2241,0.1683,0.0259,0.0930,0.0009,0.0383,0.0001,0.6058,0.7872,50111.273
980,Z,H,0.1779,0.0033,0.0007,0.0004,0.0037,0.1160,0.4059,0.2850,0.0453,0.0793,0.0006,0.0322,0.0002,0.9370,1.1572,50162.452
981,H,Z,0.1423,0.0028,0.0007,0.0004,0.0023,0.1015,0.2315,0.1715,0.0262,0.0807,0.0006,0.0324,0.0002,0.6180,0.8008,50213.288
982,Z,H,0.1463,0.0030,0.0008,0.0004,0.0026,0.0997,0.2319,0.1792,0.0273,0.0961,0.0014,0.0370,0.0001,0.6405,0.8333,50264.146
983,H,Z,0.1913,0.0033,0.0009,0.0004,0.0031,0.1204,0.3837,0.2830,0.0450,0.0869,0.0006,0.0365,0.0002,0.9324,1.1696,50315.339
984,Z,H,0.1824,0.0026,0.0010,0.0004,0.0026,0.0867,0.2437,0.1795,0.0288,0.0761,0.0009,0.0491,0.0001,0.6220,0.8627,50366.234
985,H,Z,0.1269,0.0024,0.0007,0.0003,0.0025,0.0832,0.2253,0.1643,0.0224,0.0957,0.0023,0.0323,0.0000,0.5962,0.7649,50417.024
986,Z,H,0.1826,0.0031,0.0008,0.0004,0.0035,0.1168,0.3614,0.2858,0.0471,0.0749,0.0006,0.0464,0.0002,0.8923,1.1311,50468.190
987,H,Z,0.1639,0.0024,0.0010,0.0005,0.0027,0.1170,0.2150,0.1672,0.0245,0.0826,0.0006,0.0420,0.0003,0.6126,0.8273,50519.053
988,Z,H,0.1370,0.0022,0.0009,0.0003,0.0022,0.0965,0.2453,0.3313,0.0854,0.0932,0.0008,0.0474,0.0001,0.8600,1.0521,50570.145
989,H,Z,0.1378,0.0020,0.0008,0.0003,0.0023,0.0881,0.2212,0.1614,0.0231,0.0877,0.0010,0.0432,0.0002,0.5879,0.7767,50620.949
990,Z,H,0.1252,0.0021,0.0006,0.0003,0.0020,0.0834,0.2178,0.1604,0.0237,0.0696,0.0154,0.0490,0.0002,0.5597,0.7558,50671.735
991,H,Z,0.1676,0.0031,0.0008,0.0004,0.0034,0.1156,0.3677,0.2748,0.0432,0.0909,0.0044,0.0389,0.0002,0.8981,1.1183,50722.884
992,Z,H,0.1694,0.0020,0.0007,0.0004,0.0021,0.0978,0.2181,0.1697,0.0247,0.0851,0.0010,0.0422,0.0001,0.6008,0.8199,50773.734
993,H,Z,0.1336,0.0020,0.0009,0.0003,0.0019,0.0904,0.2311,0.1612,0.0238,0.0722,0.0006,0.0368,0.0000,0.5839,0.7610,50824.558
994,Z,H,0.1692,0.0029,0.0006,0.0004,0.0029,0.1113,0.3629,0.2772,0.0482,0.0695,0.0006,0.0350,0.0002,0.8747,1.0879,50875.671
995,H,Z,0.1288,0.0018,0.0008,0.0003,0.0022,0.0853,0.2270,0.1627,0.0228,0.0892,0.0005,0.0336,0.0001,0.5916,0.7610,50926.452
996,Z,H,0.1747,0.0032,0.0007,0.0004,0.0030,0.1166,0.3613,0.2854,0.0462,0.0847,0.0006,0.0338,0.0002,0.9003,1.1181,50977.592
997,H,Z,0.1765,0.0018,0.0010,0.0003,0.0025,0.1263,0.2679,0.1823,0.0239,0.0673,0.0007,0.0296,0.0002,0.6725,0.8861,51028.499
998,Z,H,0.1250,0.0019,0.0006,0.0002,0.0022,0.0811,0.2298,0.1491,0.0227,0.0776,0.0011,0.0589,0.0001,0.5655,0.7565,51079.280
999,H,Z,0.1704,0.0034,0.0008,0.0004,0.0032,0.1116,0.3634,0.2775,0.0440,0.0863,0.0006,0.0292,0.0002,0.8881,1.0976,51130.401
