swap_idx,from,to,read_toml,disconnect,retune_radio,park_selectors,load_plugins,build_read_toml,build_create_blocks,build_connect,build_bridge_ports,start_runtime,reconnect,terminate_spawn,unpark_selectors,build_and_start,total,t_ms
0,Z,H,0.2346,0.0022,0.0005,0.0001,0.0023,0.1661,0.5609,0.2316,0.0371,0.1008,0.0007,0.0411,0.0002,1.1031,1.3857,257.618
1,H,Z,0.1667,0.0022,0.0009,0.0002,0.0015,0.1004,0.0337,0.0954,0.0406,0.0549,0.0156,0.0420,0.0002,0.3282,0.5589,308.200
2,Z,H,0.2313,0.0024,0.0007,0.0003,0.0025,0.1846,0.5699,0.2391,0.0398,0.0990,0.0007,0.0325,0.0002,1.1421,1.4140,359.654
3,H,Z,0.2451,0.0042,0.0009,0.0004,0.0026,0.1551,0.0488,0.1844,0.1061,0.0658,0.0007,0.0348,0.0002,0.5662,0.8571,410.556
4,Z,H,0.2355,0.0026,0.0009,0.0002,0.0026,0.1698,0.5539,0.2395,0.0365,0.1546,0.0008,0.0336,0.0001,1.1624,1.4404,462.031
5,H,Z,0.2542,0.0039,0.0009,0.0003,0.0026,0.1547,0.0459,0.1785,0.1041,0.0590,0.0009,0.0383,0.0002,0.5479,0.8509,512.917
6,Z,H,0.2340,0.0025,0.0009,0.0002,0.0024,0.1798,0.5687,0.2398,0.0415,0.1208,0.0007,0.0316,0.0002,1.1573,1.4307,564.388
7,H,Z,0.1339,0.0023,0.0008,0.0003,0.0014,0.0949,0.0428,0.1006,0.0450,0.0560,0.0008,0.0424,0.0002,0.3442,0.5278,614.949
8,Z,H,0.2116,0.0031,0.0011,0.0003,0.0032,0.1613,0.4470,0.2460,0.0384,0.1045,0.0087,0.0486,0.0004,1.0048,1.2833,666.261
9,H,Z,0.1882,0.0035,0.0010,0.0005,0.0020,0.1039,0.0399,0.1045,0.0499,0.0588,0.0293,0.0397,0.0002,0.3619,0.6279,716.955
10,Z,H,0.2473,0.0028,0.0006,0.0002,0.0021,0.1801,0.5722,0.2380,0.0371,0.1308,0.0007,0.0379,0.0002,1.1656,1.4587,768.444
11,H,Z,0.2724,0.0049,0.0009,0.0005,0.0030,0.1850,0.0535,0.2047,0.1079,0.0574,0.0065,0.0362,0.0003,0.6170,0.9437,819.430
12,Z,H,0.3491,0.0037,0.0010,0.0003,0.0040,0.3103,0.6308,0.2505,0.0360,0.1243,0.0010,0.0570,0.0004,1.3617,1.7799,871.256
13,H,Z,0.1758,0.0021,0.0010,0.0001,0.0014,0.1045,0.0321,0.0858,0.0388,0.0489,0.0010,0.0362,0.0002,0.3149,0.5342,921.829
14,Z,H,0.2509,0.0029,0.0008,0.0003,0.0026,0.1754,0.5522,0.2429,0.0376,0.1234,0.0008,0.0488,0.0003,1.1388,1.4477,973.312
15,H,Z,0.1869,0.0026,0.0012,0.0003,0.0024,0.1266,0.0447,0.1189,0.0762,0.0518,0.0028,0.0624,0.0002,0.4256,0.6858,1024.041
16,Z,H,0.2173,0.0021,0.0009,0.0001,0.0027,0.1601,0.5787,0.2350,0.0375,0.1307,0.0059,0.0368,0.0002,1.1494,1.4166,1075.489
17,H,Z,0.1810,0.0023,0.0008,0.0002,0.0014,0.0950,0.0317,0.1014,0.0451,0.0400,0.0007,0.0320,0.0002,0.3179,0.5377,1126.055
18,Z,H,0.2029,0.0026,0.0008,0.0003,0.0029,0.1636,0.3889,0.2604,0.0377,0.1200,0.0006,0.0534,0.0002,0.9789,1.2438,1177.331
19,H,Z,0.2121,0.0046,0.0010,0.0005,0.0031,0.1539,0.0553,0.2041,0.1096,0.0701,0.0018,0.0600,0.0003,0.6013,0.8871,1228.309
20,Z,H,0.2545,0.0028,0.0012,0.0002,0.0026,0.1706,0.6348,0.3163,0.0417,0.1160,0.0005,0.0349,0.0001,1.2876,1.5865,1279.933
21,H,Z,0.1341,0.0019,0.0006,0.0001,0.0013,0.0925,0.0333,0.0838,0.0399,0.0477,0.0158,0.0509,0.0002,0.3028,0.5091,1330.493
22,Z,H,0.2686,0.0024,0.0006,0.0002,0.0025,0.1957,0.5705,0.2322,0.0368,0.1533,0.0006,0.0343,0.0002,1.1957,1.5064,1382.037
23,H,Z,0.1356,0.0025,0.0009,0.0002,0.0020,0.1074,0.0382,0.0976,0.0425,0.0644,0.0009,0.0370,0.0002,0.3549,0.5355,1432.597
24,Z,H,0.2147,0.0019,0.0008,0.0002,0.0026,0.1627,0.6184,0.2425,0.0366,0.1035,0.0006,0.0454,0.0002,1.1704,1.4382,1484.061
25,H,Z,0.1956,0.0036,0.0008,0.0003,0.0025,0.1436,0.0458,0.1820,0.1050,0.0535,0.0009,0.0681,0.0001,0.5356,0.8095,1534.917
26,Z,H,0.2020,0.0024,0.0007,0.0001,0.0024,0.1592,0.4696,0.2570,0.0352,0.0913,0.0014,0.0605,0.0003,1.0209,1.2920,1586.263
27,H,Z,0.1854,0.0033,0.0013,0.0003,0.0025,0.1273,0.0546,0.1303,0.0718,0.0594,0.0461,0.0628,0.0002,0.4512,0.7549,1637.076
28,Z,H,0.2577,0.0022,0.0008,0.0003,0.0028,0.2089,0.6750,0.5307,0.1152,0.0954,0.0008,0.0331,0.0003,1.6352,1.9343,1689.042
29,H,Z,0.2928,0.0027,0.0006,0.0001,0.0015,0.1199,0.0320,0.0900,0.0459,0.0410,0.0079,0.0322,0.0001,0.3329,0.6724,1739.741
30,Z,H,0.2098,0.0027,0.0006,0.0002,0.0028,0.1475,0.4306,0.2388,0.0343,0.1309,0.0007,0.0506,0.0003,0.9894,1.2586,1791.029
31,H,Z,0.1334,0.0024,0.0007,0.0003,0.0019,0.1079,0.0373,0.0932,0.0479,0.0474,0.0012,0.0666,0.0002,0.3397,0.5479,1841.611
32,Z,H,0.1839,0.0021,0.0007,0.0002,0.0018,0.1587,0.4579,0.2219,0.0339,0.0927,0.0184,0.0402,0.0002,0.9717,1.2204,1892.867
33,H,Z,0.1376,0.0026,0.0009,0.0002,0.0013,0.0966,0.0369,0.0957,0.0482,0.0535,0.0009,0.0529,0.0003,0.3369,0.5351,1943.437
34,Z,H,0.3059,0.0038,0.0009,0.0003,0.0033,0.2439,0.8050,0.4054,0.0405,0.1064,0.0006,0.0465,0.0001,1.6094,1.9725,1995.443
35,H,Z,0.1294,0.0020,0.0006,0.0001,0.0011,0.0906,0.0371,0.1010,0.0485,0.0553,0.0252,0.0418,0.0001,0.3365,0.5380,2046.002
36,Z,H,0.2788,0.0024,0.0006,0.0002,0.0027,0.1810,0.5794,0.2665,0.0357,0.1175,0.0066,0.0336,0.0001,1.1887,1.5151,2097.570
37,H,Z,0.1322,0.0019,0.0005,0.0001,0.0014,0.0956,0.0417,0.0985,0.0434,0.0367,0.0062,0.0322,0.0001,0.3204,0.4961,2148.107
38,Z,H,0.2983,0.0045,0.0010,0.0004,0.0039,0.2304,0.8002,0.5351,0.1011,0.1160,0.0010,0.0438,0.0003,1.7932,2.1483,2200.303
39,H,Z,0.2044,0.0047,0.0009,0.0005,0.0030,0.1416,0.0511,0.2079,0.0977,0.0608,0.0010,0.0396,0.0002,0.5666,0.8228,2251.183
40,Z,H,0.4105,0.0051,0.0015,0.0003,0.0047,0.2725,1.0835,0.5726,0.0919,0.1223,0.0010,0.0797,0.0003,2.1560,2.6613,2303.888
41,H,Z,0.1984,0.0039,0.0014,0.0006,0.0027,0.1262,0.0479,0.1350,0.0657,0.0680,0.0008,0.0412,0.0004,0.4490,0.7001,2354.637
42,Z,H,0.2154,0.0025,0.0008,0.0002,0.0022,0.1492,0.3721,0.2513,0.0370,0.1186,0.0015,0.0775,0.0003,0.9382,1.2400,2405.923
43,H,Z,0.1966,0.0033,0.0012,0.0008,0.0022,0.1158,0.0439,0.1150,0.0522,0.0574,0.0006,0.0469,0.0001,0.3886,0.6421,2456.593
44,Z,H,0.3105,0.0027,0.0008,0.0002,0.0029,0.1873,0.4984,0.3116,0.0416,0.0950,0.0008,0.0424,0.0001,1.1413,1.5036,2508.130
45,H,Z,0.2148,0.0047,0.0011,0.0005,0.0029,0.1502,0.0536,0.2031,0.1374,0.0557,0.0010,0.0646,0.0003,0.6072,0.8990,2559.111
46,Z,H,0.2040,0.0033,0.0009,0.0005,0.0024,0.1615,0.4563,0.2406,0.0369,0.1259,0.0005,0.0404,0.0001,1.0281,1.2817,2610.434
47,H,Z,0.1404,0.0025,0.0010,0.0003,0.0017,0.0958,0.0454,0.1271,0.0470,0.0689,0.0233,0.0519,0.0001,0.3887,0.6113,2661.080
48,Z,H,0.2871,0.0039,0.0009,0.0003,0.0039,0.2304,0.8435,0.5348,0.0846,0.1078,0.0010,0.0360,0.0002,1.8106,2.1459,2713.259
49,H,Z,0.1438,0.0029,0.0008,0.0002,0.0015,0.0948,0.0354,0.0985,0.0467,0.0504,0.0005,0.0493,0.0001,0.3304,0.5308,2763.815
50,Z,H,0.2724,0.0031,0.0009,0.0004,0.0036,0.2035,0.5402,0.3132,0.0502,0.1207,0.0010,0.0341,0.0002,1.2367,1.5540,2815.424
51,H,Z,0.1390,0.0022,0.0011,0.0003,0.0015,0.0932,0.0356,0.1039,0.0431,0.0456,0.0081,0.0362,0.0002,0.3262,0.5161,2866.029
52,Z,H,0.2915,0.0038,0.0010,0.0003,0.0036,0.2248,0.8270,0.5065,0.0802,0.1074,0.0045,0.0359,0.0002,1.7553,2.0978,2918.164
53,H,Z,0.1934,0.0034,0.0011,0.0003,0.0026,0.1390,0.0411,0.1103,0.0458,0.0611,0.0008,0.0503,0.0002,0.4034,0.6572,2968.856
54,Z,H,0.1962,0.0021,0.0007,0.0002,0.0023,0.1630,0.4495,0.2558,0.0345,0.1012,0.0008,0.0386,0.0001,1.0104,1.2525,3020.135
55,H,Z,0.1357,0.0022,0.0007,0.0001,0.0015,0.0963,0.0380,0.0973,0.0444,0.0675,0.0014,0.0581,0.0002,0.3490,0.5505,3070.722
56,Z,H,0.1929,0.0019,0.0006,0.0001,0.0024,0.1453,0.3790,0.2348,0.0385,0.1069,0.0009,0.0337,0.0001,0.9119,1.1459,3121.900
57,H,Z,0.1384,0.0026,0.0007,0.0004,0.0015,0.0950,0.0402,0.1017,0.0441,0.0643,0.0053,0.0516,0.0001,0.3502,0.5520,3172.513
58,Z,H,0.2017,0.0030,0.0008,0.0003,0.0023,0.1523,0.4485,0.2372,0.0368,0.1599,0.0086,0.0667,0.0003,1.0440,1.3291,3223.902
59,H,Z,0.1315,0.0020,0.0006,0.0001,0.0015,0.0943,0.0324,0.0913,0.0430,0.0623,0.0008,0.0341,0.0001,0.3285,0.5003,3274.442
60,Z,H,0.1987,0.0032,0.0007,0.0002,0.0023,0.1551,0.3744,0.2696,0.0370,0.1042,0.0042,0.0489,0.0001,0.9474,1.2068,3325.688
61,H,Z,0.2032,0.0044,0.0010,0.0003,0.0029,0.1461,0.0490,0.1830,0.1013,0.0908,0.0007,0.0499,0.0002,0.5761,0.8402,3376.558
62,Z,H,0.2616,0.0025,0.0008,0.0003,0.0079,0.2204,0.4956,0.2525,0.0493,0.0967,0.0153,0.0551,0.0003,1.1220,1.4671,3428.063
63,H,Z,0.1764,0.0032,0.0009,0.0003,0.0020,0.1008,0.0439,0.1043,0.0472,0.0780,0.0016,0.0612,0.0002,0.3821,0.6299,3478.727
64,Z,H,0.2049,0.0035,0.0011,0.0001,0.0028,0.1671,0.4560,0.2471,0.0474,0.1451,0.0005,0.0483,0.0001,1.0697,1.3325,3530.090
65,H,Z,0.1434,0.0026,0.0008,0.0003,0.0015,0.0929,0.0373,0.1007,0.0469,0.0800,0.0170,0.0660,0.0002,0.3642,0.5974,3580.743
66,Z,H,0.2529,0.0028,0.0008,0.0003,0.0025,0.1740,0.5903,0.2400,0.0388,0.1085,0.0046,0.0551,0.0003,1.1599,1.4806,3632.338
67,H,Z,0.1448,0.0028,0.0007,0.0002,0.0016,0.0940,0.0383,0.0999,0.0443,0.0672,0.0005,0.0497,0.0001,0.3480,0.5498,3682.913
68,Z,H,0.2038,0.0029,0.0008,0.0002,0.0026,0.1504,0.3665,0.2457,0.0371,0.1009,0.0009,0.0412,0.0003,0.9083,1.1622,3734.107
69,H,Z,0.1393,0.0027,0.0009,0.0002,0.0019,0.0967,0.0517,0.0981,0.0425,0.0496,0.0203,0.0413,0.0002,0.3433,0.5517,3784.687
70,Z,H,0.2083,0.0025,0.0009,0.0002,0.0025,0.1599,0.4448,0.2450,0.0362,0.1195,0.0015,0.0575,0.0003,1.0131,1.2884,3836.021
71,H,Z,0.1941,0.0034,0.0008,0.0005,0.0024,0.1234,0.0413,0.1058,0.0513,0.0615,0.0082,0.0421,0.0002,0.3885,0.6420,3886.703
72,Z,H,0.2171,0.0028,0.0010,0.0002,0.0028,0.1579,0.3725,0.2553,0.0373,0.1227,0.0046,0.0401,0.0002,0.9534,1.2235,3937.957
73,H,Z,0.1353,0.0026,0.0007,0.0001,0.0016,0.0961,0.0491,0.0962,0.0451,0.0672,0.0042,0.0474,0.0002,0.3585,0.5520,3988.566
74,Z,H,0.3013,0.0044,0.0009,0.0003,0.0042,0.2342,0.7916,0.5403,0.0951,0.1118,0.0010,0.0605,0.0002,1.7827,2.1577,4040.791
75,H,Z,0.2173,0.0046,0.0009,0.0003,0.0027,0.1528,0.0829,0.1155,0.0506,0.0884,0.0303,0.1099,0.0002,0.4975,0.8657,4091.698
76,Z,H,0.2080,0.0023,0.0008,0.0001,0.0022,0.1474,0.4243,0.2399,0.0356,0.0933,0.0008,0.0533,0.0001,0.9478,1.2169,4142.949
77,H,Z,0.1447,0.0029,0.0008,0.0003,0.0015,0.0948,0.0396,0.1003,0.0508,0.0589,0.0049,0.0518,0.0002,0.3499,0.5585,4193.545
78,Z,H,0.2074,0.0030,0.0007,0.0003,0.0025,0.1588,0.4511,0.2492,0.0383,0.1099,0.0040,0.0677,0.0002,1.0167,1.3042,4244.888
79,H,Z,0.1576,0.0039,0.0010,0.0004,0.0018,0.0949,0.0456,0.1096,0.0467,0.0523,0.0009,0.0655,0.0002,0.3549,0.5878,4295.590
80,Z,H,0.2021,0.0030,0.0007,0.0002,0.0029,0.1965,0.4429,0.2425,0.0393,0.1043,0.0008,0.0508,0.0001,1.0330,1.2950,4346.919
81,H,Z,0.1549,0.0026,0.0007,0.0003,0.0015,0.0938,0.0368,0.0955,0.0459,0.0483,0.0157,0.0347,0.0002,0.3253,0.5373,4397.492
82,Z,H,0.2961,0.0044,0.0009,0.0003,0.0044,0.2438,0.7952,0.5163,0.0869,0.1006,0.0029,0.0391,0.0004,1.7528,2.1031,4449.630
83,H,Z,0.2311,0.0048,0.0012,0.0002,0.0036,0.1784,0.0457,0.1143,0.0517,0.0839,0.0006,0.0550,0.0001,0.4792,0.7781,4500.440
84,Z,H,0.2243,0.0030,0.0010,0.0002,0.0025,0.1678,0.4426,0.2509,0.0379,0.1081,0.0015,0.0581,0.0002,1.0172,1.3097,4551.789
85,H,Z,0.1403,0.0028,0.0009,0.0003,0.0018,0.0972,0.0375,0.0952,0.0462,0.0650,0.0202,0.0559,0.0002,0.3462,0.5699,4602.398
86,Z,H,0.1876,0.0022,0.0006,0.0002,0.0019,0.1492,0.4471,0.2472,0.0387,0.1364,0.0038,0.0568,0.0002,1.0279,1.2823,4653.736
87,H,Z,0.1749,0.0030,0.0010,0.0004,0.0020,0.1025,0.0434,0.1050,0.0457,0.0656,0.0015,0.0640,0.0002,0.3682,0.6168,4704.400
88,Z,H,0.2951,0.0038,0.0007,0.0004,0.0041,0.2473,0.8094,0.5336,0.0885,0.1166,0.0009,0.0400,0.0003,1.8059,2.1528,4756.589
89,H,Z,0.1461,0.0023,0.0011,0.0002,0.0018,0.1033,0.0388,0.1067,0.0474,0.0566,0.0008,0.0424,0.0002,0.3585,0.5550,4807.175
90,Z,H,0.1983,0.0028,0.0009,0.0002,0.0025,0.1608,0.4469,0.2536,0.0375,0.1353,0.0041,0.0519,0.0002,1.0406,1.3028,4858.513
91,H,Z,0.1638,0.0027,0.0008,0.0002,0.0015,0.1072,0.0389,0.1033,0.0480,0.0654,0.0169,0.0578,0.0003,0.3678,0.6129,4909.205
92,Z,H,0.3129,0.0020,0.0006,0.0004,0.0027,0.2222,0.8803,0.5105,0.0945,0.1022,0.0008,0.0478,0.0002,1.8193,2.1881,4961.423
93,H,Z,0.1350,0.0021,0.0006,0.0003,0.0015,0.0925,0.0335,0.0932,0.0584,0.0558,0.0166,0.0587,0.0002,0.3386,0.5547,5012.013
94,Z,H,0.1998,0.0026,0.0008,0.0002,0.0025,0.1646,0.4270,0.2586,0.0353,0.1377,0.0013,0.0578,0.0002,1.0331,1.2998,5063.355
95,H,Z,0.2095,0.0039,0.0009,0.0003,0.0023,0.1491,0.0477,0.2003,0.0987,0.0551,0.0011,0.0620,0.0002,0.5565,0.8386,5114.242
96,Z,H,0.2041,0.0024,0.0009,0.0002,0.0022,0.1457,0.3649,0.2379,0.0358,0.0928,0.0085,0.0517,0.0002,0.8854,1.1569,5165.435
97,H,Z,0.1333,0.0024,0.0006,0.0002,0.0015,0.0976,0.0411,0.1029,0.0564,0.0485,0.0009,0.0519,0.0002,0.3518,0.5444,5216.014
98,Z,H,0.3354,0.0040,0.0007,0.0003,0.0040,0.2379,0.8201,0.2434,0.0371,0.1294,0.0031,0.0500,0.0001,1.4765,1.8759,5267.925
99,H,Z,0.2011,0.0039,0.0008,0.0004,0.0024,0.1484,0.0463,0.1906,0.1103,0.0620,0.0012,0.0560,0.0003,0.5647,0.8328,5318.859
100,Z,H,0.2049,0.0026,0.0008,0.0002,0.0026,0.1542,0.3792,0.2677,0.0386,0.1299,0.0160,0.0618,0.0002,0.9785,1.2692,5370.185
101,H,Z,0.1373,0.0020,0.0007,0.0003,0.0014,0.1155,0.0356,0.0952,0.0481,0.0455,0.0268,0.0473,0.0001,0.3446,0.5614,5420.780
102,Z,H,0.2456,0.0023,0.0006,0.0002,0.0026,0.1974,0.5770,0.2993,0.0400,0.1010,0.0006,0.0446,0.0001,1.2221,1.5199,5472.326
103,H,Z,0.1467,0.0024,0.0010,0.0001,0.0018,0.0927,0.0377,0.1030,0.0455,0.0606,0.0279,0.0449,0.0003,0.3513,0.5776,5522.934
104,Z,H,0.1995,0.0024,0.0005,0.0002,0.0021,0.1451,0.3642,0.2466,0.0353,0.1064,0.0216,0.0479,0.0001,0.9047,1.1803,5574.149
105,H,Z,0.1990,0.0044,0.0010,0.0003,0.0032,0.1502,0.0519,0.1878,0.1257,0.0665,0.0029,0.0431,0.0002,0.5879,0.8436,5625.038
106,Z,H,0.2189,0.0020,0.0010,0.0002,0.0029,0.1610,0.5367,0.2388,0.0377,0.1165,0.0007,0.0528,0.0002,1.0997,1.3794,5676.454
107,H,Z,0.2040,0.0042,0.0009,0.0003,0.0032,0.1586,0.0523,0.1949,0.1002,0.0533,0.0241,0.0595,0.0003,0.5648,0.8634,5727.363
108,Z,H,0.2046,0.0026,0.0007,0.0001,0.0022,0.1595,0.4207,0.2423,0.0369,0.0888,0.0033,0.0331,0.0003,0.9558,1.2042,5778.598
109,H,Z,0.1888,0.0035,0.0008,0.0004,0.0022,0.1520,0.0455,0.1810,0.0995,0.0594,0.0075,0.0479,0.0002,0.5430,0.7959,5829.426
110,Z,H,0.2870,0.0035,0.0011,0.0003,0.0029,0.1633,0.3885,0.2721,0.0389,0.1376,0.0078,0.0545,0.0001,1.0082,1.3669,5880.830
111,H,Z,0.1362,0.0021,0.0006,0.0002,0.0015,0.0962,0.0381,0.1001,0.0474,0.0527,0.0007,0.0438,0.0001,0.3396,0.5261,5931.387
112,Z,H,0.1931,0.0024,0.0005,0.0002,0.0024,0.1532,0.4278,0.2337,0.0347,0.0863,0.0007,0.0338,0.0001,0.9432,1.1778,5982.590
113,H,Z,0.1370,0.0025,0.0007,0.0002,0.0018,0.1033,0.0403,0.1058,0.0435,0.0500,0.0036,0.0529,0.0002,0.3483,0.5486,6033.168
114,Z,H,0.2794,0.0035,0.0010,0.0003,0.0037,0.2276,0.8182,0.5554,0.0433,0.1180,0.0006,0.0453,0.0001,1.7696,2.1053,6085.304
115,H,Z,0.1914,0.0038,0.0009,0.0003,0.0026,0.1407,0.0458,0.1927,0.1032,0.0558,0.0008,0.0437,0.0002,0.5440,0.7892,6136.125
116,Z,H,0.2047,0.0030,0.0008,0.0002,0.0028,0.1515,0.4378,0.2285,0.0394,0.1091,0.0015,0.0628,0.0002,0.9744,1.2521,6187.421
117,H,Z,0.1786,0.0026,0.0009,0.0002,0.0020,0.1206,0.0418,0.1280,0.0651,0.0495,0.0024,0.0630,0.0003,0.4115,0.6632,6238.125
118,Z,H,0.1962,0.0025,0.0006,0.0002,0.0020,0.1456,0.4645,0.2308,0.0383,0.1106,0.0006,0.0552,0.0005,0.9973,1.2564,6289.418
119,H,Z,0.1732,0.0024,0.0009,0.0002,0.0017,0.1248,0.0399,0.2102,0.0515,0.0491,0.0197,0.0520,0.0002,0.4807,0.7323,6340.178
120,Z,H,0.2323,0.0021,0.0008,0.0002,0.0024,0.1592,0.4140,0.2427,0.0365,0.0955,0.0060,0.0519,0.0003,0.9555,1.2527,6391.466
121,H,Z,0.1824,0.0030,0.0008,0.0002,0.0019,0.1332,0.0438,0.0967,0.0464,0.0573,0.0241,0.0466,0.0002,0.3826,0.6434,6442.138
122,Z,H,0.2095,0.0026,0.0009,0.0002,0.0022,0.1539,0.3761,0.2499,0.0374,0.0958,0.0066,0.0507,0.0002,0.9216,1.1964,6493.363
123,H,Z,0.1341,0.0020,0.0006,0.0001,0.0015,0.0902,0.0347,0.1220,0.0513,0.0631,0.0076,0.0583,0.0003,0.3669,0.5728,6543.988
124,Z,H,0.2910,0.0047,0.0009,0.0004,0.0043,0.2370,0.7277,0.5302,0.1023,0.1252,0.0017,0.0606,0.0003,1.7330,2.0989,6596.152
125,H,Z,0.2038,0.0035,0.0016,0.0003,0.0028,0.1117,0.0423,0.1056,0.0453,0.0479,0.0004,0.0555,0.0001,0.3572,0.6268,6646.818
126,Z,H,0.2923,0.0037,0.0007,0.0004,0.0038,0.2300,0.8149,0.5180,0.0908,0.1039,0.0010,0.0568,0.0002,1.7669,2.1278,6698.998
127,H,Z,0.1290,0.0022,0.0006,0.0001,0.0016,0.0930,0.0354,0.0900,0.0468,0.0632,0.0013,0.0556,0.0002,0.3342,0.5263,6749.564
128,Z,H,0.2000,0.0022,0.0005,0.0001,0.0020,0.1535,0.3667,0.2605,0.0352,0.0894,0.0008,0.0530,0.0002,0.9142,1.1743,6800.780
129,H,Z,0.2165,0.0044,0.0011,0.0003,0.0029,0.1491,0.0534,0.1992,0.1120,0.0667,0.0014,0.0601,0.0002,0.5879,0.8770,6851.710
130,Z,H,0.2088,0.0024,0.0012,0.0001,0.0025,0.1544,0.3768,0.2549,0.0377,0.0965,0.0008,0.0492,0.0004,0.9284,1.1949,6902.956
131,H,Z,0.1350,0.0022,0.0007,0.0001,0.0017,0.0899,0.0364,0.0948,0.0456,0.0624,0.0064,0.0501,0.0001,0.3333,0.5308,6953.520
132,Z,H,0.2053,0.0028,0.0008,0.0002,0.0023,0.2191,0.4487,0.2304,0.0431,0.1029,0.0014,0.0669,0.0002,1.0533,1.3347,7004.894
133,H,Z,0.1350,0.0021,0.0005,0.0001,0.0015,0.0972,0.0367,0.0995,0.0402,0.0525,0.0012,0.0560,0.0002,0.3321,0.5299,7055.475
134,Z,H,0.1997,0.0026,0.0007,0.0001,0.0022,0.1501,0.3725,0.2450,0.0344,0.1034,0.0005,0.0500,0.0001,0.9120,1.1691,7106.734
135,H,Z,0.1440,0.0026,0.0009,0.0002,0.0014,0.0936,0.0366,0.0979,0.0431,0.0599,0.0008,0.0497,0.0002,0.3363,0.5375,7157.298
136,Z,H,0.2135,0.0029,0.0007,0.0003,0.0023,0.1443,0.3769,0.2530,0.0365,0.1060,0.0076,0.0500,0.0003,0.9241,1.2031,7208.558
137,H,Z,0.1412,0.0027,0.0007,0.0002,0.0017,0.1088,0.0407,0.1102,0.0455,0.0443,0.0008,0.0426,0.0002,0.3544,0.5457,7259.161
138,Z,H,0.2113,0.0029,0.0008,0.0002,0.0028,0.1625,0.4158,0.2653,0.0364,0.0977,0.0010,0.0477,0.0002,0.9849,1.2533,7310.450
139,H,Z,0.1406,0.0028,0.0007,0.0004,0.0015,0.0969,0.0376,0.1054,0.0442,0.0827,0.0190,0.0593,0.0002,0.3726,0.5986,7361.084
140,Z,H,0.2050,0.0031,0.0007,0.0004,0.0025,0.1616,0.4742,0.2403,0.0365,0.1611,0.0011,0.0524,0.0002,1.0812,1.3482,7412.471
141,H,Z,0.1410,0.0028,0.0006,0.0002,0.0014,0.0968,0.0445,0.1312,0.0452,0.0614,0.0054,0.0693,0.0002,0.3850,0.6076,7463.123
142,Z,H,0.2465,0.0027,0.0009,0.0003,0.0024,0.1856,0.4428,0.3024,0.0498,0.1048,0.0216,0.0411,0.0003,1.0954,1.4127,7514.583
143,H,Z,0.2116,0.0044,0.0010,0.0005,0.0026,0.1599,0.0526,0.1970,0.1031,0.0740,0.0220,0.0653,0.0002,0.5940,0.9038,7565.534
144,Z,H,0.2081,0.0031,0.0010,0.0005,0.0028,0.1733,0.3724,0.2530,0.0369,0.1071,0.0085,0.0530,0.0003,0.9506,1.2292,7616.805
145,H,Z,0.1675,0.0024,0.0008,0.0002,0.0013,0.0945,0.0397,0.0969,0.0485,0.0503,0.0093,0.0570,0.0006,0.3357,0.5760,7667.415
146,Z,H,0.2010,0.0034,0.0007,0.0002,0.0025,0.1519,0.4268,0.2464,0.0360,0.1207,0.0058,0.0480,0.0002,0.9915,1.2547,7718.700
147,H,Z,0.2154,0.0043,0.0011,0.0005,0.0029,0.1463,0.0522,0.1971,0.1070,0.0548,0.0015,0.0646,0.0005,0.5649,0.8577,7769.630
148,Z,H,0.3311,0.0045,0.0011,0.0004,0.0040,0.2380,0.7329,0.5455,0.0874,0.1210,0.0011,0.0547,0.0004,1.7360,2.1355,7821.808
149,H,Z,0.1542,0.0030,0.0009,0.0004,0.0015,0.0959,0.0427,0.1110,0.0459,0.0502,0.0009,0.0549,0.0002,0.3515,0.5689,7872.404
150,Z,H,0.2556,0.0022,0.0008,0.0002,0.0029,0.2012,0.5489,0.2655,0.0482,0.1041,0.0057,0.0498,0.0002,1.1765,1.4953,7923.933
151,H,Z,0.2090,0.0045,0.0012,0.0003,0.0030,0.1473,0.0529,0.1979,0.1034,0.0594,0.0016,0.0669,0.0003,0.5691,0.8585,7974.834
152,Z,H,0.2748,0.0029,0.0011,0.0003,0.0028,0.1976,0.4493,0.5147,0.0426,0.1152,0.0011,0.0519,0.0005,1.3274,1.6646,8026.550
153,H,Z,0.1301,0.0022,0.0006,0.0002,0.0015,0.0902,0.0340,0.0964,0.0433,0.0501,0.0032,0.0558,0.0002,0.3205,0.5156,8077.112
154,Z,H,0.1965,0.0022,0.0007,0.0002,0.0025,0.1493,0.4569,0.2416,0.0370,0.1007,0.0009,0.0560,0.0001,0.9930,1.2534,8128.397
155,H,Z,0.1693,0.0023,0.0008,0.0002,0.0020,0.0961,0.0373,0.1089,0.0581,0.0749,0.0249,0.0533,0.0002,0.3801,0.6346,8179.069
156,Z,H,0.2209,0.0031,0.0012,0.0003,0.0033,0.1725,0.3948,0.2754,0.0396,0.1125,0.0166,0.0571,0.0002,1.0030,1.3072,8230.406
157,H,Z,0.1331,0.0020,0.0005,0.0001,0.0014,0.0908,0.0325,0.0923,0.0412,0.0488,0.0080,0.0425,0.0001,0.3100,0.4989,8280.932
158,Z,H,0.2359,0.0030,0.0007,0.0002,0.0029,0.2026,0.4376,0.3325,0.0437,0.1367,0.0011,0.0559,0.0005,1.1650,1.4672,8332.441
159,H,Z,0.2045,0.0045,0.0010,0.0004,0.0025,0.1481,0.0588,0.1908,0.1045,0.0573,0.0013,0.0610,0.0002,0.5673,0.8451,8383.342
160,Z,H,0.2085,0.0024,0.0010,0.0002,0.0022,0.1528,0.3833,0.2507,0.0365,0.1080,0.0007,0.0556,0.0002,0.9390,1.2114,8434.588
161,H,Z,0.1968,0.0042,0.0010,0.0003,0.0028,0.1588,0.0475,0.1820,0.1062,0.0738,0.0007,0.0352,0.0004,0.5743,0.8174,8485.438
162,Z,H,0.2233,0.0039,0.0012,0.0004,0.0031,0.1788,0.3936,0.2699,0.0395,0.1169,0.0039,0.0820,0.0002,1.0080,1.3278,8536.807
163,H,Z,0.1479,0.0024,0.0010,0.0003,0.0014,0.0926,0.0357,0.0933,0.0406,0.0508,0.0154,0.0494,0.0002,0.3178,0.5371,8587.377
164,Z,H,0.1979,0.0028,0.0006,0.0002,0.0024,0.1608,0.3842,0.2442,0.0374,0.1097,0.0063,0.0499,0.0002,0.9435,1.2054,8638.611
165,H,Z,0.1294,0.0021,0.0006,0.0002,0.0013,0.1057,0.0351,0.1009,0.0441,0.0474,0.0099,0.0408,0.0001,0.3384,0.5241,8689.168
166,Z,H,0.2995,0.0040,0.0011,0.0003,0.0048,0.2311,0.7629,0.5592,0.0896,0.1006,0.0009,0.0537,0.0003,1.7529,2.1211,8741.329
167,H,Z,0.2167,0.0037,0.0008,0.0002,0.0019,0.1180,0.0436,0.1155,0.0574,0.0933,0.0210,0.0567,0.0003,0.4346,0.7380,8792.122
168,Z,H,0.2689,0.0035,0.0009,0.0006,0.0033,0.2242,0.4188,0.2489,0.0377,0.1144,0.0010,0.0495,0.0003,1.0516,1.3811,8843.541
169,H,Z,0.2137,0.0053,0.0011,0.0006,0.0031,0.1733,0.0546,0.1975,0.1126,0.0641,0.0012,0.0663,0.0003,0.6100,0.9037,8894.487
170,Z,H,0.2220,0.0031,0.0013,0.0002,0.0030,0.1574,0.3699,0.2515,0.0367,0.1105,0.0008,0.0634,0.0002,0.9339,1.2295,8945.761
171,H,Z,0.1706,0.0022,0.0007,0.0002,0.0019,0.1188,0.0404,0.1055,0.0565,0.0650,0.0086,0.0446,0.0002,0.3925,0.6232,8996.418
172,Z,H,0.2044,0.0029,0.0008,0.0003,0.0025,0.1617,0.3825,0.2535,0.0360,0.1019,0.0012,0.0637,0.0002,0.9453,1.2226,9047.686
173,H,Z,0.2176,0.0040,0.0009,0.0004,0.0030,0.1432,0.0488,0.1884,0.1004,0.0578,0.0250,0.0602,0.0003,0.5444,0.8575,9098.602
174,Z,H,0.2124,0.0021,0.0007,0.0002,0.0024,0.1577,0.3738,0.2343,0.0357,0.0827,0.0008,0.0528,0.0002,0.8916,1.1646,9149.828
175,H,Z,0.1428,0.0028,0.0006,0.0003,0.0015,0.0924,0.0377,0.0981,0.0451,0.0526,0.0015,0.0710,0.0003,0.3315,0.5541,9200.443
176,Z,H,0.1907,0.0023,0.0006,0.0002,0.0023,0.1623,0.3849,0.2473,0.0368,0.1103,0.0161,0.0474,0.0001,0.9488,1.2095,9251.686
177,H,Z,0.1400,0.0021,0.0008,0.0003,0.0016,0.0899,0.0357,0.0942,0.0489,0.0555,0.0064,0.0429,0.0001,0.3285,0.5239,9302.248
178,Z,H,0.1977,0.0027,0.0008,0.0002,0.0026,0.2081,0.5002,0.3037,0.0418,0.0973,0.0008,0.0572,0.0002,1.1591,1.4227,9353.708
179,H,Z,0.1386,0.0019,0.0006,0.0002,0.0013,0.0989,0.0350,0.0978,0.0479,0.0537,0.0006,0.0419,0.0002,0.3382,0.5246,9404.263
180,Z,H,0.2569,0.0034,0.0008,0.0003,0.0032,0.2020,0.4749,0.3029,0.0524,0.1201,0.0009,0.0493,0.0002,1.1614,1.4780,9455.801
181,H,Z,0.2297,0.0049,0.0009,0.0004,0.0028,0.2072,0.0546,0.2154,0.1071,0.0729,0.0015,0.0605,0.0003,0.6643,0.9674,9506.822
182,Z,H,0.2201,0.0029,0.0013,0.0002,0.0028,0.1557,0.3710,0.2625,0.0520,0.1348,0.0058,0.0597,0.0002,0.9876,1.2824,9558.148
183,H,Z,0.2096,0.0049,0.0010,0.0004,0.0028,0.1520,0.0541,0.1869,0.1341,0.0700,0.0026,0.0722,0.0002,0.6051,0.9008,9609.100
184,Z,H,0.2007,0.0025,0.0006,0.0002,0.0019,0.1455,0.3580,0.2373,0.0352,0.0785,0.0246,0.0620,0.0004,0.8619,1.1571,9660.286
185,H,Z,0.1740,0.0025,0.0007,0.0003,0.0016,0.1178,0.0382,0.0958,0.0443,0.0675,0.0024,0.0581,0.0002,0.3694,0.6106,9710.940
186,Z,H,0.1951,0.0026,0.0007,0.0002,0.0024,0.1449,0.3593,0.2379,0.0374,0.0837,0.0086,0.0452,0.0002,0.8711,1.1272,9762.113
187,H,Z,0.1616,0.0028,0.0007,0.0002,0.0016,0.1085,0.0445,0.0997,0.0498,0.0553,0.0146,0.0512,0.0002,0.3629,0.5973,9812.761
188,Z,H,0.3035,0.0046,0.0011,0.0004,0.0045,0.2344,0.7445,0.2570,0.0389,0.0954,0.0008,0.0293,0.0002,1.3801,1.7266,9864.528
189,H,Z,0.2144,0.0048,0.0012,0.0005,0.0027,0.1767,0.0543,0.1940,0.1112,0.0569,0.0010,0.0377,0.0003,0.6004,0.8648,9915.426
190,Z,H,0.1997,0.0022,0.0008,0.0001,0.0022,0.1646,0.3872,0.2428,0.0374,0.0960,0.0349,0.0497,0.0002,0.9350,1.2261,9966.693
191,H,Z,0.1471,0.0029,0.0008,0.0002,0.0015,0.0982,0.0394,0.0989,0.0418,0.0617,0.0015,0.0640,0.0003,0.3451,0.5650,10017.313
192,Z,H,0.1997,0.0021,0.0009,0.0002,0.0027,0.1543,0.3832,0.2494,0.0382,0.1053,0.0010,0.0590,0.0002,0.9373,1.2042,10068.551
193,H,Z,0.1347,0.0019,0.0006,0.0002,0.0013,0.0956,0.0425,0.1004,0.0451,0.0484,0.0065,0.0495,0.0002,0.3365,0.5325,10119.121
194,Z,H,0.2957,0.0047,0.0011,0.0005,0.0033,0.2326,0.4946,0.2678,0.0388,0.1179,0.0009,0.0425,0.0003,1.1620,1.5127,10170.671
195,H,Z,0.1706,0.0033,0.0012,0.0003,0.0019,0.0973,0.0425,0.1078,0.0484,0.0463,0.0253,0.0551,0.0003,0.3487,0.6081,10221.310
196,Z,H,0.1940,0.0022,0.0010,0.0002,0.0022,0.1558,0.4193,0.2449,0.0372,0.1113,0.0014,0.0545,0.0002,0.9784,1.2353,10272.612
197,H,Z,0.2231,0.0046,0.0010,0.0002,0.0022,0.1527,0.0491,0.1892,0.1026,0.0543,0.0327,0.0591,0.0003,0.5556,0.8806,10323.537
198,Z,H,0.1899,0.0023,0.0010,0.0001,0.0021,0.1591,0.3712,0.2546,0.0359,0.1193,0.0007,0.0510,0.0003,0.9472,1.1960,10374.768
199,H,Z,0.1481,0.0031,0.0009,0.0005,0.0015,0.0935,0.0396,0.1085,0.0474,0.0586,0.0172,0.0622,0.0002,0.3529,0.5880,10425.400
200,Z,H,0.2078,0.0028,0.0009,0.0003,0.0024,0.1579,0.3942,0.2649,0.0384,0.1204,0.0034,0.0552,0.0002,0.9841,1.2582,10476.703
201,H,Z,0.1381,0.0022,0.0006,0.0002,0.0015,0.0939,0.0356,0.0952,0.0477,0.0647,0.0277,0.0505,0.0002,0.3415,0.5635,10527.368
202,Z,H,0.2068,0.0029,0.0006,0.0003,0.0022,0.1489,0.3837,0.2551,0.0371,0.0936,0.0007,0.0490,0.0001,0.9253,1.1895,10578.594
203,H,Z,0.1357,0.0029,0.0009,0.0001,0.0016,0.0982,0.0377,0.0960,0.0486,0.0501,0.0265,0.0508,0.0002,0.3357,0.5559,10629.186
204,Z,H,0.1917,0.0022,0.0006,0.0002,0.0018,0.1556,0.3925,0.2404,0.0354,0.1498,0.0012,0.0532,0.0002,0.9829,1.2353,10680.460
205,H,Z,0.2095,0.0042,0.0010,0.0002,0.0025,0.1618,0.0486,0.1909,0.1034,0.0530,0.0153,0.0494,0.0002,0.5646,0.8486,10731.340
206,Z,H,0.2093,0.0025,0.0009,0.0001,0.0025,0.1572,0.3885,0.2535,0.0364,0.0878,0.0047,0.0359,0.0001,0.9297,1.1869,10782.561
207,H,Z,0.2052,0.0048,0.0012,0.0004,0.0026,0.1630,0.0539,0.1881,0.1014,0.0646,0.0008,0.0599,0.0002,0.5762,0.8536,10833.460
208,Z,H,0.2751,0.0036,0.0014,0.0004,0.0027,0.2156,0.5157,0.3316,0.0598,0.1033,0.0005,0.0592,0.0002,1.2342,1.5793,10885.074
209,H,Z,0.1459,0.0031,0.0008,0.0002,0.0017,0.0929,0.0391,0.1012,0.0449,0.0575,0.0004,0.0408,0.0001,0.3396,0.5343,10935.648
210,Z,H,0.2043,0.0027,0.0008,0.0002,0.0026,0.1590,0.4649,0.2470,0.0462,0.1104,0.0008,0.0511,0.0002,1.0357,1.2998,10986.975
211,H,Z,0.1945,0.0038,0.0010,0.0003,0.0021,0.1438,0.0501,0.1823,0.1037,0.0543,0.0009,0.0544,0.0003,0.5398,0.7990,11037.811
212,Z,H,0.2676,0.0026,0.0011,0.0003,0.0025,0.2268,0.4524,0.2886,0.0386,0.1024,0.0009,0.0563,0.0002,1.1168,1.4501,11089.297
213,H,Z,0.1351,0.0021,0.0006,0.0003,0.0016,0.0985,0.0393,0.1024,0.0427,0.0455,0.0174,0.0645,0.0002,0.3333,0.5562,11139.890
214,Z,H,0.2085,0.0020,0.0007,0.0002,0.0024,0.1445,0.3590,0.2619,0.0395,0.1401,0.0007,0.0457,0.0002,0.9554,1.2168,11191.144
215,H,Z,0.1970,0.0034,0.0007,0.0003,0.0021,0.1447,0.0463,0.1812,0.1461,0.0545,0.0007,0.0422,0.0001,0.5795,0.8275,11241.997
216,Z,H,0.1892,0.0020,0.0007,0.0003,0.0019,0.1597,0.3713,0.2446,0.0342,0.1017,0.0014,0.0539,0.0002,0.9205,1.1729,11293.217
217,H,Z,0.1396,0.0023,0.0007,0.0001,0.0013,0.0976,0.0411,0.1034,0.0503,0.0563,0.0009,0.0507,0.0001,0.3537,0.5509,11343.836
218,Z,H,0.2035,0.0027,0.0006,0.0002,0.0026,0.1723,0.4119,0.2388,0.0376,0.0869,0.0008,0.0438,0.0002,0.9555,1.2112,11395.089
219,H,Z,0.1450,0.0032,0.0010,0.0002,0.0019,0.0940,0.0435,0.1156,0.0556,0.0497,0.0207,0.0564,0.0002,0.3644,0.5945,11445.725
220,Z,H,0.2077,0.0027,0.0007,0.0002,0.0021,0.1531,0.4141,0.2291,0.0360,0.1122,0.0178,0.0557,0.0003,0.9522,1.2406,11497.004
221,H,Z,0.1491,0.0024,0.0006,0.0002,0.0015,0.0911,0.0328,0.0942,0.0425,0.0616,0.0022,0.0623,0.0002,0.3277,0.5476,11547.650
222,Z,H,0.2563,0.0036,0.0013,0.0003,0.0031,0.2284,0.4771,0.2761,0.0382,0.1026,0.0010,0.0418,0.0003,1.1310,1.4402,11599.129
223,H,Z,0.1281,0.0016,0.0007,0.0001,0.0012,0.0942,0.0387,0.0939,0.0420,0.0436,0.0013,0.0557,0.0002,0.3195,0.5101,11649.677
224,Z,H,0.2236,0.0025,0.0007,0.0002,0.0023,0.1477,0.3642,0.2327,0.0360,0.1198,0.0007,0.0508,0.0003,0.9075,1.1899,11700.904
225,H,Z,0.1394,0.0025,0.0007,0.0002,0.0017,0.0965,0.0360,0.0996,0.0441,0.0515,0.0015,0.0641,0.0003,0.3330,0.5448,11751.487
226,Z,H,0.1944,0.0027,0.0007,0.0001,0.0027,0.1577,0.4306,0.3479,0.0553,0.1447,0.0012,0.0612,0.0003,1.1451,1.4100,11802.933
227,H,Z,0.1428,0.0028,0.0011,0.0005,0.0024,0.1305,0.0487,0.1178,0.0575,0.0455,0.0008,0.0451,0.0002,0.4049,0.6021,11853.562
228,Z,H,0.2140,0.0032,0.0010,0.0004,0.0032,0.1591,0.3801,0.3543,0.0404,0.1149,0.0010,0.0683,0.0004,1.0620,1.3555,11904.957
229,H,Z,0.2210,0.0049,0.0011,0.0005,0.0033,0.1602,0.0573,0.2069,0.1042,0.0632,0.0059,0.0526,0.0002,0.5986,0.8901,11955.888
230,Z,H,0.2167,0.0030,0.0009,0.0003,0.0029,0.1622,0.3885,0.2869,0.0377,0.1049,0.0014,0.0630,0.0002,0.9898,1.2798,12007.219
231,H,Z,0.1451,0.0033,0.0012,0.0006,0.0026,0.1256,0.0400,0.1175,0.0579,0.0550,0.0191,0.0765,0.0002,0.4011,0.6515,12057.906
232,Z,H,0.2133,0.0030,0.0011,0.0004,0.0028,0.1501,0.3758,0.2764,0.0378,0.1019,0.0055,0.0533,0.0002,0.9495,1.2304,12109.165
233,H,Z,0.2161,0.0049,0.0008,0.0005,0.0026,0.1502,0.0533,0.2003,0.1817,0.0556,0.0048,0.0404,0.0002,0.6505,0.9228,12160.133
234,Z,H,0.2233,0.0032,0.0013,0.0003,0.0028,0.1566,0.3789,0.2557,0.0391,0.0989,0.0010,0.0540,0.0003,0.9370,1.2253,12211.400
235,H,Z,0.1751,0.0027,0.0008,0.0003,0.0019,0.1037,0.0368,0.0934,0.0558,0.0776,0.0051,0.0593,0.0002,0.3727,0.6198,12262.056
236,Z,H,0.2075,0.0030,0.0008,0.0004,0.0026,0.1529,0.4278,0.2498,0.0415,0.1153,0.0006,0.0521,0.0002,0.9940,1.2628,12313.352
237,H,Z,0.1417,0.0021,0.0006,0.0001,0.0014,0.1017,0.0392,0.3542,0.0417,0.0499,0.0009,0.0349,0.0002,0.5912,0.7746,12364.156
238,Z,H,0.2037,0.0027,0.0010,0.0003,0.0024,0.1575,0.3736,0.2474,0.0382,0.1084,0.0009,0.0434,0.0002,0.9324,1.1884,12415.378
239,H,Z,0.1340,0.0020,0.0006,0.0001,0.0014,0.0953,0.0385,0.0922,0.0432,0.0670,0.0008,0.0463,0.0002,0.3410,0.5276,12465.943
240,Z,H,0.2000,0.0020,0.0007,0.0002,0.0022,0.1438,0.3582,0.2412,0.0354,0.0891,0.0012,0.0564,0.0003,0.8767,1.1409,12517.128
241,H,Z,0.2019,0.0040,0.0010,0.0004,0.0024,0.1451,0.0505,0.1902,0.1172,0.0749,0.0208,0.0597,0.0004,0.5856,0.8779,12568.059
242,Z,H,0.2062,0.0028,0.0008,0.0004,0.0028,0.1551,0.3861,0.2540,0.0386,0.1079,0.0010,0.0676,0.0003,0.9501,1.2340,12619.338
243,H,Z,0.1340,0.0022,0.0007,0.0001,0.0011,0.0960,0.0392,0.0981,0.0424,0.0730,0.0077,0.0326,0.0002,0.3528,0.5325,12669.914
244,Z,H,0.2005,0.0025,0.0009,0.0002,0.0025,0.1569,0.3817,0.2531,0.0375,0.1136,0.0008,0.0509,0.0002,0.9499,1.2094,12721.153
245,H,Z,0.1345,0.0022,0.0006,0.0002,0.0014,0.0950,0.0374,0.1039,0.0486,0.0509,0.0008,0.0445,0.0002,0.3410,0.5264,12771.716
246,Z,H,0.2012,0.0028,0.0007,0.0001,0.0022,0.1657,0.3646,0.2460,0.0336,0.1168,0.0015,0.0518,0.0002,0.9355,1.1976,12822.957
247,H,Z,0.1382,0.0026,0.0009,0.0002,0.0015,0.0915,0.0377,0.0957,0.0425,0.0514,0.0251,0.0493,0.0002,0.3238,0.5433,12873.535
248,Z,H,0.2047,0.0028,0.0009,0.0003,0.0025,0.1681,0.4215,0.2433,0.0356,0.1197,0.0005,0.0393,0.0001,0.9961,1.2483,12924.813
249,H,Z,0.1500,0.0027,0.0008,0.0001,0.0017,0.0948,0.0412,0.1049,0.0448,0.0651,0.0168,0.0553,0.0002,0.3549,0.5839,12975.436
250,Z,H,0.2523,0.0027,0.0008,0.0002,0.0027,0.1731,0.3965,0.2416,0.0359,0.1087,0.0011,0.0552,0.0002,0.9639,1.2805,13026.752
251,H,Z,0.1503,0.0026,0.0007,0.0003,0.0016,0.0934,0.0372,0.1001,0.0462,0.0803,0.0014,0.0639,0.0003,0.3649,0.5874,13077.391
252,Z,H,0.2000,0.0027,0.0010,0.0002,0.0025,0.1608,0.3799,0.2404,0.0365,0.1017,0.0044,0.0599,0.0003,0.9266,1.1990,13128.632
253,H,Z,0.1377,0.0027,0.0009,0.0003,0.0017,0.1009,0.0393,0.1010,0.0452,0.0617,0.0016,0.0750,0.0003,0.3541,0.5760,13179.246
254,Z,H,0.2002,0.0027,0.0010,0.0003,0.0025,0.1589,0.3740,0.2432,0.0363,0.1109,0.0010,0.0553,0.0002,0.9339,1.1986,13230.479
255,H,Z,0.1507,0.0027,0.0006,0.0004,0.0014,0.0967,0.0434,0.1219,0.0493,0.0621,0.0166,0.0446,0.0002,0.3788,0.5971,13281.107
256,Z,H,0.2648,0.0034,0.0010,0.0003,0.0031,0.1632,0.4335,0.2700,0.0409,0.1063,0.0040,0.0629,0.0002,1.0223,1.3635,13332.505
257,H,Z,0.1372,0.0029,0.0009,0.0003,0.0016,0.0932,0.0378,0.1172,0.0450,0.0522,0.0010,0.0484,0.0003,0.3513,0.5452,13383.100
258,Z,H,0.2967,0.0047,0.0009,0.0005,0.0041,0.2358,0.7288,0.6403,0.0995,0.1387,0.0009,0.0523,0.0002,1.8542,2.2165,13435.350
259,H,Z,0.1552,0.0029,0.0009,0.0004,0.0020,0.1010,0.0447,0.1144,0.0459,0.0466,0.0009,0.0443,0.0002,0.3627,0.5713,13485.956
260,Z,H,0.2948,0.0048,0.0012,0.0004,0.0052,0.2339,0.7537,0.5349,0.1121,0.1197,0.0011,0.0527,0.0002,1.7666,2.1295,13538.124
261,H,Z,0.1487,0.0031,0.0008,0.0003,0.0019,0.1016,0.0392,0.1018,0.0465,0.0686,0.0056,0.0678,0.0003,0.3633,0.5932,13588.783
262,Z,H,0.2450,0.0026,0.0007,0.0003,0.0023,0.2041,0.3820,0.2676,0.0365,0.1052,0.0007,0.0352,0.0002,1.0020,1.2902,13640.106
263,H,Z,0.1529,0.0033,0.0010,0.0004,0.0018,0.0977,0.0413,0.1064,0.0530,0.0534,0.0038,0.0599,0.0002,0.3568,0.5813,13690.713
264,Z,H,0.3183,0.0051,0.0013,0.0005,0.0047,0.2357,0.7306,0.2729,0.0380,0.1028,0.0006,0.0455,0.0003,1.3898,1.7679,13742.523
265,H,Z,0.1892,0.0033,0.0012,0.0005,0.0022,0.1192,0.0404,0.2222,0.1388,0.0552,0.0200,0.0638,0.0002,0.5832,0.8659,13793.422
266,Z,H,0.2124,0.0034,0.0010,0.0004,0.0025,0.1683,0.3916,0.2662,0.0369,0.1071,0.0190,0.0636,0.0002,0.9792,1.2834,13844.749
267,H,Z,0.1552,0.0031,0.0009,0.0002,0.0016,0.0936,0.0395,0.1049,0.0487,0.0596,0.0187,0.0569,0.0002,0.3523,0.5905,13895.443
268,Z,H,0.2201,0.0027,0.0009,0.0003,0.0022,0.1515,0.4419,0.2361,0.0384,0.1090,0.0047,0.0383,0.0002,0.9842,1.2551,13946.732
269,H,Z,0.1790,0.0034,0.0009,0.0005,0.0020,0.1184,0.0447,0.1317,0.0613,0.0448,0.0073,0.0469,0.0002,0.4060,0.6476,13997.421
270,Z,H,0.2077,0.0031,0.0008,0.0004,0.0029,0.1671,0.4065,0.2504,0.0378,0.0942,0.0018,0.0390,0.0002,0.9665,1.2240,14048.681
271,H,Z,0.1490,0.0029,0.0007,0.0003,0.0016,0.0971,0.0363,0.0988,0.0461,0.0587,0.0009,0.0503,0.0002,0.3425,0.5497,14099.275
272,Z,H,0.2138,0.0027,0.0011,0.0003,0.0025,0.1502,0.4018,0.2642,0.0372,0.1243,0.0265,0.0562,0.0003,0.9864,1.2919,14150.603
273,H,Z,0.1690,0.0029,0.0009,0.0003,0.0017,0.1083,0.0396,0.1088,0.0468,0.0493,0.0171,0.0399,0.0002,0.3584,0.5917,14201.224
274,Z,H,0.2811,0.0035,0.0011,0.0004,0.0029,0.2092,0.5224,0.3263,0.0475,0.1204,0.0035,0.0664,0.0005,1.2353,1.5965,14252.858
275,H,Z,0.1516,0.0031,0.0007,0.0003,0.0017,0.0943,0.0399,0.1030,0.0454,0.0522,0.0009,0.0562,0.0002,0.3412,0.5574,14303.512
276,Z,H,0.1994,0.0028,0.0008,0.0003,0.0022,0.1735,0.4402,0.2571,0.0374,0.1024,0.0046,0.0361,0.0002,1.0180,1.2659,14354.810
277,H,Z,0.1809,0.0030,0.0008,0.0003,0.0017,0.1258,0.0443,0.1123,0.0530,0.0797,0.0006,0.0336,0.0002,0.4202,0.6427,14405.485
278,Z,H,0.1981,0.0027,0.0007,0.0003,0.0020,0.1677,0.3693,0.2454,0.0486,0.0989,0.0059,0.0509,0.0002,0.9398,1.2020,14456.725
279,H,Z,0.1708,0.0034,0.0013,0.0003,0.0024,0.0966,0.0416,0.1104,0.0518,0.0622,0.0078,0.0549,0.0003,0.3694,0.6127,14507.388
280,Z,H,0.2137,0.0031,0.0012,0.0003,0.0024,0.1474,0.3984,0.2517,0.0392,0.1296,0.0164,0.0579,0.0001,0.9730,1.2695,14558.689
281,H,Z,0.1492,0.0031,0.0008,0.0005,0.0015,0.0999,0.0438,0.0980,0.0453,0.0445,0.0232,0.0463,0.0002,0.3366,0.5629,14609.287
282,Z,H,0.1890,0.0020,0.0006,0.0003,0.0018,0.1523,0.3681,0.2433,0.0354,0.1286,0.0005,0.0372,0.0001,0.9352,1.1677,14660.487
283,H,Z,0.1476,0.0029,0.0008,0.0002,0.0017,0.0973,0.0394,0.1182,0.0437,0.0621,0.0146,0.0573,0.0002,0.3689,0.5958,14711.116
284,Z,H,0.2046,0.0025,0.0008,0.0002,0.0027,0.1577,0.4058,0.2511,0.0353,0.0967,0.0015,0.0489,0.0002,0.9530,1.2156,14762.374
285,H,Z,0.1958,0.0035,0.0007,0.0003,0.0022,0.1434,0.0434,0.1922,0.1066,0.0430,0.0008,0.0331,0.0002,0.5344,0.7728,14813.173
286,Z,H,0.2095,0.0029,0.0010,0.0002,0.0023,0.1601,0.4212,0.2545,0.0499,0.0997,0.0009,0.0622,0.0003,0.9928,1.2735,14864.497
287,H,Z,0.1452,0.0027,0.0007,0.0004,0.0013,0.0961,0.0386,0.1212,0.0502,0.0468,0.0009,0.0519,0.0003,0.3582,0.5631,14915.091
288,Z,H,0.2007,0.0027,0.0009,0.0002,0.0022,0.1473,0.4116,0.2384,0.0354,0.0915,0.0019,0.0510,0.0002,0.9322,1.1935,14966.325
289,H,Z,0.2124,0.0046,0.0013,0.0004,0.0030,0.1509,0.0515,0.2051,0.0995,0.0573,0.0008,0.0468,0.0002,0.5713,0.8423,15017.234
290,Z,H,0.2220,0.0023,0.0012,0.0002,0.0028,0.1638,0.3731,0.2565,0.0446,0.0820,0.0051,0.0530,0.0003,0.9281,1.2164,15068.487
291,H,Z,0.1317,0.0022,0.0011,0.0003,0.0017,0.1000,0.0349,0.0953,0.0494,0.0373,0.0164,0.0447,0.0002,0.3211,0.5209,15119.038
292,Z,H,0.2087,0.0029,0.0006,0.0005,0.0025,0.1486,0.3907,0.2462,0.0345,0.0930,0.0014,0.0663,0.0002,0.9226,1.2071,15170.287
293,H,Z,0.1454,0.0029,0.0009,0.0003,0.0017,0.0965,0.0394,0.1003,0.0440,0.0577,0.0050,0.0546,0.0002,0.3428,0.5551,15220.872
294,Z,H,0.3105,0.0044,0.0012,0.0005,0.0046,0.2485,0.7562,0.5544,0.1102,0.1148,0.0007,0.0546,0.0002,1.7937,2.1724,15273.079
295,H,Z,0.1455,0.0030,0.0009,0.0003,0.0015,0.0992,0.0416,0.0997,0.0422,0.0564,0.0226,0.0482,0.0001,0.3437,0.5668,15323.675
296,Z,H,0.2085,0.0079,0.0006,0.0002,0.0023,0.1565,0.3686,0.2586,0.0368,0.0948,0.0050,0.0601,0.0001,0.9233,1.2095,15374.918
297,H,Z,0.2131,0.0043,0.0008,0.0005,0.0029,0.1511,0.0525,0.1919,0.1013,0.0631,0.0040,0.0569,0.0003,0.5676,0.8525,15425.809
298,Z,H,0.2057,0.0028,0.0009,0.0005,0.0023,0.1505,0.3748,0.2461,0.0442,0.0913,0.0008,0.0373,0.0002,0.9149,1.1668,15477.014
299,H,Z,0.1328,0.0021,0.0007,0.0002,0.0011,0.0891,0.0330,0.0902,0.0419,0.0546,0.0015,0.0572,0.0002,0.3150,0.5122,15527.594
300,Z,H,0.3438,0.0036,0.0009,0.0002,0.0025,0.1817,0.3995,0.2570,0.0457,0.1232,0.0015,0.0627,0.0002,1.0159,1.4333,15579.086
301,H,Z,0.1418,0.0028,0.0010,0.0003,0.0015,0.0938,0.0385,0.0984,0.0467,0.0743,0.0020,0.0658,0.0004,0.3578,0.5750,15629.705
302,Z,H,0.2071,0.0024,0.0010,0.0002,0.0020,0.1475,0.3802,0.2484,0.0366,0.0991,0.0060,0.0673,0.0003,0.9202,1.2083,15680.953
303,H,Z,0.2055,0.0040,0.0010,0.0004,0.0027,0.1505,0.0509,0.1932,0.1104,0.0543,0.0008,0.0714,0.0002,0.5650,0.8529,15731.866
304,Z,H,0.2090,0.0025,0.0009,0.0002,0.0025,0.1498,0.4402,0.2447,0.0353,0.0957,0.0006,0.0492,0.0003,0.9738,1.2402,15783.140
305,H,Z,0.1848,0.0035,0.0011,0.0005,0.0022,0.1042,0.0398,0.0978,0.0472,0.0625,0.0202,0.0375,0.0002,0.3567,0.6084,15833.779
306,Z,H,0.1960,0.0025,0.0007,0.0002,0.0027,0.1733,0.3916,0.2431,0.0432,0.0996,0.0013,0.0552,0.0003,0.9607,1.2208,15885.051
307,H,Z,0.1390,0.0021,0.0007,0.0003,0.0019,0.0911,0.0322,0.0925,0.0481,0.0505,0.0191,0.0500,0.0001,0.3200,0.5343,15935.615
308,Z,H,0.2119,0.0033,0.0010,0.0002,0.0032,0.1554,0.3877,0.2616,0.0382,0.0975,0.0008,0.0595,0.0002,0.9479,1.2294,15986.880
309,H,Z,0.1981,0.0036,0.0008,0.0003,0.0022,0.1397,0.0460,0.1741,0.1046,0.0648,0.0008,0.0575,0.0001,0.5345,0.7996,16037.714
310,Z,H,0.1981,0.0022,0.0009,0.0001,0.0022,0.1614,0.3780,0.2363,0.0345,0.0857,0.0063,0.0434,0.0001,0.9030,1.1574,16088.906
311,H,Z,0.1368,0.0022,0.0007,0.0003,0.0012,0.0890,0.0364,0.0959,0.0430,0.0657,0.0054,0.0420,0.0002,0.3355,0.5255,16139.457
312,Z,H,0.2030,0.0025,0.0006,0.0004,0.0023,0.1485,0.3729,0.2411,0.0361,0.1082,0.0007,0.0457,0.0002,0.9156,1.1721,16190.660
313,H,Z,0.2144,0.0035,0.0009,0.0004,0.0022,0.1437,0.0493,0.1772,0.0955,0.0565,0.0011,0.0501,0.0002,0.5282,0.8030,16241.502
314,Z,H,0.2083,0.0025,0.0009,0.0002,0.0026,0.1503,0.3626,0.2298,0.0346,0.0795,0.0079,0.0418,0.0001,0.8639,1.1298,16292.663
315,H,Z,0.2190,0.0040,0.0010,0.0004,0.0024,0.1442,0.0485,0.1847,0.1024,0.0478,0.0206,0.0497,0.0003,0.5341,0.8334,16343.542
316,Z,H,0.2021,0.0030,0.0010,0.0004,0.0025,0.1754,0.3684,0.2431,0.0360,0.0964,0.0005,0.0510,0.0001,0.9266,1.1887,16394.762
317,H,Z,0.2195,0.0045,0.0011,0.0005,0.0030,0.1520,0.0516,0.1956,0.1020,0.0705,0.0009,0.0442,0.0002,0.5787,0.8546,16445.647
318,Z,H,0.2051,0.0024,0.0010,0.0002,0.0027,0.1641,0.3629,0.2471,0.0361,0.1082,0.0008,0.0551,0.0003,0.9260,1.1951,16496.882
319,H,Z,0.1354,0.0022,0.0007,0.0002,0.0011,0.1011,0.0352,0.0968,0.0435,0.0470,0.0007,0.0386,0.0001,0.3279,0.5081,16547.434
320,Z,H,0.2002,0.0030,0.0009,0.0002,0.0023,0.1561,0.3730,0.2541,0.0368,0.1033,0.0010,0.0478,0.0002,0.9307,1.1877,16598.652
321,H,Z,0.1341,0.0023,0.0008,0.0002,0.0016,0.0962,0.0355,0.0953,0.0419,0.0744,0.0014,0.0572,0.0002,0.3506,0.5499,16649.248
322,Z,H,0.1917,0.0022,0.0007,0.0002,0.0021,0.1470,0.3677,0.2294,0.0344,0.1035,0.0045,0.0496,0.0001,0.8886,1.1408,16700.472
323,H,Z,0.1437,0.0025,0.0007,0.0002,0.0017,0.0950,0.0392,0.1180,0.0452,0.0581,0.0016,0.0634,0.0003,0.3627,0.5785,16751.087
324,Z,H,0.2115,0.0030,0.0009,0.0003,0.0022,0.1587,0.4185,0.2429,0.0358,0.0927,0.0006,0.0552,0.0001,0.9556,1.2309,16802.350
325,H,Z,0.1803,0.0033,0.0010,0.0005,0.0018,0.1043,0.0400,0.1062,0.0697,0.0872,0.0017,0.0750,0.0003,0.4129,0.6784,16853.085
326,Z,H,0.2029,0.0027,0.0006,0.0002,0.0022,0.1650,0.3765,0.2458,0.0366,0.1189,0.0009,0.0414,0.0002,0.9507,1.2032,16904.325
327,H,Z,0.1414,0.0028,0.0008,0.0002,0.0017,0.0939,0.0384,0.0988,0.0472,0.0594,0.0069,0.0571,0.0002,0.3431,0.5556,16954.911
328,Z,H,0.1938,0.0025,0.0006,0.0002,0.0023,0.1504,0.4073,0.2481,0.0420,0.1112,0.0008,0.0417,0.0002,0.9668,1.2102,17006.157
329,H,Z,0.1333,0.0021,0.0007,0.0002,0.0015,0.0946,0.0374,0.1022,0.0542,0.0619,0.0009,0.0478,0.0003,0.3558,0.5439,17056.732
330,Z,H,0.2115,0.0029,0.0008,0.0004,0.0029,0.1619,0.3949,0.2629,0.0387,0.1194,0.0078,0.0668,0.0002,0.9858,1.2809,17108.059
331,H,Z,0.2138,0.0047,0.0012,0.0003,0.0031,0.1496,0.0525,0.1935,0.1006,0.0607,0.0010,0.0493,0.0003,0.5645,0.8399,17158.935
332,Z,H,0.2551,0.0021,0.0010,0.0002,0.0027,0.2001,0.5511,0.3067,0.0512,0.0932,0.0007,0.0434,0.0001,1.2110,1.5179,17210.485
333,H,Z,0.1344,0.0020,0.0007,0.0001,0.0013,0.0955,0.0383,0.1033,0.0454,0.0491,0.0148,0.0314,0.0001,0.3366,0.5226,17261.074
334,Z,H,0.1971,0.0025,0.0007,0.0002,0.0026,0.1488,0.4205,0.2305,0.0355,0.1101,0.0013,0.0582,0.0002,0.9546,1.2189,17312.334
335,H,Z,0.2032,0.0040,0.0011,0.0005,0.0028,0.1503,0.0493,0.2070,0.1118,0.0597,0.0008,0.0539,0.0002,0.5839,0.8521,17363.222
336,Z,H,0.2057,0.0031,0.0008,0.0003,0.0025,0.1618,0.4675,0.3378,0.0536,0.1030,0.0009,0.0509,0.0002,1.1340,1.3998,17414.653
337,H,Z,0.1232,0.0019,0.0007,0.0002,0.0014,0.0924,0.0324,0.0882,0.0408,0.0481,0.0008,0.0448,0.0001,0.3057,0.4798,17465.169
338,Z,H,0.1905,0.0019,0.0010,0.0002,0.0020,0.1510,0.3714,0.2404,0.0352,0.1001,0.0052,0.0386,0.0002,0.9067,1.1477,17516.365
339,H,Z,0.1427,0.0026,0.0006,0.0002,0.0016,0.0954,0.0413,0.1138,0.0481,0.0583,0.0181,0.0627,0.0002,0.3633,0.5940,17566.998
340,Z,H,0.1980,0.0026,0.0008,0.0002,0.0022,0.1613,0.4229,0.2439,0.0372,0.1357,0.0008,0.0513,0.0001,1.0073,1.2646,17618.295
341,H,Z,0.1713,0.0023,0.0006,0.0002,0.0016,0.1126,0.0367,0.1044,0.0472,0.0532,0.0007,0.0420,0.0002,0.3593,0.5796,17668.907
342,Z,H,0.1998,0.0028,0.0008,0.0001,0.0027,0.1598,0.3810,0.2739,0.0371,0.0968,0.0007,0.0549,0.0002,0.9557,1.2190,17720.161
343,H,Z,0.1347,0.0020,0.0009,0.0001,0.0016,0.0970,0.0374,0.1084,0.0477,0.0596,0.0009,0.0527,0.0002,0.3558,0.5501,17770.753
344,Z,H,0.2110,0.0021,0.0008,0.0002,0.0027,0.1437,0.3724,0.2487,0.0387,0.1128,0.0214,0.0489,0.0002,0.9232,1.2118,17822.011
345,H,Z,0.1754,0.0024,0.0006,0.0002,0.0019,0.1270,0.0403,0.0922,0.0498,0.0575,0.0012,0.0551,0.0002,0.3724,0.6110,17872.658
346,Z,H,0.2082,0.0026,0.0010,0.0002,0.0031,0.1635,0.4162,0.2382,0.0362,0.0769,0.0004,0.0618,0.0001,0.9382,1.2171,17923.906
347,H,Z,0.1762,0.0027,0.0008,0.0003,0.0018,0.1029,0.0362,0.0964,0.0480,0.0443,0.0101,0.0461,0.0002,0.3334,0.5731,17974.518
348,Z,H,0.2021,0.0023,0.0009,0.0002,0.0023,0.1647,0.3751,0.2437,0.0346,0.1083,0.0008,0.0429,0.0003,0.9331,1.1862,18025.742
349,H,Z,0.1484,0.0025,0.0010,0.0003,0.0016,0.0999,0.0386,0.1033,0.0466,0.0589,0.0008,0.0564,0.0002,0.3525,0.5652,18076.342
350,Z,H,0.2196,0.0021,0.0008,0.0002,0.0024,0.1624,0.3809,0.2679,0.0362,0.0844,0.0050,0.0347,0.0002,0.9394,1.2054,18127.608
351,H,Z,0.1334,0.0021,0.0010,0.0001,0.0015,0.1040,0.0391,0.0913,0.0441,0.0579,0.0060,0.0391,0.0002,0.3411,0.5277,18178.167
352,Z,H,0.3039,0.0042,0.0009,0.0005,0.0040,0.2368,0.5561,0.2681,0.0380,0.1097,0.0009,0.0498,0.0002,1.2189,1.5852,18229.793
353,H,Z,0.1610,0.0038,0.0010,0.0006,0.0020,0.1044,0.0420,0.1098,0.0456,0.0493,0.0144,0.0589,0.0003,0.3565,0.5999,18280.428
354,Z,H,0.3078,0.0046,0.0011,0.0007,0.0044,0.2485,0.7976,0.5622,0.0904,0.1474,0.0010,0.0706,0.0003,1.8565,2.2492,18332.724
355,H,Z,0.1521,0.0035,0.0009,0.0002,0.0019,0.0988,0.0418,0.1150,0.0456,0.0524,0.0047,0.0516,0.0003,0.3601,0.5772,18383.378
356,Z,H,0.2901,0.0041,0.0008,0.0004,0.0042,0.2388,0.7207,0.5403,0.0868,0.1103,0.0187,0.0548,0.0004,1.7070,2.0826,18435.503
357,H,Z,0.1993,0.0038,0.0012,0.0004,0.0022,0.1069,0.0503,0.1085,0.0473,0.0640,0.0035,0.0500,0.0002,0.3828,0.6451,18486.181
358,Z,H,0.2042,0.0027,0.0008,0.0002,0.0026,0.1573,0.3934,0.2697,0.0363,0.1279,0.0009,0.0445,0.0002,0.9971,1.2547,18537.470
359,H,Z,0.1502,0.0035,0.0007,0.0004,0.0019,0.0940,0.0389,0.1162,0.0450,0.0711,0.0035,0.0746,0.0004,0.3719,0.6087,18588.119
360,Z,H,0.1996,0.0030,0.0008,0.0003,0.0026,0.1485,0.4425,0.2520,0.0385,0.1387,0.0013,0.0598,0.0002,1.0299,1.2991,18639.466
361,H,Z,0.1814,0.0028,0.0007,0.0004,0.0019,0.0941,0.0382,0.1268,0.0541,0.0618,0.0236,0.0584,0.0002,0.3817,0.6531,18690.168
362,Z,H,0.1982,0.0026,0.0008,0.0002,0.0023,0.1470,0.4196,0.2405,0.0387,0.1332,0.0147,0.0450,0.0003,0.9880,1.2533,18741.455
363,H,Z,0.1544,0.0030,0.0011,0.0005,0.0020,0.0964,0.0409,0.1268,0.0447,0.0405,0.0216,0.0538,0.0002,0.3538,0.5921,18792.086
364,Z,H,0.2943,0.0043,0.0010,0.0003,0.0043,0.2312,0.8647,0.5346,0.0862,0.1121,0.0214,0.0540,0.0003,1.8379,2.2199,18844.342
365,H,Z,0.1371,0.0025,0.0008,0.0001,0.0014,0.0925,0.0338,0.0924,0.0449,0.0551,0.0013,0.0623,0.0002,0.3244,0.5318,18894.909
366,Z,H,0.2269,0.0022,0.0006,0.0002,0.0023,0.1995,0.4973,0.5501,0.0839,0.0907,0.0162,0.0415,0.0002,1.4303,1.7216,18946.662
367,H,Z,0.1420,0.0030,0.0009,0.0004,0.0016,0.1149,0.0411,0.1100,0.0476,0.0575,0.0008,0.0544,0.0002,0.3769,0.5816,18997.273
368,Z,H,0.2136,0.0028,0.0012,0.0002,0.0027,0.1483,0.4386,0.2449,0.0371,0.1143,0.0008,0.0506,0.0001,0.9908,1.2645,19048.576
369,H,Z,0.1637,0.0023,0.0008,0.0002,0.0015,0.0968,0.0343,0.0912,0.0485,0.0425,0.0097,0.0452,0.0002,0.3177,0.5425,19099.151
370,Z,H,0.1948,0.0021,0.0007,0.0002,0.0022,0.1617,0.4235,0.2466,0.0363,0.1020,0.0211,0.0459,0.0002,0.9778,1.2461,19150.429
371,H,Z,0.1931,0.0036,0.0010,0.0005,0.0020,0.1039,0.0437,0.1342,0.0524,0.0746,0.0221,0.0705,0.0002,0.4158,0.7106,19201.187
372,Z,H,0.2017,0.0029,0.0009,0.0003,0.0025,0.1494,0.3761,0.2535,0.0364,0.0890,0.0156,0.0515,0.0002,0.9122,1.1895,19252.413
373,H,Z,0.1371,0.0022,0.0006,0.0002,0.0013,0.0967,0.0393,0.0996,0.0528,0.0651,0.0157,0.0431,0.0001,0.3576,0.5592,19303.003
374,Z,H,0.2045,0.0028,0.0008,0.0003,0.0025,0.1538,0.4192,0.2776,0.0395,0.1196,0.0010,0.0528,0.0002,1.0158,1.2820,19354.322
375,H,Z,0.1789,0.0028,0.0010,0.0003,0.0020,0.1050,0.0400,0.1071,0.0498,0.0516,0.0012,0.0522,0.0003,0.3692,0.6095,19404.977
376,Z,H,0.2072,0.0028,0.0007,0.0003,0.0026,0.1639,0.3801,0.2582,0.0380,0.1194,0.0009,0.0528,0.0002,0.9699,1.2387,19456.255
377,H,Z,0.1342,0.0019,0.0006,0.0001,0.0012,0.0925,0.0358,0.0909,0.0429,0.0558,0.0007,0.0458,0.0001,0.3229,0.5089,19506.796
378,Z,H,0.1971,0.0027,0.0005,0.0001,0.0028,0.1589,0.3823,0.2303,0.0365,0.1158,0.0008,0.0482,0.0002,0.9317,1.1853,19558.014
379,H,Z,0.1399,0.0026,0.0009,0.0003,0.0013,0.0991,0.0414,0.0990,0.0501,0.0614,0.0077,0.0500,0.0002,0.3572,0.5615,19608.610
380,Z,H,0.3066,0.0037,0.0010,0.0003,0.0040,0.2759,0.4756,0.2746,0.0376,0.1240,0.0005,0.0510,0.0002,1.1951,1.5642,19660.213
381,H,Z,0.1373,0.0018,0.0009,0.0001,0.0014,0.0890,0.0333,0.0937,0.0437,0.0498,0.0007,0.0408,0.0001,0.3138,0.4979,19710.813
382,Z,H,0.3036,0.0043,0.0008,0.0003,0.0039,0.2300,0.8022,0.5117,0.0853,0.1202,0.0023,0.0465,0.0002,1.7627,2.1266,19762.983
383,H,Z,0.1344,0.0020,0.0007,0.0001,0.0013,0.0946,0.0348,0.0888,0.0401,0.0595,0.0004,0.0362,0.0001,0.3217,0.4980,19813.520
384,Z,H,0.2543,0.0028,0.0008,0.0002,0.0026,0.1973,0.5200,0.3290,0.0389,0.1181,0.0070,0.0376,0.0002,1.2117,1.5188,19865.085
385,H,Z,0.1341,0.0027,0.0007,0.0001,0.0014,0.0962,0.0403,0.1030,0.0436,0.0513,0.0202,0.0594,0.0002,0.3400,0.5601,19915.681
386,Z,H,0.2160,0.0021,0.0007,0.0001,0.0023,0.1611,0.3776,0.2347,0.0368,0.0928,0.0192,0.0430,0.0001,0.9110,1.1956,19966.910
387,H,Z,0.1393,0.0024,0.0008,0.0001,0.0015,0.0948,0.0381,0.0953,0.0473,0.0457,0.0054,0.0473,0.0002,0.3268,0.5250,20017.469
388,Z,H,0.2032,0.0025,0.0007,0.0001,0.0022,0.1620,0.4401,0.2525,0.0365,0.1100,0.0005,0.0492,0.0002,1.0081,1.2682,20068.769
389,H,Z,0.1417,0.0022,0.0005,0.0001,0.0014,0.0992,0.0384,0.0938,0.0438,0.0652,0.0008,0.0387,0.0002,0.3448,0.5315,20119.343
390,Z,H,0.2585,0.0023,0.0008,0.0002,0.0025,0.1854,0.4691,0.3168,0.0507,0.0953,0.0006,0.0553,0.0001,1.1262,1.4476,20170.829
391,H,Z,0.1480,0.0034,0.0011,0.0004,0.0018,0.0982,0.0418,0.1159,0.0494,0.0517,0.0161,0.0596,0.0002,0.3628,0.5949,20221.458
392,Z,H,0.2602,0.0023,0.0007,0.0003,0.0031,0.2038,0.4838,0.3429,0.0491,0.1547,0.0012,0.0648,0.0002,1.2440,1.5785,20273.085
393,H,Z,0.2032,0.0043,0.0011,0.0003,0.0030,0.1419,0.0484,0.1859,0.1007,0.0699,0.0099,0.0519,0.0002,0.5529,0.8289,20323.948
394,Z,H,0.2021,0.0020,0.0006,0.0002,0.0024,0.1462,0.4232,0.2365,0.0358,0.0930,0.0084,0.0305,0.0001,0.9427,1.1903,20375.170
395,H,Z,0.1467,0.0031,0.0008,0.0002,0.0019,0.0960,0.0417,0.1116,0.0489,0.0526,0.0083,0.0672,0.0004,0.3565,0.5869,20425.797
396,Z,H,0.1994,0.0022,0.0007,0.0002,0.0022,0.1586,0.3629,0.2575,0.0357,0.1237,0.0217,0.0434,0.0001,0.9527,1.2236,20477.058
397,H,Z,0.1352,0.0023,0.0005,0.0002,0.0015,0.0944,0.0380,0.1008,0.0491,0.0570,0.0035,0.0583,0.0002,0.3452,0.5482,20527.667
398,Z,H,0.2137,0.0029,0.0007,0.0003,0.0024,0.1731,0.3692,0.2492,0.0365,0.1121,0.0096,0.0587,0.0002,0.9488,1.2388,20578.946
399,H,Z,0.1403,0.0025,0.0009,0.0002,0.0017,0.0955,0.0414,0.0971,0.0495,0.0506,0.0008,0.0536,0.0002,0.3386,0.5401,20629.560
400,Z,H,0.3077,0.0039,0.0009,0.0004,0.0039,0.2338,0.7487,0.5211,0.0883,0.1173,0.0008,0.0463,0.0003,1.7189,2.0848,20681.697
401,H,Z,0.2228,0.0053,0.0010,0.0004,0.0027,0.1513,0.0524,0.1945,0.1047,0.0594,0.0154,0.0610,0.0003,0.5696,0.8803,20732.650
402,Z,H,0.2968,0.0029,0.0011,0.0003,0.0032,0.1829,0.4717,0.3518,0.0510,0.1084,0.0009,0.0586,0.0004,1.1772,1.5426,20784.248
403,H,Z,0.1909,0.0035,0.0010,0.0003,0.0019,0.1468,0.0484,0.2034,0.1069,0.0533,0.0011,0.0553,0.0003,0.5654,0.8217,20835.109
404,Z,H,0.1998,0.0021,0.0008,0.0002,0.0023,0.1531,0.4705,0.2421,0.0377,0.1158,0.0008,0.0472,0.0002,1.0270,1.2817,20886.423
405,H,Z,0.1373,0.0027,0.0006,0.0003,0.0015,0.0927,0.0381,0.0952,0.0564,0.0513,0.0009,0.0487,0.0002,0.3388,0.5322,20936.984
406,Z,H,0.2166,0.0031,0.0007,0.0004,0.0026,0.1536,0.3717,0.2716,0.0368,0.1020,0.0011,0.0440,0.0002,0.9434,1.2134,20988.298
407,H,Z,0.1566,0.0027,0.0007,0.0003,0.0016,0.0979,0.0424,0.1061,0.0499,0.0527,0.0252,0.0577,0.0002,0.3540,0.6005,21038.931
408,Z,H,0.1973,0.0028,0.0010,0.0002,0.0021,0.1512,0.4062,0.2627,0.0360,0.1103,0.0008,0.0340,0.0002,0.9739,1.2134,21090.185
409,H,Z,0.1406,0.0025,0.0007,0.0002,0.0012,0.0938,0.0374,0.0938,0.0425,0.0638,0.0231,0.0583,0.0002,0.3373,0.5656,21140.815
410,Z,H,0.2392,0.0036,0.0009,0.0005,0.0037,0.2127,0.4668,0.4465,0.1087,0.1219,0.0072,0.0508,0.0003,1.3688,1.6765,21192.547
411,H,Z,0.1486,0.0028,0.0009,0.0002,0.0014,0.1045,0.0445,0.1035,0.0443,0.0664,0.0009,0.0484,0.0002,0.3683,0.5731,21243.181
412,Z,H,0.2884,0.0041,0.0008,0.0003,0.0034,0.2274,0.6728,0.2766,0.0373,0.0970,0.0008,0.0430,0.0002,1.3188,1.6615,21294.886
413,H,Z,0.2210,0.0051,0.0013,0.0005,0.0030,0.1525,0.0569,0.2129,0.1049,0.0526,0.0279,0.0584,0.0004,0.5867,0.9063,21345.823
414,Z,H,0.2738,0.0023,0.0009,0.0002,0.0035,0.2270,0.4996,0.2660,0.0365,0.1047,0.0028,0.0446,0.0002,1.1421,1.4719,21397.328
415,H,Z,0.1971,0.0042,0.0008,0.0004,0.0027,0.1477,0.0510,0.2035,0.1086,0.0601,0.0192,0.0473,0.0004,0.5779,0.8519,21448.215
416,Z,H,0.1990,0.0022,0.0007,0.0002,0.0023,0.1563,0.3768,0.2574,0.0384,0.1000,0.0007,0.0406,0.0001,0.9360,1.1828,21499.426
417,H,Z,0.2117,0.0042,0.0011,0.0004,0.0033,0.1443,0.0691,0.1810,0.0985,0.0716,0.0014,0.0632,0.0003,0.5718,0.8597,21550.326
418,Z,H,0.2975,0.0044,0.0011,0.0005,0.0048,0.2468,0.7169,0.5375,0.0900,0.1167,0.0011,0.0524,0.0002,1.7170,2.0810,21602.441
419,H,Z,0.1473,0.0019,0.0009,0.0001,0.0018,0.0935,0.0398,0.1011,0.0517,0.0531,0.0087,0.0494,0.0002,0.3449,0.5567,21653.033
420,Z,H,0.2581,0.0028,0.0011,0.0003,0.0027,0.2092,0.4899,0.3269,0.0498,0.1331,0.0009,0.0455,0.0002,1.2179,1.5312,21704.605
421,H,Z,0.1390,0.0020,0.0007,0.0001,0.0013,0.1032,0.0367,0.0947,0.0436,0.0520,0.0049,0.0598,0.0003,0.3358,0.5453,21755.186
422,Z,H,0.2472,0.0024,0.0007,0.0002,0.0026,0.1844,0.4924,0.3213,0.0430,0.1035,0.0036,0.0576,0.0003,1.1542,1.4704,21806.708
423,H,Z,0.1418,0.0026,0.0010,0.0003,0.0015,0.0980,0.0400,0.1039,0.0434,0.0620,0.0009,0.0576,0.0002,0.3528,0.5603,21857.305
424,Z,H,0.2260,0.0028,0.0009,0.0002,0.0028,0.1597,0.3995,0.2578,0.0387,0.1209,0.0014,0.0613,0.0002,0.9861,1.2829,21908.632
425,H,Z,0.2188,0.0039,0.0008,0.0003,0.0025,0.1456,0.0473,0.1825,0.0971,0.0645,0.0176,0.0500,0.0002,0.5438,0.8399,21959.514
426,Z,H,0.2072,0.0030,0.0012,0.0002,0.0026,0.1654,0.4250,0.2535,0.0364,0.1028,0.0079,0.0558,0.0002,0.9913,1.2715,22010.823
427,H,Z,0.1439,0.0023,0.0008,0.0001,0.0020,0.0968,0.0458,0.1029,0.0439,0.0522,0.0048,0.0736,0.0003,0.3490,0.5783,22061.440
428,Z,H,0.1944,0.0023,0.0009,0.0001,0.0025,0.1579,0.4420,0.2430,0.0372,0.1053,0.0029,0.0571,0.0002,0.9945,1.2562,22112.739
429,H,Z,0.2108,0.0041,0.0010,0.0003,0.0027,0.1439,0.0462,0.1828,0.0958,0.0547,0.0219,0.0648,0.0003,0.5299,0.8377,22163.626
430,Z,H,0.2172,0.0033,0.0010,0.0003,0.0026,0.1623,0.3713,0.2579,0.0388,0.1175,0.0010,0.0475,0.0002,0.9563,1.2307,22214.895
431,H,Z,0.1550,0.0037,0.0010,0.0004,0.0016,0.0964,0.0436,0.1120,0.0495,0.0548,0.0168,0.0633,0.0003,0.3620,0.6054,22265.532
432,Z,H,0.2146,0.0025,0.0009,0.0002,0.0023,0.2038,0.4424,0.2578,0.0338,0.1124,0.0040,0.0437,0.0002,1.0586,1.3285,22316.902
433,H,Z,0.1288,0.0020,0.0006,0.0002,0.0013,0.0891,0.0328,0.0892,0.0467,0.0426,0.0005,0.0365,0.0001,0.3047,0.4757,22367.406
434,Z,H,0.2103,0.0030,0.0007,0.0003,0.0019,0.1616,0.3871,0.2415,0.0381,0.1088,0.0022,0.0553,0.0002,0.9448,1.2203,22418.663
435,H,Z,0.1584,0.0075,0.0009,0.0002,0.0018,0.0988,0.0453,0.1118,0.0457,0.0539,0.0016,0.0707,0.0002,0.3611,0.6042,22469.306
436,Z,H,0.1935,0.0021,0.0008,0.0002,0.0021,0.1601,0.3823,0.2322,0.0362,0.1107,0.0010,0.0526,0.0002,0.9299,1.1837,22520.533
437,H,Z,0.2082,0.0038,0.0010,0.0004,0.0023,0.1514,0.0480,0.1846,0.0986,0.0620,0.0008,0.0417,0.0002,0.5506,0.8109,22571.379
438,Z,H,0.1973,0.0026,0.0009,0.0002,0.0024,0.1597,0.4312,0.2405,0.0361,0.0871,0.0006,0.0495,0.0001,0.9617,1.2165,22622.630
439,H,Z,0.1929,0.0165,0.0009,0.0004,0.0023,0.1427,0.0459,0.1664,0.1024,0.0547,0.0014,0.0534,0.0002,0.5184,0.7878,22673.454
440,Z,H,0.1993,0.0025,0.0009,0.0002,0.0025,0.1695,0.3582,0.2445,0.0356,0.0879,0.0008,0.0501,0.0002,0.9021,1.1598,22724.656
441,H,Z,0.1279,0.0022,0.0006,0.0002,0.0014,0.0956,0.0361,0.0887,0.0468,0.0723,0.0015,0.0563,0.0002,0.3449,0.5365,22775.227
442,Z,H,0.2014,0.0024,0.0008,0.0002,0.0021,0.1616,0.3683,0.2533,0.0353,0.0909,0.0221,0.0468,0.0002,0.9165,1.1943,22826.455
443,H,Z,0.1452,0.0029,0.0008,0.0002,0.0013,0.0975,0.0389,0.1083,0.0496,0.0584,0.0021,0.0465,0.0002,0.3584,0.5589,22877.058
444,Z,H,0.2031,0.0023,0.0005,0.0002,0.0024,0.1620,0.3903,0.2576,0.0374,0.1346,0.0034,0.0432,0.0003,0.9883,1.2449,22928.336
445,H,Z,0.2020,0.0042,0.0009,0.0003,0.0023,0.1468,0.0517,0.2082,0.1083,0.0671,0.0208,0.0634,0.0005,0.5885,0.8848,22979.263
446,Z,H,0.3003,0.0041,0.0008,0.0005,0.0037,0.2316,0.7736,0.5483,0.0887,0.1036,0.0089,0.0436,0.0003,1.7582,2.1224,23031.426
447,H,Z,0.1491,0.0031,0.0010,0.0004,0.0021,0.0943,0.0418,0.1162,0.0504,0.0703,0.0253,0.0568,0.0002,0.3795,0.6191,23082.075
448,Z,H,0.2113,0.0028,0.0007,0.0003,0.0028,0.1500,0.4837,0.2423,0.0359,0.1307,0.0053,0.0602,0.0003,1.0512,1.3367,23133.453
449,H,Z,0.1449,0.0031,0.0010,0.0002,0.0018,0.0974,0.0398,0.1094,0.0437,0.0618,0.0074,0.0383,0.0002,0.3576,0.5562,23184.045
450,Z,H,0.2127,0.0033,0.0009,0.0004,0.0028,0.1579,0.4129,0.2590,0.0456,0.1016,0.0031,0.0335,0.0002,0.9848,1.2431,23235.326
451,H,Z,0.1413,0.0025,0.0009,0.0002,0.0017,0.0951,0.0371,0.1007,0.0455,0.0539,0.0005,0.0457,0.0001,0.3363,0.5304,23285.891
452,Z,H,0.3156,0.0044,0.0011,0.0006,0.0038,0.2380,0.8230,0.5690,0.0978,0.1168,0.0010,0.0495,0.0003,1.8547,2.2328,23338.161
453,H,Z,0.1393,0.0027,0.0008,0.0004,0.0014,0.0977,0.0408,0.1019,0.0494,0.0705,0.0221,0.0463,0.0002,0.3658,0.5804,23388.822
454,Z,H,0.2186,0.0030,0.0008,0.0002,0.0022,0.1535,0.3690,0.2517,0.0497,0.1187,0.0009,0.0468,0.0002,0.9506,1.2248,23440.078
455,H,Z,0.1893,0.0031,0.0013,0.0005,0.0021,0.1134,0.0447,0.1096,0.0454,0.0545,0.0047,0.0389,0.0003,0.3737,0.6156,23490.724
456,Z,H,0.2165,0.0031,0.0009,0.0003,0.0027,0.1604,0.3681,0.2521,0.0371,0.1077,0.0075,0.0529,0.0002,0.9327,1.2183,23541.984
457,H,Z,0.1451,0.0030,0.0007,0.0003,0.0014,0.0948,0.0391,0.0922,0.0649,0.0631,0.0158,0.0538,0.0002,0.3597,0.5816,23592.627
458,Z,H,0.2328,0.0027,0.0006,0.0003,0.0023,0.1614,0.3795,0.2430,0.0362,0.1089,0.0014,0.0669,0.0002,0.9430,1.2517,23643.925
459,H,Z,0.1454,0.0032,0.0008,0.0003,0.0016,0.0965,0.0418,0.1139,0.0527,0.0463,0.0242,0.0555,0.0002,0.3559,0.5885,23694.549
460,Z,H,0.2136,0.0024,0.0008,0.0002,0.0025,0.1536,0.4399,0.2440,0.0402,0.1196,0.0008,0.0437,0.0002,1.0054,1.2710,23745.857
461,H,Z,0.2054,0.0041,0.0011,0.0004,0.0022,0.1418,0.0499,0.1883,0.1055,0.0649,0.0038,0.0602,0.0002,0.5569,0.8364,23796.745
462,Z,H,0.2107,0.0035,0.0007,0.0003,0.0024,0.1526,0.3769,0.2538,0.0367,0.1229,0.0162,0.0509,0.0002,0.9501,1.2361,23848.019
463,H,Z,0.1373,0.0025,0.0006,0.0002,0.0013,0.0947,0.0394,0.1023,0.0471,0.0682,0.0009,0.0486,0.0002,0.3565,0.5491,23898.594
464,Z,H,0.2047,0.0021,0.0009,0.0002,0.0021,0.1517,0.3625,0.2393,0.0377,0.0846,0.0007,0.0461,0.0002,0.8819,1.1399,23949.784
465,H,Z,0.2168,0.0045,0.0008,0.0002,0.0025,0.1474,0.0478,0.1887,0.1013,0.0585,0.0046,0.0631,0.0002,0.5509,0.8458,24000.734
466,Z,H,0.2619,0.0028,0.0008,0.0003,0.0023,0.1643,0.4063,0.2432,0.0470,0.0994,0.0184,0.0473,0.0002,0.9687,1.3041,24052.075
467,H,Z,0.2027,0.0029,0.0009,0.0002,0.0019,0.1826,0.0528,0.1920,0.0955,0.0627,0.0409,0.0580,0.0002,0.5934,0.9028,24103.018
468,Z,H,0.2511,0.0026,0.0007,0.0003,0.0023,0.1575,0.3688,0.2667,0.0370,0.1052,0.0013,0.0476,0.0003,0.9447,1.2523,24154.301
469,H,Z,0.2086,0.0042,0.0009,0.0004,0.0027,0.1509,0.0526,0.2114,0.1016,0.0629,0.0257,0.0612,0.0003,0.5885,0.8946,24205.245
470,Z,H,0.2000,0.0026,0.0012,0.0003,0.0026,0.1501,0.3743,0.2555,0.0379,0.1184,0.0150,0.0518,0.0002,0.9437,1.2192,24256.498
471,H,Z,0.1331,0.0020,0.0007,0.0002,0.0017,0.0960,0.0333,0.0964,0.0454,0.0822,0.0078,0.0505,0.0004,0.3596,0.5571,24307.094
472,Z,H,0.2523,0.0020,0.0011,0.0002,0.0032,0.1773,0.5136,0.5389,0.0967,0.1010,0.0007,0.0640,0.0002,1.4398,1.7651,24358.903
473,H,Z,0.1406,0.0025,0.0007,0.0002,0.0013,0.0973,0.0343,0.0995,0.0477,0.0591,0.0043,0.0459,0.0001,0.3423,0.5389,24409.482
474,Z,H,0.1841,0.0016,0.0005,0.0002,0.0018,0.1557,0.3706,0.2321,0.0396,0.0919,0.0012,0.0543,0.0002,0.9027,1.1478,24460.672
475,H,Z,0.2262,0.0040,0.0013,0.0003,0.0031,0.1501,0.0512,0.1976,0.1106,0.0650,0.0264,0.0399,0.0003,0.5804,0.8838,24511.630
476,Z,H,0.2155,0.0032,0.0011,0.0004,0.0026,0.1697,0.3701,0.2568,0.0364,0.1191,0.0006,0.0636,0.0001,0.9588,1.2473,24562.915
477,H,Z,0.1348,0.0026,0.0006,0.0001,0.0014,0.0934,0.0378,0.0897,0.0501,0.0657,0.0004,0.0494,0.0001,0.3409,0.5317,24613.473
478,Z,H,0.2017,0.0024,0.0009,0.0002,0.0025,0.1745,0.3697,0.2589,0.0363,0.0966,0.0011,0.0547,0.0002,0.9449,1.2118,24664.721
479,H,Z,0.1380,0.0020,0.0008,0.0002,0.0015,0.0915,0.0323,0.0889,0.0442,0.0738,0.0014,0.0729,0.0002,0.3357,0.5540,24715.323
480,Z,H,0.2027,0.0021,0.0008,0.0003,0.0021,0.1586,0.3797,0.2314,0.0331,0.0992,0.0007,0.0347,0.0001,0.9090,1.1538,24766.514
481,H,Z,0.1362,0.0028,0.0007,0.0001,0.0017,0.0953,0.0376,0.1085,0.0425,0.0395,0.0085,0.0484,0.0001,0.3279,0.5277,24817.086
482,Z,H,0.1933,0.0023,0.0006,0.0003,0.0022,0.1549,0.4179,0.2363,0.0356,0.0780,0.0009,0.0520,0.0002,0.9300,1.1829,24868.303
483,H,Z,0.1707,0.0024,0.0010,0.0002,0.0015,0.1034,0.0327,0.0916,0.0424,0.0532,0.0046,0.0488,0.0002,0.3284,0.5592,24918.893
484,Z,H,0.2545,0.0030,0.0009,0.0002,0.0027,0.1953,0.5307,0.3015,0.0527,0.0985,0.0011,0.0536,0.0003,1.1885,1.5065,24970.437
485,H,Z,0.1384,0.0021,0.0008,0.0002,0.0016,0.0962,0.0413,0.1140,0.0541,0.0673,0.0008,0.0495,0.0002,0.3778,0.5724,25021.069
486,Z,H,0.3022,0.0036,0.0014,0.0003,0.0036,0.2302,0.8270,0.6054,0.0925,0.1846,0.0008,0.0457,0.0003,1.9488,2.3084,25073.411
487,H,Z,0.1377,0.0024,0.0008,0.0004,0.0015,0.0966,0.0422,0.1023,0.0670,0.0670,0.0008,0.0418,0.0002,0.3802,0.5673,25124.013
488,Z,H,0.2011,0.0026,0.0007,0.0002,0.0026,0.1741,0.3729,0.2833,0.0388,0.1123,0.0065,0.0530,0.0002,0.9895,1.2579,25175.306
489,H,Z,0.1859,0.0039,0.0013,0.0006,0.0025,0.1402,0.0539,0.1459,0.0617,0.0706,0.0186,0.0684,0.0004,0.4802,0.7635,25226.108
490,Z,H,0.2084,0.0028,0.0008,0.0003,0.0026,0.1555,0.4486,0.2440,0.0371,0.1211,0.0010,0.0588,0.0003,1.0140,1.2905,25277.450
491,H,Z,0.1405,0.0022,0.0011,0.0001,0.0015,0.0916,0.0367,0.0972,0.0435,0.0560,0.0004,0.0390,0.0001,0.3291,0.5151,25328.001
492,Z,H,0.2564,0.0023,0.0008,0.0001,0.0025,0.2038,0.5349,0.2907,0.0466,0.1087,0.0007,0.0483,0.0003,1.1929,1.5057,25379.541
493,H,Z,0.1327,0.0024,0.0008,0.0003,0.0015,0.0973,0.0394,0.1001,0.0513,0.0555,0.0058,0.0321,0.0001,0.3480,0.5250,25430.098
494,Z,H,0.3157,0.0055,0.0013,0.0003,0.0037,0.2371,0.5531,0.2787,0.0405,0.1083,0.0011,0.0678,0.0004,1.2286,1.6264,25481.767
495,H,Z,0.1549,0.0023,0.0009,0.0001,0.0014,0.1006,0.0418,0.0975,0.0430,0.0652,0.0013,0.0616,0.0002,0.3534,0.5776,25532.403
496,Z,H,0.2950,0.0036,0.0009,0.0003,0.0032,0.2529,0.4294,0.2659,0.0362,0.1118,0.0008,0.0538,0.0002,1.1040,1.4636,25583.903
497,H,Z,0.1754,0.0043,0.0012,0.0006,0.0026,0.2365,0.0470,0.1239,0.0494,0.0570,0.0010,0.0619,0.0002,0.5200,0.7688,25634.710
498,Z,H,0.2557,0.0023,0.0008,0.0002,0.0025,0.2029,0.4601,0.2584,0.0352,0.1108,0.0007,0.0387,0.0002,1.0738,1.3762,25686.126
499,H,Z,0.1418,0.0020,0.0008,0.0001,0.0013,0.0947,0.0374,0.0974,0.0440,0.0417,0.0358,0.0445,0.0001,0.3194,0.5471,25736.694
500,Z,H,0.1967,0.0021,0.0008,0.0001,0.0024,0.1564,0.4257,0.2372,0.0368,0.1424,0.0007,0.0515,0.0002,1.0077,1.2637,25787.996
501,H,Z,0.1389,0.0022,0.0008,0.0001,0.0015,0.0925,0.0374,0.0982,0.0447,0.0747,0.0029,0.0640,0.0002,0.3528,0.5649,25838.601
502,Z,H,0.2034,0.0025,0.0008,0.0002,0.0020,0.1735,0.4071,0.2461,0.0375,0.1067,0.0184,0.0398,0.0001,0.9793,1.2476,25889.884
503,H,Z,0.2055,0.0041,0.0009,0.0004,0.0027,0.1474,0.0504,0.1906,0.1028,0.0583,0.0237,0.0577,0.0003,0.5566,0.8538,25940.775
504,Z,H,0.2447,0.0028,0.0014,0.0003,0.0027,0.2135,0.4600,0.2933,0.0364,0.0927,0.0008,0.0579,0.0002,1.1049,1.4169,25992.236
505,H,Z,0.1371,0.0024,0.0009,0.0002,0.0018,0.0905,0.0372,0.0938,0.0432,0.0645,0.0008,0.0437,0.0001,0.3337,0.5218,26042.788
506,Z,H,0.2144,0.0026,0.0008,0.0002,0.0037,0.1502,0.3785,0.2454,0.0368,0.0891,0.0159,0.0510,0.0002,0.9150,1.2055,26094.026
507,H,Z,0.1337,0.0021,0.0007,0.0001,0.0014,0.0907,0.0314,0.0944,0.0424,0.0540,0.0014,0.0542,0.0002,0.3175,0.5124,26145.485
508,Z,H,0.2686,0.0034,0.0010,0.0002,0.0030,0.1929,0.4698,0.2744,0.0374,0.1148,0.0008,0.0373,0.0002,1.0983,1.4146,26196.943
509,H,Z,0.1418,0.0026,0.0007,0.0002,0.0015,0.0944,0.0381,0.1004,0.0444,0.0608,0.0082,0.0639,0.0003,0.3435,0.5644,26247.544
510,Z,H,0.2541,0.0022,0.0007,0.0002,0.0034,0.1755,0.3885,0.2481,0.0356,0.1006,0.0004,0.0508,0.0001,0.9558,1.2689,26298.856
511,H,Z,0.2156,0.0036,0.0009,0.0003,0.0024,0.1703,0.0376,0.1023,0.0458,0.0637,0.0010,0.0578,0.0003,0.4258,0.7100,26349.603
512,Z,H,0.2186,0.0038,0.0011,0.0004,0.0031,0.1649,0.3908,0.2706,0.0378,0.1423,0.0016,0.0650,0.0002,1.0185,1.3138,26400.994
513,H,Z,0.1447,0.0022,0.0009,0.0003,0.0016,0.0968,0.0410,0.0972,0.0535,0.0659,0.0012,0.0606,0.0002,0.3617,0.5751,26451.614
514,Z,H,0.1926,0.0022,0.0007,0.0002,0.0024,0.1567,0.3999,0.2313,0.0346,0.1168,0.0008,0.0472,0.0001,0.9475,1.1953,26502.851
515,H,Z,0.1670,0.0023,0.0009,0.0002,0.0017,0.1196,0.0420,0.0905,0.0437,0.0392,0.0175,0.0484,0.0001,0.3396,0.5790,26553.465
516,Z,H,0.2023,0.0027,0.0008,0.0003,0.0023,0.1710,0.3709,0.2571,0.0391,0.1097,0.0016,0.0637,0.0002,0.9594,1.2348,26604.742
517,H,Z,0.2234,0.0046,0.0011,0.0003,0.0029,0.1610,0.0411,0.0970,0.0450,0.0489,0.0082,0.0542,0.0002,0.3985,0.6955,26655.497
518,Z,H,0.2168,0.0021,0.0020,0.0002,0.0023,0.1513,0.3953,0.2309,0.0362,0.0941,0.0050,0.0350,0.0001,0.9160,1.1811,26706.725
519,H,Z,0.2287,0.0043,0.0012,0.0003,0.0026,0.1487,0.0494,0.1936,0.1105,0.0554,0.0009,0.0569,0.0003,0.5645,0.8618,26757.628
520,Z,H,0.2160,0.0022,0.0009,0.0002,0.0023,0.1480,0.3974,0.2382,0.0364,0.1096,0.0007,0.0458,0.0002,0.9379,1.2075,26808.889
521,H,Z,0.1315,0.0023,0.0009,0.0002,0.0016,0.0977,0.0423,0.1054,0.0442,0.0560,0.0229,0.0486,0.0002,0.3501,0.5593,26859.480
522,Z,H,0.1991,0.0021,0.0006,0.0002,0.0021,0.1658,0.4025,0.2563,0.0357,0.1103,0.0019,0.0559,0.0002,0.9801,1.2436,26910.761
523,H,Z,0.1520,0.0026,0.0007,0.0003,0.0014,0.1199,0.0427,0.1258,0.0581,0.0601,0.0014,0.0698,0.0002,0.4133,0.6431,26961.456
524,Z,H,0.1918,0.0019,0.0006,0.0001,0.0019,0.1457,0.3706,0.2623,0.0343,0.0793,0.0007,0.0370,0.0003,0.8988,1.1344,27012.620
525,H,Z,0.1484,0.0025,0.0007,0.0003,0.0014,0.1166,0.0468,0.1029,0.0512,0.0505,0.0009,0.0521,0.0002,0.3732,0.5810,27063.238
526,Z,H,0.2624,0.0026,0.0008,0.0003,0.0030,0.1869,0.6244,0.5415,0.0893,0.1075,0.0007,0.0448,0.0003,1.5598,1.8760,27115.158
527,H,Z,0.2019,0.0041,0.0010,0.0003,0.0025,0.1482,0.0492,0.1835,0.1172,0.0625,0.0012,0.0622,0.0002,0.5677,0.8431,27166.041
528,Z,H,0.2084,0.0035,0.0010,0.0002,0.0030,0.1639,0.3705,0.2757,0.0364,0.1029,0.0006,0.0534,0.0001,0.9563,1.2280,27217.310
529,H,Z,0.1464,0.0029,0.0008,0.0002,0.0015,0.0965,0.0403,0.1020,0.0486,0.0872,0.0184,0.0628,0.0003,0.3800,0.6150,27267.959
530,Z,H,0.1963,0.0026,0.0007,0.0001,0.0026,0.1603,0.4218,0.2445,0.0368,0.0974,0.0014,0.0552,0.0002,0.9696,1.2300,27319.234
531,H,Z,0.1413,0.0027,0.0007,0.0002,0.0016,0.0969,0.0398,0.0970,0.0431,0.0666,0.0016,0.0709,0.0002,0.3486,0.5694,27369.906
532,Z,H,0.2003,0.0025,0.0008,0.0003,0.0023,0.1491,0.3953,0.2451,0.0352,0.0958,0.0007,0.0350,0.0002,0.9277,1.1713,27421.121
533,H,Z,0.1431,0.0029,0.0008,0.0003,0.0016,0.0949,0.0380,0.0969,0.0451,0.0657,0.0032,0.0608,0.0002,0.3464,0.5611,27471.719
534,Z,H,0.2038,0.0024,0.0009,0.0003,0.0023,0.1437,0.4085,0.2297,0.0361,0.1187,0.0008,0.0552,0.0002,0.9451,1.2119,27522.968
535,H,Z,0.1408,0.0022,0.0007,0.0002,0.0014,0.0915,0.0364,0.0976,0.0511,0.0455,0.0059,0.0594,0.0002,0.3279,0.5401,27573.546
536,Z,H,0.2024,0.0027,0.0012,0.0003,0.0021,0.1518,0.4047,0.2271,0.0380,0.1016,0.0044,0.0530,0.0002,0.9311,1.1990,27624.777
537,H,Z,0.2215,0.0042,0.0013,0.0003,0.0028,0.1454,0.0509,0.1864,0.0999,0.0623,0.0052,0.0578,0.0003,0.5530,0.8484,27675.666
538,Z,H,0.2153,0.0023,0.0009,0.0002,0.0026,0.1587,0.3914,0.2336,0.0360,0.1243,0.0013,0.0528,0.0003,0.9533,1.2302,27726.949
539,H,Z,0.1366,0.0019,0.0006,0.0002,0.0016,0.0960,0.0358,0.0951,0.0462,0.0529,0.0045,0.0486,0.0002,0.3311,0.5264,27777.531
540,Z,H,0.2754,0.0023,0.0008,0.0001,0.0024,0.1773,0.4158,0.2378,0.0371,0.1376,0.0006,0.0332,0.0002,1.0133,1.3299,27828.899
541,H,Z,0.1314,0.0020,0.0006,0.0001,0.0014,0.0925,0.0318,0.0906,0.0414,0.0607,0.0007,0.0448,0.0002,0.3231,0.5055,27879.435
542,Z,H,0.1937,0.0022,0.0007,0.0003,0.0025,0.1654,0.4174,0.2431,0.0386,0.1207,0.0008,0.0518,0.0002,0.9925,1.2458,27930.715
543,H,Z,0.2222,0.0037,0.0010,0.0003,0.0024,0.1506,0.0486,0.1900,0.1081,0.0530,0.0198,0.0447,0.0002,0.5556,0.8518,27981.612
544,Z,H,0.2001,0.0024,0.0010,0.0001,0.0023,0.1685,0.3796,0.2399,0.0358,0.1057,0.0007,0.0441,0.0002,0.9369,1.1887,28032.837
545,H,Z,0.1413,0.0025,0.0007,0.0001,0.0014,0.0994,0.0355,0.0974,0.0472,0.0650,0.0013,0.0501,0.0002,0.3499,0.5491,28083.426
546,Z,H,0.1952,0.0019,0.0006,0.0002,0.0019,0.1587,0.4186,0.2268,0.0359,0.0992,0.0072,0.0444,0.0002,0.9468,1.1996,28134.682
547,H,Z,0.2535,0.0037,0.0008,0.0003,0.0017,0.1247,0.0398,0.1056,0.0480,0.0790,0.0017,0.0621,0.0002,0.4037,0.7298,28185.463
548,Z,H,0.2142,0.0032,0.0010,0.0003,0.0030,0.1676,0.4206,0.2525,0.0365,0.0938,0.0060,0.0440,0.0002,0.9794,1.2529,28236.758
549,H,Z,0.1477,0.0028,0.0007,0.0001,0.0014,0.0962,0.0408,0.1027,0.0501,0.0727,0.0215,0.0483,0.0002,0.3678,0.5918,28287.381
550,Z,H,0.2105,0.0027,0.0007,0.0003,0.0024,0.1519,0.3731,0.2540,0.0373,0.0811,0.0006,0.0469,0.0003,0.9042,1.1700,28338.582
551,H,Z,0.2116,0.0049,0.0013,0.0005,0.0032,0.1622,0.0552,0.2477,0.0543,0.0875,0.0014,0.0638,0.0002,0.6149,0.9038,28389.524
552,Z,H,0.3057,0.0039,0.0012,0.0005,0.0043,0.2393,0.7216,0.5247,0.0849,0.1075,0.0009,0.0503,0.0002,1.6884,2.0573,28441.632
553,H,Z,0.2146,0.0048,0.0010,0.0005,0.0030,0.1496,0.0535,0.1844,0.0983,0.0716,0.0010,0.0542,0.0003,0.5636,0.8449,28492.526
554,Z,H,0.2162,0.0032,0.0010,0.0004,0.0022,0.1752,0.4214,0.2596,0.0408,0.1011,0.0074,0.0488,0.0001,1.0059,1.2868,28543.852
555,H,Z,0.1448,0.0026,0.0010,0.0002,0.0018,0.0981,0.0426,0.1007,0.0507,0.0466,0.0005,0.0454,0.0002,0.3430,0.5409,28594.429
556,Z,H,0.3008,0.0042,0.0008,0.0004,0.0039,0.2460,0.7785,0.3806,0.0414,0.2218,0.0007,0.0561,0.0001,1.6767,2.0455,28646.506
557,H,Z,0.1467,0.0026,0.0011,0.0002,0.0017,0.0951,0.0378,0.1142,0.0510,0.0626,0.0009,0.0589,0.0002,0.3665,0.5802,28697.121
558,Z,H,0.2027,0.0023,0.0010,0.0002,0.0022,0.1593,0.4285,0.2455,0.0380,0.0953,0.0009,0.0456,0.0003,0.9742,1.2310,28748.380
559,H,Z,0.1425,0.0025,0.0010,0.0005,0.0018,0.0938,0.0384,0.0971,0.0492,0.0538,0.0009,0.0498,0.0002,0.3383,0.5388,28798.951
560,Z,H,0.2565,0.0025,0.0008,0.0004,0.0027,0.2105,0.5407,0.3014,0.0448,0.0951,0.0007,0.0435,0.0002,1.2020,1.5106,28850.511
561,H,Z,0.2325,0.0047,0.0014,0.0005,0.0033,0.1688,0.0582,0.2400,0.1199,0.0660,0.0105,0.0994,0.0002,0.6594,1.0145,28901.575
562,Z,H,0.2936,0.0040,0.0008,0.0003,0.0041,0.2337,0.8202,0.2802,0.0382,0.1053,0.0031,0.0474,0.0003,1.4866,1.8420,28953.459
563,H,Z,0.2162,0.0037,0.0010,0.0005,0.0030,0.1629,0.0507,0.1879,0.1013,0.0642,0.0051,0.0592,0.0003,0.5742,0.8654,29004.405
564,Z,H,0.2905,0.0031,0.0017,0.0002,0.0031,0.1840,0.3707,0.2538,0.0361,0.1088,0.0007,0.0487,0.0002,0.9616,1.3116,29055.749
565,H,Z,0.2282,0.0040,0.0010,0.0005,0.0034,0.1486,0.0550,0.2860,0.1158,0.0551,0.0009,0.0630,0.0002,0.6665,0.9697,29106.788
566,Z,H,0.2222,0.0022,0.0010,0.0003,0.0025,0.1471,0.4099,0.2272,0.0470,0.0998,0.0014,0.0612,0.0002,0.9409,1.2334,29158.067
567,H,Z,0.1382,0.0028,0.0009,0.0002,0.0016,0.0958,0.0393,0.0975,0.0418,0.0498,0.0005,0.0430,0.0001,0.3283,0.5167,29208.611
568,Z,H,0.3422,0.0036,0.0008,0.0003,0.0043,0.2373,0.7224,0.5247,0.0889,0.1261,0.0008,0.0331,0.0003,1.7109,2.0979,29260.742
569,H,Z,0.1852,0.0027,0.0009,0.0002,0.0017,0.1277,0.0435,0.1184,0.0587,0.0632,0.0043,0.0523,0.0001,0.4170,0.6659,29311.441
570,Z,H,0.2166,0.0027,0.0008,0.0002,0.0024,0.1567,0.3665,0.2481,0.0355,0.0930,0.0014,0.0494,0.0002,0.9076,1.1828,29362.657
571,H,Z,0.1307,0.0020,0.0007,0.0002,0.0012,0.0928,0.0327,0.0880,0.0593,0.0594,0.0013,0.0539,0.0003,0.3380,0.5299,29413.230
572,Z,H,0.2017,0.0022,0.0006,0.0001,0.0021,0.1569,0.3749,0.2330,0.0584,0.0907,0.0009,0.0533,0.0002,0.9208,1.1830,29464.447
573,H,Z,0.1877,0.0030,0.0010,0.0002,0.0021,0.1188,0.0372,0.1118,0.0439,0.0539,0.0009,0.0482,0.0003,0.3708,0.6158,29515.097
574,Z,H,0.3295,0.0049,0.0011,0.0008,0.0047,0.2404,0.5333,0.3083,0.0377,0.1228,0.0053,0.0804,0.0003,1.2558,1.6850,29566.832
575,H,Z,0.1465,0.0028,0.0009,0.0004,0.0015,0.0982,0.0383,0.0910,0.0505,0.0921,0.0008,0.0521,0.0001,0.3751,0.5818,29617.473
576,Z,H,0.2047,0.0027,0.0011,0.0002,0.0028,0.1615,0.4300,0.2390,0.0349,0.0971,0.0008,0.0424,0.0002,0.9695,1.2255,29668.731
577,H,Z,0.1411,0.0020,0.0005,0.0001,0.0013,0.0904,0.0314,0.0875,0.0459,0.0430,0.0067,0.0406,0.0001,0.3023,0.4959,29719.255
578,Z,H,0.1914,0.0023,0.0007,0.0002,0.0020,0.1533,0.3893,0.2478,0.0355,0.0890,0.0007,0.0447,0.0001,0.9226,1.1659,29770.448
579,H,Z,0.1476,0.0029,0.0009,0.0002,0.0016,0.0940,0.0393,0.1151,0.0438,0.0643,0.0010,0.0617,0.0003,0.3646,0.5825,29821.071
580,Z,H,0.1965,0.0021,0.0007,0.0002,0.0022,0.1566,0.4135,0.2361,0.0352,0.0950,0.0044,0.0465,0.0002,0.9438,1.1977,29872.307
581,H,Z,0.1622,0.0030,0.0009,0.0004,0.0021,0.1234,0.0453,0.1259,0.0726,0.0675,0.0014,0.0571,0.0003,0.4411,0.6704,29923.022
582,Z,H,0.2066,0.0021,0.0011,0.0001,0.0021,0.1461,0.3717,0.2356,0.0351,0.1111,0.0010,0.0507,0.0002,0.9093,1.1747,29974.232
583,H,Z,0.1434,0.0023,0.0010,0.0002,0.0016,0.0942,0.0376,0.0970,0.0494,0.0436,0.0015,0.0606,0.0002,0.3268,0.5390,30024.813
584,Z,H,0.1996,0.0021,0.0007,0.0002,0.0022,0.1603,0.3861,0.2269,0.0452,0.0982,0.0004,0.0407,0.0001,0.9241,1.1712,30076.019
585,H,Z,0.1983,0.0036,0.0008,0.0003,0.0028,0.1480,0.0469,0.1787,0.1009,0.0504,0.0008,0.0522,0.0002,0.5315,0.7922,30126.848
586,Z,H,0.2030,0.0030,0.0009,0.0004,0.0027,0.1651,0.3729,0.2654,0.0373,0.0873,0.0009,0.0509,0.0002,0.9352,1.1989,30178.083
587,H,Z,0.2226,0.0048,0.0013,0.0003,0.0029,0.1509,0.0540,0.1979,0.1182,0.0532,0.0222,0.0537,0.0003,0.5798,0.8898,30229.022
588,Z,H,0.2054,0.0021,0.0008,0.0001,0.0026,0.1467,0.3704,0.2544,0.0354,0.1016,0.0007,0.0436,0.0001,0.9163,1.1730,30280.238
589,H,Z,0.1966,0.0033,0.0009,0.0004,0.0022,0.1443,0.0463,0.1811,0.1401,0.0532,0.0173,0.0657,0.0002,0.5744,0.8630,30331.135
590,Z,H,0.1954,0.0022,0.0007,0.0002,0.0026,0.1626,0.3676,0.2513,0.0353,0.1011,0.0007,0.0474,0.0002,0.9255,1.1762,30382.347
591,H,Z,0.1304,0.0020,0.0008,0.0001,0.0017,0.0969,0.0372,0.0926,0.0505,0.0466,0.0057,0.0511,0.0001,0.3277,0.5209,30432.900
592,Z,H,0.2783,0.0033,0.0009,0.0003,0.0031,0.2141,0.5081,0.3181,0.0514,0.1251,0.0011,0.0527,0.0003,1.2268,1.5684,30484.513
593,H,Z,0.1402,0.0022,0.0008,0.0002,0.0016,0.0908,0.0420,0.0934,0.0502,0.0645,0.0012,0.0568,0.0002,0.3463,0.5509,30535.158
594,Z,H,0.2128,0.0026,0.0007,0.0002,0.0024,0.1510,0.3782,0.2462,0.0369,0.0948,0.0086,0.0405,0.0002,0.9146,1.1836,30586.374
595,H,Z,0.1382,0.0027,0.0010,0.0002,0.0014,0.0929,0.0377,0.0970,0.0434,0.0517,0.0158,0.0499,0.0002,0.3277,0.5385,30636.966
596,Z,H,0.2602,0.0023,0.0008,0.0002,0.0032,0.2043,0.4634,0.3356,0.0451,0.1203,0.0008,0.0315,0.0002,1.1765,1.4768,30688.481
597,H,Z,0.1472,0.0023,0.0010,0.0001,0.0016,0.1008,0.0365,0.1119,0.0467,0.0565,0.0212,0.0497,0.0003,0.3586,0.5833,30739.139
598,Z,H,0.3211,0.0047,0.0009,0.0003,0.0042,0.2327,0.5001,0.2711,0.0397,0.1081,0.0007,0.0497,0.0001,1.1604,1.5443,30791.190
599,H,Z,0.1420,0.0022,0.0008,0.0002,0.0014,0.0977,0.0407,0.0919,0.0445,0.0471,0.0004,0.0486,0.0001,0.3257,0.5224,30841.761
600,Z,H,0.1936,0.0024,0.0007,0.0002,0.0019,0.1530,0.4069,0.2375,0.0362,0.0879,0.0007,0.0465,0.0002,0.9289,1.1763,30892.975
601,H,Z,0.2009,0.0039,0.0012,0.0004,0.0025,0.1414,0.0461,0.1831,0.0972,0.0537,0.0007,0.0460,0.0002,0.5285,0.7861,30943.795
602,Z,H,0.2235,0.0026,0.0009,0.0002,0.0027,0.1709,0.3797,0.2596,0.0394,0.1293,0.0014,0.0552,0.0002,0.9867,1.2748,30995.115
603,H,Z,0.1359,0.0022,0.0010,0.0001,0.0016,0.0950,0.0395,0.0961,0.0405,0.0662,0.0008,0.0491,0.0001,0.3431,0.5354,31045.699
604,Z,H,0.2094,0.0029,0.0007,0.0002,0.0031,0.1577,0.3897,0.2549,0.0362,0.0977,0.0027,0.0583,0.0002,0.9443,1.2233,31096.960
605,H,Z,0.1310,0.0021,0.0007,0.0003,0.0017,0.0913,0.0336,0.0917,0.0486,0.0718,0.0013,0.0578,0.0002,0.3428,0.5390,31147.551
606,Z,H,0.2067,0.0029,0.0008,0.0003,0.0028,0.1759,0.4175,0.2502,0.0376,0.1280,0.0169,0.0668,0.0001,1.0173,1.3160,31198.899
607,H,Z,0.1447,0.0027,0.0008,0.0002,0.0017,0.0986,0.0431,0.1092,0.0459,0.0489,0.0011,0.0529,0.0002,0.3505,0.5563,31249.494
608,Z,H,0.1987,0.0026,0.0007,0.0003,0.0025,0.1658,0.4307,0.2423,0.0352,0.1232,0.0079,0.0521,0.0001,1.0050,1.2714,31300.809
609,H,Z,0.1464,0.0022,0.0006,0.0003,0.0017,0.0936,0.0383,0.1029,0.0496,0.0576,0.0014,0.0595,0.0002,0.3485,0.5622,31351.405
610,Z,H,0.2136,0.0026,0.0007,0.0002,0.0025,0.1495,0.4109,0.2312,0.0358,0.0926,0.0071,0.0473,0.0001,0.9283,1.2036,31402.654
611,H,Z,0.1472,0.0026,0.0010,0.0001,0.0018,0.1005,0.0406,0.1075,0.0523,0.0465,0.0008,0.0532,0.0002,0.3528,0.5611,31453.248
612,Z,H,0.2031,0.0025,0.0010,0.0002,0.0025,0.1644,0.3690,0.2509,0.0362,0.1249,0.0010,0.0511,0.0002,0.9566,1.2193,31504.509
613,H,Z,0.1803,0.0028,0.0013,0.0002,0.0021,0.1123,0.0454,0.0952,0.0446,0.0462,0.0009,0.0502,0.0002,0.3488,0.5883,31555.132
614,Z,H,0.2691,0.0035,0.0009,0.0003,0.0028,0.1808,0.4840,0.3293,0.0513,0.1143,0.0007,0.0616,0.0003,1.1690,1.5098,31606.707
615,H,Z,0.1436,0.0025,0.0008,0.0002,0.0016,0.0959,0.0408,0.0985,0.0464,0.0593,0.0004,0.0331,0.0001,0.3455,0.5289,31657.288
616,Z,H,0.2821,0.0041,0.0008,0.0003,0.0035,0.2249,0.7434,0.5209,0.0860,0.1004,0.0009,0.0448,0.0004,1.6838,2.0224,31709.349
617,H,Z,0.1360,0.0022,0.0007,0.0002,0.0015,0.0970,0.0399,0.1038,0.0477,0.0483,0.0162,0.0485,0.0002,0.3420,0.5487,31759.952
618,Z,H,0.2952,0.0040,0.0010,0.0003,0.0044,0.2251,0.8112,0.5241,0.1313,0.1109,0.0009,0.0539,0.0002,1.8139,2.1755,31812.172
619,H,Z,0.1312,0.0026,0.0009,0.0003,0.0015,0.0928,0.0393,0.1046,0.0496,0.0544,0.0159,0.0489,0.0002,0.3481,0.5511,31862.754
620,Z,H,0.2095,0.0024,0.0008,0.0002,0.0022,0.1591,0.3715,0.2592,0.0362,0.1181,0.0005,0.0446,0.0002,0.9506,1.2122,31913.991
621,H,Z,0.1416,0.0026,0.0009,0.0003,0.0017,0.0968,0.0406,0.1109,0.0481,0.0669,0.0222,0.0505,0.0002,0.3674,0.5887,31964.606
622,Z,H,0.2622,0.0021,0.0008,0.0002,0.0021,0.1598,0.3832,0.2476,0.0357,0.0944,0.0069,0.0553,0.0003,0.9278,1.2590,32015.901
623,H,Z,0.1404,0.0027,0.0009,0.0002,0.0018,0.0955,0.0440,0.1167,0.0488,0.0575,0.0016,0.0622,0.0003,0.3692,0.5809,32066.523
624,Z,H,0.2528,0.0021,0.0007,0.0001,0.0022,0.2216,0.4233,0.2400,0.0351,0.1148,0.0008,0.0447,0.0002,1.0465,1.3514,32117.908
625,H,Z,0.1443,0.0021,0.0008,0.0002,0.0018,0.0969,0.0378,0.1009,0.0420,0.0592,0.0008,0.0481,0.0002,0.3412,0.5408,32168.484
626,Z,H,0.1982,0.0028,0.0009,0.0003,0.0027,0.1633,0.4213,0.2672,0.0430,0.1165,0.0017,0.0663,0.0002,1.0207,1.2955,32219.819
627,H,Z,0.1515,0.0033,0.0011,0.0001,0.0018,0.1149,0.0452,0.1123,0.0464,0.0620,0.0203,0.0479,0.0003,0.3869,0.6151,32270.481
628,Z,H,0.2691,0.0026,0.0010,0.0002,0.0032,0.1777,0.4790,0.3243,0.0497,0.1357,0.0007,0.0533,0.0003,1.1757,1.5078,32322.021
629,H,Z,0.1415,0.0024,0.0009,0.0001,0.0017,0.0962,0.0394,0.0977,0.0426,0.0567,0.0007,0.0408,0.0002,0.3396,0.5292,32372.577
630,Z,H,0.2714,0.0039,0.0009,0.0003,0.0032,0.1662,0.4378,0.3510,0.0586,0.0966,0.0008,0.0511,0.0002,1.1190,1.4523,32424.065
631,H,Z,0.2163,0.0042,0.0012,0.0005,0.0029,0.1556,0.0543,0.1966,0.1072,0.0990,0.0279,0.0621,0.0003,0.6188,0.9365,32475.047
632,Z,H,0.2640,0.0028,0.0010,0.0005,0.0030,0.2074,0.5141,0.3136,0.0520,0.1104,0.0015,0.0601,0.0003,1.2070,1.5418,32526.639
633,H,Z,0.1378,0.0022,0.0006,0.0001,0.0014,0.0937,0.0334,0.0946,0.0406,0.0462,0.0004,0.0456,0.0001,0.3118,0.5015,32577.175
634,Z,H,0.2004,0.0028,0.0009,0.0002,0.0022,0.1473,0.4194,0.2314,0.0552,0.0954,0.0007,0.0584,0.0002,0.9568,1.2243,32628.450
635,H,Z,0.1271,0.0022,0.0008,0.0001,0.0010,0.0941,0.0322,0.0851,0.0492,0.0481,0.0102,0.0446,0.0001,0.3129,0.5001,32678.982
636,Z,H,0.1950,0.0025,0.0006,0.0002,0.0022,0.1605,0.3775,0.2522,0.0365,0.1048,0.0149,0.0626,0.0002,0.9391,1.2185,32730.244
637,H,Z,0.1440,0.0024,0.0006,0.0001,0.0018,0.0915,0.0364,0.0950,0.0442,0.0661,0.0045,0.0600,0.0002,0.3398,0.5550,32780.837
638,Z,H,0.2900,0.0041,0.0010,0.0003,0.0041,0.2317,0.7449,0.2460,0.0369,0.0959,0.0008,0.0501,0.0002,1.3641,1.7167,32832.602
639,H,Z,0.2037,0.0034,0.0012,0.0004,0.0021,0.1613,0.0481,0.1869,0.1005,0.0484,0.0007,0.0490,0.0002,0.5511,0.8135,32883.453
640,Z,H,0.2102,0.0026,0.0010,0.0002,0.0036,0.1562,0.3738,0.3223,0.0517,0.1016,0.0170,0.0469,0.0001,1.0156,1.2990,32934.789
641,H,Z,0.1506,0.0022,0.0008,0.0001,0.0014,0.1020,0.0397,0.1001,0.0485,0.0632,0.0064,0.0354,0.0002,0.3588,0.5573,32985.386
642,Z,H,0.2017,0.0018,0.0009,0.0002,0.0026,0.1609,0.4218,0.2503,0.0382,0.1181,0.0214,0.0589,0.0002,0.9985,1.2877,33036.715
643,H,Z,0.1466,0.0027,0.0008,0.0003,0.0015,0.0990,0.0403,0.1050,0.0441,0.0463,0.0040,0.0625,0.0002,0.3407,0.5606,33087.327
644,Z,H,0.1862,0.0019,0.0008,0.0001,0.0021,0.1462,0.3864,0.2419,0.0352,0.0995,0.0008,0.0323,0.0002,0.9168,1.1421,33138.503
645,H,Z,0.1382,0.0030,0.0008,0.0004,0.0018,0.0960,0.0410,0.1068,0.0439,0.0780,0.0005,0.0485,0.0001,0.3699,0.5647,33189.096
646,Z,H,0.2078,0.0032,0.0011,0.0003,0.0026,0.1633,0.4342,0.2502,0.0370,0.1209,0.0010,0.0514,0.0001,1.0132,1.2824,33240.409
647,H,Z,0.1684,0.0026,0.0007,0.0003,0.0015,0.1028,0.0340,0.0919,0.0566,0.0749,0.0015,0.0558,0.0002,0.3652,0.5977,33291.043
648,Z,H,0.1984,0.0024,0.0005,0.0003,0.0021,0.1593,0.3711,0.2705,0.0367,0.1026,0.0009,0.0429,0.0002,0.9482,1.1973,33342.291
649,H,Z,0.2052,0.0061,0.0012,0.0003,0.0040,0.1916,0.0548,0.2149,0.1081,0.0710,0.0179,0.0641,0.0002,0.6477,0.9485,33393.288
650,Z,H,0.2052,0.0028,0.0011,0.0002,0.0029,0.1687,0.3745,0.2513,0.0368,0.0904,0.0007,0.0487,0.0002,0.9293,1.1925,33444.524
651,H,Z,0.1425,0.0027,0.0009,0.0003,0.0017,0.0993,0.0535,0.1109,0.0488,0.0753,0.0054,0.0662,0.0002,0.3946,0.6161,33495.190
652,Z,H,0.2075,0.0034,0.0007,0.0004,0.0033,0.1546,0.4193,0.2499,0.0393,0.1261,0.0010,0.0462,0.0002,0.9973,1.2618,33546.491
653,H,Z,0.2282,0.0051,0.0012,0.0005,0.0031,0.1738,0.0549,0.1873,0.1102,0.0516,0.0151,0.0400,0.0002,0.5857,0.8811,33597.408
654,Z,H,0.2127,0.0026,0.0010,0.0002,0.0026,0.1741,0.3970,0.2621,0.0372,0.0994,0.0020,0.0361,0.0001,0.9776,1.2363,33648.691
655,H,Z,0.1437,0.0022,0.0007,0.0002,0.0015,0.0916,0.0352,0.0922,0.0431,0.1159,0.0008,0.0436,0.0001,0.3835,0.5776,33699.366
656,Z,H,0.2110,0.0031,0.0009,0.0002,0.0034,0.1602,0.4136,0.2665,0.0397,0.1121,0.0168,0.0434,0.0002,0.9996,1.2804,33750.690
657,H,Z,0.1458,0.0026,0.0008,0.0001,0.0016,0.0965,0.0411,0.1161,0.0451,0.0662,0.0009,0.0500,0.0002,0.3703,0.5737,33801.293
658,Z,H,0.1905,0.0021,0.0006,0.0002,0.0020,0.1567,0.3706,0.2266,0.0359,0.1117,0.0008,0.0291,0.0001,0.9082,1.1348,33852.455
659,H,Z,0.1360,0.0025,0.0006,0.0002,0.0013,0.0945,0.0361,0.0924,0.0510,0.0924,0.0007,0.0325,0.0002,0.3704,0.5454,33903.027
660,Z,H,0.2059,0.0029,0.0009,0.0002,0.0026,0.1554,0.3728,0.2608,0.0365,0.1000,0.0163,0.0488,0.0003,0.9320,1.2113,33954.270
661,H,Z,0.1419,0.0021,0.0007,0.0001,0.0018,0.0974,0.0420,0.1090,0.0499,0.0482,0.0152,0.0541,0.0001,0.3509,0.5682,34004.876
662,Z,H,0.2427,0.0023,0.0007,0.0001,0.0023,0.1569,0.3949,0.2721,0.0378,0.1196,0.0009,0.0382,0.0002,0.9895,1.2779,34056.202
663,H,Z,0.1307,0.0027,0.0009,0.0001,0.0016,0.0933,0.0370,0.0963,0.0468,0.0494,0.0058,0.0584,0.0003,0.3282,0.5298,34106.811
664,Z,H,0.2566,0.0021,0.0007,0.0003,0.0027,0.1573,0.3827,0.2575,0.0350,0.0984,0.0013,0.0577,0.0002,0.9396,1.2628,34158.124
665,H,Z,0.1467,0.0030,0.0008,0.0003,0.0015,0.1155,0.0448,0.1104,0.0504,0.0658,0.0176,0.0508,0.0002,0.3924,0.6144,34208.770
666,Z,H,0.2415,0.0027,0.0008,0.0003,0.0029,0.1667,0.4219,0.2528,0.0362,0.1059,0.0005,0.0361,0.0001,0.9907,1.2774,34260.080
667,H,Z,0.2101,0.0052,0.0010,0.0004,0.0032,0.1473,0.0543,0.1944,0.1072,0.0637,0.0010,0.0495,0.0002,0.5733,0.8458,34310.963
668,Z,H,0.2071,0.0029,0.0008,0.0003,0.0023,0.1625,0.3979,0.2513,0.0369,0.1120,0.0009,0.0378,0.0002,0.9710,1.2247,34362.238
669,H,Z,0.2039,0.0045,0.0010,0.0004,0.0026,0.1491,0.0520,0.2570,0.0854,0.0493,0.0009,0.0483,0.0002,0.5997,0.8634,34413.135
670,Z,H,0.2077,0.0029,0.0007,0.0002,0.0026,0.1559,0.4243,0.2410,0.0392,0.1121,0.0151,0.0503,0.0002,0.9802,1.2613,34464.428
671,H,Z,0.1432,0.0028,0.0008,0.0002,0.0019,0.0947,0.0383,0.1024,0.0521,0.0637,0.0064,0.0401,0.0002,0.3570,0.5541,34515.018
672,Z,H,0.2133,0.0028,0.0012,0.0002,0.0025,0.1610,0.3931,0.2605,0.0400,0.1769,0.0012,0.0584,0.0003,1.0417,1.3233,34566.390
673,H,Z,0.2154,0.0049,0.0010,0.0005,0.0032,0.1468,0.0535,0.1686,0.0525,0.0521,0.0014,0.0640,0.0002,0.4831,0.7757,34617.207
674,Z,H,0.3015,0.0043,0.0013,0.0005,0.0040,0.2324,0.7210,0.5536,0.0872,0.0992,0.0010,0.0586,0.0003,1.7038,2.0771,34669.330
675,H,Z,0.1526,0.0030,0.0013,0.0004,0.0019,0.1024,0.0485,0.1163,0.0495,0.0747,0.0004,0.0522,0.0001,0.3959,0.6095,34719.976
676,Z,H,0.2061,0.0033,0.0008,0.0004,0.0025,0.1599,0.4023,0.2601,0.0377,0.0941,0.0012,0.0464,0.0002,0.9645,1.2275,34771.235
677,H,Z,0.1374,0.0025,0.0006,0.0002,0.0014,0.0959,0.0391,0.1018,0.0415,0.0510,0.0165,0.0578,0.0002,0.3350,0.5532,34821.833
678,Z,H,0.2042,0.0026,0.0006,0.0003,0.0024,0.1599,0.4817,0.2672,0.0373,0.1033,0.0009,0.0585,0.0002,1.0583,1.3295,34873.215
679,H,Z,0.1551,0.0033,0.0009,0.0003,0.0022,0.1006,0.0462,0.1194,0.0564,0.0547,0.0009,0.0594,0.0003,0.3835,0.6071,34923.855
680,Z,H,0.2185,0.0025,0.0008,0.0003,0.0023,0.1441,0.4250,0.2500,0.0387,0.1076,0.0009,0.0374,0.0003,0.9726,1.2368,34975.125
681,H,Z,0.1347,0.0021,0.0007,0.0001,0.0015,0.0951,0.0369,0.1041,0.0428,0.0568,0.0280,0.0531,0.0002,0.3402,0.5621,35025.715
682,Z,H,0.2896,0.0027,0.0011,0.0003,0.0041,0.2356,0.3849,0.2812,0.0389,0.1167,0.0007,0.0490,0.0002,1.0659,1.4150,35077.162
683,H,Z,0.1349,0.0020,0.0007,0.0002,0.0013,0.0968,0.0353,0.0925,0.0491,0.0522,0.0026,0.0580,0.0002,0.3309,0.5321,35127.766
684,Z,H,0.2183,0.0026,0.0007,0.0004,0.0025,0.1622,0.3681,0.2453,0.0367,0.0965,0.0010,0.0544,0.0002,0.9170,1.1985,35179.010
685,H,Z,0.2063,0.0041,0.0010,0.0003,0.0026,0.1662,0.0370,0.1048,0.0432,0.0709,0.0008,0.0576,0.0002,0.4287,0.7037,35229.747
686,Z,H,0.2294,0.0026,0.0007,0.0002,0.0025,0.1540,0.3738,0.2503,0.0369,0.0985,0.0012,0.0540,0.0002,0.9226,1.2150,35281.003
687,H,Z,0.1497,0.0028,0.0008,0.0003,0.0017,0.0973,0.0460,0.0999,0.0474,0.0569,0.0009,0.0647,0.0004,0.3529,0.5760,35331.622
688,Z,H,0.2079,0.0027,0.0008,0.0002,0.0025,0.1645,0.3746,0.2389,0.0377,0.1108,0.0010,0.0597,0.0003,0.9354,1.2119,35382.877
689,H,Z,0.1471,0.0029,0.0009,0.0003,0.0020,0.0938,0.0410,0.1078,0.0551,0.0500,0.0231,0.0410,0.0002,0.3529,0.5718,35433.500
690,Z,H,0.1965,0.0018,0.0008,0.0001,0.0026,0.1525,0.3794,0.2356,0.0389,0.1235,0.0008,0.0515,0.0003,0.9375,1.1931,35484.725
691,H,Z,0.1422,0.0019,0.0007,0.0001,0.0012,0.0896,0.0327,0.0912,0.0494,0.0593,0.0072,0.0474,0.0001,0.3268,0.5291,35535.290
692,Z,H,0.2715,0.0029,0.0011,0.0003,0.0030,0.2157,0.5494,0.3301,0.0497,0.1059,0.0008,0.0496,0.0002,1.2613,1.5921,35586.918
693,H,Z,0.1528,0.0039,0.0013,0.0003,0.0017,0.0944,0.0427,0.1041,0.0450,0.0473,0.0276,0.0556,0.0001,0.3379,0.5829,35637.534
694,Z,H,0.2519,0.0022,0.0010,0.0002,0.0035,0.1981,0.7141,0.6008,0.0880,0.1038,0.0009,0.0495,0.0002,1.7148,2.0257,35689.600
695,H,Z,0.2112,0.0039,0.0008,0.0003,0.0021,0.1481,0.0468,0.1811,0.1057,0.0492,0.0010,0.0540,0.0003,0.5382,0.8137,35740.483
696,Z,H,0.2824,0.0028,0.0009,0.0003,0.0035,0.2406,0.7655,0.3408,0.0411,0.0877,0.0007,0.0418,0.0001,1.4845,1.8186,35792.336
697,H,Z,0.1383,0.0021,0.0008,0.0002,0.0015,0.0913,0.0362,0.1002,0.0498,0.0593,0.0008,0.0464,0.0001,0.3409,0.5323,35842.939
698,Z,H,0.2092,0.0027,0.0009,0.0003,0.0024,0.1507,0.4050,0.2622,0.0382,0.1115,0.0009,0.0469,0.0002,0.9747,1.2395,35894.207
699,H,Z,0.1347,0.0024,0.0008,0.0002,0.0014,0.0952,0.0366,0.0961,0.0445,0.0605,0.0013,0.0592,0.0002,0.3392,0.5408,35944.802
700,Z,H,0.2180,0.0023,0.0011,0.0003,0.0021,0.1502,0.3778,0.2588,0.0448,0.0989,0.0184,0.0490,0.0002,0.9374,1.2299,35996.072
701,H,Z,0.1414,0.0023,0.0009,0.0002,0.0015,0.0970,0.0389,0.1094,0.0481,0.0570,0.0160,0.0473,0.0002,0.3561,0.5671,36046.672
702,Z,H,0.2024,0.0022,0.0007,0.0002,0.0024,0.1591,0.4164,0.2495,0.0377,0.1415,0.0191,0.0454,0.0001,1.0115,1.2850,36097.988
703,H,Z,0.1316,0.0020,0.0006,0.0001,0.0019,0.0904,0.0358,0.0954,0.0446,0.0384,0.0166,0.0541,0.0001,0.3085,0.5169,36148.531
704,Z,H,0.2904,0.0160,0.0008,0.0005,0.0043,0.2325,0.7106,0.5297,0.0894,0.1284,0.0008,0.0355,0.0002,1.7002,2.0509,36200.614
705,H,Z,0.2201,0.0042,0.0009,0.0004,0.0026,0.1475,0.0486,0.1850,0.0993,0.0543,0.0265,0.0598,0.0002,0.5413,0.8578,36251.570
706,Z,H,0.3195,0.0041,0.0010,0.0004,0.0041,0.2422,0.7776,0.5329,0.0869,0.1006,0.0038,0.0498,0.0002,1.7491,2.1341,36303.744
707,H,Z,0.1502,0.0020,0.0008,0.0002,0.0016,0.0981,0.0369,0.0977,0.0459,0.0609,0.0234,0.0529,0.0002,0.3449,0.5773,36354.353
708,Z,H,0.2542,0.0030,0.0010,0.0002,0.0026,0.2054,0.4287,0.2781,0.0529,0.1143,0.0007,0.0594,0.0002,1.0885,1.4113,36405.800
709,H,Z,0.2038,0.0053,0.0010,0.0002,0.0027,0.1696,0.0506,0.1806,0.1002,0.0707,0.0008,0.0458,0.0002,0.5785,0.8399,36456.683
710,Z,H,0.2081,0.0024,0.0007,0.0002,0.0025,0.1582,0.3992,0.2560,0.0361,0.1206,0.0031,0.0471,0.0002,0.9775,1.2430,36507.955
711,H,Z,0.1441,0.0021,0.0006,0.0001,0.0016,0.1024,0.0365,0.0954,0.0414,0.0451,0.0198,0.0437,0.0002,0.3253,0.5388,36558.525
712,Z,H,0.1974,0.0024,0.0012,0.0002,0.0022,0.1653,0.3723,0.2372,0.0389,0.0951,0.0049,0.0596,0.0004,0.9178,1.1874,36609.772
713,H,Z,0.1663,0.0028,0.0009,0.0002,0.0017,0.0956,0.0430,0.1152,0.0466,0.0609,0.0271,0.0596,0.0002,0.3662,0.6265,36660.432
714,Z,H,0.2033,0.0022,0.0009,0.0002,0.0021,0.1537,0.4182,0.2472,0.0394,0.1187,0.0007,0.0329,0.0002,0.9849,1.2285,36711.691
715,H,Z,0.2212,0.0036,0.0010,0.0003,0.0025,0.1463,0.0488,0.1825,0.1029,0.0738,0.0012,0.0603,0.0002,0.5618,0.8542,36762.581
716,Z,H,0.2008,0.0021,0.0010,0.0001,0.0024,0.1571,0.4405,0.2358,0.0374,0.1056,0.0007,0.0451,0.0002,0.9845,1.2382,36813.851
717,H,Z,0.1270,0.0021,0.0007,0.0001,0.0012,0.0947,0.0385,0.1019,0.0489,0.0518,0.0024,0.0565,0.0002,0.3410,0.5326,36864.422
718,Z,H,0.1962,0.0021,0.0005,0.0001,0.0021,0.1422,0.4186,0.2247,0.0367,0.0899,0.0020,0.0340,0.0001,0.9242,1.1629,36915.617
719,H,Z,0.2142,0.0047,0.0011,0.0002,0.0026,0.1546,0.0506,0.1902,0.1050,0.0616,0.0053,0.0599,0.0003,0.5684,0.8590,36966.516
720,Z,H,0.2031,0.0027,0.0011,0.0001,0.0026,0.1586,0.4196,0.2539,0.0378,0.1215,0.0009,0.0436,0.0001,0.9994,1.2553,37017.809
721,H,Z,0.1766,0.0027,0.0009,0.0002,0.0018,0.1232,0.0397,0.1183,0.0643,0.0534,0.0009,0.0633,0.0002,0.4050,0.6529,37068.519
722,Z,H,0.2013,0.0025,0.0010,0.0002,0.0024,0.1619,0.3957,0.2313,0.0365,0.0942,0.0092,0.0447,0.0002,0.9270,1.1901,37119.744
723,H,Z,0.1317,0.0016,0.0006,0.0001,0.0012,0.0921,0.0327,0.0823,0.0430,0.0477,0.0005,0.0470,0.0001,0.3016,0.4862,37170.261
724,Z,H,0.2390,0.0034,0.0010,0.0004,0.0031,0.1534,0.4048,0.2701,0.0467,0.1270,0.0009,0.0624,0.0003,1.0118,1.3242,37221.622
725,H,Z,0.1539,0.0019,0.0009,0.0002,0.0020,0.1054,0.0367,0.1021,0.0434,0.0600,0.0008,0.0522,0.0002,0.3524,0.5660,37272.257
726,Z,H,0.2085,0.0024,0.0007,0.0003,0.0020,0.1439,0.4324,0.2377,0.0367,0.1113,0.0008,0.0448,0.0002,0.9697,1.2307,37323.527
727,H,Z,0.1623,0.0023,0.0007,0.0002,0.0018,0.1009,0.0402,0.0913,0.0427,0.0442,0.0058,0.0532,0.0002,0.3257,0.5537,37374.122
728,Z,H,0.2014,0.0027,0.0007,0.0002,0.0025,0.1604,0.3948,0.2654,0.0384,0.1152,0.0013,0.0682,0.0003,0.9844,1.2630,37425.428
729,H,Z,0.2191,0.0046,0.0017,0.0004,0.0032,0.1650,0.0537,0.1954,0.1022,0.0623,0.0210,0.0568,0.0003,0.5854,0.8948,37476.402
730,Z,H,0.2076,0.0030,0.0019,0.0003,0.0025,0.1653,0.3804,0.2454,0.0383,0.1070,0.0008,0.0471,0.0002,0.9471,1.2121,37527.643
731,H,Z,0.1686,0.0086,0.0010,0.0004,0.0021,0.1369,0.0470,0.1324,0.0663,0.0604,0.0010,0.0398,0.0002,0.4491,0.6722,37578.355
732,Z,H,0.2039,0.0028,0.0008,0.0002,0.0022,0.1591,0.4477,0.2432,0.0385,0.1030,0.0008,0.0481,0.0002,1.0004,1.2607,37629.651
733,H,Z,0.1320,0.0021,0.0008,0.0002,0.0014,0.0959,0.0356,0.0908,0.0483,0.0694,0.0011,0.0550,0.0002,0.3454,0.5399,37680.247
734,Z,H,0.2098,0.0024,0.0009,0.0003,0.0022,0.1550,0.4136,0.2524,0.0375,0.1053,0.0005,0.0478,0.0001,0.9714,1.2368,37731.515
735,H,Z,0.2140,0.0041,0.0011,0.0005,0.0027,0.1628,0.0519,0.2162,0.1131,0.0634,0.0008,0.0517,0.0003,0.6132,0.8903,37782.506
736,Z,H,0.2822,0.0030,0.0006,0.0004,0.0036,0.2804,0.3709,0.2494,0.0373,0.1238,0.0006,0.0615,0.0002,1.0717,1.4255,37833.964
737,H,Z,0.1366,0.0022,0.0006,0.0001,0.0014,0.0962,0.0388,0.0885,0.0422,0.0572,0.0005,0.0447,0.0001,0.3274,0.5148,37884.518
738,Z,H,0.3415,0.0054,0.0011,0.0003,0.0044,0.2515,0.7833,0.2938,0.0396,0.1001,0.0007,0.0548,0.0001,1.4771,1.8874,37936.436
739,H,Z,0.1451,0.0023,0.0010,0.0002,0.0014,0.0993,0.0366,0.0931,0.0525,0.0581,0.0009,0.0513,0.0002,0.3451,0.5489,37987.019
740,Z,H,0.1911,0.0022,0.0007,0.0002,0.0020,0.1492,0.3645,0.2555,0.0366,0.0985,0.0007,0.0506,0.0002,0.9115,1.1603,38038.210
741,H,Z,0.1885,0.0035,0.0007,0.0003,0.0020,0.1483,0.0438,0.1829,0.1212,0.0573,0.0253,0.0514,0.0002,0.5588,0.8324,38089.078
742,Z,H,0.2042,0.0024,0.0008,0.0001,0.0028,0.1567,0.4050,0.2430,0.0362,0.1121,0.0008,0.0342,0.0002,0.9601,1.2071,38140.331
743,H,Z,0.2034,0.0042,0.0010,0.0004,0.0025,0.1477,0.0491,0.2137,0.1015,0.0683,0.0010,0.0481,0.0002,0.5860,0.8487,38191.220
744,Z,H,0.2118,0.0021,0.0007,0.0001,0.0027,0.1528,0.3912,0.2579,0.0370,0.0899,0.0041,0.0524,0.0002,0.9381,1.2136,38242.474
745,H,Z,0.1453,0.0030,0.0009,0.0003,0.0016,0.0979,0.0444,0.1264,0.0548,0.0610,0.0030,0.0638,0.0002,0.3904,0.6102,38293.126
746,Z,H,0.1961,0.0019,0.0006,0.0002,0.0025,0.1439,0.4245,0.2369,0.0364,0.0853,0.0010,0.0533,0.0002,0.9345,1.1917,38344.364
747,H,Z,0.1340,0.0019,0.0006,0.0001,0.0016,0.0972,0.0363,0.0995,0.0481,0.0537,0.0278,0.0324,0.0001,0.3388,0.5385,38394.943
748,Z,H,0.2899,0.0038,0.0009,0.0004,0.0031,0.2272,0.7597,0.5123,0.1005,0.1059,0.0008,0.0446,0.0002,1.7154,2.0611,38447.039
749,H,Z,0.1377,0.0025,0.0008,0.0002,0.0016,0.0964,0.0395,0.0917,0.0455,0.0516,0.0164,0.0487,0.0002,0.3301,0.5397,38497.614
750,Z,H,0.2091,0.0025,0.0009,0.0003,0.0020,0.1445,0.3898,0.2481,0.0363,0.1201,0.0008,0.0554,0.0003,0.9469,1.2196,38548.874
751,H,Z,0.1742,0.0032,0.0009,0.0004,0.0018,0.0975,0.0378,0.1011,0.0510,0.0551,0.0017,0.0636,0.0002,0.3516,0.5994,38599.509
752,Z,H,0.1957,0.0020,0.0006,0.0001,0.0022,0.1491,0.4067,0.2375,0.0356,0.0975,0.0007,0.0446,0.0001,0.9341,1.1812,38650.727
753,H,Z,0.2095,0.0036,0.0010,0.0004,0.0030,0.1481,0.0474,0.1904,0.1007,0.0531,0.0009,0.0466,0.0002,0.5451,0.8121,38701.572
754,Z,H,0.2180,0.0026,0.0010,0.0003,0.0031,0.1716,0.4407,0.2351,0.0358,0.1057,0.0008,0.0567,0.0002,0.9973,1.2816,38752.889
755,H,Z,0.1318,0.0020,0.0007,0.0001,0.0012,0.0932,0.0329,0.0885,0.0497,0.0466,0.0026,0.0427,0.0002,0.3156,0.4979,38803.417
756,Z,H,0.1971,0.0027,0.0007,0.0002,0.0021,0.1774,0.4056,0.2366,0.0380,0.1337,0.0044,0.0479,0.0002,1.0012,1.2578,38854.722
757,H,Z,0.1414,0.0024,0.0008,0.0002,0.0013,0.0986,0.0387,0.0959,0.0441,0.0550,0.0070,0.0572,0.0002,0.3395,0.5513,38905.315
758,Z,H,0.2782,0.0034,0.0008,0.0003,0.0032,0.2418,0.6959,0.5268,0.0853,0.0868,0.0084,0.0509,0.0002,1.6472,1.9944,38957.358
759,H,Z,0.1296,0.0023,0.0006,0.0001,0.0012,0.0945,0.0372,0.1012,0.0445,0.0645,0.0013,0.0524,0.0002,0.3482,0.5371,39007.929
760,Z,H,0.2089,0.0027,0.0008,0.0002,0.0026,0.1631,0.4076,0.2567,0.0365,0.1156,0.0007,0.0444,0.0002,0.9873,1.2491,39059.215
761,H,Z,0.1896,0.0036,0.0009,0.0003,0.0023,0.1433,0.0440,0.1815,0.1160,0.0428,0.0145,0.0423,0.0002,0.5328,0.7883,39110.030
762,Z,H,0.2016,0.0022,0.0007,0.0002,0.0024,0.1539,0.3520,0.2427,0.0353,0.0976,0.0008,0.0329,0.0004,0.8881,1.1305,39161.188
763,H,Z,0.1427,0.0029,0.0008,0.0003,0.0018,0.1010,0.0446,0.1040,0.0518,0.0486,0.0017,0.0595,0.0004,0.3569,0.5685,39211.807
764,Z,H,0.2132,0.0027,0.0008,0.0004,0.0026,0.1651,0.4240,0.2586,0.0388,0.1486,0.0009,0.0483,0.0002,1.0446,1.3153,39263.159
765,H,Z,0.1733,0.0029,0.0009,0.0003,0.0015,0.0970,0.0373,0.1035,0.0450,0.0616,0.0182,0.0480,0.0001,0.3483,0.5950,39313.792
766,Z,H,0.2042,0.0025,0.0007,0.0003,0.0022,0.1562,0.4266,0.2378,0.0489,0.1155,0.0006,0.0399,0.0001,0.9913,1.2430,39365.062
767,H,Z,0.2188,0.0036,0.0009,0.0003,0.0016,0.1123,0.0432,0.1041,0.0501,0.0718,0.0005,0.0498,0.0001,0.3856,0.6631,39415.765
768,Z,H,0.2122,0.0028,0.0008,0.0002,0.0030,0.1486,0.4274,0.2441,0.0468,0.0920,0.0098,0.0482,0.0002,0.9697,1.2487,39467.054
769,H,Z,0.1391,0.0023,0.0007,0.0003,0.0015,0.1175,0.0412,0.1008,0.0493,0.0594,0.0198,0.0512,0.0002,0.3734,0.5899,39517.671
770,Z,H,0.2114,0.0030,0.0008,0.0003,0.0025,0.1586,0.4453,0.2488,0.0382,0.1010,0.0009,0.0553,0.0002,1.0003,1.2763,39568.981
771,H,Z,0.1450,0.0027,0.0007,0.0003,0.0018,0.0935,0.0386,0.0955,0.0501,0.0504,0.0056,0.0602,0.0003,0.3340,0.5519,39619.578
772,Z,H,0.2683,0.0027,0.0011,0.0005,0.0025,0.1584,0.4007,0.2516,0.0397,0.0969,0.0009,0.0529,0.0002,0.9547,1.2855,39670.899
773,H,Z,0.2044,0.0042,0.0010,0.0004,0.0025,0.1431,0.0489,0.1869,0.0986,0.0671,0.0158,0.0486,0.0002,0.5514,0.8302,39721.796
774,Z,H,0.2250,0.0026,0.0008,0.0002,0.0025,0.1691,0.4056,0.2626,0.0375,0.1134,0.0008,0.0536,0.0003,0.9969,1.2840,39773.123
775,H,Z,0.2108,0.0035,0.0012,0.0006,0.0022,0.1193,0.0416,0.1141,0.0466,0.0607,0.0188,0.0767,0.0002,0.3886,0.7044,39823.877
776,Z,H,0.2194,0.0030,0.0010,0.0003,0.0030,0.1640,0.3933,0.2931,0.0401,0.1049,0.0012,0.0639,0.0002,1.0039,1.2976,39875.210
777,H,Z,0.2024,0.0043,0.0008,0.0005,0.0025,0.1447,0.0510,0.1993,0.0979,0.0743,0.0015,0.0610,0.0002,0.5742,0.8493,39926.190
778,Z,H,0.1960,0.0027,0.0008,0.0003,0.0024,0.1600,0.3676,0.2513,0.0358,0.0967,0.0219,0.0568,0.0002,0.9212,1.2039,39977.438
779,H,Z,0.1343,0.0022,0.0006,0.0001,0.0012,0.0928,0.0381,0.0973,0.0574,0.0647,0.0950,0.0590,0.0002,0.3554,0.6496,40028.121
780,Z,H,0.2015,0.0024,0.0006,0.0002,0.0025,0.1665,0.5847,0.5173,0.0867,0.0968,0.0007,0.0353,0.0002,1.4629,1.7074,40079.868
781,H,Z,0.1383,0.0023,0.0007,0.0002,0.0013,0.0914,0.0347,0.0937,0.0422,0.0565,0.0014,0.0564,0.0002,0.3242,0.5264,40130.428
782,Z,H,0.2587,0.0032,0.0010,0.0002,0.0030,0.2189,0.5304,0.3206,0.0530,0.1197,0.0190,0.0454,0.0003,1.2528,1.5853,40182.104
783,H,Z,0.1861,0.0025,0.0009,0.0004,0.0021,0.1165,0.0454,0.1287,0.0652,0.0482,0.0084,0.0618,0.0001,0.4092,0.6732,40232.820
784,Z,H,0.2011,0.0025,0.0007,0.0001,0.0024,0.1578,0.4333,0.2555,0.0404,0.1038,0.0009,0.0481,0.0002,0.9988,1.2563,40284.125
785,H,Z,0.2140,0.0039,0.0008,0.0004,0.0033,0.1480,0.0661,0.1935,0.1165,0.0525,0.0008,0.0554,0.0003,0.5825,0.8633,40335.017
786,Z,H,0.2093,0.0022,0.0011,0.0003,0.0026,0.1656,0.4463,0.2532,0.0387,0.1168,0.0012,0.0588,0.0003,1.0312,1.3082,40386.370
787,H,Z,0.1376,0.0024,0.0006,0.0001,0.0013,0.0898,0.0349,0.0920,0.0432,0.0856,0.0011,0.0594,0.0002,0.3501,0.5541,40436.972
788,Z,H,0.2039,0.0023,0.0007,0.0002,0.0024,0.1509,0.3750,0.2367,0.0354,0.1076,0.0009,0.0424,0.0002,0.9132,1.1673,40488.175
789,H,Z,0.2007,0.0041,0.0009,0.0003,0.0029,0.1440,0.0461,0.1876,0.1183,0.0529,0.0234,0.0475,0.0002,0.5550,0.8368,40539.088
790,Z,H,0.2023,0.0024,0.0010,0.0002,0.0021,0.1608,0.4330,0.2654,0.0381,0.1386,0.0016,0.0580,0.0002,1.0454,1.3147,40590.443
791,H,Z,0.2098,0.0043,0.0011,0.0003,0.0031,0.1448,0.0630,0.1887,0.0977,0.0655,0.0009,0.0546,0.0003,0.5674,0.8436,40641.333
792,Z,H,0.2051,0.0022,0.0007,0.0002,0.0021,0.1592,0.4269,0.2417,0.0361,0.1240,0.0008,0.0361,0.0001,0.9956,1.2440,40692.608
793,H,Z,0.1347,0.0023,0.0007,0.0002,0.0014,0.0971,0.0411,0.1036,0.0504,0.0645,0.0087,0.0630,0.0002,0.3614,0.5739,40743.232
794,Z,H,0.2004,0.0021,0.0006,0.0002,0.0022,0.1565,0.5804,0.4754,0.0800,0.1361,0.0007,0.0496,0.0002,1.4424,1.6998,40794.967
795,H,Z,0.2140,0.0043,0.0010,0.0004,0.0027,0.1536,0.0512,0.1998,0.1053,0.0628,0.0010,0.0689,0.0001,0.5794,0.8739,40845.920
796,Z,H,0.2018,0.0029,0.0008,0.0003,0.0022,0.1544,0.3608,0.2647,0.0366,0.0902,0.0008,0.0468,0.0002,0.9133,1.1723,40897.128
797,H,Z,0.1331,0.0020,0.0006,0.0002,0.0013,0.0959,0.0414,0.0961,0.0509,0.0623,0.0209,0.0465,0.0003,0.3510,0.5571,40947.712
798,Z,H,0.2099,0.0031,0.0009,0.0002,0.0027,0.1573,0.4033,0.2513,0.0385,0.1385,0.0009,0.0522,0.0003,0.9959,1.2675,40999.017
799,H,Z,0.1896,0.0030,0.0011,0.0005,0.0020,0.1081,0.0389,0.0994,0.0452,0.0519,0.0153,0.0388,0.0002,0.3493,0.6018,41049.653
800,Z,H,0.2026,0.0025,0.0007,0.0002,0.0024,0.1604,0.4132,0.2420,0.0381,0.1162,0.0079,0.0552,0.0002,0.9774,1.2504,41100.954
801,H,Z,0.1486,0.0027,0.0006,0.0001,0.0016,0.1043,0.0412,0.1116,0.0468,0.0634,0.0009,0.0585,0.0002,0.3722,0.5866,41151.576
802,Z,H,0.2000,0.0026,0.0006,0.0002,0.0020,0.1755,0.4094,0.2464,0.0361,0.0967,0.0188,0.0644,0.0002,0.9731,1.2632,41202.887
803,H,Z,0.1456,0.0027,0.0008,0.0003,0.0014,0.0969,0.0391,0.1002,0.0505,0.0651,0.0216,0.0528,0.0002,0.3568,0.5835,41253.503
804,Z,H,0.2962,0.0044,0.0012,0.0004,0.0036,0.2416,0.8138,0.5179,0.0876,0.1035,0.0009,0.0498,0.0002,1.7747,2.1334,41305.674
805,H,Z,0.1391,0.0022,0.0006,0.0002,0.0018,0.0969,0.0359,0.0985,0.0441,0.0512,0.0008,0.0466,0.0001,0.3316,0.5243,41356.229
806,Z,H,0.1965,0.0022,0.0007,0.0001,0.0022,0.1440,0.4252,0.2344,0.0366,0.1243,0.0013,0.0532,0.0002,0.9735,1.2314,41407.500
807,H,Z,0.1299,0.0020,0.0006,0.0002,0.0013,0.0899,0.0350,0.1197,0.0433,0.0461,0.0006,0.0515,0.0002,0.3385,0.5260,41458.052
808,Z,H,0.1924,0.0019,0.0008,0.0002,0.0025,0.1569,0.3616,0.2445,0.0350,0.1103,0.0008,0.0510,0.0002,0.9158,1.1668,41509.267
809,H,Z,0.1279,0.0022,0.0005,0.0002,0.0012,0.0958,0.0350,0.0959,0.0508,0.0423,0.0060,0.0325,0.0001,0.3256,0.4975,41559.796
810,Z,H,0.2090,0.0032,0.0011,0.0003,0.0027,0.1536,0.4258,0.2468,0.0387,0.1205,0.0009,0.0500,0.0003,0.9951,1.2640,41611.092
811,H,Z,0.1707,0.0033,0.0007,0.0003,0.0015,0.0935,0.0445,0.1056,0.0454,0.0416,0.0008,0.0468,0.0003,0.3354,0.5612,41661.693
812,Z,H,0.2174,0.0022,0.0007,0.0002,0.0025,0.1443,0.4166,0.2374,0.0349,0.1040,0.0007,0.0458,0.0002,0.9448,1.2159,41712.937
813,H,Z,0.1240,0.0018,0.0004,0.0002,0.0013,0.0941,0.0338,0.0960,0.0451,0.0477,0.0058,0.0400,0.0001,0.3217,0.4963,41763.469
814,Z,H,0.1983,0.0023,0.0006,0.0001,0.0022,0.1628,0.3838,0.2543,0.0359,0.1065,0.0158,0.0507,0.0002,0.9502,1.2218,41814.721
815,H,Z,0.2088,0.0042,0.0011,0.0005,0.0028,0.1410,0.0480,0.1867,0.1060,0.0597,0.0007,0.0472,0.0002,0.5484,0.8161,41865.579
816,Z,H,0.3169,0.0038,0.0011,0.0004,0.0039,0.2329,0.8136,0.5202,0.0880,0.1003,0.0008,0.0475,0.0003,1.7649,2.1414,41917.755
817,H,Z,0.1793,0.0026,0.0007,0.0002,0.0015,0.1606,0.0425,0.1022,0.0443,0.0539,0.0095,0.0582,0.0003,0.4092,0.6630,41968.466
818,Z,H,0.1895,0.0020,0.0006,0.0001,0.0016,0.1554,0.3812,0.2428,0.0353,0.0955,0.0012,0.0530,0.0002,0.9188,1.1683,42019.693
819,H,Z,0.1828,0.0025,0.0009,0.0002,0.0024,0.1178,0.0346,0.0982,0.0506,0.0441,0.0172,0.0507,0.0001,0.3495,0.6078,42070.345
820,Z,H,0.2056,0.0025,0.0008,0.0001,0.0023,0.1545,0.4389,0.2821,0.0385,0.1198,0.0010,0.0608,0.0003,1.0440,1.3190,42121.702
821,H,Z,0.1753,0.0022,0.0007,0.0002,0.0019,0.1059,0.0411,0.1126,0.0560,0.0605,0.0011,0.0556,0.0003,0.3826,0.6214,42172.359
822,Z,H,0.2205,0.0035,0.0011,0.0003,0.0025,0.1754,0.4198,0.2728,0.0387,0.1208,0.0025,0.0628,0.0002,1.0365,1.3314,42223.735
823,H,Z,0.1420,0.0023,0.0007,0.0002,0.0014,0.0908,0.0374,0.1776,0.0592,0.0439,0.0073,0.0490,0.0001,0.4137,0.6180,42274.382
824,Z,H,0.1909,0.0019,0.0006,0.0002,0.0021,0.1536,0.4248,0.2582,0.0364,0.0951,0.0162,0.0502,0.0002,0.9764,1.2398,42325.663
825,H,Z,0.1384,0.0023,0.0007,0.0002,0.0015,0.1010,0.0371,0.0922,0.0478,0.0699,0.0015,0.0600,0.0002,0.3554,0.5616,42376.265
826,Z,H,0.2046,0.0024,0.0011,0.0002,0.0026,0.1667,0.4259,0.2578,0.0374,0.1190,0.0008,0.0493,0.0001,1.0144,1.2770,42427.583
827,H,Z,0.1667,0.0024,0.0006,0.0002,0.0017,0.1178,0.0478,0.1142,0.0685,0.0744,0.0064,0.0448,0.0001,0.4282,0.6524,42478.269
828,Z,H,0.2002,0.0025,0.0008,0.0004,0.0022,0.1529,0.4113,0.2474,0.0373,0.1127,0.0176,0.0426,0.0002,0.9702,1.2380,42529.543
829,H,Z,0.1394,0.0025,0.0009,0.0001,0.0015,0.0928,0.0349,0.1031,0.0427,0.0571,0.0009,0.0500,0.0002,0.3359,0.5327,42580.107
830,Z,H,0.2154,0.0028,0.0010,0.0003,0.0028,0.1680,0.4345,0.2435,0.0399,0.1130,0.0165,0.0549,0.0001,1.0062,1.3014,42631.446
831,H,Z,0.1411,0.0023,0.0006,0.0001,0.0015,0.0956,0.0338,0.0936,0.0480,0.0448,0.0009,0.0422,0.0003,0.3208,0.5112,42681.991
832,Z,H,0.2857,0.0037,0.0008,0.0003,0.0034,0.2294,0.7562,0.5163,0.1025,0.0917,0.0008,0.0435,0.0002,1.7054,2.0452,42734.068
833,H,Z,0.2199,0.0040,0.0011,0.0003,0.0024,0.1502,0.0505,0.1917,0.1042,0.0568,0.0008,0.0614,0.0002,0.5592,0.8512,42784.955
834,Z,H,0.3115,0.0045,0.0011,0.0003,0.0044,0.2421,0.7327,0.5250,0.1040,0.1094,0.0010,0.0488,0.0003,1.7237,2.0979,42837.098
835,H,Z,0.1452,0.0024,0.0010,0.0002,0.0017,0.0976,0.0404,0.1003,0.0470,0.0538,0.0045,0.0515,0.0002,0.3444,0.5527,42887.703
836,Z,H,0.2083,0.0027,0.0008,0.0002,0.0020,0.1633,0.3904,0.2339,0.0361,0.0983,0.0008,0.0453,0.0002,0.9291,1.1906,42938.938
837,H,Z,0.1372,0.0027,0.0006,0.0003,0.0014,0.0928,0.0392,0.0937,0.0433,0.0595,0.0005,0.0414,0.0002,0.3324,0.5177,42989.484
838,Z,H,0.2914,0.0037,0.0007,0.0003,0.0034,0.2416,0.8112,0.5250,0.0886,0.1061,0.0007,0.0500,0.0003,1.7820,2.1341,43041.661
839,H,Z,0.1358,0.0024,0.0006,0.0002,0.0012,0.0965,0.0348,0.0918,0.0426,0.0485,0.0275,0.0447,0.0001,0.3181,0.5320,43092.227
840,Z,H,0.1916,0.0024,0.0007,0.0001,0.0023,0.1566,0.3843,0.2358,0.0362,0.1154,0.0008,0.0473,0.0002,0.9362,1.1828,43143.436
841,H,Z,0.1493,0.0028,0.0007,0.0003,0.0016,0.0984,0.0420,0.1196,0.0510,0.0551,0.0033,0.0631,0.0002,0.3722,0.5951,43194.071
842,Z,H,0.2640,0.0025,0.0009,0.0002,0.0034,0.1686,0.4336,0.3214,0.0432,0.1002,0.0013,0.0544,0.0002,1.0805,1.4094,43245.515
843,H,Z,0.1551,0.0024,0.0011,0.0003,0.0013,0.0895,0.0347,0.0997,0.0436,0.0481,0.0212,0.0567,0.0002,0.3212,0.5606,43296.112
844,Z,H,0.1979,0.0025,0.0006,0.0001,0.0025,0.1556,0.3961,0.2417,0.0349,0.1119,0.0010,0.0560,0.0003,0.9488,1.2108,43347.368
845,H,Z,0.1820,0.0028,0.0011,0.0002,0.0019,0.1006,0.0383,0.1030,0.0529,0.0644,0.0059,0.0629,0.0003,0.3647,0.6234,43398.029
846,Z,H,0.2456,0.0020,0.0006,0.0002,0.0024,0.2025,0.4659,0.2787,0.0483,0.1140,0.0050,0.0463,0.0003,1.1185,1.4222,43449.495
847,H,Z,0.1397,0.0024,0.0008,0.0002,0.0016,0.0942,0.0399,0.2351,0.0662,0.0510,0.0008,0.0431,0.0002,0.4923,0.6845,43500.215
848,Z,H,0.2945,0.0041,0.0009,0.0005,0.0043,0.2341,0.7628,0.5283,0.0929,0.0996,0.0009,0.0519,0.0002,1.7274,2.0868,43552.344
849,H,Z,0.1497,0.0028,0.0012,0.0004,0.0017,0.0940,0.0411,0.0957,0.0509,0.0526,0.0009,0.0495,0.0002,0.3399,0.5478,43602.922
850,Z,H,0.1971,0.0023,0.0006,0.0002,0.0023,0.1603,0.3835,0.2461,0.0353,0.0931,0.0005,0.0468,0.0001,0.9257,1.1768,43654.137
851,H,Z,0.1341,0.0020,0.0005,0.0001,0.0011,0.0881,0.0323,0.0877,0.0397,0.0663,0.0048,0.0536,0.0002,0.3191,0.5170,43704.704
852,Z,H,0.3045,0.0039,0.0011,0.0003,0.0035,0.2321,0.7751,0.2469,0.0375,0.1068,0.0007,0.0292,0.0002,1.4065,1.7517,43756.497
853,H,Z,0.2203,0.0042,0.0013,0.0003,0.0025,0.1969,0.0387,0.1099,0.0451,0.0530,0.0005,0.0492,0.0001,0.4483,0.7286,43807.253
854,Z,H,0.1999,0.0023,0.0008,0.0001,0.0019,0.1578,0.4063,0.2503,0.0355,0.0997,0.0015,0.0485,0.0001,0.9602,1.2167,43858.501
855,H,Z,0.2083,0.0047,0.0010,0.0004,0.0026,0.1606,0.0521,0.1974,0.0992,0.0641,0.0009,0.0391,0.0002,0.5808,0.8400,43909.375
856,Z,H,0.3258,0.0044,0.0014,0.0003,0.0046,0.2473,0.7734,0.4651,0.0423,0.1308,0.0006,0.0328,0.0002,1.6690,2.0407,43961.455
857,H,Z,0.1876,0.0022,0.0010,0.0002,0.0021,0.1125,0.0367,0.1028,0.0503,0.0461,0.0007,0.0519,0.0002,0.3538,0.6010,44012.098
858,Z,H,0.2018,0.0025,0.0007,0.0002,0.0021,0.1468,0.3637,0.2576,0.0374,0.1051,0.0008,0.0450,0.0002,0.9188,1.1733,44063.306
859,H,Z,0.1326,0.0018,0.0004,0.0002,0.0013,0.0916,0.0319,0.0856,0.0501,0.0561,0.0007,0.0437,0.0002,0.3207,0.5027,44113.851
860,Z,H,0.2023,0.0019,0.0011,0.0003,0.0025,0.1626,0.3775,0.2538,0.0360,0.1233,0.0006,0.0539,0.0002,0.9620,1.2264,44165.122
861,H,Z,0.2195,0.0049,0.0011,0.0005,0.0027,0.1500,0.0551,0.2069,0.1387,0.0640,0.0011,0.0610,0.0003,0.6218,0.9150,44216.130
862,Z,H,0.2798,0.0027,0.0011,0.0004,0.0036,0.2291,0.4450,0.2515,0.0379,0.1017,0.0071,0.0438,0.0002,1.0739,1.4142,44267.589
863,H,Z,0.1481,0.0028,0.0009,0.0003,0.0015,0.1243,0.0392,0.1028,0.0447,0.0566,0.0252,0.0565,0.0002,0.3736,0.6108,44318.243
864,Z,H,0.2470,0.0036,0.0009,0.0006,0.0030,0.1632,0.4525,0.2719,0.0408,0.1196,0.0259,0.0550,0.0003,1.0601,1.3983,44369.681
865,H,Z,0.1378,0.0026,0.0007,0.0004,0.0014,0.1010,0.0398,0.1066,0.0460,0.0585,0.0014,0.0584,0.0002,0.3608,0.5651,44420.282
866,Z,H,0.2039,0.0025,0.0008,0.0002,0.0024,0.1586,0.4659,0.2353,0.0371,0.1129,0.0020,0.0597,0.0004,1.0189,1.2925,44471.621
867,H,Z,0.1451,0.0028,0.0009,0.0002,0.0016,0.1073,0.0404,0.0974,0.0496,0.0473,0.0180,0.0619,0.0002,0.3472,0.5794,44522.245
868,Z,H,0.2099,0.0031,0.0008,0.0003,0.0026,0.1715,0.4281,0.2561,0.0392,0.1048,0.0016,0.0649,0.0002,1.0080,1.2931,44573.586
869,H,Z,0.2299,0.0053,0.0010,0.0004,0.0028,0.1559,0.0571,0.2023,0.1078,0.0548,0.0010,0.0516,0.0002,0.5841,0.8783,44624.540
870,Z,H,0.2098,0.0024,0.0010,0.0002,0.0026,0.1673,0.4708,0.2524,0.0385,0.1059,0.0007,0.0645,0.0002,1.0421,1.3247,44675.898
871,H,Z,0.1814,0.0030,0.0008,0.0003,0.0024,0.1027,0.0393,0.1022,0.0532,0.0441,0.0011,0.0516,0.0002,0.3479,0.5901,44726.525
872,Z,H,0.2634,0.0032,0.0009,0.0005,0.0030,0.1762,0.4729,0.3181,0.0434,0.1480,0.0008,0.0440,0.0002,1.1693,1.4866,44778.049
873,H,Z,0.1352,0.0021,0.0007,0.0003,0.0012,0.0933,0.0369,0.0949,0.0472,0.0477,0.0100,0.0473,0.0002,0.3248,0.5229,44828.595
874,Z,H,0.2108,0.0031,0.0006,0.0003,0.0026,0.1714,0.4249,0.2423,0.0372,0.0876,0.0052,0.0639,0.0003,0.9709,1.2593,44879.895
875,H,Z,0.1448,0.0030,0.0009,0.0003,0.0017,0.0932,0.0375,0.1023,0.0459,0.0521,0.0060,0.0464,0.0002,0.3364,0.5411,44930.478
876,Z,H,0.1978,0.0024,0.0008,0.0001,0.0025,0.1591,0.4236,0.2524,0.0382,0.1100,0.0031,0.0573,0.0002,0.9923,1.2580,44981.792
877,H,Z,0.1636,0.0027,0.0011,0.0003,0.0017,0.0920,0.0387,0.1037,0.0467,0.0519,0.0007,0.0568,0.0002,0.3382,0.5666,45032.395
878,Z,H,0.2448,0.0025,0.0006,0.0001,0.0023,0.1584,0.3739,0.2352,0.0369,0.1165,0.0074,0.0431,0.0002,0.9279,1.2301,45083.656
879,H,Z,0.2209,0.0037,0.0010,0.0003,0.0029,0.1470,0.0490,0.1922,0.1047,0.0577,0.0006,0.0494,0.0002,0.5566,0.8375,45134.532
880,Z,H,0.2057,0.0034,0.0007,0.0002,0.0024,0.1723,0.4142,0.2552,0.0369,0.1193,0.0011,0.0520,0.0002,1.0054,1.2725,45185.835
881,H,Z,0.2479,0.0051,0.0011,0.0006,0.0028,0.1903,0.0578,0.3054,0.1074,0.0584,0.0010,0.0483,0.0003,0.7266,1.0351,45236.923
882,Z,H,0.3139,0.0041,0.0010,0.0003,0.0045,0.2388,0.7347,0.5269,0.1087,0.1068,0.0007,0.0449,0.0002,1.7251,2.0966,45289.060
883,H,Z,0.2015,0.0041,0.0009,0.0004,0.0024,0.1702,0.0387,0.1119,0.0451,0.0542,0.0013,0.0599,0.0002,0.4266,0.6991,45339.796
884,Z,H,0.2215,0.0028,0.0010,0.0002,0.0025,0.1772,0.4021,0.2546,0.0382,0.1123,0.0014,0.0686,0.0003,0.9927,1.2928,45391.134
885,H,Z,0.1797,0.0030,0.0009,0.0002,0.0018,0.0958,0.0353,0.0930,0.0415,0.0618,0.0088,0.0555,0.0002,0.3321,0.5838,45441.755
886,Z,H,0.2459,0.0022,0.0007,0.0002,0.0024,0.1597,0.3871,0.2671,0.0573,0.0860,0.0205,0.0439,0.0001,0.9654,1.2823,45493.072
887,H,Z,0.1653,0.0024,0.0008,0.0002,0.0017,0.1220,0.0410,0.1142,0.0654,0.0489,0.0251,0.0556,0.0002,0.3983,0.6509,45543.771
888,Z,H,0.2995,0.0044,0.0009,0.0002,0.0038,0.2305,0.8022,0.5102,0.0862,0.1661,0.0009,0.0428,0.0003,1.8060,2.1605,45595.971
889,H,Z,0.2061,0.0037,0.0009,0.0003,0.0023,0.1447,0.0468,0.1790,0.0984,0.0525,0.0007,0.0455,0.0002,0.5279,0.7894,45646.788
890,Z,H,0.2024,0.0021,0.0007,0.0002,0.0019,0.1545,0.4060,0.2293,0.0361,0.1010,0.0070,0.0392,0.0001,0.9417,1.1963,45698.014
891,H,Z,0.1826,0.0027,0.0009,0.0002,0.0017,0.1096,0.0359,0.0982,0.0473,0.0656,0.0007,0.0459,0.0001,0.3612,0.5975,45748.651
892,Z,H,0.1963,0.0020,0.0005,0.0001,0.0021,0.1675,0.4242,0.2332,0.0354,0.0865,0.0050,0.0562,0.0002,0.9536,1.2174,45799.904
893,H,Z,0.2006,0.0036,0.0008,0.0003,0.0018,0.1428,0.0438,0.1775,0.1045,0.0686,0.0007,0.0378,0.0002,0.5430,0.7906,45850.728
894,Z,H,0.2100,0.0023,0.0005,0.0002,0.0022,0.1525,0.3941,0.2430,0.0360,0.1021,0.0080,0.0421,0.0002,0.9357,1.2022,45901.961
895,H,Z,0.1925,0.0035,0.0008,0.0003,0.0025,0.1384,0.0426,0.1731,0.0958,0.0506,0.0013,0.0551,0.0003,0.5066,0.7648,45952.767
896,Z,H,0.2409,0.0028,0.0012,0.0003,0.0029,0.1503,0.4099,0.2331,0.0463,0.1365,0.0022,0.0555,0.0002,0.9847,1.2925,46004.103
897,H,Z,0.1409,0.0023,0.0006,0.0002,0.0015,0.0989,0.0394,0.1009,0.0459,0.0622,0.0009,0.0526,0.0002,0.3518,0.5522,46054.697
898,Z,H,0.2095,0.0024,0.0007,0.0001,0.0021,0.1581,0.3962,0.2465,0.0377,0.1359,0.0011,0.0687,0.0002,0.9825,1.2686,46106.009
899,H,Z,0.1350,0.0022,0.0006,0.0002,0.0017,0.0920,0.0359,0.0925,0.0429,0.0624,0.0014,0.0595,0.0002,0.3309,0.5329,46156.603
900,Z,H,0.2177,0.0027,0.0011,0.0002,0.0026,0.1532,0.3699,0.2637,0.0365,0.1001,0.0009,0.0583,0.0002,0.9324,1.2179,46207.865
901,H,Z,0.1304,0.0019,0.0005,0.0002,0.0014,0.0915,0.0321,0.0894,0.0434,0.0453,0.0166,0.0402,0.0001,0.3060,0.4985,46258.397
902,Z,H,0.2102,0.0024,0.0006,0.0002,0.0026,0.1607,0.4425,0.2350,0.0382,0.0911,0.0007,0.0441,0.0002,0.9751,1.2374,46309.736
903,H,Z,0.1373,0.0017,0.0006,0.0001,0.0014,0.0971,0.0317,0.0890,0.0440,0.0448,0.0007,0.0420,0.0002,0.3118,0.4969,46360.260
904,Z,H,0.2989,0.0036,0.0010,0.0003,0.0040,0.2332,0.7443,0.5548,0.0886,0.1044,0.0014,0.0573,0.0002,1.7351,2.1037,46412.409
905,H,Z,0.1789,0.0028,0.0008,0.0002,0.0017,0.1209,0.0413,0.1235,0.0704,0.0583,0.0005,0.0543,0.0003,0.4195,0.6605,46463.124
906,Z,H,0.2092,0.0025,0.0008,0.0002,0.0020,0.1616,0.4329,0.2565,0.0361,0.1186,0.0007,0.0662,0.0002,1.0145,1.2978,46514.453
907,H,Z,0.1337,0.0019,0.0005,0.0002,0.0016,0.0903,0.0330,0.0886,0.0474,0.0451,0.0004,0.0442,0.0001,0.3084,0.4923,46564.975
908,Z,H,0.2735,0.0030,0.0009,0.0005,0.0026,0.2052,0.8924,0.5568,0.0808,0.1255,0.0008,0.0468,0.0001,1.8701,2.1998,46617.222
909,H,Z,0.1581,0.0027,0.0008,0.0003,0.0019,0.1022,0.0353,0.0932,0.0432,0.0620,0.0194,0.0495,0.0001,0.3413,0.5756,46667.824
910,Z,H,0.2350,0.0024,0.0007,0.0003,0.0022,0.1600,0.4459,0.2481,0.0363,0.1078,0.0007,0.0457,0.0001,1.0058,1.2941,46719.147
911,H,Z,0.1391,0.0026,0.0007,0.0003,0.0018,0.0944,0.0396,0.1011,0.0447,0.0515,0.0008,0.0472,0.0002,0.3362,0.5303,46769.743
912,Z,H,0.2233,0.0028,0.0010,0.0003,0.0027,0.1642,0.4034,0.2567,0.0521,0.0967,0.0007,0.0503,0.0004,0.9828,1.2676,46821.042
913,H,Z,0.1700,0.0023,0.0008,0.0002,0.0020,0.1018,0.0331,0.0916,0.0506,0.0465,0.0006,0.0441,0.0002,0.3278,0.5495,46871.622
914,Z,H,0.2283,0.0034,0.0009,0.0003,0.0030,0.1725,0.3871,0.2624,0.0376,0.0941,0.0014,0.0731,0.0002,0.9648,1.2770,46922.944
915,H,Z,0.1379,0.0026,0.0007,0.0003,0.0014,0.0975,0.0408,0.1005,0.0429,0.0643,0.0013,0.0604,0.0003,0.3523,0.5586,46973.544
916,Z,H,0.2014,0.0021,0.0007,0.0002,0.0029,0.1673,0.4340,0.2452,0.0383,0.0906,0.0007,0.0521,0.0001,0.9819,1.2436,47024.824
917,H,Z,0.2029,0.0036,0.0008,0.0003,0.0026,0.1435,0.0475,0.1895,0.1027,0.0603,0.0053,0.0446,0.0002,0.5501,0.8121,47075.696
918,Z,H,0.2110,0.0021,0.0008,0.0002,0.0025,0.1601,0.4443,0.2452,0.0371,0.1502,0.0005,0.0485,0.0001,1.0442,1.3109,47127.033
919,H,Z,0.2020,0.0045,0.0010,0.0005,0.0025,0.1453,0.0517,0.1905,0.1088,0.0664,0.0289,0.0584,0.0003,0.5704,0.8705,47177.944
920,Z,H,0.2925,0.0042,0.0010,0.0005,0.0037,0.2278,0.7319,0.5157,0.0889,0.1205,0.0009,0.0582,0.0002,1.6954,2.0588,47230.047
921,H,Z,0.1976,0.0033,0.0012,0.0002,0.0027,0.1426,0.0491,0.1684,0.1061,0.0539,0.0014,0.0634,0.0004,0.5279,0.7999,47280.891
922,Z,H,0.2074,0.0027,0.0011,0.0001,0.0022,0.1565,0.4133,0.2609,0.0370,0.1225,0.0009,0.0610,0.0002,0.9989,1.2763,47332.206
923,H,Z,0.1283,0.0023,0.0006,0.0003,0.0010,0.0946,0.0388,0.0870,0.0488,0.0566,0.0184,0.0597,0.0003,0.3324,0.5447,47382.808
924,Z,H,0.1987,0.0025,0.0006,0.0003,0.0021,0.1520,0.4201,0.2476,0.0373,0.0813,0.0005,0.0364,0.0001,0.9457,1.1881,47434.031
925,H,Z,0.1390,0.0022,0.0008,0.0001,0.0015,0.0958,0.0350,0.1200,0.0645,0.0575,0.0008,0.0520,0.0003,0.3781,0.5761,47484.652
926,Z,H,0.2076,0.0029,0.0009,0.0005,0.0025,0.1461,0.4352,0.2790,0.0373,0.1056,0.0009,0.0420,0.0001,1.0112,1.2699,47535.955
927,H,Z,0.2062,0.0038,0.0009,0.0003,0.0030,0.1430,0.0468,0.1923,0.1108,0.0451,0.0057,0.0493,0.0002,0.5437,0.8152,47586.848
928,Z,H,0.2058,0.0031,0.0009,0.0003,0.0025,0.1607,0.4053,0.2723,0.0393,0.1407,0.0008,0.0477,0.0002,1.0261,1.2887,47638.202
929,H,Z,0.1793,0.0025,0.0008,0.0003,0.0019,0.1129,0.0366,0.0968,0.0489,0.0774,0.0009,0.0491,0.0003,0.3775,0.6140,47688.854
930,Z,H,0.1954,0.0024,0.0007,0.0002,0.0023,0.1525,0.4129,0.2375,0.0361,0.1217,0.0007,0.0439,0.0002,0.9683,1.2153,47740.101
931,H,Z,0.1386,0.0021,0.0006,0.0002,0.0016,0.0944,0.0371,0.0923,0.0496,0.0604,0.0012,0.0585,0.0002,0.3388,0.5430,47790.689
932,Z,H,0.2999,0.0040,0.0010,0.0003,0.0037,0.2263,0.7881,0.5187,0.0854,0.0906,0.0180,0.0529,0.0003,1.7188,2.1006,47842.832
933,H,Z,0.1323,0.0019,0.0009,0.0001,0.0014,0.0923,0.0322,0.0901,0.0467,0.0693,0.0205,0.0435,0.0001,0.3348,0.5369,47893.400
934,Z,H,0.1984,0.0022,0.0008,0.0001,0.0025,0.1466,0.4045,0.2444,0.0353,0.0961,0.0007,0.0333,0.0002,0.9355,1.1749,47944.609
935,H,Z,0.2027,0.0038,0.0008,0.0003,0.0143,0.1522,0.0521,0.1909,0.1017,0.0596,0.0315,0.0613,0.0003,0.5618,0.8790,47995.528
936,Z,H,0.1982,0.0021,0.0009,0.0003,0.0019,0.1631,0.3747,0.3101,0.0360,0.1164,0.0007,0.0550,0.0002,1.0076,1.2681,48046.833
937,H,Z,0.1381,0.0029,0.0007,0.0002,0.0013,0.0921,0.0351,0.0970,0.0503,0.0491,0.0073,0.0588,0.0002,0.3290,0.5399,48097.410
938,Z,H,0.1931,0.0018,0.0013,0.0001,0.0022,0.1607,0.4050,0.2236,0.0347,0.0805,0.0008,0.0412,0.0002,0.9117,1.1534,48148.597
939,H,Z,0.1440,0.0030,0.0007,0.0003,0.0015,0.1016,0.0407,0.1091,0.0441,0.0679,0.0054,0.0404,0.0002,0.3683,0.5651,48199.203
940,Z,H,0.2012,0.0016,0.0009,0.0003,0.0025,0.1640,0.4017,0.2471,0.0369,0.0949,0.0009,0.0477,0.0002,0.9523,1.2088,48250.445
941,H,Z,0.1490,0.0023,0.0009,0.0003,0.0017,0.1313,0.0443,0.1279,0.0615,0.0574,0.0007,0.0468,0.0003,0.4280,0.6315,48301.112
942,Z,H,0.2060,0.0028,0.0010,0.0002,0.0024,0.1541,0.4292,0.2471,0.0350,0.1645,0.0016,0.0561,0.0002,1.0393,1.3110,48352.468
943,H,Z,0.2020,0.0044,0.0009,0.0006,0.0027,0.1546,0.0510,0.1857,0.1083,0.0712,0.0205,0.0622,0.0002,0.5770,0.8726,48403.382
944,Z,H,0.2540,0.0036,0.0008,0.0002,0.0025,0.1757,0.3875,0.2458,0.0384,0.1295,0.0006,0.0481,0.0003,0.9855,1.2978,48454.710
945,H,Z,0.1419,0.0029,0.0008,0.0004,0.0015,0.0945,0.0394,0.0925,0.0510,0.0449,0.0015,0.0596,0.0004,0.3290,0.5396,48505.307
946,Z,H,0.2954,0.0036,0.0008,0.0004,0.0039,0.2418,0.7841,0.5029,0.0815,0.0898,0.0008,0.0371,0.0002,1.7101,2.0538,48557.399
947,H,Z,0.1407,0.0029,0.0012,0.0003,0.0014,0.0939,0.0398,0.0969,0.0440,0.0547,0.0206,0.0399,0.0002,0.3347,0.5432,48607.969
948,Z,H,0.1941,0.0023,0.0007,0.0002,0.0022,0.1477,0.4161,0.2378,0.0346,0.1036,0.0008,0.0450,0.0001,0.9477,1.1945,48659.192
949,H,Z,0.2019,0.0041,0.0008,0.0004,0.0023,0.1423,0.0458,0.1795,0.1125,0.0598,0.0015,0.0574,0.0001,0.5455,0.8158,48710.049
950,Z,H,0.2123,0.0027,0.0009,0.0003,0.0027,0.1507,0.4212,0.2346,0.0378,0.1095,0.0218,0.0558,0.0002,0.9634,1.2617,48761.365
951,H,Z,0.1344,0.0021,0.0006,0.0003,0.0014,0.0960,0.0392,0.1014,0.0498,0.0661,0.0006,0.0467,0.0001,0.3570,0.5446,48811.950
952,Z,H,0.2627,0.0026,0.0007,0.0002,0.0024,0.2018,0.4652,0.3232,0.0498,0.1168,0.0038,0.0446,0.0001,1.1643,1.4827,48863.467
953,H,Z,0.1331,0.0021,0.0006,0.0002,0.0013,0.0893,0.0339,0.0972,0.0437,0.0450,0.0164,0.0509,0.0003,0.3146,0.5208,48914.022
954,Z,H,0.1990,0.0020,0.0006,0.0003,0.0022,0.1433,0.3936,0.2361,0.0348,0.0978,0.0014,0.0476,0.0001,0.9121,1.1666,48965.220
955,H,Z,0.1348,0.0022,0.0007,0.0003,0.0013,0.0912,0.0338,0.0929,0.0415,0.0479,0.0184,0.0564,0.0002,0.3134,0.5292,49015.793
956,Z,H,0.1929,0.0017,0.0006,0.0002,0.0020,0.1545,0.4143,0.2673,0.0432,0.0971,0.0005,0.0445,0.0001,0.9832,1.2268,49067.060
957,H,Z,0.1926,0.0036,0.0007,0.0004,0.0021,0.1375,0.0440,0.1619,0.0929,0.0495,0.0038,0.0450,0.0002,0.4914,0.7413,49117.848
958,Z,H,0.2013,0.0023,0.0006,0.0002,0.0024,0.1641,0.3826,0.2487,0.0366,0.0790,0.0005,0.0461,0.0001,0.9203,1.1749,49169.053
959,H,Z,0.2324,0.0053,0.0013,0.0007,0.0034,0.1481,0.0600,0.2107,0.1159,0.0816,0.0204,0.0566,0.0004,0.6230,0.9455,49220.039
960,Z,H,0.2400,0.0031,0.0011,0.0004,0.0040,0.1592,0.3828,0.2632,0.0403,0.1236,0.0015,0.0598,0.0002,0.9808,1.2925,49271.391
961,H,Z,0.1699,0.0029,0.0008,0.0003,0.0019,0.1263,0.0425,0.1194,0.0581,0.0512,0.0009,0.0514,0.0002,0.4043,0.6340,49322.055
962,Z,H,0.2369,0.0030,0.0007,0.0005,0.0029,0.1632,0.4449,0.3238,0.0487,0.1052,0.0057,0.0484,0.0002,1.0954,1.3953,49373.482
963,H,Z,0.1416,0.0031,0.0007,0.0003,0.0014,0.0907,0.0376,0.1125,0.0433,0.0708,0.0004,0.0480,0.0001,0.3594,0.5564,49424.064
964,Z,H,0.1965,0.0022,0.0006,0.0002,0.0017,0.1565,0.3906,0.2484,0.0367,0.1180,0.0015,0.0526,0.0002,0.9573,1.2142,49475.311
965,H,Z,0.1489,0.0026,0.0009,0.0003,0.0014,0.0968,0.0382,0.1004,0.0439,0.0485,0.0009,0.0554,0.0002,0.3328,0.5447,49525.891
966,Z,H,0.1999,0.0024,0.0006,0.0003,0.0022,0.1619,0.3713,0.2726,0.0389,0.1044,0.0083,0.0476,0.0002,0.9574,1.2202,49577.171
967,H,Z,0.2043,0.0042,0.0013,0.0005,0.0028,0.1151,0.0441,0.1039,0.0493,0.0688,0.0009,0.0648,0.0003,0.3865,0.6675,49627.894
968,Z,H,0.2833,0.0038,0.0012,0.0004,0.0030,0.1652,0.3949,0.3007,0.0416,0.1104,0.0167,0.0580,0.0003,1.0222,1.3907,49679.319
969,H,Z,0.1810,0.0030,0.0010,0.0004,0.0019,0.1036,0.0378,0.0986,0.0492,0.0703,0.0163,0.0472,0.0001,0.3641,0.6165,49729.966
970,Z,H,0.2050,0.0029,0.0010,0.0002,0.0027,0.1623,0.4001,0.2561,0.0373,0.1307,0.0019,0.0480,0.0002,0.9963,1.2602,49781.261
971,H,Z,0.1348,0.0026,0.0007,0.0001,0.0014,0.0944,0.0381,0.0932,0.0428,0.0698,0.0013,0.0553,0.0002,0.3439,0.5415,49831.857
972,Z,H,0.1996,0.0026,0.0007,0.0002,0.0025,0.1641,0.3951,0.2543,0.0364,0.1177,0.0007,0.0447,0.0001,0.9745,1.2268,49883.114
973,H,Z,0.2273,0.0047,0.0013,0.0002,0.0028,0.1511,0.0556,0.2014,0.1295,0.0686,0.0100,0.0492,0.0003,0.6123,0.9102,49934.052
974,Z,H,0.1966,0.0024,0.0005,0.0002,0.0024,0.1494,0.3909,0.2803,0.0344,0.0784,0.0009,0.0446,0.0002,0.9406,1.1896,49985.274
975,H,Z,0.2464,0.0041,0.0008,0.0003,0.0023,0.1587,0.0434,0.1927,0.0989,0.0481,0.0160,0.0482,0.0002,0.5476,0.8675,50036.177
976,Z,H,0.2019,0.0021,0.0008,0.0002,0.0020,0.1484,0.3963,0.2393,0.0385,0.1129,0.0166,0.0401,0.0002,0.9418,1.2067,50087.421
977,H,Z,0.1315,0.0022,0.0008,0.0001,0.0014,0.0928,0.0359,0.0926,0.0487,0.0553,0.0045,0.0468,0.0002,0.3300,0.5186,50137.982
978,Z,H,0.3004,0.0048,0.0009,0.0004,0.0042,0.2330,0.7879,0.5417,0.1653,0.1449,0.0008,0.0457,0.0001,1.8853,2.2448,50190.260
979,H,Z,0.1752,0.0026,0.0010,0.0003,0.0016,0.1122,0.0360,0.0919,0.0444,0.0503,0.0012,0.0646,0.0002,0.3408,0.5888,50240.880
980,Z,H,0.2011,0.0025,0.0010,0.0003,0.0026,0.1625,0.4068,0.2679,0.0382,0.0915,0.0010,0.0526,0.0002,0.9743,1.2371,50292.154
981,H,Z,0.2200,0.0052,0.0012,0.0007,0.0032,0.1743,0.0470,0.1260,0.0485,0.0619,0.0226,0.0624,0.0002,0.4663,0.7839,50342.977
982,Z,H,0.2037,0.0023,0.0009,0.0003,0.0022,0.1613,0.3949,0.2518,0.0364,0.0950,0.0059,0.0415,0.0002,0.9476,1.2061,50394.220
983,H,Z,0.1936,0.0027,0.0009,0.0002,0.0022,0.1356,0.0459,0.1183,0.0615,0.0513,0.0085,0.0463,0.0003,0.4191,0.6752,50444.924
984,Z,H,0.1944,0.0024,0.0005,0.0002,0.0022,0.1557,0.4081,0.2394,0.0360,0.0978,0.0043,0.0538,0.0003,0.9452,1.2045,50496.172
985,H,Z,0.1399,0.0023,0.0008,0.0001,0.0017,0.1036,0.0368,0.0949,0.0424,0.0580,0.0009,0.0509,0.0003,0.3408,0.5394,50546.740
986,Z,H,0.3290,0.0047,0.0009,0.0005,0.0048,0.2401,0.8112,0.5398,0.0907,0.1350,0.0011,0.0540,0.0002,1.8267,2.2240,50598.998
987,H,Z,0.2098,0.0033,0.0011,0.0003,0.0031,0.1506,0.0512,0.1845,0.1021,0.1649,0.0034,0.0729,0.0002,0.6608,0.9570,50649.991
988,Z,H,0.2307,0.0028,0.0008,0.0002,0.0023,0.1603,0.4457,0.2507,0.0377,0.0917,0.0215,0.0533,0.0003,0.9927,1.3058,50701.334
989,H,Z,0.2000,0.0037,0.0010,0.0003,0.0027,0.1499,0.0482,0.2106,0.1040,0.0478,0.0068,0.0505,0.0002,0.5672,0.8343,50752.204
990,Z,H,0.2223,0.0020,0.0011,0.0002,0.0032,0.2029,0.4992,0.3134,0.0510,0.0945,0.0015,0.0558,0.0002,1.1730,1.4607,50803.702
991,H,Z,0.1372,0.0023,0.0007,0.0002,0.0016,0.0981,0.0357,0.0929,0.0489,0.0448,0.0004,0.0439,0.0001,0.3246,0.5120,50854.244
992,Z,H,0.2786,0.0036,0.0007,0.0003,0.0036,0.2270,0.5362,0.2539,0.0369,0.0960,0.0006,0.0318,0.0001,1.1589,1.4798,50905.757
993,H,Z,0.2001,0.0026,0.0009,0.0003,0.0017,0.1005,0.0369,0.0981,0.0436,0.0642,0.0217,0.0482,0.0001,0.3472,0.6249,50956.454
994,Z,H,0.2456,0.0029,0.0010,0.0004,0.0032,0.2417,0.4799,0.2916,0.0443,0.1048,0.0008,0.0496,0.0001,1.1711,1.4765,51007.960
995,H,Z,0.1387,0.0022,0.0008,0.0002,0.0016,0.0895,0.0355,0.0924,0.0444,0.0513,0.0165,0.0564,0.0002,0.3195,0.5376,51058.537
996,Z,H,0.2101,0.0028,0.0009,0.0002,0.0025,0.1677,0.4137,0.2502,0.0379,0.1092,0.0075,0.0570,0.0003,0.9862,1.2690,51109.850
997,H,Z,0.2077,0.0039,0.0010,0.0003,0.0027,0.1588,0.0377,0.1076,0.0509,0.0556,0.0079,0.0459,0.0001,0.4147,0.6860,51160.568
998,Z,H,0.1972,0.0024,0.0012,0.0002,0.0026,0.1624,0.4247,0.2474,0.0369,0.1008,0.0008,0.0436,0.0002,0.9800,1.2298,51211.833
999,H,Z,0.1448,0.0023,0.0009,0.0002,0.0018,0.0973,0.0371,0.1063,0.0458,0.0642,0.0260,0.0546,0.0002,0.3565,0.5885,51262.459
