swap_idx,from,to,read_toml,disconnect,retune_radio,park_selectors,load_plugins,build_read_toml,build_create_blocks,build_connect,build_bridge_ports,start_runtime,reconnect,terminate_spawn,unpark_selectors,build_and_start,total,t_ms
0,Z,H,0.2221,0.0027,0.0012,0.0002,0.0030,0.1691,0.4489,0.2429,0.0370,0.1211,0.0025,0.0620,0.0004,1.0269,1.3226,257.964
1,H,Z,0.3332,0.0027,0.0009,0.0003,0.0030,0.1761,0.5825,0.2508,0.0359,0.1189,0.0009,0.0406,0.0002,1.1715,1.5548,309.555
2,Z,H,0.3440,0.0046,0.0009,0.0003,0.0044,0.2548,0.5508,0.2390,0.0371,0.0890,0.0008,0.0416,0.0003,1.1787,1.5773,361.170
3,H,Z,0.4009,0.0046,0.0013,0.0005,0.0052,0.2841,1.0673,0.2926,0.0450,0.1108,0.0009,0.0423,0.0002,1.8092,2.2671,413.476
4,Z,H,0.2450,0.0030,0.0009,0.0005,0.0029,0.1819,0.5637,0.2394,0.0392,0.1229,0.0014,0.0622,0.0002,1.1566,1.4747,464.998
5,H,Z,0.3292,0.0056,0.0011,0.0005,0.0066,0.2525,0.4917,0.3596,0.0544,0.1171,0.0038,0.0729,0.0002,1.2852,1.7075,516.763
6,Z,H,0.3084,0.0047,0.0011,0.0003,0.0049,0.2359,0.8395,0.5017,0.0857,0.0973,0.0008,0.0381,0.0002,1.7690,2.1295,568.973
7,H,Z,0.3152,0.0039,0.0012,0.0004,0.0045,0.2403,0.8578,0.5634,0.0858,0.1155,0.0043,0.0642,0.0004,1.8762,2.2723,621.301
8,Z,H,0.3782,0.0049,0.0010,0.0005,0.0044,0.2709,1.0023,0.5301,0.0900,0.1338,0.0197,0.0741,0.0002,2.0375,2.5227,673.904
9,H,Z,0.2215,0.0033,0.0011,0.0005,0.0034,0.1506,0.3662,0.2651,0.0355,0.1359,0.0017,0.0824,0.0004,0.9632,1.2796,725.238
10,Z,H,0.2827,0.0045,0.0010,0.0004,0.0055,0.2254,0.8259,0.5029,0.0852,0.0972,0.0010,0.0518,0.0003,1.7448,2.0937,777.418
11,H,Z,0.3406,0.0034,0.0015,0.0004,0.0044,0.1899,0.6850,0.3240,0.0410,0.1154,0.0008,0.0547,0.0002,1.3654,1.7732,829.224
12,Z,H,0.3842,0.0042,0.0010,0.0004,0.0048,0.2672,1.0288,0.5036,0.0865,0.1189,0.0049,0.0493,0.0002,2.0147,2.4651,881.734
13,H,Z,0.2441,0.0021,0.0006,0.0003,0.0026,0.1703,0.5632,0.3128,0.0396,0.0929,0.0088,0.0389,0.0002,1.1864,1.4854,933.245
14,Z,H,0.3092,0.0051,0.0012,0.0004,0.0047,0.2380,0.5626,0.2804,0.0398,0.1018,0.0010,0.0647,0.0003,1.2308,1.6189,984.901
15,H,Z,0.2725,0.0024,0.0009,0.0002,0.0028,0.1751,0.3748,0.2624,0.0364,0.0916,0.0067,0.0563,0.0001,0.9487,1.2924,1036.232
16,Z,H,0.2852,0.0034,0.0008,0.0003,0.0036,0.2270,0.5562,0.2450,0.0389,0.0816,0.0008,0.0497,0.0002,1.1571,1.5027,1087.820
17,H,Z,0.2114,0.0022,0.0009,0.0002,0.0022,0.1611,0.3755,0.2541,0.1730,0.1248,0.0304,0.0642,0.0002,1.1025,1.4156,1139.289
18,Z,H,0.2774,0.0033,0.0009,0.0005,0.0038,0.1740,0.5572,0.3011,0.0506,0.1066,0.0008,0.0558,0.0003,1.1984,1.5428,1190.874
19,H,Z,0.2125,0.0018,0.0006,0.0001,0.0027,0.1589,0.3689,0.2516,0.0362,0.0849,0.0160,0.0538,0.0001,0.9128,1.2020,1242.119
20,Z,H,0.2844,0.0035,0.0009,0.0003,0.0051,0.2312,0.7893,0.5250,0.0871,0.0967,0.0009,0.0527,0.0001,1.7399,2.0894,1294.259
21,H,Z,0.2106,0.0027,0.0008,0.0002,0.0025,0.1553,0.4515,0.2474,0.0360,0.1129,0.0047,0.0389,0.0002,1.0106,1.2726,1345.577
22,Z,H,0.3169,0.0044,0.0012,0.0003,0.0043,0.2387,0.7920,0.5378,0.1087,0.0960,0.0052,0.0565,0.0001,1.7823,2.1730,1397.808
23,H,Z,0.3314,0.0041,0.0011,0.0005,0.0041,0.2548,0.4692,0.2546,0.0375,0.1116,0.0009,0.0354,0.0002,1.1361,1.5161,1449.362
24,Z,H,0.2212,0.0038,0.0011,0.0004,0.0034,0.1542,0.4013,0.3267,0.0416,0.1365,0.0267,0.0611,0.0003,1.0711,1.3910,1500.812
25,H,Z,0.2555,0.0032,0.0010,0.0005,0.0034,0.1856,0.5748,0.2547,0.0393,0.1067,0.0010,0.0394,0.0003,1.1693,1.4755,1552.338
26,Z,H,0.2144,0.0031,0.0011,0.0003,0.0031,0.1594,0.3792,0.2478,0.0375,0.1339,0.0009,0.0453,0.0002,0.9667,1.2367,1603.608
27,H,Z,0.2069,0.0024,0.0007,0.0003,0.0030,0.1560,0.3589,0.2378,0.0362,0.1031,0.0198,0.0337,0.0002,0.8981,1.1666,1654.811
28,Z,H,0.2827,0.0038,0.0009,0.0003,0.0049,0.2242,0.8055,0.4944,0.0860,0.1319,0.0007,0.0556,0.0001,1.7512,2.1019,1706.991
29,H,Z,0.2878,0.0035,0.0009,0.0004,0.0044,0.2274,0.6402,0.2455,0.0347,0.1118,0.0005,0.0426,0.0001,1.2669,1.6086,1758.636
30,Z,H,0.4904,0.0042,0.0008,0.0003,0.0039,0.2707,0.6719,0.2229,0.0368,0.1000,0.0025,0.0406,0.0002,1.3093,1.8538,1810.547
31,H,Z,0.2327,0.0026,0.0008,0.0001,0.0021,0.1684,0.5613,0.2258,0.0352,0.1222,0.0008,0.0433,0.0001,1.1187,1.4025,1861.981
32,Z,H,0.2909,0.0041,0.0010,0.0005,0.0044,0.2322,0.7550,0.2395,0.0353,0.1127,0.0011,0.0420,0.0002,1.3836,1.7295,1913.766
33,H,Z,0.3060,0.0040,0.0010,0.0006,0.0038,0.2361,0.7063,0.5217,0.0873,0.1211,0.0010,0.0571,0.0003,1.6814,2.0570,1965.877
34,Z,H,0.2092,0.0022,0.0008,0.0002,0.0022,0.1656,0.3579,0.2699,0.0386,0.1085,0.0046,0.0738,0.0003,0.9490,1.2438,2017.168
35,H,Z,0.2315,0.0021,0.0006,0.0002,0.0021,0.1559,0.5674,0.2204,0.0358,0.1220,0.0008,0.0343,0.0001,1.1080,1.3810,2068.591
36,Z,H,0.1888,0.0022,0.0005,0.0001,0.0023,0.1482,0.3498,0.2279,0.0356,0.1055,0.0007,0.0338,0.0001,0.8744,1.1043,2119.738
37,H,Z,0.2111,0.0031,0.0008,0.0003,0.0032,0.1604,0.4271,0.2622,0.0535,0.1329,0.0008,0.0458,0.0002,1.0434,1.3107,2171.106
38,Z,H,0.2315,0.0023,0.0007,0.0001,0.0025,0.1667,0.3805,0.2463,0.0363,0.0916,0.0311,0.0627,0.0001,0.9312,1.2641,2222.431
39,H,Z,0.2067,0.0029,0.0007,0.0002,0.0027,0.1509,0.3662,0.2486,0.0358,0.1018,0.0005,0.0432,0.0002,0.9109,1.1696,2273.635
40,Z,H,0.3174,0.0046,0.0010,0.0005,0.0052,0.2484,0.3719,0.2921,0.0423,0.1197,0.0016,0.0767,0.0003,1.0855,1.4946,2325.177
41,H,Z,0.2121,0.0032,0.0009,0.0003,0.0032,0.1632,0.4526,0.2392,0.0364,0.1313,0.0015,0.0794,0.0003,1.0314,1.3340,2376.563
42,Z,H,0.2104,0.0041,0.0010,0.0003,0.0028,0.1529,0.3626,0.2406,0.0361,0.1204,0.0009,0.0447,0.0002,0.9237,1.1895,2427.794
43,H,Z,0.2060,0.0026,0.0006,0.0003,0.0027,0.1624,0.3623,0.2366,0.0357,0.1511,0.0014,0.0593,0.0002,0.9560,1.2305,2479.069
44,Z,H,0.2076,0.0028,0.0007,0.0004,0.0029,0.1574,0.3731,0.2605,0.0396,0.1296,0.0045,0.0425,0.0002,0.9671,1.2302,2530.341
45,H,Z,0.3132,0.0045,0.0009,0.0005,0.0051,0.2506,0.7782,0.5649,0.0948,0.1548,0.0012,0.0387,0.0002,1.8529,2.2193,2582.598
46,Z,H,0.3153,0.0044,0.0009,0.0004,0.0043,0.2354,0.7124,0.5281,0.0881,0.1188,0.0009,0.0442,0.0002,1.6925,2.0649,2634.709
47,H,Z,0.3158,0.0043,0.0010,0.0005,0.0046,0.2358,0.7952,0.2686,0.0394,0.1484,0.0008,0.0439,0.0001,1.4951,1.8677,2686.612
48,Z,H,0.2172,0.0030,0.0009,0.0002,0.0031,0.1660,0.3624,0.2551,0.0367,0.1021,0.0239,0.0713,0.0003,0.9361,1.2577,2737.925
49,H,Z,0.2074,0.0026,0.0007,0.0003,0.0032,0.1557,0.3595,0.2570,0.0373,0.0972,0.0011,0.0475,0.0002,0.9148,1.1794,2789.170
50,Z,H,0.1975,0.0023,0.0008,0.0001,0.0027,0.1621,0.4713,0.2472,0.0353,0.1141,0.0218,0.0408,0.0002,1.0362,1.3036,2840.510
51,H,Z,0.2017,0.0034,0.0007,0.0003,0.0033,0.1577,0.3658,0.2534,0.0366,0.1330,0.0006,0.0455,0.0001,0.9531,1.2102,2891.763
52,Z,H,0.3064,0.0042,0.0009,0.0004,0.0050,0.2279,0.7003,0.4955,0.0844,0.0961,0.0065,0.0424,0.0002,1.6115,1.9792,2943.811
53,H,Z,0.2008,0.0021,0.0008,0.0004,0.0024,0.1599,0.3649,0.2369,0.0351,0.1254,0.0174,0.0538,0.0001,0.9306,1.2104,2995.073
54,Z,H,0.2923,0.0036,0.0008,0.0003,0.0040,0.2316,0.7752,0.5218,0.1351,0.1677,0.0007,0.0389,0.0002,1.8421,2.1845,3047.295
55,H,Z,0.2759,0.0028,0.0009,0.0003,0.0027,0.1700,0.3829,0.2525,0.0378,0.1480,0.0034,0.0751,0.0001,0.9996,1.3625,3098.705
56,Z,H,0.3119,0.0051,0.0008,0.0004,0.0037,0.2397,0.7012,0.5131,0.0887,0.1392,0.0015,0.0574,0.0004,1.6942,2.0775,3150.846
57,H,Z,0.2704,0.0031,0.0011,0.0003,0.0033,0.2058,0.4069,0.3258,0.0536,0.1109,0.0013,0.0527,0.0002,1.1169,1.4506,3202.358
58,Z,H,0.2605,0.0027,0.0007,0.0003,0.0025,0.1568,0.4618,0.2370,0.0430,0.1126,0.0039,0.0574,0.0002,1.0193,1.3492,3253.776
59,H,Z,0.3071,0.0034,0.0010,0.0003,0.0042,0.2327,0.7157,0.4971,0.0858,0.1077,0.0204,0.0587,0.0002,1.6528,2.0498,3305.904
60,Z,H,0.2177,0.0024,0.0009,0.0004,0.0028,0.1478,0.4634,0.2624,0.0356,0.1151,0.0015,0.0681,0.0001,1.0327,1.3281,3357.290
61,H,Z,0.1989,0.0019,0.0005,0.0002,0.0026,0.1620,0.4453,0.2331,0.0344,0.0832,0.0006,0.0398,0.0001,0.9655,1.2114,3408.533
62,Z,H,0.2917,0.0036,0.0009,0.0003,0.0043,0.2376,0.3606,0.2490,0.0476,0.0982,0.0007,0.0413,0.0001,1.0032,1.3477,3459.910
63,H,Z,0.2056,0.0026,0.0006,0.0002,0.0030,0.1668,0.3564,0.2655,0.0349,0.0936,0.0050,0.0422,0.0001,0.9243,1.1849,3511.131
64,Z,H,0.1956,0.0028,0.0008,0.0002,0.0031,0.1553,0.3692,0.2394,0.0378,0.1193,0.0038,0.0682,0.0003,0.9311,1.2079,3562.388
65,H,Z,0.2593,0.0027,0.0009,0.0003,0.0032,0.3019,0.4369,0.2505,0.0373,0.1085,0.0007,0.0571,0.0001,1.1417,1.4677,3613.898
66,Z,H,0.2035,0.0023,0.0008,0.0002,0.0028,0.1491,0.3592,0.2526,0.0360,0.1031,0.0044,0.0623,0.0003,0.9089,1.1869,3665.193
67,H,Z,0.2040,0.0029,0.0008,0.0002,0.0026,0.1603,0.3606,0.2438,0.0353,0.1058,0.0015,0.0638,0.0002,0.9133,1.1907,3716.430
68,Z,H,0.2141,0.0021,0.0007,0.0002,0.0022,0.1444,0.3626,0.2315,0.0348,0.1082,0.0012,0.0510,0.0001,0.8902,1.1634,3767.638
69,H,Z,0.2668,0.0025,0.0009,0.0002,0.0037,0.1524,0.4480,0.2492,0.0352,0.1540,0.0161,0.0402,0.0002,1.0468,1.3790,3819.052
70,Z,H,0.1984,0.0024,0.0008,0.0002,0.0025,0.1498,0.3585,0.2470,0.0347,0.0864,0.0005,0.0515,0.0001,0.8832,1.1414,3870.222
71,H,Z,0.2935,0.0037,0.0007,0.0003,0.0043,0.2287,0.7038,0.5458,0.0868,0.0998,0.0015,0.0572,0.0001,1.6763,2.0391,3922.307
72,Z,H,0.2765,0.0026,0.0013,0.0002,0.0030,0.1814,0.3787,0.2437,0.0365,0.0895,0.0012,0.0586,0.0002,0.9382,1.2835,3973.653
73,H,Z,0.3063,0.0040,0.0012,0.0003,0.0039,0.2343,0.7291,0.5151,0.0901,0.1227,0.0008,0.0423,0.0002,1.7008,2.0614,4025.755
74,Z,H,0.2008,0.0022,0.0008,0.0002,0.0026,0.1446,0.3524,0.2334,0.0363,0.0961,0.0008,0.0477,0.0001,0.8708,1.1271,4076.923
75,H,Z,0.2970,0.0039,0.0012,0.0003,0.0043,0.2463,0.3786,0.3257,0.0502,0.1260,0.0006,0.0445,0.0001,1.1351,1.4888,4128.450
76,Z,H,0.2107,0.0030,0.0009,0.0003,0.0034,0.1651,0.3693,0.2539,0.0371,0.1271,0.0234,0.0624,0.0002,0.9608,1.2670,4179.783
77,H,Z,0.2665,0.0023,0.0008,0.0002,0.0041,0.1848,0.3687,0.2527,0.0375,0.0883,0.0006,0.0541,0.0002,0.9411,1.2711,4231.094
78,Z,H,0.1967,0.0024,0.0008,0.0002,0.0027,0.1585,0.4293,0.2299,0.0357,0.1242,0.0047,0.0543,0.0002,0.9867,1.2501,4282.394
79,H,Z,0.2053,0.0031,0.0009,0.0002,0.0031,0.1582,0.3726,0.2550,0.0370,0.0795,0.0034,0.0606,0.0002,0.9110,1.1891,4333.629
80,Z,H,0.2229,0.0033,0.0011,0.0003,0.0035,0.1752,0.3759,0.2649,0.0382,0.0981,0.0007,0.0615,0.0002,0.9606,1.2558,4384.922
81,H,Z,0.2167,0.0028,0.0009,0.0003,0.0034,0.2235,0.4992,0.2315,0.0355,0.1022,0.0071,0.0354,0.0002,1.0995,1.3678,4436.319
82,Z,H,0.2107,0.0032,0.0008,0.0004,0.0027,0.1618,0.3726,0.2638,0.0368,0.1314,0.0018,0.0645,0.0002,0.9736,1.2593,4487.622
83,H,Z,0.2118,0.0100,0.0009,0.0005,0.0038,0.1556,0.4351,0.2427,0.0358,0.1568,0.0011,0.0575,0.0003,1.0350,1.3226,4538.987
84,Z,H,0.2825,0.0042,0.0009,0.0003,0.0049,0.2307,0.5895,0.2603,0.0370,0.1311,0.0009,0.0340,0.0002,1.2571,1.5867,4590.612
85,H,Z,0.3154,0.0037,0.0009,0.0005,0.0044,0.2308,0.7094,0.5077,0.0858,0.1404,0.0015,0.0514,0.0001,1.6843,2.0641,4642.739
86,Z,H,0.2630,0.0033,0.0015,0.0005,0.0032,0.1634,0.4475,0.2685,0.0443,0.1180,0.0008,0.0444,0.0002,1.0497,1.3682,4694.147
87,H,Z,0.3106,0.0045,0.0013,0.0004,0.0048,0.2413,0.7128,0.2548,0.0386,0.0712,0.0083,0.0562,0.0003,1.3262,1.7147,4745.902
88,Z,H,0.2086,0.0024,0.0011,0.0002,0.0026,0.1711,0.3575,0.2395,0.0621,0.1030,0.0008,0.0291,0.0002,0.9402,1.1864,4797.133
89,H,Z,0.2002,0.0026,0.0006,0.0002,0.0028,0.1484,0.3739,0.2536,0.0410,0.1123,0.0261,0.0618,0.0001,0.9381,1.2343,4848.418
90,Z,H,0.1918,0.0021,0.0008,0.0003,0.0024,0.1620,0.3662,0.2280,0.0345,0.0920,0.0005,0.0427,0.0001,0.8889,1.1309,4899.584
91,H,Z,0.3864,0.0037,0.0008,0.0003,0.0045,0.2569,1.0238,0.5058,0.1045,0.1059,0.0060,0.0453,0.0002,2.0062,2.4549,4952.083
92,Z,H,0.2115,0.0026,0.0009,0.0004,0.0025,0.1623,0.3620,0.2505,0.0348,0.1269,0.0005,0.0428,0.0001,0.9425,1.2056,5003.321
93,H,Z,0.1977,0.0023,0.0007,0.0002,0.0027,0.1581,0.3583,0.2434,0.0345,0.1044,0.0008,0.0361,0.0000,0.9060,1.1479,5054.507
94,Z,H,0.2010,0.0022,0.0008,0.0001,0.0026,0.1666,0.4100,0.2344,0.0370,0.1244,0.0013,0.0553,0.0001,0.9798,1.2448,5105.807
95,H,Z,0.2053,0.0030,0.0009,0.0003,0.0026,0.1612,0.3744,0.2506,0.0424,0.1658,0.0006,0.0416,0.0001,1.0018,1.2574,5157.101
96,Z,H,0.1973,0.0021,0.0007,0.0001,0.0025,0.1573,0.4340,0.2311,0.0352,0.0948,0.0016,0.0628,0.0001,0.9649,1.2335,5208.382
97,H,Z,0.2682,0.0025,0.0009,0.0003,0.0037,0.2118,0.3765,0.2505,0.0380,0.1276,0.0013,0.0592,0.0001,1.0158,1.3540,5259.787
98,Z,H,0.2216,0.0025,0.0009,0.0002,0.0027,0.1459,0.3718,0.2335,0.0347,0.1351,0.0009,0.0487,0.0002,0.9278,1.2066,5311.030
99,H,Z,0.3137,0.0044,0.0009,0.0005,0.0051,0.2369,0.7134,0.5431,0.0914,0.1111,0.0010,0.0471,0.0002,1.7047,2.0795,5363.147
100,Z,H,0.2870,0.0025,0.0011,0.0005,0.0032,0.2089,0.4661,0.3247,0.0510,0.0965,0.0015,0.0744,0.0002,1.1604,1.5324,5414.730
101,H,Z,0.2285,0.0030,0.0007,0.0004,0.0028,0.1583,0.3637,0.2460,0.0387,0.1557,0.0088,0.0475,0.0001,0.9698,1.2632,5466.047
102,Z,H,0.3102,0.0050,0.0010,0.0004,0.0051,0.2368,0.5951,0.2491,0.0368,0.1119,0.0009,0.0522,0.0002,1.2386,1.6155,5517.708
103,H,Z,0.3176,0.0042,0.0009,0.0004,0.0045,0.2439,0.7264,0.5225,0.0877,0.1154,0.0008,0.0342,0.0003,1.7060,2.0708,5569.843
104,Z,H,0.2295,0.0032,0.0011,0.0005,0.0032,0.1768,0.3710,0.2710,0.0370,0.1131,0.0007,0.0433,0.0002,0.9762,1.2598,5621.138
105,H,Z,0.1996,0.0022,0.0006,0.0002,0.0026,0.1588,0.3590,0.2463,0.0345,0.0925,0.0019,0.0395,0.0001,0.8982,1.1460,5672.322
106,Z,H,0.3113,0.0040,0.0009,0.0004,0.0042,0.2412,0.7719,0.5040,0.0834,0.1337,0.0014,0.0554,0.0002,1.7497,2.1294,5724.527
107,H,Z,0.2068,0.0028,0.0009,0.0002,0.0027,0.1917,0.3702,0.2533,0.0361,0.1198,0.0008,0.0508,0.0002,0.9789,1.2454,5775.888
108,Z,H,0.2587,0.0029,0.0008,0.0003,0.0034,0.2128,0.4363,0.3334,0.0367,0.0900,0.0008,0.0368,0.0002,1.1175,1.4228,5827.353
109,H,Z,0.3198,0.0042,0.0008,0.0003,0.0051,0.3200,0.4516,0.2582,0.0355,0.1090,0.0009,0.0409,0.0002,1.1824,1.5561,5878.939
110,Z,H,0.1922,0.0024,0.0007,0.0002,0.0028,0.1564,0.3703,0.2507,0.0355,0.1061,0.0009,0.0424,0.0003,0.9266,1.1699,5930.144
111,H,Z,0.3987,0.0033,0.0007,0.0002,0.0027,0.1964,0.5789,0.2531,0.0411,0.1174,0.0168,0.0439,0.0002,1.1945,1.6631,5981.838
112,Z,H,0.2076,0.0023,0.0007,0.0002,0.0042,0.1451,0.4248,0.2637,0.0372,0.1077,0.0008,0.0413,0.0003,0.9858,1.2444,6033.143
113,H,Z,0.1968,0.0022,0.0006,0.0002,0.0026,0.1570,0.3997,0.2755,0.0360,0.1400,0.0007,0.0438,0.0001,1.0153,1.2635,6084.444
114,Z,H,0.3533,0.0032,0.0009,0.0003,0.0047,0.2647,0.8340,0.5120,0.0944,0.1211,0.0007,0.0365,0.0001,1.8367,2.2380,6136.726
115,H,Z,0.3184,0.0048,0.0012,0.0005,0.0059,0.2429,0.8335,0.5222,0.0868,0.1077,0.0087,0.0507,0.0003,1.8051,2.1973,6188.970
116,Z,H,0.2130,0.0019,0.0009,0.0002,0.0022,0.1612,0.3606,0.2635,0.0381,0.0833,0.0007,0.0405,0.0002,0.9135,1.1744,6240.177
117,H,Z,0.2037,0.0023,0.0007,0.0002,0.0026,0.1585,0.3601,0.2335,0.0337,0.1109,0.0008,0.0377,0.0002,0.9025,1.1520,6291.355
118,Z,H,0.2911,0.0039,0.0009,0.0005,0.0047,0.2424,0.7346,0.5318,0.0879,0.1260,0.0015,0.0649,0.0002,1.7310,2.1005,6343.501
119,H,Z,0.2033,0.0029,0.0009,0.0002,0.0027,0.1682,0.3665,0.2581,0.0369,0.0961,0.0047,0.0631,0.0001,0.9348,1.2144,6394.772
120,Z,H,0.2063,0.0026,0.0008,0.0004,0.0028,0.1715,0.4795,0.2475,0.0354,0.1085,0.0011,0.0509,0.0002,1.0499,1.3170,6446.136
121,H,Z,0.3060,0.0048,0.0011,0.0005,0.0055,0.2353,0.7312,0.5614,0.0894,0.1406,0.0008,0.0422,0.0003,1.7679,2.1311,6498.324
122,Z,H,0.2114,0.0031,0.0008,0.0002,0.0031,0.1642,0.4005,0.2521,0.0371,0.0921,0.0011,0.0482,0.0002,0.9540,1.2236,6549.597
123,H,Z,0.1973,0.0030,0.0007,0.0002,0.0025,0.1518,0.3588,0.2500,0.0366,0.1052,0.0018,0.0616,0.0003,0.9124,1.1816,6600.831
124,Z,H,0.2030,0.0024,0.0007,0.0003,0.0029,0.1619,0.3607,0.2340,0.0351,0.1145,0.0157,0.0563,0.0003,0.9234,1.2062,6652.087
125,H,Z,0.2038,0.0024,0.0008,0.0003,0.0032,0.1563,0.3666,0.2563,0.0368,0.1025,0.0008,0.0358,0.0004,0.9247,1.1736,6703.309
126,Z,H,0.2042,0.0028,0.0007,0.0002,0.0025,0.1575,0.3631,0.2467,0.0338,0.0821,0.0058,0.0459,0.0001,0.8897,1.1532,6754.506
127,H,Z,0.1961,0.0023,0.0007,0.0001,0.0026,0.1573,0.3548,0.2432,0.0349,0.1052,0.0067,0.0372,0.0001,0.9025,1.1497,6805.694
128,Z,H,0.2028,0.0021,0.0005,0.0002,0.0024,0.1481,0.3588,0.2748,0.0358,0.0818,0.0006,0.0536,0.0001,0.9059,1.1694,6856.909
129,H,Z,0.1962,0.0024,0.0008,0.0004,0.0024,0.1608,0.3620,0.2469,0.0364,0.1243,0.0015,0.0591,0.0003,0.9406,1.2052,6908.163
130,Z,H,0.2995,0.0036,0.0009,0.0006,0.0052,0.2313,0.7392,0.5130,0.0872,0.1032,0.0009,0.0522,0.0001,1.6823,2.0471,6960.248
131,H,Z,0.2921,0.0042,0.0010,0.0003,0.0041,0.2361,0.8351,0.5486,0.0847,0.1068,0.0010,0.0360,0.0002,1.8206,2.1614,7012.448
132,Z,H,0.2104,0.0032,0.0010,0.0002,0.0031,0.1729,0.3693,0.2506,0.0374,0.1208,0.0008,0.0399,0.0002,0.9595,1.2197,7063.715
133,H,Z,0.3034,0.0037,0.0010,0.0003,0.0045,0.2235,0.6964,0.4974,0.0836,0.1312,0.0009,0.0441,0.0002,1.6397,1.9995,7115.783
134,Z,H,0.2127,0.0031,0.0008,0.0003,0.0031,0.1545,0.4422,0.2460,0.0362,0.0931,0.0006,0.0448,0.0002,0.9814,1.2483,7167.124
135,H,Z,0.2997,0.0043,0.0007,0.0005,0.0063,0.2344,0.7409,0.5678,0.0867,0.1087,0.0047,0.0372,0.0002,1.7493,2.1044,7219.281
136,Z,H,0.2299,0.0029,0.0009,0.0003,0.0027,0.1721,0.4165,0.2539,0.0368,0.1181,0.0015,0.0629,0.0004,1.0076,1.3104,7270.649
137,H,Z,0.3449,0.0036,0.0007,0.0001,0.0033,0.1902,0.4204,0.2909,0.0379,0.1097,0.0009,0.0501,0.0004,1.0577,1.4637,7322.155
138,Z,H,0.2102,0.0027,0.0009,0.0002,0.0027,0.1606,0.3859,0.2537,0.0377,0.1054,0.0028,0.0464,0.0001,0.9509,1.2182,7373.409
139,H,Z,0.3030,0.0047,0.0010,0.0004,0.0054,0.2444,0.7995,0.5650,0.0884,0.0965,0.0008,0.0403,0.0002,1.8030,2.1603,7425.603
140,Z,H,0.2140,0.0030,0.0009,0.0003,0.0028,0.1607,0.3696,0.2475,0.0360,0.1253,0.0170,0.0522,0.0003,0.9465,1.2384,7476.877
141,H,Z,0.2193,0.0032,0.0009,0.0003,0.0032,0.1540,0.3672,0.2768,0.0376,0.1019,0.0376,0.0622,0.0002,0.9463,1.2748,7528.201
142,Z,H,0.2118,0.0028,0.0007,0.0003,0.0030,0.1479,0.4284,0.2300,0.0432,0.1245,0.0006,0.0431,0.0001,0.9817,1.2455,7579.480
143,H,Z,0.3247,0.0044,0.0012,0.0004,0.0058,0.2475,0.7243,0.5843,0.0908,0.1087,0.0011,0.0423,0.0002,1.7657,2.1474,7631.671
144,Z,H,0.3102,0.0041,0.0009,0.0004,0.0039,0.2352,0.7189,0.5167,0.0857,0.1153,0.0100,0.0493,0.0002,1.6818,2.0625,7683.766
145,H,Z,0.2097,0.0024,0.0008,0.0003,0.0027,0.1614,0.3719,0.2572,0.0440,0.1272,0.0009,0.0420,0.0002,0.9705,1.2309,7735.031
146,Z,H,0.3239,0.0054,0.0013,0.0007,0.0046,0.2436,0.6356,0.2973,0.0394,0.1339,0.0077,0.0632,0.0003,1.3610,1.7702,7786.873
147,H,Z,0.2136,0.0027,0.0008,0.0002,0.0028,0.1627,0.3611,0.2599,0.0358,0.1077,0.0010,0.0410,0.0001,0.9345,1.1982,7838.113
148,Z,H,0.2778,0.0032,0.0009,0.0003,0.0036,0.1669,0.3924,0.2691,0.0393,0.1001,0.0017,0.0664,0.0001,0.9767,1.3327,7889.490
149,H,Z,0.3120,0.0046,0.0010,0.0005,0.0050,0.2485,0.7144,0.5566,0.0864,0.1750,0.0188,0.0606,0.0003,1.7932,2.1978,7941.741
150,Z,H,0.2187,0.0030,0.0009,0.0003,0.0027,0.1621,0.3754,0.2492,0.0371,0.1022,0.0066,0.0526,0.0002,0.9337,1.2203,7993.022
151,H,Z,0.2417,0.0029,0.0011,0.0002,0.0037,0.2165,0.4827,0.3411,0.0394,0.1067,0.0011,0.0451,0.0002,1.1944,1.4916,8044.550
152,Z,H,0.2299,0.0030,0.0008,0.0004,0.0027,0.1649,0.3701,0.2434,0.0368,0.1086,0.0053,0.0366,0.0002,0.9318,1.2126,8095.811
153,H,Z,0.1988,0.0030,0.0008,0.0003,0.0030,0.1469,0.3723,0.2504,0.0351,0.1015,0.0008,0.0372,0.0002,0.9232,1.1688,8147.022
154,Z,H,0.2245,0.0035,0.0009,0.0005,0.0034,0.1596,0.3835,0.2780,0.0388,0.1409,0.0009,0.0457,0.0002,1.0086,1.2897,8198.360
155,H,Z,0.2101,0.0027,0.0008,0.0003,0.0028,0.1479,0.3676,0.2512,0.0392,0.1156,0.0016,0.0645,0.0001,0.9308,1.2154,8249.626
156,Z,H,0.2012,0.0028,0.0008,0.0002,0.0032,0.1702,0.3625,0.2446,0.0358,0.0947,0.0009,0.0571,0.0002,0.9174,1.1854,8300.846
157,H,Z,0.2270,0.0033,0.0008,0.0003,0.0030,0.1583,0.3856,0.2642,0.0357,0.1107,0.0194,0.0354,0.0002,0.9606,1.2513,8352.147
158,Z,H,0.2028,0.0021,0.0007,0.0002,0.0027,0.1534,0.3637,0.2475,0.0370,0.1238,0.0009,0.0381,0.0002,0.9329,1.1820,8403.370
159,H,Z,0.2087,0.0021,0.0008,0.0001,0.0033,0.1452,0.3665,0.2347,0.0367,0.0862,0.0007,0.0385,0.0001,0.8761,1.1316,8454.546
160,Z,H,0.3107,0.0032,0.0008,0.0003,0.0033,0.2187,0.3727,0.2533,0.0347,0.1275,0.0009,0.0450,0.0002,1.0145,1.3807,8505.965
161,H,Z,0.2087,0.0034,0.0009,0.0004,0.0031,0.1572,0.3886,0.2661,0.0391,0.1368,0.0011,0.0487,0.0003,0.9960,1.2641,8557.265
162,Z,H,0.2083,0.0030,0.0008,0.0003,0.0030,0.1599,0.3895,0.2488,0.0370,0.1381,0.0018,0.0649,0.0002,0.9820,1.2661,8608.586
163,H,Z,0.3126,0.0046,0.0009,0.0004,0.0048,0.2345,0.7180,0.5224,0.0848,0.1132,0.0009,0.0505,0.0004,1.6822,2.0594,8660.691
164,Z,H,0.2391,0.0023,0.0007,0.0004,0.0026,0.1762,0.4511,0.2442,0.0483,0.1311,0.0008,0.0460,0.0001,1.0585,1.3520,8712.086
165,H,Z,0.2962,0.0031,0.0008,0.0003,0.0039,0.2329,0.8178,0.5734,0.0443,0.0892,0.0039,0.0326,0.0003,1.7673,2.1099,8764.229
166,Z,H,0.2939,0.0039,0.0010,0.0006,0.0032,0.2325,0.8967,0.5229,0.0872,0.1293,0.0009,0.0577,0.0001,1.8787,2.2415,8816.517
167,H,Z,0.2116,0.0044,0.0011,0.0004,0.0026,0.1510,0.3592,0.2364,0.0343,0.0877,0.0008,0.0511,0.0002,0.8771,1.1525,8867.705
168,Z,H,0.3037,0.0042,0.0008,0.0005,0.0041,0.2342,0.7001,0.5170,0.0887,0.1162,0.0191,0.0471,0.0002,1.6651,2.0465,8919.786
169,H,Z,0.2112,0.0021,0.0007,0.0002,0.0023,0.1552,0.3598,0.2525,0.0363,0.0853,0.0022,0.0560,0.0001,0.8974,1.1736,8971.011
170,Z,H,0.2918,0.0035,0.0010,0.0003,0.0043,0.2302,0.6909,0.5106,0.0953,0.1403,0.0008,0.0479,0.0002,1.6765,2.0279,9023.086
171,H,Z,0.2000,0.0022,0.0006,0.0001,0.0023,0.1614,0.3580,0.2630,0.0359,0.1151,0.0007,0.0340,0.0001,0.9404,1.1817,9074.317
172,Z,H,0.2120,0.0026,0.0008,0.0004,0.0029,0.1583,0.4833,0.2365,0.0351,0.1003,0.0067,0.0431,0.0001,1.0206,1.2911,9125.638
173,H,Z,0.2180,0.0031,0.0012,0.0004,0.0032,0.1691,0.3701,0.2637,0.0382,0.1411,0.0017,0.0678,0.0003,0.9923,1.2896,9176.974
174,Z,H,0.3109,0.0041,0.0012,0.0003,0.0055,0.2373,0.7392,0.5269,0.1676,0.0875,0.0008,0.0425,0.0003,1.7701,2.1371,9229.151
175,H,Z,0.2085,0.0026,0.0007,0.0002,0.0026,0.1636,0.4724,0.2401,0.0372,0.1003,0.0006,0.0346,0.0002,1.0198,1.2715,9280.464
176,Z,H,0.1876,0.0021,0.0006,0.0001,0.0022,0.1514,0.3637,0.2477,0.0352,0.1285,0.0014,0.0582,0.0002,0.9372,1.1913,9331.708
177,H,Z,0.2171,0.0032,0.0010,0.0003,0.0033,0.3014,0.8696,0.2745,0.0386,0.1178,0.0008,0.0507,0.0002,1.6099,1.8883,9383.637
178,Z,H,0.2410,0.0022,0.0005,0.0001,0.0020,0.1784,0.3549,0.2329,0.0341,0.1737,0.0007,0.0461,0.0001,0.9809,1.2751,9434.945
179,H,Z,0.1945,0.0021,0.0006,0.0001,0.0023,0.1560,0.3722,0.2512,0.0347,0.1017,0.0016,0.0562,0.0002,0.9247,1.1834,9486.181
180,Z,H,0.2043,0.0028,0.0008,0.0002,0.0024,0.1600,0.3783,0.2459,0.0356,0.1014,0.0017,0.0626,0.0002,0.9297,1.2061,9537.438
181,H,Z,0.3142,0.0048,0.0010,0.0005,0.0048,0.2505,0.7186,0.5284,0.0837,0.1291,0.0010,0.0545,0.0002,1.7208,2.1034,9589.584
182,Z,H,0.3134,0.0045,0.0007,0.0005,0.0038,0.2310,0.6977,0.4948,0.0841,0.1123,0.0007,0.0439,0.0002,1.6300,1.9995,9641.629
183,H,Z,0.2217,0.0024,0.0011,0.0004,0.0025,0.1674,0.3576,0.2511,0.0343,0.0944,0.0007,0.0332,0.0001,0.9124,1.1768,9692.841
184,Z,H,0.2913,0.0102,0.0008,0.0003,0.0036,0.2328,0.7716,0.5082,0.0859,0.1094,0.0032,0.0582,0.0002,1.7158,2.0857,9744.988
185,H,Z,0.2044,0.0022,0.0014,0.0002,0.0024,0.1617,0.3677,0.2563,0.0360,0.0935,0.0010,0.0990,0.0002,0.9241,1.2370,9796.287
186,Z,H,0.2120,0.0027,0.0008,0.0002,0.0032,0.1641,0.3748,0.2690,0.0369,0.1223,0.0212,0.0660,0.0002,0.9755,1.2833,9847.619
187,H,Z,0.2618,0.0023,0.0009,0.0002,0.0034,0.2092,0.4675,0.3512,0.0489,0.1215,0.0011,0.0597,0.0002,1.2084,1.5397,9899.228
188,Z,H,0.2986,0.0037,0.0008,0.0003,0.0051,0.2361,0.7293,0.5496,0.0410,0.1195,0.0007,0.0361,0.0001,1.6849,2.0319,9951.298
189,H,Z,0.1989,0.0024,0.0006,0.0002,0.0024,0.1547,0.3597,0.2456,0.0367,0.1220,0.0017,0.0703,0.0001,0.9356,1.2137,10002.593
190,Z,H,0.1927,0.0021,0.0005,0.0001,0.0023,0.1577,0.3608,0.2445,0.0369,0.1073,0.0223,0.0374,0.0001,0.9142,1.1731,10053.806
191,H,Z,0.2623,0.0022,0.0009,0.0001,0.0023,0.2091,0.4218,0.2608,0.0427,0.0992,0.0007,0.0490,0.0001,1.0410,1.3602,10105.209
192,Z,H,0.2409,0.0033,0.0008,0.0006,0.0036,0.1876,0.5561,0.2714,0.0371,0.0926,0.0007,0.0434,0.0001,1.1536,1.4485,10156.696
193,H,Z,0.3034,0.0035,0.0007,0.0003,0.0043,0.2279,0.7443,0.2619,0.0379,0.1297,0.0012,0.0597,0.0002,1.4114,1.7863,10208.526
194,Z,H,0.2875,0.0033,0.0009,0.0003,0.0035,0.2402,0.8048,0.4850,0.0853,0.1176,0.0008,0.0502,0.0002,1.7426,2.0911,10260.666
195,H,Z,0.2120,0.0025,0.0012,0.0004,0.0028,0.1691,0.3498,0.2479,0.0350,0.1134,0.0014,0.0655,0.0002,0.9240,1.2115,10311.927
196,Z,H,0.2036,0.0025,0.0007,0.0003,0.0026,0.1552,0.4379,0.2364,0.0350,0.1052,0.0008,0.0412,0.0002,0.9778,1.2310,10363.197
197,H,Z,0.2001,0.0022,0.0011,0.0002,0.0035,0.1702,0.4288,0.2608,0.0369,0.1092,0.0004,0.0483,0.0001,1.0133,1.2707,10414.511
198,Z,H,0.3091,0.0045,0.0011,0.0005,0.0048,0.2514,0.7123,0.5514,0.0921,0.1224,0.0202,0.0616,0.0001,1.7413,2.1453,10466.704
199,H,Z,0.3426,0.0045,0.0012,0.0003,0.0045,0.2425,0.7211,0.5379,0.0937,0.1156,0.0011,0.0764,0.0003,1.7208,2.1535,10518.919
200,Z,H,0.2876,0.0032,0.0011,0.0005,0.0026,0.1760,0.3694,0.3282,0.0798,0.0955,0.0023,0.0616,0.0002,1.0607,1.4219,10570.405
201,H,Z,0.2929,0.0039,0.0008,0.0003,0.0044,0.2425,0.6906,0.5038,0.0395,0.1347,0.0018,0.0611,0.0002,1.6214,1.9886,10622.500
202,Z,H,0.2838,0.0036,0.0009,0.0006,0.0037,0.1735,0.3699,0.2625,0.0381,0.1365,0.0016,0.0747,0.0001,0.9911,1.3617,10673.910
203,H,Z,0.2101,0.0031,0.0009,0.0003,0.0028,0.1547,0.3845,0.2713,0.0386,0.1211,0.0025,0.0662,0.0002,0.9787,1.2665,10725.230
204,Z,H,0.2143,0.0031,0.0007,0.0004,0.0028,0.1617,0.3858,0.2537,0.0351,0.1568,0.0017,0.0696,0.0002,1.0020,1.2966,10776.581
205,H,Z,0.3234,0.0037,0.0009,0.0003,0.0047,0.2397,0.7611,0.2572,0.0373,0.1080,0.0009,0.0542,0.0005,1.4120,1.8021,10828.422
206,Z,H,0.2674,0.0024,0.0008,0.0003,0.0032,0.1757,0.3923,0.2326,0.0335,0.0956,0.0193,0.0520,0.0002,0.9378,1.2850,10879.773
207,H,Z,0.2247,0.0036,0.0010,0.0005,0.0027,0.1701,0.3747,0.2737,0.0385,0.1279,0.0048,0.0556,0.0002,0.9931,1.2879,10931.131
208,Z,H,0.2023,0.0020,0.0007,0.0001,0.0024,0.1458,0.3638,0.2371,0.0344,0.1247,0.0015,0.0613,0.0002,0.9152,1.1867,10982.389
209,H,Z,0.2637,0.0023,0.0006,0.0002,0.0032,0.1782,0.4283,0.2526,0.0393,0.1109,0.0007,0.0469,0.0001,1.0164,1.3357,11033.755
210,Z,H,0.2003,0.0018,0.0005,0.0002,0.0025,0.1627,0.4133,0.2233,0.0362,0.1104,0.0077,0.0329,0.0001,0.9538,1.2011,11084.990
211,H,Z,0.2116,0.0032,0.0010,0.0003,0.0031,0.1576,0.3745,0.2742,0.0365,0.0998,0.0017,0.0685,0.0002,0.9511,1.2422,11136.301
212,Z,H,0.2112,0.0027,0.0009,0.0002,0.0033,0.1566,0.4185,0.2423,0.0370,0.1149,0.0078,0.0522,0.0003,0.9771,1.2570,11187.603
213,H,Z,0.3053,0.0035,0.0007,0.0003,0.0044,0.2332,0.6970,0.2868,0.0363,0.0985,0.0007,0.0354,0.0002,1.3606,1.7129,11239.361
214,Z,H,0.3526,0.0035,0.0010,0.0003,0.0035,0.2497,0.7722,0.3876,0.0406,0.0893,0.0005,0.0501,0.0002,1.5472,1.9605,11291.352
215,H,Z,0.2854,0.0035,0.0008,0.0004,0.0039,0.2429,0.7599,0.5181,0.0855,0.0992,0.0008,0.0448,0.0001,1.7148,2.0560,11343.443
216,Z,H,0.2227,0.0037,0.0009,0.0004,0.0026,0.1487,0.4023,0.2421,0.0368,0.0937,0.0090,0.0526,0.0003,0.9301,1.2240,11394.702
217,H,Z,0.2817,0.0030,0.0009,0.0002,0.0043,0.1706,0.4674,0.3259,0.0410,0.1188,0.0015,0.0566,0.0003,1.1338,1.4839,11446.248
218,Z,H,0.2935,0.0037,0.0008,0.0003,0.0044,0.2831,0.3805,0.2784,0.0349,0.1170,0.0016,0.0601,0.0001,1.1045,1.4710,11497.778
219,H,Z,0.3246,0.0051,0.0011,0.0004,0.0049,0.2389,0.7160,0.5495,0.0889,0.1028,0.0008,0.0571,0.0002,1.7063,2.1023,11549.925
220,Z,H,0.2113,0.0031,0.0008,0.0004,0.0025,0.1591,0.3623,0.2538,0.0385,0.2064,0.0014,0.0574,0.0003,1.0284,1.3070,11601.276
221,H,Z,0.2081,0.0024,0.0008,0.0002,0.0035,0.1575,0.3716,0.2537,0.0372,0.1081,0.0014,0.0611,0.0002,0.9368,1.2163,11652.550
222,Z,H,0.2110,0.0022,0.0008,0.0002,0.0032,0.1615,0.3766,0.2405,0.0357,0.0970,0.0009,0.0626,0.0002,0.9185,1.2010,11703.787
223,H,Z,0.3070,0.0030,0.0010,0.0002,0.0035,0.2055,0.5803,0.3073,0.0541,0.0943,0.0009,0.0475,0.0003,1.2499,1.6150,11755.445
224,Z,H,0.2936,0.0035,0.0007,0.0004,0.0049,0.2468,0.8113,0.5251,0.0859,0.1084,0.0087,0.0582,0.0003,1.7866,2.1583,11807.650
225,H,Z,0.3085,0.0035,0.0009,0.0003,0.0036,0.2299,0.7111,0.5140,0.0867,0.1155,0.0007,0.0412,0.0002,1.6660,2.0264,11859.751
226,Z,H,0.3010,0.0043,0.0009,0.0004,0.0040,0.2270,0.7181,0.5025,0.0859,0.1004,0.0008,0.0445,0.0003,1.6433,2.0012,11911.800
227,H,Z,0.2162,0.0025,0.0007,0.0001,0.0024,0.1538,0.3520,0.2388,0.0353,0.1061,0.0008,0.0355,0.0001,0.8934,1.1529,11962.997
228,Z,H,0.2450,0.0028,0.0007,0.0002,0.0029,0.1631,0.3615,0.2735,0.0385,0.0941,0.0013,0.0634,0.0003,0.9384,1.2564,12014.295
229,H,Z,0.1941,0.0023,0.0006,0.0002,0.0025,0.1536,0.3732,0.2500,0.0335,0.1092,0.0009,0.0559,0.0002,0.9282,1.1861,12065.561
230,Z,H,0.2036,0.0024,0.0006,0.0002,0.0028,0.1585,0.3951,0.2289,0.0351,0.1032,0.0008,0.0411,0.0001,0.9276,1.1806,12116.803
231,H,Z,0.3215,0.0053,0.0010,0.0005,0.0051,0.2326,0.7326,0.5179,0.0846,0.1135,0.0017,0.0716,0.0002,1.6925,2.1016,12168.959
232,Z,H,0.2162,0.0033,0.0009,0.0003,0.0029,0.1526,0.4145,0.2467,0.0453,0.1487,0.0008,0.0477,0.0002,1.0152,1.2889,12220.316
233,H,Z,0.2031,0.0023,0.0009,0.0004,0.0031,0.1585,0.4089,0.2618,0.0356,0.1254,0.0016,0.0602,0.0001,0.9997,1.2730,12271.662
234,Z,H,0.2080,0.0030,0.0009,0.0003,0.0031,0.1602,0.4194,0.2481,0.0370,0.1080,0.0015,0.0597,0.0002,0.9818,1.2599,12322.964
235,H,Z,0.2252,0.0032,0.0009,0.0003,0.0035,0.1736,0.3687,0.2686,0.0388,0.1140,0.0011,0.0518,0.0004,0.9711,1.2589,12374.260
236,Z,H,0.2178,0.0029,0.0009,0.0003,0.0032,0.1601,0.3835,0.2505,0.0374,0.1009,0.0007,0.0475,0.0001,0.9407,1.2155,12425.501
237,H,Z,0.2700,0.0029,0.0009,0.0004,0.0037,0.2396,0.3733,0.2598,0.0358,0.1109,0.0017,0.0673,0.0002,1.0300,1.3788,12476.928
238,Z,H,0.2220,0.0030,0.0009,0.0003,0.0029,0.1711,0.3628,0.2447,0.0369,0.1114,0.0008,0.0399,0.0002,0.9340,1.2054,12528.176
239,H,Z,0.2987,0.0047,0.0010,0.0004,0.0049,0.2292,0.7128,0.5378,0.0870,0.0900,0.0156,0.0471,0.0002,1.6665,2.0408,12580.255
240,Z,H,0.3248,0.0035,0.0009,0.0001,0.0030,0.2263,0.3806,0.2527,0.0354,0.1299,0.0008,0.0436,0.0002,1.0330,1.4118,12631.705
241,H,Z,0.2115,0.0031,0.0010,0.0003,0.0030,0.1640,0.3830,0.2599,0.0368,0.1197,0.0054,0.0494,0.0003,0.9717,1.2469,12683.007
242,Z,H,0.2154,0.0028,0.0007,0.0003,0.0029,0.1455,0.3631,0.2537,0.0361,0.1426,0.0015,0.0623,0.0002,0.9498,1.2376,12734.318
243,H,Z,0.2230,0.0032,0.0009,0.0003,0.0033,0.1602,0.4452,0.2432,0.0349,0.0943,0.0177,0.0485,0.0002,0.9844,1.2833,12785.658
244,Z,H,0.2230,0.0033,0.0009,0.0003,0.0031,0.1583,0.3654,0.2464,0.0390,0.1083,0.0019,0.0696,0.0002,0.9256,1.2296,12836.934
245,H,Z,0.2125,0.0032,0.0007,0.0003,0.0034,0.1629,0.3639,0.2986,0.0363,0.1288,0.0239,0.0422,0.0004,0.9985,1.2869,12888.260
246,Z,H,0.3055,0.0046,0.0013,0.0005,0.0050,0.2322,0.7220,0.5475,0.0870,0.1502,0.0011,0.0449,0.0003,1.7502,2.1154,12940.411
247,H,Z,0.2304,0.0032,0.0010,0.0005,0.0028,0.1644,0.3943,0.2659,0.0395,0.1391,0.0017,0.0753,0.0002,1.0121,1.3291,12991.804
248,Z,H,0.2419,0.0028,0.0008,0.0005,0.0028,0.1659,0.3863,0.2730,0.0376,0.1137,0.0018,0.0616,0.0002,0.9862,1.3004,13043.157
249,H,Z,0.2091,0.0031,0.0007,0.0003,0.0027,0.1668,0.3680,0.2505,0.0368,0.1213,0.0008,0.0512,0.0003,0.9516,1.2214,13094.434
250,Z,H,0.1983,0.0027,0.0007,0.0002,0.0026,0.1464,0.3837,0.2558,0.0369,0.1273,0.0007,0.0474,0.0001,0.9574,1.2115,13145.687
251,H,Z,0.2808,0.0027,0.0009,0.0003,0.0034,0.1643,0.3608,0.2566,0.0368,0.1037,0.0009,0.0524,0.0003,0.9340,1.2775,13196.998
252,Z,H,0.2255,0.0026,0.0008,0.0002,0.0033,0.1615,0.4372,0.2535,0.0372,0.0948,0.0166,0.0492,0.0002,0.9914,1.2911,13248.324
253,H,Z,0.2051,0.0026,0.0008,0.0002,0.0029,0.1513,0.3891,0.2491,0.0354,0.0912,0.0008,0.0420,0.0004,0.9242,1.1804,13299.537
254,Z,H,0.2022,0.0022,0.0009,0.0002,0.0025,0.1563,0.3535,0.2324,0.0367,0.1413,0.0041,0.0597,0.0002,0.9285,1.2018,13350.780
255,H,Z,0.1994,0.0020,0.0006,0.0002,0.0023,0.1469,0.3944,0.2504,0.0371,0.1288,0.0007,0.0388,0.0002,0.9649,1.2102,13402.026
256,Z,H,0.2916,0.0035,0.0009,0.0004,0.0042,0.2330,0.7103,0.5009,0.1014,0.0975,0.0006,0.0390,0.0002,1.6526,1.9946,13454.063
257,H,Z,0.2031,0.0027,0.0008,0.0002,0.0025,0.1598,0.3577,0.2618,0.0357,0.1381,0.0008,0.0396,0.0002,0.9608,1.2121,13505.311
258,Z,H,0.2065,0.0030,0.0008,0.0003,0.0025,0.1453,0.3764,0.2460,0.0378,0.1344,0.0010,0.0572,0.0003,0.9482,1.2212,13556.574
259,H,Z,0.3105,0.0046,0.0010,0.0004,0.0044,0.2276,0.7162,0.5051,0.0865,0.0965,0.0177,0.0467,0.0002,1.6411,2.0286,13608.722
260,Z,H,0.2416,0.0032,0.0009,0.0002,0.0030,0.1632,0.3647,0.2504,0.0360,0.1250,0.0017,0.0634,0.0002,0.9483,1.2643,13660.041
261,H,Z,0.3243,0.0044,0.0007,0.0003,0.0036,0.2283,0.6820,0.2364,0.0356,0.1167,0.0008,0.0387,0.0001,1.3076,1.6823,13711.776
262,Z,H,0.2220,0.0024,0.0009,0.0001,0.0029,0.1661,0.3637,0.2348,0.0352,0.0950,0.0006,0.0343,0.0002,0.9026,1.1671,13762.974
263,H,Z,0.2056,0.0025,0.0010,0.0003,0.0026,0.1588,0.3884,0.2582,0.0361,0.1182,0.0010,0.0500,0.0003,0.9678,1.2325,13814.243
264,Z,H,0.2074,0.0024,0.0011,0.0002,0.0032,0.1517,0.4539,0.2370,0.0367,0.0965,0.0008,0.0617,0.0002,0.9826,1.2611,13865.542
265,H,Z,0.2154,0.0025,0.0010,0.0003,0.0043,0.1496,0.3674,0.2483,0.0366,0.0929,0.0007,0.0491,0.0003,0.9025,1.1775,13916.753
266,Z,H,0.2223,0.0030,0.0009,0.0003,0.0031,0.1651,0.3720,0.2653,0.0396,0.0973,0.0019,0.0606,0.0001,0.9483,1.2420,13968.041
267,H,Z,0.1966,0.0023,0.0007,0.0001,0.0025,0.1558,0.3535,0.2584,0.0363,0.1209,0.0007,0.0388,0.0002,0.9325,1.1755,14019.319
268,Z,H,0.1968,0.0022,0.0007,0.0002,0.0028,0.1575,0.3722,0.2415,0.0352,0.0954,0.0032,0.0550,0.0001,0.9103,1.1729,14070.538
269,H,Z,0.3040,0.0039,0.0008,0.0003,0.0045,0.2314,0.7227,0.5303,0.0888,0.1107,0.0008,0.0418,0.0002,1.6919,2.0497,14122.650
270,Z,H,0.2737,0.0038,0.0009,0.0004,0.0034,0.1559,0.3685,0.2513,0.0379,0.1008,0.0008,0.0491,0.0001,0.9220,1.2562,14173.946
271,H,Z,0.2086,0.0032,0.0009,0.0006,0.0034,0.1670,0.3872,0.2725,0.0385,0.1127,0.0011,0.0498,0.0002,0.9859,1.2556,14225.238
272,Z,H,0.2055,0.0026,0.0007,0.0002,0.0030,0.1614,0.3640,0.2457,0.0379,0.1149,0.0013,0.0494,0.0002,0.9339,1.1982,14276.484
273,H,Z,0.1934,0.0022,0.0007,0.0002,0.0025,0.1456,0.3603,0.2441,0.0382,0.1245,0.0052,0.0434,0.0001,0.9201,1.1691,14327.694
274,Z,H,0.3066,0.0042,0.0009,0.0004,0.0049,0.2304,0.7160,0.5039,0.0858,0.1162,0.0008,0.0428,0.0002,1.6611,2.0235,14379.760
275,H,Z,0.2067,0.0024,0.0008,0.0002,0.0025,0.1550,0.3517,0.2354,0.0347,0.1212,0.0210,0.0378,0.0001,0.9042,1.1771,14430.976
276,Z,H,0.1996,0.0022,0.0007,0.0001,0.0021,0.1579,0.3621,0.2436,0.0356,0.0854,0.0208,0.0375,0.0002,0.8920,1.1563,14482.163
277,H,Z,0.2469,0.0032,0.0009,0.0003,0.0035,0.1568,0.4274,0.2547,0.0347,0.0900,0.0009,0.0442,0.0002,0.9712,1.2727,14533.482
278,Z,H,0.2241,0.0029,0.0010,0.0003,0.0032,0.2160,0.3766,0.2535,0.0376,0.1110,0.0016,0.0685,0.0002,1.0055,1.3092,14584.838
279,H,Z,0.1993,0.0022,0.0006,0.0001,0.0024,0.1595,0.3691,0.2297,0.0483,0.0723,0.0013,0.0547,0.0002,0.8879,1.1500,14636.055
280,Z,H,0.2066,0.0024,0.0007,0.0002,0.0027,0.1495,0.3523,0.2509,0.0362,0.0924,0.0012,0.0550,0.0002,0.8887,1.1590,14687.263
281,H,Z,0.1925,0.0024,0.0008,0.0003,0.0024,0.1562,0.3628,0.2461,0.0369,0.0846,0.0011,0.0540,0.0001,0.8955,1.1507,14738.466
282,Z,H,0.2024,0.0025,0.0006,0.0001,0.0027,0.2207,0.4117,0.2517,0.0357,0.1022,0.0069,0.0446,0.0002,1.0302,1.2918,14789.807
283,H,Z,0.2264,0.0032,0.0010,0.0003,0.0030,0.1655,0.3654,0.2609,0.0480,0.1401,0.0009,0.0547,0.0004,0.9875,1.2791,14841.128
284,Z,H,0.3011,0.0041,0.0009,0.0004,0.0052,0.2350,0.7514,0.5298,0.0939,0.1363,0.0181,0.0458,0.0002,1.7552,2.1326,14893.294
285,H,Z,0.2114,0.0037,0.0012,0.0006,0.0036,0.1657,0.3969,0.2642,0.0408,0.1453,0.0227,0.0709,0.0001,1.0228,1.3390,14944.680
286,Z,H,0.2721,0.0024,0.0008,0.0001,0.0027,0.2019,0.4680,0.3488,0.0529,0.1196,0.0082,0.0511,0.0002,1.1994,1.5383,14996.256
287,H,Z,0.1951,0.0020,0.0006,0.0001,0.0026,0.1586,0.4124,0.2313,0.0360,0.0829,0.0007,0.0392,0.0002,0.9274,1.1691,15047.452
288,Z,H,0.2036,0.0024,0.0008,0.0002,0.0028,0.1543,0.3610,0.2485,0.0357,0.1240,0.0009,0.0417,0.0002,0.9310,1.1848,15098.677
289,H,Z,0.1993,0.0025,0.0007,0.0002,0.0023,0.1529,0.3541,0.2494,0.0383,0.1416,0.0014,0.0693,0.0002,0.9459,1.2231,15149.956
290,Z,H,0.2091,0.0025,0.0006,0.0002,0.0031,0.1564,0.4734,0.2330,0.0347,0.0866,0.0006,0.0525,0.0001,0.9913,1.2613,15201.308
291,H,Z,0.3046,0.0041,0.0009,0.0003,0.0044,0.2465,0.7077,0.6278,0.0887,0.1219,0.0007,0.0456,0.0002,1.8017,2.1643,15253.509
292,Z,H,0.2100,0.0030,0.0010,0.0002,0.0031,0.1556,0.3736,0.2525,0.0407,0.1398,0.0043,0.0476,0.0001,0.9688,1.2395,15304.791
293,H,Z,0.2042,0.0027,0.0009,0.0002,0.0026,0.1627,0.3593,0.2436,0.0349,0.1293,0.0007,0.0375,0.0002,0.9370,1.1869,15356.015
294,Z,H,0.2066,0.0025,0.0008,0.0002,0.0027,0.1502,0.3529,0.2519,0.0360,0.1335,0.0013,0.0558,0.0002,0.9320,1.2036,15407.272
295,H,Z,0.2248,0.0029,0.0010,0.0002,0.0037,0.1730,0.4221,0.2518,0.0462,0.1155,0.0012,0.0594,0.0002,1.0180,1.3129,15458.628
296,Z,H,0.3273,0.0044,0.0013,0.0006,0.0058,0.2385,0.7579,0.5239,0.0900,0.1214,0.0046,0.0662,0.0003,1.7417,2.1543,15510.833
297,H,Z,0.2142,0.0028,0.0007,0.0003,0.0033,0.1481,0.3672,0.2467,0.0502,0.1092,0.0010,0.0544,0.0002,0.9305,1.2090,15562.075
298,Z,H,0.2104,0.0020,0.0009,0.0002,0.0034,0.1482,0.4112,0.2464,0.0394,0.1210,0.0008,0.0505,0.0003,0.9745,1.2443,15613.356
299,H,Z,0.1992,0.0022,0.0009,0.0002,0.0034,0.1591,0.3841,0.2437,0.0376,0.0840,0.0006,0.0394,0.0002,0.9161,1.1634,15664.547
300,Z,H,0.3126,0.0044,0.0012,0.0003,0.0056,0.2348,0.7397,0.3266,0.0406,0.0992,0.0015,0.0621,0.0003,1.4512,1.8410,15716.455
301,H,Z,0.3007,0.0042,0.0009,0.0003,0.0039,0.2505,0.7012,0.5263,0.0879,0.1085,0.0007,0.0421,0.0002,1.6835,2.0380,15768.546
302,Z,H,0.3317,0.0042,0.0013,0.0005,0.0041,0.2401,0.7793,0.5217,0.0892,0.0999,0.0053,0.0536,0.0006,1.7400,2.1432,15820.762
303,H,Z,0.3157,0.0046,0.0009,0.0006,0.0044,0.2394,0.7407,0.5299,0.0862,0.1007,0.0010,0.0734,0.0001,1.7069,2.1095,15872.924
304,Z,H,0.2126,0.0027,0.0015,0.0006,0.0027,0.1507,0.3674,0.2605,0.0377,0.0926,0.0008,0.0441,0.0005,0.9162,1.1830,15924.140
305,H,Z,0.2072,0.0028,0.0010,0.0003,0.0026,0.1701,0.3773,0.2496,0.0370,0.1029,0.0007,0.0418,0.0002,0.9464,1.2043,15975.376
306,Z,H,0.3147,0.0041,0.0011,0.0004,0.0037,0.2545,0.8004,0.5406,0.0889,0.1164,0.0017,0.0642,0.0003,1.8114,2.2033,16027.623
307,H,Z,0.2050,0.0028,0.0011,0.0003,0.0032,0.1570,0.4224,0.2496,0.0358,0.0992,0.0015,0.0565,0.0001,0.9800,1.2520,16078.950
308,Z,H,0.1989,0.0024,0.0006,0.0002,0.0024,0.1554,0.4223,0.2562,0.0359,0.0811,0.0008,0.0428,0.0001,0.9582,1.2078,16130.198
309,H,Z,0.2414,0.0038,0.0009,0.0005,0.0035,0.2099,0.4547,0.3215,0.0465,0.1175,0.0009,0.0543,0.0003,1.1656,1.4728,16181.714
310,Z,H,0.2104,0.0024,0.0005,0.0002,0.0031,0.1613,0.4154,0.2342,0.0362,0.1167,0.0006,0.0460,0.0002,0.9713,1.2358,16232.993
311,H,Z,0.3092,0.0036,0.0011,0.0003,0.0056,0.2389,0.7327,0.5353,0.1073,0.1092,0.0008,0.0693,0.0004,1.7332,2.1252,16285.168
312,Z,H,0.2755,0.0029,0.0010,0.0002,0.0026,0.1656,0.3677,0.2493,0.0374,0.0889,0.0013,0.0407,0.0002,0.9174,1.2431,16336.460
313,H,Z,0.2141,0.0028,0.0013,0.0003,0.0025,0.1642,0.3718,0.2645,0.0367,0.1427,0.0008,0.0481,0.0002,0.9895,1.2608,16387.766
314,Z,H,0.2096,0.0031,0.0007,0.0002,0.0030,0.1543,0.3611,0.2524,0.0363,0.0917,0.0033,0.0596,0.0002,0.9044,1.1857,16439.015
315,H,Z,0.2007,0.0019,0.0006,0.0002,0.0024,0.1585,0.4165,0.2368,0.0368,0.1068,0.0013,0.0591,0.0001,0.9644,1.2324,16490.294
316,Z,H,0.3083,0.0047,0.0010,0.0004,0.0053,0.2471,0.7729,0.5431,0.0856,0.1245,0.0012,0.0546,0.0002,1.7835,2.1641,16542.503
317,H,Z,0.3031,0.0044,0.0009,0.0005,0.0044,0.2423,0.7226,0.2853,0.0366,0.0878,0.0070,0.0332,0.0002,1.3873,1.7429,16594.284
318,Z,H,0.2119,0.0033,0.0009,0.0004,0.0030,0.1650,0.3720,0.6904,0.1565,0.1258,0.0016,0.0396,0.0002,1.5203,1.7828,16646.152
319,H,Z,0.2031,0.0023,0.0007,0.0002,0.0028,0.1697,0.3680,0.2486,0.0379,0.1180,0.0008,0.0409,0.0002,0.9503,1.2028,16697.385
320,Z,H,0.3053,0.0046,0.0011,0.0004,0.0050,0.2504,0.4015,0.2535,0.0374,0.1211,0.0008,0.0581,0.0001,1.0723,1.4494,16748.897
321,H,Z,0.3160,0.0035,0.0011,0.0006,0.0040,0.2349,0.7496,0.5541,0.1002,0.1026,0.0015,0.0727,0.0001,1.7517,2.1531,16801.104
322,Z,H,0.2939,0.0037,0.0010,0.0003,0.0043,0.2322,0.7941,0.5428,0.0850,0.1370,0.0009,0.0430,0.0002,1.8004,2.1494,16853.301
323,H,Z,0.1977,0.0024,0.0007,0.0002,0.0025,0.1492,0.3600,0.2354,0.0348,0.1064,0.0008,0.0380,0.0002,0.8917,1.1351,16904.470
324,Z,H,0.2081,0.0027,0.0008,0.0002,0.0027,0.1642,0.3919,0.2583,0.0373,0.0982,0.0010,0.0463,0.0002,0.9574,1.2212,16955.733
325,H,Z,0.3116,0.0038,0.0010,0.0005,0.0048,0.2347,0.7138,0.5312,0.0870,0.0895,0.0007,0.0571,0.0001,1.6659,2.0472,17007.827
326,Z,H,0.3098,0.0032,0.0011,0.0002,0.0036,0.2314,0.7709,0.5030,0.0881,0.0865,0.0257,0.0388,0.0001,1.6888,2.0727,17059.967
327,H,Z,0.2009,0.0024,0.0008,0.0003,0.0023,0.1593,0.3788,0.2542,0.0360,0.0914,0.0010,0.0485,0.0002,0.9267,1.1844,17111.197
328,Z,H,0.3185,0.0048,0.0011,0.0004,0.0051,0.2358,0.7230,0.5532,0.0900,0.1209,0.0012,0.0489,0.0003,1.7329,2.1150,17163.366
329,H,Z,0.2212,0.0024,0.0009,0.0002,0.0027,0.1507,0.4105,0.2723,0.0366,0.0832,0.0007,0.0389,0.0002,0.9640,1.2322,17214.632
330,Z,H,0.2302,0.0036,0.0009,0.0003,0.0029,0.1699,0.3812,0.2677,0.0388,0.1187,0.0183,0.0489,0.0002,0.9855,1.2924,17265.972
331,H,Z,0.2141,0.0033,0.0010,0.0003,0.0030,0.1513,0.3630,0.2648,0.0361,0.1236,0.0008,0.0401,0.0003,0.9467,1.2110,17317.217
332,Z,H,0.3061,0.0041,0.0011,0.0005,0.0046,0.2364,0.7242,0.3454,0.0427,0.0979,0.0008,0.0449,0.0003,1.4579,1.8223,17369.091
333,H,Z,0.2117,0.0032,0.0010,0.0002,0.0028,0.1727,0.3708,0.2448,0.0369,0.1222,0.0031,0.0431,0.0002,0.9548,1.2218,17420.387
334,Z,H,0.2651,0.0031,0.0011,0.0004,0.0036,0.2141,0.4373,0.2524,0.0389,0.1392,0.0017,0.0692,0.0001,1.0909,1.4368,17471.883
335,H,Z,0.2009,0.0026,0.0007,0.0003,0.0027,0.1475,0.3612,0.2577,0.0365,0.1171,0.0030,0.0440,0.0004,0.9273,1.1833,17523.104
336,Z,H,0.3311,0.0048,0.0012,0.0005,0.0054,0.2374,0.5690,0.2779,0.0393,0.0977,0.0009,0.0446,0.0002,1.2302,1.6208,17574.761
337,H,Z,0.2188,0.0028,0.0009,0.0003,0.0024,0.1497,0.3659,0.2425,0.0356,0.1065,0.0010,0.0454,0.0002,0.9103,1.1835,17625.988
338,Z,H,0.2964,0.0039,0.0012,0.0006,0.0038,0.1768,0.3926,0.2706,0.0394,0.1203,0.0009,0.0690,0.0004,1.0078,1.3859,17677.422
339,H,Z,0.3154,0.0047,0.0010,0.0004,0.0054,0.2518,0.7199,0.4870,0.0419,0.1301,0.0010,0.0431,0.0002,1.6416,2.0144,17729.529
340,Z,H,0.2334,0.0040,0.0010,0.0003,0.0029,0.1671,0.3755,0.2601,0.0407,0.1360,0.0010,0.0672,0.0003,0.9875,1.2994,17780.876
341,H,Z,0.3237,0.0048,0.0011,0.0006,0.0054,0.2341,0.9893,0.2640,0.0387,0.1172,0.0009,0.0456,0.0002,1.6531,2.0369,17832.952
342,Z,H,0.3089,0.0046,0.0010,0.0004,0.0049,0.2301,0.6383,0.2970,0.0371,0.0936,0.0041,0.0460,0.0001,1.3052,1.6772,17884.672
343,H,Z,0.3268,0.0045,0.0009,0.0005,0.0047,0.2406,0.7207,0.2501,0.0359,0.1076,0.0017,0.0694,0.0001,1.3635,1.7740,17936.496
344,Z,H,0.2390,0.0031,0.0009,0.0003,0.0022,0.1726,0.3764,0.2580,0.0381,0.1124,0.0016,0.0591,0.0001,0.9695,1.2772,17987.841
345,H,Z,0.2318,0.0033,0.0009,0.0004,0.0033,0.1713,0.3750,0.2587,0.0362,0.1142,0.0209,0.0605,0.0002,0.9634,1.2863,18039.197
346,Z,H,0.2064,0.0028,0.0007,0.0002,0.0027,0.1637,0.4277,0.2389,0.0350,0.0936,0.0009,0.0410,0.0003,0.9668,1.2229,18090.465
347,H,Z,0.3180,0.0052,0.0012,0.0004,0.0063,0.2486,0.7255,0.5771,0.0441,0.1053,0.0021,0.0496,0.0002,1.7098,2.0945,18142.617
348,Z,H,0.3122,0.0048,0.0012,0.0005,0.0045,0.2205,0.3982,0.2838,0.0371,0.1110,0.0173,0.0531,0.0002,1.0587,1.4543,18194.119
349,H,Z,0.3046,0.0033,0.0009,0.0003,0.0037,0.2304,0.5200,0.2600,0.0364,0.1223,0.0008,0.0502,0.0002,1.1778,1.5432,18245.708
350,Z,H,0.2165,0.0027,0.0007,0.0002,0.0028,0.1498,0.3816,0.2696,0.0381,0.1261,0.0053,0.0669,0.0003,0.9749,1.2720,18297.042
351,H,Z,0.2000,0.0022,0.0005,0.0001,0.0030,0.1517,0.3634,0.2587,0.0377,0.1095,0.0005,0.0448,0.0001,0.9277,1.1803,18348.256
352,Z,H,0.2078,0.0022,0.0007,0.0001,0.0027,0.1438,0.3571,0.2353,0.0356,0.1004,0.0016,0.0393,0.0001,0.8811,1.1373,18399.421
353,H,Z,0.2649,0.0025,0.0009,0.0002,0.0037,0.1766,0.3574,0.2522,0.0353,0.0987,0.0049,0.0475,0.0001,0.9284,1.2547,18450.743
354,Z,H,0.2348,0.0023,0.0008,0.0002,0.0029,0.1664,0.4383,0.3274,0.0497,0.1060,0.0019,0.0719,0.0002,1.0989,1.4154,18502.207
355,H,Z,0.2742,0.0027,0.0009,0.0004,0.0033,0.1704,0.4414,0.2603,0.0353,0.1172,0.0089,0.0420,0.0002,1.0330,1.3673,18553.616
356,Z,H,0.3150,0.0048,0.0009,0.0005,0.0052,0.2369,0.7109,0.5132,0.0876,0.1182,0.0008,0.0780,0.0001,1.6765,2.0835,18605.752
357,H,Z,0.3110,0.0037,0.0012,0.0004,0.0042,0.2364,0.7229,0.5156,0.0866,0.1039,0.0008,0.0706,0.0001,1.6747,2.0686,18657.881
358,Z,H,0.2735,0.0029,0.0009,0.0004,0.0038,0.2609,0.7323,0.5120,0.0850,0.1170,0.0008,0.0451,0.0001,1.7167,2.0460,18709.966
359,H,Z,0.2953,0.0036,0.0009,0.0003,0.0041,0.2305,0.7030,0.5229,0.0858,0.1291,0.0011,0.0477,0.0002,1.6817,2.0366,18762.052
360,Z,H,0.2131,0.0024,0.0009,0.0002,0.0025,0.1501,0.3872,0.2400,0.0389,0.0863,0.0026,0.0493,0.0002,0.9109,1.1831,18813.271
361,H,Z,0.2147,0.0022,0.0008,0.0002,0.0022,0.1689,0.3694,0.2501,0.0432,0.1248,0.0006,0.0485,0.0001,0.9637,1.2343,18864.550
362,Z,H,0.2019,0.0025,0.0007,0.0001,0.0028,0.1632,0.3649,0.2404,0.0354,0.1169,0.0007,0.0445,0.0002,0.9289,1.1836,18915.766
363,H,Z,0.2041,0.0024,0.0006,0.0003,0.0025,0.1440,0.3516,0.2289,0.0350,0.1202,0.0210,0.0562,0.0002,0.8867,1.1755,18966.991
364,Z,H,0.2080,0.0026,0.0006,0.0001,0.0026,0.1702,0.4870,0.2355,0.0392,0.1033,0.0012,0.0550,0.0001,1.0436,1.3153,19018.355
365,H,Z,0.2019,0.0023,0.0011,0.0003,0.0032,0.1584,0.3764,0.2456,0.0374,0.1271,0.0011,0.0622,0.0002,0.9530,1.2266,19069.628
366,Z,H,0.2562,0.0023,0.0009,0.0002,0.0029,0.1945,0.4781,0.2937,0.0473,0.0999,0.0014,0.0580,0.0002,1.1234,1.4470,19121.129
367,H,Z,0.2088,0.0031,0.0007,0.0003,0.0032,0.1560,0.3688,0.2399,0.0348,0.1218,0.0206,0.0607,0.0002,0.9308,1.2300,19172.405
368,Z,H,0.3100,0.0048,0.0009,0.0005,0.0049,0.2480,0.7004,0.5368,0.0869,0.1139,0.0011,0.0645,0.0005,1.6963,2.0857,19224.535
369,H,Z,0.2126,0.0027,0.0009,0.0002,0.0025,0.1750,0.3569,0.2451,0.0347,0.0982,0.0005,0.0457,0.0001,0.9167,1.1834,19275.746
370,Z,H,0.2068,0.0021,0.0006,0.0002,0.0021,0.1576,0.3652,0.2453,0.0368,0.1419,0.0015,0.0566,0.0002,0.9551,1.2268,19327.013
371,H,Z,0.2182,0.0027,0.0008,0.0002,0.0025,0.1520,0.3590,0.2717,0.0349,0.1171,0.0015,0.0611,0.0003,0.9441,1.2331,19378.299
372,Z,H,0.2949,0.0040,0.0008,0.0003,0.0041,0.2288,0.7377,0.5044,0.0834,0.0965,0.0012,0.0562,0.0002,1.6628,2.0262,19430.371
373,H,Z,0.2042,0.0020,0.0007,0.0002,0.0023,0.1580,0.3699,0.2293,0.0352,0.1169,0.0216,0.0557,0.0002,0.9161,1.2044,19481.626
374,Z,H,0.3215,0.0047,0.0013,0.0004,0.0048,0.2371,0.7513,0.3321,0.0389,0.1257,0.0009,0.0433,0.0002,1.4953,1.8739,19533.543
375,H,Z,0.2169,0.0029,0.0007,0.0002,0.0029,0.1623,0.3620,0.2439,0.0377,0.1156,0.0189,0.0599,0.0001,0.9291,1.2331,19584.828
376,Z,H,0.1994,0.0020,0.0007,0.0001,0.0028,0.1607,0.3708,0.2305,0.0438,0.1069,0.0013,0.0523,0.0002,0.9215,1.1815,19636.071
377,H,Z,0.1970,0.0025,0.0008,0.0002,0.0028,0.1605,0.3828,0.2491,0.0351,0.0985,0.0208,0.0560,0.0001,0.9341,1.2154,19687.375
378,Z,H,0.2205,0.0018,0.0009,0.0002,0.0028,0.1577,0.3789,0.2497,0.0452,0.1018,0.0010,0.0510,0.0004,0.9426,1.2229,19738.638
379,H,Z,0.2069,0.0024,0.0007,0.0002,0.0027,0.1552,0.3698,0.2585,0.0364,0.0887,0.0015,0.0606,0.0001,0.9169,1.1937,19789.883
380,Z,H,0.2030,0.0020,0.0007,0.0002,0.0027,0.1577,0.3909,0.2717,0.0385,0.1226,0.0007,0.0430,0.0002,0.9905,1.2446,19841.166
381,H,Z,0.2172,0.0029,0.0010,0.0002,0.0031,0.1579,0.3692,0.2485,0.0372,0.0824,0.0006,0.0380,0.0001,0.9011,1.1652,19892.370
382,Z,H,0.2067,0.0032,0.0007,0.0002,0.0027,0.1622,0.6727,0.4341,0.0396,0.1013,0.0027,0.0595,0.0002,1.4241,1.7013,19944.125
383,H,Z,0.1957,0.0023,0.0009,0.0003,0.0028,0.1453,0.3522,0.2519,0.0361,0.1047,0.0013,0.0436,0.0001,0.8996,1.1483,19995.309
384,Z,H,0.3095,0.0047,0.0009,0.0003,0.0050,0.2477,0.7516,0.5572,0.0867,0.1276,0.0156,0.0504,0.0002,1.7803,2.1688,20047.520
385,H,Z,0.3097,0.0036,0.0009,0.0005,0.0036,0.2486,0.3827,0.2908,0.0368,0.1247,0.0008,0.0486,0.0002,1.0914,1.4611,20099.012
386,Z,H,0.2753,0.0029,0.0009,0.0004,0.0034,0.1712,0.3706,0.2555,0.0371,0.1069,0.0014,0.0588,0.0001,0.9504,1.2954,20150.354
387,H,Z,0.2611,0.0026,0.0008,0.0002,0.0031,0.1692,0.3636,0.2391,0.0342,0.1033,0.0081,0.0482,0.0002,0.9156,1.2416,20201.644
388,Z,H,0.3147,0.0036,0.0011,0.0003,0.0053,0.2283,0.7376,0.5228,0.0851,0.1130,0.0198,0.0405,0.0001,1.6960,2.0830,20253.768
389,H,Z,0.1997,0.0020,0.0006,0.0001,0.0023,0.1607,0.3639,0.2406,0.0347,0.1322,0.0013,0.0555,0.0001,0.9398,1.2028,20305.047
390,Z,H,0.3083,0.0039,0.0010,0.0003,0.0041,0.2363,0.7574,0.5400,0.0907,0.1095,0.0009,0.0466,0.0002,1.7429,2.1102,20357.204
391,H,Z,0.2999,0.0032,0.0008,0.0003,0.0035,0.2343,0.7020,0.5211,0.0830,0.0886,0.0007,0.0437,0.0002,1.6384,1.9924,20409.233
392,Z,H,0.2163,0.0026,0.0007,0.0004,0.0022,0.1642,0.4215,0.2288,0.0363,0.1244,0.0011,0.0418,0.0002,0.9838,1.2507,20460.525
393,H,Z,0.2985,0.0043,0.0012,0.0004,0.0051,0.2329,0.7424,0.4373,0.0421,0.1212,0.0008,0.0462,0.0002,1.5861,1.9579,20512.530
394,Z,H,0.3039,0.0125,0.0009,0.0004,0.0040,0.2396,0.7128,0.5810,0.0590,0.0895,0.0009,0.0406,0.0003,1.6928,2.0582,20564.623
395,H,Z,0.2083,0.0082,0.0012,0.0004,0.0024,0.1588,0.3657,0.2585,0.0357,0.1342,0.0006,0.0455,0.0001,0.9600,1.2280,20615.887
396,Z,H,0.2022,0.0030,0.0008,0.0002,0.0029,0.1623,0.3597,0.2676,0.0375,0.1160,0.0007,0.0335,0.0001,0.9496,1.1945,20667.114
397,H,Z,0.2683,0.0025,0.0008,0.0002,0.0031,0.1722,0.3697,0.2411,0.0375,0.1144,0.0068,0.0415,0.0001,0.9420,1.2670,20718.421
398,Z,H,0.1952,0.0021,0.0006,0.0001,0.0024,0.1566,0.3797,0.2412,0.0358,0.1248,0.0005,0.0484,0.0001,0.9464,1.1971,20769.647
399,H,Z,0.2055,0.0025,0.0008,0.0002,0.0027,0.1464,0.3660,0.2333,0.0372,0.1039,0.0009,0.0458,0.0001,0.8939,1.1537,20820.874
400,Z,H,0.2780,0.0034,0.0008,0.0002,0.0033,0.2043,0.4571,0.5731,0.0874,0.0967,0.0008,0.0457,0.0002,1.4302,1.7643,20872.685
401,H,Z,0.2250,0.0021,0.0008,0.0002,0.0026,0.1591,0.3607,0.2416,0.0352,0.1079,0.0008,0.0474,0.0002,0.9160,1.1963,20923.916
402,Z,H,0.1996,0.0027,0.0008,0.0001,0.0026,0.1627,0.3772,0.2514,0.0355,0.1079,0.0008,0.0462,0.0002,0.9423,1.1965,20975.151
403,H,Z,0.2063,0.0022,0.0007,0.0002,0.0033,0.1679,0.3759,0.2586,0.0372,0.1007,0.0016,0.0541,0.0001,0.9506,1.2203,21026.423
404,Z,H,0.3102,0.0038,0.0008,0.0003,0.0052,0.2510,0.7291,0.5252,0.0850,0.1091,0.0008,0.0510,0.0001,1.7094,2.0833,21078.594
405,H,Z,0.3071,0.0039,0.0008,0.0004,0.0037,0.2296,0.7090,0.5158,0.0839,0.1165,0.0161,0.0456,0.0002,1.6640,2.0432,21130.742
406,Z,H,0.2119,0.0024,0.0009,0.0004,0.0023,0.1574,0.3659,0.2521,0.0376,0.0896,0.0074,0.0515,0.0001,0.9091,1.1872,21181.960
407,H,Z,0.1969,0.0019,0.0006,0.0002,0.0025,0.1551,0.4025,0.2549,0.0379,0.1128,0.0056,0.0400,0.0001,0.9715,1.2207,21233.215
408,Z,H,0.2062,0.0026,0.0007,0.0002,0.0022,0.1629,0.3577,0.2441,0.0353,0.0834,0.0005,0.0310,0.0001,0.8898,1.1345,21284.390
409,H,Z,0.2143,0.0037,0.0009,0.0002,0.0032,0.1709,0.4059,0.2691,0.0377,0.1032,0.0204,0.0474,0.0004,0.9942,1.2861,21335.721
410,Z,H,0.2670,0.0027,0.0008,0.0002,0.0040,0.1664,0.3607,0.2332,0.0350,0.1070,0.0067,0.0400,0.0002,0.9110,1.2341,21387.003
411,H,Z,0.2090,0.0019,0.0008,0.0004,0.0028,0.1619,0.4056,0.2488,0.0360,0.1006,0.0009,0.0398,0.0001,0.9612,1.2183,21438.298
412,Z,H,0.2690,0.0025,0.0008,0.0002,0.0028,0.1609,0.3711,0.2306,0.0374,0.1269,0.0007,0.0574,0.0001,0.9345,1.2692,21489.602
413,H,Z,0.2792,0.0031,0.0010,0.0004,0.0034,0.1675,0.3613,0.2640,0.0351,0.1028,0.0241,0.0577,0.0001,0.9380,1.3085,21540.958
414,Z,H,0.1997,0.0025,0.0009,0.0003,0.0032,0.1581,0.3733,0.2365,0.0355,0.1025,0.0015,0.0577,0.0001,0.9141,1.1817,21592.191
415,H,Z,0.2369,0.0026,0.0007,0.0003,0.0032,0.1534,0.3707,0.2567,0.0373,0.0947,0.0049,0.0526,0.0002,0.9210,1.2235,21643.461
416,Z,H,0.2105,0.0023,0.0007,0.0003,0.0029,0.1518,0.3719,0.2412,0.1079,0.1161,0.0006,0.0365,0.0003,0.9992,1.2548,21694.746
417,H,Z,0.3129,0.0037,0.0011,0.0003,0.0054,0.2322,0.8164,0.5290,0.0849,0.1346,0.0188,0.0415,0.0001,1.8097,2.1949,21746.977
418,Z,H,0.2070,0.0022,0.0009,0.0003,0.0024,0.1610,0.3668,0.2681,0.0372,0.1200,0.0155,0.0537,0.0001,0.9606,1.2441,21798.259
419,H,Z,0.2025,0.0025,0.0013,0.0004,0.0027,0.1542,0.4088,0.2530,0.0383,0.1138,0.0198,0.0593,0.0001,0.9772,1.2673,21849.573
420,Z,H,0.3161,0.0036,0.0007,0.0003,0.0046,0.2278,0.7055,0.5885,0.0555,0.1118,0.0006,0.1065,0.0002,1.7004,2.1349,21901.776
421,H,Z,0.2095,0.0027,0.0010,0.0003,0.0026,0.1575,0.3608,0.2574,0.0370,0.1402,0.0047,0.0417,0.0002,0.9612,1.2254,21953.058
422,Z,H,0.1951,0.0027,0.0006,0.0001,0.0028,0.1665,0.3531,0.2461,0.0345,0.0774,0.0006,0.0386,0.0002,0.8839,1.1259,22004.227
423,H,Z,0.1994,0.0021,0.0007,0.0002,0.0025,0.1561,0.3683,0.2403,0.0358,0.1033,0.0041,0.0659,0.0001,0.9129,1.1895,22055.463
424,Z,H,0.2982,0.0044,0.0010,0.0003,0.0045,0.2457,0.7396,0.5396,0.0859,0.1324,0.0008,0.0478,0.0003,1.7527,2.1115,22107.622
425,H,Z,0.2176,0.0033,0.0010,0.0005,0.0028,0.1653,0.3727,0.2500,0.0372,0.1132,0.0017,0.0700,0.0001,0.9481,1.2470,22158.933
426,Z,H,0.2027,0.0025,0.0007,0.0004,0.0027,0.1563,0.3576,0.2689,0.0396,0.1422,0.0015,0.0620,0.0001,0.9747,1.2487,22210.249
427,H,Z,0.2193,0.0033,0.0011,0.0002,0.0047,0.1818,0.3789,0.2578,0.0378,0.1115,0.0008,0.0643,0.0004,0.9755,1.2712,22261.566
428,Z,H,0.2440,0.0018,0.0008,0.0001,0.0029,0.1687,0.3763,0.2501,0.0371,0.1199,0.0008,0.0349,0.0002,0.9594,1.2460,22312.849
429,H,Z,0.1968,0.0021,0.0005,0.0002,0.0029,0.1589,0.3572,0.2271,0.0351,0.1001,0.0015,0.0519,0.0001,0.8895,1.1468,22364.038
430,Z,H,0.3115,0.0038,0.0008,0.0004,0.0051,0.2350,0.8042,0.5404,0.0893,0.1170,0.0017,0.0655,0.0002,1.7964,2.1876,22416.279
431,H,Z,0.3012,0.0043,0.0012,0.0004,0.0049,0.2308,0.8075,0.5242,0.0866,0.1331,0.0010,0.0407,0.0002,1.7912,2.1467,22468.472
432,Z,H,0.2581,0.0023,0.0007,0.0001,0.0023,0.1694,0.3534,0.2375,0.0357,0.1054,0.0007,0.0405,0.0002,0.9100,1.2163,22519.726
433,H,Z,0.2127,0.0026,0.0007,0.0003,0.0023,0.1585,0.3713,0.2405,0.0356,0.1355,0.0015,0.0674,0.0003,0.9516,1.2409,22571.015
434,Z,H,0.2159,0.0026,0.0009,0.0004,0.0030,0.1584,0.3784,0.2737,0.0377,0.1114,0.0174,0.0718,0.0005,0.9683,1.2824,22622.363
435,H,Z,0.2960,0.0029,0.0009,0.0003,0.0035,0.1589,0.4473,0.2915,0.0501,0.1028,0.0170,0.0459,0.0002,1.0599,1.4284,22673.833
436,Z,H,0.3069,0.0034,0.0008,0.0003,0.0050,0.2776,0.4568,0.3145,0.0386,0.1002,0.0008,0.0400,0.0002,1.1952,1.5543,22725.431
437,H,Z,0.2258,0.0021,0.0007,0.0001,0.0021,0.1729,0.4579,0.2367,0.0376,0.0994,0.0212,0.0514,0.0002,1.0122,1.3171,22776.787
438,Z,H,0.2701,0.0020,0.0009,0.0003,0.0025,0.2029,0.4644,0.3105,0.0488,0.0903,0.0007,0.0473,0.0002,1.1248,1.4499,22828.271
439,H,Z,0.3176,0.0034,0.0011,0.0003,0.0037,0.1966,0.4882,0.2500,0.0543,0.1149,0.0010,0.0561,0.0003,1.1153,1.5004,22879.812
440,Z,H,0.2254,0.0030,0.0007,0.0012,0.0032,0.1591,0.3746,0.2643,0.0397,0.1158,0.0019,0.0647,0.0003,1.0029,1.3053,22931.168
441,H,Z,0.2665,0.0027,0.0007,0.0002,0.0035,0.1990,0.5167,0.3134,0.0528,0.1418,0.0017,0.0690,0.0001,1.2337,1.5794,22982.809
442,Z,H,0.2107,0.0022,0.0007,0.0002,0.0029,0.1534,0.4044,0.2392,0.0542,0.1172,0.0007,0.0404,0.0002,0.9758,1.2352,23034.080
443,H,Z,0.2082,0.0025,0.0007,0.0004,0.0031,0.1486,0.3585,0.2478,0.0348,0.1014,0.0059,0.0336,0.0002,0.8982,1.1542,23085.270
444,Z,H,0.2395,0.0027,0.0006,0.0002,0.0031,0.1694,0.4162,0.2387,0.0352,0.1145,0.0004,0.0398,0.0001,0.9806,1.2686,23136.577
445,H,Z,0.2194,0.0035,0.0012,0.0005,0.0034,0.1618,0.3797,0.2683,0.0411,0.1310,0.0009,0.0641,0.0002,0.9897,1.2848,23187.894
446,Z,H,0.2096,0.0031,0.0006,0.0003,0.0027,0.1509,0.3719,0.2842,0.0376,0.1260,0.0006,0.0436,0.0001,0.9779,1.2397,23239.163
447,H,Z,0.2087,0.0033,0.0008,0.0005,0.0032,0.1555,0.4067,0.2461,0.0369,0.1033,0.0016,0.0605,0.0001,0.9584,1.2389,23290.447
448,Z,H,0.2265,0.0034,0.0010,0.0005,0.0040,0.1673,0.3840,0.2620,0.0376,0.1250,0.0089,0.0422,0.0004,0.9834,1.2722,23341.772
449,H,Z,0.3140,0.0044,0.0010,0.0004,0.0050,0.2347,0.7019,0.2593,0.0362,0.1684,0.0017,0.0627,0.0002,1.4097,1.8011,23393.729
450,Z,H,0.3535,0.0054,0.0014,0.0006,0.0054,0.2408,0.7589,0.5459,0.0906,0.1314,0.0218,0.0552,0.0004,1.7801,2.2258,23446.010
451,H,Z,0.2131,0.0029,0.0011,0.0004,0.0027,0.1520,0.3835,0.3249,0.0418,0.1199,0.0009,0.0571,0.0002,1.0297,1.3095,23497.357
452,Z,H,0.2139,0.0030,0.0008,0.0004,0.0032,0.1586,0.3775,0.2585,0.0364,0.0883,0.0009,0.0405,0.0003,0.9268,1.1912,23548.581
453,H,Z,0.2079,0.0028,0.0010,0.0003,0.0030,0.1687,0.3619,0.2582,0.0366,0.1213,0.0019,0.0641,0.0002,0.9564,1.2393,23599.877
454,Z,H,0.2193,0.0028,0.0008,0.0003,0.0033,0.1648,0.3843,0.2663,0.0371,0.1180,0.0011,0.0515,0.0003,0.9795,1.2603,23651.182
455,H,Z,0.3032,0.0034,0.0011,0.0005,0.0046,0.2242,0.4760,0.2605,0.0382,0.1502,0.0004,0.0450,0.0002,1.1578,1.5179,23702.729
456,Z,H,0.2246,0.0031,0.0008,0.0005,0.0042,0.1641,0.3642,0.2436,0.0376,0.1059,0.0097,0.0427,0.0002,0.9237,1.2112,23753.985
457,H,Z,0.1999,0.0028,0.0007,0.0003,0.0027,0.1591,0.3883,0.2493,0.0353,0.1109,0.0013,0.0577,0.0004,0.9506,1.2177,23805.252
458,Z,H,0.3183,0.0044,0.0013,0.0006,0.0056,0.2352,0.7583,0.5511,0.0881,0.1155,0.0062,0.0711,0.0006,1.7596,2.1697,23857.477
459,H,Z,0.2215,0.0033,0.0008,0.0006,0.0031,0.1602,0.4723,0.2523,0.0357,0.1357,0.0010,0.0607,0.0004,1.0643,1.3574,23908.881
460,Z,H,0.3443,0.0054,0.0009,0.0005,0.0049,0.3039,0.7273,0.5318,0.1021,0.1137,0.0009,0.0541,0.0003,1.7890,2.2022,23961.150
461,H,Z,0.2259,0.0038,0.0011,0.0005,0.0034,0.1663,0.3985,0.2734,0.0409,0.1027,0.0176,0.0510,0.0005,0.9901,1.2952,24012.486
462,Z,H,0.3166,0.0053,0.0010,0.0004,0.0060,0.2492,0.7280,0.5625,0.0898,0.1127,0.0010,0.0545,0.0003,1.7516,2.1383,24064.663
463,H,Z,0.3163,0.0033,0.0009,0.0003,0.0036,0.2399,0.7242,0.2739,0.0377,0.1072,0.0011,0.0658,0.0001,1.3916,1.7848,24116.512
464,Z,H,0.2275,0.0030,0.0009,0.0003,0.0029,0.1730,0.3669,0.2582,0.0365,0.1388,0.0010,0.0534,0.0003,0.9824,1.2735,24167.828
465,H,Z,0.3066,0.0049,0.0010,0.0004,0.0051,0.2344,0.7214,0.5393,0.0894,0.1492,0.0271,0.0596,0.0003,1.7450,2.1547,24220.072
466,Z,H,0.2215,0.0045,0.0010,0.0003,0.0030,0.1828,0.3799,0.2467,0.0393,0.1374,0.0009,0.0390,0.0002,0.9941,1.2662,24271.378
467,H,Z,0.3109,0.0046,0.0010,0.0006,0.0050,0.2427,0.7144,0.5546,0.0880,0.1371,0.0039,0.0485,0.0004,1.7462,2.1228,24323.541
468,Z,H,0.3311,0.0049,0.0012,0.0006,0.0050,0.2413,0.7357,0.5499,0.0895,0.1224,0.0025,0.0651,0.0003,1.7492,2.1621,24375.781
469,H,Z,0.3417,0.0054,0.0012,0.0016,0.0057,0.2440,0.7283,0.5645,0.0907,0.1427,0.0031,0.0690,0.0004,1.7819,2.2121,24428.047
470,Z,H,0.3210,0.0047,0.0016,0.0006,0.0046,0.2255,0.4007,0.2614,0.0392,0.1607,0.0018,0.0680,0.0002,1.0964,1.5007,24479.615
471,H,Z,0.3149,0.0046,0.0011,0.0007,0.0049,0.2373,0.7242,0.5378,0.0894,0.1058,0.0027,0.0656,0.0003,1.7066,2.1033,24531.777
472,Z,H,0.3115,0.0047,0.0012,0.0003,0.0041,0.2319,0.7765,0.4978,0.0840,0.1113,0.0010,0.0477,0.0002,1.7131,2.0859,24583.921
473,H,Z,0.2137,0.0027,0.0009,0.0002,0.0023,0.1604,0.3708,0.2861,0.0375,0.1013,0.0204,0.0532,0.0001,0.9645,1.2595,24635.228
474,Z,H,0.1993,0.0020,0.0006,0.0001,0.0026,0.1447,0.3600,0.2355,0.0382,0.1025,0.0008,0.0456,0.0001,0.8880,1.1412,24686.404
475,H,Z,0.1986,0.0026,0.0010,0.0005,0.0025,0.1580,0.3998,0.2643,0.0372,0.1365,0.0253,0.0443,0.0001,1.0038,1.2822,24737.741
476,Z,H,0.3320,0.0049,0.0012,0.0004,0.0053,0.2385,0.7300,0.5338,0.0891,0.1240,0.0018,0.0786,0.0004,1.7265,2.1532,24789.942
477,H,Z,0.3067,0.0033,0.0010,0.0003,0.0039,0.2356,0.7003,0.5227,0.0962,0.1367,0.0008,0.0459,0.0005,1.7006,2.0644,24842.075
478,Z,H,0.3002,0.0037,0.0007,0.0003,0.0034,0.2343,0.6076,0.3163,0.0503,0.1015,0.0235,0.0388,0.0002,1.3209,1.6931,24893.797
479,H,Z,0.2066,0.0025,0.0007,0.0002,0.0026,0.1567,0.3995,0.2439,0.0428,0.1159,0.0218,0.0553,0.0004,0.9677,1.2591,24945.115
480,Z,H,0.2064,0.0027,0.0010,0.0003,0.0039,0.1650,0.4001,0.2314,0.0364,0.1048,0.0006,0.0476,0.0001,0.9452,1.2094,24996.367
481,H,Z,0.2095,0.0024,0.0009,0.0003,0.0027,0.1600,0.3728,0.2646,0.0376,0.0947,0.0006,0.0524,0.0001,0.9362,1.2070,25047.603
482,Z,H,0.3251,0.0035,0.0009,0.0003,0.0049,0.2335,0.7115,0.5440,0.0911,0.1134,0.0160,0.0375,0.0003,1.7034,2.0935,25099.745
483,H,Z,0.2063,0.0028,0.0008,0.0002,0.0027,0.1580,0.3739,0.2491,0.0355,0.1114,0.0016,0.0618,0.0001,0.9357,1.2135,25151.015
484,Z,H,0.2210,0.0034,0.0008,0.0003,0.0032,0.1639,0.3628,0.2568,0.0352,0.1055,0.0027,0.0473,0.0002,0.9317,1.2123,25202.261
485,H,Z,0.2032,0.0024,0.0007,0.0002,0.0035,0.1547,0.3676,0.2557,0.0373,0.1359,0.0007,0.0345,0.0001,0.9583,1.2047,25253.502
486,Z,H,0.2030,0.0030,0.0009,0.0003,0.0030,0.1638,0.4163,0.2333,0.0368,0.1154,0.0017,0.0524,0.0001,0.9750,1.2411,25304.796
487,H,Z,0.3006,0.0046,0.0009,0.0004,0.0047,0.2347,0.4699,0.2702,0.0386,0.1337,0.0018,0.0573,0.0001,1.1615,1.5338,25356.386
488,Z,H,0.2137,0.0023,0.0011,0.0002,0.0024,0.1601,0.3562,0.2357,0.0338,0.0965,0.0005,0.0403,0.0001,0.8882,1.1501,25407.580
489,H,Z,0.3192,0.0043,0.0012,0.0003,0.0044,0.2368,0.7658,0.5811,0.0643,0.1254,0.0009,0.0358,0.0002,1.7827,2.1508,25459.767
490,Z,H,0.3145,0.0044,0.0012,0.0006,0.0051,0.2367,0.7375,0.2610,0.0379,0.1223,0.0020,0.0380,0.0001,1.4052,1.7728,25511.578
491,H,Z,0.2069,0.0031,0.0009,0.0005,0.0034,0.1758,0.4042,0.2305,0.0369,0.1350,0.0015,0.0766,0.0002,0.9906,1.2862,25562.910
492,Z,H,0.2153,0.0025,0.0007,0.0003,0.0029,0.1555,0.3520,0.2458,0.0349,0.1020,0.0011,0.0522,0.0002,0.9036,1.1803,25614.138
493,H,Z,0.2605,0.0021,0.0009,0.0003,0.0032,0.2015,0.5054,0.3030,0.1467,0.0803,0.0010,0.0593,0.0001,1.2458,1.5754,25665.760
494,Z,H,0.3257,0.0039,0.0012,0.0003,0.0051,0.2386,0.7424,0.5197,0.0869,0.1399,0.0028,0.0826,0.0001,1.7382,2.1617,25717.989
495,H,Z,0.2718,0.0030,0.0009,0.0003,0.0028,0.2090,0.4591,0.3100,0.0470,0.0953,0.0036,0.0546,0.0001,1.1310,1.4699,25769.507
496,Z,H,0.2028,0.0021,0.0008,0.0002,0.0028,0.1908,0.3585,0.2431,0.0368,0.1125,0.0007,0.0468,0.0002,0.9511,1.2091,25820.753
497,H,Z,0.3241,0.0043,0.0010,0.0004,0.0053,0.2332,0.7260,0.5301,0.0914,0.1224,0.0017,0.0882,0.0001,1.7145,2.1416,25872.950
498,Z,H,0.2766,0.0028,0.0009,0.0003,0.0028,0.1739,0.5838,0.2830,0.0362,0.1135,0.0005,0.0392,0.0002,1.1964,1.5214,25924.507
499,H,Z,0.2024,0.0026,0.0007,0.0002,0.0026,0.1758,0.3543,0.2572,0.0361,0.1002,0.0009,0.0412,0.0001,0.9307,1.1825,25975.718
500,Z,H,0.2040,0.0024,0.0008,0.0003,0.0022,0.1605,0.3656,0.2306,0.0356,0.1065,0.0016,0.0333,0.0001,0.9124,1.1584,26026.915
501,H,Z,0.2900,0.0027,0.0008,0.0001,0.0027,0.1696,0.3977,0.2641,0.0359,0.0894,0.0084,0.0395,0.0001,0.9649,1.3108,26078.290
502,Z,H,0.2027,0.0021,0.0009,0.0002,0.0026,0.1574,0.3972,0.2453,0.0372,0.1123,0.0007,0.0483,0.0002,0.9572,1.2177,26129.554
503,H,Z,0.3030,0.0035,0.0013,0.0005,0.0040,0.1956,0.5756,0.2905,0.0405,0.1202,0.0011,0.0706,0.0003,1.2319,1.6196,26181.223
504,Z,H,0.2224,0.0026,0.0007,0.0002,0.0026,0.1562,0.3939,0.2392,0.0364,0.1198,0.0237,0.0550,0.0001,0.9537,1.2622,26232.537
505,H,Z,0.2154,0.0027,0.0007,0.0002,0.0030,0.1669,0.3621,0.2492,0.0349,0.0905,0.0007,0.0343,0.0002,0.9113,1.1697,26283.755
506,Z,H,0.3154,0.0046,0.0013,0.0004,0.0052,0.2346,0.7750,0.5307,0.0889,0.1293,0.0016,0.0583,0.0003,1.7685,2.1576,26335.977
507,H,Z,0.3240,0.0040,0.0008,0.0003,0.0060,0.2449,0.5687,0.2513,0.0378,0.0885,0.0006,0.0388,0.0001,1.1997,1.5758,26387.592
508,Z,H,0.1999,0.0023,0.0009,0.0003,0.0025,0.1666,0.3777,0.2472,0.0380,0.1125,0.0014,0.0580,0.0002,0.9498,1.2167,26438.872
509,H,Z,0.3081,0.0045,0.0008,0.0003,0.0045,0.2352,0.7108,0.5209,0.0895,0.1176,0.0161,0.0499,0.0001,1.6838,2.0700,26490.988
510,Z,H,0.2074,0.0025,0.0008,0.0002,0.0022,0.1610,0.3746,0.2617,0.0382,0.1019,0.0014,0.0565,0.0002,0.9470,1.2195,26542.254
511,H,Z,0.2075,0.0031,0.0006,0.0003,0.0025,0.1586,0.3806,0.2483,0.0364,0.1314,0.0018,0.0582,0.0001,0.9658,1.2417,26593.558
512,Z,H,0.2392,0.0028,0.0006,0.0002,0.0023,0.1780,0.4077,0.2413,0.0371,0.1028,0.0009,0.0561,0.0002,0.9751,1.2787,26644.892
513,H,Z,0.1978,0.0024,0.0008,0.0002,0.0026,0.1572,0.3607,0.2593,0.0362,0.1044,0.0009,0.0555,0.0004,0.9261,1.1881,26696.120
514,Z,H,0.2111,0.0023,0.0010,0.0001,0.0026,0.1563,0.4151,0.2492,0.0366,0.0904,0.0014,0.0559,0.0002,0.9565,1.2324,26747.427
515,H,Z,0.3079,0.0047,0.0009,0.0003,0.0051,0.2454,0.7681,0.5530,0.0869,0.1028,0.0036,0.0484,0.0003,1.7653,2.1385,26799.627
516,Z,H,0.2066,0.0021,0.0006,0.0001,0.0021,0.1576,0.3727,0.2436,0.0355,0.1321,0.0006,0.0500,0.0002,0.9521,1.2156,26850.891
517,H,Z,0.2038,0.0022,0.0006,0.0002,0.0024,0.1471,0.4032,0.2393,0.0350,0.1956,0.0006,0.0334,0.0001,1.0270,1.2715,26902.208
518,Z,H,0.3145,0.0049,0.0010,0.0003,0.0048,0.2319,0.7494,0.5367,0.0880,0.1409,0.0016,0.0676,0.0002,1.7584,2.1554,26954.408
519,H,Z,0.2039,0.0027,0.0010,0.0001,0.0025,0.1600,0.3825,0.2374,0.0378,0.0928,0.0192,0.0604,0.0003,0.9200,1.2116,27005.673
520,Z,H,0.2425,0.0032,0.0010,0.0005,0.0043,0.1673,0.4110,0.2545,0.0360,0.1518,0.0221,0.0694,0.0005,1.0304,1.3758,27057.105
521,H,Z,0.3182,0.0058,0.0011,0.0005,0.0052,0.2431,0.7275,0.5787,0.0895,0.1310,0.0010,0.0490,0.0002,1.7805,2.1635,27109.317
522,Z,H,0.2981,0.0033,0.0009,0.0004,0.0042,0.2494,0.6867,0.5766,0.0410,0.1100,0.0006,0.0339,0.0001,1.6726,2.0158,27161.373
523,H,Z,0.2095,0.0027,0.0009,0.0003,0.0020,0.1618,0.3955,0.2452,0.0383,0.1192,0.0033,0.0859,0.0002,0.9684,1.2748,27212.694
524,Z,H,0.2801,0.0031,0.0008,0.0001,0.0025,0.1623,0.3685,0.2527,0.0489,0.1211,0.0014,0.0613,0.0001,0.9606,1.3116,27264.108
525,H,Z,0.2890,0.0036,0.0010,0.0003,0.0040,0.2272,0.8162,0.5149,0.0858,0.0898,0.0008,0.0382,0.0003,1.7438,2.0827,27316.292
526,Z,H,0.2377,0.0028,0.0011,0.0002,0.0030,0.2047,0.3872,0.3104,0.0485,0.1214,0.0039,0.0488,0.0002,1.0798,1.3790,27367.794
527,H,Z,0.2210,0.0030,0.0013,0.0002,0.0026,0.1554,0.3966,0.2647,0.0368,0.1307,0.0013,0.0651,0.0003,0.9924,1.2887,27419.135
528,Z,H,0.2933,0.0044,0.0007,0.0003,0.0046,0.2322,0.7136,0.5407,0.0892,0.1255,0.0162,0.0366,0.0001,1.7101,2.0681,27471.245
529,H,Z,0.3064,0.0040,0.0009,0.0003,0.0042,0.2379,0.4573,0.2664,0.0394,0.1386,0.0017,0.0689,0.0001,1.1508,1.5391,27522.880
530,Z,H,0.2030,0.0029,0.0017,0.0002,0.0025,0.1455,0.3545,0.2571,0.0361,0.1071,0.0009,0.0443,0.0002,0.9085,1.1659,27574.104
531,H,Z,0.2093,0.0022,0.0007,0.0003,0.0028,0.1624,0.4373,0.2429,0.0369,0.1169,0.0008,0.0393,0.0001,1.0038,1.2605,27625.429
532,Z,H,0.2938,0.0038,0.0009,0.0004,0.0041,0.2395,0.6910,0.4515,0.0408,0.1256,0.0008,0.0462,0.0002,1.5587,1.9104,27677.380
533,H,Z,0.3085,0.0038,0.0010,0.0004,0.0039,0.2471,0.6764,0.2972,0.0372,0.0820,0.0026,0.0479,0.0002,1.3493,1.7196,27729.148
534,Z,H,0.2237,0.0028,0.0009,0.0003,0.0030,0.1644,0.4279,0.2637,0.0364,0.1192,0.0009,0.0556,0.0002,1.0217,1.3105,27780.512
535,H,Z,0.2071,0.0024,0.0009,0.0002,0.0028,0.1627,0.3669,0.2565,0.0369,0.0938,0.0010,0.0426,0.0001,0.9280,1.1865,27831.733
536,Z,H,0.1970,0.0019,0.0009,0.0001,0.0027,0.2177,0.4495,0.2283,0.0434,0.0934,0.0046,0.0393,0.0001,1.0388,1.2867,27883.057
537,H,Z,0.1986,0.0026,0.0006,0.0003,0.0024,0.1455,0.3622,0.2929,0.0364,0.1051,0.0018,0.0612,0.0003,0.9490,1.2185,27934.327
538,Z,H,0.2701,0.0028,0.0008,0.0002,0.0034,0.1716,0.3866,0.2464,0.0362,0.1162,0.0014,0.0577,0.0001,0.9668,1.3048,27985.682
539,H,Z,0.2660,0.0025,0.0008,0.0003,0.0032,0.1617,0.3575,0.2349,0.0336,0.1021,0.0007,0.0404,0.0002,0.8971,1.2125,28036.941
540,Z,H,0.2225,0.0027,0.0009,0.0004,0.0031,0.1507,0.4581,0.2456,0.0369,0.1027,0.0187,0.0437,0.0002,1.0011,1.2948,28088.278
541,H,Z,0.2071,0.0029,0.0009,0.0002,0.0031,0.1651,0.4163,0.2553,0.0369,0.1083,0.0100,0.0590,0.0003,0.9896,1.2746,28139.597
542,Z,H,0.3436,0.0060,0.0013,0.0006,0.0059,0.2412,0.7605,0.5521,0.0928,0.1305,0.0011,0.0442,0.0003,1.7876,2.1925,28191.829
543,H,Z,0.2880,0.0040,0.0008,0.0001,0.0025,0.1859,0.3785,0.2736,0.0385,0.1026,0.0009,0.0478,0.0002,0.9872,1.3332,28243.200
544,Z,H,0.2164,0.0030,0.0008,0.0003,0.0030,0.1638,0.4265,0.2533,0.0371,0.1340,0.0016,0.0618,0.0001,1.0249,1.3136,28294.579
545,H,Z,0.2174,0.0027,0.0008,0.0002,0.0024,0.1627,0.4111,0.2643,0.0360,0.1278,0.0017,0.0556,0.0001,1.0115,1.2941,28345.912
546,Z,H,0.3207,0.0048,0.0009,0.0006,0.0046,0.2431,0.7164,0.5404,0.1041,0.0965,0.0160,0.0438,0.0002,1.7107,2.1036,28398.058
547,H,Z,0.2060,0.0033,0.0008,0.0002,0.0023,0.1639,0.3774,0.2596,0.0368,0.0789,0.0008,0.0430,0.0002,0.9233,1.1812,28449.279
548,Z,H,0.3101,0.0046,0.0010,0.0003,0.0053,0.2774,0.4372,0.2680,0.0375,0.1185,0.0009,0.0453,0.0002,1.1481,1.5180,28500.843
549,H,Z,0.2957,0.0049,0.0009,0.0004,0.0053,0.2325,0.7267,0.5233,0.0863,0.1115,0.0012,0.0541,0.0002,1.6893,2.0542,28552.945
550,Z,H,0.3113,0.0048,0.0011,0.0006,0.0049,0.2354,0.7623,0.5227,0.1042,0.1104,0.0209,0.0697,0.0002,1.7453,2.1606,28605.162
551,H,Z,0.3119,0.0042,0.0009,0.0004,0.0047,0.2407,0.7664,0.5551,0.0872,0.0983,0.0054,0.0442,0.0003,1.7578,2.1315,28657.354
552,Z,H,0.3221,0.0044,0.0010,0.0006,0.0048,0.2491,0.5730,0.2794,0.0381,0.1020,0.0012,0.0566,0.0003,1.2518,1.6448,28709.038
553,H,Z,0.2515,0.0027,0.0011,0.0004,0.0025,0.1712,0.4920,0.2471,0.0366,0.1005,0.0006,0.0490,0.0002,1.0548,1.3641,28760.440
554,Z,H,0.2167,0.0033,0.0008,0.0003,0.0029,0.1643,0.3763,0.2639,0.0389,0.1286,0.0007,0.0546,0.0002,0.9797,1.2608,28811.733
555,H,Z,0.3269,0.0058,0.0011,0.0006,0.0065,0.2338,0.7215,0.5404,0.0887,0.1135,0.0028,0.0662,0.0002,1.7070,2.1189,28863.931
556,Z,H,0.2008,0.0024,0.0009,0.0002,0.0028,0.1489,0.3650,0.2554,0.0363,0.1086,0.0010,0.0528,0.0003,0.9222,1.1848,28915.167
557,H,Z,0.2999,0.0045,0.0012,0.0004,0.0049,0.2276,0.7270,0.5497,0.0871,0.0997,0.0016,0.0923,0.0001,1.7015,2.1112,28967.365
558,Z,H,0.3138,0.0044,0.0010,0.0004,0.0047,0.2472,0.7118,0.5483,0.0881,0.1151,0.0047,0.0636,0.0001,1.7203,2.1153,29019.533
559,H,Z,0.3166,0.0049,0.0014,0.0005,0.0035,0.2358,0.8197,0.5241,0.0855,0.1097,0.0016,0.0578,0.0002,1.7886,2.1770,29071.761
560,Z,H,0.2044,0.0026,0.0010,0.0003,0.0023,0.1645,0.3730,0.2535,0.0369,0.1035,0.0007,0.0433,0.0002,0.9385,1.1947,29123.079
561,H,Z,0.2208,0.0030,0.0008,0.0002,0.0029,0.1486,0.3618,0.2587,0.0351,0.1169,0.0076,0.0411,0.0002,0.9293,1.2073,29174.321
562,Z,H,0.2078,0.0025,0.0008,0.0002,0.0029,0.1603,0.3985,0.2356,0.0366,0.1117,0.0011,0.0427,0.0001,0.9511,1.2104,29225.589
563,H,Z,0.2066,0.0035,0.0008,0.0002,0.0026,0.1552,0.3616,0.2428,0.0351,0.0831,0.0014,0.0545,0.0002,0.8867,1.1581,29276.802
564,Z,H,0.3191,0.0046,0.0009,0.0009,0.0063,0.2376,0.7931,0.5458,0.0919,0.1482,0.0010,0.0590,0.0002,1.8266,2.2205,29329.071
565,H,Z,0.2127,0.0025,0.0007,0.0002,0.0030,0.1607,0.4137,0.3079,0.0370,0.1330,0.0010,0.0450,0.0002,1.0611,1.3277,29380.460
566,Z,H,0.2191,0.0023,0.0007,0.0003,0.0027,0.1791,0.3554,0.2508,0.0336,0.1133,0.0017,0.0569,0.0001,0.9402,1.2255,29431.736
567,H,Z,0.2067,0.0024,0.0007,0.0002,0.0029,0.1729,0.3666,0.2450,0.0372,0.1239,0.0151,0.0509,0.0001,0.9530,1.2333,29483.042
568,Z,H,0.3316,0.0040,0.0014,0.0004,0.0053,0.2317,0.7527,0.5100,0.0904,0.1259,0.0070,0.0500,0.0002,1.7205,2.1222,29535.213
569,H,Z,0.2172,0.0030,0.0012,0.0003,0.0028,0.1577,0.4211,0.2417,0.0376,0.1108,0.0220,0.0508,0.0002,0.9771,1.2762,29586.543
570,Z,H,0.2000,0.0021,0.0007,0.0001,0.0023,0.1794,0.3671,0.2393,0.0348,0.0914,0.0008,0.0488,0.0002,0.9203,1.1770,29637.773
571,H,Z,0.2097,0.0023,0.0009,0.0002,0.0027,0.1591,0.3710,0.2412,0.0373,0.1179,0.0008,0.0474,0.0002,0.9340,1.1996,29689.008
572,Z,H,0.2805,0.0025,0.0008,0.0003,0.0038,0.1652,0.3642,0.2582,0.0390,0.0940,0.0028,0.0445,0.0002,0.9291,1.2661,29740.310
573,H,Z,0.2072,0.0020,0.0010,0.0001,0.0027,0.1581,0.3786,0.2487,0.0368,0.1362,0.0007,0.0454,0.0001,0.9659,1.2266,29791.570
574,Z,H,0.3022,0.0037,0.0008,0.0003,0.0046,0.2298,0.4439,0.2658,0.0447,0.1076,0.0007,0.0324,0.0001,1.1001,1.4464,29843.048
575,H,Z,0.2084,0.0023,0.0007,0.0002,0.0022,0.1437,0.3531,0.2440,0.0359,0.0866,0.0005,0.0392,0.0001,0.8700,1.1248,29894.215
576,Z,H,0.2641,0.0027,0.0008,0.0004,0.0034,0.1645,0.4144,0.2394,0.0365,0.0870,0.0032,0.0506,0.0002,0.9494,1.2762,29945.537
577,H,Z,0.3158,0.0038,0.0008,0.0003,0.0048,0.2329,0.7304,0.5433,0.0881,0.0902,0.0011,0.0486,0.0002,1.6929,2.0698,29997.652
578,Z,H,0.2107,0.0020,0.0012,0.0001,0.0024,0.1617,0.3735,0.2497,0.0375,0.1247,0.0012,0.0676,0.0002,0.9568,1.2438,30048.941
579,H,Z,0.2077,0.0025,0.0008,0.0002,0.0024,0.1529,0.3968,0.2679,0.0364,0.1045,0.0015,0.0619,0.0002,0.9668,1.2456,30100.239
580,Z,H,0.2022,0.0028,0.0008,0.0003,0.0025,0.1651,0.3870,0.2475,0.0368,0.1195,0.0090,0.0466,0.0004,0.9634,1.2295,30151.506
581,H,Z,0.1994,0.0017,0.0008,0.0002,0.0026,0.1727,0.3540,0.2452,0.0339,0.0971,0.0012,0.0560,0.0002,0.9121,1.1757,30202.726
582,Z,H,0.2843,0.0022,0.0011,0.0002,0.0035,0.1764,0.4254,0.3282,0.0516,0.1134,0.0014,0.0660,0.0001,1.1047,1.4652,30254.238
583,H,Z,0.2890,0.0036,0.0009,0.0003,0.0055,0.2251,0.7412,0.5609,0.0471,0.1175,0.0039,0.0425,0.0001,1.7012,2.0488,30306.319
584,Z,H,0.2010,0.0021,0.0007,0.0001,0.0023,0.1408,0.3593,0.2666,0.0367,0.0994,0.0007,0.0406,0.0001,0.9087,1.1577,30357.521
585,H,Z,0.1975,0.0016,0.0007,0.0002,0.0022,0.1477,0.3545,0.2416,0.0346,0.1264,0.0016,0.0761,0.0001,0.9149,1.1962,30408.791
586,Z,H,0.3126,0.0040,0.0009,0.0003,0.0044,0.2340,0.7387,0.4994,0.0906,0.0975,0.0010,0.0421,0.0003,1.6706,2.0381,30460.871
587,H,Z,0.2110,0.0031,0.0010,0.0002,0.0031,0.1875,0.3674,0.2857,0.0368,0.1381,0.0009,0.0491,0.0003,1.0235,1.2939,30512.199
588,Z,H,0.2990,0.0042,0.0008,0.0003,0.0049,0.2338,0.7607,0.5377,0.0870,0.1196,0.0010,0.0432,0.0002,1.7487,2.1045,30564.341
589,H,Z,0.2337,0.0033,0.0010,0.0003,0.0034,0.1614,0.3876,0.2652,0.0380,0.0946,0.0061,0.0608,0.0003,0.9546,1.2652,30615.645
590,Z,H,0.2058,0.0026,0.0007,0.0001,0.0025,0.1622,0.3775,0.2464,0.0362,0.1094,0.0184,0.0645,0.0001,0.9406,1.2384,30666.942
591,H,Z,0.2271,0.0022,0.0009,0.0002,0.0025,0.2002,0.5111,0.2577,0.0349,0.1046,0.0014,0.0608,0.0001,1.1179,1.4145,30718.413
592,Z,H,0.2149,0.0025,0.0009,0.0002,0.0026,0.1524,0.3667,0.2449,0.0361,0.1485,0.0012,0.0655,0.0002,0.9568,1.2461,30769.713
593,H,Z,0.2114,0.0026,0.0009,0.0004,0.0031,0.1615,0.3717,0.2579,0.0382,0.1418,0.0015,0.0815,0.0002,0.9793,1.2824,30821.097
594,Z,H,0.2020,0.0019,0.0008,0.0002,0.0027,0.1611,0.4082,0.2370,0.0369,0.0917,0.0042,0.0392,0.0002,0.9425,1.1949,30872.329
595,H,Z,0.3011,0.0046,0.0010,0.0004,0.0052,0.2489,0.7075,0.5349,0.0914,0.1166,0.0048,0.0364,0.0002,1.7092,2.0651,30924.437
596,Z,H,0.3035,0.0038,0.0009,0.0004,0.0041,0.2866,0.6969,0.3761,0.0410,0.0788,0.0008,0.0344,0.0002,1.4888,1.8384,30976.322
597,H,Z,0.2120,0.0021,0.0010,0.0002,0.0022,0.1621,0.3779,0.2594,0.0371,0.1195,0.0255,0.0788,0.0001,0.9637,1.2870,31027.691
598,Z,H,0.2131,0.0029,0.0007,0.0002,0.0025,0.1498,0.3959,0.2524,0.0362,0.1075,0.0055,0.0411,0.0001,0.9501,1.2174,31078.942
599,H,Z,0.2195,0.0030,0.0009,0.0002,0.0033,0.1709,0.4224,0.3645,0.0406,0.1234,0.0009,0.0535,0.0002,1.1290,1.4119,31130.385
600,Z,H,0.3220,0.0049,0.0011,0.0009,0.0051,0.2599,0.7284,0.5346,0.0887,0.1340,0.0030,0.0411,0.0003,1.7542,2.1343,31182.563
601,H,Z,0.2026,0.0018,0.0009,0.0004,0.0027,0.1550,0.3861,0.2435,0.0357,0.1029,0.0040,0.0762,0.0001,0.9334,1.2238,31233.846
602,Z,H,0.2003,0.0020,0.0007,0.0001,0.0026,0.1584,0.4947,0.2392,0.0357,0.0985,0.0012,0.0552,0.0002,1.0367,1.3005,31285.198
603,H,Z,0.3024,0.0045,0.0010,0.0003,0.0045,0.2334,0.7371,0.5467,0.0867,0.1280,0.0036,0.0604,0.0003,1.7416,2.1204,31337.362
604,Z,H,0.3064,0.0039,0.0010,0.0005,0.0044,0.2463,0.7643,0.5258,0.0854,0.1023,0.0009,0.0486,0.0003,1.7322,2.0997,31389.513
605,H,Z,0.2961,0.0034,0.0007,0.0003,0.0037,0.2368,0.7007,0.5303,0.0876,0.0940,0.0048,0.0604,0.0002,1.6597,2.0307,31441.588
606,Z,H,0.2181,0.0028,0.0008,0.0002,0.0024,0.1754,0.3559,0.2446,0.0363,0.0857,0.0034,0.0543,0.0001,0.9064,1.1898,31492.836
607,H,Z,0.2028,0.0031,0.0008,0.0002,0.0026,0.1565,0.3616,0.2674,0.0385,0.1244,0.0009,0.0544,0.0002,0.9594,1.2258,31544.120
608,Z,H,0.2153,0.0031,0.0011,0.0001,0.0032,0.1598,0.3925,0.2704,0.0383,0.1403,0.0010,0.0561,0.0003,1.0094,1.2914,31595.447
609,H,Z,0.2037,0.0021,0.0007,0.0001,0.0033,0.1476,0.3988,0.2688,0.0360,0.1146,0.0389,0.0492,0.0001,0.9725,1.2720,31646.754
610,Z,H,0.2035,0.0020,0.0006,0.0002,0.0026,0.1462,0.3564,0.2413,0.0362,0.1350,0.0179,0.0591,0.0001,0.9241,1.2117,31698.014
611,H,Z,0.1993,0.0020,0.0008,0.0002,0.0030,0.1449,0.3682,0.2763,0.0375,0.0902,0.0008,0.0502,0.0002,0.9253,1.1829,31749.237
612,Z,H,0.2668,0.0034,0.0008,0.0002,0.0029,0.1654,0.3650,0.2394,0.0348,0.0942,0.0062,0.0455,0.0002,0.9063,1.2336,31800.507
613,H,Z,0.1991,0.0026,0.0006,0.0001,0.0024,0.1559,0.3712,0.2463,0.0334,0.1070,0.0009,0.0482,0.0002,0.9221,1.1774,31851.726
614,Z,H,0.2131,0.0029,0.0009,0.0003,0.0031,0.1551,0.4030,0.2564,0.0359,0.1145,0.0017,0.0737,0.0003,0.9771,1.2744,31903.048
615,H,Z,0.2990,0.0036,0.0009,0.0003,0.0043,0.2377,0.7080,0.5236,0.1030,0.1095,0.0025,0.0518,0.0002,1.6923,2.0561,31955.153
616,Z,H,0.2125,0.0027,0.0011,0.0002,0.0023,0.1698,0.3798,0.2577,0.0374,0.1007,0.0013,0.0858,0.0001,0.9534,1.2609,32006.465
617,H,Z,0.2050,0.0022,0.0012,0.0002,0.0023,0.1686,0.3597,0.2584,0.0361,0.0944,0.0056,0.0589,0.0001,0.9257,1.2028,32057.720
618,Z,H,0.2140,0.0027,0.0008,0.0002,0.0024,0.1617,0.4001,0.2366,0.0352,0.1207,0.0008,0.0483,0.0001,0.9628,1.2334,32108.988
619,H,Z,0.3032,0.0045,0.0011,0.0005,0.0051,0.2322,0.7104,0.5319,0.1014,0.0963,0.0245,0.0520,0.0003,1.6822,2.0776,32161.114
620,Z,H,0.2096,0.0025,0.0009,0.0002,0.0027,0.1616,0.3767,0.2408,0.0364,0.0878,0.0010,0.0481,0.0004,0.9124,1.1793,32212.328
621,H,Z,0.2126,0.0031,0.0011,0.0006,0.0033,0.1492,0.4035,0.2421,0.0361,0.1186,0.0010,0.0417,0.0002,0.9574,1.2224,32263.619
622,Z,H,0.2061,0.0023,0.0008,0.0002,0.0028,0.1696,0.3997,0.2494,0.0365,0.1337,0.0286,0.0555,0.0002,0.9981,1.2960,32314.958
623,H,Z,0.2905,0.0037,0.0011,0.0003,0.0045,0.2268,0.7075,0.5106,0.0850,0.1196,0.0016,0.0611,0.0002,1.6603,2.0252,32367.036
624,Z,H,0.3117,0.0045,0.0012,0.0003,0.0049,0.2403,0.7235,0.5504,0.0883,0.1012,0.0149,0.0456,0.0004,1.7145,2.0997,32419.174
625,H,Z,0.2987,0.0043,0.0011,0.0004,0.0038,0.2320,0.5007,0.3636,0.0387,0.1235,0.0008,0.0460,0.0001,1.2675,1.6243,32470.837
626,Z,H,0.2136,0.0025,0.0007,0.0002,0.0026,0.1495,0.3968,0.2490,0.0369,0.1182,0.0006,0.0420,0.0001,0.9574,1.2212,32522.089
627,H,Z,0.2076,0.0029,0.0007,0.0003,0.0027,0.1570,0.3668,0.2534,0.0377,0.1391,0.0010,0.0447,0.0002,0.9627,1.2242,32573.350
628,Z,H,0.2928,0.0041,0.0008,0.0003,0.0048,0.2421,0.7282,0.5493,0.0848,0.1105,0.0007,0.0465,0.0001,1.7253,2.0772,32625.475
629,H,Z,0.2108,0.0026,0.0011,0.0002,0.0033,0.1745,0.3677,0.2595,0.0380,0.1120,0.0007,0.0391,0.0001,0.9617,1.2207,32676.737
630,Z,H,0.2232,0.0027,0.0009,0.0002,0.0033,0.1657,0.3737,0.2668,0.0403,0.1025,0.0237,0.0655,0.0001,0.9594,1.2808,32728.073
631,H,Z,0.2204,0.0024,0.0007,0.0002,0.0031,0.1486,0.4090,0.2509,0.0353,0.1492,0.0013,0.0680,0.0002,1.0007,1.2983,32779.420
632,Z,H,0.1918,0.0025,0.0010,0.0002,0.0030,0.1570,0.4439,0.2390,0.0351,0.0924,0.0009,0.0424,0.0002,0.9740,1.2172,32830.677
633,H,Z,0.3249,0.0048,0.0012,0.0006,0.0051,0.2390,0.7246,0.5604,0.0872,0.1282,0.0009,0.0562,0.0003,1.7487,2.1444,32882.880
634,Z,H,0.3102,0.0045,0.0012,0.0006,0.0050,0.2430,0.7538,0.5282,0.0899,0.1600,0.0019,0.0638,0.0002,1.7859,2.1748,32935.106
635,H,Z,0.2900,0.0045,0.0010,0.0003,0.0036,0.2343,0.7082,0.5394,0.0873,0.1114,0.0212,0.0503,0.0004,1.6898,2.0628,32987.214
636,Z,H,0.2829,0.0022,0.0008,0.0005,0.0023,0.1622,0.6083,0.2248,0.0373,0.1220,0.0005,0.0347,0.0001,1.1612,1.4871,33038.732
637,H,Z,0.2679,0.0024,0.0007,0.0002,0.0027,0.1620,0.3755,0.2540,0.0360,0.1201,0.0164,0.0645,0.0001,0.9571,1.3135,33090.094
638,Z,H,0.2603,0.0029,0.0009,0.0002,0.0030,0.1700,0.5837,0.2458,0.0393,0.1034,0.0007,0.0446,0.0001,1.1511,1.4655,33141.596
639,H,Z,0.2785,0.0035,0.0009,0.0006,0.0036,0.1751,0.3848,0.2528,0.0423,0.1221,0.0010,0.0439,0.0002,0.9849,1.3189,33192.961
640,Z,H,0.4189,0.0032,0.0007,0.0002,0.0028,0.1982,0.5669,0.2455,0.0399,0.1233,0.0017,0.0664,0.0003,1.1839,1.6804,33244.700
641,H,Z,0.2119,0.0032,0.0010,0.0003,0.0025,0.1510,0.3805,0.2457,0.0416,0.1312,0.0010,0.0503,0.0003,0.9582,1.2300,33295.969
642,Z,H,0.1961,0.0027,0.0007,0.0003,0.0025,0.1623,0.4544,0.2433,0.0365,0.1051,0.0218,0.0591,0.0003,1.0090,1.2940,33347.323
643,H,Z,0.2114,0.0027,0.0007,0.0003,0.0027,0.1606,0.4199,0.2507,0.0438,0.1382,0.0007,0.0453,0.0002,1.0239,1.2893,33398.665
644,Z,H,0.2271,0.0028,0.0006,0.0003,0.0027,0.1589,0.3670,0.2490,0.0361,0.1534,0.0195,0.0490,0.0001,0.9715,1.2749,33450.010
645,H,Z,0.1987,0.0029,0.0007,0.0003,0.0028,0.1590,0.4031,0.2469,0.0395,0.1162,0.0015,0.0636,0.0003,0.9726,1.2447,33501.320
646,Z,H,0.3035,0.0050,0.0009,0.0005,0.0051,0.2470,0.7618,0.5410,0.0882,0.1206,0.0010,0.0469,0.0002,1.7695,2.1346,33553.494
647,H,Z,0.2136,0.0033,0.0008,0.0002,0.0027,0.1537,0.5234,0.2356,0.0434,0.1035,0.0008,0.0535,0.0003,1.0674,1.3440,33604.874
648,Z,H,0.3061,0.0046,0.0012,0.0005,0.0048,0.2412,0.7228,0.5316,0.0917,0.1412,0.0019,0.0632,0.0002,1.7400,2.1245,33657.054
649,H,Z,0.3146,0.0044,0.0011,0.0004,0.0049,0.2381,0.7165,0.5520,0.1054,0.1522,0.0010,0.0433,0.0003,1.7746,2.1467,33709.244
650,Z,H,0.2710,0.0032,0.0012,0.0003,0.0027,0.1651,0.5948,0.2515,0.0416,0.1047,0.0067,0.0664,0.0001,1.1683,1.5215,33760.821
651,H,Z,0.2138,0.0030,0.0008,0.0003,0.0029,0.1616,0.3620,0.2574,0.0484,0.1053,0.0265,0.0648,0.0002,0.9448,1.2586,33812.131
652,Z,H,0.2267,0.0040,0.0013,0.0003,0.0038,0.1598,0.3955,0.2885,0.0400,0.1128,0.0008,0.0474,0.0001,1.0046,1.2912,33863.457
653,H,Z,0.1996,0.0026,0.0010,0.0002,0.0028,0.1764,0.3784,0.2504,0.0393,0.0793,0.0008,0.0463,0.0002,0.9317,1.1866,33914.760
654,Z,H,0.2078,0.0026,0.0008,0.0002,0.0029,0.1539,0.3642,0.2458,0.0377,0.0963,0.0005,0.0468,0.0001,0.9046,1.1679,33965.957
655,H,Z,0.2922,0.0034,0.0009,0.0003,0.0043,0.2270,0.7051,0.4924,0.0879,0.1399,0.0180,0.0378,0.0001,1.6608,2.0192,34018.015
656,Z,H,0.2587,0.0032,0.0009,0.0003,0.0036,0.1681,0.4172,0.2491,0.0371,0.1050,0.0008,0.0531,0.0002,0.9848,1.3070,34069.373
657,H,Z,0.2049,0.0028,0.0008,0.0001,0.0029,0.1485,0.4160,0.2470,0.0372,0.1109,0.0008,0.0431,0.0002,0.9664,1.2232,34120.701
658,Z,H,0.2832,0.0051,0.0009,0.0005,0.0051,0.2856,0.4270,0.2834,0.0370,0.1585,0.0010,0.0560,0.0002,1.2005,1.5543,34172.336
659,H,Z,0.3161,0.0046,0.0012,0.0004,0.0045,0.2503,0.7164,0.5506,0.0946,0.1047,0.0009,0.0372,0.0002,1.7264,2.0933,34224.474
660,Z,H,0.3090,0.0045,0.0011,0.0005,0.0050,0.2315,0.4212,0.2704,0.0445,0.1427,0.0017,0.0609,0.0001,1.1198,1.5053,34276.040
661,H,Z,0.2980,0.0039,0.0012,0.0004,0.0039,0.2353,0.7799,0.5558,0.0436,0.1306,0.0008,0.0360,0.0002,1.7573,2.1038,34328.186
662,Z,H,0.3016,0.0045,0.0011,0.0005,0.0044,0.2391,0.7326,0.5367,0.0895,0.1143,0.0009,0.0492,0.0002,1.7227,2.0871,34380.311
663,H,Z,0.3240,0.0039,0.0013,0.0005,0.0041,0.2579,0.7638,0.5398,0.0872,0.1284,0.0008,0.0402,0.0002,1.7868,2.1633,34432.546
664,Z,H,0.3079,0.0038,0.0010,0.0003,0.0035,0.2317,0.7468,0.5023,0.0850,0.1192,0.0009,0.0391,0.0003,1.6958,2.0543,34484.646
665,H,Z,0.2271,0.0028,0.0008,0.0004,0.0031,0.1719,0.3670,0.2647,0.0436,0.1450,0.0017,0.0627,0.0003,1.0021,1.3029,34535.992
666,Z,H,0.3076,0.0042,0.0010,0.0003,0.0046,0.2370,0.5786,0.2687,0.0397,0.1007,0.0008,0.0493,0.0002,1.2340,1.6037,34587.637
667,H,Z,0.2211,0.0025,0.0013,0.0005,0.0025,0.1640,0.3667,0.2532,0.0380,0.1338,0.0017,0.0470,0.0002,0.9623,1.2409,34638.921
668,Z,H,0.2079,0.0029,0.0009,0.0003,0.0031,0.1665,0.3671,0.2766,0.0391,0.1335,0.0018,0.0664,0.0001,0.9911,1.2766,34690.242
669,H,Z,0.2065,0.0028,0.0010,0.0002,0.0036,0.1878,0.4497,0.3163,0.0569,0.1083,0.0005,0.0602,0.0002,1.1280,1.4044,34741.752
670,Z,H,0.2124,0.0026,0.0008,0.0002,0.0028,0.1579,0.4202,0.2547,0.0442,0.1320,0.0013,0.0555,0.0002,1.0174,1.2946,34793.087
671,H,Z,0.2347,0.0031,0.0010,0.0002,0.0027,0.1664,0.4615,0.2531,0.0390,0.0981,0.0007,0.0550,0.0003,1.0260,1.3251,34844.455
672,Z,H,0.2140,0.0028,0.0009,0.0003,0.0028,0.1686,0.4498,0.2429,0.0396,0.1244,0.0018,0.0644,0.0002,1.0346,1.3235,34895.824
673,H,Z,0.2114,0.0028,0.0008,0.0004,0.0027,0.1638,0.3779,0.2590,0.0389,0.0973,0.0016,0.0641,0.0001,0.9466,1.2320,34947.127
674,Z,H,0.2639,0.0034,0.0009,0.0004,0.0038,0.1667,0.3800,0.2807,0.0370,0.1325,0.0009,0.0394,0.0005,1.0053,1.3202,34998.535
675,H,Z,0.2127,0.0030,0.0007,0.0002,0.0029,0.1528,0.3641,0.2498,0.0449,0.1139,0.0013,0.0584,0.0001,0.9340,1.2148,35049.797
676,Z,H,0.2057,0.0026,0.0006,0.0002,0.0024,0.1634,0.3635,0.2512,0.0375,0.1297,0.0015,0.0556,0.0002,0.9548,1.2249,35101.069
677,H,Z,0.2688,0.0037,0.0011,0.0006,0.0039,0.2145,0.4674,0.3211,0.0542,0.1386,0.0008,0.0545,0.0002,1.2052,1.5411,35152.650
678,Z,H,0.2277,0.0032,0.0011,0.0003,0.0031,0.1632,0.3747,0.2592,0.0389,0.1260,0.0009,0.0650,0.0002,0.9710,1.2742,35203.966
679,H,Z,0.3231,0.0041,0.0009,0.0004,0.0044,0.2344,0.7059,0.5092,0.1139,0.1429,0.0010,0.0577,0.0003,1.7170,2.1102,35256.192
680,Z,H,0.2961,0.0044,0.0012,0.0004,0.0040,0.2272,0.7532,0.5497,0.0884,0.1141,0.0245,0.0675,0.0003,1.7418,2.1423,35308.375
681,H,Z,0.2208,0.0027,0.0011,0.0004,0.0024,0.1537,0.3801,0.2353,0.0435,0.0909,0.0253,0.0553,0.0001,0.9119,1.2216,35359.646
682,Z,H,0.2130,0.0029,0.0009,0.0003,0.0027,0.1585,0.3747,0.2504,0.0369,0.1248,0.0284,0.0432,0.0002,0.9535,1.2462,35410.940
683,H,Z,0.1947,0.0022,0.0008,0.0001,0.0028,0.1590,0.3808,0.2609,0.0385,0.1014,0.0008,0.0445,0.0002,0.9486,1.1962,35462.166
684,Z,H,0.3121,0.0039,0.0010,0.0001,0.0035,0.1845,0.4433,0.2552,0.0391,0.0992,0.0018,0.0697,0.0003,1.0319,1.4263,35513.645
685,H,Z,0.2171,0.0033,0.0009,0.0005,0.0028,0.1652,0.4139,0.2402,0.0437,0.0926,0.0008,0.0658,0.0003,0.9679,1.2612,35564.955
686,Z,H,0.2047,0.0023,0.0007,0.0001,0.0024,0.1509,0.4197,0.2534,0.0366,0.1139,0.0006,0.0388,0.0002,0.9835,1.2346,35616.225
687,H,Z,0.2984,0.0042,0.0011,0.0004,0.0049,0.2328,0.7873,0.5535,0.0442,0.1180,0.0815,0.0469,0.0002,1.7473,2.1868,35668.461
688,Z,H,0.2775,0.0032,0.0014,0.0003,0.0032,0.1769,0.3687,0.2483,0.0367,0.1124,0.0016,0.0610,0.0001,0.9526,1.3022,35719.808
689,H,Z,0.3048,0.0035,0.0007,0.0003,0.0046,0.2303,0.4751,0.2485,0.0383,0.1139,0.0019,0.0601,0.0002,1.1149,1.4927,35771.355
690,Z,H,0.2212,0.0031,0.0008,0.0002,0.0026,0.1563,0.3763,0.2556,0.0378,0.1141,0.0009,0.0488,0.0003,0.9487,1.2285,35822.632
691,H,Z,0.2144,0.0023,0.0010,0.0004,0.0036,0.1539,0.3546,0.2272,0.0375,0.0836,0.0008,0.0402,0.0002,0.8681,1.1328,35873.810
692,Z,H,0.2005,0.0026,0.0007,0.0001,0.0028,0.1550,0.4017,0.2566,0.0374,0.1225,0.0008,0.0518,0.0002,0.9876,1.2485,35925.148
693,H,Z,0.3156,0.0047,0.0012,0.0003,0.0046,0.2381,0.8202,0.6156,0.0473,0.1579,0.0008,0.0452,0.0002,1.8896,2.2644,35977.445
694,Z,H,0.3160,0.0040,0.0012,0.0004,0.0035,0.2506,0.7280,0.3142,0.0551,0.1339,0.0008,0.0510,0.0003,1.4904,1.8694,36029.397
695,H,Z,0.2053,0.0022,0.0009,0.0002,0.0019,0.1706,0.4203,0.2510,0.0447,0.1267,0.0073,0.0390,0.0001,1.0209,1.2791,36080.748
696,Z,H,0.3156,0.0046,0.0010,0.0003,0.0043,0.2322,0.7233,0.5351,0.0932,0.1127,0.0146,0.0540,0.0003,1.7057,2.1023,36132.895
697,H,Z,0.2127,0.0035,0.0011,0.0003,0.0029,0.1545,0.4174,0.2684,0.0381,0.1155,0.0253,0.0610,0.0002,1.0049,1.3135,36184.263
698,Z,H,0.2017,0.0030,0.0007,0.0002,0.0022,0.1616,0.3815,0.2571,0.0389,0.1368,0.0046,0.0506,0.0001,0.9827,1.2474,36235.543
699,H,Z,0.2826,0.0038,0.0006,0.0003,0.0160,0.2273,0.3609,0.2471,0.0398,0.1159,0.0008,0.0386,0.0001,0.9983,1.3429,36286.922
700,Z,H,0.3129,0.0056,0.0013,0.0004,0.0048,0.2662,0.8343,0.5720,0.0937,0.1106,0.0009,0.0661,0.0002,1.8883,2.2827,36339.256
701,H,Z,0.2974,0.0037,0.0014,0.0007,0.0046,0.2123,0.4952,0.3404,0.0531,0.1045,0.0065,0.0595,0.0005,1.2154,1.5917,36390.892
702,Z,H,0.3439,0.0028,0.0007,0.0001,0.0028,0.1773,0.3740,0.2570,0.0372,0.1055,0.0007,0.0370,0.0002,0.9579,1.3480,36442.399
703,H,Z,0.2595,0.0029,0.0012,0.0004,0.0034,0.1899,0.5125,0.2691,0.0431,0.1120,0.0256,0.0534,0.0003,1.1337,1.4819,36494.012
704,Z,H,0.2918,0.0042,0.0009,0.0003,0.0052,0.2309,0.7586,0.5090,0.1036,0.1527,0.0008,0.0491,0.0002,1.7655,2.1195,36546.166
705,H,Z,0.2068,0.0029,0.0009,0.0002,0.0029,0.1654,0.5028,0.2455,0.0440,0.1141,0.0010,0.0497,0.0002,1.0813,1.3473,36597.554
706,Z,H,0.2524,0.0029,0.0007,0.0001,0.0020,0.1662,0.4025,0.2440,0.0370,0.1202,0.0008,0.0351,0.0002,0.9774,1.2727,36648.869
707,H,Z,0.2926,0.0039,0.0009,0.0003,0.0043,0.2281,0.7208,0.4948,0.0948,0.1127,0.0007,0.0510,0.0002,1.6610,2.0165,36700.921
708,Z,H,0.3029,0.0034,0.0008,0.0003,0.0045,0.2355,0.8537,0.4979,0.1023,0.1080,0.0014,0.0549,0.0002,1.8068,2.1769,36753.147
709,H,Z,0.2017,0.0024,0.0008,0.0002,0.0021,0.1534,0.4199,0.2536,0.0386,0.0993,0.0069,0.0408,0.0002,0.9742,1.2306,36804.416
710,Z,H,0.2062,0.0019,0.0006,0.0001,0.0022,0.1458,0.3963,0.2284,0.0370,0.1163,0.0012,0.0566,0.0002,0.9325,1.2026,36855.663
711,H,Z,0.3169,0.0039,0.0007,0.0003,0.0037,0.2374,0.7223,0.5710,0.0950,0.1162,0.0197,0.0407,0.0002,1.7520,2.1398,36907.843
712,Z,H,0.2083,0.0027,0.0010,0.0005,0.0027,0.1586,0.3630,0.2405,0.0465,0.1124,0.0013,0.0618,0.0003,0.9335,1.2136,36959.105
713,H,Z,0.1941,0.0021,0.0008,0.0002,0.0024,0.1596,0.3838,0.2425,0.0364,0.1012,0.0014,0.0574,0.0002,0.9319,1.1917,37010.361
714,Z,H,0.1955,0.0020,0.0008,0.0002,0.0024,0.1445,0.4068,0.2334,0.0368,0.1147,0.0007,0.0387,0.0001,0.9437,1.1856,37061.586
715,H,Z,0.2500,0.0073,0.0007,0.0003,0.0029,0.1755,0.3587,0.2323,0.0432,0.1242,0.0008,0.0589,0.0002,0.9420,1.2646,37112.890
716,Z,H,0.2013,0.0027,0.0007,0.0002,0.0025,0.1592,0.3595,0.2591,0.0381,0.0887,0.0042,0.0439,0.0003,0.9126,1.1701,37164.101
717,H,Z,0.3400,0.0046,0.0015,0.0004,0.0055,0.2504,0.8956,0.5659,0.1050,0.1353,0.0019,0.0508,0.0003,1.9609,2.3675,37216.508
718,Z,H,0.2850,0.0026,0.0012,0.0004,0.0022,0.2179,0.4768,0.2691,0.0392,0.1089,0.0009,0.0441,0.0001,1.1201,1.4582,37268.000
719,H,Z,0.1930,0.0026,0.0009,0.0002,0.0025,0.1474,0.3589,0.2544,0.0367,0.1027,0.0013,0.0595,0.0002,0.9070,1.1692,37319.215
720,Z,H,0.1991,0.0029,0.0008,0.0001,0.0023,0.1600,0.4183,0.2352,0.0357,0.0907,0.0007,0.0511,0.0002,0.9468,1.2052,37370.454
721,H,Z,0.2965,0.0035,0.0008,0.0003,0.0038,0.2464,0.6942,0.5329,0.0909,0.1337,0.0027,0.0413,0.0001,1.7063,2.0566,37422.553
722,Z,H,0.2094,0.0029,0.0009,0.0005,0.0022,0.1600,0.3614,0.2546,0.0390,0.1032,0.0051,0.0607,0.0002,0.9249,1.2085,37473.807
723,H,Z,0.3155,0.0042,0.0009,0.0003,0.0049,0.2341,0.8135,0.5170,0.0925,0.1068,0.0077,0.0608,0.0002,1.7752,2.1719,37526.026
724,Z,H,0.2035,0.0025,0.0007,0.0005,0.0027,0.1575,0.3606,0.2532,0.0370,0.1156,0.0156,0.0425,0.0002,0.9322,1.2022,37577.304
725,H,Z,0.3213,0.0040,0.0009,0.0003,0.0043,0.2475,0.6991,0.5561,0.0934,0.0998,0.0018,0.0602,0.0001,1.7075,2.1024,37629.458
726,Z,H,0.2970,0.0034,0.0009,0.0002,0.0034,0.2472,0.6890,0.5334,0.0877,0.0902,0.0007,0.0396,0.0003,1.6562,2.0037,37681.517
727,H,Z,0.2892,0.0038,0.0010,0.0003,0.0041,0.2456,0.6854,0.2485,0.0473,0.1108,0.0008,0.0438,0.0002,1.3472,1.6918,37733.253
728,Z,H,0.2027,0.0029,0.0007,0.0001,0.0028,0.1655,0.4122,0.2407,0.0368,0.1021,0.0008,0.0350,0.0003,0.9657,1.2123,37784.501
729,H,Z,0.2027,0.0027,0.0006,0.0002,0.0029,0.1520,0.3910,0.2357,0.0372,0.0929,0.0042,0.0560,0.0002,0.9166,1.1876,37835.796
730,Z,H,0.2706,0.0028,0.0009,0.0002,0.0030,0.1766,0.5093,0.3113,0.0516,0.1433,0.0008,0.0501,0.0002,1.2029,1.5327,37887.362
731,H,Z,0.2926,0.0029,0.0009,0.0002,0.0032,0.2287,0.4857,0.2557,0.0424,0.1055,0.0015,0.0751,0.0002,1.1272,1.5054,37938.916
732,Z,H,0.3546,0.0033,0.0009,0.0003,0.0048,0.2491,0.8453,0.5744,0.0458,0.1213,0.0007,0.0484,0.0002,1.8445,2.2591,37991.298
733,H,Z,0.2039,0.0024,0.0006,0.0002,0.0022,0.1621,0.3919,0.2342,0.0367,0.1193,0.0023,0.0432,0.0001,0.9501,1.2060,38042.562
734,Z,H,0.2222,0.0037,0.0010,0.0006,0.0031,0.1689,0.4199,0.2659,0.0395,0.1022,0.0209,0.0599,0.0002,1.0034,1.3166,38093.915
735,H,Z,0.2236,0.0034,0.0009,0.0002,0.0033,0.1629,0.4285,0.2690,0.0405,0.1308,0.0191,0.0524,0.0002,1.0390,1.3434,38145.319
736,Z,H,0.2095,0.0031,0.0008,0.0003,0.0030,0.1660,0.3656,0.2594,0.0396,0.1229,0.0005,0.0454,0.0003,0.9603,1.2248,38196.573
737,H,Z,0.2048,0.0027,0.0008,0.0003,0.0029,0.1833,0.3639,0.2471,0.0412,0.1120,0.0017,0.0606,0.0002,0.9568,1.2324,38247.862
738,Z,H,0.1984,0.0030,0.0006,0.0003,0.0028,0.1505,0.3620,0.2662,0.0380,0.1230,0.0009,0.0420,0.0002,0.9460,1.1956,38299.101
739,H,Z,0.2103,0.0031,0.0008,0.0005,0.0029,0.1612,0.4103,0.2507,0.0433,0.1018,0.0006,0.0501,0.0002,0.9745,1.2445,38350.379
740,Z,H,0.2669,0.0029,0.0008,0.0002,0.0032,0.1601,0.4040,0.2623,0.0375,0.1271,0.0016,0.0564,0.0002,0.9999,1.3341,38401.775
741,H,Z,0.2305,0.0039,0.0008,0.0005,0.0030,0.1484,0.4200,0.2475,0.0475,0.1097,0.0008,0.0459,0.0001,0.9814,1.2689,38453.080
742,Z,H,0.2668,0.0028,0.0009,0.0004,0.0026,0.1732,0.4471,0.2374,0.0377,0.0927,0.0008,0.0445,0.0001,0.9958,1.3168,38504.431
743,H,Z,0.2104,0.0024,0.0008,0.0003,0.0027,0.1508,0.3956,0.2373,0.0412,0.1156,0.0010,0.0603,0.0003,0.9481,1.2279,38555.722
744,Z,H,0.2293,0.0030,0.0007,0.0003,0.0032,0.1522,0.3656,0.2623,0.0383,0.1739,0.0017,0.0632,0.0002,1.0001,1.3034,38607.072
745,H,Z,0.2001,0.0029,0.0010,0.0003,0.0030,0.1604,0.4391,0.2516,0.0461,0.1211,0.0173,0.0575,0.0003,1.0270,1.3113,38658.456
746,Z,H,0.3109,0.0046,0.0010,0.0007,0.0049,0.2549,0.7165,0.5520,0.0910,0.1295,0.0013,0.0472,0.0003,1.7538,2.1266,38710.631
747,H,Z,0.2393,0.0030,0.0010,0.0004,0.0024,0.1483,0.4220,0.2485,0.0412,0.1107,0.0018,0.0606,0.0002,0.9820,1.2920,38761.986
748,Z,H,0.3121,0.0048,0.0012,0.0006,0.0055,0.2334,0.7295,0.5274,0.1010,0.1215,0.0204,0.0465,0.0003,1.7224,2.1163,38814.160
749,H,Z,0.2069,0.0025,0.0008,0.0001,0.0023,0.1628,0.3763,0.2455,0.0376,0.1112,0.0007,0.0466,0.0002,0.9408,1.2025,38865.395
750,Z,H,0.3005,0.0044,0.0009,0.0004,0.0041,0.2418,0.7631,0.5326,0.0884,0.1136,0.0013,0.0573,0.0002,1.7484,2.1197,38917.565
751,H,Z,0.2047,0.0028,0.0008,0.0002,0.0025,0.1712,0.3744,0.2575,0.0388,0.0847,0.0006,0.0471,0.0005,0.9339,1.1952,38968.795
752,Z,H,0.2043,0.0027,0.0011,0.0006,0.0024,0.1571,0.4542,0.2602,0.0395,0.1446,0.0013,0.0605,0.0001,1.0634,1.3379,39020.192
753,H,Z,0.2145,0.0028,0.0012,0.0003,0.0026,0.1673,0.4070,0.2593,0.0473,0.1243,0.0013,0.0567,0.0001,1.0182,1.2992,39071.552
754,Z,H,0.2008,0.0024,0.0009,0.0001,0.0021,0.1632,0.3709,0.2316,0.0375,0.1304,0.0005,0.0358,0.0001,0.9409,1.1850,39122.774
755,H,Z,0.2665,0.0028,0.0009,0.0003,0.0031,0.1673,0.3714,0.2404,0.0519,0.1069,0.0009,0.0424,0.0002,0.9445,1.2629,39174.074
756,Z,H,0.2096,0.0024,0.0010,0.0002,0.0026,0.1619,0.4240,0.2406,0.0370,0.1273,0.0202,0.0505,0.0001,0.9981,1.2859,39225.504
757,H,Z,0.1978,0.0024,0.0008,0.0003,0.0023,0.1654,0.4013,0.2376,0.0367,0.0828,0.0008,0.0408,0.0001,0.9314,1.1780,39276.721
758,Z,H,0.3409,0.0058,0.0013,0.0005,0.0056,0.2434,0.8528,0.5792,0.1079,0.1205,0.0010,0.0679,0.0004,1.9147,2.3407,39329.114
759,H,Z,0.2902,0.0032,0.0016,0.0003,0.0034,0.2218,0.4699,0.3086,0.0453,0.1044,0.0044,0.0610,0.0002,1.1575,1.5238,39380.678
760,Z,H,0.2132,0.0026,0.0008,0.0003,0.0027,0.1452,0.3576,0.2418,0.0366,0.1362,0.0025,0.0605,0.0001,0.9266,1.2111,39431.967
761,H,Z,0.2528,0.0024,0.0006,0.0002,0.0030,0.1572,0.3510,0.2514,0.0417,0.1330,0.0012,0.0541,0.0001,0.9426,1.2584,39483.292
762,Z,H,0.1997,0.0027,0.0009,0.0002,0.0027,0.1606,0.3815,0.2517,0.0394,0.1182,0.0065,0.0411,0.0003,0.9594,1.2151,39534.543
763,H,Z,0.2674,0.0031,0.0011,0.0003,0.0035,0.2288,0.3689,0.2490,0.0383,0.1138,0.0017,0.0794,0.0002,1.0079,1.3663,39585.959
764,Z,H,0.2100,0.0024,0.0009,0.0002,0.0033,0.1576,0.4069,0.2449,0.0387,0.1058,0.0160,0.0433,0.0002,0.9612,1.2385,39637.232
765,H,Z,0.1946,0.0022,0.0008,0.0002,0.0028,0.1591,0.3647,0.2317,0.0434,0.1168,0.0006,0.0377,0.0001,0.9230,1.1634,39688.430
766,Z,H,0.3307,0.0037,0.0009,0.0003,0.0048,0.2537,0.4704,0.2372,0.0379,0.0883,0.0008,0.0463,0.0001,1.0945,1.4838,39739.949
767,H,Z,0.2750,0.0029,0.0007,0.0002,0.0027,0.2266,0.7210,0.4914,0.0872,0.1260,0.0009,0.0521,0.0001,1.6612,1.9972,39791.995
768,Z,H,0.2002,0.0029,0.0009,0.0002,0.0023,0.1516,0.4041,0.2480,0.0367,0.0839,0.0010,0.0397,0.0003,0.9338,1.1824,39843.231
769,H,Z,0.2810,0.0031,0.0009,0.0005,0.0034,0.2183,0.3816,0.2640,0.0378,0.0991,0.0092,0.0601,0.0003,1.0107,1.3714,39894.686
770,Z,H,0.2167,0.0023,0.0008,0.0004,0.0031,0.1686,0.3663,0.2589,0.0377,0.1127,0.0013,0.0553,0.0003,0.9517,1.2334,39945.975
771,H,Z,0.3006,0.0039,0.0009,0.0003,0.0046,0.2339,0.6987,0.2586,0.0376,0.1095,0.0008,0.0464,0.0001,1.3453,1.7043,39997.713
772,Z,H,0.2029,0.0018,0.0007,0.0002,0.0021,0.1575,0.3601,0.2309,0.0360,0.0789,0.0007,0.0399,0.0002,0.8713,1.1208,40048.871
773,H,Z,0.1962,0.0020,0.0007,0.0001,0.0021,0.1586,0.3528,0.2581,0.0368,0.0892,0.0051,0.0423,0.0001,0.9019,1.1516,40100.069
774,Z,H,0.2675,0.0036,0.0010,0.0004,0.0029,0.1632,0.3919,0.2631,0.0391,0.1219,0.0010,0.0585,0.0003,0.9878,1.3246,40151.445
775,H,Z,0.2960,0.0033,0.0010,0.0003,0.0047,0.2757,0.4374,0.2564,0.0452,0.1219,0.0008,0.0338,0.0001,1.1432,1.4849,40202.979
776,Z,H,0.3027,0.0039,0.0009,0.0003,0.0039,0.2301,0.8019,0.5366,0.0931,0.1286,0.0044,0.0342,0.0001,1.7984,2.1501,40255.160
777,H,Z,0.2073,0.0030,0.0008,0.0001,0.0026,0.1460,0.4069,0.2385,0.0449,0.1219,0.0033,0.0620,0.0002,0.9664,1.2472,40306.453
778,Z,H,0.2360,0.0021,0.0009,0.0003,0.0029,0.2078,0.4796,0.3282,0.0489,0.0996,0.0015,0.0476,0.0001,1.1788,1.4716,40357.976
779,H,Z,0.3144,0.0038,0.0009,0.0003,0.0044,0.2265,0.6057,0.3325,0.0471,0.0964,0.0009,0.0424,0.0002,1.3177,1.6867,40409.697
780,Z,H,0.2216,0.0029,0.0008,0.0002,0.0022,0.1600,0.4349,0.2417,0.0368,0.1070,0.0015,0.0599,0.0001,0.9906,1.2814,40461.030
781,H,Z,0.2091,0.0024,0.0007,0.0002,0.0027,0.1615,0.4033,0.2402,0.0355,0.0854,0.0009,0.0478,0.0002,0.9336,1.1988,40512.274
782,Z,H,0.2703,0.0032,0.0009,0.0005,0.0037,0.2237,0.4436,0.2469,0.0376,0.1319,0.0018,0.0626,0.0002,1.0930,1.4382,40563.769
783,H,Z,0.2233,0.0027,0.0007,0.0002,0.0033,0.1598,0.4583,0.2386,0.0430,0.0897,0.0017,0.0406,0.0002,0.9959,1.2838,40615.099
784,Z,H,0.2011,0.0022,0.0006,0.0002,0.0026,0.1614,0.3560,0.2717,0.0368,0.1300,0.0017,0.0558,0.0001,0.9635,1.2291,40666.367
785,H,Z,0.2012,0.0025,0.0007,0.0001,0.0028,0.1495,0.3928,0.2495,0.0370,0.0931,0.0008,0.0423,0.0002,0.9302,1.1824,40717.596
786,Z,H,0.3011,0.0034,0.0009,0.0004,0.0044,0.2280,0.6866,0.5101,0.0886,0.0910,0.0007,0.0446,0.0001,1.6143,1.9713,40769.611
787,H,Z,0.2050,0.0021,0.0007,0.0002,0.0023,0.1587,0.3757,0.2462,0.0410,0.0878,0.0007,0.0476,0.0002,0.9169,1.1769,40820.825
788,Z,H,0.2209,0.0026,0.0007,0.0002,0.0021,0.1629,0.3887,0.2618,0.0416,0.1036,0.0014,0.0532,0.0002,0.9664,1.2493,40872.120
789,H,Z,0.2959,0.0034,0.0008,0.0003,0.0035,0.2249,0.5967,0.2478,0.0370,0.0965,0.0008,0.0525,0.0002,1.2107,1.5699,40923.741
790,Z,H,0.2598,0.0023,0.0008,0.0003,0.0024,0.1709,0.4732,0.2735,0.0419,0.1168,0.0017,0.0491,0.0001,1.0844,1.4019,40975.178
791,H,Z,0.2042,0.0030,0.0009,0.0002,0.0028,0.1557,0.3956,0.2476,0.0364,0.0926,0.0009,0.0461,0.0002,0.9340,1.1936,41026.404
792,Z,H,0.3107,0.0038,0.0007,0.0003,0.0037,0.2705,0.4721,0.2470,0.0397,0.1092,0.0007,0.0451,0.0001,1.1456,1.5121,41077.973
793,H,Z,0.1995,0.0018,0.0005,0.0002,0.0022,0.1615,0.4242,0.2274,0.0358,0.1146,0.0011,0.0515,0.0002,0.9712,1.2297,41129.276
794,Z,H,0.2402,0.0027,0.0007,0.0003,0.0025,0.1717,0.3918,0.2495,0.0383,0.1455,0.0019,0.0624,0.0002,1.0049,1.3174,41180.642
795,H,Z,0.2034,0.0021,0.0005,0.0002,0.0023,0.1525,0.4119,0.2389,0.0368,0.1164,0.0017,0.0570,0.0002,0.9656,1.2344,41231.992
796,Z,H,0.3000,0.0039,0.0007,0.0004,0.0043,0.2324,0.5541,0.2655,0.0380,0.0799,0.0009,0.0417,0.0002,1.1777,1.5317,41283.571
797,H,Z,0.2084,0.0029,0.0010,0.0002,0.0026,0.1642,0.4130,0.2348,0.0379,0.1202,0.0008,0.0510,0.0002,0.9770,1.2456,41334.848
798,Z,H,0.1963,0.0023,0.0008,0.0002,0.0024,0.1566,0.3636,0.2343,0.0442,0.1075,0.0008,0.0444,0.0004,0.9146,1.1635,41386.077
799,H,Z,0.2828,0.0034,0.0009,0.0003,0.0037,0.2327,0.5574,0.2815,0.0506,0.1063,0.0148,0.0437,0.0002,1.2374,1.5886,41437.709
800,Z,H,0.2114,0.0018,0.0004,0.0001,0.0021,0.1636,0.3721,0.2417,0.0356,0.0754,0.0005,0.0567,0.0001,0.8949,1.1692,41488.916
801,H,Z,0.3046,0.0048,0.0010,0.0006,0.0042,0.2347,0.7085,0.5316,0.0897,0.1535,0.0008,0.0559,0.0003,1.7274,2.1012,41541.052
802,Z,H,0.3054,0.0047,0.0012,0.0004,0.0049,0.2372,0.7225,0.5308,0.0941,0.1284,0.0010,0.0368,0.0002,1.7216,2.0803,41593.178
803,H,Z,0.2098,0.0019,0.0008,0.0002,0.0021,0.1509,0.3610,0.2320,0.0367,0.0831,0.0033,0.0433,0.0003,0.8705,1.1335,41644.347
804,Z,H,0.2412,0.0033,0.0008,0.0001,0.0026,0.1782,0.5127,0.3184,0.0520,0.1091,0.0015,0.0696,0.0001,1.1830,1.5042,41695.904
805,H,Z,0.3002,0.0034,0.0006,0.0003,0.0040,0.2326,0.7396,0.6200,0.1405,0.1056,0.0007,0.0422,0.0002,1.8473,2.2006,41748.140
806,Z,H,0.1989,0.0023,0.0006,0.0002,0.0019,0.1594,0.3707,0.2311,0.0349,0.1212,0.0153,0.0418,0.0002,0.9275,1.1899,41799.362
807,H,Z,0.2086,0.0029,0.0007,0.0004,0.0024,0.1709,0.3709,0.2303,0.0428,0.1106,0.0141,0.0548,0.0002,0.9335,1.2214,41850.624
808,Z,H,0.3302,0.0031,0.0006,0.0001,0.0021,0.1794,0.3524,0.2457,0.0415,0.1037,0.0008,0.0423,0.0002,0.9320,1.3126,41901.977
809,H,Z,0.2091,0.0031,0.0008,0.0006,0.0026,0.1614,0.3825,0.2710,0.0384,0.0969,0.0014,0.0540,0.0003,0.9583,1.2316,41953.284
810,Z,H,0.1978,0.0023,0.0007,0.0002,0.0023,0.1582,0.3572,0.2446,0.0371,0.1024,0.0008,0.0436,0.0002,0.9072,1.1565,42004.476
811,H,Z,0.2235,0.0022,0.0007,0.0002,0.0026,0.1550,0.4327,0.2222,0.0448,0.1128,0.0224,0.0517,0.0001,0.9737,1.2786,42055.792
812,Z,H,0.3153,0.0034,0.0008,0.0003,0.0039,0.2342,0.7364,0.5241,0.0849,0.1204,0.0008,0.0434,0.0001,1.7092,2.0787,42107.911
813,H,Z,0.3186,0.0044,0.0010,0.0005,0.0045,0.2330,0.7834,0.5152,0.1070,0.1159,0.0009,0.0473,0.0002,1.7634,2.1427,42160.096
814,Z,H,0.2372,0.0024,0.0008,0.0002,0.0023,0.2110,0.4621,0.3367,0.0507,0.1188,0.0009,0.0584,0.0003,1.1887,1.4926,42211.632
815,H,Z,0.2319,0.0029,0.0009,0.0003,0.0029,0.1618,0.4228,0.2355,0.0436,0.1466,0.0015,0.0604,0.0001,1.0175,1.3201,42263.026
816,Z,H,0.2080,0.0029,0.0007,0.0003,0.0026,0.1481,0.4272,0.2613,0.0389,0.0957,0.0010,0.0558,0.0003,0.9794,1.2528,42314.330
817,H,Z,0.1972,0.0026,0.0008,0.0002,0.0025,0.1556,0.3761,0.4806,0.0400,0.1021,0.0009,0.0389,0.0002,1.1635,1.4081,42365.784
818,Z,H,0.2803,0.0029,0.0006,0.0001,0.0027,0.1746,0.4041,0.2430,0.0362,0.0845,0.0008,0.0411,0.0002,0.9482,1.2785,42417.110
819,H,Z,0.2934,0.0038,0.0008,0.0003,0.0045,0.2236,0.5072,0.2652,0.0380,0.0942,0.0007,0.0440,0.0001,1.1360,1.4852,42468.654
820,Z,H,0.2167,0.0019,0.0009,0.0001,0.0025,0.1509,0.4132,0.2347,0.0366,0.1089,0.0008,0.0339,0.0001,0.9560,1.2142,42519.910
821,H,Z,0.2351,0.0028,0.0008,0.0002,0.0030,0.1678,0.4619,0.2370,0.0419,0.0861,0.0208,0.0373,0.0002,1.0022,1.3039,42571.255
822,Z,H,0.2051,0.0026,0.0009,0.0002,0.0027,0.1476,0.3638,0.2414,0.0369,0.0910,0.0091,0.0472,0.0002,0.8881,1.1575,42622.458
823,H,Z,0.2703,0.0026,0.0007,0.0002,0.0035,0.1958,0.4766,0.3249,0.0528,0.1169,0.0008,0.0405,0.0001,1.1793,1.4991,42673.991
824,Z,H,0.3047,0.0039,0.0011,0.0003,0.0053,0.2402,0.7227,0.5360,0.1101,0.1146,0.0068,0.0518,0.0002,1.7332,2.1088,42726.134
825,H,Z,0.2964,0.0038,0.0011,0.0003,0.0066,0.2296,0.8041,0.5396,0.1011,0.1112,0.0055,0.0541,0.0002,1.7950,2.1647,42778.345
826,Z,H,0.2073,0.0023,0.0009,0.0002,0.0021,0.1601,0.3892,0.2478,0.0376,0.0981,0.0007,0.0465,0.0002,0.9407,1.2023,42829.590
827,H,Z,0.1913,0.0023,0.0007,0.0002,0.0021,0.1640,0.4056,0.2298,0.0355,0.0809,0.0020,0.0670,0.0001,0.9247,1.1920,42880.833
828,Z,H,0.3101,0.0038,0.0008,0.0003,0.0040,0.2485,0.8528,0.5125,0.1086,0.1171,0.0011,0.0580,0.0002,1.8488,2.2290,42933.120
829,H,Z,0.2929,0.0042,0.0011,0.0004,0.0040,0.2276,0.7262,0.5217,0.0883,0.1422,0.0009,0.0540,0.0003,1.7156,2.0751,42985.237
830,Z,H,0.2969,0.0039,0.0010,0.0004,0.0036,0.2283,0.5733,0.2619,0.0390,0.1082,0.0009,0.0474,0.0002,1.2188,1.5749,43036.868
831,H,Z,0.2875,0.0035,0.0009,0.0003,0.0033,0.2274,0.7678,0.4952,0.0877,0.1114,0.0008,0.0546,0.0001,1.7000,2.0524,43088.981
832,Z,H,0.2049,0.0026,0.0008,0.0001,0.0022,0.1626,0.3983,0.2667,0.0363,0.0943,0.0007,0.0362,0.0001,0.9650,1.2141,43140.249
833,H,Z,0.2143,0.0032,0.0009,0.0004,0.0036,0.1581,0.3823,0.2670,0.0451,0.0911,0.0144,0.0496,0.0003,0.9506,1.2387,43191.530
834,Z,H,0.3015,0.0036,0.0010,0.0006,0.0049,0.2342,0.7070,0.5440,0.0895,0.0957,0.0008,0.0415,0.0002,1.6793,2.0479,43243.611
835,H,Z,0.3244,0.0043,0.0012,0.0003,0.0052,0.2332,0.7545,0.5341,0.0917,0.1515,0.0172,0.0664,0.0004,1.7752,2.1968,43295.862
836,Z,H,0.2102,0.0026,0.0011,0.0002,0.0027,0.1662,0.3644,0.2649,0.0361,0.0979,0.0014,0.0580,0.0002,0.9388,1.2168,43347.136
837,H,Z,0.2162,0.0031,0.0008,0.0003,0.0027,0.1638,0.3878,0.2581,0.0408,0.1157,0.0169,0.0578,0.0004,0.9749,1.2749,43398.479
838,Z,H,0.2094,0.0026,0.0010,0.0004,0.0028,0.1713,0.3898,0.2359,0.0365,0.1318,0.0014,0.0590,0.0001,0.9735,1.2521,43449.820
839,H,Z,0.2247,0.0020,0.0008,0.0003,0.0033,0.1756,0.4362,0.2971,0.0501,0.1072,0.0195,0.0396,0.0002,1.0735,1.3650,43501.225
840,Z,H,0.2124,0.0029,0.0010,0.0002,0.0028,0.1663,0.3912,0.2765,0.0407,0.0974,0.0066,0.0594,0.0002,0.9805,1.2675,43552.535
841,H,Z,0.3200,0.0049,0.0011,0.0006,0.0051,0.2311,0.7711,0.5063,0.0897,0.1244,0.0007,0.0611,0.0002,1.7325,2.1285,43604.721
842,Z,H,0.2475,0.0027,0.0008,0.0002,0.0021,0.1598,0.3708,0.2472,0.0379,0.1402,0.0008,0.0482,0.0001,0.9644,1.2684,43656.024
843,H,Z,0.2008,0.0026,0.0009,0.0002,0.0023,0.1582,0.3556,0.2470,0.0431,0.0934,0.0013,0.0787,0.0002,0.9068,1.1953,43707.265
844,Z,H,0.3008,0.0038,0.0011,0.0004,0.0042,0.2273,0.7384,0.5720,0.0603,0.1008,0.0010,0.0510,0.0002,1.7103,2.0746,43759.375
845,H,Z,0.2122,0.0024,0.0008,0.0002,0.0028,0.1495,0.4046,0.2334,0.0422,0.0903,0.0005,0.0428,0.0002,0.9271,1.1902,43810.608
846,Z,H,0.1889,0.0021,0.0005,0.0002,0.0020,0.1617,0.3503,0.2382,0.0358,0.1203,0.0014,0.0538,0.0002,0.9145,1.1650,43861.823
847,H,Z,0.2230,0.0028,0.0012,0.0003,0.0031,0.1645,0.3743,0.2693,0.0461,0.1374,0.0197,0.0667,0.0003,1.0003,1.3191,43913.192
848,Z,H,0.2960,0.0033,0.0011,0.0002,0.0047,0.2315,0.7724,0.5395,0.0852,0.1090,0.0008,0.0352,0.0004,1.7474,2.0908,43965.323
849,H,Z,0.2550,0.0023,0.0009,0.0001,0.0024,0.1478,0.3734,0.2384,0.0399,0.0922,0.0022,0.0454,0.0001,0.9021,1.2118,44016.566
850,Z,H,0.1946,0.0024,0.0007,0.0002,0.0021,0.1670,0.4459,0.2496,0.0422,0.1124,0.0004,0.0617,0.0001,1.0234,1.2873,44067.914
851,H,Z,0.2450,0.0022,0.0009,0.0002,0.0023,0.1708,0.5574,0.2391,0.0476,0.1172,0.0009,0.0539,0.0002,1.1390,1.4460,44119.414
852,Z,H,0.2215,0.0030,0.0010,0.0003,0.0029,0.1592,0.3715,0.2488,0.0382,0.1163,0.0020,0.0674,0.0002,0.9446,1.2445,44170.715
853,H,Z,0.2239,0.0028,0.0006,0.0002,0.0030,0.1561,0.3637,0.2452,0.0378,0.1133,0.0010,0.0564,0.0002,0.9235,1.2128,44221.968
854,Z,H,0.3124,0.0047,0.0011,0.0007,0.0047,0.2326,0.7620,0.5327,0.1102,0.1412,0.0010,0.0474,0.0002,1.7890,2.1633,44274.181
855,H,Z,0.2055,0.0033,0.0008,0.0003,0.0029,0.1633,0.4558,0.2508,0.0376,0.1105,0.0018,0.0622,0.0002,1.0274,1.3060,44325.534
856,Z,H,0.2710,0.0027,0.0007,0.0003,0.0033,0.1606,0.5470,0.2487,0.0405,0.1326,0.0015,0.0692,0.0004,1.1410,1.4916,44377.094
857,H,Z,0.3692,0.0033,0.0013,0.0003,0.0043,0.1739,0.6092,0.2545,0.0519,0.1197,0.0017,0.0678,0.0003,1.2180,1.6682,44428.837
858,Z,H,0.2065,0.0029,0.0008,0.0002,0.0030,0.1490,0.3712,0.2500,0.0459,0.1342,0.0252,0.0618,0.0002,0.9599,1.2623,44480.158
859,H,Z,0.3025,0.0041,0.0010,0.0005,0.0047,0.2333,0.7179,0.5203,0.0884,0.1274,0.0040,0.0596,0.0003,1.6983,2.0767,44532.282
860,Z,H,0.2023,0.0028,0.0008,0.0003,0.0029,0.1614,0.3828,0.2500,0.0374,0.1113,0.0182,0.0511,0.0002,0.9510,1.2313,44583.551
861,H,Z,0.3143,0.0047,0.0011,0.0005,0.0047,0.2375,0.8390,0.2639,0.0401,0.1291,0.0008,0.0427,0.0002,1.5184,1.8892,44635.506
862,Z,H,0.2105,0.0028,0.0009,0.0003,0.0026,0.1849,0.3658,0.2577,0.0382,0.1082,0.0009,0.0580,0.0003,0.9630,1.2410,44686.800
863,H,Z,0.2175,0.0027,0.0011,0.0002,0.0028,0.1631,0.4262,0.2587,0.0375,0.0934,0.0025,0.0452,0.0003,0.9862,1.2602,44738.107
864,Z,H,0.2947,0.0046,0.0009,0.0004,0.0050,0.2280,0.7316,0.5124,0.0878,0.1245,0.0009,0.0517,0.0002,1.6945,2.0547,44790.222
865,H,Z,0.2905,0.0033,0.0009,0.0004,0.0037,0.2139,0.4872,0.3281,0.0600,0.1479,0.0007,0.0636,0.0002,1.2469,1.6122,44841.887
866,Z,H,0.2133,0.0026,0.0008,0.0005,0.0028,0.1504,0.3892,0.2918,0.0410,0.1159,0.0007,0.0564,0.0003,0.9976,1.2767,44893.215
867,H,Z,0.3140,0.0051,0.0010,0.0005,0.0051,0.2404,0.8592,0.5493,0.0942,0.1253,0.0010,0.0623,0.0002,1.8789,2.2705,44945.530
868,Z,H,0.3569,0.0048,0.0010,0.0004,0.0043,0.2423,0.7070,0.5238,0.0894,0.1206,0.0010,0.0603,0.0002,1.6926,2.1234,44997.700
869,H,Z,0.3187,0.0037,0.0013,0.0003,0.0042,0.2365,0.7202,0.4984,0.0969,0.1279,0.0063,0.0581,0.0004,1.6894,2.0845,45049.827
870,Z,H,0.2170,0.0025,0.0011,0.0002,0.0026,0.1639,0.3704,0.2755,0.0404,0.1012,0.0039,0.0612,0.0001,0.9592,1.2493,45101.141
871,H,Z,0.2031,0.0028,0.0007,0.0002,0.0025,0.1587,0.3744,0.2361,0.0421,0.1417,0.0060,0.0526,0.0002,0.9593,1.2288,45152.415
872,Z,H,0.2684,0.0029,0.0009,0.0002,0.0033,0.1755,0.3632,0.2347,0.0358,0.1031,0.0235,0.0438,0.0003,0.9192,1.2641,45203.746
873,H,Z,0.2699,0.0026,0.0006,0.0003,0.0025,0.1682,0.3604,0.2358,0.0365,0.1032,0.0080,0.0516,0.0002,0.9123,1.2492,45255.029
874,Z,H,0.1960,0.0028,0.0008,0.0004,0.0024,0.1613,0.3936,0.2664,0.0368,0.1319,0.0016,0.0651,0.0002,0.9988,1.2697,45306.351
875,H,Z,0.2999,0.0044,0.0009,0.0004,0.0044,0.2415,0.8044,0.5210,0.0871,0.1042,0.0077,0.0772,0.0001,1.7682,2.1652,45358.575
876,Z,H,0.2059,0.0033,0.0011,0.0002,0.0026,0.1663,0.3839,0.2538,0.0383,0.0929,0.0008,0.0584,0.0002,0.9422,1.2165,45409.840
877,H,Z,0.2058,0.0031,0.0007,0.0002,0.0029,0.1500,0.4109,0.2157,0.0496,0.1053,0.0018,0.0649,0.0002,0.9427,1.2241,45461.115
878,Z,H,0.1963,0.0030,0.0008,0.0003,0.0029,0.1471,0.3605,0.2481,0.0377,0.0955,0.0008,0.0504,0.0002,0.8974,1.1532,45512.310
879,H,Z,0.2594,0.0030,0.0010,0.0003,0.0035,0.1823,0.4711,0.3121,0.0515,0.0998,0.0009,0.0621,0.0003,1.1271,1.4594,45563.817
880,Z,H,0.2826,0.0029,0.0012,0.0003,0.0046,0.2212,0.4548,0.6134,0.0934,0.1304,0.0010,0.0627,0.0001,1.5244,1.8815,45615.752
881,H,Z,0.2130,0.0024,0.0008,0.0001,0.0032,0.1578,0.4024,0.2303,0.0428,0.1386,0.0015,0.0567,0.0002,0.9815,1.2609,45667.069
882,Z,H,0.2094,0.0026,0.0007,0.0002,0.0031,0.1700,0.3648,0.2470,0.0381,0.0852,0.0014,0.0620,0.0003,0.9218,1.2029,45718.306
883,H,Z,0.3035,0.0036,0.0009,0.0003,0.0055,0.2435,0.8092,0.5329,0.0916,0.1314,0.0014,0.0556,0.0001,1.8179,2.1903,45770.557
884,Z,H,0.2167,0.0037,0.0014,0.0005,0.0029,0.1751,0.3766,0.2676,0.0382,0.0971,0.0019,0.0736,0.0002,0.9634,1.2660,45821.904
885,H,Z,0.2024,0.0027,0.0007,0.0001,0.0023,0.1634,0.4176,0.2874,0.0424,0.0855,0.0015,0.0594,0.0002,1.0057,1.2763,45873.225
886,Z,H,0.1997,0.0021,0.0007,0.0002,0.0024,0.1519,0.3730,0.2435,0.0367,0.1008,0.0004,0.0370,0.0001,0.9112,1.1551,45924.416
887,H,Z,0.2207,0.0029,0.0008,0.0002,0.0028,0.1537,0.4939,0.2420,0.0387,0.1149,0.0009,0.0524,0.0002,1.0505,1.3330,45975.791
888,Z,H,0.3175,0.0037,0.0009,0.0003,0.0046,0.2365,0.7795,0.5436,0.0908,0.0951,0.0016,0.0625,0.0003,1.7575,2.1506,46028.018
889,H,Z,0.2129,0.0024,0.0009,0.0001,0.0026,0.1594,0.3731,0.2481,0.0423,0.0848,0.0007,0.0361,0.0002,0.9149,1.1720,46079.336
890,Z,H,0.2929,0.0043,0.0012,0.0003,0.0049,0.2386,0.7126,0.5080,0.0901,0.1041,0.0011,0.0536,0.0002,1.6621,2.0224,46131.393
891,H,Z,0.2556,0.0029,0.0011,0.0005,0.0032,0.2190,0.4741,0.3504,0.0491,0.1003,0.0007,0.0500,0.0002,1.2015,1.5181,46183.007
892,Z,H,0.2097,0.0023,0.0008,0.0002,0.0028,0.1474,0.3816,0.2494,0.0353,0.0956,0.0007,0.0478,0.0002,0.9165,1.1823,46234.225
893,H,Z,0.3098,0.0039,0.0011,0.0003,0.0047,0.2345,0.5313,0.2723,0.0382,0.1088,0.0166,0.0360,0.0002,1.1936,1.5678,46285.832
894,Z,H,0.3081,0.0038,0.0012,0.0005,0.0046,0.2440,0.7448,0.5327,0.0908,0.0991,0.0185,0.0410,0.0001,1.7211,2.1079,46337.986
895,H,Z,0.2073,0.0028,0.0010,0.0003,0.0028,0.1591,0.3633,0.2653,0.0385,0.1223,0.0009,0.0497,0.0002,0.9570,1.2236,46389.242
896,Z,H,0.3220,0.0044,0.0011,0.0003,0.0052,0.2355,0.7296,0.5424,0.0887,0.0994,0.0008,0.0462,0.0002,1.7058,2.0882,46441.370
897,H,Z,0.2170,0.0030,0.0010,0.0002,0.0026,0.1679,0.3723,0.2502,0.0391,0.1005,0.0007,0.0432,0.0001,0.9451,1.2144,46492.617
898,Z,H,0.2806,0.0028,0.0007,0.0002,0.0025,0.1550,0.4162,0.2474,0.0379,0.1169,0.0065,0.0383,0.0002,0.9809,1.3142,46543.963
899,H,Z,0.2048,0.0032,0.0009,0.0001,0.0024,0.1601,0.4234,0.2479,0.0445,0.1238,0.0009,0.0395,0.0002,1.0092,1.2627,46595.263
900,Z,H,0.1988,0.0021,0.0007,0.0001,0.0025,0.1546,0.3907,0.2401,0.0359,0.1060,0.0013,0.0546,0.0001,0.9355,1.1972,46646.526
901,H,Z,0.2102,0.0026,0.0008,0.0002,0.0031,0.1684,0.3765,0.2556,0.0435,0.0942,0.0008,0.0543,0.0002,0.9451,1.2186,46697.784
902,Z,H,0.3050,0.0042,0.0009,0.0003,0.0045,0.2344,0.8248,0.5183,0.0877,0.1220,0.0015,0.0570,0.0002,1.7994,2.1748,46750.030
903,H,Z,0.2000,0.0025,0.0008,0.0001,0.0026,0.1687,0.3700,0.2536,0.0394,0.1188,0.0013,0.0539,0.0002,0.9612,1.2240,46801.308
904,Z,H,0.1997,0.0024,0.0010,0.0003,0.0022,0.1511,0.3624,0.2499,0.0358,0.1031,0.0008,0.0415,0.0002,0.9088,1.1581,46852.507
905,H,Z,0.2128,0.0025,0.0010,0.0003,0.0023,0.1617,0.3572,0.2561,0.0463,0.1059,0.0049,0.0578,0.0002,0.9383,1.2217,46903.775
906,Z,H,0.2147,0.0023,0.0007,0.0001,0.0027,0.1492,0.3558,0.2402,0.0361,0.1000,0.0015,0.0559,0.0001,0.8899,1.1691,46954.991
907,H,Z,0.3009,0.0040,0.0009,0.0005,0.0047,0.2354,0.7098,0.5233,0.1168,0.1137,0.0014,0.0521,0.0003,1.7078,2.0744,47007.146
908,Z,H,0.2818,0.0026,0.0008,0.0002,0.0025,0.1822,0.4194,0.2449,0.0375,0.0879,0.0066,0.0531,0.0002,0.9798,1.3292,47058.522
909,H,Z,0.2263,0.0027,0.0009,0.0002,0.0034,0.2035,0.4588,0.3116,0.0576,0.1179,0.0007,0.0427,0.0001,1.1571,1.4356,47109.987
910,Z,H,0.2025,0.0027,0.0008,0.0004,0.0023,0.1589,0.3703,0.2690,0.0384,0.1209,0.0009,0.0509,0.0002,0.9646,1.2265,47161.312
911,H,Z,0.2700,0.0030,0.0009,0.0003,0.0031,0.1577,0.3638,0.2523,0.0364,0.1084,0.0010,0.0490,0.0002,0.9252,1.2543,47212.605
912,Z,H,0.2634,0.0028,0.0009,0.0002,0.0035,0.2221,0.4158,0.2522,0.0396,0.1009,0.0014,0.0591,0.0001,1.0402,1.3733,47264.022
913,H,Z,0.1988,0.0030,0.0007,0.0001,0.0028,0.1563,0.3733,0.2603,0.0365,0.0984,0.0050,0.0598,0.0003,0.9343,1.2060,47315.270
914,Z,H,0.2027,0.0024,0.0009,0.0002,0.0030,0.1579,0.4413,0.2576,0.0399,0.1069,0.0012,0.0582,0.0002,1.0133,1.2836,47366.597
915,H,Z,0.2776,0.0032,0.0013,0.0006,0.0044,0.2141,0.4908,0.3305,0.0434,0.1033,0.0006,0.0493,0.0002,1.1902,1.5289,47418.166
916,Z,H,0.2118,0.0029,0.0008,0.0003,0.0027,0.1583,0.3646,0.2470,0.0355,0.1018,0.0006,0.0421,0.0002,0.9141,1.1768,47469.372
917,H,Z,0.2940,0.0037,0.0007,0.0003,0.0045,0.2440,0.7090,0.5357,0.0908,0.1051,0.0276,0.0534,0.0003,1.6931,2.0792,47521.501
918,Z,H,0.2058,0.0030,0.0008,0.0004,0.0028,0.1619,0.3957,0.2475,0.0368,0.1189,0.0018,0.0648,0.0001,0.9712,1.2521,47572.804
919,H,Z,0.2029,0.0027,0.0008,0.0002,0.0026,0.1596,0.3879,0.2543,0.0358,0.1088,0.0013,0.0461,0.0001,0.9553,1.2133,47624.100
920,Z,H,0.2605,0.0024,0.0006,0.0002,0.0030,0.1686,0.4013,0.2460,0.0366,0.0963,0.0009,0.0506,0.0001,0.9557,1.2754,47675.441
921,H,Z,0.2104,0.0032,0.0010,0.0008,0.0026,0.1427,0.3663,0.2506,0.0370,0.1116,0.0210,0.0518,0.0002,0.9151,1.2081,47726.699
922,Z,H,0.2069,0.0027,0.0007,0.0002,0.0028,0.1487,0.3728,0.2385,0.0368,0.1079,0.0036,0.0521,0.0002,0.9118,1.1824,47777.921
923,H,Z,0.2056,0.0025,0.0011,0.0001,0.0030,0.1543,0.3835,0.2631,0.0359,0.1067,0.0006,0.0468,0.0001,0.9508,1.2120,47829.173
924,Z,H,0.2110,0.0027,0.0010,0.0001,0.0031,0.1623,0.4147,0.2478,0.0377,0.1187,0.0070,0.0478,0.0002,0.9886,1.2630,47880.475
925,H,Z,0.2129,0.0029,0.0009,0.0002,0.0036,0.1762,0.3697,0.2596,0.0393,0.1240,0.0007,0.0514,0.0002,0.9764,1.2508,47931.775
926,Z,H,0.2492,0.0024,0.0007,0.0002,0.0025,0.1592,0.3740,0.2386,0.0441,0.1137,0.0008,0.0347,0.0002,0.9373,1.2291,47983.047
927,H,Z,0.1995,0.0021,0.0008,0.0002,0.0026,0.1599,0.3605,0.2441,0.0383,0.1038,0.0006,0.0473,0.0001,0.9146,1.1698,48034.301
928,Z,H,0.1996,0.0023,0.0008,0.0002,0.0026,0.1674,0.3581,0.2445,0.0401,0.1151,0.0007,0.0410,0.0002,0.9330,1.1819,48085.524
929,H,Z,0.3235,0.0039,0.0012,0.0003,0.0050,0.2350,0.7137,0.3995,0.0415,0.1316,0.0007,0.0421,0.0001,1.5302,1.9089,48137.474
930,Z,H,0.2126,0.0027,0.0011,0.0005,0.0026,0.1563,0.3639,0.2492,0.0377,0.1212,0.0008,0.0408,0.0002,0.9357,1.1990,48188.707
931,H,Z,0.3131,0.0042,0.0011,0.0003,0.0044,0.2426,0.3663,0.2667,0.0391,0.0922,0.0009,0.0369,0.0002,1.0143,1.3772,48240.121
932,Z,H,0.3088,0.0037,0.0011,0.0004,0.0039,0.2294,0.7963,0.6246,0.0469,0.1235,0.0006,0.0382,0.0001,1.8317,2.1901,48292.343
933,H,Z,0.2034,0.0026,0.0008,0.0002,0.0025,0.1554,0.3632,0.2475,0.0401,0.1012,0.0016,0.0536,0.0002,0.9204,1.1868,48343.570
934,Z,H,0.2974,0.0037,0.0008,0.0004,0.0040,0.2267,0.6975,0.4713,0.0803,0.1186,0.0016,0.0580,0.0003,1.6036,1.9717,48395.594
935,H,Z,0.2052,0.0029,0.0010,0.0001,0.0021,0.1558,0.3758,0.2423,0.0373,0.1403,0.0199,0.0563,0.0002,0.9606,1.2495,48446.882
936,Z,H,0.2633,0.0026,0.0009,0.0002,0.0025,0.1530,0.3537,0.2572,0.0385,0.1179,0.0008,0.0329,0.0003,0.9279,1.2329,48498.150
937,H,Z,0.2068,0.0022,0.0008,0.0001,0.0025,0.1587,0.4485,0.2353,0.0396,0.0927,0.0029,0.0619,0.0002,0.9860,1.2647,48549.460
938,Z,H,0.2143,0.0029,0.0007,0.0002,0.0028,0.1588,0.3862,0.2471,0.0373,0.1160,0.0214,0.0371,0.0002,0.9539,1.2352,48600.739
939,H,Z,0.2154,0.0025,0.0010,0.0002,0.0030,0.1591,0.3794,0.2365,0.0455,0.1358,0.0182,0.0465,0.0001,0.9638,1.2522,48652.029
940,Z,H,0.1972,0.0022,0.0007,0.0002,0.0025,0.1500,0.3510,0.2409,0.0367,0.1238,0.0008,0.0389,0.0001,0.9101,1.1541,48703.268
941,H,Z,0.3048,0.0045,0.0009,0.0004,0.0048,0.2274,0.7700,0.5299,0.0883,0.1143,0.0018,0.0610,0.0002,1.7412,2.1218,48755.437
942,Z,H,0.2978,0.0037,0.0011,0.0004,0.0040,0.2890,0.7028,0.5390,0.0875,0.0903,0.0012,0.0559,0.0003,1.7194,2.0857,48807.578
943,H,Z,0.2047,0.0024,0.0008,0.0001,0.0026,0.1670,0.3684,0.2396,0.0356,0.1163,0.0018,0.0798,0.0003,0.9364,1.2305,48858.883
944,Z,H,0.3012,0.0043,0.0011,0.0004,0.0045,0.2333,0.7841,0.5275,0.1065,0.1366,0.0058,0.0513,0.0005,1.7987,2.1696,48911.100
945,H,Z,0.3015,0.0038,0.0008,0.0003,0.0040,0.2306,0.6974,0.2531,0.0435,0.0882,0.0008,0.0341,0.0002,1.3215,1.6688,48962.806
946,Z,H,0.2120,0.0022,0.0009,0.0003,0.0025,0.1582,0.3756,0.2617,0.0386,0.0867,0.0007,0.0504,0.0001,0.9289,1.1993,49014.150
947,H,Z,0.3058,0.0048,0.0011,0.0004,0.0045,0.2333,0.7645,0.5273,0.0899,0.1281,0.0048,0.0500,0.0002,1.7514,2.1248,49066.329
948,Z,H,0.3141,0.0035,0.0008,0.0003,0.0037,0.2413,0.7009,0.4960,0.0406,0.0897,0.0007,0.0337,0.0001,1.5792,1.9377,49118.305
949,H,Z,0.2954,0.0047,0.0009,0.0005,0.0050,0.2477,0.7128,0.5213,0.0969,0.1032,0.0012,0.0445,0.0002,1.6936,2.0478,49170.394
950,Z,H,0.2106,0.0033,0.0008,0.0003,0.0026,0.1478,0.3743,0.2546,0.0383,0.1171,0.0017,0.0831,0.0002,0.9407,1.2450,49221.699
951,H,Z,0.3102,0.0046,0.0009,0.0004,0.0045,0.2362,0.7044,0.5148,0.0910,0.1042,0.0247,0.0566,0.0003,1.6610,2.0649,49273.825
952,Z,H,0.3116,0.0050,0.0011,0.0005,0.0050,0.2348,0.7620,0.4525,0.0442,0.1002,0.0015,0.0539,0.0002,1.6027,1.9833,49325.853
953,H,Z,0.2924,0.0039,0.0010,0.0005,0.0050,0.2295,0.7099,0.5355,0.0929,0.1571,0.0011,0.0529,0.0002,1.7350,2.0938,49378.001
954,Z,H,0.2172,0.0019,0.0008,0.0004,0.0025,0.1664,0.3663,0.2648,0.0367,0.0985,0.0007,0.0432,0.0003,0.9430,1.2114,49429.260
955,H,Z,0.2004,0.0028,0.0006,0.0002,0.0025,0.1517,0.4028,0.2519,0.0367,0.0872,0.0015,0.0757,0.0002,0.9439,1.2293,49480.533
956,Z,H,0.2669,0.0032,0.0009,0.0007,0.0036,0.1761,0.3788,0.2510,0.0368,0.0980,0.0032,0.0538,0.0003,0.9477,1.2818,49531.858
957,H,Z,0.2003,0.0029,0.0007,0.0003,0.0027,0.1525,0.3733,0.2596,0.0388,0.1047,0.0018,0.0634,0.0001,0.9378,1.2115,49583.136
958,Z,H,0.3158,0.0044,0.0009,0.0006,0.0044,0.2376,0.7135,0.5381,0.0914,0.1052,0.0195,0.0518,0.0002,1.6957,2.0951,49635.273
959,H,Z,0.3003,0.0044,0.0011,0.0004,0.0043,0.2319,0.7189,0.5318,0.0898,0.1136,0.0008,0.0600,0.0002,1.6995,2.0748,49687.392
960,Z,H,0.3142,0.0047,0.0010,0.0008,0.0039,0.2542,0.7350,0.5849,0.0912,0.1406,0.0009,0.0673,0.0002,1.8159,2.2110,49739.657
961,H,Z,0.2242,0.0030,0.0010,0.0003,0.0027,0.1510,0.3624,0.2438,0.0440,0.1177,0.0070,0.0590,0.0001,0.9258,1.2248,49790.922
962,Z,H,0.2118,0.0024,0.0008,0.0004,0.0027,0.1551,0.3584,0.2560,0.0376,0.0949,0.0075,0.0439,0.0003,0.9112,1.1826,49842.143
963,H,Z,0.2177,0.0029,0.0009,0.0002,0.0029,0.1623,0.4363,0.2577,0.0382,0.1138,0.0005,0.0491,0.0001,1.0147,1.2902,49893.475
964,Z,H,0.2188,0.0029,0.0010,0.0003,0.0032,0.1647,0.3936,0.2502,0.0382,0.1182,0.0007,0.0401,0.0001,0.9714,1.2398,49944.748
965,H,Z,0.3216,0.0040,0.0014,0.0004,0.0053,0.2380,0.6944,0.2668,0.0391,0.1214,0.0191,0.0379,0.0002,1.3673,1.7586,49996.574
966,Z,H,0.2097,0.0028,0.0007,0.0003,0.0026,0.1636,0.3685,0.2467,0.0369,0.1378,0.0015,0.0618,0.0001,0.9613,1.2426,50047.889
967,H,Z,0.2021,0.0025,0.0007,0.0003,0.0027,0.1663,0.4360,0.2442,0.0427,0.0868,0.0100,0.0483,0.0001,0.9830,1.2512,50099.183
968,Z,H,0.2935,0.0033,0.0010,0.0003,0.0046,0.2263,0.7234,0.5234,0.0850,0.1010,0.0007,0.0420,0.0002,1.6678,2.0149,50151.232
969,H,Z,0.2102,0.0035,0.0012,0.0003,0.0033,0.2363,0.5140,0.2520,0.0382,0.0911,0.0007,0.0431,0.0002,1.1403,1.4046,50202.673
970,Z,H,0.2021,0.0019,0.0007,0.0002,0.0020,0.1536,0.3544,0.2491,0.0376,0.1074,0.0072,0.0342,0.0002,0.9085,1.1582,50253.875
971,H,Z,0.2077,0.0025,0.0008,0.0002,0.0024,0.1617,0.3645,0.2695,0.0387,0.1076,0.0006,0.0300,0.0002,0.9503,1.1961,50305.105
972,Z,H,0.2146,0.0032,0.0007,0.0003,0.0028,0.1694,0.3702,0.2580,0.0401,0.0979,0.0016,0.0765,0.0002,0.9472,1.2486,50356.403
973,H,Z,0.2193,0.0027,0.0009,0.0004,0.0036,0.1809,0.3616,0.2449,0.0377,0.1032,0.0008,0.0634,0.0001,0.9359,1.2286,50407.704
974,Z,H,0.2174,0.0026,0.0009,0.0002,0.0031,0.1629,0.3697,0.2613,0.0393,0.1430,0.0016,0.0656,0.0003,0.9859,1.2790,50459.039
975,H,Z,0.2119,0.0032,0.0008,0.0002,0.0028,0.1604,0.3680,0.2668,0.0431,0.1358,0.0010,0.0545,0.0002,0.9825,1.2586,50510.347
976,Z,H,0.3128,0.0050,0.0012,0.0005,0.0054,0.2498,0.7118,0.5602,0.0914,0.1354,0.0009,0.0666,0.0003,1.7597,2.1543,50562.548
977,H,Z,0.2193,0.0025,0.0009,0.0001,0.0022,0.1609,0.3632,0.2345,0.0363,0.1143,0.0015,0.0592,0.0002,0.9187,1.2061,50613.801
978,Z,H,0.3143,0.0042,0.0010,0.0004,0.0040,0.2369,0.7350,0.5300,0.0878,0.0946,0.0015,0.0799,0.0003,1.6947,2.1020,50665.962
979,H,Z,0.2045,0.0028,0.0012,0.0001,0.0026,0.1565,0.3646,0.2581,0.0427,0.0837,0.0073,0.0464,0.0002,0.9135,1.1800,50717.193
980,Z,H,0.2943,0.0037,0.0009,0.0003,0.0033,0.2302,0.7617,0.5368,0.0859,0.0954,0.0046,0.0558,0.0001,1.7214,2.0860,50769.320
981,H,Z,0.2572,0.0036,0.0011,0.0003,0.0032,0.2256,0.4232,0.3193,0.0550,0.1145,0.0015,0.0586,0.0002,1.1476,1.4751,50820.842
982,Z,H,0.2031,0.0026,0.0008,0.0002,0.0022,0.1590,0.3677,0.2582,0.0554,0.0813,0.0009,0.0508,0.0002,0.9288,1.1908,50872.070
983,H,Z,0.2932,0.0036,0.0007,0.0003,0.0040,0.2338,0.5135,0.2926,0.0373,0.1027,0.0007,0.0396,0.0001,1.1871,1.5308,50923.650
984,Z,H,0.1960,0.0021,0.0009,0.0001,0.0019,0.1601,0.3498,0.2402,0.0378,0.0922,0.0007,0.0370,0.0001,0.8873,1.1272,50974.819
985,H,Z,0.2098,0.0033,0.0008,0.0002,0.0024,0.1485,0.4116,0.2753,0.0442,0.1491,0.0015,0.0617,0.0002,1.0387,1.3201,51026.216
986,Z,H,0.2759,0.0028,0.0011,0.0003,0.0025,0.2029,0.4543,0.3597,0.0533,0.1166,0.0014,0.0601,0.0003,1.1952,1.5413,51077.849
987,H,Z,0.2054,0.0023,0.0006,0.0002,0.0025,0.1696,0.4426,0.2645,0.0378,0.1060,0.0168,0.0536,0.0002,1.0290,1.3124,51129.228
988,Z,H,0.2171,0.0025,0.0007,0.0002,0.0026,0.1661,0.3874,0.2590,0.0406,0.1369,0.0009,0.0474,0.0002,0.9993,1.2723,51180.547
989,H,Z,0.2570,0.0026,0.0008,0.0002,0.0031,0.1755,0.3577,0.2498,0.0376,0.1380,0.0016,0.0655,0.0002,0.9691,1.3016,51231.910
990,Z,H,0.2938,0.0037,0.0009,0.0003,0.0045,0.2307,0.6136,0.2746,0.0388,0.0912,0.0008,0.0478,0.0004,1.2583,1.6122,51283.563
991,H,Z,0.3254,0.0042,0.0011,0.0004,0.0042,0.2411,0.7258,0.5354,0.0938,0.1147,0.0009,0.0481,0.0002,1.7204,2.1065,51335.724
992,Z,H,0.2154,0.0024,0.0008,0.0003,0.0027,0.1600,0.3899,0.2509,0.0413,0.1482,0.0187,0.0467,0.0002,0.9977,1.2862,51387.041
993,H,Z,0.3014,0.0038,0.0008,0.0004,0.0046,0.2310,0.9219,0.5775,0.0492,0.0925,0.0149,0.0516,0.0002,1.8807,2.2597,51439.381
994,Z,H,0.2783,0.0031,0.0012,0.0003,0.0026,0.1662,0.3870,0.2505,0.0393,0.0906,0.0081,0.0472,0.0003,0.9417,1.2846,51490.706
995,H,Z,0.2230,0.0028,0.0008,0.0002,0.0027,0.1570,0.3626,0.2786,0.0386,0.1518,0.0186,0.0471,0.0002,0.9960,1.2927,51542.097
996,Z,H,0.2242,0.0028,0.0010,0.0002,0.0030,0.1514,0.3915,0.2588,0.0379,0.1108,0.0014,0.0644,0.0001,0.9597,1.2585,51593.408
997,H,Z,0.2050,0.0027,0.0007,0.0001,0.0027,0.1543,0.3626,0.2439,0.0423,0.1070,0.0007,0.0441,0.0002,0.9186,1.1761,51644.643
998,Z,H,0.2075,0.0022,0.0007,0.0002,0.0031,0.1684,0.3679,0.2395,0.0365,0.1239,0.0161,0.0529,0.0002,0.9445,1.2286,51695.915
999,H,Z,0.2047,0.0025,0.0008,0.0002,0.0028,0.1610,0.3688,0.2647,0.0380,0.1076,0.0007,0.0597,0.0002,0.9481,1.2209,51747.200
