idx,t_rel_s,delta_ms,len,version,payload_prefix
1,0.007202949,NaN,30,v2,88000000ffffffffffffa8dd9f4dc5b5
2,0.017743091,10.540142,30,v2,88000000ffffffffffffa8dd9f4dc5b5
3,0.027796380,10.053289,30,v2,88000000ffffffffffffa8dd9f4dc5b5
4,0.037004925,9.208545,30,v2,88000000ffffffffffffa8dd9f4dc5b5
5,0.048053282,11.048357,30,v2,88000000ffffffffffffa8dd9f4dc5b5
6,0.055535130,7.481848,30,v2,88000000ffffffffffffa8dd9f4dc5b5
7,0.066593092,11.057962,30,v2,88000000ffffffffffffa8dd9f4dc5b5
8,0.076096707,9.503615,30,v2,88000000ffffffffffffa8dd9f4dc5b5
9,0.085739609,9.642902,30,v2,88000000ffffffffffffa8dd9f4dc5b5
10,0.097960222,12.220613,30,v2,88000000ffffffffffffa8dd9f4dc5b5
11,0.107990052,10.029830,30,v2,88000000ffffffffffffa8dd9f4dc5b5
12,0.116898265,8.908213,30,v2,88000000ffffffffffffa8dd9f4dc5b5
13,0.126600805,9.702540,30,v2,88000000ffffffffffffa8dd9f4dc5b5
14,0.137818778,11.217973,30,v2,88000000ffffffffffffa8dd9f4dc5b5
15,0.147883438,10.064660,30,v2,88000000ffffffffffffa8dd9f4dc5b5
16,0.158926223,11.042785,30,v2,88000000ffffffffffffa8dd9f4dc5b5
17,0.168408890,9.482667,30,v2,88000000ffffffffffffa8dd9f4dc5b5
18,0.179290204,10.881314,30,v2,88000000ffffffffffffa8dd9f4dc5b5
19,0.187465506,8.175302,30,v2,88000000ffffffffffffa8dd9f4dc5b5
20,0.198377625,10.912119,30,v2,88000000ffffffffffffa8dd9f4dc5b5
21,0.209137125,10.759500,30,v2,88000000ffffffffffffa8dd9f4dc5b5
22,0.217813008,8.675883,30,v2,88000000ffffffffffffa8dd9f4dc5b5
23,0.228284762,10.471754,30,v2,88000000ffffffffffffa8dd9f4dc5b5
24,0.238104685,9.819923,30,v2,88000000ffffffffffffa8dd9f4dc5b5
25,0.248476979,10.372294,30,v2,88000000ffffffffffffa8dd9f4dc5b5
26,0.258602161,10.125182,30,v2,88000000ffffffffffffa8dd9f4dc5b5
27,0.269866735,11.264574,30,v2,88000000ffffffffffffa8dd9f4dc5b5
28,0.279945977,10.079242,30,v2,88000000ffffffffffffa8dd9f4dc5b5
29,0.289345622,9.399645,30,v2,88000000ffffffffffffa8dd9f4dc5b5
30,0.299472277,10.126655,30,v2,88000000ffffffffffffa8dd9f4dc5b5
31,0.309556735,10.084458,30,v2,88000000ffffffffffffa8dd9f4dc5b5
32,0.319428003,9.871268,30,v2,88000000ffffffffffffa8dd9f4dc5b5
33,0.329801239,10.373236,30,v2,88000000ffffffffffffa8dd9f4dc5b5
34,0.339667038,9.865799,30,v2,88000000ffffffffffffa8dd9f4dc5b5
35,0.350069271,10.402233,30,v2,88000000ffffffffffffa8dd9f4dc5b5
36,0.360105951,10.036680,30,v2,88000000ffffffffffffa8dd9f4dc5b5
37,0.370645074,10.539123,30,v2,88000000ffffffffffffa8dd9f4dc5b5
38,5.274993658,4904.348584,30,v2,88000000ffffffffffffa8dd9f4dc5b5
39,5.284881772,9.888114,30,v2,88000000ffffffffffffa8dd9f4dc5b5
40,5.296005443,11.123671,30,v2,88000000ffffffffffffa8dd9f4dc5b5
41,5.306011802,10.006359,30,v2,88000000ffffffffffffa8dd9f4dc5b5
42,5.317762573,11.750771,30,v2,88000000ffffffffffffa8dd9f4dc5b5
43,5.327293147,9.530574,30,v2,88000000ffffffffffffa8dd9f4dc5b5
44,5.339503645,12.210498,30,v2,88000000ffffffffffffa8dd9f4dc5b5
45,5.349733408,10.229763,30,v2,88000000ffffffffffffa8dd9f4dc5b5
46,5.360852339,11.118931,30,v2,88000000ffffffffffffa8dd9f4dc5b5
47,5.371308688,10.456349,30,v2,88000000ffffffffffffa8dd9f4dc5b5
48,5.382295831,10.987143,30,v2,88000000ffffffffffffa8dd9f4dc5b5
49,5.392570939,10.275108,30,v2,88000000ffffffffffffa8dd9f4dc5b5
50,5.403446364,10.875425,30,v2,88000000ffffffffffffa8dd9f4dc5b5
51,5.413947676,10.501312,30,v2,88000000ffffffffffffa8dd9f4dc5b5
52,5.424871508,10.923832,30,v2,88000000ffffffffffffa8dd9f4dc5b5
53,5.435002211,10.130703,30,v2,88000000ffffffffffffa8dd9f4dc5b5
54,5.446105728,11.103517,30,v2,88000000ffffffffffffa8dd9f4dc5b5
55,5.456361392,10.255664,30,v2,88000000ffffffffffffa8dd9f4dc5b5
56,5.468560723,12.199331,30,v2,88000000ffffffffffffa8dd9f4dc5b5
57,5.478745119,10.184396,30,v2,88000000ffffffffffffa8dd9f4dc5b5
58,5.489870106,11.124987,30,v2,88000000ffffffffffffa8dd9f4dc5b5
59,5.500248708,10.378602,30,v2,88000000ffffffffffffa8dd9f4dc5b5
60,5.512503206,12.254498,30,v2,88000000ffffffffffffa8dd9f4dc5b5
61,5.521401474,8.898268,30,v2,88000000ffffffffffffa8dd9f4dc5b5
62,5.532549502,11.148028,30,v2,88000000ffffffffffffa8dd9f4dc5b5
63,5.544734370,12.184868,30,v2,88000000ffffffffffffa8dd9f4dc5b5
64,5.553913302,9.178932,30,v2,88000000ffffffffffffa8dd9f4dc5b5
65,5.564436571,10.523269,30,v2,88000000ffffffffffffa8dd9f4dc5b5
66,5.575323043,10.886472,30,v2,88000000ffffffffffffa8dd9f4dc5b5
67,5.585646183,10.323140,30,v2,88000000ffffffffffffa8dd9f4dc5b5
68,5.597740127,12.093944,30,v2,88000000ffffffffffffa8dd9f4dc5b5
69,5.608007524,10.267397,30,v2,88000000ffffffffffffa8dd9f4dc5b5
70,5.619676275,11.668751,30,v2,88000000ffffffffffffa8dd9f4dc5b5
71,5.630983914,11.307639,30,v2,88000000ffffffffffffa8dd9f4dc5b5
72,5.642286007,11.302093,30,v2,88000000ffffffffffffa8dd9f4dc5b5
73,5.650714226,8.428219,30,v2,88000000ffffffffffffa8dd9f4dc5b5
74,5.661834522,11.120296,30,v2,88000000ffffffffffffa8dd9f4dc5b5
75,5.671828462,9.993940,30,v2,88000000ffffffffffffa8dd9f4dc5b5
76,5.682962591,11.134129,30,v2,88000000ffffffffffffa8dd9f4dc5b5
77,5.693063572,10.100981,30,v2,88000000ffffffffffffa8dd9f4dc5b5
78,5.704203540,11.139968,30,v2,88000000ffffffffffffa8dd9f4dc5b5
79,5.714416733,10.213193,30,v2,88000000ffffffffffffa8dd9f4dc5b5
80,5.726929799,12.513066,30,v2,88000000ffffffffffffa8dd9f4dc5b5
81,5.736837094,9.907295,30,v2,88000000ffffffffffffa8dd9f4dc5b5
82,5.749268757,12.431663,30,v2,88000000ffffffffffffa8dd9f4dc5b5
83,5.758247000,8.978243,30,v2,88000000ffffffffffffa8dd9f4dc5b5
84,5.769183637,10.936637,30,v2,88000000ffffffffffffa8dd9f4dc5b5
85,5.779611509,10.427872,30,v2,88000000ffffffffffffa8dd9f4dc5b5
86,5.790653286,11.041777,30,v2,88000000ffffffffffffa8dd9f4dc5b5
87,5.801691248,11.037962,30,v2,88000000ffffffffffffa8dd9f4dc5b5
88,5.811969578,10.278330,30,v2,88000000ffffffffffffa8dd9f4dc5b5
89,5.823055904,11.086326,30,v2,88000000ffffffffffffa8dd9f4dc5b5
90,5.833455231,10.399327,30,v2,88000000ffffffffffffa8dd9f4dc5b5
91,5.843463034,10.007803,30,v2,88000000ffffffffffffa8dd9f4dc5b5
92,5.855614783,12.151749,30,v2,88000000ffffffffffffa8dd9f4dc5b5
93,5.866821179,11.206396,30,v2,88000000ffffffffffffa8dd9f4dc5b5
94,5.876943975,10.122796,30,v2,88000000ffffffffffffa8dd9f4dc5b5
95,5.888099944,11.155969,30,v2,88000000ffffffffffffa8dd9f4dc5b5
96,5.898330020,10.230076,30,v2,88000000ffffffffffffa8dd9f4dc5b5
97,5.909477901,11.147881,30,v2,88000000ffffffffffffa8dd9f4dc5b5
98,5.920586641,11.108740,30,v2,88000000ffffffffffffa8dd9f4dc5b5
99,5.930701448,10.114807,30,v2,88000000ffffffffffffa8dd9f4dc5b5
100,5.941068648,10.367200,30,v2,88000000ffffffffffffa8dd9f4dc5b5
101,5.953110657,12.042009,30,v2,88000000ffffffffffffa8dd9f4dc5b5
102,5.963496386,10.385729,30,v2,88000000ffffffffffffa8dd9f4dc5b5
103,5.973732047,10.235661,30,v2,88000000ffffffffffffa8dd9f4dc5b5
104,5.984699551,10.967504,30,v2,88000000ffffffffffffa8dd9f4dc5b5
105,5.995862122,11.162571,30,v2,88000000ffffffffffffa8dd9f4dc5b5
106,6.006148733,10.286611,30,v2,88000000ffffffffffffa8dd9f4dc5b5
107,6.017368272,11.219539,30,v2,88000000ffffffffffffa8dd9f4dc5b5
108,6.028276455,10.908183,30,v2,88000000ffffffffffffa8dd9f4dc5b5
109,6.038452626,10.176171,30,v2,88000000ffffffffffffa8dd9f4dc5b5
110,6.048660101,10.207475,30,v2,88000000ffffffffffffa8dd9f4dc5b5
111,6.059842375,11.182274,30,v2,88000000ffffffffffffa8dd9f4dc5b5
112,6.069939739,10.097364,30,v2,88000000ffffffffffffa8dd9f4dc5b5
113,6.081203618,11.263879,30,v2,88000000ffffffffffffa8dd9f4dc5b5
114,6.092466094,11.262476,30,v2,88000000ffffffffffffa8dd9f4dc5b5
115,6.102506204,10.040110,30,v2,88000000ffffffffffffa8dd9f4dc5b5
116,6.113703809,11.197605,30,v2,88000000ffffffffffffa8dd9f4dc5b5
117,6.124907844,11.204035,30,v2,88000000ffffffffffffa8dd9f4dc5b5
118,6.136077427,11.169583,30,v2,88000000ffffffffffffa8dd9f4dc5b5
119,6.146252091,10.174664,30,v2,88000000ffffffffffffa8dd9f4dc5b5
120,6.156449096,10.197005,30,v2,88000000ffffffffffffa8dd9f4dc5b5
121,6.167602097,11.153001,30,v2,88000000ffffffffffffa8dd9f4dc5b5
122,6.177695430,10.093333,30,v2,88000000ffffffffffffa8dd9f4dc5b5
123,6.188885984,11.190554,30,v2,88000000ffffffffffffa8dd9f4dc5b5
124,6.200327070,11.441086,30,v2,88000000ffffffffffffa8dd9f4dc5b5
125,6.210266515,9.939445,30,v2,88000000ffffffffffffa8dd9f4dc5b5
126,6.220501217,10.234702,30,v2,88000000ffffffffffffa8dd9f4dc5b5
127,6.231538903,11.037686,30,v2,88000000ffffffffffffa8dd9f4dc5b5
128,6.243771869,12.232966,30,v2,88000000ffffffffffffa8dd9f4dc5b5
129,6.254128021,10.356152,30,v2,88000000ffffffffffffa8dd9f4dc5b5
130,6.265263502,11.135481,30,v2,88000000ffffffffffffa8dd9f4dc5b5
131,6.275392584,10.129082,30,v2,88000000ffffffffffffa8dd9f4dc5b5
132,6.285580997,10.188413,30,v2,88000000ffffffffffffa8dd9f4dc5b5
133,6.296903197,11.322200,30,v2,88000000ffffffffffffa8dd9f4dc5b5
134,6.307728633,10.825436,30,v2,88000000ffffffffffffa8dd9f4dc5b5
135,6.317905787,10.177154,30,v2,88000000ffffffffffffa8dd9f4dc5b5
136,6.328383425,10.477638,30,v2,88000000ffffffffffffa8dd9f4dc5b5
137,6.341310403,12.926978,30,v2,88000000ffffffffffffa8dd9f4dc5b5
138,6.691838620,350.528217,30,v2,88000000ffffffffffffa8dd9f4dc5b5
139,6.702010507,10.171887,30,v2,88000000ffffffffffffa8dd9f4dc5b5
140,6.713138123,11.127616,30,v2,88000000ffffffffffffa8dd9f4dc5b5
141,6.725253454,12.115331,30,v2,88000000ffffffffffffa8dd9f4dc5b5
142,6.734494256,9.240802,30,v2,88000000ffffffffffffa8dd9f4dc5b5
143,6.744629433,10.135177,30,v2,88000000ffffffffffffa8dd9f4dc5b5
144,6.754788843,10.159410,30,v2,88000000ffffffffffffa8dd9f4dc5b5
145,6.767068580,12.279737,30,v2,88000000ffffffffffffa8dd9f4dc5b5
146,6.777205390,10.136810,30,v2,88000000ffffffffffffa8dd9f4dc5b5
147,6.788597344,11.391954,30,v2,88000000ffffffffffffa8dd9f4dc5b5
148,6.798508676,9.911332,30,v2,88000000ffffffffffffa8dd9f4dc5b5
149,6.808706153,10.197477,30,v2,88000000ffffffffffffa8dd9f4dc5b5
150,6.819733214,11.027061,30,v2,88000000ffffffffffffa8dd9f4dc5b5
151,6.830224461,10.491247,30,v2,88000000ffffffffffffa8dd9f4dc5b5
152,6.841463603,11.239142,30,v2,88000000ffffffffffffa8dd9f4dc5b5
153,6.853179599,11.715996,30,v2,88000000ffffffffffffa8dd9f4dc5b5
154,6.861689848,8.510249,30,v2,88000000ffffffffffffa8dd9f4dc5b5
155,6.872924580,11.234732,30,v2,88000000ffffffffffffa8dd9f4dc5b5
156,6.882969920,10.045340,30,v2,88000000ffffffffffffa8dd9f4dc5b5
157,6.895210427,12.240507,30,v2,88000000ffffffffffffa8dd9f4dc5b5
158,6.905726555,10.516128,30,v2,88000000ffffffffffffa8dd9f4dc5b5
159,6.915586850,9.860295,30,v2,88000000ffffffffffffa8dd9f4dc5b5
160,6.926688236,11.101386,30,v2,88000000ffffffffffffa8dd9f4dc5b5
161,6.936605210,9.916974,30,v2,88000000ffffffffffffa8dd9f4dc5b5
162,6.948054455,11.449245,30,v2,88000000ffffffffffffa8dd9f4dc5b5
163,6.958034460,9.980005,30,v2,88000000ffffffffffffa8dd9f4dc5b5
164,6.969119039,11.084579,30,v2,88000000ffffffffffffa8dd9f4dc5b5
165,6.980590512,11.471473,30,v2,88000000ffffffffffffa8dd9f4dc5b5
166,6.989548697,8.958185,30,v2,88000000ffffffffffffa8dd9f4dc5b5
167,7.000584614,11.035917,30,v2,88000000ffffffffffffa8dd9f4dc5b5
168,7.010804802,10.220188,30,v2,88000000ffffffffffffa8dd9f4dc5b5
169,7.022013358,11.208556,30,v2,88000000ffffffffffffa8dd9f4dc5b5
170,7.033043809,11.030451,30,v2,88000000ffffffffffffa8dd9f4dc5b5
171,7.043529105,10.485296,30,v2,88000000ffffffffffffa8dd9f4dc5b5
172,7.054916639,11.387534,30,v2,88000000ffffffffffffa8dd9f4dc5b5
173,7.064659437,9.742798,30,v2,88000000ffffffffffffa8dd9f4dc5b5
174,7.075835993,11.176556,30,v2,88000000ffffffffffffa8dd9f4dc5b5
175,7.086080800,10.244807,30,v2,88000000ffffffffffffa8dd9f4dc5b5
176,7.098038406,11.957606,30,v2,88000000ffffffffffffa8dd9f4dc5b5
177,7.107384729,9.346323,30,v2,88000000ffffffffffffa8dd9f4dc5b5
178,7.117583498,10.198769,30,v2,88000000ffffffffffffa8dd9f4dc5b5
179,7.130150515,12.567017,30,v2,88000000ffffffffffffa8dd9f4dc5b5
180,7.139179518,9.029003,30,v2,88000000ffffffffffffa8dd9f4dc5b5
181,7.149058551,9.879033,30,v2,88000000ffffffffffffa8dd9f4dc5b5
182,7.161191249,12.132698,30,v2,88000000ffffffffffffa8dd9f4dc5b5
183,7.171319127,10.127878,30,v2,88000000ffffffffffffa8dd9f4dc5b5
184,7.183374356,12.055229,30,v2,88000000ffffffffffffa8dd9f4dc5b5
185,7.192683172,9.308816,30,v2,88000000ffffffffffffa8dd9f4dc5b5
186,7.203828854,11.145682,30,v2,88000000ffffffffffffa8dd9f4dc5b5
187,7.214022885,10.194031,30,v2,88000000ffffffffffffa8dd9f4dc5b5
188,7.224236135,10.213250,30,v2,88000000ffffffffffffa8dd9f4dc5b5
189,7.237406270,13.170135,30,v2,88000000ffffffffffffa8dd9f4dc5b5
190,7.245801724,8.395454,30,v2,88000000ffffffffffffa8dd9f4dc5b5
191,7.256682614,10.880890,30,v2,88000000ffffffffffffa8dd9f4dc5b5
192,7.266848383,10.165769,30,v2,88000000ffffffffffffa8dd9f4dc5b5
193,7.277078141,10.229758,30,v2,88000000ffffffffffffa8dd9f4dc5b5
194,7.289180036,12.101895,30,v2,88000000ffffffffffffa8dd9f4dc5b5
195,7.299589100,10.409064,30,v2,88000000ffffffffffffa8dd9f4dc5b5
196,7.310516153,10.927053,30,v2,88000000ffffffffffffa8dd9f4dc5b5
197,7.320594852,10.078699,30,v2,88000000ffffffffffffa8dd9f4dc5b5
198,7.330890475,10.295623,30,v2,88000000ffffffffffffa8dd9f4dc5b5
199,7.341948283,11.057808,30,v2,88000000ffffffffffffa8dd9f4dc5b5
200,7.352194027,10.245744,30,v2,88000000ffffffffffffa8dd9f4dc5b5
201,7.363634415,11.440388,30,v2,88000000ffffffffffffa8dd9f4dc5b5
202,7.373587756,9.953341,30,v2,88000000ffffffffffffa8dd9f4dc5b5
203,7.384167513,10.579757,30,v2,88000000ffffffffffffa8dd9f4dc5b5
204,7.394869875,10.702362,30,v2,88000000ffffffffffffa8dd9f4dc5b5
205,7.405000207,10.130332,30,v2,88000000ffffffffffffa8dd9f4dc5b5
206,7.417201424,12.201217,30,v2,88000000ffffffffffffa8dd9f4dc5b5
207,7.427379710,10.178286,30,v2,88000000ffffffffffffa8dd9f4dc5b5
208,7.437787519,10.407809,30,v2,88000000ffffffffffffa8dd9f4dc5b5
209,7.448682201,10.894682,30,v2,88000000ffffffffffffa8dd9f4dc5b5
210,7.458902269,10.220068,30,v2,88000000ffffffffffffa8dd9f4dc5b5
211,7.470125684,11.223415,30,v2,88000000ffffffffffffa8dd9f4dc5b5
212,7.480152116,10.026432,30,v2,88000000ffffffffffffa8dd9f4dc5b5
213,7.491622825,11.470709,30,v2,88000000ffffffffffffa8dd9f4dc5b5
214,7.501757010,10.134185,30,v2,88000000ffffffffffffa8dd9f4dc5b5
215,7.511740287,9.983277,30,v2,88000000ffffffffffffa8dd9f4dc5b5
216,7.522860574,11.120287,30,v2,88000000ffffffffffffa8dd9f4dc5b5
217,7.533063156,10.202582,30,v2,88000000ffffffffffffa8dd9f4dc5b5
218,7.545134276,12.071120,30,v2,88000000ffffffffffffa8dd9f4dc5b5
219,7.555431017,10.296741,30,v2,88000000ffffffffffffa8dd9f4dc5b5
220,7.565602614,10.171597,30,v2,88000000ffffffffffffa8dd9f4dc5b5
221,7.576739036,11.136422,30,v2,88000000ffffffffffffa8dd9f4dc5b5
222,7.586932426,10.193390,30,v2,88000000ffffffffffffa8dd9f4dc5b5
223,7.598061941,11.129515,30,v2,88000000ffffffffffffa8dd9f4dc5b5
224,7.608501411,10.439470,30,v2,88000000ffffffffffffa8dd9f4dc5b5
225,7.618871581,10.370170,30,v2,88000000ffffffffffffa8dd9f4dc5b5
226,7.629522861,10.651280,30,v2,88000000ffffffffffffa8dd9f4dc5b5
227,7.639655411,10.132550,30,v2,88000000ffffffffffffa8dd9f4dc5b5
228,7.650894621,11.239210,30,v2,88000000ffffffffffffa8dd9f4dc5b5
229,7.661289833,10.395212,30,v2,88000000ffffffffffffa8dd9f4dc5b5
230,7.671427180,10.137347,30,v2,88000000ffffffffffffa8dd9f4dc5b5
231,7.683411721,11.984541,30,v2,88000000ffffffffffffa8dd9f4dc5b5
232,7.693448421,10.036700,30,v2,88000000ffffffffffffa8dd9f4dc5b5
233,7.704704289,11.255868,30,v2,88000000ffffffffffffa8dd9f4dc5b5
234,7.714964601,10.260312,30,v2,88000000ffffffffffffa8dd9f4dc5b5
235,7.725081096,10.116495,30,v2,88000000ffffffffffffa8dd9f4dc5b5
236,7.736302432,11.221336,30,v2,88000000ffffffffffffa8dd9f4dc5b5
237,7.746417818,10.115386,30,v2,88000000ffffffffffffa8dd9f4dc5b5
238,8.100248391,353.830573,30,v2,88000000ffffffffffffa8dd9f4dc5b5
239,8.110260525,10.012134,30,v2,88000000ffffffffffffa8dd9f4dc5b5
240,8.120374207,10.113682,30,v2,88000000ffffffffffffa8dd9f4dc5b5
241,8.133001946,12.627739,30,v2,88000000ffffffffffffa8dd9f4dc5b5
242,8.141671092,8.669146,30,v2,88000000ffffffffffffa8dd9f4dc5b5
243,8.151835274,10.164182,30,v2,88000000ffffffffffffa8dd9f4dc5b5
244,8.162951000,11.115726,30,v2,88000000ffffffffffffa8dd9f4dc5b5
245,8.173506461,10.555461,30,v2,88000000ffffffffffffa8dd9f4dc5b5
246,8.183335098,9.828637,30,v2,88000000ffffffffffffa8dd9f4dc5b5
247,8.194559407,11.224309,30,v2,88000000ffffffffffffa8dd9f4dc5b5
248,8.205806842,11.247435,30,v2,88000000ffffffffffffa8dd9f4dc5b5
249,8.215912616,10.105774,30,v2,88000000ffffffffffffa8dd9f4dc5b5
250,8.227965871,12.053255,30,v2,88000000ffffffffffffa8dd9f4dc5b5
251,8.238166874,10.201003,30,v2,88000000ffffffffffffa8dd9f4dc5b5
252,8.247429659,9.262785,30,v2,88000000ffffffffffffa8dd9f4dc5b5
253,8.259536687,12.107028,30,v2,88000000ffffffffffffa8dd9f4dc5b5
254,8.268708553,9.171866,30,v2,88000000ffffffffffffa8dd9f4dc5b5
255,8.278903149,10.194596,30,v2,88000000ffffffffffffa8dd9f4dc5b5
256,8.289218551,10.315402,30,v2,88000000ffffffffffffa8dd9f4dc5b5
257,8.300109428,10.890877,30,v2,88000000ffffffffffffa8dd9f4dc5b5
258,8.310380436,10.271008,30,v2,88000000ffffffffffffa8dd9f4dc5b5
259,8.320818448,10.438012,30,v2,88000000ffffffffffffa8dd9f4dc5b5
260,8.333016359,12.197911,30,v2,88000000ffffffffffffa8dd9f4dc5b5
261,8.342737878,9.721519,30,v2,88000000ffffffffffffa8dd9f4dc5b5
262,8.352949742,10.211864,30,v2,88000000ffffffffffffa8dd9f4dc5b5
263,8.363334271,10.384529,30,v2,88000000ffffffffffffa8dd9f4dc5b5
264,8.374342528,11.008257,30,v2,88000000ffffffffffffa8dd9f4dc5b5
265,8.384531405,10.188877,30,v2,88000000ffffffffffffa8dd9f4dc5b5
266,8.394780457,10.249052,30,v2,88000000ffffffffffffa8dd9f4dc5b5
267,8.405834057,11.053600,30,v2,88000000ffffffffffffa8dd9f4dc5b5
268,8.415950110,10.116053,30,v2,88000000ffffffffffffa8dd9f4dc5b5
269,8.426095990,10.145880,30,v2,88000000ffffffffffffa8dd9f4dc5b5
270,8.437179227,11.083237,30,v2,88000000ffffffffffffa8dd9f4dc5b5
271,8.449289971,12.110744,30,v2,88000000ffffffffffffa8dd9f4dc5b5
272,8.458762916,9.472945,30,v2,88000000ffffffffffffa8dd9f4dc5b5
273,8.469823437,11.060521,30,v2,88000000ffffffffffffa8dd9f4dc5b5
274,8.480183490,10.360053,30,v2,88000000ffffffffffffa8dd9f4dc5b5
275,8.490189403,10.005913,30,v2,88000000ffffffffffffa8dd9f4dc5b5
276,8.501269435,11.080032,30,v2,88000000ffffffffffffa8dd9f4dc5b5
277,8.512751233,11.481798,30,v2,88000000ffffffffffffa8dd9f4dc5b5
278,8.521661617,8.910384,30,v2,88000000ffffffffffffa8dd9f4dc5b5
279,8.531869156,10.207539,30,v2,88000000ffffffffffffa8dd9f4dc5b5
280,8.542966426,11.097270,30,v2,88000000ffffffffffffa8dd9f4dc5b5
281,8.553081442,10.115016,30,v2,88000000ffffffffffffa8dd9f4dc5b5
282,8.564145527,11.064085,30,v2,88000000ffffffffffffa8dd9f4dc5b5
283,8.574389976,10.244449,30,v2,88000000ffffffffffffa8dd9f4dc5b5
284,8.585524074,11.134098,30,v2,88000000ffffffffffffa8dd9f4dc5b5
285,8.596098388,10.574314,30,v2,88000000ffffffffffffa8dd9f4dc5b5
286,8.606182011,10.083623,30,v2,88000000ffffffffffffa8dd9f4dc5b5
287,8.617211534,11.029523,30,v2,88000000ffffffffffffa8dd9f4dc5b5
288,8.627502167,10.290633,30,v2,88000000ffffffffffffa8dd9f4dc5b5
289,8.638398114,10.895947,30,v2,88000000ffffffffffffa8dd9f4dc5b5
290,8.648618611,10.220497,30,v2,88000000ffffffffffffa8dd9f4dc5b5
291,8.658773490,10.154879,30,v2,88000000ffffffffffffa8dd9f4dc5b5
292,8.669110794,10.337304,30,v2,88000000ffffffffffffa8dd9f4dc5b5
293,8.680376727,11.265933,30,v2,88000000ffffffffffffa8dd9f4dc5b5
294,8.692225494,11.848767,30,v2,88000000ffffffffffffa8dd9f4dc5b5
295,8.702555301,10.329807,30,v2,88000000ffffffffffffa8dd9f4dc5b5
296,8.711512053,8.956752,30,v2,88000000ffffffffffffa8dd9f4dc5b5
297,8.724032172,12.520119,30,v2,88000000ffffffffffffa8dd9f4dc5b5
298,8.733135262,9.103090,30,v2,88000000ffffffffffffa8dd9f4dc5b5
299,8.743288900,10.153638,30,v2,88000000ffffffffffffa8dd9f4dc5b5
300,8.754367694,11.078794,30,v2,88000000ffffffffffffa8dd9f4dc5b5
301,8.766019120,11.651426,30,v2,88000000ffffffffffffa8dd9f4dc5b5
302,8.774667883,8.648763,30,v2,88000000ffffffffffffa8dd9f4dc5b5
303,8.785831229,11.163346,30,v2,88000000ffffffffffffa8dd9f4dc5b5
304,8.796138545,10.307316,30,v2,88000000ffffffffffffa8dd9f4dc5b5
305,8.806168559,10.030014,30,v2,88000000ffffffffffffa8dd9f4dc5b5
306,8.819167414,12.998855,30,v2,88000000ffffffffffffa8dd9f4dc5b5
307,8.827756657,8.589243,30,v2,88000000ffffffffffffa8dd9f4dc5b5
308,8.838047601,10.290944,30,v2,88000000ffffffffffffa8dd9f4dc5b5
309,8.849817579,11.769978,30,v2,88000000ffffffffffffa8dd9f4dc5b5
310,8.860131632,10.314053,30,v2,88000000ffffffffffffa8dd9f4dc5b5
311,8.870311948,10.180316,30,v2,88000000ffffffffffffa8dd9f4dc5b5
312,8.881228326,10.916378,30,v2,88000000ffffffffffffa8dd9f4dc5b5
313,8.891442417,10.214091,30,v2,88000000ffffffffffffa8dd9f4dc5b5
314,8.901716573,10.274156,30,v2,88000000ffffffffffffa8dd9f4dc5b5
315,8.911807446,10.090873,30,v2,88000000ffffffffffffa8dd9f4dc5b5
316,8.922971058,11.163612,30,v2,88000000ffffffffffffa8dd9f4dc5b5
317,8.933182138,10.211080,30,v2,88000000ffffffffffffa8dd9f4dc5b5
318,8.943476424,10.294286,30,v2,88000000ffffffffffffa8dd9f4dc5b5
319,8.954682314,11.205890,30,v2,88000000ffffffffffffa8dd9f4dc5b5
320,8.964854183,10.171869,30,v2,88000000ffffffffffffa8dd9f4dc5b5
321,8.975929726,11.075543,30,v2,88000000ffffffffffffa8dd9f4dc5b5
322,8.987083271,11.153545,30,v2,88000000ffffffffffffa8dd9f4dc5b5
323,8.997273645,10.190374,30,v2,88000000ffffffffffffa8dd9f4dc5b5
324,9.007410267,10.136622,30,v2,88000000ffffffffffffa8dd9f4dc5b5
325,9.018318211,10.907944,30,v2,88000000ffffffffffffa8dd9f4dc5b5
326,9.028693327,10.375116,30,v2,88000000ffffffffffffa8dd9f4dc5b5
327,9.038755533,10.062206,30,v2,88000000ffffffffffffa8dd9f4dc5b5
328,9.049987850,11.232317,30,v2,88000000ffffffffffffa8dd9f4dc5b5
329,9.060271617,10.283767,30,v2,88000000ffffffffffffa8dd9f4dc5b5
330,9.070714973,10.443356,30,v2,88000000ffffffffffffa8dd9f4dc5b5
331,9.080428981,9.714008,30,v2,88000000ffffffffffffa8dd9f4dc5b5
332,9.091554925,11.125944,30,v2,88000000ffffffffffffa8dd9f4dc5b5
333,9.101843966,10.289041,30,v2,88000000ffffffffffffa8dd9f4dc5b5
334,9.112945078,11.101112,30,v2,88000000ffffffffffffa8dd9f4dc5b5
335,9.124125436,11.180358,30,v2,88000000ffffffffffffa8dd9f4dc5b5
336,9.134430821,10.305385,30,v2,88000000ffffffffffffa8dd9f4dc5b5
337,9.144482852,10.052031,30,v2,88000000ffffffffffffa8dd9f4dc5b5
338,9.498106654,353.623802,30,v2,88000000ffffffffffffa8dd9f4dc5b5
339,9.508112345,10.005691,30,v2,88000000ffffffffffffa8dd9f4dc5b5
340,9.519384138,11.271793,30,v2,88000000ffffffffffffa8dd9f4dc5b5
341,9.529546691,10.162553,30,v2,88000000ffffffffffffa8dd9f4dc5b5
342,9.539825708,10.279017,30,v2,88000000ffffffffffffa8dd9f4dc5b5
343,9.549766178,9.940470,30,v2,88000000ffffffffffffa8dd9f4dc5b5
344,9.559890071,10.123893,30,v2,88000000ffffffffffffa8dd9f4dc5b5
345,9.570251361,10.361290,30,v2,88000000ffffffffffffa8dd9f4dc5b5
346,9.581310103,11.058742,30,v2,88000000ffffffffffffa8dd9f4dc5b5
347,9.591508435,10.198332,30,v2,88000000ffffffffffffa8dd9f4dc5b5
348,9.601853962,10.345527,30,v2,88000000ffffffffffffa8dd9f4dc5b5
349,9.611710354,9.856392,30,v2,88000000ffffffffffffa8dd9f4dc5b5
350,9.622071436,10.361082,30,v2,88000000ffffffffffffa8dd9f4dc5b5
351,9.636274019,14.202583,30,v2,88000000ffffffffffffa8dd9f4dc5b5
352,9.645946678,9.672659,30,v2,88000000ffffffffffffa8dd9f4dc5b5
353,9.654935849,8.989171,30,v2,88000000ffffffffffffa8dd9f4dc5b5
354,9.664732063,9.796214,30,v2,88000000ffffffffffffa8dd9f4dc5b5
355,9.675733321,11.001258,30,v2,88000000ffffffffffffa8dd9f4dc5b5
356,9.685923295,10.189974,30,v2,88000000ffffffffffffa8dd9f4dc5b5
357,9.696131263,10.207968,30,v2,88000000ffffffffffffa8dd9f4dc5b5
358,9.706281266,10.150003,30,v2,88000000ffffffffffffa8dd9f4dc5b5
359,9.716394901,10.113635,30,v2,88000000ffffffffffffa8dd9f4dc5b5
360,9.726518249,10.123348,30,v2,88000000ffffffffffffa8dd9f4dc5b5
361,9.737733810,11.215561,30,v2,88000000ffffffffffffa8dd9f4dc5b5
362,9.748393645,10.659835,30,v2,88000000ffffffffffffa8dd9f4dc5b5
363,9.759927426,11.533781,30,v2,88000000ffffffffffffa8dd9f4dc5b5
364,9.769420458,9.493032,30,v2,88000000ffffffffffffa8dd9f4dc5b5
365,9.780613369,11.192911,30,v2,88000000ffffffffffffa8dd9f4dc5b5
366,9.790638077,10.024708,30,v2,88000000ffffffffffffa8dd9f4dc5b5
367,9.800770079,10.132002,30,v2,88000000ffffffffffffa8dd9f4dc5b5
368,9.810966845,10.196766,30,v2,88000000ffffffffffffa8dd9f4dc5b5
369,9.821328073,10.361228,30,v2,88000000ffffffffffffa8dd9f4dc5b5
370,9.832913676,11.585603,30,v2,88000000ffffffffffffa8dd9f4dc5b5
371,9.842505088,9.591412,30,v2,88000000ffffffffffffa8dd9f4dc5b5
372,9.852705032,10.199944,30,v2,88000000ffffffffffffa8dd9f4dc5b5
373,9.862738288,10.033256,30,v2,88000000ffffffffffffa8dd9f4dc5b5
374,9.873828546,11.090258,30,v2,88000000ffffffffffffa8dd9f4dc5b5
375,9.885190116,11.361570,30,v2,88000000ffffffffffffa8dd9f4dc5b5
376,9.895549063,10.358947,30,v2,88000000ffffffffffffa8dd9f4dc5b5
377,9.905728525,10.179462,30,v2,88000000ffffffffffffa8dd9f4dc5b5
378,9.917218457,11.489932,30,v2,88000000ffffffffffffa8dd9f4dc5b5
379,9.926834493,9.616036,30,v2,88000000ffffffffffffa8dd9f4dc5b5
380,9.936937024,10.102531,30,v2,88000000ffffffffffffa8dd9f4dc5b5
381,9.947058725,10.121701,30,v2,88000000ffffffffffffa8dd9f4dc5b5
382,9.957495028,10.436303,30,v2,88000000ffffffffffffa8dd9f4dc5b5
383,9.968357960,10.862932,30,v2,88000000ffffffffffffa8dd9f4dc5b5
384,9.978617997,10.260037,30,v2,88000000ffffffffffffa8dd9f4dc5b5
385,9.988726478,10.108481,30,v2,88000000ffffffffffffa8dd9f4dc5b5
386,9.998865835,10.139357,30,v2,88000000ffffffffffffa8dd9f4dc5b5
387,10.010949069,12.083234,30,v2,88000000ffffffffffffa8dd9f4dc5b5
388,10.021147097,10.198028,30,v2,88000000ffffffffffffa8dd9f4dc5b5
389,10.031759684,10.612587,30,v2,88000000ffffffffffffa8dd9f4dc5b5
390,10.043486375,11.726691,30,v2,88000000ffffffffffffa8dd9f4dc5b5
391,10.051717155,8.230780,30,v2,88000000ffffffffffffa8dd9f4dc5b5
392,10.061899255,10.182100,30,v2,88000000ffffffffffffa8dd9f4dc5b5
393,10.073048777,11.149522,30,v2,88000000ffffffffffffa8dd9f4dc5b5
394,10.084561731,11.512954,30,v2,88000000ffffffffffffa8dd9f4dc5b5
395,10.093410981,8.849250,30,v2,88000000ffffffffffffa8dd9f4dc5b5
396,10.104729082,11.318101,30,v2,88000000ffffffffffffa8dd9f4dc5b5
397,10.114862202,10.133120,30,v2,88000000ffffffffffffa8dd9f4dc5b5
398,10.125067880,10.205678,30,v2,88000000ffffffffffffa8dd9f4dc5b5
399,10.135098113,10.030233,30,v2,88000000ffffffffffffa8dd9f4dc5b5
400,10.146252369,11.154256,30,v2,88000000ffffffffffffa8dd9f4dc5b5
401,10.157594288,11.341919,30,v2,88000000ffffffffffffa8dd9f4dc5b5
402,10.167513308,9.919020,30,v2,88000000ffffffffffffa8dd9f4dc5b5
403,10.178376369,10.863061,30,v2,88000000ffffffffffffa8dd9f4dc5b5
404,10.188912224,10.535855,30,v2,88000000ffffffffffffa8dd9f4dc5b5
405,10.199041542,10.129318,30,v2,88000000ffffffffffffa8dd9f4dc5b5
406,10.209224748,10.183206,30,v2,88000000ffffffffffffa8dd9f4dc5b5
407,10.219358526,10.133778,30,v2,88000000ffffffffffffa8dd9f4dc5b5
408,10.229800508,10.441982,30,v2,88000000ffffffffffffa8dd9f4dc5b5
409,10.239683944,9.883436,30,v2,88000000ffffffffffffa8dd9f4dc5b5
410,10.250849992,11.166048,30,v2,88000000ffffffffffffa8dd9f4dc5b5
411,10.260897036,10.047044,30,v2,88000000ffffffffffffa8dd9f4dc5b5
412,10.271155055,10.258019,30,v2,88000000ffffffffffffa8dd9f4dc5b5
413,10.282245253,11.090198,30,v2,88000000ffffffffffffa8dd9f4dc5b5
414,10.292673016,10.427763,30,v2,88000000ffffffffffffa8dd9f4dc5b5
415,10.303631873,10.958857,30,v2,88000000ffffffffffffa8dd9f4dc5b5
416,10.313748228,10.116355,30,v2,88000000ffffffffffffa8dd9f4dc5b5
417,10.324156562,10.408334,30,v2,88000000ffffffffffffa8dd9f4dc5b5
418,10.334196884,10.040322,30,v2,88000000ffffffffffffa8dd9f4dc5b5
419,10.344512474,10.315590,30,v2,88000000ffffffffffffa8dd9f4dc5b5
420,10.357454255,12.941781,30,v2,88000000ffffffffffffa8dd9f4dc5b5
421,10.365923694,8.469439,30,v2,88000000ffffffffffffa8dd9f4dc5b5
422,10.376036392,10.112698,30,v2,88000000ffffffffffffa8dd9f4dc5b5
423,10.386075033,10.038641,30,v2,88000000ffffffffffffa8dd9f4dc5b5
424,10.397118871,11.043838,30,v2,88000000ffffffffffffa8dd9f4dc5b5
425,10.408269876,11.151005,30,v2,88000000ffffffffffffa8dd9f4dc5b5
426,10.418477843,10.207967,30,v2,88000000ffffffffffffa8dd9f4dc5b5
427,10.428607677,10.129834,30,v2,88000000ffffffffffffa8dd9f4dc5b5
428,10.439072526,10.464849,30,v2,88000000ffffffffffffa8dd9f4dc5b5
429,10.449025656,9.953130,30,v2,88000000ffffffffffffa8dd9f4dc5b5
430,10.460120510,11.094854,30,v2,88000000ffffffffffffa8dd9f4dc5b5
431,10.470502218,10.381708,30,v2,88000000ffffffffffffa8dd9f4dc5b5
432,10.480664625,10.162407,30,v2,88000000ffffffffffffa8dd9f4dc5b5
433,10.490817493,10.152868,30,v2,88000000ffffffffffffa8dd9f4dc5b5
434,10.501848583,11.031090,30,v2,88000000ffffffffffffa8dd9f4dc5b5
435,10.511994652,10.146069,30,v2,88000000ffffffffffffa8dd9f4dc5b5
436,10.522380458,10.385806,30,v2,88000000ffffffffffffa8dd9f4dc5b5
437,10.532800006,10.419548,30,v2,88000000ffffffffffffa8dd9f4dc5b5
438,10.885065764,352.265758,30,v2,88000000ffffffffffffa8dd9f4dc5b5
439,10.895064748,9.998984,30,v2,88000000ffffffffffffa8dd9f4dc5b5
440,10.905488924,10.424176,30,v2,88000000ffffffffffffa8dd9f4dc5b5
441,10.916329204,10.840280,30,v2,88000000ffffffffffffa8dd9f4dc5b5
442,10.928931009,12.601805,30,v2,88000000ffffffffffffa8dd9f4dc5b5
443,10.937912167,8.981158,30,v2,88000000ffffffffffffa8dd9f4dc5b5
444,10.947894380,9.982213,30,v2,88000000ffffffffffffa8dd9f4dc5b5
445,10.958041634,10.147254,30,v2,88000000ffffffffffffa8dd9f4dc5b5
446,10.968187557,10.145923,30,v2,88000000ffffffffffffa8dd9f4dc5b5
447,10.978390384,10.202827,30,v2,88000000ffffffffffffa8dd9f4dc5b5
448,10.988733487,10.343103,30,v2,88000000ffffffffffffa8dd9f4dc5b5
449,11.000085895,11.352408,30,v2,88000000ffffffffffffa8dd9f4dc5b5
450,11.010007548,9.921653,30,v2,88000000ffffffffffffa8dd9f4dc5b5
451,11.019892496,9.884948,30,v2,88000000ffffffffffffa8dd9f4dc5b5
452,11.030174461,10.281965,30,v2,88000000ffffffffffffa8dd9f4dc5b5
453,11.040358117,10.183656,30,v2,88000000ffffffffffffa8dd9f4dc5b5
454,11.050436688,10.078571,30,v2,88000000ffffffffffffa8dd9f4dc5b5
455,11.061680989,11.244301,30,v2,88000000ffffffffffffa8dd9f4dc5b5
456,11.071804050,10.123061,30,v2,88000000ffffffffffffa8dd9f4dc5b5
457,11.082158231,10.354181,30,v2,88000000ffffffffffffa8dd9f4dc5b5
458,11.093380687,11.222456,30,v2,88000000ffffffffffffa8dd9f4dc5b5
459,11.103589643,10.208956,30,v2,88000000ffffffffffffa8dd9f4dc5b5
460,11.115523810,11.934167,30,v2,88000000ffffffffffffa8dd9f4dc5b5
461,11.123656271,8.132461,30,v2,88000000ffffffffffffa8dd9f4dc5b5
462,11.135529326,11.873055,30,v2,88000000ffffffffffffa8dd9f4dc5b5
463,11.144133560,8.604234,30,v2,88000000ffffffffffffa8dd9f4dc5b5
464,11.154372403,10.238843,30,v2,88000000ffffffffffffa8dd9f4dc5b5
465,11.164323396,9.950993,30,v2,88000000ffffffffffffa8dd9f4dc5b5
466,11.174713022,10.389626,30,v2,88000000ffffffffffffa8dd9f4dc5b5
467,11.185795273,11.082251,30,v2,88000000ffffffffffffa8dd9f4dc5b5
468,11.196855330,11.060057,30,v2,88000000ffffffffffffa8dd9f4dc5b5
469,11.206978277,10.122947,30,v2,88000000ffffffffffffa8dd9f4dc5b5
470,11.218343973,11.365696,30,v2,88000000ffffffffffffa8dd9f4dc5b5
471,11.227233545,8.889572,30,v2,88000000ffffffffffffa8dd9f4dc5b5
472,11.237682892,10.449347,30,v2,88000000ffffffffffffa8dd9f4dc5b5
473,11.247476524,9.793632,30,v2,88000000ffffffffffffa8dd9f4dc5b5
474,11.257653096,10.176572,30,v2,88000000ffffffffffffa8dd9f4dc5b5
475,11.267972458,10.319362,30,v2,88000000ffffffffffffa8dd9f4dc5b5
476,11.278234421,10.261963,30,v2,88000000ffffffffffffa8dd9f4dc5b5
477,11.290530457,12.296036,30,v2,88000000ffffffffffffa8dd9f4dc5b5
478,11.299421309,8.890852,30,v2,88000000ffffffffffffa8dd9f4dc5b5
479,11.310325670,10.904361,30,v2,88000000ffffffffffffa8dd9f4dc5b5
480,11.320722538,10.396868,30,v2,88000000ffffffffffffa8dd9f4dc5b5
481,11.331086154,10.363616,30,v2,88000000ffffffffffffa8dd9f4dc5b5
482,11.341029838,9.943684,30,v2,88000000ffffffffffffa8dd9f4dc5b5
483,11.351134097,10.104259,30,v2,88000000ffffffffffffa8dd9f4dc5b5
484,11.362610732,11.476635,30,v2,88000000ffffffffffffa8dd9f4dc5b5
485,11.375864061,13.253329,30,v2,88000000ffffffffffffa8dd9f4dc5b5
486,11.385701504,9.837443,30,v2,88000000ffffffffffffa8dd9f4dc5b5
487,11.397180620,11.479116,30,v2,88000000ffffffffffffa8dd9f4dc5b5
488,11.406972253,9.791633,30,v2,88000000ffffffffffffa8dd9f4dc5b5
489,11.417527462,10.555209,30,v2,88000000ffffffffffffa8dd9f4dc5b5
490,11.427714783,10.187321,30,v2,88000000ffffffffffffa8dd9f4dc5b5
491,11.437593563,9.878780,30,v2,88000000ffffffffffffa8dd9f4dc5b5
492,11.448586359,10.992796,30,v2,88000000ffffffffffffa8dd9f4dc5b5
493,11.458886449,10.300090,30,v2,88000000ffffffffffffa8dd9f4dc5b5
494,11.470245332,11.358883,30,v2,88000000ffffffffffffa8dd9f4dc5b5
495,11.480202917,9.957585,30,v2,88000000ffffffffffffa8dd9f4dc5b5
496,11.490279657,10.076740,30,v2,88000000ffffffffffffa8dd9f4dc5b5
497,11.500780351,10.500694,30,v2,88000000ffffffffffffa8dd9f4dc5b5
498,11.510627168,9.846817,30,v2,88000000ffffffffffffa8dd9f4dc5b5
499,11.521251326,10.624158,30,v2,88000000ffffffffffffa8dd9f4dc5b5
500,11.531005713,9.754387,30,v2,88000000ffffffffffffa8dd9f4dc5b5
501,11.542176834,11.171121,30,v2,88000000ffffffffffffa8dd9f4dc5b5
502,11.552414287,10.237453,30,v2,88000000ffffffffffffa8dd9f4dc5b5
503,11.562579671,10.165384,30,v2,88000000ffffffffffffa8dd9f4dc5b5
504,11.572765774,10.186103,30,v2,88000000ffffffffffffa8dd9f4dc5b5
505,11.583994603,11.228829,30,v2,88000000ffffffffffffa8dd9f4dc5b5
506,11.594133701,10.139098,30,v2,88000000ffffffffffffa8dd9f4dc5b5
507,11.604453029,10.319328,30,v2,88000000ffffffffffffa8dd9f4dc5b5
508,11.614285371,9.832342,30,v2,88000000ffffffffffffa8dd9f4dc5b5
509,11.624908456,10.623085,30,v2,88000000ffffffffffffa8dd9f4dc5b5
510,11.635236690,10.328234,30,v2,88000000ffffffffffffa8dd9f4dc5b5
511,11.645806150,10.569460,30,v2,88000000ffffffffffffa8dd9f4dc5b5
512,11.656098430,10.292280,30,v2,88000000ffffffffffffa8dd9f4dc5b5
513,11.666937888,10.839458,30,v2,88000000ffffffffffffa8dd9f4dc5b5
514,11.676762257,9.824369,30,v2,88000000ffffffffffffa8dd9f4dc5b5
515,11.686433520,9.671263,30,v2,88000000ffffffffffffa8dd9f4dc5b5
516,11.697083507,10.649987,30,v2,88000000ffffffffffffa8dd9f4dc5b5
517,11.707736178,10.652671,30,v2,88000000ffffffffffffa8dd9f4dc5b5
518,11.718867612,11.131434,30,v2,88000000ffffffffffffa8dd9f4dc5b5
519,11.728960319,10.092707,30,v2,88000000ffffffffffffa8dd9f4dc5b5
520,11.739493672,10.533353,30,v2,88000000ffffffffffffa8dd9f4dc5b5
521,11.749688116,10.194444,30,v2,88000000ffffffffffffa8dd9f4dc5b5
522,11.759753616,10.065500,30,v2,88000000ffffffffffffa8dd9f4dc5b5
523,11.769950989,10.197373,30,v2,88000000ffffffffffffa8dd9f4dc5b5
524,11.780018478,10.067489,30,v2,88000000ffffffffffffa8dd9f4dc5b5
525,11.792089949,12.071471,30,v2,88000000ffffffffffffa8dd9f4dc5b5
526,11.800537205,8.447256,30,v2,88000000ffffffffffffa8dd9f4dc5b5
527,11.811590287,11.053082,30,v2,88000000ffffffffffffa8dd9f4dc5b5
528,11.821701544,10.111257,30,v2,88000000ffffffffffffa8dd9f4dc5b5
529,11.831738435,10.036891,30,v2,88000000ffffffffffffa8dd9f4dc5b5
530,11.842963383,11.224948,30,v2,88000000ffffffffffffa8dd9f4dc5b5
531,11.853091669,10.128286,30,v2,88000000ffffffffffffa8dd9f4dc5b5
532,11.863569919,10.478250,30,v2,88000000ffffffffffffa8dd9f4dc5b5
533,11.873339776,9.769857,30,v2,88000000ffffffffffffa8dd9f4dc5b5
534,11.883594261,10.254485,30,v2,88000000ffffffffffffa8dd9f4dc5b5
535,11.894769825,11.175564,30,v2,88000000ffffffffffffa8dd9f4dc5b5
536,11.904959185,10.189360,30,v2,88000000ffffffffffffa8dd9f4dc5b5
537,11.909154795,4.195610,99,v2,1c000000aadd9f4dc5b5686566000000
538,11.915312361,6.157566,30,v2,88000000ffffffffffffa8dd9f4dc5b5
539,12.248460103,333.147742,30,v2,88000000ffffffffffffa8dd9f4dc5b5
540,12.258728284,10.268181,30,v2,88000000ffffffffffffa8dd9f4dc5b5
541,12.268629816,9.901532,30,v2,88000000ffffffffffffa8dd9f4dc5b5
542,12.278949941,10.320125,30,v2,88000000ffffffffffffa8dd9f4dc5b5
543,12.288921012,9.971071,30,v2,88000000ffffffffffffa8dd9f4dc5b5
544,12.299110856,10.189844,30,v2,88000000ffffffffffffa8dd9f4dc5b5
545,12.309417435,10.306579,30,v2,88000000ffffffffffffa8dd9f4dc5b5
546,12.319414795,9.997360,30,v2,88000000ffffffffffffa8dd9f4dc5b5
547,12.329640048,10.225253,30,v2,88000000ffffffffffffa8dd9f4dc5b5
548,12.339800478,10.160430,30,v2,88000000ffffffffffffa8dd9f4dc5b5
549,12.350114359,10.313881,30,v2,88000000ffffffffffffa8dd9f4dc5b5
550,12.361381330,11.266971,30,v2,88000000ffffffffffffa8dd9f4dc5b5
551,12.374110686,12.729356,30,v2,88000000ffffffffffffa8dd9f4dc5b5
552,12.383527558,9.416872,30,v2,88000000ffffffffffffa8dd9f4dc5b5
553,12.393405822,9.878264,30,v2,88000000ffffffffffffa8dd9f4dc5b5
554,12.402748250,9.342428,30,v2,88000000ffffffffffffa8dd9f4dc5b5
555,12.412151979,9.403729,30,v2,88000000ffffffffffffa8dd9f4dc5b5
556,12.422237111,10.085132,30,v2,88000000ffffffffffffa8dd9f4dc5b5
557,12.433139544,10.902433,30,v2,88000000ffffffffffffa8dd9f4dc5b5
558,12.444388270,11.248726,30,v2,88000000ffffffffffffa8dd9f4dc5b5
559,12.452692891,8.304621,30,v2,88000000ffffffffffffa8dd9f4dc5b5
560,12.464999813,12.306922,30,v2,88000000ffffffffffffa8dd9f4dc5b5
561,12.473771397,8.771584,30,v2,88000000ffffffffffffa8dd9f4dc5b5
562,12.484193603,10.422206,30,v2,88000000ffffffffffffa8dd9f4dc5b5
563,12.495158700,10.965097,30,v2,88000000ffffffffffffa8dd9f4dc5b5
564,12.505316008,10.157308,30,v2,88000000ffffffffffffa8dd9f4dc5b5
565,12.515549009,10.233001,30,v2,88000000ffffffffffffa8dd9f4dc5b5
566,12.526451342,10.902333,30,v2,88000000ffffffffffffa8dd9f4dc5b5
567,12.535845495,9.394153,30,v2,88000000ffffffffffffa8dd9f4dc5b5
568,12.545923179,10.077684,30,v2,88000000ffffffffffffa8dd9f4dc5b5
569,12.556349770,10.426591,30,v2,88000000ffffffffffffa8dd9f4dc5b5
570,12.566417632,10.067862,30,v2,88000000ffffffffffffa8dd9f4dc5b5
571,12.576545924,10.128292,30,v2,88000000ffffffffffffa8dd9f4dc5b5
572,12.586571273,10.025349,30,v2,88000000ffffffffffffa8dd9f4dc5b5
573,12.596697574,10.126301,30,v2,88000000ffffffffffffa8dd9f4dc5b5
574,12.607074979,10.377405,30,v2,88000000ffffffffffffa8dd9f4dc5b5
575,12.618178239,11.103260,30,v2,88000000ffffffffffffa8dd9f4dc5b5
576,12.629021503,10.843264,30,v2,88000000ffffffffffffa8dd9f4dc5b5
577,12.638721610,9.700107,30,v2,88000000ffffffffffffa8dd9f4dc5b5
578,12.648702040,9.980430,30,v2,88000000ffffffffffffa8dd9f4dc5b5
579,12.658729327,10.027287,30,v2,88000000ffffffffffffa8dd9f4dc5b5
580,12.669060260,10.330933,30,v2,88000000ffffffffffffa8dd9f4dc5b5
581,12.680934908,11.874648,30,v2,88000000ffffffffffffa8dd9f4dc5b5
582,12.689894376,8.959468,30,v2,88000000ffffffffffffa8dd9f4dc5b5
583,12.699649268,9.754892,30,v2,88000000ffffffffffffa8dd9f4dc5b5
584,12.709623044,9.973776,30,v2,88000000ffffffffffffa8dd9f4dc5b5
585,12.719772453,10.149409,30,v2,88000000ffffffffffffa8dd9f4dc5b5
586,12.730135037,10.362584,30,v2,88000000ffffffffffffa8dd9f4dc5b5
587,12.740211907,10.076870,30,v2,88000000ffffffffffffa8dd9f4dc5b5
588,12.751801492,11.589585,30,v2,88000000ffffffffffffa8dd9f4dc5b5
589,12.762628239,10.826747,30,v2,88000000ffffffffffffa8dd9f4dc5b5
590,12.771810718,9.182479,30,v2,88000000ffffffffffffa8dd9f4dc5b5
591,12.782719945,10.909227,30,v2,88000000ffffffffffffa8dd9f4dc5b5
592,12.793225508,10.505563,30,v2,88000000ffffffffffffa8dd9f4dc5b5
593,12.802091352,8.865844,30,v2,88000000ffffffffffffa8dd9f4dc5b5
594,12.813235322,11.143970,30,v2,88000000ffffffffffffa8dd9f4dc5b5
595,12.823335635,10.100313,30,v2,88000000ffffffffffffa8dd9f4dc5b5
596,12.832619389,9.283754,30,v2,88000000ffffffffffffa8dd9f4dc5b5
597,12.843623322,11.003933,30,v2,88000000ffffffffffffa8dd9f4dc5b5
598,12.853918995,10.295673,30,v2,88000000ffffffffffffa8dd9f4dc5b5
599,12.864374857,10.455862,30,v2,88000000ffffffffffffa8dd9f4dc5b5
600,12.874513744,10.138887,30,v2,88000000ffffffffffffa8dd9f4dc5b5
601,12.885506183,10.992439,30,v2,88000000ffffffffffffa8dd9f4dc5b5
602,12.895608042,10.101859,30,v2,88000000ffffffffffffa8dd9f4dc5b5
603,12.905757521,10.149479,30,v2,88000000ffffffffffffa8dd9f4dc5b5
604,12.915859968,10.102447,30,v2,88000000ffffffffffffa8dd9f4dc5b5
605,12.927715635,11.855667,30,v2,88000000ffffffffffffa8dd9f4dc5b5
606,12.936397971,8.682336,30,v2,88000000ffffffffffffa8dd9f4dc5b5
607,12.946692079,10.294108,30,v2,88000000ffffffffffffa8dd9f4dc5b5
608,12.956602266,9.910187,30,v2,88000000ffffffffffffa8dd9f4dc5b5
609,12.966716074,10.113808,30,v2,88000000ffffffffffffa8dd9f4dc5b5
610,12.976822026,10.105952,30,v2,88000000ffffffffffffa8dd9f4dc5b5
611,12.987196893,10.374867,30,v2,88000000ffffffffffffa8dd9f4dc5b5
612,12.997167832,9.970939,30,v2,88000000ffffffffffffa8dd9f4dc5b5
613,13.008721893,11.554061,30,v2,88000000ffffffffffffa8dd9f4dc5b5
614,13.018733287,10.011394,30,v2,88000000ffffffffffffa8dd9f4dc5b5
615,13.028777053,10.043766,30,v2,88000000ffffffffffffa8dd9f4dc5b5
616,13.038702020,9.924967,30,v2,88000000ffffffffffffa8dd9f4dc5b5
617,13.049178943,10.476923,30,v2,88000000ffffffffffffa8dd9f4dc5b5
618,13.059266697,10.087754,30,v2,88000000ffffffffffffa8dd9f4dc5b5
619,13.069403861,10.137164,30,v2,88000000ffffffffffffa8dd9f4dc5b5
620,13.079385558,9.981697,30,v2,88000000ffffffffffffa8dd9f4dc5b5
621,13.089616455,10.230897,30,v2,88000000ffffffffffffa8dd9f4dc5b5
622,13.099698017,10.081562,30,v2,88000000ffffffffffffa8dd9f4dc5b5
623,13.110085880,10.387863,30,v2,88000000ffffffffffffa8dd9f4dc5b5
624,13.120047141,9.961261,30,v2,88000000ffffffffffffa8dd9f4dc5b5
625,13.130369932,10.322791,30,v2,88000000ffffffffffffa8dd9f4dc5b5
626,13.141587878,11.217946,30,v2,88000000ffffffffffffa8dd9f4dc5b5
627,13.151704734,10.116856,30,v2,88000000ffffffffffffa8dd9f4dc5b5
628,13.161643486,9.938752,30,v2,88000000ffffffffffffa8dd9f4dc5b5
629,13.172063867,10.420381,30,v2,88000000ffffffffffffa8dd9f4dc5b5
630,13.182177542,10.113675,30,v2,88000000ffffffffffffa8dd9f4dc5b5
631,13.192215136,10.037594,30,v2,88000000ffffffffffffa8dd9f4dc5b5
632,13.202374160,10.159024,30,v2,88000000ffffffffffffa8dd9f4dc5b5
633,13.212567767,10.193607,30,v2,88000000ffffffffffffa8dd9f4dc5b5
634,13.222598947,10.031180,30,v2,88000000ffffffffffffa8dd9f4dc5b5
635,13.232778639,10.179692,30,v2,88000000ffffffffffffa8dd9f4dc5b5
636,13.242949148,10.170509,30,v2,88000000ffffffffffffa8dd9f4dc5b5
637,13.253308866,10.359718,30,v2,88000000ffffffffffffa8dd9f4dc5b5
638,13.263397189,10.088323,30,v2,88000000ffffffffffffa8dd9f4dc5b5
639,13.618187929,354.790740,30,v2,88000000ffffffffffffa8dd9f4dc5b5
640,13.628092818,9.904889,30,v2,88000000ffffffffffffa8dd9f4dc5b5
641,13.638259621,10.166803,30,v2,88000000ffffffffffffa8dd9f4dc5b5
642,13.648520872,10.261251,30,v2,88000000ffffffffffffa8dd9f4dc5b5
643,13.659949750,11.428878,30,v2,88000000ffffffffffffa8dd9f4dc5b5
644,13.669553213,9.603463,30,v2,88000000ffffffffffffa8dd9f4dc5b5
645,13.678954894,9.401681,30,v2,88000000ffffffffffffa8dd9f4dc5b5
646,13.688988061,10.033167,30,v2,88000000ffffffffffffa8dd9f4dc5b5
647,13.699185180,10.197119,30,v2,88000000ffffffffffffa8dd9f4dc5b5
648,13.709441265,10.256085,30,v2,88000000ffffffffffffa8dd9f4dc5b5
649,13.719632666,10.191401,30,v2,88000000ffffffffffffa8dd9f4dc5b5
650,13.729738578,10.105912,30,v2,88000000ffffffffffffa8dd9f4dc5b5
651,13.740064525,10.325947,30,v2,88000000ffffffffffffa8dd9f4dc5b5
652,13.750536371,10.471846,30,v2,88000000ffffffffffffa8dd9f4dc5b5
653,13.760761337,10.224966,30,v2,88000000ffffffffffffa8dd9f4dc5b5
654,13.770940572,10.179235,30,v2,88000000ffffffffffffa8dd9f4dc5b5
655,13.780488219,9.547647,30,v2,88000000ffffffffffffa8dd9f4dc5b5
656,13.791606493,11.118274,30,v2,88000000ffffffffffffa8dd9f4dc5b5
657,13.801857644,10.251151,30,v2,88000000ffffffffffffa8dd9f4dc5b5
658,13.813220750,11.363106,30,v2,88000000ffffffffffffa8dd9f4dc5b5
659,13.822046711,8.825961,30,v2,88000000ffffffffffffa8dd9f4dc5b5
660,13.832263561,10.216850,30,v2,88000000ffffffffffffa8dd9f4dc5b5
661,13.843632768,11.369207,30,v2,88000000ffffffffffffa8dd9f4dc5b5
662,13.852889225,9.256457,30,v2,88000000ffffffffffffa8dd9f4dc5b5
663,13.863719197,10.829972,30,v2,88000000ffffffffffffa8dd9f4dc5b5
664,13.872972030,9.252833,30,v2,88000000ffffffffffffa8dd9f4dc5b5
665,13.882287460,9.315430,30,v2,88000000ffffffffffffa8dd9f4dc5b5
666,13.892479806,10.192346,30,v2,88000000ffffffffffffa8dd9f4dc5b5
667,13.903038406,10.558600,30,v2,88000000ffffffffffffa8dd9f4dc5b5
668,13.914647510,11.609104,30,v2,88000000ffffffffffffa8dd9f4dc5b5
669,13.923900173,9.252663,30,v2,88000000ffffffffffffa8dd9f4dc5b5
670,13.935741717,11.841544,30,v2,88000000ffffffffffffa8dd9f4dc5b5
671,13.944349645,8.607928,30,v2,88000000ffffffffffffa8dd9f4dc5b5
672,13.954333348,9.983703,30,v2,88000000ffffffffffffa8dd9f4dc5b5
673,13.964266410,9.933062,30,v2,88000000ffffffffffffa8dd9f4dc5b5
674,13.974393697,10.127287,30,v2,88000000ffffffffffffa8dd9f4dc5b5
675,13.984538077,10.144380,30,v2,88000000ffffffffffffa8dd9f4dc5b5
676,13.993754906,9.216829,30,v2,88000000ffffffffffffa8dd9f4dc5b5
677,14.004117270,10.362364,30,v2,88000000ffffffffffffa8dd9f4dc5b5
678,14.014429788,10.312518,30,v2,88000000ffffffffffffa8dd9f4dc5b5
679,14.024522845,10.093057,30,v2,88000000ffffffffffffa8dd9f4dc5b5
680,14.034713227,10.190382,30,v2,88000000ffffffffffffa8dd9f4dc5b5
681,14.044668811,9.955584,30,v2,88000000ffffffffffffa8dd9f4dc5b5
682,14.055652087,10.983276,30,v2,88000000ffffffffffffa8dd9f4dc5b5
683,14.065994274,10.342187,30,v2,88000000ffffffffffffa8dd9f4dc5b5
684,14.076057907,10.063633,30,v2,88000000ffffffffffffa8dd9f4dc5b5
685,14.086182595,10.124688,30,v2,88000000ffffffffffffa8dd9f4dc5b5
686,14.096375846,10.193251,30,v2,88000000ffffffffffffa8dd9f4dc5b5
687,14.106562908,10.187062,30,v2,88000000ffffffffffffa8dd9f4dc5b5
688,14.115888904,9.325996,30,v2,88000000ffffffffffffa8dd9f4dc5b5
689,14.126921096,11.032192,30,v2,88000000ffffffffffffa8dd9f4dc5b5
690,14.136276867,9.355771,30,v2,88000000ffffffffffffa8dd9f4dc5b5
691,14.146235945,9.959078,30,v2,88000000ffffffffffffa8dd9f4dc5b5
692,14.156598594,10.362649,30,v2,88000000ffffffffffffa8dd9f4dc5b5
693,14.166750943,10.152349,30,v2,88000000ffffffffffffa8dd9f4dc5b5
694,14.178331024,11.580081,30,v2,88000000ffffffffffffa8dd9f4dc5b5
695,14.187930114,9.599090,30,v2,88000000ffffffffffffa8dd9f4dc5b5
696,14.198059345,10.129231,30,v2,88000000ffffffffffffa8dd9f4dc5b5
697,14.208260341,10.200996,30,v2,88000000ffffffffffffa8dd9f4dc5b5
698,14.218407001,10.146660,30,v2,88000000ffffffffffffa8dd9f4dc5b5
699,14.228473841,10.066840,30,v2,88000000ffffffffffffa8dd9f4dc5b5
700,14.238559441,10.085600,30,v2,88000000ffffffffffffa8dd9f4dc5b5
701,14.249089144,10.529703,30,v2,88000000ffffffffffffa8dd9f4dc5b5
702,14.258395211,9.306067,30,v2,88000000ffffffffffffa8dd9f4dc5b5
703,14.268119348,9.724137,30,v2,88000000ffffffffffffa8dd9f4dc5b5
704,14.280371663,12.252315,30,v2,88000000ffffffffffffa8dd9f4dc5b5
705,14.288637657,8.265994,30,v2,88000000ffffffffffffa8dd9f4dc5b5
706,14.298932953,10.295296,30,v2,88000000ffffffffffffa8dd9f4dc5b5
707,14.309809678,10.876725,30,v2,88000000ffffffffffffa8dd9f4dc5b5
708,14.319935883,10.126205,30,v2,88000000ffffffffffffa8dd9f4dc5b5
709,14.330084171,10.148288,30,v2,88000000ffffffffffffa8dd9f4dc5b5
710,14.340282383,10.198212,30,v2,88000000ffffffffffffa8dd9f4dc5b5
711,14.349399313,9.116930,30,v2,88000000ffffffffffffa8dd9f4dc5b5
712,14.360621629,11.222316,30,v2,88000000ffffffffffffa8dd9f4dc5b5
713,14.370020557,9.398928,30,v2,88000000ffffffffffffa8dd9f4dc5b5
714,14.380507840,10.487283,30,v2,88000000ffffffffffffa8dd9f4dc5b5
715,14.390281560,9.773720,30,v2,88000000ffffffffffffa8dd9f4dc5b5
716,14.401430921,11.149361,30,v2,88000000ffffffffffffa8dd9f4dc5b5
717,14.410551441,9.120520,30,v2,88000000ffffffffffffa8dd9f4dc5b5
718,14.420702176,10.150735,30,v2,88000000ffffffffffffa8dd9f4dc5b5
719,14.430693687,9.991511,30,v2,88000000ffffffffffffa8dd9f4dc5b5
720,14.443657009,12.963322,30,v2,88000000ffffffffffffa8dd9f4dc5b5
721,14.452079081,8.422072,30,v2,88000000ffffffffffffa8dd9f4dc5b5
722,14.462148859,10.069778,30,v2,88000000ffffffffffffa8dd9f4dc5b5
723,14.472319930,10.171071,30,v2,88000000ffffffffffffa8dd9f4dc5b5
724,14.482801825,10.481895,30,v2,88000000ffffffffffffa8dd9f4dc5b5
725,14.491999458,9.197633,30,v2,88000000ffffffffffffa8dd9f4dc5b5
726,14.501736517,9.737059,30,v2,88000000ffffffffffffa8dd9f4dc5b5
727,14.511961449,10.224932,30,v2,88000000ffffffffffffa8dd9f4dc5b5
728,14.522078040,10.116591,30,v2,88000000ffffffffffffa8dd9f4dc5b5
729,14.532349366,10.271326,30,v2,88000000ffffffffffffa8dd9f4dc5b5
730,14.544090461,11.741095,30,v2,88000000ffffffffffffa8dd9f4dc5b5
731,14.552488095,8.397634,30,v2,88000000ffffffffffffa8dd9f4dc5b5
732,14.564603520,12.115425,30,v2,88000000ffffffffffffa8dd9f4dc5b5
733,14.573989683,9.386163,30,v2,88000000ffffffffffffa8dd9f4dc5b5
734,14.584374155,10.384472,30,v2,88000000ffffffffffffa8dd9f4dc5b5
735,14.594256088,9.881933,30,v2,88000000ffffffffffffa8dd9f4dc5b5
736,14.603763112,9.507024,30,v2,88000000ffffffffffffa8dd9f4dc5b5
737,14.614699217,10.936105,30,v2,88000000ffffffffffffa8dd9f4dc5b5
738,14.623822258,9.123041,30,v2,88000000ffffffffffffa8dd9f4dc5b5
739,14.957223702,333.401444,30,v2,88000000ffffffffffffa8dd9f4dc5b5
740,14.967320520,10.096818,30,v2,88000000ffffffffffffa8dd9f4dc5b5
741,14.977491144,10.170624,30,v2,88000000ffffffffffffa8dd9f4dc5b5
742,14.987542661,10.051517,30,v2,88000000ffffffffffffa8dd9f4dc5b5
743,14.997669228,10.126567,30,v2,88000000ffffffffffffa8dd9f4dc5b5
744,15.009204590,11.535362,30,v2,88000000ffffffffffffa8dd9f4dc5b5
745,15.019296973,10.092383,30,v2,88000000ffffffffffffa8dd9f4dc5b5
746,15.028572252,9.275279,30,v2,88000000ffffffffffffa8dd9f4dc5b5
747,15.037220334,8.648082,30,v2,88000000ffffffffffffa8dd9f4dc5b5
748,15.047429695,10.209361,30,v2,88000000ffffffffffffa8dd9f4dc5b5
749,15.057897197,10.467502,30,v2,88000000ffffffffffffa8dd9f4dc5b5
750,15.067667348,9.770151,30,v2,88000000ffffffffffffa8dd9f4dc5b5
751,15.077996254,10.328906,30,v2,88000000ffffffffffffa8dd9f4dc5b5
752,15.091125810,13.129556,30,v2,88000000ffffffffffffa8dd9f4dc5b5
753,15.099384648,8.258838,30,v2,88000000ffffffffffffa8dd9f4dc5b5
754,15.110534238,11.149590,30,v2,88000000ffffffffffffa8dd9f4dc5b5
755,15.118522741,7.988503,30,v2,88000000ffffffffffffa8dd9f4dc5b5
756,15.128644494,10.121753,30,v2,88000000ffffffffffffa8dd9f4dc5b5
757,15.138908221,10.263727,30,v2,88000000ffffffffffffa8dd9f4dc5b5
758,15.149315804,10.407583,30,v2,88000000ffffffffffffa8dd9f4dc5b5
759,15.158349684,9.033880,30,v2,88000000ffffffffffffa8dd9f4dc5b5
760,15.168460874,10.111190,30,v2,88000000ffffffffffffa8dd9f4dc5b5
761,15.178723167,10.262293,30,v2,88000000ffffffffffffa8dd9f4dc5b5
762,15.188669399,9.946232,30,v2,88000000ffffffffffffa8dd9f4dc5b5
763,15.198805648,10.136249,30,v2,88000000ffffffffffffa8dd9f4dc5b5
764,15.209034108,10.228460,30,v2,88000000ffffffffffffa8dd9f4dc5b5
765,15.219114335,10.080227,30,v2,88000000ffffffffffffa8dd9f4dc5b5
766,15.229283418,10.169083,30,v2,88000000ffffffffffffa8dd9f4dc5b5
767,15.239684030,10.400612,30,v2,88000000ffffffffffffa8dd9f4dc5b5
768,15.249598531,9.914501,30,v2,88000000ffffffffffffa8dd9f4dc5b5
769,15.259976062,10.377531,30,v2,88000000ffffffffffffa8dd9f4dc5b5
770,15.268886800,8.910738,30,v2,88000000ffffffffffffa8dd9f4dc5b5
771,15.279411314,10.524514,30,v2,88000000ffffffffffffa8dd9f4dc5b5
772,15.289403047,9.991733,30,v2,88000000ffffffffffffa8dd9f4dc5b5
773,15.299533064,10.130017,30,v2,88000000ffffffffffffa8dd9f4dc5b5
774,15.309515818,9.982754,30,v2,88000000ffffffffffffa8dd9f4dc5b5
775,15.318647300,9.131482,30,v2,88000000ffffffffffffa8dd9f4dc5b5
776,15.328858127,10.210827,30,v2,88000000ffffffffffffa8dd9f4dc5b5
777,15.339000929,10.142802,30,v2,88000000ffffffffffffa8dd9f4dc5b5
778,15.350263702,11.262773,30,v2,88000000ffffffffffffa8dd9f4dc5b5
779,15.360319478,10.055776,30,v2,88000000ffffffffffffa8dd9f4dc5b5
780,15.370571836,10.252358,30,v2,88000000ffffffffffffa8dd9f4dc5b5
781,15.380636609,10.064773,30,v2,88000000ffffffffffffa8dd9f4dc5b5
782,15.390756490,10.119881,30,v2,88000000ffffffffffffa8dd9f4dc5b5
783,15.399997029,9.240539,30,v2,88000000ffffffffffffa8dd9f4dc5b5
784,15.410096586,10.099557,30,v2,88000000ffffffffffffa8dd9f4dc5b5
785,15.420187289,10.090703,30,v2,88000000ffffffffffffa8dd9f4dc5b5
786,15.430412648,10.225359,30,v2,88000000ffffffffffffa8dd9f4dc5b5
787,15.440526428,10.113780,30,v2,88000000ffffffffffffa8dd9f4dc5b5
788,15.450820817,10.294389,30,v2,88000000ffffffffffffa8dd9f4dc5b5
789,15.460930205,10.109388,30,v2,88000000ffffffffffffa8dd9f4dc5b5
790,15.470730466,9.800261,30,v2,88000000ffffffffffffa8dd9f4dc5b5
791,15.481311956,10.581490,30,v2,88000000ffffffffffffa8dd9f4dc5b5
792,15.492550354,11.238398,30,v2,88000000ffffffffffffa8dd9f4dc5b5
793,15.501761048,9.210694,30,v2,88000000ffffffffffffa8dd9f4dc5b5
794,15.511936633,10.175585,30,v2,88000000ffffffffffffa8dd9f4dc5b5
795,15.522164693,10.228060,30,v2,88000000ffffffffffffa8dd9f4dc5b5
796,15.532991177,10.826484,30,v2,88000000ffffffffffffa8dd9f4dc5b5
797,15.543262412,10.271235,30,v2,88000000ffffffffffffa8dd9f4dc5b5
798,15.552632079,9.369667,30,v2,88000000ffffffffffffa8dd9f4dc5b5
799,15.561781010,9.148931,30,v2,88000000ffffffffffffa8dd9f4dc5b5
800,15.570932141,9.151131,30,v2,88000000ffffffffffffa8dd9f4dc5b5
801,15.580872913,9.940772,30,v2,88000000ffffffffffffa8dd9f4dc5b5
802,15.591133067,10.260154,30,v2,88000000ffffffffffffa8dd9f4dc5b5
803,15.601121034,9.987967,30,v2,88000000ffffffffffffa8dd9f4dc5b5
804,15.612548090,11.427056,30,v2,88000000ffffffffffffa8dd9f4dc5b5
805,15.622502665,9.954575,30,v2,88000000ffffffffffffa8dd9f4dc5b5
806,15.632773661,10.270996,30,v2,88000000ffffffffffffa8dd9f4dc5b5
807,15.641873519,9.099858,30,v2,88000000ffffffffffffa8dd9f4dc5b5
808,15.652058680,10.185161,30,v2,88000000ffffffffffffa8dd9f4dc5b5
809,15.662197882,10.139202,30,v2,88000000ffffffffffffa8dd9f4dc5b5
810,15.672415040,10.217158,30,v2,88000000ffffffffffffa8dd9f4dc5b5
811,15.682450836,10.035796,30,v2,88000000ffffffffffffa8dd9f4dc5b5
812,15.691733851,9.283015,30,v2,88000000ffffffffffffa8dd9f4dc5b5
813,15.701682907,9.949056,30,v2,88000000ffffffffffffa8dd9f4dc5b5
814,15.712081571,10.398664,30,v2,88000000ffffffffffffa8dd9f4dc5b5
815,15.722062570,9.980999,30,v2,88000000ffffffffffffa8dd9f4dc5b5
816,15.732499318,10.436748,30,v2,88000000ffffffffffffa8dd9f4dc5b5
817,15.743563662,11.064344,30,v2,88000000ffffffffffffa8dd9f4dc5b5
818,15.752408118,8.844456,30,v2,88000000ffffffffffffa8dd9f4dc5b5
819,15.762657082,10.248964,30,v2,88000000ffffffffffffa8dd9f4dc5b5
820,15.772824582,10.167500,30,v2,88000000ffffffffffffa8dd9f4dc5b5
821,15.782935832,10.111250,30,v2,88000000ffffffffffffa8dd9f4dc5b5
822,15.793105682,10.169850,30,v2,88000000ffffffffffffa8dd9f4dc5b5
823,15.802202557,9.096875,30,v2,88000000ffffffffffffa8dd9f4dc5b5
824,15.812617920,10.415363,30,v2,88000000ffffffffffffa8dd9f4dc5b5
825,15.822634254,10.016334,30,v2,88000000ffffffffffffa8dd9f4dc5b5
826,15.832773767,10.139513,30,v2,88000000ffffffffffffa8dd9f4dc5b5
827,15.842966869,10.193102,30,v2,88000000ffffffffffffa8dd9f4dc5b5
828,15.852167412,9.200543,30,v2,88000000ffffffffffffa8dd9f4dc5b5
829,15.864175987,12.008575,30,v2,88000000ffffffffffffa8dd9f4dc5b5
830,15.873707072,9.531085,30,v2,88000000ffffffffffffa8dd9f4dc5b5
831,15.883537358,9.830286,30,v2,88000000ffffffffffffa8dd9f4dc5b5
832,15.893661927,10.124569,30,v2,88000000ffffffffffffa8dd9f4dc5b5
833,15.903920125,10.258198,30,v2,88000000ffffffffffffa8dd9f4dc5b5
834,15.913367700,9.447575,30,v2,88000000ffffffffffffa8dd9f4dc5b5
835,15.923382661,10.014961,30,v2,88000000ffffffffffffa8dd9f4dc5b5
836,15.934312981,10.930320,30,v2,88000000ffffffffffffa8dd9f4dc5b5
837,15.943527243,9.214262,30,v2,88000000ffffffffffffa8dd9f4dc5b5
838,15.953849523,10.322280,30,v2,88000000ffffffffffffa8dd9f4dc5b5
839,16.286089546,332.240023,30,v2,88000000ffffffffffffa8dd9f4dc5b5
840,16.296386133,10.296587,30,v2,88000000ffffffffffffa8dd9f4dc5b5
841,16.306232693,9.846560,30,v2,88000000ffffffffffffa8dd9f4dc5b5
842,16.315341479,9.108786,30,v2,88000000ffffffffffffa8dd9f4dc5b5
843,16.325919554,10.578075,30,v2,88000000ffffffffffffa8dd9f4dc5b5
844,16.335646828,9.727274,30,v2,88000000ffffffffffffa8dd9f4dc5b5
845,16.345773531,10.126703,30,v2,88000000ffffffffffffa8dd9f4dc5b5
846,16.354925946,9.152415,30,v2,88000000ffffffffffffa8dd9f4dc5b5
847,16.365084133,10.158187,30,v2,88000000ffffffffffffa8dd9f4dc5b5
848,16.375255100,10.170967,30,v2,88000000ffffffffffffa8dd9f4dc5b5
849,16.384529604,9.274504,30,v2,88000000ffffffffffffa8dd9f4dc5b5
850,16.395596979,11.067375,30,v2,88000000ffffffffffffa8dd9f4dc5b5
851,16.405798519,10.201540,30,v2,88000000ffffffffffffa8dd9f4dc5b5
852,16.416151602,10.353083,30,v2,88000000ffffffffffffa8dd9f4dc5b5
853,16.425563593,9.411991,30,v2,88000000ffffffffffffa8dd9f4dc5b5
854,16.435481177,9.917584,30,v2,88000000ffffffffffffa8dd9f4dc5b5
855,16.445524872,10.043695,30,v2,88000000ffffffffffffa8dd9f4dc5b5
856,16.455823828,10.298956,30,v2,88000000ffffffffffffa8dd9f4dc5b5
857,16.464834630,9.010802,30,v2,88000000ffffffffffffa8dd9f4dc5b5
858,16.474852285,10.017655,30,v2,88000000ffffffffffffa8dd9f4dc5b5
859,16.484988320,10.136035,30,v2,88000000ffffffffffffa8dd9f4dc5b5
860,16.496050523,11.062203,30,v2,88000000ffffffffffffa8dd9f4dc5b5
861,16.504306408,8.255885,30,v2,88000000ffffffffffffa8dd9f4dc5b5
862,16.514784038,10.477630,30,v2,88000000ffffffffffffa8dd9f4dc5b5
863,16.525821670,11.037632,30,v2,88000000ffffffffffffa8dd9f4dc5b5
864,16.534908758,9.087088,30,v2,88000000ffffffffffffa8dd9f4dc5b5
865,16.545026004,10.117246,30,v2,88000000ffffffffffffa8dd9f4dc5b5
866,16.555350174,10.324170,30,v2,88000000ffffffffffffa8dd9f4dc5b5
867,16.565239661,9.889487,30,v2,88000000ffffffffffffa8dd9f4dc5b5
868,16.574608712,9.369051,30,v2,88000000ffffffffffffa8dd9f4dc5b5
869,16.584649846,10.041134,30,v2,88000000ffffffffffffa8dd9f4dc5b5
870,16.594729050,10.079204,30,v2,88000000ffffffffffffa8dd9f4dc5b5
871,16.604917682,10.188632,30,v2,88000000ffffffffffffa8dd9f4dc5b5
872,16.615068870,10.151188,30,v2,88000000ffffffffffffa8dd9f4dc5b5
873,16.625125638,10.056768,30,v2,88000000ffffffffffffa8dd9f4dc5b5
874,16.634592348,9.466710,30,v2,88000000ffffffffffffa8dd9f4dc5b5
875,16.644548373,9.956025,30,v2,88000000ffffffffffffa8dd9f4dc5b5
876,16.655622640,11.074267,30,v2,88000000ffffffffffffa8dd9f4dc5b5
877,16.665785141,10.162501,30,v2,88000000ffffffffffffa8dd9f4dc5b5
878,16.675085201,9.300060,30,v2,88000000ffffffffffffa8dd9f4dc5b5
879,16.685206031,10.120830,30,v2,88000000ffffffffffffa8dd9f4dc5b5
880,16.695268227,10.062196,30,v2,88000000ffffffffffffa8dd9f4dc5b5
881,16.704464377,9.196150,30,v2,88000000ffffffffffffa8dd9f4dc5b5
882,16.714635190,10.170813,30,v2,88000000ffffffffffffa8dd9f4dc5b5
883,16.724780396,10.145206,30,v2,88000000ffffffffffffa8dd9f4dc5b5
884,16.734985412,10.205016,30,v2,88000000ffffffffffffa8dd9f4dc5b5
885,16.744109339,9.123927,30,v2,88000000ffffffffffffa8dd9f4dc5b5
886,16.754742748,10.633409,30,v2,88000000ffffffffffffa8dd9f4dc5b5
887,16.764608751,9.866003,30,v2,88000000ffffffffffffa8dd9f4dc5b5
888,16.774601767,9.993016,30,v2,88000000ffffffffffffa8dd9f4dc5b5
889,16.784674212,10.072445,30,v2,88000000ffffffffffffa8dd9f4dc5b5
890,16.794800127,10.125915,30,v2,88000000ffffffffffffa8dd9f4dc5b5
891,16.805259321,10.459194,30,v2,88000000ffffffffffffa8dd9f4dc5b5
892,16.815180865,9.921544,30,v2,88000000ffffffffffffa8dd9f4dc5b5
893,16.824623414,9.442549,30,v2,88000000ffffffffffffa8dd9f4dc5b5
894,16.834511066,9.887652,30,v2,88000000ffffffffffffa8dd9f4dc5b5
895,16.844708431,10.197365,30,v2,88000000ffffffffffffa8dd9f4dc5b5
896,16.853853646,9.145215,30,v2,88000000ffffffffffffa8dd9f4dc5b5
897,16.863957418,10.103772,30,v2,88000000ffffffffffffa8dd9f4dc5b5
898,16.874064009,10.106591,30,v2,88000000ffffffffffffa8dd9f4dc5b5
899,16.883497916,9.433907,30,v2,88000000ffffffffffffa8dd9f4dc5b5
900,16.893555859,10.057943,30,v2,88000000ffffffffffffa8dd9f4dc5b5
901,16.903769463,10.213604,30,v2,88000000ffffffffffffa8dd9f4dc5b5
902,16.914744194,10.974731,30,v2,88000000ffffffffffffa8dd9f4dc5b5
903,16.925548989,10.804795,30,v2,88000000ffffffffffffa8dd9f4dc5b5
904,16.934053353,8.504364,30,v2,88000000ffffffffffffa8dd9f4dc5b5
905,16.944276473,10.223120,30,v2,88000000ffffffffffffa8dd9f4dc5b5
906,16.953546843,9.270370,30,v2,88000000ffffffffffffa8dd9f4dc5b5
907,16.963743940,10.197097,30,v2,88000000ffffffffffffa8dd9f4dc5b5
908,16.973882228,10.138288,30,v2,88000000ffffffffffffa8dd9f4dc5b5
909,16.984185770,10.303542,30,v2,88000000ffffffffffffa8dd9f4dc5b5
910,16.993058142,8.872372,30,v2,88000000ffffffffffffa8dd9f4dc5b5
911,17.003225584,10.167442,30,v2,88000000ffffffffffffa8dd9f4dc5b5
912,17.013336000,10.110416,30,v2,88000000ffffffffffffa8dd9f4dc5b5
913,17.023617353,10.281353,30,v2,88000000ffffffffffffa8dd9f4dc5b5
914,17.032671791,9.054438,30,v2,88000000ffffffffffffa8dd9f4dc5b5
915,17.043962731,11.290940,30,v2,88000000ffffffffffffa8dd9f4dc5b5
916,17.053967164,10.004433,30,v2,88000000ffffffffffffa8dd9f4dc5b5
917,17.064209462,10.242298,30,v2,88000000ffffffffffffa8dd9f4dc5b5
918,17.073391375,9.181913,30,v2,88000000ffffffffffffa8dd9f4dc5b5
919,17.083368866,9.977491,30,v2,88000000ffffffffffffa8dd9f4dc5b5
920,17.093555388,10.186522,30,v2,88000000ffffffffffffa8dd9f4dc5b5
921,17.102676094,9.120706,30,v2,88000000ffffffffffffa8dd9f4dc5b5
922,17.113186444,10.510350,30,v2,88000000ffffffffffffa8dd9f4dc5b5
923,17.123021694,9.835250,30,v2,88000000ffffffffffffa8dd9f4dc5b5
924,17.133197366,10.175672,30,v2,88000000ffffffffffffa8dd9f4dc5b5
925,17.142377545,9.180179,30,v2,88000000ffffffffffffa8dd9f4dc5b5
926,17.152429217,10.051672,30,v2,88000000ffffffffffffa8dd9f4dc5b5
927,17.162647071,10.217854,30,v2,88000000ffffffffffffa8dd9f4dc5b5
928,17.172821134,10.174063,30,v2,88000000ffffffffffffa8dd9f4dc5b5
929,17.183079709,10.258575,30,v2,88000000ffffffffffffa8dd9f4dc5b5
930,17.194963816,11.884107,30,v2,88000000ffffffffffffa8dd9f4dc5b5
931,17.203554953,8.591137,30,v2,88000000ffffffffffffa8dd9f4dc5b5
932,17.212688334,9.133381,30,v2,88000000ffffffffffffa8dd9f4dc5b5
933,17.222604362,9.916028,30,v2,88000000ffffffffffffa8dd9f4dc5b5
934,17.232886596,10.282234,30,v2,88000000ffffffffffffa8dd9f4dc5b5
935,17.242169859,9.283263,30,v2,88000000ffffffffffffa8dd9f4dc5b5
936,17.252258991,10.089132,30,v2,88000000ffffffffffffa8dd9f4dc5b5
937,17.262288064,10.029073,30,v2,88000000ffffffffffffa8dd9f4dc5b5
938,17.272337505,10.049441,30,v2,88000000ffffffffffffa8dd9f4dc5b5
939,17.604783304,332.445799,30,v2,88000000ffffffffffffa8dd9f4dc5b5
940,17.614747241,9.963937,30,v2,88000000ffffffffffffa8dd9f4dc5b5
941,17.624953042,10.205801,30,v2,88000000ffffffffffffa8dd9f4dc5b5
942,17.634231375,9.278333,30,v2,88000000ffffffffffffa8dd9f4dc5b5
943,17.644270202,10.038827,30,v2,88000000ffffffffffffa8dd9f4dc5b5
944,17.654478499,10.208297,30,v2,88000000ffffffffffffa8dd9f4dc5b5
945,17.663708151,9.229652,30,v2,88000000ffffffffffffa8dd9f4dc5b5
946,17.673920415,10.212264,30,v2,88000000ffffffffffffa8dd9f4dc5b5
947,17.683000872,9.080457,30,v2,88000000ffffffffffffa8dd9f4dc5b5
948,17.694047453,11.046581,30,v2,88000000ffffffffffffa8dd9f4dc5b5
949,17.704193624,10.146171,30,v2,88000000ffffffffffffa8dd9f4dc5b5
950,17.713259799,9.066175,30,v2,88000000ffffffffffffa8dd9f4dc5b5
951,17.724020263,10.760464,30,v2,88000000ffffffffffffa8dd9f4dc5b5
952,17.732865054,8.844791,30,v2,88000000ffffffffffffa8dd9f4dc5b5
953,17.742911993,10.046939,30,v2,88000000ffffffffffffa8dd9f4dc5b5
954,17.753128225,10.216232,30,v2,88000000ffffffffffffa8dd9f4dc5b5
955,17.762333577,9.205352,30,v2,88000000ffffffffffffa8dd9f4dc5b5
956,17.772377204,10.043627,30,v2,88000000ffffffffffffa8dd9f4dc5b5
957,17.782512564,10.135360,30,v2,88000000ffffffffffffa8dd9f4dc5b5
958,17.791717339,9.204775,30,v2,88000000ffffffffffffa8dd9f4dc5b5
959,17.801585918,9.868579,30,v2,88000000ffffffffffffa8dd9f4dc5b5
960,17.812083643,10.497725,30,v2,88000000ffffffffffffa8dd9f4dc5b5
961,17.822252232,10.168589,30,v2,88000000ffffffffffffa8dd9f4dc5b5
962,17.832301870,10.049638,30,v2,88000000ffffffffffffa8dd9f4dc5b5
963,17.841462529,9.160659,30,v2,88000000ffffffffffffa8dd9f4dc5b5
964,17.851854318,10.391789,30,v2,88000000ffffffffffffa8dd9f4dc5b5
965,17.861568351,9.714033,30,v2,88000000ffffffffffffa8dd9f4dc5b5
966,17.870799929,9.231578,30,v2,88000000ffffffffffffa8dd9f4dc5b5
967,17.880955740,10.155811,30,v2,88000000ffffffffffffa8dd9f4dc5b5
968,17.891203205,10.247465,30,v2,88000000ffffffffffffa8dd9f4dc5b5
969,17.900270891,9.067686,30,v2,88000000ffffffffffffa8dd9f4dc5b5
970,17.910543075,10.272184,30,v2,88000000ffffffffffffa8dd9f4dc5b5
971,17.920589611,10.046536,30,v2,88000000ffffffffffffa8dd9f4dc5b5
972,17.929673217,9.083606,30,v2,88000000ffffffffffffa8dd9f4dc5b5
973,17.939922031,10.248814,30,v2,88000000ffffffffffffa8dd9f4dc5b5
974,17.950031785,10.109754,30,v2,88000000ffffffffffffa8dd9f4dc5b5
975,17.960196258,10.164473,30,v2,88000000ffffffffffffa8dd9f4dc5b5
976,17.970295703,10.099445,30,v2,88000000ffffffffffffa8dd9f4dc5b5
977,17.979573822,9.278119,30,v2,88000000ffffffffffffa8dd9f4dc5b5
978,17.989536037,9.962215,30,v2,88000000ffffffffffffa8dd9f4dc5b5
979,17.998786416,9.250379,30,v2,88000000ffffffffffffa8dd9f4dc5b5
980,18.008945577,10.159161,30,v2,88000000ffffffffffffa8dd9f4dc5b5
981,18.019101629,10.156052,30,v2,88000000ffffffffffffa8dd9f4dc5b5
982,18.028372150,9.270521,30,v2,88000000ffffffffffffa8dd9f4dc5b5
983,18.038421903,10.049753,30,v2,88000000ffffffffffffa8dd9f4dc5b5
984,18.048699569,10.277666,30,v2,88000000ffffffffffffa8dd9f4dc5b5
985,18.057852698,9.153129,30,v2,88000000ffffffffffffa8dd9f4dc5b5
986,18.068284120,10.431422,30,v2,88000000ffffffffffffa8dd9f4dc5b5
987,18.079262187,10.978067,30,v2,88000000ffffffffffffa8dd9f4dc5b5
988,18.088299921,9.037734,30,v2,88000000ffffffffffffa8dd9f4dc5b5
989,18.098399739,10.099818,30,v2,88000000ffffffffffffa8dd9f4dc5b5
990,18.107743781,9.344042,30,v2,88000000ffffffffffffa8dd9f4dc5b5
991,18.117699406,9.955625,30,v2,88000000ffffffffffffa8dd9f4dc5b5
992,18.127739521,10.040115,30,v2,88000000ffffffffffffa8dd9f4dc5b5
993,18.137216571,9.477050,30,v2,88000000ffffffffffffa8dd9f4dc5b5
994,18.147180044,9.963473,30,v2,88000000ffffffffffffa8dd9f4dc5b5
995,18.157329974,10.149930,30,v2,88000000ffffffffffffa8dd9f4dc5b5
996,18.166532410,9.202436,30,v2,88000000ffffffffffffa8dd9f4dc5b5
997,18.176644719,10.112309,30,v2,88000000ffffffffffffa8dd9f4dc5b5
998,18.185753916,9.109197,30,v2,88000000ffffffffffffa8dd9f4dc5b5
999,18.196009101,10.255185,30,v2,88000000ffffffffffffa8dd9f4dc5b5
1000,18.206079328,10.070227,30,v2,88000000ffffffffffffa8dd9f4dc5b5
1001,18.216351835,10.272507,30,v2,88000000ffffffffffffa8dd9f4dc5b5
1002,18.226413914,10.062079,30,v2,88000000ffffffffffffa8dd9f4dc5b5
1003,18.235586724,9.172810,30,v2,88000000ffffffffffffa8dd9f4dc5b5
1004,18.245675501,10.088777,30,v2,88000000ffffffffffffa8dd9f4dc5b5
1005,18.255806290,10.130789,30,v2,88000000ffffffffffffa8dd9f4dc5b5
1006,18.265042440,9.236150,30,v2,88000000ffffffffffffa8dd9f4dc5b5
1007,18.275155028,10.112588,30,v2,88000000ffffffffffffa8dd9f4dc5b5
1008,18.285275751,10.120723,30,v2,88000000ffffffffffffa8dd9f4dc5b5
1009,18.294467665,9.191914,30,v2,88000000ffffffffffffa8dd9f4dc5b5
1010,18.304614801,10.147136,30,v2,88000000ffffffffffffa8dd9f4dc5b5
1011,18.314798252,10.183451,30,v2,88000000ffffffffffffa8dd9f4dc5b5
1012,18.323885548,9.087296,30,v2,88000000ffffffffffffa8dd9f4dc5b5
1013,18.334066850,10.181302,30,v2,88000000ffffffffffffa8dd9f4dc5b5
1014,18.344320566,10.253716,30,v2,88000000ffffffffffffa8dd9f4dc5b5
1015,18.354617130,10.296564,30,v2,88000000ffffffffffffa8dd9f4dc5b5
1016,18.364670411,10.053281,30,v2,88000000ffffffffffffa8dd9f4dc5b5
1017,18.373740590,9.070179,30,v2,88000000ffffffffffffa8dd9f4dc5b5
1018,18.383975391,10.234801,30,v2,88000000ffffffffffffa8dd9f4dc5b5
1019,18.393179070,9.203679,30,v2,88000000ffffffffffffa8dd9f4dc5b5
1020,18.405216823,12.037753,30,v2,88000000ffffffffffffa8dd9f4dc5b5
1021,18.413414446,8.197623,30,v2,88000000ffffffffffffa8dd9f4dc5b5
1022,18.422574477,9.160031,30,v2,88000000ffffffffffffa8dd9f4dc5b5
1023,18.432645702,10.071225,30,v2,88000000ffffffffffffa8dd9f4dc5b5
1024,18.442868643,10.222941,30,v2,88000000ffffffffffffa8dd9f4dc5b5
1025,18.452220155,9.351512,30,v2,88000000ffffffffffffa8dd9f4dc5b5
1026,18.462141810,9.921655,30,v2,88000000ffffffffffffa8dd9f4dc5b5
1027,18.475349329,13.207519,30,v2,88000000ffffffffffffa8dd9f4dc5b5
1028,18.482732298,7.382969,30,v2,88000000ffffffffffffa8dd9f4dc5b5
1029,18.492631628,9.899330,30,v2,88000000ffffffffffffa8dd9f4dc5b5
1030,18.501754781,9.123153,30,v2,88000000ffffffffffffa8dd9f4dc5b5
1031,18.511934777,10.179996,30,v2,88000000ffffffffffffa8dd9f4dc5b5
1032,18.522048153,10.113376,30,v2,88000000ffffffffffffa8dd9f4dc5b5
1033,18.531384523,9.336370,30,v2,88000000ffffffffffffa8dd9f4dc5b5
1034,18.541662323,10.277800,30,v2,88000000ffffffffffffa8dd9f4dc5b5
1035,18.551449695,9.787372,30,v2,88000000ffffffffffffa8dd9f4dc5b5
1036,18.560685187,9.235492,30,v2,88000000ffffffffffffa8dd9f4dc5b5
1037,18.570909132,10.223945,30,v2,88000000ffffffffffffa8dd9f4dc5b5
1038,18.581079079,10.169947,30,v2,88000000ffffffffffffa8dd9f4dc5b5
1039,18.619712410,38.633331,99,v2,1c000000aadd9f4dc5b568c9cc000000
1040,18.912302457,292.590047,30,v2,88000000ffffffffffffa8dd9f4dc5b5
1041,18.922397368,10.094911,30,v2,88000000ffffffffffffa8dd9f4dc5b5
1042,18.932428818,10.031450,30,v2,88000000ffffffffffffa8dd9f4dc5b5
1043,18.941602857,9.174039,30,v2,88000000ffffffffffffa8dd9f4dc5b5
1044,18.951904895,10.302038,30,v2,88000000ffffffffffffa8dd9f4dc5b5
1045,18.960990707,9.085812,30,v2,88000000ffffffffffffa8dd9f4dc5b5
1046,18.971191427,10.200720,30,v2,88000000ffffffffffffa8dd9f4dc5b5
1047,18.980331723,9.140296,30,v2,88000000ffffffffffffa8dd9f4dc5b5
1048,18.991388200,11.056477,30,v2,88000000ffffffffffffa8dd9f4dc5b5
1049,19.000652679,9.264479,30,v2,88000000ffffffffffffa8dd9f4dc5b5
1050,19.010622869,9.970190,30,v2,88000000ffffffffffffa8dd9f4dc5b5
1051,19.020037115,9.414246,30,v2,88000000ffffffffffffa8dd9f4dc5b5
1052,19.030096550,10.059435,30,v2,88000000ffffffffffffa8dd9f4dc5b5
1053,19.039219385,9.122835,30,v2,88000000ffffffffffffa8dd9f4dc5b5
1054,19.049426453,10.207068,30,v2,88000000ffffffffffffa8dd9f4dc5b5
1055,19.058419915,8.993462,30,v2,88000000ffffffffffffa8dd9f4dc5b5
1056,19.068827329,10.407414,30,v2,88000000ffffffffffffa8dd9f4dc5b5
1057,19.077808054,8.980725,30,v2,88000000ffffffffffffa8dd9f4dc5b5
1058,19.087997121,10.189067,30,v2,88000000ffffffffffffa8dd9f4dc5b5
1059,19.098010994,10.013873,30,v2,88000000ffffffffffffa8dd9f4dc5b5
1060,19.107949848,9.938854,30,v2,88000000ffffffffffffa8dd9f4dc5b5
1061,19.118511883,10.562035,30,v2,88000000ffffffffffffa8dd9f4dc5b5
1062,19.127623252,9.111369,30,v2,88000000ffffffffffffa8dd9f4dc5b5
1063,19.137739317,10.116065,30,v2,88000000ffffffffffffa8dd9f4dc5b5
1064,19.147084638,9.345321,30,v2,88000000ffffffffffffa8dd9f4dc5b5
1065,19.157043147,9.958509,30,v2,88000000ffffffffffffa8dd9f4dc5b5
1066,19.166221917,9.178770,30,v2,88000000ffffffffffffa8dd9f4dc5b5
1067,19.176468224,10.246307,30,v2,88000000ffffffffffffa8dd9f4dc5b5
1068,19.185592997,9.124773,30,v2,88000000ffffffffffffa8dd9f4dc5b5
1069,19.195685138,10.092141,30,v2,88000000ffffffffffffa8dd9f4dc5b5
1070,19.204738466,9.053328,30,v2,88000000ffffffffffffa8dd9f4dc5b5
1071,19.215422401,10.683935,30,v2,88000000ffffffffffffa8dd9f4dc5b5
1072,19.224199914,8.777513,30,v2,88000000ffffffffffffa8dd9f4dc5b5
1073,19.234314582,10.114668,30,v2,88000000ffffffffffffa8dd9f4dc5b5
1074,19.243372103,9.057521,30,v2,88000000ffffffffffffa8dd9f4dc5b5
1075,19.254818697,11.446594,30,v2,88000000ffffffffffffa8dd9f4dc5b5
1076,19.264837063,10.018366,30,v2,88000000ffffffffffffa8dd9f4dc5b5
1077,19.273909316,9.072253,30,v2,88000000ffffffffffffa8dd9f4dc5b5
1078,19.284044624,10.135308,30,v2,88000000ffffffffffffa8dd9f4dc5b5
1079,19.293096225,9.051601,30,v2,88000000ffffffffffffa8dd9f4dc5b5
1080,19.303285305,10.189080,30,v2,88000000ffffffffffffa8dd9f4dc5b5
1081,19.312464419,9.179114,30,v2,88000000ffffffffffffa8dd9f4dc5b5
1082,19.322570517,10.106098,30,v2,88000000ffffffffffffa8dd9f4dc5b5
1083,19.331813564,9.243047,30,v2,88000000ffffffffffffa8dd9f4dc5b5
1084,19.341943913,10.130349,30,v2,88000000ffffffffffffa8dd9f4dc5b5
1085,19.351183144,9.239231,30,v2,88000000ffffffffffffa8dd9f4dc5b5
1086,19.361403221,10.220077,30,v2,88000000ffffffffffffa8dd9f4dc5b5
1087,19.370372904,8.969683,30,v2,88000000ffffffffffffa8dd9f4dc5b5
1088,19.381523905,11.151001,30,v2,88000000ffffffffffffa8dd9f4dc5b5
1089,19.390896836,9.372931,30,v2,88000000ffffffffffffa8dd9f4dc5b5
1090,19.400814889,9.918053,30,v2,88000000ffffffffffffa8dd9f4dc5b5
1091,19.411050284,10.235395,30,v2,88000000ffffffffffffa8dd9f4dc5b5
1092,19.420184674,9.134390,30,v2,88000000ffffffffffffa8dd9f4dc5b5
1093,19.430317606,10.132932,30,v2,88000000ffffffffffffa8dd9f4dc5b5
1094,19.439426819,9.109213,30,v2,88000000ffffffffffffa8dd9f4dc5b5
1095,19.449511263,10.084444,30,v2,88000000ffffffffffffa8dd9f4dc5b5
1096,19.458783242,9.271979,30,v2,88000000ffffffffffffa8dd9f4dc5b5
1097,19.468842442,10.059200,30,v2,88000000ffffffffffffa8dd9f4dc5b5
1098,19.478121579,9.279137,30,v2,88000000ffffffffffffa8dd9f4dc5b5
1099,19.488287655,10.166076,30,v2,88000000ffffffffffffa8dd9f4dc5b5
1100,19.497355915,9.068260,30,v2,88000000ffffffffffffa8dd9f4dc5b5
1101,19.508554934,11.199019,30,v2,88000000ffffffffffffa8dd9f4dc5b5
1102,19.519512220,10.957286,30,v2,88000000ffffffffffffa8dd9f4dc5b5
1103,19.528158520,8.646300,30,v2,88000000ffffffffffffa8dd9f4dc5b5
1104,19.538127179,9.968659,30,v2,88000000ffffffffffffa8dd9f4dc5b5
1105,19.547373042,9.245863,30,v2,88000000ffffffffffffa8dd9f4dc5b5
1106,19.556483052,9.110010,30,v2,88000000ffffffffffffa8dd9f4dc5b5
1107,19.566977964,10.494912,30,v2,88000000ffffffffffffa8dd9f4dc5b5
1108,19.575636451,8.658487,30,v2,88000000ffffffffffffa8dd9f4dc5b5
1109,19.585720913,10.084462,30,v2,88000000ffffffffffffa8dd9f4dc5b5
1110,19.595916529,10.195616,30,v2,88000000ffffffffffffa8dd9f4dc5b5
1111,19.605183568,9.267039,30,v2,88000000ffffffffffffa8dd9f4dc5b5
1112,19.615264634,10.081066,30,v2,88000000ffffffffffffa8dd9f4dc5b5
1113,19.624395514,9.130880,30,v2,88000000ffffffffffffa8dd9f4dc5b5
1114,19.634614143,10.218629,30,v2,88000000ffffffffffffa8dd9f4dc5b5
1115,19.644749393,10.135250,30,v2,88000000ffffffffffffa8dd9f4dc5b5
1116,19.656760563,12.011170,30,v2,88000000ffffffffffffa8dd9f4dc5b5
1117,19.664066677,7.306114,30,v2,88000000ffffffffffffa8dd9f4dc5b5
1118,19.674229544,10.162867,30,v2,88000000ffffffffffffa8dd9f4dc5b5
1119,19.683425090,9.195546,30,v2,88000000ffffffffffffa8dd9f4dc5b5
1120,19.693551779,10.126689,30,v2,88000000ffffffffffffa8dd9f4dc5b5
1121,19.702667349,9.115570,30,v2,88000000ffffffffffffa8dd9f4dc5b5
1122,19.712709600,10.042251,30,v2,88000000ffffffffffffa8dd9f4dc5b5
1123,19.721963024,9.253424,30,v2,88000000ffffffffffffa8dd9f4dc5b5
1124,19.732423981,10.460957,30,v2,88000000ffffffffffffa8dd9f4dc5b5
1125,19.741512712,9.088731,30,v2,88000000ffffffffffffa8dd9f4dc5b5
1126,19.751616861,10.104149,30,v2,88000000ffffffffffffa8dd9f4dc5b5
1127,19.760612180,8.995319,30,v2,88000000ffffffffffffa8dd9f4dc5b5
1128,19.771743737,11.131557,30,v2,88000000ffffffffffffa8dd9f4dc5b5
1129,19.781923653,10.179916,30,v2,88000000ffffffffffffa8dd9f4dc5b5
1130,19.791209997,9.286344,30,v2,88000000ffffffffffffa8dd9f4dc5b5
1131,19.801219260,10.009263,30,v2,88000000ffffffffffffa8dd9f4dc5b5
1132,19.810263895,9.044635,30,v2,88000000ffffffffffffa8dd9f4dc5b5
1133,19.820489936,10.226041,30,v2,88000000ffffffffffffa8dd9f4dc5b5
1134,19.829641114,9.151178,30,v2,88000000ffffffffffffa8dd9f4dc5b5
1135,19.839751902,10.110788,30,v2,88000000ffffffffffffa8dd9f4dc5b5
1136,19.849066815,9.314913,30,v2,88000000ffffffffffffa8dd9f4dc5b5
1137,19.859216798,10.149983,30,v2,88000000ffffffffffffa8dd9f4dc5b5
1138,19.868308471,9.091673,30,v2,88000000ffffffffffffa8dd9f4dc5b5
1139,19.878452273,10.143802,30,v2,88000000ffffffffffffa8dd9f4dc5b5
1140,20.210727057,332.274784,30,v2,88000000ffffffffffffa8dd9f4dc5b5
1141,20.220659110,9.932053,30,v2,88000000ffffffffffffa8dd9f4dc5b5
1142,20.229936803,9.277693,30,v2,88000000ffffffffffffa8dd9f4dc5b5
1143,20.239041950,9.105147,30,v2,88000000ffffffffffffa8dd9f4dc5b5
1144,20.249177709,10.135759,30,v2,88000000ffffffffffffa8dd9f4dc5b5
1145,20.258337614,9.159905,30,v2,88000000ffffffffffffa8dd9f4dc5b5
1146,20.268580234,10.242620,30,v2,88000000ffffffffffffa8dd9f4dc5b5
1147,20.277587701,9.007467,30,v2,88000000ffffffffffffa8dd9f4dc5b5
1148,20.286882841,9.295140,30,v2,88000000ffffffffffffa8dd9f4dc5b5
1149,20.297982843,11.100002,30,v2,88000000ffffffffffffa8dd9f4dc5b5
1150,20.307145121,9.162278,30,v2,88000000ffffffffffffa8dd9f4dc5b5
1151,20.317348524,10.203403,30,v2,88000000ffffffffffffa8dd9f4dc5b5
1152,20.326556828,9.208304,30,v2,88000000ffffffffffffa8dd9f4dc5b5
1153,20.338455042,11.898214,30,v2,88000000ffffffffffffa8dd9f4dc5b5
1154,20.346239522,7.784480,30,v2,88000000ffffffffffffa8dd9f4dc5b5
1155,20.355135941,8.896419,30,v2,88000000ffffffffffffa8dd9f4dc5b5
1156,20.365263363,10.127422,30,v2,88000000ffffffffffffa8dd9f4dc5b5
1157,20.374265327,9.001964,30,v2,88000000ffffffffffffa8dd9f4dc5b5
1158,20.384672558,10.407231,30,v2,88000000ffffffffffffa8dd9f4dc5b5
1159,20.393455518,8.782960,30,v2,88000000ffffffffffffa8dd9f4dc5b5
1160,20.403719463,10.263945,30,v2,88000000ffffffffffffa8dd9f4dc5b5
1161,20.412917379,9.197916,30,v2,88000000ffffffffffffa8dd9f4dc5b5
1162,20.423167416,10.250037,30,v2,88000000ffffffffffffa8dd9f4dc5b5
1163,20.433159784,9.992368,30,v2,88000000ffffffffffffa8dd9f4dc5b5
1164,20.442216564,9.056780,30,v2,88000000ffffffffffffa8dd9f4dc5b5
1165,20.452508145,10.291581,30,v2,88000000ffffffffffffa8dd9f4dc5b5
1166,20.461502449,8.994304,30,v2,88000000ffffffffffffa8dd9f4dc5b5
1167,20.471903480,10.401031,30,v2,88000000ffffffffffffa8dd9f4dc5b5
1168,20.480885558,8.982078,30,v2,88000000ffffffffffffa8dd9f4dc5b5
1169,20.491030318,10.144760,30,v2,88000000ffffffffffffa8dd9f4dc5b5
1170,20.500347271,9.316953,30,v2,88000000ffffffffffffa8dd9f4dc5b5
1171,20.510304096,9.956825,30,v2,88000000ffffffffffffa8dd9f4dc5b5
1172,20.519760265,9.456169,30,v2,88000000ffffffffffffa8dd9f4dc5b5
1173,20.528632036,8.871771,30,v2,88000000ffffffffffffa8dd9f4dc5b5
1174,20.538703967,10.071931,30,v2,88000000ffffffffffffa8dd9f4dc5b5
1175,20.549188431,10.484464,30,v2,88000000ffffffffffffa8dd9f4dc5b5
1176,20.559033275,9.844844,30,v2,88000000ffffffffffffa8dd9f4dc5b5
1177,20.568294198,9.260923,30,v2,88000000ffffffffffffa8dd9f4dc5b5
1178,20.578351650,10.057452,30,v2,88000000ffffffffffffa8dd9f4dc5b5
1179,20.587988483,9.636833,30,v2,88000000ffffffffffffa8dd9f4dc5b5
1180,20.599587927,11.599444,30,v2,88000000ffffffffffffa8dd9f4dc5b5
1181,20.606834478,7.246551,30,v2,88000000ffffffffffffa8dd9f4dc5b5
1182,20.616284623,9.450145,30,v2,88000000ffffffffffffa8dd9f4dc5b5
1183,20.626143280,9.858657,30,v2,88000000ffffffffffffa8dd9f4dc5b5
1184,20.635369539,9.226259,30,v2,88000000ffffffffffffa8dd9f4dc5b5
1185,20.645714836,10.345297,30,v2,88000000ffffffffffffa8dd9f4dc5b5
1186,20.654844193,9.129357,30,v2,88000000ffffffffffffa8dd9f4dc5b5
1187,20.663739762,8.895569,30,v2,88000000ffffffffffffa8dd9f4dc5b5
1188,20.674495667,10.755905,30,v2,88000000ffffffffffffa8dd9f4dc5b5
1189,20.684325439,9.829772,30,v2,88000000ffffffffffffa8dd9f4dc5b5
1190,20.694212942,9.887503,30,v2,88000000ffffffffffffa8dd9f4dc5b5
1191,20.703356450,9.143508,30,v2,88000000ffffffffffffa8dd9f4dc5b5
1192,20.712545379,9.188929,30,v2,88000000ffffffffffffa8dd9f4dc5b5
1193,20.722852885,10.307506,30,v2,88000000ffffffffffffa8dd9f4dc5b5
1194,20.731811758,8.958873,30,v2,88000000ffffffffffffa8dd9f4dc5b5
1195,20.741994482,10.182724,30,v2,88000000ffffffffffffa8dd9f4dc5b5
1196,20.751167169,9.172687,30,v2,88000000ffffffffffffa8dd9f4dc5b5
1197,20.761534321,10.367152,30,v2,88000000ffffffffffffa8dd9f4dc5b5
1198,20.770681579,9.147258,30,v2,88000000ffffffffffffa8dd9f4dc5b5
1199,20.780759215,10.077636,30,v2,88000000ffffffffffffa8dd9f4dc5b5
1200,20.789657730,8.898515,30,v2,88000000ffffffffffffa8dd9f4dc5b5
1201,20.798996389,9.338659,30,v2,88000000ffffffffffffa8dd9f4dc5b5
1202,20.810124449,11.128060,30,v2,88000000ffffffffffffa8dd9f4dc5b5
1203,20.819210937,9.086488,30,v2,88000000ffffffffffffa8dd9f4dc5b5
1204,20.829319815,10.108878,30,v2,88000000ffffffffffffa8dd9f4dc5b5
1205,20.838619389,9.299574,30,v2,88000000ffffffffffffa8dd9f4dc5b5
1206,20.847937898,9.318509,30,v2,88000000ffffffffffffa8dd9f4dc5b5
1207,20.857945197,10.007299,30,v2,88000000ffffffffffffa8dd9f4dc5b5
1208,20.867064840,9.119643,30,v2,88000000ffffffffffffa8dd9f4dc5b5
1209,20.877057876,9.993036,30,v2,88000000ffffffffffffa8dd9f4dc5b5
1210,20.886242451,9.184575,30,v2,88000000ffffffffffffa8dd9f4dc5b5
1211,20.898503228,12.260777,30,v2,88000000ffffffffffffa8dd9f4dc5b5
1212,20.905537325,7.034097,30,v2,88000000ffffffffffffa8dd9f4dc5b5
1213,20.916205769,10.668444,30,v2,88000000ffffffffffffa8dd9f4dc5b5
1214,20.924958343,8.752574,30,v2,88000000ffffffffffffa8dd9f4dc5b5
1215,20.934182610,9.224267,30,v2,88000000ffffffffffffa8dd9f4dc5b5
1216,20.945452870,11.270260,30,v2,88000000ffffffffffffa8dd9f4dc5b5
1217,20.954492738,9.039868,30,v2,88000000ffffffffffffa8dd9f4dc5b5
1218,20.964721948,10.229210,30,v2,88000000ffffffffffffa8dd9f4dc5b5
1219,20.973586047,8.864099,30,v2,88000000ffffffffffffa8dd9f4dc5b5
1220,20.983733349,10.147302,30,v2,88000000ffffffffffffa8dd9f4dc5b5
1221,20.992942055,9.208706,30,v2,88000000ffffffffffffa8dd9f4dc5b5
1222,21.002137330,9.195275,30,v2,88000000ffffffffffffa8dd9f4dc5b5
1223,21.012272242,10.134912,30,v2,88000000ffffffffffffa8dd9f4dc5b5
1224,21.021523425,9.251183,30,v2,88000000ffffffffffffa8dd9f4dc5b5
1225,21.031525093,10.001668,30,v2,88000000ffffffffffffa8dd9f4dc5b5
1226,21.040645276,9.120183,30,v2,88000000ffffffffffffa8dd9f4dc5b5
1227,21.049856539,9.211263,30,v2,88000000ffffffffffffa8dd9f4dc5b5
1228,21.060036373,10.179834,30,v2,88000000ffffffffffffa8dd9f4dc5b5
1229,21.070128599,10.092226,30,v2,88000000ffffffffffffa8dd9f4dc5b5
1230,21.080278630,10.150031,30,v2,88000000ffffffffffffa8dd9f4dc5b5
1231,21.089539924,9.261294,30,v2,88000000ffffffffffffa8dd9f4dc5b5
1232,21.099476279,9.936355,30,v2,88000000ffffffffffffa8dd9f4dc5b5
1233,21.108694459,9.218180,30,v2,88000000ffffffffffffa8dd9f4dc5b5
1234,21.118949102,10.254643,30,v2,88000000ffffffffffffa8dd9f4dc5b5
1235,21.128093793,9.144691,30,v2,88000000ffffffffffffa8dd9f4dc5b5
1236,21.137185824,9.092031,30,v2,88000000ffffffffffffa8dd9f4dc5b5
1237,21.147806963,10.621139,30,v2,88000000ffffffffffffa8dd9f4dc5b5
1238,21.156492666,8.685703,30,v2,88000000ffffffffffffa8dd9f4dc5b5
1239,21.166725732,10.233066,30,v2,88000000ffffffffffffa8dd9f4dc5b5
1240,21.499246478,332.520746,30,v2,88000000ffffffffffffa8dd9f4dc5b5
1241,21.508009283,8.762805,30,v2,88000000ffffffffffffa8dd9f4dc5b5
1242,21.517152186,9.142903,30,v2,88000000ffffffffffffa8dd9f4dc5b5
1243,21.527694996,10.542810,30,v2,88000000ffffffffffffa8dd9f4dc5b5
1244,21.536879752,9.184756,30,v2,88000000ffffffffffffa8dd9f4dc5b5
1245,21.545879736,8.999984,30,v2,88000000ffffffffffffa8dd9f4dc5b5
1246,21.555735563,9.855827,30,v2,88000000ffffffffffffa8dd9f4dc5b5
1247,21.565195227,9.459664,30,v2,88000000ffffffffffffa8dd9f4dc5b5
1248,21.575134777,9.939550,30,v2,88000000ffffffffffffa8dd9f4dc5b5
1249,21.585385295,10.250518,30,v2,88000000ffffffffffffa8dd9f4dc5b5
1250,21.595447622,10.062327,30,v2,88000000ffffffffffffa8dd9f4dc5b5
1251,21.604600626,9.153004,30,v2,88000000ffffffffffffa8dd9f4dc5b5
1252,21.614707042,10.106416,30,v2,88000000ffffffffffffa8dd9f4dc5b5
1253,21.623896451,9.189409,30,v2,88000000ffffffffffffa8dd9f4dc5b5
1254,21.633019209,9.122758,30,v2,88000000ffffffffffffa8dd9f4dc5b5
1255,21.642443933,9.424724,30,v2,88000000ffffffffffffa8dd9f4dc5b5
1256,21.652585545,10.141612,30,v2,88000000ffffffffffffa8dd9f4dc5b5
1257,21.661514214,8.928669,30,v2,88000000ffffffffffffa8dd9f4dc5b5
1258,21.671485314,9.971100,30,v2,88000000ffffffffffffa8dd9f4dc5b5
1259,21.680721552,9.236238,30,v2,88000000ffffffffffffa8dd9f4dc5b5
1260,21.689892108,9.170556,30,v2,88000000ffffffffffffa8dd9f4dc5b5
1261,21.699093383,9.201275,30,v2,88000000ffffffffffffa8dd9f4dc5b5
1262,21.709425500,10.332117,30,v2,88000000ffffffffffffa8dd9f4dc5b5
1263,21.719532665,10.107165,30,v2,88000000ffffffffffffa8dd9f4dc5b5
1264,21.729639491,10.106826,30,v2,88000000ffffffffffffa8dd9f4dc5b5
1265,21.738705503,9.066012,30,v2,88000000ffffffffffffa8dd9f4dc5b5
1266,21.747848279,9.142776,30,v2,88000000ffffffffffffa8dd9f4dc5b5
1267,21.757190674,9.342395,30,v2,88000000ffffffffffffa8dd9f4dc5b5
1268,21.767323025,10.132351,30,v2,88000000ffffffffffffa8dd9f4dc5b5
1269,21.776309718,8.986693,30,v2,88000000ffffffffffffa8dd9f4dc5b5
1270,21.786407248,10.097530,30,v2,88000000ffffffffffffa8dd9f4dc5b5
1271,21.795490494,9.083246,30,v2,88000000ffffffffffffa8dd9f4dc5b5
1272,21.804746117,9.255623,30,v2,88000000ffffffffffffa8dd9f4dc5b5
1273,21.815084408,10.338291,30,v2,88000000ffffffffffffa8dd9f4dc5b5
1274,21.824174096,9.089688,30,v2,88000000ffffffffffffa8dd9f4dc5b5
1275,21.833382632,9.208536,30,v2,88000000ffffffffffffa8dd9f4dc5b5
1276,21.843324865,9.942233,30,v2,88000000ffffffffffffa8dd9f4dc5b5
1277,21.853679809,10.354944,30,v2,88000000ffffffffffffa8dd9f4dc5b5
1278,21.863799619,10.119810,30,v2,88000000ffffffffffffa8dd9f4dc5b5
1279,21.872793137,8.993518,30,v2,88000000ffffffffffffa8dd9f4dc5b5
1280,21.881972485,9.179348,30,v2,88000000ffffffffffffa8dd9f4dc5b5
1281,21.891220442,9.247957,30,v2,88000000ffffffffffffa8dd9f4dc5b5
1282,21.901214727,9.994285,30,v2,88000000ffffffffffffa8dd9f4dc5b5
1283,21.910453745,9.239018,30,v2,88000000ffffffffffffa8dd9f4dc5b5
1284,21.920619479,10.165734,30,v2,88000000ffffffffffffa8dd9f4dc5b5
1285,21.929653017,9.033538,30,v2,88000000ffffffffffffa8dd9f4dc5b5
1286,21.938816629,9.163612,30,v2,88000000ffffffffffffa8dd9f4dc5b5
1287,21.948979739,10.163110,30,v2,88000000ffffffffffffa8dd9f4dc5b5
1288,21.958107104,9.127365,30,v2,88000000ffffffffffffa8dd9f4dc5b5
1289,21.967267085,9.159981,30,v2,88000000ffffffffffffa8dd9f4dc5b5
1290,21.977425352,10.158267,30,v2,88000000ffffffffffffa8dd9f4dc5b5
1291,21.987522099,10.096747,30,v2,88000000ffffffffffffa8dd9f4dc5b5
1292,21.996758717,9.236618,30,v2,88000000ffffffffffffa8dd9f4dc5b5
1293,22.006781130,10.022413,30,v2,88000000ffffffffffffa8dd9f4dc5b5
1294,22.016153509,9.372379,30,v2,88000000ffffffffffffa8dd9f4dc5b5
1295,22.025228418,9.074909,30,v2,88000000ffffffffffffa8dd9f4dc5b5
1296,22.034508616,9.280198,30,v2,88000000ffffffffffffa8dd9f4dc5b5
1297,22.044562086,10.053470,30,v2,88000000ffffffffffffa8dd9f4dc5b5
1298,22.053586140,9.024054,30,v2,88000000ffffffffffffa8dd9f4dc5b5
1299,22.063845323,10.259183,30,v2,88000000ffffffffffffa8dd9f4dc5b5
1300,22.073103593,9.258270,30,v2,88000000ffffffffffffa8dd9f4dc5b5
1301,22.083300090,10.196497,30,v2,88000000ffffffffffffa8dd9f4dc5b5
1302,22.092216011,8.915921,30,v2,88000000ffffffffffffa8dd9f4dc5b5
1303,22.101626630,9.410619,30,v2,88000000ffffffffffffa8dd9f4dc5b5
1304,22.112577987,10.951357,30,v2,88000000ffffffffffffa8dd9f4dc5b5
1305,22.121661483,9.083496,30,v2,88000000ffffffffffffa8dd9f4dc5b5
1306,22.130850731,9.189248,30,v2,88000000ffffffffffffa8dd9f4dc5b5
1307,22.141155203,10.304472,30,v2,88000000ffffffffffffa8dd9f4dc5b5
1308,22.150201546,9.046343,30,v2,88000000ffffffffffffa8dd9f4dc5b5
1309,22.159393979,9.192433,30,v2,88000000ffffffffffffa8dd9f4dc5b5
1310,22.169562829,10.168850,30,v2,88000000ffffffffffffa8dd9f4dc5b5
1311,22.178561871,8.999042,30,v2,88000000ffffffffffffa8dd9f4dc5b5
1312,22.187703241,9.141370,30,v2,88000000ffffffffffffa8dd9f4dc5b5
1313,22.197925566,10.222325,30,v2,88000000ffffffffffffa8dd9f4dc5b5
1314,22.207080084,9.154518,30,v2,88000000ffffffffffffa8dd9f4dc5b5
1315,22.216122939,9.042855,30,v2,88000000ffffffffffffa8dd9f4dc5b5
1316,22.226243288,10.120349,30,v2,88000000ffffffffffffa8dd9f4dc5b5
1317,22.235680394,9.437106,30,v2,88000000ffffffffffffa8dd9f4dc5b5
1318,22.245663088,9.982694,30,v2,88000000ffffffffffffa8dd9f4dc5b5
1319,22.255936204,10.273116,30,v2,88000000ffffffffffffa8dd9f4dc5b5
1320,22.265025521,9.089317,30,v2,88000000ffffffffffffa8dd9f4dc5b5
1321,22.274162248,9.136727,30,v2,88000000ffffffffffffa8dd9f4dc5b5
1322,22.283405464,9.243216,30,v2,88000000ffffffffffffa8dd9f4dc5b5
1323,22.293354725,9.949261,30,v2,88000000ffffffffffffa8dd9f4dc5b5
1324,22.302496544,9.141819,30,v2,88000000ffffffffffffa8dd9f4dc5b5
1325,22.312634961,10.138417,30,v2,88000000ffffffffffffa8dd9f4dc5b5
1326,22.321946911,9.311950,30,v2,88000000ffffffffffffa8dd9f4dc5b5
1327,22.331396428,9.449517,30,v2,88000000ffffffffffffa8dd9f4dc5b5
1328,22.340448725,9.052297,30,v2,88000000ffffffffffffa8dd9f4dc5b5
1329,22.350291542,9.842817,30,v2,88000000ffffffffffffa8dd9f4dc5b5
1330,22.359504516,9.212974,30,v2,88000000ffffffffffffa8dd9f4dc5b5
1331,22.370703372,11.198856,30,v2,88000000ffffffffffffa8dd9f4dc5b5
1332,22.379812453,9.109081,30,v2,88000000ffffffffffffa8dd9f4dc5b5
1333,22.388980780,9.168327,30,v2,88000000ffffffffffffa8dd9f4dc5b5
1334,22.398148431,9.167651,30,v2,88000000ffffffffffffa8dd9f4dc5b5
1335,22.408503808,10.355377,30,v2,88000000ffffffffffffa8dd9f4dc5b5
1336,22.419324649,10.820841,30,v2,88000000ffffffffffffa8dd9f4dc5b5
1337,22.427580624,8.255975,30,v2,88000000ffffffffffffa8dd9f4dc5b5
1338,22.436630586,9.049962,30,v2,88000000ffffffffffffa8dd9f4dc5b5
1339,22.445796126,9.165540,30,v2,88000000ffffffffffffa8dd9f4dc5b5
1340,22.781107127,335.311001,30,v2,88000000ffffffffffffa8dd9f4dc5b5
1341,22.788450831,7.343704,30,v2,88000000ffffffffffffa8dd9f4dc5b5
1342,22.797581368,9.130537,30,v2,88000000ffffffffffffa8dd9f4dc5b5
1343,22.806504129,8.922761,30,v2,88000000ffffffffffffa8dd9f4dc5b5
1344,22.816571119,10.066990,30,v2,88000000ffffffffffffa8dd9f4dc5b5
1345,22.825867106,9.295987,30,v2,88000000ffffffffffffa8dd9f4dc5b5
1346,22.834914005,9.046899,30,v2,88000000ffffffffffffa8dd9f4dc5b5
1347,22.844191308,9.277303,30,v2,88000000ffffffffffffa8dd9f4dc5b5
1348,22.854131986,9.940678,30,v2,88000000ffffffffffffa8dd9f4dc5b5
1349,22.863348669,9.216683,30,v2,88000000ffffffffffffa8dd9f4dc5b5
1350,22.872578951,9.230282,30,v2,88000000ffffffffffffa8dd9f4dc5b5
1351,22.881968695,9.389744,30,v2,88000000ffffffffffffa8dd9f4dc5b5
1352,22.892932076,10.963381,30,v2,88000000ffffffffffffa8dd9f4dc5b5
1353,22.902323140,9.391064,30,v2,88000000ffffffffffffa8dd9f4dc5b5
1354,22.911337214,9.014074,30,v2,88000000ffffffffffffa8dd9f4dc5b5
1355,22.920594987,9.257773,30,v2,88000000ffffffffffffa8dd9f4dc5b5
1356,22.930596250,10.001263,30,v2,88000000ffffffffffffa8dd9f4dc5b5
1357,22.939947928,9.351678,30,v2,88000000ffffffffffffa8dd9f4dc5b5
1358,22.948647377,8.699449,30,v2,88000000ffffffffffffa8dd9f4dc5b5
1359,22.957885486,9.238109,30,v2,88000000ffffffffffffa8dd9f4dc5b5
1360,22.967115344,9.229858,30,v2,88000000ffffffffffffa8dd9f4dc5b5
1361,22.977249532,10.134188,30,v2,88000000ffffffffffffa8dd9f4dc5b5
1362,22.986429197,9.179665,30,v2,88000000ffffffffffffa8dd9f4dc5b5
1363,22.995471140,9.041943,30,v2,88000000ffffffffffffa8dd9f4dc5b5
1364,23.004638013,9.166873,30,v2,88000000ffffffffffffa8dd9f4dc5b5
1365,23.014754641,10.116628,30,v2,88000000ffffffffffffa8dd9f4dc5b5
1366,23.024947509,10.192868,30,v2,88000000ffffffffffffa8dd9f4dc5b5
1367,23.034158353,9.210844,30,v2,88000000ffffffffffffa8dd9f4dc5b5
1368,23.043168989,9.010636,30,v2,88000000ffffffffffffa8dd9f4dc5b5
1369,23.053531603,10.362614,30,v2,88000000ffffffffffffa8dd9f4dc5b5
1370,23.063867128,10.335525,30,v2,88000000ffffffffffffa8dd9f4dc5b5
1371,23.071716909,7.849781,30,v2,88000000ffffffffffffa8dd9f4dc5b5
1372,23.081272709,9.555800,30,v2,88000000ffffffffffffa8dd9f4dc5b5
1373,23.090141298,8.868589,30,v2,88000000ffffffffffffa8dd9f4dc5b5
1374,23.100169030,10.027732,30,v2,88000000ffffffffffffa8dd9f4dc5b5
1375,23.109268632,9.099602,30,v2,88000000ffffffffffffa8dd9f4dc5b5
1376,23.118492441,9.223809,30,v2,88000000ffffffffffffa8dd9f4dc5b5
1377,23.127591516,9.099075,30,v2,88000000ffffffffffffa8dd9f4dc5b5
1378,23.137727087,10.135571,30,v2,88000000ffffffffffffa8dd9f4dc5b5
1379,23.146856644,9.129557,30,v2,88000000ffffffffffffa8dd9f4dc5b5
1380,23.157074987,10.218343,30,v2,88000000ffffffffffffa8dd9f4dc5b5
1381,23.166185116,9.110129,30,v2,88000000ffffffffffffa8dd9f4dc5b5
1382,23.176244257,10.059141,30,v2,88000000ffffffffffffa8dd9f4dc5b5
1383,23.185443639,9.199382,30,v2,88000000ffffffffffffa8dd9f4dc5b5
1384,23.194603258,9.159619,30,v2,88000000ffffffffffffa8dd9f4dc5b5
1385,23.203825247,9.221989,30,v2,88000000ffffffffffffa8dd9f4dc5b5
1386,23.213234586,9.409339,30,v2,88000000ffffffffffffa8dd9f4dc5b5
1387,23.223463613,10.229027,30,v2,88000000ffffffffffffa8dd9f4dc5b5
1388,23.232188799,8.725186,30,v2,88000000ffffffffffffa8dd9f4dc5b5
1389,23.241610288,9.421489,30,v2,88000000ffffffffffffa8dd9f4dc5b5
1390,23.250746953,9.136665,30,v2,88000000ffffffffffffa8dd9f4dc5b5
1391,23.260689990,9.943037,30,v2,88000000ffffffffffffa8dd9f4dc5b5
1392,23.269813106,9.123116,30,v2,88000000ffffffffffffa8dd9f4dc5b5
1393,23.279990067,10.176961,30,v2,88000000ffffffffffffa8dd9f4dc5b5
1394,23.289090883,9.100816,30,v2,88000000ffffffffffffa8dd9f4dc5b5
1395,23.299329572,10.238689,30,v2,88000000ffffffffffffa8dd9f4dc5b5
1396,23.308497074,9.167502,30,v2,88000000ffffffffffffa8dd9f4dc5b5
1397,23.317563803,9.066729,30,v2,88000000ffffffffffffa8dd9f4dc5b5
1398,23.326788158,9.224355,30,v2,88000000ffffffffffffa8dd9f4dc5b5
1399,23.336779213,9.991055,30,v2,88000000ffffffffffffa8dd9f4dc5b5
1400,23.346040658,9.261445,30,v2,88000000ffffffffffffa8dd9f4dc5b5
1401,23.355524406,9.483748,30,v2,88000000ffffffffffffa8dd9f4dc5b5
1402,23.364670617,9.146211,30,v2,88000000ffffffffffffa8dd9f4dc5b5
1403,23.373774230,9.103613,30,v2,88000000ffffffffffffa8dd9f4dc5b5
1404,23.383515016,9.740786,30,v2,88000000ffffffffffffa8dd9f4dc5b5
1405,23.392872584,9.357568,30,v2,88000000ffffffffffffa8dd9f4dc5b5
1406,23.402142539,9.269955,30,v2,88000000ffffffffffffa8dd9f4dc5b5
1407,23.412847627,10.705088,30,v2,88000000ffffffffffffa8dd9f4dc5b5
1408,23.423913815,11.066188,30,v2,88000000ffffffffffffa8dd9f4dc5b5
1409,23.431347572,7.433757,30,v2,88000000ffffffffffffa8dd9f4dc5b5
1410,23.440492457,9.144885,30,v2,88000000ffffffffffffa8dd9f4dc5b5
1411,23.449638869,9.146412,30,v2,88000000ffffffffffffa8dd9f4dc5b5
1412,23.459733107,10.094238,30,v2,88000000ffffffffffffa8dd9f4dc5b5
1413,23.468864421,9.131314,30,v2,88000000ffffffffffffa8dd9f4dc5b5
1414,23.478156250,9.291829,30,v2,88000000ffffffffffffa8dd9f4dc5b5
1415,23.487282349,9.126099,30,v2,88000000ffffffffffffa8dd9f4dc5b5
1416,23.496688783,9.406434,30,v2,88000000ffffffffffffa8dd9f4dc5b5
1417,23.506464676,9.775893,30,v2,88000000ffffffffffffa8dd9f4dc5b5
1418,23.515712626,9.247950,30,v2,88000000ffffffffffffa8dd9f4dc5b5
1419,23.525089063,9.376437,30,v2,88000000ffffffffffffa8dd9f4dc5b5
1420,23.535068614,9.979551,30,v2,88000000ffffffffffffa8dd9f4dc5b5
1421,23.545466336,10.397722,30,v2,88000000ffffffffffffa8dd9f4dc5b5
1422,23.554358654,8.892318,30,v2,88000000ffffffffffffa8dd9f4dc5b5
1423,23.564936397,10.577743,30,v2,88000000ffffffffffffa8dd9f4dc5b5
1424,23.573511645,8.575248,30,v2,88000000ffffffffffffa8dd9f4dc5b5
1425,23.582684391,9.172746,30,v2,88000000ffffffffffffa8dd9f4dc5b5
1426,23.591910387,9.225996,30,v2,88000000ffffffffffffa8dd9f4dc5b5
1427,23.602480201,10.569814,30,v2,88000000ffffffffffffa8dd9f4dc5b5
1428,23.611119455,8.639254,30,v2,88000000ffffffffffffa8dd9f4dc5b5
1429,23.620691878,9.572423,30,v2,88000000ffffffffffffa8dd9f4dc5b5
1430,23.630056231,9.364353,30,v2,88000000ffffffffffffa8dd9f4dc5b5
1431,23.638871589,8.815358,30,v2,88000000ffffffffffffa8dd9f4dc5b5
1432,23.648741144,9.869555,30,v2,88000000ffffffffffffa8dd9f4dc5b5
1433,23.657946943,9.205799,30,v2,88000000ffffffffffffa8dd9f4dc5b5
1434,23.667000976,9.054033,30,v2,88000000ffffffffffffa8dd9f4dc5b5
1435,23.677300340,10.299364,30,v2,88000000ffffffffffffa8dd9f4dc5b5
1436,23.687608420,10.308080,30,v2,88000000ffffffffffffa8dd9f4dc5b5
1437,23.696578023,8.969603,30,v2,88000000ffffffffffffa8dd9f4dc5b5
1438,23.705779819,9.201796,30,v2,88000000ffffffffffffa8dd9f4dc5b5
1439,23.714876101,9.096282,30,v2,88000000ffffffffffffa8dd9f4dc5b5
1440,24.047113635,332.237534,30,v2,88000000ffffffffffffa8dd9f4dc5b5
1441,24.056092125,8.978490,30,v2,88000000ffffffffffffa8dd9f4dc5b5
1442,24.066544866,10.452741,30,v2,88000000ffffffffffffa8dd9f4dc5b5
1443,24.075348882,8.804016,30,v2,88000000ffffffffffffa8dd9f4dc5b5
1444,24.084643891,9.295009,30,v2,88000000ffffffffffffa8dd9f4dc5b5
1445,24.093716556,9.072665,30,v2,88000000ffffffffffffa8dd9f4dc5b5
1446,24.102883905,9.167349,30,v2,88000000ffffffffffffa8dd9f4dc5b5
1447,24.113047406,10.163501,30,v2,88000000ffffffffffffa8dd9f4dc5b5
1448,24.122042279,8.994873,30,v2,88000000ffffffffffffa8dd9f4dc5b5
1449,24.131409244,9.366965,30,v2,88000000ffffffffffffa8dd9f4dc5b5
1450,24.140610981,9.201737,30,v2,88000000ffffffffffffa8dd9f4dc5b5
1451,24.149774299,9.163318,30,v2,88000000ffffffffffffa8dd9f4dc5b5
1452,24.159208156,9.433857,30,v2,88000000ffffffffffffa8dd9f4dc5b5
1453,24.168028732,8.820576,30,v2,88000000ffffffffffffa8dd9f4dc5b5
1454,24.178105302,10.076570,30,v2,88000000ffffffffffffa8dd9f4dc5b5
1455,24.187276326,9.171024,30,v2,88000000ffffffffffffa8dd9f4dc5b5
1456,24.197354538,10.078212,30,v2,88000000ffffffffffffa8dd9f4dc5b5
1457,24.206671480,9.316942,30,v2,88000000ffffffffffffa8dd9f4dc5b5
1458,24.215687476,9.015996,30,v2,88000000ffffffffffffa8dd9f4dc5b5
1459,24.224785429,9.097953,30,v2,88000000ffffffffffffa8dd9f4dc5b5
1460,24.234670658,9.885229,30,v2,88000000ffffffffffffa8dd9f4dc5b5
1461,24.244125192,9.454534,30,v2,88000000ffffffffffffa8dd9f4dc5b5
1462,24.253504660,9.379468,30,v2,88000000ffffffffffffa8dd9f4dc5b5
1463,24.262464903,8.960243,30,v2,88000000ffffffffffffa8dd9f4dc5b5
1464,24.271577671,9.112768,30,v2,88000000ffffffffffffa8dd9f4dc5b5
1465,24.280563725,8.986054,30,v2,88000000ffffffffffffa8dd9f4dc5b5
1466,24.289838457,9.274732,30,v2,88000000ffffffffffffa8dd9f4dc5b5
1467,24.299151825,9.313368,30,v2,88000000ffffffffffffa8dd9f4dc5b5
1468,24.309152081,10.000256,30,v2,88000000ffffffffffffa8dd9f4dc5b5
1469,24.318502091,9.350010,30,v2,88000000ffffffffffffa8dd9f4dc5b5
1470,24.328492918,9.990827,30,v2,88000000ffffffffffffa8dd9f4dc5b5
1471,24.337509486,9.016568,30,v2,88000000ffffffffffffa8dd9f4dc5b5
1472,24.346786050,9.276564,30,v2,88000000ffffffffffffa8dd9f4dc5b5
1473,24.355947841,9.161791,30,v2,88000000ffffffffffffa8dd9f4dc5b5
1474,24.364998273,9.050432,30,v2,88000000ffffffffffffa8dd9f4dc5b5
1475,24.375124953,10.126680,30,v2,88000000ffffffffffffa8dd9f4dc5b5
1476,24.384331973,9.207020,30,v2,88000000ffffffffffffa8dd9f4dc5b5
1477,24.393547055,9.215082,30,v2,88000000ffffffffffffa8dd9f4dc5b5
1478,24.402836232,9.289177,30,v2,88000000ffffffffffffa8dd9f4dc5b5
1479,24.411915059,9.078827,30,v2,88000000ffffffffffffa8dd9f4dc5b5
1480,24.420919975,9.004916,30,v2,88000000ffffffffffffa8dd9f4dc5b5
1481,24.430080293,9.160318,30,v2,88000000ffffffffffffa8dd9f4dc5b5
1482,24.439324054,9.243761,30,v2,88000000ffffffffffffa8dd9f4dc5b5
1483,24.448721937,9.397883,30,v2,88000000ffffffffffffa8dd9f4dc5b5
1484,24.459595585,10.873648,30,v2,88000000ffffffffffffa8dd9f4dc5b5
1485,24.468726885,9.131300,30,v2,88000000ffffffffffffa8dd9f4dc5b5
1486,24.477706980,8.980095,30,v2,88000000ffffffffffffa8dd9f4dc5b5
1487,24.486990760,9.283780,30,v2,88000000ffffffffffffa8dd9f4dc5b5
1488,24.496129735,9.138975,30,v2,88000000ffffffffffffa8dd9f4dc5b5
1489,24.505215488,9.085753,30,v2,88000000ffffffffffffa8dd9f4dc5b5
1490,24.514567370,9.351882,30,v2,88000000ffffffffffffa8dd9f4dc5b5
1491,24.524456637,9.889267,30,v2,88000000ffffffffffffa8dd9f4dc5b5
1492,24.533675871,9.219234,30,v2,88000000ffffffffffffa8dd9f4dc5b5
1493,24.542771154,9.095283,30,v2,88000000ffffffffffffa8dd9f4dc5b5
1494,24.551892868,9.121714,30,v2,88000000ffffffffffffa8dd9f4dc5b5
1495,24.561092215,9.199347,30,v2,88000000ffffffffffffa8dd9f4dc5b5
1496,24.570501322,9.409107,30,v2,88000000ffffffffffffa8dd9f4dc5b5
1497,24.580519999,10.018677,30,v2,88000000ffffffffffffa8dd9f4dc5b5
1498,24.590499624,9.979625,30,v2,88000000ffffffffffffa8dd9f4dc5b5
1499,24.599906090,9.406466,30,v2,88000000ffffffffffffa8dd9f4dc5b5
1500,24.608893815,8.987725,30,v2,88000000ffffffffffffa8dd9f4dc5b5
1501,24.618270189,9.376374,30,v2,88000000ffffffffffffa8dd9f4dc5b5
1502,24.627155018,8.884829,30,v2,88000000ffffffffffffa8dd9f4dc5b5
1503,24.636398435,9.243417,30,v2,88000000ffffffffffffa8dd9f4dc5b5
1504,24.645680840,9.282405,30,v2,88000000ffffffffffffa8dd9f4dc5b5
1505,24.655743831,10.062991,30,v2,88000000ffffffffffffa8dd9f4dc5b5
1506,24.664728981,8.985150,30,v2,88000000ffffffffffffa8dd9f4dc5b5
1507,24.673858252,9.129271,30,v2,88000000ffffffffffffa8dd9f4dc5b5
1508,24.683007045,9.148793,30,v2,88000000ffffffffffffa8dd9f4dc5b5
1509,24.692823088,9.816043,30,v2,88000000ffffffffffffa8dd9f4dc5b5
1510,24.701843513,9.020425,30,v2,88000000ffffffffffffa8dd9f4dc5b5
1511,24.712478416,10.634903,30,v2,88000000ffffffffffffa8dd9f4dc5b5
1512,24.721648480,9.170064,30,v2,88000000ffffffffffffa8dd9f4dc5b5
1513,24.730698592,9.050112,30,v2,88000000ffffffffffffa8dd9f4dc5b5
1514,24.739905696,9.207104,30,v2,88000000ffffffffffffa8dd9f4dc5b5
1515,24.749281508,9.375812,30,v2,88000000ffffffffffffa8dd9f4dc5b5
1516,24.758218159,8.936651,30,v2,88000000ffffffffffffa8dd9f4dc5b5
1517,24.767469604,9.251445,30,v2,88000000ffffffffffffa8dd9f4dc5b5
1518,24.777605770,10.136166,30,v2,88000000ffffffffffffa8dd9f4dc5b5
1519,24.786696960,9.091190,30,v2,88000000ffffffffffffa8dd9f4dc5b5
1520,24.795748174,9.051214,30,v2,88000000ffffffffffffa8dd9f4dc5b5
1521,24.804891563,9.143389,30,v2,88000000ffffffffffffa8dd9f4dc5b5
1522,24.815140748,10.249185,30,v2,88000000ffffffffffffa8dd9f4dc5b5
1523,24.826309050,11.168302,30,v2,88000000ffffffffffffa8dd9f4dc5b5
1524,24.833473504,7.164454,30,v2,88000000ffffffffffffa8dd9f4dc5b5
1525,24.843686592,10.213088,30,v2,88000000ffffffffffffa8dd9f4dc5b5
1526,24.852839439,9.152847,30,v2,88000000ffffffffffffa8dd9f4dc5b5
1527,24.862055576,9.216137,30,v2,88000000ffffffffffffa8dd9f4dc5b5
1528,24.871117850,9.062274,30,v2,88000000ffffffffffffa8dd9f4dc5b5
1529,24.880395664,9.277814,30,v2,88000000ffffffffffffa8dd9f4dc5b5
1530,24.890449973,10.054309,30,v2,88000000ffffffffffffa8dd9f4dc5b5
1531,24.899695629,9.245656,30,v2,88000000ffffffffffffa8dd9f4dc5b5
1532,24.908852984,9.157355,30,v2,88000000ffffffffffffa8dd9f4dc5b5
1533,24.917839372,8.986388,30,v2,88000000ffffffffffffa8dd9f4dc5b5
1534,24.926913904,9.074532,30,v2,88000000ffffffffffffa8dd9f4dc5b5
1535,24.936192247,9.278343,30,v2,88000000ffffffffffffa8dd9f4dc5b5
1536,24.945396741,9.204494,30,v2,88000000ffffffffffffa8dd9f4dc5b5
1537,24.957334815,11.938074,30,v2,88000000ffffffffffffa8dd9f4dc5b5
1538,24.964737797,7.402982,30,v2,88000000ffffffffffffa8dd9f4dc5b5
1539,24.975269616,10.531819,30,v2,88000000ffffffffffffa8dd9f4dc5b5
1540,25.305906786,330.637170,30,v2,88000000ffffffffffffa8dd9f4dc5b5
1541,25.315241861,9.335075,30,v2,88000000ffffffffffffa8dd9f4dc5b5
1542,25.325132419,9.890558,30,v2,88000000ffffffffffffa8dd9f4dc5b5
1543,25.329138221,4.005802,99,v2,1c000000aadd9f4dc5b5682d33010000
1544,25.334202161,5.063940,30,v2,88000000ffffffffffffa8dd9f4dc5b5
1545,25.343387403,9.185242,30,v2,88000000ffffffffffffa8dd9f4dc5b5
1546,25.352502914,9.115511,30,v2,88000000ffffffffffffa8dd9f4dc5b5
1547,25.362782537,10.279623,30,v2,88000000ffffffffffffa8dd9f4dc5b5
1548,25.372170192,9.387655,30,v2,88000000ffffffffffffa8dd9f4dc5b5
1549,25.381076012,8.905820,30,v2,88000000ffffffffffffa8dd9f4dc5b5
1550,25.390123593,9.047581,30,v2,88000000ffffffffffffa8dd9f4dc5b5
1551,25.399415435,9.291842,30,v2,88000000ffffffffffffa8dd9f4dc5b5
1552,25.408666097,9.250662,30,v2,88000000ffffffffffffa8dd9f4dc5b5
1553,25.417874913,9.208816,30,v2,88000000ffffffffffffa8dd9f4dc5b5
1554,25.426681202,8.806289,30,v2,88000000ffffffffffffa8dd9f4dc5b5
1555,25.435894167,9.212965,30,v2,88000000ffffffffffffa8dd9f4dc5b5
1556,25.445132829,9.238662,30,v2,88000000ffffffffffffa8dd9f4dc5b5
1557,25.454169461,9.036632,30,v2,88000000ffffffffffffa8dd9f4dc5b5
1558,25.463366408,9.196947,30,v2,88000000ffffffffffffa8dd9f4dc5b5
1559,25.472741149,9.374741,30,v2,88000000ffffffffffffa8dd9f4dc5b5
1560,25.481620052,8.878903,30,v2,88000000ffffffffffffa8dd9f4dc5b5
1561,25.491990465,10.370413,30,v2,88000000ffffffffffffa8dd9f4dc5b5
1562,25.501041083,9.050618,30,v2,88000000ffffffffffffa8dd9f4dc5b5
1563,25.510045609,9.004526,30,v2,88000000ffffffffffffa8dd9f4dc5b5
1564,25.520082020,10.036411,30,v2,88000000ffffffffffffa8dd9f4dc5b5
1565,25.528723264,8.641244,30,v2,88000000ffffffffffffa8dd9f4dc5b5
1566,25.538523913,9.800649,30,v2,88000000ffffffffffffa8dd9f4dc5b5
1567,25.546583051,8.059138,30,v2,88000000ffffffffffffa8dd9f4dc5b5
1568,25.556680825,10.097774,30,v2,88000000ffffffffffffa8dd9f4dc5b5
1569,25.565838380,9.157555,30,v2,88000000ffffffffffffa8dd9f4dc5b5
1570,25.575082477,9.244097,30,v2,88000000ffffffffffffa8dd9f4dc5b5
1571,25.584232024,9.149547,30,v2,88000000ffffffffffffa8dd9f4dc5b5
1572,25.593308279,9.076255,30,v2,88000000ffffffffffffa8dd9f4dc5b5
1573,25.602548946,9.240667,30,v2,88000000ffffffffffffa8dd9f4dc5b5
1574,25.611667845,9.118899,30,v2,88000000ffffffffffffa8dd9f4dc5b5
1575,25.621859622,10.191777,30,v2,88000000ffffffffffffa8dd9f4dc5b5
1576,25.631193601,9.333979,30,v2,88000000ffffffffffffa8dd9f4dc5b5
1577,25.640293904,9.100303,30,v2,88000000ffffffffffffa8dd9f4dc5b5
1578,25.649198327,8.904423,30,v2,88000000ffffffffffffa8dd9f4dc5b5
1579,25.658671978,9.473651,30,v2,88000000ffffffffffffa8dd9f4dc5b5
1580,25.667677965,9.005987,30,v2,88000000ffffffffffffa8dd9f4dc5b5
1581,25.677615589,9.937624,30,v2,88000000ffffffffffffa8dd9f4dc5b5
1582,25.685768734,8.153145,30,v2,88000000ffffffffffffa8dd9f4dc5b5
1583,25.696032131,10.263397,30,v2,88000000ffffffffffffa8dd9f4dc5b5
1584,25.704192037,8.159906,30,v2,88000000ffffffffffffa8dd9f4dc5b5
1585,25.714464214,10.272177,30,v2,88000000ffffffffffffa8dd9f4dc5b5
1586,25.723515865,9.051651,30,v2,88000000ffffffffffffa8dd9f4dc5b5
1587,25.732655401,9.139536,30,v2,88000000ffffffffffffa8dd9f4dc5b5
1588,25.741671401,9.016000,30,v2,88000000ffffffffffffa8dd9f4dc5b5
1589,25.751727136,10.055735,30,v2,88000000ffffffffffffa8dd9f4dc5b5
1590,25.760968897,9.241761,30,v2,88000000ffffffffffffa8dd9f4dc5b5
1591,25.770149738,9.180841,30,v2,88000000ffffffffffffa8dd9f4dc5b5
1592,25.779243330,9.093592,30,v2,88000000ffffffffffffa8dd9f4dc5b5
1593,25.788537818,9.294488,30,v2,88000000ffffffffffffa8dd9f4dc5b5
1594,25.797736711,9.198893,30,v2,88000000ffffffffffffa8dd9f4dc5b5
1595,25.806641649,8.904938,30,v2,88000000ffffffffffffa8dd9f4dc5b5
1596,25.815860383,9.218734,30,v2,88000000ffffffffffffa8dd9f4dc5b5
1597,25.825159659,9.299276,30,v2,88000000ffffffffffffa8dd9f4dc5b5
1598,25.834137855,8.978196,30,v2,88000000ffffffffffffa8dd9f4dc5b5
1599,25.843285770,9.147915,30,v2,88000000ffffffffffffa8dd9f4dc5b5
1600,25.852463975,9.178205,30,v2,88000000ffffffffffffa8dd9f4dc5b5
1601,25.861861872,9.397897,30,v2,88000000ffffffffffffa8dd9f4dc5b5
1602,25.870719938,8.858066,30,v2,88000000ffffffffffffa8dd9f4dc5b5
1603,25.880942881,10.222943,30,v2,88000000ffffffffffffa8dd9f4dc5b5
1604,25.890162873,9.219992,30,v2,88000000ffffffffffffa8dd9f4dc5b5
1605,25.899467278,9.304405,30,v2,88000000ffffffffffffa8dd9f4dc5b5
1606,25.908685417,9.218139,30,v2,88000000ffffffffffffa8dd9f4dc5b5
1607,25.918229999,9.544582,30,v2,88000000ffffffffffffa8dd9f4dc5b5
1608,25.927916406,9.686407,30,v2,88000000ffffffffffffa8dd9f4dc5b5
1609,25.936211933,8.295527,30,v2,88000000ffffffffffffa8dd9f4dc5b5
1610,25.945900445,9.688512,30,v2,88000000ffffffffffffa8dd9f4dc5b5
1611,25.955230000,9.329555,30,v2,88000000ffffffffffffa8dd9f4dc5b5
1612,25.964369133,9.139133,30,v2,88000000ffffffffffffa8dd9f4dc5b5
1613,25.973360739,8.991606,30,v2,88000000ffffffffffffa8dd9f4dc5b5
1614,25.982567670,9.206931,30,v2,88000000ffffffffffffa8dd9f4dc5b5
1615,25.991637191,9.069521,30,v2,88000000ffffffffffffa8dd9f4dc5b5
1616,26.000988640,9.351449,30,v2,88000000ffffffffffffa8dd9f4dc5b5
1617,26.011541052,10.552412,30,v2,88000000ffffffffffffa8dd9f4dc5b5
1618,26.020208938,8.667886,30,v2,88000000ffffffffffffa8dd9f4dc5b5
1619,26.029218955,9.010017,30,v2,88000000ffffffffffffa8dd9f4dc5b5
1620,26.038626809,9.407854,30,v2,88000000ffffffffffffa8dd9f4dc5b5
1621,26.047532203,8.905394,30,v2,88000000ffffffffffffa8dd9f4dc5b5
1622,26.056574477,9.042274,30,v2,88000000ffffffffffffa8dd9f4dc5b5
1623,26.065734996,9.160519,30,v2,88000000ffffffffffffa8dd9f4dc5b5
1624,26.074984255,9.249259,30,v2,88000000ffffffffffffa8dd9f4dc5b5
1625,26.084322710,9.338455,30,v2,88000000ffffffffffffa8dd9f4dc5b5
1626,26.093262306,8.939596,30,v2,88000000ffffffffffffa8dd9f4dc5b5
1627,26.102348467,9.086161,30,v2,88000000ffffffffffffa8dd9f4dc5b5
1628,26.111758405,9.409938,30,v2,88000000ffffffffffffa8dd9f4dc5b5
1629,26.120708284,8.949879,30,v2,88000000ffffffffffffa8dd9f4dc5b5
1630,26.129844476,9.136192,30,v2,88000000ffffffffffffa8dd9f4dc5b5
1631,26.138924835,9.080359,30,v2,88000000ffffffffffffa8dd9f4dc5b5
1632,26.150437530,11.512695,30,v2,88000000ffffffffffffa8dd9f4dc5b5
1633,26.158823213,8.385683,30,v2,88000000ffffffffffffa8dd9f4dc5b5
1634,26.168671518,9.848305,30,v2,88000000ffffffffffffa8dd9f4dc5b5
1635,26.177072303,8.400785,30,v2,88000000ffffffffffffa8dd9f4dc5b5
1636,26.186612643,9.540340,30,v2,88000000ffffffffffffa8dd9f4dc5b5
1637,26.195857974,9.245331,30,v2,88000000ffffffffffffa8dd9f4dc5b5
1638,26.204989900,9.131926,30,v2,88000000ffffffffffffa8dd9f4dc5b5
1639,26.214095108,9.105208,30,v2,88000000ffffffffffffa8dd9f4dc5b5
1640,26.223228155,9.133047,30,v2,88000000ffffffffffffa8dd9f4dc5b5
1641,26.555872854,332.644699,30,v2,88000000ffffffffffffa8dd9f4dc5b5
1642,26.565011057,9.138203,30,v2,88000000ffffffffffffa8dd9f4dc5b5
1643,26.573876658,8.865601,30,v2,88000000ffffffffffffa8dd9f4dc5b5
1644,26.582967559,9.090901,30,v2,88000000ffffffffffffa8dd9f4dc5b5
1645,26.591201374,8.233815,30,v2,88000000ffffffffffffa8dd9f4dc5b5
1646,26.601179722,9.978348,30,v2,88000000ffffffffffffa8dd9f4dc5b5
1647,26.610506899,9.327177,30,v2,88000000ffffffffffffa8dd9f4dc5b5
1648,26.618481334,7.974435,30,v2,88000000ffffffffffffa8dd9f4dc5b5
1649,26.627911308,9.429974,30,v2,88000000ffffffffffffa8dd9f4dc5b5
1650,26.636826546,8.915238,30,v2,88000000ffffffffffffa8dd9f4dc5b5
1651,26.646187636,9.361090,30,v2,88000000ffffffffffffa8dd9f4dc5b5
1652,26.655811203,9.623567,30,v2,88000000ffffffffffffa8dd9f4dc5b5
1653,26.665515608,9.704405,30,v2,88000000ffffffffffffa8dd9f4dc5b5
1654,26.676419688,10.904080,30,v2,88000000ffffffffffffa8dd9f4dc5b5
1655,26.683850962,7.431274,30,v2,88000000ffffffffffffa8dd9f4dc5b5
1656,26.692837011,8.986049,30,v2,88000000ffffffffffffa8dd9f4dc5b5
1657,26.703784888,10.947877,30,v2,88000000ffffffffffffa8dd9f4dc5b5
1658,26.710986282,7.201394,30,v2,88000000ffffffffffffa8dd9f4dc5b5
1659,26.720029585,9.043303,30,v2,88000000ffffffffffffa8dd9f4dc5b5
1660,26.729288193,9.258608,30,v2,88000000ffffffffffffa8dd9f4dc5b5
1661,26.738405665,9.117472,30,v2,88000000ffffffffffffa8dd9f4dc5b5
1662,26.747599380,9.193715,30,v2,88000000ffffffffffffa8dd9f4dc5b5
1663,26.756686408,9.087028,30,v2,88000000ffffffffffffa8dd9f4dc5b5
1664,26.765739325,9.052917,30,v2,88000000ffffffffffffa8dd9f4dc5b5
1665,26.774950544,9.211219,30,v2,88000000ffffffffffffa8dd9f4dc5b5
1666,26.783227288,8.276744,30,v2,88000000ffffffffffffa8dd9f4dc5b5
1667,26.793234435,10.007147,30,v2,88000000ffffffffffffa8dd9f4dc5b5
1668,26.802408556,9.174121,30,v2,88000000ffffffffffffa8dd9f4dc5b5
1669,26.811588965,9.180409,30,v2,88000000ffffffffffffa8dd9f4dc5b5
1670,26.820666646,9.077681,30,v2,88000000ffffffffffffa8dd9f4dc5b5
1671,26.830021987,9.355341,30,v2,88000000ffffffffffffa8dd9f4dc5b5
1672,26.839235757,9.213770,30,v2,88000000ffffffffffffa8dd9f4dc5b5
1673,26.848399177,9.163420,30,v2,88000000ffffffffffffa8dd9f4dc5b5
1674,26.857625031,9.225854,30,v2,88000000ffffffffffffa8dd9f4dc5b5
1675,26.866605778,8.980747,30,v2,88000000ffffffffffffa8dd9f4dc5b5
1676,26.875560833,8.955055,30,v2,88000000ffffffffffffa8dd9f4dc5b5
1677,26.884663941,9.103108,30,v2,88000000ffffffffffffa8dd9f4dc5b5
1678,26.893785306,9.121365,30,v2,88000000ffffffffffffa8dd9f4dc5b5
1679,26.903030500,9.245194,30,v2,88000000ffffffffffffa8dd9f4dc5b5
1680,26.912161006,9.130506,30,v2,88000000ffffffffffffa8dd9f4dc5b5
1681,26.924220526,12.059520,30,v2,88000000ffffffffffffa8dd9f4dc5b5
1682,26.930658819,6.438293,30,v2,88000000ffffffffffffa8dd9f4dc5b5
1683,26.940098851,9.440032,30,v2,88000000ffffffffffffa8dd9f4dc5b5
1684,26.948695744,8.596893,30,v2,88000000ffffffffffffa8dd9f4dc5b5
1685,26.957895628,9.199884,30,v2,88000000ffffffffffffa8dd9f4dc5b5
1686,26.967044736,9.149108,30,v2,88000000ffffffffffffa8dd9f4dc5b5
1687,26.976251369,9.206633,30,v2,88000000ffffffffffffa8dd9f4dc5b5
1688,26.985230137,8.978768,30,v2,88000000ffffffffffffa8dd9f4dc5b5
1689,26.994615471,9.385334,30,v2,88000000ffffffffffffa8dd9f4dc5b5
1690,27.003744890,9.129419,30,v2,88000000ffffffffffffa8dd9f4dc5b5
1691,27.012762809,9.017919,30,v2,88000000ffffffffffffa8dd9f4dc5b5
1692,27.021754667,8.991858,30,v2,88000000ffffffffffffa8dd9f4dc5b5
1693,27.031025135,9.270468,30,v2,88000000ffffffffffffa8dd9f4dc5b5
1694,27.040114598,9.089463,30,v2,88000000ffffffffffffa8dd9f4dc5b5
1695,27.049158747,9.044149,30,v2,88000000ffffffffffffa8dd9f4dc5b5
1696,27.059360440,10.201693,30,v2,88000000ffffffffffffa8dd9f4dc5b5
1697,27.067676216,8.315776,30,v2,88000000ffffffffffffa8dd9f4dc5b5
1698,27.077676747,10.000531,30,v2,88000000ffffffffffffa8dd9f4dc5b5
1699,27.086846728,9.169981,30,v2,88000000ffffffffffffa8dd9f4dc5b5
1700,27.094968792,8.122064,30,v2,88000000ffffffffffffa8dd9f4dc5b5
1701,27.104177123,9.208331,30,v2,88000000ffffffffffffa8dd9f4dc5b5
1702,27.113515136,9.338013,30,v2,88000000ffffffffffffa8dd9f4dc5b5
1703,27.122549279,9.034143,30,v2,88000000ffffffffffffa8dd9f4dc5b5
1704,27.131823960,9.274681,30,v2,88000000ffffffffffffa8dd9f4dc5b5
1705,27.140749629,8.925669,30,v2,88000000ffffffffffffa8dd9f4dc5b5
1706,27.150039504,9.289875,30,v2,88000000ffffffffffffa8dd9f4dc5b5
1707,27.159015265,8.975761,30,v2,88000000ffffffffffffa8dd9f4dc5b5
1708,27.168148522,9.133257,30,v2,88000000ffffffffffffa8dd9f4dc5b5
1709,27.177277979,9.129457,30,v2,88000000ffffffffffffa8dd9f4dc5b5
1710,27.187789798,10.511819,30,v2,88000000ffffffffffffa8dd9f4dc5b5
1711,27.196436204,8.646406,30,v2,88000000ffffffffffffa8dd9f4dc5b5
1712,27.205590168,9.153964,30,v2,88000000ffffffffffffa8dd9f4dc5b5
1713,27.214859440,9.269272,30,v2,88000000ffffffffffffa8dd9f4dc5b5
1714,27.223890077,9.030637,30,v2,88000000ffffffffffffa8dd9f4dc5b5
1715,27.233014497,9.124420,30,v2,88000000ffffffffffffa8dd9f4dc5b5
1716,27.242785697,9.771200,30,v2,88000000ffffffffffffa8dd9f4dc5b5
1717,27.251367021,8.581324,30,v2,88000000ffffffffffffa8dd9f4dc5b5
1718,27.259816243,8.449222,30,v2,88000000ffffffffffffa8dd9f4dc5b5
1719,27.268776934,8.960691,30,v2,88000000ffffffffffffa8dd9f4dc5b5
1720,27.278119839,9.342905,30,v2,88000000ffffffffffffa8dd9f4dc5b5
1721,27.287069968,8.950129,30,v2,88000000ffffffffffffa8dd9f4dc5b5
1722,27.296359112,9.289144,30,v2,88000000ffffffffffffa8dd9f4dc5b5
1723,27.305280794,8.921682,30,v2,88000000ffffffffffffa8dd9f4dc5b5
1724,27.315483663,10.202869,30,v2,88000000ffffffffffffa8dd9f4dc5b5
1725,27.324878028,9.394365,30,v2,88000000ffffffffffffa8dd9f4dc5b5
1726,27.333765415,8.887387,30,v2,88000000ffffffffffffa8dd9f4dc5b5
1727,27.342949674,9.184259,30,v2,88000000ffffffffffffa8dd9f4dc5b5
1728,27.351977417,9.027743,30,v2,88000000ffffffffffffa8dd9f4dc5b5
1729,27.361166674,9.189257,30,v2,88000000ffffffffffffa8dd9f4dc5b5
1730,27.370298700,9.132026,30,v2,88000000ffffffffffffa8dd9f4dc5b5
1731,27.379418803,9.120103,30,v2,88000000ffffffffffffa8dd9f4dc5b5
1732,27.388455696,9.036893,30,v2,88000000ffffffffffffa8dd9f4dc5b5
1733,27.397709731,9.254035,30,v2,88000000ffffffffffffa8dd9f4dc5b5
1734,27.405967236,8.257505,30,v2,88000000ffffffffffffa8dd9f4dc5b5
1735,27.417002294,11.035058,30,v2,88000000ffffffffffffa8dd9f4dc5b5
1736,27.424248263,7.245969,30,v2,88000000ffffffffffffa8dd9f4dc5b5
1737,27.433354040,9.105777,30,v2,88000000ffffffffffffa8dd9f4dc5b5
1738,27.443522079,10.168039,30,v2,88000000ffffffffffffa8dd9f4dc5b5
1739,27.452727775,9.205696,30,v2,88000000ffffffffffffa8dd9f4dc5b5
1740,27.461756824,9.029049,30,v2,88000000ffffffffffffa8dd9f4dc5b5
1741,27.793248835,331.492011,30,v2,88000000ffffffffffffa8dd9f4dc5b5
1742,27.802070757,8.821922,30,v2,88000000ffffffffffffa8dd9f4dc5b5
1743,27.812159934,10.089177,30,v2,88000000ffffffffffffa8dd9f4dc5b5
1744,27.821014039,8.854105,30,v2,88000000ffffffffffffa8dd9f4dc5b5
1745,27.828465655,7.451616,30,v2,88000000ffffffffffffa8dd9f4dc5b5
1746,27.839215444,10.749789,30,v2,88000000ffffffffffffa8dd9f4dc5b5
1747,27.847753836,8.538392,30,v2,88000000ffffffffffffa8dd9f4dc5b5
1748,27.857163830,9.409994,30,v2,88000000ffffffffffffa8dd9f4dc5b5
1749,27.865153527,7.989697,30,v2,88000000ffffffffffffa8dd9f4dc5b5
1750,27.874356805,9.203278,30,v2,88000000ffffffffffffa8dd9f4dc5b5
1751,27.883375225,9.018420,30,v2,88000000ffffffffffffa8dd9f4dc5b5
1752,27.892567980,9.192755,30,v2,88000000ffffffffffffa8dd9f4dc5b5
1753,27.901603808,9.035828,30,v2,88000000ffffffffffffa8dd9f4dc5b5
1754,27.910754937,9.151129,30,v2,88000000ffffffffffffa8dd9f4dc5b5
1755,27.920049530,9.294593,30,v2,88000000ffffffffffffa8dd9f4dc5b5
1756,27.928151447,8.101917,30,v2,88000000ffffffffffffa8dd9f4dc5b5
1757,27.937369547,9.218100,30,v2,88000000ffffffffffffa8dd9f4dc5b5
1758,27.946468441,9.098894,30,v2,88000000ffffffffffffa8dd9f4dc5b5
1759,27.955649354,9.180913,30,v2,88000000ffffffffffffa8dd9f4dc5b5
1760,27.965733178,10.083824,30,v2,88000000ffffffffffffa8dd9f4dc5b5
1761,27.974185016,8.451838,30,v2,88000000ffffffffffffa8dd9f4dc5b5
1762,27.982976909,8.791893,30,v2,88000000ffffffffffffa8dd9f4dc5b5
1763,27.992172331,9.195422,30,v2,88000000ffffffffffffa8dd9f4dc5b5
1764,28.001284938,9.112607,30,v2,88000000ffffffffffffa8dd9f4dc5b5
1765,28.010430935,9.145997,30,v2,88000000ffffffffffffa8dd9f4dc5b5
1766,28.019521409,9.090474,30,v2,88000000ffffffffffffa8dd9f4dc5b5
1767,28.028710941,9.189532,30,v2,88000000ffffffffffffa8dd9f4dc5b5
1768,28.038203717,9.492776,30,v2,88000000ffffffffffffa8dd9f4dc5b5
1769,28.046624736,8.421019,30,v2,88000000ffffffffffffa8dd9f4dc5b5
1770,28.055140043,8.515307,30,v2,88000000ffffffffffffa8dd9f4dc5b5
1771,28.064288575,9.148532,30,v2,88000000ffffffffffffa8dd9f4dc5b5
1772,28.073297377,9.008802,30,v2,88000000ffffffffffffa8dd9f4dc5b5
1773,28.082528895,9.231518,30,v2,88000000ffffffffffffa8dd9f4dc5b5
1774,28.092762539,10.233644,30,v2,88000000ffffffffffffa8dd9f4dc5b5
1775,28.100814561,8.052022,30,v2,88000000ffffffffffffa8dd9f4dc5b5
1776,28.109894185,9.079624,30,v2,88000000ffffffffffffa8dd9f4dc5b5
1777,28.119077025,9.182840,30,v2,88000000ffffffffffffa8dd9f4dc5b5
1778,28.128238521,9.161496,30,v2,88000000ffffffffffffa8dd9f4dc5b5
1779,28.137423801,9.185280,30,v2,88000000ffffffffffffa8dd9f4dc5b5
1780,28.146528828,9.105027,30,v2,88000000ffffffffffffa8dd9f4dc5b5
1781,28.154683269,8.154441,30,v2,88000000ffffffffffffa8dd9f4dc5b5
1782,28.163720501,9.037232,30,v2,88000000ffffffffffffa8dd9f4dc5b5
1783,28.172912498,9.191997,30,v2,88000000ffffffffffffa8dd9f4dc5b5
1784,28.182254228,9.341730,30,v2,88000000ffffffffffffa8dd9f4dc5b5
1785,28.191297491,9.043263,30,v2,88000000ffffffffffffa8dd9f4dc5b5
1786,28.200385252,9.087761,30,v2,88000000ffffffffffffa8dd9f4dc5b5
1787,28.208490003,8.104751,30,v2,88000000ffffffffffffa8dd9f4dc5b5
1788,28.217586918,9.096915,30,v2,88000000ffffffffffffa8dd9f4dc5b5
1789,28.227849589,10.262671,30,v2,88000000ffffffffffffa8dd9f4dc5b5
1790,28.236958064,9.108475,30,v2,88000000ffffffffffffa8dd9f4dc5b5
1791,28.246275613,9.317549,30,v2,88000000ffffffffffffa8dd9f4dc5b5
1792,28.255293629,9.018016,30,v2,88000000ffffffffffffa8dd9f4dc5b5
1793,28.263693892,8.400263,30,v2,88000000ffffffffffffa8dd9f4dc5b5
1794,28.272554222,8.860330,30,v2,88000000ffffffffffffa8dd9f4dc5b5
1795,28.281722978,9.168756,30,v2,88000000ffffffffffffa8dd9f4dc5b5
1796,28.290817505,9.094527,30,v2,88000000ffffffffffffa8dd9f4dc5b5
1797,28.299916443,9.098938,30,v2,88000000ffffffffffffa8dd9f4dc5b5
1798,28.309117815,9.201372,30,v2,88000000ffffffffffffa8dd9f4dc5b5
1799,28.318145594,9.027779,30,v2,88000000ffffffffffffa8dd9f4dc5b5
1800,28.326250009,8.104415,30,v2,88000000ffffffffffffa8dd9f4dc5b5
1801,28.335724973,9.474964,30,v2,88000000ffffffffffffa8dd9f4dc5b5
1802,28.344814054,9.089081,30,v2,88000000ffffffffffffa8dd9f4dc5b5
1803,28.354839755,10.025701,30,v2,88000000ffffffffffffa8dd9f4dc5b5
1804,28.364126633,9.286878,30,v2,88000000ffffffffffffa8dd9f4dc5b5
1805,28.373292580,9.165947,30,v2,88000000ffffffffffffa8dd9f4dc5b5
1806,28.381539161,8.246581,30,v2,88000000ffffffffffffa8dd9f4dc5b5
1807,28.390657631,9.118470,30,v2,88000000ffffffffffffa8dd9f4dc5b5
1808,28.399574535,8.916904,30,v2,88000000ffffffffffffa8dd9f4dc5b5
1809,28.408714293,9.139758,30,v2,88000000ffffffffffffa8dd9f4dc5b5
1810,28.417862353,9.148060,30,v2,88000000ffffffffffffa8dd9f4dc5b5
1811,28.426879786,9.017433,30,v2,88000000ffffffffffffa8dd9f4dc5b5
1812,28.435302042,8.422256,30,v2,88000000ffffffffffffa8dd9f4dc5b5
1813,28.445266931,9.964889,30,v2,88000000ffffffffffffa8dd9f4dc5b5
1814,28.453429895,8.162964,30,v2,88000000ffffffffffffa8dd9f4dc5b5
1815,28.462693103,9.263208,30,v2,88000000ffffffffffffa8dd9f4dc5b5
1816,28.471721609,9.028506,30,v2,88000000ffffffffffffa8dd9f4dc5b5
1817,28.482073738,10.352129,30,v2,88000000ffffffffffffa8dd9f4dc5b5
1818,28.490998683,8.924945,30,v2,88000000ffffffffffffa8dd9f4dc5b5
1819,28.500314572,9.315889,30,v2,88000000ffffffffffffa8dd9f4dc5b5
1820,28.508268244,7.953672,30,v2,88000000ffffffffffffa8dd9f4dc5b5
1821,28.517359797,9.091553,30,v2,88000000ffffffffffffa8dd9f4dc5b5
1822,28.526709599,9.349802,30,v2,88000000ffffffffffffa8dd9f4dc5b5
1823,28.535566884,8.857285,30,v2,88000000ffffffffffffa8dd9f4dc5b5
1824,28.544875277,9.308393,30,v2,88000000ffffffffffffa8dd9f4dc5b5
1825,28.553970940,9.095663,30,v2,88000000ffffffffffffa8dd9f4dc5b5
1826,28.563232519,9.261579,30,v2,88000000ffffffffffffa8dd9f4dc5b5
1827,28.572402834,9.170315,30,v2,88000000ffffffffffffa8dd9f4dc5b5
1828,28.580369089,7.966255,30,v2,88000000ffffffffffffa8dd9f4dc5b5
1829,28.589488441,9.119352,30,v2,88000000ffffffffffffa8dd9f4dc5b5
1830,28.598651744,9.163303,30,v2,88000000ffffffffffffa8dd9f4dc5b5
1831,28.607706313,9.054569,30,v2,88000000ffffffffffffa8dd9f4dc5b5
1832,28.617874252,10.167939,30,v2,88000000ffffffffffffa8dd9f4dc5b5
1833,28.628922876,11.048624,30,v2,88000000ffffffffffffa8dd9f4dc5b5
1834,28.635457823,6.534947,30,v2,88000000ffffffffffffa8dd9f4dc5b5
1835,28.644367508,8.909685,30,v2,88000000ffffffffffffa8dd9f4dc5b5
1836,28.653506962,9.139454,30,v2,88000000ffffffffffffa8dd9f4dc5b5
1837,28.662781255,9.274293,30,v2,88000000ffffffffffffa8dd9f4dc5b5
1838,28.671774050,8.992795,30,v2,88000000ffffffffffffa8dd9f4dc5b5
1839,28.680903356,9.129306,30,v2,88000000ffffffffffffa8dd9f4dc5b5
1840,28.690099396,9.196040,30,v2,88000000ffffffffffffa8dd9f4dc5b5
1841,29.021540372,331.440976,30,v2,88000000ffffffffffffa8dd9f4dc5b5
1842,29.030741604,9.201232,30,v2,88000000ffffffffffffa8dd9f4dc5b5
1843,29.038793202,8.051598,30,v2,88000000ffffffffffffa8dd9f4dc5b5
1844,29.047654500,8.861298,30,v2,88000000ffffffffffffa8dd9f4dc5b5
1845,29.056805088,9.150588,30,v2,88000000ffffffffffffa8dd9f4dc5b5
1846,29.064927381,8.122293,30,v2,88000000ffffffffffffa8dd9f4dc5b5
1847,29.074145704,9.218323,30,v2,88000000ffffffffffffa8dd9f4dc5b5
1848,29.083398941,9.253237,30,v2,88000000ffffffffffffa8dd9f4dc5b5
1849,29.092361371,8.962430,30,v2,88000000ffffffffffffa8dd9f4dc5b5
1850,29.101613536,9.252165,30,v2,88000000ffffffffffffa8dd9f4dc5b5
1851,29.109892098,8.278562,30,v2,88000000ffffffffffffa8dd9f4dc5b5
1852,29.119014828,9.122730,30,v2,88000000ffffffffffffa8dd9f4dc5b5
1853,29.128075332,9.060504,30,v2,88000000ffffffffffffa8dd9f4dc5b5
1854,29.138193107,10.117775,30,v2,88000000ffffffffffffa8dd9f4dc5b5
1855,29.146270498,8.077391,30,v2,88000000ffffffffffffa8dd9f4dc5b5
1856,29.155573573,9.303075,30,v2,88000000ffffffffffffa8dd9f4dc5b5
1857,29.164628907,9.055334,30,v2,88000000ffffffffffffa8dd9f4dc5b5
1858,29.172695092,8.066185,30,v2,88000000ffffffffffffa8dd9f4dc5b5
1859,29.182401675,9.706583,30,v2,88000000ffffffffffffa8dd9f4dc5b5
1860,29.191133584,8.731909,30,v2,88000000ffffffffffffa8dd9f4dc5b5
1861,29.200117028,8.983444,30,v2,88000000ffffffffffffa8dd9f4dc5b5
1862,29.208306405,8.189377,30,v2,88000000ffffffffffffa8dd9f4dc5b5
1863,29.217436098,9.129693,30,v2,88000000ffffffffffffa8dd9f4dc5b5
1864,29.226658252,9.222154,30,v2,88000000ffffffffffffa8dd9f4dc5b5
1865,29.235696289,9.038037,30,v2,88000000ffffffffffffa8dd9f4dc5b5
1866,29.244906289,9.210000,30,v2,88000000ffffffffffffa8dd9f4dc5b5
1867,29.253160623,8.254334,30,v2,88000000ffffffffffffa8dd9f4dc5b5
1868,29.263232999,10.072376,30,v2,88000000ffffffffffffa8dd9f4dc5b5
1869,29.272361710,9.128711,30,v2,88000000ffffffffffffa8dd9f4dc5b5
1870,29.280465301,8.103591,30,v2,88000000ffffffffffffa8dd9f4dc5b5
1871,29.289777015,9.311714,30,v2,88000000ffffffffffffa8dd9f4dc5b5
1872,29.298683149,8.906134,30,v2,88000000ffffffffffffa8dd9f4dc5b5
1873,29.309760102,11.076953,30,v2,88000000ffffffffffffa8dd9f4dc5b5
1874,29.316278163,6.518061,30,v2,88000000ffffffffffffa8dd9f4dc5b5
1875,29.325358293,9.080130,30,v2,88000000ffffffffffffa8dd9f4dc5b5
1876,29.334379734,9.021441,30,v2,88000000ffffffffffffa8dd9f4dc5b5
1877,29.343553405,9.173671,30,v2,88000000ffffffffffffa8dd9f4dc5b5
1878,29.351657697,8.104292,30,v2,88000000ffffffffffffa8dd9f4dc5b5
1879,29.362100126,10.442429,30,v2,88000000ffffffffffffa8dd9f4dc5b5
1880,29.370185590,8.085464,30,v2,88000000ffffffffffffa8dd9f4dc5b5
1881,29.378953617,8.768027,30,v2,88000000ffffffffffffa8dd9f4dc5b5
1882,29.387242695,8.289078,30,v2,88000000ffffffffffffa8dd9f4dc5b5
1883,29.397478973,10.236278,30,v2,88000000ffffffffffffa8dd9f4dc5b5
1884,29.406411503,8.932530,30,v2,88000000ffffffffffffa8dd9f4dc5b5
1885,29.415643377,9.231874,30,v2,88000000ffffffffffffa8dd9f4dc5b5
1886,29.424732714,9.089337,30,v2,88000000ffffffffffffa8dd9f4dc5b5
1887,29.432853525,8.120811,30,v2,88000000ffffffffffffa8dd9f4dc5b5
1888,29.442042861,9.189336,30,v2,88000000ffffffffffffa8dd9f4dc5b5
1889,29.451283205,9.240344,30,v2,88000000ffffffffffffa8dd9f4dc5b5
1890,29.460276283,8.993078,30,v2,88000000ffffffffffffa8dd9f4dc5b5
1891,29.468291742,8.015459,30,v2,88000000ffffffffffffa8dd9f4dc5b5
1892,29.477576673,9.284931,30,v2,88000000ffffffffffffa8dd9f4dc5b5
1893,29.486623709,9.047036,30,v2,88000000ffffffffffffa8dd9f4dc5b5
1894,29.494756678,8.132969,30,v2,88000000ffffffffffffa8dd9f4dc5b5
1895,29.503897677,9.140999,30,v2,88000000ffffffffffffa8dd9f4dc5b5
1896,29.513271297,9.373620,30,v2,88000000ffffffffffffa8dd9f4dc5b5
1897,29.523164651,9.893354,30,v2,88000000ffffffffffffa8dd9f4dc5b5
1898,29.532459175,9.294524,30,v2,88000000ffffffffffffa8dd9f4dc5b5
1899,29.540683653,8.224478,30,v2,88000000ffffffffffffa8dd9f4dc5b5
1900,29.549581886,8.898233,30,v2,88000000ffffffffffffa8dd9f4dc5b5
1901,29.560652973,11.071087,30,v2,88000000ffffffffffffa8dd9f4dc5b5
1902,29.567818676,7.165703,30,v2,88000000ffffffffffffa8dd9f4dc5b5
1903,29.576000024,8.181348,30,v2,88000000ffffffffffffa8dd9f4dc5b5
1904,29.585207350,9.207326,30,v2,88000000ffffffffffffa8dd9f4dc5b5
1905,29.594540168,9.332818,30,v2,88000000ffffffffffffa8dd9f4dc5b5
1906,29.602908471,8.368303,30,v2,88000000ffffffffffffa8dd9f4dc5b5
1907,29.611764905,8.856434,30,v2,88000000ffffffffffffa8dd9f4dc5b5
1908,29.620688933,8.924028,30,v2,88000000ffffffffffffa8dd9f4dc5b5
1909,29.629963057,9.274124,30,v2,88000000ffffffffffffa8dd9f4dc5b5
1910,29.638883400,8.920343,30,v2,88000000ffffffffffffa8dd9f4dc5b5
1911,29.647235265,8.351865,30,v2,88000000ffffffffffffa8dd9f4dc5b5
1912,29.657384334,10.149069,30,v2,88000000ffffffffffffa8dd9f4dc5b5
1913,29.666618523,9.234189,30,v2,88000000ffffffffffffa8dd9f4dc5b5
1914,29.675502585,8.884062,30,v2,88000000ffffffffffffa8dd9f4dc5b5
1915,29.683801716,8.299131,30,v2,88000000ffffffffffffa8dd9f4dc5b5
1916,29.692881221,9.079505,30,v2,88000000ffffffffffffa8dd9f4dc5b5
1917,29.701992573,9.111352,30,v2,88000000ffffffffffffa8dd9f4dc5b5
1918,29.710391432,8.398859,30,v2,88000000ffffffffffffa8dd9f4dc5b5
1919,29.719781362,9.389930,30,v2,88000000ffffffffffffa8dd9f4dc5b5
1920,29.728504037,8.722675,30,v2,88000000ffffffffffffa8dd9f4dc5b5
1921,29.738824451,10.320414,30,v2,88000000ffffffffffffa8dd9f4dc5b5
1922,29.745996860,7.172409,30,v2,88000000ffffffffffffa8dd9f4dc5b5
1923,29.754774979,8.778119,30,v2,88000000ffffffffffffa8dd9f4dc5b5
1924,29.763906452,9.131473,30,v2,88000000ffffffffffffa8dd9f4dc5b5
1925,29.773115695,9.209243,30,v2,88000000ffffffffffffa8dd9f4dc5b5
1926,29.784562335,11.446640,30,v2,88000000ffffffffffffa8dd9f4dc5b5
1927,29.791568654,7.006319,30,v2,88000000ffffffffffffa8dd9f4dc5b5
1928,29.800780830,9.212176,30,v2,88000000ffffffffffffa8dd9f4dc5b5
1929,29.809684645,8.903815,30,v2,88000000ffffffffffffa8dd9f4dc5b5
1930,29.817860922,8.176277,30,v2,88000000ffffffffffffa8dd9f4dc5b5
1931,29.827373984,9.513062,30,v2,88000000ffffffffffffa8dd9f4dc5b5
1932,29.836329041,8.955057,30,v2,88000000ffffffffffffa8dd9f4dc5b5
1933,29.844541411,8.212370,30,v2,88000000ffffffffffffa8dd9f4dc5b5
1934,29.853461434,8.920023,30,v2,88000000ffffffffffffa8dd9f4dc5b5
1935,29.862809345,9.347911,30,v2,88000000ffffffffffffa8dd9f4dc5b5
1936,29.873626800,10.817455,30,v2,88000000ffffffffffffa8dd9f4dc5b5
1937,29.880893407,7.266607,30,v2,88000000ffffffffffffa8dd9f4dc5b5
1938,29.888893565,8.000158,30,v2,88000000ffffffffffffa8dd9f4dc5b5
1939,29.898137907,9.244342,30,v2,88000000ffffffffffffa8dd9f4dc5b5
1940,29.907329843,9.191936,30,v2,88000000ffffffffffffa8dd9f4dc5b5
1941,30.238488622,331.158779,30,v2,88000000ffffffffffffa8dd9f4dc5b5
1942,30.247894069,9.405447,30,v2,88000000ffffffffffffa8dd9f4dc5b5
1943,30.255759067,7.864998,30,v2,88000000ffffffffffffa8dd9f4dc5b5
1944,30.264987143,9.228076,30,v2,88000000ffffffffffffa8dd9f4dc5b5
1945,30.274168253,9.181110,30,v2,88000000ffffffffffffa8dd9f4dc5b5
1946,30.283539215,9.370962,30,v2,88000000ffffffffffffa8dd9f4dc5b5
1947,30.291312607,7.773392,30,v2,88000000ffffffffffffa8dd9f4dc5b5
1948,30.300401143,9.088536,30,v2,88000000ffffffffffffa8dd9f4dc5b5
1949,30.309604311,9.203168,30,v2,88000000ffffffffffffa8dd9f4dc5b5
1950,30.318592526,8.988215,30,v2,88000000ffffffffffffa8dd9f4dc5b5
1951,30.327944015,9.351489,30,v2,88000000ffffffffffffa8dd9f4dc5b5
1952,30.336272823,8.328808,30,v2,88000000ffffffffffffa8dd9f4dc5b5
1953,30.346026123,9.753300,30,v2,88000000ffffffffffffa8dd9f4dc5b5
1954,30.354229367,8.203244,30,v2,88000000ffffffffffffa8dd9f4dc5b5
1955,30.362738809,8.509442,30,v2,88000000ffffffffffffa8dd9f4dc5b5
1956,30.371601435,8.862626,30,v2,88000000ffffffffffffa8dd9f4dc5b5
1957,30.380639529,9.038094,30,v2,88000000ffffffffffffa8dd9f4dc5b5
1958,30.388788173,8.148644,30,v2,88000000ffffffffffffa8dd9f4dc5b5
1959,30.398005769,9.217596,30,v2,88000000ffffffffffffa8dd9f4dc5b5
1960,30.406133942,8.128173,30,v2,88000000ffffffffffffa8dd9f4dc5b5
1961,30.415426771,9.292829,30,v2,88000000ffffffffffffa8dd9f4dc5b5
1962,30.424503101,9.076330,30,v2,88000000ffffffffffffa8dd9f4dc5b5
1963,30.433702383,9.199282,30,v2,88000000ffffffffffffa8dd9f4dc5b5
1964,30.442844221,9.141838,30,v2,88000000ffffffffffffa8dd9f4dc5b5
1965,30.451792396,8.948175,30,v2,88000000ffffffffffffa8dd9f4dc5b5
1966,30.459914072,8.121676,30,v2,88000000ffffffffffffa8dd9f4dc5b5
1967,30.469086771,9.172699,30,v2,88000000ffffffffffffa8dd9f4dc5b5
1968,30.477235587,8.148816,30,v2,88000000ffffffffffffa8dd9f4dc5b5
1969,30.486376281,9.140694,30,v2,88000000ffffffffffffa8dd9f4dc5b5
1970,30.495469524,9.093243,30,v2,88000000ffffffffffffa8dd9f4dc5b5
1971,30.504656299,9.186775,30,v2,88000000ffffffffffffa8dd9f4dc5b5
1972,30.513012013,8.355714,30,v2,88000000ffffffffffffa8dd9f4dc5b5
1973,30.522108376,9.096363,30,v2,88000000ffffffffffffa8dd9f4dc5b5
1974,30.531056136,8.947760,30,v2,88000000ffffffffffffa8dd9f4dc5b5
1975,30.539263706,8.207570,30,v2,88000000ffffffffffffa8dd9f4dc5b5
1976,30.549575373,10.311667,30,v2,88000000ffffffffffffa8dd9f4dc5b5
1977,30.557763313,8.187940,30,v2,88000000ffffffffffffa8dd9f4dc5b5
1978,30.566868630,9.105317,30,v2,88000000ffffffffffffa8dd9f4dc5b5
1979,30.577124832,10.256202,30,v2,88000000ffffffffffffa8dd9f4dc5b5
1980,30.584811492,7.686660,30,v2,88000000ffffffffffffa8dd9f4dc5b5
1981,30.593608976,8.797484,30,v2,88000000ffffffffffffa8dd9f4dc5b5
1982,30.602101377,8.492401,30,v2,88000000ffffffffffffa8dd9f4dc5b5
1983,30.611568345,9.466968,30,v2,88000000ffffffffffffa8dd9f4dc5b5
1984,30.619735538,8.167193,30,v2,88000000ffffffffffffa8dd9f4dc5b5
1985,30.629842731,10.107193,30,v2,88000000ffffffffffffa8dd9f4dc5b5
1986,30.638189311,8.346580,30,v2,88000000ffffffffffffa8dd9f4dc5b5
1987,30.645929791,7.740480,30,v2,88000000ffffffffffffa8dd9f4dc5b5
1988,30.655232772,9.302981,30,v2,88000000ffffffffffffa8dd9f4dc5b5
1989,30.664656406,9.423634,30,v2,88000000ffffffffffffa8dd9f4dc5b5
1990,30.674120432,9.464026,30,v2,88000000ffffffffffffa8dd9f4dc5b5
1991,30.681666208,7.545776,30,v2,88000000ffffffffffffa8dd9f4dc5b5
1992,30.689987464,8.321256,30,v2,88000000ffffffffffffa8dd9f4dc5b5
1993,30.699749074,9.761610,30,v2,88000000ffffffffffffa8dd9f4dc5b5
1994,30.708935794,9.186720,30,v2,88000000ffffffffffffa8dd9f4dc5b5
1995,30.717137503,8.201709,30,v2,88000000ffffffffffffa8dd9f4dc5b5
1996,30.726230618,9.093115,30,v2,88000000ffffffffffffa8dd9f4dc5b5
1997,30.737055682,10.825064,30,v2,88000000ffffffffffffa8dd9f4dc5b5
1998,30.745308776,8.253094,30,v2,88000000ffffffffffffa8dd9f4dc5b5
1999,30.752649659,7.340883,30,v2,88000000ffffffffffffa8dd9f4dc5b5
2000,30.761630033,8.980374,30,v2,88000000ffffffffffffa8dd9f4dc5b5
2001,30.769942495,8.312462,30,v2,88000000ffffffffffffa8dd9f4dc5b5
2002,30.779575221,9.632726,30,v2,88000000ffffffffffffa8dd9f4dc5b5
2003,30.788470109,8.894888,30,v2,88000000ffffffffffffa8dd9f4dc5b5
2004,30.796275431,7.805322,30,v2,88000000ffffffffffffa8dd9f4dc5b5
2005,30.805428297,9.152866,30,v2,88000000ffffffffffffa8dd9f4dc5b5
2006,30.814543265,9.114968,30,v2,88000000ffffffffffffa8dd9f4dc5b5
2007,30.823707396,9.164131,30,v2,88000000ffffffffffffa8dd9f4dc5b5
2008,30.833012498,9.305102,30,v2,88000000ffffffffffffa8dd9f4dc5b5
2009,30.842128165,9.115667,30,v2,88000000ffffffffffffa8dd9f4dc5b5
2010,30.850043299,7.915134,30,v2,88000000ffffffffffffa8dd9f4dc5b5
2011,30.860105364,10.062065,30,v2,88000000ffffffffffffa8dd9f4dc5b5
2012,30.867599857,7.494493,30,v2,88000000ffffffffffffa8dd9f4dc5b5
2013,30.878505464,10.905607,30,v2,88000000ffffffffffffa8dd9f4dc5b5
2014,30.886078789,7.573325,30,v2,88000000ffffffffffffa8dd9f4dc5b5
2015,30.893755903,7.677114,30,v2,88000000ffffffffffffa8dd9f4dc5b5
2016,30.903403497,9.647594,30,v2,88000000ffffffffffffa8dd9f4dc5b5
2017,30.912030498,8.627001,30,v2,88000000ffffffffffffa8dd9f4dc5b5
2018,30.920258083,8.227585,30,v2,88000000ffffffffffffa8dd9f4dc5b5
2019,30.929459315,9.201232,30,v2,88000000ffffffffffffa8dd9f4dc5b5
2020,30.937646240,8.186925,30,v2,88000000ffffffffffffa8dd9f4dc5b5
2021,30.946576985,8.930745,30,v2,88000000ffffffffffffa8dd9f4dc5b5
2022,30.958581373,12.004388,30,v2,88000000ffffffffffffa8dd9f4dc5b5
2023,30.966413444,7.832071,30,v2,88000000ffffffffffffa8dd9f4dc5b5
2024,30.974213980,7.800536,30,v2,88000000ffffffffffffa8dd9f4dc5b5
2025,30.983212471,8.998491,30,v2,88000000ffffffffffffa8dd9f4dc5b5
2026,30.993260978,10.048507,30,v2,88000000ffffffffffffa8dd9f4dc5b5
2027,31.000562214,7.301236,30,v2,88000000ffffffffffffa8dd9f4dc5b5
2028,31.009612198,9.049984,30,v2,88000000ffffffffffffa8dd9f4dc5b5
2029,31.017848820,8.236622,30,v2,88000000ffffffffffffa8dd9f4dc5b5
2030,31.026811781,8.962961,30,v2,88000000ffffffffffffa8dd9f4dc5b5
2031,31.036216269,9.404488,30,v2,88000000ffffffffffffa8dd9f4dc5b5
2032,31.044289890,8.073621,30,v2,88000000ffffffffffffa8dd9f4dc5b5
2033,31.053202745,8.912855,30,v2,88000000ffffffffffffa8dd9f4dc5b5
2034,31.062376564,9.173819,30,v2,88000000ffffffffffffa8dd9f4dc5b5
2035,31.070598061,8.221497,30,v2,88000000ffffffffffffa8dd9f4dc5b5
2036,31.079640369,9.042308,30,v2,88000000ffffffffffffa8dd9f4dc5b5
2037,31.089863150,10.222781,30,v2,88000000ffffffffffffa8dd9f4dc5b5
2038,31.098067798,8.204648,30,v2,88000000ffffffffffffa8dd9f4dc5b5
2039,31.107208940,9.141142,30,v2,88000000ffffffffffffa8dd9f4dc5b5
2040,31.115504934,8.295994,30,v2,88000000ffffffffffffa8dd9f4dc5b5
2041,31.446721932,331.216998,30,v2,88000000ffffffffffffa8dd9f4dc5b5
2042,31.454829502,8.107570,30,v2,88000000ffffffffffffa8dd9f4dc5b5
2043,31.463865288,9.035786,30,v2,88000000ffffffffffffa8dd9f4dc5b5
2044,31.474110098,10.244810,30,v2,88000000ffffffffffffa8dd9f4dc5b5
2045,31.482104667,7.994569,30,v2,88000000ffffffffffffa8dd9f4dc5b5
2046,31.491263872,9.159205,30,v2,88000000ffffffffffffa8dd9f4dc5b5
2047,31.499398513,8.134641,30,v2,88000000ffffffffffffa8dd9f4dc5b5
2048,31.508475171,9.076658,30,v2,88000000ffffffffffffa8dd9f4dc5b5
2049,31.516725069,8.249898,30,v2,88000000ffffffffffffa8dd9f4dc5b5
2050,31.526185381,9.460312,30,v2,88000000ffffffffffffa8dd9f4dc5b5
2051,31.534020488,7.835107,30,v2,88000000ffffffffffffa8dd9f4dc5b5
2052,31.543215454,9.194966,30,v2,88000000ffffffffffffa8dd9f4dc5b5
2053,31.552125070,8.909616,30,v2,88000000ffffffffffffa8dd9f4dc5b5
2054,31.560655942,8.530872,30,v2,88000000ffffffffffffa8dd9f4dc5b5
2055,31.571506470,10.850528,30,v2,88000000ffffffffffffa8dd9f4dc5b5
2056,31.578114482,6.608012,30,v2,88000000ffffffffffffa8dd9f4dc5b5
2057,31.586703922,8.589440,30,v2,88000000ffffffffffffa8dd9f4dc5b5
2058,31.595468377,8.764455,30,v2,88000000ffffffffffffa8dd9f4dc5b5
2059,31.604970570,9.502193,30,v2,88000000ffffffffffffa8dd9f4dc5b5
2060,31.613273042,8.302472,30,v2,88000000ffffffffffffa8dd9f4dc5b5
2061,31.622271129,8.998087,30,v2,88000000ffffffffffffa8dd9f4dc5b5
2062,31.630506119,8.234990,30,v2,88000000ffffffffffffa8dd9f4dc5b5
2063,31.639682977,9.176858,30,v2,88000000ffffffffffffa8dd9f4dc5b5
2064,31.648765408,9.082431,30,v2,88000000ffffffffffffa8dd9f4dc5b5
2065,31.656802607,8.037199,30,v2,88000000ffffffffffffa8dd9f4dc5b5
2066,31.667192712,10.390105,30,v2,88000000ffffffffffffa8dd9f4dc5b5
2067,31.674788914,7.596202,30,v2,88000000ffffffffffffa8dd9f4dc5b5
2068,31.683232116,8.443202,30,v2,88000000ffffffffffffa8dd9f4dc5b5
2069,31.692043063,8.810947,30,v2,88000000ffffffffffffa8dd9f4dc5b5
2070,31.700592520,8.549457,30,v2,88000000ffffffffffffa8dd9f4dc5b5
2071,31.708627915,8.035395,30,v2,88000000ffffffffffffa8dd9f4dc5b5
2072,31.717782697,9.154782,30,v2,88000000ffffffffffffa8dd9f4dc5b5
2073,31.725961283,8.178586,30,v2,88000000ffffffffffffa8dd9f4dc5b5
2074,31.735969557,10.008274,30,v2,88000000ffffffffffffa8dd9f4dc5b5
2075,31.745390025,9.420468,30,v2,88000000ffffffffffffa8dd9f4dc5b5
2076,31.753367967,7.977942,30,v2,88000000ffffffffffffa8dd9f4dc5b5
2077,31.762474040,9.106073,30,v2,88000000ffffffffffffa8dd9f4dc5b5
2078,31.771842978,9.368938,30,v2,88000000ffffffffffffa8dd9f4dc5b5
2079,31.779865233,8.022255,30,v2,88000000ffffffffffffa8dd9f4dc5b5
2080,31.788889234,9.024001,30,v2,88000000ffffffffffffa8dd9f4dc5b5
2081,31.796943327,8.054093,30,v2,88000000ffffffffffffa8dd9f4dc5b5
2082,31.806229188,9.285861,30,v2,88000000ffffffffffffa8dd9f4dc5b5
2083,31.814760525,8.531337,30,v2,88000000ffffffffffffa8dd9f4dc5b5
2084,31.823530585,8.770060,30,v2,88000000ffffffffffffa8dd9f4dc5b5
2085,31.832659559,9.128974,30,v2,88000000ffffffffffffa8dd9f4dc5b5
2086,31.840636295,7.976736,30,v2,88000000ffffffffffffa8dd9f4dc5b5
2087,31.849748001,9.111706,30,v2,88000000ffffffffffffa8dd9f4dc5b5
2088,31.857955678,8.207677,30,v2,88000000ffffffffffffa8dd9f4dc5b5
2089,31.868056591,10.100913,30,v2,88000000ffffffffffffa8dd9f4dc5b5
2090,31.876219777,8.163186,30,v2,88000000ffffffffffffa8dd9f4dc5b5
2091,31.885610418,9.390641,30,v2,88000000ffffffffffffa8dd9f4dc5b5
2092,31.893754646,8.144228,30,v2,88000000ffffffffffffa8dd9f4dc5b5
2093,31.902699969,8.945323,30,v2,88000000ffffffffffffa8dd9f4dc5b5
2094,31.910858456,8.158487,30,v2,88000000ffffffffffffa8dd9f4dc5b5
2095,31.919999134,9.140678,30,v2,88000000ffffffffffffa8dd9f4dc5b5
2096,31.929054361,9.055227,30,v2,88000000ffffffffffffa8dd9f4dc5b5
2097,31.937155603,8.101242,30,v2,88000000ffffffffffffa8dd9f4dc5b5
2098,31.946258827,9.103224,30,v2,88000000ffffffffffffa8dd9f4dc5b5
2099,31.954594421,8.335594,30,v2,88000000ffffffffffffa8dd9f4dc5b5
2100,31.963530837,8.936416,30,v2,88000000ffffffffffffa8dd9f4dc5b5
2101,31.971780510,8.249673,30,v2,88000000ffffffffffffa8dd9f4dc5b5
2102,31.980913864,9.133354,30,v2,88000000ffffffffffffa8dd9f4dc5b5
2103,31.989639288,8.725424,30,v2,88000000ffffffffffffa8dd9f4dc5b5
2104,31.999165499,9.526211,30,v2,88000000ffffffffffffa8dd9f4dc5b5
2105,32.007426595,8.261096,30,v2,88000000ffffffffffffa8dd9f4dc5b5
2106,32.016472560,9.045965,30,v2,88000000ffffffffffffa8dd9f4dc5b5
2107,32.025543270,9.070710,30,v2,88000000ffffffffffffa8dd9f4dc5b5
2108,32.033658463,8.115193,30,v2,88000000ffffffffffffa8dd9f4dc5b5
2109,32.040056784,6.398321,99,v2,1c000000aadd9f4dc5b5689199010000
2110,32.042845140,2.788356,30,v2,88000000ffffffffffffa8dd9f4dc5b5
2111,32.051167218,8.322078,30,v2,88000000ffffffffffffa8dd9f4dc5b5
2112,32.060157482,8.990264,30,v2,88000000ffffffffffffa8dd9f4dc5b5
2113,32.068601650,8.444168,30,v2,88000000ffffffffffffa8dd9f4dc5b5
2114,32.077459858,8.858208,30,v2,88000000ffffffffffffa8dd9f4dc5b5
2115,32.085784760,8.324902,30,v2,88000000ffffffffffffa8dd9f4dc5b5
2116,32.095018066,9.233306,30,v2,88000000ffffffffffffa8dd9f4dc5b5
2117,32.102843942,7.825876,30,v2,88000000ffffffffffffa8dd9f4dc5b5
2118,32.111955481,9.111539,30,v2,88000000ffffffffffffa8dd9f4dc5b5
2119,32.120103537,8.148056,30,v2,88000000ffffffffffffa8dd9f4dc5b5
2120,32.130334058,10.230521,30,v2,88000000ffffffffffffa8dd9f4dc5b5
2121,32.139402888,9.068830,30,v2,88000000ffffffffffffa8dd9f4dc5b5
2122,32.147725121,8.322233,30,v2,88000000ffffffffffffa8dd9f4dc5b5
2123,32.156713725,8.988604,30,v2,88000000ffffffffffffa8dd9f4dc5b5
2124,32.164820956,8.107231,30,v2,88000000ffffffffffffa8dd9f4dc5b5
2125,32.174152115,9.331159,30,v2,88000000ffffffffffffa8dd9f4dc5b5
2126,32.182369307,8.217192,30,v2,88000000ffffffffffffa8dd9f4dc5b5
2127,32.191434849,9.065542,30,v2,88000000ffffffffffffa8dd9f4dc5b5
2128,32.200359435,8.924586,30,v2,88000000ffffffffffffa8dd9f4dc5b5
2129,32.208641108,8.281673,30,v2,88000000ffffffffffffa8dd9f4dc5b5
2130,32.218126463,9.485355,30,v2,88000000ffffffffffffa8dd9f4dc5b5
2131,32.225757286,7.630823,30,v2,88000000ffffffffffffa8dd9f4dc5b5
2132,32.235471874,9.714588,30,v2,88000000ffffffffffffa8dd9f4dc5b5
2133,32.243090474,7.618600,30,v2,88000000ffffffffffffa8dd9f4dc5b5
2134,32.253128722,10.038248,30,v2,88000000ffffffffffffa8dd9f4dc5b5
2135,32.261246146,8.117424,30,v2,88000000ffffffffffffa8dd9f4dc5b5
2136,32.270654027,9.407881,30,v2,88000000ffffffffffffa8dd9f4dc5b5
2137,32.278472428,7.818401,30,v2,88000000ffffffffffffa8dd9f4dc5b5
2138,32.287735821,9.263393,30,v2,88000000ffffffffffffa8dd9f4dc5b5
2139,32.298707516,10.971695,30,v2,88000000ffffffffffffa8dd9f4dc5b5
2140,32.304952960,6.245444,30,v2,88000000ffffffffffffa8dd9f4dc5b5
2141,32.314143947,9.190987,30,v2,88000000ffffffffffffa8dd9f4dc5b5
2142,32.648411748,334.267801,30,v2,88000000ffffffffffffa8dd9f4dc5b5
2143,32.657505986,9.094238,30,v2,88000000ffffffffffffa8dd9f4dc5b5
2144,32.665729321,8.223335,30,v2,88000000ffffffffffffa8dd9f4dc5b5
2145,32.674794916,9.065595,30,v2,88000000ffffffffffffa8dd9f4dc5b5
2146,32.682936732,8.141816,30,v2,88000000ffffffffffffa8dd9f4dc5b5
2147,32.692097413,9.160681,30,v2,88000000ffffffffffffa8dd9f4dc5b5
2148,32.700431683,8.334270,30,v2,88000000ffffffffffffa8dd9f4dc5b5
2149,32.709301865,8.870182,30,v2,88000000ffffffffffffa8dd9f4dc5b5
2150,32.717607182,8.305317,30,v2,88000000ffffffffffffa8dd9f4dc5b5
2151,32.728470437,10.863255,30,v2,88000000ffffffffffffa8dd9f4dc5b5
2152,32.736574560,8.104123,30,v2,88000000ffffffffffffa8dd9f4dc5b5
2153,32.744887343,8.312783,30,v2,88000000ffffffffffffa8dd9f4dc5b5
2154,32.752349960,7.462617,30,v2,88000000ffffffffffffa8dd9f4dc5b5
2155,32.762088644,9.738684,30,v2,88000000ffffffffffffa8dd9f4dc5b5
2156,32.769515594,7.426950,30,v2,88000000ffffffffffffa8dd9f4dc5b5
2157,32.778701581,9.185987,30,v2,88000000ffffffffffffa8dd9f4dc5b5
2158,32.787622268,8.920687,30,v2,88000000ffffffffffffa8dd9f4dc5b5
2159,32.795895538,8.273270,30,v2,88000000ffffffffffffa8dd9f4dc5b5
2160,32.805075859,9.180321,30,v2,88000000ffffffffffffa8dd9f4dc5b5
2161,32.813162706,8.086847,30,v2,88000000ffffffffffffa8dd9f4dc5b5
2162,32.822075900,8.913194,30,v2,88000000ffffffffffffa8dd9f4dc5b5
2163,32.830238980,8.163080,30,v2,88000000ffffffffffffa8dd9f4dc5b5
2164,32.839302965,9.063985,30,v2,88000000ffffffffffffa8dd9f4dc5b5
2165,32.847459993,8.157028,30,v2,88000000ffffffffffffa8dd9f4dc5b5
2166,32.855699024,8.239031,30,v2,88000000ffffffffffffa8dd9f4dc5b5
2167,32.864902521,9.203497,30,v2,88000000ffffffffffffa8dd9f4dc5b5
2168,32.873414486,8.511965,30,v2,88000000ffffffffffffa8dd9f4dc5b5
2169,32.882211565,8.797079,30,v2,88000000ffffffffffffa8dd9f4dc5b5
2170,32.890363979,8.152414,30,v2,88000000ffffffffffffa8dd9f4dc5b5
2171,32.899503467,9.139488,30,v2,88000000ffffffffffffa8dd9f4dc5b5
2172,32.908757241,9.253774,30,v2,88000000ffffffffffffa8dd9f4dc5b5
2173,32.917396986,8.639745,30,v2,88000000ffffffffffffa8dd9f4dc5b5
2174,32.925773977,8.376991,30,v2,88000000ffffffffffffa8dd9f4dc5b5
2175,32.933933219,8.159242,30,v2,88000000ffffffffffffa8dd9f4dc5b5
2176,32.942988055,9.054836,30,v2,88000000ffffffffffffa8dd9f4dc5b5
2177,32.951222782,8.234727,30,v2,88000000ffffffffffffa8dd9f4dc5b5
2178,32.960304387,9.081605,30,v2,88000000ffffffffffffa8dd9f4dc5b5
2179,32.968453192,8.148805,30,v2,88000000ffffffffffffa8dd9f4dc5b5
2180,32.977850443,9.397251,30,v2,88000000ffffffffffffa8dd9f4dc5b5
2181,32.985602457,7.752014,30,v2,88000000ffffffffffffa8dd9f4dc5b5
2182,32.994780298,9.177841,30,v2,88000000ffffffffffffa8dd9f4dc5b5
2183,33.003008413,8.228115,30,v2,88000000ffffffffffffa8dd9f4dc5b5
2184,33.011163778,8.155365,30,v2,88000000ffffffffffffa8dd9f4dc5b5
2185,33.020163759,8.999981,30,v2,88000000ffffffffffffa8dd9f4dc5b5
2186,33.028519720,8.355961,30,v2,88000000ffffffffffffa8dd9f4dc5b5
2187,33.038800414,10.280694,30,v2,88000000ffffffffffffa8dd9f4dc5b5
2188,33.046638343,7.837929,30,v2,88000000ffffffffffffa8dd9f4dc5b5
2189,33.055755145,9.116802,30,v2,88000000ffffffffffffa8dd9f4dc5b5
2190,33.063978484,8.223339,30,v2,88000000ffffffffffffa8dd9f4dc5b5
2191,33.073395475,9.416991,30,v2,88000000ffffffffffffa8dd9f4dc5b5
2192,33.081187179,7.791704,30,v2,88000000ffffffffffffa8dd9f4dc5b5
2193,33.089607729,8.420550,30,v2,88000000ffffffffffffa8dd9f4dc5b5
2194,33.098584540,8.976811,30,v2,88000000ffffffffffffa8dd9f4dc5b5
2195,33.107595361,9.010821,30,v2,88000000ffffffffffffa8dd9f4dc5b5
2196,33.115994259,8.398898,30,v2,88000000ffffffffffffa8dd9f4dc5b5
2197,33.125083027,9.088768,30,v2,88000000ffffffffffffa8dd9f4dc5b5
2198,33.133089348,8.006321,30,v2,88000000ffffffffffffa8dd9f4dc5b5
2199,33.142173979,9.084631,30,v2,88000000ffffffffffffa8dd9f4dc5b5
2200,33.151512748,9.338769,30,v2,88000000ffffffffffffa8dd9f4dc5b5
2201,33.159614717,8.101969,30,v2,88000000ffffffffffffa8dd9f4dc5b5
2202,33.168620591,9.005874,30,v2,88000000ffffffffffffa8dd9f4dc5b5
2203,33.178766061,10.145470,30,v2,88000000ffffffffffffa8dd9f4dc5b5
2204,33.186042783,7.276722,30,v2,88000000ffffffffffffa8dd9f4dc5b5
2205,33.193890835,7.848052,30,v2,88000000ffffffffffffa8dd9f4dc5b5
2206,33.203348280,9.457445,30,v2,88000000ffffffffffffa8dd9f4dc5b5
2207,33.213329508,9.981228,30,v2,88000000ffffffffffffa8dd9f4dc5b5
2208,33.220402486,7.072978,30,v2,88000000ffffffffffffa8dd9f4dc5b5
2209,33.229903958,9.501472,30,v2,88000000ffffffffffffa8dd9f4dc5b5
2210,33.237895013,7.991055,30,v2,88000000ffffffffffffa8dd9f4dc5b5
2211,33.245947608,8.052595,30,v2,88000000ffffffffffffa8dd9f4dc5b5
2212,33.255029983,9.082375,30,v2,88000000ffffffffffffa8dd9f4dc5b5
2213,33.263427695,8.397712,30,v2,88000000ffffffffffffa8dd9f4dc5b5
2214,33.272107165,8.679470,30,v2,88000000ffffffffffffa8dd9f4dc5b5
2215,33.280404210,8.297045,30,v2,88000000ffffffffffffa8dd9f4dc5b5
2216,33.288744842,8.340632,30,v2,88000000ffffffffffffa8dd9f4dc5b5
2217,33.298687898,9.943056,30,v2,88000000ffffffffffffa8dd9f4dc5b5
2218,33.307090053,8.402155,30,v2,88000000ffffffffffffa8dd9f4dc5b5
2219,33.315981419,8.891366,30,v2,88000000ffffffffffffa8dd9f4dc5b5
2220,33.324383092,8.401673,30,v2,88000000ffffffffffffa8dd9f4dc5b5
2221,33.333311055,8.927963,30,v2,88000000ffffffffffffa8dd9f4dc5b5
2222,33.341636649,8.325594,30,v2,88000000ffffffffffffa8dd9f4dc5b5
2223,33.349529554,7.892905,30,v2,88000000ffffffffffffa8dd9f4dc5b5
2224,33.358735928,9.206374,30,v2,88000000ffffffffffffa8dd9f4dc5b5
2225,33.366955037,8.219109,30,v2,88000000ffffffffffffa8dd9f4dc5b5
2226,33.375784787,8.829750,30,v2,88000000ffffffffffffa8dd9f4dc5b5
2227,33.384015697,8.230910,30,v2,88000000ffffffffffffa8dd9f4dc5b5
2228,33.393072763,9.057066,30,v2,88000000ffffffffffffa8dd9f4dc5b5
2229,33.401514307,8.441544,30,v2,88000000ffffffffffffa8dd9f4dc5b5
2230,33.410569034,9.054727,30,v2,88000000ffffffffffffa8dd9f4dc5b5
2231,33.418746924,8.177890,30,v2,88000000ffffffffffffa8dd9f4dc5b5
2232,33.428631365,9.884441,30,v2,88000000ffffffffffffa8dd9f4dc5b5
2233,33.436913216,8.281851,30,v2,88000000ffffffffffffa8dd9f4dc5b5
2234,33.446017728,9.104512,30,v2,88000000ffffffffffffa8dd9f4dc5b5
2235,33.454302096,8.284368,30,v2,88000000ffffffffffffa8dd9f4dc5b5
2236,33.463260976,8.958880,30,v2,88000000ffffffffffffa8dd9f4dc5b5
2237,33.471536753,8.275777,30,v2,88000000ffffffffffffa8dd9f4dc5b5
2238,33.480492819,8.956066,30,v2,88000000ffffffffffffa8dd9f4dc5b5
2239,33.488683241,8.190422,30,v2,88000000ffffffffffffa8dd9f4dc5b5
2240,33.496906094,8.222853,30,v2,88000000ffffffffffffa8dd9f4dc5b5
2241,33.506092230,9.186136,30,v2,88000000ffffffffffffa8dd9f4dc5b5
2242,33.838306305,332.214075,30,v2,88000000ffffffffffffa8dd9f4dc5b5
2243,33.846291434,7.985129,30,v2,88000000ffffffffffffa8dd9f4dc5b5
2244,33.854527437,8.236003,30,v2,88000000ffffffffffffa8dd9f4dc5b5
2245,33.863657739,9.130302,30,v2,88000000ffffffffffffa8dd9f4dc5b5
2246,33.872689373,9.031634,30,v2,88000000ffffffffffffa8dd9f4dc5b5
2247,33.879952006,7.262633,30,v2,88000000ffffffffffffa8dd9f4dc5b5
2248,33.889099631,9.147625,30,v2,88000000ffffffffffffa8dd9f4dc5b5
2249,33.897194614,8.094983,30,v2,88000000ffffffffffffa8dd9f4dc5b5
2250,33.905394266,8.199652,30,v2,88000000ffffffffffffa8dd9f4dc5b5
2251,33.914495985,9.101719,30,v2,88000000ffffffffffffa8dd9f4dc5b5
2252,33.922578303,8.082318,30,v2,88000000ffffffffffffa8dd9f4dc5b5
2253,33.930889743,8.311440,30,v2,88000000ffffffffffffa8dd9f4dc5b5
2254,33.940236233,9.346490,30,v2,88000000ffffffffffffa8dd9f4dc5b5
2255,33.949355300,9.119067,30,v2,88000000ffffffffffffa8dd9f4dc5b5
2256,33.959025857,9.670557,30,v2,88000000ffffffffffffa8dd9f4dc5b5
2257,33.966181549,7.155692,30,v2,88000000ffffffffffffa8dd9f4dc5b5
2258,33.974377576,8.196027,30,v2,88000000ffffffffffffa8dd9f4dc5b5
2259,33.983624768,9.247192,30,v2,88000000ffffffffffffa8dd9f4dc5b5
2260,33.993602070,9.977302,30,v2,88000000ffffffffffffa8dd9f4dc5b5
2261,34.000278637,6.676567,30,v2,88000000ffffffffffffa8dd9f4dc5b5
2262,34.008754545,8.475908,30,v2,88000000ffffffffffffa8dd9f4dc5b5
2263,34.017355459,8.600914,30,v2,88000000ffffffffffffa8dd9f4dc5b5
2264,34.025171434,7.815975,30,v2,88000000ffffffffffffa8dd9f4dc5b5
2265,34.034180806,9.009372,30,v2,88000000ffffffffffffa8dd9f4dc5b5
2266,34.042399320,8.218514,30,v2,88000000ffffffffffffa8dd9f4dc5b5
2267,34.050761139,8.361819,30,v2,88000000ffffffffffffa8dd9f4dc5b5
2268,34.059613338,8.852199,30,v2,88000000ffffffffffffa8dd9f4dc5b5
2269,34.068112597,8.499259,30,v2,88000000ffffffffffffa8dd9f4dc5b5
2270,34.077159891,9.047294,30,v2,88000000ffffffffffffa8dd9f4dc5b5
2271,34.086056236,8.896345,30,v2,88000000ffffffffffffa8dd9f4dc5b5
2272,34.094239813,8.183577,30,v2,88000000ffffffffffffa8dd9f4dc5b5
2273,34.102485013,8.245200,30,v2,88000000ffffffffffffa8dd9f4dc5b5
2274,34.111498919,9.013906,30,v2,88000000ffffffffffffa8dd9f4dc5b5
2275,34.120037587,8.538668,30,v2,88000000ffffffffffffa8dd9f4dc5b5
2276,34.128796210,8.758623,30,v2,88000000ffffffffffffa8dd9f4dc5b5
2277,34.136875922,8.079712,30,v2,88000000ffffffffffffa8dd9f4dc5b5
2278,34.145004684,8.128762,30,v2,88000000ffffffffffffa8dd9f4dc5b5
2279,34.154068171,9.063487,30,v2,88000000ffffffffffffa8dd9f4dc5b5
2280,34.162359103,8.290932,30,v2,88000000ffffffffffffa8dd9f4dc5b5
2281,34.171364259,9.005156,30,v2,88000000ffffffffffffa8dd9f4dc5b5
2282,34.179494216,8.129957,30,v2,88000000ffffffffffffa8dd9f4dc5b5
2283,34.187577956,8.083740,30,v2,88000000ffffffffffffa8dd9f4dc5b5
2284,34.196860147,9.282191,30,v2,88000000ffffffffffffa8dd9f4dc5b5
2285,34.206007444,9.147297,30,v2,88000000ffffffffffffa8dd9f4dc5b5
2286,34.214038100,8.030656,30,v2,88000000ffffffffffffa8dd9f4dc5b5
2287,34.223112633,9.074533,30,v2,88000000ffffffffffffa8dd9f4dc5b5
2288,34.231462374,8.349741,30,v2,88000000ffffffffffffa8dd9f4dc5b5
2289,34.239646676,8.184302,30,v2,88000000ffffffffffffa8dd9f4dc5b5
2290,34.248452295,8.805619,30,v2,88000000ffffffffffffa8dd9f4dc5b5
2291,34.256679278,8.226983,30,v2,88000000ffffffffffffa8dd9f4dc5b5
2292,34.264733748,8.054470,30,v2,88000000ffffffffffffa8dd9f4dc5b5
2293,34.274050702,9.316954,30,v2,88000000ffffffffffffa8dd9f4dc5b5
2294,34.282117243,8.066541,30,v2,88000000ffffffffffffa8dd9f4dc5b5
2295,34.290381608,8.264365,30,v2,88000000ffffffffffffa8dd9f4dc5b5
2296,34.299534259,9.152651,30,v2,88000000ffffffffffffa8dd9f4dc5b5
2297,34.307717364,8.183105,30,v2,88000000ffffffffffffa8dd9f4dc5b5
2298,34.316809670,9.092306,30,v2,88000000ffffffffffffa8dd9f4dc5b5
2299,34.324796037,7.986367,30,v2,88000000ffffffffffffa8dd9f4dc5b5
2300,34.334060835,9.264798,30,v2,88000000ffffffffffffa8dd9f4dc5b5
2301,34.343230623,9.169788,30,v2,88000000ffffffffffffa8dd9f4dc5b5
2302,34.351362315,8.131692,30,v2,88000000ffffffffffffa8dd9f4dc5b5
2303,34.359525185,8.162870,30,v2,88000000ffffffffffffa8dd9f4dc5b5
2304,34.368620779,9.095594,30,v2,88000000ffffffffffffa8dd9f4dc5b5
2305,34.376544193,7.923414,30,v2,88000000ffffffffffffa8dd9f4dc5b5
2306,34.384858458,8.314265,30,v2,88000000ffffffffffffa8dd9f4dc5b5
2307,34.393990710,9.132252,30,v2,88000000ffffffffffffa8dd9f4dc5b5
2308,34.401999113,8.008403,30,v2,88000000ffffffffffffa8dd9f4dc5b5
2309,34.410130977,8.131864,30,v2,88000000ffffffffffffa8dd9f4dc5b5
2310,34.419206947,9.075970,30,v2,88000000ffffffffffffa8dd9f4dc5b5
2311,34.427355836,8.148889,30,v2,88000000ffffffffffffa8dd9f4dc5b5
2312,34.436412527,9.056691,30,v2,88000000ffffffffffffa8dd9f4dc5b5
2313,34.444807446,8.394919,30,v2,88000000ffffffffffffa8dd9f4dc5b5
2314,34.452909262,8.101816,30,v2,88000000ffffffffffffa8dd9f4dc5b5
2315,34.461967741,9.058479,30,v2,88000000ffffffffffffa8dd9f4dc5b5
2316,34.471240552,9.272811,30,v2,88000000ffffffffffffa8dd9f4dc5b5
2317,34.479466773,8.226221,30,v2,88000000ffffffffffffa8dd9f4dc5b5
2318,34.488399344,8.932571,30,v2,88000000ffffffffffffa8dd9f4dc5b5
2319,34.496618849,8.219505,30,v2,88000000ffffffffffffa8dd9f4dc5b5
2320,34.504529422,7.910573,30,v2,88000000ffffffffffffa8dd9f4dc5b5
2321,34.513948038,9.418616,30,v2,88000000ffffffffffffa8dd9f4dc5b5
2322,34.521871508,7.923470,30,v2,88000000ffffffffffffa8dd9f4dc5b5
2323,34.531364406,9.492898,30,v2,88000000ffffffffffffa8dd9f4dc5b5
2324,34.539187613,7.823207,30,v2,88000000ffffffffffffa8dd9f4dc5b5
2325,34.547335157,8.147544,30,v2,88000000ffffffffffffa8dd9f4dc5b5
2326,34.556685245,9.350088,30,v2,88000000ffffffffffffa8dd9f4dc5b5
2327,34.564746372,8.061127,30,v2,88000000ffffffffffffa8dd9f4dc5b5
2328,34.573711858,8.965486,30,v2,88000000ffffffffffffa8dd9f4dc5b5
2329,34.581774364,8.062506,30,v2,88000000ffffffffffffa8dd9f4dc5b5
2330,34.589986706,8.212342,30,v2,88000000ffffffffffffa8dd9f4dc5b5
2331,34.599998248,10.011542,30,v2,88000000ffffffffffffa8dd9f4dc5b5
2332,34.608274961,8.276713,30,v2,88000000ffffffffffffa8dd9f4dc5b5
2333,34.616503949,8.228988,30,v2,88000000ffffffffffffa8dd9f4dc5b5
2334,34.625440092,8.936143,30,v2,88000000ffffffffffffa8dd9f4dc5b5
2335,34.633620159,8.180067,30,v2,88000000ffffffffffffa8dd9f4dc5b5
2336,34.641691116,8.070957,30,v2,88000000ffffffffffffa8dd9f4dc5b5
2337,34.650907091,9.215975,30,v2,88000000ffffffffffffa8dd9f4dc5b5
2338,34.658993946,8.086855,30,v2,88000000ffffffffffffa8dd9f4dc5b5
2339,34.667718628,8.724682,30,v2,88000000ffffffffffffa8dd9f4dc5b5
2340,34.676542109,8.823481,30,v2,88000000ffffffffffffa8dd9f4dc5b5
2341,34.686272026,9.729917,30,v2,88000000ffffffffffffa8dd9f4dc5b5
2342,35.017910908,331.638882,30,v2,88000000ffffffffffffa8dd9f4dc5b5
2343,35.026017025,8.106117,30,v2,88000000ffffffffffffa8dd9f4dc5b5
2344,35.032988884,6.971859,30,v2,88000000ffffffffffffa8dd9f4dc5b5
2345,35.042152224,9.163340,30,v2,88000000ffffffffffffa8dd9f4dc5b5
2346,35.050303934,8.151710,30,v2,88000000ffffffffffffa8dd9f4dc5b5
2347,35.058411886,8.107952,30,v2,88000000ffffffffffffa8dd9f4dc5b5
2348,35.066910573,8.498687,30,v2,88000000ffffffffffffa8dd9f4dc5b5
2349,35.076904595,9.994022,30,v2,88000000ffffffffffffa8dd9f4dc5b5
2350,35.085119749,8.215154,30,v2,88000000ffffffffffffa8dd9f4dc5b5
2351,35.092273941,7.154192,30,v2,88000000ffffffffffffa8dd9f4dc5b5
2352,35.100787356,8.513415,30,v2,88000000ffffffffffffa8dd9f4dc5b5
2353,35.109128865,8.341509,30,v2,88000000ffffffffffffa8dd9f4dc5b5
2354,35.118424077,9.295212,30,v2,88000000ffffffffffffa8dd9f4dc5b5
2355,35.126405120,7.981043,30,v2,88000000ffffffffffffa8dd9f4dc5b5
2356,35.134463947,8.058827,30,v2,88000000ffffffffffffa8dd9f4dc5b5
2357,35.143585508,9.121561,30,v2,88000000ffffffffffffa8dd9f4dc5b5
2358,35.151785942,8.200434,30,v2,88000000ffffffffffffa8dd9f4dc5b5
2359,35.159969871,8.183929,30,v2,88000000ffffffffffffa8dd9f4dc5b5
2360,35.168133763,8.163892,30,v2,88000000ffffffffffffa8dd9f4dc5b5
2361,35.177134305,9.000542,30,v2,88000000ffffffffffffa8dd9f4dc5b5
2362,35.185245185,8.110880,30,v2,88000000ffffffffffffa8dd9f4dc5b5
2363,35.193417125,8.171940,30,v2,88000000ffffffffffffa8dd9f4dc5b5
2364,35.201771269,8.354144,30,v2,88000000ffffffffffffa8dd9f4dc5b5
2365,35.210751389,8.980120,30,v2,88000000ffffffffffffa8dd9f4dc5b5
2366,35.219091749,8.340360,30,v2,88000000ffffffffffffa8dd9f4dc5b5
2367,35.229184729,10.092980,30,v2,88000000ffffffffffffa8dd9f4dc5b5
2368,35.235743556,6.558827,30,v2,88000000ffffffffffffa8dd9f4dc5b5
2369,35.245499840,9.756284,30,v2,88000000ffffffffffffa8dd9f4dc5b5
2370,35.253740157,8.240317,30,v2,88000000ffffffffffffa8dd9f4dc5b5
2371,35.262798745,9.058588,30,v2,88000000ffffffffffffa8dd9f4dc5b5
2372,35.269940415,7.141670,30,v2,88000000ffffffffffffa8dd9f4dc5b5
2373,35.278835162,8.894747,30,v2,88000000ffffffffffffa8dd9f4dc5b5
2374,35.286853017,8.017855,30,v2,88000000ffffffffffffa8dd9f4dc5b5
2375,35.295132855,8.279838,30,v2,88000000ffffffffffffa8dd9f4dc5b5
2376,35.304066964,8.934109,30,v2,88000000ffffffffffffa8dd9f4dc5b5
2377,35.312365903,8.298939,30,v2,88000000ffffffffffffa8dd9f4dc5b5
2378,35.320598164,8.232261,30,v2,88000000ffffffffffffa8dd9f4dc5b5
2379,35.328888709,8.290545,30,v2,88000000ffffffffffffa8dd9f4dc5b5
2380,35.337661438,8.772729,30,v2,88000000ffffffffffffa8dd9f4dc5b5
2381,35.345853375,8.191937,30,v2,88000000ffffffffffffa8dd9f4dc5b5
2382,35.354227000,8.373625,30,v2,88000000ffffffffffffa8dd9f4dc5b5
2383,35.362267921,8.040921,30,v2,88000000ffffffffffffa8dd9f4dc5b5
2384,35.371226257,8.958336,30,v2,88000000ffffffffffffa8dd9f4dc5b5
2385,35.380392456,9.166199,30,v2,88000000ffffffffffffa8dd9f4dc5b5
2386,35.389510249,9.117793,30,v2,88000000ffffffffffffa8dd9f4dc5b5
2387,35.396789014,7.278765,30,v2,88000000ffffffffffffa8dd9f4dc5b5
2388,35.406215711,9.426697,30,v2,88000000ffffffffffffa8dd9f4dc5b5
2389,35.414059509,7.843798,30,v2,88000000ffffffffffffa8dd9f4dc5b5
2390,35.423373163,9.313654,30,v2,88000000ffffffffffffa8dd9f4dc5b5
2391,35.430477885,7.104722,30,v2,88000000ffffffffffffa8dd9f4dc5b5
2392,35.438582368,8.104483,30,v2,88000000ffffffffffffa8dd9f4dc5b5
2393,35.447473193,8.890825,30,v2,88000000ffffffffffffa8dd9f4dc5b5
2394,35.455602286,8.129093,30,v2,88000000ffffffffffffa8dd9f4dc5b5
2395,35.463704526,8.102240,30,v2,88000000ffffffffffffa8dd9f4dc5b5
2396,35.472834521,9.129995,30,v2,88000000ffffffffffffa8dd9f4dc5b5
2397,35.480911537,8.077016,30,v2,88000000ffffffffffffa8dd9f4dc5b5
2398,35.489143552,8.232015,30,v2,88000000ffffffffffffa8dd9f4dc5b5
2399,35.497795873,8.652321,30,v2,88000000ffffffffffffa8dd9f4dc5b5
2400,35.507374615,9.578742,30,v2,88000000ffffffffffffa8dd9f4dc5b5
2401,35.516309710,8.935095,30,v2,88000000ffffffffffffa8dd9f4dc5b5
2402,35.523895455,7.585745,30,v2,88000000ffffffffffffa8dd9f4dc5b5
2403,35.531750853,7.855398,30,v2,88000000ffffffffffffa8dd9f4dc5b5
2404,35.541077077,9.326224,30,v2,88000000ffffffffffffa8dd9f4dc5b5
2405,35.549351298,8.274221,30,v2,88000000ffffffffffffa8dd9f4dc5b5
2406,35.557165201,7.813903,30,v2,88000000ffffffffffffa8dd9f4dc5b5
2407,35.565348308,8.183107,30,v2,88000000ffffffffffffa8dd9f4dc5b5
2408,35.574562685,9.214377,30,v2,88000000ffffffffffffa8dd9f4dc5b5
2409,35.582509374,7.946689,30,v2,88000000ffffffffffffa8dd9f4dc5b5
2410,35.590880841,8.371467,30,v2,88000000ffffffffffffa8dd9f4dc5b5
2411,35.599867495,8.986654,30,v2,88000000ffffffffffffa8dd9f4dc5b5
2412,35.608092492,8.224997,30,v2,88000000ffffffffffffa8dd9f4dc5b5
2413,35.616217375,8.124883,30,v2,88000000ffffffffffffa8dd9f4dc5b5
2414,35.624224878,8.007503,30,v2,88000000ffffffffffffa8dd9f4dc5b5
2415,35.634394691,10.169813,30,v2,88000000ffffffffffffa8dd9f4dc5b5
2416,35.642553453,8.158762,30,v2,88000000ffffffffffffa8dd9f4dc5b5
2417,35.650511905,7.958452,30,v2,88000000ffffffffffffa8dd9f4dc5b5
2418,35.658798591,8.286686,30,v2,88000000ffffffffffffa8dd9f4dc5b5
2419,35.667839623,9.041032,30,v2,88000000ffffffffffffa8dd9f4dc5b5
2420,35.675952112,8.112489,30,v2,88000000ffffffffffffa8dd9f4dc5b5
2421,35.684184748,8.232636,30,v2,88000000ffffffffffffa8dd9f4dc5b5
2422,35.692410547,8.225799,30,v2,88000000ffffffffffffa8dd9f4dc5b5
2423,35.700830949,8.420402,30,v2,88000000ffffffffffffa8dd9f4dc5b5
2424,35.709632794,8.801845,30,v2,88000000ffffffffffffa8dd9f4dc5b5
2425,35.717673443,8.040649,30,v2,88000000ffffffffffffa8dd9f4dc5b5
2426,35.725848518,8.175075,30,v2,88000000ffffffffffffa8dd9f4dc5b5
2427,35.734019072,8.170554,30,v2,88000000ffffffffffffa8dd9f4dc5b5
2428,35.743125347,9.106275,30,v2,88000000ffffffffffffa8dd9f4dc5b5
2429,35.751151625,8.026278,30,v2,88000000ffffffffffffa8dd9f4dc5b5
2430,35.759750968,8.599343,30,v2,88000000ffffffffffffa8dd9f4dc5b5
2431,35.769835416,10.084448,30,v2,88000000ffffffffffffa8dd9f4dc5b5
2432,35.777673174,7.837758,30,v2,88000000ffffffffffffa8dd9f4dc5b5
2433,35.785799657,8.126483,30,v2,88000000ffffffffffffa8dd9f4dc5b5
2434,35.794116487,8.316830,30,v2,88000000ffffffffffffa8dd9f4dc5b5
2435,35.803169873,9.053386,30,v2,88000000ffffffffffffa8dd9f4dc5b5
2436,35.811132201,7.962328,30,v2,88000000ffffffffffffa8dd9f4dc5b5
2437,35.819260028,8.127827,30,v2,88000000ffffffffffffa8dd9f4dc5b5
2438,35.827477724,8.217696,30,v2,88000000ffffffffffffa8dd9f4dc5b5
2439,35.836766234,9.288510,30,v2,88000000ffffffffffffa8dd9f4dc5b5
2440,35.844673704,7.907470,30,v2,88000000ffffffffffffa8dd9f4dc5b5
2441,35.852835087,8.161383,30,v2,88000000ffffffffffffa8dd9f4dc5b5
2442,36.183988606,331.153519,30,v2,88000000ffffffffffffa8dd9f4dc5b5
2443,36.192184241,8.195635,30,v2,88000000ffffffffffffa8dd9f4dc5b5
2444,36.201511502,9.327261,30,v2,88000000ffffffffffffa8dd9f4dc5b5
2445,36.209477920,7.966418,30,v2,88000000ffffffffffffa8dd9f4dc5b5
2446,36.217571032,8.093112,30,v2,88000000ffffffffffffa8dd9f4dc5b5
2447,36.225648753,8.077721,30,v2,88000000ffffffffffffa8dd9f4dc5b5
2448,36.233787888,8.139135,30,v2,88000000ffffffffffffa8dd9f4dc5b5
2449,36.242198810,8.410922,30,v2,88000000ffffffffffffa8dd9f4dc5b5
2450,36.251074194,8.875384,30,v2,88000000ffffffffffffa8dd9f4dc5b5
2451,36.259178666,8.104472,30,v2,88000000ffffffffffffa8dd9f4dc5b5
2452,36.267598788,8.420122,30,v2,88000000ffffffffffffa8dd9f4dc5b5
2453,36.275694889,8.096101,30,v2,88000000ffffffffffffa8dd9f4dc5b5
2454,36.284790808,9.095919,30,v2,88000000ffffffffffffa8dd9f4dc5b5
2455,36.292794683,8.003875,30,v2,88000000ffffffffffffa8dd9f4dc5b5
2456,36.301813527,9.018844,30,v2,88000000ffffffffffffa8dd9f4dc5b5
2457,36.309979944,8.166417,30,v2,88000000ffffffffffffa8dd9f4dc5b5
2458,36.318115847,8.135903,30,v2,88000000ffffffffffffa8dd9f4dc5b5
2459,36.326248518,8.132671,30,v2,88000000ffffffffffffa8dd9f4dc5b5
2460,36.334436516,8.187998,30,v2,88000000ffffffffffffa8dd9f4dc5b5
2461,36.342493251,8.056735,30,v2,88000000ffffffffffffa8dd9f4dc5b5
2462,36.351539960,9.046709,30,v2,88000000ffffffffffffa8dd9f4dc5b5
2463,36.359785438,8.245478,30,v2,88000000ffffffffffffa8dd9f4dc5b5
2464,36.368135332,8.349894,30,v2,88000000ffffffffffffa8dd9f4dc5b5
2465,36.376065182,7.929850,30,v2,88000000ffffffffffffa8dd9f4dc5b5
2466,36.384172429,8.107247,30,v2,88000000ffffffffffffa8dd9f4dc5b5
2467,36.392201143,8.028714,30,v2,88000000ffffffffffffa8dd9f4dc5b5
2468,36.400497948,8.296805,30,v2,88000000ffffffffffffa8dd9f4dc5b5
2469,36.409579490,9.081542,30,v2,88000000ffffffffffffa8dd9f4dc5b5
2470,36.418708677,9.129187,30,v2,88000000ffffffffffffa8dd9f4dc5b5
2471,36.427144450,8.435773,30,v2,88000000ffffffffffffa8dd9f4dc5b5
2472,36.434939860,7.795410,30,v2,88000000ffffffffffffa8dd9f4dc5b5
2473,36.443083139,8.143279,30,v2,88000000ffffffffffffa8dd9f4dc5b5
2474,36.451149794,8.066655,30,v2,88000000ffffffffffffa8dd9f4dc5b5
2475,36.460432284,9.282490,30,v2,88000000ffffffffffffa8dd9f4dc5b5
2476,36.468371896,7.939612,30,v2,88000000ffffffffffffa8dd9f4dc5b5
2477,36.476572238,8.200342,30,v2,88000000ffffffffffffa8dd9f4dc5b5
2478,36.484622942,8.050704,30,v2,88000000ffffffffffffa8dd9f4dc5b5
2479,36.492938761,8.315819,30,v2,88000000ffffffffffffa8dd9f4dc5b5
2480,36.501072312,8.133551,30,v2,88000000ffffffffffffa8dd9f4dc5b5
2481,36.510286939,9.214627,30,v2,88000000ffffffffffffa8dd9f4dc5b5
2482,36.518349744,8.062805,30,v2,88000000ffffffffffffa8dd9f4dc5b5
2483,36.526488270,8.138526,30,v2,88000000ffffffffffffa8dd9f4dc5b5
2484,36.534533298,8.045028,30,v2,88000000ffffffffffffa8dd9f4dc5b5
2485,36.542772336,8.239038,30,v2,88000000ffffffffffffa8dd9f4dc5b5
2486,36.551795916,9.023580,30,v2,88000000ffffffffffffa8dd9f4dc5b5
2487,36.560007476,8.211560,30,v2,88000000ffffffffffffa8dd9f4dc5b5
2488,36.569030955,9.023479,30,v2,88000000ffffffffffffa8dd9f4dc5b5
2489,36.577222869,8.191914,30,v2,88000000ffffffffffffa8dd9f4dc5b5
2490,36.585687621,8.464752,30,v2,88000000ffffffffffffa8dd9f4dc5b5
2491,36.593581965,7.894344,30,v2,88000000ffffffffffffa8dd9f4dc5b5
2492,36.601587389,8.005424,30,v2,88000000ffffffffffffa8dd9f4dc5b5
2493,36.609646137,8.058748,30,v2,88000000ffffffffffffa8dd9f4dc5b5
2494,36.617850930,8.204793,30,v2,88000000ffffffffffffa8dd9f4dc5b5
2495,36.627080937,9.230007,30,v2,88000000ffffffffffffa8dd9f4dc5b5
2496,36.635264872,8.183935,30,v2,88000000ffffffffffffa8dd9f4dc5b5
2497,36.643524913,8.260041,30,v2,88000000ffffffffffffa8dd9f4dc5b5
2498,36.651401494,7.876581,30,v2,88000000ffffffffffffa8dd9f4dc5b5
2499,36.659699070,8.297576,30,v2,88000000ffffffffffffa8dd9f4dc5b5
2500,36.667784516,8.085446,30,v2,88000000ffffffffffffa8dd9f4dc5b5
2501,36.677854876,10.070360,30,v2,88000000ffffffffffffa8dd9f4dc5b5
2502,36.686068123,8.213247,30,v2,88000000ffffffffffffa8dd9f4dc5b5
2503,36.694029988,7.961865,30,v2,88000000ffffffffffffa8dd9f4dc5b5
2504,36.702208455,8.178467,30,v2,88000000ffffffffffffa8dd9f4dc5b5
2505,36.710444530,8.236075,30,v2,88000000ffffffffffffa8dd9f4dc5b5
2506,36.719560050,9.115520,30,v2,88000000ffffffffffffa8dd9f4dc5b5
2507,36.727817076,8.257026,30,v2,88000000ffffffffffffa8dd9f4dc5b5
2508,36.735672040,7.854964,30,v2,88000000ffffffffffffa8dd9f4dc5b5
2509,36.743862691,8.190651,30,v2,88000000ffffffffffffa8dd9f4dc5b5
2510,36.751993253,8.130562,30,v2,88000000ffffffffffffa8dd9f4dc5b5
2511,36.760291114,8.297861,30,v2,88000000ffffffffffffa8dd9f4dc5b5
2512,36.769940790,9.649676,30,v2,88000000ffffffffffffa8dd9f4dc5b5
2513,36.777387138,7.446348,30,v2,88000000ffffffffffffa8dd9f4dc5b5
2514,36.785674576,8.287438,30,v2,88000000ffffffffffffa8dd9f4dc5b5
2515,36.794165007,8.490431,30,v2,88000000ffffffffffffa8dd9f4dc5b5
2516,36.802829283,8.664276,30,v2,88000000ffffffffffffa8dd9f4dc5b5
2517,36.811901400,9.072117,30,v2,88000000ffffffffffffa8dd9f4dc5b5
2518,36.820377566,8.476166,30,v2,88000000ffffffffffffa8dd9f4dc5b5
2519,36.828426664,8.049098,30,v2,88000000ffffffffffffa8dd9f4dc5b5
2520,36.836771710,8.345046,30,v2,88000000ffffffffffffa8dd9f4dc5b5
2521,36.844535286,7.763576,30,v2,88000000ffffffffffffa8dd9f4dc5b5
2522,36.853664683,9.129397,30,v2,88000000ffffffffffffa8dd9f4dc5b5
2523,36.861734679,8.069996,30,v2,88000000ffffffffffffa8dd9f4dc5b5
2524,36.869718233,7.983554,30,v2,88000000ffffffffffffa8dd9f4dc5b5
2525,36.878087262,8.369029,30,v2,88000000ffffffffffffa8dd9f4dc5b5
2526,36.886256179,8.168917,30,v2,88000000ffffffffffffa8dd9f4dc5b5
2527,36.894537006,8.280827,30,v2,88000000ffffffffffffa8dd9f4dc5b5
2528,36.903368235,8.831229,30,v2,88000000ffffffffffffa8dd9f4dc5b5
2529,36.912275477,8.907242,30,v2,88000000ffffffffffffa8dd9f4dc5b5
2530,36.919671816,7.396339,30,v2,88000000ffffffffffffa8dd9f4dc5b5
2531,36.927849272,8.177456,30,v2,88000000ffffffffffffa8dd9f4dc5b5
2532,36.936923663,9.074391,30,v2,88000000ffffffffffffa8dd9f4dc5b5
2533,36.945256618,8.332955,30,v2,88000000ffffffffffffa8dd9f4dc5b5
2534,36.956102952,10.846334,30,v2,88000000ffffffffffffa8dd9f4dc5b5
2535,36.964142416,8.039464,30,v2,88000000ffffffffffffa8dd9f4dc5b5
2536,36.970480271,6.337855,30,v2,88000000ffffffffffffa8dd9f4dc5b5
2537,36.979191236,8.710965,30,v2,88000000ffffffffffffa8dd9f4dc5b5
2538,36.986567005,7.375769,30,v2,88000000ffffffffffffa8dd9f4dc5b5
2539,36.995032474,8.465469,30,v2,88000000ffffffffffffa8dd9f4dc5b5
2540,37.005204984,10.172510,30,v2,88000000ffffffffffffa8dd9f4dc5b5
2541,37.012056683,6.851699,30,v2,88000000ffffffffffffa8dd9f4dc5b5
2542,37.343286734,331.230051,30,v2,88000000ffffffffffffa8dd9f4dc5b5
2543,37.353654342,10.367608,30,v2,88000000ffffffffffffa8dd9f4dc5b5
2544,37.361778076,8.123734,30,v2,88000000ffffffffffffa8dd9f4dc5b5
2545,37.367833748,6.055672,30,v2,88000000ffffffffffffa8dd9f4dc5b5
2546,37.376328350,8.494602,30,v2,88000000ffffffffffffa8dd9f4dc5b5
2547,37.384307863,7.979513,30,v2,88000000ffffffffffffa8dd9f4dc5b5
2548,37.392108794,7.800931,30,v2,88000000ffffffffffffa8dd9f4dc5b5
2549,37.401197637,9.088843,30,v2,88000000ffffffffffffa8dd9f4dc5b5
2550,37.408388703,7.191066,30,v2,88000000ffffffffffffa8dd9f4dc5b5
2551,37.417668772,9.280069,30,v2,88000000ffffffffffffa8dd9f4dc5b5
2552,37.425652934,7.984162,30,v2,88000000ffffffffffffa8dd9f4dc5b5
2553,37.434043711,8.390777,30,v2,88000000ffffffffffffa8dd9f4dc5b5
2554,37.443877788,9.834077,30,v2,88000000ffffffffffffa8dd9f4dc5b5
2555,37.451797825,7.920037,30,v2,88000000ffffffffffffa8dd9f4dc5b5
2556,37.459243546,7.445721,30,v2,88000000ffffffffffffa8dd9f4dc5b5
2557,37.467538736,8.295190,30,v2,88000000ffffffffffffa8dd9f4dc5b5
2558,37.475526751,7.988015,30,v2,88000000ffffffffffffa8dd9f4dc5b5
2559,37.483548955,8.022204,30,v2,88000000ffffffffffffa8dd9f4dc5b5
2560,37.491649990,8.101035,30,v2,88000000ffffffffffffa8dd9f4dc5b5
2561,37.499985313,8.335323,30,v2,88000000ffffffffffffa8dd9f4dc5b5
2562,37.507928425,7.943112,30,v2,88000000ffffffffffffa8dd9f4dc5b5
2563,37.516037733,8.109308,30,v2,88000000ffffffffffffa8dd9f4dc5b5
2564,37.524333184,8.295451,30,v2,88000000ffffffffffffa8dd9f4dc5b5
2565,37.532342554,8.009370,30,v2,88000000ffffffffffffa8dd9f4dc5b5
2566,37.541497387,9.154833,30,v2,88000000ffffffffffffa8dd9f4dc5b5
2567,37.549552148,8.054761,30,v2,88000000ffffffffffffa8dd9f4dc5b5
2568,37.557737377,8.185229,30,v2,88000000ffffffffffffa8dd9f4dc5b5
2569,37.565984951,8.247574,30,v2,88000000ffffffffffffa8dd9f4dc5b5
2570,37.575914461,9.929510,30,v2,88000000ffffffffffffa8dd9f4dc5b5
2571,37.582179150,6.264689,30,v2,88000000ffffffffffffa8dd9f4dc5b5
2572,37.591166692,8.987542,30,v2,88000000ffffffffffffa8dd9f4dc5b5
2573,37.599963208,8.796516,30,v2,88000000ffffffffffffa8dd9f4dc5b5
2574,37.607433056,7.469848,30,v2,88000000ffffffffffffa8dd9f4dc5b5
2575,37.615572755,8.139699,30,v2,88000000ffffffffffffa8dd9f4dc5b5
2576,37.623826243,8.253488,30,v2,88000000ffffffffffffa8dd9f4dc5b5
2577,37.632161839,8.335596,30,v2,88000000ffffffffffffa8dd9f4dc5b5
2578,37.640057504,7.895665,30,v2,88000000ffffffffffffa8dd9f4dc5b5
2579,37.648182315,8.124811,30,v2,88000000ffffffffffffa8dd9f4dc5b5
2580,37.656522666,8.340351,30,v2,88000000ffffffffffffa8dd9f4dc5b5
2581,37.664535296,8.012630,30,v2,88000000ffffffffffffa8dd9f4dc5b5
2582,37.673502620,8.967324,30,v2,88000000ffffffffffffa8dd9f4dc5b5
2583,37.680704371,7.201751,30,v2,88000000ffffffffffffa8dd9f4dc5b5
2584,37.689660698,8.956327,30,v2,88000000ffffffffffffa8dd9f4dc5b5
2585,37.697812238,8.151540,30,v2,88000000ffffffffffffa8dd9f4dc5b5
2586,37.706044826,8.232588,30,v2,88000000ffffffffffffa8dd9f4dc5b5
2587,37.715721157,9.676331,30,v2,88000000ffffffffffffa8dd9f4dc5b5
2588,37.724538091,8.816934,30,v2,88000000ffffffffffffa8dd9f4dc5b5
2589,37.731526798,6.988707,30,v2,88000000ffffffffffffa8dd9f4dc5b5
2590,37.739725878,8.199080,30,v2,88000000ffffffffffffa8dd9f4dc5b5
2591,37.748438047,8.712169,30,v2,88000000ffffffffffffa8dd9f4dc5b5
2592,37.755839053,7.401006,30,v2,88000000ffffffffffffa8dd9f4dc5b5
2593,37.765206573,9.367520,30,v2,88000000ffffffffffffa8dd9f4dc5b5
2594,37.772012058,6.805485,30,v2,88000000ffffffffffffa8dd9f4dc5b5
2595,37.780094218,8.082160,30,v2,88000000ffffffffffffa8dd9f4dc5b5
2596,37.788461003,8.366785,30,v2,88000000ffffffffffffa8dd9f4dc5b5
2597,37.796522144,8.061141,30,v2,88000000ffffffffffffa8dd9f4dc5b5
2598,37.804527472,8.005328,30,v2,88000000ffffffffffffa8dd9f4dc5b5
2599,37.813630261,9.102789,30,v2,88000000ffffffffffffa8dd9f4dc5b5
2600,37.821772091,8.141830,30,v2,88000000ffffffffffffa8dd9f4dc5b5
2601,37.829881433,8.109342,30,v2,88000000ffffffffffffa8dd9f4dc5b5
2602,37.838950455,9.069022,30,v2,88000000ffffffffffffa8dd9f4dc5b5
2603,37.847140387,8.189932,30,v2,88000000ffffffffffffa8dd9f4dc5b5
2604,37.855454167,8.313780,30,v2,88000000ffffffffffffa8dd9f4dc5b5
2605,37.863659802,8.205635,30,v2,88000000ffffffffffffa8dd9f4dc5b5
2606,37.871879787,8.219985,30,v2,88000000ffffffffffffa8dd9f4dc5b5
2607,37.879656166,7.776379,30,v2,88000000ffffffffffffa8dd9f4dc5b5
2608,37.889193402,9.537236,30,v2,88000000ffffffffffffa8dd9f4dc5b5
2609,37.896041096,6.847694,30,v2,88000000ffffffffffffa8dd9f4dc5b5
2610,37.904305630,8.264534,30,v2,88000000ffffffffffffa8dd9f4dc5b5
2611,37.912459373,8.153743,30,v2,88000000ffffffffffffa8dd9f4dc5b5
2612,37.920526474,8.067101,30,v2,88000000ffffffffffffa8dd9f4dc5b5
2613,37.928562123,8.035649,30,v2,88000000ffffffffffffa8dd9f4dc5b5
2614,37.936690579,8.128456,30,v2,88000000ffffffffffffa8dd9f4dc5b5
2615,37.946195699,9.505120,30,v2,88000000ffffffffffffa8dd9f4dc5b5
2616,37.953803160,7.607461,30,v2,88000000ffffffffffffa8dd9f4dc5b5
2617,37.962229690,8.426530,30,v2,88000000ffffffffffffa8dd9f4dc5b5
2618,37.970940288,8.710598,30,v2,88000000ffffffffffffa8dd9f4dc5b5
2619,37.979501409,8.561121,30,v2,88000000ffffffffffffa8dd9f4dc5b5
2620,37.987419164,7.917755,30,v2,88000000ffffffffffffa8dd9f4dc5b5
2621,37.995486984,8.067820,30,v2,88000000ffffffffffffa8dd9f4dc5b5
2622,38.003633690,8.146706,30,v2,88000000ffffffffffffa8dd9f4dc5b5
2623,38.011740052,8.106362,30,v2,88000000ffffffffffffa8dd9f4dc5b5
2624,38.020217079,8.477027,30,v2,88000000ffffffffffffa8dd9f4dc5b5
2625,38.028374224,8.157145,30,v2,88000000ffffffffffffa8dd9f4dc5b5
2626,38.036166534,7.792310,30,v2,88000000ffffffffffffa8dd9f4dc5b5
2627,38.044593242,8.426708,30,v2,88000000ffffffffffffa8dd9f4dc5b5
2628,38.052437267,7.844025,30,v2,88000000ffffffffffffa8dd9f4dc5b5
2629,38.060691070,8.253803,30,v2,88000000ffffffffffffa8dd9f4dc5b5
2630,38.068889186,8.198116,30,v2,88000000ffffffffffffa8dd9f4dc5b5
2631,38.076908003,8.018817,30,v2,88000000ffffffffffffa8dd9f4dc5b5
2632,38.085968227,9.060224,30,v2,88000000ffffffffffffa8dd9f4dc5b5
2633,38.094247796,8.279569,30,v2,88000000ffffffffffffa8dd9f4dc5b5
2634,38.102257386,8.009590,30,v2,88000000ffffffffffffa8dd9f4dc5b5
2635,38.111529020,9.271634,30,v2,88000000ffffffffffffa8dd9f4dc5b5
2636,38.119543906,8.014886,30,v2,88000000ffffffffffffa8dd9f4dc5b5
2637,38.127544506,8.000600,30,v2,88000000ffffffffffffa8dd9f4dc5b5
2638,38.135882161,8.337655,30,v2,88000000ffffffffffffa8dd9f4dc5b5
2639,38.143939290,8.057129,30,v2,88000000ffffffffffffa8dd9f4dc5b5
2640,38.151975361,8.036071,30,v2,88000000ffffffffffffa8dd9f4dc5b5
2641,38.160399289,8.423928,30,v2,88000000ffffffffffffa8dd9f4dc5b5
2642,38.490338244,329.938955,30,v2,88000000ffffffffffffa8dd9f4dc5b5
2643,38.499753113,9.414869,30,v2,88000000ffffffffffffa8dd9f4dc5b5
2644,38.507605582,7.852469,30,v2,88000000ffffffffffffa8dd9f4dc5b5
2645,38.515644866,8.039284,30,v2,88000000ffffffffffffa8dd9f4dc5b5
2646,38.523828048,8.183182,30,v2,88000000ffffffffffffa8dd9f4dc5b5
2647,38.532233183,8.405135,30,v2,88000000ffffffffffffa8dd9f4dc5b5
2648,38.540202841,7.969658,30,v2,88000000ffffffffffffa8dd9f4dc5b5
2649,38.548189966,7.987125,30,v2,88000000ffffffffffffa8dd9f4dc5b5
2650,38.556623863,8.433897,30,v2,88000000ffffffffffffa8dd9f4dc5b5
2651,38.564581442,7.957579,30,v2,88000000ffffffffffffa8dd9f4dc5b5
2652,38.572580407,7.998965,30,v2,88000000ffffffffffffa8dd9f4dc5b5
2653,38.580681786,8.101379,30,v2,88000000ffffffffffffa8dd9f4dc5b5
2654,38.589010248,8.328462,30,v2,88000000ffffffffffffa8dd9f4dc5b5
2655,38.596893480,7.883232,30,v2,88000000ffffffffffffa8dd9f4dc5b5
2656,38.605168051,8.274571,30,v2,88000000ffffffffffffa8dd9f4dc5b5
2657,38.613318676,8.150625,30,v2,88000000ffffffffffffa8dd9f4dc5b5
2658,38.621261601,7.942925,30,v2,88000000ffffffffffffa8dd9f4dc5b5
2659,38.631061107,9.799506,30,v2,88000000ffffffffffffa8dd9f4dc5b5
2660,38.639685511,8.624404,30,v2,88000000ffffffffffffa8dd9f4dc5b5
2661,38.645725077,6.039566,30,v2,88000000ffffffffffffa8dd9f4dc5b5
2662,38.654663457,8.938380,30,v2,88000000ffffffffffffa8dd9f4dc5b5
2663,38.662268144,7.604687,30,v2,88000000ffffffffffffa8dd9f4dc5b5
2664,38.670150457,7.882313,30,v2,88000000ffffffffffffa8dd9f4dc5b5
2665,38.678202345,8.051888,30,v2,88000000ffffffffffffa8dd9f4dc5b5
2666,38.686435505,8.233160,30,v2,88000000ffffffffffffa8dd9f4dc5b5
2667,38.694688594,8.253089,30,v2,88000000ffffffffffffa8dd9f4dc5b5
2668,38.702645779,7.957185,30,v2,88000000ffffffffffffa8dd9f4dc5b5
2669,38.710854893,8.209114,30,v2,88000000ffffffffffffa8dd9f4dc5b5
2670,38.718983136,8.128243,30,v2,88000000ffffffffffffa8dd9f4dc5b5
2671,38.727273290,8.290154,30,v2,88000000ffffffffffffa8dd9f4dc5b5
2672,38.735211801,7.938511,30,v2,88000000ffffffffffffa8dd9f4dc5b5
2673,38.743275236,8.063435,30,v2,88000000ffffffffffffa8dd9f4dc5b5
2674,38.749452032,6.176796,99,v2,1c000000aadd9f4dc5b568f5ff010000
2675,38.751364226,1.912194,30,v2,88000000ffffffffffffa8dd9f4dc5b5
2676,38.760735423,9.371197,30,v2,88000000ffffffffffffa8dd9f4dc5b5
2677,38.768697505,7.962082,30,v2,88000000ffffffffffffa8dd9f4dc5b5
2678,38.776707508,8.010003,30,v2,88000000ffffffffffffa8dd9f4dc5b5
2679,38.784967903,8.260395,30,v2,88000000ffffffffffffa8dd9f4dc5b5
2680,38.792990991,8.023088,30,v2,88000000ffffffffffffa8dd9f4dc5b5
2681,38.801092898,8.101907,30,v2,88000000ffffffffffffa8dd9f4dc5b5
2682,38.809431006,8.338108,30,v2,88000000ffffffffffffa8dd9f4dc5b5
2683,38.817815687,8.384681,30,v2,88000000ffffffffffffa8dd9f4dc5b5
2684,38.825630018,7.814331,30,v2,88000000ffffffffffffa8dd9f4dc5b5
2685,38.833697574,8.067556,30,v2,88000000ffffffffffffa8dd9f4dc5b5
2686,38.841812446,8.114872,30,v2,88000000ffffffffffffa8dd9f4dc5b5
2687,38.850006025,8.193579,30,v2,88000000ffffffffffffa8dd9f4dc5b5
2688,38.858390346,8.384321,30,v2,88000000ffffffffffffa8dd9f4dc5b5
2689,38.866538940,8.148594,30,v2,88000000ffffffffffffa8dd9f4dc5b5
2690,38.874352524,7.813584,30,v2,88000000ffffffffffffa8dd9f4dc5b5
2691,38.882745850,8.393326,30,v2,88000000ffffffffffffa8dd9f4dc5b5
2692,38.891633113,8.887263,30,v2,88000000ffffffffffffa8dd9f4dc5b5
2693,38.900730232,9.097119,30,v2,88000000ffffffffffffa8dd9f4dc5b5
2694,38.907285564,6.555332,30,v2,88000000ffffffffffffa8dd9f4dc5b5
2695,38.915495489,8.209925,30,v2,88000000ffffffffffffa8dd9f4dc5b5
2696,38.923550485,8.054996,30,v2,88000000ffffffffffffa8dd9f4dc5b5
2697,38.931649602,8.099117,30,v2,88000000ffffffffffffa8dd9f4dc5b5
2698,38.940555217,8.905615,30,v2,88000000ffffffffffffa8dd9f4dc5b5
2699,38.948868141,8.312924,30,v2,88000000ffffffffffffa8dd9f4dc5b5
2700,38.956722162,7.854021,30,v2,88000000ffffffffffffa8dd9f4dc5b5
2701,38.964836032,8.113870,30,v2,88000000ffffffffffffa8dd9f4dc5b5
2702,38.972944895,8.108863,30,v2,88000000ffffffffffffa8dd9f4dc5b5
2703,38.981070322,8.125427,30,v2,88000000ffffffffffffa8dd9f4dc5b5
2704,38.989177865,8.107543,30,v2,88000000ffffffffffffa8dd9f4dc5b5
2705,38.996243620,7.065755,30,v2,88000000ffffffffffffa8dd9f4dc5b5
2706,39.004432140,8.188520,30,v2,88000000ffffffffffffa8dd9f4dc5b5
2707,39.012687908,8.255768,30,v2,88000000ffffffffffffa8dd9f4dc5b5
2708,39.021743365,9.055457,30,v2,88000000ffffffffffffa8dd9f4dc5b5
2709,39.029820895,8.077530,30,v2,88000000ffffffffffffa8dd9f4dc5b5
2710,39.038017201,8.196306,30,v2,88000000ffffffffffffa8dd9f4dc5b5
2711,39.047825781,9.808580,30,v2,88000000ffffffffffffa8dd9f4dc5b5
2712,39.054212915,6.387134,30,v2,88000000ffffffffffffa8dd9f4dc5b5
2713,39.062405657,8.192742,30,v2,88000000ffffffffffffa8dd9f4dc5b5
2714,39.070533203,8.127546,30,v2,88000000ffffffffffffa8dd9f4dc5b5
2715,39.079272049,8.738846,30,v2,88000000ffffffffffffa8dd9f4dc5b5
2716,39.086718348,7.446299,30,v2,88000000ffffffffffffa8dd9f4dc5b5
2717,39.095054985,8.336637,30,v2,88000000ffffffffffffa8dd9f4dc5b5
2718,39.103157682,8.102697,30,v2,88000000ffffffffffffa8dd9f4dc5b5
2719,39.112983802,9.826120,30,v2,88000000ffffffffffffa8dd9f4dc5b5
2720,39.119417606,6.433804,30,v2,88000000ffffffffffffa8dd9f4dc5b5
2721,39.127530167,8.112561,30,v2,88000000ffffffffffffa8dd9f4dc5b5
2722,39.135382532,7.852365,30,v2,88000000ffffffffffffa8dd9f4dc5b5
2723,39.143458419,8.075887,30,v2,88000000ffffffffffffa8dd9f4dc5b5
2724,39.152634469,9.176050,30,v2,88000000ffffffffffffa8dd9f4dc5b5
2725,39.160927355,8.292886,30,v2,88000000ffffffffffffa8dd9f4dc5b5
2726,39.168943137,8.015782,30,v2,88000000ffffffffffffa8dd9f4dc5b5
2727,39.177991433,9.048296,30,v2,88000000ffffffffffffa8dd9f4dc5b5
2728,39.185177603,7.186170,30,v2,88000000ffffffffffffa8dd9f4dc5b5
2729,39.195342460,10.164857,30,v2,88000000ffffffffffffa8dd9f4dc5b5
2730,39.201547715,6.205255,30,v2,88000000ffffffffffffa8dd9f4dc5b5
2731,39.209748224,8.200509,30,v2,88000000ffffffffffffa8dd9f4dc5b5
2732,39.216785480,7.037256,30,v2,88000000ffffffffffffa8dd9f4dc5b5
2733,39.224910426,8.124946,30,v2,88000000ffffffffffffa8dd9f4dc5b5
2734,39.233001816,8.091390,30,v2,88000000ffffffffffffa8dd9f4dc5b5
2735,39.241219269,8.217453,30,v2,88000000ffffffffffffa8dd9f4dc5b5
2736,39.249401774,8.182505,30,v2,88000000ffffffffffffa8dd9f4dc5b5
2737,39.257382310,7.980536,30,v2,88000000ffffffffffffa8dd9f4dc5b5
2738,39.265685921,8.303611,30,v2,88000000ffffffffffffa8dd9f4dc5b5
2739,39.273656986,7.971065,30,v2,88000000ffffffffffffa8dd9f4dc5b5
2740,39.282819020,9.162034,30,v2,88000000ffffffffffffa8dd9f4dc5b5
2741,39.291655768,8.836748,30,v2,88000000ffffffffffffa8dd9f4dc5b5
2742,39.299214586,7.558818,30,v2,88000000ffffffffffffa8dd9f4dc5b5
2743,39.634379802,335.165216,30,v2,88000000ffffffffffffa8dd9f4dc5b5
2744,39.643180523,8.800721,30,v2,88000000ffffffffffffa8dd9f4dc5b5
2745,39.650641274,7.460751,30,v2,88000000ffffffffffffa8dd9f4dc5b5
2746,39.658814281,8.173007,30,v2,88000000ffffffffffffa8dd9f4dc5b5
2747,39.667903943,9.089662,30,v2,88000000ffffffffffffa8dd9f4dc5b5
2748,39.675209098,7.305155,30,v2,88000000ffffffffffffa8dd9f4dc5b5
2749,39.683099052,7.889954,30,v2,88000000ffffffffffffa8dd9f4dc5b5
2750,39.691452502,8.353450,30,v2,88000000ffffffffffffa8dd9f4dc5b5
2751,39.699689503,8.237001,30,v2,88000000ffffffffffffa8dd9f4dc5b5
2752,39.707488627,7.799124,30,v2,88000000ffffffffffffa8dd9f4dc5b5
2753,39.717713526,10.224899,30,v2,88000000ffffffffffffa8dd9f4dc5b5
2754,39.725607986,7.894460,30,v2,88000000ffffffffffffa8dd9f4dc5b5
2755,39.732068878,6.460892,30,v2,88000000ffffffffffffa8dd9f4dc5b5
2756,39.739175278,7.106400,30,v2,88000000ffffffffffffa8dd9f4dc5b5
2757,39.749195969,10.020691,30,v2,88000000ffffffffffffa8dd9f4dc5b5
2758,39.755460367,6.264398,30,v2,88000000ffffffffffffa8dd9f4dc5b5
2759,39.763386046,7.925679,30,v2,88000000ffffffffffffa8dd9f4dc5b5
2760,39.771487448,8.101402,30,v2,88000000ffffffffffffa8dd9f4dc5b5
2761,39.780046885,8.559437,30,v2,88000000ffffffffffffa8dd9f4dc5b5
2762,39.787723863,7.676978,30,v2,88000000ffffffffffffa8dd9f4dc5b5
2763,39.796767585,9.043722,30,v2,88000000ffffffffffffa8dd9f4dc5b5
2764,39.804963563,8.195978,30,v2,88000000ffffffffffffa8dd9f4dc5b5
2765,39.812367964,7.404401,30,v2,88000000ffffffffffffa8dd9f4dc5b5
2766,39.822197017,9.829053,30,v2,88000000ffffffffffffa8dd9f4dc5b5
2767,39.829720137,7.523120,30,v2,88000000ffffffffffffa8dd9f4dc5b5
2768,39.836619050,6.898913,30,v2,88000000ffffffffffffa8dd9f4dc5b5
2769,39.845218464,8.599414,30,v2,88000000ffffffffffffa8dd9f4dc5b5
2770,39.852701222,7.482758,30,v2,88000000ffffffffffffa8dd9f4dc5b5
2771,39.860836447,8.135225,30,v2,88000000ffffffffffffa8dd9f4dc5b5
2772,39.868983957,8.147510,30,v2,88000000ffffffffffffa8dd9f4dc5b5
2773,39.876119877,7.135920,30,v2,88000000ffffffffffffa8dd9f4dc5b5
2774,39.884276694,8.156817,30,v2,88000000ffffffffffffa8dd9f4dc5b5
2775,39.892359980,8.083286,30,v2,88000000ffffffffffffa8dd9f4dc5b5
2776,39.900582306,8.222326,30,v2,88000000ffffffffffffa8dd9f4dc5b5
2777,39.908836810,8.254504,30,v2,88000000ffffffffffffa8dd9f4dc5b5
2778,39.916928477,8.091667,30,v2,88000000ffffffffffffa8dd9f4dc5b5
2779,39.925934464,9.005987,30,v2,88000000ffffffffffffa8dd9f4dc5b5
2780,39.934248126,8.313662,30,v2,88000000ffffffffffffa8dd9f4dc5b5
2781,39.942130224,7.882098,30,v2,88000000ffffffffffffa8dd9f4dc5b5
2782,39.951320272,9.190048,30,v2,88000000ffffffffffffa8dd9f4dc5b5
2783,39.957440420,6.120148,30,v2,88000000ffffffffffffa8dd9f4dc5b5
2784,39.965635067,8.194647,30,v2,88000000ffffffffffffa8dd9f4dc5b5
2785,39.973644156,8.009089,30,v2,88000000ffffffffffffa8dd9f4dc5b5
2786,39.982088480,8.444324,30,v2,88000000ffffffffffffa8dd9f4dc5b5
2787,39.989935975,7.847495,30,v2,88000000ffffffffffffa8dd9f4dc5b5
2788,39.998028630,8.092655,30,v2,88000000ffffffffffffa8dd9f4dc5b5
2789,40.005482989,7.454359,30,v2,88000000ffffffffffffa8dd9f4dc5b5
2790,40.013215674,7.732685,30,v2,88000000ffffffffffffa8dd9f4dc5b5
2791,40.021771183,8.555509,30,v2,88000000ffffffffffffa8dd9f4dc5b5
2792,40.029633912,7.862729,30,v2,88000000ffffffffffffa8dd9f4dc5b5
2793,40.038007890,8.373978,30,v2,88000000ffffffffffffa8dd9f4dc5b5
2794,40.045969504,7.961614,30,v2,88000000ffffffffffffa8dd9f4dc5b5
2795,40.053906020,7.936516,30,v2,88000000ffffffffffffa8dd9f4dc5b5
2796,40.062299589,8.393569,30,v2,88000000ffffffffffffa8dd9f4dc5b5
2797,40.070214026,7.914437,30,v2,88000000ffffffffffffa8dd9f4dc5b5
2798,40.078420440,8.206414,30,v2,88000000ffffffffffffa8dd9f4dc5b5
2799,40.086503422,8.082982,30,v2,88000000ffffffffffffa8dd9f4dc5b5
2800,40.094727697,8.224275,30,v2,88000000ffffffffffffa8dd9f4dc5b5
2801,40.102754822,8.027125,30,v2,88000000ffffffffffffa8dd9f4dc5b5
2802,40.110808999,8.054177,30,v2,88000000ffffffffffffa8dd9f4dc5b5
2803,40.118933080,8.124081,30,v2,88000000ffffffffffffa8dd9f4dc5b5
2804,40.126097069,7.163989,30,v2,88000000ffffffffffffa8dd9f4dc5b5
2805,40.134497083,8.400014,30,v2,88000000ffffffffffffa8dd9f4dc5b5
2806,40.142619307,8.122224,30,v2,88000000ffffffffffffa8dd9f4dc5b5
2807,40.150351458,7.732151,30,v2,88000000ffffffffffffa8dd9f4dc5b5
2808,40.158507420,8.155962,30,v2,88000000ffffffffffffa8dd9f4dc5b5
2809,40.166717247,8.209827,30,v2,88000000ffffffffffffa8dd9f4dc5b5
2810,40.174707491,7.990244,30,v2,88000000ffffffffffffa8dd9f4dc5b5
2811,40.181943656,7.236165,30,v2,88000000ffffffffffffa8dd9f4dc5b5
2812,40.191184146,9.240490,30,v2,88000000ffffffffffffa8dd9f4dc5b5
2813,40.199140860,7.956714,30,v2,88000000ffffffffffffa8dd9f4dc5b5
2814,40.207473314,8.332454,30,v2,88000000ffffffffffffa8dd9f4dc5b5
2815,40.215531771,8.058457,30,v2,88000000ffffffffffffa8dd9f4dc5b5
2816,40.223607205,8.075434,30,v2,88000000ffffffffffffa8dd9f4dc5b5
2817,40.231798263,8.191058,30,v2,88000000ffffffffffffa8dd9f4dc5b5
2818,40.238967764,7.169501,30,v2,88000000ffffffffffffa8dd9f4dc5b5
2819,40.247099418,8.131654,30,v2,88000000ffffffffffffa8dd9f4dc5b5
2820,40.255097999,7.998581,30,v2,88000000ffffffffffffa8dd9f4dc5b5
2821,40.263334793,8.236794,30,v2,88000000ffffffffffffa8dd9f4dc5b5
2822,40.271527339,8.192546,30,v2,88000000ffffffffffffa8dd9f4dc5b5
2823,40.280128909,8.601570,30,v2,88000000ffffffffffffa8dd9f4dc5b5
2824,40.287663033,7.534124,30,v2,88000000ffffffffffffa8dd9f4dc5b5
2825,40.295715516,8.052483,30,v2,88000000ffffffffffffa8dd9f4dc5b5
2826,40.303837263,8.121747,30,v2,88000000ffffffffffffa8dd9f4dc5b5
2827,40.311126106,7.288843,30,v2,88000000ffffffffffffa8dd9f4dc5b5
2828,40.320107963,8.981857,30,v2,88000000ffffffffffffa8dd9f4dc5b5
2829,40.328310430,8.202467,30,v2,88000000ffffffffffffa8dd9f4dc5b5
2830,40.336354109,8.043679,30,v2,88000000ffffffffffffa8dd9f4dc5b5
2831,40.344427433,8.073324,30,v2,88000000ffffffffffffa8dd9f4dc5b5
2832,40.352581629,8.154196,30,v2,88000000ffffffffffffa8dd9f4dc5b5
2833,40.360635934,8.054305,30,v2,88000000ffffffffffffa8dd9f4dc5b5
2834,40.367881923,7.245989,30,v2,88000000ffffffffffffa8dd9f4dc5b5
2835,40.376017246,8.135323,30,v2,88000000ffffffffffffa8dd9f4dc5b5
2836,40.384162964,8.145718,30,v2,88000000ffffffffffffa8dd9f4dc5b5
2837,40.392474478,8.311514,30,v2,88000000ffffffffffffa8dd9f4dc5b5
2838,40.400299906,7.825428,30,v2,88000000ffffffffffffa8dd9f4dc5b5
2839,40.408620805,8.320899,30,v2,88000000ffffffffffffa8dd9f4dc5b5
2840,40.416676395,8.055590,30,v2,88000000ffffffffffffa8dd9f4dc5b5
2841,40.423696243,7.019848,30,v2,88000000ffffffffffffa8dd9f4dc5b5
2842,40.431862523,8.166280,30,v2,88000000ffffffffffffa8dd9f4dc5b5
2843,40.763294483,331.431960,30,v2,88000000ffffffffffffa8dd9f4dc5b5
2844,40.770444503,7.150020,30,v2,88000000ffffffffffffa8dd9f4dc5b5
2845,40.778530031,8.085528,30,v2,88000000ffffffffffffa8dd9f4dc5b5
2846,40.786589676,8.059645,30,v2,88000000ffffffffffffa8dd9f4dc5b5
2847,40.794666148,8.076472,30,v2,88000000ffffffffffffa8dd9f4dc5b5
2848,40.801690322,7.024174,30,v2,88000000ffffffffffffa8dd9f4dc5b5
2849,40.809869349,8.179027,30,v2,88000000ffffffffffffa8dd9f4dc5b5
2850,40.818083344,8.213995,30,v2,88000000ffffffffffffa8dd9f4dc5b5
2851,40.826052802,7.969458,30,v2,88000000ffffffffffffa8dd9f4dc5b5
2852,40.833370130,7.317328,30,v2,88000000ffffffffffffa8dd9f4dc5b5
2853,40.842353068,8.982938,30,v2,88000000ffffffffffffa8dd9f4dc5b5
2854,40.850404317,8.051249,30,v2,88000000ffffffffffffa8dd9f4dc5b5
2855,40.858513649,8.109332,30,v2,88000000ffffffffffffa8dd9f4dc5b5
2856,40.866782881,8.269232,30,v2,88000000ffffffffffffa8dd9f4dc5b5
2857,40.875699586,8.916705,30,v2,88000000ffffffffffffa8dd9f4dc5b5
2858,40.882205115,6.505529,30,v2,88000000ffffffffffffa8dd9f4dc5b5
2859,40.890079009,7.873894,30,v2,88000000ffffffffffffa8dd9f4dc5b5
2860,40.898233966,8.154957,30,v2,88000000ffffffffffffa8dd9f4dc5b5
2861,40.906276516,8.042550,30,v2,88000000ffffffffffffa8dd9f4dc5b5
2862,40.914449340,8.172824,30,v2,88000000ffffffffffffa8dd9f4dc5b5
2863,40.921583507,7.134167,30,v2,88000000ffffffffffffa8dd9f4dc5b5
2864,40.930001587,8.418080,30,v2,88000000ffffffffffffa8dd9f4dc5b5
2865,40.939148121,9.146534,30,v2,88000000ffffffffffffa8dd9f4dc5b5
2866,40.946405085,7.256964,30,v2,88000000ffffffffffffa8dd9f4dc5b5
2867,40.953153380,6.748295,30,v2,88000000ffffffffffffa8dd9f4dc5b5
2868,40.961396416,8.243036,30,v2,88000000ffffffffffffa8dd9f4dc5b5
2869,40.970670819,9.274403,30,v2,88000000ffffffffffffa8dd9f4dc5b5
2870,40.978977635,8.306816,30,v2,88000000ffffffffffffa8dd9f4dc5b5
2871,40.986814117,7.836482,30,v2,88000000ffffffffffffa8dd9f4dc5b5
2872,40.993624496,6.810379,30,v2,88000000ffffffffffffa8dd9f4dc5b5
2873,41.001807898,8.183402,30,v2,88000000ffffffffffffa8dd9f4dc5b5
2874,41.009974411,8.166513,30,v2,88000000ffffffffffffa8dd9f4dc5b5
2875,41.018399572,8.425161,30,v2,88000000ffffffffffffa8dd9f4dc5b5
2876,41.025481825,7.082253,30,v2,88000000ffffffffffffa8dd9f4dc5b5
2877,41.033594995,8.113170,30,v2,88000000ffffffffffffa8dd9f4dc5b5
2878,41.041571136,7.976141,30,v2,88000000ffffffffffffa8dd9f4dc5b5
2879,41.050000778,8.429642,30,v2,88000000ffffffffffffa8dd9f4dc5b5
2880,41.056946292,6.945514,30,v2,88000000ffffffffffffa8dd9f4dc5b5
2881,41.065130911,8.184619,30,v2,88000000ffffffffffffa8dd9f4dc5b5
2882,41.073175384,8.044473,30,v2,88000000ffffffffffffa8dd9f4dc5b5
2883,41.083134020,9.958636,30,v2,88000000ffffffffffffa8dd9f4dc5b5
2884,41.089396471,6.262451,30,v2,88000000ffffffffffffa8dd9f4dc5b5
2885,41.098485806,9.089335,30,v2,88000000ffffffffffffa8dd9f4dc5b5
2886,41.106458299,7.972493,30,v2,88000000ffffffffffffa8dd9f4dc5b5
2887,41.114671430,8.213131,30,v2,88000000ffffffffffffa8dd9f4dc5b5
2888,41.121717157,7.045727,30,v2,88000000ffffffffffffa8dd9f4dc5b5
2889,41.131750048,10.032891,30,v2,88000000ffffffffffffa8dd9f4dc5b5
2890,41.138105852,6.355804,30,v2,88000000ffffffffffffa8dd9f4dc5b5
2891,41.146158497,8.052645,30,v2,88000000ffffffffffffa8dd9f4dc5b5
2892,41.154315987,8.157490,30,v2,88000000ffffffffffffa8dd9f4dc5b5
2893,41.161469103,7.153116,30,v2,88000000ffffffffffffa8dd9f4dc5b5
2894,41.169669614,8.200511,30,v2,88000000ffffffffffffa8dd9f4dc5b5
2895,41.177662038,7.992424,30,v2,88000000ffffffffffffa8dd9f4dc5b5
2896,41.185712674,8.050636,30,v2,88000000ffffffffffffa8dd9f4dc5b5
2897,41.193905760,8.193086,30,v2,88000000ffffffffffffa8dd9f4dc5b5
2898,41.201002871,7.097111,30,v2,88000000ffffffffffffa8dd9f4dc5b5
2899,41.209288597,8.285726,30,v2,88000000ffffffffffffa8dd9f4dc5b5
2900,41.217446822,8.158225,30,v2,88000000ffffffffffffa8dd9f4dc5b5
2901,41.228335171,10.888349,30,v2,88000000ffffffffffffa8dd9f4dc5b5
2902,41.233635326,5.300155,30,v2,88000000ffffffffffffa8dd9f4dc5b5
2903,41.242276226,8.640900,30,v2,88000000ffffffffffffa8dd9f4dc5b5
2904,41.249687618,7.411392,30,v2,88000000ffffffffffffa8dd9f4dc5b5
2905,41.257919096,8.231478,30,v2,88000000ffffffffffffa8dd9f4dc5b5
2906,41.265027917,7.108821,30,v2,88000000ffffffffffffa8dd9f4dc5b5
2907,41.273280949,8.253032,30,v2,88000000ffffffffffffa8dd9f4dc5b5
2908,41.281220039,7.939090,30,v2,88000000ffffffffffffa8dd9f4dc5b5
2909,41.289600758,8.380719,30,v2,88000000ffffffffffffa8dd9f4dc5b5
2910,41.297421606,7.820848,30,v2,88000000ffffffffffffa8dd9f4dc5b5
2911,41.305035169,7.613563,30,v2,88000000ffffffffffffa8dd9f4dc5b5
2912,41.313037538,8.002369,30,v2,88000000ffffffffffffa8dd9f4dc5b5
2913,41.321076656,8.039118,30,v2,88000000ffffffffffffa8dd9f4dc5b5
2914,41.329261185,8.184529,30,v2,88000000ffffffffffffa8dd9f4dc5b5
2915,41.336420261,7.159076,30,v2,88000000ffffffffffffa8dd9f4dc5b5
2916,41.344439818,8.019557,30,v2,88000000ffffffffffffa8dd9f4dc5b5
2917,41.352475644,8.035826,30,v2,88000000ffffffffffffa8dd9f4dc5b5
2918,41.362013597,9.537953,30,v2,88000000ffffffffffffa8dd9f4dc5b5
2919,41.368625355,6.611758,30,v2,88000000ffffffffffffa8dd9f4dc5b5
2920,41.376777393,8.152038,30,v2,88000000ffffffffffffa8dd9f4dc5b5
2921,41.384938079,8.160686,30,v2,88000000ffffffffffffa8dd9f4dc5b5
2922,41.393044051,8.105972,30,v2,88000000ffffffffffffa8dd9f4dc5b5
2923,41.400326380,7.282329,30,v2,88000000ffffffffffffa8dd9f4dc5b5
2924,41.408326303,7.999923,30,v2,88000000ffffffffffffa8dd9f4dc5b5
2925,41.416456186,8.129883,30,v2,88000000ffffffffffffa8dd9f4dc5b5
2926,41.424507200,8.051014,30,v2,88000000ffffffffffffa8dd9f4dc5b5
2927,41.433218388,8.711188,30,v2,88000000ffffffffffffa8dd9f4dc5b5
2928,41.440703683,7.485295,30,v2,88000000ffffffffffffa8dd9f4dc5b5
2929,41.449850091,9.146408,30,v2,88000000ffffffffffffa8dd9f4dc5b5
2930,41.456200942,6.350851,30,v2,88000000ffffffffffffa8dd9f4dc5b5
2931,41.464138930,7.937988,30,v2,88000000ffffffffffffa8dd9f4dc5b5
2932,41.472324922,8.185992,30,v2,88000000ffffffffffffa8dd9f4dc5b5
2933,41.480416572,8.091650,30,v2,88000000ffffffffffffa8dd9f4dc5b5
2934,41.488611274,8.194702,30,v2,88000000ffffffffffffa8dd9f4dc5b5
2935,41.496713909,8.102635,30,v2,88000000ffffffffffffa8dd9f4dc5b5
2936,41.504696493,7.982584,30,v2,88000000ffffffffffffa8dd9f4dc5b5
2937,41.512902248,8.205755,30,v2,88000000ffffffffffffa8dd9f4dc5b5
2938,41.519991524,7.089276,30,v2,88000000ffffffffffffa8dd9f4dc5b5
2939,41.528120529,8.129005,30,v2,88000000ffffffffffffa8dd9f4dc5b5
2940,41.536266448,8.145919,30,v2,88000000ffffffffffffa8dd9f4dc5b5
2941,41.544378149,8.111701,30,v2,88000000ffffffffffffa8dd9f4dc5b5
2942,41.551676404,7.298255,30,v2,88000000ffffffffffffa8dd9f4dc5b5
2943,41.883160141,331.483737,30,v2,88000000ffffffffffffa8dd9f4dc5b5
2944,41.890759699,7.599558,30,v2,88000000ffffffffffffa8dd9f4dc5b5
2945,41.898962888,8.203189,30,v2,88000000ffffffffffffa8dd9f4dc5b5
2946,41.906045047,7.082159,30,v2,88000000ffffffffffffa8dd9f4dc5b5
2947,41.914469777,8.424730,30,v2,88000000ffffffffffffa8dd9f4dc5b5
2948,41.922445676,7.975899,30,v2,88000000ffffffffffffa8dd9f4dc5b5
2949,41.929764930,7.319254,30,v2,88000000ffffffffffffa8dd9f4dc5b5
2950,41.937971038,8.206108,30,v2,88000000ffffffffffffa8dd9f4dc5b5
2951,41.945874978,7.903940,30,v2,88000000ffffffffffffa8dd9f4dc5b5
2952,41.952988657,7.113679,30,v2,88000000ffffffffffffa8dd9f4dc5b5
2953,41.961227053,8.238396,30,v2,88000000ffffffffffffa8dd9f4dc5b5
2954,41.969463017,8.235964,30,v2,88000000ffffffffffffa8dd9f4dc5b5
2955,41.976305167,6.842150,30,v2,88000000ffffffffffffa8dd9f4dc5b5
2956,41.984441634,8.136467,30,v2,88000000ffffffffffffa8dd9f4dc5b5
2957,41.992442420,8.000786,30,v2,88000000ffffffffffffa8dd9f4dc5b5
2958,41.999910455,7.468035,30,v2,88000000ffffffffffffa8dd9f4dc5b5
2959,42.008858753,8.948298,30,v2,88000000ffffffffffffa8dd9f4dc5b5
2960,42.016818200,7.959447,30,v2,88000000ffffffffffffa8dd9f4dc5b5
2961,42.024141425,7.323225,30,v2,88000000ffffffffffffa8dd9f4dc5b5
2962,42.032110185,7.968760,30,v2,88000000ffffffffffffa8dd9f4dc5b5
2963,42.040406174,8.295989,30,v2,88000000ffffffffffffa8dd9f4dc5b5
2964,42.047390220,6.984046,30,v2,88000000ffffffffffffa8dd9f4dc5b5
2965,42.055846384,8.456164,30,v2,88000000ffffffffffffa8dd9f4dc5b5
2966,42.063531445,7.685061,30,v2,88000000ffffffffffffa8dd9f4dc5b5
2967,42.070732362,7.200917,30,v2,88000000ffffffffffffa8dd9f4dc5b5
2968,42.078966019,8.233657,30,v2,88000000ffffffffffffa8dd9f4dc5b5
2969,42.087124801,8.158782,30,v2,88000000ffffffffffffa8dd9f4dc5b5
2970,42.094198251,7.073450,30,v2,88000000ffffffffffffa8dd9f4dc5b5
2971,42.102035408,7.837157,30,v2,88000000ffffffffffffa8dd9f4dc5b5
2972,42.110449128,8.413720,30,v2,88000000ffffffffffffa8dd9f4dc5b5
2973,42.117480284,7.031156,30,v2,88000000ffffffffffffa8dd9f4dc5b5
2974,42.125761656,8.281372,30,v2,88000000ffffffffffffa8dd9f4dc5b5
2975,42.133591968,7.830312,30,v2,88000000ffffffffffffa8dd9f4dc5b5
2976,42.141898396,8.306428,30,v2,88000000ffffffffffffa8dd9f4dc5b5
2977,42.149906144,8.007748,30,v2,88000000ffffffffffffa8dd9f4dc5b5
2978,42.158022241,8.116097,30,v2,88000000ffffffffffffa8dd9f4dc5b5
2979,42.165162985,7.140744,30,v2,88000000ffffffffffffa8dd9f4dc5b5
2980,42.173266842,8.103857,30,v2,88000000ffffffffffffa8dd9f4dc5b5
2981,42.181331060,8.064218,30,v2,88000000ffffffffffffa8dd9f4dc5b5
2982,42.188511135,7.180075,30,v2,88000000ffffffffffffa8dd9f4dc5b5
2983,42.196659023,8.147888,30,v2,88000000ffffffffffffa8dd9f4dc5b5
2984,42.204821155,8.162132,30,v2,88000000ffffffffffffa8dd9f4dc5b5
2985,42.211981050,7.159895,30,v2,88000000ffffffffffffa8dd9f4dc5b5
2986,42.220011733,8.030683,30,v2,88000000ffffffffffffa8dd9f4dc5b5
2987,42.228371923,8.360190,30,v2,88000000ffffffffffffa8dd9f4dc5b5
2988,42.235455304,7.083381,30,v2,88000000ffffffffffffa8dd9f4dc5b5
2989,42.243616296,8.160992,30,v2,88000000ffffffffffffa8dd9f4dc5b5
2990,42.251769658,8.153362,30,v2,88000000ffffffffffffa8dd9f4dc5b5
2991,42.258610514,6.840856,30,v2,88000000ffffffffffffa8dd9f4dc5b5
2992,42.267987874,9.377360,30,v2,88000000ffffffffffffa8dd9f4dc5b5
2993,42.275817551,7.829677,30,v2,88000000ffffffffffffa8dd9f4dc5b5
2994,42.283033606,7.216055,30,v2,88000000ffffffffffffa8dd9f4dc5b5
2995,42.291076212,8.042606,30,v2,88000000ffffffffffffa8dd9f4dc5b5
2996,42.299188634,8.112422,30,v2,88000000ffffffffffffa8dd9f4dc5b5
2997,42.306362817,7.174183,30,v2,88000000ffffffffffffa8dd9f4dc5b5
2998,42.314439206,8.076389,30,v2,88000000ffffffffffffa8dd9f4dc5b5
2999,42.322545895,8.106689,30,v2,88000000ffffffffffffa8dd9f4dc5b5
3000,42.329758584,7.212689,30,v2,88000000ffffffffffffa8dd9f4dc5b5
3001,42.337946773,8.188189,30,v2,88000000ffffffffffffa8dd9f4dc5b5
3002,42.346183917,8.237144,30,v2,88000000ffffffffffffa8dd9f4dc5b5
3003,42.354130923,7.947006,30,v2,88000000ffffffffffffa8dd9f4dc5b5
3004,42.362176551,8.045628,30,v2,88000000ffffffffffffa8dd9f4dc5b5
3005,42.369389387,7.212836,30,v2,88000000ffffffffffffa8dd9f4dc5b5
3006,42.377756176,8.366789,30,v2,88000000ffffffffffffa8dd9f4dc5b5
3007,42.384672698,6.916522,30,v2,88000000ffffffffffffa8dd9f4dc5b5
3008,42.392942649,8.269951,30,v2,88000000ffffffffffffa8dd9f4dc5b5
3009,42.401906234,8.963585,30,v2,88000000ffffffffffffa8dd9f4dc5b5
3010,42.409142532,7.236298,30,v2,88000000ffffffffffffa8dd9f4dc5b5
3011,42.417075174,7.932642,30,v2,88000000ffffffffffffa8dd9f4dc5b5
3012,42.425335135,8.259961,30,v2,88000000ffffffffffffa8dd9f4dc5b5
3013,42.432340222,7.005087,30,v2,88000000ffffffffffffa8dd9f4dc5b5
3014,42.440558464,8.218242,30,v2,88000000ffffffffffffa8dd9f4dc5b5
3015,42.448673942,8.115478,30,v2,88000000ffffffffffffa8dd9f4dc5b5
3016,42.456664206,7.990264,30,v2,88000000ffffffffffffa8dd9f4dc5b5
3017,42.464015724,7.351518,30,v2,88000000ffffffffffffa8dd9f4dc5b5
3018,42.472029357,8.013633,30,v2,88000000ffffffffffffa8dd9f4dc5b5
3019,42.480181537,8.152180,30,v2,88000000ffffffffffffa8dd9f4dc5b5
3020,42.487528681,7.347144,30,v2,88000000ffffffffffffa8dd9f4dc5b5
3021,42.495389400,7.860719,30,v2,88000000ffffffffffffa8dd9f4dc5b5
3022,42.503563485,8.174085,30,v2,88000000ffffffffffffa8dd9f4dc5b5
3023,42.510917420,7.353935,30,v2,88000000ffffffffffffa8dd9f4dc5b5
3024,42.518701027,7.783607,30,v2,88000000ffffffffffffa8dd9f4dc5b5
3025,42.527877442,9.176415,30,v2,88000000ffffffffffffa8dd9f4dc5b5
3026,42.536875949,8.998507,30,v2,88000000ffffffffffffa8dd9f4dc5b5
3027,42.543772751,6.896802,30,v2,88000000ffffffffffffa8dd9f4dc5b5
3028,42.550370996,6.598245,30,v2,88000000ffffffffffffa8dd9f4dc5b5
3029,42.558495064,8.124068,30,v2,88000000ffffffffffffa8dd9f4dc5b5
3030,42.566510078,8.015014,30,v2,88000000ffffffffffffa8dd9f4dc5b5
3031,42.574511227,8.001149,30,v2,88000000ffffffffffffa8dd9f4dc5b5
3032,42.581576149,7.064922,30,v2,88000000ffffffffffffa8dd9f4dc5b5
3033,42.589800101,8.223952,30,v2,88000000ffffffffffffa8dd9f4dc5b5
3034,42.597889327,8.089226,30,v2,88000000ffffffffffffa8dd9f4dc5b5
3035,42.605209420,7.320093,30,v2,88000000ffffffffffffa8dd9f4dc5b5
3036,42.613414794,8.205374,30,v2,88000000ffffffffffffa8dd9f4dc5b5
3037,42.621298122,7.883328,30,v2,88000000ffffffffffffa8dd9f4dc5b5
3038,42.628905143,7.607021,30,v2,88000000ffffffffffffa8dd9f4dc5b5
3039,42.636689058,7.783915,30,v2,88000000ffffffffffffa8dd9f4dc5b5
3040,42.644715198,8.026140,30,v2,88000000ffffffffffffa8dd9f4dc5b5
3041,42.651890738,7.175540,30,v2,88000000ffffffffffffa8dd9f4dc5b5
3042,42.660916549,9.025811,30,v2,88000000ffffffffffffa8dd9f4dc5b5
3043,42.990300956,329.384407,30,v2,88000000ffffffffffffa8dd9f4dc5b5
3044,42.998386706,8.085750,30,v2,88000000ffffffffffffa8dd9f4dc5b5
3045,43.005628229,7.241523,30,v2,88000000ffffffffffffa8dd9f4dc5b5
3046,43.013568412,7.940183,30,v2,88000000ffffffffffffa8dd9f4dc5b5
3047,43.020851086,7.282674,30,v2,88000000ffffffffffffa8dd9f4dc5b5
3048,43.028774093,7.923007,30,v2,88000000ffffffffffffa8dd9f4dc5b5
3049,43.036842932,8.068839,30,v2,88000000ffffffffffffa8dd9f4dc5b5
3050,43.044145230,7.302298,30,v2,88000000ffffffffffffa8dd9f4dc5b5
3051,43.053364630,9.219400,30,v2,88000000ffffffffffffa8dd9f4dc5b5
3052,43.060317962,6.953332,30,v2,88000000ffffffffffffa8dd9f4dc5b5
3053,43.068414239,8.096277,30,v2,88000000ffffffffffffa8dd9f4dc5b5
3054,43.076586567,8.172328,30,v2,88000000ffffffffffffa8dd9f4dc5b5
3055,43.084153562,7.566995,30,v2,88000000ffffffffffffa8dd9f4dc5b5
3056,43.091658404,7.504842,30,v2,88000000ffffffffffffa8dd9f4dc5b5
3057,43.098851728,7.193324,30,v2,88000000ffffffffffffa8dd9f4dc5b5
3058,43.107053687,8.201959,30,v2,88000000ffffffffffffa8dd9f4dc5b5
3059,43.114121083,7.067396,30,v2,88000000ffffffffffffa8dd9f4dc5b5
3060,43.122304965,8.183882,30,v2,88000000ffffffffffffa8dd9f4dc5b5
3061,43.130272440,7.967475,30,v2,88000000ffffffffffffa8dd9f4dc5b5
3062,43.137460600,7.188160,30,v2,88000000ffffffffffffa8dd9f4dc5b5
3063,43.145799917,8.339317,30,v2,88000000ffffffffffffa8dd9f4dc5b5
3064,43.152675799,6.875882,30,v2,88000000ffffffffffffa8dd9f4dc5b5
3065,43.160785429,8.109630,30,v2,88000000ffffffffffffa8dd9f4dc5b5
3066,43.168173455,7.388026,30,v2,88000000ffffffffffffa8dd9f4dc5b5
3067,43.178961393,10.787938,30,v2,88000000ffffffffffffa8dd9f4dc5b5
3068,43.184422774,5.461381,30,v2,88000000ffffffffffffa8dd9f4dc5b5
3069,43.194394903,9.972129,30,v2,88000000ffffffffffffa8dd9f4dc5b5
3070,43.200775565,6.380662,30,v2,88000000ffffffffffffa8dd9f4dc5b5
3071,43.207652110,6.876545,30,v2,88000000ffffffffffffa8dd9f4dc5b5
3072,43.215720360,8.068250,30,v2,88000000ffffffffffffa8dd9f4dc5b5
3073,43.222824620,7.104260,30,v2,88000000ffffffffffffa8dd9f4dc5b5
3074,43.230885530,8.060910,30,v2,88000000ffffffffffffa8dd9f4dc5b5
3075,43.238105944,7.220414,30,v2,88000000ffffffffffffa8dd9f4dc5b5
3076,43.246186211,8.080267,30,v2,88000000ffffffffffffa8dd9f4dc5b5
3077,43.254241202,8.054991,30,v2,88000000ffffffffffffa8dd9f4dc5b5
3078,43.261438909,7.197707,30,v2,88000000ffffffffffffa8dd9f4dc5b5
3079,43.269572156,8.133247,30,v2,88000000ffffffffffffa8dd9f4dc5b5
3080,43.276677073,7.104917,30,v2,88000000ffffffffffffa8dd9f4dc5b5
3081,43.284697554,8.020481,30,v2,88000000ffffffffffffa8dd9f4dc5b5
3082,43.292940451,8.242897,30,v2,88000000ffffffffffffa8dd9f4dc5b5
3083,43.300077254,7.136803,30,v2,88000000ffffffffffffa8dd9f4dc5b5
3084,43.309500284,9.423030,30,v2,88000000ffffffffffffa8dd9f4dc5b5
3085,43.316361032,6.860748,30,v2,88000000ffffffffffffa8dd9f4dc5b5
3086,43.324449672,8.088640,30,v2,88000000ffffffffffffa8dd9f4dc5b5
3087,43.331773928,7.324256,30,v2,88000000ffffffffffffa8dd9f4dc5b5
3088,43.339714580,7.940652,30,v2,88000000ffffffffffffa8dd9f4dc5b5
3089,43.347930606,8.216026,30,v2,88000000ffffffffffffa8dd9f4dc5b5
3090,43.354865646,6.935040,30,v2,88000000ffffffffffffa8dd9f4dc5b5
3091,43.363079229,8.213583,30,v2,88000000ffffffffffffa8dd9f4dc5b5
3092,43.370377834,7.298605,30,v2,88000000ffffffffffffa8dd9f4dc5b5
3093,43.380144326,9.766492,30,v2,88000000ffffffffffffa8dd9f4dc5b5
3094,43.385555615,5.411289,30,v2,88000000ffffffffffffa8dd9f4dc5b5
3095,43.393798559,8.242944,30,v2,88000000ffffffffffffa8dd9f4dc5b5
3096,43.401926364,8.127805,30,v2,88000000ffffffffffffa8dd9f4dc5b5
3097,43.408791799,6.865435,30,v2,88000000ffffffffffffa8dd9f4dc5b5
3098,43.416791637,7.999838,30,v2,88000000ffffffffffffa8dd9f4dc5b5
3099,43.424169082,7.377445,30,v2,88000000ffffffffffffa8dd9f4dc5b5
3100,43.432397681,8.228599,30,v2,88000000ffffffffffffa8dd9f4dc5b5
3101,43.440432166,8.034485,30,v2,88000000ffffffffffffa8dd9f4dc5b5
3102,43.448479699,8.047533,30,v2,88000000ffffffffffffa8dd9f4dc5b5
3103,43.456460818,7.981119,30,v2,88000000ffffffffffffa8dd9f4dc5b5
3104,43.463740087,7.279269,30,v2,88000000ffffffffffffa8dd9f4dc5b5
3105,43.471972783,8.232696,30,v2,88000000ffffffffffffa8dd9f4dc5b5
3106,43.478980134,7.007351,30,v2,88000000ffffffffffffa8dd9f4dc5b5
3107,43.487012786,8.032652,30,v2,88000000ffffffffffffa8dd9f4dc5b5
3108,43.495026877,8.014091,30,v2,88000000ffffffffffffa8dd9f4dc5b5
3109,43.502478682,7.451805,30,v2,88000000ffffffffffffa8dd9f4dc5b5
3110,43.510241827,7.763145,30,v2,88000000ffffffffffffa8dd9f4dc5b5
3111,43.517415839,7.174012,30,v2,88000000ffffffffffffa8dd9f4dc5b5
3112,43.525562562,8.146723,30,v2,88000000ffffffffffffa8dd9f4dc5b5
3113,43.532696903,7.134341,30,v2,88000000ffffffffffffa8dd9f4dc5b5
3114,43.540843773,8.146870,30,v2,88000000ffffffffffffa8dd9f4dc5b5
3115,43.548153832,7.310059,30,v2,88000000ffffffffffffa8dd9f4dc5b5
3116,43.556346283,8.192451,30,v2,88000000ffffffffffffa8dd9f4dc5b5
3117,43.564146864,7.800581,30,v2,88000000ffffffffffffa8dd9f4dc5b5
3118,43.572615183,8.468319,30,v2,88000000ffffffffffffa8dd9f4dc5b5
3119,43.580593705,7.978522,30,v2,88000000ffffffffffffa8dd9f4dc5b5
3120,43.587527916,6.934211,30,v2,88000000ffffffffffffa8dd9f4dc5b5
3121,43.595521788,7.993872,30,v2,88000000ffffffffffffa8dd9f4dc5b5
3122,43.603034087,7.512299,30,v2,88000000ffffffffffffa8dd9f4dc5b5
3123,43.612865501,9.831414,30,v2,88000000ffffffffffffa8dd9f4dc5b5
3124,43.621106562,8.241061,30,v2,88000000ffffffffffffa8dd9f4dc5b5
3125,43.627964709,6.858147,30,v2,88000000ffffffffffffa8dd9f4dc5b5
3126,43.634659834,6.695125,30,v2,88000000ffffffffffffa8dd9f4dc5b5
3127,43.641371613,6.711779,30,v2,88000000ffffffffffffa8dd9f4dc5b5
3128,43.649720685,8.349072,30,v2,88000000ffffffffffffa8dd9f4dc5b5
3129,43.657680350,7.959665,30,v2,88000000ffffffffffffa8dd9f4dc5b5
3130,43.665301243,7.620893,30,v2,88000000ffffffffffffa8dd9f4dc5b5
3131,43.673022475,7.721232,30,v2,88000000ffffffffffffa8dd9f4dc5b5
3132,43.680012092,6.989617,30,v2,88000000ffffffffffffa8dd9f4dc5b5
3133,43.688195734,8.183642,30,v2,88000000ffffffffffffa8dd9f4dc5b5
3134,43.695120880,6.925146,30,v2,88000000ffffffffffffa8dd9f4dc5b5
3135,43.704429082,9.308202,30,v2,88000000ffffffffffffa8dd9f4dc5b5
3136,43.712503020,8.073938,30,v2,88000000ffffffffffffa8dd9f4dc5b5
3137,43.719620762,7.117742,30,v2,88000000ffffffffffffa8dd9f4dc5b5
3138,43.727621782,8.001020,30,v2,88000000ffffffffffffa8dd9f4dc5b5
3139,43.735872357,8.250575,30,v2,88000000ffffffffffffa8dd9f4dc5b5
3140,43.743105945,7.233588,30,v2,88000000ffffffffffffa8dd9f4dc5b5
3141,43.751075138,7.969193,30,v2,88000000ffffffffffffa8dd9f4dc5b5
3142,43.758444744,7.369606,30,v2,88000000ffffffffffffa8dd9f4dc5b5
3143,44.088697968,330.253224,30,v2,88000000ffffffffffffa8dd9f4dc5b5
3144,44.096486582,7.788614,30,v2,88000000ffffffffffffa8dd9f4dc5b5
3145,44.103691732,7.205150,30,v2,88000000ffffffffffffa8dd9f4dc5b5
3146,44.111817595,8.125863,30,v2,88000000ffffffffffffa8dd9f4dc5b5
3147,44.120787007,8.969412,30,v2,88000000ffffffffffffa8dd9f4dc5b5
3148,44.128284938,7.497931,30,v2,88000000ffffffffffffa8dd9f4dc5b5
3149,44.134913772,6.628834,30,v2,88000000ffffffffffffa8dd9f4dc5b5
3150,44.142357285,7.443513,30,v2,88000000ffffffffffffa8dd9f4dc5b5
3151,44.149820060,7.462775,30,v2,88000000ffffffffffffa8dd9f4dc5b5
3152,44.157806840,7.986780,30,v2,88000000ffffffffffffa8dd9f4dc5b5
3153,44.164660188,6.853348,30,v2,88000000ffffffffffffa8dd9f4dc5b5
3154,44.172723352,8.063164,30,v2,88000000ffffffffffffa8dd9f4dc5b5
3155,44.180036353,7.313001,30,v2,88000000ffffffffffffa8dd9f4dc5b5
3156,44.188026472,7.990119,30,v2,88000000ffffffffffffa8dd9f4dc5b5
3157,44.195386121,7.359649,30,v2,88000000ffffffffffffa8dd9f4dc5b5
3158,44.202279313,6.893192,30,v2,88000000ffffffffffffa8dd9f4dc5b5
3159,44.210353849,8.074536,30,v2,88000000ffffffffffffa8dd9f4dc5b5
3160,44.218358355,8.004506,30,v2,88000000ffffffffffffa8dd9f4dc5b5
3161,44.226778125,8.419770,30,v2,88000000ffffffffffffa8dd9f4dc5b5
3162,44.234200653,7.422528,30,v2,88000000ffffffffffffa8dd9f4dc5b5
3163,44.242065473,7.864820,30,v2,88000000ffffffffffffa8dd9f4dc5b5
3164,44.248955723,6.890250,30,v2,88000000ffffffffffffa8dd9f4dc5b5
3165,44.257158407,8.202684,30,v2,88000000ffffffffffffa8dd9f4dc5b5
3166,44.264296985,7.138578,30,v2,88000000ffffffffffffa8dd9f4dc5b5
3167,44.272332342,8.035357,30,v2,88000000ffffffffffffa8dd9f4dc5b5
3168,44.279418423,7.086081,30,v2,88000000ffffffffffffa8dd9f4dc5b5
3169,44.287412121,7.993698,30,v2,88000000ffffffffffffa8dd9f4dc5b5
3170,44.294605330,7.193209,30,v2,88000000ffffffffffffa8dd9f4dc5b5
3171,44.302701333,8.096003,30,v2,88000000ffffffffffffa8dd9f4dc5b5
3172,44.309802817,7.101484,30,v2,88000000ffffffffffffa8dd9f4dc5b5
3173,44.318119965,8.317148,30,v2,88000000ffffffffffffa8dd9f4dc5b5
3174,44.325272160,7.152195,30,v2,88000000ffffffffffffa8dd9f4dc5b5
3175,44.333423636,8.151476,30,v2,88000000ffffffffffffa8dd9f4dc5b5
3176,44.340492409,7.068773,30,v2,88000000ffffffffffffa8dd9f4dc5b5
3177,44.348584429,8.092020,30,v2,88000000ffffffffffffa8dd9f4dc5b5
3178,44.356563916,7.979487,30,v2,88000000ffffffffffffa8dd9f4dc5b5
3179,44.363846095,7.282179,30,v2,88000000ffffffffffffa8dd9f4dc5b5
3180,44.371937411,8.091316,30,v2,88000000ffffffffffffa8dd9f4dc5b5
3181,44.379132841,7.195430,30,v2,88000000ffffffffffffa8dd9f4dc5b5
3182,44.387255615,8.122774,30,v2,88000000ffffffffffffa8dd9f4dc5b5
3183,44.394445206,7.189591,30,v2,88000000ffffffffffffa8dd9f4dc5b5
3184,44.402634343,8.189137,30,v2,88000000ffffffffffffa8dd9f4dc5b5
3185,44.410444363,7.810020,30,v2,88000000ffffffffffffa8dd9f4dc5b5
3186,44.419159463,8.715100,30,v2,88000000ffffffffffffa8dd9f4dc5b5
3187,44.425745462,6.585999,30,v2,88000000ffffffffffffa8dd9f4dc5b5
3188,44.433095119,7.349657,30,v2,88000000ffffffffffffa8dd9f4dc5b5
3189,44.441033334,7.938215,30,v2,88000000ffffffffffffa8dd9f4dc5b5
3190,44.448465314,7.431980,30,v2,88000000ffffffffffffa8dd9f4dc5b5
3191,44.455327379,6.862065,30,v2,88000000ffffffffffffa8dd9f4dc5b5
3192,44.463423225,8.095846,30,v2,88000000ffffffffffffa8dd9f4dc5b5
3193,44.470689648,7.266423,30,v2,88000000ffffffffffffa8dd9f4dc5b5
3194,44.479568718,8.879070,30,v2,88000000ffffffffffffa8dd9f4dc5b5
3195,44.488705949,9.137231,30,v2,88000000ffffffffffffa8dd9f4dc5b5
3196,44.496729666,8.023717,30,v2,88000000ffffffffffffa8dd9f4dc5b5
3197,44.501957668,5.228002,30,v2,88000000ffffffffffffa8dd9f4dc5b5
3198,44.510212369,8.254701,30,v2,88000000ffffffffffffa8dd9f4dc5b5
3199,44.517382517,7.170148,30,v2,88000000ffffffffffffa8dd9f4dc5b5
3200,44.525306003,7.923486,30,v2,88000000ffffffffffffa8dd9f4dc5b5
3201,44.532829461,7.523458,30,v2,88000000ffffffffffffa8dd9f4dc5b5
3202,44.540488089,7.658628,30,v2,88000000ffffffffffffa8dd9f4dc5b5
3203,44.547675150,7.187061,30,v2,88000000ffffffffffffa8dd9f4dc5b5
3204,44.555769454,8.094304,30,v2,88000000ffffffffffffa8dd9f4dc5b5
3205,44.562862696,7.093242,30,v2,88000000ffffffffffffa8dd9f4dc5b5
3206,44.570890075,8.027379,30,v2,88000000ffffffffffffa8dd9f4dc5b5
3207,44.578317538,7.427463,30,v2,88000000ffffffffffffa8dd9f4dc5b5
3208,44.586304500,7.986962,30,v2,88000000ffffffffffffa8dd9f4dc5b5
3209,44.593438372,7.133872,30,v2,88000000ffffffffffffa8dd9f4dc5b5
3210,44.601823993,8.385621,30,v2,88000000ffffffffffffa8dd9f4dc5b5
3211,44.609709055,7.885062,30,v2,88000000ffffffffffffa8dd9f4dc5b5
3212,44.617685019,7.975964,30,v2,88000000ffffffffffffa8dd9f4dc5b5
3213,44.624810854,7.125835,30,v2,88000000ffffffffffffa8dd9f4dc5b5
3214,44.632247915,7.437061,30,v2,88000000ffffffffffffa8dd9f4dc5b5
3215,44.640204787,7.956872,30,v2,88000000ffffffffffffa8dd9f4dc5b5
3216,44.647328350,7.123563,30,v2,88000000ffffffffffffa8dd9f4dc5b5
3217,44.655549333,8.220983,30,v2,88000000ffffffffffffa8dd9f4dc5b5
3218,44.663346172,7.796839,30,v2,88000000ffffffffffffa8dd9f4dc5b5
3219,44.670812552,7.466380,30,v2,88000000ffffffffffffa8dd9f4dc5b5
3220,44.677707973,6.895421,30,v2,88000000ffffffffffffa8dd9f4dc5b5
3221,44.686025740,8.317767,30,v2,88000000ffffffffffffa8dd9f4dc5b5
3222,44.694268600,8.242860,30,v2,88000000ffffffffffffa8dd9f4dc5b5
3223,44.701742694,7.474094,30,v2,88000000ffffffffffffa8dd9f4dc5b5
3224,44.708511441,6.768747,30,v2,88000000ffffffffffffa8dd9f4dc5b5
3225,44.716290564,7.779123,30,v2,88000000ffffffffffffa8dd9f4dc5b5
3226,44.723442778,7.152214,30,v2,88000000ffffffffffffa8dd9f4dc5b5
3227,44.733448507,10.005729,30,v2,88000000ffffffffffffa8dd9f4dc5b5
3228,44.739719207,6.270700,30,v2,88000000ffffffffffffa8dd9f4dc5b5
3229,44.747772628,8.053421,30,v2,88000000ffffffffffffa8dd9f4dc5b5
3230,44.755334480,7.561852,30,v2,88000000ffffffffffffa8dd9f4dc5b5
3231,44.763188735,7.854255,30,v2,88000000ffffffffffffa8dd9f4dc5b5
3232,44.770471936,7.283201,30,v2,88000000ffffffffffffa8dd9f4dc5b5
3233,44.777480645,7.008709,30,v2,88000000ffffffffffffa8dd9f4dc5b5
3234,44.785475922,7.995277,30,v2,88000000ffffffffffffa8dd9f4dc5b5
3235,44.793592029,8.116107,30,v2,88000000ffffffffffffa8dd9f4dc5b5
3236,44.800623871,7.031842,30,v2,88000000ffffffffffffa8dd9f4dc5b5
3237,44.808796909,8.173038,30,v2,88000000ffffffffffffa8dd9f4dc5b5
3238,44.815874888,7.077979,30,v2,88000000ffffffffffffa8dd9f4dc5b5
3239,44.823995305,8.120417,30,v2,88000000ffffffffffffa8dd9f4dc5b5
3240,44.831096116,7.100811,30,v2,88000000ffffffffffffa8dd9f4dc5b5
3241,44.839305326,8.209210,30,v2,88000000ffffffffffffa8dd9f4dc5b5
3242,44.846463858,7.158532,30,v2,88000000ffffffffffffa8dd9f4dc5b5
3243,45.184886377,338.422519,30,v2,88000000ffffffffffffa8dd9f4dc5b5
3244,45.191832449,6.946072,30,v2,88000000ffffffffffffa8dd9f4dc5b5
3245,45.198867649,7.035200,30,v2,88000000ffffffffffffa8dd9f4dc5b5
3246,45.206935100,8.067451,30,v2,88000000ffffffffffffa8dd9f4dc5b5
3247,45.214241724,7.306624,30,v2,88000000ffffffffffffa8dd9f4dc5b5
3248,45.223006200,8.764476,30,v2,88000000ffffffffffffa8dd9f4dc5b5
3249,45.229665293,6.659093,30,v2,88000000ffffffffffffa8dd9f4dc5b5
3250,45.236578239,6.912946,30,v2,88000000ffffffffffffa8dd9f4dc5b5
3251,45.244685673,8.107434,30,v2,88000000ffffffffffffa8dd9f4dc5b5
3252,45.251836491,7.150818,30,v2,88000000ffffffffffffa8dd9f4dc5b5
3253,45.260198401,8.361910,30,v2,88000000ffffffffffffa8dd9f4dc5b5
3254,45.268102145,7.903744,30,v2,88000000ffffffffffffa8dd9f4dc5b5
3255,45.275253706,7.151561,30,v2,88000000ffffffffffffa8dd9f4dc5b5
3256,45.282285085,7.031379,30,v2,88000000ffffffffffffa8dd9f4dc5b5
3257,45.290239119,7.954034,30,v2,88000000ffffffffffffa8dd9f4dc5b5
3258,45.297679525,7.440406,30,v2,88000000ffffffffffffa8dd9f4dc5b5
3259,45.305620378,7.940853,30,v2,88000000ffffffffffffa8dd9f4dc5b5
3260,45.312801253,7.180875,30,v2,88000000ffffffffffffa8dd9f4dc5b5
3261,45.319856490,7.055237,30,v2,88000000ffffffffffffa8dd9f4dc5b5
3262,45.327971096,8.114606,30,v2,88000000ffffffffffffa8dd9f4dc5b5
3263,45.334943371,6.972275,30,v2,88000000ffffffffffffa8dd9f4dc5b5
3264,45.342256091,7.312720,30,v2,88000000ffffffffffffa8dd9f4dc5b5
3265,45.350292014,8.035923,30,v2,88000000ffffffffffffa8dd9f4dc5b5
3266,45.357507027,7.215013,30,v2,88000000ffffffffffffa8dd9f4dc5b5
3267,45.367315351,9.808324,30,v2,88000000ffffffffffffa8dd9f4dc5b5
3268,45.372625208,5.309857,30,v2,88000000ffffffffffffa8dd9f4dc5b5
3269,45.379851038,7.225830,30,v2,88000000ffffffffffffa8dd9f4dc5b5
3270,45.388971302,9.120264,30,v2,88000000ffffffffffffa8dd9f4dc5b5
3271,45.396046447,7.075145,30,v2,88000000ffffffffffffa8dd9f4dc5b5
3272,45.404177998,8.131551,30,v2,88000000ffffffffffffa8dd9f4dc5b5
3273,45.411304933,7.126935,30,v2,88000000ffffffffffffa8dd9f4dc5b5
3274,45.418321842,7.016909,30,v2,88000000ffffffffffffa8dd9f4dc5b5
3275,45.426994819,8.672977,30,v2,88000000ffffffffffffa8dd9f4dc5b5
3276,45.433679450,6.684631,30,v2,88000000ffffffffffffa8dd9f4dc5b5
3277,45.440644464,6.965014,30,v2,88000000ffffffffffffa8dd9f4dc5b5
3278,45.448794348,8.149884,30,v2,88000000ffffffffffffa8dd9f4dc5b5
3279,45.455958925,7.164577,30,v2,88000000ffffffffffffa8dd9f4dc5b5
3280,45.459983422,4.024497,99,v2,1c000000aadd9f4dc5b5685966020000
3281,45.464406507,4.423085,30,v2,88000000ffffffffffffa8dd9f4dc5b5
3282,45.471487868,7.081361,30,v2,88000000ffffffffffffa8dd9f4dc5b5
3283,45.478415412,6.927544,30,v2,88000000ffffffffffffa8dd9f4dc5b5
3284,45.486565357,8.149945,30,v2,88000000ffffffffffffa8dd9f4dc5b5
3285,45.493731722,7.166365,30,v2,88000000ffffffffffffa8dd9f4dc5b5
3286,45.500901166,7.169444,30,v2,88000000ffffffffffffa8dd9f4dc5b5
3287,45.508794755,7.893589,30,v2,88000000ffffffffffffa8dd9f4dc5b5
3288,45.515892073,7.097318,30,v2,88000000ffffffffffffa8dd9f4dc5b5
3289,45.524954904,9.062831,30,v2,88000000ffffffffffffa8dd9f4dc5b5
3290,45.532099874,7.144970,30,v2,88000000ffffffffffffa8dd9f4dc5b5
3291,45.539328741,7.228867,30,v2,88000000ffffffffffffa8dd9f4dc5b5
3292,45.547306223,7.977482,30,v2,88000000ffffffffffffa8dd9f4dc5b5
3293,45.554530239,7.224016,30,v2,88000000ffffffffffffa8dd9f4dc5b5
3294,45.563738063,9.207824,30,v2,88000000ffffffffffffa8dd9f4dc5b5
3295,45.569797324,6.059261,30,v2,88000000ffffffffffffa8dd9f4dc5b5
3296,45.576800758,7.003434,30,v2,88000000ffffffffffffa8dd9f4dc5b5
3297,45.585020707,8.219949,30,v2,88000000ffffffffffffa8dd9f4dc5b5
3298,45.592113905,7.093198,30,v2,88000000ffffffffffffa8dd9f4dc5b5
3299,45.600259221,8.145316,30,v2,88000000ffffffffffffa8dd9f4dc5b5
3300,45.607692533,7.433312,30,v2,88000000ffffffffffffa8dd9f4dc5b5
3301,45.616231866,8.539333,30,v2,88000000ffffffffffffa8dd9f4dc5b5
3302,45.623351018,7.119152,30,v2,88000000ffffffffffffa8dd9f4dc5b5
3303,45.629751498,6.400480,30,v2,88000000ffffffffffffa8dd9f4dc5b5
3304,45.637802711,8.051213,30,v2,88000000ffffffffffffa8dd9f4dc5b5
3305,45.645175964,7.373253,30,v2,88000000ffffffffffffa8dd9f4dc5b5
3306,45.654164310,8.988346,30,v2,88000000ffffffffffffa8dd9f4dc5b5
3307,45.661269393,7.105083,30,v2,88000000ffffffffffffa8dd9f4dc5b5
3308,45.668462794,7.193401,30,v2,88000000ffffffffffffa8dd9f4dc5b5
3309,45.676527729,8.064935,30,v2,88000000ffffffffffffa8dd9f4dc5b5
3310,45.683568293,7.040564,30,v2,88000000ffffffffffffa8dd9f4dc5b5
3311,45.692840699,9.272406,30,v2,88000000ffffffffffffa8dd9f4dc5b5
3312,45.698892413,6.051714,30,v2,88000000ffffffffffffa8dd9f4dc5b5
3313,45.706005422,7.113009,30,v2,88000000ffffffffffffa8dd9f4dc5b5
3314,45.714044434,8.039012,30,v2,88000000ffffffffffffa8dd9f4dc5b5
3315,45.721248469,7.204035,30,v2,88000000ffffffffffffa8dd9f4dc5b5
3316,45.729254576,8.006107,30,v2,88000000ffffffffffffa8dd9f4dc5b5
3317,45.736384783,7.130207,30,v2,88000000ffffffffffffa8dd9f4dc5b5
3318,45.743617004,7.232221,30,v2,88000000ffffffffffffa8dd9f4dc5b5
3319,45.751519575,7.902571,30,v2,88000000ffffffffffffa8dd9f4dc5b5
3320,45.758821002,7.301427,30,v2,88000000ffffffffffffa8dd9f4dc5b5
3321,45.765800910,6.979908,30,v2,88000000ffffffffffffa8dd9f4dc5b5
3322,45.774315841,8.514931,30,v2,88000000ffffffffffffa8dd9f4dc5b5
3323,45.782190309,7.874468,30,v2,88000000ffffffffffffa8dd9f4dc5b5
3324,45.789235413,7.045104,30,v2,88000000ffffffffffffa8dd9f4dc5b5
3325,45.797473808,8.238395,30,v2,88000000ffffffffffffa8dd9f4dc5b5
3326,45.804587953,7.114145,30,v2,88000000ffffffffffffa8dd9f4dc5b5
3327,45.812484614,7.896661,30,v2,88000000ffffffffffffa8dd9f4dc5b5
3328,45.819707766,7.223152,30,v2,88000000ffffffffffffa8dd9f4dc5b5
3329,45.827015747,7.307981,30,v2,88000000ffffffffffffa8dd9f4dc5b5
3330,45.834985845,7.970098,30,v2,88000000ffffffffffffa8dd9f4dc5b5
3331,45.842195870,7.210025,30,v2,88000000ffffffffffffa8dd9f4dc5b5
3332,45.849240283,7.044413,30,v2,88000000ffffffffffffa8dd9f4dc5b5
3333,45.857201794,7.961511,30,v2,88000000ffffffffffffa8dd9f4dc5b5
3334,45.864651761,7.449967,30,v2,88000000ffffffffffffa8dd9f4dc5b5
3335,45.872651665,7.999904,30,v2,88000000ffffffffffffa8dd9f4dc5b5
3336,45.879654726,7.003061,30,v2,88000000ffffffffffffa8dd9f4dc5b5
3337,45.886732671,7.077945,30,v2,88000000ffffffffffffa8dd9f4dc5b5
3338,45.894989608,8.256937,30,v2,88000000ffffffffffffa8dd9f4dc5b5
3339,45.902088733,7.099125,30,v2,88000000ffffffffffffa8dd9f4dc5b5
3340,45.911176307,9.087574,30,v2,88000000ffffffffffffa8dd9f4dc5b5
3341,45.918382167,7.205860,30,v2,88000000ffffffffffffa8dd9f4dc5b5
3342,45.925634856,7.252689,30,v2,88000000ffffffffffffa8dd9f4dc5b5
3343,45.934536707,8.901851,30,v2,88000000ffffffffffffa8dd9f4dc5b5
3344,46.278197309,343.660602,30,v2,88000000ffffffffffffa8dd9f4dc5b5
3345,46.285294767,7.097458,30,v2,88000000ffffffffffffa8dd9f4dc5b5
3346,46.293406745,8.111978,30,v2,88000000ffffffffffffa8dd9f4dc5b5
3347,46.301384680,7.977935,30,v2,88000000ffffffffffffa8dd9f4dc5b5
3348,46.308624572,7.239892,30,v2,88000000ffffffffffffa8dd9f4dc5b5
3349,46.315721578,7.097006,30,v2,88000000ffffffffffffa8dd9f4dc5b5
3350,46.322765155,7.043577,30,v2,88000000ffffffffffffa8dd9f4dc5b5
3351,46.330944641,8.179486,30,v2,88000000ffffffffffffa8dd9f4dc5b5
3352,46.338060029,7.115388,30,v2,88000000ffffffffffffa8dd9f4dc5b5
3353,46.345064570,7.004541,30,v2,88000000ffffffffffffa8dd9f4dc5b5
3354,46.353076191,8.011621,30,v2,88000000ffffffffffffa8dd9f4dc5b5
3355,46.360198705,7.122514,30,v2,88000000ffffffffffffa8dd9f4dc5b5
3356,46.367277249,7.078544,30,v2,88000000ffffffffffffa8dd9f4dc5b5
3357,46.374460968,7.183719,30,v2,88000000ffffffffffffa8dd9f4dc5b5
3358,46.382527573,8.066605,30,v2,88000000ffffffffffffa8dd9f4dc5b5
3359,46.389605989,7.078416,30,v2,88000000ffffffffffffa8dd9f4dc5b5
3360,46.396731912,7.125923,30,v2,88000000ffffffffffffa8dd9f4dc5b5
3361,46.404844526,8.112614,30,v2,88000000ffffffffffffa8dd9f4dc5b5
3362,46.412003819,7.159293,30,v2,88000000ffffffffffffa8dd9f4dc5b5
3363,46.420033152,8.029333,30,v2,88000000ffffffffffffa8dd9f4dc5b5
3364,46.428239503,8.206351,30,v2,88000000ffffffffffffa8dd9f4dc5b5
3365,46.435415247,7.175744,30,v2,88000000ffffffffffffa8dd9f4dc5b5
3366,46.442507892,7.092645,30,v2,88000000ffffffffffffa8dd9f4dc5b5
3367,46.450530446,8.022554,30,v2,88000000ffffffffffffa8dd9f4dc5b5
3368,46.457612468,7.082022,30,v2,88000000ffffffffffffa8dd9f4dc5b5
3369,46.464834395,7.221927,30,v2,88000000ffffffffffffa8dd9f4dc5b5
3370,46.473029976,8.195581,30,v2,88000000ffffffffffffa8dd9f4dc5b5
3371,46.480134084,7.104108,30,v2,88000000ffffffffffffa8dd9f4dc5b5
3372,46.487312229,7.178145,30,v2,88000000ffffffffffffa8dd9f4dc5b5
3373,46.494442502,7.130273,30,v2,88000000ffffffffffffa8dd9f4dc5b5
3374,46.502514942,8.072440,30,v2,88000000ffffffffffffa8dd9f4dc5b5
3375,46.509460698,6.945756,30,v2,88000000ffffffffffffa8dd9f4dc5b5
3376,46.516727890,7.267192,30,v2,88000000ffffffffffffa8dd9f4dc5b5
3377,46.524827260,8.099370,30,v2,88000000ffffffffffffa8dd9f4dc5b5
3378,46.532040319,7.213059,30,v2,88000000ffffffffffffa8dd9f4dc5b5
3379,46.539267763,7.227444,30,v2,88000000ffffffffffffa8dd9f4dc5b5
3380,46.547456636,8.188873,30,v2,88000000ffffffffffffa8dd9f4dc5b5
3381,46.555020490,7.563854,30,v2,88000000ffffffffffffa8dd9f4dc5b5
3382,46.563006961,7.986471,30,v2,88000000ffffffffffffa8dd9f4dc5b5
3383,46.569476853,6.469892,30,v2,88000000ffffffffffffa8dd9f4dc5b5
3384,46.576742970,7.266117,30,v2,88000000ffffffffffffa8dd9f4dc5b5
3385,46.584786349,8.043379,30,v2,88000000ffffffffffffa8dd9f4dc5b5
3386,46.591749630,6.963281,30,v2,88000000ffffffffffffa8dd9f4dc5b5
3387,46.599002649,7.253019,30,v2,88000000ffffffffffffa8dd9f4dc5b5
3388,46.607084656,8.082007,30,v2,88000000ffffffffffffa8dd9f4dc5b5
3389,46.614247887,7.163231,30,v2,88000000ffffffffffffa8dd9f4dc5b5
3390,46.621683462,7.435575,30,v2,88000000ffffffffffffa8dd9f4dc5b5
3391,46.629617612,7.934150,30,v2,88000000ffffffffffffa8dd9f4dc5b5
3392,46.636500393,6.882781,30,v2,88000000ffffffffffffa8dd9f4dc5b5
3393,46.643634948,7.134555,30,v2,88000000ffffffffffffa8dd9f4dc5b5
3394,46.650728723,7.093775,30,v2,88000000ffffffffffffa8dd9f4dc5b5
3395,46.658861848,8.133125,30,v2,88000000ffffffffffffa8dd9f4dc5b5
3396,46.666028040,7.166192,30,v2,88000000ffffffffffffa8dd9f4dc5b5
3397,46.673018691,6.990651,30,v2,88000000ffffffffffffa8dd9f4dc5b5
3398,46.681150751,8.132060,30,v2,88000000ffffffffffffa8dd9f4dc5b5
3399,46.689423691,8.272940,30,v2,88000000ffffffffffffa8dd9f4dc5b5
3400,46.696596433,7.172742,30,v2,88000000ffffffffffffa8dd9f4dc5b5
3401,46.704683692,8.087259,30,v2,88000000ffffffffffffa8dd9f4dc5b5
3402,46.711689634,7.005942,30,v2,88000000ffffffffffffa8dd9f4dc5b5
3403,46.718963125,7.273491,30,v2,88000000ffffffffffffa8dd9f4dc5b5
3404,46.726207366,7.244241,30,v2,88000000ffffffffffffa8dd9f4dc5b5
3405,46.734291510,8.084144,30,v2,88000000ffffffffffffa8dd9f4dc5b5
3406,46.741257024,6.965514,30,v2,88000000ffffffffffffa8dd9f4dc5b5
3407,46.748419805,7.162781,30,v2,88000000ffffffffffffa8dd9f4dc5b5
3408,46.755602847,7.183042,30,v2,88000000ffffffffffffa8dd9f4dc5b5
3409,46.763510477,7.907630,30,v2,88000000ffffffffffffa8dd9f4dc5b5
3410,46.770571263,7.060786,30,v2,88000000ffffffffffffa8dd9f4dc5b5
3411,46.778269061,7.697798,30,v2,88000000ffffffffffffa8dd9f4dc5b5
3412,46.785911800,7.642739,30,v2,88000000ffffffffffffa8dd9f4dc5b5
3413,46.794820244,8.908444,30,v2,88000000ffffffffffffa8dd9f4dc5b5
3414,46.800302234,5.481990,30,v2,88000000ffffffffffffa8dd9f4dc5b5
3415,46.808202314,7.900080,30,v2,88000000ffffffffffffa8dd9f4dc5b5
3416,46.815430658,7.228344,30,v2,88000000ffffffffffffa8dd9f4dc5b5
3417,46.823697141,8.266483,30,v2,88000000ffffffffffffa8dd9f4dc5b5
3418,46.830551432,6.854291,30,v2,88000000ffffffffffffa8dd9f4dc5b5
3419,46.838657710,8.106278,30,v2,88000000ffffffffffffa8dd9f4dc5b5
3420,46.847220095,8.562385,30,v2,88000000ffffffffffffa8dd9f4dc5b5
3421,46.852955612,5.735517,30,v2,88000000ffffffffffffa8dd9f4dc5b5
3422,46.860046401,7.090789,30,v2,88000000ffffffffffffa8dd9f4dc5b5
3423,46.868205711,8.159310,30,v2,88000000ffffffffffffa8dd9f4dc5b5
3424,46.875529900,7.324189,30,v2,88000000ffffffffffffa8dd9f4dc5b5
3425,46.882431239,6.901339,30,v2,88000000ffffffffffffa8dd9f4dc5b5
3426,46.889866925,7.435686,30,v2,88000000ffffffffffffa8dd9f4dc5b5
3427,46.897819665,7.952740,30,v2,88000000ffffffffffffa8dd9f4dc5b5
3428,46.904708427,6.888762,30,v2,88000000ffffffffffffa8dd9f4dc5b5
3429,46.911879082,7.170655,30,v2,88000000ffffffffffffa8dd9f4dc5b5
3430,46.920036948,8.157866,30,v2,88000000ffffffffffffa8dd9f4dc5b5
3431,46.927262282,7.225334,30,v2,88000000ffffffffffffa8dd9f4dc5b5
3432,46.936172137,8.909855,30,v2,88000000ffffffffffffa8dd9f4dc5b5
3433,46.942375052,6.202915,30,v2,88000000ffffffffffffa8dd9f4dc5b5
3434,46.950529948,8.154896,30,v2,88000000ffffffffffffa8dd9f4dc5b5
3435,46.957643276,7.113328,30,v2,88000000ffffffffffffa8dd9f4dc5b5
3436,46.964661516,7.018240,30,v2,88000000ffffffffffffa8dd9f4dc5b5
3437,46.972744364,8.082848,30,v2,88000000ffffffffffffa8dd9f4dc5b5
3438,46.979883149,7.138785,30,v2,88000000ffffffffffffa8dd9f4dc5b5
3439,46.987107965,7.224816,30,v2,88000000ffffffffffffa8dd9f4dc5b5
3440,46.994120815,7.012850,30,v2,88000000ffffffffffffa8dd9f4dc5b5
3441,47.002215768,8.094953,30,v2,88000000ffffffffffffa8dd9f4dc5b5
3442,47.009295074,7.079306,30,v2,88000000ffffffffffffa8dd9f4dc5b5
3443,47.016494322,7.199248,30,v2,88000000ffffffffffffa8dd9f4dc5b5
3444,47.369267107,352.772785,30,v2,88000000ffffffffffffa8dd9f4dc5b5
3445,47.376398040,7.130933,30,v2,88000000ffffffffffffa8dd9f4dc5b5
3446,47.384229631,7.831591,30,v2,88000000ffffffffffffa8dd9f4dc5b5
3447,47.391562331,7.332700,30,v2,88000000ffffffffffffa8dd9f4dc5b5
3448,47.398600788,7.038457,30,v2,88000000ffffffffffffa8dd9f4dc5b5
3449,47.405636600,7.035812,30,v2,88000000ffffffffffffa8dd9f4dc5b5
3450,47.412685282,7.048682,30,v2,88000000ffffffffffffa8dd9f4dc5b5
3451,47.420193474,7.508192,30,v2,88000000ffffffffffffa8dd9f4dc5b5
3452,47.428191755,7.998281,30,v2,88000000ffffffffffffa8dd9f4dc5b5
3453,47.435394406,7.202651,30,v2,88000000ffffffffffffa8dd9f4dc5b5
3454,47.442387691,6.993285,30,v2,88000000ffffffffffffa8dd9f4dc5b5
3455,47.449387305,6.999614,30,v2,88000000ffffffffffffa8dd9f4dc5b5
3456,47.456442744,7.055439,30,v2,88000000ffffffffffffa8dd9f4dc5b5
3457,47.464475500,8.032756,30,v2,88000000ffffffffffffa8dd9f4dc5b5
3458,47.472586636,8.111136,30,v2,88000000ffffffffffffa8dd9f4dc5b5
3459,47.479666172,7.079536,30,v2,88000000ffffffffffffa8dd9f4dc5b5
3460,47.486896189,7.230017,30,v2,88000000ffffffffffffa8dd9f4dc5b5
3461,47.494003658,7.107469,30,v2,88000000ffffffffffffa8dd9f4dc5b5
3462,47.501174598,7.170940,30,v2,88000000ffffffffffffa8dd9f4dc5b5
3463,47.509485779,8.311181,30,v2,88000000ffffffffffffa8dd9f4dc5b5
3464,47.516369912,6.884133,30,v2,88000000ffffffffffffa8dd9f4dc5b5
3465,47.523658681,7.288769,30,v2,88000000ffffffffffffa8dd9f4dc5b5
3466,47.530541627,6.882946,30,v2,88000000ffffffffffffa8dd9f4dc5b5
3467,47.537850275,7.308648,30,v2,88000000ffffffffffffa8dd9f4dc5b5
3468,47.545850629,8.000354,30,v2,88000000ffffffffffffa8dd9f4dc5b5
3469,47.552988764,7.138135,30,v2,88000000ffffffffffffa8dd9f4dc5b5
3470,47.561094616,8.105852,30,v2,88000000ffffffffffffa8dd9f4dc5b5
3471,47.568172021,7.077405,30,v2,88000000ffffffffffffa8dd9f4dc5b5
3472,47.575279282,7.107261,30,v2,88000000ffffffffffffa8dd9f4dc5b5
3473,47.583544967,8.265685,30,v2,88000000ffffffffffffa8dd9f4dc5b5
3474,47.589545822,6.000855,30,v2,88000000ffffffffffffa8dd9f4dc5b5
3475,47.596681696,7.135874,30,v2,88000000ffffffffffffa8dd9f4dc5b5
3476,47.606642066,9.960370,30,v2,88000000ffffffffffffa8dd9f4dc5b5
3477,47.612937181,6.295115,30,v2,88000000ffffffffffffa8dd9f4dc5b5
3478,47.620081365,7.144184,30,v2,88000000ffffffffffffa8dd9f4dc5b5
3479,47.627370878,7.289513,30,v2,88000000ffffffffffffa8dd9f4dc5b5
3480,47.634278402,6.907524,30,v2,88000000ffffffffffffa8dd9f4dc5b5
3481,47.642408814,8.130412,30,v2,88000000ffffffffffffa8dd9f4dc5b5
3482,47.649382721,6.973907,30,v2,88000000ffffffffffffa8dd9f4dc5b5
3483,47.656691457,7.308736,30,v2,88000000ffffffffffffa8dd9f4dc5b5
3484,47.663662215,6.970758,30,v2,88000000ffffffffffffa8dd9f4dc5b5
3485,47.670798432,7.136217,30,v2,88000000ffffffffffffa8dd9f4dc5b5
3486,47.677898318,7.099886,30,v2,88000000ffffffffffffa8dd9f4dc5b5
3487,47.686007750,8.109432,30,v2,88000000ffffffffffffa8dd9f4dc5b5
3488,47.693109177,7.101427,30,v2,88000000ffffffffffffa8dd9f4dc5b5
3489,47.700303079,7.193902,30,v2,88000000ffffffffffffa8dd9f4dc5b5
3490,47.707419049,7.115970,30,v2,88000000ffffffffffffa8dd9f4dc5b5
3491,47.714894973,7.475924,30,v2,88000000ffffffffffffa8dd9f4dc5b5
3492,47.722728374,7.833401,30,v2,88000000ffffffffffffa8dd9f4dc5b5
3493,47.730636780,7.908406,30,v2,88000000ffffffffffffa8dd9f4dc5b5
3494,47.737804626,7.167846,30,v2,88000000ffffffffffffa8dd9f4dc5b5
3495,47.745035920,7.231294,30,v2,88000000ffffffffffffa8dd9f4dc5b5
3496,47.753056200,8.020280,30,v2,88000000ffffffffffffa8dd9f4dc5b5
3497,47.760334065,7.277865,30,v2,88000000ffffffffffffa8dd9f4dc5b5
3498,47.767489163,7.155098,30,v2,88000000ffffffffffffa8dd9f4dc5b5
3499,47.774416617,6.927454,30,v2,88000000ffffffffffffa8dd9f4dc5b5
3500,47.781663174,7.246557,30,v2,88000000ffffffffffffa8dd9f4dc5b5
3501,47.789671363,8.008189,30,v2,88000000ffffffffffffa8dd9f4dc5b5
3502,47.796813155,7.141792,30,v2,88000000ffffffffffffa8dd9f4dc5b5
3503,47.803908230,7.095075,30,v2,88000000ffffffffffffa8dd9f4dc5b5
3504,47.811022542,7.114312,30,v2,88000000ffffffffffffa8dd9f4dc5b5
3505,47.818279041,7.256499,30,v2,88000000ffffffffffffa8dd9f4dc5b5
3506,47.826238738,7.959697,30,v2,88000000ffffffffffffa8dd9f4dc5b5
3507,47.833208874,6.970136,30,v2,88000000ffffffffffffa8dd9f4dc5b5
3508,47.841594958,8.386084,30,v2,88000000ffffffffffffa8dd9f4dc5b5
3509,47.848948122,7.353164,30,v2,88000000ffffffffffffa8dd9f4dc5b5
3510,47.855744852,6.796730,30,v2,88000000ffffffffffffa8dd9f4dc5b5
3511,47.864032538,8.287686,30,v2,88000000ffffffffffffa8dd9f4dc5b5
3512,47.871093022,7.060484,30,v2,88000000ffffffffffffa8dd9f4dc5b5
3513,47.878126854,7.033832,30,v2,88000000ffffffffffffa8dd9f4dc5b5
3514,47.886203741,8.076887,30,v2,88000000ffffffffffffa8dd9f4dc5b5
3515,47.893180288,6.976547,30,v2,88000000ffffffffffffa8dd9f4dc5b5
3516,47.900476360,7.296072,30,v2,88000000ffffffffffffa8dd9f4dc5b5
3517,47.907551940,7.075580,30,v2,88000000ffffffffffffa8dd9f4dc5b5
3518,47.914756736,7.204796,30,v2,88000000ffffffffffffa8dd9f4dc5b5
3519,47.922753533,7.996797,30,v2,88000000ffffffffffffa8dd9f4dc5b5
3520,47.929957625,7.204092,30,v2,88000000ffffffffffffa8dd9f4dc5b5
3521,47.936869700,6.912075,30,v2,88000000ffffffffffffa8dd9f4dc5b5
3522,47.944000989,7.131289,30,v2,88000000ffffffffffffa8dd9f4dc5b5
3523,47.951280943,7.279954,30,v2,88000000ffffffffffffa8dd9f4dc5b5
3524,47.958292058,7.011115,30,v2,88000000ffffffffffffa8dd9f4dc5b5
3525,47.966369709,8.077651,30,v2,88000000ffffffffffffa8dd9f4dc5b5
3526,47.973724068,7.354359,30,v2,88000000ffffffffffffa8dd9f4dc5b5
3527,47.980570494,6.846426,30,v2,88000000ffffffffffffa8dd9f4dc5b5
3528,47.988855103,8.284609,30,v2,88000000ffffffffffffa8dd9f4dc5b5
3529,47.996906204,8.051101,30,v2,88000000ffffffffffffa8dd9f4dc5b5
3530,48.003959119,7.052915,30,v2,88000000ffffffffffffa8dd9f4dc5b5
3531,48.011276309,7.317190,30,v2,88000000ffffffffffffa8dd9f4dc5b5
3532,48.018510489,7.234180,30,v2,88000000ffffffffffffa8dd9f4dc5b5
3533,48.026445801,7.935312,30,v2,88000000ffffffffffffa8dd9f4dc5b5
3534,48.033608158,7.162357,30,v2,88000000ffffffffffffa8dd9f4dc5b5
3535,48.040932144,7.323986,30,v2,88000000ffffffffffffa8dd9f4dc5b5
3536,48.047874122,6.941978,30,v2,88000000ffffffffffffa8dd9f4dc5b5
3537,48.054813905,6.939783,30,v2,88000000ffffffffffffa8dd9f4dc5b5
3538,48.063221756,8.407851,30,v2,88000000ffffffffffffa8dd9f4dc5b5
3539,48.070043066,6.821310,30,v2,88000000ffffffffffffa8dd9f4dc5b5
3540,48.077444476,7.401410,30,v2,88000000ffffffffffffa8dd9f4dc5b5
3541,48.084372580,6.928104,30,v2,88000000ffffffffffffa8dd9f4dc5b5
3542,48.091593712,7.221132,30,v2,88000000ffffffffffffa8dd9f4dc5b5
3543,48.098601798,7.008086,30,v2,88000000ffffffffffffa8dd9f4dc5b5
3544,48.444982046,346.380248,30,v2,88000000ffffffffffffa8dd9f4dc5b5
3545,48.452137189,7.155143,30,v2,88000000ffffffffffffa8dd9f4dc5b5
3546,48.459433494,7.296305,30,v2,88000000ffffffffffffa8dd9f4dc5b5
3547,48.466392208,6.958714,30,v2,88000000ffffffffffffa8dd9f4dc5b5
3548,48.473591680,7.199472,30,v2,88000000ffffffffffffa8dd9f4dc5b5
3549,48.480483838,6.892158,30,v2,88000000ffffffffffffa8dd9f4dc5b5
3550,48.488043850,7.560012,30,v2,88000000ffffffffffffa8dd9f4dc5b5
3551,48.494916124,6.872274,30,v2,88000000ffffffffffffa8dd9f4dc5b5
3552,48.501857407,6.941283,30,v2,88000000ffffffffffffa8dd9f4dc5b5
3553,48.509992340,8.134933,30,v2,88000000ffffffffffffa8dd9f4dc5b5
3554,48.518378148,8.385808,30,v2,88000000ffffffffffffa8dd9f4dc5b5
3555,48.525328472,6.950324,30,v2,88000000ffffffffffffa8dd9f4dc5b5
3556,48.532660677,7.332205,30,v2,88000000ffffffffffffa8dd9f4dc5b5
3557,48.540735780,8.075103,30,v2,88000000ffffffffffffa8dd9f4dc5b5
3558,48.548401576,7.665796,30,v2,88000000ffffffffffffa8dd9f4dc5b5
3559,48.553844440,5.442864,30,v2,88000000ffffffffffffa8dd9f4dc5b5
3560,48.561091962,7.247522,30,v2,88000000ffffffffffffa8dd9f4dc5b5
3561,48.569980172,8.888210,30,v2,88000000ffffffffffffa8dd9f4dc5b5
3562,48.576842092,6.861920,30,v2,88000000ffffffffffffa8dd9f4dc5b5
3563,48.583115201,6.273109,30,v2,88000000ffffffffffffa8dd9f4dc5b5
3564,48.590476416,7.361215,30,v2,88000000ffffffffffffa8dd9f4dc5b5
3565,48.597451278,6.974862,30,v2,88000000ffffffffffffa8dd9f4dc5b5
3566,48.604433038,6.981760,30,v2,88000000ffffffffffffa8dd9f4dc5b5
3567,48.611930600,7.497562,30,v2,88000000ffffffffffffa8dd9f4dc5b5
3568,48.619176665,7.246065,30,v2,88000000ffffffffffffa8dd9f4dc5b5
3569,48.625831723,6.655058,30,v2,88000000ffffffffffffa8dd9f4dc5b5
3570,48.633022071,7.190348,30,v2,88000000ffffffffffffa8dd9f4dc5b5
3571,48.641149164,8.127093,30,v2,88000000ffffffffffffa8dd9f4dc5b5
3572,48.648272040,7.122876,30,v2,88000000ffffffffffffa8dd9f4dc5b5
3573,48.655404109,7.132069,30,v2,88000000ffffffffffffa8dd9f4dc5b5
3574,48.662472552,7.068443,30,v2,88000000ffffffffffffa8dd9f4dc5b5
3575,48.670448388,7.975836,30,v2,88000000ffffffffffffa8dd9f4dc5b5
3576,48.677490249,7.041861,30,v2,88000000ffffffffffffa8dd9f4dc5b5
3577,48.684668900,7.178651,30,v2,88000000ffffffffffffa8dd9f4dc5b5
3578,48.691839835,7.170935,30,v2,88000000ffffffffffffa8dd9f4dc5b5
3579,48.698996327,7.156492,30,v2,88000000ffffffffffffa8dd9f4dc5b5
3580,48.706154840,7.158513,30,v2,88000000ffffffffffffa8dd9f4dc5b5
3581,48.713340650,7.185810,30,v2,88000000ffffffffffffa8dd9f4dc5b5
3582,48.720673687,7.333037,30,v2,88000000ffffffffffffa8dd9f4dc5b5
3583,48.727523868,6.850181,30,v2,88000000ffffffffffffa8dd9f4dc5b5
3584,48.734693353,7.169485,30,v2,88000000ffffffffffffa8dd9f4dc5b5
3585,48.742668893,7.975540,30,v2,88000000ffffffffffffa8dd9f4dc5b5
3586,48.749737103,7.068210,30,v2,88000000ffffffffffffa8dd9f4dc5b5
3587,48.756818701,7.081598,30,v2,88000000ffffffffffffa8dd9f4dc5b5
3588,48.764405692,7.586991,30,v2,88000000ffffffffffffa8dd9f4dc5b5
3589,48.772104667,7.698975,30,v2,88000000ffffffffffffa8dd9f4dc5b5
3590,48.779188671,7.084004,30,v2,88000000ffffffffffffa8dd9f4dc5b5
3591,48.786262426,7.073755,30,v2,88000000ffffffffffffa8dd9f4dc5b5
3592,48.793362002,7.099576,30,v2,88000000ffffffffffffa8dd9f4dc5b5
3593,48.800531904,7.169902,30,v2,88000000ffffffffffffa8dd9f4dc5b5
3594,48.807862960,7.331056,30,v2,88000000ffffffffffffa8dd9f4dc5b5
3595,48.815873030,8.010070,30,v2,88000000ffffffffffffa8dd9f4dc5b5
3596,48.822947545,7.074515,30,v2,88000000ffffffffffffa8dd9f4dc5b5
3597,48.830343766,7.396221,30,v2,88000000ffffffffffffa8dd9f4dc5b5
3598,48.837051605,6.707839,30,v2,88000000ffffffffffffa8dd9f4dc5b5
3599,48.844272359,7.220754,30,v2,88000000ffffffffffffa8dd9f4dc5b5
3600,48.851320394,7.048035,30,v2,88000000ffffffffffffa8dd9f4dc5b5
3601,48.858812901,7.492507,30,v2,88000000ffffffffffffa8dd9f4dc5b5
3602,48.865691281,6.878380,30,v2,88000000ffffffffffffa8dd9f4dc5b5
3603,48.872684073,6.992792,30,v2,88000000ffffffffffffa8dd9f4dc5b5
3604,48.879852299,7.168226,30,v2,88000000ffffffffffffa8dd9f4dc5b5
3605,48.886905606,7.053307,30,v2,88000000ffffffffffffa8dd9f4dc5b5
3606,48.894060588,7.154982,30,v2,88000000ffffffffffffa8dd9f4dc5b5
3607,48.902371051,8.310463,30,v2,88000000ffffffffffffa8dd9f4dc5b5
3608,48.910679647,8.308596,30,v2,88000000ffffffffffffa8dd9f4dc5b5
3609,48.917387813,6.708166,30,v2,88000000ffffffffffffa8dd9f4dc5b5
3610,48.924470172,7.082359,30,v2,88000000ffffffffffffa8dd9f4dc5b5
3611,48.931750916,7.280744,30,v2,88000000ffffffffffffa8dd9f4dc5b5
3612,48.938681589,6.930673,30,v2,88000000ffffffffffffa8dd9f4dc5b5
3613,48.945935299,7.253710,30,v2,88000000ffffffffffffa8dd9f4dc5b5
3614,48.954017831,8.082532,30,v2,88000000ffffffffffffa8dd9f4dc5b5
3615,48.961035069,7.017238,30,v2,88000000ffffffffffffa8dd9f4dc5b5
3616,48.968168059,7.132990,30,v2,88000000ffffffffffffa8dd9f4dc5b5
3617,48.975284182,7.116123,30,v2,88000000ffffffffffffa8dd9f4dc5b5
3618,48.982598802,7.314620,30,v2,88000000ffffffffffffa8dd9f4dc5b5
3619,48.989577708,6.978906,30,v2,88000000ffffffffffffa8dd9f4dc5b5
3620,48.996916018,7.338310,30,v2,88000000ffffffffffffa8dd9f4dc5b5
3621,49.003778657,6.862639,30,v2,88000000ffffffffffffa8dd9f4dc5b5
3622,49.010905030,7.126373,30,v2,88000000ffffffffffffa8dd9f4dc5b5
3623,49.018057228,7.152198,30,v2,88000000ffffffffffffa8dd9f4dc5b5
3624,49.025094611,7.037383,30,v2,88000000ffffffffffffa8dd9f4dc5b5
3625,49.033354382,8.259771,30,v2,88000000ffffffffffffa8dd9f4dc5b5
3626,49.041940780,8.586398,30,v2,88000000ffffffffffffa8dd9f4dc5b5
3627,49.048406202,6.465422,30,v2,88000000ffffffffffffa8dd9f4dc5b5
3628,49.056350573,7.944371,30,v2,88000000ffffffffffffa8dd9f4dc5b5
3629,49.062577342,6.226769,30,v2,88000000ffffffffffffa8dd9f4dc5b5
3630,49.069904005,7.326663,30,v2,88000000ffffffffffffa8dd9f4dc5b5
3631,49.076932437,7.028432,30,v2,88000000ffffffffffffa8dd9f4dc5b5
3632,49.084163995,7.231558,30,v2,88000000ffffffffffffa8dd9f4dc5b5
3633,49.092369613,8.205618,30,v2,88000000ffffffffffffa8dd9f4dc5b5
3634,49.098399624,6.030011,30,v2,88000000ffffffffffffa8dd9f4dc5b5
3635,49.105434191,7.034567,30,v2,88000000ffffffffffffa8dd9f4dc5b5
3636,49.113682225,8.248034,30,v2,88000000ffffffffffffa8dd9f4dc5b5
3637,49.120526256,6.844031,30,v2,88000000ffffffffffffa8dd9f4dc5b5
3638,49.128010660,7.484404,30,v2,88000000ffffffffffffa8dd9f4dc5b5
3639,49.134851080,6.840420,30,v2,88000000ffffffffffffa8dd9f4dc5b5
3640,49.141963349,7.112269,30,v2,88000000ffffffffffffa8dd9f4dc5b5
3641,49.149151582,7.188233,30,v2,88000000ffffffffffffa8dd9f4dc5b5
3642,49.156226180,7.074598,30,v2,88000000ffffffffffffa8dd9f4dc5b5
3643,49.164499013,8.272833,30,v2,88000000ffffffffffffa8dd9f4dc5b5
3644,49.493453708,328.954695,30,v2,88000000ffffffffffffa8dd9f4dc5b5
3645,49.500853814,7.400106,30,v2,88000000ffffffffffffa8dd9f4dc5b5
3646,49.507674302,6.820488,30,v2,88000000ffffffffffffa8dd9f4dc5b5
3647,49.515062244,7.387942,30,v2,88000000ffffffffffffa8dd9f4dc5b5
3648,49.522064961,7.002717,30,v2,88000000ffffffffffffa8dd9f4dc5b5
3649,49.529319565,7.254604,30,v2,88000000ffffffffffffa8dd9f4dc5b5
3650,49.536376058,7.056493,30,v2,88000000ffffffffffffa8dd9f4dc5b5
3651,49.543436539,7.060481,30,v2,88000000ffffffffffffa8dd9f4dc5b5
3652,49.551869604,8.433065,30,v2,88000000ffffffffffffa8dd9f4dc5b5
3653,49.560104799,8.235195,30,v2,88000000ffffffffffffa8dd9f4dc5b5
3654,49.565750170,5.645371,30,v2,88000000ffffffffffffa8dd9f4dc5b5
3655,49.572836533,7.086363,30,v2,88000000ffffffffffffa8dd9f4dc5b5
3656,49.579924046,7.087513,30,v2,88000000ffffffffffffa8dd9f4dc5b5
3657,49.587083576,7.159530,30,v2,88000000ffffffffffffa8dd9f4dc5b5
3658,49.594269365,7.185789,30,v2,88000000ffffffffffffa8dd9f4dc5b5
3659,49.601230025,6.960660,30,v2,88000000ffffffffffffa8dd9f4dc5b5
3660,49.608498471,7.268446,30,v2,88000000ffffffffffffa8dd9f4dc5b5
3661,49.615460782,6.962311,30,v2,88000000ffffffffffffa8dd9f4dc5b5
3662,49.622996084,7.535302,30,v2,88000000ffffffffffffa8dd9f4dc5b5
3663,49.629820570,6.824486,30,v2,88000000ffffffffffffa8dd9f4dc5b5
3664,49.637987340,8.166770,30,v2,88000000ffffffffffffa8dd9f4dc5b5
3665,49.644045579,6.058239,30,v2,88000000ffffffffffffa8dd9f4dc5b5
3666,49.651339513,7.293934,30,v2,88000000ffffffffffffa8dd9f4dc5b5
3667,49.658092305,6.752792,30,v2,88000000ffffffffffffa8dd9f4dc5b5
3668,49.665309779,7.217474,30,v2,88000000ffffffffffffa8dd9f4dc5b5
3669,49.672605898,7.296119,30,v2,88000000ffffffffffffa8dd9f4dc5b5
3670,49.680585477,7.979579,30,v2,88000000ffffffffffffa8dd9f4dc5b5
3671,49.687813357,7.227880,30,v2,88000000ffffffffffffa8dd9f4dc5b5
3672,49.694714066,6.900709,30,v2,88000000ffffffffffffa8dd9f4dc5b5
3673,49.701733047,7.018981,30,v2,88000000ffffffffffffa8dd9f4dc5b5
3674,49.708942240,7.209193,30,v2,88000000ffffffffffffa8dd9f4dc5b5
3675,49.715965340,7.023100,30,v2,88000000ffffffffffffa8dd9f4dc5b5
3676,49.723017525,7.052185,30,v2,88000000ffffffffffffa8dd9f4dc5b5
3677,49.730431801,7.414276,30,v2,88000000ffffffffffffa8dd9f4dc5b5
3678,49.737524386,7.092585,30,v2,88000000ffffffffffffa8dd9f4dc5b5
3679,49.744420055,6.895669,30,v2,88000000ffffffffffffa8dd9f4dc5b5
3680,49.751550329,7.130274,30,v2,88000000ffffffffffffa8dd9f4dc5b5
3681,49.758691000,7.140671,30,v2,88000000ffffffffffffa8dd9f4dc5b5
3682,49.767491000,8.800000,30,v2,88000000ffffffffffffa8dd9f4dc5b5
3683,49.774655958,7.164958,30,v2,88000000ffffffffffffa8dd9f4dc5b5
3684,49.780203228,5.547270,30,v2,88000000ffffffffffffa8dd9f4dc5b5
3685,49.787323271,7.120043,30,v2,88000000ffffffffffffa8dd9f4dc5b5
3686,49.794267257,6.943986,30,v2,88000000ffffffffffffa8dd9f4dc5b5
3687,49.801530298,7.263041,30,v2,88000000ffffffffffffa8dd9f4dc5b5
3688,49.807623818,6.093520,30,v2,88000000ffffffffffffa8dd9f4dc5b5
3689,49.815670457,8.046639,30,v2,88000000ffffffffffffa8dd9f4dc5b5
3690,49.823685072,8.014615,30,v2,88000000ffffffffffffa8dd9f4dc5b5
3691,49.830854318,7.169246,30,v2,88000000ffffffffffffa8dd9f4dc5b5
3692,49.837839786,6.985468,30,v2,88000000ffffffffffffa8dd9f4dc5b5
3693,49.845387779,7.547993,30,v2,88000000ffffffffffffa8dd9f4dc5b5
3694,49.851326459,5.938680,30,v2,88000000ffffffffffffa8dd9f4dc5b5
3695,49.859466560,8.140101,30,v2,88000000ffffffffffffa8dd9f4dc5b5
3696,49.866561417,7.094857,30,v2,88000000ffffffffffffa8dd9f4dc5b5
3697,49.873419482,6.858065,30,v2,88000000ffffffffffffa8dd9f4dc5b5
3698,49.880524896,7.105414,30,v2,88000000ffffffffffffa8dd9f4dc5b5
3699,49.889520899,8.996003,30,v2,88000000ffffffffffffa8dd9f4dc5b5
3700,49.895590899,6.070000,30,v2,88000000ffffffffffffa8dd9f4dc5b5
3701,49.901959120,6.368221,30,v2,88000000ffffffffffffa8dd9f4dc5b5
3702,49.909008160,7.049040,30,v2,88000000ffffffffffffa8dd9f4dc5b5
3703,49.916388809,7.380649,30,v2,88000000ffffffffffffa8dd9f4dc5b5
3704,49.923375001,6.986192,30,v2,88000000ffffffffffffa8dd9f4dc5b5
3705,49.930430589,7.055588,30,v2,88000000ffffffffffffa8dd9f4dc5b5
3706,49.937487489,7.056900,30,v2,88000000ffffffffffffa8dd9f4dc5b5
3707,49.945829400,8.341911,30,v2,88000000ffffffffffffa8dd9f4dc5b5
3708,49.952690637,6.861237,30,v2,88000000ffffffffffffa8dd9f4dc5b5
3709,49.959857572,7.166935,30,v2,88000000ffffffffffffa8dd9f4dc5b5
3710,49.966976292,7.118720,30,v2,88000000ffffffffffffa8dd9f4dc5b5
3711,49.974113613,7.137321,30,v2,88000000ffffffffffffa8dd9f4dc5b5
3712,49.981142443,7.028830,30,v2,88000000ffffffffffffa8dd9f4dc5b5
3713,49.988261127,7.118684,30,v2,88000000ffffffffffffa8dd9f4dc5b5
3714,49.995345230,7.084103,30,v2,88000000ffffffffffffa8dd9f4dc5b5
3715,50.002589841,7.244611,30,v2,88000000ffffffffffffa8dd9f4dc5b5
3716,50.009546750,6.956909,30,v2,88000000ffffffffffffa8dd9f4dc5b5
3717,50.016686704,7.139954,30,v2,88000000ffffffffffffa8dd9f4dc5b5
3718,50.023784877,7.098173,30,v2,88000000ffffffffffffa8dd9f4dc5b5
3719,50.031001026,7.216149,30,v2,88000000ffffffffffffa8dd9f4dc5b5
3720,50.038047311,7.046285,30,v2,88000000ffffffffffffa8dd9f4dc5b5
3721,50.045122034,7.074723,30,v2,88000000ffffffffffffa8dd9f4dc5b5
3722,50.052217017,7.094983,30,v2,88000000ffffffffffffa8dd9f4dc5b5
3723,50.059274908,7.057891,30,v2,88000000ffffffffffffa8dd9f4dc5b5
3724,50.066589829,7.314921,30,v2,88000000ffffffffffffa8dd9f4dc5b5
3725,50.074492300,7.902471,30,v2,88000000ffffffffffffa8dd9f4dc5b5
3726,50.081600838,7.108538,30,v2,88000000ffffffffffffa8dd9f4dc5b5
3727,50.088791032,7.190194,30,v2,88000000ffffffffffffa8dd9f4dc5b5
3728,50.095972290,7.181258,30,v2,88000000ffffffffffffa8dd9f4dc5b5
3729,50.103122289,7.149999,30,v2,88000000ffffffffffffa8dd9f4dc5b5
3730,50.110441612,7.319323,30,v2,88000000ffffffffffffa8dd9f4dc5b5
3731,50.117536152,7.094540,30,v2,88000000ffffffffffffa8dd9f4dc5b5
3732,50.124640221,7.104069,30,v2,88000000ffffffffffffa8dd9f4dc5b5
3733,50.131741686,7.101465,30,v2,88000000ffffffffffffa8dd9f4dc5b5
3734,50.138600224,6.858538,30,v2,88000000ffffffffffffa8dd9f4dc5b5
3735,50.145643515,7.043291,30,v2,88000000ffffffffffffa8dd9f4dc5b5
3736,50.152856744,7.213229,30,v2,88000000ffffffffffffa8dd9f4dc5b5
3737,50.160449108,7.592364,30,v2,88000000ffffffffffffa8dd9f4dc5b5
3738,50.167030140,6.581032,30,v2,88000000ffffffffffffa8dd9f4dc5b5
3739,50.174393857,7.363717,30,v2,88000000ffffffffffffa8dd9f4dc5b5
3740,50.181469399,7.075542,30,v2,88000000ffffffffffffa8dd9f4dc5b5
3741,50.188405524,6.936125,30,v2,88000000ffffffffffffa8dd9f4dc5b5
3742,50.195762743,7.357219,30,v2,88000000ffffffffffffa8dd9f4dc5b5
3743,50.203514998,7.752255,30,v2,88000000ffffffffffffa8dd9f4dc5b5
3744,50.555353667,351.838669,30,v2,88000000ffffffffffffa8dd9f4dc5b5
3745,50.562381214,7.027547,30,v2,88000000ffffffffffffa8dd9f4dc5b5
3746,50.569622401,7.241187,30,v2,88000000ffffffffffffa8dd9f4dc5b5
3747,50.576697452,7.075051,30,v2,88000000ffffffffffffa8dd9f4dc5b5
3748,50.583620416,6.922964,30,v2,88000000ffffffffffffa8dd9f4dc5b5
3749,50.591667576,8.047160,30,v2,88000000ffffffffffffa8dd9f4dc5b5
3750,50.598907474,7.239898,30,v2,88000000ffffffffffffa8dd9f4dc5b5
3751,50.605031022,6.123548,30,v2,88000000ffffffffffffa8dd9f4dc5b5
3752,50.612220092,7.189070,30,v2,88000000ffffffffffffa8dd9f4dc5b5
3753,50.619412426,7.192334,30,v2,88000000ffffffffffffa8dd9f4dc5b5
3754,50.626592437,7.180011,30,v2,88000000ffffffffffffa8dd9f4dc5b5
3755,50.633651844,7.059407,30,v2,88000000ffffffffffffa8dd9f4dc5b5
3756,50.640535617,6.883773,30,v2,88000000ffffffffffffa8dd9f4dc5b5
3757,50.647898067,7.362450,30,v2,88000000ffffffffffffa8dd9f4dc5b5
3758,50.654741527,6.843460,30,v2,88000000ffffffffffffa8dd9f4dc5b5
3759,50.662131121,7.389594,30,v2,88000000ffffffffffffa8dd9f4dc5b5
3760,50.669023399,6.892278,30,v2,88000000ffffffffffffa8dd9f4dc5b5
3761,50.675070643,6.047244,30,v2,88000000ffffffffffffa8dd9f4dc5b5
3762,50.683102584,8.031941,30,v2,88000000ffffffffffffa8dd9f4dc5b5
3763,50.689229010,6.126426,30,v2,88000000ffffffffffffa8dd9f4dc5b5
3764,50.696405039,7.176029,30,v2,88000000ffffffffffffa8dd9f4dc5b5
3765,50.703687880,7.282841,30,v2,88000000ffffffffffffa8dd9f4dc5b5
3766,50.712005261,8.317381,30,v2,88000000ffffffffffffa8dd9f4dc5b5
3767,50.717754672,5.749411,30,v2,88000000ffffffffffffa8dd9f4dc5b5
3768,50.725957372,8.202700,30,v2,88000000ffffffffffffa8dd9f4dc5b5
3769,50.733018544,7.061172,30,v2,88000000ffffffffffffa8dd9f4dc5b5
3770,50.740490838,7.472294,30,v2,88000000ffffffffffffa8dd9f4dc5b5
3771,50.747308737,6.817899,30,v2,88000000ffffffffffffa8dd9f4dc5b5
3772,50.754402096,7.093359,30,v2,88000000ffffffffffffa8dd9f4dc5b5
3773,50.760732015,6.329919,30,v2,88000000ffffffffffffa8dd9f4dc5b5
3774,50.767810169,7.078154,30,v2,88000000ffffffffffffa8dd9f4dc5b5
3775,50.774646310,6.836141,30,v2,88000000ffffffffffffa8dd9f4dc5b5
3776,50.781878644,7.232334,30,v2,88000000ffffffffffffa8dd9f4dc5b5
3777,50.789081417,7.202773,30,v2,88000000ffffffffffffa8dd9f4dc5b5
3778,50.796063951,6.982534,30,v2,88000000ffffffffffffa8dd9f4dc5b5
3779,50.803009236,6.945285,30,v2,88000000ffffffffffffa8dd9f4dc5b5
3780,50.810528951,7.519715,30,v2,88000000ffffffffffffa8dd9f4dc5b5
3781,50.817229593,6.700642,30,v2,88000000ffffffffffffa8dd9f4dc5b5
3782,50.824403193,7.173600,30,v2,88000000ffffffffffffa8dd9f4dc5b5
3783,50.830581906,6.178713,30,v2,88000000ffffffffffffa8dd9f4dc5b5
3784,50.837655198,7.073292,30,v2,88000000ffffffffffffa8dd9f4dc5b5
3785,50.844728794,7.073596,30,v2,88000000ffffffffffffa8dd9f4dc5b5
3786,50.852848925,8.120131,30,v2,88000000ffffffffffffa8dd9f4dc5b5
3787,50.859894753,7.045828,30,v2,88000000ffffffffffffa8dd9f4dc5b5
3788,50.867168513,7.273760,30,v2,88000000ffffffffffffa8dd9f4dc5b5
3789,50.874210965,7.042452,30,v2,88000000ffffffffffffa8dd9f4dc5b5
3790,50.881285171,7.074206,30,v2,88000000ffffffffffffa8dd9f4dc5b5
3791,50.888574807,7.289636,30,v2,88000000ffffffffffffa8dd9f4dc5b5
3792,50.896005448,7.430641,30,v2,88000000ffffffffffffa8dd9f4dc5b5
3793,50.902666407,6.660959,30,v2,88000000ffffffffffffa8dd9f4dc5b5
3794,50.910317979,7.651572,30,v2,88000000ffffffffffffa8dd9f4dc5b5
3795,50.917030056,6.712077,30,v2,88000000ffffffffffffa8dd9f4dc5b5
3796,50.923153347,6.123291,30,v2,88000000ffffffffffffa8dd9f4dc5b5
3797,50.930297847,7.144500,30,v2,88000000ffffffffffffa8dd9f4dc5b5
3798,50.937532698,7.234851,30,v2,88000000ffffffffffffa8dd9f4dc5b5
3799,50.944401542,6.868844,30,v2,88000000ffffffffffffa8dd9f4dc5b5
3800,50.951622441,7.220899,30,v2,88000000ffffffffffffa8dd9f4dc5b5
3801,50.958581228,6.958787,30,v2,88000000ffffffffffffa8dd9f4dc5b5
3802,50.966112930,7.531702,30,v2,88000000ffffffffffffa8dd9f4dc5b5
3803,50.972754073,6.641143,30,v2,88000000ffffffffffffa8dd9f4dc5b5
3804,50.980078395,7.324322,30,v2,88000000ffffffffffffa8dd9f4dc5b5
3805,50.987099350,7.020955,30,v2,88000000ffffffffffffa8dd9f4dc5b5
3806,50.994165214,7.065864,30,v2,88000000ffffffffffffa8dd9f4dc5b5
3807,51.001214660,7.049446,30,v2,88000000ffffffffffffa8dd9f4dc5b5
3808,51.008416498,7.201838,30,v2,88000000ffffffffffffa8dd9f4dc5b5
3809,51.015500132,7.083634,30,v2,88000000ffffffffffffa8dd9f4dc5b5
3810,51.022466155,6.966023,30,v2,88000000ffffffffffffa8dd9f4dc5b5
3811,51.029614600,7.148445,30,v2,88000000ffffffffffffa8dd9f4dc5b5
3812,51.036674812,7.060212,30,v2,88000000ffffffffffffa8dd9f4dc5b5
3813,51.043797369,7.122557,30,v2,88000000ffffffffffffa8dd9f4dc5b5
3814,51.050186483,6.389114,30,v2,88000000ffffffffffffa8dd9f4dc5b5
3815,51.057139926,6.953443,30,v2,88000000ffffffffffffa8dd9f4dc5b5
3816,51.064194637,7.054711,30,v2,88000000ffffffffffffa8dd9f4dc5b5
3817,51.071478196,7.283559,30,v2,88000000ffffffffffffa8dd9f4dc5b5
3818,51.078602833,7.124637,30,v2,88000000ffffffffffffa8dd9f4dc5b5
3819,51.085649427,7.046594,30,v2,88000000ffffffffffffa8dd9f4dc5b5
3820,51.092644379,6.994952,30,v2,88000000ffffffffffffa8dd9f4dc5b5
3821,51.099810662,7.166283,30,v2,88000000ffffffffffffa8dd9f4dc5b5
3822,51.106904775,7.094113,30,v2,88000000ffffffffffffa8dd9f4dc5b5
3823,51.114065310,7.160535,30,v2,88000000ffffffffffffa8dd9f4dc5b5
3824,51.121197778,7.132468,30,v2,88000000ffffffffffffa8dd9f4dc5b5
3825,51.128187710,6.989932,30,v2,88000000ffffffffffffa8dd9f4dc5b5
3826,51.135363640,7.175930,30,v2,88000000ffffffffffffa8dd9f4dc5b5
3827,51.142414114,7.050474,30,v2,88000000ffffffffffffa8dd9f4dc5b5
3828,51.149568905,7.154791,30,v2,88000000ffffffffffffa8dd9f4dc5b5
3829,51.156591265,7.022360,30,v2,88000000ffffffffffffa8dd9f4dc5b5
3830,51.163723143,7.131878,30,v2,88000000ffffffffffffa8dd9f4dc5b5
3831,51.170807097,7.083954,30,v2,88000000ffffffffffffa8dd9f4dc5b5
3832,51.177166493,6.359396,30,v2,88000000ffffffffffffa8dd9f4dc5b5
3833,51.184386013,7.219520,30,v2,88000000ffffffffffffa8dd9f4dc5b5
3834,51.191638005,7.251992,30,v2,88000000ffffffffffffa8dd9f4dc5b5
3835,51.198822637,7.184632,30,v2,88000000ffffffffffffa8dd9f4dc5b5
3836,51.205566365,6.743728,30,v2,88000000ffffffffffffa8dd9f4dc5b5
3837,51.214418641,8.852276,30,v2,88000000ffffffffffffa8dd9f4dc5b5
3838,51.219906854,5.488213,30,v2,88000000ffffffffffffa8dd9f4dc5b5
3839,51.227275845,7.368991,30,v2,88000000ffffffffffffa8dd9f4dc5b5
3840,51.234053926,6.778081,30,v2,88000000ffffffffffffa8dd9f4dc5b5
3841,51.240946419,6.892493,30,v2,88000000ffffffffffffa8dd9f4dc5b5
3842,51.248439179,7.492760,30,v2,88000000ffffffffffffa8dd9f4dc5b5
3843,51.255463957,7.024778,30,v2,88000000ffffffffffffa8dd9f4dc5b5
3844,51.584336498,328.872541,30,v2,88000000ffffffffffffa8dd9f4dc5b5
3845,51.591423097,7.086599,30,v2,88000000ffffffffffffa8dd9f4dc5b5
3846,51.598553755,7.130658,30,v2,88000000ffffffffffffa8dd9f4dc5b5
3847,51.604755499,6.201744,30,v2,88000000ffffffffffffa8dd9f4dc5b5
3848,51.611896488,7.140989,30,v2,88000000ffffffffffffa8dd9f4dc5b5
3849,51.618973405,7.076917,30,v2,88000000ffffffffffffa8dd9f4dc5b5
3850,51.626286840,7.313435,30,v2,88000000ffffffffffffa8dd9f4dc5b5
3851,51.634388508,8.101668,30,v2,88000000ffffffffffffa8dd9f4dc5b5
3852,51.640404755,6.016247,30,v2,88000000ffffffffffffa8dd9f4dc5b5
3853,51.647796628,7.391873,30,v2,88000000ffffffffffffa8dd9f4dc5b5
3854,51.655736944,7.940316,30,v2,88000000ffffffffffffa8dd9f4dc5b5
3855,51.661863498,6.126554,30,v2,88000000ffffffffffffa8dd9f4dc5b5
3856,51.670642097,8.778599,30,v2,88000000ffffffffffffa8dd9f4dc5b5
3857,51.675780315,5.138218,30,v2,88000000ffffffffffffa8dd9f4dc5b5
3858,51.683172153,7.391838,30,v2,88000000ffffffffffffa8dd9f4dc5b5
3859,51.689339087,6.166934,30,v2,88000000ffffffffffffa8dd9f4dc5b5
3860,51.698226816,8.887729,30,v2,88000000ffffffffffffa8dd9f4dc5b5
3861,51.705024742,6.797926,30,v2,88000000ffffffffffffa8dd9f4dc5b5
3862,51.710432848,5.408106,30,v2,88000000ffffffffffffa8dd9f4dc5b5
3863,51.717656294,7.223446,30,v2,88000000ffffffffffffa8dd9f4dc5b5
3864,51.723855682,6.199388,30,v2,88000000ffffffffffffa8dd9f4dc5b5
3865,51.730875315,7.019633,30,v2,88000000ffffffffffffa8dd9f4dc5b5
3866,51.737864658,6.989343,30,v2,88000000ffffffffffffa8dd9f4dc5b5
3867,51.744899809,7.035151,30,v2,88000000ffffffffffffa8dd9f4dc5b5
3868,51.752074180,7.174371,30,v2,88000000ffffffffffffa8dd9f4dc5b5
3869,51.758195955,6.121775,30,v2,88000000ffffffffffffa8dd9f4dc5b5
3870,51.766450252,8.254297,30,v2,88000000ffffffffffffa8dd9f4dc5b5
3871,51.773407813,6.957561,30,v2,88000000ffffffffffffa8dd9f4dc5b5
3872,51.780780489,7.372676,30,v2,88000000ffffffffffffa8dd9f4dc5b5
3873,51.787575496,6.795007,30,v2,88000000ffffffffffffa8dd9f4dc5b5
3874,51.793809336,6.233840,30,v2,88000000ffffffffffffa8dd9f4dc5b5
3875,51.800953068,7.143732,30,v2,88000000ffffffffffffa8dd9f4dc5b5
3876,51.808073767,7.120699,30,v2,88000000ffffffffffffa8dd9f4dc5b5
3877,51.814987679,6.913912,30,v2,88000000ffffffffffffa8dd9f4dc5b5
3878,51.821189666,6.201987,30,v2,88000000ffffffffffffa8dd9f4dc5b5
3879,51.828260108,7.070442,30,v2,88000000ffffffffffffa8dd9f4dc5b5
3880,51.835345164,7.085056,30,v2,88000000ffffffffffffa8dd9f4dc5b5
3881,51.842461057,7.115893,30,v2,88000000ffffffffffffa8dd9f4dc5b5
3882,51.849577257,7.116200,30,v2,88000000ffffffffffffa8dd9f4dc5b5
3883,51.855820563,6.243306,30,v2,88000000ffffffffffffa8dd9f4dc5b5
3884,51.862941072,7.120509,30,v2,88000000ffffffffffffa8dd9f4dc5b5
3885,51.869974156,7.033084,30,v2,88000000ffffffffffffa8dd9f4dc5b5
3886,51.877123586,7.149430,30,v2,88000000ffffffffffffa8dd9f4dc5b5
3887,51.884071743,6.948157,30,v2,88000000ffffffffffffa8dd9f4dc5b5
3888,51.891444513,7.372770,30,v2,88000000ffffffffffffa8dd9f4dc5b5
3889,51.898602285,7.157772,30,v2,88000000ffffffffffffa8dd9f4dc5b5
3890,51.905543668,6.941383,30,v2,88000000ffffffffffffa8dd9f4dc5b5
3891,51.912617629,7.073961,30,v2,88000000ffffffffffffa8dd9f4dc5b5
3892,51.919784493,7.166864,30,v2,88000000ffffffffffffa8dd9f4dc5b5
3893,51.925911532,6.127039,30,v2,88000000ffffffffffffa8dd9f4dc5b5
3894,51.932929565,7.018033,30,v2,88000000ffffffffffffa8dd9f4dc5b5
3895,51.940061279,7.131714,30,v2,88000000ffffffffffffa8dd9f4dc5b5
3896,51.947212679,7.151400,30,v2,88000000ffffffffffffa8dd9f4dc5b5
3897,51.954365904,7.153225,30,v2,88000000ffffffffffffa8dd9f4dc5b5
3898,51.960464435,6.098531,30,v2,88000000ffffffffffffa8dd9f4dc5b5
3899,51.967455200,6.990765,30,v2,88000000ffffffffffffa8dd9f4dc5b5
3900,51.974575105,7.119905,30,v2,88000000ffffffffffffa8dd9f4dc5b5
3901,51.981862909,7.287804,30,v2,88000000ffffffffffffa8dd9f4dc5b5
3902,51.988797459,6.934550,30,v2,88000000ffffffffffffa8dd9f4dc5b5
3903,51.995077644,6.280185,30,v2,88000000ffffffffffffa8dd9f4dc5b5
3904,52.002233019,7.155375,30,v2,88000000ffffffffffffa8dd9f4dc5b5
3905,52.009314983,7.081964,30,v2,88000000ffffffffffffa8dd9f4dc5b5
3906,52.016270581,6.955598,30,v2,88000000ffffffffffffa8dd9f4dc5b5
3907,52.024431966,8.161385,30,v2,88000000ffffffffffffa8dd9f4dc5b5
3908,52.030540681,6.108715,30,v2,88000000ffffffffffffa8dd9f4dc5b5
3909,52.037674841,7.134160,30,v2,88000000ffffffffffffa8dd9f4dc5b5
3910,52.044868650,7.193809,30,v2,88000000ffffffffffffa8dd9f4dc5b5
3911,52.051954882,7.086232,30,v2,88000000ffffffffffffa8dd9f4dc5b5
3912,52.059861778,7.906896,30,v2,88000000ffffffffffffa8dd9f4dc5b5
3913,52.065789568,5.927790,30,v2,88000000ffffffffffffa8dd9f4dc5b5
3914,52.072225872,6.436304,30,v2,88000000ffffffffffffa8dd9f4dc5b5
3915,52.079215864,6.989992,30,v2,88000000ffffffffffffa8dd9f4dc5b5
3916,52.085592763,6.376899,30,v2,88000000ffffffffffffa8dd9f4dc5b5
3917,52.092991450,7.398687,30,v2,88000000ffffffffffffa8dd9f4dc5b5
3918,52.099718050,6.726600,30,v2,88000000ffffffffffffa8dd9f4dc5b5
3919,52.106718122,7.000072,30,v2,88000000ffffffffffffa8dd9f4dc5b5
3920,52.113782463,7.064341,30,v2,88000000ffffffffffffa8dd9f4dc5b5
3921,52.119957343,6.174880,30,v2,88000000ffffffffffffa8dd9f4dc5b5
3922,52.127080575,7.123232,30,v2,88000000ffffffffffffa8dd9f4dc5b5
3923,52.134072066,6.991491,30,v2,88000000ffffffffffffa8dd9f4dc5b5
3924,52.141319494,7.247428,30,v2,88000000ffffffffffffa8dd9f4dc5b5
3925,52.148428712,7.109218,30,v2,88000000ffffffffffffa8dd9f4dc5b5
3926,52.155539885,7.111173,30,v2,88000000ffffffffffffa8dd9f4dc5b5
3927,52.162573506,7.033621,30,v2,88000000ffffffffffffa8dd9f4dc5b5
3928,52.172937751,10.364245,99,v2,1c000000aadd9f4dc5b568bdcc020000
3929,52.177912114,4.974363,30,v2,88000000ffffffffffffa8dd9f4dc5b5
3930,52.185049039,7.136925,30,v2,88000000ffffffffffffa8dd9f4dc5b5
3931,52.192158940,7.109901,30,v2,88000000ffffffffffffa8dd9f4dc5b5
3932,52.199055871,6.896931,30,v2,88000000ffffffffffffa8dd9f4dc5b5
3933,52.205354167,6.298296,30,v2,88000000ffffffffffffa8dd9f4dc5b5
3934,52.212365777,7.011610,30,v2,88000000ffffffffffffa8dd9f4dc5b5
3935,52.219473818,7.108041,30,v2,88000000ffffffffffffa8dd9f4dc5b5
3936,52.226782039,7.308221,30,v2,88000000ffffffffffffa8dd9f4dc5b5
3937,52.233701910,6.919871,30,v2,88000000ffffffffffffa8dd9f4dc5b5
3938,52.239950082,6.248172,30,v2,88000000ffffffffffffa8dd9f4dc5b5
3939,52.246988938,7.038856,30,v2,88000000ffffffffffffa8dd9f4dc5b5
3940,52.254059668,7.070730,30,v2,88000000ffffffffffffa8dd9f4dc5b5
3941,52.261290551,7.230883,30,v2,88000000ffffffffffffa8dd9f4dc5b5
3942,52.268390034,7.099483,30,v2,88000000ffffffffffffa8dd9f4dc5b5
3943,52.275502405,7.112371,30,v2,88000000ffffffffffffa8dd9f4dc5b5
3944,52.605511768,330.009363,30,v2,88000000ffffffffffffa8dd9f4dc5b5
3945,52.614654694,9.142926,30,v2,88000000ffffffffffffa8dd9f4dc5b5
3946,52.619315320,4.660626,30,v2,88000000ffffffffffffa8dd9f4dc5b5
3947,52.625869754,6.554434,30,v2,88000000ffffffffffffa8dd9f4dc5b5
3948,52.633062000,7.192246,30,v2,88000000ffffffffffffa8dd9f4dc5b5
3949,52.639221695,6.159695,30,v2,88000000ffffffffffffa8dd9f4dc5b5
3950,52.648062722,8.841027,30,v2,88000000ffffffffffffa8dd9f4dc5b5
3951,52.653533699,5.470977,30,v2,88000000ffffffffffffa8dd9f4dc5b5
3952,52.661372674,7.838975,30,v2,88000000ffffffffffffa8dd9f4dc5b5
3953,52.667460847,6.088173,30,v2,88000000ffffffffffffa8dd9f4dc5b5
3954,52.674571421,7.110574,30,v2,88000000ffffffffffffa8dd9f4dc5b5
3955,52.681709222,7.137801,30,v2,88000000ffffffffffffa8dd9f4dc5b5
3956,52.689170525,7.461303,30,v2,88000000ffffffffffffa8dd9f4dc5b5
3957,52.694819079,5.648554,30,v2,88000000ffffffffffffa8dd9f4dc5b5
3958,52.701993725,7.174646,30,v2,88000000ffffffffffffa8dd9f4dc5b5
3959,52.709298378,7.304653,30,v2,88000000ffffffffffffa8dd9f4dc5b5
3960,52.715398267,6.099889,30,v2,88000000ffffffffffffa8dd9f4dc5b5
3961,52.722536297,7.138030,30,v2,88000000ffffffffffffa8dd9f4dc5b5
3962,52.729474318,6.938021,30,v2,88000000ffffffffffffa8dd9f4dc5b5
3963,52.736529978,7.055660,30,v2,88000000ffffffffffffa8dd9f4dc5b5
3964,52.742648866,6.118888,30,v2,88000000ffffffffffffa8dd9f4dc5b5
3965,52.749672709,7.023843,30,v2,88000000ffffffffffffa8dd9f4dc5b5
3966,52.756853398,7.180689,30,v2,88000000ffffffffffffa8dd9f4dc5b5
3967,52.762858129,6.004731,30,v2,88000000ffffffffffffa8dd9f4dc5b5
3968,52.770087539,7.229410,30,v2,88000000ffffffffffffa8dd9f4dc5b5
3969,52.777088673,7.001134,30,v2,88000000ffffffffffffa8dd9f4dc5b5
3970,52.783501317,6.412644,30,v2,88000000ffffffffffffa8dd9f4dc5b5
3971,52.790473829,6.972512,30,v2,88000000ffffffffffffa8dd9f4dc5b5
3972,52.797661807,7.187978,30,v2,88000000ffffffffffffa8dd9f4dc5b5
3973,52.804619078,6.957271,30,v2,88000000ffffffffffffa8dd9f4dc5b5
3974,52.811643430,7.024352,30,v2,88000000ffffffffffffa8dd9f4dc5b5
3975,52.818877390,7.233960,30,v2,88000000ffffffffffffa8dd9f4dc5b5
3976,52.825873779,6.996389,30,v2,88000000ffffffffffffa8dd9f4dc5b5
3977,52.831950330,6.076551,30,v2,88000000ffffffffffffa8dd9f4dc5b5
3978,52.839008064,7.057734,30,v2,88000000ffffffffffffa8dd9f4dc5b5
3979,52.846257595,7.249531,30,v2,88000000ffffffffffffa8dd9f4dc5b5
3980,52.852420451,6.162856,30,v2,88000000ffffffffffffa8dd9f4dc5b5
3981,52.859453264,7.032813,30,v2,88000000ffffffffffffa8dd9f4dc5b5
3982,52.866667825,7.214561,30,v2,88000000ffffffffffffa8dd9f4dc5b5
3983,52.872718175,6.050350,30,v2,88000000ffffffffffffa8dd9f4dc5b5
3984,52.879961815,7.243640,30,v2,88000000ffffffffffffa8dd9f4dc5b5
3985,52.886947548,6.985733,30,v2,88000000ffffffffffffa8dd9f4dc5b5
3986,52.894848134,7.900586,30,v2,88000000ffffffffffffa8dd9f4dc5b5
3987,52.900112205,5.264071,30,v2,88000000ffffffffffffa8dd9f4dc5b5
3988,52.909183278,9.071073,30,v2,88000000ffffffffffffa8dd9f4dc5b5
3989,52.916424568,7.241290,30,v2,88000000ffffffffffffa8dd9f4dc5b5
3990,52.920796881,4.372313,30,v2,88000000ffffffffffffa8dd9f4dc5b5
3991,52.929583238,8.786357,30,v2,88000000ffffffffffffa8dd9f4dc5b5
3992,52.935943042,6.359804,30,v2,88000000ffffffffffffa8dd9f4dc5b5
3993,52.941724821,5.781779,30,v2,88000000ffffffffffffa8dd9f4dc5b5
3994,52.950109907,8.385086,30,v2,88000000ffffffffffffa8dd9f4dc5b5
3995,52.956437939,6.328032,30,v2,88000000ffffffffffffa8dd9f4dc5b5
3996,52.963286751,6.848812,30,v2,88000000ffffffffffffa8dd9f4dc5b5
3997,52.969704121,6.417370,30,v2,88000000ffffffffffffa8dd9f4dc5b5
3998,52.976546356,6.842235,30,v2,88000000ffffffffffffa8dd9f4dc5b5
3999,52.983815840,7.269484,30,v2,88000000ffffffffffffa8dd9f4dc5b5
4000,52.990018111,6.202271,30,v2,88000000ffffffffffffa8dd9f4dc5b5
4001,52.996850721,6.832610,30,v2,88000000ffffffffffffa8dd9f4dc5b5
4002,53.003776371,6.925650,30,v2,88000000ffffffffffffa8dd9f4dc5b5
4003,53.009842621,6.066250,30,v2,88000000ffffffffffffa8dd9f4dc5b5
4004,53.016931363,7.088742,30,v2,88000000ffffffffffffa8dd9f4dc5b5
4005,53.023991504,7.060141,30,v2,88000000ffffffffffffa8dd9f4dc5b5
4006,53.031093412,7.101908,30,v2,88000000ffffffffffffa8dd9f4dc5b5
4007,53.038239625,7.146213,30,v2,88000000ffffffffffffa8dd9f4dc5b5
4008,53.044259858,6.020233,30,v2,88000000ffffffffffffa8dd9f4dc5b5
4009,53.051725278,7.465420,30,v2,88000000ffffffffffffa8dd9f4dc5b5
4010,53.058767758,7.042480,30,v2,88000000ffffffffffffa8dd9f4dc5b5
4011,53.065712840,6.945082,30,v2,88000000ffffffffffffa8dd9f4dc5b5
4012,53.072827813,7.114973,30,v2,88000000ffffffffffffa8dd9f4dc5b5
4013,53.079807351,6.979538,30,v2,88000000ffffffffffffa8dd9f4dc5b5
4014,53.085950379,6.143028,30,v2,88000000ffffffffffffa8dd9f4dc5b5
4015,53.093357380,7.407001,30,v2,88000000ffffffffffffa8dd9f4dc5b5
4016,53.100304805,6.947425,30,v2,88000000ffffffffffffa8dd9f4dc5b5
4017,53.106424166,6.119361,30,v2,88000000ffffffffffffa8dd9f4dc5b5
4018,53.113785627,7.361461,30,v2,88000000ffffffffffffa8dd9f4dc5b5
4019,53.120566207,6.780580,30,v2,88000000ffffffffffffa8dd9f4dc5b5
4020,53.127655817,7.089610,30,v2,88000000ffffffffffffa8dd9f4dc5b5
4021,53.133804641,6.148824,30,v2,88000000ffffffffffffa8dd9f4dc5b5
4022,53.140878354,7.073713,30,v2,88000000ffffffffffffa8dd9f4dc5b5
4023,53.148195275,7.316921,30,v2,88000000ffffffffffffa8dd9f4dc5b5
4024,53.154502418,6.307143,30,v2,88000000ffffffffffffa8dd9f4dc5b5
4025,53.161450566,6.948148,30,v2,88000000ffffffffffffa8dd9f4dc5b5
4026,53.168329118,6.878552,30,v2,88000000ffffffffffffa8dd9f4dc5b5
4027,53.175440088,7.110970,30,v2,88000000ffffffffffffa8dd9f4dc5b5
4028,53.181566214,6.126126,30,v2,88000000ffffffffffffa8dd9f4dc5b5
4029,53.188594337,7.028123,30,v2,88000000ffffffffffffa8dd9f4dc5b5
4030,53.195914325,7.319988,30,v2,88000000ffffffffffffa8dd9f4dc5b5
4031,53.202796155,6.881830,30,v2,88000000ffffffffffffa8dd9f4dc5b5
4032,53.209975429,7.179274,30,v2,88000000ffffffffffffa8dd9f4dc5b5
4033,53.217020329,7.044900,30,v2,88000000ffffffffffffa8dd9f4dc5b5
4034,53.223219200,6.198871,30,v2,88000000ffffffffffffa8dd9f4dc5b5
4035,53.230429055,7.209855,30,v2,88000000ffffffffffffa8dd9f4dc5b5
4036,53.237385196,6.956141,30,v2,88000000ffffffffffffa8dd9f4dc5b5
4037,53.243648250,6.263054,30,v2,88000000ffffffffffffa8dd9f4dc5b5
4038,53.250724271,7.076021,30,v2,88000000ffffffffffffa8dd9f4dc5b5
4039,53.257720439,6.996168,30,v2,88000000ffffffffffffa8dd9f4dc5b5
4040,53.264849338,7.128899,30,v2,88000000ffffffffffffa8dd9f4dc5b5
4041,53.270987767,6.138429,30,v2,88000000ffffffffffffa8dd9f4dc5b5
4042,53.278078622,7.090855,30,v2,88000000ffffffffffffa8dd9f4dc5b5
4043,53.285043006,6.964384,30,v2,88000000ffffffffffffa8dd9f4dc5b5
4044,53.614613680,329.570674,30,v2,88000000ffffffffffffa8dd9f4dc5b5
4045,53.621690179,7.076499,30,v2,88000000ffffffffffffa8dd9f4dc5b5
4046,53.627550565,5.860386,30,v2,88000000ffffffffffffa8dd9f4dc5b5
4047,53.634766173,7.215608,30,v2,88000000ffffffffffffa8dd9f4dc5b5
4048,53.641866335,7.100162,30,v2,88000000ffffffffffffa8dd9f4dc5b5
4049,53.647959998,6.093663,30,v2,88000000ffffffffffffa8dd9f4dc5b5
4050,53.655022363,7.062365,30,v2,88000000ffffffffffffa8dd9f4dc5b5
4051,53.661167877,6.145514,30,v2,88000000ffffffffffffa8dd9f4dc5b5
4052,53.668255717,7.087840,30,v2,88000000ffffffffffffa8dd9f4dc5b5
4053,53.675329933,7.074216,30,v2,88000000ffffffffffffa8dd9f4dc5b5
4054,53.682360311,7.030378,30,v2,88000000ffffffffffffa8dd9f4dc5b5
4055,53.688512318,6.152007,30,v2,88000000ffffffffffffa8dd9f4dc5b5
4056,53.695696701,7.184383,30,v2,88000000ffffffffffffa8dd9f4dc5b5
4057,53.701889330,6.192629,30,v2,88000000ffffffffffffa8dd9f4dc5b5
4058,53.708861708,6.972378,30,v2,88000000ffffffffffffa8dd9f4dc5b5
4059,53.717052676,8.190968,30,v2,88000000ffffffffffffa8dd9f4dc5b5
4060,53.723049134,5.996458,30,v2,88000000ffffffffffffa8dd9f4dc5b5
4061,53.730099544,7.050410,30,v2,88000000ffffffffffffa8dd9f4dc5b5
4062,53.736267444,6.167900,30,v2,88000000ffffffffffffa8dd9f4dc5b5
4063,53.743466203,7.198759,30,v2,88000000ffffffffffffa8dd9f4dc5b5
4064,53.750463080,6.996877,30,v2,88000000ffffffffffffa8dd9f4dc5b5
4065,53.756482564,6.019484,30,v2,88000000ffffffffffffa8dd9f4dc5b5
4066,53.764073425,7.590861,30,v2,88000000ffffffffffffa8dd9f4dc5b5
4067,53.769852780,5.779355,30,v2,88000000ffffffffffffa8dd9f4dc5b5
4068,53.777164212,7.311432,30,v2,88000000ffffffffffffa8dd9f4dc5b5
4069,53.783025970,5.861758,30,v2,88000000ffffffffffffa8dd9f4dc5b5
4070,53.790240590,7.214620,30,v2,88000000ffffffffffffa8dd9f4dc5b5
4071,53.797173265,6.932675,30,v2,88000000ffffffffffffa8dd9f4dc5b5
4072,53.803465527,6.292262,30,v2,88000000ffffffffffffa8dd9f4dc5b5
4073,53.810337244,6.871717,30,v2,88000000ffffffffffffa8dd9f4dc5b5
4074,53.816721179,6.383935,30,v2,88000000ffffffffffffa8dd9f4dc5b5
4075,53.823669813,6.948634,30,v2,88000000ffffffffffffa8dd9f4dc5b5
4076,53.830728960,7.059147,30,v2,88000000ffffffffffffa8dd9f4dc5b5
4077,53.837040268,6.311308,30,v2,88000000ffffffffffffa8dd9f4dc5b5
4078,53.845014387,7.974119,30,v2,88000000ffffffffffffa8dd9f4dc5b5
4079,53.852299426,7.285039,30,v2,88000000ffffffffffffa8dd9f4dc5b5
4080,53.858215583,5.916157,30,v2,88000000ffffffffffffa8dd9f4dc5b5
4081,53.865498982,7.283399,30,v2,88000000ffffffffffffa8dd9f4dc5b5
4082,53.871638052,6.139070,30,v2,88000000ffffffffffffa8dd9f4dc5b5
4083,53.878534083,6.896031,30,v2,88000000ffffffffffffa8dd9f4dc5b5
4084,53.884715878,6.181795,30,v2,88000000ffffffffffffa8dd9f4dc5b5
4085,53.891815366,7.099488,30,v2,88000000ffffffffffffa8dd9f4dc5b5
4086,53.900085664,8.270298,30,v2,88000000ffffffffffffa8dd9f4dc5b5
4087,53.905007136,4.921472,30,v2,88000000ffffffffffffa8dd9f4dc5b5
4088,53.912301381,7.294245,30,v2,88000000ffffffffffffa8dd9f4dc5b5
4089,53.918370552,6.069171,30,v2,88000000ffffffffffffa8dd9f4dc5b5
4090,53.925334509,6.963957,30,v2,88000000ffffffffffffa8dd9f4dc5b5
4091,53.933370782,8.036273,30,v2,88000000ffffffffffffa8dd9f4dc5b5
4092,53.938907903,5.537121,30,v2,88000000ffffffffffffa8dd9f4dc5b5
4093,53.945795442,6.887539,30,v2,88000000ffffffffffffa8dd9f4dc5b5
4094,53.951659025,5.863583,30,v2,88000000ffffffffffffa8dd9f4dc5b5
4095,53.959174388,7.515363,30,v2,88000000ffffffffffffa8dd9f4dc5b5
4096,53.966052337,6.877949,30,v2,88000000ffffffffffffa8dd9f4dc5b5
4097,53.972961116,6.908779,30,v2,88000000ffffffffffffa8dd9f4dc5b5
4098,53.980364330,7.403214,30,v2,88000000ffffffffffffa8dd9f4dc5b5
4099,53.986114120,5.749790,30,v2,88000000ffffffffffffa8dd9f4dc5b5
4100,53.993589141,7.475021,30,v2,88000000ffffffffffffa8dd9f4dc5b5
4101,54.000392384,6.803243,30,v2,88000000ffffffffffffa8dd9f4dc5b5
4102,54.006803039,6.410655,30,v2,88000000ffffffffffffa8dd9f4dc5b5
4103,54.013576703,6.773664,30,v2,88000000ffffffffffffa8dd9f4dc5b5
4104,54.020018559,6.441856,30,v2,88000000ffffffffffffa8dd9f4dc5b5
4105,54.028198045,8.179486,30,v2,88000000ffffffffffffa8dd9f4dc5b5
4106,54.034401190,6.203145,30,v2,88000000ffffffffffffa8dd9f4dc5b5
4107,54.040267598,5.866408,30,v2,88000000ffffffffffffa8dd9f4dc5b5
4108,54.047360436,7.092838,30,v2,88000000ffffffffffffa8dd9f4dc5b5
4109,54.053216756,5.856320,30,v2,88000000ffffffffffffa8dd9f4dc5b5
4110,54.060475335,7.258579,30,v2,88000000ffffffffffffa8dd9f4dc5b5
4111,54.066470496,5.995161,30,v2,88000000ffffffffffffa8dd9f4dc5b5
4112,54.073709762,7.239266,30,v2,88000000ffffffffffffa8dd9f4dc5b5
4113,54.080850787,7.141025,30,v2,88000000ffffffffffffa8dd9f4dc5b5
4114,54.086860774,6.009987,30,v2,88000000ffffffffffffa8dd9f4dc5b5
4115,54.093872180,7.011406,30,v2,88000000ffffffffffffa8dd9f4dc5b5
4116,54.101083965,7.211785,30,v2,88000000ffffffffffffa8dd9f4dc5b5
4117,54.108218165,7.134200,30,v2,88000000ffffffffffffa8dd9f4dc5b5
4118,54.115169926,6.951761,30,v2,88000000ffffffffffffa8dd9f4dc5b5
4119,54.121338335,6.168409,30,v2,88000000ffffffffffffa8dd9f4dc5b5
4120,54.128642001,7.303666,30,v2,88000000ffffffffffffa8dd9f4dc5b5
4121,54.135531299,6.889298,30,v2,88000000ffffffffffffa8dd9f4dc5b5
4122,54.142644979,7.113680,30,v2,88000000ffffffffffffa8dd9f4dc5b5
4123,54.148731941,6.086962,30,v2,88000000ffffffffffffa8dd9f4dc5b5
4124,54.155735491,7.003550,30,v2,88000000ffffffffffffa8dd9f4dc5b5
4125,54.161938549,6.203058,30,v2,88000000ffffffffffffa8dd9f4dc5b5
4126,54.168059023,6.120474,30,v2,88000000ffffffffffffa8dd9f4dc5b5
4127,54.175151204,7.092181,30,v2,88000000ffffffffffffa8dd9f4dc5b5
4128,54.182212901,7.061697,30,v2,88000000ffffffffffffa8dd9f4dc5b5
4129,54.188471377,6.258476,30,v2,88000000ffffffffffffa8dd9f4dc5b5
4130,54.195654602,7.183225,30,v2,88000000ffffffffffffa8dd9f4dc5b5
4131,54.201653186,5.998584,30,v2,88000000ffffffffffffa8dd9f4dc5b5
4132,54.208611063,6.957877,30,v2,88000000ffffffffffffa8dd9f4dc5b5
4133,54.215753672,7.142609,30,v2,88000000ffffffffffffa8dd9f4dc5b5
4134,54.222968331,7.214659,30,v2,88000000ffffffffffffa8dd9f4dc5b5
4135,54.229283543,6.315212,30,v2,88000000ffffffffffffa8dd9f4dc5b5
4136,54.237063476,7.779933,30,v2,88000000ffffffffffffa8dd9f4dc5b5
4137,54.243285995,6.222519,30,v2,88000000ffffffffffffa8dd9f4dc5b5
4138,54.250298965,7.012970,30,v2,88000000ffffffffffffa8dd9f4dc5b5
4139,54.257404699,7.105734,30,v2,88000000ffffffffffffa8dd9f4dc5b5
4140,54.263663943,6.259244,30,v2,88000000ffffffffffffa8dd9f4dc5b5
4141,54.270575972,6.912029,30,v2,88000000ffffffffffffa8dd9f4dc5b5
4142,54.276818464,6.242492,30,v2,88000000ffffffffffffa8dd9f4dc5b5
4143,54.283818544,7.000080,30,v2,88000000ffffffffffffa8dd9f4dc5b5
4144,54.613010682,329.192138,30,v2,88000000ffffffffffffa8dd9f4dc5b5
4145,54.619175392,6.164710,30,v2,88000000ffffffffffffa8dd9f4dc5b5
4146,54.627345020,8.169628,30,v2,88000000ffffffffffffa8dd9f4dc5b5
4147,54.633591820,6.246800,30,v2,88000000ffffffffffffa8dd9f4dc5b5
4148,54.640804550,7.212730,30,v2,88000000ffffffffffffa8dd9f4dc5b5
4149,54.646618384,5.813834,30,v2,88000000ffffffffffffa8dd9f4dc5b5
4150,54.653913513,7.295129,30,v2,88000000ffffffffffffa8dd9f4dc5b5
4151,54.659995998,6.082485,30,v2,88000000ffffffffffffa8dd9f4dc5b5
4152,54.668795010,8.799012,30,v2,88000000ffffffffffffa8dd9f4dc5b5
4153,54.674783270,5.988260,30,v2,88000000ffffffffffffa8dd9f4dc5b5
4154,54.680333468,5.550198,30,v2,88000000ffffffffffffa8dd9f4dc5b5
4155,54.686451085,6.117617,30,v2,88000000ffffffffffffa8dd9f4dc5b5
4156,54.693244308,6.793223,30,v2,88000000ffffffffffffa8dd9f4dc5b5
4157,54.699470284,6.225976,30,v2,88000000ffffffffffffa8dd9f4dc5b5
4158,54.706719003,7.248719,30,v2,88000000ffffffffffffa8dd9f4dc5b5
4159,54.712574927,5.855924,30,v2,88000000ffffffffffffa8dd9f4dc5b5
4160,54.719680765,7.105838,30,v2,88000000ffffffffffffa8dd9f4dc5b5
4161,54.725863039,6.182274,30,v2,88000000ffffffffffffa8dd9f4dc5b5
4162,54.732972439,7.109400,30,v2,88000000ffffffffffffa8dd9f4dc5b5
4163,54.740045271,7.072832,30,v2,88000000ffffffffffffa8dd9f4dc5b5
4164,54.746055104,6.009833,30,v2,88000000ffffffffffffa8dd9f4dc5b5
4165,54.754333013,8.277909,30,v2,88000000ffffffffffffa8dd9f4dc5b5
4166,54.760604252,6.271239,30,v2,88000000ffffffffffffa8dd9f4dc5b5
4167,54.767467556,6.863304,30,v2,88000000ffffffffffffa8dd9f4dc5b5
4168,54.773591529,6.123973,30,v2,88000000ffffffffffffa8dd9f4dc5b5
4169,54.780595821,7.004292,30,v2,88000000ffffffffffffa8dd9f4dc5b5
4170,54.786695577,6.099756,30,v2,88000000ffffffffffffa8dd9f4dc5b5
4171,54.793901184,7.205607,30,v2,88000000ffffffffffffa8dd9f4dc5b5
4172,54.800228296,6.327112,30,v2,88000000ffffffffffffa8dd9f4dc5b5
4173,54.807014915,6.786619,30,v2,88000000ffffffffffffa8dd9f4dc5b5
4174,54.813101953,6.087038,30,v2,88000000ffffffffffffa8dd9f4dc5b5
4175,54.820354038,7.252085,30,v2,88000000ffffffffffffa8dd9f4dc5b5
4176,54.826548693,6.194655,30,v2,88000000ffffffffffffa8dd9f4dc5b5
4177,54.833794537,7.245844,30,v2,88000000ffffffffffffa8dd9f4dc5b5
4178,54.840235445,6.440908,30,v2,88000000ffffffffffffa8dd9f4dc5b5
4179,54.847223436,6.987991,30,v2,88000000ffffffffffffa8dd9f4dc5b5
4180,54.852945151,5.721715,30,v2,88000000ffffffffffffa8dd9f4dc5b5
4181,54.859903820,6.958669,30,v2,88000000ffffffffffffa8dd9f4dc5b5
4182,54.866133133,6.229313,30,v2,88000000ffffffffffffa8dd9f4dc5b5
4183,54.873134146,7.001013,30,v2,88000000ffffffffffffa8dd9f4dc5b5
4184,54.879279140,6.144994,30,v2,88000000ffffffffffffa8dd9f4dc5b5
4185,54.887467386,8.188246,30,v2,88000000ffffffffffffa8dd9f4dc5b5
4186,54.893815472,6.348086,30,v2,88000000ffffffffffffa8dd9f4dc5b5
4187,54.900756238,6.940766,30,v2,88000000ffffffffffffa8dd9f4dc5b5
4188,54.906751444,5.995206,30,v2,88000000ffffffffffffa8dd9f4dc5b5
4189,54.913783643,7.032199,30,v2,88000000ffffffffffffa8dd9f4dc5b5
4190,54.919824670,6.041027,30,v2,88000000ffffffffffffa8dd9f4dc5b5
4191,54.927044640,7.219970,30,v2,88000000ffffffffffffa8dd9f4dc5b5
4192,54.933102399,6.057759,30,v2,88000000ffffffffffffa8dd9f4dc5b5
4193,54.940207678,7.105279,30,v2,88000000ffffffffffffa8dd9f4dc5b5
4194,54.946284487,6.076809,30,v2,88000000ffffffffffffa8dd9f4dc5b5
4195,54.953528385,7.243898,30,v2,88000000ffffffffffffa8dd9f4dc5b5
4196,54.959478216,5.949831,30,v2,88000000ffffffffffffa8dd9f4dc5b5
4197,54.966582437,7.104221,30,v2,88000000ffffffffffffa8dd9f4dc5b5
4198,54.972711767,6.129330,30,v2,88000000ffffffffffffa8dd9f4dc5b5
4199,54.979938159,7.226392,30,v2,88000000ffffffffffffa8dd9f4dc5b5
4200,54.985976758,6.038599,30,v2,88000000ffffffffffffa8dd9f4dc5b5
4201,54.993023386,7.046628,30,v2,88000000ffffffffffffa8dd9f4dc5b5
4202,54.999242476,6.219090,30,v2,88000000ffffffffffffa8dd9f4dc5b5
4203,55.006374571,7.132095,30,v2,88000000ffffffffffffa8dd9f4dc5b5
4204,55.013539674,7.165103,30,v2,88000000ffffffffffffa8dd9f4dc5b5
4205,55.020409603,6.869929,30,v2,88000000ffffffffffffa8dd9f4dc5b5
4206,55.026522005,6.112402,30,v2,88000000ffffffffffffa8dd9f4dc5b5
4207,55.033647233,7.125228,30,v2,88000000ffffffffffffa8dd9f4dc5b5
4208,55.039787797,6.140564,30,v2,88000000ffffffffffffa8dd9f4dc5b5
4209,55.045912262,6.124465,30,v2,88000000ffffffffffffa8dd9f4dc5b5
4210,55.052959199,7.046937,30,v2,88000000ffffffffffffa8dd9f4dc5b5
4211,55.060120197,7.160998,30,v2,88000000ffffffffffffa8dd9f4dc5b5
4212,55.066255414,6.135217,30,v2,88000000ffffffffffffa8dd9f4dc5b5
4213,55.072456136,6.200722,30,v2,88000000ffffffffffffa8dd9f4dc5b5
4214,55.079375971,6.919835,30,v2,88000000ffffffffffffa8dd9f4dc5b5
4215,55.086628700,7.252729,30,v2,88000000ffffffffffffa8dd9f4dc5b5
4216,55.092812158,6.183458,30,v2,88000000ffffffffffffa8dd9f4dc5b5
4217,55.098776897,5.964739,30,v2,88000000ffffffffffffa8dd9f4dc5b5
4218,55.105781570,7.004673,30,v2,88000000ffffffffffffa8dd9f4dc5b5
4219,55.112858161,7.076591,30,v2,88000000ffffffffffffa8dd9f4dc5b5
4220,55.118916873,6.058712,30,v2,88000000ffffffffffffa8dd9f4dc5b5
4221,55.126064328,7.147455,30,v2,88000000ffffffffffffa8dd9f4dc5b5
4222,55.132222712,6.158384,30,v2,88000000ffffffffffffa8dd9f4dc5b5
4223,55.139315405,7.092693,30,v2,88000000ffffffffffffa8dd9f4dc5b5
4224,55.146493586,7.178181,30,v2,88000000ffffffffffffa8dd9f4dc5b5
4225,55.153464082,6.970496,30,v2,88000000ffffffffffffa8dd9f4dc5b5
4226,55.159717959,6.253877,30,v2,88000000ffffffffffffa8dd9f4dc5b5
4227,55.166911854,7.193895,30,v2,88000000ffffffffffffa8dd9f4dc5b5
4228,55.172932102,6.020248,30,v2,88000000ffffffffffffa8dd9f4dc5b5
4229,55.180119292,7.187190,30,v2,88000000ffffffffffffa8dd9f4dc5b5
4230,55.186071133,5.951841,30,v2,88000000ffffffffffffa8dd9f4dc5b5
4231,55.193271882,7.200749,30,v2,88000000ffffffffffffa8dd9f4dc5b5
4232,55.199266877,5.994995,30,v2,88000000ffffffffffffa8dd9f4dc5b5
4233,55.206481010,7.214133,30,v2,88000000ffffffffffffa8dd9f4dc5b5
4234,55.212547153,6.066143,30,v2,88000000ffffffffffffa8dd9f4dc5b5
4235,55.219581401,7.034248,30,v2,88000000ffffffffffffa8dd9f4dc5b5
4236,55.225630891,6.049490,30,v2,88000000ffffffffffffa8dd9f4dc5b5
4237,55.232780253,7.149362,30,v2,88000000ffffffffffffa8dd9f4dc5b5
4238,55.238814589,6.034336,30,v2,88000000ffffffffffffa8dd9f4dc5b5
4239,55.245869536,7.054947,30,v2,88000000ffffffffffffa8dd9f4dc5b5
4240,55.252184847,6.315311,30,v2,88000000ffffffffffffa8dd9f4dc5b5
4241,55.259216420,7.031573,30,v2,88000000ffffffffffffa8dd9f4dc5b5
4242,55.265318462,6.102042,30,v2,88000000ffffffffffffa8dd9f4dc5b5
4243,55.273619109,8.300647,30,v2,88000000ffffffffffffa8dd9f4dc5b5
4244,55.601656023,328.036914,30,v2,88000000ffffffffffffa8dd9f4dc5b5
4245,55.608775337,7.119314,30,v2,88000000ffffffffffffa8dd9f4dc5b5
4246,55.615073696,6.298359,30,v2,88000000ffffffffffffa8dd9f4dc5b5
4247,55.620896661,5.822965,30,v2,88000000ffffffffffffa8dd9f4dc5b5
4248,55.628054480,7.157819,30,v2,88000000ffffffffffffa8dd9f4dc5b5
4249,55.634114245,6.059765,30,v2,88000000ffffffffffffa8dd9f4dc5b5
4250,55.641420232,7.305987,30,v2,88000000ffffffffffffa8dd9f4dc5b5
4251,55.647423353,6.003121,30,v2,88000000ffffffffffffa8dd9f4dc5b5
4252,55.654350562,6.927209,30,v2,88000000ffffffffffffa8dd9f4dc5b5
4253,55.661771276,7.420714,30,v2,88000000ffffffffffffa8dd9f4dc5b5
4254,55.668920588,7.149312,30,v2,88000000ffffffffffffa8dd9f4dc5b5
4255,55.674739459,5.818871,30,v2,88000000ffffffffffffa8dd9f4dc5b5
4256,55.681736342,6.996883,30,v2,88000000ffffffffffffa8dd9f4dc5b5
4257,55.687922447,6.186105,30,v2,88000000ffffffffffffa8dd9f4dc5b5
4258,55.694166637,6.244190,30,v2,88000000ffffffffffffa8dd9f4dc5b5
4259,55.701224866,7.058229,30,v2,88000000ffffffffffffa8dd9f4dc5b5
4260,55.708352114,7.127248,30,v2,88000000ffffffffffffa8dd9f4dc5b5
4261,55.716409986,8.057872,30,v2,88000000ffffffffffffa8dd9f4dc5b5
4262,55.721481995,5.072009,30,v2,88000000ffffffffffffa8dd9f4dc5b5
4263,55.727660821,6.178826,30,v2,88000000ffffffffffffa8dd9f4dc5b5
4264,55.734624723,6.963902,30,v2,88000000ffffffffffffa8dd9f4dc5b5
4265,55.740851581,6.226858,30,v2,88000000ffffffffffffa8dd9f4dc5b5
4266,55.746931608,6.080027,30,v2,88000000ffffffffffffa8dd9f4dc5b5
4267,55.753983428,7.051820,30,v2,88000000ffffffffffffa8dd9f4dc5b5
4268,55.760073838,6.090410,30,v2,88000000ffffffffffffa8dd9f4dc5b5
4269,55.767157544,7.083706,30,v2,88000000ffffffffffffa8dd9f4dc5b5
4270,55.773589863,6.432319,30,v2,88000000ffffffffffffa8dd9f4dc5b5
4271,55.779434227,5.844364,30,v2,88000000ffffffffffffa8dd9f4dc5b5
4272,55.786543301,7.109074,30,v2,88000000ffffffffffffa8dd9f4dc5b5
4273,55.793812899,7.269598,30,v2,88000000ffffffffffffa8dd9f4dc5b5
4274,55.800859310,7.046411,30,v2,88000000ffffffffffffa8dd9f4dc5b5
4275,55.806845693,5.986383,30,v2,88000000ffffffffffffa8dd9f4dc5b5
4276,55.812994327,6.148634,30,v2,88000000ffffffffffffa8dd9f4dc5b5
4277,55.820060603,7.066276,30,v2,88000000ffffffffffffa8dd9f4dc5b5
4278,55.826140986,6.080383,30,v2,88000000ffffffffffffa8dd9f4dc5b5
4279,55.834490020,8.349034,30,v2,88000000ffffffffffffa8dd9f4dc5b5
4280,55.839384142,4.894122,30,v2,88000000ffffffffffffa8dd9f4dc5b5
4281,55.845694079,6.309937,30,v2,88000000ffffffffffffa8dd9f4dc5b5
4282,55.852699913,7.005834,30,v2,88000000ffffffffffffa8dd9f4dc5b5
4283,55.858838814,6.138901,30,v2,88000000ffffffffffffa8dd9f4dc5b5
4284,55.865758176,6.919362,30,v2,88000000ffffffffffffa8dd9f4dc5b5
4285,55.871991111,6.232935,30,v2,88000000ffffffffffffa8dd9f4dc5b5
4286,55.878956807,6.965696,30,v2,88000000ffffffffffffa8dd9f4dc5b5
4287,55.885014285,6.057478,30,v2,88000000ffffffffffffa8dd9f4dc5b5
4288,55.891081983,6.067698,30,v2,88000000ffffffffffffa8dd9f4dc5b5
4289,55.897235927,6.153944,30,v2,88000000ffffffffffffa8dd9f4dc5b5
4290,55.904403645,7.167718,30,v2,88000000ffffffffffffa8dd9f4dc5b5
4291,55.910471544,6.067899,30,v2,88000000ffffffffffffa8dd9f4dc5b5
4292,55.917644524,7.172980,30,v2,88000000ffffffffffffa8dd9f4dc5b5
4293,55.924706314,7.061790,30,v2,88000000ffffffffffffa8dd9f4dc5b5
4294,55.931727345,7.021031,30,v2,88000000ffffffffffffa8dd9f4dc5b5
4295,55.937880317,6.152972,30,v2,88000000ffffffffffffa8dd9f4dc5b5
4296,55.943963558,6.083241,30,v2,88000000ffffffffffffa8dd9f4dc5b5
4297,55.951201762,7.238204,30,v2,88000000ffffffffffffa8dd9f4dc5b5
4298,55.957217574,6.015812,30,v2,88000000ffffffffffffa8dd9f4dc5b5
4299,55.964251156,7.033582,30,v2,88000000ffffffffffffa8dd9f4dc5b5
4300,55.970480152,6.228996,30,v2,88000000ffffffffffffa8dd9f4dc5b5
4301,55.976494436,6.014284,30,v2,88000000ffffffffffffa8dd9f4dc5b5
4302,55.983718264,7.223828,30,v2,88000000ffffffffffffa8dd9f4dc5b5
4303,55.989898945,6.180681,30,v2,88000000ffffffffffffa8dd9f4dc5b5
4304,55.996853249,6.954304,30,v2,88000000ffffffffffffa8dd9f4dc5b5
4305,56.002899564,6.046315,30,v2,88000000ffffffffffffa8dd9f4dc5b5
4306,56.009190646,6.291082,30,v2,88000000ffffffffffffa8dd9f4dc5b5
4307,56.016021931,6.831285,30,v2,88000000ffffffffffffa8dd9f4dc5b5
4308,56.022127365,6.105434,30,v2,88000000ffffffffffffa8dd9f4dc5b5
4309,56.029546078,7.418713,30,v2,88000000ffffffffffffa8dd9f4dc5b5
4310,56.035854179,6.308101,30,v2,88000000ffffffffffffa8dd9f4dc5b5
4311,56.041763542,5.909363,30,v2,88000000ffffffffffffa8dd9f4dc5b5
4312,56.048835418,7.071876,30,v2,88000000ffffffffffffa8dd9f4dc5b5
4313,56.055777953,6.942535,30,v2,88000000ffffffffffffa8dd9f4dc5b5
4314,56.063002979,7.225026,30,v2,88000000ffffffffffffa8dd9f4dc5b5
4315,56.068840342,5.837363,30,v2,88000000ffffffffffffa8dd9f4dc5b5
4316,56.075131412,6.291070,30,v2,88000000ffffffffffffa8dd9f4dc5b5
4317,56.082210266,7.078854,30,v2,88000000ffffffffffffa8dd9f4dc5b5
4318,56.088444470,6.234204,30,v2,88000000ffffffffffffa8dd9f4dc5b5
4319,56.095446747,7.002277,30,v2,88000000ffffffffffffa8dd9f4dc5b5
4320,56.101706249,6.259502,30,v2,88000000ffffffffffffa8dd9f4dc5b5
4321,56.107494714,5.788465,30,v2,88000000ffffffffffffa8dd9f4dc5b5
4322,56.114738496,7.243782,30,v2,88000000ffffffffffffa8dd9f4dc5b5
4323,56.120911799,6.173303,30,v2,88000000ffffffffffffa8dd9f4dc5b5
4324,56.127922301,7.010502,30,v2,88000000ffffffffffffa8dd9f4dc5b5
4325,56.134025051,6.102750,30,v2,88000000ffffffffffffa8dd9f4dc5b5
4326,56.140085429,6.060378,30,v2,88000000ffffffffffffa8dd9f4dc5b5
4327,56.147203033,7.117604,30,v2,88000000ffffffffffffa8dd9f4dc5b5
4328,56.153322434,6.119401,30,v2,88000000ffffffffffffa8dd9f4dc5b5
4329,56.160353543,7.031109,30,v2,88000000ffffffffffffa8dd9f4dc5b5
4330,56.166428346,6.074803,30,v2,88000000ffffffffffffa8dd9f4dc5b5
4331,56.172605179,6.176833,30,v2,88000000ffffffffffffa8dd9f4dc5b5
4332,56.179647176,7.041997,30,v2,88000000ffffffffffffa8dd9f4dc5b5
4333,56.186813455,7.166279,30,v2,88000000ffffffffffffa8dd9f4dc5b5
4334,56.193904406,7.090951,30,v2,88000000ffffffffffffa8dd9f4dc5b5
4335,56.200071210,6.166804,30,v2,88000000ffffffffffffa8dd9f4dc5b5
4336,56.206331836,6.260626,30,v2,88000000ffffffffffffa8dd9f4dc5b5
4337,56.213398638,7.066802,30,v2,88000000ffffffffffffa8dd9f4dc5b5
4338,56.219291413,5.892775,30,v2,88000000ffffffffffffa8dd9f4dc5b5
4339,56.226743651,7.452238,30,v2,88000000ffffffffffffa8dd9f4dc5b5
4340,56.232869897,6.126246,30,v2,88000000ffffffffffffa8dd9f4dc5b5
4341,56.239069395,6.199498,30,v2,88000000ffffffffffffa8dd9f4dc5b5
4342,56.246406733,7.337338,30,v2,88000000ffffffffffffa8dd9f4dc5b5
4343,56.251963175,5.556442,30,v2,88000000ffffffffffffa8dd9f4dc5b5
4344,56.581209071,329.245896,30,v2,88000000ffffffffffffa8dd9f4dc5b5
4345,56.588129180,6.920109,30,v2,88000000ffffffffffffa8dd9f4dc5b5
4346,56.594213194,6.084014,30,v2,88000000ffffffffffffa8dd9f4dc5b5
4347,56.600450004,6.236810,30,v2,88000000ffffffffffffa8dd9f4dc5b5
4348,56.607466447,7.016443,30,v2,88000000ffffffffffffa8dd9f4dc5b5
4349,56.613583797,6.117350,30,v2,88000000ffffffffffffa8dd9f4dc5b5
4350,56.619654168,6.070371,30,v2,88000000ffffffffffffa8dd9f4dc5b5
4351,56.625944130,6.289962,30,v2,88000000ffffffffffffa8dd9f4dc5b5
4352,56.632833930,6.889800,30,v2,88000000ffffffffffffa8dd9f4dc5b5
4353,56.639007979,6.174049,30,v2,88000000ffffffffffffa8dd9f4dc5b5
4354,56.644988624,5.980645,30,v2,88000000ffffffffffffa8dd9f4dc5b5
4355,56.652094523,7.105899,30,v2,88000000ffffffffffffa8dd9f4dc5b5
4356,56.658383082,6.288559,30,v2,88000000ffffffffffffa8dd9f4dc5b5
4357,56.664433351,6.050269,30,v2,88000000ffffffffffffa8dd9f4dc5b5
4358,56.671439656,7.006305,30,v2,88000000ffffffffffffa8dd9f4dc5b5
4359,56.677478314,6.038658,30,v2,88000000ffffffffffffa8dd9f4dc5b5
4360,56.683543543,6.065229,30,v2,88000000ffffffffffffa8dd9f4dc5b5
4361,56.689742925,6.199382,30,v2,88000000ffffffffffffa8dd9f4dc5b5
4362,56.696826509,7.083584,30,v2,88000000ffffffffffffa8dd9f4dc5b5
4363,56.704933468,8.106959,30,v2,88000000ffffffffffffa8dd9f4dc5b5
4364,56.711045125,6.111657,30,v2,88000000ffffffffffffa8dd9f4dc5b5
4365,56.717194010,6.148885,30,v2,88000000ffffffffffffa8dd9f4dc5b5
4366,56.723314511,6.120501,30,v2,88000000ffffffffffffa8dd9f4dc5b5
4367,56.730456495,7.141984,30,v2,88000000ffffffffffffa8dd9f4dc5b5
4368,56.736464677,6.008182,30,v2,88000000ffffffffffffa8dd9f4dc5b5
4369,56.742887582,6.422905,30,v2,88000000ffffffffffffa8dd9f4dc5b5
4370,56.749809618,6.922036,30,v2,88000000ffffffffffffa8dd9f4dc5b5
4371,56.755837565,6.027947,30,v2,88000000ffffffffffffa8dd9f4dc5b5
4372,56.761867026,6.029461,30,v2,88000000ffffffffffffa8dd9f4dc5b5
4373,56.769072027,7.205001,30,v2,88000000ffffffffffffa8dd9f4dc5b5
4374,56.775105806,6.033779,30,v2,88000000ffffffffffffa8dd9f4dc5b5
4375,56.781162905,6.057099,30,v2,88000000ffffffffffffa8dd9f4dc5b5
4376,56.787434205,6.271300,30,v2,88000000ffffffffffffa8dd9f4dc5b5
4377,56.794499436,7.065231,30,v2,88000000ffffffffffffa8dd9f4dc5b5
4378,56.800491177,5.991741,30,v2,88000000ffffffffffffa8dd9f4dc5b5
4379,56.806437713,5.946536,30,v2,88000000ffffffffffffa8dd9f4dc5b5
4380,56.813643441,7.205728,30,v2,88000000ffffffffffffa8dd9f4dc5b5
4381,56.820009440,6.365999,30,v2,88000000ffffffffffffa8dd9f4dc5b5
4382,56.825768915,5.759475,30,v2,88000000ffffffffffffa8dd9f4dc5b5
4383,56.833051325,7.282410,30,v2,88000000ffffffffffffa8dd9f4dc5b5
4384,56.842111408,9.060083,30,v2,88000000ffffffffffffa8dd9f4dc5b5
4385,56.846108642,3.997234,30,v2,88000000ffffffffffffa8dd9f4dc5b5
4386,56.852609912,6.501270,30,v2,88000000ffffffffffffa8dd9f4dc5b5
4387,56.859592526,6.982614,30,v2,88000000ffffffffffffa8dd9f4dc5b5
4388,56.865611967,6.019441,30,v2,88000000ffffffffffffa8dd9f4dc5b5
4389,56.871554877,5.942910,30,v2,88000000ffffffffffffa8dd9f4dc5b5
4390,56.878566939,7.012062,30,v2,88000000ffffffffffffa8dd9f4dc5b5
4391,56.884763165,6.196226,30,v2,88000000ffffffffffffa8dd9f4dc5b5
4392,56.890928816,6.165651,30,v2,88000000ffffffffffffa8dd9f4dc5b5
4393,56.896933135,6.004319,30,v2,88000000ffffffffffffa8dd9f4dc5b5
4394,56.904075688,7.142553,30,v2,88000000ffffffffffffa8dd9f4dc5b5
4395,56.910200777,6.125089,30,v2,88000000ffffffffffffa8dd9f4dc5b5
4396,56.916513704,6.312927,30,v2,88000000ffffffffffffa8dd9f4dc5b5
4397,56.923459597,6.945893,30,v2,88000000ffffffffffffa8dd9f4dc5b5
4398,56.929831706,6.372109,30,v2,88000000ffffffffffffa8dd9f4dc5b5
4399,56.935697520,5.865814,30,v2,88000000ffffffffffffa8dd9f4dc5b5
4400,56.942703338,7.005818,30,v2,88000000ffffffffffffa8dd9f4dc5b5
4401,56.948722622,6.019284,30,v2,88000000ffffffffffffa8dd9f4dc5b5
4402,56.955053890,6.331268,30,v2,88000000ffffffffffffa8dd9f4dc5b5
4403,56.962060087,7.006197,30,v2,88000000ffffffffffffa8dd9f4dc5b5
4404,56.969194819,7.134732,30,v2,88000000ffffffffffffa8dd9f4dc5b5
4405,56.975138143,5.943324,30,v2,88000000ffffffffffffa8dd9f4dc5b5
4406,56.981426867,6.288724,30,v2,88000000ffffffffffffa8dd9f4dc5b5
4407,56.988485194,7.058327,30,v2,88000000ffffffffffffa8dd9f4dc5b5
4408,56.994503192,6.017998,30,v2,88000000ffffffffffffa8dd9f4dc5b5
4409,57.000559697,6.056505,30,v2,88000000ffffffffffffa8dd9f4dc5b5
4410,57.007671975,7.112278,30,v2,88000000ffffffffffffa8dd9f4dc5b5
4411,57.013748087,6.076112,30,v2,88000000ffffffffffffa8dd9f4dc5b5
4412,57.019835964,6.087877,30,v2,88000000ffffffffffffa8dd9f4dc5b5
4413,57.027202119,7.366155,30,v2,88000000ffffffffffffa8dd9f4dc5b5
4414,57.033221052,6.018933,30,v2,88000000ffffffffffffa8dd9f4dc5b5
4415,57.039262276,6.041224,30,v2,88000000ffffffffffffa8dd9f4dc5b5
4416,57.046289113,7.026837,30,v2,88000000ffffffffffffa8dd9f4dc5b5
4417,57.052411412,6.122299,30,v2,88000000ffffffffffffa8dd9f4dc5b5
4418,57.058500286,6.088874,30,v2,88000000ffffffffffffa8dd9f4dc5b5
4419,57.064604493,6.104207,30,v2,88000000ffffffffffffa8dd9f4dc5b5
4420,57.071624224,7.019731,30,v2,88000000ffffffffffffa8dd9f4dc5b5
4421,57.077845712,6.221488,30,v2,88000000ffffffffffffa8dd9f4dc5b5
4422,57.083820127,5.974415,30,v2,88000000ffffffffffffa8dd9f4dc5b5
4423,57.092033423,8.213296,30,v2,88000000ffffffffffffa8dd9f4dc5b5
4424,57.098134515,6.101092,30,v2,88000000ffffffffffffa8dd9f4dc5b5
4425,57.104196264,6.061749,30,v2,88000000ffffffffffffa8dd9f4dc5b5
4426,57.111435729,7.239465,30,v2,88000000ffffffffffffa8dd9f4dc5b5
4427,57.117462163,6.026434,30,v2,88000000ffffffffffffa8dd9f4dc5b5
4428,57.123611848,6.149685,30,v2,88000000ffffffffffffa8dd9f4dc5b5
4429,57.130511375,6.899527,30,v2,88000000ffffffffffffa8dd9f4dc5b5
4430,57.136668655,6.157280,30,v2,88000000ffffffffffffa8dd9f4dc5b5
4431,57.142871833,6.203178,30,v2,88000000ffffffffffffa8dd9f4dc5b5
4432,57.149025877,6.154044,30,v2,88000000ffffffffffffa8dd9f4dc5b5
4433,57.156149704,7.123827,30,v2,88000000ffffffffffffa8dd9f4dc5b5
4434,57.162182234,6.032530,30,v2,88000000ffffffffffffa8dd9f4dc5b5
4435,57.168273861,6.091627,30,v2,88000000ffffffffffffa8dd9f4dc5b5
4436,57.175316115,7.042254,30,v2,88000000ffffffffffffa8dd9f4dc5b5
4437,57.181418697,6.102582,30,v2,88000000ffffffffffffa8dd9f4dc5b5
4438,57.187586279,6.167582,30,v2,88000000ffffffffffffa8dd9f4dc5b5
4439,57.194603724,7.017445,30,v2,88000000ffffffffffffa8dd9f4dc5b5
4440,57.201151742,6.548018,30,v2,88000000ffffffffffffa8dd9f4dc5b5
4441,57.206822033,5.670291,30,v2,88000000ffffffffffffa8dd9f4dc5b5
4442,57.213028933,6.206900,30,v2,88000000ffffffffffffa8dd9f4dc5b5
4443,57.220080364,7.051431,30,v2,88000000ffffffffffffa8dd9f4dc5b5
4444,57.549240812,329.160448,30,v2,88000000ffffffffffffa8dd9f4dc5b5
4445,57.555413762,6.172950,30,v2,88000000ffffffffffffa8dd9f4dc5b5
4446,57.561658836,6.245074,30,v2,88000000ffffffffffffa8dd9f4dc5b5
4447,57.567646285,5.987449,30,v2,88000000ffffffffffffa8dd9f4dc5b5
4448,57.573594483,5.948198,30,v2,88000000ffffffffffffa8dd9f4dc5b5
4449,57.579796954,6.202471,30,v2,88000000ffffffffffffa8dd9f4dc5b5
4450,57.586774925,6.977971,30,v2,88000000ffffffffffffa8dd9f4dc5b5
4451,57.592941327,6.166402,30,v2,88000000ffffffffffffa8dd9f4dc5b5
4452,57.599138444,6.197117,30,v2,88000000ffffffffffffa8dd9f4dc5b5
4453,57.605398022,6.259578,30,v2,88000000ffffffffffffa8dd9f4dc5b5
4454,57.613261136,7.863114,30,v2,88000000ffffffffffffa8dd9f4dc5b5
4455,57.619456450,6.195314,30,v2,88000000ffffffffffffa8dd9f4dc5b5
4456,57.625743413,6.286963,30,v2,88000000ffffffffffffa8dd9f4dc5b5
4457,57.631731996,5.988583,30,v2,88000000ffffffffffffa8dd9f4dc5b5
4458,57.637619258,5.887262,30,v2,88000000ffffffffffffa8dd9f4dc5b5
4459,57.644746721,7.127463,30,v2,88000000ffffffffffffa8dd9f4dc5b5
4460,57.650818438,6.071717,30,v2,88000000ffffffffffffa8dd9f4dc5b5
4461,57.656934281,6.115843,30,v2,88000000ffffffffffffa8dd9f4dc5b5
4462,57.663081209,6.146928,30,v2,88000000ffffffffffffa8dd9f4dc5b5
4463,57.669394644,6.313435,30,v2,88000000ffffffffffffa8dd9f4dc5b5
4464,57.676235689,6.841045,30,v2,88000000ffffffffffffa8dd9f4dc5b5
4465,57.682331290,6.095601,30,v2,88000000ffffffffffffa8dd9f4dc5b5
4466,57.688443489,6.112199,30,v2,88000000ffffffffffffa8dd9f4dc5b5
4467,57.694670835,6.227346,30,v2,88000000ffffffffffffa8dd9f4dc5b5
4468,57.701683322,7.012487,30,v2,88000000ffffffffffffa8dd9f4dc5b5
4469,57.707820152,6.136830,30,v2,88000000ffffffffffffa8dd9f4dc5b5
4470,57.713831373,6.011221,30,v2,88000000ffffffffffffa8dd9f4dc5b5
4471,57.720865202,7.033829,30,v2,88000000ffffffffffffa8dd9f4dc5b5
4472,57.727049161,6.183959,30,v2,88000000ffffffffffffa8dd9f4dc5b5
4473,57.733120385,6.071224,30,v2,88000000ffffffffffffa8dd9f4dc5b5
4474,57.739260019,6.139634,30,v2,88000000ffffffffffffa8dd9f4dc5b5
4475,57.746607897,7.347878,30,v2,88000000ffffffffffffa8dd9f4dc5b5
4476,57.753529430,6.921533,30,v2,88000000ffffffffffffa8dd9f4dc5b5
4477,57.759554121,6.024691,30,v2,88000000ffffffffffffa8dd9f4dc5b5
4478,57.765592723,6.038602,30,v2,88000000ffffffffffffa8dd9f4dc5b5
4479,57.771745386,6.152663,30,v2,88000000ffffffffffffa8dd9f4dc5b5
4480,57.777871308,6.125922,30,v2,88000000ffffffffffffa8dd9f4dc5b5
4481,57.784884475,7.013167,30,v2,88000000ffffffffffffa8dd9f4dc5b5
4482,57.791130761,6.246286,30,v2,88000000ffffffffffffa8dd9f4dc5b5
4483,57.797275455,6.144694,30,v2,88000000ffffffffffffa8dd9f4dc5b5
4484,57.803348910,6.073455,30,v2,88000000ffffffffffffa8dd9f4dc5b5
4485,57.809453187,6.104277,30,v2,88000000ffffffffffffa8dd9f4dc5b5
4486,57.816694598,7.241411,30,v2,88000000ffffffffffffa8dd9f4dc5b5
4487,57.822570272,5.875674,30,v2,88000000ffffffffffffa8dd9f4dc5b5
4488,57.828697643,6.127371,30,v2,88000000ffffffffffffa8dd9f4dc5b5
4489,57.834716161,6.018518,30,v2,88000000ffffffffffffa8dd9f4dc5b5
4490,57.841788172,7.072011,30,v2,88000000ffffffffffffa8dd9f4dc5b5
4491,57.848044276,6.256104,30,v2,88000000ffffffffffffa8dd9f4dc5b5
4492,57.854147775,6.103499,30,v2,88000000ffffffffffffa8dd9f4dc5b5
4493,57.860208891,6.061116,30,v2,88000000ffffffffffffa8dd9f4dc5b5
4494,57.867284768,7.075877,30,v2,88000000ffffffffffffa8dd9f4dc5b5
4495,57.874496535,7.211767,30,v2,88000000ffffffffffffa8dd9f4dc5b5
4496,57.880487570,5.991035,30,v2,88000000ffffffffffffa8dd9f4dc5b5
4497,57.886514731,6.027161,30,v2,88000000ffffffffffffa8dd9f4dc5b5
4498,57.892821485,6.306754,30,v2,88000000ffffffffffffa8dd9f4dc5b5
4499,57.899092530,6.271045,30,v2,88000000ffffffffffffa8dd9f4dc5b5
4500,57.905868863,6.776333,30,v2,88000000ffffffffffffa8dd9f4dc5b5
4501,57.912300299,6.431436,30,v2,88000000ffffffffffffa8dd9f4dc5b5
4502,57.918426397,6.126098,30,v2,88000000ffffffffffffa8dd9f4dc5b5
4503,57.924361398,5.935001,30,v2,88000000ffffffffffffa8dd9f4dc5b5
4504,57.931499997,7.138599,30,v2,88000000ffffffffffffa8dd9f4dc5b5
4505,57.937539938,6.039941,30,v2,88000000ffffffffffffa8dd9f4dc5b5
4506,57.943594493,6.054555,30,v2,88000000ffffffffffffa8dd9f4dc5b5
4507,57.949615934,6.021441,30,v2,88000000ffffffffffffa8dd9f4dc5b5
4508,57.955920644,6.304710,30,v2,88000000ffffffffffffa8dd9f4dc5b5
4509,57.962924308,7.003664,30,v2,88000000ffffffffffffa8dd9f4dc5b5
4510,57.969040776,6.116468,30,v2,88000000ffffffffffffa8dd9f4dc5b5
4511,57.974877138,5.836362,30,v2,88000000ffffffffffffa8dd9f4dc5b5
4512,57.981095856,6.218718,30,v2,88000000ffffffffffffa8dd9f4dc5b5
4513,57.987126909,6.031053,30,v2,88000000ffffffffffffa8dd9f4dc5b5
4514,57.994243069,7.116160,30,v2,88000000ffffffffffffa8dd9f4dc5b5
4515,58.000402025,6.158956,30,v2,88000000ffffffffffffa8dd9f4dc5b5
4516,58.007575749,7.173724,30,v2,88000000ffffffffffffa8dd9f4dc5b5
4517,58.013628793,6.053044,30,v2,88000000ffffffffffffa8dd9f4dc5b5
4518,58.019685463,6.056670,30,v2,88000000ffffffffffffa8dd9f4dc5b5
4519,58.026728799,7.043336,30,v2,88000000ffffffffffffa8dd9f4dc5b5
4520,58.032784444,6.055645,30,v2,88000000ffffffffffffa8dd9f4dc5b5
4521,58.038987353,6.202909,30,v2,88000000ffffffffffffa8dd9f4dc5b5
4522,58.045080712,6.093359,30,v2,88000000ffffffffffffa8dd9f4dc5b5
4523,58.052203938,7.123226,30,v2,88000000ffffffffffffa8dd9f4dc5b5
4524,58.058270483,6.066545,30,v2,88000000ffffffffffffa8dd9f4dc5b5
4525,58.064422104,6.151621,30,v2,88000000ffffffffffffa8dd9f4dc5b5
4526,58.070569861,6.147757,30,v2,88000000ffffffffffffa8dd9f4dc5b5
4527,58.076805669,6.235808,30,v2,88000000ffffffffffffa8dd9f4dc5b5
4528,58.082825209,6.019540,30,v2,88000000ffffffffffffa8dd9f4dc5b5
4529,58.090142447,7.317238,30,v2,88000000ffffffffffffa8dd9f4dc5b5
4530,58.096028546,5.886099,30,v2,88000000ffffffffffffa8dd9f4dc5b5
4531,58.101923155,5.894609,30,v2,88000000ffffffffffffa8dd9f4dc5b5
4532,58.108046622,6.123467,30,v2,88000000ffffffffffffa8dd9f4dc5b5
4533,58.114743275,6.696653,30,v2,88000000ffffffffffffa8dd9f4dc5b5
4534,58.121322865,6.579590,30,v2,88000000ffffffffffffa8dd9f4dc5b5
4535,58.127270245,5.947380,30,v2,88000000ffffffffffffa8dd9f4dc5b5
4536,58.134455359,7.185114,30,v2,88000000ffffffffffffa8dd9f4dc5b5
4537,58.140480704,6.025345,30,v2,88000000ffffffffffffa8dd9f4dc5b5
4538,58.147574927,7.094223,30,v2,88000000ffffffffffffa8dd9f4dc5b5
4539,58.153835238,6.260311,30,v2,88000000ffffffffffffa8dd9f4dc5b5
4540,58.159949012,6.113774,30,v2,88000000ffffffffffffa8dd9f4dc5b5
4541,58.166034129,6.085117,30,v2,88000000ffffffffffffa8dd9f4dc5b5
4542,58.172053501,6.019372,30,v2,88000000ffffffffffffa8dd9f4dc5b5
4543,58.179005093,6.951592,30,v2,88000000ffffffffffffa8dd9f4dc5b5
4544,58.507534511,328.529418,30,v2,88000000ffffffffffffa8dd9f4dc5b5
4545,58.514037856,6.503345,30,v2,88000000ffffffffffffa8dd9f4dc5b5
4546,58.519659685,5.621829,30,v2,88000000ffffffffffffa8dd9f4dc5b5
4547,58.526596863,6.937178,30,v2,88000000ffffffffffffa8dd9f4dc5b5
4548,58.532840281,6.243418,30,v2,88000000ffffffffffffa8dd9f4dc5b5
4549,58.539956295,7.116014,30,v2,88000000ffffffffffffa8dd9f4dc5b5
4550,58.546089952,6.133657,30,v2,88000000ffffffffffffa8dd9f4dc5b5
4551,58.553015115,6.925163,30,v2,88000000ffffffffffffa8dd9f4dc5b5
4552,58.558084247,5.069132,30,v2,88000000ffffffffffffa8dd9f4dc5b5
4553,58.564393158,6.308911,30,v2,88000000ffffffffffffa8dd9f4dc5b5
4554,58.570523366,6.130208,30,v2,88000000ffffffffffffa8dd9f4dc5b5
4555,58.576644271,6.120905,30,v2,88000000ffffffffffffa8dd9f4dc5b5
4556,58.583176419,6.532148,30,v2,88000000ffffffffffffa8dd9f4dc5b5
4557,58.588544935,5.368516,30,v2,88000000ffffffffffffa8dd9f4dc5b5
4558,58.594679412,6.134477,30,v2,88000000ffffffffffffa8dd9f4dc5b5
4559,58.601060479,6.381067,30,v2,88000000ffffffffffffa8dd9f4dc5b5
4560,58.608121292,7.060813,30,v2,88000000ffffffffffffa8dd9f4dc5b5
4561,58.614388273,6.266981,30,v2,88000000ffffffffffffa8dd9f4dc5b5
4562,58.620668933,6.280660,30,v2,88000000ffffffffffffa8dd9f4dc5b5
4563,58.626481504,5.812571,30,v2,88000000ffffffffffffa8dd9f4dc5b5
4564,58.632315047,5.833543,30,v2,88000000ffffffffffffa8dd9f4dc5b5
4565,58.639807241,7.492194,30,v2,88000000ffffffffffffa8dd9f4dc5b5
4566,58.644793290,4.986049,30,v2,88000000ffffffffffffa8dd9f4dc5b5
4567,58.650818783,6.025493,30,v2,88000000ffffffffffffa8dd9f4dc5b5
4568,58.659189452,8.370669,30,v2,88000000ffffffffffffa8dd9f4dc5b5
4569,58.664777056,5.587604,30,v2,88000000ffffffffffffa8dd9f4dc5b5
4570,58.670905969,6.128913,30,v2,88000000ffffffffffffa8dd9f4dc5b5
4571,58.677023372,6.117403,30,v2,88000000ffffffffffffa8dd9f4dc5b5
4572,58.683242512,6.219140,30,v2,88000000ffffffffffffa8dd9f4dc5b5
4573,58.689483896,6.241384,30,v2,88000000ffffffffffffa8dd9f4dc5b5
4574,58.695509057,6.025161,30,v2,88000000ffffffffffffa8dd9f4dc5b5
4575,58.701458423,5.949366,30,v2,88000000ffffffffffffa8dd9f4dc5b5
4576,58.708710755,7.252332,30,v2,88000000ffffffffffffa8dd9f4dc5b5
4577,58.714507898,5.797143,30,v2,88000000ffffffffffffa8dd9f4dc5b5
4578,58.720579806,6.071908,30,v2,88000000ffffffffffffa8dd9f4dc5b5
4579,58.726748728,6.168922,30,v2,88000000ffffffffffffa8dd9f4dc5b5
4580,58.732920069,6.171341,30,v2,88000000ffffffffffffa8dd9f4dc5b5
4581,58.739005682,6.085613,30,v2,88000000ffffffffffffa8dd9f4dc5b5
4582,58.745013566,6.007884,30,v2,88000000ffffffffffffa8dd9f4dc5b5
4583,58.751167438,6.153872,30,v2,88000000ffffffffffffa8dd9f4dc5b5
4584,58.758317068,7.149630,30,v2,88000000ffffffffffffa8dd9f4dc5b5
4585,58.766328897,8.011829,30,v2,88000000ffffffffffffa8dd9f4dc5b5
4586,58.770550812,4.221915,30,v2,88000000ffffffffffffa8dd9f4dc5b5
4587,58.776619725,6.068913,30,v2,88000000ffffffffffffa8dd9f4dc5b5
4588,58.783638026,7.018301,30,v2,88000000ffffffffffffa8dd9f4dc5b5
4589,58.789777470,6.139444,30,v2,88000000ffffffffffffa8dd9f4dc5b5
4590,58.796307343,6.529873,30,v2,88000000ffffffffffffa8dd9f4dc5b5
4591,58.802415715,6.108372,30,v2,88000000ffffffffffffa8dd9f4dc5b5
4592,58.808149453,5.733738,30,v2,88000000ffffffffffffa8dd9f4dc5b5
4593,58.814138370,5.988917,30,v2,88000000ffffffffffffa8dd9f4dc5b5
4594,58.820506854,6.368484,30,v2,88000000ffffffffffffa8dd9f4dc5b5
4595,58.827378257,6.871403,30,v2,88000000ffffffffffffa8dd9f4dc5b5
4596,58.833524764,6.146507,30,v2,88000000ffffffffffffa8dd9f4dc5b5
4597,58.839511730,5.986966,30,v2,88000000ffffffffffffa8dd9f4dc5b5
4598,58.845696526,6.184796,30,v2,88000000ffffffffffffa8dd9f4dc5b5
4599,58.851688338,5.991812,30,v2,88000000ffffffffffffa8dd9f4dc5b5
4600,58.857709098,6.020760,30,v2,88000000ffffffffffffa8dd9f4dc5b5
4601,58.863982678,6.273580,30,v2,88000000ffffffffffffa8dd9f4dc5b5
4602,58.870042426,6.059748,30,v2,88000000ffffffffffffa8dd9f4dc5b5
4603,58.881316481,11.274055,99,v2,1c000000aadd9f4dc5b5682133030000
4604,58.887498059,6.181578,30,v2,88000000ffffffffffffa8dd9f4dc5b5
4605,58.893594452,6.096393,30,v2,88000000ffffffffffffa8dd9f4dc5b5
4606,58.899711877,6.117425,30,v2,88000000ffffffffffffa8dd9f4dc5b5
4607,58.905745581,6.033704,30,v2,88000000ffffffffffffa8dd9f4dc5b5
4608,58.912779905,7.034324,30,v2,88000000ffffffffffffa8dd9f4dc5b5
4609,58.918833334,6.053429,30,v2,88000000ffffffffffffa8dd9f4dc5b5
4610,58.924994350,6.161016,30,v2,88000000ffffffffffffa8dd9f4dc5b5
4611,58.931323421,6.329071,30,v2,88000000ffffffffffffa8dd9f4dc5b5
4612,58.937965773,6.642352,30,v2,88000000ffffffffffffa8dd9f4dc5b5
4613,58.943127798,5.162025,30,v2,88000000ffffffffffffa8dd9f4dc5b5
4614,58.950272898,7.145100,30,v2,88000000ffffffffffffa8dd9f4dc5b5
4615,58.956454607,6.181709,30,v2,88000000ffffffffffffa8dd9f4dc5b5
4616,58.962548059,6.093452,30,v2,88000000ffffffffffffa8dd9f4dc5b5
4617,58.968597822,6.049763,30,v2,88000000ffffffffffffa8dd9f4dc5b5
4618,58.974679780,6.081958,30,v2,88000000ffffffffffffa8dd9f4dc5b5
4619,58.980862191,6.182411,30,v2,88000000ffffffffffffa8dd9f4dc5b5
4620,58.987020345,6.158154,30,v2,88000000ffffffffffffa8dd9f4dc5b5
4621,58.993272417,6.252072,30,v2,88000000ffffffffffffa8dd9f4dc5b5
4622,59.000010499,6.738082,30,v2,88000000ffffffffffffa8dd9f4dc5b5
4623,59.006113585,6.103086,30,v2,88000000ffffffffffffa8dd9f4dc5b5
4624,59.012241743,6.128158,30,v2,88000000ffffffffffffa8dd9f4dc5b5
4625,59.018611084,6.369341,30,v2,88000000ffffffffffffa8dd9f4dc5b5
4626,59.024701667,6.090583,30,v2,88000000ffffffffffffa8dd9f4dc5b5
4627,59.030799520,6.097853,30,v2,88000000ffffffffffffa8dd9f4dc5b5
4628,59.036603904,5.804384,30,v2,88000000ffffffffffffa8dd9f4dc5b5
4629,59.043966422,7.362518,30,v2,88000000ffffffffffffa8dd9f4dc5b5
4630,59.049946998,5.980576,30,v2,88000000ffffffffffffa8dd9f4dc5b5
4631,59.055939068,5.992070,30,v2,88000000ffffffffffffa8dd9f4dc5b5
4632,59.062281619,6.342551,30,v2,88000000ffffffffffffa8dd9f4dc5b5
4633,59.069439056,7.157437,30,v2,88000000ffffffffffffa8dd9f4dc5b5
4634,59.075490622,6.051566,30,v2,88000000ffffffffffffa8dd9f4dc5b5
4635,59.081347137,5.856515,30,v2,88000000ffffffffffffa8dd9f4dc5b5
4636,59.087803590,6.456453,30,v2,88000000ffffffffffffa8dd9f4dc5b5
4637,59.093550265,5.746675,30,v2,88000000ffffffffffffa8dd9f4dc5b5
4638,59.099939387,6.389122,30,v2,88000000ffffffffffffa8dd9f4dc5b5
4639,59.105913487,5.974100,30,v2,88000000ffffffffffffa8dd9f4dc5b5
4640,59.111976561,6.063074,30,v2,88000000ffffffffffffa8dd9f4dc5b5
4641,59.119206320,7.229759,30,v2,88000000ffffffffffffa8dd9f4dc5b5
4642,59.125121836,5.915516,30,v2,88000000ffffffffffffa8dd9f4dc5b5
4643,59.131016660,5.894824,30,v2,88000000ffffffffffffa8dd9f4dc5b5
4644,59.460361761,329.345101,30,v2,88000000ffffffffffffa8dd9f4dc5b5
4645,59.466309856,5.948095,30,v2,88000000ffffffffffffa8dd9f4dc5b5
4646,59.472609627,6.299771,30,v2,88000000ffffffffffffa8dd9f4dc5b5
4647,59.478591731,5.982104,30,v2,88000000ffffffffffffa8dd9f4dc5b5
4648,59.484720419,6.128688,30,v2,88000000ffffffffffffa8dd9f4dc5b5
4649,59.490845450,6.125031,30,v2,88000000ffffffffffffa8dd9f4dc5b5
4650,59.497127215,6.281765,30,v2,88000000ffffffffffffa8dd9f4dc5b5
4651,59.503082457,5.955242,30,v2,88000000ffffffffffffa8dd9f4dc5b5
4652,59.509060135,5.977678,30,v2,88000000ffffffffffffa8dd9f4dc5b5
4653,59.515120174,6.060039,30,v2,88000000ffffffffffffa8dd9f4dc5b5
4654,59.521209477,6.089303,30,v2,88000000ffffffffffffa8dd9f4dc5b5
4655,59.529413778,8.204301,30,v2,88000000ffffffffffffa8dd9f4dc5b5
4656,59.533716774,4.302996,30,v2,88000000ffffffffffffa8dd9f4dc5b5
4657,59.541369226,7.652452,30,v2,88000000ffffffffffffa8dd9f4dc5b5
4658,59.545634257,4.265031,30,v2,88000000ffffffffffffa8dd9f4dc5b5
4659,59.551776803,6.142546,30,v2,88000000ffffffffffffa8dd9f4dc5b5
4660,59.557906644,6.129841,30,v2,88000000ffffffffffffa8dd9f4dc5b5
4661,59.565022554,7.115910,30,v2,88000000ffffffffffffa8dd9f4dc5b5
4662,59.571138792,6.116238,30,v2,88000000ffffffffffffa8dd9f4dc5b5
4663,59.577404084,6.265292,30,v2,88000000ffffffffffffa8dd9f4dc5b5
4664,59.583422814,6.018730,30,v2,88000000ffffffffffffa8dd9f4dc5b5
4665,59.589508034,6.085220,30,v2,88000000ffffffffffffa8dd9f4dc5b5
4666,59.595443573,5.935539,30,v2,88000000ffffffffffffa8dd9f4dc5b5
4667,59.601472121,6.028548,30,v2,88000000ffffffffffffa8dd9f4dc5b5
4668,59.608133727,6.661606,30,v2,88000000ffffffffffffa8dd9f4dc5b5
4669,59.613672980,5.539253,30,v2,88000000ffffffffffffa8dd9f4dc5b5
4670,59.619828543,6.155563,30,v2,88000000ffffffffffffa8dd9f4dc5b5
4671,59.625890448,6.061905,30,v2,88000000ffffffffffffa8dd9f4dc5b5
4672,59.632121123,6.230675,30,v2,88000000ffffffffffffa8dd9f4dc5b5
4673,59.638345908,6.224785,30,v2,88000000ffffffffffffa8dd9f4dc5b5
4674,59.644257866,5.911958,30,v2,88000000ffffffffffffa8dd9f4dc5b5
4675,59.650426907,6.169041,30,v2,88000000ffffffffffffa8dd9f4dc5b5
4676,59.656493094,6.066187,30,v2,88000000ffffffffffffa8dd9f4dc5b5
4677,59.662473758,5.980664,30,v2,88000000ffffffffffffa8dd9f4dc5b5
4678,59.668542755,6.068997,30,v2,88000000ffffffffffffa8dd9f4dc5b5
4679,59.674704470,6.161715,30,v2,88000000ffffffffffffa8dd9f4dc5b5
4680,59.680807388,6.102918,30,v2,88000000ffffffffffffa8dd9f4dc5b5
4681,59.686868196,6.060808,30,v2,88000000ffffffffffffa8dd9f4dc5b5
4682,59.694285830,7.417634,30,v2,88000000ffffffffffffa8dd9f4dc5b5
4683,59.700223687,5.937857,30,v2,88000000ffffffffffffa8dd9f4dc5b5
4684,59.706224339,6.000652,30,v2,88000000ffffffffffffa8dd9f4dc5b5
4685,59.712417056,6.192717,30,v2,88000000ffffffffffffa8dd9f4dc5b5
4686,59.718315489,5.898433,30,v2,88000000ffffffffffffa8dd9f4dc5b5
4687,59.724768235,6.452746,30,v2,88000000ffffffffffffa8dd9f4dc5b5
4688,59.730492248,5.724013,30,v2,88000000ffffffffffffa8dd9f4dc5b5
4689,59.736620281,6.128033,30,v2,88000000ffffffffffffa8dd9f4dc5b5
4690,59.742845031,6.224750,30,v2,88000000ffffffffffffa8dd9f4dc5b5
4691,59.748893151,6.048120,30,v2,88000000ffffffffffffa8dd9f4dc5b5
4692,59.755233806,6.340655,30,v2,88000000ffffffffffffa8dd9f4dc5b5
4693,59.763188232,7.954426,30,v2,88000000ffffffffffffa8dd9f4dc5b5
4694,59.767301783,4.113551,30,v2,88000000ffffffffffffa8dd9f4dc5b5
4695,59.773222945,5.921162,30,v2,88000000ffffffffffffa8dd9f4dc5b5
4696,59.780330818,7.107873,30,v2,88000000ffffffffffffa8dd9f4dc5b5
4697,59.785702218,5.371400,30,v2,88000000ffffffffffffa8dd9f4dc5b5
4698,59.791717513,6.015295,30,v2,88000000ffffffffffffa8dd9f4dc5b5
4699,59.798665460,6.947947,30,v2,88000000ffffffffffffa8dd9f4dc5b5
4700,59.803732533,5.067073,30,v2,88000000ffffffffffffa8dd9f4dc5b5
4701,59.811259911,7.527378,30,v2,88000000ffffffffffffa8dd9f4dc5b5
4702,59.816930630,5.670719,30,v2,88000000ffffffffffffa8dd9f4dc5b5
4703,59.823120692,6.190062,30,v2,88000000ffffffffffffa8dd9f4dc5b5
4704,59.830149855,7.029163,30,v2,88000000ffffffffffffa8dd9f4dc5b5
4705,59.836215195,6.065340,30,v2,88000000ffffffffffffa8dd9f4dc5b5
4706,59.842271004,6.055809,30,v2,88000000ffffffffffffa8dd9f4dc5b5
4707,59.848432295,6.161291,30,v2,88000000ffffffffffffa8dd9f4dc5b5
4708,59.853776622,5.344327,30,v2,88000000ffffffffffffa8dd9f4dc5b5
4709,59.860585883,6.809261,30,v2,88000000ffffffffffffa8dd9f4dc5b5
4710,59.866634492,6.048609,30,v2,88000000ffffffffffffa8dd9f4dc5b5
4711,59.872776895,6.142403,30,v2,88000000ffffffffffffa8dd9f4dc5b5
4712,59.878945474,6.168579,30,v2,88000000ffffffffffffa8dd9f4dc5b5
4713,59.884958776,6.013302,30,v2,88000000ffffffffffffa8dd9f4dc5b5
4714,59.891054235,6.095459,30,v2,88000000ffffffffffffa8dd9f4dc5b5
4715,59.897178599,6.124364,30,v2,88000000ffffffffffffa8dd9f4dc5b5
4716,59.903639751,6.461152,30,v2,88000000ffffffffffffa8dd9f4dc5b5
4717,59.909600897,5.961146,30,v2,88000000ffffffffffffa8dd9f4dc5b5
4718,59.917348201,7.747304,30,v2,88000000ffffffffffffa8dd9f4dc5b5
4719,59.922134055,4.785854,30,v2,88000000ffffffffffffa8dd9f4dc5b5
4720,59.928955949,6.821894,30,v2,88000000ffffffffffffa8dd9f4dc5b5
4721,59.933962566,5.006617,30,v2,88000000ffffffffffffa8dd9f4dc5b5
4722,59.939907427,5.944861,30,v2,88000000ffffffffffffa8dd9f4dc5b5
4723,59.946050636,6.143209,30,v2,88000000ffffffffffffa8dd9f4dc5b5
4724,59.953248198,7.197562,30,v2,88000000ffffffffffffa8dd9f4dc5b5
4725,59.959357423,6.109225,30,v2,88000000ffffffffffffa8dd9f4dc5b5
4726,59.965231683,5.874260,30,v2,88000000ffffffffffffa8dd9f4dc5b5
4727,59.971447263,6.215580,30,v2,88000000ffffffffffffa8dd9f4dc5b5
4728,59.977466210,6.018947,30,v2,88000000ffffffffffffa8dd9f4dc5b5
4729,59.983501091,6.034881,30,v2,88000000ffffffffffffa8dd9f4dc5b5
4730,59.989877898,6.376807,30,v2,88000000ffffffffffffa8dd9f4dc5b5
4731,59.995791107,5.913209,30,v2,88000000ffffffffffffa8dd9f4dc5b5
4732,60.001870219,6.079112,30,v2,88000000ffffffffffffa8dd9f4dc5b5
4733,60.007954956,6.084737,30,v2,88000000ffffffffffffa8dd9f4dc5b5
4734,60.014039538,6.084582,30,v2,88000000ffffffffffffa8dd9f4dc5b5
4735,60.020153997,6.114459,30,v2,88000000ffffffffffffa8dd9f4dc5b5
4736,60.026246847,6.092850,30,v2,88000000ffffffffffffa8dd9f4dc5b5
4737,60.032403109,6.156262,30,v2,88000000ffffffffffffa8dd9f4dc5b5
4738,60.038518929,6.115820,30,v2,88000000ffffffffffffa8dd9f4dc5b5
4739,60.044605117,6.086188,30,v2,88000000ffffffffffffa8dd9f4dc5b5
4740,60.050912820,6.307703,30,v2,88000000ffffffffffffa8dd9f4dc5b5
4741,60.056944390,6.031570,30,v2,88000000ffffffffffffa8dd9f4dc5b5
4742,60.062801201,5.856811,30,v2,88000000ffffffffffffa8dd9f4dc5b5
4743,60.068930784,6.129583,30,v2,88000000ffffffffffffa8dd9f4dc5b5
4744,60.403241477,334.310693,30,v2,88000000ffffffffffffa8dd9f4dc5b5
4745,60.409282196,6.040719,30,v2,88000000ffffffffffffa8dd9f4dc5b5
4746,60.415279692,5.997496,30,v2,88000000ffffffffffffa8dd9f4dc5b5
4747,60.421455377,6.175685,30,v2,88000000ffffffffffffa8dd9f4dc5b5
4748,60.427574922,6.119545,30,v2,88000000ffffffffffffa8dd9f4dc5b5
4749,60.433669672,6.094750,30,v2,88000000ffffffffffffa8dd9f4dc5b5
4750,60.439732531,6.062859,30,v2,88000000ffffffffffffa8dd9f4dc5b5
4751,60.446020926,6.288395,30,v2,88000000ffffffffffffa8dd9f4dc5b5
4752,60.451987680,5.966754,30,v2,88000000ffffffffffffa8dd9f4dc5b5
4753,60.458041591,6.053911,30,v2,88000000ffffffffffffa8dd9f4dc5b5
4754,60.463198252,5.156661,30,v2,88000000ffffffffffffa8dd9f4dc5b5
4755,60.469225730,6.027478,30,v2,88000000ffffffffffffa8dd9f4dc5b5
4756,60.476345662,7.119932,30,v2,88000000ffffffffffffa8dd9f4dc5b5
4757,60.482469001,6.123339,30,v2,88000000ffffffffffffa8dd9f4dc5b5
4758,60.488536724,6.067723,30,v2,88000000ffffffffffffa8dd9f4dc5b5
4759,60.494588015,6.051291,30,v2,88000000ffffffffffffa8dd9f4dc5b5
4760,60.500806507,6.218492,30,v2,88000000ffffffffffffa8dd9f4dc5b5
4761,60.506739305,5.932798,30,v2,88000000ffffffffffffa8dd9f4dc5b5
4762,60.512984871,6.245566,30,v2,88000000ffffffffffffa8dd9f4dc5b5
4763,60.518916157,5.931286,30,v2,88000000ffffffffffffa8dd9f4dc5b5
4764,60.525078964,6.162807,30,v2,88000000ffffffffffffa8dd9f4dc5b5
4765,60.530251880,5.172916,30,v2,88000000ffffffffffffa8dd9f4dc5b5
4766,60.536348848,6.096968,30,v2,88000000ffffffffffffa8dd9f4dc5b5
4767,60.542600929,6.252081,30,v2,88000000ffffffffffffa8dd9f4dc5b5
4768,60.548752983,6.152054,30,v2,88000000ffffffffffffa8dd9f4dc5b5
4769,60.554621129,5.868146,30,v2,88000000ffffffffffffa8dd9f4dc5b5
4770,60.560616950,5.995821,30,v2,88000000ffffffffffffa8dd9f4dc5b5
4771,60.566801251,6.184301,30,v2,88000000ffffffffffffa8dd9f4dc5b5
4772,60.573082298,6.281047,30,v2,88000000ffffffffffffa8dd9f4dc5b5
4773,60.578926475,5.844177,30,v2,88000000ffffffffffffa8dd9f4dc5b5
4774,60.584998428,6.071953,30,v2,88000000ffffffffffffa8dd9f4dc5b5
4775,60.591139972,6.141544,30,v2,88000000ffffffffffffa8dd9f4dc5b5
4776,60.597280344,6.140372,30,v2,88000000ffffffffffffa8dd9f4dc5b5
4777,60.604412063,7.131719,30,v2,88000000ffffffffffffa8dd9f4dc5b5
4778,60.610670048,6.257985,30,v2,88000000ffffffffffffa8dd9f4dc5b5
4779,60.616610717,5.940669,30,v2,88000000ffffffffffffa8dd9f4dc5b5
4780,60.622566219,5.955502,30,v2,88000000ffffffffffffa8dd9f4dc5b5
4781,60.628701379,6.135160,30,v2,88000000ffffffffffffa8dd9f4dc5b5
4782,60.633777853,5.076474,30,v2,88000000ffffffffffffa8dd9f4dc5b5
4783,60.640239851,6.461998,30,v2,88000000ffffffffffffa8dd9f4dc5b5
4784,60.646025629,5.785778,30,v2,88000000ffffffffffffa8dd9f4dc5b5
4785,60.652096865,6.071236,30,v2,88000000ffffffffffffa8dd9f4dc5b5
4786,60.658347365,6.250500,30,v2,88000000ffffffffffffa8dd9f4dc5b5
4787,60.664260818,5.913453,30,v2,88000000ffffffffffffa8dd9f4dc5b5
4788,60.670551898,6.291080,30,v2,88000000ffffffffffffa8dd9f4dc5b5
4789,60.676495820,5.943922,30,v2,88000000ffffffffffffa8dd9f4dc5b5
4790,60.683906502,7.410682,30,v2,88000000ffffffffffffa8dd9f4dc5b5
4791,60.688712652,4.806150,30,v2,88000000ffffffffffffa8dd9f4dc5b5
4792,60.693758149,5.045497,30,v2,88000000ffffffffffffa8dd9f4dc5b5
4793,60.700969898,7.211749,30,v2,88000000ffffffffffffa8dd9f4dc5b5
4794,60.706916287,5.946389,30,v2,88000000ffffffffffffa8dd9f4dc5b5
4795,60.712090654,5.174367,30,v2,88000000ffffffffffffa8dd9f4dc5b5
4796,60.718411789,6.321135,30,v2,88000000ffffffffffffa8dd9f4dc5b5
4797,60.724607883,6.196094,30,v2,88000000ffffffffffffa8dd9f4dc5b5
4798,60.730428644,5.820761,30,v2,88000000ffffffffffffa8dd9f4dc5b5
4799,60.737532828,7.104184,30,v2,88000000ffffffffffffa8dd9f4dc5b5
4800,60.743537681,6.004853,30,v2,88000000ffffffffffffa8dd9f4dc5b5
4801,60.749840649,6.302968,30,v2,88000000ffffffffffffa8dd9f4dc5b5
4802,60.755927314,6.086665,30,v2,88000000ffffffffffffa8dd9f4dc5b5
4803,60.761805293,5.877979,30,v2,88000000ffffffffffffa8dd9f4dc5b5
4804,60.766918089,5.112796,30,v2,88000000ffffffffffffa8dd9f4dc5b5
4805,60.773076750,6.158661,30,v2,88000000ffffffffffffa8dd9f4dc5b5
4806,60.779050516,5.973766,30,v2,88000000ffffffffffffa8dd9f4dc5b5
4807,60.785242282,6.191766,30,v2,88000000ffffffffffffa8dd9f4dc5b5
4808,60.791293281,6.050999,30,v2,88000000ffffffffffffa8dd9f4dc5b5
4809,60.797363344,6.070063,30,v2,88000000ffffffffffffa8dd9f4dc5b5
4810,60.803417351,6.054007,30,v2,88000000ffffffffffffa8dd9f4dc5b5
4811,60.809625698,6.208347,30,v2,88000000ffffffffffffa8dd9f4dc5b5
4812,60.815538525,5.912827,30,v2,88000000ffffffffffffa8dd9f4dc5b5
4813,60.821766215,6.227690,30,v2,88000000ffffffffffffa8dd9f4dc5b5
4814,60.827907420,6.141205,30,v2,88000000ffffffffffffa8dd9f4dc5b5
4815,60.833961627,6.054207,30,v2,88000000ffffffffffffa8dd9f4dc5b5
4816,60.839947673,5.986046,30,v2,88000000ffffffffffffa8dd9f4dc5b5
4817,60.845141145,5.193472,30,v2,88000000ffffffffffffa8dd9f4dc5b5
4818,60.851354666,6.213521,30,v2,88000000ffffffffffffa8dd9f4dc5b5
4819,60.857618279,6.263613,30,v2,88000000ffffffffffffa8dd9f4dc5b5
4820,60.864527904,6.909625,30,v2,88000000ffffffffffffa8dd9f4dc5b5
4821,60.870621597,6.093693,30,v2,88000000ffffffffffffa8dd9f4dc5b5
4822,60.876690357,6.068760,30,v2,88000000ffffffffffffa8dd9f4dc5b5
4823,60.882653515,5.963158,30,v2,88000000ffffffffffffa8dd9f4dc5b5
4824,60.888742231,6.088716,30,v2,88000000ffffffffffffa8dd9f4dc5b5
4825,60.894883591,6.141360,30,v2,88000000ffffffffffffa8dd9f4dc5b5
4826,60.901014867,6.131276,30,v2,88000000ffffffffffffa8dd9f4dc5b5
4827,60.907072015,6.057148,30,v2,88000000ffffffffffffa8dd9f4dc5b5
4828,60.913160886,6.088871,30,v2,88000000ffffffffffffa8dd9f4dc5b5
4829,60.918460983,5.300097,30,v2,88000000ffffffffffffa8dd9f4dc5b5
4830,60.924639804,6.178821,30,v2,88000000ffffffffffffa8dd9f4dc5b5
4831,60.931803996,7.164192,30,v2,88000000ffffffffffffa8dd9f4dc5b5
4832,60.936526869,4.722873,30,v2,88000000ffffffffffffa8dd9f4dc5b5
4833,60.942935593,6.408724,30,v2,88000000ffffffffffffa8dd9f4dc5b5
4834,60.948783854,5.848261,30,v2,88000000ffffffffffffa8dd9f4dc5b5
4835,60.954812585,6.028731,30,v2,88000000ffffffffffffa8dd9f4dc5b5
4836,60.960960759,6.148174,30,v2,88000000ffffffffffffa8dd9f4dc5b5
4837,60.967096270,6.135511,30,v2,88000000ffffffffffffa8dd9f4dc5b5
4838,60.973200457,6.104187,30,v2,88000000ffffffffffffa8dd9f4dc5b5
4839,60.979133726,5.933269,30,v2,88000000ffffffffffffa8dd9f4dc5b5
4840,60.985428129,6.294403,30,v2,88000000ffffffffffffa8dd9f4dc5b5
4841,60.991388408,5.960279,30,v2,88000000ffffffffffffa8dd9f4dc5b5
4842,60.997770073,6.381665,30,v2,88000000ffffffffffffa8dd9f4dc5b5
4843,61.003620309,5.850236,30,v2,88000000ffffffffffffa8dd9f4dc5b5
4844,61.338157873,334.537564,30,v2,88000000ffffffffffffa8dd9f4dc5b5
4845,61.343974190,5.816317,30,v2,88000000ffffffffffffa8dd9f4dc5b5
4846,61.350159065,6.184875,30,v2,88000000ffffffffffffa8dd9f4dc5b5
4847,61.356333956,6.174891,30,v2,88000000ffffffffffffa8dd9f4dc5b5
4848,61.362334057,6.000101,30,v2,88000000ffffffffffffa8dd9f4dc5b5
4849,61.367304476,4.970419,30,v2,88000000ffffffffffffa8dd9f4dc5b5
4850,61.373685508,6.381032,30,v2,88000000ffffffffffffa8dd9f4dc5b5
4851,61.379738560,6.053052,30,v2,88000000ffffffffffffa8dd9f4dc5b5
4852,61.386694339,6.955779,30,v2,88000000ffffffffffffa8dd9f4dc5b5
4853,61.392747062,6.052723,30,v2,88000000ffffffffffffa8dd9f4dc5b5
4854,61.398987306,6.240244,30,v2,88000000ffffffffffffa8dd9f4dc5b5
4855,61.405025211,6.037905,30,v2,88000000ffffffffffffa8dd9f4dc5b5
4856,61.410452058,5.426847,30,v2,88000000ffffffffffffa8dd9f4dc5b5
4857,61.416196141,5.744083,30,v2,88000000ffffffffffffa8dd9f4dc5b5
4858,61.422488600,6.292459,30,v2,88000000ffffffffffffa8dd9f4dc5b5
4859,61.428298904,5.810304,30,v2,88000000ffffffffffffa8dd9f4dc5b5
4860,61.434400995,6.102091,30,v2,88000000ffffffffffffa8dd9f4dc5b5
4861,61.439560249,5.159254,30,v2,88000000ffffffffffffa8dd9f4dc5b5
4862,61.445556430,5.996181,30,v2,88000000ffffffffffffa8dd9f4dc5b5
4863,61.451697063,6.140633,30,v2,88000000ffffffffffffa8dd9f4dc5b5
4864,61.457773026,6.075963,30,v2,88000000ffffffffffffa8dd9f4dc5b5
4865,61.463829719,6.056693,30,v2,88000000ffffffffffffa8dd9f4dc5b5
4866,61.469851147,6.021428,30,v2,88000000ffffffffffffa8dd9f4dc5b5
4867,61.475136784,5.285637,30,v2,88000000ffffffffffffa8dd9f4dc5b5
4868,61.481382381,6.245597,30,v2,88000000ffffffffffffa8dd9f4dc5b5
4869,61.487497630,6.115249,30,v2,88000000ffffffffffffa8dd9f4dc5b5
4870,61.493498420,6.000790,30,v2,88000000ffffffffffffa8dd9f4dc5b5
4871,61.499399059,5.900639,30,v2,88000000ffffffffffffa8dd9f4dc5b5
4872,61.504591661,5.192602,30,v2,88000000ffffffffffffa8dd9f4dc5b5
4873,61.510590147,5.998486,30,v2,88000000ffffffffffffa8dd9f4dc5b5
4874,61.517916651,7.326504,30,v2,88000000ffffffffffffa8dd9f4dc5b5
4875,61.523974465,6.057814,30,v2,88000000ffffffffffffa8dd9f4dc5b5
4876,61.530084796,6.110331,30,v2,88000000ffffffffffffa8dd9f4dc5b5
4877,61.536978624,6.893828,30,v2,88000000ffffffffffffa8dd9f4dc5b5
4878,61.541235461,4.256837,30,v2,88000000ffffffffffffa8dd9f4dc5b5
4879,61.549103528,7.868067,30,v2,88000000ffffffffffffa8dd9f4dc5b5
4880,61.555112751,6.009223,30,v2,88000000ffffffffffffa8dd9f4dc5b5
4881,61.559440110,4.327359,30,v2,88000000ffffffffffffa8dd9f4dc5b5
4882,61.564399245,4.959135,30,v2,88000000ffffffffffffa8dd9f4dc5b5
4883,61.572313894,7.914649,30,v2,88000000ffffffffffffa8dd9f4dc5b5
4884,61.576690490,4.376596,30,v2,88000000ffffffffffffa8dd9f4dc5b5
4885,61.582930353,6.239863,30,v2,88000000ffffffffffffa8dd9f4dc5b5
4886,61.588910897,5.980544,30,v2,88000000ffffffffffffa8dd9f4dc5b5
4887,61.594859196,5.948299,30,v2,88000000ffffffffffffa8dd9f4dc5b5
4888,61.600149824,5.290628,30,v2,88000000ffffffffffffa8dd9f4dc5b5
4889,61.606237388,6.087564,30,v2,88000000ffffffffffffa8dd9f4dc5b5
4890,61.612264324,6.026936,30,v2,88000000ffffffffffffa8dd9f4dc5b5
4891,61.619245992,6.981668,30,v2,88000000ffffffffffffa8dd9f4dc5b5
4892,61.624621911,5.375919,30,v2,88000000ffffffffffffa8dd9f4dc5b5
4893,61.630742099,6.120188,30,v2,88000000ffffffffffffa8dd9f4dc5b5
4894,61.636332433,5.590334,30,v2,88000000ffffffffffffa8dd9f4dc5b5
4895,61.643529827,7.197394,30,v2,88000000ffffffffffffa8dd9f4dc5b5
4896,61.648966287,5.436460,30,v2,88000000ffffffffffffa8dd9f4dc5b5
4897,61.654955066,5.988779,30,v2,88000000ffffffffffffa8dd9f4dc5b5
4898,61.661024502,6.069436,30,v2,88000000ffffffffffffa8dd9f4dc5b5
4899,61.668329973,7.305471,30,v2,88000000ffffffffffffa8dd9f4dc5b5
4900,61.673401597,5.071624,30,v2,88000000ffffffffffffa8dd9f4dc5b5
4901,61.678458245,5.056648,30,v2,88000000ffffffffffffa8dd9f4dc5b5
4902,61.684625330,6.167085,30,v2,88000000ffffffffffffa8dd9f4dc5b5
4903,61.690462872,5.837542,30,v2,88000000ffffffffffffa8dd9f4dc5b5
4904,61.696582958,6.120086,30,v2,88000000ffffffffffffa8dd9f4dc5b5
4905,61.702618505,6.035547,30,v2,88000000ffffffffffffa8dd9f4dc5b5
4906,61.707790836,5.172331,30,v2,88000000ffffffffffffa8dd9f4dc5b5
4907,61.713785900,5.995064,30,v2,88000000ffffffffffffa8dd9f4dc5b5
4908,61.719991386,6.205486,30,v2,88000000ffffffffffffa8dd9f4dc5b5
4909,61.725973212,5.981826,30,v2,88000000ffffffffffffa8dd9f4dc5b5
4910,61.731958469,5.985257,30,v2,88000000ffffffffffffa8dd9f4dc5b5
4911,61.738421284,6.462815,30,v2,88000000ffffffffffffa8dd9f4dc5b5
4912,61.743534000,5.112716,30,v2,88000000ffffffffffffa8dd9f4dc5b5
4913,61.749355861,5.821861,30,v2,88000000ffffffffffffa8dd9f4dc5b5
4914,61.755467137,6.111276,30,v2,88000000ffffffffffffa8dd9f4dc5b5
4915,61.761853895,6.386758,30,v2,88000000ffffffffffffa8dd9f4dc5b5
4916,61.767523458,5.669563,30,v2,88000000ffffffffffffa8dd9f4dc5b5
4917,61.773730989,6.207531,30,v2,88000000ffffffffffffa8dd9f4dc5b5
4918,61.779890702,6.159713,30,v2,88000000ffffffffffffa8dd9f4dc5b5
4919,61.786190915,6.300213,30,v2,88000000ffffffffffffa8dd9f4dc5b5
4920,61.792118204,5.927289,30,v2,88000000ffffffffffffa8dd9f4dc5b5
4921,61.798360191,6.241987,30,v2,88000000ffffffffffffa8dd9f4dc5b5
4922,61.804285991,5.925800,30,v2,88000000ffffffffffffa8dd9f4dc5b5
4923,61.810200840,5.914849,30,v2,88000000ffffffffffffa8dd9f4dc5b5
4924,61.815619882,5.419042,30,v2,88000000ffffffffffffa8dd9f4dc5b5
4925,61.821794954,6.175072,30,v2,88000000ffffffffffffa8dd9f4dc5b5
4926,61.828927765,7.132811,30,v2,88000000ffffffffffffa8dd9f4dc5b5
4927,61.833642288,4.714523,30,v2,88000000ffffffffffffa8dd9f4dc5b5
4928,61.839739844,6.097556,30,v2,88000000ffffffffffffa8dd9f4dc5b5
4929,61.845836524,6.096680,30,v2,88000000ffffffffffffa8dd9f4dc5b5
4930,61.850975139,5.138615,30,v2,88000000ffffffffffffa8dd9f4dc5b5
4931,61.859104997,8.129858,30,v2,88000000ffffffffffffa8dd9f4dc5b5
4932,61.863392315,4.287318,30,v2,88000000ffffffffffffa8dd9f4dc5b5
4933,61.870381510,6.989195,30,v2,88000000ffffffffffffa8dd9f4dc5b5
4934,61.875594406,5.212896,30,v2,88000000ffffffffffffa8dd9f4dc5b5
4935,61.881155674,5.561268,30,v2,88000000ffffffffffffa8dd9f4dc5b5
4936,61.886533975,5.378301,30,v2,88000000ffffffffffffa8dd9f4dc5b5
4937,61.892563611,6.029636,30,v2,88000000ffffffffffffa8dd9f4dc5b5
4938,61.898783662,6.220051,30,v2,88000000ffffffffffffa8dd9f4dc5b5
4939,61.906068449,7.284787,30,v2,88000000ffffffffffffa8dd9f4dc5b5
4940,61.910831002,4.762553,30,v2,88000000ffffffffffffa8dd9f4dc5b5
4941,61.916997786,6.166784,30,v2,88000000ffffffffffffa8dd9f4dc5b5
4942,61.923246694,6.248908,30,v2,88000000ffffffffffffa8dd9f4dc5b5
4943,61.929249577,6.002883,30,v2,88000000ffffffffffffa8dd9f4dc5b5
4944,62.280920456,351.670879,30,v2,88000000ffffffffffffa8dd9f4dc5b5
4945,62.286826036,5.905580,30,v2,88000000ffffffffffffa8dd9f4dc5b5
4946,62.293859264,7.033228,30,v2,88000000ffffffffffffa8dd9f4dc5b5
4947,62.299024384,5.165120,30,v2,88000000ffffffffffffa8dd9f4dc5b5
4948,62.305167320,6.142936,30,v2,88000000ffffffffffffa8dd9f4dc5b5
4949,62.311142034,5.974714,30,v2,88000000ffffffffffffa8dd9f4dc5b5
4950,62.317261235,6.119201,30,v2,88000000ffffffffffffa8dd9f4dc5b5
4951,62.322354541,5.093306,30,v2,88000000ffffffffffffa8dd9f4dc5b5
4952,62.328535708,6.181167,30,v2,88000000ffffffffffffa8dd9f4dc5b5
4953,62.334600918,6.065210,30,v2,88000000ffffffffffffa8dd9f4dc5b5
4954,62.340611325,6.010407,30,v2,88000000ffffffffffffa8dd9f4dc5b5
4955,62.345775554,5.164229,30,v2,88000000ffffffffffffa8dd9f4dc5b5
4956,62.351956375,6.180821,30,v2,88000000ffffffffffffa8dd9f4dc5b5
4957,62.358049349,6.092974,30,v2,88000000ffffffffffffa8dd9f4dc5b5
4958,62.364026725,5.977376,30,v2,88000000ffffffffffffa8dd9f4dc5b5
4959,62.369174971,5.148246,30,v2,88000000ffffffffffffa8dd9f4dc5b5
4960,62.375330052,6.155081,30,v2,88000000ffffffffffffa8dd9f4dc5b5
4961,62.381240751,5.910699,30,v2,88000000ffffffffffffa8dd9f4dc5b5
4962,62.387355602,6.114851,30,v2,88000000ffffffffffffa8dd9f4dc5b5
4963,62.392658438,5.302836,30,v2,88000000ffffffffffffa8dd9f4dc5b5
4964,62.398581519,5.923081,30,v2,88000000ffffffffffffa8dd9f4dc5b5
4965,62.404683782,6.102263,30,v2,88000000ffffffffffffa8dd9f4dc5b5
4966,62.409823868,5.140086,30,v2,88000000ffffffffffffa8dd9f4dc5b5
4967,62.415836195,6.012327,30,v2,88000000ffffffffffffa8dd9f4dc5b5
4968,62.421939997,6.103802,30,v2,88000000ffffffffffffa8dd9f4dc5b5
4969,62.428137139,6.197142,30,v2,88000000ffffffffffffa8dd9f4dc5b5
4970,62.434451466,6.314327,30,v2,88000000ffffffffffffa8dd9f4dc5b5
4971,62.442212710,7.761244,30,v2,88000000ffffffffffffa8dd9f4dc5b5
4972,62.445395975,3.183265,30,v2,88000000ffffffffffffa8dd9f4dc5b5
4973,62.451760539,6.364564,30,v2,88000000ffffffffffffa8dd9f4dc5b5
4974,62.457721463,5.960924,30,v2,88000000ffffffffffffa8dd9f4dc5b5
4975,62.465162656,7.441193,30,v2,88000000ffffffffffffa8dd9f4dc5b5
4976,62.469370914,4.208258,30,v2,88000000ffffffffffffa8dd9f4dc5b5
4977,62.474700703,5.329789,30,v2,88000000ffffffffffffa8dd9f4dc5b5
4978,62.481518895,6.818192,30,v2,88000000ffffffffffffa8dd9f4dc5b5
4979,62.486954938,5.436043,30,v2,88000000ffffffffffffa8dd9f4dc5b5
4980,62.491915580,4.960642,30,v2,88000000ffffffffffffa8dd9f4dc5b5
4981,62.498376867,6.461287,30,v2,88000000ffffffffffffa8dd9f4dc5b5
4982,62.504288722,5.911855,30,v2,88000000ffffffffffffa8dd9f4dc5b5
4983,62.510571777,6.283055,30,v2,88000000ffffffffffffa8dd9f4dc5b5
4984,62.515330489,4.758712,30,v2,88000000ffffffffffffa8dd9f4dc5b5
4985,62.521653868,6.323379,30,v2,88000000ffffffffffffa8dd9f4dc5b5
4986,62.527794885,6.141017,30,v2,88000000ffffffffffffa8dd9f4dc5b5
4987,62.532651561,4.856676,30,v2,88000000ffffffffffffa8dd9f4dc5b5
4988,62.538943764,6.292203,30,v2,88000000ffffffffffffa8dd9f4dc5b5
4989,62.544887321,5.943557,30,v2,88000000ffffffffffffa8dd9f4dc5b5
4990,62.550025409,5.138088,30,v2,88000000ffffffffffffa8dd9f4dc5b5
4991,62.557151807,7.126398,30,v2,88000000ffffffffffffa8dd9f4dc5b5
4992,62.563292591,6.140784,30,v2,88000000ffffffffffffa8dd9f4dc5b5
4993,62.569253262,5.960671,30,v2,88000000ffffffffffffa8dd9f4dc5b5
4994,62.574544000,5.290738,30,v2,88000000ffffffffffffa8dd9f4dc5b5
4995,62.580594020,6.050020,30,v2,88000000ffffffffffffa8dd9f4dc5b5
4996,62.586506507,5.912487,30,v2,88000000ffffffffffffa8dd9f4dc5b5
4997,62.591653985,5.147478,30,v2,88000000ffffffffffffa8dd9f4dc5b5
4998,62.597754340,6.100355,30,v2,88000000ffffffffffffa8dd9f4dc5b5
4999,62.603833834,6.079494,30,v2,88000000ffffffffffffa8dd9f4dc5b5
5000,62.609819906,5.986072,30,v2,88000000ffffffffffffa8dd9f4dc5b5
5001,62.614971453,5.151547,30,v2,88000000ffffffffffffa8dd9f4dc5b5
5002,62.621144567,6.173114,30,v2,88000000ffffffffffffa8dd9f4dc5b5
5003,62.627306652,6.162085,30,v2,88000000ffffffffffffa8dd9f4dc5b5
5004,62.633462191,6.155539,30,v2,88000000ffffffffffffa8dd9f4dc5b5
5005,62.639631653,6.169462,30,v2,88000000ffffffffffffa8dd9f4dc5b5
5006,62.644641256,5.009603,30,v2,88000000ffffffffffffa8dd9f4dc5b5
5007,62.650572105,5.930849,30,v2,88000000ffffffffffffa8dd9f4dc5b5
5008,62.656610491,6.038386,30,v2,88000000ffffffffffffa8dd9f4dc5b5
5009,62.662932191,6.321700,30,v2,88000000ffffffffffffa8dd9f4dc5b5
5010,62.668012428,5.080237,30,v2,88000000ffffffffffffa8dd9f4dc5b5
5011,62.673922940,5.910512,30,v2,88000000ffffffffffffa8dd9f4dc5b5
5012,62.680225546,6.302606,30,v2,88000000ffffffffffffa8dd9f4dc5b5
5013,62.687099614,6.874068,30,v2,88000000ffffffffffffa8dd9f4dc5b5
5014,62.692201421,5.101807,30,v2,88000000ffffffffffffa8dd9f4dc5b5
5015,62.698185918,5.984497,30,v2,88000000ffffffffffffa8dd9f4dc5b5
5016,62.704578336,6.392418,30,v2,88000000ffffffffffffa8dd9f4dc5b5
5017,62.709493796,4.915460,30,v2,88000000ffffffffffffa8dd9f4dc5b5
5018,62.716854437,7.360641,30,v2,88000000ffffffffffffa8dd9f4dc5b5
5019,62.723235584,6.381147,30,v2,88000000ffffffffffffa8dd9f4dc5b5
5020,62.726690027,3.454443,30,v2,88000000ffffffffffffa8dd9f4dc5b5
5021,62.732923310,6.233283,30,v2,88000000ffffffffffffa8dd9f4dc5b5
5022,62.739111504,6.188194,30,v2,88000000ffffffffffffa8dd9f4dc5b5
5023,62.745163122,6.051618,30,v2,88000000ffffffffffffa8dd9f4dc5b5
5024,62.750109466,4.946344,30,v2,88000000ffffffffffffa8dd9f4dc5b5
5025,62.756452832,6.343366,30,v2,88000000ffffffffffffa8dd9f4dc5b5
5026,62.762304076,5.851244,30,v2,88000000ffffffffffffa8dd9f4dc5b5
5027,62.767490221,5.186145,30,v2,88000000ffffffffffffa8dd9f4dc5b5
5028,62.773724341,6.234120,30,v2,88000000ffffffffffffa8dd9f4dc5b5
5029,62.779568977,5.844636,30,v2,88000000ffffffffffffa8dd9f4dc5b5
5030,62.785982461,6.413484,30,v2,88000000ffffffffffffa8dd9f4dc5b5
5031,62.790926507,4.944046,30,v2,88000000ffffffffffffa8dd9f4dc5b5
5032,62.796942224,6.015717,30,v2,88000000ffffffffffffa8dd9f4dc5b5
5033,62.803140798,6.198574,30,v2,88000000ffffffffffffa8dd9f4dc5b5
5034,62.809332436,6.191638,30,v2,88000000ffffffffffffa8dd9f4dc5b5
5035,62.815144056,5.811620,30,v2,88000000ffffffffffffa8dd9f4dc5b5
5036,62.821176632,6.032576,30,v2,88000000ffffffffffffa8dd9f4dc5b5
5037,62.827254918,6.078286,30,v2,88000000ffffffffffffa8dd9f4dc5b5
5038,62.832421018,5.166100,30,v2,88000000ffffffffffffa8dd9f4dc5b5
5039,62.838704768,6.283750,30,v2,88000000ffffffffffffa8dd9f4dc5b5
5040,62.844673229,5.968461,30,v2,88000000ffffffffffffa8dd9f4dc5b5
5041,62.850635855,5.962626,30,v2,88000000ffffffffffffa8dd9f4dc5b5
5042,62.855786426,5.150571,30,v2,88000000ffffffffffffa8dd9f4dc5b5
5043,62.862010543,6.224117,30,v2,88000000ffffffffffffa8dd9f4dc5b5
5044,63.190089386,328.078843,30,v2,88000000ffffffffffffa8dd9f4dc5b5
5045,63.195227048,5.137662,30,v2,88000000ffffffffffffa8dd9f4dc5b5
5046,63.201360168,6.133120,30,v2,88000000ffffffffffffa8dd9f4dc5b5
5047,63.208581606,7.221438,30,v2,88000000ffffffffffffa8dd9f4dc5b5
5048,63.213478433,4.896827,30,v2,88000000ffffffffffffa8dd9f4dc5b5
5049,63.219555457,6.077024,30,v2,88000000ffffffffffffa8dd9f4dc5b5
5050,63.224525000,4.969543,30,v2,88000000ffffffffffffa8dd9f4dc5b5
5051,63.230889273,6.364273,30,v2,88000000ffffffffffffa8dd9f4dc5b5
5052,63.236960240,6.070967,30,v2,88000000ffffffffffffa8dd9f4dc5b5
5053,63.241982925,5.022685,30,v2,88000000ffffffffffffa8dd9f4dc5b5
5054,63.248095612,6.112687,30,v2,88000000ffffffffffffa8dd9f4dc5b5
5055,63.254580789,6.485177,30,v2,88000000ffffffffffffa8dd9f4dc5b5
5056,63.260882894,6.302105,30,v2,88000000ffffffffffffa8dd9f4dc5b5
5057,63.265201230,4.318336,30,v2,88000000ffffffffffffa8dd9f4dc5b5
5058,63.270386679,5.185449,30,v2,88000000ffffffffffffa8dd9f4dc5b5
5059,63.276307178,5.920499,30,v2,88000000ffffffffffffa8dd9f4dc5b5
5060,63.282775101,6.467923,30,v2,88000000ffffffffffffa8dd9f4dc5b5
5061,63.287607865,4.832764,30,v2,88000000ffffffffffffa8dd9f4dc5b5
5062,63.293687170,6.079305,30,v2,88000000ffffffffffffa8dd9f4dc5b5
5063,63.298744148,5.056978,30,v2,88000000ffffffffffffa8dd9f4dc5b5
5064,63.304866938,6.122790,30,v2,88000000ffffffffffffa8dd9f4dc5b5
5065,63.310880731,6.013793,30,v2,88000000ffffffffffffa8dd9f4dc5b5
5066,63.316287681,5.406950,30,v2,88000000ffffffffffffa8dd9f4dc5b5
5067,63.322351905,6.064224,30,v2,88000000ffffffffffffa8dd9f4dc5b5
5068,63.328473117,6.121212,30,v2,88000000ffffffffffffa8dd9f4dc5b5
5069,63.334958634,6.485517,30,v2,88000000ffffffffffffa8dd9f4dc5b5
5070,63.340362075,5.403441,30,v2,88000000ffffffffffffa8dd9f4dc5b5
5071,63.345695214,5.333139,30,v2,88000000ffffffffffffa8dd9f4dc5b5
5072,63.351524049,5.828835,30,v2,88000000ffffffffffffa8dd9f4dc5b5
5073,63.357796097,6.272048,30,v2,88000000ffffffffffffa8dd9f4dc5b5
5074,63.363738187,5.942090,30,v2,88000000ffffffffffffa8dd9f4dc5b5
5075,63.371634098,7.895911,30,v2,88000000ffffffffffffa8dd9f4dc5b5
5076,63.375002117,3.368019,30,v2,88000000ffffffffffffa8dd9f4dc5b5
5077,63.381128465,6.126348,30,v2,88000000ffffffffffffa8dd9f4dc5b5
5078,63.386420624,5.292159,30,v2,88000000ffffffffffffa8dd9f4dc5b5
5079,63.392249636,5.829012,30,v2,88000000ffffffffffffa8dd9f4dc5b5
5080,63.397397407,5.147771,30,v2,88000000ffffffffffffa8dd9f4dc5b5
5081,63.403667460,6.270053,30,v2,88000000ffffffffffffa8dd9f4dc5b5
5082,63.409911075,6.243615,30,v2,88000000ffffffffffffa8dd9f4dc5b5
5083,63.414600358,4.689283,30,v2,88000000ffffffffffffa8dd9f4dc5b5
5084,63.420608764,6.008406,30,v2,88000000ffffffffffffa8dd9f4dc5b5
5085,63.426839257,6.230493,30,v2,88000000ffffffffffffa8dd9f4dc5b5
5086,63.431983289,5.144032,30,v2,88000000ffffffffffffa8dd9f4dc5b5
5087,63.438133272,6.149983,30,v2,88000000ffffffffffffa8dd9f4dc5b5
5088,63.443153232,5.019960,30,v2,88000000ffffffffffffa8dd9f4dc5b5
5089,63.449153101,5.999869,30,v2,88000000ffffffffffffa8dd9f4dc5b5
5090,63.455302424,6.149323,30,v2,88000000ffffffffffffa8dd9f4dc5b5
5091,63.460378200,5.075776,30,v2,88000000ffffffffffffa8dd9f4dc5b5
5092,63.467575025,7.196825,30,v2,88000000ffffffffffffa8dd9f4dc5b5
5093,63.473711421,6.136396,30,v2,88000000ffffffffffffa8dd9f4dc5b5
5094,63.478478525,4.767104,30,v2,88000000ffffffffffffa8dd9f4dc5b5
5095,63.484660965,6.182440,30,v2,88000000ffffffffffffa8dd9f4dc5b5
5096,63.489648884,4.987919,30,v2,88000000ffffffffffffa8dd9f4dc5b5
5097,63.495916098,6.267214,30,v2,88000000ffffffffffffa8dd9f4dc5b5
5098,63.501916692,6.000594,30,v2,88000000ffffffffffffa8dd9f4dc5b5
5099,63.507245383,5.328691,30,v2,88000000ffffffffffffa8dd9f4dc5b5
5100,63.513415662,6.170279,30,v2,88000000ffffffffffffa8dd9f4dc5b5
5101,63.519291364,5.875702,30,v2,88000000ffffffffffffa8dd9f4dc5b5
5102,63.524383363,5.091999,30,v2,88000000ffffffffffffa8dd9f4dc5b5
5103,63.530761527,6.378164,30,v2,88000000ffffffffffffa8dd9f4dc5b5
5104,63.535758863,4.997336,30,v2,88000000ffffffffffffa8dd9f4dc5b5
5105,63.541652598,5.893735,30,v2,88000000ffffffffffffa8dd9f4dc5b5
5106,63.547726650,6.074052,30,v2,88000000ffffffffffffa8dd9f4dc5b5
5107,63.552897317,5.170667,30,v2,88000000ffffffffffffa8dd9f4dc5b5
5108,63.559470843,6.573526,30,v2,88000000ffffffffffffa8dd9f4dc5b5
5109,63.565322406,5.851563,30,v2,88000000ffffffffffffa8dd9f4dc5b5
5110,63.570592484,5.270078,30,v2,88000000ffffffffffffa8dd9f4dc5b5
5111,63.577151174,6.558690,30,v2,88000000ffffffffffffa8dd9f4dc5b5
5112,63.582396234,5.245060,30,v2,88000000ffffffffffffa8dd9f4dc5b5
5113,63.588299152,5.902918,30,v2,88000000ffffffffffffa8dd9f4dc5b5
5114,63.595309014,7.009862,30,v2,88000000ffffffffffffa8dd9f4dc5b5
5115,63.600521657,5.212643,30,v2,88000000ffffffffffffa8dd9f4dc5b5
5116,63.606776694,6.255037,30,v2,88000000ffffffffffffa8dd9f4dc5b5
5117,63.612604034,5.827340,30,v2,88000000ffffffffffffa8dd9f4dc5b5
5118,63.617793021,5.188987,30,v2,88000000ffffffffffffa8dd9f4dc5b5
5119,63.623893597,6.100576,30,v2,88000000ffffffffffffa8dd9f4dc5b5
5120,63.629927053,6.033456,30,v2,88000000ffffffffffffa8dd9f4dc5b5
5121,63.635248909,5.321856,30,v2,88000000ffffffffffffa8dd9f4dc5b5
5122,63.641415190,6.166281,30,v2,88000000ffffffffffffa8dd9f4dc5b5
5123,63.647388263,5.973073,30,v2,88000000ffffffffffffa8dd9f4dc5b5
5124,63.652445939,5.057676,30,v2,88000000ffffffffffffa8dd9f4dc5b5
5125,63.658499114,6.053175,30,v2,88000000ffffffffffffa8dd9f4dc5b5
5126,63.663479310,4.980196,30,v2,88000000ffffffffffffa8dd9f4dc5b5
5127,63.669651326,6.172016,30,v2,88000000ffffffffffffa8dd9f4dc5b5
5128,63.675594512,5.943186,30,v2,88000000ffffffffffffa8dd9f4dc5b5
5129,63.680851236,5.256724,30,v2,88000000ffffffffffffa8dd9f4dc5b5
5130,63.686923996,6.072760,30,v2,88000000ffffffffffffa8dd9f4dc5b5
5131,63.693015874,6.091878,30,v2,88000000ffffffffffffa8dd9f4dc5b5
5132,63.698270696,5.254822,30,v2,88000000ffffffffffffa8dd9f4dc5b5
5133,63.704105352,5.834656,30,v2,88000000ffffffffffffa8dd9f4dc5b5
5134,63.710624163,6.518811,30,v2,88000000ffffffffffffa8dd9f4dc5b5
5135,63.715277689,4.653526,30,v2,88000000ffffffffffffa8dd9f4dc5b5
5136,63.721743921,6.466232,30,v2,88000000ffffffffffffa8dd9f4dc5b5
5137,63.729118347,7.374426,30,v2,88000000ffffffffffffa8dd9f4dc5b5
5138,63.733599642,4.481295,30,v2,88000000ffffffffffffa8dd9f4dc5b5
5139,63.739628264,6.028622,30,v2,88000000ffffffffffffa8dd9f4dc5b5
5140,63.746051868,6.423604,30,v2,88000000ffffffffffffa8dd9f4dc5b5
5141,63.750819478,4.767610,30,v2,88000000ffffffffffffa8dd9f4dc5b5
5142,63.758299910,7.480432,30,v2,88000000ffffffffffffa8dd9f4dc5b5
5143,63.762071225,3.771315,30,v2,88000000ffffffffffffa8dd9f4dc5b5
5144,64.096501416,334.430191,30,v2,88000000ffffffffffffa8dd9f4dc5b5
5145,64.102386945,5.885529,30,v2,88000000ffffffffffffa8dd9f4dc5b5
5146,64.107618167,5.231222,30,v2,88000000ffffffffffffa8dd9f4dc5b5
5147,64.114731795,7.113628,30,v2,88000000ffffffffffffa8dd9f4dc5b5
5148,64.119707649,4.975854,30,v2,88000000ffffffffffffa8dd9f4dc5b5
5149,64.125734443,6.026794,30,v2,88000000ffffffffffffa8dd9f4dc5b5
5150,64.130877953,5.143510,30,v2,88000000ffffffffffffa8dd9f4dc5b5
5151,64.136971021,6.093068,30,v2,88000000ffffffffffffa8dd9f4dc5b5
5152,64.142977420,6.006399,30,v2,88000000ffffffffffffa8dd9f4dc5b5
5153,64.148466862,5.489442,30,v2,88000000ffffffffffffa8dd9f4dc5b5
5154,64.154448629,5.981767,30,v2,88000000ffffffffffffa8dd9f4dc5b5
5155,64.159891620,5.442991,30,v2,88000000ffffffffffffa8dd9f4dc5b5
5156,64.165433749,5.542129,30,v2,88000000ffffffffffffa8dd9f4dc5b5
5157,64.170544014,5.110265,30,v2,88000000ffffffffffffa8dd9f4dc5b5
5158,64.176674741,6.130727,30,v2,88000000ffffffffffffa8dd9f4dc5b5
5159,64.181678633,5.003892,30,v2,88000000ffffffffffffa8dd9f4dc5b5
5160,64.187749644,6.071011,30,v2,88000000ffffffffffffa8dd9f4dc5b5
5161,64.192778828,5.029184,30,v2,88000000ffffffffffffa8dd9f4dc5b5
5162,64.198868571,6.089743,30,v2,88000000ffffffffffffa8dd9f4dc5b5
5163,64.204129897,5.261326,30,v2,88000000ffffffffffffa8dd9f4dc5b5
5164,64.210148126,6.018229,30,v2,88000000ffffffffffffa8dd9f4dc5b5
5165,64.215822276,5.674150,30,v2,88000000ffffffffffffa8dd9f4dc5b5
5166,64.221248490,5.426214,30,v2,88000000ffffffffffffa8dd9f4dc5b5
5167,64.227294022,6.045532,30,v2,88000000ffffffffffffa8dd9f4dc5b5
5168,64.233428857,6.134835,30,v2,88000000ffffffffffffa8dd9f4dc5b5
5169,64.238499330,5.070473,30,v2,88000000ffffffffffffa8dd9f4dc5b5
5170,64.245578148,7.078818,30,v2,88000000ffffffffffffa8dd9f4dc5b5
5171,64.250718979,5.140831,30,v2,88000000ffffffffffffa8dd9f4dc5b5
5172,64.256666871,5.947892,30,v2,88000000ffffffffffffa8dd9f4dc5b5
5173,64.261962004,5.295133,30,v2,88000000ffffffffffffa8dd9f4dc5b5
5174,64.268880272,6.918268,30,v2,88000000ffffffffffffa8dd9f4dc5b5
5175,64.273389999,4.509727,30,v2,88000000ffffffffffffa8dd9f4dc5b5
5176,64.279117165,5.727166,30,v2,88000000ffffffffffffa8dd9f4dc5b5
5177,64.284332489,5.215324,30,v2,88000000ffffffffffffa8dd9f4dc5b5
5178,64.290549284,6.216795,30,v2,88000000ffffffffffffa8dd9f4dc5b5
5179,64.296435137,5.885853,30,v2,88000000ffffffffffffa8dd9f4dc5b5
5180,64.301630658,5.195521,30,v2,88000000ffffffffffffa8dd9f4dc5b5
5181,64.307559418,5.928760,30,v2,88000000ffffffffffffa8dd9f4dc5b5
5182,64.312650378,5.090960,30,v2,88000000ffffffffffffa8dd9f4dc5b5
5183,64.318915624,6.265246,30,v2,88000000ffffffffffffa8dd9f4dc5b5
5184,64.323907279,4.991655,30,v2,88000000ffffffffffffa8dd9f4dc5b5
5185,64.329939060,6.031781,30,v2,88000000ffffffffffffa8dd9f4dc5b5
5186,64.335037118,5.098058,30,v2,88000000ffffffffffffa8dd9f4dc5b5
5187,64.341124694,6.087576,30,v2,88000000ffffffffffffa8dd9f4dc5b5
5188,64.346304578,5.179884,30,v2,88000000ffffffffffffa8dd9f4dc5b5
5189,64.352297459,5.992881,30,v2,88000000ffffffffffffa8dd9f4dc5b5
5190,64.357305868,5.008409,30,v2,88000000ffffffffffffa8dd9f4dc5b5
5191,64.363380892,6.075024,30,v2,88000000ffffffffffffa8dd9f4dc5b5
5192,64.369152980,5.772088,30,v2,88000000ffffffffffffa8dd9f4dc5b5
5193,64.376250976,7.097996,30,v2,88000000ffffffffffffa8dd9f4dc5b5
5194,64.380875198,4.624222,30,v2,88000000ffffffffffffa8dd9f4dc5b5
5195,64.387045466,6.170268,30,v2,88000000ffffffffffffa8dd9f4dc5b5
5196,64.392185844,5.140378,30,v2,88000000ffffffffffffa8dd9f4dc5b5
5197,64.398478818,6.292974,30,v2,88000000ffffffffffffa8dd9f4dc5b5
5198,64.404924303,6.445485,30,v2,88000000ffffffffffffa8dd9f4dc5b5
5199,64.409537272,4.612969,30,v2,88000000ffffffffffffa8dd9f4dc5b5
5200,64.415800415,6.263143,30,v2,88000000ffffffffffffa8dd9f4dc5b5
5201,64.420409940,4.609525,30,v2,88000000ffffffffffffa8dd9f4dc5b5
5202,64.426485098,6.075158,30,v2,88000000ffffffffffffa8dd9f4dc5b5
5203,64.431680899,5.195801,30,v2,88000000ffffffffffffa8dd9f4dc5b5
5204,64.437808390,6.127491,30,v2,88000000ffffffffffffa8dd9f4dc5b5
5205,64.442941158,5.132768,30,v2,88000000ffffffffffffa8dd9f4dc5b5
5206,64.448886482,5.945324,30,v2,88000000ffffffffffffa8dd9f4dc5b5
5207,64.454495761,5.609279,30,v2,88000000ffffffffffffa8dd9f4dc5b5
5208,64.460306251,5.810490,30,v2,88000000ffffffffffffa8dd9f4dc5b5
5209,64.465145004,4.838753,30,v2,88000000ffffffffffffa8dd9f4dc5b5
5210,64.471355515,6.210511,30,v2,88000000ffffffffffffa8dd9f4dc5b5
5211,64.476484793,5.129278,30,v2,88000000ffffffffffffa8dd9f4dc5b5
5212,64.484252647,7.767854,30,v2,88000000ffffffffffffa8dd9f4dc5b5
5213,64.487735475,3.482828,30,v2,88000000ffffffffffffa8dd9f4dc5b5
5214,64.493807010,6.071535,30,v2,88000000ffffffffffffa8dd9f4dc5b5
5215,64.498654368,4.847358,30,v2,88000000ffffffffffffa8dd9f4dc5b5
5216,64.505652559,6.998191,30,v2,88000000ffffffffffffa8dd9f4dc5b5
5217,64.511725590,6.073031,30,v2,88000000ffffffffffffa8dd9f4dc5b5
5218,64.517014853,5.289263,30,v2,88000000ffffffffffffa8dd9f4dc5b5
5219,64.522920401,5.905548,30,v2,88000000ffffffffffffa8dd9f4dc5b5
5220,64.528005188,5.084787,30,v2,88000000ffffffffffffa8dd9f4dc5b5
5221,64.534081667,6.076479,30,v2,88000000ffffffffffffa8dd9f4dc5b5
5222,64.539351499,5.269832,30,v2,88000000ffffffffffffa8dd9f4dc5b5
5223,64.545263358,5.911859,30,v2,88000000ffffffffffffa8dd9f4dc5b5
5224,64.550557358,5.294000,30,v2,88000000ffffffffffffa8dd9f4dc5b5
5225,64.556406697,5.849339,30,v2,88000000ffffffffffffa8dd9f4dc5b5
5226,64.561636458,5.229761,30,v2,88000000ffffffffffffa8dd9f4dc5b5
5227,64.567684637,6.048179,30,v2,88000000ffffffffffffa8dd9f4dc5b5
5228,64.572889500,5.204863,30,v2,88000000ffffffffffffa8dd9f4dc5b5
5229,64.578848293,5.958793,30,v2,88000000ffffffffffffa8dd9f4dc5b5
5230,64.583887214,5.038921,30,v2,88000000ffffffffffffa8dd9f4dc5b5
5231,64.589993048,6.105834,30,v2,88000000ffffffffffffa8dd9f4dc5b5
5232,64.595173998,5.180950,30,v2,88000000ffffffffffffa8dd9f4dc5b5
5233,64.601304215,6.130217,30,v2,88000000ffffffffffffa8dd9f4dc5b5
5234,64.606257980,4.953765,30,v2,88000000ffffffffffffa8dd9f4dc5b5
5235,64.612502356,6.244376,30,v2,88000000ffffffffffffa8dd9f4dc5b5
5236,64.617695200,5.192844,30,v2,88000000ffffffffffffa8dd9f4dc5b5
5237,64.623661466,5.966266,30,v2,88000000ffffffffffffa8dd9f4dc5b5
5238,64.628698750,5.037284,30,v2,88000000ffffffffffffa8dd9f4dc5b5
5239,64.635851140,7.152390,30,v2,88000000ffffffffffffa8dd9f4dc5b5
5240,64.640844078,4.992938,30,v2,88000000ffffffffffffa8dd9f4dc5b5
5241,64.646900672,6.056594,30,v2,88000000ffffffffffffa8dd9f4dc5b5
5242,64.653218530,6.317858,30,v2,88000000ffffffffffffa8dd9f4dc5b5
5243,64.658184598,4.966068,30,v2,88000000ffffffffffffa8dd9f4dc5b5
5244,64.992678424,334.493826,30,v2,88000000ffffffffffffa8dd9f4dc5b5
5245,64.998738083,6.059659,30,v2,88000000ffffffffffffa8dd9f4dc5b5
5246,65.003574038,4.835955,30,v2,88000000ffffffffffffa8dd9f4dc5b5
5247,65.009490623,5.916585,30,v2,88000000ffffffffffffa8dd9f4dc5b5
5248,65.014658887,5.168264,30,v2,88000000ffffffffffffa8dd9f4dc5b5
5249,65.019769983,5.111096,30,v2,88000000ffffffffffffa8dd9f4dc5b5
5250,65.026887179,7.117196,30,v2,88000000ffffffffffffa8dd9f4dc5b5
5251,65.032339323,5.452144,30,v2,88000000ffffffffffffa8dd9f4dc5b5
5252,65.038271688,5.932365,30,v2,88000000ffffffffffffa8dd9f4dc5b5
5253,65.044238440,5.966752,30,v2,88000000ffffffffffffa8dd9f4dc5b5
5254,65.049238070,4.999630,30,v2,88000000ffffffffffffa8dd9f4dc5b5
5255,65.054435070,5.197000,30,v2,88000000ffffffffffffa8dd9f4dc5b5
5256,65.059445644,5.010574,30,v2,88000000ffffffffffffa8dd9f4dc5b5
5257,65.065597687,6.152043,30,v2,88000000ffffffffffffa8dd9f4dc5b5
5258,65.070614823,5.017136,30,v2,88000000ffffffffffffa8dd9f4dc5b5
5259,65.076794473,6.179650,30,v2,88000000ffffffffffffa8dd9f4dc5b5
5260,65.082048967,5.254494,30,v2,88000000ffffffffffffa8dd9f4dc5b5
5261,65.086958177,4.909210,30,v2,88000000ffffffffffffa8dd9f4dc5b5
5262,65.092924612,5.966435,30,v2,88000000ffffffffffffa8dd9f4dc5b5
5263,65.099064961,6.140349,30,v2,88000000ffffffffffffa8dd9f4dc5b5
5264,65.104445398,5.380437,30,v2,88000000ffffffffffffa8dd9f4dc5b5
5265,65.110115842,5.670444,30,v2,88000000ffffffffffffa8dd9f4dc5b5
5266,65.115265833,5.149991,30,v2,88000000ffffffffffffa8dd9f4dc5b5
5267,65.121604650,6.338817,30,v2,88000000ffffffffffffa8dd9f4dc5b5
5268,65.126650131,5.045481,30,v2,88000000ffffffffffffa8dd9f4dc5b5
5269,65.131592814,4.942683,30,v2,88000000ffffffffffffa8dd9f4dc5b5
5270,65.137572660,5.979846,30,v2,88000000ffffffffffffa8dd9f4dc5b5
5271,65.142804864,5.232204,30,v2,88000000ffffffffffffa8dd9f4dc5b5
5272,65.147870049,5.065185,30,v2,88000000ffffffffffffa8dd9f4dc5b5
5273,65.154983713,7.113664,30,v2,88000000ffffffffffffa8dd9f4dc5b5
5274,65.160239300,5.255587,30,v2,88000000ffffffffffffa8dd9f4dc5b5
5275,65.166210854,5.971554,30,v2,88000000ffffffffffffa8dd9f4dc5b5
5276,65.171183750,4.972896,30,v2,88000000ffffffffffffa8dd9f4dc5b5
5277,65.177317009,6.133259,30,v2,88000000ffffffffffffa8dd9f4dc5b5
5278,65.182387992,5.070983,30,v2,88000000ffffffffffffa8dd9f4dc5b5
5279,65.187758923,5.370931,30,v2,88000000ffffffffffffa8dd9f4dc5b5
5280,65.193822292,6.063369,30,v2,88000000ffffffffffffa8dd9f4dc5b5
5281,65.198889875,5.067583,30,v2,88000000ffffffffffffa8dd9f4dc5b5
5282,65.206753951,7.864076,30,v2,88000000ffffffffffffa8dd9f4dc5b5
5283,65.209903100,3.149149,30,v2,88000000ffffffffffffa8dd9f4dc5b5
5284,65.215816235,5.913135,30,v2,88000000ffffffffffffa8dd9f4dc5b5
5285,65.221012297,5.196062,30,v2,88000000ffffffffffffa8dd9f4dc5b5
5286,65.226313326,5.301029,30,v2,88000000ffffffffffffa8dd9f4dc5b5
5287,65.232623905,6.310579,30,v2,88000000ffffffffffffa8dd9f4dc5b5
5288,65.237455371,4.831466,30,v2,88000000ffffffffffffa8dd9f4dc5b5
5289,65.243586080,6.130709,30,v2,88000000ffffffffffffa8dd9f4dc5b5
5290,65.249155208,5.569128,30,v2,88000000ffffffffffffa8dd9f4dc5b5
5291,65.254826007,5.670799,30,v2,88000000ffffffffffffa8dd9f4dc5b5
5292,65.259624350,4.798343,30,v2,88000000ffffffffffffa8dd9f4dc5b5
5293,65.264655138,5.030788,30,v2,88000000ffffffffffffa8dd9f4dc5b5
5294,65.270616567,5.961429,30,v2,88000000ffffffffffffa8dd9f4dc5b5
5295,65.275786777,5.170210,30,v2,88000000ffffffffffffa8dd9f4dc5b5
5296,65.282130193,6.343416,30,v2,88000000ffffffffffffa8dd9f4dc5b5
5297,65.288327931,6.197738,30,v2,88000000ffffffffffffa8dd9f4dc5b5
5298,65.294282267,5.954336,30,v2,88000000ffffffffffffa8dd9f4dc5b5
5299,65.299342554,5.060287,30,v2,88000000ffffffffffffa8dd9f4dc5b5
5300,65.304586200,5.243646,30,v2,88000000ffffffffffffa8dd9f4dc5b5
5301,65.310608865,6.022665,30,v2,88000000ffffffffffffa8dd9f4dc5b5
5302,65.315655379,5.046514,30,v2,88000000ffffffffffffa8dd9f4dc5b5
5303,65.321772716,6.117337,30,v2,88000000ffffffffffffa8dd9f4dc5b5
5304,65.326819354,5.046638,30,v2,88000000ffffffffffffa8dd9f4dc5b5
5305,65.332885918,6.066564,30,v2,88000000ffffffffffffa8dd9f4dc5b5
5306,65.337856082,4.970164,30,v2,88000000ffffffffffffa8dd9f4dc5b5
5307,65.343056383,5.200301,30,v2,88000000ffffffffffffa8dd9f4dc5b5
5308,65.349165405,6.109022,30,v2,88000000ffffffffffffa8dd9f4dc5b5
5309,65.354229734,5.064329,30,v2,88000000ffffffffffffa8dd9f4dc5b5
5310,65.360175584,5.945850,30,v2,88000000ffffffffffffa8dd9f4dc5b5
5311,65.366323208,6.147624,30,v2,88000000ffffffffffffa8dd9f4dc5b5
5312,65.371569178,5.245970,30,v2,88000000ffffffffffffa8dd9f4dc5b5
5313,65.376690193,5.121015,30,v2,88000000ffffffffffffa8dd9f4dc5b5
5314,65.381791716,5.101523,30,v2,88000000ffffffffffffa8dd9f4dc5b5
5315,65.387744059,5.952343,30,v2,88000000ffffffffffffa8dd9f4dc5b5
5316,65.392817992,5.073933,30,v2,88000000ffffffffffffa8dd9f4dc5b5
5317,65.400095185,7.277193,30,v2,88000000ffffffffffffa8dd9f4dc5b5
5318,65.403924623,3.829438,30,v2,88000000ffffffffffffa8dd9f4dc5b5
5319,65.409149893,5.225270,30,v2,88000000ffffffffffffa8dd9f4dc5b5
5320,65.416047123,6.897230,30,v2,88000000ffffffffffffa8dd9f4dc5b5
5321,65.421310804,5.263681,30,v2,88000000ffffffffffffa8dd9f4dc5b5
5322,65.427438779,6.127975,30,v2,88000000ffffffffffffa8dd9f4dc5b5
5323,65.433521952,6.083173,30,v2,88000000ffffffffffffa8dd9f4dc5b5
5324,65.438738801,5.216849,30,v2,88000000ffffffffffffa8dd9f4dc5b5
5325,65.444750753,6.011952,30,v2,88000000ffffffffffffa8dd9f4dc5b5
5326,65.449595785,4.845032,30,v2,88000000ffffffffffffa8dd9f4dc5b5
5327,65.454845573,5.249788,30,v2,88000000ffffffffffffa8dd9f4dc5b5
5328,65.460973192,6.127619,30,v2,88000000ffffffffffffa8dd9f4dc5b5
5329,65.465889610,4.916418,30,v2,88000000ffffffffffffa8dd9f4dc5b5
5330,65.471910481,6.020871,30,v2,88000000ffffffffffffa8dd9f4dc5b5
5331,65.477947604,6.037123,30,v2,88000000ffffffffffffa8dd9f4dc5b5
5332,65.483171410,5.223806,30,v2,88000000ffffffffffffa8dd9f4dc5b5
5333,65.489444149,6.272739,30,v2,88000000ffffffffffffa8dd9f4dc5b5
5334,65.496121369,6.677220,30,v2,88000000ffffffffffffa8dd9f4dc5b5
5335,65.499406842,3.285473,30,v2,88000000ffffffffffffa8dd9f4dc5b5
5336,65.505582616,6.175774,30,v2,88000000ffffffffffffa8dd9f4dc5b5
5337,65.510668482,5.085866,30,v2,88000000ffffffffffffa8dd9f4dc5b5
5338,65.516636670,5.968188,30,v2,88000000ffffffffffffa8dd9f4dc5b5
5339,65.523634130,6.997460,30,v2,88000000ffffffffffffa8dd9f4dc5b5
5340,65.529288620,5.654490,30,v2,88000000ffffffffffffa8dd9f4dc5b5
5341,65.534238139,4.949519,30,v2,88000000ffffffffffffa8dd9f4dc5b5
5342,65.538265329,4.027190,30,v2,88000000ffffffffffffa8dd9f4dc5b5
5343,65.546510196,8.244867,30,v2,88000000ffffffffffffa8dd9f4dc5b5
5344,65.591770264,45.260068,99,v2,1c000000aadd9f4dc5b5688599030000
5345,65.879604981,287.834717,30,v2,88000000ffffffffffffa8dd9f4dc5b5
5346,65.885606624,6.001643,30,v2,88000000ffffffffffffa8dd9f4dc5b5
5347,65.890551554,4.944930,30,v2,88000000ffffffffffffa8dd9f4dc5b5
5348,65.895740358,5.188804,30,v2,88000000ffffffffffffa8dd9f4dc5b5
5349,65.901833340,6.092982,30,v2,88000000ffffffffffffa8dd9f4dc5b5
5350,65.907003623,5.170283,30,v2,88000000ffffffffffffa8dd9f4dc5b5
5351,65.912108399,5.104776,30,v2,88000000ffffffffffffa8dd9f4dc5b5
5352,65.919138660,7.030261,30,v2,88000000ffffffffffffa8dd9f4dc5b5
5353,65.923125689,3.987029,30,v2,88000000ffffffffffffa8dd9f4dc5b5
5354,65.928286129,5.160440,30,v2,88000000ffffffffffffa8dd9f4dc5b5
5355,65.935196052,6.909923,30,v2,88000000ffffffffffffa8dd9f4dc5b5
5356,65.940437570,5.241518,30,v2,88000000ffffffffffffa8dd9f4dc5b5
5357,65.945376675,4.939105,30,v2,88000000ffffffffffffa8dd9f4dc5b5
5358,65.951582179,6.205504,30,v2,88000000ffffffffffffa8dd9f4dc5b5
5359,65.956674912,5.092733,30,v2,88000000ffffffffffffa8dd9f4dc5b5
5360,65.961524077,4.849165,30,v2,88000000ffffffffffffa8dd9f4dc5b5
5361,65.966715301,5.191224,30,v2,88000000ffffffffffffa8dd9f4dc5b5
5362,65.973250377,6.535076,30,v2,88000000ffffffffffffa8dd9f4dc5b5
5363,65.977923208,4.672831,30,v2,88000000ffffffffffffa8dd9f4dc5b5
5364,65.983944131,6.020923,30,v2,88000000ffffffffffffa8dd9f4dc5b5
5365,65.990966281,7.022150,30,v2,88000000ffffffffffffa8dd9f4dc5b5
5366,65.995372713,4.406432,30,v2,88000000ffffffffffffa8dd9f4dc5b5
5367,66.000454933,5.082220,30,v2,88000000ffffffffffffa8dd9f4dc5b5
5368,66.007101991,6.647058,30,v2,88000000ffffffffffffa8dd9f4dc5b5
5369,66.010546789,3.444798,30,v2,88000000ffffffffffffa8dd9f4dc5b5
5370,66.016595511,6.048722,30,v2,88000000ffffffffffffa8dd9f4dc5b5
5371,66.021643874,5.048363,30,v2,88000000ffffffffffffa8dd9f4dc5b5
5372,66.027584433,5.940559,30,v2,88000000ffffffffffffa8dd9f4dc5b5
5373,66.032751861,5.167428,30,v2,88000000ffffffffffffa8dd9f4dc5b5
5374,66.037844573,5.092712,30,v2,88000000ffffffffffffa8dd9f4dc5b5
5375,66.043019207,5.174634,30,v2,88000000ffffffffffffa8dd9f4dc5b5
5376,66.048992283,5.973076,30,v2,88000000ffffffffffffa8dd9f4dc5b5
5377,66.054234095,5.241812,30,v2,88000000ffffffffffffa8dd9f4dc5b5
5378,66.059170317,4.936222,30,v2,88000000ffffffffffffa8dd9f4dc5b5
5379,66.066351623,7.181306,30,v2,88000000ffffffffffffa8dd9f4dc5b5
5380,66.071323299,4.971676,30,v2,88000000ffffffffffffa8dd9f4dc5b5
5381,66.076443858,5.120559,30,v2,88000000ffffffffffffa8dd9f4dc5b5
5382,66.082529022,6.085164,30,v2,88000000ffffffffffffa8dd9f4dc5b5
5383,66.087613995,5.084973,30,v2,88000000ffffffffffffa8dd9f4dc5b5
5384,66.092702314,5.088319,30,v2,88000000ffffffffffffa8dd9f4dc5b5
5385,66.098688756,5.986442,30,v2,88000000ffffffffffffa8dd9f4dc5b5
5386,66.103810985,5.122229,30,v2,88000000ffffffffffffa8dd9f4dc5b5
5387,66.108878090,5.067105,30,v2,88000000ffffffffffffa8dd9f4dc5b5
5388,66.115109631,6.231541,30,v2,88000000ffffffffffffa8dd9f4dc5b5
5389,66.120174849,5.065218,30,v2,88000000ffffffffffffa8dd9f4dc5b5
5390,66.125258878,5.084029,30,v2,88000000ffffffffffffa8dd9f4dc5b5
5391,66.131315195,6.056317,30,v2,88000000ffffffffffffa8dd9f4dc5b5
5392,66.136468404,5.153209,30,v2,88000000ffffffffffffa8dd9f4dc5b5
5393,66.141459888,4.991484,30,v2,88000000ffffffffffffa8dd9f4dc5b5
5394,66.146618323,5.158435,30,v2,88000000ffffffffffffa8dd9f4dc5b5
5395,66.152756320,6.137997,30,v2,88000000ffffffffffffa8dd9f4dc5b5
5396,66.157889296,5.132976,30,v2,88000000ffffffffffffa8dd9f4dc5b5
5397,66.163821089,5.931793,30,v2,88000000ffffffffffffa8dd9f4dc5b5
5398,66.168905211,5.084122,30,v2,88000000ffffffffffffa8dd9f4dc5b5
5399,66.174129819,5.224608,30,v2,88000000ffffffffffffa8dd9f4dc5b5
5400,66.180286314,6.156495,30,v2,88000000ffffffffffffa8dd9f4dc5b5
5401,66.185208689,4.922375,30,v2,88000000ffffffffffffa8dd9f4dc5b5
5402,66.190294536,5.085847,30,v2,88000000ffffffffffffa8dd9f4dc5b5
5403,66.197419161,7.124625,30,v2,88000000ffffffffffffa8dd9f4dc5b5
5404,66.202520167,5.101006,30,v2,88000000ffffffffffffa8dd9f4dc5b5
5405,66.207727855,5.207688,30,v2,88000000ffffffffffffa8dd9f4dc5b5
5406,66.212879153,5.151298,30,v2,88000000ffffffffffffa8dd9f4dc5b5
5407,66.218695417,5.816264,30,v2,88000000ffffffffffffa8dd9f4dc5b5
5408,66.223810864,5.115447,30,v2,88000000ffffffffffffa8dd9f4dc5b5
5409,66.229888660,6.077796,30,v2,88000000ffffffffffffa8dd9f4dc5b5
5410,66.234913950,5.025290,30,v2,88000000ffffffffffffa8dd9f4dc5b5
5411,66.240078486,5.164536,30,v2,88000000ffffffffffffa8dd9f4dc5b5
5412,66.246309578,6.231092,30,v2,88000000ffffffffffffa8dd9f4dc5b5
5413,66.251237796,4.928218,30,v2,88000000ffffffffffffa8dd9f4dc5b5
5414,66.256632311,5.394515,30,v2,88000000ffffffffffffa8dd9f4dc5b5
5415,66.262469367,5.837056,30,v2,88000000ffffffffffffa8dd9f4dc5b5
5416,66.267627513,5.158146,30,v2,88000000ffffffffffffa8dd9f4dc5b5
5417,66.272999681,5.372168,30,v2,88000000ffffffffffffa8dd9f4dc5b5
5418,66.278618346,5.618665,30,v2,88000000ffffffffffffa8dd9f4dc5b5
5419,66.283766097,5.147751,30,v2,88000000ffffffffffffa8dd9f4dc5b5
5420,66.288806207,5.040110,30,v2,88000000ffffffffffffa8dd9f4dc5b5
5421,66.294800688,5.994481,30,v2,88000000ffffffffffffa8dd9f4dc5b5
5422,66.299965165,5.164477,30,v2,88000000ffffffffffffa8dd9f4dc5b5
5423,66.305104155,5.138990,30,v2,88000000ffffffffffffa8dd9f4dc5b5
5424,66.311060421,5.956266,30,v2,88000000ffffffffffffa8dd9f4dc5b5
5425,66.316195689,5.135268,30,v2,88000000ffffffffffffa8dd9f4dc5b5
5426,66.321293395,5.097706,30,v2,88000000ffffffffffffa8dd9f4dc5b5
5427,66.327487029,6.193634,30,v2,88000000ffffffffffffa8dd9f4dc5b5
5428,66.333426889,5.939860,30,v2,88000000ffffffffffffa8dd9f4dc5b5
5429,66.338804752,5.377863,30,v2,88000000ffffffffffffa8dd9f4dc5b5
5430,66.343756513,4.951761,30,v2,88000000ffffffffffffa8dd9f4dc5b5
5431,66.349789627,6.033114,30,v2,88000000ffffffffffffa8dd9f4dc5b5
5432,66.354882567,5.092940,30,v2,88000000ffffffffffffa8dd9f4dc5b5
5433,66.359921902,5.039335,30,v2,88000000ffffffffffffa8dd9f4dc5b5
5434,66.366180376,6.258474,30,v2,88000000ffffffffffffa8dd9f4dc5b5
5435,66.371310632,5.130256,30,v2,88000000ffffffffffffa8dd9f4dc5b5
5436,66.377273941,5.963309,30,v2,88000000ffffffffffffa8dd9f4dc5b5
5437,66.383198414,5.924473,30,v2,88000000ffffffffffffa8dd9f4dc5b5
5438,66.387591769,4.393355,30,v2,88000000ffffffffffffa8dd9f4dc5b5
5439,66.392436496,4.844727,30,v2,88000000ffffffffffffa8dd9f4dc5b5
5440,66.400502049,8.065553,30,v2,88000000ffffffffffffa8dd9f4dc5b5
5441,66.405697521,5.195472,30,v2,88000000ffffffffffffa8dd9f4dc5b5
5442,66.408892395,3.194874,30,v2,88000000ffffffffffffa8dd9f4dc5b5
5443,66.416514724,7.622329,30,v2,88000000ffffffffffffa8dd9f4dc5b5
5444,66.419822473,3.307749,30,v2,88000000ffffffffffffa8dd9f4dc5b5
5445,66.757214584,337.392111,30,v2,88000000ffffffffffffa8dd9f4dc5b5
5446,66.762432692,5.218108,30,v2,88000000ffffffffffffa8dd9f4dc5b5
5447,66.767342362,4.909670,30,v2,88000000ffffffffffffa8dd9f4dc5b5
5448,66.772648756,5.306394,30,v2,88000000ffffffffffffa8dd9f4dc5b5
5449,66.778443773,5.795017,30,v2,88000000ffffffffffffa8dd9f4dc5b5
5450,66.783564902,5.121129,30,v2,88000000ffffffffffffa8dd9f4dc5b5
5451,66.788668216,5.103314,30,v2,88000000ffffffffffffa8dd9f4dc5b5
5452,66.793803479,5.135263,30,v2,88000000ffffffffffffa8dd9f4dc5b5
5453,66.799755770,5.952291,30,v2,88000000ffffffffffffa8dd9f4dc5b5
5454,66.805151454,5.395684,30,v2,88000000ffffffffffffa8dd9f4dc5b5
5455,66.810199564,5.048110,30,v2,88000000ffffffffffffa8dd9f4dc5b5
5456,66.815323192,5.123628,30,v2,88000000ffffffffffffa8dd9f4dc5b5
5457,66.821236803,5.913611,30,v2,88000000ffffffffffffa8dd9f4dc5b5
5458,66.826343152,5.106349,30,v2,88000000ffffffffffffa8dd9f4dc5b5
5459,66.831388566,5.045414,30,v2,88000000ffffffffffffa8dd9f4dc5b5
5460,66.836452339,5.063773,30,v2,88000000ffffffffffffa8dd9f4dc5b5
5461,66.842146269,5.693930,30,v2,88000000ffffffffffffa8dd9f4dc5b5
5462,66.849921260,7.774991,30,v2,88000000ffffffffffffa8dd9f4dc5b5
5463,66.853883451,3.962191,30,v2,88000000ffffffffffffa8dd9f4dc5b5
5464,66.858761358,4.877907,30,v2,88000000ffffffffffffa8dd9f4dc5b5
5465,66.864845227,6.083869,30,v2,88000000ffffffffffffa8dd9f4dc5b5
5466,66.869975715,5.130488,30,v2,88000000ffffffffffffa8dd9f4dc5b5
5467,66.876100906,6.125191,30,v2,88000000ffffffffffffa8dd9f4dc5b5
5468,66.880195811,4.094905,30,v2,88000000ffffffffffffa8dd9f4dc5b5
5469,66.885288632,5.092821,30,v2,88000000ffffffffffffa8dd9f4dc5b5
5470,66.891310192,6.021560,30,v2,88000000ffffffffffffa8dd9f4dc5b5
5471,66.896436564,5.126372,30,v2,88000000ffffffffffffa8dd9f4dc5b5
5472,66.901598738,5.162174,30,v2,88000000ffffffffffffa8dd9f4dc5b5
5473,66.907478813,5.880075,30,v2,88000000ffffffffffffa8dd9f4dc5b5
5474,66.912554903,5.076090,30,v2,88000000ffffffffffffa8dd9f4dc5b5
5475,66.917580662,5.025759,30,v2,88000000ffffffffffffa8dd9f4dc5b5
5476,66.922806563,5.225901,30,v2,88000000ffffffffffffa8dd9f4dc5b5
5477,66.927938661,5.132098,30,v2,88000000ffffffffffffa8dd9f4dc5b5
5478,66.933941933,6.003272,30,v2,88000000ffffffffffffa8dd9f4dc5b5
5479,66.939172858,5.230925,30,v2,88000000ffffffffffffa8dd9f4dc5b5
5480,66.944072812,4.899954,30,v2,88000000ffffffffffffa8dd9f4dc5b5
5481,66.949199139,5.126327,30,v2,88000000ffffffffffffa8dd9f4dc5b5
5482,66.954526265,5.327126,30,v2,88000000ffffffffffffa8dd9f4dc5b5
5483,66.960473963,5.947698,30,v2,88000000ffffffffffffa8dd9f4dc5b5
5484,66.965482553,5.008590,30,v2,88000000ffffffffffffa8dd9f4dc5b5
5485,66.970609024,5.126471,30,v2,88000000ffffffffffffa8dd9f4dc5b5
5486,66.976694359,6.085335,30,v2,88000000ffffffffffffa8dd9f4dc5b5
5487,66.982758489,6.064130,30,v2,88000000ffffffffffffa8dd9f4dc5b5
5488,66.988070629,5.312140,30,v2,88000000ffffffffffffa8dd9f4dc5b5
5489,66.993030862,4.960233,30,v2,88000000ffffffffffffa8dd9f4dc5b5
5490,66.998181305,5.150443,30,v2,88000000ffffffffffffa8dd9f4dc5b5
5491,67.003045514,4.864209,30,v2,88000000ffffffffffffa8dd9f4dc5b5
5492,67.009023594,5.978080,30,v2,88000000ffffffffffffa8dd9f4dc5b5
5493,67.014304339,5.280745,30,v2,88000000ffffffffffffa8dd9f4dc5b5
5494,67.019463657,5.159318,30,v2,88000000ffffffffffffa8dd9f4dc5b5
5495,67.024376401,4.912744,30,v2,88000000ffffffffffffa8dd9f4dc5b5
5496,67.030615800,6.239399,30,v2,88000000ffffffffffffa8dd9f4dc5b5
5497,67.035495492,4.879692,30,v2,88000000ffffffffffffa8dd9f4dc5b5
5498,67.040666809,5.171317,30,v2,88000000ffffffffffffa8dd9f4dc5b5
5499,67.045744907,5.078098,30,v2,88000000ffffffffffffa8dd9f4dc5b5
5500,67.051831649,6.086742,30,v2,88000000ffffffffffffa8dd9f4dc5b5
5501,67.056891043,5.059394,30,v2,88000000ffffffffffffa8dd9f4dc5b5
5502,67.061945381,5.054338,30,v2,88000000ffffffffffffa8dd9f4dc5b5
5503,67.067138126,5.192745,30,v2,88000000ffffffffffffa8dd9f4dc5b5
5504,67.072315749,5.177623,30,v2,88000000ffffffffffffa8dd9f4dc5b5
5505,67.078195092,5.879343,30,v2,88000000ffffffffffffa8dd9f4dc5b5
5506,67.083256906,5.061814,30,v2,88000000ffffffffffffa8dd9f4dc5b5
5507,67.088570171,5.313265,30,v2,88000000ffffffffffffa8dd9f4dc5b5
5508,67.093550142,4.979971,30,v2,88000000ffffffffffffa8dd9f4dc5b5
5509,67.099530256,5.980114,30,v2,88000000ffffffffffffa8dd9f4dc5b5
5510,67.105571367,6.041111,30,v2,88000000ffffffffffffa8dd9f4dc5b5
5511,67.110714150,5.142783,30,v2,88000000ffffffffffffa8dd9f4dc5b5
5512,67.115843981,5.129831,30,v2,88000000ffffffffffffa8dd9f4dc5b5
5513,67.121905947,6.061966,30,v2,88000000ffffffffffffa8dd9f4dc5b5
5514,67.127062134,5.156187,30,v2,88000000ffffffffffffa8dd9f4dc5b5
5515,67.132157499,5.095365,30,v2,88000000ffffffffffffa8dd9f4dc5b5
5516,67.137270632,5.113133,30,v2,88000000ffffffffffffa8dd9f4dc5b5
5517,67.142335511,5.064879,30,v2,88000000ffffffffffffa8dd9f4dc5b5
5518,67.148646047,6.310536,30,v2,88000000ffffffffffffa8dd9f4dc5b5
5519,67.153457423,4.811376,30,v2,88000000ffffffffffffa8dd9f4dc5b5
5520,67.158443411,4.985988,30,v2,88000000ffffffffffffa8dd9f4dc5b5
5521,67.164203370,5.759959,30,v2,88000000ffffffffffffa8dd9f4dc5b5
5522,67.170640563,6.437193,30,v2,88000000ffffffffffffa8dd9f4dc5b5
5523,67.174671526,4.030963,30,v2,88000000ffffffffffffa8dd9f4dc5b5
5524,67.179772661,5.101135,30,v2,88000000ffffffffffffa8dd9f4dc5b5
5525,67.184913127,5.140466,30,v2,88000000ffffffffffffa8dd9f4dc5b5
5526,67.191005741,6.092614,30,v2,88000000ffffffffffffa8dd9f4dc5b5
5527,67.196038910,5.033169,30,v2,88000000ffffffffffffa8dd9f4dc5b5
5528,67.201252573,5.213663,30,v2,88000000ffffffffffffa8dd9f4dc5b5
5529,67.206233012,4.980439,30,v2,88000000ffffffffffffa8dd9f4dc5b5
5530,67.211380609,5.147597,30,v2,88000000ffffffffffffa8dd9f4dc5b5
5531,67.217478630,6.098021,30,v2,88000000ffffffffffffa8dd9f4dc5b5
5532,67.222561367,5.082737,30,v2,88000000ffffffffffffa8dd9f4dc5b5
5533,67.227665758,5.104391,30,v2,88000000ffffffffffffa8dd9f4dc5b5
5534,67.232878141,5.212383,30,v2,88000000ffffffffffffa8dd9f4dc5b5
5535,67.239882095,7.003954,30,v2,88000000ffffffffffffa8dd9f4dc5b5
5536,67.244975845,5.093750,30,v2,88000000ffffffffffffa8dd9f4dc5b5
5537,67.250087916,5.112071,30,v2,88000000ffffffffffffa8dd9f4dc5b5
5538,67.255190936,5.103020,30,v2,88000000ffffffffffffa8dd9f4dc5b5
5539,67.261103830,5.912894,30,v2,88000000ffffffffffffa8dd9f4dc5b5
5540,67.266229390,5.125560,30,v2,88000000ffffffffffffa8dd9f4dc5b5
5541,67.271389121,5.159731,30,v2,88000000ffffffffffffa8dd9f4dc5b5
5542,67.276443455,5.054334,30,v2,88000000ffffffffffffa8dd9f4dc5b5
5543,67.281729586,5.286131,30,v2,88000000ffffffffffffa8dd9f4dc5b5
5544,67.287838110,6.108524,30,v2,88000000ffffffffffffa8dd9f4dc5b5
5545,67.622809538,334.971428,30,v2,88000000ffffffffffffa8dd9f4dc5b5
5546,67.629936008,7.126470,30,v2,88000000ffffffffffffa8dd9f4dc5b5
5547,67.634969523,5.033515,30,v2,88000000ffffffffffffa8dd9f4dc5b5
5548,67.640334490,5.364967,30,v2,88000000ffffffffffffa8dd9f4dc5b5
5549,67.646945045,6.610555,30,v2,88000000ffffffffffffa8dd9f4dc5b5
5550,67.650288107,3.343062,30,v2,88000000ffffffffffffa8dd9f4dc5b5
5551,67.655483345,5.195238,30,v2,88000000ffffffffffffa8dd9f4dc5b5
5552,67.660619196,5.135851,30,v2,88000000ffffffffffffa8dd9f4dc5b5
5553,67.665760856,5.141660,30,v2,88000000ffffffffffffa8dd9f4dc5b5
5554,67.671506290,5.745434,30,v2,88000000ffffffffffffa8dd9f4dc5b5
5555,67.676684020,5.177730,30,v2,88000000ffffffffffffa8dd9f4dc5b5
5556,67.681677359,4.993339,30,v2,88000000ffffffffffffa8dd9f4dc5b5
5557,67.686766807,5.089448,30,v2,88000000ffffffffffffa8dd9f4dc5b5
5558,67.691869748,5.102941,30,v2,88000000ffffffffffffa8dd9f4dc5b5
5559,67.696945139,5.075391,30,v2,88000000ffffffffffffa8dd9f4dc5b5
5560,67.702005275,5.060136,30,v2,88000000ffffffffffffa8dd9f4dc5b5
5561,67.707112819,5.107544,30,v2,88000000ffffffffffffa8dd9f4dc5b5
5562,67.713134615,6.021796,30,v2,88000000ffffffffffffa8dd9f4dc5b5
5563,67.718261212,5.126597,30,v2,88000000ffffffffffffa8dd9f4dc5b5
5564,67.723293241,5.032029,30,v2,88000000ffffffffffffa8dd9f4dc5b5
5565,67.728461565,5.168324,30,v2,88000000ffffffffffffa8dd9f4dc5b5
5566,67.733486846,5.025281,30,v2,88000000ffffffffffffa8dd9f4dc5b5
5567,67.738522071,5.035225,30,v2,88000000ffffffffffffa8dd9f4dc5b5
5568,67.743655884,5.133813,30,v2,88000000ffffffffffffa8dd9f4dc5b5
5569,67.748902766,5.246882,30,v2,88000000ffffffffffffa8dd9f4dc5b5
5570,67.755855486,6.952720,30,v2,88000000ffffffffffffa8dd9f4dc5b5
5571,67.761010962,5.155476,30,v2,88000000ffffffffffffa8dd9f4dc5b5
5572,67.767932725,6.921763,30,v2,88000000ffffffffffffa8dd9f4dc5b5
5573,67.771813255,3.880530,30,v2,88000000ffffffffffffa8dd9f4dc5b5
5574,67.776294203,4.480948,30,v2,88000000ffffffffffffa8dd9f4dc5b5
5575,67.782274710,5.980507,30,v2,88000000ffffffffffffa8dd9f4dc5b5
5576,67.788453457,6.178747,30,v2,88000000ffffffffffffa8dd9f4dc5b5
5577,67.792780220,4.326763,30,v2,88000000ffffffffffffa8dd9f4dc5b5
5578,67.797464720,4.684500,30,v2,88000000ffffffffffffa8dd9f4dc5b5
5579,67.802556852,5.092132,30,v2,88000000ffffffffffffa8dd9f4dc5b5
5580,67.807614615,5.057763,30,v2,88000000ffffffffffffa8dd9f4dc5b5
5581,67.813715017,6.100402,30,v2,88000000ffffffffffffa8dd9f4dc5b5
5582,67.817850933,4.135916,30,v2,88000000ffffffffffffa8dd9f4dc5b5
5583,67.823928013,6.077080,30,v2,88000000ffffffffffffa8dd9f4dc5b5
5584,67.828971541,5.043528,30,v2,88000000ffffffffffffa8dd9f4dc5b5
5585,67.834095601,5.124060,30,v2,88000000ffffffffffffa8dd9f4dc5b5
5586,67.839194068,5.098467,30,v2,88000000ffffffffffffa8dd9f4dc5b5
5587,67.844225733,5.031665,30,v2,88000000ffffffffffffa8dd9f4dc5b5
5588,67.849348982,5.123249,30,v2,88000000ffffffffffffa8dd9f4dc5b5
5589,67.855450818,6.101836,30,v2,88000000ffffffffffffa8dd9f4dc5b5
5590,67.860794264,5.343446,30,v2,88000000ffffffffffffa8dd9f4dc5b5
5591,67.865618527,4.824263,30,v2,88000000ffffffffffffa8dd9f4dc5b5
5592,67.870641754,5.023227,30,v2,88000000ffffffffffffa8dd9f4dc5b5
5593,67.875737477,5.095723,30,v2,88000000ffffffffffffa8dd9f4dc5b5
5594,67.880888268,5.150791,30,v2,88000000ffffffffffffa8dd9f4dc5b5
5595,67.887007031,6.118763,30,v2,88000000ffffffffffffa8dd9f4dc5b5
5596,67.892102190,5.095159,30,v2,88000000ffffffffffffa8dd9f4dc5b5
5597,67.898110111,6.007921,30,v2,88000000ffffffffffffa8dd9f4dc5b5
5598,67.903346618,5.236507,30,v2,88000000ffffffffffffa8dd9f4dc5b5
5599,67.908259712,4.913094,30,v2,88000000ffffffffffffa8dd9f4dc5b5
5600,67.913356995,5.097283,30,v2,88000000ffffffffffffa8dd9f4dc5b5
5601,67.918792211,5.435216,30,v2,88000000ffffffffffffa8dd9f4dc5b5
5602,67.925576207,6.783996,30,v2,88000000ffffffffffffa8dd9f4dc5b5
5603,67.928891218,3.315011,30,v2,88000000ffffffffffffa8dd9f4dc5b5
5604,67.934843760,5.952542,30,v2,88000000ffffffffffffa8dd9f4dc5b5
5605,67.939828286,4.984526,30,v2,88000000ffffffffffffa8dd9f4dc5b5
5606,67.945007950,5.179664,30,v2,88000000ffffffffffffa8dd9f4dc5b5
5607,67.949921819,4.913869,30,v2,88000000ffffffffffffa8dd9f4dc5b5
5608,67.955063769,5.141950,30,v2,88000000ffffffffffffa8dd9f4dc5b5
5609,67.960175142,5.111373,30,v2,88000000ffffffffffffa8dd9f4dc5b5
5610,67.965400114,5.224972,30,v2,88000000ffffffffffffa8dd9f4dc5b5
5611,67.970468827,5.068713,30,v2,88000000ffffffffffffa8dd9f4dc5b5
5612,67.975363416,4.894589,30,v2,88000000ffffffffffffa8dd9f4dc5b5
5613,67.981504903,6.141487,30,v2,88000000ffffffffffffa8dd9f4dc5b5
5614,67.986515255,5.010352,30,v2,88000000ffffffffffffa8dd9f4dc5b5
5615,67.991520469,5.005214,30,v2,88000000ffffffffffffa8dd9f4dc5b5
5616,67.996549136,5.028667,30,v2,88000000ffffffffffffa8dd9f4dc5b5
5617,68.001841054,5.291918,30,v2,88000000ffffffffffffa8dd9f4dc5b5
5618,68.006844870,5.003816,30,v2,88000000ffffffffffffa8dd9f4dc5b5
5619,68.012025666,5.180796,30,v2,88000000ffffffffffffa8dd9f4dc5b5
5620,68.018048393,6.022727,30,v2,88000000ffffffffffffa8dd9f4dc5b5
5621,68.024154931,6.106538,30,v2,88000000ffffffffffffa8dd9f4dc5b5
5622,68.030757685,6.602754,30,v2,88000000ffffffffffffa8dd9f4dc5b5
5623,68.034289370,3.531685,30,v2,88000000ffffffffffffa8dd9f4dc5b5
5624,68.039366492,5.077122,30,v2,88000000ffffffffffffa8dd9f4dc5b5
5625,68.044486597,5.120105,30,v2,88000000ffffffffffffa8dd9f4dc5b5
5626,68.049603555,5.116958,30,v2,88000000ffffffffffffa8dd9f4dc5b5
5627,68.054732743,5.129188,30,v2,88000000ffffffffffffa8dd9f4dc5b5
5628,68.059783980,5.051237,30,v2,88000000ffffffffffffa8dd9f4dc5b5
5629,68.065744840,5.960860,30,v2,88000000ffffffffffffa8dd9f4dc5b5
5630,68.070862554,5.117714,30,v2,88000000ffffffffffffa8dd9f4dc5b5
5631,68.075947409,5.084855,30,v2,88000000ffffffffffffa8dd9f4dc5b5
5632,68.081175127,5.227718,30,v2,88000000ffffffffffffa8dd9f4dc5b5
5633,68.086156018,4.980891,30,v2,88000000ffffffffffffa8dd9f4dc5b5
5634,68.091113814,4.957796,30,v2,88000000ffffffffffffa8dd9f4dc5b5
5635,68.097306287,6.192473,30,v2,88000000ffffffffffffa8dd9f4dc5b5
5636,68.102591278,5.284991,30,v2,88000000ffffffffffffa8dd9f4dc5b5
5637,68.107401119,4.809841,30,v2,88000000ffffffffffffa8dd9f4dc5b5
5638,68.112433984,5.032865,30,v2,88000000ffffffffffffa8dd9f4dc5b5
5639,68.117624687,5.190703,30,v2,88000000ffffffffffffa8dd9f4dc5b5
5640,68.122885805,5.261118,30,v2,88000000ffffffffffffa8dd9f4dc5b5
5641,68.127841021,4.955216,30,v2,88000000ffffffffffffa8dd9f4dc5b5
5642,68.132955780,5.114759,30,v2,88000000ffffffffffffa8dd9f4dc5b5
5643,68.139002795,6.047015,30,v2,88000000ffffffffffffa8dd9f4dc5b5
5644,68.144038345,5.035550,30,v2,88000000ffffffffffffa8dd9f4dc5b5
5645,68.480347183,336.308838,30,v2,88000000ffffffffffffa8dd9f4dc5b5
5646,68.485561315,5.214132,30,v2,88000000ffffffffffffa8dd9f4dc5b5
5647,68.490828177,5.266862,30,v2,88000000ffffffffffffa8dd9f4dc5b5
5648,68.495540614,4.712437,30,v2,88000000ffffffffffffa8dd9f4dc5b5
5649,68.500548775,5.008161,30,v2,88000000ffffffffffffa8dd9f4dc5b5
5650,68.505568533,5.019758,30,v2,88000000ffffffffffffa8dd9f4dc5b5
5651,68.510742042,5.173509,30,v2,88000000ffffffffffffa8dd9f4dc5b5
5652,68.516242948,5.500906,30,v2,88000000ffffffffffffa8dd9f4dc5b5
5653,68.521086908,4.843960,30,v2,88000000ffffffffffffa8dd9f4dc5b5
5654,68.528864590,7.777682,30,v2,88000000ffffffffffffa8dd9f4dc5b5
5655,68.531159050,2.294460,30,v2,88000000ffffffffffffa8dd9f4dc5b5
5656,68.537216726,6.057676,30,v2,88000000ffffffffffffa8dd9f4dc5b5
5657,68.543441894,6.225168,30,v2,88000000ffffffffffffa8dd9f4dc5b5
5658,68.547475972,4.034078,30,v2,88000000ffffffffffffa8dd9f4dc5b5
5659,68.553527545,6.051573,30,v2,88000000ffffffffffffa8dd9f4dc5b5
5660,68.558801226,5.273681,30,v2,88000000ffffffffffffa8dd9f4dc5b5
5661,68.563598860,4.797634,30,v2,88000000ffffffffffffa8dd9f4dc5b5
5662,68.568800208,5.201348,30,v2,88000000ffffffffffffa8dd9f4dc5b5
5663,68.573876018,5.075810,30,v2,88000000ffffffffffffa8dd9f4dc5b5
5664,68.578844000,4.967982,30,v2,88000000ffffffffffffa8dd9f4dc5b5
5665,68.583842293,4.998293,30,v2,88000000ffffffffffffa8dd9f4dc5b5
5666,68.588964863,5.122570,30,v2,88000000ffffffffffffa8dd9f4dc5b5
5667,68.594029294,5.064431,30,v2,88000000ffffffffffffa8dd9f4dc5b5
5668,68.599187967,5.158673,30,v2,88000000ffffffffffffa8dd9f4dc5b5
5669,68.604326810,5.138843,30,v2,88000000ffffffffffffa8dd9f4dc5b5
5670,68.609665605,5.338795,30,v2,88000000ffffffffffffa8dd9f4dc5b5
5671,68.614553210,4.887605,30,v2,88000000ffffffffffffa8dd9f4dc5b5
5672,68.619571945,5.018735,30,v2,88000000ffffffffffffa8dd9f4dc5b5
5673,68.624526665,4.954720,30,v2,88000000ffffffffffffa8dd9f4dc5b5
5674,68.629642395,5.115730,30,v2,88000000ffffffffffffa8dd9f4dc5b5
5675,68.634745294,5.102899,30,v2,88000000ffffffffffffa8dd9f4dc5b5
5676,68.639906889,5.161595,30,v2,88000000ffffffffffffa8dd9f4dc5b5
5677,68.644873820,4.966931,30,v2,88000000ffffffffffffa8dd9f4dc5b5
5678,68.650179376,5.305556,30,v2,88000000ffffffffffffa8dd9f4dc5b5
5679,68.655229588,5.050212,30,v2,88000000ffffffffffffa8dd9f4dc5b5
5680,68.660432615,5.203027,30,v2,88000000ffffffffffffa8dd9f4dc5b5
5681,68.666330372,5.897757,30,v2,88000000ffffffffffffa8dd9f4dc5b5
5682,68.671669160,5.338788,30,v2,88000000ffffffffffffa8dd9f4dc5b5
5683,68.676655390,4.986230,30,v2,88000000ffffffffffffa8dd9f4dc5b5
5684,68.681909542,5.254152,30,v2,88000000ffffffffffffa8dd9f4dc5b5
5685,68.686788324,4.878782,30,v2,88000000ffffffffffffa8dd9f4dc5b5
5686,68.692916649,6.128325,30,v2,88000000ffffffffffffa8dd9f4dc5b5
5687,68.696777593,3.860944,30,v2,88000000ffffffffffffa8dd9f4dc5b5
5688,68.702855739,6.078146,30,v2,88000000ffffffffffffa8dd9f4dc5b5
5689,68.708010311,5.154572,30,v2,88000000ffffffffffffa8dd9f4dc5b5
5690,68.713031497,5.021186,30,v2,88000000ffffffffffffa8dd9f4dc5b5
5691,68.718521354,5.489857,30,v2,88000000ffffffffffffa8dd9f4dc5b5
5692,68.723190260,4.668906,30,v2,88000000ffffffffffffa8dd9f4dc5b5
5693,68.728181670,4.991410,30,v2,88000000ffffffffffffa8dd9f4dc5b5
5694,68.733348687,5.167017,30,v2,88000000ffffffffffffa8dd9f4dc5b5
5695,68.738221354,4.872667,30,v2,88000000ffffffffffffa8dd9f4dc5b5
5696,68.743318512,5.097158,30,v2,88000000ffffffffffffa8dd9f4dc5b5
5697,68.748392179,5.073667,30,v2,88000000ffffffffffffa8dd9f4dc5b5
5698,68.753983062,5.590883,30,v2,88000000ffffffffffffa8dd9f4dc5b5
5699,68.758612973,4.629911,30,v2,88000000ffffffffffffa8dd9f4dc5b5
5700,68.763775793,5.162820,30,v2,88000000ffffffffffffa8dd9f4dc5b5
5701,68.768860242,5.084449,30,v2,88000000ffffffffffffa8dd9f4dc5b5
5702,68.773930161,5.069919,30,v2,88000000ffffffffffffa8dd9f4dc5b5
5703,68.779194906,5.264745,30,v2,88000000ffffffffffffa8dd9f4dc5b5
5704,68.784113459,4.918553,30,v2,88000000ffffffffffffa8dd9f4dc5b5
5705,68.789501295,5.387836,30,v2,88000000ffffffffffffa8dd9f4dc5b5
5706,68.794529814,5.028519,30,v2,88000000ffffffffffffa8dd9f4dc5b5
5707,68.800585491,6.055677,30,v2,88000000ffffffffffffa8dd9f4dc5b5
5708,68.805499051,4.913560,30,v2,88000000ffffffffffffa8dd9f4dc5b5
5709,68.810736779,5.237728,30,v2,88000000ffffffffffffa8dd9f4dc5b5
5710,68.815537373,4.800594,30,v2,88000000ffffffffffffa8dd9f4dc5b5
5711,68.820664665,5.127292,30,v2,88000000ffffffffffffa8dd9f4dc5b5
5712,68.825772345,5.107680,30,v2,88000000ffffffffffffa8dd9f4dc5b5
5713,68.830869302,5.096957,30,v2,88000000ffffffffffffa8dd9f4dc5b5
5714,68.835977312,5.108010,30,v2,88000000ffffffffffffa8dd9f4dc5b5
5715,68.842112812,6.135500,30,v2,88000000ffffffffffffa8dd9f4dc5b5
5716,68.846115634,4.002822,30,v2,88000000ffffffffffffa8dd9f4dc5b5
5717,68.851142514,5.026880,30,v2,88000000ffffffffffffa8dd9f4dc5b5
5718,68.857259079,6.116565,30,v2,88000000ffffffffffffa8dd9f4dc5b5
5719,68.861267107,4.008028,30,v2,88000000ffffffffffffa8dd9f4dc5b5
5720,68.867344877,6.077770,30,v2,88000000ffffffffffffa8dd9f4dc5b5
5721,68.872368981,5.024104,30,v2,88000000ffffffffffffa8dd9f4dc5b5
5722,68.877460461,5.091480,30,v2,88000000ffffffffffffa8dd9f4dc5b5
5723,68.882469681,5.009220,30,v2,88000000ffffffffffffa8dd9f4dc5b5
5724,68.887633908,5.164227,30,v2,88000000ffffffffffffa8dd9f4dc5b5
5725,68.892711259,5.077351,30,v2,88000000ffffffffffffa8dd9f4dc5b5
5726,68.897979509,5.268250,30,v2,88000000ffffffffffffa8dd9f4dc5b5
5727,68.903099699,5.120190,30,v2,88000000ffffffffffffa8dd9f4dc5b5
5728,68.908401296,5.301597,30,v2,88000000ffffffffffffa8dd9f4dc5b5
5729,68.913215633,4.814337,30,v2,88000000ffffffffffffa8dd9f4dc5b5
5730,68.918253725,5.038092,30,v2,88000000ffffffffffffa8dd9f4dc5b5
5731,68.925012744,6.759019,30,v2,88000000ffffffffffffa8dd9f4dc5b5
5732,68.929326702,4.313958,30,v2,88000000ffffffffffffa8dd9f4dc5b5
5733,68.934702954,5.376252,30,v2,88000000ffffffffffffa8dd9f4dc5b5
5734,68.939548654,4.845700,30,v2,88000000ffffffffffffa8dd9f4dc5b5
5735,68.944547437,4.998783,30,v2,88000000ffffffffffffa8dd9f4dc5b5
5736,68.949745566,5.198129,30,v2,88000000ffffffffffffa8dd9f4dc5b5
5737,68.954809048,5.063482,30,v2,88000000ffffffffffffa8dd9f4dc5b5
5738,68.959855266,5.046218,30,v2,88000000ffffffffffffa8dd9f4dc5b5
5739,68.965034177,5.178911,30,v2,88000000ffffffffffffa8dd9f4dc5b5
5740,68.970155271,5.121094,30,v2,88000000ffffffffffffa8dd9f4dc5b5
5741,68.975124808,4.969537,30,v2,88000000ffffffffffffa8dd9f4dc5b5
5742,68.980109512,4.984704,30,v2,88000000ffffffffffffa8dd9f4dc5b5
5743,68.985207951,5.098439,30,v2,88000000ffffffffffffa8dd9f4dc5b5
5744,68.990510912,5.302961,30,v2,88000000ffffffffffffa8dd9f4dc5b5
5745,69.328181255,337.670343,30,v2,88000000ffffffffffffa8dd9f4dc5b5
5746,69.332873908,4.692653,30,v2,88000000ffffffffffffa8dd9f4dc5b5
5747,69.337792210,4.918302,30,v2,88000000ffffffffffffa8dd9f4dc5b5
5748,69.342892394,5.100184,30,v2,88000000ffffffffffffa8dd9f4dc5b5
5749,69.347971852,5.079458,30,v2,88000000ffffffffffffa8dd9f4dc5b5
5750,69.353598419,5.626567,30,v2,88000000ffffffffffffa8dd9f4dc5b5
5751,69.358303272,4.704853,30,v2,88000000ffffffffffffa8dd9f4dc5b5
5752,69.363428781,5.125509,30,v2,88000000ffffffffffffa8dd9f4dc5b5
5753,69.370347777,6.918996,30,v2,88000000ffffffffffffa8dd9f4dc5b5
5754,69.373637671,3.289894,30,v2,88000000ffffffffffffa8dd9f4dc5b5
5755,69.378467587,4.829916,30,v2,88000000ffffffffffffa8dd9f4dc5b5
5756,69.383458213,4.990626,30,v2,88000000ffffffffffffa8dd9f4dc5b5
5757,69.387512609,4.054396,30,v2,88000000ffffffffffffa8dd9f4dc5b5
5758,69.392704016,5.191407,30,v2,88000000ffffffffffffa8dd9f4dc5b5
5759,69.397821027,5.117011,30,v2,88000000ffffffffffffa8dd9f4dc5b5
5760,69.402958821,5.137794,30,v2,88000000ffffffffffffa8dd9f4dc5b5
5761,69.407924452,4.965631,30,v2,88000000ffffffffffffa8dd9f4dc5b5
5762,69.413022620,5.098168,30,v2,88000000ffffffffffffa8dd9f4dc5b5
5763,69.418116568,5.093948,30,v2,88000000ffffffffffffa8dd9f4dc5b5
5764,69.423127728,5.011160,30,v2,88000000ffffffffffffa8dd9f4dc5b5
5765,69.428234121,5.106393,30,v2,88000000ffffffffffffa8dd9f4dc5b5
5766,69.433327273,5.093152,30,v2,88000000ffffffffffffa8dd9f4dc5b5
5767,69.438385125,5.057852,30,v2,88000000ffffffffffffa8dd9f4dc5b5
5768,69.443473294,5.088169,30,v2,88000000ffffffffffffa8dd9f4dc5b5
5769,69.449508462,6.035168,30,v2,88000000ffffffffffffa8dd9f4dc5b5
5770,69.454654914,5.146452,30,v2,88000000ffffffffffffa8dd9f4dc5b5
5771,69.459622640,4.967726,30,v2,88000000ffffffffffffa8dd9f4dc5b5
5772,69.464727633,5.104993,30,v2,88000000ffffffffffffa8dd9f4dc5b5
5773,69.468880061,4.152428,30,v2,88000000ffffffffffffa8dd9f4dc5b5
5774,69.473941863,5.061802,30,v2,88000000ffffffffffffa8dd9f4dc5b5
5775,69.478972152,5.030289,30,v2,88000000ffffffffffffa8dd9f4dc5b5
5776,69.484175946,5.203794,30,v2,88000000ffffffffffffa8dd9f4dc5b5
5777,69.489258165,5.082219,30,v2,88000000ffffffffffffa8dd9f4dc5b5
5778,69.494346959,5.088794,30,v2,88000000ffffffffffffa8dd9f4dc5b5
5779,69.499413394,5.066435,30,v2,88000000ffffffffffffa8dd9f4dc5b5
5780,69.504508225,5.094831,30,v2,88000000ffffffffffffa8dd9f4dc5b5
5781,69.509606472,5.098247,30,v2,88000000ffffffffffffa8dd9f4dc5b5
5782,69.514595668,4.989196,30,v2,88000000ffffffffffffa8dd9f4dc5b5
5783,69.519788324,5.192656,30,v2,88000000ffffffffffffa8dd9f4dc5b5
5784,69.524789378,5.001054,30,v2,88000000ffffffffffffa8dd9f4dc5b5
5785,69.529732166,4.942788,30,v2,88000000ffffffffffffa8dd9f4dc5b5
5786,69.534838804,5.106638,30,v2,88000000ffffffffffffa8dd9f4dc5b5
5787,69.541290986,6.452182,30,v2,88000000ffffffffffffa8dd9f4dc5b5
5788,69.544916768,3.625782,30,v2,88000000ffffffffffffa8dd9f4dc5b5
5789,69.549061526,4.144758,30,v2,88000000ffffffffffffa8dd9f4dc5b5
5790,69.554221158,5.159632,30,v2,88000000ffffffffffffa8dd9f4dc5b5
5791,69.559283385,5.062227,30,v2,88000000ffffffffffffa8dd9f4dc5b5
5792,69.564454893,5.171508,30,v2,88000000ffffffffffffa8dd9f4dc5b5
5793,69.569492718,5.037825,30,v2,88000000ffffffffffffa8dd9f4dc5b5
5794,69.574796207,5.303489,30,v2,88000000ffffffffffffa8dd9f4dc5b5
5795,69.580629741,5.833534,30,v2,88000000ffffffffffffa8dd9f4dc5b5
5796,69.585724837,5.095096,30,v2,88000000ffffffffffffa8dd9f4dc5b5
5797,69.590750840,5.026003,30,v2,88000000ffffffffffffa8dd9f4dc5b5
5798,69.595932367,5.181527,30,v2,88000000ffffffffffffa8dd9f4dc5b5
5799,69.600864485,4.932118,30,v2,88000000ffffffffffffa8dd9f4dc5b5
5800,69.605916910,5.052425,30,v2,88000000ffffffffffffa8dd9f4dc5b5
5801,69.611088172,5.171262,30,v2,88000000ffffffffffffa8dd9f4dc5b5
5802,69.616232394,5.144222,30,v2,88000000ffffffffffffa8dd9f4dc5b5
5803,69.621450711,5.218317,30,v2,88000000ffffffffffffa8dd9f4dc5b5
5804,69.626508595,5.057884,30,v2,88000000ffffffffffffa8dd9f4dc5b5
5805,69.630573390,4.064795,30,v2,88000000ffffffffffffa8dd9f4dc5b5
5806,69.635686187,5.112797,30,v2,88000000ffffffffffffa8dd9f4dc5b5
5807,69.640766508,5.080321,30,v2,88000000ffffffffffffa8dd9f4dc5b5
5808,69.645781724,5.015216,30,v2,88000000ffffffffffffa8dd9f4dc5b5
5809,69.650621033,4.839309,30,v2,88000000ffffffffffffa8dd9f4dc5b5
5810,69.655796662,5.175629,30,v2,88000000ffffffffffffa8dd9f4dc5b5
5811,69.660788164,4.991502,30,v2,88000000ffffffffffffa8dd9f4dc5b5
5812,69.665917930,5.129766,30,v2,88000000ffffffffffffa8dd9f4dc5b5
5813,69.670913175,4.995245,30,v2,88000000ffffffffffffa8dd9f4dc5b5
5814,69.676032002,5.118827,30,v2,88000000ffffffffffffa8dd9f4dc5b5
5815,69.681143178,5.111176,30,v2,88000000ffffffffffffa8dd9f4dc5b5
5816,69.686349673,5.206495,30,v2,88000000ffffffffffffa8dd9f4dc5b5
5817,69.691441742,5.092069,30,v2,88000000ffffffffffffa8dd9f4dc5b5
5818,69.696398783,4.957041,30,v2,88000000ffffffffffffa8dd9f4dc5b5
5819,69.701561898,5.163115,30,v2,88000000ffffffffffffa8dd9f4dc5b5
5820,69.706836954,5.275056,30,v2,88000000ffffffffffffa8dd9f4dc5b5
5821,69.711909198,5.072244,30,v2,88000000ffffffffffffa8dd9f4dc5b5
5822,69.716754761,4.845563,30,v2,88000000ffffffffffffa8dd9f4dc5b5
5823,69.722321753,5.566992,30,v2,88000000ffffffffffffa8dd9f4dc5b5
5824,69.726899276,4.577523,30,v2,88000000ffffffffffffa8dd9f4dc5b5
5825,69.731931704,5.032428,30,v2,88000000ffffffffffffa8dd9f4dc5b5
5826,69.737096968,5.165264,30,v2,88000000ffffffffffffa8dd9f4dc5b5
5827,69.742379959,5.282991,30,v2,88000000ffffffffffffa8dd9f4dc5b5
5828,69.747144977,4.765018,30,v2,88000000ffffffffffffa8dd9f4dc5b5
5829,69.752258664,5.113687,30,v2,88000000ffffffffffffa8dd9f4dc5b5
5830,69.757341374,5.082710,30,v2,88000000ffffffffffffa8dd9f4dc5b5
5831,69.762612094,5.270720,30,v2,88000000ffffffffffffa8dd9f4dc5b5
5832,69.767610247,4.998153,30,v2,88000000ffffffffffffa8dd9f4dc5b5
5833,69.772675336,5.065089,30,v2,88000000ffffffffffffa8dd9f4dc5b5
5834,69.777565725,4.890389,30,v2,88000000ffffffffffffa8dd9f4dc5b5
5835,69.782806131,5.240406,30,v2,88000000ffffffffffffa8dd9f4dc5b5
5836,69.786857305,4.051174,30,v2,88000000ffffffffffffa8dd9f4dc5b5
5837,69.792094019,5.236714,30,v2,88000000ffffffffffffa8dd9f4dc5b5
5838,69.797355009,5.260990,30,v2,88000000ffffffffffffa8dd9f4dc5b5
5839,69.802098592,4.743583,30,v2,88000000ffffffffffffa8dd9f4dc5b5
5840,69.807141967,5.043375,30,v2,88000000ffffffffffffa8dd9f4dc5b5
5841,69.812197063,5.055096,30,v2,88000000ffffffffffffa8dd9f4dc5b5
5842,69.817396778,5.199715,30,v2,88000000ffffffffffffa8dd9f4dc5b5
5843,69.822794510,5.397732,30,v2,88000000ffffffffffffa8dd9f4dc5b5
5844,69.827782768,4.988258,30,v2,88000000ffffffffffffa8dd9f4dc5b5
5845,70.164910537,337.127769,30,v2,88000000ffffffffffffa8dd9f4dc5b5
5846,70.170082255,5.171718,30,v2,88000000ffffffffffffa8dd9f4dc5b5
5847,70.175061660,4.979405,30,v2,88000000ffffffffffffa8dd9f4dc5b5
5848,70.180102642,5.040982,30,v2,88000000ffffffffffffa8dd9f4dc5b5
5849,70.185111632,5.008990,30,v2,88000000ffffffffffffa8dd9f4dc5b5
5850,70.190328528,5.216896,30,v2,88000000ffffffffffffa8dd9f4dc5b5
5851,70.194343702,4.015174,30,v2,88000000ffffffffffffa8dd9f4dc5b5
5852,70.199589021,5.245319,30,v2,88000000ffffffffffffa8dd9f4dc5b5
5853,70.204437521,4.848500,30,v2,88000000ffffffffffffa8dd9f4dc5b5
5854,70.209534554,5.097033,30,v2,88000000ffffffffffffa8dd9f4dc5b5
5855,70.214698196,5.163642,30,v2,88000000ffffffffffffa8dd9f4dc5b5
5856,70.219631344,4.933148,30,v2,88000000ffffffffffffa8dd9f4dc5b5
5857,70.224629799,4.998455,30,v2,88000000ffffffffffffa8dd9f4dc5b5
5858,70.229917193,5.287394,30,v2,88000000ffffffffffffa8dd9f4dc5b5
5859,70.235066554,5.149361,30,v2,88000000ffffffffffffa8dd9f4dc5b5
5860,70.240044960,4.978406,30,v2,88000000ffffffffffffa8dd9f4dc5b5
5861,70.245013351,4.968391,30,v2,88000000ffffffffffffa8dd9f4dc5b5
5862,70.250169281,5.155930,30,v2,88000000ffffffffffffa8dd9f4dc5b5
5863,70.255330450,5.161169,30,v2,88000000ffffffffffffa8dd9f4dc5b5
5864,70.261382303,6.051853,30,v2,88000000ffffffffffffa8dd9f4dc5b5
5865,70.265497929,4.115626,30,v2,88000000ffffffffffffa8dd9f4dc5b5
5866,70.269635474,4.137545,30,v2,88000000ffffffffffffa8dd9f4dc5b5
5867,70.274886628,5.251154,30,v2,88000000ffffffffffffa8dd9f4dc5b5
5868,70.279709122,4.822494,30,v2,88000000ffffffffffffa8dd9f4dc5b5
5869,70.284590775,4.881653,30,v2,88000000ffffffffffffa8dd9f4dc5b5
5870,70.289754496,5.163721,30,v2,88000000ffffffffffffa8dd9f4dc5b5
5871,70.294836722,5.082226,30,v2,88000000ffffffffffffa8dd9f4dc5b5
5872,70.298945739,4.109017,30,v2,88000000ffffffffffffa8dd9f4dc5b5
5873,70.303991639,5.045900,30,v2,88000000ffffffffffffa8dd9f4dc5b5
5874,70.309271889,5.280250,30,v2,88000000ffffffffffffa8dd9f4dc5b5
5875,70.314178043,4.906154,30,v2,88000000ffffffffffffa8dd9f4dc5b5
5876,70.319213985,5.035942,30,v2,88000000ffffffffffffa8dd9f4dc5b5
5877,70.324290269,5.076284,30,v2,88000000ffffffffffffa8dd9f4dc5b5
5878,70.328508531,4.218262,30,v2,88000000ffffffffffffa8dd9f4dc5b5
5879,70.333426837,4.918306,30,v2,88000000ffffffffffffa8dd9f4dc5b5
5880,70.338524405,5.097568,30,v2,88000000ffffffffffffa8dd9f4dc5b5
5881,70.343735782,5.211377,30,v2,88000000ffffffffffffa8dd9f4dc5b5
5882,70.348700060,4.964278,30,v2,88000000ffffffffffffa8dd9f4dc5b5
5883,70.353780470,5.080410,30,v2,88000000ffffffffffffa8dd9f4dc5b5
5884,70.359950653,6.170183,30,v2,88000000ffffffffffffa8dd9f4dc5b5
5885,70.363950442,3.999789,30,v2,88000000ffffffffffffa8dd9f4dc5b5
5886,70.369096405,5.145963,30,v2,88000000ffffffffffffa8dd9f4dc5b5
5887,70.374305467,5.209062,30,v2,88000000ffffffffffffa8dd9f4dc5b5
5888,70.379151441,4.845974,30,v2,88000000ffffffffffffa8dd9f4dc5b5
5889,70.384366525,5.215084,30,v2,88000000ffffffffffffa8dd9f4dc5b5
5890,70.389228750,4.862225,30,v2,88000000ffffffffffffa8dd9f4dc5b5
5891,70.393555120,4.326370,30,v2,88000000ffffffffffffa8dd9f4dc5b5
5892,70.398548771,4.993651,30,v2,88000000ffffffffffffa8dd9f4dc5b5
5893,70.403675360,5.126589,30,v2,88000000ffffffffffffa8dd9f4dc5b5
5894,70.408707664,5.032304,30,v2,88000000ffffffffffffa8dd9f4dc5b5
5895,70.413693818,4.986154,30,v2,88000000ffffffffffffa8dd9f4dc5b5
5896,70.418857317,5.163499,30,v2,88000000ffffffffffffa8dd9f4dc5b5
5897,70.423073719,4.216402,30,v2,88000000ffffffffffffa8dd9f4dc5b5
5898,70.428054644,4.980925,30,v2,88000000ffffffffffffa8dd9f4dc5b5
5899,70.433118668,5.064024,30,v2,88000000ffffffffffffa8dd9f4dc5b5
5900,70.438118743,5.000075,30,v2,88000000ffffffffffffa8dd9f4dc5b5
5901,70.443395625,5.276882,30,v2,88000000ffffffffffffa8dd9f4dc5b5
5902,70.447493203,4.097578,30,v2,88000000ffffffffffffa8dd9f4dc5b5
5903,70.452534541,5.041338,30,v2,88000000ffffffffffffa8dd9f4dc5b5
5904,70.457637436,5.102895,30,v2,88000000ffffffffffffa8dd9f4dc5b5
5905,70.462491483,4.854047,30,v2,88000000ffffffffffffa8dd9f4dc5b5
5906,70.468030687,5.539204,30,v2,88000000ffffffffffffa8dd9f4dc5b5
5907,70.472801301,4.770614,30,v2,88000000ffffffffffffa8dd9f4dc5b5
5908,70.477635564,4.834263,30,v2,88000000ffffffffffffa8dd9f4dc5b5
5909,70.482062216,4.426652,30,v2,88000000ffffffffffffa8dd9f4dc5b5
5910,70.489966626,7.904410,30,v2,88000000ffffffffffffa8dd9f4dc5b5
5911,70.493103982,3.137356,30,v2,88000000ffffffffffffa8dd9f4dc5b5
5912,70.498769732,5.665750,30,v2,88000000ffffffffffffa8dd9f4dc5b5
5913,70.503118507,4.348775,30,v2,88000000ffffffffffffa8dd9f4dc5b5
5914,70.508302533,5.184026,30,v2,88000000ffffffffffffa8dd9f4dc5b5
5915,70.513509778,5.207245,30,v2,88000000ffffffffffffa8dd9f4dc5b5
5916,70.517295109,3.785331,30,v2,88000000ffffffffffffa8dd9f4dc5b5
5917,70.522559250,5.264141,30,v2,88000000ffffffffffffa8dd9f4dc5b5
5918,70.528038194,5.478944,30,v2,88000000ffffffffffffa8dd9f4dc5b5
5919,70.532771443,4.733249,30,v2,88000000ffffffffffffa8dd9f4dc5b5
5920,70.537666403,4.894960,30,v2,88000000ffffffffffffa8dd9f4dc5b5
5921,70.542687377,5.020974,30,v2,88000000ffffffffffffa8dd9f4dc5b5
5922,70.547834522,5.147145,30,v2,88000000ffffffffffffa8dd9f4dc5b5
5923,70.551965652,4.131130,30,v2,88000000ffffffffffffa8dd9f4dc5b5
5924,70.557196221,5.230569,30,v2,88000000ffffffffffffa8dd9f4dc5b5
5925,70.562074058,4.877837,30,v2,88000000ffffffffffffa8dd9f4dc5b5
5926,70.567358091,5.284033,30,v2,88000000ffffffffffffa8dd9f4dc5b5
5927,70.572565386,5.207295,30,v2,88000000ffffffffffffa8dd9f4dc5b5
5928,70.577409984,4.844598,30,v2,88000000ffffffffffffa8dd9f4dc5b5
5929,70.581776000,4.366016,30,v2,88000000ffffffffffffa8dd9f4dc5b5
5930,70.586457653,4.681653,30,v2,88000000ffffffffffffa8dd9f4dc5b5
5931,70.591449090,4.991437,30,v2,88000000ffffffffffffa8dd9f4dc5b5
5932,70.596428787,4.979697,30,v2,88000000ffffffffffffa8dd9f4dc5b5
5933,70.600699019,4.270232,30,v2,88000000ffffffffffffa8dd9f4dc5b5
5934,70.605655647,4.956628,30,v2,88000000ffffffffffffa8dd9f4dc5b5
5935,70.610772996,5.117349,30,v2,88000000ffffffffffffa8dd9f4dc5b5
5936,70.617058261,6.285265,30,v2,88000000ffffffffffffa8dd9f4dc5b5
5937,70.622148053,5.089792,30,v2,88000000ffffffffffffa8dd9f4dc5b5
5938,70.628441940,6.293887,30,v2,88000000ffffffffffffa8dd9f4dc5b5
5939,70.633244547,4.802607,30,v2,88000000ffffffffffffa8dd9f4dc5b5
5940,70.636748084,3.503537,30,v2,88000000ffffffffffffa8dd9f4dc5b5
5941,70.641584731,4.836647,30,v2,88000000ffffffffffffa8dd9f4dc5b5
5942,70.646998590,5.413859,30,v2,88000000ffffffffffffa8dd9f4dc5b5
5943,70.651616985,4.618395,30,v2,88000000ffffffffffffa8dd9f4dc5b5
5944,70.656703827,5.086842,30,v2,88000000ffffffffffffa8dd9f4dc5b5
5945,70.993862580,337.158753,30,v2,88000000ffffffffffffa8dd9f4dc5b5
5946,70.998946894,5.084314,30,v2,88000000ffffffffffffa8dd9f4dc5b5
5947,71.003112813,4.165919,30,v2,88000000ffffffffffffa8dd9f4dc5b5
5948,71.009033161,5.920348,30,v2,88000000ffffffffffffa8dd9f4dc5b5
5949,71.016059281,7.026120,30,v2,88000000ffffffffffffa8dd9f4dc5b5
5950,71.020733539,4.674258,30,v2,88000000ffffffffffffa8dd9f4dc5b5
5951,71.023355317,2.621778,30,v2,88000000ffffffffffffa8dd9f4dc5b5
5952,71.028805699,5.450382,30,v2,88000000ffffffffffffa8dd9f4dc5b5
5953,71.033626036,4.820337,30,v2,88000000ffffffffffffa8dd9f4dc5b5
5954,71.038583816,4.957780,30,v2,88000000ffffffffffffa8dd9f4dc5b5
5955,71.044345859,5.762043,30,v2,88000000ffffffffffffa8dd9f4dc5b5
5956,71.049600078,5.254219,30,v2,88000000ffffffffffffa8dd9f4dc5b5
5957,71.053617732,4.017654,30,v2,88000000ffffffffffffa8dd9f4dc5b5
5958,71.057978849,4.361117,30,v2,88000000ffffffffffffa8dd9f4dc5b5
5959,71.062171152,4.192303,30,v2,88000000ffffffffffffa8dd9f4dc5b5
5960,71.067107880,4.936728,30,v2,88000000ffffffffffffa8dd9f4dc5b5
5961,71.072095714,4.987834,30,v2,88000000ffffffffffffa8dd9f4dc5b5
5962,71.077412487,5.316773,30,v2,88000000ffffffffffffa8dd9f4dc5b5
5963,71.081393690,3.981203,30,v2,88000000ffffffffffffa8dd9f4dc5b5
5964,71.086664174,5.270484,30,v2,88000000ffffffffffffa8dd9f4dc5b5
5965,71.091599123,4.934949,30,v2,88000000ffffffffffffa8dd9f4dc5b5
5966,71.096559854,4.960731,30,v2,88000000ffffffffffffa8dd9f4dc5b5
5967,71.100498597,3.938743,30,v2,88000000ffffffffffffa8dd9f4dc5b5
5968,71.105592025,5.093428,30,v2,88000000ffffffffffffa8dd9f4dc5b5
5969,71.110526355,4.934330,30,v2,88000000ffffffffffffa8dd9f4dc5b5
5970,71.115647413,5.121058,30,v2,88000000ffffffffffffa8dd9f4dc5b5
5971,71.119804342,4.156929,30,v2,88000000ffffffffffffa8dd9f4dc5b5
5972,71.124851583,5.047241,30,v2,88000000ffffffffffffa8dd9f4dc5b5
5973,71.129914895,5.063312,30,v2,88000000ffffffffffffa8dd9f4dc5b5
5974,71.134043082,4.128187,30,v2,88000000ffffffffffffa8dd9f4dc5b5
5975,71.140287069,6.243987,30,v2,88000000ffffffffffffa8dd9f4dc5b5
5976,71.145242949,4.955880,30,v2,88000000ffffffffffffa8dd9f4dc5b5
5977,71.150367264,5.124315,30,v2,88000000ffffffffffffa8dd9f4dc5b5
5978,71.154344107,3.976843,30,v2,88000000ffffffffffffa8dd9f4dc5b5
5979,71.159687457,5.343350,30,v2,88000000ffffffffffffa8dd9f4dc5b5
5980,71.164559597,4.872140,30,v2,88000000ffffffffffffa8dd9f4dc5b5
5981,71.169804255,5.244658,30,v2,88000000ffffffffffffa8dd9f4dc5b5
5982,71.173730075,3.925820,30,v2,88000000ffffffffffffa8dd9f4dc5b5
5983,71.180625227,6.895152,30,v2,88000000ffffffffffffa8dd9f4dc5b5
5984,71.183898952,3.273725,30,v2,88000000ffffffffffffa8dd9f4dc5b5
5985,71.188912871,5.013919,30,v2,88000000ffffffffffffa8dd9f4dc5b5
5986,71.193169493,4.256622,30,v2,88000000ffffffffffffa8dd9f4dc5b5
5987,71.198106140,4.936647,30,v2,88000000ffffffffffffa8dd9f4dc5b5
5988,71.203199313,5.093173,30,v2,88000000ffffffffffffa8dd9f4dc5b5
5989,71.208319833,5.120520,30,v2,88000000ffffffffffffa8dd9f4dc5b5
5990,71.212496352,4.176519,30,v2,88000000ffffffffffffa8dd9f4dc5b5
5991,71.217666307,5.169955,30,v2,88000000ffffffffffffa8dd9f4dc5b5
5992,71.223806065,6.139758,30,v2,88000000ffffffffffffa8dd9f4dc5b5
5993,71.228009607,4.203542,30,v2,88000000ffffffffffffa8dd9f4dc5b5
5994,71.232068304,4.058697,30,v2,88000000ffffffffffffa8dd9f4dc5b5
5995,71.236864805,4.796501,30,v2,88000000ffffffffffffa8dd9f4dc5b5
5996,71.241809850,4.945045,30,v2,88000000ffffffffffffa8dd9f4dc5b5
5997,71.246877426,5.067576,30,v2,88000000ffffffffffffa8dd9f4dc5b5
5998,71.252718764,5.841338,30,v2,88000000ffffffffffffa8dd9f4dc5b5
5999,71.256304217,3.585453,30,v2,88000000ffffffffffffa8dd9f4dc5b5
6000,71.261137296,4.833079,30,v2,88000000ffffffffffffa8dd9f4dc5b5
6001,71.267077826,5.940530,30,v2,88000000ffffffffffffa8dd9f4dc5b5
6002,71.271270623,4.192797,30,v2,88000000ffffffffffffa8dd9f4dc5b5
6003,71.276288665,5.018042,30,v2,88000000ffffffffffffa8dd9f4dc5b5
6004,71.281573168,5.284503,30,v2,88000000ffffffffffffa8dd9f4dc5b5
6005,71.285636864,4.063696,30,v2,88000000ffffffffffffa8dd9f4dc5b5
6006,71.290733425,5.096561,30,v2,88000000ffffffffffffa8dd9f4dc5b5
6007,71.295792281,5.058856,30,v2,88000000ffffffffffffa8dd9f4dc5b5
6008,71.300653644,4.861363,30,v2,88000000ffffffffffffa8dd9f4dc5b5
6009,71.304701242,4.047598,30,v2,88000000ffffffffffffa8dd9f4dc5b5
6010,71.309996587,5.295345,30,v2,88000000ffffffffffffa8dd9f4dc5b5
6011,71.315169335,5.172748,30,v2,88000000ffffffffffffa8dd9f4dc5b5
6012,71.320061389,4.892054,30,v2,88000000ffffffffffffa8dd9f4dc5b5
6013,71.324298359,4.236970,30,v2,88000000ffffffffffffa8dd9f4dc5b5
6014,71.329140033,4.841674,30,v2,88000000ffffffffffffa8dd9f4dc5b5
6015,71.334255729,5.115696,30,v2,88000000ffffffffffffa8dd9f4dc5b5
6016,71.339183785,4.928056,30,v2,88000000ffffffffffffa8dd9f4dc5b5
6017,71.344094362,4.910577,30,v2,88000000ffffffffffffa8dd9f4dc5b5
6018,71.348472647,4.378285,30,v2,88000000ffffffffffffa8dd9f4dc5b5
6019,71.353592815,5.120168,30,v2,88000000ffffffffffffa8dd9f4dc5b5
6020,71.358665880,5.073065,30,v2,88000000ffffffffffffa8dd9f4dc5b5
6021,71.362751714,4.085834,30,v2,88000000ffffffffffffa8dd9f4dc5b5
6022,71.367595096,4.843382,30,v2,88000000ffffffffffffa8dd9f4dc5b5
6023,71.372896670,5.301574,30,v2,88000000ffffffffffffa8dd9f4dc5b5
6024,71.377935063,5.038393,30,v2,88000000ffffffffffffa8dd9f4dc5b5
6025,71.382155786,4.220723,30,v2,88000000ffffffffffffa8dd9f4dc5b5
6026,71.387177779,5.021993,30,v2,88000000ffffffffffffa8dd9f4dc5b5
6027,71.392042641,4.864862,30,v2,88000000ffffffffffffa8dd9f4dc5b5
6028,71.398204848,6.162207,30,v2,88000000ffffffffffffa8dd9f4dc5b5
6029,71.402277697,4.072849,30,v2,88000000ffffffffffffa8dd9f4dc5b5
6030,71.407589740,5.312043,30,v2,88000000ffffffffffffa8dd9f4dc5b5
6031,71.412469104,4.879364,30,v2,88000000ffffffffffffa8dd9f4dc5b5
6032,71.416724562,4.255458,30,v2,88000000ffffffffffffa8dd9f4dc5b5
6033,71.421794631,5.070069,30,v2,88000000ffffffffffffa8dd9f4dc5b5
6034,71.426659481,4.864850,30,v2,88000000ffffffffffffa8dd9f4dc5b5
6035,71.431765166,5.105685,30,v2,88000000ffffffffffffa8dd9f4dc5b5
6036,71.436037309,4.272143,30,v2,88000000ffffffffffffa8dd9f4dc5b5
6037,71.440860154,4.822845,30,v2,88000000ffffffffffffa8dd9f4dc5b5
6038,71.445965974,5.105820,30,v2,88000000ffffffffffffa8dd9f4dc5b5
6039,71.451005030,5.039056,30,v2,88000000ffffffffffffa8dd9f4dc5b5
6040,71.455015912,4.010882,30,v2,88000000ffffffffffffa8dd9f4dc5b5
6041,71.460345420,5.329508,30,v2,88000000ffffffffffffa8dd9f4dc5b5
6042,71.465322455,4.977035,30,v2,88000000ffffffffffffa8dd9f4dc5b5
6043,71.470544949,5.222494,30,v2,88000000ffffffffffffa8dd9f4dc5b5
6044,71.474687479,4.142530,30,v2,88000000ffffffffffffa8dd9f4dc5b5
6045,71.823092398,348.404919,30,v2,88000000ffffffffffffa8dd9f4dc5b5
6046,71.828185730,5.093332,30,v2,88000000ffffffffffffa8dd9f4dc5b5
6047,71.833287866,5.102136,30,v2,88000000ffffffffffffa8dd9f4dc5b5
6048,71.837443818,4.155952,30,v2,88000000ffffffffffffa8dd9f4dc5b5
6049,71.843474847,6.031029,30,v2,88000000ffffffffffffa8dd9f4dc5b5
6050,71.847644258,4.169411,30,v2,88000000ffffffffffffa8dd9f4dc5b5
6051,71.851533599,3.889341,30,v2,88000000ffffffffffffa8dd9f4dc5b5
6052,71.856391637,4.858038,30,v2,88000000ffffffffffffa8dd9f4dc5b5
6053,71.860546859,4.155222,30,v2,88000000ffffffffffffa8dd9f4dc5b5
6054,71.865550721,5.003862,30,v2,88000000ffffffffffffa8dd9f4dc5b5
6055,71.870929403,5.378682,30,v2,88000000ffffffffffffa8dd9f4dc5b5
6056,71.875699429,4.770026,30,v2,88000000ffffffffffffa8dd9f4dc5b5
6057,71.879719904,4.020475,30,v2,88000000ffffffffffffa8dd9f4dc5b5
6058,71.884968660,5.248756,30,v2,88000000ffffffffffffa8dd9f4dc5b5
6059,71.889154131,4.185471,30,v2,88000000ffffffffffffa8dd9f4dc5b5
6060,71.894109366,4.955235,30,v2,88000000ffffffffffffa8dd9f4dc5b5
6061,71.899285765,5.176399,30,v2,88000000ffffffffffffa8dd9f4dc5b5
6062,71.903273648,3.987883,30,v2,88000000ffffffffffffa8dd9f4dc5b5
6063,71.908434986,5.161338,30,v2,88000000ffffffffffffa8dd9f4dc5b5
6064,71.913473237,5.038251,30,v2,88000000ffffffffffffa8dd9f4dc5b5
6065,71.918454492,4.981255,30,v2,88000000ffffffffffffa8dd9f4dc5b5
6066,71.923503811,5.049319,30,v2,88000000ffffffffffffa8dd9f4dc5b5
6067,71.928542507,5.038696,30,v2,88000000ffffffffffffa8dd9f4dc5b5
6068,71.932628113,4.085606,30,v2,88000000ffffffffffffa8dd9f4dc5b5
6069,71.937679779,5.051666,30,v2,88000000ffffffffffffa8dd9f4dc5b5
6070,71.941798602,4.118823,30,v2,88000000ffffffffffffa8dd9f4dc5b5
6071,71.946903444,5.104842,30,v2,88000000ffffffffffffa8dd9f4dc5b5
6072,71.952057800,5.154356,30,v2,88000000ffffffffffffa8dd9f4dc5b5
6073,71.956221201,4.163401,30,v2,88000000ffffffffffffa8dd9f4dc5b5
6074,71.961120107,4.898906,30,v2,88000000ffffffffffffa8dd9f4dc5b5
6075,71.966294802,5.174695,30,v2,88000000ffffffffffffa8dd9f4dc5b5
6076,71.970397668,4.102866,30,v2,88000000ffffffffffffa8dd9f4dc5b5
6077,71.975400665,5.002997,30,v2,88000000ffffffffffffa8dd9f4dc5b5
6078,71.979481804,4.081139,30,v2,88000000ffffffffffffa8dd9f4dc5b5
6079,71.984459558,4.977754,30,v2,88000000ffffffffffffa8dd9f4dc5b5
6080,71.989648428,5.188870,30,v2,88000000ffffffffffffa8dd9f4dc5b5
6081,71.994530203,4.881775,30,v2,88000000ffffffffffffa8dd9f4dc5b5
6082,71.998670620,4.140417,30,v2,88000000ffffffffffffa8dd9f4dc5b5
6083,72.003820232,5.149612,30,v2,88000000ffffffffffffa8dd9f4dc5b5
6084,72.007936674,4.116442,30,v2,88000000ffffffffffffa8dd9f4dc5b5
6085,72.012887152,4.950478,30,v2,88000000ffffffffffffa8dd9f4dc5b5
6086,72.017854879,4.967727,30,v2,88000000ffffffffffffa8dd9f4dc5b5
6087,72.022061036,4.206157,30,v2,88000000ffffffffffffa8dd9f4dc5b5
6088,72.027146799,5.085763,30,v2,88000000ffffffffffffa8dd9f4dc5b5
6089,72.032190548,5.043749,30,v2,88000000ffffffffffffa8dd9f4dc5b5
6090,72.036532727,4.342179,30,v2,88000000ffffffffffffa8dd9f4dc5b5
6091,72.041394058,4.861331,30,v2,88000000ffffffffffffa8dd9f4dc5b5
6092,72.047448156,6.054098,30,v2,88000000ffffffffffffa8dd9f4dc5b5
6093,72.051560566,4.112410,30,v2,88000000ffffffffffffa8dd9f4dc5b5
6094,72.056710883,5.150317,30,v2,88000000ffffffffffffa8dd9f4dc5b5
6095,72.060527668,3.816785,30,v2,88000000ffffffffffffa8dd9f4dc5b5
6096,72.067169011,6.641343,30,v2,88000000ffffffffffffa8dd9f4dc5b5
6097,72.070758436,3.589425,30,v2,88000000ffffffffffffa8dd9f4dc5b5
6098,72.075885061,5.126625,30,v2,88000000ffffffffffffa8dd9f4dc5b5
6099,72.080157994,4.272933,30,v2,88000000ffffffffffffa8dd9f4dc5b5
6100,72.085232321,5.074327,30,v2,88000000ffffffffffffa8dd9f4dc5b5
6101,72.089294046,4.061725,30,v2,88000000ffffffffffffa8dd9f4dc5b5
6102,72.094182301,4.888255,30,v2,88000000ffffffffffffa8dd9f4dc5b5
6103,72.099337531,5.155230,30,v2,88000000ffffffffffffa8dd9f4dc5b5
6104,72.103502590,4.165059,30,v2,88000000ffffffffffffa8dd9f4dc5b5
6105,72.108505392,5.002802,30,v2,88000000ffffffffffffa8dd9f4dc5b5
6106,72.113589264,5.083872,30,v2,88000000ffffffffffffa8dd9f4dc5b5
6107,72.119439181,5.849917,30,v2,88000000ffffffffffffa8dd9f4dc5b5
6108,72.122592186,3.153005,30,v2,88000000ffffffffffffa8dd9f4dc5b5
6109,72.126878035,4.285849,30,v2,88000000ffffffffffffa8dd9f4dc5b5
6110,72.133073446,6.195411,30,v2,88000000ffffffffffffa8dd9f4dc5b5
6111,72.136816982,3.743536,30,v2,88000000ffffffffffffa8dd9f4dc5b5
6112,72.141021319,4.204337,30,v2,88000000ffffffffffffa8dd9f4dc5b5
6113,72.146244207,5.222888,30,v2,88000000ffffffffffffa8dd9f4dc5b5
6114,72.152903558,6.659351,30,v2,88000000ffffffffffffa8dd9f4dc5b5
6115,72.157003809,4.100251,30,v2,88000000ffffffffffffa8dd9f4dc5b5
6116,72.160405273,3.401464,30,v2,88000000ffffffffffffa8dd9f4dc5b5
6117,72.165301696,4.896423,30,v2,88000000ffffffffffffa8dd9f4dc5b5
6118,72.169885695,4.583999,30,v2,88000000ffffffffffffa8dd9f4dc5b5
6119,72.174687291,4.801596,30,v2,88000000ffffffffffffa8dd9f4dc5b5
6120,72.180482430,5.795139,30,v2,88000000ffffffffffffa8dd9f4dc5b5
6121,72.184654526,4.172096,30,v2,88000000ffffffffffffa8dd9f4dc5b5
6122,72.189617315,4.962789,30,v2,88000000ffffffffffffa8dd9f4dc5b5
6123,72.194601664,4.984349,30,v2,88000000ffffffffffffa8dd9f4dc5b5
6124,72.199026508,4.424844,30,v2,88000000ffffffffffffa8dd9f4dc5b5
6125,72.205268175,6.241667,30,v2,88000000ffffffffffffa8dd9f4dc5b5
6126,72.207930595,2.662420,30,v2,88000000ffffffffffffa8dd9f4dc5b5
6127,72.213089215,5.158620,30,v2,88000000ffffffffffffa8dd9f4dc5b5
6128,72.218151941,5.062726,30,v2,88000000ffffffffffffa8dd9f4dc5b5
6129,72.222400743,4.248802,30,v2,88000000ffffffffffffa8dd9f4dc5b5
6130,72.227322679,4.921936,30,v2,88000000ffffffffffffa8dd9f4dc5b5
6131,72.233384738,6.062059,30,v2,88000000ffffffffffffa8dd9f4dc5b5
6132,72.236605255,3.220517,30,v2,88000000ffffffffffffa8dd9f4dc5b5
6133,72.241530325,4.925070,30,v2,88000000ffffffffffffa8dd9f4dc5b5
6134,72.246603195,5.072870,30,v2,88000000ffffffffffffa8dd9f4dc5b5
6135,72.250781116,4.177921,30,v2,88000000ffffffffffffa8dd9f4dc5b5
6136,72.255696543,4.915427,30,v2,88000000ffffffffffffa8dd9f4dc5b5
6137,72.261727532,6.030989,30,v2,88000000ffffffffffffa8dd9f4dc5b5
6138,72.264837016,3.109484,30,v2,88000000ffffffffffffa8dd9f4dc5b5
6139,72.269979276,5.142260,30,v2,88000000ffffffffffffa8dd9f4dc5b5
6140,72.274867016,4.887740,30,v2,88000000ffffffffffffa8dd9f4dc5b5
6141,72.279161042,4.294026,30,v2,88000000ffffffffffffa8dd9f4dc5b5
6142,72.284115419,4.954377,30,v2,88000000ffffffffffffa8dd9f4dc5b5
6143,72.288287163,4.171744,30,v2,88000000ffffffffffffa8dd9f4dc5b5
6144,72.293439219,5.152056,30,v2,88000000ffffffffffffa8dd9f4dc5b5
6145,72.301462033,8.022814,99,v2,1c000000aadd9f4dc5b568e9ff030000
6146,72.644025112,342.563079,34,v2,88000000ffffffffffffa8dd9f4dc5b5
6147,72.650334910,6.309798,34,v2,88000000ffffffffffffa8dd9f4dc5b5
6148,72.653024493,2.689583,34,v2,88000000ffffffffffffa8dd9f4dc5b5
6149,72.659997308,6.972815,30,v2,88000000ffffffffffffa8dd9f4dc5b5
6150,72.663957052,3.959744,34,v2,88000000ffffffffffffa8dd9f4dc5b5
6151,72.668497539,4.540487,34,v2,88000000ffffffffffffa8dd9f4dc5b5
6152,72.673483653,4.986114,34,v2,88000000ffffffffffffa8dd9f4dc5b5
6153,72.678291416,4.807763,34,v2,88000000ffffffffffffa8dd9f4dc5b5
6154,72.681615447,3.324031,30,v2,88000000ffffffffffffa8dd9f4dc5b5
6155,72.685567909,3.952462,34,v2,88000000ffffffffffffa8dd9f4dc5b5
6156,72.689536394,3.968485,34,v2,88000000ffffffffffffa8dd9f4dc5b5
6157,72.694997171,5.460777,34,v2,88000000ffffffffffffa8dd9f4dc5b5
6158,72.700701285,5.704114,34,v2,88000000ffffffffffffa8dd9f4dc5b5
6159,72.704855787,4.154502,34,v2,88000000ffffffffffffa8dd9f4dc5b5
6160,72.709949129,5.093342,34,v2,88000000ffffffffffffa8dd9f4dc5b5
6161,72.714062407,4.113278,34,v2,88000000ffffffffffffa8dd9f4dc5b5
6162,72.719267398,5.204991,34,v2,88000000ffffffffffffa8dd9f4dc5b5
6163,72.723087692,3.820294,34,v2,88000000ffffffffffffa8dd9f4dc5b5
6164,72.728318282,5.230590,30,v2,88000000ffffffffffffa8dd9f4dc5b5
6165,72.732262293,3.944011,34,v2,88000000ffffffffffffa8dd9f4dc5b5
6166,72.737271994,5.009701,34,v2,88000000ffffffffffffa8dd9f4dc5b5
6167,72.741381318,4.109324,34,v2,88000000ffffffffffffa8dd9f4dc5b5
6168,72.746356262,4.974944,34,v2,88000000ffffffffffffa8dd9f4dc5b5
6169,72.751442588,5.086326,34,v2,88000000ffffffffffffa8dd9f4dc5b5
6170,72.755634007,4.191419,34,v2,88000000ffffffffffffa8dd9f4dc5b5
6171,72.760668526,5.034519,34,v2,88000000ffffffffffffa8dd9f4dc5b5
6172,72.765006461,4.337935,34,v2,88000000ffffffffffffa8dd9f4dc5b5
6173,72.769955697,4.949236,34,v2,88000000ffffffffffffa8dd9f4dc5b5
6174,72.774022793,4.067096,34,v2,88000000ffffffffffffa8dd9f4dc5b5
6175,72.780225635,6.202842,34,v2,88000000ffffffffffffa8dd9f4dc5b5
6176,72.784088648,3.863013,34,v2,88000000ffffffffffffa8dd9f4dc5b5
6177,72.788320248,4.231600,30,v2,88000000ffffffffffffa8dd9f4dc5b5
6178,72.793945981,5.625733,34,v2,88000000ffffffffffffa8dd9f4dc5b5
6179,72.799239172,5.293191,34,v2,88000000ffffffffffffa8dd9f4dc5b5
6180,72.802293492,3.054320,34,v2,88000000ffffffffffffa8dd9f4dc5b5
6181,72.809283275,6.989783,34,v2,88000000ffffffffffffa8dd9f4dc5b5
6182,72.811388232,2.104957,34,v2,88000000ffffffffffffa8dd9f4dc5b5
6183,72.816473376,5.085144,34,v2,88000000ffffffffffffa8dd9f4dc5b5
6184,72.820794557,4.321181,34,v2,88000000ffffffffffffa8dd9f4dc5b5
6185,72.825730297,4.935740,34,v2,88000000ffffffffffffa8dd9f4dc5b5
6186,72.830925878,5.195581,30,v2,88000000ffffffffffffa8dd9f4dc5b5
6187,72.835893469,4.967591,34,v2,88000000ffffffffffffa8dd9f4dc5b5
6188,72.839985466,4.091997,34,v2,88000000ffffffffffffa8dd9f4dc5b5
6189,72.844981902,4.996436,34,v2,88000000ffffffffffffa8dd9f4dc5b5
6190,72.849809492,4.827590,30,v2,88000000ffffffffffffa8dd9f4dc5b5
6191,72.854086946,4.277454,34,v2,88000000ffffffffffffa8dd9f4dc5b5
6192,72.859153299,5.066353,30,v2,88000000ffffffffffffa8dd9f4dc5b5
6193,72.863415798,4.262499,34,v2,88000000ffffffffffffa8dd9f4dc5b5
6194,72.869201406,5.785608,34,v2,88000000ffffffffffffa8dd9f4dc5b5
6195,72.872548172,3.346766,34,v2,88000000ffffffffffffa8dd9f4dc5b5
6196,72.877732032,5.183860,34,v2,88000000ffffffffffffa8dd9f4dc5b5
6197,72.881712219,3.980187,34,v2,88000000ffffffffffffa8dd9f4dc5b5
6198,72.886759268,5.047049,34,v2,88000000ffffffffffffa8dd9f4dc5b5
6199,72.890706141,3.946873,34,v2,88000000ffffffffffffa8dd9f4dc5b5
6200,72.895775971,5.069830,30,v2,88000000ffffffffffffa8dd9f4dc5b5
6201,72.900845032,5.069061,30,v2,88000000ffffffffffffa8dd9f4dc5b5
6202,72.904995200,4.150168,34,v2,88000000ffffffffffffa8dd9f4dc5b5
6203,72.909292314,4.297114,34,v2,88000000ffffffffffffa8dd9f4dc5b5
6204,72.915379106,6.086792,30,v2,88000000ffffffffffffa8dd9f4dc5b5
6205,72.919280870,3.901764,34,v2,88000000ffffffffffffa8dd9f4dc5b5
6206,72.924392813,5.111943,34,v2,88000000ffffffffffffa8dd9f4dc5b5
6207,72.930332956,5.940143,34,v2,88000000ffffffffffffa8dd9f4dc5b5
6208,72.932360361,2.027405,34,v2,88000000ffffffffffffa8dd9f4dc5b5
6209,72.938054140,5.693779,34,v2,88000000ffffffffffffa8dd9f4dc5b5
6210,72.941711908,3.657768,34,v2,88000000ffffffffffffa8dd9f4dc5b5
6211,72.946908420,5.196512,34,v2,88000000ffffffffffffa8dd9f4dc5b5
6212,72.950650690,3.742270,30,v2,88000000ffffffffffffa8dd9f4dc5b5
6213,72.955980969,5.330279,34,v2,88000000ffffffffffffa8dd9f4dc5b5
6214,72.961812117,5.831148,30,v2,88000000ffffffffffffa8dd9f4dc5b5
6215,72.966012429,4.200312,34,v2,88000000ffffffffffffa8dd9f4dc5b5
6216,72.970993644,4.981215,34,v2,88000000ffffffffffffa8dd9f4dc5b5
6217,72.975256300,4.262656,34,v2,88000000ffffffffffffa8dd9f4dc5b5
6218,72.980412634,5.156334,34,v2,88000000ffffffffffffa8dd9f4dc5b5
6219,72.984258209,3.845575,30,v2,88000000ffffffffffffa8dd9f4dc5b5
6220,72.989370017,5.111808,34,v2,88000000ffffffffffffa8dd9f4dc5b5
6221,72.993373594,4.003577,34,v2,88000000ffffffffffffa8dd9f4dc5b5
6222,72.998380094,5.006500,34,v2,88000000ffffffffffffa8dd9f4dc5b5
6223,73.002461927,4.081833,34,v2,88000000ffffffffffffa8dd9f4dc5b5
6224,73.007568347,5.106420,34,v2,88000000ffffffffffffa8dd9f4dc5b5
6225,73.012571633,5.003286,30,v2,88000000ffffffffffffa8dd9f4dc5b5
6226,73.016811549,4.239916,30,v2,88000000ffffffffffffa8dd9f4dc5b5
6227,73.021815001,5.003452,34,v2,88000000ffffffffffffa8dd9f4dc5b5
6228,73.027076954,5.261953,34,v2,88000000ffffffffffffa8dd9f4dc5b5
6229,73.030952682,3.875728,34,v2,88000000ffffffffffffa8dd9f4dc5b5
6230,73.038103765,7.151083,34,v2,88000000ffffffffffffa8dd9f4dc5b5
6231,73.041957181,3.853416,34,v2,88000000ffffffffffffa8dd9f4dc5b5
6232,73.046988515,5.031334,34,v2,88000000ffffffffffffa8dd9f4dc5b5
6233,73.049375301,2.386786,30,v2,88000000ffffffffffffa8dd9f4dc5b5
6234,73.054595902,5.220601,30,v2,88000000ffffffffffffa8dd9f4dc5b5
6235,73.059479190,4.883288,34,v2,88000000ffffffffffffa8dd9f4dc5b5
6236,73.063457128,3.977938,34,v2,88000000ffffffffffffa8dd9f4dc5b5
6237,73.067525822,4.068694,30,v2,88000000ffffffffffffa8dd9f4dc5b5
6238,73.072656912,5.131090,30,v2,88000000ffffffffffffa8dd9f4dc5b5
6239,73.076584292,3.927380,34,v2,88000000ffffffffffffa8dd9f4dc5b5
6240,73.081842549,5.258257,30,v2,88000000ffffffffffffa8dd9f4dc5b5
6241,73.085794033,3.951484,34,v2,88000000ffffffffffffa8dd9f4dc5b5
6242,73.091865442,6.071409,30,v2,88000000ffffffffffffa8dd9f4dc5b5
6243,73.096890928,5.025486,34,v2,88000000ffffffffffffa8dd9f4dc5b5
6244,73.101145093,4.254165,34,v2,88000000ffffffffffffa8dd9f4dc5b5
6245,73.106269214,5.124121,30,v2,88000000ffffffffffffa8dd9f4dc5b5
6246,73.452598372,346.329158,34,v2,88000000ffffffffffffa8dd9f4dc5b5
6247,73.457726034,5.127662,34,v2,88000000ffffffffffffa8dd9f4dc5b5
6248,73.461768609,4.042575,34,v2,88000000ffffffffffffa8dd9f4dc5b5
6249,73.466801048,5.032439,34,v2,88000000ffffffffffffa8dd9f4dc5b5
6250,73.471036702,4.235654,30,v2,88000000ffffffffffffa8dd9f4dc5b5
6251,73.476237129,5.200427,34,v2,88000000ffffffffffffa8dd9f4dc5b5
6252,73.482347400,6.110271,34,v2,88000000ffffffffffffa8dd9f4dc5b5
6253,73.485093647,2.746247,34,v2,88000000ffffffffffffa8dd9f4dc5b5
6254,73.490202723,5.109076,34,v2,88000000ffffffffffffa8dd9f4dc5b5
6255,73.495291549,5.088826,34,v2,88000000ffffffffffffa8dd9f4dc5b5
6256,73.499391628,4.100079,34,v2,88000000ffffffffffffa8dd9f4dc5b5
6257,73.503488729,4.097101,34,v2,88000000ffffffffffffa8dd9f4dc5b5
6258,73.508569407,5.080678,34,v2,88000000ffffffffffffa8dd9f4dc5b5
6259,73.512506792,3.937385,34,v2,88000000ffffffffffffa8dd9f4dc5b5
6260,73.517502868,4.996076,34,v2,88000000ffffffffffffa8dd9f4dc5b5
6261,73.521840264,4.337396,34,v2,88000000ffffffffffffa8dd9f4dc5b5
6262,73.527135104,5.294840,34,v2,88000000ffffffffffffa8dd9f4dc5b5
6263,73.531071890,3.936786,34,v2,88000000ffffffffffffa8dd9f4dc5b5
6264,73.535139565,4.067675,34,v2,88000000ffffffffffffa8dd9f4dc5b5
6265,73.539976740,4.837175,34,v2,88000000ffffffffffffa8dd9f4dc5b5
6266,73.544028205,4.051465,30,v2,88000000ffffffffffffa8dd9f4dc5b5
6267,73.549163347,5.135142,34,v2,88000000ffffffffffffa8dd9f4dc5b5
6268,73.553425044,4.261697,34,v2,88000000ffffffffffffa8dd9f4dc5b5
6269,73.558322727,4.897683,30,v2,88000000ffffffffffffa8dd9f4dc5b5
6270,73.562439651,4.116924,34,v2,88000000ffffffffffffa8dd9f4dc5b5
6271,73.567381790,4.942139,34,v2,88000000ffffffffffffa8dd9f4dc5b5
6272,73.571927041,4.545251,34,v2,88000000ffffffffffffa8dd9f4dc5b5
6273,73.576721372,4.794331,34,v2,88000000ffffffffffffa8dd9f4dc5b5
6274,73.580604636,3.883264,30,v2,88000000ffffffffffffa8dd9f4dc5b5
6275,73.584708711,4.104075,34,v2,88000000ffffffffffffa8dd9f4dc5b5
6276,73.589675245,4.966534,34,v2,88000000ffffffffffffa8dd9f4dc5b5
6277,73.593994047,4.318802,34,v2,88000000ffffffffffffa8dd9f4dc5b5
6278,73.598901822,4.907775,34,v2,88000000ffffffffffffa8dd9f4dc5b5
6279,73.603011576,4.109754,34,v2,88000000ffffffffffffa8dd9f4dc5b5
6280,73.607944083,4.932507,34,v2,88000000ffffffffffffa8dd9f4dc5b5
6281,73.613101639,5.157556,34,v2,88000000ffffffffffffa8dd9f4dc5b5
6282,73.617358385,4.256746,34,v2,88000000ffffffffffffa8dd9f4dc5b5
6283,73.622403594,5.045209,34,v2,88000000ffffffffffffa8dd9f4dc5b5
6284,73.626579560,4.175966,34,v2,88000000ffffffffffffa8dd9f4dc5b5
6285,73.631385501,4.805941,34,v2,88000000ffffffffffffa8dd9f4dc5b5
6286,73.635532241,4.146740,30,v2,88000000ffffffffffffa8dd9f4dc5b5
6287,73.640556319,5.024078,34,v2,88000000ffffffffffffa8dd9f4dc5b5
6288,73.644830129,4.273810,34,v2,88000000ffffffffffffa8dd9f4dc5b5
6289,73.649620650,4.790521,34,v2,88000000ffffffffffffa8dd9f4dc5b5
6290,73.653771957,4.151307,34,v2,88000000ffffffffffffa8dd9f4dc5b5
6291,73.657741200,3.969243,30,v2,88000000ffffffffffffa8dd9f4dc5b5
6292,73.662954562,5.213362,34,v2,88000000ffffffffffffa8dd9f4dc5b5
6293,73.667028929,4.074367,34,v2,88000000ffffffffffffa8dd9f4dc5b5
6294,73.672096909,5.067980,30,v2,88000000ffffffffffffa8dd9f4dc5b5
6295,73.676317350,4.220441,34,v2,88000000ffffffffffffa8dd9f4dc5b5
6296,73.681356506,5.039156,30,v2,88000000ffffffffffffa8dd9f4dc5b5
6297,73.685258463,3.901957,30,v2,88000000ffffffffffffa8dd9f4dc5b5
6298,73.692447064,7.188601,34,v2,88000000ffffffffffffa8dd9f4dc5b5
6299,73.694377337,1.930273,34,v2,88000000ffffffffffffa8dd9f4dc5b5
6300,73.699331565,4.954228,34,v2,88000000ffffffffffffa8dd9f4dc5b5
6301,73.703911892,4.580327,34,v2,88000000ffffffffffffa8dd9f4dc5b5
6302,73.707729193,3.817301,34,v2,88000000ffffffffffffa8dd9f4dc5b5
6303,73.712868888,5.139695,34,v2,88000000ffffffffffffa8dd9f4dc5b5
6304,73.716680467,3.811579,34,v2,88000000ffffffffffffa8dd9f4dc5b5
6305,73.721742299,5.061832,30,v2,88000000ffffffffffffa8dd9f4dc5b5
6306,73.725840057,4.097758,34,v2,88000000ffffffffffffa8dd9f4dc5b5
6307,73.731169541,5.329484,34,v2,88000000ffffffffffffa8dd9f4dc5b5
6308,73.735480807,4.311266,34,v2,88000000ffffffffffffa8dd9f4dc5b5
6309,73.741057710,5.576903,34,v2,88000000ffffffffffffa8dd9f4dc5b5
6310,73.745145325,4.087615,34,v2,88000000ffffffffffffa8dd9f4dc5b5
6311,73.750640388,5.495063,34,v2,88000000ffffffffffffa8dd9f4dc5b5
6312,73.754557658,3.917270,34,v2,88000000ffffffffffffa8dd9f4dc5b5
6313,73.758526521,3.968863,34,v2,88000000ffffffffffffa8dd9f4dc5b5
6314,73.763547378,5.020857,34,v2,88000000ffffffffffffa8dd9f4dc5b5
6315,73.768072628,4.525250,30,v2,88000000ffffffffffffa8dd9f4dc5b5
6316,73.772574673,4.502045,34,v2,88000000ffffffffffffa8dd9f4dc5b5
6317,73.776551686,3.977013,34,v2,88000000ffffffffffffa8dd9f4dc5b5
6318,73.780677268,4.125582,34,v2,88000000ffffffffffffa8dd9f4dc5b5
6319,73.785817313,5.140045,30,v2,88000000ffffffffffffa8dd9f4dc5b5
6320,73.789885744,4.068431,34,v2,88000000ffffffffffffa8dd9f4dc5b5
6321,73.795264374,5.378630,30,v2,88000000ffffffffffffa8dd9f4dc5b5
6322,73.799137305,3.872931,34,v2,88000000ffffffffffffa8dd9f4dc5b5
6323,73.804163885,5.026580,34,v2,88000000ffffffffffffa8dd9f4dc5b5
6324,73.808220570,4.056685,34,v2,88000000ffffffffffffa8dd9f4dc5b5
6325,73.813409146,5.188576,34,v2,88000000ffffffffffffa8dd9f4dc5b5
6326,73.817217959,3.808813,34,v2,88000000ffffffffffffa8dd9f4dc5b5
6327,73.822425586,5.207627,34,v2,88000000ffffffffffffa8dd9f4dc5b5
6328,73.826577658,4.152072,34,v2,88000000ffffffffffffa8dd9f4dc5b5
6329,73.830547087,3.969429,30,v2,88000000ffffffffffffa8dd9f4dc5b5
6330,73.835560554,5.013467,34,v2,88000000ffffffffffffa8dd9f4dc5b5
6331,73.839724875,4.164321,34,v2,88000000ffffffffffffa8dd9f4dc5b5
6332,73.844732888,5.008013,34,v2,88000000ffffffffffffa8dd9f4dc5b5
6333,73.848920895,4.188007,34,v2,88000000ffffffffffffa8dd9f4dc5b5
6334,73.853804082,4.883187,34,v2,88000000ffffffffffffa8dd9f4dc5b5
6335,73.857969588,4.165506,34,v2,88000000ffffffffffffa8dd9f4dc5b5
6336,73.863021036,5.051448,34,v2,88000000ffffffffffffa8dd9f4dc5b5
6337,73.868188131,5.167095,34,v2,88000000ffffffffffffa8dd9f4dc5b5
6338,73.873114052,4.925921,30,v2,88000000ffffffffffffa8dd9f4dc5b5
6339,73.877316399,4.202347,34,v2,88000000ffffffffffffa8dd9f4dc5b5
6340,73.881265528,3.949129,30,v2,88000000ffffffffffffa8dd9f4dc5b5
6341,73.886333131,5.067603,34,v2,88000000ffffffffffffa8dd9f4dc5b5
6342,73.890493804,4.160673,34,v2,88000000ffffffffffffa8dd9f4dc5b5
6343,73.895613179,5.119375,30,v2,88000000ffffffffffffa8dd9f4dc5b5
6344,73.899938254,4.325075,34,v2,88000000ffffffffffffa8dd9f4dc5b5
6345,73.904860485,4.922231,34,v2,88000000ffffffffffffa8dd9f4dc5b5
6346,74.251223391,346.362906,34,v2,88000000ffffffffffffa8dd9f4dc5b5
6347,74.256098789,4.875398,34,v2,88000000ffffffffffffa8dd9f4dc5b5
6348,74.261221732,5.122943,30,v2,88000000ffffffffffffa8dd9f4dc5b5
6349,74.265420613,4.198881,34,v2,88000000ffffffffffffa8dd9f4dc5b5
6350,74.270466913,5.046300,30,v2,88000000ffffffffffffa8dd9f4dc5b5
6351,74.274385716,3.918803,34,v2,88000000ffffffffffffa8dd9f4dc5b5
6352,74.278686979,4.301263,30,v2,88000000ffffffffffffa8dd9f4dc5b5
6353,74.283648411,4.961432,30,v2,88000000ffffffffffffa8dd9f4dc5b5
6354,74.287782912,4.134501,34,v2,88000000ffffffffffffa8dd9f4dc5b5
6355,74.291736113,3.953201,34,v2,88000000ffffffffffffa8dd9f4dc5b5
6356,74.296766757,5.030644,34,v2,88000000ffffffffffffa8dd9f4dc5b5
6357,74.300930038,4.163281,30,v2,88000000ffffffffffffa8dd9f4dc5b5
6358,74.305015990,4.085952,34,v2,88000000ffffffffffffa8dd9f4dc5b5
6359,74.310023381,5.007391,34,v2,88000000ffffffffffffa8dd9f4dc5b5
6360,74.314426082,4.402701,34,v2,88000000ffffffffffffa8dd9f4dc5b5
6361,74.318329391,3.903309,34,v2,88000000ffffffffffffa8dd9f4dc5b5
6362,74.323292452,4.963061,34,v2,88000000ffffffffffffa8dd9f4dc5b5
6363,74.327489917,4.197465,34,v2,88000000ffffffffffffa8dd9f4dc5b5
6364,74.331336694,3.846777,34,v2,88000000ffffffffffffa8dd9f4dc5b5
6365,74.336371621,5.034927,30,v2,88000000ffffffffffffa8dd9f4dc5b5
6366,74.340962745,4.591124,30,v2,88000000ffffffffffffa8dd9f4dc5b5
6367,74.344650053,3.687308,34,v2,88000000ffffffffffffa8dd9f4dc5b5
6368,74.349788991,5.138938,34,v2,88000000ffffffffffffa8dd9f4dc5b5
6369,74.353971758,4.182767,34,v2,88000000ffffffffffffa8dd9f4dc5b5
6370,74.358865105,4.893347,34,v2,88000000ffffffffffffa8dd9f4dc5b5
6371,74.362953286,4.088181,34,v2,88000000ffffffffffffa8dd9f4dc5b5
6372,74.367485284,4.531998,34,v2,88000000ffffffffffffa8dd9f4dc5b5
6373,74.371993647,4.508363,34,v2,88000000ffffffffffffa8dd9f4dc5b5
6374,74.376103467,4.109820,34,v2,88000000ffffffffffffa8dd9f4dc5b5
6375,74.380143253,4.039786,34,v2,88000000ffffffffffffa8dd9f4dc5b5
6376,74.385250862,5.107609,34,v2,88000000ffffffffffffa8dd9f4dc5b5
6377,74.390310787,5.059925,30,v2,88000000ffffffffffffa8dd9f4dc5b5
6378,74.394436105,4.125318,30,v2,88000000ffffffffffffa8dd9f4dc5b5
6379,74.399577806,5.141701,34,v2,88000000ffffffffffffa8dd9f4dc5b5
6380,74.403556244,3.978438,34,v2,88000000ffffffffffffa8dd9f4dc5b5
6381,74.407676985,4.120741,34,v2,88000000ffffffffffffa8dd9f4dc5b5
6382,74.412589433,4.912448,34,v2,88000000ffffffffffffa8dd9f4dc5b5
6383,74.416735369,4.145936,34,v2,88000000ffffffffffffa8dd9f4dc5b5
6384,74.421811836,5.076467,34,v2,88000000ffffffffffffa8dd9f4dc5b5
6385,74.427778327,5.966491,34,v2,88000000ffffffffffffa8dd9f4dc5b5
6386,74.430069924,2.291597,34,v2,88000000ffffffffffffa8dd9f4dc5b5
6387,74.435033946,4.964022,30,v2,88000000ffffffffffffa8dd9f4dc5b5
6388,74.440957660,5.923714,34,v2,88000000ffffffffffffa8dd9f4dc5b5
6389,74.443253997,2.296337,34,v2,88000000ffffffffffffa8dd9f4dc5b5
6390,74.448159999,4.906002,34,v2,88000000ffffffffffffa8dd9f4dc5b5
6391,74.452342506,4.182507,30,v2,88000000ffffffffffffa8dd9f4dc5b5
6392,74.456362759,4.020253,34,v2,88000000ffffffffffffa8dd9f4dc5b5
6393,74.462139184,5.776425,34,v2,88000000ffffffffffffa8dd9f4dc5b5
6394,74.465467610,3.328426,34,v2,88000000ffffffffffffa8dd9f4dc5b5
6395,74.469596246,4.128636,34,v2,88000000ffffffffffffa8dd9f4dc5b5
6396,74.476489201,6.892955,30,v2,88000000ffffffffffffa8dd9f4dc5b5
6397,74.478757525,2.268324,34,v2,88000000ffffffffffffa8dd9f4dc5b5
6398,74.482849344,4.091819,34,v2,88000000ffffffffffffa8dd9f4dc5b5
6399,74.487815049,4.965705,30,v2,88000000ffffffffffffa8dd9f4dc5b5
6400,74.492109405,4.294356,34,v2,88000000ffffffffffffa8dd9f4dc5b5
6401,74.496066300,3.956895,34,v2,88000000ffffffffffffa8dd9f4dc5b5
6402,74.501180824,5.114524,34,v2,88000000ffffffffffffa8dd9f4dc5b5
6403,74.506161201,4.980377,34,v2,88000000ffffffffffffa8dd9f4dc5b5
6404,74.511651205,5.490004,34,v2,88000000ffffffffffffa8dd9f4dc5b5
6405,74.514324029,2.672824,34,v2,88000000ffffffffffffa8dd9f4dc5b5
6406,74.520307938,5.983909,34,v2,88000000ffffffffffffa8dd9f4dc5b5
6407,74.524488674,4.180736,34,v2,88000000ffffffffffffa8dd9f4dc5b5
6408,74.529409108,4.920434,34,v2,88000000ffffffffffffa8dd9f4dc5b5
6409,74.533837386,4.428278,34,v2,88000000ffffffffffffa8dd9f4dc5b5
6410,74.537843535,4.006149,30,v2,88000000ffffffffffffa8dd9f4dc5b5
6411,74.542608987,4.765452,34,v2,88000000ffffffffffffa8dd9f4dc5b5
6412,74.546895072,4.286085,30,v2,88000000ffffffffffffa8dd9f4dc5b5
6413,74.552785842,5.890770,34,v2,88000000ffffffffffffa8dd9f4dc5b5
6414,74.557927441,5.141599,34,v2,88000000ffffffffffffa8dd9f4dc5b5
6415,74.560160854,2.233413,34,v2,88000000ffffffffffffa8dd9f4dc5b5
6416,74.565235489,5.074635,34,v2,88000000ffffffffffffa8dd9f4dc5b5
6417,74.569121854,3.886365,34,v2,88000000ffffffffffffa8dd9f4dc5b5
6418,74.574178277,5.056423,34,v2,88000000ffffffffffffa8dd9f4dc5b5
6419,74.580015916,5.837639,34,v2,88000000ffffffffffffa8dd9f4dc5b5
6420,74.583501523,3.485607,30,v2,88000000ffffffffffffa8dd9f4dc5b5
6421,74.587446220,3.944697,30,v2,88000000ffffffffffffa8dd9f4dc5b5
6422,74.591605476,4.159256,34,v2,88000000ffffffffffffa8dd9f4dc5b5
6423,74.596007750,4.402274,30,v2,88000000ffffffffffffa8dd9f4dc5b5
6424,74.602582350,6.574600,34,v2,88000000ffffffffffffa8dd9f4dc5b5
6425,74.606367056,3.784706,30,v2,88000000ffffffffffffa8dd9f4dc5b5
6426,74.608872900,2.505844,34,v2,88000000ffffffffffffa8dd9f4dc5b5
6427,74.614240972,5.368072,34,v2,88000000ffffffffffffa8dd9f4dc5b5
6428,74.617901031,3.660059,34,v2,88000000ffffffffffffa8dd9f4dc5b5
6429,74.623268543,5.367512,34,v2,88000000ffffffffffffa8dd9f4dc5b5
6430,74.628206435,4.937892,34,v2,88000000ffffffffffffa8dd9f4dc5b5
6431,74.631299923,3.093488,34,v2,88000000ffffffffffffa8dd9f4dc5b5
6432,74.635308044,4.008121,34,v2,88000000ffffffffffffa8dd9f4dc5b5
6433,74.640308859,5.000815,34,v2,88000000ffffffffffffa8dd9f4dc5b5
6434,74.644546576,4.237717,34,v2,88000000ffffffffffffa8dd9f4dc5b5
6435,74.649488697,4.942121,34,v2,88000000ffffffffffffa8dd9f4dc5b5
6436,74.654636983,5.148286,34,v2,88000000ffffffffffffa8dd9f4dc5b5
6437,74.658555155,3.918172,34,v2,88000000ffffffffffffa8dd9f4dc5b5
6438,74.663619236,5.064081,34,v2,88000000ffffffffffffa8dd9f4dc5b5
6439,74.668250585,4.631349,30,v2,88000000ffffffffffffa8dd9f4dc5b5
6440,74.671783894,3.533309,34,v2,88000000ffffffffffffa8dd9f4dc5b5
6441,74.675961364,4.177470,34,v2,88000000ffffffffffffa8dd9f4dc5b5
6442,74.680862745,4.901381,34,v2,88000000ffffffffffffa8dd9f4dc5b5
6443,74.684887161,4.024416,34,v2,88000000ffffffffffffa8dd9f4dc5b5
6444,74.690014221,5.127060,34,v2,88000000ffffffffffffa8dd9f4dc5b5
6445,74.694064697,4.050476,34,v2,88000000ffffffffffffa8dd9f4dc5b5
6446,75.041737894,347.673197,34,v2,88000000ffffffffffffa8dd9f4dc5b5
6447,75.046626819,4.888925,34,v2,88000000ffffffffffffa8dd9f4dc5b5
6448,75.050615731,3.988912,34,v2,88000000ffffffffffffa8dd9f4dc5b5
6449,75.055983677,5.367946,34,v2,88000000ffffffffffffa8dd9f4dc5b5
6450,75.059788092,3.804415,34,v2,88000000ffffffffffffa8dd9f4dc5b5
6451,75.064038525,4.250433,30,v2,88000000ffffffffffffa8dd9f4dc5b5
6452,75.068097821,4.059296,34,v2,88000000ffffffffffffa8dd9f4dc5b5
6453,75.073080457,4.982636,30,v2,88000000ffffffffffffa8dd9f4dc5b5
6454,75.077144151,4.063694,34,v2,88000000ffffffffffffa8dd9f4dc5b5
6455,75.082213297,5.069146,30,v2,88000000ffffffffffffa8dd9f4dc5b5
6456,75.086284603,4.071306,30,v2,88000000ffffffffffffa8dd9f4dc5b5
6457,75.090496403,4.211800,34,v2,88000000ffffffffffffa8dd9f4dc5b5
6458,75.094469885,3.973482,34,v2,88000000ffffffffffffa8dd9f4dc5b5
6459,75.098747038,4.277153,34,v2,88000000ffffffffffffa8dd9f4dc5b5
6460,75.103650535,4.903497,34,v2,88000000ffffffffffffa8dd9f4dc5b5
6461,75.107696300,4.045765,34,v2,88000000ffffffffffffa8dd9f4dc5b5
6462,75.111681952,3.985652,30,v2,88000000ffffffffffffa8dd9f4dc5b5
6463,75.116783408,5.101456,34,v2,88000000ffffffffffffa8dd9f4dc5b5
6464,75.120824093,4.040685,34,v2,88000000ffffffffffffa8dd9f4dc5b5
6465,75.124869836,4.045743,30,v2,88000000ffffffffffffa8dd9f4dc5b5
6466,75.128972825,4.102989,34,v2,88000000ffffffffffffa8dd9f4dc5b5
6467,75.132960349,3.987524,34,v2,88000000ffffffffffffa8dd9f4dc5b5
6468,75.138102236,5.141887,30,v2,88000000ffffffffffffa8dd9f4dc5b5
6469,75.142139815,4.037579,34,v2,88000000ffffffffffffa8dd9f4dc5b5
6470,75.146212073,4.072258,34,v2,88000000ffffffffffffa8dd9f4dc5b5
6471,75.151316053,5.103980,34,v2,88000000ffffffffffffa8dd9f4dc5b5
6472,75.155408840,4.092787,34,v2,88000000ffffffffffffa8dd9f4dc5b5
6473,75.159375299,3.966459,34,v2,88000000ffffffffffffa8dd9f4dc5b5
6474,75.163554651,4.179352,34,v2,88000000ffffffffffffa8dd9f4dc5b5
6475,75.169565455,6.010804,34,v2,88000000ffffffffffffa8dd9f4dc5b5
6476,75.173611601,4.046146,34,v2,88000000ffffffffffffa8dd9f4dc5b5
6477,75.177603839,3.992238,34,v2,88000000ffffffffffffa8dd9f4dc5b5
6478,75.181838401,4.234562,30,v2,88000000ffffffffffffa8dd9f4dc5b5
6479,75.186750766,4.912365,34,v2,88000000ffffffffffffa8dd9f4dc5b5
6480,75.190980071,4.229305,34,v2,88000000ffffffffffffa8dd9f4dc5b5
6481,75.194959673,3.979602,34,v2,88000000ffffffffffffa8dd9f4dc5b5
6482,75.199136382,4.176709,34,v2,88000000ffffffffffffa8dd9f4dc5b5
6483,75.204458732,5.322350,34,v2,88000000ffffffffffffa8dd9f4dc5b5
6484,75.208218516,3.759784,34,v2,88000000ffffffffffffa8dd9f4dc5b5
6485,75.212274475,4.055959,34,v2,88000000ffffffffffffa8dd9f4dc5b5
6486,75.216540817,4.266342,34,v2,88000000ffffffffffffa8dd9f4dc5b5
6487,75.220310070,3.769253,30,v2,88000000ffffffffffffa8dd9f4dc5b5
6488,75.225727994,5.417924,30,v2,88000000ffffffffffffa8dd9f4dc5b5
6489,75.229925804,4.197810,30,v2,88000000ffffffffffffa8dd9f4dc5b5
6490,75.233472680,3.546876,34,v2,88000000ffffffffffffa8dd9f4dc5b5
6491,75.238701191,5.228511,34,v2,88000000ffffffffffffa8dd9f4dc5b5
6492,75.242616394,3.915203,30,v2,88000000ffffffffffffa8dd9f4dc5b5
6493,75.246781976,4.165582,34,v2,88000000ffffffffffffa8dd9f4dc5b5
6494,75.250959696,4.177720,34,v2,88000000ffffffffffffa8dd9f4dc5b5
6495,75.255171418,4.211722,34,v2,88000000ffffffffffffa8dd9f4dc5b5
6496,75.260739576,5.568158,34,v2,88000000ffffffffffffa8dd9f4dc5b5
6497,75.264243678,3.504102,30,v2,88000000ffffffffffffa8dd9f4dc5b5
6498,75.268147288,3.903610,34,v2,88000000ffffffffffffa8dd9f4dc5b5
6499,75.273142551,4.995263,30,v2,88000000ffffffffffffa8dd9f4dc5b5
6500,75.277256274,4.113723,34,v2,88000000ffffffffffffa8dd9f4dc5b5
6501,75.281554214,4.297940,34,v2,88000000ffffffffffffa8dd9f4dc5b5
6502,75.285796007,4.241793,30,v2,88000000ffffffffffffa8dd9f4dc5b5
6503,75.289458270,3.662263,34,v2,88000000ffffffffffffa8dd9f4dc5b5
6504,75.294522604,5.064334,34,v2,88000000ffffffffffffa8dd9f4dc5b5
6505,75.299681096,5.158492,30,v2,88000000ffffffffffffa8dd9f4dc5b5
6506,75.304065832,4.384736,30,v2,88000000ffffffffffffa8dd9f4dc5b5
6507,75.308823315,4.757483,34,v2,88000000ffffffffffffa8dd9f4dc5b5
6508,75.312811911,3.988596,34,v2,88000000ffffffffffffa8dd9f4dc5b5
6509,75.316796552,3.984641,34,v2,88000000ffffffffffffa8dd9f4dc5b5
6510,75.321059442,4.262890,34,v2,88000000ffffffffffffa8dd9f4dc5b5
6511,75.326050215,4.990773,34,v2,88000000ffffffffffffa8dd9f4dc5b5
6512,75.330096732,4.046517,30,v2,88000000ffffffffffffa8dd9f4dc5b5
6513,75.334218357,4.121625,30,v2,88000000ffffffffffffa8dd9f4dc5b5
6514,75.338325147,4.106790,30,v2,88000000ffffffffffffa8dd9f4dc5b5
6515,75.343340094,5.014947,30,v2,88000000ffffffffffffa8dd9f4dc5b5
6516,75.347514444,4.174350,30,v2,88000000ffffffffffffa8dd9f4dc5b5
6517,75.351486985,3.972541,34,v2,88000000ffffffffffffa8dd9f4dc5b5
6518,75.355611237,4.124252,34,v2,88000000ffffffffffffa8dd9f4dc5b5
6519,75.360524312,4.913075,34,v2,88000000ffffffffffffa8dd9f4dc5b5
6520,75.364618327,4.094015,30,v2,88000000ffffffffffffa8dd9f4dc5b5
6521,75.368825271,4.206944,34,v2,88000000ffffffffffffa8dd9f4dc5b5
6522,75.372770350,3.945079,34,v2,88000000ffffffffffffa8dd9f4dc5b5
6523,75.377881471,5.111121,30,v2,88000000ffffffffffffa8dd9f4dc5b5
6524,75.382005494,4.124023,34,v2,88000000ffffffffffffa8dd9f4dc5b5
6525,75.385951742,3.946248,34,v2,88000000ffffffffffffa8dd9f4dc5b5
6526,75.390034709,4.082967,30,v2,88000000ffffffffffffa8dd9f4dc5b5
6527,75.395144947,5.110238,30,v2,88000000ffffffffffffa8dd9f4dc5b5
6528,75.399529563,4.384616,30,v2,88000000ffffffffffffa8dd9f4dc5b5
6529,75.403372423,3.842860,34,v2,88000000ffffffffffffa8dd9f4dc5b5
6530,75.407771713,4.399290,34,v2,88000000ffffffffffffa8dd9f4dc5b5
6531,75.412751438,4.979725,34,v2,88000000ffffffffffffa8dd9f4dc5b5
6532,75.416748825,3.997387,34,v2,88000000ffffffffffffa8dd9f4dc5b5
6533,75.420676644,3.927819,30,v2,88000000ffffffffffffa8dd9f4dc5b5
6534,75.424681192,4.004548,34,v2,88000000ffffffffffffa8dd9f4dc5b5
6535,75.430551742,5.870550,34,v2,88000000ffffffffffffa8dd9f4dc5b5
6536,75.434783083,4.231341,34,v2,88000000ffffffffffffa8dd9f4dc5b5
6537,75.438857268,4.074185,34,v2,88000000ffffffffffffa8dd9f4dc5b5
6538,75.443008293,4.151025,34,v2,88000000ffffffffffffa8dd9f4dc5b5
6539,75.447874857,4.866564,34,v2,88000000ffffffffffffa8dd9f4dc5b5
6540,75.452149209,4.274352,34,v2,88000000ffffffffffffa8dd9f4dc5b5
6541,75.456059155,3.909946,30,v2,88000000ffffffffffffa8dd9f4dc5b5
6542,75.460172160,4.113005,30,v2,88000000ffffffffffffa8dd9f4dc5b5
6543,75.465439960,5.267800,34,v2,88000000ffffffffffffa8dd9f4dc5b5
6544,75.469818535,4.378575,34,v2,88000000ffffffffffffa8dd9f4dc5b5
6545,75.473346326,3.527791,34,v2,88000000ffffffffffffa8dd9f4dc5b5
6546,75.826656719,353.310393,34,v2,88000000ffffffffffffa8dd9f4dc5b5
6547,75.830358842,3.702123,34,v2,88000000ffffffffffffa8dd9f4dc5b5
6548,75.835765069,5.406227,34,v2,88000000ffffffffffffa8dd9f4dc5b5
6549,75.839745725,3.980656,34,v2,88000000ffffffffffffa8dd9f4dc5b5
6550,75.845125385,5.379660,34,v2,88000000ffffffffffffa8dd9f4dc5b5
6551,75.847823918,2.698533,34,v2,88000000ffffffffffffa8dd9f4dc5b5
6552,75.853227561,5.403643,30,v2,88000000ffffffffffffa8dd9f4dc5b5
6553,75.855451714,2.224153,34,v2,88000000ffffffffffffa8dd9f4dc5b5
6554,75.859657281,4.205567,34,v2,88000000ffffffffffffa8dd9f4dc5b5
6555,75.863507145,3.849864,30,v2,88000000ffffffffffffa8dd9f4dc5b5
6556,75.868573214,5.066069,34,v2,88000000ffffffffffffa8dd9f4dc5b5
6557,75.873164002,4.590788,34,v2,88000000ffffffffffffa8dd9f4dc5b5
6558,75.876607554,3.443552,30,v2,88000000ffffffffffffa8dd9f4dc5b5
6559,75.880820386,4.212832,34,v2,88000000ffffffffffffa8dd9f4dc5b5
6560,75.884860671,4.040285,34,v2,88000000ffffffffffffa8dd9f4dc5b5
6561,75.889146154,4.285483,34,v2,88000000ffffffffffffa8dd9f4dc5b5
6562,75.895045158,5.899004,34,v2,88000000ffffffffffffa8dd9f4dc5b5
6563,75.899029718,3.984560,30,v2,88000000ffffffffffffa8dd9f4dc5b5
6564,75.902114637,3.084919,34,v2,88000000ffffffffffffa8dd9f4dc5b5
6565,75.906358649,4.244012,34,v2,88000000ffffffffffffa8dd9f4dc5b5
6566,75.910277599,3.918950,34,v2,88000000ffffffffffffa8dd9f4dc5b5
6567,75.914333859,4.056260,34,v2,88000000ffffffffffffa8dd9f4dc5b5
6568,75.919901085,5.567226,30,v2,88000000ffffffffffffa8dd9f4dc5b5
6569,75.923419508,3.518423,34,v2,88000000ffffffffffffa8dd9f4dc5b5
6570,75.927459969,4.040461,34,v2,88000000ffffffffffffa8dd9f4dc5b5
6571,75.931557762,4.097793,30,v2,88000000ffffffffffffa8dd9f4dc5b5
6572,75.936169166,4.611404,30,v2,88000000ffffffffffffa8dd9f4dc5b5
6573,75.939721442,3.552276,34,v2,88000000ffffffffffffa8dd9f4dc5b5
6574,75.943707265,3.985823,34,v2,88000000ffffffffffffa8dd9f4dc5b5
6575,75.949951617,6.244352,34,v2,88000000ffffffffffffa8dd9f4dc5b5
6576,75.954125630,4.174013,34,v2,88000000ffffffffffffa8dd9f4dc5b5
6577,75.958099126,3.973496,34,v2,88000000ffffffffffffa8dd9f4dc5b5
6578,75.962264427,4.165301,34,v2,88000000ffffffffffffa8dd9f4dc5b5
6579,75.966263876,3.999449,34,v2,88000000ffffffffffffa8dd9f4dc5b5
6580,75.970473853,4.209977,34,v2,88000000ffffffffffffa8dd9f4dc5b5
6581,75.974284925,3.811072,34,v2,88000000ffffffffffffa8dd9f4dc5b5
6582,75.980425333,6.140408,30,v2,88000000ffffffffffffa8dd9f4dc5b5
6583,75.983482890,3.057557,34,v2,88000000ffffffffffffa8dd9f4dc5b5
6584,75.987683969,4.201079,34,v2,88000000ffffffffffffa8dd9f4dc5b5
6585,75.991559966,3.875997,34,v2,88000000ffffffffffffa8dd9f4dc5b5
6586,75.995636441,4.076475,34,v2,88000000ffffffffffffa8dd9f4dc5b5
6587,76.002430486,6.794045,34,v2,88000000ffffffffffffa8dd9f4dc5b5
6588,76.003628002,1.197516,30,v2,88000000ffffffffffffa8dd9f4dc5b5
6589,76.008737569,5.109567,34,v2,88000000ffffffffffffa8dd9f4dc5b5
6590,76.012966681,4.229112,30,v2,88000000ffffffffffffa8dd9f4dc5b5
6591,76.016887607,3.920926,34,v2,88000000ffffffffffffa8dd9f4dc5b5
6592,76.021034321,4.146714,30,v2,88000000ffffffffffffa8dd9f4dc5b5
6593,76.024953351,3.919030,34,v2,88000000ffffffffffffa8dd9f4dc5b5
6594,76.032056219,7.102868,34,v2,88000000ffffffffffffa8dd9f4dc5b5
6595,76.034178863,2.122644,34,v2,88000000ffffffffffffa8dd9f4dc5b5
6596,76.038272208,4.093345,30,v2,88000000ffffffffffffa8dd9f4dc5b5
6597,76.042202666,3.930458,34,v2,88000000ffffffffffffa8dd9f4dc5b5
6598,76.046604149,4.401483,34,v2,88000000ffffffffffffa8dd9f4dc5b5
6599,76.050397613,3.793464,34,v2,88000000ffffffffffffa8dd9f4dc5b5
6600,76.054566800,4.169187,34,v2,88000000ffffffffffffa8dd9f4dc5b5
6601,76.061236174,6.669374,34,v2,88000000ffffffffffffa8dd9f4dc5b5
6602,76.063799095,2.562921,34,v2,88000000ffffffffffffa8dd9f4dc5b5
6603,76.068142988,4.343893,34,v2,88000000ffffffffffffa8dd9f4dc5b5
6604,76.071706143,3.563155,30,v2,88000000ffffffffffffa8dd9f4dc5b5
6605,76.075877821,4.171678,34,v2,88000000ffffffffffffa8dd9f4dc5b5
6606,76.080851266,4.973445,34,v2,88000000ffffffffffffa8dd9f4dc5b5
6607,76.085010209,4.158943,34,v2,88000000ffffffffffffa8dd9f4dc5b5
6608,76.089992778,4.982569,34,v2,88000000ffffffffffffa8dd9f4dc5b5
6609,76.094260964,4.268186,30,v2,88000000ffffffffffffa8dd9f4dc5b5
6610,76.098122254,3.861290,34,v2,88000000ffffffffffffa8dd9f4dc5b5
6611,76.102312726,4.190472,30,v2,88000000ffffffffffffa8dd9f4dc5b5
6612,76.106365043,4.052317,30,v2,88000000ffffffffffffa8dd9f4dc5b5
6613,76.110376716,4.011673,34,v2,88000000ffffffffffffa8dd9f4dc5b5
6614,76.115437459,5.060743,30,v2,88000000ffffffffffffa8dd9f4dc5b5
6615,76.119498432,4.060973,34,v2,88000000ffffffffffffa8dd9f4dc5b5
6616,76.123564138,4.065706,34,v2,88000000ffffffffffffa8dd9f4dc5b5
6617,76.128558857,4.994719,34,v2,88000000ffffffffffffa8dd9f4dc5b5
6618,76.131853545,3.294688,34,v2,88000000ffffffffffffa8dd9f4dc5b5
6619,76.136484515,4.630970,30,v2,88000000ffffffffffffa8dd9f4dc5b5
6620,76.139912648,3.428133,34,v2,88000000ffffffffffffa8dd9f4dc5b5
6621,76.144874507,4.961859,34,v2,88000000ffffffffffffa8dd9f4dc5b5
6622,76.150866532,5.992025,30,v2,88000000ffffffffffffa8dd9f4dc5b5
6623,76.153268564,2.402032,34,v2,88000000ffffffffffffa8dd9f4dc5b5
6624,76.157406833,4.138269,34,v2,88000000ffffffffffffa8dd9f4dc5b5
6625,76.161404780,3.997947,34,v2,88000000ffffffffffffa8dd9f4dc5b5
6626,76.165389522,3.984742,30,v2,88000000ffffffffffffa8dd9f4dc5b5
6627,76.170454689,5.065167,34,v2,88000000ffffffffffffa8dd9f4dc5b5
6628,76.174343732,3.889043,34,v2,88000000ffffffffffffa8dd9f4dc5b5
6629,76.178472164,4.128432,34,v2,88000000ffffffffffffa8dd9f4dc5b5
6630,76.182677711,4.205547,34,v2,88000000ffffffffffffa8dd9f4dc5b5
6631,76.186967498,4.289787,34,v2,88000000ffffffffffffa8dd9f4dc5b5
6632,76.190763494,3.795996,30,v2,88000000ffffffffffffa8dd9f4dc5b5
6633,76.196243030,5.479536,34,v2,88000000ffffffffffffa8dd9f4dc5b5
6634,76.199860222,3.617192,34,v2,88000000ffffffffffffa8dd9f4dc5b5
6635,76.204384570,4.524348,34,v2,88000000ffffffffffffa8dd9f4dc5b5
6636,76.209022731,4.638161,34,v2,88000000ffffffffffffa8dd9f4dc5b5
6637,76.213244046,4.221315,34,v2,88000000ffffffffffffa8dd9f4dc5b5
6638,76.217199728,3.955682,34,v2,88000000ffffffffffffa8dd9f4dc5b5
6639,76.221142114,3.942386,34,v2,88000000ffffffffffffa8dd9f4dc5b5
6640,76.226269442,5.127328,34,v2,88000000ffffffffffffa8dd9f4dc5b5
6641,76.230510447,4.241005,34,v2,88000000ffffffffffffa8dd9f4dc5b5
6642,76.234776075,4.265628,34,v2,88000000ffffffffffffa8dd9f4dc5b5
6643,76.238603404,3.827329,30,v2,88000000ffffffffffffa8dd9f4dc5b5
6644,76.242535759,3.932355,30,v2,88000000ffffffffffffa8dd9f4dc5b5
6645,76.246736711,4.200952,34,v2,88000000ffffffffffffa8dd9f4dc5b5
6646,76.586387039,339.650328,34,v2,88000000ffffffffffffa8dd9f4dc5b5
6647,76.589959739,3.572700,30,v2,88000000ffffffffffffa8dd9f4dc5b5
6648,76.594033502,4.073763,34,v2,88000000ffffffffffffa8dd9f4dc5b5
6649,76.599143250,5.109748,34,v2,88000000ffffffffffffa8dd9f4dc5b5
6650,76.603219935,4.076685,34,v2,88000000ffffffffffffa8dd9f4dc5b5
6651,76.607366185,4.146250,34,v2,88000000ffffffffffffa8dd9f4dc5b5
6652,76.611425203,4.059018,34,v2,88000000ffffffffffffa8dd9f4dc5b5
6653,76.615458071,4.032868,34,v2,88000000ffffffffffffa8dd9f4dc5b5
6654,76.620673464,5.215393,34,v2,88000000ffffffffffffa8dd9f4dc5b5
6655,76.624585360,3.911896,34,v2,88000000ffffffffffffa8dd9f4dc5b5
6656,76.628707833,4.122473,30,v2,88000000ffffffffffffa8dd9f4dc5b5
6657,76.632578163,3.870330,34,v2,88000000ffffffffffffa8dd9f4dc5b5
6658,76.636790706,4.212543,30,v2,88000000ffffffffffffa8dd9f4dc5b5
6659,76.641043347,4.252641,30,v2,88000000ffffffffffffa8dd9f4dc5b5
6660,76.644850018,3.806671,34,v2,88000000ffffffffffffa8dd9f4dc5b5
6661,76.648803235,3.953217,34,v2,88000000ffffffffffffa8dd9f4dc5b5
6662,76.652782312,3.979077,30,v2,88000000ffffffffffffa8dd9f4dc5b5
6663,76.657897340,5.115028,34,v2,88000000ffffffffffffa8dd9f4dc5b5
6664,76.661085866,3.188526,34,v2,88000000ffffffffffffa8dd9f4dc5b5
6665,76.665137629,4.051763,30,v2,88000000ffffffffffffa8dd9f4dc5b5
6666,76.669365538,4.227909,30,v2,88000000ffffffffffffa8dd9f4dc5b5
6667,76.673322137,3.956599,34,v2,88000000ffffffffffffa8dd9f4dc5b5
6668,76.677380313,4.058176,34,v2,88000000ffffffffffffa8dd9f4dc5b5
6669,76.681357248,3.976935,34,v2,88000000ffffffffffffa8dd9f4dc5b5
6670,76.685851165,4.493917,34,v2,88000000ffffffffffffa8dd9f4dc5b5
6671,76.690805062,4.953897,34,v2,88000000ffffffffffffa8dd9f4dc5b5
6672,76.694589497,3.784435,34,v2,88000000ffffffffffffa8dd9f4dc5b5
6673,76.698648530,4.059033,34,v2,88000000ffffffffffffa8dd9f4dc5b5
6674,76.702748756,4.100226,34,v2,88000000ffffffffffffa8dd9f4dc5b5
6675,76.706905409,4.156653,30,v2,88000000ffffffffffffa8dd9f4dc5b5
6676,76.712544227,5.638818,34,v2,88000000ffffffffffffa8dd9f4dc5b5
6677,76.714925025,2.380798,34,v2,88000000ffffffffffffa8dd9f4dc5b5
6678,76.720899549,5.974524,34,v2,88000000ffffffffffffa8dd9f4dc5b5
6679,76.722984193,2.084644,34,v2,88000000ffffffffffffa8dd9f4dc5b5
6680,76.727282847,4.298654,34,v2,88000000ffffffffffffa8dd9f4dc5b5
6681,76.732131058,4.848211,34,v2,88000000ffffffffffffa8dd9f4dc5b5
6682,76.736247377,4.116319,30,v2,88000000ffffffffffffa8dd9f4dc5b5
6683,76.740370230,4.122853,30,v2,88000000ffffffffffffa8dd9f4dc5b5
6684,76.744379837,4.009607,34,v2,88000000ffffffffffffa8dd9f4dc5b5
6685,76.748644508,4.264671,34,v2,88000000ffffffffffffa8dd9f4dc5b5
6686,76.752455528,3.811020,30,v2,88000000ffffffffffffa8dd9f4dc5b5
6687,76.756861600,4.406072,30,v2,88000000ffffffffffffa8dd9f4dc5b5
6688,76.761740410,4.878810,34,v2,88000000ffffffffffffa8dd9f4dc5b5
6689,76.764691107,2.950697,34,v2,88000000ffffffffffffa8dd9f4dc5b5
6690,76.771512649,6.821542,34,v2,88000000ffffffffffffa8dd9f4dc5b5
6691,76.773919308,2.406659,34,v2,88000000ffffffffffffa8dd9f4dc5b5
6692,76.778094599,4.175291,34,v2,88000000ffffffffffffa8dd9f4dc5b5
6693,76.781993885,3.899286,34,v2,88000000ffffffffffffa8dd9f4dc5b5
6694,76.785982005,3.988120,30,v2,88000000ffffffffffffa8dd9f4dc5b5
6695,76.790069086,4.087081,34,v2,88000000ffffffffffffa8dd9f4dc5b5
6696,76.794206171,4.137085,34,v2,88000000ffffffffffffa8dd9f4dc5b5
6697,76.798333494,4.127323,34,v2,88000000ffffffffffffa8dd9f4dc5b5
6698,76.802290946,3.957452,34,v2,88000000ffffffffffffa8dd9f4dc5b5
6699,76.806289489,3.998543,34,v2,88000000ffffffffffffa8dd9f4dc5b5
6700,76.810421806,4.132317,34,v2,88000000ffffffffffffa8dd9f4dc5b5
6701,76.814667232,4.245426,34,v2,88000000ffffffffffffa8dd9f4dc5b5
6702,76.818495431,3.828199,34,v2,88000000ffffffffffffa8dd9f4dc5b5
6703,76.822681470,4.186039,34,v2,88000000ffffffffffffa8dd9f4dc5b5
6704,76.826643693,3.962223,34,v2,88000000ffffffffffffa8dd9f4dc5b5
6705,76.830748210,4.104517,30,v2,88000000ffffffffffffa8dd9f4dc5b5
6706,76.835771658,5.023448,30,v2,88000000ffffffffffffa8dd9f4dc5b5
6707,76.839901728,4.130070,30,v2,88000000ffffffffffffa8dd9f4dc5b5
6708,76.843900833,3.999105,34,v2,88000000ffffffffffffa8dd9f4dc5b5
6709,76.848031150,4.130317,30,v2,88000000ffffffffffffa8dd9f4dc5b5
6710,76.851966255,3.935105,34,v2,88000000ffffffffffffa8dd9f4dc5b5
6711,76.856080846,4.114591,34,v2,88000000ffffffffffffa8dd9f4dc5b5
6712,76.861163263,5.082417,34,v2,88000000ffffffffffffa8dd9f4dc5b5
6713,76.865206080,4.042817,34,v2,88000000ffffffffffffa8dd9f4dc5b5
6714,76.869342352,4.136272,34,v2,88000000ffffffffffffa8dd9f4dc5b5
6715,76.873613146,4.270794,30,v2,88000000ffffffffffffa8dd9f4dc5b5
6716,76.877437688,3.824542,34,v2,88000000ffffffffffffa8dd9f4dc5b5
6717,76.881560545,4.122857,30,v2,88000000ffffffffffffa8dd9f4dc5b5
6718,76.885561784,4.001239,30,v2,88000000ffffffffffffa8dd9f4dc5b5
6719,76.889723231,4.161447,34,v2,88000000ffffffffffffa8dd9f4dc5b5
6720,76.893919023,4.195792,34,v2,88000000ffffffffffffa8dd9f4dc5b5
6721,76.897941561,4.022538,34,v2,88000000ffffffffffffa8dd9f4dc5b5
6722,76.901795186,3.853625,34,v2,88000000ffffffffffffa8dd9f4dc5b5
6723,76.906899490,5.104304,34,v2,88000000ffffffffffffa8dd9f4dc5b5
6724,76.911878933,4.979443,30,v2,88000000ffffffffffffa8dd9f4dc5b5
6725,76.915844587,3.965654,34,v2,88000000ffffffffffffa8dd9f4dc5b5
6726,76.920120871,4.276284,34,v2,88000000ffffffffffffa8dd9f4dc5b5
6727,76.923631361,3.510490,34,v2,88000000ffffffffffffa8dd9f4dc5b5
6728,76.928213609,4.582248,34,v2,88000000ffffffffffffa8dd9f4dc5b5
6729,76.931295014,3.081405,30,v2,88000000ffffffffffffa8dd9f4dc5b5
6730,76.935335931,4.040917,34,v2,88000000ffffffffffffa8dd9f4dc5b5
6731,76.939553616,4.217685,34,v2,88000000ffffffffffffa8dd9f4dc5b5
6732,76.943488758,3.935142,30,v2,88000000ffffffffffffa8dd9f4dc5b5
6733,76.947761203,4.272445,34,v2,88000000ffffffffffffa8dd9f4dc5b5
6734,76.951641673,3.880470,34,v2,88000000ffffffffffffa8dd9f4dc5b5
6735,76.955625300,3.983627,34,v2,88000000ffffffffffffa8dd9f4dc5b5
6736,76.960398718,4.773418,30,v2,88000000ffffffffffffa8dd9f4dc5b5
6737,76.964287721,3.889003,34,v2,88000000ffffffffffffa8dd9f4dc5b5
6738,76.967906010,3.618289,30,v2,88000000ffffffffffffa8dd9f4dc5b5
6739,76.972065371,4.159361,34,v2,88000000ffffffffffffa8dd9f4dc5b5
6740,76.977021704,4.956333,34,v2,88000000ffffffffffffa8dd9f4dc5b5
6741,76.982764368,5.742664,34,v2,88000000ffffffffffffa8dd9f4dc5b5
6742,76.985150776,2.386408,34,v2,88000000ffffffffffffa8dd9f4dc5b5
6743,76.990375274,5.224498,34,v2,88000000ffffffffffffa8dd9f4dc5b5
6744,76.994238973,3.863699,34,v2,88000000ffffffffffffa8dd9f4dc5b5
6745,76.998384877,4.145904,30,v2,88000000ffffffffffffa8dd9f4dc5b5
6746,77.338000445,339.615568,34,v2,88000000ffffffffffffa8dd9f4dc5b5
6747,77.341708516,3.708071,30,v2,88000000ffffffffffffa8dd9f4dc5b5
6748,77.346019178,4.310662,30,v2,88000000ffffffffffffa8dd9f4dc5b5
6749,77.350080918,4.061740,30,v2,88000000ffffffffffffa8dd9f4dc5b5
6750,77.354018018,3.937100,34,v2,88000000ffffffffffffa8dd9f4dc5b5
6751,77.358272082,4.254064,34,v2,88000000ffffffffffffa8dd9f4dc5b5
6752,77.362389622,4.117540,30,v2,88000000ffffffffffffa8dd9f4dc5b5
6753,77.366426132,4.036510,34,v2,88000000ffffffffffffa8dd9f4dc5b5
6754,77.370225196,3.799064,34,v2,88000000ffffffffffffa8dd9f4dc5b5
6755,77.374569971,4.344775,34,v2,88000000ffffffffffffa8dd9f4dc5b5
6756,77.381612818,7.042847,34,v2,88000000ffffffffffffa8dd9f4dc5b5
6757,77.383998964,2.386146,34,v2,88000000ffffffffffffa8dd9f4dc5b5
6758,77.389519986,5.521022,34,v2,88000000ffffffffffffa8dd9f4dc5b5
6759,77.391562255,2.042269,34,v2,88000000ffffffffffffa8dd9f4dc5b5
6760,77.395616706,4.054451,30,v2,88000000ffffffffffffa8dd9f4dc5b5
6761,77.400332921,4.716215,34,v2,88000000ffffffffffffa8dd9f4dc5b5
6762,77.403869817,3.536896,30,v2,88000000ffffffffffffa8dd9f4dc5b5
6763,77.407652117,3.782300,34,v2,88000000ffffffffffffa8dd9f4dc5b5
6764,77.411864515,4.212398,34,v2,88000000ffffffffffffa8dd9f4dc5b5
6765,77.415838221,3.973706,34,v2,88000000ffffffffffffa8dd9f4dc5b5
6766,77.420170967,4.332746,34,v2,88000000ffffffffffffa8dd9f4dc5b5
6767,77.424310968,4.140001,34,v2,88000000ffffffffffffa8dd9f4dc5b5
6768,77.428140918,3.829950,34,v2,88000000ffffffffffffa8dd9f4dc5b5
6769,77.432234024,4.093106,34,v2,88000000ffffffffffffa8dd9f4dc5b5
6770,77.435537400,3.303376,34,v2,88000000ffffffffffffa8dd9f4dc5b5
6771,77.439355601,3.818201,30,v2,88000000ffffffffffffa8dd9f4dc5b5
6772,77.443413972,4.058371,30,v2,88000000ffffffffffffa8dd9f4dc5b5
6773,77.447867122,4.453150,30,v2,88000000ffffffffffffa8dd9f4dc5b5
6774,77.451600706,3.733584,34,v2,88000000ffffffffffffa8dd9f4dc5b5
6775,77.455791154,4.190448,34,v2,88000000ffffffffffffa8dd9f4dc5b5
6776,77.461522219,5.731065,34,v2,88000000ffffffffffffa8dd9f4dc5b5
6777,77.463567841,2.045622,30,v2,88000000ffffffffffffa8dd9f4dc5b5
6778,77.468222024,4.654183,34,v2,88000000ffffffffffffa8dd9f4dc5b5
6779,77.471883688,3.661664,34,v2,88000000ffffffffffffa8dd9f4dc5b5
6780,77.475877316,3.993628,34,v2,88000000ffffffffffffa8dd9f4dc5b5
6781,77.480075509,4.198193,34,v2,88000000ffffffffffffa8dd9f4dc5b5
6782,77.484097463,4.021954,34,v2,88000000ffffffffffffa8dd9f4dc5b5
6783,77.488053522,3.956059,30,v2,88000000ffffffffffffa8dd9f4dc5b5
6784,77.492059223,4.005701,30,v2,88000000ffffffffffffa8dd9f4dc5b5
6785,77.496412703,4.353480,34,v2,88000000ffffffffffffa8dd9f4dc5b5
6786,77.500742270,4.329567,34,v2,88000000ffffffffffffa8dd9f4dc5b5
6787,77.504753417,4.011147,30,v2,88000000ffffffffffffa8dd9f4dc5b5
6788,77.509647966,4.894549,34,v2,88000000ffffffffffffa8dd9f4dc5b5
6789,77.513777748,4.129782,34,v2,88000000ffffffffffffa8dd9f4dc5b5
6790,77.517668216,3.890468,34,v2,88000000ffffffffffffa8dd9f4dc5b5
6791,77.521832242,4.164026,34,v2,88000000ffffffffffffa8dd9f4dc5b5
6792,77.524903027,3.070785,34,v2,88000000ffffffffffffa8dd9f4dc5b5
6793,77.528619228,3.716201,34,v2,88000000ffffffffffffa8dd9f4dc5b5
6794,77.532748516,4.129288,30,v2,88000000ffffffffffffa8dd9f4dc5b5
6795,77.536845036,4.096520,34,v2,88000000ffffffffffffa8dd9f4dc5b5
6796,77.540902337,4.057301,30,v2,88000000ffffffffffffa8dd9f4dc5b5
6797,77.545959269,5.056932,30,v2,88000000ffffffffffffa8dd9f4dc5b5
6798,77.549985014,4.025745,34,v2,88000000ffffffffffffa8dd9f4dc5b5
6799,77.553975137,3.990123,34,v2,88000000ffffffffffffa8dd9f4dc5b5
6800,77.558224551,4.249414,34,v2,88000000ffffffffffffa8dd9f4dc5b5
6801,77.562147894,3.923343,30,v2,88000000ffffffffffffa8dd9f4dc5b5
6802,77.566204237,4.056343,30,v2,88000000ffffffffffffa8dd9f4dc5b5
6803,77.570500217,4.295980,34,v2,88000000ffffffffffffa8dd9f4dc5b5
6804,77.574461938,3.961721,34,v2,88000000ffffffffffffa8dd9f4dc5b5
6805,77.577549608,3.087670,34,v2,88000000ffffffffffffa8dd9f4dc5b5
6806,77.581504829,3.955221,34,v2,88000000ffffffffffffa8dd9f4dc5b5
6807,77.585793787,4.288958,34,v2,88000000ffffffffffffa8dd9f4dc5b5
6808,77.589599930,3.806143,34,v2,88000000ffffffffffffa8dd9f4dc5b5
6809,77.593776422,4.176492,30,v2,88000000ffffffffffffa8dd9f4dc5b5
6810,77.597952384,4.175962,34,v2,88000000ffffffffffffa8dd9f4dc5b5
6811,77.601873896,3.921512,34,v2,88000000ffffffffffffa8dd9f4dc5b5
6812,77.605927353,4.053457,34,v2,88000000ffffffffffffa8dd9f4dc5b5
6813,77.610099528,4.172175,30,v2,88000000ffffffffffffa8dd9f4dc5b5
6814,77.614048406,3.948878,34,v2,88000000ffffffffffffa8dd9f4dc5b5
6815,77.618119807,4.071401,34,v2,88000000ffffffffffffa8dd9f4dc5b5
6816,77.622117040,3.997233,30,v2,88000000ffffffffffffa8dd9f4dc5b5
6817,77.626191209,4.074169,30,v2,88000000ffffffffffffa8dd9f4dc5b5
6818,77.630846767,4.655558,34,v2,88000000ffffffffffffa8dd9f4dc5b5
6819,77.634418008,3.571241,34,v2,88000000ffffffffffffa8dd9f4dc5b5
6820,77.639432414,5.014406,30,v2,88000000ffffffffffffa8dd9f4dc5b5
6821,77.643525831,4.093417,34,v2,88000000ffffffffffffa8dd9f4dc5b5
6822,77.647610251,4.084420,34,v2,88000000ffffffffffffa8dd9f4dc5b5
6823,77.651503808,3.893557,34,v2,88000000ffffffffffffa8dd9f4dc5b5
6824,77.655972217,4.468409,34,v2,88000000ffffffffffffa8dd9f4dc5b5
6825,77.659604929,3.632712,34,v2,88000000ffffffffffffa8dd9f4dc5b5
6826,77.662809796,3.204867,34,v2,88000000ffffffffffffa8dd9f4dc5b5
6827,77.666879404,4.069608,34,v2,88000000ffffffffffffa8dd9f4dc5b5
6828,77.670955080,4.075676,30,v2,88000000ffffffffffffa8dd9f4dc5b5
6829,77.674941635,3.986555,30,v2,88000000ffffffffffffa8dd9f4dc5b5
6830,77.680227432,5.285797,34,v2,88000000ffffffffffffa8dd9f4dc5b5
6831,77.684383080,4.155648,34,v2,88000000ffffffffffffa8dd9f4dc5b5
6832,77.687308529,2.925449,34,v2,88000000ffffffffffffa8dd9f4dc5b5
6833,77.691211913,3.903384,34,v2,88000000ffffffffffffa8dd9f4dc5b5
6834,77.695370504,4.158591,34,v2,88000000ffffffffffffa8dd9f4dc5b5
6835,77.699735128,4.364624,34,v2,88000000ffffffffffffa8dd9f4dc5b5
6836,77.703657717,3.922589,34,v2,88000000ffffffffffffa8dd9f4dc5b5
6837,77.708141659,4.483942,34,v2,88000000ffffffffffffa8dd9f4dc5b5
6838,77.711607251,3.465592,34,v2,88000000ffffffffffffa8dd9f4dc5b5
6839,77.715584976,3.977725,34,v2,88000000ffffffffffffa8dd9f4dc5b5
6840,77.719703290,4.118314,34,v2,88000000ffffffffffffa8dd9f4dc5b5
6841,77.723803646,4.100356,34,v2,88000000ffffffffffffa8dd9f4dc5b5
6842,77.727941564,4.137918,34,v2,88000000ffffffffffffa8dd9f4dc5b5
6843,77.731941961,4.000397,34,v2,88000000ffffffffffffa8dd9f4dc5b5
6844,77.735930408,3.988447,34,v2,88000000ffffffffffffa8dd9f4dc5b5
6845,77.740269873,4.339465,34,v2,88000000ffffffffffffa8dd9f4dc5b5
6846,78.082258076,341.988203,34,v2,88000000ffffffffffffa8dd9f4dc5b5
6847,78.086323895,4.065819,34,v2,88000000ffffffffffffa8dd9f4dc5b5
6848,78.088499150,2.175255,34,v2,88000000ffffffffffffa8dd9f4dc5b5
6849,78.092595132,4.095982,30,v2,88000000ffffffffffffa8dd9f4dc5b5
6850,78.095695146,3.100014,34,v2,88000000ffffffffffffa8dd9f4dc5b5
6851,78.099817393,4.122247,30,v2,88000000ffffffffffffa8dd9f4dc5b5
6852,78.105542070,5.724677,34,v2,88000000ffffffffffffa8dd9f4dc5b5
6853,78.107835851,2.293781,34,v2,88000000ffffffffffffa8dd9f4dc5b5
6854,78.111964701,4.128850,34,v2,88000000ffffffffffffa8dd9f4dc5b5
6855,78.116035344,4.070643,30,v2,88000000ffffffffffffa8dd9f4dc5b5
6856,78.120275553,4.240209,34,v2,88000000ffffffffffffa8dd9f4dc5b5
6857,78.124242110,3.966557,34,v2,88000000ffffffffffffa8dd9f4dc5b5
6858,78.128175530,3.933420,34,v2,88000000ffffffffffffa8dd9f4dc5b5
6859,78.131227924,3.052394,30,v2,88000000ffffffffffffa8dd9f4dc5b5
6860,78.135433582,4.205658,30,v2,88000000ffffffffffffa8dd9f4dc5b5
6861,78.139874088,4.440506,34,v2,88000000ffffffffffffa8dd9f4dc5b5
6862,78.143927723,4.053635,30,v2,88000000ffffffffffffa8dd9f4dc5b5
6863,78.147720886,3.793163,34,v2,88000000ffffffffffffa8dd9f4dc5b5
6864,78.151853710,4.132824,34,v2,88000000ffffffffffffa8dd9f4dc5b5
6865,78.155806416,3.952706,34,v2,88000000ffffffffffffa8dd9f4dc5b5
6866,78.160641639,4.835223,34,v2,88000000ffffffffffffa8dd9f4dc5b5
6867,78.163791065,3.149426,34,v2,88000000ffffffffffffa8dd9f4dc5b5
6868,78.167899240,4.108175,34,v2,88000000ffffffffffffa8dd9f4dc5b5
6869,78.172045631,4.146391,34,v2,88000000ffffffffffffa8dd9f4dc5b5
6870,78.176062701,4.017070,30,v2,88000000ffffffffffffa8dd9f4dc5b5
6871,78.180116304,4.053603,34,v2,88000000ffffffffffffa8dd9f4dc5b5
6872,78.184150435,4.034131,34,v2,88000000ffffffffffffa8dd9f4dc5b5
6873,78.188046685,3.896250,34,v2,88000000ffffffffffffa8dd9f4dc5b5
6874,78.191228162,3.181477,30,v2,88000000ffffffffffffa8dd9f4dc5b5
6875,78.195093488,3.865326,34,v2,88000000ffffffffffffa8dd9f4dc5b5
6876,78.199474964,4.381476,34,v2,88000000ffffffffffffa8dd9f4dc5b5
6877,78.203350207,3.875243,30,v2,88000000ffffffffffffa8dd9f4dc5b5
6878,78.207353294,4.003087,30,v2,88000000ffffffffffffa8dd9f4dc5b5
6879,78.211741951,4.388657,34,v2,88000000ffffffffffffa8dd9f4dc5b5
6880,78.215545567,3.803616,30,v2,88000000ffffffffffffa8dd9f4dc5b5
6881,78.219657789,4.112222,34,v2,88000000ffffffffffffa8dd9f4dc5b5
6882,78.222580642,2.922853,34,v2,88000000ffffffffffffa8dd9f4dc5b5
6883,78.226659765,4.079123,34,v2,88000000ffffffffffffa8dd9f4dc5b5
6884,78.230820272,4.160507,34,v2,88000000ffffffffffffa8dd9f4dc5b5
6885,78.234839855,4.019583,34,v2,88000000ffffffffffffa8dd9f4dc5b5
6886,78.239103370,4.263515,34,v2,88000000ffffffffffffa8dd9f4dc5b5
6887,78.242909087,3.805717,30,v2,88000000ffffffffffffa8dd9f4dc5b5
6888,78.245868320,2.959233,34,v2,88000000ffffffffffffa8dd9f4dc5b5
6889,78.250241337,4.373017,30,v2,88000000ffffffffffffa8dd9f4dc5b5
6890,78.254078522,3.837185,34,v2,88000000ffffffffffffa8dd9f4dc5b5
6891,78.258248209,4.169687,34,v2,88000000ffffffffffffa8dd9f4dc5b5
6892,78.262256274,4.008065,34,v2,88000000ffffffffffffa8dd9f4dc5b5
6893,78.266327570,4.071296,34,v2,88000000ffffffffffffa8dd9f4dc5b5
6894,78.270945256,4.617686,34,v2,88000000ffffffffffffa8dd9f4dc5b5
6895,78.273426898,2.481642,30,v2,88000000ffffffffffffa8dd9f4dc5b5
6896,78.278787455,5.360557,30,v2,88000000ffffffffffffa8dd9f4dc5b5
6897,78.283539207,4.751752,34,v2,88000000ffffffffffffa8dd9f4dc5b5
6898,78.285581696,2.042489,34,v2,88000000ffffffffffffa8dd9f4dc5b5
6899,78.291103906,5.522210,34,v2,88000000ffffffffffffa8dd9f4dc5b5
6900,78.294822347,3.718441,34,v2,88000000ffffffffffffa8dd9f4dc5b5
6901,78.298777881,3.955534,34,v2,88000000ffffffffffffa8dd9f4dc5b5
6902,78.302855428,4.077547,30,v2,88000000ffffffffffffa8dd9f4dc5b5
6903,78.306083114,3.227686,34,v2,88000000ffffffffffffa8dd9f4dc5b5
6904,78.310080993,3.997879,30,v2,88000000ffffffffffffa8dd9f4dc5b5
6905,78.314262675,4.181682,34,v2,88000000ffffffffffffa8dd9f4dc5b5
6906,78.318305542,4.042867,34,v2,88000000ffffffffffffa8dd9f4dc5b5
6907,78.322160619,3.855077,30,v2,88000000ffffffffffffa8dd9f4dc5b5
6908,78.326206056,4.045437,30,v2,88000000ffffffffffffa8dd9f4dc5b5
6909,78.330267506,4.061450,34,v2,88000000ffffffffffffa8dd9f4dc5b5
6910,78.333638482,3.370976,34,v2,88000000ffffffffffffa8dd9f4dc5b5
6911,78.337561324,3.922842,34,v2,88000000ffffffffffffa8dd9f4dc5b5
6912,78.341444579,3.883255,34,v2,88000000ffffffffffffa8dd9f4dc5b5
6913,78.345610074,4.165495,34,v2,88000000ffffffffffffa8dd9f4dc5b5
6914,78.349558684,3.948610,34,v2,88000000ffffffffffffa8dd9f4dc5b5
6915,78.353716023,4.157339,34,v2,88000000ffffffffffffa8dd9f4dc5b5
6916,78.357736439,4.020416,30,v2,88000000ffffffffffffa8dd9f4dc5b5
6917,78.361702400,3.965961,30,v2,88000000ffffffffffffa8dd9f4dc5b5
6918,78.366253288,4.550888,30,v2,88000000ffffffffffffa8dd9f4dc5b5
6919,78.369143150,2.889862,34,v2,88000000ffffffffffffa8dd9f4dc5b5
6920,78.373198206,4.055056,34,v2,88000000ffffffffffffa8dd9f4dc5b5
6921,78.377261082,4.062876,34,v2,88000000ffffffffffffa8dd9f4dc5b5
6922,78.381244068,3.982986,30,v2,88000000ffffffffffffa8dd9f4dc5b5
6923,78.385379890,4.135822,34,v2,88000000ffffffffffffa8dd9f4dc5b5
6924,78.389278129,3.898239,34,v2,88000000ffffffffffffa8dd9f4dc5b5
6925,78.392242189,2.964060,34,v2,88000000ffffffffffffa8dd9f4dc5b5
6926,78.396356489,4.114300,34,v2,88000000ffffffffffffa8dd9f4dc5b5
6927,78.400488001,4.131512,30,v2,88000000ffffffffffffa8dd9f4dc5b5
6928,78.404808383,4.320382,34,v2,88000000ffffffffffffa8dd9f4dc5b5
6929,78.408495895,3.687512,30,v2,88000000ffffffffffffa8dd9f4dc5b5
6930,78.412617908,4.122013,30,v2,88000000ffffffffffffa8dd9f4dc5b5
6931,78.416544288,3.926380,30,v2,88000000ffffffffffffa8dd9f4dc5b5
6932,78.421603160,5.058872,30,v2,88000000ffffffffffffa8dd9f4dc5b5
6933,78.424727418,3.124258,30,v2,88000000ffffffffffffa8dd9f4dc5b5
6934,78.428904030,4.176612,34,v2,88000000ffffffffffffa8dd9f4dc5b5
6935,78.433003675,4.099645,34,v2,88000000ffffffffffffa8dd9f4dc5b5
6936,78.437265522,4.261847,30,v2,88000000ffffffffffffa8dd9f4dc5b5
6937,78.441232254,3.966732,34,v2,88000000ffffffffffffa8dd9f4dc5b5
6938,78.445109391,3.877137,30,v2,88000000ffffffffffffa8dd9f4dc5b5
6939,78.449123330,4.013939,34,v2,88000000ffffffffffffa8dd9f4dc5b5
6940,78.453111576,3.988246,34,v2,88000000ffffffffffffa8dd9f4dc5b5
6941,78.456360911,3.249335,34,v2,88000000ffffffffffffa8dd9f4dc5b5
6942,78.460314934,3.954023,30,v2,88000000ffffffffffffa8dd9f4dc5b5
6943,78.464444914,4.129980,34,v2,88000000ffffffffffffa8dd9f4dc5b5
6944,78.468851101,4.406187,34,v2,88000000ffffffffffffa8dd9f4dc5b5
6945,78.472710969,3.859868,34,v2,88000000ffffffffffffa8dd9f4dc5b5
6946,78.813876889,341.165920,34,v2,88000000ffffffffffffa8dd9f4dc5b5
6947,78.816953490,3.076601,34,v2,88000000ffffffffffffa8dd9f4dc5b5
6948,78.821058415,4.104925,34,v2,88000000ffffffffffffa8dd9f4dc5b5
6949,78.825335552,4.277137,34,v2,88000000ffffffffffffa8dd9f4dc5b5
6950,78.829225078,3.889526,34,v2,88000000ffffffffffffa8dd9f4dc5b5
6951,78.832340785,3.115707,34,v2,88000000ffffffffffffa8dd9f4dc5b5
6952,78.836427883,4.087098,34,v2,88000000ffffffffffffa8dd9f4dc5b5
6953,78.840367348,3.939465,34,v2,88000000ffffffffffffa8dd9f4dc5b5
6954,78.844368421,4.001073,30,v2,88000000ffffffffffffa8dd9f4dc5b5
6955,78.848575801,4.207380,34,v2,88000000ffffffffffffa8dd9f4dc5b5
6956,78.851659679,3.083878,34,v2,88000000ffffffffffffa8dd9f4dc5b5
6957,78.855477913,3.818234,34,v2,88000000ffffffffffffa8dd9f4dc5b5
6958,78.859680496,4.202583,34,v2,88000000ffffffffffffa8dd9f4dc5b5
6959,78.863681711,4.001215,34,v2,88000000ffffffffffffa8dd9f4dc5b5
6960,78.866823501,3.141790,34,v2,88000000ffffffffffffa8dd9f4dc5b5
6961,78.870852362,4.028861,34,v2,88000000ffffffffffffa8dd9f4dc5b5
6962,78.874804536,3.952174,34,v2,88000000ffffffffffffa8dd9f4dc5b5
6963,78.879045497,4.240961,30,v2,88000000ffffffffffffa8dd9f4dc5b5
6964,78.883463808,4.418311,34,v2,88000000ffffffffffffa8dd9f4dc5b5
6965,78.886136621,2.672813,34,v2,88000000ffffffffffffa8dd9f4dc5b5
6966,78.890162073,4.025452,34,v2,88000000ffffffffffffa8dd9f4dc5b5
6967,78.894134433,3.972360,34,v2,88000000ffffffffffffa8dd9f4dc5b5
6968,78.898108896,3.974463,34,v2,88000000ffffffffffffa8dd9f4dc5b5
6969,78.901262308,3.153412,34,v2,88000000ffffffffffffa8dd9f4dc5b5
6970,78.905296378,4.034070,30,v2,88000000ffffffffffffa8dd9f4dc5b5
6971,78.909545774,4.249396,34,v2,88000000ffffffffffffa8dd9f4dc5b5
6972,78.913592209,4.046435,34,v2,88000000ffffffffffffa8dd9f4dc5b5
6973,78.916565653,2.973444,34,v2,88000000ffffffffffffa8dd9f4dc5b5
6974,78.920671336,4.105683,34,v2,88000000ffffffffffffa8dd9f4dc5b5
6975,78.926602827,5.931491,34,v2,88000000ffffffffffffa8dd9f4dc5b5
6976,78.928640336,2.037509,30,v2,88000000ffffffffffffa8dd9f4dc5b5
6977,78.931796197,3.155861,34,v2,88000000ffffffffffffa8dd9f4dc5b5
6978,78.935803793,4.007596,34,v2,88000000ffffffffffffa8dd9f4dc5b5
6979,78.941053644,5.249851,30,v2,88000000ffffffffffffa8dd9f4dc5b5
6980,78.944935737,3.882093,34,v2,88000000ffffffffffffa8dd9f4dc5b5
6981,78.951001201,6.065464,34,v2,88000000ffffffffffffa8dd9f4dc5b5
6982,78.952160383,1.159182,34,v2,88000000ffffffffffffa8dd9f4dc5b5
6983,78.958126986,5.966603,34,v2,88000000ffffffffffffa8dd9f4dc5b5
6984,78.960208028,2.081042,34,v2,88000000ffffffffffffa8dd9f4dc5b5
6985,78.964251645,4.043617,34,v2,88000000ffffffffffffa8dd9f4dc5b5
6986,78.967313247,3.061602,34,v2,88000000ffffffffffffa8dd9f4dc5b5
6987,78.971577217,4.263970,34,v2,88000000ffffffffffffa8dd9f4dc5b5
6988,78.975381213,3.803996,30,v2,88000000ffffffffffffa8dd9f4dc5b5
6989,78.979433392,4.052179,34,v2,88000000ffffffffffffa8dd9f4dc5b5
6990,78.982898612,3.465220,30,v2,88000000ffffffffffffa8dd9f4dc5b5
6991,78.986580982,3.682370,30,v2,88000000ffffffffffffa8dd9f4dc5b5
6992,78.990624460,4.043478,30,v2,88000000ffffffffffffa8dd9f4dc5b5
6993,78.994639589,4.015129,34,v2,88000000ffffffffffffa8dd9f4dc5b5
6994,78.999002688,4.363099,34,v2,88000000ffffffffffffa8dd9f4dc5b5
6995,79.001899195,2.896507,34,v2,88000000ffffffffffffa8dd9f4dc5b5
6996,79.013095026,11.195831,99,v2,1c000000aadd9f4dc5b5684d66040000
6997,79.015085107,1.990081,30,v2,88000000ffffffffffffa8dd9f4dc5b5
6998,79.019171651,4.086544,34,v2,88000000ffffffffffffa8dd9f4dc5b5
6999,79.023196348,4.024697,30,v2,88000000ffffffffffffa8dd9f4dc5b5
7000,79.027355403,4.159055,34,v2,88000000ffffffffffffa8dd9f4dc5b5
7001,79.030311585,2.956182,30,v2,88000000ffffffffffffa8dd9f4dc5b5
7002,79.034662949,4.351364,30,v2,88000000ffffffffffffa8dd9f4dc5b5
7003,79.038763311,4.100362,30,v2,88000000ffffffffffffa8dd9f4dc5b5
7004,79.042643332,3.880021,30,v2,88000000ffffffffffffa8dd9f4dc5b5
7005,79.047493417,4.850085,30,v2,88000000ffffffffffffa8dd9f4dc5b5
7006,79.049855754,2.362337,34,v2,88000000ffffffffffffa8dd9f4dc5b5
7007,79.053871942,4.016188,30,v2,88000000ffffffffffffa8dd9f4dc5b5
7008,79.057920977,4.049035,34,v2,88000000ffffffffffffa8dd9f4dc5b5
7009,79.060847570,2.926593,30,v2,88000000ffffffffffffa8dd9f4dc5b5
7010,79.064936734,4.089164,30,v2,88000000ffffffffffffa8dd9f4dc5b5
7011,79.070043207,5.106473,30,v2,88000000ffffffffffffa8dd9f4dc5b5
7012,79.074100992,4.057785,34,v2,88000000ffffffffffffa8dd9f4dc5b5
7013,79.078174858,4.073866,34,v2,88000000ffffffffffffa8dd9f4dc5b5
7014,79.081258892,3.084034,30,v2,88000000ffffffffffffa8dd9f4dc5b5
7015,79.085116945,3.858053,30,v2,88000000ffffffffffffa8dd9f4dc5b5
7016,79.089522083,4.405138,30,v2,88000000ffffffffffffa8dd9f4dc5b5
7017,79.093316750,3.794667,34,v2,88000000ffffffffffffa8dd9f4dc5b5
7018,79.096560012,3.243262,30,v2,88000000ffffffffffffa8dd9f4dc5b5
7019,79.100385901,3.825889,34,v2,88000000ffffffffffffa8dd9f4dc5b5
7020,79.104466044,4.080143,34,v2,88000000ffffffffffffa8dd9f4dc5b5
7021,79.108633155,4.167111,34,v2,88000000ffffffffffffa8dd9f4dc5b5
7022,79.112522005,3.888850,30,v2,88000000ffffffffffffa8dd9f4dc5b5
7023,79.115667580,3.145575,30,v2,88000000ffffffffffffa8dd9f4dc5b5
7024,79.119692038,4.024458,30,v2,88000000ffffffffffffa8dd9f4dc5b5
7025,79.123788421,4.096383,30,v2,88000000ffffffffffffa8dd9f4dc5b5
7026,79.127829228,4.040807,30,v2,88000000ffffffffffffa8dd9f4dc5b5
7027,79.131904917,4.075689,34,v2,88000000ffffffffffffa8dd9f4dc5b5
7028,79.134992888,3.087971,34,v2,88000000ffffffffffffa8dd9f4dc5b5
7029,79.139094186,4.101298,30,v2,88000000ffffffffffffa8dd9f4dc5b5
7030,79.143082545,3.988359,34,v2,88000000ffffffffffffa8dd9f4dc5b5
7031,79.147208335,4.125790,34,v2,88000000ffffffffffffa8dd9f4dc5b5
7032,79.150217070,3.008735,34,v2,88000000ffffffffffffa8dd9f4dc5b5
7033,79.154245951,4.028881,30,v2,88000000ffffffffffffa8dd9f4dc5b5
7034,79.158279308,4.033357,34,v2,88000000ffffffffffffa8dd9f4dc5b5
7035,79.162354993,4.075685,34,v2,88000000ffffffffffffa8dd9f4dc5b5
7036,79.165682027,3.327034,34,v2,88000000ffffffffffffa8dd9f4dc5b5
7037,79.169523372,3.841345,34,v2,88000000ffffffffffffa8dd9f4dc5b5
7038,79.173492124,3.968752,30,v2,88000000ffffffffffffa8dd9f4dc5b5
7039,79.177558157,4.066033,30,v2,88000000ffffffffffffa8dd9f4dc5b5
7040,79.181733876,4.175719,30,v2,88000000ffffffffffffa8dd9f4dc5b5
7041,79.184786022,3.052146,34,v2,88000000ffffffffffffa8dd9f4dc5b5
7042,79.188957675,4.171653,30,v2,88000000ffffffffffffa8dd9f4dc5b5
7043,79.192881017,3.923342,30,v2,88000000ffffffffffffa8dd9f4dc5b5
7044,79.197005889,4.124872,30,v2,88000000ffffffffffffa8dd9f4dc5b5
7045,79.201054332,4.048443,30,v2,88000000ffffffffffffa8dd9f4dc5b5
7046,79.538323588,337.269256,34,v2,88000000ffffffffffffa8dd9f4dc5b5
7047,79.541640523,3.316935,34,v2,88000000ffffffffffffa8dd9f4dc5b5
7048,79.545691194,4.050671,34,v2,88000000ffffffffffffa8dd9f4dc5b5
7049,79.549775158,4.083964,34,v2,88000000ffffffffffffa8dd9f4dc5b5
7050,79.552737722,2.962564,30,v2,88000000ffffffffffffa8dd9f4dc5b5
7051,79.557017757,4.280035,30,v2,88000000ffffffffffffa8dd9f4dc5b5
7052,79.560921401,3.903644,30,v2,88000000ffffffffffffa8dd9f4dc5b5
7053,79.564057348,3.135947,30,v2,88000000ffffffffffffa8dd9f4dc5b5
7054,79.567805566,3.748218,34,v2,88000000ffffffffffffa8dd9f4dc5b5
7055,79.572149633,4.344067,34,v2,88000000ffffffffffffa8dd9f4dc5b5
7056,79.574846347,2.696714,30,v2,88000000ffffffffffffa8dd9f4dc5b5
7057,79.578876120,4.029773,30,v2,88000000ffffffffffffa8dd9f4dc5b5
7058,79.583068015,4.191895,34,v2,88000000ffffffffffffa8dd9f4dc5b5
7059,79.586039536,2.971521,30,v2,88000000ffffffffffffa8dd9f4dc5b5
7060,79.591224989,5.185453,30,v2,88000000ffffffffffffa8dd9f4dc5b5
7061,79.595286727,4.061738,30,v2,88000000ffffffffffffa8dd9f4dc5b5
7062,79.598504517,3.217790,34,v2,88000000ffffffffffffa8dd9f4dc5b5
7063,79.602508405,4.003888,34,v2,88000000ffffffffffffa8dd9f4dc5b5
7064,79.606600781,4.092376,30,v2,88000000ffffffffffffa8dd9f4dc5b5
7065,79.610362616,3.761835,30,v2,88000000ffffffffffffa8dd9f4dc5b5
7066,79.613396829,3.034213,34,v2,88000000ffffffffffffa8dd9f4dc5b5
7067,79.617558242,4.161413,30,v2,88000000ffffffffffffa8dd9f4dc5b5
7068,79.621575059,4.016817,34,v2,88000000ffffffffffffa8dd9f4dc5b5
7069,79.624652013,3.076954,34,v2,88000000ffffffffffffa8dd9f4dc5b5
7070,79.628710015,4.058002,34,v2,88000000ffffffffffffa8dd9f4dc5b5
7071,79.632739665,4.029650,34,v2,88000000ffffffffffffa8dd9f4dc5b5
7072,79.635873071,3.133406,34,v2,88000000ffffffffffffa8dd9f4dc5b5
7073,79.639962303,4.089232,34,v2,88000000ffffffffffffa8dd9f4dc5b5
7074,79.644020124,4.057821,30,v2,88000000ffffffffffffa8dd9f4dc5b5
7075,79.647103976,3.083852,30,v2,88000000ffffffffffffa8dd9f4dc5b5
7076,79.651148241,4.044265,34,v2,88000000ffffffffffffa8dd9f4dc5b5
7077,79.655233376,4.085135,30,v2,88000000ffffffffffffa8dd9f4dc5b5
7078,79.658172196,2.938820,30,v2,88000000ffffffffffffa8dd9f4dc5b5
7079,79.662471692,4.299496,30,v2,88000000ffffffffffffa8dd9f4dc5b5
7080,79.666770494,4.298802,34,v2,88000000ffffffffffffa8dd9f4dc5b5
7081,79.669399263,2.628769,30,v2,88000000ffffffffffffa8dd9f4dc5b5
7082,79.673613210,4.213947,34,v2,88000000ffffffffffffa8dd9f4dc5b5
7083,79.679285613,5.672403,30,v2,88000000ffffffffffffa8dd9f4dc5b5
7084,79.680577835,1.292222,30,v2,88000000ffffffffffffa8dd9f4dc5b5
7085,79.684993053,4.415218,34,v2,88000000ffffffffffffa8dd9f4dc5b5
7086,79.688755279,3.762226,34,v2,88000000ffffffffffffa8dd9f4dc5b5
7087,79.691668775,2.913496,34,v2,88000000ffffffffffffa8dd9f4dc5b5
7088,79.695731721,4.062946,34,v2,88000000ffffffffffffa8dd9f4dc5b5
7089,79.699800263,4.068542,30,v2,88000000ffffffffffffa8dd9f4dc5b5
7090,79.703004791,3.204528,30,v2,88000000ffffffffffffa8dd9f4dc5b5
7091,79.707097757,4.092966,30,v2,88000000ffffffffffffa8dd9f4dc5b5
7092,79.711066023,3.968266,30,v2,88000000ffffffffffffa8dd9f4dc5b5
7093,79.714215739,3.149716,34,v2,88000000ffffffffffffa8dd9f4dc5b5
7094,79.718365268,4.149529,30,v2,88000000ffffffffffffa8dd9f4dc5b5
7095,79.723304691,4.939423,30,v2,88000000ffffffffffffa8dd9f4dc5b5
7096,79.726366617,3.061926,30,v2,88000000ffffffffffffa8dd9f4dc5b5
7097,79.730594785,4.228168,30,v2,88000000ffffffffffffa8dd9f4dc5b5
7098,79.734490927,3.896142,34,v2,88000000ffffffffffffa8dd9f4dc5b5
7099,79.737711212,3.220285,34,v2,88000000ffffffffffffa8dd9f4dc5b5
7100,79.741860939,4.149727,34,v2,88000000ffffffffffffa8dd9f4dc5b5
7101,79.745816520,3.955581,34,v2,88000000ffffffffffffa8dd9f4dc5b5
7102,79.748892901,3.076381,30,v2,88000000ffffffffffffa8dd9f4dc5b5
7103,79.752737191,3.844290,30,v2,88000000ffffffffffffa8dd9f4dc5b5
7104,79.756760405,4.023214,30,v2,88000000ffffffffffffa8dd9f4dc5b5
7105,79.759845995,3.085590,34,v2,88000000ffffffffffffa8dd9f4dc5b5
7106,79.763938720,4.092725,30,v2,88000000ffffffffffffa8dd9f4dc5b5
7107,79.768770290,4.831570,30,v2,88000000ffffffffffffa8dd9f4dc5b5
7108,79.770936500,2.166210,30,v2,88000000ffffffffffffa8dd9f4dc5b5
7109,79.775097402,4.160902,34,v2,88000000ffffffffffffa8dd9f4dc5b5
7110,79.779235954,4.138552,30,v2,88000000ffffffffffffa8dd9f4dc5b5
7111,79.782203209,2.967255,30,v2,88000000ffffffffffffa8dd9f4dc5b5
7112,79.786331372,4.128163,30,v2,88000000ffffffffffffa8dd9f4dc5b5
7113,79.790232869,3.901497,34,v2,88000000ffffffffffffa8dd9f4dc5b5
7114,79.794419690,4.186821,34,v2,88000000ffffffffffffa8dd9f4dc5b5
7115,79.797567296,3.147606,30,v2,88000000ffffffffffffa8dd9f4dc5b5
7116,79.801367930,3.800634,34,v2,88000000ffffffffffffa8dd9f4dc5b5
7117,79.805396063,4.028133,30,v2,88000000ffffffffffffa8dd9f4dc5b5
7118,79.808546129,3.150066,34,v2,88000000ffffffffffffa8dd9f4dc5b5
7119,79.812595719,4.049590,30,v2,88000000ffffffffffffa8dd9f4dc5b5
7120,79.816647857,4.052138,34,v2,88000000ffffffffffffa8dd9f4dc5b5
7121,79.819775159,3.127302,30,v2,88000000ffffffffffffa8dd9f4dc5b5
7122,79.823785837,4.010678,30,v2,88000000ffffffffffffa8dd9f4dc5b5
7123,79.827832394,4.046557,30,v2,88000000ffffffffffffa8dd9f4dc5b5
7124,79.832488768,4.656374,34,v2,88000000ffffffffffffa8dd9f4dc5b5
7125,79.835077886,2.589118,34,v2,88000000ffffffffffffa8dd9f4dc5b5
7126,79.837994678,2.916792,34,v2,88000000ffffffffffffa8dd9f4dc5b5
7127,79.842037316,4.042638,30,v2,88000000ffffffffffffa8dd9f4dc5b5
7128,79.846246071,4.208755,30,v2,88000000ffffffffffffa8dd9f4dc5b5
7129,79.851268458,5.022387,30,v2,88000000ffffffffffffa8dd9f4dc5b5
7130,79.855403469,4.135011,30,v2,88000000ffffffffffffa8dd9f4dc5b5
7131,79.858606885,3.203416,30,v2,88000000ffffffffffffa8dd9f4dc5b5
7132,79.862636431,4.029546,30,v2,88000000ffffffffffffa8dd9f4dc5b5
7133,79.866834952,4.198521,34,v2,88000000ffffffffffffa8dd9f4dc5b5
7134,79.869572224,2.737272,34,v2,88000000ffffffffffffa8dd9f4dc5b5
7135,79.873694586,4.122362,34,v2,88000000ffffffffffffa8dd9f4dc5b5
7136,79.876688101,2.993515,34,v2,88000000ffffffffffffa8dd9f4dc5b5
7137,79.880653303,3.965202,30,v2,88000000ffffffffffffa8dd9f4dc5b5
7138,79.884748815,4.095512,34,v2,88000000ffffffffffffa8dd9f4dc5b5
7139,79.887817867,3.069052,34,v2,88000000ffffffffffffa8dd9f4dc5b5
7140,79.892115179,4.297312,34,v2,88000000ffffffffffffa8dd9f4dc5b5
7141,79.895857156,3.741977,30,v2,88000000ffffffffffffa8dd9f4dc5b5
7142,79.900964859,5.107703,34,v2,88000000ffffffffffffa8dd9f4dc5b5
7143,79.903077988,2.113129,30,v2,88000000ffffffffffffa8dd9f4dc5b5
7144,79.907321304,4.243316,34,v2,88000000ffffffffffffa8dd9f4dc5b5
7145,79.910993593,3.672289,30,v2,88000000ffffffffffffa8dd9f4dc5b5
7146,80.245351362,334.357769,34,v2,88000000ffffffffffffa8dd9f4dc5b5
7147,80.248558988,3.207626,30,v2,88000000ffffffffffffa8dd9f4dc5b5
7148,80.252713105,4.154117,34,v2,88000000ffffffffffffa8dd9f4dc5b5
7149,80.256564422,3.851317,30,v2,88000000ffffffffffffa8dd9f4dc5b5
7150,80.259626019,3.061597,30,v2,88000000ffffffffffffa8dd9f4dc5b5
7151,80.263681845,4.055826,34,v2,88000000ffffffffffffa8dd9f4dc5b5
7152,80.267341706,3.659861,34,v2,88000000ffffffffffffa8dd9f4dc5b5
7153,80.270955922,3.614216,30,v2,88000000ffffffffffffa8dd9f4dc5b5
7154,80.273990854,3.034932,34,v2,88000000ffffffffffffa8dd9f4dc5b5
7155,80.277927681,3.936827,34,v2,88000000ffffffffffffa8dd9f4dc5b5
7156,80.281920350,3.992669,30,v2,88000000ffffffffffffa8dd9f4dc5b5
7157,80.285230161,3.309811,30,v2,88000000ffffffffffffa8dd9f4dc5b5
7158,80.289120398,3.890237,34,v2,88000000ffffffffffffa8dd9f4dc5b5
7159,80.292319301,3.198903,34,v2,88000000ffffffffffffa8dd9f4dc5b5
7160,80.296401348,4.082047,30,v2,88000000ffffffffffffa8dd9f4dc5b5
7161,80.299249897,2.848549,30,v2,88000000ffffffffffffa8dd9f4dc5b5
7162,80.303382955,4.133058,34,v2,88000000ffffffffffffa8dd9f4dc5b5
7163,80.307411303,4.028348,30,v2,88000000ffffffffffffa8dd9f4dc5b5
7164,80.310394236,2.982933,34,v2,88000000ffffffffffffa8dd9f4dc5b5
7165,80.314593314,4.199078,30,v2,88000000ffffffffffffa8dd9f4dc5b5
7166,80.317483627,2.890313,34,v2,88000000ffffffffffffa8dd9f4dc5b5
7167,80.321907767,4.424140,30,v2,88000000ffffffffffffa8dd9f4dc5b5
7168,80.325359676,3.451909,30,v2,88000000ffffffffffffa8dd9f4dc5b5
7169,80.330580011,5.220335,30,v2,88000000ffffffffffffa8dd9f4dc5b5
7170,80.331716877,1.136866,34,v2,88000000ffffffffffffa8dd9f4dc5b5
7171,80.335844598,4.127721,30,v2,88000000ffffffffffffa8dd9f4dc5b5
7172,80.340107983,4.263385,30,v2,88000000ffffffffffffa8dd9f4dc5b5
7173,80.343051454,2.943471,34,v2,88000000ffffffffffffa8dd9f4dc5b5
7174,80.347268117,4.216663,30,v2,88000000ffffffffffffa8dd9f4dc5b5
7175,80.350363385,3.095268,34,v2,88000000ffffffffffffa8dd9f4dc5b5
7176,80.354382739,4.019354,30,v2,88000000ffffffffffffa8dd9f4dc5b5
7177,80.358502494,4.119755,30,v2,88000000ffffffffffffa8dd9f4dc5b5
7178,80.361529710,3.027216,30,v2,88000000ffffffffffffa8dd9f4dc5b5
7179,80.365509019,3.979309,30,v2,88000000ffffffffffffa8dd9f4dc5b5
7180,80.368645561,3.136542,34,v2,88000000ffffffffffffa8dd9f4dc5b5
7181,80.373824766,5.179205,34,v2,88000000ffffffffffffa8dd9f4dc5b5
7182,80.376618892,2.794126,30,v2,88000000ffffffffffffa8dd9f4dc5b5
7183,80.380778054,4.159162,34,v2,88000000ffffffffffffa8dd9f4dc5b5
7184,80.384543964,3.765910,34,v2,88000000ffffffffffffa8dd9f4dc5b5
7185,80.387803574,3.259610,34,v2,88000000ffffffffffffa8dd9f4dc5b5
7186,80.392015247,4.211673,30,v2,88000000ffffffffffffa8dd9f4dc5b5
7187,80.394860873,2.845626,34,v2,88000000ffffffffffffa8dd9f4dc5b5
7188,80.399329562,4.468689,30,v2,88000000ffffffffffffa8dd9f4dc5b5
7189,80.401998591,2.669029,30,v2,88000000ffffffffffffa8dd9f4dc5b5
7190,80.406086819,4.088228,30,v2,88000000ffffffffffffa8dd9f4dc5b5
7191,80.409275792,3.188973,34,v2,88000000ffffffffffffa8dd9f4dc5b5
7192,80.413320071,4.044279,30,v2,88000000ffffffffffffa8dd9f4dc5b5
7193,80.417463831,4.143760,30,v2,88000000ffffffffffffa8dd9f4dc5b5
7194,80.420248935,2.785104,30,v2,88000000ffffffffffffa8dd9f4dc5b5
7195,80.424429395,4.180460,34,v2,88000000ffffffffffffa8dd9f4dc5b5
7196,80.427226761,2.797366,30,v2,88000000ffffffffffffa8dd9f4dc5b5
7197,80.433377428,6.150667,34,v2,88000000ffffffffffffa8dd9f4dc5b5
7198,80.435337802,1.960374,30,v2,88000000ffffffffffffa8dd9f4dc5b5
7199,80.438472809,3.135007,34,v2,88000000ffffffffffffa8dd9f4dc5b5
7200,80.442565290,4.092481,34,v2,88000000ffffffffffffa8dd9f4dc5b5
7201,80.445556385,2.991095,34,v2,88000000ffffffffffffa8dd9f4dc5b5
7202,80.450115830,4.559445,34,v2,88000000ffffffffffffa8dd9f4dc5b5
7203,80.453735872,3.620042,34,v2,88000000ffffffffffffa8dd9f4dc5b5
7204,80.456803118,3.067246,30,v2,88000000ffffffffffffa8dd9f4dc5b5
7205,80.460997068,4.193950,30,v2,88000000ffffffffffffa8dd9f4dc5b5
7206,80.463903288,2.906220,30,v2,88000000ffffffffffffa8dd9f4dc5b5
7207,80.467975853,4.072565,30,v2,88000000ffffffffffffa8dd9f4dc5b5
7208,80.471094509,3.118656,30,v2,88000000ffffffffffffa8dd9f4dc5b5
7209,80.475088631,3.994122,30,v2,88000000ffffffffffffa8dd9f4dc5b5
7210,80.478292838,3.204207,34,v2,88000000ffffffffffffa8dd9f4dc5b5
7211,80.484235046,5.942208,30,v2,88000000ffffffffffffa8dd9f4dc5b5
7212,80.486367552,2.132506,30,v2,88000000ffffffffffffa8dd9f4dc5b5
7213,80.489699903,3.332351,34,v2,88000000ffffffffffffa8dd9f4dc5b5
7214,80.495165982,5.466079,30,v2,88000000ffffffffffffa8dd9f4dc5b5
7215,80.496438655,1.272673,34,v2,88000000ffffffffffffa8dd9f4dc5b5
7216,80.501405987,4.967332,34,v2,88000000ffffffffffffa8dd9f4dc5b5
7217,80.504502487,3.096500,34,v2,88000000ffffffffffffa8dd9f4dc5b5
7218,80.509006918,4.504431,30,v2,88000000ffffffffffffa8dd9f4dc5b5
7219,80.512482964,3.476046,34,v2,88000000ffffffffffffa8dd9f4dc5b5
7220,80.516677243,4.194279,34,v2,88000000ffffffffffffa8dd9f4dc5b5
7221,80.519763147,3.085904,30,v2,88000000ffffffffffffa8dd9f4dc5b5
7222,80.524060261,4.297114,34,v2,88000000ffffffffffffa8dd9f4dc5b5
7223,80.527017207,2.956946,34,v2,88000000ffffffffffffa8dd9f4dc5b5
7224,80.531162196,4.144989,34,v2,88000000ffffffffffffa8dd9f4dc5b5
7225,80.535376630,4.214434,34,v2,88000000ffffffffffffa8dd9f4dc5b5
7226,80.538051759,2.675129,30,v2,88000000ffffffffffffa8dd9f4dc5b5
7227,80.542153009,4.101250,34,v2,88000000ffffffffffffa8dd9f4dc5b5
7228,80.545231080,3.078071,30,v2,88000000ffffffffffffa8dd9f4dc5b5
7229,80.549258481,4.027401,34,v2,88000000ffffffffffffa8dd9f4dc5b5
7230,80.553506535,4.248054,34,v2,88000000ffffffffffffa8dd9f4dc5b5
7231,80.556627607,3.121072,34,v2,88000000ffffffffffffa8dd9f4dc5b5
7232,80.560443982,3.816375,34,v2,88000000ffffffffffffa8dd9f4dc5b5
7233,80.563466458,3.022476,34,v2,88000000ffffffffffffa8dd9f4dc5b5
7234,80.567531276,4.064818,34,v2,88000000ffffffffffffa8dd9f4dc5b5
7235,80.570954567,3.423291,34,v2,88000000ffffffffffffa8dd9f4dc5b5
7236,80.574795112,3.840545,34,v2,88000000ffffffffffffa8dd9f4dc5b5
7237,80.577656593,2.861481,34,v2,88000000ffffffffffffa8dd9f4dc5b5
7238,80.581734546,4.077953,34,v2,88000000ffffffffffffa8dd9f4dc5b5
7239,80.585727974,3.993428,34,v2,88000000ffffffffffffa8dd9f4dc5b5
7240,80.588855208,3.127234,30,v2,88000000ffffffffffffa8dd9f4dc5b5
7241,80.592909577,4.054369,30,v2,88000000ffffffffffffa8dd9f4dc5b5
7242,80.595965124,3.055547,30,v2,88000000ffffffffffffa8dd9f4dc5b5
7243,80.599919225,3.954101,34,v2,88000000ffffffffffffa8dd9f4dc5b5
7244,80.604402033,4.482808,30,v2,88000000ffffffffffffa8dd9f4dc5b5
7245,80.607543363,3.141330,34,v2,88000000ffffffffffffa8dd9f4dc5b5
7246,80.959821148,352.277785,34,v2,88000000ffffffffffffa8dd9f4dc5b5
7247,80.962771718,2.950570,34,v2,88000000ffffffffffffa8dd9f4dc5b5
7248,80.966811439,4.039721,34,v2,88000000ffffffffffffa8dd9f4dc5b5
7249,80.970781222,3.969783,30,v2,88000000ffffffffffffa8dd9f4dc5b5
7250,80.973914074,3.132852,30,v2,88000000ffffffffffffa8dd9f4dc5b5
7251,80.976987199,3.073125,34,v2,88000000ffffffffffffa8dd9f4dc5b5
7252,80.981273979,4.286780,30,v2,88000000ffffffffffffa8dd9f4dc5b5
7253,80.984043303,2.769324,34,v2,88000000ffffffffffffa8dd9f4dc5b5
7254,80.988200105,4.156802,34,v2,88000000ffffffffffffa8dd9f4dc5b5
7255,80.993094230,4.894125,30,v2,88000000ffffffffffffa8dd9f4dc5b5
7256,80.995323343,2.229113,30,v2,88000000ffffffffffffa8dd9f4dc5b5
7257,80.998583227,3.259884,30,v2,88000000ffffffffffffa8dd9f4dc5b5
7258,81.002443569,3.860342,30,v2,88000000ffffffffffffa8dd9f4dc5b5
7259,81.005425960,2.982391,30,v2,88000000ffffffffffffa8dd9f4dc5b5
7260,81.009369129,3.943169,30,v2,88000000ffffffffffffa8dd9f4dc5b5
7261,81.012537504,3.168375,30,v2,88000000ffffffffffffa8dd9f4dc5b5
7262,81.016616278,4.078774,34,v2,88000000ffffffffffffa8dd9f4dc5b5
7263,81.020657968,4.041690,34,v2,88000000ffffffffffffa8dd9f4dc5b5
7264,81.024661391,4.003423,34,v2,88000000ffffffffffffa8dd9f4dc5b5
7265,81.027750946,3.089555,34,v2,88000000ffffffffffffa8dd9f4dc5b5
7266,81.030838180,3.087234,30,v2,88000000ffffffffffffa8dd9f4dc5b5
7267,81.034818863,3.980683,34,v2,88000000ffffffffffffa8dd9f4dc5b5
7268,81.038827178,4.008315,30,v2,88000000ffffffffffffa8dd9f4dc5b5
7269,81.041980911,3.153733,30,v2,88000000ffffffffffffa8dd9f4dc5b5
7270,81.045927534,3.946623,30,v2,88000000ffffffffffffa8dd9f4dc5b5
7271,81.049018458,3.090924,34,v2,88000000ffffffffffffa8dd9f4dc5b5
7272,81.052134589,3.116131,30,v2,88000000ffffffffffffa8dd9f4dc5b5
7273,81.056079560,3.944971,34,v2,88000000ffffffffffffa8dd9f4dc5b5
7274,81.059239017,3.159457,34,v2,88000000ffffffffffffa8dd9f4dc5b5
7275,81.063483005,4.243988,30,v2,88000000ffffffffffffa8dd9f4dc5b5
7276,81.066531661,3.048656,30,v2,88000000ffffffffffffa8dd9f4dc5b5
7277,81.070303250,3.771589,30,v2,88000000ffffffffffffa8dd9f4dc5b5
7278,81.073460257,3.157007,30,v2,88000000ffffffffffffa8dd9f4dc5b5
7279,81.077569851,4.109594,34,v2,88000000ffffffffffffa8dd9f4dc5b5
7280,81.080954953,3.385102,34,v2,88000000ffffffffffffa8dd9f4dc5b5
7281,81.084903126,3.948173,34,v2,88000000ffffffffffffa8dd9f4dc5b5
7282,81.087713777,2.810651,30,v2,88000000ffffffffffffa8dd9f4dc5b5
7283,81.091782787,4.069010,30,v2,88000000ffffffffffffa8dd9f4dc5b5
7284,81.094862491,3.079704,34,v2,88000000ffffffffffffa8dd9f4dc5b5
7285,81.098861309,3.998818,30,v2,88000000ffffffffffffa8dd9f4dc5b5
7286,81.101998277,3.136968,34,v2,88000000ffffffffffffa8dd9f4dc5b5
7287,81.104974837,2.976560,30,v2,88000000ffffffffffffa8dd9f4dc5b5
7288,81.109257746,4.282909,30,v2,88000000ffffffffffffa8dd9f4dc5b5
7289,81.112300674,3.042928,34,v2,88000000ffffffffffffa8dd9f4dc5b5
7290,81.116232443,3.931769,30,v2,88000000ffffffffffffa8dd9f4dc5b5
7291,81.119220674,2.988231,34,v2,88000000ffffffffffffa8dd9f4dc5b5
7292,81.123334463,4.113789,30,v2,88000000ffffffffffffa8dd9f4dc5b5
7293,81.126469148,3.134685,34,v2,88000000ffffffffffffa8dd9f4dc5b5
7294,81.130375363,3.906215,30,v2,88000000ffffffffffffa8dd9f4dc5b5
7295,81.133495368,3.120005,30,v2,88000000ffffffffffffa8dd9f4dc5b5
7296,81.137482881,3.987513,34,v2,88000000ffffffffffffa8dd9f4dc5b5
7297,81.140686026,3.203145,34,v2,88000000ffffffffffffa8dd9f4dc5b5
7298,81.144567300,3.881274,30,v2,88000000ffffffffffffa8dd9f4dc5b5
7299,81.147803834,3.236534,30,v2,88000000ffffffffffffa8dd9f4dc5b5
7300,81.152763962,4.960128,34,v2,88000000ffffffffffffa8dd9f4dc5b5
7301,81.155774600,3.010638,34,v2,88000000ffffffffffffa8dd9f4dc5b5
7302,81.160064088,4.289488,34,v2,88000000ffffffffffffa8dd9f4dc5b5
7303,81.163012871,2.948783,30,v2,88000000ffffffffffffa8dd9f4dc5b5
7304,81.167209819,4.196948,30,v2,88000000ffffffffffffa8dd9f4dc5b5
7305,81.170234546,3.024727,30,v2,88000000ffffffffffffa8dd9f4dc5b5
7306,81.173206129,2.971583,30,v2,88000000ffffffffffffa8dd9f4dc5b5
7307,81.177365547,4.159418,30,v2,88000000ffffffffffffa8dd9f4dc5b5
7308,81.180285277,2.919730,34,v2,88000000ffffffffffffa8dd9f4dc5b5
7309,81.184223153,3.937876,30,v2,88000000ffffffffffffa8dd9f4dc5b5
7310,81.187291572,3.068419,34,v2,88000000ffffffffffffa8dd9f4dc5b5
7311,81.191385908,4.094336,30,v2,88000000ffffffffffffa8dd9f4dc5b5
7312,81.194410087,3.024179,34,v2,88000000ffffffffffffa8dd9f4dc5b5
7313,81.198709109,4.299022,30,v2,88000000ffffffffffffa8dd9f4dc5b5
7314,81.201673212,2.964103,30,v2,88000000ffffffffffffa8dd9f4dc5b5
7315,81.205531375,3.858163,34,v2,88000000ffffffffffffa8dd9f4dc5b5
7316,81.208768747,3.237372,34,v2,88000000ffffffffffffa8dd9f4dc5b5
7317,81.212738022,3.969275,30,v2,88000000ffffffffffffa8dd9f4dc5b5
7318,81.215868418,3.130396,30,v2,88000000ffffffffffffa8dd9f4dc5b5
7319,81.219732601,3.864183,30,v2,88000000ffffffffffffa8dd9f4dc5b5
7320,81.222730666,2.998065,34,v2,88000000ffffffffffffa8dd9f4dc5b5
7321,81.226121559,3.390893,34,v2,88000000ffffffffffffa8dd9f4dc5b5
7322,81.229876916,3.755357,34,v2,88000000ffffffffffffa8dd9f4dc5b5
7323,81.234372877,4.495961,30,v2,88000000ffffffffffffa8dd9f4dc5b5
7324,81.238334330,3.961453,30,v2,88000000ffffffffffffa8dd9f4dc5b5
7325,81.240064230,1.729900,34,v2,88000000ffffffffffffa8dd9f4dc5b5
7326,81.244147058,4.082828,30,v2,88000000ffffffffffffa8dd9f4dc5b5
7327,81.247317889,3.170831,34,v2,88000000ffffffffffffa8dd9f4dc5b5
7328,81.251218809,3.900920,30,v2,88000000ffffffffffffa8dd9f4dc5b5
7329,81.254243222,3.024413,30,v2,88000000ffffffffffffa8dd9f4dc5b5
7330,81.258324894,4.081672,34,v2,88000000ffffffffffffa8dd9f4dc5b5
7331,81.261456582,3.131688,34,v2,88000000ffffffffffffa8dd9f4dc5b5
7332,81.265496852,4.040270,34,v2,88000000ffffffffffffa8dd9f4dc5b5
7333,81.268573370,3.076518,34,v2,88000000ffffffffffffa8dd9f4dc5b5
7334,81.272608585,4.035215,30,v2,88000000ffffffffffffa8dd9f4dc5b5
7335,81.275667378,3.058793,30,v2,88000000ffffffffffffa8dd9f4dc5b5
7336,81.280637640,4.970262,30,v2,88000000ffffffffffffa8dd9f4dc5b5
7337,81.283776219,3.138579,30,v2,88000000ffffffffffffa8dd9f4dc5b5
7338,81.287879559,4.103340,34,v2,88000000ffffffffffffa8dd9f4dc5b5
7339,81.290914391,3.034832,30,v2,88000000ffffffffffffa8dd9f4dc5b5
7340,81.294882816,3.968425,34,v2,88000000ffffffffffffa8dd9f4dc5b5
7341,81.298099207,3.216391,30,v2,88000000ffffffffffffa8dd9f4dc5b5
7342,81.301076742,2.977535,34,v2,88000000ffffffffffffa8dd9f4dc5b5
7343,81.305245151,4.168409,34,v2,88000000ffffffffffffa8dd9f4dc5b5
7344,81.308395452,3.150301,30,v2,88000000ffffffffffffa8dd9f4dc5b5
7345,81.312229297,3.833845,34,v2,88000000ffffffffffffa8dd9f4dc5b5
7346,81.664271661,352.042364,34,v2,88000000ffffffffffffa8dd9f4dc5b5
7347,81.667961222,3.689561,30,v2,88000000ffffffffffffa8dd9f4dc5b5
7348,81.672079032,4.117810,34,v2,88000000ffffffffffffa8dd9f4dc5b5
7349,81.676026936,3.947904,34,v2,88000000ffffffffffffa8dd9f4dc5b5
7350,81.678991370,2.964434,30,v2,88000000ffffffffffffa8dd9f4dc5b5
7351,81.683579540,4.588170,34,v2,88000000ffffffffffffa8dd9f4dc5b5
7352,81.686162064,2.582524,30,v2,88000000ffffffffffffa8dd9f4dc5b5
7353,81.689120392,2.958328,30,v2,88000000ffffffffffffa8dd9f4dc5b5
7354,81.692501680,3.381288,34,v2,88000000ffffffffffffa8dd9f4dc5b5
7355,81.696308015,3.806335,30,v2,88000000ffffffffffffa8dd9f4dc5b5
7356,81.699262212,2.954197,34,v2,88000000ffffffffffffa8dd9f4dc5b5
7357,81.702424665,3.162453,34,v2,88000000ffffffffffffa8dd9f4dc5b5
7358,81.707111750,4.687085,34,v2,88000000ffffffffffffa8dd9f4dc5b5
7359,81.709552452,2.440702,34,v2,88000000ffffffffffffa8dd9f4dc5b5
7360,81.714552518,5.000066,30,v2,88000000ffffffffffffa8dd9f4dc5b5
7361,81.716528718,1.976200,30,v2,88000000ffffffffffffa8dd9f4dc5b5
7362,81.719540895,3.012177,30,v2,88000000ffffffffffffa8dd9f4dc5b5
7363,81.724071121,4.530226,34,v2,88000000ffffffffffffa8dd9f4dc5b5
7364,81.726813971,2.742850,34,v2,88000000ffffffffffffa8dd9f4dc5b5
7365,81.729791877,2.977906,30,v2,88000000ffffffffffffa8dd9f4dc5b5
7366,81.733906244,4.114367,34,v2,88000000ffffffffffffa8dd9f4dc5b5
7367,81.737031287,3.125043,34,v2,88000000ffffffffffffa8dd9f4dc5b5
7368,81.742427761,5.396474,30,v2,88000000ffffffffffffa8dd9f4dc5b5
7369,81.744677619,2.249858,30,v2,88000000ffffffffffffa8dd9f4dc5b5
7370,81.747211896,2.534277,30,v2,88000000ffffffffffffa8dd9f4dc5b5
7371,81.751755838,4.543942,30,v2,88000000ffffffffffffa8dd9f4dc5b5
7372,81.754355075,2.599237,34,v2,88000000ffffffffffffa8dd9f4dc5b5
7373,81.757474313,3.119238,34,v2,88000000ffffffffffffa8dd9f4dc5b5
7374,81.762073464,4.599151,34,v2,88000000ffffffffffffa8dd9f4dc5b5
7375,81.764414766,2.341302,34,v2,88000000ffffffffffffa8dd9f4dc5b5
7376,81.767487837,3.073071,34,v2,88000000ffffffffffffa8dd9f4dc5b5
7377,81.771535820,4.047983,30,v2,88000000ffffffffffffa8dd9f4dc5b5
7378,81.774640091,3.104271,30,v2,88000000ffffffffffffa8dd9f4dc5b5
7379,81.778650408,4.010317,34,v2,88000000ffffffffffffa8dd9f4dc5b5
7380,81.781716320,3.065912,34,v2,88000000ffffffffffffa8dd9f4dc5b5
7381,81.784715728,2.999408,30,v2,88000000ffffffffffffa8dd9f4dc5b5
7382,81.788879556,4.163828,34,v2,88000000ffffffffffffa8dd9f4dc5b5
7383,81.791969483,3.089927,34,v2,88000000ffffffffffffa8dd9f4dc5b5
7384,81.795947021,3.977538,30,v2,88000000ffffffffffffa8dd9f4dc5b5
7385,81.798993862,3.046841,34,v2,88000000ffffffffffffa8dd9f4dc5b5
7386,81.803152607,4.158745,34,v2,88000000ffffffffffffa8dd9f4dc5b5
7387,81.807045517,3.892910,34,v2,88000000ffffffffffffa8dd9f4dc5b5
7388,81.810465356,3.419839,30,v2,88000000ffffffffffffa8dd9f4dc5b5
7389,81.813106545,2.641189,30,v2,88000000ffffffffffffa8dd9f4dc5b5
7390,81.817270243,4.163698,34,v2,88000000ffffffffffffa8dd9f4dc5b5
7391,81.820358297,3.088054,30,v2,88000000ffffffffffffa8dd9f4dc5b5
7392,81.824329405,3.971108,30,v2,88000000ffffffffffffa8dd9f4dc5b5
7393,81.827466743,3.137338,34,v2,88000000ffffffffffffa8dd9f4dc5b5
7394,81.830568151,3.101408,34,v2,88000000ffffffffffffa8dd9f4dc5b5
7395,81.834437965,3.869814,30,v2,88000000ffffffffffffa8dd9f4dc5b5
7396,81.837615097,3.177132,34,v2,88000000ffffffffffffa8dd9f4dc5b5
7397,81.840592100,2.977003,34,v2,88000000ffffffffffffa8dd9f4dc5b5
7398,81.844582424,3.990324,30,v2,88000000ffffffffffffa8dd9f4dc5b5
7399,81.847964697,3.382273,30,v2,88000000ffffffffffffa8dd9f4dc5b5
7400,81.851557674,3.592977,34,v2,88000000ffffffffffffa8dd9f4dc5b5
7401,81.854833218,3.275544,30,v2,88000000ffffffffffffa8dd9f4dc5b5
7402,81.857905018,3.071800,30,v2,88000000ffffffffffffa8dd9f4dc5b5
7403,81.861895911,3.990893,30,v2,88000000ffffffffffffa8dd9f4dc5b5
7404,81.864978796,3.082885,30,v2,88000000ffffffffffffa8dd9f4dc5b5
7405,81.868030429,3.051633,34,v2,88000000ffffffffffffa8dd9f4dc5b5
7406,81.871991432,3.961003,30,v2,88000000ffffffffffffa8dd9f4dc5b5
7407,81.875164068,3.172636,30,v2,88000000ffffffffffffa8dd9f4dc5b5
7408,81.879155149,3.991081,34,v2,88000000ffffffffffffa8dd9f4dc5b5
7409,81.882201364,3.046215,30,v2,88000000ffffffffffffa8dd9f4dc5b5
7410,81.885205238,3.003874,34,v2,88000000ffffffffffffa8dd9f4dc5b5
7411,81.889313910,4.108672,30,v2,88000000ffffffffffffa8dd9f4dc5b5
7412,81.892368681,3.054771,30,v2,88000000ffffffffffffa8dd9f4dc5b5
7413,81.895521875,3.153194,34,v2,88000000ffffffffffffa8dd9f4dc5b5
7414,81.899429780,3.907905,34,v2,88000000ffffffffffffa8dd9f4dc5b5
7415,81.902434766,3.004986,34,v2,88000000ffffffffffffa8dd9f4dc5b5
7416,81.905509857,3.075091,30,v2,88000000ffffffffffffa8dd9f4dc5b5
7417,81.909678468,4.168611,34,v2,88000000ffffffffffffa8dd9f4dc5b5
7418,81.914552231,4.873763,30,v2,88000000ffffffffffffa8dd9f4dc5b5
7419,81.916673012,2.120781,30,v2,88000000ffffffffffffa8dd9f4dc5b5
7420,81.919805622,3.132610,30,v2,88000000ffffffffffffa8dd9f4dc5b5
7421,81.924744827,4.939205,34,v2,88000000ffffffffffffa8dd9f4dc5b5
7422,81.927449486,2.704659,34,v2,88000000ffffffffffffa8dd9f4dc5b5
7423,81.931281041,3.831555,34,v2,88000000ffffffffffffa8dd9f4dc5b5
7424,81.934134760,2.853719,34,v2,88000000ffffffffffffa8dd9f4dc5b5
7425,81.938322825,4.188065,34,v2,88000000ffffffffffffa8dd9f4dc5b5
7426,81.941347389,3.024564,34,v2,88000000ffffffffffffa8dd9f4dc5b5
7427,81.945202401,3.855012,34,v2,88000000ffffffffffffa8dd9f4dc5b5
7428,81.948501142,3.298741,34,v2,88000000ffffffffffffa8dd9f4dc5b5
7429,81.951857564,3.356422,30,v2,88000000ffffffffffffa8dd9f4dc5b5
7430,81.955361170,3.503606,34,v2,88000000ffffffffffffa8dd9f4dc5b5
7431,81.958388103,3.026933,30,v2,88000000ffffffffffffa8dd9f4dc5b5
7432,81.961427349,3.039246,30,v2,88000000ffffffffffffa8dd9f4dc5b5
7433,81.966649758,5.222409,30,v2,88000000ffffffffffffa8dd9f4dc5b5
7434,81.968651223,2.001465,34,v2,88000000ffffffffffffa8dd9f4dc5b5
7435,81.971700774,3.049551,30,v2,88000000ffffffffffffa8dd9f4dc5b5
7436,81.975951107,4.250333,34,v2,88000000ffffffffffffa8dd9f4dc5b5
7437,81.978711699,2.760592,34,v2,88000000ffffffffffffa8dd9f4dc5b5
7438,81.982973132,4.261433,30,v2,88000000ffffffffffffa8dd9f4dc5b5
7439,81.985925357,2.952225,34,v2,88000000ffffffffffffa8dd9f4dc5b5
7440,81.991301419,5.376062,34,v2,88000000ffffffffffffa8dd9f4dc5b5
7441,81.992986132,1.684713,30,v2,88000000ffffffffffffa8dd9f4dc5b5
7442,81.997352009,4.365877,34,v2,88000000ffffffffffffa8dd9f4dc5b5
7443,82.000201684,2.849675,30,v2,88000000ffffffffffffa8dd9f4dc5b5
7444,82.004429152,4.227468,30,v2,88000000ffffffffffffa8dd9f4dc5b5
7445,82.007321922,2.892770,34,v2,88000000ffffffffffffa8dd9f4dc5b5
7446,82.360022351,352.700429,30,v2,88000000ffffffffffffa8dd9f4dc5b5
7447,82.362926779,2.904428,30,v2,88000000ffffffffffffa8dd9f4dc5b5
7448,82.367251657,4.324878,34,v2,88000000ffffffffffffa8dd9f4dc5b5
7449,82.369919209,2.667552,34,v2,88000000ffffffffffffa8dd9f4dc5b5
7450,82.374813614,4.894405,30,v2,88000000ffffffffffffa8dd9f4dc5b5
7451,82.376218084,1.404470,30,v2,88000000ffffffffffffa8dd9f4dc5b5
7452,82.380374971,4.156887,34,v2,88000000ffffffffffffa8dd9f4dc5b5
7453,82.383150843,2.775872,34,v2,88000000ffffffffffffa8dd9f4dc5b5
7454,82.386310182,3.159339,30,v2,88000000ffffffffffffa8dd9f4dc5b5
7455,82.390350476,4.040294,34,v2,88000000ffffffffffffa8dd9f4dc5b5
7456,82.393664535,3.314059,30,v2,88000000ffffffffffffa8dd9f4dc5b5
7457,82.397445049,3.780514,34,v2,88000000ffffffffffffa8dd9f4dc5b5
7458,82.400416638,2.971589,30,v2,88000000ffffffffffffa8dd9f4dc5b5
7459,82.403420594,3.003956,34,v2,88000000ffffffffffffa8dd9f4dc5b5
7460,82.406756660,3.336066,34,v2,88000000ffffffffffffa8dd9f4dc5b5
7461,82.410441919,3.685259,30,v2,88000000ffffffffffffa8dd9f4dc5b5
7462,82.413490645,3.048726,34,v2,88000000ffffffffffffa8dd9f4dc5b5
7463,82.417511551,4.020906,30,v2,88000000ffffffffffffa8dd9f4dc5b5
7464,82.420567977,3.056426,34,v2,88000000ffffffffffffa8dd9f4dc5b5
7465,82.423724668,3.156691,34,v2,88000000ffffffffffffa8dd9f4dc5b5
7466,82.426776541,3.051873,30,v2,88000000ffffffffffffa8dd9f4dc5b5
7467,82.429794414,3.017873,30,v2,88000000ffffffffffffa8dd9f4dc5b5
7468,82.433833601,4.039187,34,v2,88000000ffffffffffffa8dd9f4dc5b5
7469,82.436978618,3.145017,34,v2,88000000ffffffffffffa8dd9f4dc5b5
7470,82.441311363,4.332745,30,v2,88000000ffffffffffffa8dd9f4dc5b5
7471,82.443211809,1.900446,34,v2,88000000ffffffffffffa8dd9f4dc5b5
7472,82.447204907,3.993098,30,v2,88000000ffffffffffffa8dd9f4dc5b5
7473,82.451112583,3.907676,30,v2,88000000ffffffffffffa8dd9f4dc5b5
7474,82.454230040,3.117457,34,v2,88000000ffffffffffffa8dd9f4dc5b5
7475,82.457340558,3.110518,34,v2,88000000ffffffffffffa8dd9f4dc5b5
7476,82.461323914,3.983356,34,v2,88000000ffffffffffffa8dd9f4dc5b5
7477,82.464284621,2.960707,30,v2,88000000ffffffffffffa8dd9f4dc5b5
7478,82.467399329,3.114708,30,v2,88000000ffffffffffffa8dd9f4dc5b5
7479,82.470484968,3.085639,30,v2,88000000ffffffffffffa8dd9f4dc5b5
7480,82.474491488,4.006520,34,v2,88000000ffffffffffffa8dd9f4dc5b5
7481,82.477618377,3.126889,34,v2,88000000ffffffffffffa8dd9f4dc5b5
7482,82.480695353,3.076976,30,v2,88000000ffffffffffffa8dd9f4dc5b5
7483,82.484673822,3.978469,34,v2,88000000ffffffffffffa8dd9f4dc5b5
7484,82.487751764,3.077942,30,v2,88000000ffffffffffffa8dd9f4dc5b5
7485,82.490727281,2.975517,34,v2,88000000ffffffffffffa8dd9f4dc5b5
7486,82.493919824,3.192543,30,v2,88000000ffffffffffffa8dd9f4dc5b5
7487,82.497889136,3.969312,34,v2,88000000ffffffffffffa8dd9f4dc5b5
7488,82.501224043,3.334907,30,v2,88000000ffffffffffffa8dd9f4dc5b5
7489,82.504108952,2.884909,34,v2,88000000ffffffffffffa8dd9f4dc5b5
7490,82.508468799,4.359847,30,v2,88000000ffffffffffffa8dd9f4dc5b5
7491,82.511044617,2.575818,34,v2,88000000ffffffffffffa8dd9f4dc5b5
7492,82.514332370,3.287753,34,v2,88000000ffffffffffffa8dd9f4dc5b5
7493,82.517132196,2.799826,30,v2,88000000ffffffffffffa8dd9f4dc5b5
7494,82.521337109,4.204913,30,v2,88000000ffffffffffffa8dd9f4dc5b5
7495,82.524314178,2.977069,34,v2,88000000ffffffffffffa8dd9f4dc5b5
7496,82.527368988,3.054810,30,v2,88000000ffffffffffffa8dd9f4dc5b5
7497,82.531546377,4.177389,34,v2,88000000ffffffffffffa8dd9f4dc5b5
7498,82.534830194,3.283817,30,v2,88000000ffffffffffffa8dd9f4dc5b5
7499,82.537932436,3.102242,34,v2,88000000ffffffffffffa8dd9f4dc5b5
7500,82.540829108,2.896672,34,v2,88000000ffffffffffffa8dd9f4dc5b5
7501,82.546279379,5.450271,30,v2,88000000ffffffffffffa8dd9f4dc5b5
7502,82.548032920,1.753541,34,v2,88000000ffffffffffffa8dd9f4dc5b5
7503,82.551158890,3.125970,30,v2,88000000ffffffffffffa8dd9f4dc5b5
7504,82.554828369,3.669479,34,v2,88000000ffffffffffffa8dd9f4dc5b5
7505,82.558064624,3.236255,30,v2,88000000ffffffffffffa8dd9f4dc5b5
7506,82.561125046,3.060422,30,v2,88000000ffffffffffffa8dd9f4dc5b5
7507,82.563942711,2.817665,30,v2,88000000ffffffffffffa8dd9f4dc5b5
7508,82.568109647,4.166936,30,v2,88000000ffffffffffffa8dd9f4dc5b5
7509,82.571185900,3.076253,30,v2,88000000ffffffffffffa8dd9f4dc5b5
7510,82.574149397,2.963497,30,v2,88000000ffffffffffffa8dd9f4dc5b5
7511,82.577253585,3.104188,30,v2,88000000ffffffffffffa8dd9f4dc5b5
7512,82.583109497,5.855912,30,v2,88000000ffffffffffffa8dd9f4dc5b5
7513,82.585397178,2.287681,34,v2,88000000ffffffffffffa8dd9f4dc5b5
7514,82.588516093,3.118915,30,v2,88000000ffffffffffffa8dd9f4dc5b5
7515,82.592354021,3.837928,30,v2,88000000ffffffffffffa8dd9f4dc5b5
7516,82.595386885,3.032864,30,v2,88000000ffffffffffffa8dd9f4dc5b5
7517,82.598509529,3.122644,34,v2,88000000ffffffffffffa8dd9f4dc5b5
7518,82.601552370,3.042841,30,v2,88000000ffffffffffffa8dd9f4dc5b5
7519,82.605573110,4.020740,34,v2,88000000ffffffffffffa8dd9f4dc5b5
7520,82.608689348,3.116238,30,v2,88000000ffffffffffffa8dd9f4dc5b5
7521,82.611627001,2.937653,30,v2,88000000ffffffffffffa8dd9f4dc5b5
7522,82.615643066,4.016065,34,v2,88000000ffffffffffffa8dd9f4dc5b5
7523,82.618899365,3.256299,34,v2,88000000ffffffffffffa8dd9f4dc5b5
7524,82.621901016,3.001651,34,v2,88000000ffffffffffffa8dd9f4dc5b5
7525,82.624987070,3.086054,34,v2,88000000ffffffffffffa8dd9f4dc5b5
7526,82.629273242,4.286172,30,v2,88000000ffffffffffffa8dd9f4dc5b5
7527,82.632150522,2.877280,34,v2,88000000ffffffffffffa8dd9f4dc5b5
7528,82.635453869,3.303347,30,v2,88000000ffffffffffffa8dd9f4dc5b5
7529,82.639345349,3.891480,30,v2,88000000ffffffffffffa8dd9f4dc5b5
7530,82.642334709,2.989360,30,v2,88000000ffffffffffffa8dd9f4dc5b5
7531,82.645274976,2.940267,30,v2,88000000ffffffffffffa8dd9f4dc5b5
7532,82.648524814,3.249838,34,v2,88000000ffffffffffffa8dd9f4dc5b5
7533,82.652329598,3.804784,34,v2,88000000ffffffffffffa8dd9f4dc5b5
7534,82.655511446,3.181848,34,v2,88000000ffffffffffffa8dd9f4dc5b5
7535,82.658537086,3.025640,30,v2,88000000ffffffffffffa8dd9f4dc5b5
7536,82.662411522,3.874436,34,v2,88000000ffffffffffffa8dd9f4dc5b5
7537,82.666338090,3.926568,30,v2,88000000ffffffffffffa8dd9f4dc5b5
7538,82.668765391,2.427301,34,v2,88000000ffffffffffffa8dd9f4dc5b5
7539,82.671960741,3.195350,34,v2,88000000ffffffffffffa8dd9f4dc5b5
7540,82.675865119,3.904378,30,v2,88000000ffffffffffffa8dd9f4dc5b5
7541,82.678715648,2.850529,34,v2,88000000ffffffffffffa8dd9f4dc5b5
7542,82.681806542,3.090894,34,v2,88000000ffffffffffffa8dd9f4dc5b5
7543,82.684856759,3.050217,30,v2,88000000ffffffffffffa8dd9f4dc5b5
7544,82.689071837,4.215078,30,v2,88000000ffffffffffffa8dd9f4dc5b5
7545,82.691994656,2.922819,30,v2,88000000ffffffffffffa8dd9f4dc5b5
7546,83.028470952,336.476296,30,v2,88000000ffffffffffffa8dd9f4dc5b5
7547,83.031551388,3.080436,30,v2,88000000ffffffffffffa8dd9f4dc5b5
7548,83.035374749,3.823361,34,v2,88000000ffffffffffffa8dd9f4dc5b5
7549,83.038559401,3.184652,34,v2,88000000ffffffffffffa8dd9f4dc5b5
7550,83.041441408,2.882007,34,v2,88000000ffffffffffffa8dd9f4dc5b5
7551,83.044727514,3.286106,34,v2,88000000ffffffffffffa8dd9f4dc5b5
7552,83.048791571,4.064057,30,v2,88000000ffffffffffffa8dd9f4dc5b5
7553,83.050708352,1.916781,30,v2,88000000ffffffffffffa8dd9f4dc5b5
7554,83.054615484,3.907132,34,v2,88000000ffffffffffffa8dd9f4dc5b5
7555,83.057675434,3.059950,34,v2,88000000ffffffffffffa8dd9f4dc5b5
7556,83.060749468,3.074034,30,v2,88000000ffffffffffffa8dd9f4dc5b5
7557,83.063836886,3.087418,30,v2,88000000ffffffffffffa8dd9f4dc5b5
7558,83.066849357,3.012471,34,v2,88000000ffffffffffffa8dd9f4dc5b5
7559,83.069879629,3.030272,34,v2,88000000ffffffffffffa8dd9f4dc5b5
7560,83.073995920,4.116291,34,v2,88000000ffffffffffffa8dd9f4dc5b5
7561,83.077094703,3.098783,30,v2,88000000ffffffffffffa8dd9f4dc5b5
7562,83.080050802,2.956099,30,v2,88000000ffffffffffffa8dd9f4dc5b5
7563,83.083404410,3.353608,30,v2,88000000ffffffffffffa8dd9f4dc5b5
7564,83.086313936,2.909526,34,v2,88000000ffffffffffffa8dd9f4dc5b5
7565,83.090305808,3.991872,34,v2,88000000ffffffffffffa8dd9f4dc5b5
7566,83.093183155,2.877347,34,v2,88000000ffffffffffffa8dd9f4dc5b5
7567,83.096305427,3.122272,30,v2,88000000ffffffffffffa8dd9f4dc5b5
7568,83.099531035,3.225608,30,v2,88000000ffffffffffffa8dd9f4dc5b5
7569,83.103475016,3.943981,34,v2,88000000ffffffffffffa8dd9f4dc5b5
7570,83.107495474,4.020458,34,v2,88000000ffffffffffffa8dd9f4dc5b5
7571,83.110633539,3.138065,34,v2,88000000ffffffffffffa8dd9f4dc5b5
7572,83.113608300,2.974761,30,v2,88000000ffffffffffffa8dd9f4dc5b5
7573,83.116650574,3.042274,34,v2,88000000ffffffffffffa8dd9f4dc5b5
7574,83.119998074,3.347500,30,v2,88000000ffffffffffffa8dd9f4dc5b5
7575,83.122766917,2.768843,34,v2,88000000ffffffffffffa8dd9f4dc5b5
7576,83.126939824,4.172907,34,v2,88000000ffffffffffffa8dd9f4dc5b5
7577,83.130095983,3.156159,30,v2,88000000ffffffffffffa8dd9f4dc5b5
7578,83.132891067,2.795084,34,v2,88000000ffffffffffffa8dd9f4dc5b5
7579,83.136039671,3.148604,30,v2,88000000ffffffffffffa8dd9f4dc5b5
7580,83.138933767,2.894096,30,v2,88000000ffffffffffffa8dd9f4dc5b5
7581,83.143032046,4.098279,34,v2,88000000ffffffffffffa8dd9f4dc5b5
7582,83.146107731,3.075685,30,v2,88000000ffffffffffffa8dd9f4dc5b5
7583,83.149129645,3.021914,30,v2,88000000ffffffffffffa8dd9f4dc5b5
7584,83.152295918,3.166273,34,v2,88000000ffffffffffffa8dd9f4dc5b5
7585,83.155416602,3.120684,30,v2,88000000ffffffffffffa8dd9f4dc5b5
7586,83.158519811,3.103209,30,v2,88000000ffffffffffffa8dd9f4dc5b5
7587,83.161404475,2.884664,30,v2,88000000ffffffffffffa8dd9f4dc5b5
7588,83.165498137,4.093662,30,v2,88000000ffffffffffffa8dd9f4dc5b5
7589,83.168656425,3.158288,34,v2,88000000ffffffffffffa8dd9f4dc5b5
7590,83.171724243,3.067818,34,v2,88000000ffffffffffffa8dd9f4dc5b5
7591,83.174640048,2.915805,30,v2,88000000ffffffffffffa8dd9f4dc5b5
7592,83.177788968,3.148920,34,v2,88000000ffffffffffffa8dd9f4dc5b5
7593,83.180695514,2.906546,34,v2,88000000ffffffffffffa8dd9f4dc5b5
7594,83.189775905,9.080391,30,v2,88000000ffffffffffffa8dd9f4dc5b5
7595,83.192799466,3.023561,34,v2,88000000ffffffffffffa8dd9f4dc5b5
7596,83.195968845,3.169379,30,v2,88000000ffffffffffffa8dd9f4dc5b5
7597,83.200043960,4.075115,30,v2,88000000ffffffffffffa8dd9f4dc5b5
7598,83.203283213,3.239253,34,v2,88000000ffffffffffffa8dd9f4dc5b5
7599,83.206141427,2.858214,34,v2,88000000ffffffffffffa8dd9f4dc5b5
7600,83.209385916,3.244489,30,v2,88000000ffffffffffffa8dd9f4dc5b5
7601,83.212940292,3.554376,34,v2,88000000ffffffffffffa8dd9f4dc5b5
7602,83.216804600,3.864308,34,v2,88000000ffffffffffffa8dd9f4dc5b5
7603,83.220224194,3.419594,30,v2,88000000ffffffffffffa8dd9f4dc5b5
7604,83.222573838,2.349644,30,v2,88000000ffffffffffffa8dd9f4dc5b5
7605,83.225455918,2.882080,34,v2,88000000ffffffffffffa8dd9f4dc5b5
7606,83.230232848,4.776930,30,v2,88000000ffffffffffffa8dd9f4dc5b5
7607,83.232388003,2.155155,30,v2,88000000ffffffffffffa8dd9f4dc5b5
7608,83.238431128,6.043125,30,v2,88000000ffffffffffffa8dd9f4dc5b5
7609,83.239525726,1.094598,30,v2,88000000ffffffffffffa8dd9f4dc5b5
7610,83.243800604,4.274878,30,v2,88000000ffffffffffffa8dd9f4dc5b5
7611,83.246922412,3.121808,30,v2,88000000ffffffffffffa8dd9f4dc5b5
7612,83.248721281,1.798869,34,v2,88000000ffffffffffffa8dd9f4dc5b5
7613,83.252724156,4.002875,30,v2,88000000ffffffffffffa8dd9f4dc5b5
7614,83.256309694,3.585538,30,v2,88000000ffffffffffffa8dd9f4dc5b5
7615,83.258969282,2.659588,34,v2,88000000ffffffffffffa8dd9f4dc5b5
7616,83.262275880,3.306598,34,v2,88000000ffffffffffffa8dd9f4dc5b5
7617,83.265107399,2.831519,30,v2,88000000ffffffffffffa8dd9f4dc5b5
7618,83.269620031,4.512632,34,v2,88000000ffffffffffffa8dd9f4dc5b5
7619,83.271992493,2.372462,34,v2,88000000ffffffffffffa8dd9f4dc5b5
7620,83.275424586,3.432093,34,v2,88000000ffffffffffffa8dd9f4dc5b5
7621,83.280052169,4.627583,34,v2,88000000ffffffffffffa8dd9f4dc5b5
7622,83.282049844,1.997675,30,v2,88000000ffffffffffffa8dd9f4dc5b5
7623,83.285950336,3.900492,34,v2,88000000ffffffffffffa8dd9f4dc5b5
7624,83.288557566,2.607230,34,v2,88000000ffffffffffffa8dd9f4dc5b5
7625,83.292528207,3.970641,34,v2,88000000ffffffffffffa8dd9f4dc5b5
7626,83.295579173,3.050966,34,v2,88000000ffffffffffffa8dd9f4dc5b5
7627,83.298764656,3.185483,30,v2,88000000ffffffffffffa8dd9f4dc5b5
7628,83.301838918,3.074262,34,v2,88000000ffffffffffffa8dd9f4dc5b5
7629,83.304856005,3.017087,34,v2,88000000ffffffffffffa8dd9f4dc5b5
7630,83.308975826,4.119821,30,v2,88000000ffffffffffffa8dd9f4dc5b5
7631,83.311839137,2.863311,34,v2,88000000ffffffffffffa8dd9f4dc5b5
7632,83.314972772,3.133635,34,v2,88000000ffffffffffffa8dd9f4dc5b5
7633,83.319195881,4.223109,34,v2,88000000ffffffffffffa8dd9f4dc5b5
7634,83.321865084,2.669203,30,v2,88000000ffffffffffffa8dd9f4dc5b5
7635,83.324958958,3.093874,30,v2,88000000ffffffffffffa8dd9f4dc5b5
7636,83.327946849,2.987891,30,v2,88000000ffffffffffffa8dd9f4dc5b5
7637,83.330997391,3.050542,30,v2,88000000ffffffffffffa8dd9f4dc5b5
7638,83.334233121,3.235730,30,v2,88000000ffffffffffffa8dd9f4dc5b5
7639,83.339982292,5.749171,34,v2,88000000ffffffffffffa8dd9f4dc5b5
7640,83.341144495,1.162203,30,v2,88000000ffffffffffffa8dd9f4dc5b5
7641,83.344712877,3.568382,30,v2,88000000ffffffffffffa8dd9f4dc5b5
7642,83.347419898,2.707021,30,v2,88000000ffffffffffffa8dd9f4dc5b5
7643,83.350666075,3.246177,34,v2,88000000ffffffffffffa8dd9f4dc5b5
7644,83.353476451,2.810376,34,v2,88000000ffffffffffffa8dd9f4dc5b5
7645,83.357365637,3.889186,34,v2,88000000ffffffffffffa8dd9f4dc5b5
7646,83.710437785,353.072148,30,v2,88000000ffffffffffffa8dd9f4dc5b5
7647,83.713090745,2.652960,34,v2,88000000ffffffffffffa8dd9f4dc5b5
7648,83.716101261,3.010516,30,v2,88000000ffffffffffffa8dd9f4dc5b5
7649,83.719278631,3.177370,30,v2,88000000ffffffffffffa8dd9f4dc5b5
7650,83.722432047,3.153416,30,v2,88000000ffffffffffffa8dd9f4dc5b5
7651,83.728081361,5.649314,34,v2,88000000ffffffffffffa8dd9f4dc5b5
7652,83.729215839,1.134478,30,v2,88000000ffffffffffffa8dd9f4dc5b5
7653,83.732826520,3.610681,34,v2,88000000ffffffffffffa8dd9f4dc5b5
7654,83.735544875,2.718355,34,v2,88000000ffffffffffffa8dd9f4dc5b5
7655,83.738435960,2.891085,30,v2,88000000ffffffffffffa8dd9f4dc5b5
7656,83.741506569,3.070609,34,v2,88000000ffffffffffffa8dd9f4dc5b5
7657,83.744584838,3.078269,30,v2,88000000ffffffffffffa8dd9f4dc5b5
7658,83.748607442,4.022604,34,v2,88000000ffffffffffffa8dd9f4dc5b5
7659,83.751633235,3.025793,34,v2,88000000ffffffffffffa8dd9f4dc5b5
7660,83.754648997,3.015762,34,v2,88000000ffffffffffffa8dd9f4dc5b5
7661,83.757682556,3.033559,30,v2,88000000ffffffffffffa8dd9f4dc5b5
7662,83.760757397,3.074841,30,v2,88000000ffffffffffffa8dd9f4dc5b5
7663,83.765656511,4.899114,34,v2,88000000ffffffffffffa8dd9f4dc5b5
7664,83.767947334,2.290823,34,v2,88000000ffffffffffffa8dd9f4dc5b5
7665,83.771006784,3.059450,34,v2,88000000ffffffffffffa8dd9f4dc5b5
7666,83.774014271,3.007487,34,v2,88000000ffffffffffffa8dd9f4dc5b5
7667,83.777137737,3.123466,34,v2,88000000ffffffffffffa8dd9f4dc5b5
7668,83.780143027,3.005290,34,v2,88000000ffffffffffffa8dd9f4dc5b5
7669,83.783380742,3.237715,34,v2,88000000ffffffffffffa8dd9f4dc5b5
7670,83.786497281,3.116539,30,v2,88000000ffffffffffffa8dd9f4dc5b5
7671,83.789262303,2.765022,34,v2,88000000ffffffffffffa8dd9f4dc5b5
7672,83.792282238,3.019935,30,v2,88000000ffffffffffffa8dd9f4dc5b5
7673,83.795588794,3.306556,30,v2,88000000ffffffffffffa8dd9f4dc5b5
7674,83.799631665,4.042871,30,v2,88000000ffffffffffffa8dd9f4dc5b5
7675,83.802845752,3.214087,34,v2,88000000ffffffffffffa8dd9f4dc5b5
7676,83.805770617,2.924865,30,v2,88000000ffffffffffffa8dd9f4dc5b5
7677,83.809023468,3.252851,34,v2,88000000ffffffffffffa8dd9f4dc5b5
7678,83.811701788,2.678320,30,v2,88000000ffffffffffffa8dd9f4dc5b5
7679,83.814707344,3.005556,30,v2,88000000ffffffffffffa8dd9f4dc5b5
7680,83.818752560,4.045216,30,v2,88000000ffffffffffffa8dd9f4dc5b5
7681,83.821763280,3.010720,34,v2,88000000ffffffffffffa8dd9f4dc5b5
7682,83.824758975,2.995695,30,v2,88000000ffffffffffffa8dd9f4dc5b5
7683,83.827919797,3.160822,34,v2,88000000ffffffffffffa8dd9f4dc5b5
7684,83.830838519,2.918722,30,v2,88000000ffffffffffffa8dd9f4dc5b5
7685,83.834932634,4.094115,30,v2,88000000ffffffffffffa8dd9f4dc5b5
7686,83.836940748,2.008114,30,v2,88000000ffffffffffffa8dd9f4dc5b5
7687,83.839994694,3.053946,34,v2,88000000ffffffffffffa8dd9f4dc5b5
7688,83.843274154,3.279460,34,v2,88000000ffffffffffffa8dd9f4dc5b5
7689,83.846173568,2.899414,30,v2,88000000ffffffffffffa8dd9f4dc5b5
7690,83.849278906,3.105338,34,v2,88000000ffffffffffffa8dd9f4dc5b5
7691,83.852447043,3.168137,34,v2,88000000ffffffffffffa8dd9f4dc5b5
7692,83.855524147,3.077104,30,v2,88000000ffffffffffffa8dd9f4dc5b5
7693,83.859815049,4.290902,30,v2,88000000ffffffffffffa8dd9f4dc5b5
7694,83.862554677,2.739628,30,v2,88000000ffffffffffffa8dd9f4dc5b5
7695,83.865402783,2.848106,30,v2,88000000ffffffffffffa8dd9f4dc5b5
7696,83.868442377,3.039594,34,v2,88000000ffffffffffffa8dd9f4dc5b5
7697,83.871643728,3.201351,34,v2,88000000ffffffffffffa8dd9f4dc5b5
7698,83.874647032,3.003304,30,v2,88000000ffffffffffffa8dd9f4dc5b5
7699,83.877840688,3.193656,34,v2,88000000ffffffffffffa8dd9f4dc5b5
7700,83.881859990,4.019302,34,v2,88000000ffffffffffffa8dd9f4dc5b5
7701,83.884851897,2.991907,34,v2,88000000ffffffffffffa8dd9f4dc5b5
7702,83.887882131,3.030234,34,v2,88000000ffffffffffffa8dd9f4dc5b5
7703,83.891852889,3.970758,34,v2,88000000ffffffffffffa8dd9f4dc5b5
7704,83.894957580,3.104691,30,v2,88000000ffffffffffffa8dd9f4dc5b5
7705,83.898012471,3.054891,34,v2,88000000ffffffffffffa8dd9f4dc5b5
7706,83.901013622,3.001151,34,v2,88000000ffffffffffffa8dd9f4dc5b5
7707,83.904069638,3.056016,30,v2,88000000ffffffffffffa8dd9f4dc5b5
7708,83.907189644,3.120006,30,v2,88000000ffffffffffffa8dd9f4dc5b5
7709,83.911161021,3.971377,30,v2,88000000ffffffffffffa8dd9f4dc5b5
7710,83.914288503,3.127482,34,v2,88000000ffffffffffffa8dd9f4dc5b5
7711,83.917485344,3.196841,30,v2,88000000ffffffffffffa8dd9f4dc5b5
7712,83.920275759,2.790415,30,v2,88000000ffffffffffffa8dd9f4dc5b5
7713,83.923560905,3.285146,30,v2,88000000ffffffffffffa8dd9f4dc5b5
7714,83.926444069,2.883164,34,v2,88000000ffffffffffffa8dd9f4dc5b5
7715,83.929417301,2.973232,34,v2,88000000ffffffffffffa8dd9f4dc5b5
7716,83.932534169,3.116868,34,v2,88000000ffffffffffffa8dd9f4dc5b5
7717,83.935564115,3.029946,30,v2,88000000ffffffffffffa8dd9f4dc5b5
7718,83.938598076,3.033961,34,v2,88000000ffffffffffffa8dd9f4dc5b5
7719,83.941699352,3.101276,34,v2,88000000ffffffffffffa8dd9f4dc5b5
7720,83.944726986,3.027634,34,v2,88000000ffffffffffffa8dd9f4dc5b5
7721,83.948847892,4.120906,34,v2,88000000ffffffffffffa8dd9f4dc5b5
7722,83.952616301,3.768409,30,v2,88000000ffffffffffffa8dd9f4dc5b5
7723,83.954984221,2.367920,30,v2,88000000ffffffffffffa8dd9f4dc5b5
7724,83.958008119,3.023898,34,v2,88000000ffffffffffffa8dd9f4dc5b5
7725,83.961149684,3.141565,30,v2,88000000ffffffffffffa8dd9f4dc5b5
7726,83.964216828,3.067144,30,v2,88000000ffffffffffffa8dd9f4dc5b5
7727,83.967212189,2.995361,30,v2,88000000ffffffffffffa8dd9f4dc5b5
7728,83.970355241,3.143052,34,v2,88000000ffffffffffffa8dd9f4dc5b5
7729,83.973238818,2.883577,30,v2,88000000ffffffffffffa8dd9f4dc5b5
7730,83.976272525,3.033707,34,v2,88000000ffffffffffffa8dd9f4dc5b5
7731,83.979347979,3.075454,30,v2,88000000ffffffffffffa8dd9f4dc5b5
7732,83.982344829,2.996850,34,v2,88000000ffffffffffffa8dd9f4dc5b5
7733,83.985442460,3.097631,30,v2,88000000ffffffffffffa8dd9f4dc5b5
7734,83.989844647,4.402187,34,v2,88000000ffffffffffffa8dd9f4dc5b5
7735,83.994374815,4.530168,30,v2,88000000ffffffffffffa8dd9f4dc5b5
7736,83.995554455,1.179640,34,v2,88000000ffffffffffffa8dd9f4dc5b5
7737,83.999184974,3.630519,34,v2,88000000ffffffffffffa8dd9f4dc5b5
7738,84.002664788,3.479814,30,v2,88000000ffffffffffffa8dd9f4dc5b5
7739,84.004592701,1.927913,34,v2,88000000ffffffffffffa8dd9f4dc5b5
7740,84.007725478,3.132777,34,v2,88000000ffffffffffffa8dd9f4dc5b5
7741,84.011943241,4.217763,30,v2,88000000ffffffffffffa8dd9f4dc5b5
7742,84.014788293,2.845052,34,v2,88000000ffffffffffffa8dd9f4dc5b5
7743,84.018074819,3.286526,34,v2,88000000ffffffffffffa8dd9f4dc5b5
7744,84.022366348,4.291529,34,v2,88000000ffffffffffffa8dd9f4dc5b5
7745,84.023981195,1.614847,34,v2,88000000ffffffffffffa8dd9f4dc5b5
7746,84.349047498,325.066303,30,v2,88000000ffffffffffffa8dd9f4dc5b5
7747,84.353803678,4.756180,34,v2,88000000ffffffffffffa8dd9f4dc5b5
7748,84.355199965,1.396287,30,v2,88000000ffffffffffffa8dd9f4dc5b5
7749,84.358165601,2.965636,34,v2,88000000ffffffffffffa8dd9f4dc5b5
7750,84.361212327,3.046726,30,v2,88000000ffffffffffffa8dd9f4dc5b5
7751,84.364537566,3.325239,30,v2,88000000ffffffffffffa8dd9f4dc5b5
7752,84.367514325,2.976759,30,v2,88000000ffffffffffffa8dd9f4dc5b5
7753,84.370409534,2.895209,30,v2,88000000ffffffffffffa8dd9f4dc5b5
7754,84.373389497,2.979963,34,v2,88000000ffffffffffffa8dd9f4dc5b5
7755,84.376681844,3.292347,34,v2,88000000ffffffffffffa8dd9f4dc5b5
7756,84.379723611,3.041767,34,v2,88000000ffffffffffffa8dd9f4dc5b5
7757,84.382832095,3.108484,30,v2,88000000ffffffffffffa8dd9f4dc5b5
7758,84.385822341,2.990246,30,v2,88000000ffffffffffffa8dd9f4dc5b5
7759,84.388726634,2.904293,34,v2,88000000ffffffffffffa8dd9f4dc5b5
7760,84.391693909,2.967275,34,v2,88000000ffffffffffffa8dd9f4dc5b5
7761,84.394791335,3.097426,34,v2,88000000ffffffffffffa8dd9f4dc5b5
7762,84.398393732,3.602397,34,v2,88000000ffffffffffffa8dd9f4dc5b5
7763,84.402000015,3.606283,30,v2,88000000ffffffffffffa8dd9f4dc5b5
7764,84.404980157,2.980142,34,v2,88000000ffffffffffffa8dd9f4dc5b5
7765,84.408053931,3.073774,30,v2,88000000ffffffffffffa8dd9f4dc5b5
7766,84.411062657,3.008726,34,v2,88000000ffffffffffffa8dd9f4dc5b5
7767,84.414356017,3.293360,34,v2,88000000ffffffffffffa8dd9f4dc5b5
7768,84.417242496,2.886479,30,v2,88000000ffffffffffffa8dd9f4dc5b5
7769,84.420343132,3.100636,34,v2,88000000ffffffffffffa8dd9f4dc5b5
7770,84.423133955,2.790823,34,v2,88000000ffffffffffffa8dd9f4dc5b5
7771,84.426403701,3.269746,34,v2,88000000ffffffffffffa8dd9f4dc5b5
7772,84.429654455,3.250754,34,v2,88000000ffffffffffffa8dd9f4dc5b5
7773,84.432573736,2.919281,30,v2,88000000ffffffffffffa8dd9f4dc5b5
7774,84.435818450,3.244714,34,v2,88000000ffffffffffffa8dd9f4dc5b5
7775,84.438632140,2.813690,34,v2,88000000ffffffffffffa8dd9f4dc5b5
7776,84.440699674,2.067534,30,v2,88000000ffffffffffffa8dd9f4dc5b5
7777,84.444663473,3.963799,30,v2,88000000ffffffffffffa8dd9f4dc5b5
7778,84.447824957,3.161484,34,v2,88000000ffffffffffffa8dd9f4dc5b5
7779,84.449765605,1.940648,30,v2,88000000ffffffffffffa8dd9f4dc5b5
7780,84.452981865,3.216260,30,v2,88000000ffffffffffffa8dd9f4dc5b5
7781,84.455829059,2.847194,34,v2,88000000ffffffffffffa8dd9f4dc5b5
7782,84.459744594,3.915535,34,v2,88000000ffffffffffffa8dd9f4dc5b5
7783,84.461856357,2.111763,30,v2,88000000ffffffffffffa8dd9f4dc5b5
7784,84.464833917,2.977560,34,v2,88000000ffffffffffffa8dd9f4dc5b5
7785,84.467943088,3.109171,30,v2,88000000ffffffffffffa8dd9f4dc5b5
7786,84.470918305,2.975217,30,v2,88000000ffffffffffffa8dd9f4dc5b5
7787,84.474031456,3.113151,34,v2,88000000ffffffffffffa8dd9f4dc5b5
7788,84.477368334,3.336878,34,v2,88000000ffffffffffffa8dd9f4dc5b5
7789,84.480295412,2.927078,30,v2,88000000ffffffffffffa8dd9f4dc5b5
7790,84.483444735,3.149323,34,v2,88000000ffffffffffffa8dd9f4dc5b5
7791,84.486588244,3.143509,30,v2,88000000ffffffffffffa8dd9f4dc5b5
7792,84.489365608,2.777364,30,v2,88000000ffffffffffffa8dd9f4dc5b5
7793,84.492408329,3.042721,34,v2,88000000ffffffffffffa8dd9f4dc5b5
7794,84.495401735,2.993406,30,v2,88000000ffffffffffffa8dd9f4dc5b5
7795,84.498414077,3.012342,30,v2,88000000ffffffffffffa8dd9f4dc5b5
7796,84.501726407,3.312330,34,v2,88000000ffffffffffffa8dd9f4dc5b5
7797,84.504614423,2.888016,30,v2,88000000ffffffffffffa8dd9f4dc5b5
7798,84.507621984,3.007561,34,v2,88000000ffffffffffffa8dd9f4dc5b5
7799,84.510673206,3.051222,34,v2,88000000ffffffffffffa8dd9f4dc5b5
7800,84.513667280,2.994074,30,v2,88000000ffffffffffffa8dd9f4dc5b5
7801,84.516952775,3.285495,34,v2,88000000ffffffffffffa8dd9f4dc5b5
7802,84.519764514,2.811739,34,v2,88000000ffffffffffffa8dd9f4dc5b5
7803,84.522672395,2.907881,30,v2,88000000ffffffffffffa8dd9f4dc5b5
7804,84.525863300,3.190905,30,v2,88000000ffffffffffffa8dd9f4dc5b5
7805,84.528920140,3.056840,34,v2,88000000ffffffffffffa8dd9f4dc5b5
7806,84.532972174,4.052034,34,v2,88000000ffffffffffffa8dd9f4dc5b5
7807,84.535970800,2.998626,34,v2,88000000ffffffffffffa8dd9f4dc5b5
7808,84.538922134,2.951334,30,v2,88000000ffffffffffffa8dd9f4dc5b5
7809,84.542265901,3.343767,34,v2,88000000ffffffffffffa8dd9f4dc5b5
7810,84.545116434,2.850533,30,v2,88000000ffffffffffffa8dd9f4dc5b5
7811,84.548175147,3.058713,34,v2,88000000ffffffffffffa8dd9f4dc5b5
7812,84.551396722,3.221575,34,v2,88000000ffffffffffffa8dd9f4dc5b5
7813,84.554959924,3.563202,34,v2,88000000ffffffffffffa8dd9f4dc5b5
7814,84.557447287,2.487363,34,v2,88000000ffffffffffffa8dd9f4dc5b5
7815,84.560392669,2.945382,30,v2,88000000ffffffffffffa8dd9f4dc5b5
7816,84.563374697,2.982028,34,v2,88000000ffffffffffffa8dd9f4dc5b5
7817,84.566705107,3.330410,30,v2,88000000ffffffffffffa8dd9f4dc5b5
7818,84.569823765,3.118658,34,v2,88000000ffffffffffffa8dd9f4dc5b5
7819,84.572791738,2.967973,34,v2,88000000ffffffffffffa8dd9f4dc5b5
7820,84.575718491,2.926753,30,v2,88000000ffffffffffffa8dd9f4dc5b5
7821,84.578630124,2.911633,30,v2,88000000ffffffffffffa8dd9f4dc5b5
7822,84.581615486,2.985362,30,v2,88000000ffffffffffffa8dd9f4dc5b5
7823,84.584622481,3.006995,30,v2,88000000ffffffffffffa8dd9f4dc5b5
7824,84.587750944,3.128463,34,v2,88000000ffffffffffffa8dd9f4dc5b5
7825,84.590907316,3.156372,34,v2,88000000ffffffffffffa8dd9f4dc5b5
7826,84.593838178,2.930862,34,v2,88000000ffffffffffffa8dd9f4dc5b5
7827,84.596816819,2.978641,30,v2,88000000ffffffffffffa8dd9f4dc5b5
7828,84.600030440,3.213621,34,v2,88000000ffffffffffffa8dd9f4dc5b5
7829,84.603026825,2.996385,30,v2,88000000ffffffffffffa8dd9f4dc5b5
7830,84.606042664,3.015839,30,v2,88000000ffffffffffffa8dd9f4dc5b5
7831,84.609075685,3.033021,34,v2,88000000ffffffffffffa8dd9f4dc5b5
7832,84.612420986,3.345301,34,v2,88000000ffffffffffffa8dd9f4dc5b5
7833,84.615211227,2.790241,30,v2,88000000ffffffffffffa8dd9f4dc5b5
7834,84.618458591,3.247364,30,v2,88000000ffffffffffffa8dd9f4dc5b5
7835,84.621450667,2.992076,34,v2,88000000ffffffffffffa8dd9f4dc5b5
7836,84.624447632,2.996965,34,v2,88000000ffffffffffffa8dd9f4dc5b5
7837,84.627541408,3.093776,30,v2,88000000ffffffffffffa8dd9f4dc5b5
7838,84.630600535,3.059127,34,v2,88000000ffffffffffffa8dd9f4dc5b5
7839,84.633699404,3.098869,30,v2,88000000ffffffffffffa8dd9f4dc5b5
7840,84.636810640,3.111236,34,v2,88000000ffffffffffffa8dd9f4dc5b5
7841,84.640199106,3.388466,34,v2,88000000ffffffffffffa8dd9f4dc5b5
7842,84.642713247,2.514141,34,v2,88000000ffffffffffffa8dd9f4dc5b5
7843,84.645651501,2.938254,34,v2,88000000ffffffffffffa8dd9f4dc5b5
7844,84.648704924,3.053423,34,v2,88000000ffffffffffffa8dd9f4dc5b5
7845,84.651845324,3.140400,34,v2,88000000ffffffffffffa8dd9f4dc5b5
7846,84.980197128,328.351804,30,v2,88000000ffffffffffffa8dd9f4dc5b5
7847,84.983079316,2.882188,34,v2,88000000ffffffffffffa8dd9f4dc5b5
7848,84.986009043,2.929727,34,v2,88000000ffffffffffffa8dd9f4dc5b5
7849,84.989080176,3.071133,30,v2,88000000ffffffffffffa8dd9f4dc5b5
7850,84.992024803,2.944627,34,v2,88000000ffffffffffffa8dd9f4dc5b5
7851,84.995315361,3.290558,34,v2,88000000ffffffffffffa8dd9f4dc5b5
7852,84.997288399,1.973038,34,v2,88000000ffffffffffffa8dd9f4dc5b5
7853,85.000284836,2.996437,30,v2,88000000ffffffffffffa8dd9f4dc5b5
7854,85.003431416,3.146580,34,v2,88000000ffffffffffffa8dd9f4dc5b5
7855,85.006499245,3.067829,30,v2,88000000ffffffffffffa8dd9f4dc5b5
7856,85.009471481,2.972236,30,v2,88000000ffffffffffffa8dd9f4dc5b5
7857,85.012616934,3.145453,30,v2,88000000ffffffffffffa8dd9f4dc5b5
7858,85.015480748,2.863814,34,v2,88000000ffffffffffffa8dd9f4dc5b5
7859,85.018526561,3.045813,30,v2,88000000ffffffffffffa8dd9f4dc5b5
7860,85.021513462,2.986901,34,v2,88000000ffffffffffffa8dd9f4dc5b5
7861,85.025559722,4.046260,34,v2,88000000ffffffffffffa8dd9f4dc5b5
7862,85.026647048,1.087326,30,v2,88000000ffffffffffffa8dd9f4dc5b5
7863,85.031144290,4.497242,30,v2,88000000ffffffffffffa8dd9f4dc5b5
7864,85.032755713,1.611423,30,v2,88000000ffffffffffffa8dd9f4dc5b5
7865,85.035801903,3.046190,34,v2,88000000ffffffffffffa8dd9f4dc5b5
7866,85.038840034,3.038131,30,v2,88000000ffffffffffffa8dd9f4dc5b5
7867,85.041855650,3.015616,30,v2,88000000ffffffffffffa8dd9f4dc5b5
7868,85.044940983,3.085333,34,v2,88000000ffffffffffffa8dd9f4dc5b5
7869,85.048019899,3.078916,30,v2,88000000ffffffffffffa8dd9f4dc5b5
7870,85.052100949,4.081050,34,v2,88000000ffffffffffffa8dd9f4dc5b5
7871,85.055469579,3.368630,34,v2,88000000ffffffffffffa8dd9f4dc5b5
7872,85.057227823,1.758244,30,v2,88000000ffffffffffffa8dd9f4dc5b5
7873,85.060580281,3.352458,30,v2,88000000ffffffffffffa8dd9f4dc5b5
7874,85.063204294,2.624013,30,v2,88000000ffffffffffffa8dd9f4dc5b5
7875,85.066505466,3.301172,34,v2,88000000ffffffffffffa8dd9f4dc5b5
7876,85.071278587,4.773121,34,v2,88000000ffffffffffffa8dd9f4dc5b5
7877,85.072364069,1.085482,34,v2,88000000ffffffffffffa8dd9f4dc5b5
7878,85.075550015,3.185946,30,v2,88000000ffffffffffffa8dd9f4dc5b5
7879,85.078593188,3.043173,30,v2,88000000ffffffffffffa8dd9f4dc5b5
7880,85.081593866,3.000678,30,v2,88000000ffffffffffffa8dd9f4dc5b5
7881,85.083848903,2.255037,30,v2,88000000ffffffffffffa8dd9f4dc5b5
7882,85.088180569,4.331666,34,v2,88000000ffffffffffffa8dd9f4dc5b5
7883,85.091467534,3.286965,30,v2,88000000ffffffffffffa8dd9f4dc5b5
7884,85.092690502,1.222968,30,v2,88000000ffffffffffffa8dd9f4dc5b5
7885,85.095706186,3.015684,34,v2,88000000ffffffffffffa8dd9f4dc5b5
7886,85.099321140,3.614954,30,v2,88000000ffffffffffffa8dd9f4dc5b5
7887,85.101864378,2.543238,34,v2,88000000ffffffffffffa8dd9f4dc5b5
7888,85.104830857,2.966479,30,v2,88000000ffffffffffffa8dd9f4dc5b5
7889,85.106877029,2.046172,30,v2,88000000ffffffffffffa8dd9f4dc5b5
7890,85.110021280,3.144251,30,v2,88000000ffffffffffffa8dd9f4dc5b5
7891,85.113115759,3.094479,30,v2,88000000ffffffffffffa8dd9f4dc5b5
7892,85.116330027,3.214268,30,v2,88000000ffffffffffffa8dd9f4dc5b5
7893,85.119367533,3.037506,34,v2,88000000ffffffffffffa8dd9f4dc5b5
7894,85.122241895,2.874362,34,v2,88000000ffffffffffffa8dd9f4dc5b5
7895,85.125212359,2.970464,30,v2,88000000ffffffffffffa8dd9f4dc5b5
7896,85.128445100,3.232741,34,v2,88000000ffffffffffffa8dd9f4dc5b5
7897,85.132253215,3.808115,30,v2,88000000ffffffffffffa8dd9f4dc5b5
7898,85.133290180,1.036965,34,v2,88000000ffffffffffffa8dd9f4dc5b5
7899,85.136519429,3.229249,30,v2,88000000ffffffffffffa8dd9f4dc5b5
7900,85.139610106,3.090677,30,v2,88000000ffffffffffffa8dd9f4dc5b5
7901,85.142504986,2.894880,34,v2,88000000ffffffffffffa8dd9f4dc5b5
7902,85.145686457,3.181471,34,v2,88000000ffffffffffffa8dd9f4dc5b5
7903,85.148711270,3.024813,30,v2,88000000ffffffffffffa8dd9f4dc5b5
7904,85.151806453,3.095183,34,v2,88000000ffffffffffffa8dd9f4dc5b5
7905,85.154826457,3.020004,34,v2,88000000ffffffffffffa8dd9f4dc5b5
7906,85.157902840,3.076383,30,v2,88000000ffffffffffffa8dd9f4dc5b5
7907,85.160818604,2.915764,34,v2,88000000ffffffffffffa8dd9f4dc5b5
7908,85.164810038,3.991434,30,v2,88000000ffffffffffffa8dd9f4dc5b5
7909,85.166049783,1.239745,34,v2,88000000ffffffffffffa8dd9f4dc5b5
7910,85.170003405,3.953622,34,v2,88000000ffffffffffffa8dd9f4dc5b5
7911,85.171847791,1.844386,34,v2,88000000ffffffffffffa8dd9f4dc5b5
7912,85.175086542,3.238751,30,v2,88000000ffffffffffffa8dd9f4dc5b5
7913,85.178285387,3.198845,34,v2,88000000ffffffffffffa8dd9f4dc5b5
7914,85.182341249,4.055862,30,v2,88000000ffffffffffffa8dd9f4dc5b5
7915,85.185266426,2.925177,30,v2,88000000ffffffffffffa8dd9f4dc5b5
7916,85.188352971,3.086545,34,v2,88000000ffffffffffffa8dd9f4dc5b5
7917,85.191202442,2.849471,30,v2,88000000ffffffffffffa8dd9f4dc5b5
7918,85.194704431,3.501989,34,v2,88000000ffffffffffffa8dd9f4dc5b5
7919,85.197499329,2.794898,30,v2,88000000ffffffffffffa8dd9f4dc5b5
7920,85.200355752,2.856423,30,v2,88000000ffffffffffffa8dd9f4dc5b5
7921,85.204037169,3.681417,30,v2,88000000ffffffffffffa8dd9f4dc5b5
7922,85.205632488,1.595319,34,v2,88000000ffffffffffffa8dd9f4dc5b5
7923,85.208601586,2.969098,30,v2,88000000ffffffffffffa8dd9f4dc5b5
7924,85.211672366,3.070780,30,v2,88000000ffffffffffffa8dd9f4dc5b5
7925,85.214582262,2.909896,34,v2,88000000ffffffffffffa8dd9f4dc5b5
7926,85.217691539,3.109277,30,v2,88000000ffffffffffffa8dd9f4dc5b5
7927,85.220778886,3.087347,30,v2,88000000ffffffffffffa8dd9f4dc5b5
7928,85.223755076,2.976190,34,v2,88000000ffffffffffffa8dd9f4dc5b5
7929,85.226757922,3.002846,30,v2,88000000ffffffffffffa8dd9f4dc5b5
7930,85.228843588,2.085666,30,v2,88000000ffffffffffffa8dd9f4dc5b5
7931,85.231941672,3.098084,34,v2,88000000ffffffffffffa8dd9f4dc5b5
7932,85.234971421,3.029749,30,v2,88000000ffffffffffffa8dd9f4dc5b5
7933,85.238015023,3.043602,30,v2,88000000ffffffffffffa8dd9f4dc5b5
7934,85.241021716,3.006693,34,v2,88000000ffffffffffffa8dd9f4dc5b5
7935,85.244382468,3.360752,30,v2,88000000ffffffffffffa8dd9f4dc5b5
7936,85.247115716,2.733248,30,v2,88000000ffffffffffffa8dd9f4dc5b5
7937,85.250244527,3.128811,34,v2,88000000ffffffffffffa8dd9f4dc5b5
7938,85.253329549,3.085022,30,v2,88000000ffffffffffffa8dd9f4dc5b5
7939,85.255255154,1.925605,30,v2,88000000ffffffffffffa8dd9f4dc5b5
7940,85.258282728,3.027574,30,v2,88000000ffffffffffffa8dd9f4dc5b5
7941,85.261613576,3.330848,34,v2,88000000ffffffffffffa8dd9f4dc5b5
7942,85.264514803,2.901227,30,v2,88000000ffffffffffffa8dd9f4dc5b5
7943,85.267617701,3.102898,30,v2,88000000ffffffffffffa8dd9f4dc5b5
7944,85.270771150,3.153449,30,v2,88000000ffffffffffffa8dd9f4dc5b5
7945,85.273838474,3.067324,34,v2,88000000ffffffffffffa8dd9f4dc5b5
7946,85.620419892,346.581418,34,v2,88000000ffffffffffffa8dd9f4dc5b5
7947,85.623967209,3.547317,34,v2,88000000ffffffffffffa8dd9f4dc5b5
7948,85.626334303,2.367094,34,v2,88000000ffffffffffffa8dd9f4dc5b5
7949,85.628709995,2.375692,30,v2,88000000ffffffffffffa8dd9f4dc5b5
7950,85.631440912,2.730917,30,v2,88000000ffffffffffffa8dd9f4dc5b5
7951,85.634486736,3.045824,30,v2,88000000ffffffffffffa8dd9f4dc5b5
7952,85.637416605,2.929869,34,v2,88000000ffffffffffffa8dd9f4dc5b5
7953,85.641039281,3.622676,34,v2,88000000ffffffffffffa8dd9f4dc5b5
7954,85.642590808,1.551527,30,v2,88000000ffffffffffffa8dd9f4dc5b5
7955,85.647275689,4.684881,34,v2,88000000ffffffffffffa8dd9f4dc5b5
7956,85.648409129,1.133440,34,v2,88000000ffffffffffffa8dd9f4dc5b5
7957,85.651704551,3.295422,30,v2,88000000ffffffffffffa8dd9f4dc5b5
7958,85.653803231,2.098680,34,v2,88000000ffffffffffffa8dd9f4dc5b5
7959,85.656635356,2.832125,30,v2,88000000ffffffffffffa8dd9f4dc5b5
7960,85.659665196,3.029840,30,v2,88000000ffffffffffffa8dd9f4dc5b5
7961,85.662735758,3.070562,30,v2,88000000ffffffffffffa8dd9f4dc5b5
7962,85.665632429,2.896671,30,v2,88000000ffffffffffffa8dd9f4dc5b5
7963,85.668748514,3.116085,34,v2,88000000ffffffffffffa8dd9f4dc5b5
7964,85.670785490,2.036976,34,v2,88000000ffffffffffffa8dd9f4dc5b5
7965,85.673791937,3.006447,30,v2,88000000ffffffffffffa8dd9f4dc5b5
7966,85.676844693,3.052756,30,v2,88000000ffffffffffffa8dd9f4dc5b5
7967,85.680043556,3.198863,30,v2,88000000ffffffffffffa8dd9f4dc5b5
7968,85.682064338,2.020782,34,v2,88000000ffffffffffffa8dd9f4dc5b5
7969,85.685267609,3.203271,30,v2,88000000ffffffffffffa8dd9f4dc5b5
7970,85.688468689,3.201080,34,v2,88000000ffffffffffffa8dd9f4dc5b5
7971,85.691081335,2.612646,30,v2,88000000ffffffffffffa8dd9f4dc5b5
7972,85.694140073,3.058738,30,v2,88000000ffffffffffffa8dd9f4dc5b5
7973,85.697788042,3.647969,30,v2,88000000ffffffffffffa8dd9f4dc5b5
7974,85.699247149,1.459107,30,v2,88000000ffffffffffffa8dd9f4dc5b5
7975,85.703557415,4.310266,34,v2,88000000ffffffffffffa8dd9f4dc5b5
7976,85.706390551,2.833136,30,v2,88000000ffffffffffffa8dd9f4dc5b5
7977,85.709600669,3.210118,34,v2,88000000ffffffffffffa8dd9f4dc5b5
7978,85.712589917,2.989248,34,v2,88000000ffffffffffffa8dd9f4dc5b5
7979,85.728759946,16.170029,99,v2,1c000000aadd9f4dc5b568b1cc040000
7980,85.730805565,2.045619,34,v2,88000000ffffffffffffa8dd9f4dc5b5
7981,85.733914326,3.108761,34,v2,88000000ffffffffffffa8dd9f4dc5b5
7982,85.736817650,2.903324,34,v2,88000000ffffffffffffa8dd9f4dc5b5
7983,85.738843435,2.025785,34,v2,88000000ffffffffffffa8dd9f4dc5b5
7984,85.742009639,3.166204,34,v2,88000000ffffffffffffa8dd9f4dc5b5
7985,85.745025307,3.015668,34,v2,88000000ffffffffffffa8dd9f4dc5b5
7986,85.748035944,3.010637,34,v2,88000000ffffffffffffa8dd9f4dc5b5
7987,85.750291110,2.255166,34,v2,88000000ffffffffffffa8dd9f4dc5b5
7988,85.753353811,3.062701,34,v2,88000000ffffffffffffa8dd9f4dc5b5
7989,85.756203722,2.849911,34,v2,88000000ffffffffffffa8dd9f4dc5b5
7990,85.759164218,2.960496,34,v2,88000000ffffffffffffa8dd9f4dc5b5
7991,85.762284046,3.119828,34,v2,88000000ffffffffffffa8dd9f4dc5b5
7992,85.765340393,3.056347,34,v2,88000000ffffffffffffa8dd9f4dc5b5
7993,85.769219143,3.878750,34,v2,88000000ffffffffffffa8dd9f4dc5b5
7994,85.770357086,1.137943,34,v2,88000000ffffffffffffa8dd9f4dc5b5
7995,85.774163216,3.806130,34,v2,88000000ffffffffffffa8dd9f4dc5b5
7996,85.781597574,7.434358,34,v2,88000000ffffffffffffa8dd9f4dc5b5
7997,85.784538548,2.940974,34,v2,88000000ffffffffffffa8dd9f4dc5b5
7998,85.787631105,3.092557,34,v2,88000000ffffffffffffa8dd9f4dc5b5
7999,85.790700400,3.069295,34,v2,88000000ffffffffffffa8dd9f4dc5b5
8000,85.792688755,1.988355,34,v2,88000000ffffffffffffa8dd9f4dc5b5
8001,85.795782485,3.093730,34,v2,88000000ffffffffffffa8dd9f4dc5b5
8002,85.798847551,3.065066,34,v2,88000000ffffffffffffa8dd9f4dc5b5
8003,85.801937666,3.090115,34,v2,88000000ffffffffffffa8dd9f4dc5b5
8004,85.805031813,3.094147,34,v2,88000000ffffffffffffa8dd9f4dc5b5
8005,85.809858742,4.826929,34,v2,88000000ffffffffffffa8dd9f4dc5b5
8006,85.811094666,1.235924,34,v2,88000000ffffffffffffa8dd9f4dc5b5
8007,85.813039948,1.945282,34,v2,88000000ffffffffffffa8dd9f4dc5b5
8008,85.816338370,3.298422,34,v2,88000000ffffffffffffa8dd9f4dc5b5
8009,85.819179412,2.841042,34,v2,88000000ffffffffffffa8dd9f4dc5b5
8010,85.822173585,2.994173,34,v2,88000000ffffffffffffa8dd9f4dc5b5
8011,85.824261130,2.087545,34,v2,88000000ffffffffffffa8dd9f4dc5b5
8012,85.828354310,4.093180,34,v2,88000000ffffffffffffa8dd9f4dc5b5
8013,85.830325208,1.970898,34,v2,88000000ffffffffffffa8dd9f4dc5b5
8014,85.834617313,4.292105,34,v2,88000000ffffffffffffa8dd9f4dc5b5
8015,85.837349933,2.732620,34,v2,88000000ffffffffffffa8dd9f4dc5b5
8016,85.843794591,6.444658,34,v2,88000000ffffffffffffa8dd9f4dc5b5
8017,85.845533719,1.739128,34,v2,88000000ffffffffffffa8dd9f4dc5b5
8018,85.849172475,3.638756,34,v2,88000000ffffffffffffa8dd9f4dc5b5
8019,85.850740293,1.567818,34,v2,88000000ffffffffffffa8dd9f4dc5b5
8020,85.855611546,4.871253,34,v2,88000000ffffffffffffa8dd9f4dc5b5
8021,85.856705863,1.094317,34,v2,88000000ffffffffffffa8dd9f4dc5b5
8022,85.859764427,3.058564,34,v2,88000000ffffffffffffa8dd9f4dc5b5
8023,85.865701607,5.937180,34,v2,88000000ffffffffffffa8dd9f4dc5b5
8024,85.867944456,2.242849,34,v2,88000000ffffffffffffa8dd9f4dc5b5
8025,85.870993891,3.049435,34,v2,88000000ffffffffffffa8dd9f4dc5b5
8026,85.874222032,3.228141,34,v2,88000000ffffffffffffa8dd9f4dc5b5
8027,85.877317737,3.095705,34,v2,88000000ffffffffffffa8dd9f4dc5b5
8028,85.879267211,1.949474,34,v2,88000000ffffffffffffa8dd9f4dc5b5
8029,85.882225196,2.957985,34,v2,88000000ffffffffffffa8dd9f4dc5b5
8030,85.885343171,3.117975,34,v2,88000000ffffffffffffa8dd9f4dc5b5
8031,85.888477414,3.134243,34,v2,88000000ffffffffffffa8dd9f4dc5b5
8032,85.891363218,2.885804,34,v2,88000000ffffffffffffa8dd9f4dc5b5
8033,85.893326252,1.963034,34,v2,88000000ffffffffffffa8dd9f4dc5b5
8034,85.896690215,3.363963,34,v2,88000000ffffffffffffa8dd9f4dc5b5
8035,85.899474029,2.783814,34,v2,88000000ffffffffffffa8dd9f4dc5b5
8036,85.902666029,3.192000,34,v2,88000000ffffffffffffa8dd9f4dc5b5
8037,85.904616780,1.950751,34,v2,88000000ffffffffffffa8dd9f4dc5b5
8038,85.907901502,3.284722,34,v2,88000000ffffffffffffa8dd9f4dc5b5
8039,85.910680345,2.778843,34,v2,88000000ffffffffffffa8dd9f4dc5b5
8040,86.237035531,326.355186,34,v2,88000000ffffffffffffa8dd9f4dc5b5
8041,86.238776922,1.741391,34,v2,88000000ffffffffffffa8dd9f4dc5b5
8042,86.242002056,3.225134,34,v2,88000000ffffffffffffa8dd9f4dc5b5
8043,86.245059453,3.057397,34,v2,88000000ffffffffffffa8dd9f4dc5b5
8044,86.246973625,1.914172,34,v2,88000000ffffffffffffa8dd9f4dc5b5
8045,86.249972015,2.998390,34,v2,88000000ffffffffffffa8dd9f4dc5b5
8046,86.253154686,3.182671,34,v2,88000000ffffffffffffa8dd9f4dc5b5
8047,86.255102324,1.947638,34,v2,88000000ffffffffffffa8dd9f4dc5b5
8048,86.258167249,3.064925,34,v2,88000000ffffffffffffa8dd9f4dc5b5
8049,86.261123341,2.956092,34,v2,88000000ffffffffffffa8dd9f4dc5b5
8050,86.264122440,2.999099,34,v2,88000000ffffffffffffa8dd9f4dc5b5
8051,86.266290622,2.168182,34,v2,88000000ffffffffffffa8dd9f4dc5b5
8052,86.269312433,3.021811,34,v2,88000000ffffffffffffa8dd9f4dc5b5
8053,86.272293918,2.981485,34,v2,88000000ffffffffffffa8dd9f4dc5b5
8054,86.274393320,2.099402,34,v2,88000000ffffffffffffa8dd9f4dc5b5
8055,86.277357348,2.964028,34,v2,88000000ffffffffffffa8dd9f4dc5b5
8056,86.279341911,1.984563,34,v2,88000000ffffffffffffa8dd9f4dc5b5
8057,86.282740899,3.398988,34,v2,88000000ffffffffffffa8dd9f4dc5b5
8058,86.285707733,2.966834,34,v2,88000000ffffffffffffa8dd9f4dc5b5
8059,86.288478286,2.770553,34,v2,88000000ffffffffffffa8dd9f4dc5b5
8060,86.290548088,2.069802,34,v2,88000000ffffffffffffa8dd9f4dc5b5
8061,86.293591555,3.043467,34,v2,88000000ffffffffffffa8dd9f4dc5b5
8062,86.296538537,2.946982,34,v2,88000000ffffffffffffa8dd9f4dc5b5
8063,86.298717666,2.179129,34,v2,88000000ffffffffffffa8dd9f4dc5b5
8064,86.301758895,3.041229,34,v2,88000000ffffffffffffa8dd9f4dc5b5
8065,86.304773583,3.014688,34,v2,88000000ffffffffffffa8dd9f4dc5b5
8066,86.306772032,1.998449,34,v2,88000000ffffffffffffa8dd9f4dc5b5
8067,86.309917792,3.145760,34,v2,88000000ffffffffffffa8dd9f4dc5b5
8068,86.313621214,3.703422,34,v2,88000000ffffffffffffa8dd9f4dc5b5
8069,86.316268595,2.647381,34,v2,88000000ffffffffffffa8dd9f4dc5b5
8070,86.318120104,1.851509,34,v2,88000000ffffffffffffa8dd9f4dc5b5
8071,86.321289674,3.169570,34,v2,88000000ffffffffffffa8dd9f4dc5b5
8072,86.324343332,3.053658,34,v2,88000000ffffffffffffa8dd9f4dc5b5
8073,86.326182988,1.839656,34,v2,88000000ffffffffffffa8dd9f4dc5b5
8074,86.329194926,3.011938,34,v2,88000000ffffffffffffa8dd9f4dc5b5
8075,86.338060929,8.866003,34,v2,88000000ffffffffffffa8dd9f4dc5b5
8076,86.340339714,2.278785,34,v2,88000000ffffffffffffa8dd9f4dc5b5
8077,86.342384638,2.044924,34,v2,88000000ffffffffffffa8dd9f4dc5b5
8078,86.345485724,3.101086,34,v2,88000000ffffffffffffa8dd9f4dc5b5
8079,86.348525949,3.040225,34,v2,88000000ffffffffffffa8dd9f4dc5b5
8080,86.352729687,4.203738,34,v2,88000000ffffffffffffa8dd9f4dc5b5
8081,86.354576901,1.847214,34,v2,88000000ffffffffffffa8dd9f4dc5b5
8082,86.357609024,3.032123,34,v2,88000000ffffffffffffa8dd9f4dc5b5
8083,86.360652338,3.043314,34,v2,88000000ffffffffffffa8dd9f4dc5b5
8084,86.362765851,2.113513,34,v2,88000000ffffffffffffa8dd9f4dc5b5
8085,86.365821449,3.055598,34,v2,88000000ffffffffffffa8dd9f4dc5b5
8086,86.368832377,3.010928,34,v2,88000000ffffffffffffa8dd9f4dc5b5
8087,86.370819602,1.987225,34,v2,88000000ffffffffffffa8dd9f4dc5b5
8088,86.373965056,3.145454,34,v2,88000000ffffffffffffa8dd9f4dc5b5
8089,86.377109690,3.144634,34,v2,88000000ffffffffffffa8dd9f4dc5b5
8090,86.379974734,2.865044,34,v2,88000000ffffffffffffa8dd9f4dc5b5
8091,86.381972403,1.997669,34,v2,88000000ffffffffffffa8dd9f4dc5b5
8092,86.385098684,3.126281,34,v2,88000000ffffffffffffa8dd9f4dc5b5
8093,86.387126615,2.027931,34,v2,88000000ffffffffffffa8dd9f4dc5b5
8094,86.390166036,3.039421,34,v2,88000000ffffffffffffa8dd9f4dc5b5
8095,86.393177376,3.011340,34,v2,88000000ffffffffffffa8dd9f4dc5b5
8096,86.395430962,2.253586,34,v2,88000000ffffffffffffa8dd9f4dc5b5
8097,86.399131035,3.700073,34,v2,88000000ffffffffffffa8dd9f4dc5b5
8098,86.403123147,3.992112,34,v2,88000000ffffffffffffa8dd9f4dc5b5
8099,86.404364475,1.241328,34,v2,88000000ffffffffffffa8dd9f4dc5b5
8100,86.406384346,2.019871,34,v2,88000000ffffffffffffa8dd9f4dc5b5
8101,86.409629599,3.245253,34,v2,88000000ffffffffffffa8dd9f4dc5b5
8102,86.412506837,2.877238,34,v2,88000000ffffffffffffa8dd9f4dc5b5
8103,86.414684157,2.177320,34,v2,88000000ffffffffffffa8dd9f4dc5b5
8104,86.417675378,2.991221,34,v2,88000000ffffffffffffa8dd9f4dc5b5
8105,86.420604869,2.929491,34,v2,88000000ffffffffffffa8dd9f4dc5b5
8106,86.422712965,2.108096,34,v2,88000000ffffffffffffa8dd9f4dc5b5
8107,86.425817563,3.104598,34,v2,88000000ffffffffffffa8dd9f4dc5b5
8108,86.428792546,2.974983,34,v2,88000000ffffffffffffa8dd9f4dc5b5
8109,86.431847215,3.054669,34,v2,88000000ffffffffffffa8dd9f4dc5b5
8110,86.434126316,2.279101,34,v2,88000000ffffffffffffa8dd9f4dc5b5
8111,86.437026823,2.900507,34,v2,88000000ffffffffffffa8dd9f4dc5b5
8112,86.440046409,3.019586,34,v2,88000000ffffffffffffa8dd9f4dc5b5
8113,86.443000068,2.953659,34,v2,88000000ffffffffffffa8dd9f4dc5b5
8114,86.445041630,2.041562,34,v2,88000000ffffffffffffa8dd9f4dc5b5
8115,86.448294769,3.253139,34,v2,88000000ffffffffffffa8dd9f4dc5b5
8116,86.451109946,2.815177,34,v2,88000000ffffffffffffa8dd9f4dc5b5
8117,86.453440679,2.330733,34,v2,88000000ffffffffffffa8dd9f4dc5b5
8118,86.456243105,2.802426,34,v2,88000000ffffffffffffa8dd9f4dc5b5
8119,86.459231039,2.987934,34,v2,88000000ffffffffffffa8dd9f4dc5b5
8120,86.461250244,2.019205,34,v2,88000000ffffffffffffa8dd9f4dc5b5
8121,86.464437722,3.187478,34,v2,88000000ffffffffffffa8dd9f4dc5b5
8122,86.467444411,3.006689,34,v2,88000000ffffffffffffa8dd9f4dc5b5
8123,86.469469747,2.025336,34,v2,88000000ffffffffffffa8dd9f4dc5b5
8124,86.472402556,2.932809,34,v2,88000000ffffffffffffa8dd9f4dc5b5
8125,86.475669450,3.266894,34,v2,88000000ffffffffffffa8dd9f4dc5b5
8126,86.478587220,2.917770,34,v2,88000000ffffffffffffa8dd9f4dc5b5
8127,86.480463357,1.876137,34,v2,88000000ffffffffffffa8dd9f4dc5b5
8128,86.484652351,4.188994,34,v2,88000000ffffffffffffa8dd9f4dc5b5
8129,86.487562856,2.910505,34,v2,88000000ffffffffffffa8dd9f4dc5b5
8130,86.489655565,2.092709,34,v2,88000000ffffffffffffa8dd9f4dc5b5
8131,86.492672123,3.016558,34,v2,88000000ffffffffffffa8dd9f4dc5b5
8132,86.495788887,3.116764,34,v2,88000000ffffffffffffa8dd9f4dc5b5
8133,86.497966855,2.177968,34,v2,88000000ffffffffffffa8dd9f4dc5b5
8134,86.500967379,3.000524,34,v2,88000000ffffffffffffa8dd9f4dc5b5
8135,86.504019670,3.052291,34,v2,88000000ffffffffffffa8dd9f4dc5b5
8136,86.506023466,2.003796,34,v2,88000000ffffffffffffa8dd9f4dc5b5
8137,86.509100352,3.076886,34,v2,88000000ffffffffffffa8dd9f4dc5b5
8138,86.847668640,338.568288,34,v2,88000000ffffffffffffa8dd9f4dc5b5
8139,86.850635030,2.966390,34,v2,88000000ffffffffffffa8dd9f4dc5b5
8140,86.852387512,1.752482,34,v2,88000000ffffffffffffa8dd9f4dc5b5
8141,86.856176660,3.789148,34,v2,88000000ffffffffffffa8dd9f4dc5b5
8142,86.858547933,2.371273,34,v2,88000000ffffffffffffa8dd9f4dc5b5
8143,86.860951987,2.404054,34,v2,88000000ffffffffffffa8dd9f4dc5b5
8144,86.863755755,2.803768,34,v2,88000000ffffffffffffa8dd9f4dc5b5
8145,86.866033110,2.277355,34,v2,88000000ffffffffffffa8dd9f4dc5b5
8146,86.868739286,2.706176,34,v2,88000000ffffffffffffa8dd9f4dc5b5
8147,86.870838191,2.098905,34,v2,88000000ffffffffffffa8dd9f4dc5b5
8148,86.874744958,3.906767,34,v2,88000000ffffffffffffa8dd9f4dc5b5
8149,86.877942045,3.197087,34,v2,88000000ffffffffffffa8dd9f4dc5b5
8150,86.880697182,2.755137,34,v2,88000000ffffffffffffa8dd9f4dc5b5
8151,86.882892494,2.195312,34,v2,88000000ffffffffffffa8dd9f4dc5b5
8152,86.885185604,2.293110,34,v2,88000000ffffffffffffa8dd9f4dc5b5
8153,86.889973732,4.788128,34,v2,88000000ffffffffffffa8dd9f4dc5b5
8154,86.891003922,1.030190,34,v2,88000000ffffffffffffa8dd9f4dc5b5
8155,86.893092520,2.088598,34,v2,88000000ffffffffffffa8dd9f4dc5b5
8156,86.896677140,3.584620,34,v2,88000000ffffffffffffa8dd9f4dc5b5
8157,86.898784760,2.107620,34,v2,88000000ffffffffffffa8dd9f4dc5b5
8158,86.901272009,2.487249,34,v2,88000000ffffffffffffa8dd9f4dc5b5
8159,86.903938017,2.666008,34,v2,88000000ffffffffffffa8dd9f4dc5b5
8160,86.907674279,3.736262,34,v2,88000000ffffffffffffa8dd9f4dc5b5
8161,86.909403792,1.729513,34,v2,88000000ffffffffffffa8dd9f4dc5b5
8162,86.911296545,1.892753,34,v2,88000000ffffffffffffa8dd9f4dc5b5
8163,86.914347536,3.050991,34,v2,88000000ffffffffffffa8dd9f4dc5b5
8164,86.917954028,3.606492,34,v2,88000000ffffffffffffa8dd9f4dc5b5
8165,86.919563337,1.609309,34,v2,88000000ffffffffffffa8dd9f4dc5b5
8166,86.922708309,3.144972,34,v2,88000000ffffffffffffa8dd9f4dc5b5
8167,86.924505580,1.797271,34,v2,88000000ffffffffffffa8dd9f4dc5b5
8168,86.927694235,3.188655,34,v2,88000000ffffffffffffa8dd9f4dc5b5
8169,86.930500156,2.805921,34,v2,88000000ffffffffffffa8dd9f4dc5b5
8170,86.934435852,3.935696,34,v2,88000000ffffffffffffa8dd9f4dc5b5
8171,86.935631663,1.195811,34,v2,88000000ffffffffffffa8dd9f4dc5b5
8172,86.937818314,2.186651,34,v2,88000000ffffffffffffa8dd9f4dc5b5
8173,86.941087469,3.269155,34,v2,88000000ffffffffffffa8dd9f4dc5b5
8174,86.942922747,1.835278,34,v2,88000000ffffffffffffa8dd9f4dc5b5
8175,86.945950088,3.027341,34,v2,88000000ffffffffffffa8dd9f4dc5b5
8176,86.948207793,2.257705,34,v2,88000000ffffffffffffa8dd9f4dc5b5
8177,86.953036570,4.828777,34,v2,88000000ffffffffffffa8dd9f4dc5b5
8178,86.957836166,4.799596,34,v2,88000000ffffffffffffa8dd9f4dc5b5
8179,86.960974584,3.138418,34,v2,88000000ffffffffffffa8dd9f4dc5b5
8180,86.962552587,1.578003,34,v2,88000000ffffffffffffa8dd9f4dc5b5
8181,86.964159228,1.606641,34,v2,88000000ffffffffffffa8dd9f4dc5b5
8182,86.969785676,5.626448,34,v2,88000000ffffffffffffa8dd9f4dc5b5
8183,86.972312999,2.527323,34,v2,88000000ffffffffffffa8dd9f4dc5b5
8184,86.974352173,2.039174,34,v2,88000000ffffffffffffa8dd9f4dc5b5
8185,86.977497281,3.145108,34,v2,88000000ffffffffffffa8dd9f4dc5b5
8186,86.980412813,2.915532,34,v2,88000000ffffffffffffa8dd9f4dc5b5
8187,86.982476997,2.064184,34,v2,88000000ffffffffffffa8dd9f4dc5b5
8188,86.985465776,2.988779,34,v2,88000000ffffffffffffa8dd9f4dc5b5
8189,86.987487587,2.021811,34,v2,88000000ffffffffffffa8dd9f4dc5b5
8190,86.990536327,3.048740,34,v2,88000000ffffffffffffa8dd9f4dc5b5
8191,86.993512408,2.976081,34,v2,88000000ffffffffffffa8dd9f4dc5b5
8192,86.995663156,2.150748,34,v2,88000000ffffffffffffa8dd9f4dc5b5
8193,86.998641889,2.978733,34,v2,88000000ffffffffffffa8dd9f4dc5b5
8194,87.000633859,1.991970,34,v2,88000000ffffffffffffa8dd9f4dc5b5
8195,87.004820608,4.186749,34,v2,88000000ffffffffffffa8dd9f4dc5b5
8196,87.008219938,3.399330,34,v2,88000000ffffffffffffa8dd9f4dc5b5
8197,87.009896836,1.676898,34,v2,88000000ffffffffffffa8dd9f4dc5b5
8198,87.013016476,3.119640,34,v2,88000000ffffffffffffa8dd9f4dc5b5
8199,87.015049409,2.032933,34,v2,88000000ffffffffffffa8dd9f4dc5b5
8200,87.018335114,3.285705,34,v2,88000000ffffffffffffa8dd9f4dc5b5
8201,87.021259403,2.924289,34,v2,88000000ffffffffffffa8dd9f4dc5b5
8202,87.023119787,1.860384,34,v2,88000000ffffffffffffa8dd9f4dc5b5
8203,87.026253416,3.133629,34,v2,88000000ffffffffffffa8dd9f4dc5b5
8204,87.029280362,3.026946,34,v2,88000000ffffffffffffa8dd9f4dc5b5
8205,87.031565506,2.285144,34,v2,88000000ffffffffffffa8dd9f4dc5b5
8206,87.034317726,2.752220,34,v2,88000000ffffffffffffa8dd9f4dc5b5
8207,87.036395151,2.077425,34,v2,88000000ffffffffffffa8dd9f4dc5b5
8208,87.039618867,3.223716,34,v2,88000000ffffffffffffa8dd9f4dc5b5
8209,87.041526925,1.908058,34,v2,88000000ffffffffffffa8dd9f4dc5b5
8210,87.044500979,2.974054,34,v2,88000000ffffffffffffa8dd9f4dc5b5
8211,87.047546800,3.045821,34,v2,88000000ffffffffffffa8dd9f4dc5b5
8212,87.049506736,1.959936,34,v2,88000000ffffffffffffa8dd9f4dc5b5
8213,87.052780987,3.274251,34,v2,88000000ffffffffffffa8dd9f4dc5b5
8214,87.054725782,1.944795,34,v2,88000000ffffffffffffa8dd9f4dc5b5
8215,87.057628640,2.902858,34,v2,88000000ffffffffffffa8dd9f4dc5b5
8216,87.059750684,2.122044,34,v2,88000000ffffffffffffa8dd9f4dc5b5
8217,87.062872289,3.121605,34,v2,88000000ffffffffffffa8dd9f4dc5b5
8218,87.065918470,3.046181,34,v2,88000000ffffffffffffa8dd9f4dc5b5
8219,87.068020090,2.101620,34,v2,88000000ffffffffffffa8dd9f4dc5b5
8220,87.071050175,3.030085,34,v2,88000000ffffffffffffa8dd9f4dc5b5
8221,87.074037452,2.987277,34,v2,88000000ffffffffffffa8dd9f4dc5b5
8222,87.076079541,2.042089,34,v2,88000000ffffffffffffa8dd9f4dc5b5
8223,87.078973728,2.894187,34,v2,88000000ffffffffffffa8dd9f4dc5b5
8224,87.081086285,2.112557,34,v2,88000000ffffffffffffa8dd9f4dc5b5
8225,87.084097520,3.011235,34,v2,88000000ffffffffffffa8dd9f4dc5b5
8226,87.086069669,1.972149,34,v2,88000000ffffffffffffa8dd9f4dc5b5
8227,87.089348315,3.278646,34,v2,88000000ffffffffffffa8dd9f4dc5b5
8228,87.092171270,2.822955,34,v2,88000000ffffffffffffa8dd9f4dc5b5
8229,87.094119856,1.948586,34,v2,88000000ffffffffffffa8dd9f4dc5b5
8230,87.097388933,3.269077,34,v2,88000000ffffffffffffa8dd9f4dc5b5
8231,87.099488237,2.099304,34,v2,88000000ffffffffffffa8dd9f4dc5b5
8232,87.102725684,3.237447,34,v2,88000000ffffffffffffa8dd9f4dc5b5
8233,87.105525647,2.799963,34,v2,88000000ffffffffffffa8dd9f4dc5b5
8234,87.107379760,1.854113,34,v2,88000000ffffffffffffa8dd9f4dc5b5
8235,87.110680027,3.300267,34,v2,88000000ffffffffffffa8dd9f4dc5b5
8236,87.456142865,345.462838,34,v2,88000000ffffffffffffa8dd9f4dc5b5
8237,87.457953480,1.810615,34,v2,88000000ffffffffffffa8dd9f4dc5b5
8238,87.461047135,3.093655,34,v2,88000000ffffffffffffa8dd9f4dc5b5
8239,87.463083021,2.035886,34,v2,88000000ffffffffffffa8dd9f4dc5b5
8240,87.465971155,2.888134,34,v2,88000000ffffffffffffa8dd9f4dc5b5
8241,87.468092282,2.121127,34,v2,88000000ffffffffffffa8dd9f4dc5b5
8242,87.471273423,3.181141,34,v2,88000000ffffffffffffa8dd9f4dc5b5
8243,87.473129252,1.855829,34,v2,88000000ffffffffffffa8dd9f4dc5b5
8244,87.479811229,6.681977,34,v2,88000000ffffffffffffa8dd9f4dc5b5
8245,87.481339522,1.528293,34,v2,88000000ffffffffffffa8dd9f4dc5b5
8246,87.483379374,2.039852,34,v2,88000000ffffffffffffa8dd9f4dc5b5
8247,87.486683788,3.304414,34,v2,88000000ffffffffffffa8dd9f4dc5b5
8248,87.488485753,1.801965,34,v2,88000000ffffffffffffa8dd9f4dc5b5
8249,87.491745659,3.259906,34,v2,88000000ffffffffffffa8dd9f4dc5b5
8250,87.493547315,1.801656,34,v2,88000000ffffffffffffa8dd9f4dc5b5
8251,87.496500274,2.952959,34,v2,88000000ffffffffffffa8dd9f4dc5b5
8252,87.498514792,2.014518,34,v2,88000000ffffffffffffa8dd9f4dc5b5
8253,87.501531464,3.016672,34,v2,88000000ffffffffffffa8dd9f4dc5b5
8254,87.503541656,2.010192,34,v2,88000000ffffffffffffa8dd9f4dc5b5
8255,87.506623748,3.082092,34,v2,88000000ffffffffffffa8dd9f4dc5b5
8256,87.508681983,2.058235,34,v2,88000000ffffffffffffa8dd9f4dc5b5
8257,87.511825291,3.143308,34,v2,88000000ffffffffffffa8dd9f4dc5b5
8258,87.513865873,2.040582,34,v2,88000000ffffffffffffa8dd9f4dc5b5
8259,87.516812779,2.946906,34,v2,88000000ffffffffffffa8dd9f4dc5b5
8260,87.518876413,2.063634,34,v2,88000000ffffffffffffa8dd9f4dc5b5
8261,87.523164087,4.287674,34,v2,88000000ffffffffffffa8dd9f4dc5b5
8262,87.524919543,1.755456,34,v2,88000000ffffffffffffa8dd9f4dc5b5
8263,87.528156548,3.237005,34,v2,88000000ffffffffffffa8dd9f4dc5b5
8264,87.530130092,1.973544,34,v2,88000000ffffffffffffa8dd9f4dc5b5
8265,87.532133507,2.003415,34,v2,88000000ffffffffffffa8dd9f4dc5b5
8266,87.535546314,3.412807,34,v2,88000000ffffffffffffa8dd9f4dc5b5
8267,87.541040784,5.494470,34,v2,88000000ffffffffffffa8dd9f4dc5b5
8268,87.543359164,2.318380,34,v2,88000000ffffffffffffa8dd9f4dc5b5
8269,87.545387887,2.028723,34,v2,88000000ffffffffffffa8dd9f4dc5b5
8270,87.548507342,3.119455,34,v2,88000000ffffffffffffa8dd9f4dc5b5
8271,87.550358498,1.851156,34,v2,88000000ffffffffffffa8dd9f4dc5b5
8272,87.553463948,3.105450,34,v2,88000000ffffffffffffa8dd9f4dc5b5
8273,87.555604020,2.140072,34,v2,88000000ffffffffffffa8dd9f4dc5b5
8274,87.558688357,3.084337,34,v2,88000000ffffffffffffa8dd9f4dc5b5
8275,87.560583204,1.894847,34,v2,88000000ffffffffffffa8dd9f4dc5b5
8276,87.562690708,2.107504,34,v2,88000000ffffffffffffa8dd9f4dc5b5
8277,87.565631074,2.940366,34,v2,88000000ffffffffffffa8dd9f4dc5b5
8278,87.568638567,3.007493,34,v2,88000000ffffffffffffa8dd9f4dc5b5
8279,87.570608002,1.969435,34,v2,88000000ffffffffffffa8dd9f4dc5b5
8280,87.573708135,3.100133,34,v2,88000000ffffffffffffa8dd9f4dc5b5
8281,87.575664848,1.956713,34,v2,88000000ffffffffffffa8dd9f4dc5b5
8282,87.577718586,2.053738,34,v2,88000000ffffffffffffa8dd9f4dc5b5
8283,87.580860812,3.142226,34,v2,88000000ffffffffffffa8dd9f4dc5b5
8284,87.582858454,1.997642,34,v2,88000000ffffffffffffa8dd9f4dc5b5
8285,87.585940741,3.082287,34,v2,88000000ffffffffffffa8dd9f4dc5b5
8286,87.589116914,3.176173,34,v2,88000000ffffffffffffa8dd9f4dc5b5
8287,87.590980843,1.863929,34,v2,88000000ffffffffffffa8dd9f4dc5b5
8288,87.593059032,2.078189,34,v2,88000000ffffffffffffa8dd9f4dc5b5
8289,87.596169289,3.110257,34,v2,88000000ffffffffffffa8dd9f4dc5b5
8290,87.598254032,2.084743,34,v2,88000000ffffffffffffa8dd9f4dc5b5
8291,87.601252795,2.998763,34,v2,88000000ffffffffffffa8dd9f4dc5b5
8292,87.604320556,3.067761,34,v2,88000000ffffffffffffa8dd9f4dc5b5
8293,87.606234054,1.913498,34,v2,88000000ffffffffffffa8dd9f4dc5b5
8294,87.609219111,2.985057,34,v2,88000000ffffffffffffa8dd9f4dc5b5
8295,87.611217123,1.998012,34,v2,88000000ffffffffffffa8dd9f4dc5b5
8296,87.614575394,3.358271,34,v2,88000000ffffffffffffa8dd9f4dc5b5
8297,87.616449670,1.874276,34,v2,88000000ffffffffffffa8dd9f4dc5b5
8298,87.619711439,3.261769,34,v2,88000000ffffffffffffa8dd9f4dc5b5
8299,87.621572235,1.860796,34,v2,88000000ffffffffffffa8dd9f4dc5b5
8300,87.624471600,2.899365,34,v2,88000000ffffffffffffa8dd9f4dc5b5
8301,87.626564003,2.092403,34,v2,88000000ffffffffffffa8dd9f4dc5b5
8302,87.629641106,3.077103,34,v2,88000000ffffffffffffa8dd9f4dc5b5
8303,87.631769643,2.128537,34,v2,88000000ffffffffffffa8dd9f4dc5b5
8304,87.634674223,2.904580,34,v2,88000000ffffffffffffa8dd9f4dc5b5
8305,87.636790256,2.116033,34,v2,88000000ffffffffffffa8dd9f4dc5b5
8306,87.638992370,2.202114,34,v2,88000000ffffffffffffa8dd9f4dc5b5
8307,87.641814053,2.821683,34,v2,88000000ffffffffffffa8dd9f4dc5b5
8308,87.644933569,3.119516,34,v2,88000000ffffffffffffa8dd9f4dc5b5
8309,87.647057046,2.123477,34,v2,88000000ffffffffffffa8dd9f4dc5b5
8310,87.649995854,2.938808,34,v2,88000000ffffffffffffa8dd9f4dc5b5
8311,87.653080906,3.085052,34,v2,88000000ffffffffffffa8dd9f4dc5b5
8312,87.655158659,2.077753,34,v2,88000000ffffffffffffa8dd9f4dc5b5
8313,87.658207036,3.048377,34,v2,88000000ffffffffffffa8dd9f4dc5b5
8314,87.660103109,1.896073,34,v2,88000000ffffffffffffa8dd9f4dc5b5
8315,87.663205948,3.102839,34,v2,88000000ffffffffffffa8dd9f4dc5b5
8316,87.666282540,3.076592,34,v2,88000000ffffffffffffa8dd9f4dc5b5
8317,87.668201272,1.918732,34,v2,88000000ffffffffffffa8dd9f4dc5b5
8318,87.670314387,2.113115,34,v2,88000000ffffffffffffa8dd9f4dc5b5
8319,87.676170838,5.856451,34,v2,88000000ffffffffffffa8dd9f4dc5b5
8320,87.678401596,2.230758,34,v2,88000000ffffffffffffa8dd9f4dc5b5
8321,87.681406351,3.004755,34,v2,88000000ffffffffffffa8dd9f4dc5b5
8322,87.683324530,1.918179,34,v2,88000000ffffffffffffa8dd9f4dc5b5
8323,87.685428269,2.103739,34,v2,88000000ffffffffffffa8dd9f4dc5b5
8324,87.688485281,3.057012,34,v2,88000000ffffffffffffa8dd9f4dc5b5
8325,87.690535129,2.049848,34,v2,88000000ffffffffffffa8dd9f4dc5b5
8326,87.693599017,3.063888,34,v2,88000000ffffffffffffa8dd9f4dc5b5
8327,87.695628403,2.029386,34,v2,88000000ffffffffffffa8dd9f4dc5b5
8328,87.700935336,5.306933,34,v2,88000000ffffffffffffa8dd9f4dc5b5
8329,87.703680210,2.744874,34,v2,88000000ffffffffffffa8dd9f4dc5b5
8330,87.705806215,2.126005,34,v2,88000000ffffffffffffa8dd9f4dc5b5
8331,87.708903019,3.096804,34,v2,88000000ffffffffffffa8dd9f4dc5b5
8332,88.054319118,345.416099,34,v2,88000000ffffffffffffa8dd9f4dc5b5
8333,88.056292298,1.973180,34,v2,88000000ffffffffffffa8dd9f4dc5b5
8334,88.058333901,2.041603,34,v2,88000000ffffffffffffa8dd9f4dc5b5
8335,88.061356451,3.022550,34,v2,88000000ffffffffffffa8dd9f4dc5b5
8336,88.063475004,2.118553,34,v2,88000000ffffffffffffa8dd9f4dc5b5
8337,88.066423603,2.948599,34,v2,88000000ffffffffffffa8dd9f4dc5b5
8338,88.068540445,2.116842,34,v2,88000000ffffffffffffa8dd9f4dc5b5
8339,88.070553934,2.013489,34,v2,88000000ffffffffffffa8dd9f4dc5b5
8340,88.073728089,3.174155,34,v2,88000000ffffffffffffa8dd9f4dc5b5
8341,88.075645648,1.917559,34,v2,88000000ffffffffffffa8dd9f4dc5b5
8342,88.078704218,3.058570,34,v2,88000000ffffffffffffa8dd9f4dc5b5
8343,88.080756854,2.052636,34,v2,88000000ffffffffffffa8dd9f4dc5b5
8344,88.082886951,2.130097,34,v2,88000000ffffffffffffa8dd9f4dc5b5
8345,88.085872486,2.985535,34,v2,88000000ffffffffffffa8dd9f4dc5b5
8346,88.087815236,1.942750,34,v2,88000000ffffffffffffa8dd9f4dc5b5
8347,88.090933220,3.117984,34,v2,88000000ffffffffffffa8dd9f4dc5b5
8348,88.092928943,1.995723,34,v2,88000000ffffffffffffa8dd9f4dc5b5
8349,88.095547737,2.618794,34,v2,88000000ffffffffffffa8dd9f4dc5b5
8350,88.098056044,2.508307,34,v2,88000000ffffffffffffa8dd9f4dc5b5
8351,88.101274873,3.218829,34,v2,88000000ffffffffffffa8dd9f4dc5b5
8352,88.103020371,1.745498,34,v2,88000000ffffffffffffa8dd9f4dc5b5
8353,88.105292217,2.271846,34,v2,88000000ffffffffffffa8dd9f4dc5b5
8354,88.107265345,1.973128,34,v2,88000000ffffffffffffa8dd9f4dc5b5
8355,88.110559622,3.294277,34,v2,88000000ffffffffffffa8dd9f4dc5b5
8356,88.112358303,1.798681,34,v2,88000000ffffffffffffa8dd9f4dc5b5
8357,88.115635865,3.277562,34,v2,88000000ffffffffffffa8dd9f4dc5b5
8358,88.117457709,1.821844,34,v2,88000000ffffffffffffa8dd9f4dc5b5
8359,88.119605805,2.148096,34,v2,88000000ffffffffffffa8dd9f4dc5b5
8360,88.124956339,5.350534,34,v2,88000000ffffffffffffa8dd9f4dc5b5
8361,88.126776427,1.820088,34,v2,88000000ffffffffffffa8dd9f4dc5b5
8362,88.129482154,2.705727,34,v2,88000000ffffffffffffa8dd9f4dc5b5
8363,88.131431281,1.949127,34,v2,88000000ffffffffffffa8dd9f4dc5b5
8364,88.134542112,3.110831,34,v2,88000000ffffffffffffa8dd9f4dc5b5
8365,88.136712945,2.170833,34,v2,88000000ffffffffffffa8dd9f4dc5b5
8366,88.138698322,1.985377,34,v2,88000000ffffffffffffa8dd9f4dc5b5
8367,88.141668460,2.970138,34,v2,88000000ffffffffffffa8dd9f4dc5b5
8368,88.143731810,2.063350,34,v2,88000000ffffffffffffa8dd9f4dc5b5
8369,88.146685501,2.953691,34,v2,88000000ffffffffffffa8dd9f4dc5b5
8370,88.148820411,2.134910,34,v2,88000000ffffffffffffa8dd9f4dc5b5
8371,88.150808891,1.988480,34,v2,88000000ffffffffffffa8dd9f4dc5b5
8372,88.153907397,3.098506,34,v2,88000000ffffffffffffa8dd9f4dc5b5
8373,88.156006659,2.099262,34,v2,88000000ffffffffffffa8dd9f4dc5b5
8374,88.158951023,2.944364,34,v2,88000000ffffffffffffa8dd9f4dc5b5
8375,88.160953385,2.002362,34,v2,88000000ffffffffffffa8dd9f4dc5b5
8376,88.164143597,3.190212,34,v2,88000000ffffffffffffa8dd9f4dc5b5
8377,88.166114643,1.971046,34,v2,88000000ffffffffffffa8dd9f4dc5b5
8378,88.168449444,2.334801,34,v2,88000000ffffffffffffa8dd9f4dc5b5
8379,88.171346012,2.896568,34,v2,88000000ffffffffffffa8dd9f4dc5b5
8380,88.174292376,2.946364,34,v2,88000000ffffffffffffa8dd9f4dc5b5
8381,88.177339075,3.046699,34,v2,88000000ffffffffffffa8dd9f4dc5b5
8382,88.179329155,1.990080,34,v2,88000000ffffffffffffa8dd9f4dc5b5
8383,88.181538747,2.209592,34,v2,88000000ffffffffffffa8dd9f4dc5b5
8384,88.184601532,3.062785,34,v2,88000000ffffffffffffa8dd9f4dc5b5
8385,88.186747056,2.145524,34,v2,88000000ffffffffffffa8dd9f4dc5b5
8386,88.188482647,1.735591,34,v2,88000000ffffffffffffa8dd9f4dc5b5
8387,88.191595945,3.113298,34,v2,88000000ffffffffffffa8dd9f4dc5b5
8388,88.193454075,1.858130,34,v2,88000000ffffffffffffa8dd9f4dc5b5
8389,88.196486392,3.032317,34,v2,88000000ffffffffffffa8dd9f4dc5b5
8390,88.198653182,2.166790,34,v2,88000000ffffffffffffa8dd9f4dc5b5
8391,88.200600008,1.946826,34,v2,88000000ffffffffffffa8dd9f4dc5b5
8392,88.204269759,3.669751,34,v2,88000000ffffffffffffa8dd9f4dc5b5
8393,88.205698563,1.428804,34,v2,88000000ffffffffffffa8dd9f4dc5b5
8394,88.208658347,2.959784,34,v2,88000000ffffffffffffa8dd9f4dc5b5
8395,88.210903820,2.245473,34,v2,88000000ffffffffffffa8dd9f4dc5b5
8396,88.212986418,2.082598,34,v2,88000000ffffffffffffa8dd9f4dc5b5
8397,88.215936712,2.950294,34,v2,88000000ffffffffffffa8dd9f4dc5b5
8398,88.218194877,2.258165,34,v2,88000000ffffffffffffa8dd9f4dc5b5
8399,88.221024251,2.829374,34,v2,88000000ffffffffffffa8dd9f4dc5b5
8400,88.223009923,1.985672,34,v2,88000000ffffffffffffa8dd9f4dc5b5
8401,88.226806139,3.796216,34,v2,88000000ffffffffffffa8dd9f4dc5b5
8402,88.228034959,1.228820,34,v2,88000000ffffffffffffa8dd9f4dc5b5
8403,88.230093023,2.058064,34,v2,88000000ffffffffffffa8dd9f4dc5b5
8404,88.233115604,3.022581,34,v2,88000000ffffffffffffa8dd9f4dc5b5
8405,88.235170668,2.055064,34,v2,88000000ffffffffffffa8dd9f4dc5b5
8406,88.238260520,3.089852,34,v2,88000000ffffffffffffa8dd9f4dc5b5
8407,88.240197742,1.937222,34,v2,88000000ffffffffffffa8dd9f4dc5b5
8408,88.242314094,2.116352,34,v2,88000000ffffffffffffa8dd9f4dc5b5
8409,88.245360646,3.046552,34,v2,88000000ffffffffffffa8dd9f4dc5b5
8410,88.247334707,1.974061,34,v2,88000000ffffffffffffa8dd9f4dc5b5
8411,88.249370133,2.035426,34,v2,88000000ffffffffffffa8dd9f4dc5b5
8412,88.252477058,3.106925,34,v2,88000000ffffffffffffa8dd9f4dc5b5
8413,88.254498722,2.021664,34,v2,88000000ffffffffffffa8dd9f4dc5b5
8414,88.257623911,3.125189,34,v2,88000000ffffffffffffa8dd9f4dc5b5
8415,88.259554964,1.931053,34,v2,88000000ffffffffffffa8dd9f4dc5b5
8416,88.261695232,2.140268,34,v2,88000000ffffffffffffa8dd9f4dc5b5
8417,88.264511085,2.815853,34,v2,88000000ffffffffffffa8dd9f4dc5b5
8418,88.266607988,2.096903,34,v2,88000000ffffffffffffa8dd9f4dc5b5
8419,88.269618552,3.010564,34,v2,88000000ffffffffffffa8dd9f4dc5b5
8420,88.271656081,2.037529,34,v2,88000000ffffffffffffa8dd9f4dc5b5
8421,88.273724939,2.068858,34,v2,88000000ffffffffffffa8dd9f4dc5b5
8422,88.276798201,3.073262,34,v2,88000000ffffffffffffa8dd9f4dc5b5
8423,88.278883981,2.085780,34,v2,88000000ffffffffffffa8dd9f4dc5b5
8424,88.281957193,3.073212,34,v2,88000000ffffffffffffa8dd9f4dc5b5
8425,88.283899257,1.942064,34,v2,88000000ffffffffffffa8dd9f4dc5b5
8426,88.286002912,2.103655,34,v2,88000000ffffffffffffa8dd9f4dc5b5
8427,88.289061081,3.058169,34,v2,88000000ffffffffffffa8dd9f4dc5b5
8428,88.290985886,1.924805,34,v2,88000000ffffffffffffa8dd9f4dc5b5
8429,88.294223425,3.237539,34,v2,88000000ffffffffffffa8dd9f4dc5b5
8430,88.296058187,1.834762,34,v2,88000000ffffffffffffa8dd9f4dc5b5
8431,88.629369923,333.311736,34,v2,88000000ffffffffffffa8dd9f4dc5b5
8432,88.631690310,2.320387,34,v2,88000000ffffffffffffa8dd9f4dc5b5
8433,88.634556731,2.866421,34,v2,88000000ffffffffffffa8dd9f4dc5b5
8434,88.636483480,1.926749,34,v2,88000000ffffffffffffa8dd9f4dc5b5
8435,88.638603499,2.120019,34,v2,88000000ffffffffffffa8dd9f4dc5b5
8436,88.644144741,5.541242,34,v2,88000000ffffffffffffa8dd9f4dc5b5
8437,88.645666457,1.521716,34,v2,88000000ffffffffffffa8dd9f4dc5b5
8438,88.649214654,3.548197,34,v2,88000000ffffffffffffa8dd9f4dc5b5
8439,88.650628712,1.414058,34,v2,88000000ffffffffffffa8dd9f4dc5b5
8440,88.652702924,2.074212,34,v2,88000000ffffffffffffa8dd9f4dc5b5
8441,88.655248198,2.545274,34,v2,88000000ffffffffffffa8dd9f4dc5b5
8442,88.657812926,2.564728,34,v2,88000000ffffffffffffa8dd9f4dc5b5
8443,88.659838608,2.025682,34,v2,88000000ffffffffffffa8dd9f4dc5b5
8444,88.661913553,2.074945,34,v2,88000000ffffffffffffa8dd9f4dc5b5
8445,88.664028880,2.115327,34,v2,88000000ffffffffffffa8dd9f4dc5b5
8446,88.667165291,3.136411,34,v2,88000000ffffffffffffa8dd9f4dc5b5
8447,88.669654900,2.489609,34,v2,88000000ffffffffffffa8dd9f4dc5b5
8448,88.672177401,2.522501,34,v2,88000000ffffffffffffa8dd9f4dc5b5
8449,88.674539207,2.361806,34,v2,88000000ffffffffffffa8dd9f4dc5b5
8450,88.676134589,1.595382,34,v2,88000000ffffffffffffa8dd9f4dc5b5
8451,88.680146866,4.012277,34,v2,88000000ffffffffffffa8dd9f4dc5b5
8452,88.681737107,1.590241,34,v2,88000000ffffffffffffa8dd9f4dc5b5
8453,88.689526881,7.789774,34,v2,88000000ffffffffffffa8dd9f4dc5b5
8454,88.690542248,1.015367,34,v2,88000000ffffffffffffa8dd9f4dc5b5
8455,88.693598382,3.056134,34,v2,88000000ffffffffffffa8dd9f4dc5b5
8456,88.695514938,1.916556,34,v2,88000000ffffffffffffa8dd9f4dc5b5
8457,88.699046693,3.531755,34,v2,88000000ffffffffffffa8dd9f4dc5b5
8458,88.700460768,1.414075,34,v2,88000000ffffffffffffa8dd9f4dc5b5
8459,88.702448756,1.987988,34,v2,88000000ffffffffffffa8dd9f4dc5b5
8460,88.705595145,3.146389,34,v2,88000000ffffffffffffa8dd9f4dc5b5
8461,88.707481824,1.886679,34,v2,88000000ffffffffffffa8dd9f4dc5b5
8462,88.710508076,3.026252,34,v2,88000000ffffffffffffa8dd9f4dc5b5
8463,88.712638529,2.130453,34,v2,88000000ffffffffffffa8dd9f4dc5b5
8464,88.714651663,2.013134,34,v2,88000000ffffffffffffa8dd9f4dc5b5
8465,88.716908966,2.257303,34,v2,88000000ffffffffffffa8dd9f4dc5b5
8466,88.719807885,2.898919,34,v2,88000000ffffffffffffa8dd9f4dc5b5
8467,88.721775108,1.967223,34,v2,88000000ffffffffffffa8dd9f4dc5b5
8468,88.724837787,3.062679,34,v2,88000000ffffffffffffa8dd9f4dc5b5
8469,88.726887007,2.049220,34,v2,88000000ffffffffffffa8dd9f4dc5b5
8470,88.729005375,2.118368,34,v2,88000000ffffffffffffa8dd9f4dc5b5
8471,88.731534701,2.529326,34,v2,88000000ffffffffffffa8dd9f4dc5b5
8472,88.734323422,2.788721,34,v2,88000000ffffffffffffa8dd9f4dc5b5
8473,88.740062317,5.738895,34,v2,88000000ffffffffffffa8dd9f4dc5b5
8474,88.741301992,1.239675,34,v2,88000000ffffffffffffa8dd9f4dc5b5
8475,88.744794025,3.492033,34,v2,88000000ffffffffffffa8dd9f4dc5b5
8476,88.745881878,1.087853,34,v2,88000000ffffffffffffa8dd9f4dc5b5
8477,88.748434219,2.552341,34,v2,88000000ffffffffffffa8dd9f4dc5b5
8478,88.754210600,5.776381,34,v2,88000000ffffffffffffa8dd9f4dc5b5
8479,88.755384374,1.173774,34,v2,88000000ffffffffffffa8dd9f4dc5b5
8480,88.757382469,1.998095,34,v2,88000000ffffffffffffa8dd9f4dc5b5
8481,88.759562254,2.179785,34,v2,88000000ffffffffffffa8dd9f4dc5b5
8482,88.761444378,1.882124,34,v2,88000000ffffffffffffa8dd9f4dc5b5
8483,88.767086659,5.642281,34,v2,88000000ffffffffffffa8dd9f4dc5b5
8484,88.768689240,1.602581,34,v2,88000000ffffffffffffa8dd9f4dc5b5
8485,88.771645913,2.956673,34,v2,88000000ffffffffffffa8dd9f4dc5b5
8486,88.773511840,1.865927,34,v2,88000000ffffffffffffa8dd9f4dc5b5
8487,88.775671305,2.159465,34,v2,88000000ffffffffffffa8dd9f4dc5b5
8488,88.778823888,3.152583,34,v2,88000000ffffffffffffa8dd9f4dc5b5
8489,88.780719294,1.895406,34,v2,88000000ffffffffffffa8dd9f4dc5b5
8490,88.782822820,2.103526,34,v2,88000000ffffffffffffa8dd9f4dc5b5
8491,88.784841957,2.019137,34,v2,88000000ffffffffffffa8dd9f4dc5b5
8492,88.787811057,2.969100,34,v2,88000000ffffffffffffa8dd9f4dc5b5
8493,88.789843262,2.032205,34,v2,88000000ffffffffffffa8dd9f4dc5b5
8494,88.791926422,2.083160,34,v2,88000000ffffffffffffa8dd9f4dc5b5
8495,88.795561795,3.635373,34,v2,88000000ffffffffffffa8dd9f4dc5b5
8496,88.797196295,1.634500,34,v2,88000000ffffffffffffa8dd9f4dc5b5
8497,88.799272007,2.075712,34,v2,88000000ffffffffffffa8dd9f4dc5b5
8498,88.802441789,3.169782,34,v2,88000000ffffffffffffa8dd9f4dc5b5
8499,88.804206137,1.764348,34,v2,88000000ffffffffffffa8dd9f4dc5b5
8500,88.807564334,3.358197,34,v2,88000000ffffffffffffa8dd9f4dc5b5
8501,88.809368432,1.804098,34,v2,88000000ffffffffffffa8dd9f4dc5b5
8502,88.811380347,2.011915,34,v2,88000000ffffffffffffa8dd9f4dc5b5
8503,88.814252306,2.871959,34,v2,88000000ffffffffffffa8dd9f4dc5b5
8504,88.816267808,2.015502,34,v2,88000000ffffffffffffa8dd9f4dc5b5
8505,88.818612773,2.344965,34,v2,88000000ffffffffffffa8dd9f4dc5b5
8506,88.821328110,2.715337,34,v2,88000000ffffffffffffa8dd9f4dc5b5
8507,88.827750421,6.422311,34,v2,88000000ffffffffffffa8dd9f4dc5b5
8508,88.829473905,1.723484,34,v2,88000000ffffffffffffa8dd9f4dc5b5
8509,88.831539250,2.065345,34,v2,88000000ffffffffffffa8dd9f4dc5b5
8510,88.833590666,2.051416,34,v2,88000000ffffffffffffa8dd9f4dc5b5
8511,88.835653724,2.063058,34,v2,88000000ffffffffffffa8dd9f4dc5b5
8512,88.838572140,2.918416,34,v2,88000000ffffffffffffa8dd9f4dc5b5
8513,88.840635041,2.062901,34,v2,88000000ffffffffffffa8dd9f4dc5b5
8514,88.842686146,2.051105,34,v2,88000000ffffffffffffa8dd9f4dc5b5
8515,88.845704789,3.018643,34,v2,88000000ffffffffffffa8dd9f4dc5b5
8516,88.847831086,2.126297,34,v2,88000000ffffffffffffa8dd9f4dc5b5
8517,88.849764785,1.933699,34,v2,88000000ffffffffffffa8dd9f4dc5b5
8518,88.852967321,3.202536,34,v2,88000000ffffffffffffa8dd9f4dc5b5
8519,88.854941455,1.974134,34,v2,88000000ffffffffffffa8dd9f4dc5b5
8520,88.856926994,1.985539,34,v2,88000000ffffffffffffa8dd9f4dc5b5
8521,88.860013334,3.086340,34,v2,88000000ffffffffffffa8dd9f4dc5b5
8522,88.861976740,1.963406,34,v2,88000000ffffffffffffa8dd9f4dc5b5
8523,88.864004020,2.027280,34,v2,88000000ffffffffffffa8dd9f4dc5b5
8524,89.198423805,334.419785,34,v2,88000000ffffffffffffa8dd9f4dc5b5
8525,89.199772170,1.348365,34,v2,88000000ffffffffffffa8dd9f4dc5b5
8526,89.201384908,1.612738,34,v2,88000000ffffffffffffa8dd9f4dc5b5
8527,89.203463923,2.079015,34,v2,88000000ffffffffffffa8dd9f4dc5b5
8528,89.205467517,2.003594,34,v2,88000000ffffffffffffa8dd9f4dc5b5
8529,89.208441567,2.974050,34,v2,88000000ffffffffffffa8dd9f4dc5b5
8530,89.210524673,2.083106,34,v2,88000000ffffffffffffa8dd9f4dc5b5
8531,89.213590999,3.066326,34,v2,88000000ffffffffffffa8dd9f4dc5b5
8532,89.215596205,2.005206,34,v2,88000000ffffffffffffa8dd9f4dc5b5
8533,89.217689393,2.093188,34,v2,88000000ffffffffffffa8dd9f4dc5b5
8534,89.220642856,2.953463,34,v2,88000000ffffffffffffa8dd9f4dc5b5
8535,89.222663578,2.020722,34,v2,88000000ffffffffffffa8dd9f4dc5b5
8536,89.224728817,2.065239,34,v2,88000000ffffffffffffa8dd9f4dc5b5
8537,89.226761926,2.033109,34,v2,88000000ffffffffffffa8dd9f4dc5b5
8538,89.228812316,2.050390,34,v2,88000000ffffffffffffa8dd9f4dc5b5
8539,89.232139726,3.327410,34,v2,88000000ffffffffffffa8dd9f4dc5b5
8540,89.234140552,2.000826,34,v2,88000000ffffffffffffa8dd9f4dc5b5
8541,89.236108102,1.967550,34,v2,88000000ffffffffffffa8dd9f4dc5b5
8542,89.237916591,1.808489,34,v2,88000000ffffffffffffa8dd9f4dc5b5
8543,89.241046238,3.129647,34,v2,88000000ffffffffffffa8dd9f4dc5b5
8544,89.243295749,2.249511,34,v2,88000000ffffffffffffa8dd9f4dc5b5
8545,89.245078530,1.782781,34,v2,88000000ffffffffffffa8dd9f4dc5b5
8546,89.247089190,2.010660,34,v2,88000000ffffffffffffa8dd9f4dc5b5
8547,89.249040991,1.951801,34,v2,88000000ffffffffffffa8dd9f4dc5b5
8548,89.252017206,2.976215,34,v2,88000000ffffffffffffa8dd9f4dc5b5
8549,89.254056850,2.039644,34,v2,88000000ffffffffffffa8dd9f4dc5b5
8550,89.256167966,2.111116,34,v2,88000000ffffffffffffa8dd9f4dc5b5
8551,89.259180738,3.012772,34,v2,88000000ffffffffffffa8dd9f4dc5b5
8552,89.261236367,2.055629,34,v2,88000000ffffffffffffa8dd9f4dc5b5
8553,89.263349459,2.113092,34,v2,88000000ffffffffffffa8dd9f4dc5b5
8554,89.265596706,2.247247,34,v2,88000000ffffffffffffa8dd9f4dc5b5
8555,89.267460100,1.863394,34,v2,88000000ffffffffffffa8dd9f4dc5b5
8556,89.270755904,3.295804,34,v2,88000000ffffffffffffa8dd9f4dc5b5
8557,89.272392211,1.636307,34,v2,88000000ffffffffffffa8dd9f4dc5b5
8558,89.279423269,7.031058,34,v2,88000000ffffffffffffa8dd9f4dc5b5
8559,89.281666302,2.243033,34,v2,88000000ffffffffffffa8dd9f4dc5b5
8560,89.283665594,1.999292,34,v2,88000000ffffffffffffa8dd9f4dc5b5
8561,89.285667632,2.002038,34,v2,88000000ffffffffffffa8dd9f4dc5b5
8562,89.287698040,2.030408,34,v2,88000000ffffffffffffa8dd9f4dc5b5
8563,89.290070137,2.372097,34,v2,88000000ffffffffffffa8dd9f4dc5b5
8564,89.293131769,3.061632,34,v2,88000000ffffffffffffa8dd9f4dc5b5
8565,89.294877565,1.745796,34,v2,88000000ffffffffffffa8dd9f4dc5b5
8566,89.296955670,2.078105,34,v2,88000000ffffffffffffa8dd9f4dc5b5
8567,89.298907789,1.952119,34,v2,88000000ffffffffffffa8dd9f4dc5b5
8568,89.301912796,3.005007,34,v2,88000000ffffffffffffa8dd9f4dc5b5
8569,89.303943610,2.030814,34,v2,88000000ffffffffffffa8dd9f4dc5b5
8570,89.306034880,2.091270,34,v2,88000000ffffffffffffa8dd9f4dc5b5
8571,89.307952308,1.917428,34,v2,88000000ffffffffffffa8dd9f4dc5b5
8572,89.310074149,2.121841,34,v2,88000000ffffffffffffa8dd9f4dc5b5
8573,89.313144789,3.070640,34,v2,88000000ffffffffffffa8dd9f4dc5b5
8574,89.315115024,1.970235,34,v2,88000000ffffffffffffa8dd9f4dc5b5
8575,89.317439891,2.324867,34,v2,88000000ffffffffffffa8dd9f4dc5b5
8576,89.319252330,1.812439,34,v2,88000000ffffffffffffa8dd9f4dc5b5
8577,89.322295229,3.042899,34,v2,88000000ffffffffffffa8dd9f4dc5b5
8578,89.324231685,1.936456,34,v2,88000000ffffffffffffa8dd9f4dc5b5
8579,89.326393550,2.161865,34,v2,88000000ffffffffffffa8dd9f4dc5b5
8580,89.328306986,1.913436,34,v2,88000000ffffffffffffa8dd9f4dc5b5
8581,89.330358387,2.051401,34,v2,88000000ffffffffffffa8dd9f4dc5b5
8582,89.333351610,2.993223,34,v2,88000000ffffffffffffa8dd9f4dc5b5
8583,89.335323485,1.971875,34,v2,88000000ffffffffffffa8dd9f4dc5b5
8584,89.337464092,2.140607,34,v2,88000000ffffffffffffa8dd9f4dc5b5
8585,89.339489953,2.025861,34,v2,88000000ffffffffffffa8dd9f4dc5b5
8586,89.341448216,1.958263,34,v2,88000000ffffffffffffa8dd9f4dc5b5
8587,89.346319553,4.871337,34,v2,88000000ffffffffffffa8dd9f4dc5b5
8588,89.347696886,1.377333,34,v2,88000000ffffffffffffa8dd9f4dc5b5
8589,89.349616125,1.919239,34,v2,88000000ffffffffffffa8dd9f4dc5b5
8590,89.351675486,2.059361,34,v2,88000000ffffffffffffa8dd9f4dc5b5
8591,89.353779049,2.103563,34,v2,88000000ffffffffffffa8dd9f4dc5b5
8592,89.355816134,2.037085,34,v2,88000000ffffffffffffa8dd9f4dc5b5
8593,89.358979350,3.163216,34,v2,88000000ffffffffffffa8dd9f4dc5b5
8594,89.361143632,2.164282,34,v2,88000000ffffffffffffa8dd9f4dc5b5
8595,89.362978303,1.834671,34,v2,88000000ffffffffffffa8dd9f4dc5b5
8596,89.365008518,2.030215,34,v2,88000000ffffffffffffa8dd9f4dc5b5
8597,89.367028945,2.020427,34,v2,88000000ffffffffffffa8dd9f4dc5b5
8598,89.370086342,3.057397,34,v2,88000000ffffffffffffa8dd9f4dc5b5
8599,89.371982227,1.895885,34,v2,88000000ffffffffffffa8dd9f4dc5b5
8600,89.374042174,2.059947,34,v2,88000000ffffffffffffa8dd9f4dc5b5
8601,89.376359555,2.317381,34,v2,88000000ffffffffffffa8dd9f4dc5b5
8602,89.379393125,3.033570,34,v2,88000000ffffffffffffa8dd9f4dc5b5
8603,89.381297388,1.904263,34,v2,88000000ffffffffffffa8dd9f4dc5b5
8604,89.383268479,1.971091,34,v2,88000000ffffffffffffa8dd9f4dc5b5
8605,89.386318203,3.049724,34,v2,88000000ffffffffffffa8dd9f4dc5b5
8606,89.388303870,1.985667,34,v2,88000000ffffffffffffa8dd9f4dc5b5
8607,89.390360254,2.056384,34,v2,88000000ffffffffffffa8dd9f4dc5b5
8608,89.393393307,3.033053,34,v2,88000000ffffffffffffa8dd9f4dc5b5
8609,89.395478559,2.085252,34,v2,88000000ffffffffffffa8dd9f4dc5b5
8610,89.397605154,2.126595,34,v2,88000000ffffffffffffa8dd9f4dc5b5
8611,89.401984466,4.379312,34,v2,88000000ffffffffffffa8dd9f4dc5b5
8612,89.404453125,2.468659,34,v2,88000000ffffffffffffa8dd9f4dc5b5
8613,89.406489996,2.036871,34,v2,88000000ffffffffffffa8dd9f4dc5b5
8614,89.408690669,2.200673,34,v2,88000000ffffffffffffa8dd9f4dc5b5
8615,89.410717819,2.027150,34,v2,88000000ffffffffffffa8dd9f4dc5b5
8616,89.412838673,2.120854,34,v2,88000000ffffffffffffa8dd9f4dc5b5
8617,89.415865745,3.027072,34,v2,88000000ffffffffffffa8dd9f4dc5b5
8618,89.418001714,2.135969,34,v2,88000000ffffffffffffa8dd9f4dc5b5
8619,89.419839726,1.838012,34,v2,88000000ffffffffffffa8dd9f4dc5b5
8620,89.423234021,3.394295,34,v2,88000000ffffffffffffa8dd9f4dc5b5
8621,89.773016816,349.782795,34,v2,88000000ffffffffffffa8dd9f4dc5b5
8622,89.775128899,2.112083,34,v2,88000000ffffffffffffa8dd9f4dc5b5
8623,89.776534000,1.405101,34,v2,88000000ffffffffffffa8dd9f4dc5b5
8624,89.778675246,2.141246,34,v2,88000000ffffffffffffa8dd9f4dc5b5
8625,89.781748379,3.073133,34,v2,88000000ffffffffffffa8dd9f4dc5b5
8626,89.789811623,8.063244,34,v2,88000000ffffffffffffa8dd9f4dc5b5
8627,89.792628036,2.816413,34,v2,88000000ffffffffffffa8dd9f4dc5b5
8628,89.793841763,1.213727,34,v2,88000000ffffffffffffa8dd9f4dc5b5
8629,89.795717514,1.875751,34,v2,88000000ffffffffffffa8dd9f4dc5b5
8630,89.797847189,2.129675,34,v2,88000000ffffffffffffa8dd9f4dc5b5
8631,89.800818842,2.971653,34,v2,88000000ffffffffffffa8dd9f4dc5b5
8632,89.802715339,1.896497,34,v2,88000000ffffffffffffa8dd9f4dc5b5
8633,89.804919581,2.204242,34,v2,88000000ffffffffffffa8dd9f4dc5b5
8634,89.806829287,1.909706,34,v2,88000000ffffffffffffa8dd9f4dc5b5
8635,89.808891242,2.061955,34,v2,88000000ffffffffffffa8dd9f4dc5b5
8636,89.811081975,2.190733,34,v2,88000000ffffffffffffa8dd9f4dc5b5
8637,89.813029650,1.947675,34,v2,88000000ffffffffffffa8dd9f4dc5b5
8638,89.815033506,2.003856,34,v2,88000000ffffffffffffa8dd9f4dc5b5
8639,89.817006278,1.972772,34,v2,88000000ffffffffffffa8dd9f4dc5b5
8640,89.820221189,3.214911,34,v2,88000000ffffffffffffa8dd9f4dc5b5
8641,89.822201662,1.980473,34,v2,88000000ffffffffffffa8dd9f4dc5b5
8642,89.824152173,1.950511,34,v2,88000000ffffffffffffa8dd9f4dc5b5
8643,89.826126250,1.974077,34,v2,88000000ffffffffffffa8dd9f4dc5b5
8644,89.828285069,2.158819,34,v2,88000000ffffffffffffa8dd9f4dc5b5
8645,89.830241340,1.956271,34,v2,88000000ffffffffffffa8dd9f4dc5b5
8646,89.832339189,2.097849,34,v2,88000000ffffffffffffa8dd9f4dc5b5
8647,89.834399296,2.060107,34,v2,88000000ffffffffffffa8dd9f4dc5b5
8648,89.836340928,1.941632,34,v2,88000000ffffffffffffa8dd9f4dc5b5
8649,89.839392210,3.051282,34,v2,88000000ffffffffffffa8dd9f4dc5b5
8650,89.841345937,1.953727,34,v2,88000000ffffffffffffa8dd9f4dc5b5
8651,89.843520665,2.174728,34,v2,88000000ffffffffffffa8dd9f4dc5b5
8652,89.845543958,2.023293,34,v2,88000000ffffffffffffa8dd9f4dc5b5
8653,89.847570256,2.026298,34,v2,88000000ffffffffffffa8dd9f4dc5b5
8654,89.849592866,2.022610,34,v2,88000000ffffffffffffa8dd9f4dc5b5
8655,89.851562180,1.969314,34,v2,88000000ffffffffffffa8dd9f4dc5b5
8656,89.853890771,2.328591,34,v2,88000000ffffffffffffa8dd9f4dc5b5
8657,89.855696810,1.806039,34,v2,88000000ffffffffffffa8dd9f4dc5b5
8658,89.859719092,4.022282,34,v2,88000000ffffffffffffa8dd9f4dc5b5
8659,89.862451398,2.732306,34,v2,88000000ffffffffffffa8dd9f4dc5b5
8660,89.872900902,10.449504,34,v2,88000000ffffffffffffa8dd9f4dc5b5
8661,89.874097698,1.196796,34,v2,88000000ffffffffffffa8dd9f4dc5b5
8662,89.876026230,1.928532,34,v2,88000000ffffffffffffa8dd9f4dc5b5
8663,89.879698223,3.671993,34,v2,88000000ffffffffffffa8dd9f4dc5b5
8664,89.881041625,1.343402,34,v2,88000000ffffffffffffa8dd9f4dc5b5
8665,89.883131157,2.089532,34,v2,88000000ffffffffffffa8dd9f4dc5b5
8666,89.885069055,1.937898,34,v2,88000000ffffffffffffa8dd9f4dc5b5
8667,89.887187433,2.118378,34,v2,88000000ffffffffffffa8dd9f4dc5b5
8668,89.889162105,1.974672,34,v2,88000000ffffffffffffa8dd9f4dc5b5
8669,89.891191360,2.029255,34,v2,88000000ffffffffffffa8dd9f4dc5b5
8670,89.893227036,2.035676,34,v2,88000000ffffffffffffa8dd9f4dc5b5
8671,89.896295867,3.068831,34,v2,88000000ffffffffffffa8dd9f4dc5b5
8672,89.898250355,1.954488,34,v2,88000000ffffffffffffa8dd9f4dc5b5
8673,89.900424609,2.174254,34,v2,88000000ffffffffffffa8dd9f4dc5b5
8674,89.902366312,1.941703,34,v2,88000000ffffffffffffa8dd9f4dc5b5
8675,89.904386031,2.019719,34,v2,88000000ffffffffffffa8dd9f4dc5b5
8676,89.906463404,2.077373,34,v2,88000000ffffffffffffa8dd9f4dc5b5
8677,89.908503949,2.040545,34,v2,88000000ffffffffffffa8dd9f4dc5b5
8678,89.910600221,2.096272,34,v2,88000000ffffffffffffa8dd9f4dc5b5
8679,89.912641017,2.040796,34,v2,88000000ffffffffffffa8dd9f4dc5b5
8680,89.915599971,2.958954,34,v2,88000000ffffffffffffa8dd9f4dc5b5
8681,89.917622653,2.022682,34,v2,88000000ffffffffffffa8dd9f4dc5b5
8682,89.919645599,2.022946,34,v2,88000000ffffffffffffa8dd9f4dc5b5
8683,89.921661084,2.015485,34,v2,88000000ffffffffffffa8dd9f4dc5b5
8684,89.923724900,2.063816,34,v2,88000000ffffffffffffa8dd9f4dc5b5
8685,89.930223410,6.498510,34,v2,88000000ffffffffffffa8dd9f4dc5b5
8686,89.931872676,1.649266,34,v2,88000000ffffffffffffa8dd9f4dc5b5
8687,89.934045515,2.172839,34,v2,88000000ffffffffffffa8dd9f4dc5b5
8688,89.935998358,1.952843,34,v2,88000000ffffffffffffa8dd9f4dc5b5
8689,89.939032138,3.033780,34,v2,88000000ffffffffffffa8dd9f4dc5b5
8690,89.940934301,1.902163,34,v2,88000000ffffffffffffa8dd9f4dc5b5
8691,89.943020739,2.086438,34,v2,88000000ffffffffffffa8dd9f4dc5b5
8692,89.945076640,2.055901,34,v2,88000000ffffffffffffa8dd9f4dc5b5
8693,89.947130167,2.053527,34,v2,88000000ffffffffffffa8dd9f4dc5b5
8694,89.949112497,1.982330,34,v2,88000000ffffffffffffa8dd9f4dc5b5
8695,89.951167939,2.055442,34,v2,88000000ffffffffffffa8dd9f4dc5b5
8696,89.957256232,6.088293,34,v2,88000000ffffffffffffa8dd9f4dc5b5
8697,89.958288232,1.032000,34,v2,88000000ffffffffffffa8dd9f4dc5b5
8698,89.960348418,2.060186,34,v2,88000000ffffffffffffa8dd9f4dc5b5
8699,89.962653991,2.305573,34,v2,88000000ffffffffffffa8dd9f4dc5b5
8700,89.964435238,1.781247,34,v2,88000000ffffffffffffa8dd9f4dc5b5
8701,89.966426346,1.991108,34,v2,88000000ffffffffffffa8dd9f4dc5b5
8702,89.968450696,2.024350,34,v2,88000000ffffffffffffa8dd9f4dc5b5
8703,89.970468555,2.017859,34,v2,88000000ffffffffffffa8dd9f4dc5b5
8704,89.972692227,2.223672,34,v2,88000000ffffffffffffa8dd9f4dc5b5
8705,89.974685402,1.993175,34,v2,88000000ffffffffffffa8dd9f4dc5b5
8706,89.977668319,2.982917,34,v2,88000000ffffffffffffa8dd9f4dc5b5
8707,89.979548213,1.879894,34,v2,88000000ffffffffffffa8dd9f4dc5b5
8708,89.981639482,2.091269,34,v2,88000000ffffffffffffa8dd9f4dc5b5
8709,89.983550612,1.911130,34,v2,88000000ffffffffffffa8dd9f4dc5b5
8710,89.985704008,2.153396,34,v2,88000000ffffffffffffa8dd9f4dc5b5
8711,90.311004546,325.300538,34,v2,88000000ffffffffffffa8dd9f4dc5b5
8712,90.312859276,1.854730,34,v2,88000000ffffffffffffa8dd9f4dc5b5
8713,90.314935384,2.076108,34,v2,88000000ffffffffffffa8dd9f4dc5b5
8714,90.317013135,2.077751,34,v2,88000000ffffffffffffa8dd9f4dc5b5
8715,90.319043590,2.030455,34,v2,88000000ffffffffffffa8dd9f4dc5b5
8716,90.321034877,1.991287,34,v2,88000000ffffffffffffa8dd9f4dc5b5
8717,90.323089663,2.054786,34,v2,88000000ffffffffffffa8dd9f4dc5b5
8718,90.325100285,2.010622,34,v2,88000000ffffffffffffa8dd9f4dc5b5
8719,90.327190876,2.090591,34,v2,88000000ffffffffffffa8dd9f4dc5b5
8720,90.329209127,2.018251,34,v2,88000000ffffffffffffa8dd9f4dc5b5
8721,90.331158726,1.949599,34,v2,88000000ffffffffffffa8dd9f4dc5b5
8722,90.333131613,1.972887,34,v2,88000000ffffffffffffa8dd9f4dc5b5
8723,90.336354366,3.222753,34,v2,88000000ffffffffffffa8dd9f4dc5b5
8724,90.338302504,1.948138,34,v2,88000000ffffffffffffa8dd9f4dc5b5
8725,90.340181613,1.879109,34,v2,88000000ffffffffffffa8dd9f4dc5b5
8726,90.342303197,2.121584,34,v2,88000000ffffffffffffa8dd9f4dc5b5
8727,90.344436394,2.133197,34,v2,88000000ffffffffffffa8dd9f4dc5b5
8728,90.346457288,2.020894,34,v2,88000000ffffffffffffa8dd9f4dc5b5
8729,90.348473102,2.015814,34,v2,88000000ffffffffffffa8dd9f4dc5b5
8730,90.350473599,2.000497,34,v2,88000000ffffffffffffa8dd9f4dc5b5
8731,90.352477378,2.003779,34,v2,88000000ffffffffffffa8dd9f4dc5b5
8732,90.354441763,1.964385,34,v2,88000000ffffffffffffa8dd9f4dc5b5
8733,90.356494604,2.052841,34,v2,88000000ffffffffffffa8dd9f4dc5b5
8734,90.358500005,2.005401,34,v2,88000000ffffffffffffa8dd9f4dc5b5
8735,90.360628248,2.128243,34,v2,88000000ffffffffffffa8dd9f4dc5b5
8736,90.362773748,2.145500,34,v2,88000000ffffffffffffa8dd9f4dc5b5
8737,90.364627143,1.853395,34,v2,88000000ffffffffffffa8dd9f4dc5b5
8738,90.366580981,1.953838,34,v2,88000000ffffffffffffa8dd9f4dc5b5
8739,90.368720861,2.139880,34,v2,88000000ffffffffffffa8dd9f4dc5b5
8740,90.370728543,2.007682,34,v2,88000000ffffffffffffa8dd9f4dc5b5
8741,90.372757003,2.028460,34,v2,88000000ffffffffffffa8dd9f4dc5b5
8742,90.374912684,2.155681,34,v2,88000000ffffffffffffa8dd9f4dc5b5
8743,90.377192865,2.280181,34,v2,88000000ffffffffffffa8dd9f4dc5b5
8744,90.378980234,1.787369,34,v2,88000000ffffffffffffa8dd9f4dc5b5
8745,90.381205479,2.225245,34,v2,88000000ffffffffffffa8dd9f4dc5b5
8746,90.384164766,2.959287,34,v2,88000000ffffffffffffa8dd9f4dc5b5
8747,90.386089072,1.924306,34,v2,88000000ffffffffffffa8dd9f4dc5b5
8748,90.388055392,1.966320,34,v2,88000000ffffffffffffa8dd9f4dc5b5
8749,90.390029201,1.973809,34,v2,88000000ffffffffffffa8dd9f4dc5b5
8750,90.392091762,2.062561,34,v2,88000000ffffffffffffa8dd9f4dc5b5
8751,90.394145307,2.053545,34,v2,88000000ffffffffffffa8dd9f4dc5b5
8752,90.405175287,11.029980,34,v2,88000000ffffffffffffa8dd9f4dc5b5
8753,90.406371901,1.196614,34,v2,88000000ffffffffffffa8dd9f4dc5b5
8754,90.408355903,1.984002,34,v2,88000000ffffffffffffa8dd9f4dc5b5
8755,90.410420837,2.064934,34,v2,88000000ffffffffffffa8dd9f4dc5b5
8756,90.412718471,2.297634,34,v2,88000000ffffffffffffa8dd9f4dc5b5
8757,90.414465523,1.747052,34,v2,88000000ffffffffffffa8dd9f4dc5b5
8758,90.416557557,2.092034,34,v2,88000000ffffffffffffa8dd9f4dc5b5
8759,90.418934290,2.376733,34,v2,88000000ffffffffffffa8dd9f4dc5b5
8760,90.420789458,1.855168,34,v2,88000000ffffffffffffa8dd9f4dc5b5
8761,90.422630444,1.840986,34,v2,88000000ffffffffffffa8dd9f4dc5b5
8762,90.424691612,2.061168,34,v2,88000000ffffffffffffa8dd9f4dc5b5
8763,90.427378600,2.686988,34,v2,88000000ffffffffffffa8dd9f4dc5b5
8764,90.428672840,1.294240,34,v2,88000000ffffffffffffa8dd9f4dc5b5
8765,90.430857635,2.184795,34,v2,88000000ffffffffffffa8dd9f4dc5b5
8766,90.432957324,2.099689,34,v2,88000000ffffffffffffa8dd9f4dc5b5
8767,90.437307214,4.349890,34,v2,88000000ffffffffffffa8dd9f4dc5b5
8768,90.438898994,1.591780,34,v2,88000000ffffffffffffa8dd9f4dc5b5
8769,90.441030062,2.131068,34,v2,88000000ffffffffffffa8dd9f4dc5b5
8770,90.442958620,1.928558,34,v2,88000000ffffffffffffa8dd9f4dc5b5
8771,90.445082396,2.123776,34,v2,88000000ffffffffffffa8dd9f4dc5b5
8772,90.447034617,1.952221,34,v2,88000000ffffffffffffa8dd9f4dc5b5
8773,90.449057310,2.022693,34,v2,88000000ffffffffffffa8dd9f4dc5b5
8774,90.451049775,1.992465,34,v2,88000000ffffffffffffa8dd9f4dc5b5
8775,90.461397033,10.347258,34,v2,88000000ffffffffffffa8dd9f4dc5b5
8776,90.463304808,1.907775,34,v2,88000000ffffffffffffa8dd9f4dc5b5
8777,90.465309385,2.004577,34,v2,88000000ffffffffffffa8dd9f4dc5b5
8778,90.467280673,1.971288,34,v2,88000000ffffffffffffa8dd9f4dc5b5
8779,90.469336645,2.055972,34,v2,88000000ffffffffffffa8dd9f4dc5b5
8780,90.471373717,2.037072,34,v2,88000000ffffffffffffa8dd9f4dc5b5
8781,90.473393311,2.019594,34,v2,88000000ffffffffffffa8dd9f4dc5b5
8782,90.477690504,4.297193,34,v2,88000000ffffffffffffa8dd9f4dc5b5
8783,90.481571901,3.881397,34,v2,88000000ffffffffffffa8dd9f4dc5b5
8784,90.485763589,4.191688,34,v2,88000000ffffffffffffa8dd9f4dc5b5
8785,90.487575796,1.812207,34,v2,88000000ffffffffffffa8dd9f4dc5b5
8786,90.489546310,1.970514,34,v2,88000000ffffffffffffa8dd9f4dc5b5
8787,90.492275612,2.729302,34,v2,88000000ffffffffffffa8dd9f4dc5b5
8788,90.494766351,2.490739,34,v2,88000000ffffffffffffa8dd9f4dc5b5
8789,90.495870373,1.104022,34,v2,88000000ffffffffffffa8dd9f4dc5b5
8790,90.499978012,4.107639,34,v2,88000000ffffffffffffa8dd9f4dc5b5
8791,90.504011692,4.033680,34,v2,88000000ffffffffffffa8dd9f4dc5b5
8792,90.506892787,2.881095,34,v2,88000000ffffffffffffa8dd9f4dc5b5
8793,90.508018227,1.125440,34,v2,88000000ffffffffffffa8dd9f4dc5b5
8794,90.510995192,2.976965,34,v2,88000000ffffffffffffa8dd9f4dc5b5
8795,90.514044003,3.048811,34,v2,88000000ffffffffffffa8dd9f4dc5b5
8796,90.515962099,1.918096,34,v2,88000000ffffffffffffa8dd9f4dc5b5
8797,90.849458836,333.496737,34,v2,88000000ffffffffffffa8dd9f4dc5b5
8798,90.851496046,2.037210,34,v2,88000000ffffffffffffa8dd9f4dc5b5
8799,90.853367937,1.871891,34,v2,88000000ffffffffffffa8dd9f4dc5b5
8800,90.855342597,1.974660,34,v2,88000000ffffffffffffa8dd9f4dc5b5
8801,90.856519961,1.177364,34,v2,88000000ffffffffffffa8dd9f4dc5b5
8802,90.858617553,2.097592,34,v2,88000000ffffffffffffa8dd9f4dc5b5
8803,90.860589939,1.972386,34,v2,88000000ffffffffffffa8dd9f4dc5b5
8804,90.862666356,2.076417,34,v2,88000000ffffffffffffa8dd9f4dc5b5
8805,90.864551408,1.885052,34,v2,88000000ffffffffffffa8dd9f4dc5b5
8806,90.866698471,2.147063,34,v2,88000000ffffffffffffa8dd9f4dc5b5
8807,90.868602970,1.904499,34,v2,88000000ffffffffffffa8dd9f4dc5b5
8808,90.870581646,1.978676,34,v2,88000000ffffffffffffa8dd9f4dc5b5
8809,90.872631799,2.050153,34,v2,88000000ffffffffffffa8dd9f4dc5b5
8810,90.874574510,1.942711,34,v2,88000000ffffffffffffa8dd9f4dc5b5
8811,90.875761559,1.187049,34,v2,88000000ffffffffffffa8dd9f4dc5b5
8812,90.877710112,1.948553,34,v2,88000000ffffffffffffa8dd9f4dc5b5
8813,90.879819864,2.109752,34,v2,88000000ffffffffffffa8dd9f4dc5b5
8814,90.881840761,2.020897,34,v2,88000000ffffffffffffa8dd9f4dc5b5
8815,90.883876349,2.035588,34,v2,88000000ffffffffffffa8dd9f4dc5b5
8816,90.885849371,1.973022,34,v2,88000000ffffffffffffa8dd9f4dc5b5
8817,90.890322775,4.473404,34,v2,88000000ffffffffffffa8dd9f4dc5b5
8818,90.891924283,1.601508,34,v2,88000000ffffffffffffa8dd9f4dc5b5
8819,90.893963801,2.039518,34,v2,88000000ffffffffffffa8dd9f4dc5b5
8820,90.895992968,2.029167,34,v2,88000000ffffffffffffa8dd9f4dc5b5
8821,90.899339514,3.346546,34,v2,88000000ffffffffffffa8dd9f4dc5b5
8822,90.901181735,1.842221,34,v2,88000000ffffffffffffa8dd9f4dc5b5
8823,90.904393065,3.211330,34,v2,88000000ffffffffffffa8dd9f4dc5b5
8824,90.906367081,1.974016,34,v2,88000000ffffffffffffa8dd9f4dc5b5
8825,90.908286383,1.919302,34,v2,88000000ffffffffffffa8dd9f4dc5b5
8826,90.910395760,2.109377,34,v2,88000000ffffffffffffa8dd9f4dc5b5
8827,90.912322957,1.927197,34,v2,88000000ffffffffffffa8dd9f4dc5b5
8828,90.914323054,2.000097,34,v2,88000000ffffffffffffa8dd9f4dc5b5
8829,90.916375589,2.052535,34,v2,88000000ffffffffffffa8dd9f4dc5b5
8830,90.918346053,1.970464,34,v2,88000000ffffffffffffa8dd9f4dc5b5
8831,90.924094870,5.748817,34,v2,88000000ffffffffffffa8dd9f4dc5b5
8832,90.925541474,1.446604,34,v2,88000000ffffffffffffa8dd9f4dc5b5
8833,90.927540684,1.999210,34,v2,88000000ffffffffffffa8dd9f4dc5b5
8834,90.929637681,2.096997,34,v2,88000000ffffffffffffa8dd9f4dc5b5
8835,90.931483191,1.845510,34,v2,88000000ffffffffffffa8dd9f4dc5b5
8836,90.934354105,2.870914,34,v2,88000000ffffffffffffa8dd9f4dc5b5
8837,90.938586909,4.232804,34,v2,88000000ffffffffffffa8dd9f4dc5b5
8838,90.939597915,1.011006,34,v2,88000000ffffffffffffa8dd9f4dc5b5
8839,90.943040618,3.442703,34,v2,88000000ffffffffffffa8dd9f4dc5b5
8840,90.947838183,4.797565,34,v2,88000000ffffffffffffa8dd9f4dc5b5
8841,90.949063583,1.225400,34,v2,88000000ffffffffffffa8dd9f4dc5b5
8842,90.950978792,1.915209,34,v2,88000000ffffffffffffa8dd9f4dc5b5
8843,90.952950415,1.971623,34,v2,88000000ffffffffffffa8dd9f4dc5b5
8844,90.955035243,2.084828,34,v2,88000000ffffffffffffa8dd9f4dc5b5
8845,90.956922962,1.887719,34,v2,88000000ffffffffffffa8dd9f4dc5b5
8846,90.958885017,1.962055,34,v2,88000000ffffffffffffa8dd9f4dc5b5
8847,90.960996015,2.110998,34,v2,88000000ffffffffffffa8dd9f4dc5b5
8848,90.962090337,1.094322,34,v2,88000000ffffffffffffa8dd9f4dc5b5
8849,90.964169429,2.079092,34,v2,88000000ffffffffffffa8dd9f4dc5b5
8850,90.966132105,1.962676,34,v2,88000000ffffffffffffa8dd9f4dc5b5
8851,90.968155330,2.023225,34,v2,88000000ffffffffffffa8dd9f4dc5b5
8852,90.970142517,1.987187,34,v2,88000000ffffffffffffa8dd9f4dc5b5
8853,90.972190541,2.048024,34,v2,88000000ffffffffffffa8dd9f4dc5b5
8854,90.974372072,2.181531,34,v2,88000000ffffffffffffa8dd9f4dc5b5
8855,90.976608864,2.236792,34,v2,88000000ffffffffffffa8dd9f4dc5b5
8856,90.980952452,4.343588,34,v2,88000000ffffffffffffa8dd9f4dc5b5
8857,90.989809589,8.857137,34,v2,88000000ffffffffffffa8dd9f4dc5b5
8858,90.991454957,1.645368,34,v2,88000000ffffffffffffa8dd9f4dc5b5
8859,90.993850454,2.395497,34,v2,88000000ffffffffffffa8dd9f4dc5b5
8860,90.995831305,1.980851,34,v2,88000000ffffffffffffa8dd9f4dc5b5
8861,90.997719657,1.888352,34,v2,88000000ffffffffffffa8dd9f4dc5b5
8862,90.999604699,1.885042,34,v2,88000000ffffffffffffa8dd9f4dc5b5
8863,91.001854100,2.249401,34,v2,88000000ffffffffffffa8dd9f4dc5b5
8864,91.003782189,1.928089,34,v2,88000000ffffffffffffa8dd9f4dc5b5
8865,91.005842867,2.060678,34,v2,88000000ffffffffffffa8dd9f4dc5b5
8866,91.007786914,1.944047,34,v2,88000000ffffffffffffa8dd9f4dc5b5
8867,91.009782722,1.995808,34,v2,88000000ffffffffffffa8dd9f4dc5b5
8868,91.011835781,2.053059,34,v2,88000000ffffffffffffa8dd9f4dc5b5
8869,91.013820474,1.984693,34,v2,88000000ffffffffffffa8dd9f4dc5b5
8870,91.015859078,2.038604,34,v2,88000000ffffffffffffa8dd9f4dc5b5
8871,91.017849263,1.990185,34,v2,88000000ffffffffffffa8dd9f4dc5b5
8872,91.019949390,2.100127,34,v2,88000000ffffffffffffa8dd9f4dc5b5
8873,91.021933962,1.984572,34,v2,88000000ffffffffffffa8dd9f4dc5b5
8874,91.023062705,1.128743,34,v2,88000000ffffffffffffa8dd9f4dc5b5
8875,91.025159490,2.096785,34,v2,88000000ffffffffffffa8dd9f4dc5b5
8876,91.027173277,2.013787,34,v2,88000000ffffffffffffa8dd9f4dc5b5
8877,91.029201522,2.028245,34,v2,88000000ffffffffffffa8dd9f4dc5b5
8878,91.031216157,2.014635,34,v2,88000000ffffffffffffa8dd9f4dc5b5
8879,91.034268929,3.052772,34,v2,88000000ffffffffffffa8dd9f4dc5b5
8880,91.036278788,2.009859,34,v2,88000000ffffffffffffa8dd9f4dc5b5
8881,91.038273833,1.995045,34,v2,88000000ffffffffffffa8dd9f4dc5b5
8882,91.040288139,2.014306,34,v2,88000000ffffffffffffa8dd9f4dc5b5
8883,91.041435170,1.147031,34,v2,88000000ffffffffffffa8dd9f4dc5b5
8884,91.043411212,1.976042,34,v2,88000000ffffffffffffa8dd9f4dc5b5
8885,91.399940937,356.529725,34,v2,88000000ffffffffffffa8dd9f4dc5b5
8886,91.403073982,3.133045,34,v2,88000000ffffffffffffa8dd9f4dc5b5
8887,91.405108851,2.034869,34,v2,88000000ffffffffffffa8dd9f4dc5b5
8888,91.407018895,1.910044,34,v2,88000000ffffffffffffa8dd9f4dc5b5
8889,91.409083414,2.064519,34,v2,88000000ffffffffffffa8dd9f4dc5b5
8890,91.410134004,1.050590,34,v2,88000000ffffffffffffa8dd9f4dc5b5
8891,91.412407050,2.273046,34,v2,88000000ffffffffffffa8dd9f4dc5b5
8892,91.414408136,2.001086,34,v2,88000000ffffffffffffa8dd9f4dc5b5
8893,91.416214158,1.806022,34,v2,88000000ffffffffffffa8dd9f4dc5b5
8894,91.418200947,1.986789,34,v2,88000000ffffffffffffa8dd9f4dc5b5
8895,91.420157334,1.956387,34,v2,88000000ffffffffffffa8dd9f4dc5b5
8896,91.422306944,2.149610,34,v2,88000000ffffffffffffa8dd9f4dc5b5
8897,91.424314784,2.007840,34,v2,88000000ffffffffffffa8dd9f4dc5b5
8898,91.426325101,2.010317,34,v2,88000000ffffffffffffa8dd9f4dc5b5
8899,91.428385129,2.060028,34,v2,88000000ffffffffffffa8dd9f4dc5b5
8900,91.430480151,2.095022,34,v2,88000000ffffffffffffa8dd9f4dc5b5
8901,91.432465444,1.985293,34,v2,88000000ffffffffffffa8dd9f4dc5b5
8902,91.433552251,1.086807,34,v2,88000000ffffffffffffa8dd9f4dc5b5
8903,91.435468426,1.916175,34,v2,88000000ffffffffffffa8dd9f4dc5b5
8904,91.437682612,2.214186,34,v2,88000000ffffffffffffa8dd9f4dc5b5
8905,91.439682347,1.999735,34,v2,88000000ffffffffffffa8dd9f4dc5b5
8906,91.441772236,2.089889,34,v2,88000000ffffffffffffa8dd9f4dc5b5
8907,91.451726417,9.954181,34,v2,88000000ffffffffffffa8dd9f4dc5b5
8908,91.454915360,3.188943,34,v2,88000000ffffffffffffa8dd9f4dc5b5
8909,91.456313870,1.398510,34,v2,88000000ffffffffffffa8dd9f4dc5b5
8910,91.458053993,1.740123,34,v2,88000000ffffffffffffa8dd9f4dc5b5
8911,91.460081974,2.027981,34,v2,88000000ffffffffffffa8dd9f4dc5b5
8912,91.462106077,2.024103,34,v2,88000000ffffffffffffa8dd9f4dc5b5
8913,91.464043253,1.937176,34,v2,88000000ffffffffffffa8dd9f4dc5b5
8914,91.465109304,1.066051,34,v2,88000000ffffffffffffa8dd9f4dc5b5
8915,91.467070353,1.961049,34,v2,88000000ffffffffffffa8dd9f4dc5b5
8916,91.469081989,2.011636,34,v2,88000000ffffffffffffa8dd9f4dc5b5
8917,91.471073335,1.991346,34,v2,88000000ffffffffffffa8dd9f4dc5b5
8918,91.473093561,2.020226,34,v2,88000000ffffffffffffa8dd9f4dc5b5
8919,91.474401503,1.307942,34,v2,88000000ffffffffffffa8dd9f4dc5b5
8920,91.476299657,1.898154,34,v2,88000000ffffffffffffa8dd9f4dc5b5
8921,91.478428370,2.128713,34,v2,88000000ffffffffffffa8dd9f4dc5b5
8922,91.480304284,1.875914,34,v2,88000000ffffffffffffa8dd9f4dc5b5
8923,91.483434610,3.130326,34,v2,88000000ffffffffffffa8dd9f4dc5b5
8924,91.485519218,2.084608,34,v2,88000000ffffffffffffa8dd9f4dc5b5
8925,91.487463879,1.944661,34,v2,88000000ffffffffffffa8dd9f4dc5b5
8926,91.489410648,1.946769,34,v2,88000000ffffffffffffa8dd9f4dc5b5
8927,91.491424239,2.013591,34,v2,88000000ffffffffffffa8dd9f4dc5b5
8928,91.493423293,1.999054,34,v2,88000000ffffffffffffa8dd9f4dc5b5
8929,91.494645754,1.222461,34,v2,88000000ffffffffffffa8dd9f4dc5b5
8930,91.496629815,1.984061,34,v2,88000000ffffffffffffa8dd9f4dc5b5
8931,91.498594693,1.964878,34,v2,88000000ffffffffffffa8dd9f4dc5b5
8932,91.500569774,1.975081,34,v2,88000000ffffffffffffa8dd9f4dc5b5
8933,91.501684518,1.114744,34,v2,88000000ffffffffffffa8dd9f4dc5b5
8934,91.503681089,1.996571,34,v2,88000000ffffffffffffa8dd9f4dc5b5
8935,91.505645281,1.964192,34,v2,88000000ffffffffffffa8dd9f4dc5b5
8936,91.507616428,1.971147,34,v2,88000000ffffffffffffa8dd9f4dc5b5
8937,91.509703558,2.087130,34,v2,88000000ffffffffffffa8dd9f4dc5b5
8938,91.511648502,1.944944,34,v2,88000000ffffffffffffa8dd9f4dc5b5
8939,91.513710703,2.062201,34,v2,88000000ffffffffffffa8dd9f4dc5b5
8940,91.514993789,1.283086,34,v2,88000000ffffffffffffa8dd9f4dc5b5
8941,91.516878225,1.884436,34,v2,88000000ffffffffffffa8dd9f4dc5b5
8942,91.519672237,2.794012,34,v2,88000000ffffffffffffa8dd9f4dc5b5
8943,91.522025256,2.353019,34,v2,88000000ffffffffffffa8dd9f4dc5b5
8944,91.523951101,1.925845,34,v2,88000000ffffffffffffa8dd9f4dc5b5
8945,91.525908814,1.957713,34,v2,88000000ffffffffffffa8dd9f4dc5b5
8946,91.527930345,2.021531,34,v2,88000000ffffffffffffa8dd9f4dc5b5
8947,91.532117873,4.187528,34,v2,88000000ffffffffffffa8dd9f4dc5b5
8948,91.533098813,0.980940,34,v2,88000000ffffffffffffa8dd9f4dc5b5
8949,91.535171363,2.072550,34,v2,88000000ffffffffffffa8dd9f4dc5b5
8950,91.537166529,1.995166,34,v2,88000000ffffffffffffa8dd9f4dc5b5
8951,91.539210830,2.044301,34,v2,88000000ffffffffffffa8dd9f4dc5b5
8952,91.540636729,1.425899,34,v2,88000000ffffffffffffa8dd9f4dc5b5
8953,91.542198596,1.561867,34,v2,88000000ffffffffffffa8dd9f4dc5b5
8954,91.544506515,2.307919,34,v2,88000000ffffffffffffa8dd9f4dc5b5
8955,91.546339330,1.832815,34,v2,88000000ffffffffffffa8dd9f4dc5b5
8956,91.548311450,1.972120,34,v2,88000000ffffffffffffa8dd9f4dc5b5
8957,91.550448818,2.137368,34,v2,88000000ffffffffffffa8dd9f4dc5b5
8958,91.552312338,1.863520,34,v2,88000000ffffffffffffa8dd9f4dc5b5
8959,91.556619622,4.307284,34,v2,88000000ffffffffffffa8dd9f4dc5b5
8960,91.558424001,1.804379,34,v2,88000000ffffffffffffa8dd9f4dc5b5
8961,91.562602373,4.178372,34,v2,88000000ffffffffffffa8dd9f4dc5b5
8962,91.564587612,1.985239,34,v2,88000000ffffffffffffa8dd9f4dc5b5
8963,91.566539298,1.951686,34,v2,88000000ffffffffffffa8dd9f4dc5b5
8964,91.567659667,1.120369,34,v2,88000000ffffffffffffa8dd9f4dc5b5
8965,91.569559258,1.899591,34,v2,88000000ffffffffffffa8dd9f4dc5b5
8966,91.571613105,2.053847,34,v2,88000000ffffffffffffa8dd9f4dc5b5
8967,91.573616624,2.003519,34,v2,88000000ffffffffffffa8dd9f4dc5b5
8968,91.575592965,1.976341,34,v2,88000000ffffffffffffa8dd9f4dc5b5
8969,91.576758603,1.165638,34,v2,88000000ffffffffffffa8dd9f4dc5b5
8970,91.578914205,2.155602,34,v2,88000000ffffffffffffa8dd9f4dc5b5
8971,91.580794339,1.880134,34,v2,88000000ffffffffffffa8dd9f4dc5b5
8972,91.582902173,2.107834,34,v2,88000000ffffffffffffa8dd9f4dc5b5
8973,91.584898210,1.996037,34,v2,88000000ffffffffffffa8dd9f4dc5b5
8974,91.909168424,324.270214,34,v2,88000000ffffffffffffa8dd9f4dc5b5
8975,91.911151492,1.983068,34,v2,88000000ffffffffffffa8dd9f4dc5b5
8976,91.913117996,1.966504,34,v2,88000000ffffffffffffa8dd9f4dc5b5
8977,91.915058553,1.940557,34,v2,88000000ffffffffffffa8dd9f4dc5b5
8978,91.916209247,1.150694,34,v2,88000000ffffffffffffa8dd9f4dc5b5
8979,91.918143371,1.934124,34,v2,88000000ffffffffffffa8dd9f4dc5b5
8980,91.920235246,2.091875,34,v2,88000000ffffffffffffa8dd9f4dc5b5
8981,91.922217365,1.982119,34,v2,88000000ffffffffffffa8dd9f4dc5b5
8982,91.923341454,1.124089,34,v2,88000000ffffffffffffa8dd9f4dc5b5
8983,91.925261723,1.920269,34,v2,88000000ffffffffffffa8dd9f4dc5b5
8984,91.928428538,3.166815,34,v2,88000000ffffffffffffa8dd9f4dc5b5
8985,91.930371768,1.943230,34,v2,88000000ffffffffffffa8dd9f4dc5b5
8986,91.932317296,1.945528,34,v2,88000000ffffffffffffa8dd9f4dc5b5
8987,91.935601060,3.283764,34,v2,88000000ffffffffffffa8dd9f4dc5b5
8988,91.937471927,1.870867,34,v2,88000000ffffffffffffa8dd9f4dc5b5
8989,91.939413804,1.941877,34,v2,88000000ffffffffffffa8dd9f4dc5b5
8990,91.940510455,1.096651,34,v2,88000000ffffffffffffa8dd9f4dc5b5
8991,91.942457310,1.946855,34,v2,88000000ffffffffffffa8dd9f4dc5b5
8992,91.945570216,3.112906,34,v2,88000000ffffffffffffa8dd9f4dc5b5
8993,91.948581846,3.011630,34,v2,88000000ffffffffffffa8dd9f4dc5b5
8994,91.950533300,1.951454,34,v2,88000000ffffffffffffa8dd9f4dc5b5
8995,91.952701739,2.168439,34,v2,88000000ffffffffffffa8dd9f4dc5b5
8996,91.954586319,1.884580,34,v2,88000000ffffffffffffa8dd9f4dc5b5
8997,91.955654855,1.068536,34,v2,88000000ffffffffffffa8dd9f4dc5b5
8998,91.957678700,2.023845,34,v2,88000000ffffffffffffa8dd9f4dc5b5
8999,91.959688299,2.009599,34,v2,88000000ffffffffffffa8dd9f4dc5b5
9000,91.960781116,1.092817,34,v2,88000000ffffffffffffa8dd9f4dc5b5
9001,91.962773555,1.992439,34,v2,88000000ffffffffffffa8dd9f4dc5b5
9002,91.964755119,1.981564,34,v2,88000000ffffffffffffa8dd9f4dc5b5
9003,91.966824511,2.069392,34,v2,88000000ffffffffffffa8dd9f4dc5b5
9004,91.968077739,1.253228,34,v2,88000000ffffffffffffa8dd9f4dc5b5
9005,91.969915921,1.838182,34,v2,88000000ffffffffffffa8dd9f4dc5b5
9006,91.972079499,2.163578,34,v2,88000000ffffffffffffa8dd9f4dc5b5
9007,91.975494747,3.415248,34,v2,88000000ffffffffffffa8dd9f4dc5b5
9008,91.978137224,2.642477,34,v2,88000000ffffffffffffa8dd9f4dc5b5
9009,91.980080226,1.943002,34,v2,88000000ffffffffffffa8dd9f4dc5b5
9010,91.982062827,1.982601,34,v2,88000000ffffffffffffa8dd9f4dc5b5
9011,91.984199696,2.136869,34,v2,88000000ffffffffffffa8dd9f4dc5b5
9012,92.007151892,22.952196,34,v2,88000000ffffffffffffa8dd9f4dc5b5
9013,92.008500315,1.348423,34,v2,88000000ffffffffffffa8dd9f4dc5b5
9014,92.009615443,1.115128,34,v2,88000000ffffffffffffa8dd9f4dc5b5
9015,92.011539002,1.923559,34,v2,88000000ffffffffffffa8dd9f4dc5b5
9016,92.013513352,1.974350,34,v2,88000000ffffffffffffa8dd9f4dc5b5
9017,92.014607801,1.094449,34,v2,88000000ffffffffffffa8dd9f4dc5b5
9018,92.016638019,2.030218,34,v2,88000000ffffffffffffa8dd9f4dc5b5
9019,92.018644879,2.006860,34,v2,88000000ffffffffffffa8dd9f4dc5b5
9020,92.020647898,2.003019,34,v2,88000000ffffffffffffa8dd9f4dc5b5
9021,92.021769251,1.121353,34,v2,88000000ffffffffffffa8dd9f4dc5b5
9022,92.023745215,1.975964,34,v2,88000000ffffffffffffa8dd9f4dc5b5
9023,92.025769215,2.024000,34,v2,88000000ffffffffffffa8dd9f4dc5b5
9024,92.027797281,2.028066,34,v2,88000000ffffffffffffa8dd9f4dc5b5
9025,92.028935571,1.138290,34,v2,88000000ffffffffffffa8dd9f4dc5b5
9026,92.030903906,1.968335,34,v2,88000000ffffffffffffa8dd9f4dc5b5
9027,92.032889650,1.985744,34,v2,88000000ffffffffffffa8dd9f4dc5b5
9028,92.033975278,1.085628,34,v2,88000000ffffffffffffa8dd9f4dc5b5
9029,92.035984866,2.009588,34,v2,88000000ffffffffffffa8dd9f4dc5b5
9030,92.037956369,1.971503,34,v2,88000000ffffffffffffa8dd9f4dc5b5
9031,92.039170059,1.213690,34,v2,88000000ffffffffffffa8dd9f4dc5b5
9032,92.041066749,1.896690,34,v2,88000000ffffffffffffa8dd9f4dc5b5
9033,92.054149482,13.082733,34,v2,88000000ffffffffffffa8dd9f4dc5b5
9034,92.055330661,1.181179,34,v2,88000000ffffffffffffa8dd9f4dc5b5
9035,92.057244814,1.914153,34,v2,88000000ffffffffffffa8dd9f4dc5b5
9036,92.059067987,1.823173,34,v2,88000000ffffffffffffa8dd9f4dc5b5
9037,92.060426342,1.358355,34,v2,88000000ffffffffffffa8dd9f4dc5b5
9038,92.062396525,1.970183,34,v2,88000000ffffffffffffa8dd9f4dc5b5
9039,92.065420320,3.023795,34,v2,88000000ffffffffffffa8dd9f4dc5b5
9040,92.067391455,1.971135,34,v2,88000000ffffffffffffa8dd9f4dc5b5
9041,92.069377274,1.985819,34,v2,88000000ffffffffffffa8dd9f4dc5b5
9042,92.070522193,1.144919,34,v2,88000000ffffffffffffa8dd9f4dc5b5
9043,92.072479374,1.957181,34,v2,88000000ffffffffffffa8dd9f4dc5b5
9044,92.075508759,3.029385,34,v2,88000000ffffffffffffa8dd9f4dc5b5
9045,92.077563287,2.054528,34,v2,88000000ffffffffffffa8dd9f4dc5b5
9046,92.078656964,1.093677,34,v2,88000000ffffffffffffa8dd9f4dc5b5
9047,92.080555386,1.898422,34,v2,88000000ffffffffffffa8dd9f4dc5b5
9048,92.082632477,2.077091,34,v2,88000000ffffffffffffa8dd9f4dc5b5
9049,92.083806984,1.174507,34,v2,88000000ffffffffffffa8dd9f4dc5b5
9050,92.418352639,334.545655,34,v2,88000000ffffffffffffa8dd9f4dc5b5
9051,92.420018575,1.665936,34,v2,88000000ffffffffffffa8dd9f4dc5b5
9052,92.421098842,1.080267,34,v2,88000000ffffffffffffa8dd9f4dc5b5
9053,92.435673362,14.574520,99,v2,1c000000aadd9f4dc5b5681533050000
9054,92.438495331,2.821969,30,v2,88000000ffffffffffffa8dd9f4dc5b5
9055,92.440431274,1.935943,30,v2,88000000ffffffffffffa8dd9f4dc5b5
9056,92.441831692,1.400418,30,v2,88000000ffffffffffffa8dd9f4dc5b5
9057,92.443523762,1.692070,30,v2,88000000ffffffffffffa8dd9f4dc5b5
9058,92.458313107,14.789345,30,v2,88000000ffffffffffffa8dd9f4dc5b5
9059,92.459632835,1.319728,30,v2,88000000ffffffffffffa8dd9f4dc5b5
9060,92.461721527,2.088692,30,v2,88000000ffffffffffffa8dd9f4dc5b5
9061,92.463521160,1.799633,30,v2,88000000ffffffffffffa8dd9f4dc5b5
9062,92.465878790,2.357630,30,v2,88000000ffffffffffffa8dd9f4dc5b5
9063,92.467765992,1.887202,30,v2,88000000ffffffffffffa8dd9f4dc5b5
9064,92.469514296,1.748304,30,v2,88000000ffffffffffffa8dd9f4dc5b5
9065,92.472733983,3.219687,30,v2,88000000ffffffffffffa8dd9f4dc5b5
9066,92.473901261,1.167278,30,v2,88000000ffffffffffffa8dd9f4dc5b5
9067,92.483232649,9.331388,30,v2,88000000ffffffffffffa8dd9f4dc5b5
9068,92.485418279,2.185630,30,v2,88000000ffffffffffffa8dd9f4dc5b5
9069,92.487162592,1.744313,30,v2,88000000ffffffffffffa8dd9f4dc5b5
9070,92.492061375,4.898783,30,v2,88000000ffffffffffffa8dd9f4dc5b5
9071,92.499099877,7.038502,30,v2,88000000ffffffffffffa8dd9f4dc5b5
9072,92.502170386,3.070509,30,v2,88000000ffffffffffffa8dd9f4dc5b5
9073,92.503905663,1.735277,30,v2,88000000ffffffffffffa8dd9f4dc5b5
9074,92.506466171,2.560508,30,v2,88000000ffffffffffffa8dd9f4dc5b5
9075,92.508360449,1.894278,30,v2,88000000ffffffffffffa8dd9f4dc5b5
9076,92.510430836,2.070387,30,v2,88000000ffffffffffffa8dd9f4dc5b5
9077,92.516803626,6.372790,30,v2,88000000ffffffffffffa8dd9f4dc5b5
9078,92.518603931,1.800305,30,v2,88000000ffffffffffffa8dd9f4dc5b5
9079,92.519675738,1.071807,30,v2,88000000ffffffffffffa8dd9f4dc5b5
9080,92.521714660,2.038922,30,v2,88000000ffffffffffffa8dd9f4dc5b5
9081,92.523643975,1.929315,30,v2,88000000ffffffffffffa8dd9f4dc5b5
9082,92.524704593,1.060618,30,v2,88000000ffffffffffffa8dd9f4dc5b5
9083,92.528095079,3.390486,30,v2,88000000ffffffffffffa8dd9f4dc5b5
9084,92.529857871,1.762792,30,v2,88000000ffffffffffffa8dd9f4dc5b5
9085,92.531724329,1.866458,30,v2,88000000ffffffffffffa8dd9f4dc5b5
9086,92.532887657,1.163328,30,v2,88000000ffffffffffffa8dd9f4dc5b5
9087,92.534982480,2.094823,30,v2,88000000ffffffffffffa8dd9f4dc5b5
9088,92.538013159,3.030679,30,v2,88000000ffffffffffffa8dd9f4dc5b5
9089,92.539917409,1.904250,30,v2,88000000ffffffffffffa8dd9f4dc5b5
9090,92.541044693,1.127284,30,v2,88000000ffffffffffffa8dd9f4dc5b5
9091,92.542941066,1.896373,30,v2,88000000ffffffffffffa8dd9f4dc5b5
9092,92.545096318,2.155252,30,v2,88000000ffffffffffffa8dd9f4dc5b5
9093,92.546214528,1.118210,30,v2,88000000ffffffffffffa8dd9f4dc5b5
9094,92.548483208,2.268680,30,v2,88000000ffffffffffffa8dd9f4dc5b5
9095,92.560275968,11.792760,30,v2,88000000ffffffffffffa8dd9f4dc5b5
9096,92.562969510,2.693542,30,v2,88000000ffffffffffffa8dd9f4dc5b5
9097,92.564665736,1.696226,30,v2,88000000ffffffffffffa8dd9f4dc5b5
9098,92.567660235,2.994499,30,v2,88000000ffffffffffffa8dd9f4dc5b5
9099,92.569722021,2.061786,30,v2,88000000ffffffffffffa8dd9f4dc5b5
9100,92.583539762,13.817741,30,v2,88000000ffffffffffffa8dd9f4dc5b5
9101,92.585612223,2.072461,30,v2,88000000ffffffffffffa8dd9f4dc5b5
9102,92.587567358,1.955135,30,v2,88000000ffffffffffffa8dd9f4dc5b5
9103,92.588750483,1.183125,30,v2,88000000ffffffffffffa8dd9f4dc5b5
9104,92.931510284,342.759801,30,v2,88000000ffffffffffffa8dd9f4dc5b5
9105,92.934284553,2.774269,30,v2,88000000ffffffffffffa8dd9f4dc5b5
9106,92.936244492,1.959939,30,v2,88000000ffffffffffffa8dd9f4dc5b5
9107,92.938164575,1.920083,30,v2,88000000ffffffffffffa8dd9f4dc5b5
9108,92.939274831,1.110256,30,v2,88000000ffffffffffffa8dd9f4dc5b5
9109,92.941183801,1.908970,30,v2,88000000ffffffffffffa8dd9f4dc5b5
9110,92.942357675,1.173874,30,v2,88000000ffffffffffffa8dd9f4dc5b5
9111,92.945356095,2.998420,30,v2,88000000ffffffffffffa8dd9f4dc5b5
9112,92.947249145,1.893050,30,v2,88000000ffffffffffffa8dd9f4dc5b5
9113,92.948445667,1.196522,30,v2,88000000ffffffffffffa8dd9f4dc5b5
9114,92.950387475,1.941808,30,v2,88000000ffffffffffffa8dd9f4dc5b5
9115,92.951525657,1.138182,30,v2,88000000ffffffffffffa8dd9f4dc5b5
9116,92.954523836,2.998179,30,v2,88000000ffffffffffffa8dd9f4dc5b5
9117,92.956442328,1.918492,30,v2,88000000ffffffffffffa8dd9f4dc5b5
9118,92.957520997,1.078669,30,v2,88000000ffffffffffffa8dd9f4dc5b5
9119,92.960566975,3.045978,30,v2,88000000ffffffffffffa8dd9f4dc5b5
9120,92.962567757,2.000782,30,v2,88000000ffffffffffffa8dd9f4dc5b5
9121,92.963702797,1.135040,30,v2,88000000ffffffffffffa8dd9f4dc5b5
9122,92.965589497,1.886700,30,v2,88000000ffffffffffffa8dd9f4dc5b5
9123,92.966753938,1.164441,30,v2,88000000ffffffffffffa8dd9f4dc5b5
9124,92.968568101,1.814163,30,v2,88000000ffffffffffffa8dd9f4dc5b5
9125,92.969798336,1.230235,30,v2,88000000ffffffffffffa8dd9f4dc5b5
9126,92.972861329,3.062993,30,v2,88000000ffffffffffffa8dd9f4dc5b5
9127,92.974714194,1.852865,30,v2,88000000ffffffffffffa8dd9f4dc5b5
9128,92.975763587,1.049393,30,v2,88000000ffffffffffffa8dd9f4dc5b5
9129,92.977796942,2.033355,30,v2,88000000ffffffffffffa8dd9f4dc5b5
9130,92.980882389,3.085447,30,v2,88000000ffffffffffffa8dd9f4dc5b5
9131,92.982825765,1.943376,30,v2,88000000ffffffffffffa8dd9f4dc5b5
9132,92.984948034,2.122269,30,v2,88000000ffffffffffffa8dd9f4dc5b5
9133,92.986886376,1.938342,30,v2,88000000ffffffffffffa8dd9f4dc5b5
9134,92.987953315,1.066939,30,v2,88000000ffffffffffffa8dd9f4dc5b5
9135,92.991139979,3.186664,30,v2,88000000ffffffffffffa8dd9f4dc5b5
9136,92.994049351,2.909372,30,v2,88000000ffffffffffffa8dd9f4dc5b5
9137,92.996060283,2.010932,30,v2,88000000ffffffffffffa8dd9f4dc5b5
9138,92.997138230,1.077947,30,v2,88000000ffffffffffffa8dd9f4dc5b5
9139,92.999117197,1.978967,30,v2,88000000ffffffffffffa8dd9f4dc5b5
9140,93.000178759,1.061562,30,v2,88000000ffffffffffffa8dd9f4dc5b5
9141,93.002122964,1.944205,30,v2,88000000ffffffffffffa8dd9f4dc5b5
9142,93.003245064,1.122100,30,v2,88000000ffffffffffffa8dd9f4dc5b5
9143,93.005180033,1.934969,30,v2,88000000ffffffffffffa8dd9f4dc5b5
9144,93.006351456,1.171423,30,v2,88000000ffffffffffffa8dd9f4dc5b5
9145,93.009381116,3.029660,30,v2,88000000ffffffffffffa8dd9f4dc5b5
9146,93.012541496,3.160380,30,v2,88000000ffffffffffffa8dd9f4dc5b5
9147,93.014307452,1.765956,30,v2,88000000ffffffffffffa8dd9f4dc5b5
9148,93.015361422,1.053970,30,v2,88000000ffffffffffffa8dd9f4dc5b5
9149,93.017337770,1.976348,30,v2,88000000ffffffffffffa8dd9f4dc5b5
9150,93.019356477,2.018707,30,v2,88000000ffffffffffffa8dd9f4dc5b5
9151,93.020443448,1.086971,30,v2,88000000ffffffffffffa8dd9f4dc5b5
9152,93.022460673,2.017225,30,v2,88000000ffffffffffffa8dd9f4dc5b5
9153,93.023607237,1.146564,30,v2,88000000ffffffffffffa8dd9f4dc5b5
9154,93.025568675,1.961438,30,v2,88000000ffffffffffffa8dd9f4dc5b5
9155,93.031789021,6.220346,30,v2,88000000ffffffffffffa8dd9f4dc5b5
9156,93.034672886,2.883865,30,v2,88000000ffffffffffffa8dd9f4dc5b5
9157,93.036600972,1.928086,30,v2,88000000ffffffffffffa8dd9f4dc5b5
9158,93.037743456,1.142484,30,v2,88000000ffffffffffffa8dd9f4dc5b5
9159,93.039636160,1.892704,30,v2,88000000ffffffffffffa8dd9f4dc5b5
9160,93.040795876,1.159716,30,v2,88000000ffffffffffffa8dd9f4dc5b5
9161,93.042700695,1.904819,30,v2,88000000ffffffffffffa8dd9f4dc5b5
9162,93.043839737,1.139042,30,v2,88000000ffffffffffffa8dd9f4dc5b5
9163,93.045785477,1.945740,30,v2,88000000ffffffffffffa8dd9f4dc5b5
9164,93.046831111,1.045634,30,v2,88000000ffffffffffffa8dd9f4dc5b5
9165,93.048823609,1.992498,30,v2,88000000ffffffffffffa8dd9f4dc5b5
9166,93.049884440,1.060831,30,v2,88000000ffffffffffffa8dd9f4dc5b5
9167,93.051865534,1.981094,30,v2,88000000ffffffffffffa8dd9f4dc5b5
9168,93.052979603,1.114069,30,v2,88000000ffffffffffffa8dd9f4dc5b5
9169,93.056005858,3.026255,30,v2,88000000ffffffffffffa8dd9f4dc5b5
9170,93.058041354,2.035496,30,v2,88000000ffffffffffffa8dd9f4dc5b5
9171,93.059984496,1.943142,30,v2,88000000ffffffffffffa8dd9f4dc5b5
9172,93.061259927,1.275431,30,v2,88000000ffffffffffffa8dd9f4dc5b5
9173,93.063065595,1.805668,30,v2,88000000ffffffffffffa8dd9f4dc5b5
9174,93.064126183,1.060588,30,v2,88000000ffffffffffffa8dd9f4dc5b5
9175,93.067286980,3.160797,30,v2,88000000ffffffffffffa8dd9f4dc5b5
9176,93.070858199,3.571219,30,v2,88000000ffffffffffffa8dd9f4dc5b5
9177,93.073450962,2.592763,30,v2,88000000ffffffffffffa8dd9f4dc5b5
9178,93.076419144,2.968182,30,v2,88000000ffffffffffffa8dd9f4dc5b5
9179,93.078531823,2.112679,30,v2,88000000ffffffffffffa8dd9f4dc5b5
9180,93.080459311,1.927488,30,v2,88000000ffffffffffffa8dd9f4dc5b5
9181,93.081553310,1.093999,30,v2,88000000ffffffffffffa8dd9f4dc5b5
9182,93.083467867,1.914557,30,v2,88000000ffffffffffffa8dd9f4dc5b5
9183,93.436034274,352.566407,30,v2,88000000ffffffffffffa8dd9f4dc5b5
9184,93.438174518,2.140244,30,v2,88000000ffffffffffffa8dd9f4dc5b5
9185,93.440036416,1.861898,30,v2,88000000ffffffffffffa8dd9f4dc5b5
9186,93.441098838,1.062422,30,v2,88000000ffffffffffffa8dd9f4dc5b5
9187,93.443084340,1.985502,30,v2,88000000ffffffffffffa8dd9f4dc5b5
9188,93.444172074,1.087734,30,v2,88000000ffffffffffffa8dd9f4dc5b5
9189,93.447244963,3.072889,30,v2,88000000ffffffffffffa8dd9f4dc5b5
9190,93.449105166,1.860203,30,v2,88000000ffffffffffffa8dd9f4dc5b5
9191,93.450241574,1.136408,30,v2,88000000ffffffffffffa8dd9f4dc5b5
9192,93.451306564,1.064990,30,v2,88000000ffffffffffffa8dd9f4dc5b5
9193,93.455302672,3.996108,30,v2,88000000ffffffffffffa8dd9f4dc5b5
9194,93.457433110,2.130438,30,v2,88000000ffffffffffffa8dd9f4dc5b5
9195,93.459323374,1.890264,30,v2,88000000ffffffffffffa8dd9f4dc5b5
9196,93.461633298,2.309924,30,v2,88000000ffffffffffffa8dd9f4dc5b5
9197,93.464552952,2.919654,30,v2,88000000ffffffffffffa8dd9f4dc5b5
9198,93.468523214,3.970262,30,v2,88000000ffffffffffffa8dd9f4dc5b5
9199,93.470492923,1.969709,30,v2,88000000ffffffffffffa8dd9f4dc5b5
9200,93.471567566,1.074643,30,v2,88000000ffffffffffffa8dd9f4dc5b5
9201,93.474636200,3.068634,30,v2,88000000ffffffffffffa8dd9f4dc5b5
9202,93.475740241,1.104041,30,v2,88000000ffffffffffffa8dd9f4dc5b5
9203,93.477698189,1.957948,30,v2,88000000ffffffffffffa8dd9f4dc5b5
9204,93.481047360,3.349171,30,v2,88000000ffffffffffffa8dd9f4dc5b5
9205,93.481058789,0.011429,30,v2,88000000ffffffffffffa8dd9f4dc5b5
9206,93.482696904,1.638115,30,v2,88000000ffffffffffffa8dd9f4dc5b5
9207,93.485221414,2.524510,30,v2,88000000ffffffffffffa8dd9f4dc5b5
9208,93.487041108,1.819694,30,v2,88000000ffffffffffffa8dd9f4dc5b5
9209,93.502195122,15.154014,30,v2,88000000ffffffffffffa8dd9f4dc5b5
9210,93.503248352,1.053230,30,v2,88000000ffffffffffffa8dd9f4dc5b5
9211,93.505199656,1.951304,30,v2,88000000ffffffffffffa8dd9f4dc5b5
9212,93.507054661,1.855005,30,v2,88000000ffffffffffffa8dd9f4dc5b5
9213,93.508138674,1.084013,30,v2,88000000ffffffffffffa8dd9f4dc5b5
9214,93.512387308,4.248634,30,v2,88000000ffffffffffffa8dd9f4dc5b5
9215,93.514266189,1.878881,30,v2,88000000ffffffffffffa8dd9f4dc5b5
9216,93.515296598,1.030409,30,v2,88000000ffffffffffffa8dd9f4dc5b5
9217,93.517239880,1.943282,30,v2,88000000ffffffffffffa8dd9f4dc5b5
9218,93.518380998,1.141118,30,v2,88000000ffffffffffffa8dd9f4dc5b5
9219,93.520362760,1.981762,30,v2,88000000ffffffffffffa8dd9f4dc5b5
9220,93.522939994,2.577234,30,v2,88000000ffffffffffffa8dd9f4dc5b5
9221,93.525497817,2.557823,30,v2,88000000ffffffffffffa8dd9f4dc5b5
9222,93.527471064,1.973247,30,v2,88000000ffffffffffffa8dd9f4dc5b5
9223,93.529579090,2.108026,30,v2,88000000ffffffffffffa8dd9f4dc5b5
9224,93.531440335,1.861245,30,v2,88000000ffffffffffffa8dd9f4dc5b5
9225,93.533428194,1.987859,30,v2,88000000ffffffffffffa8dd9f4dc5b5
9226,93.534605492,1.177298,30,v2,88000000ffffffffffffa8dd9f4dc5b5
9227,93.537681353,3.075861,30,v2,88000000ffffffffffffa8dd9f4dc5b5
9228,93.541874523,4.193170,30,v2,88000000ffffffffffffa8dd9f4dc5b5
9229,93.543658679,1.784156,30,v2,88000000ffffffffffffa8dd9f4dc5b5
9230,93.545334617,1.675938,30,v2,88000000ffffffffffffa8dd9f4dc5b5
9231,93.548061940,2.727323,30,v2,88000000ffffffffffffa8dd9f4dc5b5
9232,93.550809409,2.747469,30,v2,88000000ffffffffffffa8dd9f4dc5b5
9233,93.552767002,1.957593,30,v2,88000000ffffffffffffa8dd9f4dc5b5
9234,93.554894708,2.127706,30,v2,88000000ffffffffffffa8dd9f4dc5b5
9235,93.556797616,1.902908,30,v2,88000000ffffffffffffa8dd9f4dc5b5
9236,93.557905772,1.108156,30,v2,88000000ffffffffffffa8dd9f4dc5b5
9237,93.559980159,2.074387,30,v2,88000000ffffffffffffa8dd9f4dc5b5
9238,93.562252902,2.272743,30,v2,88000000ffffffffffffa8dd9f4dc5b5
9239,93.565134174,2.881272,30,v2,88000000ffffffffffffa8dd9f4dc5b5
9240,93.569285489,4.151315,30,v2,88000000ffffffffffffa8dd9f4dc5b5
9241,93.571155487,1.869998,30,v2,88000000ffffffffffffa8dd9f4dc5b5
9242,93.572258162,1.102675,30,v2,88000000ffffffffffffa8dd9f4dc5b5
9243,93.574154176,1.896014,30,v2,88000000ffffffffffffa8dd9f4dc5b5
9244,93.582963345,8.809169,30,v2,88000000ffffffffffffa8dd9f4dc5b5
9245,93.910803007,327.839662,30,v2,88000000ffffffffffffa8dd9f4dc5b5
9246,93.914790420,3.987413,30,v2,88000000ffffffffffffa8dd9f4dc5b5
9247,93.918878485,4.088065,30,v2,88000000ffffffffffffa8dd9f4dc5b5
9248,93.922739382,3.860897,30,v2,88000000ffffffffffffa8dd9f4dc5b5
9249,93.924594329,1.854947,30,v2,88000000ffffffffffffa8dd9f4dc5b5
9250,93.926748665,2.154336,30,v2,88000000ffffffffffffa8dd9f4dc5b5
9251,93.931050963,4.302298,30,v2,88000000ffffffffffffa8dd9f4dc5b5
9252,93.933907580,2.856617,30,v2,88000000ffffffffffffa8dd9f4dc5b5
9253,93.936053527,2.145947,30,v2,88000000ffffffffffffa8dd9f4dc5b5
9254,93.940220540,4.167013,30,v2,88000000ffffffffffffa8dd9f4dc5b5
9255,93.943067867,2.847327,30,v2,88000000ffffffffffffa8dd9f4dc5b5
9256,93.944256640,1.188773,30,v2,88000000ffffffffffffa8dd9f4dc5b5
9257,93.948781461,4.524821,30,v2,88000000ffffffffffffa8dd9f4dc5b5
9258,93.956970240,8.188779,30,v2,88000000ffffffffffffa8dd9f4dc5b5
9259,93.958113894,1.143654,30,v2,88000000ffffffffffffa8dd9f4dc5b5
9260,93.960510350,2.396456,30,v2,88000000ffffffffffffa8dd9f4dc5b5
9261,93.964399552,3.889202,30,v2,88000000ffffffffffffa8dd9f4dc5b5
9262,93.966266428,1.866876,30,v2,88000000ffffffffffffa8dd9f4dc5b5
9263,93.967423621,1.157193,30,v2,88000000ffffffffffffa8dd9f4dc5b5
9264,93.969335646,1.912025,30,v2,88000000ffffffffffffa8dd9f4dc5b5
9265,93.971441642,2.105996,30,v2,88000000ffffffffffffa8dd9f4dc5b5
9266,93.973366317,1.924675,30,v2,88000000ffffffffffffa8dd9f4dc5b5
9267,93.975557885,2.191568,30,v2,88000000ffffffffffffa8dd9f4dc5b5
9268,93.977463903,1.906018,30,v2,88000000ffffffffffffa8dd9f4dc5b5
9269,93.979879158,2.415255,30,v2,88000000ffffffffffffa8dd9f4dc5b5
9270,93.981612140,1.732982,30,v2,88000000ffffffffffffa8dd9f4dc5b5
9271,93.984701542,3.089402,30,v2,88000000ffffffffffffa8dd9f4dc5b5
9272,93.988483055,3.781513,30,v2,88000000ffffffffffffa8dd9f4dc5b5
9273,93.992211962,3.728907,30,v2,88000000ffffffffffffa8dd9f4dc5b5
9274,93.996923401,4.711439,30,v2,88000000ffffffffffffa8dd9f4dc5b5
9275,94.001122557,4.199156,30,v2,88000000ffffffffffffa8dd9f4dc5b5
9276,94.005156595,4.034038,30,v2,88000000ffffffffffffa8dd9f4dc5b5
9277,94.009103823,3.947228,30,v2,88000000ffffffffffffa8dd9f4dc5b5
9278,94.013891283,4.787460,30,v2,88000000ffffffffffffa8dd9f4dc5b5
9279,94.017446146,3.554863,30,v2,88000000ffffffffffffa8dd9f4dc5b5
9280,94.021334293,3.888147,30,v2,88000000ffffffffffffa8dd9f4dc5b5
9281,94.023185697,1.851404,30,v2,88000000ffffffffffffa8dd9f4dc5b5
9282,94.025240637,2.054940,30,v2,88000000ffffffffffffa8dd9f4dc5b5
9283,94.026295442,1.054805,30,v2,88000000ffffffffffffa8dd9f4dc5b5
9284,94.028328241,2.032799,30,v2,88000000ffffffffffffa8dd9f4dc5b5
9285,94.031582412,3.254171,30,v2,88000000ffffffffffffa8dd9f4dc5b5
9286,94.033404929,1.822517,30,v2,88000000ffffffffffffa8dd9f4dc5b5
9287,94.035990901,2.585972,30,v2,88000000ffffffffffffa8dd9f4dc5b5
9288,94.039526496,3.535595,30,v2,88000000ffffffffffffa8dd9f4dc5b5
9289,94.041542912,2.016416,30,v2,88000000ffffffffffffa8dd9f4dc5b5
9290,94.043671502,2.128590,30,v2,88000000ffffffffffffa8dd9f4dc5b5
9291,94.045674841,2.003339,30,v2,88000000ffffffffffffa8dd9f4dc5b5
9292,94.387073236,341.398395,30,v2,88000000ffffffffffffa8dd9f4dc5b5
9293,94.392101258,5.028022,30,v2,88000000ffffffffffffa8dd9f4dc5b5
9294,94.393255277,1.154019,30,v2,88000000ffffffffffffa8dd9f4dc5b5
9295,94.395140751,1.885474,30,v2,88000000ffffffffffffa8dd9f4dc5b5
9296,94.416109580,20.968829,30,v2,88000000ffffffffffffa8dd9f4dc5b5
9297,94.417475589,1.366009,30,v2,88000000ffffffffffffa8dd9f4dc5b5
9298,94.421838748,4.363159,30,v2,88000000ffffffffffffa8dd9f4dc5b5
9299,94.423614639,1.775891,30,v2,88000000ffffffffffffa8dd9f4dc5b5
9300,94.449937275,26.322636,30,v2,88000000ffffffffffffa8dd9f4dc5b5
9301,94.449965745,0.028470,30,v2,88000000ffffffffffffa8dd9f4dc5b5
9302,94.455861718,5.895973,30,v2,88000000ffffffffffffa8dd9f4dc5b5
9303,94.460433846,4.572128,30,v2,88000000ffffffffffffa8dd9f4dc5b5
9304,94.462320659,1.886813,30,v2,88000000ffffffffffffa8dd9f4dc5b5
9305,94.466602499,4.281840,30,v2,88000000ffffffffffffa8dd9f4dc5b5
9306,94.469254263,2.651764,30,v2,88000000ffffffffffffa8dd9f4dc5b5
9307,94.471381835,2.127572,30,v2,88000000ffffffffffffa8dd9f4dc5b5
9308,94.473339815,1.957980,30,v2,88000000ffffffffffffa8dd9f4dc5b5
9309,94.476614713,3.274898,30,v2,88000000ffffffffffffa8dd9f4dc5b5
9310,94.482068750,5.454037,30,v2,88000000ffffffffffffa8dd9f4dc5b5
9311,94.487509454,5.440704,30,v2,88000000ffffffffffffa8dd9f4dc5b5
9312,94.489619764,2.110310,30,v2,88000000ffffffffffffa8dd9f4dc5b5
9313,94.491808680,2.188916,30,v2,88000000ffffffffffffa8dd9f4dc5b5
9314,94.493656608,1.847928,30,v2,88000000ffffffffffffa8dd9f4dc5b5
9315,94.496875528,3.218920,30,v2,88000000ffffffffffffa8dd9f4dc5b5
9316,94.498702203,1.826675,30,v2,88000000ffffffffffffa8dd9f4dc5b5
9317,94.502963091,4.260888,30,v2,88000000ffffffffffffa8dd9f4dc5b5
9318,94.507988549,5.025458,30,v2,88000000ffffffffffffa8dd9f4dc5b5
9319,94.509807657,1.819108,30,v2,88000000ffffffffffffa8dd9f4dc5b5
9320,94.511100215,1.292558,30,v2,88000000ffffffffffffa8dd9f4dc5b5
9321,94.864776044,353.675829,30,v2,88000000ffffffffffffa8dd9f4dc5b5
9322,94.876326376,11.550332,30,v2,88000000ffffffffffffa8dd9f4dc5b5
9323,94.886102788,9.776412,30,v2,88000000ffffffffffffa8dd9f4dc5b5
9324,94.894187775,8.084987,30,v2,88000000ffffffffffffa8dd9f4dc5b5
9325,94.897029784,2.842009,30,v2,88000000ffffffffffffa8dd9f4dc5b5
9326,94.904579258,7.549474,30,v2,88000000ffffffffffffa8dd9f4dc5b5
9327,94.910354348,5.775090,30,v2,88000000ffffffffffffa8dd9f4dc5b5
9328,94.911485411,1.131063,30,v2,88000000ffffffffffffa8dd9f4dc5b5
9329,94.912899190,1.413779,30,v2,88000000ffffffffffffa8dd9f4dc5b5
9330,94.921615302,8.716112,30,v2,88000000ffffffffffffa8dd9f4dc5b5
9331,94.923427196,1.811894,30,v2,88000000ffffffffffffa8dd9f4dc5b5
9332,94.932196735,8.769539,30,v2,88000000ffffffffffffa8dd9f4dc5b5
9333,94.934041555,1.844820,30,v2,88000000ffffffffffffa8dd9f4dc5b5
9334,94.941136065,7.094510,30,v2,88000000ffffffffffffa8dd9f4dc5b5
9335,94.942719701,1.583636,30,v2,88000000ffffffffffffa8dd9f4dc5b5
9336,94.951166303,8.446602,30,v2,88000000ffffffffffffa8dd9f4dc5b5
9337,94.952913830,1.747527,30,v2,88000000ffffffffffffa8dd9f4dc5b5
9338,94.978642188,25.728358,30,v2,88000000ffffffffffffa8dd9f4dc5b5
9339,95.317201357,338.559169,30,v2,88000000ffffffffffffa8dd9f4dc5b5
9340,95.320576831,3.375474,30,v2,88000000ffffffffffffa8dd9f4dc5b5
9341,95.323704409,3.127578,30,v2,88000000ffffffffffffa8dd9f4dc5b5
9342,95.327783470,4.079061,30,v2,88000000ffffffffffffa8dd9f4dc5b5
9343,95.422218735,94.435265,30,v2,88000000ffffffffffffa8dd9f4dc5b5
9344,95.422236817,0.018082,30,v2,88000000ffffffffffffa8dd9f4dc5b5
9345,95.422264717,0.027900,30,v2,88000000ffffffffffffa8dd9f4dc5b5
9346,95.753620241,331.355524,30,v2,88000000ffffffffffffa8dd9f4dc5b5
9347,95.760951431,7.331190,30,v2,88000000ffffffffffffa8dd9f4dc5b5
9348,95.774763908,13.812477,30,v2,88000000ffffffffffffa8dd9f4dc5b5
9349,95.778073400,3.309492,30,v2,88000000ffffffffffffa8dd9f4dc5b5
9350,95.865961951,87.888551,30,v2,88000000ffffffffffffa8dd9f4dc5b5
9351,95.866004641,0.042690,30,v2,88000000ffffffffffffa8dd9f4dc5b5
9352,99.142832465,3276.827824,30,v2,88000000ffffffffffffa8dd9f4dc5b5
9353,105.855850011,6713.017546,99,v2,1c000000aadd9f4dc5b568ddff050000
9354,112.563890443,6708.040432,99,v2,1c000000aadd9f4dc5b5684166060000
9355,119.273923810,6710.033367,99,v2,1c000000aadd9f4dc5b568a5cc060000
9356,125.983436257,6709.512447,99,v2,1c000000aadd9f4dc5b5680933070000
9357,132.694136351,6710.700094,99,v2,1c000000aadd9f4dc5b5686d99070000
9358,139.403484447,6709.348096,99,v2,1c000000aadd9f4dc5b568d1ff070000
