idx,t_rel_s,delta_ms,len,version,payload_prefix
1,5.678430653,NaN,30,v6,88000000ffffffffffffa8dd9f4dc5b5
2,5.689809889,11.379236,30,v6,88000000ffffffffffffa8dd9f4dc5b5
3,5.699804068,9.994179,30,v6,88000000ffffffffffffa8dd9f4dc5b5
4,5.711230045,11.425977,30,v6,88000000ffffffffffffa8dd9f4dc5b5
5,5.721114791,9.884746,30,v6,88000000ffffffffffffa8dd9f4dc5b5
6,5.732412269,11.297478,30,v6,88000000ffffffffffffa8dd9f4dc5b5
7,5.742483975,10.071706,30,v6,88000000ffffffffffffa8dd9f4dc5b5
8,5.753084269,10.600294,30,v6,88000000ffffffffffffa8dd9f4dc5b5
9,5.765146665,12.062396,30,v6,88000000ffffffffffffa8dd9f4dc5b5
10,5.776135110,10.988445,30,v6,88000000ffffffffffffa8dd9f4dc5b5
11,5.786134432,9.999322,30,v6,88000000ffffffffffffa8dd9f4dc5b5
12,5.797392886,11.258454,30,v6,88000000ffffffffffffa8dd9f4dc5b5
13,5.807627662,10.234776,30,v6,88000000ffffffffffffa8dd9f4dc5b5
14,5.818726517,11.098855,30,v6,88000000ffffffffffffa8dd9f4dc5b5
15,5.829029074,10.302557,30,v6,88000000ffffffffffffa8dd9f4dc5b5
16,5.839204926,10.175852,30,v6,88000000ffffffffffffa8dd9f4dc5b5
17,5.850327098,11.122172,30,v6,88000000ffffffffffffa8dd9f4dc5b5
18,5.860490838,10.163740,30,v6,88000000ffffffffffffa8dd9f4dc5b5
19,5.871565551,11.074713,30,v6,88000000ffffffffffffa8dd9f4dc5b5
20,5.883813799,12.248248,30,v6,88000000ffffffffffffa8dd9f4dc5b5
21,5.894167697,10.353898,30,v6,88000000ffffffffffffa8dd9f4dc5b5
22,5.904195881,10.028184,30,v6,88000000ffffffffffffa8dd9f4dc5b5
23,5.915354113,11.158232,30,v6,88000000ffffffffffffa8dd9f4dc5b5
24,5.926520924,11.166811,30,v6,88000000ffffffffffffa8dd9f4dc5b5
25,5.936570567,10.049643,30,v6,88000000ffffffffffffa8dd9f4dc5b5
26,5.947804631,11.234064,30,v6,88000000ffffffffffffa8dd9f4dc5b5
27,5.958371896,10.567265,30,v6,88000000ffffffffffffa8dd9f4dc5b5
28,5.969129702,10.757806,30,v6,88000000ffffffffffffa8dd9f4dc5b5
29,5.979321665,10.191963,30,v6,88000000ffffffffffffa8dd9f4dc5b5
30,5.990732368,11.410703,30,v6,88000000ffffffffffffa8dd9f4dc5b5
31,6.000628830,9.896462,30,v6,88000000ffffffffffffa8dd9f4dc5b5
32,6.010873904,10.245074,30,v6,88000000ffffffffffffa8dd9f4dc5b5
33,6.022106619,11.232715,30,v6,88000000ffffffffffffa8dd9f4dc5b5
34,6.034237422,12.130803,30,v6,88000000ffffffffffffa8dd9f4dc5b5
35,6.044393833,10.156411,30,v6,88000000ffffffffffffa8dd9f4dc5b5
36,6.055560272,11.166439,30,v6,88000000ffffffffffffa8dd9f4dc5b5
37,6.065852352,10.292080,30,v6,88000000ffffffffffffa8dd9f4dc5b5
38,6.076803394,10.951042,30,v6,88000000ffffffffffffa8dd9f4dc5b5
39,6.086981083,10.177689,30,v6,88000000ffffffffffffa8dd9f4dc5b5
40,6.098199854,11.218771,30,v6,88000000ffffffffffffa8dd9f4dc5b5
41,6.108374040,10.174186,30,v6,88000000ffffffffffffa8dd9f4dc5b5
42,6.119496873,11.122833,30,v6,88000000ffffffffffffa8dd9f4dc5b5
43,6.129798561,10.301688,30,v6,88000000ffffffffffffa8dd9f4dc5b5
44,6.141064283,11.265722,30,v6,88000000ffffffffffffa8dd9f4dc5b5
45,6.151195564,10.131281,30,v6,88000000ffffffffffffa8dd9f4dc5b5
46,6.162361747,11.166183,30,v6,88000000ffffffffffffa8dd9f4dc5b5
47,6.173327120,10.965373,30,v6,88000000ffffffffffffa8dd9f4dc5b5
48,6.184489215,11.162095,30,v6,88000000ffffffffffffa8dd9f4dc5b5
49,6.194690380,10.201165,30,v6,88000000ffffffffffffa8dd9f4dc5b5
50,6.205998834,11.308454,30,v6,88000000ffffffffffffa8dd9f4dc5b5
51,6.217049254,11.050420,30,v6,88000000ffffffffffffa8dd9f4dc5b5
52,6.228187983,11.138729,30,v6,88000000ffffffffffffa8dd9f4dc5b5
53,6.238416629,10.228646,30,v6,88000000ffffffffffffa8dd9f4dc5b5
54,6.249504162,11.087533,30,v6,88000000ffffffffffffa8dd9f4dc5b5
55,6.259619583,10.115421,30,v6,88000000ffffffffffffa8dd9f4dc5b5
56,6.270841303,11.221720,30,v6,88000000ffffffffffffa8dd9f4dc5b5
57,6.281045748,10.204445,30,v6,88000000ffffffffffffa8dd9f4dc5b5
58,6.292146932,11.101184,30,v6,88000000ffffffffffffa8dd9f4dc5b5
59,6.303410154,11.263222,30,v6,88000000ffffffffffffa8dd9f4dc5b5
60,6.314610760,11.200606,30,v6,88000000ffffffffffffa8dd9f4dc5b5
61,6.324759814,10.149054,30,v6,88000000ffffffffffffa8dd9f4dc5b5
62,6.336097118,11.337304,30,v6,88000000ffffffffffffa8dd9f4dc5b5
63,6.346288403,10.191285,30,v6,88000000ffffffffffffa8dd9f4dc5b5
64,6.357115919,10.827516,30,v6,88000000ffffffffffffa8dd9f4dc5b5
65,6.367419907,10.303988,30,v6,88000000ffffffffffffa8dd9f4dc5b5
66,6.378522859,11.102952,30,v6,88000000ffffffffffffa8dd9f4dc5b5
67,6.388619483,10.096624,30,v6,88000000ffffffffffffa8dd9f4dc5b5
68,6.399063498,10.444015,30,v6,88000000ffffffffffffa8dd9f4dc5b5
69,6.410112699,11.049201,30,v6,88000000ffffffffffffa8dd9f4dc5b5
70,6.422301422,12.188723,30,v6,88000000ffffffffffffa8dd9f4dc5b5
71,6.432382889,10.081467,30,v6,88000000ffffffffffffa8dd9f4dc5b5
72,6.443641044,11.258155,30,v6,88000000ffffffffffffa8dd9f4dc5b5
73,6.454034767,10.393723,30,v6,88000000ffffffffffffa8dd9f4dc5b5
74,6.465121039,11.086272,30,v6,88000000ffffffffffffa8dd9f4dc5b5
75,6.475063964,9.942925,30,v6,88000000ffffffffffffa8dd9f4dc5b5
76,6.486226869,11.162905,30,v6,88000000ffffffffffffa8dd9f4dc5b5
77,6.496430631,10.203762,30,v6,88000000ffffffffffffa8dd9f4dc5b5
78,6.506544760,10.114129,30,v6,88000000ffffffffffffa8dd9f4dc5b5
79,6.517844645,11.299885,30,v6,88000000ffffffffffffa8dd9f4dc5b5
80,6.528936606,11.091961,30,v6,88000000ffffffffffffa8dd9f4dc5b5
81,6.540170652,11.234046,30,v6,88000000ffffffffffffa8dd9f4dc5b5
82,6.551272023,11.101371,30,v6,88000000ffffffffffffa8dd9f4dc5b5
83,6.561475333,10.203310,30,v6,88000000ffffffffffffa8dd9f4dc5b5
84,6.571669233,10.193900,30,v6,88000000ffffffffffffa8dd9f4dc5b5
85,6.582619909,10.950676,30,v6,88000000ffffffffffffa8dd9f4dc5b5
86,6.593860354,11.240445,30,v6,88000000ffffffffffffa8dd9f4dc5b5
87,6.604253593,10.393239,30,v6,88000000ffffffffffffa8dd9f4dc5b5
88,6.615240885,10.987292,30,v6,88000000ffffffffffffa8dd9f4dc5b5
89,6.625366907,10.126022,30,v6,88000000ffffffffffffa8dd9f4dc5b5
90,6.635745250,10.378343,30,v6,88000000ffffffffffffa8dd9f4dc5b5
91,6.646956049,11.210799,30,v6,88000000ffffffffffffa8dd9f4dc5b5
92,6.659098843,12.142794,30,v6,88000000ffffffffffffa8dd9f4dc5b5
93,6.668900806,9.801963,30,v6,88000000ffffffffffffa8dd9f4dc5b5
94,6.680280073,11.379267,30,v6,88000000ffffffffffffa8dd9f4dc5b5
95,6.690387110,10.107037,30,v6,88000000ffffffffffffa8dd9f4dc5b5
96,6.700587686,10.200576,30,v6,88000000ffffffffffffa8dd9f4dc5b5
97,6.711708594,11.120908,30,v6,88000000ffffffffffffa8dd9f4dc5b5
98,6.722208061,10.499467,30,v6,88000000ffffffffffffa8dd9f4dc5b5
99,6.733310802,11.102741,30,v6,88000000ffffffffffffa8dd9f4dc5b5
100,6.743223571,9.912769,30,v6,88000000ffffffffffffa8dd9f4dc5b5
101,7.095769268,352.545697,30,v6,88000000ffffffffffffa8dd9f4dc5b5
102,7.106208946,10.439678,30,v6,88000000ffffffffffffa8dd9f4dc5b5
103,7.116155166,9.946220,30,v6,88000000ffffffffffffa8dd9f4dc5b5
104,7.127451240,11.296074,30,v6,88000000ffffffffffffa8dd9f4dc5b5
105,7.139530318,12.079078,30,v6,88000000ffffffffffffa8dd9f4dc5b5
106,7.149905753,10.375435,30,v6,88000000ffffffffffffa8dd9f4dc5b5
107,7.160226862,10.321109,30,v6,88000000ffffffffffffa8dd9f4dc5b5
108,7.170981062,10.754200,30,v6,88000000ffffffffffffa8dd9f4dc5b5
109,7.181103954,10.122892,30,v6,88000000ffffffffffffa8dd9f4dc5b5
110,7.192482698,11.378744,30,v6,88000000ffffffffffffa8dd9f4dc5b5
111,7.202479717,9.997019,30,v6,88000000ffffffffffffa8dd9f4dc5b5
112,7.212800933,10.321216,30,v6,88000000ffffffffffffa8dd9f4dc5b5
113,7.223923317,11.122384,30,v6,88000000ffffffffffffa8dd9f4dc5b5
114,7.234437177,10.513860,30,v6,88000000ffffffffffffa8dd9f4dc5b5
115,7.246207681,11.770504,30,v6,88000000ffffffffffffa8dd9f4dc5b5
116,7.256461004,10.253323,30,v6,88000000ffffffffffffa8dd9f4dc5b5
117,7.266758683,10.297679,30,v6,88000000ffffffffffffa8dd9f4dc5b5
118,7.277661692,10.903009,30,v6,88000000ffffffffffffa8dd9f4dc5b5
119,7.289062885,11.401193,30,v6,88000000ffffffffffffa8dd9f4dc5b5
120,7.298974937,9.912052,30,v6,88000000ffffffffffffa8dd9f4dc5b5
121,7.309237454,10.262517,30,v6,88000000ffffffffffffa8dd9f4dc5b5
122,7.320394860,11.157406,30,v6,88000000ffffffffffffa8dd9f4dc5b5
123,7.330681405,10.286545,30,v6,88000000ffffffffffffa8dd9f4dc5b5
124,7.341604382,10.922977,30,v6,88000000ffffffffffffa8dd9f4dc5b5
125,7.352880234,11.275852,30,v6,88000000ffffffffffffa8dd9f4dc5b5
126,7.363045569,10.165335,30,v6,88000000ffffffffffffa8dd9f4dc5b5
127,7.374067790,11.022221,30,v6,88000000ffffffffffffa8dd9f4dc5b5
128,7.384222611,10.154821,30,v6,88000000ffffffffffffa8dd9f4dc5b5
129,7.394387599,10.164988,30,v6,88000000ffffffffffffa8dd9f4dc5b5
130,7.405794766,11.407167,30,v6,88000000ffffffffffffa8dd9f4dc5b5
131,7.415825532,10.030766,30,v6,88000000ffffffffffffa8dd9f4dc5b5
132,7.425936754,10.111222,30,v6,88000000ffffffffffffa8dd9f4dc5b5
133,7.437090015,11.153261,30,v6,88000000ffffffffffffa8dd9f4dc5b5
134,7.447324500,10.234485,30,v6,88000000ffffffffffffa8dd9f4dc5b5
135,7.458660958,11.336458,30,v6,88000000ffffffffffffa8dd9f4dc5b5
136,7.469567743,10.906785,30,v6,88000000ffffffffffffa8dd9f4dc5b5
137,7.480875296,11.307553,30,v6,88000000ffffffffffffa8dd9f4dc5b5
138,7.490943273,10.067977,30,v6,88000000ffffffffffffa8dd9f4dc5b5
139,7.501076823,10.133550,30,v6,88000000ffffffffffffa8dd9f4dc5b5
140,7.511330215,10.253392,30,v6,88000000ffffffffffffa8dd9f4dc5b5
141,7.522514100,11.183885,30,v6,88000000ffffffffffffa8dd9f4dc5b5
142,7.533977267,11.463167,30,v6,88000000ffffffffffffa8dd9f4dc5b5
143,7.543788995,9.811728,30,v6,88000000ffffffffffffa8dd9f4dc5b5
144,7.554043557,10.254562,30,v6,88000000ffffffffffffa8dd9f4dc5b5
145,7.564261247,10.217690,30,v6,88000000ffffffffffffa8dd9f4dc5b5
146,7.575440322,11.179075,30,v6,88000000ffffffffffffa8dd9f4dc5b5
147,7.586879112,11.438790,30,v6,88000000ffffffffffffa8dd9f4dc5b5
148,7.597656847,10.777735,30,v6,88000000ffffffffffffa8dd9f4dc5b5
149,7.608142741,10.485894,30,v6,88000000ffffffffffffa8dd9f4dc5b5
150,7.618108265,9.965524,30,v6,88000000ffffffffffffa8dd9f4dc5b5
151,7.629277809,11.169544,30,v6,88000000ffffffffffffa8dd9f4dc5b5
152,7.639420531,10.142722,30,v6,88000000ffffffffffffa8dd9f4dc5b5
153,7.650465696,11.045165,30,v6,88000000ffffffffffffa8dd9f4dc5b5
154,7.660745626,10.279930,30,v6,88000000ffffffffffffa8dd9f4dc5b5
155,7.671989527,11.243901,30,v6,88000000ffffffffffffa8dd9f4dc5b5
156,7.682002647,10.013120,30,v6,88000000ffffffffffffa8dd9f4dc5b5
157,7.692981589,10.978942,30,v6,88000000ffffffffffffa8dd9f4dc5b5
158,7.703394069,10.412480,30,v6,88000000ffffffffffffa8dd9f4dc5b5
159,7.714620219,11.226150,30,v6,88000000ffffffffffffa8dd9f4dc5b5
160,7.725760244,11.140025,30,v6,88000000ffffffffffffa8dd9f4dc5b5
161,7.737147154,11.386910,30,v6,88000000ffffffffffffa8dd9f4dc5b5
162,7.747075542,9.928388,30,v6,88000000ffffffffffffa8dd9f4dc5b5
163,7.758464806,11.389264,30,v6,88000000ffffffffffffa8dd9f4dc5b5
164,7.768631720,10.166914,30,v6,88000000ffffffffffffa8dd9f4dc5b5
165,7.778726522,10.094802,30,v6,88000000ffffffffffffa8dd9f4dc5b5
166,7.789990376,11.263854,30,v6,88000000ffffffffffffa8dd9f4dc5b5
167,7.800112676,10.122300,30,v6,88000000ffffffffffffa8dd9f4dc5b5
168,7.810078266,9.965590,30,v6,88000000ffffffffffffa8dd9f4dc5b5
169,7.821257176,11.178910,30,v6,88000000ffffffffffffa8dd9f4dc5b5
170,7.832547429,11.290253,30,v6,88000000ffffffffffffa8dd9f4dc5b5
171,7.843700891,11.153462,30,v6,88000000ffffffffffffa8dd9f4dc5b5
172,7.855011793,11.310902,30,v6,88000000ffffffffffffa8dd9f4dc5b5
173,7.865008797,9.997004,30,v6,88000000ffffffffffffa8dd9f4dc5b5
174,7.875227100,10.218303,30,v6,88000000ffffffffffffa8dd9f4dc5b5
175,7.886380018,11.152918,30,v6,88000000ffffffffffffa8dd9f4dc5b5
176,7.896483066,10.103048,30,v6,88000000ffffffffffffa8dd9f4dc5b5
177,7.906672240,10.189174,30,v6,88000000ffffffffffffa8dd9f4dc5b5
178,7.917887168,11.214928,30,v6,88000000ffffffffffffa8dd9f4dc5b5
179,7.927926479,10.039311,30,v6,88000000ffffffffffffa8dd9f4dc5b5
180,7.939151570,11.225091,30,v6,88000000ffffffffffffa8dd9f4dc5b5
181,7.950470003,11.318433,30,v6,88000000ffffffffffffa8dd9f4dc5b5
182,7.961514839,11.044836,30,v6,88000000ffffffffffffa8dd9f4dc5b5
183,7.971925772,10.410933,30,v6,88000000ffffffffffffa8dd9f4dc5b5
184,7.982744521,10.818749,30,v6,88000000ffffffffffffa8dd9f4dc5b5
185,7.993155409,10.410888,30,v6,88000000ffffffffffffa8dd9f4dc5b5
186,8.003139097,9.983688,30,v6,88000000ffffffffffffa8dd9f4dc5b5
187,8.014271385,11.132288,30,v6,88000000ffffffffffffa8dd9f4dc5b5
188,8.025574761,11.303376,30,v6,88000000ffffffffffffa8dd9f4dc5b5
189,8.035470137,9.895376,30,v6,88000000ffffffffffffa8dd9f4dc5b5
190,8.045761262,10.291125,30,v6,88000000ffffffffffffa8dd9f4dc5b5
191,8.056865552,11.104290,30,v6,88000000ffffffffffffa8dd9f4dc5b5
192,8.067001458,10.135906,30,v6,88000000ffffffffffffa8dd9f4dc5b5
193,8.078354975,11.353517,30,v6,88000000ffffffffffffa8dd9f4dc5b5
194,8.089550472,11.195497,30,v6,88000000ffffffffffffa8dd9f4dc5b5
195,8.099867858,10.317386,30,v6,88000000ffffffffffffa8dd9f4dc5b5
196,8.109882353,10.014495,30,v6,88000000ffffffffffffa8dd9f4dc5b5
197,8.121344244,11.461891,30,v6,88000000ffffffffffffa8dd9f4dc5b5
198,8.131291420,9.947176,30,v6,88000000ffffffffffffa8dd9f4dc5b5
199,8.142391801,11.100381,30,v6,88000000ffffffffffffa8dd9f4dc5b5
200,8.152554711,10.162910,30,v6,88000000ffffffffffffa8dd9f4dc5b5
201,8.504201893,351.647182,30,v6,88000000ffffffffffffa8dd9f4dc5b5
202,8.515314703,11.112810,30,v6,88000000ffffffffffffa8dd9f4dc5b5
203,8.536546975,21.232272,30,v6,88000000ffffffffffffa8dd9f4dc5b5
204,8.546912100,10.365125,30,v6,88000000ffffffffffffa8dd9f4dc5b5
205,8.556875877,9.963777,30,v6,88000000ffffffffffffa8dd9f4dc5b5
206,8.567152834,10.276957,30,v6,88000000ffffffffffffa8dd9f4dc5b5
207,8.579202232,12.049398,30,v6,88000000ffffffffffffa8dd9f4dc5b5
208,8.589418884,10.216652,30,v6,88000000ffffffffffffa8dd9f4dc5b5
209,8.600792892,11.374008,30,v6,88000000ffffffffffffa8dd9f4dc5b5
210,8.610557950,9.765058,30,v6,88000000ffffffffffffa8dd9f4dc5b5
211,8.620812055,10.254105,30,v6,88000000ffffffffffffa8dd9f4dc5b5
212,8.632150253,11.338198,30,v6,88000000ffffffffffffa8dd9f4dc5b5
213,8.642298602,10.148349,30,v6,88000000ffffffffffffa8dd9f4dc5b5
214,8.652218996,9.920394,30,v6,88000000ffffffffffffa8dd9f4dc5b5
215,8.662439022,10.220026,30,v6,88000000ffffffffffffa8dd9f4dc5b5
216,8.673797921,11.358899,30,v6,88000000ffffffffffffa8dd9f4dc5b5
217,8.684839578,11.041657,30,v6,88000000ffffffffffffa8dd9f4dc5b5
218,8.695013456,10.173878,30,v6,88000000ffffffffffffa8dd9f4dc5b5
219,8.706280265,11.266809,30,v6,88000000ffffffffffffa8dd9f4dc5b5
220,8.716437144,10.156879,30,v6,88000000ffffffffffffa8dd9f4dc5b5
221,8.726691421,10.254277,30,v6,88000000ffffffffffffa8dd9f4dc5b5
222,8.736745157,10.053736,30,v6,88000000ffffffffffffa8dd9f4dc5b5
223,8.747942663,11.197506,30,v6,88000000ffffffffffffa8dd9f4dc5b5
224,8.758052483,10.109820,30,v6,88000000ffffffffffffa8dd9f4dc5b5
225,8.768378307,10.325824,30,v6,88000000ffffffffffffa8dd9f4dc5b5
226,8.778182288,9.803981,30,v6,88000000ffffffffffffa8dd9f4dc5b5
227,8.789279273,11.096985,30,v6,88000000ffffffffffffa8dd9f4dc5b5
228,8.799938681,10.659408,30,v6,88000000ffffffffffffa8dd9f4dc5b5
229,8.811093933,11.155252,30,v6,88000000ffffffffffffa8dd9f4dc5b5
230,8.821964471,10.870538,30,v6,88000000ffffffffffffa8dd9f4dc5b5
231,8.832027172,10.062701,30,v6,88000000ffffffffffffa8dd9f4dc5b5
232,8.843306418,11.279246,30,v6,88000000ffffffffffffa8dd9f4dc5b5
233,8.853313296,10.006878,30,v6,88000000ffffffffffffa8dd9f4dc5b5
234,8.863714761,10.401465,30,v6,88000000ffffffffffffa8dd9f4dc5b5
235,8.874758192,11.043431,30,v6,88000000ffffffffffffa8dd9f4dc5b5
236,8.885059465,10.301273,30,v6,88000000ffffffffffffa8dd9f4dc5b5
237,8.895199991,10.140526,30,v6,88000000ffffffffffffa8dd9f4dc5b5
238,8.905284143,10.084152,30,v6,88000000ffffffffffffa8dd9f4dc5b5
239,8.915442245,10.158102,30,v6,88000000ffffffffffffa8dd9f4dc5b5
240,8.927655100,12.212855,30,v6,88000000ffffffffffffa8dd9f4dc5b5
241,8.938156266,10.501166,30,v6,88000000ffffffffffffa8dd9f4dc5b5
242,8.949462416,11.306150,30,v6,88000000ffffffffffffa8dd9f4dc5b5
243,8.959167269,9.704853,30,v6,88000000ffffffffffffa8dd9f4dc5b5
244,8.969404933,10.237664,30,v6,88000000ffffffffffffa8dd9f4dc5b5
245,8.979671608,10.266675,30,v6,88000000ffffffffffffa8dd9f4dc5b5
246,8.989718516,10.046908,30,v6,88000000ffffffffffffa8dd9f4dc5b5
247,9.000801312,11.082796,30,v6,88000000ffffffffffffa8dd9f4dc5b5
248,9.010900336,10.099024,30,v6,88000000ffffffffffffa8dd9f4dc5b5
249,9.022165360,11.265024,30,v6,88000000ffffffffffffa8dd9f4dc5b5
250,9.033315848,11.150488,30,v6,88000000ffffffffffffa8dd9f4dc5b5
251,9.043382452,10.066604,30,v6,88000000ffffffffffffa8dd9f4dc5b5
252,9.053572764,10.190312,30,v6,88000000ffffffffffffa8dd9f4dc5b5
253,9.064794360,11.221596,30,v6,88000000ffffffffffffa8dd9f4dc5b5
254,9.074941442,10.147082,30,v6,88000000ffffffffffffa8dd9f4dc5b5
255,9.085060783,10.119341,30,v6,88000000ffffffffffffa8dd9f4dc5b5
256,9.096356834,11.296051,30,v6,88000000ffffffffffffa8dd9f4dc5b5
257,9.106460806,10.103972,30,v6,88000000ffffffffffffa8dd9f4dc5b5
258,9.116729231,10.268425,30,v6,88000000ffffffffffffa8dd9f4dc5b5
259,9.127887630,11.158399,30,v6,88000000ffffffffffffa8dd9f4dc5b5
260,9.138004227,10.116597,30,v6,88000000ffffffffffffa8dd9f4dc5b5
261,9.149304705,11.300478,30,v6,88000000ffffffffffffa8dd9f4dc5b5
262,9.159323107,10.018402,30,v6,88000000ffffffffffffa8dd9f4dc5b5
263,9.170760328,11.437221,30,v6,88000000ffffffffffffa8dd9f4dc5b5
264,9.180586255,9.825927,30,v6,88000000ffffffffffffa8dd9f4dc5b5
265,9.191044546,10.458291,30,v6,88000000ffffffffffffa8dd9f4dc5b5
266,9.201107672,10.063126,30,v6,88000000ffffffffffffa8dd9f4dc5b5
267,9.212200888,11.093216,30,v6,88000000ffffffffffffa8dd9f4dc5b5
268,9.222263824,10.062936,30,v6,88000000ffffffffffffa8dd9f4dc5b5
269,9.233532594,11.268770,30,v6,88000000ffffffffffffa8dd9f4dc5b5
270,9.243675896,10.143302,30,v6,88000000ffffffffffffa8dd9f4dc5b5
271,9.253763678,10.087782,30,v6,88000000ffffffffffffa8dd9f4dc5b5
272,9.264204237,10.440559,30,v6,88000000ffffffffffffa8dd9f4dc5b5
273,9.275403267,11.199030,30,v6,88000000ffffffffffffa8dd9f4dc5b5
274,9.286259917,10.856650,30,v6,88000000ffffffffffffa8dd9f4dc5b5
275,9.296652554,10.392637,30,v6,88000000ffffffffffffa8dd9f4dc5b5
276,9.307705171,11.052617,30,v6,88000000ffffffffffffa8dd9f4dc5b5
277,9.318086034,10.380863,30,v6,88000000ffffffffffffa8dd9f4dc5b5
278,9.327819149,9.733115,30,v6,88000000ffffffffffffa8dd9f4dc5b5
279,9.339121223,11.302074,30,v6,88000000ffffffffffffa8dd9f4dc5b5
280,9.349363076,10.241853,30,v6,88000000ffffffffffffa8dd9f4dc5b5
281,9.359435746,10.072670,30,v6,88000000ffffffffffffa8dd9f4dc5b5
282,9.369640049,10.204303,30,v6,88000000ffffffffffffa8dd9f4dc5b5
283,9.380964249,11.324200,30,v6,88000000ffffffffffffa8dd9f4dc5b5
284,9.391176081,10.211832,30,v6,88000000ffffffffffffa8dd9f4dc5b5
285,9.401173221,9.997140,30,v6,88000000ffffffffffffa8dd9f4dc5b5
286,9.412397810,11.224589,30,v6,88000000ffffffffffffa8dd9f4dc5b5
287,9.422562375,10.164565,30,v6,88000000ffffffffffffa8dd9f4dc5b5
288,9.435055561,12.493186,30,v6,88000000ffffffffffffa8dd9f4dc5b5
289,9.444762017,9.706456,30,v6,88000000ffffffffffffa8dd9f4dc5b5
290,9.455245594,10.483577,30,v6,88000000ffffffffffffa8dd9f4dc5b5
291,9.466299406,11.053812,30,v6,88000000ffffffffffffa8dd9f4dc5b5
292,9.476224140,9.924734,30,v6,88000000ffffffffffffa8dd9f4dc5b5
293,9.486595890,10.371750,30,v6,88000000ffffffffffffa8dd9f4dc5b5
294,9.497902785,11.306895,30,v6,88000000ffffffffffffa8dd9f4dc5b5
295,9.507806902,9.904117,30,v6,88000000ffffffffffffa8dd9f4dc5b5
296,9.518045156,10.238254,30,v6,88000000ffffffffffffa8dd9f4dc5b5
297,9.528290807,10.245651,30,v6,88000000ffffffffffffa8dd9f4dc5b5
298,9.539531828,11.241021,30,v6,88000000ffffffffffffa8dd9f4dc5b5
299,9.549429194,9.897366,30,v6,88000000ffffffffffffa8dd9f4dc5b5
300,9.901003094,351.573900,30,v6,88000000ffffffffffffa8dd9f4dc5b5
301,9.912064334,11.061240,30,v6,88000000ffffffffffffa8dd9f4dc5b5
302,9.923405429,11.341095,30,v6,88000000ffffffffffffa8dd9f4dc5b5
303,9.933503852,10.098423,30,v6,88000000ffffffffffffa8dd9f4dc5b5
304,9.943669866,10.166014,30,v6,88000000ffffffffffffa8dd9f4dc5b5
305,9.953854575,10.184709,30,v6,88000000ffffffffffffa8dd9f4dc5b5
306,9.964375332,10.520757,30,v6,88000000ffffffffffffa8dd9f4dc5b5
307,9.975097082,10.721750,30,v6,88000000ffffffffffffa8dd9f4dc5b5
308,9.985188391,10.091309,30,v6,88000000ffffffffffffa8dd9f4dc5b5
309,9.995644918,10.456527,30,v6,88000000ffffffffffffa8dd9f4dc5b5
310,10.005732966,10.088048,30,v6,88000000ffffffffffffa8dd9f4dc5b5
311,10.017207727,11.474761,30,v6,88000000ffffffffffffa8dd9f4dc5b5
312,10.027327218,10.119491,30,v6,88000000ffffffffffffa8dd9f4dc5b5
313,10.038169311,10.842093,30,v6,88000000ffffffffffffa8dd9f4dc5b5
314,10.048275653,10.106342,30,v6,88000000ffffffffffffa8dd9f4dc5b5
315,10.059610867,11.335214,30,v6,88000000ffffffffffffa8dd9f4dc5b5
316,10.068685384,9.074517,30,v6,88000000ffffffffffffa8dd9f4dc5b5
317,10.079797560,11.112176,30,v6,88000000ffffffffffffa8dd9f4dc5b5
318,10.089876915,10.079355,30,v6,88000000ffffffffffffa8dd9f4dc5b5
319,10.100105274,10.228359,30,v6,88000000ffffffffffffa8dd9f4dc5b5
320,10.110242682,10.137408,30,v6,88000000ffffffffffffa8dd9f4dc5b5
321,10.121596257,11.353575,30,v6,88000000ffffffffffffa8dd9f4dc5b5
322,10.131544274,9.948017,30,v6,88000000ffffffffffffa8dd9f4dc5b5
323,10.141829688,10.285414,30,v6,88000000ffffffffffffa8dd9f4dc5b5
324,10.152188869,10.359181,30,v6,88000000ffffffffffffa8dd9f4dc5b5
325,10.163981181,11.792312,30,v6,88000000ffffffffffffa8dd9f4dc5b5
326,10.174239141,10.257960,30,v6,88000000ffffffffffffa8dd9f4dc5b5
327,10.184427440,10.188299,30,v6,88000000ffffffffffffa8dd9f4dc5b5
328,10.194505660,10.078220,30,v6,88000000ffffffffffffa8dd9f4dc5b5
329,10.204727938,10.222278,30,v6,88000000ffffffffffffa8dd9f4dc5b5
330,10.215145263,10.417325,30,v6,88000000ffffffffffffa8dd9f4dc5b5
331,10.226072839,10.927576,30,v6,88000000ffffffffffffa8dd9f4dc5b5
332,10.236233388,10.160549,30,v6,88000000ffffffffffffa8dd9f4dc5b5
333,10.246537191,10.303803,30,v6,88000000ffffffffffffa8dd9f4dc5b5
334,10.256452609,9.915418,30,v6,88000000ffffffffffffa8dd9f4dc5b5
335,10.267968033,11.515424,30,v6,88000000ffffffffffffa8dd9f4dc5b5
336,10.277878070,9.910037,30,v6,88000000ffffffffffffa8dd9f4dc5b5
337,10.288047067,10.168997,30,v6,88000000ffffffffffffa8dd9f4dc5b5
338,10.299053214,11.006147,30,v6,88000000ffffffffffffa8dd9f4dc5b5
339,10.309326428,10.273214,30,v6,88000000ffffffffffffa8dd9f4dc5b5
340,10.319788347,10.461919,30,v6,88000000ffffffffffffa8dd9f4dc5b5
341,10.329776833,9.988486,30,v6,88000000ffffffffffffa8dd9f4dc5b5
342,10.339861358,10.084525,30,v6,88000000ffffffffffffa8dd9f4dc5b5
343,10.351175405,11.314047,30,v6,88000000ffffffffffffa8dd9f4dc5b5
344,10.361153534,9.978129,30,v6,88000000ffffffffffffa8dd9f4dc5b5
345,10.372492072,11.338538,30,v6,88000000ffffffffffffa8dd9f4dc5b5
346,10.382568784,10.076712,30,v6,88000000ffffffffffffa8dd9f4dc5b5
347,10.392670807,10.102023,30,v6,88000000ffffffffffffa8dd9f4dc5b5
348,10.403885058,11.214251,30,v6,88000000ffffffffffffa8dd9f4dc5b5
349,10.413882904,9.997846,30,v6,88000000ffffffffffffa8dd9f4dc5b5
350,10.424160570,10.277666,30,v6,88000000ffffffffffffa8dd9f4dc5b5
351,10.435533907,11.373337,30,v6,88000000ffffffffffffa8dd9f4dc5b5
352,10.444502168,8.968261,30,v6,88000000ffffffffffffa8dd9f4dc5b5
353,10.455640667,11.138499,30,v6,88000000ffffffffffffa8dd9f4dc5b5
354,10.465742857,10.102190,30,v6,88000000ffffffffffffa8dd9f4dc5b5
355,10.476131307,10.388450,30,v6,88000000ffffffffffffa8dd9f4dc5b5
356,10.488166602,12.035295,30,v6,88000000ffffffffffffa8dd9f4dc5b5
357,10.498345683,10.179081,30,v6,88000000ffffffffffffa8dd9f4dc5b5
358,10.508599734,10.254051,30,v6,88000000ffffffffffffa8dd9f4dc5b5
359,10.518868300,10.268566,30,v6,88000000ffffffffffffa8dd9f4dc5b5
360,10.528844072,9.975772,30,v6,88000000ffffffffffffa8dd9f4dc5b5
361,10.540026176,11.182104,30,v6,88000000ffffffffffffa8dd9f4dc5b5
362,10.550149601,10.123425,30,v6,88000000ffffffffffffa8dd9f4dc5b5
363,10.560271373,10.121772,30,v6,88000000ffffffffffffa8dd9f4dc5b5
364,10.570642152,10.370779,30,v6,88000000ffffffffffffa8dd9f4dc5b5
365,10.581798924,11.156772,30,v6,88000000ffffffffffffa8dd9f4dc5b5
366,10.592053051,10.254127,30,v6,88000000ffffffffffffa8dd9f4dc5b5
367,10.603224706,11.171655,30,v6,88000000ffffffffffffa8dd9f4dc5b5
368,10.613296599,10.071893,30,v6,88000000ffffffffffffa8dd9f4dc5b5
369,10.623458320,10.161721,30,v6,88000000ffffffffffffa8dd9f4dc5b5
370,10.634637538,11.179218,30,v6,88000000ffffffffffffa8dd9f4dc5b5
371,10.644710090,10.072552,30,v6,88000000ffffffffffffa8dd9f4dc5b5
372,10.655141952,10.431862,30,v6,88000000ffffffffffffa8dd9f4dc5b5
373,10.665160458,10.018506,30,v6,88000000ffffffffffffa8dd9f4dc5b5
374,10.675492772,10.332314,30,v6,88000000ffffffffffffa8dd9f4dc5b5
375,10.686426385,10.933613,30,v6,88000000ffffffffffffa8dd9f4dc5b5
376,10.696514891,10.088506,30,v6,88000000ffffffffffffa8dd9f4dc5b5
377,10.706782517,10.267626,30,v6,88000000ffffffffffffa8dd9f4dc5b5
378,10.716930170,10.147653,30,v6,88000000ffffffffffffa8dd9f4dc5b5
379,10.727991645,11.061475,30,v6,88000000ffffffffffffa8dd9f4dc5b5
380,10.739223885,11.232240,30,v6,88000000ffffffffffffa8dd9f4dc5b5
381,10.749503686,10.279801,30,v6,88000000ffffffffffffa8dd9f4dc5b5
382,10.759578331,10.074645,30,v6,88000000ffffffffffffa8dd9f4dc5b5
383,10.769925109,10.346778,30,v6,88000000ffffffffffffa8dd9f4dc5b5
384,10.779765105,9.839996,30,v6,88000000ffffffffffffa8dd9f4dc5b5
385,10.790944788,11.179683,30,v6,88000000ffffffffffffa8dd9f4dc5b5
386,10.801126774,10.181986,30,v6,88000000ffffffffffffa8dd9f4dc5b5
387,10.811262185,10.135411,30,v6,88000000ffffffffffffa8dd9f4dc5b5
388,10.822448179,11.185994,30,v6,88000000ffffffffffffa8dd9f4dc5b5
389,10.832970708,10.522529,30,v6,88000000ffffffffffffa8dd9f4dc5b5
390,10.843002770,10.032062,30,v6,88000000ffffffffffffa8dd9f4dc5b5
391,10.853072294,10.069524,30,v6,88000000ffffffffffffa8dd9f4dc5b5
392,10.864177164,11.104870,30,v6,88000000ffffffffffffa8dd9f4dc5b5
393,10.874274466,10.097302,30,v6,88000000ffffffffffffa8dd9f4dc5b5
394,10.884592674,10.318208,30,v6,88000000ffffffffffffa8dd9f4dc5b5
395,10.894729393,10.136719,30,v6,88000000ffffffffffffa8dd9f4dc5b5
396,10.905837515,11.108122,30,v6,88000000ffffffffffffa8dd9f4dc5b5
397,10.914936342,9.098827,30,v6,88000000ffffffffffffa8dd9f4dc5b5
398,10.926217337,11.280995,30,v6,88000000ffffffffffffa8dd9f4dc5b5
399,11.288095342,361.878005,30,v6,88000000ffffffffffffa8dd9f4dc5b5
400,11.299071779,10.976437,30,v6,88000000ffffffffffffa8dd9f4dc5b5
401,11.310207321,11.135542,30,v6,88000000ffffffffffffa8dd9f4dc5b5
402,11.320407571,10.200250,30,v6,88000000ffffffffffffa8dd9f4dc5b5
403,11.330521617,10.114046,30,v6,88000000ffffffffffffa8dd9f4dc5b5
404,11.340917098,10.395481,30,v6,88000000ffffffffffffa8dd9f4dc5b5
405,11.350853679,9.936581,30,v6,88000000ffffffffffffa8dd9f4dc5b5
406,11.361088655,10.234976,30,v6,88000000ffffffffffffa8dd9f4dc5b5
407,11.371154601,10.065946,30,v6,88000000ffffffffffffa8dd9f4dc5b5
408,11.381411640,10.257039,30,v6,88000000ffffffffffffa8dd9f4dc5b5
409,11.391701012,10.289372,30,v6,88000000ffffffffffffa8dd9f4dc5b5
410,11.402821354,11.120342,30,v6,88000000ffffffffffffa8dd9f4dc5b5
411,11.412787604,9.966250,30,v6,88000000ffffffffffffa8dd9f4dc5b5
412,11.424143446,11.355842,30,v6,88000000ffffffffffffa8dd9f4dc5b5
413,11.434072240,9.928794,30,v6,88000000ffffffffffffa8dd9f4dc5b5
414,11.444522284,10.450044,30,v6,88000000ffffffffffffa8dd9f4dc5b5
415,11.454731057,10.208773,30,v6,88000000ffffffffffffa8dd9f4dc5b5
416,11.464875906,10.144849,30,v6,88000000ffffffffffffa8dd9f4dc5b5
417,11.474965177,10.089271,30,v6,88000000ffffffffffffa8dd9f4dc5b5
418,11.485161627,10.196450,30,v6,88000000ffffffffffffa8dd9f4dc5b5
419,11.496085428,10.923801,30,v6,88000000ffffffffffffa8dd9f4dc5b5
420,11.505352426,9.266998,30,v6,88000000ffffffffffffa8dd9f4dc5b5
421,11.516558864,11.206438,30,v6,88000000ffffffffffffa8dd9f4dc5b5
422,11.526814966,10.256102,30,v6,88000000ffffffffffffa8dd9f4dc5b5
423,11.537911085,11.096119,30,v6,88000000ffffffffffffa8dd9f4dc5b5
424,11.548130676,10.219591,30,v6,88000000ffffffffffffa8dd9f4dc5b5
425,11.558472365,10.341689,30,v6,88000000ffffffffffffa8dd9f4dc5b5
426,11.568256121,9.783756,30,v6,88000000ffffffffffffa8dd9f4dc5b5
427,11.578555778,10.299657,30,v6,88000000ffffffffffffa8dd9f4dc5b5
428,11.589966397,11.410619,30,v6,88000000ffffffffffffa8dd9f4dc5b5
429,11.598944576,8.978179,30,v6,88000000ffffffffffffa8dd9f4dc5b5
430,11.610092192,11.147616,30,v6,88000000ffffffffffffa8dd9f4dc5b5
431,11.620199774,10.107582,30,v6,88000000ffffffffffffa8dd9f4dc5b5
432,11.630298234,10.098460,30,v6,88000000ffffffffffffa8dd9f4dc5b5
433,11.640434428,10.136194,30,v6,88000000ffffffffffffa8dd9f4dc5b5
434,11.650557151,10.122723,30,v6,88000000ffffffffffffa8dd9f4dc5b5
435,11.661757439,11.200288,30,v6,88000000ffffffffffffa8dd9f4dc5b5
436,11.672102858,10.345419,30,v6,88000000ffffffffffffa8dd9f4dc5b5
437,11.682202007,10.099149,30,v6,88000000ffffffffffffa8dd9f4dc5b5
438,11.693316522,11.114515,30,v6,88000000ffffffffffffa8dd9f4dc5b5
439,11.703457863,10.141341,30,v6,88000000ffffffffffffa8dd9f4dc5b5
440,11.712552303,9.094440,30,v6,88000000ffffffffffffa8dd9f4dc5b5
441,11.723961643,11.409340,30,v6,88000000ffffffffffffa8dd9f4dc5b5
442,11.733925261,9.963618,30,v6,88000000ffffffffffffa8dd9f4dc5b5
443,11.744104789,10.179528,30,v6,88000000ffffffffffffa8dd9f4dc5b5
444,11.754048285,9.943496,30,v6,88000000ffffffffffffa8dd9f4dc5b5
445,11.764388789,10.340504,30,v6,88000000ffffffffffffa8dd9f4dc5b5
446,11.775709220,11.320431,30,v6,88000000ffffffffffffa8dd9f4dc5b5
447,11.785834879,10.125659,30,v6,88000000ffffffffffffa8dd9f4dc5b5
448,11.796858602,11.023723,30,v6,88000000ffffffffffffa8dd9f4dc5b5
449,11.807162704,10.304102,30,v6,88000000ffffffffffffa8dd9f4dc5b5
450,11.817121078,9.958374,30,v6,88000000ffffffffffffa8dd9f4dc5b5
451,11.827381105,10.260027,30,v6,88000000ffffffffffffa8dd9f4dc5b5
452,11.837496222,10.115117,30,v6,88000000ffffffffffffa8dd9f4dc5b5
453,11.847951165,10.454943,30,v6,88000000ffffffffffffa8dd9f4dc5b5
454,11.857990248,10.039083,30,v6,88000000ffffffffffffa8dd9f4dc5b5
455,11.868118222,10.127974,30,v6,88000000ffffffffffffa8dd9f4dc5b5
456,11.878179585,10.061363,30,v6,88000000ffffffffffffa8dd9f4dc5b5
457,11.890425633,12.246048,30,v6,88000000ffffffffffffa8dd9f4dc5b5
458,11.900462029,10.036396,30,v6,88000000ffffffffffffa8dd9f4dc5b5
459,11.911010114,10.548085,30,v6,88000000ffffffffffffa8dd9f4dc5b5
460,11.920798602,9.788488,30,v6,88000000ffffffffffffa8dd9f4dc5b5
461,11.931202392,10.403790,30,v6,88000000ffffffffffffa8dd9f4dc5b5
462,11.941274392,10.072000,30,v6,88000000ffffffffffffa8dd9f4dc5b5
463,11.951211791,9.937399,30,v6,88000000ffffffffffffa8dd9f4dc5b5
464,11.961483235,10.271444,30,v6,88000000ffffffffffffa8dd9f4dc5b5
465,11.971595859,10.112624,30,v6,88000000ffffffffffffa8dd9f4dc5b5
466,11.982202563,10.606704,30,v6,88000000ffffffffffffa8dd9f4dc5b5
467,11.991968027,9.765464,30,v6,88000000ffffffffffffa8dd9f4dc5b5
468,12.003155002,11.186975,30,v6,88000000ffffffffffffa8dd9f4dc5b5
469,12.013145256,9.990254,30,v6,88000000ffffffffffffa8dd9f4dc5b5
470,12.023499657,10.354401,30,v6,88000000ffffffffffffa8dd9f4dc5b5
471,12.033738980,10.239323,30,v6,88000000ffffffffffffa8dd9f4dc5b5
472,12.043984833,10.245853,30,v6,88000000ffffffffffffa8dd9f4dc5b5
473,12.056269913,12.285080,30,v6,88000000ffffffffffffa8dd9f4dc5b5
474,12.066250324,9.980411,30,v6,88000000ffffffffffffa8dd9f4dc5b5
475,12.076263847,10.013523,30,v6,88000000ffffffffffffa8dd9f4dc5b5
476,12.086433093,10.169246,30,v6,88000000ffffffffffffa8dd9f4dc5b5
477,12.096603466,10.170373,30,v6,88000000ffffffffffffa8dd9f4dc5b5
478,12.106927532,10.324066,30,v6,88000000ffffffffffffa8dd9f4dc5b5
479,12.116825579,9.898047,30,v6,88000000ffffffffffffa8dd9f4dc5b5
480,12.127087739,10.262160,30,v6,88000000ffffffffffffa8dd9f4dc5b5
481,12.137108246,10.020507,30,v6,88000000ffffffffffffa8dd9f4dc5b5
482,12.148572148,11.463902,30,v6,88000000ffffffffffffa8dd9f4dc5b5
483,12.158641206,10.069058,30,v6,88000000ffffffffffffa8dd9f4dc5b5
484,12.168939320,10.298114,30,v6,88000000ffffffffffffa8dd9f4dc5b5
485,12.179899745,10.960425,30,v6,88000000ffffffffffffa8dd9f4dc5b5
486,12.190271120,10.371375,30,v6,88000000ffffffffffffa8dd9f4dc5b5
487,12.200135386,9.864266,30,v6,88000000ffffffffffffa8dd9f4dc5b5
488,12.210514622,10.379236,30,v6,88000000ffffffffffffa8dd9f4dc5b5
489,12.220706724,10.192102,30,v6,88000000ffffffffffffa8dd9f4dc5b5
490,12.230861994,10.155270,30,v6,88000000ffffffffffffa8dd9f4dc5b5
491,12.240919733,10.057739,30,v6,88000000ffffffffffffa8dd9f4dc5b5
492,12.252444481,11.524748,30,v6,88000000ffffffffffffa8dd9f4dc5b5
493,12.262386645,9.942164,30,v6,88000000ffffffffffffa8dd9f4dc5b5
494,12.272494803,10.108158,30,v6,88000000ffffffffffffa8dd9f4dc5b5
495,12.282509143,10.014340,30,v6,88000000ffffffffffffa8dd9f4dc5b5
496,12.292854705,10.345562,30,v6,88000000ffffffffffffa8dd9f4dc5b5
497,12.303132778,10.278073,30,v6,88000000ffffffffffffa8dd9f4dc5b5
498,12.313147701,10.014923,30,v6,88000000ffffffffffffa8dd9f4dc5b5
499,12.316011073,2.863372,99,v6,1c000000aadd9f4dc5b5806b66000000
500,12.665788471,349.777398,30,v6,88000000ffffffffffffa8dd9f4dc5b5
501,12.676787537,10.999066,30,v6,88000000ffffffffffffa8dd9f4dc5b5
502,12.688115345,11.327808,30,v6,88000000ffffffffffffa8dd9f4dc5b5
503,12.698038106,9.922761,30,v6,88000000ffffffffffffa8dd9f4dc5b5
504,12.708199527,10.161421,30,v6,88000000ffffffffffffa8dd9f4dc5b5
505,12.718399513,10.199986,30,v6,88000000ffffffffffffa8dd9f4dc5b5
506,12.727538904,9.139391,30,v6,88000000ffffffffffffa8dd9f4dc5b5
507,12.738760230,11.221326,30,v6,88000000ffffffffffffa8dd9f4dc5b5
508,12.749064363,10.304133,30,v6,88000000ffffffffffffa8dd9f4dc5b5
509,12.758342661,9.278298,30,v6,88000000ffffffffffffa8dd9f4dc5b5
510,12.769177953,10.835292,30,v6,88000000ffffffffffffa8dd9f4dc5b5
511,12.779409625,10.231672,30,v6,88000000ffffffffffffa8dd9f4dc5b5
512,12.788579560,9.169935,30,v6,88000000ffffffffffffa8dd9f4dc5b5
513,12.800804924,12.225364,30,v6,88000000ffffffffffffa8dd9f4dc5b5
514,12.810943609,10.138685,30,v6,88000000ffffffffffffa8dd9f4dc5b5
515,12.821103602,10.159993,30,v6,88000000ffffffffffffa8dd9f4dc5b5
516,12.831142261,10.038659,30,v6,88000000ffffffffffffa8dd9f4dc5b5
517,12.841270400,10.128139,30,v6,88000000ffffffffffffa8dd9f4dc5b5
518,12.851445673,10.175273,30,v6,88000000ffffffffffffa8dd9f4dc5b5
519,12.861579256,10.133583,30,v6,88000000ffffffffffffa8dd9f4dc5b5
520,12.871981216,10.401960,30,v6,88000000ffffffffffffa8dd9f4dc5b5
521,12.882310959,10.329743,30,v6,88000000ffffffffffffa8dd9f4dc5b5
522,12.892166240,9.855281,30,v6,88000000ffffffffffffa8dd9f4dc5b5
523,12.902257695,10.091455,30,v6,88000000ffffffffffffa8dd9f4dc5b5
524,12.912473489,10.215794,30,v6,88000000ffffffffffffa8dd9f4dc5b5
525,12.922602922,10.129433,30,v6,88000000ffffffffffffa8dd9f4dc5b5
526,12.932757126,10.154204,30,v6,88000000ffffffffffffa8dd9f4dc5b5
527,12.943966523,11.209397,30,v6,88000000ffffffffffffa8dd9f4dc5b5
528,12.954339245,10.372722,30,v6,88000000ffffffffffffa8dd9f4dc5b5
529,12.964306097,9.966852,30,v6,88000000ffffffffffffa8dd9f4dc5b5
530,12.974425994,10.119897,30,v6,88000000ffffffffffffa8dd9f4dc5b5
531,12.984617750,10.191756,30,v6,88000000ffffffffffffa8dd9f4dc5b5
532,12.994738604,10.120854,30,v6,88000000ffffffffffffa8dd9f4dc5b5
533,13.005079726,10.341122,30,v6,88000000ffffffffffffa8dd9f4dc5b5
534,13.015104458,10.024732,30,v6,88000000ffffffffffffa8dd9f4dc5b5
535,13.025693921,10.589463,30,v6,88000000ffffffffffffa8dd9f4dc5b5
536,13.035387352,9.693431,30,v6,88000000ffffffffffffa8dd9f4dc5b5
537,13.045533197,10.145845,30,v6,88000000ffffffffffffa8dd9f4dc5b5
538,13.055723034,10.189837,30,v6,88000000ffffffffffffa8dd9f4dc5b5
539,13.066007991,10.284957,30,v6,88000000ffffffffffffa8dd9f4dc5b5
540,13.076196294,10.188303,30,v6,88000000ffffffffffffa8dd9f4dc5b5
541,13.087158124,10.961830,30,v6,88000000ffffffffffffa8dd9f4dc5b5
542,13.097342065,10.183941,30,v6,88000000ffffffffffffa8dd9f4dc5b5
543,13.107547904,10.205839,30,v6,88000000ffffffffffffa8dd9f4dc5b5
544,13.117677416,10.129512,30,v6,88000000ffffffffffffa8dd9f4dc5b5
545,13.127889684,10.212268,30,v6,88000000ffffffffffffa8dd9f4dc5b5
546,13.138083669,10.193985,30,v6,88000000ffffffffffffa8dd9f4dc5b5
547,13.148087063,10.003394,30,v6,88000000ffffffffffffa8dd9f4dc5b5
548,13.158328205,10.241142,30,v6,88000000ffffffffffffa8dd9f4dc5b5
549,13.168562851,10.234646,30,v6,88000000ffffffffffffa8dd9f4dc5b5
550,13.178609710,10.046859,30,v6,88000000ffffffffffffa8dd9f4dc5b5
551,13.188867677,10.257967,30,v6,88000000ffffffffffffa8dd9f4dc5b5
552,13.199825571,10.957894,30,v6,88000000ffffffffffffa8dd9f4dc5b5
553,13.210181644,10.356073,30,v6,88000000ffffffffffffa8dd9f4dc5b5
554,13.220289767,10.108123,30,v6,88000000ffffffffffffa8dd9f4dc5b5
555,13.230501417,10.211650,30,v6,88000000ffffffffffffa8dd9f4dc5b5
556,13.240677915,10.176498,30,v6,88000000ffffffffffffa8dd9f4dc5b5
557,13.250775036,10.097121,30,v6,88000000ffffffffffffa8dd9f4dc5b5
558,13.261098392,10.323356,30,v6,88000000ffffffffffffa8dd9f4dc5b5
559,13.271071700,9.973308,30,v6,88000000ffffffffffffa8dd9f4dc5b5
560,13.281351860,10.280160,30,v6,88000000ffffffffffffa8dd9f4dc5b5
561,13.291382325,10.030465,30,v6,88000000ffffffffffffa8dd9f4dc5b5
562,13.301697305,10.314980,30,v6,88000000ffffffffffffa8dd9f4dc5b5
563,13.312958779,11.261474,30,v6,88000000ffffffffffffa8dd9f4dc5b5
564,13.323040752,10.081973,30,v6,88000000ffffffffffffa8dd9f4dc5b5
565,13.333007639,9.966887,30,v6,88000000ffffffffffffa8dd9f4dc5b5
566,13.343143300,10.135661,30,v6,88000000ffffffffffffa8dd9f4dc5b5
567,13.353321454,10.178154,30,v6,88000000ffffffffffffa8dd9f4dc5b5
568,13.363455276,10.133822,30,v6,88000000ffffffffffffa8dd9f4dc5b5
569,13.373749919,10.294643,30,v6,88000000ffffffffffffa8dd9f4dc5b5
570,13.383955083,10.205164,30,v6,88000000ffffffffffffa8dd9f4dc5b5
571,13.394318877,10.363794,30,v6,88000000ffffffffffffa8dd9f4dc5b5
572,13.404119860,9.800983,30,v6,88000000ffffffffffffa8dd9f4dc5b5
573,13.414340202,10.220342,30,v6,88000000ffffffffffffa8dd9f4dc5b5
574,13.425700961,11.360759,30,v6,88000000ffffffffffffa8dd9f4dc5b5
575,13.435919630,10.218669,30,v6,88000000ffffffffffffa8dd9f4dc5b5
576,13.446800160,10.880530,30,v6,88000000ffffffffffffa8dd9f4dc5b5
577,13.457119052,10.318892,30,v6,88000000ffffffffffffa8dd9f4dc5b5
578,13.466072332,8.953280,30,v6,88000000ffffffffffffa8dd9f4dc5b5
579,13.477411377,11.339045,30,v6,88000000ffffffffffffa8dd9f4dc5b5
580,13.487584370,10.172993,30,v6,88000000ffffffffffffa8dd9f4dc5b5
581,13.497745138,10.160768,30,v6,88000000ffffffffffffa8dd9f4dc5b5
582,13.507764581,10.019443,30,v6,88000000ffffffffffffa8dd9f4dc5b5
583,13.516965968,9.201387,30,v6,88000000ffffffffffffa8dd9f4dc5b5
584,13.528112170,11.146202,30,v6,88000000ffffffffffffa8dd9f4dc5b5
585,13.538346095,10.233925,30,v6,88000000ffffffffffffa8dd9f4dc5b5
586,13.548490438,10.144343,30,v6,88000000ffffffffffffa8dd9f4dc5b5
587,13.559572078,11.081640,30,v6,88000000ffffffffffffa8dd9f4dc5b5
588,13.568935376,9.363298,30,v6,88000000ffffffffffffa8dd9f4dc5b5
589,13.579916523,10.981147,30,v6,88000000ffffffffffffa8dd9f4dc5b5
590,13.589211385,9.294862,30,v6,88000000ffffffffffffa8dd9f4dc5b5
591,13.600207412,10.996027,30,v6,88000000ffffffffffffa8dd9f4dc5b5
592,13.610435661,10.228249,30,v6,88000000ffffffffffffa8dd9f4dc5b5
593,13.620823883,10.388222,30,v6,88000000ffffffffffffa8dd9f4dc5b5
594,13.629694334,8.870451,30,v6,88000000ffffffffffffa8dd9f4dc5b5
595,13.641151933,11.457599,30,v6,88000000ffffffffffffa8dd9f4dc5b5
596,13.650063116,8.911183,30,v6,88000000ffffffffffffa8dd9f4dc5b5
597,13.660183992,10.120876,30,v6,88000000ffffffffffffa8dd9f4dc5b5
598,13.670368805,10.184813,30,v6,88000000ffffffffffffa8dd9f4dc5b5
599,13.681518278,11.149473,30,v6,88000000ffffffffffffa8dd9f4dc5b5
600,14.034099226,352.580948,30,v6,88000000ffffffffffffa8dd9f4dc5b5
601,14.044239904,10.140678,30,v6,88000000ffffffffffffa8dd9f4dc5b5
602,14.053476343,9.236439,30,v6,88000000ffffffffffffa8dd9f4dc5b5
603,14.064671870,11.195527,30,v6,88000000ffffffffffffa8dd9f4dc5b5
604,14.073979806,9.307936,30,v6,88000000ffffffffffffa8dd9f4dc5b5
605,14.084892469,10.912663,30,v6,88000000ffffffffffffa8dd9f4dc5b5
606,14.094299915,9.407446,30,v6,88000000ffffffffffffa8dd9f4dc5b5
607,14.105238997,10.939082,30,v6,88000000ffffffffffffa8dd9f4dc5b5
608,14.115391872,10.152875,30,v6,88000000ffffffffffffa8dd9f4dc5b5
609,14.125584638,10.192766,30,v6,88000000ffffffffffffa8dd9f4dc5b5
610,14.135885103,10.300465,30,v6,88000000ffffffffffffa8dd9f4dc5b5
611,14.144882584,8.997481,30,v6,88000000ffffffffffffa8dd9f4dc5b5
612,14.155024196,10.141612,30,v6,88000000ffffffffffffa8dd9f4dc5b5
613,14.165234214,10.210018,30,v6,88000000ffffffffffffa8dd9f4dc5b5
614,14.176280339,11.046125,30,v6,88000000ffffffffffffa8dd9f4dc5b5
615,14.186327796,10.047457,30,v6,88000000ffffffffffffa8dd9f4dc5b5
616,14.196515443,10.187647,30,v6,88000000ffffffffffffa8dd9f4dc5b5
617,14.206753539,10.238096,30,v6,88000000ffffffffffffa8dd9f4dc5b5
618,14.217044741,10.291202,30,v6,88000000ffffffffffffa8dd9f4dc5b5
619,14.227154134,10.109393,30,v6,88000000ffffffffffffa8dd9f4dc5b5
620,14.236562676,9.408542,30,v6,88000000ffffffffffffa8dd9f4dc5b5
621,14.247960303,11.397627,30,v6,88000000ffffffffffffa8dd9f4dc5b5
622,14.257964638,10.004335,30,v6,88000000ffffffffffffa8dd9f4dc5b5
623,14.268062922,10.098284,30,v6,88000000ffffffffffffa8dd9f4dc5b5
624,14.277218117,9.155195,30,v6,88000000ffffffffffffa8dd9f4dc5b5
625,14.287173827,9.955710,30,v6,88000000ffffffffffffa8dd9f4dc5b5
626,14.297278134,10.104307,30,v6,88000000ffffffffffffa8dd9f4dc5b5
627,14.308526517,11.248383,30,v6,88000000ffffffffffffa8dd9f4dc5b5
628,14.318581465,10.054948,30,v6,88000000ffffffffffffa8dd9f4dc5b5
629,14.328738512,10.157047,30,v6,88000000ffffffffffffa8dd9f4dc5b5
630,14.338969585,10.231073,30,v6,88000000ffffffffffffa8dd9f4dc5b5
631,14.349069706,10.100121,30,v6,88000000ffffffffffffa8dd9f4dc5b5
632,14.359193737,10.124031,30,v6,88000000ffffffffffffa8dd9f4dc5b5
633,14.369345502,10.151765,30,v6,88000000ffffffffffffa8dd9f4dc5b5
634,14.379699081,10.353579,30,v6,88000000ffffffffffffa8dd9f4dc5b5
635,14.389564722,9.865641,30,v6,88000000ffffffffffffa8dd9f4dc5b5
636,14.400046164,10.481442,30,v6,88000000ffffffffffffa8dd9f4dc5b5
637,14.408957670,8.911506,30,v6,88000000ffffffffffffa8dd9f4dc5b5
638,14.419206949,10.249279,30,v6,88000000ffffffffffffa8dd9f4dc5b5
639,14.430193671,10.986722,30,v6,88000000ffffffffffffa8dd9f4dc5b5
640,14.440612005,10.418334,30,v6,88000000ffffffffffffa8dd9f4dc5b5
641,14.450622057,10.010052,30,v6,88000000ffffffffffffa8dd9f4dc5b5
642,14.460667070,10.045013,30,v6,88000000ffffffffffffa8dd9f4dc5b5
643,14.470997232,10.330162,30,v6,88000000ffffffffffffa8dd9f4dc5b5
644,14.481192188,10.194956,30,v6,88000000ffffffffffffa8dd9f4dc5b5
645,14.491306553,10.114365,30,v6,88000000ffffffffffffa8dd9f4dc5b5
646,14.501547448,10.240895,30,v6,88000000ffffffffffffa8dd9f4dc5b5
647,14.511688933,10.141485,30,v6,88000000ffffffffffffa8dd9f4dc5b5
648,14.521981890,10.292957,30,v6,88000000ffffffffffffa8dd9f4dc5b5
649,14.530916769,8.934879,30,v6,88000000ffffffffffffa8dd9f4dc5b5
650,14.541062212,10.145443,30,v6,88000000ffffffffffffa8dd9f4dc5b5
651,14.552236893,11.174681,30,v6,88000000ffffffffffffa8dd9f4dc5b5
652,14.562449051,10.212158,30,v6,88000000ffffffffffffa8dd9f4dc5b5
653,14.572611956,10.162905,30,v6,88000000ffffffffffffa8dd9f4dc5b5
654,14.582720900,10.108944,30,v6,88000000ffffffffffffa8dd9f4dc5b5
655,14.592704292,9.983392,30,v6,88000000ffffffffffffa8dd9f4dc5b5
656,14.603111617,10.407325,30,v6,88000000ffffffffffffa8dd9f4dc5b5
657,14.613229044,10.117427,30,v6,88000000ffffffffffffa8dd9f4dc5b5
658,14.623355998,10.126954,30,v6,88000000ffffffffffffa8dd9f4dc5b5
659,14.632728809,9.372811,30,v6,88000000ffffffffffffa8dd9f4dc5b5
660,14.643709003,10.980194,30,v6,88000000ffffffffffffa8dd9f4dc5b5
661,14.653944178,10.235175,30,v6,88000000ffffffffffffa8dd9f4dc5b5
662,14.664159048,10.214870,30,v6,88000000ffffffffffffa8dd9f4dc5b5
663,14.674259976,10.100928,30,v6,88000000ffffffffffffa8dd9f4dc5b5
664,14.684309470,10.049494,30,v6,88000000ffffffffffffa8dd9f4dc5b5
665,14.694365612,10.056142,30,v6,88000000ffffffffffffa8dd9f4dc5b5
666,14.704623132,10.257520,30,v6,88000000ffffffffffffa8dd9f4dc5b5
667,14.715001202,10.378070,30,v6,88000000ffffffffffffa8dd9f4dc5b5
668,14.725011779,10.010577,30,v6,88000000ffffffffffffa8dd9f4dc5b5
669,14.734161507,9.149728,30,v6,88000000ffffffffffffa8dd9f4dc5b5
670,14.744251262,10.089755,30,v6,88000000ffffffffffffa8dd9f4dc5b5
671,14.754383911,10.132649,30,v6,88000000ffffffffffffa8dd9f4dc5b5
672,14.765596929,11.213018,30,v6,88000000ffffffffffffa8dd9f4dc5b5
673,14.774751957,9.155028,30,v6,88000000ffffffffffffa8dd9f4dc5b5
674,14.785153313,10.401356,30,v6,88000000ffffffffffffa8dd9f4dc5b5
675,14.795150922,9.997609,30,v6,88000000ffffffffffffa8dd9f4dc5b5
676,14.805298704,10.147782,30,v6,88000000ffffffffffffa8dd9f4dc5b5
677,14.816387548,11.088844,30,v6,88000000ffffffffffffa8dd9f4dc5b5
678,14.826772292,10.384744,30,v6,88000000ffffffffffffa8dd9f4dc5b5
679,14.836622017,9.849725,30,v6,88000000ffffffffffffa8dd9f4dc5b5
680,14.846966958,10.344941,30,v6,88000000ffffffffffffa8dd9f4dc5b5
681,14.857105936,10.138978,30,v6,88000000ffffffffffffa8dd9f4dc5b5
682,14.867427837,10.321901,30,v6,88000000ffffffffffffa8dd9f4dc5b5
683,14.877387949,9.960112,30,v6,88000000ffffffffffffa8dd9f4dc5b5
684,14.887505342,10.117393,30,v6,88000000ffffffffffffa8dd9f4dc5b5
685,14.897899469,10.394127,30,v6,88000000ffffffffffffa8dd9f4dc5b5
686,14.908050969,10.151500,30,v6,88000000ffffffffffffa8dd9f4dc5b5
687,14.917104158,9.053189,30,v6,88000000ffffffffffffa8dd9f4dc5b5
688,14.927188611,10.084453,30,v6,88000000ffffffffffffa8dd9f4dc5b5
689,14.937324720,10.136109,30,v6,88000000ffffffffffffa8dd9f4dc5b5
690,14.947752272,10.427552,30,v6,88000000ffffffffffffa8dd9f4dc5b5
691,14.957653368,9.901096,30,v6,88000000ffffffffffffa8dd9f4dc5b5
692,14.967988773,10.335405,30,v6,88000000ffffffffffffa8dd9f4dc5b5
693,14.977902145,9.913372,30,v6,88000000ffffffffffffa8dd9f4dc5b5
694,14.988097061,10.194916,30,v6,88000000ffffffffffffa8dd9f4dc5b5
695,14.998270822,10.173761,30,v6,88000000ffffffffffffa8dd9f4dc5b5
696,15.008484179,10.213357,30,v6,88000000ffffffffffffa8dd9f4dc5b5
697,15.019554918,11.070739,30,v6,88000000ffffffffffffa8dd9f4dc5b5
698,15.029759567,10.204649,30,v6,88000000ffffffffffffa8dd9f4dc5b5
699,15.039848676,10.089109,30,v6,88000000ffffffffffffa8dd9f4dc5b5
700,15.390453869,350.605193,30,v6,88000000ffffffffffffa8dd9f4dc5b5
701,15.400675914,10.222045,30,v6,88000000ffffffffffffa8dd9f4dc5b5
702,15.411789670,11.113756,30,v6,88000000ffffffffffffa8dd9f4dc5b5
703,15.422095314,10.305644,30,v6,88000000ffffffffffffa8dd9f4dc5b5
704,15.432193209,10.097895,30,v6,88000000ffffffffffffa8dd9f4dc5b5
705,15.441116871,8.923662,30,v6,88000000ffffffffffffa8dd9f4dc5b5
706,15.451483712,10.366841,30,v6,88000000ffffffffffffa8dd9f4dc5b5
707,15.461628760,10.145048,30,v6,88000000ffffffffffffa8dd9f4dc5b5
708,15.471881048,10.252288,30,v6,88000000ffffffffffffa8dd9f4dc5b5
709,15.481888725,10.007677,30,v6,88000000ffffffffffffa8dd9f4dc5b5
710,15.492007733,10.119008,30,v6,88000000ffffffffffffa8dd9f4dc5b5
711,15.501163534,9.155801,30,v6,88000000ffffffffffffa8dd9f4dc5b5
712,15.511294090,10.130556,30,v6,88000000ffffffffffffa8dd9f4dc5b5
713,15.521422189,10.128099,30,v6,88000000ffffffffffffa8dd9f4dc5b5
714,15.532464162,11.041973,30,v6,88000000ffffffffffffa8dd9f4dc5b5
715,15.542934711,10.470549,30,v6,88000000ffffffffffffa8dd9f4dc5b5
716,15.552191558,9.256847,30,v6,88000000ffffffffffffa8dd9f4dc5b5
717,15.562138066,9.946508,30,v6,88000000ffffffffffffa8dd9f4dc5b5
718,15.572395719,10.257653,30,v6,88000000ffffffffffffa8dd9f4dc5b5
719,15.582320081,9.924362,30,v6,88000000ffffffffffffa8dd9f4dc5b5
720,15.592599487,10.279406,30,v6,88000000ffffffffffffa8dd9f4dc5b5
721,15.602941250,10.341763,30,v6,88000000ffffffffffffa8dd9f4dc5b5
722,15.612023586,9.082336,30,v6,88000000ffffffffffffa8dd9f4dc5b5
723,15.622162395,10.138809,30,v6,88000000ffffffffffffa8dd9f4dc5b5
724,15.632458200,10.295805,30,v6,88000000ffffffffffffa8dd9f4dc5b5
725,15.642415328,9.957128,30,v6,88000000ffffffffffffa8dd9f4dc5b5
726,15.651565171,9.149843,30,v6,88000000ffffffffffffa8dd9f4dc5b5
727,15.663752409,12.187238,30,v6,88000000ffffffffffffa8dd9f4dc5b5
728,15.672837224,9.084815,30,v6,88000000ffffffffffffa8dd9f4dc5b5
729,15.683064371,10.227147,30,v6,88000000ffffffffffffa8dd9f4dc5b5
730,15.693005209,9.940838,30,v6,88000000ffffffffffffa8dd9f4dc5b5
731,15.703205750,10.200541,30,v6,88000000ffffffffffffa8dd9f4dc5b5
732,15.713479591,10.273841,30,v6,88000000ffffffffffffa8dd9f4dc5b5
733,15.722716599,9.237008,30,v6,88000000ffffffffffffa8dd9f4dc5b5
734,15.732907883,10.191284,30,v6,88000000ffffffffffffa8dd9f4dc5b5
735,15.742900336,9.992453,30,v6,88000000ffffffffffffa8dd9f4dc5b5
736,15.753254720,10.354384,30,v6,88000000ffffffffffffa8dd9f4dc5b5
737,15.763168191,9.913471,30,v6,88000000ffffffffffffa8dd9f4dc5b5
738,15.774379884,11.211693,30,v6,88000000ffffffffffffa8dd9f4dc5b5
739,15.783591586,9.211702,30,v6,88000000ffffffffffffa8dd9f4dc5b5
740,15.793943522,10.351936,30,v6,88000000ffffffffffffa8dd9f4dc5b5
741,15.804009117,10.065595,30,v6,88000000ffffffffffffa8dd9f4dc5b5
742,15.813149605,9.140488,30,v6,88000000ffffffffffffa8dd9f4dc5b5
743,15.824489436,11.339831,30,v6,88000000ffffffffffffa8dd9f4dc5b5
744,15.833400283,8.910847,30,v6,88000000ffffffffffffa8dd9f4dc5b5
745,15.843694613,10.294330,30,v6,88000000ffffffffffffa8dd9f4dc5b5
746,15.853891054,10.196441,30,v6,88000000ffffffffffffa8dd9f4dc5b5
747,15.864097295,10.206241,30,v6,88000000ffffffffffffa8dd9f4dc5b5
748,15.873236618,9.139323,30,v6,88000000ffffffffffffa8dd9f4dc5b5
749,15.883311977,10.075359,30,v6,88000000ffffffffffffa8dd9f4dc5b5
750,15.894803704,11.491727,30,v6,88000000ffffffffffffa8dd9f4dc5b5
751,15.904717768,9.914064,30,v6,88000000ffffffffffffa8dd9f4dc5b5
752,15.914685965,9.968197,30,v6,88000000ffffffffffffa8dd9f4dc5b5
753,15.924855297,10.169332,30,v6,88000000ffffffffffffa8dd9f4dc5b5
754,15.935215555,10.360258,30,v6,88000000ffffffffffffa8dd9f4dc5b5
755,15.944468763,9.253208,30,v6,88000000ffffffffffffa8dd9f4dc5b5
756,15.954387829,9.919066,30,v6,88000000ffffffffffffa8dd9f4dc5b5
757,15.964368179,9.980350,30,v6,88000000ffffffffffffa8dd9f4dc5b5
758,15.974749640,10.381461,30,v6,88000000ffffffffffffa8dd9f4dc5b5
759,15.985055139,10.305499,30,v6,88000000ffffffffffffa8dd9f4dc5b5
760,15.994393064,9.337925,30,v6,88000000ffffffffffffa8dd9f4dc5b5
761,16.005268119,10.875055,30,v6,88000000ffffffffffffa8dd9f4dc5b5
762,16.015419810,10.151691,30,v6,88000000ffffffffffffa8dd9f4dc5b5
763,16.024541868,9.122058,30,v6,88000000ffffffffffffa8dd9f4dc5b5
764,16.035534282,10.992414,30,v6,88000000ffffffffffffa8dd9f4dc5b5
765,16.045914885,10.380603,30,v6,88000000ffffffffffffa8dd9f4dc5b5
766,16.056234648,10.319763,30,v6,88000000ffffffffffffa8dd9f4dc5b5
767,16.065386230,9.151582,30,v6,88000000ffffffffffffa8dd9f4dc5b5
768,16.075356992,9.970762,30,v6,88000000ffffffffffffa8dd9f4dc5b5
769,16.085333933,9.976941,30,v6,88000000ffffffffffffa8dd9f4dc5b5
770,16.095497644,10.163711,30,v6,88000000ffffffffffffa8dd9f4dc5b5
771,16.106016086,10.518442,30,v6,88000000ffffffffffffa8dd9f4dc5b5
772,16.114882892,8.866806,30,v6,88000000ffffffffffffa8dd9f4dc5b5
773,16.124963955,10.081063,30,v6,88000000ffffffffffffa8dd9f4dc5b5
774,16.135092248,10.128293,30,v6,88000000ffffffffffffa8dd9f4dc5b5
775,16.145343125,10.250877,30,v6,88000000ffffffffffffa8dd9f4dc5b5
776,16.155447784,10.104659,30,v6,88000000ffffffffffffa8dd9f4dc5b5
777,16.165762272,10.314488,30,v6,88000000ffffffffffffa8dd9f4dc5b5
778,16.176990954,11.228682,30,v6,88000000ffffffffffffa8dd9f4dc5b5
779,16.186995383,10.004429,30,v6,88000000ffffffffffffa8dd9f4dc5b5
780,16.197085187,10.089804,30,v6,88000000ffffffffffffa8dd9f4dc5b5
781,16.206329047,9.243860,30,v6,88000000ffffffffffffa8dd9f4dc5b5
782,16.216388353,10.059306,30,v6,88000000ffffffffffffa8dd9f4dc5b5
783,16.226612604,10.224251,30,v6,88000000ffffffffffffa8dd9f4dc5b5
784,16.235920032,9.307428,30,v6,88000000ffffffffffffa8dd9f4dc5b5
785,16.247086299,11.166267,30,v6,88000000ffffffffffffa8dd9f4dc5b5
786,16.256104257,9.017958,30,v6,88000000ffffffffffffa8dd9f4dc5b5
787,16.266342322,10.238065,30,v6,88000000ffffffffffffa8dd9f4dc5b5
788,16.276392510,10.050188,30,v6,88000000ffffffffffffa8dd9f4dc5b5
789,16.287484818,11.092308,30,v6,88000000ffffffffffffa8dd9f4dc5b5
790,16.297785507,10.300689,30,v6,88000000ffffffffffffa8dd9f4dc5b5
791,16.306913000,9.127493,30,v6,88000000ffffffffffffa8dd9f4dc5b5
792,16.316878660,9.965660,30,v6,88000000ffffffffffffa8dd9f4dc5b5
793,16.327192154,10.313494,30,v6,88000000ffffffffffffa8dd9f4dc5b5
794,16.337328272,10.136118,30,v6,88000000ffffffffffffa8dd9f4dc5b5
795,16.347499821,10.171549,30,v6,88000000ffffffffffffa8dd9f4dc5b5
796,16.356689149,9.189328,30,v6,88000000ffffffffffffa8dd9f4dc5b5
797,16.366888207,10.199058,30,v6,88000000ffffffffffffa8dd9f4dc5b5
798,16.377132182,10.243975,30,v6,88000000ffffffffffffa8dd9f4dc5b5
799,16.387034743,9.902561,30,v6,88000000ffffffffffffa8dd9f4dc5b5
800,16.738788923,351.754180,30,v6,88000000ffffffffffffa8dd9f4dc5b5
801,16.748862575,10.073652,30,v6,88000000ffffffffffffa8dd9f4dc5b5
802,16.758999907,10.137332,30,v6,88000000ffffffffffffa8dd9f4dc5b5
803,16.769321886,10.321979,30,v6,88000000ffffffffffffa8dd9f4dc5b5
804,16.779375281,10.053395,30,v6,88000000ffffffffffffa8dd9f4dc5b5
805,16.789656587,10.281306,30,v6,88000000ffffffffffffa8dd9f4dc5b5
806,16.799614864,9.958277,30,v6,88000000ffffffffffffa8dd9f4dc5b5
807,16.808803798,9.188934,30,v6,88000000ffffffffffffa8dd9f4dc5b5
808,16.819087059,10.283261,30,v6,88000000ffffffffffffa8dd9f4dc5b5
809,16.829086542,9.999483,30,v6,88000000ffffffffffffa8dd9f4dc5b5
810,16.838318728,9.232186,30,v6,88000000ffffffffffffa8dd9f4dc5b5
811,16.848375435,10.056707,30,v6,88000000ffffffffffffa8dd9f4dc5b5
812,16.858579232,10.203797,30,v6,88000000ffffffffffffa8dd9f4dc5b5
813,16.867683099,9.103867,30,v6,88000000ffffffffffffa8dd9f4dc5b5
814,16.878085921,10.402822,30,v6,88000000ffffffffffffa8dd9f4dc5b5
815,16.889111526,11.025605,30,v6,88000000ffffffffffffa8dd9f4dc5b5
816,16.899374104,10.262578,30,v6,88000000ffffffffffffa8dd9f4dc5b5
817,16.909529279,10.155175,30,v6,88000000ffffffffffffa8dd9f4dc5b5
818,16.918690777,9.161498,30,v6,88000000ffffffffffffa8dd9f4dc5b5
819,16.928767474,10.076697,30,v6,88000000ffffffffffffa8dd9f4dc5b5
820,16.939140790,10.373316,30,v6,88000000ffffffffffffa8dd9f4dc5b5
821,16.948110443,8.969653,30,v6,88000000ffffffffffffa8dd9f4dc5b5
822,16.958008962,9.898519,30,v6,88000000ffffffffffffa8dd9f4dc5b5
823,16.968317648,10.308686,30,v6,88000000ffffffffffffa8dd9f4dc5b5
824,16.978527721,10.210073,30,v6,88000000ffffffffffffa8dd9f4dc5b5
825,16.988693900,10.166179,30,v6,88000000ffffffffffffa8dd9f4dc5b5
826,16.998991816,10.297916,30,v6,88000000ffffffffffffa8dd9f4dc5b5
827,17.009087306,10.095490,30,v6,88000000ffffffffffffa8dd9f4dc5b5
828,17.018020587,8.933281,30,v6,88000000ffffffffffffa8dd9f4dc5b5
829,17.028119167,10.098580,30,v6,88000000ffffffffffffa8dd9f4dc5b5
830,17.038414905,10.295738,30,v6,88000000ffffffffffffa8dd9f4dc5b5
831,17.048610889,10.195984,30,v6,88000000ffffffffffffa8dd9f4dc5b5
832,17.057835839,9.224950,30,v6,88000000ffffffffffffa8dd9f4dc5b5
833,17.067901654,10.065815,30,v6,88000000ffffffffffffa8dd9f4dc5b5
834,17.077947419,10.045765,30,v6,88000000ffffffffffffa8dd9f4dc5b5
835,17.087076744,9.129325,30,v6,88000000ffffffffffffa8dd9f4dc5b5
836,17.097227174,10.150430,30,v6,88000000ffffffffffffa8dd9f4dc5b5
837,17.108655718,11.428544,30,v6,88000000ffffffffffffa8dd9f4dc5b5
838,17.117868500,9.212782,30,v6,88000000ffffffffffffa8dd9f4dc5b5
839,17.127767236,9.898736,30,v6,88000000ffffffffffffa8dd9f4dc5b5
840,17.138087272,10.320036,30,v6,88000000ffffffffffffa8dd9f4dc5b5
841,17.148305485,10.218213,30,v6,88000000ffffffffffffa8dd9f4dc5b5
842,17.158184414,9.878929,30,v6,88000000ffffffffffffa8dd9f4dc5b5
843,17.167476844,9.292430,30,v6,88000000ffffffffffffa8dd9f4dc5b5
844,17.177501074,10.024230,30,v6,88000000ffffffffffffa8dd9f4dc5b5
845,17.187986985,10.485911,30,v6,88000000ffffffffffffa8dd9f4dc5b5
846,17.196885249,8.898264,30,v6,88000000ffffffffffffa8dd9f4dc5b5
847,17.207292587,10.407338,30,v6,88000000ffffffffffffa8dd9f4dc5b5
848,17.218241531,10.948944,30,v6,88000000ffffffffffffa8dd9f4dc5b5
849,17.228433078,10.191547,30,v6,88000000ffffffffffffa8dd9f4dc5b5
850,17.237525253,9.092175,30,v6,88000000ffffffffffffa8dd9f4dc5b5
851,17.247832315,10.307062,30,v6,88000000ffffffffffffa8dd9f4dc5b5
852,17.258010817,10.178502,30,v6,88000000ffffffffffffa8dd9f4dc5b5
853,17.267096155,9.085338,30,v6,88000000ffffffffffffa8dd9f4dc5b5
854,17.276997741,9.901586,30,v6,88000000ffffffffffffa8dd9f4dc5b5
855,17.287381172,10.383431,30,v6,88000000ffffffffffffa8dd9f4dc5b5
856,17.296472121,9.090949,30,v6,88000000ffffffffffffa8dd9f4dc5b5
857,17.306700282,10.228161,30,v6,88000000ffffffffffffa8dd9f4dc5b5
858,17.316925852,10.225570,30,v6,88000000ffffffffffffa8dd9f4dc5b5
859,17.326807072,9.881220,30,v6,88000000ffffffffffffa8dd9f4dc5b5
860,17.337292354,10.485282,30,v6,88000000ffffffffffffa8dd9f4dc5b5
861,17.347045081,9.752727,30,v6,88000000ffffffffffffa8dd9f4dc5b5
862,17.357348255,10.303174,30,v6,88000000ffffffffffffa8dd9f4dc5b5
863,17.366609286,9.261031,30,v6,88000000ffffffffffffa8dd9f4dc5b5
864,17.376613424,10.004138,30,v6,88000000ffffffffffffa8dd9f4dc5b5
865,17.386890058,10.276634,30,v6,88000000ffffffffffffa8dd9f4dc5b5
866,17.396182103,9.292045,30,v6,88000000ffffffffffffa8dd9f4dc5b5
867,17.406305577,10.123474,30,v6,88000000ffffffffffffa8dd9f4dc5b5
868,17.416399293,10.093716,30,v6,88000000ffffffffffffa8dd9f4dc5b5
869,17.426500705,10.101412,30,v6,88000000ffffffffffffa8dd9f4dc5b5
870,17.435671121,9.170416,30,v6,88000000ffffffffffffa8dd9f4dc5b5
871,17.446012521,10.341400,30,v6,88000000ffffffffffffa8dd9f4dc5b5
872,17.457319219,11.306698,30,v6,88000000ffffffffffffa8dd9f4dc5b5
873,17.467148913,9.829694,30,v6,88000000ffffffffffffa8dd9f4dc5b5
874,17.476405804,9.256891,30,v6,88000000ffffffffffffa8dd9f4dc5b5
875,17.486276605,9.870801,30,v6,88000000ffffffffffffa8dd9f4dc5b5
876,17.496625348,10.348743,30,v6,88000000ffffffffffffa8dd9f4dc5b5
877,17.506853842,10.228494,30,v6,88000000ffffffffffffa8dd9f4dc5b5
878,17.515914466,9.060624,30,v6,88000000ffffffffffffa8dd9f4dc5b5
879,17.526118985,10.204519,30,v6,88000000ffffffffffffa8dd9f4dc5b5
880,17.536300587,10.181602,30,v6,88000000ffffffffffffa8dd9f4dc5b5
881,17.545256368,8.955781,30,v6,88000000ffffffffffffa8dd9f4dc5b5
882,17.555745527,10.489159,30,v6,88000000ffffffffffffa8dd9f4dc5b5
883,17.565889584,10.144057,30,v6,88000000ffffffffffffa8dd9f4dc5b5
884,17.576895216,11.005632,30,v6,88000000ffffffffffffa8dd9f4dc5b5
885,17.585866425,8.971209,30,v6,88000000ffffffffffffa8dd9f4dc5b5
886,17.595935828,10.069403,30,v6,88000000ffffffffffffa8dd9f4dc5b5
887,17.606299564,10.363736,30,v6,88000000ffffffffffffa8dd9f4dc5b5
888,17.615699124,9.399560,30,v6,88000000ffffffffffffa8dd9f4dc5b5
889,17.625706103,10.006979,30,v6,88000000ffffffffffffa8dd9f4dc5b5
890,17.634891349,9.185246,30,v6,88000000ffffffffffffa8dd9f4dc5b5
891,17.645222305,10.330956,30,v6,88000000ffffffffffffa8dd9f4dc5b5
892,17.655225093,10.002788,30,v6,88000000ffffffffffffa8dd9f4dc5b5
893,17.665325651,10.100558,30,v6,88000000ffffffffffffa8dd9f4dc5b5
894,17.675650514,10.324863,30,v6,88000000ffffffffffffa8dd9f4dc5b5
895,17.685626995,9.976481,30,v6,88000000ffffffffffffa8dd9f4dc5b5
896,17.695613123,9.986128,30,v6,88000000ffffffffffffa8dd9f4dc5b5
897,17.705078606,9.465483,30,v6,88000000ffffffffffffa8dd9f4dc5b5
898,17.715282639,10.204033,30,v6,88000000ffffffffffffa8dd9f4dc5b5
899,17.725149311,9.866672,30,v6,88000000ffffffffffffa8dd9f4dc5b5
900,18.077787289,352.637978,30,v6,88000000ffffffffffffa8dd9f4dc5b5
901,18.087955072,10.167783,30,v6,88000000ffffffffffffa8dd9f4dc5b5
902,18.096947047,8.991975,30,v6,88000000ffffffffffffa8dd9f4dc5b5
903,18.106287361,9.340314,30,v6,88000000ffffffffffffa8dd9f4dc5b5
904,18.116465206,10.177845,30,v6,88000000ffffffffffffa8dd9f4dc5b5
905,18.126424126,9.958920,30,v6,88000000ffffffffffffa8dd9f4dc5b5
906,18.136658742,10.234616,30,v6,88000000ffffffffffffa8dd9f4dc5b5
907,18.145732456,9.073714,30,v6,88000000ffffffffffffa8dd9f4dc5b5
908,18.156293328,10.560872,30,v6,88000000ffffffffffffa8dd9f4dc5b5
909,18.165190781,8.897453,30,v6,88000000ffffffffffffa8dd9f4dc5b5
910,18.175337793,10.147012,30,v6,88000000ffffffffffffa8dd9f4dc5b5
911,18.185586384,10.248591,30,v6,88000000ffffffffffffa8dd9f4dc5b5
912,18.195826896,10.240512,30,v6,88000000ffffffffffffa8dd9f4dc5b5
913,18.205726342,9.899446,30,v6,88000000ffffffffffffa8dd9f4dc5b5
914,18.215004914,9.278572,30,v6,88000000ffffffffffffa8dd9f4dc5b5
915,18.225022150,10.017236,30,v6,88000000ffffffffffffa8dd9f4dc5b5
916,18.235104397,10.082247,30,v6,88000000ffffffffffffa8dd9f4dc5b5
917,18.244388051,9.283654,30,v6,88000000ffffffffffffa8dd9f4dc5b5
918,18.254498807,10.110756,30,v6,88000000ffffffffffffa8dd9f4dc5b5
919,18.263702999,9.204192,30,v6,88000000ffffffffffffa8dd9f4dc5b5
920,18.274031686,10.328687,30,v6,88000000ffffffffffffa8dd9f4dc5b5
921,18.284336287,10.304601,30,v6,88000000ffffffffffffa8dd9f4dc5b5
922,18.294146085,9.809798,30,v6,88000000ffffffffffffa8dd9f4dc5b5
923,18.303239455,9.093370,30,v6,88000000ffffffffffffa8dd9f4dc5b5
924,18.314696611,11.457156,30,v6,88000000ffffffffffffa8dd9f4dc5b5
925,18.323825637,9.129026,30,v6,88000000ffffffffffffa8dd9f4dc5b5
926,18.333924354,10.098717,30,v6,88000000ffffffffffffa8dd9f4dc5b5
927,18.344014526,10.090172,30,v6,88000000ffffffffffffa8dd9f4dc5b5
928,18.353409369,9.394843,30,v6,88000000ffffffffffffa8dd9f4dc5b5
929,18.363270059,9.860690,30,v6,88000000ffffffffffffa8dd9f4dc5b5
930,18.373544611,10.274552,30,v6,88000000ffffffffffffa8dd9f4dc5b5
931,18.382780484,9.235873,30,v6,88000000ffffffffffffa8dd9f4dc5b5
932,18.392942033,10.161549,30,v6,88000000ffffffffffffa8dd9f4dc5b5
933,18.403110729,10.168696,30,v6,88000000ffffffffffffa8dd9f4dc5b5
934,18.412341014,9.230285,30,v6,88000000ffffffffffffa8dd9f4dc5b5
935,18.422243672,9.902658,30,v6,88000000ffffffffffffa8dd9f4dc5b5
936,18.432629150,10.385478,30,v6,88000000ffffffffffffa8dd9f4dc5b5
937,18.442571119,9.941969,30,v6,88000000ffffffffffffa8dd9f4dc5b5
938,18.452879778,10.308659,30,v6,88000000ffffffffffffa8dd9f4dc5b5
939,18.461938450,9.058672,30,v6,88000000ffffffffffffa8dd9f4dc5b5
940,18.471035269,9.096819,30,v6,88000000ffffffffffffa8dd9f4dc5b5
941,18.481068500,10.033231,30,v6,88000000ffffffffffffa8dd9f4dc5b5
942,18.491300286,10.231786,30,v6,88000000ffffffffffffa8dd9f4dc5b5
943,18.501565884,10.265598,30,v6,88000000ffffffffffffa8dd9f4dc5b5
944,18.510601499,9.035615,30,v6,88000000ffffffffffffa8dd9f4dc5b5
945,18.520879398,10.277899,30,v6,88000000ffffffffffffa8dd9f4dc5b5
946,18.530053770,9.174372,30,v6,88000000ffffffffffffa8dd9f4dc5b5
947,18.539961824,9.908054,30,v6,88000000ffffffffffffa8dd9f4dc5b5
948,18.550159741,10.197917,30,v6,88000000ffffffffffffa8dd9f4dc5b5
949,18.560394509,10.234768,30,v6,88000000ffffffffffffa8dd9f4dc5b5
950,18.570800134,10.405625,30,v6,88000000ffffffffffffa8dd9f4dc5b5
951,18.580676438,9.876304,30,v6,88000000ffffffffffffa8dd9f4dc5b5
952,18.589697875,9.021437,30,v6,88000000ffffffffffffa8dd9f4dc5b5
953,18.600066624,10.368749,30,v6,88000000ffffffffffffa8dd9f4dc5b5
954,18.609397758,9.331134,30,v6,88000000ffffffffffffa8dd9f4dc5b5
955,18.619356648,9.958890,30,v6,88000000ffffffffffffa8dd9f4dc5b5
956,18.629627121,10.270473,30,v6,88000000ffffffffffffa8dd9f4dc5b5
957,18.638540986,8.913865,30,v6,88000000ffffffffffffa8dd9f4dc5b5
958,18.648606540,10.065554,30,v6,88000000ffffffffffffa8dd9f4dc5b5
959,18.658951815,10.345275,30,v6,88000000ffffffffffffa8dd9f4dc5b5
960,18.668948614,9.996799,30,v6,88000000ffffffffffffa8dd9f4dc5b5
961,18.678142315,9.193701,30,v6,88000000ffffffffffffa8dd9f4dc5b5
962,18.688291629,10.149314,30,v6,88000000ffffffffffffa8dd9f4dc5b5
963,18.698439450,10.147821,30,v6,88000000ffffffffffffa8dd9f4dc5b5
964,18.708735962,10.296512,30,v6,88000000ffffffffffffa8dd9f4dc5b5
965,18.717904173,9.168211,30,v6,88000000ffffffffffffa8dd9f4dc5b5
966,18.728170645,10.266472,30,v6,88000000ffffffffffffa8dd9f4dc5b5
967,18.736991695,8.821050,30,v6,88000000ffffffffffffa8dd9f4dc5b5
968,18.747515613,10.523918,30,v6,88000000ffffffffffffa8dd9f4dc5b5
969,18.756428567,8.912954,30,v6,88000000ffffffffffffa8dd9f4dc5b5
970,18.766692979,10.264412,30,v6,88000000ffffffffffffa8dd9f4dc5b5
971,18.776718054,10.025075,30,v6,88000000ffffffffffffa8dd9f4dc5b5
972,18.786995539,10.277485,30,v6,88000000ffffffffffffa8dd9f4dc5b5
973,18.796462714,9.467175,30,v6,88000000ffffffffffffa8dd9f4dc5b5
974,18.807230482,10.767768,30,v6,88000000ffffffffffffa8dd9f4dc5b5
975,18.817343454,10.112972,30,v6,88000000ffffffffffffa8dd9f4dc5b5
976,18.826662812,9.319358,30,v6,88000000ffffffffffffa8dd9f4dc5b5
977,18.836912733,10.249921,30,v6,88000000ffffffffffffa8dd9f4dc5b5
978,18.845916076,9.003343,30,v6,88000000ffffffffffffa8dd9f4dc5b5
979,18.855968143,10.052067,30,v6,88000000ffffffffffffa8dd9f4dc5b5
980,18.866312872,10.344729,30,v6,88000000ffffffffffffa8dd9f4dc5b5
981,18.875268943,8.956071,30,v6,88000000ffffffffffffa8dd9f4dc5b5
982,18.885515463,10.246520,30,v6,88000000ffffffffffffa8dd9f4dc5b5
983,18.894853583,9.338120,30,v6,88000000ffffffffffffa8dd9f4dc5b5
984,18.904828434,9.974851,30,v6,88000000ffffffffffffa8dd9f4dc5b5
985,18.915095386,10.266952,30,v6,88000000ffffffffffffa8dd9f4dc5b5
986,18.925019216,9.923830,30,v6,88000000ffffffffffffa8dd9f4dc5b5
987,18.935388914,10.369698,30,v6,88000000ffffffffffffa8dd9f4dc5b5
988,18.945519436,10.130522,30,v6,88000000ffffffffffffa8dd9f4dc5b5
989,18.954719260,9.199824,30,v6,88000000ffffffffffffa8dd9f4dc5b5
990,18.964764729,10.045469,30,v6,88000000ffffffffffffa8dd9f4dc5b5
991,18.973930407,9.165678,30,v6,88000000ffffffffffffa8dd9f4dc5b5
992,18.984160595,10.230188,30,v6,88000000ffffffffffffa8dd9f4dc5b5
993,18.994202992,10.042397,30,v6,88000000ffffffffffffa8dd9f4dc5b5
994,19.003287476,9.084484,30,v6,88000000ffffffffffffa8dd9f4dc5b5
995,19.013675135,10.387659,30,v6,88000000ffffffffffffa8dd9f4dc5b5
996,19.023559667,9.884532,30,v6,88000000ffffffffffffa8dd9f4dc5b5
997,19.025817224,2.257557,99,v6,1c000000aadd9f4dc5b5e4cecc000000
998,19.035070173,9.252949,30,v6,88000000ffffffffffffa8dd9f4dc5b5
999,19.043982640,8.912467,30,v6,88000000ffffffffffffa8dd9f4dc5b5
1000,19.054184471,10.201831,30,v6,88000000ffffffffffffa8dd9f4dc5b5
1001,19.395531957,341.347486,30,v6,88000000ffffffffffffa8dd9f4dc5b5
1002,19.405750788,10.218831,30,v6,88000000ffffffffffffa8dd9f4dc5b5
1003,19.414862964,9.112176,30,v6,88000000ffffffffffffa8dd9f4dc5b5
1004,19.424958225,10.095261,30,v6,88000000ffffffffffffa8dd9f4dc5b5
1005,19.435106687,10.148462,30,v6,88000000ffffffffffffa8dd9f4dc5b5
1006,19.444266936,9.160249,30,v6,88000000ffffffffffffa8dd9f4dc5b5
1007,19.454526738,10.259802,30,v6,88000000ffffffffffffa8dd9f4dc5b5
1008,19.463792353,9.265615,30,v6,88000000ffffffffffffa8dd9f4dc5b5
1009,19.473778008,9.985655,30,v6,88000000ffffffffffffa8dd9f4dc5b5
1010,19.484104114,10.326106,30,v6,88000000ffffffffffffa8dd9f4dc5b5
1011,19.494210897,10.106783,30,v6,88000000ffffffffffffa8dd9f4dc5b5
1012,19.504240413,10.029516,30,v6,88000000ffffffffffffa8dd9f4dc5b5
1013,19.513519663,9.279250,30,v6,88000000ffffffffffffa8dd9f4dc5b5
1014,19.523484947,9.965284,30,v6,88000000ffffffffffffa8dd9f4dc5b5
1015,19.532710373,9.225426,30,v6,88000000ffffffffffffa8dd9f4dc5b5
1016,19.541800915,9.090542,30,v6,88000000ffffffffffffa8dd9f4dc5b5
1017,19.552135577,10.334662,30,v6,88000000ffffffffffffa8dd9f4dc5b5
1018,19.561201785,9.066208,30,v6,88000000ffffffffffffa8dd9f4dc5b5
1019,19.571280550,10.078765,30,v6,88000000ffffffffffffa8dd9f4dc5b5
1020,19.581665755,10.385205,30,v6,88000000ffffffffffffa8dd9f4dc5b5
1021,19.590745720,9.079965,30,v6,88000000ffffffffffffa8dd9f4dc5b5
1022,19.600750594,10.004874,30,v6,88000000ffffffffffffa8dd9f4dc5b5
1023,19.610000969,9.250375,30,v6,88000000ffffffffffffa8dd9f4dc5b5
1024,19.620337451,10.336482,30,v6,88000000ffffffffffffa8dd9f4dc5b5
1025,19.629090031,8.752580,30,v6,88000000ffffffffffffa8dd9f4dc5b5
1026,19.640466240,11.376209,30,v6,88000000ffffffffffffa8dd9f4dc5b5
1027,19.649603183,9.136943,30,v6,88000000ffffffffffffa8dd9f4dc5b5
1028,19.659666184,10.063001,30,v6,88000000ffffffffffffa8dd9f4dc5b5
1029,19.670140409,10.474225,30,v6,88000000ffffffffffffa8dd9f4dc5b5
1030,19.678908420,8.768011,30,v6,88000000ffffffffffffa8dd9f4dc5b5
1031,19.689199353,10.290933,30,v6,88000000ffffffffffffa8dd9f4dc5b5
1032,19.698463965,9.264612,30,v6,88000000ffffffffffffa8dd9f4dc5b5
1033,19.708381612,9.917647,30,v6,88000000ffffffffffffa8dd9f4dc5b5
1034,19.717975936,9.594324,30,v6,88000000ffffffffffffa8dd9f4dc5b5
1035,19.727921355,9.945419,30,v6,88000000ffffffffffffa8dd9f4dc5b5
1036,19.736994403,9.073048,30,v6,88000000ffffffffffffa8dd9f4dc5b5
1037,19.748349878,11.355475,30,v6,88000000ffffffffffffa8dd9f4dc5b5
1038,19.758274987,9.925109,30,v6,88000000ffffffffffffa8dd9f4dc5b5
1039,19.767591547,9.316560,30,v6,88000000ffffffffffffa8dd9f4dc5b5
1040,19.777913368,10.321821,30,v6,88000000ffffffffffffa8dd9f4dc5b5
1041,19.786784724,8.871356,30,v6,88000000ffffffffffffa8dd9f4dc5b5
1042,19.796995248,10.210524,30,v6,88000000ffffffffffffa8dd9f4dc5b5
1043,19.805982720,8.987472,30,v6,88000000ffffffffffffa8dd9f4dc5b5
1044,19.816077921,10.095201,30,v6,88000000ffffffffffffa8dd9f4dc5b5
1045,19.825244697,9.166776,30,v6,88000000ffffffffffffa8dd9f4dc5b5
1046,19.835692062,10.447365,30,v6,88000000ffffffffffffa8dd9f4dc5b5
1047,19.844572093,8.880031,30,v6,88000000ffffffffffffa8dd9f4dc5b5
1048,19.854968953,10.396860,30,v6,88000000ffffffffffffa8dd9f4dc5b5
1049,19.865084059,10.115106,30,v6,88000000ffffffffffffa8dd9f4dc5b5
1050,19.873991058,8.906999,30,v6,88000000ffffffffffffa8dd9f4dc5b5
1051,19.884202391,10.211333,30,v6,88000000ffffffffffffa8dd9f4dc5b5
1052,19.894523138,10.320747,30,v6,88000000ffffffffffffa8dd9f4dc5b5
1053,19.903575927,9.052789,30,v6,88000000ffffffffffffa8dd9f4dc5b5
1054,19.913685490,10.109563,30,v6,88000000ffffffffffffa8dd9f4dc5b5
1055,19.922833462,9.147972,30,v6,88000000ffffffffffffa8dd9f4dc5b5
1056,19.933119661,10.286199,30,v6,88000000ffffffffffffa8dd9f4dc5b5
1057,19.942063891,8.944230,30,v6,88000000ffffffffffffa8dd9f4dc5b5
1058,19.952284788,10.220897,30,v6,88000000ffffffffffffa8dd9f4dc5b5
1059,19.961387584,9.102796,30,v6,88000000ffffffffffffa8dd9f4dc5b5
1060,19.971494268,10.106684,30,v6,88000000ffffffffffffa8dd9f4dc5b5
1061,19.980792413,9.298145,30,v6,88000000ffffffffffffa8dd9f4dc5b5
1062,19.991930803,11.138390,30,v6,88000000ffffffffffffa8dd9f4dc5b5
1063,20.001136324,9.205521,30,v6,88000000ffffffffffffa8dd9f4dc5b5
1064,20.011267987,10.131663,30,v6,88000000ffffffffffffa8dd9f4dc5b5
1065,20.020420616,9.152629,30,v6,88000000ffffffffffffa8dd9f4dc5b5
1066,20.030501149,10.080533,30,v6,88000000ffffffffffffa8dd9f4dc5b5
1067,20.040897440,10.396291,30,v6,88000000ffffffffffffa8dd9f4dc5b5
1068,20.049888919,8.991479,30,v6,88000000ffffffffffffa8dd9f4dc5b5
1069,20.059095412,9.206493,30,v6,88000000ffffffffffffa8dd9f4dc5b5
1070,20.069018112,9.922700,30,v6,88000000ffffffffffffa8dd9f4dc5b5
1071,20.078258621,9.240509,30,v6,88000000ffffffffffffa8dd9f4dc5b5
1072,20.088457336,10.198715,30,v6,88000000ffffffffffffa8dd9f4dc5b5
1073,20.098596490,10.139154,30,v6,88000000ffffffffffffa8dd9f4dc5b5
1074,20.108706946,10.110456,30,v6,88000000ffffffffffffa8dd9f4dc5b5
1075,20.118918917,10.211971,30,v6,88000000ffffffffffffa8dd9f4dc5b5
1076,20.128089647,9.170730,30,v6,88000000ffffffffffffa8dd9f4dc5b5
1077,20.138293204,10.203557,30,v6,88000000ffffffffffffa8dd9f4dc5b5
1078,20.147358789,9.065585,30,v6,88000000ffffffffffffa8dd9f4dc5b5
1079,20.157516954,10.158165,30,v6,88000000ffffffffffffa8dd9f4dc5b5
1080,20.166687171,9.170217,30,v6,88000000ffffffffffffa8dd9f4dc5b5
1081,20.177078389,10.391218,30,v6,88000000ffffffffffffa8dd9f4dc5b5
1082,20.186027316,8.948927,30,v6,88000000ffffffffffffa8dd9f4dc5b5
1083,20.196178628,10.151312,30,v6,88000000ffffffffffffa8dd9f4dc5b5
1084,20.205240527,9.061899,30,v6,88000000ffffffffffffa8dd9f4dc5b5
1085,20.215476407,10.235880,30,v6,88000000ffffffffffffa8dd9f4dc5b5
1086,20.224622006,9.145599,30,v6,88000000ffffffffffffa8dd9f4dc5b5
1087,20.234821325,10.199319,30,v6,88000000ffffffffffffa8dd9f4dc5b5
1088,20.244763768,9.942443,30,v6,88000000ffffffffffffa8dd9f4dc5b5
1089,20.255145344,10.381576,30,v6,88000000ffffffffffffa8dd9f4dc5b5
1090,20.265142711,9.997367,30,v6,88000000ffffffffffffa8dd9f4dc5b5
1091,20.274356772,9.214061,30,v6,88000000ffffffffffffa8dd9f4dc5b5
1092,20.283596945,9.240173,30,v6,88000000ffffffffffffa8dd9f4dc5b5
1093,20.293681867,10.084922,30,v6,88000000ffffffffffffa8dd9f4dc5b5
1094,20.303979124,10.297257,30,v6,88000000ffffffffffffa8dd9f4dc5b5
1095,20.313232529,9.253405,30,v6,88000000ffffffffffffa8dd9f4dc5b5
1096,20.323271832,10.039303,30,v6,88000000ffffffffffffa8dd9f4dc5b5
1097,20.332413061,9.141229,30,v6,88000000ffffffffffffa8dd9f4dc5b5
1098,20.342428760,10.015699,30,v6,88000000ffffffffffffa8dd9f4dc5b5
1099,20.351761573,9.332813,30,v6,88000000ffffffffffffa8dd9f4dc5b5
1100,20.361729850,9.968277,30,v6,88000000ffffffffffffa8dd9f4dc5b5
1101,20.704100503,342.370653,30,v6,88000000ffffffffffffa8dd9f4dc5b5
1102,20.713622191,9.521688,30,v6,88000000ffffffffffffa8dd9f4dc5b5
1103,20.723433973,9.811782,30,v6,88000000ffffffffffffa8dd9f4dc5b5
1104,20.732696847,9.262874,30,v6,88000000ffffffffffffa8dd9f4dc5b5
1105,20.742720921,10.024074,30,v6,88000000ffffffffffffa8dd9f4dc5b5
1106,20.752004380,9.283459,30,v6,88000000ffffffffffffa8dd9f4dc5b5
1107,20.761913802,9.909422,30,v6,88000000ffffffffffffa8dd9f4dc5b5
1108,20.771221208,9.307406,30,v6,88000000ffffffffffffa8dd9f4dc5b5
1109,20.781370810,10.149602,30,v6,88000000ffffffffffffa8dd9f4dc5b5
1110,20.791490946,10.120136,30,v6,88000000ffffffffffffa8dd9f4dc5b5
1111,20.800644014,9.153068,30,v6,88000000ffffffffffffa8dd9f4dc5b5
1112,20.810879130,10.235116,30,v6,88000000ffffffffffffa8dd9f4dc5b5
1113,20.820253055,9.373925,30,v6,88000000ffffffffffffa8dd9f4dc5b5
1114,20.829254187,9.001132,30,v6,88000000ffffffffffffa8dd9f4dc5b5
1115,20.839312896,10.058709,30,v6,88000000ffffffffffffa8dd9f4dc5b5
1116,20.848595224,9.282328,30,v6,88000000ffffffffffffa8dd9f4dc5b5
1117,20.857634165,9.038941,30,v6,88000000ffffffffffffa8dd9f4dc5b5
1118,20.867653556,10.019391,30,v6,88000000ffffffffffffa8dd9f4dc5b5
1119,20.876790162,9.136606,30,v6,88000000ffffffffffffa8dd9f4dc5b5
1120,20.887096937,10.306775,30,v6,88000000ffffffffffffa8dd9f4dc5b5
1121,20.897139896,10.042959,30,v6,88000000ffffffffffffa8dd9f4dc5b5
1122,20.907280816,10.140920,30,v6,88000000ffffffffffffa8dd9f4dc5b5
1123,20.916577132,9.296316,30,v6,88000000ffffffffffffa8dd9f4dc5b5
1124,20.926816720,10.239588,30,v6,88000000ffffffffffffa8dd9f4dc5b5
1125,20.935898485,9.081765,30,v6,88000000ffffffffffffa8dd9f4dc5b5
1126,20.945101858,9.203373,30,v6,88000000ffffffffffffa8dd9f4dc5b5
1127,20.955167093,10.065235,30,v6,88000000ffffffffffffa8dd9f4dc5b5
1128,20.964693913,9.526820,30,v6,88000000ffffffffffffa8dd9f4dc5b5
1129,20.974495009,9.801096,30,v6,88000000ffffffffffffa8dd9f4dc5b5
1130,20.983604702,9.109693,30,v6,88000000ffffffffffffa8dd9f4dc5b5
1131,20.993834226,10.229524,30,v6,88000000ffffffffffffa8dd9f4dc5b5
1132,21.003028432,9.194206,30,v6,88000000ffffffffffffa8dd9f4dc5b5
1133,21.013090582,10.062150,30,v6,88000000ffffffffffffa8dd9f4dc5b5
1134,21.022920314,9.829732,30,v6,88000000ffffffffffffa8dd9f4dc5b5
1135,21.032293129,9.372815,30,v6,88000000ffffffffffffa8dd9f4dc5b5
1136,21.042430907,10.137778,30,v6,88000000ffffffffffffa8dd9f4dc5b5
1137,21.051714000,9.283093,30,v6,88000000ffffffffffffa8dd9f4dc5b5
1138,21.061868931,10.154931,30,v6,88000000ffffffffffffa8dd9f4dc5b5
1139,21.070927038,9.058107,30,v6,88000000ffffffffffffa8dd9f4dc5b5
1140,21.079985700,9.058662,30,v6,88000000ffffffffffffa8dd9f4dc5b5
1141,21.090191505,10.205805,30,v6,88000000ffffffffffffa8dd9f4dc5b5
1142,21.099421453,9.229948,30,v6,88000000ffffffffffffa8dd9f4dc5b5
1143,21.109594285,10.172832,30,v6,88000000ffffffffffffa8dd9f4dc5b5
1144,21.119785003,10.190718,30,v6,88000000ffffffffffffa8dd9f4dc5b5
1145,21.128816534,9.031531,30,v6,88000000ffffffffffffa8dd9f4dc5b5
1146,21.138002479,9.185945,30,v6,88000000ffffffffffffa8dd9f4dc5b5
1147,21.148965476,10.962997,30,v6,88000000ffffffffffffa8dd9f4dc5b5
1148,21.158308683,9.343207,30,v6,88000000ffffffffffffa8dd9f4dc5b5
1149,21.168503799,10.195116,30,v6,88000000ffffffffffffa8dd9f4dc5b5
1150,21.177778093,9.274294,30,v6,88000000ffffffffffffa8dd9f4dc5b5
1151,21.186926328,9.148235,30,v6,88000000ffffffffffffa8dd9f4dc5b5
1152,21.196996865,10.070537,30,v6,88000000ffffffffffffa8dd9f4dc5b5
1153,21.206071855,9.074990,30,v6,88000000ffffffffffffa8dd9f4dc5b5
1154,21.216154171,10.082316,30,v6,88000000ffffffffffffa8dd9f4dc5b5
1155,21.225365233,9.211062,30,v6,88000000ffffffffffffa8dd9f4dc5b5
1156,21.235785819,10.420586,30,v6,88000000ffffffffffffa8dd9f4dc5b5
1157,21.244810712,9.024893,30,v6,88000000ffffffffffffa8dd9f4dc5b5
1158,21.255176453,10.365741,30,v6,88000000ffffffffffffa8dd9f4dc5b5
1159,21.265005005,9.828552,30,v6,88000000ffffffffffffa8dd9f4dc5b5
1160,21.274300121,9.295116,30,v6,88000000ffffffffffffa8dd9f4dc5b5
1161,21.283418992,9.118871,30,v6,88000000ffffffffffffa8dd9f4dc5b5
1162,21.293446725,10.027733,30,v6,88000000ffffffffffffa8dd9f4dc5b5
1163,21.302791876,9.345151,30,v6,88000000ffffffffffffa8dd9f4dc5b5
1164,21.312778868,9.986992,30,v6,88000000ffffffffffffa8dd9f4dc5b5
1165,21.321991179,9.212311,30,v6,88000000ffffffffffffa8dd9f4dc5b5
1166,21.332128430,10.137251,30,v6,88000000ffffffffffffa8dd9f4dc5b5
1167,21.341507575,9.379145,30,v6,88000000ffffffffffffa8dd9f4dc5b5
1168,21.350400037,8.892462,30,v6,88000000ffffffffffffa8dd9f4dc5b5
1169,21.360462533,10.062496,30,v6,88000000ffffffffffffa8dd9f4dc5b5
1170,21.370691991,10.229458,30,v6,88000000ffffffffffffa8dd9f4dc5b5
1171,21.381072554,10.380563,30,v6,88000000ffffffffffffa8dd9f4dc5b5
1172,21.389981983,8.909429,30,v6,88000000ffffffffffffa8dd9f4dc5b5
1173,21.400228845,10.246862,30,v6,88000000ffffffffffffa8dd9f4dc5b5
1174,21.409421726,9.192881,30,v6,88000000ffffffffffffa8dd9f4dc5b5
1175,21.419469356,10.047630,30,v6,88000000ffffffffffffa8dd9f4dc5b5
1176,21.428633909,9.164553,30,v6,88000000ffffffffffffa8dd9f4dc5b5
1177,21.438936809,10.302900,30,v6,88000000ffffffffffffa8dd9f4dc5b5
1178,21.447989593,9.052784,30,v6,88000000ffffffffffffa8dd9f4dc5b5
1179,21.457321842,9.332249,30,v6,88000000ffffffffffffa8dd9f4dc5b5
1180,21.467171123,9.849281,30,v6,88000000ffffffffffffa8dd9f4dc5b5
1181,21.476210798,9.039675,30,v6,88000000ffffffffffffa8dd9f4dc5b5
1182,21.486438290,10.227492,30,v6,88000000ffffffffffffa8dd9f4dc5b5
1183,21.496757174,10.318884,30,v6,88000000ffffffffffffa8dd9f4dc5b5
1184,21.505738068,8.980894,30,v6,88000000ffffffffffffa8dd9f4dc5b5
1185,21.516195025,10.456957,30,v6,88000000ffffffffffffa8dd9f4dc5b5
1186,21.525197374,9.002349,30,v6,88000000ffffffffffffa8dd9f4dc5b5
1187,21.535281252,10.083878,30,v6,88000000ffffffffffffa8dd9f4dc5b5
1188,21.544285354,9.004102,30,v6,88000000ffffffffffffa8dd9f4dc5b5
1189,21.553580158,9.294804,30,v6,88000000ffffffffffffa8dd9f4dc5b5
1190,21.563507141,9.926983,30,v6,88000000ffffffffffffa8dd9f4dc5b5
1191,21.572839586,9.332445,30,v6,88000000ffffffffffffa8dd9f4dc5b5
1192,21.582035174,9.195588,30,v6,88000000ffffffffffffa8dd9f4dc5b5
1193,21.591901010,9.865836,30,v6,88000000ffffffffffffa8dd9f4dc5b5
1194,21.603088746,11.187736,30,v6,88000000ffffffffffffa8dd9f4dc5b5
1195,21.612348593,9.259847,30,v6,88000000ffffffffffffa8dd9f4dc5b5
1196,21.622608730,10.260137,30,v6,88000000ffffffffffffa8dd9f4dc5b5
1197,21.631889248,9.280518,30,v6,88000000ffffffffffffa8dd9f4dc5b5
1198,21.641740720,9.851472,30,v6,88000000ffffffffffffa8dd9f4dc5b5
1199,21.650946375,9.205655,30,v6,88000000ffffffffffffa8dd9f4dc5b5
1200,21.660191750,9.245375,30,v6,88000000ffffffffffffa8dd9f4dc5b5
1201,22.002617428,342.425678,30,v6,88000000ffffffffffffa8dd9f4dc5b5
1202,22.012929323,10.311895,30,v6,88000000ffffffffffffa8dd9f4dc5b5
1203,22.020943723,8.014400,30,v6,88000000ffffffffffffa8dd9f4dc5b5
1204,22.031006488,10.062765,30,v6,88000000ffffffffffffa8dd9f4dc5b5
1205,22.041122721,10.116233,30,v6,88000000ffffffffffffa8dd9f4dc5b5
1206,22.050474597,9.351876,30,v6,88000000ffffffffffffa8dd9f4dc5b5
1207,22.060362121,9.887524,30,v6,88000000ffffffffffffa8dd9f4dc5b5
1208,22.069830998,9.468877,30,v6,88000000ffffffffffffa8dd9f4dc5b5
1209,22.080026038,10.195040,30,v6,88000000ffffffffffffa8dd9f4dc5b5
1210,22.089181439,9.155401,30,v6,88000000ffffffffffffa8dd9f4dc5b5
1211,22.098044729,8.863290,30,v6,88000000ffffffffffffa8dd9f4dc5b5
1212,22.107127540,9.082811,30,v6,88000000ffffffffffffa8dd9f4dc5b5
1213,22.117219936,10.092396,30,v6,88000000ffffffffffffa8dd9f4dc5b5
1214,22.126513878,9.293942,30,v6,88000000ffffffffffffa8dd9f4dc5b5
1215,22.136770192,10.256314,30,v6,88000000ffffffffffffa8dd9f4dc5b5
1216,22.146699089,9.928897,30,v6,88000000ffffffffffffa8dd9f4dc5b5
1217,22.156231413,9.532324,30,v6,88000000ffffffffffffa8dd9f4dc5b5
1218,22.166220163,9.988750,30,v6,88000000ffffffffffffa8dd9f4dc5b5
1219,22.174408947,8.188784,30,v6,88000000ffffffffffffa8dd9f4dc5b5
1220,22.184472433,10.063486,30,v6,88000000ffffffffffffa8dd9f4dc5b5
1221,22.193589854,9.117421,30,v6,88000000ffffffffffffa8dd9f4dc5b5
1222,22.203880597,10.290743,30,v6,88000000ffffffffffffa8dd9f4dc5b5
1223,22.213044716,9.164119,30,v6,88000000ffffffffffffa8dd9f4dc5b5
1224,22.222080782,9.036066,30,v6,88000000ffffffffffffa8dd9f4dc5b5
1225,22.232092139,10.011357,30,v6,88000000ffffffffffffa8dd9f4dc5b5
1226,22.241351736,9.259597,30,v6,88000000ffffffffffffa8dd9f4dc5b5
1227,22.251736955,10.385219,30,v6,88000000ffffffffffffa8dd9f4dc5b5
1228,22.261661576,9.924621,30,v6,88000000ffffffffffffa8dd9f4dc5b5
1229,22.271116960,9.455384,30,v6,88000000ffffffffffffa8dd9f4dc5b5
1230,22.280121579,9.004619,30,v6,88000000ffffffffffffa8dd9f4dc5b5
1231,22.290138501,10.016922,30,v6,88000000ffffffffffffa8dd9f4dc5b5
1232,22.299307547,9.169046,30,v6,88000000ffffffffffffa8dd9f4dc5b5
1233,22.308396188,9.088641,30,v6,88000000ffffffffffffa8dd9f4dc5b5
1234,22.318675518,10.279330,30,v6,88000000ffffffffffffa8dd9f4dc5b5
1235,22.327689543,9.014025,30,v6,88000000ffffffffffffa8dd9f4dc5b5
1236,22.337202760,9.513217,30,v6,88000000ffffffffffffa8dd9f4dc5b5
1237,22.347101900,9.899140,30,v6,88000000ffffffffffffa8dd9f4dc5b5
1238,22.356039076,8.937176,30,v6,88000000ffffffffffffa8dd9f4dc5b5
1239,22.366137348,10.098272,30,v6,88000000ffffffffffffa8dd9f4dc5b5
1240,22.376625891,10.488543,30,v6,88000000ffffffffffffa8dd9f4dc5b5
1241,22.385625691,8.999800,30,v6,88000000ffffffffffffa8dd9f4dc5b5
1242,22.394723128,9.097437,30,v6,88000000ffffffffffffa8dd9f4dc5b5
1243,22.403847810,9.124682,30,v6,88000000ffffffffffffa8dd9f4dc5b5
1244,22.414149028,10.301218,30,v6,88000000ffffffffffffa8dd9f4dc5b5
1245,22.423188559,9.039531,30,v6,88000000ffffffffffffa8dd9f4dc5b5
1246,22.432381138,9.192579,30,v6,88000000ffffffffffffa8dd9f4dc5b5
1247,22.442824987,10.443849,30,v6,88000000ffffffffffffa8dd9f4dc5b5
1248,22.451516721,8.691734,30,v6,88000000ffffffffffffa8dd9f4dc5b5
1249,22.460752247,9.235526,30,v6,88000000ffffffffffffa8dd9f4dc5b5
1250,22.471261965,10.509718,30,v6,88000000ffffffffffffa8dd9f4dc5b5
1251,22.481254412,9.992447,30,v6,88000000ffffffffffffa8dd9f4dc5b5
1252,22.490308858,9.054446,30,v6,88000000ffffffffffffa8dd9f4dc5b5
1253,22.500408685,10.099827,30,v6,88000000ffffffffffffa8dd9f4dc5b5
1254,22.509475345,9.066660,30,v6,88000000ffffffffffffa8dd9f4dc5b5
1255,22.518691762,9.216417,30,v6,88000000ffffffffffffa8dd9f4dc5b5
1256,22.527930015,9.238253,30,v6,88000000ffffffffffffa8dd9f4dc5b5
1257,22.537925837,9.995822,30,v6,88000000ffffffffffffa8dd9f4dc5b5
1258,22.546904360,8.978523,30,v6,88000000ffffffffffffa8dd9f4dc5b5
1259,22.556298592,9.394232,30,v6,88000000ffffffffffffa8dd9f4dc5b5
1260,22.566425192,10.126600,30,v6,88000000ffffffffffffa8dd9f4dc5b5
1261,22.575554603,9.129411,30,v6,88000000ffffffffffffa8dd9f4dc5b5
1262,22.585914180,10.359577,30,v6,88000000ffffffffffffa8dd9f4dc5b5
1263,22.596169682,10.255502,30,v6,88000000ffffffffffffa8dd9f4dc5b5
1264,22.605119026,8.949344,30,v6,88000000ffffffffffffa8dd9f4dc5b5
1265,22.615176384,10.057358,30,v6,88000000ffffffffffffa8dd9f4dc5b5
1266,22.624391558,9.215174,30,v6,88000000ffffffffffffa8dd9f4dc5b5
1267,22.633623806,9.232248,30,v6,88000000ffffffffffffa8dd9f4dc5b5
1268,22.643708272,10.084466,30,v6,88000000ffffffffffffa8dd9f4dc5b5
1269,22.652990920,9.282648,30,v6,88000000ffffffffffffa8dd9f4dc5b5
1270,22.662029346,9.038426,30,v6,88000000ffffffffffffa8dd9f4dc5b5
1271,22.672155754,10.126408,30,v6,88000000ffffffffffffa8dd9f4dc5b5
1272,22.681166077,9.010323,30,v6,88000000ffffffffffffa8dd9f4dc5b5
1273,22.690566893,9.400816,30,v6,88000000ffffffffffffa8dd9f4dc5b5
1274,22.700623265,10.056372,30,v6,88000000ffffffffffffa8dd9f4dc5b5
1275,22.710885748,10.262483,30,v6,88000000ffffffffffffa8dd9f4dc5b5
1276,22.719995645,9.109897,30,v6,88000000ffffffffffffa8dd9f4dc5b5
1277,22.730041292,10.045647,30,v6,88000000ffffffffffffa8dd9f4dc5b5
1278,22.739183709,9.142417,30,v6,88000000ffffffffffffa8dd9f4dc5b5
1279,22.748315363,9.131654,30,v6,88000000ffffffffffffa8dd9f4dc5b5
1280,22.758790075,10.474712,30,v6,88000000ffffffffffffa8dd9f4dc5b5
1281,22.767631012,8.840937,30,v6,88000000ffffffffffffa8dd9f4dc5b5
1282,22.776903934,9.272922,30,v6,88000000ffffffffffffa8dd9f4dc5b5
1283,22.787048774,10.144840,30,v6,88000000ffffffffffffa8dd9f4dc5b5
1284,22.796299168,9.250394,30,v6,88000000ffffffffffffa8dd9f4dc5b5
1285,22.805322053,9.022885,30,v6,88000000ffffffffffffa8dd9f4dc5b5
1286,22.815617736,10.295683,30,v6,88000000ffffffffffffa8dd9f4dc5b5
1287,22.825548905,9.931169,30,v6,88000000ffffffffffffa8dd9f4dc5b5
1288,22.834532369,8.983464,30,v6,88000000ffffffffffffa8dd9f4dc5b5
1289,22.843922763,9.390394,30,v6,88000000ffffffffffffa8dd9f4dc5b5
1290,22.854202125,10.279362,30,v6,88000000ffffffffffffa8dd9f4dc5b5
1291,22.863110561,8.908436,30,v6,88000000ffffffffffffa8dd9f4dc5b5
1292,22.872286558,9.175997,30,v6,88000000ffffffffffffa8dd9f4dc5b5
1293,22.882496138,10.209580,30,v6,88000000ffffffffffffa8dd9f4dc5b5
1294,22.891549464,9.053326,30,v6,88000000ffffffffffffa8dd9f4dc5b5
1295,22.900715364,9.165900,30,v6,88000000ffffffffffffa8dd9f4dc5b5
1296,22.911032002,10.316638,30,v6,88000000ffffffffffffa8dd9f4dc5b5
1297,22.920011832,8.979830,30,v6,88000000ffffffffffffa8dd9f4dc5b5
1298,22.929224580,9.212748,30,v6,88000000ffffffffffffa8dd9f4dc5b5
1299,22.939252925,10.028345,30,v6,88000000ffffffffffffa8dd9f4dc5b5
1300,22.949601427,10.348502,30,v6,88000000ffffffffffffa8dd9f4dc5b5
1301,23.302182764,352.581337,30,v6,88000000ffffffffffffa8dd9f4dc5b5
1302,23.312108607,9.925843,30,v6,88000000ffffffffffffa8dd9f4dc5b5
1303,23.321405615,9.297008,30,v6,88000000ffffffffffffa8dd9f4dc5b5
1304,23.330663075,9.257460,30,v6,88000000ffffffffffffa8dd9f4dc5b5
1305,23.340694464,10.031389,30,v6,88000000ffffffffffffa8dd9f4dc5b5
1306,23.349897195,9.202731,30,v6,88000000ffffffffffffa8dd9f4dc5b5
1307,23.360040315,10.143120,30,v6,88000000ffffffffffffa8dd9f4dc5b5
1308,23.369107394,9.067079,30,v6,88000000ffffffffffffa8dd9f4dc5b5
1309,23.378196716,9.089322,30,v6,88000000ffffffffffffa8dd9f4dc5b5
1310,23.388621195,10.424479,30,v6,88000000ffffffffffffa8dd9f4dc5b5
1311,23.396472503,7.851308,30,v6,88000000ffffffffffffa8dd9f4dc5b5
1312,23.406846528,10.374025,30,v6,88000000ffffffffffffa8dd9f4dc5b5
1313,23.416043897,9.197369,30,v6,88000000ffffffffffffa8dd9f4dc5b5
1314,23.426037134,9.993237,30,v6,88000000ffffffffffffa8dd9f4dc5b5
1315,23.434255053,8.217919,30,v6,88000000ffffffffffffa8dd9f4dc5b5
1316,23.444314391,10.059338,30,v6,88000000ffffffffffffa8dd9f4dc5b5
1317,23.453495047,9.180656,30,v6,88000000ffffffffffffa8dd9f4dc5b5
1318,23.464691743,11.196696,30,v6,88000000ffffffffffffa8dd9f4dc5b5
1319,23.473840247,9.148504,30,v6,88000000ffffffffffffa8dd9f4dc5b5
1320,23.483125658,9.285411,30,v6,88000000ffffffffffffa8dd9f4dc5b5
1321,23.492459155,9.333497,30,v6,88000000ffffffffffffa8dd9f4dc5b5
1322,23.501198513,8.739358,30,v6,88000000ffffffffffffa8dd9f4dc5b5
1323,23.510438980,9.240467,30,v6,88000000ffffffffffffa8dd9f4dc5b5
1324,23.520476041,10.037061,30,v6,88000000ffffffffffffa8dd9f4dc5b5
1325,23.529559881,9.083840,30,v6,88000000ffffffffffffa8dd9f4dc5b5
1326,23.538764419,9.204538,30,v6,88000000ffffffffffffa8dd9f4dc5b5
1327,23.548127808,9.363389,30,v6,88000000ffffffffffffa8dd9f4dc5b5
1328,23.558115043,9.987235,30,v6,88000000ffffffffffffa8dd9f4dc5b5
1329,23.568297253,10.182210,30,v6,88000000ffffffffffffa8dd9f4dc5b5
1330,23.577460996,9.163743,30,v6,88000000ffffffffffffa8dd9f4dc5b5
1331,23.587567809,10.106813,30,v6,88000000ffffffffffffa8dd9f4dc5b5
1332,23.596768450,9.200641,30,v6,88000000ffffffffffffa8dd9f4dc5b5
1333,23.605903385,9.134935,30,v6,88000000ffffffffffffa8dd9f4dc5b5
1334,23.615061021,9.157636,30,v6,88000000ffffffffffffa8dd9f4dc5b5
1335,23.624062857,9.001836,30,v6,88000000ffffffffffffa8dd9f4dc5b5
1336,23.634248997,10.186140,30,v6,88000000ffffffffffffa8dd9f4dc5b5
1337,23.643531433,9.282436,30,v6,88000000ffffffffffffa8dd9f4dc5b5
1338,23.652385834,8.854401,30,v6,88000000ffffffffffffa8dd9f4dc5b5
1339,23.661795521,9.409687,30,v6,88000000ffffffffffffa8dd9f4dc5b5
1340,23.671899458,10.103937,30,v6,88000000ffffffffffffa8dd9f4dc5b5
1341,23.681797123,9.897665,30,v6,88000000ffffffffffffa8dd9f4dc5b5
1342,23.691223295,9.426172,30,v6,88000000ffffffffffffa8dd9f4dc5b5
1343,23.700216728,8.993433,30,v6,88000000ffffffffffffa8dd9f4dc5b5
1344,23.710787508,10.570780,30,v6,88000000ffffffffffffa8dd9f4dc5b5
1345,23.718706406,7.918898,30,v6,88000000ffffffffffffa8dd9f4dc5b5
1346,23.728848845,10.142439,30,v6,88000000ffffffffffffa8dd9f4dc5b5
1347,23.737877577,9.028732,30,v6,88000000ffffffffffffa8dd9f4dc5b5
1348,23.746960585,9.083008,30,v6,88000000ffffffffffffa8dd9f4dc5b5
1349,23.757215041,10.254456,30,v6,88000000ffffffffffffa8dd9f4dc5b5
1350,23.766379917,9.164876,30,v6,88000000ffffffffffffa8dd9f4dc5b5
1351,23.775640106,9.260189,30,v6,88000000ffffffffffffa8dd9f4dc5b5
1352,23.785521926,9.881820,30,v6,88000000ffffffffffffa8dd9f4dc5b5
1353,23.795689454,10.167528,30,v6,88000000ffffffffffffa8dd9f4dc5b5
1354,23.804759001,9.069547,30,v6,88000000ffffffffffffa8dd9f4dc5b5
1355,23.814069882,9.310881,30,v6,88000000ffffffffffffa8dd9f4dc5b5
1356,23.824413788,10.343906,30,v6,88000000ffffffffffffa8dd9f4dc5b5
1357,23.833662668,9.248880,30,v6,88000000ffffffffffffa8dd9f4dc5b5
1358,23.842674844,9.012176,30,v6,88000000ffffffffffffa8dd9f4dc5b5
1359,23.851559575,8.884731,30,v6,88000000ffffffffffffa8dd9f4dc5b5
1360,23.860889598,9.330023,30,v6,88000000ffffffffffffa8dd9f4dc5b5
1361,23.870943387,10.053789,30,v6,88000000ffffffffffffa8dd9f4dc5b5
1362,23.879937783,8.994396,30,v6,88000000ffffffffffffa8dd9f4dc5b5
1363,23.889107700,9.169917,30,v6,88000000ffffffffffffa8dd9f4dc5b5
1364,23.898469324,9.361624,30,v6,88000000ffffffffffffa8dd9f4dc5b5
1365,23.908574383,10.105059,30,v6,88000000ffffffffffffa8dd9f4dc5b5
1366,23.918926741,10.352358,30,v6,88000000ffffffffffffa8dd9f4dc5b5
1367,23.928083931,9.157190,30,v6,88000000ffffffffffffa8dd9f4dc5b5
1368,23.937210082,9.126151,30,v6,88000000ffffffffffffa8dd9f4dc5b5
1369,23.946168965,8.958883,30,v6,88000000ffffffffffffa8dd9f4dc5b5
1370,23.956297665,10.128700,30,v6,88000000ffffffffffffa8dd9f4dc5b5
1371,23.964604770,8.307105,30,v6,88000000ffffffffffffa8dd9f4dc5b5
1372,23.974716232,10.111462,30,v6,88000000ffffffffffffa8dd9f4dc5b5
1373,23.984086078,9.369846,30,v6,88000000ffffffffffffa8dd9f4dc5b5
1374,23.993197699,9.111621,30,v6,88000000ffffffffffffa8dd9f4dc5b5
1375,24.002031405,8.833706,30,v6,88000000ffffffffffffa8dd9f4dc5b5
1376,24.012252297,10.220892,30,v6,88000000ffffffffffffa8dd9f4dc5b5
1377,24.022382721,10.130424,30,v6,88000000ffffffffffffa8dd9f4dc5b5
1378,24.031642496,9.259775,30,v6,88000000ffffffffffffa8dd9f4dc5b5
1379,24.041971838,10.329342,30,v6,88000000ffffffffffffa8dd9f4dc5b5
1380,24.051249945,9.278107,30,v6,88000000ffffffffffffa8dd9f4dc5b5
1381,24.060288180,9.038235,30,v6,88000000ffffffffffffa8dd9f4dc5b5
1382,24.069279746,8.991566,30,v6,88000000ffffffffffffa8dd9f4dc5b5
1383,24.078259735,8.979989,30,v6,88000000ffffffffffffa8dd9f4dc5b5
1384,24.088731536,10.471801,30,v6,88000000ffffffffffffa8dd9f4dc5b5
1385,24.097575597,8.844061,30,v6,88000000ffffffffffffa8dd9f4dc5b5
1386,24.107028794,9.453197,30,v6,88000000ffffffffffffa8dd9f4dc5b5
1387,24.116020139,8.991345,30,v6,88000000ffffffffffffa8dd9f4dc5b5
1388,24.125957986,9.937847,30,v6,88000000ffffffffffffa8dd9f4dc5b5
1389,24.135267944,9.309958,30,v6,88000000ffffffffffffa8dd9f4dc5b5
1390,24.144255676,8.987732,30,v6,88000000ffffffffffffa8dd9f4dc5b5
1391,24.154463746,10.208070,30,v6,88000000ffffffffffffa8dd9f4dc5b5
1392,24.163720483,9.256737,30,v6,88000000ffffffffffffa8dd9f4dc5b5
1393,24.173786738,10.066255,30,v6,88000000ffffffffffffa8dd9f4dc5b5
1394,24.182864169,9.077431,30,v6,88000000ffffffffffffa8dd9f4dc5b5
1395,24.192068147,9.203978,30,v6,88000000ffffffffffffa8dd9f4dc5b5
1396,24.202140690,10.072543,30,v6,88000000ffffffffffffa8dd9f4dc5b5
1397,24.211341880,9.201190,30,v6,88000000ffffffffffffa8dd9f4dc5b5
1398,24.220426800,9.084920,30,v6,88000000ffffffffffffa8dd9f4dc5b5
1399,24.229621610,9.194810,30,v6,88000000ffffffffffffa8dd9f4dc5b5
1400,24.238820285,9.198675,30,v6,88000000ffffffffffffa8dd9f4dc5b5
1401,24.570170182,331.349897,30,v6,88000000ffffffffffffa8dd9f4dc5b5
1402,24.580138987,9.968805,30,v6,88000000ffffffffffffa8dd9f4dc5b5
1403,24.589338298,9.199311,30,v6,88000000ffffffffffffa8dd9f4dc5b5
1404,24.598514925,9.176627,30,v6,88000000ffffffffffffa8dd9f4dc5b5
1405,24.607763558,9.248633,30,v6,88000000ffffffffffffa8dd9f4dc5b5
1406,24.618062167,10.298609,30,v6,88000000ffffffffffffa8dd9f4dc5b5
1407,24.627233540,9.171373,30,v6,88000000ffffffffffffa8dd9f4dc5b5
1408,24.637304669,10.071129,30,v6,88000000ffffffffffffa8dd9f4dc5b5
1409,24.646112589,8.807920,30,v6,88000000ffffffffffffa8dd9f4dc5b5
1410,24.655518831,9.406242,30,v6,88000000ffffffffffffa8dd9f4dc5b5
1411,24.664423458,8.904627,30,v6,88000000ffffffffffffa8dd9f4dc5b5
1412,24.673641276,9.217818,30,v6,88000000ffffffffffffa8dd9f4dc5b5
1413,24.682847628,9.206352,30,v6,88000000ffffffffffffa8dd9f4dc5b5
1414,24.692142774,9.295146,30,v6,88000000ffffffffffffa8dd9f4dc5b5
1415,24.701213093,9.070319,30,v6,88000000ffffffffffffa8dd9f4dc5b5
1416,24.711207962,9.994869,30,v6,88000000ffffffffffffa8dd9f4dc5b5
1417,24.719474770,8.266808,30,v6,88000000ffffffffffffa8dd9f4dc5b5
1418,24.729656153,10.181383,30,v6,88000000ffffffffffffa8dd9f4dc5b5
1419,24.739783171,10.127018,30,v6,88000000ffffffffffffa8dd9f4dc5b5
1420,24.748827277,9.044106,30,v6,88000000ffffffffffffa8dd9f4dc5b5
1421,24.757889322,9.062045,30,v6,88000000ffffffffffffa8dd9f4dc5b5
1422,24.767126990,9.237668,30,v6,88000000ffffffffffffa8dd9f4dc5b5
1423,24.776292691,9.165701,30,v6,88000000ffffffffffffa8dd9f4dc5b5
1424,24.786626693,10.334002,30,v6,88000000ffffffffffffa8dd9f4dc5b5
1425,24.795641950,9.015257,30,v6,88000000ffffffffffffa8dd9f4dc5b5
1426,24.804669223,9.027273,30,v6,88000000ffffffffffffa8dd9f4dc5b5
1427,24.813939143,9.269920,30,v6,88000000ffffffffffffa8dd9f4dc5b5
1428,24.823286965,9.347822,30,v6,88000000ffffffffffffa8dd9f4dc5b5
1429,24.832179272,8.892307,30,v6,88000000ffffffffffffa8dd9f4dc5b5
1430,24.841278163,9.098891,30,v6,88000000ffffffffffffa8dd9f4dc5b5
1431,24.850613891,9.335728,30,v6,88000000ffffffffffffa8dd9f4dc5b5
1432,24.860592285,9.978394,30,v6,88000000ffffffffffffa8dd9f4dc5b5
1433,24.870919045,10.326760,30,v6,88000000ffffffffffffa8dd9f4dc5b5
1434,24.879811972,8.892927,30,v6,88000000ffffffffffffa8dd9f4dc5b5
1435,24.888912265,9.100293,30,v6,88000000ffffffffffffa8dd9f4dc5b5
1436,24.898038944,9.126679,30,v6,88000000ffffffffffffa8dd9f4dc5b5
1437,24.907336415,9.297471,30,v6,88000000ffffffffffffa8dd9f4dc5b5
1438,24.916585467,9.249052,30,v6,88000000ffffffffffffa8dd9f4dc5b5
1439,24.925566796,8.981329,30,v6,88000000ffffffffffffa8dd9f4dc5b5
1440,24.935810607,10.243811,30,v6,88000000ffffffffffffa8dd9f4dc5b5
1441,24.944961895,9.151288,30,v6,88000000ffffffffffffa8dd9f4dc5b5
1442,24.954035767,9.073872,30,v6,88000000ffffffffffffa8dd9f4dc5b5
1443,24.963131204,9.095437,30,v6,88000000ffffffffffffa8dd9f4dc5b5
1444,24.972298974,9.167770,30,v6,88000000ffffffffffffa8dd9f4dc5b5
1445,24.982447959,10.148985,30,v6,88000000ffffffffffffa8dd9f4dc5b5
1446,24.991692278,9.244319,30,v6,88000000ffffffffffffa8dd9f4dc5b5
1447,25.000894689,9.202411,30,v6,88000000ffffffffffffa8dd9f4dc5b5
1448,25.010957890,10.063201,30,v6,88000000ffffffffffffa8dd9f4dc5b5
1449,25.020141183,9.183293,30,v6,88000000ffffffffffffa8dd9f4dc5b5
1450,25.029249007,9.107824,30,v6,88000000ffffffffffffa8dd9f4dc5b5
1451,25.038331831,9.082824,30,v6,88000000ffffffffffffa8dd9f4dc5b5
1452,25.047456234,9.124403,30,v6,88000000ffffffffffffa8dd9f4dc5b5
1453,25.056813602,9.357368,30,v6,88000000ffffffffffffa8dd9f4dc5b5
1454,25.066147775,9.334173,30,v6,88000000ffffffffffffa8dd9f4dc5b5
1455,25.076234470,10.086695,30,v6,88000000ffffffffffffa8dd9f4dc5b5
1456,25.085379578,9.145108,30,v6,88000000ffffffffffffa8dd9f4dc5b5
1457,25.095333746,9.954168,30,v6,88000000ffffffffffffa8dd9f4dc5b5
1458,25.104416129,9.082383,30,v6,88000000ffffffffffffa8dd9f4dc5b5
1459,25.113776067,9.359938,30,v6,88000000ffffffffffffa8dd9f4dc5b5
1460,25.122787802,9.011735,30,v6,88000000ffffffffffffa8dd9f4dc5b5
1461,25.132125972,9.338170,30,v6,88000000ffffffffffffa8dd9f4dc5b5
1462,25.141264101,9.138129,30,v6,88000000ffffffffffffa8dd9f4dc5b5
1463,25.151385589,10.121488,30,v6,88000000ffffffffffffa8dd9f4dc5b5
1464,25.160415136,9.029547,30,v6,88000000ffffffffffffa8dd9f4dc5b5
1465,25.169546543,9.131407,30,v6,88000000ffffffffffffa8dd9f4dc5b5
1466,25.178497000,8.950457,30,v6,88000000ffffffffffffa8dd9f4dc5b5
1467,25.187922149,9.425149,30,v6,88000000ffffffffffffa8dd9f4dc5b5
1468,25.197025648,9.103499,30,v6,88000000ffffffffffffa8dd9f4dc5b5
1469,25.206151545,9.125897,30,v6,88000000ffffffffffffa8dd9f4dc5b5
1470,25.216232892,10.081347,30,v6,88000000ffffffffffffa8dd9f4dc5b5
1471,25.226378740,10.145848,30,v6,88000000ffffffffffffa8dd9f4dc5b5
1472,25.235536995,9.158255,30,v6,88000000ffffffffffffa8dd9f4dc5b5
1473,25.244664223,9.127228,30,v6,88000000ffffffffffffa8dd9f4dc5b5
1474,25.253837934,9.173711,30,v6,88000000ffffffffffffa8dd9f4dc5b5
1475,25.262802156,8.964222,30,v6,88000000ffffffffffffa8dd9f4dc5b5
1476,25.271920174,9.118018,30,v6,88000000ffffffffffffa8dd9f4dc5b5
1477,25.282048358,10.128184,30,v6,88000000ffffffffffffa8dd9f4dc5b5
1478,25.290381115,8.332757,30,v6,88000000ffffffffffffa8dd9f4dc5b5
1479,25.300572338,10.191223,30,v6,88000000ffffffffffffa8dd9f4dc5b5
1480,25.309631763,9.059425,30,v6,88000000ffffffffffffa8dd9f4dc5b5
1481,25.318973297,9.341534,30,v6,88000000ffffffffffffa8dd9f4dc5b5
1482,25.327946057,8.972760,30,v6,88000000ffffffffffffa8dd9f4dc5b5
1483,25.337179626,9.233569,30,v6,88000000ffffffffffffa8dd9f4dc5b5
1484,25.346248173,9.068547,30,v6,88000000ffffffffffffa8dd9f4dc5b5
1485,25.357357064,11.108891,30,v6,88000000ffffffffffffa8dd9f4dc5b5
1486,25.366445999,9.088935,30,v6,88000000ffffffffffffa8dd9f4dc5b5
1487,25.375883952,9.437953,30,v6,88000000ffffffffffffa8dd9f4dc5b5
1488,25.384825291,8.941339,30,v6,88000000ffffffffffffa8dd9f4dc5b5
1489,25.394010356,9.185065,30,v6,88000000ffffffffffffa8dd9f4dc5b5
1490,25.404178489,10.168133,30,v6,88000000ffffffffffffa8dd9f4dc5b5
1491,25.413286254,9.107765,30,v6,88000000ffffffffffffa8dd9f4dc5b5
1492,25.422475969,9.189715,30,v6,88000000ffffffffffffa8dd9f4dc5b5
1493,25.431658619,9.182650,30,v6,88000000ffffffffffffa8dd9f4dc5b5
1494,25.440666586,9.007967,30,v6,88000000ffffffffffffa8dd9f4dc5b5
1495,25.449819399,9.152813,30,v6,88000000ffffffffffffa8dd9f4dc5b5
1496,25.459308143,9.488744,30,v6,88000000ffffffffffffa8dd9f4dc5b5
1497,25.468154138,8.845995,30,v6,88000000ffffffffffffa8dd9f4dc5b5
1498,25.478320193,10.166055,30,v6,88000000ffffffffffffa8dd9f4dc5b5
1499,25.487583566,9.263373,30,v6,88000000ffffffffffffa8dd9f4dc5b5
1500,25.497799906,10.216340,30,v6,88000000ffffffffffffa8dd9f4dc5b5
1501,25.734333990,236.534084,99,v6,1c000000aadd9f4dc5b5682d33010000
1502,25.826950727,92.616737,30,v6,88000000ffffffffffffa8dd9f4dc5b5
1503,25.837038914,10.088187,30,v6,88000000ffffffffffffa8dd9f4dc5b5
1504,25.845947876,8.908962,30,v6,88000000ffffffffffffa8dd9f4dc5b5
1505,25.855168781,9.220905,30,v6,88000000ffffffffffffa8dd9f4dc5b5
1506,25.864404550,9.235769,30,v6,88000000ffffffffffffa8dd9f4dc5b5
1507,25.873876311,9.471761,30,v6,88000000ffffffffffffa8dd9f4dc5b5
1508,25.883891577,10.015266,30,v6,88000000ffffffffffffa8dd9f4dc5b5
1509,25.892759823,8.868246,30,v6,88000000ffffffffffffa8dd9f4dc5b5
1510,25.901883757,9.123934,30,v6,88000000ffffffffffffa8dd9f4dc5b5
1511,25.911195044,9.311287,30,v6,88000000ffffffffffffa8dd9f4dc5b5
1512,25.920283342,9.088298,30,v6,88000000ffffffffffffa8dd9f4dc5b5
1513,25.929436696,9.153354,30,v6,88000000ffffffffffffa8dd9f4dc5b5
1514,25.938479789,9.043093,30,v6,88000000ffffffffffffa8dd9f4dc5b5
1515,25.947543354,9.063565,30,v6,88000000ffffffffffffa8dd9f4dc5b5
1516,25.957009443,9.466089,30,v6,88000000ffffffffffffa8dd9f4dc5b5
1517,25.966220425,9.210982,30,v6,88000000ffffffffffffa8dd9f4dc5b5
1518,25.975140481,8.920056,30,v6,88000000ffffffffffffa8dd9f4dc5b5
1519,25.984270729,9.130248,30,v6,88000000ffffffffffffa8dd9f4dc5b5
1520,25.993519797,9.249068,30,v6,88000000ffffffffffffa8dd9f4dc5b5
1521,26.003457873,9.938076,30,v6,88000000ffffffffffffa8dd9f4dc5b5
1522,26.012675679,9.217806,30,v6,88000000ffffffffffffa8dd9f4dc5b5
1523,26.022009691,9.334012,30,v6,88000000ffffffffffffa8dd9f4dc5b5
1524,26.031066225,9.056534,30,v6,88000000ffffffffffffa8dd9f4dc5b5
1525,26.040183920,9.117695,30,v6,88000000ffffffffffffa8dd9f4dc5b5
1526,26.050380264,10.196344,30,v6,88000000ffffffffffffa8dd9f4dc5b5
1527,26.059660380,9.280116,30,v6,88000000ffffffffffffa8dd9f4dc5b5
1528,26.068701423,9.041043,30,v6,88000000ffffffffffffa8dd9f4dc5b5
1529,26.078036647,9.335224,30,v6,88000000ffffffffffffa8dd9f4dc5b5
1530,26.086868257,8.831610,30,v6,88000000ffffffffffffa8dd9f4dc5b5
1531,26.096040203,9.171946,30,v6,88000000ffffffffffffa8dd9f4dc5b5
1532,26.105238982,9.198779,30,v6,88000000ffffffffffffa8dd9f4dc5b5
1533,26.114380892,9.141910,30,v6,88000000ffffffffffffa8dd9f4dc5b5
1534,26.123640825,9.259933,30,v6,88000000ffffffffffffa8dd9f4dc5b5
1535,26.132652040,9.011215,30,v6,88000000ffffffffffffa8dd9f4dc5b5
1536,26.141804059,9.152019,30,v6,88000000ffffffffffffa8dd9f4dc5b5
1537,26.152058160,10.254101,30,v6,88000000ffffffffffffa8dd9f4dc5b5
1538,26.161219835,9.161675,30,v6,88000000ffffffffffffa8dd9f4dc5b5
1539,26.170208361,8.988526,30,v6,88000000ffffffffffffa8dd9f4dc5b5
1540,26.179405573,9.197212,30,v6,88000000ffffffffffffa8dd9f4dc5b5
1541,26.188501923,9.096350,30,v6,88000000ffffffffffffa8dd9f4dc5b5
1542,26.197752040,9.250117,30,v6,88000000ffffffffffffa8dd9f4dc5b5
1543,26.207876375,10.124335,30,v6,88000000ffffffffffffa8dd9f4dc5b5
1544,26.217116496,9.240121,30,v6,88000000ffffffffffffa8dd9f4dc5b5
1545,26.226163068,9.046572,30,v6,88000000ffffffffffffa8dd9f4dc5b5
1546,26.234369045,8.205977,30,v6,88000000ffffffffffffa8dd9f4dc5b5
1547,26.243310956,8.941911,30,v6,88000000ffffffffffffa8dd9f4dc5b5
1548,26.253576882,10.265926,30,v6,88000000ffffffffffffa8dd9f4dc5b5
1549,26.262770311,9.193429,30,v6,88000000ffffffffffffa8dd9f4dc5b5
1550,26.271765035,8.994724,30,v6,88000000ffffffffffffa8dd9f4dc5b5
1551,26.282288252,10.523217,30,v6,88000000ffffffffffffa8dd9f4dc5b5
1552,26.291058081,8.769829,30,v6,88000000ffffffffffffa8dd9f4dc5b5
1553,26.300295188,9.237107,30,v6,88000000ffffffffffffa8dd9f4dc5b5
1554,26.309520422,9.225234,30,v6,88000000ffffffffffffa8dd9f4dc5b5
1555,26.318781927,9.261505,30,v6,88000000ffffffffffffa8dd9f4dc5b5
1556,26.327794979,9.013052,30,v6,88000000ffffffffffffa8dd9f4dc5b5
1557,26.336984775,9.189796,30,v6,88000000ffffffffffffa8dd9f4dc5b5
1558,26.346044416,9.059641,30,v6,88000000ffffffffffffa8dd9f4dc5b5
1559,26.355308127,9.263711,30,v6,88000000ffffffffffffa8dd9f4dc5b5
1560,26.364399701,9.091574,30,v6,88000000ffffffffffffa8dd9f4dc5b5
1561,26.373372129,8.972428,30,v6,88000000ffffffffffffa8dd9f4dc5b5
1562,26.382440097,9.067968,30,v6,88000000ffffffffffffa8dd9f4dc5b5
1563,26.391978064,9.537967,30,v6,88000000ffffffffffffa8dd9f4dc5b5
1564,26.401167190,9.189126,30,v6,88000000ffffffffffffa8dd9f4dc5b5
1565,26.410242317,9.075127,30,v6,88000000ffffffffffffa8dd9f4dc5b5
1566,26.419538980,9.296663,30,v6,88000000ffffffffffffa8dd9f4dc5b5
1567,26.429330577,9.791597,30,v6,88000000ffffffffffffa8dd9f4dc5b5
1568,26.438632848,9.302271,30,v6,88000000ffffffffffffa8dd9f4dc5b5
1569,26.448539432,9.906584,30,v6,88000000ffffffffffffa8dd9f4dc5b5
1570,26.456701488,8.162056,30,v6,88000000ffffffffffffa8dd9f4dc5b5
1571,26.467064981,10.363493,30,v6,88000000ffffffffffffa8dd9f4dc5b5
1572,26.476188007,9.123026,30,v6,88000000ffffffffffffa8dd9f4dc5b5
1573,26.485297357,9.109350,30,v6,88000000ffffffffffffa8dd9f4dc5b5
1574,26.494299020,9.001663,30,v6,88000000ffffffffffffa8dd9f4dc5b5
1575,26.503518513,9.219493,30,v6,88000000ffffffffffffa8dd9f4dc5b5
1576,26.512482394,8.963881,30,v6,88000000ffffffffffffa8dd9f4dc5b5
1577,26.521696883,9.214489,30,v6,88000000ffffffffffffa8dd9f4dc5b5
1578,26.530885716,9.188833,30,v6,88000000ffffffffffffa8dd9f4dc5b5
1579,26.540055609,9.169893,30,v6,88000000ffffffffffffa8dd9f4dc5b5
1580,26.550114601,10.058992,30,v6,88000000ffffffffffffa8dd9f4dc5b5
1581,26.559210277,9.095676,30,v6,88000000ffffffffffffa8dd9f4dc5b5
1582,26.568479352,9.269075,30,v6,88000000ffffffffffffa8dd9f4dc5b5
1583,26.577519720,9.040368,30,v6,88000000ffffffffffffa8dd9f4dc5b5
1584,26.586743322,9.223602,30,v6,88000000ffffffffffffa8dd9f4dc5b5
1585,26.596271741,9.528419,30,v6,88000000ffffffffffffa8dd9f4dc5b5
1586,26.605136109,8.864368,30,v6,88000000ffffffffffffa8dd9f4dc5b5
1587,26.614182557,9.046448,30,v6,88000000ffffffffffffa8dd9f4dc5b5
1588,26.623235163,9.052606,30,v6,88000000ffffffffffffa8dd9f4dc5b5
1589,26.632643938,9.408775,30,v6,88000000ffffffffffffa8dd9f4dc5b5
1590,26.641624174,8.980236,30,v6,88000000ffffffffffffa8dd9f4dc5b5
1591,26.650974383,9.350209,30,v6,88000000ffffffffffffa8dd9f4dc5b5
1592,26.660135408,9.161025,30,v6,88000000ffffffffffffa8dd9f4dc5b5
1593,26.670235879,10.100471,30,v6,88000000ffffffffffffa8dd9f4dc5b5
1594,26.679220508,8.984629,30,v6,88000000ffffffffffffa8dd9f4dc5b5
1595,26.688443878,9.223370,30,v6,88000000ffffffffffffa8dd9f4dc5b5
1596,26.697686049,9.242171,30,v6,88000000ffffffffffffa8dd9f4dc5b5
1597,26.706737923,9.051874,30,v6,88000000ffffffffffffa8dd9f4dc5b5
1598,26.716895133,10.157210,30,v6,88000000ffffffffffffa8dd9f4dc5b5
1599,26.726050995,9.155862,30,v6,88000000ffffffffffffa8dd9f4dc5b5
1600,26.734040142,7.989147,30,v6,88000000ffffffffffffa8dd9f4dc5b5
1601,26.744179361,10.139219,30,v6,88000000ffffffffffffa8dd9f4dc5b5
1602,27.074416359,330.236998,30,v6,88000000ffffffffffffa8dd9f4dc5b5
1603,27.083672514,9.256155,30,v6,88000000ffffffffffffa8dd9f4dc5b5
1604,27.092881737,9.209223,30,v6,88000000ffffffffffffa8dd9f4dc5b5
1605,27.103109461,10.227724,30,v6,88000000ffffffffffffa8dd9f4dc5b5
1606,27.112302086,9.192625,30,v6,88000000ffffffffffffa8dd9f4dc5b5
1607,27.121294959,8.992873,30,v6,88000000ffffffffffffa8dd9f4dc5b5
1608,27.129342743,8.047784,30,v6,88000000ffffffffffffa8dd9f4dc5b5
1609,27.138543345,9.200602,30,v6,88000000ffffffffffffa8dd9f4dc5b5
1610,27.147756243,9.212898,30,v6,88000000ffffffffffffa8dd9f4dc5b5
1611,27.156911975,9.155732,30,v6,88000000ffffffffffffa8dd9f4dc5b5
1612,27.166010037,9.098062,30,v6,88000000ffffffffffffa8dd9f4dc5b5
1613,27.175062585,9.052548,30,v6,88000000ffffffffffffa8dd9f4dc5b5
1614,27.184212629,9.150044,30,v6,88000000ffffffffffffa8dd9f4dc5b5
1615,27.193377793,9.165164,30,v6,88000000ffffffffffffa8dd9f4dc5b5
1616,27.202512496,9.134703,30,v6,88000000ffffffffffffa8dd9f4dc5b5
1617,27.212587480,10.074984,30,v6,88000000ffffffffffffa8dd9f4dc5b5
1618,27.222003966,9.416486,30,v6,88000000ffffffffffffa8dd9f4dc5b5
1619,27.230753583,8.749617,30,v6,88000000ffffffffffffa8dd9f4dc5b5
1620,27.240059562,9.305979,30,v6,88000000ffffffffffffa8dd9f4dc5b5
1621,27.249328506,9.268944,30,v6,88000000ffffffffffffa8dd9f4dc5b5
1622,27.258477386,9.148880,30,v6,88000000ffffffffffffa8dd9f4dc5b5
1623,27.267537961,9.060575,30,v6,88000000ffffffffffffa8dd9f4dc5b5
1624,27.275718487,8.180526,30,v6,88000000ffffffffffffa8dd9f4dc5b5
1625,27.286086250,10.367763,30,v6,88000000ffffffffffffa8dd9f4dc5b5
1626,27.294084059,7.997809,30,v6,88000000ffffffffffffa8dd9f4dc5b5
1627,27.304344886,10.260827,30,v6,88000000ffffffffffffa8dd9f4dc5b5
1628,27.313351942,9.007056,30,v6,88000000ffffffffffffa8dd9f4dc5b5
1629,27.321392777,8.040835,30,v6,88000000ffffffffffffa8dd9f4dc5b5
1630,27.330628038,9.235261,30,v6,88000000ffffffffffffa8dd9f4dc5b5
1631,27.339598602,8.970564,30,v6,88000000ffffffffffffa8dd9f4dc5b5
1632,27.349060018,9.461416,30,v6,88000000ffffffffffffa8dd9f4dc5b5
1633,27.358154876,9.094858,30,v6,88000000ffffffffffffa8dd9f4dc5b5
1634,27.367116591,8.961715,30,v6,88000000ffffffffffffa8dd9f4dc5b5
1635,27.376273125,9.156534,30,v6,88000000ffffffffffffa8dd9f4dc5b5
1636,27.385334214,9.061089,30,v6,88000000ffffffffffffa8dd9f4dc5b5
1637,27.395631419,10.297205,30,v6,88000000ffffffffffffa8dd9f4dc5b5
1638,27.404719849,9.088430,30,v6,88000000ffffffffffffa8dd9f4dc5b5
1639,27.414007595,9.287746,30,v6,88000000ffffffffffffa8dd9f4dc5b5
1640,27.422898033,8.890438,30,v6,88000000ffffffffffffa8dd9f4dc5b5
1641,27.432097648,9.199615,30,v6,88000000ffffffffffffa8dd9f4dc5b5
1642,27.441238789,9.141141,30,v6,88000000ffffffffffffa8dd9f4dc5b5
1643,27.450278383,9.039594,30,v6,88000000ffffffffffffa8dd9f4dc5b5
1644,27.459464082,9.185699,30,v6,88000000ffffffffffffa8dd9f4dc5b5
1645,27.468671010,9.206928,30,v6,88000000ffffffffffffa8dd9f4dc5b5
1646,27.478098514,9.427504,30,v6,88000000ffffffffffffa8dd9f4dc5b5
1647,27.487278511,9.179997,30,v6,88000000ffffffffffffa8dd9f4dc5b5
1648,27.496101694,8.823183,30,v6,88000000ffffffffffffa8dd9f4dc5b5
1649,27.504317166,8.215472,30,v6,88000000ffffffffffffa8dd9f4dc5b5
1650,27.514416829,10.099663,30,v6,88000000ffffffffffffa8dd9f4dc5b5
1651,27.523707301,9.290472,30,v6,88000000ffffffffffffa8dd9f4dc5b5
1652,27.533144843,9.437542,30,v6,88000000ffffffffffffa8dd9f4dc5b5
1653,27.541964822,8.819979,30,v6,88000000ffffffffffffa8dd9f4dc5b5
1654,27.551007510,9.042688,30,v6,88000000ffffffffffffa8dd9f4dc5b5
1655,27.560046600,9.039090,30,v6,88000000ffffffffffffa8dd9f4dc5b5
1656,27.569218063,9.171463,30,v6,88000000ffffffffffffa8dd9f4dc5b5
1657,27.578332657,9.114594,30,v6,88000000ffffffffffffa8dd9f4dc5b5
1658,27.587528291,9.195634,30,v6,88000000ffffffffffffa8dd9f4dc5b5
1659,27.596784096,9.255805,30,v6,88000000ffffffffffffa8dd9f4dc5b5
1660,27.605932102,9.148006,30,v6,88000000ffffffffffffa8dd9f4dc5b5
1661,27.615297956,9.365854,30,v6,88000000ffffffffffffa8dd9f4dc5b5
1662,27.624153191,8.855235,30,v6,88000000ffffffffffffa8dd9f4dc5b5
1663,27.633350850,9.197659,30,v6,88000000ffffffffffffa8dd9f4dc5b5
1664,27.643444696,10.093846,30,v6,88000000ffffffffffffa8dd9f4dc5b5
1665,27.652516390,9.071694,30,v6,88000000ffffffffffffa8dd9f4dc5b5
1666,27.660801643,8.285253,30,v6,88000000ffffffffffffa8dd9f4dc5b5
1667,27.669674858,8.873215,30,v6,88000000ffffffffffffa8dd9f4dc5b5
1668,27.679219471,9.544613,30,v6,88000000ffffffffffffa8dd9f4dc5b5
1669,27.688465345,9.245874,30,v6,88000000ffffffffffffa8dd9f4dc5b5
1670,27.697159723,8.694378,30,v6,88000000ffffffffffffa8dd9f4dc5b5
1671,27.706415057,9.255334,30,v6,88000000ffffffffffffa8dd9f4dc5b5
1672,27.715537154,9.122097,30,v6,88000000ffffffffffffa8dd9f4dc5b5
1673,27.724931056,9.393902,30,v6,88000000ffffffffffffa8dd9f4dc5b5
1674,27.733793187,8.862131,30,v6,88000000ffffffffffffa8dd9f4dc5b5
1675,27.743070405,9.277218,30,v6,88000000ffffffffffffa8dd9f4dc5b5
1676,27.753180599,10.110194,30,v6,88000000ffffffffffffa8dd9f4dc5b5
1677,27.762208581,9.027982,30,v6,88000000ffffffffffffa8dd9f4dc5b5
1678,27.771543073,9.334492,30,v6,88000000ffffffffffffa8dd9f4dc5b5
1679,27.780620412,9.077339,30,v6,88000000ffffffffffffa8dd9f4dc5b5
1680,27.789646492,9.026080,30,v6,88000000ffffffffffffa8dd9f4dc5b5
1681,27.799125081,9.478589,30,v6,88000000ffffffffffffa8dd9f4dc5b5
1682,27.807175817,8.050736,30,v6,88000000ffffffffffffa8dd9f4dc5b5
1683,27.816357023,9.181206,30,v6,88000000ffffffffffffa8dd9f4dc5b5
1684,27.825292228,8.935205,30,v6,88000000ffffffffffffa8dd9f4dc5b5
1685,27.834500128,9.207900,30,v6,88000000ffffffffffffa8dd9f4dc5b5
1686,27.843463831,8.963703,30,v6,88000000ffffffffffffa8dd9f4dc5b5
1687,27.852881796,9.417965,30,v6,88000000ffffffffffffa8dd9f4dc5b5
1688,27.862038919,9.157123,30,v6,88000000ffffffffffffa8dd9f4dc5b5
1689,27.871101540,9.062621,30,v6,88000000ffffffffffffa8dd9f4dc5b5
1690,27.880107645,9.006105,30,v6,88000000ffffffffffffa8dd9f4dc5b5
1691,27.889175878,9.068233,30,v6,88000000ffffffffffffa8dd9f4dc5b5
1692,27.898487238,9.311360,30,v6,88000000ffffffffffffa8dd9f4dc5b5
1693,27.907460349,8.973111,30,v6,88000000ffffffffffffa8dd9f4dc5b5
1694,27.917619824,10.159475,30,v6,88000000ffffffffffffa8dd9f4dc5b5
1695,27.927153996,9.534172,30,v6,88000000ffffffffffffa8dd9f4dc5b5
1696,27.935921762,8.767766,30,v6,88000000ffffffffffffa8dd9f4dc5b5
1697,27.945170902,9.249140,30,v6,88000000ffffffffffffa8dd9f4dc5b5
1698,27.954458392,9.287490,30,v6,88000000ffffffffffffa8dd9f4dc5b5
1699,27.963460486,9.002094,30,v6,88000000ffffffffffffa8dd9f4dc5b5
1700,27.971801969,8.341483,30,v6,88000000ffffffffffffa8dd9f4dc5b5
1701,27.981998678,10.196709,30,v6,88000000ffffffffffffa8dd9f4dc5b5
1702,28.339473262,357.474584,30,v6,88000000ffffffffffffa8dd9f4dc5b5
1703,28.348561696,9.088434,30,v6,88000000ffffffffffffa8dd9f4dc5b5
1704,28.357655146,9.093450,30,v6,88000000ffffffffffffa8dd9f4dc5b5
1705,28.367145086,9.489940,30,v6,88000000ffffffffffffa8dd9f4dc5b5
1706,28.376033123,8.888037,30,v6,88000000ffffffffffffa8dd9f4dc5b5
1707,28.384998881,8.965758,30,v6,88000000ffffffffffffa8dd9f4dc5b5
1708,28.393179862,8.180981,30,v6,88000000ffffffffffffa8dd9f4dc5b5
1709,28.402525576,9.345714,30,v6,88000000ffffffffffffa8dd9f4dc5b5
1710,28.411767717,9.242141,30,v6,88000000ffffffffffffa8dd9f4dc5b5
1711,28.420937971,9.170254,30,v6,88000000ffffffffffffa8dd9f4dc5b5
1712,28.430130166,9.192195,30,v6,88000000ffffffffffffa8dd9f4dc5b5
1713,28.438914727,8.784561,30,v6,88000000ffffffffffffa8dd9f4dc5b5
1714,28.448164846,9.250119,30,v6,88000000ffffffffffffa8dd9f4dc5b5
1715,28.456216838,8.051992,30,v6,88000000ffffffffffffa8dd9f4dc5b5
1716,28.465358341,9.141503,30,v6,88000000ffffffffffffa8dd9f4dc5b5
1717,28.474641002,9.282661,30,v6,88000000ffffffffffffa8dd9f4dc5b5
1718,28.484783995,10.142993,30,v6,88000000ffffffffffffa8dd9f4dc5b5
1719,28.493994374,9.210379,30,v6,88000000ffffffffffffa8dd9f4dc5b5
1720,28.502961226,8.966852,30,v6,88000000ffffffffffffa8dd9f4dc5b5
1721,28.512169937,9.208711,30,v6,88000000ffffffffffffa8dd9f4dc5b5
1722,28.520336195,8.166258,30,v6,88000000ffffffffffffa8dd9f4dc5b5
1723,28.529395985,9.059790,30,v6,88000000ffffffffffffa8dd9f4dc5b5
1724,28.538484341,9.088356,30,v6,88000000ffffffffffffa8dd9f4dc5b5
1725,28.547693252,9.208911,30,v6,88000000ffffffffffffa8dd9f4dc5b5
1726,28.556750826,9.057574,30,v6,88000000ffffffffffffa8dd9f4dc5b5
1727,28.566198124,9.447298,30,v6,88000000ffffffffffffa8dd9f4dc5b5
1728,28.574114691,7.916567,30,v6,88000000ffffffffffffa8dd9f4dc5b5
1729,28.583254359,9.139668,30,v6,88000000ffffffffffffa8dd9f4dc5b5
1730,28.592426823,9.172464,30,v6,88000000ffffffffffffa8dd9f4dc5b5
1731,28.601615801,9.188978,30,v6,88000000ffffffffffffa8dd9f4dc5b5
1732,28.610578029,8.962228,30,v6,88000000ffffffffffffa8dd9f4dc5b5
1733,28.619828784,9.250755,30,v6,88000000ffffffffffffa8dd9f4dc5b5
1734,28.629019071,9.190287,30,v6,88000000ffffffffffffa8dd9f4dc5b5
1735,28.638137256,9.118185,30,v6,88000000ffffffffffffa8dd9f4dc5b5
1736,28.647134595,8.997339,30,v6,88000000ffffffffffffa8dd9f4dc5b5
1737,28.656375778,9.241183,30,v6,88000000ffffffffffffa8dd9f4dc5b5
1738,28.665826410,9.450632,30,v6,88000000ffffffffffffa8dd9f4dc5b5
1739,28.674769311,8.942901,30,v6,88000000ffffffffffffa8dd9f4dc5b5
1740,28.683690827,8.921516,30,v6,88000000ffffffffffffa8dd9f4dc5b5
1741,28.693052572,9.361745,30,v6,88000000ffffffffffffa8dd9f4dc5b5
1742,28.702399315,9.346743,30,v6,88000000ffffffffffffa8dd9f4dc5b5
1743,28.710458097,8.058782,30,v6,88000000ffffffffffffa8dd9f4dc5b5
1744,28.719376863,8.918766,30,v6,88000000ffffffffffffa8dd9f4dc5b5
1745,28.728664334,9.287471,30,v6,88000000ffffffffffffa8dd9f4dc5b5
1746,28.737823732,9.159398,30,v6,88000000ffffffffffffa8dd9f4dc5b5
1747,28.746957438,9.133706,30,v6,88000000ffffffffffffa8dd9f4dc5b5
1748,28.755946630,8.989192,30,v6,88000000ffffffffffffa8dd9f4dc5b5
1749,28.764311509,8.364879,30,v6,88000000ffffffffffffa8dd9f4dc5b5
1750,28.774277907,9.966398,30,v6,88000000ffffffffffffa8dd9f4dc5b5
1751,28.783355877,9.077970,30,v6,88000000ffffffffffffa8dd9f4dc5b5
1752,28.792516220,9.160343,30,v6,88000000ffffffffffffa8dd9f4dc5b5
1753,28.801768827,9.252607,30,v6,88000000ffffffffffffa8dd9f4dc5b5
1754,28.811152368,9.383541,30,v6,88000000ffffffffffffa8dd9f4dc5b5
1755,28.818854251,7.701883,30,v6,88000000ffffffffffffa8dd9f4dc5b5
1756,28.829088724,10.234473,30,v6,88000000ffffffffffffa8dd9f4dc5b5
1757,28.837062663,7.973939,30,v6,88000000ffffffffffffa8dd9f4dc5b5
1758,28.847472059,10.409396,30,v6,88000000ffffffffffffa8dd9f4dc5b5
1759,28.855583627,8.111568,30,v6,88000000ffffffffffffa8dd9f4dc5b5
1760,28.864906304,9.322677,30,v6,88000000ffffffffffffa8dd9f4dc5b5
1761,28.873818495,8.912191,30,v6,88000000ffffffffffffa8dd9f4dc5b5
1762,28.883107274,9.288779,30,v6,88000000ffffffffffffa8dd9f4dc5b5
1763,28.892175078,9.067804,30,v6,88000000ffffffffffffa8dd9f4dc5b5
1764,28.901182058,9.006980,30,v6,88000000ffffffffffffa8dd9f4dc5b5
1765,28.910410770,9.228712,30,v6,88000000ffffffffffffa8dd9f4dc5b5
1766,28.919496972,9.086202,30,v6,88000000ffffffffffffa8dd9f4dc5b5
1767,28.927684155,8.187183,30,v6,88000000ffffffffffffa8dd9f4dc5b5
1768,28.936878569,9.194414,30,v6,88000000ffffffffffffa8dd9f4dc5b5
1769,28.945902186,9.023617,30,v6,88000000ffffffffffffa8dd9f4dc5b5
1770,28.955062520,9.160334,30,v6,88000000ffffffffffffa8dd9f4dc5b5
1771,28.964184624,9.122104,30,v6,88000000ffffffffffffa8dd9f4dc5b5
1772,28.974480747,10.296123,30,v6,88000000ffffffffffffa8dd9f4dc5b5
1773,28.983818915,9.338168,30,v6,88000000ffffffffffffa8dd9f4dc5b5
1774,28.992929566,9.110651,30,v6,88000000ffffffffffffa8dd9f4dc5b5
1775,29.000668979,7.739413,30,v6,88000000ffffffffffffa8dd9f4dc5b5
1776,29.010033050,9.364071,30,v6,88000000ffffffffffffa8dd9f4dc5b5
1777,29.019171545,9.138495,30,v6,88000000ffffffffffffa8dd9f4dc5b5
1778,29.028371953,9.200408,30,v6,88000000ffffffffffffa8dd9f4dc5b5
1779,29.037384567,9.012614,30,v6,88000000ffffffffffffa8dd9f4dc5b5
1780,29.045470138,8.085571,30,v6,88000000ffffffffffffa8dd9f4dc5b5
1781,29.054542032,9.071894,30,v6,88000000ffffffffffffa8dd9f4dc5b5
1782,29.063876789,9.334757,30,v6,88000000ffffffffffffa8dd9f4dc5b5
1783,29.073155301,9.278512,30,v6,88000000ffffffffffffa8dd9f4dc5b5
1784,29.082083022,8.927721,30,v6,88000000ffffffffffffa8dd9f4dc5b5
1785,29.092257455,10.174433,30,v6,88000000ffffffffffffa8dd9f4dc5b5
1786,29.101423332,9.165877,30,v6,88000000ffffffffffffa8dd9f4dc5b5
1787,29.110753668,9.330336,30,v6,88000000ffffffffffffa8dd9f4dc5b5
1788,29.118726651,7.972983,30,v6,88000000ffffffffffffa8dd9f4dc5b5
1789,29.127721475,8.994824,30,v6,88000000ffffffffffffa8dd9f4dc5b5
1790,29.136846955,9.125480,30,v6,88000000ffffffffffffa8dd9f4dc5b5
1791,29.146116042,9.269087,30,v6,88000000ffffffffffffa8dd9f4dc5b5
1792,29.154302602,8.186560,30,v6,88000000ffffffffffffa8dd9f4dc5b5
1793,29.163307783,9.005181,30,v6,88000000ffffffffffffa8dd9f4dc5b5
1794,29.172475735,9.167952,30,v6,88000000ffffffffffffa8dd9f4dc5b5
1795,29.181564431,9.088696,30,v6,88000000ffffffffffffa8dd9f4dc5b5
1796,29.190831244,9.266813,30,v6,88000000ffffffffffffa8dd9f4dc5b5
1797,29.199963340,9.132096,30,v6,88000000ffffffffffffa8dd9f4dc5b5
1798,29.209387796,9.424456,30,v6,88000000ffffffffffffa8dd9f4dc5b5
1799,29.219156400,9.768604,30,v6,88000000ffffffffffffa8dd9f4dc5b5
1800,29.227307580,8.151180,30,v6,88000000ffffffffffffa8dd9f4dc5b5
1801,29.236551443,9.243863,30,v6,88000000ffffffffffffa8dd9f4dc5b5
1802,29.588885486,352.334043,30,v6,88000000ffffffffffffa8dd9f4dc5b5
1803,29.597173308,8.287822,30,v6,88000000ffffffffffffa8dd9f4dc5b5
1804,29.607401283,10.227975,30,v6,88000000ffffffffffffa8dd9f4dc5b5
1805,29.615505994,8.104711,30,v6,88000000ffffffffffffa8dd9f4dc5b5
1806,29.624777106,9.271112,30,v6,88000000ffffffffffffa8dd9f4dc5b5
1807,29.633864796,9.087690,30,v6,88000000ffffffffffffa8dd9f4dc5b5
1808,29.642035261,8.170465,30,v6,88000000ffffffffffffa8dd9f4dc5b5
1809,29.651159291,9.124030,30,v6,88000000ffffffffffffa8dd9f4dc5b5
1810,29.660248849,9.089558,30,v6,88000000ffffffffffffa8dd9f4dc5b5
1811,29.669208721,8.959872,30,v6,88000000ffffffffffffa8dd9f4dc5b5
1812,29.677477046,8.268325,30,v6,88000000ffffffffffffa8dd9f4dc5b5
1813,29.686508138,9.031092,30,v6,88000000ffffffffffffa8dd9f4dc5b5
1814,29.695648367,9.140229,30,v6,88000000ffffffffffffa8dd9f4dc5b5
1815,29.704790470,9.142103,30,v6,88000000ffffffffffffa8dd9f4dc5b5
1816,29.713341812,8.551342,30,v6,88000000ffffffffffffa8dd9f4dc5b5
1817,29.722134174,8.792362,30,v6,88000000ffffffffffffa8dd9f4dc5b5
1818,29.731309942,9.175768,30,v6,88000000ffffffffffffa8dd9f4dc5b5
1819,29.741390127,10.080185,30,v6,88000000ffffffffffffa8dd9f4dc5b5
1820,29.749696014,8.305887,30,v6,88000000ffffffffffffa8dd9f4dc5b5
1821,29.758911575,9.215561,30,v6,88000000ffffffffffffa8dd9f4dc5b5
1822,29.768049478,9.137903,30,v6,88000000ffffffffffffa8dd9f4dc5b5
1823,29.776990192,8.940714,30,v6,88000000ffffffffffffa8dd9f4dc5b5
1824,29.786165325,9.175133,30,v6,88000000ffffffffffffa8dd9f4dc5b5
1825,29.794083700,7.918375,30,v6,88000000ffffffffffffa8dd9f4dc5b5
1826,29.803538363,9.454663,30,v6,88000000ffffffffffffa8dd9f4dc5b5
1827,29.811591386,8.053023,30,v6,88000000ffffffffffffa8dd9f4dc5b5
1828,29.820992156,9.400770,30,v6,88000000ffffffffffffa8dd9f4dc5b5
1829,29.829726282,8.734126,30,v6,88000000ffffffffffffa8dd9f4dc5b5
1830,29.838841470,9.115188,30,v6,88000000ffffffffffffa8dd9f4dc5b5
1831,29.848258920,9.417450,30,v6,88000000ffffffffffffa8dd9f4dc5b5
1832,29.856366936,8.108016,30,v6,88000000ffffffffffffa8dd9f4dc5b5
1833,29.865340884,8.973948,30,v6,88000000ffffffffffffa8dd9f4dc5b5
1834,29.875481979,10.141095,30,v6,88000000ffffffffffffa8dd9f4dc5b5
1835,29.884488077,9.006098,30,v6,88000000ffffffffffffa8dd9f4dc5b5
1836,29.893836207,9.348130,30,v6,88000000ffffffffffffa8dd9f4dc5b5
1837,29.901887377,8.051170,30,v6,88000000ffffffffffffa8dd9f4dc5b5
1838,29.911069793,9.182416,30,v6,88000000ffffffffffffa8dd9f4dc5b5
1839,29.920186653,9.116860,30,v6,88000000ffffffffffffa8dd9f4dc5b5
1840,29.929375117,9.188464,30,v6,88000000ffffffffffffa8dd9f4dc5b5
1841,29.938590149,9.215032,30,v6,88000000ffffffffffffa8dd9f4dc5b5
1842,29.946745970,8.155821,30,v6,88000000ffffffffffffa8dd9f4dc5b5
1843,29.955863627,9.117657,30,v6,88000000ffffffffffffa8dd9f4dc5b5
1844,29.965058764,9.195137,30,v6,88000000ffffffffffffa8dd9f4dc5b5
1845,29.974104045,9.045281,30,v6,88000000ffffffffffffa8dd9f4dc5b5
1846,29.982266897,8.162852,30,v6,88000000ffffffffffffa8dd9f4dc5b5
1847,29.992277080,10.010183,30,v6,88000000ffffffffffffa8dd9f4dc5b5
1848,30.001402708,9.125628,30,v6,88000000ffffffffffffa8dd9f4dc5b5
1849,30.009849292,8.446584,30,v6,88000000ffffffffffffa8dd9f4dc5b5
1850,30.018929610,9.080318,30,v6,88000000ffffffffffffa8dd9f4dc5b5
1851,30.028328994,9.399384,30,v6,88000000ffffffffffffa8dd9f4dc5b5
1852,30.036954201,8.625207,30,v6,88000000ffffffffffffa8dd9f4dc5b5
1853,30.046329825,9.375624,30,v6,88000000ffffffffffffa8dd9f4dc5b5
1854,30.054441765,8.111940,30,v6,88000000ffffffffffffa8dd9f4dc5b5
1855,30.063683397,9.241632,30,v6,88000000ffffffffffffa8dd9f4dc5b5
1856,30.071597737,7.914340,30,v6,88000000ffffffffffffa8dd9f4dc5b5
1857,30.082035504,10.437767,30,v6,88000000ffffffffffffa8dd9f4dc5b5
1858,30.090031383,7.995879,30,v6,88000000ffffffffffffa8dd9f4dc5b5
1859,30.099268871,9.237488,30,v6,88000000ffffffffffffa8dd9f4dc5b5
1860,30.108616582,9.347711,30,v6,88000000ffffffffffffa8dd9f4dc5b5
1861,30.117566551,8.949969,30,v6,88000000ffffffffffffa8dd9f4dc5b5
1862,30.125566324,7.999773,30,v6,88000000ffffffffffffa8dd9f4dc5b5
1863,30.143825951,18.259627,30,v6,88000000ffffffffffffa8dd9f4dc5b5
1864,30.152948403,9.122452,30,v6,88000000ffffffffffffa8dd9f4dc5b5
1865,30.161114098,8.165695,30,v6,88000000ffffffffffffa8dd9f4dc5b5
1866,30.171216218,10.102120,30,v6,88000000ffffffffffffa8dd9f4dc5b5
1867,30.180538463,9.322245,30,v6,88000000ffffffffffffa8dd9f4dc5b5
1868,30.189538398,8.999935,30,v6,88000000ffffffffffffa8dd9f4dc5b5
1869,30.197882671,8.344273,30,v6,88000000ffffffffffffa8dd9f4dc5b5
1870,30.207803182,9.920511,30,v6,88000000ffffffffffffa8dd9f4dc5b5
1871,30.215931609,8.128427,30,v6,88000000ffffffffffffa8dd9f4dc5b5
1872,30.225270002,9.338393,30,v6,88000000ffffffffffffa8dd9f4dc5b5
1873,30.234250776,8.980774,30,v6,88000000ffffffffffffa8dd9f4dc5b5
1874,30.242350207,8.099431,30,v6,88000000ffffffffffffa8dd9f4dc5b5
1875,30.251555372,9.205165,30,v6,88000000ffffffffffffa8dd9f4dc5b5
1876,30.260749060,9.193688,30,v6,88000000ffffffffffffa8dd9f4dc5b5
1877,30.269960627,9.211567,30,v6,88000000ffffffffffffa8dd9f4dc5b5
1878,30.278126342,8.165715,30,v6,88000000ffffffffffffa8dd9f4dc5b5
1879,30.287038004,8.911662,30,v6,88000000ffffffffffffa8dd9f4dc5b5
1880,30.296160003,9.121999,30,v6,88000000ffffffffffffa8dd9f4dc5b5
1881,30.305320000,9.159997,30,v6,88000000ffffffffffffa8dd9f4dc5b5
1882,30.313616516,8.296516,30,v6,88000000ffffffffffffa8dd9f4dc5b5
1883,30.322592416,8.975900,30,v6,88000000ffffffffffffa8dd9f4dc5b5
1884,30.332845251,10.252835,30,v6,88000000ffffffffffffa8dd9f4dc5b5
1885,30.341983116,9.137865,30,v6,88000000ffffffffffffa8dd9f4dc5b5
1886,30.351128993,9.145877,30,v6,88000000ffffffffffffa8dd9f4dc5b5
1887,30.359316505,8.187512,30,v6,88000000ffffffffffffa8dd9f4dc5b5
1888,30.368421634,9.105129,30,v6,88000000ffffffffffffa8dd9f4dc5b5
1889,30.377461029,9.039395,30,v6,88000000ffffffffffffa8dd9f4dc5b5
1890,30.386587016,9.125987,30,v6,88000000ffffffffffffa8dd9f4dc5b5
1891,30.394820531,8.233515,30,v6,88000000ffffffffffffa8dd9f4dc5b5
1892,30.403982645,9.162114,30,v6,88000000ffffffffffffa8dd9f4dc5b5
1893,30.413103790,9.121145,30,v6,88000000ffffffffffffa8dd9f4dc5b5
1894,30.421142711,8.038921,30,v6,88000000ffffffffffffa8dd9f4dc5b5
1895,30.430338296,9.195585,30,v6,88000000ffffffffffffa8dd9f4dc5b5
1896,30.439427824,9.089528,30,v6,88000000ffffffffffffa8dd9f4dc5b5
1897,30.449767690,10.339866,30,v6,88000000ffffffffffffa8dd9f4dc5b5
1898,30.458022455,8.254765,30,v6,88000000ffffffffffffa8dd9f4dc5b5
1899,30.467052980,9.030525,30,v6,88000000ffffffffffffa8dd9f4dc5b5
1900,30.476251341,9.198361,30,v6,88000000ffffffffffffa8dd9f4dc5b5
1901,30.806188879,329.937538,30,v6,88000000ffffffffffffa8dd9f4dc5b5
1902,30.815346677,9.157798,30,v6,88000000ffffffffffffa8dd9f4dc5b5
1903,30.823519736,8.173059,30,v6,88000000ffffffffffffa8dd9f4dc5b5
1904,30.832611512,9.091776,30,v6,88000000ffffffffffffa8dd9f4dc5b5
1905,30.841998572,9.387060,30,v6,88000000ffffffffffffa8dd9f4dc5b5
1906,30.849929489,7.930917,30,v6,88000000ffffffffffffa8dd9f4dc5b5
1907,30.859196793,9.267304,30,v6,88000000ffffffffffffa8dd9f4dc5b5
1908,30.868214622,9.017829,30,v6,88000000ffffffffffffa8dd9f4dc5b5
1909,30.876359949,8.145327,30,v6,88000000ffffffffffffa8dd9f4dc5b5
1910,30.886709210,10.349261,30,v6,88000000ffffffffffffa8dd9f4dc5b5
1911,30.895702930,8.993720,30,v6,88000000ffffffffffffa8dd9f4dc5b5
1912,30.903952644,8.249714,30,v6,88000000ffffffffffffa8dd9f4dc5b5
1913,30.913169252,9.216608,30,v6,88000000ffffffffffffa8dd9f4dc5b5
1914,30.922143683,8.974431,30,v6,88000000ffffffffffffa8dd9f4dc5b5
1915,30.930249629,8.105946,30,v6,88000000ffffffffffffa8dd9f4dc5b5
1916,30.939323745,9.074116,30,v6,88000000ffffffffffffa8dd9f4dc5b5
1917,30.947644023,8.320278,30,v6,88000000ffffffffffffa8dd9f4dc5b5
1918,30.956883295,9.239272,30,v6,88000000ffffffffffffa8dd9f4dc5b5
1919,30.965879800,8.996505,30,v6,88000000ffffffffffffa8dd9f4dc5b5
1920,30.973831712,7.951912,30,v6,88000000ffffffffffffa8dd9f4dc5b5
1921,30.982990569,9.158857,30,v6,88000000ffffffffffffa8dd9f4dc5b5
1922,30.992087637,9.097068,30,v6,88000000ffffffffffffa8dd9f4dc5b5
1923,31.000244374,8.156737,30,v6,88000000ffffffffffffa8dd9f4dc5b5
1924,31.009519613,9.275239,30,v6,88000000ffffffffffffa8dd9f4dc5b5
1925,31.018523404,9.003791,30,v6,88000000ffffffffffffa8dd9f4dc5b5
1926,31.026728056,8.204652,30,v6,88000000ffffffffffffa8dd9f4dc5b5
1927,31.035800357,9.072301,30,v6,88000000ffffffffffffa8dd9f4dc5b5
1928,31.045989008,10.188651,30,v6,88000000ffffffffffffa8dd9f4dc5b5
1929,31.054112659,8.123651,30,v6,88000000ffffffffffffa8dd9f4dc5b5
1930,31.063295404,9.182745,30,v6,88000000ffffffffffffa8dd9f4dc5b5
1931,31.071486642,8.191238,30,v6,88000000ffffffffffffa8dd9f4dc5b5
1932,31.080795306,9.308664,30,v6,88000000ffffffffffffa8dd9f4dc5b5
1933,31.089662951,8.867645,30,v6,88000000ffffffffffffa8dd9f4dc5b5
1934,31.099001466,9.338515,30,v6,88000000ffffffffffffa8dd9f4dc5b5
1935,31.106945377,7.943911,30,v6,88000000ffffffffffffa8dd9f4dc5b5
1936,31.116122539,9.177162,30,v6,88000000ffffffffffffa8dd9f4dc5b5
1937,31.125234548,9.112009,30,v6,88000000ffffffffffffa8dd9f4dc5b5
1938,31.133395425,8.160877,30,v6,88000000ffffffffffffa8dd9f4dc5b5
1939,31.142615416,9.219991,30,v6,88000000ffffffffffffa8dd9f4dc5b5
1940,31.151761216,9.145800,30,v6,88000000ffffffffffffa8dd9f4dc5b5
1941,31.159832506,8.071290,30,v6,88000000ffffffffffffa8dd9f4dc5b5
1942,31.168959469,9.126963,30,v6,88000000ffffffffffffa8dd9f4dc5b5
1943,31.178182748,9.223279,30,v6,88000000ffffffffffffa8dd9f4dc5b5
1944,31.186242439,8.059691,30,v6,88000000ffffffffffffa8dd9f4dc5b5
1945,31.195340516,9.098077,30,v6,88000000ffffffffffffa8dd9f4dc5b5
1946,31.204582599,9.242083,30,v6,88000000ffffffffffffa8dd9f4dc5b5
1947,31.213798637,9.216038,30,v6,88000000ffffffffffffa8dd9f4dc5b5
1948,31.222735563,8.936926,30,v6,88000000ffffffffffffa8dd9f4dc5b5
1949,31.232135240,9.399677,30,v6,88000000ffffffffffffa8dd9f4dc5b5
1950,31.240016361,7.881121,30,v6,88000000ffffffffffffa8dd9f4dc5b5
1951,31.249343445,9.327084,30,v6,88000000ffffffffffffa8dd9f4dc5b5
1952,31.258429336,9.085891,30,v6,88000000ffffffffffffa8dd9f4dc5b5
1953,31.266400242,7.970906,30,v6,88000000ffffffffffffa8dd9f4dc5b5
1954,31.275700559,9.300317,30,v6,88000000ffffffffffffa8dd9f4dc5b5
1955,31.284851370,9.150811,30,v6,88000000ffffffffffffa8dd9f4dc5b5
1956,31.292977947,8.126577,30,v6,88000000ffffffffffffa8dd9f4dc5b5
1957,31.301142538,8.164591,30,v6,88000000ffffffffffffa8dd9f4dc5b5
1958,31.310101066,8.958528,30,v6,88000000ffffffffffffa8dd9f4dc5b5
1959,31.319412283,9.311217,30,v6,88000000ffffffffffffa8dd9f4dc5b5
1960,31.329591995,10.179712,30,v6,88000000ffffffffffffa8dd9f4dc5b5
1961,31.337545112,7.953117,30,v6,88000000ffffffffffffa8dd9f4dc5b5
1962,31.346761787,9.216675,30,v6,88000000ffffffffffffa8dd9f4dc5b5
1963,31.354945576,8.183789,30,v6,88000000ffffffffffffa8dd9f4dc5b5
1964,31.364025641,9.080065,30,v6,88000000ffffffffffffa8dd9f4dc5b5
1965,31.373133501,9.107860,30,v6,88000000ffffffffffffa8dd9f4dc5b5
1966,31.381248824,8.115323,30,v6,88000000ffffffffffffa8dd9f4dc5b5
1967,31.390475598,9.226774,30,v6,88000000ffffffffffffa8dd9f4dc5b5
1968,31.398697566,8.221968,30,v6,88000000ffffffffffffa8dd9f4dc5b5
1969,31.407701183,9.003617,30,v6,88000000ffffffffffffa8dd9f4dc5b5
1970,31.417033720,9.332537,30,v6,88000000ffffffffffffa8dd9f4dc5b5
1971,31.426305888,9.272168,30,v6,88000000ffffffffffffa8dd9f4dc5b5
1972,31.434130486,7.824598,30,v6,88000000ffffffffffffa8dd9f4dc5b5
1973,31.443320833,9.190347,30,v6,88000000ffffffffffffa8dd9f4dc5b5
1974,31.453597768,10.276935,30,v6,88000000ffffffffffffa8dd9f4dc5b5
1975,31.461923710,8.325942,30,v6,88000000ffffffffffffa8dd9f4dc5b5
1976,31.470604674,8.680964,30,v6,88000000ffffffffffffa8dd9f4dc5b5
1977,31.478897607,8.292933,30,v6,88000000ffffffffffffa8dd9f4dc5b5
1978,31.488322961,9.425354,30,v6,88000000ffffffffffffa8dd9f4dc5b5
1979,31.497597325,9.274364,30,v6,88000000ffffffffffffa8dd9f4dc5b5
1980,31.506210426,8.613101,30,v6,88000000ffffffffffffa8dd9f4dc5b5
1981,31.514337460,8.127034,30,v6,88000000ffffffffffffa8dd9f4dc5b5
1982,31.523397354,9.059894,30,v6,88000000ffffffffffffa8dd9f4dc5b5
1983,31.531820154,8.422800,30,v6,88000000ffffffffffffa8dd9f4dc5b5
1984,31.540752044,8.931890,30,v6,88000000ffffffffffffa8dd9f4dc5b5
1985,31.550110685,9.358641,30,v6,88000000ffffffffffffa8dd9f4dc5b5
1986,31.558123592,8.012907,30,v6,88000000ffffffffffffa8dd9f4dc5b5
1987,31.567274766,9.151174,30,v6,88000000ffffffffffffa8dd9f4dc5b5
1988,31.575440180,8.165414,30,v6,88000000ffffffffffffa8dd9f4dc5b5
1989,31.585615028,10.174848,30,v6,88000000ffffffffffffa8dd9f4dc5b5
1990,31.594922568,9.307540,30,v6,88000000ffffffffffffa8dd9f4dc5b5
1991,31.604196645,9.274077,30,v6,88000000ffffffffffffa8dd9f4dc5b5
1992,31.612132520,7.935875,30,v6,88000000ffffffffffffa8dd9f4dc5b5
1993,31.620948604,8.816084,30,v6,88000000ffffffffffffa8dd9f4dc5b5
1994,31.630208662,9.260058,30,v6,88000000ffffffffffffa8dd9f4dc5b5
1995,31.638256431,8.047769,30,v6,88000000ffffffffffffa8dd9f4dc5b5
1996,31.647636163,9.379732,30,v6,88000000ffffffffffffa8dd9f4dc5b5
1997,31.655620935,7.984772,30,v6,88000000ffffffffffffa8dd9f4dc5b5
1998,31.664823500,9.202565,30,v6,88000000ffffffffffffa8dd9f4dc5b5
1999,31.673922622,9.099122,30,v6,88000000ffffffffffffa8dd9f4dc5b5
2000,31.683105649,9.183027,30,v6,88000000ffffffffffffa8dd9f4dc5b5
2001,32.013148435,330.042786,30,v6,88000000ffffffffffffa8dd9f4dc5b5
2002,32.022312782,9.164347,30,v6,88000000ffffffffffffa8dd9f4dc5b5
2003,32.030449781,8.136999,30,v6,88000000ffffffffffffa8dd9f4dc5b5
2004,32.039626560,9.176779,30,v6,88000000ffffffffffffa8dd9f4dc5b5
2005,32.047870480,8.243920,30,v6,88000000ffffffffffffa8dd9f4dc5b5
2006,32.056958526,9.088046,30,v6,88000000ffffffffffffa8dd9f4dc5b5
2007,32.065061067,8.102541,30,v6,88000000ffffffffffffa8dd9f4dc5b5
2008,32.074065829,9.004762,30,v6,88000000ffffffffffffa8dd9f4dc5b5
2009,32.082374570,8.308741,30,v6,88000000ffffffffffffa8dd9f4dc5b5
2010,32.091395516,9.020946,30,v6,88000000ffffffffffffa8dd9f4dc5b5
2011,32.101730949,10.335433,30,v6,88000000ffffffffffffa8dd9f4dc5b5
2012,32.109597217,7.866268,30,v6,88000000ffffffffffffa8dd9f4dc5b5
2013,32.119016296,9.419079,30,v6,88000000ffffffffffffa8dd9f4dc5b5
2014,32.127295660,8.279364,30,v6,88000000ffffffffffffa8dd9f4dc5b5
2015,32.135152247,7.856587,30,v6,88000000ffffffffffffa8dd9f4dc5b5
2016,32.144199780,9.047533,30,v6,88000000ffffffffffffa8dd9f4dc5b5
2017,32.153619420,9.419640,30,v6,88000000ffffffffffffa8dd9f4dc5b5
2018,32.161645672,8.026252,30,v6,88000000ffffffffffffa8dd9f4dc5b5
2019,32.170784996,9.139324,30,v6,88000000ffffffffffffa8dd9f4dc5b5
2020,32.179031161,8.246165,30,v6,88000000ffffffffffffa8dd9f4dc5b5
2021,32.188214132,9.182971,30,v6,88000000ffffffffffffa8dd9f4dc5b5
2022,32.196261296,8.047164,30,v6,88000000ffffffffffffa8dd9f4dc5b5
2023,32.205302265,9.040969,30,v6,88000000ffffffffffffa8dd9f4dc5b5
2024,32.214658001,9.355736,30,v6,88000000ffffffffffffa8dd9f4dc5b5
2025,32.223471838,8.813837,30,v6,88000000ffffffffffffa8dd9f4dc5b5
2026,32.231807437,8.335599,30,v6,88000000ffffffffffffa8dd9f4dc5b5
2027,32.241133438,9.326001,30,v6,88000000ffffffffffffa8dd9f4dc5b5
2028,32.249006705,7.873267,30,v6,88000000ffffffffffffa8dd9f4dc5b5
2029,32.258063081,9.056376,30,v6,88000000ffffffffffffa8dd9f4dc5b5
2030,32.267055814,8.992733,30,v6,88000000ffffffffffffa8dd9f4dc5b5
2031,32.275422490,8.366676,30,v6,88000000ffffffffffffa8dd9f4dc5b5
2032,32.284706747,9.284257,30,v6,88000000ffffffffffffa8dd9f4dc5b5
2033,32.292561722,7.854975,30,v6,88000000ffffffffffffa8dd9f4dc5b5
2034,32.301976258,9.414536,30,v6,88000000ffffffffffffa8dd9f4dc5b5
2035,32.310044133,8.067875,30,v6,88000000ffffffffffffa8dd9f4dc5b5
2036,32.319161101,9.116968,30,v6,88000000ffffffffffffa8dd9f4dc5b5
2037,32.327162649,8.001548,30,v6,88000000ffffffffffffa8dd9f4dc5b5
2038,32.336322689,9.160040,30,v6,88000000ffffffffffffa8dd9f4dc5b5
2039,32.345487738,9.165049,30,v6,88000000ffffffffffffa8dd9f4dc5b5
2040,32.353765215,8.277477,30,v6,88000000ffffffffffffa8dd9f4dc5b5
2041,32.362877267,9.112052,30,v6,88000000ffffffffffffa8dd9f4dc5b5
2042,32.373053181,10.175914,30,v6,88000000ffffffffffffa8dd9f4dc5b5
2043,32.380937326,7.884145,30,v6,88000000ffffffffffffa8dd9f4dc5b5
2044,32.390163221,9.225895,30,v6,88000000ffffffffffffa8dd9f4dc5b5
2045,32.398480324,8.317103,30,v6,88000000ffffffffffffa8dd9f4dc5b5
2046,32.407446456,8.966132,30,v6,88000000ffffffffffffa8dd9f4dc5b5
2047,32.415610782,8.164326,30,v6,88000000ffffffffffffa8dd9f4dc5b5
2048,32.424960439,9.349657,30,v6,88000000ffffffffffffa8dd9f4dc5b5
2049,32.432905709,7.945270,30,v6,88000000ffffffffffffa8dd9f4dc5b5
2050,32.442292508,9.386799,30,v6,88000000ffffffffffffa8dd9f4dc5b5
2051,32.444925836,2.633328,99,v6,1c000000aadd9f4dc5b5689199010000
2052,32.450119380,5.193544,30,v6,88000000ffffffffffffa8dd9f4dc5b5
2053,32.459365363,9.245983,30,v6,88000000ffffffffffffa8dd9f4dc5b5
2054,32.467470216,8.104853,30,v6,88000000ffffffffffffa8dd9f4dc5b5
2055,32.477382199,9.911983,30,v6,88000000ffffffffffffa8dd9f4dc5b5
2056,32.485584374,8.202175,30,v6,88000000ffffffffffffa8dd9f4dc5b5
2057,32.494674995,9.090621,30,v6,88000000ffffffffffffa8dd9f4dc5b5
2058,32.504300705,9.625710,30,v6,88000000ffffffffffffa8dd9f4dc5b5
2059,32.512000031,7.699326,30,v6,88000000ffffffffffffa8dd9f4dc5b5
2060,32.521237708,9.237677,30,v6,88000000ffffffffffffa8dd9f4dc5b5
2061,32.529404436,8.166728,30,v6,88000000ffffffffffffa8dd9f4dc5b5
2062,32.538513702,9.109266,30,v6,88000000ffffffffffffa8dd9f4dc5b5
2063,32.546760543,8.246841,30,v6,88000000ffffffffffffa8dd9f4dc5b5
2064,32.556067628,9.307085,30,v6,88000000ffffffffffffa8dd9f4dc5b5
2065,32.564289205,8.221577,30,v6,88000000ffffffffffffa8dd9f4dc5b5
2066,32.572766894,8.477689,30,v6,88000000ffffffffffffa8dd9f4dc5b5
2067,32.581296356,8.529462,30,v6,88000000ffffffffffffa8dd9f4dc5b5
2068,32.590298277,9.001921,30,v6,88000000ffffffffffffa8dd9f4dc5b5
2069,32.600560205,10.261928,30,v6,88000000ffffffffffffa8dd9f4dc5b5
2070,32.608712936,8.152731,30,v6,88000000ffffffffffffa8dd9f4dc5b5
2071,32.617918541,9.205605,30,v6,88000000ffffffffffffa8dd9f4dc5b5
2072,32.626122922,8.204381,30,v6,88000000ffffffffffffa8dd9f4dc5b5
2073,32.634368655,8.245733,30,v6,88000000ffffffffffffa8dd9f4dc5b5
2074,32.643180639,8.811984,30,v6,88000000ffffffffffffa8dd9f4dc5b5
2075,32.652378692,9.198053,30,v6,88000000ffffffffffffa8dd9f4dc5b5
2076,32.660518805,8.140113,30,v6,88000000ffffffffffffa8dd9f4dc5b5
2077,32.669727906,9.209101,30,v6,88000000ffffffffffffa8dd9f4dc5b5
2078,32.678959180,9.231274,30,v6,88000000ffffffffffffa8dd9f4dc5b5
2079,32.686946647,7.987467,30,v6,88000000ffffffffffffa8dd9f4dc5b5
2080,32.696135924,9.189277,30,v6,88000000ffffffffffffa8dd9f4dc5b5
2081,32.704193004,8.057080,30,v6,88000000ffffffffffffa8dd9f4dc5b5
2082,32.714384451,10.191447,30,v6,88000000ffffffffffffa8dd9f4dc5b5
2083,32.722463823,8.079372,30,v6,88000000ffffffffffffa8dd9f4dc5b5
2084,32.730806674,8.342851,30,v6,88000000ffffffffffffa8dd9f4dc5b5
2085,32.739518858,8.712184,30,v6,88000000ffffffffffffa8dd9f4dc5b5
2086,32.748699939,9.181081,30,v6,88000000ffffffffffffa8dd9f4dc5b5
2087,32.756783086,8.083147,30,v6,88000000ffffffffffffa8dd9f4dc5b5
2088,32.766072403,9.289317,30,v6,88000000ffffffffffffa8dd9f4dc5b5
2089,32.774202652,8.130249,30,v6,88000000ffffffffffffa8dd9f4dc5b5
2090,32.783504096,9.301444,30,v6,88000000ffffffffffffa8dd9f4dc5b5
2091,32.792552420,9.048324,30,v6,88000000ffffffffffffa8dd9f4dc5b5
2092,32.800593777,8.041357,30,v6,88000000ffffffffffffa8dd9f4dc5b5
2093,32.809878484,9.284707,30,v6,88000000ffffffffffffa8dd9f4dc5b5
2094,32.818352720,8.474236,30,v6,88000000ffffffffffffa8dd9f4dc5b5
2095,32.827964260,9.611540,30,v6,88000000ffffffffffffa8dd9f4dc5b5
2096,32.836305516,8.341256,30,v6,88000000ffffffffffffa8dd9f4dc5b5
2097,32.845452873,9.147357,30,v6,88000000ffffffffffffa8dd9f4dc5b5
2098,32.853585683,8.132810,30,v6,88000000ffffffffffffa8dd9f4dc5b5
2099,32.862573776,8.988093,30,v6,88000000ffffffffffffa8dd9f4dc5b5
2100,32.870717966,8.144190,30,v6,88000000ffffffffffffa8dd9f4dc5b5
2101,32.879734633,9.016667,30,v6,88000000ffffffffffffa8dd9f4dc5b5
2102,33.210259759,330.525126,30,v6,88000000ffffffffffffa8dd9f4dc5b5
2103,33.219205547,8.945788,30,v6,88000000ffffffffffffa8dd9f4dc5b5
2104,33.227419469,8.213922,30,v6,88000000ffffffffffffa8dd9f4dc5b5
2105,33.236714112,9.294643,30,v6,88000000ffffffffffffa8dd9f4dc5b5
2106,33.244602393,7.888281,30,v6,88000000ffffffffffffa8dd9f4dc5b5
2107,33.253733861,9.131468,30,v6,88000000ffffffffffffa8dd9f4dc5b5
2108,33.261747558,8.013697,30,v6,88000000ffffffffffffa8dd9f4dc5b5
2109,33.270023205,8.275647,30,v6,88000000ffffffffffffa8dd9f4dc5b5
2110,33.279275197,9.251992,30,v6,88000000ffffffffffffa8dd9f4dc5b5
2111,33.287314519,8.039322,30,v6,88000000ffffffffffffa8dd9f4dc5b5
2112,33.296392687,9.078168,30,v6,88000000ffffffffffffa8dd9f4dc5b5
2113,33.304840039,8.447352,30,v6,88000000ffffffffffffa8dd9f4dc5b5
2114,33.313667849,8.827810,30,v6,88000000ffffffffffffa8dd9f4dc5b5
2115,33.322706955,9.039106,30,v6,88000000ffffffffffffa8dd9f4dc5b5
2116,33.331191541,8.484586,30,v6,88000000ffffffffffffa8dd9f4dc5b5
2117,33.340219622,9.028081,30,v6,88000000ffffffffffffa8dd9f4dc5b5
2118,33.349353853,9.134231,30,v6,88000000ffffffffffffa8dd9f4dc5b5
2119,33.357484005,8.130152,30,v6,88000000ffffffffffffa8dd9f4dc5b5
2120,33.366569535,9.085530,30,v6,88000000ffffffffffffa8dd9f4dc5b5
2121,33.374925498,8.355963,30,v6,88000000ffffffffffffa8dd9f4dc5b5
2122,33.384161088,9.235590,30,v6,88000000ffffffffffffa8dd9f4dc5b5
2123,33.392108188,7.947100,30,v6,88000000ffffffffffffa8dd9f4dc5b5
2124,33.399987063,7.878875,30,v6,88000000ffffffffffffa8dd9f4dc5b5
2125,33.409254462,9.267399,30,v6,88000000ffffffffffffa8dd9f4dc5b5
2126,33.417382035,8.127573,30,v6,88000000ffffffffffffa8dd9f4dc5b5
2127,33.425569035,8.187000,30,v6,88000000ffffffffffffa8dd9f4dc5b5
2128,33.434460755,8.891720,30,v6,88000000ffffffffffffa8dd9f4dc5b5
2129,33.444787142,10.326387,30,v6,88000000ffffffffffffa8dd9f4dc5b5
2130,33.452932248,8.145106,30,v6,88000000ffffffffffffa8dd9f4dc5b5
2131,33.461919055,8.986807,30,v6,88000000ffffffffffffa8dd9f4dc5b5
2132,33.470280244,8.361189,30,v6,88000000ffffffffffffa8dd9f4dc5b5
2133,33.478393940,8.113696,30,v6,88000000ffffffffffffa8dd9f4dc5b5
2134,33.486562711,8.168771,30,v6,88000000ffffffffffffa8dd9f4dc5b5
2135,33.495568193,9.005482,30,v6,88000000ffffffffffffa8dd9f4dc5b5
2136,33.503901245,8.333052,30,v6,88000000ffffffffffffa8dd9f4dc5b5
2137,33.512934520,9.033275,30,v6,88000000ffffffffffffa8dd9f4dc5b5
2138,33.522123432,9.188912,30,v6,88000000ffffffffffffa8dd9f4dc5b5
2139,33.530386272,8.262840,30,v6,88000000ffffffffffffa8dd9f4dc5b5
2140,33.539117888,8.731616,30,v6,88000000ffffffffffffa8dd9f4dc5b5
2141,33.548453615,9.335727,30,v6,88000000ffffffffffffa8dd9f4dc5b5
2142,33.556885946,8.432331,30,v6,88000000ffffffffffffa8dd9f4dc5b5
2143,33.565701368,8.815422,30,v6,88000000ffffffffffffa8dd9f4dc5b5
2144,33.573791696,8.090328,30,v6,88000000ffffffffffffa8dd9f4dc5b5
2145,33.582908013,9.116317,30,v6,88000000ffffffffffffa8dd9f4dc5b5
2146,33.592198135,9.290122,30,v6,88000000ffffffffffffa8dd9f4dc5b5
2147,33.600240629,8.042494,30,v6,88000000ffffffffffffa8dd9f4dc5b5
2148,33.608444500,8.203871,30,v6,88000000ffffffffffffa8dd9f4dc5b5
2149,33.617452109,9.007609,30,v6,88000000ffffffffffffa8dd9f4dc5b5
2150,33.625784256,8.332147,30,v6,88000000ffffffffffffa8dd9f4dc5b5
2151,33.633794544,8.010288,30,v6,88000000ffffffffffffa8dd9f4dc5b5
2152,33.642925964,9.131420,30,v6,88000000ffffffffffffa8dd9f4dc5b5
2153,33.651060868,8.134904,30,v6,88000000ffffffffffffa8dd9f4dc5b5
2154,33.660106915,9.046047,30,v6,88000000ffffffffffffa8dd9f4dc5b5
2155,33.669341742,9.234827,30,v6,88000000ffffffffffffa8dd9f4dc5b5
2156,33.678336230,8.994488,30,v6,88000000ffffffffffffa8dd9f4dc5b5
2157,33.686711670,8.375440,30,v6,88000000ffffffffffffa8dd9f4dc5b5
2158,33.695742375,9.030705,30,v6,88000000ffffffffffffa8dd9f4dc5b5
2159,33.704002457,8.260082,30,v6,88000000ffffffffffffa8dd9f4dc5b5
2160,33.713176800,9.174343,30,v6,88000000ffffffffffffa8dd9f4dc5b5
2161,33.721336077,8.159277,30,v6,88000000ffffffffffffa8dd9f4dc5b5
2162,33.730446986,9.110909,30,v6,88000000ffffffffffffa8dd9f4dc5b5
2163,33.738443030,7.996044,30,v6,88000000ffffffffffffa8dd9f4dc5b5
2164,33.747775420,9.332390,30,v6,88000000ffffffffffffa8dd9f4dc5b5
2165,33.755872977,8.097557,30,v6,88000000ffffffffffffa8dd9f4dc5b5
2166,33.763976988,8.104011,30,v6,88000000ffffffffffffa8dd9f4dc5b5
2167,33.773095329,9.118341,30,v6,88000000ffffffffffffa8dd9f4dc5b5
2168,33.782338630,9.243301,30,v6,88000000ffffffffffffa8dd9f4dc5b5
2169,33.791450599,9.111969,30,v6,88000000ffffffffffffa8dd9f4dc5b5
2170,33.799559294,8.108695,30,v6,88000000ffffffffffffa8dd9f4dc5b5
2171,33.808825181,9.265887,30,v6,88000000ffffffffffffa8dd9f4dc5b5
2172,33.816600245,7.775064,30,v6,88000000ffffffffffffa8dd9f4dc5b5
2173,33.825839907,9.239662,30,v6,88000000ffffffffffffa8dd9f4dc5b5
2174,33.834026411,8.186504,30,v6,88000000ffffffffffffa8dd9f4dc5b5
2175,33.842268127,8.241716,30,v6,88000000ffffffffffffa8dd9f4dc5b5
2176,33.851076227,8.808100,30,v6,88000000ffffffffffffa8dd9f4dc5b5
2177,33.859265453,8.189226,30,v6,88000000ffffffffffffa8dd9f4dc5b5
2178,33.868566580,9.301127,30,v6,88000000ffffffffffffa8dd9f4dc5b5
2179,33.876520025,7.953445,30,v6,88000000ffffffffffffa8dd9f4dc5b5
2180,33.885723093,9.203068,30,v6,88000000ffffffffffffa8dd9f4dc5b5
2181,33.893877466,8.154373,30,v6,88000000ffffffffffffa8dd9f4dc5b5
2182,33.903348313,9.470847,30,v6,88000000ffffffffffffa8dd9f4dc5b5
2183,33.911200713,7.852400,30,v6,88000000ffffffffffffa8dd9f4dc5b5
2184,33.920333523,9.132810,30,v6,88000000ffffffffffffa8dd9f4dc5b5
2185,33.928354933,8.021410,30,v6,88000000ffffffffffffa8dd9f4dc5b5
2186,33.937589884,9.234951,30,v6,88000000ffffffffffffa8dd9f4dc5b5
2187,33.946646555,9.056671,30,v6,88000000ffffffffffffa8dd9f4dc5b5
2188,33.956007425,9.360870,30,v6,88000000ffffffffffffa8dd9f4dc5b5
2189,33.963882619,7.875194,30,v6,88000000ffffffffffffa8dd9f4dc5b5
2190,33.973079371,9.196752,30,v6,88000000ffffffffffffa8dd9f4dc5b5
2191,33.981357219,8.277848,30,v6,88000000ffffffffffffa8dd9f4dc5b5
2192,33.989262578,7.905359,30,v6,88000000ffffffffffffa8dd9f4dc5b5
2193,33.998482963,9.220385,30,v6,88000000ffffffffffffa8dd9f4dc5b5
2194,34.006581337,8.098374,30,v6,88000000ffffffffffffa8dd9f4dc5b5
2195,34.015744922,9.163585,30,v6,88000000ffffffffffffa8dd9f4dc5b5
2196,34.024068347,8.323425,30,v6,88000000ffffffffffffa8dd9f4dc5b5
2197,34.032950902,8.882555,30,v6,88000000ffffffffffffa8dd9f4dc5b5
2198,34.041002670,8.051768,30,v6,88000000ffffffffffffa8dd9f4dc5b5
2199,34.050381015,9.378345,30,v6,88000000ffffffffffffa8dd9f4dc5b5
2200,34.059338922,8.957907,30,v6,88000000ffffffffffffa8dd9f4dc5b5
2201,34.067578131,8.239209,30,v6,88000000ffffffffffffa8dd9f4dc5b5
2202,34.397733965,330.155834,30,v6,88000000ffffffffffffa8dd9f4dc5b5
2203,34.406895239,9.161274,30,v6,88000000ffffffffffffa8dd9f4dc5b5
2204,34.415258618,8.363379,30,v6,88000000ffffffffffffa8dd9f4dc5b5
2205,34.423359088,8.100470,30,v6,88000000ffffffffffffa8dd9f4dc5b5
2206,34.432360240,9.001152,30,v6,88000000ffffffffffffa8dd9f4dc5b5
2207,34.440584432,8.224192,30,v6,88000000ffffffffffffa8dd9f4dc5b5
2208,34.448579306,7.994874,30,v6,88000000ffffffffffffa8dd9f4dc5b5
2209,34.457875061,9.295755,30,v6,88000000ffffffffffffa8dd9f4dc5b5
2210,34.465880558,8.005497,30,v6,88000000ffffffffffffa8dd9f4dc5b5
2211,34.474198492,8.317934,30,v6,88000000ffffffffffffa8dd9f4dc5b5
2212,34.483175823,8.977331,30,v6,88000000ffffffffffffa8dd9f4dc5b5
2213,34.491353322,8.177499,30,v6,88000000ffffffffffffa8dd9f4dc5b5
2214,34.500705061,9.351739,30,v6,88000000ffffffffffffa8dd9f4dc5b5
2215,34.509771597,9.066536,30,v6,88000000ffffffffffffa8dd9f4dc5b5
2216,34.517719549,7.947952,30,v6,88000000ffffffffffffa8dd9f4dc5b5
2217,34.526051573,8.332024,30,v6,88000000ffffffffffffa8dd9f4dc5b5
2218,34.535308931,9.257358,30,v6,88000000ffffffffffffa8dd9f4dc5b5
2219,34.544154634,8.845703,30,v6,88000000ffffffffffffa8dd9f4dc5b5
2220,34.552074463,7.919829,30,v6,88000000ffffffffffffa8dd9f4dc5b5
2221,34.560407813,8.333350,30,v6,88000000ffffffffffffa8dd9f4dc5b5
2222,34.569599648,9.191835,30,v6,88000000ffffffffffffa8dd9f4dc5b5
2223,34.577949929,8.350281,30,v6,88000000ffffffffffffa8dd9f4dc5b5
2224,34.585814686,7.864757,30,v6,88000000ffffffffffffa8dd9f4dc5b5
2225,34.594996676,9.181990,30,v6,88000000ffffffffffffa8dd9f4dc5b5
2226,34.603093020,8.096344,30,v6,88000000ffffffffffffa8dd9f4dc5b5
2227,34.611242678,8.149658,30,v6,88000000ffffffffffffa8dd9f4dc5b5
2228,34.620300754,9.058076,30,v6,88000000ffffffffffffa8dd9f4dc5b5
2229,34.628450793,8.150039,30,v6,88000000ffffffffffffa8dd9f4dc5b5
2230,34.636545690,8.094897,30,v6,88000000ffffffffffffa8dd9f4dc5b5
2231,34.645935014,9.389324,30,v6,88000000ffffffffffffa8dd9f4dc5b5
2232,34.654908719,8.973705,30,v6,88000000ffffffffffffa8dd9f4dc5b5
2233,34.663935618,9.026899,30,v6,88000000ffffffffffffa8dd9f4dc5b5
2234,34.672298342,8.362724,30,v6,88000000ffffffffffffa8dd9f4dc5b5
2235,34.679985200,7.686858,30,v6,88000000ffffffffffffa8dd9f4dc5b5
2236,34.688392194,8.406994,30,v6,88000000ffffffffffffa8dd9f4dc5b5
2237,34.697577478,9.185284,30,v6,88000000ffffffffffffa8dd9f4dc5b5
2238,34.705919944,8.342466,30,v6,88000000ffffffffffffa8dd9f4dc5b5
2239,34.714938797,9.018853,30,v6,88000000ffffffffffffa8dd9f4dc5b5
2240,34.722811799,7.873002,30,v6,88000000ffffffffffffa8dd9f4dc5b5
2241,34.731008960,8.197161,30,v6,88000000ffffffffffffa8dd9f4dc5b5
2242,34.739257000,8.248040,30,v6,88000000ffffffffffffa8dd9f4dc5b5
2243,34.748304817,9.047817,30,v6,88000000ffffffffffffa8dd9f4dc5b5
2244,34.756625366,8.320549,30,v6,88000000ffffffffffffa8dd9f4dc5b5
2245,34.765781683,9.156317,30,v6,88000000ffffffffffffa8dd9f4dc5b5
2246,34.773845503,8.063820,30,v6,88000000ffffffffffffa8dd9f4dc5b5
2247,34.784203500,10.357997,30,v6,88000000ffffffffffffa8dd9f4dc5b5
2248,34.792198901,7.995401,30,v6,88000000ffffffffffffa8dd9f4dc5b5
2249,34.800164036,7.965135,30,v6,88000000ffffffffffffa8dd9f4dc5b5
2250,34.809226919,9.062883,30,v6,88000000ffffffffffffa8dd9f4dc5b5
2251,34.817415645,8.188726,30,v6,88000000ffffffffffffa8dd9f4dc5b5
2252,34.825449824,8.034179,30,v6,88000000ffffffffffffa8dd9f4dc5b5
2253,34.834677602,9.227778,30,v6,88000000ffffffffffffa8dd9f4dc5b5
2254,34.843048364,8.370762,30,v6,88000000ffffffffffffa8dd9f4dc5b5
2255,34.851075664,8.027300,30,v6,88000000ffffffffffffa8dd9f4dc5b5
2256,34.860108464,9.032800,30,v6,88000000ffffffffffffa8dd9f4dc5b5
2257,34.868169622,8.061158,30,v6,88000000ffffffffffffa8dd9f4dc5b5
2258,34.876238681,8.069059,30,v6,88000000ffffffffffffa8dd9f4dc5b5
2259,34.885432535,9.193854,30,v6,88000000ffffffffffffa8dd9f4dc5b5
2260,34.894600866,9.168331,30,v6,88000000ffffffffffffa8dd9f4dc5b5
2261,34.902688390,8.087524,30,v6,88000000ffffffffffffa8dd9f4dc5b5
2262,34.911895265,9.206875,30,v6,88000000ffffffffffffa8dd9f4dc5b5
2263,34.919953512,8.058247,30,v6,88000000ffffffffffffa8dd9f4dc5b5
2264,34.928083199,8.129687,30,v6,88000000ffffffffffffa8dd9f4dc5b5
2265,34.937275352,9.192153,30,v6,88000000ffffffffffffa8dd9f4dc5b5
2266,34.945536152,8.260800,30,v6,88000000ffffffffffffa8dd9f4dc5b5
2267,34.954504034,8.967882,30,v6,88000000ffffffffffffa8dd9f4dc5b5
2268,34.962499358,7.995324,30,v6,88000000ffffffffffffa8dd9f4dc5b5
2269,34.970974457,8.475099,30,v6,88000000ffffffffffffa8dd9f4dc5b5
2270,34.980069846,9.095389,30,v6,88000000ffffffffffffa8dd9f4dc5b5
2271,34.987940196,7.870350,30,v6,88000000ffffffffffffa8dd9f4dc5b5
2272,34.996164682,8.224486,30,v6,88000000ffffffffffffa8dd9f4dc5b5
2273,35.005446390,9.281708,30,v6,88000000ffffffffffffa8dd9f4dc5b5
2274,35.014588518,9.142128,30,v6,88000000ffffffffffffa8dd9f4dc5b5
2275,35.022626315,8.037797,30,v6,88000000ffffffffffffa8dd9f4dc5b5
2276,35.030769482,8.143167,30,v6,88000000ffffffffffffa8dd9f4dc5b5
2277,35.040138640,9.369158,30,v6,88000000ffffffffffffa8dd9f4dc5b5
2278,35.048367539,8.228899,30,v6,88000000ffffffffffffa8dd9f4dc5b5
2279,35.057264158,8.896619,30,v6,88000000ffffffffffffa8dd9f4dc5b5
2280,35.065212867,7.948709,30,v6,88000000ffffffffffffa8dd9f4dc5b5
2281,35.073560231,8.347364,30,v6,88000000ffffffffffffa8dd9f4dc5b5
2282,35.081743612,8.183381,30,v6,88000000ffffffffffffa8dd9f4dc5b5
2283,35.090826119,9.082507,30,v6,88000000ffffffffffffa8dd9f4dc5b5
2284,35.099136025,8.309906,30,v6,88000000ffffffffffffa8dd9f4dc5b5
2285,35.107269164,8.133139,30,v6,88000000ffffffffffffa8dd9f4dc5b5
2286,35.116041778,8.772614,30,v6,88000000ffffffffffffa8dd9f4dc5b5
2287,35.125286645,9.244867,30,v6,88000000ffffffffffffa8dd9f4dc5b5
2288,35.133382197,8.095552,30,v6,88000000ffffffffffffa8dd9f4dc5b5
2289,35.142855041,9.472844,30,v6,88000000ffffffffffffa8dd9f4dc5b5
2290,35.151858665,9.003624,30,v6,88000000ffffffffffffa8dd9f4dc5b5
2291,35.159764591,7.905926,30,v6,88000000ffffffffffffa8dd9f4dc5b5
2292,35.167966167,8.201576,30,v6,88000000ffffffffffffa8dd9f4dc5b5
2293,35.176974841,9.008674,30,v6,88000000ffffffffffffa8dd9f4dc5b5
2294,35.185224916,8.250075,30,v6,88000000ffffffffffffa8dd9f4dc5b5
2295,35.193321131,8.096215,30,v6,88000000ffffffffffffa8dd9f4dc5b5
2296,35.201532352,8.211221,30,v6,88000000ffffffffffffa8dd9f4dc5b5
2297,35.210644939,9.112587,30,v6,88000000ffffffffffffa8dd9f4dc5b5
2298,35.218742486,8.097547,30,v6,88000000ffffffffffffa8dd9f4dc5b5
2299,35.227722717,8.980231,30,v6,88000000ffffffffffffa8dd9f4dc5b5
2300,35.235948708,8.225991,30,v6,88000000ffffffffffffa8dd9f4dc5b5
2301,35.244189688,8.240980,30,v6,88000000ffffffffffffa8dd9f4dc5b5
2302,35.574303285,330.113597,30,v6,88000000ffffffffffffa8dd9f4dc5b5
2303,35.583593981,9.290696,30,v6,88000000ffffffffffffa8dd9f4dc5b5
2304,35.592810007,9.216026,30,v6,88000000ffffffffffffa8dd9f4dc5b5
2305,35.600873889,8.063882,30,v6,88000000ffffffffffffa8dd9f4dc5b5
2306,35.608905262,8.031373,30,v6,88000000ffffffffffffa8dd9f4dc5b5
2307,35.617077701,8.172439,30,v6,88000000ffffffffffffa8dd9f4dc5b5
2308,35.626233108,9.155407,30,v6,88000000ffffffffffffa8dd9f4dc5b5
2309,35.633298494,7.065386,30,v6,88000000ffffffffffffa8dd9f4dc5b5
2310,35.642398854,9.100360,30,v6,88000000ffffffffffffa8dd9f4dc5b5
2311,35.650481322,8.082468,30,v6,88000000ffffffffffffa8dd9f4dc5b5
2312,35.658856159,8.374837,30,v6,88000000ffffffffffffa8dd9f4dc5b5
2313,35.668099207,9.243048,30,v6,88000000ffffffffffffa8dd9f4dc5b5
2314,35.676268907,8.169700,30,v6,88000000ffffffffffffa8dd9f4dc5b5
2315,35.684135422,7.866515,30,v6,88000000ffffffffffffa8dd9f4dc5b5
2316,35.693210433,9.075011,30,v6,88000000ffffffffffffa8dd9f4dc5b5
2317,35.701322404,8.111971,30,v6,88000000ffffffffffffa8dd9f4dc5b5
2318,35.709478829,8.156425,30,v6,88000000ffffffffffffa8dd9f4dc5b5
2319,35.717593141,8.114312,30,v6,88000000ffffffffffffa8dd9f4dc5b5
2320,35.727016002,9.422861,30,v6,88000000ffffffffffffa8dd9f4dc5b5
2321,35.735743596,8.727594,30,v6,88000000ffffffffffffa8dd9f4dc5b5
2322,35.743943196,8.199600,30,v6,88000000ffffffffffffa8dd9f4dc5b5
2323,35.753109536,9.166340,30,v6,88000000ffffffffffffa8dd9f4dc5b5
2324,35.761223968,8.114432,30,v6,88000000ffffffffffffa8dd9f4dc5b5
2325,35.769334119,8.110151,30,v6,88000000ffffffffffffa8dd9f4dc5b5
2326,35.778558003,9.223884,30,v6,88000000ffffffffffffa8dd9f4dc5b5
2327,35.786670875,8.112872,30,v6,88000000ffffffffffffa8dd9f4dc5b5
2328,35.794698675,8.027800,30,v6,88000000ffffffffffffa8dd9f4dc5b5
2329,35.802873512,8.174837,30,v6,88000000ffffffffffffa8dd9f4dc5b5
2330,35.812429048,9.555536,30,v6,88000000ffffffffffffa8dd9f4dc5b5
2331,35.820248264,7.819216,30,v6,88000000ffffffffffffa8dd9f4dc5b5
2332,35.828132517,7.884253,30,v6,88000000ffffffffffffa8dd9f4dc5b5
2333,35.837501314,9.368797,30,v6,88000000ffffffffffffa8dd9f4dc5b5
2334,35.846611135,9.109821,30,v6,88000000ffffffffffffa8dd9f4dc5b5
2335,35.854578708,7.967573,30,v6,88000000ffffffffffffa8dd9f4dc5b5
2336,35.863005942,8.427234,30,v6,88000000ffffffffffffa8dd9f4dc5b5
2337,35.870907729,7.901787,30,v6,88000000ffffffffffffa8dd9f4dc5b5
2338,35.880162708,9.254979,30,v6,88000000ffffffffffffa8dd9f4dc5b5
2339,35.888235665,8.072957,30,v6,88000000ffffffffffffa8dd9f4dc5b5
2340,35.896289926,8.054261,30,v6,88000000ffffffffffffa8dd9f4dc5b5
2341,35.904595790,8.305864,30,v6,88000000ffffffffffffa8dd9f4dc5b5
2342,35.912730060,8.134270,30,v6,88000000ffffffffffffa8dd9f4dc5b5
2343,35.921786557,9.056497,30,v6,88000000ffffffffffffa8dd9f4dc5b5
2344,35.930032272,8.245715,30,v6,88000000ffffffffffffa8dd9f4dc5b5
2345,35.938289320,8.257048,30,v6,88000000ffffffffffffa8dd9f4dc5b5
2346,35.947213315,8.923995,30,v6,88000000ffffffffffffa8dd9f4dc5b5
2347,35.956441083,9.227768,30,v6,88000000ffffffffffffa8dd9f4dc5b5
2348,35.965559563,9.118480,30,v6,88000000ffffffffffffa8dd9f4dc5b5
2349,35.973581197,8.021634,30,v6,88000000ffffffffffffa8dd9f4dc5b5
2350,35.981882829,8.301632,30,v6,88000000ffffffffffffa8dd9f4dc5b5
2351,35.989920363,8.037534,30,v6,88000000ffffffffffffa8dd9f4dc5b5
2352,35.999067644,9.147281,30,v6,88000000ffffffffffffa8dd9f4dc5b5
2353,36.007274135,8.206491,30,v6,88000000ffffffffffffa8dd9f4dc5b5
2354,36.015304104,8.029969,30,v6,88000000ffffffffffffa8dd9f4dc5b5
2355,36.023583033,8.278929,30,v6,88000000ffffffffffffa8dd9f4dc5b5
2356,36.032721832,9.138799,30,v6,88000000ffffffffffffa8dd9f4dc5b5
2357,36.040867546,8.145714,30,v6,88000000ffffffffffffa8dd9f4dc5b5
2358,36.048701958,7.834412,30,v6,88000000ffffffffffffa8dd9f4dc5b5
2359,36.056821085,8.119127,30,v6,88000000ffffffffffffa8dd9f4dc5b5
2360,36.066406127,9.585042,30,v6,88000000ffffffffffffa8dd9f4dc5b5
2361,36.074040553,7.634426,30,v6,88000000ffffffffffffa8dd9f4dc5b5
2362,36.083423305,9.382752,30,v6,88000000ffffffffffffa8dd9f4dc5b5
2363,36.091663250,8.239945,30,v6,88000000ffffffffffffa8dd9f4dc5b5
2364,36.100834702,9.171452,30,v6,88000000ffffffffffffa8dd9f4dc5b5
2365,36.109067108,8.232406,30,v6,88000000ffffffffffffa8dd9f4dc5b5
2366,36.116968053,7.900945,30,v6,88000000ffffffffffffa8dd9f4dc5b5
2367,36.124973786,8.005733,30,v6,88000000ffffffffffffa8dd9f4dc5b5
2368,36.133130434,8.156648,30,v6,88000000ffffffffffffa8dd9f4dc5b5
2369,36.142187308,9.056874,30,v6,88000000ffffffffffffa8dd9f4dc5b5
2370,36.150200631,8.013323,30,v6,88000000ffffffffffffa8dd9f4dc5b5
2371,36.158517837,8.317206,30,v6,88000000ffffffffffffa8dd9f4dc5b5
2372,36.166720364,8.202527,30,v6,88000000ffffffffffffa8dd9f4dc5b5
2373,36.176927742,10.207378,30,v6,88000000ffffffffffffa8dd9f4dc5b5
2374,36.184990756,8.063014,30,v6,88000000ffffffffffffa8dd9f4dc5b5
2375,36.192952547,7.961791,30,v6,88000000ffffffffffffa8dd9f4dc5b5
2376,36.201090767,8.138220,30,v6,88000000ffffffffffffa8dd9f4dc5b5
2377,36.210300994,9.210227,30,v6,88000000ffffffffffffa8dd9f4dc5b5
2378,36.218341048,8.040054,30,v6,88000000ffffffffffffa8dd9f4dc5b5
2379,36.226440993,8.099945,30,v6,88000000ffffffffffffa8dd9f4dc5b5
2380,36.234889135,8.448142,30,v6,88000000ffffffffffffa8dd9f4dc5b5
2381,36.243865901,8.976766,30,v6,88000000ffffffffffffa8dd9f4dc5b5
2382,36.251233641,7.367740,30,v6,88000000ffffffffffffa8dd9f4dc5b5
2383,36.260137405,8.903764,30,v6,88000000ffffffffffffa8dd9f4dc5b5
2384,36.268379747,8.242342,30,v6,88000000ffffffffffffa8dd9f4dc5b5
2385,36.277658406,9.278659,30,v6,88000000ffffffffffffa8dd9f4dc5b5
2386,36.285394383,7.735977,30,v6,88000000ffffffffffffa8dd9f4dc5b5
2387,36.294703004,9.308621,30,v6,88000000ffffffffffffa8dd9f4dc5b5
2388,36.303072947,8.369943,30,v6,88000000ffffffffffffa8dd9f4dc5b5
2389,36.311111261,8.038314,30,v6,88000000ffffffffffffa8dd9f4dc5b5
2390,36.320043913,8.932652,30,v6,88000000ffffffffffffa8dd9f4dc5b5
2391,36.328121514,8.077601,30,v6,88000000ffffffffffffa8dd9f4dc5b5
2392,36.336271033,8.149519,30,v6,88000000ffffffffffffa8dd9f4dc5b5
2393,36.344334287,8.063254,30,v6,88000000ffffffffffffa8dd9f4dc5b5
2394,36.353661836,9.327549,30,v6,88000000ffffffffffffa8dd9f4dc5b5
2395,36.361808044,8.146208,30,v6,88000000ffffffffffffa8dd9f4dc5b5
2396,36.370050246,8.242202,30,v6,88000000ffffffffffffa8dd9f4dc5b5
2397,36.377932378,7.882132,30,v6,88000000ffffffffffffa8dd9f4dc5b5
2398,36.388214584,10.282206,30,v6,88000000ffffffffffffa8dd9f4dc5b5
2399,36.396314007,8.099423,30,v6,88000000ffffffffffffa8dd9f4dc5b5
2400,36.405523912,9.209905,30,v6,88000000ffffffffffffa8dd9f4dc5b5
2401,36.412560184,7.036272,30,v6,88000000ffffffffffffa8dd9f4dc5b5
2402,36.742812211,330.252027,30,v6,88000000ffffffffffffa8dd9f4dc5b5
2403,36.751113763,8.301552,30,v6,88000000ffffffffffffa8dd9f4dc5b5
2404,36.759061418,7.947655,30,v6,88000000ffffffffffffa8dd9f4dc5b5
2405,36.767247582,8.186164,30,v6,88000000ffffffffffffa8dd9f4dc5b5
2406,36.776438304,9.190722,30,v6,88000000ffffffffffffa8dd9f4dc5b5
2407,36.784352533,7.914229,30,v6,88000000ffffffffffffa8dd9f4dc5b5
2408,36.792763494,8.410961,30,v6,88000000ffffffffffffa8dd9f4dc5b5
2409,36.800602655,7.839161,30,v6,88000000ffffffffffffa8dd9f4dc5b5
2410,36.808815089,8.212434,30,v6,88000000ffffffffffffa8dd9f4dc5b5
2411,36.818219119,9.404030,30,v6,88000000ffffffffffffa8dd9f4dc5b5
2412,36.827230815,9.011696,30,v6,88000000ffffffffffffa8dd9f4dc5b5
2413,36.835059727,7.828912,30,v6,88000000ffffffffffffa8dd9f4dc5b5
2414,36.843375067,8.315340,30,v6,88000000ffffffffffffa8dd9f4dc5b5
2415,36.851645821,8.270754,30,v6,88000000ffffffffffffa8dd9f4dc5b5
2416,36.859662789,8.016968,30,v6,88000000ffffffffffffa8dd9f4dc5b5
2417,36.867765437,8.102648,30,v6,88000000ffffffffffffa8dd9f4dc5b5
2418,36.876937685,9.172248,30,v6,88000000ffffffffffffa8dd9f4dc5b5
2419,36.885121505,8.183820,30,v6,88000000ffffffffffffa8dd9f4dc5b5
2420,36.894021046,8.899541,30,v6,88000000ffffffffffffa8dd9f4dc5b5
2421,36.902299219,8.278173,30,v6,88000000ffffffffffffa8dd9f4dc5b5
2422,36.910401042,8.101823,30,v6,88000000ffffffffffffa8dd9f4dc5b5
2423,36.918687083,8.286041,30,v6,88000000ffffffffffffa8dd9f4dc5b5
2424,36.926639766,7.952683,30,v6,88000000ffffffffffffa8dd9f4dc5b5
2425,36.934881805,8.242039,30,v6,88000000ffffffffffffa8dd9f4dc5b5
2426,36.944157787,9.275982,30,v6,88000000ffffffffffffa8dd9f4dc5b5
2427,36.952146613,7.988826,30,v6,88000000ffffffffffffa8dd9f4dc5b5
2428,36.961237671,9.091058,30,v6,88000000ffffffffffffa8dd9f4dc5b5
2429,36.969337505,8.099834,30,v6,88000000ffffffffffffa8dd9f4dc5b5
2430,36.977405769,8.068264,30,v6,88000000ffffffffffffa8dd9f4dc5b5
2431,36.986725848,9.320079,30,v6,88000000ffffffffffffa8dd9f4dc5b5
2432,36.994807343,8.081495,30,v6,88000000ffffffffffffa8dd9f4dc5b5
2433,37.002999934,8.192591,30,v6,88000000ffffffffffffa8dd9f4dc5b5
2434,37.011073394,8.073460,30,v6,88000000ffffffffffffa8dd9f4dc5b5
2435,37.019266820,8.193426,30,v6,88000000ffffffffffffa8dd9f4dc5b5
2436,37.027263391,7.996571,30,v6,88000000ffffffffffffa8dd9f4dc5b5
2437,37.035217278,7.953887,30,v6,88000000ffffffffffffa8dd9f4dc5b5
2438,37.044345359,9.128081,30,v6,88000000ffffffffffffa8dd9f4dc5b5
2439,37.052839468,8.494109,30,v6,88000000ffffffffffffa8dd9f4dc5b5
2440,37.060697089,7.857621,30,v6,88000000ffffffffffffa8dd9f4dc5b5
2441,37.068990633,8.293544,30,v6,88000000ffffffffffffa8dd9f4dc5b5
2442,37.076849759,7.859126,30,v6,88000000ffffffffffffa8dd9f4dc5b5
2443,37.086264982,9.415223,30,v6,88000000ffffffffffffa8dd9f4dc5b5
2444,37.095275182,9.010200,30,v6,88000000ffffffffffffa8dd9f4dc5b5
2445,37.103397224,8.122042,30,v6,88000000ffffffffffffa8dd9f4dc5b5
2446,37.111692875,8.295651,30,v6,88000000ffffffffffffa8dd9f4dc5b5
2447,37.119896998,8.204123,30,v6,88000000ffffffffffffa8dd9f4dc5b5
2448,37.127706585,7.809587,30,v6,88000000ffffffffffffa8dd9f4dc5b5
2449,37.136208450,8.501865,30,v6,88000000ffffffffffffa8dd9f4dc5b5
2450,37.143896263,7.687813,30,v6,88000000ffffffffffffa8dd9f4dc5b5
2451,37.152113513,8.217250,30,v6,88000000ffffffffffffa8dd9f4dc5b5
2452,37.161161205,9.047692,30,v6,88000000ffffffffffffa8dd9f4dc5b5
2453,37.169568982,8.407777,30,v6,88000000ffffffffffffa8dd9f4dc5b5
2454,37.177678223,8.109241,30,v6,88000000ffffffffffffa8dd9f4dc5b5
2455,37.186626794,8.948571,30,v6,88000000ffffffffffffa8dd9f4dc5b5
2456,37.194999186,8.372392,30,v6,88000000ffffffffffffa8dd9f4dc5b5
2457,37.203163463,8.164277,30,v6,88000000ffffffffffffa8dd9f4dc5b5
2458,37.211207759,8.044296,30,v6,88000000ffffffffffffa8dd9f4dc5b5
2459,37.220155938,8.948179,30,v6,88000000ffffffffffffa8dd9f4dc5b5
2460,37.228381236,8.225298,30,v6,88000000ffffffffffffa8dd9f4dc5b5
2461,37.236515831,8.134595,30,v6,88000000ffffffffffffa8dd9f4dc5b5
2462,37.244469821,7.953990,30,v6,88000000ffffffffffffa8dd9f4dc5b5
2463,37.252968744,8.498923,30,v6,88000000ffffffffffffa8dd9f4dc5b5
2464,37.261013626,8.044882,30,v6,88000000ffffffffffffa8dd9f4dc5b5
2465,37.270296476,9.282850,30,v6,88000000ffffffffffffa8dd9f4dc5b5
2466,37.277141724,6.845248,30,v6,88000000ffffffffffffa8dd9f4dc5b5
2467,37.286452167,9.310443,30,v6,88000000ffffffffffffa8dd9f4dc5b5
2468,37.294407434,7.955267,30,v6,88000000ffffffffffffa8dd9f4dc5b5
2469,37.302836529,8.429095,30,v6,88000000ffffffffffffa8dd9f4dc5b5
2470,37.310764999,7.928470,30,v6,88000000ffffffffffffa8dd9f4dc5b5
2471,37.320959303,10.194304,30,v6,88000000ffffffffffffa8dd9f4dc5b5
2472,37.329371685,8.412382,30,v6,88000000ffffffffffffa8dd9f4dc5b5
2473,37.337170747,7.799062,30,v6,88000000ffffffffffffa8dd9f4dc5b5
2474,37.345293005,8.122258,30,v6,88000000ffffffffffffa8dd9f4dc5b5
2475,37.353259424,7.966419,30,v6,88000000ffffffffffffa8dd9f4dc5b5
2476,37.361492497,8.233073,30,v6,88000000ffffffffffffa8dd9f4dc5b5
2477,37.370725039,9.232542,30,v6,88000000ffffffffffffa8dd9f4dc5b5
2478,37.378740091,8.015052,30,v6,88000000ffffffffffffa8dd9f4dc5b5
2479,37.386922987,8.182896,30,v6,88000000ffffffffffffa8dd9f4dc5b5
2480,37.395005532,8.082545,30,v6,88000000ffffffffffffa8dd9f4dc5b5
2481,37.403106913,8.101381,30,v6,88000000ffffffffffffa8dd9f4dc5b5
2482,37.411259250,8.152337,30,v6,88000000ffffffffffffa8dd9f4dc5b5
2483,37.419320778,8.061528,30,v6,88000000ffffffffffffa8dd9f4dc5b5
2484,37.428548865,9.228087,30,v6,88000000ffffffffffffa8dd9f4dc5b5
2485,37.436604309,8.055444,30,v6,88000000ffffffffffffa8dd9f4dc5b5
2486,37.446044560,9.440251,30,v6,88000000ffffffffffffa8dd9f4dc5b5
2487,37.453832440,7.787880,30,v6,88000000ffffffffffffa8dd9f4dc5b5
2488,37.462405165,8.572725,30,v6,88000000ffffffffffffa8dd9f4dc5b5
2489,37.470316134,7.910969,30,v6,88000000ffffffffffffa8dd9f4dc5b5
2490,37.478236674,7.920540,30,v6,88000000ffffffffffffa8dd9f4dc5b5
2491,37.487500697,9.264023,30,v6,88000000ffffffffffffa8dd9f4dc5b5
2492,37.495812702,8.312005,30,v6,88000000ffffffffffffa8dd9f4dc5b5
2493,37.503635678,7.822976,30,v6,88000000ffffffffffffa8dd9f4dc5b5
2494,37.511788658,8.152980,30,v6,88000000ffffffffffffa8dd9f4dc5b5
2495,37.520138307,8.349649,30,v6,88000000ffffffffffffa8dd9f4dc5b5
2496,37.528323704,8.185397,30,v6,88000000ffffffffffffa8dd9f4dc5b5
2497,37.536208113,7.884409,30,v6,88000000ffffffffffffa8dd9f4dc5b5
2498,37.545402392,9.194279,30,v6,88000000ffffffffffffa8dd9f4dc5b5
2499,37.553338507,7.936115,30,v6,88000000ffffffffffffa8dd9f4dc5b5
2500,37.562711700,9.373193,30,v6,88000000ffffffffffffa8dd9f4dc5b5
2501,37.570654096,7.942396,30,v6,88000000ffffffffffffa8dd9f4dc5b5
2502,37.900277108,329.623012,30,v6,88000000ffffffffffffa8dd9f4dc5b5
2503,37.908414985,8.137877,30,v6,88000000ffffffffffffa8dd9f4dc5b5
2504,37.917601880,9.186895,30,v6,88000000ffffffffffffa8dd9f4dc5b5
2505,37.925576677,7.974797,30,v6,88000000ffffffffffffa8dd9f4dc5b5
2506,37.933566059,7.989382,30,v6,88000000ffffffffffffa8dd9f4dc5b5
2507,37.942638365,9.072306,30,v6,88000000ffffffffffffa8dd9f4dc5b5
2508,37.950959914,8.321549,30,v6,88000000ffffffffffffa8dd9f4dc5b5
2509,37.958997663,8.037749,30,v6,88000000ffffffffffffa8dd9f4dc5b5
2510,37.967274955,8.277292,30,v6,88000000ffffffffffffa8dd9f4dc5b5
2511,37.974983373,7.708418,30,v6,88000000ffffffffffffa8dd9f4dc5b5
2512,37.983121831,8.138458,30,v6,88000000ffffffffffffa8dd9f4dc5b5
2513,37.991366972,8.245141,30,v6,88000000ffffffffffffa8dd9f4dc5b5
2514,37.999553335,8.186363,30,v6,88000000ffffffffffffa8dd9f4dc5b5
2515,38.007513173,7.959838,30,v6,88000000ffffffffffffa8dd9f4dc5b5
2516,38.015854666,8.341493,30,v6,88000000ffffffffffffa8dd9f4dc5b5
2517,38.023753209,7.898543,30,v6,88000000ffffffffffffa8dd9f4dc5b5
2518,38.032372109,8.618900,30,v6,88000000ffffffffffffa8dd9f4dc5b5
2519,38.040118995,7.746886,30,v6,88000000ffffffffffffa8dd9f4dc5b5
2520,38.048142955,8.023960,30,v6,88000000ffffffffffffa8dd9f4dc5b5
2521,38.057446948,9.303993,30,v6,88000000ffffffffffffa8dd9f4dc5b5
2522,38.065771366,8.324418,30,v6,88000000ffffffffffffa8dd9f4dc5b5
2523,38.073676347,7.904981,30,v6,88000000ffffffffffffa8dd9f4dc5b5
2524,38.082995389,9.319042,30,v6,88000000ffffffffffffa8dd9f4dc5b5
2525,38.089907420,6.912031,30,v6,88000000ffffffffffffa8dd9f4dc5b5
2526,38.098095480,8.188060,30,v6,88000000ffffffffffffa8dd9f4dc5b5
2527,38.107213547,9.118067,30,v6,88000000ffffffffffffa8dd9f4dc5b5
2528,38.115426045,8.212498,30,v6,88000000ffffffffffffa8dd9f4dc5b5
2529,38.123398253,7.972208,30,v6,88000000ffffffffffffa8dd9f4dc5b5
2530,38.131796675,8.398422,30,v6,88000000ffffffffffffa8dd9f4dc5b5
2531,38.139907141,8.110466,30,v6,88000000ffffffffffffa8dd9f4dc5b5
2532,38.147975016,8.067875,30,v6,88000000ffffffffffffa8dd9f4dc5b5
2533,38.155792008,7.816992,30,v6,88000000ffffffffffffa8dd9f4dc5b5
2534,38.163884310,8.092302,30,v6,88000000ffffffffffffa8dd9f4dc5b5
2535,38.172190596,8.306286,30,v6,88000000ffffffffffffa8dd9f4dc5b5
2536,38.181329269,9.138673,30,v6,88000000ffffffffffffa8dd9f4dc5b5
2537,38.189473222,8.143953,30,v6,88000000ffffffffffffa8dd9f4dc5b5
2538,38.197637561,8.164339,30,v6,88000000ffffffffffffa8dd9f4dc5b5
2539,38.205705390,8.067829,30,v6,88000000ffffffffffffa8dd9f4dc5b5
2540,38.214804867,9.099477,30,v6,88000000ffffffffffffa8dd9f4dc5b5
2541,38.223454807,8.649940,30,v6,88000000ffffffffffffa8dd9f4dc5b5
2542,38.230145556,6.690749,30,v6,88000000ffffffffffffa8dd9f4dc5b5
2543,38.239338985,9.193429,30,v6,88000000ffffffffffffa8dd9f4dc5b5
2544,38.246566653,7.227668,30,v6,88000000ffffffffffffa8dd9f4dc5b5
2545,38.255444607,8.877954,30,v6,88000000ffffffffffffa8dd9f4dc5b5
2546,38.263718904,8.274297,30,v6,88000000ffffffffffffa8dd9f4dc5b5
2547,38.271677104,7.958200,30,v6,88000000ffffffffffffa8dd9f4dc5b5
2548,38.280072145,8.395041,30,v6,88000000ffffffffffffa8dd9f4dc5b5
2549,38.288406539,8.334394,30,v6,88000000ffffffffffffa8dd9f4dc5b5
2550,38.297392703,8.986164,30,v6,88000000ffffffffffffa8dd9f4dc5b5
2551,38.305489730,8.097027,30,v6,88000000ffffffffffffa8dd9f4dc5b5
2552,38.313645760,8.156030,30,v6,88000000ffffffffffffa8dd9f4dc5b5
2553,38.321609390,7.963630,30,v6,88000000ffffffffffffa8dd9f4dc5b5
2554,38.329775809,8.166419,30,v6,88000000ffffffffffffa8dd9f4dc5b5
2555,38.337844991,8.069182,30,v6,88000000ffffffffffffa8dd9f4dc5b5
2556,38.346013450,8.168459,30,v6,88000000ffffffffffffa8dd9f4dc5b5
2557,38.354045418,8.031968,30,v6,88000000ffffffffffffa8dd9f4dc5b5
2558,38.362204519,8.159101,30,v6,88000000ffffffffffffa8dd9f4dc5b5
2559,38.370250232,8.045713,30,v6,88000000ffffffffffffa8dd9f4dc5b5
2560,38.378354598,8.104366,30,v6,88000000ffffffffffffa8dd9f4dc5b5
2561,38.386486425,8.131827,30,v6,88000000ffffffffffffa8dd9f4dc5b5
2562,38.396819275,10.332850,30,v6,88000000ffffffffffffa8dd9f4dc5b5
2563,38.403780191,6.960916,30,v6,88000000ffffffffffffa8dd9f4dc5b5
2564,38.412046239,8.266048,30,v6,88000000ffffffffffffa8dd9f4dc5b5
2565,38.420008588,7.962349,30,v6,88000000ffffffffffffa8dd9f4dc5b5
2566,38.429154397,9.145809,30,v6,88000000ffffffffffffa8dd9f4dc5b5
2567,38.437358310,8.203913,30,v6,88000000ffffffffffffa8dd9f4dc5b5
2568,38.445489984,8.131674,30,v6,88000000ffffffffffffa8dd9f4dc5b5
2569,38.453594144,8.104160,30,v6,88000000ffffffffffffa8dd9f4dc5b5
2570,38.461962354,8.368210,30,v6,88000000ffffffffffffa8dd9f4dc5b5
2571,38.469786417,7.824063,30,v6,88000000ffffffffffffa8dd9f4dc5b5
2572,38.478095705,8.309288,30,v6,88000000ffffffffffffa8dd9f4dc5b5
2573,38.486022535,7.926830,30,v6,88000000ffffffffffffa8dd9f4dc5b5
2574,38.494236085,8.213550,30,v6,88000000ffffffffffffa8dd9f4dc5b5
2575,38.502401895,8.165810,30,v6,88000000ffffffffffffa8dd9f4dc5b5
2576,38.512693307,10.291412,30,v6,88000000ffffffffffffa8dd9f4dc5b5
2577,38.520882506,8.189199,30,v6,88000000ffffffffffffa8dd9f4dc5b5
2578,38.529000176,8.117670,30,v6,88000000ffffffffffffa8dd9f4dc5b5
2579,38.537068323,8.068147,30,v6,88000000ffffffffffffa8dd9f4dc5b5
2580,38.544264413,7.196090,30,v6,88000000ffffffffffffa8dd9f4dc5b5
2581,38.553050207,8.785794,30,v6,88000000ffffffffffffa8dd9f4dc5b5
2582,38.561434868,8.384661,30,v6,88000000ffffffffffffa8dd9f4dc5b5
2583,38.569711545,8.276677,30,v6,88000000ffffffffffffa8dd9f4dc5b5
2584,38.577641486,7.929941,30,v6,88000000ffffffffffffa8dd9f4dc5b5
2585,38.585781915,8.140429,30,v6,88000000ffffffffffffa8dd9f4dc5b5
2586,38.593932750,8.150835,30,v6,88000000ffffffffffffa8dd9f4dc5b5
2587,38.602118154,8.185404,30,v6,88000000ffffffffffffa8dd9f4dc5b5
2588,38.610260377,8.142223,30,v6,88000000ffffffffffffa8dd9f4dc5b5
2589,38.618227088,7.966711,30,v6,88000000ffffffffffffa8dd9f4dc5b5
2590,38.626391177,8.164089,30,v6,88000000ffffffffffffa8dd9f4dc5b5
2591,38.635608836,9.217659,30,v6,88000000ffffffffffffa8dd9f4dc5b5
2592,38.643627667,8.018831,30,v6,88000000ffffffffffffa8dd9f4dc5b5
2593,38.652868677,9.241010,30,v6,88000000ffffffffffffa8dd9f4dc5b5
2594,38.660932300,8.063623,30,v6,88000000ffffffffffffa8dd9f4dc5b5
2595,38.669233835,8.301535,30,v6,88000000ffffffffffffa8dd9f4dc5b5
2596,38.677203535,7.969700,30,v6,88000000ffffffffffffa8dd9f4dc5b5
2597,38.686311633,9.108098,30,v6,88000000ffffffffffffa8dd9f4dc5b5
2598,38.693444748,7.133115,30,v6,88000000ffffffffffffa8dd9f4dc5b5
2599,38.701487196,8.042448,30,v6,88000000ffffffffffffa8dd9f4dc5b5
2600,38.710654822,9.167626,30,v6,88000000ffffffffffffa8dd9f4dc5b5
2601,38.718888760,8.233938,30,v6,88000000ffffffffffffa8dd9f4dc5b5
2602,39.049131988,330.243228,30,v6,88000000ffffffffffffa8dd9f4dc5b5
2603,39.057263821,8.131833,30,v6,88000000ffffffffffffa8dd9f4dc5b5
2604,39.065389607,8.125786,30,v6,88000000ffffffffffffa8dd9f4dc5b5
2605,39.073569235,8.179628,30,v6,88000000ffffffffffffa8dd9f4dc5b5
2606,39.081652721,8.083486,30,v6,88000000ffffffffffffa8dd9f4dc5b5
2607,39.089584216,7.931495,30,v6,88000000ffffffffffffa8dd9f4dc5b5
2608,39.098831623,9.247407,30,v6,88000000ffffffffffffa8dd9f4dc5b5
2609,39.106909344,8.077721,30,v6,88000000ffffffffffffa8dd9f4dc5b5
2610,39.115029069,8.119725,30,v6,88000000ffffffffffffa8dd9f4dc5b5
2611,39.123134429,8.105360,30,v6,88000000ffffffffffffa8dd9f4dc5b5
2612,39.131390682,8.256253,30,v6,88000000ffffffffffffa8dd9f4dc5b5
2613,39.139459526,8.068844,30,v6,88000000ffffffffffffa8dd9f4dc5b5
2614,39.147904242,8.444716,30,v6,88000000ffffffffffffa8dd9f4dc5b5
2615,39.155686516,7.782274,99,v6,1c000000aadd9f4dc5b568f5ff010000
2616,39.156935584,1.249068,30,v6,88000000ffffffffffffa8dd9f4dc5b5
2617,39.165054737,8.119153,30,v6,88000000ffffffffffffa8dd9f4dc5b5
2618,39.173143167,8.088430,30,v6,88000000ffffffffffffa8dd9f4dc5b5
2619,39.181064681,7.921514,30,v6,88000000ffffffffffffa8dd9f4dc5b5
2620,39.189253184,8.188503,30,v6,88000000ffffffffffffa8dd9f4dc5b5
2621,39.197379293,8.126109,30,v6,88000000ffffffffffffa8dd9f4dc5b5
2622,39.205569274,8.189981,30,v6,88000000ffffffffffffa8dd9f4dc5b5
2623,39.213754712,8.185438,30,v6,88000000ffffffffffffa8dd9f4dc5b5
2624,39.220694898,6.940186,30,v6,88000000ffffffffffffa8dd9f4dc5b5
2625,39.231135164,10.440266,30,v6,88000000ffffffffffffa8dd9f4dc5b5
2626,39.239053943,7.918779,30,v6,88000000ffffffffffffa8dd9f4dc5b5
2627,39.247257345,8.203402,30,v6,88000000ffffffffffffa8dd9f4dc5b5
2628,39.254343187,7.085842,30,v6,88000000ffffffffffffa8dd9f4dc5b5
2629,39.262436555,8.093368,30,v6,88000000ffffffffffffa8dd9f4dc5b5
2630,39.270566762,8.130207,30,v6,88000000ffffffffffffa8dd9f4dc5b5
2631,39.279742340,9.175578,30,v6,88000000ffffffffffffa8dd9f4dc5b5
2632,39.287689464,7.947124,30,v6,88000000ffffffffffffa8dd9f4dc5b5
2633,39.295121914,7.432450,30,v6,88000000ffffffffffffa8dd9f4dc5b5
2634,39.303392380,8.270466,30,v6,88000000ffffffffffffa8dd9f4dc5b5
2635,39.311085461,7.693081,30,v6,88000000ffffffffffffa8dd9f4dc5b5
2636,39.319311733,8.226272,30,v6,88000000ffffffffffffa8dd9f4dc5b5
2637,39.327315432,8.003699,30,v6,88000000ffffffffffffa8dd9f4dc5b5
2638,39.336602368,9.286936,30,v6,88000000ffffffffffffa8dd9f4dc5b5
2639,39.344710499,8.108131,30,v6,88000000ffffffffffffa8dd9f4dc5b5
2640,39.352860604,8.150105,30,v6,88000000ffffffffffffa8dd9f4dc5b5
2641,39.360937645,8.077041,30,v6,88000000ffffffffffffa8dd9f4dc5b5
2642,39.369029886,8.092241,30,v6,88000000ffffffffffffa8dd9f4dc5b5
2643,39.376945163,7.915277,30,v6,88000000ffffffffffffa8dd9f4dc5b5
2644,39.385379856,8.434693,30,v6,88000000ffffffffffffa8dd9f4dc5b5
2645,39.393543211,8.163355,30,v6,88000000ffffffffffffa8dd9f4dc5b5
2646,39.401535611,7.992400,30,v6,88000000ffffffffffffa8dd9f4dc5b5
2647,39.409815665,8.280054,30,v6,88000000ffffffffffffa8dd9f4dc5b5
2648,39.418159976,8.344311,30,v6,88000000ffffffffffffa8dd9f4dc5b5
2649,39.425215693,7.055717,30,v6,88000000ffffffffffffa8dd9f4dc5b5
2650,39.432996184,7.780491,30,v6,88000000ffffffffffffa8dd9f4dc5b5
2651,39.442255856,9.259672,30,v6,88000000ffffffffffffa8dd9f4dc5b5
2652,39.450359063,8.103207,30,v6,88000000ffffffffffffa8dd9f4dc5b5
2653,39.459522194,9.163131,30,v6,88000000ffffffffffffa8dd9f4dc5b5
2654,39.467660185,8.137991,30,v6,88000000ffffffffffffa8dd9f4dc5b5
2655,39.474929828,7.269643,30,v6,88000000ffffffffffffa8dd9f4dc5b5
2656,39.483945051,9.015223,30,v6,88000000ffffffffffffa8dd9f4dc5b5
2657,39.492244552,8.299501,30,v6,88000000ffffffffffffa8dd9f4dc5b5
2658,39.500160385,7.915833,30,v6,88000000ffffffffffffa8dd9f4dc5b5
2659,39.507200647,7.040262,30,v6,88000000ffffffffffffa8dd9f4dc5b5
2660,39.516369654,9.169007,30,v6,88000000ffffffffffffa8dd9f4dc5b5
2661,39.523810832,7.441178,30,v6,88000000ffffffffffffa8dd9f4dc5b5
2662,39.531722482,7.911650,30,v6,88000000ffffffffffffa8dd9f4dc5b5
2663,39.540131006,8.408524,30,v6,88000000ffffffffffffa8dd9f4dc5b5
2664,39.547932733,7.801727,30,v6,88000000ffffffffffffa8dd9f4dc5b5
2665,39.555894199,7.961466,30,v6,88000000ffffffffffffa8dd9f4dc5b5
2666,39.564131878,8.237679,30,v6,88000000ffffffffffffa8dd9f4dc5b5
2667,39.573241702,9.109824,30,v6,88000000ffffffffffffa8dd9f4dc5b5
2668,39.581324431,8.082729,30,v6,88000000ffffffffffffa8dd9f4dc5b5
2669,39.589602999,8.278568,30,v6,88000000ffffffffffffa8dd9f4dc5b5
2670,39.597756305,8.153306,30,v6,88000000ffffffffffffa8dd9f4dc5b5
2671,39.605870361,8.114056,30,v6,88000000ffffffffffffa8dd9f4dc5b5
2672,39.614042715,8.172354,30,v6,88000000ffffffffffffa8dd9f4dc5b5
2673,39.622014547,7.971832,30,v6,88000000ffffffffffffa8dd9f4dc5b5
2674,39.630153110,8.138563,30,v6,88000000ffffffffffffa8dd9f4dc5b5
2675,39.638244767,8.091657,30,v6,88000000ffffffffffffa8dd9f4dc5b5
2676,39.646500480,8.255713,30,v6,88000000ffffffffffffa8dd9f4dc5b5
2677,39.654570339,8.069859,30,v6,88000000ffffffffffffa8dd9f4dc5b5
2678,39.661787192,7.216853,30,v6,88000000ffffffffffffa8dd9f4dc5b5
2679,39.670875747,9.088555,30,v6,88000000ffffffffffffa8dd9f4dc5b5
2680,39.679052938,8.177191,30,v6,88000000ffffffffffffa8dd9f4dc5b5
2681,39.687157577,8.104639,30,v6,88000000ffffffffffffa8dd9f4dc5b5
2682,39.695314403,8.156826,30,v6,88000000ffffffffffffa8dd9f4dc5b5
2683,39.703380530,8.066127,30,v6,88000000ffffffffffffa8dd9f4dc5b5
2684,39.711440274,8.059744,30,v6,88000000ffffffffffffa8dd9f4dc5b5
2685,39.719502176,8.061902,30,v6,88000000ffffffffffffa8dd9f4dc5b5
2686,39.727926715,8.424539,30,v6,88000000ffffffffffffa8dd9f4dc5b5
2687,39.735910111,7.983396,30,v6,88000000ffffffffffffa8dd9f4dc5b5
2688,39.744079571,8.169460,30,v6,88000000ffffffffffffa8dd9f4dc5b5
2689,39.752128647,8.049076,30,v6,88000000ffffffffffffa8dd9f4dc5b5
2690,39.760307635,8.178988,30,v6,88000000ffffffffffffa8dd9f4dc5b5
2691,39.768371085,8.063450,30,v6,88000000ffffffffffffa8dd9f4dc5b5
2692,39.776567810,8.196725,30,v6,88000000ffffffffffffa8dd9f4dc5b5
2693,39.784611717,8.043907,30,v6,88000000ffffffffffffa8dd9f4dc5b5
2694,39.792745399,8.133682,30,v6,88000000ffffffffffffa8dd9f4dc5b5
2695,39.802008004,9.262605,30,v6,88000000ffffffffffffa8dd9f4dc5b5
2696,39.810030607,8.022603,30,v6,88000000ffffffffffffa8dd9f4dc5b5
2697,39.818226886,8.196279,30,v6,88000000ffffffffffffa8dd9f4dc5b5
2698,39.826277773,8.050887,30,v6,88000000ffffffffffffa8dd9f4dc5b5
2699,39.833351841,7.074068,30,v6,88000000ffffffffffffa8dd9f4dc5b5
2700,39.842590399,9.238558,30,v6,88000000ffffffffffffa8dd9f4dc5b5
2701,39.849714132,7.123733,30,v6,88000000ffffffffffffa8dd9f4dc5b5
2702,39.859152953,9.438821,30,v6,88000000ffffffffffffa8dd9f4dc5b5
2703,40.188177176,329.024223,30,v6,88000000ffffffffffffa8dd9f4dc5b5
2704,40.196372192,8.195016,30,v6,88000000ffffffffffffa8dd9f4dc5b5
2705,40.204164542,7.792350,30,v6,88000000ffffffffffffa8dd9f4dc5b5
2706,40.212463649,8.299107,30,v6,88000000ffffffffffffa8dd9f4dc5b5
2707,40.219737537,7.273888,30,v6,88000000ffffffffffffa8dd9f4dc5b5
2708,40.227774186,8.036649,30,v6,88000000ffffffffffffa8dd9f4dc5b5
2709,40.236637044,8.862858,30,v6,88000000ffffffffffffa8dd9f4dc5b5
2710,40.244930522,8.293478,30,v6,88000000ffffffffffffa8dd9f4dc5b5
2711,40.253128250,8.197728,30,v6,88000000ffffffffffffa8dd9f4dc5b5
2712,40.261097306,7.969056,30,v6,88000000ffffffffffffa8dd9f4dc5b5
2713,40.269591847,8.494541,30,v6,88000000ffffffffffffa8dd9f4dc5b5
2714,40.277354789,7.762942,30,v6,88000000ffffffffffffa8dd9f4dc5b5
2715,40.285487827,8.133038,30,v6,88000000ffffffffffffa8dd9f4dc5b5
2716,40.295263539,9.775712,30,v6,88000000ffffffffffffa8dd9f4dc5b5
2717,40.300800071,5.536532,30,v6,88000000ffffffffffffa8dd9f4dc5b5
2718,40.309038323,8.238252,30,v6,88000000ffffffffffffa8dd9f4dc5b5
2719,40.317567279,8.528956,30,v6,88000000ffffffffffffa8dd9f4dc5b5
2720,40.325219142,7.651863,30,v6,88000000ffffffffffffa8dd9f4dc5b5
2721,40.332250299,7.031157,30,v6,88000000ffffffffffffa8dd9f4dc5b5
2722,40.341382014,9.131715,30,v6,88000000ffffffffffffa8dd9f4dc5b5
2723,40.350599566,9.217552,30,v6,88000000ffffffffffffa8dd9f4dc5b5
2724,40.357817136,7.217570,30,v6,88000000ffffffffffffa8dd9f4dc5b5
2725,40.365913060,8.095924,30,v6,88000000ffffffffffffa8dd9f4dc5b5
2726,40.374057992,8.144932,30,v6,88000000ffffffffffffa8dd9f4dc5b5
2727,40.382176369,8.118377,30,v6,88000000ffffffffffffa8dd9f4dc5b5
2728,40.390263978,8.087609,30,v6,88000000ffffffffffffa8dd9f4dc5b5
2729,40.397496785,7.232807,30,v6,88000000ffffffffffffa8dd9f4dc5b5
2730,40.406498509,9.001724,30,v6,88000000ffffffffffffa8dd9f4dc5b5
2731,40.413459090,6.960581,30,v6,88000000ffffffffffffa8dd9f4dc5b5
2732,40.421744299,8.285209,30,v6,88000000ffffffffffffa8dd9f4dc5b5
2733,40.429828839,8.084540,30,v6,88000000ffffffffffffa8dd9f4dc5b5
2734,40.437901485,8.072646,30,v6,88000000ffffffffffffa8dd9f4dc5b5
2735,40.446010811,8.109326,30,v6,88000000ffffffffffffa8dd9f4dc5b5
2736,40.453389513,7.378702,30,v6,88000000ffffffffffffa8dd9f4dc5b5
2737,40.462233746,8.844233,30,v6,88000000ffffffffffffa8dd9f4dc5b5
2738,40.470498072,8.264326,30,v6,88000000ffffffffffffa8dd9f4dc5b5
2739,40.478585359,8.087287,30,v6,88000000ffffffffffffa8dd9f4dc5b5
2740,40.486768089,8.182730,30,v6,88000000ffffffffffffa8dd9f4dc5b5
2741,40.494967127,8.199038,30,v6,88000000ffffffffffffa8dd9f4dc5b5
2742,40.502930401,7.963274,30,v6,88000000ffffffffffffa8dd9f4dc5b5
2743,40.511102345,8.171944,30,v6,88000000ffffffffffffa8dd9f4dc5b5
2744,40.519208706,8.106361,30,v6,88000000ffffffffffffa8dd9f4dc5b5
2745,40.526431530,7.222824,30,v6,88000000ffffffffffffa8dd9f4dc5b5
2746,40.535420684,8.989154,30,v6,88000000ffffffffffffa8dd9f4dc5b5
2747,40.542522227,7.101543,30,v6,88000000ffffffffffffa8dd9f4dc5b5
2748,40.550816730,8.294503,30,v6,88000000ffffffffffffa8dd9f4dc5b5
2749,40.558853117,8.036387,30,v6,88000000ffffffffffffa8dd9f4dc5b5
2750,40.566946667,8.093550,30,v6,88000000ffffffffffffa8dd9f4dc5b5
2751,40.575250036,8.303369,30,v6,88000000ffffffffffffa8dd9f4dc5b5
2752,40.584146718,8.896682,30,v6,88000000ffffffffffffa8dd9f4dc5b5
2753,40.592314946,8.168228,30,v6,88000000ffffffffffffa8dd9f4dc5b5
2754,40.599545923,7.230977,30,v6,88000000ffffffffffffa8dd9f4dc5b5
2755,40.607806149,8.260226,30,v6,88000000ffffffffffffa8dd9f4dc5b5
2756,40.615581631,7.775482,30,v6,88000000ffffffffffffa8dd9f4dc5b5
2757,40.624111029,8.529398,30,v6,88000000ffffffffffffa8dd9f4dc5b5
2758,40.631963423,7.852394,30,v6,88000000ffffffffffffa8dd9f4dc5b5
2759,40.639213378,7.249955,30,v6,88000000ffffffffffffa8dd9f4dc5b5
2760,40.648185383,8.972005,30,v6,88000000ffffffffffffa8dd9f4dc5b5
2761,40.655326955,7.141572,30,v6,88000000ffffffffffffa8dd9f4dc5b5
2762,40.663391232,8.064277,30,v6,88000000ffffffffffffa8dd9f4dc5b5
2763,40.671765998,8.374766,30,v6,88000000ffffffffffffa8dd9f4dc5b5
2764,40.679555217,7.789219,30,v6,88000000ffffffffffffa8dd9f4dc5b5
2765,40.687864364,8.309147,30,v6,88000000ffffffffffffa8dd9f4dc5b5
2766,40.695953259,8.088895,30,v6,88000000ffffffffffffa8dd9f4dc5b5
2767,40.704289866,8.336607,30,v6,88000000ffffffffffffa8dd9f4dc5b5
2768,40.713301438,9.011572,30,v6,88000000ffffffffffffa8dd9f4dc5b5
2769,40.720401610,7.100172,30,v6,88000000ffffffffffffa8dd9f4dc5b5
2770,40.728525494,8.123884,30,v6,88000000ffffffffffffa8dd9f4dc5b5
2771,40.736505618,7.980124,30,v6,88000000ffffffffffffa8dd9f4dc5b5
2772,40.744703290,8.197672,30,v6,88000000ffffffffffffa8dd9f4dc5b5
2773,40.752730116,8.026826,30,v6,88000000ffffffffffffa8dd9f4dc5b5
2774,40.761145873,8.415757,30,v6,88000000ffffffffffffa8dd9f4dc5b5
2775,40.768923332,7.777459,30,v6,88000000ffffffffffffa8dd9f4dc5b5
2776,40.776070400,7.147068,30,v6,88000000ffffffffffffa8dd9f4dc5b5
2777,40.784257103,8.186703,30,v6,88000000ffffffffffffa8dd9f4dc5b5
2778,40.793755707,9.498604,30,v6,88000000ffffffffffffa8dd9f4dc5b5
2779,40.800887192,7.131485,30,v6,88000000ffffffffffffa8dd9f4dc5b5
2780,40.808945301,8.058109,30,v6,88000000ffffffffffffa8dd9f4dc5b5
2781,40.817319938,8.374637,30,v6,88000000ffffffffffffa8dd9f4dc5b5
2782,40.825131006,7.811068,30,v6,88000000ffffffffffffa8dd9f4dc5b5
2783,40.833186562,8.055556,30,v6,88000000ffffffffffffa8dd9f4dc5b5
2784,40.840412900,7.226338,30,v6,88000000ffffffffffffa8dd9f4dc5b5
2785,40.849864673,9.451773,30,v6,88000000ffffffffffffa8dd9f4dc5b5
2786,40.857770512,7.905839,30,v6,88000000ffffffffffffa8dd9f4dc5b5
2787,40.866929302,9.158790,30,v6,88000000ffffffffffffa8dd9f4dc5b5
2788,40.873759670,6.830368,30,v6,88000000ffffffffffffa8dd9f4dc5b5
2789,40.882239422,8.479752,30,v6,88000000ffffffffffffa8dd9f4dc5b5
2790,40.890189440,7.950018,30,v6,88000000ffffffffffffa8dd9f4dc5b5
2791,40.898004022,7.814582,30,v6,88000000ffffffffffffa8dd9f4dc5b5
2792,40.906319832,8.315810,30,v6,88000000ffffffffffffa8dd9f4dc5b5
2793,40.913527093,7.207261,30,v6,88000000ffffffffffffa8dd9f4dc5b5
2794,40.922549153,9.022060,30,v6,88000000ffffffffffffa8dd9f4dc5b5
2795,40.929802411,7.253258,30,v6,88000000ffffffffffffa8dd9f4dc5b5
2796,40.937950063,8.147652,30,v6,88000000ffffffffffffa8dd9f4dc5b5
2797,40.945877812,7.927749,30,v6,88000000ffffffffffffa8dd9f4dc5b5
2798,40.954095677,8.217865,30,v6,88000000ffffffffffffa8dd9f4dc5b5
2799,40.962220312,8.124635,30,v6,88000000ffffffffffffa8dd9f4dc5b5
2800,40.970263980,8.043668,30,v6,88000000ffffffffffffa8dd9f4dc5b5
2801,40.978560129,8.296149,30,v6,88000000ffffffffffffa8dd9f4dc5b5
2802,40.986826928,8.266799,30,v6,88000000ffffffffffffa8dd9f4dc5b5
2803,41.315674248,328.847320,30,v6,88000000ffffffffffffa8dd9f4dc5b5
2804,41.323892630,8.218382,30,v6,88000000ffffffffffffa8dd9f4dc5b5
2805,41.332164748,8.272118,30,v6,88000000ffffffffffffa8dd9f4dc5b5
2806,41.340060823,7.896075,30,v6,88000000ffffffffffffa8dd9f4dc5b5
2807,41.347132031,7.071208,30,v6,88000000ffffffffffffa8dd9f4dc5b5
2808,41.355196899,8.064868,30,v6,88000000ffffffffffffa8dd9f4dc5b5
2809,41.364656549,9.459650,30,v6,88000000ffffffffffffa8dd9f4dc5b5
2810,41.372850368,8.193819,30,v6,88000000ffffffffffffa8dd9f4dc5b5
2811,41.380996235,8.145867,30,v6,88000000ffffffffffffa8dd9f4dc5b5
2812,41.388856903,7.860668,30,v6,88000000ffffffffffffa8dd9f4dc5b5
2813,41.397017487,8.160584,30,v6,88000000ffffffffffffa8dd9f4dc5b5
2814,41.404091031,7.073544,30,v6,88000000ffffffffffffa8dd9f4dc5b5
2815,41.412180979,8.089948,30,v6,88000000ffffffffffffa8dd9f4dc5b5
2816,41.420381630,8.200651,30,v6,88000000ffffffffffffa8dd9f4dc5b5
2817,41.428542489,8.160859,30,v6,88000000ffffffffffffa8dd9f4dc5b5
2818,41.435601684,7.059195,30,v6,88000000ffffffffffffa8dd9f4dc5b5
2819,41.443870144,8.268460,30,v6,88000000ffffffffffffa8dd9f4dc5b5
2820,41.450819332,6.949188,30,v6,88000000ffffffffffffa8dd9f4dc5b5
2821,41.460192650,9.373318,30,v6,88000000ffffffffffffa8dd9f4dc5b5
2822,41.467129610,6.936960,30,v6,88000000ffffffffffffa8dd9f4dc5b5
2823,41.475120320,7.990710,30,v6,88000000ffffffffffffa8dd9f4dc5b5
2824,41.483507590,8.387270,30,v6,88000000ffffffffffffa8dd9f4dc5b5
2825,41.491592007,8.084417,30,v6,88000000ffffffffffffa8dd9f4dc5b5
2826,41.498886672,7.294665,30,v6,88000000ffffffffffffa8dd9f4dc5b5
2827,41.506720256,7.833584,30,v6,88000000ffffffffffffa8dd9f4dc5b5
2828,41.515066933,8.346677,30,v6,88000000ffffffffffffa8dd9f4dc5b5
2829,41.523980715,8.913782,30,v6,88000000ffffffffffffa8dd9f4dc5b5
2830,41.532215508,8.234793,30,v6,88000000ffffffffffffa8dd9f4dc5b5
2831,41.540157088,7.941580,30,v6,88000000ffffffffffffa8dd9f4dc5b5
2832,41.547486671,7.329583,30,v6,88000000ffffffffffffa8dd9f4dc5b5
2833,41.555548890,8.062219,30,v6,88000000ffffffffffffa8dd9f4dc5b5
2834,41.563648547,8.099657,30,v6,88000000ffffffffffffa8dd9f4dc5b5
2835,41.571720131,8.071584,30,v6,88000000ffffffffffffa8dd9f4dc5b5
2836,41.579159274,7.439143,30,v6,88000000ffffffffffffa8dd9f4dc5b5
2837,41.586941779,7.782505,30,v6,88000000ffffffffffffa8dd9f4dc5b5
2838,41.595108819,8.167040,30,v6,88000000ffffffffffffa8dd9f4dc5b5
2839,41.603288083,8.179264,30,v6,88000000ffffffffffffa8dd9f4dc5b5
2840,41.610387888,7.099805,30,v6,88000000ffffffffffffa8dd9f4dc5b5
2841,41.618555391,8.167503,30,v6,88000000ffffffffffffa8dd9f4dc5b5
2842,41.626890975,8.335584,30,v6,88000000ffffffffffffa8dd9f4dc5b5
2843,41.633865465,6.974490,30,v6,88000000ffffffffffffa8dd9f4dc5b5
2844,41.642903946,9.038481,30,v6,88000000ffffffffffffa8dd9f4dc5b5
2845,41.650210189,7.306243,30,v6,88000000ffffffffffffa8dd9f4dc5b5
2846,41.658140666,7.930477,30,v6,88000000ffffffffffffa8dd9f4dc5b5
2847,41.666219030,8.078364,30,v6,88000000ffffffffffffa8dd9f4dc5b5
2848,41.674411061,8.192031,30,v6,88000000ffffffffffffa8dd9f4dc5b5
2849,41.681559696,7.148635,30,v6,88000000ffffffffffffa8dd9f4dc5b5
2850,41.690734202,9.174506,30,v6,88000000ffffffffffffa8dd9f4dc5b5
2851,41.698675631,7.941429,30,v6,88000000ffffffffffffa8dd9f4dc5b5
2852,41.706892627,8.216996,30,v6,88000000ffffffffffffa8dd9f4dc5b5
2853,41.714288350,7.395723,30,v6,88000000ffffffffffffa8dd9f4dc5b5
2854,41.723071379,8.783029,30,v6,88000000ffffffffffffa8dd9f4dc5b5
2855,41.730301330,7.229951,30,v6,88000000ffffffffffffa8dd9f4dc5b5
2856,41.738199075,7.897745,30,v6,88000000ffffffffffffa8dd9f4dc5b5
2857,41.745423579,7.224504,30,v6,88000000ffffffffffffa8dd9f4dc5b5
2858,41.753796186,8.372607,30,v6,88000000ffffffffffffa8dd9f4dc5b5
2859,41.763188686,9.392500,30,v6,88000000ffffffffffffa8dd9f4dc5b5
2860,41.771068128,7.879442,30,v6,88000000ffffffffffffa8dd9f4dc5b5
2861,41.778079989,7.011861,30,v6,88000000ffffffffffffa8dd9f4dc5b5
2862,41.786148911,8.068922,30,v6,88000000ffffffffffffa8dd9f4dc5b5
2863,41.794302605,8.153694,30,v6,88000000ffffffffffffa8dd9f4dc5b5
2864,41.802432593,8.129988,30,v6,88000000ffffffffffffa8dd9f4dc5b5
2865,41.809636768,7.204175,30,v6,88000000ffffffffffffa8dd9f4dc5b5
2866,41.817532176,7.895408,30,v6,88000000ffffffffffffa8dd9f4dc5b5
2867,41.827056986,9.524810,30,v6,88000000ffffffffffffa8dd9f4dc5b5
2868,41.834984441,7.927455,30,v6,88000000ffffffffffffa8dd9f4dc5b5
2869,41.843002136,8.017695,30,v6,88000000ffffffffffffa8dd9f4dc5b5
2870,41.850152245,7.150109,30,v6,88000000ffffffffffffa8dd9f4dc5b5
2871,41.858196195,8.043950,30,v6,88000000ffffffffffffa8dd9f4dc5b5
2872,41.866404686,8.208491,30,v6,88000000ffffffffffffa8dd9f4dc5b5
2873,41.874511291,8.106605,30,v6,88000000ffffffffffffa8dd9f4dc5b5
2874,41.881640359,7.129068,30,v6,88000000ffffffffffffa8dd9f4dc5b5
2875,41.889790398,8.150039,30,v6,88000000ffffffffffffa8dd9f4dc5b5
2876,41.897971364,8.180966,30,v6,88000000ffffffffffffa8dd9f4dc5b5
2877,41.906076801,8.105437,30,v6,88000000ffffffffffffa8dd9f4dc5b5
2878,41.913030638,6.953837,30,v6,88000000ffffffffffffa8dd9f4dc5b5
2879,41.921265083,8.234445,30,v6,88000000ffffffffffffa8dd9f4dc5b5
2880,41.929363344,8.098261,30,v6,88000000ffffffffffffa8dd9f4dc5b5
2881,41.936463321,7.099977,30,v6,88000000ffffffffffffa8dd9f4dc5b5
2882,41.945686202,9.222881,30,v6,88000000ffffffffffffa8dd9f4dc5b5
2883,41.953940752,8.254550,30,v6,88000000ffffffffffffa8dd9f4dc5b5
2884,41.962038733,8.097981,30,v6,88000000ffffffffffffa8dd9f4dc5b5
2885,41.970356308,8.317575,30,v6,88000000ffffffffffffa8dd9f4dc5b5
2886,41.978091789,7.735481,30,v6,88000000ffffffffffffa8dd9f4dc5b5
2887,41.985286230,7.194441,30,v6,88000000ffffffffffffa8dd9f4dc5b5
2888,41.993472016,8.185786,30,v6,88000000ffffffffffffa8dd9f4dc5b5
2889,42.001384922,7.912906,30,v6,88000000ffffffffffffa8dd9f4dc5b5
2890,42.009669916,8.284994,30,v6,88000000ffffffffffffa8dd9f4dc5b5
2891,42.016919686,7.249770,30,v6,88000000ffffffffffffa8dd9f4dc5b5
2892,42.024942095,8.022409,30,v6,88000000ffffffffffffa8dd9f4dc5b5
2893,42.033323052,8.380957,30,v6,88000000ffffffffffffa8dd9f4dc5b5
2894,42.041248908,7.925856,30,v6,88000000ffffffffffffa8dd9f4dc5b5
2895,42.048162298,6.913390,30,v6,88000000ffffffffffffa8dd9f4dc5b5
2896,42.056488507,8.326209,30,v6,88000000ffffffffffffa8dd9f4dc5b5
2897,42.065712801,9.224294,30,v6,88000000ffffffffffffa8dd9f4dc5b5
2898,42.073645319,7.932518,30,v6,88000000ffffffffffffa8dd9f4dc5b5
2899,42.080746486,7.101167,30,v6,88000000ffffffffffffa8dd9f4dc5b5
2900,42.088963652,8.217166,30,v6,88000000ffffffffffffa8dd9f4dc5b5
2901,42.096972873,8.009221,30,v6,88000000ffffffffffffa8dd9f4dc5b5
2902,42.104167948,7.195075,30,v6,88000000ffffffffffffa8dd9f4dc5b5
2903,42.433366483,329.198535,30,v6,88000000ffffffffffffa8dd9f4dc5b5
2904,42.441561460,8.194977,30,v6,88000000ffffffffffffa8dd9f4dc5b5
2905,42.449487449,7.925989,30,v6,88000000ffffffffffffa8dd9f4dc5b5
2906,42.457770295,8.282846,30,v6,88000000ffffffffffffa8dd9f4dc5b5
2907,42.464953664,7.183369,30,v6,88000000ffffffffffffa8dd9f4dc5b5
2908,42.473221985,8.268321,30,v6,88000000ffffffffffffa8dd9f4dc5b5
2909,42.480171129,6.949144,30,v6,88000000ffffffffffffa8dd9f4dc5b5
2910,42.489336702,9.165573,30,v6,88000000ffffffffffffa8dd9f4dc5b5
2911,42.496284949,6.948247,30,v6,88000000ffffffffffffa8dd9f4dc5b5
2912,42.504380508,8.095559,30,v6,88000000ffffffffffffa8dd9f4dc5b5
2913,42.512655682,8.275174,30,v6,88000000ffffffffffffa8dd9f4dc5b5
2914,42.520787663,8.131981,30,v6,88000000ffffffffffffa8dd9f4dc5b5
2915,42.529166523,8.378860,30,v6,88000000ffffffffffffa8dd9f4dc5b5
2916,42.537037659,7.871136,30,v6,88000000ffffffffffffa8dd9f4dc5b5
2917,42.544245576,7.207917,30,v6,88000000ffffffffffffa8dd9f4dc5b5
2918,42.552103104,7.857528,30,v6,88000000ffffffffffffa8dd9f4dc5b5
2919,42.559274496,7.171392,30,v6,88000000ffffffffffffa8dd9f4dc5b5
2920,42.567450195,8.175699,30,v6,88000000ffffffffffffa8dd9f4dc5b5
2921,42.575633595,8.183400,30,v6,88000000ffffffffffffa8dd9f4dc5b5
2922,42.583644037,8.010442,30,v6,88000000ffffffffffffa8dd9f4dc5b5
2923,42.590988404,7.344367,30,v6,88000000ffffffffffffa8dd9f4dc5b5
2924,42.599126078,8.137674,30,v6,88000000ffffffffffffa8dd9f4dc5b5
2925,42.607141943,8.015865,30,v6,88000000ffffffffffffa8dd9f4dc5b5
2926,42.614051586,6.909643,30,v6,88000000ffffffffffffa8dd9f4dc5b5
2927,42.622326910,8.275324,30,v6,88000000ffffffffffffa8dd9f4dc5b5
2928,42.630372852,8.045942,30,v6,88000000ffffffffffffa8dd9f4dc5b5
2929,42.638738915,8.366063,30,v6,88000000ffffffffffffa8dd9f4dc5b5
2930,42.646711242,7.972327,30,v6,88000000ffffffffffffa8dd9f4dc5b5
2931,42.655005254,8.294012,30,v6,88000000ffffffffffffa8dd9f4dc5b5
2932,42.661984908,6.979654,30,v6,88000000ffffffffffffa8dd9f4dc5b5
2933,42.670033062,8.048154,30,v6,88000000ffffffffffffa8dd9f4dc5b5
2934,42.678336872,8.303810,30,v6,88000000ffffffffffffa8dd9f4dc5b5
2935,42.685215864,6.878992,30,v6,88000000ffffffffffffa8dd9f4dc5b5
2936,42.693438229,8.222365,30,v6,88000000ffffffffffffa8dd9f4dc5b5
2937,42.701578064,8.139835,30,v6,88000000ffffffffffffa8dd9f4dc5b5
2938,42.708982477,7.404413,30,v6,88000000ffffffffffffa8dd9f4dc5b5
2939,42.716737753,7.755276,30,v6,88000000ffffffffffffa8dd9f4dc5b5
2940,42.724856205,8.118452,30,v6,88000000ffffffffffffa8dd9f4dc5b5
2941,42.732037756,7.181551,30,v6,88000000ffffffffffffa8dd9f4dc5b5
2942,42.740086116,8.048360,30,v6,88000000ffffffffffffa8dd9f4dc5b5
2943,42.748342964,8.256848,30,v6,88000000ffffffffffffa8dd9f4dc5b5
2944,42.755411259,7.068295,30,v6,88000000ffffffffffffa8dd9f4dc5b5
2945,42.763441415,8.030156,30,v6,88000000ffffffffffffa8dd9f4dc5b5
2946,42.772880916,9.439501,30,v6,88000000ffffffffffffa8dd9f4dc5b5
2947,42.779944716,7.063800,30,v6,88000000ffffffffffffa8dd9f4dc5b5
2948,42.788066067,8.121351,30,v6,88000000ffffffffffffa8dd9f4dc5b5
2949,42.796197870,8.131803,30,v6,88000000ffffffffffffa8dd9f4dc5b5
2950,42.803144625,6.946755,30,v6,88000000ffffffffffffa8dd9f4dc5b5
2951,42.811443044,8.298419,30,v6,88000000ffffffffffffa8dd9f4dc5b5
2952,42.819418682,7.975638,30,v6,88000000ffffffffffffa8dd9f4dc5b5
2953,42.826602805,7.184123,30,v6,88000000ffffffffffffa8dd9f4dc5b5
2954,42.834499809,7.897004,30,v6,88000000ffffffffffffa8dd9f4dc5b5
2955,42.841700720,7.200911,30,v6,88000000ffffffffffffa8dd9f4dc5b5
2956,42.849863935,8.163215,30,v6,88000000ffffffffffffa8dd9f4dc5b5
2957,42.858117172,8.253237,30,v6,88000000ffffffffffffa8dd9f4dc5b5
2958,42.866154636,8.037464,30,v6,88000000ffffffffffffa8dd9f4dc5b5
2959,42.873343989,7.189353,30,v6,88000000ffffffffffffa8dd9f4dc5b5
2960,42.882265876,8.921887,30,v6,88000000ffffffffffffa8dd9f4dc5b5
2961,42.889561280,7.295404,30,v6,88000000ffffffffffffa8dd9f4dc5b5
2962,42.897755333,8.194053,30,v6,88000000ffffffffffffa8dd9f4dc5b5
2963,42.905955868,8.200535,30,v6,88000000ffffffffffffa8dd9f4dc5b5
2964,42.914028669,8.072801,30,v6,88000000ffffffffffffa8dd9f4dc5b5
2965,42.921318572,7.289903,30,v6,88000000ffffffffffffa8dd9f4dc5b5
2966,42.929253146,7.934574,30,v6,88000000ffffffffffffa8dd9f4dc5b5
2967,42.937248382,7.995236,30,v6,88000000ffffffffffffa8dd9f4dc5b5
2968,42.944408529,7.160147,30,v6,88000000ffffffffffffa8dd9f4dc5b5
2969,42.952444570,8.036041,30,v6,88000000ffffffffffffa8dd9f4dc5b5
2970,42.959528115,7.083545,30,v6,88000000ffffffffffffa8dd9f4dc5b5
2971,42.967648479,8.120364,30,v6,88000000ffffffffffffa8dd9f4dc5b5
2972,42.975757792,8.109313,30,v6,88000000ffffffffffffa8dd9f4dc5b5
2973,42.983957298,8.199506,30,v6,88000000ffffffffffffa8dd9f4dc5b5
2974,42.992173368,8.216070,30,v6,88000000ffffffffffffa8dd9f4dc5b5
2975,43.000246374,8.073006,30,v6,88000000ffffffffffffa8dd9f4dc5b5
2976,43.008570401,8.324027,30,v6,88000000ffffffffffffa8dd9f4dc5b5
2977,43.015783704,7.213303,30,v6,88000000ffffffffffffa8dd9f4dc5b5
2978,43.023580988,7.797284,30,v6,88000000ffffffffffffa8dd9f4dc5b5
2979,43.031838873,8.257885,30,v6,88000000ffffffffffffa8dd9f4dc5b5
2980,43.038927939,7.089066,30,v6,88000000ffffffffffffa8dd9f4dc5b5
2981,43.047101974,8.174035,30,v6,88000000ffffffffffffa8dd9f4dc5b5
2982,43.055268269,8.166295,30,v6,88000000ffffffffffffa8dd9f4dc5b5
2983,43.062133506,6.865237,30,v6,88000000ffffffffffffa8dd9f4dc5b5
2984,43.070268503,8.134997,30,v6,88000000ffffffffffffa8dd9f4dc5b5
2985,43.078820577,8.552074,30,v6,88000000ffffffffffffa8dd9f4dc5b5
2986,43.085450798,6.630221,30,v6,88000000ffffffffffffa8dd9f4dc5b5
2987,43.093590801,8.140003,30,v6,88000000ffffffffffffa8dd9f4dc5b5
2988,43.102116522,8.525721,30,v6,88000000ffffffffffffa8dd9f4dc5b5
2989,43.110083717,7.967195,30,v6,88000000ffffffffffffa8dd9f4dc5b5
2990,43.118325121,8.241404,30,v6,88000000ffffffffffffa8dd9f4dc5b5
2991,43.126190091,7.864970,30,v6,88000000ffffffffffffa8dd9f4dc5b5
2992,43.133288626,7.098535,30,v6,88000000ffffffffffffa8dd9f4dc5b5
2993,43.141395552,8.106926,30,v6,88000000ffffffffffffa8dd9f4dc5b5
2994,43.148726990,7.331438,30,v6,88000000ffffffffffffa8dd9f4dc5b5
2995,43.156681767,7.954777,30,v6,88000000ffffffffffffa8dd9f4dc5b5
2996,43.163948511,7.266744,30,v6,88000000ffffffffffffa8dd9f4dc5b5
2997,43.172048854,8.100343,30,v6,88000000ffffffffffffa8dd9f4dc5b5
2998,43.180082475,8.033621,30,v6,88000000ffffffffffffa8dd9f4dc5b5
2999,43.188313158,8.230683,30,v6,88000000ffffffffffffa8dd9f4dc5b5
3000,43.195279700,6.966542,30,v6,88000000ffffffffffffa8dd9f4dc5b5
3001,43.203453298,8.173598,30,v6,88000000ffffffffffffa8dd9f4dc5b5
3002,43.211689708,8.236410,30,v6,88000000ffffffffffffa8dd9f4dc5b5
3003,43.540647558,328.957850,30,v6,88000000ffffffffffffa8dd9f4dc5b5
3004,43.548926890,8.279332,30,v6,88000000ffffffffffffa8dd9f4dc5b5
3005,43.556314031,7.387141,30,v6,88000000ffffffffffffa8dd9f4dc5b5
3006,43.564133014,7.818983,30,v6,88000000ffffffffffffa8dd9f4dc5b5
3007,43.571293113,7.160099,30,v6,88000000ffffffffffffa8dd9f4dc5b5
3008,43.579237528,7.944415,30,v6,88000000ffffffffffffa8dd9f4dc5b5
3009,43.588797774,9.560246,30,v6,88000000ffffffffffffa8dd9f4dc5b5
3010,43.595544087,6.746313,30,v6,88000000ffffffffffffa8dd9f4dc5b5
3011,43.603992430,8.448343,30,v6,88000000ffffffffffffa8dd9f4dc5b5
3012,43.610990959,6.998529,30,v6,88000000ffffffffffffa8dd9f4dc5b5
3013,43.618888792,7.897833,30,v6,88000000ffffffffffffa8dd9f4dc5b5
3014,43.626021828,7.133036,30,v6,88000000ffffffffffffa8dd9f4dc5b5
3015,43.634057009,8.035181,30,v6,88000000ffffffffffffa8dd9f4dc5b5
3016,43.642256838,8.199829,30,v6,88000000ffffffffffffa8dd9f4dc5b5
3017,43.649460765,7.203927,30,v6,88000000ffffffffffffa8dd9f4dc5b5
3018,43.657574047,8.113282,30,v6,88000000ffffffffffffa8dd9f4dc5b5
3019,43.664833293,7.259246,30,v6,88000000ffffffffffffa8dd9f4dc5b5
3020,43.673049503,8.216210,30,v6,88000000ffffffffffffa8dd9f4dc5b5
3021,43.680169919,7.120416,30,v6,88000000ffffffffffffa8dd9f4dc5b5
3022,43.688158230,7.988311,30,v6,88000000ffffffffffffa8dd9f4dc5b5
3023,43.696181697,8.023467,30,v6,88000000ffffffffffffa8dd9f4dc5b5
3024,43.704393947,8.212250,30,v6,88000000ffffffffffffa8dd9f4dc5b5
3025,43.712551431,8.157484,30,v6,88000000ffffffffffffa8dd9f4dc5b5
3026,43.719825216,7.273785,30,v6,88000000ffffffffffffa8dd9f4dc5b5
3027,43.727755703,7.930487,30,v6,88000000ffffffffffffa8dd9f4dc5b5
3028,43.734873840,7.118137,30,v6,88000000ffffffffffffa8dd9f4dc5b5
3029,43.743020643,8.146803,30,v6,88000000ffffffffffffa8dd9f4dc5b5
3030,43.751133891,8.113248,30,v6,88000000ffffffffffffa8dd9f4dc5b5
3031,43.758049478,6.915587,30,v6,88000000ffffffffffffa8dd9f4dc5b5
3032,43.765424756,7.375278,30,v6,88000000ffffffffffffa8dd9f4dc5b5
3033,43.773581051,8.156295,30,v6,88000000ffffffffffffa8dd9f4dc5b5
3034,43.781495198,7.914147,30,v6,88000000ffffffffffffa8dd9f4dc5b5
3035,43.788736149,7.240951,30,v6,88000000ffffffffffffa8dd9f4dc5b5
3036,43.796872626,8.136477,30,v6,88000000ffffffffffffa8dd9f4dc5b5
3037,43.805165778,8.293152,30,v6,88000000ffffffffffffa8dd9f4dc5b5
3038,43.812180186,7.014408,30,v6,88000000ffffffffffffa8dd9f4dc5b5
3039,43.821127042,8.946856,30,v6,88000000ffffffffffffa8dd9f4dc5b5
3040,43.828322268,7.195226,30,v6,88000000ffffffffffffa8dd9f4dc5b5
3041,43.836556161,8.233893,30,v6,88000000ffffffffffffa8dd9f4dc5b5
3042,43.843536053,6.979892,30,v6,88000000ffffffffffffa8dd9f4dc5b5
3043,43.851667163,8.131110,30,v6,88000000ffffffffffffa8dd9f4dc5b5
3044,43.858745355,7.078192,30,v6,88000000ffffffffffffa8dd9f4dc5b5
3045,43.867095991,8.350636,30,v6,88000000ffffffffffffa8dd9f4dc5b5
3046,43.875039893,7.943902,30,v6,88000000ffffffffffffa8dd9f4dc5b5
3047,43.882118315,7.078422,30,v6,88000000ffffffffffffa8dd9f4dc5b5
3048,43.890291247,8.172932,30,v6,88000000ffffffffffffa8dd9f4dc5b5
3049,43.897551176,7.259929,30,v6,88000000ffffffffffffa8dd9f4dc5b5
3050,43.905620559,8.069383,30,v6,88000000ffffffffffffa8dd9f4dc5b5
3051,43.912654734,7.034175,30,v6,88000000ffffffffffffa8dd9f4dc5b5
3052,43.920533152,7.878418,30,v6,88000000ffffffffffffa8dd9f4dc5b5
3053,43.928940113,8.406961,30,v6,88000000ffffffffffffa8dd9f4dc5b5
3054,43.936937060,7.996947,30,v6,88000000ffffffffffffa8dd9f4dc5b5
3055,43.945124433,8.187373,30,v6,88000000ffffffffffffa8dd9f4dc5b5
3056,43.952410336,7.285903,30,v6,88000000ffffffffffffa8dd9f4dc5b5
3057,43.960322890,7.912554,30,v6,88000000ffffffffffffa8dd9f4dc5b5
3058,43.967868931,7.546041,30,v6,88000000ffffffffffffa8dd9f4dc5b5
3059,43.975508368,7.639437,30,v6,88000000ffffffffffffa8dd9f4dc5b5
3060,43.983842199,8.333831,30,v6,88000000ffffffffffffa8dd9f4dc5b5
3061,43.990894372,7.052173,30,v6,88000000ffffffffffffa8dd9f4dc5b5
3062,43.998934325,8.039953,30,v6,88000000ffffffffffffa8dd9f4dc5b5
3063,44.006108564,7.174239,30,v6,88000000ffffffffffffa8dd9f4dc5b5
3064,44.014259621,8.151057,30,v6,88000000ffffffffffffa8dd9f4dc5b5
3065,44.021253638,6.994017,30,v6,88000000ffffffffffffa8dd9f4dc5b5
3066,44.029371652,8.118014,30,v6,88000000ffffffffffffa8dd9f4dc5b5
3067,44.037679022,8.307370,30,v6,88000000ffffffffffffa8dd9f4dc5b5
3068,44.044781648,7.102626,30,v6,88000000ffffffffffffa8dd9f4dc5b5
3069,44.052889237,8.107589,30,v6,88000000ffffffffffffa8dd9f4dc5b5
3070,44.061055275,8.166038,30,v6,88000000ffffffffffffa8dd9f4dc5b5
3071,44.068286944,7.231669,30,v6,88000000ffffffffffffa8dd9f4dc5b5
3072,44.076195765,7.908821,30,v6,88000000ffffffffffffa8dd9f4dc5b5
3073,44.083417656,7.221891,30,v6,88000000ffffffffffffa8dd9f4dc5b5
3074,44.091650132,8.232476,30,v6,88000000ffffffffffffa8dd9f4dc5b5
3075,44.099668400,8.018268,30,v6,88000000ffffffffffffa8dd9f4dc5b5
3076,44.106845520,7.177120,30,v6,88000000ffffffffffffa8dd9f4dc5b5
3077,44.116054266,9.208746,30,v6,88000000ffffffffffffa8dd9f4dc5b5
3078,44.122964573,6.910307,30,v6,88000000ffffffffffffa8dd9f4dc5b5
3079,44.131091377,8.126804,30,v6,88000000ffffffffffffa8dd9f4dc5b5
3080,44.139139428,8.048051,30,v6,88000000ffffffffffffa8dd9f4dc5b5
3081,44.146306317,7.166889,30,v6,88000000ffffffffffffa8dd9f4dc5b5
3082,44.154354622,8.048305,30,v6,88000000ffffffffffffa8dd9f4dc5b5
3083,44.161467381,7.112759,30,v6,88000000ffffffffffffa8dd9f4dc5b5
3084,44.169873627,8.406246,30,v6,88000000ffffffffffffa8dd9f4dc5b5
3085,44.177819567,7.945940,30,v6,88000000ffffffffffffa8dd9f4dc5b5
3086,44.184919769,7.100202,30,v6,88000000ffffffffffffa8dd9f4dc5b5
3087,44.192290617,7.370848,30,v6,88000000ffffffffffffa8dd9f4dc5b5
3088,44.200127630,7.837013,30,v6,88000000ffffffffffffa8dd9f4dc5b5
3089,44.208182606,8.054976,30,v6,88000000ffffffffffffa8dd9f4dc5b5
3090,44.215391972,7.209366,30,v6,88000000ffffffffffffa8dd9f4dc5b5
3091,44.223730400,8.338428,30,v6,88000000ffffffffffffa8dd9f4dc5b5
3092,44.231582100,7.851700,30,v6,88000000ffffffffffffa8dd9f4dc5b5
3093,44.239644300,8.062200,30,v6,88000000ffffffffffffa8dd9f4dc5b5
3094,44.247917396,8.273096,30,v6,88000000ffffffffffffa8dd9f4dc5b5
3095,44.255025748,7.108352,30,v6,88000000ffffffffffffa8dd9f4dc5b5
3096,44.263232984,8.207236,30,v6,88000000ffffffffffffa8dd9f4dc5b5
3097,44.270222597,6.989613,30,v6,88000000ffffffffffffa8dd9f4dc5b5
3098,44.278206981,7.984384,30,v6,88000000ffffffffffffa8dd9f4dc5b5
3099,44.285637925,7.430944,30,v6,88000000ffffffffffffa8dd9f4dc5b5
3100,44.293670816,8.032891,30,v6,88000000ffffffffffffa8dd9f4dc5b5
3101,44.301819845,8.149029,30,v6,88000000ffffffffffffa8dd9f4dc5b5
3102,44.308977211,7.157366,30,v6,88000000ffffffffffffa8dd9f4dc5b5
3103,44.637240392,328.263181,30,v6,88000000ffffffffffffa8dd9f4dc5b5
3104,44.646292665,9.052273,30,v6,88000000ffffffffffffa8dd9f4dc5b5
3105,44.653249013,6.956348,30,v6,88000000ffffffffffffa8dd9f4dc5b5
3106,44.661475696,8.226683,30,v6,88000000ffffffffffffa8dd9f4dc5b5
3107,44.668671349,7.195653,30,v6,88000000ffffffffffffa8dd9f4dc5b5
3108,44.676729128,8.057779,30,v6,88000000ffffffffffffa8dd9f4dc5b5
3109,44.683806332,7.077204,30,v6,88000000ffffffffffffa8dd9f4dc5b5
3110,44.691890111,8.083779,30,v6,88000000ffffffffffffa8dd9f4dc5b5
3111,44.699181999,7.291888,30,v6,88000000ffffffffffffa8dd9f4dc5b5
3112,44.707086662,7.904663,30,v6,88000000ffffffffffffa8dd9f4dc5b5
3113,44.714222467,7.135805,30,v6,88000000ffffffffffffa8dd9f4dc5b5
3114,44.722387623,8.165156,30,v6,88000000ffffffffffffa8dd9f4dc5b5
3115,44.729705109,7.317486,30,v6,88000000ffffffffffffa8dd9f4dc5b5
3116,44.736757614,7.052505,30,v6,88000000ffffffffffffa8dd9f4dc5b5
3117,44.744710263,7.952649,30,v6,88000000ffffffffffffa8dd9f4dc5b5
3118,44.753026579,8.316316,30,v6,88000000ffffffffffffa8dd9f4dc5b5
3119,44.759986054,6.959475,30,v6,88000000ffffffffffffa8dd9f4dc5b5
3120,44.769106336,9.120282,30,v6,88000000ffffffffffffa8dd9f4dc5b5
3121,44.776038823,6.932487,30,v6,88000000ffffffffffffa8dd9f4dc5b5
3122,44.783387280,7.348457,30,v6,88000000ffffffffffffa8dd9f4dc5b5
3123,44.791399258,8.011978,30,v6,88000000ffffffffffffa8dd9f4dc5b5
3124,44.798557306,7.158048,30,v6,88000000ffffffffffffa8dd9f4dc5b5
3125,44.806779038,8.221732,30,v6,88000000ffffffffffffa8dd9f4dc5b5
3126,44.813904159,7.125121,30,v6,88000000ffffffffffffa8dd9f4dc5b5
3127,44.822012288,8.108129,30,v6,88000000ffffffffffffa8dd9f4dc5b5
3128,44.829146663,7.134375,30,v6,88000000ffffffffffffa8dd9f4dc5b5
3129,44.837239247,8.092584,30,v6,88000000ffffffffffffa8dd9f4dc5b5
3130,44.844287588,7.048341,30,v6,88000000ffffffffffffa8dd9f4dc5b5
3131,44.851514031,7.226443,30,v6,88000000ffffffffffffa8dd9f4dc5b5
3132,44.859470005,7.955974,30,v6,88000000ffffffffffffa8dd9f4dc5b5
3133,44.866806623,7.336618,30,v6,88000000ffffffffffffa8dd9f4dc5b5
3134,44.874957214,8.150591,30,v6,88000000ffffffffffffa8dd9f4dc5b5
3135,44.883146476,8.189262,30,v6,88000000ffffffffffffa8dd9f4dc5b5
3136,44.890131456,6.984980,30,v6,88000000ffffffffffffa8dd9f4dc5b5
3137,44.899184900,9.053444,30,v6,88000000ffffffffffffa8dd9f4dc5b5
3138,44.906340252,7.155352,30,v6,88000000ffffffffffffa8dd9f4dc5b5
3139,44.914499176,8.158924,30,v6,88000000ffffffffffffa8dd9f4dc5b5
3140,44.921484140,6.984964,30,v6,88000000ffffffffffffa8dd9f4dc5b5
3141,44.928634945,7.150805,30,v6,88000000ffffffffffffa8dd9f4dc5b5
3142,44.936902169,8.267224,30,v6,88000000ffffffffffffa8dd9f4dc5b5
3143,44.944084384,7.182215,30,v6,88000000ffffffffffffa8dd9f4dc5b5
3144,44.952004286,7.919902,30,v6,88000000ffffffffffffa8dd9f4dc5b5
3145,44.959161496,7.157210,30,v6,88000000ffffffffffffa8dd9f4dc5b5
3146,44.967210730,8.049234,30,v6,88000000ffffffffffffa8dd9f4dc5b5
3147,44.974366366,7.155636,30,v6,88000000ffffffffffffa8dd9f4dc5b5
3148,44.982497169,8.130803,30,v6,88000000ffffffffffffa8dd9f4dc5b5
3149,44.990656665,8.159496,30,v6,88000000ffffffffffffa8dd9f4dc5b5
3150,44.997899877,7.243212,30,v6,88000000ffffffffffffa8dd9f4dc5b5
3151,45.006088133,8.188256,30,v6,88000000ffffffffffffa8dd9f4dc5b5
3152,45.012936028,6.847895,30,v6,88000000ffffffffffffa8dd9f4dc5b5
3153,45.021147414,8.211386,30,v6,88000000ffffffffffffa8dd9f4dc5b5
3154,45.029067062,7.919648,30,v6,88000000ffffffffffffa8dd9f4dc5b5
3155,45.037444597,8.377535,30,v6,88000000ffffffffffffa8dd9f4dc5b5
3156,45.044561339,7.116742,30,v6,88000000ffffffffffffa8dd9f4dc5b5
3157,45.052921357,8.360018,30,v6,88000000ffffffffffffa8dd9f4dc5b5
3158,45.059544473,6.623116,30,v6,88000000ffffffffffffa8dd9f4dc5b5
3159,45.067100004,7.555531,30,v6,88000000ffffffffffffa8dd9f4dc5b5
3160,45.074985755,7.885751,30,v6,88000000ffffffffffffa8dd9f4dc5b5
3161,45.082003668,7.017913,30,v6,88000000ffffffffffffa8dd9f4dc5b5
3162,45.090180280,8.176612,30,v6,88000000ffffffffffffa8dd9f4dc5b5
3163,45.097277749,7.097469,30,v6,88000000ffffffffffffa8dd9f4dc5b5
3164,45.105371091,8.093342,30,v6,88000000ffffffffffffa8dd9f4dc5b5
3165,45.112685828,7.314737,30,v6,88000000ffffffffffffa8dd9f4dc5b5
3166,45.120628833,7.943005,30,v6,88000000ffffffffffffa8dd9f4dc5b5
3167,45.127787335,7.158502,30,v6,88000000ffffffffffffa8dd9f4dc5b5
3168,45.135954726,8.167391,30,v6,88000000ffffffffffffa8dd9f4dc5b5
3169,45.143030303,7.075577,30,v6,88000000ffffffffffffa8dd9f4dc5b5
3170,45.151223453,8.193150,30,v6,88000000ffffffffffffa8dd9f4dc5b5
3171,45.159315623,8.092170,30,v6,88000000ffffffffffffa8dd9f4dc5b5
3172,45.167438039,8.122416,30,v6,88000000ffffffffffffa8dd9f4dc5b5
3173,45.174543929,7.105890,30,v6,88000000ffffffffffffa8dd9f4dc5b5
3174,45.182729826,8.185897,30,v6,88000000ffffffffffffa8dd9f4dc5b5
3175,45.189807887,7.078061,30,v6,88000000ffffffffffffa8dd9f4dc5b5
3176,45.198097397,8.289510,30,v6,88000000ffffffffffffa8dd9f4dc5b5
3177,45.205182812,7.085415,30,v6,88000000ffffffffffffa8dd9f4dc5b5
3178,45.213177728,7.994916,30,v6,88000000ffffffffffffa8dd9f4dc5b5
3179,45.220198416,7.020688,30,v6,88000000ffffffffffffa8dd9f4dc5b5
3180,45.227269414,7.070998,30,v6,88000000ffffffffffffa8dd9f4dc5b5
3181,45.235317925,8.048511,30,v6,88000000ffffffffffffa8dd9f4dc5b5
3182,45.242508715,7.190790,30,v6,88000000ffffffffffffa8dd9f4dc5b5
3183,45.250601276,8.092561,30,v6,88000000ffffffffffffa8dd9f4dc5b5
3184,45.257876117,7.274841,30,v6,88000000ffffffffffffa8dd9f4dc5b5
3185,45.265153169,7.277052,30,v6,88000000ffffffffffffa8dd9f4dc5b5
3186,45.274248931,9.095762,30,v6,88000000ffffffffffffa8dd9f4dc5b5
3187,45.282212198,7.963267,30,v6,88000000ffffffffffffa8dd9f4dc5b5
3188,45.289350094,7.137896,30,v6,88000000ffffffffffffa8dd9f4dc5b5
3189,45.297569162,8.219068,30,v6,88000000ffffffffffffa8dd9f4dc5b5
3190,45.304642687,7.073525,30,v6,88000000ffffffffffffa8dd9f4dc5b5
3191,45.312861223,8.218536,30,v6,88000000ffffffffffffa8dd9f4dc5b5
3192,45.320110427,7.249204,30,v6,88000000ffffffffffffa8dd9f4dc5b5
3193,45.327966982,7.856555,30,v6,88000000ffffffffffffa8dd9f4dc5b5
3194,45.335037574,7.070592,30,v6,88000000ffffffffffffa8dd9f4dc5b5
3195,45.342212967,7.175393,30,v6,88000000ffffffffffffa8dd9f4dc5b5
3196,45.350274121,8.061154,30,v6,88000000ffffffffffffa8dd9f4dc5b5
3197,45.357508179,7.234058,30,v6,88000000ffffffffffffa8dd9f4dc5b5
3198,45.365407025,7.898846,30,v6,88000000ffffffffffffa8dd9f4dc5b5
3199,45.372812645,7.405620,30,v6,88000000ffffffffffffa8dd9f4dc5b5
3200,45.381058145,8.245500,30,v6,88000000ffffffffffffa8dd9f4dc5b5
3201,45.387955212,6.897067,30,v6,88000000ffffffffffffa8dd9f4dc5b5
3202,45.396271923,8.316711,30,v6,88000000ffffffffffffa8dd9f4dc5b5
3203,45.725142121,328.870198,30,v6,88000000ffffffffffffa8dd9f4dc5b5
3204,45.733062136,7.920015,30,v6,88000000ffffffffffffa8dd9f4dc5b5
3205,45.741562503,8.500367,30,v6,88000000ffffffffffffa8dd9f4dc5b5
3206,45.748718709,7.156206,30,v6,88000000ffffffffffffa8dd9f4dc5b5
3207,45.755923446,7.204737,30,v6,88000000ffffffffffffa8dd9f4dc5b5
3208,45.764077639,8.154193,30,v6,88000000ffffffffffffa8dd9f4dc5b5
3209,45.771183432,7.105793,30,v6,88000000ffffffffffffa8dd9f4dc5b5
3210,45.778125549,6.942117,30,v6,88000000ffffffffffffa8dd9f4dc5b5
3211,45.785079036,6.953487,30,v6,88000000ffffffffffffa8dd9f4dc5b5
3212,45.793532498,8.453462,30,v6,88000000ffffffffffffa8dd9f4dc5b5
3213,45.801372697,7.840199,30,v6,88000000ffffffffffffa8dd9f4dc5b5
3214,45.809403722,8.031025,30,v6,88000000ffffffffffffa8dd9f4dc5b5
3215,45.816567531,7.163809,30,v6,88000000ffffffffffffa8dd9f4dc5b5
3216,45.824756075,8.188544,30,v6,88000000ffffffffffffa8dd9f4dc5b5
3217,45.832031031,7.274956,30,v6,88000000ffffffffffffa8dd9f4dc5b5
3218,45.840055009,8.023978,30,v6,88000000ffffffffffffa8dd9f4dc5b5
3219,45.847185415,7.130406,30,v6,88000000ffffffffffffa8dd9f4dc5b5
3220,45.855209568,8.024153,30,v6,88000000ffffffffffffa8dd9f4dc5b5
3221,45.865410784,10.201216,99,v6,1c000000aadd9f4dc5b5685966020000
3222,45.866391426,0.980642,30,v6,88000000ffffffffffffa8dd9f4dc5b5
3223,45.874635543,8.244117,30,v6,88000000ffffffffffffa8dd9f4dc5b5
3224,45.882563469,7.927926,30,v6,88000000ffffffffffffa8dd9f4dc5b5
3225,45.889661960,7.098491,30,v6,88000000ffffffffffffa8dd9f4dc5b5
3226,45.898077507,8.415547,30,v6,88000000ffffffffffffa8dd9f4dc5b5
3227,45.905126480,7.048973,30,v6,88000000ffffffffffffa8dd9f4dc5b5
3228,45.912221209,7.094729,30,v6,88000000ffffffffffffa8dd9f4dc5b5
3229,45.920288219,8.067010,30,v6,88000000ffffffffffffa8dd9f4dc5b5
3230,45.927285803,6.997584,30,v6,88000000ffffffffffffa8dd9f4dc5b5
3231,45.934456364,7.170561,30,v6,88000000ffffffffffffa8dd9f4dc5b5
3232,45.942614879,8.158515,30,v6,88000000ffffffffffffa8dd9f4dc5b5
3233,45.949722711,7.107832,30,v6,88000000ffffffffffffa8dd9f4dc5b5
3234,45.958075566,8.352855,30,v6,88000000ffffffffffffa8dd9f4dc5b5
3235,45.965005420,6.929854,30,v6,88000000ffffffffffffa8dd9f4dc5b5
3236,45.972068418,7.062998,30,v6,88000000ffffffffffffa8dd9f4dc5b5
3237,45.979032796,6.964378,30,v6,88000000ffffffffffffa8dd9f4dc5b5
3238,45.988441984,9.409188,30,v6,88000000ffffffffffffa8dd9f4dc5b5
3239,45.995478407,7.036423,30,v6,88000000ffffffffffffa8dd9f4dc5b5
3240,46.003483031,8.004624,30,v6,88000000ffffffffffffa8dd9f4dc5b5
3241,46.010579250,7.096219,30,v6,88000000ffffffffffffa8dd9f4dc5b5
3242,46.018730869,8.151619,30,v6,88000000ffffffffffffa8dd9f4dc5b5
3243,46.025941658,7.210789,30,v6,88000000ffffffffffffa8dd9f4dc5b5
3244,46.033983924,8.042266,30,v6,88000000ffffffffffffa8dd9f4dc5b5
3245,46.041303975,7.320051,30,v6,88000000ffffffffffffa8dd9f4dc5b5
3246,46.049414356,8.110381,30,v6,88000000ffffffffffffa8dd9f4dc5b5
3247,46.056297300,6.882944,30,v6,88000000ffffffffffffa8dd9f4dc5b5
3248,46.063443105,7.145805,30,v6,88000000ffffffffffffa8dd9f4dc5b5
3249,46.071601457,8.158352,30,v6,88000000ffffffffffffa8dd9f4dc5b5
3250,46.078915952,7.314495,30,v6,88000000ffffffffffffa8dd9f4dc5b5
3251,46.086954370,8.038418,30,v6,88000000ffffffffffffa8dd9f4dc5b5
3252,46.093918081,6.963711,30,v6,88000000ffffffffffffa8dd9f4dc5b5
3253,46.102304407,8.386326,30,v6,88000000ffffffffffffa8dd9f4dc5b5
3254,46.110284088,7.979681,30,v6,88000000ffffffffffffa8dd9f4dc5b5
3255,46.117294660,7.010572,30,v6,88000000ffffffffffffa8dd9f4dc5b5
3256,46.124460382,7.165722,30,v6,88000000ffffffffffffa8dd9f4dc5b5
3257,46.132802565,8.342183,30,v6,88000000ffffffffffffa8dd9f4dc5b5
3258,46.140010476,7.207911,30,v6,88000000ffffffffffffa8dd9f4dc5b5
3259,46.147960386,7.949910,30,v6,88000000ffffffffffffa8dd9f4dc5b5
3260,46.154850885,6.890499,30,v6,88000000ffffffffffffa8dd9f4dc5b5
3261,46.161974333,7.123448,30,v6,88000000ffffffffffffa8dd9f4dc5b5
3262,46.170202558,8.228225,30,v6,88000000ffffffffffffa8dd9f4dc5b5
3263,46.177313746,7.111188,30,v6,88000000ffffffffffffa8dd9f4dc5b5
3264,46.184391898,7.078152,30,v6,88000000ffffffffffffa8dd9f4dc5b5
3265,46.192485251,8.093353,30,v6,88000000ffffffffffffa8dd9f4dc5b5
3266,46.199937937,7.452686,30,v6,88000000ffffffffffffa8dd9f4dc5b5
3267,46.208110307,8.172370,30,v6,88000000ffffffffffffa8dd9f4dc5b5
3268,46.215037137,6.926830,30,v6,88000000ffffffffffffa8dd9f4dc5b5
3269,46.223117973,8.080836,30,v6,88000000ffffffffffffa8dd9f4dc5b5
3270,46.230257059,7.139086,30,v6,88000000ffffffffffffa8dd9f4dc5b5
3271,46.238375530,8.118471,30,v6,88000000ffffffffffffa8dd9f4dc5b5
3272,46.245479196,7.103666,30,v6,88000000ffffffffffffa8dd9f4dc5b5
3273,46.253525774,8.046578,30,v6,88000000ffffffffffffa8dd9f4dc5b5
3274,46.260610229,7.084455,30,v6,88000000ffffffffffffa8dd9f4dc5b5
3275,46.268813085,8.202856,30,v6,88000000ffffffffffffa8dd9f4dc5b5
3276,46.275806911,6.993826,30,v6,88000000ffffffffffffa8dd9f4dc5b5
3277,46.282919646,7.112735,30,v6,88000000ffffffffffffa8dd9f4dc5b5
3278,46.291130759,8.211113,30,v6,88000000ffffffffffffa8dd9f4dc5b5
3279,46.298132432,7.001673,30,v6,88000000ffffffffffffa8dd9f4dc5b5
3280,46.305302381,7.169949,30,v6,88000000ffffffffffffa8dd9f4dc5b5
3281,46.313451548,8.149167,30,v6,88000000ffffffffffffa8dd9f4dc5b5
3282,46.320539912,7.088364,30,v6,88000000ffffffffffffa8dd9f4dc5b5
3283,46.328600620,8.060708,30,v6,88000000ffffffffffffa8dd9f4dc5b5
3284,46.335793441,7.192821,30,v6,88000000ffffffffffffa8dd9f4dc5b5
3285,46.344035856,8.242415,30,v6,88000000ffffffffffffa8dd9f4dc5b5
3286,46.351134079,7.098223,30,v6,88000000ffffffffffffa8dd9f4dc5b5
3287,46.359150522,8.016443,30,v6,88000000ffffffffffffa8dd9f4dc5b5
3288,46.367332208,8.181686,30,v6,88000000ffffffffffffa8dd9f4dc5b5
3289,46.374368707,7.036499,30,v6,88000000ffffffffffffa8dd9f4dc5b5
3290,46.382553638,8.184931,30,v6,88000000ffffffffffffa8dd9f4dc5b5
3291,46.389819736,7.266098,30,v6,88000000ffffffffffffa8dd9f4dc5b5
3292,46.396939753,7.120017,30,v6,88000000ffffffffffffa8dd9f4dc5b5
3293,46.404869235,7.929482,30,v6,88000000ffffffffffffa8dd9f4dc5b5
3294,46.411923200,7.053965,30,v6,88000000ffffffffffffa8dd9f4dc5b5
3295,46.420242577,8.319377,30,v6,88000000ffffffffffffa8dd9f4dc5b5
3296,46.427187760,6.945183,30,v6,88000000ffffffffffffa8dd9f4dc5b5
3297,46.434391117,7.203357,30,v6,88000000ffffffffffffa8dd9f4dc5b5
3298,46.442504177,8.113060,30,v6,88000000ffffffffffffa8dd9f4dc5b5
3299,46.449567246,7.063069,30,v6,88000000ffffffffffffa8dd9f4dc5b5
3300,46.457062471,7.495225,30,v6,88000000ffffffffffffa8dd9f4dc5b5
3301,46.464843425,7.780954,30,v6,88000000ffffffffffffa8dd9f4dc5b5
3302,46.472062077,7.218652,30,v6,88000000ffffffffffffa8dd9f4dc5b5
3303,46.480233867,8.171790,30,v6,88000000ffffffffffffa8dd9f4dc5b5
3304,46.809117941,328.884074,30,v6,88000000ffffffffffffa8dd9f4dc5b5
3305,46.816494340,7.376399,30,v6,88000000ffffffffffffa8dd9f4dc5b5
3306,46.824671407,8.177067,30,v6,88000000ffffffffffffa8dd9f4dc5b5
3307,46.831890293,7.218886,30,v6,88000000ffffffffffffa8dd9f4dc5b5
3308,46.838599253,6.708960,30,v6,88000000ffffffffffffa8dd9f4dc5b5
3309,46.845979790,7.380537,30,v6,88000000ffffffffffffa8dd9f4dc5b5
3310,46.854099138,8.119348,30,v6,88000000ffffffffffffa8dd9f4dc5b5
3311,46.861091686,6.992548,30,v6,88000000ffffffffffffa8dd9f4dc5b5
3312,46.868181395,7.089709,30,v6,88000000ffffffffffffa8dd9f4dc5b5
3313,46.875184014,7.002619,30,v6,88000000ffffffffffffa8dd9f4dc5b5
3314,46.883642541,8.458527,30,v6,88000000ffffffffffffa8dd9f4dc5b5
3315,46.890779928,7.137387,30,v6,88000000ffffffffffffa8dd9f4dc5b5
3316,46.897688841,6.908913,30,v6,88000000ffffffffffffa8dd9f4dc5b5
3317,46.906066424,8.377583,30,v6,88000000ffffffffffffa8dd9f4dc5b5
3318,46.912883704,6.817280,30,v6,88000000ffffffffffffa8dd9f4dc5b5
3319,46.919989550,7.105846,30,v6,88000000ffffffffffffa8dd9f4dc5b5
3320,46.928009379,8.019829,30,v6,88000000ffffffffffffa8dd9f4dc5b5
3321,46.935169077,7.159698,30,v6,88000000ffffffffffffa8dd9f4dc5b5
3322,46.942331012,7.161935,30,v6,88000000ffffffffffffa8dd9f4dc5b5
3323,46.950471966,8.140954,30,v6,88000000ffffffffffffa8dd9f4dc5b5
3324,46.957530882,7.058916,30,v6,88000000ffffffffffffa8dd9f4dc5b5
3325,46.965751663,8.220781,30,v6,88000000ffffffffffffa8dd9f4dc5b5
3326,46.973907025,8.155362,30,v6,88000000ffffffffffffa8dd9f4dc5b5
3327,46.981031458,7.124433,30,v6,88000000ffffffffffffa8dd9f4dc5b5
3328,46.988228378,7.196920,30,v6,88000000ffffffffffffa8dd9f4dc5b5
3329,46.996173758,7.945380,30,v6,88000000ffffffffffffa8dd9f4dc5b5
3330,47.003196828,7.023070,30,v6,88000000ffffffffffffa8dd9f4dc5b5
3331,47.010471668,7.274840,30,v6,88000000ffffffffffffa8dd9f4dc5b5
3332,47.017629123,7.157455,30,v6,88000000ffffffffffffa8dd9f4dc5b5
3333,47.025753562,8.124439,30,v6,88000000ffffffffffffa8dd9f4dc5b5
3334,47.032966226,7.212664,30,v6,88000000ffffffffffffa8dd9f4dc5b5
3335,47.039953944,6.987718,30,v6,88000000ffffffffffffa8dd9f4dc5b5
3336,47.047471640,7.517696,30,v6,88000000ffffffffffffa8dd9f4dc5b5
3337,47.054100597,6.628957,30,v6,88000000ffffffffffffa8dd9f4dc5b5
3338,47.062237742,8.137145,30,v6,88000000ffffffffffffa8dd9f4dc5b5
3339,47.069275044,7.037302,30,v6,88000000ffffffffffffa8dd9f4dc5b5
3340,47.076576310,7.301266,30,v6,88000000ffffffffffffa8dd9f4dc5b5
3341,47.084661075,8.084765,30,v6,88000000ffffffffffffa8dd9f4dc5b5
3342,47.092834973,8.173898,30,v6,88000000ffffffffffffa8dd9f4dc5b5
3343,47.100071389,7.236416,30,v6,88000000ffffffffffffa8dd9f4dc5b5
3344,47.108273687,8.202298,30,v6,88000000ffffffffffffa8dd9f4dc5b5
3345,47.115403539,7.129852,30,v6,88000000ffffffffffffa8dd9f4dc5b5
3346,47.122321934,6.918395,30,v6,88000000ffffffffffffa8dd9f4dc5b5
3347,47.129501544,7.179610,30,v6,88000000ffffffffffffa8dd9f4dc5b5
3348,47.137630693,8.129149,30,v6,88000000ffffffffffffa8dd9f4dc5b5
3349,47.144717561,7.086868,30,v6,88000000ffffffffffffa8dd9f4dc5b5
3350,47.152080685,7.363124,30,v6,88000000ffffffffffffa8dd9f4dc5b5
3351,47.158815619,6.734934,30,v6,88000000ffffffffffffa8dd9f4dc5b5
3352,47.167203026,8.387407,30,v6,88000000ffffffffffffa8dd9f4dc5b5
3353,47.174134503,6.931477,30,v6,88000000ffffffffffffa8dd9f4dc5b5
3354,47.181268549,7.134046,30,v6,88000000ffffffffffffa8dd9f4dc5b5
3355,47.189245991,7.977442,30,v6,88000000ffffffffffffa8dd9f4dc5b5
3356,47.196400432,7.154441,30,v6,88000000ffffffffffffa8dd9f4dc5b5
3357,47.203604836,7.204404,30,v6,88000000ffffffffffffa8dd9f4dc5b5
3358,47.212709962,9.105126,30,v6,88000000ffffffffffffa8dd9f4dc5b5
3359,47.219639926,6.929964,30,v6,88000000ffffffffffffa8dd9f4dc5b5
3360,47.227170500,7.530574,30,v6,88000000ffffffffffffa8dd9f4dc5b5
3361,47.233945166,6.774666,30,v6,88000000ffffffffffffa8dd9f4dc5b5
3362,47.242168729,8.223563,30,v6,88000000ffffffffffffa8dd9f4dc5b5
3363,47.249208144,7.039415,30,v6,88000000ffffffffffffa8dd9f4dc5b5
3364,47.256416944,7.208800,30,v6,88000000ffffffffffffa8dd9f4dc5b5
3365,47.264441179,8.024235,30,v6,88000000ffffffffffffa8dd9f4dc5b5
3366,47.271551668,7.110489,30,v6,88000000ffffffffffffa8dd9f4dc5b5
3367,47.278708603,7.156935,30,v6,88000000ffffffffffffa8dd9f4dc5b5
3368,47.285949034,7.240431,30,v6,88000000ffffffffffffa8dd9f4dc5b5
3369,47.294093116,8.144082,30,v6,88000000ffffffffffffa8dd9f4dc5b5
3370,47.301266372,7.173256,30,v6,88000000ffffffffffffa8dd9f4dc5b5
3371,47.308095004,6.828632,30,v6,88000000ffffffffffffa8dd9f4dc5b5
3372,47.315121734,7.026730,30,v6,88000000ffffffffffffa8dd9f4dc5b5
3373,47.322281695,7.159961,30,v6,88000000ffffffffffffa8dd9f4dc5b5
3374,47.330712605,8.430910,30,v6,88000000ffffffffffffa8dd9f4dc5b5
3375,47.337649501,6.936896,30,v6,88000000ffffffffffffa8dd9f4dc5b5
3376,47.345695804,8.046303,30,v6,88000000ffffffffffffa8dd9f4dc5b5
3377,47.353852694,8.156890,30,v6,88000000ffffffffffffa8dd9f4dc5b5
3378,47.361263958,7.411264,30,v6,88000000ffffffffffffa8dd9f4dc5b5
3379,47.368076259,6.812301,30,v6,88000000ffffffffffffa8dd9f4dc5b5
3380,47.376275828,8.199569,30,v6,88000000ffffffffffffa8dd9f4dc5b5
3381,47.383201951,6.926123,30,v6,88000000ffffffffffffa8dd9f4dc5b5
3382,47.390415063,7.213112,30,v6,88000000ffffffffffffa8dd9f4dc5b5
3383,47.398446556,8.031493,30,v6,88000000ffffffffffffa8dd9f4dc5b5
3384,47.405502860,7.056304,30,v6,88000000ffffffffffffa8dd9f4dc5b5
3385,47.412716921,7.214061,30,v6,88000000ffffffffffffa8dd9f4dc5b5
3386,47.421326897,8.609976,30,v6,88000000ffffffffffffa8dd9f4dc5b5
3387,47.427055266,5.728369,30,v6,88000000ffffffffffffa8dd9f4dc5b5
3388,47.434910026,7.854760,30,v6,88000000ffffffffffffa8dd9f4dc5b5
3389,47.442330853,7.420827,30,v6,88000000ffffffffffffa8dd9f4dc5b5
3390,47.450381491,8.050638,30,v6,88000000ffffffffffffa8dd9f4dc5b5
3391,47.457393411,7.011920,30,v6,88000000ffffffffffffa8dd9f4dc5b5
3392,47.465538468,8.145057,30,v6,88000000ffffffffffffa8dd9f4dc5b5
3393,47.472660488,7.122020,30,v6,88000000ffffffffffffa8dd9f4dc5b5
3394,47.481006879,8.346391,30,v6,88000000ffffffffffffa8dd9f4dc5b5
3395,47.488252544,7.245665,30,v6,88000000ffffffffffffa8dd9f4dc5b5
3396,47.495095157,6.842613,30,v6,88000000ffffffffffffa8dd9f4dc5b5
3397,47.502150560,7.055403,30,v6,88000000ffffffffffffa8dd9f4dc5b5
3398,47.509334033,7.183473,30,v6,88000000ffffffffffffa8dd9f4dc5b5
3399,47.517355736,8.021703,30,v6,88000000ffffffffffffa8dd9f4dc5b5
3400,47.524516682,7.160946,30,v6,88000000ffffffffffffa8dd9f4dc5b5
3401,47.532660509,8.143827,30,v6,88000000ffffffffffffa8dd9f4dc5b5
3402,47.538858081,6.197572,30,v6,88000000ffffffffffffa8dd9f4dc5b5
3403,47.546878670,8.020589,30,v6,88000000ffffffffffffa8dd9f4dc5b5
3404,47.877151167,330.272497,30,v6,88000000ffffffffffffa8dd9f4dc5b5
3405,47.884302883,7.151716,30,v6,88000000ffffffffffffa8dd9f4dc5b5
3406,47.891212476,6.909593,30,v6,88000000ffffffffffffa8dd9f4dc5b5
3407,47.899455676,8.243200,30,v6,88000000ffffffffffffa8dd9f4dc5b5
3408,47.906573899,7.118223,30,v6,88000000ffffffffffffa8dd9f4dc5b5
3409,47.913778543,7.204644,30,v6,88000000ffffffffffffa8dd9f4dc5b5
3410,47.920947479,7.168936,30,v6,88000000ffffffffffffa8dd9f4dc5b5
3411,47.928013545,7.066066,30,v6,88000000ffffffffffffa8dd9f4dc5b5
3412,47.934935082,6.921537,30,v6,88000000ffffffffffffa8dd9f4dc5b5
3413,47.942156821,7.221739,30,v6,88000000ffffffffffffa8dd9f4dc5b5
3414,47.950254499,8.097678,30,v6,88000000ffffffffffffa8dd9f4dc5b5
3415,47.957391704,7.137205,30,v6,88000000ffffffffffffa8dd9f4dc5b5
3416,47.964645480,7.253776,30,v6,88000000ffffffffffffa8dd9f4dc5b5
3417,47.971618510,6.973030,30,v6,88000000ffffffffffffa8dd9f4dc5b5
3418,47.980726212,9.107702,30,v6,88000000ffffffffffffa8dd9f4dc5b5
3419,47.987983645,7.257433,30,v6,88000000ffffffffffffa8dd9f4dc5b5
3420,47.995056022,7.072377,30,v6,88000000ffffffffffffa8dd9f4dc5b5
3421,48.002176431,7.120409,30,v6,88000000ffffffffffffa8dd9f4dc5b5
3422,48.009431136,7.254705,30,v6,88000000ffffffffffffa8dd9f4dc5b5
3423,48.016373399,6.942263,30,v6,88000000ffffffffffffa8dd9f4dc5b5
3424,48.023450628,7.077229,30,v6,88000000ffffffffffffa8dd9f4dc5b5
3425,48.031596199,8.145571,30,v6,88000000ffffffffffffa8dd9f4dc5b5
3426,48.038736696,7.140497,30,v6,88000000ffffffffffffa8dd9f4dc5b5
3427,48.045732475,6.995779,30,v6,88000000ffffffffffffa8dd9f4dc5b5
3428,48.052891785,7.159310,30,v6,88000000ffffffffffffa8dd9f4dc5b5
3429,48.060152574,7.260789,30,v6,88000000ffffffffffffa8dd9f4dc5b5
3430,48.068199901,8.047327,30,v6,88000000ffffffffffffa8dd9f4dc5b5
3431,48.074108250,5.908349,30,v6,88000000ffffffffffffa8dd9f4dc5b5
3432,48.082293212,8.184962,30,v6,88000000ffffffffffffa8dd9f4dc5b5
3433,48.089387404,7.094192,30,v6,88000000ffffffffffffa8dd9f4dc5b5
3434,48.096571986,7.184582,30,v6,88000000ffffffffffffa8dd9f4dc5b5
3435,48.104918182,8.346196,30,v6,88000000ffffffffffffa8dd9f4dc5b5
3436,48.112829206,7.911024,30,v6,88000000ffffffffffffa8dd9f4dc5b5
3437,48.119768879,6.939673,30,v6,88000000ffffffffffffa8dd9f4dc5b5
3438,48.127157776,7.388897,30,v6,88000000ffffffffffffa8dd9f4dc5b5
3439,48.134065553,6.907777,30,v6,88000000ffffffffffffa8dd9f4dc5b5
3440,48.141123695,7.058142,30,v6,88000000ffffffffffffa8dd9f4dc5b5
3441,48.148453816,7.330121,30,v6,88000000ffffffffffffa8dd9f4dc5b5
3442,48.156372580,7.918764,30,v6,88000000ffffffffffffa8dd9f4dc5b5
3443,48.163533005,7.160425,30,v6,88000000ffffffffffffa8dd9f4dc5b5
3444,48.170647794,7.114789,30,v6,88000000ffffffffffffa8dd9f4dc5b5
3445,48.177791798,7.144004,30,v6,88000000ffffffffffffa8dd9f4dc5b5
3446,48.184913811,7.122013,30,v6,88000000ffffffffffffa8dd9f4dc5b5
3447,48.193397896,8.484085,30,v6,88000000ffffffffffffa8dd9f4dc5b5
3448,48.199182089,5.784193,30,v6,88000000ffffffffffffa8dd9f4dc5b5
3449,48.208133672,8.951583,30,v6,88000000ffffffffffffa8dd9f4dc5b5
3450,48.215212561,7.078889,30,v6,88000000ffffffffffffa8dd9f4dc5b5
3451,48.222570422,7.357861,30,v6,88000000ffffffffffffa8dd9f4dc5b5
3452,48.230817215,8.246793,30,v6,88000000ffffffffffffa8dd9f4dc5b5
3453,48.236794739,5.977524,30,v6,88000000ffffffffffffa8dd9f4dc5b5
3454,48.244814978,8.020239,30,v6,88000000ffffffffffffa8dd9f4dc5b5
3455,48.252081965,7.266987,30,v6,88000000ffffffffffffa8dd9f4dc5b5
3456,48.259095334,7.013369,30,v6,88000000ffffffffffffa8dd9f4dc5b5
3457,48.266538448,7.443114,30,v6,88000000ffffffffffffa8dd9f4dc5b5
3458,48.274261114,7.722666,30,v6,88000000ffffffffffffa8dd9f4dc5b5
3459,48.280419874,6.158760,30,v6,88000000ffffffffffffa8dd9f4dc5b5
3460,48.288585048,8.165174,30,v6,88000000ffffffffffffa8dd9f4dc5b5
3461,48.295612102,7.027054,30,v6,88000000ffffffffffffa8dd9f4dc5b5
3462,48.302694633,7.082531,30,v6,88000000ffffffffffffa8dd9f4dc5b5
3463,48.309919496,7.224863,30,v6,88000000ffffffffffffa8dd9f4dc5b5
3464,48.318032800,8.113304,30,v6,88000000ffffffffffffa8dd9f4dc5b5
3465,48.324984583,6.951783,30,v6,88000000ffffffffffffa8dd9f4dc5b5
3466,48.332130181,7.145598,30,v6,88000000ffffffffffffa8dd9f4dc5b5
3467,48.339261368,7.131187,30,v6,88000000ffffffffffffa8dd9f4dc5b5
3468,48.347510189,8.248821,30,v6,88000000ffffffffffffa8dd9f4dc5b5
3469,48.354629260,7.119071,30,v6,88000000ffffffffffffa8dd9f4dc5b5
3470,48.362661069,8.031809,30,v6,88000000ffffffffffffa8dd9f4dc5b5
3471,48.369747731,7.086662,30,v6,88000000ffffffffffffa8dd9f4dc5b5
3472,48.377122421,7.374690,30,v6,88000000ffffffffffffa8dd9f4dc5b5
3473,48.383887840,6.765419,30,v6,88000000ffffffffffffa8dd9f4dc5b5
3474,48.391084121,7.196281,30,v6,88000000ffffffffffffa8dd9f4dc5b5
3475,48.399282506,8.198385,30,v6,88000000ffffffffffffa8dd9f4dc5b5
3476,48.406331157,7.048651,30,v6,88000000ffffffffffffa8dd9f4dc5b5
3477,48.413341724,7.010567,30,v6,88000000ffffffffffffa8dd9f4dc5b5
3478,48.420441725,7.100001,30,v6,88000000ffffffffffffa8dd9f4dc5b5
3479,48.427775463,7.333738,30,v6,88000000ffffffffffffa8dd9f4dc5b5
3480,48.434931334,7.155871,30,v6,88000000ffffffffffffa8dd9f4dc5b5
3481,48.443125525,8.194191,30,v6,88000000ffffffffffffa8dd9f4dc5b5
3482,48.450116895,6.991370,30,v6,88000000ffffffffffffa8dd9f4dc5b5
3483,48.458254835,8.137940,30,v6,88000000ffffffffffffa8dd9f4dc5b5
3484,48.465506473,7.251638,30,v6,88000000ffffffffffffa8dd9f4dc5b5
3485,48.473404308,7.897835,30,v6,88000000ffffffffffffa8dd9f4dc5b5
3486,48.479726056,6.321748,30,v6,88000000ffffffffffffa8dd9f4dc5b5
3487,48.487695810,7.969754,30,v6,88000000ffffffffffffa8dd9f4dc5b5
3488,48.494852769,7.156959,30,v6,88000000ffffffffffffa8dd9f4dc5b5
3489,48.501740061,6.887292,30,v6,88000000ffffffffffffa8dd9f4dc5b5
3490,48.509086827,7.346766,30,v6,88000000ffffffffffffa8dd9f4dc5b5
3491,48.517135875,8.049048,30,v6,88000000ffffffffffffa8dd9f4dc5b5
3492,48.523222009,6.086134,30,v6,88000000ffffffffffffa8dd9f4dc5b5
3493,48.531238609,8.016600,30,v6,88000000ffffffffffffa8dd9f4dc5b5
3494,48.538391270,7.152661,30,v6,88000000ffffffffffffa8dd9f4dc5b5
3495,48.545422277,7.031007,30,v6,88000000ffffffffffffa8dd9f4dc5b5
3496,48.552761474,7.339197,30,v6,88000000ffffffffffffa8dd9f4dc5b5
3497,48.562035920,9.274446,30,v6,88000000ffffffffffffa8dd9f4dc5b5
3498,48.569004158,6.968238,30,v6,88000000ffffffffffffa8dd9f4dc5b5
3499,48.576093152,7.088994,30,v6,88000000ffffffffffffa8dd9f4dc5b5
3500,48.583170838,7.077686,30,v6,88000000ffffffffffffa8dd9f4dc5b5
3501,48.590403833,7.232995,30,v6,88000000ffffffffffffa8dd9f4dc5b5
3502,48.598570171,8.166338,30,v6,88000000ffffffffffffa8dd9f4dc5b5
3503,48.605551568,6.981397,30,v6,88000000ffffffffffffa8dd9f4dc5b5
3504,48.948932938,343.381370,30,v6,88000000ffffffffffffa8dd9f4dc5b5
3505,48.955881267,6.948329,30,v6,88000000ffffffffffffa8dd9f4dc5b5
3506,48.964243762,8.362495,30,v6,88000000ffffffffffffa8dd9f4dc5b5
3507,48.971337712,7.093950,30,v6,88000000ffffffffffffa8dd9f4dc5b5
3508,48.978408035,7.070323,30,v6,88000000ffffffffffffa8dd9f4dc5b5
3509,48.985383762,6.975727,30,v6,88000000ffffffffffffa8dd9f4dc5b5
3510,48.992710153,7.326391,30,v6,88000000ffffffffffffa8dd9f4dc5b5
3511,49.000850310,8.140157,30,v6,88000000ffffffffffffa8dd9f4dc5b5
3512,49.008092134,7.241824,30,v6,88000000ffffffffffffa8dd9f4dc5b5
3513,49.015056875,6.964741,30,v6,88000000ffffffffffffa8dd9f4dc5b5
3514,49.022331173,7.274298,30,v6,88000000ffffffffffffa8dd9f4dc5b5
3515,49.029407341,7.076168,30,v6,88000000ffffffffffffa8dd9f4dc5b5
3516,49.036386734,6.979393,30,v6,88000000ffffffffffffa8dd9f4dc5b5
3517,49.043603775,7.217041,30,v6,88000000ffffffffffffa8dd9f4dc5b5
3518,49.050750868,7.147093,30,v6,88000000ffffffffffffa8dd9f4dc5b5
3519,49.057705422,6.954554,30,v6,88000000ffffffffffffa8dd9f4dc5b5
3520,49.065794713,8.089291,30,v6,88000000ffffffffffffa8dd9f4dc5b5
3521,49.072889852,7.095139,30,v6,88000000ffffffffffffa8dd9f4dc5b5
3522,49.080536706,7.646854,30,v6,88000000ffffffffffffa8dd9f4dc5b5
3523,49.086992143,6.455437,30,v6,88000000ffffffffffffa8dd9f4dc5b5
3524,49.094235066,7.242923,30,v6,88000000ffffffffffffa8dd9f4dc5b5
3525,49.101307618,7.072552,30,v6,88000000ffffffffffffa8dd9f4dc5b5
3526,49.108500915,7.193297,30,v6,88000000ffffffffffffa8dd9f4dc5b5
3527,49.116696361,8.195446,30,v6,88000000ffffffffffffa8dd9f4dc5b5
3528,49.123932724,7.236363,30,v6,88000000ffffffffffffa8dd9f4dc5b5
3529,49.131158679,7.225955,30,v6,88000000ffffffffffffa8dd9f4dc5b5
3530,49.139082546,7.923867,30,v6,88000000ffffffffffffa8dd9f4dc5b5
3531,49.146451103,7.368557,30,v6,88000000ffffffffffffa8dd9f4dc5b5
3532,49.153350829,6.899726,30,v6,88000000ffffffffffffa8dd9f4dc5b5
3533,49.160202457,6.851628,30,v6,88000000ffffffffffffa8dd9f4dc5b5
3534,49.167517809,7.315352,30,v6,88000000ffffffffffffa8dd9f4dc5b5
3535,49.174538162,7.020353,30,v6,88000000ffffffffffffa8dd9f4dc5b5
3536,49.181782044,7.243882,30,v6,88000000ffffffffffffa8dd9f4dc5b5
3537,49.188864130,7.082086,30,v6,88000000ffffffffffffa8dd9f4dc5b5
3538,49.195967342,7.103212,30,v6,88000000ffffffffffffa8dd9f4dc5b5
3539,49.203057376,7.090034,30,v6,88000000ffffffffffffa8dd9f4dc5b5
3540,49.210283713,7.226337,30,v6,88000000ffffffffffffa8dd9f4dc5b5
3541,49.217217947,6.934234,30,v6,88000000ffffffffffffa8dd9f4dc5b5
3542,49.224330551,7.112604,30,v6,88000000ffffffffffffa8dd9f4dc5b5
3543,49.232532305,8.201754,30,v6,88000000ffffffffffffa8dd9f4dc5b5
3544,49.239483426,6.951121,30,v6,88000000ffffffffffffa8dd9f4dc5b5
3545,49.247664277,8.180851,30,v6,88000000ffffffffffffa8dd9f4dc5b5
3546,49.254715801,7.051524,30,v6,88000000ffffffffffffa8dd9f4dc5b5
3547,49.262026711,7.310910,30,v6,88000000ffffffffffffa8dd9f4dc5b5
3548,49.268941042,6.914331,30,v6,88000000ffffffffffffa8dd9f4dc5b5
3549,49.276554080,7.613038,30,v6,88000000ffffffffffffa8dd9f4dc5b5
3550,49.283315510,6.761430,30,v6,88000000ffffffffffffa8dd9f4dc5b5
3551,49.290421842,7.106332,30,v6,88000000ffffffffffffa8dd9f4dc5b5
3552,49.297631438,7.209596,30,v6,88000000ffffffffffffa8dd9f4dc5b5
3553,49.305482925,7.851487,30,v6,88000000ffffffffffffa8dd9f4dc5b5
3554,49.311900710,6.417785,30,v6,88000000ffffffffffffa8dd9f4dc5b5
3555,49.319744500,7.843790,30,v6,88000000ffffffffffffa8dd9f4dc5b5
3556,49.326772420,7.027920,30,v6,88000000ffffffffffffa8dd9f4dc5b5
3557,49.334321232,7.548812,30,v6,88000000ffffffffffffa8dd9f4dc5b5
3558,49.341304779,6.983547,30,v6,88000000ffffffffffffa8dd9f4dc5b5
3559,49.348120773,6.815994,30,v6,88000000ffffffffffffa8dd9f4dc5b5
3560,49.355307771,7.186998,30,v6,88000000ffffffffffffa8dd9f4dc5b5
3561,49.362521199,7.213428,30,v6,88000000ffffffffffffa8dd9f4dc5b5
3562,49.370552376,8.031177,30,v6,88000000ffffffffffffa8dd9f4dc5b5
3563,49.377902897,7.350521,30,v6,88000000ffffffffffffa8dd9f4dc5b5
3564,49.384890783,6.987886,30,v6,88000000ffffffffffffa8dd9f4dc5b5
3565,49.391996556,7.105773,30,v6,88000000ffffffffffffa8dd9f4dc5b5
3566,49.400135763,8.139207,30,v6,88000000ffffffffffffa8dd9f4dc5b5
3567,49.406133063,5.997300,30,v6,88000000ffffffffffffa8dd9f4dc5b5
3568,49.413316944,7.183881,30,v6,88000000ffffffffffffa8dd9f4dc5b5
3569,49.421363002,8.046058,30,v6,88000000ffffffffffffa8dd9f4dc5b5
3570,49.428344287,6.981285,30,v6,88000000ffffffffffffa8dd9f4dc5b5
3571,49.435426897,7.082610,30,v6,88000000ffffffffffffa8dd9f4dc5b5
3572,49.442767850,7.340953,30,v6,88000000ffffffffffffa8dd9f4dc5b5
3573,49.450026309,7.258459,30,v6,88000000ffffffffffffa8dd9f4dc5b5
3574,49.456950610,6.924301,30,v6,88000000ffffffffffffa8dd9f4dc5b5
3575,49.464271995,7.321385,30,v6,88000000ffffffffffffa8dd9f4dc5b5
3576,49.471245221,6.973226,30,v6,88000000ffffffffffffa8dd9f4dc5b5
3577,49.480349157,9.103936,30,v6,88000000ffffffffffffa8dd9f4dc5b5
3578,49.487520645,7.171488,30,v6,88000000ffffffffffffa8dd9f4dc5b5
3579,49.494452129,6.931484,30,v6,88000000ffffffffffffa8dd9f4dc5b5
3580,49.500571409,6.119280,30,v6,88000000ffffffffffffa8dd9f4dc5b5
3581,49.508646013,8.074604,30,v6,88000000ffffffffffffa8dd9f4dc5b5
3582,49.516007333,7.361320,30,v6,88000000ffffffffffffa8dd9f4dc5b5
3583,49.523246693,7.239360,30,v6,88000000ffffffffffffa8dd9f4dc5b5
3584,49.530060189,6.813496,30,v6,88000000ffffffffffffa8dd9f4dc5b5
3585,49.537082331,7.022142,30,v6,88000000ffffffffffffa8dd9f4dc5b5
3586,49.544289977,7.207646,30,v6,88000000ffffffffffffa8dd9f4dc5b5
3587,49.551525904,7.235927,30,v6,88000000ffffffffffffa8dd9f4dc5b5
3588,49.558680289,7.154385,30,v6,88000000ffffffffffffa8dd9f4dc5b5
3589,49.565956028,7.275739,30,v6,88000000ffffffffffffa8dd9f4dc5b5
3590,49.573814679,7.858651,30,v6,88000000ffffffffffffa8dd9f4dc5b5
3591,49.581023026,7.208347,30,v6,88000000ffffffffffffa8dd9f4dc5b5
3592,49.588051037,7.028011,30,v6,88000000ffffffffffffa8dd9f4dc5b5
3593,49.595081125,7.030088,30,v6,88000000ffffffffffffa8dd9f4dc5b5
3594,49.602191584,7.110459,30,v6,88000000ffffffffffffa8dd9f4dc5b5
3595,49.609291118,7.099534,30,v6,88000000ffffffffffffa8dd9f4dc5b5
3596,49.616614372,7.323254,30,v6,88000000ffffffffffffa8dd9f4dc5b5
3597,49.624507369,7.892997,30,v6,88000000ffffffffffffa8dd9f4dc5b5
3598,49.631746139,7.238770,30,v6,88000000ffffffffffffa8dd9f4dc5b5
3599,49.638851111,7.104972,30,v6,88000000ffffffffffffa8dd9f4dc5b5
3600,49.647172044,8.320933,30,v6,88000000ffffffffffffa8dd9f4dc5b5
3601,49.654113798,6.941754,30,v6,88000000ffffffffffffa8dd9f4dc5b5
3602,49.661039970,6.926172,30,v6,88000000ffffffffffffa8dd9f4dc5b5
3603,49.667255400,6.215430,30,v6,88000000ffffffffffffa8dd9f4dc5b5
3604,49.996509297,329.253897,30,v6,88000000ffffffffffffa8dd9f4dc5b5
3605,50.004772588,8.263291,30,v6,88000000ffffffffffffa8dd9f4dc5b5
3606,50.011823640,7.051052,30,v6,88000000ffffffffffffa8dd9f4dc5b5
3607,50.018971484,7.147844,30,v6,88000000ffffffffffffa8dd9f4dc5b5
3608,50.025883970,6.912486,30,v6,88000000ffffffffffffa8dd9f4dc5b5
3609,50.033161434,7.277464,30,v6,88000000ffffffffffffa8dd9f4dc5b5
3610,50.040134210,6.972776,30,v6,88000000ffffffffffffa8dd9f4dc5b5
3611,50.046171581,6.037371,30,v6,88000000ffffffffffffa8dd9f4dc5b5
3612,50.053220334,7.048753,30,v6,88000000ffffffffffffa8dd9f4dc5b5
3613,50.060501264,7.280930,30,v6,88000000ffffffffffffa8dd9f4dc5b5
3614,50.067707330,7.206066,30,v6,88000000ffffffffffffa8dd9f4dc5b5
3615,50.074676823,6.969493,30,v6,88000000ffffffffffffa8dd9f4dc5b5
3616,50.081838427,7.161604,30,v6,88000000ffffffffffffa8dd9f4dc5b5
3617,50.089209091,7.370664,30,v6,88000000ffffffffffffa8dd9f4dc5b5
3618,50.096169234,6.960143,30,v6,88000000ffffffffffffa8dd9f4dc5b5
3619,50.104236508,8.067274,30,v6,88000000ffffffffffffa8dd9f4dc5b5
3620,50.111237033,7.000525,30,v6,88000000ffffffffffffa8dd9f4dc5b5
3621,50.118109040,6.872007,30,v6,88000000ffffffffffffa8dd9f4dc5b5
3622,50.125290816,7.181776,30,v6,88000000ffffffffffffa8dd9f4dc5b5
3623,50.132689458,7.398642,30,v6,88000000ffffffffffffa8dd9f4dc5b5
3624,50.139823425,7.133967,30,v6,88000000ffffffffffffa8dd9f4dc5b5
3625,50.146916778,7.093353,30,v6,88000000ffffffffffffa8dd9f4dc5b5
3626,50.153961166,7.044388,30,v6,88000000ffffffffffffa8dd9f4dc5b5
3627,50.161021925,7.060759,30,v6,88000000ffffffffffffa8dd9f4dc5b5
3628,50.168359647,7.337722,30,v6,88000000ffffffffffffa8dd9f4dc5b5
3629,50.175321227,6.961580,30,v6,88000000ffffffffffffa8dd9f4dc5b5
3630,50.182374020,7.052793,30,v6,88000000ffffffffffffa8dd9f4dc5b5
3631,50.189449570,7.075550,30,v6,88000000ffffffffffffa8dd9f4dc5b5
3632,50.196550320,7.100750,30,v6,88000000ffffffffffffa8dd9f4dc5b5
3633,50.203807739,7.257419,30,v6,88000000ffffffffffffa8dd9f4dc5b5
3634,50.211087890,7.280151,30,v6,88000000ffffffffffffa8dd9f4dc5b5
3635,50.218205907,7.118017,30,v6,88000000ffffffffffffa8dd9f4dc5b5
3636,50.225121263,6.915356,30,v6,88000000ffffffffffffa8dd9f4dc5b5
3637,50.232258901,7.137638,30,v6,88000000ffffffffffffa8dd9f4dc5b5
3638,50.239301587,7.042686,30,v6,88000000ffffffffffffa8dd9f4dc5b5
3639,50.247407408,8.105821,30,v6,88000000ffffffffffffa8dd9f4dc5b5
3640,50.253597006,6.189598,30,v6,88000000ffffffffffffa8dd9f4dc5b5
3641,50.261749523,8.152517,30,v6,88000000ffffffffffffa8dd9f4dc5b5
3642,50.268583360,6.833837,30,v6,88000000ffffffffffffa8dd9f4dc5b5
3643,50.276058564,7.475204,30,v6,88000000ffffffffffffa8dd9f4dc5b5
3644,50.284268295,8.209731,30,v6,88000000ffffffffffffa8dd9f4dc5b5
3645,50.290956874,6.688579,30,v6,88000000ffffffffffffa8dd9f4dc5b5
3646,50.298478642,7.521768,30,v6,88000000ffffffffffffa8dd9f4dc5b5
3647,50.306305604,7.826962,30,v6,88000000ffffffffffffa8dd9f4dc5b5
3648,50.313669978,7.364374,30,v6,88000000ffffffffffffa8dd9f4dc5b5
3649,50.319859823,6.189845,30,v6,88000000ffffffffffffa8dd9f4dc5b5
3650,50.326706765,6.846942,30,v6,88000000ffffffffffffa8dd9f4dc5b5
3651,50.333949151,7.242386,30,v6,88000000ffffffffffffa8dd9f4dc5b5
3652,50.341038841,7.089690,30,v6,88000000ffffffffffffa8dd9f4dc5b5
3653,50.347967231,6.928390,30,v6,88000000ffffffffffffa8dd9f4dc5b5
3654,50.355299333,7.332102,30,v6,88000000ffffffffffffa8dd9f4dc5b5
3655,50.362232812,6.933479,30,v6,88000000ffffffffffffa8dd9f4dc5b5
3656,50.369519262,7.286450,30,v6,88000000ffffffffffffa8dd9f4dc5b5
3657,50.376436660,6.917398,30,v6,88000000ffffffffffffa8dd9f4dc5b5
3658,50.383604754,7.168094,30,v6,88000000ffffffffffffa8dd9f4dc5b5
3659,50.390904768,7.300014,30,v6,88000000ffffffffffffa8dd9f4dc5b5
3660,50.397949415,7.044647,30,v6,88000000ffffffffffffa8dd9f4dc5b5
3661,50.405164159,7.214744,30,v6,88000000ffffffffffffa8dd9f4dc5b5
3662,50.411965052,6.800893,30,v6,88000000ffffffffffffa8dd9f4dc5b5
3663,50.419086179,7.121127,30,v6,88000000ffffffffffffa8dd9f4dc5b5
3664,50.426212907,7.126728,30,v6,88000000ffffffffffffa8dd9f4dc5b5
3665,50.434528556,8.315649,30,v6,88000000ffffffffffffa8dd9f4dc5b5
3666,50.441360280,6.831724,30,v6,88000000ffffffffffffa8dd9f4dc5b5
3667,50.448573292,7.213012,30,v6,88000000ffffffffffffa8dd9f4dc5b5
3668,50.455731235,7.157943,30,v6,88000000ffffffffffffa8dd9f4dc5b5
3669,50.461944789,6.213554,30,v6,88000000ffffffffffffa8dd9f4dc5b5
3670,50.469882875,7.938086,30,v6,88000000ffffffffffffa8dd9f4dc5b5
3671,50.476982665,7.099790,30,v6,88000000ffffffffffffa8dd9f4dc5b5
3672,50.485135942,8.153277,30,v6,88000000ffffffffffffa8dd9f4dc5b5
3673,50.492142958,7.007016,30,v6,88000000ffffffffffffa8dd9f4dc5b5
3674,50.499383477,7.240519,30,v6,88000000ffffffffffffa8dd9f4dc5b5
3675,50.506634426,7.250949,30,v6,88000000ffffffffffffa8dd9f4dc5b5
3676,50.513583809,6.949383,30,v6,88000000ffffffffffffa8dd9f4dc5b5
3677,50.520655435,7.071626,30,v6,88000000ffffffffffffa8dd9f4dc5b5
3678,50.527824211,7.168776,30,v6,88000000ffffffffffffa8dd9f4dc5b5
3679,50.534788956,6.964745,30,v6,88000000ffffffffffffa8dd9f4dc5b5
3680,50.542243294,7.454338,30,v6,88000000ffffffffffffa8dd9f4dc5b5
3681,50.549149329,6.906035,30,v6,88000000ffffffffffffa8dd9f4dc5b5
3682,50.556247241,7.097912,30,v6,88000000ffffffffffffa8dd9f4dc5b5
3683,50.563351693,7.104452,30,v6,88000000ffffffffffffa8dd9f4dc5b5
3684,50.570464468,7.112775,30,v6,88000000ffffffffffffa8dd9f4dc5b5
3685,50.577745635,7.281167,30,v6,88000000ffffffffffffa8dd9f4dc5b5
3686,50.584794303,7.048668,30,v6,88000000ffffffffffffa8dd9f4dc5b5
3687,50.591969468,7.175165,30,v6,88000000ffffffffffffa8dd9f4dc5b5
3688,50.599313467,7.343999,30,v6,88000000ffffffffffffa8dd9f4dc5b5
3689,50.606024594,6.711127,30,v6,88000000ffffffffffffa8dd9f4dc5b5
3690,50.613235952,7.211358,30,v6,88000000ffffffffffffa8dd9f4dc5b5
3691,50.620449668,7.213716,30,v6,88000000ffffffffffffa8dd9f4dc5b5
3692,50.627473899,7.024231,30,v6,88000000ffffffffffffa8dd9f4dc5b5
3693,50.634819805,7.345906,30,v6,88000000ffffffffffffa8dd9f4dc5b5
3694,50.641876784,7.056979,30,v6,88000000ffffffffffffa8dd9f4dc5b5
3695,50.648672969,6.796185,30,v6,88000000ffffffffffffa8dd9f4dc5b5
3696,50.656122155,7.449186,30,v6,88000000ffffffffffffa8dd9f4dc5b5
3697,50.663294772,7.172617,30,v6,88000000ffffffffffffa8dd9f4dc5b5
3698,50.669996337,6.701565,30,v6,88000000ffffffffffffa8dd9f4dc5b5
3699,50.677185175,7.188838,30,v6,88000000ffffffffffffa8dd9f4dc5b5
3700,50.691646781,14.461606,30,v6,88000000ffffffffffffa8dd9f4dc5b5
3701,50.698446416,6.799635,30,v6,88000000ffffffffffffa8dd9f4dc5b5
3702,50.705679226,7.232810,30,v6,88000000ffffffffffffa8dd9f4dc5b5
3703,51.033731365,328.052139,30,v6,88000000ffffffffffffa8dd9f4dc5b5
3704,51.040859688,7.128323,30,v6,88000000ffffffffffffa8dd9f4dc5b5
3705,51.049078330,8.218642,30,v6,88000000ffffffffffffa8dd9f4dc5b5
3706,51.056128368,7.050038,30,v6,88000000ffffffffffffa8dd9f4dc5b5
3707,51.063159398,7.031030,30,v6,88000000ffffffffffffa8dd9f4dc5b5
3708,51.070255117,7.095719,30,v6,88000000ffffffffffffa8dd9f4dc5b5
3709,51.077466312,7.211195,30,v6,88000000ffffffffffffa8dd9f4dc5b5
3710,51.083647777,6.181465,30,v6,88000000ffffffffffffa8dd9f4dc5b5
3711,51.090646667,6.998890,30,v6,88000000ffffffffffffa8dd9f4dc5b5
3712,51.097927398,7.280731,30,v6,88000000ffffffffffffa8dd9f4dc5b5
3713,51.104875501,6.948103,30,v6,88000000ffffffffffffa8dd9f4dc5b5
3714,51.112113429,7.237928,30,v6,88000000ffffffffffffa8dd9f4dc5b5
3715,51.119037115,6.923686,30,v6,88000000ffffffffffffa8dd9f4dc5b5
3716,51.126306614,7.269499,30,v6,88000000ffffffffffffa8dd9f4dc5b5
3717,51.132430541,6.123927,30,v6,88000000ffffffffffffa8dd9f4dc5b5
3718,51.139413800,6.983259,30,v6,88000000ffffffffffffa8dd9f4dc5b5
3719,51.146731761,7.317961,30,v6,88000000ffffffffffffa8dd9f4dc5b5
3720,51.153627768,6.896007,30,v6,88000000ffffffffffffa8dd9f4dc5b5
3721,51.161104381,7.476613,30,v6,88000000ffffffffffffa8dd9f4dc5b5
3722,51.167916501,6.812120,30,v6,88000000ffffffffffffa8dd9f4dc5b5
3723,51.174985386,7.068885,30,v6,88000000ffffffffffffa8dd9f4dc5b5
3724,51.182047173,7.061787,30,v6,88000000ffffffffffffa8dd9f4dc5b5
3725,51.189115964,7.068791,30,v6,88000000ffffffffffffa8dd9f4dc5b5
3726,51.197314384,8.198420,30,v6,88000000ffffffffffffa8dd9f4dc5b5
3727,51.204567367,7.252983,30,v6,88000000ffffffffffffa8dd9f4dc5b5
3728,51.210892415,6.325048,30,v6,88000000ffffffffffffa8dd9f4dc5b5
3729,51.217648919,6.756504,30,v6,88000000ffffffffffffa8dd9f4dc5b5
3730,51.224776916,7.127997,30,v6,88000000ffffffffffffa8dd9f4dc5b5
3731,51.231920467,7.143551,30,v6,88000000ffffffffffffa8dd9f4dc5b5
3732,51.239103805,7.183338,30,v6,88000000ffffffffffffa8dd9f4dc5b5
3733,51.246239573,7.135768,30,v6,88000000ffffffffffffa8dd9f4dc5b5
3734,51.253147805,6.908232,30,v6,88000000ffffffffffffa8dd9f4dc5b5
3735,51.260411387,7.263582,30,v6,88000000ffffffffffffa8dd9f4dc5b5
3736,51.267414970,7.003583,30,v6,88000000ffffffffffffa8dd9f4dc5b5
3737,51.273624909,6.209939,30,v6,88000000ffffffffffffa8dd9f4dc5b5
3738,51.280834389,7.209480,30,v6,88000000ffffffffffffa8dd9f4dc5b5
3739,51.287908493,7.074104,30,v6,88000000ffffffffffffa8dd9f4dc5b5
3740,51.295037607,7.129114,30,v6,88000000ffffffffffffa8dd9f4dc5b5
3741,51.301933872,6.896265,30,v6,88000000ffffffffffffa8dd9f4dc5b5
3742,51.309056795,7.122923,30,v6,88000000ffffffffffffa8dd9f4dc5b5
3743,51.316131502,7.074707,30,v6,88000000ffffffffffffa8dd9f4dc5b5
3744,51.323384054,7.252552,30,v6,88000000ffffffffffffa8dd9f4dc5b5
3745,51.331525684,8.141630,30,v6,88000000ffffffffffffa8dd9f4dc5b5
3746,51.338826492,7.300808,30,v6,88000000ffffffffffffa8dd9f4dc5b5
3747,51.344926508,6.100016,30,v6,88000000ffffffffffffa8dd9f4dc5b5
3748,51.352065790,7.139282,30,v6,88000000ffffffffffffa8dd9f4dc5b5
3749,51.358915756,6.849966,30,v6,88000000ffffffffffffa8dd9f4dc5b5
3750,51.365963825,7.048069,30,v6,88000000ffffffffffffa8dd9f4dc5b5
3751,51.373104969,7.141144,30,v6,88000000ffffffffffffa8dd9f4dc5b5
3752,51.380353461,7.248492,30,v6,88000000ffffffffffffa8dd9f4dc5b5
3753,51.387375306,7.021845,30,v6,88000000ffffffffffffa8dd9f4dc5b5
3754,51.394473124,7.097818,30,v6,88000000ffffffffffffa8dd9f4dc5b5
3755,51.400598561,6.125437,30,v6,88000000ffffffffffffa8dd9f4dc5b5
3756,51.407612130,7.013569,30,v6,88000000ffffffffffffa8dd9f4dc5b5
3757,51.414785985,7.173855,30,v6,88000000ffffffffffffa8dd9f4dc5b5
3758,51.421860029,7.074044,30,v6,88000000ffffffffffffa8dd9f4dc5b5
3759,51.429075095,7.215066,30,v6,88000000ffffffffffffa8dd9f4dc5b5
3760,51.436205203,7.130108,30,v6,88000000ffffffffffffa8dd9f4dc5b5
3761,51.444254201,8.048998,30,v6,88000000ffffffffffffa8dd9f4dc5b5
3762,51.450443855,6.189654,30,v6,88000000ffffffffffffa8dd9f4dc5b5
3763,51.458509523,8.065668,30,v6,88000000ffffffffffffa8dd9f4dc5b5
3764,51.465727026,7.217503,30,v6,88000000ffffffffffffa8dd9f4dc5b5
3765,51.471557545,5.830519,30,v6,88000000ffffffffffffa8dd9f4dc5b5
3766,51.479097134,7.539589,30,v6,88000000ffffffffffffa8dd9f4dc5b5
3767,51.493074024,13.976890,30,v6,88000000ffffffffffffa8dd9f4dc5b5
3768,51.500416807,7.342783,30,v6,88000000ffffffffffffa8dd9f4dc5b5
3769,51.507191306,6.774499,30,v6,88000000ffffffffffffa8dd9f4dc5b5
3770,51.514277753,7.086447,30,v6,88000000ffffffffffffa8dd9f4dc5b5
3771,51.520707033,6.429280,30,v6,88000000ffffffffffffa8dd9f4dc5b5
3772,51.527600049,6.893016,30,v6,88000000ffffffffffffa8dd9f4dc5b5
3773,51.534704448,7.104399,30,v6,88000000ffffffffffffa8dd9f4dc5b5
3774,51.541856858,7.152410,30,v6,88000000ffffffffffffa8dd9f4dc5b5
3775,51.548891940,7.035082,30,v6,88000000ffffffffffffa8dd9f4dc5b5
3776,51.557094069,8.202129,30,v6,88000000ffffffffffffa8dd9f4dc5b5
3777,51.564005977,6.911908,30,v6,88000000ffffffffffffa8dd9f4dc5b5
3778,51.571107683,7.101706,30,v6,88000000ffffffffffffa8dd9f4dc5b5
3779,51.577439824,6.332141,30,v6,88000000ffffffffffffa8dd9f4dc5b5
3780,51.585549844,8.110020,30,v6,88000000ffffffffffffa8dd9f4dc5b5
3781,51.591759547,6.209703,30,v6,88000000ffffffffffffa8dd9f4dc5b5
3782,51.598810279,7.050732,30,v6,88000000ffffffffffffa8dd9f4dc5b5
3783,51.605767458,6.957179,30,v6,88000000ffffffffffffa8dd9f4dc5b5
3784,51.613118735,7.351277,30,v6,88000000ffffffffffffa8dd9f4dc5b5
3785,51.619934111,6.815376,30,v6,88000000ffffffffffffa8dd9f4dc5b5
3786,51.627047529,7.113418,30,v6,88000000ffffffffffffa8dd9f4dc5b5
3787,51.634197490,7.149961,30,v6,88000000ffffffffffffa8dd9f4dc5b5
3788,51.640577706,6.380216,30,v6,88000000ffffffffffffa8dd9f4dc5b5
3789,51.647458373,6.880667,30,v6,88000000ffffffffffffa8dd9f4dc5b5
3790,51.654579342,7.120969,30,v6,88000000ffffffffffffa8dd9f4dc5b5
3791,51.662674352,8.095010,30,v6,88000000ffffffffffffa8dd9f4dc5b5
3792,51.669961173,7.286821,30,v6,88000000ffffffffffffa8dd9f4dc5b5
3793,51.677130284,7.169111,30,v6,88000000ffffffffffffa8dd9f4dc5b5
3794,51.684278546,7.148262,30,v6,88000000ffffffffffffa8dd9f4dc5b5
3795,51.691150342,6.871796,30,v6,88000000ffffffffffffa8dd9f4dc5b5
3796,51.698308078,7.157736,30,v6,88000000ffffffffffffa8dd9f4dc5b5
3797,51.705393624,7.085546,30,v6,88000000ffffffffffffa8dd9f4dc5b5
3798,51.711509811,6.116187,30,v6,88000000ffffffffffffa8dd9f4dc5b5
3799,51.718820118,7.310307,30,v6,88000000ffffffffffffa8dd9f4dc5b5
3800,51.725697856,6.877738,30,v6,88000000ffffffffffffa8dd9f4dc5b5
3801,51.732816872,7.119016,30,v6,88000000ffffffffffffa8dd9f4dc5b5
3802,52.061175063,328.358191,30,v6,88000000ffffffffffffa8dd9f4dc5b5
3803,52.068249343,7.074280,30,v6,88000000ffffffffffffa8dd9f4dc5b5
3804,52.075198750,6.949407,30,v6,88000000ffffffffffffa8dd9f4dc5b5
3805,52.082105950,6.907200,30,v6,88000000ffffffffffffa8dd9f4dc5b5
3806,52.089431971,7.326021,30,v6,88000000ffffffffffffa8dd9f4dc5b5
3807,52.096517834,7.085863,30,v6,88000000ffffffffffffa8dd9f4dc5b5
3808,52.102744053,6.226219,30,v6,88000000ffffffffffffa8dd9f4dc5b5
3809,52.109831769,7.087716,30,v6,88000000ffffffffffffa8dd9f4dc5b5
3810,52.117096348,7.264579,30,v6,88000000ffffffffffffa8dd9f4dc5b5
3811,52.123961202,6.864854,30,v6,88000000ffffffffffffa8dd9f4dc5b5
3812,52.129984388,6.023186,30,v6,88000000ffffffffffffa8dd9f4dc5b5
3813,52.137363098,7.378710,30,v6,88000000ffffffffffffa8dd9f4dc5b5
3814,52.144260598,6.897500,30,v6,88000000ffffffffffffa8dd9f4dc5b5
3815,52.152521095,8.260497,30,v6,88000000ffffffffffffa8dd9f4dc5b5
3816,52.159579379,7.058284,30,v6,88000000ffffffffffffa8dd9f4dc5b5
3817,52.165753819,6.174440,30,v6,88000000ffffffffffffa8dd9f4dc5b5
3818,52.172720663,6.966844,30,v6,88000000ffffffffffffa8dd9f4dc5b5
3819,52.179822361,7.101698,30,v6,88000000ffffffffffffa8dd9f4dc5b5
3820,52.187206122,7.383761,30,v6,88000000ffffffffffffa8dd9f4dc5b5
3821,52.193315974,6.109852,30,v6,88000000ffffffffffffa8dd9f4dc5b5
3822,52.200071112,6.755138,30,v6,88000000ffffffffffffa8dd9f4dc5b5
3823,52.207300831,7.229719,30,v6,88000000ffffffffffffa8dd9f4dc5b5
3824,52.214265851,6.965020,30,v6,88000000ffffffffffffa8dd9f4dc5b5
3825,52.221306376,7.040525,30,v6,88000000ffffffffffffa8dd9f4dc5b5
3826,52.228762643,7.456267,30,v6,88000000ffffffffffffa8dd9f4dc5b5
3827,52.234703370,5.940727,30,v6,88000000ffffffffffffa8dd9f4dc5b5
3828,52.241623726,6.920356,30,v6,88000000ffffffffffffa8dd9f4dc5b5
3829,52.248710875,7.087149,30,v6,88000000ffffffffffffa8dd9f4dc5b5
3830,52.255020410,6.309535,30,v6,88000000ffffffffffffa8dd9f4dc5b5
3831,52.263326512,8.306102,30,v6,88000000ffffffffffffa8dd9f4dc5b5
3832,52.270230172,6.903660,30,v6,88000000ffffffffffffa8dd9f4dc5b5
3833,52.277305947,7.075775,30,v6,88000000ffffffffffffa8dd9f4dc5b5
3834,52.284454140,7.148193,30,v6,88000000ffffffffffffa8dd9f4dc5b5
3835,52.291621468,7.167328,30,v6,88000000ffffffffffffa8dd9f4dc5b5
3836,52.297744045,6.122577,30,v6,88000000ffffffffffffa8dd9f4dc5b5
3837,52.305151001,7.406956,30,v6,88000000ffffffffffffa8dd9f4dc5b5
3838,52.311792731,6.641730,30,v6,88000000ffffffffffffa8dd9f4dc5b5
3839,52.319005350,7.212619,30,v6,88000000ffffffffffffa8dd9f4dc5b5
3840,52.325074418,6.069068,30,v6,88000000ffffffffffffa8dd9f4dc5b5
3841,52.332159968,7.085550,30,v6,88000000ffffffffffffa8dd9f4dc5b5
3842,52.339404701,7.244733,30,v6,88000000ffffffffffffa8dd9f4dc5b5
3843,52.346463187,7.058486,30,v6,88000000ffffffffffffa8dd9f4dc5b5
3844,52.353543097,7.079910,30,v6,88000000ffffffffffffa8dd9f4dc5b5
3845,52.360820273,7.277176,30,v6,88000000ffffffffffffa8dd9f4dc5b5
3846,52.367089586,6.269313,30,v6,88000000ffffffffffffa8dd9f4dc5b5
3847,52.374042792,6.953206,30,v6,88000000ffffffffffffa8dd9f4dc5b5
3848,52.381249168,7.206376,30,v6,88000000ffffffffffffa8dd9f4dc5b5
3849,52.389129146,7.879978,30,v6,88000000ffffffffffffa8dd9f4dc5b5
3850,52.396040654,6.911508,30,v6,88000000ffffffffffffa8dd9f4dc5b5
3851,52.402364269,6.323615,30,v6,88000000ffffffffffffa8dd9f4dc5b5
3852,52.409433727,7.069458,30,v6,88000000ffffffffffffa8dd9f4dc5b5
3853,52.416797319,7.363592,30,v6,88000000ffffffffffffa8dd9f4dc5b5
3854,52.423904176,7.106857,30,v6,88000000ffffffffffffa8dd9f4dc5b5
3855,52.430802971,6.898795,30,v6,88000000ffffffffffffa8dd9f4dc5b5
3856,52.436931076,6.128105,30,v6,88000000ffffffffffffa8dd9f4dc5b5
3857,52.444277861,7.346785,30,v6,88000000ffffffffffffa8dd9f4dc5b5
3858,52.451197455,6.919594,30,v6,88000000ffffffffffffa8dd9f4dc5b5
3859,52.457434177,6.236722,30,v6,88000000ffffffffffffa8dd9f4dc5b5
3860,52.464282121,6.847944,30,v6,88000000ffffffffffffa8dd9f4dc5b5
3861,52.471345976,7.063855,30,v6,88000000ffffffffffffa8dd9f4dc5b5
3862,52.478478521,7.132545,30,v6,88000000ffffffffffffa8dd9f4dc5b5
3863,52.484789120,6.310599,30,v6,88000000ffffffffffffa8dd9f4dc5b5
3864,52.492980478,8.191358,30,v6,88000000ffffffffffffa8dd9f4dc5b5
3865,52.498824436,5.843958,30,v6,88000000ffffffffffffa8dd9f4dc5b5
3866,52.506279488,7.455052,30,v6,88000000ffffffffffffa8dd9f4dc5b5
3867,52.513953332,7.673844,30,v6,88000000ffffffffffffa8dd9f4dc5b5
3868,52.520395741,6.442409,30,v6,88000000ffffffffffffa8dd9f4dc5b5
3869,52.527487614,7.091873,30,v6,88000000ffffffffffffa8dd9f4dc5b5
3870,52.534472662,6.985048,30,v6,88000000ffffffffffffa8dd9f4dc5b5
3871,52.541825562,7.352900,30,v6,88000000ffffffffffffa8dd9f4dc5b5
3872,52.548603938,6.778376,30,v6,88000000ffffffffffffa8dd9f4dc5b5
3873,52.555929132,7.325194,30,v6,88000000ffffffffffffa8dd9f4dc5b5
3874,52.562002565,6.073433,30,v6,88000000ffffffffffffa8dd9f4dc5b5
3875,52.569032180,7.029615,30,v6,88000000ffffffffffffa8dd9f4dc5b5
3876,52.575991971,6.959791,99,v6,1c000000aadd9f4dc5b568bdcc020000
3877,52.577175137,1.183166,30,v6,88000000ffffffffffffa8dd9f4dc5b5
3878,52.584240345,7.065208,30,v6,88000000ffffffffffffa8dd9f4dc5b5
3879,52.591380927,7.140582,30,v6,88000000ffffffffffffa8dd9f4dc5b5
3880,52.598582897,7.201970,34,v6,88000000ffffffffffffa8dd9f4dc5b5
3881,52.604453052,5.870155,34,v6,88000000ffffffffffffa8dd9f4dc5b5
3882,52.611561403,7.108351,30,v6,88000000ffffffffffffa8dd9f4dc5b5
3883,52.618717214,7.155811,30,v6,88000000ffffffffffffa8dd9f4dc5b5
3884,52.626100975,7.383761,30,v6,88000000ffffffffffffa8dd9f4dc5b5
3885,52.633280133,7.179158,34,v6,88000000ffffffffffffa8dd9f4dc5b5
3886,52.639346904,6.066771,34,v6,88000000ffffffffffffa8dd9f4dc5b5
3887,52.646111128,6.764224,30,v6,88000000ffffffffffffa8dd9f4dc5b5
3888,52.653461260,7.350132,34,v6,88000000ffffffffffffa8dd9f4dc5b5
3889,52.660287207,6.825947,34,v6,88000000ffffffffffffa8dd9f4dc5b5
3890,52.668672546,8.385339,34,v6,88000000ffffffffffffa8dd9f4dc5b5
3891,52.674636946,5.964400,30,v6,88000000ffffffffffffa8dd9f4dc5b5
3892,52.681672828,7.035882,34,v6,88000000ffffffffffffa8dd9f4dc5b5
3893,52.688955197,7.282369,30,v6,88000000ffffffffffffa8dd9f4dc5b5
3894,52.696071008,7.115811,34,v6,88000000ffffffffffffa8dd9f4dc5b5
3895,52.702999864,6.928856,34,v6,88000000ffffffffffffa8dd9f4dc5b5
3896,52.709073173,6.073309,30,v6,88000000ffffffffffffa8dd9f4dc5b5
3897,52.716287978,7.214805,30,v6,88000000ffffffffffffa8dd9f4dc5b5
3898,52.723368332,7.080354,30,v6,88000000ffffffffffffa8dd9f4dc5b5
3899,52.730681875,7.313543,30,v6,88000000ffffffffffffa8dd9f4dc5b5
3900,52.736686204,6.004329,34,v6,88000000ffffffffffffa8dd9f4dc5b5
3901,52.743892436,7.206232,34,v6,88000000ffffffffffffa8dd9f4dc5b5
3902,52.750839189,6.946753,30,v6,88000000ffffffffffffa8dd9f4dc5b5
3903,53.079018833,328.179644,30,v6,88000000ffffffffffffa8dd9f4dc5b5
3904,53.086301515,7.282682,30,v6,88000000ffffffffffffa8dd9f4dc5b5
3905,53.093232770,6.931255,30,v6,88000000ffffffffffffa8dd9f4dc5b5
3906,53.099373222,6.140452,30,v6,88000000ffffffffffffa8dd9f4dc5b5
3907,53.106493910,7.120688,34,v6,88000000ffffffffffffa8dd9f4dc5b5
3908,53.113784964,7.291054,34,v6,88000000ffffffffffffa8dd9f4dc5b5
3909,53.119684945,5.899981,30,v6,88000000ffffffffffffa8dd9f4dc5b5
3910,53.126591635,6.906690,34,v6,88000000ffffffffffffa8dd9f4dc5b5
3911,53.133928419,7.336784,30,v6,88000000ffffffffffffa8dd9f4dc5b5
3912,53.139996507,6.068088,34,v6,88000000ffffffffffffa8dd9f4dc5b5
3913,53.147222812,7.226305,34,v6,88000000ffffffffffffa8dd9f4dc5b5
3914,53.154171533,6.948721,30,v6,88000000ffffffffffffa8dd9f4dc5b5
3915,53.162216878,8.045345,34,v6,88000000ffffffffffffa8dd9f4dc5b5
3916,53.168409041,6.192163,34,v6,88000000ffffffffffffa8dd9f4dc5b5
3917,53.175462129,7.053088,30,v6,88000000ffffffffffffa8dd9f4dc5b5
3918,53.182747967,7.285838,34,v6,88000000ffffffffffffa8dd9f4dc5b5
3919,53.189599206,6.851239,34,v6,88000000ffffffffffffa8dd9f4dc5b5
3920,53.195968111,6.368905,34,v6,88000000ffffffffffffa8dd9f4dc5b5
3921,53.203061908,7.093797,34,v6,88000000ffffffffffffa8dd9f4dc5b5
3922,53.210155112,7.093204,34,v6,88000000ffffffffffffa8dd9f4dc5b5
3923,53.216170184,6.015072,30,v6,88000000ffffffffffffa8dd9f4dc5b5
3924,53.223186965,7.016781,34,v6,88000000ffffffffffffa8dd9f4dc5b5
3925,53.230407041,7.220076,34,v6,88000000ffffffffffffa8dd9f4dc5b5
3926,53.236442785,6.035744,34,v6,88000000ffffffffffffa8dd9f4dc5b5
3927,53.243467885,7.025100,34,v6,88000000ffffffffffffa8dd9f4dc5b5
3928,53.250681935,7.214050,34,v6,88000000ffffffffffffa8dd9f4dc5b5
3929,53.256846366,6.164431,34,v6,88000000ffffffffffffa8dd9f4dc5b5
3930,53.264942777,8.096411,30,v6,88000000ffffffffffffa8dd9f4dc5b5
3931,53.271112114,6.169337,30,v6,88000000ffffffffffffa8dd9f4dc5b5
3932,53.278003649,6.891535,30,v6,88000000ffffffffffffa8dd9f4dc5b5
3933,53.285093285,7.089636,30,v6,88000000ffffffffffffa8dd9f4dc5b5
3934,53.292328269,7.234984,34,v6,88000000ffffffffffffa8dd9f4dc5b5
3935,53.298470671,6.142402,30,v6,88000000ffffffffffffa8dd9f4dc5b5
3936,53.305698454,7.227783,30,v6,88000000ffffffffffffa8dd9f4dc5b5
3937,53.312816175,7.117721,30,v6,88000000ffffffffffffa8dd9f4dc5b5
3938,53.318821058,6.004883,34,v6,88000000ffffffffffffa8dd9f4dc5b5
3939,53.325878837,7.057779,34,v6,88000000ffffffffffffa8dd9f4dc5b5
3940,53.333235364,7.356527,34,v6,88000000ffffffffffffa8dd9f4dc5b5
3941,53.340214581,6.979217,30,v6,88000000ffffffffffffa8dd9f4dc5b5
3942,53.346295285,6.080704,30,v6,88000000ffffffffffffa8dd9f4dc5b5
3943,53.353521696,7.226411,34,v6,88000000ffffffffffffa8dd9f4dc5b5
3944,53.359546280,6.024584,30,v6,88000000ffffffffffffa8dd9f4dc5b5
3945,53.367589617,8.043337,34,v6,88000000ffffffffffffa8dd9f4dc5b5
3946,53.374714268,7.124651,30,v6,88000000ffffffffffffa8dd9f4dc5b5
3947,53.381672283,6.958015,30,v6,88000000ffffffffffffa8dd9f4dc5b5
3948,53.387841581,6.169298,34,v6,88000000ffffffffffffa8dd9f4dc5b5
3949,53.394969044,7.127463,30,v6,88000000ffffffffffffa8dd9f4dc5b5
3950,53.402085617,7.116573,30,v6,88000000ffffffffffffa8dd9f4dc5b5
3951,53.409204572,7.118955,30,v6,88000000ffffffffffffa8dd9f4dc5b5
3952,53.415414404,6.209832,30,v6,88000000ffffffffffffa8dd9f4dc5b5
3953,53.422555135,7.140731,30,v6,88000000ffffffffffffa8dd9f4dc5b5
3954,53.428653397,6.098262,34,v6,88000000ffffffffffffa8dd9f4dc5b5
3955,53.435726861,7.073464,30,v6,88000000ffffffffffffa8dd9f4dc5b5
3956,53.442741173,7.014312,34,v6,88000000ffffffffffffa8dd9f4dc5b5
3957,53.448824215,6.083042,34,v6,88000000ffffffffffffa8dd9f4dc5b5
3958,53.455883209,7.058994,30,v6,88000000ffffffffffffa8dd9f4dc5b5
3959,53.463079249,7.196040,34,v6,88000000ffffffffffffa8dd9f4dc5b5
3960,53.470259085,7.179836,30,v6,88000000ffffffffffffa8dd9f4dc5b5
3961,53.477168539,6.909454,34,v6,88000000ffffffffffffa8dd9f4dc5b5
3962,53.484396082,7.227543,30,v6,88000000ffffffffffffa8dd9f4dc5b5
3963,53.490466032,6.069950,30,v6,88000000ffffffffffffa8dd9f4dc5b5
3964,53.498943603,8.477571,30,v6,88000000ffffffffffffa8dd9f4dc5b5
3965,53.505841540,6.897937,30,v6,88000000ffffffffffffa8dd9f4dc5b5
3966,53.511865843,6.024303,34,v6,88000000ffffffffffffa8dd9f4dc5b5
3967,53.519367721,7.501878,30,v6,88000000ffffffffffffa8dd9f4dc5b5
3968,53.526181936,6.814215,34,v6,88000000ffffffffffffa8dd9f4dc5b5
3969,53.532412338,6.230402,34,v6,88000000ffffffffffffa8dd9f4dc5b5
3970,53.539293948,6.881610,30,v6,88000000ffffffffffffa8dd9f4dc5b5
3971,53.546399225,7.105277,34,v6,88000000ffffffffffffa8dd9f4dc5b5
3972,53.553621667,7.222442,30,v6,88000000ffffffffffffa8dd9f4dc5b5
3973,53.559978882,6.357215,34,v6,88000000ffffffffffffa8dd9f4dc5b5
3974,53.566784985,6.806103,30,v6,88000000ffffffffffffa8dd9f4dc5b5
3975,53.573782407,6.997422,30,v6,88000000ffffffffffffa8dd9f4dc5b5
3976,53.580138804,6.356397,30,v6,88000000ffffffffffffa8dd9f4dc5b5
3977,53.587153675,7.014871,30,v6,88000000ffffffffffffa8dd9f4dc5b5
3978,53.594315360,7.161685,34,v6,88000000ffffffffffffa8dd9f4dc5b5
3979,53.600178496,5.863136,30,v6,88000000ffffffffffffa8dd9f4dc5b5
3980,53.607104593,6.926097,30,v6,88000000ffffffffffffa8dd9f4dc5b5
3981,53.614445681,7.341088,30,v6,88000000ffffffffffffa8dd9f4dc5b5
3982,53.621720660,7.274979,30,v6,88000000ffffffffffffa8dd9f4dc5b5
3983,53.627720874,6.000214,34,v6,88000000ffffffffffffa8dd9f4dc5b5
3984,53.634879632,7.158758,34,v6,88000000ffffffffffffa8dd9f4dc5b5
3985,53.642861764,7.982132,34,v6,88000000ffffffffffffa8dd9f4dc5b5
3986,53.649258301,6.396537,34,v6,88000000ffffffffffffa8dd9f4dc5b5
3987,53.655942850,6.684549,30,v6,88000000ffffffffffffa8dd9f4dc5b5
3988,53.663175481,7.232631,34,v6,88000000ffffffffffffa8dd9f4dc5b5
3989,53.670350462,7.174981,30,v6,88000000ffffffffffffa8dd9f4dc5b5
3990,53.676392947,6.042485,34,v6,88000000ffffffffffffa8dd9f4dc5b5
3991,53.683492458,7.099511,30,v6,88000000ffffffffffffa8dd9f4dc5b5
3992,53.690548344,7.055886,30,v6,88000000ffffffffffffa8dd9f4dc5b5
3993,53.696772664,6.224320,30,v6,88000000ffffffffffffa8dd9f4dc5b5
3994,53.703780018,7.007354,34,v6,88000000ffffffffffffa8dd9f4dc5b5
3995,53.710948492,7.168474,34,v6,88000000ffffffffffffa8dd9f4dc5b5
3996,53.717371150,6.422658,30,v6,88000000ffffffffffffa8dd9f4dc5b5
3997,53.724223742,6.852592,30,v6,88000000ffffffffffffa8dd9f4dc5b5
3998,53.730300467,6.076725,34,v6,88000000ffffffffffffa8dd9f4dc5b5
3999,53.737534903,7.234436,30,v6,88000000ffffffffffffa8dd9f4dc5b5
4000,53.744440937,6.906034,34,v6,88000000ffffffffffffa8dd9f4dc5b5
4001,53.751637288,7.196351,30,v6,88000000ffffffffffffa8dd9f4dc5b5
4002,53.758694547,7.057259,34,v6,88000000ffffffffffffa8dd9f4dc5b5
4003,54.086938504,328.243957,34,v6,88000000ffffffffffffa8dd9f4dc5b5
4004,54.093975850,7.037346,30,v6,88000000ffffffffffffa8dd9f4dc5b5
4005,54.100261311,6.285461,34,v6,88000000ffffffffffffa8dd9f4dc5b5
4006,54.107142018,6.880707,34,v6,88000000ffffffffffffa8dd9f4dc5b5
4007,54.114174209,7.032191,30,v6,88000000ffffffffffffa8dd9f4dc5b5
4008,54.120238857,6.064648,30,v6,88000000ffffffffffffa8dd9f4dc5b5
4009,54.126465507,6.226650,34,v6,88000000ffffffffffffa8dd9f4dc5b5
4010,54.133732242,7.266735,30,v6,88000000ffffffffffffa8dd9f4dc5b5
4011,54.140723544,6.991302,30,v6,88000000ffffffffffffa8dd9f4dc5b5
4012,54.148947600,8.224056,30,v6,88000000ffffffffffffa8dd9f4dc5b5
4013,54.155039183,6.091583,34,v6,88000000ffffffffffffa8dd9f4dc5b5
4014,54.162244858,7.205675,30,v6,88000000ffffffffffffa8dd9f4dc5b5
4015,54.168158451,5.913593,34,v6,88000000ffffffffffffa8dd9f4dc5b5
4016,54.175463411,7.304960,34,v6,88000000ffffffffffffa8dd9f4dc5b5
4017,54.182280408,6.816997,30,v6,88000000ffffffffffffa8dd9f4dc5b5
4018,54.188462732,6.182324,34,v6,88000000ffffffffffffa8dd9f4dc5b5
4019,54.195595187,7.132455,34,v6,88000000ffffffffffffa8dd9f4dc5b5
4020,54.201655095,6.059908,30,v6,88000000ffffffffffffa8dd9f4dc5b5
4021,54.208675218,7.020123,30,v6,88000000ffffffffffffa8dd9f4dc5b5
4022,54.216234805,7.559587,30,v6,88000000ffffffffffffa8dd9f4dc5b5
4023,54.221956372,5.721567,34,v6,88000000ffffffffffffa8dd9f4dc5b5
4024,54.229208336,7.251964,34,v6,88000000ffffffffffffa8dd9f4dc5b5
4025,54.235184190,5.975854,30,v6,88000000ffffffffffffa8dd9f4dc5b5
4026,54.242136395,6.952205,34,v6,88000000ffffffffffffa8dd9f4dc5b5
4027,54.249345702,7.209307,30,v6,88000000ffffffffffffa8dd9f4dc5b5
4028,54.255493481,6.147779,34,v6,88000000ffffffffffffa8dd9f4dc5b5
4029,54.261558134,6.064653,34,v6,88000000ffffffffffffa8dd9f4dc5b5
4030,54.269988376,8.430242,30,v6,88000000ffffffffffffa8dd9f4dc5b5
4031,54.276747835,6.759459,30,v6,88000000ffffffffffffa8dd9f4dc5b5
4032,54.283000496,6.252661,34,v6,88000000ffffffffffffa8dd9f4dc5b5
4033,54.290303851,7.303355,34,v6,88000000ffffffffffffa8dd9f4dc5b5
4034,54.297293511,6.989660,30,v6,88000000ffffffffffffa8dd9f4dc5b5
4035,54.303321141,6.027630,34,v6,88000000ffffffffffffa8dd9f4dc5b5
4036,54.310347608,7.026467,34,v6,88000000ffffffffffffa8dd9f4dc5b5
4037,54.316465894,6.118286,34,v6,88000000ffffffffffffa8dd9f4dc5b5
4038,54.323853079,7.387185,34,v6,88000000ffffffffffffa8dd9f4dc5b5
4039,54.329713193,5.860114,30,v6,88000000ffffffffffffa8dd9f4dc5b5
4040,54.336910930,7.197737,34,v6,88000000ffffffffffffa8dd9f4dc5b5
4041,54.343954310,7.043380,34,v6,88000000ffffffffffffa8dd9f4dc5b5
4042,54.350096111,6.141801,34,v6,88000000ffffffffffffa8dd9f4dc5b5
4043,54.356925880,6.829769,34,v6,88000000ffffffffffffa8dd9f4dc5b5
4044,54.364319756,7.393876,34,v6,88000000ffffffffffffa8dd9f4dc5b5
4045,54.370234797,5.915041,30,v6,88000000ffffffffffffa8dd9f4dc5b5
4046,54.377565455,7.330658,30,v6,88000000ffffffffffffa8dd9f4dc5b5
4047,54.384691858,7.126403,34,v6,88000000ffffffffffffa8dd9f4dc5b5
4048,54.391950844,7.258986,30,v6,88000000ffffffffffffa8dd9f4dc5b5
4049,54.398968428,7.017584,30,v6,88000000ffffffffffffa8dd9f4dc5b5
4050,54.404945301,5.976873,30,v6,88000000ffffffffffffa8dd9f4dc5b5
4051,54.412061335,7.116034,30,v6,88000000ffffffffffffa8dd9f4dc5b5
4052,54.418467032,6.405697,30,v6,88000000ffffffffffffa8dd9f4dc5b5
4053,54.425238766,6.771734,34,v6,88000000ffffffffffffa8dd9f4dc5b5
4054,54.432427703,7.188937,30,v6,88000000ffffffffffffa8dd9f4dc5b5
4055,54.438542805,6.115102,30,v6,88000000ffffffffffffa8dd9f4dc5b5
4056,54.445463178,6.920373,34,v6,88000000ffffffffffffa8dd9f4dc5b5
4057,54.451641035,6.177857,34,v6,88000000ffffffffffffa8dd9f4dc5b5
4058,54.458645588,7.004553,30,v6,88000000ffffffffffffa8dd9f4dc5b5
4059,54.464964885,6.319297,30,v6,88000000ffffffffffffa8dd9f4dc5b5
4060,54.472250369,7.285484,34,v6,88000000ffffffffffffa8dd9f4dc5b5
4061,54.479043806,6.793437,30,v6,88000000ffffffffffffa8dd9f4dc5b5
4062,54.485150225,6.106419,30,v6,88000000ffffffffffffa8dd9f4dc5b5
4063,54.492171860,7.021635,30,v6,88000000ffffffffffffa8dd9f4dc5b5
4064,54.499427444,7.255584,30,v6,88000000ffffffffffffa8dd9f4dc5b5
4065,54.506490288,7.062844,30,v6,88000000ffffffffffffa8dd9f4dc5b5
4066,54.513469987,6.979699,30,v6,88000000ffffffffffffa8dd9f4dc5b5
4067,54.520737923,7.267936,34,v6,88000000ffffffffffffa8dd9f4dc5b5
4068,54.527779665,7.041742,34,v6,88000000ffffffffffffa8dd9f4dc5b5
4069,54.533978204,6.198539,34,v6,88000000ffffffffffffa8dd9f4dc5b5
4070,54.541257738,7.279534,34,v6,88000000ffffffffffffa8dd9f4dc5b5
4071,54.547081005,5.823267,34,v6,88000000ffffffffffffa8dd9f4dc5b5
4072,54.554397928,7.316923,34,v6,88000000ffffffffffffa8dd9f4dc5b5
4073,54.560179703,5.781775,30,v6,88000000ffffffffffffa8dd9f4dc5b5
4074,54.567371439,7.191736,30,v6,88000000ffffffffffffa8dd9f4dc5b5
4075,54.573497055,6.125616,30,v6,88000000ffffffffffffa8dd9f4dc5b5
4076,54.580734656,7.237601,34,v6,88000000ffffffffffffa8dd9f4dc5b5
4077,54.587865138,7.130482,30,v6,88000000ffffffffffffa8dd9f4dc5b5
4078,54.593853255,5.988117,30,v6,88000000ffffffffffffa8dd9f4dc5b5
4079,54.600847970,6.994715,30,v6,88000000ffffffffffffa8dd9f4dc5b5
4080,54.607894049,7.046079,34,v6,88000000ffffffffffffa8dd9f4dc5b5
4081,54.615213338,7.319289,34,v6,88000000ffffffffffffa8dd9f4dc5b5
4082,54.622060215,6.846877,34,v6,88000000ffffffffffffa8dd9f4dc5b5
4083,54.629308229,7.248014,30,v6,88000000ffffffffffffa8dd9f4dc5b5
4084,54.635518575,6.210346,30,v6,88000000ffffffffffffa8dd9f4dc5b5
4085,54.642563635,7.045060,30,v6,88000000ffffffffffffa8dd9f4dc5b5
4086,54.648964234,6.400599,34,v6,88000000ffffffffffffa8dd9f4dc5b5
4087,54.655880593,6.916359,34,v6,88000000ffffffffffffa8dd9f4dc5b5
4088,54.662908190,7.027597,34,v6,88000000ffffffffffffa8dd9f4dc5b5
4089,54.668999383,6.091193,34,v6,88000000ffffffffffffa8dd9f4dc5b5
4090,54.676058005,7.058622,30,v6,88000000ffffffffffffa8dd9f4dc5b5
4091,54.682126840,6.068835,34,v6,88000000ffffffffffffa8dd9f4dc5b5
4092,54.689330375,7.203535,30,v6,88000000ffffffffffffa8dd9f4dc5b5
4093,54.695400256,6.069881,30,v6,88000000ffffffffffffa8dd9f4dc5b5
4094,54.702503190,7.102934,34,v6,88000000ffffffffffffa8dd9f4dc5b5
4095,54.709628625,7.125435,30,v6,88000000ffffffffffffa8dd9f4dc5b5
4096,54.715952794,6.324169,30,v6,88000000ffffffffffffa8dd9f4dc5b5
4097,54.723125166,7.172372,34,v6,88000000ffffffffffffa8dd9f4dc5b5
4098,54.728968819,5.843653,34,v6,88000000ffffffffffffa8dd9f4dc5b5
4099,54.737076787,8.107968,30,v6,88000000ffffffffffffa8dd9f4dc5b5
4100,54.744145110,7.068323,34,v6,88000000ffffffffffffa8dd9f4dc5b5
4101,54.750207454,6.062344,34,v6,88000000ffffffffffffa8dd9f4dc5b5
4102,54.757271347,7.063893,34,v6,88000000ffffffffffffa8dd9f4dc5b5
4103,55.109115926,351.844579,34,v6,88000000ffffffffffffa8dd9f4dc5b5
4104,55.116150102,7.034176,30,v6,88000000ffffffffffffa8dd9f4dc5b5
4105,55.122123521,5.973419,34,v6,88000000ffffffffffffa8dd9f4dc5b5
4106,55.129324334,7.200813,30,v6,88000000ffffffffffffa8dd9f4dc5b5
4107,55.135367999,6.043665,30,v6,88000000ffffffffffffa8dd9f4dc5b5
4108,55.142624442,7.256443,30,v6,88000000ffffffffffffa8dd9f4dc5b5
4109,55.148713399,6.088957,34,v6,88000000ffffffffffffa8dd9f4dc5b5
4110,55.155637176,6.923777,34,v6,88000000ffffffffffffa8dd9f4dc5b5
4111,55.161950822,6.313646,34,v6,88000000ffffffffffffa8dd9f4dc5b5
4112,55.169097062,7.146240,34,v6,88000000ffffffffffffa8dd9f4dc5b5
4113,55.175151306,6.054244,34,v6,88000000ffffffffffffa8dd9f4dc5b5
4114,55.182217817,7.066511,34,v6,88000000ffffffffffffa8dd9f4dc5b5
4115,55.188218197,6.000380,34,v6,88000000ffffffffffffa8dd9f4dc5b5
4116,55.195303529,7.085332,30,v6,88000000ffffffffffffa8dd9f4dc5b5
4117,55.201493978,6.190449,30,v6,88000000ffffffffffffa8dd9f4dc5b5
4118,55.208512977,7.018999,34,v6,88000000ffffffffffffa8dd9f4dc5b5
4119,55.215877632,7.364655,30,v6,88000000ffffffffffffa8dd9f4dc5b5
4120,55.221663783,5.786151,30,v6,88000000ffffffffffffa8dd9f4dc5b5
4121,55.228970420,7.306637,30,v6,88000000ffffffffffffa8dd9f4dc5b5
4122,55.236096651,7.126231,34,v6,88000000ffffffffffffa8dd9f4dc5b5
4123,55.242093034,5.996383,34,v6,88000000ffffffffffffa8dd9f4dc5b5
4124,55.249164913,7.071879,30,v6,88000000ffffffffffffa8dd9f4dc5b5
4125,55.255054465,5.889552,30,v6,88000000ffffffffffffa8dd9f4dc5b5
4126,55.261335992,6.281527,34,v6,88000000ffffffffffffa8dd9f4dc5b5
4127,55.268492675,7.156683,30,v6,88000000ffffffffffffa8dd9f4dc5b5
4128,55.274756543,6.263868,30,v6,88000000ffffffffffffa8dd9f4dc5b5
4129,55.281828954,7.072411,34,v6,88000000ffffffffffffa8dd9f4dc5b5
4130,55.288895230,7.066276,30,v6,88000000ffffffffffffa8dd9f4dc5b5
4131,55.294960547,6.065317,30,v6,88000000ffffffffffffa8dd9f4dc5b5
4132,55.302024325,7.063778,34,v6,88000000ffffffffffffa8dd9f4dc5b5
4133,55.308182944,6.158619,30,v6,88000000ffffffffffffa8dd9f4dc5b5
4134,55.316292314,8.109370,34,v6,88000000ffffffffffffa8dd9f4dc5b5
4135,55.322386228,6.093914,30,v6,88000000ffffffffffffa8dd9f4dc5b5
4136,55.328626450,6.240222,30,v6,88000000ffffffffffffa8dd9f4dc5b5
4137,55.335652966,7.026516,34,v6,88000000ffffffffffffa8dd9f4dc5b5
4138,55.342602227,6.949261,34,v6,88000000ffffffffffffa8dd9f4dc5b5
4139,55.348614542,6.012315,30,v6,88000000ffffffffffffa8dd9f4dc5b5
4140,55.355867565,7.253023,30,v6,88000000ffffffffffffa8dd9f4dc5b5
4141,55.362132396,6.264831,30,v6,88000000ffffffffffffa8dd9f4dc5b5
4142,55.368100911,5.968515,30,v6,88000000ffffffffffffa8dd9f4dc5b5
4143,55.375132424,7.031513,34,v6,88000000ffffffffffffa8dd9f4dc5b5
4144,55.382274225,7.141801,30,v6,88000000ffffffffffffa8dd9f4dc5b5
4145,55.388352710,6.078485,34,v6,88000000ffffffffffffa8dd9f4dc5b5
4146,55.395608604,7.255894,30,v6,88000000ffffffffffffa8dd9f4dc5b5
4147,55.401676189,6.067585,34,v6,88000000ffffffffffffa8dd9f4dc5b5
4148,55.408675002,6.998813,30,v6,88000000ffffffffffffa8dd9f4dc5b5
4149,55.415099196,6.424194,34,v6,88000000ffffffffffffa8dd9f4dc5b5
4150,55.421203871,6.104675,30,v6,88000000ffffffffffffa8dd9f4dc5b5
4151,55.428022114,6.818243,34,v6,88000000ffffffffffffa8dd9f4dc5b5
4152,55.436258001,8.235887,30,v6,88000000ffffffffffffa8dd9f4dc5b5
4153,55.442150281,5.892280,30,v6,88000000ffffffffffffa8dd9f4dc5b5
4154,55.449148942,6.998661,34,v6,88000000ffffffffffffa8dd9f4dc5b5
4155,55.455535942,6.387000,34,v6,88000000ffffffffffffa8dd9f4dc5b5
4156,55.462491601,6.955659,34,v6,88000000ffffffffffffa8dd9f4dc5b5
4157,55.468573841,6.082240,30,v6,88000000ffffffffffffa8dd9f4dc5b5
4158,55.475653522,7.079681,34,v6,88000000ffffffffffffa8dd9f4dc5b5
4159,55.481705706,6.052184,30,v6,88000000ffffffffffffa8dd9f4dc5b5
4160,55.489013282,7.307576,34,v6,88000000ffffffffffffa8dd9f4dc5b5
4161,55.495095123,6.081841,30,v6,88000000ffffffffffffa8dd9f4dc5b5
4162,55.502232608,7.137485,34,v6,88000000ffffffffffffa8dd9f4dc5b5
4163,55.508294840,6.062232,30,v6,88000000ffffffffffffa8dd9f4dc5b5
4164,55.515377359,7.082519,34,v6,88000000ffffffffffffa8dd9f4dc5b5
4165,55.521684060,6.306701,30,v6,88000000ffffffffffffa8dd9f4dc5b5
4166,55.528474300,6.790240,34,v6,88000000ffffffffffffa8dd9f4dc5b5
4167,55.534782310,6.308010,30,v6,88000000ffffffffffffa8dd9f4dc5b5
4168,55.542754634,7.972324,34,v6,88000000ffffffffffffa8dd9f4dc5b5
4169,55.548732121,5.977487,34,v6,88000000ffffffffffffa8dd9f4dc5b5
4170,55.555945040,7.212919,30,v6,88000000ffffffffffffa8dd9f4dc5b5
4171,55.562138838,6.193798,30,v6,88000000ffffffffffffa8dd9f4dc5b5
4172,55.569217980,7.079142,30,v6,88000000ffffffffffffa8dd9f4dc5b5
4173,55.575382174,6.164194,34,v6,88000000ffffffffffffa8dd9f4dc5b5
4174,55.582410758,7.028584,30,v6,88000000ffffffffffffa8dd9f4dc5b5
4175,55.588730602,6.319844,34,v6,88000000ffffffffffffa8dd9f4dc5b5
4176,55.595617017,6.886415,34,v6,88000000ffffffffffffa8dd9f4dc5b5
4177,55.601918950,6.301933,34,v6,88000000ffffffffffffa8dd9f4dc5b5
4178,55.608876674,6.957724,34,v6,88000000ffffffffffffa8dd9f4dc5b5
4179,55.615204399,6.327725,30,v6,88000000ffffffffffffa8dd9f4dc5b5
4180,55.622122222,6.917823,30,v6,88000000ffffffffffffa8dd9f4dc5b5
4181,55.628309921,6.187699,34,v6,88000000ffffffffffffa8dd9f4dc5b5
4182,55.635417435,7.107514,30,v6,88000000ffffffffffffa8dd9f4dc5b5
4183,55.641332082,5.914647,34,v6,88000000ffffffffffffa8dd9f4dc5b5
4184,55.648682313,7.350231,34,v6,88000000ffffffffffffa8dd9f4dc5b5
4185,55.654668827,5.986514,34,v6,88000000ffffffffffffa8dd9f4dc5b5
4186,55.661699287,7.030460,30,v6,88000000ffffffffffffa8dd9f4dc5b5
4187,55.668794799,7.095512,30,v6,88000000ffffffffffffa8dd9f4dc5b5
4188,55.675651230,6.856431,30,v6,88000000ffffffffffffa8dd9f4dc5b5
4189,55.681949475,6.298245,30,v6,88000000ffffffffffffa8dd9f4dc5b5
4190,55.688923309,6.973834,34,v6,88000000ffffffffffffa8dd9f4dc5b5
4191,55.696217293,7.293984,34,v6,88000000ffffffffffffa8dd9f4dc5b5
4192,55.702239028,6.021735,30,v6,88000000ffffffffffffa8dd9f4dc5b5
4193,55.709497421,7.258393,30,v6,88000000ffffffffffffa8dd9f4dc5b5
4194,55.715649361,6.151940,34,v6,88000000ffffffffffffa8dd9f4dc5b5
4195,55.721741675,6.092314,34,v6,88000000ffffffffffffa8dd9f4dc5b5
4196,55.728908657,7.166982,34,v6,88000000ffffffffffffa8dd9f4dc5b5
4197,55.735927182,7.018525,30,v6,88000000ffffffffffffa8dd9f4dc5b5
4198,55.741959711,6.032529,34,v6,88000000ffffffffffffa8dd9f4dc5b5
4199,55.749293713,7.334002,34,v6,88000000ffffffffffffa8dd9f4dc5b5
4200,55.755361388,6.067675,30,v6,88000000ffffffffffffa8dd9f4dc5b5
4201,55.762130544,6.769156,34,v6,88000000ffffffffffffa8dd9f4dc5b5
4202,55.768460863,6.330319,34,v6,88000000ffffffffffffa8dd9f4dc5b5
4203,56.096641679,328.180816,34,v6,88000000ffffffffffffa8dd9f4dc5b5
4204,56.102649586,6.007907,30,v6,88000000ffffffffffffa8dd9f4dc5b5
4205,56.109610830,6.961244,34,v6,88000000ffffffffffffa8dd9f4dc5b5
4206,56.115976701,6.365871,34,v6,88000000ffffffffffffa8dd9f4dc5b5
4207,56.122887222,6.910521,34,v6,88000000ffffffffffffa8dd9f4dc5b5
4208,56.129287606,6.400384,34,v6,88000000ffffffffffffa8dd9f4dc5b5
4209,56.136021012,6.733406,34,v6,88000000ffffffffffffa8dd9f4dc5b5
4210,56.142478746,6.457734,34,v6,88000000ffffffffffffa8dd9f4dc5b5
4211,56.149344400,6.865654,30,v6,88000000ffffffffffffa8dd9f4dc5b5
4212,56.156558614,7.214214,30,v6,88000000ffffffffffffa8dd9f4dc5b5
4213,56.162894904,6.336290,30,v6,88000000ffffffffffffa8dd9f4dc5b5
4214,56.169645885,6.750981,30,v6,88000000ffffffffffffa8dd9f4dc5b5
4215,56.175745291,6.099406,30,v6,88000000ffffffffffffa8dd9f4dc5b5
4216,56.182075769,6.330478,34,v6,88000000ffffffffffffa8dd9f4dc5b5
4217,56.188938822,6.863053,34,v6,88000000ffffffffffffa8dd9f4dc5b5
4218,56.195018949,6.080127,34,v6,88000000ffffffffffffa8dd9f4dc5b5
4219,56.201526403,6.507454,34,v6,88000000ffffffffffffa8dd9f4dc5b5
4220,56.208102162,6.575759,30,v6,88000000ffffffffffffa8dd9f4dc5b5
4221,56.214346631,6.244469,30,v6,88000000ffffffffffffa8dd9f4dc5b5
4222,56.220523476,6.176845,34,v6,88000000ffffffffffffa8dd9f4dc5b5
4223,56.227538545,7.015069,30,v6,88000000ffffffffffffa8dd9f4dc5b5
4224,56.234911668,7.373123,30,v6,88000000ffffffffffffa8dd9f4dc5b5
4225,56.240683053,5.771385,34,v6,88000000ffffffffffffa8dd9f4dc5b5
4226,56.246841708,6.158655,30,v6,88000000ffffffffffffa8dd9f4dc5b5
4227,56.253027683,6.185975,34,v6,88000000ffffffffffffa8dd9f4dc5b5
4228,56.259964112,6.936429,30,v6,88000000ffffffffffffa8dd9f4dc5b5
4229,56.267298301,7.334189,30,v6,88000000ffffffffffffa8dd9f4dc5b5
4230,56.273199551,5.901250,30,v6,88000000ffffffffffffa8dd9f4dc5b5
4231,56.280384093,7.184542,34,v6,88000000ffffffffffffa8dd9f4dc5b5
4232,56.286404221,6.020128,34,v6,88000000ffffffffffffa8dd9f4dc5b5
4233,56.293526714,7.122493,34,v6,88000000ffffffffffffa8dd9f4dc5b5
4234,56.300819415,7.292701,34,v6,88000000ffffffffffffa8dd9f4dc5b5
4235,56.306832671,6.013256,34,v6,88000000ffffffffffffa8dd9f4dc5b5
4236,56.313005396,6.172725,34,v6,88000000ffffffffffffa8dd9f4dc5b5
4237,56.319969657,6.964261,34,v6,88000000ffffffffffffa8dd9f4dc5b5
4238,56.326214915,6.245258,30,v6,88000000ffffffffffffa8dd9f4dc5b5
4239,56.332197398,5.982483,30,v6,88000000ffffffffffffa8dd9f4dc5b5
4240,56.339379377,7.181979,30,v6,88000000ffffffffffffa8dd9f4dc5b5
4241,56.345495195,6.115818,34,v6,88000000ffffffffffffa8dd9f4dc5b5
4242,56.352545542,7.050347,30,v6,88000000ffffffffffffa8dd9f4dc5b5
4243,56.358719917,6.174375,34,v6,88000000ffffffffffffa8dd9f4dc5b5
4244,56.365838504,7.118587,34,v6,88000000ffffffffffffa8dd9f4dc5b5
4245,56.372002799,6.164295,30,v6,88000000ffffffffffffa8dd9f4dc5b5
4246,56.379028645,7.025846,34,v6,88000000ffffffffffffa8dd9f4dc5b5
4247,56.385518827,6.490182,30,v6,88000000ffffffffffffa8dd9f4dc5b5
4248,56.392318382,6.799555,34,v6,88000000ffffffffffffa8dd9f4dc5b5
4249,56.398274713,5.956331,30,v6,88000000ffffffffffffa8dd9f4dc5b5
4250,56.404447865,6.173152,30,v6,88000000ffffffffffffa8dd9f4dc5b5
4251,56.412487062,8.039197,30,v6,88000000ffffffffffffa8dd9f4dc5b5
4252,56.418508928,6.021866,30,v6,88000000ffffffffffffa8dd9f4dc5b5
4253,56.425644248,7.135320,34,v6,88000000ffffffffffffa8dd9f4dc5b5
4254,56.431790141,6.145893,30,v6,88000000ffffffffffffa8dd9f4dc5b5
4255,56.437794807,6.004666,34,v6,88000000ffffffffffffa8dd9f4dc5b5
4256,56.445022607,7.227800,30,v6,88000000ffffffffffffa8dd9f4dc5b5
4257,56.450930114,5.907507,30,v6,88000000ffffffffffffa8dd9f4dc5b5
4258,56.457159733,6.229619,30,v6,88000000ffffffffffffa8dd9f4dc5b5
4259,56.464152560,6.992827,30,v6,88000000ffffffffffffa8dd9f4dc5b5
4260,56.470212872,6.060312,30,v6,88000000ffffffffffffa8dd9f4dc5b5
4261,56.477590167,7.377295,30,v6,88000000ffffffffffffa8dd9f4dc5b5
4262,56.483681453,6.091286,30,v6,88000000ffffffffffffa8dd9f4dc5b5
4263,56.489676922,5.995469,30,v6,88000000ffffffffffffa8dd9f4dc5b5
4264,56.496747749,7.070827,34,v6,88000000ffffffffffffa8dd9f4dc5b5
4265,56.502959921,6.212172,30,v6,88000000ffffffffffffa8dd9f4dc5b5
4266,56.509951553,6.991632,30,v6,88000000ffffffffffffa8dd9f4dc5b5
4267,56.516212156,6.260603,34,v6,88000000ffffffffffffa8dd9f4dc5b5
4268,56.523255141,7.042985,34,v6,88000000ffffffffffffa8dd9f4dc5b5
4269,56.530387977,7.132836,30,v6,88000000ffffffffffffa8dd9f4dc5b5
4270,56.536435430,6.047453,30,v6,88000000ffffffffffffa8dd9f4dc5b5
4271,56.542646512,6.211082,34,v6,88000000ffffffffffffa8dd9f4dc5b5
4272,56.549679427,7.032915,34,v6,88000000ffffffffffffa8dd9f4dc5b5
4273,56.555680633,6.001206,34,v6,88000000ffffffffffffa8dd9f4dc5b5
4274,56.563020079,7.339446,30,v6,88000000ffffffffffffa8dd9f4dc5b5
4275,56.568966066,5.945987,30,v6,88000000ffffffffffffa8dd9f4dc5b5
4276,56.576253331,7.287265,30,v6,88000000ffffffffffffa8dd9f4dc5b5
4277,56.582315240,6.061909,30,v6,88000000ffffffffffffa8dd9f4dc5b5
4278,56.588289243,5.974003,34,v6,88000000ffffffffffffa8dd9f4dc5b5
4279,56.595417669,7.128426,30,v6,88000000ffffffffffffa8dd9f4dc5b5
4280,56.601377855,5.960186,30,v6,88000000ffffffffffffa8dd9f4dc5b5
4281,56.608526762,7.148907,34,v6,88000000ffffffffffffa8dd9f4dc5b5
4282,56.614693380,6.166618,30,v6,88000000ffffffffffffa8dd9f4dc5b5
4283,56.620682098,5.988718,30,v6,88000000ffffffffffffa8dd9f4dc5b5
4284,56.627254411,6.572313,34,v6,88000000ffffffffffffa8dd9f4dc5b5
4285,56.635113486,7.859075,34,v6,88000000ffffffffffffa8dd9f4dc5b5
4286,56.641292186,6.178700,30,v6,88000000ffffffffffffa8dd9f4dc5b5
4287,56.648135072,6.842886,30,v6,88000000ffffffffffffa8dd9f4dc5b5
4288,56.655359746,7.224674,34,v6,88000000ffffffffffffa8dd9f4dc5b5
4289,56.661494599,6.134853,34,v6,88000000ffffffffffffa8dd9f4dc5b5
4290,56.667415797,5.921198,34,v6,88000000ffffffffffffa8dd9f4dc5b5
4291,56.674610408,7.194611,34,v6,88000000ffffffffffffa8dd9f4dc5b5
4292,56.680712643,6.102235,34,v6,88000000ffffffffffffa8dd9f4dc5b5
4293,56.687824409,7.111766,30,v6,88000000ffffffffffffa8dd9f4dc5b5
4294,56.693935774,6.111365,34,v6,88000000ffffffffffffa8dd9f4dc5b5
4295,56.699962910,6.027136,34,v6,88000000ffffffffffffa8dd9f4dc5b5
4296,56.707165640,7.202730,34,v6,88000000ffffffffffffa8dd9f4dc5b5
4297,56.713142643,5.977003,34,v6,88000000ffffffffffffa8dd9f4dc5b5
4298,56.719480141,6.337498,30,v6,88000000ffffffffffffa8dd9f4dc5b5
4299,56.726498276,7.018135,30,v6,88000000ffffffffffffa8dd9f4dc5b5
4300,56.732504547,6.006271,34,v6,88000000ffffffffffffa8dd9f4dc5b5
4301,56.739614357,7.109810,30,v6,88000000ffffffffffffa8dd9f4dc5b5
4302,56.745680420,6.066063,30,v6,88000000ffffffffffffa8dd9f4dc5b5
4303,57.074825556,329.145136,34,v6,88000000ffffffffffffa8dd9f4dc5b5
4304,57.081206987,6.381431,30,v6,88000000ffffffffffffa8dd9f4dc5b5
4305,57.088290200,7.083213,34,v6,88000000ffffffffffffa8dd9f4dc5b5
4306,57.094286670,5.996470,30,v6,88000000ffffffffffffa8dd9f4dc5b5
4307,57.101559740,7.273070,30,v6,88000000ffffffffffffa8dd9f4dc5b5
4308,57.107724394,6.164654,30,v6,88000000ffffffffffffa8dd9f4dc5b5
4309,57.113680663,5.956269,34,v6,88000000ffffffffffffa8dd9f4dc5b5
4310,57.120717460,7.036797,34,v6,88000000ffffffffffffa8dd9f4dc5b5
4311,57.126886414,6.168954,34,v6,88000000ffffffffffffa8dd9f4dc5b5
4312,57.132871386,5.984972,30,v6,88000000ffffffffffffa8dd9f4dc5b5
4313,57.140005656,7.134270,30,v6,88000000ffffffffffffa8dd9f4dc5b5
4314,57.146187862,6.182206,34,v6,88000000ffffffffffffa8dd9f4dc5b5
4315,57.152325029,6.137167,34,v6,88000000ffffffffffffa8dd9f4dc5b5
4316,57.158168172,5.843143,30,v6,88000000ffffffffffffa8dd9f4dc5b5
4317,57.166289430,8.121258,34,v6,88000000ffffffffffffa8dd9f4dc5b5
4318,57.172476012,6.186582,30,v6,88000000ffffffffffffa8dd9f4dc5b5
4319,57.178723126,6.247114,30,v6,88000000ffffffffffffa8dd9f4dc5b5
4320,57.184630507,5.907381,30,v6,88000000ffffffffffffa8dd9f4dc5b5
4321,57.191799566,7.169059,30,v6,88000000ffffffffffffa8dd9f4dc5b5
4322,57.197865533,6.065967,30,v6,88000000ffffffffffffa8dd9f4dc5b5
4323,57.203894101,6.028568,30,v6,88000000ffffffffffffa8dd9f4dc5b5
4324,57.211169357,7.275256,34,v6,88000000ffffffffffffa8dd9f4dc5b5
4325,57.217167030,5.997673,34,v6,88000000ffffffffffffa8dd9f4dc5b5
4326,57.223311711,6.144681,34,v6,88000000ffffffffffffa8dd9f4dc5b5
4327,57.230424854,7.113143,34,v6,88000000ffffffffffffa8dd9f4dc5b5
4328,57.236395423,5.970569,30,v6,88000000ffffffffffffa8dd9f4dc5b5
4329,57.243647448,7.252025,34,v6,88000000ffffffffffffa8dd9f4dc5b5
4330,57.249761335,6.113887,34,v6,88000000ffffffffffffa8dd9f4dc5b5
4331,57.256066983,6.305648,30,v6,88000000ffffffffffffa8dd9f4dc5b5
4332,57.263007528,6.940545,34,v6,88000000ffffffffffffa8dd9f4dc5b5
4333,57.269047158,6.039630,34,v6,88000000ffffffffffffa8dd9f4dc5b5
4334,57.275125587,6.078429,30,v6,88000000ffffffffffffa8dd9f4dc5b5
4335,57.282261813,7.136226,30,v6,88000000ffffffffffffa8dd9f4dc5b5
4336,57.288244375,5.982562,34,v6,88000000ffffffffffffa8dd9f4dc5b5
4337,57.295398267,7.153892,34,v6,88000000ffffffffffffa8dd9f4dc5b5
4338,57.301482249,6.083982,30,v6,88000000ffffffffffffa8dd9f4dc5b5
4339,57.308830755,7.348506,34,v6,88000000ffffffffffffa8dd9f4dc5b5
4340,57.314568163,5.737408,34,v6,88000000ffffffffffffa8dd9f4dc5b5
4341,57.320736460,6.168297,34,v6,88000000ffffffffffffa8dd9f4dc5b5
4342,57.328064493,7.328033,34,v6,88000000ffffffffffffa8dd9f4dc5b5
4343,57.334030335,5.965842,30,v6,88000000ffffffffffffa8dd9f4dc5b5
4344,57.340123394,6.093059,30,v6,88000000ffffffffffffa8dd9f4dc5b5
4345,57.346168525,6.045131,30,v6,88000000ffffffffffffa8dd9f4dc5b5
4346,57.353292499,7.123974,34,v6,88000000ffffffffffffa8dd9f4dc5b5
4347,57.359323773,6.031274,30,v6,88000000ffffffffffffa8dd9f4dc5b5
4348,57.365432105,6.108332,34,v6,88000000ffffffffffffa8dd9f4dc5b5
4349,57.372698558,7.266453,30,v6,88000000ffffffffffffa8dd9f4dc5b5
4350,57.378848686,6.150128,30,v6,88000000ffffffffffffa8dd9f4dc5b5
4351,57.384934595,6.085909,30,v6,88000000ffffffffffffa8dd9f4dc5b5
4352,57.392055779,7.121184,30,v6,88000000ffffffffffffa8dd9f4dc5b5
4353,57.398175100,6.119321,30,v6,88000000ffffffffffffa8dd9f4dc5b5
4354,57.405067076,6.891976,30,v6,88000000ffffffffffffa8dd9f4dc5b5
4355,57.412086047,7.018971,34,v6,88000000ffffffffffffa8dd9f4dc5b5
4356,57.418383897,6.297850,30,v6,88000000ffffffffffffa8dd9f4dc5b5
4357,57.424448944,6.065047,34,v6,88000000ffffffffffffa8dd9f4dc5b5
4358,57.430566212,6.117268,30,v6,88000000ffffffffffffa8dd9f4dc5b5
4359,57.437711220,7.145008,30,v6,88000000ffffffffffffa8dd9f4dc5b5
4360,57.443838383,6.127163,30,v6,88000000ffffffffffffa8dd9f4dc5b5
4361,57.451010424,7.172041,34,v6,88000000ffffffffffffa8dd9f4dc5b5
4362,57.456924047,5.913623,30,v6,88000000ffffffffffffa8dd9f4dc5b5
4363,57.463165261,6.241214,30,v6,88000000ffffffffffffa8dd9f4dc5b5
4364,57.470041302,6.876041,34,v6,88000000ffffffffffffa8dd9f4dc5b5
4365,57.475166832,5.125530,30,v6,88000000ffffffffffffa8dd9f4dc5b5
4366,57.482355098,7.188266,34,v6,88000000ffffffffffffa8dd9f4dc5b5
4367,57.488483026,6.127928,30,v6,88000000ffffffffffffa8dd9f4dc5b5
4368,57.495806848,7.323822,30,v6,88000000ffffffffffffa8dd9f4dc5b5
4369,57.501807940,6.001092,34,v6,88000000ffffffffffffa8dd9f4dc5b5
4370,57.507792898,5.984958,30,v6,88000000ffffffffffffa8dd9f4dc5b5
4371,57.514808021,7.015123,30,v6,88000000ffffffffffffa8dd9f4dc5b5
4372,57.520741103,5.933082,34,v6,88000000ffffffffffffa8dd9f4dc5b5
4373,57.528191704,7.450601,34,v6,88000000ffffffffffffa8dd9f4dc5b5
4374,57.535188721,6.997017,30,v6,88000000ffffffffffffa8dd9f4dc5b5
4375,57.541376034,6.187313,34,v6,88000000ffffffffffffa8dd9f4dc5b5
4376,57.547348832,5.972798,30,v6,88000000ffffffffffffa8dd9f4dc5b5
4377,57.554351943,7.003111,34,v6,88000000ffffffffffffa8dd9f4dc5b5
4378,57.560725010,6.373067,30,v6,88000000ffffffffffffa8dd9f4dc5b5
4379,57.566555144,5.830134,30,v6,88000000ffffffffffffa8dd9f4dc5b5
4380,57.572757483,6.202339,34,v6,88000000ffffffffffffa8dd9f4dc5b5
4381,57.579761207,7.003724,34,v6,88000000ffffffffffffa8dd9f4dc5b5
4382,57.586045266,6.284059,34,v6,88000000ffffffffffffa8dd9f4dc5b5
4383,57.592087318,6.042052,30,v6,88000000ffffffffffffa8dd9f4dc5b5
4384,57.599200185,7.112867,30,v6,88000000ffffffffffffa8dd9f4dc5b5
4385,57.605213539,6.013354,34,v6,88000000ffffffffffffa8dd9f4dc5b5
4386,57.611201304,5.987765,34,v6,88000000ffffffffffffa8dd9f4dc5b5
4387,57.617373845,6.172541,34,v6,88000000ffffffffffffa8dd9f4dc5b5
4388,57.624351062,6.977217,30,v6,88000000ffffffffffffa8dd9f4dc5b5
4389,57.631778814,7.427752,30,v6,88000000ffffffffffffa8dd9f4dc5b5
4390,57.637782646,6.003832,34,v6,88000000ffffffffffffa8dd9f4dc5b5
4391,57.644878367,7.095721,34,v6,88000000ffffffffffffa8dd9f4dc5b5
4392,57.651089742,6.211375,34,v6,88000000ffffffffffffa8dd9f4dc5b5
4393,57.657317387,6.227645,34,v6,88000000ffffffffffffa8dd9f4dc5b5
4394,57.664178881,6.861494,34,v6,88000000ffffffffffffa8dd9f4dc5b5
4395,57.670257241,6.078360,30,v6,88000000ffffffffffffa8dd9f4dc5b5
4396,57.676338780,6.081539,34,v6,88000000ffffffffffffa8dd9f4dc5b5
4397,57.683532328,7.193548,34,v6,88000000ffffffffffffa8dd9f4dc5b5
4398,57.689634319,6.101991,34,v6,88000000ffffffffffffa8dd9f4dc5b5
4399,57.695918410,6.284091,34,v6,88000000ffffffffffffa8dd9f4dc5b5
4400,57.701620981,5.702571,30,v6,88000000ffffffffffffa8dd9f4dc5b5
4401,57.708966475,7.345494,30,v6,88000000ffffffffffffa8dd9f4dc5b5
4402,57.715028210,6.061735,30,v6,88000000ffffffffffffa8dd9f4dc5b5
4403,58.043083243,328.055033,30,v6,88000000ffffffffffffa8dd9f4dc5b5
4404,58.049209774,6.126531,30,v6,88000000ffffffffffffa8dd9f4dc5b5
4405,58.055248838,6.039064,34,v6,88000000ffffffffffffa8dd9f4dc5b5
4406,58.062411296,7.162458,34,v6,88000000ffffffffffffa8dd9f4dc5b5
4407,58.068649224,6.237928,30,v6,88000000ffffffffffffa8dd9f4dc5b5
4408,58.074442272,5.793048,34,v6,88000000ffffffffffffa8dd9f4dc5b5
4409,58.080611253,6.168981,30,v6,88000000ffffffffffffa8dd9f4dc5b5
4410,58.086806498,6.195245,34,v6,88000000ffffffffffffa8dd9f4dc5b5
4411,58.094017114,7.210616,30,v6,88000000ffffffffffffa8dd9f4dc5b5
4412,58.099062866,5.045752,34,v6,88000000ffffffffffffa8dd9f4dc5b5
4413,58.106075942,7.013076,34,v6,88000000ffffffffffffa8dd9f4dc5b5
4414,58.112258926,6.182984,34,v6,88000000ffffffffffffa8dd9f4dc5b5
4415,58.118250867,5.991941,34,v6,88000000ffffffffffffa8dd9f4dc5b5
4416,58.124484989,6.234122,34,v6,88000000ffffffffffffa8dd9f4dc5b5
4417,58.131616585,7.131596,30,v6,88000000ffffffffffffa8dd9f4dc5b5
4418,58.137601187,5.984602,30,v6,88000000ffffffffffffa8dd9f4dc5b5
4419,58.143555737,5.954550,30,v6,88000000ffffffffffffa8dd9f4dc5b5
4420,58.149725468,6.169731,30,v6,88000000ffffffffffffa8dd9f4dc5b5
4421,58.157920531,8.195063,34,v6,88000000ffffffffffffa8dd9f4dc5b5
4422,58.163962887,6.042356,34,v6,88000000ffffffffffffa8dd9f4dc5b5
4423,58.170173503,6.210616,34,v6,88000000ffffffffffffa8dd9f4dc5b5
4424,58.177265988,7.092485,30,v6,88000000ffffffffffffa8dd9f4dc5b5
4425,58.183264635,5.998647,30,v6,88000000ffffffffffffa8dd9f4dc5b5
4426,58.189373899,6.109264,30,v6,88000000ffffffffffffa8dd9f4dc5b5
4427,58.195574249,6.200350,30,v6,88000000ffffffffffffa8dd9f4dc5b5
4428,58.201630020,6.055771,30,v6,88000000ffffffffffffa8dd9f4dc5b5
4429,58.208751293,7.121273,30,v6,88000000ffffffffffffa8dd9f4dc5b5
4430,58.214016948,5.265655,30,v6,88000000ffffffffffffa8dd9f4dc5b5
4431,58.221058554,7.041606,34,v6,88000000ffffffffffffa8dd9f4dc5b5
4432,58.227013936,5.955382,30,v6,88000000ffffffffffffa8dd9f4dc5b5
4433,58.233073275,6.059339,34,v6,88000000ffffffffffffa8dd9f4dc5b5
4434,58.240190652,7.117377,34,v6,88000000ffffffffffffa8dd9f4dc5b5
4435,58.246362150,6.171498,34,v6,88000000ffffffffffffa8dd9f4dc5b5
4436,58.252345207,5.983057,30,v6,88000000ffffffffffffa8dd9f4dc5b5
4437,58.258520584,6.175377,30,v6,88000000ffffffffffffa8dd9f4dc5b5
4438,58.265773685,7.253101,30,v6,88000000ffffffffffffa8dd9f4dc5b5
4439,58.271803213,6.029528,34,v6,88000000ffffffffffffa8dd9f4dc5b5
4440,58.277828808,6.025595,30,v6,88000000ffffffffffffa8dd9f4dc5b5
4441,58.283868890,6.040082,30,v6,88000000ffffffffffffa8dd9f4dc5b5
4442,58.292236268,8.367378,34,v6,88000000ffffffffffffa8dd9f4dc5b5
4443,58.298112276,5.876008,30,v6,88000000ffffffffffffa8dd9f4dc5b5
4444,58.304245421,6.133145,34,v6,88000000ffffffffffffa8dd9f4dc5b5
4445,58.310372407,6.126986,30,v6,88000000ffffffffffffa8dd9f4dc5b5
4446,58.316432318,6.059911,34,v6,88000000ffffffffffffa8dd9f4dc5b5
4447,58.322570058,6.137740,34,v6,88000000ffffffffffffa8dd9f4dc5b5
4448,58.329579060,7.009002,30,v6,88000000ffffffffffffa8dd9f4dc5b5
4449,58.335880232,6.301172,34,v6,88000000ffffffffffffa8dd9f4dc5b5
4450,58.342113005,6.232773,30,v6,88000000ffffffffffffa8dd9f4dc5b5
4451,58.348039315,5.926310,34,v6,88000000ffffffffffffa8dd9f4dc5b5
4452,58.355129282,7.089967,30,v6,88000000ffffffffffffa8dd9f4dc5b5
4453,58.361200239,6.070957,34,v6,88000000ffffffffffffa8dd9f4dc5b5
4454,58.367198527,5.998288,34,v6,88000000ffffffffffffa8dd9f4dc5b5
4455,58.373416637,6.218110,30,v6,88000000ffffffffffffa8dd9f4dc5b5
4456,58.379686318,6.269681,34,v6,88000000ffffffffffffa8dd9f4dc5b5
4457,58.386516951,6.830633,34,v6,88000000ffffffffffffa8dd9f4dc5b5
4458,58.391952836,5.435885,30,v6,88000000ffffffffffffa8dd9f4dc5b5
4459,58.398812367,6.859531,30,v6,88000000ffffffffffffa8dd9f4dc5b5
4460,58.405061755,6.249388,34,v6,88000000ffffffffffffa8dd9f4dc5b5
4461,58.413164072,8.102317,34,v6,88000000ffffffffffffa8dd9f4dc5b5
4462,58.418326099,5.162027,30,v6,88000000ffffffffffffa8dd9f4dc5b5
4463,58.425156866,6.830767,34,v6,88000000ffffffffffffa8dd9f4dc5b5
4464,58.431324067,6.167201,34,v6,88000000ffffffffffffa8dd9f4dc5b5
4465,58.437399069,6.075002,34,v6,88000000ffffffffffffa8dd9f4dc5b5
4466,58.444531567,7.132498,30,v6,88000000ffffffffffffa8dd9f4dc5b5
4467,58.450663520,6.131953,30,v6,88000000ffffffffffffa8dd9f4dc5b5
4468,58.456506350,5.842830,30,v6,88000000ffffffffffffa8dd9f4dc5b5
4469,58.462651423,6.145073,30,v6,88000000ffffffffffffa8dd9f4dc5b5
4470,58.469139585,6.488162,34,v6,88000000ffffffffffffa8dd9f4dc5b5
4471,58.475979903,6.840318,30,v6,88000000ffffffffffffa8dd9f4dc5b5
4472,58.481097032,5.117129,34,v6,88000000ffffffffffffa8dd9f4dc5b5
4473,58.488014408,6.917376,30,v6,88000000ffffffffffffa8dd9f4dc5b5
4474,58.494003004,5.988596,34,v6,88000000ffffffffffffa8dd9f4dc5b5
4475,58.500330029,6.327025,30,v6,88000000ffffffffffffa8dd9f4dc5b5
4476,58.507402019,7.071990,30,v6,88000000ffffffffffffa8dd9f4dc5b5
4477,58.512518121,5.116102,34,v6,88000000ffffffffffffa8dd9f4dc5b5
4478,58.519460944,6.942823,30,v6,88000000ffffffffffffa8dd9f4dc5b5
4479,58.526589766,7.128822,34,v6,88000000ffffffffffffa8dd9f4dc5b5
4480,58.532788819,6.199053,34,v6,88000000ffffffffffffa8dd9f4dc5b5
4481,58.539870879,7.082060,34,v6,88000000ffffffffffffa8dd9f4dc5b5
4482,58.546052072,6.181193,30,v6,88000000ffffffffffffa8dd9f4dc5b5
4483,58.552059081,6.007009,30,v6,88000000ffffffffffffa8dd9f4dc5b5
4484,58.558088052,6.028971,34,v6,88000000ffffffffffffa8dd9f4dc5b5
4485,58.564342209,6.254157,30,v6,88000000ffffffffffffa8dd9f4dc5b5
4486,58.571384742,7.042533,34,v6,88000000ffffffffffffa8dd9f4dc5b5
4487,58.577787180,6.402438,30,v6,88000000ffffffffffffa8dd9f4dc5b5
4488,58.583680606,5.893426,34,v6,88000000ffffffffffffa8dd9f4dc5b5
4489,58.589668098,5.987492,34,v6,88000000ffffffffffffa8dd9f4dc5b5
4490,58.595869686,6.201588,30,v6,88000000ffffffffffffa8dd9f4dc5b5
4491,58.602063510,6.193824,34,v6,88000000ffffffffffffa8dd9f4dc5b5
4492,58.609200981,7.137471,34,v6,88000000ffffffffffffa8dd9f4dc5b5
4493,58.615179293,5.978312,30,v6,88000000ffffffffffffa8dd9f4dc5b5
4494,58.621211468,6.032175,30,v6,88000000ffffffffffffa8dd9f4dc5b5
4495,58.627157532,5.946064,30,v6,88000000ffffffffffffa8dd9f4dc5b5
4496,58.633413066,6.255534,30,v6,88000000ffffffffffffa8dd9f4dc5b5
4497,58.640655351,7.242285,34,v6,88000000ffffffffffffa8dd9f4dc5b5
4498,58.647828597,7.173246,30,v6,88000000ffffffffffffa8dd9f4dc5b5
4499,58.653878754,6.050157,34,v6,88000000ffffffffffffa8dd9f4dc5b5
4500,58.659905356,6.026602,34,v6,88000000ffffffffffffa8dd9f4dc5b5
4501,58.666955878,7.050522,34,v6,88000000ffffffffffffa8dd9f4dc5b5
4502,58.671998262,5.042384,34,v6,88000000ffffffffffffa8dd9f4dc5b5
4503,59.000397583,328.399321,30,v6,88000000ffffffffffffa8dd9f4dc5b5
4504,59.006461876,6.064293,30,v6,88000000ffffffffffffa8dd9f4dc5b5
4505,59.013493911,7.032035,30,v6,88000000ffffffffffffa8dd9f4dc5b5
4506,59.019690905,6.196994,34,v6,88000000ffffffffffffa8dd9f4dc5b5
4507,59.025799163,6.108258,34,v6,88000000ffffffffffffa8dd9f4dc5b5
4508,59.031985019,6.185856,30,v6,88000000ffffffffffffa8dd9f4dc5b5
4509,59.037932925,5.947906,30,v6,88000000ffffffffffffa8dd9f4dc5b5
4510,59.043880203,5.947278,34,v6,88000000ffffffffffffa8dd9f4dc5b5
4511,59.050329467,6.449264,34,v6,88000000ffffffffffffa8dd9f4dc5b5
4512,59.056454990,6.125523,34,v6,88000000ffffffffffffa8dd9f4dc5b5
4513,59.063325398,6.870408,30,v6,88000000ffffffffffffa8dd9f4dc5b5
4514,59.069296486,5.971088,30,v6,88000000ffffffffffffa8dd9f4dc5b5
4515,59.075627696,6.331210,30,v6,88000000ffffffffffffa8dd9f4dc5b5
4516,59.082748526,7.120830,34,v6,88000000ffffffffffffa8dd9f4dc5b5
4517,59.088806383,6.057857,34,v6,88000000ffffffffffffa8dd9f4dc5b5
4518,59.094964968,6.158585,34,v6,88000000ffffffffffffa8dd9f4dc5b5
4519,59.100976141,6.011173,34,v6,88000000ffffffffffffa8dd9f4dc5b5
4520,59.107061321,6.085180,30,v6,88000000ffffffffffffa8dd9f4dc5b5
4521,59.113133774,6.072453,30,v6,88000000ffffffffffffa8dd9f4dc5b5
4522,59.119265397,6.131623,34,v6,88000000ffffffffffffa8dd9f4dc5b5
4523,59.125235727,5.970330,34,v6,88000000ffffffffffffa8dd9f4dc5b5
4524,59.132419678,7.183951,30,v6,88000000ffffffffffffa8dd9f4dc5b5
4525,59.138385384,5.965706,30,v6,88000000ffffffffffffa8dd9f4dc5b5
4526,59.144364227,5.978843,34,v6,88000000ffffffffffffa8dd9f4dc5b5
4527,59.150647366,6.283139,30,v6,88000000ffffffffffffa8dd9f4dc5b5
4528,59.156657499,6.010133,30,v6,88000000ffffffffffffa8dd9f4dc5b5
4529,59.163124466,6.466967,30,v6,88000000ffffffffffffa8dd9f4dc5b5
4530,59.168941547,5.817081,34,v6,88000000ffffffffffffa8dd9f4dc5b5
4531,59.176073754,7.132207,30,v6,88000000ffffffffffffa8dd9f4dc5b5
4532,59.182015861,5.942107,30,v6,88000000ffffffffffffa8dd9f4dc5b5
4533,59.188394724,6.378863,30,v6,88000000ffffffffffffa8dd9f4dc5b5
4534,59.195995097,7.600373,30,v6,88000000ffffffffffffa8dd9f4dc5b5
4535,59.201692733,5.697636,34,v6,88000000ffffffffffffa8dd9f4dc5b5
4536,59.206751102,5.058369,30,v6,88000000ffffffffffffa8dd9f4dc5b5
4537,59.213921435,7.170333,30,v6,88000000ffffffffffffa8dd9f4dc5b5
4538,59.220391411,6.469976,34,v6,88000000ffffffffffffa8dd9f4dc5b5
4539,59.226063926,5.672515,30,v6,88000000ffffffffffffa8dd9f4dc5b5
4540,59.232035838,5.971912,34,v6,88000000ffffffffffffa8dd9f4dc5b5
4541,59.237905729,5.869891,34,v6,88000000ffffffffffffa8dd9f4dc5b5
4542,59.244162303,6.256574,34,v6,88000000ffffffffffffa8dd9f4dc5b5
4543,59.250267014,6.104711,34,v6,88000000ffffffffffffa8dd9f4dc5b5
4544,59.257512367,7.245353,30,v6,88000000ffffffffffffa8dd9f4dc5b5
4545,59.263439008,5.926641,34,v6,88000000ffffffffffffa8dd9f4dc5b5
4546,59.269568538,6.129530,30,v6,88000000ffffffffffffa8dd9f4dc5b5
4547,59.275713171,6.144633,30,v6,88000000ffffffffffffa8dd9f4dc5b5
4548,59.281613134,5.899963,30,v6,88000000ffffffffffffa8dd9f4dc5b5
4549,59.285652344,4.039210,99,v6,1c000000aadd9f4dc5b5682133030000
4550,59.288029961,2.377617,30,v6,88000000ffffffffffffa8dd9f4dc5b5
4551,59.293803370,5.773409,30,v6,88000000ffffffffffffa8dd9f4dc5b5
4552,59.301159508,7.356138,30,v6,88000000ffffffffffffa8dd9f4dc5b5
4553,59.307146137,5.986629,30,v6,88000000ffffffffffffa8dd9f4dc5b5
4554,59.314300281,7.154144,30,v6,88000000ffffffffffffa8dd9f4dc5b5
4555,59.320341516,6.041235,30,v6,88000000ffffffffffffa8dd9f4dc5b5
4556,59.326507688,6.166172,30,v6,88000000ffffffffffffa8dd9f4dc5b5
4557,59.332434846,5.927158,30,v6,88000000ffffffffffffa8dd9f4dc5b5
4558,59.338910922,6.476076,30,v6,88000000ffffffffffffa8dd9f4dc5b5
4559,59.344601150,5.690228,30,v6,88000000ffffffffffffa8dd9f4dc5b5
4560,59.350793904,6.192754,30,v6,88000000ffffffffffffa8dd9f4dc5b5
4561,59.356949772,6.155868,30,v6,88000000ffffffffffffa8dd9f4dc5b5
4562,59.363110727,6.160955,30,v6,88000000ffffffffffffa8dd9f4dc5b5
4563,59.370329535,7.218808,30,v6,88000000ffffffffffffa8dd9f4dc5b5
4564,59.376233056,5.903521,30,v6,88000000ffffffffffffa8dd9f4dc5b5
4565,59.382240683,6.007627,30,v6,88000000ffffffffffffa8dd9f4dc5b5
4566,59.388422569,6.181886,30,v6,88000000ffffffffffffa8dd9f4dc5b5
4567,59.394474545,6.051976,30,v6,88000000ffffffffffffa8dd9f4dc5b5
4568,59.401484989,7.010444,30,v6,88000000ffffffffffffa8dd9f4dc5b5
4569,59.406705320,5.220331,30,v6,88000000ffffffffffffa8dd9f4dc5b5
4570,59.414089474,7.384154,30,v6,88000000ffffffffffffa8dd9f4dc5b5
4571,59.419940406,5.850932,30,v6,88000000ffffffffffffa8dd9f4dc5b5
4572,59.426053441,6.113035,30,v6,88000000ffffffffffffa8dd9f4dc5b5
4573,59.433068113,7.014672,30,v6,88000000ffffffffffffa8dd9f4dc5b5
4574,59.439301607,6.233494,30,v6,88000000ffffffffffffa8dd9f4dc5b5
4575,59.446333194,7.031587,30,v6,88000000ffffffffffffa8dd9f4dc5b5
4576,59.451485338,5.152144,30,v6,88000000ffffffffffffa8dd9f4dc5b5
4577,59.458438389,6.953051,30,v6,88000000ffffffffffffa8dd9f4dc5b5
4578,59.464694144,6.255755,30,v6,88000000ffffffffffffa8dd9f4dc5b5
4579,59.470708584,6.014440,30,v6,88000000ffffffffffffa8dd9f4dc5b5
4580,59.477066587,6.358003,30,v6,88000000ffffffffffffa8dd9f4dc5b5
4581,59.482708535,5.641948,30,v6,88000000ffffffffffffa8dd9f4dc5b5
4582,59.488901288,6.192753,30,v6,88000000ffffffffffffa8dd9f4dc5b5
4583,59.495061238,6.159950,30,v6,88000000ffffffffffffa8dd9f4dc5b5
4584,59.501114827,6.053589,30,v6,88000000ffffffffffffa8dd9f4dc5b5
4585,59.508213122,7.098295,30,v6,88000000ffffffffffffa8dd9f4dc5b5
4586,59.514381117,6.167995,30,v6,88000000ffffffffffffa8dd9f4dc5b5
4587,59.520505717,6.124600,30,v6,88000000ffffffffffffa8dd9f4dc5b5
4588,59.525446416,4.940699,30,v6,88000000ffffffffffffa8dd9f4dc5b5
4589,59.532435953,6.989537,30,v6,88000000ffffffffffffa8dd9f4dc5b5
4590,59.538770702,6.334749,30,v6,88000000ffffffffffffa8dd9f4dc5b5
4591,59.545770411,6.999709,30,v6,88000000ffffffffffffa8dd9f4dc5b5
4592,59.552338998,6.568587,30,v6,88000000ffffffffffffa8dd9f4dc5b5
4593,59.558090865,5.751867,30,v6,88000000ffffffffffffa8dd9f4dc5b5
4594,59.564421236,6.330371,30,v6,88000000ffffffffffffa8dd9f4dc5b5
4595,59.571179169,6.757933,30,v6,88000000ffffffffffffa8dd9f4dc5b5
4596,59.576287197,5.108028,30,v6,88000000ffffffffffffa8dd9f4dc5b5
4597,59.582360375,6.073178,30,v6,88000000ffffffffffffa8dd9f4dc5b5
4598,59.588656942,6.296567,30,v6,88000000ffffffffffffa8dd9f4dc5b5
4599,59.595631641,6.974699,30,v6,88000000ffffffffffffa8dd9f4dc5b5
4600,59.601781594,6.149953,30,v6,88000000ffffffffffffa8dd9f4dc5b5
4601,59.607803868,6.022274,30,v6,88000000ffffffffffffa8dd9f4dc5b5
4602,59.614013758,6.209890,30,v6,88000000ffffffffffffa8dd9f4dc5b5
4603,59.620465104,6.451346,30,v6,88000000ffffffffffffa8dd9f4dc5b5
4604,59.948202932,327.737828,30,v6,88000000ffffffffffffa8dd9f4dc5b5
4605,59.954230192,6.027260,30,v6,88000000ffffffffffffa8dd9f4dc5b5
4606,59.960603882,6.373690,30,v6,88000000ffffffffffffa8dd9f4dc5b5
4607,59.966319321,5.715439,30,v6,88000000ffffffffffffa8dd9f4dc5b5
4608,59.972527002,6.207681,30,v6,88000000ffffffffffffa8dd9f4dc5b5
4609,59.978768620,6.241618,30,v6,88000000ffffffffffffa8dd9f4dc5b5
4610,59.984828025,6.059405,30,v6,88000000ffffffffffffa8dd9f4dc5b5
4611,59.990778856,5.950831,30,v6,88000000ffffffffffffa8dd9f4dc5b5
4612,59.996959090,6.180234,30,v6,88000000ffffffffffffa8dd9f4dc5b5
4613,60.003315945,6.356855,30,v6,88000000ffffffffffffa8dd9f4dc5b5
4614,60.010139551,6.823606,30,v6,88000000ffffffffffffa8dd9f4dc5b5
4615,60.016097980,5.958429,30,v6,88000000ffffffffffffa8dd9f4dc5b5
4616,60.022246966,6.148986,30,v6,88000000ffffffffffffa8dd9f4dc5b5
4617,60.028480851,6.233885,30,v6,88000000ffffffffffffa8dd9f4dc5b5
4618,60.034412184,5.931333,30,v6,88000000ffffffffffffa8dd9f4dc5b5
4619,60.040739935,6.327751,30,v6,88000000ffffffffffffa8dd9f4dc5b5
4620,60.046700256,5.960321,30,v6,88000000ffffffffffffa8dd9f4dc5b5
4621,60.052839235,6.138979,30,v6,88000000ffffffffffffa8dd9f4dc5b5
4622,60.059185856,6.346621,30,v6,88000000ffffffffffffa8dd9f4dc5b5
4623,60.065019769,5.833913,30,v6,88000000ffffffffffffa8dd9f4dc5b5
4624,60.071321180,6.301411,30,v6,88000000ffffffffffffa8dd9f4dc5b5
4625,60.077262623,5.941443,30,v6,88000000ffffffffffffa8dd9f4dc5b5
4626,60.083346240,6.083617,30,v6,88000000ffffffffffffa8dd9f4dc5b5
4627,60.089421667,6.075427,30,v6,88000000ffffffffffffa8dd9f4dc5b5
4628,60.095494375,6.072708,30,v6,88000000ffffffffffffa8dd9f4dc5b5
4629,60.101613925,6.119550,30,v6,88000000ffffffffffffa8dd9f4dc5b5
4630,60.107583712,5.969787,30,v6,88000000ffffffffffffa8dd9f4dc5b5
4631,60.113923286,6.339574,30,v6,88000000ffffffffffffa8dd9f4dc5b5
4632,60.119802010,5.878724,30,v6,88000000ffffffffffffa8dd9f4dc5b5
4633,60.127197267,7.395257,30,v6,88000000ffffffffffffa8dd9f4dc5b5
4634,60.133154017,5.956750,30,v6,88000000ffffffffffffa8dd9f4dc5b5
4635,60.139167121,6.013104,30,v6,88000000ffffffffffffa8dd9f4dc5b5
4636,60.145100641,5.933520,30,v6,88000000ffffffffffffa8dd9f4dc5b5
4637,60.151345970,6.245329,30,v6,88000000ffffffffffffa8dd9f4dc5b5
4638,60.157427620,6.081650,30,v6,88000000ffffffffffffa8dd9f4dc5b5
4639,60.163528838,6.101218,30,v6,88000000ffffffffffffa8dd9f4dc5b5
4640,60.169784708,6.255870,30,v6,88000000ffffffffffffa8dd9f4dc5b5
4641,60.175654252,5.869544,30,v6,88000000ffffffffffffa8dd9f4dc5b5
4642,60.181707492,6.053240,30,v6,88000000ffffffffffffa8dd9f4dc5b5
4643,60.188056195,6.348703,30,v6,88000000ffffffffffffa8dd9f4dc5b5
4644,60.193987179,5.930984,30,v6,88000000ffffffffffffa8dd9f4dc5b5
4645,60.200076291,6.089112,30,v6,88000000ffffffffffffa8dd9f4dc5b5
4646,60.206238128,6.161837,30,v6,88000000ffffffffffffa8dd9f4dc5b5
4647,60.212556315,6.318187,30,v6,88000000ffffffffffffa8dd9f4dc5b5
4648,60.218311200,5.754885,30,v6,88000000ffffffffffffa8dd9f4dc5b5
4649,60.224449194,6.137994,30,v6,88000000ffffffffffffa8dd9f4dc5b5
4650,60.231660273,7.211079,30,v6,88000000ffffffffffffa8dd9f4dc5b5
4651,60.237698041,6.037768,30,v6,88000000ffffffffffffa8dd9f4dc5b5
4652,60.243750865,6.052824,30,v6,88000000ffffffffffffa8dd9f4dc5b5
4653,60.249926874,6.176009,30,v6,88000000ffffffffffffa8dd9f4dc5b5
4654,60.256110635,6.183761,30,v6,88000000ffffffffffffa8dd9f4dc5b5
4655,60.262020644,5.910009,30,v6,88000000ffffffffffffa8dd9f4dc5b5
4656,60.268139990,6.119346,30,v6,88000000ffffffffffffa8dd9f4dc5b5
4657,60.274223853,6.083863,30,v6,88000000ffffffffffffa8dd9f4dc5b5
4658,60.280391175,6.167322,30,v6,88000000ffffffffffffa8dd9f4dc5b5
4659,60.286501992,6.110817,30,v6,88000000ffffffffffffa8dd9f4dc5b5
4660,60.292612376,6.110384,30,v6,88000000ffffffffffffa8dd9f4dc5b5
4661,60.298562089,5.949713,30,v6,88000000ffffffffffffa8dd9f4dc5b5
4662,60.305052144,6.490055,30,v6,88000000ffffffffffffa8dd9f4dc5b5
4663,60.310963147,5.911003,30,v6,88000000ffffffffffffa8dd9f4dc5b5
4664,60.316887000,5.923853,30,v6,88000000ffffffffffffa8dd9f4dc5b5
4665,60.322980000,6.093000,30,v6,88000000ffffffffffffa8dd9f4dc5b5
4666,60.329009623,6.029623,30,v6,88000000ffffffffffffa8dd9f4dc5b5
4667,60.335099225,6.089602,30,v6,88000000ffffffffffffa8dd9f4dc5b5
4668,60.341200100,6.100875,30,v6,88000000ffffffffffffa8dd9f4dc5b5
4669,60.348441062,7.240962,30,v6,88000000ffffffffffffa8dd9f4dc5b5
4670,60.354599776,6.158714,30,v6,88000000ffffffffffffa8dd9f4dc5b5
4671,60.361598503,6.998727,30,v6,88000000ffffffffffffa8dd9f4dc5b5
4672,60.366694484,5.095981,30,v6,88000000ffffffffffffa8dd9f4dc5b5
4673,60.373773463,7.078979,30,v6,88000000ffffffffffffa8dd9f4dc5b5
4674,60.378877911,5.104448,30,v6,88000000ffffffffffffa8dd9f4dc5b5
4675,60.386088201,7.210290,30,v6,88000000ffffffffffffa8dd9f4dc5b5
4676,60.392062444,5.974243,30,v6,88000000ffffffffffffa8dd9f4dc5b5
4677,60.398140386,6.077942,30,v6,88000000ffffffffffffa8dd9f4dc5b5
4678,60.404250101,6.109715,30,v6,88000000ffffffffffffa8dd9f4dc5b5
4679,60.409358684,5.108583,30,v6,88000000ffffffffffffa8dd9f4dc5b5
4680,60.416471498,7.112814,30,v6,88000000ffffffffffffa8dd9f4dc5b5
4681,60.422627733,6.156235,30,v6,88000000ffffffffffffa8dd9f4dc5b5
4682,60.427755703,5.127970,30,v6,88000000ffffffffffffa8dd9f4dc5b5
4683,60.435051917,7.296214,30,v6,88000000ffffffffffffa8dd9f4dc5b5
4684,60.440931305,5.879388,30,v6,88000000ffffffffffffa8dd9f4dc5b5
4685,60.447287856,6.356551,30,v6,88000000ffffffffffffa8dd9f4dc5b5
4686,60.453076432,5.788576,30,v6,88000000ffffffffffffa8dd9f4dc5b5
4687,60.459247880,6.171448,30,v6,88000000ffffffffffffa8dd9f4dc5b5
4688,60.465309284,6.061404,30,v6,88000000ffffffffffffa8dd9f4dc5b5
4689,60.472643550,7.334266,30,v6,88000000ffffffffffffa8dd9f4dc5b5
4690,60.477494208,4.850658,30,v6,88000000ffffffffffffa8dd9f4dc5b5
4691,60.483857888,6.363680,30,v6,88000000ffffffffffffa8dd9f4dc5b5
4692,60.489713284,5.855396,30,v6,88000000ffffffffffffa8dd9f4dc5b5
4693,60.495859300,6.146016,30,v6,88000000ffffffffffffa8dd9f4dc5b5
4694,60.503123540,7.264240,30,v6,88000000ffffffffffffa8dd9f4dc5b5
4695,60.509104549,5.981009,30,v6,88000000ffffffffffffa8dd9f4dc5b5
4696,60.515036544,5.931995,30,v6,88000000ffffffffffffa8dd9f4dc5b5
4697,60.520049954,5.013410,30,v6,88000000ffffffffffffa8dd9f4dc5b5
4698,60.527068115,7.018161,30,v6,88000000ffffffffffffa8dd9f4dc5b5
4699,60.533304921,6.236806,30,v6,88000000ffffffffffffa8dd9f4dc5b5
4700,60.538442600,5.137679,30,v6,88000000ffffffffffffa8dd9f4dc5b5
4701,60.544478888,6.036288,30,v6,88000000ffffffffffffa8dd9f4dc5b5
4702,60.551721650,7.242762,30,v6,88000000ffffffffffffa8dd9f4dc5b5
4703,60.557860582,6.138932,30,v6,88000000ffffffffffffa8dd9f4dc5b5
4704,60.886002488,328.141906,30,v6,88000000ffffffffffffa8dd9f4dc5b5
4705,60.892162617,6.160129,30,v6,88000000ffffffffffffa8dd9f4dc5b5
4706,60.897179798,5.017181,30,v6,88000000ffffffffffffa8dd9f4dc5b5
4707,60.904173199,6.993401,30,v6,88000000ffffffffffffa8dd9f4dc5b5
4708,60.910226059,6.052860,30,v6,88000000ffffffffffffa8dd9f4dc5b5
4709,60.916483742,6.257683,30,v6,88000000ffffffffffffa8dd9f4dc5b5
4710,60.921681448,5.197706,30,v6,88000000ffffffffffffa8dd9f4dc5b5
4711,60.927721252,6.039804,30,v6,88000000ffffffffffffa8dd9f4dc5b5
4712,60.933714763,5.993511,30,v6,88000000ffffffffffffa8dd9f4dc5b5
4713,60.939833822,6.119059,30,v6,88000000ffffffffffffa8dd9f4dc5b5
4714,60.945907219,6.073397,30,v6,88000000ffffffffffffa8dd9f4dc5b5
4715,60.952157435,6.250216,30,v6,88000000ffffffffffffa8dd9f4dc5b5
4716,60.958293981,6.136546,30,v6,88000000ffffffffffffa8dd9f4dc5b5
4717,60.964057772,5.763791,30,v6,88000000ffffffffffffa8dd9f4dc5b5
4718,60.970299994,6.242222,30,v6,88000000ffffffffffffa8dd9f4dc5b5
4719,60.976410406,6.110412,30,v6,88000000ffffffffffffa8dd9f4dc5b5
4720,60.981398484,4.988078,30,v6,88000000ffffffffffffa8dd9f4dc5b5
4721,60.987666343,6.267859,30,v6,88000000ffffffffffffa8dd9f4dc5b5
4722,60.993764137,6.097794,30,v6,88000000ffffffffffffa8dd9f4dc5b5
4723,60.999748998,5.984861,30,v6,88000000ffffffffffffa8dd9f4dc5b5
4724,61.005763216,6.014218,30,v6,88000000ffffffffffffa8dd9f4dc5b5
4725,61.011837801,6.074585,30,v6,88000000ffffffffffffa8dd9f4dc5b5
4726,61.018185077,6.347276,30,v6,88000000ffffffffffffa8dd9f4dc5b5
4727,61.024135979,5.950902,30,v6,88000000ffffffffffffa8dd9f4dc5b5
4728,61.030241135,6.105156,30,v6,88000000ffffffffffffa8dd9f4dc5b5
4729,61.036216996,5.975861,30,v6,88000000ffffffffffffa8dd9f4dc5b5
4730,61.042374659,6.157663,30,v6,88000000ffffffffffffa8dd9f4dc5b5
4731,61.048364901,5.990242,30,v6,88000000ffffffffffffa8dd9f4dc5b5
4732,61.054690072,6.325171,30,v6,88000000ffffffffffffa8dd9f4dc5b5
4733,61.061763061,7.072989,30,v6,88000000ffffffffffffa8dd9f4dc5b5
4734,61.067816655,6.053594,30,v6,88000000ffffffffffffa8dd9f4dc5b5
4735,61.074152526,6.335871,30,v6,88000000ffffffffffffa8dd9f4dc5b5
4736,61.079003387,4.850861,30,v6,88000000ffffffffffffa8dd9f4dc5b5
4737,61.084943431,5.940044,30,v6,88000000ffffffffffffa8dd9f4dc5b5
4738,61.091290918,6.347487,30,v6,88000000ffffffffffffa8dd9f4dc5b5
4739,61.097553355,6.262437,30,v6,88000000ffffffffffffa8dd9f4dc5b5
4740,61.103332697,5.779342,30,v6,88000000ffffffffffffa8dd9f4dc5b5
4741,61.109342999,6.010302,30,v6,88000000ffffffffffffa8dd9f4dc5b5
4742,61.115858853,6.515854,30,v6,88000000ffffffffffffa8dd9f4dc5b5
4743,61.121549710,5.690857,30,v6,88000000ffffffffffffa8dd9f4dc5b5
4744,61.127753283,6.203573,30,v6,88000000ffffffffffffa8dd9f4dc5b5
4745,61.134016773,6.263490,30,v6,88000000ffffffffffffa8dd9f4dc5b5
4746,61.139027098,5.010325,30,v6,88000000ffffffffffffa8dd9f4dc5b5
4747,61.145016615,5.989517,30,v6,88000000ffffffffffffa8dd9f4dc5b5
4748,61.151074531,6.057916,30,v6,88000000ffffffffffffa8dd9f4dc5b5
4749,61.157190274,6.115743,30,v6,88000000ffffffffffffa8dd9f4dc5b5
4750,61.163299321,6.109047,30,v6,88000000ffffffffffffa8dd9f4dc5b5
4751,61.170277838,6.978517,30,v6,88000000ffffffffffffa8dd9f4dc5b5
4752,61.176444921,6.167083,30,v6,88000000ffffffffffffa8dd9f4dc5b5
4753,61.181486646,5.041725,30,v6,88000000ffffffffffffa8dd9f4dc5b5
4754,61.188797154,7.310508,30,v6,88000000ffffffffffffa8dd9f4dc5b5
4755,61.194739151,5.941997,30,v6,88000000ffffffffffffa8dd9f4dc5b5
4756,61.200863956,6.124805,30,v6,88000000ffffffffffffa8dd9f4dc5b5
4757,61.206102296,5.238340,30,v6,88000000ffffffffffffa8dd9f4dc5b5
4758,61.211950299,5.848003,30,v6,88000000ffffffffffffa8dd9f4dc5b5
4759,61.218081606,6.131307,30,v6,88000000ffffffffffffa8dd9f4dc5b5
4760,61.224071382,5.989776,30,v6,88000000ffffffffffffa8dd9f4dc5b5
4761,61.230354021,6.282639,30,v6,88000000ffffffffffffa8dd9f4dc5b5
4762,61.236456040,6.102019,30,v6,88000000ffffffffffffa8dd9f4dc5b5
4763,61.242637845,6.181805,30,v6,88000000ffffffffffffa8dd9f4dc5b5
4764,61.248652924,6.015079,30,v6,88000000ffffffffffffa8dd9f4dc5b5
4765,61.255009947,6.357023,30,v6,88000000ffffffffffffa8dd9f4dc5b5
4766,61.260804559,5.794612,30,v6,88000000ffffffffffffa8dd9f4dc5b5
4767,61.265896245,5.091686,30,v6,88000000ffffffffffffa8dd9f4dc5b5
4768,61.272073062,6.176817,30,v6,88000000ffffffffffffa8dd9f4dc5b5
4769,61.278118283,6.045221,30,v6,88000000ffffffffffffa8dd9f4dc5b5
4770,61.285214802,7.096519,30,v6,88000000ffffffffffffa8dd9f4dc5b5
4771,61.291296289,6.081487,30,v6,88000000ffffffffffffa8dd9f4dc5b5
4772,61.297401147,6.104858,30,v6,88000000ffffffffffffa8dd9f4dc5b5
4773,61.303574751,6.173604,30,v6,88000000ffffffffffffa8dd9f4dc5b5
4774,61.309691120,6.116369,30,v6,88000000ffffffffffffa8dd9f4dc5b5
4775,61.315558866,5.867746,30,v6,88000000ffffffffffffa8dd9f4dc5b5
4776,61.321853502,6.294636,30,v6,88000000ffffffffffffa8dd9f4dc5b5
4777,61.327929769,6.076267,30,v6,88000000ffffffffffffa8dd9f4dc5b5
4778,61.333048420,5.118651,30,v6,88000000ffffffffffffa8dd9f4dc5b5
4779,61.338901857,5.853437,30,v6,88000000ffffffffffffa8dd9f4dc5b5
4780,61.345182164,6.280307,30,v6,88000000ffffffffffffa8dd9f4dc5b5
4781,61.351115187,5.933023,30,v6,88000000ffffffffffffa8dd9f4dc5b5
4782,61.357222601,6.107414,30,v6,88000000ffffffffffffa8dd9f4dc5b5
4783,61.363453598,6.230997,30,v6,88000000ffffffffffffa8dd9f4dc5b5
4784,61.369665402,6.211804,30,v6,88000000ffffffffffffa8dd9f4dc5b5
4785,61.375604786,5.939384,30,v6,88000000ffffffffffffa8dd9f4dc5b5
4786,61.381815793,6.211007,30,v6,88000000ffffffffffffa8dd9f4dc5b5
4787,61.387949476,6.133683,30,v6,88000000ffffffffffffa8dd9f4dc5b5
4788,61.394893466,6.943990,30,v6,88000000ffffffffffffa8dd9f4dc5b5
4789,61.400091529,5.198063,30,v6,88000000ffffffffffffa8dd9f4dc5b5
4790,61.406181412,6.089883,30,v6,88000000ffffffffffffa8dd9f4dc5b5
4791,61.412284658,6.103246,30,v6,88000000ffffffffffffa8dd9f4dc5b5
4792,61.418239491,5.954833,30,v6,88000000ffffffffffffa8dd9f4dc5b5
4793,61.424401946,6.162455,30,v6,88000000ffffffffffffa8dd9f4dc5b5
4794,61.430483586,6.081640,30,v6,88000000ffffffffffffa8dd9f4dc5b5
4795,61.436845843,6.362257,30,v6,88000000ffffffffffffa8dd9f4dc5b5
4796,61.441636191,4.790348,30,v6,88000000ffffffffffffa8dd9f4dc5b5
4797,61.448718356,7.082165,30,v6,88000000ffffffffffffa8dd9f4dc5b5
4798,61.454975027,6.256671,30,v6,88000000ffffffffffffa8dd9f4dc5b5
4799,61.460128999,5.153972,30,v6,88000000ffffffffffffa8dd9f4dc5b5
4800,61.465994038,5.865039,30,v6,88000000ffffffffffffa8dd9f4dc5b5
4801,61.472064213,6.070175,30,v6,88000000ffffffffffffa8dd9f4dc5b5
4802,61.478301180,6.236967,30,v6,88000000ffffffffffffa8dd9f4dc5b5
4803,61.484435835,6.134655,30,v6,88000000ffffffffffffa8dd9f4dc5b5
4804,61.823844655,339.408820,30,v6,88000000ffffffffffffa8dd9f4dc5b5
4805,61.831020314,7.175659,30,v6,88000000ffffffffffffa8dd9f4dc5b5
4806,61.835932178,4.911864,30,v6,88000000ffffffffffffa8dd9f4dc5b5
4807,61.842058014,6.125836,30,v6,88000000ffffffffffffa8dd9f4dc5b5
4808,61.848056542,5.998528,30,v6,88000000ffffffffffffa8dd9f4dc5b5
4809,61.854350100,6.293558,30,v6,88000000ffffffffffffa8dd9f4dc5b5
4810,61.859361681,5.011581,30,v6,88000000ffffffffffffa8dd9f4dc5b5
4811,61.865436891,6.075210,30,v6,88000000ffffffffffffa8dd9f4dc5b5
4812,61.871538068,6.101177,30,v6,88000000ffffffffffffa8dd9f4dc5b5
4813,61.877421745,5.883677,30,v6,88000000ffffffffffffa8dd9f4dc5b5
4814,61.882592773,5.171028,30,v6,88000000ffffffffffffa8dd9f4dc5b5
4815,61.889752373,7.159600,30,v6,88000000ffffffffffffa8dd9f4dc5b5
4816,61.895883374,6.131001,30,v6,88000000ffffffffffffa8dd9f4dc5b5
4817,61.902169624,6.286250,30,v6,88000000ffffffffffffa8dd9f4dc5b5
4818,61.908188427,6.018803,30,v6,88000000ffffffffffffa8dd9f4dc5b5
4819,61.914095424,5.906997,30,v6,88000000ffffffffffffa8dd9f4dc5b5
4820,61.920134993,6.039569,30,v6,88000000ffffffffffffa8dd9f4dc5b5
4821,61.925319918,5.184925,30,v6,88000000ffffffffffffa8dd9f4dc5b5
4822,61.931359354,6.039436,30,v6,88000000ffffffffffffa8dd9f4dc5b5
4823,61.937742615,6.383261,30,v6,88000000ffffffffffffa8dd9f4dc5b5
4824,61.943720605,5.977990,30,v6,88000000ffffffffffffa8dd9f4dc5b5
4825,61.949517025,5.796420,30,v6,88000000ffffffffffffa8dd9f4dc5b5
4826,61.954724562,5.207537,30,v6,88000000ffffffffffffa8dd9f4dc5b5
4827,61.961018785,6.294223,30,v6,88000000ffffffffffffa8dd9f4dc5b5
4828,61.967115557,6.096772,30,v6,88000000ffffffffffffa8dd9f4dc5b5
4829,61.973010445,5.894888,30,v6,88000000ffffffffffffa8dd9f4dc5b5
4830,61.978148121,5.137676,30,v6,88000000ffffffffffffa8dd9f4dc5b5
4831,61.985217374,7.069253,30,v6,88000000ffffffffffffa8dd9f4dc5b5
4832,61.990343180,5.125806,30,v6,88000000ffffffffffffa8dd9f4dc5b5
4833,61.996505211,6.162031,30,v6,88000000ffffffffffffa8dd9f4dc5b5
4834,62.002557831,6.052620,30,v6,88000000ffffffffffffa8dd9f4dc5b5
4835,62.008481823,5.923992,30,v6,88000000ffffffffffffa8dd9f4dc5b5
4836,62.015803101,7.321278,30,v6,88000000ffffffffffffa8dd9f4dc5b5
4837,62.021895412,6.092311,30,v6,88000000ffffffffffffa8dd9f4dc5b5
4838,62.026870029,4.974617,30,v6,88000000ffffffffffffa8dd9f4dc5b5
4839,62.032937043,6.067014,30,v6,88000000ffffffffffffa8dd9f4dc5b5
4840,62.039005572,6.068529,30,v6,88000000ffffffffffffa8dd9f4dc5b5
4841,62.045289620,6.284048,30,v6,88000000ffffffffffffa8dd9f4dc5b5
4842,62.050388764,5.099144,30,v6,88000000ffffffffffffa8dd9f4dc5b5
4843,62.056427287,6.038523,30,v6,88000000ffffffffffffa8dd9f4dc5b5
4844,62.062544753,6.117466,30,v6,88000000ffffffffffffa8dd9f4dc5b5
4845,62.068459701,5.914948,30,v6,88000000ffffffffffffa8dd9f4dc5b5
4846,62.074734245,6.274544,30,v6,88000000ffffffffffffa8dd9f4dc5b5
4847,62.080861822,6.127577,30,v6,88000000ffffffffffffa8dd9f4dc5b5
4848,62.085923946,5.062124,30,v6,88000000ffffffffffffa8dd9f4dc5b5
4849,62.091821818,5.897872,30,v6,88000000ffffffffffffa8dd9f4dc5b5
4850,62.097962896,6.141078,30,v6,88000000ffffffffffffa8dd9f4dc5b5
4851,62.104118458,6.155562,30,v6,88000000ffffffffffffa8dd9f4dc5b5
4852,62.110141077,6.022619,30,v6,88000000ffffffffffffa8dd9f4dc5b5
4853,62.116236170,6.095093,30,v6,88000000ffffffffffffa8dd9f4dc5b5
4854,62.121258647,5.022477,30,v6,88000000ffffffffffffa8dd9f4dc5b5
4855,62.128626104,7.367457,30,v6,88000000ffffffffffffa8dd9f4dc5b5
4856,62.134691977,6.065873,30,v6,88000000ffffffffffffa8dd9f4dc5b5
4857,62.140624703,5.932726,30,v6,88000000ffffffffffffa8dd9f4dc5b5
4858,62.146841547,6.216844,30,v6,88000000ffffffffffffa8dd9f4dc5b5
4859,62.151880740,5.039193,30,v6,88000000ffffffffffffa8dd9f4dc5b5
4860,62.158054606,6.173866,30,v6,88000000ffffffffffffa8dd9f4dc5b5
4861,62.164126703,6.072097,30,v6,88000000ffffffffffffa8dd9f4dc5b5
4862,62.170234233,6.107530,30,v6,88000000ffffffffffffa8dd9f4dc5b5
4863,62.175253509,5.019276,30,v6,88000000ffffffffffffa8dd9f4dc5b5
4864,62.181384748,6.131239,30,v6,88000000ffffffffffffa8dd9f4dc5b5
4865,62.187529888,6.145140,30,v6,88000000ffffffffffffa8dd9f4dc5b5
4866,62.193413133,5.883245,30,v6,88000000ffffffffffffa8dd9f4dc5b5
4867,62.199495886,6.082753,30,v6,88000000ffffffffffffa8dd9f4dc5b5
4868,62.205968304,6.472418,30,v6,88000000ffffffffffffa8dd9f4dc5b5
4869,62.210863567,4.895263,30,v6,88000000ffffffffffffa8dd9f4dc5b5
4870,62.216823125,5.959558,30,v6,88000000ffffffffffffa8dd9f4dc5b5
4871,62.222949099,6.125974,30,v6,88000000ffffffffffffa8dd9f4dc5b5
4872,62.229235479,6.286380,30,v6,88000000ffffffffffffa8dd9f4dc5b5
4873,62.236215535,6.980056,30,v6,88000000ffffffffffffa8dd9f4dc5b5
4874,62.242254309,6.038774,30,v6,88000000ffffffffffffa8dd9f4dc5b5
4875,62.247267134,5.012825,30,v6,88000000ffffffffffffa8dd9f4dc5b5
4876,62.253353406,6.086272,30,v6,88000000ffffffffffffa8dd9f4dc5b5
4877,62.259600353,6.246947,30,v6,88000000ffffffffffffa8dd9f4dc5b5
4878,62.264721720,5.121367,30,v6,88000000ffffffffffffa8dd9f4dc5b5
4879,62.271817517,7.095797,30,v6,88000000ffffffffffffa8dd9f4dc5b5
4880,62.276986344,5.168827,30,v6,88000000ffffffffffffa8dd9f4dc5b5
4881,62.283094409,6.108065,30,v6,88000000ffffffffffffa8dd9f4dc5b5
4882,62.289160961,6.066552,30,v6,88000000ffffffffffffa8dd9f4dc5b5
4883,62.294007966,4.847005,30,v6,88000000ffffffffffffa8dd9f4dc5b5
4884,62.301217953,7.209987,30,v6,88000000ffffffffffffa8dd9f4dc5b5
4885,62.306395326,5.177373,30,v6,88000000ffffffffffffa8dd9f4dc5b5
4886,62.312482602,6.087276,30,v6,88000000ffffffffffffa8dd9f4dc5b5
4887,62.318549945,6.067343,30,v6,88000000ffffffffffffa8dd9f4dc5b5
4888,62.324387632,5.837687,30,v6,88000000ffffffffffffa8dd9f4dc5b5
4889,62.329738011,5.350379,30,v6,88000000ffffffffffffa8dd9f4dc5b5
4890,62.336911921,7.173910,30,v6,88000000ffffffffffffa8dd9f4dc5b5
4891,62.344182209,7.270288,30,v6,88000000ffffffffffffa8dd9f4dc5b5
4892,62.349005690,4.823481,30,v6,88000000ffffffffffffa8dd9f4dc5b5
4893,62.355397788,6.392098,30,v6,88000000ffffffffffffa8dd9f4dc5b5
4894,62.360956949,5.559161,30,v6,88000000ffffffffffffa8dd9f4dc5b5
4895,62.367280288,6.323339,30,v6,88000000ffffffffffffa8dd9f4dc5b5
4896,62.373426320,6.146032,30,v6,88000000ffffffffffffa8dd9f4dc5b5
4897,62.379501105,6.074785,30,v6,88000000ffffffffffffa8dd9f4dc5b5
4898,62.384545385,5.044280,30,v6,88000000ffffffffffffa8dd9f4dc5b5
4899,62.390536582,5.991197,30,v6,88000000ffffffffffffa8dd9f4dc5b5
4900,62.396832378,6.295796,30,v6,88000000ffffffffffffa8dd9f4dc5b5
4901,62.401730176,4.897798,30,v6,88000000ffffffffffffa8dd9f4dc5b5
4902,62.408735766,7.005590,30,v6,88000000ffffffffffffa8dd9f4dc5b5
4903,62.414110989,5.375223,30,v6,88000000ffffffffffffa8dd9f4dc5b5
4904,62.742061119,327.950130,30,v6,88000000ffffffffffffa8dd9f4dc5b5
4905,62.747233691,5.172572,30,v6,88000000ffffffffffffa8dd9f4dc5b5
4906,62.753432268,6.198577,30,v6,88000000ffffffffffffa8dd9f4dc5b5
4907,62.759437708,6.005440,30,v6,88000000ffffffffffffa8dd9f4dc5b5
4908,62.765535591,6.097883,30,v6,88000000ffffffffffffa8dd9f4dc5b5
4909,62.771709745,6.174154,30,v6,88000000ffffffffffffa8dd9f4dc5b5
4910,62.776713667,5.003922,30,v6,88000000ffffffffffffa8dd9f4dc5b5
4911,62.782698543,5.984876,30,v6,88000000ffffffffffffa8dd9f4dc5b5
4912,62.789948518,7.249975,30,v6,88000000ffffffffffffa8dd9f4dc5b5
4913,62.795205099,5.256581,30,v6,88000000ffffffffffffa8dd9f4dc5b5
4914,62.800911683,5.706584,30,v6,88000000ffffffffffffa8dd9f4dc5b5
4915,62.807099962,6.188279,30,v6,88000000ffffffffffffa8dd9f4dc5b5
4916,62.812260874,5.160912,30,v6,88000000ffffffffffffa8dd9f4dc5b5
4917,62.818165969,5.905095,30,v6,88000000ffffffffffffa8dd9f4dc5b5
4918,62.824590551,6.424582,30,v6,88000000ffffffffffffa8dd9f4dc5b5
4919,62.830538254,5.947703,30,v6,88000000ffffffffffffa8dd9f4dc5b5
4920,62.835560970,5.022716,30,v6,88000000ffffffffffffa8dd9f4dc5b5
4921,62.841591135,6.030165,30,v6,88000000ffffffffffffa8dd9f4dc5b5
4922,62.846973396,5.382261,30,v6,88000000ffffffffffffa8dd9f4dc5b5
4923,62.852909007,5.935611,30,v6,88000000ffffffffffffa8dd9f4dc5b5
4924,62.859029002,6.119995,30,v6,88000000ffffffffffffa8dd9f4dc5b5
4925,62.865156334,6.127332,30,v6,88000000ffffffffffffa8dd9f4dc5b5
4926,62.871235827,6.079493,30,v6,88000000ffffffffffffa8dd9f4dc5b5
4927,62.876475746,5.239919,30,v6,88000000ffffffffffffa8dd9f4dc5b5
4928,62.882450649,5.974903,30,v6,88000000ffffffffffffa8dd9f4dc5b5
4929,62.888611642,6.160993,30,v6,88000000ffffffffffffa8dd9f4dc5b5
4930,62.894653683,6.042041,30,v6,88000000ffffffffffffa8dd9f4dc5b5
4931,62.900766908,6.113225,30,v6,88000000ffffffffffffa8dd9f4dc5b5
4932,62.906719248,5.952340,30,v6,88000000ffffffffffffa8dd9f4dc5b5
4933,62.912922522,6.203274,30,v6,88000000ffffffffffffa8dd9f4dc5b5
4934,62.918217289,5.294767,30,v6,88000000ffffffffffffa8dd9f4dc5b5
4935,62.923974017,5.756728,30,v6,88000000ffffffffffffa8dd9f4dc5b5
4936,62.930138565,6.164548,30,v6,88000000ffffffffffffa8dd9f4dc5b5
4937,62.935088403,4.949838,30,v6,88000000ffffffffffffa8dd9f4dc5b5
4938,62.941234916,6.146513,30,v6,88000000ffffffffffffa8dd9f4dc5b5
4939,62.947332255,6.097339,30,v6,88000000ffffffffffffa8dd9f4dc5b5
4940,62.952445581,5.113326,30,v6,88000000ffffffffffffa8dd9f4dc5b5
4941,62.958623900,6.178319,30,v6,88000000ffffffffffffa8dd9f4dc5b5
4942,62.964769065,6.145165,30,v6,88000000ffffffffffffa8dd9f4dc5b5
4943,62.969684472,4.915407,30,v6,88000000ffffffffffffa8dd9f4dc5b5
4944,62.975794498,6.110026,30,v6,88000000ffffffffffffa8dd9f4dc5b5
4945,62.982156337,6.361839,30,v6,88000000ffffffffffffa8dd9f4dc5b5
4946,62.986979819,4.823482,30,v6,88000000ffffffffffffa8dd9f4dc5b5
4947,62.994269469,7.289650,30,v6,88000000ffffffffffffa8dd9f4dc5b5
4948,62.999103292,4.833823,30,v6,88000000ffffffffffffa8dd9f4dc5b5
4949,63.005240937,6.137645,30,v6,88000000ffffffffffffa8dd9f4dc5b5
4950,63.012580668,7.339731,30,v6,88000000ffffffffffffa8dd9f4dc5b5
4951,63.017509420,4.928752,30,v6,88000000ffffffffffffa8dd9f4dc5b5
4952,63.023689092,6.179672,30,v6,88000000ffffffffffffa8dd9f4dc5b5
4953,63.029839514,6.150422,30,v6,88000000ffffffffffffa8dd9f4dc5b5
4954,63.034747580,4.908066,30,v6,88000000ffffffffffffa8dd9f4dc5b5
4955,63.040970356,6.222776,30,v6,88000000ffffffffffffa8dd9f4dc5b5
4956,63.047102310,6.131954,30,v6,88000000ffffffffffffa8dd9f4dc5b5
4957,63.053188715,6.086405,30,v6,88000000ffffffffffffa8dd9f4dc5b5
4958,63.058019369,4.830654,30,v6,88000000ffffffffffffa8dd9f4dc5b5
4959,63.064007090,5.987721,30,v6,88000000ffffffffffffa8dd9f4dc5b5
4960,63.069369869,5.362779,30,v6,88000000ffffffffffffa8dd9f4dc5b5
4961,63.075454891,6.085022,30,v6,88000000ffffffffffffa8dd9f4dc5b5
4962,63.081558445,6.103554,30,v6,88000000ffffffffffffa8dd9f4dc5b5
4963,63.087665042,6.106597,30,v6,88000000ffffffffffffa8dd9f4dc5b5
4964,63.093807601,6.142559,30,v6,88000000ffffffffffffa8dd9f4dc5b5
4965,63.098902318,5.094717,30,v6,88000000ffffffffffffa8dd9f4dc5b5
4966,63.104959862,6.057544,30,v6,88000000ffffffffffffa8dd9f4dc5b5
4967,63.109915891,4.956029,30,v6,88000000ffffffffffffa8dd9f4dc5b5
4968,63.116138502,6.222611,30,v6,88000000ffffffffffffa8dd9f4dc5b5
4969,63.122189088,6.050586,30,v6,88000000ffffffffffffa8dd9f4dc5b5
4970,63.128473387,6.284299,30,v6,88000000ffffffffffffa8dd9f4dc5b5
4971,63.134305038,5.831651,30,v6,88000000ffffffffffffa8dd9f4dc5b5
4972,63.140521716,6.216678,30,v6,88000000ffffffffffffa8dd9f4dc5b5
4973,63.146418149,5.896433,30,v6,88000000ffffffffffffa8dd9f4dc5b5
4974,63.152849783,6.431634,30,v6,88000000ffffffffffffa8dd9f4dc5b5
4975,63.158725539,5.875756,30,v6,88000000ffffffffffffa8dd9f4dc5b5
4976,63.164003120,5.277581,30,v6,88000000ffffffffffffa8dd9f4dc5b5
4977,63.169979225,5.976105,30,v6,88000000ffffffffffffa8dd9f4dc5b5
4978,63.176059084,6.079859,30,v6,88000000ffffffffffffa8dd9f4dc5b5
4979,63.181136169,5.077085,30,v6,88000000ffffffffffffa8dd9f4dc5b5
4980,63.187162075,6.025906,30,v6,88000000ffffffffffffa8dd9f4dc5b5
4981,63.193099453,5.937378,30,v6,88000000ffffffffffffa8dd9f4dc5b5
4982,63.199435850,6.336397,30,v6,88000000ffffffffffffa8dd9f4dc5b5
4983,63.204476144,5.040294,30,v6,88000000ffffffffffffa8dd9f4dc5b5
4984,63.210662914,6.186770,30,v6,88000000ffffffffffffa8dd9f4dc5b5
4985,63.216789837,6.126923,30,v6,88000000ffffffffffffa8dd9f4dc5b5
4986,63.222824327,6.034490,30,v6,88000000ffffffffffffa8dd9f4dc5b5
4987,63.227963727,5.139400,30,v6,88000000ffffffffffffa8dd9f4dc5b5
4988,63.233863319,5.899592,30,v6,88000000ffffffffffffa8dd9f4dc5b5
4989,63.240048857,6.185538,30,v6,88000000ffffffffffffa8dd9f4dc5b5
4990,63.245143675,5.094818,30,v6,88000000ffffffffffffa8dd9f4dc5b5
4991,63.251165123,6.021448,30,v6,88000000ffffffffffffa8dd9f4dc5b5
4992,63.258337919,7.172796,30,v6,88000000ffffffffffffa8dd9f4dc5b5
4993,63.263288250,4.950331,30,v6,88000000ffffffffffffa8dd9f4dc5b5
4994,63.269293485,6.005235,30,v6,88000000ffffffffffffa8dd9f4dc5b5
4995,63.275370954,6.077469,30,v6,88000000ffffffffffffa8dd9f4dc5b5
4996,63.280753452,5.382498,30,v6,88000000ffffffffffffa8dd9f4dc5b5
4997,63.286795140,6.041688,30,v6,88000000ffffffffffffa8dd9f4dc5b5
4998,63.292773899,5.978759,30,v6,88000000ffffffffffffa8dd9f4dc5b5
4999,63.299110575,6.336676,30,v6,88000000ffffffffffffa8dd9f4dc5b5
5000,63.304083488,4.972913,30,v6,88000000ffffffffffffa8dd9f4dc5b5
5001,63.309906251,5.822763,30,v6,88000000ffffffffffffa8dd9f4dc5b5
5002,63.316260051,6.353800,30,v6,88000000ffffffffffffa8dd9f4dc5b5
5003,63.322304389,6.044338,30,v6,88000000ffffffffffffa8dd9f4dc5b5
5004,63.656689271,334.384882,30,v6,88000000ffffffffffffa8dd9f4dc5b5
5005,63.662537513,5.848242,30,v6,88000000ffffffffffffa8dd9f4dc5b5
5006,63.667641748,5.104235,30,v6,88000000ffffffffffffa8dd9f4dc5b5
5007,63.673018994,5.377246,30,v6,88000000ffffffffffffa8dd9f4dc5b5
5008,63.678798716,5.779722,30,v6,88000000ffffffffffffa8dd9f4dc5b5
5009,63.684835583,6.036867,30,v6,88000000ffffffffffffa8dd9f4dc5b5
5010,63.690257876,5.422293,30,v6,88000000ffffffffffffa8dd9f4dc5b5
5011,63.696049225,5.791349,30,v6,88000000ffffffffffffa8dd9f4dc5b5
5012,63.702144980,6.095755,30,v6,88000000ffffffffffffa8dd9f4dc5b5
5013,63.707302303,5.157323,30,v6,88000000ffffffffffffa8dd9f4dc5b5
5014,63.713530533,6.228230,30,v6,88000000ffffffffffffa8dd9f4dc5b5
5015,63.719974320,6.443787,30,v6,88000000ffffffffffffa8dd9f4dc5b5
5016,63.724762079,4.787759,30,v6,88000000ffffffffffffa8dd9f4dc5b5
5017,63.729999691,5.237612,30,v6,88000000ffffffffffffa8dd9f4dc5b5
5018,63.735892458,5.892767,30,v6,88000000ffffffffffffa8dd9f4dc5b5
5019,63.742118700,6.226242,30,v6,88000000ffffffffffffa8dd9f4dc5b5
5020,63.748051439,5.932739,30,v6,88000000ffffffffffffa8dd9f4dc5b5
5021,63.754335993,6.284554,30,v6,88000000ffffffffffffa8dd9f4dc5b5
5022,63.760220331,5.884338,30,v6,88000000ffffffffffffa8dd9f4dc5b5
5023,63.766387570,6.167239,30,v6,88000000ffffffffffffa8dd9f4dc5b5
5024,63.771402799,5.015229,30,v6,88000000ffffffffffffa8dd9f4dc5b5
5025,63.776419379,5.016580,30,v6,88000000ffffffffffffa8dd9f4dc5b5
5026,63.782708488,6.289109,30,v6,88000000ffffffffffffa8dd9f4dc5b5
5027,63.788549794,5.841306,30,v6,88000000ffffffffffffa8dd9f4dc5b5
5028,63.794779909,6.230115,30,v6,88000000ffffffffffffa8dd9f4dc5b5
5029,63.800001744,5.221835,30,v6,88000000ffffffffffffa8dd9f4dc5b5
5030,63.805922175,5.920431,30,v6,88000000ffffffffffffa8dd9f4dc5b5
5031,63.810996510,5.074335,30,v6,88000000ffffffffffffa8dd9f4dc5b5
5032,63.817355380,6.358870,30,v6,88000000ffffffffffffa8dd9f4dc5b5
5033,63.823210261,5.854881,30,v6,88000000ffffffffffffa8dd9f4dc5b5
5034,63.828152606,4.942345,30,v6,88000000ffffffffffffa8dd9f4dc5b5
5035,63.834537668,6.385062,30,v6,88000000ffffffffffffa8dd9f4dc5b5
5036,63.839439793,4.902125,30,v6,88000000ffffffffffffa8dd9f4dc5b5
5037,63.845588929,6.149136,30,v6,88000000ffffffffffffa8dd9f4dc5b5
5038,63.851629320,6.040391,30,v6,88000000ffffffffffffa8dd9f4dc5b5
5039,63.856777113,5.147793,30,v6,88000000ffffffffffffa8dd9f4dc5b5
5040,63.862902060,6.124947,30,v6,88000000ffffffffffffa8dd9f4dc5b5
5041,63.869739479,6.837419,30,v6,88000000ffffffffffffa8dd9f4dc5b5
5042,63.876025686,6.286207,30,v6,88000000ffffffffffffa8dd9f4dc5b5
5043,63.881059780,5.034094,30,v6,88000000ffffffffffffa8dd9f4dc5b5
5044,63.886053825,4.994045,30,v6,88000000ffffffffffffa8dd9f4dc5b5
5045,63.892232010,6.178185,30,v6,88000000ffffffffffffa8dd9f4dc5b5
5046,63.898317214,6.085204,30,v6,88000000ffffffffffffa8dd9f4dc5b5
5047,63.903374189,5.056975,30,v6,88000000ffffffffffffa8dd9f4dc5b5
5048,63.909521058,6.146869,30,v6,88000000ffffffffffffa8dd9f4dc5b5
5049,63.914600702,5.079644,30,v6,88000000ffffffffffffa8dd9f4dc5b5
5050,63.920849981,6.249279,30,v6,88000000ffffffffffffa8dd9f4dc5b5
5051,63.926635478,5.785497,30,v6,88000000ffffffffffffa8dd9f4dc5b5
5052,63.933080884,6.445406,30,v6,88000000ffffffffffffa8dd9f4dc5b5
5053,63.938045413,4.964529,30,v6,88000000ffffffffffffa8dd9f4dc5b5
5054,63.943984798,5.939385,30,v6,88000000ffffffffffffa8dd9f4dc5b5
5055,63.949340991,5.356193,30,v6,88000000ffffffffffffa8dd9f4dc5b5
5056,63.955210607,5.869616,30,v6,88000000ffffffffffffa8dd9f4dc5b5
5057,63.961536129,6.325522,30,v6,88000000ffffffffffffa8dd9f4dc5b5
5058,63.966643521,5.107392,30,v6,88000000ffffffffffffa8dd9f4dc5b5
5059,63.972554339,5.910818,30,v6,88000000ffffffffffffa8dd9f4dc5b5
5060,63.979677040,7.122701,30,v6,88000000ffffffffffffa8dd9f4dc5b5
5061,63.984620041,4.943001,30,v6,88000000ffffffffffffa8dd9f4dc5b5
5062,63.990759248,6.139207,30,v6,88000000ffffffffffffa8dd9f4dc5b5
5063,63.995937068,5.177820,30,v6,88000000ffffffffffffa8dd9f4dc5b5
5064,64.002061892,6.124824,30,v6,88000000ffffffffffffa8dd9f4dc5b5
5065,64.007062320,5.000428,30,v6,88000000ffffffffffffa8dd9f4dc5b5
5066,64.013173399,6.111079,30,v6,88000000ffffffffffffa8dd9f4dc5b5
5067,64.019142405,5.969006,30,v6,88000000ffffffffffffa8dd9f4dc5b5
5068,64.024311763,5.169358,30,v6,88000000ffffffffffffa8dd9f4dc5b5
5069,64.030504710,6.192947,30,v6,88000000ffffffffffffa8dd9f4dc5b5
5070,64.035568960,5.064250,30,v6,88000000ffffffffffffa8dd9f4dc5b5
5071,64.041749791,6.180831,30,v6,88000000ffffffffffffa8dd9f4dc5b5
5072,64.047699568,5.949777,30,v6,88000000ffffffffffffa8dd9f4dc5b5
5073,64.052757316,5.057748,30,v6,88000000ffffffffffffa8dd9f4dc5b5
5074,64.058936984,6.179668,30,v6,88000000ffffffffffffa8dd9f4dc5b5
5075,64.065046762,6.109778,30,v6,88000000ffffffffffffa8dd9f4dc5b5
5076,64.070054509,5.007747,30,v6,88000000ffffffffffffa8dd9f4dc5b5
5077,64.076056146,6.001637,30,v6,88000000ffffffffffffa8dd9f4dc5b5
5078,64.082137861,6.081715,30,v6,88000000ffffffffffffa8dd9f4dc5b5
5079,64.087298860,5.160999,30,v6,88000000ffffffffffffa8dd9f4dc5b5
5080,64.093255232,5.956372,30,v6,88000000ffffffffffffa8dd9f4dc5b5
5081,64.099710025,6.454793,30,v6,88000000ffffffffffffa8dd9f4dc5b5
5082,64.105572846,5.862821,30,v6,88000000ffffffffffffa8dd9f4dc5b5
5083,64.110730747,5.157901,30,v6,88000000ffffffffffffa8dd9f4dc5b5
5084,64.116981187,6.250440,30,v6,88000000ffffffffffffa8dd9f4dc5b5
5085,64.123074488,6.093301,30,v6,88000000ffffffffffffa8dd9f4dc5b5
5086,64.128087847,5.013359,30,v6,88000000ffffffffffffa8dd9f4dc5b5
5087,64.134079345,5.991498,30,v6,88000000ffffffffffffa8dd9f4dc5b5
5088,64.140172342,6.092997,30,v6,88000000ffffffffffffa8dd9f4dc5b5
5089,64.145380075,5.207733,30,v6,88000000ffffffffffffa8dd9f4dc5b5
5090,64.151268330,5.888255,30,v6,88000000ffffffffffffa8dd9f4dc5b5
5091,64.157511436,6.243106,30,v6,88000000ffffffffffffa8dd9f4dc5b5
5092,64.162530308,5.018872,30,v6,88000000ffffffffffffa8dd9f4dc5b5
5093,64.168543582,6.013274,30,v6,88000000ffffffffffffa8dd9f4dc5b5
5094,64.173809364,5.265782,30,v6,88000000ffffffffffffa8dd9f4dc5b5
5095,64.179930744,6.121380,30,v6,88000000ffffffffffffa8dd9f4dc5b5
5096,64.185019608,5.088864,30,v6,88000000ffffffffffffa8dd9f4dc5b5
5097,64.191250369,6.230761,30,v6,88000000ffffffffffffa8dd9f4dc5b5
5098,64.197321353,6.070984,30,v6,88000000ffffffffffffa8dd9f4dc5b5
5099,64.202465714,5.144361,30,v6,88000000ffffffffffffa8dd9f4dc5b5
5100,64.209461405,6.995691,30,v6,88000000ffffffffffffa8dd9f4dc5b5
5101,64.215345889,5.884484,30,v6,88000000ffffffffffffa8dd9f4dc5b5
5102,64.221693816,6.347927,30,v6,88000000ffffffffffffa8dd9f4dc5b5
5103,64.226393183,4.699367,30,v6,88000000ffffffffffffa8dd9f4dc5b5
5104,64.561104646,334.711463,30,v6,88000000ffffffffffffa8dd9f4dc5b5
5105,64.567095537,5.990891,30,v6,88000000ffffffffffffa8dd9f4dc5b5
5106,64.573369591,6.274054,30,v6,88000000ffffffffffffa8dd9f4dc5b5
5107,64.578077802,4.708211,30,v6,88000000ffffffffffffa8dd9f4dc5b5
5108,64.583416399,5.338597,30,v6,88000000ffffffffffffa8dd9f4dc5b5
5109,64.589348818,5.932419,30,v6,88000000ffffffffffffa8dd9f4dc5b5
5110,64.594319227,4.970409,30,v6,88000000ffffffffffffa8dd9f4dc5b5
5111,64.600485169,6.165942,30,v6,88000000ffffffffffffa8dd9f4dc5b5
5112,64.606808804,6.323635,30,v6,88000000ffffffffffffa8dd9f4dc5b5
5113,64.611710812,4.902008,30,v6,88000000ffffffffffffa8dd9f4dc5b5
5114,64.617838147,6.127335,30,v6,88000000ffffffffffffa8dd9f4dc5b5
5115,64.622761628,4.923481,30,v6,88000000ffffffffffffa8dd9f4dc5b5
5116,64.628943067,6.181439,30,v6,88000000ffffffffffffa8dd9f4dc5b5
5117,64.634000276,5.057209,30,v6,88000000ffffffffffffa8dd9f4dc5b5
5118,64.640019553,6.019277,30,v6,88000000ffffffffffffa8dd9f4dc5b5
5119,64.645280165,5.260612,30,v6,88000000ffffffffffffa8dd9f4dc5b5
5120,64.651294690,6.014525,30,v6,88000000ffffffffffffa8dd9f4dc5b5
5121,64.656196777,4.902087,30,v6,88000000ffffffffffffa8dd9f4dc5b5
5122,64.662168113,5.971336,30,v6,88000000ffffffffffffa8dd9f4dc5b5
5123,64.668458914,6.290801,30,v6,88000000ffffffffffffa8dd9f4dc5b5
5124,64.673483806,5.024892,30,v6,88000000ffffffffffffa8dd9f4dc5b5
5125,64.679874732,6.390926,30,v6,88000000ffffffffffffa8dd9f4dc5b5
5126,64.684703983,4.829251,30,v6,88000000ffffffffffffa8dd9f4dc5b5
5127,64.690966222,6.262239,30,v6,88000000ffffffffffffa8dd9f4dc5b5
5128,64.697088457,6.122235,30,v6,88000000ffffffffffffa8dd9f4dc5b5
5129,64.703082514,5.994057,30,v6,88000000ffffffffffffa8dd9f4dc5b5
5130,64.708237976,5.155462,30,v6,88000000ffffffffffffa8dd9f4dc5b5
5131,64.713237234,4.999258,30,v6,88000000ffffffffffffa8dd9f4dc5b5
5132,64.719317200,6.079966,30,v6,88000000ffffffffffffa8dd9f4dc5b5
5133,64.725351219,6.034019,30,v6,88000000ffffffffffffa8dd9f4dc5b5
5134,64.730480028,5.128809,30,v6,88000000ffffffffffffa8dd9f4dc5b5
5135,64.736598253,6.118225,30,v6,88000000ffffffffffffa8dd9f4dc5b5
5136,64.741851950,5.253697,30,v6,88000000ffffffffffffa8dd9f4dc5b5
5137,64.747918340,6.066390,30,v6,88000000ffffffffffffa8dd9f4dc5b5
5138,64.752841345,4.923005,30,v6,88000000ffffffffffffa8dd9f4dc5b5
5139,64.759057608,6.216263,30,v6,88000000ffffffffffffa8dd9f4dc5b5
5140,64.764161914,5.104306,30,v6,88000000ffffffffffffa8dd9f4dc5b5
5141,64.770061811,5.899897,30,v6,88000000ffffffffffffa8dd9f4dc5b5
5142,64.775242612,5.180801,30,v6,88000000ffffffffffffa8dd9f4dc5b5
5143,64.781213995,5.971383,30,v6,88000000ffffffffffffa8dd9f4dc5b5
5144,64.787393641,6.179646,30,v6,88000000ffffffffffffa8dd9f4dc5b5
5145,64.792481516,5.087875,30,v6,88000000ffffffffffffa8dd9f4dc5b5
5146,64.798529767,6.048251,30,v6,88000000ffffffffffffa8dd9f4dc5b5
5147,64.803541716,5.011949,30,v6,88000000ffffffffffffa8dd9f4dc5b5
5148,64.809746293,6.204577,30,v6,88000000ffffffffffffa8dd9f4dc5b5
5149,64.815988745,6.242452,30,v6,88000000ffffffffffffa8dd9f4dc5b5
5150,64.823071445,7.082700,30,v6,88000000ffffffffffffa8dd9f4dc5b5
5151,64.827843269,4.771824,30,v6,88000000ffffffffffffa8dd9f4dc5b5
5152,64.834047323,6.204054,30,v6,88000000ffffffffffffa8dd9f4dc5b5
5153,64.838984182,4.936859,30,v6,88000000ffffffffffffa8dd9f4dc5b5
5154,64.845260232,6.276050,30,v6,88000000ffffffffffffa8dd9f4dc5b5
5155,64.850233201,4.972969,30,v6,88000000ffffffffffffa8dd9f4dc5b5
5156,64.856290345,6.057144,30,v6,88000000ffffffffffffa8dd9f4dc5b5
5157,64.861637388,5.347043,30,v6,88000000ffffffffffffa8dd9f4dc5b5
5158,64.867461861,5.824473,30,v6,88000000ffffffffffffa8dd9f4dc5b5
5159,64.872852287,5.390426,30,v6,88000000ffffffffffffa8dd9f4dc5b5
5160,64.878743995,5.891708,30,v6,88000000ffffffffffffa8dd9f4dc5b5
5161,64.883760536,5.016541,30,v6,88000000ffffffffffffa8dd9f4dc5b5
5162,64.890186617,6.426081,30,v6,88000000ffffffffffffa8dd9f4dc5b5
5163,64.895189726,5.003109,30,v6,88000000ffffffffffffa8dd9f4dc5b5
5164,64.901330592,6.140866,30,v6,88000000ffffffffffffa8dd9f4dc5b5
5165,64.907307509,5.976917,30,v6,88000000ffffffffffffa8dd9f4dc5b5
5166,64.912151767,4.844258,30,v6,88000000ffffffffffffa8dd9f4dc5b5
5167,64.918560891,6.409124,30,v6,88000000ffffffffffffa8dd9f4dc5b5
5168,64.923547808,4.986917,30,v6,88000000ffffffffffffa8dd9f4dc5b5
5169,64.928718102,5.170294,30,v6,88000000ffffffffffffa8dd9f4dc5b5
5170,64.934978742,6.260640,30,v6,88000000ffffffffffffa8dd9f4dc5b5
5171,64.940837618,5.858876,30,v6,88000000ffffffffffffa8dd9f4dc5b5
5172,64.946036470,5.198852,30,v6,88000000ffffffffffffa8dd9f4dc5b5
5173,64.952003973,5.967503,30,v6,88000000ffffffffffffa8dd9f4dc5b5
5174,64.957059261,5.055288,30,v6,88000000ffffffffffffa8dd9f4dc5b5
5175,64.964183115,7.123854,30,v6,88000000ffffffffffffa8dd9f4dc5b5
5176,64.970163093,5.979978,30,v6,88000000ffffffffffffa8dd9f4dc5b5
5177,64.975415425,5.252332,30,v6,88000000ffffffffffffa8dd9f4dc5b5
5178,64.981464366,6.048941,30,v6,88000000ffffffffffffa8dd9f4dc5b5
5179,64.986555328,5.090962,30,v6,88000000ffffffffffffa8dd9f4dc5b5
5180,64.992740078,6.184750,30,v6,88000000ffffffffffffa8dd9f4dc5b5
5181,64.998962464,6.222386,30,v6,88000000ffffffffffffa8dd9f4dc5b5
5182,65.004019137,5.056673,30,v6,88000000ffffffffffffa8dd9f4dc5b5
5183,65.009925708,5.906571,30,v6,88000000ffffffffffffa8dd9f4dc5b5
5184,65.015141472,5.215764,30,v6,88000000ffffffffffffa8dd9f4dc5b5
5185,65.021068841,5.927369,30,v6,88000000ffffffffffffa8dd9f4dc5b5
5186,65.026023745,4.954904,30,v6,88000000ffffffffffffa8dd9f4dc5b5
5187,65.032255353,6.231608,30,v6,88000000ffffffffffffa8dd9f4dc5b5
5188,65.037142850,4.887497,30,v6,88000000ffffffffffffa8dd9f4dc5b5
5189,65.043371792,6.228942,30,v6,88000000ffffffffffffa8dd9f4dc5b5
5190,65.048700827,5.329035,30,v6,88000000ffffffffffffa8dd9f4dc5b5
5191,65.053648401,4.947574,30,v6,88000000ffffffffffffa8dd9f4dc5b5
5192,65.059840245,6.191844,30,v6,88000000ffffffffffffa8dd9f4dc5b5
5193,65.065906983,6.066738,30,v6,88000000ffffffffffffa8dd9f4dc5b5
5194,65.070739546,4.832563,30,v6,88000000ffffffffffffa8dd9f4dc5b5
5195,65.077884277,7.144731,30,v6,88000000ffffffffffffa8dd9f4dc5b5
5196,65.083413835,5.529558,30,v6,88000000ffffffffffffa8dd9f4dc5b5
5197,65.088979845,5.566010,30,v6,88000000ffffffffffffa8dd9f4dc5b5
5198,65.094293072,5.313227,30,v6,88000000ffffffffffffa8dd9f4dc5b5
5199,65.100252596,5.959524,30,v6,88000000ffffffffffffa8dd9f4dc5b5
5200,65.105295763,5.043167,30,v6,88000000ffffffffffffa8dd9f4dc5b5
5201,65.111351879,6.056116,30,v6,88000000ffffffffffffa8dd9f4dc5b5
5202,65.116425766,5.073887,30,v6,88000000ffffffffffffa8dd9f4dc5b5
5203,65.122600101,6.174335,30,v6,88000000ffffffffffffa8dd9f4dc5b5
5204,65.451825958,329.225857,30,v6,88000000ffffffffffffa8dd9f4dc5b5
5205,65.458106879,6.280921,30,v6,88000000ffffffffffffa8dd9f4dc5b5
5206,65.462959908,4.853029,30,v6,88000000ffffffffffffa8dd9f4dc5b5
5207,65.468005627,5.045719,30,v6,88000000ffffffffffffa8dd9f4dc5b5
5208,65.474141252,6.135625,30,v6,88000000ffffffffffffa8dd9f4dc5b5
5209,65.479345638,5.204386,30,v6,88000000ffffffffffffa8dd9f4dc5b5
5210,65.485378694,6.033056,30,v6,88000000ffffffffffffa8dd9f4dc5b5
5211,65.490383324,5.004630,30,v6,88000000ffffffffffffa8dd9f4dc5b5
5212,65.495511744,5.128420,30,v6,88000000ffffffffffffa8dd9f4dc5b5
5213,65.501938927,6.427183,30,v6,88000000ffffffffffffa8dd9f4dc5b5
5214,65.507798002,5.859075,30,v6,88000000ffffffffffffa8dd9f4dc5b5
5215,65.513785909,5.987907,30,v6,88000000ffffffffffffa8dd9f4dc5b5
5216,65.518775790,4.989881,30,v6,88000000ffffffffffffa8dd9f4dc5b5
5217,65.525158096,6.382306,30,v6,88000000ffffffffffffa8dd9f4dc5b5
5218,65.530310638,5.152542,30,v6,88000000ffffffffffffa8dd9f4dc5b5
5219,65.535030433,4.719795,30,v6,88000000ffffffffffffa8dd9f4dc5b5
5220,65.541252277,6.221844,30,v6,88000000ffffffffffffa8dd9f4dc5b5
5221,65.546273956,5.021679,30,v6,88000000ffffffffffffa8dd9f4dc5b5
5222,65.552279688,6.005732,30,v6,88000000ffffffffffffa8dd9f4dc5b5
5223,65.557467752,5.188064,30,v6,88000000ffffffffffffa8dd9f4dc5b5
5224,65.563657874,6.190122,30,v6,88000000ffffffffffffa8dd9f4dc5b5
5225,65.568682890,5.025016,30,v6,88000000ffffffffffffa8dd9f4dc5b5
5226,65.573750017,5.067127,30,v6,88000000ffffffffffffa8dd9f4dc5b5
5227,65.580048616,6.298599,30,v6,88000000ffffffffffffa8dd9f4dc5b5
5228,65.585919763,5.871147,30,v6,88000000ffffffffffffa8dd9f4dc5b5
5229,65.590927151,5.007388,30,v6,88000000ffffffffffffa8dd9f4dc5b5
5230,65.595989108,5.061957,30,v6,88000000ffffffffffffa8dd9f4dc5b5
5231,65.602132189,6.143081,30,v6,88000000ffffffffffffa8dd9f4dc5b5
5232,65.607218562,5.086373,30,v6,88000000ffffffffffffa8dd9f4dc5b5
5233,65.613456036,6.237474,30,v6,88000000ffffffffffffa8dd9f4dc5b5
5234,65.618439137,4.983101,30,v6,88000000ffffffffffffa8dd9f4dc5b5
5235,65.623483568,5.044431,30,v6,88000000ffffffffffffa8dd9f4dc5b5
5236,65.630813535,7.329967,30,v6,88000000ffffffffffffa8dd9f4dc5b5
5237,65.635700527,4.886992,30,v6,88000000ffffffffffffa8dd9f4dc5b5
5238,65.640803462,5.102935,30,v6,88000000ffffffffffffa8dd9f4dc5b5
5239,65.647148323,6.344861,30,v6,88000000ffffffffffffa8dd9f4dc5b5
5240,65.653032483,5.884160,30,v6,88000000ffffffffffffa8dd9f4dc5b5
5241,65.657967729,4.935246,30,v6,88000000ffffffffffffa8dd9f4dc5b5
5242,65.663190811,5.223082,30,v6,88000000ffffffffffffa8dd9f4dc5b5
5243,65.668241098,5.050287,30,v6,88000000ffffffffffffa8dd9f4dc5b5
5244,65.674288376,6.047278,30,v6,88000000ffffffffffffa8dd9f4dc5b5
5245,65.680535887,6.247511,30,v6,88000000ffffffffffffa8dd9f4dc5b5
5246,65.685386742,4.850855,30,v6,88000000ffffffffffffa8dd9f4dc5b5
5247,65.690608373,5.221631,30,v6,88000000ffffffffffffa8dd9f4dc5b5
5248,65.696539731,5.931358,30,v6,88000000ffffffffffffa8dd9f4dc5b5
5249,65.701805670,5.265939,30,v6,88000000ffffffffffffa8dd9f4dc5b5
5250,65.708017241,6.211571,30,v6,88000000ffffffffffffa8dd9f4dc5b5
5251,65.712889758,4.872517,30,v6,88000000ffffffffffffa8dd9f4dc5b5
5252,65.718925666,6.035908,30,v6,88000000ffffffffffffa8dd9f4dc5b5
5253,65.725185895,6.260229,30,v6,88000000ffffffffffffa8dd9f4dc5b5
5254,65.730256835,5.070940,30,v6,88000000ffffffffffffa8dd9f4dc5b5
5255,65.736343058,6.086223,30,v6,88000000ffffffffffffa8dd9f4dc5b5
5256,65.741481638,5.138580,30,v6,88000000ffffffffffffa8dd9f4dc5b5
5257,65.746565197,5.083559,30,v6,88000000ffffffffffffa8dd9f4dc5b5
5258,65.752694502,6.129305,30,v6,88000000ffffffffffffa8dd9f4dc5b5
5259,65.757775153,5.080651,30,v6,88000000ffffffffffffa8dd9f4dc5b5
5260,65.763778345,6.003192,30,v6,88000000ffffffffffffa8dd9f4dc5b5
5261,65.768828626,5.050281,30,v6,88000000ffffffffffffa8dd9f4dc5b5
5262,65.774145895,5.317269,30,v6,88000000ffffffffffffa8dd9f4dc5b5
5263,65.779922025,5.776130,30,v6,88000000ffffffffffffa8dd9f4dc5b5
5264,65.786257662,6.335637,30,v6,88000000ffffffffffffa8dd9f4dc5b5
5265,65.791460922,5.203260,30,v6,88000000ffffffffffffa8dd9f4dc5b5
5266,65.796186635,4.725713,30,v6,88000000ffffffffffffa8dd9f4dc5b5
5267,65.802445916,6.259281,30,v6,88000000ffffffffffffa8dd9f4dc5b5
5268,65.808668381,6.222465,30,v6,88000000ffffffffffffa8dd9f4dc5b5
5269,65.813708093,5.039712,30,v6,88000000ffffffffffffa8dd9f4dc5b5
5270,65.819611712,5.903619,30,v6,88000000ffffffffffffa8dd9f4dc5b5
5271,65.824907792,5.296080,30,v6,88000000ffffffffffffa8dd9f4dc5b5
5272,65.829907429,4.999637,30,v6,88000000ffffffffffffa8dd9f4dc5b5
5273,65.836028118,6.120689,30,v6,88000000ffffffffffffa8dd9f4dc5b5
5274,65.842376186,6.348068,30,v6,88000000ffffffffffffa8dd9f4dc5b5
5275,65.847254849,4.878663,30,v6,88000000ffffffffffffa8dd9f4dc5b5
5276,65.852109627,4.854778,30,v6,88000000ffffffffffffa8dd9f4dc5b5
5277,65.858205800,6.096173,30,v6,88000000ffffffffffffa8dd9f4dc5b5
5278,65.863238381,5.032581,30,v6,88000000ffffffffffffa8dd9f4dc5b5
5279,65.869473298,6.234917,30,v6,88000000ffffffffffffa8dd9f4dc5b5
5280,65.874477668,5.004370,30,v6,88000000ffffffffffffa8dd9f4dc5b5
5281,65.880595346,6.117678,30,v6,88000000ffffffffffffa8dd9f4dc5b5
5282,65.886797605,6.202259,30,v6,88000000ffffffffffffa8dd9f4dc5b5
5283,65.893059203,6.261598,30,v6,88000000ffffffffffffa8dd9f4dc5b5
5284,65.898248102,5.188899,30,v6,88000000ffffffffffffa8dd9f4dc5b5
5285,65.903956769,5.708667,30,v6,88000000ffffffffffffa8dd9f4dc5b5
5286,65.909304992,5.348223,30,v6,88000000ffffffffffffa8dd9f4dc5b5
5287,65.914037145,4.732153,30,v6,88000000ffffffffffffa8dd9f4dc5b5
5288,65.920222351,6.185206,30,v6,88000000ffffffffffffa8dd9f4dc5b5
5289,65.925184892,4.962541,30,v6,88000000ffffffffffffa8dd9f4dc5b5
5290,65.931543781,6.358889,30,v6,88000000ffffffffffffa8dd9f4dc5b5
5291,65.936512845,4.969064,30,v6,88000000ffffffffffffa8dd9f4dc5b5
5292,65.942736157,6.223312,30,v6,88000000ffffffffffffa8dd9f4dc5b5
5293,65.947615742,4.879585,30,v6,88000000ffffffffffffa8dd9f4dc5b5
5294,65.952707518,5.091776,30,v6,88000000ffffffffffffa8dd9f4dc5b5
5295,65.958081362,5.373844,30,v6,88000000ffffffffffffa8dd9f4dc5b5
5296,65.964177250,6.095888,30,v6,88000000ffffffffffffa8dd9f4dc5b5
5297,65.969990626,5.813376,30,v6,88000000ffffffffffffa8dd9f4dc5b5
5298,65.975181425,5.190799,30,v6,88000000ffffffffffffa8dd9f4dc5b5
5299,65.980101053,4.919628,30,v6,88000000ffffffffffffa8dd9f4dc5b5
5300,65.986234052,6.132999,30,v6,88000000ffffffffffffa8dd9f4dc5b5
5301,65.992379313,6.145261,30,v6,88000000ffffffffffffa8dd9f4dc5b5
5302,65.996505021,4.125708,99,v6,1c000000aadd9f4dc5b5688599030000
5303,65.997653214,1.148193,30,v6,88000000ffffffffffffa8dd9f4dc5b5
5304,66.003440088,5.786874,30,v6,88000000ffffffffffffa8dd9f4dc5b5
5305,66.340001409,336.561321,30,v6,88000000ffffffffffffa8dd9f4dc5b5
5306,66.346149068,6.147659,30,v6,88000000ffffffffffffa8dd9f4dc5b5
5307,66.351110763,4.961695,30,v6,88000000ffffffffffffa8dd9f4dc5b5
5308,66.358509911,7.399148,30,v6,88000000ffffffffffffa8dd9f4dc5b5
5309,66.363286554,4.776643,30,v6,88000000ffffffffffffa8dd9f4dc5b5
5310,66.368352651,5.066097,30,v6,88000000ffffffffffffa8dd9f4dc5b5
5311,66.373314426,4.961775,30,v6,88000000ffffffffffffa8dd9f4dc5b5
5312,66.379479564,6.165138,30,v6,88000000ffffffffffffa8dd9f4dc5b5
5313,66.384629982,5.150418,30,v6,88000000ffffffffffffa8dd9f4dc5b5
5314,66.389715277,5.085295,30,v6,88000000ffffffffffffa8dd9f4dc5b5
5315,66.394949259,5.233982,30,v6,88000000ffffffffffffa8dd9f4dc5b5
5316,66.401001798,6.052539,30,v6,88000000ffffffffffffa8dd9f4dc5b5
5317,66.405875725,4.873927,30,v6,88000000ffffffffffffa8dd9f4dc5b5
5318,66.412160312,6.284587,30,v6,88000000ffffffffffffa8dd9f4dc5b5
5319,66.417232613,5.072301,30,v6,88000000ffffffffffffa8dd9f4dc5b5
5320,66.423068468,5.835855,30,v6,88000000ffffffffffffa8dd9f4dc5b5
5321,66.428254109,5.185641,30,v6,88000000ffffffffffffa8dd9f4dc5b5
5322,66.433167202,4.913093,30,v6,88000000ffffffffffffa8dd9f4dc5b5
5323,66.439301148,6.133946,30,v6,88000000ffffffffffffa8dd9f4dc5b5
5324,66.444456936,5.155788,30,v6,88000000ffffffffffffa8dd9f4dc5b5
5325,66.449600002,5.143066,30,v6,88000000ffffffffffffa8dd9f4dc5b5
5326,66.455661624,6.061622,30,v6,88000000ffffffffffffa8dd9f4dc5b5
5327,66.460599700,4.938076,30,v6,88000000ffffffffffffa8dd9f4dc5b5
5328,66.465758319,5.158619,30,v6,88000000ffffffffffffa8dd9f4dc5b5
5329,66.471747880,5.989561,30,v6,88000000ffffffffffffa8dd9f4dc5b5
5330,66.477979569,6.231689,30,v6,88000000ffffffffffffa8dd9f4dc5b5
5331,66.483150905,5.171336,30,v6,88000000ffffffffffffa8dd9f4dc5b5
5332,66.489162756,6.011851,30,v6,88000000ffffffffffffa8dd9f4dc5b5
5333,66.494158364,4.995608,30,v6,88000000ffffffffffffa8dd9f4dc5b5
5334,66.499274043,5.115679,30,v6,88000000ffffffffffffa8dd9f4dc5b5
5335,66.505412463,6.138420,30,v6,88000000ffffffffffffa8dd9f4dc5b5
5336,66.510506459,5.093996,30,v6,88000000ffffffffffffa8dd9f4dc5b5
5337,66.515569806,5.063347,30,v6,88000000ffffffffffffa8dd9f4dc5b5
5338,66.521672241,6.102435,30,v6,88000000ffffffffffffa8dd9f4dc5b5
5339,66.527025474,5.353233,30,v6,88000000ffffffffffffa8dd9f4dc5b5
5340,66.531865143,4.839669,30,v6,88000000ffffffffffffa8dd9f4dc5b5
5341,66.537206195,5.341052,30,v6,88000000ffffffffffffa8dd9f4dc5b5
5342,66.543091414,5.885219,30,v6,88000000ffffffffffffa8dd9f4dc5b5
5343,66.548188820,5.097406,30,v6,88000000ffffffffffffa8dd9f4dc5b5
5344,66.553202741,5.013921,30,v6,88000000ffffffffffffa8dd9f4dc5b5
5345,66.559259129,6.056388,30,v6,88000000ffffffffffffa8dd9f4dc5b5
5346,66.564150988,4.891859,30,v6,88000000ffffffffffffa8dd9f4dc5b5
5347,66.569428580,5.277592,30,v6,88000000ffffffffffffa8dd9f4dc5b5
5348,66.574509387,5.080807,30,v6,88000000ffffffffffffa8dd9f4dc5b5
5349,66.580590777,6.081390,30,v6,88000000ffffffffffffa8dd9f4dc5b5
5350,66.585718468,5.127691,30,v6,88000000ffffffffffffa8dd9f4dc5b5
5351,66.592058597,6.340129,30,v6,88000000ffffffffffffa8dd9f4dc5b5
5352,66.596996729,4.938132,30,v6,88000000ffffffffffffa8dd9f4dc5b5
5353,66.603087052,6.090323,30,v6,88000000ffffffffffffa8dd9f4dc5b5
5354,66.608256333,5.169281,30,v6,88000000ffffffffffffa8dd9f4dc5b5
5355,66.614130251,5.873918,30,v6,88000000ffffffffffffa8dd9f4dc5b5
5356,66.619344076,5.213825,30,v6,88000000ffffffffffffa8dd9f4dc5b5
5357,66.624283297,4.939221,30,v6,88000000ffffffffffffa8dd9f4dc5b5
5358,66.630178544,5.895247,30,v6,88000000ffffffffffffa8dd9f4dc5b5
5359,66.635601845,5.423301,30,v6,88000000ffffffffffffa8dd9f4dc5b5
5360,66.640611252,5.009407,30,v6,88000000ffffffffffffa8dd9f4dc5b5
5361,66.646790306,6.179054,30,v6,88000000ffffffffffffa8dd9f4dc5b5
5362,66.651696102,4.905796,30,v6,88000000ffffffffffffa8dd9f4dc5b5
5363,66.657855878,6.159776,30,v6,88000000ffffffffffffa8dd9f4dc5b5
5364,66.662863659,5.007781,30,v6,88000000ffffffffffffa8dd9f4dc5b5
5365,66.668103958,5.240299,30,v6,88000000ffffffffffffa8dd9f4dc5b5
5366,66.674037907,5.933949,30,v6,88000000ffffffffffffa8dd9f4dc5b5
5367,66.678054032,4.016125,30,v6,88000000ffffffffffffa8dd9f4dc5b5
5368,66.684086125,6.032093,30,v6,88000000ffffffffffffa8dd9f4dc5b5
5369,66.690344256,6.258131,30,v6,88000000ffffffffffffa8dd9f4dc5b5
5370,66.695269330,4.925074,30,v6,88000000ffffffffffffa8dd9f4dc5b5
5371,66.700376781,5.107451,30,v6,88000000ffffffffffffa8dd9f4dc5b5
5372,66.705557234,5.180453,30,v6,88000000ffffffffffffa8dd9f4dc5b5
5373,66.711626869,6.069635,30,v6,88000000ffffffffffffa8dd9f4dc5b5
5374,66.717863100,6.236231,30,v6,88000000ffffffffffffa8dd9f4dc5b5
5375,66.723037981,5.174881,30,v6,88000000ffffffffffffa8dd9f4dc5b5
5376,66.728172150,5.134169,30,v6,88000000ffffffffffffa8dd9f4dc5b5
5377,66.733925475,5.753325,30,v6,88000000ffffffffffffa8dd9f4dc5b5
5378,66.739073502,5.148027,30,v6,88000000ffffffffffffa8dd9f4dc5b5
5379,66.744283795,5.210293,30,v6,88000000ffffffffffffa8dd9f4dc5b5
5380,66.750210512,5.926717,30,v6,88000000ffffffffffffa8dd9f4dc5b5
5381,66.755354611,5.144099,30,v6,88000000ffffffffffffa8dd9f4dc5b5
5382,66.761698423,6.343812,30,v6,88000000ffffffffffffa8dd9f4dc5b5
5383,66.766563923,4.865500,30,v6,88000000ffffffffffffa8dd9f4dc5b5
5384,66.771799809,5.235886,30,v6,88000000ffffffffffffa8dd9f4dc5b5
5385,66.777641501,5.841692,30,v6,88000000ffffffffffffa8dd9f4dc5b5
5386,66.782788605,5.147104,30,v6,88000000ffffffffffffa8dd9f4dc5b5
5387,66.787928181,5.139576,30,v6,88000000ffffffffffffa8dd9f4dc5b5
5388,66.794331796,6.403615,30,v6,88000000ffffffffffffa8dd9f4dc5b5
5389,66.799083243,4.751447,30,v6,88000000ffffffffffffa8dd9f4dc5b5
5390,66.804153073,5.069830,30,v6,88000000ffffffffffffa8dd9f4dc5b5
5391,66.810200080,6.047007,30,v6,88000000ffffffffffffa8dd9f4dc5b5
5392,66.815328540,5.128460,30,v6,88000000ffffffffffffa8dd9f4dc5b5
5393,66.820342405,5.013865,30,v6,88000000ffffffffffffa8dd9f4dc5b5
5394,66.827637888,7.295483,30,v6,88000000ffffffffffffa8dd9f4dc5b5
5395,66.832628155,4.990267,30,v6,88000000ffffffffffffa8dd9f4dc5b5
5396,66.837696117,5.067962,30,v6,88000000ffffffffffffa8dd9f4dc5b5
5397,66.844015972,6.319855,30,v6,88000000ffffffffffffa8dd9f4dc5b5
5398,66.848933558,4.917586,30,v6,88000000ffffffffffffa8dd9f4dc5b5
5399,66.853931836,4.998278,30,v6,88000000ffffffffffffa8dd9f4dc5b5
5400,66.859338919,5.407083,30,v6,88000000ffffffffffffa8dd9f4dc5b5
5401,66.865121513,5.782594,30,v6,88000000ffffffffffffa8dd9f4dc5b5
5402,66.870398837,5.277324,30,v6,88000000ffffffffffffa8dd9f4dc5b5
5403,66.875298670,4.899833,30,v6,88000000ffffffffffffa8dd9f4dc5b5
5404,66.881340512,6.041842,30,v6,88000000ffffffffffffa8dd9f4dc5b5
5405,67.216696834,335.356322,30,v6,88000000ffffffffffffa8dd9f4dc5b5
5406,67.222742097,6.045263,30,v6,88000000ffffffffffffa8dd9f4dc5b5
5407,67.227917341,5.175244,30,v6,88000000ffffffffffffa8dd9f4dc5b5
5408,67.232958066,5.040725,30,v6,88000000ffffffffffffa8dd9f4dc5b5
5409,67.239225797,6.267731,30,v6,88000000ffffffffffffa8dd9f4dc5b5
5410,67.244949422,5.723625,30,v6,88000000ffffffffffffa8dd9f4dc5b5
5411,67.250031482,5.082060,30,v6,88000000ffffffffffffa8dd9f4dc5b5
5412,67.255110902,5.079420,30,v6,88000000ffffffffffffa8dd9f4dc5b5
5413,67.261430229,6.319327,30,v6,88000000ffffffffffffa8dd9f4dc5b5
5414,67.266247158,4.816929,30,v6,88000000ffffffffffffa8dd9f4dc5b5
5415,67.271353814,5.106656,30,v6,88000000ffffffffffffa8dd9f4dc5b5
5416,67.276477300,5.123486,30,v6,88000000ffffffffffffa8dd9f4dc5b5
5417,67.281681781,5.204481,30,v6,88000000ffffffffffffa8dd9f4dc5b5
5418,67.287679414,5.997633,30,v6,88000000ffffffffffffa8dd9f4dc5b5
5419,67.292776802,5.097388,30,v6,88000000ffffffffffffa8dd9f4dc5b5
5420,67.297729576,4.952774,30,v6,88000000ffffffffffffa8dd9f4dc5b5
5421,67.303255844,5.526268,30,v6,88000000ffffffffffffa8dd9f4dc5b5
5422,67.308109695,4.853851,30,v6,88000000ffffffffffffa8dd9f4dc5b5
5423,67.313047207,4.937512,30,v6,88000000ffffffffffffa8dd9f4dc5b5
5424,67.319117669,6.070462,30,v6,88000000ffffffffffffa8dd9f4dc5b5
5425,67.324243734,5.126065,30,v6,88000000ffffffffffffa8dd9f4dc5b5
5426,67.329443040,5.199306,30,v6,88000000ffffffffffffa8dd9f4dc5b5
5427,67.335537769,6.094729,30,v6,88000000ffffffffffffa8dd9f4dc5b5
5428,67.340591328,5.053559,30,v6,88000000ffffffffffffa8dd9f4dc5b5
5429,67.345690427,5.099099,30,v6,88000000ffffffffffffa8dd9f4dc5b5
5430,67.351758361,6.067934,30,v6,88000000ffffffffffffa8dd9f4dc5b5
5431,67.357842960,6.084599,30,v6,88000000ffffffffffffa8dd9f4dc5b5
5432,67.361825894,3.982934,30,v6,88000000ffffffffffffa8dd9f4dc5b5
5433,67.367887060,6.061166,30,v6,88000000ffffffffffffa8dd9f4dc5b5
5434,67.373086362,5.199302,30,v6,88000000ffffffffffffa8dd9f4dc5b5
5435,67.378263911,5.177549,30,v6,88000000ffffffffffffa8dd9f4dc5b5
5436,67.384241569,5.977658,30,v6,88000000ffffffffffffa8dd9f4dc5b5
5437,67.389357943,5.116374,30,v6,88000000ffffffffffffa8dd9f4dc5b5
5438,67.394471891,5.113948,30,v6,88000000ffffffffffffa8dd9f4dc5b5
5439,67.399450922,4.979031,30,v6,88000000ffffffffffffa8dd9f4dc5b5
5440,67.404540095,5.089173,30,v6,88000000ffffffffffffa8dd9f4dc5b5
5441,67.409712802,5.172707,30,v6,88000000ffffffffffffa8dd9f4dc5b5
5442,67.415556864,5.844062,30,v6,88000000ffffffffffffa8dd9f4dc5b5
5443,67.420648359,5.091495,30,v6,88000000ffffffffffffa8dd9f4dc5b5
5444,67.426148668,5.500309,30,v6,88000000ffffffffffffa8dd9f4dc5b5
5445,67.431989315,5.840647,30,v6,88000000ffffffffffffa8dd9f4dc5b5
5446,67.437082368,5.093053,30,v6,88000000ffffffffffffa8dd9f4dc5b5
5447,67.442155544,5.073176,30,v6,88000000ffffffffffffa8dd9f4dc5b5
5448,67.447351835,5.196291,30,v6,88000000ffffffffffffa8dd9f4dc5b5
5449,67.452236816,4.884981,30,v6,88000000ffffffffffffa8dd9f4dc5b5
5450,67.457333128,5.096312,30,v6,88000000ffffffffffffa8dd9f4dc5b5
5451,67.464487250,7.154122,30,v6,88000000ffffffffffffa8dd9f4dc5b5
5452,67.469512956,5.025706,30,v6,88000000ffffffffffffa8dd9f4dc5b5
5453,67.474718221,5.205265,30,v6,88000000ffffffffffffa8dd9f4dc5b5
5454,67.479891757,5.173536,30,v6,88000000ffffffffffffa8dd9f4dc5b5
5455,67.486011731,6.119974,30,v6,88000000ffffffffffffa8dd9f4dc5b5
5456,67.490778212,4.766481,30,v6,88000000ffffffffffffa8dd9f4dc5b5
5457,67.496062624,5.284412,30,v6,88000000ffffffffffffa8dd9f4dc5b5
5458,67.502121716,6.059092,30,v6,88000000ffffffffffffa8dd9f4dc5b5
5459,67.507144017,5.022301,30,v6,88000000ffffffffffffa8dd9f4dc5b5
5460,67.512278243,5.134226,30,v6,88000000ffffffffffffa8dd9f4dc5b5
5461,67.517281436,5.003193,30,v6,88000000ffffffffffffa8dd9f4dc5b5
5462,67.522569189,5.287753,30,v6,88000000ffffffffffffa8dd9f4dc5b5
5463,67.527607967,5.038778,30,v6,88000000ffffffffffffa8dd9f4dc5b5
5464,67.533767359,6.159392,30,v6,88000000ffffffffffffa8dd9f4dc5b5
5465,67.538649551,4.882192,30,v6,88000000ffffffffffffa8dd9f4dc5b5
5466,67.543746795,5.097244,30,v6,88000000ffffffffffffa8dd9f4dc5b5
5467,67.549818292,6.071497,30,v6,88000000ffffffffffffa8dd9f4dc5b5
5468,67.554031833,4.213541,30,v6,88000000ffffffffffffa8dd9f4dc5b5
5469,67.560276324,6.244491,30,v6,88000000ffffffffffffa8dd9f4dc5b5
5470,67.565334761,5.058437,30,v6,88000000ffffffffffffa8dd9f4dc5b5
5471,67.570210242,4.875481,30,v6,88000000ffffffffffffa8dd9f4dc5b5
5472,67.576136397,5.926155,30,v6,88000000ffffffffffffa8dd9f4dc5b5
5473,67.582372191,6.235794,30,v6,88000000ffffffffffffa8dd9f4dc5b5
5474,67.587666461,5.294270,30,v6,88000000ffffffffffffa8dd9f4dc5b5
5475,67.592809658,5.143197,30,v6,88000000ffffffffffffa8dd9f4dc5b5
5476,67.597839777,5.030119,30,v6,88000000ffffffffffffa8dd9f4dc5b5
5477,67.603819643,5.979866,30,v6,88000000ffffffffffffa8dd9f4dc5b5
5478,67.608941093,5.121450,30,v6,88000000ffffffffffffa8dd9f4dc5b5
5479,67.614024446,5.083353,30,v6,88000000ffffffffffffa8dd9f4dc5b5
5480,67.620025588,6.001142,30,v6,88000000ffffffffffffa8dd9f4dc5b5
5481,67.624915117,4.889529,30,v6,88000000ffffffffffffa8dd9f4dc5b5
5482,67.631152854,6.237737,30,v6,88000000ffffffffffffa8dd9f4dc5b5
5483,67.635180645,4.027791,30,v6,88000000ffffffffffffa8dd9f4dc5b5
5484,67.641211666,6.031021,30,v6,88000000ffffffffffffa8dd9f4dc5b5
5485,67.646244877,5.033211,30,v6,88000000ffffffffffffa8dd9f4dc5b5
5486,67.651556466,5.311589,30,v6,88000000ffffffffffffa8dd9f4dc5b5
5487,67.656708137,5.151671,30,v6,88000000ffffffffffffa8dd9f4dc5b5
5488,67.662464885,5.756748,30,v6,88000000ffffffffffffa8dd9f4dc5b5
5489,67.667689677,5.224792,30,v6,88000000ffffffffffffa8dd9f4dc5b5
5490,67.672773716,5.084039,30,v6,88000000ffffffffffffa8dd9f4dc5b5
5491,67.679025514,6.251798,30,v6,88000000ffffffffffffa8dd9f4dc5b5
5492,67.682966917,3.941403,30,v6,88000000ffffffffffffa8dd9f4dc5b5
5493,67.689394621,6.427704,30,v6,88000000ffffffffffffa8dd9f4dc5b5
5494,67.694176792,4.782171,30,v6,88000000ffffffffffffa8dd9f4dc5b5
5495,67.700184847,6.008055,30,v6,88000000ffffffffffffa8dd9f4dc5b5
5496,67.705321043,5.136196,30,v6,88000000ffffffffffffa8dd9f4dc5b5
5497,67.710479005,5.157962,30,v6,88000000ffffffffffffa8dd9f4dc5b5
5498,67.715522390,5.043385,30,v6,88000000ffffffffffffa8dd9f4dc5b5
5499,67.721870718,6.348328,30,v6,88000000ffffffffffffa8dd9f4dc5b5
5500,67.727937374,6.066656,30,v6,88000000ffffffffffffa8dd9f4dc5b5
5501,67.732625362,4.687988,30,v6,88000000ffffffffffffa8dd9f4dc5b5
5502,67.737776840,5.151478,30,v6,88000000ffffffffffffa8dd9f4dc5b5
5503,67.744225741,6.448901,30,v6,88000000ffffffffffffa8dd9f4dc5b5
5504,67.749082952,4.857211,30,v6,88000000ffffffffffffa8dd9f4dc5b5
5505,68.084304950,335.221998,30,v6,88000000ffffffffffffa8dd9f4dc5b5
5506,68.089437415,5.132465,30,v6,88000000ffffffffffffa8dd9f4dc5b5
5507,68.094421367,4.983952,30,v6,88000000ffffffffffffa8dd9f4dc5b5
5508,68.100543601,6.122234,30,v6,88000000ffffffffffffa8dd9f4dc5b5
5509,68.104853460,4.309859,30,v6,88000000ffffffffffffa8dd9f4dc5b5
5510,68.110761293,5.907833,30,v6,88000000ffffffffffffa8dd9f4dc5b5
5511,68.116159517,5.398224,30,v6,88000000ffffffffffffa8dd9f4dc5b5
5512,68.120767738,4.608221,30,v6,88000000ffffffffffffa8dd9f4dc5b5
5513,68.126970716,6.202978,30,v6,88000000ffffffffffffa8dd9f4dc5b5
5514,68.132103720,5.133004,30,v6,88000000ffffffffffffa8dd9f4dc5b5
5515,68.138366991,6.263271,30,v6,88000000ffffffffffffa8dd9f4dc5b5
5516,68.143174618,4.807627,30,v6,88000000ffffffffffffa8dd9f4dc5b5
5517,68.147184805,4.010187,30,v6,88000000ffffffffffffa8dd9f4dc5b5
5518,68.153231468,6.046663,30,v6,88000000ffffffffffffa8dd9f4dc5b5
5519,68.158650904,5.419436,30,v6,88000000ffffffffffffa8dd9f4dc5b5
5520,68.163435296,4.784392,30,v6,88000000ffffffffffffa8dd9f4dc5b5
5521,68.168609630,5.174334,30,v6,88000000ffffffffffffa8dd9f4dc5b5
5522,68.173917467,5.307837,30,v6,88000000ffffffffffffa8dd9f4dc5b5
5523,68.179929367,6.011900,30,v6,88000000ffffffffffffa8dd9f4dc5b5
5524,68.184693419,4.764052,30,v6,88000000ffffffffffffa8dd9f4dc5b5
5525,68.189887902,5.194483,30,v6,88000000ffffffffffffa8dd9f4dc5b5
5526,68.195002482,5.114580,30,v6,88000000ffffffffffffa8dd9f4dc5b5
5527,68.199989706,4.987224,30,v6,88000000ffffffffffffa8dd9f4dc5b5
5528,68.205228702,5.238996,30,v6,88000000ffffffffffffa8dd9f4dc5b5
5529,68.210307997,5.079295,30,v6,88000000ffffffffffffa8dd9f4dc5b5
5530,68.215393893,5.085896,30,v6,88000000ffffffffffffa8dd9f4dc5b5
5531,68.220557854,5.163961,30,v6,88000000ffffffffffffa8dd9f4dc5b5
5532,68.225517841,4.959987,30,v6,88000000ffffffffffffa8dd9f4dc5b5
5533,68.230636604,5.118763,30,v6,88000000ffffffffffffa8dd9f4dc5b5
5534,68.237669200,7.032596,30,v6,88000000ffffffffffffa8dd9f4dc5b5
5535,68.242768138,5.098938,30,v6,88000000ffffffffffffa8dd9f4dc5b5
5536,68.247850528,5.082390,30,v6,88000000ffffffffffffa8dd9f4dc5b5
5537,68.252973264,5.122736,30,v6,88000000ffffffffffffa8dd9f4dc5b5
5538,68.259050057,6.076793,30,v6,88000000ffffffffffffa8dd9f4dc5b5
5539,68.264021601,4.971544,30,v6,88000000ffffffffffffa8dd9f4dc5b5
5540,68.269239531,5.217930,30,v6,88000000ffffffffffffa8dd9f4dc5b5
5541,68.274289226,5.049695,30,v6,88000000ffffffffffffa8dd9f4dc5b5
5542,68.279325127,5.035901,30,v6,88000000ffffffffffffa8dd9f4dc5b5
5543,68.284465190,5.140063,30,v6,88000000ffffffffffffa8dd9f4dc5b5
5544,68.290555354,6.090164,30,v6,88000000ffffffffffffa8dd9f4dc5b5
5545,68.294561667,4.006313,30,v6,88000000ffffffffffffa8dd9f4dc5b5
5546,68.300678781,6.117114,30,v6,88000000ffffffffffffa8dd9f4dc5b5
5547,68.305884280,5.205499,30,v6,88000000ffffffffffffa8dd9f4dc5b5
5548,68.311016978,5.132698,30,v6,88000000ffffffffffffa8dd9f4dc5b5
5549,68.316058224,5.041246,30,v6,88000000ffffffffffffa8dd9f4dc5b5
5550,68.321207177,5.148953,30,v6,88000000ffffffffffffa8dd9f4dc5b5
5551,68.326002617,4.795440,30,v6,88000000ffffffffffffa8dd9f4dc5b5
5552,68.332075462,6.072845,30,v6,88000000ffffffffffffa8dd9f4dc5b5
5553,68.336299603,4.224141,30,v6,88000000ffffffffffffa8dd9f4dc5b5
5554,68.342383542,6.083939,30,v6,88000000ffffffffffffa8dd9f4dc5b5
5555,68.347585289,5.201747,30,v6,88000000ffffffffffffa8dd9f4dc5b5
5556,68.352549087,4.963798,30,v6,88000000ffffffffffffa8dd9f4dc5b5
5557,68.358645045,6.095958,30,v6,88000000ffffffffffffa8dd9f4dc5b5
5558,68.363836344,5.191299,30,v6,88000000ffffffffffffa8dd9f4dc5b5
5559,68.369772610,5.936266,30,v6,88000000ffffffffffffa8dd9f4dc5b5
5560,68.373831835,4.059225,30,v6,88000000ffffffffffffa8dd9f4dc5b5
5561,68.380011548,6.179713,30,v6,88000000ffffffffffffa8dd9f4dc5b5
5562,68.385063705,5.052157,30,v6,88000000ffffffffffffa8dd9f4dc5b5
5563,68.390272311,5.208606,30,v6,88000000ffffffffffffa8dd9f4dc5b5
5564,68.395331923,5.059612,30,v6,88000000ffffffffffffa8dd9f4dc5b5
5565,68.400374738,5.042815,30,v6,88000000ffffffffffffa8dd9f4dc5b5
5566,68.405574359,5.199621,30,v6,88000000ffffffffffffa8dd9f4dc5b5
5567,68.411303491,5.729132,30,v6,88000000ffffffffffffa8dd9f4dc5b5
5568,68.415662700,4.359209,30,v6,88000000ffffffffffffa8dd9f4dc5b5
5569,68.421812698,6.149998,30,v6,88000000ffffffffffffa8dd9f4dc5b5
5570,68.426663968,4.851270,30,v6,88000000ffffffffffffa8dd9f4dc5b5
5571,68.431921495,5.257527,30,v6,88000000ffffffffffffa8dd9f4dc5b5
5572,68.437039333,5.117838,30,v6,88000000ffffffffffffa8dd9f4dc5b5
5573,68.441958429,4.919096,30,v6,88000000ffffffffffffa8dd9f4dc5b5
5574,68.447094700,5.136271,30,v6,88000000ffffffffffffa8dd9f4dc5b5
5575,68.452035659,4.940959,30,v6,88000000ffffffffffffa8dd9f4dc5b5
5576,68.458319489,6.283830,30,v6,88000000ffffffffffffa8dd9f4dc5b5
5577,68.462229421,3.909932,30,v6,88000000ffffffffffffa8dd9f4dc5b5
5578,68.468508005,6.278584,30,v6,88000000ffffffffffffa8dd9f4dc5b5
5579,68.473419220,4.911215,30,v6,88000000ffffffffffffa8dd9f4dc5b5
5580,68.478475107,5.055887,30,v6,88000000ffffffffffffa8dd9f4dc5b5
5581,68.484629672,6.154565,30,v6,88000000ffffffffffffa8dd9f4dc5b5
5582,68.491008321,6.378649,30,v6,88000000ffffffffffffa8dd9f4dc5b5
5583,68.495789444,4.781123,30,v6,88000000ffffffffffffa8dd9f4dc5b5
5584,68.500832570,5.043126,30,v6,88000000ffffffffffffa8dd9f4dc5b5
5585,68.506176757,5.344187,30,v6,88000000ffffffffffffa8dd9f4dc5b5
5586,68.511168769,4.992012,30,v6,88000000ffffffffffffa8dd9f4dc5b5
5587,68.516083335,4.914566,30,v6,88000000ffffffffffffa8dd9f4dc5b5
5588,68.522559572,6.476237,30,v6,88000000ffffffffffffa8dd9f4dc5b5
5589,68.527268955,4.709383,30,v6,88000000ffffffffffffa8dd9f4dc5b5
5590,68.532322942,5.053987,30,v6,88000000ffffffffffffa8dd9f4dc5b5
5591,68.537320985,4.998043,30,v6,88000000ffffffffffffa8dd9f4dc5b5
5592,68.542356312,5.035327,30,v6,88000000ffffffffffffa8dd9f4dc5b5
5593,68.547668696,5.312384,30,v6,88000000ffffffffffffa8dd9f4dc5b5
5594,68.552686751,5.018055,30,v6,88000000ffffffffffffa8dd9f4dc5b5
5595,68.557970263,5.283512,30,v6,88000000ffffffffffffa8dd9f4dc5b5
5596,68.562989268,5.019005,30,v6,88000000ffffffffffffa8dd9f4dc5b5
5597,68.568998478,6.009210,30,v6,88000000ffffffffffffa8dd9f4dc5b5
5598,68.574141772,5.143294,30,v6,88000000ffffffffffffa8dd9f4dc5b5
5599,68.578985748,4.843976,30,v6,88000000ffffffffffffa8dd9f4dc5b5
5600,68.584124324,5.138576,30,v6,88000000ffffffffffffa8dd9f4dc5b5
5601,68.589186527,5.062203,30,v6,88000000ffffffffffffa8dd9f4dc5b5
5602,68.595507949,6.321422,30,v6,88000000ffffffffffffa8dd9f4dc5b5
5603,68.600389263,4.881314,30,v6,88000000ffffffffffffa8dd9f4dc5b5
5604,68.606572929,6.183666,30,v6,88000000ffffffffffffa8dd9f4dc5b5
5605,68.941755588,335.182659,30,v6,88000000ffffffffffffa8dd9f4dc5b5
5606,68.947218301,5.462713,30,v6,88000000ffffffffffffa8dd9f4dc5b5
5607,68.952105374,4.887073,30,v6,88000000ffffffffffffa8dd9f4dc5b5
5608,68.957268896,5.163522,30,v6,88000000ffffffffffffa8dd9f4dc5b5
5609,68.962309097,5.040201,30,v6,88000000ffffffffffffa8dd9f4dc5b5
5610,68.967271633,4.962536,30,v6,88000000ffffffffffffa8dd9f4dc5b5
5611,68.972437558,5.165925,30,v6,88000000ffffffffffffa8dd9f4dc5b5
5612,68.977560975,5.123417,30,v6,88000000ffffffffffffa8dd9f4dc5b5
5613,68.982571303,5.010328,30,v6,88000000ffffffffffffa8dd9f4dc5b5
5614,68.987636193,5.064890,30,v6,88000000ffffffffffffa8dd9f4dc5b5
5615,68.992633449,4.997256,30,v6,88000000ffffffffffffa8dd9f4dc5b5
5616,68.997745586,5.112137,30,v6,88000000ffffffffffffa8dd9f4dc5b5
5617,69.002750522,5.004936,30,v6,88000000ffffffffffffa8dd9f4dc5b5
5618,69.008020066,5.269544,30,v6,88000000ffffffffffffa8dd9f4dc5b5
5619,69.012914990,4.894924,30,v6,88000000ffffffffffffa8dd9f4dc5b5
5620,69.018050313,5.135323,30,v6,88000000ffffffffffffa8dd9f4dc5b5
5621,69.023058658,5.008345,30,v6,88000000ffffffffffffa8dd9f4dc5b5
5622,69.028241397,5.182739,30,v6,88000000ffffffffffffa8dd9f4dc5b5
5623,69.034183013,5.941616,30,v6,88000000ffffffffffffa8dd9f4dc5b5
5624,69.039277148,5.094135,30,v6,88000000ffffffffffffa8dd9f4dc5b5
5625,69.044478125,5.200977,30,v6,88000000ffffffffffffa8dd9f4dc5b5
5626,69.050667268,6.189143,30,v6,88000000ffffffffffffa8dd9f4dc5b5
5627,69.055535581,4.868313,30,v6,88000000ffffffffffffa8dd9f4dc5b5
5628,69.060742108,5.206527,30,v6,88000000ffffffffffffa8dd9f4dc5b5
5629,69.064898672,4.156564,30,v6,88000000ffffffffffffa8dd9f4dc5b5
5630,69.071199536,6.300864,30,v6,88000000ffffffffffffa8dd9f4dc5b5
5631,69.076262997,5.063461,30,v6,88000000ffffffffffffa8dd9f4dc5b5
5632,69.081081876,4.818879,30,v6,88000000ffffffffffffa8dd9f4dc5b5
5633,69.086083016,5.001140,30,v6,88000000ffffffffffffa8dd9f4dc5b5
5634,69.091088751,5.005735,30,v6,88000000ffffffffffffa8dd9f4dc5b5
5635,69.096092834,5.004083,30,v6,88000000ffffffffffffa8dd9f4dc5b5
5636,69.101360400,5.267566,30,v6,88000000ffffffffffffa8dd9f4dc5b5
5637,69.106374317,5.013917,30,v6,88000000ffffffffffffa8dd9f4dc5b5
5638,69.111651767,5.277450,30,v6,88000000ffffffffffffa8dd9f4dc5b5
5639,69.116792687,5.140920,30,v6,88000000ffffffffffffa8dd9f4dc5b5
5640,69.121611652,4.818965,30,v6,88000000ffffffffffffa8dd9f4dc5b5
5641,69.126706970,5.095318,30,v6,88000000ffffffffffffa8dd9f4dc5b5
5642,69.131860234,5.153264,30,v6,88000000ffffffffffffa8dd9f4dc5b5
5643,69.137130775,5.270541,30,v6,88000000ffffffffffffa8dd9f4dc5b5
5644,69.141996778,4.866003,30,v6,88000000ffffffffffffa8dd9f4dc5b5
5645,69.146998449,5.001671,30,v6,88000000ffffffffffffa8dd9f4dc5b5
5646,69.151945657,4.947208,30,v6,88000000ffffffffffffa8dd9f4dc5b5
5647,69.157038048,5.092391,30,v6,88000000ffffffffffffa8dd9f4dc5b5
5648,69.163333086,6.295038,30,v6,88000000ffffffffffffa8dd9f4dc5b5
5649,69.168558568,5.225482,30,v6,88000000ffffffffffffa8dd9f4dc5b5
5650,69.173458578,4.900010,30,v6,88000000ffffffffffffa8dd9f4dc5b5
5651,69.178567757,5.109179,30,v6,88000000ffffffffffffa8dd9f4dc5b5
5652,69.183955308,5.387551,30,v6,88000000ffffffffffffa8dd9f4dc5b5
5653,69.188742425,4.787117,30,v6,88000000ffffffffffffa8dd9f4dc5b5
5654,69.194856045,6.113620,30,v6,88000000ffffffffffffa8dd9f4dc5b5
5655,69.200060524,5.204479,30,v6,88000000ffffffffffffa8dd9f4dc5b5
5656,69.204984234,4.923710,30,v6,88000000ffffffffffffa8dd9f4dc5b5
5657,69.209927384,4.943150,30,v6,88000000ffffffffffffa8dd9f4dc5b5
5658,69.214214433,4.287049,30,v6,88000000ffffffffffffa8dd9f4dc5b5
5659,69.220200791,5.986358,30,v6,88000000ffffffffffffa8dd9f4dc5b5
5660,69.225267246,5.066455,30,v6,88000000ffffffffffffa8dd9f4dc5b5
5661,69.230301616,5.034370,30,v6,88000000ffffffffffffa8dd9f4dc5b5
5662,69.235411590,5.109974,30,v6,88000000ffffffffffffa8dd9f4dc5b5
5663,69.240549946,5.138356,30,v6,88000000ffffffffffffa8dd9f4dc5b5
5664,69.244728134,4.178188,30,v6,88000000ffffffffffffa8dd9f4dc5b5
5665,69.250790290,6.062156,30,v6,88000000ffffffffffffa8dd9f4dc5b5
5666,69.255708376,4.918086,30,v6,88000000ffffffffffffa8dd9f4dc5b5
5667,69.260760293,5.051917,30,v6,88000000ffffffffffffa8dd9f4dc5b5
5668,69.265942322,5.182029,30,v6,88000000ffffffffffffa8dd9f4dc5b5
5669,69.271134820,5.192498,30,v6,88000000ffffffffffffa8dd9f4dc5b5
5670,69.275991064,4.856244,30,v6,88000000ffffffffffffa8dd9f4dc5b5
5671,69.282204817,6.213753,30,v6,88000000ffffffffffffa8dd9f4dc5b5
5672,69.287125710,4.920893,30,v6,88000000ffffffffffffa8dd9f4dc5b5
5673,69.292198579,5.072869,30,v6,88000000ffffffffffffa8dd9f4dc5b5
5674,69.297318533,5.119954,30,v6,88000000ffffffffffffa8dd9f4dc5b5
5675,69.302430347,5.111814,30,v6,88000000ffffffffffffa8dd9f4dc5b5
5676,69.307612064,5.181717,30,v6,88000000ffffffffffffa8dd9f4dc5b5
5677,69.312417535,4.805471,30,v6,88000000ffffffffffffa8dd9f4dc5b5
5678,69.317653407,5.235872,30,v6,88000000ffffffffffffa8dd9f4dc5b5
5679,69.322634449,4.981042,30,v6,88000000ffffffffffffa8dd9f4dc5b5
5680,69.327926771,5.292322,30,v6,88000000ffffffffffffa8dd9f4dc5b5
5681,69.332882468,4.955697,30,v6,88000000ffffffffffffa8dd9f4dc5b5
5682,69.338084323,5.201855,30,v6,88000000ffffffffffffa8dd9f4dc5b5
5683,69.343014119,4.929796,30,v6,88000000ffffffffffffa8dd9f4dc5b5
5684,69.348041191,5.027072,30,v6,88000000ffffffffffffa8dd9f4dc5b5
5685,69.353130792,5.089601,30,v6,88000000ffffffffffffa8dd9f4dc5b5
5686,69.358297680,5.166888,30,v6,88000000ffffffffffffa8dd9f4dc5b5
5687,69.363399462,5.101782,30,v6,88000000ffffffffffffa8dd9f4dc5b5
5688,69.368548217,5.148755,30,v6,88000000ffffffffffffa8dd9f4dc5b5
5689,69.373648058,5.099841,30,v6,88000000ffffffffffffa8dd9f4dc5b5
5690,69.379651173,6.003115,30,v6,88000000ffffffffffffa8dd9f4dc5b5
5691,69.384798616,5.147443,30,v6,88000000ffffffffffffa8dd9f4dc5b5
5692,69.389928348,5.129732,30,v6,88000000ffffffffffffa8dd9f4dc5b5
5693,69.395122750,5.194402,30,v6,88000000ffffffffffffa8dd9f4dc5b5
5694,69.399885499,4.762749,30,v6,88000000ffffffffffffa8dd9f4dc5b5
5695,69.406120044,6.234545,30,v6,88000000ffffffffffffa8dd9f4dc5b5
5696,69.411244214,5.124170,30,v6,88000000ffffffffffffa8dd9f4dc5b5
5697,69.416253666,5.009452,30,v6,88000000ffffffffffffa8dd9f4dc5b5
5698,69.421468475,5.214809,30,v6,88000000ffffffffffffa8dd9f4dc5b5
5699,69.426648516,5.180041,30,v6,88000000ffffffffffffa8dd9f4dc5b5
5700,69.431539628,4.891112,30,v6,88000000ffffffffffffa8dd9f4dc5b5
5701,69.436656303,5.116675,30,v6,88000000ffffffffffffa8dd9f4dc5b5
5702,69.442027813,5.371510,30,v6,88000000ffffffffffffa8dd9f4dc5b5
5703,69.446793783,4.765970,30,v6,88000000ffffffffffffa8dd9f4dc5b5
5704,69.452094691,5.300908,30,v6,88000000ffffffffffffa8dd9f4dc5b5
5705,69.787073732,334.979041,30,v6,88000000ffffffffffffa8dd9f4dc5b5
5706,69.794223443,7.149711,30,v6,88000000ffffffffffffa8dd9f4dc5b5
5707,69.799338404,5.114961,30,v6,88000000ffffffffffffa8dd9f4dc5b5
5708,69.804455418,5.117014,30,v6,88000000ffffffffffffa8dd9f4dc5b5
5709,69.809557219,5.101801,30,v6,88000000ffffffffffffa8dd9f4dc5b5
5710,69.813520784,3.963565,30,v6,88000000ffffffffffffa8dd9f4dc5b5
5711,69.818593014,5.072230,30,v6,88000000ffffffffffffa8dd9f4dc5b5
5712,69.823893218,5.300204,30,v6,88000000ffffffffffffa8dd9f4dc5b5
5713,69.828760824,4.867606,30,v6,88000000ffffffffffffa8dd9f4dc5b5
5714,69.833739589,4.978765,30,v6,88000000ffffffffffffa8dd9f4dc5b5
5715,69.839105482,5.365893,30,v6,88000000ffffffffffffa8dd9f4dc5b5
5716,69.844244580,5.139098,30,v6,88000000ffffffffffffa8dd9f4dc5b5
5717,69.849112773,4.868193,30,v6,88000000ffffffffffffa8dd9f4dc5b5
5718,69.854365316,5.252543,30,v6,88000000ffffffffffffa8dd9f4dc5b5
5719,69.859153682,4.788366,30,v6,88000000ffffffffffffa8dd9f4dc5b5
5720,69.864352894,5.199212,30,v6,88000000ffffffffffffa8dd9f4dc5b5
5721,69.869448646,5.095752,30,v6,88000000ffffffffffffa8dd9f4dc5b5
5722,69.874441709,4.993063,30,v6,88000000ffffffffffffa8dd9f4dc5b5
5723,69.879513611,5.071902,30,v6,88000000ffffffffffffa8dd9f4dc5b5
5724,69.884751902,5.238291,30,v6,88000000ffffffffffffa8dd9f4dc5b5
5725,69.889782871,5.030969,30,v6,88000000ffffffffffffa8dd9f4dc5b5
5726,69.894975952,5.193081,30,v6,88000000ffffffffffffa8dd9f4dc5b5
5727,69.900078646,5.102694,30,v6,88000000ffffffffffffa8dd9f4dc5b5
5728,69.903956487,3.877841,30,v6,88000000ffffffffffffa8dd9f4dc5b5
5729,69.910141296,6.184809,30,v6,88000000ffffffffffffa8dd9f4dc5b5
5730,69.915120427,4.979131,30,v6,88000000ffffffffffffa8dd9f4dc5b5
5731,69.920226689,5.106262,30,v6,88000000ffffffffffffa8dd9f4dc5b5
5732,69.925290873,5.064184,30,v6,88000000ffffffffffffa8dd9f4dc5b5
5733,69.930417371,5.126498,30,v6,88000000ffffffffffffa8dd9f4dc5b5
5734,69.935528095,5.110724,30,v6,88000000ffffffffffffa8dd9f4dc5b5
5735,69.940404829,4.876734,30,v6,88000000ffffffffffffa8dd9f4dc5b5
5736,69.945675107,5.270278,30,v6,88000000ffffffffffffa8dd9f4dc5b5
5737,69.950787028,5.111921,30,v6,88000000ffffffffffffa8dd9f4dc5b5
5738,69.955836883,5.049855,30,v6,88000000ffffffffffffa8dd9f4dc5b5
5739,69.960847071,5.010188,30,v6,88000000ffffffffffffa8dd9f4dc5b5
5740,69.966118281,5.271210,30,v6,88000000ffffffffffffa8dd9f4dc5b5
5741,69.971098232,4.979951,30,v6,88000000ffffffffffffa8dd9f4dc5b5
5742,69.976160634,5.062402,30,v6,88000000ffffffffffffa8dd9f4dc5b5
5743,69.980095423,3.934789,30,v6,88000000ffffffffffffa8dd9f4dc5b5
5744,69.986147340,6.051917,30,v6,88000000ffffffffffffa8dd9f4dc5b5
5745,69.991362928,5.215588,30,v6,88000000ffffffffffffa8dd9f4dc5b5
5746,69.995324259,3.961331,30,v6,88000000ffffffffffffa8dd9f4dc5b5
5747,70.001679025,6.354766,30,v6,88000000ffffffffffffa8dd9f4dc5b5
5748,70.006504003,4.824978,30,v6,88000000ffffffffffffa8dd9f4dc5b5
5749,70.010664325,4.160322,30,v6,88000000ffffffffffffa8dd9f4dc5b5
5750,70.015853037,5.188712,30,v6,88000000ffffffffffffa8dd9f4dc5b5
5751,70.020835322,4.982285,30,v6,88000000ffffffffffffa8dd9f4dc5b5
5752,70.025792807,4.957485,30,v6,88000000ffffffffffffa8dd9f4dc5b5
5753,70.032238914,6.446107,30,v6,88000000ffffffffffffa8dd9f4dc5b5
5754,70.037097389,4.858475,30,v6,88000000ffffffffffffa8dd9f4dc5b5
5755,70.042164528,5.067139,30,v6,88000000ffffffffffffa8dd9f4dc5b5
5756,70.047192797,5.028269,30,v6,88000000ffffffffffffa8dd9f4dc5b5
5757,70.052200675,5.007878,30,v6,88000000ffffffffffffa8dd9f4dc5b5
5758,70.057197298,4.996623,30,v6,88000000ffffffffffffa8dd9f4dc5b5
5759,70.061419385,4.222087,30,v6,88000000ffffffffffffa8dd9f4dc5b5
5760,70.066627927,5.208542,30,v6,88000000ffffffffffffa8dd9f4dc5b5
5761,70.072700474,6.072547,30,v6,88000000ffffffffffffa8dd9f4dc5b5
5762,70.076922382,4.221908,30,v6,88000000ffffffffffffa8dd9f4dc5b5
5763,70.081896978,4.974596,30,v6,88000000ffffffffffffa8dd9f4dc5b5
5764,70.086806098,4.909120,30,v6,88000000ffffffffffffa8dd9f4dc5b5
5765,70.091868628,5.062530,30,v6,88000000ffffffffffffa8dd9f4dc5b5
5766,70.097126141,5.257513,30,v6,88000000ffffffffffffa8dd9f4dc5b5
5767,70.101880993,4.754852,30,v6,88000000ffffffffffffa8dd9f4dc5b5
5768,70.107245721,5.364728,30,v6,88000000ffffffffffffa8dd9f4dc5b5
5769,70.112189820,4.944099,30,v6,88000000ffffffffffffa8dd9f4dc5b5
5770,70.117285560,5.095740,30,v6,88000000ffffffffffffa8dd9f4dc5b5
5771,70.122396954,5.111394,30,v6,88000000ffffffffffffa8dd9f4dc5b5
5772,70.127568463,5.171509,30,v6,88000000ffffffffffffa8dd9f4dc5b5
5773,70.132730516,5.162053,30,v6,88000000ffffffffffffa8dd9f4dc5b5
5774,70.137667357,4.936841,30,v6,88000000ffffffffffffa8dd9f4dc5b5
5775,70.143798658,6.131301,30,v6,88000000ffffffffffffa8dd9f4dc5b5
5776,70.149021030,5.222372,30,v6,88000000ffffffffffffa8dd9f4dc5b5
5777,70.154044323,5.023293,30,v6,88000000ffffffffffffa8dd9f4dc5b5
5778,70.159181890,5.137567,30,v6,88000000ffffffffffffa8dd9f4dc5b5
5779,70.164070755,4.888865,30,v6,88000000ffffffffffffa8dd9f4dc5b5
5780,70.168247092,4.176337,30,v6,88000000ffffffffffffa8dd9f4dc5b5
5781,70.173151290,4.904198,30,v6,88000000ffffffffffffa8dd9f4dc5b5
5782,70.178245056,5.093766,30,v6,88000000ffffffffffffa8dd9f4dc5b5
5783,70.183320008,5.074952,30,v6,88000000ffffffffffffa8dd9f4dc5b5
5784,70.188335380,5.015372,30,v6,88000000ffffffffffffa8dd9f4dc5b5
5785,70.193456709,5.121329,30,v6,88000000ffffffffffffa8dd9f4dc5b5
5786,70.198637646,5.180937,30,v6,88000000ffffffffffffa8dd9f4dc5b5
5787,70.203702655,5.065009,30,v6,88000000ffffffffffffa8dd9f4dc5b5
5788,70.208698405,4.995750,30,v6,88000000ffffffffffffa8dd9f4dc5b5
5789,70.213848546,5.150141,30,v6,88000000ffffffffffffa8dd9f4dc5b5
5790,70.218722749,4.874203,30,v6,88000000ffffffffffffa8dd9f4dc5b5
5791,70.224007390,5.284641,30,v6,88000000ffffffffffffa8dd9f4dc5b5
5792,70.229309923,5.302533,30,v6,88000000ffffffffffffa8dd9f4dc5b5
5793,70.234086419,4.776496,30,v6,88000000ffffffffffffa8dd9f4dc5b5
5794,70.239026261,4.939842,30,v6,88000000ffffffffffffa8dd9f4dc5b5
5795,70.244037376,5.011115,30,v6,88000000ffffffffffffa8dd9f4dc5b5
5796,70.248354732,4.317356,30,v6,88000000ffffffffffffa8dd9f4dc5b5
5797,70.254531965,6.177233,30,v6,88000000ffffffffffffa8dd9f4dc5b5
5798,70.259499843,4.967878,30,v6,88000000ffffffffffffa8dd9f4dc5b5
5799,70.265731017,6.231174,30,v6,88000000ffffffffffffa8dd9f4dc5b5
5800,70.270721322,4.990305,30,v6,88000000ffffffffffffa8dd9f4dc5b5
5801,70.274657608,3.936286,30,v6,88000000ffffffffffffa8dd9f4dc5b5
5802,70.279884370,5.226762,30,v6,88000000ffffffffffffa8dd9f4dc5b5
5803,70.284911440,5.027070,30,v6,88000000ffffffffffffa8dd9f4dc5b5
5804,70.290127355,5.215915,30,v6,88000000ffffffffffffa8dd9f4dc5b5
5805,70.626445665,336.318310,30,v6,88000000ffffffffffffa8dd9f4dc5b5
5806,70.631370683,4.925018,30,v6,88000000ffffffffffffa8dd9f4dc5b5
5807,70.636399014,5.028331,30,v6,88000000ffffffffffffa8dd9f4dc5b5
5808,70.641416864,5.017850,30,v6,88000000ffffffffffffa8dd9f4dc5b5
5809,70.646702116,5.285252,30,v6,88000000ffffffffffffa8dd9f4dc5b5
5810,70.650860871,4.158755,30,v6,88000000ffffffffffffa8dd9f4dc5b5
5811,70.656000418,5.139547,30,v6,88000000ffffffffffffa8dd9f4dc5b5
5812,70.660885374,4.884956,30,v6,88000000ffffffffffffa8dd9f4dc5b5
5813,70.666177676,5.292302,30,v6,88000000ffffffffffffa8dd9f4dc5b5
5814,70.671250064,5.072388,30,v6,88000000ffffffffffffa8dd9f4dc5b5
5815,70.676311292,5.061228,30,v6,88000000ffffffffffffa8dd9f4dc5b5
5816,70.680118061,3.806769,30,v6,88000000ffffffffffffa8dd9f4dc5b5
5817,70.685115109,4.997048,30,v6,88000000ffffffffffffa8dd9f4dc5b5
5818,70.690323852,5.208743,30,v6,88000000ffffffffffffa8dd9f4dc5b5
5819,70.695378459,5.054607,30,v6,88000000ffffffffffffa8dd9f4dc5b5
5820,70.699575285,4.196826,30,v6,88000000ffffffffffffa8dd9f4dc5b5
5821,70.705804563,6.229278,30,v6,88000000ffffffffffffa8dd9f4dc5b5
5822,70.709558852,3.754289,30,v6,88000000ffffffffffffa8dd9f4dc5b5
5823,70.716783786,7.224934,30,v6,88000000ffffffffffffa8dd9f4dc5b5
5824,70.721850914,5.067128,30,v6,88000000ffffffffffffa8dd9f4dc5b5
5825,70.725757179,3.906265,30,v6,88000000ffffffffffffa8dd9f4dc5b5
5826,70.731112818,5.355639,30,v6,88000000ffffffffffffa8dd9f4dc5b5
5827,70.735924812,4.811994,30,v6,88000000ffffffffffffa8dd9f4dc5b5
5828,70.741087379,5.162567,30,v6,88000000ffffffffffffa8dd9f4dc5b5
5829,70.745077723,3.990344,30,v6,88000000ffffffffffffa8dd9f4dc5b5
5830,70.751331468,6.253745,30,v6,88000000ffffffffffffa8dd9f4dc5b5
5831,70.755353209,4.021741,30,v6,88000000ffffffffffffa8dd9f4dc5b5
5832,70.760390009,5.036800,30,v6,88000000ffffffffffffa8dd9f4dc5b5
5833,70.765423935,5.033926,30,v6,88000000ffffffffffffa8dd9f4dc5b5
5834,70.770440498,5.016563,30,v6,88000000ffffffffffffa8dd9f4dc5b5
5835,70.775950143,5.509645,30,v6,88000000ffffffffffffa8dd9f4dc5b5
5836,70.780020788,4.070645,30,v6,88000000ffffffffffffa8dd9f4dc5b5
5837,70.784881052,4.860264,30,v6,88000000ffffffffffffa8dd9f4dc5b5
5838,70.790106686,5.225634,30,v6,88000000ffffffffffffa8dd9f4dc5b5
5839,70.795151369,5.044683,30,v6,88000000ffffffffffffa8dd9f4dc5b5
5840,70.799964474,4.813105,30,v6,88000000ffffffffffffa8dd9f4dc5b5
5841,70.805312036,5.347562,30,v6,88000000ffffffffffffa8dd9f4dc5b5
5842,70.810175216,4.863180,30,v6,88000000ffffffffffffa8dd9f4dc5b5
5843,70.814363663,4.188447,30,v6,88000000ffffffffffffa8dd9f4dc5b5
5844,70.819517465,5.153802,30,v6,88000000ffffffffffffa8dd9f4dc5b5
5845,70.824741608,5.224143,30,v6,88000000ffffffffffffa8dd9f4dc5b5
5846,70.829448290,4.706682,30,v6,88000000ffffffffffffa8dd9f4dc5b5
5847,70.834741185,5.292895,30,v6,88000000ffffffffffffa8dd9f4dc5b5
5848,70.839792076,5.050891,30,v6,88000000ffffffffffffa8dd9f4dc5b5
5849,70.845022882,5.230806,30,v6,88000000ffffffffffffa8dd9f4dc5b5
5850,70.850037149,5.014267,30,v6,88000000ffffffffffffa8dd9f4dc5b5
5851,70.855005182,4.968033,30,v6,88000000ffffffffffffa8dd9f4dc5b5
5852,70.860006383,5.001201,30,v6,88000000ffffffffffffa8dd9f4dc5b5
5853,70.865329669,5.323286,30,v6,88000000ffffffffffffa8dd9f4dc5b5
5854,70.870264613,4.934944,30,v6,88000000ffffffffffffa8dd9f4dc5b5
5855,70.875357529,5.092916,30,v6,88000000ffffffffffffa8dd9f4dc5b5
5856,70.880417123,5.059594,30,v6,88000000ffffffffffffa8dd9f4dc5b5
5857,70.884452159,4.035036,30,v6,88000000ffffffffffffa8dd9f4dc5b5
5858,70.889449731,4.997572,30,v6,88000000ffffffffffffa8dd9f4dc5b5
5859,70.894516830,5.067099,30,v6,88000000ffffffffffffa8dd9f4dc5b5
5860,70.899778708,5.261878,30,v6,88000000ffffffffffffa8dd9f4dc5b5
5861,70.904628820,4.850112,30,v6,88000000ffffffffffffa8dd9f4dc5b5
5862,70.909985857,5.357037,30,v6,88000000ffffffffffffa8dd9f4dc5b5
5863,70.913831180,3.845323,30,v6,88000000ffffffffffffa8dd9f4dc5b5
5864,70.919085228,5.254048,30,v6,88000000ffffffffffffa8dd9f4dc5b5
5865,70.924106701,5.021473,30,v6,88000000ffffffffffffa8dd9f4dc5b5
5866,70.929286263,5.179562,30,v6,88000000ffffffffffffa8dd9f4dc5b5
5867,70.934207358,4.921095,30,v6,88000000ffffffffffffa8dd9f4dc5b5
5868,70.939395506,5.188148,30,v6,88000000ffffffffffffa8dd9f4dc5b5
5869,70.943300140,3.904634,30,v6,88000000ffffffffffffa8dd9f4dc5b5
5870,70.948347124,5.046984,30,v6,88000000ffffffffffffa8dd9f4dc5b5
5871,70.953437233,5.090109,30,v6,88000000ffffffffffffa8dd9f4dc5b5
5872,70.958470892,5.033659,30,v6,88000000ffffffffffffa8dd9f4dc5b5
5873,70.963472285,5.001393,30,v6,88000000ffffffffffffa8dd9f4dc5b5
5874,70.969750478,6.278193,30,v6,88000000ffffffffffffa8dd9f4dc5b5
5875,70.973642923,3.892445,30,v6,88000000ffffffffffffa8dd9f4dc5b5
5876,70.978833236,5.190313,30,v6,88000000ffffffffffffa8dd9f4dc5b5
5877,70.983986061,5.152825,30,v6,88000000ffffffffffffa8dd9f4dc5b5
5878,70.989072140,5.086079,30,v6,88000000ffffffffffffa8dd9f4dc5b5
5879,70.993058270,3.986130,30,v6,88000000ffffffffffffa8dd9f4dc5b5
5880,70.999104893,6.046623,30,v6,88000000ffffffffffffa8dd9f4dc5b5
5881,71.003135964,4.031071,30,v6,88000000ffffffffffffa8dd9f4dc5b5
5882,71.008456476,5.320512,30,v6,88000000ffffffffffffa8dd9f4dc5b5
5883,71.013294990,4.838514,30,v6,88000000ffffffffffffa8dd9f4dc5b5
5884,71.018444487,5.149497,30,v6,88000000ffffffffffffa8dd9f4dc5b5
5885,71.022505207,4.060720,30,v6,88000000ffffffffffffa8dd9f4dc5b5
5886,71.027729373,5.224166,30,v6,88000000ffffffffffffa8dd9f4dc5b5
5887,71.032677550,4.948177,30,v6,88000000ffffffffffffa8dd9f4dc5b5
5888,71.037794776,5.117226,30,v6,88000000ffffffffffffa8dd9f4dc5b5
5889,71.042878579,5.083803,30,v6,88000000ffffffffffffa8dd9f4dc5b5
5890,71.047955606,5.077027,30,v6,88000000ffffffffffffa8dd9f4dc5b5
5891,71.052018892,4.063286,30,v6,88000000ffffffffffffa8dd9f4dc5b5
5892,71.057030120,5.011228,30,v6,88000000ffffffffffffa8dd9f4dc5b5
5893,71.062148979,5.118859,30,v6,88000000ffffffffffffa8dd9f4dc5b5
5894,71.067263751,5.114772,30,v6,88000000ffffffffffffa8dd9f4dc5b5
5895,71.072656358,5.392607,30,v6,88000000ffffffffffffa8dd9f4dc5b5
5896,71.077676326,5.019968,30,v6,88000000ffffffffffffa8dd9f4dc5b5
5897,71.082466829,4.790503,30,v6,88000000ffffffffffffa8dd9f4dc5b5
5898,71.086702565,4.235736,30,v6,88000000ffffffffffffa8dd9f4dc5b5
5899,71.092852646,6.150081,30,v6,88000000ffffffffffffa8dd9f4dc5b5
5900,71.098019398,5.166752,30,v6,88000000ffffffffffffa8dd9f4dc5b5
5901,71.102953804,4.934406,30,v6,88000000ffffffffffffa8dd9f4dc5b5
5902,71.107944523,4.990719,30,v6,88000000ffffffffffffa8dd9f4dc5b5
5903,71.113072288,5.127765,30,v6,88000000ffffffffffffa8dd9f4dc5b5
5904,71.118173511,5.101223,30,v6,88000000ffffffffffffa8dd9f4dc5b5
5905,71.468716457,350.542946,30,v6,88000000ffffffffffffa8dd9f4dc5b5
5906,71.473724883,5.008426,30,v6,88000000ffffffffffffa8dd9f4dc5b5
5907,71.478864938,5.140055,30,v6,88000000ffffffffffffa8dd9f4dc5b5
5908,71.483003778,4.138840,30,v6,88000000ffffffffffffa8dd9f4dc5b5
5909,71.488079003,5.075225,30,v6,88000000ffffffffffffa8dd9f4dc5b5
5910,71.492910671,4.831668,30,v6,88000000ffffffffffffa8dd9f4dc5b5
5911,71.498067512,5.156841,30,v6,88000000ffffffffffffa8dd9f4dc5b5
5912,71.503318045,5.250533,30,v6,88000000ffffffffffffa8dd9f4dc5b5
5913,71.507078312,3.760267,30,v6,88000000ffffffffffffa8dd9f4dc5b5
5914,71.512245519,5.167207,30,v6,88000000ffffffffffffa8dd9f4dc5b5
5915,71.517314784,5.069265,30,v6,88000000ffffffffffffa8dd9f4dc5b5
5916,71.521554971,4.240187,30,v6,88000000ffffffffffffa8dd9f4dc5b5
5917,71.527509395,5.954424,30,v6,88000000ffffffffffffa8dd9f4dc5b5
5918,71.532550209,5.040814,30,v6,88000000ffffffffffffa8dd9f4dc5b5
5919,71.537638626,5.088417,30,v6,88000000ffffffffffffa8dd9f4dc5b5
5920,71.541773910,4.135284,30,v6,88000000ffffffffffffa8dd9f4dc5b5
5921,71.546807798,5.033888,30,v6,88000000ffffffffffffa8dd9f4dc5b5
5922,71.552009272,5.201474,30,v6,88000000ffffffffffffa8dd9f4dc5b5
5923,71.555866177,3.856905,30,v6,88000000ffffffffffffa8dd9f4dc5b5
5924,71.561015335,5.149158,30,v6,88000000ffffffffffffa8dd9f4dc5b5
5925,71.566295902,5.280567,30,v6,88000000ffffffffffffa8dd9f4dc5b5
5926,71.570987180,4.691278,30,v6,88000000ffffffffffffa8dd9f4dc5b5
5927,71.576310335,5.323155,30,v6,88000000ffffffffffffa8dd9f4dc5b5
5928,71.580327487,4.017152,30,v6,88000000ffffffffffffa8dd9f4dc5b5
5929,71.585408542,5.081055,30,v6,88000000ffffffffffffa8dd9f4dc5b5
5930,71.590540298,5.131756,30,v6,88000000ffffffffffffa8dd9f4dc5b5
5931,71.595736695,5.196397,30,v6,88000000ffffffffffffa8dd9f4dc5b5
5932,71.599629676,3.892981,30,v6,88000000ffffffffffffa8dd9f4dc5b5
5933,71.604640276,5.010600,30,v6,88000000ffffffffffffa8dd9f4dc5b5
5934,71.609861269,5.220993,30,v6,88000000ffffffffffffa8dd9f4dc5b5
5935,71.614928224,5.066955,30,v6,88000000ffffffffffffa8dd9f4dc5b5
5936,71.619103163,4.174939,30,v6,88000000ffffffffffffa8dd9f4dc5b5
5937,71.624050934,4.947771,30,v6,88000000ffffffffffffa8dd9f4dc5b5
5938,71.629423495,5.372561,30,v6,88000000ffffffffffffa8dd9f4dc5b5
5939,71.634387450,4.963955,30,v6,88000000ffffffffffffa8dd9f4dc5b5
5940,71.638380990,3.993540,30,v6,88000000ffffffffffffa8dd9f4dc5b5
5941,71.643481418,5.100428,30,v6,88000000ffffffffffffa8dd9f4dc5b5
5942,71.648511495,5.030077,30,v6,88000000ffffffffffffa8dd9f4dc5b5
5943,71.653580960,5.069465,30,v6,88000000ffffffffffffa8dd9f4dc5b5
5944,71.658544989,4.964029,30,v6,88000000ffffffffffffa8dd9f4dc5b5
5945,71.663654421,5.109432,30,v6,88000000ffffffffffffa8dd9f4dc5b5
5946,71.668799304,5.144883,30,v6,88000000ffffffffffffa8dd9f4dc5b5
5947,71.673964404,5.165100,30,v6,88000000ffffffffffffa8dd9f4dc5b5
5948,71.678319766,4.355362,30,v6,88000000ffffffffffffa8dd9f4dc5b5
5949,71.683021073,4.701307,30,v6,88000000ffffffffffffa8dd9f4dc5b5
5950,71.687817817,4.796744,30,v6,88000000ffffffffffffa8dd9f4dc5b5
5951,71.693212655,5.394838,30,v6,88000000ffffffffffffa8dd9f4dc5b5
5952,71.697405691,4.193036,30,v6,88000000ffffffffffffa8dd9f4dc5b5
5953,71.702383776,4.978085,30,v6,88000000ffffffffffffa8dd9f4dc5b5
5954,71.707434927,5.051151,30,v6,88000000ffffffffffffa8dd9f4dc5b5
5955,71.712474373,5.039446,30,v6,88000000ffffffffffffa8dd9f4dc5b5
5956,71.716550771,4.076398,30,v6,88000000ffffffffffffa8dd9f4dc5b5
5957,71.721705656,5.154885,30,v6,88000000ffffffffffffa8dd9f4dc5b5
5958,71.726702102,4.996446,30,v6,88000000ffffffffffffa8dd9f4dc5b5
5959,71.732040774,5.338672,30,v6,88000000ffffffffffffa8dd9f4dc5b5
5960,71.736119425,4.078651,30,v6,88000000ffffffffffffa8dd9f4dc5b5
5961,71.741065236,4.945811,30,v6,88000000ffffffffffffa8dd9f4dc5b5
5962,71.745912056,4.846820,30,v6,88000000ffffffffffffa8dd9f4dc5b5
5963,71.751340669,5.428613,30,v6,88000000ffffffffffffa8dd9f4dc5b5
5964,71.755125776,3.785107,30,v6,88000000ffffffffffffa8dd9f4dc5b5
5965,71.760059785,4.934009,30,v6,88000000ffffffffffffa8dd9f4dc5b5
5966,71.765411993,5.352208,30,v6,88000000ffffffffffffa8dd9f4dc5b5
5967,71.770375689,4.963696,30,v6,88000000ffffffffffffa8dd9f4dc5b5
5968,71.774479427,4.103738,30,v6,88000000ffffffffffffa8dd9f4dc5b5
5969,71.779565639,5.086212,30,v6,88000000ffffffffffffa8dd9f4dc5b5
5970,71.785619469,6.053830,30,v6,88000000ffffffffffffa8dd9f4dc5b5
5971,71.789872113,4.252644,30,v6,88000000ffffffffffffa8dd9f4dc5b5
5972,71.794819421,4.947308,30,v6,88000000ffffffffffffa8dd9f4dc5b5
5973,71.800141164,5.321743,30,v6,88000000ffffffffffffa8dd9f4dc5b5
5974,71.805094752,4.953588,30,v6,88000000ffffffffffffa8dd9f4dc5b5
5975,71.808952571,3.857819,30,v6,88000000ffffffffffffa8dd9f4dc5b5
5976,71.814304089,5.351518,30,v6,88000000ffffffffffffa8dd9f4dc5b5
5977,71.818976032,4.671943,30,v6,88000000ffffffffffffa8dd9f4dc5b5
5978,71.823115013,4.138981,30,v6,88000000ffffffffffffa8dd9f4dc5b5
5979,71.828229523,5.114510,30,v6,88000000ffffffffffffa8dd9f4dc5b5
5980,71.833342594,5.113071,30,v6,88000000ffffffffffffa8dd9f4dc5b5
5981,71.838406586,5.063992,30,v6,88000000ffffffffffffa8dd9f4dc5b5
5982,71.843510923,5.104337,30,v6,88000000ffffffffffffa8dd9f4dc5b5
5983,71.847545012,4.034089,30,v6,88000000ffffffffffffa8dd9f4dc5b5
5984,71.852755388,5.210376,30,v6,88000000ffffffffffffa8dd9f4dc5b5
5985,71.857538722,4.783334,30,v6,88000000ffffffffffffa8dd9f4dc5b5
5986,71.862840918,5.302196,30,v6,88000000ffffffffffffa8dd9f4dc5b5
5987,71.867001023,4.160105,30,v6,88000000ffffffffffffa8dd9f4dc5b5
5988,71.871950598,4.949575,30,v6,88000000ffffffffffffa8dd9f4dc5b5
5989,71.875854171,3.903573,30,v6,88000000ffffffffffffa8dd9f4dc5b5
5990,71.881088750,5.234579,30,v6,88000000ffffffffffffa8dd9f4dc5b5
5991,71.885986877,4.898127,30,v6,88000000ffffffffffffa8dd9f4dc5b5
5992,71.891216194,5.229317,30,v6,88000000ffffffffffffa8dd9f4dc5b5
5993,71.896201058,4.984864,30,v6,88000000ffffffffffffa8dd9f4dc5b5
5994,71.901434312,5.233254,30,v6,88000000ffffffffffffa8dd9f4dc5b5
5995,71.906396063,4.961751,30,v6,88000000ffffffffffffa8dd9f4dc5b5
5996,71.911405277,5.009214,30,v6,88000000ffffffffffffa8dd9f4dc5b5
5997,71.915633478,4.228201,30,v6,88000000ffffffffffffa8dd9f4dc5b5
5998,71.920864273,5.230795,30,v6,88000000ffffffffffffa8dd9f4dc5b5
5999,71.925603910,4.739637,30,v6,88000000ffffffffffffa8dd9f4dc5b5
6000,71.931062156,5.458246,30,v6,88000000ffffffffffffa8dd9f4dc5b5
6001,71.936212051,5.149895,30,v6,88000000ffffffffffffa8dd9f4dc5b5
6002,71.939965030,3.752979,30,v6,88000000ffffffffffffa8dd9f4dc5b5
6003,71.945111439,5.146409,30,v6,88000000ffffffffffffa8dd9f4dc5b5
6004,71.950005904,4.894465,30,v6,88000000ffffffffffffa8dd9f4dc5b5
6005,72.297590067,347.584163,30,v6,88000000ffffffffffffa8dd9f4dc5b5
6006,72.301734629,4.144562,30,v6,88000000ffffffffffffa8dd9f4dc5b5
6007,72.306649954,4.915325,30,v6,88000000ffffffffffffa8dd9f4dc5b5
6008,72.312061988,5.412034,30,v6,88000000ffffffffffffa8dd9f4dc5b5
6009,72.316245496,4.183508,30,v6,88000000ffffffffffffa8dd9f4dc5b5
6010,72.321012392,4.766896,30,v6,88000000ffffffffffffa8dd9f4dc5b5
6011,72.324925516,3.913124,30,v6,88000000ffffffffffffa8dd9f4dc5b5
6012,72.330328759,5.403243,30,v6,88000000ffffffffffffa8dd9f4dc5b5
6013,72.335269408,4.940649,30,v6,88000000ffffffffffffa8dd9f4dc5b5
6014,72.339401578,4.132170,30,v6,88000000ffffffffffffa8dd9f4dc5b5
6015,72.344403860,5.002282,30,v6,88000000ffffffffffffa8dd9f4dc5b5
6016,72.348411431,4.007571,30,v6,88000000ffffffffffffa8dd9f4dc5b5
6017,72.353393296,4.981865,30,v6,88000000ffffffffffffa8dd9f4dc5b5
6018,72.358767724,5.374428,30,v6,88000000ffffffffffffa8dd9f4dc5b5
6019,72.363798035,5.030311,30,v6,88000000ffffffffffffa8dd9f4dc5b5
6020,72.367814225,4.016190,30,v6,88000000ffffffffffffa8dd9f4dc5b5
6021,72.372867734,5.053509,30,v6,88000000ffffffffffffa8dd9f4dc5b5
6022,72.377936971,5.069237,30,v6,88000000ffffffffffffa8dd9f4dc5b5
6023,72.383130550,5.193579,30,v6,88000000ffffffffffffa8dd9f4dc5b5
6024,72.387942674,4.812124,30,v6,88000000ffffffffffffa8dd9f4dc5b5
6025,72.392118681,4.176007,30,v6,88000000ffffffffffffa8dd9f4dc5b5
6026,72.397071963,4.953282,30,v6,88000000ffffffffffffa8dd9f4dc5b5
6027,72.402338857,5.266894,30,v6,88000000ffffffffffffa8dd9f4dc5b5
6028,72.406363698,4.024841,30,v6,88000000ffffffffffffa8dd9f4dc5b5
6029,72.411572652,5.208954,30,v6,88000000ffffffffffffa8dd9f4dc5b5
6030,72.416686392,5.113740,30,v6,88000000ffffffffffffa8dd9f4dc5b5
6031,72.420550527,3.864135,30,v6,88000000ffffffffffffa8dd9f4dc5b5
6032,72.425694978,5.144451,30,v6,88000000ffffffffffffa8dd9f4dc5b5
6033,72.429815051,4.120073,30,v6,88000000ffffffffffffa8dd9f4dc5b5
6034,72.434832963,5.017912,30,v6,88000000ffffffffffffa8dd9f4dc5b5
6035,72.439771468,4.938505,30,v6,88000000ffffffffffffa8dd9f4dc5b5
6036,72.443965732,4.194264,30,v6,88000000ffffffffffffa8dd9f4dc5b5
6037,72.449115137,5.149405,30,v6,88000000ffffffffffffa8dd9f4dc5b5
6038,72.454130709,5.015572,30,v6,88000000ffffffffffffa8dd9f4dc5b5
6039,72.458321698,4.190989,30,v6,88000000ffffffffffffa8dd9f4dc5b5
6040,72.463532167,5.210469,30,v6,88000000ffffffffffffa8dd9f4dc5b5
6041,72.468613680,5.081513,30,v6,88000000ffffffffffffa8dd9f4dc5b5
6042,72.472463717,3.850037,30,v6,88000000ffffffffffffa8dd9f4dc5b5
6043,72.477550197,5.086480,30,v6,88000000ffffffffffffa8dd9f4dc5b5
6044,72.482873780,5.323583,30,v6,88000000ffffffffffffa8dd9f4dc5b5
6045,72.486832102,3.958322,30,v6,88000000ffffffffffffa8dd9f4dc5b5
6046,72.491911728,5.079626,30,v6,88000000ffffffffffffa8dd9f4dc5b5
6047,72.496936317,5.024589,30,v6,88000000ffffffffffffa8dd9f4dc5b5
6048,72.500885420,3.949103,30,v6,88000000ffffffffffffa8dd9f4dc5b5
6049,72.507180357,6.294937,30,v6,88000000ffffffffffffa8dd9f4dc5b5
6050,72.511102720,3.922363,30,v6,88000000ffffffffffffa8dd9f4dc5b5
6051,72.516264039,5.161319,30,v6,88000000ffffffffffffa8dd9f4dc5b5
6052,72.520237368,3.973329,30,v6,88000000ffffffffffffa8dd9f4dc5b5
6053,72.525330702,5.093334,30,v6,88000000ffffffffffffa8dd9f4dc5b5
6054,72.530175732,4.845030,30,v6,88000000ffffffffffffa8dd9f4dc5b5
6055,72.535524687,5.348955,30,v6,88000000ffffffffffffa8dd9f4dc5b5
6056,72.539529852,4.005165,30,v6,88000000ffffffffffffa8dd9f4dc5b5
6057,72.544425081,4.895229,30,v6,88000000ffffffffffffa8dd9f4dc5b5
6058,72.549573221,5.148140,30,v6,88000000ffffffffffffa8dd9f4dc5b5
6059,72.554710198,5.136977,30,v6,88000000ffffffffffffa8dd9f4dc5b5
6060,72.558927304,4.217106,30,v6,88000000ffffffffffffa8dd9f4dc5b5
6061,72.563861049,4.933745,30,v6,88000000ffffffffffffa8dd9f4dc5b5
6062,72.568044338,4.183289,30,v6,88000000ffffffffffffa8dd9f4dc5b5
6063,72.573067808,5.023470,30,v6,88000000ffffffffffffa8dd9f4dc5b5
6064,72.578048883,4.981075,30,v6,88000000ffffffffffffa8dd9f4dc5b5
6065,72.582362762,4.313879,30,v6,88000000ffffffffffffa8dd9f4dc5b5
6066,72.587019911,4.657149,30,v6,88000000ffffffffffffa8dd9f4dc5b5
6067,72.592246136,5.226225,30,v6,88000000ffffffffffffa8dd9f4dc5b5
6068,72.596477218,4.231082,30,v6,88000000ffffffffffffa8dd9f4dc5b5
6069,72.601384015,4.906797,30,v6,88000000ffffffffffffa8dd9f4dc5b5
6070,72.606691139,5.307124,30,v6,88000000ffffffffffffa8dd9f4dc5b5
6071,72.610631178,3.940039,30,v6,88000000ffffffffffffa8dd9f4dc5b5
6072,72.615905523,5.274345,30,v6,88000000ffffffffffffa8dd9f4dc5b5
6073,72.620758895,4.853372,30,v6,88000000ffffffffffffa8dd9f4dc5b5
6074,72.625543233,4.784338,30,v6,88000000ffffffffffffa8dd9f4dc5b5
6075,72.630977032,5.433799,30,v6,88000000ffffffffffffa8dd9f4dc5b5
6076,72.636126689,5.149657,30,v6,88000000ffffffffffffa8dd9f4dc5b5
6077,72.640058241,3.931552,30,v6,88000000ffffffffffffa8dd9f4dc5b5
6078,72.645024413,4.966172,30,v6,88000000ffffffffffffa8dd9f4dc5b5
6079,72.649164206,4.139793,30,v6,88000000ffffffffffffa8dd9f4dc5b5
6080,72.654184171,5.019965,30,v6,88000000ffffffffffffa8dd9f4dc5b5
6081,72.659299485,5.115314,30,v6,88000000ffffffffffffa8dd9f4dc5b5
6082,72.663431795,4.132310,30,v6,88000000ffffffffffffa8dd9f4dc5b5
6083,72.668363094,4.931299,30,v6,88000000ffffffffffffa8dd9f4dc5b5
6084,72.672419325,4.056231,30,v6,88000000ffffffffffffa8dd9f4dc5b5
6085,72.677506799,5.087474,30,v6,88000000ffffffffffffa8dd9f4dc5b5
6086,72.682794567,5.287768,30,v6,88000000ffffffffffffa8dd9f4dc5b5
6087,72.686801918,4.007351,30,v6,88000000ffffffffffffa8dd9f4dc5b5
6088,72.692066483,5.264565,30,v6,88000000ffffffffffffa8dd9f4dc5b5
6089,72.697006027,4.939544,30,v6,88000000ffffffffffffa8dd9f4dc5b5
6090,72.701277150,4.271123,30,v6,88000000ffffffffffffa8dd9f4dc5b5
6091,72.706986095,5.708945,99,v6,1c000000aadd9f4dc5b568e9ff030000
6092,72.708052881,1.066786,30,v6,88000000ffffffffffffa8dd9f4dc5b5
6093,72.712255761,4.202880,30,v6,88000000ffffffffffffa8dd9f4dc5b5
6094,72.717150381,4.894620,30,v6,88000000ffffffffffffa8dd9f4dc5b5
6095,72.722293171,5.142790,30,v6,88000000ffffffffffffa8dd9f4dc5b5
6096,72.726373254,4.080083,30,v6,88000000ffffffffffffa8dd9f4dc5b5
6097,72.732845421,6.472167,30,v6,88000000ffffffffffffa8dd9f4dc5b5
6098,72.737920802,5.075381,30,v6,88000000ffffffffffffa8dd9f4dc5b5
6099,72.741889186,3.968384,30,v6,88000000ffffffffffffa8dd9f4dc5b5
6100,72.746939367,5.050181,30,v6,88000000ffffffffffffa8dd9f4dc5b5
6101,72.751820500,4.881133,30,v6,88000000ffffffffffffa8dd9f4dc5b5
6102,72.755861402,4.040902,30,v6,88000000ffffffffffffa8dd9f4dc5b5
6103,72.760879047,5.017645,30,v6,88000000ffffffffffffa8dd9f4dc5b5
6104,72.765912066,5.033019,30,v6,88000000ffffffffffffa8dd9f4dc5b5
6105,72.769803850,3.891784,30,v6,88000000ffffffffffffa8dd9f4dc5b5
6106,73.116396093,346.592243,30,v6,88000000ffffffffffffa8dd9f4dc5b5
6107,73.121582915,5.186822,30,v6,88000000ffffffffffffa8dd9f4dc5b5
6108,73.125572377,3.989462,30,v6,88000000ffffffffffffa8dd9f4dc5b5
6109,73.130663153,5.090776,30,v6,88000000ffffffffffffa8dd9f4dc5b5
6110,73.135940983,5.277830,30,v6,88000000ffffffffffffa8dd9f4dc5b5
6111,73.140756714,4.815731,30,v6,88000000ffffffffffffa8dd9f4dc5b5
6112,73.145922176,5.165462,30,v6,88000000ffffffffffffa8dd9f4dc5b5
6113,73.150111920,4.189744,30,v6,88000000ffffffffffffa8dd9f4dc5b5
6114,73.155003143,4.891223,30,v6,88000000ffffffffffffa8dd9f4dc5b5
6115,73.159184235,4.181092,30,v6,88000000ffffffffffffa8dd9f4dc5b5
6116,73.164191519,5.007284,30,v6,88000000ffffffffffffa8dd9f4dc5b5
6117,73.168281025,4.089506,30,v6,88000000ffffffffffffa8dd9f4dc5b5
6118,73.173314003,5.032978,30,v6,88000000ffffffffffffa8dd9f4dc5b5
6119,73.177383224,4.069221,30,v6,88000000ffffffffffffa8dd9f4dc5b5
6120,73.182406022,5.022798,30,v6,88000000ffffffffffffa8dd9f4dc5b5
6121,73.186870201,4.464179,30,v6,88000000ffffffffffffa8dd9f4dc5b5
6122,73.191683550,4.813349,30,v6,88000000ffffffffffffa8dd9f4dc5b5
6123,73.196822585,5.139035,30,v6,88000000ffffffffffffa8dd9f4dc5b5
6124,73.200932260,4.109675,30,v6,88000000ffffffffffffa8dd9f4dc5b5
6125,73.205840774,4.908514,30,v6,88000000ffffffffffffa8dd9f4dc5b5
6126,73.209936815,4.096041,30,v6,88000000ffffffffffffa8dd9f4dc5b5
6127,73.214161438,4.224623,30,v6,88000000ffffffffffffa8dd9f4dc5b5
6128,73.218961952,4.800514,30,v6,88000000ffffffffffffa8dd9f4dc5b5
6129,73.223212974,4.251022,30,v6,88000000ffffffffffffa8dd9f4dc5b5
6130,73.228391320,5.178346,30,v6,88000000ffffffffffffa8dd9f4dc5b5
6131,73.233355523,4.964203,30,v6,88000000ffffffffffffa8dd9f4dc5b5
6132,73.238462948,5.107425,30,v6,88000000ffffffffffffa8dd9f4dc5b5
6133,73.243589064,5.126116,30,v6,88000000ffffffffffffa8dd9f4dc5b5
6134,73.247712961,4.123897,30,v6,88000000ffffffffffffa8dd9f4dc5b5
6135,73.252646067,4.933106,30,v6,88000000ffffffffffffa8dd9f4dc5b5
6136,73.257878057,5.231990,30,v6,88000000ffffffffffffa8dd9f4dc5b5
6137,73.261601748,3.723691,30,v6,88000000ffffffffffffa8dd9f4dc5b5
6138,73.267058402,5.456654,30,v6,88000000ffffffffffffa8dd9f4dc5b5
6139,73.270911549,3.853147,30,v6,88000000ffffffffffffa8dd9f4dc5b5
6140,73.276060477,5.148928,30,v6,88000000ffffffffffffa8dd9f4dc5b5
6141,73.280061782,4.001305,30,v6,88000000ffffffffffffa8dd9f4dc5b5
6142,73.284063688,4.001906,30,v6,88000000ffffffffffffa8dd9f4dc5b5
6143,73.289094703,5.031015,30,v6,88000000ffffffffffffa8dd9f4dc5b5
6144,73.294097810,5.003107,30,v6,88000000ffffffffffffa8dd9f4dc5b5
6145,73.299490304,5.392494,30,v6,88000000ffffffffffffa8dd9f4dc5b5
6146,73.303445547,3.955243,30,v6,88000000ffffffffffffa8dd9f4dc5b5
6147,73.307581849,4.136302,30,v6,88000000ffffffffffffa8dd9f4dc5b5
6148,73.312927568,5.345719,30,v6,88000000ffffffffffffa8dd9f4dc5b5
6149,73.317644443,4.716875,30,v6,88000000ffffffffffffa8dd9f4dc5b5
6150,73.321960716,4.316273,30,v6,88000000ffffffffffffa8dd9f4dc5b5
6151,73.326804681,4.843965,30,v6,88000000ffffffffffffa8dd9f4dc5b5
6152,73.331090957,4.286276,30,v6,88000000ffffffffffffa8dd9f4dc5b5
6153,73.336004184,4.913227,30,v6,88000000ffffffffffffa8dd9f4dc5b5
6154,73.341241328,5.237144,30,v6,88000000ffffffffffffa8dd9f4dc5b5
6155,73.346043819,4.802491,30,v6,88000000ffffffffffffa8dd9f4dc5b5
6156,73.350260735,4.216916,30,v6,88000000ffffffffffffa8dd9f4dc5b5
6157,73.355167613,4.906878,30,v6,88000000ffffffffffffa8dd9f4dc5b5
6158,73.360269960,5.102347,30,v6,88000000ffffffffffffa8dd9f4dc5b5
6159,73.364345908,4.075948,30,v6,88000000ffffffffffffa8dd9f4dc5b5
6160,73.369596302,5.250394,30,v6,88000000ffffffffffffa8dd9f4dc5b5
6161,73.373777236,4.180934,30,v6,88000000ffffffffffffa8dd9f4dc5b5
6162,73.378456932,4.679696,30,v6,88000000ffffffffffffa8dd9f4dc5b5
6163,73.382739273,4.282341,30,v6,88000000ffffffffffffa8dd9f4dc5b5
6164,73.387723417,4.984144,30,v6,88000000ffffffffffffa8dd9f4dc5b5
6165,73.392030382,4.306965,30,v6,88000000ffffffffffffa8dd9f4dc5b5
6166,73.396917466,4.887084,30,v6,88000000ffffffffffffa8dd9f4dc5b5
6167,73.402190610,5.273144,30,v6,88000000ffffffffffffa8dd9f4dc5b5
6168,73.406142216,3.951606,30,v6,88000000ffffffffffffa8dd9f4dc5b5
6169,73.411219773,5.077557,30,v6,88000000ffffffffffffa8dd9f4dc5b5
6170,73.415060786,3.841013,30,v6,88000000ffffffffffffa8dd9f4dc5b5
6171,73.420244196,5.183410,30,v6,88000000ffffffffffffa8dd9f4dc5b5
6172,73.424375204,4.131008,30,v6,88000000ffffffffffffa8dd9f4dc5b5
6173,73.429421474,5.046270,30,v6,88000000ffffffffffffa8dd9f4dc5b5
6174,73.433678910,4.257436,30,v6,88000000ffffffffffffa8dd9f4dc5b5
6175,73.437575997,3.897087,30,v6,88000000ffffffffffffa8dd9f4dc5b5
6176,73.442837763,5.261766,30,v6,88000000ffffffffffffa8dd9f4dc5b5
6177,73.448955185,6.117422,30,v6,88000000ffffffffffffa8dd9f4dc5b5
6178,73.452742767,3.787582,30,v6,88000000ffffffffffffa8dd9f4dc5b5
6179,73.457895775,5.153008,30,v6,88000000ffffffffffffa8dd9f4dc5b5
6180,73.462039269,4.143494,30,v6,88000000ffffffffffffa8dd9f4dc5b5
6181,73.466958521,4.919252,30,v6,88000000ffffffffffffa8dd9f4dc5b5
6182,73.472038532,5.080011,30,v6,88000000ffffffffffffa8dd9f4dc5b5
6183,73.476141878,4.103346,30,v6,88000000ffffffffffffa8dd9f4dc5b5
6184,73.480201012,4.059134,30,v6,88000000ffffffffffffa8dd9f4dc5b5
6185,73.485257987,5.056975,30,v6,88000000ffffffffffffa8dd9f4dc5b5
6186,73.489442593,4.184606,30,v6,88000000ffffffffffffa8dd9f4dc5b5
6187,73.494727235,5.284642,30,v6,88000000ffffffffffffa8dd9f4dc5b5
6188,73.498756596,4.029361,30,v6,88000000ffffffffffffa8dd9f4dc5b5
6189,73.503609183,4.852587,30,v6,88000000ffffffffffffa8dd9f4dc5b5
6190,73.508564667,4.955484,30,v6,88000000ffffffffffffa8dd9f4dc5b5
6191,73.512935838,4.371171,30,v6,88000000ffffffffffffa8dd9f4dc5b5
6192,73.517852439,4.916601,30,v6,88000000ffffffffffffa8dd9f4dc5b5
6193,73.522945757,5.093318,30,v6,88000000ffffffffffffa8dd9f4dc5b5
6194,73.527138417,4.192660,30,v6,88000000ffffffffffffa8dd9f4dc5b5
6195,73.532134025,4.995608,30,v6,88000000ffffffffffffa8dd9f4dc5b5
6196,73.536071900,3.937875,30,v6,88000000ffffffffffffa8dd9f4dc5b5
6197,73.541072324,5.000424,30,v6,88000000ffffffffffffa8dd9f4dc5b5
6198,73.545219383,4.147059,30,v6,88000000ffffffffffffa8dd9f4dc5b5
6199,73.549485522,4.266139,30,v6,88000000ffffffffffffa8dd9f4dc5b5
6200,73.554388195,4.902673,30,v6,88000000ffffffffffffa8dd9f4dc5b5
6201,73.560437380,6.049185,30,v6,88000000ffffffffffffa8dd9f4dc5b5
6202,73.564618249,4.180869,30,v6,88000000ffffffffffffa8dd9f4dc5b5
6203,73.569861628,5.243379,30,v6,88000000ffffffffffffa8dd9f4dc5b5
6204,73.573791765,3.930137,30,v6,88000000ffffffffffffa8dd9f4dc5b5
6205,73.579026907,5.235142,30,v6,88000000ffffffffffffa8dd9f4dc5b5
6206,73.925228726,346.201819,30,v6,88000000ffffffffffffa8dd9f4dc5b5
6207,73.930311606,5.082880,30,v6,88000000ffffffffffffa8dd9f4dc5b5
6208,73.934381526,4.069920,30,v6,88000000ffffffffffffa8dd9f4dc5b5
6209,73.939459993,5.078467,30,v6,88000000ffffffffffffa8dd9f4dc5b5
6210,73.943490608,4.030615,30,v6,88000000ffffffffffffa8dd9f4dc5b5
6211,73.948586363,5.095755,30,v6,88000000ffffffffffffa8dd9f4dc5b5
6212,73.952661057,4.074694,30,v6,88000000ffffffffffffa8dd9f4dc5b5
6213,73.957945282,5.284225,30,v6,88000000ffffffffffffa8dd9f4dc5b5
6214,73.961995378,4.050096,30,v6,88000000ffffffffffffa8dd9f4dc5b5
6215,73.966976718,4.981340,30,v6,88000000ffffffffffffa8dd9f4dc5b5
6216,73.970940177,3.963459,30,v6,88000000ffffffffffffa8dd9f4dc5b5
6217,73.975204293,4.264116,30,v6,88000000ffffffffffffa8dd9f4dc5b5
6218,73.980056064,4.851771,30,v6,88000000ffffffffffffa8dd9f4dc5b5
6219,73.985303977,5.247913,30,v6,88000000ffffffffffffa8dd9f4dc5b5
6220,73.989265104,3.961127,30,v6,88000000ffffffffffffa8dd9f4dc5b5
6221,73.994316357,5.051253,30,v6,88000000ffffffffffffa8dd9f4dc5b5
6222,73.998358205,4.041848,30,v6,88000000ffffffffffffa8dd9f4dc5b5
6223,74.003466673,5.108468,30,v6,88000000ffffffffffffa8dd9f4dc5b5
6224,74.007526513,4.059840,30,v6,88000000ffffffffffffa8dd9f4dc5b5
6225,74.012745255,5.218742,30,v6,88000000ffffffffffffa8dd9f4dc5b5
6226,74.017005229,4.259974,30,v6,88000000ffffffffffffa8dd9f4dc5b5
6227,74.021747220,4.741991,30,v6,88000000ffffffffffffa8dd9f4dc5b5
6228,74.026147017,4.399797,30,v6,88000000ffffffffffffa8dd9f4dc5b5
6229,74.030942088,4.795071,30,v6,88000000ffffffffffffa8dd9f4dc5b5
6230,74.036071028,5.128940,30,v6,88000000ffffffffffffa8dd9f4dc5b5
6231,74.039901268,3.830240,30,v6,88000000ffffffffffffa8dd9f4dc5b5
6232,74.045316853,5.415585,30,v6,88000000ffffffffffffa8dd9f4dc5b5
6233,74.050234774,4.917921,30,v6,88000000ffffffffffffa8dd9f4dc5b5
6234,74.054261828,4.027054,30,v6,88000000ffffffffffffa8dd9f4dc5b5
6235,74.059355973,5.094145,30,v6,88000000ffffffffffffa8dd9f4dc5b5
6236,74.063339593,3.983620,30,v6,88000000ffffffffffffa8dd9f4dc5b5
6237,74.067629514,4.289921,30,v6,88000000ffffffffffffa8dd9f4dc5b5
6238,74.072533914,4.904400,30,v6,88000000ffffffffffffa8dd9f4dc5b5
6239,74.076665997,4.132083,30,v6,88000000ffffffffffffa8dd9f4dc5b5
6240,74.080903705,4.237708,30,v6,88000000ffffffffffffa8dd9f4dc5b5
6241,74.085893133,4.989428,30,v6,88000000ffffffffffffa8dd9f4dc5b5
6242,74.091043932,5.150799,30,v6,88000000ffffffffffffa8dd9f4dc5b5
6243,74.094857630,3.813698,30,v6,88000000ffffffffffffa8dd9f4dc5b5
6244,74.100081427,5.223797,30,v6,88000000ffffffffffffa8dd9f4dc5b5
6245,74.104196814,4.115387,30,v6,88000000ffffffffffffa8dd9f4dc5b5
6246,74.108451694,4.254880,30,v6,88000000ffffffffffffa8dd9f4dc5b5
6247,74.113327590,4.875896,30,v6,88000000ffffffffffffa8dd9f4dc5b5
6248,74.117469166,4.141576,30,v6,88000000ffffffffffffa8dd9f4dc5b5
6249,74.122592783,5.123617,30,v6,88000000ffffffffffffa8dd9f4dc5b5
6250,74.126824634,4.231851,30,v6,88000000ffffffffffffa8dd9f4dc5b5
6251,74.131637986,4.813352,30,v6,88000000ffffffffffffa8dd9f4dc5b5
6252,74.135728474,4.090488,30,v6,88000000ffffffffffffa8dd9f4dc5b5
6253,74.140824266,5.095792,30,v6,88000000ffffffffffffa8dd9f4dc5b5
6254,74.144949943,4.125677,30,v6,88000000ffffffffffffa8dd9f4dc5b5
6255,74.148964631,4.014688,30,v6,88000000ffffffffffffa8dd9f4dc5b5
6256,74.153921273,4.956642,30,v6,88000000ffffffffffffa8dd9f4dc5b5
6257,74.157950500,4.029227,30,v6,88000000ffffffffffffa8dd9f4dc5b5
6258,74.162841655,4.891155,30,v6,88000000ffffffffffffa8dd9f4dc5b5
6259,74.167366001,4.524346,30,v6,88000000ffffffffffffa8dd9f4dc5b5
6260,74.173188512,5.822511,30,v6,88000000ffffffffffffa8dd9f4dc5b5
6261,74.177294851,4.106339,30,v6,88000000ffffffffffffa8dd9f4dc5b5
6262,74.182190060,4.895209,30,v6,88000000ffffffffffffa8dd9f4dc5b5
6263,74.186489515,4.299455,30,v6,88000000ffffffffffffa8dd9f4dc5b5
6264,74.191511939,5.022424,30,v6,88000000ffffffffffffa8dd9f4dc5b5
6265,74.195527300,4.015361,30,v6,88000000ffffffffffffa8dd9f4dc5b5
6266,74.199482054,3.954754,30,v6,88000000ffffffffffffa8dd9f4dc5b5
6267,74.204645655,5.163601,30,v6,88000000ffffffffffffa8dd9f4dc5b5
6268,74.208721223,4.075568,30,v6,88000000ffffffffffffa8dd9f4dc5b5
6269,74.212940657,4.219434,30,v6,88000000ffffffffffffa8dd9f4dc5b5
6270,74.218142412,5.201755,30,v6,88000000ffffffffffffa8dd9f4dc5b5
6271,74.223004332,4.861920,30,v6,88000000ffffffffffffa8dd9f4dc5b5
6272,74.227170574,4.166242,30,v6,88000000ffffffffffffa8dd9f4dc5b5
6273,74.232145055,4.974481,30,v6,88000000ffffffffffffa8dd9f4dc5b5
6274,74.236229543,4.084488,30,v6,88000000ffffffffffffa8dd9f4dc5b5
6275,74.240278433,4.048890,30,v6,88000000ffffffffffffa8dd9f4dc5b5
6276,74.245330645,5.052212,30,v6,88000000ffffffffffffa8dd9f4dc5b5
6277,74.249219999,3.889354,30,v6,88000000ffffffffffffa8dd9f4dc5b5
6278,74.253516068,4.296069,30,v6,88000000ffffffffffffa8dd9f4dc5b5
6279,74.258577453,5.061385,30,v6,88000000ffffffffffffa8dd9f4dc5b5
6280,74.263628864,5.051411,30,v6,88000000ffffffffffffa8dd9f4dc5b5
6281,74.267665945,4.037081,30,v6,88000000ffffffffffffa8dd9f4dc5b5
6282,74.272692718,5.026773,30,v6,88000000ffffffffffffa8dd9f4dc5b5
6283,74.276917252,4.224534,30,v6,88000000ffffffffffffa8dd9f4dc5b5
6284,74.280862781,3.945529,30,v6,88000000ffffffffffffa8dd9f4dc5b5
6285,74.285864687,5.001906,30,v6,88000000ffffffffffffa8dd9f4dc5b5
6286,74.291014409,5.149722,30,v6,88000000ffffffffffffa8dd9f4dc5b5
6287,74.296307701,5.293292,30,v6,88000000ffffffffffffa8dd9f4dc5b5
6288,74.300140910,3.833209,30,v6,88000000ffffffffffffa8dd9f4dc5b5
6289,74.305149117,5.008207,30,v6,88000000ffffffffffffa8dd9f4dc5b5
6290,74.309311232,4.162115,30,v6,88000000ffffffffffffa8dd9f4dc5b5
6291,74.314326940,5.015708,30,v6,88000000ffffffffffffa8dd9f4dc5b5
6292,74.318686900,4.359960,30,v6,88000000ffffffffffffa8dd9f4dc5b5
6293,74.323621867,4.934967,30,v6,88000000ffffffffffffa8dd9f4dc5b5
6294,74.327614943,3.993076,30,v6,88000000ffffffffffffa8dd9f4dc5b5
6295,74.332926471,5.311528,30,v6,88000000ffffffffffffa8dd9f4dc5b5
6296,74.336993895,4.067424,30,v6,88000000ffffffffffffa8dd9f4dc5b5
6297,74.341163721,4.169826,30,v6,88000000ffffffffffffa8dd9f4dc5b5
6298,74.345891324,4.727603,30,v6,88000000ffffffffffffa8dd9f4dc5b5
6299,74.350164038,4.272714,30,v6,88000000ffffffffffffa8dd9f4dc5b5
6300,74.355088702,4.924664,30,v6,88000000ffffffffffffa8dd9f4dc5b5
6301,74.359258334,4.169632,30,v6,88000000ffffffffffffa8dd9f4dc5b5
6302,74.364187711,4.929377,30,v6,88000000ffffffffffffa8dd9f4dc5b5
6303,74.368256914,4.069203,30,v6,88000000ffffffffffffa8dd9f4dc5b5
6304,74.373389341,5.132427,30,v6,88000000ffffffffffffa8dd9f4dc5b5
6305,74.377569877,4.180536,30,v6,88000000ffffffffffffa8dd9f4dc5b5
6306,74.725142812,347.572935,30,v6,88000000ffffffffffffa8dd9f4dc5b5
6307,74.730167212,5.024400,30,v6,88000000ffffffffffffa8dd9f4dc5b5
6308,74.734203773,4.036561,30,v6,88000000ffffffffffffa8dd9f4dc5b5
6309,74.738139096,3.935323,30,v6,88000000ffffffffffffa8dd9f4dc5b5
6310,74.742407446,4.268350,30,v6,88000000ffffffffffffa8dd9f4dc5b5
6311,74.747423058,5.015612,30,v6,88000000ffffffffffffa8dd9f4dc5b5
6312,74.751213907,3.790849,30,v6,88000000ffffffffffffa8dd9f4dc5b5
6313,74.755312854,4.098947,30,v6,88000000ffffffffffffa8dd9f4dc5b5
6314,74.760359760,5.046906,30,v6,88000000ffffffffffffa8dd9f4dc5b5
6315,74.764461530,4.101770,30,v6,88000000ffffffffffffa8dd9f4dc5b5
6316,74.769591217,5.129687,30,v6,88000000ffffffffffffa8dd9f4dc5b5
6317,74.773362291,3.771074,30,v6,88000000ffffffffffffa8dd9f4dc5b5
6318,74.777742561,4.380270,30,v6,88000000ffffffffffffa8dd9f4dc5b5
6319,74.782854515,5.111954,30,v6,88000000ffffffffffffa8dd9f4dc5b5
6320,74.786937786,4.083271,30,v6,88000000ffffffffffffa8dd9f4dc5b5
6321,74.791109439,4.171653,30,v6,88000000ffffffffffffa8dd9f4dc5b5
6322,74.796080747,4.971308,30,v6,88000000ffffffffffffa8dd9f4dc5b5
6323,74.800291060,4.210313,30,v6,88000000ffffffffffffa8dd9f4dc5b5
6324,74.805026759,4.735699,30,v6,88000000ffffffffffffa8dd9f4dc5b5
6325,74.809106844,4.080085,30,v6,88000000ffffffffffffa8dd9f4dc5b5
6326,74.813367404,4.260560,30,v6,88000000ffffffffffffa8dd9f4dc5b5
6327,74.818432775,5.065371,30,v6,88000000ffffffffffffa8dd9f4dc5b5
6328,74.822501825,4.069050,30,v6,88000000ffffffffffffa8dd9f4dc5b5
6329,74.826565017,4.063192,30,v6,88000000ffffffffffffa8dd9f4dc5b5
6330,74.831556100,4.991083,30,v6,88000000ffffffffffffa8dd9f4dc5b5
6331,74.837003453,5.447353,30,v6,88000000ffffffffffffa8dd9f4dc5b5
6332,74.840801000,3.797547,30,v6,88000000ffffffffffffa8dd9f4dc5b5
6333,74.845729647,4.928647,30,v6,88000000ffffffffffffa8dd9f4dc5b5
6334,74.849935010,4.205363,30,v6,88000000ffffffffffffa8dd9f4dc5b5
6335,74.853950272,4.015262,30,v6,88000000ffffffffffffa8dd9f4dc5b5
6336,74.859302095,5.351823,30,v6,88000000ffffffffffffa8dd9f4dc5b5
6337,74.863112801,3.810706,30,v6,88000000ffffffffffffa8dd9f4dc5b5
6338,74.867313972,4.201171,30,v6,88000000ffffffffffffa8dd9f4dc5b5
6339,74.872065246,4.751274,30,v6,88000000ffffffffffffa8dd9f4dc5b5
6340,74.876273115,4.207869,30,v6,88000000ffffffffffffa8dd9f4dc5b5
6341,74.881290571,5.017456,30,v6,88000000ffffffffffffa8dd9f4dc5b5
6342,74.885387961,4.097390,30,v6,88000000ffffffffffffa8dd9f4dc5b5
6343,74.889389440,4.001479,30,v6,88000000ffffffffffffa8dd9f4dc5b5
6344,74.893584433,4.194993,30,v6,88000000ffffffffffffa8dd9f4dc5b5
6345,74.898448597,4.864164,30,v6,88000000ffffffffffffa8dd9f4dc5b5
6346,74.902618853,4.170256,30,v6,88000000ffffffffffffa8dd9f4dc5b5
6347,74.907750432,5.131579,30,v6,88000000ffffffffffffa8dd9f4dc5b5
6348,74.911893018,4.142586,30,v6,88000000ffffffffffffa8dd9f4dc5b5
6349,74.916030890,4.137872,30,v6,88000000ffffffffffffa8dd9f4dc5b5
6350,74.921178074,5.147184,30,v6,88000000ffffffffffffa8dd9f4dc5b5
6351,74.924887036,3.708962,30,v6,88000000ffffffffffffa8dd9f4dc5b5
6352,74.929095050,4.208014,30,v6,88000000ffffffffffffa8dd9f4dc5b5
6353,74.933203418,4.108368,30,v6,88000000ffffffffffffa8dd9f4dc5b5
6354,74.938258453,5.055035,30,v6,88000000ffffffffffffa8dd9f4dc5b5
6355,74.942256065,3.997612,30,v6,88000000ffffffffffffa8dd9f4dc5b5
6356,74.947333999,5.077934,30,v6,88000000ffffffffffffa8dd9f4dc5b5
6357,74.952519471,5.185472,30,v6,88000000ffffffffffffa8dd9f4dc5b5
6358,74.957582281,5.062810,30,v6,88000000ffffffffffffa8dd9f4dc5b5
6359,74.961679802,4.097521,30,v6,88000000ffffffffffffa8dd9f4dc5b5
6360,74.965566093,3.886291,30,v6,88000000ffffffffffffa8dd9f4dc5b5
6361,74.970731288,5.165195,30,v6,88000000ffffffffffffa8dd9f4dc5b5
6362,74.975043552,4.312264,30,v6,88000000ffffffffffffa8dd9f4dc5b5
6363,74.978837193,3.793641,30,v6,88000000ffffffffffffa8dd9f4dc5b5
6364,74.983996697,5.159504,30,v6,88000000ffffffffffffa8dd9f4dc5b5
6365,74.988137283,4.140586,30,v6,88000000ffffffffffffa8dd9f4dc5b5
6366,74.992192570,4.055287,30,v6,88000000ffffffffffffa8dd9f4dc5b5
6367,74.997137024,4.944454,30,v6,88000000ffffffffffffa8dd9f4dc5b5
6368,75.001313746,4.176722,30,v6,88000000ffffffffffffa8dd9f4dc5b5
6369,75.005143760,3.830014,30,v6,88000000ffffffffffffa8dd9f4dc5b5
6370,75.010329856,5.186096,30,v6,88000000ffffffffffffa8dd9f4dc5b5
6371,75.014343428,4.013572,30,v6,88000000ffffffffffffa8dd9f4dc5b5
6372,75.018666682,4.323254,30,v6,88000000ffffffffffffa8dd9f4dc5b5
6373,75.023898019,5.231337,30,v6,88000000ffffffffffffa8dd9f4dc5b5
6374,75.027907579,4.009560,30,v6,88000000ffffffffffffa8dd9f4dc5b5
6375,75.031801633,3.894054,30,v6,88000000ffffffffffffa8dd9f4dc5b5
6376,75.036768443,4.966810,30,v6,88000000ffffffffffffa8dd9f4dc5b5
6377,75.040848657,4.080214,30,v6,88000000ffffffffffffa8dd9f4dc5b5
6378,75.044944708,4.096051,30,v6,88000000ffffffffffffa8dd9f4dc5b5
6379,75.050047556,5.102848,30,v6,88000000ffffffffffffa8dd9f4dc5b5
6380,75.055013319,4.965763,30,v6,88000000ffffffffffffa8dd9f4dc5b5
6381,75.059334715,4.321396,30,v6,88000000ffffffffffffa8dd9f4dc5b5
6382,75.062934583,3.599868,30,v6,88000000ffffffffffffa8dd9f4dc5b5
6383,75.068167782,5.233199,30,v6,88000000ffffffffffffa8dd9f4dc5b5
6384,75.073133965,4.966183,30,v6,88000000ffffffffffffa8dd9f4dc5b5
6385,75.077223665,4.089700,30,v6,88000000ffffffffffffa8dd9f4dc5b5
6386,75.081425866,4.202201,30,v6,88000000ffffffffffffa8dd9f4dc5b5
6387,75.086324214,4.898348,30,v6,88000000ffffffffffffa8dd9f4dc5b5
6388,75.090576430,4.252216,30,v6,88000000ffffffffffffa8dd9f4dc5b5
6389,75.095530529,4.954099,30,v6,88000000ffffffffffffa8dd9f4dc5b5
6390,75.099658874,4.128345,30,v6,88000000ffffffffffffa8dd9f4dc5b5
6391,75.103694612,4.035738,30,v6,88000000ffffffffffffa8dd9f4dc5b5
6392,75.108030757,4.336145,30,v6,88000000ffffffffffffa8dd9f4dc5b5
6393,75.112945124,4.914367,30,v6,88000000ffffffffffffa8dd9f4dc5b5
6394,75.117033352,4.088228,30,v6,88000000ffffffffffffa8dd9f4dc5b5
6395,75.122141621,5.108269,30,v6,88000000ffffffffffffa8dd9f4dc5b5
6396,75.126116246,3.974625,30,v6,88000000ffffffffffffa8dd9f4dc5b5
6397,75.131448854,5.332608,30,v6,88000000ffffffffffffa8dd9f4dc5b5
6398,75.135390188,3.941334,30,v6,88000000ffffffffffffa8dd9f4dc5b5
6399,75.139321282,3.931094,30,v6,88000000ffffffffffffa8dd9f4dc5b5
6400,75.144540863,5.219581,30,v6,88000000ffffffffffffa8dd9f4dc5b5
6401,75.148589352,4.048489,30,v6,88000000ffffffffffffa8dd9f4dc5b5
6402,75.152667406,4.078054,30,v6,88000000ffffffffffffa8dd9f4dc5b5
6403,75.156847731,4.180325,30,v6,88000000ffffffffffffa8dd9f4dc5b5
6404,75.161834330,4.986599,30,v6,88000000ffffffffffffa8dd9f4dc5b5
6405,75.165819431,3.985101,30,v6,88000000ffffffffffffa8dd9f4dc5b5
6406,75.513152543,347.333112,30,v6,88000000ffffffffffffa8dd9f4dc5b5
6407,75.517357502,4.204959,30,v6,88000000ffffffffffffa8dd9f4dc5b5
6408,75.521417530,4.060028,30,v6,88000000ffffffffffffa8dd9f4dc5b5
6409,75.526434183,5.016653,30,v6,88000000ffffffffffffa8dd9f4dc5b5
6410,75.531594830,5.160647,30,v6,88000000ffffffffffffa8dd9f4dc5b5
6411,75.535685194,4.090364,30,v6,88000000ffffffffffffa8dd9f4dc5b5
6412,75.540952579,5.267385,30,v6,88000000ffffffffffffa8dd9f4dc5b5
6413,75.543987369,3.034790,30,v6,88000000ffffffffffffa8dd9f4dc5b5
6414,75.548650991,4.663622,30,v6,88000000ffffffffffffa8dd9f4dc5b5
6415,75.552994437,4.343446,30,v6,88000000ffffffffffffa8dd9f4dc5b5
6416,75.558004063,5.009626,30,v6,88000000ffffffffffffa8dd9f4dc5b5
6417,75.562319720,4.315657,30,v6,88000000ffffffffffffa8dd9f4dc5b5
6418,75.566124249,3.804529,30,v6,88000000ffffffffffffa8dd9f4dc5b5
6419,75.570303923,4.179674,30,v6,88000000ffffffffffffa8dd9f4dc5b5
6420,75.574296227,3.992304,30,v6,88000000ffffffffffffa8dd9f4dc5b5
6421,75.579277174,4.980947,30,v6,88000000ffffffffffffa8dd9f4dc5b5
6422,75.583219416,3.942242,30,v6,88000000ffffffffffffa8dd9f4dc5b5
6423,75.587401765,4.182349,30,v6,88000000ffffffffffffa8dd9f4dc5b5
6424,75.591591599,4.189834,30,v6,88000000ffffffffffffa8dd9f4dc5b5
6425,75.595868451,4.276852,30,v6,88000000ffffffffffffa8dd9f4dc5b5
6426,75.600704750,4.836299,30,v6,88000000ffffffffffffa8dd9f4dc5b5
6427,75.604859491,4.154741,30,v6,88000000ffffffffffffa8dd9f4dc5b5
6428,75.609903377,5.043886,30,v6,88000000ffffffffffffa8dd9f4dc5b5
6429,75.613883912,3.980535,30,v6,88000000ffffffffffffa8dd9f4dc5b5
6430,75.618052080,4.168168,30,v6,88000000ffffffffffffa8dd9f4dc5b5
6431,75.621928961,3.876881,30,v6,88000000ffffffffffffa8dd9f4dc5b5
6432,75.627484264,5.555303,30,v6,88000000ffffffffffffa8dd9f4dc5b5
6433,75.630959436,3.475172,30,v6,88000000ffffffffffffa8dd9f4dc5b5
6434,75.635168567,4.209131,30,v6,88000000ffffffffffffa8dd9f4dc5b5
6435,75.639107555,3.938988,30,v6,88000000ffffffffffffa8dd9f4dc5b5
6436,75.645436854,6.329299,30,v6,88000000ffffffffffffa8dd9f4dc5b5
6437,75.649454977,4.018123,30,v6,88000000ffffffffffffa8dd9f4dc5b5
6438,75.653620039,4.165062,30,v6,88000000ffffffffffffa8dd9f4dc5b5
6439,75.657537419,3.917380,30,v6,88000000ffffffffffffa8dd9f4dc5b5
6440,75.662703706,5.166287,30,v6,88000000ffffffffffffa8dd9f4dc5b5
6441,75.666784974,4.081268,30,v6,88000000ffffffffffffa8dd9f4dc5b5
6442,75.670803098,4.018124,30,v6,88000000ffffffffffffa8dd9f4dc5b5
6443,75.674818086,4.014988,30,v6,88000000ffffffffffffa8dd9f4dc5b5
6444,75.678871943,4.053857,30,v6,88000000ffffffffffffa8dd9f4dc5b5
6445,75.683195973,4.324030,30,v6,88000000ffffffffffffa8dd9f4dc5b5
6446,75.687969418,4.773445,30,v6,88000000ffffffffffffa8dd9f4dc5b5
6447,75.692202379,4.232961,30,v6,88000000ffffffffffffa8dd9f4dc5b5
6448,75.696319224,4.116845,30,v6,88000000ffffffffffffa8dd9f4dc5b5
6449,75.701188885,4.869661,30,v6,88000000ffffffffffffa8dd9f4dc5b5
6450,75.705480546,4.291661,30,v6,88000000ffffffffffffa8dd9f4dc5b5
6451,75.709338433,3.857887,30,v6,88000000ffffffffffffa8dd9f4dc5b5
6452,75.713568130,4.229697,30,v6,88000000ffffffffffffa8dd9f4dc5b5
6453,75.718739089,5.170959,30,v6,88000000ffffffffffffa8dd9f4dc5b5
6454,75.722656414,3.917325,30,v6,88000000ffffffffffffa8dd9f4dc5b5
6455,75.726931327,4.274913,30,v6,88000000ffffffffffffa8dd9f4dc5b5
6456,75.731945461,5.014134,30,v6,88000000ffffffffffffa8dd9f4dc5b5
6457,75.735819256,3.873795,30,v6,88000000ffffffffffffa8dd9f4dc5b5
6458,75.739876578,4.057322,30,v6,88000000ffffffffffffa8dd9f4dc5b5
6459,75.744787646,4.911068,30,v6,88000000ffffffffffffa8dd9f4dc5b5
6460,75.749862471,5.074825,30,v6,88000000ffffffffffffa8dd9f4dc5b5
6461,75.753827550,3.965079,30,v6,88000000ffffffffffffa8dd9f4dc5b5
6462,75.758010700,4.183150,30,v6,88000000ffffffffffffa8dd9f4dc5b5
6463,75.763130074,5.119374,30,v6,88000000ffffffffffffa8dd9f4dc5b5
6464,75.767028677,3.898603,30,v6,88000000ffffffffffffa8dd9f4dc5b5
6465,75.772280128,5.251451,30,v6,88000000ffffffffffffa8dd9f4dc5b5
6466,75.776381247,4.101119,30,v6,88000000ffffffffffffa8dd9f4dc5b5
6467,75.780464799,4.083552,30,v6,88000000ffffffffffffa8dd9f4dc5b5
6468,75.785848477,5.383678,30,v6,88000000ffffffffffffa8dd9f4dc5b5
6469,75.789676845,3.828368,30,v6,88000000ffffffffffffa8dd9f4dc5b5
6470,75.793721948,4.045103,30,v6,88000000ffffffffffffa8dd9f4dc5b5
6471,75.798955196,5.233248,30,v6,88000000ffffffffffffa8dd9f4dc5b5
6472,75.801951065,2.995869,30,v6,88000000ffffffffffffa8dd9f4dc5b5
6473,75.807229564,5.278499,30,v6,88000000ffffffffffffa8dd9f4dc5b5
6474,75.811098864,3.869300,30,v6,88000000ffffffffffffa8dd9f4dc5b5
6475,75.816066374,4.967510,30,v6,88000000ffffffffffffa8dd9f4dc5b5
6476,75.820225186,4.158812,30,v6,88000000ffffffffffffa8dd9f4dc5b5
6477,75.824279432,4.054246,30,v6,88000000ffffffffffffa8dd9f4dc5b5
6478,75.828190664,3.911232,30,v6,88000000ffffffffffffa8dd9f4dc5b5
6479,75.832160093,3.969429,30,v6,88000000ffffffffffffa8dd9f4dc5b5
6480,75.836379637,4.219544,30,v6,88000000ffffffffffffa8dd9f4dc5b5
6481,75.841517437,5.137800,30,v6,88000000ffffffffffffa8dd9f4dc5b5
6482,75.845611313,4.093876,30,v6,88000000ffffffffffffa8dd9f4dc5b5
6483,75.850551167,4.939854,30,v6,88000000ffffffffffffa8dd9f4dc5b5
6484,75.854675715,4.124548,30,v6,88000000ffffffffffffa8dd9f4dc5b5
6485,75.858861476,4.185761,30,v6,88000000ffffffffffffa8dd9f4dc5b5
6486,75.863041071,4.179595,30,v6,88000000ffffffffffffa8dd9f4dc5b5
6487,75.868069046,5.027975,30,v6,88000000ffffffffffffa8dd9f4dc5b5
6488,75.872137363,4.068317,30,v6,88000000ffffffffffffa8dd9f4dc5b5
6489,75.875896272,3.758909,30,v6,88000000ffffffffffffa8dd9f4dc5b5
6490,75.880981355,5.085083,30,v6,88000000ffffffffffffa8dd9f4dc5b5
6491,75.885053087,4.071732,30,v6,88000000ffffffffffffa8dd9f4dc5b5
6492,75.890189009,5.135922,30,v6,88000000ffffffffffffa8dd9f4dc5b5
6493,75.894307331,4.118322,30,v6,88000000ffffffffffffa8dd9f4dc5b5
6494,75.898477559,4.170228,30,v6,88000000ffffffffffffa8dd9f4dc5b5
6495,75.902413356,3.935797,30,v6,88000000ffffffffffffa8dd9f4dc5b5
6496,75.907580706,5.167350,30,v6,88000000ffffffffffffa8dd9f4dc5b5
6497,75.911895853,4.315147,30,v6,88000000ffffffffffffa8dd9f4dc5b5
6498,75.915542134,3.646281,30,v6,88000000ffffffffffffa8dd9f4dc5b5
6499,75.920003702,4.461568,30,v6,88000000ffffffffffffa8dd9f4dc5b5
6500,75.924832417,4.828715,30,v6,88000000ffffffffffffa8dd9f4dc5b5
6501,75.928868291,4.035874,30,v6,88000000ffffffffffffa8dd9f4dc5b5
6502,75.932975568,4.107277,30,v6,88000000ffffffffffffa8dd9f4dc5b5
6503,75.937031999,4.056431,30,v6,88000000ffffffffffffa8dd9f4dc5b5
6504,75.941066489,4.034490,30,v6,88000000ffffffffffffa8dd9f4dc5b5
6505,75.946354464,5.287975,30,v6,88000000ffffffffffffa8dd9f4dc5b5
6506,76.292599178,346.244714,30,v6,88000000ffffffffffffa8dd9f4dc5b5
6507,76.297846566,5.247388,30,v6,88000000ffffffffffffa8dd9f4dc5b5
6508,76.301650844,3.804278,30,v6,88000000ffffffffffffa8dd9f4dc5b5
6509,76.305888771,4.237927,30,v6,88000000ffffffffffffa8dd9f4dc5b5
6510,76.309859826,3.971055,30,v6,88000000ffffffffffffa8dd9f4dc5b5
6511,76.319143721,9.283895,30,v6,88000000ffffffffffffa8dd9f4dc5b5
6512,76.323185067,4.041346,30,v6,88000000ffffffffffffa8dd9f4dc5b5
6513,76.327081242,3.896175,30,v6,88000000ffffffffffffa8dd9f4dc5b5
6514,76.331103043,4.021801,30,v6,88000000ffffffffffffa8dd9f4dc5b5
6515,76.335283558,4.180515,30,v6,88000000ffffffffffffa8dd9f4dc5b5
6516,76.340323000,5.039442,30,v6,88000000ffffffffffffa8dd9f4dc5b5
6517,76.344362014,4.039014,30,v6,88000000ffffffffffffa8dd9f4dc5b5
6518,76.348503926,4.141912,30,v6,88000000ffffffffffffa8dd9f4dc5b5
6519,76.352510559,4.006633,30,v6,88000000ffffffffffffa8dd9f4dc5b5
6520,76.356719548,4.208989,30,v6,88000000ffffffffffffa8dd9f4dc5b5
6521,76.360674658,3.955110,30,v6,88000000ffffffffffffa8dd9f4dc5b5
6522,76.365679919,5.005261,30,v6,88000000ffffffffffffa8dd9f4dc5b5
6523,76.369637397,3.957478,30,v6,88000000ffffffffffffa8dd9f4dc5b5
6524,76.374037577,4.400180,30,v6,88000000ffffffffffffa8dd9f4dc5b5
6525,76.377967009,3.929432,30,v6,88000000ffffffffffffa8dd9f4dc5b5
6526,76.383046388,5.079379,30,v6,88000000ffffffffffffa8dd9f4dc5b5
6527,76.388022803,4.976415,30,v6,88000000ffffffffffffa8dd9f4dc5b5
6528,76.392005401,3.982598,30,v6,88000000ffffffffffffa8dd9f4dc5b5
6529,76.396220236,4.214835,30,v6,88000000ffffffffffffa8dd9f4dc5b5
6530,76.400331992,4.111756,30,v6,88000000ffffffffffffa8dd9f4dc5b5
6531,76.404218512,3.886520,30,v6,88000000ffffffffffffa8dd9f4dc5b5
6532,76.408364445,4.145933,30,v6,88000000ffffffffffffa8dd9f4dc5b5
6533,76.412523007,4.158562,30,v6,88000000ffffffffffffa8dd9f4dc5b5
6534,76.416642683,4.119676,30,v6,88000000ffffffffffffa8dd9f4dc5b5
6535,76.421649344,5.006661,30,v6,88000000ffffffffffffa8dd9f4dc5b5
6536,76.425759944,4.110600,30,v6,88000000ffffffffffffa8dd9f4dc5b5
6537,76.429793999,4.034055,30,v6,88000000ffffffffffffa8dd9f4dc5b5
6538,76.433721121,3.927122,30,v6,88000000ffffffffffffa8dd9f4dc5b5
6539,76.437830884,4.109763,30,v6,88000000ffffffffffffa8dd9f4dc5b5
6540,76.442934168,5.103284,30,v6,88000000ffffffffffffa8dd9f4dc5b5
6541,76.446035917,3.101749,30,v6,88000000ffffffffffffa8dd9f4dc5b5
6542,76.451115411,5.079494,30,v6,88000000ffffffffffffa8dd9f4dc5b5
6543,76.455020097,3.904686,30,v6,88000000ffffffffffffa8dd9f4dc5b5
6544,76.459178044,4.157947,30,v6,88000000ffffffffffffa8dd9f4dc5b5
6545,76.463185192,4.007148,30,v6,88000000ffffffffffffa8dd9f4dc5b5
6546,76.467223192,4.038000,30,v6,88000000ffffffffffffa8dd9f4dc5b5
6547,76.472369976,5.146784,30,v6,88000000ffffffffffffa8dd9f4dc5b5
6548,76.475531243,3.161267,30,v6,88000000ffffffffffffa8dd9f4dc5b5
6549,76.480794089,5.262846,30,v6,88000000ffffffffffffa8dd9f4dc5b5
6550,76.484444945,3.650856,30,v6,88000000ffffffffffffa8dd9f4dc5b5
6551,76.488531799,4.086854,30,v6,88000000ffffffffffffa8dd9f4dc5b5
6552,76.492682266,4.150467,30,v6,88000000ffffffffffffa8dd9f4dc5b5
6553,76.496886310,4.204044,30,v6,88000000ffffffffffffa8dd9f4dc5b5
6554,76.501812182,4.925872,30,v6,88000000ffffffffffffa8dd9f4dc5b5
6555,76.505812451,4.000269,30,v6,88000000ffffffffffffa8dd9f4dc5b5
6556,76.509888103,4.075652,30,v6,88000000ffffffffffffa8dd9f4dc5b5
6557,76.515194417,5.306314,30,v6,88000000ffffffffffffa8dd9f4dc5b5
6558,76.519109969,3.915552,30,v6,88000000ffffffffffffa8dd9f4dc5b5
6559,76.523260987,4.151018,30,v6,88000000ffffffffffffa8dd9f4dc5b5
6560,76.528188808,4.927821,30,v6,88000000ffffffffffffa8dd9f4dc5b5
6561,76.531215545,3.026737,30,v6,88000000ffffffffffffa8dd9f4dc5b5
6562,76.536272052,5.056507,30,v6,88000000ffffffffffffa8dd9f4dc5b5
6563,76.540586454,4.314402,30,v6,88000000ffffffffffffa8dd9f4dc5b5
6564,76.544739288,4.152834,30,v6,88000000ffffffffffffa8dd9f4dc5b5
6565,76.548532114,3.792826,30,v6,88000000ffffffffffffa8dd9f4dc5b5
6566,76.552754280,4.222166,30,v6,88000000ffffffffffffa8dd9f4dc5b5
6567,76.556758754,4.004474,30,v6,88000000ffffffffffffa8dd9f4dc5b5
6568,76.561627373,4.868619,30,v6,88000000ffffffffffffa8dd9f4dc5b5
6569,76.565680333,4.052960,30,v6,88000000ffffffffffffa8dd9f4dc5b5
6570,76.569727304,4.046971,30,v6,88000000ffffffffffffa8dd9f4dc5b5
6571,76.573969379,4.242075,30,v6,88000000ffffffffffffa8dd9f4dc5b5
6572,76.578121637,4.152258,30,v6,88000000ffffffffffffa8dd9f4dc5b5
6573,76.583046899,4.925262,30,v6,88000000ffffffffffffa8dd9f4dc5b5
6574,76.586244104,3.197205,30,v6,88000000ffffffffffffa8dd9f4dc5b5
6575,76.591477980,5.233876,30,v6,88000000ffffffffffffa8dd9f4dc5b5
6576,76.595129361,3.651381,30,v6,88000000ffffffffffffa8dd9f4dc5b5
6577,76.599334871,4.205510,30,v6,88000000ffffffffffffa8dd9f4dc5b5
6578,76.603395093,4.060222,30,v6,88000000ffffffffffffa8dd9f4dc5b5
6579,76.608494837,5.099744,30,v6,88000000ffffffffffffa8dd9f4dc5b5
6580,76.612441876,3.947039,30,v6,88000000ffffffffffffa8dd9f4dc5b5
6581,76.615701121,3.259245,30,v6,88000000ffffffffffffa8dd9f4dc5b5
6582,76.620624036,4.922915,30,v6,88000000ffffffffffffa8dd9f4dc5b5
6583,76.624764417,4.140381,30,v6,88000000ffffffffffffa8dd9f4dc5b5
6584,76.628893364,4.128947,30,v6,88000000ffffffffffffa8dd9f4dc5b5
6585,76.633886659,4.993295,30,v6,88000000ffffffffffffa8dd9f4dc5b5
6586,76.637013173,3.126514,30,v6,88000000ffffffffffffa8dd9f4dc5b5
6587,76.642033372,5.020199,30,v6,88000000ffffffffffffa8dd9f4dc5b5
6588,76.646979728,4.946356,30,v6,88000000ffffffffffffa8dd9f4dc5b5
6589,76.651133070,4.153342,30,v6,88000000ffffffffffffa8dd9f4dc5b5
6590,76.655178965,4.045895,30,v6,88000000ffffffffffffa8dd9f4dc5b5
6591,76.659331968,4.153003,30,v6,88000000ffffffffffffa8dd9f4dc5b5
6592,76.664500948,5.168980,30,v6,88000000ffffffffffffa8dd9f4dc5b5
6593,76.668480534,3.979586,30,v6,88000000ffffffffffffa8dd9f4dc5b5
6594,76.672743225,4.262691,30,v6,88000000ffffffffffffa8dd9f4dc5b5
6595,76.676549358,3.806133,30,v6,88000000ffffffffffffa8dd9f4dc5b5
6596,76.680722756,4.173398,30,v6,88000000ffffffffffffa8dd9f4dc5b5
6597,76.685975691,5.252935,30,v6,88000000ffffffffffffa8dd9f4dc5b5
6598,76.690080794,4.105103,30,v6,88000000ffffffffffffa8dd9f4dc5b5
6599,76.693964421,3.883627,30,v6,88000000ffffffffffffa8dd9f4dc5b5
6600,76.698203730,4.239309,30,v6,88000000ffffffffffffa8dd9f4dc5b5
6601,76.703411306,5.207576,30,v6,88000000ffffffffffffa8dd9f4dc5b5
6602,76.706962458,3.551152,30,v6,88000000ffffffffffffa8dd9f4dc5b5
6603,76.711259177,4.296719,30,v6,88000000ffffffffffffa8dd9f4dc5b5
6604,76.715156736,3.897559,30,v6,88000000ffffffffffffa8dd9f4dc5b5
6605,77.045567494,330.410758,30,v6,88000000ffffffffffffa8dd9f4dc5b5
6606,77.050778272,5.210778,30,v6,88000000ffffffffffffa8dd9f4dc5b5
6607,77.054542210,3.763938,30,v6,88000000ffffffffffffa8dd9f4dc5b5
6608,77.058706953,4.164743,30,v6,88000000ffffffffffffa8dd9f4dc5b5
6609,77.062654457,3.947504,30,v6,88000000ffffffffffffa8dd9f4dc5b5
6610,77.066737083,4.082626,30,v6,88000000ffffffffffffa8dd9f4dc5b5
6611,77.070783173,4.046090,30,v6,88000000ffffffffffffa8dd9f4dc5b5
6612,77.074934471,4.151298,30,v6,88000000ffffffffffffa8dd9f4dc5b5
6613,77.079035452,4.100981,30,v6,88000000ffffffffffffa8dd9f4dc5b5
6614,77.083030613,3.995161,30,v6,88000000ffffffffffffa8dd9f4dc5b5
6615,77.087017378,3.986765,30,v6,88000000ffffffffffffa8dd9f4dc5b5
6616,77.091212745,4.195367,30,v6,88000000ffffffffffffa8dd9f4dc5b5
6617,77.095114575,3.901830,30,v6,88000000ffffffffffffa8dd9f4dc5b5
6618,77.099170897,4.056322,30,v6,88000000ffffffffffffa8dd9f4dc5b5
6619,77.103367283,4.196386,30,v6,88000000ffffffffffffa8dd9f4dc5b5
6620,77.107397767,4.030484,30,v6,88000000ffffffffffffa8dd9f4dc5b5
6621,77.111444294,4.046527,30,v6,88000000ffffffffffffa8dd9f4dc5b5
6622,77.115390382,3.946088,30,v6,88000000ffffffffffffa8dd9f4dc5b5
6623,77.120523933,5.133551,30,v6,88000000ffffffffffffa8dd9f4dc5b5
6624,77.123742534,3.218601,30,v6,88000000ffffffffffffa8dd9f4dc5b5
6625,77.128885160,5.142626,30,v6,88000000ffffffffffffa8dd9f4dc5b5
6626,77.131807952,2.922792,30,v6,88000000ffffffffffffa8dd9f4dc5b5
6627,77.135876172,4.068220,30,v6,88000000ffffffffffffa8dd9f4dc5b5
6628,77.140872268,4.996096,30,v6,88000000ffffffffffffa8dd9f4dc5b5
6629,77.144922978,4.050710,30,v6,88000000ffffffffffffa8dd9f4dc5b5
6630,77.149240121,4.317143,30,v6,88000000ffffffffffffa8dd9f4dc5b5
6631,77.153270025,4.029904,30,v6,88000000ffffffffffffa8dd9f4dc5b5
6632,77.157051996,3.781971,30,v6,88000000ffffffffffffa8dd9f4dc5b5
6633,77.161272908,4.220912,30,v6,88000000ffffffffffffa8dd9f4dc5b5
6634,77.165251866,3.978958,30,v6,88000000ffffffffffffa8dd9f4dc5b5
6635,77.169359885,4.108019,30,v6,88000000ffffffffffffa8dd9f4dc5b5
6636,77.173426653,4.066768,30,v6,88000000ffffffffffffa8dd9f4dc5b5
6637,77.177421569,3.994916,30,v6,88000000ffffffffffffa8dd9f4dc5b5
6638,77.182734816,5.313247,30,v6,88000000ffffffffffffa8dd9f4dc5b5
6639,77.187620427,4.885611,30,v6,88000000ffffffffffffa8dd9f4dc5b5
6640,77.190662115,3.041688,30,v6,88000000ffffffffffffa8dd9f4dc5b5
6641,77.194620158,3.958043,30,v6,88000000ffffffffffffa8dd9f4dc5b5
6642,77.199749670,5.129512,30,v6,88000000ffffffffffffa8dd9f4dc5b5
6643,77.203880967,4.131297,30,v6,88000000ffffffffffffa8dd9f4dc5b5
6644,77.208162801,4.281834,30,v6,88000000ffffffffffffa8dd9f4dc5b5
6645,77.212038302,3.875501,30,v6,88000000ffffffffffffa8dd9f4dc5b5
6646,77.216138303,4.100001,30,v6,88000000ffffffffffffa8dd9f4dc5b5
6647,77.220240695,4.102392,30,v6,88000000ffffffffffffa8dd9f4dc5b5
6648,77.224194857,3.954162,30,v6,88000000ffffffffffffa8dd9f4dc5b5
6649,77.228351344,4.156487,30,v6,88000000ffffffffffffa8dd9f4dc5b5
6650,77.232532097,4.180753,30,v6,88000000ffffffffffffa8dd9f4dc5b5
6651,77.236428342,3.896245,30,v6,88000000ffffffffffffa8dd9f4dc5b5
6652,77.240483968,4.055626,30,v6,88000000ffffffffffffa8dd9f4dc5b5
6653,77.244642889,4.158921,30,v6,88000000ffffffffffffa8dd9f4dc5b5
6654,77.248518930,3.876041,30,v6,88000000ffffffffffffa8dd9f4dc5b5
6655,77.252785166,4.266236,30,v6,88000000ffffffffffffa8dd9f4dc5b5
6656,77.256815074,4.029908,30,v6,88000000ffffffffffffa8dd9f4dc5b5
6657,77.261765382,4.950308,30,v6,88000000ffffffffffffa8dd9f4dc5b5
6658,77.265853239,4.087857,30,v6,88000000ffffffffffffa8dd9f4dc5b5
6659,77.269798015,3.944776,30,v6,88000000ffffffffffffa8dd9f4dc5b5
6660,77.273944578,4.146563,30,v6,88000000ffffffffffffa8dd9f4dc5b5
6661,77.278065542,4.120964,30,v6,88000000ffffffffffffa8dd9f4dc5b5
6662,77.282049766,3.984224,30,v6,88000000ffffffffffffa8dd9f4dc5b5
6663,77.287221570,5.171804,30,v6,88000000ffffffffffffa8dd9f4dc5b5
6664,77.291122174,3.900604,30,v6,88000000ffffffffffffa8dd9f4dc5b5
6665,77.295331166,4.208992,30,v6,88000000ffffffffffffa8dd9f4dc5b5
6666,77.299466658,4.135492,30,v6,88000000ffffffffffffa8dd9f4dc5b5
6667,77.303493396,4.026738,30,v6,88000000ffffffffffffa8dd9f4dc5b5
6668,77.307633184,4.139788,30,v6,88000000ffffffffffffa8dd9f4dc5b5
6669,77.311648317,4.015133,30,v6,88000000ffffffffffffa8dd9f4dc5b5
6670,77.315544164,3.895847,30,v6,88000000ffffffffffffa8dd9f4dc5b5
6671,77.319695237,4.151073,30,v6,88000000ffffffffffffa8dd9f4dc5b5
6672,77.324828203,5.132966,30,v6,88000000ffffffffffffa8dd9f4dc5b5
6673,77.329066455,4.238252,30,v6,88000000ffffffffffffa8dd9f4dc5b5
6674,77.333296674,4.230219,30,v6,88000000ffffffffffffa8dd9f4dc5b5
6675,77.337002622,3.705948,30,v6,88000000ffffffffffffa8dd9f4dc5b5
6676,77.341547216,4.544594,30,v6,88000000ffffffffffffa8dd9f4dc5b5
6677,77.345294652,3.747436,30,v6,88000000ffffffffffffa8dd9f4dc5b5
6678,77.349175156,3.880504,30,v6,88000000ffffffffffffa8dd9f4dc5b5
6679,77.353271454,4.096298,30,v6,88000000ffffffffffffa8dd9f4dc5b5
6680,77.357219986,3.948532,30,v6,88000000ffffffffffffa8dd9f4dc5b5
6681,77.361395130,4.175144,30,v6,88000000ffffffffffffa8dd9f4dc5b5
6682,77.365306290,3.911160,30,v6,88000000ffffffffffffa8dd9f4dc5b5
6683,77.373647625,8.341335,30,v6,88000000ffffffffffffa8dd9f4dc5b5
6684,77.377808828,4.161203,30,v6,88000000ffffffffffffa8dd9f4dc5b5
6685,77.381845201,4.036373,30,v6,88000000ffffffffffffa8dd9f4dc5b5
6686,77.385850106,4.004905,30,v6,88000000ffffffffffffa8dd9f4dc5b5
6687,77.390882379,5.032273,30,v6,88000000ffffffffffffa8dd9f4dc5b5
6688,77.395994112,5.111733,30,v6,88000000ffffffffffffa8dd9f4dc5b5
6689,77.399922301,3.928189,30,v6,88000000ffffffffffffa8dd9f4dc5b5
6690,77.403067700,3.145399,30,v6,88000000ffffffffffffa8dd9f4dc5b5
6691,77.407070054,4.002354,30,v6,88000000ffffffffffffa8dd9f4dc5b5
6692,77.412142490,5.072436,30,v6,88000000ffffffffffffa8dd9f4dc5b5
6693,77.416159142,4.016652,30,v6,88000000ffffffffffffa8dd9f4dc5b5
6694,77.420205393,4.046251,30,v6,88000000ffffffffffffa8dd9f4dc5b5
6695,77.424354212,4.148819,30,v6,88000000ffffffffffffa8dd9f4dc5b5
6696,77.428438019,4.083807,30,v6,88000000ffffffffffffa8dd9f4dc5b5
6697,77.432743017,4.304998,30,v6,88000000ffffffffffffa8dd9f4dc5b5
6698,77.436478828,3.735811,30,v6,88000000ffffffffffffa8dd9f4dc5b5
6699,77.440448388,3.969560,30,v6,88000000ffffffffffffa8dd9f4dc5b5
6700,77.444674291,4.225903,30,v6,88000000ffffffffffffa8dd9f4dc5b5
6701,77.448754684,4.080393,30,v6,88000000ffffffffffffa8dd9f4dc5b5
6702,77.452786017,4.031333,30,v6,88000000ffffffffffffa8dd9f4dc5b5
6703,77.456924292,4.138275,30,v6,88000000ffffffffffffa8dd9f4dc5b5
6704,77.796034232,339.109940,30,v6,88000000ffffffffffffa8dd9f4dc5b5
6705,77.800265699,4.231467,30,v6,88000000ffffffffffffa8dd9f4dc5b5
6706,77.804332992,4.067293,30,v6,88000000ffffffffffffa8dd9f4dc5b5
6707,77.808555940,4.222948,30,v6,88000000ffffffffffffa8dd9f4dc5b5
6708,77.812800177,4.244237,30,v6,88000000ffffffffffffa8dd9f4dc5b5
6709,77.817026881,4.226704,30,v6,88000000ffffffffffffa8dd9f4dc5b5
6710,77.820598416,3.571535,30,v6,88000000ffffffffffffa8dd9f4dc5b5
6711,77.824907834,4.309418,30,v6,88000000ffffffffffffa8dd9f4dc5b5
6712,77.827690621,2.782787,30,v6,88000000ffffffffffffa8dd9f4dc5b5
6713,77.832919287,5.228666,30,v6,88000000ffffffffffffa8dd9f4dc5b5
6714,77.837034468,4.115181,30,v6,88000000ffffffffffffa8dd9f4dc5b5
6715,77.841067158,4.032690,30,v6,88000000ffffffffffffa8dd9f4dc5b5
6716,77.844977179,3.910021,30,v6,88000000ffffffffffffa8dd9f4dc5b5
6717,77.848344979,3.367800,30,v6,88000000ffffffffffffa8dd9f4dc5b5
6718,77.852320654,3.975675,30,v6,88000000ffffffffffffa8dd9f4dc5b5
6719,77.857237261,4.916607,30,v6,88000000ffffffffffffa8dd9f4dc5b5
6720,77.862363545,5.126284,30,v6,88000000ffffffffffffa8dd9f4dc5b5
6721,77.865352105,2.988560,30,v6,88000000ffffffffffffa8dd9f4dc5b5
6722,77.870413271,5.061166,30,v6,88000000ffffffffffffa8dd9f4dc5b5
6723,77.873580629,3.167358,30,v6,88000000ffffffffffffa8dd9f4dc5b5
6724,77.877542872,3.962243,30,v6,88000000ffffffffffffa8dd9f4dc5b5
6725,77.881655485,4.112613,30,v6,88000000ffffffffffffa8dd9f4dc5b5
6726,77.885628357,3.972872,30,v6,88000000ffffffffffffa8dd9f4dc5b5
6727,77.889949577,4.321220,30,v6,88000000ffffffffffffa8dd9f4dc5b5
6728,77.893834184,3.884607,30,v6,88000000ffffffffffffa8dd9f4dc5b5
6729,77.897853618,4.019434,30,v6,88000000ffffffffffffa8dd9f4dc5b5
6730,77.901949724,4.096106,30,v6,88000000ffffffffffffa8dd9f4dc5b5
6731,77.906035641,4.085917,30,v6,88000000ffffffffffffa8dd9f4dc5b5
6732,77.910174725,4.139084,30,v6,88000000ffffffffffffa8dd9f4dc5b5
6733,77.914170145,3.995420,30,v6,88000000ffffffffffffa8dd9f4dc5b5
6734,77.918245433,4.075288,30,v6,88000000ffffffffffffa8dd9f4dc5b5
6735,77.922300243,4.054810,30,v6,88000000ffffffffffffa8dd9f4dc5b5
6736,77.926251669,3.951426,30,v6,88000000ffffffffffffa8dd9f4dc5b5
6737,77.930364249,4.112580,30,v6,88000000ffffffffffffa8dd9f4dc5b5
6738,77.934585360,4.221111,30,v6,88000000ffffffffffffa8dd9f4dc5b5
6739,77.938473129,3.887769,30,v6,88000000ffffffffffffa8dd9f4dc5b5
6740,77.941428228,2.955099,30,v6,88000000ffffffffffffa8dd9f4dc5b5
6741,77.946668660,5.240432,30,v6,88000000ffffffffffffa8dd9f4dc5b5
6742,77.950778820,4.110160,30,v6,88000000ffffffffffffa8dd9f4dc5b5
6743,77.954641819,3.862999,30,v6,88000000ffffffffffffa8dd9f4dc5b5
6744,77.957670315,3.028496,30,v6,88000000ffffffffffffa8dd9f4dc5b5
6745,77.961827706,4.157391,30,v6,88000000ffffffffffffa8dd9f4dc5b5
6746,77.966009401,4.181695,30,v6,88000000ffffffffffffa8dd9f4dc5b5
6747,77.970246787,4.237386,30,v6,88000000ffffffffffffa8dd9f4dc5b5
6748,77.974275895,4.029108,30,v6,88000000ffffffffffffa8dd9f4dc5b5
6749,77.978157963,3.882068,30,v6,88000000ffffffffffffa8dd9f4dc5b5
6750,77.982145954,3.987991,30,v6,88000000ffffffffffffa8dd9f4dc5b5
6751,77.986143821,3.997867,30,v6,88000000ffffffffffffa8dd9f4dc5b5
6752,77.990427527,4.283706,30,v6,88000000ffffffffffffa8dd9f4dc5b5
6753,77.994263538,3.836011,30,v6,88000000ffffffffffffa8dd9f4dc5b5
6754,77.998377490,4.113952,30,v6,88000000ffffffffffffa8dd9f4dc5b5
6755,78.003639660,5.262170,30,v6,88000000ffffffffffffa8dd9f4dc5b5
6756,78.007480806,3.841146,30,v6,88000000ffffffffffffa8dd9f4dc5b5
6757,78.011479017,3.998211,30,v6,88000000ffffffffffffa8dd9f4dc5b5
6758,78.015964885,4.485868,30,v6,88000000ffffffffffffa8dd9f4dc5b5
6759,78.019937035,3.972150,30,v6,88000000ffffffffffffa8dd9f4dc5b5
6760,78.023907042,3.970007,30,v6,88000000ffffffffffffa8dd9f4dc5b5
6761,78.027988953,4.081911,30,v6,88000000ffffffffffffa8dd9f4dc5b5
6762,78.032130197,4.141244,30,v6,88000000ffffffffffffa8dd9f4dc5b5
6763,78.035973388,3.843191,30,v6,88000000ffffffffffffa8dd9f4dc5b5
6764,78.040022054,4.048666,30,v6,88000000ffffffffffffa8dd9f4dc5b5
6765,78.044120128,4.098074,30,v6,88000000ffffffffffffa8dd9f4dc5b5
6766,78.048171534,4.051406,30,v6,88000000ffffffffffffa8dd9f4dc5b5
6767,78.052191697,4.020163,30,v6,88000000ffffffffffffa8dd9f4dc5b5
6768,78.056137030,3.945333,30,v6,88000000ffffffffffffa8dd9f4dc5b5
6769,78.060387323,4.250293,30,v6,88000000ffffffffffffa8dd9f4dc5b5
6770,78.064641265,4.253942,30,v6,88000000ffffffffffffa8dd9f4dc5b5
6771,78.068456556,3.815291,30,v6,88000000ffffffffffffa8dd9f4dc5b5
6772,78.071567232,3.110676,30,v6,88000000ffffffffffffa8dd9f4dc5b5
6773,78.075611581,4.044349,30,v6,88000000ffffffffffffa8dd9f4dc5b5
6774,78.079775881,4.164300,30,v6,88000000ffffffffffffa8dd9f4dc5b5
6775,78.084816344,5.040463,30,v6,88000000ffffffffffffa8dd9f4dc5b5
6776,78.088065110,3.248766,30,v6,88000000ffffffffffffa8dd9f4dc5b5
6777,78.092917788,4.852678,30,v6,88000000ffffffffffffa8dd9f4dc5b5
6778,78.096997205,4.079417,30,v6,88000000ffffffffffffa8dd9f4dc5b5
6779,78.100078190,3.080985,30,v6,88000000ffffffffffffa8dd9f4dc5b5
6780,78.104082077,4.003887,30,v6,88000000ffffffffffffa8dd9f4dc5b5
6781,78.108056025,3.973948,30,v6,88000000ffffffffffffa8dd9f4dc5b5
6782,78.113471906,5.415881,30,v6,88000000ffffffffffffa8dd9f4dc5b5
6783,78.117226121,3.754215,30,v6,88000000ffffffffffffa8dd9f4dc5b5
6784,78.121369493,4.143372,30,v6,88000000ffffffffffffa8dd9f4dc5b5
6785,78.125411689,4.042196,30,v6,88000000ffffffffffffa8dd9f4dc5b5
6786,78.129381321,3.969632,30,v6,88000000ffffffffffffa8dd9f4dc5b5
6787,78.133609971,4.228650,30,v6,88000000ffffffffffffa8dd9f4dc5b5
6788,78.137631006,4.021035,30,v6,88000000ffffffffffffa8dd9f4dc5b5
6789,78.141769445,4.138439,30,v6,88000000ffffffffffffa8dd9f4dc5b5
6790,78.145905804,4.136359,30,v6,88000000ffffffffffffa8dd9f4dc5b5
6791,78.149599675,3.693871,30,v6,88000000ffffffffffffa8dd9f4dc5b5
6792,78.153823731,4.224056,30,v6,88000000ffffffffffffa8dd9f4dc5b5
6793,78.158077641,4.253910,30,v6,88000000ffffffffffffa8dd9f4dc5b5
6794,78.161984140,3.906499,30,v6,88000000ffffffffffffa8dd9f4dc5b5
6795,78.165931306,3.947166,30,v6,88000000ffffffffffffa8dd9f4dc5b5
6796,78.170211464,4.280158,30,v6,88000000ffffffffffffa8dd9f4dc5b5
6797,78.173096619,2.885155,30,v6,88000000ffffffffffffa8dd9f4dc5b5
6798,78.178201671,5.105052,30,v6,88000000ffffffffffffa8dd9f4dc5b5
6799,78.182136985,3.935314,30,v6,88000000ffffffffffffa8dd9f4dc5b5
6800,78.186397344,4.260359,30,v6,88000000ffffffffffffa8dd9f4dc5b5
6801,78.189366256,2.968912,30,v6,88000000ffffffffffffa8dd9f4dc5b5
6802,78.193563666,4.197410,30,v6,88000000ffffffffffffa8dd9f4dc5b5
6803,78.197690739,4.127073,30,v6,88000000ffffffffffffa8dd9f4dc5b5
6804,78.538140672,340.449933,30,v6,88000000ffffffffffffa8dd9f4dc5b5
6805,78.542130759,3.990087,30,v6,88000000ffffffffffffa8dd9f4dc5b5
6806,78.546090922,3.960163,30,v6,88000000ffffffffffffa8dd9f4dc5b5
6807,78.550101958,4.011036,30,v6,88000000ffffffffffffa8dd9f4dc5b5
6808,78.554125863,4.023905,30,v6,88000000ffffffffffffa8dd9f4dc5b5
6809,78.558215891,4.090028,30,v6,88000000ffffffffffffa8dd9f4dc5b5
6810,78.562374404,4.158513,30,v6,88000000ffffffffffffa8dd9f4dc5b5
6811,78.565315860,2.941456,30,v6,88000000ffffffffffffa8dd9f4dc5b5
6812,78.569507628,4.191768,30,v6,88000000ffffffffffffa8dd9f4dc5b5
6813,78.573330981,3.823353,30,v6,88000000ffffffffffffa8dd9f4dc5b5
6814,78.577334604,4.003623,30,v6,88000000ffffffffffffa8dd9f4dc5b5
6815,78.581521258,4.186654,30,v6,88000000ffffffffffffa8dd9f4dc5b5
6816,78.584563793,3.042535,30,v6,88000000ffffffffffffa8dd9f4dc5b5
6817,78.589651299,5.087506,30,v6,88000000ffffffffffffa8dd9f4dc5b5
6818,78.593723358,4.072059,30,v6,88000000ffffffffffffa8dd9f4dc5b5
6819,78.597842962,4.119604,30,v6,88000000ffffffffffffa8dd9f4dc5b5
6820,78.601964211,4.121249,30,v6,88000000ffffffffffffa8dd9f4dc5b5
6821,78.605822581,3.858370,30,v6,88000000ffffffffffffa8dd9f4dc5b5
6822,78.610127743,4.305162,30,v6,88000000ffffffffffffa8dd9f4dc5b5
6823,78.613071174,2.943431,30,v6,88000000ffffffffffffa8dd9f4dc5b5
6824,78.618057440,4.986266,30,v6,88000000ffffffffffffa8dd9f4dc5b5
6825,78.621240007,3.182567,30,v6,88000000ffffffffffffa8dd9f4dc5b5
6826,78.625284117,4.044110,30,v6,88000000ffffffffffffa8dd9f4dc5b5
6827,78.629333550,4.049433,30,v6,88000000ffffffffffffa8dd9f4dc5b5
6828,78.633337596,4.004046,30,v6,88000000ffffffffffffa8dd9f4dc5b5
6829,78.637493104,4.155508,30,v6,88000000ffffffffffffa8dd9f4dc5b5
6830,78.641409027,3.915923,30,v6,88000000ffffffffffffa8dd9f4dc5b5
6831,78.645881795,4.472768,30,v6,88000000ffffffffffffa8dd9f4dc5b5
6832,78.649708351,3.826556,30,v6,88000000ffffffffffffa8dd9f4dc5b5
6833,78.653591905,3.883554,30,v6,88000000ffffffffffffa8dd9f4dc5b5
6834,78.657935731,4.343826,30,v6,88000000ffffffffffffa8dd9f4dc5b5
6835,78.660805714,2.869983,30,v6,88000000ffffffffffffa8dd9f4dc5b5
6836,78.664910253,4.104539,30,v6,88000000ffffffffffffa8dd9f4dc5b5
6837,78.669000403,4.090150,30,v6,88000000ffffffffffffa8dd9f4dc5b5
6838,78.672834420,3.834017,30,v6,88000000ffffffffffffa8dd9f4dc5b5
6839,78.676883874,4.049454,30,v6,88000000ffffffffffffa8dd9f4dc5b5
6840,78.681020077,4.136203,30,v6,88000000ffffffffffffa8dd9f4dc5b5
6841,78.685032009,4.011932,30,v6,88000000ffffffffffffa8dd9f4dc5b5
6842,78.688178450,3.146441,30,v6,88000000ffffffffffffa8dd9f4dc5b5
6843,78.692276174,4.097724,30,v6,88000000ffffffffffffa8dd9f4dc5b5
6844,78.696276803,4.000629,30,v6,88000000ffffffffffffa8dd9f4dc5b5
6845,78.700312052,4.035249,30,v6,88000000ffffffffffffa8dd9f4dc5b5
6846,78.704726308,4.414256,30,v6,88000000ffffffffffffa8dd9f4dc5b5
6847,78.708643176,3.916868,30,v6,88000000ffffffffffffa8dd9f4dc5b5
6848,78.712788234,4.145058,30,v6,88000000ffffffffffffa8dd9f4dc5b5
6849,78.716695406,3.907172,30,v6,88000000ffffffffffffa8dd9f4dc5b5
6850,78.719806577,3.111171,30,v6,88000000ffffffffffffa8dd9f4dc5b5
6851,78.723724613,3.918036,30,v6,88000000ffffffffffffa8dd9f4dc5b5
6852,78.727699847,3.975234,30,v6,88000000ffffffffffffa8dd9f4dc5b5
6853,78.732822314,5.122467,30,v6,88000000ffffffffffffa8dd9f4dc5b5
6854,78.736808865,3.986551,30,v6,88000000ffffffffffffa8dd9f4dc5b5
6855,78.739988781,3.179916,30,v6,88000000ffffffffffffa8dd9f4dc5b5
6856,78.744078040,4.089259,30,v6,88000000ffffffffffffa8dd9f4dc5b5
6857,78.748078863,4.000823,30,v6,88000000ffffffffffffa8dd9f4dc5b5
6858,78.752265198,4.186335,30,v6,88000000ffffffffffffa8dd9f4dc5b5
6859,78.756334593,4.069395,30,v6,88000000ffffffffffffa8dd9f4dc5b5
6860,78.760413614,4.079021,30,v6,88000000ffffffffffffa8dd9f4dc5b5
6861,78.764385278,3.971664,30,v6,88000000ffffffffffffa8dd9f4dc5b5
6862,78.767635400,3.250122,30,v6,88000000ffffffffffffa8dd9f4dc5b5
6863,78.772791849,5.156449,30,v6,88000000ffffffffffffa8dd9f4dc5b5
6864,78.775736128,2.944279,30,v6,88000000ffffffffffffa8dd9f4dc5b5
6865,78.779812097,4.075969,30,v6,88000000ffffffffffffa8dd9f4dc5b5
6866,78.783554322,3.742225,30,v6,88000000ffffffffffffa8dd9f4dc5b5
6867,78.787933263,4.378941,30,v6,88000000ffffffffffffa8dd9f4dc5b5
6868,78.792026633,4.093370,30,v6,88000000ffffffffffffa8dd9f4dc5b5
6869,78.796206952,4.180319,30,v6,88000000ffffffffffffa8dd9f4dc5b5
6870,78.800124070,3.917118,30,v6,88000000ffffffffffffa8dd9f4dc5b5
6871,78.803217124,3.093054,30,v6,88000000ffffffffffffa8dd9f4dc5b5
6872,78.807193576,3.976452,30,v6,88000000ffffffffffffa8dd9f4dc5b5
6873,78.811066102,3.872526,30,v6,88000000ffffffffffffa8dd9f4dc5b5
6874,78.815328303,4.262201,30,v6,88000000ffffffffffffa8dd9f4dc5b5
6875,78.819375859,4.047556,30,v6,88000000ffffffffffffa8dd9f4dc5b5
6876,78.823409720,4.033861,30,v6,88000000ffffffffffffa8dd9f4dc5b5
6877,78.827480933,4.071213,30,v6,88000000ffffffffffffa8dd9f4dc5b5
6878,78.830711037,3.230104,30,v6,88000000ffffffffffffa8dd9f4dc5b5
6879,78.834662390,3.951353,30,v6,88000000ffffffffffffa8dd9f4dc5b5
6880,78.838599327,3.936937,30,v6,88000000ffffffffffffa8dd9f4dc5b5
6881,78.842994501,4.395174,30,v6,88000000ffffffffffffa8dd9f4dc5b5
6882,78.848082586,5.088085,30,v6,88000000ffffffffffffa8dd9f4dc5b5
6883,78.851961925,3.879339,30,v6,88000000ffffffffffffa8dd9f4dc5b5
6884,78.856107821,4.145896,30,v6,88000000ffffffffffffa8dd9f4dc5b5
6885,78.860232160,4.124339,30,v6,88000000ffffffffffffa8dd9f4dc5b5
6886,78.863039568,2.807408,30,v6,88000000ffffffffffffa8dd9f4dc5b5
6887,78.867119153,4.079585,30,v6,88000000ffffffffffffa8dd9f4dc5b5
6888,78.871428659,4.309506,30,v6,88000000ffffffffffffa8dd9f4dc5b5
6889,78.875309028,3.880369,30,v6,88000000ffffffffffffa8dd9f4dc5b5
6890,78.879402985,4.093957,30,v6,88000000ffffffffffffa8dd9f4dc5b5
6891,78.882575870,3.172885,30,v6,88000000ffffffffffffa8dd9f4dc5b5
6892,78.887500869,4.924999,30,v6,88000000ffffffffffffa8dd9f4dc5b5
6893,78.890540686,3.039817,30,v6,88000000ffffffffffffa8dd9f4dc5b5
6894,78.894748839,4.208153,30,v6,88000000ffffffffffffa8dd9f4dc5b5
6895,78.898928457,4.179618,30,v6,88000000ffffffffffffa8dd9f4dc5b5
6896,78.902720135,3.791678,30,v6,88000000ffffffffffffa8dd9f4dc5b5
6897,78.906929810,4.209675,30,v6,88000000ffffffffffffa8dd9f4dc5b5
6898,78.910730008,3.800198,30,v6,88000000ffffffffffffa8dd9f4dc5b5
6899,78.915000530,4.270522,30,v6,88000000ffffffffffffa8dd9f4dc5b5
6900,78.917805775,2.805245,30,v6,88000000ffffffffffffa8dd9f4dc5b5
6901,78.922038713,4.232938,30,v6,88000000ffffffffffffa8dd9f4dc5b5
6902,78.925987143,3.948430,30,v6,88000000ffffffffffffa8dd9f4dc5b5
6903,78.930049757,4.062614,30,v6,88000000ffffffffffffa8dd9f4dc5b5
6904,79.270384893,340.335136,30,v6,88000000ffffffffffffa8dd9f4dc5b5
6905,79.274720660,4.335767,30,v6,88000000ffffffffffffa8dd9f4dc5b5
6906,79.277552673,2.832013,30,v6,88000000ffffffffffffa8dd9f4dc5b5
6907,79.281665835,4.113162,30,v6,88000000ffffffffffffa8dd9f4dc5b5
6908,79.285840595,4.174760,30,v6,88000000ffffffffffffa8dd9f4dc5b5
6909,79.289882409,4.041814,30,v6,88000000ffffffffffffa8dd9f4dc5b5
6910,79.292960767,3.078358,30,v6,88000000ffffffffffffa8dd9f4dc5b5
6911,79.296867825,3.907058,30,v6,88000000ffffffffffffa8dd9f4dc5b5
6912,79.300998392,4.130567,30,v6,88000000ffffffffffffa8dd9f4dc5b5
6913,79.304961707,3.963315,30,v6,88000000ffffffffffffa8dd9f4dc5b5
6914,79.309133397,4.171690,30,v6,88000000ffffffffffffa8dd9f4dc5b5
6915,79.312181150,3.047753,30,v6,88000000ffffffffffffa8dd9f4dc5b5
6916,79.316057221,3.876071,30,v6,88000000ffffffffffffa8dd9f4dc5b5
6917,79.320129819,4.072598,30,v6,88000000ffffffffffffa8dd9f4dc5b5
6918,79.324211110,4.081291,30,v6,88000000ffffffffffffa8dd9f4dc5b5
6919,79.327338893,3.127783,30,v6,88000000ffffffffffffa8dd9f4dc5b5
6920,79.331483912,4.145019,30,v6,88000000ffffffffffffa8dd9f4dc5b5
6921,79.335463629,3.979717,30,v6,88000000ffffffffffffa8dd9f4dc5b5
6922,79.339561123,4.097494,30,v6,88000000ffffffffffffa8dd9f4dc5b5
6923,79.342729452,3.168329,30,v6,88000000ffffffffffffa8dd9f4dc5b5
6924,79.347565492,4.836040,30,v6,88000000ffffffffffffa8dd9f4dc5b5
6925,79.351898898,4.333406,30,v6,88000000ffffffffffffa8dd9f4dc5b5
6926,79.356044899,4.146001,30,v6,88000000ffffffffffffa8dd9f4dc5b5
6927,79.358779097,2.734198,30,v6,88000000ffffffffffffa8dd9f4dc5b5
6928,79.362904328,4.125231,30,v6,88000000ffffffffffffa8dd9f4dc5b5
6929,79.367109661,4.205333,30,v6,88000000ffffffffffffa8dd9f4dc5b5
6930,79.371138676,4.029015,30,v6,88000000ffffffffffffa8dd9f4dc5b5
6931,79.374105228,2.966552,30,v6,88000000ffffffffffffa8dd9f4dc5b5
6932,79.378242599,4.137371,30,v6,88000000ffffffffffffa8dd9f4dc5b5
6933,79.382313799,4.071200,30,v6,88000000ffffffffffffa8dd9f4dc5b5
6934,79.385215792,2.901993,30,v6,88000000ffffffffffffa8dd9f4dc5b5
6935,79.390332928,5.117136,30,v6,88000000ffffffffffffa8dd9f4dc5b5
6936,79.393266568,2.933640,30,v6,88000000ffffffffffffa8dd9f4dc5b5
6937,79.397356576,4.090008,30,v6,88000000ffffffffffffa8dd9f4dc5b5
6938,79.401522099,4.165523,30,v6,88000000ffffffffffffa8dd9f4dc5b5
6939,79.405748106,4.226007,30,v6,88000000ffffffffffffa8dd9f4dc5b5
6940,79.408627993,2.879887,30,v6,88000000ffffffffffffa8dd9f4dc5b5
6941,79.417689132,9.061139,99,v6,1c000000aadd9f4dc5b5d44e66040000
6942,79.418774041,1.084909,30,v6,88000000ffffffffffffa8dd9f4dc5b5
6943,79.423065641,4.291600,30,v6,88000000ffffffffffffa8dd9f4dc5b5
6944,79.426862047,3.796406,30,v6,88000000ffffffffffffa8dd9f4dc5b5
6945,79.429918234,3.056187,30,v6,88000000ffffffffffffa8dd9f4dc5b5
6946,79.433933799,4.015565,30,v6,88000000ffffffffffffa8dd9f4dc5b5
6947,79.438037359,4.103560,30,v6,88000000ffffffffffffa8dd9f4dc5b5
6948,79.442194016,4.156657,30,v6,88000000ffffffffffffa8dd9f4dc5b5
6949,79.445159762,2.965746,30,v6,88000000ffffffffffffa8dd9f4dc5b5
6950,79.449234113,4.074351,30,v6,88000000ffffffffffffa8dd9f4dc5b5
6951,79.453324696,4.090583,30,v6,88000000ffffffffffffa8dd9f4dc5b5
6952,79.457356946,4.032250,30,v6,88000000ffffffffffffa8dd9f4dc5b5
6953,79.460448541,3.091595,30,v6,88000000ffffffffffffa8dd9f4dc5b5
6954,79.464397741,3.949200,30,v6,88000000ffffffffffffa8dd9f4dc5b5
6955,79.468592492,4.194751,30,v6,88000000ffffffffffffa8dd9f4dc5b5
6956,79.472675956,4.083464,30,v6,88000000ffffffffffffa8dd9f4dc5b5
6957,79.476727163,4.051207,30,v6,88000000ffffffffffffa8dd9f4dc5b5
6958,79.480706909,3.979746,30,v6,88000000ffffffffffffa8dd9f4dc5b5
6959,79.484804001,4.097092,30,v6,88000000ffffffffffffa8dd9f4dc5b5
6960,79.488919830,4.115829,30,v6,88000000ffffffffffffa8dd9f4dc5b5
6961,79.493106551,4.186721,30,v6,88000000ffffffffffffa8dd9f4dc5b5
6962,79.496163456,3.056905,30,v6,88000000ffffffffffffa8dd9f4dc5b5
6963,79.499911917,3.748461,30,v6,88000000ffffffffffffa8dd9f4dc5b5
6964,79.504211832,4.299915,30,v6,88000000ffffffffffffa8dd9f4dc5b5
6965,79.507159268,2.947436,30,v6,88000000ffffffffffffa8dd9f4dc5b5
6966,79.511293230,4.133962,30,v6,88000000ffffffffffffa8dd9f4dc5b5
6967,79.515096085,3.802855,30,v6,88000000ffffffffffffa8dd9f4dc5b5
6968,79.519347635,4.251550,30,v6,88000000ffffffffffffa8dd9f4dc5b5
6969,79.522442551,3.094916,30,v6,88000000ffffffffffffa8dd9f4dc5b5
6970,79.526354718,3.912167,30,v6,88000000ffffffffffffa8dd9f4dc5b5
6971,79.530483317,4.128599,30,v6,88000000ffffffffffffa8dd9f4dc5b5
6972,79.534538526,4.055209,30,v6,88000000ffffffffffffa8dd9f4dc5b5
6973,79.538828247,4.289721,30,v6,88000000ffffffffffffa8dd9f4dc5b5
6974,79.541724075,2.895828,30,v6,88000000ffffffffffffa8dd9f4dc5b5
6975,79.545728797,4.004722,30,v6,88000000ffffffffffffa8dd9f4dc5b5
6976,79.549882867,4.154070,30,v6,88000000ffffffffffffa8dd9f4dc5b5
6977,79.554196138,4.313271,30,v6,88000000ffffffffffffa8dd9f4dc5b5
6978,79.557004811,2.808673,30,v6,88000000ffffffffffffa8dd9f4dc5b5
6979,79.561108295,4.103484,30,v6,88000000ffffffffffffa8dd9f4dc5b5
6980,79.565039858,3.931563,30,v6,88000000ffffffffffffa8dd9f4dc5b5
6981,79.569276786,4.236928,30,v6,88000000ffffffffffffa8dd9f4dc5b5
6982,79.572151417,2.874631,30,v6,88000000ffffffffffffa8dd9f4dc5b5
6983,79.576144149,3.992732,30,v6,88000000ffffffffffffa8dd9f4dc5b5
6984,79.580266415,4.122266,30,v6,88000000ffffffffffffa8dd9f4dc5b5
6985,79.583317785,3.051370,30,v6,88000000ffffffffffffa8dd9f4dc5b5
6986,79.588283217,4.965432,30,v6,88000000ffffffffffffa8dd9f4dc5b5
6987,79.592769536,4.486319,30,v6,88000000ffffffffffffa8dd9f4dc5b5
6988,79.596688253,3.918717,30,v6,88000000ffffffffffffa8dd9f4dc5b5
6989,79.600549866,3.861613,30,v6,88000000ffffffffffffa8dd9f4dc5b5
6990,79.603682752,3.132886,30,v6,88000000ffffffffffffa8dd9f4dc5b5
6991,79.607855695,4.172943,30,v6,88000000ffffffffffffa8dd9f4dc5b5
6992,79.615767516,7.911821,30,v6,88000000ffffffffffffa8dd9f4dc5b5
6993,79.619976270,4.208754,30,v6,88000000ffffffffffffa8dd9f4dc5b5
6994,79.623059465,3.083195,30,v6,88000000ffffffffffffa8dd9f4dc5b5
6995,79.627031944,3.972479,30,v6,88000000ffffffffffffa8dd9f4dc5b5
6996,79.630913453,3.881509,30,v6,88000000ffffffffffffa8dd9f4dc5b5
6997,79.635191157,4.277704,30,v6,88000000ffffffffffffa8dd9f4dc5b5
6998,79.638195868,3.004711,30,v6,88000000ffffffffffffa8dd9f4dc5b5
6999,79.642171075,3.975207,30,v6,88000000ffffffffffffa8dd9f4dc5b5
7000,79.646476526,4.305451,30,v6,88000000ffffffffffffa8dd9f4dc5b5
7001,79.650507268,4.030742,30,v6,88000000ffffffffffffa8dd9f4dc5b5
7002,79.653434882,2.927614,30,v6,88000000ffffffffffffa8dd9f4dc5b5
7003,79.657516026,4.081144,30,v6,88000000ffffffffffffa8dd9f4dc5b5
7004,79.996867181,339.351155,30,v6,88000000ffffffffffffa8dd9f4dc5b5
7005,80.001993723,5.126542,30,v6,88000000ffffffffffffa8dd9f4dc5b5
7006,80.006189629,4.195906,30,v6,88000000ffffffffffffa8dd9f4dc5b5
7007,80.010020839,3.831210,30,v6,88000000ffffffffffffa8dd9f4dc5b5
7008,80.012962648,2.941809,30,v6,88000000ffffffffffffa8dd9f4dc5b5
7009,80.016980087,4.017439,30,v6,88000000ffffffffffffa8dd9f4dc5b5
7010,80.021067892,4.087805,30,v6,88000000ffffffffffffa8dd9f4dc5b5
7011,80.024165513,3.097621,30,v6,88000000ffffffffffffa8dd9f4dc5b5
7012,80.028209949,4.044436,30,v6,88000000ffffffffffffa8dd9f4dc5b5
7013,80.032461778,4.251829,30,v6,88000000ffffffffffffa8dd9f4dc5b5
7014,80.035338712,2.876934,30,v6,88000000ffffffffffffa8dd9f4dc5b5
7015,80.039489574,4.150862,30,v6,88000000ffffffffffffa8dd9f4dc5b5
7016,80.043661722,4.172148,30,v6,88000000ffffffffffffa8dd9f4dc5b5
7017,80.046618255,2.956533,30,v6,88000000ffffffffffffa8dd9f4dc5b5
7018,80.050590979,3.972724,30,v6,88000000ffffffffffffa8dd9f4dc5b5
7019,80.053670183,3.079204,30,v6,88000000ffffffffffffa8dd9f4dc5b5
7020,80.057979022,4.308839,30,v6,88000000ffffffffffffa8dd9f4dc5b5
7021,80.061947713,3.968691,30,v6,88000000ffffffffffffa8dd9f4dc5b5
7022,80.065922002,3.974289,30,v6,88000000ffffffffffffa8dd9f4dc5b5
7023,80.068919899,2.997897,30,v6,88000000ffffffffffffa8dd9f4dc5b5
7024,80.072975726,4.055827,30,v6,88000000ffffffffffffa8dd9f4dc5b5
7025,80.076246283,3.270557,30,v6,88000000ffffffffffffa8dd9f4dc5b5
7026,80.080080347,3.834064,30,v6,88000000ffffffffffffa8dd9f4dc5b5
7027,80.084166350,4.086003,30,v6,88000000ffffffffffffa8dd9f4dc5b5
7028,80.087310234,3.143884,30,v6,88000000ffffffffffffa8dd9f4dc5b5
7029,80.091201266,3.891032,30,v6,88000000ffffffffffffa8dd9f4dc5b5
7030,80.095380733,4.179467,30,v6,88000000ffffffffffffa8dd9f4dc5b5
7031,80.099370953,3.990220,30,v6,88000000ffffffffffffa8dd9f4dc5b5
7032,80.102432612,3.061659,30,v6,88000000ffffffffffffa8dd9f4dc5b5
7033,80.106421545,3.988933,30,v6,88000000ffffffffffffa8dd9f4dc5b5
7034,80.110412591,3.991046,30,v6,88000000ffffffffffffa8dd9f4dc5b5
7035,80.114673924,4.261333,30,v6,88000000ffffffffffffa8dd9f4dc5b5
7036,80.118621199,3.947275,30,v6,88000000ffffffffffffa8dd9f4dc5b5
7037,80.121789159,3.167960,30,v6,88000000ffffffffffffa8dd9f4dc5b5
7038,80.125929606,4.140447,30,v6,88000000ffffffffffffa8dd9f4dc5b5
7039,80.130024679,4.095073,30,v6,88000000ffffffffffffa8dd9f4dc5b5
7040,80.133886055,3.861376,30,v6,88000000ffffffffffffa8dd9f4dc5b5
7041,80.137198816,3.312761,30,v6,88000000ffffffffffffa8dd9f4dc5b5
7042,80.140036994,2.838178,30,v6,88000000ffffffffffffa8dd9f4dc5b5
7043,80.144030916,3.993922,30,v6,88000000ffffffffffffa8dd9f4dc5b5
7044,80.148043168,4.012252,30,v6,88000000ffffffffffffa8dd9f4dc5b5
7045,80.152234916,4.191748,30,v6,88000000ffffffffffffa8dd9f4dc5b5
7046,80.155327845,3.092929,30,v6,88000000ffffffffffffa8dd9f4dc5b5
7047,80.159291860,3.964015,30,v6,88000000ffffffffffffa8dd9f4dc5b5
7048,80.162683310,3.391450,30,v6,88000000ffffffffffffa8dd9f4dc5b5
7049,80.166495923,3.812613,30,v6,88000000ffffffffffffa8dd9f4dc5b5
7050,80.170539786,4.043863,30,v6,88000000ffffffffffffa8dd9f4dc5b5
7051,80.174711464,4.171678,30,v6,88000000ffffffffffffa8dd9f4dc5b5
7052,80.177709823,2.998359,30,v6,88000000ffffffffffffa8dd9f4dc5b5
7053,80.181865342,4.155519,30,v6,88000000ffffffffffffa8dd9f4dc5b5
7054,80.184788788,2.923446,30,v6,88000000ffffffffffffa8dd9f4dc5b5
7055,80.188981995,4.193207,30,v6,88000000ffffffffffffa8dd9f4dc5b5
7056,80.192885525,3.903530,30,v6,88000000ffffffffffffa8dd9f4dc5b5
7057,80.197111462,4.225937,30,v6,88000000ffffffffffffa8dd9f4dc5b5
7058,80.200162970,3.051508,30,v6,88000000ffffffffffffa8dd9f4dc5b5
7059,80.204025526,3.862556,30,v6,88000000ffffffffffffa8dd9f4dc5b5
7060,80.207151213,3.125687,30,v6,88000000ffffffffffffa8dd9f4dc5b5
7061,80.211177229,4.026016,30,v6,88000000ffffffffffffa8dd9f4dc5b5
7062,80.216165039,4.987810,30,v6,88000000ffffffffffffa8dd9f4dc5b5
7063,80.220400812,4.235773,30,v6,88000000ffffffffffffa8dd9f4dc5b5
7064,80.223380825,2.980013,30,v6,88000000ffffffffffffa8dd9f4dc5b5
7065,80.227513261,4.132436,30,v6,88000000ffffffffffffa8dd9f4dc5b5
7066,80.231588860,4.075599,30,v6,88000000ffffffffffffa8dd9f4dc5b5
7067,80.234750362,3.161502,30,v6,88000000ffffffffffffa8dd9f4dc5b5
7068,80.238551721,3.801359,30,v6,88000000ffffffffffffa8dd9f4dc5b5
7069,80.241777072,3.225351,30,v6,88000000ffffffffffffa8dd9f4dc5b5
7070,80.245806497,4.029425,30,v6,88000000ffffffffffffa8dd9f4dc5b5
7071,80.249913514,4.107017,30,v6,88000000ffffffffffffa8dd9f4dc5b5
7072,80.252890293,2.976779,30,v6,88000000ffffffffffffa8dd9f4dc5b5
7073,80.257261139,4.370846,30,v6,88000000ffffffffffffa8dd9f4dc5b5
7074,80.260888888,3.627749,30,v6,88000000ffffffffffffa8dd9f4dc5b5
7075,80.265095923,4.207035,30,v6,88000000ffffffffffffa8dd9f4dc5b5
7076,80.268014028,2.918105,30,v6,88000000ffffffffffffa8dd9f4dc5b5
7077,80.272160871,4.146843,30,v6,88000000ffffffffffffa8dd9f4dc5b5
7078,80.276287578,4.126707,30,v6,88000000ffffffffffffa8dd9f4dc5b5
7079,80.279350626,3.063048,30,v6,88000000ffffffffffffa8dd9f4dc5b5
7080,80.283514007,4.163381,30,v6,88000000ffffffffffffa8dd9f4dc5b5
7081,80.287581697,4.067690,30,v6,88000000ffffffffffffa8dd9f4dc5b5
7082,80.290493258,2.911561,30,v6,88000000ffffffffffffa8dd9f4dc5b5
7083,80.294748432,4.255174,30,v6,88000000ffffffffffffa8dd9f4dc5b5
7084,80.298586464,3.838032,30,v6,88000000ffffffffffffa8dd9f4dc5b5
7085,80.301652045,3.065581,30,v6,88000000ffffffffffffa8dd9f4dc5b5
7086,80.305822670,4.170625,30,v6,88000000ffffffffffffa8dd9f4dc5b5
7087,80.309959769,4.137099,30,v6,88000000ffffffffffffa8dd9f4dc5b5
7088,80.312957368,2.997599,30,v6,88000000ffffffffffffa8dd9f4dc5b5
7089,80.316907167,3.949799,30,v6,88000000ffffffffffffa8dd9f4dc5b5
7090,80.321339730,4.432563,30,v6,88000000ffffffffffffa8dd9f4dc5b5
7091,80.324942985,3.603255,30,v6,88000000ffffffffffffa8dd9f4dc5b5
7092,80.328181022,3.238037,30,v6,88000000ffffffffffffa8dd9f4dc5b5
7093,80.333225315,5.044293,30,v6,88000000ffffffffffffa8dd9f4dc5b5
7094,80.336241281,3.015966,30,v6,88000000ffffffffffffa8dd9f4dc5b5
7095,80.340361968,4.120687,30,v6,88000000ffffffffffffa8dd9f4dc5b5
7096,80.343333432,2.971464,30,v6,88000000ffffffffffffa8dd9f4dc5b5
7097,80.347580929,4.247497,30,v6,88000000ffffffffffffa8dd9f4dc5b5
7098,80.351567746,3.986817,30,v6,88000000ffffffffffffa8dd9f4dc5b5
7099,80.354495780,2.928034,30,v6,88000000ffffffffffffa8dd9f4dc5b5
7100,80.358645659,4.149879,30,v6,88000000ffffffffffffa8dd9f4dc5b5
7101,80.361824331,3.178672,30,v6,88000000ffffffffffffa8dd9f4dc5b5
7102,80.365843319,4.018988,30,v6,88000000ffffffffffffa8dd9f4dc5b5
7103,80.370013032,4.169713,30,v6,88000000ffffffffffffa8dd9f4dc5b5
7104,80.709023813,339.010781,30,v6,88000000ffffffffffffa8dd9f4dc5b5
7105,80.713062576,4.038763,30,v6,88000000ffffffffffffa8dd9f4dc5b5
7106,80.717190607,4.128031,30,v6,88000000ffffffffffffa8dd9f4dc5b5
7107,80.720321339,3.130732,30,v6,88000000ffffffffffffa8dd9f4dc5b5
7108,80.725460935,5.139596,30,v6,88000000ffffffffffffa8dd9f4dc5b5
7109,80.728391463,2.930528,30,v6,88000000ffffffffffffa8dd9f4dc5b5
7110,80.732581755,4.190292,30,v6,88000000ffffffffffffa8dd9f4dc5b5
7111,80.736589617,4.007862,30,v6,88000000ffffffffffffa8dd9f4dc5b5
7112,80.739639754,3.050137,30,v6,88000000ffffffffffffa8dd9f4dc5b5
7113,80.743766055,4.126301,30,v6,88000000ffffffffffffa8dd9f4dc5b5
7114,80.748000973,4.234918,30,v6,88000000ffffffffffffa8dd9f4dc5b5
7115,80.750746902,2.745929,30,v6,88000000ffffffffffffa8dd9f4dc5b5
7116,80.754982778,4.235876,30,v6,88000000ffffffffffffa8dd9f4dc5b5
7117,80.758028600,3.045822,30,v6,88000000ffffffffffffa8dd9f4dc5b5
7118,80.762068640,4.040040,30,v6,88000000ffffffffffffa8dd9f4dc5b5
7119,80.765212071,3.143431,30,v6,88000000ffffffffffffa8dd9f4dc5b5
7120,80.769137073,3.925002,30,v6,88000000ffffffffffffa8dd9f4dc5b5
7121,80.773334257,4.197184,30,v6,88000000ffffffffffffa8dd9f4dc5b5
7122,80.776186805,2.852548,30,v6,88000000ffffffffffffa8dd9f4dc5b5
7123,80.779301834,3.115029,30,v6,88000000ffffffffffffa8dd9f4dc5b5
7124,80.783354803,4.052969,30,v6,88000000ffffffffffffa8dd9f4dc5b5
7125,80.787502983,4.148180,30,v6,88000000ffffffffffffa8dd9f4dc5b5
7126,80.790519046,3.016063,30,v6,88000000ffffffffffffa8dd9f4dc5b5
7127,80.794472979,3.953933,30,v6,88000000ffffffffffffa8dd9f4dc5b5
7128,80.798636995,4.164016,30,v6,88000000ffffffffffffa8dd9f4dc5b5
7129,80.801596648,2.959653,30,v6,88000000ffffffffffffa8dd9f4dc5b5
7130,80.805794115,4.197467,30,v6,88000000ffffffffffffa8dd9f4dc5b5
7131,80.808756668,2.962553,30,v6,88000000ffffffffffffa8dd9f4dc5b5
7132,80.812973306,4.216638,30,v6,88000000ffffffffffffa8dd9f4dc5b5
7133,80.815896424,2.923118,30,v6,88000000ffffffffffffa8dd9f4dc5b5
7134,80.819947902,4.051478,30,v6,88000000ffffffffffffa8dd9f4dc5b5
7135,80.823121411,3.173509,30,v6,88000000ffffffffffffa8dd9f4dc5b5
7136,80.826974714,3.853303,30,v6,88000000ffffffffffffa8dd9f4dc5b5
7137,80.831439177,4.464463,30,v6,88000000ffffffffffffa8dd9f4dc5b5
7138,80.834404173,2.964996,30,v6,88000000ffffffffffffa8dd9f4dc5b5
7139,80.838320575,3.916402,30,v6,88000000ffffffffffffa8dd9f4dc5b5
7140,80.841331964,3.011389,30,v6,88000000ffffffffffffa8dd9f4dc5b5
7141,80.845451639,4.119675,30,v6,88000000ffffffffffffa8dd9f4dc5b5
7142,80.849337702,3.886063,30,v6,88000000ffffffffffffa8dd9f4dc5b5
7143,80.853475656,4.137954,30,v6,88000000ffffffffffffa8dd9f4dc5b5
7144,80.857586815,4.111159,30,v6,88000000ffffffffffffa8dd9f4dc5b5
7145,80.860883959,3.297144,30,v6,88000000ffffffffffffa8dd9f4dc5b5
7146,80.864849114,3.965155,30,v6,88000000ffffffffffffa8dd9f4dc5b5
7147,80.867619057,2.769943,30,v6,88000000ffffffffffffa8dd9f4dc5b5
7148,80.872081306,4.462249,30,v6,88000000ffffffffffffa8dd9f4dc5b5
7149,80.875971737,3.890431,30,v6,88000000ffffffffffffa8dd9f4dc5b5
7150,80.879355002,3.383265,30,v6,88000000ffffffffffffa8dd9f4dc5b5
7151,80.883003454,3.648452,30,v6,88000000ffffffffffffa8dd9f4dc5b5
7152,80.885984093,2.980639,30,v6,88000000ffffffffffffa8dd9f4dc5b5
7153,80.890170853,4.186760,30,v6,88000000ffffffffffffa8dd9f4dc5b5
7154,80.893122580,2.951727,30,v6,88000000ffffffffffffa8dd9f4dc5b5
7155,80.897284621,4.162041,30,v6,88000000ffffffffffffa8dd9f4dc5b5
7156,80.901341034,4.056413,30,v6,88000000ffffffffffffa8dd9f4dc5b5
7157,80.904103052,2.762018,30,v6,88000000ffffffffffffa8dd9f4dc5b5
7158,80.908261795,4.158743,30,v6,88000000ffffffffffffa8dd9f4dc5b5
7159,80.911279265,3.017470,30,v6,88000000ffffffffffffa8dd9f4dc5b5
7160,80.915413735,4.134470,30,v6,88000000ffffffffffffa8dd9f4dc5b5
7161,80.918443839,3.030104,30,v6,88000000ffffffffffffa8dd9f4dc5b5
7162,80.922482547,4.038708,30,v6,88000000ffffffffffffa8dd9f4dc5b5
7163,80.925360100,2.877553,30,v6,88000000ffffffffffffa8dd9f4dc5b5
7164,80.929725946,4.365846,30,v6,88000000ffffffffffffa8dd9f4dc5b5
7165,80.933741035,4.015089,30,v6,88000000ffffffffffffa8dd9f4dc5b5
7166,80.936751672,3.010637,30,v6,88000000ffffffffffffa8dd9f4dc5b5
7167,80.940910969,4.159297,30,v6,88000000ffffffffffffa8dd9f4dc5b5
7168,80.943838871,2.927902,30,v6,88000000ffffffffffffa8dd9f4dc5b5
7169,80.947905128,4.066257,30,v6,88000000ffffffffffffa8dd9f4dc5b5
7170,80.951019421,3.114293,30,v6,88000000ffffffffffffa8dd9f4dc5b5
7171,80.955035024,4.015603,30,v6,88000000ffffffffffffa8dd9f4dc5b5
7172,80.958037017,3.001993,30,v6,88000000ffffffffffffa8dd9f4dc5b5
7173,80.962136593,4.099576,30,v6,88000000ffffffffffffa8dd9f4dc5b5
7174,80.966040584,3.903991,30,v6,88000000ffffffffffffa8dd9f4dc5b5
7175,80.969093105,3.052521,30,v6,88000000ffffffffffffa8dd9f4dc5b5
7176,80.973359498,4.266393,30,v6,88000000ffffffffffffa8dd9f4dc5b5
7177,80.977328974,3.969476,30,v6,88000000ffffffffffffa8dd9f4dc5b5
7178,80.981322770,3.993796,30,v6,88000000ffffffffffffa8dd9f4dc5b5
7179,80.985560241,4.237471,30,v6,88000000ffffffffffffa8dd9f4dc5b5
7180,80.988560938,3.000697,30,v6,88000000ffffffffffffa8dd9f4dc5b5
7181,80.991525018,2.964080,30,v6,88000000ffffffffffffa8dd9f4dc5b5
7182,80.995470675,3.945657,30,v6,88000000ffffffffffffa8dd9f4dc5b5
7183,80.999654540,4.183865,30,v6,88000000ffffffffffffa8dd9f4dc5b5
7184,81.002936583,3.282043,30,v6,88000000ffffffffffffa8dd9f4dc5b5
7185,81.006916145,3.979562,30,v6,88000000ffffffffffffa8dd9f4dc5b5
7186,81.009720797,2.804652,30,v6,88000000ffffffffffffa8dd9f4dc5b5
7187,81.014053046,4.332249,30,v6,88000000ffffffffffffa8dd9f4dc5b5
7188,81.017977867,3.924821,30,v6,88000000ffffffffffffa8dd9f4dc5b5
7189,81.021276159,3.298292,30,v6,88000000ffffffffffffa8dd9f4dc5b5
7190,81.025094963,3.818804,30,v6,88000000ffffffffffffa8dd9f4dc5b5
7191,81.028084829,2.989866,30,v6,88000000ffffffffffffa8dd9f4dc5b5
7192,81.032165215,4.080386,30,v6,88000000ffffffffffffa8dd9f4dc5b5
7193,81.035160153,2.994938,30,v6,88000000ffffffffffffa8dd9f4dc5b5
7194,81.039325054,4.164901,30,v6,88000000ffffffffffffa8dd9f4dc5b5
7195,81.043416845,4.091791,30,v6,88000000ffffffffffffa8dd9f4dc5b5
7196,81.046470973,3.054128,30,v6,88000000ffffffffffffa8dd9f4dc5b5
7197,81.050377610,3.906637,30,v6,88000000ffffffffffffa8dd9f4dc5b5
7198,81.053550854,3.173244,30,v6,88000000ffffffffffffa8dd9f4dc5b5
7199,81.057697008,4.146154,30,v6,88000000ffffffffffffa8dd9f4dc5b5
7200,81.060718522,3.021514,30,v6,88000000ffffffffffffa8dd9f4dc5b5
7201,81.064752345,4.033823,30,v6,88000000ffffffffffffa8dd9f4dc5b5
7202,81.068782715,4.030370,30,v6,88000000ffffffffffffa8dd9f4dc5b5
7203,81.071982548,3.199833,30,v6,88000000ffffffffffffa8dd9f4dc5b5
7204,81.423315084,351.332536,30,v6,88000000ffffffffffffa8dd9f4dc5b5
7205,81.427535219,4.220135,30,v6,88000000ffffffffffffa8dd9f4dc5b5
7206,81.430552522,3.017303,30,v6,88000000ffffffffffffa8dd9f4dc5b5
7207,81.434622748,4.070226,30,v6,88000000ffffffffffffa8dd9f4dc5b5
7208,81.438806631,4.183883,30,v6,88000000ffffffffffffa8dd9f4dc5b5
7209,81.442961443,4.154812,30,v6,88000000ffffffffffffa8dd9f4dc5b5
7210,81.445797270,2.835827,30,v6,88000000ffffffffffffa8dd9f4dc5b5
7211,81.449882086,4.084816,30,v6,88000000ffffffffffffa8dd9f4dc5b5
7212,81.453905836,4.023750,30,v6,88000000ffffffffffffa8dd9f4dc5b5
7213,81.456942581,3.036745,30,v6,88000000ffffffffffffa8dd9f4dc5b5
7214,81.460909412,3.966831,30,v6,88000000ffffffffffffa8dd9f4dc5b5
7215,81.464164036,3.254624,30,v6,88000000ffffffffffffa8dd9f4dc5b5
7216,81.467777655,3.613619,30,v6,88000000ffffffffffffa8dd9f4dc5b5
7217,81.471026163,3.248508,30,v6,88000000ffffffffffffa8dd9f4dc5b5
7218,81.475199627,4.173464,30,v6,88000000ffffffffffffa8dd9f4dc5b5
7219,81.478079061,2.879434,30,v6,88000000ffffffffffffa8dd9f4dc5b5
7220,81.482147977,4.068916,30,v6,88000000ffffffffffffa8dd9f4dc5b5
7221,81.485363499,3.215522,30,v6,88000000ffffffffffffa8dd9f4dc5b5
7222,81.489446679,4.083180,30,v6,88000000ffffffffffffa8dd9f4dc5b5
7223,81.492506348,3.059669,30,v6,88000000ffffffffffffa8dd9f4dc5b5
7224,81.496344060,3.837712,30,v6,88000000ffffffffffffa8dd9f4dc5b5
7225,81.499609195,3.265135,30,v6,88000000ffffffffffffa8dd9f4dc5b5
7226,81.503660525,4.051330,30,v6,88000000ffffffffffffa8dd9f4dc5b5
7227,81.506873247,3.212722,30,v6,88000000ffffffffffffa8dd9f4dc5b5
7228,81.509681763,2.808516,30,v6,88000000ffffffffffffa8dd9f4dc5b5
7229,81.513679147,3.997384,30,v6,88000000ffffffffffffa8dd9f4dc5b5
7230,81.516791720,3.112573,30,v6,88000000ffffffffffffa8dd9f4dc5b5
7231,81.521099415,4.307695,30,v6,88000000ffffffffffffa8dd9f4dc5b5
7232,81.525104869,4.005454,30,v6,88000000ffffffffffffa8dd9f4dc5b5
7233,81.528018639,2.913770,30,v6,88000000ffffffffffffa8dd9f4dc5b5
7234,81.532141672,4.123033,30,v6,88000000ffffffffffffa8dd9f4dc5b5
7235,81.535109348,2.967676,30,v6,88000000ffffffffffffa8dd9f4dc5b5
7236,81.538128978,3.019630,30,v6,88000000ffffffffffffa8dd9f4dc5b5
7237,81.542168956,4.039978,30,v6,88000000ffffffffffffa8dd9f4dc5b5
7238,81.545316025,3.147069,30,v6,88000000ffffffffffffa8dd9f4dc5b5
7239,81.549410510,4.094485,30,v6,88000000ffffffffffffa8dd9f4dc5b5
7240,81.552431114,3.020604,30,v6,88000000ffffffffffffa8dd9f4dc5b5
7241,81.556459407,4.028293,30,v6,88000000ffffffffffffa8dd9f4dc5b5
7242,81.559706310,3.246903,30,v6,88000000ffffffffffffa8dd9f4dc5b5
7243,81.562868777,3.162467,30,v6,88000000ffffffffffffa8dd9f4dc5b5
7244,81.566506290,3.637513,30,v6,88000000ffffffffffffa8dd9f4dc5b5
7245,81.570813508,4.307218,30,v6,88000000ffffffffffffa8dd9f4dc5b5
7246,81.573729729,2.916221,30,v6,88000000ffffffffffffa8dd9f4dc5b5
7247,81.577704901,3.975172,30,v6,88000000ffffffffffffa8dd9f4dc5b5
7248,81.580710135,3.005234,30,v6,88000000ffffffffffffa8dd9f4dc5b5
7249,81.583953816,3.243681,30,v6,88000000ffffffffffffa8dd9f4dc5b5
7250,81.588059608,4.105792,30,v6,88000000ffffffffffffa8dd9f4dc5b5
7251,81.593167654,5.108046,30,v6,88000000ffffffffffffa8dd9f4dc5b5
7252,81.596153082,2.985428,30,v6,88000000ffffffffffffa8dd9f4dc5b5
7253,81.600104996,3.951914,30,v6,88000000ffffffffffffa8dd9f4dc5b5
7254,81.603093669,2.988673,30,v6,88000000ffffffffffffa8dd9f4dc5b5
7255,81.607331649,4.237980,30,v6,88000000ffffffffffffa8dd9f4dc5b5
7256,81.610385131,3.053482,30,v6,88000000ffffffffffffa8dd9f4dc5b5
7257,81.614389101,4.003970,30,v6,88000000ffffffffffffa8dd9f4dc5b5
7258,81.617479769,3.090668,30,v6,88000000ffffffffffffa8dd9f4dc5b5
7259,81.620730886,3.251117,30,v6,88000000ffffffffffffa8dd9f4dc5b5
7260,81.624566166,3.835280,30,v6,88000000ffffffffffffa8dd9f4dc5b5
7261,81.627555846,2.989680,30,v6,88000000ffffffffffffa8dd9f4dc5b5
7262,81.631884009,4.328163,30,v6,88000000ffffffffffffa8dd9f4dc5b5
7263,81.634669610,2.785601,30,v6,88000000ffffffffffffa8dd9f4dc5b5
7264,81.639060653,4.391043,30,v6,88000000ffffffffffffa8dd9f4dc5b5
7265,81.641883490,2.822837,30,v6,88000000ffffffffffffa8dd9f4dc5b5
7266,81.645846791,3.963301,30,v6,88000000ffffffffffffa8dd9f4dc5b5
7267,81.648969613,3.122822,30,v6,88000000ffffffffffffa8dd9f4dc5b5
7268,81.652055139,3.085526,30,v6,88000000ffffffffffffa8dd9f4dc5b5
7269,81.656112870,4.057731,30,v6,88000000ffffffffffffa8dd9f4dc5b5
7270,81.659279844,3.166974,30,v6,88000000ffffffffffffa8dd9f4dc5b5
7271,81.663126306,3.846462,30,v6,88000000ffffffffffffa8dd9f4dc5b5
7272,81.666215815,3.089509,30,v6,88000000ffffffffffffa8dd9f4dc5b5
7273,81.670223212,4.007397,30,v6,88000000ffffffffffffa8dd9f4dc5b5
7274,81.674301093,4.077881,30,v6,88000000ffffffffffffa8dd9f4dc5b5
7275,81.677442240,3.141147,30,v6,88000000ffffffffffffa8dd9f4dc5b5
7276,81.680631698,3.189458,30,v6,88000000ffffffffffffa8dd9f4dc5b5
7277,81.684595852,3.964154,30,v6,88000000ffffffffffffa8dd9f4dc5b5
7278,81.687789981,3.194129,30,v6,88000000ffffffffffffa8dd9f4dc5b5
7279,81.691507688,3.717707,30,v6,88000000ffffffffffffa8dd9f4dc5b5
7280,81.694705611,3.197923,30,v6,88000000ffffffffffffa8dd9f4dc5b5
7281,81.697717901,3.012290,30,v6,88000000ffffffffffffa8dd9f4dc5b5
7282,81.701822328,4.104427,30,v6,88000000ffffffffffffa8dd9f4dc5b5
7283,81.705990921,4.168593,30,v6,88000000ffffffffffffa8dd9f4dc5b5
7284,81.708859837,2.868916,30,v6,88000000ffffffffffffa8dd9f4dc5b5
7285,81.713001049,4.141212,30,v6,88000000ffffffffffffa8dd9f4dc5b5
7286,81.716008655,3.007606,30,v6,88000000ffffffffffffa8dd9f4dc5b5
7287,81.720048053,4.039398,30,v6,88000000ffffffffffffa8dd9f4dc5b5
7288,81.723272220,3.224167,30,v6,88000000ffffffffffffa8dd9f4dc5b5
7289,81.727215585,3.943365,30,v6,88000000ffffffffffffa8dd9f4dc5b5
7290,81.730344547,3.128962,30,v6,88000000ffffffffffffa8dd9f4dc5b5
7291,81.735255803,4.911256,30,v6,88000000ffffffffffffa8dd9f4dc5b5
7292,81.738402772,3.146969,30,v6,88000000ffffffffffffa8dd9f4dc5b5
7293,81.742409669,4.006897,30,v6,88000000ffffffffffffa8dd9f4dc5b5
7294,81.745454395,3.044726,30,v6,88000000ffffffffffffa8dd9f4dc5b5
7295,81.749609976,4.155581,30,v6,88000000ffffffffffffa8dd9f4dc5b5
7296,81.752592589,2.982613,30,v6,88000000ffffffffffffa8dd9f4dc5b5
7297,81.756956743,4.364154,30,v6,88000000ffffffffffffa8dd9f4dc5b5
7298,81.759585978,2.629235,30,v6,88000000ffffffffffffa8dd9f4dc5b5
7299,81.763744022,4.158044,30,v6,88000000ffffffffffffa8dd9f4dc5b5
7300,81.766785560,3.041538,30,v6,88000000ffffffffffffa8dd9f4dc5b5
7301,81.769862558,3.076998,30,v6,88000000ffffffffffffa8dd9f4dc5b5
7302,81.773931670,4.069112,30,v6,88000000ffffffffffffa8dd9f4dc5b5
7303,81.777966612,4.034942,30,v6,88000000ffffffffffffa8dd9f4dc5b5
7304,82.128404051,350.437439,30,v6,88000000ffffffffffffa8dd9f4dc5b5
7305,82.131674637,3.270586,30,v6,88000000ffffffffffffa8dd9f4dc5b5
7306,82.134679812,3.005175,30,v6,88000000ffffffffffffa8dd9f4dc5b5
7307,82.138499951,3.820139,30,v6,88000000ffffffffffffa8dd9f4dc5b5
7308,82.141692958,3.193007,30,v6,88000000ffffffffffffa8dd9f4dc5b5
7309,82.145663179,3.970221,30,v6,88000000ffffffffffffa8dd9f4dc5b5
7310,82.149913887,4.250708,30,v6,88000000ffffffffffffa8dd9f4dc5b5
7311,82.154037968,4.124081,30,v6,88000000ffffffffffffa8dd9f4dc5b5
7312,82.157028517,2.990549,30,v6,88000000ffffffffffffa8dd9f4dc5b5
7313,82.160113108,3.084591,30,v6,88000000ffffffffffffa8dd9f4dc5b5
7314,82.164211447,4.098339,30,v6,88000000ffffffffffffa8dd9f4dc5b5
7315,82.166966434,2.754987,30,v6,88000000ffffffffffffa8dd9f4dc5b5
7316,82.170227207,3.260773,30,v6,88000000ffffffffffffa8dd9f4dc5b5
7317,82.174321956,4.094749,30,v6,88000000ffffffffffffa8dd9f4dc5b5
7318,82.177208754,2.886798,30,v6,88000000ffffffffffffa8dd9f4dc5b5
7319,82.181296443,4.087689,30,v6,88000000ffffffffffffa8dd9f4dc5b5
7320,82.184288280,2.991837,30,v6,88000000ffffffffffffa8dd9f4dc5b5
7321,82.187333944,3.045664,30,v6,88000000ffffffffffffa8dd9f4dc5b5
7322,82.191436978,4.103034,30,v6,88000000ffffffffffffa8dd9f4dc5b5
7323,82.194472815,3.035837,30,v6,88000000ffffffffffffa8dd9f4dc5b5
7324,82.197597508,3.124693,30,v6,88000000ffffffffffffa8dd9f4dc5b5
7325,82.201556436,3.958928,30,v6,88000000ffffffffffffa8dd9f4dc5b5
7326,82.204803151,3.246715,30,v6,88000000ffffffffffffa8dd9f4dc5b5
7327,82.208854112,4.050961,30,v6,88000000ffffffffffffa8dd9f4dc5b5
7328,82.211773199,2.919087,30,v6,88000000ffffffffffffa8dd9f4dc5b5
7329,82.214997456,3.224257,30,v6,88000000ffffffffffffa8dd9f4dc5b5
7330,82.219102455,4.104999,30,v6,88000000ffffffffffffa8dd9f4dc5b5
7331,82.221866639,2.764184,30,v6,88000000ffffffffffffa8dd9f4dc5b5
7332,82.225272368,3.405729,30,v6,88000000ffffffffffffa8dd9f4dc5b5
7333,82.229184782,3.912414,30,v6,88000000ffffffffffffa8dd9f4dc5b5
7334,82.231876744,2.691962,30,v6,88000000ffffffffffffa8dd9f4dc5b5
7335,82.235216443,3.339699,30,v6,88000000ffffffffffffa8dd9f4dc5b5
7336,82.239398388,4.181945,30,v6,88000000ffffffffffffa8dd9f4dc5b5
7337,82.242307797,2.909409,30,v6,88000000ffffffffffffa8dd9f4dc5b5
7338,82.246348314,4.040517,30,v6,88000000ffffffffffffa8dd9f4dc5b5
7339,82.249412174,3.063860,30,v6,88000000ffffffffffffa8dd9f4dc5b5
7340,82.252511126,3.098952,30,v6,88000000ffffffffffffa8dd9f4dc5b5
7341,82.255500593,2.989467,30,v6,88000000ffffffffffffa8dd9f4dc5b5
7342,82.259653079,4.152486,30,v6,88000000ffffffffffffa8dd9f4dc5b5
7343,82.262470522,2.817443,30,v6,88000000ffffffffffffa8dd9f4dc5b5
7344,82.266568468,4.097946,30,v6,88000000ffffffffffffa8dd9f4dc5b5
7345,82.269833119,3.264651,30,v6,88000000ffffffffffffa8dd9f4dc5b5
7346,82.274951909,5.118790,30,v6,88000000ffffffffffffa8dd9f4dc5b5
7347,82.277696056,2.744147,30,v6,88000000ffffffffffffa8dd9f4dc5b5
7348,82.281018573,3.322517,30,v6,88000000ffffffffffffa8dd9f4dc5b5
7349,82.284919380,3.900807,30,v6,88000000ffffffffffffa8dd9f4dc5b5
7350,82.287983403,3.064023,30,v6,88000000ffffffffffffa8dd9f4dc5b5
7351,82.291258445,3.275042,30,v6,88000000ffffffffffffa8dd9f4dc5b5
7352,82.294984860,3.726415,30,v6,88000000ffffffffffffa8dd9f4dc5b5
7353,82.298204734,3.219874,30,v6,88000000ffffffffffffa8dd9f4dc5b5
7354,82.302213448,4.008714,30,v6,88000000ffffffffffffa8dd9f4dc5b5
7355,82.305235289,3.021841,30,v6,88000000ffffffffffffa8dd9f4dc5b5
7356,82.308242833,3.007544,30,v6,88000000ffffffffffffa8dd9f4dc5b5
7357,82.312525673,4.282840,30,v6,88000000ffffffffffffa8dd9f4dc5b5
7358,82.315409157,2.883484,30,v6,88000000ffffffffffffa8dd9f4dc5b5
7359,82.318457124,3.047967,30,v6,88000000ffffffffffffa8dd9f4dc5b5
7360,82.321608156,3.151032,30,v6,88000000ffffffffffffa8dd9f4dc5b5
7361,82.325496274,3.888118,30,v6,88000000ffffffffffffa8dd9f4dc5b5
7362,82.328651236,3.154962,30,v6,88000000ffffffffffffa8dd9f4dc5b5
7363,82.332916435,4.265199,30,v6,88000000ffffffffffffa8dd9f4dc5b5
7364,82.335817169,2.900734,30,v6,88000000ffffffffffffa8dd9f4dc5b5
7365,82.339931690,4.114521,30,v6,88000000ffffffffffffa8dd9f4dc5b5
7366,82.342936062,3.004372,30,v6,88000000ffffffffffffa8dd9f4dc5b5
7367,82.345921008,2.984946,30,v6,88000000ffffffffffffa8dd9f4dc5b5
7368,82.348964924,3.043916,30,v6,88000000ffffffffffffa8dd9f4dc5b5
7369,82.353015520,4.050596,30,v6,88000000ffffffffffffa8dd9f4dc5b5
7370,82.356239178,3.223658,30,v6,88000000ffffffffffffa8dd9f4dc5b5
7371,82.360087925,3.848747,30,v6,88000000ffffffffffffa8dd9f4dc5b5
7372,82.363342688,3.254763,30,v6,88000000ffffffffffffa8dd9f4dc5b5
7373,82.367245831,3.903143,30,v6,88000000ffffffffffffa8dd9f4dc5b5
7374,82.370251845,3.006014,30,v6,88000000ffffffffffffa8dd9f4dc5b5
7375,82.373415880,3.164035,30,v6,88000000ffffffffffffa8dd9f4dc5b5
7376,82.376436147,3.020267,30,v6,88000000ffffffffffffa8dd9f4dc5b5
7377,82.380629287,4.193140,30,v6,88000000ffffffffffffa8dd9f4dc5b5
7378,82.384744745,4.115458,30,v6,88000000ffffffffffffa8dd9f4dc5b5
7379,82.387514918,2.770173,30,v6,88000000ffffffffffffa8dd9f4dc5b5
7380,82.391553718,4.038800,30,v6,88000000ffffffffffffa8dd9f4dc5b5
7381,82.394733793,3.180075,30,v6,88000000ffffffffffffa8dd9f4dc5b5
7382,82.398896172,4.162379,30,v6,88000000ffffffffffffa8dd9f4dc5b5
7383,82.401906057,3.009885,30,v6,88000000ffffffffffffa8dd9f4dc5b5
7384,82.406096694,4.190637,30,v6,88000000ffffffffffffa8dd9f4dc5b5
7385,82.409164417,3.067723,30,v6,88000000ffffffffffffa8dd9f4dc5b5
7386,82.411962872,2.798455,30,v6,88000000ffffffffffffa8dd9f4dc5b5
7387,82.416336123,4.373251,30,v6,88000000ffffffffffffa8dd9f4dc5b5
7388,82.418876585,2.540462,30,v6,88000000ffffffffffffa8dd9f4dc5b5
7389,82.422310328,3.433743,30,v6,88000000ffffffffffffa8dd9f4dc5b5
7390,82.426095167,3.784839,30,v6,88000000ffffffffffffa8dd9f4dc5b5
7391,82.429001609,2.906442,30,v6,88000000ffffffffffffa8dd9f4dc5b5
7392,82.432240888,3.239279,30,v6,88000000ffffffffffffa8dd9f4dc5b5
7393,82.436216251,3.975363,30,v6,88000000ffffffffffffa8dd9f4dc5b5
7394,82.439453567,3.237316,30,v6,88000000ffffffffffffa8dd9f4dc5b5
7395,82.442483434,3.029867,30,v6,88000000ffffffffffffa8dd9f4dc5b5
7396,82.446439989,3.956555,30,v6,88000000ffffffffffffa8dd9f4dc5b5
7397,82.449580257,3.140268,30,v6,88000000ffffffffffffa8dd9f4dc5b5
7398,82.453844676,4.264419,30,v6,88000000ffffffffffffa8dd9f4dc5b5
7399,82.456717002,2.872326,30,v6,88000000ffffffffffffa8dd9f4dc5b5
7400,82.459823208,3.106206,30,v6,88000000ffffffffffffa8dd9f4dc5b5
7401,82.464101784,4.278576,30,v6,88000000ffffffffffffa8dd9f4dc5b5
7402,82.466859586,2.757802,30,v6,88000000ffffffffffffa8dd9f4dc5b5
7403,82.469887770,3.028184,30,v6,88000000ffffffffffffa8dd9f4dc5b5
7404,82.822332572,352.444802,30,v6,88000000ffffffffffffa8dd9f4dc5b5
7405,82.825547209,3.214637,30,v6,88000000ffffffffffffa8dd9f4dc5b5
7406,82.829521148,3.973939,30,v6,88000000ffffffffffffa8dd9f4dc5b5
7407,82.832712107,3.190959,30,v6,88000000ffffffffffffa8dd9f4dc5b5
7408,82.836650947,3.938840,30,v6,88000000ffffffffffffa8dd9f4dc5b5
7409,82.839749126,3.098179,30,v6,88000000ffffffffffffa8dd9f4dc5b5
7410,82.842943604,3.194478,30,v6,88000000ffffffffffffa8dd9f4dc5b5
7411,82.845765467,2.821863,30,v6,88000000ffffffffffffa8dd9f4dc5b5
7412,82.849088430,3.322963,30,v6,88000000ffffffffffffa8dd9f4dc5b5
7413,82.852966856,3.878426,30,v6,88000000ffffffffffffa8dd9f4dc5b5
7414,82.855874775,2.907919,30,v6,88000000ffffffffffffa8dd9f4dc5b5
7415,82.860250966,4.376191,30,v6,88000000ffffffffffffa8dd9f4dc5b5
7416,82.863158199,2.907233,30,v6,88000000ffffffffffffa8dd9f4dc5b5
7417,82.866693612,3.535413,30,v6,88000000ffffffffffffa8dd9f4dc5b5
7418,82.869038511,2.344899,30,v6,88000000ffffffffffffa8dd9f4dc5b5
7419,82.873116200,4.077689,30,v6,88000000ffffffffffffa8dd9f4dc5b5
7420,82.876062170,2.945970,30,v6,88000000ffffffffffffa8dd9f4dc5b5
7421,82.879126117,3.063947,30,v6,88000000ffffffffffffa8dd9f4dc5b5
7422,82.882474511,3.348394,30,v6,88000000ffffffffffffa8dd9f4dc5b5
7423,82.885486191,3.011680,30,v6,88000000ffffffffffffa8dd9f4dc5b5
7424,82.889522831,4.036640,30,v6,88000000ffffffffffffa8dd9f4dc5b5
7425,82.892642305,3.119474,30,v6,88000000ffffffffffffa8dd9f4dc5b5
7426,82.895578757,2.936452,30,v6,88000000ffffffffffffa8dd9f4dc5b5
7427,82.898843810,3.265053,30,v6,88000000ffffffffffffa8dd9f4dc5b5
7428,82.902518277,3.674467,30,v6,88000000ffffffffffffa8dd9f4dc5b5
7429,82.905578152,3.059875,30,v6,88000000ffffffffffffa8dd9f4dc5b5
7430,82.909828161,4.250009,30,v6,88000000ffffffffffffa8dd9f4dc5b5
7431,82.913010291,3.182130,30,v6,88000000ffffffffffffa8dd9f4dc5b5
7432,82.916790020,3.779729,30,v6,88000000ffffffffffffa8dd9f4dc5b5
7433,82.920145244,3.355224,30,v6,88000000ffffffffffffa8dd9f4dc5b5
7434,82.924055748,3.910504,30,v6,88000000ffffffffffffa8dd9f4dc5b5
7435,82.927059856,3.004108,30,v6,88000000ffffffffffffa8dd9f4dc5b5
7436,82.930048032,2.988176,30,v6,88000000ffffffffffffa8dd9f4dc5b5
7437,82.933938166,3.890134,30,v6,88000000ffffffffffffa8dd9f4dc5b5
7438,82.936135693,2.197527,30,v6,88000000ffffffffffffa8dd9f4dc5b5
7439,82.940093894,3.958201,30,v6,88000000ffffffffffffa8dd9f4dc5b5
7440,82.943314851,3.220957,30,v6,88000000ffffffffffffa8dd9f4dc5b5
7441,82.947243367,3.928516,30,v6,88000000ffffffffffffa8dd9f4dc5b5
7442,82.950261975,3.018608,30,v6,88000000ffffffffffffa8dd9f4dc5b5
7443,82.953402230,3.140255,30,v6,88000000ffffffffffffa8dd9f4dc5b5
7444,82.956554361,3.152131,30,v6,88000000ffffffffffffa8dd9f4dc5b5
7445,82.960686612,4.132251,30,v6,88000000ffffffffffffa8dd9f4dc5b5
7446,82.963630855,2.944243,30,v6,88000000ffffffffffffa8dd9f4dc5b5
7447,82.966728335,3.097480,30,v6,88000000ffffffffffffa8dd9f4dc5b5
7448,82.969679258,2.950923,30,v6,88000000ffffffffffffa8dd9f4dc5b5
7449,82.973639905,3.960647,30,v6,88000000ffffffffffffa8dd9f4dc5b5
7450,82.977025972,3.386067,30,v6,88000000ffffffffffffa8dd9f4dc5b5
7451,82.979952002,2.926030,30,v6,88000000ffffffffffffa8dd9f4dc5b5
7452,82.984115427,4.163425,30,v6,88000000ffffffffffffa8dd9f4dc5b5
7453,82.986210278,2.094851,30,v6,88000000ffffffffffffa8dd9f4dc5b5
7454,82.990157475,3.947197,30,v6,88000000ffffffffffffa8dd9f4dc5b5
7455,82.993266805,3.109330,30,v6,88000000ffffffffffffa8dd9f4dc5b5
7456,82.996276884,3.010079,30,v6,88000000ffffffffffffa8dd9f4dc5b5
7457,83.000346333,4.069449,30,v6,88000000ffffffffffffa8dd9f4dc5b5
7458,83.003306104,2.959771,30,v6,88000000ffffffffffffa8dd9f4dc5b5
7459,83.006604602,3.298498,30,v6,88000000ffffffffffffa8dd9f4dc5b5
7460,83.010575045,3.970443,30,v6,88000000ffffffffffffa8dd9f4dc5b5
7461,83.013407496,2.832451,30,v6,88000000ffffffffffffa8dd9f4dc5b5
7462,83.016711726,3.304230,30,v6,88000000ffffffffffffa8dd9f4dc5b5
7463,83.021509992,4.798266,30,v6,88000000ffffffffffffa8dd9f4dc5b5
7464,83.023552943,2.042951,30,v6,88000000ffffffffffffa8dd9f4dc5b5
7465,83.027651571,4.098628,30,v6,88000000ffffffffffffa8dd9f4dc5b5
7466,83.030809356,3.157785,30,v6,88000000ffffffffffffa8dd9f4dc5b5
7467,83.033625305,2.815949,30,v6,88000000ffffffffffffa8dd9f4dc5b5
7468,83.037724198,4.098893,30,v6,88000000ffffffffffffa8dd9f4dc5b5
7469,83.040941455,3.217257,30,v6,88000000ffffffffffffa8dd9f4dc5b5
7470,83.044023525,3.082070,30,v6,88000000ffffffffffffa8dd9f4dc5b5
7471,83.048301856,4.278331,30,v6,88000000ffffffffffffa8dd9f4dc5b5
7472,83.050924650,2.622794,30,v6,88000000ffffffffffffa8dd9f4dc5b5
7473,83.054153546,3.228896,30,v6,88000000ffffffffffffa8dd9f4dc5b5
7474,83.057042691,2.889145,30,v6,88000000ffffffffffffa8dd9f4dc5b5
7475,83.061069494,4.026803,30,v6,88000000ffffffffffffa8dd9f4dc5b5
7476,83.064173682,3.104188,30,v6,88000000ffffffffffffa8dd9f4dc5b5
7477,83.067328140,3.154458,30,v6,88000000ffffffffffffa8dd9f4dc5b5
7478,83.071326956,3.998816,30,v6,88000000ffffffffffffa8dd9f4dc5b5
7479,83.074301630,2.974674,30,v6,88000000ffffffffffffa8dd9f4dc5b5
7480,83.077514991,3.213361,30,v6,88000000ffffffffffffa8dd9f4dc5b5
7481,83.080643719,3.128728,30,v6,88000000ffffffffffffa8dd9f4dc5b5
7482,83.084471474,3.827755,30,v6,88000000ffffffffffffa8dd9f4dc5b5
7483,83.087612874,3.141400,30,v6,88000000ffffffffffffa8dd9f4dc5b5
7484,83.090471925,2.859051,30,v6,88000000ffffffffffffa8dd9f4dc5b5
7485,83.093708369,3.236444,30,v6,88000000ffffffffffffa8dd9f4dc5b5
7486,83.097892467,4.184098,30,v6,88000000ffffffffffffa8dd9f4dc5b5
7487,83.100820422,2.927955,30,v6,88000000ffffffffffffa8dd9f4dc5b5
7488,83.104120344,3.299922,30,v6,88000000ffffffffffffa8dd9f4dc5b5
7489,83.106924329,2.803985,30,v6,88000000ffffffffffffa8dd9f4dc5b5
7490,83.111106273,4.181944,30,v6,88000000ffffffffffffa8dd9f4dc5b5
7491,83.114235982,3.129709,30,v6,88000000ffffffffffffa8dd9f4dc5b5
7492,83.117168874,2.932892,30,v6,88000000ffffffffffffa8dd9f4dc5b5
7493,83.121113526,3.944652,30,v6,88000000ffffffffffffa8dd9f4dc5b5
7494,83.124176886,3.063360,30,v6,88000000ffffffffffffa8dd9f4dc5b5
7495,83.128264898,4.088012,30,v6,88000000ffffffffffffa8dd9f4dc5b5
7496,83.132391513,4.126615,30,v6,88000000ffffffffffffa8dd9f4dc5b5
7497,83.135294314,2.902801,30,v6,88000000ffffffffffffa8dd9f4dc5b5
7498,83.138318709,3.024395,30,v6,88000000ffffffffffffa8dd9f4dc5b5
7499,83.141368085,3.049376,30,v6,88000000ffffffffffffa8dd9f4dc5b5
7500,83.145485963,4.117878,30,v6,88000000ffffffffffffa8dd9f4dc5b5
7501,83.148721967,3.236004,30,v6,88000000ffffffffffffa8dd9f4dc5b5
7502,83.151602931,2.880964,30,v6,88000000ffffffffffffa8dd9f4dc5b5
7503,83.154553587,2.950656,30,v6,88000000ffffffffffffa8dd9f4dc5b5
7504,83.483748398,329.194811,30,v6,88000000ffffffffffffa8dd9f4dc5b5
7505,83.486966241,3.217843,30,v6,88000000ffffffffffffa8dd9f4dc5b5
7506,83.490052950,3.086709,30,v6,88000000ffffffffffffa8dd9f4dc5b5
7507,83.493185340,3.132390,30,v6,88000000ffffffffffffa8dd9f4dc5b5
7508,83.497088848,3.903508,30,v6,88000000ffffffffffffa8dd9f4dc5b5
7509,83.499949719,2.860871,30,v6,88000000ffffffffffffa8dd9f4dc5b5
7510,83.503087695,3.137976,30,v6,88000000ffffffffffffa8dd9f4dc5b5
7511,83.506127047,3.039352,30,v6,88000000ffffffffffffa8dd9f4dc5b5
7512,83.509105748,2.978701,30,v6,88000000ffffffffffffa8dd9f4dc5b5
7513,83.512107186,3.001438,30,v6,88000000ffffffffffffa8dd9f4dc5b5
7514,83.516315981,4.208795,30,v6,88000000ffffffffffffa8dd9f4dc5b5
7515,83.519343027,3.027046,30,v6,88000000ffffffffffffa8dd9f4dc5b5
7516,83.522273433,2.930406,30,v6,88000000ffffffffffffa8dd9f4dc5b5
7517,83.525239355,2.965922,30,v6,88000000ffffffffffffa8dd9f4dc5b5
7518,83.528443833,3.204478,30,v6,88000000ffffffffffffa8dd9f4dc5b5
7519,83.532600875,4.157042,30,v6,88000000ffffffffffffa8dd9f4dc5b5
7520,83.534453106,1.852231,30,v6,88000000ffffffffffffa8dd9f4dc5b5
7521,83.538680418,4.227312,30,v6,88000000ffffffffffffa8dd9f4dc5b5
7522,83.541847705,3.167287,30,v6,88000000ffffffffffffa8dd9f4dc5b5
7523,83.544664608,2.816903,30,v6,88000000ffffffffffffa8dd9f4dc5b5
7524,83.547665973,3.001365,30,v6,88000000ffffffffffffa8dd9f4dc5b5
7525,83.551892972,4.226999,30,v6,88000000ffffffffffffa8dd9f4dc5b5
7526,83.553796179,1.903207,30,v6,88000000ffffffffffffa8dd9f4dc5b5
7527,83.557798756,4.002577,30,v6,88000000ffffffffffffa8dd9f4dc5b5
7528,83.561961278,4.162522,30,v6,88000000ffffffffffffa8dd9f4dc5b5
7529,83.565059004,3.097726,30,v6,88000000ffffffffffffa8dd9f4dc5b5
7530,83.568056858,2.997854,30,v6,88000000ffffffffffffa8dd9f4dc5b5
7531,83.571942639,3.885781,30,v6,88000000ffffffffffffa8dd9f4dc5b5
7532,83.574973816,3.031177,30,v6,88000000ffffffffffffa8dd9f4dc5b5
7533,83.578021835,3.048019,30,v6,88000000ffffffffffffa8dd9f4dc5b5
7534,83.581068195,3.046360,30,v6,88000000ffffffffffffa8dd9f4dc5b5
7535,83.584206536,3.138341,30,v6,88000000ffffffffffffa8dd9f4dc5b5
7536,83.587199770,2.993234,30,v6,88000000ffffffffffffa8dd9f4dc5b5
7537,83.591352883,4.153113,30,v6,88000000ffffffffffffa8dd9f4dc5b5
7538,83.594563352,3.210469,30,v6,88000000ffffffffffffa8dd9f4dc5b5
7539,83.597499989,2.936637,30,v6,88000000ffffffffffffa8dd9f4dc5b5
7540,83.600422566,2.922577,30,v6,88000000ffffffffffffa8dd9f4dc5b5
7541,83.603689821,3.267255,30,v6,88000000ffffffffffffa8dd9f4dc5b5
7542,83.606829646,3.139825,30,v6,88000000ffffffffffffa8dd9f4dc5b5
7543,83.609865430,3.035784,30,v6,88000000ffffffffffffa8dd9f4dc5b5
7544,83.613797055,3.931625,30,v6,88000000ffffffffffffa8dd9f4dc5b5
7545,83.616663669,2.866614,30,v6,88000000ffffffffffffa8dd9f4dc5b5
7546,83.619894424,3.230755,30,v6,88000000ffffffffffffa8dd9f4dc5b5
7547,83.622930893,3.036469,30,v6,88000000ffffffffffffa8dd9f4dc5b5
7548,83.626011673,3.080780,30,v6,88000000ffffffffffffa8dd9f4dc5b5
7549,83.629838014,3.826341,30,v6,88000000ffffffffffffa8dd9f4dc5b5
7550,83.633004674,3.166660,30,v6,88000000ffffffffffffa8dd9f4dc5b5
7551,83.636089000,3.084326,30,v6,88000000ffffffffffffa8dd9f4dc5b5
7552,83.639081719,2.992719,30,v6,88000000ffffffffffffa8dd9f4dc5b5
7553,83.642377155,3.295436,30,v6,88000000ffffffffffffa8dd9f4dc5b5
7554,83.645316344,2.939189,30,v6,88000000ffffffffffffa8dd9f4dc5b5
7555,83.649369128,4.052784,30,v6,88000000ffffffffffffa8dd9f4dc5b5
7556,83.652320471,2.951343,30,v6,88000000ffffffffffffa8dd9f4dc5b5
7557,83.655483360,3.162889,30,v6,88000000ffffffffffffa8dd9f4dc5b5
7558,83.658644791,3.161431,30,v6,88000000ffffffffffffa8dd9f4dc5b5
7559,83.662875376,4.230585,30,v6,88000000ffffffffffffa8dd9f4dc5b5
7560,83.665784077,2.908701,30,v6,88000000ffffffffffffa8dd9f4dc5b5
7561,83.668854900,3.070823,30,v6,88000000ffffffffffffa8dd9f4dc5b5
7562,83.672756225,3.901325,30,v6,88000000ffffffffffffa8dd9f4dc5b5
7563,83.674741368,1.985143,30,v6,88000000ffffffffffffa8dd9f4dc5b5
7564,83.678906335,4.164967,30,v6,88000000ffffffffffffa8dd9f4dc5b5
7565,83.682874771,3.968436,30,v6,88000000ffffffffffffa8dd9f4dc5b5
7566,83.686059763,3.184992,30,v6,88000000ffffffffffffa8dd9f4dc5b5
7567,83.689144827,3.085064,30,v6,88000000ffffffffffffa8dd9f4dc5b5
7568,83.693138616,3.993789,30,v6,88000000ffffffffffffa8dd9f4dc5b5
7569,83.696048387,2.909771,30,v6,88000000ffffffffffffa8dd9f4dc5b5
7570,83.699410749,3.362362,30,v6,88000000ffffffffffffa8dd9f4dc5b5
7571,83.702282152,2.871403,30,v6,88000000ffffffffffffa8dd9f4dc5b5
7572,83.705375528,3.093376,30,v6,88000000ffffffffffffa8dd9f4dc5b5
7573,83.709446532,4.071004,30,v6,88000000ffffffffffffa8dd9f4dc5b5
7574,83.712389172,2.942640,30,v6,88000000ffffffffffffa8dd9f4dc5b5
7575,83.715305196,2.916024,30,v6,88000000ffffffffffffa8dd9f4dc5b5
7576,83.718344527,3.039331,30,v6,88000000ffffffffffffa8dd9f4dc5b5
7577,83.721530888,3.186361,30,v6,88000000ffffffffffffa8dd9f4dc5b5
7578,83.725828036,4.297148,30,v6,88000000ffffffffffffa8dd9f4dc5b5
7579,83.728516017,2.687981,30,v6,88000000ffffffffffffa8dd9f4dc5b5
7580,83.731532257,3.016240,30,v6,88000000ffffffffffffa8dd9f4dc5b5
7581,83.734751139,3.218882,30,v6,88000000ffffffffffffa8dd9f4dc5b5
7582,83.737666579,2.915440,30,v6,88000000ffffffffffffa8dd9f4dc5b5
7583,83.740939831,3.273252,30,v6,88000000ffffffffffffa8dd9f4dc5b5
7584,83.743909907,2.970076,30,v6,88000000ffffffffffffa8dd9f4dc5b5
7585,83.746987689,3.077782,30,v6,88000000ffffffffffffa8dd9f4dc5b5
7586,83.750838696,3.851007,30,v6,88000000ffffffffffffa8dd9f4dc5b5
7587,83.753921514,3.082818,30,v6,88000000ffffffffffffa8dd9f4dc5b5
7588,83.756930345,3.008831,30,v6,88000000ffffffffffffa8dd9f4dc5b5
7589,83.760195947,3.265602,30,v6,88000000ffffffffffffa8dd9f4dc5b5
7590,83.764091124,3.895177,30,v6,88000000ffffffffffffa8dd9f4dc5b5
7591,83.767306954,3.215830,30,v6,88000000ffffffffffffa8dd9f4dc5b5
7592,83.770195748,2.888794,30,v6,88000000ffffffffffffa8dd9f4dc5b5
7593,83.773356141,3.160393,30,v6,88000000ffffffffffffa8dd9f4dc5b5
7594,83.777445268,4.089127,30,v6,88000000ffffffffffffa8dd9f4dc5b5
7595,83.780633277,3.188009,30,v6,88000000ffffffffffffa8dd9f4dc5b5
7596,83.784445383,3.812106,30,v6,88000000ffffffffffffa8dd9f4dc5b5
7597,83.787379936,2.934553,30,v6,88000000ffffffffffffa8dd9f4dc5b5
7598,83.790643025,3.263089,30,v6,88000000ffffffffffffa8dd9f4dc5b5
7599,83.793744144,3.101119,30,v6,88000000ffffffffffffa8dd9f4dc5b5
7600,83.796792981,3.048837,30,v6,88000000ffffffffffffa8dd9f4dc5b5
7601,83.800719390,3.926409,30,v6,88000000ffffffffffffa8dd9f4dc5b5
7602,83.803750137,3.030747,30,v6,88000000ffffffffffffa8dd9f4dc5b5
7603,83.807030698,3.280561,30,v6,88000000ffffffffffffa8dd9f4dc5b5
7604,84.131087542,324.056844,30,v6,88000000ffffffffffffa8dd9f4dc5b5
7605,84.134072558,2.985016,30,v6,88000000ffffffffffffa8dd9f4dc5b5
7606,84.137053137,2.980579,30,v6,88000000ffffffffffffa8dd9f4dc5b5
7607,84.140044814,2.991677,30,v6,88000000ffffffffffffa8dd9f4dc5b5
7608,84.143070152,3.025338,30,v6,88000000ffffffffffffa8dd9f4dc5b5
7609,84.147156954,4.086802,30,v6,88000000ffffffffffffa8dd9f4dc5b5
7610,84.150190806,3.033852,30,v6,88000000ffffffffffffa8dd9f4dc5b5
7611,84.153247914,3.057108,30,v6,88000000ffffffffffffa8dd9f4dc5b5
7612,84.156367980,3.120066,30,v6,88000000ffffffffffffa8dd9f4dc5b5
7613,84.160339972,3.971992,30,v6,88000000ffffffffffffa8dd9f4dc5b5
7614,84.163449346,3.109374,30,v6,88000000ffffffffffffa8dd9f4dc5b5
7615,84.166450114,3.000768,30,v6,88000000ffffffffffffa8dd9f4dc5b5
7616,84.169490232,3.040118,30,v6,88000000ffffffffffffa8dd9f4dc5b5
7617,84.172589373,3.099141,30,v6,88000000ffffffffffffa8dd9f4dc5b5
7618,84.175727633,3.138260,30,v6,88000000ffffffffffffa8dd9f4dc5b5
7619,84.178781628,3.053995,30,v6,88000000ffffffffffffa8dd9f4dc5b5
7620,84.181662940,2.881312,30,v6,88000000ffffffffffffa8dd9f4dc5b5
7621,84.184790724,3.127784,30,v6,88000000ffffffffffffa8dd9f4dc5b5
7622,84.188934826,4.144102,30,v6,88000000ffffffffffffa8dd9f4dc5b5
7623,84.190948756,2.013930,30,v6,88000000ffffffffffffa8dd9f4dc5b5
7624,84.193884307,2.935551,30,v6,88000000ffffffffffffa8dd9f4dc5b5
7625,84.198041867,4.157560,30,v6,88000000ffffffffffffa8dd9f4dc5b5
7626,84.200907229,2.865362,30,v6,88000000ffffffffffffa8dd9f4dc5b5
7627,84.204115075,3.207846,30,v6,88000000ffffffffffffa8dd9f4dc5b5
7628,84.207101587,2.986512,30,v6,88000000ffffffffffffa8dd9f4dc5b5
7629,84.210145174,3.043587,30,v6,88000000ffffffffffffa8dd9f4dc5b5
7630,84.213137845,2.992671,30,v6,88000000ffffffffffffa8dd9f4dc5b5
7631,84.216195206,3.057361,30,v6,88000000ffffffffffffa8dd9f4dc5b5
7632,84.220415729,4.220523,30,v6,88000000ffffffffffffa8dd9f4dc5b5
7633,84.223406357,2.990628,30,v6,88000000ffffffffffffa8dd9f4dc5b5
7634,84.226479196,3.072839,30,v6,88000000ffffffffffffa8dd9f4dc5b5
7635,84.229779551,3.300355,30,v6,88000000ffffffffffffa8dd9f4dc5b5
7636,84.232707563,2.928012,30,v6,88000000ffffffffffffa8dd9f4dc5b5
7637,84.235480671,2.773108,30,v6,88000000ffffffffffffa8dd9f4dc5b5
7638,84.238772963,3.292292,30,v6,88000000ffffffffffffa8dd9f4dc5b5
7639,84.241772673,2.999710,30,v6,88000000ffffffffffffa8dd9f4dc5b5
7640,84.244915024,3.142351,30,v6,88000000ffffffffffffa8dd9f4dc5b5
7641,84.247842453,2.927429,30,v6,88000000ffffffffffffa8dd9f4dc5b5
7642,84.251945495,4.103042,30,v6,88000000ffffffffffffa8dd9f4dc5b5
7643,84.253925110,1.979615,30,v6,88000000ffffffffffffa8dd9f4dc5b5
7644,84.257060517,3.135407,30,v6,88000000ffffffffffffa8dd9f4dc5b5
7645,84.260123195,3.062678,30,v6,88000000ffffffffffffa8dd9f4dc5b5
7646,84.263977227,3.854032,30,v6,88000000ffffffffffffa8dd9f4dc5b5
7647,84.267032695,3.055468,30,v6,88000000ffffffffffffa8dd9f4dc5b5
7648,84.270116112,3.083417,30,v6,88000000ffffffffffffa8dd9f4dc5b5
7649,84.272985890,2.869778,30,v6,88000000ffffffffffffa8dd9f4dc5b5
7650,84.276245712,3.259822,30,v6,88000000ffffffffffffa8dd9f4dc5b5
7651,84.279273323,3.027611,30,v6,88000000ffffffffffffa8dd9f4dc5b5
7652,84.282289323,3.016000,30,v6,88000000ffffffffffffa8dd9f4dc5b5
7653,84.285547371,3.258048,30,v6,88000000ffffffffffffa8dd9f4dc5b5
7654,84.289549184,4.001813,30,v6,88000000ffffffffffffa8dd9f4dc5b5
7655,84.292621808,3.072624,30,v6,88000000ffffffffffffa8dd9f4dc5b5
7656,84.295721453,3.099645,30,v6,88000000ffffffffffffa8dd9f4dc5b5
7657,84.300032250,4.310797,30,v6,88000000ffffffffffffa8dd9f4dc5b5
7658,84.302728790,2.696540,30,v6,88000000ffffffffffffa8dd9f4dc5b5
7659,84.305888344,3.159554,30,v6,88000000ffffffffffffa8dd9f4dc5b5
7660,84.308904835,3.016491,30,v6,88000000ffffffffffffa8dd9f4dc5b5
7661,84.311694042,2.789207,30,v6,88000000ffffffffffffa8dd9f4dc5b5
7662,84.314903509,3.209467,30,v6,88000000ffffffffffffa8dd9f4dc5b5
7663,84.318073629,3.170120,30,v6,88000000ffffffffffffa8dd9f4dc5b5
7664,84.321106953,3.033324,30,v6,88000000ffffffffffffa8dd9f4dc5b5
7665,84.324011704,2.904751,30,v6,88000000ffffffffffffa8dd9f4dc5b5
7666,84.328039641,4.027937,30,v6,88000000ffffffffffffa8dd9f4dc5b5
7667,84.331336869,3.297228,30,v6,88000000ffffffffffffa8dd9f4dc5b5
7668,84.334188596,2.851727,30,v6,88000000ffffffffffffa8dd9f4dc5b5
7669,84.336210114,2.021518,30,v6,88000000ffffffffffffa8dd9f4dc5b5
7670,84.340336257,4.126143,30,v6,88000000ffffffffffffa8dd9f4dc5b5
7671,84.343493601,3.157344,30,v6,88000000ffffffffffffa8dd9f4dc5b5
7672,84.346620059,3.126458,30,v6,88000000ffffffffffffa8dd9f4dc5b5
7673,84.349493394,2.873335,30,v6,88000000ffffffffffffa8dd9f4dc5b5
7674,84.352559827,3.066433,30,v6,88000000ffffffffffffa8dd9f4dc5b5
7675,84.358741024,6.181197,30,v6,88000000ffffffffffffa8dd9f4dc5b5
7676,84.361614671,2.873647,30,v6,88000000ffffffffffffa8dd9f4dc5b5
7677,84.364765970,3.151299,30,v6,88000000ffffffffffffa8dd9f4dc5b5
7678,84.368922083,4.156113,30,v6,88000000ffffffffffffa8dd9f4dc5b5
7679,84.370796240,1.874157,30,v6,88000000ffffffffffffa8dd9f4dc5b5
7680,84.373766292,2.970052,30,v6,88000000ffffffffffffa8dd9f4dc5b5
7681,84.376841396,3.075104,30,v6,88000000ffffffffffffa8dd9f4dc5b5
7682,84.381008776,4.167380,30,v6,88000000ffffffffffffa8dd9f4dc5b5
7683,84.383968357,2.959581,30,v6,88000000ffffffffffffa8dd9f4dc5b5
7684,84.387026979,3.058622,30,v6,88000000ffffffffffffa8dd9f4dc5b5
7685,84.390306399,3.279420,30,v6,88000000ffffffffffffa8dd9f4dc5b5
7686,84.393174286,2.867887,30,v6,88000000ffffffffffffa8dd9f4dc5b5
7687,84.396258091,3.083805,30,v6,88000000ffffffffffffa8dd9f4dc5b5
7688,84.399363778,3.105687,30,v6,88000000ffffffffffffa8dd9f4dc5b5
7689,84.402234091,2.870313,30,v6,88000000ffffffffffffa8dd9f4dc5b5
7690,84.405256980,3.022889,30,v6,88000000ffffffffffffa8dd9f4dc5b5
7691,84.409478950,4.221970,30,v6,88000000ffffffffffffa8dd9f4dc5b5
7692,84.412498922,3.019972,30,v6,88000000ffffffffffffa8dd9f4dc5b5
7693,84.415590661,3.091739,30,v6,88000000ffffffffffffa8dd9f4dc5b5
7694,84.418470068,2.879407,30,v6,88000000ffffffffffffa8dd9f4dc5b5
7695,84.421531809,3.061741,30,v6,88000000ffffffffffffa8dd9f4dc5b5
7696,84.424825650,3.293841,30,v6,88000000ffffffffffffa8dd9f4dc5b5
7697,84.427803775,2.978125,30,v6,88000000ffffffffffffa8dd9f4dc5b5
7698,84.430865568,3.061793,30,v6,88000000ffffffffffffa8dd9f4dc5b5
7699,84.434557245,3.691677,30,v6,88000000ffffffffffffa8dd9f4dc5b5
7700,84.438958808,4.401563,30,v6,88000000ffffffffffffa8dd9f4dc5b5
7701,84.441875296,2.916488,30,v6,88000000ffffffffffffa8dd9f4dc5b5
7702,84.444921582,3.046286,30,v6,88000000ffffffffffffa8dd9f4dc5b5
7703,84.768965711,324.044129,30,v6,88000000ffffffffffffa8dd9f4dc5b5
7704,84.773077105,4.111394,30,v6,88000000ffffffffffffa8dd9f4dc5b5
7705,84.775220276,2.143171,30,v6,88000000ffffffffffffa8dd9f4dc5b5
7706,84.779008591,3.788315,30,v6,88000000ffffffffffffa8dd9f4dc5b5
7707,84.782165136,3.156545,30,v6,88000000ffffffffffffa8dd9f4dc5b5
7708,84.785271803,3.106667,30,v6,88000000ffffffffffffa8dd9f4dc5b5
7709,84.787302725,2.030922,30,v6,88000000ffffffffffffa8dd9f4dc5b5
7710,84.790257543,2.954818,30,v6,88000000ffffffffffffa8dd9f4dc5b5
7711,84.794484400,4.226857,30,v6,88000000ffffffffffffa8dd9f4dc5b5
7712,84.797669091,3.184691,30,v6,88000000ffffffffffffa8dd9f4dc5b5
7713,84.800480345,2.811254,30,v6,88000000ffffffffffffa8dd9f4dc5b5
7714,84.803628509,3.148164,30,v6,88000000ffffffffffffa8dd9f4dc5b5
7715,84.805657020,2.028511,30,v6,88000000ffffffffffffa8dd9f4dc5b5
7716,84.808706402,3.049382,30,v6,88000000ffffffffffffa8dd9f4dc5b5
7717,84.811958948,3.252546,30,v6,88000000ffffffffffffa8dd9f4dc5b5
7718,84.815006198,3.047250,30,v6,88000000ffffffffffffa8dd9f4dc5b5
7719,84.817791092,2.784894,30,v6,88000000ffffffffffffa8dd9f4dc5b5
7720,84.820758035,2.966943,30,v6,88000000ffffffffffffa8dd9f4dc5b5
7721,84.823817725,3.059690,30,v6,88000000ffffffffffffa8dd9f4dc5b5
7722,84.827064626,3.246901,30,v6,88000000ffffffffffffa8dd9f4dc5b5
7723,84.829940721,2.876095,30,v6,88000000ffffffffffffa8dd9f4dc5b5
7724,84.833154641,3.213920,30,v6,88000000ffffffffffffa8dd9f4dc5b5
7725,84.836070900,2.916259,30,v6,88000000ffffffffffffa8dd9f4dc5b5
7726,84.838995282,2.924382,30,v6,88000000ffffffffffffa8dd9f4dc5b5
7727,84.842230263,3.234981,30,v6,88000000ffffffffffffa8dd9f4dc5b5
7728,84.845186985,2.956722,30,v6,88000000ffffffffffffa8dd9f4dc5b5
7729,84.848340530,3.153545,30,v6,88000000ffffffffffffa8dd9f4dc5b5
7730,84.851425940,3.085410,30,v6,88000000ffffffffffffa8dd9f4dc5b5
7731,84.854338495,2.912555,30,v6,88000000ffffffffffffa8dd9f4dc5b5
7732,84.857399386,3.060891,30,v6,88000000ffffffffffffa8dd9f4dc5b5
7733,84.860528029,3.128643,30,v6,88000000ffffffffffffa8dd9f4dc5b5
7734,84.863645358,3.117329,30,v6,88000000ffffffffffffa8dd9f4dc5b5
7735,84.866567446,2.922088,30,v6,88000000ffffffffffffa8dd9f4dc5b5
7736,84.869500721,2.933275,30,v6,88000000ffffffffffffa8dd9f4dc5b5
7737,84.872769022,3.268301,30,v6,88000000ffffffffffffa8dd9f4dc5b5
7738,84.876684717,3.915695,30,v6,88000000ffffffffffffa8dd9f4dc5b5
7739,84.879851136,3.166419,30,v6,88000000ffffffffffffa8dd9f4dc5b5
7740,84.883004380,3.153244,30,v6,88000000ffffffffffffa8dd9f4dc5b5
7741,84.886015098,3.010718,30,v6,88000000ffffffffffffa8dd9f4dc5b5
7742,84.889078787,3.063689,30,v6,88000000ffffffffffffa8dd9f4dc5b5
7743,84.892123127,3.044340,30,v6,88000000ffffffffffffa8dd9f4dc5b5
7744,84.895032098,2.908971,30,v6,88000000ffffffffffffa8dd9f4dc5b5
7745,84.898293553,3.261455,30,v6,88000000ffffffffffffa8dd9f4dc5b5
7746,84.901056353,2.762800,30,v6,88000000ffffffffffffa8dd9f4dc5b5
7747,84.904123342,3.066989,30,v6,88000000ffffffffffffa8dd9f4dc5b5
7748,84.906146475,2.023133,30,v6,88000000ffffffffffffa8dd9f4dc5b5
7749,84.909173038,3.026563,30,v6,88000000ffffffffffffa8dd9f4dc5b5
7750,84.912293262,3.120224,30,v6,88000000ffffffffffffa8dd9f4dc5b5
7751,84.916396119,4.102857,30,v6,88000000ffffffffffffa8dd9f4dc5b5
7752,84.918559785,2.163666,30,v6,88000000ffffffffffffa8dd9f4dc5b5
7753,84.921531824,2.972039,30,v6,88000000ffffffffffffa8dd9f4dc5b5
7754,84.924629755,3.097931,30,v6,88000000ffffffffffffa8dd9f4dc5b5
7755,84.928617953,3.988198,30,v6,88000000ffffffffffffa8dd9f4dc5b5
7756,84.931866745,3.248792,30,v6,88000000ffffffffffffa8dd9f4dc5b5
7757,84.934806609,2.939864,30,v6,88000000ffffffffffffa8dd9f4dc5b5
7758,84.937873489,3.066880,30,v6,88000000ffffffffffffa8dd9f4dc5b5
7759,84.941127557,3.254068,30,v6,88000000ffffffffffffa8dd9f4dc5b5
7760,84.944029947,2.902390,30,v6,88000000ffffffffffffa8dd9f4dc5b5
7761,84.946978715,2.948768,30,v6,88000000ffffffffffffa8dd9f4dc5b5
7762,84.949941225,2.962510,30,v6,88000000ffffffffffffa8dd9f4dc5b5
7763,84.953082886,3.141661,30,v6,88000000ffffffffffffa8dd9f4dc5b5
7764,84.956132531,3.049645,30,v6,88000000ffffffffffffa8dd9f4dc5b5
7765,84.958033497,1.900966,30,v6,88000000ffffffffffffa8dd9f4dc5b5
7766,84.962396499,4.363002,30,v6,88000000ffffffffffffa8dd9f4dc5b5
7767,84.964288853,1.892354,30,v6,88000000ffffffffffffa8dd9f4dc5b5
7768,84.967146643,2.857790,30,v6,88000000ffffffffffffa8dd9f4dc5b5
7769,84.970295879,3.149236,30,v6,88000000ffffffffffffa8dd9f4dc5b5
7770,84.973323433,3.027554,30,v6,88000000ffffffffffffa8dd9f4dc5b5
7771,84.976318562,2.995129,30,v6,88000000ffffffffffffa8dd9f4dc5b5
7772,84.979381988,3.063426,30,v6,88000000ffffffffffffa8dd9f4dc5b5
7773,84.982494625,3.112637,30,v6,88000000ffffffffffffa8dd9f4dc5b5
7774,84.986708494,4.213869,30,v6,88000000ffffffffffffa8dd9f4dc5b5
7775,84.989498070,2.789576,30,v6,88000000ffffffffffffa8dd9f4dc5b5
7776,84.992830095,3.332025,30,v6,88000000ffffffffffffa8dd9f4dc5b5
7777,84.995543064,2.712969,30,v6,88000000ffffffffffffa8dd9f4dc5b5
7778,84.997682373,2.139309,30,v6,88000000ffffffffffffa8dd9f4dc5b5
7779,85.000749096,3.066723,30,v6,88000000ffffffffffffa8dd9f4dc5b5
7780,85.004575732,3.826636,30,v6,88000000ffffffffffffa8dd9f4dc5b5
7781,85.009087442,4.511710,30,v6,88000000ffffffffffffa8dd9f4dc5b5
7782,85.011085747,1.998305,30,v6,88000000ffffffffffffa8dd9f4dc5b5
7783,85.014074403,2.988656,30,v6,88000000ffffffffffffa8dd9f4dc5b5
7784,85.016985172,2.910769,30,v6,88000000ffffffffffffa8dd9f4dc5b5
7785,85.020950561,3.965389,30,v6,88000000ffffffffffffa8dd9f4dc5b5
7786,85.022989242,2.038681,30,v6,88000000ffffffffffffa8dd9f4dc5b5
7787,85.027168193,4.178951,30,v6,88000000ffffffffffffa8dd9f4dc5b5
7788,85.030078047,2.909854,30,v6,88000000ffffffffffffa8dd9f4dc5b5
7789,85.032064390,1.986343,30,v6,88000000ffffffffffffa8dd9f4dc5b5
7790,85.035055095,2.990705,30,v6,88000000ffffffffffffa8dd9f4dc5b5
7791,85.038197767,3.142672,30,v6,88000000ffffffffffffa8dd9f4dc5b5
7792,85.041199839,3.002072,30,v6,88000000ffffffffffffa8dd9f4dc5b5
7793,85.044340171,3.140332,30,v6,88000000ffffffffffffa8dd9f4dc5b5
7794,85.047375467,3.035296,30,v6,88000000ffffffffffffa8dd9f4dc5b5
7795,85.050454146,3.078679,30,v6,88000000ffffffffffffa8dd9f4dc5b5
7796,85.053650215,3.196069,30,v6,88000000ffffffffffffa8dd9f4dc5b5
7797,85.056537522,2.887307,30,v6,88000000ffffffffffffa8dd9f4dc5b5
7798,85.059861471,3.323949,30,v6,88000000ffffffffffffa8dd9f4dc5b5
7799,85.062685704,2.824233,30,v6,88000000ffffffffffffa8dd9f4dc5b5
7800,85.065587042,2.901338,30,v6,88000000ffffffffffffa8dd9f4dc5b5
7801,85.068998181,3.411139,30,v6,88000000ffffffffffffa8dd9f4dc5b5
7802,85.071620049,2.621868,30,v6,88000000ffffffffffffa8dd9f4dc5b5
7803,85.395782907,324.162858,30,v6,88000000ffffffffffffa8dd9f4dc5b5
7804,85.399223135,3.440228,30,v6,88000000ffffffffffffa8dd9f4dc5b5
7805,85.402278261,3.055126,30,v6,88000000ffffffffffffa8dd9f4dc5b5
7806,85.405246665,2.968404,30,v6,88000000ffffffffffffa8dd9f4dc5b5
7807,85.408239287,2.992622,30,v6,88000000ffffffffffffa8dd9f4dc5b5
7808,85.410280735,2.041448,30,v6,88000000ffffffffffffa8dd9f4dc5b5
7809,85.413259266,2.978531,30,v6,88000000ffffffffffffa8dd9f4dc5b5
7810,85.416163950,2.904684,30,v6,88000000ffffffffffffa8dd9f4dc5b5
7811,85.420323692,4.159742,30,v6,88000000ffffffffffffa8dd9f4dc5b5
7812,85.422284864,1.961172,30,v6,88000000ffffffffffffa8dd9f4dc5b5
7813,85.425472908,3.188044,30,v6,88000000ffffffffffffa8dd9f4dc5b5
7814,85.429587597,4.114689,30,v6,88000000ffffffffffffa8dd9f4dc5b5
7815,85.432659560,3.071963,30,v6,88000000ffffffffffffa8dd9f4dc5b5
7816,85.435593342,2.933782,30,v6,88000000ffffffffffffa8dd9f4dc5b5
7817,85.438721550,3.128208,30,v6,88000000ffffffffffffa8dd9f4dc5b5
7818,85.441865591,3.144041,30,v6,88000000ffffffffffffa8dd9f4dc5b5
7819,85.444867867,3.002276,30,v6,88000000ffffffffffffa8dd9f4dc5b5
7820,85.447813012,2.945145,30,v6,88000000ffffffffffffa8dd9f4dc5b5
7821,85.450838820,3.025808,30,v6,88000000ffffffffffffa8dd9f4dc5b5
7822,85.453789078,2.950258,30,v6,88000000ffffffffffffa8dd9f4dc5b5
7823,85.455921829,2.132751,30,v6,88000000ffffffffffffa8dd9f4dc5b5
7824,85.460058473,4.136644,30,v6,88000000ffffffffffffa8dd9f4dc5b5
7825,85.462159225,2.100752,30,v6,88000000ffffffffffffa8dd9f4dc5b5
7826,85.464977421,2.818196,30,v6,88000000ffffffffffffa8dd9f4dc5b5
7827,85.468115152,3.137731,30,v6,88000000ffffffffffffa8dd9f4dc5b5
7828,85.470935441,2.820289,30,v6,88000000ffffffffffffa8dd9f4dc5b5
7829,85.474012176,3.076735,30,v6,88000000ffffffffffffa8dd9f4dc5b5
7830,85.477067399,3.055223,30,v6,88000000ffffffffffffa8dd9f4dc5b5
7831,85.479073192,2.005793,30,v6,88000000ffffffffffffa8dd9f4dc5b5
7832,85.483182352,4.109160,30,v6,88000000ffffffffffffa8dd9f4dc5b5
7833,85.485182430,2.000078,30,v6,88000000ffffffffffffa8dd9f4dc5b5
7834,85.488325751,3.143321,30,v6,88000000ffffffffffffa8dd9f4dc5b5
7835,85.491383179,3.057428,30,v6,88000000ffffffffffffa8dd9f4dc5b5
7836,85.494413140,3.029961,30,v6,88000000ffffffffffffa8dd9f4dc5b5
7837,85.497489947,3.076807,30,v6,88000000ffffffffffffa8dd9f4dc5b5
7838,85.500449421,2.959474,30,v6,88000000ffffffffffffa8dd9f4dc5b5
7839,85.503638896,3.189475,30,v6,88000000ffffffffffffa8dd9f4dc5b5
7840,85.506523835,2.884939,30,v6,88000000ffffffffffffa8dd9f4dc5b5
7841,85.509717059,3.193224,30,v6,88000000ffffffffffffa8dd9f4dc5b5
7842,85.511762065,2.045006,30,v6,88000000ffffffffffffa8dd9f4dc5b5
7843,85.514841000,3.078935,30,v6,88000000ffffffffffffa8dd9f4dc5b5
7844,85.517802515,2.961515,30,v6,88000000ffffffffffffa8dd9f4dc5b5
7845,85.520756862,2.954347,30,v6,88000000ffffffffffffa8dd9f4dc5b5
7846,85.524051641,3.294779,30,v6,88000000ffffffffffffa8dd9f4dc5b5
7847,85.526118336,2.066695,30,v6,88000000ffffffffffffa8dd9f4dc5b5
7848,85.530172209,4.053873,30,v6,88000000ffffffffffffa8dd9f4dc5b5
7849,85.532145821,1.973612,30,v6,88000000ffffffffffffa8dd9f4dc5b5
7850,85.534997692,2.851871,30,v6,88000000ffffffffffffa8dd9f4dc5b5
7851,85.538264043,3.266351,30,v6,88000000ffffffffffffa8dd9f4dc5b5
7852,85.541047400,2.783357,30,v6,88000000ffffffffffffa8dd9f4dc5b5
7853,85.544152355,3.104955,30,v6,88000000ffffffffffffa8dd9f4dc5b5
7854,85.547273958,3.121603,30,v6,88000000ffffffffffffa8dd9f4dc5b5
7855,85.550180074,2.906116,30,v6,88000000ffffffffffffa8dd9f4dc5b5
7856,85.553374324,3.194250,30,v6,88000000ffffffffffffa8dd9f4dc5b5
7857,85.556456291,3.081967,30,v6,88000000ffffffffffffa8dd9f4dc5b5
7858,85.559601548,3.145257,30,v6,88000000ffffffffffffa8dd9f4dc5b5
7859,85.561603771,2.002223,30,v6,88000000ffffffffffffa8dd9f4dc5b5
7860,85.565817126,4.213355,30,v6,88000000ffffffffffffa8dd9f4dc5b5
7861,85.568576966,2.759840,30,v6,88000000ffffffffffffa8dd9f4dc5b5
7862,85.571616387,3.039421,30,v6,88000000ffffffffffffa8dd9f4dc5b5
7863,85.574764403,3.148016,30,v6,88000000ffffffffffffa8dd9f4dc5b5
7864,85.577729791,2.965388,30,v6,88000000ffffffffffffa8dd9f4dc5b5
7865,85.579875292,2.145501,30,v6,88000000ffffffffffffa8dd9f4dc5b5
7866,85.582840722,2.965430,30,v6,88000000ffffffffffffa8dd9f4dc5b5
7867,85.585970839,3.130117,30,v6,88000000ffffffffffffa8dd9f4dc5b5
7868,85.588918057,2.947218,30,v6,88000000ffffffffffffa8dd9f4dc5b5
7869,85.591883612,2.965555,30,v6,88000000ffffffffffffa8dd9f4dc5b5
7870,85.594968508,3.084896,30,v6,88000000ffffffffffffa8dd9f4dc5b5
7871,85.598036461,3.067953,30,v6,88000000ffffffffffffa8dd9f4dc5b5
7872,85.600992655,2.956194,30,v6,88000000ffffffffffffa8dd9f4dc5b5
7873,85.604347975,3.355320,30,v6,88000000ffffffffffffa8dd9f4dc5b5
7874,85.607390725,3.042750,30,v6,88000000ffffffffffffa8dd9f4dc5b5
7875,85.610234674,2.843949,30,v6,88000000ffffffffffffa8dd9f4dc5b5
7876,85.612398914,2.164240,30,v6,88000000ffffffffffffa8dd9f4dc5b5
7877,85.615472599,3.073685,30,v6,88000000ffffffffffffa8dd9f4dc5b5
7878,85.618337911,2.865312,30,v6,88000000ffffffffffffa8dd9f4dc5b5
7879,85.621287193,2.949282,30,v6,88000000ffffffffffffa8dd9f4dc5b5
7880,85.624546058,3.258865,30,v6,88000000ffffffffffffa8dd9f4dc5b5
7881,85.627781994,3.235936,30,v6,88000000ffffffffffffa8dd9f4dc5b5
7882,85.630588608,2.806614,30,v6,88000000ffffffffffffa8dd9f4dc5b5
7883,85.633635883,3.047275,30,v6,88000000ffffffffffffa8dd9f4dc5b5
7884,85.635642335,2.006452,30,v6,88000000ffffffffffffa8dd9f4dc5b5
7885,85.638734234,3.091899,30,v6,88000000ffffffffffffa8dd9f4dc5b5
7886,85.641747501,3.013267,30,v6,88000000ffffffffffffa8dd9f4dc5b5
7887,85.644830971,3.083470,30,v6,88000000ffffffffffffa8dd9f4dc5b5
7888,85.647825804,2.994833,30,v6,88000000ffffffffffffa8dd9f4dc5b5
7889,85.650948541,3.122737,30,v6,88000000ffffffffffffa8dd9f4dc5b5
7890,85.654030733,3.082192,30,v6,88000000ffffffffffffa8dd9f4dc5b5
7891,85.657091270,3.060537,30,v6,88000000ffffffffffffa8dd9f4dc5b5
7892,85.659213856,2.122586,30,v6,88000000ffffffffffffa8dd9f4dc5b5
7893,85.662237154,3.023298,30,v6,88000000ffffffffffffa8dd9f4dc5b5
7894,85.665033156,2.796002,30,v6,88000000ffffffffffffa8dd9f4dc5b5
7895,85.668018638,2.985482,30,v6,88000000ffffffffffffa8dd9f4dc5b5
7896,85.671258389,3.239751,30,v6,88000000ffffffffffffa8dd9f4dc5b5
7897,85.675359138,4.100749,30,v6,88000000ffffffffffffa8dd9f4dc5b5
7898,85.677314957,1.955819,30,v6,88000000ffffffffffffa8dd9f4dc5b5
7899,85.680380481,3.065524,30,v6,88000000ffffffffffffa8dd9f4dc5b5
7900,85.683276576,2.896095,30,v6,88000000ffffffffffffa8dd9f4dc5b5
7901,85.686733995,3.457419,30,v6,88000000ffffffffffffa8dd9f4dc5b5
7902,85.689472115,2.738120,30,v6,88000000ffffffffffffa8dd9f4dc5b5
7903,86.038129080,348.656965,30,v6,88000000ffffffffffffa8dd9f4dc5b5
7904,86.041092759,2.963679,30,v6,88000000ffffffffffffa8dd9f4dc5b5
7905,86.044033249,2.940490,30,v6,88000000ffffffffffffa8dd9f4dc5b5
7906,86.047173624,3.140375,30,v6,88000000ffffffffffffa8dd9f4dc5b5
7907,86.048983230,1.809606,30,v6,88000000ffffffffffffa8dd9f4dc5b5
7908,86.052361190,3.377960,30,v6,88000000ffffffffffffa8dd9f4dc5b5
7909,86.055345236,2.984046,30,v6,88000000ffffffffffffa8dd9f4dc5b5
7910,86.058329156,2.983920,30,v6,88000000ffffffffffffa8dd9f4dc5b5
7911,86.060543277,2.214121,30,v6,88000000ffffffffffffa8dd9f4dc5b5
7912,86.063432666,2.889389,30,v6,88000000ffffffffffffa8dd9f4dc5b5
7913,86.066465326,3.032660,30,v6,88000000ffffffffffffa8dd9f4dc5b5
7914,86.069562815,3.097489,30,v6,88000000ffffffffffffa8dd9f4dc5b5
7915,86.072633881,3.071066,30,v6,88000000ffffffffffffa8dd9f4dc5b5
7916,86.074823825,2.189944,30,v6,88000000ffffffffffffa8dd9f4dc5b5
7917,86.078637647,3.813822,30,v6,88000000ffffffffffffa8dd9f4dc5b5
7918,86.080929628,2.291981,30,v6,88000000ffffffffffffa8dd9f4dc5b5
7919,86.083726310,2.796682,30,v6,88000000ffffffffffffa8dd9f4dc5b5
7920,86.087030437,3.304127,30,v6,88000000ffffffffffffa8dd9f4dc5b5
7921,86.089916183,2.885746,30,v6,88000000ffffffffffffa8dd9f4dc5b5
7922,86.091950259,2.034076,30,v6,88000000ffffffffffffa8dd9f4dc5b5
7923,86.094957476,3.007217,30,v6,88000000ffffffffffffa8dd9f4dc5b5
7924,86.098181931,3.224455,30,v6,88000000ffffffffffffa8dd9f4dc5b5
7925,86.100894496,2.712565,30,v6,88000000ffffffffffffa8dd9f4dc5b5
7926,86.104008379,3.113883,30,v6,88000000ffffffffffffa8dd9f4dc5b5
7927,86.106159759,2.151380,30,v6,88000000ffffffffffffa8dd9f4dc5b5
7928,86.109909211,3.749452,30,v6,88000000ffffffffffffa8dd9f4dc5b5
7929,86.113038538,3.129327,30,v6,88000000ffffffffffffa8dd9f4dc5b5
7930,86.115191012,2.152474,30,v6,88000000ffffffffffffa8dd9f4dc5b5
7931,86.118109496,2.918484,30,v6,88000000ffffffffffffa8dd9f4dc5b5
7932,86.127419251,9.309755,99,v6,1c000000aadd9f4dc5b568b1cc040000
7933,86.129495569,2.076318,30,v6,88000000ffffffffffffa8dd9f4dc5b5
7934,86.132501824,3.006255,34,v6,88000000ffffffffffffa8dd9f4dc5b5
7935,86.134539115,2.037291,30,v6,88000000ffffffffffffa8dd9f4dc5b5
7936,86.137610215,3.071100,30,v6,88000000ffffffffffffa8dd9f4dc5b5
7937,86.140891154,3.280939,30,v6,88000000ffffffffffffa8dd9f4dc5b5
7938,86.143723234,2.832080,34,v6,88000000ffffffffffffa8dd9f4dc5b5
7939,86.146685829,2.962595,30,v6,88000000ffffffffffffa8dd9f4dc5b5
7940,86.148801775,2.115946,30,v6,88000000ffffffffffffa8dd9f4dc5b5
7941,86.151802835,3.001060,30,v6,88000000ffffffffffffa8dd9f4dc5b5
7942,86.155050358,3.247523,34,v6,88000000ffffffffffffa8dd9f4dc5b5
7943,86.157939735,2.889377,34,v6,88000000ffffffffffffa8dd9f4dc5b5
7944,86.160987869,3.048134,34,v6,88000000ffffffffffffa8dd9f4dc5b5
7945,86.163090730,2.102861,30,v6,88000000ffffffffffffa8dd9f4dc5b5
7946,86.165873198,2.782468,30,v6,88000000ffffffffffffa8dd9f4dc5b5
7947,86.168924939,3.051741,34,v6,88000000ffffffffffffa8dd9f4dc5b5
7948,86.172046770,3.121831,30,v6,88000000ffffffffffffa8dd9f4dc5b5
7949,86.174299073,2.252303,30,v6,88000000ffffffffffffa8dd9f4dc5b5
7950,86.177173672,2.874599,30,v6,88000000ffffffffffffa8dd9f4dc5b5
7951,86.180286098,3.112426,30,v6,88000000ffffffffffffa8dd9f4dc5b5
7952,86.183369235,3.083137,30,v6,88000000ffffffffffffa8dd9f4dc5b5
7953,86.185461151,2.091916,30,v6,88000000ffffffffffffa8dd9f4dc5b5
7954,86.188436644,2.975493,34,v6,88000000ffffffffffffa8dd9f4dc5b5
7955,86.191443350,3.006706,34,v6,88000000ffffffffffffa8dd9f4dc5b5
7956,86.194413322,2.969972,34,v6,88000000ffffffffffffa8dd9f4dc5b5
7957,86.196528586,2.115264,30,v6,88000000ffffffffffffa8dd9f4dc5b5
7958,86.200646370,4.117784,30,v6,88000000ffffffffffffa8dd9f4dc5b5
7959,86.202652527,2.006157,30,v6,88000000ffffffffffffa8dd9f4dc5b5
7960,86.205664738,3.012211,34,v6,88000000ffffffffffffa8dd9f4dc5b5
7961,86.208776198,3.111460,30,v6,88000000ffffffffffffa8dd9f4dc5b5
7962,86.211964553,3.188355,34,v6,88000000ffffffffffffa8dd9f4dc5b5
7963,86.213831488,1.866935,30,v6,88000000ffffffffffffa8dd9f4dc5b5
7964,86.216817511,2.986023,34,v6,88000000ffffffffffffa8dd9f4dc5b5
7965,86.220138413,3.320902,34,v6,88000000ffffffffffffa8dd9f4dc5b5
7966,86.223226986,3.088573,34,v6,88000000ffffffffffffa8dd9f4dc5b5
7967,86.225950537,2.723551,34,v6,88000000ffffffffffffa8dd9f4dc5b5
7968,86.228227260,2.276723,30,v6,88000000ffffffffffffa8dd9f4dc5b5
7969,86.231325583,3.098323,30,v6,88000000ffffffffffffa8dd9f4dc5b5
7970,86.234127520,2.801937,30,v6,88000000ffffffffffffa8dd9f4dc5b5
7971,86.237061423,2.933903,34,v6,88000000ffffffffffffa8dd9f4dc5b5
7972,86.240229295,3.167872,34,v6,88000000ffffffffffffa8dd9f4dc5b5
7973,86.242267369,2.038074,30,v6,88000000ffffffffffffa8dd9f4dc5b5
7974,86.246372520,4.105151,34,v6,88000000ffffffffffffa8dd9f4dc5b5
7975,86.249372501,2.999981,34,v6,88000000ffffffffffffa8dd9f4dc5b5
7976,86.252472000,3.099499,34,v6,88000000ffffffffffffa8dd9f4dc5b5
7977,86.255459957,2.987957,34,v6,88000000ffffffffffffa8dd9f4dc5b5
7978,86.257494458,2.034501,30,v6,88000000ffffffffffffa8dd9f4dc5b5
7979,86.260663218,3.168760,30,v6,88000000ffffffffffffa8dd9f4dc5b5
7980,86.263855928,3.192710,30,v6,88000000ffffffffffffa8dd9f4dc5b5
7981,86.265899911,2.043983,34,v6,88000000ffffffffffffa8dd9f4dc5b5
7982,86.268696998,2.797087,30,v6,88000000ffffffffffffa8dd9f4dc5b5
7983,86.271885430,3.188432,30,v6,88000000ffffffffffffa8dd9f4dc5b5
7984,86.274647371,2.761941,30,v6,88000000ffffffffffffa8dd9f4dc5b5
7985,86.277790142,3.142771,30,v6,88000000ffffffffffffa8dd9f4dc5b5
7986,86.280925342,3.135200,30,v6,88000000ffffffffffffa8dd9f4dc5b5
7987,86.283037830,2.112488,34,v6,88000000ffffffffffffa8dd9f4dc5b5
7988,86.285761414,2.723584,34,v6,88000000ffffffffffffa8dd9f4dc5b5
7989,86.289103050,3.341636,30,v6,88000000ffffffffffffa8dd9f4dc5b5
7990,86.291921365,2.818315,30,v6,88000000ffffffffffffa8dd9f4dc5b5
7991,86.294980003,3.058638,30,v6,88000000ffffffffffffa8dd9f4dc5b5
7992,86.297130266,2.150263,34,v6,88000000ffffffffffffa8dd9f4dc5b5
7993,86.300080322,2.950056,34,v6,88000000ffffffffffffa8dd9f4dc5b5
7994,86.303254138,3.173816,30,v6,88000000ffffffffffffa8dd9f4dc5b5
7995,86.306278257,3.024119,34,v6,88000000ffffffffffffa8dd9f4dc5b5
7996,86.308480080,2.201823,34,v6,88000000ffffffffffffa8dd9f4dc5b5
7997,86.311378865,2.898785,30,v6,88000000ffffffffffffa8dd9f4dc5b5
7998,86.314847903,3.469038,30,v6,88000000ffffffffffffa8dd9f4dc5b5
7999,86.316655597,1.807694,30,v6,88000000ffffffffffffa8dd9f4dc5b5
8000,86.320493870,3.838273,30,v6,88000000ffffffffffffa8dd9f4dc5b5
8001,86.322756005,2.262135,34,v6,88000000ffffffffffffa8dd9f4dc5b5
8002,86.325610861,2.854856,30,v6,88000000ffffffffffffa8dd9f4dc5b5
8003,86.328669849,3.058988,34,v6,88000000ffffffffffffa8dd9f4dc5b5
8004,86.671956211,343.286362,34,v6,88000000ffffffffffffa8dd9f4dc5b5
8005,86.674059486,2.103275,34,v6,88000000ffffffffffffa8dd9f4dc5b5
8006,86.677930659,3.871173,30,v6,88000000ffffffffffffa8dd9f4dc5b5
8007,86.680051368,2.120709,34,v6,88000000ffffffffffffa8dd9f4dc5b5
8008,86.683266564,3.215196,34,v6,88000000ffffffffffffa8dd9f4dc5b5
8009,86.685047127,1.780563,34,v6,88000000ffffffffffffa8dd9f4dc5b5
8010,86.688282225,3.235098,30,v6,88000000ffffffffffffa8dd9f4dc5b5
8011,86.691126604,2.844379,30,v6,88000000ffffffffffffa8dd9f4dc5b5
8012,86.693267024,2.140420,30,v6,88000000ffffffffffffa8dd9f4dc5b5
8013,86.696322452,3.055428,30,v6,88000000ffffffffffffa8dd9f4dc5b5
8014,86.699245087,2.922635,34,v6,88000000ffffffffffffa8dd9f4dc5b5
8015,86.701333096,2.088009,30,v6,88000000ffffffffffffa8dd9f4dc5b5
8016,86.704427738,3.094642,34,v6,88000000ffffffffffffa8dd9f4dc5b5
8017,86.707366372,2.938634,30,v6,88000000ffffffffffffa8dd9f4dc5b5
8018,86.710358271,2.991899,30,v6,88000000ffffffffffffa8dd9f4dc5b5
8019,86.712709972,2.351701,30,v6,88000000ffffffffffffa8dd9f4dc5b5
8020,86.715476605,2.766633,30,v6,88000000ffffffffffffa8dd9f4dc5b5
8021,86.718660195,3.183590,30,v6,88000000ffffffffffffa8dd9f4dc5b5
8022,86.721823388,3.163193,34,v6,88000000ffffffffffffa8dd9f4dc5b5
8023,86.723853222,2.029834,30,v6,88000000ffffffffffffa8dd9f4dc5b5
8024,86.726741649,2.888427,30,v6,88000000ffffffffffffa8dd9f4dc5b5
8025,86.729885038,3.143389,34,v6,88000000ffffffffffffa8dd9f4dc5b5
8026,86.733315426,3.430388,34,v6,88000000ffffffffffffa8dd9f4dc5b5
8027,86.735875599,2.560173,34,v6,88000000ffffffffffffa8dd9f4dc5b5
8028,86.737960604,2.085005,34,v6,88000000ffffffffffffa8dd9f4dc5b5
8029,86.741050598,3.089994,30,v6,88000000ffffffffffffa8dd9f4dc5b5
8030,86.743906605,2.856007,34,v6,88000000ffffffffffffa8dd9f4dc5b5
8031,86.747081398,3.174793,34,v6,88000000ffffffffffffa8dd9f4dc5b5
8032,86.749151107,2.069709,34,v6,88000000ffffffffffffa8dd9f4dc5b5
8033,86.752030153,2.879046,30,v6,88000000ffffffffffffa8dd9f4dc5b5
8034,86.755370139,3.339986,30,v6,88000000ffffffffffffa8dd9f4dc5b5
8035,86.758293850,2.923711,30,v6,88000000ffffffffffffa8dd9f4dc5b5
8036,86.760356367,2.062517,30,v6,88000000ffffffffffffa8dd9f4dc5b5
8037,86.763494647,3.138280,34,v6,88000000ffffffffffffa8dd9f4dc5b5
8038,86.766612753,3.118106,34,v6,88000000ffffffffffffa8dd9f4dc5b5
8039,86.768442210,1.829457,34,v6,88000000ffffffffffffa8dd9f4dc5b5
8040,86.771567925,3.125715,34,v6,88000000ffffffffffffa8dd9f4dc5b5
8041,86.774650375,3.082450,34,v6,88000000ffffffffffffa8dd9f4dc5b5
8042,86.776504575,1.854200,30,v6,88000000ffffffffffffa8dd9f4dc5b5
8043,86.779655275,3.150700,34,v6,88000000ffffffffffffa8dd9f4dc5b5
8044,86.781779527,2.124252,30,v6,88000000ffffffffffffa8dd9f4dc5b5
8045,86.784714604,2.935077,34,v6,88000000ffffffffffffa8dd9f4dc5b5
8046,86.787941178,3.226574,34,v6,88000000ffffffffffffa8dd9f4dc5b5
8047,86.791011092,3.069914,34,v6,88000000ffffffffffffa8dd9f4dc5b5
8048,86.793744630,2.733538,34,v6,88000000ffffffffffffa8dd9f4dc5b5
8049,86.795901121,2.156491,34,v6,88000000ffffffffffffa8dd9f4dc5b5
8050,86.799162221,3.261100,34,v6,88000000ffffffffffffa8dd9f4dc5b5
8051,86.802051355,2.889134,34,v6,88000000ffffffffffffa8dd9f4dc5b5
8052,86.804098730,2.047375,34,v6,88000000ffffffffffffa8dd9f4dc5b5
8053,86.806918911,2.820181,34,v6,88000000ffffffffffffa8dd9f4dc5b5
8054,86.810142111,3.223200,34,v6,88000000ffffffffffffa8dd9f4dc5b5
8055,86.812348533,2.206422,34,v6,88000000ffffffffffffa8dd9f4dc5b5
8056,86.815305137,2.956604,34,v6,88000000ffffffffffffa8dd9f4dc5b5
8057,86.818327799,3.022662,30,v6,88000000ffffffffffffa8dd9f4dc5b5
8058,86.820338584,2.010785,34,v6,88000000ffffffffffffa8dd9f4dc5b5
8059,86.823395147,3.056563,34,v6,88000000ffffffffffffa8dd9f4dc5b5
8060,86.825412372,2.017225,34,v6,88000000ffffffffffffa8dd9f4dc5b5
8061,86.828667128,3.254756,34,v6,88000000ffffffffffffa8dd9f4dc5b5
8062,86.831610702,2.943574,34,v6,88000000ffffffffffffa8dd9f4dc5b5
8063,86.834633930,3.023228,30,v6,88000000ffffffffffffa8dd9f4dc5b5
8064,86.837670597,3.036667,30,v6,88000000ffffffffffffa8dd9f4dc5b5
8065,86.839859026,2.188429,30,v6,88000000ffffffffffffa8dd9f4dc5b5
8066,86.843759995,3.900969,34,v6,88000000ffffffffffffa8dd9f4dc5b5
8067,86.847029161,3.269166,34,v6,88000000ffffffffffffa8dd9f4dc5b5
8068,86.851860896,4.831735,30,v6,88000000ffffffffffffa8dd9f4dc5b5
8069,86.854754295,2.893399,30,v6,88000000ffffffffffffa8dd9f4dc5b5
8070,86.857095408,2.341113,30,v6,88000000ffffffffffffa8dd9f4dc5b5
8071,86.859991291,2.895883,30,v6,88000000ffffffffffffa8dd9f4dc5b5
8072,86.863196217,3.204926,34,v6,88000000ffffffffffffa8dd9f4dc5b5
8073,86.865380748,2.184531,30,v6,88000000ffffffffffffa8dd9f4dc5b5
8074,86.868019278,2.638530,30,v6,88000000ffffffffffffa8dd9f4dc5b5
8075,86.869960316,1.941038,34,v6,88000000ffffffffffffa8dd9f4dc5b5
8076,86.873193068,3.232752,34,v6,88000000ffffffffffffa8dd9f4dc5b5
8077,86.876239764,3.046696,34,v6,88000000ffffffffffffa8dd9f4dc5b5
8078,86.879031753,2.791989,30,v6,88000000ffffffffffffa8dd9f4dc5b5
8079,86.882259288,3.227535,30,v6,88000000ffffffffffffa8dd9f4dc5b5
8080,86.884306554,2.047266,34,v6,88000000ffffffffffffa8dd9f4dc5b5
8081,86.887292060,2.985506,30,v6,88000000ffffffffffffa8dd9f4dc5b5
8082,86.889492030,2.199970,34,v6,88000000ffffffffffffa8dd9f4dc5b5
8083,86.892524985,3.032955,34,v6,88000000ffffffffffffa8dd9f4dc5b5
8084,86.895450749,2.925764,30,v6,88000000ffffffffffffa8dd9f4dc5b5
8085,86.898597049,3.146300,30,v6,88000000ffffffffffffa8dd9f4dc5b5
8086,86.900599554,2.002505,34,v6,88000000ffffffffffffa8dd9f4dc5b5
8087,86.903545629,2.946075,34,v6,88000000ffffffffffffa8dd9f4dc5b5
8088,86.906819789,3.274160,34,v6,88000000ffffffffffffa8dd9f4dc5b5
8089,86.909629961,2.810172,34,v6,88000000ffffffffffffa8dd9f4dc5b5
8090,86.911731968,2.102007,30,v6,88000000ffffffffffffa8dd9f4dc5b5
8091,86.914676174,2.944206,34,v6,88000000ffffffffffffa8dd9f4dc5b5
8092,86.917672188,2.996014,34,v6,88000000ffffffffffffa8dd9f4dc5b5
8093,86.919929322,2.257134,34,v6,88000000ffffffffffffa8dd9f4dc5b5
8094,86.923133258,3.203936,30,v6,88000000ffffffffffffa8dd9f4dc5b5
8095,86.925995475,2.862217,34,v6,88000000ffffffffffffa8dd9f4dc5b5
8096,86.929183029,3.187554,34,v6,88000000ffffffffffffa8dd9f4dc5b5
8097,86.931170344,1.987315,30,v6,88000000ffffffffffffa8dd9f4dc5b5
8098,86.934148855,2.978511,34,v6,88000000ffffffffffffa8dd9f4dc5b5
8099,86.937196908,3.048053,30,v6,88000000ffffffffffffa8dd9f4dc5b5
8100,86.939477107,2.280199,30,v6,88000000ffffffffffffa8dd9f4dc5b5
8101,86.942135254,2.658147,34,v6,88000000ffffffffffffa8dd9f4dc5b5
8102,86.944157404,2.022150,34,v6,88000000ffffffffffffa8dd9f4dc5b5
8103,87.274517900,330.360496,34,v6,88000000ffffffffffffa8dd9f4dc5b5
8104,87.277584608,3.066708,34,v6,88000000ffffffffffffa8dd9f4dc5b5
8105,87.280757914,3.173306,34,v6,88000000ffffffffffffa8dd9f4dc5b5
8106,87.282800900,2.042986,34,v6,88000000ffffffffffffa8dd9f4dc5b5
8107,87.285795590,2.994690,30,v6,88000000ffffffffffffa8dd9f4dc5b5
8108,87.287848959,2.053369,30,v6,88000000ffffffffffffa8dd9f4dc5b5
8109,87.290860049,3.011090,30,v6,88000000ffffffffffffa8dd9f4dc5b5
8110,87.293635112,2.775063,34,v6,88000000ffffffffffffa8dd9f4dc5b5
8111,87.296044284,2.409172,34,v6,88000000ffffffffffffa8dd9f4dc5b5
8112,87.298654370,2.610086,34,v6,88000000ffffffffffffa8dd9f4dc5b5
8113,87.301961991,3.307621,30,v6,88000000ffffffffffffa8dd9f4dc5b5
8114,87.303986423,2.024432,30,v6,88000000ffffffffffffa8dd9f4dc5b5
8115,87.307239010,3.252587,30,v6,88000000ffffffffffffa8dd9f4dc5b5
8116,87.309171621,1.932611,34,v6,88000000ffffffffffffa8dd9f4dc5b5
8117,87.312094005,2.922384,30,v6,88000000ffffffffffffa8dd9f4dc5b5
8118,87.314189687,2.095682,34,v6,88000000ffffffffffffa8dd9f4dc5b5
8119,87.317238589,3.048902,34,v6,88000000ffffffffffffa8dd9f4dc5b5
8120,87.319628436,2.389847,30,v6,88000000ffffffffffffa8dd9f4dc5b5
8121,87.322307627,2.679191,34,v6,88000000ffffffffffffa8dd9f4dc5b5
8122,87.325347208,3.039581,34,v6,88000000ffffffffffffa8dd9f4dc5b5
8123,87.327433094,2.085886,34,v6,88000000ffffffffffffa8dd9f4dc5b5
8124,87.330376288,2.943194,34,v6,88000000ffffffffffffa8dd9f4dc5b5
8125,87.333384894,3.008606,34,v6,88000000ffffffffffffa8dd9f4dc5b5
8126,87.335515744,2.130850,30,v6,88000000ffffffffffffa8dd9f4dc5b5
8127,87.339610314,4.094570,34,v6,88000000ffffffffffffa8dd9f4dc5b5
8128,87.341585388,1.975074,30,v6,88000000ffffffffffffa8dd9f4dc5b5
8129,87.344593884,3.008496,30,v6,88000000ffffffffffffa8dd9f4dc5b5
8130,87.347834666,3.240782,34,v6,88000000ffffffffffffa8dd9f4dc5b5
8131,87.349961673,2.127007,34,v6,88000000ffffffffffffa8dd9f4dc5b5
8132,87.352720478,2.758805,30,v6,88000000ffffffffffffa8dd9f4dc5b5
8133,87.354816689,2.096211,34,v6,88000000ffffffffffffa8dd9f4dc5b5
8134,87.357737641,2.920952,34,v6,88000000ffffffffffffa8dd9f4dc5b5
8135,87.359809840,2.072199,30,v6,88000000ffffffffffffa8dd9f4dc5b5
8136,87.363092651,3.282811,34,v6,88000000ffffffffffffa8dd9f4dc5b5
8137,87.365902832,2.810181,30,v6,88000000ffffffffffffa8dd9f4dc5b5
8138,87.369011363,3.108531,34,v6,88000000ffffffffffffa8dd9f4dc5b5
8139,87.371064106,2.052743,30,v6,88000000ffffffffffffa8dd9f4dc5b5
8140,87.374332360,3.268254,34,v6,88000000ffffffffffffa8dd9f4dc5b5
8141,87.376041204,1.708844,30,v6,88000000ffffffffffffa8dd9f4dc5b5
8142,87.379256061,3.214857,30,v6,88000000ffffffffffffa8dd9f4dc5b5
8143,87.382122823,2.866762,30,v6,88000000ffffffffffffa8dd9f4dc5b5
8144,87.384123571,2.000748,30,v6,88000000ffffffffffffa8dd9f4dc5b5
8145,87.387291748,3.168177,30,v6,88000000ffffffffffffa8dd9f4dc5b5
8146,87.389256137,1.964389,30,v6,88000000ffffffffffffa8dd9f4dc5b5
8147,87.392354744,3.098607,34,v6,88000000ffffffffffffa8dd9f4dc5b5
8148,87.395508873,3.154129,30,v6,88000000ffffffffffffa8dd9f4dc5b5
8149,87.397469841,1.960968,34,v6,88000000ffffffffffffa8dd9f4dc5b5
8150,87.400530920,3.061079,34,v6,88000000ffffffffffffa8dd9f4dc5b5
8151,87.402523185,1.992265,34,v6,88000000ffffffffffffa8dd9f4dc5b5
8152,87.405565359,3.042174,30,v6,88000000ffffffffffffa8dd9f4dc5b5
8153,87.408711002,3.145643,34,v6,88000000ffffffffffffa8dd9f4dc5b5
8154,87.410681584,1.970582,30,v6,88000000ffffffffffffa8dd9f4dc5b5
8155,87.413949466,3.267882,30,v6,88000000ffffffffffffa8dd9f4dc5b5
8156,87.415730444,1.780978,30,v6,88000000ffffffffffffa8dd9f4dc5b5
8157,87.418757703,3.027259,34,v6,88000000ffffffffffffa8dd9f4dc5b5
8158,87.421802724,3.045021,30,v6,88000000ffffffffffffa8dd9f4dc5b5
8159,87.423865456,2.062732,30,v6,88000000ffffffffffffa8dd9f4dc5b5
8160,87.426135980,2.270524,30,v6,88000000ffffffffffffa8dd9f4dc5b5
8161,87.429193444,3.057464,34,v6,88000000ffffffffffffa8dd9f4dc5b5
8162,87.432178847,2.985403,34,v6,88000000ffffffffffffa8dd9f4dc5b5
8163,87.434100404,1.921557,30,v6,88000000ffffffffffffa8dd9f4dc5b5
8164,87.436978624,2.878220,30,v6,88000000ffffffffffffa8dd9f4dc5b5
8165,87.440348067,3.369443,30,v6,88000000ffffffffffffa8dd9f4dc5b5
8166,87.442183037,1.834970,30,v6,88000000ffffffffffffa8dd9f4dc5b5
8167,87.445245623,3.062586,34,v6,88000000ffffffffffffa8dd9f4dc5b5
8168,87.447324406,2.078783,30,v6,88000000ffffffffffffa8dd9f4dc5b5
8169,87.450108317,2.783911,30,v6,88000000ffffffffffffa8dd9f4dc5b5
8170,87.453430289,3.321972,30,v6,88000000ffffffffffffa8dd9f4dc5b5
8171,87.455278094,1.847805,30,v6,88000000ffffffffffffa8dd9f4dc5b5
8172,87.458316058,3.037964,30,v6,88000000ffffffffffffa8dd9f4dc5b5
8173,87.460539212,2.223154,30,v6,88000000ffffffffffffa8dd9f4dc5b5
8174,87.464640851,4.101639,30,v6,88000000ffffffffffffa8dd9f4dc5b5
8175,87.467589354,2.948503,34,v6,88000000ffffffffffffa8dd9f4dc5b5
8176,87.469553639,1.964285,30,v6,88000000ffffffffffffa8dd9f4dc5b5
8177,87.473003600,3.449961,34,v6,88000000ffffffffffffa8dd9f4dc5b5
8178,87.474704525,1.700925,30,v6,88000000ffffffffffffa8dd9f4dc5b5
8179,87.477671159,2.966634,30,v6,88000000ffffffffffffa8dd9f4dc5b5
8180,87.480808071,3.136912,30,v6,88000000ffffffffffffa8dd9f4dc5b5
8181,87.482647578,1.839507,30,v6,88000000ffffffffffffa8dd9f4dc5b5
8182,87.485893681,3.246103,30,v6,88000000ffffffffffffa8dd9f4dc5b5
8183,87.487976961,2.083280,34,v6,88000000ffffffffffffa8dd9f4dc5b5
8184,87.491034068,3.057107,30,v6,88000000ffffffffffffa8dd9f4dc5b5
8185,87.493103011,2.068943,34,v6,88000000ffffffffffffa8dd9f4dc5b5
8186,87.496139665,3.036654,30,v6,88000000ffffffffffffa8dd9f4dc5b5
8187,87.498045977,1.906312,30,v6,88000000ffffffffffffa8dd9f4dc5b5
8188,87.501057207,3.011230,30,v6,88000000ffffffffffffa8dd9f4dc5b5
8189,87.504427619,3.370412,34,v6,88000000ffffffffffffa8dd9f4dc5b5
8190,87.507413669,2.986050,30,v6,88000000ffffffffffffa8dd9f4dc5b5
8191,87.509211216,1.797547,30,v6,88000000ffffffffffffa8dd9f4dc5b5
8192,87.512312810,3.101594,34,v6,88000000ffffffffffffa8dd9f4dc5b5
8193,87.514480782,2.167972,34,v6,88000000ffffffffffffa8dd9f4dc5b5
8194,87.517224388,2.743606,30,v6,88000000ffffffffffffa8dd9f4dc5b5
8195,87.520289046,3.064658,30,v6,88000000ffffffffffffa8dd9f4dc5b5
8196,87.522321038,2.031992,34,v6,88000000ffffffffffffa8dd9f4dc5b5
8197,87.524541454,2.220416,30,v6,88000000ffffffffffffa8dd9f4dc5b5
8198,87.527664749,3.123295,30,v6,88000000ffffffffffffa8dd9f4dc5b5
8199,87.530437711,2.772962,34,v6,88000000ffffffffffffa8dd9f4dc5b5
8200,87.533461794,3.024083,30,v6,88000000ffffffffffffa8dd9f4dc5b5
8201,87.535573426,2.111632,30,v6,88000000ffffffffffffa8dd9f4dc5b5
8202,87.539013693,3.440267,34,v6,88000000ffffffffffffa8dd9f4dc5b5
8203,87.882095065,343.081372,34,v6,88000000ffffffffffffa8dd9f4dc5b5
8204,87.885026953,2.931888,34,v6,88000000ffffffffffffa8dd9f4dc5b5
8205,87.887372007,2.345054,30,v6,88000000ffffffffffffa8dd9f4dc5b5
8206,87.890194417,2.822410,34,v6,88000000ffffffffffffa8dd9f4dc5b5
8207,87.892256973,2.062556,30,v6,88000000ffffffffffffa8dd9f4dc5b5
8208,87.895456835,3.199862,30,v6,88000000ffffffffffffa8dd9f4dc5b5
8209,87.898222784,2.765949,30,v6,88000000ffffffffffffa8dd9f4dc5b5
8210,87.901358004,3.135220,34,v6,88000000ffffffffffffa8dd9f4dc5b5
8211,87.903436132,2.078128,34,v6,88000000ffffffffffffa8dd9f4dc5b5
8212,87.906434786,2.998654,34,v6,88000000ffffffffffffa8dd9f4dc5b5
8213,87.908701974,2.267188,34,v6,88000000ffffffffffffa8dd9f4dc5b5
8214,87.911692257,2.990283,30,v6,88000000ffffffffffffa8dd9f4dc5b5
8215,87.913978170,2.285913,30,v6,88000000ffffffffffffa8dd9f4dc5b5
8216,87.916620454,2.642284,34,v6,88000000ffffffffffffa8dd9f4dc5b5
8217,87.918512045,1.891591,30,v6,88000000ffffffffffffa8dd9f4dc5b5
8218,87.921897484,3.385439,30,v6,88000000ffffffffffffa8dd9f4dc5b5
8219,87.923896781,1.999297,30,v6,88000000ffffffffffffa8dd9f4dc5b5
8220,87.926963446,3.066665,34,v6,88000000ffffffffffffa8dd9f4dc5b5
8221,87.928952808,1.989362,30,v6,88000000ffffffffffffa8dd9f4dc5b5
8222,87.932087068,3.134260,30,v6,88000000ffffffffffffa8dd9f4dc5b5
8223,87.933738944,1.651876,30,v6,88000000ffffffffffffa8dd9f4dc5b5
8224,87.936910853,3.171909,30,v6,88000000ffffffffffffa8dd9f4dc5b5
8225,87.938983894,2.073041,30,v6,88000000ffffffffffffa8dd9f4dc5b5
8226,87.942075612,3.091718,34,v6,88000000ffffffffffffa8dd9f4dc5b5
8227,87.944053439,1.977827,34,v6,88000000ffffffffffffa8dd9f4dc5b5
8228,87.945982617,1.929178,30,v6,88000000ffffffffffffa8dd9f4dc5b5
8229,87.949097553,3.114936,34,v6,88000000ffffffffffffa8dd9f4dc5b5
8230,87.951086960,1.989407,34,v6,88000000ffffffffffffa8dd9f4dc5b5
8231,87.954397892,3.310932,34,v6,88000000ffffffffffffa8dd9f4dc5b5
8232,87.956100682,1.702790,30,v6,88000000ffffffffffffa8dd9f4dc5b5
8233,87.959129152,3.028470,34,v6,88000000ffffffffffffa8dd9f4dc5b5
8234,87.962360165,3.231013,30,v6,88000000ffffffffffffa8dd9f4dc5b5
8235,87.964360101,1.999936,30,v6,88000000ffffffffffffa8dd9f4dc5b5
8236,87.967313452,2.953351,34,v6,88000000ffffffffffffa8dd9f4dc5b5
8237,87.969316112,2.002660,34,v6,88000000ffffffffffffa8dd9f4dc5b5
8238,87.972497134,3.181022,30,v6,88000000ffffffffffffa8dd9f4dc5b5
8239,87.974658297,2.161163,30,v6,88000000ffffffffffffa8dd9f4dc5b5
8240,87.977543744,2.885447,34,v6,88000000ffffffffffffa8dd9f4dc5b5
8241,87.979742852,2.199108,30,v6,88000000ffffffffffffa8dd9f4dc5b5
8242,87.981795426,2.052574,30,v6,88000000ffffffffffffa8dd9f4dc5b5
8243,87.984659989,2.864563,30,v6,88000000ffffffffffffa8dd9f4dc5b5
8244,87.986828533,2.168544,34,v6,88000000ffffffffffffa8dd9f4dc5b5
8245,87.989750723,2.922190,30,v6,88000000ffffffffffffa8dd9f4dc5b5
8246,87.991739112,1.988389,34,v6,88000000ffffffffffffa8dd9f4dc5b5
8247,87.995025650,3.286538,30,v6,88000000ffffffffffffa8dd9f4dc5b5
8248,87.997065602,2.039952,34,v6,88000000ffffffffffffa8dd9f4dc5b5
8249,87.999820410,2.754808,34,v6,88000000ffffffffffffa8dd9f4dc5b5
8250,88.002176857,2.356447,30,v6,88000000ffffffffffffa8dd9f4dc5b5
8251,88.005006698,2.829841,30,v6,88000000ffffffffffffa8dd9f4dc5b5
8252,88.007097197,2.090499,34,v6,88000000ffffffffffffa8dd9f4dc5b5
8253,88.010213443,3.116246,30,v6,88000000ffffffffffffa8dd9f4dc5b5
8254,88.013057751,2.844308,34,v6,88000000ffffffffffffa8dd9f4dc5b5
8255,88.015220603,2.162852,30,v6,88000000ffffffffffffa8dd9f4dc5b5
8256,88.018113704,2.893101,30,v6,88000000ffffffffffffa8dd9f4dc5b5
8257,88.020014182,1.900478,34,v6,88000000ffffffffffffa8dd9f4dc5b5
8258,88.024357290,4.343108,30,v6,88000000ffffffffffffa8dd9f4dc5b5
8259,88.026336030,1.978740,34,v6,88000000ffffffffffffa8dd9f4dc5b5
8260,88.028288782,1.952752,34,v6,88000000ffffffffffffa8dd9f4dc5b5
8261,88.031424240,3.135458,34,v6,88000000ffffffffffffa8dd9f4dc5b5
8262,88.033406810,1.982570,34,v6,88000000ffffffffffffa8dd9f4dc5b5
8263,88.036460924,3.054114,34,v6,88000000ffffffffffffa8dd9f4dc5b5
8264,88.038582551,2.121627,34,v6,88000000ffffffffffffa8dd9f4dc5b5
8265,88.041936677,3.354126,34,v6,88000000ffffffffffffa8dd9f4dc5b5
8266,88.043799489,1.862812,30,v6,88000000ffffffffffffa8dd9f4dc5b5
8267,88.046703648,2.904159,34,v6,88000000ffffffffffffa8dd9f4dc5b5
8268,88.048712366,2.008718,30,v6,88000000ffffffffffffa8dd9f4dc5b5
8269,88.051669747,2.957381,34,v6,88000000ffffffffffffa8dd9f4dc5b5
8270,88.053895671,2.225924,34,v6,88000000ffffffffffffa8dd9f4dc5b5
8271,88.056880767,2.985096,34,v6,88000000ffffffffffffa8dd9f4dc5b5
8272,88.059024717,2.143950,34,v6,88000000ffffffffffffa8dd9f4dc5b5
8273,88.062044996,3.020279,30,v6,88000000ffffffffffffa8dd9f4dc5b5
8274,88.064104476,2.059480,30,v6,88000000ffffffffffffa8dd9f4dc5b5
8275,88.066881484,2.777008,34,v6,88000000ffffffffffffa8dd9f4dc5b5
8276,88.069028612,2.147128,30,v6,88000000ffffffffffffa8dd9f4dc5b5
8277,88.071327788,2.299176,30,v6,88000000ffffffffffffa8dd9f4dc5b5
8278,88.074208985,2.881197,34,v6,88000000ffffffffffffa8dd9f4dc5b5
8279,88.076933453,2.724468,30,v6,88000000ffffffffffffa8dd9f4dc5b5
8280,88.080124198,3.190745,30,v6,88000000ffffffffffffa8dd9f4dc5b5
8281,88.082372906,2.248708,30,v6,88000000ffffffffffffa8dd9f4dc5b5
8282,88.085213099,2.840193,34,v6,88000000ffffffffffffa8dd9f4dc5b5
8283,88.087258437,2.045338,34,v6,88000000ffffffffffffa8dd9f4dc5b5
8284,88.090224666,2.966229,34,v6,88000000ffffffffffffa8dd9f4dc5b5
8285,88.092188334,1.963668,30,v6,88000000ffffffffffffa8dd9f4dc5b5
8286,88.095474451,3.286117,34,v6,88000000ffffffffffffa8dd9f4dc5b5
8287,88.097311236,1.836785,34,v6,88000000ffffffffffffa8dd9f4dc5b5
8288,88.100513578,3.202342,34,v6,88000000ffffffffffffa8dd9f4dc5b5
8289,88.102615800,2.102222,34,v6,88000000ffffffffffffa8dd9f4dc5b5
8290,88.105748716,3.132916,34,v6,88000000ffffffffffffa8dd9f4dc5b5
8291,88.107657835,1.909119,30,v6,88000000ffffffffffffa8dd9f4dc5b5
8292,88.110576525,2.918690,34,v6,88000000ffffffffffffa8dd9f4dc5b5
8293,88.112626258,2.049733,34,v6,88000000ffffffffffffa8dd9f4dc5b5
8294,88.115831478,3.205220,34,v6,88000000ffffffffffffa8dd9f4dc5b5
8295,88.117602845,1.771367,34,v6,88000000ffffffffffffa8dd9f4dc5b5
8296,88.119813024,2.210179,30,v6,88000000ffffffffffffa8dd9f4dc5b5
8297,88.123161542,3.348518,34,v6,88000000ffffffffffffa8dd9f4dc5b5
8298,88.125184254,2.022712,34,v6,88000000ffffffffffffa8dd9f4dc5b5
8299,88.128238560,3.054306,30,v6,88000000ffffffffffffa8dd9f4dc5b5
8300,88.130879091,2.640531,30,v6,88000000ffffffffffffa8dd9f4dc5b5
8301,88.133259460,2.380369,34,v6,88000000ffffffffffffa8dd9f4dc5b5
8302,88.136412027,3.152567,30,v6,88000000ffffffffffffa8dd9f4dc5b5
8303,88.479801661,343.389634,34,v6,88000000ffffffffffffa8dd9f4dc5b5
8304,88.483600402,3.798741,30,v6,88000000ffffffffffffa8dd9f4dc5b5
8305,88.486551061,2.950659,30,v6,88000000ffffffffffffa8dd9f4dc5b5
8306,88.488914233,2.363172,34,v6,88000000ffffffffffffa8dd9f4dc5b5
8307,88.490553303,1.639070,30,v6,88000000ffffffffffffa8dd9f4dc5b5
8308,88.493718159,3.164856,34,v6,88000000ffffffffffffa8dd9f4dc5b5
8309,88.495695592,1.977433,30,v6,88000000ffffffffffffa8dd9f4dc5b5
8310,88.497940744,2.245152,34,v6,88000000ffffffffffffa8dd9f4dc5b5
8311,88.500617620,2.676876,34,v6,88000000ffffffffffffa8dd9f4dc5b5
8312,88.502942111,2.324491,30,v6,88000000ffffffffffffa8dd9f4dc5b5
8313,88.506038822,3.096711,30,v6,88000000ffffffffffffa8dd9f4dc5b5
8314,88.507977037,1.938215,34,v6,88000000ffffffffffffa8dd9f4dc5b5
8315,88.510128897,2.151860,30,v6,88000000ffffffffffffa8dd9f4dc5b5
8316,88.513152101,3.023204,30,v6,88000000ffffffffffffa8dd9f4dc5b5
8317,88.515204989,2.052888,34,v6,88000000ffffffffffffa8dd9f4dc5b5
8318,88.518067979,2.862990,34,v6,88000000ffffffffffffa8dd9f4dc5b5
8319,88.519880355,1.812376,30,v6,88000000ffffffffffffa8dd9f4dc5b5
8320,88.523116497,3.236142,34,v6,88000000ffffffffffffa8dd9f4dc5b5
8321,88.525104218,1.987721,34,v6,88000000ffffffffffffa8dd9f4dc5b5
8322,88.527256475,2.152257,30,v6,88000000ffffffffffffa8dd9f4dc5b5
8323,88.530315662,3.059187,34,v6,88000000ffffffffffffa8dd9f4dc5b5
8324,88.532234175,1.918513,34,v6,88000000ffffffffffffa8dd9f4dc5b5
8325,88.535307802,3.073627,30,v6,88000000ffffffffffffa8dd9f4dc5b5
8326,88.537475043,2.167241,34,v6,88000000ffffffffffffa8dd9f4dc5b5
8327,88.539577962,2.102919,34,v6,88000000ffffffffffffa8dd9f4dc5b5
8328,88.542699403,3.121441,34,v6,88000000ffffffffffffa8dd9f4dc5b5
8329,88.544652859,1.953456,30,v6,88000000ffffffffffffa8dd9f4dc5b5
8330,88.546703305,2.050446,34,v6,88000000ffffffffffffa8dd9f4dc5b5
8331,88.549484736,2.781431,30,v6,88000000ffffffffffffa8dd9f4dc5b5
8332,88.551644778,2.160042,34,v6,88000000ffffffffffffa8dd9f4dc5b5
8333,88.554683585,3.038807,30,v6,88000000ffffffffffffa8dd9f4dc5b5
8334,88.556822884,2.139299,34,v6,88000000ffffffffffffa8dd9f4dc5b5
8335,88.558922242,2.099358,34,v6,88000000ffffffffffffa8dd9f4dc5b5
8336,88.562041506,3.119264,30,v6,88000000ffffffffffffa8dd9f4dc5b5
8337,88.563825740,1.784234,30,v6,88000000ffffffffffffa8dd9f4dc5b5
8338,88.566811436,2.985696,30,v6,88000000ffffffffffffa8dd9f4dc5b5
8339,88.568808844,1.997408,30,v6,88000000ffffffffffffa8dd9f4dc5b5
8340,88.571966457,3.157613,30,v6,88000000ffffffffffffa8dd9f4dc5b5
8341,88.573883294,1.916837,34,v6,88000000ffffffffffffa8dd9f4dc5b5
8342,88.576097623,2.214329,34,v6,88000000ffffffffffffa8dd9f4dc5b5
8343,88.579353089,3.255466,30,v6,88000000ffffffffffffa8dd9f4dc5b5
8344,88.581132717,1.779628,34,v6,88000000ffffffffffffa8dd9f4dc5b5
8345,88.583107660,1.974943,34,v6,88000000ffffffffffffa8dd9f4dc5b5
8346,88.586250380,3.142720,30,v6,88000000ffffffffffffa8dd9f4dc5b5
8347,88.588190883,1.940503,30,v6,88000000ffffffffffffa8dd9f4dc5b5
8348,88.591195359,3.004476,30,v6,88000000ffffffffffffa8dd9f4dc5b5
8349,88.593207878,2.012519,34,v6,88000000ffffffffffffa8dd9f4dc5b5
8350,88.596293812,3.085934,34,v6,88000000ffffffffffffa8dd9f4dc5b5
8351,88.598381962,2.088150,34,v6,88000000ffffffffffffa8dd9f4dc5b5
8352,88.600277581,1.895619,34,v6,88000000ffffffffffffa8dd9f4dc5b5
8353,88.604550300,4.272719,34,v6,88000000ffffffffffffa8dd9f4dc5b5
8354,88.606459928,1.909628,34,v6,88000000ffffffffffffa8dd9f4dc5b5
8355,88.609541937,3.082009,34,v6,88000000ffffffffffffa8dd9f4dc5b5
8356,88.611662149,2.120212,34,v6,88000000ffffffffffffa8dd9f4dc5b5
8357,88.613628658,1.966509,30,v6,88000000ffffffffffffa8dd9f4dc5b5
8358,88.616505782,2.877124,30,v6,88000000ffffffffffffa8dd9f4dc5b5
8359,88.618767531,2.261749,34,v6,88000000ffffffffffffa8dd9f4dc5b5
8360,88.621803021,3.035490,34,v6,88000000ffffffffffffa8dd9f4dc5b5
8361,88.623890971,2.087950,30,v6,88000000ffffffffffffa8dd9f4dc5b5
8362,88.626983927,3.092956,34,v6,88000000ffffffffffffa8dd9f4dc5b5
8363,88.628901383,1.917456,30,v6,88000000ffffffffffffa8dd9f4dc5b5
8364,88.631024294,2.122911,34,v6,88000000ffffffffffffa8dd9f4dc5b5
8365,88.633917157,2.892863,30,v6,88000000ffffffffffffa8dd9f4dc5b5
8366,88.636124360,2.207203,34,v6,88000000ffffffffffffa8dd9f4dc5b5
8367,88.638107920,1.983560,30,v6,88000000ffffffffffffa8dd9f4dc5b5
8368,88.640995448,2.887528,30,v6,88000000ffffffffffffa8dd9f4dc5b5
8369,88.643186445,2.190997,30,v6,88000000ffffffffffffa8dd9f4dc5b5
8370,88.646140935,2.954490,34,v6,88000000ffffffffffffa8dd9f4dc5b5
8371,88.648262718,2.121783,30,v6,88000000ffffffffffffa8dd9f4dc5b5
8372,88.651040709,2.777991,34,v6,88000000ffffffffffffa8dd9f4dc5b5
8373,88.653133892,2.093183,30,v6,88000000ffffffffffffa8dd9f4dc5b5
8374,88.655288818,2.154926,30,v6,88000000ffffffffffffa8dd9f4dc5b5
8375,88.658201816,2.912998,34,v6,88000000ffffffffffffa8dd9f4dc5b5
8376,88.660412176,2.210360,30,v6,88000000ffffffffffffa8dd9f4dc5b5
8377,88.663354288,2.942112,30,v6,88000000ffffffffffffa8dd9f4dc5b5
8378,88.665418238,2.063950,34,v6,88000000ffffffffffffa8dd9f4dc5b5
8379,88.667535746,2.117508,30,v6,88000000ffffffffffffa8dd9f4dc5b5
8380,88.670678410,3.142664,34,v6,88000000ffffffffffffa8dd9f4dc5b5
8381,88.672835383,2.156973,30,v6,88000000ffffffffffffa8dd9f4dc5b5
8382,88.674663853,1.828470,34,v6,88000000ffffffffffffa8dd9f4dc5b5
8383,88.677713170,3.049317,30,v6,88000000ffffffffffffa8dd9f4dc5b5
8384,88.679595244,1.882074,34,v6,88000000ffffffffffffa8dd9f4dc5b5
8385,88.682669122,3.073878,34,v6,88000000ffffffffffffa8dd9f4dc5b5
8386,88.685004107,2.334985,30,v6,88000000ffffffffffffa8dd9f4dc5b5
8387,88.686708795,1.704688,34,v6,88000000ffffffffffffa8dd9f4dc5b5
8388,88.689823825,3.115030,30,v6,88000000ffffffffffffa8dd9f4dc5b5
8389,88.691812414,1.988589,30,v6,88000000ffffffffffffa8dd9f4dc5b5
8390,88.694856212,3.043798,30,v6,88000000ffffffffffffa8dd9f4dc5b5
8391,88.696865989,2.009777,34,v6,88000000ffffffffffffa8dd9f4dc5b5
8392,88.698888233,2.022244,30,v6,88000000ffffffffffffa8dd9f4dc5b5
8393,88.701975643,3.087410,34,v6,88000000ffffffffffffa8dd9f4dc5b5
8394,88.704081783,2.106140,30,v6,88000000ffffffffffffa8dd9f4dc5b5
8395,88.706314961,2.233178,34,v6,88000000ffffffffffffa8dd9f4dc5b5
8396,88.709271957,2.956996,30,v6,88000000ffffffffffffa8dd9f4dc5b5
8397,88.711127670,1.855713,30,v6,88000000ffffffffffffa8dd9f4dc5b5
8398,88.714039849,2.912179,34,v6,88000000ffffffffffffa8dd9f4dc5b5
8399,88.716243207,2.203358,30,v6,88000000ffffffffffffa8dd9f4dc5b5
8400,88.719167306,2.924099,30,v6,88000000ffffffffffffa8dd9f4dc5b5
8401,88.721206770,2.039464,30,v6,88000000ffffffffffffa8dd9f4dc5b5
8402,88.723188184,1.981414,30,v6,88000000ffffffffffffa8dd9f4dc5b5
8403,89.056718918,333.530734,34,v6,88000000ffffffffffffa8dd9f4dc5b5
8404,89.059882405,3.163487,34,v6,88000000ffffffffffffa8dd9f4dc5b5
8405,89.061892402,2.009997,34,v6,88000000ffffffffffffa8dd9f4dc5b5
8406,89.063899073,2.006671,30,v6,88000000ffffffffffffa8dd9f4dc5b5
8407,89.065720733,1.821660,30,v6,88000000ffffffffffffa8dd9f4dc5b5
8408,89.068938672,3.217939,34,v6,88000000ffffffffffffa8dd9f4dc5b5
8409,89.070930960,1.992288,34,v6,88000000ffffffffffffa8dd9f4dc5b5
8410,89.072815105,1.884145,30,v6,88000000ffffffffffffa8dd9f4dc5b5
8411,89.075936897,3.121792,34,v6,88000000ffffffffffffa8dd9f4dc5b5
8412,89.078026176,2.089279,34,v6,88000000ffffffffffffa8dd9f4dc5b5
8413,89.080079774,2.053598,30,v6,88000000ffffffffffffa8dd9f4dc5b5
8414,89.083022619,2.942845,34,v6,88000000ffffffffffffa8dd9f4dc5b5
8415,89.085155747,2.133128,34,v6,88000000ffffffffffffa8dd9f4dc5b5
8416,89.087045043,1.889296,30,v6,88000000ffffffffffffa8dd9f4dc5b5
8417,89.090273721,3.228678,34,v6,88000000ffffffffffffa8dd9f4dc5b5
8418,89.092157620,1.883899,34,v6,88000000ffffffffffffa8dd9f4dc5b5
8419,89.094072801,1.915181,34,v6,88000000ffffffffffffa8dd9f4dc5b5
8420,89.097324402,3.251601,34,v6,88000000ffffffffffffa8dd9f4dc5b5
8421,89.099230613,1.906211,30,v6,88000000ffffffffffffa8dd9f4dc5b5
8422,89.101300188,2.069575,30,v6,88000000ffffffffffffa8dd9f4dc5b5
8423,89.104351643,3.051455,34,v6,88000000ffffffffffffa8dd9f4dc5b5
8424,89.106314693,1.963050,30,v6,88000000ffffffffffffa8dd9f4dc5b5
8425,89.108279943,1.965250,30,v6,88000000ffffffffffffa8dd9f4dc5b5
8426,89.110447849,2.167906,30,v6,88000000ffffffffffffa8dd9f4dc5b5
8427,89.112492138,2.044289,30,v6,88000000ffffffffffffa8dd9f4dc5b5
8428,89.115510113,3.017975,30,v6,88000000ffffffffffffa8dd9f4dc5b5
8429,89.117510396,2.000283,30,v6,88000000ffffffffffffa8dd9f4dc5b5
8430,89.120712955,3.202559,30,v6,88000000ffffffffffffa8dd9f4dc5b5
8431,89.122765596,2.052641,30,v6,88000000ffffffffffffa8dd9f4dc5b5
8432,89.124665707,1.900111,30,v6,88000000ffffffffffffa8dd9f4dc5b5
8433,89.127775590,3.109883,34,v6,88000000ffffffffffffa8dd9f4dc5b5
8434,89.129873090,2.097500,30,v6,88000000ffffffffffffa8dd9f4dc5b5
8435,89.131872806,1.999716,34,v6,88000000ffffffffffffa8dd9f4dc5b5
8436,89.133864003,1.991197,34,v6,88000000ffffffffffffa8dd9f4dc5b5
8437,89.136878154,3.014151,30,v6,88000000ffffffffffffa8dd9f4dc5b5
8438,89.140022698,3.144544,30,v6,88000000ffffffffffffa8dd9f4dc5b5
8439,89.142005803,1.983105,34,v6,88000000ffffffffffffa8dd9f4dc5b5
8440,89.145103054,3.097251,34,v6,88000000ffffffffffffa8dd9f4dc5b5
8441,89.147127899,2.024845,30,v6,88000000ffffffffffffa8dd9f4dc5b5
8442,89.149186410,2.058511,30,v6,88000000ffffffffffffa8dd9f4dc5b5
8443,89.152056354,2.869944,30,v6,88000000ffffffffffffa8dd9f4dc5b5
8444,89.154371788,2.315434,30,v6,88000000ffffffffffffa8dd9f4dc5b5
8445,89.156165038,1.793250,34,v6,88000000ffffffffffffa8dd9f4dc5b5
8446,89.158154703,1.989665,30,v6,88000000ffffffffffffa8dd9f4dc5b5
8447,89.161325018,3.170315,30,v6,88000000ffffffffffffa8dd9f4dc5b5
8448,89.163171963,1.846945,34,v6,88000000ffffffffffffa8dd9f4dc5b5
8449,89.165387338,2.215375,34,v6,88000000ffffffffffffa8dd9f4dc5b5
8450,89.168269632,2.882294,34,v6,88000000ffffffffffffa8dd9f4dc5b5
8451,89.170435256,2.165624,30,v6,88000000ffffffffffffa8dd9f4dc5b5
8452,89.172376470,1.941214,30,v6,88000000ffffffffffffa8dd9f4dc5b5
8453,89.175431193,3.054723,30,v6,88000000ffffffffffffa8dd9f4dc5b5
8454,89.177425235,1.994042,30,v6,88000000ffffffffffffa8dd9f4dc5b5
8455,89.179616689,2.191454,30,v6,88000000ffffffffffffa8dd9f4dc5b5
8456,89.181778880,2.162191,30,v6,88000000ffffffffffffa8dd9f4dc5b5
8457,89.184581800,2.802920,34,v6,88000000ffffffffffffa8dd9f4dc5b5
8458,89.186660312,2.078512,30,v6,88000000ffffffffffffa8dd9f4dc5b5
8459,89.188805909,2.145597,34,v6,88000000ffffffffffffa8dd9f4dc5b5
8460,89.191643959,2.838050,34,v6,88000000ffffffffffffa8dd9f4dc5b5
8461,89.193732542,2.088583,34,v6,88000000ffffffffffffa8dd9f4dc5b5
8462,89.195990282,2.257740,34,v6,88000000ffffffffffffa8dd9f4dc5b5
8463,89.198970162,2.979880,34,v6,88000000ffffffffffffa8dd9f4dc5b5
8464,89.200999208,2.029046,34,v6,88000000ffffffffffffa8dd9f4dc5b5
8465,89.203055751,2.056543,34,v6,88000000ffffffffffffa8dd9f4dc5b5
8466,89.205201538,2.145787,30,v6,88000000ffffffffffffa8dd9f4dc5b5
8467,89.207070376,1.868838,30,v6,88000000ffffffffffffa8dd9f4dc5b5
8468,89.210016311,2.945935,30,v6,88000000ffffffffffffa8dd9f4dc5b5
8469,89.212184594,2.168283,34,v6,88000000ffffffffffffa8dd9f4dc5b5
8470,89.215128080,2.943486,34,v6,88000000ffffffffffffa8dd9f4dc5b5
8471,89.217094429,1.966349,30,v6,88000000ffffffffffffa8dd9f4dc5b5
8472,89.219106630,2.012201,30,v6,88000000ffffffffffffa8dd9f4dc5b5
8473,89.221119621,2.012991,30,v6,88000000ffffffffffffa8dd9f4dc5b5
8474,89.224140531,3.020910,34,v6,88000000ffffffffffffa8dd9f4dc5b5
8475,89.226179303,2.038772,30,v6,88000000ffffffffffffa8dd9f4dc5b5
8476,89.228384098,2.204795,30,v6,88000000ffffffffffffa8dd9f4dc5b5
8477,89.230328367,1.944269,34,v6,88000000ffffffffffffa8dd9f4dc5b5
8478,89.233154515,2.826148,30,v6,88000000ffffffffffffa8dd9f4dc5b5
8479,89.235227090,2.072575,34,v6,88000000ffffffffffffa8dd9f4dc5b5
8480,89.238590482,3.363392,30,v6,88000000ffffffffffffa8dd9f4dc5b5
8481,89.240383515,1.793033,34,v6,88000000ffffffffffffa8dd9f4dc5b5
8482,89.242442082,2.058567,30,v6,88000000ffffffffffffa8dd9f4dc5b5
8483,89.244578425,2.136343,30,v6,88000000ffffffffffffa8dd9f4dc5b5
8484,89.246708837,2.130412,30,v6,88000000ffffffffffffa8dd9f4dc5b5
8485,89.249592663,2.883826,34,v6,88000000ffffffffffffa8dd9f4dc5b5
8486,89.251812401,2.219738,34,v6,88000000ffffffffffffa8dd9f4dc5b5
8487,89.254894991,3.082590,34,v6,88000000ffffffffffffa8dd9f4dc5b5
8488,89.256846948,1.951957,30,v6,88000000ffffffffffffa8dd9f4dc5b5
8489,89.258798365,1.951417,30,v6,88000000ffffffffffffa8dd9f4dc5b5
8490,89.261032658,2.234293,30,v6,88000000ffffffffffffa8dd9f4dc5b5
8491,89.263977390,2.944732,30,v6,88000000ffffffffffffa8dd9f4dc5b5
8492,89.267017826,3.040436,34,v6,88000000ffffffffffffa8dd9f4dc5b5
8493,89.270388938,3.371112,34,v6,88000000ffffffffffffa8dd9f4dc5b5
8494,89.271989716,1.600778,30,v6,88000000ffffffffffffa8dd9f4dc5b5
8495,89.274174598,2.184882,30,v6,88000000ffffffffffffa8dd9f4dc5b5
8496,89.276149620,1.975022,30,v6,88000000ffffffffffffa8dd9f4dc5b5
8497,89.278960841,2.811221,30,v6,88000000ffffffffffffa8dd9f4dc5b5
8498,89.281321142,2.360301,34,v6,88000000ffffffffffffa8dd9f4dc5b5
8499,89.283102562,1.781420,34,v6,88000000ffffffffffffa8dd9f4dc5b5
8500,89.286136711,3.034149,34,v6,88000000ffffffffffffa8dd9f4dc5b5
8501,89.288349859,2.213148,34,v6,88000000ffffffffffffa8dd9f4dc5b5
8502,89.290512839,2.162980,34,v6,88000000ffffffffffffa8dd9f4dc5b5
8503,89.622718313,332.205474,30,v6,88000000ffffffffffffa8dd9f4dc5b5
8504,89.625806541,3.088228,34,v6,88000000ffffffffffffa8dd9f4dc5b5
8505,89.628707326,2.900785,30,v6,88000000ffffffffffffa8dd9f4dc5b5
8506,89.630730493,2.023167,34,v6,88000000ffffffffffffa8dd9f4dc5b5
8507,89.632633859,1.903366,34,v6,88000000ffffffffffffa8dd9f4dc5b5
8508,89.634786618,2.152759,30,v6,88000000ffffffffffffa8dd9f4dc5b5
8509,89.637964947,3.178329,30,v6,88000000ffffffffffffa8dd9f4dc5b5
8510,89.639884637,1.919690,30,v6,88000000ffffffffffffa8dd9f4dc5b5
8511,89.641879684,1.995047,30,v6,88000000ffffffffffffa8dd9f4dc5b5
8512,89.643920911,2.041227,30,v6,88000000ffffffffffffa8dd9f4dc5b5
8513,89.645797542,1.876631,34,v6,88000000ffffffffffffa8dd9f4dc5b5
8514,89.649143567,3.346025,30,v6,88000000ffffffffffffa8dd9f4dc5b5
8515,89.651228998,2.085431,30,v6,88000000ffffffffffffa8dd9f4dc5b5
8516,89.652927437,1.698439,34,v6,88000000ffffffffffffa8dd9f4dc5b5
8517,89.655011544,2.084107,30,v6,88000000ffffffffffffa8dd9f4dc5b5
8518,89.658121795,3.110251,30,v6,88000000ffffffffffffa8dd9f4dc5b5
8519,89.660074815,1.953020,34,v6,88000000ffffffffffffa8dd9f4dc5b5
8520,89.662011393,1.936578,34,v6,88000000ffffffffffffa8dd9f4dc5b5
8521,89.664131056,2.119663,34,v6,88000000ffffffffffffa8dd9f4dc5b5
8522,89.666127556,1.996500,30,v6,88000000ffffffffffffa8dd9f4dc5b5
8523,89.669348635,3.221079,34,v6,88000000ffffffffffffa8dd9f4dc5b5
8524,89.671103083,1.754448,30,v6,88000000ffffffffffffa8dd9f4dc5b5
8525,89.673189060,2.085977,34,v6,88000000ffffffffffffa8dd9f4dc5b5
8526,89.675598811,2.409751,34,v6,88000000ffffffffffffa8dd9f4dc5b5
8527,89.677288037,1.689226,34,v6,88000000ffffffffffffa8dd9f4dc5b5
8528,89.680359599,3.071562,30,v6,88000000ffffffffffffa8dd9f4dc5b5
8529,89.682423296,2.063697,30,v6,88000000ffffffffffffa8dd9f4dc5b5
8530,89.684268457,1.845161,34,v6,88000000ffffffffffffa8dd9f4dc5b5
8531,89.686386028,2.117571,34,v6,88000000ffffffffffffa8dd9f4dc5b5
8532,89.688473439,2.087411,34,v6,88000000ffffffffffffa8dd9f4dc5b5
8533,89.691657330,3.183891,34,v6,88000000ffffffffffffa8dd9f4dc5b5
8534,89.692659440,1.002110,30,v6,88000000ffffffffffffa8dd9f4dc5b5
8535,89.695583365,2.923925,30,v6,88000000ffffffffffffa8dd9f4dc5b5
8536,89.697589804,2.006439,30,v6,88000000ffffffffffffa8dd9f4dc5b5
8537,89.699662901,2.073097,30,v6,88000000ffffffffffffa8dd9f4dc5b5
8538,89.701831063,2.168162,34,v6,88000000ffffffffffffa8dd9f4dc5b5
8539,89.703872614,2.041551,34,v6,88000000ffffffffffffa8dd9f4dc5b5
8540,89.706835168,2.962554,34,v6,88000000ffffffffffffa8dd9f4dc5b5
8541,89.708720499,1.885331,34,v6,88000000ffffffffffffa8dd9f4dc5b5
8542,89.710998483,2.277984,34,v6,88000000ffffffffffffa8dd9f4dc5b5
8543,89.713120596,2.122113,30,v6,88000000ffffffffffffa8dd9f4dc5b5
8544,89.715852581,2.731985,34,v6,88000000ffffffffffffa8dd9f4dc5b5
8545,89.717992150,2.139569,30,v6,88000000ffffffffffffa8dd9f4dc5b5
8546,89.720019737,2.027587,30,v6,88000000ffffffffffffa8dd9f4dc5b5
8547,89.722372383,2.352646,34,v6,88000000ffffffffffffa8dd9f4dc5b5
8548,89.724412774,2.040391,30,v6,88000000ffffffffffffa8dd9f4dc5b5
8549,89.725992262,1.579488,34,v6,88000000ffffffffffffa8dd9f4dc5b5
8550,89.729347788,3.355526,34,v6,88000000ffffffffffffa8dd9f4dc5b5
8551,89.731285756,1.937968,30,v6,88000000ffffffffffffa8dd9f4dc5b5
8552,89.733078945,1.793189,30,v6,88000000ffffffffffffa8dd9f4dc5b5
8553,89.736188112,3.109167,34,v6,88000000ffffffffffffa8dd9f4dc5b5
8554,89.737275894,1.087782,34,v6,88000000ffffffffffffa8dd9f4dc5b5
8555,89.740418953,3.143059,30,v6,88000000ffffffffffffa8dd9f4dc5b5
8556,89.742476341,2.057388,34,v6,88000000ffffffffffffa8dd9f4dc5b5
8557,89.744461831,1.985490,34,v6,88000000ffffffffffffa8dd9f4dc5b5
8558,89.747508798,3.046967,34,v6,88000000ffffffffffffa8dd9f4dc5b5
8559,89.750563361,3.054563,30,v6,88000000ffffffffffffa8dd9f4dc5b5
8560,89.752562475,1.999114,30,v6,88000000ffffffffffffa8dd9f4dc5b5
8561,89.754534343,1.971868,30,v6,88000000ffffffffffffa8dd9f4dc5b5
8562,89.756946708,2.412365,30,v6,88000000ffffffffffffa8dd9f4dc5b5
8563,89.759834979,2.888271,30,v6,88000000ffffffffffffa8dd9f4dc5b5
8564,89.761950033,2.115054,30,v6,88000000ffffffffffffa8dd9f4dc5b5
8565,89.763846204,1.896171,34,v6,88000000ffffffffffffa8dd9f4dc5b5
8566,89.766006997,2.160793,30,v6,88000000ffffffffffffa8dd9f4dc5b5
8567,89.768174560,2.167563,34,v6,88000000ffffffffffffa8dd9f4dc5b5
8568,89.769860343,1.685783,30,v6,88000000ffffffffffffa8dd9f4dc5b5
8569,89.772919634,3.059291,30,v6,88000000ffffffffffffa8dd9f4dc5b5
8570,89.774777249,1.857615,34,v6,88000000ffffffffffffa8dd9f4dc5b5
8571,89.777163271,2.386022,34,v6,88000000ffffffffffffa8dd9f4dc5b5
8572,89.779150302,1.987031,30,v6,88000000ffffffffffffa8dd9f4dc5b5
8573,89.782165796,3.015494,30,v6,88000000ffffffffffffa8dd9f4dc5b5
8574,89.782951640,0.785844,34,v6,88000000ffffffffffffa8dd9f4dc5b5
8575,89.786071399,3.119759,30,v6,88000000ffffffffffffa8dd9f4dc5b5
8576,89.788262218,2.190819,30,v6,88000000ffffffffffffa8dd9f4dc5b5
8577,89.790204000,1.941782,30,v6,88000000ffffffffffffa8dd9f4dc5b5
8578,89.793210036,3.006036,34,v6,88000000ffffffffffffa8dd9f4dc5b5
8579,89.795107050,1.897014,34,v6,88000000ffffffffffffa8dd9f4dc5b5
8580,89.797196400,2.089350,34,v6,88000000ffffffffffffa8dd9f4dc5b5
8581,89.799254971,2.058571,34,v6,88000000ffffffffffffa8dd9f4dc5b5
8582,89.801270868,2.015897,30,v6,88000000ffffffffffffa8dd9f4dc5b5
8583,89.804420563,3.149695,34,v6,88000000ffffffffffffa8dd9f4dc5b5
8584,89.806375174,1.954611,30,v6,88000000ffffffffffffa8dd9f4dc5b5
8585,89.808458341,2.083167,30,v6,88000000ffffffffffffa8dd9f4dc5b5
8586,89.812373797,3.915456,34,v6,88000000ffffffffffffa8dd9f4dc5b5
8587,89.814507426,2.133629,30,v6,88000000ffffffffffffa8dd9f4dc5b5
8588,89.817415341,2.907915,34,v6,88000000ffffffffffffa8dd9f4dc5b5
8589,89.819528585,2.113244,34,v6,88000000ffffffffffffa8dd9f4dc5b5
8590,89.821919568,2.390983,30,v6,88000000ffffffffffffa8dd9f4dc5b5
8591,89.823901093,1.981525,30,v6,88000000ffffffffffffa8dd9f4dc5b5
8592,89.825646153,1.745060,34,v6,88000000ffffffffffffa8dd9f4dc5b5
8593,89.828584246,2.938093,30,v6,88000000ffffffffffffa8dd9f4dc5b5
8594,89.830754570,2.170324,34,v6,88000000ffffffffffffa8dd9f4dc5b5
8595,89.832804178,2.049608,30,v6,88000000ffffffffffffa8dd9f4dc5b5
8596,89.834782291,1.978113,30,v6,88000000ffffffffffffa8dd9f4dc5b5
8597,89.838009425,3.227134,34,v6,88000000ffffffffffffa8dd9f4dc5b5
8598,89.840066259,2.056834,34,v6,88000000ffffffffffffa8dd9f4dc5b5
8599,89.841941640,1.875381,34,v6,88000000ffffffffffffa8dd9f4dc5b5
8600,89.844084609,2.142969,30,v6,88000000ffffffffffffa8dd9f4dc5b5
8601,89.845896704,1.812095,30,v6,88000000ffffffffffffa8dd9f4dc5b5
8602,90.196507925,350.611221,30,v6,88000000ffffffffffffa8dd9f4dc5b5
8603,90.198698372,2.190447,30,v6,88000000ffffffffffffa8dd9f4dc5b5
8604,90.200502149,1.803777,30,v6,88000000ffffffffffffa8dd9f4dc5b5
8605,90.202681049,2.178900,34,v6,88000000ffffffffffffa8dd9f4dc5b5
8606,90.205794602,3.113553,30,v6,88000000ffffffffffffa8dd9f4dc5b5
8607,90.207650464,1.855862,30,v6,88000000ffffffffffffa8dd9f4dc5b5
8608,90.209614689,1.964225,34,v6,88000000ffffffffffffa8dd9f4dc5b5
8609,90.211851921,2.237232,30,v6,88000000ffffffffffffa8dd9f4dc5b5
8610,90.213798114,1.946193,30,v6,88000000ffffffffffffa8dd9f4dc5b5
8611,90.215996395,2.198281,30,v6,88000000ffffffffffffa8dd9f4dc5b5
8612,90.218955485,2.959090,34,v6,88000000ffffffffffffa8dd9f4dc5b5
8613,90.221050308,2.094823,34,v6,88000000ffffffffffffa8dd9f4dc5b5
8614,90.223198788,2.148480,30,v6,88000000ffffffffffffa8dd9f4dc5b5
8615,90.225277938,2.079150,30,v6,88000000ffffffffffffa8dd9f4dc5b5
8616,90.227227386,1.949448,30,v6,88000000ffffffffffffa8dd9f4dc5b5
8617,90.229100782,1.873396,34,v6,88000000ffffffffffffa8dd9f4dc5b5
8618,90.231325039,2.224257,34,v6,88000000ffffffffffffa8dd9f4dc5b5
8619,90.233274019,1.948980,34,v6,88000000ffffffffffffa8dd9f4dc5b5
8620,90.235219757,1.945738,34,v6,88000000ffffffffffffa8dd9f4dc5b5
8621,90.237209192,1.989435,34,v6,88000000ffffffffffffa8dd9f4dc5b5
8622,90.239296955,2.087763,30,v6,88000000ffffffffffffa8dd9f4dc5b5
8623,90.242346956,3.050001,34,v6,88000000ffffffffffffa8dd9f4dc5b5
8624,90.244284588,1.937632,30,v6,88000000ffffffffffffa8dd9f4dc5b5
8625,90.246434454,2.149866,34,v6,88000000ffffffffffffa8dd9f4dc5b5
8626,90.248471462,2.037008,30,v6,88000000ffffffffffffa8dd9f4dc5b5
8627,90.250378785,1.907323,30,v6,88000000ffffffffffffa8dd9f4dc5b5
8628,90.252427417,2.048632,30,v6,88000000ffffffffffffa8dd9f4dc5b5
8629,90.254526344,2.098927,34,v6,88000000ffffffffffffa8dd9f4dc5b5
8630,90.256547041,2.020697,30,v6,88000000ffffffffffffa8dd9f4dc5b5
8631,90.258746188,2.199147,34,v6,88000000ffffffffffffa8dd9f4dc5b5
8632,90.261530667,2.784479,34,v6,88000000ffffffffffffa8dd9f4dc5b5
8633,90.263656521,2.125854,34,v6,88000000ffffffffffffa8dd9f4dc5b5
8634,90.265546124,1.889603,34,v6,88000000ffffffffffffa8dd9f4dc5b5
8635,90.267651768,2.105644,34,v6,88000000ffffffffffffa8dd9f4dc5b5
8636,90.269870669,2.218901,30,v6,88000000ffffffffffffa8dd9f4dc5b5
8637,90.271901073,2.030404,34,v6,88000000ffffffffffffa8dd9f4dc5b5
8638,90.274808791,2.907718,34,v6,88000000ffffffffffffa8dd9f4dc5b5
8639,90.277774212,2.965421,30,v6,88000000ffffffffffffa8dd9f4dc5b5
8640,90.280040887,2.266675,30,v6,88000000ffffffffffffa8dd9f4dc5b5
8641,90.281962935,1.922048,34,v6,88000000ffffffffffffa8dd9f4dc5b5
8642,90.283875278,1.912343,30,v6,88000000ffffffffffffa8dd9f4dc5b5
8643,90.285769247,1.893969,30,v6,88000000ffffffffffffa8dd9f4dc5b5
8644,90.288126445,2.357198,34,v6,88000000ffffffffffffa8dd9f4dc5b5
8645,90.290172095,2.045650,34,v6,88000000ffffffffffffa8dd9f4dc5b5
8646,90.292036250,1.864155,34,v6,88000000ffffffffffffa8dd9f4dc5b5
8647,90.294015077,1.978827,34,v6,88000000ffffffffffffa8dd9f4dc5b5
8648,90.297180533,3.165456,34,v6,88000000ffffffffffffa8dd9f4dc5b5
8649,90.298927048,1.746515,30,v6,88000000ffffffffffffa8dd9f4dc5b5
8650,90.300109297,1.182249,30,v6,88000000ffffffffffffa8dd9f4dc5b5
8651,90.303170229,3.060932,30,v6,88000000ffffffffffffa8dd9f4dc5b5
8652,90.305348299,2.178070,30,v6,88000000ffffffffffffa8dd9f4dc5b5
8653,90.307024873,1.676574,30,v6,88000000ffffffffffffa8dd9f4dc5b5
8654,90.309165193,2.140320,34,v6,88000000ffffffffffffa8dd9f4dc5b5
8655,90.311302453,2.137260,34,v6,88000000ffffffffffffa8dd9f4dc5b5
8656,90.313411143,2.108690,30,v6,88000000ffffffffffffa8dd9f4dc5b5
8657,90.315378325,1.967182,34,v6,88000000ffffffffffffa8dd9f4dc5b5
8658,90.318411458,3.033133,30,v6,88000000ffffffffffffa8dd9f4dc5b5
8659,90.320562493,2.151035,30,v6,88000000ffffffffffffa8dd9f4dc5b5
8660,90.322630112,2.067619,30,v6,88000000ffffffffffffa8dd9f4dc5b5
8661,90.324390093,1.759981,34,v6,88000000ffffffffffffa8dd9f4dc5b5
8662,90.326647533,2.257440,34,v6,88000000ffffffffffffa8dd9f4dc5b5
8663,90.328422478,1.774945,30,v6,88000000ffffffffffffa8dd9f4dc5b5
8664,90.330873277,2.450799,34,v6,88000000ffffffffffffa8dd9f4dc5b5
8665,90.332824253,1.950976,30,v6,88000000ffffffffffffa8dd9f4dc5b5
8666,90.334703925,1.879672,30,v6,88000000ffffffffffffa8dd9f4dc5b5
8667,90.336851125,2.147200,30,v6,88000000ffffffffffffa8dd9f4dc5b5
8668,90.339910930,3.059805,34,v6,88000000ffffffffffffa8dd9f4dc5b5
8669,90.341987784,2.076854,34,v6,88000000ffffffffffffa8dd9f4dc5b5
8670,90.343978041,1.990257,30,v6,88000000ffffffffffffa8dd9f4dc5b5
8671,90.345747206,1.769165,34,v6,88000000ffffffffffffa8dd9f4dc5b5
8672,90.348306174,2.558968,30,v6,88000000ffffffffffffa8dd9f4dc5b5
8673,90.349954896,1.648722,34,v6,88000000ffffffffffffa8dd9f4dc5b5
8674,90.351935332,1.980436,30,v6,88000000ffffffffffffa8dd9f4dc5b5
8675,90.354148592,2.213260,30,v6,88000000ffffffffffffa8dd9f4dc5b5
8676,90.356259512,2.110920,34,v6,88000000ffffffffffffa8dd9f4dc5b5
8677,90.359001263,2.741751,34,v6,88000000ffffffffffffa8dd9f4dc5b5
8678,90.360925378,1.924115,30,v6,88000000ffffffffffffa8dd9f4dc5b5
8679,90.363315696,2.390318,30,v6,88000000ffffffffffffa8dd9f4dc5b5
8680,90.365175742,1.860046,30,v6,88000000ffffffffffffa8dd9f4dc5b5
8681,90.367012674,1.836932,34,v6,88000000ffffffffffffa8dd9f4dc5b5
8682,90.369258413,2.245739,30,v6,88000000ffffffffffffa8dd9f4dc5b5
8683,90.371252469,1.994056,34,v6,88000000ffffffffffffa8dd9f4dc5b5
8684,90.373309696,2.057227,34,v6,88000000ffffffffffffa8dd9f4dc5b5
8685,90.376271424,2.961728,30,v6,88000000ffffffffffffa8dd9f4dc5b5
8686,90.377480973,1.209549,34,v6,88000000ffffffffffffa8dd9f4dc5b5
8687,90.379401805,1.920832,34,v6,88000000ffffffffffffa8dd9f4dc5b5
8688,90.382328617,2.926812,34,v6,88000000ffffffffffffa8dd9f4dc5b5
8689,90.385343607,3.014990,30,v6,88000000ffffffffffffa8dd9f4dc5b5
8690,90.387426651,2.083044,34,v6,88000000ffffffffffffa8dd9f4dc5b5
8691,90.389496047,2.069396,34,v6,88000000ffffffffffffa8dd9f4dc5b5
8692,90.391514721,2.018674,30,v6,88000000ffffffffffffa8dd9f4dc5b5
8693,90.393620597,2.105876,30,v6,88000000ffffffffffffa8dd9f4dc5b5
8694,90.395720009,2.099412,34,v6,88000000ffffffffffffa8dd9f4dc5b5
8695,90.397711778,1.991769,34,v6,88000000ffffffffffffa8dd9f4dc5b5
8696,90.400735550,3.023772,30,v6,88000000ffffffffffffa8dd9f4dc5b5
8697,90.401715393,0.979843,30,v6,88000000ffffffffffffa8dd9f4dc5b5
8698,90.403837230,2.121837,34,v6,88000000ffffffffffffa8dd9f4dc5b5
8699,90.406716865,2.879635,30,v6,88000000ffffffffffffa8dd9f4dc5b5
8700,90.408804075,2.087210,34,v6,88000000ffffffffffffa8dd9f4dc5b5
8701,90.410841490,2.037415,30,v6,88000000ffffffffffffa8dd9f4dc5b5
8702,90.733930261,323.088771,30,v6,88000000ffffffffffffa8dd9f4dc5b5
8703,90.736906501,2.976240,30,v6,88000000ffffffffffffa8dd9f4dc5b5
8704,90.739285216,2.378715,30,v6,88000000ffffffffffffa8dd9f4dc5b5
8705,90.741102297,1.817081,30,v6,88000000ffffffffffffa8dd9f4dc5b5
8706,90.743179560,2.077263,34,v6,88000000ffffffffffffa8dd9f4dc5b5
8707,90.745175458,1.995898,34,v6,88000000ffffffffffffa8dd9f4dc5b5
8708,90.747214042,2.038584,30,v6,88000000ffffffffffffa8dd9f4dc5b5
8709,90.749139128,1.925086,30,v6,88000000ffffffffffffa8dd9f4dc5b5
8710,90.751221139,2.082011,30,v6,88000000ffffffffffffa8dd9f4dc5b5
8711,90.753273851,2.052712,30,v6,88000000ffffffffffffa8dd9f4dc5b5
8712,90.755298509,2.024658,34,v6,88000000ffffffffffffa8dd9f4dc5b5
8713,90.757172467,1.873958,34,v6,88000000ffffffffffffa8dd9f4dc5b5
8714,90.759355640,2.183173,30,v6,88000000ffffffffffffa8dd9f4dc5b5
8715,90.761438399,2.082759,30,v6,88000000ffffffffffffa8dd9f4dc5b5
8716,90.763479706,2.041307,30,v6,88000000ffffffffffffa8dd9f4dc5b5
8717,90.765536035,2.056329,30,v6,88000000ffffffffffffa8dd9f4dc5b5
8718,90.767613876,2.077841,30,v6,88000000ffffffffffffa8dd9f4dc5b5
8719,90.769853874,2.239998,34,v6,88000000ffffffffffffa8dd9f4dc5b5
8720,90.771548943,1.695069,30,v6,88000000ffffffffffffa8dd9f4dc5b5
8721,90.773674275,2.125332,34,v6,88000000ffffffffffffa8dd9f4dc5b5
8722,90.775854526,2.180251,34,v6,88000000ffffffffffffa8dd9f4dc5b5
8723,90.777729281,1.874755,30,v6,88000000ffffffffffffa8dd9f4dc5b5
8724,90.779840510,2.111229,30,v6,88000000ffffffffffffa8dd9f4dc5b5
8725,90.781742528,1.902018,30,v6,88000000ffffffffffffa8dd9f4dc5b5
8726,90.783629155,1.886627,34,v6,88000000ffffffffffffa8dd9f4dc5b5
8727,90.786016830,2.387675,30,v6,88000000ffffffffffffa8dd9f4dc5b5
8728,90.788070471,2.053641,30,v6,88000000ffffffffffffa8dd9f4dc5b5
8729,90.789936855,1.866384,30,v6,88000000ffffffffffffa8dd9f4dc5b5
8730,90.792015192,2.078337,30,v6,88000000ffffffffffffa8dd9f4dc5b5
8731,90.793873669,1.858477,34,v6,88000000ffffffffffffa8dd9f4dc5b5
8732,90.795855589,1.981920,30,v6,88000000ffffffffffffa8dd9f4dc5b5
8733,90.799234742,3.379153,34,v6,88000000ffffffffffffa8dd9f4dc5b5
8734,90.800995339,1.760597,30,v6,88000000ffffffffffffa8dd9f4dc5b5
8735,90.803157139,2.161800,34,v6,88000000ffffffffffffa8dd9f4dc5b5
8736,90.805284249,2.127110,30,v6,88000000ffffffffffffa8dd9f4dc5b5
8737,90.807173847,1.889598,34,v6,88000000ffffffffffffa8dd9f4dc5b5
8738,90.809208126,2.034279,34,v6,88000000ffffffffffffa8dd9f4dc5b5
8739,90.811252661,2.044535,30,v6,88000000ffffffffffffa8dd9f4dc5b5
8740,90.813308723,2.056062,30,v6,88000000ffffffffffffa8dd9f4dc5b5
8741,90.815200016,1.891293,30,v6,88000000ffffffffffffa8dd9f4dc5b5
8742,90.817114634,1.914618,34,v6,88000000ffffffffffffa8dd9f4dc5b5
8743,90.819057500,1.942866,34,v6,88000000ffffffffffffa8dd9f4dc5b5
8744,90.821236409,2.178909,30,v6,88000000ffffffffffffa8dd9f4dc5b5
8745,90.823347283,2.110874,30,v6,88000000ffffffffffffa8dd9f4dc5b5
8746,90.825290768,1.943485,30,v6,88000000ffffffffffffa8dd9f4dc5b5
8747,90.827462506,2.171738,34,v6,88000000ffffffffffffa8dd9f4dc5b5
8748,90.829385984,1.923478,30,v6,88000000ffffffffffffa8dd9f4dc5b5
8749,90.831565708,2.179724,30,v6,88000000ffffffffffffa8dd9f4dc5b5
8750,90.833452512,1.886804,34,v6,88000000ffffffffffffa8dd9f4dc5b5
8751,90.835718022,2.265510,30,v6,88000000ffffffffffffa8dd9f4dc5b5
8752,90.837900078,2.182056,34,v6,88000000ffffffffffffa8dd9f4dc5b5
8753,90.839444484,1.544406,34,v6,88000000ffffffffffffa8dd9f4dc5b5
8754,90.841683302,2.238818,30,v6,88000000ffffffffffffa8dd9f4dc5b5
8755,90.843644656,1.961354,30,v6,88000000ffffffffffffa8dd9f4dc5b5
8756,90.845774545,2.129889,34,v6,88000000ffffffffffffa8dd9f4dc5b5
8757,90.847949726,2.175181,34,v6,88000000ffffffffffffa8dd9f4dc5b5
8758,90.849790488,1.840762,34,v6,88000000ffffffffffffa8dd9f4dc5b5
8759,90.851749340,1.958852,34,v6,88000000ffffffffffffa8dd9f4dc5b5
8760,90.853893975,2.144635,30,v6,88000000ffffffffffffa8dd9f4dc5b5
8761,90.856028647,2.134672,30,v6,88000000ffffffffffffa8dd9f4dc5b5
8762,90.858179310,2.150663,34,v6,88000000ffffffffffffa8dd9f4dc5b5
8763,90.860173177,1.993867,34,v6,88000000ffffffffffffa8dd9f4dc5b5
8764,90.861805447,1.632270,30,v6,88000000ffffffffffffa8dd9f4dc5b5
8765,90.864260510,2.455063,34,v6,88000000ffffffffffffa8dd9f4dc5b5
8766,90.865868456,1.607946,34,v6,88000000ffffffffffffa8dd9f4dc5b5
8767,90.868263068,2.394612,30,v6,88000000ffffffffffffa8dd9f4dc5b5
8768,90.870098354,1.835286,30,v6,88000000ffffffffffffa8dd9f4dc5b5
8769,90.872051863,1.953509,34,v6,88000000ffffffffffffa8dd9f4dc5b5
8770,90.874035372,1.983509,30,v6,88000000ffffffffffffa8dd9f4dc5b5
8771,90.876332370,2.296998,30,v6,88000000ffffffffffffa8dd9f4dc5b5
8772,90.878124759,1.792389,34,v6,88000000ffffffffffffa8dd9f4dc5b5
8773,90.880279350,2.154591,34,v6,88000000ffffffffffffa8dd9f4dc5b5
8774,90.882153948,1.874598,34,v6,88000000ffffffffffffa8dd9f4dc5b5
8775,90.884273394,2.119446,34,v6,88000000ffffffffffffa8dd9f4dc5b5
8776,90.886379267,2.105873,30,v6,88000000ffffffffffffa8dd9f4dc5b5
8777,90.888267419,1.888152,34,v6,88000000ffffffffffffa8dd9f4dc5b5
8778,90.890464261,2.196842,30,v6,88000000ffffffffffffa8dd9f4dc5b5
8779,90.892390631,1.926370,30,v6,88000000ffffffffffffa8dd9f4dc5b5
8780,90.894459259,2.068628,34,v6,88000000ffffffffffffa8dd9f4dc5b5
8781,90.896336089,1.876830,30,v6,88000000ffffffffffffa8dd9f4dc5b5
8782,90.898535326,2.199237,34,v6,88000000ffffffffffffa8dd9f4dc5b5
8783,90.900615915,2.080589,34,v6,88000000ffffffffffffa8dd9f4dc5b5
8784,90.903689840,3.073925,30,v6,88000000ffffffffffffa8dd9f4dc5b5
8785,90.905909320,2.219480,34,v6,88000000ffffffffffffa8dd9f4dc5b5
8786,90.908011144,2.101824,30,v6,88000000ffffffffffffa8dd9f4dc5b5
8787,90.910041376,2.030232,34,v6,88000000ffffffffffffa8dd9f4dc5b5
8788,90.911825657,1.784281,30,v6,88000000ffffffffffffa8dd9f4dc5b5
8789,90.914025763,2.200106,30,v6,88000000ffffffffffffa8dd9f4dc5b5
8790,90.915741451,1.715688,34,v6,88000000ffffffffffffa8dd9f4dc5b5
8791,90.918132110,2.390659,30,v6,88000000ffffffffffffa8dd9f4dc5b5
8792,90.919937445,1.805335,34,v6,88000000ffffffffffffa8dd9f4dc5b5
8793,90.922216190,2.278745,34,v6,88000000ffffffffffffa8dd9f4dc5b5
8794,90.924134058,1.917868,34,v6,88000000ffffffffffffa8dd9f4dc5b5
8795,90.925967533,1.833475,30,v6,88000000ffffffffffffa8dd9f4dc5b5
8796,90.928030497,2.062964,30,v6,88000000ffffffffffffa8dd9f4dc5b5
8797,90.930223562,2.193065,30,v6,88000000ffffffffffffa8dd9f4dc5b5
8798,90.932204975,1.981413,30,v6,88000000ffffffffffffa8dd9f4dc5b5
8799,90.933972421,1.767446,34,v6,88000000ffffffffffffa8dd9f4dc5b5
8800,90.936285341,2.312920,30,v6,88000000ffffffffffffa8dd9f4dc5b5
8801,90.938257139,1.971798,34,v6,88000000ffffffffffffa8dd9f4dc5b5
8802,91.270588077,332.330938,34,v6,88000000ffffffffffffa8dd9f4dc5b5
8803,91.272588839,2.000762,34,v6,88000000ffffffffffffa8dd9f4dc5b5
8804,91.274533537,1.944698,30,v6,88000000ffffffffffffa8dd9f4dc5b5
8805,91.276371126,1.837589,34,v6,88000000ffffffffffffa8dd9f4dc5b5
8806,91.278506091,2.134965,34,v6,88000000ffffffffffffa8dd9f4dc5b5
8807,91.280538779,2.032688,34,v6,88000000ffffffffffffa8dd9f4dc5b5
8808,91.282743329,2.204550,34,v6,88000000ffffffffffffa8dd9f4dc5b5
8809,91.284698221,1.954892,34,v6,88000000ffffffffffffa8dd9f4dc5b5
8810,91.286861597,2.163376,30,v6,88000000ffffffffffffa8dd9f4dc5b5
8811,91.288982858,2.121261,34,v6,88000000ffffffffffffa8dd9f4dc5b5
8812,91.290783306,1.800448,30,v6,88000000ffffffffffffa8dd9f4dc5b5
8813,91.292875808,2.092502,30,v6,88000000ffffffffffffa8dd9f4dc5b5
8814,91.294822427,1.946619,34,v6,88000000ffffffffffffa8dd9f4dc5b5
8815,91.297056318,2.233891,34,v6,88000000ffffffffffffa8dd9f4dc5b5
8816,91.299076312,2.019994,30,v6,88000000ffffffffffffa8dd9f4dc5b5
8817,91.300964905,1.888593,34,v6,88000000ffffffffffffa8dd9f4dc5b5
8818,91.302953314,1.988409,34,v6,88000000ffffffffffffa8dd9f4dc5b5
8819,91.304802218,1.848904,30,v6,88000000ffffffffffffa8dd9f4dc5b5
8820,91.307075131,2.272913,34,v6,88000000ffffffffffffa8dd9f4dc5b5
8821,91.308948916,1.873785,34,v6,88000000ffffffffffffa8dd9f4dc5b5
8822,91.310965527,2.016611,34,v6,88000000ffffffffffffa8dd9f4dc5b5
8823,91.312025740,1.060213,34,v6,88000000ffffffffffffa8dd9f4dc5b5
8824,91.314195300,2.169560,30,v6,88000000ffffffffffffa8dd9f4dc5b5
8825,91.316130400,1.935100,30,v6,88000000ffffffffffffa8dd9f4dc5b5
8826,91.318080727,1.950327,34,v6,88000000ffffffffffffa8dd9f4dc5b5
8827,91.320087848,2.007121,34,v6,88000000ffffffffffffa8dd9f4dc5b5
8828,91.322373077,2.285229,34,v6,88000000ffffffffffffa8dd9f4dc5b5
8829,91.324147067,1.773990,34,v6,88000000ffffffffffffa8dd9f4dc5b5
8830,91.326225889,2.078822,34,v6,88000000ffffffffffffa8dd9f4dc5b5
8831,91.328304538,2.078649,30,v6,88000000ffffffffffffa8dd9f4dc5b5
8832,91.330308126,2.003588,30,v6,88000000ffffffffffffa8dd9f4dc5b5
8833,91.332572574,2.264448,34,v6,88000000ffffffffffffa8dd9f4dc5b5
8834,91.334436867,1.864293,30,v6,88000000ffffffffffffa8dd9f4dc5b5
8835,91.335443449,1.006582,30,v6,88000000ffffffffffffa8dd9f4dc5b5
8836,91.337492844,2.049395,30,v6,88000000ffffffffffffa8dd9f4dc5b5
8837,91.339427580,1.934736,30,v6,88000000ffffffffffffa8dd9f4dc5b5
8838,91.341383170,1.955590,30,v6,88000000ffffffffffffa8dd9f4dc5b5
8839,91.343825007,2.441837,34,v6,88000000ffffffffffffa8dd9f4dc5b5
8840,91.345765232,1.940225,34,v6,88000000ffffffffffffa8dd9f4dc5b5
8841,91.347775254,2.010022,34,v6,88000000ffffffffffffa8dd9f4dc5b5
8842,91.349644938,1.869684,34,v6,88000000ffffffffffffa8dd9f4dc5b5
8843,91.351695112,2.050174,30,v6,88000000ffffffffffffa8dd9f4dc5b5
8844,91.352799426,1.104314,34,v6,88000000ffffffffffffa8dd9f4dc5b5
8845,91.356032641,3.233215,34,v6,88000000ffffffffffffa8dd9f4dc5b5
8846,91.358025266,1.992625,30,v6,88000000ffffffffffffa8dd9f4dc5b5
8847,91.360098638,2.073372,30,v6,88000000ffffffffffffa8dd9f4dc5b5
8848,91.360770350,0.671712,34,v6,88000000ffffffffffffa8dd9f4dc5b5
8849,91.363175707,2.405357,34,v6,88000000ffffffffffffa8dd9f4dc5b5
8850,91.364910444,1.734737,34,v6,88000000ffffffffffffa8dd9f4dc5b5
8851,91.366840335,1.929891,30,v6,88000000ffffffffffffa8dd9f4dc5b5
8852,91.370311178,3.470843,34,v6,88000000ffffffffffffa8dd9f4dc5b5
8853,91.370801291,0.490113,30,v6,88000000ffffffffffffa8dd9f4dc5b5
8854,91.373006687,2.205396,30,v6,88000000ffffffffffffa8dd9f4dc5b5
8855,91.375049028,2.042341,34,v6,88000000ffffffffffffa8dd9f4dc5b5
8856,91.376955118,1.906090,30,v6,88000000ffffffffffffa8dd9f4dc5b5
8857,91.379157377,2.202259,30,v6,88000000ffffffffffffa8dd9f4dc5b5
8858,91.380386306,1.228929,30,v6,88000000ffffffffffffa8dd9f4dc5b5
8859,91.382322354,1.936048,30,v6,88000000ffffffffffffa8dd9f4dc5b5
8860,91.386103426,3.781072,30,v6,88000000ffffffffffffa8dd9f4dc5b5
8861,91.388238361,2.134935,30,v6,88000000ffffffffffffa8dd9f4dc5b5
8862,91.390142981,1.904620,34,v6,88000000ffffffffffffa8dd9f4dc5b5
8863,91.392300081,2.157100,34,v6,88000000ffffffffffffa8dd9f4dc5b5
8864,91.393737688,1.437607,30,v6,88000000ffffffffffffa8dd9f4dc5b5
8865,91.396407817,2.670129,30,v6,88000000ffffffffffffa8dd9f4dc5b5
8866,91.399472533,3.064716,34,v6,88000000ffffffffffffa8dd9f4dc5b5
8867,91.400526733,1.054200,34,v6,88000000ffffffffffffa8dd9f4dc5b5
8868,91.402560154,2.033421,34,v6,88000000ffffffffffffa8dd9f4dc5b5
8869,91.404612566,2.052412,34,v6,88000000ffffffffffffa8dd9f4dc5b5
8870,91.406615096,2.002530,30,v6,88000000ffffffffffffa8dd9f4dc5b5
8871,91.408501094,1.885998,30,v6,88000000ffffffffffffa8dd9f4dc5b5
8872,91.410768448,2.267354,30,v6,88000000ffffffffffffa8dd9f4dc5b5
8873,91.412789615,2.021167,34,v6,88000000ffffffffffffa8dd9f4dc5b5
8874,91.414762192,1.972577,30,v6,88000000ffffffffffffa8dd9f4dc5b5
8875,91.416789588,2.027396,30,v6,88000000ffffffffffffa8dd9f4dc5b5
8876,91.419036087,2.246499,30,v6,88000000ffffffffffffa8dd9f4dc5b5
8877,91.420874914,1.838827,30,v6,88000000ffffffffffffa8dd9f4dc5b5
8878,91.421954739,1.079825,30,v6,88000000ffffffffffffa8dd9f4dc5b5
8879,91.424075436,2.120697,34,v6,88000000ffffffffffffa8dd9f4dc5b5
8880,91.425869280,1.793844,34,v6,88000000ffffffffffffa8dd9f4dc5b5
8881,91.427979587,2.110307,34,v6,88000000ffffffffffffa8dd9f4dc5b5
8882,91.429800862,1.821275,34,v6,88000000ffffffffffffa8dd9f4dc5b5
8883,91.432150319,2.349457,30,v6,88000000ffffffffffffa8dd9f4dc5b5
8884,91.433897431,1.747112,30,v6,88000000ffffffffffffa8dd9f4dc5b5
8885,91.436144391,2.246960,30,v6,88000000ffffffffffffa8dd9f4dc5b5
8886,91.437962176,1.817785,30,v6,88000000ffffffffffffa8dd9f4dc5b5
8887,91.440155401,2.193225,34,v6,88000000ffffffffffffa8dd9f4dc5b5
8888,91.441178189,1.022788,34,v6,88000000ffffffffffffa8dd9f4dc5b5
8889,91.443082090,1.903901,34,v6,88000000ffffffffffffa8dd9f4dc5b5
8890,91.445121633,2.039543,34,v6,88000000ffffffffffffa8dd9f4dc5b5
8891,91.447062466,1.940833,30,v6,88000000ffffffffffffa8dd9f4dc5b5
8892,91.449320330,2.257864,34,v6,88000000ffffffffffffa8dd9f4dc5b5
8893,91.451165712,1.845382,34,v6,88000000ffffffffffffa8dd9f4dc5b5
8894,91.453220388,2.054676,30,v6,88000000ffffffffffffa8dd9f4dc5b5
8895,91.454212739,0.992351,30,v6,88000000ffffffffffffa8dd9f4dc5b5
8896,91.456268117,2.055378,30,v6,88000000ffffffffffffa8dd9f4dc5b5
8897,91.459463219,3.195102,30,v6,88000000ffffffffffffa8dd9f4dc5b5
8898,91.461415910,1.952691,30,v6,88000000ffffffffffffa8dd9f4dc5b5
8899,91.462420472,1.004562,30,v6,88000000ffffffffffffa8dd9f4dc5b5
8900,91.464490157,2.069685,30,v6,88000000ffffffffffffa8dd9f4dc5b5
8901,91.812823816,348.333659,34,v6,88000000ffffffffffffa8dd9f4dc5b5
8902,91.815169227,2.345411,30,v6,88000000ffffffffffffa8dd9f4dc5b5
8903,91.817001468,1.832241,30,v6,88000000ffffffffffffa8dd9f4dc5b5
8904,91.819453118,2.451650,34,v6,88000000ffffffffffffa8dd9f4dc5b5
8905,91.821056473,1.603355,34,v6,88000000ffffffffffffa8dd9f4dc5b5
8906,91.823224910,2.168437,30,v6,88000000ffffffffffffa8dd9f4dc5b5
8907,91.825134396,1.909486,30,v6,88000000ffffffffffffa8dd9f4dc5b5
8908,91.826102560,0.968164,30,v6,88000000ffffffffffffa8dd9f4dc5b5
8909,91.828103694,2.001134,30,v6,88000000ffffffffffffa8dd9f4dc5b5
8910,91.830142382,2.038688,30,v6,88000000ffffffffffffa8dd9f4dc5b5
8911,91.832233996,2.091614,30,v6,88000000ffffffffffffa8dd9f4dc5b5
8912,91.834144402,1.910406,34,v6,88000000ffffffffffffa8dd9f4dc5b5
8913,91.835211568,1.067166,34,v6,88000000ffffffffffffa8dd9f4dc5b5
8914,91.837398826,2.187258,34,v6,88000000ffffffffffffa8dd9f4dc5b5
8915,91.839331219,1.932393,34,v6,88000000ffffffffffffa8dd9f4dc5b5
8916,91.841385324,2.054105,34,v6,88000000ffffffffffffa8dd9f4dc5b5
8917,91.843392406,2.007082,30,v6,88000000ffffffffffffa8dd9f4dc5b5
8918,91.844438862,1.046456,30,v6,88000000ffffffffffffa8dd9f4dc5b5
8919,91.846402719,1.963857,30,v6,88000000ffffffffffffa8dd9f4dc5b5
8920,91.848728555,2.325836,34,v6,88000000ffffffffffffa8dd9f4dc5b5
8921,91.850477705,1.749150,30,v6,88000000ffffffffffffa8dd9f4dc5b5
8922,91.852924647,2.446942,30,v6,88000000ffffffffffffa8dd9f4dc5b5
8923,91.854413434,1.488787,30,v6,88000000ffffffffffffa8dd9f4dc5b5
8924,91.855659229,1.245795,30,v6,88000000ffffffffffffa8dd9f4dc5b5
8925,91.857603227,1.943998,30,v6,88000000ffffffffffffa8dd9f4dc5b5
8926,91.859767503,2.164276,30,v6,88000000ffffffffffffa8dd9f4dc5b5
8927,91.861624060,1.856557,34,v6,88000000ffffffffffffa8dd9f4dc5b5
8928,91.863694168,2.070108,30,v6,88000000ffffffffffffa8dd9f4dc5b5
8929,91.865788994,2.094826,30,v6,88000000ffffffffffffa8dd9f4dc5b5
8930,91.867846788,2.057794,30,v6,88000000ffffffffffffa8dd9f4dc5b5
8931,91.869907620,2.060832,34,v6,88000000ffffffffffffa8dd9f4dc5b5
8932,91.871962347,2.054727,34,v6,88000000ffffffffffffa8dd9f4dc5b5
8933,91.874090876,2.128529,30,v6,88000000ffffffffffffa8dd9f4dc5b5
8934,91.874923223,0.832347,30,v6,88000000ffffffffffffa8dd9f4dc5b5
8935,91.876900964,1.977741,30,v6,88000000ffffffffffffa8dd9f4dc5b5
8936,91.878799432,1.898468,34,v6,88000000ffffffffffffa8dd9f4dc5b5
8937,91.881109878,2.310446,30,v6,88000000ffffffffffffa8dd9f4dc5b5
8938,91.883032206,1.922328,30,v6,88000000ffffffffffffa8dd9f4dc5b5
8939,91.884934371,1.902165,30,v6,88000000ffffffffffffa8dd9f4dc5b5
8940,91.886034526,1.100155,30,v6,88000000ffffffffffffa8dd9f4dc5b5
8941,91.887968334,1.933808,30,v6,88000000ffffffffffffa8dd9f4dc5b5
8942,91.889896101,1.927767,30,v6,88000000ffffffffffffa8dd9f4dc5b5
8943,91.891071388,1.175287,34,v6,88000000ffffffffffffa8dd9f4dc5b5
8944,91.893032862,1.961474,34,v6,88000000ffffffffffffa8dd9f4dc5b5
8945,91.895184395,2.151533,30,v6,88000000ffffffffffffa8dd9f4dc5b5
8946,91.897224451,2.040056,30,v6,88000000ffffffffffffa8dd9f4dc5b5
8947,91.899300799,2.076348,34,v6,88000000ffffffffffffa8dd9f4dc5b5
8948,91.901207150,1.906351,34,v6,88000000ffffffffffffa8dd9f4dc5b5
8949,91.903319816,2.112666,30,v6,88000000ffffffffffffa8dd9f4dc5b5
8950,91.904321630,1.001814,34,v6,88000000ffffffffffffa8dd9f4dc5b5
8951,91.906282505,1.960875,34,v6,88000000ffffffffffffa8dd9f4dc5b5
8952,91.908596102,2.313597,30,v6,88000000ffffffffffffa8dd9f4dc5b5
8953,91.910462062,1.865960,30,v6,88000000ffffffffffffa8dd9f4dc5b5
8954,91.912357366,1.895304,30,v6,88000000ffffffffffffa8dd9f4dc5b5
8955,91.913609614,1.252248,30,v6,88000000ffffffffffffa8dd9f4dc5b5
8956,91.915580811,1.971197,34,v6,88000000ffffffffffffa8dd9f4dc5b5
8957,91.917638859,2.058048,30,v6,88000000ffffffffffffa8dd9f4dc5b5
8958,91.919680538,2.041679,30,v6,88000000ffffffffffffa8dd9f4dc5b5
8959,91.921898401,2.217863,30,v6,88000000ffffffffffffa8dd9f4dc5b5
8960,91.922598591,0.700190,30,v6,88000000ffffffffffffa8dd9f4dc5b5
8961,91.924747058,2.148467,34,v6,88000000ffffffffffffa8dd9f4dc5b5
8962,91.926822576,2.075518,30,v6,88000000ffffffffffffa8dd9f4dc5b5
8963,91.928826231,2.003655,30,v6,88000000ffffffffffffa8dd9f4dc5b5
8964,91.930937984,2.111753,30,v6,88000000ffffffffffffa8dd9f4dc5b5
8965,91.932828260,1.890276,30,v6,88000000ffffffffffffa8dd9f4dc5b5
8966,91.933883893,1.055633,30,v6,88000000ffffffffffffa8dd9f4dc5b5
8967,91.936956450,3.072557,34,v6,88000000ffffffffffffa8dd9f4dc5b5
8968,91.938915697,1.959247,34,v6,88000000ffffffffffffa8dd9f4dc5b5
8969,91.940016425,1.100728,30,v6,88000000ffffffffffffa8dd9f4dc5b5
8970,91.942044603,2.028178,30,v6,88000000ffffffffffffa8dd9f4dc5b5
8971,91.944090506,2.045903,34,v6,88000000ffffffffffffa8dd9f4dc5b5
8972,91.946182450,2.091944,30,v6,88000000ffffffffffffa8dd9f4dc5b5
8973,91.947047057,0.864607,30,v6,88000000ffffffffffffa8dd9f4dc5b5
8974,91.950109553,3.062496,30,v6,88000000ffffffffffffa8dd9f4dc5b5
8975,91.951165765,1.056212,30,v6,88000000ffffffffffffa8dd9f4dc5b5
8976,91.953042055,1.876290,30,v6,88000000ffffffffffffa8dd9f4dc5b5
8977,91.955062392,2.020337,30,v6,88000000ffffffffffffa8dd9f4dc5b5
8978,91.957077505,2.015113,30,v6,88000000ffffffffffffa8dd9f4dc5b5
8979,91.958180061,1.102556,30,v6,88000000ffffffffffffa8dd9f4dc5b5
8980,91.960279997,2.099936,34,v6,88000000ffffffffffffa8dd9f4dc5b5
8981,91.962240879,1.960882,30,v6,88000000ffffffffffffa8dd9f4dc5b5
8982,91.964311018,2.070139,30,v6,88000000ffffffffffffa8dd9f4dc5b5
8983,91.965358125,1.047107,34,v6,88000000ffffffffffffa8dd9f4dc5b5
8984,91.967506749,2.148624,34,v6,88000000ffffffffffffa8dd9f4dc5b5
8985,91.969430189,1.923440,34,v6,88000000ffffffffffffa8dd9f4dc5b5
8986,91.972406877,2.976688,34,v6,88000000ffffffffffffa8dd9f4dc5b5
8987,91.974472769,2.065892,30,v6,88000000ffffffffffffa8dd9f4dc5b5
8988,91.976569611,2.096842,30,v6,88000000ffffffffffffa8dd9f4dc5b5
8989,91.978925080,2.355469,30,v6,88000000ffffffffffffa8dd9f4dc5b5
8990,91.979739774,0.814694,30,v6,88000000ffffffffffffa8dd9f4dc5b5
8991,91.981941656,2.201882,30,v6,88000000ffffffffffffa8dd9f4dc5b5
8992,91.983540098,1.598442,34,v6,88000000ffffffffffffa8dd9f4dc5b5
8993,91.985677172,2.137074,30,v6,88000000ffffffffffffa8dd9f4dc5b5
8994,91.986897765,1.220593,34,v6,88000000ffffffffffffa8dd9f4dc5b5
8995,91.988758857,1.861092,34,v6,88000000ffffffffffffa8dd9f4dc5b5
8996,91.990809807,2.050950,30,v6,88000000ffffffffffffa8dd9f4dc5b5
8997,91.992604471,1.794664,30,v6,88000000ffffffffffffa8dd9f4dc5b5
8998,91.994967504,2.363033,30,v6,88000000ffffffffffffa8dd9f4dc5b5
8999,91.996983872,2.016368,30,v6,88000000ffffffffffffa8dd9f4dc5b5
9000,91.998091264,1.107392,30,v6,88000000ffffffffffffa8dd9f4dc5b5
9001,92.347380272,349.289008,30,v6,88000000ffffffffffffa8dd9f4dc5b5
9002,92.349425344,2.045072,34,v6,88000000ffffffffffffa8dd9f4dc5b5
9003,92.351357560,1.932216,34,v6,88000000ffffffffffffa8dd9f4dc5b5
9004,92.353585376,2.227816,34,v6,88000000ffffffffffffa8dd9f4dc5b5
9005,92.355496853,1.911477,34,v6,88000000ffffffffffffa8dd9f4dc5b5
9006,92.356676025,1.179172,34,v6,88000000ffffffffffffa8dd9f4dc5b5
9007,92.358705425,2.029400,30,v6,88000000ffffffffffffa8dd9f4dc5b5
9008,92.360748028,2.042603,34,v6,88000000ffffffffffffa8dd9f4dc5b5
9009,92.361740738,0.992710,30,v6,88000000ffffffffffffa8dd9f4dc5b5
9010,92.363808194,2.067456,34,v6,88000000ffffffffffffa8dd9f4dc5b5
9011,92.365802906,1.994712,30,v6,88000000ffffffffffffa8dd9f4dc5b5
9012,92.367814829,2.011923,34,v6,88000000ffffffffffffa8dd9f4dc5b5
9013,92.368880965,1.066136,34,v6,88000000ffffffffffffa8dd9f4dc5b5
9014,92.370913535,2.032570,34,v6,88000000ffffffffffffa8dd9f4dc5b5
9015,92.372702000,1.788465,30,v6,88000000ffffffffffffa8dd9f4dc5b5
9016,92.373942036,1.240036,34,v6,88000000ffffffffffffa8dd9f4dc5b5
9017,92.375813015,1.870979,34,v6,88000000ffffffffffffa8dd9f4dc5b5
9018,92.378114184,2.301169,34,v6,88000000ffffffffffffa8dd9f4dc5b5
9019,92.380063521,1.949337,34,v6,88000000ffffffffffffa8dd9f4dc5b5
9020,92.380811742,0.748221,34,v6,88000000ffffffffffffa8dd9f4dc5b5
9021,92.383043360,2.231618,34,v6,88000000ffffffffffffa8dd9f4dc5b5
9022,92.385047470,2.004110,34,v6,88000000ffffffffffffa8dd9f4dc5b5
9023,92.386104835,1.057365,30,v6,88000000ffffffffffffa8dd9f4dc5b5
9024,92.388237979,2.133144,30,v6,88000000ffffffffffffa8dd9f4dc5b5
9025,92.389944493,1.706514,34,v6,88000000ffffffffffffa8dd9f4dc5b5
9026,92.392329586,2.385093,30,v6,88000000ffffffffffffa8dd9f4dc5b5
9027,92.393074742,0.745156,30,v6,88000000ffffffffffffa8dd9f4dc5b5
9028,92.395206591,2.131849,30,v6,88000000ffffffffffffa8dd9f4dc5b5
9029,92.397085637,1.879046,30,v6,88000000ffffffffffffa8dd9f4dc5b5
9030,92.398201271,1.115634,30,v6,88000000ffffffffffffa8dd9f4dc5b5
9031,92.400212873,2.011602,30,v6,88000000ffffffffffffa8dd9f4dc5b5
9032,92.402334914,2.122041,30,v6,88000000ffffffffffffa8dd9f4dc5b5
9033,92.404243695,1.908781,30,v6,88000000ffffffffffffa8dd9f4dc5b5
9034,92.405173018,0.929323,34,v6,88000000ffffffffffffa8dd9f4dc5b5
9035,92.407226546,2.053528,30,v6,88000000ffffffffffffa8dd9f4dc5b5
9036,92.409489689,2.263143,34,v6,88000000ffffffffffffa8dd9f4dc5b5
9037,92.411365298,1.875609,34,v6,88000000ffffffffffffa8dd9f4dc5b5
9038,92.412436744,1.071446,30,v6,88000000ffffffffffffa8dd9f4dc5b5
9039,92.414383625,1.946881,34,v6,88000000ffffffffffffa8dd9f4dc5b5
9040,92.416265751,1.882126,34,v6,88000000ffffffffffffa8dd9f4dc5b5
9041,92.418477958,2.212207,34,v6,88000000ffffffffffffa8dd9f4dc5b5
9042,92.420502150,2.024192,30,v6,88000000ffffffffffffa8dd9f4dc5b5
9043,92.422401616,1.899466,30,v6,88000000ffffffffffffa8dd9f4dc5b5
9044,92.424668431,2.266815,30,v6,88000000ffffffffffffa8dd9f4dc5b5
9045,92.425527090,0.858659,30,v6,88000000ffffffffffffa8dd9f4dc5b5
9046,92.427578440,2.051350,34,v6,88000000ffffffffffffa8dd9f4dc5b5
9047,92.429827318,2.248878,34,v6,88000000ffffffffffffa8dd9f4dc5b5
9048,92.431788769,1.961451,34,v6,88000000ffffffffffffa8dd9f4dc5b5
9049,92.433668839,1.880070,30,v6,88000000ffffffffffffa8dd9f4dc5b5
9050,92.434831626,1.162787,34,v6,88000000ffffffffffffa8dd9f4dc5b5
9051,92.436966526,2.134900,34,v6,88000000ffffffffffffa8dd9f4dc5b5
9052,92.438641591,1.675065,34,v6,88000000ffffffffffffa8dd9f4dc5b5
9053,92.440866155,2.224564,30,v6,88000000ffffffffffffa8dd9f4dc5b5
9054,92.441835261,0.969106,30,v6,88000000ffffffffffffa8dd9f4dc5b5
9055,92.443793263,1.958002,30,v6,88000000ffffffffffffa8dd9f4dc5b5
9056,92.445970439,2.177176,30,v6,88000000ffffffffffffa8dd9f4dc5b5
9057,92.447909534,1.939095,34,v6,88000000ffffffffffffa8dd9f4dc5b5
9058,92.449041353,1.131819,34,v6,88000000ffffffffffffa8dd9f4dc5b5
9059,92.450840300,1.798947,34,v6,88000000ffffffffffffa8dd9f4dc5b5
9060,92.452879990,2.039690,34,v6,88000000ffffffffffffa8dd9f4dc5b5
9061,92.454075612,1.195622,30,v6,88000000ffffffffffffa8dd9f4dc5b5
9062,92.455918242,1.842630,30,v6,88000000ffffffffffffa8dd9f4dc5b5
9063,92.458004056,2.085814,30,v6,88000000ffffffffffffa8dd9f4dc5b5
9064,92.458999880,0.995824,34,v6,88000000ffffffffffffa8dd9f4dc5b5
9065,92.460987933,1.988053,30,v6,88000000ffffffffffffa8dd9f4dc5b5
9066,92.462974908,1.986975,30,v6,88000000ffffffffffffa8dd9f4dc5b5
9067,92.465065736,2.090828,30,v6,88000000ffffffffffffa8dd9f4dc5b5
9068,92.467118776,2.053040,30,v6,88000000ffffffffffffa8dd9f4dc5b5
9069,92.468247600,1.128824,30,v6,88000000ffffffffffffa8dd9f4dc5b5
9070,92.470094410,1.846810,34,v6,88000000ffffffffffffa8dd9f4dc5b5
9071,92.471211740,1.117330,34,v6,88000000ffffffffffffa8dd9f4dc5b5
9072,92.473231087,2.019347,34,v6,88000000ffffffffffffa8dd9f4dc5b5
9073,92.475264204,2.033117,34,v6,88000000ffffffffffffa8dd9f4dc5b5
9074,92.477222687,1.958483,34,v6,88000000ffffffffffffa8dd9f4dc5b5
9075,92.479649467,2.426780,34,v6,88000000ffffffffffffa8dd9f4dc5b5
9076,92.480576606,0.927139,34,v6,88000000ffffffffffffa8dd9f4dc5b5
9077,92.482262080,1.685474,30,v6,88000000ffffffffffffa8dd9f4dc5b5
9078,92.484509009,2.246929,34,v6,88000000ffffffffffffa8dd9f4dc5b5
9079,92.485472235,0.963226,34,v6,88000000ffffffffffffa8dd9f4dc5b5
9080,92.487776125,2.303890,30,v6,88000000ffffffffffffa8dd9f4dc5b5
9081,92.489534956,1.758831,30,v6,88000000ffffffffffffa8dd9f4dc5b5
9082,92.490559400,1.024444,30,v6,88000000ffffffffffffa8dd9f4dc5b5
9083,92.492618175,2.058775,34,v6,88000000ffffffffffffa8dd9f4dc5b5
9084,92.494829718,2.211543,30,v6,88000000ffffffffffffa8dd9f4dc5b5
9085,92.495748114,0.918396,30,v6,88000000ffffffffffffa8dd9f4dc5b5
9086,92.497771737,2.023623,30,v6,88000000ffffffffffffa8dd9f4dc5b5
9087,92.499564059,1.792322,34,v6,88000000ffffffffffffa8dd9f4dc5b5
9088,92.502050017,2.485958,34,v6,88000000ffffffffffffa8dd9f4dc5b5
9089,92.503813470,1.763453,30,v6,88000000ffffffffffffa8dd9f4dc5b5
9090,92.504783819,0.970349,34,v6,88000000ffffffffffffa8dd9f4dc5b5
9091,92.506983692,2.199873,34,v6,88000000ffffffffffffa8dd9f4dc5b5
9092,92.509150242,2.166550,34,v6,88000000ffffffffffffa8dd9f4dc5b5
9093,92.509814025,0.663783,34,v6,88000000ffffffffffffa8dd9f4dc5b5
9094,92.511954664,2.140639,30,v6,88000000ffffffffffffa8dd9f4dc5b5
9095,92.514081850,2.127186,34,v6,88000000ffffffffffffa8dd9f4dc5b5
9096,92.514871238,0.789388,34,v6,88000000ffffffffffffa8dd9f4dc5b5
9097,92.516992337,2.121099,34,v6,88000000ffffffffffffa8dd9f4dc5b5
9098,92.519268341,2.276004,30,v6,88000000ffffffffffffa8dd9f4dc5b5
9099,92.520927253,1.658912,34,v6,88000000ffffffffffffa8dd9f4dc5b5
9100,92.522113654,1.186401,30,v6,88000000ffffffffffffa8dd9f4dc5b5
9101,92.838056326,315.942672,99,v6,1c000000aadd9f4dc5b5681533050000
9102,92.856349765,18.293439,34,v6,88000000ffffffffffffa8dd9f4dc5b5
9103,92.857345894,0.996129,34,v6,88000000ffffffffffffa8dd9f4dc5b5
9104,92.859458798,2.112904,34,v6,88000000ffffffffffffa8dd9f4dc5b5
9105,92.860409110,0.950312,34,v6,88000000ffffffffffffa8dd9f4dc5b5
9106,92.862388998,1.979888,34,v6,88000000ffffffffffffa8dd9f4dc5b5
9107,92.864752865,2.363867,34,v6,88000000ffffffffffffa8dd9f4dc5b5
9108,92.865471484,0.718619,34,v6,88000000ffffffffffffa8dd9f4dc5b5
9109,92.867641679,2.170195,34,v6,88000000ffffffffffffa8dd9f4dc5b5
9110,92.868604926,0.963247,34,v6,88000000ffffffffffffa8dd9f4dc5b5
9111,92.870798463,2.193537,34,v6,88000000ffffffffffffa8dd9f4dc5b5
9112,92.872717167,1.918704,34,v6,88000000ffffffffffffa8dd9f4dc5b5
9113,92.873853544,1.136377,34,v6,88000000ffffffffffffa8dd9f4dc5b5
9114,92.875803380,1.949836,34,v6,88000000ffffffffffffa8dd9f4dc5b5
9115,92.876746456,0.943076,34,v6,88000000ffffffffffffa8dd9f4dc5b5
9116,92.878763936,2.017480,34,v6,88000000ffffffffffffa8dd9f4dc5b5
9117,92.880947493,2.183557,34,v6,88000000ffffffffffffa8dd9f4dc5b5
9118,92.881781835,0.834342,34,v6,88000000ffffffffffffa8dd9f4dc5b5
9119,92.883780006,1.998171,34,v6,88000000ffffffffffffa8dd9f4dc5b5
9120,92.885890106,2.110100,34,v6,88000000ffffffffffffa8dd9f4dc5b5
9121,92.886986150,1.096044,34,v6,88000000ffffffffffffa8dd9f4dc5b5
9122,92.888846832,1.860682,34,v6,88000000ffffffffffffa8dd9f4dc5b5
9123,92.890986474,2.139642,34,v6,88000000ffffffffffffa8dd9f4dc5b5
9124,92.893032516,2.046042,34,v6,88000000ffffffffffffa8dd9f4dc5b5
9125,92.895089375,2.056859,34,v6,88000000ffffffffffffa8dd9f4dc5b5
9126,92.895977968,0.888593,34,v6,88000000ffffffffffffa8dd9f4dc5b5
9127,92.898052051,2.074083,34,v6,88000000ffffffffffffa8dd9f4dc5b5
9128,92.899061187,1.009136,34,v6,88000000ffffffffffffa8dd9f4dc5b5
9129,92.901254029,2.192842,34,v6,88000000ffffffffffffa8dd9f4dc5b5
9130,92.903168090,1.914061,34,v6,88000000ffffffffffffa8dd9f4dc5b5
9131,92.904387881,1.219791,34,v6,88000000ffffffffffffa8dd9f4dc5b5
9132,92.906268162,1.880281,34,v6,88000000ffffffffffffa8dd9f4dc5b5
9133,92.907338912,1.070750,34,v6,88000000ffffffffffffa8dd9f4dc5b5
9134,92.909319469,1.980557,34,v6,88000000ffffffffffffa8dd9f4dc5b5
9135,92.911114311,1.794842,34,v6,88000000ffffffffffffa8dd9f4dc5b5
9136,92.913245816,2.131505,34,v6,88000000ffffffffffffa8dd9f4dc5b5
9137,92.914245009,0.999193,34,v6,88000000ffffffffffffa8dd9f4dc5b5
9138,92.916328641,2.083632,34,v6,88000000ffffffffffffa8dd9f4dc5b5
9139,92.917427467,1.098826,34,v6,88000000ffffffffffffa8dd9f4dc5b5
9140,92.919351818,1.924351,34,v6,88000000ffffffffffffa8dd9f4dc5b5
9141,92.921345276,1.993458,34,v6,88000000ffffffffffffa8dd9f4dc5b5
9142,92.922427914,1.082638,34,v6,88000000ffffffffffffa8dd9f4dc5b5
9143,92.924681458,2.253544,34,v6,88000000ffffffffffffa8dd9f4dc5b5
9144,92.925726858,1.045400,34,v6,88000000ffffffffffffa8dd9f4dc5b5
9145,92.927528844,1.801986,34,v6,88000000ffffffffffffa8dd9f4dc5b5
9146,92.929447896,1.919052,34,v6,88000000ffffffffffffa8dd9f4dc5b5
9147,92.930465965,1.018069,34,v6,88000000ffffffffffffa8dd9f4dc5b5
9148,92.932483202,2.017237,34,v6,88000000ffffffffffffa8dd9f4dc5b5
9149,92.933611385,1.128183,34,v6,88000000ffffffffffffa8dd9f4dc5b5
9150,92.935457063,1.845678,34,v6,88000000ffffffffffffa8dd9f4dc5b5
9151,92.937602352,2.145289,34,v6,88000000ffffffffffffa8dd9f4dc5b5
9152,92.938711594,1.109242,34,v6,88000000ffffffffffffa8dd9f4dc5b5
9153,92.940568234,1.856640,34,v6,88000000ffffffffffffa8dd9f4dc5b5
9154,92.942802493,2.234259,34,v6,88000000ffffffffffffa8dd9f4dc5b5
9155,92.943689033,0.886540,34,v6,88000000ffffffffffffa8dd9f4dc5b5
9156,92.944890220,1.201187,34,v6,88000000ffffffffffffa8dd9f4dc5b5
9157,92.946863965,1.973745,34,v6,88000000ffffffffffffa8dd9f4dc5b5
9158,92.948849846,1.985881,34,v6,88000000ffffffffffffa8dd9f4dc5b5
9159,92.950787474,1.937628,34,v6,88000000ffffffffffffa8dd9f4dc5b5
9160,92.952009634,1.222160,34,v6,88000000ffffffffffffa8dd9f4dc5b5
9161,92.954153945,2.144311,34,v6,88000000ffffffffffffa8dd9f4dc5b5
9162,92.954940152,0.786207,34,v6,88000000ffffffffffffa8dd9f4dc5b5
9163,92.957115634,2.175482,34,v6,88000000ffffffffffffa8dd9f4dc5b5
9164,92.958322342,1.206708,34,v6,88000000ffffffffffffa8dd9f4dc5b5
9165,92.960014645,1.692303,34,v6,88000000ffffffffffffa8dd9f4dc5b5
9166,92.962314105,2.299460,34,v6,88000000ffffffffffffa8dd9f4dc5b5
9167,92.963051760,0.737655,34,v6,88000000ffffffffffffa8dd9f4dc5b5
9168,92.965118706,2.066946,34,v6,88000000ffffffffffffa8dd9f4dc5b5
9169,92.967078006,1.959300,34,v6,88000000ffffffffffffa8dd9f4dc5b5
9170,92.968109215,1.031209,34,v6,88000000ffffffffffffa8dd9f4dc5b5
9171,92.970232076,2.122861,34,v6,88000000ffffffffffffa8dd9f4dc5b5
9172,92.972025181,1.793105,34,v6,88000000ffffffffffffa8dd9f4dc5b5
9173,92.973208891,1.183710,34,v6,88000000ffffffffffffa8dd9f4dc5b5
9174,92.974178061,0.969170,34,v6,88000000ffffffffffffa8dd9f4dc5b5
9175,92.976274389,2.096328,34,v6,88000000ffffffffffffa8dd9f4dc5b5
9176,92.978224632,1.950243,34,v6,88000000ffffffffffffa8dd9f4dc5b5
9177,92.980279633,2.055001,34,v6,88000000ffffffffffffa8dd9f4dc5b5
9178,92.981251303,0.971670,34,v6,88000000ffffffffffffa8dd9f4dc5b5
9179,92.983489734,2.238431,34,v6,88000000ffffffffffffa8dd9f4dc5b5
9180,92.984451717,0.961983,34,v6,88000000ffffffffffffa8dd9f4dc5b5
9181,92.986522071,2.070354,34,v6,88000000ffffffffffffa8dd9f4dc5b5
9182,92.987493653,0.971582,34,v6,88000000ffffffffffffa8dd9f4dc5b5
9183,92.989545789,2.052136,34,v6,88000000ffffffffffffa8dd9f4dc5b5
9184,92.991785273,2.239484,34,v6,88000000ffffffffffffa8dd9f4dc5b5
9185,92.993636721,1.851448,34,v6,88000000ffffffffffffa8dd9f4dc5b5
9186,92.995597002,1.960281,34,v6,88000000ffffffffffffa8dd9f4dc5b5
9187,92.997713197,2.116195,34,v6,88000000ffffffffffffa8dd9f4dc5b5
9188,92.998754357,1.041160,34,v6,88000000ffffffffffffa8dd9f4dc5b5
9189,93.000859270,2.104913,34,v6,88000000ffffffffffffa8dd9f4dc5b5
9190,93.002917615,2.058345,34,v6,88000000ffffffffffffa8dd9f4dc5b5
9191,93.003546904,0.629289,34,v6,88000000ffffffffffffa8dd9f4dc5b5
9192,93.005695145,2.148241,34,v6,88000000ffffffffffffa8dd9f4dc5b5
9193,93.006753879,1.058734,34,v6,88000000ffffffffffffa8dd9f4dc5b5
9194,93.008767947,2.014068,34,v6,88000000ffffffffffffa8dd9f4dc5b5
9195,93.010996489,2.228542,34,v6,88000000ffffffffffffa8dd9f4dc5b5
9196,93.012099767,1.103278,34,v6,88000000ffffffffffffa8dd9f4dc5b5
9197,93.013976888,1.877121,34,v6,88000000ffffffffffffa8dd9f4dc5b5
9198,93.015194899,1.218011,34,v6,88000000ffffffffffffa8dd9f4dc5b5
9199,93.016748638,1.553739,34,v6,88000000ffffffffffffa8dd9f4dc5b5
9200,93.019165569,2.416931,34,v6,88000000ffffffffffffa8dd9f4dc5b5
9201,93.021130219,1.964650,34,v6,88000000ffffffffffffa8dd9f4dc5b5
9202,93.361308871,340.178652,34,v6,88000000ffffffffffffa8dd9f4dc5b5
9203,93.363371206,2.062335,34,v6,88000000ffffffffffffa8dd9f4dc5b5
9204,93.365438842,2.067636,34,v6,88000000ffffffffffffa8dd9f4dc5b5
9205,93.366352191,0.913349,34,v6,88000000ffffffffffffa8dd9f4dc5b5
9206,93.368731108,2.378917,34,v6,88000000ffffffffffffa8dd9f4dc5b5
9207,93.369498562,0.767454,34,v6,88000000ffffffffffffa8dd9f4dc5b5
9208,93.371687658,2.189096,34,v6,88000000ffffffffffffa8dd9f4dc5b5
9209,93.372626962,0.939304,34,v6,88000000ffffffffffffa8dd9f4dc5b5
9210,93.374542556,1.915594,34,v6,88000000ffffffffffffa8dd9f4dc5b5
9211,93.375608140,1.065584,34,v6,88000000ffffffffffffa8dd9f4dc5b5
9212,93.377957213,2.349073,34,v6,88000000ffffffffffffa8dd9f4dc5b5
9213,93.378557174,0.599961,34,v6,88000000ffffffffffffa8dd9f4dc5b5
9214,93.380693700,2.136526,34,v6,88000000ffffffffffffa8dd9f4dc5b5
9215,93.381897831,1.204131,34,v6,88000000ffffffffffffa8dd9f4dc5b5
9216,93.383572361,1.674530,34,v6,88000000ffffffffffffa8dd9f4dc5b5
9217,93.384775555,1.203194,34,v6,88000000ffffffffffffa8dd9f4dc5b5
9218,93.386804975,2.029420,34,v6,88000000ffffffffffffa8dd9f4dc5b5
9219,93.387997156,1.192181,34,v6,88000000ffffffffffffa8dd9f4dc5b5
9220,93.391060090,3.062934,34,v6,88000000ffffffffffffa8dd9f4dc5b5
9221,93.391943570,0.883480,34,v6,88000000ffffffffffffa8dd9f4dc5b5
9222,93.394226695,2.283125,34,v6,88000000ffffffffffffa8dd9f4dc5b5
9223,93.396110757,1.884062,34,v6,88000000ffffffffffffa8dd9f4dc5b5
9224,93.396872867,0.762110,34,v6,88000000ffffffffffffa8dd9f4dc5b5
9225,93.398964987,2.092120,34,v6,88000000ffffffffffffa8dd9f4dc5b5
9226,93.399935327,0.970340,34,v6,88000000ffffffffffffa8dd9f4dc5b5
9227,93.401049690,1.114363,34,v6,88000000ffffffffffffa8dd9f4dc5b5
9228,93.402944590,1.894900,34,v6,88000000ffffffffffffa8dd9f4dc5b5
9229,93.404151987,1.207397,34,v6,88000000ffffffffffffa8dd9f4dc5b5
9230,93.406054986,1.902999,34,v6,88000000ffffffffffffa8dd9f4dc5b5
9231,93.407122470,1.067484,34,v6,88000000ffffffffffffa8dd9f4dc5b5
9232,93.409365863,2.243393,34,v6,88000000ffffffffffffa8dd9f4dc5b5
9233,93.410074199,0.708336,34,v6,88000000ffffffffffffa8dd9f4dc5b5
9234,93.412317183,2.242984,34,v6,88000000ffffffffffffa8dd9f4dc5b5
9235,93.413532106,1.214923,34,v6,88000000ffffffffffffa8dd9f4dc5b5
9236,93.415116753,1.584647,34,v6,88000000ffffffffffffa8dd9f4dc5b5
9237,93.417014012,1.897259,34,v6,88000000ffffffffffffa8dd9f4dc5b5
9238,93.418046240,1.032228,34,v6,88000000ffffffffffffa8dd9f4dc5b5
9239,93.419190224,1.143984,34,v6,88000000ffffffffffffa8dd9f4dc5b5
9240,93.421219416,2.029192,34,v6,88000000ffffffffffffa8dd9f4dc5b5
9241,93.422235884,1.016468,34,v6,88000000ffffffffffffa8dd9f4dc5b5
9242,93.424370317,2.134433,34,v6,88000000ffffffffffffa8dd9f4dc5b5
9243,93.426569074,2.198757,34,v6,88000000ffffffffffffa8dd9f4dc5b5
9244,93.427293416,0.724342,34,v6,88000000ffffffffffffa8dd9f4dc5b5
9245,93.429375203,2.081787,34,v6,88000000ffffffffffffa8dd9f4dc5b5
9246,93.430476833,1.101630,34,v6,88000000ffffffffffffa8dd9f4dc5b5
9247,93.432249719,1.772886,34,v6,88000000ffffffffffffa8dd9f4dc5b5
9248,93.433543675,1.293956,34,v6,88000000ffffffffffffa8dd9f4dc5b5
9249,93.435597520,2.053845,34,v6,88000000ffffffffffffa8dd9f4dc5b5
9250,93.436639981,1.042461,34,v6,88000000ffffffffffffa8dd9f4dc5b5
9251,93.438523608,1.883627,34,v6,88000000ffffffffffffa8dd9f4dc5b5
9252,93.439579496,1.055888,34,v6,88000000ffffffffffffa8dd9f4dc5b5
9253,93.441583624,2.004128,34,v6,88000000ffffffffffffa8dd9f4dc5b5
9254,93.442707948,1.124324,34,v6,88000000ffffffffffffa8dd9f4dc5b5
9255,93.444641149,1.933201,34,v6,88000000ffffffffffffa8dd9f4dc5b5
9256,93.445671955,1.030806,34,v6,88000000ffffffffffffa8dd9f4dc5b5
9257,93.447516945,1.844990,34,v6,88000000ffffffffffffa8dd9f4dc5b5
9258,93.448661214,1.144269,34,v6,88000000ffffffffffffa8dd9f4dc5b5
9259,93.450668469,2.007255,34,v6,88000000ffffffffffffa8dd9f4dc5b5
9260,93.452694526,2.026057,34,v6,88000000ffffffffffffa8dd9f4dc5b5
9261,93.453850056,1.155530,34,v6,88000000ffffffffffffa8dd9f4dc5b5
9262,93.455747567,1.897511,34,v6,88000000ffffffffffffa8dd9f4dc5b5
9263,93.456708991,0.961424,34,v6,88000000ffffffffffffa8dd9f4dc5b5
9264,93.458904291,2.195300,34,v6,88000000ffffffffffffa8dd9f4dc5b5
9265,93.459754707,0.850416,34,v6,88000000ffffffffffffa8dd9f4dc5b5
9266,93.462065734,2.311027,34,v6,88000000ffffffffffffa8dd9f4dc5b5
9267,93.463032010,0.966276,34,v6,88000000ffffffffffffa8dd9f4dc5b5
9268,93.464917009,1.884999,34,v6,88000000ffffffffffffa8dd9f4dc5b5
9269,93.466979110,2.062101,34,v6,88000000ffffffffffffa8dd9f4dc5b5
9270,93.467938526,0.959416,34,v6,88000000ffffffffffffa8dd9f4dc5b5
9271,93.469073545,1.135019,34,v6,88000000ffffffffffffa8dd9f4dc5b5
9272,93.470964481,1.890936,34,v6,88000000ffffffffffffa8dd9f4dc5b5
9273,93.472991537,2.027056,34,v6,88000000ffffffffffffa8dd9f4dc5b5
9274,93.473939672,0.948135,34,v6,88000000ffffffffffffa8dd9f4dc5b5
9275,93.475891713,1.952041,34,v6,88000000ffffffffffffa8dd9f4dc5b5
9276,93.478046854,2.155141,34,v6,88000000ffffffffffffa8dd9f4dc5b5
9277,93.478934341,0.887487,34,v6,88000000ffffffffffffa8dd9f4dc5b5
9278,93.480151050,1.216709,34,v6,88000000ffffffffffffa8dd9f4dc5b5
9279,93.482409269,2.258219,34,v6,88000000ffffffffffffa8dd9f4dc5b5
9280,93.484320947,1.911678,34,v6,88000000ffffffffffffa8dd9f4dc5b5
9281,93.485252966,0.932019,34,v6,88000000ffffffffffffa8dd9f4dc5b5
9282,93.487463544,2.210578,34,v6,88000000ffffffffffffa8dd9f4dc5b5
9283,93.488498941,1.035397,34,v6,88000000ffffffffffffa8dd9f4dc5b5
9284,93.490359656,1.860715,34,v6,88000000ffffffffffffa8dd9f4dc5b5
9285,93.491424309,1.064653,34,v6,88000000ffffffffffffa8dd9f4dc5b5
9286,93.493400240,1.975931,34,v6,88000000ffffffffffffa8dd9f4dc5b5
9287,93.494503242,1.103002,34,v6,88000000ffffffffffffa8dd9f4dc5b5
9288,93.496510734,2.007492,34,v6,88000000ffffffffffffa8dd9f4dc5b5
9289,93.497597236,1.086502,34,v6,88000000ffffffffffffa8dd9f4dc5b5
9290,93.499517101,1.919865,34,v6,88000000ffffffffffffa8dd9f4dc5b5
9291,93.500540988,1.023887,34,v6,88000000ffffffffffffa8dd9f4dc5b5
9292,93.502508284,1.967296,34,v6,88000000ffffffffffffa8dd9f4dc5b5
9293,93.503674726,1.166442,34,v6,88000000ffffffffffffa8dd9f4dc5b5
9294,93.505746248,2.071522,34,v6,88000000ffffffffffffa8dd9f4dc5b5
9295,93.508770291,3.024043,34,v6,88000000ffffffffffffa8dd9f4dc5b5
9296,93.509682364,0.912073,34,v6,88000000ffffffffffffa8dd9f4dc5b5
9297,93.511729654,2.047290,34,v6,88000000ffffffffffffa8dd9f4dc5b5
9298,93.512858106,1.128452,34,v6,88000000ffffffffffffa8dd9f4dc5b5
9299,93.514742996,1.884890,34,v6,88000000ffffffffffffa8dd9f4dc5b5
9300,93.516889267,2.146271,34,v6,88000000ffffffffffffa8dd9f4dc5b5
9301,93.517806000,0.916733,34,v6,88000000ffffffffffffa8dd9f4dc5b5
9302,93.867186398,349.380398,34,v6,88000000ffffffffffffa8dd9f4dc5b5
9303,93.868362285,1.175887,34,v6,88000000ffffffffffffa8dd9f4dc5b5
9304,93.870379224,2.016939,34,v6,88000000ffffffffffffa8dd9f4dc5b5
9305,93.871298538,0.919314,34,v6,88000000ffffffffffffa8dd9f4dc5b5
9306,93.873443355,2.144817,34,v6,88000000ffffffffffffa8dd9f4dc5b5
9307,93.874330503,0.887148,34,v6,88000000ffffffffffffa8dd9f4dc5b5
9308,93.875468770,1.138267,34,v6,88000000ffffffffffffa8dd9f4dc5b5
9309,93.877452471,1.983701,34,v6,88000000ffffffffffffa8dd9f4dc5b5
9310,93.879519821,2.067350,34,v6,88000000ffffffffffffa8dd9f4dc5b5
9311,93.880613548,1.093727,34,v6,88000000ffffffffffffa8dd9f4dc5b5
9312,93.881629866,1.016318,34,v6,88000000ffffffffffffa8dd9f4dc5b5
9313,93.883496932,1.867066,34,v6,88000000ffffffffffffa8dd9f4dc5b5
9314,93.884568940,1.072008,34,v6,88000000ffffffffffffa8dd9f4dc5b5
9315,93.886763531,2.194591,34,v6,88000000ffffffffffffa8dd9f4dc5b5
9316,93.887728456,0.964925,34,v6,88000000ffffffffffffa8dd9f4dc5b5
9317,93.888657532,0.929076,34,v6,88000000ffffffffffffa8dd9f4dc5b5
9318,93.890659716,2.002184,34,v6,88000000ffffffffffffa8dd9f4dc5b5
9319,93.891723712,1.063996,34,v6,88000000ffffffffffffa8dd9f4dc5b5
9320,93.895022139,3.298427,34,v6,88000000ffffffffffffa8dd9f4dc5b5
9321,93.895839736,0.817597,34,v6,88000000ffffffffffffa8dd9f4dc5b5
9322,93.897050738,1.211002,34,v6,88000000ffffffffffffa8dd9f4dc5b5
9323,93.898783833,1.733095,34,v6,88000000ffffffffffffa8dd9f4dc5b5
9324,93.899883098,1.099265,34,v6,88000000ffffffffffffa8dd9f4dc5b5
9325,93.901995630,2.112532,34,v6,88000000ffffffffffffa8dd9f4dc5b5
9326,93.903031292,1.035662,34,v6,88000000ffffffffffffa8dd9f4dc5b5
9327,93.904104759,1.073467,34,v6,88000000ffffffffffffa8dd9f4dc5b5
9328,93.905875628,1.770869,34,v6,88000000ffffffffffffa8dd9f4dc5b5
9329,93.906812547,0.936919,34,v6,88000000ffffffffffffa8dd9f4dc5b5
9330,93.908815209,2.002662,34,v6,88000000ffffffffffffa8dd9f4dc5b5
9331,93.909897741,1.082532,34,v6,88000000ffffffffffffa8dd9f4dc5b5
9332,93.911957915,2.060174,34,v6,88000000ffffffffffffa8dd9f4dc5b5
9333,93.912964161,1.006246,34,v6,88000000ffffffffffffa8dd9f4dc5b5
9334,93.915190731,2.226570,34,v6,88000000ffffffffffffa8dd9f4dc5b5
9335,93.916061283,0.870552,34,v6,88000000ffffffffffffa8dd9f4dc5b5
9336,93.917003262,0.941979,34,v6,88000000ffffffffffffa8dd9f4dc5b5
9337,93.919297470,2.294208,34,v6,88000000ffffffffffffa8dd9f4dc5b5
9338,93.920052369,0.754899,34,v6,88000000ffffffffffffa8dd9f4dc5b5
9339,93.922113783,2.061414,34,v6,88000000ffffffffffffa8dd9f4dc5b5
9340,93.923012765,0.898982,34,v6,88000000ffffffffffffa8dd9f4dc5b5
9341,93.924202667,1.189902,34,v6,88000000ffffffffffffa8dd9f4dc5b5
9342,93.926046556,1.843889,34,v6,88000000ffffffffffffa8dd9f4dc5b5
9343,93.927315664,1.269108,34,v6,88000000ffffffffffffa8dd9f4dc5b5
9344,93.929200408,1.884744,34,v6,88000000ffffffffffffa8dd9f4dc5b5
9345,93.930226155,1.025747,34,v6,88000000ffffffffffffa8dd9f4dc5b5
9346,93.932164303,1.938148,34,v6,88000000ffffffffffffa8dd9f4dc5b5
9347,93.933254637,1.090334,34,v6,88000000ffffffffffffa8dd9f4dc5b5
9348,93.934406822,1.152185,34,v6,88000000ffffffffffffa8dd9f4dc5b5
9349,93.936315874,1.909052,34,v6,88000000ffffffffffffa8dd9f4dc5b5
9350,93.937412906,1.097032,34,v6,88000000ffffffffffffa8dd9f4dc5b5
9351,93.938410033,0.997127,34,v6,88000000ffffffffffffa8dd9f4dc5b5
9352,93.940462379,2.052346,34,v6,88000000ffffffffffffa8dd9f4dc5b5
9353,93.941408792,0.946413,34,v6,88000000ffffffffffffa8dd9f4dc5b5
9354,93.943390460,1.981668,34,v6,88000000ffffffffffffa8dd9f4dc5b5
9355,93.944463716,1.073256,34,v6,88000000ffffffffffffa8dd9f4dc5b5
9356,93.945775230,1.311514,34,v6,88000000ffffffffffffa8dd9f4dc5b5
9357,93.947619275,1.844045,34,v6,88000000ffffffffffffa8dd9f4dc5b5
9358,93.948637728,1.018453,34,v6,88000000ffffffffffffa8dd9f4dc5b5
9359,93.950564013,1.926285,34,v6,88000000ffffffffffffa8dd9f4dc5b5
9360,93.951784288,1.220275,34,v6,88000000ffffffffffffa8dd9f4dc5b5
9361,93.952649269,0.864981,34,v6,88000000ffffffffffffa8dd9f4dc5b5
9362,93.954519336,1.870067,34,v6,88000000ffffffffffffa8dd9f4dc5b5
9363,93.955726286,1.206950,34,v6,88000000ffffffffffffa8dd9f4dc5b5
9364,93.957598751,1.872465,34,v6,88000000ffffffffffffa8dd9f4dc5b5
9365,93.958912634,1.313883,34,v6,88000000ffffffffffffa8dd9f4dc5b5
9366,93.960946496,2.033862,34,v6,88000000ffffffffffffa8dd9f4dc5b5
9367,93.961761703,0.815207,34,v6,88000000ffffffffffffa8dd9f4dc5b5
9368,93.963805484,2.043781,34,v6,88000000ffffffffffffa8dd9f4dc5b5
9369,93.964845761,1.040277,34,v6,88000000ffffffffffffa8dd9f4dc5b5
9370,93.965756663,0.910902,34,v6,88000000ffffffffffffa8dd9f4dc5b5
9371,93.967784350,2.027687,34,v6,88000000ffffffffffffa8dd9f4dc5b5
9372,93.969007677,1.223327,34,v6,88000000ffffffffffffa8dd9f4dc5b5
9373,93.970013637,1.005960,34,v6,88000000ffffffffffffa8dd9f4dc5b5
9374,93.972014775,2.001138,34,v6,88000000ffffffffffffa8dd9f4dc5b5
9375,93.973864475,1.849700,34,v6,88000000ffffffffffffa8dd9f4dc5b5
9376,93.974941713,1.077238,34,v6,88000000ffffffffffffa8dd9f4dc5b5
9377,93.976129424,1.187711,34,v6,88000000ffffffffffffa8dd9f4dc5b5
9378,93.978119059,1.989635,34,v6,88000000ffffffffffffa8dd9f4dc5b5
9379,93.978979957,0.860898,34,v6,88000000ffffffffffffa8dd9f4dc5b5
9380,93.981025950,2.045993,34,v6,88000000ffffffffffffa8dd9f4dc5b5
9381,93.981992218,0.966268,34,v6,88000000ffffffffffffa8dd9f4dc5b5
9382,93.984067067,2.074849,34,v6,88000000ffffffffffffa8dd9f4dc5b5
9383,93.985080242,1.013175,34,v6,88000000ffffffffffffa8dd9f4dc5b5
9384,93.986099312,1.019070,34,v6,88000000ffffffffffffa8dd9f4dc5b5
9385,93.988001692,1.902380,34,v6,88000000ffffffffffffa8dd9f4dc5b5
9386,93.989179771,1.178079,34,v6,88000000ffffffffffffa8dd9f4dc5b5
9387,93.991252692,2.072921,34,v6,88000000ffffffffffffa8dd9f4dc5b5
9388,93.992168661,0.915969,34,v6,88000000ffffffffffffa8dd9f4dc5b5
9389,93.994294519,2.125858,34,v6,88000000ffffffffffffa8dd9f4dc5b5
9390,93.995217308,0.922789,34,v6,88000000ffffffffffffa8dd9f4dc5b5
9391,93.998230506,3.013198,34,v6,88000000ffffffffffffa8dd9f4dc5b5
9392,93.999397392,1.166886,34,v6,88000000ffffffffffffa8dd9f4dc5b5
9393,94.001543401,2.146009,34,v6,88000000ffffffffffffa8dd9f4dc5b5
9394,94.003516819,1.973418,34,v6,88000000ffffffffffffa8dd9f4dc5b5
9395,94.004419008,0.902189,34,v6,88000000ffffffffffffa8dd9f4dc5b5
9396,94.005486647,1.067639,34,v6,88000000ffffffffffffa8dd9f4dc5b5
9397,94.007363155,1.876508,34,v6,88000000ffffffffffffa8dd9f4dc5b5
9398,94.008535169,1.172014,34,v6,88000000ffffffffffffa8dd9f4dc5b5
9399,94.010487835,1.952666,34,v6,88000000ffffffffffffa8dd9f4dc5b5
9400,94.011800681,1.312846,34,v6,88000000ffffffffffffa8dd9f4dc5b5
9401,94.013805062,2.004381,34,v6,88000000ffffffffffffa8dd9f4dc5b5
9402,94.341622711,327.817649,34,v6,88000000ffffffffffffa8dd9f4dc5b5
9403,94.342753672,1.130961,34,v6,88000000ffffffffffffa8dd9f4dc5b5
9404,94.344978506,2.224834,34,v6,88000000ffffffffffffa8dd9f4dc5b5
9405,94.345933021,0.954515,34,v6,88000000ffffffffffffa8dd9f4dc5b5
9406,94.346847224,0.914203,34,v6,88000000ffffffffffffa8dd9f4dc5b5
9407,94.348916512,2.069288,34,v6,88000000ffffffffffffa8dd9f4dc5b5
9408,94.349934494,1.017982,34,v6,88000000ffffffffffffa8dd9f4dc5b5
9409,94.350885213,0.950719,34,v6,88000000ffffffffffffa8dd9f4dc5b5
9410,94.353083248,2.198035,34,v6,88000000ffffffffffffa8dd9f4dc5b5
9411,94.354119828,1.036580,34,v6,88000000ffffffffffffa8dd9f4dc5b5
9412,94.355105786,0.985958,34,v6,88000000ffffffffffffa8dd9f4dc5b5
9413,94.355995177,0.889391,34,v6,88000000ffffffffffffa8dd9f4dc5b5
9414,94.357946271,1.951094,34,v6,88000000ffffffffffffa8dd9f4dc5b5
9415,94.359096096,1.149825,34,v6,88000000ffffffffffffa8dd9f4dc5b5
9416,94.359961274,0.865178,34,v6,88000000ffffffffffffa8dd9f4dc5b5
9417,94.362153091,2.191817,34,v6,88000000ffffffffffffa8dd9f4dc5b5
9418,94.363044842,0.891751,34,v6,88000000ffffffffffffa8dd9f4dc5b5
9419,94.364148718,1.103876,34,v6,88000000ffffffffffffa8dd9f4dc5b5
9420,94.366207007,2.058289,34,v6,88000000ffffffffffffa8dd9f4dc5b5
9421,94.367235407,1.028400,34,v6,88000000ffffffffffffa8dd9f4dc5b5
9422,94.368276983,1.041576,34,v6,88000000ffffffffffffa8dd9f4dc5b5
9423,94.370494206,2.217223,34,v6,88000000ffffffffffffa8dd9f4dc5b5
9424,94.371349488,0.855282,34,v6,88000000ffffffffffffa8dd9f4dc5b5
9425,94.372383173,1.033685,34,v6,88000000ffffffffffffa8dd9f4dc5b5
9426,94.373347246,0.964073,34,v6,88000000ffffffffffffa8dd9f4dc5b5
9427,94.375490399,2.143153,34,v6,88000000ffffffffffffa8dd9f4dc5b5
9428,94.376441811,0.951412,34,v6,88000000ffffffffffffa8dd9f4dc5b5
9429,94.378371138,1.929327,34,v6,88000000ffffffffffffa8dd9f4dc5b5
9430,94.379375089,1.003951,34,v6,88000000ffffffffffffa8dd9f4dc5b5
9431,94.380368730,0.993641,34,v6,88000000ffffffffffffa8dd9f4dc5b5
9432,94.381413071,1.044341,34,v6,88000000ffffffffffffa8dd9f4dc5b5
9433,94.383446121,2.033050,34,v6,88000000ffffffffffffa8dd9f4dc5b5
9434,94.384435823,0.989702,34,v6,88000000ffffffffffffa8dd9f4dc5b5
9435,94.386571458,2.135635,34,v6,88000000ffffffffffffa8dd9f4dc5b5
9436,94.387664375,1.092917,34,v6,88000000ffffffffffffa8dd9f4dc5b5
9437,94.389406470,1.742095,34,v6,88000000ffffffffffffa8dd9f4dc5b5
9438,94.390458852,1.052382,34,v6,88000000ffffffffffffa8dd9f4dc5b5
9439,94.391709591,1.250739,34,v6,88000000ffffffffffffa8dd9f4dc5b5
9440,94.393581765,1.872174,34,v6,88000000ffffffffffffa8dd9f4dc5b5
9441,94.394818696,1.236931,34,v6,88000000ffffffffffffa8dd9f4dc5b5
9442,94.395737303,0.918607,34,v6,88000000ffffffffffffa8dd9f4dc5b5
9443,94.396618592,0.881289,34,v6,88000000ffffffffffffa8dd9f4dc5b5
9444,94.397704912,1.086320,34,v6,88000000ffffffffffffa8dd9f4dc5b5
9445,94.399501130,1.796218,34,v6,88000000ffffffffffffa8dd9f4dc5b5
9446,94.400653096,1.151966,34,v6,88000000ffffffffffffa8dd9f4dc5b5
9447,94.402803929,2.150833,34,v6,88000000ffffffffffffa8dd9f4dc5b5
9448,94.403906975,1.103046,34,v6,88000000ffffffffffffa8dd9f4dc5b5
9449,94.404839927,0.932952,34,v6,88000000ffffffffffffa8dd9f4dc5b5
9450,94.405822382,0.982455,34,v6,88000000ffffffffffffa8dd9f4dc5b5
9451,94.407675786,1.853404,34,v6,88000000ffffffffffffa8dd9f4dc5b5
9452,94.408905709,1.229923,34,v6,88000000ffffffffffffa8dd9f4dc5b5
9453,94.409810542,0.904833,34,v6,88000000ffffffffffffa8dd9f4dc5b5
9454,94.411833527,2.022985,34,v6,88000000ffffffffffffa8dd9f4dc5b5
9455,94.412864188,1.030661,34,v6,88000000ffffffffffffa8dd9f4dc5b5
9456,94.414976884,2.112696,34,v6,88000000ffffffffffffa8dd9f4dc5b5
9457,94.415797936,0.821052,34,v6,88000000ffffffffffffa8dd9f4dc5b5
9458,94.417024881,1.226945,34,v6,88000000ffffffffffffa8dd9f4dc5b5
9459,94.419033174,2.008293,34,v6,88000000ffffffffffffa8dd9f4dc5b5
9460,94.420012597,0.979423,34,v6,88000000ffffffffffffa8dd9f4dc5b5
9461,94.420997005,0.984408,34,v6,88000000ffffffffffffa8dd9f4dc5b5
9462,94.423945522,2.948517,34,v6,88000000ffffffffffffa8dd9f4dc5b5
9463,94.425099803,1.154281,34,v6,88000000ffffffffffffa8dd9f4dc5b5
9464,94.426091932,0.992129,34,v6,88000000ffffffffffffa8dd9f4dc5b5
9465,94.427903703,1.811771,34,v6,88000000ffffffffffffa8dd9f4dc5b5
9466,94.428999361,1.095658,34,v6,88000000ffffffffffffa8dd9f4dc5b5
9467,94.430076474,1.077113,34,v6,88000000ffffffffffffa8dd9f4dc5b5
9468,94.432028096,1.951622,34,v6,88000000ffffffffffffa8dd9f4dc5b5
9469,94.433149396,1.121300,34,v6,88000000ffffffffffffa8dd9f4dc5b5
9470,94.435282397,2.133001,34,v6,88000000ffffffffffffa8dd9f4dc5b5
9471,94.436224537,0.942140,34,v6,88000000ffffffffffffa8dd9f4dc5b5
9472,94.437331289,1.106752,34,v6,88000000ffffffffffffa8dd9f4dc5b5
9473,94.438337484,1.006195,34,v6,88000000ffffffffffffa8dd9f4dc5b5
9474,94.440245758,1.908274,34,v6,88000000ffffffffffffa8dd9f4dc5b5
9475,94.441368961,1.123203,34,v6,88000000ffffffffffffa8dd9f4dc5b5
9476,94.442299440,0.930479,34,v6,88000000ffffffffffffa8dd9f4dc5b5
9477,94.443320166,1.020726,34,v6,88000000ffffffffffffa8dd9f4dc5b5
9478,94.445228822,1.908656,34,v6,88000000ffffffffffffa8dd9f4dc5b5
9479,94.446463914,1.235092,34,v6,88000000ffffffffffffa8dd9f4dc5b5
9480,94.447551858,1.087944,34,v6,88000000ffffffffffffa8dd9f4dc5b5
9481,94.449443305,1.891447,34,v6,88000000ffffffffffffa8dd9f4dc5b5
9482,94.450504010,1.060705,34,v6,88000000ffffffffffffa8dd9f4dc5b5
9483,94.452400307,1.896297,34,v6,88000000ffffffffffffa8dd9f4dc5b5
9484,94.453601103,1.200796,34,v6,88000000ffffffffffffa8dd9f4dc5b5
9485,94.454662741,1.061638,34,v6,88000000ffffffffffffa8dd9f4dc5b5
9486,94.456523827,1.861086,34,v6,88000000ffffffffffffa8dd9f4dc5b5
9487,94.457540179,1.016352,34,v6,88000000ffffffffffffa8dd9f4dc5b5
9488,94.458674401,1.134222,34,v6,88000000ffffffffffffa8dd9f4dc5b5
9489,94.459683291,1.008890,34,v6,88000000ffffffffffffa8dd9f4dc5b5
9490,94.461746599,2.063308,34,v6,88000000ffffffffffffa8dd9f4dc5b5
9491,94.462794752,1.048153,34,v6,88000000ffffffffffffa8dd9f4dc5b5
9492,94.463701936,0.907184,34,v6,88000000ffffffffffffa8dd9f4dc5b5
9493,94.465702459,2.000523,34,v6,88000000ffffffffffffa8dd9f4dc5b5
9494,94.466712685,1.010226,34,v6,88000000ffffffffffffa8dd9f4dc5b5
9495,94.468699853,1.987168,34,v6,88000000ffffffffffffa8dd9f4dc5b5
9496,94.469848363,1.148510,34,v6,88000000ffffffffffffa8dd9f4dc5b5
9497,94.470744082,0.895719,34,v6,88000000ffffffffffffa8dd9f4dc5b5
9498,94.472745195,2.001113,34,v6,88000000ffffffffffffa8dd9f4dc5b5
9499,94.473737223,0.992028,34,v6,88000000ffffffffffffa8dd9f4dc5b5
9500,94.474937451,1.200228,34,v6,88000000ffffffffffffa8dd9f4dc5b5
9501,94.476800226,1.862775,34,v6,88000000ffffffffffffa8dd9f4dc5b5
9502,94.814088546,337.288320,34,v6,88000000ffffffffffffa8dd9f4dc5b5
9503,94.815268755,1.180209,34,v6,88000000ffffffffffffa8dd9f4dc5b5
9504,94.817219550,1.950795,34,v6,88000000ffffffffffffa8dd9f4dc5b5
9505,94.818243504,1.023954,34,v6,88000000ffffffffffffa8dd9f4dc5b5
9506,94.819318936,1.075432,34,v6,88000000ffffffffffffa8dd9f4dc5b5
9507,94.820413019,1.094083,34,v6,88000000ffffffffffffa8dd9f4dc5b5
9508,94.821403485,0.990466,34,v6,88000000ffffffffffffa8dd9f4dc5b5
9509,94.823400087,1.996602,34,v6,88000000ffffffffffffa8dd9f4dc5b5
9510,94.824431017,1.030930,34,v6,88000000ffffffffffffa8dd9f4dc5b5
9511,94.825535109,1.104092,34,v6,88000000ffffffffffffa8dd9f4dc5b5
9512,94.826472305,0.937196,34,v6,88000000ffffffffffffa8dd9f4dc5b5
9513,94.827373961,0.901656,34,v6,88000000ffffffffffffa8dd9f4dc5b5
9514,94.828603243,1.229282,34,v6,88000000ffffffffffffa8dd9f4dc5b5
9515,94.830804691,2.201448,34,v6,88000000ffffffffffffa8dd9f4dc5b5
9516,94.831650254,0.845563,34,v6,88000000ffffffffffffa8dd9f4dc5b5
9517,94.832526927,0.876673,34,v6,88000000ffffffffffffa8dd9f4dc5b5
9518,94.834583130,2.056203,34,v6,88000000ffffffffffffa8dd9f4dc5b5
9519,94.835669310,1.086180,34,v6,88000000ffffffffffffa8dd9f4dc5b5
9520,94.836570554,0.901244,34,v6,88000000ffffffffffffa8dd9f4dc5b5
9521,94.837887846,1.317292,34,v6,88000000ffffffffffffa8dd9f4dc5b5
9522,94.839500571,1.612725,34,v6,88000000ffffffffffffa8dd9f4dc5b5
9523,94.839629434,0.128863,34,v6,88000000ffffffffffffa8dd9f4dc5b5
9524,94.841781954,2.152520,34,v6,88000000ffffffffffffa8dd9f4dc5b5
9525,94.843834505,2.052551,34,v6,88000000ffffffffffffa8dd9f4dc5b5
9526,94.843948110,0.113605,34,v6,88000000ffffffffffffa8dd9f4dc5b5
9527,94.846917242,2.969132,34,v6,88000000ffffffffffffa8dd9f4dc5b5
9528,94.847879059,0.961817,34,v6,88000000ffffffffffffa8dd9f4dc5b5
9529,94.848770556,0.891497,34,v6,88000000ffffffffffffa8dd9f4dc5b5
9530,94.849870951,1.100395,34,v6,88000000ffffffffffffa8dd9f4dc5b5
9531,94.851708333,1.837382,34,v6,88000000ffffffffffffa8dd9f4dc5b5
9532,94.852764738,1.056405,34,v6,88000000ffffffffffffa8dd9f4dc5b5
9533,94.853968623,1.203885,34,v6,88000000ffffffffffffa8dd9f4dc5b5
9534,94.854884282,0.915659,34,v6,88000000ffffffffffffa8dd9f4dc5b5
9535,94.855818643,0.934361,34,v6,88000000ffffffffffffa8dd9f4dc5b5
9536,94.858169194,2.350551,34,v6,88000000ffffffffffffa8dd9f4dc5b5
9537,94.859026249,0.857055,34,v6,88000000ffffffffffffa8dd9f4dc5b5
9538,94.860208291,1.182042,34,v6,88000000ffffffffffffa8dd9f4dc5b5
9539,94.861136143,0.927852,34,v6,88000000ffffffffffffa8dd9f4dc5b5
9540,94.863239191,2.103048,34,v6,88000000ffffffffffffa8dd9f4dc5b5
9541,94.864087058,0.847867,34,v6,88000000ffffffffffffa8dd9f4dc5b5
9542,94.864945608,0.858550,34,v6,88000000ffffffffffffa8dd9f4dc5b5
9543,94.866110928,1.165320,34,v6,88000000ffffffffffffa8dd9f4dc5b5
9544,94.867336405,1.225477,34,v6,88000000ffffffffffffa8dd9f4dc5b5
9545,94.869330646,1.994241,34,v6,88000000ffffffffffffa8dd9f4dc5b5
9546,94.870079619,0.748973,34,v6,88000000ffffffffffffa8dd9f4dc5b5
9547,94.871405730,1.326111,34,v6,88000000ffffffffffffa8dd9f4dc5b5
9548,94.872251200,0.845470,34,v6,88000000ffffffffffffa8dd9f4dc5b5
9549,94.874137903,1.886703,34,v6,88000000ffffffffffffa8dd9f4dc5b5
9550,94.874289853,0.151950,34,v6,88000000ffffffffffffa8dd9f4dc5b5
9551,94.876104333,1.814480,34,v6,88000000ffffffffffffa8dd9f4dc5b5
9552,94.877011527,0.907194,34,v6,88000000ffffffffffffa8dd9f4dc5b5
9553,94.878113668,1.102141,34,v6,88000000ffffffffffffa8dd9f4dc5b5
9554,94.879141405,1.027737,34,v6,88000000ffffffffffffa8dd9f4dc5b5
9555,94.881246210,2.104805,34,v6,88000000ffffffffffffa8dd9f4dc5b5
9556,94.882192861,0.946651,34,v6,88000000ffffffffffffa8dd9f4dc5b5
9557,94.883167985,0.975124,34,v6,88000000ffffffffffffa8dd9f4dc5b5
9558,94.885140107,1.972122,34,v6,88000000ffffffffffffa8dd9f4dc5b5
9559,94.886327245,1.187138,34,v6,88000000ffffffffffffa8dd9f4dc5b5
9560,94.887454142,1.126897,34,v6,88000000ffffffffffffa8dd9f4dc5b5
9561,94.888297019,0.842877,34,v6,88000000ffffffffffffa8dd9f4dc5b5
9562,94.890389417,2.092398,34,v6,88000000ffffffffffffa8dd9f4dc5b5
9563,94.891486687,1.097270,34,v6,88000000ffffffffffffa8dd9f4dc5b5
9564,94.892649843,1.163156,34,v6,88000000ffffffffffffa8dd9f4dc5b5
9565,94.893618900,0.969057,34,v6,88000000ffffffffffffa8dd9f4dc5b5
9566,94.894485626,0.866726,34,v6,88000000ffffffffffffa8dd9f4dc5b5
9567,94.896342123,1.856497,34,v6,88000000ffffffffffffa8dd9f4dc5b5
9568,94.897538462,1.196339,34,v6,88000000ffffffffffffa8dd9f4dc5b5
9569,94.898572205,1.033743,34,v6,88000000ffffffffffffa8dd9f4dc5b5
9570,94.899573534,1.001329,34,v6,88000000ffffffffffffa8dd9f4dc5b5
9571,94.900686199,1.112665,34,v6,88000000ffffffffffffa8dd9f4dc5b5
9572,94.902516965,1.830766,34,v6,88000000ffffffffffffa8dd9f4dc5b5
9573,94.903634268,1.117303,34,v6,88000000ffffffffffffa8dd9f4dc5b5
9574,94.904570018,0.935750,34,v6,88000000ffffffffffffa8dd9f4dc5b5
9575,94.905769012,1.198994,34,v6,88000000ffffffffffffa8dd9f4dc5b5
9576,94.907821759,2.052747,34,v6,88000000ffffffffffffa8dd9f4dc5b5
9577,94.908827682,1.005923,34,v6,88000000ffffffffffffa8dd9f4dc5b5
9578,94.909784845,0.957163,34,v6,88000000ffffffffffffa8dd9f4dc5b5
9579,94.911667973,1.883128,34,v6,88000000ffffffffffffa8dd9f4dc5b5
9580,94.912763208,1.095235,34,v6,88000000ffffffffffffa8dd9f4dc5b5
9581,94.913829184,1.065976,34,v6,88000000ffffffffffffa8dd9f4dc5b5
9582,94.914873885,1.044701,34,v6,88000000ffffffffffffa8dd9f4dc5b5
9583,94.915845285,0.971400,34,v6,88000000ffffffffffffa8dd9f4dc5b5
9584,94.916867478,1.022193,34,v6,88000000ffffffffffffa8dd9f4dc5b5
9585,94.918873645,2.006167,34,v6,88000000ffffffffffffa8dd9f4dc5b5
9586,94.920001315,1.127670,34,v6,88000000ffffffffffffa8dd9f4dc5b5
9587,94.921097062,1.095747,34,v6,88000000ffffffffffffa8dd9f4dc5b5
9588,94.923158000,2.060938,34,v6,88000000ffffffffffffa8dd9f4dc5b5
9589,94.923982539,0.824539,34,v6,88000000ffffffffffffa8dd9f4dc5b5
9590,94.925077777,1.095238,34,v6,88000000ffffffffffffa8dd9f4dc5b5
9591,94.926219269,1.141492,34,v6,88000000ffffffffffffa8dd9f4dc5b5
9592,94.927007495,0.788226,34,v6,88000000ffffffffffffa8dd9f4dc5b5
9593,94.927931249,0.923754,34,v6,88000000ffffffffffffa8dd9f4dc5b5
9594,94.930113545,2.182296,34,v6,88000000ffffffffffffa8dd9f4dc5b5
9595,94.931207769,1.094224,34,v6,88000000ffffffffffffa8dd9f4dc5b5
9596,94.931972829,0.765060,34,v6,88000000ffffffffffffa8dd9f4dc5b5
9597,94.934143232,2.170403,34,v6,88000000ffffffffffffa8dd9f4dc5b5
9598,94.935176953,1.033721,34,v6,88000000ffffffffffffa8dd9f4dc5b5
9599,94.936035991,0.859038,34,v6,88000000ffffffffffffa8dd9f4dc5b5
9600,94.937053879,1.017888,34,v6,88000000ffffffffffffa8dd9f4dc5b5
9601,94.938049324,0.995445,34,v6,88000000ffffffffffffa8dd9f4dc5b5
9602,95.287935513,349.886189,34,v6,88000000ffffffffffffa8dd9f4dc5b5
9603,95.289915282,1.979769,34,v6,88000000ffffffffffffa8dd9f4dc5b5
9604,95.290726377,0.811095,34,v6,88000000ffffffffffffa8dd9f4dc5b5
9605,95.292044931,1.318554,34,v6,88000000ffffffffffffa8dd9f4dc5b5
9606,95.292737595,0.692664,34,v6,88000000ffffffffffffa8dd9f4dc5b5
9607,95.294006122,1.268527,34,v6,88000000ffffffffffffa8dd9f4dc5b5
9608,95.294934261,0.928139,34,v6,88000000ffffffffffffa8dd9f4dc5b5
9609,95.296843820,1.909559,34,v6,88000000ffffffffffffa8dd9f4dc5b5
9610,95.297785159,0.941339,34,v6,88000000ffffffffffffa8dd9f4dc5b5
9611,95.298868867,1.083708,34,v6,88000000ffffffffffffa8dd9f4dc5b5
9612,95.299923200,1.054333,34,v6,88000000ffffffffffffa8dd9f4dc5b5
9613,95.300888369,0.965169,34,v6,88000000ffffffffffffa8dd9f4dc5b5
9614,95.302013852,1.125483,34,v6,88000000ffffffffffffa8dd9f4dc5b5
9615,95.303088904,1.075052,34,v6,88000000ffffffffffffa8dd9f4dc5b5
9616,95.303894843,0.805939,34,v6,88000000ffffffffffffa8dd9f4dc5b5
9617,95.306099946,2.205103,34,v6,88000000ffffffffffffa8dd9f4dc5b5
9618,95.306210134,0.110188,34,v6,88000000ffffffffffffa8dd9f4dc5b5
9619,95.307829623,1.619489,34,v6,88000000ffffffffffffa8dd9f4dc5b5
9620,95.308950867,1.121244,34,v6,88000000ffffffffffffa8dd9f4dc5b5
9621,95.310004375,1.053508,34,v6,88000000ffffffffffffa8dd9f4dc5b5
9622,95.310853333,0.848958,34,v6,88000000ffffffffffffa8dd9f4dc5b5
9623,95.312208760,1.355427,34,v6,88000000ffffffffffffa8dd9f4dc5b5
9624,95.313314264,1.105504,34,v6,88000000ffffffffffffa8dd9f4dc5b5
9625,95.314400881,1.086617,34,v6,88000000ffffffffffffa8dd9f4dc5b5
9626,95.315958174,1.557293,34,v6,88000000ffffffffffffa8dd9f4dc5b5
9627,95.316091409,0.133235,34,v6,88000000ffffffffffffa8dd9f4dc5b5
9628,95.318414452,2.323043,34,v6,88000000ffffffffffffa8dd9f4dc5b5
9629,95.319153953,0.739501,34,v6,88000000ffffffffffffa8dd9f4dc5b5
9630,95.320159510,1.005557,34,v6,88000000ffffffffffffa8dd9f4dc5b5
9631,95.321232582,1.073072,34,v6,88000000ffffffffffffa8dd9f4dc5b5
9632,95.322136014,0.903432,34,v6,88000000ffffffffffffa8dd9f4dc5b5
9633,95.323380302,1.244288,34,v6,88000000ffffffffffffa8dd9f4dc5b5
9634,95.325309329,1.929027,34,v6,88000000ffffffffffffa8dd9f4dc5b5
9635,95.326287276,0.977947,34,v6,88000000ffffffffffffa8dd9f4dc5b5
9636,95.327392801,1.105525,34,v6,88000000ffffffffffffa8dd9f4dc5b5
9637,95.328188302,0.795501,34,v6,88000000ffffffffffffa8dd9f4dc5b5
9638,95.329132632,0.944330,34,v6,88000000ffffffffffffa8dd9f4dc5b5
9639,95.330367814,1.235182,34,v6,88000000ffffffffffffa8dd9f4dc5b5
9640,95.331409516,1.041702,34,v6,88000000ffffffffffffa8dd9f4dc5b5
9641,95.333355307,1.945791,34,v6,88000000ffffffffffffa8dd9f4dc5b5
9642,95.333499737,0.144430,34,v6,88000000ffffffffffffa8dd9f4dc5b5
9643,95.335402201,1.902464,34,v6,88000000ffffffffffffa8dd9f4dc5b5
9644,95.336430739,1.028538,34,v6,88000000ffffffffffffa8dd9f4dc5b5
9645,95.338455287,2.024548,34,v6,88000000ffffffffffffa8dd9f4dc5b5
9646,95.339666091,1.210804,34,v6,88000000ffffffffffffa8dd9f4dc5b5
9647,95.340660948,0.994857,34,v6,88000000ffffffffffffa8dd9f4dc5b5
9648,95.341458533,0.797585,34,v6,88000000ffffffffffffa8dd9f4dc5b5
9649,95.343625334,2.166801,34,v6,88000000ffffffffffffa8dd9f4dc5b5
9650,95.344625414,1.000080,34,v6,88000000ffffffffffffa8dd9f4dc5b5
9651,95.345618021,0.992607,34,v6,88000000ffffffffffffa8dd9f4dc5b5
9652,95.346494107,0.876086,34,v6,88000000ffffffffffffa8dd9f4dc5b5
9653,95.347578282,1.084175,34,v6,88000000ffffffffffffa8dd9f4dc5b5
9654,95.348773346,1.195064,34,v6,88000000ffffffffffffa8dd9f4dc5b5
9655,95.349653926,0.880580,34,v6,88000000ffffffffffffa8dd9f4dc5b5
9656,95.350628550,0.974624,34,v6,88000000ffffffffffffa8dd9f4dc5b5
9657,95.352610717,1.982167,34,v6,88000000ffffffffffffa8dd9f4dc5b5
9658,95.353779849,1.169132,34,v6,88000000ffffffffffffa8dd9f4dc5b5
9659,95.353838647,0.058798,34,v6,88000000ffffffffffffa8dd9f4dc5b5
9660,95.355792359,1.953712,34,v6,88000000ffffffffffffa8dd9f4dc5b5
9661,95.356748916,0.956557,34,v6,88000000ffffffffffffa8dd9f4dc5b5
9662,95.357794812,1.045896,34,v6,88000000ffffffffffffa8dd9f4dc5b5
9663,95.359039345,1.244533,34,v6,88000000ffffffffffffa8dd9f4dc5b5
9664,95.359863822,0.824477,34,v6,88000000ffffffffffffa8dd9f4dc5b5
9665,95.360919047,1.055225,34,v6,88000000ffffffffffffa8dd9f4dc5b5
9666,95.361834648,0.915601,34,v6,88000000ffffffffffffa8dd9f4dc5b5
9667,95.362916006,1.081358,34,v6,88000000ffffffffffffa8dd9f4dc5b5
9668,95.364809876,1.893870,34,v6,88000000ffffffffffffa8dd9f4dc5b5
9669,95.365724152,0.914276,34,v6,88000000ffffffffffffa8dd9f4dc5b5
9670,95.366733242,1.009090,34,v6,88000000ffffffffffffa8dd9f4dc5b5
9671,95.367955032,1.221790,34,v6,88000000ffffffffffffa8dd9f4dc5b5
9672,95.369157054,1.202022,34,v6,88000000ffffffffffffa8dd9f4dc5b5
9673,95.371056708,1.899654,34,v6,88000000ffffffffffffa8dd9f4dc5b5
9674,95.371979088,0.922380,34,v6,88000000ffffffffffffa8dd9f4dc5b5
9675,95.373097392,1.118304,34,v6,88000000ffffffffffffa8dd9f4dc5b5
9676,95.374072077,0.974685,34,v6,88000000ffffffffffffa8dd9f4dc5b5
9677,95.375219658,1.147581,34,v6,88000000ffffffffffffa8dd9f4dc5b5
9678,95.376322022,1.102364,34,v6,88000000ffffffffffffa8dd9f4dc5b5
9679,95.376962773,0.640751,34,v6,88000000ffffffffffffa8dd9f4dc5b5
9680,95.378110629,1.147856,34,v6,88000000ffffffffffffa8dd9f4dc5b5
9681,95.380323531,2.212902,34,v6,88000000ffffffffffffa8dd9f4dc5b5
9682,95.381029194,0.705663,34,v6,88000000ffffffffffffa8dd9f4dc5b5
9683,95.382117207,1.088013,34,v6,88000000ffffffffffffa8dd9f4dc5b5
9684,95.382996917,0.879710,34,v6,88000000ffffffffffffa8dd9f4dc5b5
9685,95.384114862,1.117945,34,v6,88000000ffffffffffffa8dd9f4dc5b5
9686,95.385178594,1.063732,34,v6,88000000ffffffffffffa8dd9f4dc5b5
9687,95.386053020,0.874426,34,v6,88000000ffffffffffffa8dd9f4dc5b5
9688,95.387076724,1.023704,34,v6,88000000ffffffffffffa8dd9f4dc5b5
9689,95.388113839,1.037115,34,v6,88000000ffffffffffffa8dd9f4dc5b5
9690,95.389166721,1.052882,34,v6,88000000ffffffffffffa8dd9f4dc5b5
9691,95.390172497,1.005776,34,v6,88000000ffffffffffffa8dd9f4dc5b5
9692,95.392178057,2.005560,34,v6,88000000ffffffffffffa8dd9f4dc5b5
9693,95.393391044,1.212987,34,v6,88000000ffffffffffffa8dd9f4dc5b5
9694,95.394419928,1.028884,34,v6,88000000ffffffffffffa8dd9f4dc5b5
9695,95.395403278,0.983350,34,v6,88000000ffffffffffffa8dd9f4dc5b5
9696,95.396526868,1.123590,34,v6,88000000ffffffffffffa8dd9f4dc5b5
9697,95.398474444,1.947576,34,v6,88000000ffffffffffffa8dd9f4dc5b5
9698,95.399470615,0.996171,34,v6,88000000ffffffffffffa8dd9f4dc5b5
9699,95.400327085,0.856470,34,v6,88000000ffffffffffffa8dd9f4dc5b5
9700,95.401499562,1.172477,34,v6,88000000ffffffffffffa8dd9f4dc5b5
9701,95.402422708,0.923146,34,v6,88000000ffffffffffffa8dd9f4dc5b5
9702,95.730576897,328.154189,34,v6,88000000ffffffffffffa8dd9f4dc5b5
9703,95.731672781,1.095884,34,v6,88000000ffffffffffffa8dd9f4dc5b5
9704,95.732893915,1.221134,34,v6,88000000ffffffffffffa8dd9f4dc5b5
9705,95.734036836,1.142921,34,v6,88000000ffffffffffffa8dd9f4dc5b5
9706,95.734735797,0.698961,34,v6,88000000ffffffffffffa8dd9f4dc5b5
9707,95.735827629,1.091832,34,v6,88000000ffffffffffffa8dd9f4dc5b5
9708,95.736943379,1.115750,34,v6,88000000ffffffffffffa8dd9f4dc5b5
9709,95.738035532,1.092153,34,v6,88000000ffffffffffffa8dd9f4dc5b5
9710,95.738902099,0.866567,34,v6,88000000ffffffffffffa8dd9f4dc5b5
9711,95.739728807,0.826708,34,v6,88000000ffffffffffffa8dd9f4dc5b5
9712,95.740814743,1.085936,34,v6,88000000ffffffffffffa8dd9f4dc5b5
9713,95.741978334,1.163591,34,v6,88000000ffffffffffffa8dd9f4dc5b5
9714,95.742846536,0.868202,34,v6,88000000ffffffffffffa8dd9f4dc5b5
9715,95.743963031,1.116495,34,v6,88000000ffffffffffffa8dd9f4dc5b5
9716,95.745139441,1.176410,34,v6,88000000ffffffffffffa8dd9f4dc5b5
9717,95.745984019,0.844578,34,v6,88000000ffffffffffffa8dd9f4dc5b5
9718,95.746968074,0.984055,34,v6,88000000ffffffffffffa8dd9f4dc5b5
9719,95.748040449,1.072375,34,v6,88000000ffffffffffffa8dd9f4dc5b5
9720,95.749046191,1.005742,34,v6,88000000ffffffffffffa8dd9f4dc5b5
9721,95.749892320,0.846129,34,v6,88000000ffffffffffffa8dd9f4dc5b5
9722,95.752258612,2.366292,34,v6,88000000ffffffffffffa8dd9f4dc5b5
9723,95.753343140,1.084528,34,v6,88000000ffffffffffffa8dd9f4dc5b5
9724,95.753930254,0.587114,34,v6,88000000ffffffffffffa8dd9f4dc5b5
9725,95.754859366,0.929112,34,v6,88000000ffffffffffffa8dd9f4dc5b5
9726,95.755964697,1.105331,34,v6,88000000ffffffffffffa8dd9f4dc5b5
9727,95.757278949,1.314252,34,v6,88000000ffffffffffffa8dd9f4dc5b5
9728,95.757416572,0.137623,34,v6,88000000ffffffffffffa8dd9f4dc5b5
9729,95.759048455,1.631883,34,v6,88000000ffffffffffffa8dd9f4dc5b5
9730,95.760087958,1.039503,34,v6,88000000ffffffffffffa8dd9f4dc5b5
9731,95.760232165,0.144207,34,v6,88000000ffffffffffffa8dd9f4dc5b5
9732,95.762244404,2.012239,34,v6,88000000ffffffffffffa8dd9f4dc5b5
9733,95.762338188,0.093784,34,v6,88000000ffffffffffffa8dd9f4dc5b5
9734,95.764109157,1.770969,34,v6,88000000ffffffffffffa8dd9f4dc5b5
9735,95.765217594,1.108437,34,v6,88000000ffffffffffffa8dd9f4dc5b5
9736,95.766095968,0.878374,34,v6,88000000ffffffffffffa8dd9f4dc5b5
9737,95.767156853,1.060885,34,v6,88000000ffffffffffffa8dd9f4dc5b5
9738,95.768061738,0.904885,34,v6,88000000ffffffffffffa8dd9f4dc5b5
9739,95.769108267,1.046529,34,v6,88000000ffffffffffffa8dd9f4dc5b5
9740,95.770325450,1.217183,34,v6,88000000ffffffffffffa8dd9f4dc5b5
9741,95.771393657,1.068207,34,v6,88000000ffffffffffffa8dd9f4dc5b5
9742,95.772295480,0.901823,34,v6,88000000ffffffffffffa8dd9f4dc5b5
9743,95.773244962,0.949482,34,v6,88000000ffffffffffffa8dd9f4dc5b5
9744,95.774231527,0.986565,34,v6,88000000ffffffffffffa8dd9f4dc5b5
9745,95.775215894,0.984367,34,v6,88000000ffffffffffffa8dd9f4dc5b5
9746,95.776272357,1.056463,34,v6,88000000ffffffffffffa8dd9f4dc5b5
9747,95.777311191,1.038834,34,v6,88000000ffffffffffffa8dd9f4dc5b5
9748,95.778337282,1.026091,34,v6,88000000ffffffffffffa8dd9f4dc5b5
9749,95.779243599,0.906317,34,v6,88000000ffffffffffffa8dd9f4dc5b5
9750,95.780354229,1.110630,34,v6,88000000ffffffffffffa8dd9f4dc5b5
9751,95.781405284,1.051055,34,v6,88000000ffffffffffffa8dd9f4dc5b5
9752,95.782463401,1.058117,34,v6,88000000ffffffffffffa8dd9f4dc5b5
9753,95.783602985,1.139584,34,v6,88000000ffffffffffffa8dd9f4dc5b5
9754,95.784536985,0.934000,34,v6,88000000ffffffffffffa8dd9f4dc5b5
9755,95.785584534,1.047549,34,v6,88000000ffffffffffffa8dd9f4dc5b5
9756,95.786535936,0.951402,34,v6,88000000ffffffffffffa8dd9f4dc5b5
9757,95.787515181,0.979245,34,v6,88000000ffffffffffffa8dd9f4dc5b5
9758,95.788542386,1.027205,34,v6,88000000ffffffffffffa8dd9f4dc5b5
9759,95.789711280,1.168894,34,v6,88000000ffffffffffffa8dd9f4dc5b5
9760,95.791658310,1.947030,34,v6,88000000ffffffffffffa8dd9f4dc5b5
9761,95.791841814,0.183504,34,v6,88000000ffffffffffffa8dd9f4dc5b5
9762,95.792675942,0.834128,34,v6,88000000ffffffffffffa8dd9f4dc5b5
9763,95.794644674,1.968732,34,v6,88000000ffffffffffffa8dd9f4dc5b5
9764,95.794772278,0.127604,34,v6,88000000ffffffffffffa8dd9f4dc5b5
9765,95.795588533,0.816255,34,v6,88000000ffffffffffffa8dd9f4dc5b5
9766,95.796817185,1.228652,34,v6,88000000ffffffffffffa8dd9f4dc5b5
9767,95.797974997,1.157812,34,v6,88000000ffffffffffffa8dd9f4dc5b5
9768,95.799667687,1.692690,34,v6,88000000ffffffffffffa8dd9f4dc5b5
9769,95.800719471,1.051784,34,v6,88000000ffffffffffffa8dd9f4dc5b5
9770,95.800795536,0.076065,34,v6,88000000ffffffffffffa8dd9f4dc5b5
9771,95.802765018,1.969482,34,v6,88000000ffffffffffffa8dd9f4dc5b5
9772,95.803678921,0.913903,34,v6,88000000ffffffffffffa8dd9f4dc5b5
9773,95.804757886,1.078965,34,v6,88000000ffffffffffffa8dd9f4dc5b5
9774,95.806011827,1.253941,34,v6,88000000ffffffffffffa8dd9f4dc5b5
9775,95.807046583,1.034756,34,v6,88000000ffffffffffffa8dd9f4dc5b5
9776,95.807943356,0.896773,34,v6,88000000ffffffffffffa8dd9f4dc5b5
9777,95.809079063,1.135707,34,v6,88000000ffffffffffffa8dd9f4dc5b5
9778,95.809823925,0.744862,34,v6,88000000ffffffffffffa8dd9f4dc5b5
9779,95.810853660,1.029735,34,v6,88000000ffffffffffffa8dd9f4dc5b5
9780,95.812058981,1.205321,34,v6,88000000ffffffffffffa8dd9f4dc5b5
9781,95.812866058,0.807077,34,v6,88000000ffffffffffffa8dd9f4dc5b5
9782,95.814219418,1.353360,34,v6,88000000ffffffffffffa8dd9f4dc5b5
9783,95.815028408,0.808990,34,v6,88000000ffffffffffffa8dd9f4dc5b5
9784,95.816035576,1.007168,34,v6,88000000ffffffffffffa8dd9f4dc5b5
9785,95.817392386,1.356810,34,v6,88000000ffffffffffffa8dd9f4dc5b5
9786,95.817890124,0.497738,34,v6,88000000ffffffffffffa8dd9f4dc5b5
9787,95.820417282,2.527158,34,v6,88000000ffffffffffffa8dd9f4dc5b5
9788,95.822140172,1.722890,34,v6,88000000ffffffffffffa8dd9f4dc5b5
9789,95.822286189,0.146017,34,v6,88000000ffffffffffffa8dd9f4dc5b5
9790,95.823115147,0.828958,34,v6,88000000ffffffffffffa8dd9f4dc5b5
9791,95.825352116,2.236969,34,v6,88000000ffffffffffffa8dd9f4dc5b5
9792,95.825502107,0.149991,34,v6,88000000ffffffffffffa8dd9f4dc5b5
9793,95.826991149,1.489042,34,v6,88000000ffffffffffffa8dd9f4dc5b5
9794,95.828130864,1.139715,34,v6,88000000ffffffffffffa8dd9f4dc5b5
9795,95.828888674,0.757810,34,v6,88000000ffffffffffffa8dd9f4dc5b5
9796,95.830108146,1.219472,34,v6,88000000ffffffffffffa8dd9f4dc5b5
9797,95.831035826,0.927680,34,v6,88000000ffffffffffffa8dd9f4dc5b5
9798,95.832039246,1.003420,34,v6,88000000ffffffffffffa8dd9f4dc5b5
9799,95.833164186,1.124940,34,v6,88000000ffffffffffffa8dd9f4dc5b5
9800,95.834098162,0.933976,34,v6,88000000ffffffffffffa8dd9f4dc5b5
9801,95.835342738,1.244576,34,v6,88000000ffffffffffffa8dd9f4dc5b5
9802,96.173632887,338.290149,34,v6,88000000ffffffffffffa8dd9f4dc5b5
9803,96.175954461,2.321574,34,v6,88000000ffffffffffffa8dd9f4dc5b5
9804,96.176775993,0.821532,34,v6,88000000ffffffffffffa8dd9f4dc5b5
9805,96.177778109,1.002116,34,v6,88000000ffffffffffffa8dd9f4dc5b5
9806,96.178748130,0.970021,34,v6,88000000ffffffffffffa8dd9f4dc5b5
9807,96.179711627,0.963497,34,v6,88000000ffffffffffffa8dd9f4dc5b5
9808,96.180730028,1.018401,34,v6,88000000ffffffffffffa8dd9f4dc5b5
9809,96.181713692,0.983664,34,v6,88000000ffffffffffffa8dd9f4dc5b5
9810,96.182836768,1.123076,34,v6,88000000ffffffffffffa8dd9f4dc5b5
9811,96.184806565,1.969797,34,v6,88000000ffffffffffffa8dd9f4dc5b5
9812,96.184913534,0.106969,34,v6,88000000ffffffffffffa8dd9f4dc5b5
9813,96.186969108,2.055574,34,v6,88000000ffffffffffffa8dd9f4dc5b5
9814,96.188041519,1.072411,34,v6,88000000ffffffffffffa8dd9f4dc5b5
9815,96.188931410,0.889891,34,v6,88000000ffffffffffffa8dd9f4dc5b5
9816,96.189053346,0.121936,34,v6,88000000ffffffffffffa8dd9f4dc5b5
9817,96.191080057,2.026711,34,v6,88000000ffffffffffffa8dd9f4dc5b5
9818,96.191873470,0.793413,34,v6,88000000ffffffffffffa8dd9f4dc5b5
9819,96.193088788,1.215318,34,v6,88000000ffffffffffffa8dd9f4dc5b5
9820,96.193834321,0.745533,34,v6,88000000ffffffffffffa8dd9f4dc5b5
9821,96.194740499,0.906178,34,v6,88000000ffffffffffffa8dd9f4dc5b5
9822,96.195977576,1.237077,34,v6,88000000ffffffffffffa8dd9f4dc5b5
9823,96.197074785,1.097209,34,v6,88000000ffffffffffffa8dd9f4dc5b5
9824,96.198016402,0.941617,34,v6,88000000ffffffffffffa8dd9f4dc5b5
9825,96.198946085,0.929683,34,v6,88000000ffffffffffffa8dd9f4dc5b5
9826,96.200010318,1.064233,34,v6,88000000ffffffffffffa8dd9f4dc5b5
9827,96.200966569,0.956251,34,v6,88000000ffffffffffffa8dd9f4dc5b5
9828,96.202153576,1.187007,34,v6,88000000ffffffffffffa8dd9f4dc5b5
9829,96.204000888,1.847312,34,v6,88000000ffffffffffffa8dd9f4dc5b5
9830,96.204149324,0.148436,34,v6,88000000ffffffffffffa8dd9f4dc5b5
9831,96.206091333,1.942009,34,v6,88000000ffffffffffffa8dd9f4dc5b5
9832,96.207167004,1.075671,34,v6,88000000ffffffffffffa8dd9f4dc5b5
9833,96.208058115,0.891111,34,v6,88000000ffffffffffffa8dd9f4dc5b5
9834,96.209060274,1.002159,34,v6,88000000ffffffffffffa8dd9f4dc5b5
9835,96.210150622,1.090348,34,v6,88000000ffffffffffffa8dd9f4dc5b5
9836,96.211202159,1.051537,34,v6,88000000ffffffffffffa8dd9f4dc5b5
9837,96.212192263,0.990104,34,v6,88000000ffffffffffffa8dd9f4dc5b5
9838,96.213118072,0.925809,34,v6,88000000ffffffffffffa8dd9f4dc5b5
9839,96.214207513,1.089441,34,v6,88000000ffffffffffffa8dd9f4dc5b5
9840,96.215248010,1.040497,34,v6,88000000ffffffffffffa8dd9f4dc5b5
9841,96.216153660,0.905650,34,v6,88000000ffffffffffffa8dd9f4dc5b5
9842,96.217107364,0.953704,34,v6,88000000ffffffffffffa8dd9f4dc5b5
9843,96.218096815,0.989451,34,v6,88000000ffffffffffffa8dd9f4dc5b5
9844,96.219132233,1.035418,34,v6,88000000ffffffffffffa8dd9f4dc5b5
9845,96.220321051,1.188818,34,v6,88000000ffffffffffffa8dd9f4dc5b5
9846,96.221267921,0.946870,34,v6,88000000ffffffffffffa8dd9f4dc5b5
9847,96.222358601,1.090680,34,v6,88000000ffffffffffffa8dd9f4dc5b5
9848,96.223329864,0.971263,34,v6,88000000ffffffffffffa8dd9f4dc5b5
9849,96.225398258,2.068394,34,v6,88000000ffffffffffffa8dd9f4dc5b5
9850,96.225512692,0.114434,34,v6,88000000ffffffffffffa8dd9f4dc5b5
9851,96.227336580,1.823888,34,v6,88000000ffffffffffffa8dd9f4dc5b5
9852,96.227446121,0.109541,34,v6,88000000ffffffffffffa8dd9f4dc5b5
9853,96.228444762,0.998641,34,v6,88000000ffffffffffffa8dd9f4dc5b5
9854,96.230375451,1.930689,34,v6,88000000ffffffffffffa8dd9f4dc5b5
9855,96.230475159,0.099708,34,v6,88000000ffffffffffffa8dd9f4dc5b5
9856,96.231463970,0.988811,34,v6,88000000ffffffffffffa8dd9f4dc5b5
9857,96.233528775,2.064805,34,v6,88000000ffffffffffffa8dd9f4dc5b5
9858,96.234426315,0.897540,34,v6,88000000ffffffffffffa8dd9f4dc5b5
9859,96.235511325,1.085010,34,v6,88000000ffffffffffffa8dd9f4dc5b5
9860,96.236572991,1.061666,34,v6,88000000ffffffffffffa8dd9f4dc5b5
9861,96.237733109,1.160118,34,v6,88000000ffffffffffffa8dd9f4dc5b5
9862,96.238402831,0.669722,34,v6,88000000ffffffffffffa8dd9f4dc5b5
9863,96.239851797,1.448966,34,v6,88000000ffffffffffffa8dd9f4dc5b5
9864,96.240923350,1.071553,34,v6,88000000ffffffffffffa8dd9f4dc5b5
9865,96.241657828,0.734478,34,v6,88000000ffffffffffffa8dd9f4dc5b5
9866,96.242737660,1.079832,34,v6,88000000ffffffffffffa8dd9f4dc5b5
9867,96.243524629,0.786969,34,v6,88000000ffffffffffffa8dd9f4dc5b5
9868,96.244802913,1.278284,34,v6,88000000ffffffffffffa8dd9f4dc5b5
9869,96.245744009,0.941096,34,v6,88000000ffffffffffffa8dd9f4dc5b5
9870,96.246818305,1.074296,34,v6,88000000ffffffffffffa8dd9f4dc5b5
9871,96.247807796,0.989491,34,v6,88000000ffffffffffffa8dd9f4dc5b5
9872,96.248915448,1.107652,34,v6,88000000ffffffffffffa8dd9f4dc5b5
9873,96.249874388,0.958940,34,v6,88000000ffffffffffffa8dd9f4dc5b5
9874,96.250841406,0.967018,34,v6,88000000ffffffffffffa8dd9f4dc5b5
9875,96.251837636,0.996230,34,v6,88000000ffffffffffffa8dd9f4dc5b5
9876,96.252898673,1.061037,34,v6,88000000ffffffffffffa8dd9f4dc5b5
9877,96.253915718,1.017045,34,v6,88000000ffffffffffffa8dd9f4dc5b5
9878,96.254995095,1.079377,34,v6,88000000ffffffffffffa8dd9f4dc5b5
9879,96.255974691,0.979596,34,v6,88000000ffffffffffffa8dd9f4dc5b5
9880,96.257846973,1.872282,34,v6,88000000ffffffffffffa8dd9f4dc5b5
9881,96.257977954,0.130981,34,v6,88000000ffffffffffffa8dd9f4dc5b5
9882,96.259967430,1.989476,34,v6,88000000ffffffffffffa8dd9f4dc5b5
9883,96.261066142,1.098712,34,v6,88000000ffffffffffffa8dd9f4dc5b5
9884,96.262008568,0.942426,34,v6,88000000ffffffffffffa8dd9f4dc5b5
9885,96.263078715,1.070147,34,v6,88000000ffffffffffffa8dd9f4dc5b5
9886,96.263143214,0.064499,34,v6,88000000ffffffffffffa8dd9f4dc5b5
9887,96.265130158,1.986944,34,v6,88000000ffffffffffffa8dd9f4dc5b5
9888,96.265209465,0.079307,34,v6,88000000ffffffffffffa8dd9f4dc5b5
9889,96.267217466,2.008001,34,v6,88000000ffffffffffffa8dd9f4dc5b5
9890,96.268019735,0.802269,34,v6,88000000ffffffffffffa8dd9f4dc5b5
9891,96.269160921,1.141186,34,v6,88000000ffffffffffffa8dd9f4dc5b5
9892,96.270279522,1.118601,34,v6,88000000ffffffffffffa8dd9f4dc5b5
9893,96.271015191,0.735669,34,v6,88000000ffffffffffffa8dd9f4dc5b5
9894,96.272318138,1.302947,34,v6,88000000ffffffffffffa8dd9f4dc5b5
9895,96.273307355,0.989217,34,v6,88000000ffffffffffffa8dd9f4dc5b5
9896,96.274013968,0.706613,34,v6,88000000ffffffffffffa8dd9f4dc5b5
9897,96.275036546,1.022578,34,v6,88000000ffffffffffffa8dd9f4dc5b5
9898,96.275963472,0.926926,34,v6,88000000ffffffffffffa8dd9f4dc5b5
9899,96.277164004,1.200532,34,v6,88000000ffffffffffffa8dd9f4dc5b5
9900,96.278197123,1.033119,34,v6,88000000ffffffffffffa8dd9f4dc5b5
9901,96.279449731,1.252608,34,v6,88000000ffffffffffffa8dd9f4dc5b5
9902,99.547768926,3268.319195,99,v6,1c000000aadd9f4dc5b5687999050000
9903,106.258332417,6710.563491,99,v6,1c000000aadd9f4dc5b568ddff050000
