idx,t_rel_s,delta_ms,len,version,payload_prefix
1,4.693454929,NaN,30,v4,88000000ffffffffffffa8dd9f4dc5b5
2,4.704771339,11.316410,30,v4,88000000ffffffffffffa8dd9f4dc5b5
3,4.717115008,12.343669,30,v4,88000000ffffffffffffa8dd9f4dc5b5
4,4.725303995,8.188987,30,v4,88000000ffffffffffffa8dd9f4dc5b5
5,4.736502487,11.198492,30,v4,88000000ffffffffffffa8dd9f4dc5b5
6,4.746645545,10.143058,30,v4,88000000ffffffffffffa8dd9f4dc5b5
7,4.756846130,10.200585,30,v4,88000000ffffffffffffa8dd9f4dc5b5
8,4.768232920,11.386790,30,v4,88000000ffffffffffffa8dd9f4dc5b5
9,4.779609906,11.376986,30,v4,88000000ffffffffffffa8dd9f4dc5b5
10,4.789354282,9.744376,30,v4,88000000ffffffffffffa8dd9f4dc5b5
11,4.799515585,10.161303,30,v4,88000000ffffffffffffa8dd9f4dc5b5
12,4.810774846,11.259261,30,v4,88000000ffffffffffffa8dd9f4dc5b5
13,4.822947860,12.173014,30,v4,88000000ffffffffffffa8dd9f4dc5b5
14,4.833204404,10.256544,30,v4,88000000ffffffffffffa8dd9f4dc5b5
15,4.844355777,11.151373,30,v4,88000000ffffffffffffa8dd9f4dc5b5
16,4.854597046,10.241269,30,v4,88000000ffffffffffffa8dd9f4dc5b5
17,4.864638063,10.041017,30,v4,88000000ffffffffffffa8dd9f4dc5b5
18,4.875858725,11.220662,30,v4,88000000ffffffffffffa8dd9f4dc5b5
19,4.887349059,11.490334,30,v4,88000000ffffffffffffa8dd9f4dc5b5
20,4.897312905,9.963846,30,v4,88000000ffffffffffffa8dd9f4dc5b5
21,4.908541371,11.228466,30,v4,88000000ffffffffffffa8dd9f4dc5b5
22,4.918462343,9.920972,30,v4,88000000ffffffffffffa8dd9f4dc5b5
23,4.929850793,11.388450,30,v4,88000000ffffffffffffa8dd9f4dc5b5
24,4.939838281,9.987488,30,v4,88000000ffffffffffffa8dd9f4dc5b5
25,4.951980682,12.142401,30,v4,88000000ffffffffffffa8dd9f4dc5b5
26,4.962328958,10.348276,30,v4,88000000ffffffffffffa8dd9f4dc5b5
27,4.972293144,9.964186,30,v4,88000000ffffffffffffa8dd9f4dc5b5
28,4.983406208,11.113064,30,v4,88000000ffffffffffffa8dd9f4dc5b5
29,4.994573339,11.167131,30,v4,88000000ffffffffffffa8dd9f4dc5b5
30,5.004661637,10.088298,30,v4,88000000ffffffffffffa8dd9f4dc5b5
31,5.015822156,11.160519,30,v4,88000000ffffffffffffa8dd9f4dc5b5
32,5.026301971,10.479815,30,v4,88000000ffffffffffffa8dd9f4dc5b5
33,5.037255729,10.953758,30,v4,88000000ffffffffffffa8dd9f4dc5b5
34,5.047766198,10.510469,30,v4,88000000ffffffffffffa8dd9f4dc5b5
35,5.058559269,10.793071,30,v4,88000000ffffffffffffa8dd9f4dc5b5
36,5.069017278,10.458009,30,v4,88000000ffffffffffffa8dd9f4dc5b5
37,5.080947139,11.929861,30,v4,88000000ffffffffffffa8dd9f4dc5b5
38,5.091197005,10.249866,30,v4,88000000ffffffffffffa8dd9f4dc5b5
39,5.102361918,11.164913,30,v4,88000000ffffffffffffa8dd9f4dc5b5
40,5.112794282,10.432364,30,v4,88000000ffffffffffffa8dd9f4dc5b5
41,5.123742724,10.948442,30,v4,88000000ffffffffffffa8dd9f4dc5b5
42,5.133811822,10.069098,30,v4,88000000ffffffffffffa8dd9f4dc5b5
43,5.145072576,11.260754,30,v4,88000000ffffffffffffa8dd9f4dc5b5
44,5.156235326,11.162750,30,v4,88000000ffffffffffffa8dd9f4dc5b5
45,5.166315782,10.080456,30,v4,88000000ffffffffffffa8dd9f4dc5b5
46,5.176471850,10.156068,30,v4,88000000ffffffffffffa8dd9f4dc5b5
47,5.187821752,11.349902,30,v4,88000000ffffffffffffa8dd9f4dc5b5
48,5.197925557,10.103805,30,v4,88000000ffffffffffffa8dd9f4dc5b5
49,5.209974499,12.048942,30,v4,88000000ffffffffffffa8dd9f4dc5b5
50,5.220328547,10.354048,30,v4,88000000ffffffffffffa8dd9f4dc5b5
51,5.231365123,11.036576,30,v4,88000000ffffffffffffa8dd9f4dc5b5
52,5.242761992,11.396869,30,v4,88000000ffffffffffffa8dd9f4dc5b5
53,5.252609557,9.847565,30,v4,88000000ffffffffffffa8dd9f4dc5b5
54,5.262842156,10.232599,30,v4,88000000ffffffffffffa8dd9f4dc5b5
55,5.274047883,11.205727,30,v4,88000000ffffffffffffa8dd9f4dc5b5
56,5.284184299,10.136416,30,v4,88000000ffffffffffffa8dd9f4dc5b5
57,5.295447262,11.262963,30,v4,88000000ffffffffffffa8dd9f4dc5b5
58,5.305515794,10.068532,30,v4,88000000ffffffffffffa8dd9f4dc5b5
59,5.316799679,11.283885,30,v4,88000000ffffffffffffa8dd9f4dc5b5
60,5.326875320,10.075641,30,v4,88000000ffffffffffffa8dd9f4dc5b5
61,5.339222041,12.346721,30,v4,88000000ffffffffffffa8dd9f4dc5b5
62,5.349230182,10.008141,30,v4,88000000ffffffffffffa8dd9f4dc5b5
63,5.360365863,11.135681,30,v4,88000000ffffffffffffa8dd9f4dc5b5
64,5.370511643,10.145780,30,v4,88000000ffffffffffffa8dd9f4dc5b5
65,5.381811528,11.299885,30,v4,88000000ffffffffffffa8dd9f4dc5b5
66,5.391793733,9.982205,30,v4,88000000ffffffffffffa8dd9f4dc5b5
67,5.403026175,11.232442,30,v4,88000000ffffffffffffa8dd9f4dc5b5
68,5.413189400,10.163225,30,v4,88000000ffffffffffffa8dd9f4dc5b5
69,5.424399771,11.210371,30,v4,88000000ffffffffffffa8dd9f4dc5b5
70,5.434402485,10.002714,30,v4,88000000ffffffffffffa8dd9f4dc5b5
71,5.445639210,11.236725,30,v4,88000000ffffffffffffa8dd9f4dc5b5
72,5.455871250,10.232040,30,v4,88000000ffffffffffffa8dd9f4dc5b5
73,5.468198235,12.326985,30,v4,88000000ffffffffffffa8dd9f4dc5b5
74,5.478212795,10.014560,30,v4,88000000ffffffffffffa8dd9f4dc5b5
75,5.489320433,11.107638,30,v4,88000000ffffffffffffa8dd9f4dc5b5
76,5.499454929,10.134496,30,v4,88000000ffffffffffffa8dd9f4dc5b5
77,5.510704023,11.249094,30,v4,88000000ffffffffffffa8dd9f4dc5b5
78,5.521134323,10.430300,30,v4,88000000ffffffffffffa8dd9f4dc5b5
79,5.532149868,11.015545,30,v4,88000000ffffffffffffa8dd9f4dc5b5
80,5.542246614,10.096746,30,v4,88000000ffffffffffffa8dd9f4dc5b5
81,5.553679169,11.432555,30,v4,88000000ffffffffffffa8dd9f4dc5b5
82,5.563472760,9.793591,30,v4,88000000ffffffffffffa8dd9f4dc5b5
83,5.574862841,11.390081,30,v4,88000000ffffffffffffa8dd9f4dc5b5
84,5.584870820,10.007979,30,v4,88000000ffffffffffffa8dd9f4dc5b5
85,5.596988123,12.117303,30,v4,88000000ffffffffffffa8dd9f4dc5b5
86,5.607195289,10.207166,30,v4,88000000ffffffffffffa8dd9f4dc5b5
87,5.618369505,11.174216,30,v4,88000000ffffffffffffa8dd9f4dc5b5
88,5.628486915,10.117410,30,v4,88000000ffffffffffffa8dd9f4dc5b5
89,5.639786880,11.299965,30,v4,88000000ffffffffffffa8dd9f4dc5b5
90,5.650196234,10.409354,30,v4,88000000ffffffffffffa8dd9f4dc5b5
91,5.661189816,10.993582,30,v4,88000000ffffffffffffa8dd9f4dc5b5
92,5.671499024,10.309208,30,v4,88000000ffffffffffffa8dd9f4dc5b5
93,5.682401897,10.902873,30,v4,88000000ffffffffffffa8dd9f4dc5b5
94,5.692642336,10.240439,30,v4,88000000ffffffffffffa8dd9f4dc5b5
95,5.703749153,11.106817,30,v4,88000000ffffffffffffa8dd9f4dc5b5
96,5.713862101,10.112948,30,v4,88000000ffffffffffffa8dd9f4dc5b5
97,5.726544971,12.682870,30,v4,88000000ffffffffffffa8dd9f4dc5b5
98,5.736174003,9.629032,30,v4,88000000ffffffffffffa8dd9f4dc5b5
99,5.747369184,11.195181,30,v4,88000000ffffffffffffa8dd9f4dc5b5
100,5.757613624,10.244440,30,v4,88000000ffffffffffffa8dd9f4dc5b5
101,6.111992916,354.379292,30,v4,88000000ffffffffffffa8dd9f4dc5b5
102,6.121224816,9.231900,30,v4,88000000ffffffffffffa8dd9f4dc5b5
103,6.131431779,10.206963,30,v4,88000000ffffffffffffa8dd9f4dc5b5
104,6.142609594,11.177815,30,v4,88000000ffffffffffffa8dd9f4dc5b5
105,6.153216565,10.606971,30,v4,88000000ffffffffffffa8dd9f4dc5b5
106,6.164086123,10.869558,30,v4,88000000ffffffffffffa8dd9f4dc5b5
107,6.174170496,10.084373,30,v4,88000000ffffffffffffa8dd9f4dc5b5
108,6.184194339,10.023843,30,v4,88000000ffffffffffffa8dd9f4dc5b5
109,6.195440196,11.245857,30,v4,88000000ffffffffffffa8dd9f4dc5b5
110,6.205649932,10.209736,30,v4,88000000ffffffffffffa8dd9f4dc5b5
111,6.217115035,11.465103,30,v4,88000000ffffffffffffa8dd9f4dc5b5
112,6.229195614,12.080579,30,v4,88000000ffffffffffffa8dd9f4dc5b5
113,6.239147953,9.952339,30,v4,88000000ffffffffffffa8dd9f4dc5b5
114,6.249389779,10.241826,30,v4,88000000ffffffffffffa8dd9f4dc5b5
115,6.259901134,10.511355,30,v4,88000000ffffffffffffa8dd9f4dc5b5
116,6.270834697,10.933563,30,v4,88000000ffffffffffffa8dd9f4dc5b5
117,6.281233345,10.398648,30,v4,88000000ffffffffffffa8dd9f4dc5b5
118,6.291004523,9.771178,30,v4,88000000ffffffffffffa8dd9f4dc5b5
119,6.302287186,11.282663,30,v4,88000000ffffffffffffa8dd9f4dc5b5
120,6.312383534,10.096348,30,v4,88000000ffffffffffffa8dd9f4dc5b5
121,6.323519350,11.135816,30,v4,88000000ffffffffffffa8dd9f4dc5b5
122,6.333703897,10.184547,30,v4,88000000ffffffffffffa8dd9f4dc5b5
123,6.344036215,10.332318,30,v4,88000000ffffffffffffa8dd9f4dc5b5
124,6.355169480,11.133265,30,v4,88000000ffffffffffffa8dd9f4dc5b5
125,6.365184736,10.015256,30,v4,88000000ffffffffffffa8dd9f4dc5b5
126,6.377620902,12.436166,30,v4,88000000ffffffffffffa8dd9f4dc5b5
127,6.387647047,10.026145,30,v4,88000000ffffffffffffa8dd9f4dc5b5
128,6.397758760,10.111713,30,v4,88000000ffffffffffffa8dd9f4dc5b5
129,6.409082549,11.323789,30,v4,88000000ffffffffffffa8dd9f4dc5b5
130,6.418900586,9.818037,30,v4,88000000ffffffffffffa8dd9f4dc5b5
131,6.430191850,11.291264,30,v4,88000000ffffffffffffa8dd9f4dc5b5
132,6.440382578,10.190728,30,v4,88000000ffffffffffffa8dd9f4dc5b5
133,6.450501052,10.118474,30,v4,88000000ffffffffffffa8dd9f4dc5b5
134,6.461640376,11.139324,30,v4,88000000ffffffffffffa8dd9f4dc5b5
135,6.471866137,10.225761,30,v4,88000000ffffffffffffa8dd9f4dc5b5
136,6.483111657,11.245520,30,v4,88000000ffffffffffffa8dd9f4dc5b5
137,6.493242506,10.130849,30,v4,88000000ffffffffffffa8dd9f4dc5b5
138,6.504325367,11.082861,30,v4,88000000ffffffffffffa8dd9f4dc5b5
139,6.515507840,11.182473,30,v4,88000000ffffffffffffa8dd9f4dc5b5
140,6.525727444,10.219604,30,v4,88000000ffffffffffffa8dd9f4dc5b5
141,6.537165836,11.438392,30,v4,88000000ffffffffffffa8dd9f4dc5b5
142,6.546974236,9.808400,30,v4,88000000ffffffffffffa8dd9f4dc5b5
143,6.558082292,11.108056,30,v4,88000000ffffffffffffa8dd9f4dc5b5
144,6.568319163,10.236871,30,v4,88000000ffffffffffffa8dd9f4dc5b5
145,6.578431075,10.111912,30,v4,88000000ffffffffffffa8dd9f4dc5b5
146,6.589654562,11.223487,30,v4,88000000ffffffffffffa8dd9f4dc5b5
147,6.599879414,10.224852,30,v4,88000000ffffffffffffa8dd9f4dc5b5
148,6.611077949,11.198535,30,v4,88000000ffffffffffffa8dd9f4dc5b5
149,6.621753088,10.675139,30,v4,88000000ffffffffffffa8dd9f4dc5b5
150,6.631325053,9.571965,30,v4,88000000ffffffffffffa8dd9f4dc5b5
151,6.643709939,12.384886,30,v4,88000000ffffffffffffa8dd9f4dc5b5
152,6.655687279,11.977340,30,v4,88000000ffffffffffffa8dd9f4dc5b5
153,6.665078341,9.391062,30,v4,88000000ffffffffffffa8dd9f4dc5b5
154,6.675040766,9.962425,30,v4,88000000ffffffffffffa8dd9f4dc5b5
155,6.685310009,10.269243,30,v4,88000000ffffffffffffa8dd9f4dc5b5
156,6.696749939,11.439930,30,v4,88000000ffffffffffffa8dd9f4dc5b5
157,6.706505229,9.755290,30,v4,88000000ffffffffffffa8dd9f4dc5b5
158,6.717745734,11.240505,30,v4,88000000ffffffffffffa8dd9f4dc5b5
159,6.727791470,10.045736,30,v4,88000000ffffffffffffa8dd9f4dc5b5
160,6.738120385,10.328915,30,v4,88000000ffffffffffffa8dd9f4dc5b5
161,6.749703647,11.583262,30,v4,88000000ffffffffffffa8dd9f4dc5b5
162,6.759443559,9.739912,30,v4,88000000ffffffffffffa8dd9f4dc5b5
163,6.771508248,12.064689,30,v4,88000000ffffffffffffa8dd9f4dc5b5
164,6.781699840,10.191592,30,v4,88000000ffffffffffffa8dd9f4dc5b5
165,6.791816230,10.116390,30,v4,88000000ffffffffffffa8dd9f4dc5b5
166,6.803293294,11.477064,30,v4,88000000ffffffffffffa8dd9f4dc5b5
167,6.814009702,10.716408,30,v4,88000000ffffffffffffa8dd9f4dc5b5
168,6.824432793,10.423091,30,v4,88000000ffffffffffffa8dd9f4dc5b5
169,6.834493522,10.060729,30,v4,88000000ffffffffffffa8dd9f4dc5b5
170,6.845797272,11.303750,30,v4,88000000ffffffffffffa8dd9f4dc5b5
171,6.855856686,10.059414,30,v4,88000000ffffffffffffa8dd9f4dc5b5
172,6.866041225,10.184539,30,v4,88000000ffffffffffffa8dd9f4dc5b5
173,6.877296412,11.255187,30,v4,88000000ffffffffffffa8dd9f4dc5b5
174,6.887397451,10.101039,30,v4,88000000ffffffffffffa8dd9f4dc5b5
175,6.900980017,13.582566,30,v4,88000000ffffffffffffa8dd9f4dc5b5
176,6.909665098,8.685081,30,v4,88000000ffffffffffffa8dd9f4dc5b5
177,6.919820976,10.155878,30,v4,88000000ffffffffffffa8dd9f4dc5b5
178,6.931017586,11.196610,30,v4,88000000ffffffffffffa8dd9f4dc5b5
179,6.941444278,10.426692,30,v4,88000000ffffffffffffa8dd9f4dc5b5
180,6.952450936,11.006658,30,v4,88000000ffffffffffffa8dd9f4dc5b5
181,6.962403211,9.952275,30,v4,88000000ffffffffffffa8dd9f4dc5b5
182,6.972806423,10.403212,30,v4,88000000ffffffffffffa8dd9f4dc5b5
183,6.983771191,10.964768,30,v4,88000000ffffffffffffa8dd9f4dc5b5
184,6.994246579,10.475388,30,v4,88000000ffffffffffffa8dd9f4dc5b5
185,7.005189183,10.942604,30,v4,88000000ffffffffffffa8dd9f4dc5b5
186,7.015335826,10.146643,30,v4,88000000ffffffffffffa8dd9f4dc5b5
187,7.026611999,11.276173,30,v4,88000000ffffffffffffa8dd9f4dc5b5
188,7.037716142,11.104143,30,v4,88000000ffffffffffffa8dd9f4dc5b5
189,7.049225222,11.509080,30,v4,88000000ffffffffffffa8dd9f4dc5b5
190,7.059139148,9.913926,30,v4,88000000ffffffffffffa8dd9f4dc5b5
191,7.069436534,10.297386,30,v4,88000000ffffffffffffa8dd9f4dc5b5
192,7.080279139,10.842605,30,v4,88000000ffffffffffffa8dd9f4dc5b5
193,7.090583657,10.304518,30,v4,88000000ffffffffffffa8dd9f4dc5b5
194,7.101418686,10.835029,30,v4,88000000ffffffffffffa8dd9f4dc5b5
195,7.112124224,10.705538,30,v4,88000000ffffffffffffa8dd9f4dc5b5
196,7.122091938,9.967714,30,v4,88000000ffffffffffffa8dd9f4dc5b5
197,7.133214915,11.122977,30,v4,88000000ffffffffffffa8dd9f4dc5b5
198,7.143373692,10.158777,30,v4,88000000ffffffffffffa8dd9f4dc5b5
199,7.154703404,11.329712,30,v4,88000000ffffffffffffa8dd9f4dc5b5
200,7.165722330,11.018926,30,v4,88000000ffffffffffffa8dd9f4dc5b5
201,7.519392496,353.670166,30,v4,88000000ffffffffffffa8dd9f4dc5b5
202,7.528539456,9.146960,30,v4,88000000ffffffffffffa8dd9f4dc5b5
203,7.540504315,11.964859,30,v4,88000000ffffffffffffa8dd9f4dc5b5
204,7.551192944,10.688629,30,v4,88000000ffffffffffffa8dd9f4dc5b5
205,7.561151288,9.958344,30,v4,88000000ffffffffffffa8dd9f4dc5b5
206,7.571099431,9.948143,30,v4,88000000ffffffffffffa8dd9f4dc5b5
207,7.581302196,10.202765,30,v4,88000000ffffffffffffa8dd9f4dc5b5
208,7.592406114,11.103918,30,v4,88000000ffffffffffffa8dd9f4dc5b5
209,7.602539402,10.133288,30,v4,88000000ffffffffffffa8dd9f4dc5b5
210,7.612823522,10.284120,30,v4,88000000ffffffffffffa8dd9f4dc5b5
211,7.623975768,11.152246,30,v4,88000000ffffffffffffa8dd9f4dc5b5
212,7.634118400,10.142632,30,v4,88000000ffffffffffffa8dd9f4dc5b5
213,7.644627502,10.509102,30,v4,88000000ffffffffffffa8dd9f4dc5b5
214,7.654405432,9.777930,30,v4,88000000ffffffffffffa8dd9f4dc5b5
215,7.665591754,11.186322,30,v4,88000000ffffffffffffa8dd9f4dc5b5
216,7.676872974,11.281220,30,v4,88000000ffffffffffffa8dd9f4dc5b5
217,7.686984582,10.111608,30,v4,88000000ffffffffffffa8dd9f4dc5b5
218,7.698211964,11.227382,30,v4,88000000ffffffffffffa8dd9f4dc5b5
219,7.708329711,10.117747,30,v4,88000000ffffffffffffa8dd9f4dc5b5
220,7.719368875,11.039164,30,v4,88000000ffffffffffffa8dd9f4dc5b5
221,7.729848306,10.479431,30,v4,88000000ffffffffffffa8dd9f4dc5b5
222,7.740039903,10.191597,30,v4,88000000ffffffffffffa8dd9f4dc5b5
223,7.752959462,12.919559,30,v4,88000000ffffffffffffa8dd9f4dc5b5
224,7.761086778,8.127316,30,v4,88000000ffffffffffffa8dd9f4dc5b5
225,7.773163056,12.076278,30,v4,88000000ffffffffffffa8dd9f4dc5b5
226,7.784274019,11.110963,30,v4,88000000ffffffffffffa8dd9f4dc5b5
227,7.792912067,8.638048,30,v4,88000000ffffffffffffa8dd9f4dc5b5
228,7.804004240,11.092173,30,v4,88000000ffffffffffffa8dd9f4dc5b5
229,7.814871608,10.867368,30,v4,88000000ffffffffffffa8dd9f4dc5b5
230,7.825122781,10.251173,30,v4,88000000ffffffffffffa8dd9f4dc5b5
231,7.835531839,10.409058,30,v4,88000000ffffffffffffa8dd9f4dc5b5
232,7.846385545,10.853706,30,v4,88000000ffffffffffffa8dd9f4dc5b5
233,7.856648296,10.262751,30,v4,88000000ffffffffffffa8dd9f4dc5b5
234,7.866828294,10.179998,30,v4,88000000ffffffffffffa8dd9f4dc5b5
235,7.879771983,12.943689,30,v4,88000000ffffffffffffa8dd9f4dc5b5
236,7.888318652,8.546669,30,v4,88000000ffffffffffffa8dd9f4dc5b5
237,7.898559053,10.240401,30,v4,88000000ffffffffffffa8dd9f4dc5b5
238,7.909398849,10.839796,30,v4,88000000ffffffffffffa8dd9f4dc5b5
239,7.919557723,10.158874,30,v4,88000000ffffffffffffa8dd9f4dc5b5
240,7.929659226,10.101503,30,v4,88000000ffffffffffffa8dd9f4dc5b5
241,7.942054111,12.394885,30,v4,88000000ffffffffffffa8dd9f4dc5b5
242,7.952082537,10.028426,30,v4,88000000ffffffffffffa8dd9f4dc5b5
243,7.962639323,10.556786,30,v4,88000000ffffffffffffa8dd9f4dc5b5
244,7.973410115,10.770792,30,v4,88000000ffffffffffffa8dd9f4dc5b5
245,7.983621378,10.211263,30,v4,88000000ffffffffffffa8dd9f4dc5b5
246,7.993882949,10.261571,30,v4,88000000ffffffffffffa8dd9f4dc5b5
247,8.005006512,11.123563,30,v4,88000000ffffffffffffa8dd9f4dc5b5
248,8.014979240,9.972728,30,v4,88000000ffffffffffffa8dd9f4dc5b5
249,8.027192761,12.213521,30,v4,88000000ffffffffffffa8dd9f4dc5b5
250,8.035673806,8.481045,30,v4,88000000ffffffffffffa8dd9f4dc5b5
251,8.046988700,11.314894,30,v4,88000000ffffffffffffa8dd9f4dc5b5
252,8.057777390,10.788690,30,v4,88000000ffffffffffffa8dd9f4dc5b5
253,8.068874474,11.097084,30,v4,88000000ffffffffffffa8dd9f4dc5b5
254,8.079109894,10.235420,30,v4,88000000ffffffffffffa8dd9f4dc5b5
255,8.090347204,11.237310,30,v4,88000000ffffffffffffa8dd9f4dc5b5
256,8.100374840,10.027636,30,v4,88000000ffffffffffffa8dd9f4dc5b5
257,8.110586830,10.211990,30,v4,88000000ffffffffffffa8dd9f4dc5b5
258,8.120779595,10.192765,30,v4,88000000ffffffffffffa8dd9f4dc5b5
259,8.131920291,11.140696,30,v4,88000000ffffffffffffa8dd9f4dc5b5
260,8.142438251,10.517960,30,v4,88000000ffffffffffffa8dd9f4dc5b5
261,8.152313771,9.875520,30,v4,88000000ffffffffffffa8dd9f4dc5b5
262,8.163640695,11.326924,30,v4,88000000ffffffffffffa8dd9f4dc5b5
263,8.173633918,9.993223,30,v4,88000000ffffffffffffa8dd9f4dc5b5
264,8.183806830,10.172912,30,v4,88000000ffffffffffffa8dd9f4dc5b5
265,8.196012115,12.205285,30,v4,88000000ffffffffffffa8dd9f4dc5b5
266,8.206110209,10.098094,30,v4,88000000ffffffffffffa8dd9f4dc5b5
267,8.216363295,10.253086,30,v4,88000000ffffffffffffa8dd9f4dc5b5
268,8.227572227,11.208932,30,v4,88000000ffffffffffffa8dd9f4dc5b5
269,8.237849628,10.277401,30,v4,88000000ffffffffffffa8dd9f4dc5b5
270,8.247890129,10.040501,30,v4,88000000ffffffffffffa8dd9f4dc5b5
271,8.259216108,11.325979,30,v4,88000000ffffffffffffa8dd9f4dc5b5
272,8.269138975,9.922867,30,v4,88000000ffffffffffffa8dd9f4dc5b5
273,8.279188817,10.049842,30,v4,88000000ffffffffffffa8dd9f4dc5b5
274,8.290415404,11.226587,30,v4,88000000ffffffffffffa8dd9f4dc5b5
275,8.300658265,10.242861,30,v4,88000000ffffffffffffa8dd9f4dc5b5
276,8.310800244,10.141979,30,v4,88000000ffffffffffffa8dd9f4dc5b5
277,8.320939672,10.139428,30,v4,88000000ffffffffffffa8dd9f4dc5b5
278,8.333070295,12.130623,30,v4,88000000ffffffffffffa8dd9f4dc5b5
279,8.343493264,10.422969,30,v4,88000000ffffffffffffa8dd9f4dc5b5
280,8.353543673,10.050409,30,v4,88000000ffffffffffffa8dd9f4dc5b5
281,8.363689051,10.145378,30,v4,88000000ffffffffffffa8dd9f4dc5b5
282,8.374821631,11.132580,30,v4,88000000ffffffffffffa8dd9f4dc5b5
283,8.385025021,10.203390,30,v4,88000000ffffffffffffa8dd9f4dc5b5
284,8.395070892,10.045871,30,v4,88000000ffffffffffffa8dd9f4dc5b5
285,8.406263088,11.192196,30,v4,88000000ffffffffffffa8dd9f4dc5b5
286,8.416271836,10.008748,30,v4,88000000ffffffffffffa8dd9f4dc5b5
287,8.426517553,10.245717,30,v4,88000000ffffffffffffa8dd9f4dc5b5
288,8.437799106,11.281553,30,v4,88000000ffffffffffffa8dd9f4dc5b5
289,8.447927737,10.128631,30,v4,88000000ffffffffffffa8dd9f4dc5b5
290,8.459225694,11.297957,30,v4,88000000ffffffffffffa8dd9f4dc5b5
291,8.470196993,10.971299,30,v4,88000000ffffffffffffa8dd9f4dc5b5
292,8.480473635,10.276642,30,v4,88000000ffffffffffffa8dd9f4dc5b5
293,8.490591003,10.117368,30,v4,88000000ffffffffffffa8dd9f4dc5b5
294,8.500742929,10.151926,30,v4,88000000ffffffffffffa8dd9f4dc5b5
295,8.511989111,11.246182,30,v4,88000000ffffffffffffa8dd9f4dc5b5
296,8.522168800,10.179689,30,v4,88000000ffffffffffffa8dd9f4dc5b5
297,8.532204117,10.035317,30,v4,88000000ffffffffffffa8dd9f4dc5b5
298,8.543304907,11.100790,30,v4,88000000ffffffffffffa8dd9f4dc5b5
299,8.553867594,10.562687,30,v4,88000000ffffffffffffa8dd9f4dc5b5
300,8.565711995,11.844401,30,v4,88000000ffffffffffffa8dd9f4dc5b5
301,8.917369604,351.657609,30,v4,88000000ffffffffffffa8dd9f4dc5b5
302,8.927557445,10.187841,30,v4,88000000ffffffffffffa8dd9f4dc5b5
303,8.937676237,10.118792,30,v4,88000000ffffffffffffa8dd9f4dc5b5
304,8.947948660,10.272423,30,v4,88000000ffffffffffffa8dd9f4dc5b5
305,8.958054822,10.106162,30,v4,88000000ffffffffffffa8dd9f4dc5b5
306,8.969542432,11.487610,30,v4,88000000ffffffffffffa8dd9f4dc5b5
307,8.980471524,10.929092,30,v4,88000000ffffffffffffa8dd9f4dc5b5
308,8.990469234,9.997710,30,v4,88000000ffffffffffffa8dd9f4dc5b5
309,9.000699254,10.230020,30,v4,88000000ffffffffffffa8dd9f4dc5b5
310,9.012279888,11.580634,30,v4,88000000ffffffffffffa8dd9f4dc5b5
311,9.022046486,9.766598,30,v4,88000000ffffffffffffa8dd9f4dc5b5
312,9.032420745,10.374259,30,v4,88000000ffffffffffffa8dd9f4dc5b5
313,9.042273084,9.852339,30,v4,88000000ffffffffffffa8dd9f4dc5b5
314,9.052571684,10.298600,30,v4,88000000ffffffffffffa8dd9f4dc5b5
315,9.062853904,10.282220,30,v4,88000000ffffffffffffa8dd9f4dc5b5
316,9.073774448,10.920544,30,v4,88000000ffffffffffffa8dd9f4dc5b5
317,9.083935612,10.161164,30,v4,88000000ffffffffffffa8dd9f4dc5b5
318,9.094209385,10.273773,30,v4,88000000ffffffffffffa8dd9f4dc5b5
319,9.105345590,11.136205,30,v4,88000000ffffffffffffa8dd9f4dc5b5
320,9.115429296,10.083706,30,v4,88000000ffffffffffffa8dd9f4dc5b5
321,9.126664657,11.235361,30,v4,88000000ffffffffffffa8dd9f4dc5b5
322,9.136809429,10.144772,30,v4,88000000ffffffffffffa8dd9f4dc5b5
323,9.147030779,10.221350,30,v4,88000000ffffffffffffa8dd9f4dc5b5
324,9.157264408,10.233629,30,v4,88000000ffffffffffffa8dd9f4dc5b5
325,9.168663185,11.398777,30,v4,88000000ffffffffffffa8dd9f4dc5b5
326,9.178379465,9.716280,30,v4,88000000ffffffffffffa8dd9f4dc5b5
327,9.188619847,10.240382,30,v4,88000000ffffffffffffa8dd9f4dc5b5
328,9.198905245,10.285398,30,v4,88000000ffffffffffffa8dd9f4dc5b5
329,9.208970209,10.064964,30,v4,88000000ffffffffffffa8dd9f4dc5b5
330,9.220597397,11.627188,30,v4,88000000ffffffffffffa8dd9f4dc5b5
331,9.230648763,10.051366,30,v4,88000000ffffffffffffa8dd9f4dc5b5
332,9.241424053,10.775290,30,v4,88000000ffffffffffffa8dd9f4dc5b5
333,9.251651424,10.227371,30,v4,88000000ffffffffffffa8dd9f4dc5b5
334,9.262895426,11.244002,30,v4,88000000ffffffffffffa8dd9f4dc5b5
335,9.272906143,10.010717,30,v4,88000000ffffffffffffa8dd9f4dc5b5
336,9.283106706,10.200563,30,v4,88000000ffffffffffffa8dd9f4dc5b5
337,9.293454284,10.347578,30,v4,88000000ffffffffffffa8dd9f4dc5b5
338,9.303388674,9.934390,30,v4,88000000ffffffffffffa8dd9f4dc5b5
339,9.314604525,11.215851,30,v4,88000000ffffffffffffa8dd9f4dc5b5
340,9.324810026,10.205501,30,v4,88000000ffffffffffffa8dd9f4dc5b5
341,9.335099259,10.289233,30,v4,88000000ffffffffffffa8dd9f4dc5b5
342,9.345150869,10.051610,30,v4,88000000ffffffffffffa8dd9f4dc5b5
343,9.356319496,11.168627,30,v4,88000000ffffffffffffa8dd9f4dc5b5
344,9.368905333,12.585837,30,v4,88000000ffffffffffffa8dd9f4dc5b5
345,9.377749270,8.843937,30,v4,88000000ffffffffffffa8dd9f4dc5b5
346,9.388512978,10.763708,30,v4,88000000ffffffffffffa8dd9f4dc5b5
347,9.398080144,9.567166,30,v4,88000000ffffffffffffa8dd9f4dc5b5
348,9.409457818,11.377674,30,v4,88000000ffffffffffffa8dd9f4dc5b5
349,9.419677301,10.219483,30,v4,88000000ffffffffffffa8dd9f4dc5b5
350,9.429586138,9.908837,30,v4,88000000ffffffffffffa8dd9f4dc5b5
351,9.439841234,10.255096,30,v4,88000000ffffffffffffa8dd9f4dc5b5
352,9.451133375,11.292141,30,v4,88000000ffffffffffffa8dd9f4dc5b5
353,9.460865337,9.731962,30,v4,88000000ffffffffffffa8dd9f4dc5b5
354,9.471057453,10.192116,30,v4,88000000ffffffffffffa8dd9f4dc5b5
355,9.481180590,10.123137,30,v4,88000000ffffffffffffa8dd9f4dc5b5
356,9.491571731,10.391141,30,v4,88000000ffffffffffffa8dd9f4dc5b5
357,9.503735241,12.163510,30,v4,88000000ffffffffffffa8dd9f4dc5b5
358,9.514076045,10.340804,30,v4,88000000ffffffffffffa8dd9f4dc5b5
359,9.523877139,9.801094,30,v4,88000000ffffffffffffa8dd9f4dc5b5
360,9.534099630,10.222491,30,v4,88000000ffffffffffffa8dd9f4dc5b5
361,9.544177903,10.078273,30,v4,88000000ffffffffffffa8dd9f4dc5b5
362,9.555248200,11.070297,30,v4,88000000ffffffffffffa8dd9f4dc5b5
363,9.565441580,10.193380,30,v4,88000000ffffffffffffa8dd9f4dc5b5
364,9.575614958,10.173378,30,v4,88000000ffffffffffffa8dd9f4dc5b5
365,9.585950009,10.335051,30,v4,88000000ffffffffffffa8dd9f4dc5b5
366,9.596062977,10.112968,30,v4,88000000ffffffffffffa8dd9f4dc5b5
367,9.607191744,11.128767,30,v4,88000000ffffffffffffa8dd9f4dc5b5
368,9.617614061,10.422317,30,v4,88000000ffffffffffffa8dd9f4dc5b5
369,9.628606416,10.992355,30,v4,88000000ffffffffffffa8dd9f4dc5b5
370,9.638698607,10.092191,30,v4,88000000ffffffffffffa8dd9f4dc5b5
371,9.648871293,10.172686,30,v4,88000000ffffffffffffa8dd9f4dc5b5
372,9.660154580,11.283287,30,v4,88000000ffffffffffffa8dd9f4dc5b5
373,9.670346827,10.192247,30,v4,88000000ffffffffffffa8dd9f4dc5b5
374,9.680468453,10.121626,30,v4,88000000ffffffffffffa8dd9f4dc5b5
375,9.690521924,10.053471,30,v4,88000000ffffffffffffa8dd9f4dc5b5
376,9.701701480,11.179556,30,v4,88000000ffffffffffffa8dd9f4dc5b5
377,9.711995881,10.294401,30,v4,88000000ffffffffffffa8dd9f4dc5b5
378,9.721951183,9.955302,30,v4,88000000ffffffffffffa8dd9f4dc5b5
379,9.732162460,10.211277,30,v4,88000000ffffffffffffa8dd9f4dc5b5
380,9.742409484,10.247024,30,v4,88000000ffffffffffffa8dd9f4dc5b5
381,9.754586932,12.177448,30,v4,88000000ffffffffffffa8dd9f4dc5b5
382,9.764740914,10.153982,30,v4,88000000ffffffffffffa8dd9f4dc5b5
383,9.774838676,10.097762,30,v4,88000000ffffffffffffa8dd9f4dc5b5
384,9.785018281,10.179605,30,v4,88000000ffffffffffffa8dd9f4dc5b5
385,9.795160149,10.141868,30,v4,88000000ffffffffffffa8dd9f4dc5b5
386,9.806453626,11.293477,30,v4,88000000ffffffffffffa8dd9f4dc5b5
387,9.816421686,9.968060,30,v4,88000000ffffffffffffa8dd9f4dc5b5
388,9.826969085,10.547399,30,v4,88000000ffffffffffffa8dd9f4dc5b5
389,9.836903051,9.933966,30,v4,88000000ffffffffffffa8dd9f4dc5b5
390,9.848250702,11.347651,30,v4,88000000ffffffffffffa8dd9f4dc5b5
391,9.858208180,9.957478,30,v4,88000000ffffffffffffa8dd9f4dc5b5
392,9.868177342,9.969162,30,v4,88000000ffffffffffffa8dd9f4dc5b5
393,9.878478316,10.300974,30,v4,88000000ffffffffffffa8dd9f4dc5b5
394,9.889790546,11.312230,30,v4,88000000ffffffffffffa8dd9f4dc5b5
395,9.900866883,11.076337,30,v4,88000000ffffffffffffa8dd9f4dc5b5
396,9.911045804,10.178921,30,v4,88000000ffffffffffffa8dd9f4dc5b5
397,9.921216447,10.170643,30,v4,88000000ffffffffffffa8dd9f4dc5b5
398,9.931524037,10.307590,30,v4,88000000ffffffffffffa8dd9f4dc5b5
399,9.941579770,10.055733,30,v4,88000000ffffffffffffa8dd9f4dc5b5
400,9.952719631,11.139861,30,v4,88000000ffffffffffffa8dd9f4dc5b5
401,10.305364160,352.644529,30,v4,88000000ffffffffffffa8dd9f4dc5b5
402,10.315608700,10.244540,30,v4,88000000ffffffffffffa8dd9f4dc5b5
403,10.325452464,9.843764,30,v4,88000000ffffffffffffa8dd9f4dc5b5
404,10.335616118,10.163654,30,v4,88000000ffffffffffffa8dd9f4dc5b5
405,10.346013321,10.397203,30,v4,88000000ffffffffffffa8dd9f4dc5b5
406,10.355935155,9.921834,30,v4,88000000ffffffffffffa8dd9f4dc5b5
407,10.367251524,11.316369,30,v4,88000000ffffffffffffa8dd9f4dc5b5
408,10.377369225,10.117701,30,v4,88000000ffffffffffffa8dd9f4dc5b5
409,10.387511528,10.142303,30,v4,88000000ffffffffffffa8dd9f4dc5b5
410,10.397683080,10.171552,30,v4,88000000ffffffffffffa8dd9f4dc5b5
411,10.408873825,11.190745,30,v4,88000000ffffffffffffa8dd9f4dc5b5
412,10.419027112,10.153287,30,v4,88000000ffffffffffffa8dd9f4dc5b5
413,10.429043015,10.015903,30,v4,88000000ffffffffffffa8dd9f4dc5b5
414,10.439190623,10.147608,30,v4,88000000ffffffffffffa8dd9f4dc5b5
415,10.449466230,10.275607,30,v4,88000000ffffffffffffa8dd9f4dc5b5
416,10.460535549,11.069319,30,v4,88000000ffffffffffffa8dd9f4dc5b5
417,10.470818838,10.283289,30,v4,88000000ffffffffffffa8dd9f4dc5b5
418,10.480862882,10.044044,30,v4,88000000ffffffffffffa8dd9f4dc5b5
419,10.491049759,10.186877,30,v4,88000000ffffffffffffa8dd9f4dc5b5
420,10.501278737,10.228978,30,v4,88000000ffffffffffffa8dd9f4dc5b5
421,10.512472279,11.193542,30,v4,88000000ffffffffffffa8dd9f4dc5b5
422,10.522660331,10.188052,30,v4,88000000ffffffffffffa8dd9f4dc5b5
423,10.532717402,10.057071,30,v4,88000000ffffffffffffa8dd9f4dc5b5
424,10.545801462,13.084060,30,v4,88000000ffffffffffffa8dd9f4dc5b5
425,10.554142893,8.341431,30,v4,88000000ffffffffffffa8dd9f4dc5b5
426,10.564253648,10.110755,30,v4,88000000ffffffffffffa8dd9f4dc5b5
427,10.574286966,10.033318,30,v4,88000000ffffffffffffa8dd9f4dc5b5
428,10.584542871,10.255905,30,v4,88000000ffffffffffffa8dd9f4dc5b5
429,10.594750760,10.207889,30,v4,88000000ffffffffffffa8dd9f4dc5b5
430,10.604848412,10.097652,30,v4,88000000ffffffffffffa8dd9f4dc5b5
431,10.616246747,11.398335,30,v4,88000000ffffffffffffa8dd9f4dc5b5
432,10.626346030,10.099283,30,v4,88000000ffffffffffffa8dd9f4dc5b5
433,10.636475963,10.129933,30,v4,88000000ffffffffffffa8dd9f4dc5b5
434,10.646529393,10.053430,30,v4,88000000ffffffffffffa8dd9f4dc5b5
435,10.656756003,10.226610,30,v4,88000000ffffffffffffa8dd9f4dc5b5
436,10.667960999,11.204996,30,v4,88000000ffffffffffffa8dd9f4dc5b5
437,10.678017021,10.056022,30,v4,88000000ffffffffffffa8dd9f4dc5b5
438,10.689190050,11.173029,30,v4,88000000ffffffffffffa8dd9f4dc5b5
439,10.699417783,10.227733,30,v4,88000000ffffffffffffa8dd9f4dc5b5
440,10.709494841,10.077058,30,v4,88000000ffffffffffffa8dd9f4dc5b5
441,10.719669862,10.175021,30,v4,88000000ffffffffffffa8dd9f4dc5b5
442,10.730201512,10.531650,30,v4,88000000ffffffffffffa8dd9f4dc5b5
443,10.740005259,9.803747,30,v4,88000000ffffffffffffa8dd9f4dc5b5
444,10.750360110,10.354851,30,v4,88000000ffffffffffffa8dd9f4dc5b5
445,10.760418674,10.058564,30,v4,88000000ffffffffffffa8dd9f4dc5b5
446,10.771557473,11.138799,30,v4,88000000ffffffffffffa8dd9f4dc5b5
447,10.781748608,10.191135,30,v4,88000000ffffffffffffa8dd9f4dc5b5
448,10.792084355,10.335747,30,v4,88000000ffffffffffffa8dd9f4dc5b5
449,10.803237828,11.153473,30,v4,88000000ffffffffffffa8dd9f4dc5b5
450,10.813310032,10.072204,30,v4,88000000ffffffffffffa8dd9f4dc5b5
451,10.823425278,10.115246,30,v4,88000000ffffffffffffa8dd9f4dc5b5
452,10.833553193,10.127915,30,v4,88000000ffffffffffffa8dd9f4dc5b5
453,10.843752428,10.199235,30,v4,88000000ffffffffffffa8dd9f4dc5b5
454,10.856005559,12.253131,30,v4,88000000ffffffffffffa8dd9f4dc5b5
455,10.865100827,9.095268,30,v4,88000000ffffffffffffa8dd9f4dc5b5
456,10.875369339,10.268512,30,v4,88000000ffffffffffffa8dd9f4dc5b5
457,10.885312405,9.943066,30,v4,88000000ffffffffffffa8dd9f4dc5b5
458,10.895472060,10.159655,30,v4,88000000ffffffffffffa8dd9f4dc5b5
459,10.905672636,10.200576,30,v4,88000000ffffffffffffa8dd9f4dc5b5
460,10.915826734,10.154098,30,v4,88000000ffffffffffffa8dd9f4dc5b5
461,10.927002059,11.175325,30,v4,88000000ffffffffffffa8dd9f4dc5b5
462,10.937092217,10.090158,30,v4,88000000ffffffffffffa8dd9f4dc5b5
463,10.947206663,10.114446,30,v4,88000000ffffffffffffa8dd9f4dc5b5
464,10.958356624,11.149961,30,v4,88000000ffffffffffffa8dd9f4dc5b5
465,10.968565413,10.208789,30,v4,88000000ffffffffffffa8dd9f4dc5b5
466,10.978818649,10.253236,30,v4,88000000ffffffffffffa8dd9f4dc5b5
467,10.988988177,10.169528,30,v4,88000000ffffffffffffa8dd9f4dc5b5
468,10.999165556,10.177379,30,v4,88000000ffffffffffffa8dd9f4dc5b5
469,11.009454427,10.288871,30,v4,88000000ffffffffffffa8dd9f4dc5b5
470,11.019512321,10.057894,30,v4,88000000ffffffffffffa8dd9f4dc5b5
471,11.029537689,10.025368,30,v4,88000000ffffffffffffa8dd9f4dc5b5
472,11.039749361,10.211672,30,v4,88000000ffffffffffffa8dd9f4dc5b5
473,11.049839297,10.089936,30,v4,88000000ffffffffffffa8dd9f4dc5b5
474,11.062027044,12.187747,30,v4,88000000ffffffffffffa8dd9f4dc5b5
475,11.072320027,10.292983,30,v4,88000000ffffffffffffa8dd9f4dc5b5
476,11.082369748,10.049721,30,v4,88000000ffffffffffffa8dd9f4dc5b5
477,11.092741774,10.372026,30,v4,88000000ffffffffffffa8dd9f4dc5b5
478,11.103067802,10.326028,30,v4,88000000ffffffffffffa8dd9f4dc5b5
479,11.113048344,9.980542,30,v4,88000000ffffffffffffa8dd9f4dc5b5
480,11.123183768,10.135424,30,v4,88000000ffffffffffffa8dd9f4dc5b5
481,11.134402151,11.218383,30,v4,88000000ffffffffffffa8dd9f4dc5b5
482,11.144420264,10.018113,30,v4,88000000ffffffffffffa8dd9f4dc5b5
483,11.154569719,10.149455,30,v4,88000000ffffffffffffa8dd9f4dc5b5
484,11.164891073,10.321354,30,v4,88000000ffffffffffffa8dd9f4dc5b5
485,11.175062296,10.171223,30,v4,88000000ffffffffffffa8dd9f4dc5b5
486,11.186970800,11.908504,30,v4,88000000ffffffffffffa8dd9f4dc5b5
487,11.196267113,9.296313,30,v4,88000000ffffffffffffa8dd9f4dc5b5
488,11.206311372,10.044259,30,v4,88000000ffffffffffffa8dd9f4dc5b5
489,11.216429857,10.118485,30,v4,88000000ffffffffffffa8dd9f4dc5b5
490,11.227771823,11.341966,30,v4,88000000ffffffffffffa8dd9f4dc5b5
491,11.239698810,11.926987,30,v4,88000000ffffffffffffa8dd9f4dc5b5
492,11.248196087,8.497277,30,v4,88000000ffffffffffffa8dd9f4dc5b5
493,11.258148470,9.952383,30,v4,88000000ffffffffffffa8dd9f4dc5b5
494,11.268776053,10.627583,30,v4,88000000ffffffffffffa8dd9f4dc5b5
495,11.278556221,9.780168,30,v4,88000000ffffffffffffa8dd9f4dc5b5
496,11.288677017,10.120796,30,v4,88000000ffffffffffffa8dd9f4dc5b5
497,11.299822682,11.145665,30,v4,88000000ffffffffffffa8dd9f4dc5b5
498,11.310691080,10.868398,30,v4,88000000ffffffffffffa8dd9f4dc5b5
499,11.321199954,10.508874,30,v4,88000000ffffffffffffa8dd9f4dc5b5
500,11.329667182,8.467228,99,v4,1c000000aadd9f4dc5b5046666000000
501,11.333135276,3.468094,34,v4,88000000ffffffffffffa8dd9f4dc5b5
502,11.664559800,331.424524,30,v4,88000000ffffffffffffa8dd9f4dc5b5
503,11.674739229,10.179429,30,v4,88000000ffffffffffffa8dd9f4dc5b5
504,11.684902965,10.163736,34,v4,88000000ffffffffffffa8dd9f4dc5b5
505,11.694941546,10.038581,30,v4,88000000ffffffffffffa8dd9f4dc5b5
506,11.706150910,11.209364,30,v4,88000000ffffffffffffa8dd9f4dc5b5
507,11.716291696,10.140786,34,v4,88000000ffffffffffffa8dd9f4dc5b5
508,11.726424197,10.132501,30,v4,88000000ffffffffffffa8dd9f4dc5b5
509,11.736694546,10.270349,34,v4,88000000ffffffffffffa8dd9f4dc5b5
510,11.746778738,10.084192,34,v4,88000000ffffffffffffa8dd9f4dc5b5
511,11.757060757,10.282019,34,v4,88000000ffffffffffffa8dd9f4dc5b5
512,11.767175531,10.114774,34,v4,88000000ffffffffffffa8dd9f4dc5b5
513,11.778015781,10.840250,30,v4,88000000ffffffffffffa8dd9f4dc5b5
514,11.787630174,9.614393,34,v4,88000000ffffffffffffa8dd9f4dc5b5
515,11.797632552,10.002378,34,v4,88000000ffffffffffffa8dd9f4dc5b5
516,11.807801702,10.169150,30,v4,88000000ffffffffffffa8dd9f4dc5b5
517,11.817951561,10.149859,30,v4,88000000ffffffffffffa8dd9f4dc5b5
518,11.828061870,10.110309,34,v4,88000000ffffffffffffa8dd9f4dc5b5
519,11.839641344,11.579474,34,v4,88000000ffffffffffffa8dd9f4dc5b5
520,11.849430612,9.789268,30,v4,88000000ffffffffffffa8dd9f4dc5b5
521,11.859601628,10.171016,30,v4,88000000ffffffffffffa8dd9f4dc5b5
522,11.869968504,10.366876,30,v4,88000000ffffffffffffa8dd9f4dc5b5
523,11.879852997,9.884493,30,v4,88000000ffffffffffffa8dd9f4dc5b5
524,11.890139597,10.286600,30,v4,88000000ffffffffffffa8dd9f4dc5b5
525,11.900662182,10.522585,34,v4,88000000ffffffffffffa8dd9f4dc5b5
526,11.910378281,9.716099,30,v4,88000000ffffffffffffa8dd9f4dc5b5
527,11.920668662,10.290381,30,v4,88000000ffffffffffffa8dd9f4dc5b5
528,11.930956963,10.288301,30,v4,88000000ffffffffffffa8dd9f4dc5b5
529,11.941012958,10.055995,30,v4,88000000ffffffffffffa8dd9f4dc5b5
530,11.952130142,11.117184,30,v4,88000000ffffffffffffa8dd9f4dc5b5
531,11.961482640,9.352498,30,v4,88000000ffffffffffffa8dd9f4dc5b5
532,11.972572617,11.089977,30,v4,88000000ffffffffffffa8dd9f4dc5b5
533,11.983541478,10.968861,34,v4,88000000ffffffffffffa8dd9f4dc5b5
534,11.994044468,10.502990,30,v4,88000000ffffffffffffa8dd9f4dc5b5
535,12.002996667,8.952199,34,v4,88000000ffffffffffffa8dd9f4dc5b5
536,12.014579152,11.582485,34,v4,88000000ffffffffffffa8dd9f4dc5b5
537,12.024255658,9.676506,30,v4,88000000ffffffffffffa8dd9f4dc5b5
538,12.033745399,9.489741,30,v4,88000000ffffffffffffa8dd9f4dc5b5
539,12.044988519,11.243120,34,v4,88000000ffffffffffffa8dd9f4dc5b5
540,12.054734091,9.745572,34,v4,88000000ffffffffffffa8dd9f4dc5b5
541,12.064860284,10.126193,30,v4,88000000ffffffffffffa8dd9f4dc5b5
542,12.075282654,10.422370,30,v4,88000000ffffffffffffa8dd9f4dc5b5
543,12.085227151,9.944497,34,v4,88000000ffffffffffffa8dd9f4dc5b5
544,12.097381058,12.153907,34,v4,88000000ffffffffffffa8dd9f4dc5b5
545,12.106677461,9.296403,34,v4,88000000ffffffffffffa8dd9f4dc5b5
546,12.116772889,10.095428,34,v4,88000000ffffffffffffa8dd9f4dc5b5
547,12.127076909,10.304020,30,v4,88000000ffffffffffffa8dd9f4dc5b5
548,12.137726012,10.649103,30,v4,88000000ffffffffffffa8dd9f4dc5b5
549,12.147096176,9.370164,34,v4,88000000ffffffffffffa8dd9f4dc5b5
550,12.157355877,10.259701,34,v4,88000000ffffffffffffa8dd9f4dc5b5
551,12.167644077,10.288200,30,v4,88000000ffffffffffffa8dd9f4dc5b5
552,12.177971507,10.327430,34,v4,88000000ffffffffffffa8dd9f4dc5b5
553,12.187922102,9.950595,30,v4,88000000ffffffffffffa8dd9f4dc5b5
554,12.197941068,10.018966,30,v4,88000000ffffffffffffa8dd9f4dc5b5
555,12.208654818,10.713750,30,v4,88000000ffffffffffffa8dd9f4dc5b5
556,12.218625515,9.970697,30,v4,88000000ffffffffffffa8dd9f4dc5b5
557,12.230107736,11.482221,30,v4,88000000ffffffffffffa8dd9f4dc5b5
558,12.239639057,9.531321,30,v4,88000000ffffffffffffa8dd9f4dc5b5
559,12.249758818,10.119761,30,v4,88000000ffffffffffffa8dd9f4dc5b5
560,12.260024040,10.265222,30,v4,88000000ffffffffffffa8dd9f4dc5b5
561,12.270897164,10.873124,34,v4,88000000ffffffffffffa8dd9f4dc5b5
562,12.280365664,9.468500,30,v4,88000000ffffffffffffa8dd9f4dc5b5
563,12.290403220,10.037556,34,v4,88000000ffffffffffffa8dd9f4dc5b5
564,12.300600557,10.197337,34,v4,88000000ffffffffffffa8dd9f4dc5b5
565,12.310915276,10.314719,30,v4,88000000ffffffffffffa8dd9f4dc5b5
566,12.320904934,9.989658,30,v4,88000000ffffffffffffa8dd9f4dc5b5
567,12.331330325,10.425391,34,v4,88000000ffffffffffffa8dd9f4dc5b5
568,12.341520530,10.190205,34,v4,88000000ffffffffffffa8dd9f4dc5b5
569,12.351493986,9.973456,34,v4,88000000ffffffffffffa8dd9f4dc5b5
570,12.364414816,12.920830,34,v4,88000000ffffffffffffa8dd9f4dc5b5
571,12.372820275,8.405459,34,v4,88000000ffffffffffffa8dd9f4dc5b5
572,12.383131538,10.311263,30,v4,88000000ffffffffffffa8dd9f4dc5b5
573,12.393279663,10.148125,30,v4,88000000ffffffffffffa8dd9f4dc5b5
574,12.403208134,9.928471,30,v4,88000000ffffffffffffa8dd9f4dc5b5
575,12.413689619,10.481485,30,v4,88000000ffffffffffffa8dd9f4dc5b5
576,12.423688465,9.998846,34,v4,88000000ffffffffffffa8dd9f4dc5b5
577,12.433589156,9.900691,34,v4,88000000ffffffffffffa8dd9f4dc5b5
578,12.443864740,10.275584,30,v4,88000000ffffffffffffa8dd9f4dc5b5
579,12.454145358,10.280618,30,v4,88000000ffffffffffffa8dd9f4dc5b5
580,12.464114363,9.969005,34,v4,88000000ffffffffffffa8dd9f4dc5b5
581,12.474551949,10.437586,34,v4,88000000ffffffffffffa8dd9f4dc5b5
582,12.485573574,11.021625,34,v4,88000000ffffffffffffa8dd9f4dc5b5
583,12.495693951,10.120377,30,v4,88000000ffffffffffffa8dd9f4dc5b5
584,12.505979850,10.285899,30,v4,88000000ffffffffffffa8dd9f4dc5b5
585,12.516122917,10.143067,30,v4,88000000ffffffffffffa8dd9f4dc5b5
586,12.528390084,12.267167,34,v4,88000000ffffffffffffa8dd9f4dc5b5
587,12.536373963,7.983879,34,v4,88000000ffffffffffffa8dd9f4dc5b5
588,12.546478524,10.104561,34,v4,88000000ffffffffffffa8dd9f4dc5b5
589,12.558539056,12.060532,30,v4,88000000ffffffffffffa8dd9f4dc5b5
590,12.566790915,8.251859,34,v4,88000000ffffffffffffa8dd9f4dc5b5
591,12.576933454,10.142539,34,v4,88000000ffffffffffffa8dd9f4dc5b5
592,12.587160689,10.227235,30,v4,88000000ffffffffffffa8dd9f4dc5b5
593,12.597686559,10.525870,30,v4,88000000ffffffffffffa8dd9f4dc5b5
594,12.607498015,9.811456,30,v4,88000000ffffffffffffa8dd9f4dc5b5
595,12.618637566,11.139551,30,v4,88000000ffffffffffffa8dd9f4dc5b5
596,12.628759397,10.121831,34,v4,88000000ffffffffffffa8dd9f4dc5b5
597,12.639005675,10.246278,30,v4,88000000ffffffffffffa8dd9f4dc5b5
598,12.649585855,10.580180,30,v4,88000000ffffffffffffa8dd9f4dc5b5
599,12.659640773,10.054918,30,v4,88000000ffffffffffffa8dd9f4dc5b5
600,12.670949461,11.308688,34,v4,88000000ffffffffffffa8dd9f4dc5b5
601,12.681512712,10.563251,30,v4,88000000ffffffffffffa8dd9f4dc5b5
602,13.033307752,351.795040,30,v4,88000000ffffffffffffa8dd9f4dc5b5
603,13.043210925,9.903173,34,v4,88000000ffffffffffffa8dd9f4dc5b5
604,13.053504615,10.293690,30,v4,88000000ffffffffffffa8dd9f4dc5b5
605,13.062579896,9.075281,34,v4,88000000ffffffffffffa8dd9f4dc5b5
606,13.072725023,10.145127,34,v4,88000000ffffffffffffa8dd9f4dc5b5
607,13.082922279,10.197256,34,v4,88000000ffffffffffffa8dd9f4dc5b5
608,13.093183312,10.261033,34,v4,88000000ffffffffffffa8dd9f4dc5b5
609,13.103316653,10.133341,34,v4,88000000ffffffffffffa8dd9f4dc5b5
610,13.113492482,10.175829,34,v4,88000000ffffffffffffa8dd9f4dc5b5
611,13.123459281,9.966799,34,v4,88000000ffffffffffffa8dd9f4dc5b5
612,13.133899091,10.439810,30,v4,88000000ffffffffffffa8dd9f4dc5b5
613,13.144986872,11.087781,30,v4,88000000ffffffffffffa8dd9f4dc5b5
614,13.154978565,9.991693,30,v4,88000000ffffffffffffa8dd9f4dc5b5
615,13.165578519,10.599954,34,v4,88000000ffffffffffffa8dd9f4dc5b5
616,13.175578932,10.000413,30,v4,88000000ffffffffffffa8dd9f4dc5b5
617,13.185660116,10.081184,30,v4,88000000ffffffffffffa8dd9f4dc5b5
618,13.195079253,9.419137,30,v4,88000000ffffffffffffa8dd9f4dc5b5
619,13.204884356,9.805103,30,v4,88000000ffffffffffffa8dd9f4dc5b5
620,13.215046865,10.162509,30,v4,88000000ffffffffffffa8dd9f4dc5b5
621,13.225178767,10.131902,30,v4,88000000ffffffffffffa8dd9f4dc5b5
622,13.235318179,10.139412,30,v4,88000000ffffffffffffa8dd9f4dc5b5
623,13.245547103,10.228924,30,v4,88000000ffffffffffffa8dd9f4dc5b5
624,13.255781713,10.234610,30,v4,88000000ffffffffffffa8dd9f4dc5b5
625,13.266961410,11.179697,34,v4,88000000ffffffffffffa8dd9f4dc5b5
626,13.277013347,10.051937,34,v4,88000000ffffffffffffa8dd9f4dc5b5
627,13.287132769,10.119422,30,v4,88000000ffffffffffffa8dd9f4dc5b5
628,13.297406263,10.273494,34,v4,88000000ffffffffffffa8dd9f4dc5b5
629,13.307687967,10.281704,34,v4,88000000ffffffffffffa8dd9f4dc5b5
630,13.316675184,8.987217,34,v4,88000000ffffffffffffa8dd9f4dc5b5
631,13.327810620,11.135436,30,v4,88000000ffffffffffffa8dd9f4dc5b5
632,13.336957376,9.146756,30,v4,88000000ffffffffffffa8dd9f4dc5b5
633,13.348964197,12.006821,34,v4,88000000ffffffffffffa8dd9f4dc5b5
634,13.357464469,8.500272,30,v4,88000000ffffffffffffa8dd9f4dc5b5
635,13.367493780,10.029311,30,v4,88000000ffffffffffffa8dd9f4dc5b5
636,13.377642021,10.148241,30,v4,88000000ffffffffffffa8dd9f4dc5b5
637,13.387717621,10.075600,30,v4,88000000ffffffffffffa8dd9f4dc5b5
638,13.399178641,11.461020,34,v4,88000000ffffffffffffa8dd9f4dc5b5
639,13.411056445,11.877804,30,v4,88000000ffffffffffffa8dd9f4dc5b5
640,13.421264803,10.208358,30,v4,88000000ffffffffffffa8dd9f4dc5b5
641,13.429876804,8.612001,34,v4,88000000ffffffffffffa8dd9f4dc5b5
642,13.439965183,10.088379,30,v4,88000000ffffffffffffa8dd9f4dc5b5
643,13.448612194,8.647011,34,v4,88000000ffffffffffffa8dd9f4dc5b5
644,13.458790825,10.178631,34,v4,88000000ffffffffffffa8dd9f4dc5b5
645,13.469033066,10.242241,30,v4,88000000ffffffffffffa8dd9f4dc5b5
646,13.479100728,10.067662,34,v4,88000000ffffffffffffa8dd9f4dc5b5
647,13.489204809,10.104081,34,v4,88000000ffffffffffffa8dd9f4dc5b5
648,13.501344261,12.139452,34,v4,88000000ffffffffffffa8dd9f4dc5b5
649,13.509623628,8.279367,34,v4,88000000ffffffffffffa8dd9f4dc5b5
650,13.519784477,10.160849,30,v4,88000000ffffffffffffa8dd9f4dc5b5
651,13.531166366,11.381889,30,v4,88000000ffffffffffffa8dd9f4dc5b5
652,13.541322070,10.155704,34,v4,88000000ffffffffffffa8dd9f4dc5b5
653,13.551343736,10.021666,30,v4,88000000ffffffffffffa8dd9f4dc5b5
654,13.561475499,10.131763,34,v4,88000000ffffffffffffa8dd9f4dc5b5
655,13.570749613,9.274114,34,v4,88000000ffffffffffffa8dd9f4dc5b5
656,13.580959624,10.210011,30,v4,88000000ffffffffffffa8dd9f4dc5b5
657,13.590995225,10.035601,34,v4,88000000ffffffffffffa8dd9f4dc5b5
658,13.601074456,10.079231,30,v4,88000000ffffffffffffa8dd9f4dc5b5
659,13.611229451,10.154995,30,v4,88000000ffffffffffffa8dd9f4dc5b5
660,13.621485952,10.256501,34,v4,88000000ffffffffffffa8dd9f4dc5b5
661,13.631689829,10.203877,34,v4,88000000ffffffffffffa8dd9f4dc5b5
662,13.643680439,11.990610,30,v4,88000000ffffffffffffa8dd9f4dc5b5
663,13.652036444,8.356005,34,v4,88000000ffffffffffffa8dd9f4dc5b5
664,13.663001233,10.964789,34,v4,88000000ffffffffffffa8dd9f4dc5b5
665,13.673442076,10.440843,30,v4,88000000ffffffffffffa8dd9f4dc5b5
666,13.683407923,9.965847,34,v4,88000000ffffffffffffa8dd9f4dc5b5
667,13.693494886,10.086963,30,v4,88000000ffffffffffffa8dd9f4dc5b5
668,13.703584923,10.090037,34,v4,88000000ffffffffffffa8dd9f4dc5b5
669,13.713797154,10.212231,34,v4,88000000ffffffffffffa8dd9f4dc5b5
670,13.724051727,10.254573,34,v4,88000000ffffffffffffa8dd9f4dc5b5
671,13.734117996,10.066269,34,v4,88000000ffffffffffffa8dd9f4dc5b5
672,13.744244632,10.126636,30,v4,88000000ffffffffffffa8dd9f4dc5b5
673,13.753471950,9.227318,34,v4,88000000ffffffffffffa8dd9f4dc5b5
674,13.763647645,10.175695,30,v4,88000000ffffffffffffa8dd9f4dc5b5
675,13.773770383,10.122738,30,v4,88000000ffffffffffffa8dd9f4dc5b5
676,13.783880317,10.109934,34,v4,88000000ffffffffffffa8dd9f4dc5b5
677,13.795186476,11.306159,34,v4,88000000ffffffffffffa8dd9f4dc5b5
678,13.805235621,10.049145,34,v4,88000000ffffffffffffa8dd9f4dc5b5
679,13.815330058,10.094437,34,v4,88000000ffffffffffffa8dd9f4dc5b5
680,13.825618527,10.288469,30,v4,88000000ffffffffffffa8dd9f4dc5b5
681,13.835640958,10.022431,30,v4,88000000ffffffffffffa8dd9f4dc5b5
682,13.845889362,10.248404,34,v4,88000000ffffffffffffa8dd9f4dc5b5
683,13.856143247,10.253885,34,v4,88000000ffffffffffffa8dd9f4dc5b5
684,13.865311571,9.168324,30,v4,88000000ffffffffffffa8dd9f4dc5b5
685,13.876496167,11.184596,30,v4,88000000ffffffffffffa8dd9f4dc5b5
686,13.885541201,9.045034,34,v4,88000000ffffffffffffa8dd9f4dc5b5
687,13.895810770,10.269569,34,v4,88000000ffffffffffffa8dd9f4dc5b5
688,13.905834158,10.023388,30,v4,88000000ffffffffffffa8dd9f4dc5b5
689,13.917196767,11.362609,30,v4,88000000ffffffffffffa8dd9f4dc5b5
690,13.927466857,10.270090,34,v4,88000000ffffffffffffa8dd9f4dc5b5
691,13.937349599,9.882742,30,v4,88000000ffffffffffffa8dd9f4dc5b5
692,13.947599964,10.250365,34,v4,88000000ffffffffffffa8dd9f4dc5b5
693,13.957759696,10.159732,34,v4,88000000ffffffffffffa8dd9f4dc5b5
694,13.967876891,10.117195,30,v4,88000000ffffffffffffa8dd9f4dc5b5
695,13.978227432,10.350541,34,v4,88000000ffffffffffffa8dd9f4dc5b5
696,13.988147577,9.920145,30,v4,88000000ffffffffffffa8dd9f4dc5b5
697,13.998403570,10.255993,34,v4,88000000ffffffffffffa8dd9f4dc5b5
698,14.007588148,9.184578,34,v4,88000000ffffffffffffa8dd9f4dc5b5
699,14.017617147,10.028999,34,v4,88000000ffffffffffffa8dd9f4dc5b5
700,14.027896283,10.279136,34,v4,88000000ffffffffffffa8dd9f4dc5b5
701,14.038023736,10.127453,34,v4,88000000ffffffffffffa8dd9f4dc5b5
702,14.392055073,354.031337,30,v4,88000000ffffffffffffa8dd9f4dc5b5
703,14.401747585,9.692512,30,v4,88000000ffffffffffffa8dd9f4dc5b5
704,14.410798149,9.050564,34,v4,88000000ffffffffffffa8dd9f4dc5b5
705,14.421017353,10.219204,30,v4,88000000ffffffffffffa8dd9f4dc5b5
706,14.431200011,10.182658,34,v4,88000000ffffffffffffa8dd9f4dc5b5
707,14.442555229,11.355218,34,v4,88000000ffffffffffffa8dd9f4dc5b5
708,14.452551261,9.996032,30,v4,88000000ffffffffffffa8dd9f4dc5b5
709,14.462515790,9.964529,34,v4,88000000ffffffffffffa8dd9f4dc5b5
710,14.471771682,9.255892,34,v4,88000000ffffffffffffa8dd9f4dc5b5
711,14.481944804,10.173122,34,v4,88000000ffffffffffffa8dd9f4dc5b5
712,14.492332653,10.387849,34,v4,88000000ffffffffffffa8dd9f4dc5b5
713,14.502347638,10.014985,34,v4,88000000ffffffffffffa8dd9f4dc5b5
714,14.512681831,10.334193,34,v4,88000000ffffffffffffa8dd9f4dc5b5
715,14.521627085,8.945254,34,v4,88000000ffffffffffffa8dd9f4dc5b5
716,14.531761695,10.134610,30,v4,88000000ffffffffffffa8dd9f4dc5b5
717,14.541914754,10.153059,30,v4,88000000ffffffffffffa8dd9f4dc5b5
718,14.552017882,10.103128,34,v4,88000000ffffffffffffa8dd9f4dc5b5
719,14.562285210,10.267328,34,v4,88000000ffffffffffffa8dd9f4dc5b5
720,14.572310942,10.025732,34,v4,88000000ffffffffffffa8dd9f4dc5b5
721,14.582472701,10.161759,34,v4,88000000ffffffffffffa8dd9f4dc5b5
722,14.592606331,10.133630,34,v4,88000000ffffffffffffa8dd9f4dc5b5
723,14.602818602,10.212271,34,v4,88000000ffffffffffffa8dd9f4dc5b5
724,14.613178203,10.359601,30,v4,88000000ffffffffffffa8dd9f4dc5b5
725,14.623323510,10.145307,34,v4,88000000ffffffffffffa8dd9f4dc5b5
726,14.633204623,9.881113,30,v4,88000000ffffffffffffa8dd9f4dc5b5
727,14.642509462,9.304839,30,v4,88000000ffffffffffffa8dd9f4dc5b5
728,14.652724144,10.214682,34,v4,88000000ffffffffffffa8dd9f4dc5b5
729,14.663024168,10.300024,34,v4,88000000ffffffffffffa8dd9f4dc5b5
730,14.673028922,10.004754,30,v4,88000000ffffffffffffa8dd9f4dc5b5
731,14.683200673,10.171751,34,v4,88000000ffffffffffffa8dd9f4dc5b5
732,14.692479179,9.278506,30,v4,88000000ffffffffffffa8dd9f4dc5b5
733,14.703367586,10.888407,30,v4,88000000ffffffffffffa8dd9f4dc5b5
734,14.713662220,10.294634,34,v4,88000000ffffffffffffa8dd9f4dc5b5
735,14.723800847,10.138627,30,v4,88000000ffffffffffffa8dd9f4dc5b5
736,14.733868456,10.067609,30,v4,88000000ffffffffffffa8dd9f4dc5b5
737,14.744055294,10.186838,34,v4,88000000ffffffffffffa8dd9f4dc5b5
738,14.753195534,9.140240,30,v4,88000000ffffffffffffa8dd9f4dc5b5
739,14.763337058,10.141524,34,v4,88000000ffffffffffffa8dd9f4dc5b5
740,14.773521561,10.184503,34,v4,88000000ffffffffffffa8dd9f4dc5b5
741,14.783909524,10.387963,30,v4,88000000ffffffffffffa8dd9f4dc5b5
742,14.794042700,10.133176,34,v4,88000000ffffffffffffa8dd9f4dc5b5
743,14.803973374,9.930674,30,v4,88000000ffffffffffffa8dd9f4dc5b5
744,14.813143523,9.170149,34,v4,88000000ffffffffffffa8dd9f4dc5b5
745,14.823606795,10.463272,30,v4,88000000ffffffffffffa8dd9f4dc5b5
746,14.834358069,10.751274,34,v4,88000000ffffffffffffa8dd9f4dc5b5
747,14.844582502,10.224433,30,v4,88000000ffffffffffffa8dd9f4dc5b5
748,14.854923392,10.340890,34,v4,88000000ffffffffffffa8dd9f4dc5b5
749,14.864051407,9.128015,34,v4,88000000ffffffffffffa8dd9f4dc5b5
750,14.874389563,10.338156,34,v4,88000000ffffffffffffa8dd9f4dc5b5
751,14.884529978,10.140415,34,v4,88000000ffffffffffffa8dd9f4dc5b5
752,14.894394819,9.864841,30,v4,88000000ffffffffffffa8dd9f4dc5b5
753,14.904755864,10.361045,30,v4,88000000ffffffffffffa8dd9f4dc5b5
754,14.913685058,8.929194,34,v4,88000000ffffffffffffa8dd9f4dc5b5
755,14.923858651,10.173593,34,v4,88000000ffffffffffffa8dd9f4dc5b5
756,14.934168085,10.309434,34,v4,88000000ffffffffffffa8dd9f4dc5b5
757,14.944263566,10.095481,34,v4,88000000ffffffffffffa8dd9f4dc5b5
758,14.954377590,10.114024,34,v4,88000000ffffffffffffa8dd9f4dc5b5
759,14.965576650,11.199060,30,v4,88000000ffffffffffffa8dd9f4dc5b5
760,14.975821767,10.245117,30,v4,88000000ffffffffffffa8dd9f4dc5b5
761,14.984781679,8.959912,30,v4,88000000ffffffffffffa8dd9f4dc5b5
762,14.995003324,10.221645,34,v4,88000000ffffffffffffa8dd9f4dc5b5
763,15.006259380,11.256056,30,v4,88000000ffffffffffffa8dd9f4dc5b5
764,15.015829710,9.570330,34,v4,88000000ffffffffffffa8dd9f4dc5b5
765,15.024514123,8.684413,34,v4,88000000ffffffffffffa8dd9f4dc5b5
766,15.034766891,10.252768,30,v4,88000000ffffffffffffa8dd9f4dc5b5
767,15.044863007,10.096116,34,v4,88000000ffffffffffffa8dd9f4dc5b5
768,15.054961294,10.098287,34,v4,88000000ffffffffffffa8dd9f4dc5b5
769,15.065094867,10.133573,34,v4,88000000ffffffffffffa8dd9f4dc5b5
770,15.075384710,10.289843,34,v4,88000000ffffffffffffa8dd9f4dc5b5
771,15.086385999,11.001289,30,v4,88000000ffffffffffffa8dd9f4dc5b5
772,15.095885123,9.499124,30,v4,88000000ffffffffffffa8dd9f4dc5b5
773,15.105731102,9.845979,34,v4,88000000ffffffffffffa8dd9f4dc5b5
774,15.115841142,10.110040,34,v4,88000000ffffffffffffa8dd9f4dc5b5
775,15.126213683,10.372541,30,v4,88000000ffffffffffffa8dd9f4dc5b5
776,15.136160289,9.946606,30,v4,88000000ffffffffffffa8dd9f4dc5b5
777,15.145309803,9.149514,30,v4,88000000ffffffffffffa8dd9f4dc5b5
778,15.155493977,10.184174,34,v4,88000000ffffffffffffa8dd9f4dc5b5
779,15.165646375,10.152398,34,v4,88000000ffffffffffffa8dd9f4dc5b5
780,15.175888058,10.241683,34,v4,88000000ffffffffffffa8dd9f4dc5b5
781,15.186012077,10.124019,34,v4,88000000ffffffffffffa8dd9f4dc5b5
782,15.198098533,12.086456,30,v4,88000000ffffffffffffa8dd9f4dc5b5
783,15.205378636,7.280103,30,v4,88000000ffffffffffffa8dd9f4dc5b5
784,15.216533092,11.154456,34,v4,88000000ffffffffffffa8dd9f4dc5b5
785,15.226766360,10.233268,34,v4,88000000ffffffffffffa8dd9f4dc5b5
786,15.238140325,11.373965,30,v4,88000000ffffffffffffa8dd9f4dc5b5
787,15.246975219,8.834894,34,v4,88000000ffffffffffffa8dd9f4dc5b5
788,15.256058896,9.083677,34,v4,88000000ffffffffffffa8dd9f4dc5b5
789,15.266251805,10.192909,34,v4,88000000ffffffffffffa8dd9f4dc5b5
790,15.276320690,10.068885,34,v4,88000000ffffffffffffa8dd9f4dc5b5
791,15.286522297,10.201607,30,v4,88000000ffffffffffffa8dd9f4dc5b5
792,15.296855536,10.333239,30,v4,88000000ffffffffffffa8dd9f4dc5b5
793,15.306275186,9.419650,34,v4,88000000ffffffffffffa8dd9f4dc5b5
794,15.316402175,10.126989,34,v4,88000000ffffffffffffa8dd9f4dc5b5
795,15.328350357,11.948182,30,v4,88000000ffffffffffffa8dd9f4dc5b5
796,15.336646651,8.296294,34,v4,88000000ffffffffffffa8dd9f4dc5b5
797,15.347650418,11.003767,34,v4,88000000ffffffffffffa8dd9f4dc5b5
798,15.357901736,10.251318,30,v4,88000000ffffffffffffa8dd9f4dc5b5
799,15.366903076,9.001340,30,v4,88000000ffffffffffffa8dd9f4dc5b5
800,15.377383518,10.480442,34,v4,88000000ffffffffffffa8dd9f4dc5b5
801,15.387178300,9.794782,30,v4,88000000ffffffffffffa8dd9f4dc5b5
802,15.728707121,341.528821,34,v4,88000000ffffffffffffa8dd9f4dc5b5
803,15.739829596,11.122475,30,v4,88000000ffffffffffffa8dd9f4dc5b5
804,15.750455720,10.626124,34,v4,88000000ffffffffffffa8dd9f4dc5b5
805,15.759167355,8.711635,30,v4,88000000ffffffffffffa8dd9f4dc5b5
806,15.769218595,10.051240,30,v4,88000000ffffffffffffa8dd9f4dc5b5
807,15.779526578,10.307983,30,v4,88000000ffffffffffffa8dd9f4dc5b5
808,15.789474316,9.947738,34,v4,88000000ffffffffffffa8dd9f4dc5b5
809,15.798667450,9.193134,34,v4,88000000ffffffffffffa8dd9f4dc5b5
810,15.808955864,10.288414,30,v4,88000000ffffffffffffa8dd9f4dc5b5
811,15.819082144,10.126280,30,v4,88000000ffffffffffffa8dd9f4dc5b5
812,15.829648718,10.566574,30,v4,88000000ffffffffffffa8dd9f4dc5b5
813,15.838367708,8.718990,34,v4,88000000ffffffffffffa8dd9f4dc5b5
814,15.848495783,10.128075,30,v4,88000000ffffffffffffa8dd9f4dc5b5
815,15.858574168,10.078385,30,v4,88000000ffffffffffffa8dd9f4dc5b5
816,15.869746983,11.172815,34,v4,88000000ffffffffffffa8dd9f4dc5b5
817,15.878986748,9.239765,30,v4,88000000ffffffffffffa8dd9f4dc5b5
818,15.889062733,10.075985,30,v4,88000000ffffffffffffa8dd9f4dc5b5
819,15.899223590,10.160857,30,v4,88000000ffffffffffffa8dd9f4dc5b5
820,15.908330405,9.106815,30,v4,88000000ffffffffffffa8dd9f4dc5b5
821,15.918674286,10.343881,30,v4,88000000ffffffffffffa8dd9f4dc5b5
822,15.928641407,9.967121,34,v4,88000000ffffffffffffa8dd9f4dc5b5
823,15.938915419,10.274012,34,v4,88000000ffffffffffffa8dd9f4dc5b5
824,15.948123694,9.208275,34,v4,88000000ffffffffffffa8dd9f4dc5b5
825,15.958279490,10.155796,30,v4,88000000ffffffffffffa8dd9f4dc5b5
826,15.968432923,10.153433,34,v4,88000000ffffffffffffa8dd9f4dc5b5
827,15.977504699,9.071776,34,v4,88000000ffffffffffffa8dd9f4dc5b5
828,15.987596983,10.092284,30,v4,88000000ffffffffffffa8dd9f4dc5b5
829,15.998915593,11.318610,30,v4,88000000ffffffffffffa8dd9f4dc5b5
830,16.007987782,9.072189,30,v4,88000000ffffffffffffa8dd9f4dc5b5
831,16.020000455,12.012673,34,v4,88000000ffffffffffffa8dd9f4dc5b5
832,16.030413402,10.412947,30,v4,88000000ffffffffffffa8dd9f4dc5b5
833,16.038527619,8.114217,30,v4,88000000ffffffffffffa8dd9f4dc5b5
834,16.047573237,9.045618,34,v4,88000000ffffffffffffa8dd9f4dc5b5
835,16.057686179,10.112942,30,v4,88000000ffffffffffffa8dd9f4dc5b5
836,16.067879994,10.193815,30,v4,88000000ffffffffffffa8dd9f4dc5b5
837,16.078025414,10.145420,34,v4,88000000ffffffffffffa8dd9f4dc5b5
838,16.087163095,9.137681,30,v4,88000000ffffffffffffa8dd9f4dc5b5
839,16.098883917,11.720822,30,v4,88000000ffffffffffffa8dd9f4dc5b5
840,16.107485456,8.601539,34,v4,88000000ffffffffffffa8dd9f4dc5b5
841,16.117847451,10.361995,34,v4,88000000ffffffffffffa8dd9f4dc5b5
842,16.127954249,10.106798,34,v4,88000000ffffffffffffa8dd9f4dc5b5
843,16.138027708,10.073459,34,v4,88000000ffffffffffffa8dd9f4dc5b5
844,16.148146730,10.119022,30,v4,88000000ffffffffffffa8dd9f4dc5b5
845,16.157287652,9.140922,34,v4,88000000ffffffffffffa8dd9f4dc5b5
846,16.167428875,10.141223,30,v4,88000000ffffffffffffa8dd9f4dc5b5
847,16.177629912,10.201037,34,v4,88000000ffffffffffffa8dd9f4dc5b5
848,16.187752084,10.122172,34,v4,88000000ffffffffffffa8dd9f4dc5b5
849,16.196969210,9.217126,34,v4,88000000ffffffffffffa8dd9f4dc5b5
850,16.207291910,10.322700,30,v4,88000000ffffffffffffa8dd9f4dc5b5
851,16.217210626,9.918716,34,v4,88000000ffffffffffffa8dd9f4dc5b5
852,16.226427547,9.216921,30,v4,88000000ffffffffffffa8dd9f4dc5b5
853,16.236530302,10.102755,30,v4,88000000ffffffffffffa8dd9f4dc5b5
854,16.246769480,10.239178,34,v4,88000000ffffffffffffa8dd9f4dc5b5
855,16.259849148,13.079668,34,v4,88000000ffffffffffffa8dd9f4dc5b5
856,16.267147546,7.298398,34,v4,88000000ffffffffffffa8dd9f4dc5b5
857,16.277492231,10.344685,34,v4,88000000ffffffffffffa8dd9f4dc5b5
858,16.287335095,9.842864,34,v4,88000000ffffffffffffa8dd9f4dc5b5
859,16.297560009,10.224914,30,v4,88000000ffffffffffffa8dd9f4dc5b5
860,16.306680506,9.120497,34,v4,88000000ffffffffffffa8dd9f4dc5b5
861,16.316837556,10.157050,30,v4,88000000ffffffffffffa8dd9f4dc5b5
862,16.326935402,10.097846,30,v4,88000000ffffffffffffa8dd9f4dc5b5
863,16.337173850,10.238448,30,v4,88000000ffffffffffffa8dd9f4dc5b5
864,16.346196813,9.022963,34,v4,88000000ffffffffffffa8dd9f4dc5b5
865,16.357389606,11.192793,34,v4,88000000ffffffffffffa8dd9f4dc5b5
866,16.366683388,9.293782,34,v4,88000000ffffffffffffa8dd9f4dc5b5
867,16.376166410,9.483022,34,v4,88000000ffffffffffffa8dd9f4dc5b5
868,16.387060887,10.894477,30,v4,88000000ffffffffffffa8dd9f4dc5b5
869,16.397142652,10.081765,30,v4,88000000ffffffffffffa8dd9f4dc5b5
870,16.408384478,11.241826,34,v4,88000000ffffffffffffa8dd9f4dc5b5
871,16.418300423,9.915945,30,v4,88000000ffffffffffffa8dd9f4dc5b5
872,16.426666782,8.366359,30,v4,88000000ffffffffffffa8dd9f4dc5b5
873,16.437020505,10.353723,30,v4,88000000ffffffffffffa8dd9f4dc5b5
874,16.446834805,9.814300,30,v4,88000000ffffffffffffa8dd9f4dc5b5
875,16.456043721,9.208916,34,v4,88000000ffffffffffffa8dd9f4dc5b5
876,16.466431302,10.387581,34,v4,88000000ffffffffffffa8dd9f4dc5b5
877,16.476355703,9.924401,30,v4,88000000ffffffffffffa8dd9f4dc5b5
878,16.487506710,11.151007,30,v4,88000000ffffffffffffa8dd9f4dc5b5
879,16.495821227,8.314517,34,v4,88000000ffffffffffffa8dd9f4dc5b5
880,16.505801458,9.980231,30,v4,88000000ffffffffffffa8dd9f4dc5b5
881,16.516958007,11.156549,34,v4,88000000ffffffffffffa8dd9f4dc5b5
882,16.526034386,9.076379,30,v4,88000000ffffffffffffa8dd9f4dc5b5
883,16.536262502,10.228116,30,v4,88000000ffffffffffffa8dd9f4dc5b5
884,16.546575209,10.312707,34,v4,88000000ffffffffffffa8dd9f4dc5b5
885,16.556617374,10.042165,30,v4,88000000ffffffffffffa8dd9f4dc5b5
886,16.565685169,9.067795,34,v4,88000000ffffffffffffa8dd9f4dc5b5
887,16.575929852,10.244683,30,v4,88000000ffffffffffffa8dd9f4dc5b5
888,16.586031999,10.102147,30,v4,88000000ffffffffffffa8dd9f4dc5b5
889,16.596455310,10.423311,30,v4,88000000ffffffffffffa8dd9f4dc5b5
890,16.606458001,10.002691,30,v4,88000000ffffffffffffa8dd9f4dc5b5
891,16.615477447,9.019446,30,v4,88000000ffffffffffffa8dd9f4dc5b5
892,16.625733749,10.256302,30,v4,88000000ffffffffffffa8dd9f4dc5b5
893,16.635847417,10.113668,34,v4,88000000ffffffffffffa8dd9f4dc5b5
894,16.648762540,12.915123,30,v4,88000000ffffffffffffa8dd9f4dc5b5
895,16.658357859,9.595319,34,v4,88000000ffffffffffffa8dd9f4dc5b5
896,16.667592143,9.234284,34,v4,88000000ffffffffffffa8dd9f4dc5b5
897,16.676501322,8.909179,30,v4,88000000ffffffffffffa8dd9f4dc5b5
898,16.686592787,10.091465,30,v4,88000000ffffffffffffa8dd9f4dc5b5
899,16.695815383,9.222596,30,v4,88000000ffffffffffffa8dd9f4dc5b5
900,16.705846005,10.030622,34,v4,88000000ffffffffffffa8dd9f4dc5b5
901,16.716120483,10.274478,30,v4,88000000ffffffffffffa8dd9f4dc5b5
902,17.048776223,332.655740,30,v4,88000000ffffffffffffa8dd9f4dc5b5
903,17.058580733,9.804510,30,v4,88000000ffffffffffffa8dd9f4dc5b5
904,17.067653487,9.072754,30,v4,88000000ffffffffffffa8dd9f4dc5b5
905,17.077754117,10.100630,34,v4,88000000ffffffffffffa8dd9f4dc5b5
906,17.087977385,10.223268,30,v4,88000000ffffffffffffa8dd9f4dc5b5
907,17.098193052,10.215667,30,v4,88000000ffffffffffffa8dd9f4dc5b5
908,17.107227687,9.034635,34,v4,88000000ffffffffffffa8dd9f4dc5b5
909,17.117384292,10.156605,30,v4,88000000ffffffffffffa8dd9f4dc5b5
910,17.126485866,9.101574,30,v4,88000000ffffffffffffa8dd9f4dc5b5
911,17.136887526,10.401660,34,v4,88000000ffffffffffffa8dd9f4dc5b5
912,17.146820017,9.932491,34,v4,88000000ffffffffffffa8dd9f4dc5b5
913,17.157090345,10.270328,30,v4,88000000ffffffffffffa8dd9f4dc5b5
914,17.167246258,10.155913,30,v4,88000000ffffffffffffa8dd9f4dc5b5
915,17.177404482,10.158224,34,v4,88000000ffffffffffffa8dd9f4dc5b5
916,17.187468917,10.064435,30,v4,88000000ffffffffffffa8dd9f4dc5b5
917,17.196631498,9.162581,30,v4,88000000ffffffffffffa8dd9f4dc5b5
918,17.206885628,10.254130,34,v4,88000000ffffffffffffa8dd9f4dc5b5
919,17.215910917,9.025289,34,v4,88000000ffffffffffffa8dd9f4dc5b5
920,17.226266345,10.355428,30,v4,88000000ffffffffffffa8dd9f4dc5b5
921,17.236248059,9.981714,34,v4,88000000ffffffffffffa8dd9f4dc5b5
922,17.245295696,9.047637,30,v4,88000000ffffffffffffa8dd9f4dc5b5
923,17.255777308,10.481612,34,v4,88000000ffffffffffffa8dd9f4dc5b5
924,17.265154314,9.377006,34,v4,88000000ffffffffffffa8dd9f4dc5b5
925,17.274970831,9.816517,34,v4,88000000ffffffffffffa8dd9f4dc5b5
926,17.285260208,10.289377,34,v4,88000000ffffffffffffa8dd9f4dc5b5
927,17.294217660,8.957452,34,v4,88000000ffffffffffffa8dd9f4dc5b5
928,17.305284159,11.066499,30,v4,88000000ffffffffffffa8dd9f4dc5b5
929,17.315614525,10.330366,34,v4,88000000ffffffffffffa8dd9f4dc5b5
930,17.324783728,9.169203,34,v4,88000000ffffffffffffa8dd9f4dc5b5
931,17.335090611,10.306883,30,v4,88000000ffffffffffffa8dd9f4dc5b5
932,17.344230040,9.139429,30,v4,88000000ffffffffffffa8dd9f4dc5b5
933,17.354382723,10.152683,30,v4,88000000ffffffffffffa8dd9f4dc5b5
934,17.364366083,9.983360,30,v4,88000000ffffffffffffa8dd9f4dc5b5
935,17.373810932,9.444849,34,v4,88000000ffffffffffffa8dd9f4dc5b5
936,17.383712727,9.901795,34,v4,88000000ffffffffffffa8dd9f4dc5b5
937,17.393844277,10.131550,30,v4,88000000ffffffffffffa8dd9f4dc5b5
938,17.403218788,9.374511,34,v4,88000000ffffffffffffa8dd9f4dc5b5
939,17.413253995,10.035207,30,v4,88000000ffffffffffffa8dd9f4dc5b5
940,17.422226741,8.972746,30,v4,88000000ffffffffffffa8dd9f4dc5b5
941,17.433429186,11.202445,34,v4,88000000ffffffffffffa8dd9f4dc5b5
942,17.443591998,10.162812,30,v4,88000000ffffffffffffa8dd9f4dc5b5
943,17.453004955,9.412957,30,v4,88000000ffffffffffffa8dd9f4dc5b5
944,17.462997866,9.992911,30,v4,88000000ffffffffffffa8dd9f4dc5b5
945,17.473067437,10.069571,34,v4,88000000ffffffffffffa8dd9f4dc5b5
946,17.482153225,9.085788,34,v4,88000000ffffffffffffa8dd9f4dc5b5
947,17.492237550,10.084325,34,v4,88000000ffffffffffffa8dd9f4dc5b5
948,17.501443075,9.205525,30,v4,88000000ffffffffffffa8dd9f4dc5b5
949,17.511719113,10.276038,34,v4,88000000ffffffffffffa8dd9f4dc5b5
950,17.521940363,10.221250,30,v4,88000000ffffffffffffa8dd9f4dc5b5
951,17.531994953,10.054590,34,v4,88000000ffffffffffffa8dd9f4dc5b5
952,17.541306220,9.311267,34,v4,88000000ffffffffffffa8dd9f4dc5b5
953,17.551272897,9.966677,34,v4,88000000ffffffffffffa8dd9f4dc5b5
954,17.562643311,11.370414,30,v4,88000000ffffffffffffa8dd9f4dc5b5
955,17.573454439,10.811128,30,v4,88000000ffffffffffffa8dd9f4dc5b5
956,17.581684159,8.229720,34,v4,88000000ffffffffffffa8dd9f4dc5b5
957,17.591903159,10.219000,30,v4,88000000ffffffffffffa8dd9f4dc5b5
958,17.601112400,9.209241,34,v4,88000000ffffffffffffa8dd9f4dc5b5
959,17.611174082,10.061682,30,v4,88000000ffffffffffffa8dd9f4dc5b5
960,17.620443673,9.269591,30,v4,88000000ffffffffffffa8dd9f4dc5b5
961,17.630564907,10.121234,34,v4,88000000ffffffffffffa8dd9f4dc5b5
962,17.640670451,10.105544,30,v4,88000000ffffffffffffa8dd9f4dc5b5
963,17.650947731,10.277280,34,v4,88000000ffffffffffffa8dd9f4dc5b5
964,17.660135150,9.187419,34,v4,88000000ffffffffffffa8dd9f4dc5b5
965,17.670175162,10.040012,30,v4,88000000ffffffffffffa8dd9f4dc5b5
966,17.679549895,9.374733,30,v4,88000000ffffffffffffa8dd9f4dc5b5
967,17.690659274,11.109379,30,v4,88000000ffffffffffffa8dd9f4dc5b5
968,17.700613175,9.953901,30,v4,88000000ffffffffffffa8dd9f4dc5b5
969,17.710931336,10.318161,34,v4,88000000ffffffffffffa8dd9f4dc5b5
970,17.720072238,9.140902,34,v4,88000000ffffffffffffa8dd9f4dc5b5
971,17.730070542,9.998304,30,v4,88000000ffffffffffffa8dd9f4dc5b5
972,17.740347678,10.277136,30,v4,88000000ffffffffffffa8dd9f4dc5b5
973,17.749483397,9.135719,30,v4,88000000ffffffffffffa8dd9f4dc5b5
974,17.759630131,10.146734,30,v4,88000000ffffffffffffa8dd9f4dc5b5
975,17.769583270,9.953139,34,v4,88000000ffffffffffffa8dd9f4dc5b5
976,17.778897532,9.314262,34,v4,88000000ffffffffffffa8dd9f4dc5b5
977,17.789177739,10.280207,34,v4,88000000ffffffffffffa8dd9f4dc5b5
978,17.798406817,9.229078,34,v4,88000000ffffffffffffa8dd9f4dc5b5
979,17.808294111,9.887294,34,v4,88000000ffffffffffffa8dd9f4dc5b5
980,17.819456896,11.162785,30,v4,88000000ffffffffffffa8dd9f4dc5b5
981,17.828676946,9.220050,34,v4,88000000ffffffffffffa8dd9f4dc5b5
982,17.838843122,10.166176,34,v4,88000000ffffffffffffa8dd9f4dc5b5
983,17.849112946,10.269824,30,v4,88000000ffffffffffffa8dd9f4dc5b5
984,17.858185711,9.072765,30,v4,88000000ffffffffffffa8dd9f4dc5b5
985,17.868237589,10.051878,30,v4,88000000ffffffffffffa8dd9f4dc5b5
986,17.878311934,10.074345,34,v4,88000000ffffffffffffa8dd9f4dc5b5
987,17.887722036,9.410102,30,v4,88000000ffffffffffffa8dd9f4dc5b5
988,17.897701689,9.979653,34,v4,88000000ffffffffffffa8dd9f4dc5b5
989,17.907964150,10.262461,30,v4,88000000ffffffffffffa8dd9f4dc5b5
990,17.917155821,9.191671,30,v4,88000000ffffffffffffa8dd9f4dc5b5
991,17.927138928,9.983107,30,v4,88000000ffffffffffffa8dd9f4dc5b5
992,17.936341576,9.202648,30,v4,88000000ffffffffffffa8dd9f4dc5b5
993,17.947417700,11.076124,30,v4,88000000ffffffffffffa8dd9f4dc5b5
994,17.957658960,10.241260,30,v4,88000000ffffffffffffa8dd9f4dc5b5
995,17.966762456,9.103496,30,v4,88000000ffffffffffffa8dd9f4dc5b5
996,17.976921421,10.158965,34,v4,88000000ffffffffffffa8dd9f4dc5b5
997,17.986077763,9.156342,30,v4,88000000ffffffffffffa8dd9f4dc5b5
998,17.996387326,10.309563,34,v4,88000000ffffffffffffa8dd9f4dc5b5
999,18.006361302,9.973976,30,v4,88000000ffffffffffffa8dd9f4dc5b5
1000,18.016488903,10.127601,30,v4,88000000ffffffffffffa8dd9f4dc5b5
1001,18.025759271,9.270368,30,v4,88000000ffffffffffffa8dd9f4dc5b5
1002,18.037945129,12.185858,99,v4,1c000000aadd9f4dc5b568c9cc000000
1003,18.359966039,322.020910,30,v4,88000000ffffffffffffa8dd9f4dc5b5
1004,18.370998831,11.032792,30,v4,88000000ffffffffffffa8dd9f4dc5b5
1005,18.379864892,8.866061,30,v4,88000000ffffffffffffa8dd9f4dc5b5
1006,18.389311175,9.446283,30,v4,88000000ffffffffffffa8dd9f4dc5b5
1007,18.399976592,10.665417,30,v4,88000000ffffffffffffa8dd9f4dc5b5
1008,18.408005310,8.028718,30,v4,88000000ffffffffffffa8dd9f4dc5b5
1009,18.418040438,10.035128,30,v4,88000000ffffffffffffa8dd9f4dc5b5
1010,18.428328357,10.287919,30,v4,88000000ffffffffffffa8dd9f4dc5b5
1011,18.437071555,8.743198,30,v4,88000000ffffffffffffa8dd9f4dc5b5
1012,18.446366673,9.295118,30,v4,88000000ffffffffffffa8dd9f4dc5b5
1013,18.456398403,10.031730,30,v4,88000000ffffffffffffa8dd9f4dc5b5
1014,18.465713411,9.315008,30,v4,88000000ffffffffffffa8dd9f4dc5b5
1015,18.476868725,11.155314,30,v4,88000000ffffffffffffa8dd9f4dc5b5
1016,18.485863619,8.994894,30,v4,88000000ffffffffffffa8dd9f4dc5b5
1017,18.496011861,10.148242,30,v4,88000000ffffffffffffa8dd9f4dc5b5
1018,18.505420154,9.408293,30,v4,88000000ffffffffffffa8dd9f4dc5b5
1019,18.515328827,9.908673,30,v4,88000000ffffffffffffa8dd9f4dc5b5
1020,18.525462077,10.133250,30,v4,88000000ffffffffffffa8dd9f4dc5b5
1021,18.534658831,9.196754,30,v4,88000000ffffffffffffa8dd9f4dc5b5
1022,18.544978596,10.319765,30,v4,88000000ffffffffffffa8dd9f4dc5b5
1023,18.553963645,8.985049,30,v4,88000000ffffffffffffa8dd9f4dc5b5
1024,18.564218757,10.255112,30,v4,88000000ffffffffffffa8dd9f4dc5b5
1025,18.573972886,9.754129,30,v4,88000000ffffffffffffa8dd9f4dc5b5
1026,18.584014635,10.041749,30,v4,88000000ffffffffffffa8dd9f4dc5b5
1027,18.592664390,8.649755,30,v4,88000000ffffffffffffa8dd9f4dc5b5
1028,18.603927753,11.263363,30,v4,88000000ffffffffffffa8dd9f4dc5b5
1029,18.612854910,8.927157,30,v4,88000000ffffffffffffa8dd9f4dc5b5
1030,18.624807244,11.952334,30,v4,88000000ffffffffffffa8dd9f4dc5b5
1031,18.632288088,7.480844,30,v4,88000000ffffffffffffa8dd9f4dc5b5
1032,18.642957814,10.669726,30,v4,88000000ffffffffffffa8dd9f4dc5b5
1033,18.651535974,8.578160,30,v4,88000000ffffffffffffa8dd9f4dc5b5
1034,18.661810145,10.274171,30,v4,88000000ffffffffffffa8dd9f4dc5b5
1035,18.670948743,9.138598,30,v4,88000000ffffffffffffa8dd9f4dc5b5
1036,18.681365379,10.416636,30,v4,88000000ffffffffffffa8dd9f4dc5b5
1037,18.690938069,9.572690,30,v4,88000000ffffffffffffa8dd9f4dc5b5
1038,18.700263237,9.325168,30,v4,88000000ffffffffffffa8dd9f4dc5b5
1039,18.710476983,10.213746,30,v4,88000000ffffffffffffa8dd9f4dc5b5
1040,18.719722280,9.245297,30,v4,88000000ffffffffffffa8dd9f4dc5b5
1041,18.730932768,11.210488,30,v4,88000000ffffffffffffa8dd9f4dc5b5
1042,18.740154456,9.221688,30,v4,88000000ffffffffffffa8dd9f4dc5b5
1043,18.750099998,9.945542,30,v4,88000000ffffffffffffa8dd9f4dc5b5
1044,18.759379694,9.279696,30,v4,88000000ffffffffffffa8dd9f4dc5b5
1045,18.769440293,10.060599,30,v4,88000000ffffffffffffa8dd9f4dc5b5
1046,18.778564872,9.124579,30,v4,88000000ffffffffffffa8dd9f4dc5b5
1047,18.788758016,10.193144,30,v4,88000000ffffffffffffa8dd9f4dc5b5
1048,18.797874103,9.116087,30,v4,88000000ffffffffffffa8dd9f4dc5b5
1049,18.808037303,10.163200,30,v4,88000000ffffffffffffa8dd9f4dc5b5
1050,18.817491634,9.454331,30,v4,88000000ffffffffffffa8dd9f4dc5b5
1051,18.827337122,9.845488,30,v4,88000000ffffffffffffa8dd9f4dc5b5
1052,18.836474690,9.137568,30,v4,88000000ffffffffffffa8dd9f4dc5b5
1053,18.846675261,10.200571,30,v4,88000000ffffffffffffa8dd9f4dc5b5
1054,18.855821827,9.146566,30,v4,88000000ffffffffffffa8dd9f4dc5b5
1055,18.867233758,11.411931,30,v4,88000000ffffffffffffa8dd9f4dc5b5
1056,18.877260201,10.026443,30,v4,88000000ffffffffffffa8dd9f4dc5b5
1057,18.886337945,9.077744,30,v4,88000000ffffffffffffa8dd9f4dc5b5
1058,18.896563981,10.226036,30,v4,88000000ffffffffffffa8dd9f4dc5b5
1059,18.907392464,10.828483,30,v4,88000000ffffffffffffa8dd9f4dc5b5
1060,18.916503876,9.111412,30,v4,88000000ffffffffffffa8dd9f4dc5b5
1061,18.925125257,8.621381,30,v4,88000000ffffffffffffa8dd9f4dc5b5
1062,18.935061078,9.935821,30,v4,88000000ffffffffffffa8dd9f4dc5b5
1063,18.944417659,9.356581,30,v4,88000000ffffffffffffa8dd9f4dc5b5
1064,18.954410215,9.992556,30,v4,88000000ffffffffffffa8dd9f4dc5b5
1065,18.964387863,9.977648,30,v4,88000000ffffffffffffa8dd9f4dc5b5
1066,18.973746844,9.358981,30,v4,88000000ffffffffffffa8dd9f4dc5b5
1067,18.983866534,10.119690,30,v4,88000000ffffffffffffa8dd9f4dc5b5
1068,18.995820319,11.953785,30,v4,88000000ffffffffffffa8dd9f4dc5b5
1069,19.003218239,7.397920,30,v4,88000000ffffffffffffa8dd9f4dc5b5
1070,19.013874411,10.656172,30,v4,88000000ffffffffffffa8dd9f4dc5b5
1071,19.022589906,8.715495,30,v4,88000000ffffffffffffa8dd9f4dc5b5
1072,19.033048617,10.458711,30,v4,88000000ffffffffffffa8dd9f4dc5b5
1073,19.044721284,11.672667,30,v4,88000000ffffffffffffa8dd9f4dc5b5
1074,19.052394430,7.673146,30,v4,88000000ffffffffffffa8dd9f4dc5b5
1075,19.062075725,9.681295,30,v4,88000000ffffffffffffa8dd9f4dc5b5
1076,19.071164932,9.089207,30,v4,88000000ffffffffffffa8dd9f4dc5b5
1077,19.081361195,10.196263,30,v4,88000000ffffffffffffa8dd9f4dc5b5
1078,19.090548131,9.186936,30,v4,88000000ffffffffffffa8dd9f4dc5b5
1079,19.100685267,10.137136,30,v4,88000000ffffffffffffa8dd9f4dc5b5
1080,19.109774373,9.089106,30,v4,88000000ffffffffffffa8dd9f4dc5b5
1081,19.120915888,11.141515,30,v4,88000000ffffffffffffa8dd9f4dc5b5
1082,19.130272249,9.356361,30,v4,88000000ffffffffffffa8dd9f4dc5b5
1083,19.140313843,10.041594,30,v4,88000000ffffffffffffa8dd9f4dc5b5
1084,19.149516954,9.203111,30,v4,88000000ffffffffffffa8dd9f4dc5b5
1085,19.159560873,10.043919,30,v4,88000000ffffffffffffa8dd9f4dc5b5
1086,19.168997915,9.437042,30,v4,88000000ffffffffffffa8dd9f4dc5b5
1087,19.178916234,9.918319,30,v4,88000000ffffffffffffa8dd9f4dc5b5
1088,19.188261558,9.345324,30,v4,88000000ffffffffffffa8dd9f4dc5b5
1089,19.198431914,10.170356,30,v4,88000000ffffffffffffa8dd9f4dc5b5
1090,19.208405608,9.973694,30,v4,88000000ffffffffffffa8dd9f4dc5b5
1091,19.217633284,9.227676,30,v4,88000000ffffffffffffa8dd9f4dc5b5
1092,19.227647090,10.013806,30,v4,88000000ffffffffffffa8dd9f4dc5b5
1093,19.236984393,9.337303,30,v4,88000000ffffffffffffa8dd9f4dc5b5
1094,19.248006578,11.022185,30,v4,88000000ffffffffffffa8dd9f4dc5b5
1095,19.257243963,9.237385,30,v4,88000000ffffffffffffa8dd9f4dc5b5
1096,19.267383031,10.139068,30,v4,88000000ffffffffffffa8dd9f4dc5b5
1097,19.276634282,9.251251,30,v4,88000000ffffffffffffa8dd9f4dc5b5
1098,19.287919617,11.285335,30,v4,88000000ffffffffffffa8dd9f4dc5b5
1099,19.296831123,8.911506,30,v4,88000000ffffffffffffa8dd9f4dc5b5
1100,19.306009532,9.178409,30,v4,88000000ffffffffffffa8dd9f4dc5b5
1101,19.316131359,10.121827,30,v4,88000000ffffffffffffa8dd9f4dc5b5
1102,19.325262977,9.131618,30,v4,88000000ffffffffffffa8dd9f4dc5b5
1103,19.658958449,333.695472,30,v4,88000000ffffffffffffa8dd9f4dc5b5
1104,19.667634089,8.675640,30,v4,88000000ffffffffffffa8dd9f4dc5b5
1105,19.677798215,10.164126,30,v4,88000000ffffffffffffa8dd9f4dc5b5
1106,19.687058298,9.260083,30,v4,88000000ffffffffffffa8dd9f4dc5b5
1107,19.697268436,10.210138,30,v4,88000000ffffffffffffa8dd9f4dc5b5
1108,19.707362962,10.094526,30,v4,88000000ffffffffffffa8dd9f4dc5b5
1109,19.716340572,8.977610,30,v4,88000000ffffffffffffa8dd9f4dc5b5
1110,19.725458265,9.117693,30,v4,88000000ffffffffffffa8dd9f4dc5b5
1111,19.735593872,10.135607,30,v4,88000000ffffffffffffa8dd9f4dc5b5
1112,19.744884833,9.290961,30,v4,88000000ffffffffffffa8dd9f4dc5b5
1113,19.754987195,10.102362,30,v4,88000000ffffffffffffa8dd9f4dc5b5
1114,19.764059125,9.071930,30,v4,88000000ffffffffffffa8dd9f4dc5b5
1115,19.775598683,11.539558,30,v4,88000000ffffffffffffa8dd9f4dc5b5
1116,19.784735755,9.137072,30,v4,88000000ffffffffffffa8dd9f4dc5b5
1117,19.794596720,9.860965,30,v4,88000000ffffffffffffa8dd9f4dc5b5
1118,19.803682899,9.086179,30,v4,88000000ffffffffffffa8dd9f4dc5b5
1119,19.812758021,9.075122,30,v4,88000000ffffffffffffa8dd9f4dc5b5
1120,19.823050946,10.292925,30,v4,88000000ffffffffffffa8dd9f4dc5b5
1121,19.832345699,9.294753,30,v4,88000000ffffffffffffa8dd9f4dc5b5
1122,19.842273408,9.927709,30,v4,88000000ffffffffffffa8dd9f4dc5b5
1123,19.851485151,9.211743,30,v4,88000000ffffffffffffa8dd9f4dc5b5
1124,19.861674323,10.189172,30,v4,88000000ffffffffffffa8dd9f4dc5b5
1125,19.870764404,9.090081,30,v4,88000000ffffffffffffa8dd9f4dc5b5
1126,19.880929228,10.164824,30,v4,88000000ffffffffffffa8dd9f4dc5b5
1127,19.890139448,9.210220,30,v4,88000000ffffffffffffa8dd9f4dc5b5
1128,19.901246834,11.107386,30,v4,88000000ffffffffffffa8dd9f4dc5b5
1129,19.910282476,9.035642,30,v4,88000000ffffffffffffa8dd9f4dc5b5
1130,19.920537540,10.255064,30,v4,88000000ffffffffffffa8dd9f4dc5b5
1131,19.929606530,9.068990,30,v4,88000000ffffffffffffa8dd9f4dc5b5
1132,19.939961818,10.355288,30,v4,88000000ffffffffffffa8dd9f4dc5b5
1133,19.948913344,8.951526,30,v4,88000000ffffffffffffa8dd9f4dc5b5
1134,19.959229962,10.316618,30,v4,88000000ffffffffffffa8dd9f4dc5b5
1135,19.968609536,9.379574,30,v4,88000000ffffffffffffa8dd9f4dc5b5
1136,19.977342006,8.732470,30,v4,88000000ffffffffffffa8dd9f4dc5b5
1137,19.987709563,10.367557,30,v4,88000000ffffffffffffa8dd9f4dc5b5
1138,19.996798965,9.089402,30,v4,88000000ffffffffffffa8dd9f4dc5b5
1139,20.007243502,10.444537,30,v4,88000000ffffffffffffa8dd9f4dc5b5
1140,20.016246612,9.003110,30,v4,88000000ffffffffffffa8dd9f4dc5b5
1141,20.026791119,10.544507,30,v4,88000000ffffffffffffa8dd9f4dc5b5
1142,20.036414505,9.623386,30,v4,88000000ffffffffffffa8dd9f4dc5b5
1143,20.045527818,9.113313,30,v4,88000000ffffffffffffa8dd9f4dc5b5
1144,20.055861853,10.334035,30,v4,88000000ffffffffffffa8dd9f4dc5b5
1145,20.065201699,9.339846,30,v4,88000000ffffffffffffa8dd9f4dc5b5
1146,20.075019712,9.818013,30,v4,88000000ffffffffffffa8dd9f4dc5b5
1147,20.084285725,9.266013,30,v4,88000000ffffffffffffa8dd9f4dc5b5
1148,20.093295776,9.010051,30,v4,88000000ffffffffffffa8dd9f4dc5b5
1149,20.103415962,10.120186,30,v4,88000000ffffffffffffa8dd9f4dc5b5
1150,20.112476887,9.060925,30,v4,88000000ffffffffffffa8dd9f4dc5b5
1151,20.122935706,10.458819,30,v4,88000000ffffffffffffa8dd9f4dc5b5
1152,20.132011195,9.075489,30,v4,88000000ffffffffffffa8dd9f4dc5b5
1153,20.142106664,10.095469,30,v4,88000000ffffffffffffa8dd9f4dc5b5
1154,20.151371758,9.265094,30,v4,88000000ffffffffffffa8dd9f4dc5b5
1155,20.162516504,11.144746,30,v4,88000000ffffffffffffa8dd9f4dc5b5
1156,20.171565355,9.048851,30,v4,88000000ffffffffffffa8dd9f4dc5b5
1157,20.180763813,9.198458,30,v4,88000000ffffffffffffa8dd9f4dc5b5
1158,20.191096952,10.333139,30,v4,88000000ffffffffffffa8dd9f4dc5b5
1159,20.199974419,8.877467,30,v4,88000000ffffffffffffa8dd9f4dc5b5
1160,20.210360397,10.385978,30,v4,88000000ffffffffffffa8dd9f4dc5b5
1161,20.219375251,9.014854,30,v4,88000000ffffffffffffa8dd9f4dc5b5
1162,20.228379290,9.004039,30,v4,88000000ffffffffffffa8dd9f4dc5b5
1163,20.238664639,10.285349,30,v4,88000000ffffffffffffa8dd9f4dc5b5
1164,20.247711899,9.047260,30,v4,88000000ffffffffffffa8dd9f4dc5b5
1165,20.259726102,12.014203,30,v4,88000000ffffffffffffa8dd9f4dc5b5
1166,20.267383781,7.657679,30,v4,88000000ffffffffffffa8dd9f4dc5b5
1167,20.277362811,9.979030,30,v4,88000000ffffffffffffa8dd9f4dc5b5
1168,20.286252823,8.890012,30,v4,88000000ffffffffffffa8dd9f4dc5b5
1169,20.297420293,11.167470,30,v4,88000000ffffffffffffa8dd9f4dc5b5
1170,20.306820507,9.400214,30,v4,88000000ffffffffffffa8dd9f4dc5b5
1171,20.315765788,8.945281,30,v4,88000000ffffffffffffa8dd9f4dc5b5
1172,20.325987182,10.221394,30,v4,88000000ffffffffffffa8dd9f4dc5b5
1173,20.335379146,9.391964,30,v4,88000000ffffffffffffa8dd9f4dc5b5
1174,20.345220559,9.841413,30,v4,88000000ffffffffffffa8dd9f4dc5b5
1175,20.354329829,9.109270,30,v4,88000000ffffffffffffa8dd9f4dc5b5
1176,20.363471866,9.142037,30,v4,88000000ffffffffffffa8dd9f4dc5b5
1177,20.373598158,10.126292,30,v4,88000000ffffffffffffa8dd9f4dc5b5
1178,20.382919937,9.321779,30,v4,88000000ffffffffffffa8dd9f4dc5b5
1179,20.393041381,10.121444,30,v4,88000000ffffffffffffa8dd9f4dc5b5
1180,20.402265683,9.224302,30,v4,88000000ffffffffffffa8dd9f4dc5b5
1181,20.412354326,10.088643,30,v4,88000000ffffffffffffa8dd9f4dc5b5
1182,20.422468089,10.113763,30,v4,88000000ffffffffffffa8dd9f4dc5b5
1183,20.431726191,9.258102,30,v4,88000000ffffffffffffa8dd9f4dc5b5
1184,20.441925447,10.199256,30,v4,88000000ffffffffffffa8dd9f4dc5b5
1185,20.450845574,8.920127,30,v4,88000000ffffffffffffa8dd9f4dc5b5
1186,20.461331635,10.486061,30,v4,88000000ffffffffffffa8dd9f4dc5b5
1187,20.470183468,8.851833,30,v4,88000000ffffffffffffa8dd9f4dc5b5
1188,20.480465750,10.282282,30,v4,88000000ffffffffffffa8dd9f4dc5b5
1189,20.489410172,8.944422,30,v4,88000000ffffffffffffa8dd9f4dc5b5
1190,20.499640689,10.230517,30,v4,88000000ffffffffffffa8dd9f4dc5b5
1191,20.508896663,9.255974,30,v4,88000000ffffffffffffa8dd9f4dc5b5
1192,20.517852711,8.956048,30,v4,88000000ffffffffffffa8dd9f4dc5b5
1193,20.528125974,10.273263,30,v4,88000000ffffffffffffa8dd9f4dc5b5
1194,20.537358233,9.232259,30,v4,88000000ffffffffffffa8dd9f4dc5b5
1195,20.548409419,11.051186,30,v4,88000000ffffffffffffa8dd9f4dc5b5
1196,20.557566305,9.156886,30,v4,88000000ffffffffffffa8dd9f4dc5b5
1197,20.566895962,9.329657,30,v4,88000000ffffffffffffa8dd9f4dc5b5
1198,20.576901253,10.005291,30,v4,88000000ffffffffffffa8dd9f4dc5b5
1199,20.586103333,9.202080,30,v4,88000000ffffffffffffa8dd9f4dc5b5
1200,20.596424836,10.321503,30,v4,88000000ffffffffffffa8dd9f4dc5b5
1201,20.605477257,9.052421,30,v4,88000000ffffffffffffa8dd9f4dc5b5
1202,20.615426677,9.949420,30,v4,88000000ffffffffffffa8dd9f4dc5b5
1203,20.968220963,352.794286,30,v4,88000000ffffffffffffa8dd9f4dc5b5
1204,20.977118903,8.897940,30,v4,88000000ffffffffffffa8dd9f4dc5b5
1205,20.987507101,10.388198,30,v4,88000000ffffffffffffa8dd9f4dc5b5
1206,20.996527303,9.020202,30,v4,88000000ffffffffffffa8dd9f4dc5b5
1207,21.006926049,10.398746,30,v4,88000000ffffffffffffa8dd9f4dc5b5
1208,21.015763567,8.837518,30,v4,88000000ffffffffffffa8dd9f4dc5b5
1209,21.024965892,9.202325,30,v4,88000000ffffffffffffa8dd9f4dc5b5
1210,21.034093102,9.127210,30,v4,88000000ffffffffffffa8dd9f4dc5b5
1211,21.044784573,10.691471,30,v4,88000000ffffffffffffa8dd9f4dc5b5
1212,21.055321799,10.537226,30,v4,88000000ffffffffffffa8dd9f4dc5b5
1213,21.063536970,8.215171,30,v4,88000000ffffffffffffa8dd9f4dc5b5
1214,21.075643721,12.106751,30,v4,88000000ffffffffffffa8dd9f4dc5b5
1215,21.084760875,9.117154,30,v4,88000000ffffffffffffa8dd9f4dc5b5
1216,21.094235030,9.474155,30,v4,88000000ffffffffffffa8dd9f4dc5b5
1217,21.104177963,9.942933,30,v4,88000000ffffffffffffa8dd9f4dc5b5
1218,21.113094164,8.916201,30,v4,88000000ffffffffffffa8dd9f4dc5b5
1219,21.120620887,7.526723,30,v4,88000000ffffffffffffa8dd9f4dc5b5
1220,21.130628898,10.008011,30,v4,88000000ffffffffffffa8dd9f4dc5b5
1221,21.139762183,9.133285,30,v4,88000000ffffffffffffa8dd9f4dc5b5
1222,21.149871736,10.109553,30,v4,88000000ffffffffffffa8dd9f4dc5b5
1223,21.159102527,9.230791,30,v4,88000000ffffffffffffa8dd9f4dc5b5
1224,21.168397913,9.295386,30,v4,88000000ffffffffffffa8dd9f4dc5b5
1225,21.178956419,10.558506,30,v4,88000000ffffffffffffa8dd9f4dc5b5
1226,21.187483451,8.527032,30,v4,88000000ffffffffffffa8dd9f4dc5b5
1227,21.196707913,9.224462,30,v4,88000000ffffffffffffa8dd9f4dc5b5
1228,21.207829701,11.121788,30,v4,88000000ffffffffffffa8dd9f4dc5b5
1229,21.217057456,9.227755,30,v4,88000000ffffffffffffa8dd9f4dc5b5
1230,21.226244588,9.187132,30,v4,88000000ffffffffffffa8dd9f4dc5b5
1231,21.235383169,9.138581,30,v4,88000000ffffffffffffa8dd9f4dc5b5
1232,21.245496428,10.113259,30,v4,88000000ffffffffffffa8dd9f4dc5b5
1233,21.254689069,9.192641,30,v4,88000000ffffffffffffa8dd9f4dc5b5
1234,21.266106484,11.417415,30,v4,88000000ffffffffffffa8dd9f4dc5b5
1235,21.274091268,7.984784,30,v4,88000000ffffffffffffa8dd9f4dc5b5
1236,21.283039534,8.948266,30,v4,88000000ffffffffffffa8dd9f4dc5b5
1237,21.292357834,9.318300,30,v4,88000000ffffffffffffa8dd9f4dc5b5
1238,21.302323833,9.965999,30,v4,88000000ffffffffffffa8dd9f4dc5b5
1239,21.311473010,9.149177,30,v4,88000000ffffffffffffa8dd9f4dc5b5
1240,21.321725463,10.252453,30,v4,88000000ffffffffffffa8dd9f4dc5b5
1241,21.331856099,10.130636,30,v4,88000000ffffffffffffa8dd9f4dc5b5
1242,21.340956556,9.100457,30,v4,88000000ffffffffffffa8dd9f4dc5b5
1243,21.350409779,9.453223,30,v4,88000000ffffffffffffa8dd9f4dc5b5
1244,21.360245685,9.835906,30,v4,88000000ffffffffffffa8dd9f4dc5b5
1245,21.369466442,9.220757,30,v4,88000000ffffffffffffa8dd9f4dc5b5
1246,21.378477314,9.010872,30,v4,88000000ffffffffffffa8dd9f4dc5b5
1247,21.388724489,10.247175,30,v4,88000000ffffffffffffa8dd9f4dc5b5
1248,21.397710504,8.986015,30,v4,88000000ffffffffffffa8dd9f4dc5b5
1249,21.407119596,9.409092,30,v4,88000000ffffffffffffa8dd9f4dc5b5
1250,21.417348122,10.228526,30,v4,88000000ffffffffffffa8dd9f4dc5b5
1251,21.426381250,9.033128,30,v4,88000000ffffffffffffa8dd9f4dc5b5
1252,21.435384845,9.003595,30,v4,88000000ffffffffffffa8dd9f4dc5b5
1253,21.445869771,10.484926,30,v4,88000000ffffffffffffa8dd9f4dc5b5
1254,21.454868831,8.999060,30,v4,88000000ffffffffffffa8dd9f4dc5b5
1255,21.464910085,10.041254,30,v4,88000000ffffffffffffa8dd9f4dc5b5
1256,21.475174736,10.264651,30,v4,88000000ffffffffffffa8dd9f4dc5b5
1257,21.484487797,9.313061,30,v4,88000000ffffffffffffa8dd9f4dc5b5
1258,21.493475827,8.988030,30,v4,88000000ffffffffffffa8dd9f4dc5b5
1259,21.503509191,10.033364,30,v4,88000000ffffffffffffa8dd9f4dc5b5
1260,21.512619162,9.109971,30,v4,88000000ffffffffffffa8dd9f4dc5b5
1261,21.521771775,9.152613,30,v4,88000000ffffffffffffa8dd9f4dc5b5
1262,21.532101735,10.329960,30,v4,88000000ffffffffffffa8dd9f4dc5b5
1263,21.541140809,9.039074,30,v4,88000000ffffffffffffa8dd9f4dc5b5
1264,21.551728311,10.587502,30,v4,88000000ffffffffffffa8dd9f4dc5b5
1265,21.560640139,8.911828,30,v4,88000000ffffffffffffa8dd9f4dc5b5
1266,21.571351078,10.710939,30,v4,88000000ffffffffffffa8dd9f4dc5b5
1267,21.579681450,8.330372,30,v4,88000000ffffffffffffa8dd9f4dc5b5
1268,21.589765075,10.083625,30,v4,88000000ffffffffffffa8dd9f4dc5b5
1269,21.599168669,9.403594,30,v4,88000000ffffffffffffa8dd9f4dc5b5
1270,21.609217151,10.048482,30,v4,88000000ffffffffffffa8dd9f4dc5b5
1271,21.618316117,9.098966,30,v4,88000000ffffffffffffa8dd9f4dc5b5
1272,21.627477689,9.161572,30,v4,88000000ffffffffffffa8dd9f4dc5b5
1273,21.637610494,10.132805,30,v4,88000000ffffffffffffa8dd9f4dc5b5
1274,21.646785488,9.174994,30,v4,88000000ffffffffffffa8dd9f4dc5b5
1275,21.655907027,9.121539,30,v4,88000000ffffffffffffa8dd9f4dc5b5
1276,21.666154283,10.247256,30,v4,88000000ffffffffffffa8dd9f4dc5b5
1277,21.675880299,9.726016,30,v4,88000000ffffffffffffa8dd9f4dc5b5
1278,21.684566211,8.685912,30,v4,88000000ffffffffffffa8dd9f4dc5b5
1279,21.694504879,9.938668,30,v4,88000000ffffffffffffa8dd9f4dc5b5
1280,21.703610297,9.105418,30,v4,88000000ffffffffffffa8dd9f4dc5b5
1281,21.712681112,9.070815,30,v4,88000000ffffffffffffa8dd9f4dc5b5
1282,21.724006094,11.324982,30,v4,88000000ffffffffffffa8dd9f4dc5b5
1283,21.734325974,10.319880,30,v4,88000000ffffffffffffa8dd9f4dc5b5
1284,21.743358144,9.032170,30,v4,88000000ffffffffffffa8dd9f4dc5b5
1285,21.752376033,9.017889,30,v4,88000000ffffffffffffa8dd9f4dc5b5
1286,21.761657969,9.281936,30,v4,88000000ffffffffffffa8dd9f4dc5b5
1287,21.771693301,10.035332,30,v4,88000000ffffffffffffa8dd9f4dc5b5
1288,21.780770179,9.076878,30,v4,88000000ffffffffffffa8dd9f4dc5b5
1289,21.791311401,10.541222,30,v4,88000000ffffffffffffa8dd9f4dc5b5
1290,21.800416727,9.105326,30,v4,88000000ffffffffffffa8dd9f4dc5b5
1291,21.809518038,9.101311,30,v4,88000000ffffffffffffa8dd9f4dc5b5
1292,21.818605621,9.087583,30,v4,88000000ffffffffffffa8dd9f4dc5b5
1293,21.828761749,10.156128,30,v4,88000000ffffffffffffa8dd9f4dc5b5
1294,21.837776135,9.014386,30,v4,88000000ffffffffffffa8dd9f4dc5b5
1295,21.848889079,11.112944,30,v4,88000000ffffffffffffa8dd9f4dc5b5
1296,21.858063591,9.174512,30,v4,88000000ffffffffffffa8dd9f4dc5b5
1297,21.867601521,9.537930,30,v4,88000000ffffffffffffa8dd9f4dc5b5
1298,21.877458472,9.856951,30,v4,88000000ffffffffffffa8dd9f4dc5b5
1299,21.886476353,9.017881,30,v4,88000000ffffffffffffa8dd9f4dc5b5
1300,21.895775844,9.299491,30,v4,88000000ffffffffffffa8dd9f4dc5b5
1301,21.905950033,10.174189,30,v4,88000000ffffffffffffa8dd9f4dc5b5
1302,21.915084344,9.134311,30,v4,88000000ffffffffffffa8dd9f4dc5b5
1303,22.247502961,332.418617,30,v4,88000000ffffffffffffa8dd9f4dc5b5
1304,22.256457565,8.954604,30,v4,88000000ffffffffffffa8dd9f4dc5b5
1305,22.266427817,9.970252,30,v4,88000000ffffffffffffa8dd9f4dc5b5
1306,22.275643275,9.215458,30,v4,88000000ffffffffffffa8dd9f4dc5b5
1307,22.284816190,9.172915,30,v4,88000000ffffffffffffa8dd9f4dc5b5
1308,22.294286459,9.470269,30,v4,88000000ffffffffffffa8dd9f4dc5b5
1309,22.303145301,8.858842,30,v4,88000000ffffffffffffa8dd9f4dc5b5
1310,22.313236563,10.091262,30,v4,88000000ffffffffffffa8dd9f4dc5b5
1311,22.322332866,9.096303,30,v4,88000000ffffffffffffa8dd9f4dc5b5
1312,22.331442749,9.109883,30,v4,88000000ffffffffffffa8dd9f4dc5b5
1313,22.340745395,9.302646,30,v4,88000000ffffffffffffa8dd9f4dc5b5
1314,22.350861581,10.116186,30,v4,88000000ffffffffffffa8dd9f4dc5b5
1315,22.360014823,9.153242,30,v4,88000000ffffffffffffa8dd9f4dc5b5
1316,22.370253629,10.238806,30,v4,88000000ffffffffffffa8dd9f4dc5b5
1317,22.379492652,9.239023,30,v4,88000000ffffffffffffa8dd9f4dc5b5
1318,22.389406190,9.913538,30,v4,88000000ffffffffffffa8dd9f4dc5b5
1319,22.398532073,9.125883,30,v4,88000000ffffffffffffa8dd9f4dc5b5
1320,22.407742804,9.210731,30,v4,88000000ffffffffffffa8dd9f4dc5b5
1321,22.416856083,9.113279,30,v4,88000000ffffffffffffa8dd9f4dc5b5
1322,22.427122260,10.266177,30,v4,88000000ffffffffffffa8dd9f4dc5b5
1323,22.436111624,8.989364,30,v4,88000000ffffffffffffa8dd9f4dc5b5
1324,22.445335127,9.223503,30,v4,88000000ffffffffffffa8dd9f4dc5b5
1325,22.456207985,10.872858,30,v4,88000000ffffffffffffa8dd9f4dc5b5
1326,22.463835320,7.627335,30,v4,88000000ffffffffffffa8dd9f4dc5b5
1327,22.473837416,10.002096,30,v4,88000000ffffffffffffa8dd9f4dc5b5
1328,22.483176287,9.338871,30,v4,88000000ffffffffffffa8dd9f4dc5b5
1329,22.492296355,9.120068,30,v4,88000000ffffffffffffa8dd9f4dc5b5
1330,22.502217027,9.920672,30,v4,88000000ffffffffffffa8dd9f4dc5b5
1331,22.512453047,10.236020,30,v4,88000000ffffffffffffa8dd9f4dc5b5
1332,22.521485414,9.032367,30,v4,88000000ffffffffffffa8dd9f4dc5b5
1333,22.530615402,9.129988,30,v4,88000000ffffffffffffa8dd9f4dc5b5
1334,22.539824858,9.209456,30,v4,88000000ffffffffffffa8dd9f4dc5b5
1335,22.550246340,10.421482,30,v4,88000000ffffffffffffa8dd9f4dc5b5
1336,22.559255819,9.009479,30,v4,88000000ffffffffffffa8dd9f4dc5b5
1337,22.568370620,9.114801,30,v4,88000000ffffffffffffa8dd9f4dc5b5
1338,22.577402489,9.031869,30,v4,88000000ffffffffffffa8dd9f4dc5b5
1339,22.586486382,9.083893,30,v4,88000000ffffffffffffa8dd9f4dc5b5
1340,22.596621550,10.135168,30,v4,88000000ffffffffffffa8dd9f4dc5b5
1341,22.605776009,9.154459,30,v4,88000000ffffffffffffa8dd9f4dc5b5
1342,22.615003709,9.227700,30,v4,88000000ffffffffffffa8dd9f4dc5b5
1343,22.624238195,9.234486,30,v4,88000000ffffffffffffa8dd9f4dc5b5
1344,22.635417152,11.178957,30,v4,88000000ffffffffffffa8dd9f4dc5b5
1345,22.645393496,9.976344,30,v4,88000000ffffffffffffa8dd9f4dc5b5
1346,22.653706727,8.313231,30,v4,88000000ffffffffffffa8dd9f4dc5b5
1347,22.663083383,9.376656,30,v4,88000000ffffffffffffa8dd9f4dc5b5
1348,22.673047021,9.963638,30,v4,88000000ffffffffffffa8dd9f4dc5b5
1349,22.682581373,9.534352,30,v4,88000000ffffffffffffa8dd9f4dc5b5
1350,22.691385067,8.803694,30,v4,88000000ffffffffffffa8dd9f4dc5b5
1351,22.700754292,9.369225,30,v4,88000000ffffffffffffa8dd9f4dc5b5
1352,22.709444780,8.690488,30,v4,88000000ffffffffffffa8dd9f4dc5b5
1353,22.719965872,10.521092,30,v4,88000000ffffffffffffa8dd9f4dc5b5
1354,22.728815825,8.849953,30,v4,88000000ffffffffffffa8dd9f4dc5b5
1355,22.737939463,9.123638,30,v4,88000000ffffffffffffa8dd9f4dc5b5
1356,22.746974820,9.035357,30,v4,88000000ffffffffffffa8dd9f4dc5b5
1357,22.757327258,10.352438,30,v4,88000000ffffffffffffa8dd9f4dc5b5
1358,22.767403205,10.075947,30,v4,88000000ffffffffffffa8dd9f4dc5b5
1359,22.776480756,9.077551,30,v4,88000000ffffffffffffa8dd9f4dc5b5
1360,22.785672240,9.191484,30,v4,88000000ffffffffffffa8dd9f4dc5b5
1361,22.795796360,10.124120,30,v4,88000000ffffffffffffa8dd9f4dc5b5
1362,22.805097430,9.301070,30,v4,88000000ffffffffffffa8dd9f4dc5b5
1363,22.814303506,9.206076,30,v4,88000000ffffffffffffa8dd9f4dc5b5
1364,22.823530423,9.226917,30,v4,88000000ffffffffffffa8dd9f4dc5b5
1365,22.833474296,9.943873,30,v4,88000000ffffffffffffa8dd9f4dc5b5
1366,22.842681090,9.206794,30,v4,88000000ffffffffffffa8dd9f4dc5b5
1367,22.851679892,8.998802,30,v4,88000000ffffffffffffa8dd9f4dc5b5
1368,22.860946032,9.266140,30,v4,88000000ffffffffffffa8dd9f4dc5b5
1369,22.870040127,9.094095,30,v4,88000000ffffffffffffa8dd9f4dc5b5
1370,22.880211241,10.171114,30,v4,88000000ffffffffffffa8dd9f4dc5b5
1371,22.890786818,10.575577,30,v4,88000000ffffffffffffa8dd9f4dc5b5
1372,22.899454582,8.667764,30,v4,88000000ffffffffffffa8dd9f4dc5b5
1373,22.908655671,9.201089,30,v4,88000000ffffffffffffa8dd9f4dc5b5
1374,22.920440824,11.785153,30,v4,88000000ffffffffffffa8dd9f4dc5b5
1375,22.928123195,7.682371,30,v4,88000000ffffffffffffa8dd9f4dc5b5
1376,22.937147862,9.024667,30,v4,88000000ffffffffffffa8dd9f4dc5b5
1377,22.946133529,8.985667,30,v4,88000000ffffffffffffa8dd9f4dc5b5
1378,22.956279009,10.145480,30,v4,88000000ffffffffffffa8dd9f4dc5b5
1379,22.965467455,9.188446,30,v4,88000000ffffffffffffa8dd9f4dc5b5
1380,22.974634278,9.166823,30,v4,88000000ffffffffffffa8dd9f4dc5b5
1381,22.984925027,10.290749,30,v4,88000000ffffffffffffa8dd9f4dc5b5
1382,22.993936106,9.011079,30,v4,88000000ffffffffffffa8dd9f4dc5b5
1383,23.003106839,9.170733,30,v4,88000000ffffffffffffa8dd9f4dc5b5
1384,23.012182436,9.075597,30,v4,88000000ffffffffffffa8dd9f4dc5b5
1385,23.023264994,11.082558,30,v4,88000000ffffffffffffa8dd9f4dc5b5
1386,23.032472814,9.207820,30,v4,88000000ffffffffffffa8dd9f4dc5b5
1387,23.041839944,9.367130,30,v4,88000000ffffffffffffa8dd9f4dc5b5
1388,23.051002886,9.162942,30,v4,88000000ffffffffffffa8dd9f4dc5b5
1389,23.060906453,9.903567,30,v4,88000000ffffffffffffa8dd9f4dc5b5
1390,23.070085010,9.178557,30,v4,88000000ffffffffffffa8dd9f4dc5b5
1391,23.079504735,9.419725,30,v4,88000000ffffffffffffa8dd9f4dc5b5
1392,23.088980755,9.476020,30,v4,88000000ffffffffffffa8dd9f4dc5b5
1393,23.098705142,9.724387,30,v4,88000000ffffffffffffa8dd9f4dc5b5
1394,23.107748594,9.043452,30,v4,88000000ffffffffffffa8dd9f4dc5b5
1395,23.117042237,9.293643,30,v4,88000000ffffffffffffa8dd9f4dc5b5
1396,23.126318964,9.276727,30,v4,88000000ffffffffffffa8dd9f4dc5b5
1397,23.136137453,9.818489,30,v4,88000000ffffffffffffa8dd9f4dc5b5
1398,23.145229366,9.091913,30,v4,88000000ffffffffffffa8dd9f4dc5b5
1399,23.155467074,10.237708,30,v4,88000000ffffffffffffa8dd9f4dc5b5
1400,23.164649701,9.182627,30,v4,88000000ffffffffffffa8dd9f4dc5b5
1401,23.174666769,10.017068,30,v4,88000000ffffffffffffa8dd9f4dc5b5
1402,23.183946269,9.279500,30,v4,88000000ffffffffffffa8dd9f4dc5b5
1403,23.537513821,353.567552,30,v4,88000000ffffffffffffa8dd9f4dc5b5
1404,23.547650667,10.136846,30,v4,88000000ffffffffffffa8dd9f4dc5b5
1405,23.557128702,9.478035,30,v4,88000000ffffffffffffa8dd9f4dc5b5
1406,23.566008335,8.879633,30,v4,88000000ffffffffffffa8dd9f4dc5b5
1407,23.575068041,9.059706,30,v4,88000000ffffffffffffa8dd9f4dc5b5
1408,23.584285807,9.217766,30,v4,88000000ffffffffffffa8dd9f4dc5b5
1409,23.594337169,10.051362,30,v4,88000000ffffffffffffa8dd9f4dc5b5
1410,23.603508779,9.171610,30,v4,88000000ffffffffffffa8dd9f4dc5b5
1411,23.612726060,9.217281,30,v4,88000000ffffffffffffa8dd9f4dc5b5
1412,23.621779073,9.053013,30,v4,88000000ffffffffffffa8dd9f4dc5b5
1413,23.630881095,9.102022,30,v4,88000000ffffffffffffa8dd9f4dc5b5
1414,23.640057632,9.176537,30,v4,88000000ffffffffffffa8dd9f4dc5b5
1415,23.649299189,9.241557,30,v4,88000000ffffffffffffa8dd9f4dc5b5
1416,23.659602443,10.303254,30,v4,88000000ffffffffffffa8dd9f4dc5b5
1417,23.669478826,9.876383,30,v4,88000000ffffffffffffa8dd9f4dc5b5
1418,23.678692472,9.213646,30,v4,88000000ffffffffffffa8dd9f4dc5b5
1419,23.688232517,9.540045,30,v4,88000000ffffffffffffa8dd9f4dc5b5
1420,23.697210770,8.978253,30,v4,88000000ffffffffffffa8dd9f4dc5b5
1421,23.706238975,9.028205,30,v4,88000000ffffffffffffa8dd9f4dc5b5
1422,23.715356745,9.117770,30,v4,88000000ffffffffffffa8dd9f4dc5b5
1423,23.724417855,9.061110,30,v4,88000000ffffffffffffa8dd9f4dc5b5
1424,23.733657092,9.239237,30,v4,88000000ffffffffffffa8dd9f4dc5b5
1425,23.743673640,10.016548,30,v4,88000000ffffffffffffa8dd9f4dc5b5
1426,23.752844794,9.171154,30,v4,88000000ffffffffffffa8dd9f4dc5b5
1427,23.761989192,9.144398,30,v4,88000000ffffffffffffa8dd9f4dc5b5
1428,23.771234404,9.245212,30,v4,88000000ffffffffffffa8dd9f4dc5b5
1429,23.780401361,9.166957,30,v4,88000000ffffffffffffa8dd9f4dc5b5
1430,23.789424449,9.023088,30,v4,88000000ffffffffffffa8dd9f4dc5b5
1431,23.799688777,10.264328,30,v4,88000000ffffffffffffa8dd9f4dc5b5
1432,23.809909226,10.220449,30,v4,88000000ffffffffffffa8dd9f4dc5b5
1433,23.818974865,9.065639,30,v4,88000000ffffffffffffa8dd9f4dc5b5
1434,23.828304721,9.329856,30,v4,88000000ffffffffffffa8dd9f4dc5b5
1435,23.839060580,10.755859,30,v4,88000000ffffffffffffa8dd9f4dc5b5
1436,23.847279056,8.218476,30,v4,88000000ffffffffffffa8dd9f4dc5b5
1437,23.856557862,9.278806,30,v4,88000000ffffffffffffa8dd9f4dc5b5
1438,23.865845438,9.287576,30,v4,88000000ffffffffffffa8dd9f4dc5b5
1439,23.874825791,8.980353,30,v4,88000000ffffffffffffa8dd9f4dc5b5
1440,23.883959333,9.133542,30,v4,88000000ffffffffffffa8dd9f4dc5b5
1441,23.894483605,10.524272,30,v4,88000000ffffffffffffa8dd9f4dc5b5
1442,23.903481774,8.998169,30,v4,88000000ffffffffffffa8dd9f4dc5b5
1443,23.912563269,9.081495,30,v4,88000000ffffffffffffa8dd9f4dc5b5
1444,23.921434228,8.870959,30,v4,88000000ffffffffffffa8dd9f4dc5b5
1445,23.931905159,10.470931,30,v4,88000000ffffffffffffa8dd9f4dc5b5
1446,23.940843613,8.938454,30,v4,88000000ffffffffffffa8dd9f4dc5b5
1447,23.950093568,9.249955,30,v4,88000000ffffffffffffa8dd9f4dc5b5
1448,23.960400270,10.306702,30,v4,88000000ffffffffffffa8dd9f4dc5b5
1449,23.970633543,10.233273,30,v4,88000000ffffffffffffa8dd9f4dc5b5
1450,23.978496794,7.863251,30,v4,88000000ffffffffffffa8dd9f4dc5b5
1451,23.988039938,9.543144,30,v4,88000000ffffffffffffa8dd9f4dc5b5
1452,23.996843007,8.803069,30,v4,88000000ffffffffffffa8dd9f4dc5b5
1453,24.005897357,9.054350,30,v4,88000000ffffffffffffa8dd9f4dc5b5
1454,24.015223517,9.326160,30,v4,88000000ffffffffffffa8dd9f4dc5b5
1455,24.025174990,9.951473,30,v4,88000000ffffffffffffa8dd9f4dc5b5
1456,24.034551419,9.376429,30,v4,88000000ffffffffffffa8dd9f4dc5b5
1457,24.043638892,9.087473,30,v4,88000000ffffffffffffa8dd9f4dc5b5
1458,24.052764521,9.125629,30,v4,88000000ffffffffffffa8dd9f4dc5b5
1459,24.062830861,10.066340,30,v4,88000000ffffffffffffa8dd9f4dc5b5
1460,24.071984391,9.153530,30,v4,88000000ffffffffffffa8dd9f4dc5b5
1461,24.081115306,9.130915,30,v4,88000000ffffffffffffa8dd9f4dc5b5
1462,24.091235690,10.120384,30,v4,88000000ffffffffffffa8dd9f4dc5b5
1463,24.101514789,10.279099,30,v4,88000000ffffffffffffa8dd9f4dc5b5
1464,24.109414328,7.899539,30,v4,88000000ffffffffffffa8dd9f4dc5b5
1465,24.120531606,11.117278,30,v4,88000000ffffffffffffa8dd9f4dc5b5
1466,24.128078830,7.547224,30,v4,88000000ffffffffffffa8dd9f4dc5b5
1467,24.138913493,10.834663,30,v4,88000000ffffffffffffa8dd9f4dc5b5
1468,24.148024037,9.110544,30,v4,88000000ffffffffffffa8dd9f4dc5b5
1469,24.158204771,10.180734,30,v4,88000000ffffffffffffa8dd9f4dc5b5
1470,24.167408869,9.204098,30,v4,88000000ffffffffffffa8dd9f4dc5b5
1471,24.174576646,7.167777,30,v4,88000000ffffffffffffa8dd9f4dc5b5
1472,24.183682172,9.105526,30,v4,88000000ffffffffffffa8dd9f4dc5b5
1473,24.193924144,10.241972,30,v4,88000000ffffffffffffa8dd9f4dc5b5
1474,24.203062864,9.138720,30,v4,88000000ffffffffffffa8dd9f4dc5b5
1475,24.212354911,9.292047,30,v4,88000000ffffffffffffa8dd9f4dc5b5
1476,24.222356371,10.001460,30,v4,88000000ffffffffffffa8dd9f4dc5b5
1477,24.231411547,9.055176,30,v4,88000000ffffffffffffa8dd9f4dc5b5
1478,24.240483653,9.072106,30,v4,88000000ffffffffffffa8dd9f4dc5b5
1479,24.249702967,9.219314,30,v4,88000000ffffffffffffa8dd9f4dc5b5
1480,24.259101331,9.398364,30,v4,88000000ffffffffffffa8dd9f4dc5b5
1481,24.268127333,9.026002,30,v4,88000000ffffffffffffa8dd9f4dc5b5
1482,24.278739564,10.612231,30,v4,88000000ffffffffffffa8dd9f4dc5b5
1483,24.287402755,8.663191,30,v4,88000000ffffffffffffa8dd9f4dc5b5
1484,24.296625154,9.222399,30,v4,88000000ffffffffffffa8dd9f4dc5b5
1485,24.305691863,9.066709,30,v4,88000000ffffffffffffa8dd9f4dc5b5
1486,24.315023740,9.331877,30,v4,88000000ffffffffffffa8dd9f4dc5b5
1487,24.324871330,9.847590,30,v4,88000000ffffffffffffa8dd9f4dc5b5
1488,24.334064148,9.192818,30,v4,88000000ffffffffffffa8dd9f4dc5b5
1489,24.346027539,11.963391,30,v4,88000000ffffffffffffa8dd9f4dc5b5
1490,24.353447055,7.419516,30,v4,88000000ffffffffffffa8dd9f4dc5b5
1491,24.362706135,9.259080,30,v4,88000000ffffffffffffa8dd9f4dc5b5
1492,24.371696750,8.990615,30,v4,88000000ffffffffffffa8dd9f4dc5b5
1493,24.380853625,9.156875,30,v4,88000000ffffffffffffa8dd9f4dc5b5
1494,24.390131747,9.278122,30,v4,88000000ffffffffffffa8dd9f4dc5b5
1495,24.399134546,9.002799,30,v4,88000000ffffffffffffa8dd9f4dc5b5
1496,24.408253788,9.119242,30,v4,88000000ffffffffffffa8dd9f4dc5b5
1497,24.417321689,9.067901,30,v4,88000000ffffffffffffa8dd9f4dc5b5
1498,24.427561306,10.239617,30,v4,88000000ffffffffffffa8dd9f4dc5b5
1499,24.436637336,9.076030,30,v4,88000000ffffffffffffa8dd9f4dc5b5
1500,24.445869137,9.231801,30,v4,88000000ffffffffffffa8dd9f4dc5b5
1501,24.456077704,10.208567,30,v4,88000000ffffffffffffa8dd9f4dc5b5
1502,24.465193376,9.115672,30,v4,88000000ffffffffffffa8dd9f4dc5b5
1503,24.750115036,284.921660,99,v4,1c000000aadd9f4dc5b5682d33010000
1504,24.810001524,59.886488,34,v4,88000000ffffffffffffa8dd9f4dc5b5
1505,24.817749509,7.747985,34,v4,88000000ffffffffffffa8dd9f4dc5b5
1506,24.826819801,9.070292,34,v4,88000000ffffffffffffa8dd9f4dc5b5
1507,24.836042397,9.222596,34,v4,88000000ffffffffffffa8dd9f4dc5b5
1508,24.846108763,10.066366,34,v4,88000000ffffffffffffa8dd9f4dc5b5
1509,24.855247134,9.138371,34,v4,88000000ffffffffffffa8dd9f4dc5b5
1510,24.864577121,9.329987,34,v4,88000000ffffffffffffa8dd9f4dc5b5
1511,24.873641719,9.064598,34,v4,88000000ffffffffffffa8dd9f4dc5b5
1512,24.884545716,10.903997,34,v4,88000000ffffffffffffa8dd9f4dc5b5
1513,24.891885551,7.339835,34,v4,88000000ffffffffffffa8dd9f4dc5b5
1514,24.901201857,9.316306,34,v4,88000000ffffffffffffa8dd9f4dc5b5
1515,24.909984481,8.782624,34,v4,88000000ffffffffffffa8dd9f4dc5b5
1516,24.919317816,9.333335,34,v4,88000000ffffffffffffa8dd9f4dc5b5
1517,24.928477991,9.160175,34,v4,88000000ffffffffffffa8dd9f4dc5b5
1518,24.937534258,9.056267,34,v4,88000000ffffffffffffa8dd9f4dc5b5
1519,24.946628598,9.094340,34,v4,88000000ffffffffffffa8dd9f4dc5b5
1520,24.955859607,9.231009,34,v4,88000000ffffffffffffa8dd9f4dc5b5
1521,24.966012543,10.152936,34,v4,88000000ffffffffffffa8dd9f4dc5b5
1522,24.975106940,9.094397,34,v4,88000000ffffffffffffa8dd9f4dc5b5
1523,24.985244484,10.137544,34,v4,88000000ffffffffffffa8dd9f4dc5b5
1524,24.993441996,8.197512,34,v4,88000000ffffffffffffa8dd9f4dc5b5
1525,25.003519143,10.077147,34,v4,88000000ffffffffffffa8dd9f4dc5b5
1526,25.012745568,9.226425,34,v4,88000000ffffffffffffa8dd9f4dc5b5
1527,25.021980994,9.235426,34,v4,88000000ffffffffffffa8dd9f4dc5b5
1528,25.030912561,8.931567,34,v4,88000000ffffffffffffa8dd9f4dc5b5
1529,25.040103297,9.190736,34,v4,88000000ffffffffffffa8dd9f4dc5b5
1530,25.049246892,9.143595,34,v4,88000000ffffffffffffa8dd9f4dc5b5
1531,25.058359515,9.112623,34,v4,88000000ffffffffffffa8dd9f4dc5b5
1532,25.067573227,9.213712,34,v4,88000000ffffffffffffa8dd9f4dc5b5
1533,25.077804588,10.231361,34,v4,88000000ffffffffffffa8dd9f4dc5b5
1534,25.086924690,9.120102,34,v4,88000000ffffffffffffa8dd9f4dc5b5
1535,25.096271646,9.346956,34,v4,88000000ffffffffffffa8dd9f4dc5b5
1536,25.106341337,10.069691,34,v4,88000000ffffffffffffa8dd9f4dc5b5
1537,25.115237224,8.895887,34,v4,88000000ffffffffffffa8dd9f4dc5b5
1538,25.124535183,9.297959,34,v4,88000000ffffffffffffa8dd9f4dc5b5
1539,25.133624367,9.089184,34,v4,88000000ffffffffffffa8dd9f4dc5b5
1540,25.142784076,9.159709,34,v4,88000000ffffffffffffa8dd9f4dc5b5
1541,25.151805571,9.021495,34,v4,88000000ffffffffffffa8dd9f4dc5b5
1542,25.160984380,9.178809,34,v4,88000000ffffffffffffa8dd9f4dc5b5
1543,25.170218549,9.234169,34,v4,88000000ffffffffffffa8dd9f4dc5b5
1544,25.179266575,9.048026,34,v4,88000000ffffffffffffa8dd9f4dc5b5
1545,25.188470674,9.204099,34,v4,88000000ffffffffffffa8dd9f4dc5b5
1546,25.197594360,9.123686,34,v4,88000000ffffffffffffa8dd9f4dc5b5
1547,25.206781866,9.187506,34,v4,88000000ffffffffffffa8dd9f4dc5b5
1548,25.215894402,9.112536,34,v4,88000000ffffffffffffa8dd9f4dc5b5
1549,25.225075446,9.181044,34,v4,88000000ffffffffffffa8dd9f4dc5b5
1550,25.235153681,10.078235,34,v4,88000000ffffffffffffa8dd9f4dc5b5
1551,25.244261697,9.108016,34,v4,88000000ffffffffffffa8dd9f4dc5b5
1552,25.253516801,9.255104,34,v4,88000000ffffffffffffa8dd9f4dc5b5
1553,25.262757127,9.240326,34,v4,88000000ffffffffffffa8dd9f4dc5b5
1554,25.271913051,9.155924,34,v4,88000000ffffffffffffa8dd9f4dc5b5
1555,25.281126760,9.213709,34,v4,88000000ffffffffffffa8dd9f4dc5b5
1556,25.291358007,10.231247,34,v4,88000000ffffffffffffa8dd9f4dc5b5
1557,25.300313256,8.955249,34,v4,88000000ffffffffffffa8dd9f4dc5b5
1558,25.309372123,9.058867,34,v4,88000000ffffffffffffa8dd9f4dc5b5
1559,25.318497596,9.125473,34,v4,88000000ffffffffffffa8dd9f4dc5b5
1560,25.327663505,9.165909,34,v4,88000000ffffffffffffa8dd9f4dc5b5
1561,25.336769484,9.105979,34,v4,88000000ffffffffffffa8dd9f4dc5b5
1562,25.345979380,9.209896,34,v4,88000000ffffffffffffa8dd9f4dc5b5
1563,25.355074040,9.094660,34,v4,88000000ffffffffffffa8dd9f4dc5b5
1564,25.365351847,10.277807,34,v4,88000000ffffffffffffa8dd9f4dc5b5
1565,25.376310058,10.958211,34,v4,88000000ffffffffffffa8dd9f4dc5b5
1566,25.383681828,7.371770,34,v4,88000000ffffffffffffa8dd9f4dc5b5
1567,25.392811872,9.130044,34,v4,88000000ffffffffffffa8dd9f4dc5b5
1568,25.401969362,9.157490,34,v4,88000000ffffffffffffa8dd9f4dc5b5
1569,25.411342404,9.373042,34,v4,88000000ffffffffffffa8dd9f4dc5b5
1570,25.420280312,8.937908,34,v4,88000000ffffffffffffa8dd9f4dc5b5
1571,25.429569022,9.288710,34,v4,88000000ffffffffffffa8dd9f4dc5b5
1572,25.438486298,8.917276,34,v4,88000000ffffffffffffa8dd9f4dc5b5
1573,25.447537285,9.050987,34,v4,88000000ffffffffffffa8dd9f4dc5b5
1574,25.456655973,9.118688,34,v4,88000000ffffffffffffa8dd9f4dc5b5
1575,25.466114147,9.458174,34,v4,88000000ffffffffffffa8dd9f4dc5b5
1576,25.475016925,8.902778,34,v4,88000000ffffffffffffa8dd9f4dc5b5
1577,25.484061201,9.044276,34,v4,88000000ffffffffffffa8dd9f4dc5b5
1578,25.495904717,11.843516,34,v4,88000000ffffffffffffa8dd9f4dc5b5
1579,25.503497265,7.592548,34,v4,88000000ffffffffffffa8dd9f4dc5b5
1580,25.512496932,8.999667,34,v4,88000000ffffffffffffa8dd9f4dc5b5
1581,25.522782941,10.286009,34,v4,88000000ffffffffffffa8dd9f4dc5b5
1582,25.531108219,8.325278,34,v4,88000000ffffffffffffa8dd9f4dc5b5
1583,25.541256173,10.147954,34,v4,88000000ffffffffffffa8dd9f4dc5b5
1584,25.550206075,8.949902,34,v4,88000000ffffffffffffa8dd9f4dc5b5
1585,25.559380925,9.174850,34,v4,88000000ffffffffffffa8dd9f4dc5b5
1586,25.568564297,9.183372,34,v4,88000000ffffffffffffa8dd9f4dc5b5
1587,25.577564320,9.000023,34,v4,88000000ffffffffffffa8dd9f4dc5b5
1588,25.586785308,9.220988,34,v4,88000000ffffffffffffa8dd9f4dc5b5
1589,25.595933207,9.147899,34,v4,88000000ffffffffffffa8dd9f4dc5b5
1590,25.604979837,9.046630,34,v4,88000000ffffffffffffa8dd9f4dc5b5
1591,25.615392384,10.412547,34,v4,88000000ffffffffffffa8dd9f4dc5b5
1592,25.624574663,9.182279,34,v4,88000000ffffffffffffa8dd9f4dc5b5
1593,25.633698236,9.123573,34,v4,88000000ffffffffffffa8dd9f4dc5b5
1594,25.642752817,9.054581,34,v4,88000000ffffffffffffa8dd9f4dc5b5
1595,25.651680797,8.927980,34,v4,88000000ffffffffffffa8dd9f4dc5b5
1596,25.660908423,9.227626,34,v4,88000000ffffffffffffa8dd9f4dc5b5
1597,25.670303528,9.395105,34,v4,88000000ffffffffffffa8dd9f4dc5b5
1598,25.679481785,9.178257,34,v4,88000000ffffffffffffa8dd9f4dc5b5
1599,25.689370598,9.888813,34,v4,88000000ffffffffffffa8dd9f4dc5b5
1600,25.697574084,8.203486,34,v4,88000000ffffffffffffa8dd9f4dc5b5
1601,25.708461988,10.887904,34,v4,88000000ffffffffffffa8dd9f4dc5b5
1602,25.716244320,7.782332,34,v4,88000000ffffffffffffa8dd9f4dc5b5
1603,25.725031658,8.787338,34,v4,88000000ffffffffffffa8dd9f4dc5b5
1604,26.057566925,332.535267,34,v4,88000000ffffffffffffa8dd9f4dc5b5
1605,26.066560242,8.993317,34,v4,88000000ffffffffffffa8dd9f4dc5b5
1606,26.075468013,8.907771,34,v4,88000000ffffffffffffa8dd9f4dc5b5
1607,26.084559546,9.091533,34,v4,88000000ffffffffffffa8dd9f4dc5b5
1608,26.093738300,9.178754,34,v4,88000000ffffffffffffa8dd9f4dc5b5
1609,26.102963046,9.224746,34,v4,88000000ffffffffffffa8dd9f4dc5b5
1610,26.112187041,9.223995,34,v4,88000000ffffffffffffa8dd9f4dc5b5
1611,26.121152010,8.964969,34,v4,88000000ffffffffffffa8dd9f4dc5b5
1612,26.130313699,9.161689,34,v4,88000000ffffffffffffa8dd9f4dc5b5
1613,26.140449325,10.135626,34,v4,88000000ffffffffffffa8dd9f4dc5b5
1614,26.149610689,9.161364,34,v4,88000000ffffffffffffa8dd9f4dc5b5
1615,26.158859022,9.248333,34,v4,88000000ffffffffffffa8dd9f4dc5b5
1616,26.167901004,9.041982,34,v4,88000000ffffffffffffa8dd9f4dc5b5
1617,26.177106879,9.205875,34,v4,88000000ffffffffffffa8dd9f4dc5b5
1618,26.186257959,9.151080,34,v4,88000000ffffffffffffa8dd9f4dc5b5
1619,26.195263124,9.005165,34,v4,88000000ffffffffffffa8dd9f4dc5b5
1620,26.203787228,8.524104,34,v4,88000000ffffffffffffa8dd9f4dc5b5
1621,26.213771142,9.983914,34,v4,88000000ffffffffffffa8dd9f4dc5b5
1622,26.221718087,7.946945,34,v4,88000000ffffffffffffa8dd9f4dc5b5
1623,26.230877316,9.159229,34,v4,88000000ffffffffffffa8dd9f4dc5b5
1624,26.240122692,9.245376,34,v4,88000000ffffffffffffa8dd9f4dc5b5
1625,26.249089640,8.966948,34,v4,88000000ffffffffffffa8dd9f4dc5b5
1626,26.258383024,9.293384,34,v4,88000000ffffffffffffa8dd9f4dc5b5
1627,26.267563286,9.180262,34,v4,88000000ffffffffffffa8dd9f4dc5b5
1628,26.277583505,10.020219,34,v4,88000000ffffffffffffa8dd9f4dc5b5
1629,26.286746837,9.163332,34,v4,88000000ffffffffffffa8dd9f4dc5b5
1630,26.296058235,9.311398,34,v4,88000000ffffffffffffa8dd9f4dc5b5
1631,26.305020766,8.962531,34,v4,88000000ffffffffffffa8dd9f4dc5b5
1632,26.314517909,9.497143,34,v4,88000000ffffffffffffa8dd9f4dc5b5
1633,26.323647505,9.129596,34,v4,88000000ffffffffffffa8dd9f4dc5b5
1634,26.332475298,8.827793,34,v4,88000000ffffffffffffa8dd9f4dc5b5
1635,26.341619969,9.144671,34,v4,88000000ffffffffffffa8dd9f4dc5b5
1636,26.351437512,9.817543,34,v4,88000000ffffffffffffa8dd9f4dc5b5
1637,26.360206723,8.769211,34,v4,88000000ffffffffffffa8dd9f4dc5b5
1638,26.368098914,7.892191,34,v4,88000000ffffffffffffa8dd9f4dc5b5
1639,26.377226512,9.127598,34,v4,88000000ffffffffffffa8dd9f4dc5b5
1640,26.386776145,9.549633,34,v4,88000000ffffffffffffa8dd9f4dc5b5
1641,26.395460352,8.684207,34,v4,88000000ffffffffffffa8dd9f4dc5b5
1642,26.406984230,11.523878,34,v4,88000000ffffffffffffa8dd9f4dc5b5
1643,26.414931065,7.946835,34,v4,88000000ffffffffffffa8dd9f4dc5b5
1644,26.424217585,9.286520,34,v4,88000000ffffffffffffa8dd9f4dc5b5
1645,26.433202235,8.984650,34,v4,88000000ffffffffffffa8dd9f4dc5b5
1646,26.442326998,9.124763,34,v4,88000000ffffffffffffa8dd9f4dc5b5
1647,26.451619386,9.292388,34,v4,88000000ffffffffffffa8dd9f4dc5b5
1648,26.460608124,8.988738,34,v4,88000000ffffffffffffa8dd9f4dc5b5
1649,26.469678678,9.070554,34,v4,88000000ffffffffffffa8dd9f4dc5b5
1650,26.478971304,9.292626,34,v4,88000000ffffffffffffa8dd9f4dc5b5
1651,26.487974498,9.003194,34,v4,88000000ffffffffffffa8dd9f4dc5b5
1652,26.497119367,9.144869,34,v4,88000000ffffffffffffa8dd9f4dc5b5
1653,26.508248096,11.128729,34,v4,88000000ffffffffffffa8dd9f4dc5b5
1654,26.514447342,6.199246,34,v4,88000000ffffffffffffa8dd9f4dc5b5
1655,26.523453421,9.006079,34,v4,88000000ffffffffffffa8dd9f4dc5b5
1656,26.533715409,10.261988,34,v4,88000000ffffffffffffa8dd9f4dc5b5
1657,26.542725837,9.010428,34,v4,88000000ffffffffffffa8dd9f4dc5b5
1658,26.553453476,10.727639,34,v4,88000000ffffffffffffa8dd9f4dc5b5
1659,26.561380792,7.927316,34,v4,88000000ffffffffffffa8dd9f4dc5b5
1660,26.570683622,9.302830,34,v4,88000000ffffffffffffa8dd9f4dc5b5
1661,26.579556028,8.872406,34,v4,88000000ffffffffffffa8dd9f4dc5b5
1662,26.588563289,9.007261,34,v4,88000000ffffffffffffa8dd9f4dc5b5
1663,26.597697251,9.133962,34,v4,88000000ffffffffffffa8dd9f4dc5b5
1664,26.606916811,9.219560,34,v4,88000000ffffffffffffa8dd9f4dc5b5
1665,26.616079000,9.162189,34,v4,88000000ffffffffffffa8dd9f4dc5b5
1666,26.625134384,9.055384,34,v4,88000000ffffffffffffa8dd9f4dc5b5
1667,26.634542524,9.408140,34,v4,88000000ffffffffffffa8dd9f4dc5b5
1668,26.643609807,9.067283,34,v4,88000000ffffffffffffa8dd9f4dc5b5
1669,26.652654378,9.044571,34,v4,88000000ffffffffffffa8dd9f4dc5b5
1670,26.662908041,10.253663,34,v4,88000000ffffffffffffa8dd9f4dc5b5
1671,26.671953086,9.045045,34,v4,88000000ffffffffffffa8dd9f4dc5b5
1672,26.680193129,8.240043,34,v4,88000000ffffffffffffa8dd9f4dc5b5
1673,26.691169125,10.975996,34,v4,88000000ffffffffffffa8dd9f4dc5b5
1674,26.698218367,7.049242,34,v4,88000000ffffffffffffa8dd9f4dc5b5
1675,26.707558610,9.340243,34,v4,88000000ffffffffffffa8dd9f4dc5b5
1676,26.716607221,9.048611,34,v4,88000000ffffffffffffa8dd9f4dc5b5
1677,26.725714283,9.107062,34,v4,88000000ffffffffffffa8dd9f4dc5b5
1678,26.734816484,9.102201,34,v4,88000000ffffffffffffa8dd9f4dc5b5
1679,26.744043567,9.227083,34,v4,88000000ffffffffffffa8dd9f4dc5b5
1680,26.753286148,9.242581,34,v4,88000000ffffffffffffa8dd9f4dc5b5
1681,26.762220622,8.934474,34,v4,88000000ffffffffffffa8dd9f4dc5b5
1682,26.771455990,9.235368,34,v4,88000000ffffffffffffa8dd9f4dc5b5
1683,26.780646112,9.190122,34,v4,88000000ffffffffffffa8dd9f4dc5b5
1684,26.790687041,10.040929,34,v4,88000000ffffffffffffa8dd9f4dc5b5
1685,26.799852327,9.165286,34,v4,88000000ffffffffffffa8dd9f4dc5b5
1686,26.808860270,9.007943,34,v4,88000000ffffffffffffa8dd9f4dc5b5
1687,26.818166223,9.305953,34,v4,88000000ffffffffffffa8dd9f4dc5b5
1688,26.827322281,9.156058,34,v4,88000000ffffffffffffa8dd9f4dc5b5
1689,26.836360663,9.038382,34,v4,88000000ffffffffffffa8dd9f4dc5b5
1690,26.844543039,8.182376,34,v4,88000000ffffffffffffa8dd9f4dc5b5
1691,26.853790041,9.247002,34,v4,88000000ffffffffffffa8dd9f4dc5b5
1692,26.862786485,8.996444,34,v4,88000000ffffffffffffa8dd9f4dc5b5
1693,26.872290552,9.504067,34,v4,88000000ffffffffffffa8dd9f4dc5b5
1694,26.881481580,9.191028,34,v4,88000000ffffffffffffa8dd9f4dc5b5
1695,26.890539657,9.058077,34,v4,88000000ffffffffffffa8dd9f4dc5b5
1696,26.899487121,8.947464,34,v4,88000000ffffffffffffa8dd9f4dc5b5
1697,26.909666846,10.179725,34,v4,88000000ffffffffffffa8dd9f4dc5b5
1698,26.918065357,8.398511,34,v4,88000000ffffffffffffa8dd9f4dc5b5
1699,26.927877422,9.812065,34,v4,88000000ffffffffffffa8dd9f4dc5b5
1700,26.936967429,9.090007,34,v4,88000000ffffffffffffa8dd9f4dc5b5
1701,26.946119353,9.151924,34,v4,88000000ffffffffffffa8dd9f4dc5b5
1702,26.955572233,9.452880,34,v4,88000000ffffffffffffa8dd9f4dc5b5
1703,26.964442635,8.870402,34,v4,88000000ffffffffffffa8dd9f4dc5b5
1704,27.325368277,360.925642,34,v4,88000000ffffffffffffa8dd9f4dc5b5
1705,27.334269095,8.900818,34,v4,88000000ffffffffffffa8dd9f4dc5b5
1706,27.342435039,8.165944,34,v4,88000000ffffffffffffa8dd9f4dc5b5
1707,27.351618275,9.183236,34,v4,88000000ffffffffffffa8dd9f4dc5b5
1708,27.361011765,9.393490,34,v4,88000000ffffffffffffa8dd9f4dc5b5
1709,27.369887269,8.875504,34,v4,88000000ffffffffffffa8dd9f4dc5b5
1710,27.379100393,9.213124,34,v4,88000000ffffffffffffa8dd9f4dc5b5
1711,27.388890991,9.790598,34,v4,88000000ffffffffffffa8dd9f4dc5b5
1712,27.397500002,8.609011,34,v4,88000000ffffffffffffa8dd9f4dc5b5
1713,27.405748220,8.248218,34,v4,88000000ffffffffffffa8dd9f4dc5b5
1714,27.414666182,8.917962,34,v4,88000000ffffffffffffa8dd9f4dc5b5
1715,27.423938828,9.272646,34,v4,88000000ffffffffffffa8dd9f4dc5b5
1716,27.433202590,9.263762,34,v4,88000000ffffffffffffa8dd9f4dc5b5
1717,27.443194528,9.991938,34,v4,88000000ffffffffffffa8dd9f4dc5b5
1718,27.451136695,7.942167,34,v4,88000000ffffffffffffa8dd9f4dc5b5
1719,27.460320134,9.183439,34,v4,88000000ffffffffffffa8dd9f4dc5b5
1720,27.469355309,9.035175,34,v4,88000000ffffffffffffa8dd9f4dc5b5
1721,27.478644098,9.288789,34,v4,88000000ffffffffffffa8dd9f4dc5b5
1722,27.487700453,9.056355,34,v4,88000000ffffffffffffa8dd9f4dc5b5
1723,27.496785708,9.085255,34,v4,88000000ffffffffffffa8dd9f4dc5b5
1724,27.504968619,8.182911,34,v4,88000000ffffffffffffa8dd9f4dc5b5
1725,27.514077502,9.108883,34,v4,88000000ffffffffffffa8dd9f4dc5b5
1726,27.523182380,9.104878,34,v4,88000000ffffffffffffa8dd9f4dc5b5
1727,27.532394213,9.211833,34,v4,88000000ffffffffffffa8dd9f4dc5b5
1728,27.541470113,9.075900,34,v4,88000000ffffffffffffa8dd9f4dc5b5
1729,27.550834627,9.364514,34,v4,88000000ffffffffffffa8dd9f4dc5b5
1730,27.560194686,9.360059,34,v4,88000000ffffffffffffa8dd9f4dc5b5
1731,27.568093441,7.898755,34,v4,88000000ffffffffffffa8dd9f4dc5b5
1732,27.579140595,11.047154,34,v4,88000000ffffffffffffa8dd9f4dc5b5
1733,27.588279709,9.139114,34,v4,88000000ffffffffffffa8dd9f4dc5b5
1734,27.597413704,9.133995,34,v4,88000000ffffffffffffa8dd9f4dc5b5
1735,27.605831986,8.418282,34,v4,88000000ffffffffffffa8dd9f4dc5b5
1736,27.614715634,8.883648,34,v4,88000000ffffffffffffa8dd9f4dc5b5
1737,27.623900916,9.185282,34,v4,88000000ffffffffffffa8dd9f4dc5b5
1738,27.633183138,9.282222,34,v4,88000000ffffffffffffa8dd9f4dc5b5
1739,27.642313642,9.130504,34,v4,88000000ffffffffffffa8dd9f4dc5b5
1740,27.651402719,9.089077,34,v4,88000000ffffffffffffa8dd9f4dc5b5
1741,27.660580453,9.177734,34,v4,88000000ffffffffffffa8dd9f4dc5b5
1742,27.668472978,7.892525,34,v4,88000000ffffffffffffa8dd9f4dc5b5
1743,27.677678191,9.205213,34,v4,88000000ffffffffffffa8dd9f4dc5b5
1744,27.686718796,9.040605,34,v4,88000000ffffffffffffa8dd9f4dc5b5
1745,27.695959369,9.240573,34,v4,88000000ffffffffffffa8dd9f4dc5b5
1746,27.706224482,10.265113,34,v4,88000000ffffffffffffa8dd9f4dc5b5
1747,27.715150026,8.925544,34,v4,88000000ffffffffffffa8dd9f4dc5b5
1748,27.724430536,9.280510,34,v4,88000000ffffffffffffa8dd9f4dc5b5
1749,27.732511359,8.080823,34,v4,88000000ffffffffffffa8dd9f4dc5b5
1750,27.741627629,9.116270,34,v4,88000000ffffffffffffa8dd9f4dc5b5
1751,27.750919918,9.292289,34,v4,88000000ffffffffffffa8dd9f4dc5b5
1752,27.759958794,9.038876,34,v4,88000000ffffffffffffa8dd9f4dc5b5
1753,27.769130424,9.171630,34,v4,88000000ffffffffffffa8dd9f4dc5b5
1754,27.777361816,8.231392,34,v4,88000000ffffffffffffa8dd9f4dc5b5
1755,27.786394916,9.033100,34,v4,88000000ffffffffffffa8dd9f4dc5b5
1756,27.795374824,8.979908,34,v4,88000000ffffffffffffa8dd9f4dc5b5
1757,27.804698552,9.323728,34,v4,88000000ffffffffffffa8dd9f4dc5b5
1758,27.813755133,9.056581,34,v4,88000000ffffffffffffa8dd9f4dc5b5
1759,27.823098617,9.343484,34,v4,88000000ffffffffffffa8dd9f4dc5b5
1760,27.832018186,8.919569,34,v4,88000000ffffffffffffa8dd9f4dc5b5
1761,27.841409320,9.391134,34,v4,88000000ffffffffffffa8dd9f4dc5b5
1762,27.850478382,9.069062,34,v4,88000000ffffffffffffa8dd9f4dc5b5
1763,27.859448615,8.970233,34,v4,88000000ffffffffffffa8dd9f4dc5b5
1764,27.868746111,9.297496,34,v4,88000000ffffffffffffa8dd9f4dc5b5
1765,27.877836011,9.089900,34,v4,88000000ffffffffffffa8dd9f4dc5b5
1766,27.886943263,9.107252,34,v4,88000000ffffffffffffa8dd9f4dc5b5
1767,27.895100141,8.156878,34,v4,88000000ffffffffffffa8dd9f4dc5b5
1768,27.904246748,9.146607,34,v4,88000000ffffffffffffa8dd9f4dc5b5
1769,27.913431336,9.184588,34,v4,88000000ffffffffffffa8dd9f4dc5b5
1770,27.922529520,9.098184,34,v4,88000000ffffffffffffa8dd9f4dc5b5
1771,27.931629180,9.099660,34,v4,88000000ffffffffffffa8dd9f4dc5b5
1772,27.940887915,9.258735,34,v4,88000000ffffffffffffa8dd9f4dc5b5
1773,27.949948299,9.060384,34,v4,88000000ffffffffffffa8dd9f4dc5b5
1774,27.958226832,8.278533,34,v4,88000000ffffffffffffa8dd9f4dc5b5
1775,27.968231139,10.004307,34,v4,88000000ffffffffffffa8dd9f4dc5b5
1776,27.977432177,9.201038,34,v4,88000000ffffffffffffa8dd9f4dc5b5
1777,27.986805158,9.372981,34,v4,88000000ffffffffffffa8dd9f4dc5b5
1778,27.995650464,8.845306,34,v4,88000000ffffffffffffa8dd9f4dc5b5
1779,28.003803591,8.153127,34,v4,88000000ffffffffffffa8dd9f4dc5b5
1780,28.013086062,9.282471,34,v4,88000000ffffffffffffa8dd9f4dc5b5
1781,28.022396732,9.310670,34,v4,88000000ffffffffffffa8dd9f4dc5b5
1782,28.031544128,9.147396,34,v4,88000000ffffffffffffa8dd9f4dc5b5
1783,28.040403386,8.859258,34,v4,88000000ffffffffffffa8dd9f4dc5b5
1784,28.049409364,9.005978,34,v4,88000000ffffffffffffa8dd9f4dc5b5
1785,28.058675111,9.265747,34,v4,88000000ffffffffffffa8dd9f4dc5b5
1786,28.066882020,8.206909,34,v4,88000000ffffffffffffa8dd9f4dc5b5
1787,28.075941118,9.059098,34,v4,88000000ffffffffffffa8dd9f4dc5b5
1788,28.085162726,9.221608,34,v4,88000000ffffffffffffa8dd9f4dc5b5
1789,28.095270158,10.107432,34,v4,88000000ffffffffffffa8dd9f4dc5b5
1790,28.104571165,9.301007,34,v4,88000000ffffffffffffa8dd9f4dc5b5
1791,28.113614665,9.043500,34,v4,88000000ffffffffffffa8dd9f4dc5b5
1792,28.122758729,9.144064,34,v4,88000000ffffffffffffa8dd9f4dc5b5
1793,28.130849425,8.090696,34,v4,88000000ffffffffffffa8dd9f4dc5b5
1794,28.140012964,9.163539,34,v4,88000000ffffffffffffa8dd9f4dc5b5
1795,28.149049138,9.036174,34,v4,88000000ffffffffffffa8dd9f4dc5b5
1796,28.158256912,9.207774,34,v4,88000000ffffffffffffa8dd9f4dc5b5
1797,28.167464007,9.207095,34,v4,88000000ffffffffffffa8dd9f4dc5b5
1798,28.176414152,8.950145,34,v4,88000000ffffffffffffa8dd9f4dc5b5
1799,28.185688343,9.274191,34,v4,88000000ffffffffffffa8dd9f4dc5b5
1800,28.193819091,8.130748,34,v4,88000000ffffffffffffa8dd9f4dc5b5
1801,28.203816288,9.997197,34,v4,88000000ffffffffffffa8dd9f4dc5b5
1802,28.212297158,8.480870,34,v4,88000000ffffffffffffa8dd9f4dc5b5
1803,28.222410067,10.112909,34,v4,88000000ffffffffffffa8dd9f4dc5b5
1804,28.553842864,331.432797,34,v4,88000000ffffffffffffa8dd9f4dc5b5
1805,28.561755839,7.912975,34,v4,88000000ffffffffffffa8dd9f4dc5b5
1806,28.570954744,9.198905,34,v4,88000000ffffffffffffa8dd9f4dc5b5
1807,28.581243891,10.289147,34,v4,88000000ffffffffffffa8dd9f4dc5b5
1808,28.589650986,8.407095,34,v4,88000000ffffffffffffa8dd9f4dc5b5
1809,28.598230526,8.579540,34,v4,88000000ffffffffffffa8dd9f4dc5b5
1810,28.608123278,9.892752,34,v4,88000000ffffffffffffa8dd9f4dc5b5
1811,28.617452768,9.329490,34,v4,88000000ffffffffffffa8dd9f4dc5b5
1812,28.625687335,8.234567,34,v4,88000000ffffffffffffa8dd9f4dc5b5
1813,28.633798118,8.110783,34,v4,88000000ffffffffffffa8dd9f4dc5b5
1814,28.643013487,9.215369,34,v4,88000000ffffffffffffa8dd9f4dc5b5
1815,28.653339688,10.326201,34,v4,88000000ffffffffffffa8dd9f4dc5b5
1816,28.662938323,9.598635,34,v4,88000000ffffffffffffa8dd9f4dc5b5
1817,28.670016756,7.078433,34,v4,88000000ffffffffffffa8dd9f4dc5b5
1818,28.678653407,8.636651,34,v4,88000000ffffffffffffa8dd9f4dc5b5
1819,28.687764522,9.111115,34,v4,88000000ffffffffffffa8dd9f4dc5b5
1820,28.696845121,9.080599,34,v4,88000000ffffffffffffa8dd9f4dc5b5
1821,28.705084812,8.239691,34,v4,88000000ffffffffffffa8dd9f4dc5b5
1822,28.714669602,9.584790,34,v4,88000000ffffffffffffa8dd9f4dc5b5
1823,28.723316333,8.646731,34,v4,88000000ffffffffffffa8dd9f4dc5b5
1824,28.732317620,9.001287,34,v4,88000000ffffffffffffa8dd9f4dc5b5
1825,28.742386744,10.069124,34,v4,88000000ffffffffffffa8dd9f4dc5b5
1826,28.750833923,8.447179,34,v4,88000000ffffffffffffa8dd9f4dc5b5
1827,28.759739924,8.906001,34,v4,88000000ffffffffffffa8dd9f4dc5b5
1828,28.768901704,9.161780,34,v4,88000000ffffffffffffa8dd9f4dc5b5
1829,28.777081822,8.180118,34,v4,88000000ffffffffffffa8dd9f4dc5b5
1830,28.786280792,9.198970,34,v4,88000000ffffffffffffa8dd9f4dc5b5
1831,28.795541203,9.260411,34,v4,88000000ffffffffffffa8dd9f4dc5b5
1832,28.804460132,8.918929,34,v4,88000000ffffffffffffa8dd9f4dc5b5
1833,28.812478033,8.017901,34,v4,88000000ffffffffffffa8dd9f4dc5b5
1834,28.821614831,9.136798,34,v4,88000000ffffffffffffa8dd9f4dc5b5
1835,28.830915874,9.301043,34,v4,88000000ffffffffffffa8dd9f4dc5b5
1836,28.840001492,9.085618,34,v4,88000000ffffffffffffa8dd9f4dc5b5
1837,28.848309777,8.308285,34,v4,88000000ffffffffffffa8dd9f4dc5b5
1838,28.857438764,9.128987,34,v4,88000000ffffffffffffa8dd9f4dc5b5
1839,28.866467600,9.028836,34,v4,88000000ffffffffffffa8dd9f4dc5b5
1840,28.876706524,10.238924,34,v4,88000000ffffffffffffa8dd9f4dc5b5
1841,28.884752747,8.046223,34,v4,88000000ffffffffffffa8dd9f4dc5b5
1842,28.895760982,11.008235,34,v4,88000000ffffffffffffa8dd9f4dc5b5
1843,28.903156184,7.395202,34,v4,88000000ffffffffffffa8dd9f4dc5b5
1844,28.913023133,9.866949,34,v4,88000000ffffffffffffa8dd9f4dc5b5
1845,28.921011796,7.988663,34,v4,88000000ffffffffffffa8dd9f4dc5b5
1846,28.929521913,8.510117,34,v4,88000000ffffffffffffa8dd9f4dc5b5
1847,28.938520761,8.998848,34,v4,88000000ffffffffffffa8dd9f4dc5b5
1848,28.947705067,9.184306,34,v4,88000000ffffffffffffa8dd9f4dc5b5
1849,28.956118013,8.412946,34,v4,88000000ffffffffffffa8dd9f4dc5b5
1850,28.964995955,8.877942,34,v4,88000000ffffffffffffa8dd9f4dc5b5
1851,28.974149753,9.153798,34,v4,88000000ffffffffffffa8dd9f4dc5b5
1852,28.983634972,9.485219,34,v4,88000000ffffffffffffa8dd9f4dc5b5
1853,28.991832398,8.197426,34,v4,88000000ffffffffffffa8dd9f4dc5b5
1854,29.003113785,11.281387,34,v4,88000000ffffffffffffa8dd9f4dc5b5
1855,29.010645206,7.531421,34,v4,88000000ffffffffffffa8dd9f4dc5b5
1856,29.019882781,9.237575,34,v4,88000000ffffffffffffa8dd9f4dc5b5
1857,29.029060625,9.177844,34,v4,88000000ffffffffffffa8dd9f4dc5b5
1858,29.037078045,8.017420,34,v4,88000000ffffffffffffa8dd9f4dc5b5
1859,29.046271625,9.193580,34,v4,88000000ffffffffffffa8dd9f4dc5b5
1860,29.055331675,9.060050,34,v4,88000000ffffffffffffa8dd9f4dc5b5
1861,29.063581481,8.249806,34,v4,88000000ffffffffffffa8dd9f4dc5b5
1862,29.072637641,9.056160,34,v4,88000000ffffffffffffa8dd9f4dc5b5
1863,29.081851030,9.213389,34,v4,88000000ffffffffffffa8dd9f4dc5b5
1864,29.091109454,9.258424,34,v4,88000000ffffffffffffa8dd9f4dc5b5
1865,29.099876761,8.767307,34,v4,88000000ffffffffffffa8dd9f4dc5b5
1866,29.108319036,8.442275,34,v4,88000000ffffffffffffa8dd9f4dc5b5
1867,29.117985099,9.666063,34,v4,88000000ffffffffffffa8dd9f4dc5b5
1868,29.126377049,8.391950,34,v4,88000000ffffffffffffa8dd9f4dc5b5
1869,29.135635652,9.258603,34,v4,88000000ffffffffffffa8dd9f4dc5b5
1870,29.144741846,9.106194,34,v4,88000000ffffffffffffa8dd9f4dc5b5
1871,29.153970557,9.228711,34,v4,88000000ffffffffffffa8dd9f4dc5b5
1872,29.163021264,9.050707,34,v4,88000000ffffffffffffa8dd9f4dc5b5
1873,29.171157784,8.136520,34,v4,88000000ffffffffffffa8dd9f4dc5b5
1874,29.180336690,9.178906,34,v4,88000000ffffffffffffa8dd9f4dc5b5
1875,29.189479862,9.143172,34,v4,88000000ffffffffffffa8dd9f4dc5b5
1876,29.198637318,9.157456,34,v4,88000000ffffffffffffa8dd9f4dc5b5
1877,29.207841629,9.204311,34,v4,88000000ffffffffffffa8dd9f4dc5b5
1878,29.216030338,8.188709,34,v4,88000000ffffffffffffa8dd9f4dc5b5
1879,29.225032003,9.001665,34,v4,88000000ffffffffffffa8dd9f4dc5b5
1880,29.234355284,9.323281,34,v4,88000000ffffffffffffa8dd9f4dc5b5
1881,29.243404559,9.049275,34,v4,88000000ffffffffffffa8dd9f4dc5b5
1882,29.251473387,8.068828,34,v4,88000000ffffffffffffa8dd9f4dc5b5
1883,29.261628160,10.154773,34,v4,88000000ffffffffffffa8dd9f4dc5b5
1884,29.270899884,9.271724,34,v4,88000000ffffffffffffa8dd9f4dc5b5
1885,29.280704168,9.804284,34,v4,88000000ffffffffffffa8dd9f4dc5b5
1886,29.288140463,7.436295,34,v4,88000000ffffffffffffa8dd9f4dc5b5
1887,29.297231883,9.091420,34,v4,88000000ffffffffffffa8dd9f4dc5b5
1888,29.306675950,9.444067,34,v4,88000000ffffffffffffa8dd9f4dc5b5
1889,29.314441730,7.765780,34,v4,88000000ffffffffffffa8dd9f4dc5b5
1890,29.323726789,9.285059,34,v4,88000000ffffffffffffa8dd9f4dc5b5
1891,29.334500828,10.774039,34,v4,88000000ffffffffffffa8dd9f4dc5b5
1892,29.342006435,7.505607,34,v4,88000000ffffffffffffa8dd9f4dc5b5
1893,29.351306723,9.300288,34,v4,88000000ffffffffffffa8dd9f4dc5b5
1894,29.359429390,8.122667,34,v4,88000000ffffffffffffa8dd9f4dc5b5
1895,29.368370770,8.941380,34,v4,88000000ffffffffffffa8dd9f4dc5b5
1896,29.377441140,9.070370,34,v4,88000000ffffffffffffa8dd9f4dc5b5
1897,29.386920221,9.479081,34,v4,88000000ffffffffffffa8dd9f4dc5b5
1898,29.395880413,8.960192,34,v4,88000000ffffffffffffa8dd9f4dc5b5
1899,29.404949605,9.069192,34,v4,88000000ffffffffffffa8dd9f4dc5b5
1900,29.414037701,9.088096,34,v4,88000000ffffffffffffa8dd9f4dc5b5
1901,29.422181274,8.143573,34,v4,88000000ffffffffffffa8dd9f4dc5b5
1902,29.431360700,9.179426,34,v4,88000000ffffffffffffa8dd9f4dc5b5
1903,29.440438581,9.077881,34,v4,88000000ffffffffffffa8dd9f4dc5b5
1904,29.794010457,353.571876,34,v4,88000000ffffffffffffa8dd9f4dc5b5
1905,29.802235073,8.224616,34,v4,88000000ffffffffffffa8dd9f4dc5b5
1906,29.811523859,9.288786,34,v4,88000000ffffffffffffa8dd9f4dc5b5
1907,29.820677231,9.153372,34,v4,88000000ffffffffffffa8dd9f4dc5b5
1908,29.828515534,7.838303,34,v4,88000000ffffffffffffa8dd9f4dc5b5
1909,29.837689182,9.173648,34,v4,88000000ffffffffffffa8dd9f4dc5b5
1910,29.846871815,9.182633,34,v4,88000000ffffffffffffa8dd9f4dc5b5
1911,29.855015984,8.144169,34,v4,88000000ffffffffffffa8dd9f4dc5b5
1912,29.864332011,9.316027,34,v4,88000000ffffffffffffa8dd9f4dc5b5
1913,29.872137289,7.805278,34,v4,88000000ffffffffffffa8dd9f4dc5b5
1914,29.881315429,9.178140,34,v4,88000000ffffffffffffa8dd9f4dc5b5
1915,29.890460512,9.145083,34,v4,88000000ffffffffffffa8dd9f4dc5b5
1916,29.899787366,9.326854,34,v4,88000000ffffffffffffa8dd9f4dc5b5
1917,29.907777813,7.990447,34,v4,88000000ffffffffffffa8dd9f4dc5b5
1918,29.917961092,10.183279,34,v4,88000000ffffffffffffa8dd9f4dc5b5
1919,29.927134651,9.173559,34,v4,88000000ffffffffffffa8dd9f4dc5b5
1920,29.935255449,8.120798,34,v4,88000000ffffffffffffa8dd9f4dc5b5
1921,29.944499443,9.243994,34,v4,88000000ffffffffffffa8dd9f4dc5b5
1922,29.952502616,8.003173,34,v4,88000000ffffffffffffa8dd9f4dc5b5
1923,29.961700964,9.198348,34,v4,88000000ffffffffffffa8dd9f4dc5b5
1924,29.971000659,9.299695,34,v4,88000000ffffffffffffa8dd9f4dc5b5
1925,29.978933265,7.932606,34,v4,88000000ffffffffffffa8dd9f4dc5b5
1926,29.988206618,9.273353,34,v4,88000000ffffffffffffa8dd9f4dc5b5
1927,29.997097179,8.890561,34,v4,88000000ffffffffffffa8dd9f4dc5b5
1928,30.005501517,8.404338,34,v4,88000000ffffffffffffa8dd9f4dc5b5
1929,30.014541191,9.039674,34,v4,88000000ffffffffffffa8dd9f4dc5b5
1930,30.023593141,9.051950,34,v4,88000000ffffffffffffa8dd9f4dc5b5
1931,30.031715844,8.122703,34,v4,88000000ffffffffffffa8dd9f4dc5b5
1932,30.041964334,10.248490,34,v4,88000000ffffffffffffa8dd9f4dc5b5
1933,30.051192904,9.228570,34,v4,88000000ffffffffffffa8dd9f4dc5b5
1934,30.059174610,7.981706,34,v4,88000000ffffffffffffa8dd9f4dc5b5
1935,30.068288781,9.114171,34,v4,88000000ffffffffffffa8dd9f4dc5b5
1936,30.077391183,9.102402,34,v4,88000000ffffffffffffa8dd9f4dc5b5
1937,30.085724117,8.332934,34,v4,88000000ffffffffffffa8dd9f4dc5b5
1938,30.094687878,8.963761,34,v4,88000000ffffffffffffa8dd9f4dc5b5
1939,30.102908502,8.220624,34,v4,88000000ffffffffffffa8dd9f4dc5b5
1940,30.111975721,9.067219,34,v4,88000000ffffffffffffa8dd9f4dc5b5
1941,30.121132092,9.156371,34,v4,88000000ffffffffffffa8dd9f4dc5b5
1942,30.129379817,8.247725,34,v4,88000000ffffffffffffa8dd9f4dc5b5
1943,30.138764126,9.384309,34,v4,88000000ffffffffffffa8dd9f4dc5b5
1944,30.147492200,8.728074,34,v4,88000000ffffffffffffa8dd9f4dc5b5
1945,30.156106891,8.614691,34,v4,88000000ffffffffffffa8dd9f4dc5b5
1946,30.165118954,9.012063,34,v4,88000000ffffffffffffa8dd9f4dc5b5
1947,30.175065733,9.946779,34,v4,88000000ffffffffffffa8dd9f4dc5b5
1948,30.183374085,8.308352,34,v4,88000000ffffffffffffa8dd9f4dc5b5
1949,30.192454409,9.080324,34,v4,88000000ffffffffffffa8dd9f4dc5b5
1950,30.200445385,7.990976,34,v4,88000000ffffffffffffa8dd9f4dc5b5
1951,30.209825899,9.380514,34,v4,88000000ffffffffffffa8dd9f4dc5b5
1952,30.218754924,8.929025,34,v4,88000000ffffffffffffa8dd9f4dc5b5
1953,30.227822379,9.067455,34,v4,88000000ffffffffffffa8dd9f4dc5b5
1954,30.236005846,8.183467,34,v4,88000000ffffffffffffa8dd9f4dc5b5
1955,30.245034641,9.028795,34,v4,88000000ffffffffffffa8dd9f4dc5b5
1956,30.254192053,9.157412,34,v4,88000000ffffffffffffa8dd9f4dc5b5
1957,30.262367132,8.175079,34,v4,88000000ffffffffffffa8dd9f4dc5b5
1958,30.271571120,9.203988,34,v4,88000000ffffffffffffa8dd9f4dc5b5
1959,30.279650174,8.079054,34,v4,88000000ffffffffffffa8dd9f4dc5b5
1960,30.288783697,9.133523,34,v4,88000000ffffffffffffa8dd9f4dc5b5
1961,30.297863293,9.079596,34,v4,88000000ffffffffffffa8dd9f4dc5b5
1962,30.307111358,9.248065,34,v4,88000000ffffffffffffa8dd9f4dc5b5
1963,30.316240396,9.129038,34,v4,88000000ffffffffffffa8dd9f4dc5b5
1964,30.325366525,9.126129,34,v4,88000000ffffffffffffa8dd9f4dc5b5
1965,30.333778399,8.411874,34,v4,88000000ffffffffffffa8dd9f4dc5b5
1966,30.342605026,8.826627,34,v4,88000000ffffffffffffa8dd9f4dc5b5
1967,30.350743944,8.138918,34,v4,88000000ffffffffffffa8dd9f4dc5b5
1968,30.359947496,9.203552,34,v4,88000000ffffffffffffa8dd9f4dc5b5
1969,30.369045634,9.098138,34,v4,88000000ffffffffffffa8dd9f4dc5b5
1970,30.377307964,8.262330,34,v4,88000000ffffffffffffa8dd9f4dc5b5
1971,30.386303452,8.995488,34,v4,88000000ffffffffffffa8dd9f4dc5b5
1972,30.395435849,9.132397,34,v4,88000000ffffffffffffa8dd9f4dc5b5
1973,30.403536874,8.101025,34,v4,88000000ffffffffffffa8dd9f4dc5b5
1974,30.412746178,9.209304,34,v4,88000000ffffffffffffa8dd9f4dc5b5
1975,30.421903417,9.157239,34,v4,88000000ffffffffffffa8dd9f4dc5b5
1976,30.430167587,8.264170,34,v4,88000000ffffffffffffa8dd9f4dc5b5
1977,30.440053149,9.885562,34,v4,88000000ffffffffffffa8dd9f4dc5b5
1978,30.449206226,9.153077,34,v4,88000000ffffffffffffa8dd9f4dc5b5
1979,30.457419271,8.213045,34,v4,88000000ffffffffffffa8dd9f4dc5b5
1980,30.466583293,9.164022,34,v4,88000000ffffffffffffa8dd9f4dc5b5
1981,30.475761821,9.178528,34,v4,88000000ffffffffffffa8dd9f4dc5b5
1982,30.484877527,9.115706,34,v4,88000000ffffffffffffa8dd9f4dc5b5
1983,30.492915262,8.037735,34,v4,88000000ffffffffffffa8dd9f4dc5b5
1984,30.502192796,9.277534,34,v4,88000000ffffffffffffa8dd9f4dc5b5
1985,30.511260500,9.067704,34,v4,88000000ffffffffffffa8dd9f4dc5b5
1986,30.519470403,8.209903,34,v4,88000000ffffffffffffa8dd9f4dc5b5
1987,30.528549474,9.079071,34,v4,88000000ffffffffffffa8dd9f4dc5b5
1988,30.537721531,9.172057,34,v4,88000000ffffffffffffa8dd9f4dc5b5
1989,30.545794751,8.073220,34,v4,88000000ffffffffffffa8dd9f4dc5b5
1990,30.555187050,9.392299,34,v4,88000000ffffffffffffa8dd9f4dc5b5
1991,30.565374733,10.187683,34,v4,88000000ffffffffffffa8dd9f4dc5b5
1992,30.573190069,7.815336,34,v4,88000000ffffffffffffa8dd9f4dc5b5
1993,30.582758082,9.568013,34,v4,88000000ffffffffffffa8dd9f4dc5b5
1994,30.591500872,8.742790,34,v4,88000000ffffffffffffa8dd9f4dc5b5
1995,30.599799625,8.298753,34,v4,88000000ffffffffffffa8dd9f4dc5b5
1996,30.608808611,9.008986,34,v4,88000000ffffffffffffa8dd9f4dc5b5
1997,30.616886632,8.078021,34,v4,88000000ffffffffffffa8dd9f4dc5b5
1998,30.626206638,9.320006,34,v4,88000000ffffffffffffa8dd9f4dc5b5
1999,30.635271489,9.064851,34,v4,88000000ffffffffffffa8dd9f4dc5b5
2000,30.643434451,8.162962,34,v4,88000000ffffffffffffa8dd9f4dc5b5
2001,30.652581550,9.147099,34,v4,88000000ffffffffffffa8dd9f4dc5b5
2002,30.661775086,9.193536,34,v4,88000000ffffffffffffa8dd9f4dc5b5
2003,30.669872822,8.097736,34,v4,88000000ffffffffffffa8dd9f4dc5b5
2004,31.023537659,353.664837,34,v4,88000000ffffffffffffa8dd9f4dc5b5
2005,31.031410237,7.872578,34,v4,88000000ffffffffffffa8dd9f4dc5b5
2006,31.040529248,9.119011,34,v4,88000000ffffffffffffa8dd9f4dc5b5
2007,31.049145222,8.615974,34,v4,88000000ffffffffffffa8dd9f4dc5b5
2008,31.058115600,8.970378,34,v4,88000000ffffffffffffa8dd9f4dc5b5
2009,31.066220082,8.104482,34,v4,88000000ffffffffffffa8dd9f4dc5b5
2010,31.075246600,9.026518,34,v4,88000000ffffffffffffa8dd9f4dc5b5
2011,31.084354702,9.108102,34,v4,88000000ffffffffffffa8dd9f4dc5b5
2012,31.093370233,9.015531,34,v4,88000000ffffffffffffa8dd9f4dc5b5
2013,31.102970443,9.600210,34,v4,88000000ffffffffffffa8dd9f4dc5b5
2014,31.110781307,7.810864,34,v4,88000000ffffffffffffa8dd9f4dc5b5
2015,31.119935021,9.153714,34,v4,88000000ffffffffffffa8dd9f4dc5b5
2016,31.128166181,8.231160,34,v4,88000000ffffffffffffa8dd9f4dc5b5
2017,31.137095487,8.929306,34,v4,88000000ffffffffffffa8dd9f4dc5b5
2018,31.146391891,9.296404,34,v4,88000000ffffffffffffa8dd9f4dc5b5
2019,31.156508899,10.117008,34,v4,88000000ffffffffffffa8dd9f4dc5b5
2020,31.165532547,9.023648,34,v4,88000000ffffffffffffa8dd9f4dc5b5
2021,31.173031822,7.499275,34,v4,88000000ffffffffffffa8dd9f4dc5b5
2022,31.182598239,9.566417,34,v4,88000000ffffffffffffa8dd9f4dc5b5
2023,31.190965862,8.367623,34,v4,88000000ffffffffffffa8dd9f4dc5b5
2024,31.199994326,9.028464,34,v4,88000000ffffffffffffa8dd9f4dc5b5
2025,31.209196922,9.202596,34,v4,88000000ffffffffffffa8dd9f4dc5b5
2026,31.216422655,7.225733,34,v4,88000000ffffffffffffa8dd9f4dc5b5
2027,31.225535859,9.113204,34,v4,88000000ffffffffffffa8dd9f4dc5b5
2028,31.234690935,9.155076,34,v4,88000000ffffffffffffa8dd9f4dc5b5
2029,31.244877716,10.186781,34,v4,88000000ffffffffffffa8dd9f4dc5b5
2030,31.251098405,6.220689,34,v4,88000000ffffffffffffa8dd9f4dc5b5
2031,31.260405795,9.307390,34,v4,88000000ffffffffffffa8dd9f4dc5b5
2032,31.268306320,7.900525,34,v4,88000000ffffffffffffa8dd9f4dc5b5
2033,31.277276592,8.970272,34,v4,88000000ffffffffffffa8dd9f4dc5b5
2034,31.286636854,9.360262,34,v4,88000000ffffffffffffa8dd9f4dc5b5
2035,31.295068633,8.431779,34,v4,88000000ffffffffffffa8dd9f4dc5b5
2036,31.303951583,8.882950,34,v4,88000000ffffffffffffa8dd9f4dc5b5
2037,31.312240992,8.289409,34,v4,88000000ffffffffffffa8dd9f4dc5b5
2038,31.321205837,8.964845,34,v4,88000000ffffffffffffa8dd9f4dc5b5
2039,31.329111902,7.906065,34,v4,88000000ffffffffffffa8dd9f4dc5b5
2040,31.338659733,9.547831,34,v4,88000000ffffffffffffa8dd9f4dc5b5
2041,31.348866591,10.206858,34,v4,88000000ffffffffffffa8dd9f4dc5b5
2042,31.357024854,8.158263,34,v4,88000000ffffffffffffa8dd9f4dc5b5
2043,31.365742625,8.717771,34,v4,88000000ffffffffffffa8dd9f4dc5b5
2044,31.373998035,8.255410,34,v4,88000000ffffffffffffa8dd9f4dc5b5
2045,31.383086733,9.088698,34,v4,88000000ffffffffffffa8dd9f4dc5b5
2046,31.391495635,8.408902,34,v4,88000000ffffffffffffa8dd9f4dc5b5
2047,31.400568410,9.072775,34,v4,88000000ffffffffffffa8dd9f4dc5b5
2048,31.409448421,8.880011,34,v4,88000000ffffffffffffa8dd9f4dc5b5
2049,31.417759798,8.311377,34,v4,88000000ffffffffffffa8dd9f4dc5b5
2050,31.426870050,9.110252,34,v4,88000000ffffffffffffa8dd9f4dc5b5
2051,31.435054687,8.184637,34,v4,88000000ffffffffffffa8dd9f4dc5b5
2052,31.444056503,9.001816,34,v4,88000000ffffffffffffa8dd9f4dc5b5
2053,31.452133166,8.076663,34,v4,88000000ffffffffffffa8dd9f4dc5b5
2054,31.459922363,7.789197,99,v4,1c000000aadd9f4dc5b5689199010000
2055,31.461225156,1.302793,30,v4,88000000ffffffffffffa8dd9f4dc5b5
2056,31.470182226,8.957070,30,v4,88000000ffffffffffffa8dd9f4dc5b5
2057,31.479476228,9.294002,30,v4,88000000ffffffffffffa8dd9f4dc5b5
2058,31.487623426,8.147198,30,v4,88000000ffffffffffffa8dd9f4dc5b5
2059,31.497002807,9.379381,30,v4,88000000ffffffffffffa8dd9f4dc5b5
2060,31.505849776,8.846969,30,v4,88000000ffffffffffffa8dd9f4dc5b5
2061,31.514187627,8.337851,30,v4,88000000ffffffffffffa8dd9f4dc5b5
2062,31.524349332,10.161705,30,v4,88000000ffffffffffffa8dd9f4dc5b5
2063,31.531575353,7.226021,30,v4,88000000ffffffffffffa8dd9f4dc5b5
2064,31.540559022,8.983669,30,v4,88000000ffffffffffffa8dd9f4dc5b5
2065,31.549129728,8.570706,30,v4,88000000ffffffffffffa8dd9f4dc5b5
2066,31.558023481,8.893753,30,v4,88000000ffffffffffffa8dd9f4dc5b5
2067,31.566987550,8.964069,30,v4,88000000ffffffffffffa8dd9f4dc5b5
2068,31.575126598,8.139048,30,v4,88000000ffffffffffffa8dd9f4dc5b5
2069,31.584230016,9.103418,30,v4,88000000ffffffffffffa8dd9f4dc5b5
2070,31.592362775,8.132759,30,v4,88000000ffffffffffffa8dd9f4dc5b5
2071,31.602351800,9.989025,30,v4,88000000ffffffffffffa8dd9f4dc5b5
2072,31.611946128,9.594328,30,v4,88000000ffffffffffffa8dd9f4dc5b5
2073,31.619680352,7.734224,30,v4,88000000ffffffffffffa8dd9f4dc5b5
2074,31.627767312,8.086960,30,v4,88000000ffffffffffffa8dd9f4dc5b5
2075,31.636920722,9.153410,30,v4,88000000ffffffffffffa8dd9f4dc5b5
2076,31.645047401,8.126679,30,v4,88000000ffffffffffffa8dd9f4dc5b5
2077,31.654320691,9.273290,30,v4,88000000ffffffffffffa8dd9f4dc5b5
2078,31.663395550,9.074859,30,v4,88000000ffffffffffffa8dd9f4dc5b5
2079,31.671611963,8.216413,30,v4,88000000ffffffffffffa8dd9f4dc5b5
2080,31.680688607,9.076644,30,v4,88000000ffffffffffffa8dd9f4dc5b5
2081,31.688877127,8.188520,30,v4,88000000ffffffffffffa8dd9f4dc5b5
2082,31.698230786,9.353659,30,v4,88000000ffffffffffffa8dd9f4dc5b5
2083,31.706380569,8.149783,30,v4,88000000ffffffffffffa8dd9f4dc5b5
2084,31.715528885,9.148316,30,v4,88000000ffffffffffffa8dd9f4dc5b5
2085,31.723577813,8.048928,30,v4,88000000ffffffffffffa8dd9f4dc5b5
2086,31.733527612,9.949799,30,v4,88000000ffffffffffffa8dd9f4dc5b5
2087,31.741870478,8.342866,30,v4,88000000ffffffffffffa8dd9f4dc5b5
2088,31.751132703,9.262225,30,v4,88000000ffffffffffffa8dd9f4dc5b5
2089,31.760097752,8.965049,30,v4,88000000ffffffffffffa8dd9f4dc5b5
2090,31.768444467,8.346715,30,v4,88000000ffffffffffffa8dd9f4dc5b5
2091,31.777387097,8.942630,30,v4,88000000ffffffffffffa8dd9f4dc5b5
2092,31.785532810,8.145713,30,v4,88000000ffffffffffffa8dd9f4dc5b5
2093,31.796469865,10.937055,30,v4,88000000ffffffffffffa8dd9f4dc5b5
2094,31.803381823,6.911958,30,v4,88000000ffffffffffffa8dd9f4dc5b5
2095,31.811887055,8.505232,30,v4,88000000ffffffffffffa8dd9f4dc5b5
2096,31.820000638,8.113583,30,v4,88000000ffffffffffffa8dd9f4dc5b5
2097,31.829179838,9.179200,30,v4,88000000ffffffffffffa8dd9f4dc5b5
2098,31.837294541,8.114703,30,v4,88000000ffffffffffffa8dd9f4dc5b5
2099,31.846462282,9.167741,30,v4,88000000ffffffffffffa8dd9f4dc5b5
2100,31.857651954,11.189672,30,v4,88000000ffffffffffffa8dd9f4dc5b5
2101,31.864851833,7.199879,30,v4,88000000ffffffffffffa8dd9f4dc5b5
2102,31.875119427,10.267594,30,v4,88000000ffffffffffffa8dd9f4dc5b5
2103,31.881824158,6.704731,30,v4,88000000ffffffffffffa8dd9f4dc5b5
2104,31.891076337,9.252179,30,v4,88000000ffffffffffffa8dd9f4dc5b5
2105,32.222579071,331.502734,30,v4,88000000ffffffffffffa8dd9f4dc5b5
2106,32.232070872,9.491801,30,v4,88000000ffffffffffffa8dd9f4dc5b5
2107,32.241494336,9.423464,30,v4,88000000ffffffffffffa8dd9f4dc5b5
2108,32.249457103,7.962767,30,v4,88000000ffffffffffffa8dd9f4dc5b5
2109,32.256781057,7.323954,30,v4,88000000ffffffffffffa8dd9f4dc5b5
2110,32.266561713,9.780656,30,v4,88000000ffffffffffffa8dd9f4dc5b5
2111,32.274390230,7.828517,30,v4,88000000ffffffffffffa8dd9f4dc5b5
2112,32.285016396,10.626166,30,v4,88000000ffffffffffffa8dd9f4dc5b5
2113,32.292078649,7.062253,30,v4,88000000ffffffffffffa8dd9f4dc5b5
2114,32.300615882,8.537233,30,v4,88000000ffffffffffffa8dd9f4dc5b5
2115,32.308670516,8.054634,30,v4,88000000ffffffffffffa8dd9f4dc5b5
2116,32.317023306,8.352790,30,v4,88000000ffffffffffffa8dd9f4dc5b5
2117,32.326236900,9.213594,30,v4,88000000ffffffffffffa8dd9f4dc5b5
2118,32.333977009,7.740109,30,v4,88000000ffffffffffffa8dd9f4dc5b5
2119,32.343448226,9.471217,30,v4,88000000ffffffffffffa8dd9f4dc5b5
2120,32.351505619,8.057393,30,v4,88000000ffffffffffffa8dd9f4dc5b5
2121,32.360833311,9.327692,30,v4,88000000ffffffffffffa8dd9f4dc5b5
2122,32.368553002,7.719691,30,v4,88000000ffffffffffffa8dd9f4dc5b5
2123,32.377685538,9.132536,30,v4,88000000ffffffffffffa8dd9f4dc5b5
2124,32.387074366,9.388828,30,v4,88000000ffffffffffffa8dd9f4dc5b5
2125,32.396010709,8.936343,30,v4,88000000ffffffffffffa8dd9f4dc5b5
2126,32.404130055,8.119346,30,v4,88000000ffffffffffffa8dd9f4dc5b5
2127,32.412442104,8.312049,30,v4,88000000ffffffffffffa8dd9f4dc5b5
2128,32.421348515,8.906411,30,v4,88000000ffffffffffffa8dd9f4dc5b5
2129,32.429473339,8.124824,30,v4,88000000ffffffffffffa8dd9f4dc5b5
2130,32.438616181,9.142842,30,v4,88000000ffffffffffffa8dd9f4dc5b5
2131,32.447040280,8.424099,30,v4,88000000ffffffffffffa8dd9f4dc5b5
2132,32.456065954,9.025674,30,v4,88000000ffffffffffffa8dd9f4dc5b5
2133,32.464289873,8.223919,30,v4,88000000ffffffffffffa8dd9f4dc5b5
2134,32.473217418,8.927545,30,v4,88000000ffffffffffffa8dd9f4dc5b5
2135,32.481553493,8.336075,30,v4,88000000ffffffffffffa8dd9f4dc5b5
2136,32.490417500,8.864007,30,v4,88000000ffffffffffffa8dd9f4dc5b5
2137,32.498655923,8.238423,30,v4,88000000ffffffffffffa8dd9f4dc5b5
2138,32.507753138,9.097215,30,v4,88000000ffffffffffffa8dd9f4dc5b5
2139,32.516876667,9.123529,30,v4,88000000ffffffffffffa8dd9f4dc5b5
2140,32.525920829,9.044162,30,v4,88000000ffffffffffffa8dd9f4dc5b5
2141,32.534287514,8.366685,30,v4,88000000ffffffffffffa8dd9f4dc5b5
2142,32.543323486,9.035972,30,v4,88000000ffffffffffffa8dd9f4dc5b5
2143,32.551315871,7.992385,30,v4,88000000ffffffffffffa8dd9f4dc5b5
2144,32.559495830,8.179959,30,v4,88000000ffffffffffffa8dd9f4dc5b5
2145,32.568728352,9.232522,30,v4,88000000ffffffffffffa8dd9f4dc5b5
2146,32.576876010,8.147658,30,v4,88000000ffffffffffffa8dd9f4dc5b5
2147,32.586112446,9.236436,30,v4,88000000ffffffffffffa8dd9f4dc5b5
2148,32.594129719,8.017273,30,v4,88000000ffffffffffffa8dd9f4dc5b5
2149,32.603354694,9.224975,30,v4,88000000ffffffffffffa8dd9f4dc5b5
2150,32.611652913,8.298219,30,v4,88000000ffffffffffffa8dd9f4dc5b5
2151,32.619625337,7.972424,30,v4,88000000ffffffffffffa8dd9f4dc5b5
2152,32.628635554,9.010217,30,v4,88000000ffffffffffffa8dd9f4dc5b5
2153,32.637729427,9.093873,30,v4,88000000ffffffffffffa8dd9f4dc5b5
2154,32.648761035,11.031608,30,v4,88000000ffffffffffffa8dd9f4dc5b5
2155,32.657290933,8.529898,30,v4,88000000ffffffffffffa8dd9f4dc5b5
2156,32.665479873,8.188940,30,v4,88000000ffffffffffffa8dd9f4dc5b5
2157,32.673670933,8.191060,30,v4,88000000ffffffffffffa8dd9f4dc5b5
2158,32.681809895,8.138962,30,v4,88000000ffffffffffffa8dd9f4dc5b5
2159,32.690844370,9.034475,30,v4,88000000ffffffffffffa8dd9f4dc5b5
2160,32.698682928,7.838558,30,v4,88000000ffffffffffffa8dd9f4dc5b5
2161,32.708878828,10.195900,30,v4,88000000ffffffffffffa8dd9f4dc5b5
2162,32.718020391,9.141563,30,v4,88000000ffffffffffffa8dd9f4dc5b5
2163,32.726215789,8.195398,30,v4,88000000ffffffffffffa8dd9f4dc5b5
2164,32.735181440,8.965651,30,v4,88000000ffffffffffffa8dd9f4dc5b5
2165,32.743422335,8.240895,30,v4,88000000ffffffffffffa8dd9f4dc5b5
2166,32.752464315,9.041980,30,v4,88000000ffffffffffffa8dd9f4dc5b5
2167,32.760644745,8.180430,30,v4,88000000ffffffffffffa8dd9f4dc5b5
2168,32.770125646,9.480901,30,v4,88000000ffffffffffffa8dd9f4dc5b5
2169,32.779276350,9.150704,30,v4,88000000ffffffffffffa8dd9f4dc5b5
2170,32.788394775,9.118425,30,v4,88000000ffffffffffffa8dd9f4dc5b5
2171,32.796553057,8.158282,30,v4,88000000ffffffffffffa8dd9f4dc5b5
2172,32.805962451,9.409394,30,v4,88000000ffffffffffffa8dd9f4dc5b5
2173,32.813520657,7.558206,30,v4,88000000ffffffffffffa8dd9f4dc5b5
2174,32.821650420,8.129763,30,v4,88000000ffffffffffffa8dd9f4dc5b5
2175,32.830736043,9.085623,30,v4,88000000ffffffffffffa8dd9f4dc5b5
2176,32.838976553,8.240510,30,v4,88000000ffffffffffffa8dd9f4dc5b5
2177,32.848096801,9.120248,30,v4,88000000ffffffffffffa8dd9f4dc5b5
2178,32.856150459,8.053658,30,v4,88000000ffffffffffffa8dd9f4dc5b5
2179,32.865709517,9.559058,30,v4,88000000ffffffffffffa8dd9f4dc5b5
2180,32.873513937,7.804420,30,v4,88000000ffffffffffffa8dd9f4dc5b5
2181,32.881699770,8.185833,30,v4,88000000ffffffffffffa8dd9f4dc5b5
2182,32.891056368,9.356598,30,v4,88000000ffffffffffffa8dd9f4dc5b5
2183,32.899011015,7.954647,30,v4,88000000ffffffffffffa8dd9f4dc5b5
2184,32.909339679,10.328664,30,v4,88000000ffffffffffffa8dd9f4dc5b5
2185,32.918863785,9.524106,30,v4,88000000ffffffffffffa8dd9f4dc5b5
2186,32.926283005,7.419220,30,v4,88000000ffffffffffffa8dd9f4dc5b5
2187,32.934441589,8.158584,30,v4,88000000ffffffffffffa8dd9f4dc5b5
2188,32.943559933,9.118344,30,v4,88000000ffffffffffffa8dd9f4dc5b5
2189,32.951803887,8.243954,30,v4,88000000ffffffffffffa8dd9f4dc5b5
2190,32.960826102,9.022215,30,v4,88000000ffffffffffffa8dd9f4dc5b5
2191,32.969138946,8.312844,30,v4,88000000ffffffffffffa8dd9f4dc5b5
2192,32.977364548,8.225602,30,v4,88000000ffffffffffffa8dd9f4dc5b5
2193,32.986280589,8.916041,30,v4,88000000ffffffffffffa8dd9f4dc5b5
2194,32.994438151,8.157562,30,v4,88000000ffffffffffffa8dd9f4dc5b5
2195,33.003633697,9.195546,30,v4,88000000ffffffffffffa8dd9f4dc5b5
2196,33.011712700,8.079003,30,v4,88000000ffffffffffffa8dd9f4dc5b5
2197,33.020794379,9.081679,30,v4,88000000ffffffffffffa8dd9f4dc5b5
2198,33.029158468,8.364089,30,v4,88000000ffffffffffffa8dd9f4dc5b5
2199,33.039129175,9.970707,30,v4,88000000ffffffffffffa8dd9f4dc5b5
2200,33.047570791,8.441616,30,v4,88000000ffffffffffffa8dd9f4dc5b5
2201,33.057330677,9.759886,30,v4,88000000ffffffffffffa8dd9f4dc5b5
2202,33.066555371,9.224694,30,v4,88000000ffffffffffffa8dd9f4dc5b5
2203,33.073864055,7.308684,30,v4,88000000ffffffffffffa8dd9f4dc5b5
2204,33.083346922,9.482867,30,v4,88000000ffffffffffffa8dd9f4dc5b5
2205,33.413290605,329.943683,30,v4,88000000ffffffffffffa8dd9f4dc5b5
2206,33.423214026,9.923421,30,v4,88000000ffffffffffffa8dd9f4dc5b5
2207,33.430710340,7.496314,30,v4,88000000ffffffffffffa8dd9f4dc5b5
2208,33.440070568,9.360228,30,v4,88000000ffffffffffffa8dd9f4dc5b5
2209,33.447784960,7.714392,30,v4,88000000ffffffffffffa8dd9f4dc5b5
2210,33.455999052,8.214092,30,v4,88000000ffffffffffffa8dd9f4dc5b5
2211,33.464928148,8.929096,30,v4,88000000ffffffffffffa8dd9f4dc5b5
2212,33.473862782,8.934634,30,v4,88000000ffffffffffffa8dd9f4dc5b5
2213,33.480915158,7.052376,30,v4,88000000ffffffffffffa8dd9f4dc5b5
2214,33.490288399,9.373241,30,v4,88000000ffffffffffffa8dd9f4dc5b5
2215,33.498292885,8.004486,30,v4,88000000ffffffffffffa8dd9f4dc5b5
2216,33.506403548,8.110663,30,v4,88000000ffffffffffffa8dd9f4dc5b5
2217,33.515741353,9.337805,30,v4,88000000ffffffffffffa8dd9f4dc5b5
2218,33.523784801,8.043448,30,v4,88000000ffffffffffffa8dd9f4dc5b5
2219,33.533070048,9.285247,30,v4,88000000ffffffffffffa8dd9f4dc5b5
2220,33.541163290,8.093242,30,v4,88000000ffffffffffffa8dd9f4dc5b5
2221,33.549876122,8.712832,30,v4,88000000ffffffffffffa8dd9f4dc5b5
2222,33.558350446,8.474324,30,v4,88000000ffffffffffffa8dd9f4dc5b5
2223,33.567355857,9.005411,30,v4,88000000ffffffffffffa8dd9f4dc5b5
2224,33.575562710,8.206853,30,v4,88000000ffffffffffffa8dd9f4dc5b5
2225,33.583661031,8.098321,30,v4,88000000ffffffffffffa8dd9f4dc5b5
2226,33.592849688,9.188657,30,v4,88000000ffffffffffffa8dd9f4dc5b5
2227,33.600971543,8.121855,30,v4,88000000ffffffffffffa8dd9f4dc5b5
2228,33.610141691,9.170148,30,v4,88000000ffffffffffffa8dd9f4dc5b5
2229,33.618271040,8.129349,30,v4,88000000ffffffffffffa8dd9f4dc5b5
2230,33.626551859,8.280819,30,v4,88000000ffffffffffffa8dd9f4dc5b5
2231,33.635499940,8.948081,30,v4,88000000ffffffffffffa8dd9f4dc5b5
2232,33.643611138,8.111198,30,v4,88000000ffffffffffffa8dd9f4dc5b5
2233,33.652700496,9.089358,30,v4,88000000ffffffffffffa8dd9f4dc5b5
2234,33.660827371,8.126875,30,v4,88000000ffffffffffffa8dd9f4dc5b5
2235,33.669163682,8.336311,30,v4,88000000ffffffffffffa8dd9f4dc5b5
2236,33.678165076,9.001394,30,v4,88000000ffffffffffffa8dd9f4dc5b5
2237,33.687397778,9.232702,30,v4,88000000ffffffffffffa8dd9f4dc5b5
2238,33.695550189,8.152411,30,v4,88000000ffffffffffffa8dd9f4dc5b5
2239,33.704495896,8.945707,30,v4,88000000ffffffffffffa8dd9f4dc5b5
2240,33.712878333,8.382437,30,v4,88000000ffffffffffffa8dd9f4dc5b5
2241,33.720823302,7.944969,30,v4,88000000ffffffffffffa8dd9f4dc5b5
2242,33.729950638,9.127336,30,v4,88000000ffffffffffffa8dd9f4dc5b5
2243,33.738195418,8.244780,30,v4,88000000ffffffffffffa8dd9f4dc5b5
2244,33.746232413,8.036995,30,v4,88000000ffffffffffffa8dd9f4dc5b5
2245,33.755449260,9.216847,30,v4,88000000ffffffffffffa8dd9f4dc5b5
2246,33.763389145,7.939885,30,v4,88000000ffffffffffffa8dd9f4dc5b5
2247,33.771561281,8.172136,30,v4,88000000ffffffffffffa8dd9f4dc5b5
2248,33.780709039,9.147758,30,v4,88000000ffffffffffffa8dd9f4dc5b5
2249,33.788880755,8.171716,30,v4,88000000ffffffffffffa8dd9f4dc5b5
2250,33.797997265,9.116510,30,v4,88000000ffffffffffffa8dd9f4dc5b5
2251,33.806194985,8.197720,30,v4,88000000ffffffffffffa8dd9f4dc5b5
2252,33.815447981,9.252996,30,v4,88000000ffffffffffffa8dd9f4dc5b5
2253,33.824445034,8.997053,30,v4,88000000ffffffffffffa8dd9f4dc5b5
2254,33.832588948,8.143914,30,v4,88000000ffffffffffffa8dd9f4dc5b5
2255,33.840759765,8.170817,30,v4,88000000ffffffffffffa8dd9f4dc5b5
2256,33.850182706,9.422941,30,v4,88000000ffffffffffffa8dd9f4dc5b5
2257,33.858140513,7.957807,30,v4,88000000ffffffffffffa8dd9f4dc5b5
2258,33.866191879,8.051366,30,v4,88000000ffffffffffffa8dd9f4dc5b5
2259,33.875568992,9.377113,30,v4,88000000ffffffffffffa8dd9f4dc5b5
2260,33.883445852,7.876860,30,v4,88000000ffffffffffffa8dd9f4dc5b5
2261,33.891586467,8.140615,30,v4,88000000ffffffffffffa8dd9f4dc5b5
2262,33.900768628,9.182161,30,v4,88000000ffffffffffffa8dd9f4dc5b5
2263,33.910072604,9.303976,30,v4,88000000ffffffffffffa8dd9f4dc5b5
2264,33.916931674,6.859070,30,v4,88000000ffffffffffffa8dd9f4dc5b5
2265,33.926315148,9.383474,30,v4,88000000ffffffffffffa8dd9f4dc5b5
2266,33.934164295,7.849147,30,v4,88000000ffffffffffffa8dd9f4dc5b5
2267,33.944350411,10.186116,30,v4,88000000ffffffffffffa8dd9f4dc5b5
2268,33.952494230,8.143819,30,v4,88000000ffffffffffffa8dd9f4dc5b5
2269,33.960559433,8.065203,30,v4,88000000ffffffffffffa8dd9f4dc5b5
2270,33.969891240,9.331807,30,v4,88000000ffffffffffffa8dd9f4dc5b5
2271,33.977983706,8.092466,30,v4,88000000ffffffffffffa8dd9f4dc5b5
2272,33.987344628,9.360922,30,v4,88000000ffffffffffffa8dd9f4dc5b5
2273,33.995472897,8.128269,30,v4,88000000ffffffffffffa8dd9f4dc5b5
2274,34.003523323,8.050426,30,v4,88000000ffffffffffffa8dd9f4dc5b5
2275,34.011425252,7.901929,30,v4,88000000ffffffffffffa8dd9f4dc5b5
2276,34.020503271,9.078019,30,v4,88000000ffffffffffffa8dd9f4dc5b5
2277,34.028821664,8.318393,30,v4,88000000ffffffffffffa8dd9f4dc5b5
2278,34.036832562,8.010898,30,v4,88000000ffffffffffffa8dd9f4dc5b5
2279,34.046236068,9.403506,30,v4,88000000ffffffffffffa8dd9f4dc5b5
2280,34.053998002,7.761934,30,v4,88000000ffffffffffffa8dd9f4dc5b5
2281,34.063351924,9.353922,30,v4,88000000ffffffffffffa8dd9f4dc5b5
2282,34.071552170,8.200246,30,v4,88000000ffffffffffffa8dd9f4dc5b5
2283,34.080435294,8.883124,30,v4,88000000ffffffffffffa8dd9f4dc5b5
2284,34.091111346,10.676052,30,v4,88000000ffffffffffffa8dd9f4dc5b5
2285,34.097760968,6.649622,30,v4,88000000ffffffffffffa8dd9f4dc5b5
2286,34.106639714,8.878746,30,v4,88000000ffffffffffffa8dd9f4dc5b5
2287,34.116792186,10.152472,30,v4,88000000ffffffffffffa8dd9f4dc5b5
2288,34.123584564,6.792378,30,v4,88000000ffffffffffffa8dd9f4dc5b5
2289,34.131810820,8.226256,30,v4,88000000ffffffffffffa8dd9f4dc5b5
2290,34.140436142,8.625322,30,v4,88000000ffffffffffffa8dd9f4dc5b5
2291,34.148733189,8.297047,30,v4,88000000ffffffffffffa8dd9f4dc5b5
2292,34.156933971,8.200782,30,v4,88000000ffffffffffffa8dd9f4dc5b5
2293,34.165989583,9.055612,30,v4,88000000ffffffffffffa8dd9f4dc5b5
2294,34.173935463,7.945880,30,v4,88000000ffffffffffffa8dd9f4dc5b5
2295,34.181932140,7.996677,30,v4,88000000ffffffffffffa8dd9f4dc5b5
2296,34.191294597,9.362457,30,v4,88000000ffffffffffffa8dd9f4dc5b5
2297,34.199250188,7.955591,30,v4,88000000ffffffffffffa8dd9f4dc5b5
2298,34.209511656,10.261468,30,v4,88000000ffffffffffffa8dd9f4dc5b5
2299,34.217544248,8.032592,30,v4,88000000ffffffffffffa8dd9f4dc5b5
2300,34.225864037,8.319789,30,v4,88000000ffffffffffffa8dd9f4dc5b5
2301,34.234906288,9.042251,30,v4,88000000ffffffffffffa8dd9f4dc5b5
2302,34.245029208,10.122920,30,v4,88000000ffffffffffffa8dd9f4dc5b5
2303,34.251149370,6.120162,30,v4,88000000ffffffffffffa8dd9f4dc5b5
2304,34.260415054,9.265684,30,v4,88000000ffffffffffffa8dd9f4dc5b5
2305,34.590689520,330.274466,30,v4,88000000ffffffffffffa8dd9f4dc5b5
2306,34.599869641,9.180121,30,v4,88000000ffffffffffffa8dd9f4dc5b5
2307,34.607930451,8.060810,30,v4,88000000ffffffffffffa8dd9f4dc5b5
2308,34.617661927,9.731476,30,v4,88000000ffffffffffffa8dd9f4dc5b5
2309,34.625211942,7.550015,30,v4,88000000ffffffffffffa8dd9f4dc5b5
2310,34.633380364,8.168422,30,v4,88000000ffffffffffffa8dd9f4dc5b5
2311,34.643032633,9.652269,30,v4,88000000ffffffffffffa8dd9f4dc5b5
2312,34.652079330,9.046697,30,v4,88000000ffffffffffffa8dd9f4dc5b5
2313,34.658634874,6.555544,30,v4,88000000ffffffffffffa8dd9f4dc5b5
2314,34.666961563,8.326689,30,v4,88000000ffffffffffffa8dd9f4dc5b5
2315,34.675910061,8.948498,30,v4,88000000ffffffffffffa8dd9f4dc5b5
2316,34.685543972,9.633911,30,v4,88000000ffffffffffffa8dd9f4dc5b5
2317,34.692108884,6.564912,30,v4,88000000ffffffffffffa8dd9f4dc5b5
2318,34.700242351,8.133467,30,v4,88000000ffffffffffffa8dd9f4dc5b5
2319,34.709556285,9.313934,30,v4,88000000ffffffffffffa8dd9f4dc5b5
2320,34.717651553,8.095268,30,v4,88000000ffffffffffffa8dd9f4dc5b5
2321,34.727130094,9.478541,30,v4,88000000ffffffffffffa8dd9f4dc5b5
2322,34.734764029,7.633935,30,v4,88000000ffffffffffffa8dd9f4dc5b5
2323,34.744092318,9.328289,30,v4,88000000ffffffffffffa8dd9f4dc5b5
2324,34.752031356,7.939038,30,v4,88000000ffffffffffffa8dd9f4dc5b5
2325,34.760344581,8.313225,30,v4,88000000ffffffffffffa8dd9f4dc5b5
2326,34.768249354,7.904773,30,v4,88000000ffffffffffffa8dd9f4dc5b5
2327,34.777404786,9.155432,30,v4,88000000ffffffffffffa8dd9f4dc5b5
2328,34.785627940,8.223154,30,v4,88000000ffffffffffffa8dd9f4dc5b5
2329,34.793711011,8.083071,30,v4,88000000ffffffffffffa8dd9f4dc5b5
2330,34.802109218,8.398207,30,v4,88000000ffffffffffffa8dd9f4dc5b5
2331,34.811001896,8.892678,30,v4,88000000ffffffffffffa8dd9f4dc5b5
2332,34.819272201,8.270305,30,v4,88000000ffffffffffffa8dd9f4dc5b5
2333,34.827524012,8.251811,30,v4,88000000ffffffffffffa8dd9f4dc5b5
2334,34.835579839,8.055827,30,v4,88000000ffffffffffffa8dd9f4dc5b5
2335,34.844694344,9.114505,30,v4,88000000ffffffffffffa8dd9f4dc5b5
2336,34.853845431,9.151087,30,v4,88000000ffffffffffffa8dd9f4dc5b5
2337,34.861988176,8.142745,30,v4,88000000ffffffffffffa8dd9f4dc5b5
2338,34.869912279,7.924103,30,v4,88000000ffffffffffffa8dd9f4dc5b5
2339,34.879234809,9.322530,30,v4,88000000ffffffffffffa8dd9f4dc5b5
2340,34.887212785,7.977976,30,v4,88000000ffffffffffffa8dd9f4dc5b5
2341,34.896549930,9.337145,30,v4,88000000ffffffffffffa8dd9f4dc5b5
2342,34.904409080,7.859150,30,v4,88000000ffffffffffffa8dd9f4dc5b5
2343,34.912555315,8.146235,30,v4,88000000ffffffffffffa8dd9f4dc5b5
2344,34.920787344,8.232029,30,v4,88000000ffffffffffffa8dd9f4dc5b5
2345,34.928851901,8.064557,30,v4,88000000ffffffffffffa8dd9f4dc5b5
2346,34.937986493,9.134592,30,v4,88000000ffffffffffffa8dd9f4dc5b5
2347,34.946113583,8.127090,30,v4,88000000ffffffffffffa8dd9f4dc5b5
2348,34.954312459,8.198876,30,v4,88000000ffffffffffffa8dd9f4dc5b5
2349,34.962709393,8.396934,30,v4,88000000ffffffffffffa8dd9f4dc5b5
2350,34.971557833,8.848440,30,v4,88000000ffffffffffffa8dd9f4dc5b5
2351,34.981722993,10.165160,30,v4,88000000ffffffffffffa8dd9f4dc5b5
2352,34.989095692,7.372699,30,v4,88000000ffffffffffffa8dd9f4dc5b5
2353,34.997187524,8.091832,30,v4,88000000ffffffffffffa8dd9f4dc5b5
2354,35.006098555,8.911031,30,v4,88000000ffffffffffffa8dd9f4dc5b5
2355,35.014452998,8.354443,30,v4,88000000ffffffffffffa8dd9f4dc5b5
2356,35.022705912,8.252914,30,v4,88000000ffffffffffffa8dd9f4dc5b5
2357,35.031639603,8.933691,30,v4,88000000ffffffffffffa8dd9f4dc5b5
2358,35.039651578,8.011975,30,v4,88000000ffffffffffffa8dd9f4dc5b5
2359,35.047813819,8.162241,30,v4,88000000ffffffffffffa8dd9f4dc5b5
2360,35.055771740,7.957921,30,v4,88000000ffffffffffffa8dd9f4dc5b5
2361,35.065162980,9.391240,30,v4,88000000ffffffffffffa8dd9f4dc5b5
2362,35.073285909,8.122929,30,v4,88000000ffffffffffffa8dd9f4dc5b5
2363,35.081347995,8.062086,30,v4,88000000ffffffffffffa8dd9f4dc5b5
2364,35.089525542,8.177547,30,v4,88000000ffffffffffffa8dd9f4dc5b5
2365,35.098771053,9.245511,30,v4,88000000ffffffffffffa8dd9f4dc5b5
2366,35.108596371,9.825318,30,v4,88000000ffffffffffffa8dd9f4dc5b5
2367,35.116157947,7.561576,30,v4,88000000ffffffffffffa8dd9f4dc5b5
2368,35.123990544,7.832597,30,v4,88000000ffffffffffffa8dd9f4dc5b5
2369,35.133620552,9.630008,30,v4,88000000ffffffffffffa8dd9f4dc5b5
2370,35.141237387,7.616835,30,v4,88000000ffffffffffffa8dd9f4dc5b5
2371,35.149973285,8.735898,30,v4,88000000ffffffffffffa8dd9f4dc5b5
2372,35.158638197,8.664912,30,v4,88000000ffffffffffffa8dd9f4dc5b5
2373,35.168524748,9.886551,30,v4,88000000ffffffffffffa8dd9f4dc5b5
2374,35.174746644,6.221896,30,v4,88000000ffffffffffffa8dd9f4dc5b5
2375,35.184670398,9.923754,30,v4,88000000ffffffffffffa8dd9f4dc5b5
2376,35.192936598,8.266200,30,v4,88000000ffffffffffffa8dd9f4dc5b5
2377,35.200264793,7.328195,30,v4,88000000ffffffffffffa8dd9f4dc5b5
2378,35.208567469,8.302676,30,v4,88000000ffffffffffffa8dd9f4dc5b5
2379,35.216517528,7.950059,30,v4,88000000ffffffffffffa8dd9f4dc5b5
2380,35.224513095,7.995567,30,v4,88000000ffffffffffffa8dd9f4dc5b5
2381,35.235201439,10.688344,30,v4,88000000ffffffffffffa8dd9f4dc5b5
2382,35.241777009,6.575570,30,v4,88000000ffffffffffffa8dd9f4dc5b5
2383,35.250968647,9.191638,30,v4,88000000ffffffffffffa8dd9f4dc5b5
2384,35.259287403,8.318756,30,v4,88000000ffffffffffffa8dd9f4dc5b5
2385,35.268089646,8.802243,30,v4,88000000ffffffffffffa8dd9f4dc5b5
2386,35.276369537,8.279891,30,v4,88000000ffffffffffffa8dd9f4dc5b5
2387,35.284455133,8.085596,30,v4,88000000ffffffffffffa8dd9f4dc5b5
2388,35.292523983,8.068850,30,v4,88000000ffffffffffffa8dd9f4dc5b5
2389,35.301794601,9.270618,30,v4,88000000ffffffffffffa8dd9f4dc5b5
2390,35.310005658,8.211057,30,v4,88000000ffffffffffffa8dd9f4dc5b5
2391,35.317922305,7.916647,30,v4,88000000ffffffffffffa8dd9f4dc5b5
2392,35.327291837,9.369532,30,v4,88000000ffffffffffffa8dd9f4dc5b5
2393,35.335496670,8.204833,30,v4,88000000ffffffffffffa8dd9f4dc5b5
2394,35.343273185,7.776515,30,v4,88000000ffffffffffffa8dd9f4dc5b5
2395,35.351466350,8.193165,30,v4,88000000ffffffffffffa8dd9f4dc5b5
2396,35.360823782,9.357432,30,v4,88000000ffffffffffffa8dd9f4dc5b5
2397,35.369393111,8.569329,30,v4,88000000ffffffffffffa8dd9f4dc5b5
2398,35.378105160,8.712049,30,v4,88000000ffffffffffffa8dd9f4dc5b5
2399,35.386312153,8.206993,30,v4,88000000ffffffffffffa8dd9f4dc5b5
2400,35.395522719,9.210566,30,v4,88000000ffffffffffffa8dd9f4dc5b5
2401,35.403282210,7.759491,30,v4,88000000ffffffffffffa8dd9f4dc5b5
2402,35.411662040,8.379830,30,v4,88000000ffffffffffffa8dd9f4dc5b5
2403,35.419865450,8.203410,30,v4,88000000ffffffffffffa8dd9f4dc5b5
2404,35.429078442,9.212992,30,v4,88000000ffffffffffffa8dd9f4dc5b5
2405,35.759916778,330.838336,30,v4,88000000ffffffffffffa8dd9f4dc5b5
2406,35.768160112,8.243334,30,v4,88000000ffffffffffffa8dd9f4dc5b5
2407,35.776478539,8.318427,30,v4,88000000ffffffffffffa8dd9f4dc5b5
2408,35.784350074,7.871535,30,v4,88000000ffffffffffffa8dd9f4dc5b5
2409,35.792616456,8.266382,30,v4,88000000ffffffffffffa8dd9f4dc5b5
2410,35.800820636,8.204180,30,v4,88000000ffffffffffffa8dd9f4dc5b5
2411,35.809127382,8.306746,30,v4,88000000ffffffffffffa8dd9f4dc5b5
2412,35.817975048,8.847666,30,v4,88000000ffffffffffffa8dd9f4dc5b5
2413,35.825919260,7.944212,30,v4,88000000ffffffffffffa8dd9f4dc5b5
2414,35.834223367,8.304107,30,v4,88000000ffffffffffffa8dd9f4dc5b5
2415,35.842224481,8.001114,30,v4,88000000ffffffffffffa8dd9f4dc5b5
2416,35.850527697,8.303216,30,v4,88000000ffffffffffffa8dd9f4dc5b5
2417,35.858445917,7.918220,30,v4,88000000ffffffffffffa8dd9f4dc5b5
2418,35.866633696,8.187779,30,v4,88000000ffffffffffffa8dd9f4dc5b5
2419,35.875880539,9.246843,30,v4,88000000ffffffffffffa8dd9f4dc5b5
2420,35.883989043,8.108504,30,v4,88000000ffffffffffffa8dd9f4dc5b5
2421,35.892017224,8.028181,30,v4,88000000ffffffffffffa8dd9f4dc5b5
2422,35.901088029,9.070805,30,v4,88000000ffffffffffffa8dd9f4dc5b5
2423,35.909468549,8.380520,30,v4,88000000ffffffffffffa8dd9f4dc5b5
2424,35.917488931,8.020382,30,v4,88000000ffffffffffffa8dd9f4dc5b5
2425,35.926527312,9.038381,30,v4,88000000ffffffffffffa8dd9f4dc5b5
2426,35.934788920,8.261608,30,v4,88000000ffffffffffffa8dd9f4dc5b5
2427,35.942683347,7.894427,30,v4,88000000ffffffffffffa8dd9f4dc5b5
2428,35.950921620,8.238273,30,v4,88000000ffffffffffffa8dd9f4dc5b5
2429,35.959016181,8.094561,30,v4,88000000ffffffffffffa8dd9f4dc5b5
2430,35.967172968,8.156787,30,v4,88000000ffffffffffffa8dd9f4dc5b5
2431,35.975439790,8.266822,30,v4,88000000ffffffffffffa8dd9f4dc5b5
2432,35.984381990,8.942200,30,v4,88000000ffffffffffffa8dd9f4dc5b5
2433,35.992885138,8.503148,30,v4,88000000ffffffffffffa8dd9f4dc5b5
2434,36.000896799,8.011661,30,v4,88000000ffffffffffffa8dd9f4dc5b5
2435,36.008940666,8.043867,30,v4,88000000ffffffffffffa8dd9f4dc5b5
2436,36.017015111,8.074445,30,v4,88000000ffffffffffffa8dd9f4dc5b5
2437,36.026400630,9.385519,30,v4,88000000ffffffffffffa8dd9f4dc5b5
2438,36.035335928,8.935298,30,v4,88000000ffffffffffffa8dd9f4dc5b5
2439,36.043709833,8.373905,30,v4,88000000ffffffffffffa8dd9f4dc5b5
2440,36.051499486,7.789653,30,v4,88000000ffffffffffffa8dd9f4dc5b5
2441,36.059715769,8.216283,30,v4,88000000ffffffffffffa8dd9f4dc5b5
2442,36.067858561,8.142792,30,v4,88000000ffffffffffffa8dd9f4dc5b5
2443,36.075912430,8.053869,30,v4,88000000ffffffffffffa8dd9f4dc5b5
2444,36.084024111,8.111681,30,v4,88000000ffffffffffffa8dd9f4dc5b5
2445,36.093221980,9.197869,30,v4,88000000ffffffffffffa8dd9f4dc5b5
2446,36.101482917,8.260937,30,v4,88000000ffffffffffffa8dd9f4dc5b5
2447,36.109721084,8.238167,30,v4,88000000ffffffffffffa8dd9f4dc5b5
2448,36.117590660,7.869576,30,v4,88000000ffffffffffffa8dd9f4dc5b5
2449,36.125828616,8.237956,30,v4,88000000ffffffffffffa8dd9f4dc5b5
2450,36.133887065,8.058449,30,v4,88000000ffffffffffffa8dd9f4dc5b5
2451,36.142999646,9.112581,30,v4,88000000ffffffffffffa8dd9f4dc5b5
2452,36.151101911,8.102265,30,v4,88000000ffffffffffffa8dd9f4dc5b5
2453,36.160321400,9.219489,30,v4,88000000ffffffffffffa8dd9f4dc5b5
2454,36.168385448,8.064048,30,v4,88000000ffffffffffffa8dd9f4dc5b5
2455,36.177687519,9.302071,30,v4,88000000ffffffffffffa8dd9f4dc5b5
2456,36.185594511,7.906992,30,v4,88000000ffffffffffffa8dd9f4dc5b5
2457,36.193745248,8.150737,30,v4,88000000ffffffffffffa8dd9f4dc5b5
2458,36.201780537,8.035289,30,v4,88000000ffffffffffffa8dd9f4dc5b5
2459,36.209916339,8.135802,30,v4,88000000ffffffffffffa8dd9f4dc5b5
2460,36.218288861,8.372522,30,v4,88000000ffffffffffffa8dd9f4dc5b5
2461,36.227378867,9.090006,30,v4,88000000ffffffffffffa8dd9f4dc5b5
2462,36.235353009,7.974142,30,v4,88000000ffffffffffffa8dd9f4dc5b5
2463,36.243509214,8.156205,30,v4,88000000ffffffffffffa8dd9f4dc5b5
2464,36.251545219,8.036005,30,v4,88000000ffffffffffffa8dd9f4dc5b5
2465,36.260058123,8.512904,30,v4,88000000ffffffffffffa8dd9f4dc5b5
2466,36.267940530,7.882407,30,v4,88000000ffffffffffffa8dd9f4dc5b5
2467,36.277103432,9.162902,30,v4,88000000ffffffffffffa8dd9f4dc5b5
2468,36.286367745,9.264313,30,v4,88000000ffffffffffffa8dd9f4dc5b5
2469,36.294996163,8.628418,30,v4,88000000ffffffffffffa8dd9f4dc5b5
2470,36.302308259,7.312096,30,v4,88000000ffffffffffffa8dd9f4dc5b5
2471,36.310628512,8.320253,30,v4,88000000ffffffffffffa8dd9f4dc5b5
2472,36.318752823,8.124311,30,v4,88000000ffffffffffffa8dd9f4dc5b5
2473,36.327775445,9.022622,30,v4,88000000ffffffffffffa8dd9f4dc5b5
2474,36.335970511,8.195066,30,v4,88000000ffffffffffffa8dd9f4dc5b5
2475,36.344045773,8.075262,30,v4,88000000ffffffffffffa8dd9f4dc5b5
2476,36.352207235,8.161462,30,v4,88000000ffffffffffffa8dd9f4dc5b5
2477,36.360487196,8.279961,30,v4,88000000ffffffffffffa8dd9f4dc5b5
2478,36.368525380,8.038184,30,v4,88000000ffffffffffffa8dd9f4dc5b5
2479,36.377674954,9.149574,30,v4,88000000ffffffffffffa8dd9f4dc5b5
2480,36.385843832,8.168878,30,v4,88000000ffffffffffffa8dd9f4dc5b5
2481,36.394022064,8.178232,30,v4,88000000ffffffffffffa8dd9f4dc5b5
2482,36.401991219,7.969155,30,v4,88000000ffffffffffffa8dd9f4dc5b5
2483,36.410102830,8.111611,30,v4,88000000ffffffffffffa8dd9f4dc5b5
2484,36.419490329,9.387499,30,v4,88000000ffffffffffffa8dd9f4dc5b5
2485,36.428398616,8.908287,30,v4,88000000ffffffffffffa8dd9f4dc5b5
2486,36.436660016,8.261400,30,v4,88000000ffffffffffffa8dd9f4dc5b5
2487,36.444658713,7.998697,30,v4,88000000ffffffffffffa8dd9f4dc5b5
2488,36.452795047,8.136334,30,v4,88000000ffffffffffffa8dd9f4dc5b5
2489,36.460930236,8.135189,30,v4,88000000ffffffffffffa8dd9f4dc5b5
2490,36.469093075,8.162839,30,v4,88000000ffffffffffffa8dd9f4dc5b5
2491,36.477108530,8.015455,30,v4,88000000ffffffffffffa8dd9f4dc5b5
2492,36.486504161,9.395631,30,v4,88000000ffffffffffffa8dd9f4dc5b5
2493,36.494553486,8.049325,30,v4,88000000ffffffffffffa8dd9f4dc5b5
2494,36.502638794,8.085308,30,v4,88000000ffffffffffffa8dd9f4dc5b5
2495,36.510980489,8.341695,30,v4,88000000ffffffffffffa8dd9f4dc5b5
2496,36.518912329,7.931840,30,v4,88000000ffffffffffffa8dd9f4dc5b5
2497,36.527929259,9.016930,30,v4,88000000ffffffffffffa8dd9f4dc5b5
2498,36.536155527,8.226268,30,v4,88000000ffffffffffffa8dd9f4dc5b5
2499,36.545395093,9.239566,30,v4,88000000ffffffffffffa8dd9f4dc5b5
2500,36.553358006,7.962913,30,v4,88000000ffffffffffffa8dd9f4dc5b5
2501,36.561623549,8.265543,30,v4,88000000ffffffffffffa8dd9f4dc5b5
2502,36.569796807,8.173258,30,v4,88000000ffffffffffffa8dd9f4dc5b5
2503,36.578986455,9.189648,30,v4,88000000ffffffffffffa8dd9f4dc5b5
2504,36.587031201,8.044746,30,v4,88000000ffffffffffffa8dd9f4dc5b5
2505,36.917076477,330.045276,30,v4,88000000ffffffffffffa8dd9f4dc5b5
2506,36.925224573,8.148096,30,v4,88000000ffffffffffffa8dd9f4dc5b5
2507,36.934464963,9.240390,30,v4,88000000ffffffffffffa8dd9f4dc5b5
2508,36.942605616,8.140653,30,v4,88000000ffffffffffffa8dd9f4dc5b5
2509,36.950743368,8.137752,30,v4,88000000ffffffffffffa8dd9f4dc5b5
2510,36.958678798,7.935430,30,v4,88000000ffffffffffffa8dd9f4dc5b5
2511,36.966900548,8.221750,30,v4,88000000ffffffffffffa8dd9f4dc5b5
2512,36.975187118,8.286570,30,v4,88000000ffffffffffffa8dd9f4dc5b5
2513,36.984237037,9.049919,30,v4,88000000ffffffffffffa8dd9f4dc5b5
2514,36.992325001,8.087964,30,v4,88000000ffffffffffffa8dd9f4dc5b5
2515,37.000391196,8.066195,30,v4,88000000ffffffffffffa8dd9f4dc5b5
2516,37.008583926,8.192730,30,v4,88000000ffffffffffffa8dd9f4dc5b5
2517,37.016802084,8.218158,30,v4,88000000ffffffffffffa8dd9f4dc5b5
2518,37.024930690,8.128606,30,v4,88000000ffffffffffffa8dd9f4dc5b5
2519,37.034672705,9.742015,30,v4,88000000ffffffffffffa8dd9f4dc5b5
2520,37.042163316,7.490611,30,v4,88000000ffffffffffffa8dd9f4dc5b5
2521,37.049227653,7.064337,30,v4,88000000ffffffffffffa8dd9f4dc5b5
2522,37.057549685,8.322032,30,v4,88000000ffffffffffffa8dd9f4dc5b5
2523,37.066473641,8.923956,30,v4,88000000ffffffffffffa8dd9f4dc5b5
2524,37.074615409,8.141768,30,v4,88000000ffffffffffffa8dd9f4dc5b5
2525,37.082782789,8.167380,30,v4,88000000ffffffffffffa8dd9f4dc5b5
2526,37.090971073,8.188284,30,v4,88000000ffffffffffffa8dd9f4dc5b5
2527,37.099384799,8.413726,30,v4,88000000ffffffffffffa8dd9f4dc5b5
2528,37.107313798,7.928999,30,v4,88000000ffffffffffffa8dd9f4dc5b5
2529,37.116374319,9.060521,30,v4,88000000ffffffffffffa8dd9f4dc5b5
2530,37.124479988,8.105669,30,v4,88000000ffffffffffffa8dd9f4dc5b5
2531,37.132541913,8.061925,30,v4,88000000ffffffffffffa8dd9f4dc5b5
2532,37.140660654,8.118741,30,v4,88000000ffffffffffffa8dd9f4dc5b5
2533,37.148854174,8.193520,30,v4,88000000ffffffffffffa8dd9f4dc5b5
2534,37.157254610,8.400436,30,v4,88000000ffffffffffffa8dd9f4dc5b5
2535,37.165124364,7.869754,30,v4,88000000ffffffffffffa8dd9f4dc5b5
2536,37.173469772,8.345408,30,v4,88000000ffffffffffffa8dd9f4dc5b5
2537,37.181871232,8.401460,30,v4,88000000ffffffffffffa8dd9f4dc5b5
2538,37.189336258,7.465026,30,v4,88000000ffffffffffffa8dd9f4dc5b5
2539,37.198595821,9.259563,30,v4,88000000ffffffffffffa8dd9f4dc5b5
2540,37.206848384,8.252563,30,v4,88000000ffffffffffffa8dd9f4dc5b5
2541,37.215830765,8.982381,30,v4,88000000ffffffffffffa8dd9f4dc5b5
2542,37.224064240,8.233475,30,v4,88000000ffffffffffffa8dd9f4dc5b5
2543,37.232060169,7.995929,30,v4,88000000ffffffffffffa8dd9f4dc5b5
2544,37.240278086,8.217917,30,v4,88000000ffffffffffffa8dd9f4dc5b5
2545,37.248550981,8.272895,30,v4,88000000ffffffffffffa8dd9f4dc5b5
2546,37.256433165,7.882184,30,v4,88000000ffffffffffffa8dd9f4dc5b5
2547,37.264592768,8.159603,30,v4,88000000ffffffffffffa8dd9f4dc5b5
2548,37.272849545,8.256777,30,v4,88000000ffffffffffffa8dd9f4dc5b5
2549,37.280931365,8.081820,30,v4,88000000ffffffffffffa8dd9f4dc5b5
2550,37.288924963,7.993598,30,v4,88000000ffffffffffffa8dd9f4dc5b5
2551,37.297097413,8.172450,30,v4,88000000ffffffffffffa8dd9f4dc5b5
2552,37.305325006,8.227593,30,v4,88000000ffffffffffffa8dd9f4dc5b5
2553,37.313407622,8.082616,30,v4,88000000ffffffffffffa8dd9f4dc5b5
2554,37.321628086,8.220464,30,v4,88000000ffffffffffffa8dd9f4dc5b5
2555,37.330756179,9.128093,30,v4,88000000ffffffffffffa8dd9f4dc5b5
2556,37.339735539,8.979360,30,v4,88000000ffffffffffffa8dd9f4dc5b5
2557,37.346896593,7.161054,30,v4,88000000ffffffffffffa8dd9f4dc5b5
2558,37.355225906,8.329313,30,v4,88000000ffffffffffffa8dd9f4dc5b5
2559,37.364351517,9.125611,30,v4,88000000ffffffffffffa8dd9f4dc5b5
2560,37.372872467,8.520950,30,v4,88000000ffffffffffffa8dd9f4dc5b5
2561,37.380440736,7.568269,30,v4,88000000ffffffffffffa8dd9f4dc5b5
2562,37.388626622,8.185886,30,v4,88000000ffffffffffffa8dd9f4dc5b5
2563,37.396738462,8.111840,30,v4,88000000ffffffffffffa8dd9f4dc5b5
2564,37.404901510,8.163048,30,v4,88000000ffffffffffffa8dd9f4dc5b5
2565,37.413176885,8.275375,30,v4,88000000ffffffffffffa8dd9f4dc5b5
2566,37.421043694,7.866809,30,v4,88000000ffffffffffffa8dd9f4dc5b5
2567,37.431227725,10.184031,30,v4,88000000ffffffffffffa8dd9f4dc5b5
2568,37.438410928,7.183203,30,v4,88000000ffffffffffffa8dd9f4dc5b5
2569,37.446333074,7.922146,30,v4,88000000ffffffffffffa8dd9f4dc5b5
2570,37.455524138,9.191064,30,v4,88000000ffffffffffffa8dd9f4dc5b5
2571,37.463662508,8.138370,30,v4,88000000ffffffffffffa8dd9f4dc5b5
2572,37.471758572,8.096064,30,v4,88000000ffffffffffffa8dd9f4dc5b5
2573,37.479909538,8.150966,30,v4,88000000ffffffffffffa8dd9f4dc5b5
2574,37.488081530,8.171992,30,v4,88000000ffffffffffffa8dd9f4dc5b5
2575,37.496155577,8.074047,30,v4,88000000ffffffffffffa8dd9f4dc5b5
2576,37.504376341,8.220764,30,v4,88000000ffffffffffffa8dd9f4dc5b5
2577,37.512379995,8.003654,30,v4,88000000ffffffffffffa8dd9f4dc5b5
2578,37.520621881,8.241886,30,v4,88000000ffffffffffffa8dd9f4dc5b5
2579,37.528762548,8.140667,30,v4,88000000ffffffffffffa8dd9f4dc5b5
2580,37.536842151,8.079603,30,v4,88000000ffffffffffffa8dd9f4dc5b5
2581,37.544924533,8.082382,30,v4,88000000ffffffffffffa8dd9f4dc5b5
2582,37.554129039,9.204506,30,v4,88000000ffffffffffffa8dd9f4dc5b5
2583,37.561282001,7.152962,30,v4,88000000ffffffffffffa8dd9f4dc5b5
2584,37.569482949,8.200948,30,v4,88000000ffffffffffffa8dd9f4dc5b5
2585,37.578469316,8.986367,30,v4,88000000ffffffffffffa8dd9f4dc5b5
2586,37.587683927,9.214611,30,v4,88000000ffffffffffffa8dd9f4dc5b5
2587,37.595908073,8.224146,30,v4,88000000ffffffffffffa8dd9f4dc5b5
2588,37.603819625,7.911552,30,v4,88000000ffffffffffffa8dd9f4dc5b5
2589,37.612109786,8.290161,30,v4,88000000ffffffffffffa8dd9f4dc5b5
2590,37.620096055,7.986269,30,v4,88000000ffffffffffffa8dd9f4dc5b5
2591,37.628490756,8.394701,30,v4,88000000ffffffffffffa8dd9f4dc5b5
2592,37.636374994,7.884238,30,v4,88000000ffffffffffffa8dd9f4dc5b5
2593,37.644512397,8.137403,30,v4,88000000ffffffffffffa8dd9f4dc5b5
2594,37.652630147,8.117750,30,v4,88000000ffffffffffffa8dd9f4dc5b5
2595,37.661921282,9.291135,30,v4,88000000ffffffffffffa8dd9f4dc5b5
2596,37.668961062,7.039780,30,v4,88000000ffffffffffffa8dd9f4dc5b5
2597,37.677011550,8.050488,30,v4,88000000ffffffffffffa8dd9f4dc5b5
2598,37.686310165,9.298615,30,v4,88000000ffffffffffffa8dd9f4dc5b5
2599,37.694218630,7.908465,30,v4,88000000ffffffffffffa8dd9f4dc5b5
2600,37.702435699,8.217069,30,v4,88000000ffffffffffffa8dd9f4dc5b5
2601,37.710909516,8.473817,30,v4,88000000ffffffffffffa8dd9f4dc5b5
2602,37.720012755,9.103239,30,v4,88000000ffffffffffffa8dd9f4dc5b5
2603,37.727961585,7.948830,30,v4,88000000ffffffffffffa8dd9f4dc5b5
2604,37.736062482,8.100897,30,v4,88000000ffffffffffffa8dd9f4dc5b5
2605,38.066307104,330.244622,30,v4,88000000ffffffffffffa8dd9f4dc5b5
2606,38.074851862,8.544758,30,v4,88000000ffffffffffffa8dd9f4dc5b5
2607,38.082426109,7.574247,30,v4,88000000ffffffffffffa8dd9f4dc5b5
2608,38.090498545,8.072436,30,v4,88000000ffffffffffffa8dd9f4dc5b5
2609,38.100652816,10.154271,30,v4,88000000ffffffffffffa8dd9f4dc5b5
2610,38.107886979,7.234163,30,v4,88000000ffffffffffffa8dd9f4dc5b5
2611,38.117252635,9.365656,30,v4,88000000ffffffffffffa8dd9f4dc5b5
2612,38.125929446,8.676811,30,v4,88000000ffffffffffffa8dd9f4dc5b5
2613,38.134317912,8.388466,30,v4,88000000ffffffffffffa8dd9f4dc5b5
2614,38.142249621,7.931709,30,v4,88000000ffffffffffffa8dd9f4dc5b5
2615,38.150392423,8.142802,30,v4,88000000ffffffffffffa8dd9f4dc5b5
2616,38.156886662,6.494239,30,v4,88000000ffffffffffffa8dd9f4dc5b5
2617,38.165109139,8.222477,30,v4,88000000ffffffffffffa8dd9f4dc5b5
2618,38.170614945,5.505806,99,v4,1c000000aadd9f4dc5b568f5ff010000
2619,38.172023078,1.408133,30,v4,88000000ffffffffffffa8dd9f4dc5b5
2620,38.180034790,8.011712,30,v4,88000000ffffffffffffa8dd9f4dc5b5
2621,38.188460999,8.426209,30,v4,88000000ffffffffffffa8dd9f4dc5b5
2622,38.196619464,8.158465,30,v4,88000000ffffffffffffa8dd9f4dc5b5
2623,38.204343501,7.724037,30,v4,88000000ffffffffffffa8dd9f4dc5b5
2624,38.212702845,8.359344,30,v4,88000000ffffffffffffa8dd9f4dc5b5
2625,38.220727177,8.024332,30,v4,88000000ffffffffffffa8dd9f4dc5b5
2626,38.230673389,9.946212,30,v4,88000000ffffffffffffa8dd9f4dc5b5
2627,38.239992474,9.319085,30,v4,88000000ffffffffffffa8dd9f4dc5b5
2628,38.246901366,6.908892,30,v4,88000000ffffffffffffa8dd9f4dc5b5
2629,38.254279354,7.377988,30,v4,88000000ffffffffffffa8dd9f4dc5b5
2630,38.262877712,8.598358,30,v4,88000000ffffffffffffa8dd9f4dc5b5
2631,38.270762055,7.884343,30,v4,88000000ffffffffffffa8dd9f4dc5b5
2632,38.278541150,7.779095,30,v4,88000000ffffffffffffa8dd9f4dc5b5
2633,38.286724974,8.183824,30,v4,88000000ffffffffffffa8dd9f4dc5b5
2634,38.294961058,8.236084,30,v4,88000000ffffffffffffa8dd9f4dc5b5
2635,38.303003157,8.042099,30,v4,88000000ffffffffffffa8dd9f4dc5b5
2636,38.311037263,8.034106,30,v4,88000000ffffffffffffa8dd9f4dc5b5
2637,38.319355205,8.317942,30,v4,88000000ffffffffffffa8dd9f4dc5b5
2638,38.327360455,8.005250,30,v4,88000000ffffffffffffa8dd9f4dc5b5
2639,38.335597076,8.236621,30,v4,88000000ffffffffffffa8dd9f4dc5b5
2640,38.343680509,8.083433,30,v4,88000000ffffffffffffa8dd9f4dc5b5
2641,38.351854877,8.174368,30,v4,88000000ffffffffffffa8dd9f4dc5b5
2642,38.359846774,7.991897,30,v4,88000000ffffffffffffa8dd9f4dc5b5
2643,38.369130183,9.283409,30,v4,88000000ffffffffffffa8dd9f4dc5b5
2644,38.377205972,8.075789,30,v4,88000000ffffffffffffa8dd9f4dc5b5
2645,38.385303032,8.097060,30,v4,88000000ffffffffffffa8dd9f4dc5b5
2646,38.392323303,7.020271,30,v4,88000000ffffffffffffa8dd9f4dc5b5
2647,38.400359966,8.036663,30,v4,88000000ffffffffffffa8dd9f4dc5b5
2648,38.408627729,8.267763,30,v4,88000000ffffffffffffa8dd9f4dc5b5
2649,38.416684165,8.056436,30,v4,88000000ffffffffffffa8dd9f4dc5b5
2650,38.424922415,8.238250,30,v4,88000000ffffffffffffa8dd9f4dc5b5
2651,38.433051350,8.128935,30,v4,88000000ffffffffffffa8dd9f4dc5b5
2652,38.443118754,10.067404,30,v4,88000000ffffffffffffa8dd9f4dc5b5
2653,38.451232745,8.113991,30,v4,88000000ffffffffffffa8dd9f4dc5b5
2654,38.458040908,6.808163,30,v4,88000000ffffffffffffa8dd9f4dc5b5
2655,38.465514287,7.473379,30,v4,88000000ffffffffffffa8dd9f4dc5b5
2656,38.473613735,8.099448,30,v4,88000000ffffffffffffa8dd9f4dc5b5
2657,38.481965734,8.351999,30,v4,88000000ffffffffffffa8dd9f4dc5b5
2658,38.489925240,7.959506,30,v4,88000000ffffffffffffa8dd9f4dc5b5
2659,38.499088988,9.163748,30,v4,88000000ffffffffffffa8dd9f4dc5b5
2660,38.507237562,8.148574,30,v4,88000000ffffffffffffa8dd9f4dc5b5
2661,38.515356265,8.118703,30,v4,88000000ffffffffffffa8dd9f4dc5b5
2662,38.523424507,8.068242,30,v4,88000000ffffffffffffa8dd9f4dc5b5
2663,38.531611818,8.187311,30,v4,88000000ffffffffffffa8dd9f4dc5b5
2664,38.539677728,8.065910,30,v4,88000000ffffffffffffa8dd9f4dc5b5
2665,38.547998035,8.320307,30,v4,88000000ffffffffffffa8dd9f4dc5b5
2666,38.556041577,8.043542,30,v4,88000000ffffffffffffa8dd9f4dc5b5
2667,38.564101120,8.059543,30,v4,88000000ffffffffffffa8dd9f4dc5b5
2668,38.572190439,8.089319,30,v4,88000000ffffffffffffa8dd9f4dc5b5
2669,38.580312160,8.121721,30,v4,88000000ffffffffffffa8dd9f4dc5b5
2670,38.588675412,8.363252,30,v4,88000000ffffffffffffa8dd9f4dc5b5
2671,38.596499798,7.824386,30,v4,88000000ffffffffffffa8dd9f4dc5b5
2672,38.604785532,8.285734,30,v4,88000000ffffffffffffa8dd9f4dc5b5
2673,38.612858742,8.073210,30,v4,88000000ffffffffffffa8dd9f4dc5b5
2674,38.621097309,8.238567,30,v4,88000000ffffffffffffa8dd9f4dc5b5
2675,38.630092551,8.995242,30,v4,88000000ffffffffffffa8dd9f4dc5b5
2676,38.637289063,7.196512,30,v4,88000000ffffffffffffa8dd9f4dc5b5
2677,38.645484508,8.195445,30,v4,88000000ffffffffffffa8dd9f4dc5b5
2678,38.653318680,7.834172,30,v4,88000000ffffffffffffa8dd9f4dc5b5
2679,38.661490712,8.172032,30,v4,88000000ffffffffffffa8dd9f4dc5b5
2680,38.669730927,8.240215,30,v4,88000000ffffffffffffa8dd9f4dc5b5
2681,38.678044843,8.313916,30,v4,88000000ffffffffffffa8dd9f4dc5b5
2682,38.686091762,8.046919,30,v4,88000000ffffffffffffa8dd9f4dc5b5
2683,38.694119188,8.027426,30,v4,88000000ffffffffffffa8dd9f4dc5b5
2684,38.702396499,8.277311,30,v4,88000000ffffffffffffa8dd9f4dc5b5
2685,38.710390142,7.993643,30,v4,88000000ffffffffffffa8dd9f4dc5b5
2686,38.718367300,7.977158,30,v4,88000000ffffffffffffa8dd9f4dc5b5
2687,38.726618403,8.251103,30,v4,88000000ffffffffffffa8dd9f4dc5b5
2688,38.734749450,8.131047,30,v4,88000000ffffffffffffa8dd9f4dc5b5
2689,38.742970353,8.220903,30,v4,88000000ffffffffffffa8dd9f4dc5b5
2690,38.751010025,8.039672,30,v4,88000000ffffffffffffa8dd9f4dc5b5
2691,38.760059922,9.049897,30,v4,88000000ffffffffffffa8dd9f4dc5b5
2692,38.768262386,8.202464,30,v4,88000000ffffffffffffa8dd9f4dc5b5
2693,38.776383337,8.120951,30,v4,88000000ffffffffffffa8dd9f4dc5b5
2694,38.785388119,9.004782,30,v4,88000000ffffffffffffa8dd9f4dc5b5
2695,38.792635268,7.247149,30,v4,88000000ffffffffffffa8dd9f4dc5b5
2696,38.800800534,8.165266,30,v4,88000000ffffffffffffa8dd9f4dc5b5
2697,38.808881405,8.080871,30,v4,88000000ffffffffffffa8dd9f4dc5b5
2698,38.816931934,8.050529,30,v4,88000000ffffffffffffa8dd9f4dc5b5
2699,38.825193911,8.261977,30,v4,88000000ffffffffffffa8dd9f4dc5b5
2700,38.832300594,7.106683,30,v4,88000000ffffffffffffa8dd9f4dc5b5
2701,38.842504104,10.203510,30,v4,88000000ffffffffffffa8dd9f4dc5b5
2702,38.849001398,6.497294,30,v4,88000000ffffffffffffa8dd9f4dc5b5
2703,38.857199304,8.197906,30,v4,88000000ffffffffffffa8dd9f4dc5b5
2704,38.865148180,7.948876,30,v4,88000000ffffffffffffa8dd9f4dc5b5
2705,38.874761443,9.613263,30,v4,88000000ffffffffffffa8dd9f4dc5b5
2706,39.204505836,329.744393,30,v4,88000000ffffffffffffa8dd9f4dc5b5
2707,39.212505067,7.999231,30,v4,88000000ffffffffffffa8dd9f4dc5b5
2708,39.220600957,8.095890,30,v4,88000000ffffffffffffa8dd9f4dc5b5
2709,39.230484368,9.883411,30,v4,88000000ffffffffffffa8dd9f4dc5b5
2710,39.236693716,6.209348,30,v4,88000000ffffffffffffa8dd9f4dc5b5
2711,39.244804005,8.110289,30,v4,88000000ffffffffffffa8dd9f4dc5b5
2712,39.251953212,7.149207,30,v4,88000000ffffffffffffa8dd9f4dc5b5
2713,39.260322660,8.369448,30,v4,88000000ffffffffffffa8dd9f4dc5b5
2714,39.268269996,7.947336,30,v4,88000000ffffffffffffa8dd9f4dc5b5
2715,39.277277053,9.007057,30,v4,88000000ffffffffffffa8dd9f4dc5b5
2716,39.285365519,8.088466,30,v4,88000000ffffffffffffa8dd9f4dc5b5
2717,39.293577223,8.211704,30,v4,88000000ffffffffffffa8dd9f4dc5b5
2718,39.301688608,8.111385,30,v4,88000000ffffffffffffa8dd9f4dc5b5
2719,39.309910476,8.221868,30,v4,88000000ffffffffffffa8dd9f4dc5b5
2720,39.318358429,8.447953,30,v4,88000000ffffffffffffa8dd9f4dc5b5
2721,39.326190550,7.832121,30,v4,88000000ffffffffffffa8dd9f4dc5b5
2722,39.334613248,8.422698,30,v4,88000000ffffffffffffa8dd9f4dc5b5
2723,39.341468305,6.855057,30,v4,88000000ffffffffffffa8dd9f4dc5b5
2724,39.349674044,8.205739,30,v4,88000000ffffffffffffa8dd9f4dc5b5
2725,39.357816618,8.142574,30,v4,88000000ffffffffffffa8dd9f4dc5b5
2726,39.365887466,8.070848,30,v4,88000000ffffffffffffa8dd9f4dc5b5
2727,39.373867929,7.980463,30,v4,88000000ffffffffffffa8dd9f4dc5b5
2728,39.382578024,8.710095,30,v4,88000000ffffffffffffa8dd9f4dc5b5
2729,39.389182097,6.604073,30,v4,88000000ffffffffffffa8dd9f4dc5b5
2730,39.397162673,7.980576,30,v4,88000000ffffffffffffa8dd9f4dc5b5
2731,39.406302026,9.139353,30,v4,88000000ffffffffffffa8dd9f4dc5b5
2732,39.414455052,8.153026,30,v4,88000000ffffffffffffa8dd9f4dc5b5
2733,39.422697742,8.242690,30,v4,88000000ffffffffffffa8dd9f4dc5b5
2734,39.430742851,8.045109,30,v4,88000000ffffffffffffa8dd9f4dc5b5
2735,39.439032277,8.289426,30,v4,88000000ffffffffffffa8dd9f4dc5b5
2736,39.446905679,7.873402,30,v4,88000000ffffffffffffa8dd9f4dc5b5
2737,39.455076187,8.170508,30,v4,88000000ffffffffffffa8dd9f4dc5b5
2738,39.462361365,7.285178,30,v4,88000000ffffffffffffa8dd9f4dc5b5
2739,39.472236017,9.874652,30,v4,88000000ffffffffffffa8dd9f4dc5b5
2740,39.480316805,8.080788,30,v4,88000000ffffffffffffa8dd9f4dc5b5
2741,39.488672916,8.356111,30,v4,88000000ffffffffffffa8dd9f4dc5b5
2742,39.495913401,7.240485,30,v4,88000000ffffffffffffa8dd9f4dc5b5
2743,39.503026127,7.112726,30,v4,88000000ffffffffffffa8dd9f4dc5b5
2744,39.511289210,8.263083,30,v4,88000000ffffffffffffa8dd9f4dc5b5
2745,39.520753595,9.464385,30,v4,88000000ffffffffffffa8dd9f4dc5b5
2746,39.527296442,6.542847,30,v4,88000000ffffffffffffa8dd9f4dc5b5
2747,39.536409980,9.113538,30,v4,88000000ffffffffffffa8dd9f4dc5b5
2748,39.543422286,7.012306,30,v4,88000000ffffffffffffa8dd9f4dc5b5
2749,39.553169378,9.747092,30,v4,88000000ffffffffffffa8dd9f4dc5b5
2750,39.560069295,6.899917,30,v4,88000000ffffffffffffa8dd9f4dc5b5
2751,39.568061795,7.992500,30,v4,88000000ffffffffffffa8dd9f4dc5b5
2752,39.576050131,7.988336,30,v4,88000000ffffffffffffa8dd9f4dc5b5
2753,39.584095974,8.045843,30,v4,88000000ffffffffffffa8dd9f4dc5b5
2754,39.592224211,8.128237,30,v4,88000000ffffffffffffa8dd9f4dc5b5
2755,39.600506809,8.282598,30,v4,88000000ffffffffffffa8dd9f4dc5b5
2756,39.607524252,7.017443,30,v4,88000000ffffffffffffa8dd9f4dc5b5
2757,39.615694103,8.169851,30,v4,88000000ffffffffffffa8dd9f4dc5b5
2758,39.624159877,8.465774,30,v4,88000000ffffffffffffa8dd9f4dc5b5
2759,39.632136360,7.976483,30,v4,88000000ffffffffffffa8dd9f4dc5b5
2760,39.640113695,7.977335,30,v4,88000000ffffffffffffa8dd9f4dc5b5
2761,39.648274188,8.160493,30,v4,88000000ffffffffffffa8dd9f4dc5b5
2762,39.656299333,8.025145,30,v4,88000000ffffffffffffa8dd9f4dc5b5
2763,39.663543574,7.244241,30,v4,88000000ffffffffffffa8dd9f4dc5b5
2764,39.672728070,9.184496,30,v4,88000000ffffffffffffa8dd9f4dc5b5
2765,39.681691093,8.963023,30,v4,88000000ffffffffffffa8dd9f4dc5b5
2766,39.688863709,7.172616,30,v4,88000000ffffffffffffa8dd9f4dc5b5
2767,39.696823472,7.959763,30,v4,88000000ffffffffffffa8dd9f4dc5b5
2768,39.705353154,8.529682,30,v4,88000000ffffffffffffa8dd9f4dc5b5
2769,39.713172449,7.819295,30,v4,88000000ffffffffffffa8dd9f4dc5b5
2770,39.721446627,8.274178,30,v4,88000000ffffffffffffa8dd9f4dc5b5
2771,39.729373542,7.926915,30,v4,88000000ffffffffffffa8dd9f4dc5b5
2772,39.737589698,8.216156,30,v4,88000000ffffffffffffa8dd9f4dc5b5
2773,39.744614441,7.024743,30,v4,88000000ffffffffffffa8dd9f4dc5b5
2774,39.752790254,8.175813,30,v4,88000000ffffffffffffa8dd9f4dc5b5
2775,39.760987375,8.197121,30,v4,88000000ffffffffffffa8dd9f4dc5b5
2776,39.768982826,7.995451,30,v4,88000000ffffffffffffa8dd9f4dc5b5
2777,39.777377959,8.395133,30,v4,88000000ffffffffffffa8dd9f4dc5b5
2778,39.785326256,7.948297,30,v4,88000000ffffffffffffa8dd9f4dc5b5
2779,39.793406038,8.079782,30,v4,88000000ffffffffffffa8dd9f4dc5b5
2780,39.802597942,9.191904,30,v4,88000000ffffffffffffa8dd9f4dc5b5
2781,39.810891436,8.293494,30,v4,88000000ffffffffffffa8dd9f4dc5b5
2782,39.817942736,7.051300,30,v4,88000000ffffffffffffa8dd9f4dc5b5
2783,39.826006494,8.063758,30,v4,88000000ffffffffffffa8dd9f4dc5b5
2784,39.834111909,8.105415,30,v4,88000000ffffffffffffa8dd9f4dc5b5
2785,39.842075206,7.963297,30,v4,88000000ffffffffffffa8dd9f4dc5b5
2786,39.850428740,8.353534,30,v4,88000000ffffffffffffa8dd9f4dc5b5
2787,39.858340371,7.911631,30,v4,88000000ffffffffffffa8dd9f4dc5b5
2788,39.866523766,8.183395,30,v4,88000000ffffffffffffa8dd9f4dc5b5
2789,39.873665714,7.141948,30,v4,88000000ffffffffffffa8dd9f4dc5b5
2790,39.881797501,8.131787,30,v4,88000000ffffffffffffa8dd9f4dc5b5
2791,39.889840232,8.042731,30,v4,88000000ffffffffffffa8dd9f4dc5b5
2792,39.898129653,8.289421,30,v4,88000000ffffffffffffa8dd9f4dc5b5
2793,39.906382637,8.252984,30,v4,88000000ffffffffffffa8dd9f4dc5b5
2794,39.914282671,7.900034,30,v4,88000000ffffffffffffa8dd9f4dc5b5
2795,39.922420059,8.137388,30,v4,88000000ffffffffffffa8dd9f4dc5b5
2796,39.931640811,9.220752,30,v4,88000000ffffffffffffa8dd9f4dc5b5
2797,39.938709379,7.068568,30,v4,88000000ffffffffffffa8dd9f4dc5b5
2798,39.946780324,8.070945,30,v4,88000000ffffffffffffa8dd9f4dc5b5
2799,39.955011444,8.231120,30,v4,88000000ffffffffffffa8dd9f4dc5b5
2800,39.963205826,8.194382,30,v4,88000000ffffffffffffa8dd9f4dc5b5
2801,39.971303006,8.097180,30,v4,88000000ffffffffffffa8dd9f4dc5b5
2802,39.979447705,8.144699,30,v4,88000000ffffffffffffa8dd9f4dc5b5
2803,39.987564881,8.117176,30,v4,88000000ffffffffffffa8dd9f4dc5b5
2804,39.995807372,8.242491,30,v4,88000000ffffffffffffa8dd9f4dc5b5
2805,40.002889635,7.082263,30,v4,88000000ffffffffffffa8dd9f4dc5b5
2806,40.336079315,333.189680,30,v4,88000000ffffffffffffa8dd9f4dc5b5
2807,40.343424779,7.345464,30,v4,88000000ffffffffffffa8dd9f4dc5b5
2808,40.351243921,7.819142,30,v4,88000000ffffffffffffa8dd9f4dc5b5
2809,40.359388987,8.145066,30,v4,88000000ffffffffffffa8dd9f4dc5b5
2810,40.367826847,8.437860,30,v4,88000000ffffffffffffa8dd9f4dc5b5
2811,40.377430336,9.603489,30,v4,88000000ffffffffffffa8dd9f4dc5b5
2812,40.383219746,5.789410,30,v4,88000000ffffffffffffa8dd9f4dc5b5
2813,40.391263335,8.043589,30,v4,88000000ffffffffffffa8dd9f4dc5b5
2814,40.400973177,9.709842,30,v4,88000000ffffffffffffa8dd9f4dc5b5
2815,40.407108262,6.135085,30,v4,88000000ffffffffffffa8dd9f4dc5b5
2816,40.414187538,7.079276,30,v4,88000000ffffffffffffa8dd9f4dc5b5
2817,40.422576461,8.388923,30,v4,88000000ffffffffffffa8dd9f4dc5b5
2818,40.430388858,7.812397,30,v4,88000000ffffffffffffa8dd9f4dc5b5
2819,40.438520817,8.131959,30,v4,88000000ffffffffffffa8dd9f4dc5b5
2820,40.446673198,8.152381,30,v4,88000000ffffffffffffa8dd9f4dc5b5
2821,40.454829780,8.156582,30,v4,88000000ffffffffffffa8dd9f4dc5b5
2822,40.462970380,8.140600,30,v4,88000000ffffffffffffa8dd9f4dc5b5
2823,40.471020585,8.050205,30,v4,88000000ffffffffffffa8dd9f4dc5b5
2824,40.478147046,7.126461,30,v4,88000000ffffffffffffa8dd9f4dc5b5
2825,40.486252013,8.104967,30,v4,88000000ffffffffffffa8dd9f4dc5b5
2826,40.494411346,8.159333,30,v4,88000000ffffffffffffa8dd9f4dc5b5
2827,40.503411647,9.000301,30,v4,88000000ffffffffffffa8dd9f4dc5b5
2828,40.510671929,7.260282,30,v4,88000000ffffffffffffa8dd9f4dc5b5
2829,40.518145842,7.473913,30,v4,88000000ffffffffffffa8dd9f4dc5b5
2830,40.525929393,7.783551,30,v4,88000000ffffffffffffa8dd9f4dc5b5
2831,40.534105828,8.176435,30,v4,88000000ffffffffffffa8dd9f4dc5b5
2832,40.542270483,8.164655,30,v4,88000000ffffffffffffa8dd9f4dc5b5
2833,40.549452390,7.181907,30,v4,88000000ffffffffffffa8dd9f4dc5b5
2834,40.557384107,7.931717,30,v4,88000000ffffffffffffa8dd9f4dc5b5
2835,40.565531718,8.147611,30,v4,88000000ffffffffffffa8dd9f4dc5b5
2836,40.573786523,8.254805,30,v4,88000000ffffffffffffa8dd9f4dc5b5
2837,40.581945128,8.158605,30,v4,88000000ffffffffffffa8dd9f4dc5b5
2838,40.589917282,7.972154,30,v4,88000000ffffffffffffa8dd9f4dc5b5
2839,40.598111115,8.193833,30,v4,88000000ffffffffffffa8dd9f4dc5b5
2840,40.606387702,8.276587,30,v4,88000000ffffffffffffa8dd9f4dc5b5
2841,40.614333040,7.945338,30,v4,88000000ffffffffffffa8dd9f4dc5b5
2842,40.621413304,7.080264,30,v4,88000000ffffffffffffa8dd9f4dc5b5
2843,40.629600299,8.186995,30,v4,88000000ffffffffffffa8dd9f4dc5b5
2844,40.637801638,8.201339,30,v4,88000000ffffffffffffa8dd9f4dc5b5
2845,40.644946879,7.145241,30,v4,88000000ffffffffffffa8dd9f4dc5b5
2846,40.652873852,7.926973,30,v4,88000000ffffffffffffa8dd9f4dc5b5
2847,40.661140752,8.266900,30,v4,88000000ffffffffffffa8dd9f4dc5b5
2848,40.669095298,7.954546,30,v4,88000000ffffffffffffa8dd9f4dc5b5
2849,40.677297995,8.202697,30,v4,88000000ffffffffffffa8dd9f4dc5b5
2850,40.684425340,7.127345,30,v4,88000000ffffffffffffa8dd9f4dc5b5
2851,40.692642286,8.216946,30,v4,88000000ffffffffffffa8dd9f4dc5b5
2852,40.701664457,9.022171,30,v4,88000000ffffffffffffa8dd9f4dc5b5
2853,40.709943249,8.278792,30,v4,88000000ffffffffffffa8dd9f4dc5b5
2854,40.718738389,8.795140,30,v4,88000000ffffffffffffa8dd9f4dc5b5
2855,40.725801612,7.063223,30,v4,88000000ffffffffffffa8dd9f4dc5b5
2856,40.735237234,9.435622,30,v4,88000000ffffffffffffa8dd9f4dc5b5
2857,40.743288212,8.050978,30,v4,88000000ffffffffffffa8dd9f4dc5b5
2858,40.749525240,6.237028,30,v4,88000000ffffffffffffa8dd9f4dc5b5
2859,40.757868420,8.343180,30,v4,88000000ffffffffffffa8dd9f4dc5b5
2860,40.764712726,6.844306,30,v4,88000000ffffffffffffa8dd9f4dc5b5
2861,40.772841307,8.128581,30,v4,88000000ffffffffffffa8dd9f4dc5b5
2862,40.782345204,9.503897,30,v4,88000000ffffffffffffa8dd9f4dc5b5
2863,40.789030224,6.685020,30,v4,88000000ffffffffffffa8dd9f4dc5b5
2864,40.796267592,7.237368,30,v4,88000000ffffffffffffa8dd9f4dc5b5
2865,40.804596536,8.328944,30,v4,88000000ffffffffffffa8dd9f4dc5b5
2866,40.812677609,8.081073,30,v4,88000000ffffffffffffa8dd9f4dc5b5
2867,40.820730553,8.052944,30,v4,88000000ffffffffffffa8dd9f4dc5b5
2868,40.828722534,7.991981,30,v4,88000000ffffffffffffa8dd9f4dc5b5
2869,40.836840903,8.118369,30,v4,88000000ffffffffffffa8dd9f4dc5b5
2870,40.845114455,8.273552,30,v4,88000000ffffffffffffa8dd9f4dc5b5
2871,40.853290965,8.176510,30,v4,88000000ffffffffffffa8dd9f4dc5b5
2872,40.860498069,7.207104,30,v4,88000000ffffffffffffa8dd9f4dc5b5
2873,40.868266005,7.767936,30,v4,88000000ffffffffffffa8dd9f4dc5b5
2874,40.876703257,8.437252,30,v4,88000000ffffffffffffa8dd9f4dc5b5
2875,40.884939403,8.236146,30,v4,88000000ffffffffffffa8dd9f4dc5b5
2876,40.892820536,7.881133,30,v4,88000000ffffffffffffa8dd9f4dc5b5
2877,40.899953775,7.133239,30,v4,88000000ffffffffffffa8dd9f4dc5b5
2878,40.908233563,8.279788,30,v4,88000000ffffffffffffa8dd9f4dc5b5
2879,40.916300870,8.067307,30,v4,88000000ffffffffffffa8dd9f4dc5b5
2880,40.924468570,8.167700,30,v4,88000000ffffffffffffa8dd9f4dc5b5
2881,40.932521717,8.053147,30,v4,88000000ffffffffffffa8dd9f4dc5b5
2882,40.939807753,7.286036,30,v4,88000000ffffffffffffa8dd9f4dc5b5
2883,40.948140820,8.333067,30,v4,88000000ffffffffffffa8dd9f4dc5b5
2884,40.955682551,7.541731,30,v4,88000000ffffffffffffa8dd9f4dc5b5
2885,40.963850922,8.168371,30,v4,88000000ffffffffffffa8dd9f4dc5b5
2886,40.972192890,8.341968,30,v4,88000000ffffffffffffa8dd9f4dc5b5
2887,40.980071220,7.878330,30,v4,88000000ffffffffffffa8dd9f4dc5b5
2888,40.990014822,9.943602,30,v4,88000000ffffffffffffa8dd9f4dc5b5
2889,40.997149989,7.135167,30,v4,88000000ffffffffffffa8dd9f4dc5b5
2890,41.005427843,8.277854,30,v4,88000000ffffffffffffa8dd9f4dc5b5
2891,41.012007942,6.580099,30,v4,88000000ffffffffffffa8dd9f4dc5b5
2892,41.019832788,7.824846,30,v4,88000000ffffffffffffa8dd9f4dc5b5
2893,41.028056133,8.223345,30,v4,88000000ffffffffffffa8dd9f4dc5b5
2894,41.036178062,8.121929,30,v4,88000000ffffffffffffa8dd9f4dc5b5
2895,41.043087512,6.909450,30,v4,88000000ffffffffffffa8dd9f4dc5b5
2896,41.051320404,8.232892,30,v4,88000000ffffffffffffa8dd9f4dc5b5
2897,41.059364264,8.043860,30,v4,88000000ffffffffffffa8dd9f4dc5b5
2898,41.067521642,8.157378,30,v4,88000000ffffffffffffa8dd9f4dc5b5
2899,41.074578994,7.057352,30,v4,88000000ffffffffffffa8dd9f4dc5b5
2900,41.082885086,8.306092,30,v4,88000000ffffffffffffa8dd9f4dc5b5
2901,41.090995223,8.110137,30,v4,88000000ffffffffffffa8dd9f4dc5b5
2902,41.100128005,9.132782,30,v4,88000000ffffffffffffa8dd9f4dc5b5
2903,41.107304983,7.176978,30,v4,88000000ffffffffffffa8dd9f4dc5b5
2904,41.115286983,7.982000,30,v4,88000000ffffffffffffa8dd9f4dc5b5
2905,41.123522247,8.235264,30,v4,88000000ffffffffffffa8dd9f4dc5b5
2906,41.452530213,329.007966,30,v4,88000000ffffffffffffa8dd9f4dc5b5
2907,41.460750415,8.220202,30,v4,88000000ffffffffffffa8dd9f4dc5b5
2908,41.468834389,8.083974,30,v4,88000000ffffffffffffa8dd9f4dc5b5
2909,41.475950320,7.115931,30,v4,88000000ffffffffffffa8dd9f4dc5b5
2910,41.484184198,8.233878,30,v4,88000000ffffffffffffa8dd9f4dc5b5
2911,41.493255599,9.071401,30,v4,88000000ffffffffffffa8dd9f4dc5b5
2912,41.500420626,7.165027,30,v4,88000000ffffffffffffa8dd9f4dc5b5
2913,41.508510080,8.089454,30,v4,88000000ffffffffffffa8dd9f4dc5b5
2914,41.516528283,8.018203,30,v4,88000000ffffffffffffa8dd9f4dc5b5
2915,41.523630150,7.101867,30,v4,88000000ffffffffffffa8dd9f4dc5b5
2916,41.531855506,8.225356,30,v4,88000000ffffffffffffa8dd9f4dc5b5
2917,41.540010539,8.155033,30,v4,88000000ffffffffffffa8dd9f4dc5b5
2918,41.547094218,7.083679,30,v4,88000000ffffffffffffa8dd9f4dc5b5
2919,41.555357220,8.263002,30,v4,88000000ffffffffffffa8dd9f4dc5b5
2920,41.563318320,7.961100,30,v4,88000000ffffffffffffa8dd9f4dc5b5
2921,41.572376787,9.058467,30,v4,88000000ffffffffffffa8dd9f4dc5b5
2922,41.578463886,6.087099,30,v4,88000000ffffffffffffa8dd9f4dc5b5
2923,41.586653562,8.189676,30,v4,88000000ffffffffffffa8dd9f4dc5b5
2924,41.593837221,7.183659,30,v4,88000000ffffffffffffa8dd9f4dc5b5
2925,41.601881917,8.044696,30,v4,88000000ffffffffffffa8dd9f4dc5b5
2926,41.610118237,8.236320,30,v4,88000000ffffffffffffa8dd9f4dc5b5
2927,41.619302907,9.184670,30,v4,88000000ffffffffffffa8dd9f4dc5b5
2928,41.626418739,7.115832,30,v4,88000000ffffffffffffa8dd9f4dc5b5
2929,41.634450710,8.031971,30,v4,88000000ffffffffffffa8dd9f4dc5b5
2930,41.642479032,8.028322,30,v4,88000000ffffffffffffa8dd9f4dc5b5
2931,41.649570164,7.091132,30,v4,88000000ffffffffffffa8dd9f4dc5b5
2932,41.657783226,8.213062,30,v4,88000000ffffffffffffa8dd9f4dc5b5
2933,41.665856802,8.073576,30,v4,88000000ffffffffffffa8dd9f4dc5b5
2934,41.673080805,7.224003,30,v4,88000000ffffffffffffa8dd9f4dc5b5
2935,41.681247997,8.167192,30,v4,88000000ffffffffffffa8dd9f4dc5b5
2936,41.689243266,7.995269,30,v4,88000000ffffffffffffa8dd9f4dc5b5
2937,41.696429841,7.186575,30,v4,88000000ffffffffffffa8dd9f4dc5b5
2938,41.704682925,8.253084,30,v4,88000000ffffffffffffa8dd9f4dc5b5
2939,41.712746214,8.063289,30,v4,88000000ffffffffffffa8dd9f4dc5b5
2940,41.719808457,7.062243,30,v4,88000000ffffffffffffa8dd9f4dc5b5
2941,41.727953937,8.145480,30,v4,88000000ffffffffffffa8dd9f4dc5b5
2942,41.735963686,8.009749,30,v4,88000000ffffffffffffa8dd9f4dc5b5
2943,41.743088888,7.125202,30,v4,88000000ffffffffffffa8dd9f4dc5b5
2944,41.752258717,9.169829,30,v4,88000000ffffffffffffa8dd9f4dc5b5
2945,41.760413103,8.154386,30,v4,88000000ffffffffffffa8dd9f4dc5b5
2946,41.767477161,7.064058,30,v4,88000000ffffffffffffa8dd9f4dc5b5
2947,41.775572769,8.095608,30,v4,88000000ffffffffffffa8dd9f4dc5b5
2948,41.783946356,8.373587,30,v4,88000000ffffffffffffa8dd9f4dc5b5
2949,41.792957115,9.010759,30,v4,88000000ffffffffffffa8dd9f4dc5b5
2950,41.799043832,6.086717,30,v4,88000000ffffffffffffa8dd9f4dc5b5
2951,41.807350902,8.307070,30,v4,88000000ffffffffffffa8dd9f4dc5b5
2952,41.814247156,6.896254,30,v4,88000000ffffffffffffa8dd9f4dc5b5
2953,41.822392475,8.145319,30,v4,88000000ffffffffffffa8dd9f4dc5b5
2954,41.830538037,8.145562,30,v4,88000000ffffffffffffa8dd9f4dc5b5
2955,41.838080460,7.542423,30,v4,88000000ffffffffffffa8dd9f4dc5b5
2956,41.845918101,7.837641,30,v4,88000000ffffffffffffa8dd9f4dc5b5
2957,41.853872433,7.954332,30,v4,88000000ffffffffffffa8dd9f4dc5b5
2958,41.861113694,7.241261,30,v4,88000000ffffffffffffa8dd9f4dc5b5
2959,41.869294642,8.180948,30,v4,88000000ffffffffffffa8dd9f4dc5b5
2960,41.878199710,8.905068,30,v4,88000000ffffffffffffa8dd9f4dc5b5
2961,41.886330892,8.131182,30,v4,88000000ffffffffffffa8dd9f4dc5b5
2962,41.893493252,7.162360,30,v4,88000000ffffffffffffa8dd9f4dc5b5
2963,41.901837342,8.344090,30,v4,88000000ffffffffffffa8dd9f4dc5b5
2964,41.909767463,7.930121,30,v4,88000000ffffffffffffa8dd9f4dc5b5
2965,41.916996478,7.229015,30,v4,88000000ffffffffffffa8dd9f4dc5b5
2966,41.925301521,8.305043,30,v4,88000000ffffffffffffa8dd9f4dc5b5
2967,41.933200913,7.899392,30,v4,88000000ffffffffffffa8dd9f4dc5b5
2968,41.940181080,6.980167,30,v4,88000000ffffffffffffa8dd9f4dc5b5
2969,41.948341078,8.159998,30,v4,88000000ffffffffffffa8dd9f4dc5b5
2970,41.956488763,8.147685,30,v4,88000000ffffffffffffa8dd9f4dc5b5
2971,41.963574661,7.085898,30,v4,88000000ffffffffffffa8dd9f4dc5b5
2972,41.971723988,8.149327,30,v4,88000000ffffffffffffa8dd9f4dc5b5
2973,41.979917795,8.193807,30,v4,88000000ffffffffffffa8dd9f4dc5b5
2974,41.987039018,7.121223,30,v4,88000000ffffffffffffa8dd9f4dc5b5
2975,41.995114061,8.075043,30,v4,88000000ffffffffffffa8dd9f4dc5b5
2976,42.003214195,8.100134,30,v4,88000000ffffffffffffa8dd9f4dc5b5
2977,42.011231409,8.017214,30,v4,88000000ffffffffffffa8dd9f4dc5b5
2978,42.019316330,8.084921,30,v4,88000000ffffffffffffa8dd9f4dc5b5
2979,42.027592720,8.276390,30,v4,88000000ffffffffffffa8dd9f4dc5b5
2980,42.034893381,7.300661,30,v4,88000000ffffffffffffa8dd9f4dc5b5
2981,42.042806085,7.912704,30,v4,88000000ffffffffffffa8dd9f4dc5b5
2982,42.051022585,8.216500,30,v4,88000000ffffffffffffa8dd9f4dc5b5
2983,42.058063668,7.041083,30,v4,88000000ffffffffffffa8dd9f4dc5b5
2984,42.066374087,8.310419,30,v4,88000000ffffffffffffa8dd9f4dc5b5
2985,42.074262920,7.888833,30,v4,88000000ffffffffffffa8dd9f4dc5b5
2986,42.081422827,7.159907,30,v4,88000000ffffffffffffa8dd9f4dc5b5
2987,42.089699834,8.277007,30,v4,88000000ffffffffffffa8dd9f4dc5b5
2988,42.097665120,7.965286,30,v4,88000000ffffffffffffa8dd9f4dc5b5
2989,42.104942393,7.277273,30,v4,88000000ffffffffffffa8dd9f4dc5b5
2990,42.113060025,8.117632,30,v4,88000000ffffffffffffa8dd9f4dc5b5
2991,42.121121991,8.061966,30,v4,88000000ffffffffffffa8dd9f4dc5b5
2992,42.128394322,7.272331,30,v4,88000000ffffffffffffa8dd9f4dc5b5
2993,42.139221116,10.826794,30,v4,88000000ffffffffffffa8dd9f4dc5b5
2994,42.145420317,6.199201,30,v4,88000000ffffffffffffa8dd9f4dc5b5
2995,42.152558573,7.138256,30,v4,88000000ffffffffffffa8dd9f4dc5b5
2996,42.160767148,8.208575,30,v4,88000000ffffffffffffa8dd9f4dc5b5
2997,42.168857328,8.090180,30,v4,88000000ffffffffffffa8dd9f4dc5b5
2998,42.176920862,8.063534,30,v4,88000000ffffffffffffa8dd9f4dc5b5
2999,42.184060178,7.139316,30,v4,88000000ffffffffffffa8dd9f4dc5b5
3000,42.192208234,8.148056,30,v4,88000000ffffffffffffa8dd9f4dc5b5
3001,42.200625004,8.416770,30,v4,88000000ffffffffffffa8dd9f4dc5b5
3002,42.208586553,7.961549,30,v4,88000000ffffffffffffa8dd9f4dc5b5
3003,42.215589668,7.003115,30,v4,88000000ffffffffffffa8dd9f4dc5b5
3004,42.223577188,7.987520,30,v4,88000000ffffffffffffa8dd9f4dc5b5
3005,42.231842778,8.265590,30,v4,88000000ffffffffffffa8dd9f4dc5b5
3006,42.562143097,330.300319,30,v4,88000000ffffffffffffa8dd9f4dc5b5
3007,42.570288028,8.144931,30,v4,88000000ffffffffffffa8dd9f4dc5b5
3008,42.577208698,6.920670,30,v4,88000000ffffffffffffa8dd9f4dc5b5
3009,42.585421611,8.212913,30,v4,88000000ffffffffffffa8dd9f4dc5b5
3010,42.592377101,6.955490,30,v4,88000000ffffffffffffa8dd9f4dc5b5
3011,42.600620056,8.242955,30,v4,88000000ffffffffffffa8dd9f4dc5b5
3012,42.608767119,8.147063,30,v4,88000000ffffffffffffa8dd9f4dc5b5
3013,42.615803086,7.035967,30,v4,88000000ffffffffffffa8dd9f4dc5b5
3014,42.624114853,8.311767,30,v4,88000000ffffffffffffa8dd9f4dc5b5
3015,42.631038221,6.923368,30,v4,88000000ffffffffffffa8dd9f4dc5b5
3016,42.639305622,8.267401,30,v4,88000000ffffffffffffa8dd9f4dc5b5
3017,42.648397512,9.091890,30,v4,88000000ffffffffffffa8dd9f4dc5b5
3018,42.654464916,6.067404,30,v4,88000000ffffffffffffa8dd9f4dc5b5
3019,42.663659875,9.194959,30,v4,88000000ffffffffffffa8dd9f4dc5b5
3020,42.670961784,7.301909,30,v4,88000000ffffffffffffa8dd9f4dc5b5
3021,42.679035541,8.073757,30,v4,88000000ffffffffffffa8dd9f4dc5b5
3022,42.685966917,6.931376,30,v4,88000000ffffffffffffa8dd9f4dc5b5
3023,42.693945151,7.978234,30,v4,88000000ffffffffffffa8dd9f4dc5b5
3024,42.702674188,8.729037,30,v4,88000000ffffffffffffa8dd9f4dc5b5
3025,42.709626449,6.952261,30,v4,88000000ffffffffffffa8dd9f4dc5b5
3026,42.717424806,7.798357,30,v4,88000000ffffffffffffa8dd9f4dc5b5
3027,42.724545903,7.121097,30,v4,88000000ffffffffffffa8dd9f4dc5b5
3028,42.733110170,8.564267,30,v4,88000000ffffffffffffa8dd9f4dc5b5
3029,42.739904911,6.794741,30,v4,88000000ffffffffffffa8dd9f4dc5b5
3030,42.748087026,8.182115,30,v4,88000000ffffffffffffa8dd9f4dc5b5
3031,42.755999093,7.912067,30,v4,88000000ffffffffffffa8dd9f4dc5b5
3032,42.763450634,7.451541,30,v4,88000000ffffffffffffa8dd9f4dc5b5
3033,42.771320917,7.870283,30,v4,88000000ffffffffffffa8dd9f4dc5b5
3034,42.778374609,7.053692,30,v4,88000000ffffffffffffa8dd9f4dc5b5
3035,42.787561774,9.187165,30,v4,88000000ffffffffffffa8dd9f4dc5b5
3036,42.794750769,7.188995,30,v4,88000000ffffffffffffa8dd9f4dc5b5
3037,42.802862279,8.111510,30,v4,88000000ffffffffffffa8dd9f4dc5b5
3038,42.810844732,7.982453,30,v4,88000000ffffffffffffa8dd9f4dc5b5
3039,42.817975565,7.130833,30,v4,88000000ffffffffffffa8dd9f4dc5b5
3040,42.826143597,8.168032,30,v4,88000000ffffffffffffa8dd9f4dc5b5
3041,42.833298978,7.155381,30,v4,88000000ffffffffffffa8dd9f4dc5b5
3042,42.841438747,8.139769,30,v4,88000000ffffffffffffa8dd9f4dc5b5
3043,42.849393636,7.954889,30,v4,88000000ffffffffffffa8dd9f4dc5b5
3044,42.856604462,7.210826,30,v4,88000000ffffffffffffa8dd9f4dc5b5
3045,42.864698140,8.093678,30,v4,88000000ffffffffffffa8dd9f4dc5b5
3046,42.871973850,7.275710,30,v4,88000000ffffffffffffa8dd9f4dc5b5
3047,42.879998047,8.024197,30,v4,88000000ffffffffffffa8dd9f4dc5b5
3048,42.887250412,7.252365,30,v4,88000000ffffffffffffa8dd9f4dc5b5
3049,42.895144531,7.894119,30,v4,88000000ffffffffffffa8dd9f4dc5b5
3050,42.902422209,7.277678,30,v4,88000000ffffffffffffa8dd9f4dc5b5
3051,42.912265659,9.843450,30,v4,88000000ffffffffffffa8dd9f4dc5b5
3052,42.919689596,7.423937,30,v4,88000000ffffffffffffa8dd9f4dc5b5
3053,42.928115341,8.425745,30,v4,88000000ffffffffffffa8dd9f4dc5b5
3054,42.936581570,8.466229,30,v4,88000000ffffffffffffa8dd9f4dc5b5
3055,42.941967257,5.385687,30,v4,88000000ffffffffffffa8dd9f4dc5b5
3056,42.950005854,8.038597,30,v4,88000000ffffffffffffa8dd9f4dc5b5
3057,42.958172771,8.166917,30,v4,88000000ffffffffffffa8dd9f4dc5b5
3058,42.965315783,7.143012,30,v4,88000000ffffffffffffa8dd9f4dc5b5
3059,42.973509256,8.193473,30,v4,88000000ffffffffffffa8dd9f4dc5b5
3060,42.980466707,6.957451,30,v4,88000000ffffffffffffa8dd9f4dc5b5
3061,42.988801401,8.334694,30,v4,88000000ffffffffffffa8dd9f4dc5b5
3062,42.996038370,7.236969,30,v4,88000000ffffffffffffa8dd9f4dc5b5
3063,43.004182442,8.144072,30,v4,88000000ffffffffffffa8dd9f4dc5b5
3064,43.012028820,7.846378,30,v4,88000000ffffffffffffa8dd9f4dc5b5
3065,43.019208057,7.179237,30,v4,88000000ffffffffffffa8dd9f4dc5b5
3066,43.027382632,8.174575,30,v4,88000000ffffffffffffa8dd9f4dc5b5
3067,43.034434936,7.052304,30,v4,88000000ffffffffffffa8dd9f4dc5b5
3068,43.042406667,7.971731,30,v4,88000000ffffffffffffa8dd9f4dc5b5
3069,43.050759934,8.353267,30,v4,88000000ffffffffffffa8dd9f4dc5b5
3070,43.058853650,8.093716,30,v4,88000000ffffffffffffa8dd9f4dc5b5
3071,43.066974751,8.121101,30,v4,88000000ffffffffffffa8dd9f4dc5b5
3072,43.074061677,7.086926,30,v4,88000000ffffffffffffa8dd9f4dc5b5
3073,43.082265563,8.203886,30,v4,88000000ffffffffffffa8dd9f4dc5b5
3074,43.089580126,7.314563,30,v4,88000000ffffffffffffa8dd9f4dc5b5
3075,43.097430753,7.850627,30,v4,88000000ffffffffffffa8dd9f4dc5b5
3076,43.104440584,7.009831,30,v4,88000000ffffffffffffa8dd9f4dc5b5
3077,43.112708372,8.267788,30,v4,88000000ffffffffffffa8dd9f4dc5b5
3078,43.120850507,8.142135,30,v4,88000000ffffffffffffa8dd9f4dc5b5
3079,43.128943058,8.092551,30,v4,88000000ffffffffffffa8dd9f4dc5b5
3080,43.136114644,7.171586,30,v4,88000000ffffffffffffa8dd9f4dc5b5
3081,43.144198303,8.083659,30,v4,88000000ffffffffffffa8dd9f4dc5b5
3082,43.151365316,7.167013,30,v4,88000000ffffffffffffa8dd9f4dc5b5
3083,43.159275664,7.910348,30,v4,88000000ffffffffffffa8dd9f4dc5b5
3084,43.166421039,7.145375,30,v4,88000000ffffffffffffa8dd9f4dc5b5
3085,43.174719426,8.298387,30,v4,88000000ffffffffffffa8dd9f4dc5b5
3086,43.184059209,9.339783,30,v4,88000000ffffffffffffa8dd9f4dc5b5
3087,43.191320540,7.261331,30,v4,88000000ffffffffffffa8dd9f4dc5b5
3088,43.199328358,8.007818,30,v4,88000000ffffffffffffa8dd9f4dc5b5
3089,43.206096506,6.768148,30,v4,88000000ffffffffffffa8dd9f4dc5b5
3090,43.214250603,8.154097,30,v4,88000000ffffffffffffa8dd9f4dc5b5
3091,43.222376375,8.125772,30,v4,88000000ffffffffffffa8dd9f4dc5b5
3092,43.229577720,7.201345,30,v4,88000000ffffffffffffa8dd9f4dc5b5
3093,43.237681321,8.103601,30,v4,88000000ffffffffffffa8dd9f4dc5b5
3094,43.244832720,7.151399,30,v4,88000000ffffffffffffa8dd9f4dc5b5
3095,43.252869737,8.037017,30,v4,88000000ffffffffffffa8dd9f4dc5b5
3096,43.260121257,7.251520,30,v4,88000000ffffffffffffa8dd9f4dc5b5
3097,43.268136416,8.015159,30,v4,88000000ffffffffffffa8dd9f4dc5b5
3098,43.275254787,7.118371,30,v4,88000000ffffffffffffa8dd9f4dc5b5
3099,43.283604806,8.350019,30,v4,88000000ffffffffffffa8dd9f4dc5b5
3100,43.291449915,7.845109,30,v4,88000000ffffffffffffa8dd9f4dc5b5
3101,43.298714591,7.264676,30,v4,88000000ffffffffffffa8dd9f4dc5b5
3102,43.307947767,9.233176,30,v4,88000000ffffffffffffa8dd9f4dc5b5
3103,43.314971231,7.023464,30,v4,88000000ffffffffffffa8dd9f4dc5b5
3104,43.323022822,8.051591,30,v4,88000000ffffffffffffa8dd9f4dc5b5
3105,43.330290272,7.267450,30,v4,88000000ffffffffffffa8dd9f4dc5b5
3106,43.660699081,330.408809,30,v4,88000000ffffffffffffa8dd9f4dc5b5
3107,43.668449276,7.750195,30,v4,88000000ffffffffffffa8dd9f4dc5b5
3108,43.675449497,7.000221,30,v4,88000000ffffffffffffa8dd9f4dc5b5
3109,43.683587674,8.138177,30,v4,88000000ffffffffffffa8dd9f4dc5b5
3110,43.690702133,7.114459,30,v4,88000000ffffffffffffa8dd9f4dc5b5
3111,43.699838990,9.136857,30,v4,88000000ffffffffffffa8dd9f4dc5b5
3112,43.707066468,7.227478,30,v4,88000000ffffffffffffa8dd9f4dc5b5
3113,43.715236881,8.170413,30,v4,88000000ffffffffffffa8dd9f4dc5b5
3114,43.722210205,6.973324,30,v4,88000000ffffffffffffa8dd9f4dc5b5
3115,43.730458828,8.248623,30,v4,88000000ffffffffffffa8dd9f4dc5b5
3116,43.737465908,7.007080,30,v4,88000000ffffffffffffa8dd9f4dc5b5
3117,43.745570239,8.104331,30,v4,88000000ffffffffffffa8dd9f4dc5b5
3118,43.752715191,7.144952,30,v4,88000000ffffffffffffa8dd9f4dc5b5
3119,43.759947593,7.232402,30,v4,88000000ffffffffffffa8dd9f4dc5b5
3120,43.768046460,8.098867,30,v4,88000000ffffffffffffa8dd9f4dc5b5
3121,43.775002854,6.956394,30,v4,88000000ffffffffffffa8dd9f4dc5b5
3122,43.783276620,8.273766,30,v4,88000000ffffffffffffa8dd9f4dc5b5
3123,43.790592991,7.316371,30,v4,88000000ffffffffffffa8dd9f4dc5b5
3124,43.798461642,7.868651,30,v4,88000000ffffffffffffa8dd9f4dc5b5
3125,43.805486747,7.025105,30,v4,88000000ffffffffffffa8dd9f4dc5b5
3126,43.813678639,8.191892,30,v4,88000000ffffffffffffa8dd9f4dc5b5
3127,43.820970808,7.292169,30,v4,88000000ffffffffffffa8dd9f4dc5b5
3128,43.830102076,9.131268,30,v4,88000000ffffffffffffa8dd9f4dc5b5
3129,43.837124873,7.022797,30,v4,88000000ffffffffffffa8dd9f4dc5b5
3130,43.845166655,8.041782,30,v4,88000000ffffffffffffa8dd9f4dc5b5
3131,43.852332639,7.165984,30,v4,88000000ffffffffffffa8dd9f4dc5b5
3132,43.860415022,8.082383,30,v4,88000000ffffffffffffa8dd9f4dc5b5
3133,43.867646897,7.231875,30,v4,88000000ffffffffffffa8dd9f4dc5b5
3134,43.875660267,8.013370,30,v4,88000000ffffffffffffa8dd9f4dc5b5
3135,43.882830632,7.170365,30,v4,88000000ffffffffffffa8dd9f4dc5b5
3136,43.891007510,8.176878,30,v4,88000000ffffffffffffa8dd9f4dc5b5
3137,43.897987752,6.980242,30,v4,88000000ffffffffffffa8dd9f4dc5b5
3138,43.906189506,8.201754,30,v4,88000000ffffffffffffa8dd9f4dc5b5
3139,43.913295520,7.106014,30,v4,88000000ffffffffffffa8dd9f4dc5b5
3140,43.921413539,8.118019,30,v4,88000000ffffffffffffa8dd9f4dc5b5
3141,43.929627796,8.214257,30,v4,88000000ffffffffffffa8dd9f4dc5b5
3142,43.936772463,7.144667,30,v4,88000000ffffffffffffa8dd9f4dc5b5
3143,43.944792976,8.020513,30,v4,88000000ffffffffffffa8dd9f4dc5b5
3144,43.952166267,7.373291,30,v4,88000000ffffffffffffa8dd9f4dc5b5
3145,43.961095264,8.928997,30,v4,88000000ffffffffffffa8dd9f4dc5b5
3146,43.968472410,7.377146,30,v4,88000000ffffffffffffa8dd9f4dc5b5
3147,43.976611342,8.138932,30,v4,88000000ffffffffffffa8dd9f4dc5b5
3148,43.983430451,6.819109,30,v4,88000000ffffffffffffa8dd9f4dc5b5
3149,43.991517440,8.086989,30,v4,88000000ffffffffffffa8dd9f4dc5b5
3150,43.998752334,7.234894,30,v4,88000000ffffffffffffa8dd9f4dc5b5
3151,44.005943807,7.191473,30,v4,88000000ffffffffffffa8dd9f4dc5b5
3152,44.013931600,7.987793,30,v4,88000000ffffffffffffa8dd9f4dc5b5
3153,44.021357960,7.426360,30,v4,88000000ffffffffffffa8dd9f4dc5b5
3154,44.029285150,7.927190,30,v4,88000000ffffffffffffa8dd9f4dc5b5
3155,44.036373550,7.088400,30,v4,88000000ffffffffffffa8dd9f4dc5b5
3156,44.046351197,9.977647,30,v4,88000000ffffffffffffa8dd9f4dc5b5
3157,44.051436744,5.085547,30,v4,88000000ffffffffffffa8dd9f4dc5b5
3158,44.059589688,8.152944,30,v4,88000000ffffffffffffa8dd9f4dc5b5
3159,44.066994369,7.404681,30,v4,88000000ffffffffffffa8dd9f4dc5b5
3160,44.075022443,8.028074,30,v4,88000000ffffffffffffa8dd9f4dc5b5
3161,44.082136381,7.113938,30,v4,88000000ffffffffffffa8dd9f4dc5b5
3162,44.091097231,8.960850,30,v4,88000000ffffffffffffa8dd9f4dc5b5
3163,44.098247971,7.150740,30,v4,88000000ffffffffffffa8dd9f4dc5b5
3164,44.106402177,8.154206,30,v4,88000000ffffffffffffa8dd9f4dc5b5
3165,44.113959028,7.556851,30,v4,88000000ffffffffffffa8dd9f4dc5b5
3166,44.121586099,7.627071,30,v4,88000000ffffffffffffa8dd9f4dc5b5
3167,44.128828969,7.242870,30,v4,88000000ffffffffffffa8dd9f4dc5b5
3168,44.136950170,8.121201,30,v4,88000000ffffffffffffa8dd9f4dc5b5
3169,44.144022225,7.072055,30,v4,88000000ffffffffffffa8dd9f4dc5b5
3170,44.151031392,7.009167,30,v4,88000000ffffffffffffa8dd9f4dc5b5
3171,44.159259034,8.227642,30,v4,88000000ffffffffffffa8dd9f4dc5b5
3172,44.166440625,7.181591,30,v4,88000000ffffffffffffa8dd9f4dc5b5
3173,44.176376522,9.935897,30,v4,88000000ffffffffffffa8dd9f4dc5b5
3174,44.181544616,5.168094,30,v4,88000000ffffffffffffa8dd9f4dc5b5
3175,44.189673948,8.129332,30,v4,88000000ffffffffffffa8dd9f4dc5b5
3176,44.196745963,7.072015,30,v4,88000000ffffffffffffa8dd9f4dc5b5
3177,44.204938708,8.192745,30,v4,88000000ffffffffffffa8dd9f4dc5b5
3178,44.214031980,9.093272,30,v4,88000000ffffffffffffa8dd9f4dc5b5
3179,44.221106079,7.074099,30,v4,88000000ffffffffffffa8dd9f4dc5b5
3180,44.228373183,7.267104,30,v4,88000000ffffffffffffa8dd9f4dc5b5
3181,44.236370708,7.997525,30,v4,88000000ffffffffffffa8dd9f4dc5b5
3182,44.243363800,6.993092,30,v4,88000000ffffffffffffa8dd9f4dc5b5
3183,44.251851110,8.487310,30,v4,88000000ffffffffffffa8dd9f4dc5b5
3184,44.258580726,6.729616,30,v4,88000000ffffffffffffa8dd9f4dc5b5
3185,44.266866620,8.285894,30,v4,88000000ffffffffffffa8dd9f4dc5b5
3186,44.274081237,7.214617,30,v4,88000000ffffffffffffa8dd9f4dc5b5
3187,44.282137177,8.055940,30,v4,88000000ffffffffffffa8dd9f4dc5b5
3188,44.289215775,7.078598,30,v4,88000000ffffffffffffa8dd9f4dc5b5
3189,44.297323503,8.107728,30,v4,88000000ffffffffffffa8dd9f4dc5b5
3190,44.306275510,8.952007,30,v4,88000000ffffffffffffa8dd9f4dc5b5
3191,44.312579434,6.303924,30,v4,88000000ffffffffffffa8dd9f4dc5b5
3192,44.319681460,7.102026,30,v4,88000000ffffffffffffa8dd9f4dc5b5
3193,44.328174818,8.493358,30,v4,88000000ffffffffffffa8dd9f4dc5b5
3194,44.334967833,6.793015,30,v4,88000000ffffffffffffa8dd9f4dc5b5
3195,44.343072109,8.104276,30,v4,88000000ffffffffffffa8dd9f4dc5b5
3196,44.351123301,8.051192,30,v4,88000000ffffffffffffa8dd9f4dc5b5
3197,44.358519542,7.396241,30,v4,88000000ffffffffffffa8dd9f4dc5b5
3198,44.366363159,7.843617,30,v4,88000000ffffffffffffa8dd9f4dc5b5
3199,44.374733463,8.370304,30,v4,88000000ffffffffffffa8dd9f4dc5b5
3200,44.381866635,7.133172,30,v4,88000000ffffffffffffa8dd9f4dc5b5
3201,44.390061640,8.195005,30,v4,88000000ffffffffffffa8dd9f4dc5b5
3202,44.398215556,8.153916,30,v4,88000000ffffffffffffa8dd9f4dc5b5
3203,44.406970335,8.754779,30,v4,88000000ffffffffffffa8dd9f4dc5b5
3204,44.412502147,5.531812,30,v4,88000000ffffffffffffa8dd9f4dc5b5
3205,44.420234442,7.732295,30,v4,88000000ffffffffffffa8dd9f4dc5b5
3206,44.750496006,330.261564,30,v4,88000000ffffffffffffa8dd9f4dc5b5
3207,44.757651001,7.154995,30,v4,88000000ffffffffffffa8dd9f4dc5b5
3208,44.765659904,8.008903,30,v4,88000000ffffffffffffa8dd9f4dc5b5
3209,44.772941031,7.281127,30,v4,88000000ffffffffffffa8dd9f4dc5b5
3210,44.780147589,7.206558,30,v4,88000000ffffffffffffa8dd9f4dc5b5
3211,44.788022504,7.874915,30,v4,88000000ffffffffffffa8dd9f4dc5b5
3212,44.795116704,7.094200,30,v4,88000000ffffffffffffa8dd9f4dc5b5
3213,44.802179005,7.062301,30,v4,88000000ffffffffffffa8dd9f4dc5b5
3214,44.810536046,8.357041,30,v4,88000000ffffffffffffa8dd9f4dc5b5
3215,44.817497634,6.961588,30,v4,88000000ffffffffffffa8dd9f4dc5b5
3216,44.825536021,8.038387,30,v4,88000000ffffffffffffa8dd9f4dc5b5
3217,44.832736764,7.200743,30,v4,88000000ffffffffffffa8dd9f4dc5b5
3218,44.839741900,7.005136,30,v4,88000000ffffffffffffa8dd9f4dc5b5
3219,44.847930845,8.188945,30,v4,88000000ffffffffffffa8dd9f4dc5b5
3220,44.855071422,7.140577,30,v4,88000000ffffffffffffa8dd9f4dc5b5
3221,44.862271852,7.200430,30,v4,88000000ffffffffffffa8dd9f4dc5b5
3222,44.871332941,9.061089,30,v4,88000000ffffffffffffa8dd9f4dc5b5
3223,44.881703600,10.370659,99,v4,1c000000aadd9f4dc5b5685966020000
3224,44.887483142,5.779542,34,v4,88000000ffffffffffffa8dd9f4dc5b5
3225,44.895042732,7.559590,34,v4,88000000ffffffffffffa8dd9f4dc5b5
3226,44.902954651,7.911919,34,v4,88000000ffffffffffffa8dd9f4dc5b5
3227,44.910946346,7.991695,34,v4,88000000ffffffffffffa8dd9f4dc5b5
3228,44.917882840,6.936494,34,v4,88000000ffffffffffffa8dd9f4dc5b5
3229,44.925240749,7.357909,34,v4,88000000ffffffffffffa8dd9f4dc5b5
3230,44.932243385,7.002636,34,v4,88000000ffffffffffffa8dd9f4dc5b5
3231,44.940367930,8.124545,34,v4,88000000ffffffffffffa8dd9f4dc5b5
3232,44.947574975,7.207045,34,v4,88000000ffffffffffffa8dd9f4dc5b5
3233,44.954603959,7.028984,34,v4,88000000ffffffffffffa8dd9f4dc5b5
3234,44.962994185,8.390226,34,v4,88000000ffffffffffffa8dd9f4dc5b5
3235,44.969916353,6.922168,34,v4,88000000ffffffffffffa8dd9f4dc5b5
3236,44.977813004,7.896651,34,v4,88000000ffffffffffffa8dd9f4dc5b5
3237,44.985378119,7.565115,34,v4,88000000ffffffffffffa8dd9f4dc5b5
3238,44.992628217,7.250098,34,v4,88000000ffffffffffffa8dd9f4dc5b5
3239,45.000528458,7.900241,34,v4,88000000ffffffffffffa8dd9f4dc5b5
3240,45.008465262,7.936804,34,v4,88000000ffffffffffffa8dd9f4dc5b5
3241,45.017192112,8.726850,34,v4,88000000ffffffffffffa8dd9f4dc5b5
3242,45.024189841,6.997729,34,v4,88000000ffffffffffffa8dd9f4dc5b5
3243,45.031214093,7.024252,34,v4,88000000ffffffffffffa8dd9f4dc5b5
3244,45.038138461,6.924368,34,v4,88000000ffffffffffffa8dd9f4dc5b5
3245,45.046148560,8.010099,34,v4,88000000ffffffffffffa8dd9f4dc5b5
3246,45.053090659,6.942099,34,v4,88000000ffffffffffffa8dd9f4dc5b5
3247,45.061415932,8.325273,34,v4,88000000ffffffffffffa8dd9f4dc5b5
3248,45.068643584,7.227652,34,v4,88000000ffffffffffffa8dd9f4dc5b5
3249,45.075559242,6.915658,34,v4,88000000ffffffffffffa8dd9f4dc5b5
3250,45.083583693,8.024451,34,v4,88000000ffffffffffffa8dd9f4dc5b5
3251,45.090860410,7.276717,34,v4,88000000ffffffffffffa8dd9f4dc5b5
3252,45.099040091,8.179681,34,v4,88000000ffffffffffffa8dd9f4dc5b5
3253,45.106272451,7.232360,34,v4,88000000ffffffffffffa8dd9f4dc5b5
3254,45.113325417,7.052966,34,v4,88000000ffffffffffffa8dd9f4dc5b5
3255,45.122892191,9.566774,34,v4,88000000ffffffffffffa8dd9f4dc5b5
3256,45.129601835,6.709644,34,v4,88000000ffffffffffffa8dd9f4dc5b5
3257,45.136536087,6.934252,34,v4,88000000ffffffffffffa8dd9f4dc5b5
3258,45.144594176,8.058089,34,v4,88000000ffffffffffffa8dd9f4dc5b5
3259,45.151791732,7.197556,34,v4,88000000ffffffffffffa8dd9f4dc5b5
3260,45.158982483,7.190751,34,v4,88000000ffffffffffffa8dd9f4dc5b5
3261,45.166986225,8.003742,34,v4,88000000ffffffffffffa8dd9f4dc5b5
3262,45.174052066,7.065841,34,v4,88000000ffffffffffffa8dd9f4dc5b5
3263,45.183014095,8.962029,34,v4,88000000ffffffffffffa8dd9f4dc5b5
3264,45.189264018,6.249923,34,v4,88000000ffffffffffffa8dd9f4dc5b5
3265,45.196481135,7.217117,34,v4,88000000ffffffffffffa8dd9f4dc5b5
3266,45.204596565,8.115430,34,v4,88000000ffffffffffffa8dd9f4dc5b5
3267,45.211670057,7.073492,34,v4,88000000ffffffffffffa8dd9f4dc5b5
3268,45.220018743,8.348686,34,v4,88000000ffffffffffffa8dd9f4dc5b5
3269,45.227003601,6.984858,34,v4,88000000ffffffffffffa8dd9f4dc5b5
3270,45.234685575,7.681974,34,v4,88000000ffffffffffffa8dd9f4dc5b5
3271,45.242600655,7.915080,34,v4,88000000ffffffffffffa8dd9f4dc5b5
3272,45.249269261,6.668606,34,v4,88000000ffffffffffffa8dd9f4dc5b5
3273,45.257471818,8.202557,34,v4,88000000ffffffffffffa8dd9f4dc5b5
3274,45.265736844,8.265026,34,v4,88000000ffffffffffffa8dd9f4dc5b5
3275,45.272709731,6.972887,34,v4,88000000ffffffffffffa8dd9f4dc5b5
3276,45.280902489,8.192758,34,v4,88000000ffffffffffffa8dd9f4dc5b5
3277,45.287959789,7.057300,34,v4,88000000ffffffffffffa8dd9f4dc5b5
3278,45.297339938,9.380149,34,v4,88000000ffffffffffffa8dd9f4dc5b5
3279,45.303054869,5.714931,34,v4,88000000ffffffffffffa8dd9f4dc5b5
3280,45.310286025,7.231156,34,v4,88000000ffffffffffffa8dd9f4dc5b5
3281,45.318430943,8.144918,34,v4,88000000ffffffffffffa8dd9f4dc5b5
3282,45.325542974,7.112031,34,v4,88000000ffffffffffffa8dd9f4dc5b5
3283,45.332770565,7.227591,34,v4,88000000ffffffffffffa8dd9f4dc5b5
3284,45.342658191,9.887626,34,v4,88000000ffffffffffffa8dd9f4dc5b5
3285,45.348025353,5.367162,34,v4,88000000ffffffffffffa8dd9f4dc5b5
3286,45.356116379,8.091026,34,v4,88000000ffffffffffffa8dd9f4dc5b5
3287,45.364912459,8.796080,34,v4,88000000ffffffffffffa8dd9f4dc5b5
3288,45.370927562,6.015103,34,v4,88000000ffffffffffffa8dd9f4dc5b5
3289,45.379242221,8.314659,34,v4,88000000ffffffffffffa8dd9f4dc5b5
3290,45.385360107,6.117886,34,v4,88000000ffffffffffffa8dd9f4dc5b5
3291,45.393506273,8.146166,34,v4,88000000ffffffffffffa8dd9f4dc5b5
3292,45.401704889,8.198616,34,v4,88000000ffffffffffffa8dd9f4dc5b5
3293,45.408861564,7.156675,34,v4,88000000ffffffffffffa8dd9f4dc5b5
3294,45.415945374,7.083810,34,v4,88000000ffffffffffffa8dd9f4dc5b5
3295,45.424007466,8.062092,34,v4,88000000ffffffffffffa8dd9f4dc5b5
3296,45.431156007,7.148541,34,v4,88000000ffffffffffffa8dd9f4dc5b5
3297,45.439397934,8.241927,34,v4,88000000ffffffffffffa8dd9f4dc5b5
3298,45.446269628,6.871694,34,v4,88000000ffffffffffffa8dd9f4dc5b5
3299,45.453506211,7.236583,34,v4,88000000ffffffffffffa8dd9f4dc5b5
3300,45.461636276,8.130065,34,v4,88000000ffffffffffffa8dd9f4dc5b5
3301,45.468854047,7.217771,34,v4,88000000ffffffffffffa8dd9f4dc5b5
3302,45.476012637,7.158590,34,v4,88000000ffffffffffffa8dd9f4dc5b5
3303,45.484259224,8.246587,34,v4,88000000ffffffffffffa8dd9f4dc5b5
3304,45.491171960,6.912736,34,v4,88000000ffffffffffffa8dd9f4dc5b5
3305,45.499229327,8.057367,34,v4,88000000ffffffffffffa8dd9f4dc5b5
3306,45.829349046,330.119719,34,v4,88000000ffffffffffffa8dd9f4dc5b5
3307,45.837570641,8.221595,34,v4,88000000ffffffffffffa8dd9f4dc5b5
3308,45.844753866,7.183225,34,v4,88000000ffffffffffffa8dd9f4dc5b5
3309,45.851798558,7.044692,34,v4,88000000ffffffffffffa8dd9f4dc5b5
3310,45.860016206,8.217648,34,v4,88000000ffffffffffffa8dd9f4dc5b5
3311,45.867029652,7.013446,34,v4,88000000ffffffffffffa8dd9f4dc5b5
3312,45.874079648,7.049996,34,v4,88000000ffffffffffffa8dd9f4dc5b5
3313,45.881233440,7.153792,34,v4,88000000ffffffffffffa8dd9f4dc5b5
3314,45.889254620,8.021180,34,v4,88000000ffffffffffffa8dd9f4dc5b5
3315,45.896422391,7.167771,34,v4,88000000ffffffffffffa8dd9f4dc5b5
3316,45.903504889,7.082498,34,v4,88000000ffffffffffffa8dd9f4dc5b5
3317,45.911721246,8.216357,34,v4,88000000ffffffffffffa8dd9f4dc5b5
3318,45.919922977,8.201731,34,v4,88000000ffffffffffffa8dd9f4dc5b5
3319,45.926983241,7.060264,34,v4,88000000ffffffffffffa8dd9f4dc5b5
3320,45.934138397,7.155156,34,v4,88000000ffffffffffffa8dd9f4dc5b5
3321,45.942990702,8.852305,34,v4,88000000ffffffffffffa8dd9f4dc5b5
3322,45.949397393,6.406691,34,v4,88000000ffffffffffffa8dd9f4dc5b5
3323,45.958074069,8.676676,34,v4,88000000ffffffffffffa8dd9f4dc5b5
3324,45.963606823,5.532754,34,v4,88000000ffffffffffffa8dd9f4dc5b5
3325,45.973532255,9.925432,34,v4,88000000ffffffffffffa8dd9f4dc5b5
3326,45.978766609,5.234354,34,v4,88000000ffffffffffffa8dd9f4dc5b5
3327,45.986990075,8.223466,34,v4,88000000ffffffffffffa8dd9f4dc5b5
3328,45.995801608,8.811533,34,v4,88000000ffffffffffffa8dd9f4dc5b5
3329,46.001498514,5.696906,34,v4,88000000ffffffffffffa8dd9f4dc5b5
3330,46.008175790,6.677276,34,v4,88000000ffffffffffffa8dd9f4dc5b5
3331,46.016256811,8.081021,34,v4,88000000ffffffffffffa8dd9f4dc5b5
3332,46.023412609,7.155798,34,v4,88000000ffffffffffffa8dd9f4dc5b5
3333,46.030653701,7.241092,34,v4,88000000ffffffffffffa8dd9f4dc5b5
3334,46.038850720,8.197019,34,v4,88000000ffffffffffffa8dd9f4dc5b5
3335,46.047080570,8.229850,34,v4,88000000ffffffffffffa8dd9f4dc5b5
3336,46.054203509,7.122939,34,v4,88000000ffffffffffffa8dd9f4dc5b5
3337,46.061895199,7.691690,34,v4,88000000ffffffffffffa8dd9f4dc5b5
3338,46.068469121,6.573922,34,v4,88000000ffffffffffffa8dd9f4dc5b5
3339,46.076386520,7.917399,34,v4,88000000ffffffffffffa8dd9f4dc5b5
3340,46.083288876,6.902356,34,v4,88000000ffffffffffffa8dd9f4dc5b5
3341,46.090505884,7.217008,34,v4,88000000ffffffffffffa8dd9f4dc5b5
3342,46.098728653,8.222769,34,v4,88000000ffffffffffffa8dd9f4dc5b5
3343,46.105993798,7.265145,34,v4,88000000ffffffffffffa8dd9f4dc5b5
3344,46.112904823,6.911025,34,v4,88000000ffffffffffffa8dd9f4dc5b5
3345,46.121059800,8.154977,34,v4,88000000ffffffffffffa8dd9f4dc5b5
3346,46.128374838,7.315038,34,v4,88000000ffffffffffffa8dd9f4dc5b5
3347,46.135169932,6.795094,34,v4,88000000ffffffffffffa8dd9f4dc5b5
3348,46.142297068,7.127136,34,v4,88000000ffffffffffffa8dd9f4dc5b5
3349,46.150876043,8.578975,34,v4,88000000ffffffffffffa8dd9f4dc5b5
3350,46.157529266,6.653223,34,v4,88000000ffffffffffffa8dd9f4dc5b5
3351,46.166763362,9.234096,34,v4,88000000ffffffffffffa8dd9f4dc5b5
3352,46.173050768,6.287406,34,v4,88000000ffffffffffffa8dd9f4dc5b5
3353,46.181046514,7.995746,34,v4,88000000ffffffffffffa8dd9f4dc5b5
3354,46.188097374,7.050860,34,v4,88000000ffffffffffffa8dd9f4dc5b5
3355,46.195459191,7.361817,34,v4,88000000ffffffffffffa8dd9f4dc5b5
3356,46.202415927,6.956736,34,v4,88000000ffffffffffffa8dd9f4dc5b5
3357,46.210375611,7.959684,34,v4,88000000ffffffffffffa8dd9f4dc5b5
3358,46.217511366,7.135755,34,v4,88000000ffffffffffffa8dd9f4dc5b5
3359,46.224649893,7.138527,34,v4,88000000ffffffffffffa8dd9f4dc5b5
3360,46.234635744,9.985851,34,v4,88000000ffffffffffffa8dd9f4dc5b5
3361,46.239982819,5.347075,34,v4,88000000ffffffffffffa8dd9f4dc5b5
3362,46.246980873,6.998054,34,v4,88000000ffffffffffffa8dd9f4dc5b5
3363,46.255105167,8.124294,34,v4,88000000ffffffffffffa8dd9f4dc5b5
3364,46.262249756,7.144589,34,v4,88000000ffffffffffffa8dd9f4dc5b5
3365,46.269385004,7.135248,34,v4,88000000ffffffffffffa8dd9f4dc5b5
3366,46.276553406,7.168402,34,v4,88000000ffffffffffffa8dd9f4dc5b5
3367,46.284749812,8.196406,34,v4,88000000ffffffffffffa8dd9f4dc5b5
3368,46.291819270,7.069458,34,v4,88000000ffffffffffffa8dd9f4dc5b5
3369,46.300047837,8.228567,34,v4,88000000ffffffffffffa8dd9f4dc5b5
3370,46.307335711,7.287874,34,v4,88000000ffffffffffffa8dd9f4dc5b5
3371,46.315299446,7.963735,34,v4,88000000ffffffffffffa8dd9f4dc5b5
3372,46.322563415,7.263969,34,v4,88000000ffffffffffffa8dd9f4dc5b5
3373,46.329722247,7.158832,34,v4,88000000ffffffffffffa8dd9f4dc5b5
3374,46.337138734,7.416487,34,v4,88000000ffffffffffffa8dd9f4dc5b5
3375,46.344540858,7.402124,34,v4,88000000ffffffffffffa8dd9f4dc5b5
3376,46.351637507,7.096649,34,v4,88000000ffffffffffffa8dd9f4dc5b5
3377,46.358828679,7.191172,34,v4,88000000ffffffffffffa8dd9f4dc5b5
3378,46.366938047,8.109368,34,v4,88000000ffffffffffffa8dd9f4dc5b5
3379,46.374129718,7.191671,34,v4,88000000ffffffffffffa8dd9f4dc5b5
3380,46.381148341,7.018623,34,v4,88000000ffffffffffffa8dd9f4dc5b5
3381,46.391080368,9.932027,34,v4,88000000ffffffffffffa8dd9f4dc5b5
3382,46.398279148,7.198780,34,v4,88000000ffffffffffffa8dd9f4dc5b5
3383,46.403738141,5.458993,34,v4,88000000ffffffffffffa8dd9f4dc5b5
3384,46.410796630,7.058489,34,v4,88000000ffffffffffffa8dd9f4dc5b5
3385,46.419085321,8.288691,34,v4,88000000ffffffffffffa8dd9f4dc5b5
3386,46.425874563,6.789242,34,v4,88000000ffffffffffffa8dd9f4dc5b5
3387,46.433926597,8.052034,34,v4,88000000ffffffffffffa8dd9f4dc5b5
3388,46.441048198,7.121601,34,v4,88000000ffffffffffffa8dd9f4dc5b5
3389,46.449275753,8.227555,34,v4,88000000ffffffffffffa8dd9f4dc5b5
3390,46.456237202,6.961449,34,v4,88000000ffffffffffffa8dd9f4dc5b5
3391,46.464484647,8.247445,34,v4,88000000ffffffffffffa8dd9f4dc5b5
3392,46.471594825,7.110178,34,v4,88000000ffffffffffffa8dd9f4dc5b5
3393,46.478727039,7.132214,34,v4,88000000ffffffffffffa8dd9f4dc5b5
3394,46.485975794,7.248755,34,v4,88000000ffffffffffffa8dd9f4dc5b5
3395,46.494014788,8.038994,34,v4,88000000ffffffffffffa8dd9f4dc5b5
3396,46.500917725,6.902937,34,v4,88000000ffffffffffffa8dd9f4dc5b5
3397,46.508187163,7.269438,34,v4,88000000ffffffffffffa8dd9f4dc5b5
3398,46.517312671,9.125508,34,v4,88000000ffffffffffffa8dd9f4dc5b5
3399,46.523532087,6.219416,34,v4,88000000ffffffffffffa8dd9f4dc5b5
3400,46.530383929,6.851842,34,v4,88000000ffffffffffffa8dd9f4dc5b5
3401,46.538735174,8.351245,34,v4,88000000ffffffffffffa8dd9f4dc5b5
3402,46.545663505,6.928331,34,v4,88000000ffffffffffffa8dd9f4dc5b5
3403,46.552770525,7.107020,34,v4,88000000ffffffffffffa8dd9f4dc5b5
3404,46.560894143,8.123618,34,v4,88000000ffffffffffffa8dd9f4dc5b5
3405,46.569021362,8.127219,34,v4,88000000ffffffffffffa8dd9f4dc5b5
3406,46.905583710,336.562348,34,v4,88000000ffffffffffffa8dd9f4dc5b5
3407,46.912369721,6.786011,34,v4,88000000ffffffffffffa8dd9f4dc5b5
3408,46.919638471,7.268750,34,v4,88000000ffffffffffffa8dd9f4dc5b5
3409,46.926744840,7.106369,34,v4,88000000ffffffffffffa8dd9f4dc5b5
3410,46.936689789,9.944949,34,v4,88000000ffffffffffffa8dd9f4dc5b5
3411,46.943229498,6.539709,34,v4,88000000ffffffffffffa8dd9f4dc5b5
3412,46.950057350,6.827852,34,v4,88000000ffffffffffffa8dd9f4dc5b5
3413,46.958468256,8.410906,34,v4,88000000ffffffffffffa8dd9f4dc5b5
3414,46.965347129,6.878873,34,v4,88000000ffffffffffffa8dd9f4dc5b5
3415,46.972518144,7.171015,34,v4,88000000ffffffffffffa8dd9f4dc5b5
3416,46.980962932,8.444788,34,v4,88000000ffffffffffffa8dd9f4dc5b5
3417,46.986754444,5.791512,34,v4,88000000ffffffffffffa8dd9f4dc5b5
3418,46.994870608,8.116164,34,v4,88000000ffffffffffffa8dd9f4dc5b5
3419,47.001846853,6.976245,34,v4,88000000ffffffffffffa8dd9f4dc5b5
3420,47.008958413,7.111560,34,v4,88000000ffffffffffffa8dd9f4dc5b5
3421,47.016087113,7.128700,34,v4,88000000ffffffffffffa8dd9f4dc5b5
3422,47.023108221,7.021108,34,v4,88000000ffffffffffffa8dd9f4dc5b5
3423,47.031349967,8.241746,34,v4,88000000ffffffffffffa8dd9f4dc5b5
3424,47.038369088,7.019121,34,v4,88000000ffffffffffffa8dd9f4dc5b5
3425,47.045532627,7.163539,34,v4,88000000ffffffffffffa8dd9f4dc5b5
3426,47.052697282,7.164655,34,v4,88000000ffffffffffffa8dd9f4dc5b5
3427,47.059752229,7.054947,34,v4,88000000ffffffffffffa8dd9f4dc5b5
3428,47.067879907,8.127678,34,v4,88000000ffffffffffffa8dd9f4dc5b5
3429,47.074947977,7.068070,34,v4,88000000ffffffffffffa8dd9f4dc5b5
3430,47.083062659,8.114682,34,v4,88000000ffffffffffffa8dd9f4dc5b5
3431,47.090175428,7.112769,34,v4,88000000ffffffffffffa8dd9f4dc5b5
3432,47.097348436,7.173008,34,v4,88000000ffffffffffffa8dd9f4dc5b5
3433,47.106054380,8.705944,34,v4,88000000ffffffffffffa8dd9f4dc5b5
3434,47.113188140,7.133760,34,v4,88000000ffffffffffffa8dd9f4dc5b5
3435,47.119843231,6.655091,34,v4,88000000ffffffffffffa8dd9f4dc5b5
3436,47.126998612,7.155381,34,v4,88000000ffffffffffffa8dd9f4dc5b5
3437,47.134173188,7.174576,34,v4,88000000ffffffffffffa8dd9f4dc5b5
3438,47.141103280,6.930092,34,v4,88000000ffffffffffffa8dd9f4dc5b5
3439,47.149300346,8.197066,34,v4,88000000ffffffffffffa8dd9f4dc5b5
3440,47.156385390,7.085044,34,v4,88000000ffffffffffffa8dd9f4dc5b5
3441,47.163329926,6.944536,34,v4,88000000ffffffffffffa8dd9f4dc5b5
3442,47.170524587,7.194661,34,v4,88000000ffffffffffffa8dd9f4dc5b5
3443,47.177553895,7.029308,34,v4,88000000ffffffffffffa8dd9f4dc5b5
3444,47.184842312,7.288417,34,v4,88000000ffffffffffffa8dd9f4dc5b5
3445,47.192922029,8.079717,34,v4,88000000ffffffffffffa8dd9f4dc5b5
3446,47.200143254,7.221225,34,v4,88000000ffffffffffffa8dd9f4dc5b5
3447,47.208386423,8.243169,34,v4,88000000ffffffffffffa8dd9f4dc5b5
3448,47.215254647,6.868224,34,v4,88000000ffffffffffffa8dd9f4dc5b5
3449,47.222478427,7.223780,34,v4,88000000ffffffffffffa8dd9f4dc5b5
3450,47.230546754,8.068327,34,v4,88000000ffffffffffffa8dd9f4dc5b5
3451,47.238010538,7.463784,34,v4,88000000ffffffffffffa8dd9f4dc5b5
3452,47.244837543,6.827005,34,v4,88000000ffffffffffffa8dd9f4dc5b5
3453,47.251996053,7.158510,34,v4,88000000ffffffffffffa8dd9f4dc5b5
3454,47.259147484,7.151431,34,v4,88000000ffffffffffffa8dd9f4dc5b5
3455,47.266017777,6.870293,34,v4,88000000ffffffffffffa8dd9f4dc5b5
3456,47.274284971,8.267194,34,v4,88000000ffffffffffffa8dd9f4dc5b5
3457,47.281373684,7.088713,34,v4,88000000ffffffffffffa8dd9f4dc5b5
3458,47.288467042,7.093358,34,v4,88000000ffffffffffffa8dd9f4dc5b5
3459,47.295492949,7.025907,34,v4,88000000ffffffffffffa8dd9f4dc5b5
3460,47.302939316,7.446367,34,v4,88000000ffffffffffffa8dd9f4dc5b5
3461,47.310734056,7.794740,34,v4,88000000ffffffffffffa8dd9f4dc5b5
3462,47.317986308,7.252252,34,v4,88000000ffffffffffffa8dd9f4dc5b5
3463,47.325107746,7.121438,34,v4,88000000ffffffffffffa8dd9f4dc5b5
3464,47.331975236,6.867490,34,v4,88000000ffffffffffffa8dd9f4dc5b5
3465,47.340146365,8.171129,34,v4,88000000ffffffffffffa8dd9f4dc5b5
3466,47.347231554,7.085189,34,v4,88000000ffffffffffffa8dd9f4dc5b5
3467,47.355420276,8.188722,34,v4,88000000ffffffffffffa8dd9f4dc5b5
3468,47.362481818,7.061542,34,v4,88000000ffffffffffffa8dd9f4dc5b5
3469,47.369728925,7.247107,34,v4,88000000ffffffffffffa8dd9f4dc5b5
3470,47.376746536,7.017611,34,v4,88000000ffffffffffffa8dd9f4dc5b5
3471,47.383883713,7.137177,34,v4,88000000ffffffffffffa8dd9f4dc5b5
3472,47.391969673,8.085960,34,v4,88000000ffffffffffffa8dd9f4dc5b5
3473,47.399066894,7.097221,34,v4,88000000ffffffffffffa8dd9f4dc5b5
3474,47.406218201,7.151307,34,v4,88000000ffffffffffffa8dd9f4dc5b5
3475,47.413311965,7.093764,34,v4,88000000ffffffffffffa8dd9f4dc5b5
3476,47.420488551,7.176586,34,v4,88000000ffffffffffffa8dd9f4dc5b5
3477,47.427513274,7.024723,34,v4,88000000ffffffffffffa8dd9f4dc5b5
3478,47.436066494,8.553220,34,v4,88000000ffffffffffffa8dd9f4dc5b5
3479,47.442789792,6.723298,34,v4,88000000ffffffffffffa8dd9f4dc5b5
3480,47.450010570,7.220778,34,v4,88000000ffffffffffffa8dd9f4dc5b5
3481,47.457062240,7.051670,34,v4,88000000ffffffffffffa8dd9f4dc5b5
3482,47.464435646,7.373406,34,v4,88000000ffffffffffffa8dd9f4dc5b5
3483,47.473377899,8.942253,34,v4,88000000ffffffffffffa8dd9f4dc5b5
3484,47.481782275,8.404376,34,v4,88000000ffffffffffffa8dd9f4dc5b5
3485,47.487513445,5.731170,34,v4,88000000ffffffffffffa8dd9f4dc5b5
3486,47.494662959,7.149514,34,v4,88000000ffffffffffffa8dd9f4dc5b5
3487,47.501868255,7.205296,34,v4,88000000ffffffffffffa8dd9f4dc5b5
3488,47.508963754,7.095499,34,v4,88000000ffffffffffffa8dd9f4dc5b5
3489,47.517108632,8.144878,34,v4,88000000ffffffffffffa8dd9f4dc5b5
3490,47.524221323,7.112691,34,v4,88000000ffffffffffffa8dd9f4dc5b5
3491,47.531346060,7.124737,34,v4,88000000ffffffffffffa8dd9f4dc5b5
3492,47.538412045,7.065985,34,v4,88000000ffffffffffffa8dd9f4dc5b5
3493,47.546359508,7.947463,34,v4,88000000ffffffffffffa8dd9f4dc5b5
3494,47.553543297,7.183789,34,v4,88000000ffffffffffffa8dd9f4dc5b5
3495,47.560580268,7.036971,34,v4,88000000ffffffffffffa8dd9f4dc5b5
3496,47.569225301,8.645033,34,v4,88000000ffffffffffffa8dd9f4dc5b5
3497,47.575886412,6.661111,34,v4,88000000ffffffffffffa8dd9f4dc5b5
3498,47.582978143,7.091731,34,v4,88000000ffffffffffffa8dd9f4dc5b5
3499,47.590058096,7.079953,34,v4,88000000ffffffffffffa8dd9f4dc5b5
3500,47.598240519,8.182423,34,v4,88000000ffffffffffffa8dd9f4dc5b5
3501,47.605409053,7.168534,34,v4,88000000ffffffffffffa8dd9f4dc5b5
3502,47.612626988,7.217935,34,v4,88000000ffffffffffffa8dd9f4dc5b5
3503,47.620625585,7.998597,34,v4,88000000ffffffffffffa8dd9f4dc5b5
3504,47.627739098,7.113513,34,v4,88000000ffffffffffffa8dd9f4dc5b5
3505,47.634838402,7.099304,34,v4,88000000ffffffffffffa8dd9f4dc5b5
3506,47.964296642,329.458240,34,v4,88000000ffffffffffffa8dd9f4dc5b5
3507,47.971269489,6.972847,34,v4,88000000ffffffffffffa8dd9f4dc5b5
3508,47.978214337,6.944848,34,v4,88000000ffffffffffffa8dd9f4dc5b5
3509,47.985296819,7.082482,34,v4,88000000ffffffffffffa8dd9f4dc5b5
3510,47.993437363,8.140544,34,v4,88000000ffffffffffffa8dd9f4dc5b5
3511,48.001685493,8.248130,34,v4,88000000ffffffffffffa8dd9f4dc5b5
3512,48.008689363,7.003870,34,v4,88000000ffffffffffffa8dd9f4dc5b5
3513,48.015772605,7.083242,34,v4,88000000ffffffffffffa8dd9f4dc5b5
3514,48.022912222,7.139617,34,v4,88000000ffffffffffffa8dd9f4dc5b5
3515,48.030109241,7.197019,34,v4,88000000ffffffffffffa8dd9f4dc5b5
3516,48.037223950,7.114709,34,v4,88000000ffffffffffffa8dd9f4dc5b5
3517,48.044626724,7.402774,34,v4,88000000ffffffffffffa8dd9f4dc5b5
3518,48.051467558,6.840834,34,v4,88000000ffffffffffffa8dd9f4dc5b5
3519,48.058615407,7.147849,34,v4,88000000ffffffffffffa8dd9f4dc5b5
3520,48.065738572,7.123165,34,v4,88000000ffffffffffffa8dd9f4dc5b5
3521,48.072783403,7.044831,34,v4,88000000ffffffffffffa8dd9f4dc5b5
3522,48.080958655,8.175252,34,v4,88000000ffffffffffffa8dd9f4dc5b5
3523,48.087947391,6.988736,34,v4,88000000ffffffffffffa8dd9f4dc5b5
3524,48.095318209,7.370818,34,v4,88000000ffffffffffffa8dd9f4dc5b5
3525,48.103206098,7.887889,34,v4,88000000ffffffffffffa8dd9f4dc5b5
3526,48.109408749,6.202651,34,v4,88000000ffffffffffffa8dd9f4dc5b5
3527,48.116439794,7.031045,34,v4,88000000ffffffffffffa8dd9f4dc5b5
3528,48.124611686,8.171892,34,v4,88000000ffffffffffffa8dd9f4dc5b5
3529,48.131748464,7.136778,34,v4,88000000ffffffffffffa8dd9f4dc5b5
3530,48.139058655,7.310191,34,v4,88000000ffffffffffffa8dd9f4dc5b5
3531,48.146031678,6.973023,34,v4,88000000ffffffffffffa8dd9f4dc5b5
3532,48.155172868,9.141190,34,v4,88000000ffffffffffffa8dd9f4dc5b5
3533,48.160557238,5.384370,34,v4,88000000ffffffffffffa8dd9f4dc5b5
3534,48.168241916,7.684678,34,v4,88000000ffffffffffffa8dd9f4dc5b5
3535,48.175377956,7.136040,34,v4,88000000ffffffffffffa8dd9f4dc5b5
3536,48.182454190,7.076234,34,v4,88000000ffffffffffffa8dd9f4dc5b5
3537,48.189559520,7.105330,34,v4,88000000ffffffffffffa8dd9f4dc5b5
3538,48.196628106,7.068586,34,v4,88000000ffffffffffffa8dd9f4dc5b5
3539,48.204030767,7.402661,34,v4,88000000ffffffffffffa8dd9f4dc5b5
3540,48.211169393,7.138626,34,v4,88000000ffffffffffffa8dd9f4dc5b5
3541,48.218168710,6.999317,34,v4,88000000ffffffffffffa8dd9f4dc5b5
3542,48.225105633,6.936923,34,v4,88000000ffffffffffffa8dd9f4dc5b5
3543,48.232249774,7.144141,34,v4,88000000ffffffffffffa8dd9f4dc5b5
3544,48.240427629,8.177855,34,v4,88000000ffffffffffffa8dd9f4dc5b5
3545,48.248484355,8.056726,34,v4,88000000ffffffffffffa8dd9f4dc5b5
3546,48.255607420,7.123065,34,v4,88000000ffffffffffffa8dd9f4dc5b5
3547,48.262948540,7.341120,34,v4,88000000ffffffffffffa8dd9f4dc5b5
3548,48.270150964,7.202424,34,v4,88000000ffffffffffffa8dd9f4dc5b5
3549,48.276977611,6.826647,34,v4,88000000ffffffffffffa8dd9f4dc5b5
3550,48.284398320,7.420709,34,v4,88000000ffffffffffffa8dd9f4dc5b5
3551,48.291398916,7.000596,34,v4,88000000ffffffffffffa8dd9f4dc5b5
3552,48.298356487,6.957571,34,v4,88000000ffffffffffffa8dd9f4dc5b5
3553,48.305413447,7.056960,34,v4,88000000ffffffffffffa8dd9f4dc5b5
3554,48.315348775,9.935328,34,v4,88000000ffffffffffffa8dd9f4dc5b5
3555,48.322066087,6.717312,34,v4,88000000ffffffffffffa8dd9f4dc5b5
3556,48.327951038,5.884951,34,v4,88000000ffffffffffffa8dd9f4dc5b5
3557,48.336591697,8.640659,34,v4,88000000ffffffffffffa8dd9f4dc5b5
3558,48.341961794,5.370097,34,v4,88000000ffffffffffffa8dd9f4dc5b5
3559,48.349135138,7.173344,34,v4,88000000ffffffffffffa8dd9f4dc5b5
3560,48.356250158,7.115020,34,v4,88000000ffffffffffffa8dd9f4dc5b5
3561,48.363587105,7.336947,34,v4,88000000ffffffffffffa8dd9f4dc5b5
3562,48.372425251,8.838146,34,v4,88000000ffffffffffffa8dd9f4dc5b5
3563,48.379041580,6.616329,34,v4,88000000ffffffffffffa8dd9f4dc5b5
3564,48.385968869,6.927289,34,v4,88000000ffffffffffffa8dd9f4dc5b5
3565,48.393896308,7.927439,34,v4,88000000ffffffffffffa8dd9f4dc5b5
3566,48.401103174,7.206866,34,v4,88000000ffffffffffffa8dd9f4dc5b5
3567,48.408207635,7.104461,34,v4,88000000ffffffffffffa8dd9f4dc5b5
3568,48.415083564,6.875929,34,v4,88000000ffffffffffffa8dd9f4dc5b5
3569,48.422212383,7.128819,34,v4,88000000ffffffffffffa8dd9f4dc5b5
3570,48.429363555,7.151172,34,v4,88000000ffffffffffffa8dd9f4dc5b5
3571,48.436482019,7.118464,34,v4,88000000ffffffffffffa8dd9f4dc5b5
3572,48.444012671,7.530652,34,v4,88000000ffffffffffffa8dd9f4dc5b5
3573,48.450757081,6.744410,34,v4,88000000ffffffffffffa8dd9f4dc5b5
3574,48.458779758,8.022677,34,v4,88000000ffffffffffffa8dd9f4dc5b5
3575,48.465990693,7.210935,34,v4,88000000ffffffffffffa8dd9f4dc5b5
3576,48.473298726,7.308033,34,v4,88000000ffffffffffffa8dd9f4dc5b5
3577,48.480258137,6.959411,34,v4,88000000ffffffffffffa8dd9f4dc5b5
3578,48.487492338,7.234201,34,v4,88000000ffffffffffffa8dd9f4dc5b5
3579,48.494376492,6.884154,34,v4,88000000ffffffffffffa8dd9f4dc5b5
3580,48.501484934,7.108442,34,v4,88000000ffffffffffffa8dd9f4dc5b5
3581,48.509605742,8.120808,34,v4,88000000ffffffffffffa8dd9f4dc5b5
3582,48.518649874,9.044132,34,v4,88000000ffffffffffffa8dd9f4dc5b5
3583,48.525812381,7.162507,34,v4,88000000ffffffffffffa8dd9f4dc5b5
3584,48.531656431,5.844050,34,v4,88000000ffffffffffffa8dd9f4dc5b5
3585,48.538161556,6.505125,34,v4,88000000ffffffffffffa8dd9f4dc5b5
3586,48.545059743,6.898187,34,v4,88000000ffffffffffffa8dd9f4dc5b5
3587,48.553530029,8.470286,34,v4,88000000ffffffffffffa8dd9f4dc5b5
3588,48.560380836,6.850807,34,v4,88000000ffffffffffffa8dd9f4dc5b5
3589,48.567501275,7.120439,34,v4,88000000ffffffffffffa8dd9f4dc5b5
3590,48.574786240,7.284965,34,v4,88000000ffffffffffffa8dd9f4dc5b5
3591,48.581794325,7.008085,34,v4,88000000ffffffffffffa8dd9f4dc5b5
3592,48.588953444,7.159119,34,v4,88000000ffffffffffffa8dd9f4dc5b5
3593,48.596052240,7.098796,34,v4,88000000ffffffffffffa8dd9f4dc5b5
3594,48.603116933,7.064693,34,v4,88000000ffffffffffffa8dd9f4dc5b5
3595,48.610395987,7.279054,34,v4,88000000ffffffffffffa8dd9f4dc5b5
3596,48.617309354,6.913367,34,v4,88000000ffffffffffffa8dd9f4dc5b5
3597,48.624382482,7.073128,34,v4,88000000ffffffffffffa8dd9f4dc5b5
3598,48.631521755,7.139273,34,v4,88000000ffffffffffffa8dd9f4dc5b5
3599,48.640685113,9.163358,34,v4,88000000ffffffffffffa8dd9f4dc5b5
3600,48.647871730,7.186617,34,v4,88000000ffffffffffffa8dd9f4dc5b5
3601,48.655010659,7.138929,34,v4,88000000ffffffffffffa8dd9f4dc5b5
3602,48.662198846,7.188187,34,v4,88000000ffffffffffffa8dd9f4dc5b5
3603,48.669491893,7.293047,34,v4,88000000ffffffffffffa8dd9f4dc5b5
3604,48.676349859,6.857966,34,v4,88000000ffffffffffffa8dd9f4dc5b5
3605,48.683520774,7.170915,34,v4,88000000ffffffffffffa8dd9f4dc5b5
3606,49.012610018,329.089244,34,v4,88000000ffffffffffffa8dd9f4dc5b5
3607,49.019731405,7.121387,34,v4,88000000ffffffffffffa8dd9f4dc5b5
3608,49.030619636,10.888231,34,v4,88000000ffffffffffffa8dd9f4dc5b5
3609,49.035390245,4.770609,34,v4,88000000ffffffffffffa8dd9f4dc5b5
3610,49.042202602,6.812357,34,v4,88000000ffffffffffffa8dd9f4dc5b5
3611,49.051104546,8.901944,34,v4,88000000ffffffffffffa8dd9f4dc5b5
3612,49.058110090,7.005544,34,v4,88000000ffffffffffffa8dd9f4dc5b5
3613,49.063372172,5.262082,34,v4,88000000ffffffffffffa8dd9f4dc5b5
3614,49.070364493,6.992321,34,v4,88000000ffffffffffffa8dd9f4dc5b5
3615,49.077618397,7.253904,34,v4,88000000ffffffffffffa8dd9f4dc5b5
3616,49.084767307,7.148910,34,v4,88000000ffffffffffffa8dd9f4dc5b5
3617,49.091729834,6.962527,34,v4,88000000ffffffffffffa8dd9f4dc5b5
3618,49.099005841,7.276007,34,v4,88000000ffffffffffffa8dd9f4dc5b5
3619,49.106053220,7.047379,34,v4,88000000ffffffffffffa8dd9f4dc5b5
3620,49.113380597,7.327377,34,v4,88000000ffffffffffffa8dd9f4dc5b5
3621,49.120485612,7.105015,34,v4,88000000ffffffffffffa8dd9f4dc5b5
3622,49.127300824,6.815212,34,v4,88000000ffffffffffffa8dd9f4dc5b5
3623,49.134407129,7.106305,34,v4,88000000ffffffffffffa8dd9f4dc5b5
3624,49.141691399,7.284270,34,v4,88000000ffffffffffffa8dd9f4dc5b5
3625,49.148728374,7.036975,34,v4,88000000ffffffffffffa8dd9f4dc5b5
3626,49.155941604,7.213230,34,v4,88000000ffffffffffffa8dd9f4dc5b5
3627,49.163860983,7.919379,34,v4,88000000ffffffffffffa8dd9f4dc5b5
3628,49.171215940,7.354957,34,v4,88000000ffffffffffffa8dd9f4dc5b5
3629,49.178391370,7.175430,34,v4,88000000ffffffffffffa8dd9f4dc5b5
3630,49.185317316,6.925946,34,v4,88000000ffffffffffffa8dd9f4dc5b5
3631,49.192387824,7.070508,34,v4,88000000ffffffffffffa8dd9f4dc5b5
3632,49.199547183,7.159359,34,v4,88000000ffffffffffffa8dd9f4dc5b5
3633,49.207046535,7.499352,34,v4,88000000ffffffffffffa8dd9f4dc5b5
3634,49.213923418,6.876883,34,v4,88000000ffffffffffffa8dd9f4dc5b5
3635,49.220766988,6.843570,34,v4,88000000ffffffffffffa8dd9f4dc5b5
3636,49.228078556,7.311568,34,v4,88000000ffffffffffffa8dd9f4dc5b5
3637,49.235069793,6.991237,34,v4,88000000ffffffffffffa8dd9f4dc5b5
3638,49.242195491,7.125698,34,v4,88000000ffffffffffffa8dd9f4dc5b5
3639,49.249347320,7.151829,34,v4,88000000ffffffffffffa8dd9f4dc5b5
3640,49.256422861,7.075541,34,v4,88000000ffffffffffffa8dd9f4dc5b5
3641,49.263470606,7.047745,34,v4,88000000ffffffffffffa8dd9f4dc5b5
3642,49.270732875,7.262269,34,v4,88000000ffffffffffffa8dd9f4dc5b5
3643,49.277825465,7.092590,34,v4,88000000ffffffffffffa8dd9f4dc5b5
3644,49.284863587,7.038122,34,v4,88000000ffffffffffffa8dd9f4dc5b5
3645,49.292989550,8.125963,34,v4,88000000ffffffffffffa8dd9f4dc5b5
3646,49.300090737,7.101187,34,v4,88000000ffffffffffffa8dd9f4dc5b5
3647,49.307197358,7.106621,34,v4,88000000ffffffffffffa8dd9f4dc5b5
3648,49.314285655,7.088297,34,v4,88000000ffffffffffffa8dd9f4dc5b5
3649,49.321592945,7.307290,34,v4,88000000ffffffffffffa8dd9f4dc5b5
3650,49.328520643,6.927698,34,v4,88000000ffffffffffffa8dd9f4dc5b5
3651,49.337081253,8.560610,34,v4,88000000ffffffffffffa8dd9f4dc5b5
3652,49.342750906,5.669653,34,v4,88000000ffffffffffffa8dd9f4dc5b5
3653,49.349974465,7.223559,34,v4,88000000ffffffffffffa8dd9f4dc5b5
3654,49.356925522,6.951057,34,v4,88000000ffffffffffffa8dd9f4dc5b5
3655,49.365260294,8.334772,34,v4,88000000ffffffffffffa8dd9f4dc5b5
3656,49.371386016,6.125722,34,v4,88000000ffffffffffffa8dd9f4dc5b5
3657,49.378286475,6.900459,34,v4,88000000ffffffffffffa8dd9f4dc5b5
3658,49.387208900,8.922425,34,v4,88000000ffffffffffffa8dd9f4dc5b5
3659,49.392729183,5.520283,34,v4,88000000ffffffffffffa8dd9f4dc5b5
3660,49.399664705,6.935522,34,v4,88000000ffffffffffffa8dd9f4dc5b5
3661,49.406882907,7.218202,34,v4,88000000ffffffffffffa8dd9f4dc5b5
3662,49.414056648,7.173741,34,v4,88000000ffffffffffffa8dd9f4dc5b5
3663,49.422310214,8.253566,34,v4,88000000ffffffffffffa8dd9f4dc5b5
3664,49.429146191,6.835977,34,v4,88000000ffffffffffffa8dd9f4dc5b5
3665,49.436365822,7.219631,34,v4,88000000ffffffffffffa8dd9f4dc5b5
3666,49.443354081,6.988259,34,v4,88000000ffffffffffffa8dd9f4dc5b5
3667,49.450554425,7.200344,34,v4,88000000ffffffffffffa8dd9f4dc5b5
3668,49.457573941,7.019516,34,v4,88000000ffffffffffffa8dd9f4dc5b5
3669,49.464634348,7.060407,34,v4,88000000ffffffffffffa8dd9f4dc5b5
3670,49.471801721,7.167373,34,v4,88000000ffffffffffffa8dd9f4dc5b5
3671,49.478905682,7.103961,34,v4,88000000ffffffffffffa8dd9f4dc5b5
3672,49.486025669,7.119987,34,v4,88000000ffffffffffffa8dd9f4dc5b5
3673,49.493038957,7.013288,34,v4,88000000ffffffffffffa8dd9f4dc5b5
3674,49.500309340,7.270383,34,v4,88000000ffffffffffffa8dd9f4dc5b5
3675,49.507437164,7.127824,34,v4,88000000ffffffffffffa8dd9f4dc5b5
3676,49.514508420,7.071256,34,v4,88000000ffffffffffffa8dd9f4dc5b5
3677,49.521537545,7.029125,34,v4,88000000ffffffffffffa8dd9f4dc5b5
3678,49.528622100,7.084555,34,v4,88000000ffffffffffffa8dd9f4dc5b5
3679,49.535786731,7.164631,34,v4,88000000ffffffffffffa8dd9f4dc5b5
3680,49.542999790,7.213059,34,v4,88000000ffffffffffffa8dd9f4dc5b5
3681,49.551138987,8.139197,34,v4,88000000ffffffffffffa8dd9f4dc5b5
3682,49.558232456,7.093469,34,v4,88000000ffffffffffffa8dd9f4dc5b5
3683,49.566666895,8.434439,34,v4,88000000ffffffffffffa8dd9f4dc5b5
3684,49.572668490,6.001595,34,v4,88000000ffffffffffffa8dd9f4dc5b5
3685,49.579892437,7.223947,34,v4,88000000ffffffffffffa8dd9f4dc5b5
3686,49.586732691,6.840254,34,v4,88000000ffffffffffffa8dd9f4dc5b5
3687,49.593744074,7.011383,34,v4,88000000ffffffffffffa8dd9f4dc5b5
3688,49.600807046,7.062972,34,v4,88000000ffffffffffffa8dd9f4dc5b5
3689,49.607876317,7.069271,34,v4,88000000ffffffffffffa8dd9f4dc5b5
3690,49.615086413,7.210096,34,v4,88000000ffffffffffffa8dd9f4dc5b5
3691,49.622364708,7.278295,34,v4,88000000ffffffffffffa8dd9f4dc5b5
3692,49.629353327,6.988619,34,v4,88000000ffffffffffffa8dd9f4dc5b5
3693,49.636556199,7.202872,34,v4,88000000ffffffffffffa8dd9f4dc5b5
3694,49.643426113,6.869914,34,v4,88000000ffffffffffffa8dd9f4dc5b5
3695,49.650573775,7.147662,34,v4,88000000ffffffffffffa8dd9f4dc5b5
3696,49.657719140,7.145365,34,v4,88000000ffffffffffffa8dd9f4dc5b5
3697,49.665057871,7.338731,34,v4,88000000ffffffffffffa8dd9f4dc5b5
3698,49.672065655,7.007784,34,v4,88000000ffffffffffffa8dd9f4dc5b5
3699,49.680204147,8.138492,34,v4,88000000ffffffffffffa8dd9f4dc5b5
3700,49.687536975,7.332828,34,v4,88000000ffffffffffffa8dd9f4dc5b5
3701,49.694461411,6.924436,34,v4,88000000ffffffffffffa8dd9f4dc5b5
3702,49.701315119,6.853708,34,v4,88000000ffffffffffffa8dd9f4dc5b5
3703,49.708447545,7.132426,34,v4,88000000ffffffffffffa8dd9f4dc5b5
3704,49.715794496,7.346951,34,v4,88000000ffffffffffffa8dd9f4dc5b5
3705,49.722929147,7.134651,34,v4,88000000ffffffffffffa8dd9f4dc5b5
3706,50.053066594,330.137447,34,v4,88000000ffffffffffffa8dd9f4dc5b5
3707,50.058973702,5.907108,34,v4,88000000ffffffffffffa8dd9f4dc5b5
3708,50.066089597,7.115895,34,v4,88000000ffffffffffffa8dd9f4dc5b5
3709,50.074572159,8.482562,34,v4,88000000ffffffffffffa8dd9f4dc5b5
3710,50.081501732,6.929573,34,v4,88000000ffffffffffffa8dd9f4dc5b5
3711,50.088496074,6.994342,34,v4,88000000ffffffffffffa8dd9f4dc5b5
3712,50.095811949,7.315875,34,v4,88000000ffffffffffffa8dd9f4dc5b5
3713,50.102766578,6.954629,34,v4,88000000ffffffffffffa8dd9f4dc5b5
3714,50.109995737,7.229159,34,v4,88000000ffffffffffffa8dd9f4dc5b5
3715,50.116075281,6.079544,34,v4,88000000ffffffffffffa8dd9f4dc5b5
3716,50.123338425,7.263144,34,v4,88000000ffffffffffffa8dd9f4dc5b5
3717,50.130436002,7.097577,34,v4,88000000ffffffffffffa8dd9f4dc5b5
3718,50.137671097,7.235095,34,v4,88000000ffffffffffffa8dd9f4dc5b5
3719,50.144358437,6.687340,34,v4,88000000ffffffffffffa8dd9f4dc5b5
3720,50.151384692,7.026255,34,v4,88000000ffffffffffffa8dd9f4dc5b5
3721,50.158546337,7.161645,34,v4,88000000ffffffffffffa8dd9f4dc5b5
3722,50.165672763,7.126426,34,v4,88000000ffffffffffffa8dd9f4dc5b5
3723,50.172894166,7.221403,34,v4,88000000ffffffffffffa8dd9f4dc5b5
3724,50.180065793,7.171627,34,v4,88000000ffffffffffffa8dd9f4dc5b5
3725,50.187112230,7.046437,34,v4,88000000ffffffffffffa8dd9f4dc5b5
3726,50.194006259,6.894029,34,v4,88000000ffffffffffffa8dd9f4dc5b5
3727,50.201257858,7.251599,34,v4,88000000ffffffffffffa8dd9f4dc5b5
3728,50.208220512,6.962654,34,v4,88000000ffffffffffffa8dd9f4dc5b5
3729,50.215489733,7.269221,34,v4,88000000ffffffffffffa8dd9f4dc5b5
3730,50.222512435,7.022702,34,v4,88000000ffffffffffffa8dd9f4dc5b5
3731,50.231225760,8.713325,34,v4,88000000ffffffffffffa8dd9f4dc5b5
3732,50.238637628,7.411868,34,v4,88000000ffffffffffffa8dd9f4dc5b5
3733,50.243959805,5.322177,34,v4,88000000ffffffffffffa8dd9f4dc5b5
3734,50.251062514,7.102709,34,v4,88000000ffffffffffffa8dd9f4dc5b5
3735,50.257246162,6.183648,34,v4,88000000ffffffffffffa8dd9f4dc5b5
3736,50.264243442,6.997280,34,v4,88000000ffffffffffffa8dd9f4dc5b5
3737,50.271327780,7.084338,34,v4,88000000ffffffffffffa8dd9f4dc5b5
3738,50.278304706,6.976926,34,v4,88000000ffffffffffffa8dd9f4dc5b5
3739,50.285418117,7.113411,34,v4,88000000ffffffffffffa8dd9f4dc5b5
3740,50.292637269,7.219152,34,v4,88000000ffffffffffffa8dd9f4dc5b5
3741,50.299859747,7.222478,34,v4,88000000ffffffffffffa8dd9f4dc5b5
3742,50.307187077,7.327330,34,v4,88000000ffffffffffffa8dd9f4dc5b5
3743,50.314168644,6.981567,34,v4,88000000ffffffffffffa8dd9f4dc5b5
3744,50.321361761,7.193117,34,v4,88000000ffffffffffffa8dd9f4dc5b5
3745,50.327406970,6.045209,34,v4,88000000ffffffffffffa8dd9f4dc5b5
3746,50.335313800,7.906830,34,v4,88000000ffffffffffffa8dd9f4dc5b5
3747,50.342606117,7.292317,34,v4,88000000ffffffffffffa8dd9f4dc5b5
3748,50.349601008,6.994891,34,v4,88000000ffffffffffffa8dd9f4dc5b5
3749,50.356703187,7.102179,34,v4,88000000ffffffffffffa8dd9f4dc5b5
3750,50.363948267,7.245080,34,v4,88000000ffffffffffffa8dd9f4dc5b5
3751,50.371279071,7.330804,34,v4,88000000ffffffffffffa8dd9f4dc5b5
3752,50.378048312,6.769241,34,v4,88000000ffffffffffffa8dd9f4dc5b5
3753,50.384134810,6.086498,34,v4,88000000ffffffffffffa8dd9f4dc5b5
3754,50.391560163,7.425353,34,v4,88000000ffffffffffffa8dd9f4dc5b5
3755,50.398406986,6.846823,34,v4,88000000ffffffffffffa8dd9f4dc5b5
3756,50.405486139,7.079153,34,v4,88000000ffffffffffffa8dd9f4dc5b5
3757,50.412605926,7.119787,34,v4,88000000ffffffffffffa8dd9f4dc5b5
3758,50.419724980,7.119054,34,v4,88000000ffffffffffffa8dd9f4dc5b5
3759,50.426793795,7.068815,34,v4,88000000ffffffffffffa8dd9f4dc5b5
3760,50.433966785,7.172990,34,v4,88000000ffffffffffffa8dd9f4dc5b5
3761,50.440988397,7.021612,34,v4,88000000ffffffffffffa8dd9f4dc5b5
3762,50.448095920,7.107523,34,v4,88000000ffffffffffffa8dd9f4dc5b5
3763,50.454361620,6.265700,34,v4,88000000ffffffffffffa8dd9f4dc5b5
3764,50.462286235,7.924615,34,v4,88000000ffffffffffffa8dd9f4dc5b5
3765,50.469452031,7.165796,34,v4,88000000ffffffffffffa8dd9f4dc5b5
3766,50.476541118,7.089087,34,v4,88000000ffffffffffffa8dd9f4dc5b5
3767,50.483749109,7.207991,34,v4,88000000ffffffffffffa8dd9f4dc5b5
3768,50.490723141,6.974032,34,v4,88000000ffffffffffffa8dd9f4dc5b5
3769,50.499688620,8.965479,34,v4,88000000ffffffffffffa8dd9f4dc5b5
3770,50.505009521,5.320901,34,v4,88000000ffffffffffffa8dd9f4dc5b5
3771,50.511105805,6.096284,34,v4,88000000ffffffffffffa8dd9f4dc5b5
3772,50.518227939,7.122134,34,v4,88000000ffffffffffffa8dd9f4dc5b5
3773,50.525381695,7.153756,34,v4,88000000ffffffffffffa8dd9f4dc5b5
3774,50.532359239,6.977544,34,v4,88000000ffffffffffffa8dd9f4dc5b5
3775,50.539728080,7.368841,34,v4,88000000ffffffffffffa8dd9f4dc5b5
3776,50.548023517,8.295437,34,v4,88000000ffffffffffffa8dd9f4dc5b5
3777,50.553925460,5.901943,34,v4,88000000ffffffffffffa8dd9f4dc5b5
3778,50.561070286,7.144826,34,v4,88000000ffffffffffffa8dd9f4dc5b5
3779,50.567022052,5.951766,34,v4,88000000ffffffffffffa8dd9f4dc5b5
3780,50.575184649,8.162597,34,v4,88000000ffffffffffffa8dd9f4dc5b5
3781,50.581307447,6.122798,34,v4,88000000ffffffffffffa8dd9f4dc5b5
3782,50.589550879,8.243432,34,v4,88000000ffffffffffffa8dd9f4dc5b5
3783,50.596413384,6.862505,34,v4,88000000ffffffffffffa8dd9f4dc5b5
3784,50.603517302,7.103918,34,v4,88000000ffffffffffffa8dd9f4dc5b5
3785,50.610659454,7.142152,34,v4,88000000ffffffffffffa8dd9f4dc5b5
3786,50.617891006,7.231552,34,v4,88000000ffffffffffffa8dd9f4dc5b5
3787,50.625025614,7.134608,34,v4,88000000ffffffffffffa8dd9f4dc5b5
3788,50.632053555,7.027941,34,v4,88000000ffffffffffffa8dd9f4dc5b5
3789,50.638135165,6.081610,34,v4,88000000ffffffffffffa8dd9f4dc5b5
3790,50.645475156,7.339991,34,v4,88000000ffffffffffffa8dd9f4dc5b5
3791,50.652309713,6.834557,34,v4,88000000ffffffffffffa8dd9f4dc5b5
3792,50.659375337,7.065624,34,v4,88000000ffffffffffffa8dd9f4dc5b5
3793,50.666495832,7.120495,34,v4,88000000ffffffffffffa8dd9f4dc5b5
3794,50.673731347,7.235515,34,v4,88000000ffffffffffffa8dd9f4dc5b5
3795,50.680881469,7.150122,34,v4,88000000ffffffffffffa8dd9f4dc5b5
3796,50.688203992,7.322523,34,v4,88000000ffffffffffffa8dd9f4dc5b5
3797,50.694346678,6.142686,34,v4,88000000ffffffffffffa8dd9f4dc5b5
3798,50.702280777,7.934099,34,v4,88000000ffffffffffffa8dd9f4dc5b5
3799,50.708545891,6.265114,34,v4,88000000ffffffffffffa8dd9f4dc5b5
3800,50.716057047,7.511156,34,v4,88000000ffffffffffffa8dd9f4dc5b5
3801,50.723705303,7.648256,34,v4,88000000ffffffffffffa8dd9f4dc5b5
3802,50.730836802,7.131499,34,v4,88000000ffffffffffffa8dd9f4dc5b5
3803,50.737733804,6.897002,34,v4,88000000ffffffffffffa8dd9f4dc5b5
3804,50.744810079,7.076275,34,v4,88000000ffffffffffffa8dd9f4dc5b5
3805,50.752177743,7.367664,34,v4,88000000ffffffffffffa8dd9f4dc5b5
3806,51.081300132,329.122389,34,v4,88000000ffffffffffffa8dd9f4dc5b5
3807,51.090014833,8.714701,34,v4,88000000ffffffffffffa8dd9f4dc5b5
3808,51.094497972,4.483139,34,v4,88000000ffffffffffffa8dd9f4dc5b5
3809,51.101460562,6.962590,34,v4,88000000ffffffffffffa8dd9f4dc5b5
3810,51.109564338,8.103776,34,v4,88000000ffffffffffffa8dd9f4dc5b5
3811,51.116740959,7.176621,34,v4,88000000ffffffffffffa8dd9f4dc5b5
3812,51.123999001,7.258042,34,v4,88000000ffffffffffffa8dd9f4dc5b5
3813,51.129955252,5.956251,34,v4,88000000ffffffffffffa8dd9f4dc5b5
3814,51.139018142,9.062890,34,v4,88000000ffffffffffffa8dd9f4dc5b5
3815,51.144174218,5.156076,34,v4,88000000ffffffffffffa8dd9f4dc5b5
3816,51.151064043,6.889825,34,v4,88000000ffffffffffffa8dd9f4dc5b5
3817,51.158366516,7.302473,34,v4,88000000ffffffffffffa8dd9f4dc5b5
3818,51.164441218,6.074702,34,v4,88000000ffffffffffffa8dd9f4dc5b5
3819,51.171909422,7.468204,34,v4,88000000ffffffffffffa8dd9f4dc5b5
3820,51.180026268,8.116846,34,v4,88000000ffffffffffffa8dd9f4dc5b5
3821,51.186541328,6.515060,34,v4,88000000ffffffffffffa8dd9f4dc5b5
3822,51.191936823,5.395495,34,v4,88000000ffffffffffffa8dd9f4dc5b5
3823,51.199029637,7.092814,34,v4,88000000ffffffffffffa8dd9f4dc5b5
3824,51.206275851,7.246214,34,v4,88000000ffffffffffffa8dd9f4dc5b5
3825,51.213198047,6.922196,34,v4,88000000ffffffffffffa8dd9f4dc5b5
3826,51.220543781,7.345734,34,v4,88000000ffffffffffffa8dd9f4dc5b5
3827,51.226393491,5.849710,34,v4,88000000ffffffffffffa8dd9f4dc5b5
3828,51.233441946,7.048455,34,v4,88000000ffffffffffffa8dd9f4dc5b5
3829,51.241553049,8.111103,34,v4,88000000ffffffffffffa8dd9f4dc5b5
3830,51.248691077,7.138028,34,v4,88000000ffffffffffffa8dd9f4dc5b5
3831,51.255919329,7.228252,34,v4,88000000ffffffffffffa8dd9f4dc5b5
3832,51.262956210,7.036881,34,v4,88000000ffffffffffffa8dd9f4dc5b5
3833,51.269138932,6.182722,34,v4,88000000ffffffffffffa8dd9f4dc5b5
3834,51.276112617,6.973685,34,v4,88000000ffffffffffffa8dd9f4dc5b5
3835,51.283323091,7.210474,34,v4,88000000ffffffffffffa8dd9f4dc5b5
3836,51.290343917,7.020826,34,v4,88000000ffffffffffffa8dd9f4dc5b5
3837,51.297419800,7.075883,34,v4,88000000ffffffffffffa8dd9f4dc5b5
3838,51.304566657,7.146857,34,v4,88000000ffffffffffffa8dd9f4dc5b5
3839,51.311682167,7.115510,34,v4,88000000ffffffffffffa8dd9f4dc5b5
3840,51.317784901,6.102734,34,v4,88000000ffffffffffffa8dd9f4dc5b5
3841,51.325117528,7.332627,34,v4,88000000ffffffffffffa8dd9f4dc5b5
3842,51.332054214,6.936686,34,v4,88000000ffffffffffffa8dd9f4dc5b5
3843,51.339155077,7.100863,34,v4,88000000ffffffffffffa8dd9f4dc5b5
3844,51.345261780,6.106703,34,v4,88000000ffffffffffffa8dd9f4dc5b5
3845,51.352347184,7.085404,34,v4,88000000ffffffffffffa8dd9f4dc5b5
3846,51.359525581,7.178397,34,v4,88000000ffffffffffffa8dd9f4dc5b5
3847,51.368496786,8.971205,34,v4,88000000ffffffffffffa8dd9f4dc5b5
3848,51.374966401,6.469615,34,v4,88000000ffffffffffffa8dd9f4dc5b5
3849,51.380840337,5.873936,34,v4,88000000ffffffffffffa8dd9f4dc5b5
3850,51.388396378,7.556041,34,v4,88000000ffffffffffffa8dd9f4dc5b5
3851,51.395146630,6.750252,34,v4,88000000ffffffffffffa8dd9f4dc5b5
3852,51.404184249,9.037619,34,v4,88000000ffffffffffffa8dd9f4dc5b5
3853,51.409392178,5.207929,34,v4,88000000ffffffffffffa8dd9f4dc5b5
3854,51.415630814,6.238636,34,v4,88000000ffffffffffffa8dd9f4dc5b5
3855,51.424458642,8.827828,34,v4,88000000ffffffffffffa8dd9f4dc5b5
3856,51.431592022,7.133380,34,v4,88000000ffffffffffffa8dd9f4dc5b5
3857,51.437023500,5.431478,34,v4,88000000ffffffffffffa8dd9f4dc5b5
3858,51.442722354,5.698854,34,v4,88000000ffffffffffffa8dd9f4dc5b5
3859,51.449956730,7.234376,34,v4,88000000ffffffffffffa8dd9f4dc5b5
3860,51.457024560,7.067830,34,v4,88000000ffffffffffffa8dd9f4dc5b5
3861,51.464091271,7.066711,34,v4,88000000ffffffffffffa8dd9f4dc5b5
3862,51.471235241,7.143970,34,v4,88000000ffffffffffffa8dd9f4dc5b5
3863,51.477325813,6.090572,34,v4,88000000ffffffffffffa8dd9f4dc5b5
3864,51.484421656,7.095843,34,v4,88000000ffffffffffffa8dd9f4dc5b5
3865,51.491499764,7.078108,34,v4,88000000ffffffffffffa8dd9f4dc5b5
3866,51.499726173,8.226409,34,v4,88000000ffffffffffffa8dd9f4dc5b5
3867,51.506948767,7.222594,34,v4,88000000ffffffffffffa8dd9f4dc5b5
3868,51.512943467,5.994700,34,v4,88000000ffffffffffffa8dd9f4dc5b5
3869,51.520184652,7.241185,34,v4,88000000ffffffffffffa8dd9f4dc5b5
3870,51.527217208,7.032556,34,v4,88000000ffffffffffffa8dd9f4dc5b5
3871,51.534287068,7.069860,34,v4,88000000ffffffffffffa8dd9f4dc5b5
3872,51.541299106,7.012038,34,v4,88000000ffffffffffffa8dd9f4dc5b5
3873,51.547496080,6.196974,34,v4,88000000ffffffffffffa8dd9f4dc5b5
3874,51.554535621,7.039541,34,v4,88000000ffffffffffffa8dd9f4dc5b5
3875,51.561724020,7.188399,34,v4,88000000ffffffffffffa8dd9f4dc5b5
3876,51.569089976,7.365956,34,v4,88000000ffffffffffffa8dd9f4dc5b5
3877,51.575984019,6.894043,34,v4,88000000ffffffffffffa8dd9f4dc5b5
3878,51.582145491,6.161472,34,v4,88000000ffffffffffffa8dd9f4dc5b5
3879,51.591079019,8.933528,99,v4,1c000000aadd9f4dc5b568bdcc020000
3880,51.596247687,5.168668,34,v4,88000000ffffffffffffa8dd9f4dc5b5
3881,51.603394479,7.146792,34,v4,88000000ffffffffffffa8dd9f4dc5b5
3882,51.610486436,7.091957,34,v4,88000000ffffffffffffa8dd9f4dc5b5
3883,51.617628186,7.141750,34,v4,88000000ffffffffffffa8dd9f4dc5b5
3884,51.623797725,6.169539,34,v4,88000000ffffffffffffa8dd9f4dc5b5
3885,51.631903770,8.106045,34,v4,88000000ffffffffffffa8dd9f4dc5b5
3886,51.638942725,7.038955,34,v4,88000000ffffffffffffa8dd9f4dc5b5
3887,51.646182780,7.240055,34,v4,88000000ffffffffffffa8dd9f4dc5b5
3888,51.653512226,7.329446,34,v4,88000000ffffffffffffa8dd9f4dc5b5
3889,51.659247916,5.735690,34,v4,88000000ffffffffffffa8dd9f4dc5b5
3890,51.666260601,7.012685,34,v4,88000000ffffffffffffa8dd9f4dc5b5
3891,51.673369717,7.109116,34,v4,88000000ffffffffffffa8dd9f4dc5b5
3892,51.680630526,7.260809,34,v4,88000000ffffffffffffa8dd9f4dc5b5
3893,51.687664865,7.034339,34,v4,88000000ffffffffffffa8dd9f4dc5b5
3894,51.693914939,6.250074,34,v4,88000000ffffffffffffa8dd9f4dc5b5
3895,51.700906931,6.991992,34,v4,88000000ffffffffffffa8dd9f4dc5b5
3896,51.708052870,7.145939,34,v4,88000000ffffffffffffa8dd9f4dc5b5
3897,51.714948981,6.896111,34,v4,88000000ffffffffffffa8dd9f4dc5b5
3898,51.722134196,7.185215,34,v4,88000000ffffffffffffa8dd9f4dc5b5
3899,51.728561287,6.427091,34,v4,88000000ffffffffffffa8dd9f4dc5b5
3900,51.735464633,6.903346,34,v4,88000000ffffffffffffa8dd9f4dc5b5
3901,51.742439892,6.975259,34,v4,88000000ffffffffffffa8dd9f4dc5b5
3902,51.749951784,7.511892,34,v4,88000000ffffffffffffa8dd9f4dc5b5
3903,51.758687502,8.735718,34,v4,88000000ffffffffffffa8dd9f4dc5b5
3904,51.764741298,6.053796,34,v4,88000000ffffffffffffa8dd9f4dc5b5
3905,51.771461723,6.720425,34,v4,88000000ffffffffffffa8dd9f4dc5b5
3906,52.100177178,328.715455,34,v4,88000000ffffffffffffa8dd9f4dc5b5
3907,52.107219036,7.041858,34,v4,88000000ffffffffffffa8dd9f4dc5b5
3908,52.114376324,7.157288,34,v4,88000000ffffffffffffa8dd9f4dc5b5
3909,52.120506065,6.129741,34,v4,88000000ffffffffffffa8dd9f4dc5b5
3910,52.127712598,7.206533,34,v4,88000000ffffffffffffa8dd9f4dc5b5
3911,52.134827211,7.114613,34,v4,88000000ffffffffffffa8dd9f4dc5b5
3912,52.141919004,7.091793,34,v4,88000000ffffffffffffa8dd9f4dc5b5
3913,52.147951595,6.032591,34,v4,88000000ffffffffffffa8dd9f4dc5b5
3914,52.155989944,8.038349,34,v4,88000000ffffffffffffa8dd9f4dc5b5
3915,52.162273032,6.283088,34,v4,88000000ffffffffffffa8dd9f4dc5b5
3916,52.169478899,7.205867,34,v4,88000000ffffffffffffa8dd9f4dc5b5
3917,52.176494561,7.015662,34,v4,88000000ffffffffffffa8dd9f4dc5b5
3918,52.183464424,6.969863,34,v4,88000000ffffffffffffa8dd9f4dc5b5
3919,52.189595683,6.131259,34,v4,88000000ffffffffffffa8dd9f4dc5b5
3920,52.196655281,7.059598,34,v4,88000000ffffffffffffa8dd9f4dc5b5
3921,52.203868617,7.213336,34,v4,88000000ffffffffffffa8dd9f4dc5b5
3922,52.209930806,6.062189,34,v4,88000000ffffffffffffa8dd9f4dc5b5
3923,52.217016090,7.085284,34,v4,88000000ffffffffffffa8dd9f4dc5b5
3924,52.224116355,7.100265,34,v4,88000000ffffffffffffa8dd9f4dc5b5
3925,52.230551029,6.434674,34,v4,88000000ffffffffffffa8dd9f4dc5b5
3926,52.237525694,6.974665,34,v4,88000000ffffffffffffa8dd9f4dc5b5
3927,52.244434683,6.908989,34,v4,88000000ffffffffffffa8dd9f4dc5b5
3928,52.251426710,6.992027,34,v4,88000000ffffffffffffa8dd9f4dc5b5
3929,52.257642881,6.216171,34,v4,88000000ffffffffffffa8dd9f4dc5b5
3930,52.264910827,7.267946,34,v4,88000000ffffffffffffa8dd9f4dc5b5
3931,52.271905305,6.994478,34,v4,88000000ffffffffffffa8dd9f4dc5b5
3932,52.277878752,5.973447,34,v4,88000000ffffffffffffa8dd9f4dc5b5
3933,52.286130746,8.251994,34,v4,88000000ffffffffffffa8dd9f4dc5b5
3934,52.293195037,7.064291,34,v4,88000000ffffffffffffa8dd9f4dc5b5
3935,52.299330908,6.135871,34,v4,88000000ffffffffffffa8dd9f4dc5b5
3936,52.306415567,7.084659,34,v4,88000000ffffffffffffa8dd9f4dc5b5
3937,52.313541584,7.126017,34,v4,88000000ffffffffffffa8dd9f4dc5b5
3938,52.319700501,6.158917,34,v4,88000000ffffffffffffa8dd9f4dc5b5
3939,52.326818038,7.117537,34,v4,88000000ffffffffffffa8dd9f4dc5b5
3940,52.334009470,7.191432,34,v4,88000000ffffffffffffa8dd9f4dc5b5
3941,52.341248511,7.239041,34,v4,88000000ffffffffffffa8dd9f4dc5b5
3942,52.347218765,5.970254,34,v4,88000000ffffffffffffa8dd9f4dc5b5
3943,52.354072239,6.853474,34,v4,88000000ffffffffffffa8dd9f4dc5b5
3944,52.361565148,7.492909,34,v4,88000000ffffffffffffa8dd9f4dc5b5
3945,52.367435058,5.869910,34,v4,88000000ffffffffffffa8dd9f4dc5b5
3946,52.374450941,7.015883,34,v4,88000000ffffffffffffa8dd9f4dc5b5
3947,52.381551028,7.100087,34,v4,88000000ffffffffffffa8dd9f4dc5b5
3948,52.387771500,6.220472,34,v4,88000000ffffffffffffa8dd9f4dc5b5
3949,52.394792283,7.020783,34,v4,88000000ffffffffffffa8dd9f4dc5b5
3950,52.402215772,7.423489,34,v4,88000000ffffffffffffa8dd9f4dc5b5
3951,52.408152353,5.936581,34,v4,88000000ffffffffffffa8dd9f4dc5b5
3952,52.416217006,8.064653,34,v4,88000000ffffffffffffa8dd9f4dc5b5
3953,52.423152338,6.935332,34,v4,88000000ffffffffffffa8dd9f4dc5b5
3954,52.430713865,7.561527,34,v4,88000000ffffffffffffa8dd9f4dc5b5
3955,52.436613309,5.899444,34,v4,88000000ffffffffffffa8dd9f4dc5b5
3956,52.443459419,6.846110,34,v4,88000000ffffffffffffa8dd9f4dc5b5
3957,52.450597105,7.137686,34,v4,88000000ffffffffffffa8dd9f4dc5b5
3958,52.459018165,8.421060,34,v4,88000000ffffffffffffa8dd9f4dc5b5
3959,52.464827519,5.809354,34,v4,88000000ffffffffffffa8dd9f4dc5b5
3960,52.470941738,6.114219,34,v4,88000000ffffffffffffa8dd9f4dc5b5
3961,52.477989878,7.048140,34,v4,88000000ffffffffffffa8dd9f4dc5b5
3962,52.484239316,6.249438,34,v4,88000000ffffffffffffa8dd9f4dc5b5
3963,52.491217919,6.978603,34,v4,88000000ffffffffffffa8dd9f4dc5b5
3964,52.498342364,7.124445,34,v4,88000000ffffffffffffa8dd9f4dc5b5
3965,52.505534786,7.192422,34,v4,88000000ffffffffffffa8dd9f4dc5b5
3966,52.511631108,6.096322,34,v4,88000000ffffffffffffa8dd9f4dc5b5
3967,52.518801604,7.170496,34,v4,88000000ffffffffffffa8dd9f4dc5b5
3968,52.525910324,7.108720,34,v4,88000000ffffffffffffa8dd9f4dc5b5
3969,52.531921100,6.010776,34,v4,88000000ffffffffffffa8dd9f4dc5b5
3970,52.540374811,8.453711,34,v4,88000000ffffffffffffa8dd9f4dc5b5
3971,52.547458612,7.083801,34,v4,88000000ffffffffffffa8dd9f4dc5b5
3972,52.553429432,5.970820,34,v4,88000000ffffffffffffa8dd9f4dc5b5
3973,52.560376169,6.946737,34,v4,88000000ffffffffffffa8dd9f4dc5b5
3974,52.567441086,7.064917,34,v4,88000000ffffffffffffa8dd9f4dc5b5
3975,52.573779166,6.338080,34,v4,88000000ffffffffffffa8dd9f4dc5b5
3976,52.580843700,7.064534,34,v4,88000000ffffffffffffa8dd9f4dc5b5
3977,52.587943136,7.099436,34,v4,88000000ffffffffffffa8dd9f4dc5b5
3978,52.594987138,7.044002,34,v4,88000000ffffffffffffa8dd9f4dc5b5
3979,52.601182773,6.195635,34,v4,88000000ffffffffffffa8dd9f4dc5b5
3980,52.608178568,6.995795,34,v4,88000000ffffffffffffa8dd9f4dc5b5
3981,52.615355466,7.176898,34,v4,88000000ffffffffffffa8dd9f4dc5b5
3982,52.621498942,6.143476,34,v4,88000000ffffffffffffa8dd9f4dc5b5
3983,52.628641026,7.142084,34,v4,88000000ffffffffffffa8dd9f4dc5b5
3984,52.635815906,7.174880,34,v4,88000000ffffffffffffa8dd9f4dc5b5
3985,52.641878541,6.062635,34,v4,88000000ffffffffffffa8dd9f4dc5b5
3986,52.648904653,7.026112,34,v4,88000000ffffffffffffa8dd9f4dc5b5
3987,52.656159269,7.254616,34,v4,88000000ffffffffffffa8dd9f4dc5b5
3988,52.663162401,7.003132,34,v4,88000000ffffffffffffa8dd9f4dc5b5
3989,52.671424541,8.262140,34,v4,88000000ffffffffffffa8dd9f4dc5b5
3990,52.677696405,6.271864,34,v4,88000000ffffffffffffa8dd9f4dc5b5
3991,52.684427991,6.731586,34,v4,88000000ffffffffffffa8dd9f4dc5b5
3992,52.691684876,7.256885,34,v4,88000000ffffffffffffa8dd9f4dc5b5
3993,52.697826273,6.141397,34,v4,88000000ffffffffffffa8dd9f4dc5b5
3994,52.704702783,6.876510,34,v4,88000000ffffffffffffa8dd9f4dc5b5
3995,52.711858004,7.155221,34,v4,88000000ffffffffffffa8dd9f4dc5b5
3996,52.718744983,6.886979,34,v4,88000000ffffffffffffa8dd9f4dc5b5
3997,52.725890970,7.145987,34,v4,88000000ffffffffffffa8dd9f4dc5b5
3998,52.732078842,6.187872,34,v4,88000000ffffffffffffa8dd9f4dc5b5
3999,52.739084295,7.005453,34,v4,88000000ffffffffffffa8dd9f4dc5b5
4000,52.746254762,7.170467,34,v4,88000000ffffffffffffa8dd9f4dc5b5
4001,52.752635609,6.380847,34,v4,88000000ffffffffffffa8dd9f4dc5b5
4002,52.759580099,6.944490,34,v4,88000000ffffffffffffa8dd9f4dc5b5
4003,52.766608659,7.028560,34,v4,88000000ffffffffffffa8dd9f4dc5b5
4004,52.772778307,6.169648,34,v4,88000000ffffffffffffa8dd9f4dc5b5
4005,52.780164955,7.386648,34,v4,88000000ffffffffffffa8dd9f4dc5b5
4006,53.112099155,331.934200,34,v4,88000000ffffffffffffa8dd9f4dc5b5
4007,53.119164022,7.064867,34,v4,88000000ffffffffffffa8dd9f4dc5b5
4008,53.123367018,4.202996,34,v4,88000000ffffffffffffa8dd9f4dc5b5
4009,53.130386190,7.019172,34,v4,88000000ffffffffffffa8dd9f4dc5b5
4010,53.136444014,6.057824,34,v4,88000000ffffffffffffa8dd9f4dc5b5
4011,53.143493819,7.049805,34,v4,88000000ffffffffffffa8dd9f4dc5b5
4012,53.151246752,7.752933,34,v4,88000000ffffffffffffa8dd9f4dc5b5
4013,53.158767702,7.520950,34,v4,88000000ffffffffffffa8dd9f4dc5b5
4014,53.164198374,5.430672,34,v4,88000000ffffffffffffa8dd9f4dc5b5
4015,53.170098739,5.900365,34,v4,88000000ffffffffffffa8dd9f4dc5b5
4016,53.178973434,8.874695,34,v4,88000000ffffffffffffa8dd9f4dc5b5
4017,53.184352694,5.379260,34,v4,88000000ffffffffffffa8dd9f4dc5b5
4018,53.191726523,7.373829,34,v4,88000000ffffffffffffa8dd9f4dc5b5
4019,53.198425452,6.698929,34,v4,88000000ffffffffffffa8dd9f4dc5b5
4020,53.204549467,6.124015,34,v4,88000000ffffffffffffa8dd9f4dc5b5
4021,53.211896147,7.346680,34,v4,88000000ffffffffffffa8dd9f4dc5b5
4022,53.217676019,5.779872,34,v4,88000000ffffffffffffa8dd9f4dc5b5
4023,53.224847045,7.171026,34,v4,88000000ffffffffffffa8dd9f4dc5b5
4024,53.233914714,9.067669,34,v4,88000000ffffffffffffa8dd9f4dc5b5
4025,53.238290301,4.375587,34,v4,88000000ffffffffffffa8dd9f4dc5b5
4026,53.245632687,7.342386,34,v4,88000000ffffffffffffa8dd9f4dc5b5
4027,53.252618425,6.985738,34,v4,88000000ffffffffffffa8dd9f4dc5b5
4028,53.258479156,5.860731,34,v4,88000000ffffffffffffa8dd9f4dc5b5
4029,53.265641644,7.162488,34,v4,88000000ffffffffffffa8dd9f4dc5b5
4030,53.271702700,6.061056,34,v4,88000000ffffffffffffa8dd9f4dc5b5
4031,53.278815513,7.112813,34,v4,88000000ffffffffffffa8dd9f4dc5b5
4032,53.285946727,7.131214,34,v4,88000000ffffffffffffa8dd9f4dc5b5
4033,53.292234236,6.287509,34,v4,88000000ffffffffffffa8dd9f4dc5b5
4034,53.299028862,6.794626,34,v4,88000000ffffffffffffa8dd9f4dc5b5
4035,53.305207956,6.179094,34,v4,88000000ffffffffffffa8dd9f4dc5b5
4036,53.313832734,8.624778,34,v4,88000000ffffffffffffa8dd9f4dc5b5
4037,53.318586431,4.753697,34,v4,88000000ffffffffffffa8dd9f4dc5b5
4038,53.326543777,7.957346,34,v4,88000000ffffffffffffa8dd9f4dc5b5
4039,53.333584233,7.040456,34,v4,88000000ffffffffffffa8dd9f4dc5b5
4040,53.339677098,6.092865,34,v4,88000000ffffffffffffa8dd9f4dc5b5
4041,53.348745009,9.067911,34,v4,88000000ffffffffffffa8dd9f4dc5b5
4042,53.352903605,4.158596,34,v4,88000000ffffffffffffa8dd9f4dc5b5
4043,53.360246186,7.342581,34,v4,88000000ffffffffffffa8dd9f4dc5b5
4044,53.367514141,7.267955,34,v4,88000000ffffffffffffa8dd9f4dc5b5
4045,53.373440593,5.926452,34,v4,88000000ffffffffffffa8dd9f4dc5b5
4046,53.380481289,7.040696,34,v4,88000000ffffffffffffa8dd9f4dc5b5
4047,53.386451144,5.969855,34,v4,88000000ffffffffffffa8dd9f4dc5b5
4048,53.393480684,7.029540,34,v4,88000000ffffffffffffa8dd9f4dc5b5
4049,53.400587842,7.107158,34,v4,88000000ffffffffffffa8dd9f4dc5b5
4050,53.406694361,6.106519,34,v4,88000000ffffffffffffa8dd9f4dc5b5
4051,53.413855179,7.160818,34,v4,88000000ffffffffffffa8dd9f4dc5b5
4052,53.420973103,7.117924,34,v4,88000000ffffffffffffa8dd9f4dc5b5
4053,53.427387771,6.414668,34,v4,88000000ffffffffffffa8dd9f4dc5b5
4054,53.434461664,7.073893,34,v4,88000000ffffffffffffa8dd9f4dc5b5
4055,53.440321912,5.860248,34,v4,88000000ffffffffffffa8dd9f4dc5b5
4056,53.447744103,7.422191,34,v4,88000000ffffffffffffa8dd9f4dc5b5
4057,53.454428544,6.684441,34,v4,88000000ffffffffffffa8dd9f4dc5b5
4058,53.461659155,7.230611,34,v4,88000000ffffffffffffa8dd9f4dc5b5
4059,53.468732276,7.073121,34,v4,88000000ffffffffffffa8dd9f4dc5b5
4060,53.474736118,6.003842,34,v4,88000000ffffffffffffa8dd9f4dc5b5
4061,53.481828378,7.092260,34,v4,88000000ffffffffffffa8dd9f4dc5b5
4062,53.488154954,6.326576,34,v4,88000000ffffffffffffa8dd9f4dc5b5
4063,53.495117735,6.962781,34,v4,88000000ffffffffffffa8dd9f4dc5b5
4064,53.502438539,7.320804,34,v4,88000000ffffffffffffa8dd9f4dc5b5
4065,53.508238669,5.800130,34,v4,88000000ffffffffffffa8dd9f4dc5b5
4066,53.515391667,7.152998,34,v4,88000000ffffffffffffa8dd9f4dc5b5
4067,53.521560037,6.168370,34,v4,88000000ffffffffffffa8dd9f4dc5b5
4068,53.528577188,7.017151,34,v4,88000000ffffffffffffa8dd9f4dc5b5
4069,53.535626904,7.049716,34,v4,88000000ffffffffffffa8dd9f4dc5b5
4070,53.541841731,6.214827,34,v4,88000000ffffffffffffa8dd9f4dc5b5
4071,53.548863515,7.021784,34,v4,88000000ffffffffffffa8dd9f4dc5b5
4072,53.555194287,6.330772,34,v4,88000000ffffffffffffa8dd9f4dc5b5
4073,53.562179823,6.985536,34,v4,88000000ffffffffffffa8dd9f4dc5b5
4074,53.569275212,7.095389,34,v4,88000000ffffffffffffa8dd9f4dc5b5
4075,53.575458252,6.183040,34,v4,88000000ffffffffffffa8dd9f4dc5b5
4076,53.583505933,8.047681,34,v4,88000000ffffffffffffa8dd9f4dc5b5
4077,53.590663656,7.157723,34,v4,88000000ffffffffffffa8dd9f4dc5b5
4078,53.596843269,6.179613,34,v4,88000000ffffffffffffa8dd9f4dc5b5
4079,53.603781477,6.938208,34,v4,88000000ffffffffffffa8dd9f4dc5b5
4080,53.609882039,6.100562,34,v4,88000000ffffffffffffa8dd9f4dc5b5
4081,53.616974539,7.092500,34,v4,88000000ffffffffffffa8dd9f4dc5b5
4082,53.623012521,6.037982,34,v4,88000000ffffffffffffa8dd9f4dc5b5
4083,53.632288957,9.276436,34,v4,88000000ffffffffffffa8dd9f4dc5b5
4084,53.637348629,5.059672,34,v4,88000000ffffffffffffa8dd9f4dc5b5
4085,53.643642283,6.293654,34,v4,88000000ffffffffffffa8dd9f4dc5b5
4086,53.650423418,6.781135,34,v4,88000000ffffffffffffa8dd9f4dc5b5
4087,53.656760810,6.337392,34,v4,88000000ffffffffffffa8dd9f4dc5b5
4088,53.665025720,8.264910,34,v4,88000000ffffffffffffa8dd9f4dc5b5
4089,53.669952256,4.926536,34,v4,88000000ffffffffffffa8dd9f4dc5b5
4090,53.677048616,7.096360,34,v4,88000000ffffffffffffa8dd9f4dc5b5
4091,53.684110266,7.061650,34,v4,88000000ffffffffffffa8dd9f4dc5b5
4092,53.690323448,6.213182,34,v4,88000000ffffffffffffa8dd9f4dc5b5
4093,53.697250769,6.927321,34,v4,88000000ffffffffffffa8dd9f4dc5b5
4094,53.704328724,7.077955,34,v4,88000000ffffffffffffa8dd9f4dc5b5
4095,53.711419153,7.090429,34,v4,88000000ffffffffffffa8dd9f4dc5b5
4096,53.718633082,7.213929,34,v4,88000000ffffffffffffa8dd9f4dc5b5
4097,53.724828606,6.195524,34,v4,88000000ffffffffffffa8dd9f4dc5b5
4098,53.731822430,6.993824,34,v4,88000000ffffffffffffa8dd9f4dc5b5
4099,53.738923420,7.100990,34,v4,88000000ffffffffffffa8dd9f4dc5b5
4100,53.744956454,6.033034,34,v4,88000000ffffffffffffa8dd9f4dc5b5
4101,53.752220140,7.263686,34,v4,88000000ffffffffffffa8dd9f4dc5b5
4102,53.759785103,7.564963,34,v4,88000000ffffffffffffa8dd9f4dc5b5
4103,53.765342465,5.557362,34,v4,88000000ffffffffffffa8dd9f4dc5b5
4104,53.771450094,6.107629,34,v4,88000000ffffffffffffa8dd9f4dc5b5
4105,53.778571915,7.121821,34,v4,88000000ffffffffffffa8dd9f4dc5b5
4106,54.108923686,330.351771,34,v4,88000000ffffffffffffa8dd9f4dc5b5
4107,54.116105293,7.181607,34,v4,88000000ffffffffffffa8dd9f4dc5b5
4108,54.122060253,5.954960,34,v4,88000000ffffffffffffa8dd9f4dc5b5
4109,54.129166393,7.106140,34,v4,88000000ffffffffffffa8dd9f4dc5b5
4110,54.135278245,6.111852,34,v4,88000000ffffffffffffa8dd9f4dc5b5
4111,54.142375804,7.097559,34,v4,88000000ffffffffffffa8dd9f4dc5b5
4112,54.148255666,5.879862,34,v4,88000000ffffffffffffa8dd9f4dc5b5
4113,54.156928610,8.672944,34,v4,88000000ffffffffffffa8dd9f4dc5b5
4114,54.161530373,4.601763,34,v4,88000000ffffffffffffa8dd9f4dc5b5
4115,54.168633512,7.103139,34,v4,88000000ffffffffffffa8dd9f4dc5b5
4116,54.175194880,6.561368,34,v4,88000000ffffffffffffa8dd9f4dc5b5
4117,54.181985333,6.790453,34,v4,88000000ffffffffffffa8dd9f4dc5b5
4118,54.188066624,6.081291,34,v4,88000000ffffffffffffa8dd9f4dc5b5
4119,54.195182530,7.115906,34,v4,88000000ffffffffffffa8dd9f4dc5b5
4120,54.201324140,6.141610,34,v4,88000000ffffffffffffa8dd9f4dc5b5
4121,54.208313596,6.989456,34,v4,88000000ffffffffffffa8dd9f4dc5b5
4122,54.214365795,6.052199,34,v4,88000000ffffffffffffa8dd9f4dc5b5
4123,54.221529912,7.164117,34,v4,88000000ffffffffffffa8dd9f4dc5b5
4124,54.227894098,6.364186,34,v4,88000000ffffffffffffa8dd9f4dc5b5
4125,54.235797078,7.902980,34,v4,88000000ffffffffffffa8dd9f4dc5b5
4126,54.242010269,6.213191,34,v4,88000000ffffffffffffa8dd9f4dc5b5
4127,54.248962166,6.951897,34,v4,88000000ffffffffffffa8dd9f4dc5b5
4128,54.255211462,6.249296,34,v4,88000000ffffffffffffa8dd9f4dc5b5
4129,54.262179616,6.968154,34,v4,88000000ffffffffffffa8dd9f4dc5b5
4130,54.269224496,7.044880,34,v4,88000000ffffffffffffa8dd9f4dc5b5
4131,54.275351424,6.126928,34,v4,88000000ffffffffffffa8dd9f4dc5b5
4132,54.281444582,6.093158,34,v4,88000000ffffffffffffa8dd9f4dc5b5
4133,54.288549479,7.104897,34,v4,88000000ffffffffffffa8dd9f4dc5b5
4134,54.295713266,7.163787,34,v4,88000000ffffffffffffa8dd9f4dc5b5
4135,54.301766051,6.052785,34,v4,88000000ffffffffffffa8dd9f4dc5b5
4136,54.307970340,6.204289,34,v4,88000000ffffffffffffa8dd9f4dc5b5
4137,54.315069890,7.099550,34,v4,88000000ffffffffffffa8dd9f4dc5b5
4138,54.322233846,7.163956,34,v4,88000000ffffffffffffa8dd9f4dc5b5
4139,54.328213642,5.979796,34,v4,88000000ffffffffffffa8dd9f4dc5b5
4140,54.334541982,6.328340,34,v4,88000000ffffffffffffa8dd9f4dc5b5
4141,54.341649260,7.107278,34,v4,88000000ffffffffffffa8dd9f4dc5b5
4142,54.347729730,6.080470,34,v4,88000000ffffffffffffa8dd9f4dc5b5
4143,54.354578762,6.849032,34,v4,88000000ffffffffffffa8dd9f4dc5b5
4144,54.361851313,7.272551,34,v4,88000000ffffffffffffa8dd9f4dc5b5
4145,54.368877799,7.026486,34,v4,88000000ffffffffffffa8dd9f4dc5b5
4146,54.374947949,6.070150,34,v4,88000000ffffffffffffa8dd9f4dc5b5
4147,54.382087760,7.139811,34,v4,88000000ffffffffffffa8dd9f4dc5b5
4148,54.389402586,7.314826,34,v4,88000000ffffffffffffa8dd9f4dc5b5
4149,54.395551740,6.149154,34,v4,88000000ffffffffffffa8dd9f4dc5b5
4150,54.401354391,5.802651,34,v4,88000000ffffffffffffa8dd9f4dc5b5
4151,54.408657934,7.303543,34,v4,88000000ffffffffffffa8dd9f4dc5b5
4152,54.416281348,7.623414,34,v4,88000000ffffffffffffa8dd9f4dc5b5
4153,54.421692975,5.411627,34,v4,88000000ffffffffffffa8dd9f4dc5b5
4154,54.427921514,6.228539,34,v4,88000000ffffffffffffa8dd9f4dc5b5
4155,54.435005178,7.083664,34,v4,88000000ffffffffffffa8dd9f4dc5b5
4156,54.442049426,7.044248,34,v4,88000000ffffffffffffa8dd9f4dc5b5
4157,54.448008193,5.958767,34,v4,88000000ffffffffffffa8dd9f4dc5b5
4158,54.454298107,6.289914,34,v4,88000000ffffffffffffa8dd9f4dc5b5
4159,54.463176430,8.878323,34,v4,88000000ffffffffffffa8dd9f4dc5b5
4160,54.470465092,7.288662,34,v4,88000000ffffffffffffa8dd9f4dc5b5
4161,54.474581681,4.116589,34,v4,88000000ffffffffffffa8dd9f4dc5b5
4162,54.480878400,6.296719,34,v4,88000000ffffffffffffa8dd9f4dc5b5
4163,54.487734598,6.856198,34,v4,88000000ffffffffffffa8dd9f4dc5b5
4164,54.494957191,7.222593,34,v4,88000000ffffffffffffa8dd9f4dc5b5
4165,54.502137831,7.180640,34,v4,88000000ffffffffffffa8dd9f4dc5b5
4166,54.509113305,6.975474,34,v4,88000000ffffffffffffa8dd9f4dc5b5
4167,54.515206168,6.092863,34,v4,88000000ffffffffffffa8dd9f4dc5b5
4168,54.522527329,7.321161,34,v4,88000000ffffffffffffa8dd9f4dc5b5
4169,54.530245631,7.718302,34,v4,88000000ffffffffffffa8dd9f4dc5b5
4170,54.535623546,5.377915,34,v4,88000000ffffffffffffa8dd9f4dc5b5
4171,54.541742525,6.118979,34,v4,88000000ffffffffffffa8dd9f4dc5b5
4172,54.549504435,7.761910,34,v4,88000000ffffffffffffa8dd9f4dc5b5
4173,54.554785157,5.280722,34,v4,88000000ffffffffffffa8dd9f4dc5b5
4174,54.561952509,7.167352,34,v4,88000000ffffffffffffa8dd9f4dc5b5
4175,54.569284733,7.332224,34,v4,88000000ffffffffffffa8dd9f4dc5b5
4176,54.575125519,5.840786,34,v4,88000000ffffffffffffa8dd9f4dc5b5
4177,54.581185722,6.060203,34,v4,88000000ffffffffffffa8dd9f4dc5b5
4178,54.588427685,7.241963,34,v4,88000000ffffffffffffa8dd9f4dc5b5
4179,54.594972937,6.545252,34,v4,88000000ffffffffffffa8dd9f4dc5b5
4180,54.601524853,6.551916,34,v4,88000000ffffffffffffa8dd9f4dc5b5
4181,54.607816399,6.291546,34,v4,88000000ffffffffffffa8dd9f4dc5b5
4182,54.614944060,7.127661,34,v4,88000000ffffffffffffa8dd9f4dc5b5
4183,54.621781315,6.837255,34,v4,88000000ffffffffffffa8dd9f4dc5b5
4184,54.628891409,7.110094,34,v4,88000000ffffffffffffa8dd9f4dc5b5
4185,54.636978680,8.087271,34,v4,88000000ffffffffffffa8dd9f4dc5b5
4186,54.644028871,7.050191,34,v4,88000000ffffffffffffa8dd9f4dc5b5
4187,54.650031079,6.002208,34,v4,88000000ffffffffffffa8dd9f4dc5b5
4188,54.655341691,5.310612,34,v4,88000000ffffffffffffa8dd9f4dc5b5
4189,54.661812059,6.470368,34,v4,88000000ffffffffffffa8dd9f4dc5b5
4190,54.668820256,7.008197,34,v4,88000000ffffffffffffa8dd9f4dc5b5
4191,54.674859928,6.039672,34,v4,88000000ffffffffffffa8dd9f4dc5b5
4192,54.681975708,7.115780,34,v4,88000000ffffffffffffa8dd9f4dc5b5
4193,54.689736993,7.761285,34,v4,88000000ffffffffffffa8dd9f4dc5b5
4194,54.695193292,5.456299,34,v4,88000000ffffffffffffa8dd9f4dc5b5
4195,54.701344330,6.151038,34,v4,88000000ffffffffffffa8dd9f4dc5b5
4196,54.710424450,9.080120,34,v4,88000000ffffffffffffa8dd9f4dc5b5
4197,54.715440776,5.016326,34,v4,88000000ffffffffffffa8dd9f4dc5b5
4198,54.721343008,5.902232,34,v4,88000000ffffffffffffa8dd9f4dc5b5
4199,54.727378491,6.035483,34,v4,88000000ffffffffffffa8dd9f4dc5b5
4200,54.734695275,7.316784,34,v4,88000000ffffffffffffa8dd9f4dc5b5
4201,54.740816417,6.121142,34,v4,88000000ffffffffffffa8dd9f4dc5b5
4202,54.749616494,8.800077,34,v4,88000000ffffffffffffa8dd9f4dc5b5
4203,54.755201568,5.585074,34,v4,88000000ffffffffffffa8dd9f4dc5b5
4204,54.762216459,7.014891,34,v4,88000000ffffffffffffa8dd9f4dc5b5
4205,54.768159312,5.942853,34,v4,88000000ffffffffffffa8dd9f4dc5b5
4206,55.096580705,328.421393,34,v4,88000000ffffffffffffa8dd9f4dc5b5
4207,55.103676826,7.096121,34,v4,88000000ffffffffffffa8dd9f4dc5b5
4208,55.111406903,7.730077,34,v4,88000000ffffffffffffa8dd9f4dc5b5
4209,55.116332134,4.925231,34,v4,88000000ffffffffffffa8dd9f4dc5b5
4210,55.124651722,8.319588,34,v4,88000000ffffffffffffa8dd9f4dc5b5
4211,55.130739520,6.087798,34,v4,88000000ffffffffffffa8dd9f4dc5b5
4212,55.137822245,7.082725,34,v4,88000000ffffffffffffa8dd9f4dc5b5
4213,55.145311843,7.489598,34,v4,88000000ffffffffffffa8dd9f4dc5b5
4214,55.149887358,4.575515,34,v4,88000000ffffffffffffa8dd9f4dc5b5
4215,55.156506485,6.619127,34,v4,88000000ffffffffffffa8dd9f4dc5b5
4216,55.164408311,7.901826,34,v4,88000000ffffffffffffa8dd9f4dc5b5
4217,55.170093735,5.685424,34,v4,88000000ffffffffffffa8dd9f4dc5b5
4218,55.177019140,6.925405,34,v4,88000000ffffffffffffa8dd9f4dc5b5
4219,55.183770287,6.751147,34,v4,88000000ffffffffffffa8dd9f4dc5b5
4220,55.189100319,5.330032,34,v4,88000000ffffffffffffa8dd9f4dc5b5
4221,55.194924445,5.824126,34,v4,88000000ffffffffffffa8dd9f4dc5b5
4222,55.202206228,7.281783,34,v4,88000000ffffffffffffa8dd9f4dc5b5
4223,55.208058999,5.852771,34,v4,88000000ffffffffffffa8dd9f4dc5b5
4224,55.214105219,6.046220,34,v4,88000000ffffffffffffa8dd9f4dc5b5
4225,55.221244691,7.139472,34,v4,88000000ffffffffffffa8dd9f4dc5b5
4226,55.227390806,6.146115,34,v4,88000000ffffffffffffa8dd9f4dc5b5
4227,55.234371820,6.981014,34,v4,88000000ffffffffffffa8dd9f4dc5b5
4228,55.240953706,6.581886,34,v4,88000000ffffffffffffa8dd9f4dc5b5
4229,55.247709335,6.755629,34,v4,88000000ffffffffffffa8dd9f4dc5b5
4230,55.253756519,6.047184,34,v4,88000000ffffffffffffa8dd9f4dc5b5
4231,55.259992759,6.236240,34,v4,88000000ffffffffffffa8dd9f4dc5b5
4232,55.266976727,6.983968,34,v4,88000000ffffffffffffa8dd9f4dc5b5
4233,55.274358572,7.381845,34,v4,88000000ffffffffffffa8dd9f4dc5b5
4234,55.280270996,5.912424,34,v4,88000000ffffffffffffa8dd9f4dc5b5
4235,55.287533640,7.262644,34,v4,88000000ffffffffffffa8dd9f4dc5b5
4236,55.293428835,5.895195,34,v4,88000000ffffffffffffa8dd9f4dc5b5
4237,55.300551477,7.122642,34,v4,88000000ffffffffffffa8dd9f4dc5b5
4238,55.306670807,6.119330,34,v4,88000000ffffffffffffa8dd9f4dc5b5
4239,55.313756112,7.085305,34,v4,88000000ffffffffffffa8dd9f4dc5b5
4240,55.319811119,6.055007,34,v4,88000000ffffffffffffa8dd9f4dc5b5
4241,55.326055330,6.244211,34,v4,88000000ffffffffffffa8dd9f4dc5b5
4242,55.334294886,8.239556,34,v4,88000000ffffffffffffa8dd9f4dc5b5
4243,55.339455811,5.160925,34,v4,88000000ffffffffffffa8dd9f4dc5b5
4244,55.346387617,6.931806,34,v4,88000000ffffffffffffa8dd9f4dc5b5
4245,55.352264629,5.877012,34,v4,88000000ffffffffffffa8dd9f4dc5b5
4246,55.359380079,7.115450,34,v4,88000000ffffffffffffa8dd9f4dc5b5
4247,55.365614722,6.234643,34,v4,88000000ffffffffffffa8dd9f4dc5b5
4248,55.371640601,6.025879,34,v4,88000000ffffffffffffa8dd9f4dc5b5
4249,55.378785150,7.144549,34,v4,88000000ffffffffffffa8dd9f4dc5b5
4250,55.384848949,6.063799,34,v4,88000000ffffffffffffa8dd9f4dc5b5
4251,55.391189370,6.340421,34,v4,88000000ffffffffffffa8dd9f4dc5b5
4252,55.398195856,7.006486,34,v4,88000000ffffffffffffa8dd9f4dc5b5
4253,55.405293828,7.097972,34,v4,88000000ffffffffffffa8dd9f4dc5b5
4254,55.412418691,7.124863,34,v4,88000000ffffffffffffa8dd9f4dc5b5
4255,55.418557106,6.138415,34,v4,88000000ffffffffffffa8dd9f4dc5b5
4256,55.425742674,7.185568,34,v4,88000000ffffffffffffa8dd9f4dc5b5
4257,55.431642188,5.899514,34,v4,88000000ffffffffffffa8dd9f4dc5b5
4258,55.437679709,6.037521,34,v4,88000000ffffffffffffa8dd9f4dc5b5
4259,55.444749856,7.070147,34,v4,88000000ffffffffffffa8dd9f4dc5b5
4260,55.450903445,6.153589,34,v4,88000000ffffffffffffa8dd9f4dc5b5
4261,55.456933758,6.030313,34,v4,88000000ffffffffffffa8dd9f4dc5b5
4262,55.463983384,7.049626,34,v4,88000000ffffffffffffa8dd9f4dc5b5
4263,55.470221488,6.238104,34,v4,88000000ffffffffffffa8dd9f4dc5b5
4264,55.477514510,7.293022,34,v4,88000000ffffffffffffa8dd9f4dc5b5
4265,55.483660656,6.146146,34,v4,88000000ffffffffffffa8dd9f4dc5b5
4266,55.492296036,8.635380,34,v4,88000000ffffffffffffa8dd9f4dc5b5
4267,55.496543139,4.247103,34,v4,88000000ffffffffffffa8dd9f4dc5b5
4268,55.502748166,6.205027,34,v4,88000000ffffffffffffa8dd9f4dc5b5
4269,55.511740447,8.992281,34,v4,88000000ffffffffffffa8dd9f4dc5b5
4270,55.516484972,4.744525,34,v4,88000000ffffffffffffa8dd9f4dc5b5
4271,55.522244207,5.759235,34,v4,88000000ffffffffffffa8dd9f4dc5b5
4272,55.529289565,7.045358,34,v4,88000000ffffffffffffa8dd9f4dc5b5
4273,55.536408615,7.119050,34,v4,88000000ffffffffffffa8dd9f4dc5b5
4274,55.543290304,6.881689,34,v4,88000000ffffffffffffa8dd9f4dc5b5
4275,55.549498246,6.207942,34,v4,88000000ffffffffffffa8dd9f4dc5b5
4276,55.556557930,7.059684,34,v4,88000000ffffffffffffa8dd9f4dc5b5
4277,55.562745926,6.187996,34,v4,88000000ffffffffffffa8dd9f4dc5b5
4278,55.568705877,5.959951,34,v4,88000000ffffffffffffa8dd9f4dc5b5
4279,55.575972207,7.266330,34,v4,88000000ffffffffffffa8dd9f4dc5b5
4280,55.582936372,6.964165,34,v4,88000000ffffffffffffa8dd9f4dc5b5
4281,55.589273895,6.337523,34,v4,88000000ffffffffffffa8dd9f4dc5b5
4282,55.595182608,5.908713,34,v4,88000000ffffffffffffa8dd9f4dc5b5
4283,55.604106488,8.923880,34,v4,88000000ffffffffffffa8dd9f4dc5b5
4284,55.608396364,4.289876,34,v4,88000000ffffffffffffa8dd9f4dc5b5
4285,55.614346196,5.949832,34,v4,88000000ffffffffffffa8dd9f4dc5b5
4286,55.621559289,7.213093,34,v4,88000000ffffffffffffa8dd9f4dc5b5
4287,55.627754926,6.195637,34,v4,88000000ffffffffffffa8dd9f4dc5b5
4288,55.634702626,6.947700,34,v4,88000000ffffffffffffa8dd9f4dc5b5
4289,55.641327406,6.624780,34,v4,88000000ffffffffffffa8dd9f4dc5b5
4290,55.649048398,7.720992,34,v4,88000000ffffffffffffa8dd9f4dc5b5
4291,55.653990182,4.941784,34,v4,88000000ffffffffffffa8dd9f4dc5b5
4292,55.661384033,7.393851,34,v4,88000000ffffffffffffa8dd9f4dc5b5
4293,55.668373746,6.989713,34,v4,88000000ffffffffffffa8dd9f4dc5b5
4294,55.674355701,5.981955,34,v4,88000000ffffffffffffa8dd9f4dc5b5
4295,55.680434522,6.078821,34,v4,88000000ffffffffffffa8dd9f4dc5b5
4296,55.687695107,7.260585,34,v4,88000000ffffffffffffa8dd9f4dc5b5
4297,55.693762718,6.067611,34,v4,88000000ffffffffffffa8dd9f4dc5b5
4298,55.700735922,6.973204,34,v4,88000000ffffffffffffa8dd9f4dc5b5
4299,55.706991865,6.255943,34,v4,88000000ffffffffffffa8dd9f4dc5b5
4300,55.713026594,6.034729,34,v4,88000000ffffffffffffa8dd9f4dc5b5
4301,55.720129312,7.102718,34,v4,88000000ffffffffffffa8dd9f4dc5b5
4302,55.726434335,6.305023,34,v4,88000000ffffffffffffa8dd9f4dc5b5
4303,55.735146303,8.711968,34,v4,88000000ffffffffffffa8dd9f4dc5b5
4304,55.739466907,4.320604,34,v4,88000000ffffffffffffa8dd9f4dc5b5
4305,55.745481897,6.014990,34,v4,88000000ffffffffffffa8dd9f4dc5b5
4306,56.076727095,331.245198,34,v4,88000000ffffffffffffa8dd9f4dc5b5
4307,56.084657291,7.930196,34,v4,88000000ffffffffffffa8dd9f4dc5b5
4308,56.089211443,4.554152,34,v4,88000000ffffffffffffa8dd9f4dc5b5
4309,56.094993800,5.782357,34,v4,88000000ffffffffffffa8dd9f4dc5b5
4310,56.102413400,7.419600,34,v4,88000000ffffffffffffa8dd9f4dc5b5
4311,56.110231722,7.818322,34,v4,88000000ffffffffffffa8dd9f4dc5b5
4312,56.114366822,4.135100,34,v4,88000000ffffffffffffa8dd9f4dc5b5
4313,56.121382815,7.015993,34,v4,88000000ffffffffffffa8dd9f4dc5b5
4314,56.127926430,6.543615,34,v4,88000000ffffffffffffa8dd9f4dc5b5
4315,56.133629640,5.703210,34,v4,88000000ffffffffffffa8dd9f4dc5b5
4316,56.140691996,7.062356,34,v4,88000000ffffffffffffa8dd9f4dc5b5
4317,56.146744249,6.052253,34,v4,88000000ffffffffffffa8dd9f4dc5b5
4318,56.152936421,6.192172,34,v4,88000000ffffffffffffa8dd9f4dc5b5
4319,56.159266386,6.329965,34,v4,88000000ffffffffffffa8dd9f4dc5b5
4320,56.166470954,7.204568,34,v4,88000000ffffffffffffa8dd9f4dc5b5
4321,56.172310446,5.839492,34,v4,88000000ffffffffffffa8dd9f4dc5b5
4322,56.178433581,6.123135,34,v4,88000000ffffffffffffa8dd9f4dc5b5
4323,56.186608787,8.175206,34,v4,88000000ffffffffffffa8dd9f4dc5b5
4324,56.192712228,6.103441,34,v4,88000000ffffffffffffa8dd9f4dc5b5
4325,56.199799965,7.087737,34,v4,88000000ffffffffffffa8dd9f4dc5b5
4326,56.205829119,6.029154,34,v4,88000000ffffffffffffa8dd9f4dc5b5
4327,56.212497867,6.668748,34,v4,88000000ffffffffffffa8dd9f4dc5b5
4328,56.219327665,6.829798,34,v4,88000000ffffffffffffa8dd9f4dc5b5
4329,56.225198101,5.870436,34,v4,88000000ffffffffffffa8dd9f4dc5b5
4330,56.231327938,6.129837,34,v4,88000000ffffffffffffa8dd9f4dc5b5
4331,56.238543240,7.215302,34,v4,88000000ffffffffffffa8dd9f4dc5b5
4332,56.244294312,5.751072,34,v4,88000000ffffffffffffa8dd9f4dc5b5
4333,56.250580945,6.286633,34,v4,88000000ffffffffffffa8dd9f4dc5b5
4334,56.256820396,6.239451,34,v4,88000000ffffffffffffa8dd9f4dc5b5
4335,56.264005268,7.184872,34,v4,88000000ffffffffffffa8dd9f4dc5b5
4336,56.271789453,7.784185,34,v4,88000000ffffffffffffa8dd9f4dc5b5
4337,56.275998169,4.208716,34,v4,88000000ffffffffffffa8dd9f4dc5b5
4338,56.283450945,7.452776,34,v4,88000000ffffffffffffa8dd9f4dc5b5
4339,56.289449559,5.998614,34,v4,88000000ffffffffffffa8dd9f4dc5b5
4340,56.295694983,6.245424,34,v4,88000000ffffffffffffa8dd9f4dc5b5
4341,56.302681915,6.986932,34,v4,88000000ffffffffffffa8dd9f4dc5b5
4342,56.308665586,5.983671,34,v4,88000000ffffffffffffa8dd9f4dc5b5
4343,56.315445186,6.779600,34,v4,88000000ffffffffffffa8dd9f4dc5b5
4344,56.321655579,6.210393,34,v4,88000000ffffffffffffa8dd9f4dc5b5
4345,56.328561530,6.905951,34,v4,88000000ffffffffffffa8dd9f4dc5b5
4346,56.335105580,6.544050,34,v4,88000000ffffffffffffa8dd9f4dc5b5
4347,56.341000406,5.894826,34,v4,88000000ffffffffffffa8dd9f4dc5b5
4348,56.348059611,7.059205,34,v4,88000000ffffffffffffa8dd9f4dc5b5
4349,56.354090703,6.031092,34,v4,88000000ffffffffffffa8dd9f4dc5b5
4350,56.361200425,7.109722,34,v4,88000000ffffffffffffa8dd9f4dc5b5
4351,56.366412325,5.211900,34,v4,88000000ffffffffffffa8dd9f4dc5b5
4352,56.373526196,7.113871,34,v4,88000000ffffffffffffa8dd9f4dc5b5
4353,56.379682881,6.156685,34,v4,88000000ffffffffffffa8dd9f4dc5b5
4354,56.385595700,5.912819,34,v4,88000000ffffffffffffa8dd9f4dc5b5
4355,56.392800521,7.204821,34,v4,88000000ffffffffffffa8dd9f4dc5b5
4356,56.398961905,6.161384,34,v4,88000000ffffffffffffa8dd9f4dc5b5
4357,56.404963898,6.001993,34,v4,88000000ffffffffffffa8dd9f4dc5b5
4358,56.412341653,7.377755,34,v4,88000000ffffffffffffa8dd9f4dc5b5
4359,56.418065598,5.723945,34,v4,88000000ffffffffffffa8dd9f4dc5b5
4360,56.426317648,8.252050,34,v4,88000000ffffffffffffa8dd9f4dc5b5
4361,56.431233525,4.915877,34,v4,88000000ffffffffffffa8dd9f4dc5b5
4362,56.437355976,6.122451,34,v4,88000000ffffffffffffa8dd9f4dc5b5
4363,56.444486207,7.130231,34,v4,88000000ffffffffffffa8dd9f4dc5b5
4364,56.450518352,6.032145,34,v4,88000000ffffffffffffa8dd9f4dc5b5
4365,56.457685665,7.167313,34,v4,88000000ffffffffffffa8dd9f4dc5b5
4366,56.463842274,6.156609,34,v4,88000000ffffffffffffa8dd9f4dc5b5
4367,56.469852339,6.010065,34,v4,88000000ffffffffffffa8dd9f4dc5b5
4368,56.476988472,7.136133,34,v4,88000000ffffffffffffa8dd9f4dc5b5
4369,56.483258806,6.270334,34,v4,88000000ffffffffffffa8dd9f4dc5b5
4370,56.489098542,5.839736,34,v4,88000000ffffffffffffa8dd9f4dc5b5
4371,56.496240729,7.142187,34,v4,88000000ffffffffffffa8dd9f4dc5b5
4372,56.502448384,6.207655,34,v4,88000000ffffffffffffa8dd9f4dc5b5
4373,56.508478963,6.030579,34,v4,88000000ffffffffffffa8dd9f4dc5b5
4374,56.515712725,7.233762,34,v4,88000000ffffffffffffa8dd9f4dc5b5
4375,56.521778527,6.065802,34,v4,88000000ffffffffffffa8dd9f4dc5b5
4376,56.527825059,6.046532,34,v4,88000000ffffffffffffa8dd9f4dc5b5
4377,56.535059088,7.234029,34,v4,88000000ffffffffffffa8dd9f4dc5b5
4378,56.541129686,6.070598,34,v4,88000000ffffffffffffa8dd9f4dc5b5
4379,56.547153492,6.023806,34,v4,88000000ffffffffffffa8dd9f4dc5b5
4380,56.553364051,6.210559,34,v4,88000000ffffffffffffa8dd9f4dc5b5
4381,56.560371257,7.007206,34,v4,88000000ffffffffffffa8dd9f4dc5b5
4382,56.566550159,6.178902,34,v4,88000000ffffffffffffa8dd9f4dc5b5
4383,56.573425333,6.875174,34,v4,88000000ffffffffffffa8dd9f4dc5b5
4384,56.580587416,7.162083,34,v4,88000000ffffffffffffa8dd9f4dc5b5
4385,56.586689372,6.101956,34,v4,88000000ffffffffffffa8dd9f4dc5b5
4386,56.592943654,6.254282,34,v4,88000000ffffffffffffa8dd9f4dc5b5
4387,56.600081737,7.138083,34,v4,88000000ffffffffffffa8dd9f4dc5b5
4388,56.606094479,6.012742,34,v4,88000000ffffffffffffa8dd9f4dc5b5
4389,56.612347546,6.253067,34,v4,88000000ffffffffffffa8dd9f4dc5b5
4390,56.619355568,7.008022,34,v4,88000000ffffffffffffa8dd9f4dc5b5
4391,56.625676149,6.320581,34,v4,88000000ffffffffffffa8dd9f4dc5b5
4392,56.631566100,5.889951,34,v4,88000000ffffffffffffa8dd9f4dc5b5
4393,56.638731411,7.165311,34,v4,88000000ffffffffffffa8dd9f4dc5b5
4394,56.645816525,7.085114,34,v4,88000000ffffffffffffa8dd9f4dc5b5
4395,56.651911314,6.094789,34,v4,88000000ffffffffffffa8dd9f4dc5b5
4396,56.657980761,6.069447,34,v4,88000000ffffffffffffa8dd9f4dc5b5
4397,56.664097150,6.116389,34,v4,88000000ffffffffffffa8dd9f4dc5b5
4398,56.671096524,6.999374,34,v4,88000000ffffffffffffa8dd9f4dc5b5
4399,56.677183388,6.086864,34,v4,88000000ffffffffffffa8dd9f4dc5b5
4400,56.684584309,7.400921,34,v4,88000000ffffffffffffa8dd9f4dc5b5
4401,56.690269993,5.685684,34,v4,88000000ffffffffffffa8dd9f4dc5b5
4402,56.696602291,6.332298,34,v4,88000000ffffffffffffa8dd9f4dc5b5
4403,56.704760038,8.157747,34,v4,88000000ffffffffffffa8dd9f4dc5b5
4404,56.710755542,5.995504,34,v4,88000000ffffffffffffa8dd9f4dc5b5
4405,56.716818726,6.063184,34,v4,88000000ffffffffffffa8dd9f4dc5b5
4406,57.045113420,328.294694,34,v4,88000000ffffffffffffa8dd9f4dc5b5
4407,57.052314580,7.201160,34,v4,88000000ffffffffffffa8dd9f4dc5b5
4408,57.058147797,5.833217,34,v4,88000000ffffffffffffa8dd9f4dc5b5
4409,57.064249992,6.102195,34,v4,88000000ffffffffffffa8dd9f4dc5b5
4410,57.070500912,6.250920,34,v4,88000000ffffffffffffa8dd9f4dc5b5
4411,57.076595485,6.094573,34,v4,88000000ffffffffffffa8dd9f4dc5b5
4412,57.083581011,6.985526,34,v4,88000000ffffffffffffa8dd9f4dc5b5
4413,57.089767575,6.186564,34,v4,88000000ffffffffffffa8dd9f4dc5b5
4414,57.096875381,7.107806,34,v4,88000000ffffffffffffa8dd9f4dc5b5
4415,57.103159232,6.283851,34,v4,88000000ffffffffffffa8dd9f4dc5b5
4416,57.110892068,7.732836,34,v4,88000000ffffffffffffa8dd9f4dc5b5
4417,57.116093902,5.201834,34,v4,88000000ffffffffffffa8dd9f4dc5b5
4418,57.122105277,6.011375,34,v4,88000000ffffffffffffa8dd9f4dc5b5
4419,57.128877560,6.772283,34,v4,88000000ffffffffffffa8dd9f4dc5b5
4420,57.134337372,5.459812,34,v4,88000000ffffffffffffa8dd9f4dc5b5
4421,57.141320465,6.983093,34,v4,88000000ffffffffffffa8dd9f4dc5b5
4422,57.147607559,6.287094,34,v4,88000000ffffffffffffa8dd9f4dc5b5
4423,57.153626085,6.018526,34,v4,88000000ffffffffffffa8dd9f4dc5b5
4424,57.159911952,6.285867,34,v4,88000000ffffffffffffa8dd9f4dc5b5
4425,57.165898708,5.986756,34,v4,88000000ffffffffffffa8dd9f4dc5b5
4426,57.173403558,7.504850,34,v4,88000000ffffffffffffa8dd9f4dc5b5
4427,57.179108727,5.705169,34,v4,88000000ffffffffffffa8dd9f4dc5b5
4428,57.185262974,6.154247,34,v4,88000000ffffffffffffa8dd9f4dc5b5
4429,57.191231932,5.968958,34,v4,88000000ffffffffffffa8dd9f4dc5b5
4430,57.197319636,6.087704,34,v4,88000000ffffffffffffa8dd9f4dc5b5
4431,57.203375332,6.055696,34,v4,88000000ffffffffffffa8dd9f4dc5b5
4432,57.210542077,7.166745,34,v4,88000000ffffffffffffa8dd9f4dc5b5
4433,57.216705958,6.163881,34,v4,88000000ffffffffffffa8dd9f4dc5b5
4434,57.224086226,7.380268,34,v4,88000000ffffffffffffa8dd9f4dc5b5
4435,57.229939268,5.853042,34,v4,88000000ffffffffffffa8dd9f4dc5b5
4436,57.236987628,7.048360,34,v4,88000000ffffffffffffa8dd9f4dc5b5
4437,57.243009778,6.022150,34,v4,88000000ffffffffffffa8dd9f4dc5b5
4438,57.249298594,6.288816,34,v4,88000000ffffffffffffa8dd9f4dc5b5
4439,57.255371000,6.072406,34,v4,88000000ffffffffffffa8dd9f4dc5b5
4440,57.262374038,7.003038,34,v4,88000000ffffffffffffa8dd9f4dc5b5
4441,57.268530094,6.156056,34,v4,88000000ffffffffffffa8dd9f4dc5b5
4442,57.274523982,5.993888,34,v4,88000000ffffffffffffa8dd9f4dc5b5
4443,57.280708084,6.184102,34,v4,88000000ffffffffffffa8dd9f4dc5b5
4444,57.287762633,7.054549,34,v4,88000000ffffffffffffa8dd9f4dc5b5
4445,57.293981117,6.218484,34,v4,88000000ffffffffffffa8dd9f4dc5b5
4446,57.300268552,6.287435,34,v4,88000000ffffffffffffa8dd9f4dc5b5
4447,57.306096386,5.827834,34,v4,88000000ffffffffffffa8dd9f4dc5b5
4448,57.312321310,6.224924,34,v4,88000000ffffffffffffa8dd9f4dc5b5
4449,57.318491063,6.169753,34,v4,88000000ffffffffffffa8dd9f4dc5b5
4450,57.325299801,6.808738,34,v4,88000000ffffffffffffa8dd9f4dc5b5
4451,57.331491679,6.191878,34,v4,88000000ffffffffffffa8dd9f4dc5b5
4452,57.337658408,6.166729,34,v4,88000000ffffffffffffa8dd9f4dc5b5
4453,57.343907673,6.249265,34,v4,88000000ffffffffffffa8dd9f4dc5b5
4454,57.351869030,7.961357,34,v4,88000000ffffffffffffa8dd9f4dc5b5
4455,57.357915093,6.046063,34,v4,88000000ffffffffffffa8dd9f4dc5b5
4456,57.364189233,6.274140,34,v4,88000000ffffffffffffa8dd9f4dc5b5
4457,57.370346789,6.157556,34,v4,88000000ffffffffffffa8dd9f4dc5b5
4458,57.376309761,5.962972,34,v4,88000000ffffffffffffa8dd9f4dc5b5
4459,57.383432173,7.122412,34,v4,88000000ffffffffffffa8dd9f4dc5b5
4460,57.389329115,5.896942,34,v4,88000000ffffffffffffa8dd9f4dc5b5
4461,57.395578257,6.249142,34,v4,88000000ffffffffffffa8dd9f4dc5b5
4462,57.401714822,6.136565,34,v4,88000000ffffffffffffa8dd9f4dc5b5
4463,57.407841225,6.126403,34,v4,88000000ffffffffffffa8dd9f4dc5b5
4464,57.414731948,6.890723,34,v4,88000000ffffffffffffa8dd9f4dc5b5
4465,57.421165922,6.433974,34,v4,88000000ffffffffffffa8dd9f4dc5b5
4466,57.427076254,5.910332,34,v4,88000000ffffffffffffa8dd9f4dc5b5
4467,57.433089256,6.013002,34,v4,88000000ffffffffffffa8dd9f4dc5b5
4468,57.439194045,6.104789,34,v4,88000000ffffffffffffa8dd9f4dc5b5
4469,57.446381231,7.187186,34,v4,88000000ffffffffffffa8dd9f4dc5b5
4470,57.452396746,6.015515,34,v4,88000000ffffffffffffa8dd9f4dc5b5
4471,57.458383168,5.986422,34,v4,88000000ffffffffffffa8dd9f4dc5b5
4472,57.464626114,6.242946,34,v4,88000000ffffffffffffa8dd9f4dc5b5
4473,57.471580422,6.954308,34,v4,88000000ffffffffffffa8dd9f4dc5b5
4474,57.477798848,6.218426,34,v4,88000000ffffffffffffa8dd9f4dc5b5
4475,57.484824802,7.025954,34,v4,88000000ffffffffffffa8dd9f4dc5b5
4476,57.491035047,6.210245,34,v4,88000000ffffffffffffa8dd9f4dc5b5
4477,57.497089979,6.054932,34,v4,88000000ffffffffffffa8dd9f4dc5b5
4478,57.503167347,6.077368,34,v4,88000000ffffffffffffa8dd9f4dc5b5
4479,57.510267131,7.099784,34,v4,88000000ffffffffffffa8dd9f4dc5b5
4480,57.516576976,6.309845,34,v4,88000000ffffffffffffa8dd9f4dc5b5
4481,57.522544155,5.967179,34,v4,88000000ffffffffffffa8dd9f4dc5b5
4482,57.528663516,6.119361,34,v4,88000000ffffffffffffa8dd9f4dc5b5
4483,57.535997905,7.334389,34,v4,88000000ffffffffffffa8dd9f4dc5b5
4484,57.541749255,5.751350,34,v4,88000000ffffffffffffa8dd9f4dc5b5
4485,57.547820717,6.071462,34,v4,88000000ffffffffffffa8dd9f4dc5b5
4486,57.554100037,6.279320,34,v4,88000000ffffffffffffa8dd9f4dc5b5
4487,57.560045146,5.945109,34,v4,88000000ffffffffffffa8dd9f4dc5b5
4488,57.567162365,7.117219,34,v4,88000000ffffffffffffa8dd9f4dc5b5
4489,57.573189221,6.026856,34,v4,88000000ffffffffffffa8dd9f4dc5b5
4490,57.579314834,6.125613,34,v4,88000000ffffffffffffa8dd9f4dc5b5
4491,57.585479279,6.164445,34,v4,88000000ffffffffffffa8dd9f4dc5b5
4492,57.591550341,6.071062,34,v4,88000000ffffffffffffa8dd9f4dc5b5
4493,57.599052056,7.501715,34,v4,88000000ffffffffffffa8dd9f4dc5b5
4494,57.606718232,7.666176,34,v4,88000000ffffffffffffa8dd9f4dc5b5
4495,57.612015839,5.297607,34,v4,88000000ffffffffffffa8dd9f4dc5b5
4496,57.618273070,6.257231,34,v4,88000000ffffffffffffa8dd9f4dc5b5
4497,57.624108577,5.835507,34,v4,88000000ffffffffffffa8dd9f4dc5b5
4498,57.631213085,7.104508,34,v4,88000000ffffffffffffa8dd9f4dc5b5
4499,57.637246633,6.033548,34,v4,88000000ffffffffffffa8dd9f4dc5b5
4500,57.643347889,6.101256,34,v4,88000000ffffffffffffa8dd9f4dc5b5
4501,57.649590664,6.242775,34,v4,88000000ffffffffffffa8dd9f4dc5b5
4502,57.656642676,7.052012,34,v4,88000000ffffffffffffa8dd9f4dc5b5
4503,57.662731561,6.088885,34,v4,88000000ffffffffffffa8dd9f4dc5b5
4504,57.668888099,6.156538,34,v4,88000000ffffffffffffa8dd9f4dc5b5
4505,57.675018599,6.130500,34,v4,88000000ffffffffffffa8dd9f4dc5b5
4506,58.004189749,329.171150,34,v4,88000000ffffffffffffa8dd9f4dc5b5
4507,58.012152185,7.962436,34,v4,88000000ffffffffffffa8dd9f4dc5b5
4508,58.017324420,5.172235,34,v4,88000000ffffffffffffa8dd9f4dc5b5
4509,58.024232943,6.908523,34,v4,88000000ffffffffffffa8dd9f4dc5b5
4510,58.030328327,6.095384,34,v4,88000000ffffffffffffa8dd9f4dc5b5
4511,58.036524111,6.195784,34,v4,88000000ffffffffffffa8dd9f4dc5b5
4512,58.041526394,5.002283,34,v4,88000000ffffffffffffa8dd9f4dc5b5
4513,58.049643772,8.117378,34,v4,88000000ffffffffffffa8dd9f4dc5b5
4514,58.053986968,4.343196,34,v4,88000000ffffffffffffa8dd9f4dc5b5
4515,58.061250194,7.263226,34,v4,88000000ffffffffffffa8dd9f4dc5b5
4516,58.066348060,5.097866,34,v4,88000000ffffffffffffa8dd9f4dc5b5
4517,58.072133710,5.785650,34,v4,88000000ffffffffffffa8dd9f4dc5b5
4518,58.078513651,6.379941,34,v4,88000000ffffffffffffa8dd9f4dc5b5
4519,58.084236007,5.722356,34,v4,88000000ffffffffffffa8dd9f4dc5b5
4520,58.090648907,6.412900,34,v4,88000000ffffffffffffa8dd9f4dc5b5
4521,58.096736397,6.087490,34,v4,88000000ffffffffffffa8dd9f4dc5b5
4522,58.103742193,7.005796,34,v4,88000000ffffffffffffa8dd9f4dc5b5
4523,58.109995692,6.253499,34,v4,88000000ffffffffffffa8dd9f4dc5b5
4524,58.116191473,6.195781,34,v4,88000000ffffffffffffa8dd9f4dc5b5
4525,58.121966361,5.774888,34,v4,88000000ffffffffffffa8dd9f4dc5b5
4526,58.128086769,6.120408,34,v4,88000000ffffffffffffa8dd9f4dc5b5
4527,58.135163914,7.077145,34,v4,88000000ffffffffffffa8dd9f4dc5b5
4528,58.141215625,6.051711,34,v4,88000000ffffffffffffa8dd9f4dc5b5
4529,58.147345942,6.130317,34,v4,88000000ffffffffffffa8dd9f4dc5b5
4530,58.153387448,6.041506,34,v4,88000000ffffffffffffa8dd9f4dc5b5
4531,58.159506773,6.119325,34,v4,88000000ffffffffffffa8dd9f4dc5b5
4532,58.166555103,7.048330,34,v4,88000000ffffffffffffa8dd9f4dc5b5
4533,58.172651197,6.096094,34,v4,88000000ffffffffffffa8dd9f4dc5b5
4534,58.178936062,6.284865,34,v4,88000000ffffffffffffa8dd9f4dc5b5
4535,58.184997455,6.061393,34,v4,88000000ffffffffffffa8dd9f4dc5b5
4536,58.190959407,5.961952,34,v4,88000000ffffffffffffa8dd9f4dc5b5
4537,58.197240647,6.281240,34,v4,88000000ffffffffffffa8dd9f4dc5b5
4538,58.204645783,7.405136,34,v4,88000000ffffffffffffa8dd9f4dc5b5
4539,58.209637816,4.992033,34,v4,88000000ffffffffffffa8dd9f4dc5b5
4540,58.217043462,7.405646,34,v4,88000000ffffffffffffa8dd9f4dc5b5
4541,58.222639219,5.595757,34,v4,88000000ffffffffffffa8dd9f4dc5b5
4542,58.228641366,6.002147,34,v4,88000000ffffffffffffa8dd9f4dc5b5
4543,58.234923157,6.281791,34,v4,88000000ffffffffffffa8dd9f4dc5b5
4544,58.241030959,6.107802,34,v4,88000000ffffffffffffa8dd9f4dc5b5
4545,58.247056831,6.025872,34,v4,88000000ffffffffffffa8dd9f4dc5b5
4546,58.254073120,7.016289,34,v4,88000000ffffffffffffa8dd9f4dc5b5
4547,58.260319774,6.246654,34,v4,88000000ffffffffffffa8dd9f4dc5b5
4548,58.267306523,6.986749,34,v4,88000000ffffffffffffa8dd9f4dc5b5
4549,58.273309568,6.003045,34,v4,88000000ffffffffffffa8dd9f4dc5b5
4550,58.279652613,6.343045,34,v4,88000000ffffffffffffa8dd9f4dc5b5
4551,58.285845447,6.192834,34,v4,88000000ffffffffffffa8dd9f4dc5b5
4552,58.291855684,6.010237,34,v4,88000000ffffffffffffa8dd9f4dc5b5
4553,58.301913100,10.057416,99,v4,1c000000aadd9f4dc5b5682133030000
4554,58.307022150,5.109050,30,v4,88000000ffffffffffffa8dd9f4dc5b5
4555,58.313177802,6.155652,30,v4,88000000ffffffffffffa8dd9f4dc5b5
4556,58.319031219,5.853417,30,v4,88000000ffffffffffffa8dd9f4dc5b5
4557,58.325447526,6.416307,30,v4,88000000ffffffffffffa8dd9f4dc5b5
4558,58.331252598,5.805072,30,v4,88000000ffffffffffffa8dd9f4dc5b5
4559,58.337506229,6.253631,30,v4,88000000ffffffffffffa8dd9f4dc5b5
4560,58.343516250,6.010021,30,v4,88000000ffffffffffffa8dd9f4dc5b5
4561,58.350439275,6.923025,30,v4,88000000ffffffffffffa8dd9f4dc5b5
4562,58.356685091,6.245816,30,v4,88000000ffffffffffffa8dd9f4dc5b5
4563,58.362782994,6.097903,30,v4,88000000ffffffffffffa8dd9f4dc5b5
4564,58.369012103,6.229109,30,v4,88000000ffffffffffffa8dd9f4dc5b5
4565,58.375003774,5.991671,30,v4,88000000ffffffffffffa8dd9f4dc5b5
4566,58.380992697,5.988923,30,v4,88000000ffffffffffffa8dd9f4dc5b5
4567,58.387413446,6.420749,30,v4,88000000ffffffffffffa8dd9f4dc5b5
4568,58.394236550,6.823104,30,v4,88000000ffffffffffffa8dd9f4dc5b5
4569,58.400304069,6.067519,30,v4,88000000ffffffffffffa8dd9f4dc5b5
4570,58.406517776,6.213707,30,v4,88000000ffffffffffffa8dd9f4dc5b5
4571,58.413700359,7.182583,30,v4,88000000ffffffffffffa8dd9f4dc5b5
4572,58.419653840,5.953481,30,v4,88000000ffffffffffffa8dd9f4dc5b5
4573,58.425847521,6.193681,30,v4,88000000ffffffffffffa8dd9f4dc5b5
4574,58.431989322,6.141801,30,v4,88000000ffffffffffffa8dd9f4dc5b5
4575,58.437986497,5.997175,30,v4,88000000ffffffffffffa8dd9f4dc5b5
4576,58.444296952,6.310455,30,v4,88000000ffffffffffffa8dd9f4dc5b5
4577,58.450231997,5.935045,30,v4,88000000ffffffffffffa8dd9f4dc5b5
4578,58.456292881,6.060884,30,v4,88000000ffffffffffffa8dd9f4dc5b5
4579,58.462714270,6.421389,30,v4,88000000ffffffffffffa8dd9f4dc5b5
4580,58.469622133,6.907863,30,v4,88000000ffffffffffffa8dd9f4dc5b5
4581,58.477075260,7.453127,30,v4,88000000ffffffffffffa8dd9f4dc5b5
4582,58.481762430,4.687170,30,v4,88000000ffffffffffffa8dd9f4dc5b5
4583,58.487852996,6.090566,30,v4,88000000ffffffffffffa8dd9f4dc5b5
4584,58.494278613,6.425617,30,v4,88000000ffffffffffffa8dd9f4dc5b5
4585,58.499947289,5.668676,30,v4,88000000ffffffffffffa8dd9f4dc5b5
4586,58.506131509,6.184220,30,v4,88000000ffffffffffffa8dd9f4dc5b5
4587,58.512175778,6.044269,30,v4,88000000ffffffffffffa8dd9f4dc5b5
4588,58.518704655,6.528877,30,v4,88000000ffffffffffffa8dd9f4dc5b5
4589,58.525454528,6.749873,30,v4,88000000ffffffffffffa8dd9f4dc5b5
4590,58.532419841,6.965313,30,v4,88000000ffffffffffffa8dd9f4dc5b5
4591,58.538800058,6.380217,30,v4,88000000ffffffffffffa8dd9f4dc5b5
4592,58.544710067,5.910009,30,v4,88000000ffffffffffffa8dd9f4dc5b5
4593,58.550884673,6.174606,30,v4,88000000ffffffffffffa8dd9f4dc5b5
4594,58.557099657,6.214984,30,v4,88000000ffffffffffffa8dd9f4dc5b5
4595,58.564870140,7.770483,30,v4,88000000ffffffffffffa8dd9f4dc5b5
4596,58.570025152,5.155012,30,v4,88000000ffffffffffffa8dd9f4dc5b5
4597,58.576130528,6.105376,30,v4,88000000ffffffffffffa8dd9f4dc5b5
4598,58.582065905,5.935377,30,v4,88000000ffffffffffffa8dd9f4dc5b5
4599,58.588661685,6.595780,30,v4,88000000ffffffffffffa8dd9f4dc5b5
4600,58.594306482,5.644797,30,v4,88000000ffffffffffffa8dd9f4dc5b5
4601,58.600468838,6.162356,30,v4,88000000ffffffffffffa8dd9f4dc5b5
4602,58.606607997,6.139159,30,v4,88000000ffffffffffffa8dd9f4dc5b5
4603,58.612683535,6.075538,30,v4,88000000ffffffffffffa8dd9f4dc5b5
4604,58.618958177,6.274642,30,v4,88000000ffffffffffffa8dd9f4dc5b5
4605,58.625108032,6.149855,30,v4,88000000ffffffffffffa8dd9f4dc5b5
4606,58.954373581,329.265549,30,v4,88000000ffffffffffffa8dd9f4dc5b5
4607,58.960370986,5.997405,30,v4,88000000ffffffffffffa8dd9f4dc5b5
4608,58.966503228,6.132242,30,v4,88000000ffffffffffffa8dd9f4dc5b5
4609,58.973778749,7.275521,30,v4,88000000ffffffffffffa8dd9f4dc5b5
4610,58.978361787,4.583038,30,v4,88000000ffffffffffffa8dd9f4dc5b5
4611,58.984554077,6.192290,30,v4,88000000ffffffffffffa8dd9f4dc5b5
4612,58.991608398,7.054321,30,v4,88000000ffffffffffffa8dd9f4dc5b5
4613,58.997618120,6.009722,30,v4,88000000ffffffffffffa8dd9f4dc5b5
4614,59.003775694,6.157574,30,v4,88000000ffffffffffffa8dd9f4dc5b5
4615,59.010143874,6.368180,30,v4,88000000ffffffffffffa8dd9f4dc5b5
4616,59.016723773,6.579899,30,v4,88000000ffffffffffffa8dd9f4dc5b5
4617,59.022077597,5.353824,30,v4,88000000ffffffffffffa8dd9f4dc5b5
4618,59.028345221,6.267624,30,v4,88000000ffffffffffffa8dd9f4dc5b5
4619,59.034410874,6.065653,30,v4,88000000ffffffffffffa8dd9f4dc5b5
4620,59.040329111,5.918237,30,v4,88000000ffffffffffffa8dd9f4dc5b5
4621,59.047492485,7.163374,30,v4,88000000ffffffffffffa8dd9f4dc5b5
4622,59.054404346,6.911861,30,v4,88000000ffffffffffffa8dd9f4dc5b5
4623,59.059706218,5.301872,30,v4,88000000ffffffffffffa8dd9f4dc5b5
4624,59.066040450,6.334232,30,v4,88000000ffffffffffffa8dd9f4dc5b5
4625,59.073625880,7.585430,30,v4,88000000ffffffffffffa8dd9f4dc5b5
4626,59.077958492,4.332612,30,v4,88000000ffffffffffffa8dd9f4dc5b5
4627,59.086081884,8.123392,30,v4,88000000ffffffffffffa8dd9f4dc5b5
4628,59.092077612,5.995728,30,v4,88000000ffffffffffffa8dd9f4dc5b5
4629,59.097244839,5.167227,30,v4,88000000ffffffffffffa8dd9f4dc5b5
4630,59.102564152,5.319313,30,v4,88000000ffffffffffffa8dd9f4dc5b5
4631,59.110219548,7.655396,30,v4,88000000ffffffffffffa8dd9f4dc5b5
4632,59.115858977,5.639429,30,v4,88000000ffffffffffffa8dd9f4dc5b5
4633,59.120703923,4.844946,30,v4,88000000ffffffffffffa8dd9f4dc5b5
4634,59.126921677,6.217754,30,v4,88000000ffffffffffffa8dd9f4dc5b5
4635,59.132863063,5.941386,30,v4,88000000ffffffffffffa8dd9f4dc5b5
4636,59.138930469,6.067406,30,v4,88000000ffffffffffffa8dd9f4dc5b5
4637,59.145015680,6.085211,30,v4,88000000ffffffffffffa8dd9f4dc5b5
4638,59.151351057,6.335377,30,v4,88000000ffffffffffffa8dd9f4dc5b5
4639,59.158608312,7.257255,30,v4,88000000ffffffffffffa8dd9f4dc5b5
4640,59.164699921,6.091609,30,v4,88000000ffffffffffffa8dd9f4dc5b5
4641,59.171251322,6.551401,30,v4,88000000ffffffffffffa8dd9f4dc5b5
4642,59.178437559,7.186237,30,v4,88000000ffffffffffffa8dd9f4dc5b5
4643,59.183009182,4.571623,30,v4,88000000ffffffffffffa8dd9f4dc5b5
4644,59.189166073,6.156891,30,v4,88000000ffffffffffffa8dd9f4dc5b5
4645,59.194834718,5.668645,30,v4,88000000ffffffffffffa8dd9f4dc5b5
4646,59.201235993,6.401275,30,v4,88000000ffffffffffffa8dd9f4dc5b5
4647,59.207260653,6.024660,30,v4,88000000ffffffffffffa8dd9f4dc5b5
4648,59.213118908,5.858255,30,v4,88000000ffffffffffffa8dd9f4dc5b5
4649,59.219316662,6.197754,30,v4,88000000ffffffffffffa8dd9f4dc5b5
4650,59.225738000,6.421338,30,v4,88000000ffffffffffffa8dd9f4dc5b5
4651,59.232236412,6.498412,30,v4,88000000ffffffffffffa8dd9f4dc5b5
4652,59.239083601,6.847189,30,v4,88000000ffffffffffffa8dd9f4dc5b5
4653,59.244498224,5.414623,30,v4,88000000ffffffffffffa8dd9f4dc5b5
4654,59.249804292,5.306068,30,v4,88000000ffffffffffffa8dd9f4dc5b5
4655,59.255767727,5.963435,30,v4,88000000ffffffffffffa8dd9f4dc5b5
4656,59.261879338,6.111611,30,v4,88000000ffffffffffffa8dd9f4dc5b5
4657,59.268063193,6.183855,30,v4,88000000ffffffffffffa8dd9f4dc5b5
4658,59.274000173,5.936980,30,v4,88000000ffffffffffffa8dd9f4dc5b5
4659,59.280157731,6.157558,30,v4,88000000ffffffffffffa8dd9f4dc5b5
4660,59.286440051,6.282320,30,v4,88000000ffffffffffffa8dd9f4dc5b5
4661,59.292448244,6.008193,30,v4,88000000ffffffffffffa8dd9f4dc5b5
4662,59.299561002,7.112758,30,v4,88000000ffffffffffffa8dd9f4dc5b5
4663,59.305557525,5.996523,30,v4,88000000ffffffffffffa8dd9f4dc5b5
4664,59.311702912,6.145387,30,v4,88000000ffffffffffffa8dd9f4dc5b5
4665,59.318852926,7.150014,30,v4,88000000ffffffffffffa8dd9f4dc5b5
4666,59.324064444,5.211518,30,v4,88000000ffffffffffffa8dd9f4dc5b5
4667,59.331032302,6.967858,30,v4,88000000ffffffffffffa8dd9f4dc5b5
4668,59.336192730,5.160428,30,v4,88000000ffffffffffffa8dd9f4dc5b5
4669,59.342164408,5.971678,30,v4,88000000ffffffffffffa8dd9f4dc5b5
4670,59.349141088,6.976680,30,v4,88000000ffffffffffffa8dd9f4dc5b5
4671,59.354309583,5.168495,30,v4,88000000ffffffffffffa8dd9f4dc5b5
4672,59.361432532,7.122949,30,v4,88000000ffffffffffffa8dd9f4dc5b5
4673,59.367430414,5.997882,30,v4,88000000ffffffffffffa8dd9f4dc5b5
4674,59.372613158,5.182744,30,v4,88000000ffffffffffffa8dd9f4dc5b5
4675,59.379659379,7.046221,30,v4,88000000ffffffffffffa8dd9f4dc5b5
4676,59.385818259,6.158880,30,v4,88000000ffffffffffffa8dd9f4dc5b5
4677,59.391933177,6.114918,30,v4,88000000ffffffffffffa8dd9f4dc5b5
4678,59.398052061,6.118884,30,v4,88000000ffffffffffffa8dd9f4dc5b5
4679,59.403050477,4.998416,30,v4,88000000ffffffffffffa8dd9f4dc5b5
4680,59.410472683,7.422206,30,v4,88000000ffffffffffffa8dd9f4dc5b5
4681,59.416482934,6.010251,30,v4,88000000ffffffffffffa8dd9f4dc5b5
4682,59.422768115,6.285181,30,v4,88000000ffffffffffffa8dd9f4dc5b5
4683,59.428636657,5.868542,30,v4,88000000ffffffffffffa8dd9f4dc5b5
4684,59.435835700,7.199043,30,v4,88000000ffffffffffffa8dd9f4dc5b5
4685,59.441703609,5.867909,30,v4,88000000ffffffffffffa8dd9f4dc5b5
4686,59.447961475,6.257866,30,v4,88000000ffffffffffffa8dd9f4dc5b5
4687,59.454258175,6.296700,30,v4,88000000ffffffffffffa8dd9f4dc5b5
4688,59.460068461,5.810286,30,v4,88000000ffffffffffffa8dd9f4dc5b5
4689,59.466136039,6.067578,30,v4,88000000ffffffffffffa8dd9f4dc5b5
4690,59.472287933,6.151894,30,v4,88000000ffffffffffffa8dd9f4dc5b5
4691,59.479117687,6.829754,30,v4,88000000ffffffffffffa8dd9f4dc5b5
4692,59.484345839,5.228152,30,v4,88000000ffffffffffffa8dd9f4dc5b5
4693,59.490678762,6.332923,30,v4,88000000ffffffffffffa8dd9f4dc5b5
4694,59.496592961,5.914199,30,v4,88000000ffffffffffffa8dd9f4dc5b5
4695,59.502760287,6.167326,30,v4,88000000ffffffffffffa8dd9f4dc5b5
4696,59.508710125,5.949838,30,v4,88000000ffffffffffffa8dd9f4dc5b5
4697,59.515031892,6.321767,30,v4,88000000ffffffffffffa8dd9f4dc5b5
4698,59.520961264,5.929372,30,v4,88000000ffffffffffffa8dd9f4dc5b5
4699,59.527475693,6.514429,30,v4,88000000ffffffffffffa8dd9f4dc5b5
4700,59.533160206,5.684513,30,v4,88000000ffffffffffffa8dd9f4dc5b5
4701,59.539284801,6.124595,30,v4,88000000ffffffffffffa8dd9f4dc5b5
4702,59.545534658,6.249857,30,v4,88000000ffffffffffffa8dd9f4dc5b5
4703,59.551483502,5.948844,30,v4,88000000ffffffffffffa8dd9f4dc5b5
4704,59.557585070,6.101568,30,v4,88000000ffffffffffffa8dd9f4dc5b5
4705,59.564821229,7.236159,30,v4,88000000ffffffffffffa8dd9f4dc5b5
4706,59.892929457,328.108228,30,v4,88000000ffffffffffffa8dd9f4dc5b5
4707,59.899197461,6.268004,30,v4,88000000ffffffffffffa8dd9f4dc5b5
4708,59.905427687,6.230226,30,v4,88000000ffffffffffffa8dd9f4dc5b5
4709,59.911243994,5.816307,30,v4,88000000ffffffffffffa8dd9f4dc5b5
4710,59.917614944,6.370950,30,v4,88000000ffffffffffffa8dd9f4dc5b5
4711,59.923435754,5.820810,30,v4,88000000ffffffffffffa8dd9f4dc5b5
4712,59.929502833,6.067079,30,v4,88000000ffffffffffffa8dd9f4dc5b5
4713,59.935585764,6.082931,30,v4,88000000ffffffffffffa8dd9f4dc5b5
4714,59.941686761,6.100997,30,v4,88000000ffffffffffffa8dd9f4dc5b5
4715,59.947783296,6.096535,30,v4,88000000ffffffffffffa8dd9f4dc5b5
4716,59.953806692,6.023396,30,v4,88000000ffffffffffffa8dd9f4dc5b5
4717,59.959870377,6.063685,30,v4,88000000ffffffffffffa8dd9f4dc5b5
4718,59.965939111,6.068734,30,v4,88000000ffffffffffffa8dd9f4dc5b5
4719,59.972122252,6.183141,30,v4,88000000ffffffffffffa8dd9f4dc5b5
4720,59.978149582,6.027330,30,v4,88000000ffffffffffffa8dd9f4dc5b5
4721,59.984273620,6.124038,30,v4,88000000ffffffffffffa8dd9f4dc5b5
4722,59.990398880,6.125260,30,v4,88000000ffffffffffffa8dd9f4dc5b5
4723,59.996376206,5.977326,30,v4,88000000ffffffffffffa8dd9f4dc5b5
4724,60.002486609,6.110403,30,v4,88000000ffffffffffffa8dd9f4dc5b5
4725,60.008703506,6.216897,30,v4,88000000ffffffffffffa8dd9f4dc5b5
4726,60.015042266,6.338760,30,v4,88000000ffffffffffffa8dd9f4dc5b5
4727,60.020909035,5.866769,30,v4,88000000ffffffffffffa8dd9f4dc5b5
4728,60.026038918,5.129883,30,v4,88000000ffffffffffffa8dd9f4dc5b5
4729,60.033197055,7.158137,30,v4,88000000ffffffffffffa8dd9f4dc5b5
4730,60.038354167,5.157112,30,v4,88000000ffffffffffffa8dd9f4dc5b5
4731,60.044525064,6.170897,30,v4,88000000ffffffffffffa8dd9f4dc5b5
4732,60.050864062,6.338998,30,v4,88000000ffffffffffffa8dd9f4dc5b5
4733,60.057043487,6.179425,30,v4,88000000ffffffffffffa8dd9f4dc5b5
4734,60.062672688,5.629201,30,v4,88000000ffffffffffffa8dd9f4dc5b5
4735,60.068570945,5.898257,30,v4,88000000ffffffffffffa8dd9f4dc5b5
4736,60.074726695,6.155750,30,v4,88000000ffffffffffffa8dd9f4dc5b5
4737,60.080725835,5.999140,30,v4,88000000ffffffffffffa8dd9f4dc5b5
4738,60.087984655,7.258820,30,v4,88000000ffffffffffffa8dd9f4dc5b5
4739,60.093916817,5.932162,30,v4,88000000ffffffffffffa8dd9f4dc5b5
4740,60.099141590,5.224773,30,v4,88000000ffffffffffffa8dd9f4dc5b5
4741,60.105367457,6.225867,30,v4,88000000ffffffffffffa8dd9f4dc5b5
4742,60.111413795,6.046338,30,v4,88000000ffffffffffffa8dd9f4dc5b5
4743,60.117362764,5.948969,30,v4,88000000ffffffffffffa8dd9f4dc5b5
4744,60.123445258,6.082494,30,v4,88000000ffffffffffffa8dd9f4dc5b5
4745,60.131260504,7.815246,30,v4,88000000ffffffffffffa8dd9f4dc5b5
4746,60.135706391,4.445887,30,v4,88000000ffffffffffffa8dd9f4dc5b5
4747,60.141728156,6.021765,30,v4,88000000ffffffffffffa8dd9f4dc5b5
4748,60.147840843,6.112687,30,v4,88000000ffffffffffffa8dd9f4dc5b5
4749,60.153972256,6.131413,30,v4,88000000ffffffffffffa8dd9f4dc5b5
4750,60.160109525,6.137269,30,v4,88000000ffffffffffffa8dd9f4dc5b5
4751,60.166178021,6.068496,30,v4,88000000ffffffffffffa8dd9f4dc5b5
4752,60.171411784,5.233763,30,v4,88000000ffffffffffffa8dd9f4dc5b5
4753,60.177680728,6.268944,30,v4,88000000ffffffffffffa8dd9f4dc5b5
4754,60.183490585,5.809857,30,v4,88000000ffffffffffffa8dd9f4dc5b5
4755,60.189421050,5.930465,30,v4,88000000ffffffffffffa8dd9f4dc5b5
4756,60.195520174,6.099124,30,v4,88000000ffffffffffffa8dd9f4dc5b5
4757,60.201632938,6.112764,30,v4,88000000ffffffffffffa8dd9f4dc5b5
4758,60.207806001,6.173063,30,v4,88000000ffffffffffffa8dd9f4dc5b5
4759,60.214885842,7.079841,30,v4,88000000ffffffffffffa8dd9f4dc5b5
4760,60.221050215,6.164373,30,v4,88000000ffffffffffffa8dd9f4dc5b5
4761,60.227252104,6.201889,30,v4,88000000ffffffffffffa8dd9f4dc5b5
4762,60.233231583,5.979479,30,v4,88000000ffffffffffffa8dd9f4dc5b5
4763,60.239406864,6.175281,30,v4,88000000ffffffffffffa8dd9f4dc5b5
4764,60.245424133,6.017269,30,v4,88000000ffffffffffffa8dd9f4dc5b5
4765,60.251474915,6.050782,30,v4,88000000ffffffffffffa8dd9f4dc5b5
4766,60.257518127,6.043212,30,v4,88000000ffffffffffffa8dd9f4dc5b5
4767,60.263754848,6.236721,30,v4,88000000ffffffffffffa8dd9f4dc5b5
4768,60.269920506,6.165658,30,v4,88000000ffffffffffffa8dd9f4dc5b5
4769,60.275899913,5.979407,30,v4,88000000ffffffffffffa8dd9f4dc5b5
4770,60.282009425,6.109512,30,v4,88000000ffffffffffffa8dd9f4dc5b5
4771,60.287153047,5.143622,30,v4,88000000ffffffffffffa8dd9f4dc5b5
4772,60.293060334,5.907287,30,v4,88000000ffffffffffffa8dd9f4dc5b5
4773,60.299280806,6.220472,30,v4,88000000ffffffffffffa8dd9f4dc5b5
4774,60.305420222,6.139416,30,v4,88000000ffffffffffffa8dd9f4dc5b5
4775,60.311390396,5.970174,30,v4,88000000ffffffffffffa8dd9f4dc5b5
4776,60.317414377,6.023981,30,v4,88000000ffffffffffffa8dd9f4dc5b5
4777,60.323506640,6.092263,30,v4,88000000ffffffffffffa8dd9f4dc5b5
4778,60.329736636,6.229996,30,v4,88000000ffffffffffffa8dd9f4dc5b5
4779,60.336079186,6.342550,30,v4,88000000ffffffffffffa8dd9f4dc5b5
4780,60.343004561,6.925375,30,v4,88000000ffffffffffffa8dd9f4dc5b5
4781,60.349037343,6.032782,30,v4,88000000ffffffffffffa8dd9f4dc5b5
4782,60.355224286,6.186943,30,v4,88000000ffffffffffffa8dd9f4dc5b5
4783,60.360180264,4.955978,30,v4,88000000ffffffffffffa8dd9f4dc5b5
4784,60.366217644,6.037380,30,v4,88000000ffffffffffffa8dd9f4dc5b5
4785,60.372282222,6.064578,30,v4,88000000ffffffffffffa8dd9f4dc5b5
4786,60.378393812,6.111590,30,v4,88000000ffffffffffffa8dd9f4dc5b5
4787,60.384487622,6.093810,30,v4,88000000ffffffffffffa8dd9f4dc5b5
4788,60.390710650,6.223028,30,v4,88000000ffffffffffffa8dd9f4dc5b5
4789,60.397258441,6.547791,30,v4,88000000ffffffffffffa8dd9f4dc5b5
4790,60.402956709,5.698268,30,v4,88000000ffffffffffffa8dd9f4dc5b5
4791,60.408847152,5.890443,30,v4,88000000ffffffffffffa8dd9f4dc5b5
4792,60.415137093,6.289941,30,v4,88000000ffffffffffffa8dd9f4dc5b5
4793,60.421659881,6.522788,30,v4,88000000ffffffffffffa8dd9f4dc5b5
4794,60.426258862,4.598981,30,v4,88000000ffffffffffffa8dd9f4dc5b5
4795,60.432424387,6.165525,30,v4,88000000ffffffffffffa8dd9f4dc5b5
4796,60.438417763,5.993376,30,v4,88000000ffffffffffffa8dd9f4dc5b5
4797,60.444441264,6.023501,30,v4,88000000ffffffffffffa8dd9f4dc5b5
4798,60.450587065,6.145801,30,v4,88000000ffffffffffffa8dd9f4dc5b5
4799,60.456673031,6.085966,30,v4,88000000ffffffffffffa8dd9f4dc5b5
4800,60.462876437,6.203406,30,v4,88000000ffffffffffffa8dd9f4dc5b5
4801,60.468951215,6.074778,30,v4,88000000ffffffffffffa8dd9f4dc5b5
4802,60.476038560,7.087345,30,v4,88000000ffffffffffffa8dd9f4dc5b5
4803,60.482227795,6.189235,30,v4,88000000ffffffffffffa8dd9f4dc5b5
4804,60.487224260,4.996465,30,v4,88000000ffffffffffffa8dd9f4dc5b5
4805,60.494473314,7.249054,30,v4,88000000ffffffffffffa8dd9f4dc5b5
4806,60.821442038,326.968724,30,v4,88000000ffffffffffffa8dd9f4dc5b5
4807,60.827562254,6.120216,30,v4,88000000ffffffffffffa8dd9f4dc5b5
4808,60.833982536,6.420282,30,v4,88000000ffffffffffffa8dd9f4dc5b5
4809,60.839911671,5.929135,30,v4,88000000ffffffffffffa8dd9f4dc5b5
4810,60.845897423,5.985752,30,v4,88000000ffffffffffffa8dd9f4dc5b5
4811,60.850971365,5.073942,30,v4,88000000ffffffffffffa8dd9f4dc5b5
4812,60.857118379,6.147014,30,v4,88000000ffffffffffffa8dd9f4dc5b5
4813,60.864292557,7.174178,30,v4,88000000ffffffffffffa8dd9f4dc5b5
4814,60.870284132,5.991575,30,v4,88000000ffffffffffffa8dd9f4dc5b5
4815,60.876313005,6.028873,30,v4,88000000ffffffffffffa8dd9f4dc5b5
4816,60.882665658,6.352653,30,v4,88000000ffffffffffffa8dd9f4dc5b5
4817,60.888517722,5.852064,30,v4,88000000ffffffffffffa8dd9f4dc5b5
4818,60.893635136,5.117414,30,v4,88000000ffffffffffffa8dd9f4dc5b5
4819,60.899795892,6.160756,30,v4,88000000ffffffffffffa8dd9f4dc5b5
4820,60.906041709,6.245817,30,v4,88000000ffffffffffffa8dd9f4dc5b5
4821,60.911882912,5.841203,30,v4,88000000ffffffffffffa8dd9f4dc5b5
4822,60.918060117,6.177205,30,v4,88000000ffffffffffffa8dd9f4dc5b5
4823,60.924060149,6.000032,30,v4,88000000ffffffffffffa8dd9f4dc5b5
4824,60.929164646,5.104497,30,v4,88000000ffffffffffffa8dd9f4dc5b5
4825,60.935655199,6.490553,30,v4,88000000ffffffffffffa8dd9f4dc5b5
4826,60.941263418,5.608219,30,v4,88000000ffffffffffffa8dd9f4dc5b5
4827,60.947424665,6.161247,30,v4,88000000ffffffffffffa8dd9f4dc5b5
4828,60.953488365,6.063700,30,v4,88000000ffffffffffffa8dd9f4dc5b5
4829,60.958584164,5.095799,30,v4,88000000ffffffffffffa8dd9f4dc5b5
4830,60.964676671,6.092507,30,v4,88000000ffffffffffffa8dd9f4dc5b5
4831,60.970869131,6.192460,30,v4,88000000ffffffffffffa8dd9f4dc5b5
4832,60.976857760,5.988629,30,v4,88000000ffffffffffffa8dd9f4dc5b5
4833,60.983175272,6.317512,30,v4,88000000ffffffffffffa8dd9f4dc5b5
4834,60.989064446,5.889174,30,v4,88000000ffffffffffffa8dd9f4dc5b5
4835,60.995299607,6.235161,30,v4,88000000ffffffffffffa8dd9f4dc5b5
4836,61.001413401,6.113794,30,v4,88000000ffffffffffffa8dd9f4dc5b5
4837,61.007362873,5.949472,30,v4,88000000ffffffffffffa8dd9f4dc5b5
4838,61.013336922,5.974049,30,v4,88000000ffffffffffffa8dd9f4dc5b5
4839,61.019528950,6.192028,30,v4,88000000ffffffffffffa8dd9f4dc5b5
4840,61.024688224,5.159274,30,v4,88000000ffffffffffffa8dd9f4dc5b5
4841,61.031944402,7.256178,30,v4,88000000ffffffffffffa8dd9f4dc5b5
4842,61.036825937,4.881535,30,v4,88000000ffffffffffffa8dd9f4dc5b5
4843,61.042977006,6.151069,30,v4,88000000ffffffffffffa8dd9f4dc5b5
4844,61.049263648,6.286642,30,v4,88000000ffffffffffffa8dd9f4dc5b5
4845,61.055288754,6.025106,30,v4,88000000ffffffffffffa8dd9f4dc5b5
4846,61.061144802,5.856048,30,v4,88000000ffffffffffffa8dd9f4dc5b5
4847,61.066311473,5.166671,30,v4,88000000ffffffffffffa8dd9f4dc5b5
4848,61.072412047,6.100574,30,v4,88000000ffffffffffffa8dd9f4dc5b5
4849,61.078596816,6.184769,30,v4,88000000ffffffffffffa8dd9f4dc5b5
4850,61.084531453,5.934637,30,v4,88000000ffffffffffffa8dd9f4dc5b5
4851,61.090647581,6.116128,30,v4,88000000ffffffffffffa8dd9f4dc5b5
4852,61.096979940,6.332359,30,v4,88000000ffffffffffffa8dd9f4dc5b5
4853,61.101968673,4.988733,30,v4,88000000ffffffffffffa8dd9f4dc5b5
4854,61.107988776,6.020103,30,v4,88000000ffffffffffffa8dd9f4dc5b5
4855,61.114141316,6.152540,30,v4,88000000ffffffffffffa8dd9f4dc5b5
4856,61.120118373,5.977057,30,v4,88000000ffffffffffffa8dd9f4dc5b5
4857,61.127287391,7.169018,30,v4,88000000ffffffffffffa8dd9f4dc5b5
4858,61.132283082,4.995691,30,v4,88000000ffffffffffffa8dd9f4dc5b5
4859,61.138470202,6.187120,30,v4,88000000ffffffffffffa8dd9f4dc5b5
4860,61.144676108,6.205906,30,v4,88000000ffffffffffffa8dd9f4dc5b5
4861,61.150600797,5.924689,30,v4,88000000ffffffffffffa8dd9f4dc5b5
4862,61.156882936,6.282139,30,v4,88000000ffffffffffffa8dd9f4dc5b5
4863,61.162863942,5.981006,30,v4,88000000ffffffffffffa8dd9f4dc5b5
4864,61.168065864,5.201922,30,v4,88000000ffffffffffffa8dd9f4dc5b5
4865,61.174005531,5.939667,30,v4,88000000ffffffffffffa8dd9f4dc5b5
4866,61.180153291,6.147760,30,v4,88000000ffffffffffffa8dd9f4dc5b5
4867,61.186322822,6.169531,30,v4,88000000ffffffffffffa8dd9f4dc5b5
4868,61.192414572,6.091750,30,v4,88000000ffffffffffffa8dd9f4dc5b5
4869,61.197376526,4.961954,30,v4,88000000ffffffffffffa8dd9f4dc5b5
4870,61.203519628,6.143102,30,v4,88000000ffffffffffffa8dd9f4dc5b5
4871,61.209488842,5.969214,30,v4,88000000ffffffffffffa8dd9f4dc5b5
4872,61.215598842,6.110000,30,v4,88000000ffffffffffffa8dd9f4dc5b5
4873,61.221820715,6.221873,30,v4,88000000ffffffffffffa8dd9f4dc5b5
4874,61.226772625,4.951910,30,v4,88000000ffffffffffffa8dd9f4dc5b5
4875,61.232869105,6.096480,30,v4,88000000ffffffffffffa8dd9f4dc5b5
4876,61.239323639,6.454534,30,v4,88000000ffffffffffffa8dd9f4dc5b5
4877,61.245402511,6.078872,30,v4,88000000ffffffffffffa8dd9f4dc5b5
4878,61.251162748,5.760237,30,v4,88000000ffffffffffffa8dd9f4dc5b5
4879,61.258480927,7.318179,30,v4,88000000ffffffffffffa8dd9f4dc5b5
4880,61.263297229,4.816302,30,v4,88000000ffffffffffffa8dd9f4dc5b5
4881,61.269644457,6.347228,30,v4,88000000ffffffffffffa8dd9f4dc5b5
4882,61.275481041,5.836584,30,v4,88000000ffffffffffffa8dd9f4dc5b5
4883,61.281634200,6.153159,30,v4,88000000ffffffffffffa8dd9f4dc5b5
4884,61.287766440,6.132240,30,v4,88000000ffffffffffffa8dd9f4dc5b5
4885,61.292964298,5.197858,30,v4,88000000ffffffffffffa8dd9f4dc5b5
4886,61.299146588,6.182290,30,v4,88000000ffffffffffffa8dd9f4dc5b5
4887,61.305015802,5.869214,30,v4,88000000ffffffffffffa8dd9f4dc5b5
4888,61.311273100,6.257298,30,v4,88000000ffffffffffffa8dd9f4dc5b5
4889,61.317182092,5.908992,30,v4,88000000ffffffffffffa8dd9f4dc5b5
4890,61.323281861,6.099769,30,v4,88000000ffffffffffffa8dd9f4dc5b5
4891,61.328572508,5.290647,30,v4,88000000ffffffffffffa8dd9f4dc5b5
4892,61.334647157,6.074649,30,v4,88000000ffffffffffffa8dd9f4dc5b5
4893,61.340607849,5.960692,30,v4,88000000ffffffffffffa8dd9f4dc5b5
4894,61.346691897,6.084048,30,v4,88000000ffffffffffffa8dd9f4dc5b5
4895,61.352809966,6.118069,30,v4,88000000ffffffffffffa8dd9f4dc5b5
4896,61.357853652,5.043686,30,v4,88000000ffffffffffffa8dd9f4dc5b5
4897,61.363934724,6.081072,30,v4,88000000ffffffffffffa8dd9f4dc5b5
4898,61.372149980,8.215256,30,v4,88000000ffffffffffffa8dd9f4dc5b5
4899,61.378075323,5.925343,30,v4,88000000ffffffffffffa8dd9f4dc5b5
4900,61.383690808,5.615485,30,v4,88000000ffffffffffffa8dd9f4dc5b5
4901,61.389350242,5.659434,30,v4,88000000ffffffffffffa8dd9f4dc5b5
4902,61.394493608,5.143366,30,v4,88000000ffffffffffffa8dd9f4dc5b5
4903,61.400672644,6.179036,30,v4,88000000ffffffffffffa8dd9f4dc5b5
4904,61.406915014,6.242370,30,v4,88000000ffffffffffffa8dd9f4dc5b5
4905,61.412799574,5.884560,30,v4,88000000ffffffffffffa8dd9f4dc5b5
4906,61.753308494,340.508920,30,v4,88000000ffffffffffffa8dd9f4dc5b5
4907,61.758215305,4.906811,30,v4,88000000ffffffffffffa8dd9f4dc5b5
4908,61.764537340,6.322035,30,v4,88000000ffffffffffffa8dd9f4dc5b5
4909,61.770663848,6.126508,30,v4,88000000ffffffffffffa8dd9f4dc5b5
4910,61.777538433,6.874585,30,v4,88000000ffffffffffffa8dd9f4dc5b5
4911,61.782602534,5.064101,30,v4,88000000ffffffffffffa8dd9f4dc5b5
4912,61.788624451,6.021917,30,v4,88000000ffffffffffffa8dd9f4dc5b5
4913,61.794832985,6.208534,30,v4,88000000ffffffffffffa8dd9f4dc5b5
4914,61.801764507,6.931522,30,v4,88000000ffffffffffffa8dd9f4dc5b5
4915,61.805900450,4.135943,30,v4,88000000ffffffffffffa8dd9f4dc5b5
4916,61.813840761,7.940311,30,v4,88000000ffffffffffffa8dd9f4dc5b5
4917,61.818923014,5.082253,30,v4,88000000ffffffffffffa8dd9f4dc5b5
4918,61.824103258,5.180244,30,v4,88000000ffffffffffffa8dd9f4dc5b5
4919,61.829302502,5.199244,30,v4,88000000ffffffffffffa8dd9f4dc5b5
4920,61.834425980,5.123478,30,v4,88000000ffffffffffffa8dd9f4dc5b5
4921,61.840637839,6.211859,30,v4,88000000ffffffffffffa8dd9f4dc5b5
4922,61.846461306,5.823467,30,v4,88000000ffffffffffffa8dd9f4dc5b5
4923,61.852634349,6.173043,30,v4,88000000ffffffffffffa8dd9f4dc5b5
4924,61.857977133,5.342784,30,v4,88000000ffffffffffffa8dd9f4dc5b5
4925,61.863906690,5.929557,30,v4,88000000ffffffffffffa8dd9f4dc5b5
4926,61.870007302,6.100612,30,v4,88000000ffffffffffffa8dd9f4dc5b5
4927,61.876073564,6.066262,30,v4,88000000ffffffffffffa8dd9f4dc5b5
4928,61.881014759,4.941195,30,v4,88000000ffffffffffffa8dd9f4dc5b5
4929,61.887372894,6.358135,30,v4,88000000ffffffffffffa8dd9f4dc5b5
4930,61.893694386,6.321492,30,v4,88000000ffffffffffffa8dd9f4dc5b5
4931,61.899454576,5.760190,30,v4,88000000ffffffffffffa8dd9f4dc5b5
4932,61.906524836,7.070260,30,v4,88000000ffffffffffffa8dd9f4dc5b5
4933,61.911645208,5.120372,30,v4,88000000ffffffffffffa8dd9f4dc5b5
4934,61.917659928,6.014720,30,v4,88000000ffffffffffffa8dd9f4dc5b5
4935,61.923980882,6.320954,30,v4,88000000ffffffffffffa8dd9f4dc5b5
4936,61.928949213,4.968331,30,v4,88000000ffffffffffffa8dd9f4dc5b5
4937,61.935057381,6.108168,30,v4,88000000ffffffffffffa8dd9f4dc5b5
4938,61.941062135,6.004754,30,v4,88000000ffffffffffffa8dd9f4dc5b5
4939,61.947274043,6.211908,30,v4,88000000ffffffffffffa8dd9f4dc5b5
4940,61.952269481,4.995438,30,v4,88000000ffffffffffffa8dd9f4dc5b5
4941,61.958527457,6.257976,30,v4,88000000ffffffffffffa8dd9f4dc5b5
4942,61.964499632,5.972175,30,v4,88000000ffffffffffffa8dd9f4dc5b5
4943,61.969507449,5.007817,30,v4,88000000ffffffffffffa8dd9f4dc5b5
4944,61.975504854,5.997405,30,v4,88000000ffffffffffffa8dd9f4dc5b5
4945,61.981609066,6.104212,30,v4,88000000ffffffffffffa8dd9f4dc5b5
4946,61.987871974,6.262908,30,v4,88000000ffffffffffffa8dd9f4dc5b5
4947,61.992815365,4.943391,30,v4,88000000ffffffffffffa8dd9f4dc5b5
4948,61.999013093,6.197728,30,v4,88000000ffffffffffffa8dd9f4dc5b5
4949,62.005221768,6.208675,30,v4,88000000ffffffffffffa8dd9f4dc5b5
4950,62.010237404,5.015636,30,v4,88000000ffffffffffffa8dd9f4dc5b5
4951,62.016259387,6.021983,30,v4,88000000ffffffffffffa8dd9f4dc5b5
4952,62.022378522,6.119135,30,v4,88000000ffffffffffffa8dd9f4dc5b5
4953,62.028720008,6.341486,30,v4,88000000ffffffffffffa8dd9f4dc5b5
4954,62.037014756,8.294748,30,v4,88000000ffffffffffffa8dd9f4dc5b5
4955,62.040673799,3.659043,30,v4,88000000ffffffffffffa8dd9f4dc5b5
4956,62.046741045,6.067246,30,v4,88000000ffffffffffffa8dd9f4dc5b5
4957,62.054680123,7.939078,30,v4,88000000ffffffffffffa8dd9f4dc5b5
4958,62.060967217,6.287094,30,v4,88000000ffffffffffffa8dd9f4dc5b5
4959,62.065862284,4.895067,30,v4,88000000ffffffffffffa8dd9f4dc5b5
4960,62.070282991,4.420707,30,v4,88000000ffffffffffffa8dd9f4dc5b5
4961,62.076108565,5.825574,30,v4,88000000ffffffffffffa8dd9f4dc5b5
4962,62.082370063,6.261498,30,v4,88000000ffffffffffffa8dd9f4dc5b5
4963,62.088536268,6.166205,30,v4,88000000ffffffffffffa8dd9f4dc5b5
4964,62.093520309,4.984041,30,v4,88000000ffffffffffffa8dd9f4dc5b5
4965,62.099899336,6.379027,30,v4,88000000ffffffffffffa8dd9f4dc5b5
4966,62.105795945,5.896609,30,v4,88000000ffffffffffffa8dd9f4dc5b5
4967,62.110960913,5.164968,30,v4,88000000ffffffffffffa8dd9f4dc5b5
4968,62.116908514,5.947601,30,v4,88000000ffffffffffffa8dd9f4dc5b5
4969,62.122965468,6.056954,30,v4,88000000ffffffffffffa8dd9f4dc5b5
4970,62.129071151,6.105683,30,v4,88000000ffffffffffffa8dd9f4dc5b5
4971,62.134095789,5.024638,30,v4,88000000ffffffffffffa8dd9f4dc5b5
4972,62.142869606,8.773817,30,v4,88000000ffffffffffffa8dd9f4dc5b5
4973,62.146245283,3.375677,30,v4,88000000ffffffffffffa8dd9f4dc5b5
4974,62.152462781,6.217498,30,v4,88000000ffffffffffffa8dd9f4dc5b5
4975,62.158544022,6.081241,30,v4,88000000ffffffffffffa8dd9f4dc5b5
4976,62.164605213,6.061191,30,v4,88000000ffffffffffffa8dd9f4dc5b5
4977,62.170711334,6.106121,30,v4,88000000ffffffffffffa8dd9f4dc5b5
4978,62.176814170,6.102836,30,v4,88000000ffffffffffffa8dd9f4dc5b5
4979,62.182812941,5.998771,30,v4,88000000ffffffffffffa8dd9f4dc5b5
4980,62.188009325,5.196384,30,v4,88000000ffffffffffffa8dd9f4dc5b5
4981,62.196016540,8.007215,30,v4,88000000ffffffffffffa8dd9f4dc5b5
4982,62.200426059,4.409519,30,v4,88000000ffffffffffffa8dd9f4dc5b5
4983,62.207047416,6.621357,30,v4,88000000ffffffffffffa8dd9f4dc5b5
4984,62.211740526,4.693110,30,v4,88000000ffffffffffffa8dd9f4dc5b5
4985,62.217807770,6.067244,30,v4,88000000ffffffffffffa8dd9f4dc5b5
4986,62.223362522,5.554752,30,v4,88000000ffffffffffffa8dd9f4dc5b5
4987,62.228673332,5.310810,30,v4,88000000ffffffffffffa8dd9f4dc5b5
4988,62.234814652,6.141320,30,v4,88000000ffffffffffffa8dd9f4dc5b5
4989,62.240841956,6.027304,30,v4,88000000ffffffffffffa8dd9f4dc5b5
4990,62.245975473,5.133517,30,v4,88000000ffffffffffffa8dd9f4dc5b5
4991,62.252662019,6.686546,30,v4,88000000ffffffffffffa8dd9f4dc5b5
4992,62.258199778,5.537759,30,v4,88000000ffffffffffffa8dd9f4dc5b5
4993,62.264101954,5.902176,30,v4,88000000ffffffffffffa8dd9f4dc5b5
4994,62.269255877,5.153923,30,v4,88000000ffffffffffffa8dd9f4dc5b5
4995,62.275490397,6.234520,30,v4,88000000ffffffffffffa8dd9f4dc5b5
4996,62.281519316,6.028919,30,v4,88000000ffffffffffffa8dd9f4dc5b5
4997,62.286627757,5.108441,30,v4,88000000ffffffffffffa8dd9f4dc5b5
4998,62.294178841,7.551084,30,v4,88000000ffffffffffffa8dd9f4dc5b5
4999,62.299750811,5.571970,30,v4,88000000ffffffffffffa8dd9f4dc5b5
5000,62.305866123,6.115312,30,v4,88000000ffffffffffffa8dd9f4dc5b5
5001,62.311149189,5.283066,30,v4,88000000ffffffffffffa8dd9f4dc5b5
5002,62.316991446,5.842257,30,v4,88000000ffffffffffffa8dd9f4dc5b5
5003,62.323046467,6.055021,30,v4,88000000ffffffffffffa8dd9f4dc5b5
5004,62.329219534,6.173067,30,v4,88000000ffffffffffffa8dd9f4dc5b5
5005,62.334386047,5.166513,30,v4,88000000ffffffffffffa8dd9f4dc5b5
5006,62.668528673,334.142626,30,v4,88000000ffffffffffffa8dd9f4dc5b5
5007,62.674699254,6.170581,30,v4,88000000ffffffffffffa8dd9f4dc5b5
5008,62.679677011,4.977757,30,v4,88000000ffffffffffffa8dd9f4dc5b5
5009,62.686895914,7.218903,30,v4,88000000ffffffffffffa8dd9f4dc5b5
5010,62.691996970,5.101056,30,v4,88000000ffffffffffffa8dd9f4dc5b5
5011,62.697940977,5.944007,30,v4,88000000ffffffffffffa8dd9f4dc5b5
5012,62.704151216,6.210239,30,v4,88000000ffffffffffffa8dd9f4dc5b5
5013,62.710097247,5.946031,30,v4,88000000ffffffffffffa8dd9f4dc5b5
5014,62.715286452,5.189205,30,v4,88000000ffffffffffffa8dd9f4dc5b5
5015,62.721269046,5.982594,30,v4,88000000ffffffffffffa8dd9f4dc5b5
5016,62.726545882,5.276836,30,v4,88000000ffffffffffffa8dd9f4dc5b5
5017,62.732475064,5.929182,30,v4,88000000ffffffffffffa8dd9f4dc5b5
5018,62.738634444,6.159380,30,v4,88000000ffffffffffffa8dd9f4dc5b5
5019,62.743720286,5.085842,30,v4,88000000ffffffffffffa8dd9f4dc5b5
5020,62.749774988,6.054702,30,v4,88000000ffffffffffffa8dd9f4dc5b5
5021,62.756069099,6.294111,30,v4,88000000ffffffffffffa8dd9f4dc5b5
5022,62.761010359,4.941260,30,v4,88000000ffffffffffffa8dd9f4dc5b5
5023,62.768869801,7.859442,30,v4,88000000ffffffffffffa8dd9f4dc5b5
5024,62.772124963,3.255162,30,v4,88000000ffffffffffffa8dd9f4dc5b5
5025,62.778321606,6.196643,30,v4,88000000ffffffffffffa8dd9f4dc5b5
5026,62.784341444,6.019838,30,v4,88000000ffffffffffffa8dd9f4dc5b5
5027,62.790280482,5.939038,30,v4,88000000ffffffffffffa8dd9f4dc5b5
5028,62.795634457,5.353975,30,v4,88000000ffffffffffffa8dd9f4dc5b5
5029,62.801965375,6.330918,30,v4,88000000ffffffffffffa8dd9f4dc5b5
5030,62.806696284,4.730909,30,v4,88000000ffffffffffffa8dd9f4dc5b5
5031,62.813900871,7.204587,30,v4,88000000ffffffffffffa8dd9f4dc5b5
5032,62.819978341,6.077470,30,v4,88000000ffffffffffffa8dd9f4dc5b5
5033,62.825973799,5.995458,30,v4,88000000ffffffffffffa8dd9f4dc5b5
5034,62.831142282,5.168483,30,v4,88000000ffffffffffffa8dd9f4dc5b5
5035,62.837260605,6.118323,30,v4,88000000ffffffffffffa8dd9f4dc5b5
5036,62.843212308,5.951703,30,v4,88000000ffffffffffffa8dd9f4dc5b5
5037,62.848520605,5.308297,30,v4,88000000ffffffffffffa8dd9f4dc5b5
5038,62.854371764,5.851159,30,v4,88000000ffffffffffffa8dd9f4dc5b5
5039,62.861468374,7.096610,30,v4,88000000ffffffffffffa8dd9f4dc5b5
5040,62.865711027,4.242653,30,v4,88000000ffffffffffffa8dd9f4dc5b5
5041,62.871768625,6.057598,30,v4,88000000ffffffffffffa8dd9f4dc5b5
5042,62.876798925,5.030300,30,v4,88000000ffffffffffffa8dd9f4dc5b5
5043,62.882904159,6.105234,30,v4,88000000ffffffffffffa8dd9f4dc5b5
5044,62.888830222,5.926063,30,v4,88000000ffffffffffffa8dd9f4dc5b5
5045,62.894263373,5.433151,30,v4,88000000ffffffffffffa8dd9f4dc5b5
5046,62.902177601,7.914228,30,v4,88000000ffffffffffffa8dd9f4dc5b5
5047,62.905193654,3.016053,30,v4,88000000ffffffffffffa8dd9f4dc5b5
5048,62.911381932,6.188278,30,v4,88000000ffffffffffffa8dd9f4dc5b5
5049,62.917519462,6.137530,30,v4,88000000ffffffffffffa8dd9f4dc5b5
5050,62.922552724,5.033262,30,v4,88000000ffffffffffffa8dd9f4dc5b5
5051,62.928812409,6.259685,30,v4,88000000ffffffffffffa8dd9f4dc5b5
5052,62.934727843,5.915434,30,v4,88000000ffffffffffffa8dd9f4dc5b5
5053,62.939723674,4.995831,30,v4,88000000ffffffffffffa8dd9f4dc5b5
5054,62.948776250,9.052576,30,v4,88000000ffffffffffffa8dd9f4dc5b5
5055,62.952238638,3.462388,30,v4,88000000ffffffffffffa8dd9f4dc5b5
5056,62.958295680,6.057042,30,v4,88000000ffffffffffffa8dd9f4dc5b5
5057,62.965952889,7.657209,30,v4,88000000ffffffffffffa8dd9f4dc5b5
5058,62.969434002,3.481113,30,v4,88000000ffffffffffffa8dd9f4dc5b5
5059,62.975363992,5.929990,30,v4,88000000ffffffffffffa8dd9f4dc5b5
5060,62.981482686,6.118694,30,v4,88000000ffffffffffffa8dd9f4dc5b5
5061,62.986538266,5.055580,30,v4,88000000ffffffffffffa8dd9f4dc5b5
5062,62.992588730,6.050464,30,v4,88000000ffffffffffffa8dd9f4dc5b5
5063,62.999263929,6.675199,30,v4,88000000ffffffffffffa8dd9f4dc5b5
5064,63.003765460,4.501531,30,v4,88000000ffffffffffffa8dd9f4dc5b5
5065,63.009938347,6.172887,30,v4,88000000ffffffffffffa8dd9f4dc5b5
5066,63.014883802,4.945455,30,v4,88000000ffffffffffffa8dd9f4dc5b5
5067,63.021012872,6.129070,30,v4,88000000ffffffffffffa8dd9f4dc5b5
5068,63.027243237,6.230365,30,v4,88000000ffffffffffffa8dd9f4dc5b5
5069,63.032280205,5.036968,30,v4,88000000ffffffffffffa8dd9f4dc5b5
5070,63.038274939,5.994734,30,v4,88000000ffffffffffffa8dd9f4dc5b5
5071,63.043532361,5.257422,30,v4,88000000ffffffffffffa8dd9f4dc5b5
5072,63.049523002,5.990641,30,v4,88000000ffffffffffffa8dd9f4dc5b5
5073,63.055717416,6.194414,30,v4,88000000ffffffffffffa8dd9f4dc5b5
5074,63.060808702,5.091286,30,v4,88000000ffffffffffffa8dd9f4dc5b5
5075,63.066767093,5.958391,30,v4,88000000ffffffffffffa8dd9f4dc5b5
5076,63.073911965,7.144872,30,v4,88000000ffffffffffffa8dd9f4dc5b5
5077,63.078917511,5.005546,30,v4,88000000ffffffffffffa8dd9f4dc5b5
5078,63.085144860,6.227349,30,v4,88000000ffffffffffffa8dd9f4dc5b5
5079,63.090107056,4.962196,30,v4,88000000ffffffffffffa8dd9f4dc5b5
5080,63.096271899,6.164843,30,v4,88000000ffffffffffffa8dd9f4dc5b5
5081,63.102414875,6.142976,30,v4,88000000ffffffffffffa8dd9f4dc5b5
5082,63.108610333,6.195458,30,v4,88000000ffffffffffffa8dd9f4dc5b5
5083,63.113593682,4.983349,30,v4,88000000ffffffffffffa8dd9f4dc5b5
5084,63.119607652,6.013970,30,v4,88000000ffffffffffffa8dd9f4dc5b5
5085,63.125761750,6.154098,30,v4,88000000ffffffffffffa8dd9f4dc5b5
5086,63.132111426,6.349676,30,v4,88000000ffffffffffffa8dd9f4dc5b5
5087,63.136953383,4.841957,30,v4,88000000ffffffffffffa8dd9f4dc5b5
5088,63.142982905,6.029522,30,v4,88000000ffffffffffffa8dd9f4dc5b5
5089,63.148168537,5.185632,30,v4,88000000ffffffffffffa8dd9f4dc5b5
5090,63.154337185,6.168648,30,v4,88000000ffffffffffffa8dd9f4dc5b5
5091,63.160364166,6.026981,30,v4,88000000ffffffffffffa8dd9f4dc5b5
5092,63.165295400,4.931234,30,v4,88000000ffffffffffffa8dd9f4dc5b5
5093,63.171430586,6.135186,30,v4,88000000ffffffffffffa8dd9f4dc5b5
5094,63.177524375,6.093789,30,v4,88000000ffffffffffffa8dd9f4dc5b5
5095,63.182550517,5.026142,30,v4,88000000ffffffffffffa8dd9f4dc5b5
5096,63.188668403,6.117886,30,v4,88000000ffffffffffffa8dd9f4dc5b5
5097,63.194085031,5.416628,30,v4,88000000ffffffffffffa8dd9f4dc5b5
5098,63.200070602,5.985571,30,v4,88000000ffffffffffffa8dd9f4dc5b5
5099,63.206933412,6.862810,30,v4,88000000ffffffffffffa8dd9f4dc5b5
5100,63.213008938,6.075526,30,v4,88000000ffffffffffffa8dd9f4dc5b5
5101,63.218247399,5.238461,30,v4,88000000ffffffffffffa8dd9f4dc5b5
5102,63.224320835,6.073436,30,v4,88000000ffffffffffffa8dd9f4dc5b5
5103,63.230601913,6.281078,30,v4,88000000ffffffffffffa8dd9f4dc5b5
5104,63.235366115,4.764202,30,v4,88000000ffffffffffffa8dd9f4dc5b5
5105,63.241647303,6.281188,30,v4,88000000ffffffffffffa8dd9f4dc5b5
5106,63.570917644,329.270341,30,v4,88000000ffffffffffffa8dd9f4dc5b5
5107,63.576865873,5.948229,30,v4,88000000ffffffffffffa8dd9f4dc5b5
5108,63.582997986,6.132113,30,v4,88000000ffffffffffffa8dd9f4dc5b5
5109,63.587939261,4.941275,30,v4,88000000ffffffffffffa8dd9f4dc5b5
5110,63.595035091,7.095830,30,v4,88000000ffffffffffffa8dd9f4dc5b5
5111,63.600271349,5.236258,30,v4,88000000ffffffffffffa8dd9f4dc5b5
5112,63.606160487,5.889138,30,v4,88000000ffffffffffffa8dd9f4dc5b5
5113,63.611520410,5.359923,30,v4,88000000ffffffffffffa8dd9f4dc5b5
5114,63.617422648,5.902238,30,v4,88000000ffffffffffffa8dd9f4dc5b5
5115,63.622422264,4.999616,30,v4,88000000ffffffffffffa8dd9f4dc5b5
5116,63.628683944,6.261680,30,v4,88000000ffffffffffffa8dd9f4dc5b5
5117,63.633684034,5.000090,30,v4,88000000ffffffffffffa8dd9f4dc5b5
5118,63.639751603,6.067569,30,v4,88000000ffffffffffffa8dd9f4dc5b5
5119,63.644962317,5.210714,30,v4,88000000ffffffffffffa8dd9f4dc5b5
5120,63.650985510,6.023193,30,v4,88000000ffffffffffffa8dd9f4dc5b5
5121,63.656236366,5.250856,30,v4,88000000ffffffffffffa8dd9f4dc5b5
5122,63.662121690,5.885324,30,v4,88000000ffffffffffffa8dd9f4dc5b5
5123,63.669136119,7.014429,30,v4,88000000ffffffffffffa8dd9f4dc5b5
5124,63.674021384,4.885265,30,v4,88000000ffffffffffffa8dd9f4dc5b5
5125,63.678390684,4.369300,30,v4,88000000ffffffffffffa8dd9f4dc5b5
5126,63.684421711,6.031027,30,v4,88000000ffffffffffffa8dd9f4dc5b5
5127,63.689511811,5.090100,30,v4,88000000ffffffffffffa8dd9f4dc5b5
5128,63.695659583,6.147772,30,v4,88000000ffffffffffffa8dd9f4dc5b5
5129,63.700759604,5.100021,30,v4,88000000ffffffffffffa8dd9f4dc5b5
5130,63.706748774,5.989170,30,v4,88000000ffffffffffffa8dd9f4dc5b5
5131,63.711964640,5.215866,30,v4,88000000ffffffffffffa8dd9f4dc5b5
5132,63.717999825,6.035185,30,v4,88000000ffffffffffffa8dd9f4dc5b5
5133,63.724184444,6.184619,30,v4,88000000ffffffffffffa8dd9f4dc5b5
5134,63.730303896,6.119452,30,v4,88000000ffffffffffffa8dd9f4dc5b5
5135,63.736316295,6.012399,30,v4,88000000ffffffffffffa8dd9f4dc5b5
5136,63.741379265,5.062970,30,v4,88000000ffffffffffffa8dd9f4dc5b5
5137,63.748103926,6.724661,30,v4,88000000ffffffffffffa8dd9f4dc5b5
5138,63.752557646,4.453720,30,v4,88000000ffffffffffffa8dd9f4dc5b5
5139,63.758838417,6.280771,30,v4,88000000ffffffffffffa8dd9f4dc5b5
5140,63.763763938,4.925521,30,v4,88000000ffffffffffffa8dd9f4dc5b5
5141,63.769786806,6.022868,30,v4,88000000ffffffffffffa8dd9f4dc5b5
5142,63.774894124,5.107318,30,v4,88000000ffffffffffffa8dd9f4dc5b5
5143,63.780951287,6.057163,30,v4,88000000ffffffffffffa8dd9f4dc5b5
5144,63.786047724,5.096437,30,v4,88000000ffffffffffffa8dd9f4dc5b5
5145,63.792195203,6.147479,30,v4,88000000ffffffffffffa8dd9f4dc5b5
5146,63.797352363,5.157160,30,v4,88000000ffffffffffffa8dd9f4dc5b5
5147,63.803692829,6.340466,30,v4,88000000ffffffffffffa8dd9f4dc5b5
5148,63.810224517,6.531688,30,v4,88000000ffffffffffffa8dd9f4dc5b5
5149,63.814483445,4.258928,30,v4,88000000ffffffffffffa8dd9f4dc5b5
5150,63.819571324,5.087879,30,v4,88000000ffffffffffffa8dd9f4dc5b5
5151,63.825874742,6.303418,30,v4,88000000ffffffffffffa8dd9f4dc5b5
5152,63.831525309,5.650567,30,v4,88000000ffffffffffffa8dd9f4dc5b5
5153,63.837137721,5.612412,30,v4,88000000ffffffffffffa8dd9f4dc5b5
5154,63.842061026,4.923305,30,v4,88000000ffffffffffffa8dd9f4dc5b5
5155,63.848151957,6.090931,30,v4,88000000ffffffffffffa8dd9f4dc5b5
5156,63.854461507,6.309550,30,v4,88000000ffffffffffffa8dd9f4dc5b5
5157,63.860361236,5.899729,30,v4,88000000ffffffffffffa8dd9f4dc5b5
5158,63.866457659,6.096423,30,v4,88000000ffffffffffffa8dd9f4dc5b5
5159,63.871384879,4.927220,30,v4,88000000ffffffffffffa8dd9f4dc5b5
5160,63.877508356,6.123477,30,v4,88000000ffffffffffffa8dd9f4dc5b5
5161,63.882599055,5.090699,30,v4,88000000ffffffffffffa8dd9f4dc5b5
5162,63.888793321,6.194266,30,v4,88000000ffffffffffffa8dd9f4dc5b5
5163,63.893830928,5.037607,30,v4,88000000ffffffffffffa8dd9f4dc5b5
5164,63.900169286,6.338358,30,v4,88000000ffffffffffffa8dd9f4dc5b5
5165,63.905176432,5.007146,30,v4,88000000ffffffffffffa8dd9f4dc5b5
5166,63.911351756,6.175324,30,v4,88000000ffffffffffffa8dd9f4dc5b5
5167,63.916389382,5.037626,30,v4,88000000ffffffffffffa8dd9f4dc5b5
5168,63.922184673,5.795291,30,v4,88000000ffffffffffffa8dd9f4dc5b5
5169,63.927453531,5.268858,30,v4,88000000ffffffffffffa8dd9f4dc5b5
5170,63.933419381,5.965850,30,v4,88000000ffffffffffffa8dd9f4dc5b5
5171,63.939483591,6.064210,30,v4,88000000ffffffffffffa8dd9f4dc5b5
5172,63.944681324,5.197733,30,v4,88000000ffffffffffffa8dd9f4dc5b5
5173,63.950964705,6.283381,30,v4,88000000ffffffffffffa8dd9f4dc5b5
5174,63.956957370,5.992665,30,v4,88000000ffffffffffffa8dd9f4dc5b5
5175,63.962053119,5.095749,30,v4,88000000ffffffffffffa8dd9f4dc5b5
5176,63.967895083,5.841964,30,v4,88000000ffffffffffffa8dd9f4dc5b5
5177,63.973015773,5.120690,30,v4,88000000ffffffffffffa8dd9f4dc5b5
5178,63.979226919,6.211146,30,v4,88000000ffffffffffffa8dd9f4dc5b5
5179,63.985305871,6.078952,30,v4,88000000ffffffffffffa8dd9f4dc5b5
5180,63.991365430,6.059559,30,v4,88000000ffffffffffffa8dd9f4dc5b5
5181,63.996482196,5.116766,30,v4,88000000ffffffffffffa8dd9f4dc5b5
5182,64.002613690,6.131494,30,v4,88000000ffffffffffffa8dd9f4dc5b5
5183,64.007503607,4.889917,30,v4,88000000ffffffffffffa8dd9f4dc5b5
5184,64.013670843,6.167236,30,v4,88000000ffffffffffffa8dd9f4dc5b5
5185,64.019834357,6.163514,30,v4,88000000ffffffffffffa8dd9f4dc5b5
5186,64.024943495,5.109138,30,v4,88000000ffffffffffffa8dd9f4dc5b5
5187,64.031330433,6.386938,30,v4,88000000ffffffffffffa8dd9f4dc5b5
5188,64.036264474,4.934041,30,v4,88000000ffffffffffffa8dd9f4dc5b5
5189,64.042149249,5.884775,30,v4,88000000ffffffffffffa8dd9f4dc5b5
5190,64.047221626,5.072377,30,v4,88000000ffffffffffffa8dd9f4dc5b5
5191,64.053164809,5.943183,30,v4,88000000ffffffffffffa8dd9f4dc5b5
5192,64.058304994,5.140185,30,v4,88000000ffffffffffffa8dd9f4dc5b5
5193,64.064515355,6.210361,30,v4,88000000ffffffffffffa8dd9f4dc5b5
5194,64.069553480,5.038125,30,v4,88000000ffffffffffffa8dd9f4dc5b5
5195,64.075585125,6.031645,30,v4,88000000ffffffffffffa8dd9f4dc5b5
5196,64.080876794,5.291669,30,v4,88000000ffffffffffffa8dd9f4dc5b5
5197,64.086994345,6.117551,30,v4,88000000ffffffffffffa8dd9f4dc5b5
5198,64.092112425,5.118080,30,v4,88000000ffffffffffffa8dd9f4dc5b5
5199,64.098115132,6.002707,30,v4,88000000ffffffffffffa8dd9f4dc5b5
5200,64.103195028,5.079896,30,v4,88000000ffffffffffffa8dd9f4dc5b5
5201,64.109846765,6.651737,30,v4,88000000ffffffffffffa8dd9f4dc5b5
5202,64.115955229,6.108464,30,v4,88000000ffffffffffffa8dd9f4dc5b5
5203,64.121670916,5.715687,30,v4,88000000ffffffffffffa8dd9f4dc5b5
5204,64.127410653,5.739737,30,v4,88000000ffffffffffffa8dd9f4dc5b5
5205,64.132680706,5.270053,30,v4,88000000ffffffffffffa8dd9f4dc5b5
5206,64.461844413,329.163707,30,v4,88000000ffffffffffffa8dd9f4dc5b5
5207,64.466921547,5.077134,30,v4,88000000ffffffffffffa8dd9f4dc5b5
5208,64.472085344,5.163797,30,v4,88000000ffffffffffffa8dd9f4dc5b5
5209,64.477921734,5.836390,30,v4,88000000ffffffffffffa8dd9f4dc5b5
5210,64.483000673,5.078939,30,v4,88000000ffffffffffffa8dd9f4dc5b5
5211,64.489162578,6.161905,30,v4,88000000ffffffffffffa8dd9f4dc5b5
5212,64.494576072,5.413494,30,v4,88000000ffffffffffffa8dd9f4dc5b5
5213,64.500556643,5.980571,30,v4,88000000ffffffffffffa8dd9f4dc5b5
5214,64.506528594,5.971951,30,v4,88000000ffffffffffffa8dd9f4dc5b5
5215,64.511540329,5.011735,30,v4,88000000ffffffffffffa8dd9f4dc5b5
5216,64.517619502,6.079173,30,v4,88000000ffffffffffffa8dd9f4dc5b5
5217,64.522765344,5.145842,30,v4,88000000ffffffffffffa8dd9f4dc5b5
5218,64.528927629,6.162285,30,v4,88000000ffffffffffffa8dd9f4dc5b5
5219,64.535764698,6.837069,30,v4,88000000ffffffffffffa8dd9f4dc5b5
5220,64.540112097,4.347399,30,v4,88000000ffffffffffffa8dd9f4dc5b5
5221,64.544992490,4.880393,30,v4,88000000ffffffffffffa8dd9f4dc5b5
5222,64.550113201,5.120711,30,v4,88000000ffffffffffffa8dd9f4dc5b5
5223,64.556129294,6.016093,30,v4,88000000ffffffffffffa8dd9f4dc5b5
5224,64.561525408,5.396114,30,v4,88000000ffffffffffffa8dd9f4dc5b5
5225,64.567273929,5.748521,30,v4,88000000ffffffffffffa8dd9f4dc5b5
5226,64.572380099,5.106170,30,v4,88000000ffffffffffffa8dd9f4dc5b5
5227,64.578522637,6.142538,30,v4,88000000ffffffffffffa8dd9f4dc5b5
5228,64.583637376,5.114739,30,v4,88000000ffffffffffffa8dd9f4dc5b5
5229,64.588721404,5.084028,30,v4,88000000ffffffffffffa8dd9f4dc5b5
5230,64.594849662,6.128258,30,v4,88000000ffffffffffffa8dd9f4dc5b5
5231,64.599968754,5.119092,30,v4,88000000ffffffffffffa8dd9f4dc5b5
5232,64.605970169,6.001415,30,v4,88000000ffffffffffffa8dd9f4dc5b5
5233,64.611113660,5.143491,30,v4,88000000ffffffffffffa8dd9f4dc5b5
5234,64.617372559,6.258899,30,v4,88000000ffffffffffffa8dd9f4dc5b5
5235,64.622401053,5.028494,30,v4,88000000ffffffffffffa8dd9f4dc5b5
5236,64.627544120,5.143067,30,v4,88000000ffffffffffffa8dd9f4dc5b5
5237,64.635314655,7.770535,30,v4,88000000ffffffffffffa8dd9f4dc5b5
5238,64.639621484,4.306829,30,v4,88000000ffffffffffffa8dd9f4dc5b5
5239,64.645804493,6.183009,30,v4,88000000ffffffffffffa8dd9f4dc5b5
5240,64.650785833,4.981340,30,v4,88000000ffffffffffffa8dd9f4dc5b5
5241,64.656869504,6.083671,30,v4,88000000ffffffffffffa8dd9f4dc5b5
5242,64.661891425,5.021921,30,v4,88000000ffffffffffffa8dd9f4dc5b5
5243,64.667127413,5.235988,30,v4,88000000ffffffffffffa8dd9f4dc5b5
5244,64.673025218,5.897805,30,v4,88000000ffffffffffffa8dd9f4dc5b5
5245,64.678410292,5.385074,30,v4,88000000ffffffffffffa8dd9f4dc5b5
5246,64.684567606,6.157314,30,v4,88000000ffffffffffffa8dd9f4dc5b5
5247,64.689286841,4.719235,30,v4,88000000ffffffffffffa8dd9f4dc5b5
5248,64.695410777,6.123936,30,v4,88000000ffffffffffffa8dd9f4dc5b5
5249,64.700489399,5.078622,30,v4,88000000ffffffffffffa8dd9f4dc5b5
5250,64.705580930,5.091531,30,v4,88000000ffffffffffffa8dd9f4dc5b5
5251,64.711763734,6.182804,30,v4,88000000ffffffffffffa8dd9f4dc5b5
5252,64.716837870,5.074136,30,v4,88000000ffffffffffffa8dd9f4dc5b5
5253,64.722879072,6.041202,30,v4,88000000ffffffffffffa8dd9f4dc5b5
5254,64.727979463,5.100391,30,v4,88000000ffffffffffffa8dd9f4dc5b5
5255,64.733355399,5.375936,30,v4,88000000ffffffffffffa8dd9f4dc5b5
5256,64.739121987,5.766588,30,v4,88000000ffffffffffffa8dd9f4dc5b5
5257,64.744216608,5.094621,30,v4,88000000ffffffffffffa8dd9f4dc5b5
5258,64.750452675,6.236067,30,v4,88000000ffffffffffffa8dd9f4dc5b5
5259,64.755392354,4.939679,30,v4,88000000ffffffffffffa8dd9f4dc5b5
5260,64.761522882,6.130528,30,v4,88000000ffffffffffffa8dd9f4dc5b5
5261,64.767542714,6.019832,30,v4,88000000ffffffffffffa8dd9f4dc5b5
5262,64.772739621,5.196907,30,v4,88000000ffffffffffffa8dd9f4dc5b5
5263,64.778769562,6.029941,30,v4,88000000ffffffffffffa8dd9f4dc5b5
5264,64.783940308,5.170746,30,v4,88000000ffffffffffffa8dd9f4dc5b5
5265,64.789974553,6.034245,30,v4,88000000ffffffffffffa8dd9f4dc5b5
5266,64.795018246,5.043693,30,v4,88000000ffffffffffffa8dd9f4dc5b5
5267,64.801200546,6.182300,30,v4,88000000ffffffffffffa8dd9f4dc5b5
5268,64.806181508,4.980962,30,v4,88000000ffffffffffffa8dd9f4dc5b5
5269,64.811425851,5.244343,30,v4,88000000ffffffffffffa8dd9f4dc5b5
5270,64.817398335,5.972484,30,v4,88000000ffffffffffffa8dd9f4dc5b5
5271,64.822350132,4.951797,30,v4,88000000ffffffffffffa8dd9f4dc5b5
5272,64.828543811,6.193679,30,v4,88000000ffffffffffffa8dd9f4dc5b5
5273,64.833712833,5.169022,30,v4,88000000ffffffffffffa8dd9f4dc5b5
5274,64.839721439,6.008606,30,v4,88000000ffffffffffffa8dd9f4dc5b5
5275,64.844879489,5.158050,30,v4,88000000ffffffffffffa8dd9f4dc5b5
5276,64.849873927,4.994438,30,v4,88000000ffffffffffffa8dd9f4dc5b5
5277,64.856066405,6.192478,30,v4,88000000ffffffffffffa8dd9f4dc5b5
5278,64.861056915,4.990510,30,v4,88000000ffffffffffffa8dd9f4dc5b5
5279,64.867853313,6.796398,30,v4,88000000ffffffffffffa8dd9f4dc5b5
5280,64.872197296,4.343983,30,v4,88000000ffffffffffffa8dd9f4dc5b5
5281,64.878488871,6.291575,30,v4,88000000ffffffffffffa8dd9f4dc5b5
5282,64.884441169,5.952298,30,v4,88000000ffffffffffffa8dd9f4dc5b5
5283,64.889599439,5.158270,30,v4,88000000ffffffffffffa8dd9f4dc5b5
5284,64.895514460,5.915021,30,v4,88000000ffffffffffffa8dd9f4dc5b5
5285,64.901627592,6.113132,30,v4,88000000ffffffffffffa8dd9f4dc5b5
5286,64.906798608,5.171016,30,v4,88000000ffffffffffffa8dd9f4dc5b5
5287,64.912867235,6.068627,30,v4,88000000ffffffffffffa8dd9f4dc5b5
5288,64.918169841,5.302606,30,v4,88000000ffffffffffffa8dd9f4dc5b5
5289,64.924156966,5.987125,30,v4,88000000ffffffffffffa8dd9f4dc5b5
5290,64.929153168,4.996202,30,v4,88000000ffffffffffffa8dd9f4dc5b5
5291,64.934368954,5.215786,30,v4,88000000ffffffffffffa8dd9f4dc5b5
5292,64.940432325,6.063371,30,v4,88000000ffffffffffffa8dd9f4dc5b5
5293,64.945418427,4.986102,30,v4,88000000ffffffffffffa8dd9f4dc5b5
5294,64.951709505,6.291078,30,v4,88000000ffffffffffffa8dd9f4dc5b5
5295,64.956632974,4.923469,30,v4,88000000ffffffffffffa8dd9f4dc5b5
5296,64.962652358,6.019384,30,v4,88000000ffffffffffffa8dd9f4dc5b5
5297,64.967748999,5.096641,30,v4,88000000ffffffffffffa8dd9f4dc5b5
5298,64.972929342,5.180343,30,v4,88000000ffffffffffffa8dd9f4dc5b5
5299,64.978900861,5.971519,30,v4,88000000ffffffffffffa8dd9f4dc5b5
5300,64.984037569,5.136708,30,v4,88000000ffffffffffffa8dd9f4dc5b5
5301,64.990437730,6.400161,30,v4,88000000ffffffffffffa8dd9f4dc5b5
5302,64.995258948,4.821218,30,v4,88000000ffffffffffffa8dd9f4dc5b5
5303,65.001636424,6.377476,30,v4,88000000ffffffffffffa8dd9f4dc5b5
5304,65.011983795,10.347371,99,v4,1c000000aadd9f4dc5b5688599030000
5305,65.015391977,3.408182,30,v4,88000000ffffffffffffa8dd9f4dc5b5
5306,65.348844714,333.452737,30,v4,88000000ffffffffffffa8dd9f4dc5b5
5307,65.353988479,5.143765,30,v4,88000000ffffffffffffa8dd9f4dc5b5
5308,65.359131876,5.143397,30,v4,88000000ffffffffffffa8dd9f4dc5b5
5309,65.365194997,6.063121,30,v4,88000000ffffffffffffa8dd9f4dc5b5
5310,65.371629327,6.434330,30,v4,88000000ffffffffffffa8dd9f4dc5b5
5311,65.375217977,3.588650,30,v4,88000000ffffffffffffa8dd9f4dc5b5
5312,65.382289910,7.071933,30,v4,88000000ffffffffffffa8dd9f4dc5b5
5313,65.386405392,4.115482,30,v4,88000000ffffffffffffa8dd9f4dc5b5
5314,65.392544294,6.138902,30,v4,88000000ffffffffffffa8dd9f4dc5b5
5315,65.397475968,4.931674,30,v4,88000000ffffffffffffa8dd9f4dc5b5
5316,65.402585859,5.109891,30,v4,88000000ffffffffffffa8dd9f4dc5b5
5317,65.408744302,6.158443,30,v4,88000000ffffffffffffa8dd9f4dc5b5
5318,65.415450825,6.706523,30,v4,88000000ffffffffffffa8dd9f4dc5b5
5319,65.420052804,4.601979,30,v4,88000000ffffffffffffa8dd9f4dc5b5
5320,65.425943429,5.890625,30,v4,88000000ffffffffffffa8dd9f4dc5b5
5321,65.431101964,5.158535,30,v4,88000000ffffffffffffa8dd9f4dc5b5
5322,65.436147404,5.045440,30,v4,88000000ffffffffffffa8dd9f4dc5b5
5323,65.442590224,6.442820,30,v4,88000000ffffffffffffa8dd9f4dc5b5
5324,65.447353566,4.763342,30,v4,88000000ffffffffffffa8dd9f4dc5b5
5325,65.452645144,5.291578,30,v4,88000000ffffffffffffa8dd9f4dc5b5
5326,65.458470257,5.825113,30,v4,88000000ffffffffffffa8dd9f4dc5b5
5327,65.463599915,5.129658,30,v4,88000000ffffffffffffa8dd9f4dc5b5
5328,65.468702273,5.102358,30,v4,88000000ffffffffffffa8dd9f4dc5b5
5329,65.474872963,6.170690,30,v4,88000000ffffffffffffa8dd9f4dc5b5
5330,65.479740720,4.867757,30,v4,88000000ffffffffffffa8dd9f4dc5b5
5331,65.485268672,5.527952,30,v4,88000000ffffffffffffa8dd9f4dc5b5
5332,65.490997585,5.728913,30,v4,88000000ffffffffffffa8dd9f4dc5b5
5333,65.496029285,5.031700,30,v4,88000000ffffffffffffa8dd9f4dc5b5
5334,65.501214958,5.185673,30,v4,88000000ffffffffffffa8dd9f4dc5b5
5335,65.507252540,6.037582,30,v4,88000000ffffffffffffa8dd9f4dc5b5
5336,65.512306718,5.054178,30,v4,88000000ffffffffffffa8dd9f4dc5b5
5337,65.517377466,5.070748,30,v4,88000000ffffffffffffa8dd9f4dc5b5
5338,65.523396410,6.018944,30,v4,88000000ffffffffffffa8dd9f4dc5b5
5339,65.528684593,5.288183,30,v4,88000000ffffffffffffa8dd9f4dc5b5
5340,65.533598498,4.913905,30,v4,88000000ffffffffffffa8dd9f4dc5b5
5341,65.539669674,6.071176,30,v4,88000000ffffffffffffa8dd9f4dc5b5
5342,65.545860993,6.191319,30,v4,88000000ffffffffffffa8dd9f4dc5b5
5343,65.550904928,5.043935,30,v4,88000000ffffffffffffa8dd9f4dc5b5
5344,65.555839182,4.934254,30,v4,88000000ffffffffffffa8dd9f4dc5b5
5345,65.562040038,6.200856,30,v4,88000000ffffffffffffa8dd9f4dc5b5
5346,65.567271894,5.231856,30,v4,88000000ffffffffffffa8dd9f4dc5b5
5347,65.573167531,5.895637,30,v4,88000000ffffffffffffa8dd9f4dc5b5
5348,65.578246196,5.078665,30,v4,88000000ffffffffffffa8dd9f4dc5b5
5349,65.583398801,5.152605,30,v4,88000000ffffffffffffa8dd9f4dc5b5
5350,65.589366420,5.967619,30,v4,88000000ffffffffffffa8dd9f4dc5b5
5351,65.596491860,7.125440,30,v4,88000000ffffffffffffa8dd9f4dc5b5
5352,65.599675140,3.183280,30,v4,88000000ffffffffffffa8dd9f4dc5b5
5353,65.604778504,5.103364,30,v4,88000000ffffffffffffa8dd9f4dc5b5
5354,65.610822032,6.043528,30,v4,88000000ffffffffffffa8dd9f4dc5b5
5355,65.616205967,5.383935,30,v4,88000000ffffffffffffa8dd9f4dc5b5
5356,65.622262247,6.056280,30,v4,88000000ffffffffffffa8dd9f4dc5b5
5357,65.627202964,4.940717,30,v4,88000000ffffffffffffa8dd9f4dc5b5
5358,65.632118521,4.915557,30,v4,88000000ffffffffffffa8dd9f4dc5b5
5359,65.637465881,5.347360,30,v4,88000000ffffffffffffa8dd9f4dc5b5
5360,65.643214837,5.748956,30,v4,88000000ffffffffffffa8dd9f4dc5b5
5361,65.648419802,5.204965,30,v4,88000000ffffffffffffa8dd9f4dc5b5
5362,65.653506212,5.086410,30,v4,88000000ffffffffffffa8dd9f4dc5b5
5363,65.659547123,6.040911,30,v4,88000000ffffffffffffa8dd9f4dc5b5
5364,65.664738191,5.191068,30,v4,88000000ffffffffffffa8dd9f4dc5b5
5365,65.669777015,5.038824,30,v4,88000000ffffffffffffa8dd9f4dc5b5
5366,65.677176017,7.399002,30,v4,88000000ffffffffffffa8dd9f4dc5b5
5367,65.681938228,4.762211,30,v4,88000000ffffffffffffa8dd9f4dc5b5
5368,65.686999566,5.061338,30,v4,88000000ffffffffffffa8dd9f4dc5b5
5369,65.693376425,6.376859,30,v4,88000000ffffffffffffa8dd9f4dc5b5
5370,65.698268017,4.891592,30,v4,88000000ffffffffffffa8dd9f4dc5b5
5371,65.703379849,5.111832,30,v4,88000000ffffffffffffa8dd9f4dc5b5
5372,65.709407074,6.027225,30,v4,88000000ffffffffffffa8dd9f4dc5b5
5373,65.714435304,5.028230,30,v4,88000000ffffffffffffa8dd9f4dc5b5
5374,65.719443828,5.008524,30,v4,88000000ffffffffffffa8dd9f4dc5b5
5375,65.725559643,6.115815,30,v4,88000000ffffffffffffa8dd9f4dc5b5
5376,65.730757118,5.197475,30,v4,88000000ffffffffffffa8dd9f4dc5b5
5377,65.735870309,5.113191,30,v4,88000000ffffffffffffa8dd9f4dc5b5
5378,65.741840680,5.970371,30,v4,88000000ffffffffffffa8dd9f4dc5b5
5379,65.747041033,5.200353,30,v4,88000000ffffffffffffa8dd9f4dc5b5
5380,65.752014423,4.973390,30,v4,88000000ffffffffffffa8dd9f4dc5b5
5381,65.758108984,6.094561,30,v4,88000000ffffffffffffa8dd9f4dc5b5
5382,65.763163065,5.054081,30,v4,88000000ffffffffffffa8dd9f4dc5b5
5383,65.768286210,5.123145,30,v4,88000000ffffffffffffa8dd9f4dc5b5
5384,65.773440274,5.154064,30,v4,88000000ffffffffffffa8dd9f4dc5b5
5385,65.779430575,5.990301,30,v4,88000000ffffffffffffa8dd9f4dc5b5
5386,65.784500157,5.069582,30,v4,88000000ffffffffffffa8dd9f4dc5b5
5387,65.790645472,6.145315,30,v4,88000000ffffffffffffa8dd9f4dc5b5
5388,65.795715495,5.070023,30,v4,88000000ffffffffffffa8dd9f4dc5b5
5389,65.800938797,5.223302,30,v4,88000000ffffffffffffa8dd9f4dc5b5
5390,65.807914650,6.975853,30,v4,88000000ffffffffffffa8dd9f4dc5b5
5391,65.813033009,5.118359,30,v4,88000000ffffffffffffa8dd9f4dc5b5
5392,65.818159527,5.126518,30,v4,88000000ffffffffffffa8dd9f4dc5b5
5393,65.824124258,5.964731,30,v4,88000000ffffffffffffa8dd9f4dc5b5
5394,65.829292293,5.168035,30,v4,88000000ffffffffffffa8dd9f4dc5b5
5395,65.834313685,5.021392,30,v4,88000000ffffffffffffa8dd9f4dc5b5
5396,65.840437346,6.123661,30,v4,88000000ffffffffffffa8dd9f4dc5b5
5397,65.845541326,5.103980,30,v4,88000000ffffffffffffa8dd9f4dc5b5
5398,65.850517418,4.976092,30,v4,88000000ffffffffffffa8dd9f4dc5b5
5399,65.856658414,6.140996,30,v4,88000000ffffffffffffa8dd9f4dc5b5
5400,65.861756956,5.098542,30,v4,88000000ffffffffffffa8dd9f4dc5b5
5401,65.866806971,5.050015,30,v4,88000000ffffffffffffa8dd9f4dc5b5
5402,65.873980573,7.173602,30,v4,88000000ffffffffffffa8dd9f4dc5b5
5403,65.878085277,4.104704,30,v4,88000000ffffffffffffa8dd9f4dc5b5
5404,65.883227537,5.142260,30,v4,88000000ffffffffffffa8dd9f4dc5b5
5405,65.889322742,6.095205,30,v4,88000000ffffffffffffa8dd9f4dc5b5
5406,66.225508117,336.185375,30,v4,88000000ffffffffffffa8dd9f4dc5b5
5407,66.231903309,6.395192,30,v4,88000000ffffffffffffa8dd9f4dc5b5
5408,66.236843130,4.939821,30,v4,88000000ffffffffffffa8dd9f4dc5b5
5409,66.241696351,4.853221,30,v4,88000000ffffffffffffa8dd9f4dc5b5
5410,66.246983075,5.286724,30,v4,88000000ffffffffffffa8dd9f4dc5b5
5411,66.251973998,4.990923,30,v4,88000000ffffffffffffa8dd9f4dc5b5
5412,66.258066769,6.092771,30,v4,88000000ffffffffffffa8dd9f4dc5b5
5413,66.263299421,5.232652,30,v4,88000000ffffffffffffa8dd9f4dc5b5
5414,66.268250119,4.950698,30,v4,88000000ffffffffffffa8dd9f4dc5b5
5415,66.273253973,5.003854,30,v4,88000000ffffffffffffa8dd9f4dc5b5
5416,66.278314836,5.060863,30,v4,88000000ffffffffffffa8dd9f4dc5b5
5417,66.284584192,6.269356,30,v4,88000000ffffffffffffa8dd9f4dc5b5
5418,66.289446531,4.862339,30,v4,88000000ffffffffffffa8dd9f4dc5b5
5419,66.294714875,5.268344,30,v4,88000000ffffffffffffa8dd9f4dc5b5
5420,66.299710568,4.995693,30,v4,88000000ffffffffffffa8dd9f4dc5b5
5421,66.305873823,6.163255,30,v4,88000000ffffffffffffa8dd9f4dc5b5
5422,66.310925656,5.051833,30,v4,88000000ffffffffffffa8dd9f4dc5b5
5423,66.315978115,5.052459,30,v4,88000000ffffffffffffa8dd9f4dc5b5
5424,66.321047728,5.069613,30,v4,88000000ffffffffffffa8dd9f4dc5b5
5425,66.327132146,6.084418,30,v4,88000000ffffffffffffa8dd9f4dc5b5
5426,66.333159027,6.026881,30,v4,88000000ffffffffffffa8dd9f4dc5b5
5427,66.338413720,5.254693,30,v4,88000000ffffffffffffa8dd9f4dc5b5
5428,66.343488098,5.074378,30,v4,88000000ffffffffffffa8dd9f4dc5b5
5429,66.348421636,4.933538,30,v4,88000000ffffffffffffa8dd9f4dc5b5
5430,66.354849794,6.428158,30,v4,88000000ffffffffffffa8dd9f4dc5b5
5431,66.359708561,4.858767,30,v4,88000000ffffffffffffa8dd9f4dc5b5
5432,66.366658742,6.950181,30,v4,88000000ffffffffffffa8dd9f4dc5b5
5433,66.370526133,3.867391,30,v4,88000000ffffffffffffa8dd9f4dc5b5
5434,66.375936543,5.410410,30,v4,88000000ffffffffffffa8dd9f4dc5b5
5435,66.381091779,5.155236,30,v4,88000000ffffffffffffa8dd9f4dc5b5
5436,66.386305813,5.214034,30,v4,88000000ffffffffffffa8dd9f4dc5b5
5437,66.391170140,4.864327,30,v4,88000000ffffffffffffa8dd9f4dc5b5
5438,66.396184118,5.013978,30,v4,88000000ffffffffffffa8dd9f4dc5b5
5439,66.402375639,6.191521,30,v4,88000000ffffffffffffa8dd9f4dc5b5
5440,66.407289651,4.914012,30,v4,88000000ffffffffffffa8dd9f4dc5b5
5441,66.412483951,5.194300,30,v4,88000000ffffffffffffa8dd9f4dc5b5
5442,66.417620970,5.137019,30,v4,88000000ffffffffffffa8dd9f4dc5b5
5443,66.423641936,6.020966,30,v4,88000000ffffffffffffa8dd9f4dc5b5
5444,66.428834133,5.192197,30,v4,88000000ffffffffffffa8dd9f4dc5b5
5445,66.434025854,5.191721,30,v4,88000000ffffffffffffa8dd9f4dc5b5
5446,66.439194343,5.168489,30,v4,88000000ffffffffffffa8dd9f4dc5b5
5447,66.444884769,5.690426,30,v4,88000000ffffffffffffa8dd9f4dc5b5
5448,66.450032952,5.148183,30,v4,88000000ffffffffffffa8dd9f4dc5b5
5449,66.456145049,6.112097,30,v4,88000000ffffffffffffa8dd9f4dc5b5
5450,66.461391115,5.246066,30,v4,88000000ffffffffffffa8dd9f4dc5b5
5451,66.467125578,5.734463,30,v4,88000000ffffffffffffa8dd9f4dc5b5
5452,66.472776624,5.651046,30,v4,88000000ffffffffffffa8dd9f4dc5b5
5453,66.477542720,4.766096,30,v4,88000000ffffffffffffa8dd9f4dc5b5
5454,66.482529769,4.987049,30,v4,88000000ffffffffffffa8dd9f4dc5b5
5455,66.487694221,5.164452,30,v4,88000000ffffffffffffa8dd9f4dc5b5
5456,66.493768575,6.074354,30,v4,88000000ffffffffffffa8dd9f4dc5b5
5457,66.498860269,5.091694,30,v4,88000000ffffffffffffa8dd9f4dc5b5
5458,66.504030727,5.170458,30,v4,88000000ffffffffffffa8dd9f4dc5b5
5459,66.508893444,4.862717,30,v4,88000000ffffffffffffa8dd9f4dc5b5
5460,66.515285414,6.391970,30,v4,88000000ffffffffffffa8dd9f4dc5b5
5461,66.520070581,4.785167,30,v4,88000000ffffffffffffa8dd9f4dc5b5
5462,66.525179618,5.109037,30,v4,88000000ffffffffffffa8dd9f4dc5b5
5463,66.530356404,5.176786,30,v4,88000000ffffffffffffa8dd9f4dc5b5
5464,66.535555210,5.198806,30,v4,88000000ffffffffffffa8dd9f4dc5b5
5465,66.541443111,5.887901,30,v4,88000000ffffffffffffa8dd9f4dc5b5
5466,66.546486730,5.043619,30,v4,88000000ffffffffffffa8dd9f4dc5b5
5467,66.551558767,5.072037,30,v4,88000000ffffffffffffa8dd9f4dc5b5
5468,66.556712556,5.153789,30,v4,88000000ffffffffffffa8dd9f4dc5b5
5469,66.562824371,6.111815,30,v4,88000000ffffffffffffa8dd9f4dc5b5
5470,66.568042466,5.218095,30,v4,88000000ffffffffffffa8dd9f4dc5b5
5471,66.573264227,5.221761,30,v4,88000000ffffffffffffa8dd9f4dc5b5
5472,66.578128297,4.864070,30,v4,88000000ffffffffffffa8dd9f4dc5b5
5473,66.585428803,7.300506,30,v4,88000000ffffffffffffa8dd9f4dc5b5
5474,66.590419597,4.990794,30,v4,88000000ffffffffffffa8dd9f4dc5b5
5475,66.595380445,4.960848,30,v4,88000000ffffffffffffa8dd9f4dc5b5
5476,66.600511697,5.131252,30,v4,88000000ffffffffffffa8dd9f4dc5b5
5477,66.605506479,4.994782,30,v4,88000000ffffffffffffa8dd9f4dc5b5
5478,66.611635004,6.128525,30,v4,88000000ffffffffffffa8dd9f4dc5b5
5479,66.616710979,5.075975,30,v4,88000000ffffffffffffa8dd9f4dc5b5
5480,66.621674125,4.963146,30,v4,88000000ffffffffffffa8dd9f4dc5b5
5481,66.626923400,5.249275,30,v4,88000000ffffffffffffa8dd9f4dc5b5
5482,66.632964111,6.040711,30,v4,88000000ffffffffffffa8dd9f4dc5b5
5483,66.637974871,5.010760,30,v4,88000000ffffffffffffa8dd9f4dc5b5
5484,66.643070798,5.095927,30,v4,88000000ffffffffffffa8dd9f4dc5b5
5485,66.648186115,5.115317,30,v4,88000000ffffffffffffa8dd9f4dc5b5
5486,66.653378954,5.192839,30,v4,88000000ffffffffffffa8dd9f4dc5b5
5487,66.659255119,5.876165,30,v4,88000000ffffffffffffa8dd9f4dc5b5
5488,66.664357632,5.102513,30,v4,88000000ffffffffffffa8dd9f4dc5b5
5489,66.669562341,5.204709,30,v4,88000000ffffffffffffa8dd9f4dc5b5
5490,66.674534076,4.971735,30,v4,88000000ffffffffffffa8dd9f4dc5b5
5491,66.680603241,6.069165,30,v4,88000000ffffffffffffa8dd9f4dc5b5
5492,66.685872168,5.268927,30,v4,88000000ffffffffffffa8dd9f4dc5b5
5493,66.690963411,5.091243,30,v4,88000000ffffffffffffa8dd9f4dc5b5
5494,66.695867690,4.904279,30,v4,88000000ffffffffffffa8dd9f4dc5b5
5495,66.702061273,6.193583,30,v4,88000000ffffffffffffa8dd9f4dc5b5
5496,66.707049877,4.988604,30,v4,88000000ffffffffffffa8dd9f4dc5b5
5497,66.712079987,5.030110,30,v4,88000000ffffffffffffa8dd9f4dc5b5
5498,66.718371598,6.291611,30,v4,88000000ffffffffffffa8dd9f4dc5b5
5499,66.723362662,4.991064,30,v4,88000000ffffffffffffa8dd9f4dc5b5
5500,66.729341955,5.979293,30,v4,88000000ffffffffffffa8dd9f4dc5b5
5501,66.734453719,5.111764,30,v4,88000000ffffffffffffa8dd9f4dc5b5
5502,66.739593309,5.139590,30,v4,88000000ffffffffffffa8dd9f4dc5b5
5503,66.744707937,5.114628,30,v4,88000000ffffffffffffa8dd9f4dc5b5
5504,66.750705849,5.997912,30,v4,88000000ffffffffffffa8dd9f4dc5b5
5505,66.755828750,5.122901,30,v4,88000000ffffffffffffa8dd9f4dc5b5
5506,67.092191540,336.362790,30,v4,88000000ffffffffffffa8dd9f4dc5b5
5507,67.097270462,5.078922,30,v4,88000000ffffffffffffa8dd9f4dc5b5
5508,67.102366379,5.095917,30,v4,88000000ffffffffffffa8dd9f4dc5b5
5509,67.108545620,6.179241,30,v4,88000000ffffffffffffa8dd9f4dc5b5
5510,67.113731180,5.185560,30,v4,88000000ffffffffffffa8dd9f4dc5b5
5511,67.118530132,4.798952,30,v4,88000000ffffffffffffa8dd9f4dc5b5
5512,67.124678326,6.148194,30,v4,88000000ffffffffffffa8dd9f4dc5b5
5513,67.129659945,4.981619,30,v4,88000000ffffffffffffa8dd9f4dc5b5
5514,67.134906368,5.246423,30,v4,88000000ffffffffffffa8dd9f4dc5b5
5515,67.139794092,4.887724,30,v4,88000000ffffffffffffa8dd9f4dc5b5
5516,67.144937090,5.142998,30,v4,88000000ffffffffffffa8dd9f4dc5b5
5517,67.150146905,5.209815,30,v4,88000000ffffffffffffa8dd9f4dc5b5
5518,67.155115184,4.968279,30,v4,88000000ffffffffffffa8dd9f4dc5b5
5519,67.160207292,5.092108,30,v4,88000000ffffffffffffa8dd9f4dc5b5
5520,67.166449180,6.241888,30,v4,88000000ffffffffffffa8dd9f4dc5b5
5521,67.172309000,5.859820,30,v4,88000000ffffffffffffa8dd9f4dc5b5
5522,67.176796470,4.487470,30,v4,88000000ffffffffffffa8dd9f4dc5b5
5523,67.181557755,4.761285,30,v4,88000000ffffffffffffa8dd9f4dc5b5
5524,67.187265162,5.707407,30,v4,88000000ffffffffffffa8dd9f4dc5b5
5525,67.192738162,5.473000,30,v4,88000000ffffffffffffa8dd9f4dc5b5
5526,67.198537331,5.799169,30,v4,88000000ffffffffffffa8dd9f4dc5b5
5527,67.203207403,4.670072,30,v4,88000000ffffffffffffa8dd9f4dc5b5
5528,67.208280199,5.072796,30,v4,88000000ffffffffffffa8dd9f4dc5b5
5529,67.213068130,4.787931,30,v4,88000000ffffffffffffa8dd9f4dc5b5
5530,67.218212486,5.144356,30,v4,88000000ffffffffffffa8dd9f4dc5b5
5531,67.224514302,6.301816,30,v4,88000000ffffffffffffa8dd9f4dc5b5
5532,67.229826241,5.311939,30,v4,88000000ffffffffffffa8dd9f4dc5b5
5533,67.235434818,5.608577,30,v4,88000000ffffffffffffa8dd9f4dc5b5
5534,67.240468359,5.033541,30,v4,88000000ffffffffffffa8dd9f4dc5b5
5535,67.246407711,5.939352,30,v4,88000000ffffffffffffa8dd9f4dc5b5
5536,67.250699921,4.292210,30,v4,88000000ffffffffffffa8dd9f4dc5b5
5537,67.255722120,5.022199,30,v4,88000000ffffffffffffa8dd9f4dc5b5
5538,67.260756120,5.034000,30,v4,88000000ffffffffffffa8dd9f4dc5b5
5539,67.267008147,6.252027,30,v4,88000000ffffffffffffa8dd9f4dc5b5
5540,67.271965949,4.957802,30,v4,88000000ffffffffffffa8dd9f4dc5b5
5541,67.276980207,5.014258,30,v4,88000000ffffffffffffa8dd9f4dc5b5
5542,67.282149209,5.169002,30,v4,88000000ffffffffffffa8dd9f4dc5b5
5543,67.287232227,5.083018,30,v4,88000000ffffffffffffa8dd9f4dc5b5
5544,67.292230137,4.997910,30,v4,88000000ffffffffffffa8dd9f4dc5b5
5545,67.297442133,5.211996,30,v4,88000000ffffffffffffa8dd9f4dc5b5
5546,67.304313819,6.871686,30,v4,88000000ffffffffffffa8dd9f4dc5b5
5547,67.308531652,4.217833,30,v4,88000000ffffffffffffa8dd9f4dc5b5
5548,67.313946948,5.415296,30,v4,88000000ffffffffffffa8dd9f4dc5b5
5549,67.318803424,4.856476,30,v4,88000000ffffffffffffa8dd9f4dc5b5
5550,67.324854585,6.051161,30,v4,88000000ffffffffffffa8dd9f4dc5b5
5551,67.330553015,5.698430,30,v4,88000000ffffffffffffa8dd9f4dc5b5
5552,67.335087168,4.534153,30,v4,88000000ffffffffffffa8dd9f4dc5b5
5553,67.339936610,4.849442,30,v4,88000000ffffffffffffa8dd9f4dc5b5
5554,67.345130478,5.193868,30,v4,88000000ffffffffffffa8dd9f4dc5b5
5555,67.350216458,5.085980,30,v4,88000000ffffffffffffa8dd9f4dc5b5
5556,67.355430869,5.214411,30,v4,88000000ffffffffffffa8dd9f4dc5b5
5557,67.360480322,5.049453,30,v4,88000000ffffffffffffa8dd9f4dc5b5
5558,67.368633042,8.152720,30,v4,88000000ffffffffffffa8dd9f4dc5b5
5559,67.372702675,4.069633,30,v4,88000000ffffffffffffa8dd9f4dc5b5
5560,67.377723092,5.020417,30,v4,88000000ffffffffffffa8dd9f4dc5b5
5561,67.382764061,5.040969,30,v4,88000000ffffffffffffa8dd9f4dc5b5
5562,67.387977226,5.213165,30,v4,88000000ffffffffffffa8dd9f4dc5b5
5563,67.393032360,5.055134,30,v4,88000000ffffffffffffa8dd9f4dc5b5
5564,67.398167646,5.135286,30,v4,88000000ffffffffffffa8dd9f4dc5b5
5565,67.403094878,4.927232,30,v4,88000000ffffffffffffa8dd9f4dc5b5
5566,67.409122201,6.027323,30,v4,88000000ffffffffffffa8dd9f4dc5b5
5567,67.414255119,5.132918,30,v4,88000000ffffffffffffa8dd9f4dc5b5
5568,67.419447640,5.192521,30,v4,88000000ffffffffffffa8dd9f4dc5b5
5569,67.424673084,5.225444,30,v4,88000000ffffffffffffa8dd9f4dc5b5
5570,67.429493882,4.820798,30,v4,88000000ffffffffffffa8dd9f4dc5b5
5571,67.434589910,5.096028,30,v4,88000000ffffffffffffa8dd9f4dc5b5
5572,67.439681192,5.091282,30,v4,88000000ffffffffffffa8dd9f4dc5b5
5573,67.444789639,5.108447,30,v4,88000000ffffffffffffa8dd9f4dc5b5
5574,67.450886656,6.097017,30,v4,88000000ffffffffffffa8dd9f4dc5b5
5575,67.455781812,4.895156,30,v4,88000000ffffffffffffa8dd9f4dc5b5
5576,67.462822568,7.040756,30,v4,88000000ffffffffffffa8dd9f4dc5b5
5577,67.467946277,5.123709,30,v4,88000000ffffffffffffa8dd9f4dc5b5
5578,67.471200929,3.254652,30,v4,88000000ffffffffffffa8dd9f4dc5b5
5579,67.476145278,4.944349,30,v4,88000000ffffffffffffa8dd9f4dc5b5
5580,67.481492731,5.347453,30,v4,88000000ffffffffffffa8dd9f4dc5b5
5581,67.486862104,5.369373,30,v4,88000000ffffffffffffa8dd9f4dc5b5
5582,67.492614128,5.752024,30,v4,88000000ffffffffffffa8dd9f4dc5b5
5583,67.498769089,6.154961,30,v4,88000000ffffffffffffa8dd9f4dc5b5
5584,67.503771762,5.002673,30,v4,88000000ffffffffffffa8dd9f4dc5b5
5585,67.508841994,5.070232,30,v4,88000000ffffffffffffa8dd9f4dc5b5
5586,67.513834162,4.992168,30,v4,88000000ffffffffffffa8dd9f4dc5b5
5587,67.518871142,5.036980,30,v4,88000000ffffffffffffa8dd9f4dc5b5
5588,67.523878357,5.007215,30,v4,88000000ffffffffffffa8dd9f4dc5b5
5589,67.529093332,5.214975,30,v4,88000000ffffffffffffa8dd9f4dc5b5
5590,67.535194736,6.101404,30,v4,88000000ffffffffffffa8dd9f4dc5b5
5591,67.540474295,5.279559,30,v4,88000000ffffffffffffa8dd9f4dc5b5
5592,67.545267895,4.793600,30,v4,88000000ffffffffffffa8dd9f4dc5b5
5593,67.550392001,5.124106,30,v4,88000000ffffffffffffa8dd9f4dc5b5
5594,67.555383011,4.991010,30,v4,88000000ffffffffffffa8dd9f4dc5b5
5595,67.561602733,6.219722,30,v4,88000000ffffffffffffa8dd9f4dc5b5
5596,67.566673822,5.071089,30,v4,88000000ffffffffffffa8dd9f4dc5b5
5597,67.571784334,5.110512,30,v4,88000000ffffffffffffa8dd9f4dc5b5
5598,67.576791788,5.007454,30,v4,88000000ffffffffffffa8dd9f4dc5b5
5599,67.581913001,5.121213,30,v4,88000000ffffffffffffa8dd9f4dc5b5
5600,67.586920924,5.007923,30,v4,88000000ffffffffffffa8dd9f4dc5b5
5601,67.592011424,5.090500,30,v4,88000000ffffffffffffa8dd9f4dc5b5
5602,67.599231480,7.220056,30,v4,88000000ffffffffffffa8dd9f4dc5b5
5603,67.603261711,4.030231,30,v4,88000000ffffffffffffa8dd9f4dc5b5
5604,67.608269855,5.008144,30,v4,88000000ffffffffffffa8dd9f4dc5b5
5605,67.613461250,5.191395,30,v4,88000000ffffffffffffa8dd9f4dc5b5
5606,67.950764945,337.303695,30,v4,88000000ffffffffffffa8dd9f4dc5b5
5607,67.955871911,5.106966,30,v4,88000000ffffffffffffa8dd9f4dc5b5
5608,67.962804973,6.933062,30,v4,88000000ffffffffffffa8dd9f4dc5b5
5609,67.965966382,3.161409,30,v4,88000000ffffffffffffa8dd9f4dc5b5
5610,67.971059395,5.093013,30,v4,88000000ffffffffffffa8dd9f4dc5b5
5611,67.976106324,5.046929,30,v4,88000000ffffffffffffa8dd9f4dc5b5
5612,67.982986766,6.880442,30,v4,88000000ffffffffffffa8dd9f4dc5b5
5613,67.987813040,4.826274,30,v4,88000000ffffffffffffa8dd9f4dc5b5
5614,67.991499110,3.686070,30,v4,88000000ffffffffffffa8dd9f4dc5b5
5615,67.997363568,5.864458,30,v4,88000000ffffffffffffa8dd9f4dc5b5
5616,68.001673068,4.309500,30,v4,88000000ffffffffffffa8dd9f4dc5b5
5617,68.006510600,4.837532,30,v4,88000000ffffffffffffa8dd9f4dc5b5
5618,68.011849830,5.339230,30,v4,88000000ffffffffffffa8dd9f4dc5b5
5619,68.017915509,6.065679,30,v4,88000000ffffffffffffa8dd9f4dc5b5
5620,68.022967342,5.051833,30,v4,88000000ffffffffffffa8dd9f4dc5b5
5621,68.029011464,6.044122,30,v4,88000000ffffffffffffa8dd9f4dc5b5
5622,68.033304966,4.293502,30,v4,88000000ffffffffffffa8dd9f4dc5b5
5623,68.039171662,5.866696,30,v4,88000000ffffffffffffa8dd9f4dc5b5
5624,68.044093053,4.921391,30,v4,88000000ffffffffffffa8dd9f4dc5b5
5625,68.049464495,5.371442,30,v4,88000000ffffffffffffa8dd9f4dc5b5
5626,68.054640372,5.175877,30,v4,88000000ffffffffffffa8dd9f4dc5b5
5627,68.059508010,4.867638,30,v4,88000000ffffffffffffa8dd9f4dc5b5
5628,68.064502962,4.994952,30,v4,88000000ffffffffffffa8dd9f4dc5b5
5629,68.069593298,5.090336,30,v4,88000000ffffffffffffa8dd9f4dc5b5
5630,68.074724782,5.131484,30,v4,88000000ffffffffffffa8dd9f4dc5b5
5631,68.079745934,5.021152,30,v4,88000000ffffffffffffa8dd9f4dc5b5
5632,68.084956946,5.211012,30,v4,88000000ffffffffffffa8dd9f4dc5b5
5633,68.090017015,5.060069,30,v4,88000000ffffffffffffa8dd9f4dc5b5
5634,68.094934315,4.917300,30,v4,88000000ffffffffffffa8dd9f4dc5b5
5635,68.100051660,5.117345,30,v4,88000000ffffffffffffa8dd9f4dc5b5
5636,68.105141947,5.090287,30,v4,88000000ffffffffffffa8dd9f4dc5b5
5637,68.110534763,5.392816,30,v4,88000000ffffffffffffa8dd9f4dc5b5
5638,68.115312974,4.778211,30,v4,88000000ffffffffffffa8dd9f4dc5b5
5639,68.120387867,5.074893,30,v4,88000000ffffffffffffa8dd9f4dc5b5
5640,68.126241703,5.853836,30,v4,88000000ffffffffffffa8dd9f4dc5b5
5641,68.131013966,4.772263,30,v4,88000000ffffffffffffa8dd9f4dc5b5
5642,68.135621139,4.607173,30,v4,88000000ffffffffffffa8dd9f4dc5b5
5643,68.140667446,5.046307,30,v4,88000000ffffffffffffa8dd9f4dc5b5
5644,68.146685065,6.017619,30,v4,88000000ffffffffffffa8dd9f4dc5b5
5645,68.151868460,5.183395,30,v4,88000000ffffffffffffa8dd9f4dc5b5
5646,68.156885595,5.017135,30,v4,88000000ffffffffffffa8dd9f4dc5b5
5647,68.162048537,5.162942,30,v4,88000000ffffffffffffa8dd9f4dc5b5
5648,68.167263790,5.215253,30,v4,88000000ffffffffffffa8dd9f4dc5b5
5649,68.172256796,4.993006,30,v4,88000000ffffffffffffa8dd9f4dc5b5
5650,68.178268743,6.011947,30,v4,88000000ffffffffffffa8dd9f4dc5b5
5651,68.182328127,4.059384,30,v4,88000000ffffffffffffa8dd9f4dc5b5
5652,68.188360567,6.032440,30,v4,88000000ffffffffffffa8dd9f4dc5b5
5653,68.193558922,5.198355,30,v4,88000000ffffffffffffa8dd9f4dc5b5
5654,68.198815766,5.256844,30,v4,88000000ffffffffffffa8dd9f4dc5b5
5655,68.203656553,4.840787,30,v4,88000000ffffffffffffa8dd9f4dc5b5
5656,68.208831201,5.174648,30,v4,88000000ffffffffffffa8dd9f4dc5b5
5657,68.213859882,5.028681,30,v4,88000000ffffffffffffa8dd9f4dc5b5
5658,68.218990052,5.130170,30,v4,88000000ffffffffffffa8dd9f4dc5b5
5659,68.224111268,5.121216,30,v4,88000000ffffffffffffa8dd9f4dc5b5
5660,68.229102921,4.991653,30,v4,88000000ffffffffffffa8dd9f4dc5b5
5661,68.234347002,5.244081,30,v4,88000000ffffffffffffa8dd9f4dc5b5
5662,68.239393668,5.046666,30,v4,88000000ffffffffffffa8dd9f4dc5b5
5663,68.244430823,5.037155,30,v4,88000000ffffffffffffa8dd9f4dc5b5
5664,68.249475721,5.044898,30,v4,88000000ffffffffffffa8dd9f4dc5b5
5665,68.254386988,4.911267,30,v4,88000000ffffffffffffa8dd9f4dc5b5
5666,68.259461898,5.074910,30,v4,88000000ffffffffffffa8dd9f4dc5b5
5667,68.264594670,5.132772,30,v4,88000000ffffffffffffa8dd9f4dc5b5
5668,68.269741565,5.146895,30,v4,88000000ffffffffffffa8dd9f4dc5b5
5669,68.275726760,5.985195,30,v4,88000000ffffffffffffa8dd9f4dc5b5
5670,68.280877327,5.150567,30,v4,88000000ffffffffffffa8dd9f4dc5b5
5671,68.285880335,5.003008,30,v4,88000000ffffffffffffa8dd9f4dc5b5
5672,68.290989392,5.109057,30,v4,88000000ffffffffffffa8dd9f4dc5b5
5673,68.296028544,5.039152,30,v4,88000000ffffffffffffa8dd9f4dc5b5
5674,68.301299906,5.271362,30,v4,88000000ffffffffffffa8dd9f4dc5b5
5675,68.306457951,5.158045,30,v4,88000000ffffffffffffa8dd9f4dc5b5
5676,68.311551419,5.093468,30,v4,88000000ffffffffffffa8dd9f4dc5b5
5677,68.316597144,5.045725,30,v4,88000000ffffffffffffa8dd9f4dc5b5
5678,68.321671903,5.074759,30,v4,88000000ffffffffffffa8dd9f4dc5b5
5679,68.326728409,5.056506,30,v4,88000000ffffffffffffa8dd9f4dc5b5
5680,68.331623959,4.895550,30,v4,88000000ffffffffffffa8dd9f4dc5b5
5681,68.336844044,5.220085,30,v4,88000000ffffffffffffa8dd9f4dc5b5
5682,68.343152556,6.308512,30,v4,88000000ffffffffffffa8dd9f4dc5b5
5683,68.346861551,3.708995,30,v4,88000000ffffffffffffa8dd9f4dc5b5
5684,68.353000781,6.139230,30,v4,88000000ffffffffffffa8dd9f4dc5b5
5685,68.358344171,5.343390,30,v4,88000000ffffffffffffa8dd9f4dc5b5
5686,68.364551419,6.207248,30,v4,88000000ffffffffffffa8dd9f4dc5b5
5687,68.368294593,3.743174,30,v4,88000000ffffffffffffa8dd9f4dc5b5
5688,68.373683215,5.388622,30,v4,88000000ffffffffffffa8dd9f4dc5b5
5689,68.378530334,4.847119,30,v4,88000000ffffffffffffa8dd9f4dc5b5
5690,68.383578569,5.048235,30,v4,88000000ffffffffffffa8dd9f4dc5b5
5691,68.388515418,4.936849,30,v4,88000000ffffffffffffa8dd9f4dc5b5
5692,68.393739482,5.224064,30,v4,88000000ffffffffffffa8dd9f4dc5b5
5693,68.398852391,5.112909,30,v4,88000000ffffffffffffa8dd9f4dc5b5
5694,68.403727299,4.874908,30,v4,88000000ffffffffffffa8dd9f4dc5b5
5695,68.409909414,6.182115,30,v4,88000000ffffffffffffa8dd9f4dc5b5
5696,68.415141718,5.232304,30,v4,88000000ffffffffffffa8dd9f4dc5b5
5697,68.420125511,4.983793,30,v4,88000000ffffffffffffa8dd9f4dc5b5
5698,68.426188423,6.062912,30,v4,88000000ffffffffffffa8dd9f4dc5b5
5699,68.430327786,4.139363,30,v4,88000000ffffffffffffa8dd9f4dc5b5
5700,68.435344997,5.017211,30,v4,88000000ffffffffffffa8dd9f4dc5b5
5701,68.440305036,4.960039,30,v4,88000000ffffffffffffa8dd9f4dc5b5
5702,68.445405592,5.100556,30,v4,88000000ffffffffffffa8dd9f4dc5b5
5703,68.450453647,5.048055,30,v4,88000000ffffffffffffa8dd9f4dc5b5
5704,68.455697125,5.243478,30,v4,88000000ffffffffffffa8dd9f4dc5b5
5705,68.461701974,6.004849,30,v4,88000000ffffffffffffa8dd9f4dc5b5
5706,68.804156377,342.454403,30,v4,88000000ffffffffffffa8dd9f4dc5b5
5707,68.808460946,4.304569,30,v4,88000000ffffffffffffa8dd9f4dc5b5
5708,68.813314693,4.853747,30,v4,88000000ffffffffffffa8dd9f4dc5b5
5709,68.818583606,5.268913,30,v4,88000000ffffffffffffa8dd9f4dc5b5
5710,68.823388420,4.804814,30,v4,88000000ffffffffffffa8dd9f4dc5b5
5711,68.828553722,5.165302,30,v4,88000000ffffffffffffa8dd9f4dc5b5
5712,68.833542189,4.988467,30,v4,88000000ffffffffffffa8dd9f4dc5b5
5713,68.838549254,5.007065,30,v4,88000000ffffffffffffa8dd9f4dc5b5
5714,68.843780214,5.230960,30,v4,88000000ffffffffffffa8dd9f4dc5b5
5715,68.848772487,4.992273,30,v4,88000000ffffffffffffa8dd9f4dc5b5
5716,68.853921279,5.148792,30,v4,88000000ffffffffffffa8dd9f4dc5b5
5717,68.858979892,5.058613,30,v4,88000000ffffffffffffa8dd9f4dc5b5
5718,68.863935587,4.955695,30,v4,88000000ffffffffffffa8dd9f4dc5b5
5719,68.870931297,6.995710,30,v4,88000000ffffffffffffa8dd9f4dc5b5
5720,68.874153307,3.222010,30,v4,88000000ffffffffffffa8dd9f4dc5b5
5721,68.879528339,5.375032,30,v4,88000000ffffffffffffa8dd9f4dc5b5
5722,68.884351428,4.823089,30,v4,88000000ffffffffffffa8dd9f4dc5b5
5723,68.888744150,4.392722,30,v4,88000000ffffffffffffa8dd9f4dc5b5
5724,68.893805174,5.061024,30,v4,88000000ffffffffffffa8dd9f4dc5b5
5725,68.900503134,6.697960,30,v4,88000000ffffffffffffa8dd9f4dc5b5
5726,68.903989509,3.486375,30,v4,88000000ffffffffffffa8dd9f4dc5b5
5727,68.908987655,4.998146,30,v4,88000000ffffffffffffa8dd9f4dc5b5
5728,68.913854644,4.866989,30,v4,88000000ffffffffffffa8dd9f4dc5b5
5729,68.918844529,4.989885,30,v4,88000000ffffffffffffa8dd9f4dc5b5
5730,68.923947299,5.102770,30,v4,88000000ffffffffffffa8dd9f4dc5b5
5731,68.930110897,6.163598,30,v4,88000000ffffffffffffa8dd9f4dc5b5
5732,68.935124506,5.013609,30,v4,88000000ffffffffffffa8dd9f4dc5b5
5733,68.940540547,5.416041,30,v4,88000000ffffffffffffa8dd9f4dc5b5
5734,68.945496041,4.955494,30,v4,88000000ffffffffffffa8dd9f4dc5b5
5735,68.950862748,5.366707,30,v4,88000000ffffffffffffa8dd9f4dc5b5
5736,68.955522089,4.659341,30,v4,88000000ffffffffffffa8dd9f4dc5b5
5737,68.960599478,5.077389,30,v4,88000000ffffffffffffa8dd9f4dc5b5
5738,68.965632852,5.033374,30,v4,88000000ffffffffffffa8dd9f4dc5b5
5739,68.970702568,5.069716,30,v4,88000000ffffffffffffa8dd9f4dc5b5
5740,68.975861301,5.158733,30,v4,88000000ffffffffffffa8dd9f4dc5b5
5741,68.981010665,5.149364,30,v4,88000000ffffffffffffa8dd9f4dc5b5
5742,68.985250647,4.239982,30,v4,88000000ffffffffffffa8dd9f4dc5b5
5743,68.991120825,5.870178,30,v4,88000000ffffffffffffa8dd9f4dc5b5
5744,68.997673045,6.552220,30,v4,88000000ffffffffffffa8dd9f4dc5b5
5745,69.000319127,2.646082,30,v4,88000000ffffffffffffa8dd9f4dc5b5
5746,69.005740914,5.421787,30,v4,88000000ffffffffffffa8dd9f4dc5b5
5747,69.010297088,4.556174,30,v4,88000000ffffffffffffa8dd9f4dc5b5
5748,69.015593532,5.296444,30,v4,88000000ffffffffffffa8dd9f4dc5b5
5749,69.020561748,4.968216,30,v4,88000000ffffffffffffa8dd9f4dc5b5
5750,69.025649588,5.087840,30,v4,88000000ffffffffffffa8dd9f4dc5b5
5751,69.030630855,4.981267,30,v4,88000000ffffffffffffa8dd9f4dc5b5
5752,69.035791361,5.160506,30,v4,88000000ffffffffffffa8dd9f4dc5b5
5753,69.040919401,5.128040,30,v4,88000000ffffffffffffa8dd9f4dc5b5
5754,69.045890936,4.971535,30,v4,88000000ffffffffffffa8dd9f4dc5b5
5755,69.051183930,5.292994,30,v4,88000000ffffffffffffa8dd9f4dc5b5
5756,69.057311249,6.127319,30,v4,88000000ffffffffffffa8dd9f4dc5b5
5757,69.062184369,4.873120,30,v4,88000000ffffffffffffa8dd9f4dc5b5
5758,69.067387648,5.203279,30,v4,88000000ffffffffffffa8dd9f4dc5b5
5759,69.072330064,4.942416,30,v4,88000000ffffffffffffa8dd9f4dc5b5
5760,69.076589339,4.259275,30,v4,88000000ffffffffffffa8dd9f4dc5b5
5761,69.081501887,4.912548,30,v4,88000000ffffffffffffa8dd9f4dc5b5
5762,69.086637892,5.136005,30,v4,88000000ffffffffffffa8dd9f4dc5b5
5763,69.091651047,5.013155,30,v4,88000000ffffffffffffa8dd9f4dc5b5
5764,69.096792494,5.141447,30,v4,88000000ffffffffffffa8dd9f4dc5b5
5765,69.103554382,6.761888,30,v4,88000000ffffffffffffa8dd9f4dc5b5
5766,69.107547619,3.993237,30,v4,88000000ffffffffffffa8dd9f4dc5b5
5767,69.112011228,4.463609,30,v4,88000000ffffffffffffa8dd9f4dc5b5
5768,69.117365744,5.354516,30,v4,88000000ffffffffffffa8dd9f4dc5b5
5769,69.122192445,4.826701,30,v4,88000000ffffffffffffa8dd9f4dc5b5
5770,69.127384049,5.191604,30,v4,88000000ffffffffffffa8dd9f4dc5b5
5771,69.132455439,5.071390,30,v4,88000000ffffffffffffa8dd9f4dc5b5
5772,69.137654748,5.199309,30,v4,88000000ffffffffffffa8dd9f4dc5b5
5773,69.141611145,3.956397,30,v4,88000000ffffffffffffa8dd9f4dc5b5
5774,69.147860264,6.249119,30,v4,88000000ffffffffffffa8dd9f4dc5b5
5775,69.152562147,4.701883,30,v4,88000000ffffffffffffa8dd9f4dc5b5
5776,69.156800541,4.238394,30,v4,88000000ffffffffffffa8dd9f4dc5b5
5777,69.161798059,4.997518,30,v4,88000000ffffffffffffa8dd9f4dc5b5
5778,69.166836659,5.038600,30,v4,88000000ffffffffffffa8dd9f4dc5b5
5779,69.172225833,5.389174,30,v4,88000000ffffffffffffa8dd9f4dc5b5
5780,69.177225033,4.999200,30,v4,88000000ffffffffffffa8dd9f4dc5b5
5781,69.182314222,5.089189,30,v4,88000000ffffffffffffa8dd9f4dc5b5
5782,69.188124097,5.809875,30,v4,88000000ffffffffffffa8dd9f4dc5b5
5783,69.193233028,5.108931,30,v4,88000000ffffffffffffa8dd9f4dc5b5
5784,69.198407813,5.174785,30,v4,88000000ffffffffffffa8dd9f4dc5b5
5785,69.203333027,4.925214,30,v4,88000000ffffffffffffa8dd9f4dc5b5
5786,69.208467090,5.134063,30,v4,88000000ffffffffffffa8dd9f4dc5b5
5787,69.213483305,5.016215,30,v4,88000000ffffffffffffa8dd9f4dc5b5
5788,69.218922099,5.438794,30,v4,88000000ffffffffffffa8dd9f4dc5b5
5789,69.222690910,3.768811,30,v4,88000000ffffffffffffa8dd9f4dc5b5
5790,69.227778024,5.087114,30,v4,88000000ffffffffffffa8dd9f4dc5b5
5791,69.233793910,6.015886,30,v4,88000000ffffffffffffa8dd9f4dc5b5
5792,69.238076656,4.282746,30,v4,88000000ffffffffffffa8dd9f4dc5b5
5793,69.242894412,4.817756,30,v4,88000000ffffffffffffa8dd9f4dc5b5
5794,69.248104273,5.209861,30,v4,88000000ffffffffffffa8dd9f4dc5b5
5795,69.253213909,5.109636,30,v4,88000000ffffffffffffa8dd9f4dc5b5
5796,69.258598402,5.384493,30,v4,88000000ffffffffffffa8dd9f4dc5b5
5797,69.263343226,4.744824,30,v4,88000000ffffffffffffa8dd9f4dc5b5
5798,69.268568565,5.225339,30,v4,88000000ffffffffffffa8dd9f4dc5b5
5799,69.273476496,4.907931,30,v4,88000000ffffffffffffa8dd9f4dc5b5
5800,69.278582513,5.106017,30,v4,88000000ffffffffffffa8dd9f4dc5b5
5801,69.283537838,4.955325,30,v4,88000000ffffffffffffa8dd9f4dc5b5
5802,69.288728120,5.190282,30,v4,88000000ffffffffffffa8dd9f4dc5b5
5803,69.294010486,5.282366,30,v4,88000000ffffffffffffa8dd9f4dc5b5
5804,69.299153418,5.142932,30,v4,88000000ffffffffffffa8dd9f4dc5b5
5805,69.303932708,4.779290,30,v4,88000000ffffffffffffa8dd9f4dc5b5
5806,69.641505350,337.572642,30,v4,88000000ffffffffffffa8dd9f4dc5b5
5807,69.646401156,4.895806,30,v4,88000000ffffffffffffa8dd9f4dc5b5
5808,69.650641575,4.240419,30,v4,88000000ffffffffffffa8dd9f4dc5b5
5809,69.655578931,4.937356,30,v4,88000000ffffffffffffa8dd9f4dc5b5
5810,69.660578524,4.999593,30,v4,88000000ffffffffffffa8dd9f4dc5b5
5811,69.665664481,5.085957,30,v4,88000000ffffffffffffa8dd9f4dc5b5
5812,69.670816086,5.151605,30,v4,88000000ffffffffffffa8dd9f4dc5b5
5813,69.675127952,4.311866,30,v4,88000000ffffffffffffa8dd9f4dc5b5
5814,69.680127131,4.999179,30,v4,88000000ffffffffffffa8dd9f4dc5b5
5815,69.685073293,4.946162,30,v4,88000000ffffffffffffa8dd9f4dc5b5
5816,69.690401798,5.328505,30,v4,88000000ffffffffffffa8dd9f4dc5b5
5817,69.695298214,4.896416,30,v4,88000000ffffffffffffa8dd9f4dc5b5
5818,69.700227149,4.928935,30,v4,88000000ffffffffffffa8dd9f4dc5b5
5819,69.706418502,6.191353,30,v4,88000000ffffffffffffa8dd9f4dc5b5
5820,69.710346001,3.927499,30,v4,88000000ffffffffffffa8dd9f4dc5b5
5821,69.715346488,5.000487,30,v4,88000000ffffffffffffa8dd9f4dc5b5
5822,69.720700577,5.354089,30,v4,88000000ffffffffffffa8dd9f4dc5b5
5823,69.725657060,4.956483,30,v4,88000000ffffffffffffa8dd9f4dc5b5
5824,69.730860612,5.203552,30,v4,88000000ffffffffffffa8dd9f4dc5b5
5825,69.735904377,5.043765,30,v4,88000000ffffffffffffa8dd9f4dc5b5
5826,69.740887831,4.983454,30,v4,88000000ffffffffffffa8dd9f4dc5b5
5827,69.744957985,4.070154,30,v4,88000000ffffffffffffa8dd9f4dc5b5
5828,69.750145855,5.187870,30,v4,88000000ffffffffffffa8dd9f4dc5b5
5829,69.755169314,5.023459,30,v4,88000000ffffffffffffa8dd9f4dc5b5
5830,69.760279036,5.109722,30,v4,88000000ffffffffffffa8dd9f4dc5b5
5831,69.765242948,4.963912,30,v4,88000000ffffffffffffa8dd9f4dc5b5
5832,69.770453851,5.210903,30,v4,88000000ffffffffffffa8dd9f4dc5b5
5833,69.774458362,4.004511,30,v4,88000000ffffffffffffa8dd9f4dc5b5
5834,69.779451338,4.992976,30,v4,88000000ffffffffffffa8dd9f4dc5b5
5835,69.784715985,5.264647,30,v4,88000000ffffffffffffa8dd9f4dc5b5
5836,69.789543940,4.827955,30,v4,88000000ffffffffffffa8dd9f4dc5b5
5837,69.794652609,5.108669,30,v4,88000000ffffffffffffa8dd9f4dc5b5
5838,69.799870256,5.217647,30,v4,88000000ffffffffffffa8dd9f4dc5b5
5839,69.803943696,4.073440,30,v4,88000000ffffffffffffa8dd9f4dc5b5
5840,69.809040801,5.097105,30,v4,88000000ffffffffffffa8dd9f4dc5b5
5841,69.814074315,5.033514,30,v4,88000000ffffffffffffa8dd9f4dc5b5
5842,69.819038058,4.963743,30,v4,88000000ffffffffffffa8dd9f4dc5b5
5843,69.824074109,5.036051,30,v4,88000000ffffffffffffa8dd9f4dc5b5
5844,69.829298136,5.224027,30,v4,88000000ffffffffffffa8dd9f4dc5b5
5845,69.834519336,5.221200,30,v4,88000000ffffffffffffa8dd9f4dc5b5
5846,69.840488658,5.969322,30,v4,88000000ffffffffffffa8dd9f4dc5b5
5847,69.844463495,3.974837,30,v4,88000000ffffffffffffa8dd9f4dc5b5
5848,69.849431397,4.967902,30,v4,88000000ffffffffffffa8dd9f4dc5b5
5849,69.854583016,5.151619,30,v4,88000000ffffffffffffa8dd9f4dc5b5
5850,69.859678949,5.095933,30,v4,88000000ffffffffffffa8dd9f4dc5b5
5851,69.864708511,5.029562,30,v4,88000000ffffffffffffa8dd9f4dc5b5
5852,69.869914258,5.205747,30,v4,88000000ffffffffffffa8dd9f4dc5b5
5853,69.874997251,5.082993,30,v4,88000000ffffffffffffa8dd9f4dc5b5
5854,69.879068095,4.070844,30,v4,88000000ffffffffffffa8dd9f4dc5b5
5855,69.884106074,5.037979,30,v4,88000000ffffffffffffa8dd9f4dc5b5
5856,69.889382353,5.276279,30,v4,88000000ffffffffffffa8dd9f4dc5b5
5857,69.894489710,5.107357,30,v4,88000000ffffffffffffa8dd9f4dc5b5
5858,69.899463841,4.974131,30,v4,88000000ffffffffffffa8dd9f4dc5b5
5859,69.904445300,4.981459,30,v4,88000000ffffffffffffa8dd9f4dc5b5
5860,69.909557811,5.112511,30,v4,88000000ffffffffffffa8dd9f4dc5b5
5861,69.914620252,5.062441,30,v4,88000000ffffffffffffa8dd9f4dc5b5
5862,69.920550704,5.930452,30,v4,88000000ffffffffffffa8dd9f4dc5b5
5863,69.923867978,3.317274,30,v4,88000000ffffffffffffa8dd9f4dc5b5
5864,69.928844561,4.976583,30,v4,88000000ffffffffffffa8dd9f4dc5b5
5865,69.933973997,5.129436,30,v4,88000000ffffffffffffa8dd9f4dc5b5
5866,69.939089526,5.115529,30,v4,88000000ffffffffffffa8dd9f4dc5b5
5867,69.944211178,5.121652,30,v4,88000000ffffffffffffa8dd9f4dc5b5
5868,69.948094491,3.883313,30,v4,88000000ffffffffffffa8dd9f4dc5b5
5869,69.953233136,5.138645,30,v4,88000000ffffffffffffa8dd9f4dc5b5
5870,69.959900252,6.667116,30,v4,88000000ffffffffffffa8dd9f4dc5b5
5871,69.963372329,3.472077,30,v4,88000000ffffffffffffa8dd9f4dc5b5
5872,69.971527909,8.155580,30,v4,88000000ffffffffffffa8dd9f4dc5b5
5873,69.975671056,4.143147,30,v4,88000000ffffffffffffa8dd9f4dc5b5
5874,69.979751743,4.080687,30,v4,88000000ffffffffffffa8dd9f4dc5b5
5875,69.983856208,4.104465,30,v4,88000000ffffffffffffa8dd9f4dc5b5
5876,69.989044990,5.188782,30,v4,88000000ffffffffffffa8dd9f4dc5b5
5877,69.995135750,6.090760,30,v4,88000000ffffffffffffa8dd9f4dc5b5
5878,69.999211769,4.076019,30,v4,88000000ffffffffffffa8dd9f4dc5b5
5879,70.004206387,4.994618,30,v4,88000000ffffffffffffa8dd9f4dc5b5
5880,70.009429338,5.222951,30,v4,88000000ffffffffffffa8dd9f4dc5b5
5881,70.013295560,3.866222,30,v4,88000000ffffffffffffa8dd9f4dc5b5
5882,70.018411053,5.115493,30,v4,88000000ffffffffffffa8dd9f4dc5b5
5883,70.023513351,5.102298,30,v4,88000000ffffffffffffa8dd9f4dc5b5
5884,70.028474981,4.961630,30,v4,88000000ffffffffffffa8dd9f4dc5b5
5885,70.033946833,5.471852,30,v4,88000000ffffffffffffa8dd9f4dc5b5
5886,70.038539408,4.592575,30,v4,88000000ffffffffffffa8dd9f4dc5b5
5887,70.044024657,5.485249,30,v4,88000000ffffffffffffa8dd9f4dc5b5
5888,70.047686209,3.661552,30,v4,88000000ffffffffffffa8dd9f4dc5b5
5889,70.052878618,5.192409,30,v4,88000000ffffffffffffa8dd9f4dc5b5
5890,70.059632736,6.754118,30,v4,88000000ffffffffffffa8dd9f4dc5b5
5891,70.063040741,3.408005,30,v4,88000000ffffffffffffa8dd9f4dc5b5
5892,70.068083448,5.042707,30,v4,88000000ffffffffffffa8dd9f4dc5b5
5893,70.073016595,4.933147,30,v4,88000000ffffffffffffa8dd9f4dc5b5
5894,70.077363020,4.346425,30,v4,88000000ffffffffffffa8dd9f4dc5b5
5895,70.082427214,5.064194,30,v4,88000000ffffffffffffa8dd9f4dc5b5
5896,70.087350721,4.923507,30,v4,88000000ffffffffffffa8dd9f4dc5b5
5897,70.092593664,5.242943,30,v4,88000000ffffffffffffa8dd9f4dc5b5
5898,70.098447679,5.854015,30,v4,88000000ffffffffffffa8dd9f4dc5b5
5899,70.103701152,5.253473,30,v4,88000000ffffffffffffa8dd9f4dc5b5
5900,70.107841144,4.139992,30,v4,88000000ffffffffffffa8dd9f4dc5b5
5901,70.114711084,6.869940,30,v4,88000000ffffffffffffa8dd9f4dc5b5
5902,70.118281190,3.570106,30,v4,88000000ffffffffffffa8dd9f4dc5b5
5903,70.123019217,4.738027,30,v4,88000000ffffffffffffa8dd9f4dc5b5
5904,70.128099523,5.080306,30,v4,88000000ffffffffffffa8dd9f4dc5b5
5905,70.133289709,5.190186,30,v4,88000000ffffffffffffa8dd9f4dc5b5
5906,70.474349717,341.060008,30,v4,88000000ffffffffffffa8dd9f4dc5b5
5907,70.481483992,7.134275,30,v4,88000000ffffffffffffa8dd9f4dc5b5
5908,70.485447147,3.963155,30,v4,88000000ffffffffffffa8dd9f4dc5b5
5909,70.489860471,4.413324,30,v4,88000000ffffffffffffa8dd9f4dc5b5
5910,70.494831671,4.971200,30,v4,88000000ffffffffffffa8dd9f4dc5b5
5911,70.499937190,5.105519,30,v4,88000000ffffffffffffa8dd9f4dc5b5
5912,70.504968944,5.031754,30,v4,88000000ffffffffffffa8dd9f4dc5b5
5913,70.509006643,4.037699,30,v4,88000000ffffffffffffa8dd9f4dc5b5
5914,70.513907934,4.901291,30,v4,88000000ffffffffffffa8dd9f4dc5b5
5915,70.518986149,5.078215,30,v4,88000000ffffffffffffa8dd9f4dc5b5
5916,70.524318317,5.332168,30,v4,88000000ffffffffffffa8dd9f4dc5b5
5917,70.528296348,3.978031,30,v4,88000000ffffffffffffa8dd9f4dc5b5
5918,70.533410632,5.114284,30,v4,88000000ffffffffffffa8dd9f4dc5b5
5919,70.538341528,4.930896,30,v4,88000000ffffffffffffa8dd9f4dc5b5
5920,70.543448340,5.106812,30,v4,88000000ffffffffffffa8dd9f4dc5b5
5921,70.547714192,4.265852,30,v4,88000000ffffffffffffa8dd9f4dc5b5
5922,70.552592390,4.878198,30,v4,88000000ffffffffffffa8dd9f4dc5b5
5923,70.557654865,5.062475,30,v4,88000000ffffffffffffa8dd9f4dc5b5
5924,70.564348975,6.694110,30,v4,88000000ffffffffffffa8dd9f4dc5b5
5925,70.566934591,2.585616,30,v4,88000000ffffffffffffa8dd9f4dc5b5
5926,70.573836481,6.901890,30,v4,88000000ffffffffffffa8dd9f4dc5b5
5927,70.577316957,3.480476,30,v4,88000000ffffffffffffa8dd9f4dc5b5
5928,70.581398640,4.081683,30,v4,88000000ffffffffffffa8dd9f4dc5b5
5929,70.586259503,4.860863,30,v4,88000000ffffffffffffa8dd9f4dc5b5
5930,70.591293038,5.033535,30,v4,88000000ffffffffffffa8dd9f4dc5b5
5931,70.597940893,6.647855,30,v4,88000000ffffffffffffa8dd9f4dc5b5
5932,70.600730579,2.789686,30,v4,88000000ffffffffffffa8dd9f4dc5b5
5933,70.606931193,6.200614,30,v4,88000000ffffffffffffa8dd9f4dc5b5
5934,70.610647726,3.716533,30,v4,88000000ffffffffffffa8dd9f4dc5b5
5935,70.616677870,6.030144,30,v4,88000000ffffffffffffa8dd9f4dc5b5
5936,70.621698969,5.021099,30,v4,88000000ffffffffffffa8dd9f4dc5b5
5937,70.625772166,4.073197,30,v4,88000000ffffffffffffa8dd9f4dc5b5
5938,70.630953966,5.181800,30,v4,88000000ffffffffffffa8dd9f4dc5b5
5939,70.635929030,4.975064,30,v4,88000000ffffffffffffa8dd9f4dc5b5
5940,70.641037116,5.108086,30,v4,88000000ffffffffffffa8dd9f4dc5b5
5941,70.645062631,4.025515,30,v4,88000000ffffffffffffa8dd9f4dc5b5
5942,70.650218335,5.155704,30,v4,88000000ffffffffffffa8dd9f4dc5b5
5943,70.655212175,4.993840,30,v4,88000000ffffffffffffa8dd9f4dc5b5
5944,70.660635264,5.423089,30,v4,88000000ffffffffffffa8dd9f4dc5b5
5945,70.664387433,3.752169,30,v4,88000000ffffffffffffa8dd9f4dc5b5
5946,70.670525356,6.137923,30,v4,88000000ffffffffffffa8dd9f4dc5b5
5947,70.674485786,3.960430,30,v4,88000000ffffffffffffa8dd9f4dc5b5
5948,70.679659439,5.173653,30,v4,88000000ffffffffffffa8dd9f4dc5b5
5949,70.684704760,5.045321,30,v4,88000000ffffffffffffa8dd9f4dc5b5
5950,70.689877819,5.173059,30,v4,88000000ffffffffffffa8dd9f4dc5b5
5951,70.693901454,4.023635,30,v4,88000000ffffffffffffa8dd9f4dc5b5
5952,70.698895450,4.993996,30,v4,88000000ffffffffffffa8dd9f4dc5b5
5953,70.705898750,7.003300,30,v4,88000000ffffffffffffa8dd9f4dc5b5
5954,70.709028213,3.129463,30,v4,88000000ffffffffffffa8dd9f4dc5b5
5955,70.713089594,4.061381,30,v4,88000000ffffffffffffa8dd9f4dc5b5
5956,70.718223845,5.134251,30,v4,88000000ffffffffffffa8dd9f4dc5b5
5957,70.723434374,5.210529,30,v4,88000000ffffffffffffa8dd9f4dc5b5
5958,70.728413128,4.978754,30,v4,88000000ffffffffffffa8dd9f4dc5b5
5959,70.732526933,4.113805,30,v4,88000000ffffffffffffa8dd9f4dc5b5
5960,70.737606608,5.079675,30,v4,88000000ffffffffffffa8dd9f4dc5b5
5961,70.742679357,5.072749,30,v4,88000000ffffffffffffa8dd9f4dc5b5
5962,70.748839976,6.160619,30,v4,88000000ffffffffffffa8dd9f4dc5b5
5963,70.752885582,4.045606,30,v4,88000000ffffffffffffa8dd9f4dc5b5
5964,70.757805131,4.919549,30,v4,88000000ffffffffffffa8dd9f4dc5b5
5965,70.762908115,5.102984,30,v4,88000000ffffffffffffa8dd9f4dc5b5
5966,70.768233065,5.324950,30,v4,88000000ffffffffffffa8dd9f4dc5b5
5967,70.772218367,3.985302,30,v4,88000000ffffffffffffa8dd9f4dc5b5
5968,70.777277657,5.059290,30,v4,88000000ffffffffffffa8dd9f4dc5b5
5969,70.782329924,5.052267,30,v4,88000000ffffffffffffa8dd9f4dc5b5
5970,70.787257010,4.927086,30,v4,88000000ffffffffffffa8dd9f4dc5b5
5971,70.792290949,5.033939,30,v4,88000000ffffffffffffa8dd9f4dc5b5
5972,70.796448351,4.157402,30,v4,88000000ffffffffffffa8dd9f4dc5b5
5973,70.801583631,5.135280,30,v4,88000000ffffffffffffa8dd9f4dc5b5
5974,70.806865627,5.281996,30,v4,88000000ffffffffffffa8dd9f4dc5b5
5975,70.810889088,4.023461,30,v4,88000000ffffffffffffa8dd9f4dc5b5
5976,70.817805166,6.916078,30,v4,88000000ffffffffffffa8dd9f4dc5b5
5977,70.820908157,3.102991,30,v4,88000000ffffffffffffa8dd9f4dc5b5
5978,70.826003930,5.095773,30,v4,88000000ffffffffffffa8dd9f4dc5b5
5979,70.831996350,5.992420,30,v4,88000000ffffffffffffa8dd9f4dc5b5
5980,70.836154340,4.157990,30,v4,88000000ffffffffffffa8dd9f4dc5b5
5981,70.840169348,4.015008,30,v4,88000000ffffffffffffa8dd9f4dc5b5
5982,70.845198491,5.029143,30,v4,88000000ffffffffffffa8dd9f4dc5b5
5983,70.849439358,4.240867,30,v4,88000000ffffffffffffa8dd9f4dc5b5
5984,70.855997793,6.558435,30,v4,88000000ffffffffffffa8dd9f4dc5b5
5985,70.859422123,3.424330,30,v4,88000000ffffffffffffa8dd9f4dc5b5
5986,70.864421339,4.999216,30,v4,88000000ffffffffffffa8dd9f4dc5b5
5987,70.868656107,4.234768,30,v4,88000000ffffffffffffa8dd9f4dc5b5
5988,70.875514801,6.858694,30,v4,88000000ffffffffffffa8dd9f4dc5b5
5989,70.879799388,4.284587,30,v4,88000000ffffffffffffa8dd9f4dc5b5
5990,70.885126429,5.327041,30,v4,88000000ffffffffffffa8dd9f4dc5b5
5991,70.888933349,3.806920,30,v4,88000000ffffffffffffa8dd9f4dc5b5
5992,70.894134332,5.200983,30,v4,88000000ffffffffffffa8dd9f4dc5b5
5993,70.899197086,5.062754,30,v4,88000000ffffffffffffa8dd9f4dc5b5
5994,70.904165894,4.968808,30,v4,88000000ffffffffffffa8dd9f4dc5b5
5995,70.908317805,4.151911,30,v4,88000000ffffffffffffa8dd9f4dc5b5
5996,70.913358316,5.040511,30,v4,88000000ffffffffffffa8dd9f4dc5b5
5997,70.918910417,5.552101,30,v4,88000000ffffffffffffa8dd9f4dc5b5
5998,70.923596054,4.685637,30,v4,88000000ffffffffffffa8dd9f4dc5b5
5999,70.927654123,4.058069,30,v4,88000000ffffffffffffa8dd9f4dc5b5
6000,70.932646094,4.991971,30,v4,88000000ffffffffffffa8dd9f4dc5b5
6001,70.937734629,5.088535,30,v4,88000000ffffffffffffa8dd9f4dc5b5
6002,70.942804639,5.070010,30,v4,88000000ffffffffffffa8dd9f4dc5b5
6003,70.947006059,4.201420,30,v4,88000000ffffffffffffa8dd9f4dc5b5
6004,70.952162463,5.156404,30,v4,88000000ffffffffffffa8dd9f4dc5b5
6005,70.958285071,6.122608,30,v4,88000000ffffffffffffa8dd9f4dc5b5
6006,71.305407614,347.122543,30,v4,88000000ffffffffffffa8dd9f4dc5b5
6007,71.309583521,4.175907,30,v4,88000000ffffffffffffa8dd9f4dc5b5
6008,71.314731815,5.148294,30,v4,88000000ffffffffffffa8dd9f4dc5b5
6009,71.318769037,4.037222,30,v4,88000000ffffffffffffa8dd9f4dc5b5
6010,71.323810657,5.041620,30,v4,88000000ffffffffffffa8dd9f4dc5b5
6011,71.328799532,4.988875,30,v4,88000000ffffffffffffa8dd9f4dc5b5
6012,71.334011187,5.211655,30,v4,88000000ffffffffffffa8dd9f4dc5b5
6013,71.337937238,3.926051,30,v4,88000000ffffffffffffa8dd9f4dc5b5
6014,71.343036912,5.099674,30,v4,88000000ffffffffffffa8dd9f4dc5b5
6015,71.348106127,5.069215,30,v4,88000000ffffffffffffa8dd9f4dc5b5
6016,71.353210284,5.104157,30,v4,88000000ffffffffffffa8dd9f4dc5b5
6017,71.357311009,4.100725,30,v4,88000000ffffffffffffa8dd9f4dc5b5
6018,71.362357514,5.046505,30,v4,88000000ffffffffffffa8dd9f4dc5b5
6019,71.366396885,4.039371,30,v4,88000000ffffffffffffa8dd9f4dc5b5
6020,71.371403957,5.007072,30,v4,88000000ffffffffffffa8dd9f4dc5b5
6021,71.376656553,5.252596,30,v4,88000000ffffffffffffa8dd9f4dc5b5
6022,71.380697660,4.041107,30,v4,88000000ffffffffffffa8dd9f4dc5b5
6023,71.385871020,5.173360,30,v4,88000000ffffffffffffa8dd9f4dc5b5
6024,71.390951861,5.080841,30,v4,88000000ffffffffffffa8dd9f4dc5b5
6025,71.394900645,3.948784,30,v4,88000000ffffffffffffa8dd9f4dc5b5
6026,71.401050795,6.150150,30,v4,88000000ffffffffffffa8dd9f4dc5b5
6027,71.405118421,4.067626,30,v4,88000000ffffffffffffa8dd9f4dc5b5
6028,71.410053769,4.935348,30,v4,88000000ffffffffffffa8dd9f4dc5b5
6029,71.415300314,5.246545,30,v4,88000000ffffffffffffa8dd9f4dc5b5
6030,71.419433976,4.133662,30,v4,88000000ffffffffffffa8dd9f4dc5b5
6031,71.424465014,5.031038,30,v4,88000000ffffffffffffa8dd9f4dc5b5
6032,71.429431879,4.966865,30,v4,88000000ffffffffffffa8dd9f4dc5b5
6033,71.433428232,3.996353,30,v4,88000000ffffffffffffa8dd9f4dc5b5
6034,71.438511551,5.083319,30,v4,88000000ffffffffffffa8dd9f4dc5b5
6035,71.443717809,5.206258,30,v4,88000000ffffffffffffa8dd9f4dc5b5
6036,71.447776125,4.058316,30,v4,88000000ffffffffffffa8dd9f4dc5b5
6037,71.452733258,4.957133,30,v4,88000000ffffffffffffa8dd9f4dc5b5
6038,71.456853557,4.120299,30,v4,88000000ffffffffffffa8dd9f4dc5b5
6039,71.461894720,5.041163,30,v4,88000000ffffffffffffa8dd9f4dc5b5
6040,71.467062184,5.167464,30,v4,88000000ffffffffffffa8dd9f4dc5b5
6041,71.472062544,5.000360,30,v4,88000000ffffffffffffa8dd9f4dc5b5
6042,71.476143874,4.081330,30,v4,88000000ffffffffffffa8dd9f4dc5b5
6043,71.481281811,5.137937,30,v4,88000000ffffffffffffa8dd9f4dc5b5
6044,71.485225674,3.943863,30,v4,88000000ffffffffffffa8dd9f4dc5b5
6045,71.490294286,5.068612,30,v4,88000000ffffffffffffa8dd9f4dc5b5
6046,71.495473021,5.178735,30,v4,88000000ffffffffffffa8dd9f4dc5b5
6047,71.499518738,4.045717,30,v4,88000000ffffffffffffa8dd9f4dc5b5
6048,71.504589936,5.071198,30,v4,88000000ffffffffffffa8dd9f4dc5b5
6049,71.509735538,5.145602,30,v4,88000000ffffffffffffa8dd9f4dc5b5
6050,71.513700330,3.964792,30,v4,88000000ffffffffffffa8dd9f4dc5b5
6051,71.518835454,5.135124,30,v4,88000000ffffffffffffa8dd9f4dc5b5
6052,71.523938368,5.102914,30,v4,88000000ffffffffffffa8dd9f4dc5b5
6053,71.529105449,5.167081,30,v4,88000000ffffffffffffa8dd9f4dc5b5
6054,71.534254923,5.149474,30,v4,88000000ffffffffffffa8dd9f4dc5b5
6055,71.538143872,3.888949,30,v4,88000000ffffffffffffa8dd9f4dc5b5
6056,71.543288503,5.144631,30,v4,88000000ffffffffffffa8dd9f4dc5b5
6057,71.548426430,5.137927,30,v4,88000000ffffffffffffa8dd9f4dc5b5
6058,71.552421299,3.994869,30,v4,88000000ffffffffffffa8dd9f4dc5b5
6059,71.557560201,5.138902,30,v4,88000000ffffffffffffa8dd9f4dc5b5
6060,71.562432900,4.872699,30,v4,88000000ffffffffffffa8dd9f4dc5b5
6061,71.566684416,4.251516,30,v4,88000000ffffffffffffa8dd9f4dc5b5
6062,71.571770921,5.086505,30,v4,88000000ffffffffffffa8dd9f4dc5b5
6063,71.576889322,5.118401,30,v4,88000000ffffffffffffa8dd9f4dc5b5
6064,71.581129095,4.239773,30,v4,88000000ffffffffffffa8dd9f4dc5b5
6065,71.586016461,4.887366,30,v4,88000000ffffffffffffa8dd9f4dc5b5
6066,71.591050308,5.033847,30,v4,88000000ffffffffffffa8dd9f4dc5b5
6067,71.595032232,3.981924,30,v4,88000000ffffffffffffa8dd9f4dc5b5
6068,71.600122471,5.090239,30,v4,88000000ffffffffffffa8dd9f4dc5b5
6069,71.604285786,4.163315,30,v4,88000000ffffffffffffa8dd9f4dc5b5
6070,71.609350174,5.064388,30,v4,88000000ffffffffffffa8dd9f4dc5b5
6071,71.614380788,5.030614,30,v4,88000000ffffffffffffa8dd9f4dc5b5
6072,71.618572250,4.191462,30,v4,88000000ffffffffffffa8dd9f4dc5b5
6073,71.623465328,4.893078,30,v4,88000000ffffffffffffa8dd9f4dc5b5
6074,71.628558980,5.093652,30,v4,88000000ffffffffffffa8dd9f4dc5b5
6075,71.632764850,4.205870,30,v4,88000000ffffffffffffa8dd9f4dc5b5
6076,71.637642032,4.877182,30,v4,88000000ffffffffffffa8dd9f4dc5b5
6077,71.642766530,5.124498,30,v4,88000000ffffffffffffa8dd9f4dc5b5
6078,71.646786446,4.019916,30,v4,88000000ffffffffffffa8dd9f4dc5b5
6079,71.651885796,5.099350,30,v4,88000000ffffffffffffa8dd9f4dc5b5
6080,71.657007683,5.121887,30,v4,88000000ffffffffffffa8dd9f4dc5b5
6081,71.662077527,5.069844,30,v4,88000000ffffffffffffa8dd9f4dc5b5
6082,71.667135692,5.058165,30,v4,88000000ffffffffffffa8dd9f4dc5b5
6083,71.672232933,5.097241,30,v4,88000000ffffffffffffa8dd9f4dc5b5
6084,71.676187730,3.954797,30,v4,88000000ffffffffffffa8dd9f4dc5b5
6085,71.694537732,18.350002,30,v4,88000000ffffffffffffa8dd9f4dc5b5
6086,71.699725842,5.188110,30,v4,88000000ffffffffffffa8dd9f4dc5b5
6087,71.704852271,5.126429,30,v4,88000000ffffffffffffa8dd9f4dc5b5
6088,71.708951355,4.099084,30,v4,88000000ffffffffffffa8dd9f4dc5b5
6089,71.722234166,13.282811,99,v4,1c000000aadd9f4dc5b568e9ff030000
6090,71.725221260,2.987094,30,v4,88000000ffffffffffffa8dd9f4dc5b5
6091,71.730177889,4.956629,30,v4,88000000ffffffffffffa8dd9f4dc5b5
6092,71.735255547,5.077658,30,v4,88000000ffffffffffffa8dd9f4dc5b5
6093,71.739401770,4.146223,30,v4,88000000ffffffffffffa8dd9f4dc5b5
6094,71.744495250,5.093480,30,v4,88000000ffffffffffffa8dd9f4dc5b5
6095,71.748414693,3.919443,30,v4,88000000ffffffffffffa8dd9f4dc5b5
6096,71.753513441,5.098748,30,v4,88000000ffffffffffffa8dd9f4dc5b5
6097,71.758547100,5.033659,30,v4,88000000ffffffffffffa8dd9f4dc5b5
6098,71.763698757,5.151657,30,v4,88000000ffffffffffffa8dd9f4dc5b5
6099,71.767747035,4.048278,30,v4,88000000ffffffffffffa8dd9f4dc5b5
6100,71.772960299,5.213264,30,v4,88000000ffffffffffffa8dd9f4dc5b5
6101,71.776910861,3.950562,30,v4,88000000ffffffffffffa8dd9f4dc5b5
6102,71.781973454,5.062593,30,v4,88000000ffffffffffffa8dd9f4dc5b5
6103,71.788172288,6.198834,30,v4,88000000ffffffffffffa8dd9f4dc5b5
6104,71.792164349,3.992061,30,v4,88000000ffffffffffffa8dd9f4dc5b5
6105,71.797213881,5.049532,30,v4,88000000ffffffffffffa8dd9f4dc5b5
6106,72.123351073,326.137192,30,v4,88000000ffffffffffffa8dd9f4dc5b5
6107,72.128550946,5.199873,30,v4,88000000ffffffffffffa8dd9f4dc5b5
6108,72.132825580,4.274634,30,v4,88000000ffffffffffffa8dd9f4dc5b5
6109,72.137667650,4.842070,30,v4,88000000ffffffffffffa8dd9f4dc5b5
6110,72.141839767,4.172117,30,v4,88000000ffffffffffffa8dd9f4dc5b5
6111,72.146946007,5.106240,30,v4,88000000ffffffffffffa8dd9f4dc5b5
6112,72.151894331,4.948324,30,v4,88000000ffffffffffffa8dd9f4dc5b5
6113,72.156054992,4.160661,30,v4,88000000ffffffffffffa8dd9f4dc5b5
6114,72.161140495,5.085503,30,v4,88000000ffffffffffffa8dd9f4dc5b5
6115,72.165086055,3.945560,30,v4,88000000ffffffffffffa8dd9f4dc5b5
6116,72.170401113,5.315058,30,v4,88000000ffffffffffffa8dd9f4dc5b5
6117,72.174378231,3.977118,30,v4,88000000ffffffffffffa8dd9f4dc5b5
6118,72.181599713,7.221482,30,v4,88000000ffffffffffffa8dd9f4dc5b5
6119,72.184804566,3.204853,30,v4,88000000ffffffffffffa8dd9f4dc5b5
6120,72.189689357,4.884791,30,v4,88000000ffffffffffffa8dd9f4dc5b5
6121,72.195057174,5.367817,30,v4,88000000ffffffffffffa8dd9f4dc5b5
6122,72.198648538,3.591364,30,v4,88000000ffffffffffffa8dd9f4dc5b5
6123,72.202633264,3.984726,30,v4,88000000ffffffffffffa8dd9f4dc5b5
6124,72.207660672,5.027408,30,v4,88000000ffffffffffffa8dd9f4dc5b5
6125,72.212871872,5.211200,30,v4,88000000ffffffffffffa8dd9f4dc5b5
6126,72.216874458,4.002586,30,v4,88000000ffffffffffffa8dd9f4dc5b5
6127,72.221996369,5.121911,30,v4,88000000ffffffffffffa8dd9f4dc5b5
6128,72.225969842,3.973473,30,v4,88000000ffffffffffffa8dd9f4dc5b5
6129,72.231091985,5.122143,30,v4,88000000ffffffffffffa8dd9f4dc5b5
6130,72.235121552,4.029567,30,v4,88000000ffffffffffffa8dd9f4dc5b5
6131,72.240163925,5.042373,30,v4,88000000ffffffffffffa8dd9f4dc5b5
6132,72.244350923,4.186998,30,v4,88000000ffffffffffffa8dd9f4dc5b5
6133,72.249566164,5.215241,30,v4,88000000ffffffffffffa8dd9f4dc5b5
6134,72.254577951,5.011787,30,v4,88000000ffffffffffffa8dd9f4dc5b5
6135,72.259178409,4.600458,30,v4,88000000ffffffffffffa8dd9f4dc5b5
6136,72.263699775,4.521366,30,v4,88000000ffffffffffffa8dd9f4dc5b5
6137,72.267672827,3.973052,30,v4,88000000ffffffffffffa8dd9f4dc5b5
6138,72.272765420,5.092593,30,v4,88000000ffffffffffffa8dd9f4dc5b5
6139,72.277216974,4.451554,30,v4,88000000ffffffffffffa8dd9f4dc5b5
6140,72.281957966,4.740992,30,v4,88000000ffffffffffffa8dd9f4dc5b5
6141,72.285858002,3.900036,30,v4,88000000ffffffffffffa8dd9f4dc5b5
6142,72.291189891,5.331889,30,v4,88000000ffffffffffffa8dd9f4dc5b5
6143,72.296026064,4.836173,30,v4,88000000ffffffffffffa8dd9f4dc5b5
6144,72.300199113,4.173049,30,v4,88000000ffffffffffffa8dd9f4dc5b5
6145,72.305317320,5.118207,30,v4,88000000ffffffffffffa8dd9f4dc5b5
6146,72.310276647,4.959327,30,v4,88000000ffffffffffffa8dd9f4dc5b5
6147,72.315305552,5.028905,30,v4,88000000ffffffffffffa8dd9f4dc5b5
6148,72.320562284,5.256732,30,v4,88000000ffffffffffffa8dd9f4dc5b5
6149,72.324490011,3.927727,30,v4,88000000ffffffffffffa8dd9f4dc5b5
6150,72.329474248,4.984237,30,v4,88000000ffffffffffffa8dd9f4dc5b5
6151,72.333678348,4.204100,30,v4,88000000ffffffffffffa8dd9f4dc5b5
6152,72.338728959,5.050611,30,v4,88000000ffffffffffffa8dd9f4dc5b5
6153,72.342791091,4.062132,30,v4,88000000ffffffffffffa8dd9f4dc5b5
6154,72.347946109,5.155018,30,v4,88000000ffffffffffffa8dd9f4dc5b5
6155,72.352005002,4.058893,30,v4,88000000ffffffffffffa8dd9f4dc5b5
6156,72.357160443,5.155441,30,v4,88000000ffffffffffffa8dd9f4dc5b5
6157,72.361279950,4.119507,30,v4,88000000ffffffffffffa8dd9f4dc5b5
6158,72.367419157,6.139207,30,v4,88000000ffffffffffffa8dd9f4dc5b5
6159,72.371381831,3.962674,30,v4,88000000ffffffffffffa8dd9f4dc5b5
6160,72.375403320,4.021489,30,v4,88000000ffffffffffffa8dd9f4dc5b5
6161,72.380345186,4.941866,30,v4,88000000ffffffffffffa8dd9f4dc5b5
6162,72.386226362,5.881176,30,v4,88000000ffffffffffffa8dd9f4dc5b5
6163,72.391423377,5.197015,30,v4,88000000ffffffffffffa8dd9f4dc5b5
6164,72.393714309,2.290932,30,v4,88000000ffffffffffffa8dd9f4dc5b5
6165,72.398686862,4.972553,30,v4,88000000ffffffffffffa8dd9f4dc5b5
6166,72.402875744,4.188882,30,v4,88000000ffffffffffffa8dd9f4dc5b5
6167,72.407907516,5.031772,30,v4,88000000ffffffffffffa8dd9f4dc5b5
6168,72.411835538,3.928022,30,v4,88000000ffffffffffffa8dd9f4dc5b5
6169,72.418112556,6.277018,30,v4,88000000ffffffffffffa8dd9f4dc5b5
6170,72.421082979,2.970423,30,v4,88000000ffffffffffffa8dd9f4dc5b5
6171,72.426416141,5.333162,30,v4,88000000ffffffffffffa8dd9f4dc5b5
6172,72.431163143,4.747002,30,v4,88000000ffffffffffffa8dd9f4dc5b5
6173,72.435329618,4.166475,30,v4,88000000ffffffffffffa8dd9f4dc5b5
6174,72.441617519,6.287901,30,v4,88000000ffffffffffffa8dd9f4dc5b5
6175,72.445375897,3.758378,30,v4,88000000ffffffffffffa8dd9f4dc5b5
6176,72.450414404,5.038507,30,v4,88000000ffffffffffffa8dd9f4dc5b5
6177,72.454585274,4.170870,30,v4,88000000ffffffffffffa8dd9f4dc5b5
6178,72.459638557,5.053283,30,v4,88000000ffffffffffffa8dd9f4dc5b5
6179,72.463740666,4.102109,30,v4,88000000ffffffffffffa8dd9f4dc5b5
6180,72.468748362,5.007696,30,v4,88000000ffffffffffffa8dd9f4dc5b5
6181,72.473829063,5.080701,30,v4,88000000ffffffffffffa8dd9f4dc5b5
6182,72.477899297,4.070234,30,v4,88000000ffffffffffffa8dd9f4dc5b5
6183,72.482989750,5.090453,30,v4,88000000ffffffffffffa8dd9f4dc5b5
6184,72.487083463,4.093713,30,v4,88000000ffffffffffffa8dd9f4dc5b5
6185,72.492153216,5.069753,30,v4,88000000ffffffffffffa8dd9f4dc5b5
6186,72.496191647,4.038431,30,v4,88000000ffffffffffffa8dd9f4dc5b5
6187,72.501386932,5.195285,30,v4,88000000ffffffffffffa8dd9f4dc5b5
6188,72.505314534,3.927602,30,v4,88000000ffffffffffffa8dd9f4dc5b5
6189,72.510445363,5.130829,30,v4,88000000ffffffffffffa8dd9f4dc5b5
6190,72.514546233,4.100870,30,v4,88000000ffffffffffffa8dd9f4dc5b5
6191,72.519553588,5.007355,30,v4,88000000ffffffffffffa8dd9f4dc5b5
6192,72.524660492,5.106904,30,v4,88000000ffffffffffffa8dd9f4dc5b5
6193,72.528791959,4.131467,30,v4,88000000ffffffffffffa8dd9f4dc5b5
6194,72.533822217,5.030258,30,v4,88000000ffffffffffffa8dd9f4dc5b5
6195,72.537997895,4.175678,30,v4,88000000ffffffffffffa8dd9f4dc5b5
6196,72.543073551,5.075656,30,v4,88000000ffffffffffffa8dd9f4dc5b5
6197,72.547042995,3.969444,30,v4,88000000ffffffffffffa8dd9f4dc5b5
6198,72.552244789,5.201794,30,v4,88000000ffffffffffffa8dd9f4dc5b5
6199,72.556322062,4.077273,30,v4,88000000ffffffffffffa8dd9f4dc5b5
6200,72.561316024,4.993962,30,v4,88000000ffffffffffffa8dd9f4dc5b5
6201,72.565318924,4.002900,30,v4,88000000ffffffffffffa8dd9f4dc5b5
6202,72.571530904,6.211980,30,v4,88000000ffffffffffffa8dd9f4dc5b5
6203,72.575535281,4.004377,30,v4,88000000ffffffffffffa8dd9f4dc5b5
6204,72.580610770,5.075489,30,v4,88000000ffffffffffffa8dd9f4dc5b5
6205,72.585715220,5.104450,30,v4,88000000ffffffffffffa8dd9f4dc5b5
6206,72.934040052,348.324832,30,v4,88000000ffffffffffffa8dd9f4dc5b5
6207,72.939088174,5.048122,30,v4,88000000ffffffffffffa8dd9f4dc5b5
6208,72.943534909,4.446735,30,v4,88000000ffffffffffffa8dd9f4dc5b5
6209,72.947443943,3.909034,30,v4,88000000ffffffffffffa8dd9f4dc5b5
6210,72.952604876,5.160933,30,v4,88000000ffffffffffffa8dd9f4dc5b5
6211,72.957565767,4.960891,30,v4,88000000ffffffffffffa8dd9f4dc5b5
6212,72.962705962,5.140195,30,v4,88000000ffffffffffffa8dd9f4dc5b5
6213,72.966753004,4.047042,30,v4,88000000ffffffffffffa8dd9f4dc5b5
6214,72.971732429,4.979425,30,v4,88000000ffffffffffffa8dd9f4dc5b5
6215,72.975990077,4.257648,30,v4,88000000ffffffffffffa8dd9f4dc5b5
6216,72.980948688,4.958611,30,v4,88000000ffffffffffffa8dd9f4dc5b5
6217,72.984945770,3.997082,30,v4,88000000ffffffffffffa8dd9f4dc5b5
6218,72.990143557,5.197787,30,v4,88000000ffffffffffffa8dd9f4dc5b5
6219,72.994097107,3.953550,30,v4,88000000ffffffffffffa8dd9f4dc5b5
6220,72.999224744,5.127637,30,v4,88000000ffffffffffffa8dd9f4dc5b5
6221,73.003193061,3.968317,30,v4,88000000ffffffffffffa8dd9f4dc5b5
6222,73.008328009,5.134948,30,v4,88000000ffffffffffffa8dd9f4dc5b5
6223,73.012447181,4.119172,30,v4,88000000ffffffffffffa8dd9f4dc5b5
6224,73.016505918,4.058737,30,v4,88000000ffffffffffffa8dd9f4dc5b5
6225,73.021391393,4.885475,30,v4,88000000ffffffffffffa8dd9f4dc5b5
6226,73.025649406,4.258013,30,v4,88000000ffffffffffffa8dd9f4dc5b5
6227,73.030648956,4.999550,30,v4,88000000ffffffffffffa8dd9f4dc5b5
6228,73.034740293,4.091337,30,v4,88000000ffffffffffffa8dd9f4dc5b5
6229,73.039836192,5.095899,30,v4,88000000ffffffffffffa8dd9f4dc5b5
6230,73.044091845,4.255653,30,v4,88000000ffffffffffffa8dd9f4dc5b5
6231,73.049023669,4.931824,30,v4,88000000ffffffffffffa8dd9f4dc5b5
6232,73.053944277,4.920608,30,v4,88000000ffffffffffffa8dd9f4dc5b5
6233,73.058094425,4.150148,30,v4,88000000ffffffffffffa8dd9f4dc5b5
6234,73.062119235,4.024810,30,v4,88000000ffffffffffffa8dd9f4dc5b5
6235,73.067330124,5.210889,30,v4,88000000ffffffffffffa8dd9f4dc5b5
6236,73.071352780,4.022656,30,v4,88000000ffffffffffffa8dd9f4dc5b5
6237,73.076417525,5.064745,30,v4,88000000ffffffffffffa8dd9f4dc5b5
6238,73.080578945,4.161420,30,v4,88000000ffffffffffffa8dd9f4dc5b5
6239,73.085560428,4.981483,30,v4,88000000ffffffffffffa8dd9f4dc5b5
6240,73.090608351,5.047923,30,v4,88000000ffffffffffffa8dd9f4dc5b5
6241,73.096959600,6.351249,30,v4,88000000ffffffffffffa8dd9f4dc5b5
6242,73.099837030,2.877430,30,v4,88000000ffffffffffffa8dd9f4dc5b5
6243,73.104871154,5.034124,30,v4,88000000ffffffffffffa8dd9f4dc5b5
6244,73.109022695,4.151541,30,v4,88000000ffffffffffffa8dd9f4dc5b5
6245,73.113024800,4.002105,30,v4,88000000ffffffffffffa8dd9f4dc5b5
6246,73.118027811,5.003011,30,v4,88000000ffffffffffffa8dd9f4dc5b5
6247,73.122040796,4.012985,30,v4,88000000ffffffffffffa8dd9f4dc5b5
6248,73.127159256,5.118460,30,v4,88000000ffffffffffffa8dd9f4dc5b5
6249,73.131270751,4.111495,30,v4,88000000ffffffffffffa8dd9f4dc5b5
6250,73.136371692,5.100941,30,v4,88000000ffffffffffffa8dd9f4dc5b5
6251,73.140401797,4.030105,30,v4,88000000ffffffffffffa8dd9f4dc5b5
6252,73.145482963,5.081166,30,v4,88000000ffffffffffffa8dd9f4dc5b5
6253,73.149511982,4.029019,30,v4,88000000ffffffffffffa8dd9f4dc5b5
6254,73.154565037,5.053055,30,v4,88000000ffffffffffffa8dd9f4dc5b5
6255,73.158874537,4.309500,30,v4,88000000ffffffffffffa8dd9f4dc5b5
6256,73.163752249,4.877712,30,v4,88000000ffffffffffffa8dd9f4dc5b5
6257,73.167804812,4.052563,30,v4,88000000ffffffffffffa8dd9f4dc5b5
6258,73.173077832,5.273020,30,v4,88000000ffffffffffffa8dd9f4dc5b5
6259,73.177066573,3.988741,30,v4,88000000ffffffffffffa8dd9f4dc5b5
6260,73.181193495,4.126922,30,v4,88000000ffffffffffffa8dd9f4dc5b5
6261,73.186264934,5.071439,30,v4,88000000ffffffffffffa8dd9f4dc5b5
6262,73.190521230,4.256296,30,v4,88000000ffffffffffffa8dd9f4dc5b5
6263,73.195365656,4.844426,30,v4,88000000ffffffffffffa8dd9f4dc5b5
6264,73.199307328,3.941672,30,v4,88000000ffffffffffffa8dd9f4dc5b5
6265,73.204351622,5.044294,30,v4,88000000ffffffffffffa8dd9f4dc5b5
6266,73.208497005,4.145383,30,v4,88000000ffffffffffffa8dd9f4dc5b5
6267,73.213473772,4.976767,30,v4,88000000ffffffffffffa8dd9f4dc5b5
6268,73.218545129,5.071357,30,v4,88000000ffffffffffffa8dd9f4dc5b5
6269,73.223615058,5.069929,30,v4,88000000ffffffffffffa8dd9f4dc5b5
6270,73.227897616,4.282558,30,v4,88000000ffffffffffffa8dd9f4dc5b5
6271,73.232028685,4.131069,30,v4,88000000ffffffffffffa8dd9f4dc5b5
6272,73.236959585,4.930900,30,v4,88000000ffffffffffffa8dd9f4dc5b5
6273,73.240967035,4.007450,30,v4,88000000ffffffffffffa8dd9f4dc5b5
6274,73.246142196,5.175161,30,v4,88000000ffffffffffffa8dd9f4dc5b5
6275,73.250405278,4.263082,30,v4,88000000ffffffffffffa8dd9f4dc5b5
6276,73.255403538,4.998260,30,v4,88000000ffffffffffffa8dd9f4dc5b5
6277,73.259568518,4.164980,30,v4,88000000ffffffffffffa8dd9f4dc5b5
6278,73.264320631,4.752113,30,v4,88000000ffffffffffffa8dd9f4dc5b5
6279,73.268387348,4.066717,30,v4,88000000ffffffffffffa8dd9f4dc5b5
6280,73.273309187,4.921839,30,v4,88000000ffffffffffffa8dd9f4dc5b5
6281,73.277587879,4.278692,30,v4,88000000ffffffffffffa8dd9f4dc5b5
6282,73.282562834,4.974955,30,v4,88000000ffffffffffffa8dd9f4dc5b5
6283,73.286977954,4.415120,30,v4,88000000ffffffffffffa8dd9f4dc5b5
6284,73.291838653,4.860699,30,v4,88000000ffffffffffffa8dd9f4dc5b5
6285,73.295810565,3.971912,30,v4,88000000ffffffffffffa8dd9f4dc5b5
6286,73.300143452,4.332887,30,v4,88000000ffffffffffffa8dd9f4dc5b5
6287,73.305130055,4.986603,30,v4,88000000ffffffffffffa8dd9f4dc5b5
6288,73.310050833,4.920778,30,v4,88000000ffffffffffffa8dd9f4dc5b5
6289,73.314452466,4.401633,30,v4,88000000ffffffffffffa8dd9f4dc5b5
6290,73.319466274,5.013808,30,v4,88000000ffffffffffffa8dd9f4dc5b5
6291,73.323248908,3.782634,30,v4,88000000ffffffffffffa8dd9f4dc5b5
6292,73.327264003,4.015095,30,v4,88000000ffffffffffffa8dd9f4dc5b5
6293,73.332420954,5.156951,30,v4,88000000ffffffffffffa8dd9f4dc5b5
6294,73.337446377,5.025423,30,v4,88000000ffffffffffffa8dd9f4dc5b5
6295,73.341575437,4.129060,30,v4,88000000ffffffffffffa8dd9f4dc5b5
6296,73.345785855,4.210418,30,v4,88000000ffffffffffffa8dd9f4dc5b5
6297,73.351742527,5.956672,30,v4,88000000ffffffffffffa8dd9f4dc5b5
6298,73.355891422,4.148895,30,v4,88000000ffffffffffffa8dd9f4dc5b5
6299,73.360920030,5.028608,30,v4,88000000ffffffffffffa8dd9f4dc5b5
6300,73.365263736,4.343706,30,v4,88000000ffffffffffffa8dd9f4dc5b5
6301,73.370327609,5.063873,30,v4,88000000ffffffffffffa8dd9f4dc5b5
6302,73.374166421,3.838812,30,v4,88000000ffffffffffffa8dd9f4dc5b5
6303,73.379355418,5.188997,30,v4,88000000ffffffffffffa8dd9f4dc5b5
6304,73.383258359,3.902941,30,v4,88000000ffffffffffffa8dd9f4dc5b5
6305,73.388312943,5.054584,30,v4,88000000ffffffffffffa8dd9f4dc5b5
6306,73.734907118,346.594175,30,v4,88000000ffffffffffffa8dd9f4dc5b5
6307,73.740823584,5.916466,30,v4,88000000ffffffffffffa8dd9f4dc5b5
6308,73.744987635,4.164051,30,v4,88000000ffffffffffffa8dd9f4dc5b5
6309,73.750008941,5.021306,30,v4,88000000ffffffffffffa8dd9f4dc5b5
6310,73.754014047,4.005106,30,v4,88000000ffffffffffffa8dd9f4dc5b5
6311,73.758300192,4.286145,30,v4,88000000ffffffffffffa8dd9f4dc5b5
6312,73.763180396,4.880204,30,v4,88000000ffffffffffffa8dd9f4dc5b5
6313,73.767474701,4.294305,30,v4,88000000ffffffffffffa8dd9f4dc5b5
6314,73.771609757,4.135056,30,v4,88000000ffffffffffffa8dd9f4dc5b5
6315,73.776365134,4.755377,30,v4,88000000ffffffffffffa8dd9f4dc5b5
6316,73.780449795,4.084661,30,v4,88000000ffffffffffffa8dd9f4dc5b5
6317,73.784520848,4.071053,30,v4,88000000ffffffffffffa8dd9f4dc5b5
6318,73.789501973,4.981125,30,v4,88000000ffffffffffffa8dd9f4dc5b5
6319,73.793624830,4.122857,30,v4,88000000ffffffffffffa8dd9f4dc5b5
6320,73.797759130,4.134300,30,v4,88000000ffffffffffffa8dd9f4dc5b5
6321,73.802713055,4.953925,30,v4,88000000ffffffffffffa8dd9f4dc5b5
6322,73.806790038,4.076983,30,v4,88000000ffffffffffffa8dd9f4dc5b5
6323,73.810907133,4.117095,30,v4,88000000ffffffffffffa8dd9f4dc5b5
6324,73.815970241,5.063108,30,v4,88000000ffffffffffffa8dd9f4dc5b5
6325,73.820132734,4.162493,30,v4,88000000ffffffffffffa8dd9f4dc5b5
6326,73.824088730,3.955996,30,v4,88000000ffffffffffffa8dd9f4dc5b5
6327,73.829217792,5.129062,30,v4,88000000ffffffffffffa8dd9f4dc5b5
6328,73.833547370,4.329578,30,v4,88000000ffffffffffffa8dd9f4dc5b5
6329,73.837209908,3.662538,30,v4,88000000ffffffffffffa8dd9f4dc5b5
6330,73.842322039,5.112131,30,v4,88000000ffffffffffffa8dd9f4dc5b5
6331,73.846401799,4.079760,30,v4,88000000ffffffffffffa8dd9f4dc5b5
6332,73.851495161,5.093362,30,v4,88000000ffffffffffffa8dd9f4dc5b5
6333,73.855572589,4.077428,30,v4,88000000ffffffffffffa8dd9f4dc5b5
6334,73.859647528,4.074939,30,v4,88000000ffffffffffffa8dd9f4dc5b5
6335,73.864710448,5.062920,30,v4,88000000ffffffffffffa8dd9f4dc5b5
6336,73.869997600,5.287152,30,v4,88000000ffffffffffffa8dd9f4dc5b5
6337,73.873985298,3.987698,30,v4,88000000ffffffffffffa8dd9f4dc5b5
6338,73.878973616,4.988318,30,v4,88000000ffffffffffffa8dd9f4dc5b5
6339,73.883215361,4.241745,30,v4,88000000ffffffffffffa8dd9f4dc5b5
6340,73.887142870,3.927509,30,v4,88000000ffffffffffffa8dd9f4dc5b5
6341,73.892308656,5.165786,30,v4,88000000ffffffffffffa8dd9f4dc5b5
6342,73.896361305,4.052649,30,v4,88000000ffffffffffffa8dd9f4dc5b5
6343,73.902135297,5.773992,30,v4,88000000ffffffffffffa8dd9f4dc5b5
6344,73.905370023,3.234726,30,v4,88000000ffffffffffffa8dd9f4dc5b5
6345,73.909549516,4.179493,30,v4,88000000ffffffffffffa8dd9f4dc5b5
6346,73.914584473,5.034957,30,v4,88000000ffffffffffffa8dd9f4dc5b5
6347,73.918552460,3.967987,30,v4,88000000ffffffffffffa8dd9f4dc5b5
6348,73.922837201,4.284741,30,v4,88000000ffffffffffffa8dd9f4dc5b5
6349,73.926935827,4.098626,30,v4,88000000ffffffffffffa8dd9f4dc5b5
6350,73.932188134,5.252307,30,v4,88000000ffffffffffffa8dd9f4dc5b5
6351,73.935975178,3.787044,30,v4,88000000ffffffffffffa8dd9f4dc5b5
6352,73.941125216,5.150038,30,v4,88000000ffffffffffffa8dd9f4dc5b5
6353,73.946148446,5.023230,30,v4,88000000ffffffffffffa8dd9f4dc5b5
6354,73.949192632,3.044186,30,v4,88000000ffffffffffffa8dd9f4dc5b5
6355,73.954183036,4.990404,30,v4,88000000ffffffffffffa8dd9f4dc5b5
6356,73.958236753,4.053717,30,v4,88000000ffffffffffffa8dd9f4dc5b5
6357,73.962295953,4.059200,30,v4,88000000ffffffffffffa8dd9f4dc5b5
6358,73.967534957,5.239004,30,v4,88000000ffffffffffffa8dd9f4dc5b5
6359,73.971477699,3.942742,30,v4,88000000ffffffffffffa8dd9f4dc5b5
6360,73.975498531,4.020832,30,v4,88000000ffffffffffffa8dd9f4dc5b5
6361,73.980826491,5.327960,30,v4,88000000ffffffffffffa8dd9f4dc5b5
6362,73.984722961,3.896470,30,v4,88000000ffffffffffffa8dd9f4dc5b5
6363,73.988956446,4.233485,30,v4,88000000ffffffffffffa8dd9f4dc5b5
6364,73.994026482,5.070036,30,v4,88000000ffffffffffffa8dd9f4dc5b5
6365,73.999327444,5.300962,30,v4,88000000ffffffffffffa8dd9f4dc5b5
6366,74.004092195,4.764751,30,v4,88000000ffffffffffffa8dd9f4dc5b5
6367,74.008036947,3.944752,30,v4,88000000ffffffffffffa8dd9f4dc5b5
6368,74.012099316,4.062369,30,v4,88000000ffffffffffffa8dd9f4dc5b5
6369,74.016319863,4.220547,30,v4,88000000ffffffffffffa8dd9f4dc5b5
6370,74.021469157,5.149294,30,v4,88000000ffffffffffffa8dd9f4dc5b5
6371,74.025313740,3.844583,30,v4,88000000ffffffffffffa8dd9f4dc5b5
6372,74.030540142,5.226402,30,v4,88000000ffffffffffffa8dd9f4dc5b5
6373,74.034761343,4.221201,30,v4,88000000ffffffffffffa8dd9f4dc5b5
6374,74.038544602,3.783259,30,v4,88000000ffffffffffffa8dd9f4dc5b5
6375,74.043812482,5.267880,30,v4,88000000ffffffffffffa8dd9f4dc5b5
6376,74.047769608,3.957126,30,v4,88000000ffffffffffffa8dd9f4dc5b5
6377,74.052876726,5.107118,30,v4,88000000ffffffffffffa8dd9f4dc5b5
6378,74.056912847,4.036121,30,v4,88000000ffffffffffffa8dd9f4dc5b5
6379,74.060855100,3.942253,30,v4,88000000ffffffffffffa8dd9f4dc5b5
6380,74.066022753,5.167653,30,v4,88000000ffffffffffffa8dd9f4dc5b5
6381,74.070009707,3.986954,30,v4,88000000ffffffffffffa8dd9f4dc5b5
6382,74.074042741,4.033034,30,v4,88000000ffffffffffffa8dd9f4dc5b5
6383,74.079098216,5.055475,30,v4,88000000ffffffffffffa8dd9f4dc5b5
6384,74.083201991,4.103775,30,v4,88000000ffffffffffffa8dd9f4dc5b5
6385,74.087306894,4.104903,30,v4,88000000ffffffffffffa8dd9f4dc5b5
6386,74.092329606,5.022712,30,v4,88000000ffffffffffffa8dd9f4dc5b5
6387,74.096495750,4.166144,30,v4,88000000ffffffffffffa8dd9f4dc5b5
6388,74.100451227,3.955477,30,v4,88000000ffffffffffffa8dd9f4dc5b5
6389,74.105595960,5.144733,30,v4,88000000ffffffffffffa8dd9f4dc5b5
6390,74.109565303,3.969343,30,v4,88000000ffffffffffffa8dd9f4dc5b5
6391,74.113787462,4.222159,30,v4,88000000ffffffffffffa8dd9f4dc5b5
6392,74.118768630,4.981168,30,v4,88000000ffffffffffffa8dd9f4dc5b5
6393,74.122768495,3.999865,30,v4,88000000ffffffffffffa8dd9f4dc5b5
6394,74.128975940,6.207445,30,v4,88000000ffffffffffffa8dd9f4dc5b5
6395,74.133146141,4.170201,30,v4,88000000ffffffffffffa8dd9f4dc5b5
6396,74.138247050,5.100909,30,v4,88000000ffffffffffffa8dd9f4dc5b5
6397,74.142473009,4.225959,30,v4,88000000ffffffffffffa8dd9f4dc5b5
6398,74.146330691,3.857682,30,v4,88000000ffffffffffffa8dd9f4dc5b5
6399,74.151297074,4.966383,30,v4,88000000ffffffffffffa8dd9f4dc5b5
6400,74.155564425,4.267351,30,v4,88000000ffffffffffffa8dd9f4dc5b5
6401,74.160618516,5.054091,30,v4,88000000ffffffffffffa8dd9f4dc5b5
6402,74.164475484,3.856968,30,v4,88000000ffffffffffffa8dd9f4dc5b5
6403,74.168500547,4.025063,30,v4,88000000ffffffffffffa8dd9f4dc5b5
6404,74.173561302,5.060755,30,v4,88000000ffffffffffffa8dd9f4dc5b5
6405,74.177734242,4.172940,30,v4,88000000ffffffffffffa8dd9f4dc5b5
6406,74.526412312,348.678070,30,v4,88000000ffffffffffffa8dd9f4dc5b5
6407,74.530454287,4.041975,30,v4,88000000ffffffffffffa8dd9f4dc5b5
6408,74.534441074,3.986787,30,v4,88000000ffffffffffffa8dd9f4dc5b5
6409,74.538241121,3.800047,30,v4,88000000ffffffffffffa8dd9f4dc5b5
6410,74.543504231,5.263110,30,v4,88000000ffffffffffffa8dd9f4dc5b5
6411,74.547502030,3.997799,30,v4,88000000ffffffffffffa8dd9f4dc5b5
6412,74.551622423,4.120393,30,v4,88000000ffffffffffffa8dd9f4dc5b5
6413,74.556588323,4.965900,30,v4,88000000ffffffffffffa8dd9f4dc5b5
6414,74.560686583,4.098260,30,v4,88000000ffffffffffffa8dd9f4dc5b5
6415,74.564751130,4.064547,30,v4,88000000ffffffffffffa8dd9f4dc5b5
6416,74.569117643,4.366513,30,v4,88000000ffffffffffffa8dd9f4dc5b5
6417,74.574032651,4.915008,30,v4,88000000ffffffffffffa8dd9f4dc5b5
6418,74.577935446,3.902795,30,v4,88000000ffffffffffffa8dd9f4dc5b5
6419,74.582151214,4.215768,30,v4,88000000ffffffffffffa8dd9f4dc5b5
6420,74.587217060,5.065846,30,v4,88000000ffffffffffffa8dd9f4dc5b5
6421,74.591208655,3.991595,30,v4,88000000ffffffffffffa8dd9f4dc5b5
6422,74.595484385,4.275730,30,v4,88000000ffffffffffffa8dd9f4dc5b5
6423,74.599531372,4.046987,30,v4,88000000ffffffffffffa8dd9f4dc5b5
6424,74.603521112,3.989740,30,v4,88000000ffffffffffffa8dd9f4dc5b5
6425,74.608359026,4.837914,30,v4,88000000ffffffffffffa8dd9f4dc5b5
6426,74.612477088,4.118062,30,v4,88000000ffffffffffffa8dd9f4dc5b5
6427,74.616562364,4.085276,30,v4,88000000ffffffffffffa8dd9f4dc5b5
6428,74.620621467,4.059103,30,v4,88000000ffffffffffffa8dd9f4dc5b5
6429,74.625827442,5.205975,30,v4,88000000ffffffffffffa8dd9f4dc5b5
6430,74.629842023,4.014581,30,v4,88000000ffffffffffffa8dd9f4dc5b5
6431,74.634132731,4.290708,30,v4,88000000ffffffffffffa8dd9f4dc5b5
6432,74.638031667,3.898936,30,v4,88000000ffffffffffffa8dd9f4dc5b5
6433,74.643158548,5.126881,30,v4,88000000ffffffffffffa8dd9f4dc5b5
6434,74.648172189,5.013641,30,v4,88000000ffffffffffffa8dd9f4dc5b5
6435,74.652422727,4.250538,30,v4,88000000ffffffffffffa8dd9f4dc5b5
6436,74.656535467,4.112740,30,v4,88000000ffffffffffffa8dd9f4dc5b5
6437,74.661394918,4.859451,30,v4,88000000ffffffffffffa8dd9f4dc5b5
6438,74.666372702,4.977784,30,v4,88000000ffffffffffffa8dd9f4dc5b5
6439,74.670499703,4.127001,30,v4,88000000ffffffffffffa8dd9f4dc5b5
6440,74.674627136,4.127433,30,v4,88000000ffffffffffffa8dd9f4dc5b5
6441,74.681052152,6.425016,30,v4,88000000ffffffffffffa8dd9f4dc5b5
6442,74.683729690,2.677538,30,v4,88000000ffffffffffffa8dd9f4dc5b5
6443,74.687764200,4.034510,30,v4,88000000ffffffffffffa8dd9f4dc5b5
6444,74.691782790,4.018590,30,v4,88000000ffffffffffffa8dd9f4dc5b5
6445,74.695901875,4.119085,30,v4,88000000ffffffffffffa8dd9f4dc5b5
6446,74.701106601,5.204726,30,v4,88000000ffffffffffffa8dd9f4dc5b5
6447,74.704895873,3.789272,30,v4,88000000ffffffffffffa8dd9f4dc5b5
6448,74.709161670,4.265797,30,v4,88000000ffffffffffffa8dd9f4dc5b5
6449,74.713026820,3.865150,30,v4,88000000ffffffffffffa8dd9f4dc5b5
6450,74.718338823,5.312003,30,v4,88000000ffffffffffffa8dd9f4dc5b5
6451,74.722315590,3.976767,30,v4,88000000ffffffffffffa8dd9f4dc5b5
6452,74.726341770,4.026180,30,v4,88000000ffffffffffffa8dd9f4dc5b5
6453,74.731523386,5.181616,30,v4,88000000ffffffffffffa8dd9f4dc5b5
6454,74.735499741,3.976355,30,v4,88000000ffffffffffffa8dd9f4dc5b5
6455,74.740859245,5.359504,30,v4,88000000ffffffffffffa8dd9f4dc5b5
6456,74.743594759,2.735514,30,v4,88000000ffffffffffffa8dd9f4dc5b5
6457,74.748110431,4.515672,30,v4,88000000ffffffffffffa8dd9f4dc5b5
6458,74.752801661,4.691230,30,v4,88000000ffffffffffffa8dd9f4dc5b5
6459,74.756902121,4.100460,30,v4,88000000ffffffffffffa8dd9f4dc5b5
6460,74.760917581,4.015460,30,v4,88000000ffffffffffffa8dd9f4dc5b5
6461,74.766004880,5.087299,30,v4,88000000ffffffffffffa8dd9f4dc5b5
6462,74.770040094,4.035214,30,v4,88000000ffffffffffffa8dd9f4dc5b5
6463,74.774092990,4.052896,30,v4,88000000ffffffffffffa8dd9f4dc5b5
6464,74.779253695,5.160705,30,v4,88000000ffffffffffffa8dd9f4dc5b5
6465,74.783428742,4.175047,30,v4,88000000ffffffffffffa8dd9f4dc5b5
6466,74.788456857,5.028115,30,v4,88000000ffffffffffffa8dd9f4dc5b5
6467,74.792288262,3.831405,30,v4,88000000ffffffffffffa8dd9f4dc5b5
6468,74.796759468,4.471206,30,v4,88000000ffffffffffffa8dd9f4dc5b5
6469,74.801511900,4.752432,30,v4,88000000ffffffffffffa8dd9f4dc5b5
6470,74.805617931,4.106031,30,v4,88000000ffffffffffffa8dd9f4dc5b5
6471,74.809735854,4.117923,30,v4,88000000ffffffffffffa8dd9f4dc5b5
6472,74.814191390,4.455536,30,v4,88000000ffffffffffffa8dd9f4dc5b5
6473,74.817845758,3.654368,30,v4,88000000ffffffffffffa8dd9f4dc5b5
6474,74.822764415,4.918657,30,v4,88000000ffffffffffffa8dd9f4dc5b5
6475,74.826898700,4.134285,30,v4,88000000ffffffffffffa8dd9f4dc5b5
6476,74.831069955,4.171255,30,v4,88000000ffffffffffffa8dd9f4dc5b5
6477,74.836240913,5.170958,30,v4,88000000ffffffffffffa8dd9f4dc5b5
6478,74.841207371,4.966458,30,v4,88000000ffffffffffffa8dd9f4dc5b5
6479,74.844278753,3.071382,30,v4,88000000ffffffffffffa8dd9f4dc5b5
6480,74.848287766,4.009013,30,v4,88000000ffffffffffffa8dd9f4dc5b5
6481,74.852267421,3.979655,30,v4,88000000ffffffffffffa8dd9f4dc5b5
6482,74.857383411,5.115990,30,v4,88000000ffffffffffffa8dd9f4dc5b5
6483,74.861442078,4.058667,30,v4,88000000ffffffffffffa8dd9f4dc5b5
6484,74.865528869,4.086791,30,v4,88000000ffffffffffffa8dd9f4dc5b5
6485,74.870612420,5.083551,30,v4,88000000ffffffffffffa8dd9f4dc5b5
6486,74.874630951,4.018531,30,v4,88000000ffffffffffffa8dd9f4dc5b5
6487,74.878888765,4.257814,30,v4,88000000ffffffffffffa8dd9f4dc5b5
6488,74.883021174,4.132409,30,v4,88000000ffffffffffffa8dd9f4dc5b5
6489,74.890036729,7.015555,30,v4,88000000ffffffffffffa8dd9f4dc5b5
6490,74.891918965,1.882236,30,v4,88000000ffffffffffffa8dd9f4dc5b5
6491,74.896036512,4.117547,30,v4,88000000ffffffffffffa8dd9f4dc5b5
6492,74.900437385,4.400873,30,v4,88000000ffffffffffffa8dd9f4dc5b5
6493,74.905533617,5.096232,30,v4,88000000ffffffffffffa8dd9f4dc5b5
6494,74.910389272,4.855655,30,v4,88000000ffffffffffffa8dd9f4dc5b5
6495,74.914357443,3.968171,30,v4,88000000ffffffffffffa8dd9f4dc5b5
6496,74.918247055,3.889612,30,v4,88000000ffffffffffffa8dd9f4dc5b5
6497,74.923697774,5.450719,30,v4,88000000ffffffffffffa8dd9f4dc5b5
6498,74.927618262,3.920488,30,v4,88000000ffffffffffffa8dd9f4dc5b5
6499,74.933597383,5.979121,30,v4,88000000ffffffffffffa8dd9f4dc5b5
6500,74.935991400,2.394017,30,v4,88000000ffffffffffffa8dd9f4dc5b5
6501,74.940827064,4.835664,30,v4,88000000ffffffffffffa8dd9f4dc5b5
6502,74.944984270,4.157206,30,v4,88000000ffffffffffffa8dd9f4dc5b5
6503,74.948865455,3.881185,30,v4,88000000ffffffffffffa8dd9f4dc5b5
6504,74.952910073,4.044618,30,v4,88000000ffffffffffffa8dd9f4dc5b5
6505,74.958090073,5.180000,30,v4,88000000ffffffffffffa8dd9f4dc5b5
6506,75.288254939,330.164866,30,v4,88000000ffffffffffffa8dd9f4dc5b5
6507,75.292211573,3.956634,30,v4,88000000ffffffffffffa8dd9f4dc5b5
6508,75.296414099,4.202526,30,v4,88000000ffffffffffffa8dd9f4dc5b5
6509,75.301374987,4.960888,30,v4,88000000ffffffffffffa8dd9f4dc5b5
6510,75.305480406,4.105419,30,v4,88000000ffffffffffffa8dd9f4dc5b5
6511,75.309491002,4.010596,30,v4,88000000ffffffffffffa8dd9f4dc5b5
6512,75.314658985,5.167983,30,v4,88000000ffffffffffffa8dd9f4dc5b5
6513,75.318639048,3.980063,30,v4,88000000ffffffffffffa8dd9f4dc5b5
6514,75.323941429,5.302381,30,v4,88000000ffffffffffffa8dd9f4dc5b5
6515,75.326862348,2.920919,30,v4,88000000ffffffffffffa8dd9f4dc5b5
6516,75.331106184,4.243836,30,v4,88000000ffffffffffffa8dd9f4dc5b5
6517,75.334928958,3.822774,30,v4,88000000ffffffffffffa8dd9f4dc5b5
6518,75.339957219,5.028261,30,v4,88000000ffffffffffffa8dd9f4dc5b5
6519,75.344221072,4.263853,30,v4,88000000ffffffffffffa8dd9f4dc5b5
6520,75.348191398,3.970326,30,v4,88000000ffffffffffffa8dd9f4dc5b5
6521,75.352236855,4.045457,30,v4,88000000ffffffffffffa8dd9f4dc5b5
6522,75.356371334,4.134479,30,v4,88000000ffffffffffffa8dd9f4dc5b5
6523,75.360345438,3.974104,30,v4,88000000ffffffffffffa8dd9f4dc5b5
6524,75.364279294,3.933856,30,v4,88000000ffffffffffffa8dd9f4dc5b5
6525,75.369390231,5.110937,30,v4,88000000ffffffffffffa8dd9f4dc5b5
6526,75.373402421,4.012190,30,v4,88000000ffffffffffffa8dd9f4dc5b5
6527,75.377691983,4.289562,30,v4,88000000ffffffffffffa8dd9f4dc5b5
6528,75.381698347,4.006364,30,v4,88000000ffffffffffffa8dd9f4dc5b5
6529,75.385939424,4.241077,30,v4,88000000ffffffffffffa8dd9f4dc5b5
6530,75.389860826,3.921402,30,v4,88000000ffffffffffffa8dd9f4dc5b5
6531,75.394980945,5.120119,30,v4,88000000ffffffffffffa8dd9f4dc5b5
6532,75.398976298,3.995353,30,v4,88000000ffffffffffffa8dd9f4dc5b5
6533,75.404095794,5.119496,30,v4,88000000ffffffffffffa8dd9f4dc5b5
6534,75.407129989,3.034195,30,v4,88000000ffffffffffffa8dd9f4dc5b5
6535,75.411143493,4.013504,30,v4,88000000ffffffffffffa8dd9f4dc5b5
6536,75.415294459,4.150966,30,v4,88000000ffffffffffffa8dd9f4dc5b5
6537,75.419393444,4.098985,30,v4,88000000ffffffffffffa8dd9f4dc5b5
6538,75.424471097,5.077653,30,v4,88000000ffffffffffffa8dd9f4dc5b5
6539,75.429425239,4.954142,30,v4,88000000ffffffffffffa8dd9f4dc5b5
6540,75.435329119,5.903880,30,v4,88000000ffffffffffffa8dd9f4dc5b5
6541,75.437805586,2.476467,30,v4,88000000ffffffffffffa8dd9f4dc5b5
6542,75.441605492,3.799906,30,v4,88000000ffffffffffffa8dd9f4dc5b5
6543,75.445548175,3.942683,30,v4,88000000ffffffffffffa8dd9f4dc5b5
6544,75.450792925,5.244750,30,v4,88000000ffffffffffffa8dd9f4dc5b5
6545,75.454894041,4.101116,30,v4,88000000ffffffffffffa8dd9f4dc5b5
6546,75.458823818,3.929777,30,v4,88000000ffffffffffffa8dd9f4dc5b5
6547,75.463303715,4.479897,30,v4,88000000ffffffffffffa8dd9f4dc5b5
6548,75.467417930,4.114215,30,v4,88000000ffffffffffffa8dd9f4dc5b5
6549,75.471064846,3.646916,30,v4,88000000ffffffffffffa8dd9f4dc5b5
6550,75.475145954,4.081108,30,v4,88000000ffffffffffffa8dd9f4dc5b5
6551,75.480223570,5.077616,30,v4,88000000ffffffffffffa8dd9f4dc5b5
6552,75.484356935,4.133365,30,v4,88000000ffffffffffffa8dd9f4dc5b5
6553,75.488238070,3.881135,30,v4,88000000ffffffffffffa8dd9f4dc5b5
6554,75.492567713,4.329643,30,v4,88000000ffffffffffffa8dd9f4dc5b5
6555,75.496425003,3.857290,30,v4,88000000ffffffffffffa8dd9f4dc5b5
6556,75.501683980,5.258977,30,v4,88000000ffffffffffffa8dd9f4dc5b5
6557,75.505589132,3.905152,30,v4,88000000ffffffffffffa8dd9f4dc5b5
6558,75.509642925,4.053793,30,v4,88000000ffffffffffffa8dd9f4dc5b5
6559,75.513807791,4.164866,30,v4,88000000ffffffffffffa8dd9f4dc5b5
6560,75.517853120,4.045329,30,v4,88000000ffffffffffffa8dd9f4dc5b5
6561,75.523019401,5.166281,30,v4,88000000ffffffffffffa8dd9f4dc5b5
6562,75.527012041,3.992640,30,v4,88000000ffffffffffffa8dd9f4dc5b5
6563,75.531188906,4.176865,30,v4,88000000ffffffffffffa8dd9f4dc5b5
6564,75.535224368,4.035462,30,v4,88000000ffffffffffffa8dd9f4dc5b5
6565,75.539244435,4.020067,30,v4,88000000ffffffffffffa8dd9f4dc5b5
6566,75.543484511,4.240076,30,v4,88000000ffffffffffffa8dd9f4dc5b5
6567,75.547329974,3.845463,30,v4,88000000ffffffffffffa8dd9f4dc5b5
6568,75.552357094,5.027120,30,v4,88000000ffffffffffffa8dd9f4dc5b5
6569,75.556447320,4.090226,30,v4,88000000ffffffffffffa8dd9f4dc5b5
6570,75.561548150,5.100830,30,v4,88000000ffffffffffffa8dd9f4dc5b5
6571,75.565543179,3.995029,30,v4,88000000ffffffffffffa8dd9f4dc5b5
6572,75.569665983,4.122804,30,v4,88000000ffffffffffffa8dd9f4dc5b5
6573,75.573599939,3.933956,30,v4,88000000ffffffffffffa8dd9f4dc5b5
6574,75.577789536,4.189597,30,v4,88000000ffffffffffffa8dd9f4dc5b5
6575,75.583371938,5.582402,30,v4,88000000ffffffffffffa8dd9f4dc5b5
6576,75.586871172,3.499234,30,v4,88000000ffffffffffffa8dd9f4dc5b5
6577,75.591647112,4.775940,30,v4,88000000ffffffffffffa8dd9f4dc5b5
6578,75.595018334,3.371222,30,v4,88000000ffffffffffffa8dd9f4dc5b5
6579,75.599169801,4.151467,30,v4,88000000ffffffffffffa8dd9f4dc5b5
6580,75.604401350,5.231549,30,v4,88000000ffffffffffffa8dd9f4dc5b5
6581,75.608130864,3.729514,30,v4,88000000ffffffffffffa8dd9f4dc5b5
6582,75.612337193,4.206329,30,v4,88000000ffffffffffffa8dd9f4dc5b5
6583,75.616385776,4.048583,30,v4,88000000ffffffffffffa8dd9f4dc5b5
6584,75.620479398,4.093622,30,v4,88000000ffffffffffffa8dd9f4dc5b5
6585,75.624344196,3.864798,30,v4,88000000ffffffffffffa8dd9f4dc5b5
6586,75.628725061,4.380865,30,v4,88000000ffffffffffffa8dd9f4dc5b5
6587,75.633653112,4.928051,30,v4,88000000ffffffffffffa8dd9f4dc5b5
6588,75.637564254,3.911142,30,v4,88000000ffffffffffffa8dd9f4dc5b5
6589,75.641832134,4.267880,30,v4,88000000ffffffffffffa8dd9f4dc5b5
6590,75.645856690,4.024556,30,v4,88000000ffffffffffffa8dd9f4dc5b5
6591,75.650199495,4.342805,30,v4,88000000ffffffffffffa8dd9f4dc5b5
6592,75.654129393,3.929898,30,v4,88000000ffffffffffffa8dd9f4dc5b5
6593,75.657932304,3.802911,30,v4,88000000ffffffffffffa8dd9f4dc5b5
6594,75.663108871,5.176567,30,v4,88000000ffffffffffffa8dd9f4dc5b5
6595,75.667220882,4.112011,30,v4,88000000ffffffffffffa8dd9f4dc5b5
6596,75.671226107,4.005225,30,v4,88000000ffffffffffffa8dd9f4dc5b5
6597,75.675356777,4.130670,30,v4,88000000ffffffffffffa8dd9f4dc5b5
6598,75.679433197,4.076420,30,v4,88000000ffffffffffffa8dd9f4dc5b5
6599,75.683469058,4.035861,30,v4,88000000ffffffffffffa8dd9f4dc5b5
6600,75.689543383,6.074325,30,v4,88000000ffffffffffffa8dd9f4dc5b5
6601,75.693782700,4.239317,30,v4,88000000ffffffffffffa8dd9f4dc5b5
6602,75.697733927,3.951227,30,v4,88000000ffffffffffffa8dd9f4dc5b5
6603,75.701771129,4.037202,30,v4,88000000ffffffffffffa8dd9f4dc5b5
6604,75.706000543,4.229414,30,v4,88000000ffffffffffffa8dd9f4dc5b5
6605,75.709819724,3.819181,30,v4,88000000ffffffffffffa8dd9f4dc5b5
6606,76.049363833,339.544109,30,v4,88000000ffffffffffffa8dd9f4dc5b5
6607,76.053132858,3.769025,30,v4,88000000ffffffffffffa8dd9f4dc5b5
6608,76.057419487,4.286629,30,v4,88000000ffffffffffffa8dd9f4dc5b5
6609,76.061374244,3.954757,30,v4,88000000ffffffffffffa8dd9f4dc5b5
6610,76.065543162,4.168918,30,v4,88000000ffffffffffffa8dd9f4dc5b5
6611,76.069543220,4.000058,30,v4,88000000ffffffffffffa8dd9f4dc5b5
6612,76.073469848,3.926628,30,v4,88000000ffffffffffffa8dd9f4dc5b5
6613,76.079660510,6.190662,30,v4,88000000ffffffffffffa8dd9f4dc5b5
6614,76.083790747,4.130237,30,v4,88000000ffffffffffffa8dd9f4dc5b5
6615,76.087870197,4.079450,30,v4,88000000ffffffffffffa8dd9f4dc5b5
6616,76.091892843,4.022646,30,v4,88000000ffffffffffffa8dd9f4dc5b5
6617,76.095920454,4.027611,30,v4,88000000ffffffffffffa8dd9f4dc5b5
6618,76.100039079,4.118625,30,v4,88000000ffffffffffffa8dd9f4dc5b5
6619,76.104309766,4.270687,30,v4,88000000ffffffffffffa8dd9f4dc5b5
6620,76.108288423,3.978657,30,v4,88000000ffffffffffffa8dd9f4dc5b5
6621,76.112038459,3.750036,30,v4,88000000ffffffffffffa8dd9f4dc5b5
6622,76.116304568,4.266109,30,v4,88000000ffffffffffffa8dd9f4dc5b5
6623,76.120297325,3.992757,30,v4,88000000ffffffffffffa8dd9f4dc5b5
6624,76.124341617,4.044292,30,v4,88000000ffffffffffffa8dd9f4dc5b5
6625,76.128429195,4.087578,30,v4,88000000ffffffffffffa8dd9f4dc5b5
6626,76.132613424,4.184229,30,v4,88000000ffffffffffffa8dd9f4dc5b5
6627,76.136547655,3.934231,30,v4,88000000ffffffffffffa8dd9f4dc5b5
6628,76.140730318,4.182663,30,v4,88000000ffffffffffffa8dd9f4dc5b5
6629,76.145728863,4.998545,30,v4,88000000ffffffffffffa8dd9f4dc5b5
6630,76.149798814,4.069951,30,v4,88000000ffffffffffffa8dd9f4dc5b5
6631,76.154025216,4.226402,30,v4,88000000ffffffffffffa8dd9f4dc5b5
6632,76.158104665,4.079449,30,v4,88000000ffffffffffffa8dd9f4dc5b5
6633,76.162065549,3.960884,30,v4,88000000ffffffffffffa8dd9f4dc5b5
6634,76.166290404,4.224855,30,v4,88000000ffffffffffffa8dd9f4dc5b5
6635,76.170097947,3.807543,30,v4,88000000ffffffffffffa8dd9f4dc5b5
6636,76.174099817,4.001870,30,v4,88000000ffffffffffffa8dd9f4dc5b5
6637,76.178297184,4.197367,30,v4,88000000ffffffffffffa8dd9f4dc5b5
6638,76.182510845,4.213661,30,v4,88000000ffffffffffffa8dd9f4dc5b5
6639,76.186295749,3.784904,30,v4,88000000ffffffffffffa8dd9f4dc5b5
6640,76.190596607,4.300858,30,v4,88000000ffffffffffffa8dd9f4dc5b5
6641,76.194604650,4.008043,30,v4,88000000ffffffffffffa8dd9f4dc5b5
6642,76.198529002,3.924352,30,v4,88000000ffffffffffffa8dd9f4dc5b5
6643,76.202658327,4.129325,30,v4,88000000ffffffffffffa8dd9f4dc5b5
6644,76.206677955,4.019628,30,v4,88000000ffffffffffffa8dd9f4dc5b5
6645,76.211740007,5.062052,30,v4,88000000ffffffffffffa8dd9f4dc5b5
6646,76.216043910,4.303903,30,v4,88000000ffffffffffffa8dd9f4dc5b5
6647,76.219971719,3.927809,30,v4,88000000ffffffffffffa8dd9f4dc5b5
6648,76.224947915,4.976196,30,v4,88000000ffffffffffffa8dd9f4dc5b5
6649,76.229022945,4.075030,30,v4,88000000ffffffffffffa8dd9f4dc5b5
6650,76.233150135,4.127190,30,v4,88000000ffffffffffffa8dd9f4dc5b5
6651,76.237131411,3.981276,30,v4,88000000ffffffffffffa8dd9f4dc5b5
6652,76.241333238,4.201827,30,v4,88000000ffffffffffffa8dd9f4dc5b5
6653,76.245325377,3.992139,30,v4,88000000ffffffffffffa8dd9f4dc5b5
6654,76.251250567,5.925190,30,v4,88000000ffffffffffffa8dd9f4dc5b5
6655,76.253463352,2.212785,30,v4,88000000ffffffffffffa8dd9f4dc5b5
6656,76.258427732,4.964380,30,v4,88000000ffffffffffffa8dd9f4dc5b5
6657,76.261614429,3.186697,30,v4,88000000ffffffffffffa8dd9f4dc5b5
6658,76.265624017,4.009588,30,v4,88000000ffffffffffffa8dd9f4dc5b5
6659,76.269659688,4.035671,30,v4,88000000ffffffffffffa8dd9f4dc5b5
6660,76.273723861,4.064173,30,v4,88000000ffffffffffffa8dd9f4dc5b5
6661,76.277766137,4.042276,30,v4,88000000ffffffffffffa8dd9f4dc5b5
6662,76.281985290,4.219153,30,v4,88000000ffffffffffffa8dd9f4dc5b5
6663,76.285907103,3.921813,30,v4,88000000ffffffffffffa8dd9f4dc5b5
6664,76.290924639,5.017536,30,v4,88000000ffffffffffffa8dd9f4dc5b5
6665,76.294957492,4.032853,30,v4,88000000ffffffffffffa8dd9f4dc5b5
6666,76.299107112,4.149620,30,v4,88000000ffffffffffffa8dd9f4dc5b5
6667,76.303151157,4.044045,30,v4,88000000ffffffffffffa8dd9f4dc5b5
6668,76.307127990,3.976833,30,v4,88000000ffffffffffffa8dd9f4dc5b5
6669,76.311241222,4.113232,30,v4,88000000ffffffffffffa8dd9f4dc5b5
6670,76.315403951,4.162729,30,v4,88000000ffffffffffffa8dd9f4dc5b5
6671,76.319294141,3.890190,30,v4,88000000ffffffffffffa8dd9f4dc5b5
6672,76.323341548,4.047407,30,v4,88000000ffffffffffffa8dd9f4dc5b5
6673,76.327418973,4.077425,30,v4,88000000ffffffffffffa8dd9f4dc5b5
6674,76.331775844,4.356871,30,v4,88000000ffffffffffffa8dd9f4dc5b5
6675,76.335610940,3.835096,30,v4,88000000ffffffffffffa8dd9f4dc5b5
6676,76.341352155,5.741215,30,v4,88000000ffffffffffffa8dd9f4dc5b5
6677,76.344827828,3.475673,30,v4,88000000ffffffffffffa8dd9f4dc5b5
6678,76.348937609,4.109781,30,v4,88000000ffffffffffffa8dd9f4dc5b5
6679,76.353037476,4.099867,30,v4,88000000ffffffffffffa8dd9f4dc5b5
6680,76.357261176,4.223700,30,v4,88000000ffffffffffffa8dd9f4dc5b5
6681,76.361033003,3.771827,30,v4,88000000ffffffffffffa8dd9f4dc5b5
6682,76.365477249,4.444246,30,v4,88000000ffffffffffffa8dd9f4dc5b5
6683,76.370368728,4.891479,30,v4,88000000ffffffffffffa8dd9f4dc5b5
6684,76.374424720,4.055992,30,v4,88000000ffffffffffffa8dd9f4dc5b5
6685,76.378368090,3.943370,30,v4,88000000ffffffffffffa8dd9f4dc5b5
6686,76.382403236,4.035146,30,v4,88000000ffffffffffffa8dd9f4dc5b5
6687,76.386457157,4.053921,30,v4,88000000ffffffffffffa8dd9f4dc5b5
6688,76.390539634,4.082477,30,v4,88000000ffffffffffffa8dd9f4dc5b5
6689,76.394540598,4.000964,30,v4,88000000ffffffffffffa8dd9f4dc5b5
6690,76.398727785,4.187187,30,v4,88000000ffffffffffffa8dd9f4dc5b5
6691,76.402638910,3.911125,30,v4,88000000ffffffffffffa8dd9f4dc5b5
6692,76.406728606,4.089696,30,v4,88000000ffffffffffffa8dd9f4dc5b5
6693,76.410923068,4.194462,30,v4,88000000ffffffffffffa8dd9f4dc5b5
6694,76.415021448,4.098380,30,v4,88000000ffffffffffffa8dd9f4dc5b5
6695,76.418916744,3.895296,30,v4,88000000ffffffffffffa8dd9f4dc5b5
6696,76.423274929,4.358185,30,v4,88000000ffffffffffffa8dd9f4dc5b5
6697,76.428237084,4.962155,30,v4,88000000ffffffffffffa8dd9f4dc5b5
6698,76.432923945,4.686861,30,v4,88000000ffffffffffffa8dd9f4dc5b5
6699,76.435276980,2.353035,30,v4,88000000ffffffffffffa8dd9f4dc5b5
6700,76.440396318,5.119338,30,v4,88000000ffffffffffffa8dd9f4dc5b5
6701,76.444305692,3.909374,30,v4,88000000ffffffffffffa8dd9f4dc5b5
6702,76.448825056,4.519364,30,v4,88000000ffffffffffffa8dd9f4dc5b5
6703,76.452421118,3.596062,30,v4,88000000ffffffffffffa8dd9f4dc5b5
6704,76.456607675,4.186557,30,v4,88000000ffffffffffffa8dd9f4dc5b5
6705,76.460694148,4.086473,30,v4,88000000ffffffffffffa8dd9f4dc5b5
6706,76.801802983,341.108835,30,v4,88000000ffffffffffffa8dd9f4dc5b5
6707,76.805171538,3.368555,30,v4,88000000ffffffffffffa8dd9f4dc5b5
6708,76.809088973,3.917435,30,v4,88000000ffffffffffffa8dd9f4dc5b5
6709,76.815219648,6.130675,30,v4,88000000ffffffffffffa8dd9f4dc5b5
6710,76.818342376,3.122728,30,v4,88000000ffffffffffffa8dd9f4dc5b5
6711,76.821397744,3.055368,30,v4,88000000ffffffffffffa8dd9f4dc5b5
6712,76.827359552,5.961808,30,v4,88000000ffffffffffffa8dd9f4dc5b5
6713,76.829416504,2.056952,30,v4,88000000ffffffffffffa8dd9f4dc5b5
6714,76.835819842,6.403338,30,v4,88000000ffffffffffffa8dd9f4dc5b5
6715,76.839483608,3.663766,30,v4,88000000ffffffffffffa8dd9f4dc5b5
6716,76.843539559,4.055951,30,v4,88000000ffffffffffffa8dd9f4dc5b5
6717,76.846013287,2.473728,30,v4,88000000ffffffffffffa8dd9f4dc5b5
6718,76.848958533,2.945246,30,v4,88000000ffffffffffffa8dd9f4dc5b5
6719,76.852822643,3.864110,30,v4,88000000ffffffffffffa8dd9f4dc5b5
6720,76.857081294,4.258651,30,v4,88000000ffffffffffffa8dd9f4dc5b5
6721,76.862005873,4.924579,30,v4,88000000ffffffffffffa8dd9f4dc5b5
6722,76.866355879,4.350006,30,v4,88000000ffffffffffffa8dd9f4dc5b5
6723,76.870124111,3.768232,30,v4,88000000ffffffffffffa8dd9f4dc5b5
6724,76.874086980,3.962869,30,v4,88000000ffffffffffffa8dd9f4dc5b5
6725,76.878157525,4.070545,30,v4,88000000ffffffffffffa8dd9f4dc5b5
6726,76.882299684,4.142159,30,v4,88000000ffffffffffffa8dd9f4dc5b5
6727,76.886330349,4.030665,30,v4,88000000ffffffffffffa8dd9f4dc5b5
6728,76.890498092,4.167743,30,v4,88000000ffffffffffffa8dd9f4dc5b5
6729,76.894492148,3.994056,30,v4,88000000ffffffffffffa8dd9f4dc5b5
6730,76.898583730,4.091582,30,v4,88000000ffffffffffffa8dd9f4dc5b5
6731,76.902609130,4.025400,30,v4,88000000ffffffffffffa8dd9f4dc5b5
6732,76.906681544,4.072414,30,v4,88000000ffffffffffffa8dd9f4dc5b5
6733,76.910742004,4.060460,30,v4,88000000ffffffffffffa8dd9f4dc5b5
6734,76.914884302,4.142298,30,v4,88000000ffffffffffffa8dd9f4dc5b5
6735,76.918818114,3.933812,30,v4,88000000ffffffffffffa8dd9f4dc5b5
6736,76.923166690,4.348576,30,v4,88000000ffffffffffffa8dd9f4dc5b5
6737,76.926963082,3.796392,30,v4,88000000ffffffffffffa8dd9f4dc5b5
6738,76.931049897,4.086815,30,v4,88000000ffffffffffffa8dd9f4dc5b5
6739,76.935097510,4.047613,30,v4,88000000ffffffffffffa8dd9f4dc5b5
6740,76.939140023,4.042513,30,v4,88000000ffffffffffffa8dd9f4dc5b5
6741,76.943289263,4.149240,30,v4,88000000ffffffffffffa8dd9f4dc5b5
6742,76.947225062,3.935799,30,v4,88000000ffffffffffffa8dd9f4dc5b5
6743,76.951279444,4.054382,30,v4,88000000ffffffffffffa8dd9f4dc5b5
6744,76.955383381,4.103937,30,v4,88000000ffffffffffffa8dd9f4dc5b5
6745,76.959762050,4.378669,30,v4,88000000ffffffffffffa8dd9f4dc5b5
6746,76.963717351,3.955301,30,v4,88000000ffffffffffffa8dd9f4dc5b5
6747,76.967678882,3.961531,30,v4,88000000ffffffffffffa8dd9f4dc5b5
6748,76.971870978,4.192096,30,v4,88000000ffffffffffffa8dd9f4dc5b5
6749,76.975872791,4.001813,30,v4,88000000ffffffffffffa8dd9f4dc5b5
6750,76.979781328,3.908537,30,v4,88000000ffffffffffffa8dd9f4dc5b5
6751,76.983872319,4.090991,30,v4,88000000ffffffffffffa8dd9f4dc5b5
6752,76.989178938,5.306619,30,v4,88000000ffffffffffffa8dd9f4dc5b5
6753,76.993250222,4.071284,30,v4,88000000ffffffffffffa8dd9f4dc5b5
6754,76.997234298,3.984076,30,v4,88000000ffffffffffffa8dd9f4dc5b5
6755,77.001224890,3.990592,30,v4,88000000ffffffffffffa8dd9f4dc5b5
6756,77.005283538,4.058648,30,v4,88000000ffffffffffffa8dd9f4dc5b5
6757,77.009379566,4.096028,30,v4,88000000ffffffffffffa8dd9f4dc5b5
6758,77.013430461,4.050895,30,v4,88000000ffffffffffffa8dd9f4dc5b5
6759,77.017520998,4.090537,30,v4,88000000ffffffffffffa8dd9f4dc5b5
6760,77.021713649,4.192651,30,v4,88000000ffffffffffffa8dd9f4dc5b5
6761,77.025621438,3.907789,30,v4,88000000ffffffffffffa8dd9f4dc5b5
6762,77.029817321,4.195883,30,v4,88000000ffffffffffffa8dd9f4dc5b5
6763,77.032801321,2.984000,30,v4,88000000ffffffffffffa8dd9f4dc5b5
6764,77.036828462,4.027141,30,v4,88000000ffffffffffffa8dd9f4dc5b5
6765,77.041107333,4.278871,30,v4,88000000ffffffffffffa8dd9f4dc5b5
6766,77.044983069,3.875736,30,v4,88000000ffffffffffffa8dd9f4dc5b5
6767,77.049345559,4.362490,30,v4,88000000ffffffffffffa8dd9f4dc5b5
6768,77.053172000,3.826441,30,v4,88000000ffffffffffffa8dd9f4dc5b5
6769,77.057114872,3.942872,30,v4,88000000ffffffffffffa8dd9f4dc5b5
6770,77.061123911,4.009039,30,v4,88000000ffffffffffffa8dd9f4dc5b5
6771,77.065427874,4.303963,30,v4,88000000ffffffffffffa8dd9f4dc5b5
6772,77.069290565,3.862691,30,v4,88000000ffffffffffffa8dd9f4dc5b5
6773,77.073453913,4.163348,30,v4,88000000ffffffffffffa8dd9f4dc5b5
6774,77.077371048,3.917135,30,v4,88000000ffffffffffffa8dd9f4dc5b5
6775,77.081406387,4.035339,30,v4,88000000ffffffffffffa8dd9f4dc5b5
6776,77.085575737,4.169350,30,v4,88000000ffffffffffffa8dd9f4dc5b5
6777,77.089608466,4.032729,30,v4,88000000ffffffffffffa8dd9f4dc5b5
6778,77.093867796,4.259330,30,v4,88000000ffffffffffffa8dd9f4dc5b5
6779,77.097757296,3.889500,30,v4,88000000ffffffffffffa8dd9f4dc5b5
6780,77.101992797,4.235501,30,v4,88000000ffffffffffffa8dd9f4dc5b5
6781,77.105837861,3.845064,30,v4,88000000ffffffffffffa8dd9f4dc5b5
6782,77.109984787,4.146926,30,v4,88000000ffffffffffffa8dd9f4dc5b5
6783,77.113892432,3.907645,30,v4,88000000ffffffffffffa8dd9f4dc5b5
6784,77.119114487,5.222055,30,v4,88000000ffffffffffffa8dd9f4dc5b5
6785,77.123169299,4.054812,30,v4,88000000ffffffffffffa8dd9f4dc5b5
6786,77.127159553,3.990254,30,v4,88000000ffffffffffffa8dd9f4dc5b5
6787,77.131283954,4.124401,30,v4,88000000ffffffffffffa8dd9f4dc5b5
6788,77.134247463,2.963509,30,v4,88000000ffffffffffffa8dd9f4dc5b5
6789,77.138407927,4.160464,30,v4,88000000ffffffffffffa8dd9f4dc5b5
6790,77.142387962,3.980035,30,v4,88000000ffffffffffffa8dd9f4dc5b5
6791,77.146477882,4.089920,30,v4,88000000ffffffffffffa8dd9f4dc5b5
6792,77.151664284,5.186402,30,v4,88000000ffffffffffffa8dd9f4dc5b5
6793,77.156049241,4.384957,30,v4,88000000ffffffffffffa8dd9f4dc5b5
6794,77.159804698,3.755457,30,v4,88000000ffffffffffffa8dd9f4dc5b5
6795,77.163829642,4.024944,30,v4,88000000ffffffffffffa8dd9f4dc5b5
6796,77.167759065,3.929423,30,v4,88000000ffffffffffffa8dd9f4dc5b5
6797,77.171777673,4.018608,30,v4,88000000ffffffffffffa8dd9f4dc5b5
6798,77.176129146,4.351473,30,v4,88000000ffffffffffffa8dd9f4dc5b5
6799,77.180048582,3.919436,30,v4,88000000ffffffffffffa8dd9f4dc5b5
6800,77.184131508,4.082926,30,v4,88000000ffffffffffffa8dd9f4dc5b5
6801,77.188005787,3.874279,30,v4,88000000ffffffffffffa8dd9f4dc5b5
6802,77.192310396,4.304609,30,v4,88000000ffffffffffffa8dd9f4dc5b5
6803,77.196302346,3.991950,30,v4,88000000ffffffffffffa8dd9f4dc5b5
6804,77.200285655,3.983309,30,v4,88000000ffffffffffffa8dd9f4dc5b5
6805,77.204304594,4.018939,30,v4,88000000ffffffffffffa8dd9f4dc5b5
6806,77.544754376,340.449782,30,v4,88000000ffffffffffffa8dd9f4dc5b5
6807,77.549048204,4.293828,30,v4,88000000ffffffffffffa8dd9f4dc5b5
6808,77.552876514,3.828310,30,v4,88000000ffffffffffffa8dd9f4dc5b5
6809,77.556812272,3.935758,30,v4,88000000ffffffffffffa8dd9f4dc5b5
6810,77.561026940,4.214668,30,v4,88000000ffffffffffffa8dd9f4dc5b5
6811,77.564977165,3.950225,30,v4,88000000ffffffffffffa8dd9f4dc5b5
6812,77.569183025,4.205860,30,v4,88000000ffffffffffffa8dd9f4dc5b5
6813,77.573063674,3.880649,30,v4,88000000ffffffffffffa8dd9f4dc5b5
6814,77.577190269,4.126595,30,v4,88000000ffffffffffffa8dd9f4dc5b5
6815,77.581514707,4.324438,30,v4,88000000ffffffffffffa8dd9f4dc5b5
6816,77.584358298,2.843591,30,v4,88000000ffffffffffffa8dd9f4dc5b5
6817,77.588783323,4.425025,30,v4,88000000ffffffffffffa8dd9f4dc5b5
6818,77.593434823,4.651500,30,v4,88000000ffffffffffffa8dd9f4dc5b5
6819,77.596584920,3.150097,30,v4,88000000ffffffffffffa8dd9f4dc5b5
6820,77.600668267,4.083347,30,v4,88000000ffffffffffffa8dd9f4dc5b5
6821,77.604609758,3.941491,30,v4,88000000ffffffffffffa8dd9f4dc5b5
6822,77.608799585,4.189827,30,v4,88000000ffffffffffffa8dd9f4dc5b5
6823,77.612740269,3.940684,30,v4,88000000ffffffffffffa8dd9f4dc5b5
6824,77.615856284,3.116015,30,v4,88000000ffffffffffffa8dd9f4dc5b5
6825,77.619828894,3.972610,30,v4,88000000ffffffffffffa8dd9f4dc5b5
6826,77.623918126,4.089232,30,v4,88000000ffffffffffffa8dd9f4dc5b5
6827,77.628014746,4.096620,30,v4,88000000ffffffffffffa8dd9f4dc5b5
6828,77.632424369,4.409623,30,v4,88000000ffffffffffffa8dd9f4dc5b5
6829,77.636200619,3.776250,30,v4,88000000ffffffffffffa8dd9f4dc5b5
6830,77.641549801,5.349182,30,v4,88000000ffffffffffffa8dd9f4dc5b5
6831,77.645389715,3.839914,30,v4,88000000ffffffffffffa8dd9f4dc5b5
6832,77.649583170,4.193455,30,v4,88000000ffffffffffffa8dd9f4dc5b5
6833,77.653641927,4.058757,30,v4,88000000ffffffffffffa8dd9f4dc5b5
6834,77.657454515,3.812588,30,v4,88000000ffffffffffffa8dd9f4dc5b5
6835,77.660441228,2.986713,30,v4,88000000ffffffffffffa8dd9f4dc5b5
6836,77.664580052,4.138824,30,v4,88000000ffffffffffffa8dd9f4dc5b5
6837,77.668706048,4.125996,30,v4,88000000ffffffffffffa8dd9f4dc5b5
6838,77.672669342,3.963294,30,v4,88000000ffffffffffffa8dd9f4dc5b5
6839,77.676729739,4.060397,30,v4,88000000ffffffffffffa8dd9f4dc5b5
6840,77.680911834,4.182095,30,v4,88000000ffffffffffffa8dd9f4dc5b5
6841,77.684813588,3.901754,30,v4,88000000ffffffffffffa8dd9f4dc5b5
6842,77.688046752,3.233164,30,v4,88000000ffffffffffffa8dd9f4dc5b5
6843,77.691973270,3.926518,30,v4,88000000ffffffffffffa8dd9f4dc5b5
6844,77.696343389,4.370119,30,v4,88000000ffffffffffffa8dd9f4dc5b5
6845,77.700077272,3.733883,30,v4,88000000ffffffffffffa8dd9f4dc5b5
6846,77.704559749,4.482477,30,v4,88000000ffffffffffffa8dd9f4dc5b5
6847,77.708231973,3.672224,30,v4,88000000ffffffffffffa8dd9f4dc5b5
6848,77.712338613,4.106640,30,v4,88000000ffffffffffffa8dd9f4dc5b5
6849,77.716389935,4.051322,30,v4,88000000ffffffffffffa8dd9f4dc5b5
6850,77.719416051,3.026116,30,v4,88000000ffffffffffffa8dd9f4dc5b5
6851,77.723588795,4.172744,30,v4,88000000ffffffffffffa8dd9f4dc5b5
6852,77.727638290,4.049495,30,v4,88000000ffffffffffffa8dd9f4dc5b5
6853,77.731562658,3.924368,30,v4,88000000ffffffffffffa8dd9f4dc5b5
6854,77.735716604,4.153946,30,v4,88000000ffffffffffffa8dd9f4dc5b5
6855,77.738701649,2.985045,30,v4,88000000ffffffffffffa8dd9f4dc5b5
6856,77.742909047,4.207398,30,v4,88000000ffffffffffffa8dd9f4dc5b5
6857,77.747133378,4.224331,30,v4,88000000ffffffffffffa8dd9f4dc5b5
6858,77.751213287,4.079909,30,v4,88000000ffffffffffffa8dd9f4dc5b5
6859,77.755263779,4.050492,30,v4,88000000ffffffffffffa8dd9f4dc5b5
6860,77.759181906,3.918127,30,v4,88000000ffffffffffffa8dd9f4dc5b5
6861,77.763135772,3.953866,30,v4,88000000ffffffffffffa8dd9f4dc5b5
6862,77.767435433,4.299661,30,v4,88000000ffffffffffffa8dd9f4dc5b5
6863,77.771455570,4.020137,30,v4,88000000ffffffffffffa8dd9f4dc5b5
6864,77.775870766,4.415196,30,v4,88000000ffffffffffffa8dd9f4dc5b5
6865,77.779393300,3.522534,30,v4,88000000ffffffffffffa8dd9f4dc5b5
6866,77.783769891,4.376591,30,v4,88000000ffffffffffffa8dd9f4dc5b5
6867,77.787419203,3.649312,30,v4,88000000ffffffffffffa8dd9f4dc5b5
6868,77.791577568,4.158365,30,v4,88000000ffffffffffffa8dd9f4dc5b5
6869,77.795562437,3.984869,30,v4,88000000ffffffffffffa8dd9f4dc5b5
6870,77.799703149,4.140712,30,v4,88000000ffffffffffffa8dd9f4dc5b5
6871,77.802805952,3.102803,30,v4,88000000ffffffffffffa8dd9f4dc5b5
6872,77.806879705,4.073753,30,v4,88000000ffffffffffffa8dd9f4dc5b5
6873,77.811094141,4.214436,30,v4,88000000ffffffffffffa8dd9f4dc5b5
6874,77.815041598,3.947457,30,v4,88000000ffffffffffffa8dd9f4dc5b5
6875,77.818971553,3.929955,30,v4,88000000ffffffffffffa8dd9f4dc5b5
6876,77.823157135,4.185582,30,v4,88000000ffffffffffffa8dd9f4dc5b5
6877,77.827064795,3.907660,30,v4,88000000ffffffffffffa8dd9f4dc5b5
6878,77.830215229,3.150434,30,v4,88000000ffffffffffffa8dd9f4dc5b5
6879,77.834243817,4.028588,30,v4,88000000ffffffffffffa8dd9f4dc5b5
6880,77.838252273,4.008456,30,v4,88000000ffffffffffffa8dd9f4dc5b5
6881,77.842382318,4.130045,30,v4,88000000ffffffffffffa8dd9f4dc5b5
6882,77.846382055,3.999737,30,v4,88000000ffffffffffffa8dd9f4dc5b5
6883,77.850443041,4.060986,30,v4,88000000ffffffffffffa8dd9f4dc5b5
6884,77.854498846,4.055805,30,v4,88000000ffffffffffffa8dd9f4dc5b5
6885,77.858628635,4.129789,30,v4,88000000ffffffffffffa8dd9f4dc5b5
6886,77.861689021,3.060386,30,v4,88000000ffffffffffffa8dd9f4dc5b5
6887,77.865825882,4.136861,30,v4,88000000ffffffffffffa8dd9f4dc5b5
6888,77.871630223,5.804341,30,v4,88000000ffffffffffffa8dd9f4dc5b5
6889,77.873887795,2.257572,30,v4,88000000ffffffffffffa8dd9f4dc5b5
6890,77.877906003,4.018208,30,v4,88000000ffffffffffffa8dd9f4dc5b5
6891,77.883260658,5.354655,30,v4,88000000ffffffffffffa8dd9f4dc5b5
6892,77.885039583,1.778925,30,v4,88000000ffffffffffffa8dd9f4dc5b5
6893,77.889440641,4.401058,30,v4,88000000ffffffffffffa8dd9f4dc5b5
6894,77.893211574,3.770933,30,v4,88000000ffffffffffffa8dd9f4dc5b5
6895,77.897252315,4.040741,30,v4,88000000ffffffffffffa8dd9f4dc5b5
6896,77.902429102,5.176787,30,v4,88000000ffffffffffffa8dd9f4dc5b5
6897,77.906385167,3.956065,30,v4,88000000ffffffffffffa8dd9f4dc5b5
6898,77.910548196,4.163029,30,v4,88000000ffffffffffffa8dd9f4dc5b5
6899,77.913551894,3.003698,30,v4,88000000ffffffffffffa8dd9f4dc5b5
6900,77.918596112,5.044218,30,v4,88000000ffffffffffffa8dd9f4dc5b5
6901,77.921615463,3.019351,30,v4,88000000ffffffffffffa8dd9f4dc5b5
6902,77.925749287,4.133824,30,v4,88000000ffffffffffffa8dd9f4dc5b5
6903,77.929928405,4.179118,30,v4,88000000ffffffffffffa8dd9f4dc5b5
6904,77.933800776,3.872371,30,v4,88000000ffffffffffffa8dd9f4dc5b5
6905,77.937973240,4.172464,30,v4,88000000ffffffffffffa8dd9f4dc5b5
6906,78.277304924,339.331684,30,v4,88000000ffffffffffffa8dd9f4dc5b5
6907,78.281458888,4.153964,30,v4,88000000ffffffffffffa8dd9f4dc5b5
6908,78.285396348,3.937460,30,v4,88000000ffffffffffffa8dd9f4dc5b5
6909,78.289363662,3.967314,30,v4,88000000ffffffffffffa8dd9f4dc5b5
6910,78.293451690,4.088028,30,v4,88000000ffffffffffffa8dd9f4dc5b5
6911,78.297494609,4.042919,30,v4,88000000ffffffffffffa8dd9f4dc5b5
6912,78.301602078,4.107469,30,v4,88000000ffffffffffffa8dd9f4dc5b5
6913,78.305722796,4.120718,30,v4,88000000ffffffffffffa8dd9f4dc5b5
6914,78.308808549,3.085753,30,v4,88000000ffffffffffffa8dd9f4dc5b5
6915,78.312785012,3.976463,30,v4,88000000ffffffffffffa8dd9f4dc5b5
6916,78.316873843,4.088831,30,v4,88000000ffffffffffffa8dd9f4dc5b5
6917,78.320996366,4.122523,30,v4,88000000ffffffffffffa8dd9f4dc5b5
6918,78.323894244,2.897878,30,v4,88000000ffffffffffffa8dd9f4dc5b5
6919,78.328011109,4.116865,30,v4,88000000ffffffffffffa8dd9f4dc5b5
6920,78.332154185,4.143076,30,v4,88000000ffffffffffffa8dd9f4dc5b5
6921,78.336083111,3.928926,30,v4,88000000ffffffffffffa8dd9f4dc5b5
6922,78.340266254,4.183143,30,v4,88000000ffffffffffffa8dd9f4dc5b5
6923,78.343230208,2.963954,30,v4,88000000ffffffffffffa8dd9f4dc5b5
6924,78.347515434,4.285226,30,v4,88000000ffffffffffffa8dd9f4dc5b5
6925,78.351396124,3.880690,30,v4,88000000ffffffffffffa8dd9f4dc5b5
6926,78.355364931,3.968807,30,v4,88000000ffffffffffffa8dd9f4dc5b5
6927,78.358397082,3.032151,30,v4,88000000ffffffffffffa8dd9f4dc5b5
6928,78.363003271,4.606189,30,v4,88000000ffffffffffffa8dd9f4dc5b5
6929,78.366834279,3.831008,30,v4,88000000ffffffffffffa8dd9f4dc5b5
6930,78.370758568,3.924289,30,v4,88000000ffffffffffffa8dd9f4dc5b5
6931,78.373837374,3.078806,30,v4,88000000ffffffffffffa8dd9f4dc5b5
6932,78.377918811,4.081437,30,v4,88000000ffffffffffffa8dd9f4dc5b5
6933,78.382044322,4.125511,30,v4,88000000ffffffffffffa8dd9f4dc5b5
6934,78.385980292,3.935970,30,v4,88000000ffffffffffffa8dd9f4dc5b5
6935,78.389939065,3.958773,30,v4,88000000ffffffffffffa8dd9f4dc5b5
6936,78.393181072,3.242007,30,v4,88000000ffffffffffffa8dd9f4dc5b5
6937,78.397148312,3.967240,30,v4,88000000ffffffffffffa8dd9f4dc5b5
6938,78.401178898,4.030586,30,v4,88000000ffffffffffffa8dd9f4dc5b5
6939,78.405252264,4.073366,30,v4,88000000ffffffffffffa8dd9f4dc5b5
6940,78.408410902,3.158638,30,v4,88000000ffffffffffffa8dd9f4dc5b5
6941,78.412274888,3.863986,30,v4,88000000ffffffffffffa8dd9f4dc5b5
6942,78.416450663,4.175775,30,v4,88000000ffffffffffffa8dd9f4dc5b5
6943,78.421375616,4.924953,30,v4,88000000ffffffffffffa8dd9f4dc5b5
6944,78.432707411,11.331795,99,v4,1c000000aadd9f4dc5b5684d66040000
6945,78.434606683,1.899272,34,v4,88000000ffffffffffffa8dd9f4dc5b5
6946,78.438870358,4.263675,34,v4,88000000ffffffffffffa8dd9f4dc5b5
6947,78.443120929,4.250571,34,v4,88000000ffffffffffffa8dd9f4dc5b5
6948,78.446887446,3.766517,34,v4,88000000ffffffffffffa8dd9f4dc5b5
6949,78.451008912,4.121466,34,v4,88000000ffffffffffffa8dd9f4dc5b5
6950,78.454004689,2.995777,34,v4,88000000ffffffffffffa8dd9f4dc5b5
6951,78.458120695,4.116006,34,v4,88000000ffffffffffffa8dd9f4dc5b5
6952,78.462127476,4.006781,34,v4,88000000ffffffffffffa8dd9f4dc5b5
6953,78.466393203,4.265727,34,v4,88000000ffffffffffffa8dd9f4dc5b5
6954,78.470258503,3.865300,34,v4,88000000ffffffffffffa8dd9f4dc5b5
6955,78.473356108,3.097605,34,v4,88000000ffffffffffffa8dd9f4dc5b5
6956,78.477384198,4.028090,34,v4,88000000ffffffffffffa8dd9f4dc5b5
6957,78.481506314,4.122116,34,v4,88000000ffffffffffffa8dd9f4dc5b5
6958,78.484484171,2.977857,34,v4,88000000ffffffffffffa8dd9f4dc5b5
6959,78.488679943,4.195772,34,v4,88000000ffffffffffffa8dd9f4dc5b5
6960,78.493023297,4.343354,34,v4,88000000ffffffffffffa8dd9f4dc5b5
6961,78.496649521,3.626224,34,v4,88000000ffffffffffffa8dd9f4dc5b5
6962,78.499756078,3.106557,34,v4,88000000ffffffffffffa8dd9f4dc5b5
6963,78.503760463,4.004385,34,v4,88000000ffffffffffffa8dd9f4dc5b5
6964,78.507891927,4.131464,34,v4,88000000ffffffffffffa8dd9f4dc5b5
6965,78.512108070,4.216143,34,v4,88000000ffffffffffffa8dd9f4dc5b5
6966,78.516265017,4.156947,34,v4,88000000ffffffffffffa8dd9f4dc5b5
6967,78.518982851,2.717834,34,v4,88000000ffffffffffffa8dd9f4dc5b5
6968,78.523455740,4.472889,34,v4,88000000ffffffffffffa8dd9f4dc5b5
6969,78.527283943,3.828203,34,v4,88000000ffffffffffffa8dd9f4dc5b5
6970,78.531331902,4.047959,34,v4,88000000ffffffffffffa8dd9f4dc5b5
6971,78.534338376,3.006474,34,v4,88000000ffffffffffffa8dd9f4dc5b5
6972,78.538366620,4.028244,34,v4,88000000ffffffffffffa8dd9f4dc5b5
6973,78.542395398,4.028778,34,v4,88000000ffffffffffffa8dd9f4dc5b5
6974,78.546600264,4.204866,34,v4,88000000ffffffffffffa8dd9f4dc5b5
6975,78.550561308,3.961044,34,v4,88000000ffffffffffffa8dd9f4dc5b5
6976,78.554569334,4.008026,34,v4,88000000ffffffffffffa8dd9f4dc5b5
6977,78.558627470,4.058136,34,v4,88000000ffffffffffffa8dd9f4dc5b5
6978,78.562898691,4.271221,34,v4,88000000ffffffffffffa8dd9f4dc5b5
6979,78.565888701,2.990010,34,v4,88000000ffffffffffffa8dd9f4dc5b5
6980,78.570002033,4.113332,34,v4,88000000ffffffffffffa8dd9f4dc5b5
6981,78.574059850,4.057817,34,v4,88000000ffffffffffffa8dd9f4dc5b5
6982,78.577997249,3.937399,34,v4,88000000ffffffffffffa8dd9f4dc5b5
6983,78.582042595,4.045346,34,v4,88000000ffffffffffffa8dd9f4dc5b5
6984,78.585154984,3.112389,34,v4,88000000ffffffffffffa8dd9f4dc5b5
6985,78.589244240,4.089256,34,v4,88000000ffffffffffffa8dd9f4dc5b5
6986,78.593331909,4.087669,34,v4,88000000ffffffffffffa8dd9f4dc5b5
6987,78.597581583,4.249674,34,v4,88000000ffffffffffffa8dd9f4dc5b5
6988,78.601605878,4.024295,34,v4,88000000ffffffffffffa8dd9f4dc5b5
6989,78.606294233,4.688355,34,v4,88000000ffffffffffffa8dd9f4dc5b5
6990,78.608639603,2.345370,34,v4,88000000ffffffffffffa8dd9f4dc5b5
6991,78.613002475,4.362872,34,v4,88000000ffffffffffffa8dd9f4dc5b5
6992,78.616633561,3.631086,34,v4,88000000ffffffffffffa8dd9f4dc5b5
6993,78.620596415,3.962854,34,v4,88000000ffffffffffffa8dd9f4dc5b5
6994,78.623696983,3.100568,34,v4,88000000ffffffffffffa8dd9f4dc5b5
6995,78.627738453,4.041470,34,v4,88000000ffffffffffffa8dd9f4dc5b5
6996,78.631888804,4.150351,34,v4,88000000ffffffffffffa8dd9f4dc5b5
6997,78.635860146,3.971342,34,v4,88000000ffffffffffffa8dd9f4dc5b5
6998,78.639057618,3.197472,34,v4,88000000ffffffffffffa8dd9f4dc5b5
6999,78.643059686,4.002068,34,v4,88000000ffffffffffffa8dd9f4dc5b5
7000,78.647964900,4.905214,34,v4,88000000ffffffffffffa8dd9f4dc5b5
7001,78.651131965,3.167065,34,v4,88000000ffffffffffffa8dd9f4dc5b5
7002,78.654481049,3.349084,34,v4,88000000ffffffffffffa8dd9f4dc5b5
7003,78.658322280,3.841231,34,v4,88000000ffffffffffffa8dd9f4dc5b5
7004,78.662227980,3.905700,34,v4,88000000ffffffffffffa8dd9f4dc5b5
7005,78.666422505,4.194525,34,v4,88000000ffffffffffffa8dd9f4dc5b5
7006,79.007855139,341.432634,34,v4,88000000ffffffffffffa8dd9f4dc5b5
7007,79.011839793,3.984654,34,v4,88000000ffffffffffffa8dd9f4dc5b5
7008,79.014950331,3.110538,34,v4,88000000ffffffffffffa8dd9f4dc5b5
7009,79.019186727,4.236396,34,v4,88000000ffffffffffffa8dd9f4dc5b5
7010,79.022993542,3.806815,34,v4,88000000ffffffffffffa8dd9f4dc5b5
7011,79.026084497,3.090955,34,v4,88000000ffffffffffffa8dd9f4dc5b5
7012,79.030110340,4.025843,34,v4,88000000ffffffffffffa8dd9f4dc5b5
7013,79.034123566,4.013226,34,v4,88000000ffffffffffffa8dd9f4dc5b5
7014,79.037151745,3.028179,34,v4,88000000ffffffffffffa8dd9f4dc5b5
7015,79.041231257,4.079512,34,v4,88000000ffffffffffffa8dd9f4dc5b5
7016,79.045325808,4.094551,34,v4,88000000ffffffffffffa8dd9f4dc5b5
7017,79.048283058,2.957250,34,v4,88000000ffffffffffffa8dd9f4dc5b5
7018,79.052463064,4.180006,34,v4,88000000ffffffffffffa8dd9f4dc5b5
7019,79.056412013,3.948949,34,v4,88000000ffffffffffffa8dd9f4dc5b5
7020,79.059538263,3.126250,34,v4,88000000ffffffffffffa8dd9f4dc5b5
7021,79.063848825,4.310562,34,v4,88000000ffffffffffffa8dd9f4dc5b5
7022,79.067629815,3.780990,34,v4,88000000ffffffffffffa8dd9f4dc5b5
7023,79.072861595,5.231780,34,v4,88000000ffffffffffffa8dd9f4dc5b5
7024,79.075917814,3.056219,34,v4,88000000ffffffffffffa8dd9f4dc5b5
7025,79.080191914,4.274100,34,v4,88000000ffffffffffffa8dd9f4dc5b5
7026,79.083885449,3.693535,34,v4,88000000ffffffffffffa8dd9f4dc5b5
7027,79.086992367,3.106918,34,v4,88000000ffffffffffffa8dd9f4dc5b5
7028,79.092176603,5.184236,34,v4,88000000ffffffffffffa8dd9f4dc5b5
7029,79.095143471,2.966868,34,v4,88000000ffffffffffffa8dd9f4dc5b5
7030,79.098078099,2.934628,34,v4,88000000ffffffffffffa8dd9f4dc5b5
7031,79.102388382,4.310283,34,v4,88000000ffffffffffffa8dd9f4dc5b5
7032,79.106338833,3.950451,34,v4,88000000ffffffffffffa8dd9f4dc5b5
7033,79.110785429,4.446596,34,v4,88000000ffffffffffffa8dd9f4dc5b5
7034,79.113468695,2.683266,34,v4,88000000ffffffffffffa8dd9f4dc5b5
7035,79.117887933,4.419238,34,v4,88000000ffffffffffffa8dd9f4dc5b5
7036,79.120443754,2.555821,34,v4,88000000ffffffffffffa8dd9f4dc5b5
7037,79.124498974,4.055220,34,v4,88000000ffffffffffffa8dd9f4dc5b5
7038,79.128719136,4.220162,34,v4,88000000ffffffffffffa8dd9f4dc5b5
7039,79.131857136,3.138000,34,v4,88000000ffffffffffffa8dd9f4dc5b5
7040,79.136066098,4.208962,34,v4,88000000ffffffffffffa8dd9f4dc5b5
7041,79.139987975,3.921877,34,v4,88000000ffffffffffffa8dd9f4dc5b5
7042,79.142855122,2.867147,34,v4,88000000ffffffffffffa8dd9f4dc5b5
7043,79.146942894,4.087772,34,v4,88000000ffffffffffffa8dd9f4dc5b5
7044,79.151237526,4.294632,34,v4,88000000ffffffffffffa8dd9f4dc5b5
7045,79.155312881,4.075355,34,v4,88000000ffffffffffffa8dd9f4dc5b5
7046,79.158576710,3.263829,34,v4,88000000ffffffffffffa8dd9f4dc5b5
7047,79.162157303,3.580593,34,v4,88000000ffffffffffffa8dd9f4dc5b5
7048,79.166174869,4.017566,34,v4,88000000ffffffffffffa8dd9f4dc5b5
7049,79.169382949,3.208080,34,v4,88000000ffffffffffffa8dd9f4dc5b5
7050,79.175268917,5.885968,34,v4,88000000ffffffffffffa8dd9f4dc5b5
7051,79.177655430,2.386513,34,v4,88000000ffffffffffffa8dd9f4dc5b5
7052,79.181543578,3.888148,34,v4,88000000ffffffffffffa8dd9f4dc5b5
7053,79.185974852,4.431274,34,v4,88000000ffffffffffffa8dd9f4dc5b5
7054,79.188668788,2.693936,34,v4,88000000ffffffffffffa8dd9f4dc5b5
7055,79.192565565,3.896777,34,v4,88000000ffffffffffffa8dd9f4dc5b5
7056,79.195991364,3.425799,34,v4,88000000ffffffffffffa8dd9f4dc5b5
7057,79.201463698,5.472334,34,v4,88000000ffffffffffffa8dd9f4dc5b5
7058,79.204822433,3.358735,34,v4,88000000ffffffffffffa8dd9f4dc5b5
7059,79.207822945,3.000512,34,v4,88000000ffffffffffffa8dd9f4dc5b5
7060,79.212288985,4.466040,34,v4,88000000ffffffffffffa8dd9f4dc5b5
7061,79.216223440,3.934455,34,v4,88000000ffffffffffffa8dd9f4dc5b5
7062,79.219159000,2.935560,34,v4,88000000ffffffffffffa8dd9f4dc5b5
7063,79.223135302,3.976302,34,v4,88000000ffffffffffffa8dd9f4dc5b5
7064,79.226216123,3.080821,34,v4,88000000ffffffffffffa8dd9f4dc5b5
7065,79.230179432,3.963309,34,v4,88000000ffffffffffffa8dd9f4dc5b5
7066,79.234322187,4.142755,34,v4,88000000ffffffffffffa8dd9f4dc5b5
7067,79.237307143,2.984956,34,v4,88000000ffffffffffffa8dd9f4dc5b5
7068,79.241383743,4.076600,34,v4,88000000ffffffffffffa8dd9f4dc5b5
7069,79.245434436,4.050693,34,v4,88000000ffffffffffffa8dd9f4dc5b5
7070,79.249420062,3.985626,34,v4,88000000ffffffffffffa8dd9f4dc5b5
7071,79.253873888,4.453826,34,v4,88000000ffffffffffffa8dd9f4dc5b5
7072,79.256786813,2.912925,34,v4,88000000ffffffffffffa8dd9f4dc5b5
7073,79.260816358,4.029545,34,v4,88000000ffffffffffffa8dd9f4dc5b5
7074,79.264954585,4.138227,34,v4,88000000ffffffffffffa8dd9f4dc5b5
7075,79.267890730,2.936145,34,v4,88000000ffffffffffffa8dd9f4dc5b5
7076,79.271994977,4.104247,34,v4,88000000ffffffffffffa8dd9f4dc5b5
7077,79.277828732,5.833755,34,v4,88000000ffffffffffffa8dd9f4dc5b5
7078,79.278958667,1.129935,34,v4,88000000ffffffffffffa8dd9f4dc5b5
7079,79.283123007,4.164340,34,v4,88000000ffffffffffffa8dd9f4dc5b5
7080,79.289122348,5.999341,34,v4,88000000ffffffffffffa8dd9f4dc5b5
7081,79.290209774,1.087426,34,v4,88000000ffffffffffffa8dd9f4dc5b5
7082,79.295454521,5.244747,34,v4,88000000ffffffffffffa8dd9f4dc5b5
7083,79.298332692,2.878171,34,v4,88000000ffffffffffffa8dd9f4dc5b5
7084,79.301584482,3.251790,34,v4,88000000ffffffffffffa8dd9f4dc5b5
7085,79.305607799,4.023317,34,v4,88000000ffffffffffffa8dd9f4dc5b5
7086,79.309591983,3.984184,34,v4,88000000ffffffffffffa8dd9f4dc5b5
7087,79.312519838,2.927855,34,v4,88000000ffffffffffffa8dd9f4dc5b5
7088,79.316499803,3.979965,34,v4,88000000ffffffffffffa8dd9f4dc5b5
7089,79.320605909,4.106106,34,v4,88000000ffffffffffffa8dd9f4dc5b5
7090,79.323727426,3.121517,34,v4,88000000ffffffffffffa8dd9f4dc5b5
7091,79.327781235,4.053809,34,v4,88000000ffffffffffffa8dd9f4dc5b5
7092,79.332749965,4.968730,34,v4,88000000ffffffffffffa8dd9f4dc5b5
7093,79.335981617,3.231652,34,v4,88000000ffffffffffffa8dd9f4dc5b5
7094,79.339936558,3.954941,34,v4,88000000ffffffffffffa8dd9f4dc5b5
7095,79.344055025,4.118467,34,v4,88000000ffffffffffffa8dd9f4dc5b5
7096,79.347186248,3.131223,34,v4,88000000ffffffffffffa8dd9f4dc5b5
7097,79.351166850,3.980602,34,v4,88000000ffffffffffffa8dd9f4dc5b5
7098,79.355271503,4.104653,34,v4,88000000ffffffffffffa8dd9f4dc5b5
7099,79.358344558,3.073055,34,v4,88000000ffffffffffffa8dd9f4dc5b5
7100,79.362331483,3.986925,34,v4,88000000ffffffffffffa8dd9f4dc5b5
7101,79.366298719,3.967236,34,v4,88000000ffffffffffffa8dd9f4dc5b5
7102,79.369478238,3.179519,34,v4,88000000ffffffffffffa8dd9f4dc5b5
7103,79.373536441,4.058203,34,v4,88000000ffffffffffffa8dd9f4dc5b5
7104,79.377451800,3.915359,34,v4,88000000ffffffffffffa8dd9f4dc5b5
7105,79.380494800,3.043000,34,v4,88000000ffffffffffffa8dd9f4dc5b5
7106,79.722198349,341.703549,34,v4,88000000ffffffffffffa8dd9f4dc5b5
7107,79.726560449,4.362100,34,v4,88000000ffffffffffffa8dd9f4dc5b5
7108,79.729167398,2.606949,34,v4,88000000ffffffffffffa8dd9f4dc5b5
7109,79.733436783,4.269385,34,v4,88000000ffffffffffffa8dd9f4dc5b5
7110,79.738629625,5.192842,34,v4,88000000ffffffffffffa8dd9f4dc5b5
7111,79.742156230,3.526605,34,v4,88000000ffffffffffffa8dd9f4dc5b5
7112,79.744456232,2.300002,34,v4,88000000ffffffffffffa8dd9f4dc5b5
7113,79.747379358,2.923126,34,v4,88000000ffffffffffffa8dd9f4dc5b5
7114,79.751545117,4.165759,34,v4,88000000ffffffffffffa8dd9f4dc5b5
7115,79.754505749,2.960632,34,v4,88000000ffffffffffffa8dd9f4dc5b5
7116,79.759100459,4.594710,34,v4,88000000ffffffffffffa8dd9f4dc5b5
7117,79.761684626,2.584167,34,v4,88000000ffffffffffffa8dd9f4dc5b5
7118,79.765772176,4.087550,34,v4,88000000ffffffffffffa8dd9f4dc5b5
7119,79.769692675,3.920499,34,v4,88000000ffffffffffffa8dd9f4dc5b5
7120,79.772824462,3.131787,34,v4,88000000ffffffffffffa8dd9f4dc5b5
7121,79.776990308,4.165846,34,v4,88000000ffffffffffffa8dd9f4dc5b5
7122,79.779916857,2.926549,34,v4,88000000ffffffffffffa8dd9f4dc5b5
7123,79.783894127,3.977270,34,v4,88000000ffffffffffffa8dd9f4dc5b5
7124,79.786965691,3.071564,34,v4,88000000ffffffffffffa8dd9f4dc5b5
7125,79.790991287,4.025596,34,v4,88000000ffffffffffffa8dd9f4dc5b5
7126,79.794153359,3.162072,34,v4,88000000ffffffffffffa8dd9f4dc5b5
7127,79.798091075,3.937716,34,v4,88000000ffffffffffffa8dd9f4dc5b5
7128,79.802283353,4.192278,34,v4,88000000ffffffffffffa8dd9f4dc5b5
7129,79.805544467,3.261114,34,v4,88000000ffffffffffffa8dd9f4dc5b5
7130,79.810329413,4.784946,34,v4,88000000ffffffffffffa8dd9f4dc5b5
7131,79.812371689,2.042276,34,v4,88000000ffffffffffffa8dd9f4dc5b5
7132,79.816415323,4.043634,34,v4,88000000ffffffffffffa8dd9f4dc5b5
7133,79.820558008,4.142685,34,v4,88000000ffffffffffffa8dd9f4dc5b5
7134,79.823565345,3.007337,34,v4,88000000ffffffffffffa8dd9f4dc5b5
7135,79.827575211,4.009866,34,v4,88000000ffffffffffffa8dd9f4dc5b5
7136,79.830747181,3.171970,34,v4,88000000ffffffffffffa8dd9f4dc5b5
7137,79.834708925,3.961744,34,v4,88000000ffffffffffffa8dd9f4dc5b5
7138,79.837834019,3.125094,34,v4,88000000ffffffffffffa8dd9f4dc5b5
7139,79.841860017,4.025998,34,v4,88000000ffffffffffffa8dd9f4dc5b5
7140,79.845892630,4.032613,34,v4,88000000ffffffffffffa8dd9f4dc5b5
7141,79.849893974,4.001344,34,v4,88000000ffffffffffffa8dd9f4dc5b5
7142,79.854114382,4.220408,34,v4,88000000ffffffffffffa8dd9f4dc5b5
7143,79.857088923,2.974541,34,v4,88000000ffffffffffffa8dd9f4dc5b5
7144,79.861217684,4.128761,34,v4,88000000ffffffffffffa8dd9f4dc5b5
7145,79.864511884,3.294200,34,v4,88000000ffffffffffffa8dd9f4dc5b5
7146,79.868332364,3.820480,34,v4,88000000ffffffffffffa8dd9f4dc5b5
7147,79.871432024,3.099660,34,v4,88000000ffffffffffffa8dd9f4dc5b5
7148,79.875443059,4.011035,34,v4,88000000ffffffffffffa8dd9f4dc5b5
7149,79.879461669,4.018610,34,v4,88000000ffffffffffffa8dd9f4dc5b5
7150,79.882555391,3.093722,34,v4,88000000ffffffffffffa8dd9f4dc5b5
7151,79.887075531,4.520140,34,v4,88000000ffffffffffffa8dd9f4dc5b5
7152,79.889734589,2.659058,34,v4,88000000ffffffffffffa8dd9f4dc5b5
7153,79.893788572,4.053983,34,v4,88000000ffffffffffffa8dd9f4dc5b5
7154,79.897849082,4.060510,34,v4,88000000ffffffffffffa8dd9f4dc5b5
7155,79.900852564,3.003482,34,v4,88000000ffffffffffffa8dd9f4dc5b5
7156,79.905191777,4.339213,34,v4,88000000ffffffffffffa8dd9f4dc5b5
7157,79.907880547,2.688770,34,v4,88000000ffffffffffffa8dd9f4dc5b5
7158,79.911981222,4.100675,34,v4,88000000ffffffffffffa8dd9f4dc5b5
7159,79.916294592,4.313370,34,v4,88000000ffffffffffffa8dd9f4dc5b5
7160,79.919201796,2.907204,34,v4,88000000ffffffffffffa8dd9f4dc5b5
7161,79.923194367,3.992571,34,v4,88000000ffffffffffffa8dd9f4dc5b5
7162,79.926345657,3.151290,34,v4,88000000ffffffffffffa8dd9f4dc5b5
7163,79.930396628,4.050971,34,v4,88000000ffffffffffffa8dd9f4dc5b5
7164,79.933292544,2.895916,34,v4,88000000ffffffffffffa8dd9f4dc5b5
7165,79.937461083,4.168539,34,v4,88000000ffffffffffffa8dd9f4dc5b5
7166,79.941444606,3.983523,34,v4,88000000ffffffffffffa8dd9f4dc5b5
7167,79.944710790,3.266184,34,v4,88000000ffffffffffffa8dd9f4dc5b5
7168,79.948673668,3.962878,34,v4,88000000ffffffffffffa8dd9f4dc5b5
7169,79.952781787,4.108119,34,v4,88000000ffffffffffffa8dd9f4dc5b5
7170,79.955824393,3.042606,34,v4,88000000ffffffffffffa8dd9f4dc5b5
7171,79.959988536,4.164143,34,v4,88000000ffffffffffffa8dd9f4dc5b5
7172,79.962880165,2.891629,34,v4,88000000ffffffffffffa8dd9f4dc5b5
7173,79.966988721,4.108556,34,v4,88000000ffffffffffffa8dd9f4dc5b5
7174,79.970099228,3.110507,34,v4,88000000ffffffffffffa8dd9f4dc5b5
7175,79.974027248,3.928020,34,v4,88000000ffffffffffffa8dd9f4dc5b5
7176,79.978020642,3.993394,34,v4,88000000ffffffffffffa8dd9f4dc5b5
7177,79.982299462,4.278820,34,v4,88000000ffffffffffffa8dd9f4dc5b5
7178,79.987964266,5.664804,34,v4,88000000ffffffffffffa8dd9f4dc5b5
7179,79.990149703,2.185437,34,v4,88000000ffffffffffffa8dd9f4dc5b5
7180,79.994099665,3.949962,34,v4,88000000ffffffffffffa8dd9f4dc5b5
7181,79.997638273,3.538608,34,v4,88000000ffffffffffffa8dd9f4dc5b5
7182,80.000743186,3.104913,34,v4,88000000ffffffffffffa8dd9f4dc5b5
7183,80.004471392,3.728206,34,v4,88000000ffffffffffffa8dd9f4dc5b5
7184,80.008551386,4.079994,34,v4,88000000ffffffffffffa8dd9f4dc5b5
7185,80.013456269,4.904883,34,v4,88000000ffffffffffffa8dd9f4dc5b5
7186,80.015701720,2.245451,34,v4,88000000ffffffffffffa8dd9f4dc5b5
7187,80.018896507,3.194787,34,v4,88000000ffffffffffffa8dd9f4dc5b5
7188,80.023036536,4.140029,34,v4,88000000ffffffffffffa8dd9f4dc5b5
7189,80.025968895,2.932359,34,v4,88000000ffffffffffffa8dd9f4dc5b5
7190,80.030024371,4.055476,34,v4,88000000ffffffffffffa8dd9f4dc5b5
7191,80.033970813,3.946442,34,v4,88000000ffffffffffffa8dd9f4dc5b5
7192,80.037264970,3.294157,34,v4,88000000ffffffffffffa8dd9f4dc5b5
7193,80.040946535,3.681565,34,v4,88000000ffffffffffffa8dd9f4dc5b5
7194,80.045243342,4.296807,34,v4,88000000ffffffffffffa8dd9f4dc5b5
7195,80.048390199,3.146857,34,v4,88000000ffffffffffffa8dd9f4dc5b5
7196,80.054099659,5.709460,34,v4,88000000ffffffffffffa8dd9f4dc5b5
7197,80.055259579,1.159920,34,v4,88000000ffffffffffffa8dd9f4dc5b5
7198,80.059306807,4.047228,34,v4,88000000ffffffffffffa8dd9f4dc5b5
7199,80.062262936,2.956129,34,v4,88000000ffffffffffffa8dd9f4dc5b5
7200,80.066577554,4.314618,34,v4,88000000ffffffffffffa8dd9f4dc5b5
7201,80.070435023,3.857469,34,v4,88000000ffffffffffffa8dd9f4dc5b5
7202,80.073717656,3.282633,34,v4,88000000ffffffffffffa8dd9f4dc5b5
7203,80.077750180,4.032524,34,v4,88000000ffffffffffffa8dd9f4dc5b5
7204,80.080630580,2.880400,34,v4,88000000ffffffffffffa8dd9f4dc5b5
7205,80.085570997,4.940417,34,v4,88000000ffffffffffffa8dd9f4dc5b5
7206,80.437237886,351.666889,34,v4,88000000ffffffffffffa8dd9f4dc5b5
7207,80.441395741,4.157855,34,v4,88000000ffffffffffffa8dd9f4dc5b5
7208,80.444272112,2.876371,34,v4,88000000ffffffffffffa8dd9f4dc5b5
7209,80.448507504,4.235392,34,v4,88000000ffffffffffffa8dd9f4dc5b5
7210,80.451359019,2.851515,34,v4,88000000ffffffffffffa8dd9f4dc5b5
7211,80.455440780,4.081761,34,v4,88000000ffffffffffffa8dd9f4dc5b5
7212,80.458640563,3.199783,34,v4,88000000ffffffffffffa8dd9f4dc5b5
7213,80.461621219,2.980656,34,v4,88000000ffffffffffffa8dd9f4dc5b5
7214,80.465626664,4.005445,34,v4,88000000ffffffffffffa8dd9f4dc5b5
7215,80.469730413,4.103749,34,v4,88000000ffffffffffffa8dd9f4dc5b5
7216,80.472757668,3.027255,34,v4,88000000ffffffffffffa8dd9f4dc5b5
7217,80.476908541,4.150873,34,v4,88000000ffffffffffffa8dd9f4dc5b5
7218,80.479948479,3.039938,34,v4,88000000ffffffffffffa8dd9f4dc5b5
7219,80.483133254,3.184775,34,v4,88000000ffffffffffffa8dd9f4dc5b5
7220,80.487013744,3.880490,34,v4,88000000ffffffffffffa8dd9f4dc5b5
7221,80.489974379,2.960635,34,v4,88000000ffffffffffffa8dd9f4dc5b5
7222,80.494190019,4.215640,34,v4,88000000ffffffffffffa8dd9f4dc5b5
7223,80.497047169,2.857150,34,v4,88000000ffffffffffffa8dd9f4dc5b5
7224,80.502465886,5.418717,34,v4,88000000ffffffffffffa8dd9f4dc5b5
7225,80.505831291,3.365405,34,v4,88000000ffffffffffffa8dd9f4dc5b5
7226,80.509535970,3.704679,34,v4,88000000ffffffffffffa8dd9f4dc5b5
7227,80.512377742,2.841772,34,v4,88000000ffffffffffffa8dd9f4dc5b5
7228,80.516417619,4.039877,34,v4,88000000ffffffffffffa8dd9f4dc5b5
7229,80.519634873,3.217254,34,v4,88000000ffffffffffffa8dd9f4dc5b5
7230,80.523674238,4.039365,34,v4,88000000ffffffffffffa8dd9f4dc5b5
7231,80.526642971,2.968733,34,v4,88000000ffffffffffffa8dd9f4dc5b5
7232,80.530645474,4.002503,34,v4,88000000ffffffffffffa8dd9f4dc5b5
7233,80.533721908,3.076434,34,v4,88000000ffffffffffffa8dd9f4dc5b5
7234,80.536829479,3.107571,34,v4,88000000ffffffffffffa8dd9f4dc5b5
7235,80.540972663,4.143184,34,v4,88000000ffffffffffffa8dd9f4dc5b5
7236,80.543840825,2.868162,34,v4,88000000ffffffffffffa8dd9f4dc5b5
7237,80.548111203,4.270378,34,v4,88000000ffffffffffffa8dd9f4dc5b5
7238,80.551732323,3.621120,34,v4,88000000ffffffffffffa8dd9f4dc5b5
7239,80.555103036,3.370713,34,v4,88000000ffffffffffffa8dd9f4dc5b5
7240,80.558245013,3.141977,34,v4,88000000ffffffffffffa8dd9f4dc5b5
7241,80.562183571,3.938558,34,v4,88000000ffffffffffffa8dd9f4dc5b5
7242,80.565427061,3.243490,34,v4,88000000ffffffffffffa8dd9f4dc5b5
7243,80.573489208,8.062147,34,v4,88000000ffffffffffffa8dd9f4dc5b5
7244,80.576420763,2.931555,34,v4,88000000ffffffffffffa8dd9f4dc5b5
7245,80.579568185,3.147422,34,v4,88000000ffffffffffffa8dd9f4dc5b5
7246,80.583465052,3.896867,34,v4,88000000ffffffffffffa8dd9f4dc5b5
7247,80.586546233,3.081181,34,v4,88000000ffffffffffffa8dd9f4dc5b5
7248,80.589664415,3.118182,34,v4,88000000ffffffffffffa8dd9f4dc5b5
7249,80.593788259,4.123844,34,v4,88000000ffffffffffffa8dd9f4dc5b5
7250,80.596763317,2.975058,34,v4,88000000ffffffffffffa8dd9f4dc5b5
7251,80.600881115,4.117798,34,v4,88000000ffffffffffffa8dd9f4dc5b5
7252,80.603886887,3.005772,34,v4,88000000ffffffffffffa8dd9f4dc5b5
7253,80.608524089,4.637202,34,v4,88000000ffffffffffffa8dd9f4dc5b5
7254,80.610888811,2.364722,34,v4,88000000ffffffffffffa8dd9f4dc5b5
7255,80.615025934,4.137123,34,v4,88000000ffffffffffffa8dd9f4dc5b5
7256,80.618073144,3.047210,34,v4,88000000ffffffffffffa8dd9f4dc5b5
7257,80.622112441,4.039297,34,v4,88000000ffffffffffffa8dd9f4dc5b5
7258,80.625213180,3.100739,34,v4,88000000ffffffffffffa8dd9f4dc5b5
7259,80.630277208,5.064028,34,v4,88000000ffffffffffffa8dd9f4dc5b5
7260,80.633264164,2.986956,34,v4,88000000ffffffffffffa8dd9f4dc5b5
7261,80.637311452,4.047288,34,v4,88000000ffffffffffffa8dd9f4dc5b5
7262,80.640635338,3.323886,34,v4,88000000ffffffffffffa8dd9f4dc5b5
7263,80.644461181,3.825843,34,v4,88000000ffffffffffffa8dd9f4dc5b5
7264,80.647463122,3.001941,34,v4,88000000ffffffffffffa8dd9f4dc5b5
7265,80.651549905,4.086783,34,v4,88000000ffffffffffffa8dd9f4dc5b5
7266,80.654746407,3.196502,34,v4,88000000ffffffffffffa8dd9f4dc5b5
7267,80.658801213,4.054806,34,v4,88000000ffffffffffffa8dd9f4dc5b5
7268,80.661988409,3.187196,34,v4,88000000ffffffffffffa8dd9f4dc5b5
7269,80.665856077,3.867668,34,v4,88000000ffffffffffffa8dd9f4dc5b5
7270,80.668902577,3.046500,34,v4,88000000ffffffffffffa8dd9f4dc5b5
7271,80.673056210,4.153633,34,v4,88000000ffffffffffffa8dd9f4dc5b5
7272,80.676000710,2.944500,34,v4,88000000ffffffffffffa8dd9f4dc5b5
7273,80.679994328,3.993618,34,v4,88000000ffffffffffffa8dd9f4dc5b5
7274,80.683098837,3.104509,34,v4,88000000ffffffffffffa8dd9f4dc5b5
7275,80.686087256,2.988419,34,v4,88000000ffffffffffffa8dd9f4dc5b5
7276,80.690201707,4.114451,34,v4,88000000ffffffffffffa8dd9f4dc5b5
7277,80.693246750,3.045043,34,v4,88000000ffffffffffffa8dd9f4dc5b5
7278,80.697326113,4.079363,34,v4,88000000ffffffffffffa8dd9f4dc5b5
7279,80.700434789,3.108676,34,v4,88000000ffffffffffffa8dd9f4dc5b5
7280,80.704421372,3.986583,34,v4,88000000ffffffffffffa8dd9f4dc5b5
7281,80.707478656,3.057284,34,v4,88000000ffffffffffffa8dd9f4dc5b5
7282,80.711590382,4.111726,34,v4,88000000ffffffffffffa8dd9f4dc5b5
7283,80.714663235,3.072853,34,v4,88000000ffffffffffffa8dd9f4dc5b5
7284,80.718644269,3.981034,34,v4,88000000ffffffffffffa8dd9f4dc5b5
7285,80.721791995,3.147726,34,v4,88000000ffffffffffffa8dd9f4dc5b5
7286,80.725752774,3.960779,34,v4,88000000ffffffffffffa8dd9f4dc5b5
7287,80.728780347,3.027573,34,v4,88000000ffffffffffffa8dd9f4dc5b5
7288,80.733145816,4.365469,34,v4,88000000ffffffffffffa8dd9f4dc5b5
7289,80.736188674,3.042858,34,v4,88000000ffffffffffffa8dd9f4dc5b5
7290,80.739042091,2.853417,34,v4,88000000ffffffffffffa8dd9f4dc5b5
7291,80.742992216,3.950125,34,v4,88000000ffffffffffffa8dd9f4dc5b5
7292,80.746467987,3.475771,34,v4,88000000ffffffffffffa8dd9f4dc5b5
7293,80.750285179,3.817192,34,v4,88000000ffffffffffffa8dd9f4dc5b5
7294,80.753543762,3.258583,34,v4,88000000ffffffffffffa8dd9f4dc5b5
7295,80.757349781,3.806019,34,v4,88000000ffffffffffffa8dd9f4dc5b5
7296,80.761297968,3.948187,34,v4,88000000ffffffffffffa8dd9f4dc5b5
7297,80.765346866,4.048898,34,v4,88000000ffffffffffffa8dd9f4dc5b5
7298,80.768486206,3.139340,34,v4,88000000ffffffffffffa8dd9f4dc5b5
7299,80.772463101,3.976895,34,v4,88000000ffffffffffffa8dd9f4dc5b5
7300,80.775887019,3.423918,34,v4,88000000ffffffffffffa8dd9f4dc5b5
7301,80.779572030,3.685011,34,v4,88000000ffffffffffffa8dd9f4dc5b5
7302,80.782734483,3.162453,34,v4,88000000ffffffffffffa8dd9f4dc5b5
7303,80.786692850,3.958367,34,v4,88000000ffffffffffffa8dd9f4dc5b5
7304,80.789805783,3.112933,34,v4,88000000ffffffffffffa8dd9f4dc5b5
7305,81.142551467,352.745684,34,v4,88000000ffffffffffffa8dd9f4dc5b5
7306,81.145578592,3.027125,34,v4,88000000ffffffffffffa8dd9f4dc5b5
7307,81.148618680,3.040088,34,v4,88000000ffffffffffffa8dd9f4dc5b5
7308,81.153466092,4.847412,34,v4,88000000ffffffffffffa8dd9f4dc5b5
7309,81.156526887,3.060795,34,v4,88000000ffffffffffffa8dd9f4dc5b5
7310,81.160622673,4.095786,34,v4,88000000ffffffffffffa8dd9f4dc5b5
7311,81.163701688,3.079015,34,v4,88000000ffffffffffffa8dd9f4dc5b5
7312,81.166697461,2.995773,34,v4,88000000ffffffffffffa8dd9f4dc5b5
7313,81.170822659,4.125198,34,v4,88000000ffffffffffffa8dd9f4dc5b5
7314,81.173915811,3.093152,34,v4,88000000ffffffffffffa8dd9f4dc5b5
7315,81.176837488,2.921677,34,v4,88000000ffffffffffffa8dd9f4dc5b5
7316,81.181015908,4.178420,34,v4,88000000ffffffffffffa8dd9f4dc5b5
7317,81.183926421,2.910513,34,v4,88000000ffffffffffffa8dd9f4dc5b5
7318,81.188154664,4.228243,34,v4,88000000ffffffffffffa8dd9f4dc5b5
7319,81.191149445,2.994781,34,v4,88000000ffffffffffffa8dd9f4dc5b5
7320,81.194058501,2.909056,34,v4,88000000ffffffffffffa8dd9f4dc5b5
7321,81.199172295,5.113794,34,v4,88000000ffffffffffffa8dd9f4dc5b5
7322,81.201316656,2.144361,34,v4,88000000ffffffffffffa8dd9f4dc5b5
7323,81.205352467,4.035811,34,v4,88000000ffffffffffffa8dd9f4dc5b5
7324,81.210163901,4.811434,34,v4,88000000ffffffffffffa8dd9f4dc5b5
7325,81.211633386,1.469485,34,v4,88000000ffffffffffffa8dd9f4dc5b5
7326,81.215451773,3.818387,34,v4,88000000ffffffffffffa8dd9f4dc5b5
7327,81.218475505,3.023732,34,v4,88000000ffffffffffffa8dd9f4dc5b5
7328,81.222591012,4.115507,34,v4,88000000ffffffffffffa8dd9f4dc5b5
7329,81.225684731,3.093719,34,v4,88000000ffffffffffffa8dd9f4dc5b5
7330,81.228723576,3.038845,34,v4,88000000ffffffffffffa8dd9f4dc5b5
7331,81.232874864,4.151288,34,v4,88000000ffffffffffffa8dd9f4dc5b5
7332,81.235963839,3.088975,34,v4,88000000ffffffffffffa8dd9f4dc5b5
7333,81.238915766,2.951927,34,v4,88000000ffffffffffffa8dd9f4dc5b5
7334,81.243015897,4.100131,34,v4,88000000ffffffffffffa8dd9f4dc5b5
7335,81.246021760,3.005863,34,v4,88000000ffffffffffffa8dd9f4dc5b5
7336,81.249941618,3.919858,34,v4,88000000ffffffffffffa8dd9f4dc5b5
7337,81.253336897,3.395279,34,v4,88000000ffffffffffffa8dd9f4dc5b5
7338,81.256135501,2.798604,34,v4,88000000ffffffffffffa8dd9f4dc5b5
7339,81.260221057,4.085556,34,v4,88000000ffffffffffffa8dd9f4dc5b5
7340,81.263124259,2.903202,34,v4,88000000ffffffffffffa8dd9f4dc5b5
7341,81.267341457,4.217198,34,v4,88000000ffffffffffffa8dd9f4dc5b5
7342,81.270289769,2.948312,34,v4,88000000ffffffffffffa8dd9f4dc5b5
7343,81.273909241,3.619472,34,v4,88000000ffffffffffffa8dd9f4dc5b5
7344,81.277525357,3.616116,34,v4,88000000ffffffffffffa8dd9f4dc5b5
7345,81.281612023,4.086666,34,v4,88000000ffffffffffffa8dd9f4dc5b5
7346,81.284597711,2.985688,34,v4,88000000ffffffffffffa8dd9f4dc5b5
7347,81.288609196,4.011485,34,v4,88000000ffffffffffffa8dd9f4dc5b5
7348,81.291706204,3.097008,34,v4,88000000ffffffffffffa8dd9f4dc5b5
7349,81.295778787,4.072583,34,v4,88000000ffffffffffffa8dd9f4dc5b5
7350,81.298840893,3.062106,34,v4,88000000ffffffffffffa8dd9f4dc5b5
7351,81.302060787,3.219894,34,v4,88000000ffffffffffffa8dd9f4dc5b5
7352,81.305947098,3.886311,34,v4,88000000ffffffffffffa8dd9f4dc5b5
7353,81.309022452,3.075354,34,v4,88000000ffffffffffffa8dd9f4dc5b5
7354,81.312014152,2.991700,34,v4,88000000ffffffffffffa8dd9f4dc5b5
7355,81.316078445,4.064293,34,v4,88000000ffffffffffffa8dd9f4dc5b5
7356,81.319317922,3.239477,34,v4,88000000ffffffffffffa8dd9f4dc5b5
7357,81.322089761,2.771839,34,v4,88000000ffffffffffffa8dd9f4dc5b5
7358,81.327297627,5.207866,34,v4,88000000ffffffffffffa8dd9f4dc5b5
7359,81.329306771,2.009144,34,v4,88000000ffffffffffffa8dd9f4dc5b5
7360,81.333395061,4.088290,34,v4,88000000ffffffffffffa8dd9f4dc5b5
7361,81.336335443,2.940382,34,v4,88000000ffffffffffffa8dd9f4dc5b5
7362,81.339429584,3.094141,34,v4,88000000ffffffffffffa8dd9f4dc5b5
7363,81.343545057,4.115473,34,v4,88000000ffffffffffffa8dd9f4dc5b5
7364,81.346438099,2.893042,34,v4,88000000ffffffffffffa8dd9f4dc5b5
7365,81.349544017,3.105918,34,v4,88000000ffffffffffffa8dd9f4dc5b5
7366,81.353652982,4.108965,34,v4,88000000ffffffffffffa8dd9f4dc5b5
7367,81.356676636,3.023654,34,v4,88000000ffffffffffffa8dd9f4dc5b5
7368,81.360769544,4.092908,34,v4,88000000ffffffffffffa8dd9f4dc5b5
7369,81.363929734,3.160190,34,v4,88000000ffffffffffffa8dd9f4dc5b5
7370,81.366930921,3.001187,34,v4,88000000ffffffffffffa8dd9f4dc5b5
7371,81.370999683,4.068762,34,v4,88000000ffffffffffffa8dd9f4dc5b5
7372,81.373996292,2.996609,34,v4,88000000ffffffffffffa8dd9f4dc5b5
7373,81.378214768,4.218476,34,v4,88000000ffffffffffffa8dd9f4dc5b5
7374,81.381364815,3.150047,34,v4,88000000ffffffffffffa8dd9f4dc5b5
7375,81.384370782,3.005967,34,v4,88000000ffffffffffffa8dd9f4dc5b5
7376,81.388299756,3.928974,34,v4,88000000ffffffffffffa8dd9f4dc5b5
7377,81.391695625,3.395869,34,v4,88000000ffffffffffffa8dd9f4dc5b5
7378,81.394317090,2.621465,34,v4,88000000ffffffffffffa8dd9f4dc5b5
7379,81.398614235,4.297145,34,v4,88000000ffffffffffffa8dd9f4dc5b5
7380,81.401460022,2.845787,34,v4,88000000ffffffffffffa8dd9f4dc5b5
7381,81.405833065,4.373043,34,v4,88000000ffffffffffffa8dd9f4dc5b5
7382,81.408651705,2.818640,34,v4,88000000ffffffffffffa8dd9f4dc5b5
7383,81.412783946,4.132241,34,v4,88000000ffffffffffffa8dd9f4dc5b5
7384,81.416720075,3.936129,34,v4,88000000ffffffffffffa8dd9f4dc5b5
7385,81.419693942,2.973867,34,v4,88000000ffffffffffffa8dd9f4dc5b5
7386,81.422723910,3.029968,34,v4,88000000ffffffffffffa8dd9f4dc5b5
7387,81.426979189,4.255279,34,v4,88000000ffffffffffffa8dd9f4dc5b5
7388,81.431747855,4.768666,34,v4,88000000ffffffffffffa8dd9f4dc5b5
7389,81.434041315,2.293460,34,v4,88000000ffffffffffffa8dd9f4dc5b5
7390,81.441384802,7.343487,34,v4,88000000ffffffffffffa8dd9f4dc5b5
7391,81.444154803,2.770001,34,v4,88000000ffffffffffffa8dd9f4dc5b5
7392,81.447603219,3.448416,34,v4,88000000ffffffffffffa8dd9f4dc5b5
7393,81.450250120,2.646901,34,v4,88000000ffffffffffffa8dd9f4dc5b5
7394,81.454133740,3.883620,34,v4,88000000ffffffffffffa8dd9f4dc5b5
7395,81.457323285,3.189545,34,v4,88000000ffffffffffffa8dd9f4dc5b5
7396,81.460303964,2.980679,34,v4,88000000ffffffffffffa8dd9f4dc5b5
7397,81.464410884,4.106920,34,v4,88000000ffffffffffffa8dd9f4dc5b5
7398,81.467545290,3.134406,34,v4,88000000ffffffffffffa8dd9f4dc5b5
7399,81.471524488,3.979198,34,v4,88000000ffffffffffffa8dd9f4dc5b5
7400,81.474575372,3.050884,34,v4,88000000ffffffffffffa8dd9f4dc5b5
7401,81.477554812,2.979440,34,v4,88000000ffffffffffffa8dd9f4dc5b5
7402,81.481676623,4.121811,34,v4,88000000ffffffffffffa8dd9f4dc5b5
7403,81.484834432,3.157809,34,v4,88000000ffffffffffffa8dd9f4dc5b5
7404,81.837359875,352.525443,34,v4,88000000ffffffffffffa8dd9f4dc5b5
7405,81.840392403,3.032528,34,v4,88000000ffffffffffffa8dd9f4dc5b5
7406,81.844415771,4.023368,34,v4,88000000ffffffffffffa8dd9f4dc5b5
7407,81.847556903,3.141132,34,v4,88000000ffffffffffffa8dd9f4dc5b5
7408,81.850428506,2.871603,34,v4,88000000ffffffffffffa8dd9f4dc5b5
7409,81.854638979,4.210473,34,v4,88000000ffffffffffffa8dd9f4dc5b5
7410,81.857749866,3.110887,34,v4,88000000ffffffffffffa8dd9f4dc5b5
7411,81.860789483,3.039617,34,v4,88000000ffffffffffffa8dd9f4dc5b5
7412,81.863869037,3.079554,34,v4,88000000ffffffffffffa8dd9f4dc5b5
7413,81.867825928,3.956891,34,v4,88000000ffffffffffffa8dd9f4dc5b5
7414,81.871139549,3.313621,34,v4,88000000ffffffffffffa8dd9f4dc5b5
7415,81.874200977,3.061428,34,v4,88000000ffffffffffffa8dd9f4dc5b5
7416,81.877989240,3.788263,34,v4,88000000ffffffffffffa8dd9f4dc5b5
7417,81.880818651,2.829411,34,v4,88000000ffffffffffffa8dd9f4dc5b5
7418,81.883919032,3.100381,34,v4,88000000ffffffffffffa8dd9f4dc5b5
7419,81.887042458,3.123426,34,v4,88000000ffffffffffffa8dd9f4dc5b5
7420,81.891109046,4.066588,34,v4,88000000ffffffffffffa8dd9f4dc5b5
7421,81.894261387,3.152341,34,v4,88000000ffffffffffffa8dd9f4dc5b5
7422,81.897444813,3.183426,34,v4,88000000ffffffffffffa8dd9f4dc5b5
7423,81.901329895,3.885082,34,v4,88000000ffffffffffffa8dd9f4dc5b5
7424,81.904228702,2.898807,34,v4,88000000ffffffffffffa8dd9f4dc5b5
7425,81.907571937,3.343235,34,v4,88000000ffffffffffffa8dd9f4dc5b5
7426,81.910505123,2.933186,34,v4,88000000ffffffffffffa8dd9f4dc5b5
7427,81.914534890,4.029767,34,v4,88000000ffffffffffffa8dd9f4dc5b5
7428,81.917475395,2.940505,34,v4,88000000ffffffffffffa8dd9f4dc5b5
7429,81.920522850,3.047455,34,v4,88000000ffffffffffffa8dd9f4dc5b5
7430,81.926571774,6.048924,34,v4,88000000ffffffffffffa8dd9f4dc5b5
7431,81.927651657,1.079883,34,v4,88000000ffffffffffffa8dd9f4dc5b5
7432,81.932084768,4.433111,34,v4,88000000ffffffffffffa8dd9f4dc5b5
7433,81.934847836,2.763068,34,v4,88000000ffffffffffffa8dd9f4dc5b5
7434,81.938943717,4.095881,34,v4,88000000ffffffffffffa8dd9f4dc5b5
7435,81.942001087,3.057370,34,v4,88000000ffffffffffffa8dd9f4dc5b5
7436,81.944892802,2.891715,34,v4,88000000ffffffffffffa8dd9f4dc5b5
7437,81.948027016,3.134214,34,v4,88000000ffffffffffffa8dd9f4dc5b5
7438,81.952075282,4.048266,34,v4,88000000ffffffffffffa8dd9f4dc5b5
7439,81.955081689,3.006407,34,v4,88000000ffffffffffffa8dd9f4dc5b5
7440,81.958110703,3.029014,34,v4,88000000ffffffffffffa8dd9f4dc5b5
7441,81.961234445,3.123742,34,v4,88000000ffffffffffffa8dd9f4dc5b5
7442,81.965372953,4.138508,34,v4,88000000ffffffffffffa8dd9f4dc5b5
7443,81.968816670,3.443717,34,v4,88000000ffffffffffffa8dd9f4dc5b5
7444,81.971584717,2.768047,34,v4,88000000ffffffffffffa8dd9f4dc5b5
7445,81.975688113,4.103396,34,v4,88000000ffffffffffffa8dd9f4dc5b5
7446,81.978547177,2.859064,34,v4,88000000ffffffffffffa8dd9f4dc5b5
7447,81.981536448,2.989271,34,v4,88000000ffffffffffffa8dd9f4dc5b5
7448,81.984858780,3.322332,34,v4,88000000ffffffffffffa8dd9f4dc5b5
7449,81.991748513,6.889733,34,v4,88000000ffffffffffffa8dd9f4dc5b5
7450,81.994933865,3.185352,34,v4,88000000ffffffffffffa8dd9f4dc5b5
7451,81.997889635,2.955770,34,v4,88000000ffffffffffffa8dd9f4dc5b5
7452,82.002066907,4.177272,34,v4,88000000ffffffffffffa8dd9f4dc5b5
7453,82.005078964,3.012057,34,v4,88000000ffffffffffffa8dd9f4dc5b5
7454,82.008068811,2.989847,34,v4,88000000ffffffffffffa8dd9f4dc5b5
7455,82.012058506,3.989695,34,v4,88000000ffffffffffffa8dd9f4dc5b5
7456,82.015440507,3.382001,34,v4,88000000ffffffffffffa8dd9f4dc5b5
7457,82.018190521,2.750014,34,v4,88000000ffffffffffffa8dd9f4dc5b5
7458,82.021208024,3.017503,34,v4,88000000ffffffffffffa8dd9f4dc5b5
7459,82.025145366,3.937342,34,v4,88000000ffffffffffffa8dd9f4dc5b5
7460,82.028276382,3.131016,34,v4,88000000ffffffffffffa8dd9f4dc5b5
7461,82.031477995,3.201613,34,v4,88000000ffffffffffffa8dd9f4dc5b5
7462,82.035330438,3.852443,34,v4,88000000ffffffffffffa8dd9f4dc5b5
7463,82.038314265,2.983827,34,v4,88000000ffffffffffffa8dd9f4dc5b5
7464,82.041546253,3.231988,34,v4,88000000ffffffffffffa8dd9f4dc5b5
7465,82.044412626,2.866373,34,v4,88000000ffffffffffffa8dd9f4dc5b5
7466,82.048584944,4.172318,34,v4,88000000ffffffffffffa8dd9f4dc5b5
7467,82.051650126,3.065182,34,v4,88000000ffffffffffffa8dd9f4dc5b5
7468,82.054630255,2.980129,34,v4,88000000ffffffffffffa8dd9f4dc5b5
7469,82.058807710,4.177455,34,v4,88000000ffffffffffffa8dd9f4dc5b5
7470,82.062859897,4.052187,34,v4,88000000ffffffffffffa8dd9f4dc5b5
7471,82.065924865,3.064968,34,v4,88000000ffffffffffffa8dd9f4dc5b5
7472,82.068937647,3.012782,34,v4,88000000ffffffffffffa8dd9f4dc5b5
7473,82.072078677,3.141030,34,v4,88000000ffffffffffffa8dd9f4dc5b5
7474,82.075960554,3.881877,34,v4,88000000ffffffffffffa8dd9f4dc5b5
7475,82.079040094,3.079540,34,v4,88000000ffffffffffffa8dd9f4dc5b5
7476,82.082228980,3.188886,34,v4,88000000ffffffffffffa8dd9f4dc5b5
7477,82.086126600,3.897620,34,v4,88000000ffffffffffffa8dd9f4dc5b5
7478,82.089326337,3.199737,34,v4,88000000ffffffffffffa8dd9f4dc5b5
7479,82.092349390,3.023053,34,v4,88000000ffffffffffffa8dd9f4dc5b5
7480,82.095747524,3.398134,34,v4,88000000ffffffffffffa8dd9f4dc5b5
7481,82.099433313,3.685789,34,v4,88000000ffffffffffffa8dd9f4dc5b5
7482,82.102330755,2.897442,34,v4,88000000ffffffffffffa8dd9f4dc5b5
7483,82.105568806,3.238051,34,v4,88000000ffffffffffffa8dd9f4dc5b5
7484,82.109637922,4.069116,34,v4,88000000ffffffffffffa8dd9f4dc5b5
7485,82.112531805,2.893883,34,v4,88000000ffffffffffffa8dd9f4dc5b5
7486,82.115750737,3.218932,34,v4,88000000ffffffffffffa8dd9f4dc5b5
7487,82.118715176,2.964439,34,v4,88000000ffffffffffffa8dd9f4dc5b5
7488,82.122869949,4.154773,34,v4,88000000ffffffffffffa8dd9f4dc5b5
7489,82.125874249,3.004300,34,v4,88000000ffffffffffffa8dd9f4dc5b5
7490,82.128973277,3.099028,34,v4,88000000ffffffffffffa8dd9f4dc5b5
7491,82.131971525,2.998248,34,v4,88000000ffffffffffffa8dd9f4dc5b5
7492,82.135962354,3.990829,34,v4,88000000ffffffffffffa8dd9f4dc5b5
7493,82.139117131,3.154777,34,v4,88000000ffffffffffffa8dd9f4dc5b5
7494,82.143211245,4.094114,34,v4,88000000ffffffffffffa8dd9f4dc5b5
7495,82.146432734,3.221489,34,v4,88000000ffffffffffffa8dd9f4dc5b5
7496,82.150224995,3.792261,34,v4,88000000ffffffffffffa8dd9f4dc5b5
7497,82.153496005,3.271010,34,v4,88000000ffffffffffffa8dd9f4dc5b5
7498,82.156610535,3.114530,34,v4,88000000ffffffffffffa8dd9f4dc5b5
7499,82.159320249,2.709714,34,v4,88000000ffffffffffffa8dd9f4dc5b5
7500,82.162450504,3.130255,34,v4,88000000ffffffffffffa8dd9f4dc5b5
7501,82.166348405,3.897901,34,v4,88000000ffffffffffffa8dd9f4dc5b5
7502,82.169593093,3.244688,34,v4,88000000ffffffffffffa8dd9f4dc5b5
7503,82.502818281,333.225188,34,v4,88000000ffffffffffffa8dd9f4dc5b5
7504,82.505911930,3.093649,34,v4,88000000ffffffffffffa8dd9f4dc5b5
7505,82.508912970,3.001040,34,v4,88000000ffffffffffffa8dd9f4dc5b5
7506,82.511901694,2.988724,34,v4,88000000ffffffffffffa8dd9f4dc5b5
7507,82.515002553,3.100859,34,v4,88000000ffffffffffffa8dd9f4dc5b5
7508,82.519201756,4.199203,34,v4,88000000ffffffffffffa8dd9f4dc5b5
7509,82.522104853,2.903097,34,v4,88000000ffffffffffffa8dd9f4dc5b5
7510,82.525156822,3.051969,34,v4,88000000ffffffffffffa8dd9f4dc5b5
7511,82.528244449,3.087627,34,v4,88000000ffffffffffffa8dd9f4dc5b5
7512,82.531350000,3.105551,34,v4,88000000ffffffffffffa8dd9f4dc5b5
7513,82.535257802,3.907802,34,v4,88000000ffffffffffffa8dd9f4dc5b5
7514,82.538216782,2.958980,34,v4,88000000ffffffffffffa8dd9f4dc5b5
7515,82.541256495,3.039713,34,v4,88000000ffffffffffffa8dd9f4dc5b5
7516,82.544397214,3.140719,34,v4,88000000ffffffffffffa8dd9f4dc5b5
7517,82.547461423,3.064209,34,v4,88000000ffffffffffffa8dd9f4dc5b5
7518,82.550426701,2.965278,34,v4,88000000ffffffffffffa8dd9f4dc5b5
7519,82.554598361,4.171660,34,v4,88000000ffffffffffffa8dd9f4dc5b5
7520,82.557655960,3.057599,34,v4,88000000ffffffffffffa8dd9f4dc5b5
7521,82.560772116,3.116156,34,v4,88000000ffffffffffffa8dd9f4dc5b5
7522,82.563758590,2.986474,34,v4,88000000ffffffffffffa8dd9f4dc5b5
7523,82.566941136,3.182546,34,v4,88000000ffffffffffffa8dd9f4dc5b5
7524,82.569980659,3.039523,34,v4,88000000ffffffffffffa8dd9f4dc5b5
7525,82.573892816,3.912157,34,v4,88000000ffffffffffffa8dd9f4dc5b5
7526,82.576927146,3.034330,34,v4,88000000ffffffffffffa8dd9f4dc5b5
7527,82.581132837,4.205691,34,v4,88000000ffffffffffffa8dd9f4dc5b5
7528,82.584074537,2.941700,34,v4,88000000ffffffffffffa8dd9f4dc5b5
7529,82.587088836,3.014299,34,v4,88000000ffffffffffffa8dd9f4dc5b5
7530,82.590113519,3.024683,34,v4,88000000ffffffffffffa8dd9f4dc5b5
7531,82.594173627,4.060108,34,v4,88000000ffffffffffffa8dd9f4dc5b5
7532,82.597275473,3.101846,34,v4,88000000ffffffffffffa8dd9f4dc5b5
7533,82.600284455,3.008982,34,v4,88000000ffffffffffffa8dd9f4dc5b5
7534,82.603261080,2.976625,34,v4,88000000ffffffffffffa8dd9f4dc5b5
7535,82.606376674,3.115594,34,v4,88000000ffffffffffffa8dd9f4dc5b5
7536,82.610432535,4.055861,34,v4,88000000ffffffffffffa8dd9f4dc5b5
7537,82.613532929,3.100394,34,v4,88000000ffffffffffffa8dd9f4dc5b5
7538,82.616588626,3.055697,34,v4,88000000ffffffffffffa8dd9f4dc5b5
7539,82.619597283,3.008657,34,v4,88000000ffffffffffffa8dd9f4dc5b5
7540,82.622624432,3.027149,34,v4,88000000ffffffffffffa8dd9f4dc5b5
7541,82.626741391,4.116959,34,v4,88000000ffffffffffffa8dd9f4dc5b5
7542,82.629749244,3.007853,34,v4,88000000ffffffffffffa8dd9f4dc5b5
7543,82.632811651,3.062407,34,v4,88000000ffffffffffffa8dd9f4dc5b5
7544,82.635805697,2.994046,34,v4,88000000ffffffffffffa8dd9f4dc5b5
7545,82.638876825,3.071128,34,v4,88000000ffffffffffffa8dd9f4dc5b5
7546,82.642951245,4.074420,34,v4,88000000ffffffffffffa8dd9f4dc5b5
7547,82.646009356,3.058111,34,v4,88000000ffffffffffffa8dd9f4dc5b5
7548,82.649010842,3.001486,34,v4,88000000ffffffffffffa8dd9f4dc5b5
7549,82.652295064,3.284222,34,v4,88000000ffffffffffffa8dd9f4dc5b5
7550,82.655086640,2.791576,34,v4,88000000ffffffffffffa8dd9f4dc5b5
7551,82.659291410,4.204770,34,v4,88000000ffffffffffffa8dd9f4dc5b5
7552,82.662300861,3.009451,34,v4,88000000ffffffffffffa8dd9f4dc5b5
7553,82.665269644,2.968783,34,v4,88000000ffffffffffffa8dd9f4dc5b5
7554,82.668470692,3.201048,34,v4,88000000ffffffffffffa8dd9f4dc5b5
7555,82.671323235,2.852543,34,v4,88000000ffffffffffffa8dd9f4dc5b5
7556,82.675628763,4.305528,34,v4,88000000ffffffffffffa8dd9f4dc5b5
7557,82.678445979,2.817216,34,v4,88000000ffffffffffffa8dd9f4dc5b5
7558,82.681561049,3.115070,34,v4,88000000ffffffffffffa8dd9f4dc5b5
7559,82.684743084,3.182035,34,v4,88000000ffffffffffffa8dd9f4dc5b5
7560,82.687745747,3.002663,34,v4,88000000ffffffffffffa8dd9f4dc5b5
7561,82.691756789,4.011042,34,v4,88000000ffffffffffffa8dd9f4dc5b5
7562,82.694873196,3.116407,34,v4,88000000ffffffffffffa8dd9f4dc5b5
7563,82.698361229,3.488033,34,v4,88000000ffffffffffffa8dd9f4dc5b5
7564,82.700935215,2.573986,34,v4,88000000ffffffffffffa8dd9f4dc5b5
7565,82.704065276,3.130061,34,v4,88000000ffffffffffffa8dd9f4dc5b5
7566,82.707203056,3.137780,34,v4,88000000ffffffffffffa8dd9f4dc5b5
7567,82.712037295,4.834239,34,v4,88000000ffffffffffffa8dd9f4dc5b5
7568,82.715190721,3.153426,34,v4,88000000ffffffffffffa8dd9f4dc5b5
7569,82.718142387,2.951666,34,v4,88000000ffffffffffffa8dd9f4dc5b5
7570,82.721162589,3.020202,34,v4,88000000ffffffffffffa8dd9f4dc5b5
7571,82.724396345,3.233756,34,v4,88000000ffffffffffffa8dd9f4dc5b5
7572,82.728359281,3.962936,34,v4,88000000ffffffffffffa8dd9f4dc5b5
7573,82.731323256,2.963975,34,v4,88000000ffffffffffffa8dd9f4dc5b5
7574,82.734348338,3.025082,34,v4,88000000ffffffffffffa8dd9f4dc5b5
7575,82.737374896,3.026558,34,v4,88000000ffffffffffffa8dd9f4dc5b5
7576,82.740571018,3.196122,34,v4,88000000ffffffffffffa8dd9f4dc5b5
7577,82.743581746,3.010728,34,v4,88000000ffffffffffffa8dd9f4dc5b5
7578,82.747560844,3.979098,34,v4,88000000ffffffffffffa8dd9f4dc5b5
7579,82.750664167,3.103323,34,v4,88000000ffffffffffffa8dd9f4dc5b5
7580,82.753752743,3.088576,34,v4,88000000ffffffffffffa8dd9f4dc5b5
7581,82.756879749,3.127006,34,v4,88000000ffffffffffffa8dd9f4dc5b5
7582,82.759808083,2.928334,34,v4,88000000ffffffffffffa8dd9f4dc5b5
7583,82.762865192,3.057109,34,v4,88000000ffffffffffffa8dd9f4dc5b5
7584,82.766174005,3.308813,34,v4,88000000ffffffffffffa8dd9f4dc5b5
7585,82.770026301,3.852296,34,v4,88000000ffffffffffffa8dd9f4dc5b5
7586,82.773048942,3.022641,34,v4,88000000ffffffffffffa8dd9f4dc5b5
7587,82.776148606,3.099664,34,v4,88000000ffffffffffffa8dd9f4dc5b5
7588,82.779099326,2.950720,34,v4,88000000ffffffffffffa8dd9f4dc5b5
7589,82.782370201,3.270875,34,v4,88000000ffffffffffffa8dd9f4dc5b5
7590,82.786188503,3.818302,34,v4,88000000ffffffffffffa8dd9f4dc5b5
7591,82.789478980,3.290477,34,v4,88000000ffffffffffffa8dd9f4dc5b5
7592,82.792619771,3.140791,34,v4,88000000ffffffffffffa8dd9f4dc5b5
7593,82.796301261,3.681490,34,v4,88000000ffffffffffffa8dd9f4dc5b5
7594,82.799491776,3.190515,34,v4,88000000ffffffffffffa8dd9f4dc5b5
7595,82.802435123,2.943347,34,v4,88000000ffffffffffffa8dd9f4dc5b5
7596,82.805509400,3.074277,34,v4,88000000ffffffffffffa8dd9f4dc5b5
7597,82.808608912,3.099512,34,v4,88000000ffffffffffffa8dd9f4dc5b5
7598,82.811512999,2.904087,34,v4,88000000ffffffffffffa8dd9f4dc5b5
7599,82.815649642,4.136643,34,v4,88000000ffffffffffffa8dd9f4dc5b5
7600,82.818961189,3.311547,34,v4,88000000ffffffffffffa8dd9f4dc5b5
7601,82.821820374,2.859185,34,v4,88000000ffffffffffffa8dd9f4dc5b5
7602,82.824871881,3.051507,34,v4,88000000ffffffffffffa8dd9f4dc5b5
7603,83.151924529,327.052648,34,v4,88000000ffffffffffffa8dd9f4dc5b5
7604,83.154006542,2.082013,34,v4,88000000ffffffffffffa8dd9f4dc5b5
7605,83.158452751,4.446209,34,v4,88000000ffffffffffffa8dd9f4dc5b5
7606,83.161032653,2.579902,34,v4,88000000ffffffffffffa8dd9f4dc5b5
7607,83.164249746,3.217093,34,v4,88000000ffffffffffffa8dd9f4dc5b5
7608,83.167407316,3.157570,34,v4,88000000ffffffffffffa8dd9f4dc5b5
7609,83.170330354,2.923038,34,v4,88000000ffffffffffffa8dd9f4dc5b5
7610,83.173343973,3.013619,34,v4,88000000ffffffffffffa8dd9f4dc5b5
7611,83.176255308,2.911335,34,v4,88000000ffffffffffffa8dd9f4dc5b5
7612,83.179471417,3.216109,34,v4,88000000ffffffffffffa8dd9f4dc5b5
7613,83.182484773,3.013356,34,v4,88000000ffffffffffffa8dd9f4dc5b5
7614,83.185509213,3.024440,34,v4,88000000ffffffffffffa8dd9f4dc5b5
7615,83.188440649,2.931436,34,v4,88000000ffffffffffffa8dd9f4dc5b5
7616,83.191512633,3.071984,34,v4,88000000ffffffffffffa8dd9f4dc5b5
7617,83.195736386,4.223753,34,v4,88000000ffffffffffffa8dd9f4dc5b5
7618,83.198904956,3.168570,34,v4,88000000ffffffffffffa8dd9f4dc5b5
7619,83.202044820,3.139864,34,v4,88000000ffffffffffffa8dd9f4dc5b5
7620,83.204819638,2.774818,34,v4,88000000ffffffffffffa8dd9f4dc5b5
7621,83.207883634,3.063996,34,v4,88000000ffffffffffffa8dd9f4dc5b5
7622,83.211028794,3.145160,34,v4,88000000ffffffffffffa8dd9f4dc5b5
7623,83.214060499,3.031705,34,v4,88000000ffffffffffffa8dd9f4dc5b5
7624,83.216967068,2.906569,34,v4,88000000ffffffffffffa8dd9f4dc5b5
7625,83.220034902,3.067834,34,v4,88000000ffffffffffffa8dd9f4dc5b5
7626,83.223090204,3.055302,34,v4,88000000ffffffffffffa8dd9f4dc5b5
7627,83.226385100,3.294896,34,v4,88000000ffffffffffffa8dd9f4dc5b5
7628,83.231310988,4.925888,34,v4,88000000ffffffffffffa8dd9f4dc5b5
7629,83.234221958,2.910970,34,v4,88000000ffffffffffffa8dd9f4dc5b5
7630,83.237568230,3.346272,34,v4,88000000ffffffffffffa8dd9f4dc5b5
7631,83.240389512,2.821282,34,v4,88000000ffffffffffffa8dd9f4dc5b5
7632,83.243427981,3.038469,34,v4,88000000ffffffffffffa8dd9f4dc5b5
7633,83.246414453,2.986472,34,v4,88000000ffffffffffffa8dd9f4dc5b5
7634,83.249407893,2.993440,34,v4,88000000ffffffffffffa8dd9f4dc5b5
7635,83.252458616,3.050723,34,v4,88000000ffffffffffffa8dd9f4dc5b5
7636,83.255493405,3.034789,34,v4,88000000ffffffffffffa8dd9f4dc5b5
7637,83.258690715,3.197310,34,v4,88000000ffffffffffffa8dd9f4dc5b5
7638,83.261810814,3.120099,34,v4,88000000ffffffffffffa8dd9f4dc5b5
7639,83.264835924,3.025110,34,v4,88000000ffffffffffffa8dd9f4dc5b5
7640,83.267759535,2.923611,34,v4,88000000ffffffffffffa8dd9f4dc5b5
7641,83.271853234,4.093699,34,v4,88000000ffffffffffffa8dd9f4dc5b5
7642,83.275006447,3.153213,34,v4,88000000ffffffffffffa8dd9f4dc5b5
7643,83.278212092,3.205645,34,v4,88000000ffffffffffffa8dd9f4dc5b5
7644,83.281079978,2.867886,34,v4,88000000ffffffffffffa8dd9f4dc5b5
7645,83.284087096,3.007118,34,v4,88000000ffffffffffffa8dd9f4dc5b5
7646,83.287094066,3.006970,34,v4,88000000ffffffffffffa8dd9f4dc5b5
7647,83.290159116,3.065050,34,v4,88000000ffffffffffffa8dd9f4dc5b5
7648,83.293189327,3.030211,34,v4,88000000ffffffffffffa8dd9f4dc5b5
7649,83.296178957,2.989630,34,v4,88000000ffffffffffffa8dd9f4dc5b5
7650,83.299315438,3.136481,34,v4,88000000ffffffffffffa8dd9f4dc5b5
7651,83.302375591,3.060153,34,v4,88000000ffffffffffffa8dd9f4dc5b5
7652,83.305703564,3.327973,34,v4,88000000ffffffffffffa8dd9f4dc5b5
7653,83.308493660,2.790096,34,v4,88000000ffffffffffffa8dd9f4dc5b5
7654,83.311714119,3.220459,34,v4,88000000ffffffffffffa8dd9f4dc5b5
7655,83.314680997,2.966878,34,v4,88000000ffffffffffffa8dd9f4dc5b5
7656,83.318594942,3.913945,34,v4,88000000ffffffffffffa8dd9f4dc5b5
7657,83.321642419,3.047477,34,v4,88000000ffffffffffffa8dd9f4dc5b5
7658,83.324750632,3.108213,34,v4,88000000ffffffffffffa8dd9f4dc5b5
7659,83.328691833,3.941201,34,v4,88000000ffffffffffffa8dd9f4dc5b5
7660,83.330764312,2.072479,34,v4,88000000ffffffffffffa8dd9f4dc5b5
7661,83.334089023,3.324711,34,v4,88000000ffffffffffffa8dd9f4dc5b5
7662,83.337628390,3.539367,34,v4,88000000ffffffffffffa8dd9f4dc5b5
7663,83.339976780,2.348390,34,v4,88000000ffffffffffffa8dd9f4dc5b5
7664,83.343020873,3.044093,34,v4,88000000ffffffffffffa8dd9f4dc5b5
7665,83.346084054,3.063181,34,v4,88000000ffffffffffffa8dd9f4dc5b5
7666,83.349042975,2.958921,34,v4,88000000ffffffffffffa8dd9f4dc5b5
7667,83.353026256,3.983281,34,v4,88000000ffffffffffffa8dd9f4dc5b5
7668,83.356149212,3.122956,34,v4,88000000ffffffffffffa8dd9f4dc5b5
7669,83.359323640,3.174428,34,v4,88000000ffffffffffffa8dd9f4dc5b5
7670,83.363339111,4.015471,34,v4,88000000ffffffffffffa8dd9f4dc5b5
7671,83.366416774,3.077663,34,v4,88000000ffffffffffffa8dd9f4dc5b5
7672,83.369470519,3.053745,34,v4,88000000ffffffffffffa8dd9f4dc5b5
7673,83.372602665,3.132146,34,v4,88000000ffffffffffffa8dd9f4dc5b5
7674,83.375595259,2.992594,34,v4,88000000ffffffffffffa8dd9f4dc5b5
7675,83.378555169,2.959910,34,v4,88000000ffffffffffffa8dd9f4dc5b5
7676,83.381578468,3.023299,34,v4,88000000ffffffffffffa8dd9f4dc5b5
7677,83.384590071,3.011603,34,v4,88000000ffffffffffffa8dd9f4dc5b5
7678,83.388820871,4.230800,34,v4,88000000ffffffffffffa8dd9f4dc5b5
7679,83.391804640,2.983769,34,v4,88000000ffffffffffffa8dd9f4dc5b5
7680,83.394760969,2.956329,34,v4,88000000ffffffffffffa8dd9f4dc5b5
7681,83.397887518,3.126549,34,v4,88000000ffffffffffffa8dd9f4dc5b5
7682,83.400823684,2.936166,34,v4,88000000ffffffffffffa8dd9f4dc5b5
7683,83.403931400,3.107716,34,v4,88000000ffffffffffffa8dd9f4dc5b5
7684,83.407077886,3.146486,34,v4,88000000ffffffffffffa8dd9f4dc5b5
7685,83.410099851,3.021965,34,v4,88000000ffffffffffffa8dd9f4dc5b5
7686,83.413058583,2.958732,34,v4,88000000ffffffffffffa8dd9f4dc5b5
7687,83.416031740,2.973157,34,v4,88000000ffffffffffffa8dd9f4dc5b5
7688,83.419080552,3.048812,34,v4,88000000ffffffffffffa8dd9f4dc5b5
7689,83.422523995,3.443443,34,v4,88000000ffffffffffffa8dd9f4dc5b5
7690,83.425244644,2.720649,34,v4,88000000ffffffffffffa8dd9f4dc5b5
7691,83.429396119,4.151475,34,v4,88000000ffffffffffffa8dd9f4dc5b5
7692,83.432330367,2.934248,34,v4,88000000ffffffffffffa8dd9f4dc5b5
7693,83.435458968,3.128601,34,v4,88000000ffffffffffffa8dd9f4dc5b5
7694,83.438365948,2.906980,34,v4,88000000ffffffffffffa8dd9f4dc5b5
7695,83.442991012,4.625064,34,v4,88000000ffffffffffffa8dd9f4dc5b5
7696,83.444531314,1.540302,34,v4,88000000ffffffffffffa8dd9f4dc5b5
7697,83.448644358,4.113044,34,v4,88000000ffffffffffffa8dd9f4dc5b5
7698,83.451675821,3.031463,34,v4,88000000ffffffffffffa8dd9f4dc5b5
7699,83.454845486,3.169665,34,v4,88000000ffffffffffffa8dd9f4dc5b5
7700,83.457918765,3.073279,34,v4,88000000ffffffffffffa8dd9f4dc5b5
7701,83.460822766,2.904001,34,v4,88000000ffffffffffffa8dd9f4dc5b5
7702,83.464039293,3.216527,34,v4,88000000ffffffffffffa8dd9f4dc5b5
7703,83.790538033,326.498740,34,v4,88000000ffffffffffffa8dd9f4dc5b5
7704,83.793075722,2.537689,34,v4,88000000ffffffffffffa8dd9f4dc5b5
7705,83.796193920,3.118198,34,v4,88000000ffffffffffffa8dd9f4dc5b5
7706,83.799294027,3.100107,34,v4,88000000ffffffffffffa8dd9f4dc5b5
7707,83.802088235,2.794208,34,v4,88000000ffffffffffffa8dd9f4dc5b5
7708,83.805330969,3.242734,34,v4,88000000ffffffffffffa8dd9f4dc5b5
7709,83.808407136,3.076167,34,v4,88000000ffffffffffffa8dd9f4dc5b5
7710,83.811248086,2.840950,34,v4,88000000ffffffffffffa8dd9f4dc5b5
7711,83.814384501,3.136415,34,v4,88000000ffffffffffffa8dd9f4dc5b5
7712,83.817508210,3.123709,34,v4,88000000ffffffffffffa8dd9f4dc5b5
7713,83.820471735,2.963525,34,v4,88000000ffffffffffffa8dd9f4dc5b5
7714,83.823412656,2.940921,34,v4,88000000ffffffffffffa8dd9f4dc5b5
7715,83.826567949,3.155293,34,v4,88000000ffffffffffffa8dd9f4dc5b5
7716,83.829648062,3.080113,34,v4,88000000ffffffffffffa8dd9f4dc5b5
7717,83.832706159,3.058097,34,v4,88000000ffffffffffffa8dd9f4dc5b5
7718,83.835888433,3.182274,34,v4,88000000ffffffffffffa8dd9f4dc5b5
7719,83.838824857,2.936424,34,v4,88000000ffffffffffffa8dd9f4dc5b5
7720,83.841975607,3.150750,34,v4,88000000ffffffffffffa8dd9f4dc5b5
7721,83.844951101,2.975494,34,v4,88000000ffffffffffffa8dd9f4dc5b5
7722,83.848259123,3.308022,34,v4,88000000ffffffffffffa8dd9f4dc5b5
7723,83.852756743,4.497620,34,v4,88000000ffffffffffffa8dd9f4dc5b5
7724,83.853911148,1.154405,34,v4,88000000ffffffffffffa8dd9f4dc5b5
7725,83.861274737,7.363589,34,v4,88000000ffffffffffffa8dd9f4dc5b5
7726,83.863122871,1.848134,34,v4,88000000ffffffffffffa8dd9f4dc5b5
7727,83.866747520,3.624649,34,v4,88000000ffffffffffffa8dd9f4dc5b5
7728,83.869209043,2.461523,34,v4,88000000ffffffffffffa8dd9f4dc5b5
7729,83.872273475,3.064432,34,v4,88000000ffffffffffffa8dd9f4dc5b5
7730,83.875350763,3.077288,34,v4,88000000ffffffffffffa8dd9f4dc5b5
7731,83.878303880,2.953117,34,v4,88000000ffffffffffffa8dd9f4dc5b5
7732,83.882505577,4.201697,34,v4,88000000ffffffffffffa8dd9f4dc5b5
7733,83.885434359,2.928782,34,v4,88000000ffffffffffffa8dd9f4dc5b5
7734,83.888621860,3.187501,34,v4,88000000ffffffffffffa8dd9f4dc5b5
7735,83.891695446,3.073586,34,v4,88000000ffffffffffffa8dd9f4dc5b5
7736,83.894705713,3.010267,34,v4,88000000ffffffffffffa8dd9f4dc5b5
7737,83.897832272,3.126559,34,v4,88000000ffffffffffffa8dd9f4dc5b5
7738,83.900945702,3.113430,34,v4,88000000ffffffffffffa8dd9f4dc5b5
7739,83.905628203,4.682501,34,v4,88000000ffffffffffffa8dd9f4dc5b5
7740,83.906767467,1.139264,34,v4,88000000ffffffffffffa8dd9f4dc5b5
7741,83.911694846,4.927379,34,v4,88000000ffffffffffffa8dd9f4dc5b5
7742,83.912949362,1.254516,34,v4,88000000ffffffffffffa8dd9f4dc5b5
7743,83.916079464,3.130102,34,v4,88000000ffffffffffffa8dd9f4dc5b5
7744,83.919057688,2.978224,34,v4,88000000ffffffffffffa8dd9f4dc5b5
7745,83.922125325,3.067637,34,v4,88000000ffffffffffffa8dd9f4dc5b5
7746,83.925127073,3.001748,34,v4,88000000ffffffffffffa8dd9f4dc5b5
7747,83.928365388,3.238315,34,v4,88000000ffffffffffffa8dd9f4dc5b5
7748,83.931462376,3.096988,34,v4,88000000ffffffffffffa8dd9f4dc5b5
7749,83.934231333,2.768957,34,v4,88000000ffffffffffffa8dd9f4dc5b5
7750,83.938828071,4.596738,34,v4,88000000ffffffffffffa8dd9f4dc5b5
7751,83.940327669,1.499598,34,v4,88000000ffffffffffffa8dd9f4dc5b5
7752,83.943464700,3.137031,34,v4,88000000ffffffffffffa8dd9f4dc5b5
7753,83.947076129,3.611429,34,v4,88000000ffffffffffffa8dd9f4dc5b5
7754,83.950458602,3.382473,34,v4,88000000ffffffffffffa8dd9f4dc5b5
7755,83.952738746,2.280144,34,v4,88000000ffffffffffffa8dd9f4dc5b5
7756,83.955791774,3.053028,34,v4,88000000ffffffffffffa8dd9f4dc5b5
7757,83.958891360,3.099586,34,v4,88000000ffffffffffffa8dd9f4dc5b5
7758,83.961951871,3.060511,34,v4,88000000ffffffffffffa8dd9f4dc5b5
7759,83.966776331,4.824460,34,v4,88000000ffffffffffffa8dd9f4dc5b5
7760,83.967887728,1.111397,34,v4,88000000ffffffffffffa8dd9f4dc5b5
7761,83.970868728,2.981000,34,v4,88000000ffffffffffffa8dd9f4dc5b5
7762,83.974198609,3.329881,34,v4,88000000ffffffffffffa8dd9f4dc5b5
7763,83.977031055,2.832446,34,v4,88000000ffffffffffffa8dd9f4dc5b5
7764,83.980080536,3.049481,34,v4,88000000ffffffffffffa8dd9f4dc5b5
7765,83.985252648,5.172112,34,v4,88000000ffffffffffffa8dd9f4dc5b5
7766,83.986386573,1.133925,34,v4,88000000ffffffffffffa8dd9f4dc5b5
7767,83.989341616,2.955043,34,v4,88000000ffffffffffffa8dd9f4dc5b5
7768,83.992494332,3.152716,34,v4,88000000ffffffffffffa8dd9f4dc5b5
7769,83.997320859,4.826527,34,v4,88000000ffffffffffffa8dd9f4dc5b5
7770,83.998355026,1.034167,34,v4,88000000ffffffffffffa8dd9f4dc5b5
7771,84.001628472,3.273446,34,v4,88000000ffffffffffffa8dd9f4dc5b5
7772,84.006056325,4.427853,34,v4,88000000ffffffffffffa8dd9f4dc5b5
7773,84.007422426,1.366101,34,v4,88000000ffffffffffffa8dd9f4dc5b5
7774,84.011499448,4.077022,34,v4,88000000ffffffffffffa8dd9f4dc5b5
7775,84.014613128,3.113680,34,v4,88000000ffffffffffffa8dd9f4dc5b5
7776,84.017691578,3.078450,34,v4,88000000ffffffffffffa8dd9f4dc5b5
7777,84.020743074,3.051496,34,v4,88000000ffffffffffffa8dd9f4dc5b5
7778,84.023664031,2.920957,34,v4,88000000ffffffffffffa8dd9f4dc5b5
7779,84.026689258,3.025227,34,v4,88000000ffffffffffffa8dd9f4dc5b5
7780,84.029759533,3.070275,34,v4,88000000ffffffffffffa8dd9f4dc5b5
7781,84.032930477,3.170944,34,v4,88000000ffffffffffffa8dd9f4dc5b5
7782,84.035849983,2.919506,34,v4,88000000ffffffffffffa8dd9f4dc5b5
7783,84.038906885,3.056902,34,v4,88000000ffffffffffffa8dd9f4dc5b5
7784,84.040907245,2.000360,34,v4,88000000ffffffffffffa8dd9f4dc5b5
7785,84.045002127,4.094882,34,v4,88000000ffffffffffffa8dd9f4dc5b5
7786,84.048124127,3.122000,34,v4,88000000ffffffffffffa8dd9f4dc5b5
7787,84.050045784,1.921657,34,v4,88000000ffffffffffffa8dd9f4dc5b5
7788,84.053280348,3.234564,34,v4,88000000ffffffffffffa8dd9f4dc5b5
7789,84.056199663,2.919315,34,v4,88000000ffffffffffffa8dd9f4dc5b5
7790,84.060308675,4.109012,34,v4,88000000ffffffffffffa8dd9f4dc5b5
7791,84.062239249,1.930574,34,v4,88000000ffffffffffffa8dd9f4dc5b5
7792,84.065289744,3.050495,34,v4,88000000ffffffffffffa8dd9f4dc5b5
7793,84.068330902,3.041158,34,v4,88000000ffffffffffffa8dd9f4dc5b5
7794,84.071497331,3.166429,34,v4,88000000ffffffffffffa8dd9f4dc5b5
7795,84.074462600,2.965269,34,v4,88000000ffffffffffffa8dd9f4dc5b5
7796,84.077450276,2.987676,34,v4,88000000ffffffffffffa8dd9f4dc5b5
7797,84.080563076,3.112800,34,v4,88000000ffffffffffffa8dd9f4dc5b5
7798,84.083672678,3.109602,34,v4,88000000ffffffffffffa8dd9f4dc5b5
7799,84.086617667,2.944989,34,v4,88000000ffffffffffffa8dd9f4dc5b5
7800,84.089785418,3.167751,34,v4,88000000ffffffffffffa8dd9f4dc5b5
7801,84.092750807,2.965389,34,v4,88000000ffffffffffffa8dd9f4dc5b5
7802,84.419541000,326.790193,34,v4,88000000ffffffffffffa8dd9f4dc5b5
7803,84.421988416,2.447416,34,v4,88000000ffffffffffffa8dd9f4dc5b5
7804,84.425156857,3.168441,34,v4,88000000ffffffffffffa8dd9f4dc5b5
7805,84.428127046,2.970189,34,v4,88000000ffffffffffffa8dd9f4dc5b5
7806,84.431415459,3.288413,34,v4,88000000ffffffffffffa8dd9f4dc5b5
7807,84.434376647,2.961188,34,v4,88000000ffffffffffffa8dd9f4dc5b5
7808,84.437277842,2.901195,34,v4,88000000ffffffffffffa8dd9f4dc5b5
7809,84.440312123,3.034281,34,v4,88000000ffffffffffffa8dd9f4dc5b5
7810,84.442314070,2.001947,34,v4,88000000ffffffffffffa8dd9f4dc5b5
7811,84.445478857,3.164787,34,v4,88000000ffffffffffffa8dd9f4dc5b5
7812,84.448372133,2.893276,34,v4,88000000ffffffffffffa8dd9f4dc5b5
7813,84.451413135,3.041002,34,v4,88000000ffffffffffffa8dd9f4dc5b5
7814,84.454520394,3.107259,34,v4,88000000ffffffffffffa8dd9f4dc5b5
7815,84.457549771,3.029377,34,v4,88000000ffffffffffffa8dd9f4dc5b5
7816,84.460554727,3.004956,34,v4,88000000ffffffffffffa8dd9f4dc5b5
7817,84.463502890,2.948163,34,v4,88000000ffffffffffffa8dd9f4dc5b5
7818,84.466737770,3.234880,34,v4,88000000ffffffffffffa8dd9f4dc5b5
7819,84.468738367,2.000597,34,v4,88000000ffffffffffffa8dd9f4dc5b5
7820,84.471850792,3.112425,34,v4,88000000ffffffffffffa8dd9f4dc5b5
7821,84.475022019,3.171227,34,v4,88000000ffffffffffffa8dd9f4dc5b5
7822,84.478008484,2.986465,34,v4,88000000ffffffffffffa8dd9f4dc5b5
7823,84.481214581,3.206097,34,v4,88000000ffffffffffffa8dd9f4dc5b5
7824,84.483934561,2.719980,34,v4,88000000ffffffffffffa8dd9f4dc5b5
7825,84.487274241,3.339680,34,v4,88000000ffffffffffffa8dd9f4dc5b5
7826,84.490434760,3.160519,34,v4,88000000ffffffffffffa8dd9f4dc5b5
7827,84.492135322,1.700562,34,v4,88000000ffffffffffffa8dd9f4dc5b5
7828,84.495408447,3.273125,34,v4,88000000ffffffffffffa8dd9f4dc5b5
7829,84.498276145,2.867698,34,v4,88000000ffffffffffffa8dd9f4dc5b5
7830,84.501458883,3.182738,34,v4,88000000ffffffffffffa8dd9f4dc5b5
7831,84.504275381,2.816498,34,v4,88000000ffffffffffffa8dd9f4dc5b5
7832,84.507582127,3.306746,34,v4,88000000ffffffffffffa8dd9f4dc5b5
7833,84.510304340,2.722213,34,v4,88000000ffffffffffffa8dd9f4dc5b5
7834,84.513470376,3.166036,34,v4,88000000ffffffffffffa8dd9f4dc5b5
7835,84.516341226,2.870850,34,v4,88000000ffffffffffffa8dd9f4dc5b5
7836,84.519515015,3.173789,34,v4,88000000ffffffffffffa8dd9f4dc5b5
7837,84.522511535,2.996520,34,v4,88000000ffffffffffffa8dd9f4dc5b5
7838,84.524610997,2.099462,34,v4,88000000ffffffffffffa8dd9f4dc5b5
7839,84.527592236,2.981239,34,v4,88000000ffffffffffffa8dd9f4dc5b5
7840,84.531883394,4.291158,34,v4,88000000ffffffffffffa8dd9f4dc5b5
7841,84.534805073,2.921679,34,v4,88000000ffffffffffffa8dd9f4dc5b5
7842,84.538115388,3.310315,34,v4,88000000ffffffffffffa8dd9f4dc5b5
7843,84.540856756,2.741368,34,v4,88000000ffffffffffffa8dd9f4dc5b5
7844,84.543879396,3.022640,34,v4,88000000ffffffffffffa8dd9f4dc5b5
7845,84.547001217,3.121821,34,v4,88000000ffffffffffffa8dd9f4dc5b5
7846,84.549976905,2.975688,34,v4,88000000ffffffffffffa8dd9f4dc5b5
7847,84.552082410,2.105505,34,v4,88000000ffffffffffffa8dd9f4dc5b5
7848,84.555387562,3.305152,34,v4,88000000ffffffffffffa8dd9f4dc5b5
7849,84.558130599,2.743037,34,v4,88000000ffffffffffffa8dd9f4dc5b5
7850,84.561067277,2.936678,34,v4,88000000ffffffffffffa8dd9f4dc5b5
7851,84.564372167,3.304890,34,v4,88000000ffffffffffffa8dd9f4dc5b5
7852,84.567387995,3.015828,34,v4,88000000ffffffffffffa8dd9f4dc5b5
7853,84.570522399,3.134404,34,v4,88000000ffffffffffffa8dd9f4dc5b5
7854,84.573517378,2.994979,34,v4,88000000ffffffffffffa8dd9f4dc5b5
7855,84.576590913,3.073535,34,v4,88000000ffffffffffffa8dd9f4dc5b5
7856,84.581127753,4.536840,34,v4,88000000ffffffffffffa8dd9f4dc5b5
7857,84.582400846,1.273093,34,v4,88000000ffffffffffffa8dd9f4dc5b5
7858,84.585553486,3.152640,34,v4,88000000ffffffffffffa8dd9f4dc5b5
7859,84.587536302,1.982816,34,v4,88000000ffffffffffffa8dd9f4dc5b5
7860,84.590647122,3.110820,34,v4,88000000ffffffffffffa8dd9f4dc5b5
7861,84.593612856,2.965734,34,v4,88000000ffffffffffffa8dd9f4dc5b5
7862,84.596693847,3.080991,34,v4,88000000ffffffffffffa8dd9f4dc5b5
7863,84.599808847,3.115000,34,v4,88000000ffffffffffffa8dd9f4dc5b5
7864,84.602828898,3.020051,34,v4,88000000ffffffffffffa8dd9f4dc5b5
7865,84.606052392,3.223494,34,v4,88000000ffffffffffffa8dd9f4dc5b5
7866,84.608989166,2.936774,34,v4,88000000ffffffffffffa8dd9f4dc5b5
7867,84.612034451,3.045285,34,v4,88000000ffffffffffffa8dd9f4dc5b5
7868,84.615001052,2.966601,34,v4,88000000ffffffffffffa8dd9f4dc5b5
7869,84.618038288,3.037236,34,v4,88000000ffffffffffffa8dd9f4dc5b5
7870,84.621060321,3.022033,34,v4,88000000ffffffffffffa8dd9f4dc5b5
7871,84.624061280,3.000959,34,v4,88000000ffffffffffffa8dd9f4dc5b5
7872,84.626257585,2.196305,34,v4,88000000ffffffffffffa8dd9f4dc5b5
7873,84.629161561,2.903976,34,v4,88000000ffffffffffffa8dd9f4dc5b5
7874,84.632712771,3.551210,34,v4,88000000ffffffffffffa8dd9f4dc5b5
7875,84.635561953,2.849182,34,v4,88000000ffffffffffffa8dd9f4dc5b5
7876,84.638442884,2.880931,34,v4,88000000ffffffffffffa8dd9f4dc5b5
7877,84.641322706,2.879822,34,v4,88000000ffffffffffffa8dd9f4dc5b5
7878,84.644490829,3.168123,34,v4,88000000ffffffffffffa8dd9f4dc5b5
7879,84.647528395,3.037566,34,v4,88000000ffffffffffffa8dd9f4dc5b5
7880,84.650638111,3.109716,34,v4,88000000ffffffffffffa8dd9f4dc5b5
7881,84.652576099,1.937988,34,v4,88000000ffffffffffffa8dd9f4dc5b5
7882,84.655559183,2.983084,34,v4,88000000ffffffffffffa8dd9f4dc5b5
7883,84.658756549,3.197366,34,v4,88000000ffffffffffffa8dd9f4dc5b5
7884,84.662935038,4.178489,34,v4,88000000ffffffffffffa8dd9f4dc5b5
7885,84.666036351,3.101313,34,v4,88000000ffffffffffffa8dd9f4dc5b5
7886,84.668971029,2.934678,34,v4,88000000ffffffffffffa8dd9f4dc5b5
7887,84.672031027,3.059998,34,v4,88000000ffffffffffffa8dd9f4dc5b5
7888,84.675018310,2.987283,34,v4,88000000ffffffffffffa8dd9f4dc5b5
7889,84.677995810,2.977500,34,v4,88000000ffffffffffffa8dd9f4dc5b5
7890,84.680064366,2.068556,34,v4,88000000ffffffffffffa8dd9f4dc5b5
7891,84.683127374,3.063008,34,v4,88000000ffffffffffffa8dd9f4dc5b5
7892,84.686113923,2.986549,34,v4,88000000ffffffffffffa8dd9f4dc5b5
7893,84.689242843,3.128920,34,v4,88000000ffffffffffffa8dd9f4dc5b5
7894,84.692290031,3.047188,34,v4,88000000ffffffffffffa8dd9f4dc5b5
7895,84.695272555,2.982524,34,v4,88000000ffffffffffffa8dd9f4dc5b5
7896,84.698453954,3.181399,34,v4,88000000ffffffffffffa8dd9f4dc5b5
7897,84.701314794,2.860840,34,v4,88000000ffffffffffffa8dd9f4dc5b5
7898,84.703286686,1.971892,34,v4,88000000ffffffffffffa8dd9f4dc5b5
7899,84.706353440,3.066754,34,v4,88000000ffffffffffffa8dd9f4dc5b5
7900,84.709479180,3.125740,34,v4,88000000ffffffffffffa8dd9f4dc5b5
7901,84.712738720,3.259540,34,v4,88000000ffffffffffffa8dd9f4dc5b5
7902,85.065271783,352.533063,34,v4,88000000ffffffffffffa8dd9f4dc5b5
7903,85.068104784,2.833001,34,v4,88000000ffffffffffffa8dd9f4dc5b5
7904,85.071201408,3.096624,34,v4,88000000ffffffffffffa8dd9f4dc5b5
7905,85.074192757,2.991349,34,v4,88000000ffffffffffffa8dd9f4dc5b5
7906,85.078056027,3.863270,34,v4,88000000ffffffffffffa8dd9f4dc5b5
7907,85.079382133,1.326106,34,v4,88000000ffffffffffffa8dd9f4dc5b5
7908,85.082493706,3.111573,34,v4,88000000ffffffffffffa8dd9f4dc5b5
7909,85.085452091,2.958385,34,v4,88000000ffffffffffffa8dd9f4dc5b5
7910,85.088593179,3.141088,34,v4,88000000ffffffffffffa8dd9f4dc5b5
7911,85.090615741,2.022562,34,v4,88000000ffffffffffffa8dd9f4dc5b5
7912,85.093588895,2.973154,34,v4,88000000ffffffffffffa8dd9f4dc5b5
7913,85.096735594,3.146699,34,v4,88000000ffffffffffffa8dd9f4dc5b5
7914,85.099819348,3.083754,34,v4,88000000ffffffffffffa8dd9f4dc5b5
7915,85.102690702,2.871354,34,v4,88000000ffffffffffffa8dd9f4dc5b5
7916,85.105093332,2.402630,34,v4,88000000ffffffffffffa8dd9f4dc5b5
7917,85.109428931,4.335599,34,v4,88000000ffffffffffffa8dd9f4dc5b5
7918,85.110863811,1.434880,34,v4,88000000ffffffffffffa8dd9f4dc5b5
7919,85.116600640,5.736829,34,v4,88000000ffffffffffffa8dd9f4dc5b5
7920,85.119542227,2.941587,34,v4,88000000ffffffffffffa8dd9f4dc5b5
7921,85.121987149,2.444922,34,v4,88000000ffffffffffffa8dd9f4dc5b5
7922,85.125050633,3.063484,34,v4,88000000ffffffffffffa8dd9f4dc5b5
7923,85.128039372,2.988739,34,v4,88000000ffffffffffffa8dd9f4dc5b5
7924,85.131203439,3.164067,34,v4,88000000ffffffffffffa8dd9f4dc5b5
7925,85.133052144,1.848705,34,v4,88000000ffffffffffffa8dd9f4dc5b5
7926,85.142499676,9.447532,99,v4,1c000000aadd9f4dc5b568b1cc040000
7927,85.144240458,1.740782,30,v4,88000000ffffffffffffa8dd9f4dc5b5
7928,85.146557280,2.316822,34,v4,88000000ffffffffffffa8dd9f4dc5b5
7929,85.149429283,2.872003,34,v4,88000000ffffffffffffa8dd9f4dc5b5
7930,85.152613887,3.184604,30,v4,88000000ffffffffffffa8dd9f4dc5b5
7931,85.155544604,2.930717,30,v4,88000000ffffffffffffa8dd9f4dc5b5
7932,85.157443163,1.898559,34,v4,88000000ffffffffffffa8dd9f4dc5b5
7933,85.160515385,3.072222,34,v4,88000000ffffffffffffa8dd9f4dc5b5
7934,85.164770163,4.254778,34,v4,88000000ffffffffffffa8dd9f4dc5b5
7935,85.166539256,1.769093,34,v4,88000000ffffffffffffa8dd9f4dc5b5
7936,85.169842715,3.303459,30,v4,88000000ffffffffffffa8dd9f4dc5b5
7937,85.172722915,2.880200,34,v4,88000000ffffffffffffa8dd9f4dc5b5
7938,85.175772874,3.049959,34,v4,88000000ffffffffffffa8dd9f4dc5b5
7939,85.177860296,2.087422,34,v4,88000000ffffffffffffa8dd9f4dc5b5
7940,85.181870975,4.010679,30,v4,88000000ffffffffffffa8dd9f4dc5b5
7941,85.185136511,3.265536,34,v4,88000000ffffffffffffa8dd9f4dc5b5
7942,85.188008136,2.871625,30,v4,88000000ffffffffffffa8dd9f4dc5b5
7943,85.191141740,3.133604,34,v4,88000000ffffffffffffa8dd9f4dc5b5
7944,85.193006656,1.864916,34,v4,88000000ffffffffffffa8dd9f4dc5b5
7945,85.196161389,3.154733,30,v4,88000000ffffffffffffa8dd9f4dc5b5
7946,85.199182685,3.021296,30,v4,88000000ffffffffffffa8dd9f4dc5b5
7947,85.202298679,3.115994,30,v4,88000000ffffffffffffa8dd9f4dc5b5
7948,85.204285277,1.986598,30,v4,88000000ffffffffffffa8dd9f4dc5b5
7949,85.207360713,3.075436,34,v4,88000000ffffffffffffa8dd9f4dc5b5
7950,85.210333239,2.972526,34,v4,88000000ffffffffffffa8dd9f4dc5b5
7951,85.213385742,3.052503,34,v4,88000000ffffffffffffa8dd9f4dc5b5
7952,85.216338355,2.952613,30,v4,88000000ffffffffffffa8dd9f4dc5b5
7953,85.219387811,3.049456,34,v4,88000000ffffffffffffa8dd9f4dc5b5
7954,85.221463096,2.075285,30,v4,88000000ffffffffffffa8dd9f4dc5b5
7955,85.224513214,3.050118,30,v4,88000000ffffffffffffa8dd9f4dc5b5
7956,85.227674846,3.161632,30,v4,88000000ffffffffffffa8dd9f4dc5b5
7957,85.230869443,3.194597,34,v4,88000000ffffffffffffa8dd9f4dc5b5
7958,85.232913098,2.043655,34,v4,88000000ffffffffffffa8dd9f4dc5b5
7959,85.236004659,3.091561,34,v4,88000000ffffffffffffa8dd9f4dc5b5
7960,85.239139468,3.134809,34,v4,88000000ffffffffffffa8dd9f4dc5b5
7961,85.242000686,2.861218,30,v4,88000000ffffffffffffa8dd9f4dc5b5
7962,85.245257893,3.257207,30,v4,88000000ffffffffffffa8dd9f4dc5b5
7963,85.246981606,1.723713,34,v4,88000000ffffffffffffa8dd9f4dc5b5
7964,85.250300012,3.318406,34,v4,88000000ffffffffffffa8dd9f4dc5b5
7965,85.253020195,2.720183,34,v4,88000000ffffffffffffa8dd9f4dc5b5
7966,85.256274036,3.253841,34,v4,88000000ffffffffffffa8dd9f4dc5b5
7967,85.258066368,1.792332,30,v4,88000000ffffffffffffa8dd9f4dc5b5
7968,85.261086217,3.019849,30,v4,88000000ffffffffffffa8dd9f4dc5b5
7969,85.264194470,3.108253,34,v4,88000000ffffffffffffa8dd9f4dc5b5
7970,85.267651148,3.456678,34,v4,88000000ffffffffffffa8dd9f4dc5b5
7971,85.270323990,2.672842,30,v4,88000000ffffffffffffa8dd9f4dc5b5
7972,85.273347343,3.023353,30,v4,88000000ffffffffffffa8dd9f4dc5b5
7973,85.275329454,1.982111,34,v4,88000000ffffffffffffa8dd9f4dc5b5
7974,85.278331459,3.002005,30,v4,88000000ffffffffffffa8dd9f4dc5b5
7975,85.281426677,3.095218,34,v4,88000000ffffffffffffa8dd9f4dc5b5
7976,85.284523603,3.096926,30,v4,88000000ffffffffffffa8dd9f4dc5b5
7977,85.286507593,1.983990,30,v4,88000000ffffffffffffa8dd9f4dc5b5
7978,85.289686042,3.178449,34,v4,88000000ffffffffffffa8dd9f4dc5b5
7979,85.292659073,2.973031,34,v4,88000000ffffffffffffa8dd9f4dc5b5
7980,85.295773214,3.114141,34,v4,88000000ffffffffffffa8dd9f4dc5b5
7981,85.298821729,3.048515,34,v4,88000000ffffffffffffa8dd9f4dc5b5
7982,85.300858740,2.037011,30,v4,88000000ffffffffffffa8dd9f4dc5b5
7983,85.303768800,2.910060,30,v4,88000000ffffffffffffa8dd9f4dc5b5
7984,85.306886818,3.118018,34,v4,88000000ffffffffffffa8dd9f4dc5b5
7985,85.309882440,2.995622,30,v4,88000000ffffffffffffa8dd9f4dc5b5
7986,85.313092283,3.209843,30,v4,88000000ffffffffffffa8dd9f4dc5b5
7987,85.316001746,2.909463,34,v4,88000000ffffffffffffa8dd9f4dc5b5
7988,85.319133797,3.132051,30,v4,88000000ffffffffffffa8dd9f4dc5b5
7989,85.322221344,3.087547,30,v4,88000000ffffffffffffa8dd9f4dc5b5
7990,85.325191229,2.969885,34,v4,88000000ffffffffffffa8dd9f4dc5b5
7991,85.327187613,1.996384,30,v4,88000000ffffffffffffa8dd9f4dc5b5
7992,85.330397273,3.209660,34,v4,88000000ffffffffffffa8dd9f4dc5b5
7993,85.333326672,2.929399,30,v4,88000000ffffffffffffa8dd9f4dc5b5
7994,85.336437183,3.110511,34,v4,88000000ffffffffffffa8dd9f4dc5b5
7995,85.339435725,2.998542,34,v4,88000000ffffffffffffa8dd9f4dc5b5
7996,85.342515945,3.080220,30,v4,88000000ffffffffffffa8dd9f4dc5b5
7997,85.344519679,2.003734,34,v4,88000000ffffffffffffa8dd9f4dc5b5
7998,85.347461254,2.941575,30,v4,88000000ffffffffffffa8dd9f4dc5b5
7999,85.350835349,3.374095,30,v4,88000000ffffffffffffa8dd9f4dc5b5
8000,85.353619340,2.783991,30,v4,88000000ffffffffffffa8dd9f4dc5b5
8001,85.705031977,351.412637,34,v4,88000000ffffffffffffa8dd9f4dc5b5
8002,85.710281374,5.249397,34,v4,88000000ffffffffffffa8dd9f4dc5b5
8003,85.711378030,1.096656,34,v4,88000000ffffffffffffa8dd9f4dc5b5
8004,85.714511470,3.133440,34,v4,88000000ffffffffffffa8dd9f4dc5b5
8005,85.717361363,2.849893,34,v4,88000000ffffffffffffa8dd9f4dc5b5
8006,85.719811660,2.450297,34,v4,88000000ffffffffffffa8dd9f4dc5b5
8007,85.724366871,4.555211,34,v4,88000000ffffffffffffa8dd9f4dc5b5
8008,85.725456118,1.089247,34,v4,88000000ffffffffffffa8dd9f4dc5b5
8009,85.729431552,3.975434,34,v4,88000000ffffffffffffa8dd9f4dc5b5
8010,85.730742432,1.310880,30,v4,88000000ffffffffffffa8dd9f4dc5b5
8011,85.737462526,6.720094,30,v4,88000000ffffffffffffa8dd9f4dc5b5
8012,85.740512219,3.049693,34,v4,88000000ffffffffffffa8dd9f4dc5b5
8013,85.744057632,3.545413,34,v4,88000000ffffffffffffa8dd9f4dc5b5
8014,85.746839710,2.782078,34,v4,88000000ffffffffffffa8dd9f4dc5b5
8015,85.751687139,4.847429,34,v4,88000000ffffffffffffa8dd9f4dc5b5
8016,85.752919134,1.231995,30,v4,88000000ffffffffffffa8dd9f4dc5b5
8017,85.754857786,1.938652,30,v4,88000000ffffffffffffa8dd9f4dc5b5
8018,85.757962822,3.105036,30,v4,88000000ffffffffffffa8dd9f4dc5b5
8019,85.760995119,3.032297,34,v4,88000000ffffffffffffa8dd9f4dc5b5
8020,85.763353448,2.358329,30,v4,88000000ffffffffffffa8dd9f4dc5b5
8021,85.766162955,2.809507,30,v4,88000000ffffffffffffa8dd9f4dc5b5
8022,85.769374454,3.211499,34,v4,88000000ffffffffffffa8dd9f4dc5b5
8023,85.771226765,1.852311,34,v4,88000000ffffffffffffa8dd9f4dc5b5
8024,85.774259261,3.032496,30,v4,88000000ffffffffffffa8dd9f4dc5b5
8025,85.777294668,3.035407,30,v4,88000000ffffffffffffa8dd9f4dc5b5
8026,85.780422534,3.127866,30,v4,88000000ffffffffffffa8dd9f4dc5b5
8027,85.783414398,2.991864,34,v4,88000000ffffffffffffa8dd9f4dc5b5
8028,85.785371306,1.956908,34,v4,88000000ffffffffffffa8dd9f4dc5b5
8029,85.788468356,3.097050,34,v4,88000000ffffffffffffa8dd9f4dc5b5
8030,85.791410805,2.942449,30,v4,88000000ffffffffffffa8dd9f4dc5b5
8031,85.794530845,3.120040,34,v4,88000000ffffffffffffa8dd9f4dc5b5
8032,85.796528370,1.997525,34,v4,88000000ffffffffffffa8dd9f4dc5b5
8033,85.799625798,3.097428,30,v4,88000000ffffffffffffa8dd9f4dc5b5
8034,85.802634253,3.008455,34,v4,88000000ffffffffffffa8dd9f4dc5b5
8035,85.804684407,2.050154,34,v4,88000000ffffffffffffa8dd9f4dc5b5
8036,85.807798046,3.113639,30,v4,88000000ffffffffffffa8dd9f4dc5b5
8037,85.810856239,3.058193,30,v4,88000000ffffffffffffa8dd9f4dc5b5
8038,85.812858909,2.002670,30,v4,88000000ffffffffffffa8dd9f4dc5b5
8039,85.815879776,3.020867,30,v4,88000000ffffffffffffa8dd9f4dc5b5
8040,85.823159987,7.280211,34,v4,88000000ffffffffffffa8dd9f4dc5b5
8041,85.825011964,1.851977,30,v4,88000000ffffffffffffa8dd9f4dc5b5
8042,85.827055767,2.043803,34,v4,88000000ffffffffffffa8dd9f4dc5b5
8043,85.830121420,3.065653,34,v4,88000000ffffffffffffa8dd9f4dc5b5
8044,85.834265519,4.144099,30,v4,88000000ffffffffffffa8dd9f4dc5b5
8045,85.836163705,1.898186,30,v4,88000000ffffffffffffa8dd9f4dc5b5
8046,85.839643728,3.480023,34,v4,88000000ffffffffffffa8dd9f4dc5b5
8047,85.842259393,2.615665,34,v4,88000000ffffffffffffa8dd9f4dc5b5
8048,85.845457266,3.197873,30,v4,88000000ffffffffffffa8dd9f4dc5b5
8049,85.847362097,1.904831,30,v4,88000000ffffffffffffa8dd9f4dc5b5
8050,85.850317411,2.955314,34,v4,88000000ffffffffffffa8dd9f4dc5b5
8051,85.853461404,3.143993,30,v4,88000000ffffffffffffa8dd9f4dc5b5
8052,85.855407345,1.945941,30,v4,88000000ffffffffffffa8dd9f4dc5b5
8053,85.858684406,3.277061,34,v4,88000000ffffffffffffa8dd9f4dc5b5
8054,85.861647122,2.962716,34,v4,88000000ffffffffffffa8dd9f4dc5b5
8055,85.863583846,1.936724,30,v4,88000000ffffffffffffa8dd9f4dc5b5
8056,85.866797611,3.213765,34,v4,88000000ffffffffffffa8dd9f4dc5b5
8057,85.869819837,3.022226,30,v4,88000000ffffffffffffa8dd9f4dc5b5
8058,85.871742303,1.922466,34,v4,88000000ffffffffffffa8dd9f4dc5b5
8059,85.874946671,3.204368,34,v4,88000000ffffffffffffa8dd9f4dc5b5
8060,85.877930038,2.983367,30,v4,88000000ffffffffffffa8dd9f4dc5b5
8061,85.880884365,2.954327,34,v4,88000000ffffffffffffa8dd9f4dc5b5
8062,85.884103070,3.218705,34,v4,88000000ffffffffffffa8dd9f4dc5b5
8063,85.885910271,1.807201,30,v4,88000000ffffffffffffa8dd9f4dc5b5
8064,85.889085854,3.175583,34,v4,88000000ffffffffffffa8dd9f4dc5b5
8065,85.892004068,2.918214,34,v4,88000000ffffffffffffa8dd9f4dc5b5
8066,85.894120598,2.116530,34,v4,88000000ffffffffffffa8dd9f4dc5b5
8067,85.897134670,3.014072,30,v4,88000000ffffffffffffa8dd9f4dc5b5
8068,85.900275903,3.141233,30,v4,88000000ffffffffffffa8dd9f4dc5b5
8069,85.903230046,2.954143,34,v4,88000000ffffffffffffa8dd9f4dc5b5
8070,85.905279485,2.049439,30,v4,88000000ffffffffffffa8dd9f4dc5b5
8071,85.908433422,3.153937,30,v4,88000000ffffffffffffa8dd9f4dc5b5
8072,85.910343461,1.910039,30,v4,88000000ffffffffffffa8dd9f4dc5b5
8073,85.913440748,3.097287,30,v4,88000000ffffffffffffa8dd9f4dc5b5
8074,85.916460652,3.019904,34,v4,88000000ffffffffffffa8dd9f4dc5b5
8075,85.919501575,3.040923,34,v4,88000000ffffffffffffa8dd9f4dc5b5
8076,85.921468532,1.966957,34,v4,88000000ffffffffffffa8dd9f4dc5b5
8077,85.924656741,3.188209,34,v4,88000000ffffffffffffa8dd9f4dc5b5
8078,85.927685959,3.029218,34,v4,88000000ffffffffffffa8dd9f4dc5b5
8079,85.929618808,1.932849,30,v4,88000000ffffffffffffa8dd9f4dc5b5
8080,85.932750539,3.131731,30,v4,88000000ffffffffffffa8dd9f4dc5b5
8081,85.936063031,3.312492,34,v4,88000000ffffffffffffa8dd9f4dc5b5
8082,85.937751150,1.688119,30,v4,88000000ffffffffffffa8dd9f4dc5b5
8083,85.942800195,5.049045,34,v4,88000000ffffffffffffa8dd9f4dc5b5
8084,85.943912978,1.112783,30,v4,88000000ffffffffffffa8dd9f4dc5b5
8085,85.945908876,1.995898,30,v4,88000000ffffffffffffa8dd9f4dc5b5
8086,85.948939364,3.030488,34,v4,88000000ffffffffffffa8dd9f4dc5b5
8087,85.952147745,3.208381,34,v4,88000000ffffffffffffa8dd9f4dc5b5
8088,85.955375176,3.227431,30,v4,88000000ffffffffffffa8dd9f4dc5b5
8089,85.957306988,1.931812,30,v4,88000000ffffffffffffa8dd9f4dc5b5
8090,85.962106144,4.799156,34,v4,88000000ffffffffffffa8dd9f4dc5b5
8091,85.968171951,6.065807,34,v4,88000000ffffffffffffa8dd9f4dc5b5
8092,85.969363895,1.191944,34,v4,88000000ffffffffffffa8dd9f4dc5b5
8093,85.972447029,3.083134,34,v4,88000000ffffffffffffa8dd9f4dc5b5
8094,85.974374323,1.927294,30,v4,88000000ffffffffffffa8dd9f4dc5b5
8095,85.977430501,3.056178,34,v4,88000000ffffffffffffa8dd9f4dc5b5
8096,86.310669540,333.239039,30,v4,88000000ffffffffffffa8dd9f4dc5b5
8097,86.312713240,2.043700,30,v4,88000000ffffffffffffa8dd9f4dc5b5
8098,86.315827597,3.114357,30,v4,88000000ffffffffffffa8dd9f4dc5b5
8099,86.317762914,1.935317,34,v4,88000000ffffffffffffa8dd9f4dc5b5
8100,86.320928450,3.165536,30,v4,88000000ffffffffffffa8dd9f4dc5b5
8101,86.324016528,3.088078,30,v4,88000000ffffffffffffa8dd9f4dc5b5
8102,86.325949049,1.932521,30,v4,88000000ffffffffffffa8dd9f4dc5b5
8103,86.328976573,3.027524,30,v4,88000000ffffffffffffa8dd9f4dc5b5
8104,86.331061979,2.085406,34,v4,88000000ffffffffffffa8dd9f4dc5b5
8105,86.334536055,3.474076,30,v4,88000000ffffffffffffa8dd9f4dc5b5
8106,86.337252292,2.716237,30,v4,88000000ffffffffffffa8dd9f4dc5b5
8107,86.340325922,3.073630,34,v4,88000000ffffffffffffa8dd9f4dc5b5
8108,86.342360696,2.034774,34,v4,88000000ffffffffffffa8dd9f4dc5b5
8109,86.345610282,3.249586,34,v4,88000000ffffffffffffa8dd9f4dc5b5
8110,86.347373279,1.762997,34,v4,88000000ffffffffffffa8dd9f4dc5b5
8111,86.350527695,3.154416,34,v4,88000000ffffffffffffa8dd9f4dc5b5
8112,86.353657623,3.129928,30,v4,88000000ffffffffffffa8dd9f4dc5b5
8113,86.356718369,3.060746,34,v4,88000000ffffffffffffa8dd9f4dc5b5
8114,86.359711801,2.993432,34,v4,88000000ffffffffffffa8dd9f4dc5b5
8115,86.363069411,3.357610,30,v4,88000000ffffffffffffa8dd9f4dc5b5
8116,86.364564463,1.495052,34,v4,88000000ffffffffffffa8dd9f4dc5b5
8117,86.366596697,2.032234,34,v4,88000000ffffffffffffa8dd9f4dc5b5
8118,86.369807246,3.210549,34,v4,88000000ffffffffffffa8dd9f4dc5b5
8119,86.371630850,1.823604,34,v4,88000000ffffffffffffa8dd9f4dc5b5
8120,86.374772707,3.141857,30,v4,88000000ffffffffffffa8dd9f4dc5b5
8121,86.378320356,3.547649,30,v4,88000000ffffffffffffa8dd9f4dc5b5
8122,86.379776019,1.455663,30,v4,88000000ffffffffffffa8dd9f4dc5b5
8123,86.382997697,3.221678,34,v4,88000000ffffffffffffa8dd9f4dc5b5
8124,86.385900642,2.902945,34,v4,88000000ffffffffffffa8dd9f4dc5b5
8125,86.387898263,1.997621,30,v4,88000000ffffffffffffa8dd9f4dc5b5
8126,86.390981667,3.083404,34,v4,88000000ffffffffffffa8dd9f4dc5b5
8127,86.393079456,2.097789,30,v4,88000000ffffffffffffa8dd9f4dc5b5
8128,86.402407724,9.328268,30,v4,88000000ffffffffffffa8dd9f4dc5b5
8129,86.404111248,1.703524,34,v4,88000000ffffffffffffa8dd9f4dc5b5
8130,86.406186912,2.075664,30,v4,88000000ffffffffffffa8dd9f4dc5b5
8131,86.409146393,2.959481,34,v4,88000000ffffffffffffa8dd9f4dc5b5
8132,86.411389781,2.243388,30,v4,88000000ffffffffffffa8dd9f4dc5b5
8133,86.414416017,3.026236,30,v4,88000000ffffffffffffa8dd9f4dc5b5
8134,86.417247485,2.831468,30,v4,88000000ffffffffffffa8dd9f4dc5b5
8135,86.419339056,2.091571,34,v4,88000000ffffffffffffa8dd9f4dc5b5
8136,86.422381144,3.042088,30,v4,88000000ffffffffffffa8dd9f4dc5b5
8137,86.424515759,2.134615,34,v4,88000000ffffffffffffa8dd9f4dc5b5
8138,86.427542242,3.026483,30,v4,88000000ffffffffffffa8dd9f4dc5b5
8139,86.430722428,3.180186,30,v4,88000000ffffffffffffa8dd9f4dc5b5
8140,86.432605788,1.883360,34,v4,88000000ffffffffffffa8dd9f4dc5b5
8141,86.435711496,3.105708,34,v4,88000000ffffffffffffa8dd9f4dc5b5
8142,86.437626081,1.914585,30,v4,88000000ffffffffffffa8dd9f4dc5b5
8143,86.440780480,3.154399,34,v4,88000000ffffffffffffa8dd9f4dc5b5
8144,86.443929379,3.148899,30,v4,88000000ffffffffffffa8dd9f4dc5b5
8145,86.445752754,1.823375,30,v4,88000000ffffffffffffa8dd9f4dc5b5
8146,86.448817339,3.064585,34,v4,88000000ffffffffffffa8dd9f4dc5b5
8147,86.450842476,2.025137,34,v4,88000000ffffffffffffa8dd9f4dc5b5
8148,86.454063262,3.220786,30,v4,88000000ffffffffffffa8dd9f4dc5b5
8149,86.455972991,1.909729,30,v4,88000000ffffffffffffa8dd9f4dc5b5
8150,86.459185515,3.212524,30,v4,88000000ffffffffffffa8dd9f4dc5b5
8151,86.462094291,2.908776,30,v4,88000000ffffffffffffa8dd9f4dc5b5
8152,86.464004802,1.910511,30,v4,88000000ffffffffffffa8dd9f4dc5b5
8153,86.467231193,3.226391,34,v4,88000000ffffffffffffa8dd9f4dc5b5
8154,86.469140041,1.908848,30,v4,88000000ffffffffffffa8dd9f4dc5b5
8155,86.472664950,3.524909,30,v4,88000000ffffffffffffa8dd9f4dc5b5
8156,86.475422158,2.757208,34,v4,88000000ffffffffffffa8dd9f4dc5b5
8157,86.477432529,2.010371,34,v4,88000000ffffffffffffa8dd9f4dc5b5
8158,86.480305668,2.873139,30,v4,88000000ffffffffffffa8dd9f4dc5b5
8159,86.483568925,3.263257,30,v4,88000000ffffffffffffa8dd9f4dc5b5
8160,86.486481074,2.912149,30,v4,88000000ffffffffffffa8dd9f4dc5b5
8161,86.489522871,3.041797,34,v4,88000000ffffffffffffa8dd9f4dc5b5
8162,86.491645327,2.122456,34,v4,88000000ffffffffffffa8dd9f4dc5b5
8163,86.494528767,2.883440,30,v4,88000000ffffffffffffa8dd9f4dc5b5
8164,86.500607027,6.078260,34,v4,88000000ffffffffffffa8dd9f4dc5b5
8165,86.502668380,2.061353,30,v4,88000000ffffffffffffa8dd9f4dc5b5
8166,86.506570922,3.902542,30,v4,88000000ffffffffffffa8dd9f4dc5b5
8167,86.507803766,1.232844,30,v4,88000000ffffffffffffa8dd9f4dc5b5
8168,86.509762529,1.958763,30,v4,88000000ffffffffffffa8dd9f4dc5b5
8169,86.512899121,3.136592,30,v4,88000000ffffffffffffa8dd9f4dc5b5
8170,86.516191808,3.292687,34,v4,88000000ffffffffffffa8dd9f4dc5b5
8171,86.517934106,1.742298,30,v4,88000000ffffffffffffa8dd9f4dc5b5
8172,86.521074060,3.139954,30,v4,88000000ffffffffffffa8dd9f4dc5b5
8173,86.523009380,1.935320,34,v4,88000000ffffffffffffa8dd9f4dc5b5
8174,86.526036645,3.027265,30,v4,88000000ffffffffffffa8dd9f4dc5b5
8175,86.529178342,3.141697,30,v4,88000000ffffffffffffa8dd9f4dc5b5
8176,86.531125174,1.946832,30,v4,88000000ffffffffffffa8dd9f4dc5b5
8177,86.534473889,3.348715,34,v4,88000000ffffffffffffa8dd9f4dc5b5
8178,86.536252282,1.778393,34,v4,88000000ffffffffffffa8dd9f4dc5b5
8179,86.539950200,3.697918,30,v4,88000000ffffffffffffa8dd9f4dc5b5
8180,86.542371638,2.421438,34,v4,88000000ffffffffffffa8dd9f4dc5b5
8181,86.544328718,1.957080,34,v4,88000000ffffffffffffa8dd9f4dc5b5
8182,86.547464686,3.135968,34,v4,88000000ffffffffffffa8dd9f4dc5b5
8183,86.549393870,1.929184,34,v4,88000000ffffffffffffa8dd9f4dc5b5
8184,86.552561116,3.167246,30,v4,88000000ffffffffffffa8dd9f4dc5b5
8185,86.555577174,3.016058,30,v4,88000000ffffffffffffa8dd9f4dc5b5
8186,86.557567631,1.990457,34,v4,88000000ffffffffffffa8dd9f4dc5b5
8187,86.560653468,3.085837,34,v4,88000000ffffffffffffa8dd9f4dc5b5
8188,86.562766912,2.113444,34,v4,88000000ffffffffffffa8dd9f4dc5b5
8189,86.565691391,2.924479,30,v4,88000000ffffffffffffa8dd9f4dc5b5
8190,86.567838734,2.147343,30,v4,88000000ffffffffffffa8dd9f4dc5b5
8191,86.570914251,3.075517,30,v4,88000000ffffffffffffa8dd9f4dc5b5
8192,86.573968875,3.054624,30,v4,88000000ffffffffffffa8dd9f4dc5b5
8193,86.918498951,344.530076,34,v4,88000000ffffffffffffa8dd9f4dc5b5
8194,86.921387712,2.888761,30,v4,88000000ffffffffffffa8dd9f4dc5b5
8195,86.923212547,1.824835,30,v4,88000000ffffffffffffa8dd9f4dc5b5
8196,86.926374603,3.162056,34,v4,88000000ffffffffffffa8dd9f4dc5b5
8197,86.928349359,1.974756,30,v4,88000000ffffffffffffa8dd9f4dc5b5
8198,86.931433224,3.083865,34,v4,88000000ffffffffffffa8dd9f4dc5b5
8199,86.933419159,1.985935,30,v4,88000000ffffffffffffa8dd9f4dc5b5
8200,86.936468585,3.049426,30,v4,88000000ffffffffffffa8dd9f4dc5b5
8201,86.939621511,3.152926,30,v4,88000000ffffffffffffa8dd9f4dc5b5
8202,86.941666132,2.044621,34,v4,88000000ffffffffffffa8dd9f4dc5b5
8203,86.944864694,3.198562,30,v4,88000000ffffffffffffa8dd9f4dc5b5
8204,86.946709418,1.844724,34,v4,88000000ffffffffffffa8dd9f4dc5b5
8205,86.953770127,7.060709,34,v4,88000000ffffffffffffa8dd9f4dc5b5
8206,86.954825687,1.055560,34,v4,88000000ffffffffffffa8dd9f4dc5b5
8207,86.956852861,2.027174,34,v4,88000000ffffffffffffa8dd9f4dc5b5
8208,86.959961334,3.108473,34,v4,88000000ffffffffffffa8dd9f4dc5b5
8209,86.961916338,1.955004,34,v4,88000000ffffffffffffa8dd9f4dc5b5
8210,86.965093839,3.177501,30,v4,88000000ffffffffffffa8dd9f4dc5b5
8211,86.967048973,1.955134,34,v4,88000000ffffffffffffa8dd9f4dc5b5
8212,86.970063843,3.014870,30,v4,88000000ffffffffffffa8dd9f4dc5b5
8213,86.972065943,2.002100,34,v4,88000000ffffffffffffa8dd9f4dc5b5
8214,86.975204782,3.138839,30,v4,88000000ffffffffffffa8dd9f4dc5b5
8215,86.977139257,1.934475,30,v4,88000000ffffffffffffa8dd9f4dc5b5
8216,86.980454270,3.315013,30,v4,88000000ffffffffffffa8dd9f4dc5b5
8217,86.982234645,1.780375,34,v4,88000000ffffffffffffa8dd9f4dc5b5
8218,86.985249972,3.015327,34,v4,88000000ffffffffffffa8dd9f4dc5b5
8219,86.987263839,2.013867,30,v4,88000000ffffffffffffa8dd9f4dc5b5
8220,86.990508447,3.244608,30,v4,88000000ffffffffffffa8dd9f4dc5b5
8221,86.993377101,2.868654,30,v4,88000000ffffffffffffa8dd9f4dc5b5
8222,86.995317377,1.940276,30,v4,88000000ffffffffffffa8dd9f4dc5b5
8223,86.997453018,2.135641,30,v4,88000000ffffffffffffa8dd9f4dc5b5
8224,87.000527235,3.074217,30,v4,88000000ffffffffffffa8dd9f4dc5b5
8225,87.004680833,4.153598,30,v4,88000000ffffffffffffa8dd9f4dc5b5
8226,87.006616991,1.936158,30,v4,88000000ffffffffffffa8dd9f4dc5b5
8227,87.009638032,3.021041,34,v4,88000000ffffffffffffa8dd9f4dc5b5
8228,87.011685981,2.047949,30,v4,88000000ffffffffffffa8dd9f4dc5b5
8229,87.014914815,3.228834,30,v4,88000000ffffffffffffa8dd9f4dc5b5
8230,87.016777382,1.862567,30,v4,88000000ffffffffffffa8dd9f4dc5b5
8231,87.019755633,2.978251,34,v4,88000000ffffffffffffa8dd9f4dc5b5
8232,87.021763616,2.007983,30,v4,88000000ffffffffffffa8dd9f4dc5b5
8233,87.024926028,3.162412,30,v4,88000000ffffffffffffa8dd9f4dc5b5
8234,87.026876889,1.950861,30,v4,88000000ffffffffffffa8dd9f4dc5b5
8235,87.030117727,3.240838,30,v4,88000000ffffffffffffa8dd9f4dc5b5
8236,87.031963350,1.845623,30,v4,88000000ffffffffffffa8dd9f4dc5b5
8237,87.035073103,3.109753,30,v4,88000000ffffffffffffa8dd9f4dc5b5
8238,87.037089761,2.016658,34,v4,88000000ffffffffffffa8dd9f4dc5b5
8239,87.040148152,3.058391,30,v4,88000000ffffffffffffa8dd9f4dc5b5
8240,87.042220003,2.071851,30,v4,88000000ffffffffffffa8dd9f4dc5b5
8241,87.045191501,2.971498,30,v4,88000000ffffffffffffa8dd9f4dc5b5
8242,87.047190392,1.998891,30,v4,88000000ffffffffffffa8dd9f4dc5b5
8243,87.050396370,3.205978,34,v4,88000000ffffffffffffa8dd9f4dc5b5
8244,87.052233379,1.837009,34,v4,88000000ffffffffffffa8dd9f4dc5b5
8245,87.055363094,3.129715,30,v4,88000000ffffffffffffa8dd9f4dc5b5
8246,87.057359837,1.996743,34,v4,88000000ffffffffffffa8dd9f4dc5b5
8247,87.060480455,3.120618,30,v4,88000000ffffffffffffa8dd9f4dc5b5
8248,87.062410738,1.930283,34,v4,88000000ffffffffffffa8dd9f4dc5b5
8249,87.065531971,3.121233,30,v4,88000000ffffffffffffa8dd9f4dc5b5
8250,87.067534507,2.002536,34,v4,88000000ffffffffffffa8dd9f4dc5b5
8251,87.070643059,3.108552,30,v4,88000000ffffffffffffa8dd9f4dc5b5
8252,87.072608463,1.965404,30,v4,88000000ffffffffffffa8dd9f4dc5b5
8253,87.075721438,3.112975,34,v4,88000000ffffffffffffa8dd9f4dc5b5
8254,87.077669830,1.948392,34,v4,88000000ffffffffffffa8dd9f4dc5b5
8255,87.080747498,3.077668,30,v4,88000000ffffffffffffa8dd9f4dc5b5
8256,87.082711325,1.963827,34,v4,88000000ffffffffffffa8dd9f4dc5b5
8257,87.085889111,3.177786,30,v4,88000000ffffffffffffa8dd9f4dc5b5
8258,87.087918738,2.029627,30,v4,88000000ffffffffffffa8dd9f4dc5b5
8259,87.090970996,3.052258,34,v4,88000000ffffffffffffa8dd9f4dc5b5
8260,87.092990978,2.019982,34,v4,88000000ffffffffffffa8dd9f4dc5b5
8261,87.096148549,3.157571,34,v4,88000000ffffffffffffa8dd9f4dc5b5
8262,87.098009010,1.860461,34,v4,88000000ffffffffffffa8dd9f4dc5b5
8263,87.101398307,3.389297,34,v4,88000000ffffffffffffa8dd9f4dc5b5
8264,87.103178774,1.780467,34,v4,88000000ffffffffffffa8dd9f4dc5b5
8265,87.106220771,3.041997,30,v4,88000000ffffffffffffa8dd9f4dc5b5
8266,87.108297723,2.076952,30,v4,88000000ffffffffffffa8dd9f4dc5b5
8267,87.111345106,3.047383,30,v4,88000000ffffffffffffa8dd9f4dc5b5
8268,87.113239342,1.894236,30,v4,88000000ffffffffffffa8dd9f4dc5b5
8269,87.116316797,3.077455,34,v4,88000000ffffffffffffa8dd9f4dc5b5
8270,87.118389576,2.072779,30,v4,88000000ffffffffffffa8dd9f4dc5b5
8271,87.120405117,2.015541,30,v4,88000000ffffffffffffa8dd9f4dc5b5
8272,87.123523576,3.118459,30,v4,88000000ffffffffffffa8dd9f4dc5b5
8273,87.126498864,2.975288,34,v4,88000000ffffffffffffa8dd9f4dc5b5
8274,87.128510383,2.011519,34,v4,88000000ffffffffffffa8dd9f4dc5b5
8275,87.132883935,4.373552,30,v4,88000000ffffffffffffa8dd9f4dc5b5
8276,87.134691408,1.807473,34,v4,88000000ffffffffffffa8dd9f4dc5b5
8277,87.136689796,1.998388,30,v4,88000000ffffffffffffa8dd9f4dc5b5
8278,87.139872366,3.182570,30,v4,88000000ffffffffffffa8dd9f4dc5b5
8279,87.142806651,2.934285,34,v4,88000000ffffffffffffa8dd9f4dc5b5
8280,87.144817094,2.010443,30,v4,88000000ffffffffffffa8dd9f4dc5b5
8281,87.148002867,3.185773,34,v4,88000000ffffffffffffa8dd9f4dc5b5
8282,87.149925916,1.923049,30,v4,88000000ffffffffffffa8dd9f4dc5b5
8283,87.151959877,2.033961,30,v4,88000000ffffffffffffa8dd9f4dc5b5
8284,87.155201395,3.241518,30,v4,88000000ffffffffffffa8dd9f4dc5b5
8285,87.157073613,1.872218,34,v4,88000000ffffffffffffa8dd9f4dc5b5
8286,87.160164767,3.091154,34,v4,88000000ffffffffffffa8dd9f4dc5b5
8287,87.163248173,3.083406,30,v4,88000000ffffffffffffa8dd9f4dc5b5
8288,87.165099254,1.851081,34,v4,88000000ffffffffffffa8dd9f4dc5b5
8289,87.167253788,2.154534,34,v4,88000000ffffffffffffa8dd9f4dc5b5
8290,87.171308729,4.054941,34,v4,88000000ffffffffffffa8dd9f4dc5b5
8291,87.173289378,1.980649,30,v4,88000000ffffffffffffa8dd9f4dc5b5
8292,87.516783531,343.494153,30,v4,88000000ffffffffffffa8dd9f4dc5b5
8293,87.519826404,3.042873,34,v4,88000000ffffffffffffa8dd9f4dc5b5
8294,87.522857714,3.031310,34,v4,88000000ffffffffffffa8dd9f4dc5b5
8295,87.525029924,2.172210,34,v4,88000000ffffffffffffa8dd9f4dc5b5
8296,87.527952400,2.922476,30,v4,88000000ffffffffffffa8dd9f4dc5b5
8297,87.529936529,1.984129,30,v4,88000000ffffffffffffa8dd9f4dc5b5
8298,87.533048181,3.111652,30,v4,88000000ffffffffffffa8dd9f4dc5b5
8299,87.535082070,2.033889,34,v4,88000000ffffffffffffa8dd9f4dc5b5
8300,87.537041575,1.959505,30,v4,88000000ffffffffffffa8dd9f4dc5b5
8301,87.540510660,3.469085,30,v4,88000000ffffffffffffa8dd9f4dc5b5
8302,87.542183479,1.672819,30,v4,88000000ffffffffffffa8dd9f4dc5b5
8303,87.545311470,3.127991,30,v4,88000000ffffffffffffa8dd9f4dc5b5
8304,87.547220503,1.909033,34,v4,88000000ffffffffffffa8dd9f4dc5b5
8305,87.549299645,2.079142,34,v4,88000000ffffffffffffa8dd9f4dc5b5
8306,87.552638676,3.339031,30,v4,88000000ffffffffffffa8dd9f4dc5b5
8307,87.554442825,1.804149,34,v4,88000000ffffffffffffa8dd9f4dc5b5
8308,87.557627493,3.184668,30,v4,88000000ffffffffffffa8dd9f4dc5b5
8309,87.559317572,1.690079,34,v4,88000000ffffffffffffa8dd9f4dc5b5
8310,87.562399930,3.082358,34,v4,88000000ffffffffffffa8dd9f4dc5b5
8311,87.564462078,2.062148,30,v4,88000000ffffffffffffa8dd9f4dc5b5
8312,87.566423056,1.960978,30,v4,88000000ffffffffffffa8dd9f4dc5b5
8313,87.569549256,3.126200,34,v4,88000000ffffffffffffa8dd9f4dc5b5
8314,87.571509645,1.960389,34,v4,88000000ffffffffffffa8dd9f4dc5b5
8315,87.574651454,3.141809,34,v4,88000000ffffffffffffa8dd9f4dc5b5
8316,87.576698545,2.047091,34,v4,88000000ffffffffffffa8dd9f4dc5b5
8317,87.578728477,2.029932,34,v4,88000000ffffffffffffa8dd9f4dc5b5
8318,87.581774836,3.046359,34,v4,88000000ffffffffffffa8dd9f4dc5b5
8319,87.583764116,1.989280,34,v4,88000000ffffffffffffa8dd9f4dc5b5
8320,87.586893188,3.129072,30,v4,88000000ffffffffffffa8dd9f4dc5b5
8321,87.588787985,1.894797,30,v4,88000000ffffffffffffa8dd9f4dc5b5
8322,87.590937514,2.149529,34,v4,88000000ffffffffffffa8dd9f4dc5b5
8323,87.594031411,3.093897,30,v4,88000000ffffffffffffa8dd9f4dc5b5
8324,87.595946450,1.915039,30,v4,88000000ffffffffffffa8dd9f4dc5b5
8325,87.599277703,3.331253,34,v4,88000000ffffffffffffa8dd9f4dc5b5
8326,87.601113831,1.836128,30,v4,88000000ffffffffffffa8dd9f4dc5b5
8327,87.603004779,1.890948,30,v4,88000000ffffffffffffa8dd9f4dc5b5
8328,87.606166233,3.161454,30,v4,88000000ffffffffffffa8dd9f4dc5b5
8329,87.608149258,1.983025,30,v4,88000000ffffffffffffa8dd9f4dc5b5
8330,87.611241088,3.091830,34,v4,88000000ffffffffffffa8dd9f4dc5b5
8331,87.613226412,1.985324,34,v4,88000000ffffffffffffa8dd9f4dc5b5
8332,87.616462642,3.236230,34,v4,88000000ffffffffffffa8dd9f4dc5b5
8333,87.618312351,1.849709,30,v4,88000000ffffffffffffa8dd9f4dc5b5
8334,87.620485048,2.172697,34,v4,88000000ffffffffffffa8dd9f4dc5b5
8335,87.623526656,3.041608,30,v4,88000000ffffffffffffa8dd9f4dc5b5
8336,87.625529939,2.003283,30,v4,88000000ffffffffffffa8dd9f4dc5b5
8337,87.628540869,3.010930,30,v4,88000000ffffffffffffa8dd9f4dc5b5
8338,87.630575545,2.034676,30,v4,88000000ffffffffffffa8dd9f4dc5b5
8339,87.632455440,1.879895,34,v4,88000000ffffffffffffa8dd9f4dc5b5
8340,87.636235878,3.780438,34,v4,88000000ffffffffffffa8dd9f4dc5b5
8341,87.638896237,2.660359,30,v4,88000000ffffffffffffa8dd9f4dc5b5
8342,87.640853239,1.957002,30,v4,88000000ffffffffffffa8dd9f4dc5b5
8343,87.643420559,2.567320,30,v4,88000000ffffffffffffa8dd9f4dc5b5
8344,87.645884387,2.463828,30,v4,88000000ffffffffffffa8dd9f4dc5b5
8345,87.647838818,1.954431,34,v4,88000000ffffffffffffa8dd9f4dc5b5
8346,87.649799070,1.960252,30,v4,88000000ffffffffffffa8dd9f4dc5b5
8347,87.654090070,4.291000,34,v4,88000000ffffffffffffa8dd9f4dc5b5
8348,87.655888088,1.798018,30,v4,88000000ffffffffffffa8dd9f4dc5b5
8349,87.659016103,3.128015,30,v4,88000000ffffffffffffa8dd9f4dc5b5
8350,87.660995046,1.978943,34,v4,88000000ffffffffffffa8dd9f4dc5b5
8351,87.662952135,1.957089,30,v4,88000000ffffffffffffa8dd9f4dc5b5
8352,87.666147789,3.195654,34,v4,88000000ffffffffffffa8dd9f4dc5b5
8353,87.668133635,1.985846,30,v4,88000000ffffffffffffa8dd9f4dc5b5
8354,87.671105154,2.971519,30,v4,88000000ffffffffffffa8dd9f4dc5b5
8355,87.673105053,1.999899,34,v4,88000000ffffffffffffa8dd9f4dc5b5
8356,87.675186873,2.081820,34,v4,88000000ffffffffffffa8dd9f4dc5b5
8357,87.678191264,3.004391,30,v4,88000000ffffffffffffa8dd9f4dc5b5
8358,87.680181410,1.990146,30,v4,88000000ffffffffffffa8dd9f4dc5b5
8359,87.683249210,3.067800,34,v4,88000000ffffffffffffa8dd9f4dc5b5
8360,87.685304634,2.055424,30,v4,88000000ffffffffffffa8dd9f4dc5b5
8361,87.688468183,3.163549,34,v4,88000000ffffffffffffa8dd9f4dc5b5
8362,87.690374520,1.906337,34,v4,88000000ffffffffffffa8dd9f4dc5b5
8363,87.692873461,2.498941,34,v4,88000000ffffffffffffa8dd9f4dc5b5
8364,87.695458235,2.584774,30,v4,88000000ffffffffffffa8dd9f4dc5b5
8365,87.697445241,1.987006,34,v4,88000000ffffffffffffa8dd9f4dc5b5
8366,87.700590933,3.145692,34,v4,88000000ffffffffffffa8dd9f4dc5b5
8367,87.702883857,2.292924,34,v4,88000000ffffffffffffa8dd9f4dc5b5
8368,87.704821458,1.937601,34,v4,88000000ffffffffffffa8dd9f4dc5b5
8369,87.707981691,3.160233,34,v4,88000000ffffffffffffa8dd9f4dc5b5
8370,87.709877835,1.896144,34,v4,88000000ffffffffffffa8dd9f4dc5b5
8371,87.713023928,3.146093,30,v4,88000000ffffffffffffa8dd9f4dc5b5
8372,87.714817949,1.794021,30,v4,88000000ffffffffffffa8dd9f4dc5b5
8373,87.716902206,2.084257,30,v4,88000000ffffffffffffa8dd9f4dc5b5
8374,87.719948033,3.045827,34,v4,88000000ffffffffffffa8dd9f4dc5b5
8375,87.721838172,1.890139,34,v4,88000000ffffffffffffa8dd9f4dc5b5
8376,87.724997231,3.159059,30,v4,88000000ffffffffffffa8dd9f4dc5b5
8377,87.726997131,1.999900,30,v4,88000000ffffffffffffa8dd9f4dc5b5
8378,87.729051862,2.054731,34,v4,88000000ffffffffffffa8dd9f4dc5b5
8379,87.735189305,6.137443,34,v4,88000000ffffffffffffa8dd9f4dc5b5
8380,87.737073280,1.883975,34,v4,88000000ffffffffffffa8dd9f4dc5b5
8381,87.739092141,2.018861,30,v4,88000000ffffffffffffa8dd9f4dc5b5
8382,87.742230417,3.138276,34,v4,88000000ffffffffffffa8dd9f4dc5b5
8383,87.744196449,1.966032,34,v4,88000000ffffffffffffa8dd9f4dc5b5
8384,87.746300714,2.104265,30,v4,88000000ffffffffffffa8dd9f4dc5b5
8385,87.749270242,2.969528,34,v4,88000000ffffffffffffa8dd9f4dc5b5
8386,87.751311433,2.041191,30,v4,88000000ffffffffffffa8dd9f4dc5b5
8387,87.753349158,2.037725,34,v4,88000000ffffffffffffa8dd9f4dc5b5
8388,87.756412061,3.062903,34,v4,88000000ffffffffffffa8dd9f4dc5b5
8389,87.758427943,2.015882,30,v4,88000000ffffffffffffa8dd9f4dc5b5
8390,87.761640686,3.212743,30,v4,88000000ffffffffffffa8dd9f4dc5b5
8391,88.092853142,331.212456,30,v4,88000000ffffffffffffa8dd9f4dc5b5
8392,88.094920281,2.067139,34,v4,88000000ffffffffffffa8dd9f4dc5b5
8393,88.096812295,1.892014,34,v4,88000000ffffffffffffa8dd9f4dc5b5
8394,88.099800848,2.988553,34,v4,88000000ffffffffffffa8dd9f4dc5b5
8395,88.101974512,2.173664,30,v4,88000000ffffffffffffa8dd9f4dc5b5
8396,88.103865068,1.890556,30,v4,88000000ffffffffffffa8dd9f4dc5b5
8397,88.106950144,3.085076,34,v4,88000000ffffffffffffa8dd9f4dc5b5
8398,88.109032319,2.082175,34,v4,88000000ffffffffffffa8dd9f4dc5b5
8399,88.111119592,2.087273,34,v4,88000000ffffffffffffa8dd9f4dc5b5
8400,88.113031107,1.911515,30,v4,88000000ffffffffffffa8dd9f4dc5b5
8401,88.116881602,3.850495,30,v4,88000000ffffffffffffa8dd9f4dc5b5
8402,88.118150899,1.269297,34,v4,88000000ffffffffffffa8dd9f4dc5b5
8403,88.120144961,1.994062,30,v4,88000000ffffffffffffa8dd9f4dc5b5
8404,88.122192576,2.047615,34,v4,88000000ffffffffffffa8dd9f4dc5b5
8405,88.125389451,3.196875,30,v4,88000000ffffffffffffa8dd9f4dc5b5
8406,88.127299622,1.910171,34,v4,88000000ffffffffffffa8dd9f4dc5b5
8407,88.130466369,3.166747,30,v4,88000000ffffffffffffa8dd9f4dc5b5
8408,88.132372023,1.905654,34,v4,88000000ffffffffffffa8dd9f4dc5b5
8409,88.134279778,1.907755,30,v4,88000000ffffffffffffa8dd9f4dc5b5
8410,88.138208407,3.928629,30,v4,88000000ffffffffffffa8dd9f4dc5b5
8411,88.139376606,1.168199,34,v4,88000000ffffffffffffa8dd9f4dc5b5
8412,88.141625185,2.248579,34,v4,88000000ffffffffffffa8dd9f4dc5b5
8413,88.143555931,1.930746,30,v4,88000000ffffffffffffa8dd9f4dc5b5
8414,88.145471910,1.915979,34,v4,88000000ffffffffffffa8dd9f4dc5b5
8415,88.149030086,3.558176,34,v4,88000000ffffffffffffa8dd9f4dc5b5
8416,88.150645762,1.615676,34,v4,88000000ffffffffffffa8dd9f4dc5b5
8417,88.152605185,1.959423,30,v4,88000000ffffffffffffa8dd9f4dc5b5
8418,88.155789551,3.184366,34,v4,88000000ffffffffffffa8dd9f4dc5b5
8419,88.157760347,1.970796,30,v4,88000000ffffffffffffa8dd9f4dc5b5
8420,88.159732205,1.971858,30,v4,88000000ffffffffffffa8dd9f4dc5b5
8421,88.162765355,3.033150,30,v4,88000000ffffffffffffa8dd9f4dc5b5
8422,88.164799377,2.034022,34,v4,88000000ffffffffffffa8dd9f4dc5b5
8423,88.166889404,2.090027,34,v4,88000000ffffffffffffa8dd9f4dc5b5
8424,88.168871868,1.982464,34,v4,88000000ffffffffffffa8dd9f4dc5b5
8425,88.173057799,4.185931,30,v4,88000000ffffffffffffa8dd9f4dc5b5
8426,88.174938007,1.880208,34,v4,88000000ffffffffffffa8dd9f4dc5b5
8427,88.177156089,2.218082,30,v4,88000000ffffffffffffa8dd9f4dc5b5
8428,88.180095630,2.939541,30,v4,88000000ffffffffffffa8dd9f4dc5b5
8429,88.182057450,1.961820,30,v4,88000000ffffffffffffa8dd9f4dc5b5
8430,88.184250133,2.192683,30,v4,88000000ffffffffffffa8dd9f4dc5b5
8431,88.187556704,3.306571,30,v4,88000000ffffffffffffa8dd9f4dc5b5
8432,88.192330211,4.773507,34,v4,88000000ffffffffffffa8dd9f4dc5b5
8433,88.193417525,1.087314,30,v4,88000000ffffffffffffa8dd9f4dc5b5
8434,88.196409380,2.991855,30,v4,88000000ffffffffffffa8dd9f4dc5b5
8435,88.198360544,1.951164,34,v4,88000000ffffffffffffa8dd9f4dc5b5
8436,88.200490713,2.130169,30,v4,88000000ffffffffffffa8dd9f4dc5b5
8437,88.203503222,3.012509,34,v4,88000000ffffffffffffa8dd9f4dc5b5
8438,88.205426710,1.923488,34,v4,88000000ffffffffffffa8dd9f4dc5b5
8439,88.208649887,3.223177,34,v4,88000000ffffffffffffa8dd9f4dc5b5
8440,88.210663041,2.013154,30,v4,88000000ffffffffffffa8dd9f4dc5b5
8441,88.212646149,1.983108,34,v4,88000000ffffffffffffa8dd9f4dc5b5
8442,88.214669683,2.023534,30,v4,88000000ffffffffffffa8dd9f4dc5b5
8443,88.217765568,3.095885,30,v4,88000000ffffffffffffa8dd9f4dc5b5
8444,88.219728388,1.962820,30,v4,88000000ffffffffffffa8dd9f4dc5b5
8445,88.222953915,3.225527,30,v4,88000000ffffffffffffa8dd9f4dc5b5
8446,88.224847435,1.893520,34,v4,88000000ffffffffffffa8dd9f4dc5b5
8447,88.226875885,2.028450,30,v4,88000000ffffffffffffa8dd9f4dc5b5
8448,88.228899865,2.023980,30,v4,88000000ffffffffffffa8dd9f4dc5b5
8449,88.232305309,3.405444,34,v4,88000000ffffffffffffa8dd9f4dc5b5
8450,88.234149602,1.844293,30,v4,88000000ffffffffffffa8dd9f4dc5b5
8451,88.236060121,1.910519,30,v4,88000000ffffffffffffa8dd9f4dc5b5
8452,88.239103314,3.043193,34,v4,88000000ffffffffffffa8dd9f4dc5b5
8453,88.241113943,2.010629,30,v4,88000000ffffffffffffa8dd9f4dc5b5
8454,88.243144364,2.030421,30,v4,88000000ffffffffffffa8dd9f4dc5b5
8455,88.245130890,1.986526,34,v4,88000000ffffffffffffa8dd9f4dc5b5
8456,88.248341208,3.210318,34,v4,88000000ffffffffffffa8dd9f4dc5b5
8457,88.250154631,1.813423,34,v4,88000000ffffffffffffa8dd9f4dc5b5
8458,88.253389971,3.235340,30,v4,88000000ffffffffffffa8dd9f4dc5b5
8459,88.255172809,1.782838,34,v4,88000000ffffffffffffa8dd9f4dc5b5
8460,88.257281156,2.108347,30,v4,88000000ffffffffffffa8dd9f4dc5b5
8461,88.260721974,3.440818,34,v4,88000000ffffffffffffa8dd9f4dc5b5
8462,88.262532829,1.810855,34,v4,88000000ffffffffffffa8dd9f4dc5b5
8463,88.264513681,1.980852,30,v4,88000000ffffffffffffa8dd9f4dc5b5
8464,88.274677467,10.163786,34,v4,88000000ffffffffffffa8dd9f4dc5b5
8465,88.276593370,1.915903,30,v4,88000000ffffffffffffa8dd9f4dc5b5
8466,88.278598600,2.005230,34,v4,88000000ffffffffffffa8dd9f4dc5b5
8467,88.280715789,2.117189,30,v4,88000000ffffffffffffa8dd9f4dc5b5
8468,88.283839015,3.123226,34,v4,88000000ffffffffffffa8dd9f4dc5b5
8469,88.285758210,1.919195,30,v4,88000000ffffffffffffa8dd9f4dc5b5
8470,88.287824965,2.066755,30,v4,88000000ffffffffffffa8dd9f4dc5b5
8471,88.291369472,3.544507,34,v4,88000000ffffffffffffa8dd9f4dc5b5
8472,88.292977876,1.608404,34,v4,88000000ffffffffffffa8dd9f4dc5b5
8473,88.295008813,2.030937,34,v4,88000000ffffffffffffa8dd9f4dc5b5
8474,88.298010779,3.001966,34,v4,88000000ffffffffffffa8dd9f4dc5b5
8475,88.299956218,1.945439,30,v4,88000000ffffffffffffa8dd9f4dc5b5
8476,88.303057297,3.101079,30,v4,88000000ffffffffffffa8dd9f4dc5b5
8477,88.306095952,3.038655,34,v4,88000000ffffffffffffa8dd9f4dc5b5
8478,88.308097088,2.001136,34,v4,88000000ffffffffffffa8dd9f4dc5b5
8479,88.310291137,2.194049,30,v4,88000000ffffffffffffa8dd9f4dc5b5
8480,88.312196676,1.905539,30,v4,88000000ffffffffffffa8dd9f4dc5b5
8481,88.315270429,3.073753,34,v4,88000000ffffffffffffa8dd9f4dc5b5
8482,88.317235793,1.965364,30,v4,88000000ffffffffffffa8dd9f4dc5b5
8483,88.319581086,2.345293,30,v4,88000000ffffffffffffa8dd9f4dc5b5
8484,88.322947273,3.366187,30,v4,88000000ffffffffffffa8dd9f4dc5b5
8485,88.324646444,1.699171,34,v4,88000000ffffffffffffa8dd9f4dc5b5
8486,88.326552088,1.905644,30,v4,88000000ffffffffffffa8dd9f4dc5b5
8487,88.659675965,333.123877,34,v4,88000000ffffffffffffa8dd9f4dc5b5
8488,88.661821256,2.145291,30,v4,88000000ffffffffffffa8dd9f4dc5b5
8489,88.664661276,2.840020,34,v4,88000000ffffffffffffa8dd9f4dc5b5
8490,88.666751184,2.089908,34,v4,88000000ffffffffffffa8dd9f4dc5b5
8491,88.668857289,2.106105,30,v4,88000000ffffffffffffa8dd9f4dc5b5
8492,88.670803461,1.946172,34,v4,88000000ffffffffffffa8dd9f4dc5b5
8493,88.672840786,2.037325,34,v4,88000000ffffffffffffa8dd9f4dc5b5
8494,88.676209725,3.368939,30,v4,88000000ffffffffffffa8dd9f4dc5b5
8495,88.677943651,1.733926,34,v4,88000000ffffffffffffa8dd9f4dc5b5
8496,88.679910782,1.967131,34,v4,88000000ffffffffffffa8dd9f4dc5b5
8497,88.682057619,2.146837,30,v4,88000000ffffffffffffa8dd9f4dc5b5
8498,88.684118663,2.061044,30,v4,88000000ffffffffffffa8dd9f4dc5b5
8499,88.687041322,2.922659,30,v4,88000000ffffffffffffa8dd9f4dc5b5
8500,88.689013995,1.972673,34,v4,88000000ffffffffffffa8dd9f4dc5b5
8501,88.691096110,2.082115,30,v4,88000000ffffffffffffa8dd9f4dc5b5
8502,88.694270255,3.174145,30,v4,88000000ffffffffffffa8dd9f4dc5b5
8503,88.696255156,1.984901,30,v4,88000000ffffffffffffa8dd9f4dc5b5
8504,88.699367225,3.112069,30,v4,88000000ffffffffffffa8dd9f4dc5b5
8505,88.701385747,2.018522,30,v4,88000000ffffffffffffa8dd9f4dc5b5
8506,88.703375140,1.989393,30,v4,88000000ffffffffffffa8dd9f4dc5b5
8507,88.705466262,2.091122,30,v4,88000000ffffffffffffa8dd9f4dc5b5
8508,88.707446981,1.980719,30,v4,88000000ffffffffffffa8dd9f4dc5b5
8509,88.710473013,3.026032,34,v4,88000000ffffffffffffa8dd9f4dc5b5
8510,88.712580818,2.107805,30,v4,88000000ffffffffffffa8dd9f4dc5b5
8511,88.714522911,1.942093,34,v4,88000000ffffffffffffa8dd9f4dc5b5
8512,88.716540268,2.017357,30,v4,88000000ffffffffffffa8dd9f4dc5b5
8513,88.718695610,2.155342,30,v4,88000000ffffffffffffa8dd9f4dc5b5
8514,88.721713227,3.017617,30,v4,88000000ffffffffffffa8dd9f4dc5b5
8515,88.723758427,2.045200,30,v4,88000000ffffffffffffa8dd9f4dc5b5
8516,88.725824377,2.065950,34,v4,88000000ffffffffffffa8dd9f4dc5b5
8517,88.727834014,2.009637,30,v4,88000000ffffffffffffa8dd9f4dc5b5
8518,88.729856158,2.022144,34,v4,88000000ffffffffffffa8dd9f4dc5b5
8519,88.732933949,3.077791,30,v4,88000000ffffffffffffa8dd9f4dc5b5
8520,88.734856688,1.922739,34,v4,88000000ffffffffffffa8dd9f4dc5b5
8521,88.736864173,2.007485,30,v4,88000000ffffffffffffa8dd9f4dc5b5
8522,88.738942285,2.078112,34,v4,88000000ffffffffffffa8dd9f4dc5b5
8523,88.740971048,2.028763,34,v4,88000000ffffffffffffa8dd9f4dc5b5
8524,88.744141096,3.170048,34,v4,88000000ffffffffffffa8dd9f4dc5b5
8525,88.746569226,2.428130,30,v4,88000000ffffffffffffa8dd9f4dc5b5
8526,88.748139168,1.569942,30,v4,88000000ffffffffffffa8dd9f4dc5b5
8527,88.750055673,1.916505,34,v4,88000000ffffffffffffa8dd9f4dc5b5
8528,88.753916858,3.861185,30,v4,88000000ffffffffffffa8dd9f4dc5b5
8529,88.755143274,1.226416,30,v4,88000000ffffffffffffa8dd9f4dc5b5
8530,88.757164880,2.021606,30,v4,88000000ffffffffffffa8dd9f4dc5b5
8531,88.759230854,2.065974,34,v4,88000000ffffffffffffa8dd9f4dc5b5
8532,88.761643288,2.412434,30,v4,88000000ffffffffffffa8dd9f4dc5b5
8533,88.764526896,2.883608,34,v4,88000000ffffffffffffa8dd9f4dc5b5
8534,88.768377604,3.850708,30,v4,88000000ffffffffffffa8dd9f4dc5b5
8535,88.770283191,1.905587,34,v4,88000000ffffffffffffa8dd9f4dc5b5
8536,88.772369640,2.086449,34,v4,88000000ffffffffffffa8dd9f4dc5b5
8537,88.775466061,3.096421,30,v4,88000000ffffffffffffa8dd9f4dc5b5
8538,88.777431510,1.965449,34,v4,88000000ffffffffffffa8dd9f4dc5b5
8539,88.779433121,2.001611,34,v4,88000000ffffffffffffa8dd9f4dc5b5
8540,88.781549664,2.116543,30,v4,88000000ffffffffffffa8dd9f4dc5b5
8541,88.783529975,1.980311,34,v4,88000000ffffffffffffa8dd9f4dc5b5
8542,88.786570700,3.040725,30,v4,88000000ffffffffffffa8dd9f4dc5b5
8543,88.788607481,2.036781,30,v4,88000000ffffffffffffa8dd9f4dc5b5
8544,88.790738286,2.130805,30,v4,88000000ffffffffffffa8dd9f4dc5b5
8545,88.792693466,1.955180,30,v4,88000000ffffffffffffa8dd9f4dc5b5
8546,88.795476392,2.782926,30,v4,88000000ffffffffffffa8dd9f4dc5b5
8547,88.797904438,2.428046,34,v4,88000000ffffffffffffa8dd9f4dc5b5
8548,88.799816980,1.912542,30,v4,88000000ffffffffffffa8dd9f4dc5b5
8549,88.801802017,1.985037,30,v4,88000000ffffffffffffa8dd9f4dc5b5
8550,88.803884180,2.082163,30,v4,88000000ffffffffffffa8dd9f4dc5b5
8551,88.805947638,2.063458,30,v4,88000000ffffffffffffa8dd9f4dc5b5
8552,88.808931225,2.983587,30,v4,88000000ffffffffffffa8dd9f4dc5b5
8553,88.811044815,2.113590,34,v4,88000000ffffffffffffa8dd9f4dc5b5
8554,88.813138845,2.094030,30,v4,88000000ffffffffffffa8dd9f4dc5b5
8555,88.816362598,3.223753,34,v4,88000000ffffffffffffa8dd9f4dc5b5
8556,88.818228283,1.865685,34,v4,88000000ffffffffffffa8dd9f4dc5b5
8557,88.820509329,2.281046,34,v4,88000000ffffffffffffa8dd9f4dc5b5
8558,88.823314371,2.805042,30,v4,88000000ffffffffffffa8dd9f4dc5b5
8559,88.826288549,2.974178,34,v4,88000000ffffffffffffa8dd9f4dc5b5
8560,88.828279494,1.990945,30,v4,88000000ffffffffffffa8dd9f4dc5b5
8561,88.830368140,2.088646,34,v4,88000000ffffffffffffa8dd9f4dc5b5
8562,88.832442303,2.074163,30,v4,88000000ffffffffffffa8dd9f4dc5b5
8563,88.834433146,1.990843,34,v4,88000000ffffffffffffa8dd9f4dc5b5
8564,88.837480602,3.047456,34,v4,88000000ffffffffffffa8dd9f4dc5b5
8565,88.839400189,1.919587,30,v4,88000000ffffffffffffa8dd9f4dc5b5
8566,88.841688655,2.288466,34,v4,88000000ffffffffffffa8dd9f4dc5b5
8567,88.844359052,2.670397,30,v4,88000000ffffffffffffa8dd9f4dc5b5
8568,88.845712235,1.353183,34,v4,88000000ffffffffffffa8dd9f4dc5b5
8569,88.848610961,2.898726,30,v4,88000000ffffffffffffa8dd9f4dc5b5
8570,88.850614753,2.003792,30,v4,88000000ffffffffffffa8dd9f4dc5b5
8571,88.852643924,2.029171,34,v4,88000000ffffffffffffa8dd9f4dc5b5
8572,88.854726575,2.082651,30,v4,88000000ffffffffffffa8dd9f4dc5b5
8573,88.856721060,1.994485,30,v4,88000000ffffffffffffa8dd9f4dc5b5
8574,88.859778922,3.057862,30,v4,88000000ffffffffffffa8dd9f4dc5b5
8575,88.861899078,2.120156,34,v4,88000000ffffffffffffa8dd9f4dc5b5
8576,88.863874198,1.975120,30,v4,88000000ffffffffffffa8dd9f4dc5b5
8577,88.865902150,2.027952,34,v4,88000000ffffffffffffa8dd9f4dc5b5
8578,88.867953829,2.051679,30,v4,88000000ffffffffffffa8dd9f4dc5b5
8579,88.871125184,3.171355,34,v4,88000000ffffffffffffa8dd9f4dc5b5
8580,88.873140300,2.015116,30,v4,88000000ffffffffffffa8dd9f4dc5b5
8581,88.875019646,1.879346,30,v4,88000000ffffffffffffa8dd9f4dc5b5
8582,88.877191705,2.172059,34,v4,88000000ffffffffffffa8dd9f4dc5b5
8583,88.879043197,1.851492,34,v4,88000000ffffffffffffa8dd9f4dc5b5
8584,88.882298991,3.255794,34,v4,88000000ffffffffffffa8dd9f4dc5b5
8585,88.884159667,1.860676,34,v4,88000000ffffffffffffa8dd9f4dc5b5
8586,89.235191705,351.032038,34,v4,88000000ffffffffffffa8dd9f4dc5b5
8587,89.236824508,1.632803,34,v4,88000000ffffffffffffa8dd9f4dc5b5
8588,89.238812206,1.987698,30,v4,88000000ffffffffffffa8dd9f4dc5b5
8589,89.241040118,2.227912,30,v4,88000000ffffffffffffa8dd9f4dc5b5
8590,89.243008088,1.967970,34,v4,88000000ffffffffffffa8dd9f4dc5b5
8591,89.244953441,1.945353,30,v4,88000000ffffffffffffa8dd9f4dc5b5
8592,89.246979651,2.026210,34,v4,88000000ffffffffffffa8dd9f4dc5b5
8593,89.248985920,2.006269,34,v4,88000000ffffffffffffa8dd9f4dc5b5
8594,89.252039333,3.053413,30,v4,88000000ffffffffffffa8dd9f4dc5b5
8595,89.254111699,2.072366,30,v4,88000000ffffffffffffa8dd9f4dc5b5
8596,89.256158281,2.046582,30,v4,88000000ffffffffffffa8dd9f4dc5b5
8597,89.258340631,2.182350,34,v4,88000000ffffffffffffa8dd9f4dc5b5
8598,89.260291857,1.951226,34,v4,88000000ffffffffffffa8dd9f4dc5b5
8599,89.262194814,1.902957,34,v4,88000000ffffffffffffa8dd9f4dc5b5
8600,89.264101826,1.907012,30,v4,88000000ffffffffffffa8dd9f4dc5b5
8601,89.266172600,2.070774,34,v4,88000000ffffffffffffa8dd9f4dc5b5
8602,89.268320357,2.147757,30,v4,88000000ffffffffffffa8dd9f4dc5b5
8603,89.271649965,3.329608,30,v4,88000000ffffffffffffa8dd9f4dc5b5
8604,89.273283641,1.633676,34,v4,88000000ffffffffffffa8dd9f4dc5b5
8605,89.277915187,4.631546,30,v4,88000000ffffffffffffa8dd9f4dc5b5
8606,89.279491132,1.575945,30,v4,88000000ffffffffffffa8dd9f4dc5b5
8607,89.282533386,3.042254,30,v4,88000000ffffffffffffa8dd9f4dc5b5
8608,89.286983190,4.449804,34,v4,88000000ffffffffffffa8dd9f4dc5b5
8609,89.288648954,1.665764,34,v4,88000000ffffffffffffa8dd9f4dc5b5
8610,89.290571802,1.922848,30,v4,88000000ffffffffffffa8dd9f4dc5b5
8611,89.292788977,2.217175,30,v4,88000000ffffffffffffa8dd9f4dc5b5
8612,89.294620923,1.831946,34,v4,88000000ffffffffffffa8dd9f4dc5b5
8613,89.296605124,1.984201,34,v4,88000000ffffffffffffa8dd9f4dc5b5
8614,89.298640165,2.035041,34,v4,88000000ffffffffffffa8dd9f4dc5b5
8615,89.300728992,2.088827,30,v4,88000000ffffffffffffa8dd9f4dc5b5
8616,89.302746884,2.017892,30,v4,88000000ffffffffffffa8dd9f4dc5b5
8617,89.304755620,2.008736,34,v4,88000000ffffffffffffa8dd9f4dc5b5
8618,89.307835309,3.079689,34,v4,88000000ffffffffffffa8dd9f4dc5b5
8619,89.309827109,1.991800,34,v4,88000000ffffffffffffa8dd9f4dc5b5
8620,89.312020393,2.193284,30,v4,88000000ffffffffffffa8dd9f4dc5b5
8621,89.313917605,1.897212,34,v4,88000000ffffffffffffa8dd9f4dc5b5
8622,89.315963537,2.045932,30,v4,88000000ffffffffffffa8dd9f4dc5b5
8623,89.318008863,2.045326,34,v4,88000000ffffffffffffa8dd9f4dc5b5
8624,89.320048818,2.039955,30,v4,88000000ffffffffffffa8dd9f4dc5b5
8625,89.321993818,1.945000,34,v4,88000000ffffffffffffa8dd9f4dc5b5
8626,89.324222575,2.228757,30,v4,88000000ffffffffffffa8dd9f4dc5b5
8627,89.327218736,2.996161,30,v4,88000000ffffffffffffa8dd9f4dc5b5
8628,89.329180129,1.961393,34,v4,88000000ffffffffffffa8dd9f4dc5b5
8629,89.331217424,2.037295,34,v4,88000000ffffffffffffa8dd9f4dc5b5
8630,89.333224125,2.006701,30,v4,88000000ffffffffffffa8dd9f4dc5b5
8631,89.335212283,1.988158,30,v4,88000000ffffffffffffa8dd9f4dc5b5
8632,89.337375662,2.163379,34,v4,88000000ffffffffffffa8dd9f4dc5b5
8633,89.340147828,2.772166,34,v4,88000000ffffffffffffa8dd9f4dc5b5
8634,89.341662593,1.514765,34,v4,88000000ffffffffffffa8dd9f4dc5b5
8635,89.344556082,2.893489,34,v4,88000000ffffffffffffa8dd9f4dc5b5
8636,89.348330460,3.774378,34,v4,88000000ffffffffffffa8dd9f4dc5b5
8637,89.349481187,1.150727,30,v4,88000000ffffffffffffa8dd9f4dc5b5
8638,89.351648729,2.167542,30,v4,88000000ffffffffffffa8dd9f4dc5b5
8639,89.353536502,1.887773,34,v4,88000000ffffffffffffa8dd9f4dc5b5
8640,89.355607329,2.070827,30,v4,88000000ffffffffffffa8dd9f4dc5b5
8641,89.357777865,2.170536,30,v4,88000000ffffffffffffa8dd9f4dc5b5
8642,89.359831428,2.053563,30,v4,88000000ffffffffffffa8dd9f4dc5b5
8643,89.362773480,2.942052,34,v4,88000000ffffffffffffa8dd9f4dc5b5
8644,89.364715627,1.942147,34,v4,88000000ffffffffffffa8dd9f4dc5b5
8645,89.366828893,2.113266,34,v4,88000000ffffffffffffa8dd9f4dc5b5
8646,89.369267743,2.438850,34,v4,88000000ffffffffffffa8dd9f4dc5b5
8647,89.370888869,1.621126,34,v4,88000000ffffffffffffa8dd9f4dc5b5
8648,89.372896228,2.007359,30,v4,88000000ffffffffffffa8dd9f4dc5b5
8649,89.375026207,2.129979,30,v4,88000000ffffffffffffa8dd9f4dc5b5
8650,89.377028944,2.002737,30,v4,88000000ffffffffffffa8dd9f4dc5b5
8651,89.380753411,3.724467,30,v4,88000000ffffffffffffa8dd9f4dc5b5
8652,89.384788846,4.035435,34,v4,88000000ffffffffffffa8dd9f4dc5b5
8653,89.386743615,1.954769,34,v4,88000000ffffffffffffa8dd9f4dc5b5
8654,89.388237125,1.493510,34,v4,88000000ffffffffffffa8dd9f4dc5b5
8655,89.392827407,4.590282,34,v4,88000000ffffffffffffa8dd9f4dc5b5
8656,89.394467793,1.640386,34,v4,88000000ffffffffffffa8dd9f4dc5b5
8657,89.396456123,1.988330,34,v4,88000000ffffffffffffa8dd9f4dc5b5
8658,89.398372616,1.916493,34,v4,88000000ffffffffffffa8dd9f4dc5b5
8659,89.401435596,3.062980,34,v4,88000000ffffffffffffa8dd9f4dc5b5
8660,89.403427547,1.991951,30,v4,88000000ffffffffffffa8dd9f4dc5b5
8661,89.405391148,1.963601,34,v4,88000000ffffffffffffa8dd9f4dc5b5
8662,89.407407159,2.016011,34,v4,88000000ffffffffffffa8dd9f4dc5b5
8663,89.409564426,2.157267,34,v4,88000000ffffffffffffa8dd9f4dc5b5
8664,89.411663682,2.099256,34,v4,88000000ffffffffffffa8dd9f4dc5b5
8665,89.413515137,1.851455,34,v4,88000000ffffffffffffa8dd9f4dc5b5
8666,89.415498906,1.983769,34,v4,88000000ffffffffffffa8dd9f4dc5b5
8667,89.417544754,2.045848,34,v4,88000000ffffffffffffa8dd9f4dc5b5
8668,89.421732841,4.188087,34,v4,88000000ffffffffffffa8dd9f4dc5b5
8669,89.425053987,3.321146,34,v4,88000000ffffffffffffa8dd9f4dc5b5
8670,89.426807766,1.753779,34,v4,88000000ffffffffffffa8dd9f4dc5b5
8671,89.428905841,2.098075,34,v4,88000000ffffffffffffa8dd9f4dc5b5
8672,89.430874589,1.968748,30,v4,88000000ffffffffffffa8dd9f4dc5b5
8673,89.432859423,1.984834,34,v4,88000000ffffffffffffa8dd9f4dc5b5
8674,89.434861788,2.002365,30,v4,88000000ffffffffffffa8dd9f4dc5b5
8675,89.436862530,2.000742,34,v4,88000000ffffffffffffa8dd9f4dc5b5
8676,89.438890967,2.028437,34,v4,88000000ffffffffffffa8dd9f4dc5b5
8677,89.440898106,2.007139,34,v4,88000000ffffffffffffa8dd9f4dc5b5
8678,89.442949145,2.051039,34,v4,88000000ffffffffffffa8dd9f4dc5b5
8679,89.446124633,3.175488,30,v4,88000000ffffffffffffa8dd9f4dc5b5
8680,89.448153778,2.029145,30,v4,88000000ffffffffffffa8dd9f4dc5b5
8681,89.775193205,327.039427,30,v4,88000000ffffffffffffa8dd9f4dc5b5
8682,89.777253430,2.060225,34,v4,88000000ffffffffffffa8dd9f4dc5b5
8683,89.779364014,2.110584,34,v4,88000000ffffffffffffa8dd9f4dc5b5
8684,89.781278099,1.914085,30,v4,88000000ffffffffffffa8dd9f4dc5b5
8685,89.783256554,1.978455,30,v4,88000000ffffffffffffa8dd9f4dc5b5
8686,89.785274544,2.017990,30,v4,88000000ffffffffffffa8dd9f4dc5b5
8687,89.787401107,2.126563,34,v4,88000000ffffffffffffa8dd9f4dc5b5
8688,89.789391507,1.990400,34,v4,88000000ffffffffffffa8dd9f4dc5b5
8689,89.791436903,2.045396,34,v4,88000000ffffffffffffa8dd9f4dc5b5
8690,89.793403222,1.966319,34,v4,88000000ffffffffffffa8dd9f4dc5b5
8691,89.796405425,3.002203,30,v4,88000000ffffffffffffa8dd9f4dc5b5
8692,89.797653106,1.247681,34,v4,88000000ffffffffffffa8dd9f4dc5b5
8693,89.799594807,1.941701,30,v4,88000000ffffffffffffa8dd9f4dc5b5
8694,89.801586948,1.992141,34,v4,88000000ffffffffffffa8dd9f4dc5b5
8695,89.803654481,2.067533,34,v4,88000000ffffffffffffa8dd9f4dc5b5
8696,89.805678752,2.024271,34,v4,88000000ffffffffffffa8dd9f4dc5b5
8697,89.807748834,2.070082,34,v4,88000000ffffffffffffa8dd9f4dc5b5
8698,89.809721124,1.972290,30,v4,88000000ffffffffffffa8dd9f4dc5b5
8699,89.811731455,2.010331,30,v4,88000000ffffffffffffa8dd9f4dc5b5
8700,89.813789609,2.058154,30,v4,88000000ffffffffffffa8dd9f4dc5b5
8701,89.815817268,2.027659,34,v4,88000000ffffffffffffa8dd9f4dc5b5
8702,89.817874157,2.056889,34,v4,88000000ffffffffffffa8dd9f4dc5b5
8703,89.819911360,2.037203,30,v4,88000000ffffffffffffa8dd9f4dc5b5
8704,89.821931665,2.020305,30,v4,88000000ffffffffffffa8dd9f4dc5b5
8705,89.824202357,2.270692,30,v4,88000000ffffffffffffa8dd9f4dc5b5
8706,89.826145858,1.943501,30,v4,88000000ffffffffffffa8dd9f4dc5b5
8707,89.828110409,1.964551,30,v4,88000000ffffffffffffa8dd9f4dc5b5
8708,89.830064205,1.953796,30,v4,88000000ffffffffffffa8dd9f4dc5b5
8709,89.832093179,2.028974,30,v4,88000000ffffffffffffa8dd9f4dc5b5
8710,89.834128671,2.035492,30,v4,88000000ffffffffffffa8dd9f4dc5b5
8711,89.836063405,1.934734,34,v4,88000000ffffffffffffa8dd9f4dc5b5
8712,89.838198318,2.134913,34,v4,88000000ffffffffffffa8dd9f4dc5b5
8713,89.840197482,1.999164,34,v4,88000000ffffffffffffa8dd9f4dc5b5
8714,89.842383515,2.186033,30,v4,88000000ffffffffffffa8dd9f4dc5b5
8715,89.844260771,1.877256,34,v4,88000000ffffffffffffa8dd9f4dc5b5
8716,89.858815914,14.555143,30,v4,88000000ffffffffffffa8dd9f4dc5b5
8717,89.860555748,1.739834,30,v4,88000000ffffffffffffa8dd9f4dc5b5
8718,89.863581839,3.026091,30,v4,88000000ffffffffffffa8dd9f4dc5b5
8719,89.865590196,2.008357,34,v4,88000000ffffffffffffa8dd9f4dc5b5
8720,89.867671995,2.081799,34,v4,88000000ffffffffffffa8dd9f4dc5b5
8721,89.869804901,2.132906,30,v4,88000000ffffffffffffa8dd9f4dc5b5
8722,89.871707925,1.903024,30,v4,88000000ffffffffffffa8dd9f4dc5b5
8723,89.873677737,1.969812,30,v4,88000000ffffffffffffa8dd9f4dc5b5
8724,89.875934142,2.256405,34,v4,88000000ffffffffffffa8dd9f4dc5b5
8725,89.877876806,1.942664,30,v4,88000000ffffffffffffa8dd9f4dc5b5
8726,89.879759045,1.882239,34,v4,88000000ffffffffffffa8dd9f4dc5b5
8727,89.881856065,2.097020,30,v4,88000000ffffffffffffa8dd9f4dc5b5
8728,89.883827818,1.971753,34,v4,88000000ffffffffffffa8dd9f4dc5b5
8729,89.885897399,2.069581,34,v4,88000000ffffffffffffa8dd9f4dc5b5
8730,89.887914877,2.017478,34,v4,88000000ffffffffffffa8dd9f4dc5b5
8731,89.889936767,2.021890,34,v4,88000000ffffffffffffa8dd9f4dc5b5
8732,89.892024306,2.087539,34,v4,88000000ffffffffffffa8dd9f4dc5b5
8733,89.894022367,1.998061,34,v4,88000000ffffffffffffa8dd9f4dc5b5
8734,89.896053852,2.031485,30,v4,88000000ffffffffffffa8dd9f4dc5b5
8735,89.898072599,2.018747,34,v4,88000000ffffffffffffa8dd9f4dc5b5
8736,89.900171045,2.098446,34,v4,88000000ffffffffffffa8dd9f4dc5b5
8737,89.902153560,1.982515,34,v4,88000000ffffffffffffa8dd9f4dc5b5
8738,89.904431478,2.277918,34,v4,88000000ffffffffffffa8dd9f4dc5b5
8739,89.906229323,1.797845,34,v4,88000000ffffffffffffa8dd9f4dc5b5
8740,89.908339336,2.110013,30,v4,88000000ffffffffffffa8dd9f4dc5b5
8741,89.910310142,1.970806,30,v4,88000000ffffffffffffa8dd9f4dc5b5
8742,89.912261475,1.951333,34,v4,88000000ffffffffffffa8dd9f4dc5b5
8743,89.914441628,2.180153,30,v4,88000000ffffffffffffa8dd9f4dc5b5
8744,89.916959860,2.518232,34,v4,88000000ffffffffffffa8dd9f4dc5b5
8745,89.918500672,1.540812,34,v4,88000000ffffffffffffa8dd9f4dc5b5
8746,89.920456116,1.955444,30,v4,88000000ffffffffffffa8dd9f4dc5b5
8747,89.922585212,2.129096,30,v4,88000000ffffffffffffa8dd9f4dc5b5
8748,89.924615443,2.030231,30,v4,88000000ffffffffffffa8dd9f4dc5b5
8749,89.927477394,2.861951,30,v4,88000000ffffffffffffa8dd9f4dc5b5
8750,89.928685254,1.207860,34,v4,88000000ffffffffffffa8dd9f4dc5b5
8751,89.930708103,2.022849,34,v4,88000000ffffffffffffa8dd9f4dc5b5
8752,89.932644166,1.936063,34,v4,88000000ffffffffffffa8dd9f4dc5b5
8753,89.934721350,2.077184,34,v4,88000000ffffffffffffa8dd9f4dc5b5
8754,89.936884326,2.162976,34,v4,88000000ffffffffffffa8dd9f4dc5b5
8755,89.938828278,1.943952,34,v4,88000000ffffffffffffa8dd9f4dc5b5
8756,89.940897073,2.068795,30,v4,88000000ffffffffffffa8dd9f4dc5b5
8757,89.943036794,2.139721,34,v4,88000000ffffffffffffa8dd9f4dc5b5
8758,89.944888043,1.851249,34,v4,88000000ffffffffffffa8dd9f4dc5b5
8759,89.946997218,2.109175,30,v4,88000000ffffffffffffa8dd9f4dc5b5
8760,89.948934196,1.936978,30,v4,88000000ffffffffffffa8dd9f4dc5b5
8761,89.951071770,2.137574,30,v4,88000000ffffffffffffa8dd9f4dc5b5
8762,89.953901334,2.829564,30,v4,88000000ffffffffffffa8dd9f4dc5b5
8763,89.955122063,1.220729,30,v4,88000000ffffffffffffa8dd9f4dc5b5
8764,89.957035536,1.913473,30,v4,88000000ffffffffffffa8dd9f4dc5b5
8765,89.959409338,2.373802,30,v4,88000000ffffffffffffa8dd9f4dc5b5
8766,89.961240540,1.831202,30,v4,88000000ffffffffffffa8dd9f4dc5b5
8767,89.963124878,1.884338,30,v4,88000000ffffffffffffa8dd9f4dc5b5
8768,89.965178271,2.053393,30,v4,88000000ffffffffffffa8dd9f4dc5b5
8769,89.967547212,2.368941,30,v4,88000000ffffffffffffa8dd9f4dc5b5
8770,89.969199823,1.652611,30,v4,88000000ffffffffffffa8dd9f4dc5b5
8771,89.971219403,2.019580,30,v4,88000000ffffffffffffa8dd9f4dc5b5
8772,89.973270700,2.051297,30,v4,88000000ffffffffffffa8dd9f4dc5b5
8773,89.976344958,3.074258,34,v4,88000000ffffffffffffa8dd9f4dc5b5
8774,89.977861755,1.516797,34,v4,88000000ffffffffffffa8dd9f4dc5b5
8775,90.311769744,333.907989,30,v4,88000000ffffffffffffa8dd9f4dc5b5
8776,90.313657190,1.887446,30,v4,88000000ffffffffffffa8dd9f4dc5b5
8777,90.315720266,2.063076,30,v4,88000000ffffffffffffa8dd9f4dc5b5
8778,90.317697470,1.977204,34,v4,88000000ffffffffffffa8dd9f4dc5b5
8779,90.319718710,2.021240,30,v4,88000000ffffffffffffa8dd9f4dc5b5
8780,90.321782025,2.063315,30,v4,88000000ffffffffffffa8dd9f4dc5b5
8781,90.323812178,2.030153,30,v4,88000000ffffffffffffa8dd9f4dc5b5
8782,90.325959833,2.147655,30,v4,88000000ffffffffffffa8dd9f4dc5b5
8783,90.327031522,1.071689,30,v4,88000000ffffffffffffa8dd9f4dc5b5
8784,90.331515194,4.483672,30,v4,88000000ffffffffffffa8dd9f4dc5b5
8785,90.333093026,1.577832,30,v4,88000000ffffffffffffa8dd9f4dc5b5
8786,90.335032158,1.939132,30,v4,88000000ffffffffffffa8dd9f4dc5b5
8787,90.337001654,1.969496,30,v4,88000000ffffffffffffa8dd9f4dc5b5
8788,90.338963057,1.961403,30,v4,88000000ffffffffffffa8dd9f4dc5b5
8789,90.341202845,2.239788,30,v4,88000000ffffffffffffa8dd9f4dc5b5
8790,90.343140264,1.937419,34,v4,88000000ffffffffffffa8dd9f4dc5b5
8791,90.352744507,9.604243,30,v4,88000000ffffffffffffa8dd9f4dc5b5
8792,90.358899793,6.155286,30,v4,88000000ffffffffffffa8dd9f4dc5b5
8793,90.360430784,1.530991,30,v4,88000000ffffffffffffa8dd9f4dc5b5
8794,90.362388916,1.958132,34,v4,88000000ffffffffffffa8dd9f4dc5b5
8795,90.364785647,2.396731,30,v4,88000000ffffffffffffa8dd9f4dc5b5
8796,90.366489256,1.703609,34,v4,88000000ffffffffffffa8dd9f4dc5b5
8797,90.368557069,2.067813,30,v4,88000000ffffffffffffa8dd9f4dc5b5
8798,90.370549128,1.992059,30,v4,88000000ffffffffffffa8dd9f4dc5b5
8799,90.372612716,2.063588,30,v4,88000000ffffffffffffa8dd9f4dc5b5
8800,90.374672745,2.060029,34,v4,88000000ffffffffffffa8dd9f4dc5b5
8801,90.376735601,2.062856,30,v4,88000000ffffffffffffa8dd9f4dc5b5
8802,90.378657677,1.922076,30,v4,88000000ffffffffffffa8dd9f4dc5b5
8803,90.380746281,2.088604,30,v4,88000000ffffffffffffa8dd9f4dc5b5
8804,90.383897436,3.151155,30,v4,88000000ffffffffffffa8dd9f4dc5b5
8805,90.386011709,2.114273,34,v4,88000000ffffffffffffa8dd9f4dc5b5
8806,90.387938713,1.927004,34,v4,88000000ffffffffffffa8dd9f4dc5b5
8807,90.389948157,2.009444,34,v4,88000000ffffffffffffa8dd9f4dc5b5
8808,90.391879291,1.931134,30,v4,88000000ffffffffffffa8dd9f4dc5b5
8809,90.393912656,2.033365,30,v4,88000000ffffffffffffa8dd9f4dc5b5
8810,90.395998886,2.086230,30,v4,88000000ffffffffffffa8dd9f4dc5b5
8811,90.397136122,1.137236,30,v4,88000000ffffffffffffa8dd9f4dc5b5
8812,90.401123261,3.987139,30,v4,88000000ffffffffffffa8dd9f4dc5b5
8813,90.403077416,1.954155,34,v4,88000000ffffffffffffa8dd9f4dc5b5
8814,90.405050633,1.973217,34,v4,88000000ffffffffffffa8dd9f4dc5b5
8815,90.407086601,2.035968,30,v4,88000000ffffffffffffa8dd9f4dc5b5
8816,90.409097118,2.010517,34,v4,88000000ffffffffffffa8dd9f4dc5b5
8817,90.411246436,2.149318,30,v4,88000000ffffffffffffa8dd9f4dc5b5
8818,90.413390042,2.143606,30,v4,88000000ffffffffffffa8dd9f4dc5b5
8819,90.415233168,1.843126,30,v4,88000000ffffffffffffa8dd9f4dc5b5
8820,90.417272085,2.038917,30,v4,88000000ffffffffffffa8dd9f4dc5b5
8821,90.419309618,2.037533,34,v4,88000000ffffffffffffa8dd9f4dc5b5
8822,90.420386453,1.076835,34,v4,88000000ffffffffffffa8dd9f4dc5b5
8823,90.422405694,2.019241,34,v4,88000000ffffffffffffa8dd9f4dc5b5
8824,90.424393824,1.988130,34,v4,88000000ffffffffffffa8dd9f4dc5b5
8825,90.426501497,2.107673,30,v4,88000000ffffffffffffa8dd9f4dc5b5
8826,90.428447197,1.945700,30,v4,88000000ffffffffffffa8dd9f4dc5b5
8827,90.430493022,2.045825,30,v4,88000000ffffffffffffa8dd9f4dc5b5
8828,90.432469518,1.976496,30,v4,88000000ffffffffffffa8dd9f4dc5b5
8829,90.434536795,2.067277,30,v4,88000000ffffffffffffa8dd9f4dc5b5
8830,90.436488481,1.951686,30,v4,88000000ffffffffffffa8dd9f4dc5b5
8831,90.438605610,2.117129,30,v4,88000000ffffffffffffa8dd9f4dc5b5
8832,90.441749180,3.143570,34,v4,88000000ffffffffffffa8dd9f4dc5b5
8833,90.443900055,2.150875,34,v4,88000000ffffffffffffa8dd9f4dc5b5
8834,90.445759891,1.859836,34,v4,88000000ffffffffffffa8dd9f4dc5b5
8835,90.447744607,1.984716,30,v4,88000000ffffffffffffa8dd9f4dc5b5
8836,90.449751226,2.006619,30,v4,88000000ffffffffffffa8dd9f4dc5b5
8837,90.451720155,1.968929,34,v4,88000000ffffffffffffa8dd9f4dc5b5
8838,90.453876127,2.155972,30,v4,88000000ffffffffffffa8dd9f4dc5b5
8839,90.455860436,1.984309,34,v4,88000000ffffffffffffa8dd9f4dc5b5
8840,90.457928845,2.068409,34,v4,88000000ffffffffffffa8dd9f4dc5b5
8841,90.459911481,1.982636,34,v4,88000000ffffffffffffa8dd9f4dc5b5
8842,90.461012576,1.101095,30,v4,88000000ffffffffffffa8dd9f4dc5b5
8843,90.462977054,1.964478,30,v4,88000000ffffffffffffa8dd9f4dc5b5
8844,90.464982245,2.005191,30,v4,88000000ffffffffffffa8dd9f4dc5b5
8845,90.467248295,2.266050,30,v4,88000000ffffffffffffa8dd9f4dc5b5
8846,90.469227312,1.979017,34,v4,88000000ffffffffffffa8dd9f4dc5b5
8847,90.471195222,1.967910,30,v4,88000000ffffffffffffa8dd9f4dc5b5
8848,90.473188459,1.993237,30,v4,88000000ffffffffffffa8dd9f4dc5b5
8849,90.475282640,2.094181,34,v4,88000000ffffffffffffa8dd9f4dc5b5
8850,90.477317513,2.034873,34,v4,88000000ffffffffffffa8dd9f4dc5b5
8851,90.480647413,3.329900,34,v4,88000000ffffffffffffa8dd9f4dc5b5
8852,90.484859078,4.211665,34,v4,88000000ffffffffffffa8dd9f4dc5b5
8853,90.486424078,1.565000,30,v4,88000000ffffffffffffa8dd9f4dc5b5
8854,90.488819415,2.395337,34,v4,88000000ffffffffffffa8dd9f4dc5b5
8855,90.490534101,1.714686,30,v4,88000000ffffffffffffa8dd9f4dc5b5
8856,90.492545730,2.011629,30,v4,88000000ffffffffffffa8dd9f4dc5b5
8857,90.494549488,2.003758,34,v4,88000000ffffffffffffa8dd9f4dc5b5
8858,90.496487245,1.937757,30,v4,88000000ffffffffffffa8dd9f4dc5b5
8859,90.501184958,4.697713,34,v4,88000000ffffffffffffa8dd9f4dc5b5
8860,90.502868289,1.683331,30,v4,88000000ffffffffffffa8dd9f4dc5b5
8861,90.507716722,4.848433,30,v4,88000000ffffffffffffa8dd9f4dc5b5
8862,90.853176240,345.459518,30,v4,88000000ffffffffffffa8dd9f4dc5b5
8863,90.855118769,1.942529,30,v4,88000000ffffffffffffa8dd9f4dc5b5
8864,90.857233336,2.114567,30,v4,88000000ffffffffffffa8dd9f4dc5b5
8865,90.859235883,2.002547,34,v4,88000000ffffffffffffa8dd9f4dc5b5
8866,90.861180299,1.944416,34,v4,88000000ffffffffffffa8dd9f4dc5b5
8867,90.864283461,3.103162,34,v4,88000000ffffffffffffa8dd9f4dc5b5
8868,90.866459321,2.175860,34,v4,88000000ffffffffffffa8dd9f4dc5b5
8869,90.868412226,1.952905,34,v4,88000000ffffffffffffa8dd9f4dc5b5
8870,90.870423447,2.011221,30,v4,88000000ffffffffffffa8dd9f4dc5b5
8871,90.871497909,1.074462,30,v4,88000000ffffffffffffa8dd9f4dc5b5
8872,90.873487300,1.989391,34,v4,88000000ffffffffffffa8dd9f4dc5b5
8873,90.875460892,1.973592,30,v4,88000000ffffffffffffa8dd9f4dc5b5
8874,90.877520590,2.059698,34,v4,88000000ffffffffffffa8dd9f4dc5b5
8875,90.879477204,1.956614,34,v4,88000000ffffffffffffa8dd9f4dc5b5
8876,90.881514678,2.037474,34,v4,88000000ffffffffffffa8dd9f4dc5b5
8877,90.883640413,2.125735,34,v4,88000000ffffffffffffa8dd9f4dc5b5
8878,90.884691473,1.051060,30,v4,88000000ffffffffffffa8dd9f4dc5b5
8879,90.886630968,1.939495,30,v4,88000000ffffffffffffa8dd9f4dc5b5
8880,90.888665743,2.034775,30,v4,88000000ffffffffffffa8dd9f4dc5b5
8881,90.890793041,2.127298,34,v4,88000000ffffffffffffa8dd9f4dc5b5
8882,90.892862448,2.069407,30,v4,88000000ffffffffffffa8dd9f4dc5b5
8883,90.894757476,1.895028,34,v4,88000000ffffffffffffa8dd9f4dc5b5
8884,90.895904568,1.147092,30,v4,88000000ffffffffffffa8dd9f4dc5b5
8885,90.898219289,2.314721,34,v4,88000000ffffffffffffa8dd9f4dc5b5
8886,90.899949954,1.730665,34,v4,88000000ffffffffffffa8dd9f4dc5b5
8887,90.901865162,1.915208,34,v4,88000000ffffffffffffa8dd9f4dc5b5
8888,90.904924485,3.059323,30,v4,88000000ffffffffffffa8dd9f4dc5b5
8889,90.908044834,3.120349,30,v4,88000000ffffffffffffa8dd9f4dc5b5
8890,90.910053617,2.008783,30,v4,88000000ffffffffffffa8dd9f4dc5b5
8891,90.911986731,1.933114,30,v4,88000000ffffffffffffa8dd9f4dc5b5
8892,90.914073041,2.086310,34,v4,88000000ffffffffffffa8dd9f4dc5b5
8893,90.916062276,1.989235,34,v4,88000000ffffffffffffa8dd9f4dc5b5
8894,90.917116895,1.054619,30,v4,88000000ffffffffffffa8dd9f4dc5b5
8895,90.919181180,2.064285,34,v4,88000000ffffffffffffa8dd9f4dc5b5
8896,90.921192220,2.011040,30,v4,88000000ffffffffffffa8dd9f4dc5b5
8897,90.923210050,2.017830,34,v4,88000000ffffffffffffa8dd9f4dc5b5
8898,90.925226584,2.016534,34,v4,88000000ffffffffffffa8dd9f4dc5b5
8899,90.926362582,1.135998,30,v4,88000000ffffffffffffa8dd9f4dc5b5
8900,90.928325463,1.962881,30,v4,88000000ffffffffffffa8dd9f4dc5b5
8901,90.930347924,2.022461,30,v4,88000000ffffffffffffa8dd9f4dc5b5
8902,90.932369381,2.021457,30,v4,88000000ffffffffffffa8dd9f4dc5b5
8903,90.934380699,2.011318,34,v4,88000000ffffffffffffa8dd9f4dc5b5
8904,90.936433202,2.052503,34,v4,88000000ffffffffffffa8dd9f4dc5b5
8905,90.937580112,1.146910,30,v4,88000000ffffffffffffa8dd9f4dc5b5
8906,90.939505890,1.925778,34,v4,88000000ffffffffffffa8dd9f4dc5b5
8907,90.941528793,2.022903,34,v4,88000000ffffffffffffa8dd9f4dc5b5
8908,90.943544669,2.015876,30,v4,88000000ffffffffffffa8dd9f4dc5b5
8909,90.945556656,2.011987,30,v4,88000000ffffffffffffa8dd9f4dc5b5
8910,90.946640426,1.083770,34,v4,88000000ffffffffffffa8dd9f4dc5b5
8911,90.948594876,1.954450,30,v4,88000000ffffffffffffa8dd9f4dc5b5
8912,90.950666903,2.072027,34,v4,88000000ffffffffffffa8dd9f4dc5b5
8913,90.952744862,2.077959,30,v4,88000000ffffffffffffa8dd9f4dc5b5
8914,90.954706354,1.961492,34,v4,88000000ffffffffffffa8dd9f4dc5b5
8915,90.956717627,2.011273,30,v4,88000000ffffffffffffa8dd9f4dc5b5
8916,90.957873575,1.155948,34,v4,88000000ffffffffffffa8dd9f4dc5b5
8917,90.959769613,1.896038,30,v4,88000000ffffffffffffa8dd9f4dc5b5
8918,90.961790155,2.020542,30,v4,88000000ffffffffffffa8dd9f4dc5b5
8919,90.963816732,2.026577,34,v4,88000000ffffffffffffa8dd9f4dc5b5
8920,90.964942552,1.125820,30,v4,88000000ffffffffffffa8dd9f4dc5b5
8921,90.966959803,2.017251,30,v4,88000000ffffffffffffa8dd9f4dc5b5
8922,90.969001340,2.041537,30,v4,88000000ffffffffffffa8dd9f4dc5b5
8923,90.970947391,1.946051,34,v4,88000000ffffffffffffa8dd9f4dc5b5
8924,90.973032349,2.084958,30,v4,88000000ffffffffffffa8dd9f4dc5b5
8925,90.976076687,3.044338,30,v4,88000000ffffffffffffa8dd9f4dc5b5
8926,90.978046503,1.969816,34,v4,88000000ffffffffffffa8dd9f4dc5b5
8927,90.980240938,2.194435,34,v4,88000000ffffffffffffa8dd9f4dc5b5
8928,90.982292770,2.051832,34,v4,88000000ffffffffffffa8dd9f4dc5b5
8929,90.985312523,3.019753,34,v4,88000000ffffffffffffa8dd9f4dc5b5
8930,90.987342844,2.030321,34,v4,88000000ffffffffffffa8dd9f4dc5b5
8931,90.989272865,1.930021,30,v4,88000000ffffffffffffa8dd9f4dc5b5
8932,90.991295158,2.022293,30,v4,88000000ffffffffffffa8dd9f4dc5b5
8933,90.993272370,1.977212,30,v4,88000000ffffffffffffa8dd9f4dc5b5
8934,90.995401760,2.129390,34,v4,88000000ffffffffffffa8dd9f4dc5b5
8935,90.997443439,2.041679,34,v4,88000000ffffffffffffa8dd9f4dc5b5
8936,90.999450970,2.007531,34,v4,88000000ffffffffffffa8dd9f4dc5b5
8937,91.000530065,1.079095,30,v4,88000000ffffffffffffa8dd9f4dc5b5
8938,91.002457071,1.927006,30,v4,88000000ffffffffffffa8dd9f4dc5b5
8939,91.004462942,2.005871,30,v4,88000000ffffffffffffa8dd9f4dc5b5
8940,91.006512754,2.049812,34,v4,88000000ffffffffffffa8dd9f4dc5b5
8941,91.009638323,3.125569,30,v4,88000000ffffffffffffa8dd9f4dc5b5
8942,91.016150927,6.512604,30,v4,88000000ffffffffffffa8dd9f4dc5b5
8943,91.018931999,2.781072,30,v4,88000000ffffffffffffa8dd9f4dc5b5
8944,91.020816567,1.884568,30,v4,88000000ffffffffffffa8dd9f4dc5b5
8945,91.022864702,2.048135,34,v4,88000000ffffffffffffa8dd9f4dc5b5
8946,91.024864227,1.999525,34,v4,88000000ffffffffffffa8dd9f4dc5b5
8947,91.027473029,2.608802,30,v4,88000000ffffffffffffa8dd9f4dc5b5
8948,91.029987099,2.514070,30,v4,88000000ffffffffffffa8dd9f4dc5b5
8949,91.031938694,1.951595,30,v4,88000000ffffffffffffa8dd9f4dc5b5
8950,91.034969730,3.031036,30,v4,88000000ffffffffffffa8dd9f4dc5b5
8951,91.036969012,1.999282,34,v4,88000000ffffffffffffa8dd9f4dc5b5
8952,91.039012725,2.043713,30,v4,88000000ffffffffffffa8dd9f4dc5b5
8953,91.362317824,323.305099,30,v4,88000000ffffffffffffa8dd9f4dc5b5
8954,91.364318721,2.000897,30,v4,88000000ffffffffffffa8dd9f4dc5b5
8955,91.366251474,1.932753,30,v4,88000000ffffffffffffa8dd9f4dc5b5
8956,91.367313004,1.061530,30,v4,88000000ffffffffffffa8dd9f4dc5b5
8957,91.369713336,2.400332,34,v4,88000000ffffffffffffa8dd9f4dc5b5
8958,91.371393551,1.680215,34,v4,88000000ffffffffffffa8dd9f4dc5b5
8959,91.373291331,1.897780,34,v4,88000000ffffffffffffa8dd9f4dc5b5
8960,91.376384355,3.093024,30,v4,88000000ffffffffffffa8dd9f4dc5b5
8961,91.378373416,1.989061,30,v4,88000000ffffffffffffa8dd9f4dc5b5
8962,91.380374615,2.001199,30,v4,88000000ffffffffffffa8dd9f4dc5b5
8963,91.381483463,1.108848,30,v4,88000000ffffffffffffa8dd9f4dc5b5
8964,91.383435936,1.952473,30,v4,88000000ffffffffffffa8dd9f4dc5b5
8965,91.386552194,3.116258,34,v4,88000000ffffffffffffa8dd9f4dc5b5
8966,91.388618942,2.066748,34,v4,88000000ffffffffffffa8dd9f4dc5b5
8967,91.390658528,2.039586,34,v4,88000000ffffffffffffa8dd9f4dc5b5
8968,91.393885075,3.226547,30,v4,88000000ffffffffffffa8dd9f4dc5b5
8969,91.395814761,1.929686,34,v4,88000000ffffffffffffa8dd9f4dc5b5
8970,91.397796273,1.981512,30,v4,88000000ffffffffffffa8dd9f4dc5b5
8971,91.400887832,3.091559,30,v4,88000000ffffffffffffa8dd9f4dc5b5
8972,91.402836538,1.948706,30,v4,88000000ffffffffffffa8dd9f4dc5b5
8973,91.405916108,3.079570,30,v4,88000000ffffffffffffa8dd9f4dc5b5
8974,91.407948666,2.032558,34,v4,88000000ffffffffffffa8dd9f4dc5b5
8975,91.410003086,2.054420,30,v4,88000000ffffffffffffa8dd9f4dc5b5
8976,91.412013896,2.010810,34,v4,88000000ffffffffffffa8dd9f4dc5b5
8977,91.413107567,1.093671,30,v4,88000000ffffffffffffa8dd9f4dc5b5
8978,91.415137201,2.029634,34,v4,88000000ffffffffffffa8dd9f4dc5b5
8979,91.418123640,2.986439,34,v4,88000000ffffffffffffa8dd9f4dc5b5
8980,91.420038935,1.915295,34,v4,88000000ffffffffffffa8dd9f4dc5b5
8981,91.422123339,2.084404,34,v4,88000000ffffffffffffa8dd9f4dc5b5
8982,91.426279663,4.156324,34,v4,88000000ffffffffffffa8dd9f4dc5b5
8983,91.428417762,2.138099,30,v4,88000000ffffffffffffa8dd9f4dc5b5
8984,91.431341743,2.923981,30,v4,88000000ffffffffffffa8dd9f4dc5b5
8985,91.433326473,1.984730,34,v4,88000000ffffffffffffa8dd9f4dc5b5
8986,91.435426438,2.099965,30,v4,88000000ffffffffffffa8dd9f4dc5b5
8987,91.437308286,1.881848,34,v4,88000000ffffffffffffa8dd9f4dc5b5
8988,91.438494698,1.186412,34,v4,88000000ffffffffffffa8dd9f4dc5b5
8989,91.440400025,1.905327,30,v4,88000000ffffffffffffa8dd9f4dc5b5
8990,91.442447734,2.047709,34,v4,88000000ffffffffffffa8dd9f4dc5b5
8991,91.444422971,1.975237,30,v4,88000000ffffffffffffa8dd9f4dc5b5
8992,91.445543109,1.120138,30,v4,88000000ffffffffffffa8dd9f4dc5b5
8993,91.447519423,1.976314,34,v4,88000000ffffffffffffa8dd9f4dc5b5
8994,91.449515057,1.995634,34,v4,88000000ffffffffffffa8dd9f4dc5b5
8995,91.451504996,1.989939,34,v4,88000000ffffffffffffa8dd9f4dc5b5
8996,91.452563347,1.058351,34,v4,88000000ffffffffffffa8dd9f4dc5b5
8997,91.454830354,2.267007,30,v4,88000000ffffffffffffa8dd9f4dc5b5
8998,91.456657715,1.827361,30,v4,88000000ffffffffffffa8dd9f4dc5b5
8999,91.458693842,2.036127,34,v4,88000000ffffffffffffa8dd9f4dc5b5
9000,91.459725262,1.031420,34,v4,88000000ffffffffffffa8dd9f4dc5b5
9001,91.461868027,2.142765,34,v4,88000000ffffffffffffa8dd9f4dc5b5
9002,91.473010595,11.142568,34,v4,88000000ffffffffffffa8dd9f4dc5b5
9003,91.479189916,6.179321,34,v4,88000000ffffffffffffa8dd9f4dc5b5
9004,91.481052766,1.862850,30,v4,88000000ffffffffffffa8dd9f4dc5b5
9005,91.483065286,2.012520,34,v4,88000000ffffffffffffa8dd9f4dc5b5
9006,91.484113481,1.048195,30,v4,88000000ffffffffffffa8dd9f4dc5b5
9007,91.486093011,1.979530,34,v4,88000000ffffffffffffa8dd9f4dc5b5
9008,91.488095360,2.002349,34,v4,88000000ffffffffffffa8dd9f4dc5b5
9009,91.490203624,2.108264,30,v4,88000000ffffffffffffa8dd9f4dc5b5
9010,91.491287833,1.084209,30,v4,88000000ffffffffffffa8dd9f4dc5b5
9011,91.493305286,2.017453,34,v4,88000000ffffffffffffa8dd9f4dc5b5
9012,91.497082736,3.777450,34,v4,88000000ffffffffffffa8dd9f4dc5b5
9013,91.498543178,1.460442,30,v4,88000000ffffffffffffa8dd9f4dc5b5
9014,91.501397668,2.854490,34,v4,88000000ffffffffffffa8dd9f4dc5b5
9015,91.503419365,2.021697,30,v4,88000000ffffffffffffa8dd9f4dc5b5
9016,91.505381892,1.962527,30,v4,88000000ffffffffffffa8dd9f4dc5b5
9017,91.507411212,2.029320,30,v4,88000000ffffffffffffa8dd9f4dc5b5
9018,91.508594733,1.183521,30,v4,88000000ffffffffffffa8dd9f4dc5b5
9019,91.510534337,1.939604,30,v4,88000000ffffffffffffa8dd9f4dc5b5
9020,91.512493330,1.958993,34,v4,88000000ffffffffffffa8dd9f4dc5b5
9021,91.513585090,1.091760,30,v4,88000000ffffffffffffa8dd9f4dc5b5
9022,91.515639952,2.054862,30,v4,88000000ffffffffffffa8dd9f4dc5b5
9023,91.517683284,2.043332,30,v4,88000000ffffffffffffa8dd9f4dc5b5
9024,91.519674508,1.991224,30,v4,88000000ffffffffffffa8dd9f4dc5b5
9025,91.520800367,1.125859,30,v4,88000000ffffffffffffa8dd9f4dc5b5
9026,91.522746270,1.945903,34,v4,88000000ffffffffffffa8dd9f4dc5b5
9027,91.525790508,3.044238,34,v4,88000000ffffffffffffa8dd9f4dc5b5
9028,91.527798251,2.007743,34,v4,88000000ffffffffffffa8dd9f4dc5b5
9029,91.529809928,2.011677,34,v4,88000000ffffffffffffa8dd9f4dc5b5
9030,91.531771419,1.961491,30,v4,88000000ffffffffffffa8dd9f4dc5b5
9031,91.532843223,1.071804,34,v4,88000000ffffffffffffa8dd9f4dc5b5
9032,91.534873150,2.029927,34,v4,88000000ffffffffffffa8dd9f4dc5b5
9033,91.536899120,2.025970,34,v4,88000000ffffffffffffa8dd9f4dc5b5
9034,91.851930712,315.031592,99,v4,1c000000aadd9f4dc5b5681533050000
9035,91.870354545,18.423833,30,v4,88000000ffffffffffffa8dd9f4dc5b5
9036,91.872230239,1.875694,30,v4,88000000ffffffffffffa8dd9f4dc5b5
9037,91.874209484,1.979245,30,v4,88000000ffffffffffffa8dd9f4dc5b5
9038,91.876385384,2.175900,30,v4,88000000ffffffffffffa8dd9f4dc5b5
9039,91.878292930,1.907546,30,v4,88000000ffffffffffffa8dd9f4dc5b5
9040,91.879340427,1.047497,30,v4,88000000ffffffffffffa8dd9f4dc5b5
9041,91.881269060,1.928633,30,v4,88000000ffffffffffffa8dd9f4dc5b5
9042,91.882845072,1.576012,30,v4,88000000ffffffffffffa8dd9f4dc5b5
9043,91.885645279,2.800207,30,v4,88000000ffffffffffffa8dd9f4dc5b5
9044,91.887464765,1.819486,30,v4,88000000ffffffffffffa8dd9f4dc5b5
9045,91.889551121,2.086356,30,v4,88000000ffffffffffffa8dd9f4dc5b5
9046,91.890607695,1.056574,30,v4,88000000ffffffffffffa8dd9f4dc5b5
9047,91.892522033,1.914338,30,v4,88000000ffffffffffffa8dd9f4dc5b5
9048,91.894439252,1.917219,30,v4,88000000ffffffffffffa8dd9f4dc5b5
9049,91.895558133,1.118881,30,v4,88000000ffffffffffffa8dd9f4dc5b5
9050,91.909301571,13.743438,30,v4,88000000ffffffffffffa8dd9f4dc5b5
9051,91.912635955,3.334384,30,v4,88000000ffffffffffffa8dd9f4dc5b5
9052,91.913979516,1.343561,30,v4,88000000ffffffffffffa8dd9f4dc5b5
9053,91.916971172,2.991656,30,v4,88000000ffffffffffffa8dd9f4dc5b5
9054,91.922263958,5.292786,30,v4,88000000ffffffffffffa8dd9f4dc5b5
9055,91.924093241,1.829283,30,v4,88000000ffffffffffffa8dd9f4dc5b5
9056,91.925286198,1.192957,30,v4,88000000ffffffffffffa8dd9f4dc5b5
9057,91.927127061,1.840863,30,v4,88000000ffffffffffffa8dd9f4dc5b5
9058,91.928156744,1.029683,30,v4,88000000ffffffffffffa8dd9f4dc5b5
9059,91.930216030,2.059286,30,v4,88000000ffffffffffffa8dd9f4dc5b5
9060,91.933328073,3.112043,30,v4,88000000ffffffffffffa8dd9f4dc5b5
9061,91.935250273,1.922200,30,v4,88000000ffffffffffffa8dd9f4dc5b5
9062,91.938228977,2.978704,30,v4,88000000ffffffffffffa8dd9f4dc5b5
9063,91.941324861,3.095884,30,v4,88000000ffffffffffffa8dd9f4dc5b5
9064,91.944389648,3.064787,30,v4,88000000ffffffffffffa8dd9f4dc5b5
9065,91.947381358,2.991710,30,v4,88000000ffffffffffffa8dd9f4dc5b5
9066,91.949375377,1.994019,30,v4,88000000ffffffffffffa8dd9f4dc5b5
9067,91.951340193,1.964816,30,v4,88000000ffffffffffffa8dd9f4dc5b5
9068,91.952439664,1.099471,30,v4,88000000ffffffffffffa8dd9f4dc5b5
9069,91.954367417,1.927753,30,v4,88000000ffffffffffffa8dd9f4dc5b5
9070,91.955627173,1.259756,30,v4,88000000ffffffffffffa8dd9f4dc5b5
9071,91.957499796,1.872623,30,v4,88000000ffffffffffffa8dd9f4dc5b5
9072,91.959499745,1.999949,30,v4,88000000ffffffffffffa8dd9f4dc5b5
9073,91.960579176,1.079431,30,v4,88000000ffffffffffffa8dd9f4dc5b5
9074,91.962541187,1.962011,30,v4,88000000ffffffffffffa8dd9f4dc5b5
9075,91.963654265,1.113078,30,v4,88000000ffffffffffffa8dd9f4dc5b5
9076,91.965555424,1.901159,30,v4,88000000ffffffffffffa8dd9f4dc5b5
9077,91.968691717,3.136293,30,v4,88000000ffffffffffffa8dd9f4dc5b5
9078,91.970721138,2.029421,30,v4,88000000ffffffffffffa8dd9f4dc5b5
9079,91.971909794,1.188656,30,v4,88000000ffffffffffffa8dd9f4dc5b5
9080,91.973830633,1.920839,30,v4,88000000ffffffffffffa8dd9f4dc5b5
9081,91.975740581,1.909948,30,v4,88000000ffffffffffffa8dd9f4dc5b5
9082,91.976874433,1.133852,30,v4,88000000ffffffffffffa8dd9f4dc5b5
9083,91.996161018,19.286585,30,v4,88000000ffffffffffffa8dd9f4dc5b5
9084,91.998209164,2.048146,30,v4,88000000ffffffffffffa8dd9f4dc5b5
9085,92.001245188,3.036024,30,v4,88000000ffffffffffffa8dd9f4dc5b5
9086,92.003133524,1.888336,30,v4,88000000ffffffffffffa8dd9f4dc5b5
9087,92.006341836,3.208312,30,v4,88000000ffffffffffffa8dd9f4dc5b5
9088,92.008351896,2.010060,30,v4,88000000ffffffffffffa8dd9f4dc5b5
9089,92.010293024,1.941128,30,v4,88000000ffffffffffffa8dd9f4dc5b5
9090,92.011316137,1.023113,30,v4,88000000ffffffffffffa8dd9f4dc5b5
9091,92.014742124,3.425987,30,v4,88000000ffffffffffffa8dd9f4dc5b5
9092,92.021700317,6.958193,30,v4,88000000ffffffffffffa8dd9f4dc5b5
9093,92.024722064,3.021747,30,v4,88000000ffffffffffffa8dd9f4dc5b5
9094,92.027740252,3.018188,30,v4,88000000ffffffffffffa8dd9f4dc5b5
9095,92.029727575,1.987323,30,v4,88000000ffffffffffffa8dd9f4dc5b5
9096,92.031643741,1.916166,30,v4,88000000ffffffffffffa8dd9f4dc5b5
9097,92.032875108,1.231367,30,v4,88000000ffffffffffffa8dd9f4dc5b5
9098,92.377222008,344.346900,30,v4,88000000ffffffffffffa8dd9f4dc5b5
9099,92.379134919,1.912911,30,v4,88000000ffffffffffffa8dd9f4dc5b5
9100,92.382367312,3.232393,30,v4,88000000ffffffffffffa8dd9f4dc5b5
9101,92.385298010,2.930698,30,v4,88000000ffffffffffffa8dd9f4dc5b5
9102,92.387269002,1.970992,30,v4,88000000ffffffffffffa8dd9f4dc5b5
9103,92.388466252,1.197250,30,v4,88000000ffffffffffffa8dd9f4dc5b5
9104,92.391446219,2.979967,30,v4,88000000ffffffffffffa8dd9f4dc5b5
9105,92.394469843,3.023624,30,v4,88000000ffffffffffffa8dd9f4dc5b5
9106,92.397418069,2.948226,30,v4,88000000ffffffffffffa8dd9f4dc5b5
9107,92.400604928,3.186859,30,v4,88000000ffffffffffffa8dd9f4dc5b5
9108,92.402501600,1.896672,30,v4,88000000ffffffffffffa8dd9f4dc5b5
9109,92.406772059,4.270459,30,v4,88000000ffffffffffffa8dd9f4dc5b5
9110,92.409746388,2.974329,30,v4,88000000ffffffffffffa8dd9f4dc5b5
9111,92.411669104,1.922716,30,v4,88000000ffffffffffffa8dd9f4dc5b5
9112,92.412712364,1.043260,30,v4,88000000ffffffffffffa8dd9f4dc5b5
9113,92.414691146,1.978782,30,v4,88000000ffffffffffffa8dd9f4dc5b5
9114,92.415766698,1.075552,30,v4,88000000ffffffffffffa8dd9f4dc5b5
9115,92.417840872,2.074174,30,v4,88000000ffffffffffffa8dd9f4dc5b5
9116,92.419816905,1.976033,30,v4,88000000ffffffffffffa8dd9f4dc5b5
9117,92.420985526,1.168621,30,v4,88000000ffffffffffffa8dd9f4dc5b5
9118,92.423990793,3.005267,30,v4,88000000ffffffffffffa8dd9f4dc5b5
9119,92.427009559,3.018766,30,v4,88000000ffffffffffffa8dd9f4dc5b5
9120,92.428920132,1.910573,30,v4,88000000ffffffffffffa8dd9f4dc5b5
9121,92.430980932,2.060800,30,v4,88000000ffffffffffffa8dd9f4dc5b5
9122,92.432049955,1.069023,30,v4,88000000ffffffffffffa8dd9f4dc5b5
9123,92.433963613,1.913658,30,v4,88000000ffffffffffffa8dd9f4dc5b5
9124,92.435079444,1.115831,30,v4,88000000ffffffffffffa8dd9f4dc5b5
9125,92.438090793,3.011349,30,v4,88000000ffffffffffffa8dd9f4dc5b5
9126,92.439185018,1.094225,30,v4,88000000ffffffffffffa8dd9f4dc5b5
9127,92.441304080,2.119062,30,v4,88000000ffffffffffffa8dd9f4dc5b5
9128,92.442461903,1.157823,30,v4,88000000ffffffffffffa8dd9f4dc5b5
9129,92.444303069,1.841166,30,v4,88000000ffffffffffffa8dd9f4dc5b5
9130,92.447441043,3.137974,30,v4,88000000ffffffffffffa8dd9f4dc5b5
9131,92.449273151,1.832108,30,v4,88000000ffffffffffffa8dd9f4dc5b5
9132,92.450325060,1.051909,30,v4,88000000ffffffffffffa8dd9f4dc5b5
9133,92.453429217,3.104157,30,v4,88000000ffffffffffffa8dd9f4dc5b5
9134,92.455394100,1.964883,30,v4,88000000ffffffffffffa8dd9f4dc5b5
9135,92.456558445,1.164345,30,v4,88000000ffffffffffffa8dd9f4dc5b5
9136,92.458473814,1.915369,30,v4,88000000ffffffffffffa8dd9f4dc5b5
9137,92.459590459,1.116645,30,v4,88000000ffffffffffffa8dd9f4dc5b5
9138,92.461544384,1.953925,30,v4,88000000ffffffffffffa8dd9f4dc5b5
9139,92.462581020,1.036636,30,v4,88000000ffffffffffffa8dd9f4dc5b5
9140,92.467165733,4.584713,30,v4,88000000ffffffffffffa8dd9f4dc5b5
9141,92.469904952,2.739219,30,v4,88000000ffffffffffffa8dd9f4dc5b5
9142,92.472840019,2.935067,30,v4,88000000ffffffffffffa8dd9f4dc5b5
9143,92.474775516,1.935497,30,v4,88000000ffffffffffffa8dd9f4dc5b5
9144,92.475872569,1.097053,30,v4,88000000ffffffffffffa8dd9f4dc5b5
9145,92.479579894,3.707325,30,v4,88000000ffffffffffffa8dd9f4dc5b5
9146,92.481003128,1.423234,30,v4,88000000ffffffffffffa8dd9f4dc5b5
9147,92.485222817,4.219689,30,v4,88000000ffffffffffffa8dd9f4dc5b5
9148,92.487075389,1.852572,30,v4,88000000ffffffffffffa8dd9f4dc5b5
9149,92.489962314,2.886925,30,v4,88000000ffffffffffffa8dd9f4dc5b5
9150,92.493030916,3.068602,30,v4,88000000ffffffffffffa8dd9f4dc5b5
9151,92.495035515,2.004599,30,v4,88000000ffffffffffffa8dd9f4dc5b5
9152,92.496097563,1.062048,30,v4,88000000ffffffffffffa8dd9f4dc5b5
9153,92.498079210,1.981647,30,v4,88000000ffffffffffffa8dd9f4dc5b5
9154,92.499129452,1.050242,30,v4,88000000ffffffffffffa8dd9f4dc5b5
9155,92.501128825,1.999373,30,v4,88000000ffffffffffffa8dd9f4dc5b5
9156,92.502252542,1.123717,30,v4,88000000ffffffffffffa8dd9f4dc5b5
9157,92.505244499,2.991957,30,v4,88000000ffffffffffffa8dd9f4dc5b5
9158,92.508782199,3.537700,30,v4,88000000ffffffffffffa8dd9f4dc5b5
9159,92.511295634,2.513435,30,v4,88000000ffffffffffffa8dd9f4dc5b5
9160,92.513214315,1.918681,30,v4,88000000ffffffffffffa8dd9f4dc5b5
9161,92.514336586,1.122271,30,v4,88000000ffffffffffffa8dd9f4dc5b5
9162,92.516297726,1.961140,30,v4,88000000ffffffffffffa8dd9f4dc5b5
9163,92.518314370,2.016644,30,v4,88000000ffffffffffffa8dd9f4dc5b5
9164,92.519372461,1.058091,30,v4,88000000ffffffffffffa8dd9f4dc5b5
9165,92.522445624,3.073163,30,v4,88000000ffffffffffffa8dd9f4dc5b5
9166,92.525439901,2.994277,30,v4,88000000ffffffffffffa8dd9f4dc5b5
9167,92.527592359,2.152458,30,v4,88000000ffffffffffffa8dd9f4dc5b5
9168,92.528961660,1.369301,30,v4,88000000ffffffffffffa8dd9f4dc5b5
9169,92.531732527,2.770867,30,v4,88000000ffffffffffffa8dd9f4dc5b5
9170,92.884251428,352.518901,30,v4,88000000ffffffffffffa8dd9f4dc5b5
9171,92.886202225,1.950797,30,v4,88000000ffffffffffffa8dd9f4dc5b5
9172,92.887531225,1.329000,30,v4,88000000ffffffffffffa8dd9f4dc5b5
9173,92.913693229,26.162004,30,v4,88000000ffffffffffffa8dd9f4dc5b5
9174,92.917043718,3.350489,30,v4,88000000ffffffffffffa8dd9f4dc5b5
9175,92.919785752,2.742034,30,v4,88000000ffffffffffffa8dd9f4dc5b5
9176,92.923796485,4.010733,30,v4,88000000ffffffffffffa8dd9f4dc5b5
9177,92.925746651,1.950166,30,v4,88000000ffffffffffffa8dd9f4dc5b5
9178,92.926846782,1.100131,30,v4,88000000ffffffffffffa8dd9f4dc5b5
9179,92.928814617,1.967835,30,v4,88000000ffffffffffffa8dd9f4dc5b5
9180,92.930965300,2.150683,30,v4,88000000ffffffffffffa8dd9f4dc5b5
9181,92.932842891,1.877591,30,v4,88000000ffffffffffffa8dd9f4dc5b5
9182,92.934076947,1.234056,30,v4,88000000ffffffffffffa8dd9f4dc5b5
9183,92.936943217,2.866270,30,v4,88000000ffffffffffffa8dd9f4dc5b5
9184,92.938980937,2.037720,30,v4,88000000ffffffffffffa8dd9f4dc5b5
9185,92.940200774,1.219837,30,v4,88000000ffffffffffffa8dd9f4dc5b5
9186,92.944264634,4.063860,30,v4,88000000ffffffffffffa8dd9f4dc5b5
9187,92.946116545,1.851911,30,v4,88000000ffffffffffffa8dd9f4dc5b5
9188,92.954460041,8.343496,30,v4,88000000ffffffffffffa8dd9f4dc5b5
9189,92.956311048,1.851007,30,v4,88000000ffffffffffffa8dd9f4dc5b5
9190,92.959118912,2.807864,30,v4,88000000ffffffffffffa8dd9f4dc5b5
9191,92.961443459,2.324547,30,v4,88000000ffffffffffffa8dd9f4dc5b5
9192,92.963363373,1.919914,30,v4,88000000ffffffffffffa8dd9f4dc5b5
9193,92.964435810,1.072437,30,v4,88000000ffffffffffffa8dd9f4dc5b5
9194,92.966589472,2.153662,30,v4,88000000ffffffffffffa8dd9f4dc5b5
9195,92.986595491,20.006019,30,v4,88000000ffffffffffffa8dd9f4dc5b5
9196,92.989937589,3.342098,30,v4,88000000ffffffffffffa8dd9f4dc5b5
9197,92.991854626,1.917037,30,v4,88000000ffffffffffffa8dd9f4dc5b5
9198,92.993000953,1.146327,30,v4,88000000ffffffffffffa8dd9f4dc5b5
9199,92.994822262,1.821309,30,v4,88000000ffffffffffffa8dd9f4dc5b5
9200,92.995892923,1.070661,30,v4,88000000ffffffffffffa8dd9f4dc5b5
9201,92.996913206,1.020283,30,v4,88000000ffffffffffffa8dd9f4dc5b5
9202,92.998892453,1.979247,30,v4,88000000ffffffffffffa8dd9f4dc5b5
9203,93.000015511,1.123058,30,v4,88000000ffffffffffffa8dd9f4dc5b5
9204,93.001987345,1.971834,30,v4,88000000ffffffffffffa8dd9f4dc5b5
9205,93.003058204,1.070859,30,v4,88000000ffffffffffffa8dd9f4dc5b5
9206,93.010773648,7.715444,30,v4,88000000ffffffffffffa8dd9f4dc5b5
9207,93.012505586,1.731938,30,v4,88000000ffffffffffffa8dd9f4dc5b5
9208,93.013662979,1.157393,30,v4,88000000ffffffffffffa8dd9f4dc5b5
9209,93.018535634,4.872655,30,v4,88000000ffffffffffffa8dd9f4dc5b5
9210,93.020847084,2.311450,30,v4,88000000ffffffffffffa8dd9f4dc5b5
9211,93.023673318,2.826234,30,v4,88000000ffffffffffffa8dd9f4dc5b5
9212,93.032841407,9.168089,30,v4,88000000ffffffffffffa8dd9f4dc5b5
9213,93.032875657,0.034250,30,v4,88000000ffffffffffffa8dd9f4dc5b5
9214,93.358709234,325.833577,30,v4,88000000ffffffffffffa8dd9f4dc5b5
9215,93.359810221,1.100987,30,v4,88000000ffffffffffffa8dd9f4dc5b5
9216,93.361693913,1.883692,30,v4,88000000ffffffffffffa8dd9f4dc5b5
9217,93.363774431,2.080518,30,v4,88000000ffffffffffffa8dd9f4dc5b5
9218,93.365891510,2.117079,30,v4,88000000ffffffffffffa8dd9f4dc5b5
9219,93.367809096,1.917586,30,v4,88000000ffffffffffffa8dd9f4dc5b5
9220,93.369013335,1.204239,30,v4,88000000ffffffffffffa8dd9f4dc5b5
9221,93.370056452,1.043117,30,v4,88000000ffffffffffffa8dd9f4dc5b5
9222,93.371883822,1.827370,30,v4,88000000ffffffffffffa8dd9f4dc5b5
9223,93.372939638,1.055816,30,v4,88000000ffffffffffffa8dd9f4dc5b5
9224,93.376626458,3.686820,30,v4,88000000ffffffffffffa8dd9f4dc5b5
9225,93.379977944,3.351486,30,v4,88000000ffffffffffffa8dd9f4dc5b5
9226,93.382081853,2.103909,30,v4,88000000ffffffffffffa8dd9f4dc5b5
9227,93.384507324,2.425471,30,v4,88000000ffffffffffffa8dd9f4dc5b5
9228,93.387065481,2.558157,30,v4,88000000ffffffffffffa8dd9f4dc5b5
9229,93.413208913,26.143432,30,v4,88000000ffffffffffffa8dd9f4dc5b5
9230,93.416535315,3.326402,30,v4,88000000ffffffffffffa8dd9f4dc5b5
9231,93.421652750,5.117435,30,v4,88000000ffffffffffffa8dd9f4dc5b5
9232,93.423566112,1.913362,30,v4,88000000ffffffffffffa8dd9f4dc5b5
9233,93.425687169,2.121057,30,v4,88000000ffffffffffffa8dd9f4dc5b5
9234,93.427698689,2.011520,30,v4,88000000ffffffffffffa8dd9f4dc5b5
9235,93.429885732,2.187043,30,v4,88000000ffffffffffffa8dd9f4dc5b5
9236,93.432837533,2.951801,30,v4,88000000ffffffffffffa8dd9f4dc5b5
9237,93.433853347,1.015814,30,v4,88000000ffffffffffffa8dd9f4dc5b5
9238,93.437930595,4.077248,30,v4,88000000ffffffffffffa8dd9f4dc5b5
9239,93.439916995,1.986400,30,v4,88000000ffffffffffffa8dd9f4dc5b5
9240,93.442274386,2.357391,30,v4,88000000ffffffffffffa8dd9f4dc5b5
9241,93.446063996,3.789610,30,v4,88000000ffffffffffffa8dd9f4dc5b5
9242,93.448137830,2.073834,30,v4,88000000ffffffffffffa8dd9f4dc5b5
9243,93.450790851,2.653021,30,v4,88000000ffffffffffffa8dd9f4dc5b5
9244,93.454438249,3.647398,30,v4,88000000ffffffffffffa8dd9f4dc5b5
9245,93.456154283,1.716034,30,v4,88000000ffffffffffffa8dd9f4dc5b5
9246,93.458355889,2.201606,30,v4,88000000ffffffffffffa8dd9f4dc5b5
9247,93.460326239,1.970350,30,v4,88000000ffffffffffffa8dd9f4dc5b5
9248,93.462421505,2.095266,30,v4,88000000ffffffffffffa8dd9f4dc5b5
9249,93.464323675,1.902170,30,v4,88000000ffffffffffffa8dd9f4dc5b5
9250,93.465366252,1.042577,30,v4,88000000ffffffffffffa8dd9f4dc5b5
9251,93.467380265,2.014013,30,v4,88000000ffffffffffffa8dd9f4dc5b5
9252,93.469493899,2.113634,30,v4,88000000ffffffffffffa8dd9f4dc5b5
9253,93.474797338,5.303439,30,v4,88000000ffffffffffffa8dd9f4dc5b5
9254,93.476467525,1.670187,30,v4,88000000ffffffffffffa8dd9f4dc5b5
9255,93.478675296,2.207771,30,v4,88000000ffffffffffffa8dd9f4dc5b5
9256,93.480525447,1.850151,30,v4,88000000ffffffffffffa8dd9f4dc5b5
9257,93.481560937,1.035490,30,v4,88000000ffffffffffffa8dd9f4dc5b5
9258,93.482675624,1.114687,30,v4,88000000ffffffffffffa8dd9f4dc5b5
9259,93.484650440,1.974816,30,v4,88000000ffffffffffffa8dd9f4dc5b5
9260,93.487414337,2.763897,30,v4,88000000ffffffffffffa8dd9f4dc5b5
9261,93.489768235,2.353898,30,v4,88000000ffffffffffffa8dd9f4dc5b5
9262,93.490866024,1.097789,30,v4,88000000ffffffffffffa8dd9f4dc5b5
9263,93.493743930,2.877906,30,v4,88000000ffffffffffffa8dd9f4dc5b5
9264,93.836145453,342.401523,30,v4,88000000ffffffffffffa8dd9f4dc5b5
9265,93.838087179,1.941726,30,v4,88000000ffffffffffffa8dd9f4dc5b5
9266,93.841260384,3.173205,30,v4,88000000ffffffffffffa8dd9f4dc5b5
9267,93.852051276,10.790892,30,v4,88000000ffffffffffffa8dd9f4dc5b5
9268,93.854390685,2.339409,30,v4,88000000ffffffffffffa8dd9f4dc5b5
9269,93.857566589,3.175904,30,v4,88000000ffffffffffffa8dd9f4dc5b5
9270,93.860417432,2.850843,30,v4,88000000ffffffffffffa8dd9f4dc5b5
9271,93.863800625,3.383193,30,v4,88000000ffffffffffffa8dd9f4dc5b5
9272,93.867860513,4.059888,30,v4,88000000ffffffffffffa8dd9f4dc5b5
9273,93.869738555,1.878042,30,v4,88000000ffffffffffffa8dd9f4dc5b5
9274,93.872967183,3.228628,30,v4,88000000ffffffffffffa8dd9f4dc5b5
9275,93.874757974,1.790791,30,v4,88000000ffffffffffffa8dd9f4dc5b5
9276,93.879591838,4.833864,30,v4,88000000ffffffffffffa8dd9f4dc5b5
9277,93.883958843,4.367005,30,v4,88000000ffffffffffffa8dd9f4dc5b5
9278,93.890455108,6.496265,30,v4,88000000ffffffffffffa8dd9f4dc5b5
9279,93.892122935,1.667827,30,v4,88000000ffffffffffffa8dd9f4dc5b5
9280,93.896549310,4.426375,30,v4,88000000ffffffffffffa8dd9f4dc5b5
9281,93.902416981,5.867671,30,v4,88000000ffffffffffffa8dd9f4dc5b5
9282,93.904224879,1.807898,30,v4,88000000ffffffffffffa8dd9f4dc5b5
9283,93.907407080,3.182201,30,v4,88000000ffffffffffffa8dd9f4dc5b5
9284,93.909261695,1.854615,30,v4,88000000ffffffffffffa8dd9f4dc5b5
9285,93.910361936,1.100241,30,v4,88000000ffffffffffffa8dd9f4dc5b5
9286,93.913579940,3.218004,30,v4,88000000ffffffffffffa8dd9f4dc5b5
9287,93.915648976,2.069036,30,v4,88000000ffffffffffffa8dd9f4dc5b5
9288,93.949915034,34.266058,30,v4,88000000ffffffffffffa8dd9f4dc5b5
9289,93.949930009,0.014975,30,v4,88000000ffffffffffffa8dd9f4dc5b5
9290,93.955426329,5.496320,30,v4,88000000ffffffffffffa8dd9f4dc5b5
9291,93.960405122,4.978793,30,v4,88000000ffffffffffffa8dd9f4dc5b5
9292,94.310969237,350.564115,30,v4,88000000ffffffffffffa8dd9f4dc5b5
9293,94.317395162,6.425925,30,v4,88000000ffffffffffffa8dd9f4dc5b5
9294,94.322852601,5.457439,30,v4,88000000ffffffffffffa8dd9f4dc5b5
9295,94.325029565,2.176964,30,v4,88000000ffffffffffffa8dd9f4dc5b5
9296,94.326831212,1.801647,30,v4,88000000ffffffffffffa8dd9f4dc5b5
9297,94.334880242,8.049030,30,v4,88000000ffffffffffffa8dd9f4dc5b5
9298,94.344971374,10.091132,30,v4,88000000ffffffffffffa8dd9f4dc5b5
9299,94.348287717,3.316343,30,v4,88000000ffffffffffffa8dd9f4dc5b5
9300,94.352411774,4.124057,30,v4,88000000ffffffffffffa8dd9f4dc5b5
9301,94.357556880,5.145106,30,v4,88000000ffffffffffffa8dd9f4dc5b5
9302,94.370996161,13.439281,30,v4,88000000ffffffffffffa8dd9f4dc5b5
9303,94.374044692,3.048531,30,v4,88000000ffffffffffffa8dd9f4dc5b5
9304,94.381430783,7.386091,30,v4,88000000ffffffffffffa8dd9f4dc5b5
9305,94.426407499,44.976716,30,v4,88000000ffffffffffffa8dd9f4dc5b5
9306,94.764248503,337.841004,30,v4,88000000ffffffffffffa8dd9f4dc5b5
9307,94.865464146,101.215643,30,v4,88000000ffffffffffffa8dd9f4dc5b5
9308,94.865496137,0.031991,30,v4,88000000ffffffffffffa8dd9f4dc5b5
9309,95.221632650,356.136513,30,v4,88000000ffffffffffffa8dd9f4dc5b5
9310,95.237808506,16.175856,30,v4,88000000ffffffffffffa8dd9f4dc5b5
9311,95.310460429,72.651923,30,v4,88000000ffffffffffffa8dd9f4dc5b5
9312,98.561701869,3251.241440,30,v4,88000000ffffffffffffa8dd9f4dc5b5
9313,105.275097655,6713.395786,99,v4,1c000000aadd9f4dc5b568ddff050000
9314,111.983501737,6708.404082,99,v4,1c000000aadd9f4dc5b5684166060000
9315,118.692723285,6709.221548,99,v4,1c000000aadd9f4dc5b568a5cc060000
9316,125.403563993,6710.840708,99,v4,1c000000aadd9f4dc5b5680933070000
9317,132.115247670,6711.683677,99,v4,1c000000aadd9f4dc5b5686d99070000
9318,138.823605058,6708.357388,99,v4,1c000000aadd9f4dc5b568d1ff070000
