rx_idx,phy_active,frame_event,seq,frag,len,rx_t_ms,swap_ms
0,A,rx,0,0,30,7092.609,1.124
1,B,rx,1,0,30,7102.673,0.760
2,A,rx,2,0,30,7113.970,0.855
3,B,rx,3,0,30,7124.045,1.050
4,A,rx,4,0,30,7135.227,0.916
5,B,rx,5,0,30,7145.301,0.697
6,A,rx,6,0,30,7157.528,1.010
7,B,rx,7,0,30,7167.696,0.668
8,A,rx,8,0,30,7178.947,1.162
9,B,rx,9,0,30,7189.070,0.934
10,A,rx,10,0,30,7200.448,0.766
11,B,rx,11,0,30,7210.317,1.074
12,A,rx,12,0,30,7221.513,0.683
13,B,rx,13,0,30,7231.688,0.712
14,A,rx,14,0,30,7242.963,1.083
15,B,rx,15,0,30,7253.956,0.923
16,A,rx,16,0,30,7264.283,0.619
17,B,rx,17,0,30,7275.268,0.566
18,A,rx,18,0,30,7286.493,0.873
19,B,rx,19,0,30,7297.686,0.944
20,A,rx,20,0,30,7307.958,0.709
21,B,rx,21,0,30,7318.991,0.879
22,A,rx,22,0,30,7329.218,0.552
23,B,rx,23,0,30,7340.295,0.596
24,A,rx,24,0,30,7350.498,0.687
25,B,rx,25,0,30,7361.621,0.529
26,A,rx,26,0,30,7371.966,0.708
27,B,rx,27,0,30,7382.977,0.680
28,A,rx,28,0,30,7393.175,0.937
29,B,rx,29,0,30,7404.363,0.549
30,A,rx,30,0,30,7415.577,0.893
31,B,rx,31,0,30,7426.937,0.628
32,A,rx,32,0,30,7436.903,0.614
33,B,rx,33,0,30,7448.184,0.591
34,A,rx,34,0,30,7458.302,0.586
35,B,rx,35,0,30,7469.348,0.615
36,A,rx,36,0,30,7479.488,0.791
37,B,rx,37,0,30,7490.653,0.584
38,A,rx,38,0,30,7501.019,0.610
39,B,rx,39,0,30,7511.975,0.546
40,A,rx,40,0,30,7522.360,0.556
41,B,rx,41,0,30,7533.370,0.606
42,A,rx,42,0,30,7544.600,0.806
43,B,rx,43,0,30,7555.640,0.672
44,A,rx,44,0,30,7565.967,0.884
45,B,rx,45,0,30,7577.036,0.875
46,A,rx,46,0,30,7587.296,0.547
47,B,rx,47,0,30,7598.427,0.857
48,A,rx,48,0,30,7608.573,0.617
49,B,rx,49,0,30,7619.710,0.577
50,A,rx,50,0,30,7629.989,0.901
51,B,rx,51,0,30,7641.024,0.601
52,A,rx,52,0,30,7651.314,0.911
53,B,rx,53,0,30,7662.333,0.962
54,A,rx,54,0,30,7673.708,0.898
55,B,rx,55,0,30,7684.730,0.941
56,A,rx,56,0,30,7695.065,0.620
57,B,rx,57,0,30,7706.087,0.585
58,A,rx,58,0,30,7716.317,0.881
59,B,rx,59,0,30,7727.403,0.916
60,A,rx,60,0,30,7737.682,0.890
61,B,rx,61,0,30,7748.750,0.564
62,A,rx,62,0,30,7758.927,0.865
63,B,rx,63,0,30,7770.038,0.584
64,A,rx,64,0,30,7780.266,0.506
65,B,rx,65,0,30,7791.457,1.040
66,A,rx,66,0,30,7802.760,1.028
67,B,rx,67,0,30,7813.870,1.164
68,A,rx,68,0,30,7824.139,1.045
69,B,rx,69,0,30,7835.138,1.088
70,A,rx,70,0,30,7845.505,1.167
71,B,rx,71,0,30,7856.437,0.760
72,A,rx,72,0,30,7866.728,1.061
73,B,rx,73,0,30,7877.830,0.988
74,A,rx,74,0,30,7887.950,0.638
75,B,rx,75,0,30,7899.138,0.567
76,A,rx,76,0,30,7909.328,0.596
77,B,rx,77,0,30,7920.345,0.552
78,A,rx,78,0,30,7931.649,0.604
79,B,rx,80,0,30,7952.961,0.584
80,A,rx,81,0,30,7964.310,0.932
81,B,rx,82,0,30,7974.432,0.899
82,A,rx,83,0,30,7985.609,0.643
83,B,rx,84,0,30,7995.759,0.903
84,A,rx,85,0,30,8006.982,0.853
85,B,rx,86,0,30,8017.063,0.882
86,A,rx,87,0,30,8028.274,0.629
87,B,rx,88,0,30,8038.550,0.798
88,A,rx,89,0,30,8050.091,0.867
89,B,rx,90,0,30,8060.635,0.573
90,A,rx,91,0,30,8071.965,0.896
91,B,rx,92,0,30,8082.060,0.553
92,A,rx,93,0,30,8093.216,0.861
93,B,rx,94,0,30,8103.369,0.922
94,A,rx,95,0,30,8114.565,0.577
95,B,rx,96,0,30,8124.651,0.865
96,A,rx,97,0,30,8135.932,0.584
97,B,rx,98,0,30,8146.030,0.595
98,A,rx,99,0,30,8157.310,0.605
99,B,rx,100,0,30,8167.474,0.868
100,A,rx,101,0,30,8178.629,0.581
101,B,rx,102,0,30,8188.764,0.702
102,A,rx,103,0,30,8201.085,0.971
103,B,rx,104,0,30,8211.120,0.574
104,A,rx,105,0,30,8222.385,0.635
105,B,rx,106,0,30,8233.274,0.870
106,A,rx,107,0,30,8243.596,0.762
107,B,rx,108,0,30,8254.609,0.537
108,A,rx,109,0,30,8264.926,0.895
109,B,rx,110,0,30,8276.097,0.923
110,A,rx,111,0,30,8286.372,0.631
111,B,rx,112,0,30,8297.322,0.542
112,A,rx,113,0,30,8307.618,0.575
113,B,rx,114,0,30,8318.687,0.597
114,A,rx,115,0,30,8330.006,0.876
115,B,rx,116,0,30,8341.074,0.590
116,A,rx,117,0,30,8351.324,0.548
117,B,rx,118,0,30,8362.365,0.566
118,A,rx,119,0,30,8372.633,0.577
119,B,rx,120,0,30,8383.771,0.631
120,A,rx,121,0,30,8394.018,0.854
121,B,rx,122,0,30,8405.060,0.889
122,A,rx,123,0,30,8415.384,0.601
123,B,rx,124,0,30,8426.438,0.582
124,A,rx,125,0,30,8436.692,0.572
125,B,rx,126,0,30,8447.817,0.570
126,A,rx,127,0,30,8459.110,0.569
127,B,rx,128,0,30,8470.094,0.561
128,A,rx,129,0,30,8480.308,0.558
129,B,rx,130,0,30,8491.491,0.874
130,A,rx,131,0,30,8501.734,0.928
131,B,rx,132,0,30,8512.726,0.561
132,A,rx,133,0,30,8523.493,0.687
133,B,rx,134,0,30,8534.129,0.770
134,A,rx,135,0,30,8544.333,0.561
135,B,rx,136,0,30,8555.340,0.567
136,A,rx,137,0,30,8565.578,0.521
137,B,rx,138,0,30,8576.671,0.578
138,A,rx,139,0,30,8588.137,0.604
139,B,rx,140,0,30,8599.096,0.541
140,A,rx,141,0,30,8609.299,0.625
141,B,rx,142,0,30,8620.378,0.598
142,A,rx,143,0,30,8630.608,0.570
143,B,rx,144,0,30,8641.840,0.913
144,A,rx,145,0,30,8652.054,0.883
145,B,rx,146,0,30,8663.177,0.924
146,A,rx,147,0,30,8673.390,0.627
147,B,rx,148,0,30,8684.420,0.586
148,A,rx,149,0,30,8694.831,0.975
149,B,rx,150,0,30,8706.025,0.748
150,A,rx,151,0,30,8717.958,0.976
151,B,rx,152,0,30,8728.283,0.571
152,A,rx,153,0,30,8739.310,0.636
153,B,rx,154,0,30,8749.628,0.876
154,A,rx,155,0,30,8760.632,0.575
155,B,rx,156,0,30,8770.975,0.600
156,A,rx,157,0,30,8782.162,0.554
157,B,rx,158,0,30,8793.170,0.875
158,A,rx,159,0,30,8803.454,0.916
159,B,rx,160,0,30,8814.456,0.547
160,A,rx,161,0,30,8825.192,0.980
161,B,rx,162,0,30,8835.904,0.933
162,A,rx,163,0,30,8847.156,0.547
163,B,rx,164,0,30,8858.145,0.711
164,A,rx,165,0,30,8868.488,0.979
165,B,rx,166,0,30,8879.462,0.572
166,A,rx,167,0,30,8889.782,0.559
167,B,rx,168,0,30,8900.974,0.531
168,A,rx,169,0,30,8911.186,0.561
169,B,rx,170,0,30,8922.239,0.894
170,A,rx,171,0,30,8932.509,0.934
171,B,rx,172,0,30,8943.524,0.968
172,A,rx,173,0,30,8953.825,0.879
173,B,rx,174,0,30,8965.024,0.848
174,A,rx,175,0,30,8976.181,0.519
175,B,rx,176,0,30,8987.373,0.557
176,A,rx,177,0,30,8997.512,0.870
177,B,rx,178,0,30,9008.709,0.892
178,A,rx,179,0,30,9018.790,0.638
179,B,rx,180,0,30,9030.095,0.657
180,A,rx,181,0,30,9040.207,0.585
181,B,rx,182,0,30,9051.360,0.627
182,A,rx,183,0,30,9061.490,0.612
183,B,rx,184,0,30,9072.656,0.627
184,A,rx,185,0,30,9082.768,0.542
185,B,rx,186,0,30,9093.980,0.874
186,A,rx,187,0,30,9105.218,0.594
187,B,rx,188,0,30,9116.371,0.541
188,A,rx,189,0,30,9126.526,0.948
189,B,rx,190,0,30,9137.702,0.875
190,A,rx,191,0,30,9149.856,0.597
191,B,rx,192,0,30,9159.048,0.877
192,A,rx,193,0,30,9170.143,0.904
193,B,rx,194,0,30,9180.293,0.570
194,A,rx,195,0,30,9191.402,0.581
195,B,rx,196,0,30,9201.675,0.836
196,A,rx,197,0,30,9212.790,0.748
197,B,rx,198,0,30,9223.156,0.955
198,A,rx,199,0,30,9235.117,0.708
199,B,rx,200,0,30,9245.467,0.539
200,A,rx,201,0,30,9256.623,0.574
201,B,rx,202,0,30,9266.759,0.571
202,A,rx,203,0,30,9277.765,0.896
203,B,rx,204,0,30,9288.118,0.573
204,A,rx,205,0,30,9299.102,0.566
205,B,rx,206,0,30,9309.368,0.608
206,A,rx,207,0,30,9320.500,0.608
207,B,rx,208,0,30,9330.746,0.517
208,A,rx,209,0,30,9341.904,0.993
209,B,rx,210,0,30,9352.175,0.683
210,A,rx,211,0,30,9364.187,0.902
211,B,rx,212,0,30,9374.467,0.882
212,A,rx,213,0,30,9385.487,0.954
213,B,rx,214,0,30,9395.822,0.892
214,A,rx,215,0,30,9406.838,0.912
215,B,rx,216,0,30,9417.163,0.621
216,A,rx,217,0,30,9428.227,0.901
217,B,rx,218,0,30,9438.476,0.917
218,A,rx,219,0,30,9449.571,0.538
219,B,rx,220,0,30,9459.828,0.773
220,A,rx,221,0,30,9470.991,0.958
221,B,rx,222,0,30,9481.148,0.884
222,A,rx,223,0,30,9493.409,0.885
223,B,rx,224,0,30,9503.494,0.627
224,A,rx,225,0,30,9514.669,0.586
225,B,rx,226,0,30,9524.724,0.873
226,A,rx,227,0,30,9535.904,0.567
227,B,rx,228,0,30,9546.094,0.607
228,A,rx,229,0,30,9557.288,0.591
229,B,rx,230,0,30,9567.432,0.536
230,A,rx,231,0,30,9578.605,0.580
231,B,rx,232,0,30,9588.842,0.617
232,A,rx,233,0,30,9599.943,0.543
233,B,rx,234,0,30,9610.249,0.920
234,A,rx,235,0,30,9622.403,0.591
235,B,rx,236,0,30,9632.463,0.508
236,A,rx,237,0,30,9643.692,0.585
237,B,rx,238,0,30,9653.787,0.667
238,A,rx,239,0,30,9664.976,0.578
239,B,rx,240,0,30,9675.134,0.895
240,A,rx,241,0,30,9686.296,0.665
241,B,rx,242,0,30,9696.507,0.533
242,A,rx,243,0,30,9707.695,0.641
243,B,rx,244,0,30,9717.799,0.909
244,A,rx,245,0,30,9729.055,0.632
245,B,rx,246,0,30,9739.944,0.924
246,A,rx,247,0,30,9751.607,0.629
247,B,rx,248,0,30,9762.420,0.914
248,A,rx,249,0,30,9772.759,0.923
249,B,rx,250,0,30,9783.780,0.551
250,A,rx,251,0,30,9794.077,0.871
251,B,rx,252,0,30,9805.135,0.868
252,A,rx,253,0,30,9815.401,0.966
253,B,rx,254,0,30,9826.474,0.855
254,A,rx,255,0,30,9836.755,0.903
255,B,rx,256,0,30,9847.780,0.898
256,A,rx,257,0,30,9858.077,0.622
257,B,rx,258,0,30,9869.122,0.875
258,A,rx,259,0,30,9879.472,0.864
259,B,rx,260,0,30,9891.448,0.594
260,A,rx,261,0,30,9901.834,0.975
261,B,rx,262,0,30,9912.866,0.997
262,A,rx,263,0,30,9923.130,0.583
263,B,rx,264,0,30,9934.173,0.958
264,A,rx,265,0,30,9944.492,0.589
265,B,rx,266,0,30,9955.488,0.561
266,A,rx,267,0,30,9965.735,0.597
267,B,rx,268,0,30,9976.736,0.961
268,A,rx,269,0,30,9987.240,0.585
269,B,rx,270,0,30,9998.067,0.541
270,A,rx,271,0,30,10008.502,0.554
271,B,rx,272,0,30,10020.546,0.603
272,A,rx,273,0,30,10030.822,0.641
273,B,rx,274,0,30,10041.892,0.585
274,A,rx,275,0,30,10052.236,0.629
275,B,rx,276,0,30,10063.117,0.668
276,A,rx,277,0,30,10073.461,0.944
277,B,rx,278,0,30,10084.405,0.591
278,A,rx,279,0,30,10095.168,0.907
279,B,rx,280,0,30,10105.888,0.780
280,A,rx,281,0,30,10116.148,0.909
281,B,rx,282,0,30,10127.192,0.551
282,A,rx,283,0,30,10137.543,0.887
283,B,rx,284,0,30,10149.488,0.493
284,A,rx,285,0,30,10159.815,0.735
285,B,rx,286,0,30,10171.714,0.562
286,A,rx,287,0,30,10181.095,0.857
287,B,rx,288,0,30,10192.165,0.530
288,A,rx,289,0,30,10202.466,0.641
289,B,rx,290,0,30,10213.597,0.961
290,A,rx,291,0,30,10223.875,1.017
291,B,rx,292,0,30,10234.947,0.652
292,A,rx,293,0,30,10245.170,0.597
293,B,rx,294,0,30,10256.242,0.907
294,A,rx,295,0,30,10266.510,0.732
295,B,rx,296,0,30,10278.537,0.635
296,A,rx,297,0,30,10288.846,0.702
297,B,rx,298,0,30,10299.999,0.627
298,A,rx,299,0,30,10310.198,0.923
299,B,rx,300,0,30,10321.286,0.553
300,A,rx,301,0,30,10331.505,0.858
301,B,rx,302,0,30,10342.697,0.771
302,A,rx,303,0,30,10352.796,0.565
303,B,rx,304,0,30,10364.119,0.608
304,A,rx,305,0,30,10374.240,0.979
305,B,rx,306,0,30,10385.354,0.573
306,A,rx,307,0,30,10395.519,0.572
307,B,rx,308,0,30,10407.714,0.596
308,A,rx,309,0,30,10417.896,0.901
309,B,rx,310,0,30,10429.067,0.848
310,A,rx,311,0,30,10439.205,0.914
311,B,rx,312,0,30,10450.500,1.099
312,A,rx,313,0,30,10460.560,0.736
313,B,rx,314,0,30,10471.815,0.996
314,A,rx,315,0,30,10481.939,0.926
315,B,rx,316,0,30,10493.111,0.932
316,A,rx,317,0,30,10504.111,0.659
317,B,rx,318,0,30,10514.545,0.824
318,A,rx,319,0,30,10525.520,0.666
319,B,rx,320,0,30,10536.678,0.660
320,A,rx,321,0,30,10547.755,0.573
321,B,rx,322,0,30,10557.966,0.554
322,A,rx,323,0,30,10569.052,0.589
323,B,rx,324,0,30,10579.476,0.912
324,A,rx,325,0,30,10590.451,0.909
325,B,rx,326,0,30,10600.701,0.539
326,A,rx,327,0,30,10611.814,0.777
327,B,rx,328,0,30,10622.996,0.878
328,A,rx,329,0,30,10633.280,0.774
329,B,rx,330,0,30,10644.302,0.540
330,A,rx,331,0,30,10654.697,0.965
331,B,rx,332,0,30,10666.712,0.675
332,A,rx,333,0,30,10677.021,0.879
333,B,rx,334,0,30,10688.065,0.643
334,A,rx,335,0,30,10698.262,0.533
335,B,rx,336,0,30,10709.373,0.945
336,A,rx,337,0,30,10719.647,0.941
337,B,rx,338,0,30,10730.602,0.606
338,A,rx,339,0,30,10741.947,0.625
339,B,rx,340,0,30,10751.966,0.559
340,A,rx,341,0,30,10763.254,0.617
341,B,rx,342,0,30,10773.560,0.666
342,A,rx,343,0,30,10784.488,0.559
343,B,rx,344,0,30,10795.855,0.880
344,A,rx,345,0,30,10806.887,0.616
345,B,rx,346,0,30,10817.219,0.570
346,A,rx,347,0,30,10828.278,0.919
347,B,rx,348,0,30,10838.551,0.907
348,A,rx,349,0,30,10849.632,1.001
349,B,rx,350,0,30,10859.810,0.861
350,A,rx,351,0,30,10870.914,0.587
351,B,rx,352,0,30,10881.204,0.851
352,A,rx,354,0,30,10903.553,1.011
353,B,rx,355,0,30,10913.724,0.663
354,A,rx,356,0,30,10924.840,0.722
355,B,rx,357,0,30,10936.176,0.655
356,A,rx,358,0,30,10946.154,0.573
357,B,rx,359,0,30,10957.353,0.879
358,A,rx,360,0,30,10967.418,0.626
359,B,rx,361,0,30,10978.689,0.541
360,A,rx,362,0,30,10989.706,0.539
361,B,rx,363,0,30,11000.094,0.925
362,A,rx,364,0,30,11011.163,0.906
363,B,rx,365,0,30,11021.453,0.695
364,A,rx,366,0,30,11032.458,0.937
365,B,rx,367,0,30,11042.765,0.906
366,A,rx,368,0,30,11054.785,0.936
367,B,rx,369,0,30,11065.107,0.583
368,A,rx,370,0,30,11076.963,0.707
369,B,rx,371,0,30,11086.486,0.953
370,A,rx,372,0,30,11097.436,0.834
371,B,rx,373,0,30,11107.726,0.613
372,A,rx,374,0,30,11118.706,0.869
373,B,rx,375,0,30,11129.060,0.648
374,A,rx,376,0,30,11140.059,0.597
375,B,rx,377,0,30,11150.400,0.552
376,A,rx,378,0,30,11161.476,0.586
377,B,rx,379,0,30,11171.720,0.570
378,A,rx,380,0,30,11183.789,0.525
379,B,rx,381,0,30,11194.122,0.587
380,A,rx,382,0,30,11205.185,1.001
381,B,rx,383,0,30,11215.547,0.771
382,A,rx,384,0,30,11226.493,0.735
383,B,rx,385,0,30,11236.784,0.926
384,A,rx,386,0,30,11247.845,0.926
385,B,rx,387,0,30,11258.183,0.945
386,A,rx,388,0,30,11269.103,0.609
387,B,rx,389,0,30,11279.361,0.557
388,A,rx,390,0,30,11290.536,0.599
389,B,rx,391,0,30,11300.774,0.637
390,A,rx,392,0,30,11312.754,0.571
391,B,rx,393,0,30,11323.184,0.952
392,A,rx,394,0,30,11334.082,0.578
393,B,rx,395,0,30,11344.497,0.859
394,A,rx,396,0,30,11355.537,0.907
395,B,rx,397,0,30,11365.823,0.714
396,A,rx,398,0,30,11376.860,0.947
397,B,rx,399,0,30,11387.341,0.573
398,A,rx,400,0,30,11398.151,0.597
399,B,rx,401,0,30,11408.519,0.995
400,A,rx,402,0,30,11419.501,0.916
401,B,rx,403,0,30,11429.796,0.706
402,A,rx,404,0,30,11441.926,0.979
403,B,rx,405,0,30,11452.218,0.931
404,A,rx,406,0,30,11463.245,0.914
405,B,rx,407,0,30,11473.544,0.967
406,A,rx,408,0,30,11484.783,0.944
407,B,rx,409,0,30,11494.787,0.598
408,A,rx,410,0,30,11505.838,0.939
409,B,rx,411,0,30,11516.190,0.533
410,A,rx,412,0,30,11527.288,0.882
411,B,rx,413,0,30,11537.539,0.794
412,A,rx,414,0,30,11548.592,0.823
413,B,rx,415,0,30,11558.864,0.948
414,A,rx,416,0,30,11569.966,0.949
415,B,rx,417,0,30,11581.228,0.916
416,A,rx,418,0,30,11592.304,0.641
417,B,rx,419,0,30,11602.586,0.908
418,A,rx,420,0,30,11613.595,0.548
419,B,rx,421,0,30,11623.929,0.900
420,A,rx,422,0,30,11634.967,0.883
421,B,rx,423,0,30,11645.356,0.934
422,A,rx,424,0,30,11656.165,0.657
423,B,rx,425,0,30,11666.603,0.648
424,A,rx,426,0,30,11677.613,0.775
425,B,rx,427,0,30,11687.883,0.788
426,A,rx,428,0,30,11698.916,0.571
427,B,rx,429,0,30,11710.339,0.617
428,A,rx,430,0,30,11721.324,0.606
429,B,rx,431,0,30,11731.536,0.572
430,A,rx,432,0,30,11742.690,0.756
431,B,rx,433,0,30,11752.939,1.106
432,A,rx,434,0,30,11764.230,0.655
433,B,rx,435,0,30,11774.430,1.014
434,A,rx,436,0,30,11785.324,0.895
435,B,rx,437,0,30,11795.682,0.766
436,A,rx,438,0,30,11806.714,0.971
437,B,rx,439,0,30,11816.844,0.556
438,A,rx,440,0,30,11828.015,0.681
439,B,rx,441,0,30,11839.344,0.615
440,A,rx,442,0,30,11850.256,0.568
441,B,rx,443,0,30,11860.646,0.595
442,A,rx,444,0,30,11871.602,0.875
443,B,rx,445,0,30,11881.815,0.867
444,A,rx,446,0,30,11892.980,0.584
445,B,rx,447,0,30,11903.162,0.533
446,A,rx,449,0,30,11924.497,0.633
447,B,rx,450,0,30,11935.807,0.565
448,A,rx,451,0,30,11945.892,0.589
449,B,rx,452,0,30,11957.078,0.553
450,A,rx,453,0,30,11968.275,0.597
451,B,rx,454,0,30,11979.393,0.568
452,A,rx,455,0,30,11989.514,0.571
453,B,rx,456,0,30,12000.750,0.604
454,A,rx,457,0,30,12011.857,0.617
455,B,rx,458,0,30,12022.132,0.904
456,A,rx,459,0,30,12033.214,0.574
457,B,rx,460,0,30,12043.500,0.907
458,A,rx,461,0,30,12054.536,0.862
459,B,rx,462,0,30,12064.773,0.865
460,A,rx,463,0,30,12075.763,0.579
461,B,rx,464,0,30,12086.172,0.595
462,A,rx,465,0,30,12098.169,0.575
463,B,rx,466,0,30,12108.407,0.528
464,A,rx,467,0,30,12119.481,0.574
465,B,rx,468,0,30,12129.803,0.592
466,A,rx,469,0,30,12140.986,0.564
467,B,rx,470,0,30,12151.203,0.895
468,A,rx,471,0,30,12162.352,0.567
469,B,rx,472,0,30,12172.489,0.590
470,A,rx,473,0,30,12183.760,0.885
471,B,rx,474,0,30,12194.732,0.655
472,A,rx,475,0,30,12204.918,0.631
473,B,rx,476,0,30,12216.106,0.537
474,A,rx,477,0,30,12227.454,0.973
475,B,rx,478,0,30,12238.402,0.647
476,A,rx,479,0,30,12249.587,0.965
477,B,rx,480,0,30,12259.954,0.611
478,A,rx,481,0,30,12270.884,0.568
479,B,rx,482,0,30,12281.298,0.573
480,A,rx,483,0,30,12292.285,0.554
481,B,rx,484,0,30,12302.489,0.589
482,A,rx,485,0,30,12313.624,0.626
483,B,rx,486,0,30,12323.989,0.619
484,A,rx,487,0,30,12334.951,0.887
485,B,rx,488,0,30,12345.297,0.921
486,A,rx,489,0,30,12357.284,1.004
487,B,rx,490,0,30,12367.644,0.565
488,A,rx,491,0,30,12378.566,0.605
489,B,rx,492,0,30,12388.955,0.562
490,A,rx,493,0,30,12399.912,0.646
491,B,rx,494,0,30,12410.196,0.936
492,A,rx,495,0,30,12421.234,0.634
493,B,rx,496,0,30,12431.571,0.579
494,A,rx,497,0,30,12442.936,0.666
495,B,rx,498,0,30,12452.943,0.576
496,A,rx,499,0,30,12464.107,0.607
497,B,rx,500,0,30,12474.328,0.576
498,A,rx,501,0,30,12486.312,0.596
499,B,rx,502,0,30,12496.565,0.555
500,A,rx,503,0,30,12507.644,0.604
501,B,rx,504,0,30,12517.892,0.617
502,A,rx,505,0,30,12528.965,0.595
503,B,rx,506,0,30,12539.340,0.664
504,A,rx,507,0,30,12550.394,0.828
505,B,rx,508,0,30,12560.623,0.620
506,A,rx,509,0,30,12571.855,0.619
507,B,rx,510,0,30,12581.906,0.594
508,A,rx,511,0,30,12593.045,0.716
509,B,rx,512,0,30,12603.240,0.643
510,A,rx,513,0,30,12615.360,0.567
511,B,rx,514,0,30,12625.558,0.614
512,A,rx,515,0,30,12636.671,0.575
513,B,rx,516,0,30,12647.025,0.938
514,A,rx,517,0,30,12657.997,0.562
515,B,rx,518,0,30,12668.247,0.552
516,A,rx,519,0,30,12679.356,0.646
517,B,rx,520,0,30,12689.729,0.916
518,A,rx,521,0,30,12700.786,0.840
519,B,rx,522,0,30,12711.868,0.904
520,A,rx,523,0,30,12722.094,0.831
521,B,rx,524,0,30,12732.377,0.569
522,A,rx,525,0,30,12744.495,0.955
523,B,rx,526,0,30,12754.672,0.795
524,A,rx,527,0,30,12765.980,0.639
525,B,rx,528,0,30,12776.898,0.608
526,A,rx,529,0,30,12787.310,0.608
527,B,rx,530,0,30,12798.287,0.932
528,A,rx,531,0,30,12808.574,0.954
529,B,rx,532,0,30,12819.608,0.557
530,A,rx,533,0,30,12829.964,0.945
531,B,rx,534,0,30,12840.921,0.952
532,A,rx,535,0,30,12851.335,0.582
533,B,rx,536,0,30,12862.234,0.558
534,A,rx,537,0,30,12873.664,0.999
535,B,rx,538,0,30,12884.592,0.581
536,A,rx,539,0,30,12894.897,0.596
537,B,rx,540,0,30,12905.959,0.918
538,A,rx,541,0,30,12916.219,0.610
539,B,rx,542,0,30,12927.359,0.992
540,A,rx,543,0,30,12937.578,0.897
541,B,rx,544,0,30,12948.668,0.885
542,A,rx,545,0,30,12958.935,0.586
543,B,rx,546,0,30,12969.995,0.934
544,A,rx,547,0,30,12980.346,0.890
545,B,rx,548,0,30,12991.303,0.585
546,A,rx,549,0,30,13002.509,0.616
547,B,rx,550,0,30,13013.629,0.907
548,A,rx,551,0,30,13024.037,0.597
549,B,rx,552,0,30,13034.895,0.571
550,A,rx,553,0,30,13045.243,0.629
551,B,rx,554,0,30,13056.289,0.883
552,A,rx,555,0,30,13066.588,0.705
553,B,rx,556,0,30,13077.686,0.951
554,A,rx,557,0,30,13087.890,0.622
555,B,rx,558,0,30,13098.961,0.599
556,A,rx,559,0,30,13109.284,0.907
557,B,rx,560,0,30,13120.280,0.573
558,A,rx,561,0,30,13130.505,0.624
559,B,rx,562,0,30,13142.628,0.562
560,A,rx,563,0,30,13152.894,0.588
561,B,rx,564,0,30,13164.931,0.618
562,A,rx,565,0,30,13175.117,0.619
563,B,rx,566,0,30,13185.445,0.585
564,A,rx,567,0,30,13196.413,0.593
565,B,rx,568,0,30,13206.762,0.621
566,A,rx,569,0,30,13217.795,0.664
567,B,rx,570,0,30,13228.203,0.910
568,A,rx,571,0,30,13239.707,0.979
569,B,rx,572,0,30,13249.492,0.894
570,A,rx,573,0,30,13260.498,0.907
571,B,rx,574,0,30,13271.759,0.574
572,A,rx,575,0,30,13282.893,0.700
573,B,rx,576,0,30,13293.203,0.605
574,A,rx,577,0,30,13304.123,0.876
575,B,rx,578,0,30,13314.505,0.632
576,A,rx,579,0,30,13325.578,0.571
577,B,rx,580,0,30,13335.870,0.882
578,A,rx,581,0,30,13346.936,0.906
579,B,rx,582,0,30,13357.160,0.853
580,A,rx,583,0,30,13368.239,0.632
581,B,rx,584,0,30,13378.514,0.893
582,A,rx,585,0,30,13389.511,0.761
583,B,rx,586,0,30,13400.780,0.881
584,A,rx,587,0,30,13411.914,0.614
585,B,rx,588,0,30,13422.194,0.563
586,A,rx,589,0,30,13433.189,0.582
587,B,rx,590,0,30,13443.599,0.922
588,A,rx,591,0,30,13454.519,0.626
589,B,rx,592,0,30,13464.840,0.595
590,A,rx,593,0,30,13475.851,0.561
591,B,rx,594,0,30,13486.101,0.531
592,A,rx,595,0,30,13497.197,0.591
593,B,rx,596,0,30,13507.395,0.587
594,A,rx,597,0,30,13518.588,0.539
595,B,rx,598,0,30,13529.897,0.956
596,A,rx,599,0,30,13540.868,0.867
597,B,rx,600,0,30,13551.208,0.601
598,A,rx,601,0,30,13562.285,0.948
599,B,rx,602,0,30,13572.604,0.810
600,A,rx,603,0,30,13583.531,0.872
601,B,rx,604,0,30,13593.910,0.914
602,A,rx,605,0,30,13604.939,0.645
603,B,rx,606,0,30,13615.283,0.970
604,A,rx,607,0,30,13626.377,0.947
605,B,rx,608,0,30,13636.537,0.937
606,A,rx,609,0,30,13647.632,0.731
607,B,rx,610,0,30,13658.925,0.922
608,A,rx,611,0,30,13670.037,0.669
609,B,rx,612,0,30,13680.269,0.560
610,A,rx,613,0,30,13691.250,0.955
611,B,rx,614,0,30,13701.567,0.762
612,A,rx,615,0,30,13712.565,0.611
613,B,rx,616,0,30,13722.924,0.903
614,A,rx,617,0,30,13733.951,0.786
615,B,rx,618,0,30,13744.209,0.585
616,A,rx,620,0,30,13765.590,0.646
617,B,rx,621,0,30,13776.685,0.580
618,A,rx,622,0,30,13787.984,0.517
619,B,rx,623,0,30,13799.123,0.697
620,A,rx,624,0,30,13810.176,0.600
621,B,rx,625,0,30,13820.529,0.894
622,A,rx,626,0,30,13831.488,0.657
623,B,rx,627,0,30,13841.760,0.531
624,A,rx,628,0,30,13852.904,0.936
625,B,rx,629,0,30,13863.129,0.556
626,A,rx,630,0,30,13874.106,0.580
627,B,rx,631,0,30,13884.571,0.897
628,A,rx,632,0,30,13895.551,0.935
629,B,rx,633,0,30,13905.765,0.727
630,A,rx,634,0,30,13917.789,0.946
631,B,rx,635,0,30,13928.205,0.944
632,A,rx,636,0,30,13939.161,0.601
633,B,rx,637,0,30,13949.458,0.856
634,A,rx,638,0,30,13960.496,0.626
635,B,rx,639,0,30,13970.907,0.581
636,A,rx,640,0,30,13981.857,0.896
637,B,rx,641,0,30,13992.245,0.863
638,A,rx,642,0,30,14003.246,0.589
639,B,rx,643,0,30,14013.518,0.875
640,A,rx,644,0,30,14024.534,0.589
641,B,rx,645,0,30,14034.864,0.535
642,A,rx,646,0,30,14046.853,0.942
643,B,rx,647,0,30,14057.197,0.889
644,A,rx,648,0,30,14068.191,0.555
645,B,rx,649,0,30,14078.667,0.727
646,A,rx,650,0,30,14089.499,0.593
647,B,rx,651,0,30,14099.866,0.590
648,A,rx,652,0,30,14110.981,0.915
649,B,rx,653,0,30,14121.176,0.883
650,A,rx,654,0,30,14132.289,0.979
651,B,rx,655,0,30,14142.517,0.594
652,A,rx,656,0,30,14153.772,0.823
653,B,rx,657,0,30,14164.692,0.613
654,A,rx,658,0,30,14176.127,0.911
655,B,rx,659,0,30,14187.146,0.854
656,A,rx,660,0,30,14197.525,0.617
657,B,rx,661,0,30,14208.366,0.922
658,A,rx,662,0,30,14218.971,0.757
659,B,rx,663,0,30,14229.798,0.585
660,A,rx,664,0,30,14240.214,0.565
661,B,rx,665,0,30,14251.166,0.924
662,A,rx,666,0,30,14261.455,0.945
663,B,rx,667,0,30,14272.492,0.849
664,A,rx,668,0,30,14282.685,0.889
665,B,rx,669,0,30,14293.810,0.595
666,A,rx,670,0,30,14305.134,0.584
667,B,rx,671,0,30,14316.184,0.590
668,A,rx,672,0,30,14327.442,0.665
669,B,rx,673,0,30,14337.471,0.551
670,A,rx,674,0,30,14347.797,1.002
671,B,rx,675,0,30,14358.818,0.843
672,A,rx,676,0,30,14369.061,0.606
673,B,rx,677,0,30,14380.171,0.966
674,A,rx,678,0,30,14390.465,0.662
675,B,rx,679,0,30,14401.497,0.612
676,A,rx,680,0,30,14411.725,0.939
677,B,rx,681,0,30,14422.876,0.917
678,A,rx,682,0,30,14434.213,0.954
679,B,rx,683,0,30,14445.180,0.587
680,A,rx,684,0,30,14455.324,0.560
681,B,rx,685,0,30,14466.468,0.605
682,A,rx,686,0,30,14476.795,0.727
683,B,rx,687,0,30,14487.823,0.527
684,A,rx,688,0,30,14498.084,0.587
685,B,rx,689,0,30,14509.174,0.682
686,A,rx,690,0,30,14519.442,0.608
687,B,rx,691,0,30,14530.486,0.922
688,A,rx,692,0,30,14540.821,0.912
689,B,rx,693,0,30,14551.837,0.562
690,A,rx,694,0,30,14563.207,0.590
691,B,rx,695,0,30,14574.219,0.924
692,A,rx,696,0,30,14584.464,0.564
693,B,rx,697,0,30,14595.538,0.900
694,A,rx,698,0,30,14605.792,0.635
695,B,rx,699,0,30,14616.907,0.640
696,A,rx,700,0,30,14627.220,0.952
697,B,rx,701,0,30,14638.208,0.575
698,A,rx,702,0,30,14648.517,0.653
699,B,rx,703,0,30,14659.615,0.556
700,A,rx,704,0,30,14669.990,0.895
701,B,rx,705,0,30,14681.047,0.582
702,A,rx,706,0,30,14691.199,0.925
703,B,rx,707,0,30,14703.255,0.857
704,A,rx,708,0,30,14713.489,0.926
705,B,rx,709,0,30,14724.633,0.817
706,A,rx,710,0,30,14734.836,0.833
707,B,rx,711,0,30,14745.983,0.973
708,A,rx,712,0,30,14756.206,0.874
709,B,rx,713,0,30,14767.263,0.649
710,A,rx,714,0,30,14777.538,0.669
711,B,rx,715,0,30,14788.640,0.780
712,A,rx,716,0,30,14798.965,0.933
713,B,rx,718,0,30,14821.141,0.654
714,A,rx,720,0,30,14842.520,0.844
715,B,rx,721,0,30,14853.951,0.661
716,A,rx,722,0,30,14864.813,0.592
717,B,rx,723,0,30,14875.025,0.586
718,A,rx,724,0,30,14885.206,0.964
719,B,rx,725,0,30,14896.464,0.910
720,A,rx,726,0,30,14906.563,0.839
721,B,rx,727,0,30,14917.814,0.775
722,A,rx,728,0,30,14928.100,0.606
723,B,rx,729,0,30,14939.242,0.626
724,A,rx,730,0,30,14950.355,0.921
725,B,rx,731,0,30,14961.432,0.586
726,A,rx,732,0,30,14971.510,0.559
727,B,rx,733,0,30,14982.833,0.599
728,A,rx,734,0,30,14992.819,0.585
729,B,rx,735,0,30,15004.173,0.886
730,A,rx,736,0,30,15014.274,0.928
731,B,rx,737,0,30,15025.523,0.911
732,A,rx,738,0,30,15035.568,0.607
733,B,rx,739,0,30,15046.817,0.921
734,A,rx,740,0,30,15057.760,0.880
735,B,rx,741,0,30,15068.162,0.708
736,A,rx,742,0,30,15079.101,0.605
737,B,rx,743,0,30,15090.399,0.664
738,A,rx,744,0,30,15101.581,0.868
739,B,rx,745,0,30,15111.806,0.917
740,A,rx,746,0,30,15122.866,0.659
741,B,rx,747,0,30,15133.063,0.573
742,A,rx,748,0,30,15144.092,0.690
743,B,rx,749,0,30,15154.390,0.573
744,A,rx,750,0,30,15165.635,0.832
745,B,rx,751,0,30,15176.737,0.952
746,A,rx,752,0,30,15186.966,0.586
747,B,rx,753,0,30,15197.959,0.587
748,A,rx,754,0,30,15208.364,0.565
749,B,rx,755,0,30,15220.312,0.876
750,A,rx,756,0,30,15230.704,0.612
751,B,rx,757,0,30,15241.745,0.603
752,A,rx,758,0,30,15251.995,0.664
753,B,rx,759,0,30,15263.029,0.940
754,A,rx,760,0,30,15273.318,0.633
755,B,rx,761,0,30,15284.382,0.966
756,A,rx,762,0,30,15294.617,0.661
757,B,rx,763,0,30,15305.666,0.618
758,A,rx,764,0,30,15315.993,0.671
759,B,rx,765,0,30,15327.063,0.992
760,A,rx,766,0,30,15337.269,0.567
761,B,rx,767,0,30,15349.406,0.584
762,A,rx,768,0,30,15359.656,0.922
763,B,rx,769,0,30,15370.724,0.917
764,A,rx,770,0,30,15380.995,0.622
765,B,rx,771,0,30,15392.130,0.907
766,A,rx,772,0,30,15402.322,0.840
767,B,rx,773,0,30,15413.465,0.969
768,A,rx,774,0,30,15423.696,0.575
769,B,rx,775,0,30,15434.763,0.555
770,A,rx,776,0,30,15445.014,0.634
771,B,rx,777,0,30,15456.040,0.655
772,A,rx,778,0,30,15466.336,0.530
773,B,rx,779,0,30,15478.319,0.603
774,A,rx,780,0,30,15488.679,0.858
775,B,rx,781,0,30,15499.821,0.604
776,A,rx,782,0,30,15510.056,0.589
777,B,rx,783,0,30,15521.077,0.542
778,A,rx,784,0,30,15531.450,1.005
779,B,rx,785,0,30,15542.358,0.575
780,A,rx,786,0,30,15552.709,0.591
781,B,rx,787,0,30,15563.839,0.593
782,A,rx,788,0,30,15574.906,0.622
783,B,rx,789,0,30,15585.177,0.599
784,A,rx,790,0,30,15596.216,0.581
785,B,rx,791,0,30,15607.540,0.692
786,A,rx,792,0,30,15618.607,0.584
787,B,rx,793,0,30,15628.908,0.598
788,A,rx,794,0,30,15639.987,0.571
789,B,rx,795,0,30,15650.202,0.581
790,A,rx,796,0,30,15661.266,0.936
791,B,rx,797,0,30,15671.479,0.517
792,A,rx,798,0,30,15682.596,0.563
793,B,rx,799,0,30,15692.998,0.917
794,A,rx,800,0,30,15703.996,0.816
795,B,rx,801,0,30,15714.195,0.568
796,A,rx,802,0,30,15725.635,0.594
797,B,rx,803,0,30,15737.468,0.511
798,A,rx,804,0,30,15747.832,0.577
799,B,rx,805,0,30,15758.933,0.917
800,A,rx,806,0,30,15769.153,0.686
801,B,rx,807,0,30,15780.392,0.791
802,A,rx,808,0,30,15790.562,0.653
803,B,rx,809,0,30,15801.502,1.027
804,A,rx,810,0,30,15811.769,0.599
805,B,rx,811,0,30,15822.882,0.542
806,A,rx,812,0,30,15833.138,0.646
807,B,rx,813,0,30,15844.193,0.615
808,A,rx,814,0,30,15854.406,0.622
809,B,rx,815,0,30,15866.629,0.608
810,A,rx,816,0,30,15876.928,0.622
811,B,rx,817,0,30,15887.874,0.940
812,A,rx,818,0,30,15898.236,0.873
813,B,rx,819,0,30,15909.262,0.963
814,A,rx,820,0,30,15919.411,0.572
815,B,rx,821,0,30,15930.488,0.798
816,A,rx,822,0,30,15940.823,0.639
817,B,rx,823,0,30,15951.831,0.603
818,A,rx,824,0,30,15962.143,0.594
819,B,rx,825,0,30,15973.195,0.657
820,A,rx,826,0,30,15983.558,0.922
821,B,rx,827,0,30,15995.573,0.624
822,A,rx,828,0,30,16005.870,0.961
823,B,rx,829,0,30,16016.883,0.714
824,A,rx,830,0,30,16027.675,0.951
825,B,rx,831,0,30,16038.302,0.890
826,A,rx,832,0,30,16048.645,0.593
827,B,rx,833,0,30,16059.669,0.630
828,A,rx,834,0,30,16069.793,0.870
829,B,rx,835,0,30,16080.901,0.893
830,A,rx,836,0,30,16091.129,0.602
831,B,rx,837,0,30,16102.236,0.537
832,A,rx,838,0,30,16112.501,0.590
833,B,rx,839,0,30,16124.715,0.625
834,A,rx,840,0,30,16135.114,0.687
835,B,rx,841,0,30,16146.132,0.954
836,A,rx,842,0,30,16156.337,0.896
837,B,rx,843,0,30,16167.325,0.598
838,A,rx,844,0,30,16177.629,0.614
839,B,rx,845,0,30,16188.635,0.554
840,A,rx,846,0,30,16198.983,0.653
841,B,rx,847,0,30,16210.034,0.955
842,A,rx,848,0,30,16220.347,1.004
843,B,rx,849,0,30,16231.347,0.548
844,A,rx,850,0,30,16241.610,0.899
845,B,rx,851,0,30,16253.840,0.931
846,A,rx,852,0,30,16263.996,0.732
847,B,rx,853,0,30,16275.013,1.056
848,A,rx,854,0,30,16285.349,0.898
849,B,rx,855,0,30,16296.370,0.969
850,A,rx,856,0,30,16306.611,0.938
851,B,rx,857,0,30,16317.808,0.899
852,A,rx,858,0,30,16327.952,0.665
853,B,rx,859,0,30,16339.092,0.626
854,A,rx,860,0,30,16350.086,0.586
855,B,rx,861,0,30,16360.408,0.592
856,A,rx,862,0,30,16371.451,0.648
857,B,rx,863,0,30,16381.696,0.594
858,A,rx,864,0,30,16393.796,0.606
859,B,rx,865,0,30,16404.069,0.560
860,A,rx,866,0,30,16415.168,0.917
861,B,rx,867,0,30,16425.441,0.574
862,A,rx,868,0,30,16436.523,0.854
863,B,rx,869,0,30,16446.828,0.922
864,A,rx,870,0,30,16457.845,0.928
865,B,rx,871,0,30,16468.327,0.902
866,A,rx,872,0,30,16479.197,0.914
867,B,rx,873,0,30,16489.429,0.834
868,A,rx,874,0,30,16500.556,0.906
869,B,rx,875,0,30,16510.861,0.920
870,A,rx,876,0,30,16522.918,0.911
871,B,rx,877,0,30,16533.196,1.043
872,A,rx,878,0,30,16544.292,0.635
873,B,rx,879,0,30,16554.456,0.551
874,A,rx,880,0,30,16565.487,0.543
875,B,rx,881,0,30,16575.843,0.601
876,A,rx,882,0,30,16586.909,0.555
877,B,rx,883,0,30,16597.246,0.894
878,A,rx,884,0,30,16608.238,0.604
879,B,rx,885,0,30,16618.570,0.936
880,A,rx,886,0,30,16629.467,0.613
881,B,rx,887,0,30,16639.783,0.698
882,A,rx,888,0,30,16651.877,0.610
883,B,rx,889,0,30,16662.182,0.613
884,A,rx,890,0,30,16673.258,0.869
885,B,rx,891,0,30,16683.458,0.611
886,A,rx,892,0,30,16694.512,0.571
887,B,rx,893,0,30,16704.876,0.726
888,A,rx,894,0,30,16715.831,0.669
889,B,rx,895,0,30,16726.180,0.567
890,A,rx,896,0,30,16737.210,0.639
891,B,rx,897,0,30,16747.429,0.589
892,A,rx,898,0,30,16758.588,0.604
893,B,rx,899,0,30,16768.926,0.914
894,A,rx,900,0,30,16780.994,0.966
895,B,rx,901,0,30,16791.389,0.629
896,A,rx,902,0,30,16802.235,0.936
897,B,rx,903,0,30,16812.626,0.625
898,A,rx,904,0,30,16823.703,0.574
899,B,rx,905,0,30,16834.787,0.963
900,A,rx,906,0,30,16845.106,0.878
901,B,rx,907,0,30,16856.061,0.612
902,A,rx,908,0,30,16866.393,0.942
903,B,rx,909,0,30,16877.451,0.576
904,A,rx,910,0,30,16887.757,0.865
905,B,rx,911,0,30,16898.770,0.752
906,A,rx,912,0,30,16910.140,0.962
907,B,rx,913,0,30,16921.138,0.921
908,A,rx,914,0,30,16931.458,0.581
909,B,rx,915,0,30,16942.577,0.595
910,A,rx,916,0,30,16952.843,0.565
911,B,rx,917,0,30,16963.875,0.592
912,A,rx,918,0,30,16974.037,0.592
913,B,rx,919,0,30,16985.192,0.936
914,A,rx,920,0,30,16995.500,0.599
915,B,rx,921,0,30,17006.487,0.823
916,A,rx,922,0,30,17016.792,0.681
917,B,rx,923,0,30,17028.990,0.586
918,A,rx,924,0,30,17039.203,0.917
919,B,rx,925,0,30,17050.209,0.542
920,A,rx,926,0,30,17060.424,0.602
921,B,rx,927,0,30,17071.556,0.584
922,A,rx,928,0,30,17081.808,0.625
923,B,rx,929,0,30,17092.861,0.625
924,A,rx,930,0,30,17103.502,0.532
925,B,rx,931,0,30,17114.246,0.613
926,A,rx,932,0,30,17124.502,0.526
927,B,rx,933,0,30,17135.489,1.038
928,A,rx,934,0,30,17145.868,0.708
929,B,rx,935,0,30,17156.906,0.810
930,A,rx,936,0,30,17168.192,0.640
931,B,rx,937,0,30,17179.104,0.575
932,A,rx,938,0,30,17189.438,0.604
933,B,rx,939,0,30,17200.618,0.595
934,A,rx,940,0,30,17210.779,0.576
935,B,rx,941,0,30,17222.045,0.633
936,A,rx,942,0,30,17233.047,0.600
937,B,rx,943,0,30,17243.380,0.644
938,A,rx,944,0,30,17253.440,0.485
939,B,rx,945,0,30,17264.703,0.625
940,A,rx,946,0,30,17275.772,0.982
941,B,rx,947,0,30,17286.075,0.578
942,A,rx,948,0,30,17298.147,0.612
943,B,rx,949,0,30,17308.588,0.661
944,A,rx,950,0,30,17319.449,0.601
945,B,rx,951,0,30,17329.767,0.613
946,A,rx,952,0,30,17340.780,0.558
947,B,rx,953,0,30,17351.183,0.629
948,A,rx,954,0,30,17362.111,0.920
949,B,rx,955,0,30,17372.417,0.895
950,A,rx,956,0,30,17383.546,0.631
951,B,rx,957,0,30,17393.753,0.562
952,A,rx,958,0,30,17404.769,0.543
953,B,rx,959,0,30,17415.041,0.611
954,A,rx,960,0,30,17427.058,0.583
955,B,rx,961,0,30,17437.424,0.875
956,A,rx,962,0,30,17448.483,0.613
957,B,rx,963,0,30,17458.728,0.630
958,A,rx,964,0,30,17469.884,0.955
959,B,rx,965,0,30,17480.160,0.844
960,A,rx,966,0,30,17491.347,0.606
961,B,rx,967,0,30,17501.421,0.966
962,A,rx,968,0,30,17512.453,0.580
963,B,rx,969,0,30,17522.771,0.554
964,A,rx,970,0,30,17533.790,0.600
965,B,rx,971,0,30,17544.084,0.565
966,A,rx,972,0,30,17556.150,0.874
967,B,rx,973,0,30,17566.341,0.533
968,A,rx,974,0,30,17577.396,0.518
969,B,rx,975,0,30,17587.706,0.627
970,A,rx,976,0,30,17598.823,0.615
971,B,rx,977,0,30,17609.063,0.572
972,A,rx,978,0,30,17620.098,0.650
973,B,rx,979,0,30,17630.480,0.948
974,A,rx,980,0,30,17641.502,1.003
975,B,rx,981,0,30,17651.836,0.718
976,A,rx,982,0,30,17662.836,0.937
977,B,rx,983,0,30,17674.059,0.560
978,A,rx,984,0,30,17685.393,0.932
979,B,rx,985,0,30,17696.400,0.968
980,A,rx,986,0,30,17707.586,0.947
981,B,rx,987,0,30,17718.695,0.603
982,A,rx,988,0,30,17728.930,0.957
983,B,rx,989,0,30,17739.150,0.922
984,A,rx,990,0,30,17750.127,0.591
985,B,rx,991,0,30,17760.483,0.902
986,A,rx,992,0,30,17771.553,0.914
987,B,rx,993,0,30,17781.880,0.785
988,A,rx,994,0,30,17792.869,0.916
989,B,rx,995,0,30,17803.270,0.948
990,A,rx,996,0,30,17815.287,1.008
991,B,rx,997,0,30,17825.592,0.978
992,A,rx,998,0,30,17836.634,0.782
993,B,rx,999,0,30,17846.901,0.928
994,A,rx,1000,0,30,18198.575,0.628
995,B,rx,1001,0,30,18210.439,0.963
996,A,rx,1002,0,30,18220.833,0.663
997,B,rx,1003,0,30,18230.936,0.959
998,A,rx,1004,0,30,18241.955,0.907
999,B,rx,1005,0,30,18252.317,0.563
1000,A,rx,1006,0,30,18263.376,0.889
1001,B,rx,1007,0,30,18273.574,0.889
1002,A,rx,1008,0,30,18284.548,0.566
1003,B,rx,1009,0,30,18294.821,0.857
1004,A,rx,1010,0,30,18307.269,0.945
1005,B,rx,1011,0,30,18316.257,0.632
1006,A,rx,1012,0,30,18327.265,0.929
1007,B,rx,1013,0,30,18338.661,0.564
1008,A,rx,1014,0,30,18348.793,0.641
1009,B,rx,1015,0,30,18359.856,0.726
1010,A,rx,1016,0,30,18370.206,0.982
1011,B,rx,1017,0,30,18381.282,0.916
1012,A,rx,1018,0,30,18391.477,0.567
1013,B,rx,1019,0,30,18401.628,0.876
1014,A,rx,1020,0,30,18412.710,0.776
1015,B,rx,1021,0,30,18422.978,0.633
1016,A,rx,1022,0,30,18434.035,0.909
1017,B,rx,1023,0,30,18444.278,0.654
1018,A,rx,1024,0,30,18454.362,0.913
1019,B,rx,1025,0,30,18466.482,0.983
1020,A,rx,1026,0,30,18476.819,0.557
1021,B,rx,1027,0,30,18487.925,0.977
1022,A,rx,1028,0,30,18498.153,0.977
1023,B,rx,1029,0,30,18509.216,0.973
1024,A,rx,1030,0,30,18519.514,0.636
1025,B,rx,1031,0,30,18530.422,0.925
1026,A,rx,1032,0,30,18540.765,1.275
1027,B,rx,1033,0,30,18550.919,0.719
1028,A,rx,1034,0,30,18562.005,0.580
1029,B,rx,1035,0,30,18572.304,0.612
1030,A,rx,1036,0,30,18583.244,0.616
1031,B,rx,1037,0,30,18594.599,0.611
1032,A,rx,1038,0,30,18604.767,0.670
1033,B,rx,1039,0,30,18615.839,0.684
1034,A,rx,1040,0,30,18626.065,0.605
1035,B,rx,1041,0,30,18637.122,0.939
1036,A,rx,1042,0,30,18647.478,0.620
1037,B,rx,1043,0,30,18657.649,0.874
1038,A,rx,1044,0,30,18668.720,0.957
1039,B,rx,1045,0,30,18678.941,0.543
1040,A,rx,1046,0,30,18690.035,0.588
1041,B,rx,1047,0,30,18700.311,0.945
1042,A,rx,1048,0,30,18711.374,0.920
1043,B,rx,1049,0,30,18721.566,0.510
1044,A,rx,1050,0,30,18732.972,0.656
1045,B,rx,1051,0,30,18743.941,0.628
1046,A,rx,1052,0,30,18754.245,0.571
1047,B,rx,1053,0,30,18765.196,0.624
1048,A,rx,1054,0,30,18775.415,0.868
1049,B,rx,1055,0,30,18786.473,0.937
1050,A,rx,1056,0,30,18796.817,0.603
1051,B,rx,1057,0,30,18807.910,0.851
1052,A,rx,1058,0,30,18818.172,0.543
1053,B,rx,1059,0,30,18829.296,0.917
1054,A,rx,1060,0,30,18839.373,0.896
1055,B,rx,1061,0,30,18849.889,0.959
1056,A,rx,1062,0,30,18861.723,0.568
1057,B,rx,1063,0,30,18872.060,0.919
1058,A,rx,1064,0,30,18883.167,0.956
1059,B,rx,1065,0,30,18893.353,0.904
1060,A,rx,1066,0,30,18903.571,0.847
1061,B,rx,1067,0,30,18914.569,0.949
1062,A,rx,1068,0,30,18924.922,0.541
1063,B,rx,1069,0,30,18936.002,0.946
1064,A,rx,1070,0,30,18946.188,0.853
1065,B,rx,1071,0,30,18956.320,0.525
1066,A,rx,1072,0,30,18967.341,0.634
1067,B,rx,1073,0,30,18977.681,0.623
1068,A,rx,1074,0,30,18989.731,0.972
1069,B,rx,1075,0,30,19000.047,0.678
1070,A,rx,1076,0,30,19011.152,0.577
1071,B,rx,1077,0,30,19021.478,0.640
1072,A,rx,1078,0,30,19031.440,0.622
1073,B,rx,1079,0,30,19042.527,0.931
1074,A,rx,1080,0,30,19052.910,0.649
1075,B,rx,1081,0,30,19063.946,0.588
1076,A,rx,1082,0,30,19074.217,0.926
1077,B,rx,1083,0,30,19084.377,0.869
1078,A,rx,1084,0,30,19095.342,0.963
1079,B,rx,1085,0,30,19105.714,0.949
1080,A,rx,1086,0,30,19117.729,0.656
1081,B,rx,1087,0,30,19128.129,0.614
1082,A,rx,1088,0,30,19139.030,0.921
1083,B,rx,1089,0,30,19149.327,0.932
1084,A,rx,1090,0,30,19159.482,0.840
1085,B,rx,1091,0,30,19170.633,0.936
1086,A,rx,1092,0,30,19180.946,0.586
1087,B,rx,1093,0,30,19191.872,0.712
1088,A,rx,1094,0,30,19202.268,0.906
1089,B,rx,1095,0,30,19212.376,0.569
1090,A,rx,1096,0,30,19223.558,1.001
1091,B,rx,1097,0,30,19233.716,0.724
1092,A,rx,1098,0,30,19245.925,0.640
1093,B,rx,1099,0,30,19256.054,0.612
1094,A,rx,1100,0,30,19267.106,0.597
1095,B,rx,1101,0,30,19277.281,0.544
1096,A,rx,1102,0,30,19287.513,0.615
1097,B,rx,1103,0,30,19298.524,0.603
1098,A,rx,1104,0,30,19308.775,0.581
1099,B,rx,1105,0,30,19319.865,0.549
1100,A,rx,1106,0,30,19330.174,0.551
1101,B,rx,1107,0,30,19341.344,0.594
1102,A,rx,1108,0,30,19352.635,0.613
1103,B,rx,1109,0,30,19362.616,0.887
1104,A,rx,1110,0,30,19372.934,0.653
1105,B,rx,1111,0,30,19384.990,0.923
1106,A,rx,1112,0,30,19395.209,0.554
1107,B,rx,1113,0,30,19406.228,0.624
1108,A,rx,1114,0,30,19416.466,0.949
1109,B,rx,1115,0,30,19426.822,0.684
1110,A,rx,1116,0,30,19437.718,0.904
1111,B,rx,1117,0,30,19448.161,0.615
1112,A,rx,1118,0,30,19459.230,0.920
1113,B,rx,1119,0,30,19469.498,0.921
1114,A,rx,1120,0,30,19479.524,0.587
1115,B,rx,1121,0,30,19490.652,0.990
1116,A,rx,1122,0,30,19500.899,1.074
1117,B,rx,1123,0,30,19513.016,1.129
1118,A,rx,1124,0,30,19523.425,1.020
1119,B,rx,1125,0,30,19534.390,1.013
1120,A,rx,1126,0,30,19544.506,0.574
1121,B,rx,1127,0,30,19556.146,0.639
1122,A,rx,1128,0,30,19565.903,0.662
1123,B,rx,1129,0,30,19576.987,0.650
1124,A,rx,1130,0,30,19587.390,0.571
1125,B,rx,1131,0,30,19597.390,0.566
1126,A,rx,1132,0,30,19608.384,0.599
1127,B,rx,1133,0,30,19618.855,1.121
1128,A,rx,1134,0,30,19629.883,1.071
1129,B,rx,1135,0,30,19641.215,0.696
1130,A,rx,1136,0,30,19651.429,1.038
1131,B,rx,1137,0,30,19662.446,0.941
1132,A,rx,1138,0,30,19672.609,0.554
1133,B,rx,1139,0,30,19683.612,0.884
1134,A,rx,1140,0,30,19693.989,0.931
1135,B,rx,1141,0,30,19704.978,0.557
1136,A,rx,1142,0,30,19715.354,0.625
1137,B,rx,1143,0,30,19726.315,0.530
1138,A,rx,1144,0,30,19736.520,0.660
1139,B,rx,1145,0,30,19746.852,0.582
1140,A,rx,1146,0,30,19757.865,0.501
1141,B,rx,1147,0,30,19769.198,0.915
1142,A,rx,1148,0,30,19780.181,0.927
1143,B,rx,1149,0,30,19790.489,0.603
1144,A,rx,1150,0,30,19800.511,0.555
1145,B,rx,1151,0,30,19811.674,0.543
1146,A,rx,1152,0,30,19822.026,0.588
1147,B,rx,1153,0,30,19833.047,0.602
1148,A,rx,1154,0,30,19843.305,0.544
1149,B,rx,1155,0,30,19853.432,0.657
1150,A,rx,1156,0,30,19864.507,0.622
1151,B,rx,1157,0,30,19874.852,0.888
1152,A,rx,1158,0,30,19885.862,0.959
1153,B,rx,1159,0,30,19897.205,0.941
1154,A,rx,1160,0,30,19907.330,0.610
1155,B,rx,1161,0,30,19918.332,0.575
1156,A,rx,1162,0,30,19928.593,0.541
1157,B,rx,1163,0,30,19939.665,0.893
1158,A,rx,1164,0,30,19950.023,0.578
1159,B,rx,1165,0,30,19960.138,0.850
1160,A,rx,1166,0,30,19971.176,0.614
1161,B,rx,1167,0,30,19981.514,0.548
1162,A,rx,1168,0,30,19992.491,0.946
1163,B,rx,1169,0,30,20002.877,0.976
1164,A,rx,1170,0,30,20012.974,0.613
1165,B,rx,1171,0,30,20025.047,0.648
1166,A,rx,1172,0,30,20035.386,0.641
1167,B,rx,1173,0,30,20046.377,0.952
1168,A,rx,1174,0,30,20056.684,0.747
1169,B,rx,1175,0,30,20067.688,0.574
1170,A,rx,1176,0,30,20077.974,0.648
1171,B,rx,1177,0,30,20089.065,0.607
1172,A,rx,1178,0,30,20099.203,0.590
1173,B,rx,1179,0,30,20109.377,0.528
1174,A,rx,1180,0,30,20120.538,0.600
1175,B,rx,1181,0,30,20130.961,0.967
1176,A,rx,1182,0,30,20141.826,0.664
1177,B,rx,1183,0,30,20152.124,0.586
1178,A,rx,1184,0,30,20164.232,0.683
1179,B,rx,1185,0,30,20174.340,0.541
1180,A,rx,1186,0,30,20184.672,0.895
1181,B,rx,1187,0,30,20195.669,0.579
1182,A,rx,1188,0,30,20206.088,0.640
1183,B,rx,1189,0,30,20216.237,0.616
1184,A,rx,1190,0,30,20227.147,0.613
1185,B,rx,1191,0,30,20237.383,0.581
1186,A,rx,1192,0,30,20248.500,0.615
1187,B,rx,1193,0,30,20258.838,0.907
1188,A,rx,1194,0,30,20269.100,0.644
1189,B,rx,1195,0,30,20280.224,0.753
1190,A,rx,1196,0,30,20292.406,0.592
1191,B,rx,1197,0,30,20302.410,0.941
1192,A,rx,1198,0,30,20312.691,0.883
1193,B,rx,1199,0,30,20322.940,0.600
1194,A,rx,1200,0,30,20333.968,0.677
1195,B,rx,1201,0,30,20344.141,0.631
1196,A,rx,1202,0,30,20355.254,0.966
1197,B,rx,1203,0,30,20365.585,0.596
1198,A,rx,1204,0,30,20375.713,0.905
1199,B,rx,1205,0,30,20386.725,0.590
1200,A,rx,1206,0,30,20397.054,1.149
1201,B,rx,1207,0,30,20408.148,1.096
1202,A,rx,1208,0,30,20419.361,1.118
1203,B,rx,1209,0,30,20430.393,0.932
1204,A,rx,1210,0,30,20440.566,0.546
1205,B,rx,1211,0,30,20450.850,0.587
1206,A,rx,1212,0,30,20461.876,0.592
1207,B,rx,1213,0,30,20472.244,0.601
1208,A,rx,1214,0,30,20483.235,0.698
1209,B,rx,1215,0,30,20493.577,0.932
1210,A,rx,1216,0,30,20503.722,0.998
1211,B,rx,1217,0,30,20514.760,0.725
1212,A,rx,1218,0,30,20525.065,0.886
1213,B,rx,1219,0,30,20536.021,0.946
1214,A,rx,1220,0,30,20547.477,0.932
1215,B,rx,1221,0,30,20557.533,0.561
1216,A,rx,1222,0,30,20568.574,0.948
1217,B,rx,1223,0,30,20578.942,0.560
1218,A,rx,1224,0,30,20589.955,0.890
1219,B,rx,1225,0,30,20600.253,0.917
1220,A,rx,1226,0,30,20610.431,0.897
1221,B,rx,1227,0,30,20621.436,0.904
1222,A,rx,1228,0,30,20631.780,0.775
1223,B,rx,1229,0,30,20642.786,0.954
1224,A,rx,1230,0,30,20653.050,0.652
1225,B,rx,1231,0,30,20663.302,0.916
1226,A,rx,1232,0,30,20675.419,0.869
1227,B,rx,1233,0,30,20685.524,0.596
1228,A,rx,1234,0,30,20696.599,0.542
1229,B,rx,1235,0,30,20707.370,0.885
1230,A,rx,1236,0,30,20717.952,0.904
1231,B,rx,1237,0,30,20728.297,0.591
1232,A,rx,1238,0,30,20739.269,0.595
1233,B,rx,1239,0,30,20749.471,0.937
1234,A,rx,1240,0,30,20760.545,0.688
1235,B,rx,1241,0,30,20770.879,0.720
1236,A,rx,1242,0,30,20781.062,0.597
1237,B,rx,1243,0,30,20792.373,0.851
1238,A,rx,1244,0,30,20803.325,0.597
1239,B,rx,1245,0,30,20814.757,0.929
1240,A,rx,1246,0,30,20825.708,0.548
1241,B,rx,1247,0,30,20836.046,0.899
1242,A,rx,1248,0,30,20846.031,0.616
1243,B,rx,1249,0,30,20857.122,0.613
1244,A,rx,1250,0,30,20867.337,0.610
1245,B,rx,1251,0,30,20878.407,0.562
1246,A,rx,1252,0,30,20888.730,0.603
1247,B,rx,1253,0,30,20898.947,0.562
1248,A,rx,1254,0,30,20909.984,0.868
1249,B,rx,1255,0,30,20920.347,0.969
1250,A,rx,1256,0,30,20931.371,0.972
1251,B,rx,1257,0,30,20943.671,0.915
1252,A,rx,1258,0,30,20952.775,0.558
1253,B,rx,1259,0,30,20964.914,0.804
1254,A,rx,1260,0,30,20974.152,0.618
1255,B,rx,1261,0,30,20985.170,0.547
1256,A,rx,1262,0,30,20995.507,0.613
1257,B,rx,1263,0,30,21005.644,0.640
1258,A,rx,1264,0,30,21016.627,0.642
1259,B,rx,1265,0,30,21026.867,0.692
1260,A,rx,1266,0,30,21038.037,0.921
1261,B,rx,1267,0,30,21048.358,0.581
1262,A,rx,1268,0,30,21059.335,0.558
1263,B,rx,1269,0,30,21070.436,0.933
1264,A,rx,1270,0,30,21080.707,0.574
1265,B,rx,1271,0,30,21091.779,0.918
1266,A,rx,1272,0,30,21102.132,0.840
1267,B,rx,1273,0,30,21113.173,0.577
1268,A,rx,1274,0,30,21123.368,0.613
1269,B,rx,1275,0,30,21133.662,0.995
1270,A,rx,1276,0,30,21144.744,0.879
1271,B,rx,1277,0,30,21154.982,0.875
1272,A,rx,1278,0,30,21166.242,0.625
1273,B,rx,1279,0,30,21176.196,0.528
1274,A,rx,1280,0,30,21186.519,0.615
1275,B,rx,1281,0,30,21198.499,0.594
1276,A,rx,1282,0,30,21208.769,0.624
1277,B,rx,1283,0,30,21219.829,0.970
1278,A,rx,1284,0,30,21230.165,0.806
1279,B,rx,1285,0,30,21240.331,0.604
1280,A,rx,1286,0,30,21251.293,0.543
1281,B,rx,1287,0,30,21261.542,0.875
1282,A,rx,1288,0,30,21272.655,0.588
1283,B,rx,1289,0,30,21282.966,0.677
1284,A,rx,1290,0,30,21293.080,0.532
1285,B,rx,1291,0,30,21304.152,0.592
1286,A,rx,1292,0,30,21314.430,0.570
1287,B,rx,1293,0,30,21326.549,0.979
1288,A,rx,1294,0,30,21336.822,0.691
1289,B,rx,1295,0,30,21346.992,0.882
1290,A,rx,1296,0,30,21358.127,0.904
1291,B,rx,1297,0,30,21368.325,0.651
1292,A,rx,1298,0,30,21379.368,0.926
1293,B,rx,1299,0,30,21389.611,0.603
1294,A,rx,1300,0,30,21400.710,0.970
1295,B,rx,1301,0,30,21410.876,0.908
1296,A,rx,1302,0,30,21421.203,0.601
1297,B,rx,1303,0,30,21432.215,0.976
1298,A,rx,1304,0,30,21442.533,0.774
1299,B,rx,1305,0,30,21453.510,0.616
1300,A,rx,1306,0,30,21464.855,0.875
1301,B,rx,1307,0,30,21475.049,0.874
1302,A,rx,1308,0,30,21486.025,0.953
1303,B,rx,1309,0,30,21496.307,0.591
1304,A,rx,1310,0,30,21507.385,0.604
1305,B,rx,1311,0,30,21517.702,0.990
1306,A,rx,1312,0,30,21527.847,0.574
1307,B,rx,1313,0,30,21538.885,0.956
1308,A,rx,1314,0,30,21549.167,0.617
1309,B,rx,1315,0,30,21560.221,0.567
1310,A,rx,1316,0,30,21570.499,0.929
1311,B,rx,1317,0,30,21581.532,0.826
1312,A,rx,1318,0,30,21593.346,0.863
1313,B,rx,1319,0,30,21603.919,0.934
1314,A,rx,1320,0,30,21614.230,0.951
1315,B,rx,1321,0,30,21625.211,0.836
1316,A,rx,1322,0,30,21635.467,0.598
1317,B,rx,1323,0,30,21645.583,0.556
1318,A,rx,1324,0,30,21656.809,0.620
1319,B,rx,1325,0,30,21667.102,0.895
1320,A,rx,1326,0,30,21678.014,0.561
1321,B,rx,1327,0,30,21688.354,0.637
1322,A,rx,1328,0,30,21699.387,0.968
1323,B,rx,1329,0,30,21709.593,0.884
1324,A,rx,1330,0,30,21720.831,0.914
1325,B,rx,1331,0,30,21731.892,0.697
1326,A,rx,1332,0,30,21742.283,0.636
1327,B,rx,1333,0,30,21753.308,0.559
1328,A,rx,1334,0,30,21763.571,0.857
1329,B,rx,1335,0,30,21773.593,0.765
1330,A,rx,1336,0,30,21784.668,0.556
1331,B,rx,1337,0,30,21794.994,0.545
1332,A,rx,1338,0,30,21806.120,0.931
1333,B,rx,1339,0,30,21816.410,0.573
1334,A,rx,1340,0,30,21826.535,0.839
1335,B,rx,1341,0,30,21837.475,0.594
1336,A,rx,1342,0,30,21848.954,0.640
1337,B,rx,1343,0,30,21859.965,0.763
1338,A,rx,1344,0,30,21870.207,0.890
1339,B,rx,1345,0,30,21880.387,0.647
1340,A,rx,1346,0,30,21891.436,0.612
1341,B,rx,1347,0,30,21901.775,0.620
1342,A,rx,1348,0,30,21912.752,0.894
1343,B,rx,1349,0,30,21923.043,0.567
1344,A,rx,1350,0,30,21933.272,0.987
1345,B,rx,1351,0,30,21944.249,0.558
1346,A,rx,1352,0,30,21954.541,0.867
1347,B,rx,1353,0,30,21965.593,1.038
1348,A,rx,1354,0,30,21976.892,0.917
1349,B,rx,1355,0,30,21987.970,0.891
1350,A,rx,1356,0,30,21998.150,0.977
1351,B,rx,1357,0,30,22008.451,0.971
1352,A,rx,1358,0,30,22019.445,0.963
1353,B,rx,1359,0,30,22029.797,0.599
1354,A,rx,1360,0,30,22040.732,0.670
1355,B,rx,1361,0,30,22050.951,0.956
1356,A,rx,1362,0,30,22061.317,0.789
1357,B,rx,1363,0,30,22072.299,0.940
1358,A,rx,1364,0,30,22082.552,0.928
1359,B,rx,1365,0,30,22093.707,0.814
1360,A,rx,1366,0,30,22104.014,0.906
1361,B,rx,1367,0,30,22115.077,0.909
1362,A,rx,1368,0,30,22126.308,0.947
1363,B,rx,1369,0,30,22136.694,0.903
1364,A,rx,1370,0,30,22147.510,0.832
1365,B,rx,1371,0,30,22157.752,0.587
1366,A,rx,1372,0,30,22168.199,0.933
1367,B,rx,1373,0,30,22178.934,0.578
1368,A,rx,1374,0,30,22189.369,0.552
1369,B,rx,1375,0,30,22200.285,0.660
1370,A,rx,1376,0,30,22210.483,0.628
1371,B,rx,1377,0,30,22220.756,0.638
1372,A,rx,1378,0,30,22231.801,0.560
1373,B,rx,1379,0,30,22243.506,0.829
1374,A,rx,1380,0,30,22254.150,0.589
1375,B,rx,1381,0,30,22264.553,0.734
1376,A,rx,1382,0,30,22274.568,0.905
1377,B,rx,1383,0,30,22285.630,0.959
1378,A,rx,1384,0,30,22295.980,0.912
1379,B,rx,1385,0,30,22306.914,0.578
1380,A,rx,1386,0,30,22317.274,0.963
1381,B,rx,1387,0,30,22327.439,0.577
1382,A,rx,1388,0,30,22338.479,0.936
1383,B,rx,1389,0,30,22348.646,0.751
1384,A,rx,1390,0,30,22359.823,0.672
1385,B,rx,1391,0,30,22371.120,0.693
1386,A,rx,1392,0,30,22382.157,0.935
1387,B,rx,1393,0,30,22392.562,0.849
1388,A,rx,1394,0,30,22403.652,0.777
1389,B,rx,1395,0,30,22413.805,0.879
1390,A,rx,1396,0,30,22424.821,0.735
1391,B,rx,1397,0,30,22435.202,0.881
1392,A,rx,1398,0,30,22446.250,0.963
1393,B,rx,1399,0,30,22456.447,0.882
1394,A,rx,1400,0,30,22466.618,0.568
1395,B,rx,1401,0,30,22477.615,0.870
1396,A,rx,1402,0,30,22487.963,0.936
1397,B,rx,1403,0,30,22501.021,0.645
1398,A,rx,1404,0,30,22510.368,0.954
1399,B,rx,1405,0,30,22520.466,0.648
1400,A,rx,1406,0,30,22531.483,0.874
1401,B,rx,1407,0,30,22541.872,0.924
1402,A,rx,1408,0,30,22552.855,0.606
1403,B,rx,1409,0,30,22563.249,0.555
1404,A,rx,1410,0,30,22573.279,0.886
1405,B,rx,1411,0,30,22584.370,0.921
1406,A,rx,1412,0,30,22594.670,0.672
1407,B,rx,1413,0,30,22605.747,0.842
1408,A,rx,1414,0,30,22616.066,0.615
1409,B,rx,1415,0,30,22627.143,0.915
1410,A,rx,1416,0,30,22638.224,0.943
1411,B,rx,1417,0,30,22648.515,0.592
1412,A,rx,1418,0,30,22659.501,0.964
1413,B,rx,1419,0,30,22669.807,0.924
1414,A,rx,1420,0,30,22680.820,0.560
1415,B,rx,1421,0,30,22691.165,0.942
1416,A,rx,1422,0,30,22702.252,0.712
1417,B,rx,1423,0,30,22712.550,0.551
1418,A,rx,1424,0,30,22723.407,0.632
1419,B,rx,1425,0,30,22733.740,0.717
1420,A,rx,1426,0,30,22744.050,0.694
1421,B,rx,1427,0,30,22756.088,0.598
1422,A,rx,1428,0,30,22766.248,0.617
1423,B,rx,1429,0,30,22777.393,0.900
1424,A,rx,1430,0,30,22787.705,0.777
1425,B,rx,1431,0,30,22798.701,0.929
1426,A,rx,1432,0,30,22808.963,0.602
1427,B,rx,1433,0,30,22819.195,0.599
1428,A,rx,1434,0,30,22830.142,0.521
1429,B,rx,1435,0,30,22840.507,0.930
1430,A,rx,1436,0,30,22851.472,0.949
1431,B,rx,1437,0,30,22861.751,0.632
1432,A,rx,1438,0,30,22872.034,0.625
1433,B,rx,1439,0,30,22882.951,0.612
1434,A,rx,1440,0,30,22894.302,0.614
1435,B,rx,1441,0,30,22905.392,0.599
1436,A,rx,1442,0,30,22915.730,0.620
1437,B,rx,1443,0,30,22926.787,0.640
1438,A,rx,1444,0,30,22937.040,0.580
1439,B,rx,1445,0,30,22947.198,0.872
1440,A,rx,1446,0,30,22958.152,0.908
1441,B,rx,1447,0,30,22968.607,0.684
1442,A,rx,1448,0,30,22979.550,0.539
1443,B,rx,1449,0,30,22989.812,0.906
1444,A,rx,1450,0,30,23000.039,0.973
1445,B,rx,1451,0,30,23011.088,0.972
1446,A,rx,1452,0,30,23022.463,0.951
1447,B,rx,1453,0,30,23033.423,0.660
1448,A,rx,1454,0,30,23043.664,0.656
1449,B,rx,1455,0,30,23053.777,0.585
1450,A,rx,1456,0,30,23064.916,0.895
1451,B,rx,1457,0,30,23075.251,0.604
1452,A,rx,1458,0,30,23086.384,0.540
1453,B,rx,1459,0,30,23096.562,0.819
1454,A,rx,1460,0,30,23107.526,0.957
1455,B,rx,1461,0,30,23117.906,0.665
1456,A,rx,1462,0,30,23128.891,0.936
1457,B,rx,1463,0,30,23139.224,0.593
1458,A,rx,1464,0,30,23150.330,0.601
1459,B,rx,1465,0,30,23161.482,0.536
1460,A,rx,1466,0,30,23171.699,0.612
1461,B,rx,1467,0,30,23182.675,0.563
1462,A,rx,1468,0,30,23193.088,0.652
1463,B,rx,1469,0,30,23204.323,0.622
1464,A,rx,1470,0,30,23214.386,0.910
1465,B,rx,1471,0,30,23224.443,0.620
1466,A,rx,1472,0,30,23235.619,0.553
1467,B,rx,1473,0,30,23245.890,0.577
1468,A,rx,1474,0,30,23256.968,0.597
1469,B,rx,1475,0,30,23267.175,0.951
1470,A,rx,1476,0,30,23279.252,0.561
1471,B,rx,1477,0,30,23289.521,0.624
1472,A,rx,1478,0,30,23299.764,0.895
1473,B,rx,1479,0,30,23310.695,0.563
1474,A,rx,1480,0,30,23321.107,0.944
1475,B,rx,1481,0,30,23332.106,0.949
1476,A,rx,1482,0,30,23342.370,0.605
1477,B,rx,1483,0,30,23352.461,0.641
1478,A,rx,1484,0,30,23363.623,0.897
1479,B,rx,1485,0,30,23373.929,0.770
1480,A,rx,1486,0,30,23384.977,0.967
1481,B,rx,1487,0,30,23395.188,0.544
1482,A,rx,1488,0,30,23407.282,0.897
1483,B,rx,1489,0,30,23417.573,0.654
1484,A,rx,1490,0,30,23427.686,0.859
1485,B,rx,1491,0,30,23438.967,0.886
1486,A,rx,1492,0,30,23449.153,0.896
1487,B,rx,1493,0,30,23460.104,0.843
1488,A,rx,1494,0,30,23470.453,0.609
1489,B,rx,1495,0,30,23481.455,0.794
1490,A,rx,1496,0,30,23491.787,0.912
1491,B,rx,1497,0,30,23502.849,0.971
1492,A,rx,1498,0,30,23513.038,0.888
1493,B,rx,1499,0,30,23523.167,0.915
1494,A,rx,1500,0,30,23534.264,0.592
1495,B,rx,1501,0,30,23545.639,0.565
1496,A,rx,1502,0,30,23556.676,0.593
1497,B,rx,1503,0,30,23566.860,1.005
1498,A,rx,1504,0,30,23577.099,0.943
1499,B,rx,1505,0,30,23588.407,0.943
1500,A,rx,1506,0,30,23599.390,1.126
1501,B,rx,1507,0,30,23609.773,0.968
1502,A,rx,1508,0,30,23619.673,0.906
1503,B,rx,1509,0,30,23630.809,0.541
1504,A,rx,1510,0,30,23641.132,0.603
1505,B,rx,1511,0,30,23652.183,0.940
1506,A,rx,1512,0,30,23662.450,0.606
1507,B,rx,1513,0,30,23673.616,0.937
1508,A,rx,1514,0,30,23684.717,0.909
1509,B,rx,1515,0,30,23694.982,0.833
1510,A,rx,1516,0,30,23706.059,0.636
1511,B,rx,1517,0,30,23716.390,0.516
1512,A,rx,1518,0,30,23726.437,0.563
1513,B,rx,1519,0,30,23737.420,0.560
1514,A,rx,1520,0,30,23747.692,0.572
1515,B,rx,1521,0,30,23758.889,0.918
1516,A,rx,1522,0,30,23769.225,0.964
1517,B,rx,1523,0,30,23779.263,0.629
1518,A,rx,1524,0,30,23790.266,0.923
1519,B,rx,1525,0,30,23801.727,0.921
1520,A,rx,1526,0,30,23812.667,0.553
1521,B,rx,1527,0,30,23823.090,0.911
1522,A,rx,1528,0,30,23833.200,0.942
1523,B,rx,1529,0,30,23844.139,0.839
1524,A,rx,1530,0,30,23854.493,0.976
1525,B,rx,1531,0,30,23865.510,0.886
1526,A,rx,1532,0,30,23875.844,0.908
1527,B,rx,1533,0,30,23885.995,0.846
1528,A,rx,1534,0,30,23897.100,0.588
1529,B,rx,1535,0,30,23907.325,0.897
1530,A,rx,1536,0,30,23918.412,0.944
1531,B,rx,1537,0,30,23929.634,0.912
1532,A,rx,1538,0,30,23940.685,0.878
1533,B,rx,1539,0,30,23950.839,0.950
1534,A,rx,1540,0,30,23961.143,0.624
1535,B,rx,1541,0,30,23972.224,0.621
1536,A,rx,1542,0,30,23982.531,0.928
1537,B,rx,1543,0,30,23993.513,0.867
1538,A,rx,1544,0,30,24003.864,1.025
1539,B,rx,1545,0,30,24013.963,0.574
1540,A,rx,1546,0,30,24025.038,0.990
1541,B,rx,1547,0,30,24035.435,0.864
1542,A,rx,1548,0,30,24046.465,0.584
1543,B,rx,1549,0,30,24057.648,0.605
1544,A,rx,1550,0,30,24068.839,0.655
1545,B,rx,1551,0,30,24078.933,0.568
1546,A,rx,1552,0,30,24090.022,0.627
1547,B,rx,1553,0,30,24100.245,0.578
1548,A,rx,1554,0,30,24111.437,0.906
1549,B,rx,1555,0,30,24121.658,0.866
1550,A,rx,1556,0,30,24132.859,0.581
1551,B,rx,1557,0,30,24142.967,0.693
1552,A,rx,1558,0,30,24153.194,0.555
1553,B,rx,1559,0,30,24164.186,0.900
1554,A,rx,1560,0,30,24174.542,0.603
1555,B,rx,1561,0,30,24186.487,0.582
1556,A,rx,1562,0,30,24196.813,0.535
1557,B,rx,1563,0,30,24207.888,0.934
1558,A,rx,1564,0,30,24218.093,0.930
1559,B,rx,1565,0,30,24228.387,0.634
1560,A,rx,1566,0,30,24239.343,0.599
1561,B,rx,1567,0,30,24249.710,0.733
1562,A,rx,1568,0,30,24259.874,0.899
1563,B,rx,1569,0,30,24270.909,0.621
1564,A,rx,1570,0,30,24282.088,0.588
1565,B,rx,1571,0,30,24292.266,0.869
1566,A,rx,1572,0,30,24302.433,0.875
1567,B,rx,1573,0,30,24312.680,0.726
1568,A,rx,1574,0,30,24324.776,0.766
1569,B,rx,1575,0,30,24335.092,0.950
1570,A,rx,1576,0,30,24346.113,0.972
1571,B,rx,1577,0,30,24356.527,0.979
1572,A,rx,1578,0,30,24366.439,0.557
1573,B,rx,1579,0,30,24377.549,0.967
1574,A,rx,1580,0,30,24387.827,0.915
1575,B,rx,1581,0,30,24398.916,0.791
1576,A,rx,1582,0,30,24409.267,0.860
1577,B,rx,1583,0,30,24419.413,0.986
1578,A,rx,1584,0,30,24430.466,0.879
1579,B,rx,1585,0,30,24440.723,0.771
1580,A,rx,1586,0,30,24452.864,0.914
1581,B,rx,1587,0,30,24463.952,0.839
1582,A,rx,1588,0,30,24474.117,0.649
1583,B,rx,1589,0,30,24484.349,0.593
1584,A,rx,1590,0,30,24494.566,0.924
1585,B,rx,1591,0,30,24505.546,0.950
1586,A,rx,1592,0,30,24516.206,0.944
1587,B,rx,1593,0,30,24526.071,0.680
1588,A,rx,1594,0,30,24537.171,0.614
1589,B,rx,1595,0,30,24547.373,0.923
1590,A,rx,1596,0,30,24558.461,0.912
1591,B,rx,1597,0,30,24568.779,0.723
1592,A,rx,1598,0,30,24580.779,0.883
1593,B,rx,1599,0,30,24590.955,0.591
1594,A,rx,1600,0,30,24601.244,0.537
1595,B,rx,1601,0,30,24612.330,0.949
1596,A,rx,1602,0,30,24622.592,0.889
1597,B,rx,1603,0,30,24633.536,0.602
1598,A,rx,1604,0,30,24643.931,0.933
1599,B,rx,1605,0,30,24653.988,0.608
1600,A,rx,1606,0,30,24665.046,0.558
1601,B,rx,1607,0,30,24675.420,0.898
1602,A,rx,1608,0,30,24686.455,0.895
1603,B,rx,1609,0,30,24696.730,0.921
1604,A,rx,1610,0,30,24707.912,0.910
1605,B,rx,1611,0,30,24718.927,0.876
1606,A,rx,1612,0,30,24729.212,0.635
1607,B,rx,1613,0,30,24740.534,0.906
1608,A,rx,1614,0,30,24751.424,0.573
1609,B,rx,1615,0,30,24761.744,0.876
1610,A,rx,1616,0,30,24771.923,0.586
1611,B,rx,1617,0,30,24782.989,0.539
1612,A,rx,1618,0,30,24793.310,0.511
1613,B,rx,1619,0,30,24804.254,0.900
1614,A,rx,1620,0,30,24815.146,0.576
1615,B,rx,1621,0,30,24824.739,0.872
1616,A,rx,1622,0,30,24836.853,0.798
1617,B,rx,1623,0,30,24847.069,0.620
1618,A,rx,1624,0,30,24858.150,0.688
1619,B,rx,1625,0,30,24868.462,0.593
1620,A,rx,1626,0,30,24878.594,0.641
1621,B,rx,1627,0,30,24889.941,0.978
1622,A,rx,1628,0,30,24901.095,0.941
1623,B,rx,1629,0,30,24911.148,0.583
1624,A,rx,1630,0,30,24921.261,0.591
1625,B,rx,1631,0,30,24932.391,0.682
1626,A,rx,1632,0,30,24942.573,0.682
1627,B,rx,1633,0,30,24953.647,0.637
1628,A,rx,1634,0,30,24963.920,0.535
1629,B,rx,1635,0,30,24975.116,0.957
1630,A,rx,1636,0,30,24986.127,0.598
1631,B,rx,1637,0,30,24996.522,0.757
1632,A,rx,1638,0,30,25007.576,0.970
1633,B,rx,1639,0,30,25017.839,0.998
1634,A,rx,1640,0,30,25028.073,0.943
1635,B,rx,1641,0,30,25039.086,0.638
1636,A,rx,1642,0,30,25049.220,0.535
1637,B,rx,1643,0,30,25060.267,0.612
1638,A,rx,1644,0,30,25070.658,1.068
1639,B,rx,1645,0,30,25081.614,0.614
1640,A,rx,1646,0,30,25091.902,0.888
1641,B,rx,1647,0,30,25103.051,0.549
1642,A,rx,1648,0,30,25114.174,0.783
1643,B,rx,1649,0,30,25124.488,0.909
1644,A,rx,1650,0,30,25135.504,0.630
1645,B,rx,1651,0,30,25145.870,0.703
1646,A,rx,1652,0,30,25155.949,0.744
1647,B,rx,1653,0,30,25166.960,0.688
1648,A,rx,1654,0,30,25177.288,0.595
1649,B,rx,1655,0,30,25188.280,0.584
1650,A,rx,1656,0,30,25198.648,0.606
1651,B,rx,1657,0,30,25208.780,0.575
1652,A,rx,1658,0,30,25219.917,0.689
1653,B,rx,1659,0,30,25231.106,0.579
1654,A,rx,1660,0,30,25242.183,0.631
1655,B,rx,1661,0,30,25252.483,0.634
1656,A,rx,1662,0,30,25262.568,0.537
1657,B,rx,1663,0,30,25273.690,0.617
1658,A,rx,1664,0,30,25283.961,0.618
1659,B,rx,1665,0,30,25295.041,0.597
1660,A,rx,1666,0,30,25305.329,0.944
1661,B,rx,1667,0,30,25315.455,0.934
1662,A,rx,1668,0,30,25326.551,1.002
1663,B,rx,1669,0,30,25336.834,0.648
1664,A,rx,1670,0,30,25347.820,0.669
1665,B,rx,1671,0,30,25359.103,0.627
1666,A,rx,1672,0,30,25369.262,0.676
1667,B,rx,1673,0,30,25380.426,0.579
1668,A,rx,1674,0,30,25390.768,0.735
1669,B,rx,1675,0,30,25401.663,0.558
1670,A,rx,1676,0,30,25412.025,0.971
1671,B,rx,1677,0,30,25423.159,0.924
1672,A,rx,1678,0,30,25433.257,0.545
1673,B,rx,1679,0,30,25443.443,0.601
1674,A,rx,1680,0,30,25454.568,0.630
1675,B,rx,1681,0,30,25464.772,0.566
1676,A,rx,1682,0,30,25474.977,0.561
1677,B,rx,1683,0,30,25487.024,0.554
1678,A,rx,1684,0,30,25497.323,0.944
1679,B,rx,1685,0,30,25508.428,0.766
1680,A,rx,1686,0,30,25518.648,1.023
1681,B,rx,1687,0,30,25529.687,0.952
1682,A,rx,1688,0,30,25539.974,0.656
1683,B,rx,1689,0,30,25550.137,0.561
1684,A,rx,1690,0,30,25561.209,0.641
1685,B,rx,1691,0,30,25571.434,0.584
1686,A,rx,1692,0,30,25582.449,0.599
1687,B,rx,1693,0,30,25592.769,0.613
1688,A,rx,1694,0,30,25603.902,0.897
1689,B,rx,1695,0,30,25614.256,0.951
1690,A,rx,1696,0,30,25625.394,0.925
1691,B,rx,1697,0,30,25636.340,0.927
1692,A,rx,1698,0,30,25646.584,0.587
1693,B,rx,1699,0,30,25657.797,0.588
1694,A,rx,1700,0,30,25667.918,0.700
1695,B,rx,1701,0,30,25678.217,0.848
1696,A,rx,1702,0,30,25689.243,0.872
1697,B,rx,1703,0,30,25699.548,0.719
1698,A,rx,1704,0,30,25710.644,0.894
1699,B,rx,1705,0,30,25720.846,0.589
1700,A,rx,1706,0,30,25731.920,0.586
1701,B,rx,1707,0,30,25742.135,0.930
1702,A,rx,1708,0,30,25754.288,0.949
1703,B,rx,1709,0,30,25764.521,0.672
1704,A,rx,1710,0,30,25775.505,0.569
1705,B,rx,1711,0,30,25785.857,0.914
1706,A,rx,1712,0,30,25797.021,0.671
1707,B,rx,1713,0,30,25807.332,0.936
1708,A,rx,1714,0,30,25817.274,0.595
1709,B,rx,1715,0,30,25828.427,0.566
1710,A,rx,1716,0,30,25838.694,0.607
1711,B,rx,1717,0,30,25849.770,0.882
1712,A,rx,1718,0,30,25860.040,0.579
1713,B,rx,1719,0,30,25870.205,0.937
1714,A,rx,1720,0,30,25882.244,0.655
1715,B,rx,1721,0,30,25892.613,0.582
1716,A,rx,1722,0,30,25903.597,0.595
1717,B,rx,1723,0,30,25913.836,0.559
1718,A,rx,1724,0,30,25924.888,0.607
1719,B,rx,1725,0,30,25935.077,0.832
1720,A,rx,1726,0,30,25945.456,0.884
1721,B,rx,1727,0,30,25956.425,0.561
1722,A,rx,1728,0,30,25966.722,0.928
1723,B,rx,1729,0,30,25977.750,0.753
1724,A,rx,1730,0,30,25987.990,0.590
1725,B,rx,1731,0,30,25998.232,0.576
1726,A,rx,1732,0,30,26010.301,0.718
1727,B,rx,1733,0,30,26020.556,0.649
1728,A,rx,1734,0,30,26031.652,0.973
1729,B,rx,1735,0,30,26041.915,0.586
1730,A,rx,1736,0,30,26052.120,0.942
1731,B,rx,1737,0,30,26063.160,0.903
1732,A,rx,1738,0,30,26073.472,0.941
1733,B,rx,1739,0,30,26084.460,0.866
1734,A,rx,1740,0,30,26094.766,0.600
1735,B,rx,1741,0,30,26104.944,0.621
1736,A,rx,1742,0,30,26115.978,0.618
1737,B,rx,1743,0,30,26127.479,0.635
1738,A,rx,1744,0,30,26138.389,0.928
1739,B,rx,1745,0,30,26148.664,0.892
1740,A,rx,1746,0,30,26158.692,0.908
1741,B,rx,1747,0,30,26170.863,0.660
1742,A,rx,1748,0,30,26180.103,0.544
1743,B,rx,1749,0,30,26191.154,0.577
1744,A,rx,1750,0,30,26201.432,0.846
1745,B,rx,1751,0,30,26211.592,0.893
1746,A,rx,1752,0,30,26222.595,0.948
1747,B,rx,1753,0,30,26232.999,0.945
1748,A,rx,1754,0,30,26243.972,0.578
1749,B,rx,1755,0,30,26254.267,0.598
1750,A,rx,1756,0,30,26264.331,0.599
1751,B,rx,1757,0,30,26276.456,0.645
1752,A,rx,1758,0,30,26286.678,0.582
1753,B,rx,1759,0,30,26297.762,0.627
1754,A,rx,1760,0,30,26308.095,0.566
1755,B,rx,1761,0,30,26318.234,0.569
1756,A,rx,1762,0,30,26329.285,0.600
1757,B,rx,1763,0,30,26339.631,0.690
1758,A,rx,1764,0,30,26350.581,0.550
1759,B,rx,1765,0,30,26361.057,0.941
1760,A,rx,1766,0,30,26372.015,0.933
1761,B,rx,1767,0,30,26382.118,0.908
1762,A,rx,1768,0,30,26392.561,0.997
1763,B,rx,1769,0,30,26404.471,0.914
1764,A,rx,1770,0,30,26414.943,0.972
1765,B,rx,1771,0,30,26425.815,0.626
1766,A,rx,1772,0,30,26436.190,0.716
1767,B,rx,1773,0,30,26446.296,0.528
1768,A,rx,1774,0,30,26457.252,0.596
1769,B,rx,1775,0,30,26467.516,0.597
1770,A,rx,1776,0,30,26478.697,0.597
1771,B,rx,1777,0,30,26488.997,0.717
1772,A,rx,1778,0,30,26498.991,0.566
1773,B,rx,1779,0,30,26510.092,0.625
1774,A,rx,1780,0,30,26520.503,0.965
1775,B,rx,1781,0,30,26532.521,0.950
1776,A,rx,1782,0,30,26542.792,0.928
1777,B,rx,1783,0,30,26552.921,0.596
1778,A,rx,1784,0,30,26563.919,0.885
1779,B,rx,1785,0,30,26574.292,0.544
1780,A,rx,1786,0,30,26585.390,0.589
1781,B,rx,1787,0,30,26595.598,0.609
1782,A,rx,1788,0,30,26605.796,0.646
1783,B,rx,1789,0,30,26616.827,0.917
1784,A,rx,1790,0,30,26627.079,0.595
1785,B,rx,1791,0,30,26638.221,0.871
1786,A,rx,1792,0,30,26648.427,0.892
1787,B,rx,1793,0,30,26659.816,0.669
1788,A,rx,1794,0,30,26670.624,0.565
1789,B,rx,1795,0,30,26680.916,0.549
1790,A,rx,1796,0,30,26691.992,0.591
1791,B,rx,1797,0,30,26702.355,0.668
1792,A,rx,1798,0,30,26712.387,0.611
1793,B,rx,1799,0,30,26723.590,0.913
1794,A,rx,1800,0,30,26733.857,0.569
1795,B,rx,1801,0,30,26744.789,0.591
1796,A,rx,1802,0,30,26755.150,0.557
1797,B,rx,1803,0,30,26765.226,0.620
1798,A,rx,1804,0,30,26776.306,0.569
1799,B,rx,1805,0,30,26787.595,0.562
1800,A,rx,1806,0,30,26798.693,0.902
1801,B,rx,1807,0,30,26808.966,0.611
1802,A,rx,1808,0,30,26820.053,0.564
1803,B,rx,1809,0,30,26830.230,0.960
1804,A,rx,1810,0,30,26840.510,0.935
1805,B,rx,1811,0,30,26851.540,0.907
1806,A,rx,1812,0,30,26861.892,0.703
1807,B,rx,1813,0,30,26872.882,0.608
1808,A,rx,1815,0,30,26893.194,0.673
1809,B,rx,1816,0,30,26904.360,0.906
1810,A,rx,1817,0,30,26914.722,0.861
1811,B,rx,1818,0,30,26926.725,0.730
1812,A,rx,1819,0,30,26937.023,0.889
1813,B,rx,1820,0,30,26947.236,0.673
1814,A,rx,1821,0,30,26958.404,0.965
1815,B,rx,1822,0,30,26969.446,0.946
1816,A,rx,1823,0,30,26979.702,0.895
1817,B,rx,1824,0,30,26989.867,0.929
1818,A,rx,1825,0,30,27001.834,0.745
1819,B,rx,1826,0,30,27011.196,0.933
1820,A,rx,1827,0,30,27022.309,0.691
1821,B,rx,1828,0,30,27032.562,0.943
1822,A,rx,1829,0,30,27042.674,0.918
1823,B,rx,1830,0,30,27054.779,0.910
1824,A,rx,1831,0,30,27065.023,0.917
1825,B,rx,1832,0,30,27076.064,0.915
1826,A,rx,1833,0,30,27086.382,0.815
1827,B,rx,1834,0,30,27096.488,0.569
1828,A,rx,1835,0,30,27107.542,0.968
1829,B,rx,1836,0,30,27117.770,0.865
1830,A,rx,1837,0,30,27128.843,0.865
1831,B,rx,1838,0,30,27139.197,0.576
1832,A,rx,1839,0,30,27150.213,0.890
1833,B,rx,1840,0,30,27160.419,0.541
1834,A,rx,1841,0,30,27170.684,0.594
1835,B,rx,1842,0,30,27182.804,0.615
1836,A,rx,1843,0,30,27193.076,0.887
1837,B,rx,1844,0,30,27204.123,0.595
1838,A,rx,1845,0,30,27214.365,0.532
1839,B,rx,1846,0,30,27224.633,0.969
1840,A,rx,1847,0,30,27235.547,0.566
1841,B,rx,1848,0,30,27245.940,0.588
1842,A,rx,1849,0,30,27256.936,0.813
1843,B,rx,1850,0,30,27267.269,0.584
1844,A,rx,1851,0,30,27277.413,0.897
1845,B,rx,1852,0,30,27288.408,0.890
1846,A,rx,1853,0,30,27298.602,0.564
1847,B,rx,1854,0,30,27310.774,0.965
1848,A,rx,1855,0,30,27321.128,0.974
1849,B,rx,1856,0,30,27331.252,0.553
1850,A,rx,1857,0,30,27342.324,0.976
1851,B,rx,1858,0,30,27352.535,0.579
1852,A,rx,1859,0,30,27363.694,0.921
1853,B,rx,1860,0,30,27373.945,0.966
1854,A,rx,1861,0,30,27384.046,0.875
1855,B,rx,1862,0,30,27395.157,0.951
1856,A,rx,1863,0,30,27405.416,0.941
1857,B,rx,1864,0,30,27416.468,0.901
1858,A,rx,1865,0,30,27426.755,0.579
1859,B,rx,1866,0,30,27438.724,0.940
1860,A,rx,1867,0,30,27448.891,0.714
1861,B,rx,1868,0,30,27459.339,0.908
1862,A,rx,1869,0,30,27470.343,0.669
1863,B,rx,1870,0,30,27480.481,0.605
1864,A,rx,1871,0,30,27492.543,0.996
1865,B,rx,1872,0,30,27501.810,0.912
1866,A,rx,1873,0,30,27512.981,0.597
1867,B,rx,1874,0,30,27523.205,0.939
1868,A,rx,1875,0,30,27533.507,0.972
1869,B,rx,1876,0,30,27544.452,0.922
1870,A,rx,1877,0,30,27554.773,0.571
1871,B,rx,1878,0,30,27565.750,0.897
1872,A,rx,1879,0,30,27577.023,0.657
1873,B,rx,1880,0,30,27587.301,0.922
1874,A,rx,1881,0,30,27598.288,0.528
1875,B,rx,1882,0,30,27608.637,0.942
1876,A,rx,1883,0,30,27619.708,0.926
1877,B,rx,1884,0,30,27629.996,0.761
1878,A,rx,1885,0,30,27640.175,0.713
1879,B,rx,1886,0,30,27651.158,1.013
1880,A,rx,1887,0,30,27661.511,1.013
1881,B,rx,1888,0,30,27672.532,0.889
1882,A,rx,1889,0,30,27682.815,0.829
1883,B,rx,1890,0,30,27692.905,0.659
1884,A,rx,1891,0,30,27705.153,1.029
1885,B,rx,1892,0,30,27715.296,0.869
1886,A,rx,1893,0,30,27726.383,0.620
1887,B,rx,1894,0,30,27736.571,0.883
1888,A,rx,1895,0,30,27746.618,0.619
1889,B,rx,1896,0,30,27757.812,0.556
1890,A,rx,1897,0,30,27768.059,0.902
1891,B,rx,1898,0,30,27779.109,0.601
1892,A,rx,1899,0,30,27789.483,0.902
1893,B,rx,1900,0,30,27799.533,0.601
1894,A,rx,1901,0,30,27811.768,0.587
1895,B,rx,1902,0,30,27820.876,0.550
1896,A,rx,1903,0,30,27833.064,0.555
1897,B,rx,1904,0,30,27844.169,0.911
1898,A,rx,1905,0,30,27854.515,0.684
1899,B,rx,1906,0,30,27865.485,0.567
1900,A,rx,1907,0,30,27875.876,0.998
1901,B,rx,1908,0,30,27885.953,0.885
1902,A,rx,1909,0,30,27896.947,0.895
1903,B,rx,1910,0,30,27907.276,0.717
1904,A,rx,1911,0,30,27918.391,0.897
1905,B,rx,1912,0,30,27928.541,0.629
1906,A,rx,1913,0,30,27938.785,0.884
1907,B,rx,1914,0,30,27949.882,0.656
1908,A,rx,1915,0,30,27961.149,0.882
1909,B,rx,1916,0,30,27972.296,0.893
1910,A,rx,1917,0,30,27982.518,0.603
1911,B,rx,1918,0,30,27992.483,0.664
1912,A,rx,1919,0,30,28003.651,0.560
1913,B,rx,1920,0,30,28013.987,0.599
1914,A,rx,1921,0,30,28025.179,0.728
1915,B,rx,1922,0,30,28035.282,0.957
1916,A,rx,1923,0,30,28046.390,0.968
1917,B,rx,1924,0,30,28056.705,0.600
1918,A,rx,1925,0,30,28067.678,0.580
1919,B,rx,1926,0,30,28078.051,0.591
1920,A,rx,1927,0,30,28089.107,0.614
1921,B,rx,1928,0,30,28100.147,0.612
1922,A,rx,1929,0,30,28110.423,0.613
1923,B,rx,1930,0,30,28121.591,0.883
1924,A,rx,1931,0,30,28132.792,0.600
1925,B,rx,1932,0,30,28142.905,0.614
1926,A,rx,1933,0,30,28153.228,0.928
1927,B,rx,1934,0,30,28163.373,0.876
1928,A,rx,1935,0,30,28174.419,0.572
1929,B,rx,1936,0,30,28184.591,0.574
1930,A,rx,1937,0,30,28195.913,0.616
1931,B,rx,1938,0,30,28206.902,0.645
1932,A,rx,1939,0,30,28218.313,0.941
1933,B,rx,1940,0,30,28228.395,0.957
1934,A,rx,1941,0,30,28239.411,0.925
1935,B,rx,1942,0,30,28249.721,0.739
1936,A,rx,1943,0,30,28260.653,0.899
1937,B,rx,1944,0,30,28270.948,0.589
1938,A,rx,1945,0,30,28281.162,0.571
1939,B,rx,1946,0,30,28292.179,0.969
1940,A,rx,1947,0,30,28302.429,0.531
1941,B,rx,1948,0,30,28313.528,0.571
1942,A,rx,1949,0,30,28323.884,0.603
1943,B,rx,1950,0,30,28333.985,0.574
1944,A,rx,1951,0,30,28345.075,0.902
1945,B,rx,1952,0,30,28356.427,1.007
1946,A,rx,1953,0,30,28367.442,0.923
1947,B,rx,1954,0,30,28377.776,0.980
1948,A,rx,1955,0,30,28387.838,0.936
1949,B,rx,1956,0,30,28398.954,0.857
1950,A,rx,1957,0,30,28409.270,0.953
1951,B,rx,1958,0,30,28420.281,0.943
1952,A,rx,1959,0,30,28430.588,0.652
1953,B,rx,1960,0,30,28440.564,0.921
1954,A,rx,1961,0,30,28451.717,0.556
1955,B,rx,1962,0,30,28462.031,0.619
1956,A,rx,1963,0,30,28473.115,0.563
1957,B,rx,1964,0,30,28485.244,0.579
1958,A,rx,1965,0,30,28495.629,0.991
1959,B,rx,1966,0,30,28505.679,0.585
1960,A,rx,1967,0,30,28516.799,0.895
1961,B,rx,1968,0,30,28527.024,0.736
1962,A,rx,1969,0,30,28538.053,0.643
1963,B,rx,1970,0,30,28548.456,0.982
1964,A,rx,1971,0,30,28558.543,0.841
1965,B,rx,1972,0,30,28569.619,0.861
1966,A,rx,1973,0,30,28579.941,0.967
1967,B,rx,1974,0,30,28590.933,0.948
1968,A,rx,1975,0,30,28601.254,0.893
1969,B,rx,1976,0,30,28612.491,0.864
1970,A,rx,1977,0,30,28623.426,0.942
1971,B,rx,1978,0,30,28633.748,0.904
1972,A,rx,1979,0,30,28644.794,0.906
1973,B,rx,1980,0,30,28655.142,0.942
1974,A,rx,1981,0,30,28665.256,0.948
1975,B,rx,1982,0,30,28676.465,0.603
1976,A,rx,1983,0,30,28686.540,0.929
1977,B,rx,1984,0,30,28697.539,0.579
1978,A,rx,1985,0,30,28707.886,0.578
1979,B,rx,1986,0,30,28718.094,0.563
1980,A,rx,1987,0,30,28729.130,0.931
1981,B,rx,1988,0,30,28740.425,0.860
1982,A,rx,1989,0,30,28751.399,0.851
1983,B,rx,1990,0,30,28761.787,0.574
1984,A,rx,1991,0,30,28771.919,0.980
1985,B,rx,1992,0,30,28783.145,0.900
1986,A,rx,1993,0,30,28793.183,0.523
1987,B,rx,1994,0,30,28804.345,0.886
1988,A,rx,1995,0,30,28814.579,0.915
1989,B,rx,1996,0,30,28825.712,0.925
1990,A,rx,1997,0,30,28835.933,0.902
1991,B,rx,1998,0,30,28846.908,0.700
1992,A,rx,1999,0,30,28857.281,0.625
1993,B,rx,2000,0,30,29209.813,0.986
1994,A,rx,2001,0,30,29219.870,0.737
1995,B,rx,2002,0,30,29230.906,0.677
1996,A,rx,2003,0,30,29241.286,0.551
1997,B,rx,2004,0,30,29251.497,0.919
1998,A,rx,2005,0,30,29263.524,0.923
1999,B,rx,2006,0,30,29273.869,0.884
2000,A,rx,2007,0,30,29284.046,0.574
2001,B,rx,2008,0,30,29294.920,0.852
2002,A,rx,2009,0,30,29305.141,0.567
2003,B,rx,2010,0,30,29315.471,0.856
2004,A,rx,2011,0,30,29325.521,0.603
2005,B,rx,2012,0,30,29336.678,0.546
2006,A,rx,2013,0,30,29347.024,0.996
2007,B,rx,2014,0,30,29357.222,0.707
2008,A,rx,2015,0,30,29368.301,0.978
2009,B,rx,2016,0,30,29378.490,0.570
2010,A,rx,2017,0,30,29389.538,0.570
2011,B,rx,2018,0,30,29400.670,0.540
2012,A,rx,2019,0,30,29410.871,0.596
2013,B,rx,2020,0,30,29421.147,0.901
2014,A,rx,2021,0,30,29432.211,0.875
2015,B,rx,2022,0,30,29442.296,0.615
2016,A,rx,2023,0,30,29452.616,0.600
2017,B,rx,2024,0,30,29463.669,0.597
2018,A,rx,2025,0,30,29473.887,0.906
2019,B,rx,2026,0,30,29484.153,0.832
2020,A,rx,2027,0,30,29495.156,0.642
2021,B,rx,2028,0,30,29505.534,0.781
2022,A,rx,2029,0,30,29515.582,0.639
2023,B,rx,2030,0,30,29527.897,0.669
2024,A,rx,2031,0,30,29537.972,0.910
2025,B,rx,2032,0,30,29549.163,0.611
2026,A,rx,2033,0,30,29560.349,0.658
2027,B,rx,2034,0,30,29569.493,0.897
2028,A,rx,2035,0,30,29580.442,0.643
2029,B,rx,2036,0,30,29590.773,0.788
2030,A,rx,2037,0,30,29601.016,0.864
2031,B,rx,2038,0,30,29611.998,0.601
2032,A,rx,2039,0,30,29622.142,0.931
2033,B,rx,2040,0,30,29632.382,0.603
2034,A,rx,2041,0,30,29642.601,0.614
2035,B,rx,2042,0,30,29654.641,0.563
2036,A,rx,2043,0,30,29665.041,0.937
2037,B,rx,2044,0,30,29675.065,0.620
2038,A,rx,2045,0,30,29686.234,0.565
2039,B,rx,2046,0,30,29696.464,0.950
2040,A,rx,2047,0,30,29706.582,0.611
2041,B,rx,2048,0,30,29717.682,0.677
2042,A,rx,2049,0,30,29727.870,0.711
2043,B,rx,2050,0,30,29738.181,0.902
2044,A,rx,2051,0,30,29749.144,0.895
2045,B,rx,2052,0,30,29759.295,0.595
2046,A,rx,2053,0,30,29769.470,0.603
2047,B,rx,2054,0,30,29780.802,0.932
2048,A,rx,2055,0,30,29791.749,0.579
2049,B,rx,2056,0,30,29802.154,0.872
2050,A,rx,2057,0,30,29812.316,0.925
2051,B,rx,2058,0,30,29823.355,0.916
2052,A,rx,2059,0,30,29833.743,0.922
2053,B,rx,2060,0,30,29843.846,0.708
2054,A,rx,2061,0,30,29854.874,0.669
2055,B,rx,2062,0,30,29865.371,0.907
2056,A,rx,2063,0,30,29875.249,0.596
2057,B,rx,2064,0,30,29886.318,0.541
2058,A,rx,2065,0,30,29896.433,0.976
2059,B,rx,2066,0,30,29906.749,0.612
2060,A,rx,2067,0,30,29917.967,0.677
2061,B,rx,2068,0,30,29928.931,0.918
2062,A,rx,2069,0,30,29939.219,0.620
2063,B,rx,2070,0,30,29949.444,0.580
2064,A,rx,2071,0,30,29960.437,0.884
2065,B,rx,2072,0,30,29970.735,0.899
2066,A,rx,2073,0,30,29980.944,0.572
2067,B,rx,2074,0,30,29991.991,0.709
2068,A,rx,2075,0,30,30002.284,0.609
2069,B,rx,2076,0,30,30012.365,0.600
2070,A,rx,2077,0,30,30023.519,0.962
2071,B,rx,2078,0,30,30033.712,0.533
2072,A,rx,2079,0,30,30045.087,0.995
2073,B,rx,2080,0,30,30055.099,0.793
2074,A,rx,2081,0,30,30066.164,0.621
2075,B,rx,2082,0,30,30076.422,0.628
2076,A,rx,2083,0,30,30086.629,0.785
2077,B,rx,2084,0,30,30097.578,0.607
2078,A,rx,2085,0,30,30107.873,0.691
2079,B,rx,2086,0,30,30118.183,0.884
2080,A,rx,2087,0,30,30129.202,0.575
2081,B,rx,2088,0,30,30139.711,0.905
2082,A,rx,2089,0,30,30149.554,0.575
2083,B,rx,2090,0,30,30160.812,0.995
2084,A,rx,2091,0,30,30171.969,0.976
2085,B,rx,2092,0,30,30182.967,0.900
2086,A,rx,2093,0,30,30193.308,0.907
2087,B,rx,2094,0,30,30203.578,0.914
2088,A,rx,2095,0,30,30214.618,0.877
2089,B,rx,2096,0,30,30224.686,0.708
2090,A,rx,2097,0,30,30234.911,0.558
2091,B,rx,2098,0,30,30246.095,0.994
2092,A,rx,2099,0,30,30256.232,0.667
2093,B,rx,2100,0,30,30266.516,1.022
2094,A,rx,2101,0,30,30276.629,1.001
2095,B,rx,2102,0,30,30287.602,0.621
2096,A,rx,2103,0,30,30298.977,0.593
2097,B,rx,2104,0,30,30309.167,0.929
2098,A,rx,2105,0,30,30320.139,0.912
2099,B,rx,2106,0,30,30330.340,0.591
2100,A,rx,2107,0,30,30340.491,0.920
2101,B,rx,2108,0,30,30351.636,0.596
2102,A,rx,2109,0,30,30361.894,0.645
2103,B,rx,2110,0,30,30372.064,0.924
2104,A,rx,2111,0,30,30383.201,0.884
2105,B,rx,2112,0,30,30393.386,0.659
2106,A,rx,2113,0,30,30403.596,0.812
2107,B,rx,2114,0,30,30413.742,0.652
2108,A,rx,2115,0,30,30424.812,0.955
2109,B,rx,2116,0,30,30436.136,0.592
2110,A,rx,2117,0,30,30446.318,0.974
2111,B,rx,2118,0,30,30457.366,0.633
2112,A,rx,2119,0,30,30467.590,0.867
2113,B,rx,2120,0,30,30477.808,0.965
2114,A,rx,2121,0,30,30488.778,0.606
2115,B,rx,2122,0,30,30499.062,0.623
2116,A,rx,2123,0,30,30509.289,0.610
2117,B,rx,2124,0,30,30520.321,0.646
2118,A,rx,2125,0,30,30530.624,0.651
2119,B,rx,2126,0,30,30540.712,0.908
2120,A,rx,2127,0,30,30551.814,0.656
2121,B,rx,2128,0,30,30563.038,0.658
2122,A,rx,2129,0,30,30573.335,0.965
2123,B,rx,2130,0,30,30584.345,0.871
2124,A,rx,2131,0,30,30594.511,0.931
2125,B,rx,2132,0,30,30604.674,0.908
2126,A,rx,2133,0,30,30614.998,0.601
2127,B,rx,2134,0,30,30626.004,0.926
2128,A,rx,2135,0,30,30636.295,0.943
2129,B,rx,2136,0,30,30646.368,0.590
2130,A,rx,2137,0,30,30657.548,0.984
2131,B,rx,2138,0,30,30667.827,0.909
2132,A,rx,2139,0,30,30677.933,0.638
2133,B,rx,2140,0,30,30690.019,0.665
2134,A,rx,2141,0,30,30700.188,0.545
2135,B,rx,2142,0,30,30710.443,0.891
2136,A,rx,2143,0,30,30721.415,0.828
2137,B,rx,2144,0,30,30731.617,0.919
2138,A,rx,2145,0,30,30741.969,0.732
2139,B,rx,2146,0,30,30752.060,0.588
2140,A,rx,2147,0,30,30763.120,0.608
2141,B,rx,2148,0,30,30773.320,0.606
2142,A,rx,2149,0,30,30784.373,0.621
2143,B,rx,2150,0,30,30794.717,0.595
2144,A,rx,2151,0,30,30804.797,0.514
2145,B,rx,2152,0,30,30815.937,0.940
2146,A,rx,2153,0,30,30827.371,0.901
2147,B,rx,2154,0,30,30837.353,0.598
2148,A,rx,2155,0,30,30848.470,0.611
2149,B,rx,2156,0,30,30858.773,0.819
2150,A,rx,2157,0,30,30868.973,0.890
2151,B,rx,2158,0,30,30879.937,0.982
2152,A,rx,2159,0,30,30890.253,0.665
2153,B,rx,2160,0,30,30900.357,0.609
2154,A,rx,2161,0,30,30910.563,0.860
2155,B,rx,2162,0,30,30921.682,0.960
2156,A,rx,2163,0,30,30931.919,0.663
2157,B,rx,2164,0,30,30942.084,0.605
2158,A,rx,2165,0,30,30954.182,0.569
2159,B,rx,2166,0,30,30964.355,0.618
2160,A,rx,2167,0,30,30974.558,0.954
2161,B,rx,2168,0,30,30985.595,0.726
2162,A,rx,2170,0,30,31007.039,0.744
2163,B,rx,2171,0,30,31017.139,0.635
2164,A,rx,2172,0,30,31027.296,0.970
2165,B,rx,2173,0,30,31037.581,0.624
2166,A,rx,2174,0,30,31047.759,0.754
2167,B,rx,2175,0,30,31058.700,0.622
2168,A,rx,2176,0,30,31069.108,0.551
2169,B,rx,2177,0,30,31080.245,0.601
2170,A,rx,2178,0,30,31091.234,0.897
2171,B,rx,2179,0,30,31101.621,0.811
2172,A,rx,2180,0,30,31111.712,0.582
2173,B,rx,2181,0,30,31122.943,0.661
2174,A,rx,2182,0,30,31133.084,0.639
2175,B,rx,2183,0,30,31144.070,0.774
2176,A,rx,2184,0,30,31154.289,0.547
2177,B,rx,2185,0,30,31164.556,0.906
2178,A,rx,2186,0,30,31175.448,0.917
2179,B,rx,2187,0,30,31185.775,0.832
2180,A,rx,2188,0,30,31196.141,0.608
2181,B,rx,2189,0,30,31206.316,1.004
2182,A,rx,2190,0,30,31218.310,0.542
2183,B,rx,2191,0,30,31228.607,0.597
2184,A,rx,2192,0,30,31238.726,0.918
2185,B,rx,2193,0,30,31249.890,0.607
2186,A,rx,2194,0,30,31260.119,0.582
2187,B,rx,2195,0,30,31270.425,0.891
2188,A,rx,2196,0,30,31281.330,0.667
2189,B,rx,2197,0,30,31291.461,0.917
2190,A,rx,2198,0,30,31301.733,0.674
2191,B,rx,2199,0,30,31311.917,0.910
2192,A,rx,2200,0,30,31323.316,0.709
2193,B,rx,2201,0,30,31333.343,0.917
2194,A,rx,2202,0,30,31344.464,0.884
2195,B,rx,2203,0,30,31355.391,0.850
2196,A,rx,2204,0,30,31365.804,0.987
2197,B,rx,2205,0,30,31375.962,1.036
2198,A,rx,2206,0,30,31386.985,0.875
2199,B,rx,2207,0,30,31397.235,0.963
2200,A,rx,2208,0,30,31407.424,0.562
2201,B,rx,2209,0,30,31418.482,0.943
2202,A,rx,2210,0,30,31428.634,0.944
2203,B,rx,2211,0,30,31438.909,0.838
2204,A,rx,2212,0,30,31449.108,0.904
2205,B,rx,2213,0,30,31460.121,0.876
2206,A,rx,2214,0,30,31471.447,0.514
2207,B,rx,2215,0,30,31481.603,0.657
2208,A,rx,2216,0,30,31492.679,0.716
2209,B,rx,2217,0,30,31502.973,0.964
2210,A,rx,2218,0,30,31513.003,0.886
2211,B,rx,2219,0,30,31524.199,0.686
2212,A,rx,2220,0,30,31534.470,0.838
2213,B,rx,2221,0,30,31544.505,0.632
2214,A,rx,2222,0,30,31555.603,0.864
2215,B,rx,2223,0,30,31566.001,0.963
2216,A,rx,2224,0,30,31576.113,0.631
2217,B,rx,2225,0,30,31587.152,0.989
2218,A,rx,2226,0,30,31597.463,0.921
2219,B,rx,2227,0,30,31608.612,0.928
2220,A,rx,2228,0,30,31619.620,1.075
2221,B,rx,2229,0,30,31629.901,1.114
2222,A,rx,2230,0,30,31640.268,0.734
2223,B,rx,2231,0,30,31650.198,0.981
2224,A,rx,2232,0,30,31661.314,0.940
2225,B,rx,2233,0,30,31671.569,0.560
2226,A,rx,2234,0,30,31681.828,0.607
2227,B,rx,2235,0,30,31692.762,0.590
2228,A,rx,2236,0,30,31702.996,0.573
2229,B,rx,2237,0,30,31713.210,0.679
2230,A,rx,2238,0,30,31724.327,0.999
2231,B,rx,2240,0,30,31746.714,0.742
2232,A,rx,2241,0,30,31756.835,0.681
2233,B,rx,2242,0,30,31767.184,0.904
2234,A,rx,2243,0,30,31778.064,0.865
2235,B,rx,2244,0,30,31788.324,0.921
2236,A,rx,2245,0,30,31798.567,0.578
2237,B,rx,2246,0,30,31808.772,0.942
2238,A,rx,2247,0,30,31819.792,0.866
2239,B,rx,2248,0,30,31830.105,0.710
2240,A,rx,2249,0,30,31840.235,0.990
2241,B,rx,2250,0,30,31851.299,0.919
2242,A,rx,2251,0,30,31862.580,0.628
2243,B,rx,2252,0,30,31872.780,0.758
2244,A,rx,2253,0,30,31883.713,0.629
2245,B,rx,2254,0,30,31893.891,0.960
2246,A,rx,2255,0,30,31904.216,0.556
2247,B,rx,2256,0,30,31915.322,0.893
2248,A,rx,2257,0,30,31925.529,0.820
2249,B,rx,2258,0,30,31935.734,0.878
2250,A,rx,2259,0,30,31945.862,0.603
2251,B,rx,2260,0,30,31956.927,0.587
2252,A,rx,2261,0,30,31967.241,0.707
2253,B,rx,2262,0,30,31978.248,0.604
2254,A,rx,2263,0,30,31989.499,0.570
2255,B,rx,2264,0,30,32000.655,0.604
2256,A,rx,2265,0,30,32010.815,0.876
2257,B,rx,2266,0,30,32021.051,0.614
2258,A,rx,2267,0,30,32031.275,0.657
2259,B,rx,2268,0,30,32042.348,0.674
2260,A,rx,2269,0,30,32052.596,0.944
2261,B,rx,2270,0,30,32062.767,0.641
2262,A,rx,2271,0,30,32073.813,0.755
2263,B,rx,2272,0,30,32084.197,0.931
2264,A,rx,2273,0,30,32094.220,0.634
2265,B,rx,2274,0,30,32105.306,0.534
2266,A,rx,2275,0,30,32115.634,0.793
2267,B,rx,2276,0,30,32126.806,0.570
2268,A,rx,2277,0,30,32138.205,0.588
2269,B,rx,2278,0,30,32148.030,0.878
2270,A,rx,2279,0,30,32158.244,0.526
2271,B,rx,2280,0,30,32169.310,0.650
2272,A,rx,2281,0,30,32179.419,0.560
2273,B,rx,2282,0,30,32189.714,0.889
2274,A,rx,2283,0,30,32200.716,0.640
2275,B,rx,2284,0,30,32210.929,0.601
2276,A,rx,2285,0,30,32221.267,0.622
2277,B,rx,2286,0,30,32231.369,0.881
2278,A,rx,2287,0,30,32242.415,0.911
2279,B,rx,2288,0,30,32253.757,0.610
2280,A,rx,2289,0,30,32263.825,0.631
2281,B,rx,2290,0,30,32274.908,0.598
2282,A,rx,2291,0,30,32285.206,0.958
2283,B,rx,2292,0,30,32295.357,0.928
2284,A,rx,2293,0,30,32306.409,0.634
2285,B,rx,2294,0,30,32316.586,0.560
2286,A,rx,2295,0,30,32326.881,0.664
2287,B,rx,2296,0,30,32337.900,0.901
2288,A,rx,2297,0,30,32348.162,0.609
2289,B,rx,2298,0,30,32358.490,0.571
2290,A,rx,2299,0,30,32369.269,0.977
2291,B,rx,2300,0,30,32380.676,0.961
2292,A,rx,2301,0,30,32390.882,0.934
2293,B,rx,2302,0,30,32401.029,0.928
2294,A,rx,2303,0,30,32412.143,0.917
2295,B,rx,2304,0,30,32422.436,0.603
2296,A,rx,2305,0,30,32432.647,0.642
2297,B,rx,2306,0,30,32443.608,0.937
2298,A,rx,2307,0,30,32453.977,0.704
2299,B,rx,2308,0,30,32464.078,0.945
2300,A,rx,2309,0,30,32475.174,0.972
2301,B,rx,2310,0,30,32485.421,0.580
2302,A,rx,2311,0,30,32495.541,0.597
2303,B,rx,2312,0,30,32506.525,0.541
2304,A,rx,2313,0,30,32517.894,0.574
2305,B,rx,2314,0,30,32528.088,0.653
2306,A,rx,2315,0,30,32539.069,0.921
2307,B,rx,2316,0,30,32550.305,0.613
2308,A,rx,2317,0,30,32559.509,0.917
2309,B,rx,2318,0,30,32569.703,0.640
2310,A,rx,2319,0,30,32580.653,0.933
2311,B,rx,2320,0,30,32592.133,0.612
2312,A,rx,2321,0,30,32601.189,0.860
2313,B,rx,2322,0,30,32612.217,0.709
2314,A,rx,2323,0,30,32622.443,0.628
2315,B,rx,2324,0,30,32632.689,0.584
2316,A,rx,2325,0,30,32644.838,0.983
2317,B,rx,2326,0,30,32654.907,0.589
2318,A,rx,2327,0,30,32665.234,0.928
2319,B,rx,2328,0,30,32676.211,0.599
2320,A,rx,2329,0,30,32686.331,0.570
2321,B,rx,2330,0,30,32696.764,0.640
2322,A,rx,2331,0,30,32706.863,0.759
2323,B,rx,2332,0,30,32717.917,0.541
2324,A,rx,2333,0,30,32728.414,1.000
2325,B,rx,2334,0,30,32738.462,0.637
2326,A,rx,2335,0,30,32749.370,0.878
2327,B,rx,2336,0,30,32759.702,0.766
2328,A,rx,2337,0,30,32770.838,0.595
2329,B,rx,2338,0,30,32781.945,0.930
2330,A,rx,2339,0,30,32792.191,0.605
2331,B,rx,2340,0,30,32802.298,0.551
2332,A,rx,2341,0,30,32813.321,0.602
2333,B,rx,2342,0,30,32823.560,0.602
2334,A,rx,2343,0,30,32833.954,0.641
2335,B,rx,2344,0,30,32843.976,0.881
2336,A,rx,2345,0,30,32855.005,0.659
2337,B,rx,2346,0,30,32865.290,0.609
2338,A,rx,2347,0,30,32875.471,0.952
2339,B,rx,2348,0,30,32886.551,0.566
2340,A,rx,2349,0,30,32896.801,0.692
2341,B,rx,2350,0,30,32908.041,0.624
2342,A,rx,2351,0,30,32919.056,0.513
2343,B,rx,2352,0,30,32929.223,0.634
2344,A,rx,2353,0,30,32939.465,0.953
2345,B,rx,2354,0,30,32950.618,0.606
2346,A,rx,2355,0,30,32960.803,0.732
2347,B,rx,2356,0,30,32971.951,0.620
2348,A,rx,2357,0,30,32982.040,0.580
2349,B,rx,2358,0,30,32992.362,0.911
2350,A,rx,2359,0,30,33003.399,0.729
2351,B,rx,2360,0,30,33013.570,0.658
2352,A,rx,2361,0,30,33023.815,0.581
2353,B,rx,2362,0,30,33034.921,0.617
2354,A,rx,2363,0,30,33046.028,0.648
2355,B,rx,2364,0,30,33056.303,0.566
2356,A,rx,2365,0,30,33066.511,0.622
2357,B,rx,2366,0,30,33077.508,0.609
2358,A,rx,2367,0,30,33087.804,0.574
2359,B,rx,2368,0,30,33098.109,0.948
2360,A,rx,2369,0,30,33109.036,0.626
2361,B,rx,2370,0,30,33119.314,0.877
2362,A,rx,2371,0,30,33129.539,0.861
2363,B,rx,2372,0,30,33140.506,0.560
2364,A,rx,2373,0,30,33150.874,0.564
2365,B,rx,2374,0,30,33162.071,0.615
2366,A,rx,2375,0,30,33173.116,0.606
2367,B,rx,2376,0,30,33183.229,0.587
2368,A,rx,2377,0,30,33193.521,0.842
2369,B,rx,2378,0,30,33204.549,0.912
2370,A,rx,2379,0,30,33214.801,0.560
2371,B,rx,2380,0,30,33225.121,0.956
2372,A,rx,2381,0,30,33235.245,0.570
2373,B,rx,2382,0,30,33246.295,0.654
2374,A,rx,2383,0,30,33256.528,0.607
2375,B,rx,2384,0,30,33266.638,0.597
2376,A,rx,2385,0,30,33277.638,0.876
2377,B,rx,2386,0,30,33287.995,0.708
2378,A,rx,2387,0,30,33299.253,0.962
2379,B,rx,2388,0,30,33310.291,0.896
2380,A,rx,2389,0,30,33320.363,0.860
2381,B,rx,2390,0,30,33330.632,0.600
2382,A,rx,2391,0,30,33341.702,0.624
2383,B,rx,2392,0,30,33351.894,0.869
2384,A,rx,2393,0,30,33362.366,0.603
2385,B,rx,2394,0,30,33373.413,0.602
2386,A,rx,2395,0,30,33384.333,0.876
2387,B,rx,2396,0,30,33394.544,0.823
2388,A,rx,2397,0,30,33404.789,0.680
2389,B,rx,2398,0,30,33415.144,1.074
2390,A,rx,2399,0,30,33427.022,0.616
2391,B,rx,2400,0,30,33437.320,0.537
2392,A,rx,2401,0,30,33447.517,0.594
2393,B,rx,2402,0,30,33458.520,0.590
2394,A,rx,2403,0,30,33468.771,0.567
2395,B,rx,2404,0,30,33479.059,0.579
2396,A,rx,2405,0,30,33490.016,0.566
2397,B,rx,2406,0,30,33500.390,0.880
2398,A,rx,2407,0,30,33510.539,0.588
2399,B,rx,2408,0,30,33521.579,0.549
2400,A,rx,2409,0,30,33531.761,0.799
2401,B,rx,2410,0,30,33541.916,0.564
2402,A,rx,2411,0,30,33553.155,0.934
2403,B,rx,2412,0,30,33564.242,0.658
2404,A,rx,2413,0,30,33574.563,0.961
2405,B,rx,2414,0,30,33584.691,0.637
2406,A,rx,2415,0,30,33595.807,0.997
2407,B,rx,2416,0,30,33606.002,0.898
2408,A,rx,2417,0,30,33616.248,0.674
2409,B,rx,2418,0,30,33627.194,0.656
2410,A,rx,2419,0,30,33637.530,0.579
2411,B,rx,2420,0,30,33647.713,0.912
2412,A,rx,2421,0,30,33658.762,0.966
2413,B,rx,2422,0,30,33669.082,0.906
2414,A,rx,2423,0,30,33681.200,0.928
2415,B,rx,2424,0,30,33691.318,0.907
2416,A,rx,2425,0,30,33701.547,0.894
2417,B,rx,2426,0,30,33712.532,0.940
2418,A,rx,2427,0,30,33722.804,0.571
2419,B,rx,2428,0,30,33733.055,0.658
2420,A,rx,2429,0,30,33744.055,0.597
2421,B,rx,2430,0,30,33754.299,0.614
2422,A,rx,2431,0,30,33764.544,0.612
2423,B,rx,2432,0,30,33774.588,0.949
2424,A,rx,2433,0,30,33785.690,0.616
2425,B,rx,2434,0,30,33796.053,0.836
2426,A,rx,2435,0,30,33806.404,0.561
2427,B,rx,2436,0,30,33818.176,0.927
2428,A,rx,2437,0,30,33828.523,0.715
2429,B,rx,2438,0,30,33838.710,0.904
2430,A,rx,2439,0,30,33849.743,0.615
2431,B,rx,2440,0,30,33860.092,0.627
2432,A,rx,2441,0,30,33870.193,0.537
2433,B,rx,2442,0,30,33881.261,0.975
2434,A,rx,2443,0,30,33891.326,0.882
2435,B,rx,2444,0,30,33901.713,0.588
2436,A,rx,2445,0,30,33911.933,0.948
2437,B,rx,2446,0,30,33922.840,0.932
2438,A,rx,2447,0,30,33933.255,0.693
2439,B,rx,2448,0,30,33944.374,0.577
2440,A,rx,2449,0,30,33955.301,0.607
2441,B,rx,2450,0,30,33965.748,0.883
2442,A,rx,2451,0,30,33975.943,0.656
2443,B,rx,2452,0,30,33986.894,0.891
2444,A,rx,2453,0,30,33997.223,0.906
2445,B,rx,2454,0,30,34007.377,0.562
2446,A,rx,2455,0,30,34018.405,0.917
2447,B,rx,2456,0,30,34028.559,0.946
2448,A,rx,2457,0,30,34038.930,0.882
2449,B,rx,2458,0,30,34048.901,0.574
2450,A,rx,2459,0,30,34060.108,0.981
2451,B,rx,2460,0,30,34071.427,0.894
2452,A,rx,2461,0,30,34081.439,0.935
2453,B,rx,2462,0,30,34092.591,0.644
2454,A,rx,2463,0,30,34103.593,0.740
2455,B,rx,2464,0,30,34113.002,0.615
2456,A,rx,2465,0,30,34124.072,0.550
2457,B,rx,2467,0,30,34145.533,0.641
2458,A,rx,2468,0,30,34155.525,0.643
2459,B,rx,2469,0,30,34165.742,0.606
2460,A,rx,2470,0,30,34176.054,0.980
2461,B,rx,2471,0,30,34186.204,0.912
2462,A,rx,2472,0,30,34197.198,0.596
2463,B,rx,2473,0,30,34208.630,0.632
2464,A,rx,2474,0,30,34218.650,0.903
2465,B,rx,2475,0,30,34229.772,0.643
2466,A,rx,2476,0,30,34240.066,0.605
2467,B,rx,2477,0,30,34250.271,0.909
2468,A,rx,2478,0,30,34261.213,0.587
2469,B,rx,2479,0,30,34271.384,0.622
2470,A,rx,2480,0,30,34281.715,0.604
2471,B,rx,2481,0,30,34292.628,0.569
2472,A,rx,2482,0,30,34302.896,0.918
2473,B,rx,2483,0,30,34313.187,0.577
2474,A,rx,2484,0,30,34323.352,0.551
2475,B,rx,2485,0,30,34335.403,0.581
2476,A,rx,2486,0,30,34345.690,1.024
2477,B,rx,2487,0,30,34355.896,0.735
2478,A,rx,2488,0,30,34366.870,0.927
2479,B,rx,2489,0,30,34377.183,0.956
2480,A,rx,2490,0,30,34387.370,0.874
2481,B,rx,2491,0,30,34398.373,0.884
2482,A,rx,2492,0,30,34408.558,0.638
2483,B,rx,2493,0,30,34418.919,0.990
2484,A,rx,2494,0,30,34429.899,0.701
2485,B,rx,2495,0,30,34440.063,0.866
2486,A,rx,2496,0,30,34450.342,0.633
2487,B,rx,2497,0,30,34461.536,0.959
2488,A,rx,2498,0,30,34472.595,0.857
2489,B,rx,2499,0,30,34482.768,0.548
2490,A,rx,2500,0,30,34493.069,0.921
2491,B,rx,2501,0,30,34504.135,0.552
2492,A,rx,2502,0,30,34514.371,0.965
2493,B,rx,2503,0,30,34524.450,0.914
2494,A,rx,2504,0,30,34535.533,0.629
2495,B,rx,2505,0,30,34545.729,0.634
2496,A,rx,2506,0,30,34556.035,1.011
2497,B,rx,2507,0,30,34567.092,0.954
2498,A,rx,2508,0,30,34577.258,0.994
2499,B,rx,2509,0,30,34587.432,0.924
2500,A,rx,2510,0,30,34598.625,0.906
2501,B,rx,2511,0,30,34609.631,0.814
2502,A,rx,2512,0,30,34620.024,0.621
2503,B,rx,2513,0,30,34630.282,0.913
2504,A,rx,2514,0,30,34641.367,0.620
2505,B,rx,2515,0,30,34651.538,0.955
2506,A,rx,2516,0,30,34661.677,0.573
2507,B,rx,2517,0,30,34672.881,0.870
2508,A,rx,2518,0,30,34683.039,0.739
2509,B,rx,2519,0,30,34693.305,0.583
2510,A,rx,2520,0,30,34704.156,0.582
2511,B,rx,2521,0,30,34715.235,0.633
2512,A,rx,2522,0,30,34725.729,0.750
2513,B,rx,2523,0,30,34735.897,0.754
2514,A,rx,2524,0,30,34746.969,0.620
2515,B,rx,2525,0,30,34757.159,0.594
2516,A,rx,2526,0,30,34767.443,0.561
2517,B,rx,2527,0,30,34778.334,0.622
2518,A,rx,2528,0,30,34788.551,0.611
2519,B,rx,2529,0,30,34798.851,0.584
2520,A,rx,2530,0,30,34809.838,0.622
2521,B,rx,2531,0,30,34820.100,0.553
2522,A,rx,2532,0,30,34830.642,0.611
2523,B,rx,2533,0,30,34841.328,0.909
2524,A,rx,2534,0,30,34852.507,0.723
2525,B,rx,2535,0,30,34862.805,0.687
2526,A,rx,2536,0,30,34872.993,0.630
2527,B,rx,2537,0,30,34883.994,0.906
2528,A,rx,2538,0,30,34894.428,0.993
2529,B,rx,2539,0,30,34904.482,0.914
2530,A,rx,2540,0,30,34915.486,0.597
2531,B,rx,2541,0,30,34926.160,0.671
2532,A,rx,2542,0,30,34936.057,0.594
2533,B,rx,2543,0,30,34947.004,0.651
2534,A,rx,2544,0,30,34957.209,0.575
2535,B,rx,2545,0,30,34967.532,0.934
2536,A,rx,2546,0,30,34978.515,0.933
2537,B,rx,2547,0,30,34989.686,0.868
2538,A,rx,2548,0,30,35000.042,0.583
2539,B,rx,2549,0,30,35010.123,0.900
2540,A,rx,2550,0,30,35021.208,0.597
2541,B,rx,2551,0,30,35031.536,0.613
2542,A,rx,2552,0,30,35041.560,0.926
2543,B,rx,2553,0,30,35052.780,0.854
2544,A,rx,2554,0,30,35062.933,0.814
2545,B,rx,2555,0,30,35073.196,0.942
2546,A,rx,2556,0,30,35084.227,0.940
2547,B,rx,2557,0,30,35094.431,0.900
2548,A,rx,2558,0,30,35104.622,0.855
2549,B,rx,2559,0,30,35116.769,0.915
2550,A,rx,2560,0,30,35126.937,0.973
2551,B,rx,2561,0,30,35137.183,0.952
2552,A,rx,2562,0,30,35147.316,0.879
2553,B,rx,2563,0,30,35158.399,0.919
2554,A,rx,2564,0,30,35168.653,0.922
2555,B,rx,2565,0,30,35178.725,0.946
2556,A,rx,2566,0,30,35189.762,0.914
2557,B,rx,2567,0,30,35200.186,0.658
2558,A,rx,2568,0,30,35210.342,0.945
2559,B,rx,2569,0,30,35221.384,0.969
2560,A,rx,2570,0,30,35231.513,0.929
2561,B,rx,2571,0,30,35242.831,0.889
2562,A,rx,2572,0,30,35253.889,0.924
2563,B,rx,2573,0,30,35264.021,0.920
2564,A,rx,2574,0,30,35274.307,0.920
2565,B,rx,2575,0,30,35284.487,0.602
2566,A,rx,2576,0,30,35295.622,0.943
2567,B,rx,2577,0,30,35306.629,0.787
2568,A,rx,2578,0,30,35317.090,0.882
2569,B,rx,2579,0,30,35327.173,0.589
2570,A,rx,2580,0,30,35337.341,0.925
2571,B,rx,2581,0,30,35348.467,0.644
2572,A,rx,2582,0,30,35358.612,0.919
2573,B,rx,2583,0,30,35368.863,0.982
2574,A,rx,2584,0,30,35380.870,0.927
2575,B,rx,2585,0,30,35391.158,0.828
2576,A,rx,2586,0,30,35401.291,0.582
2577,B,rx,2587,0,30,35412.352,0.583
2578,A,rx,2588,0,30,35422.484,0.657
2579,B,rx,2589,0,30,35432.839,0.746
2580,A,rx,2590,0,30,35443.859,0.925
2581,B,rx,2591,0,30,35454.020,0.878
2582,A,rx,2592,0,30,35464.341,0.977
2583,B,rx,2593,0,30,35474.474,0.889
2584,A,rx,2594,0,30,35485.543,0.955
2585,B,rx,2595,0,30,35495.833,0.707
2586,A,rx,2596,0,30,35507.023,0.906
2587,B,rx,2597,0,30,35518.081,0.991
2588,A,rx,2598,0,30,35528.346,0.923
2589,B,rx,2599,0,30,35539.350,0.630
2590,A,rx,2600,0,30,35549.507,0.916
2591,B,rx,2601,0,30,35559.746,0.914
2592,A,rx,2602,0,30,35569.944,0.595
2593,B,rx,2603,0,30,35581.112,1.077
2594,A,rx,2604,0,30,35591.403,0.758
2595,B,rx,2605,0,30,35601.522,1.045
2596,A,rx,2606,0,30,35612.446,0.810
2597,B,rx,2607,0,30,35622.731,0.596
2598,A,rx,2608,0,30,35633.959,0.957
2599,B,rx,2609,0,30,35645.066,0.638
2600,A,rx,2610,0,30,35655.219,0.903
2601,B,rx,2611,0,30,35665.453,0.768
2602,A,rx,2612,0,30,35676.468,0.619
2603,B,rx,2613,0,30,35686.678,0.566
2604,A,rx,2614,0,30,35696.987,0.905
2605,B,rx,2615,0,30,35708.127,1.099
2606,A,rx,2616,0,30,35718.183,0.737
2607,B,rx,2617,0,30,35728.607,1.078
2608,A,rx,2618,0,30,35738.805,0.728
2609,B,rx,2619,0,30,35749.660,0.581
2610,A,rx,2620,0,30,35760.930,0.651
2611,B,rx,2621,0,30,35771.132,0.527
2612,A,rx,2622,0,30,35782.142,0.714
2613,B,rx,2623,0,30,35792.375,0.906
2614,A,rx,2624,0,30,35802.600,0.590
2615,B,rx,2625,0,30,35813.611,0.549
2616,A,rx,2626,0,30,35823.933,0.610
2617,B,rx,2627,0,30,35835.033,0.907
2618,A,rx,2628,0,30,35845.361,0.722
2619,B,rx,2629,0,30,35855.380,0.547
2620,A,rx,2630,0,30,35866.453,0.938
2621,B,rx,2631,0,30,35876.640,0.580
2622,A,rx,2632,0,30,35886.860,0.588
2623,B,rx,2633,0,30,35898.155,0.596
2624,A,rx,2634,0,30,35909.159,0.635
2625,B,rx,2635,0,30,35919.480,0.902
2626,A,rx,2636,0,30,35929.632,0.919
2627,B,rx,2637,0,30,35940.590,0.567
2628,A,rx,2638,0,30,35950.982,0.953
2629,B,rx,2639,0,30,35961.149,0.875
2630,A,rx,2640,0,30,35972.184,0.998
2631,B,rx,2641,0,30,35982.895,0.963
2632,A,rx,2642,0,30,35992.656,0.542
2633,B,rx,2643,0,30,36003.735,0.887
2634,A,rx,2644,0,30,36013.913,0.921
2635,B,rx,2645,0,30,36025.077,0.600
2636,A,rx,2646,0,30,36036.146,0.657
2637,B,rx,2647,0,30,36046.253,0.666
2638,A,rx,2648,0,30,36056.649,0.556
2639,B,rx,2649,0,30,36067.695,0.940
2640,A,rx,2650,0,30,36077.778,0.941
2641,B,rx,2651,0,30,36088.175,0.593
2642,A,rx,2652,0,30,36098.382,0.667
2643,B,rx,2653,0,30,36109.379,0.584
2644,A,rx,2654,0,30,36119.631,0.809
2645,B,rx,2655,0,30,36130.608,0.781
2646,A,rx,2656,0,30,36140.953,0.668
2647,B,rx,2657,0,30,36152.137,0.623
2648,A,rx,2658,0,30,36163.127,0.642
2649,B,rx,2659,0,30,36173.518,0.599
2650,A,rx,2660,0,30,36183.570,0.707
2651,B,rx,2661,0,30,36194.605,0.609
2652,A,rx,2662,0,30,36204.830,0.569
2653,B,rx,2663,0,30,36215.555,0.893
2654,A,rx,2664,0,30,36225.369,0.901
2655,B,rx,2665,0,30,36236.285,0.939
2656,A,rx,2666,0,30,36246.620,0.628
2657,B,rx,2667,0,30,36256.751,0.576
2658,A,rx,2668,0,30,36267.843,0.541
2659,B,rx,2669,0,30,36278.121,0.546
2660,A,rx,2670,0,30,36289.321,0.613
2661,B,rx,2671,0,30,36300.305,0.584
2662,A,rx,2672,0,30,36310.446,0.868
2663,B,rx,2673,0,30,36320.760,0.593
2664,A,rx,2674,0,30,36331.833,0.613
2665,B,rx,2675,0,30,36341.992,0.951
2666,A,rx,2676,0,30,36352.328,0.645
2667,B,rx,2677,0,30,36362.424,0.648
2668,A,rx,2678,0,30,36373.469,0.606
2669,B,rx,2679,0,30,36383.722,0.535
2670,A,rx,2680,0,30,36394.761,0.952
2671,B,rx,2681,0,30,36405.025,0.903
2672,A,rx,2682,0,30,36416.359,0.988
2673,B,rx,2683,0,30,36427.246,0.577
2674,A,rx,2684,0,30,36437.495,0.902
2675,B,rx,2685,0,30,36447.794,0.631
2676,A,rx,2686,0,30,36457.988,0.917
2677,B,rx,2687,0,30,36469.005,0.968
2678,A,rx,2688,0,30,36479.323,0.610
2679,B,rx,2689,0,30,36489.419,0.679
2680,A,rx,2690,0,30,36500.397,0.965
2681,B,rx,2691,0,30,36510.817,0.734
2682,A,rx,2692,0,30,36520.969,0.887
2683,B,rx,2693,0,30,36532.021,0.675
2684,A,rx,2694,0,30,36543.136,0.560
2685,B,rx,2695,0,30,36553.520,0.613
2686,A,rx,2696,0,30,36564.473,0.600
2687,B,rx,2697,0,30,36574.684,0.602
2688,A,rx,2698,0,30,36584.917,0.740
2689,B,rx,2699,0,30,36595.137,0.669
2690,A,rx,2700,0,30,36606.272,0.681
2691,B,rx,2701,0,30,36616.444,0.958
2692,A,rx,2702,0,30,36626.551,0.853
2693,B,rx,2703,0,30,36637.666,0.751
2694,A,rx,2704,0,30,36647.895,0.960
2695,B,rx,2705,0,30,36658.035,0.615
2696,A,rx,2706,0,30,36669.141,0.591
2697,B,rx,2707,0,30,36680.258,0.589
2698,A,rx,2708,0,30,36690.579,0.536
2699,B,rx,2709,0,30,36701.633,0.590
2700,A,rx,2710,0,30,36711.779,0.588
2701,B,rx,2711,0,30,36722.098,0.629
2702,A,rx,2712,0,30,36732.256,0.578
2703,B,rx,2713,0,30,36743.368,0.958
2704,A,rx,2714,0,30,36753.576,0.868
2705,B,rx,2715,0,30,36763.755,0.617
2706,A,rx,2716,0,30,36774.846,0.631
2707,B,rx,2717,0,30,36785.049,0.651
2708,A,rx,2718,0,30,36796.196,0.660
2709,B,rx,2719,0,30,36807.366,0.917
2710,A,rx,2720,0,30,36817.453,0.933
2711,B,rx,2721,0,30,36827.752,0.978
2712,A,rx,2722,0,30,36838.773,0.917
2713,B,rx,2723,0,30,36849.073,0.589
2714,A,rx,2724,0,30,36859.334,0.872
2715,B,rx,2725,0,30,36870.210,0.613
2716,A,rx,2726,0,30,36880.514,0.568
2717,B,rx,2727,0,30,36890.723,0.631
2718,A,rx,2728,0,30,36901.811,0.993
2719,B,rx,2729,0,30,36912.248,0.926
2720,A,rx,2730,0,30,36922.249,0.566
2721,B,rx,2731,0,30,36934.359,0.977
2722,A,rx,2732,0,30,36944.515,0.925
2723,B,rx,2733,0,30,36954.885,0.742
2724,A,rx,2734,0,30,36965.794,0.953
2725,B,rx,2735,0,30,36975.960,0.585
2726,A,rx,2736,0,30,36986.411,0.920
2727,B,rx,2737,0,30,36997.314,0.972
2728,A,rx,2738,0,30,37007.391,0.536
2729,B,rx,2739,0,30,37017.795,0.715
2730,A,rx,2740,0,30,37028.850,0.998
2731,B,rx,2741,0,30,37038.967,0.962
2732,A,rx,2742,0,30,37049.319,0.575
2733,B,rx,2743,0,30,37059.416,0.878
2734,A,rx,2744,0,30,37071.520,0.941
2735,B,rx,2745,0,30,37081.775,0.727
2736,A,rx,2746,0,30,37091.882,0.594
2737,B,rx,2747,0,30,37102.982,0.942
2738,A,rx,2748,0,30,37113.210,0.737
2739,B,rx,2749,0,30,37123.408,1.026
2740,A,rx,2750,0,30,37134.423,0.614
2741,B,rx,2751,0,30,37144.551,0.919
2742,A,rx,2752,0,30,37155.005,0.928
2743,B,rx,2753,0,30,37165.918,0.982
2744,A,rx,2754,0,30,37176.181,0.639
2745,B,rx,2755,0,30,37186.372,0.624
2746,A,rx,2756,0,30,37197.583,0.833
2747,B,rx,2757,0,30,37208.616,0.884
2748,A,rx,2758,0,30,37218.938,0.919
2749,B,rx,2759,0,30,37229.073,0.736
2750,A,rx,2760,0,30,37240.111,0.920
2751,B,rx,2761,0,30,37250.453,0.586
2752,A,rx,2762,0,30,37260.566,0.879
2753,B,rx,2763,0,30,37271.647,0.542
2754,A,rx,2764,0,30,37281.813,1.019
2755,B,rx,2765,0,30,37292.090,0.922
2756,A,rx,2766,0,30,37303.925,0.622
2757,B,rx,2767,0,30,37313.381,0.962
2758,A,rx,2768,0,30,37324.717,0.963
2759,B,rx,2769,0,30,37334.790,0.567
2760,A,rx,2770,0,30,37345.772,0.574
2761,B,rx,2771,0,30,37356.149,0.540
2762,A,rx,2772,0,30,37366.282,0.985
2763,B,rx,2773,0,30,37377.362,0.920
2764,A,rx,2774,0,30,37387.638,0.915
2765,B,rx,2775,0,30,37397.833,0.956
2766,A,rx,2776,0,30,37408.914,0.603
2767,B,rx,2777,0,30,37418.969,0.648
2768,A,rx,2778,0,30,37430.161,0.660
2769,B,rx,2779,0,30,37440.341,0.644
2770,A,rx,2780,0,30,37451.436,0.579
2771,B,rx,2781,0,30,37461.723,0.613
2772,A,rx,2782,0,30,37471.770,0.557
2773,B,rx,2783,0,30,37482.989,0.603
2774,A,rx,2784,0,30,37493.277,0.520
2775,B,rx,2785,0,30,37503.586,0.941
2776,A,rx,2786,0,30,37514.385,0.901
2777,B,rx,2787,0,30,37524.717,0.599
2778,A,rx,2788,0,30,37534.858,0.853
2779,B,rx,2789,0,30,37545.891,0.577
2780,A,rx,2790,0,30,37556.210,0.934
2781,B,rx,2791,0,30,37566.502,0.640
2782,A,rx,2792,0,30,37577.422,0.612
2783,B,rx,2793,0,30,37588.609,0.948
2784,A,rx,2794,0,30,37598.886,0.686
2785,B,rx,2795,0,30,37609.123,0.647
2786,A,rx,2796,0,30,37620.080,0.650
2787,B,rx,2797,0,30,37630.418,0.969
2788,A,rx,2798,0,30,37640.461,0.947
2789,B,rx,2799,0,30,37651.634,0.909
2790,A,rx,2800,0,30,37661.875,0.944
2791,B,rx,2801,0,30,37672.002,0.652
2792,A,rx,2802,0,30,37683.105,0.941
2793,B,rx,2803,0,30,37693.303,0.877
2794,A,rx,2804,0,30,37703.548,0.547
2795,B,rx,2805,0,30,37715.658,0.926
2796,A,rx,2806,0,30,37725.741,0.593
2797,B,rx,2807,0,30,37736.165,0.859
2798,A,rx,2808,0,30,37746.189,0.617
2799,B,rx,2809,0,30,37757.247,0.585
2800,A,rx,2810,0,30,37767.639,0.936
2801,B,rx,2811,0,30,37777.751,0.729
2802,A,rx,2812,0,30,37788.708,0.942
2803,B,rx,2813,0,30,37798.915,0.918
2804,A,rx,2814,0,30,37809.158,0.607
2805,B,rx,2815,0,30,37820.239,0.886
2806,A,rx,2816,0,30,37830.567,1.004
2807,B,rx,2817,0,30,37841.719,0.876
2808,A,rx,2818,0,30,37852.812,0.588
2809,B,rx,2819,0,30,37863.193,0.942
2810,A,rx,2820,0,30,37873.230,0.576
2811,B,rx,2821,0,30,37884.201,0.911
2812,A,rx,2822,0,30,37894.420,0.618
2813,B,rx,2823,0,30,37904.701,0.892
2814,A,rx,2824,0,30,37914.886,0.900
2815,B,rx,2825,0,30,37925.928,0.653
2816,A,rx,2826,0,30,37936.262,0.550
2817,B,rx,2827,0,30,37947.260,0.604
2818,A,rx,2828,0,30,37957.552,0.948
2819,B,rx,2829,0,30,37967.703,0.931
2820,A,rx,2830,0,30,37979.801,0.968
2821,B,rx,2831,0,30,37989.947,0.638
2822,A,rx,2832,0,30,38000.260,0.941
2823,B,rx,2833,0,30,38011.241,0.625
2824,A,rx,2834,0,30,38021.496,0.576
2825,B,rx,2835,0,30,38031.696,0.636
2826,A,rx,2836,0,30,38042.807,0.576
2827,B,rx,2837,0,30,38052.878,0.578
2828,A,rx,2838,0,30,38063.179,0.571
2829,B,rx,2839,0,30,38074.339,0.692
2830,A,rx,2840,0,30,38084.444,0.569
2831,B,rx,2841,0,30,38094.723,0.575
2832,A,rx,2842,0,30,38105.898,0.720
2833,B,rx,2843,0,30,38116.981,0.679
2834,A,rx,2844,0,30,38127.188,0.624
2835,B,rx,2845,0,30,38137.410,0.573
2836,A,rx,2846,0,30,38148.438,0.633
2837,B,rx,2847,0,30,38158.642,0.621
2838,A,rx,2848,0,30,38168.930,0.946
2839,B,rx,2849,0,30,38179.951,0.975
2840,A,rx,2850,0,30,38190.101,0.872
2841,B,rx,2851,0,30,38200.415,0.982
2842,A,rx,2852,0,30,38211.423,0.934
2843,B,rx,2853,0,30,38221.599,0.975
2844,A,rx,2854,0,30,38232.878,0.671
2845,B,rx,2855,0,30,38243.006,0.605
2846,A,rx,2856,0,30,38254.099,0.650
2847,B,rx,2857,0,30,38264.388,0.647
2848,A,rx,2858,0,30,38274.530,0.588
2849,B,rx,2859,0,30,38285.579,0.600
2850,A,rx,2860,0,30,38295.837,0.567
2851,B,rx,2861,0,30,38305.965,0.593
2852,A,rx,2862,0,30,38317.106,0.617
2853,B,rx,2863,0,30,38327.244,0.626
2854,A,rx,2864,0,30,38337.529,0.605
2855,B,rx,2865,0,30,38347.592,0.625
2856,A,rx,2866,0,30,38358.821,0.611
2857,B,rx,2867,0,30,38369.942,0.595
2858,A,rx,2868,0,30,38380.206,0.690
2859,B,rx,2869,0,30,38391.262,0.899
2860,A,rx,2870,0,30,38401.587,0.638
2861,B,rx,2871,0,30,38411.747,0.701
2862,A,rx,2872,0,30,38423.115,0.998
2863,B,rx,2873,0,30,38433.043,0.906
2864,A,rx,2874,0,30,38443.377,0.926
2865,B,rx,2875,0,30,38454.183,0.954
2866,A,rx,2876,0,30,38464.411,0.919
2867,B,rx,2877,0,30,38474.670,0.592
2868,A,rx,2878,0,30,38485.745,0.562
2869,B,rx,2879,0,30,38496.888,0.993
2870,A,rx,2880,0,30,38507.248,0.912
2871,B,rx,2881,0,30,38517.384,0.558
2872,A,rx,2882,0,30,38528.396,0.868
2873,B,rx,2883,0,30,38538.636,0.542
2874,A,rx,2884,0,30,38549.749,0.748
2875,B,rx,2885,0,30,38560.016,0.626
2876,A,rx,2886,0,30,38570.247,0.573
2877,B,rx,2887,0,30,38580.456,1.028
2878,A,rx,2888,0,30,38591.375,0.863
2879,B,rx,2889,0,30,38601.489,0.559
2880,A,rx,2890,0,30,38611.868,0.726
2881,B,rx,2891,0,30,38623.869,0.611
2882,A,rx,2892,0,30,38634.931,0.666
2883,B,rx,2893,0,30,38644.445,0.583
2884,A,rx,2894,0,30,38654.563,0.597
2885,B,rx,2895,0,30,38665.544,0.954
2886,A,rx,2896,0,30,38675.828,0.964
2887,B,rx,2897,0,30,38686.091,0.912
2888,A,rx,2898,0,30,38697.053,0.605
2889,B,rx,2899,0,30,38707.506,0.911
2890,A,rx,2900,0,30,38717.467,0.609
2891,B,rx,2901,0,30,38728.673,0.635
2892,A,rx,2902,0,30,38739.086,0.914
2893,B,rx,2903,0,30,38748.994,0.901
2894,A,rx,2904,0,30,38761.078,0.826
2895,B,rx,2905,0,30,38771.427,0.631
2896,A,rx,2906,0,30,38781.545,0.812
2897,B,rx,2907,0,30,38792.511,0.918
2898,A,rx,2908,0,30,38802.912,0.684
2899,B,rx,2909,0,30,38812.982,0.588
2900,A,rx,2910,0,30,38824.259,0.908
2901,B,rx,2911,0,30,38834.260,0.708
2902,A,rx,2912,0,30,38844.490,0.567
2903,B,rx,2913,0,30,38854.619,0.599
2904,A,rx,2914,0,30,38865.785,0.963
2905,B,rx,2915,0,30,38876.017,0.903
2906,A,rx,2916,0,30,38887.187,0.610
2907,B,rx,2917,0,30,38898.239,0.607
2908,A,rx,2918,0,30,38908.585,0.915
2909,B,rx,2919,0,30,38918.668,0.878
2910,A,rx,2920,0,30,38929.709,0.933
2911,B,rx,2921,0,30,38939.890,0.614
2912,A,rx,2922,0,30,38950.124,0.585
2913,B,rx,2923,0,30,38961.257,0.841
2914,A,rx,2924,0,30,38971.544,0.655
2915,B,rx,2925,0,30,38982.502,0.675
2916,A,rx,2926,0,30,38992.742,0.938
2917,B,rx,2927,0,30,39003.088,0.954
2918,A,rx,2928,0,30,39014.300,0.980
2919,B,rx,2929,0,30,39025.294,0.976
2920,A,rx,2930,0,30,39035.484,0.961
2921,B,rx,2931,0,30,39045.687,0.802
2922,A,rx,2932,0,30,39056.665,0.594
2923,B,rx,2933,0,30,39066.986,0.599
2924,A,rx,2934,0,30,39077.243,0.971
2925,B,rx,2935,0,30,39088.259,0.930
2926,A,rx,2936,0,30,39098.497,0.990
2927,B,rx,2937,0,30,39108.664,0.679
2928,A,rx,2938,0,30,39119.682,0.607
2929,B,rx,2939,0,30,39129.988,1.003
2930,A,rx,2940,0,30,39140.612,0.604
2931,B,rx,2941,0,30,39151.388,0.587
2932,A,rx,2942,0,30,39162.389,0.597
2933,B,rx,2943,0,30,39172.675,0.592
2934,A,rx,2944,0,30,39182.813,0.634
2935,B,rx,2945,0,30,39193.932,0.904
2936,A,rx,2946,0,30,39204.192,0.897
2937,B,rx,2947,0,30,39214.363,0.710
2938,A,rx,2948,0,30,39225.377,0.967
2939,B,rx,2949,0,30,39235.617,0.922
2940,A,rx,2950,0,30,39245.923,0.739
2941,B,rx,2951,0,30,39256.798,0.558
2942,A,rx,2952,0,30,39267.136,0.902
2943,B,rx,2953,0,30,39278.261,0.878
2944,A,rx,2954,0,30,39288.450,0.585
2945,B,rx,2955,0,30,39299.617,0.599
2946,A,rx,2956,0,30,39309.877,0.629
2947,B,rx,2957,0,30,39320.048,0.691
2948,A,rx,2958,0,30,39331.102,0.600
2949,B,rx,2959,0,30,39341.283,0.584
2950,A,rx,2960,0,30,39351.537,0.925
2951,B,rx,2961,0,30,39362.534,0.615
2952,A,rx,2962,0,30,39372.664,0.611
2953,B,rx,2963,0,30,39383.800,0.611
2954,A,rx,2964,0,30,39394.363,0.613
2955,B,rx,2965,0,30,39405.134,0.598
2956,A,rx,2966,0,30,39415.373,0.703
2957,B,rx,2967,0,30,39425.582,0.574
2958,A,rx,2968,0,30,39436.673,0.781
2959,B,rx,2969,0,30,39446.982,0.604
2960,A,rx,2970,0,30,39457.141,0.513
2961,B,rx,2971,0,30,39468.186,0.610
2962,A,rx,2972,0,30,39478.419,0.515
2963,B,rx,2973,0,30,39488.556,0.961
2964,A,rx,2974,0,30,39499.718,0.703
2965,B,rx,2975,0,30,39509.899,0.914
2966,A,rx,2976,0,30,39520.195,0.921
2967,B,rx,2977,0,30,39532.320,0.929
2968,A,rx,2978,0,30,39542.457,0.579
2969,B,rx,2979,0,30,39552.710,0.751
2970,A,rx,2980,0,30,39563.764,0.630
2971,B,rx,2981,0,30,39573.920,0.705
2972,A,rx,2982,0,30,39584.217,0.954
2973,B,rx,2983,0,30,39595.284,1.034
2974,A,rx,2984,0,30,39605.558,0.754
2975,B,rx,2985,0,30,39615.864,1.105
2976,A,rx,2986,0,30,39625.877,1.014
2977,B,rx,2987,0,30,39636.932,0.713
2978,A,rx,2988,0,30,39647.077,0.968
2979,B,rx,2989,0,30,39658.255,0.613
2980,A,rx,2990,0,30,39669.412,1.029
2981,B,rx,2991,0,30,39679.668,0.590
2982,A,rx,2992,0,30,39689.879,0.965
2983,B,rx,2993,0,30,39700.960,0.941
2984,A,rx,2994,0,30,39711.141,0.559
2985,B,rx,2995,0,30,39721.324,0.565
2986,A,rx,2996,0,30,39732.439,0.614
2987,B,rx,2997,0,30,39742.657,0.552
2988,A,rx,2998,0,30,39753.720,0.551
2989,B,rx,2999,0,30,39763.968,0.590
2990,A,rx,3000,0,30,40096.183,0.668
2991,B,rx,3001,0,30,40106.391,0.593
2992,A,rx,3002,0,30,40116.553,0.752
2993,B,rx,3003,0,30,40126.951,1.137
2994,A,rx,3004,0,30,40137.791,1.053
2995,B,rx,3005,0,30,40148.216,0.997
2996,A,rx,3006,0,30,40158.152,0.572
2997,B,rx,3007,0,30,40169.212,0.655
2998,A,rx,3008,0,30,40179.359,0.908
2999,B,rx,3009,0,30,40190.678,0.492
3000,A,rx,3010,0,30,40200.912,0.811
3001,B,rx,3011,0,30,40210.991,0.598
3002,A,rx,3012,0,30,40222.133,0.623
3003,B,rx,3013,0,30,40232.227,0.578
3004,A,rx,3014,0,30,40242.521,0.899
3005,B,rx,3015,0,30,40252.795,0.809
3006,A,rx,3016,0,30,40262.706,0.579
3007,B,rx,3017,0,30,40273.814,0.614
3008,A,rx,3018,0,30,40284.074,0.575
3009,B,rx,3019,0,30,40295.293,0.940
3010,A,rx,3020,0,30,40304.459,0.877
3011,B,rx,3021,0,30,40316.565,0.751
3012,A,rx,3022,0,30,40326.634,0.611
3013,B,rx,3023,0,30,40336.882,0.591
3014,A,rx,3024,0,30,40347.202,0.921
3015,B,rx,3025,0,30,40357.406,0.904
3016,A,rx,3026,0,30,40368.366,0.623
3017,B,rx,3027,0,30,40378.538,0.602
3018,A,rx,3028,0,30,40388.851,0.553
3019,B,rx,3029,0,30,40399.020,0.997
3020,A,rx,3030,0,30,40409.250,0.672
3021,B,rx,3031,0,30,40420.262,1.007
3022,A,rx,3032,0,30,40430.517,0.889
3023,B,rx,3033,0,30,40440.665,0.971
3024,A,rx,3034,0,30,40451.891,0.912
3025,B,rx,3035,0,30,40462.797,0.822
3026,A,rx,3036,0,30,40473.043,0.973
3027,B,rx,3037,0,30,40483.299,0.912
3028,A,rx,3038,0,30,40493.547,0.595
3029,B,rx,3039,0,30,40503.574,0.642
3030,A,rx,3040,0,30,40514.686,0.936
3031,B,rx,3041,0,30,40524.803,0.542
3032,A,rx,3042,0,30,40535.214,0.996
3033,B,rx,3043,0,30,40545.351,0.896
3034,A,rx,3044,0,30,40555.458,0.876
3035,B,rx,3045,0,30,40566.537,0.984
3036,A,rx,3046,0,30,40577.684,0.649
3037,B,rx,3047,0,30,40587.922,0.575
3038,A,rx,3048,0,30,40598.010,0.576
3039,B,rx,3049,0,30,40609.239,0.950
3040,A,rx,3050,0,30,40619.377,0.959
3041,B,rx,3052,0,30,40639.815,0.672
3042,A,rx,3053,0,30,40649.914,0.974
3043,B,rx,3054,0,30,40661.038,0.982
3044,A,rx,3055,0,30,40671.188,0.580
3045,B,rx,3056,0,30,40681.386,0.881
3046,A,rx,3057,0,30,40691.635,0.572
3047,B,rx,3058,0,30,40702.754,0.624
3048,A,rx,3059,0,30,40713.867,0.897
3049,B,rx,3060,0,30,40723.928,0.877
3050,A,rx,3061,0,30,40734.343,0.905
3051,B,rx,3062,0,30,40744.478,0.833
3052,A,rx,3063,0,30,40754.519,0.620
3053,B,rx,3064,0,30,40765.633,0.583
3054,A,rx,3065,0,30,40775.749,0.677
3055,B,rx,3066,0,30,40786.157,0.612
3056,A,rx,3067,0,30,40796.179,0.607
3057,B,rx,3068,0,30,40807.210,0.681
3058,A,rx,3069,0,30,40817.446,0.574
3059,B,rx,3070,0,30,40827.543,0.588
3060,A,rx,3071,0,30,40839.041,0.997
3061,B,rx,3072,0,30,40850.142,0.950
3062,A,rx,3073,0,30,40860.182,0.904
3063,B,rx,3074,0,30,40870.368,0.637
3064,A,rx,3075,0,30,40880.604,0.553
3065,B,rx,3076,0,30,40890.698,0.544
3066,A,rx,3077,0,30,40901.823,1.036
3067,B,rx,3078,0,30,40911.982,0.709
3068,A,rx,3079,0,30,40922.310,0.654
3069,B,rx,3080,0,30,40932.434,0.953
3070,A,rx,3081,0,30,40942.450,0.565
3071,B,rx,3082,0,30,40953.552,0.535
3072,A,rx,3083,0,30,40964.785,0.740
3073,B,rx,3084,0,30,40975.092,0.945
3074,A,rx,3085,0,30,40985.295,0.913
3075,B,rx,3086,0,30,40995.449,0.650
3076,A,rx,3087,0,30,41006.438,0.911
3077,B,rx,3088,0,30,41016.609,0.925
3078,A,rx,3089,0,30,41027.136,0.977
3079,B,rx,3090,0,30,41037.106,0.930
3080,A,rx,3091,0,30,41047.216,0.932
3081,B,rx,3092,0,30,41059.307,0.587
3082,A,rx,3093,0,30,41068.453,0.871
3083,B,rx,3094,0,30,41078.725,0.685
3084,A,rx,3095,0,30,41089.722,0.922
3085,B,rx,3096,0,30,41100.988,0.613
3086,A,rx,3097,0,30,41111.128,0.889
3087,B,rx,3098,0,30,41121.306,0.908
3088,A,rx,3099,0,30,41131.590,0.684
3089,B,rx,3100,0,30,41141.659,0.921
3090,A,rx,3101,0,30,41152.731,0.911
3091,B,rx,3102,0,30,41162.832,0.562
3092,A,rx,3103,0,30,41173.221,0.580
3093,B,rx,3104,0,30,41183.368,0.609
3094,A,rx,3105,0,30,41193.423,0.557
3095,B,rx,3106,0,30,41204.595,0.611
3096,A,rx,3107,0,30,41214.664,0.758
3097,B,rx,3108,0,30,41226.000,0.946
3098,A,rx,3109,0,30,41236.172,0.578
3099,B,rx,3110,0,30,41246.325,0.535
3100,A,rx,3111,0,30,41257.368,0.650
3101,B,rx,3112,0,30,41267.644,0.978
3102,A,rx,3113,0,30,41277.856,0.900
3103,B,rx,3114,0,30,41287.997,0.913
3104,A,rx,3115,0,30,41298.958,0.689
3105,B,rx,3116,0,30,41309.154,0.543
3106,A,rx,3117,0,30,41319.346,0.582
3107,B,rx,3118,0,30,41329.615,0.895
3108,A,rx,3119,0,30,41339.702,0.634
3109,B,rx,3120,0,30,41351.305,0.590
3110,A,rx,3121,0,30,41361.997,0.580
3111,B,rx,3122,0,30,41372.293,0.653
3112,A,rx,3123,0,30,41382.493,0.907
3113,B,rx,3124,0,30,41392.564,0.585
3114,A,rx,3125,0,30,41403.723,0.722
3115,B,rx,3126,0,30,41413.893,1.070
3116,A,rx,3127,0,30,41424.198,0.974
3117,B,rx,3128,0,30,41434.262,0.591
3118,A,rx,3129,0,30,41444.473,0.592
3119,B,rx,3130,0,30,41455.486,0.876
3120,A,rx,3131,0,30,41465.735,0.915
3121,B,rx,3132,0,30,41475.972,0.846
3122,A,rx,3133,0,30,41487.120,0.898
3123,B,rx,3134,0,30,41498.220,0.603
3124,A,rx,3135,0,30,41509.409,0.587
3125,B,rx,3136,0,30,41518.559,0.946
3126,A,rx,3137,0,30,41528.777,0.691
3127,B,rx,3138,0,30,41538.924,0.916
3128,A,rx,3139,0,30,41549.991,0.862
3129,B,rx,3140,0,30,41560.168,0.861
3130,A,rx,3141,0,30,41570.490,0.900
3131,B,rx,3142,0,30,41580.638,0.642
3132,A,rx,3143,0,30,41590.777,0.890
3133,B,rx,3144,0,30,41601.709,0.947
3134,A,rx,3145,0,30,41612.953,0.959
3135,B,rx,3146,0,30,41623.335,0.616
3136,A,rx,3147,0,30,41633.388,0.877
3137,B,rx,3148,0,30,41644.497,0.770
3138,A,rx,3149,0,30,41654.688,0.627
3139,B,rx,3150,0,30,41664.895,0.957
3140,A,rx,3151,0,30,41675.175,0.894
3141,B,rx,3152,0,30,41686.087,0.608
3142,A,rx,3153,0,30,41696.435,0.572
3143,B,rx,3154,0,30,41706.354,0.599
3144,A,rx,3155,0,30,41716.818,0.892
3145,B,rx,3156,0,30,41726.941,0.799
3146,A,rx,3157,0,30,41737.180,0.980
3147,B,rx,3158,0,30,41749.207,0.641
3148,A,rx,3159,0,30,41759.234,0.531
3149,B,rx,3160,0,30,41769.506,0.616
3150,A,rx,3161,0,30,41779.734,0.579
3151,B,rx,3162,0,30,41790.078,1.011
3152,A,rx,3163,0,30,41800.959,0.758
3153,B,rx,3164,0,30,41811.030,0.616
3154,A,rx,3165,0,30,41821.501,0.618
3155,B,rx,3166,0,30,41831.568,0.943
3156,A,rx,3167,0,30,41842.595,0.726
3157,B,rx,3168,0,30,41852.924,0.575
3158,A,rx,3169,0,30,41863.099,0.648
3159,B,rx,3170,0,30,41875.119,0.907
3160,A,rx,3171,0,30,41885.297,0.888
3161,B,rx,3172,0,30,41895.561,0.624
3162,A,rx,3173,0,30,41905.597,0.649
3163,B,rx,3174,0,30,41916.803,0.627
3164,A,rx,3175,0,30,41926.894,0.669
3165,B,rx,3176,0,30,41937.234,0.591
3166,A,rx,3177,0,30,41947.335,0.544
3167,B,rx,3178,0,30,41957.438,0.597
3168,A,rx,3179,0,30,41968.485,0.643
3169,B,rx,3180,0,30,41978.810,0.897
3170,A,rx,3181,0,30,41988.998,0.643
3171,B,rx,3182,0,30,41999.298,0.623
3172,A,rx,3183,0,30,42010.361,0.850
3173,B,rx,3184,0,30,42021.504,0.986
3174,A,rx,3185,0,30,42031.589,0.818
3175,B,rx,3186,0,30,42041.916,0.815
3176,A,rx,3187,0,30,42052.116,0.659
3177,B,rx,3188,0,30,42063.080,0.572
3178,A,rx,3189,0,30,42073.193,0.618
3179,B,rx,3191,0,30,42093.668,0.926
3180,A,rx,3192,0,30,42103.799,0.614
3181,B,rx,3193,0,30,42114.858,0.877
3182,A,rx,3194,0,30,42125.051,0.878
3183,B,rx,3195,0,30,42136.373,0.962
3184,A,rx,3196,0,30,42146.552,0.587
3185,B,rx,3197,0,30,42156.588,0.617
3186,A,rx,3198,0,30,42167.671,0.595
3187,B,rx,3199,0,30,42177.924,0.630
3188,A,rx,3200,0,30,42188.298,0.537
3189,B,rx,3201,0,30,42198.281,0.590
3190,A,rx,3202,0,30,42208.530,0.934
3191,B,rx,3203,0,30,42219.513,0.928
3192,A,rx,3204,0,30,42229.770,0.591
3193,B,rx,3205,0,30,42239.992,0.610
3194,A,rx,3206,0,30,42250.145,0.983
3195,B,rx,3207,0,30,42261.231,0.556
3196,A,rx,3208,0,30,42272.384,0.948
3197,B,rx,3209,0,30,42282.590,0.588
3198,A,rx,3210,0,30,42293.710,0.586
3199,B,rx,3211,0,30,42303.862,0.568
3200,A,rx,3212,0,30,42314.169,0.553
3201,B,rx,3213,0,30,42324.222,0.625
3202,A,rx,3214,0,30,42334.527,0.907
3203,B,rx,3215,0,30,42345.475,0.603
3204,A,rx,3216,0,30,42355.749,0.673
3205,B,rx,3217,0,30,42366.006,0.963
3206,A,rx,3218,0,30,42376.113,0.591
3207,B,rx,3219,0,30,42386.211,0.567
3208,A,rx,3220,0,30,42398.435,0.583
3209,B,rx,3221,0,30,42408.725,0.594
3210,A,rx,3222,0,30,42419.676,0.646
3211,B,rx,3223,0,30,42429.772,0.616
3212,A,rx,3224,0,30,42440.035,0.677
3213,B,rx,3225,0,30,42450.345,0.647
3214,A,rx,3226,0,30,42460.384,0.596
3215,B,rx,3227,0,30,42471.482,0.619
3216,A,rx,3228,0,30,42481.848,0.565
3217,B,rx,3229,0,30,42492.165,0.570
3218,A,rx,3230,0,30,42502.148,0.614
3219,B,rx,3231,0,30,42512.242,0.568
3220,A,rx,3232,0,30,42524.478,0.638
3221,B,rx,3233,0,30,42534.473,0.653
3222,A,rx,3234,0,30,42544.875,0.572
3223,B,rx,3235,0,30,42554.906,0.685
3224,A,rx,3236,0,30,42565.118,0.608
3225,B,rx,3237,0,30,42576.089,0.611
3226,A,rx,3238,0,30,42586.259,0.531
3227,B,rx,3239,0,30,42596.518,0.572
3228,A,rx,3240,0,30,42606.757,0.601
3229,B,rx,3241,0,30,42617.837,0.666
3230,A,rx,3242,0,30,42627.958,0.581
3231,B,rx,3243,0,30,42638.206,0.628
3232,A,rx,3244,0,30,42648.450,0.574
3233,B,rx,3245,0,30,42659.490,1.044
3234,A,rx,3246,0,30,42671.669,0.561
3235,B,rx,3247,0,30,42680.742,0.574
3236,A,rx,3248,0,30,42691.370,0.971
3237,B,rx,3249,0,30,42701.311,0.684
3238,A,rx,3250,0,30,42711.454,0.551
3239,B,rx,3251,0,30,42722.398,0.550
3240,A,rx,3252,0,30,42732.638,0.613
3241,B,rx,3253,0,30,42742.922,0.583
3242,A,rx,3254,0,30,42753.065,0.552
3243,B,rx,3255,0,30,42763.193,0.576
3244,A,rx,3256,0,30,42774.295,0.653
3245,B,rx,3257,0,30,42785.483,0.628
3246,A,rx,3258,0,30,42795.833,0.629
3247,B,rx,3259,0,30,42805.834,0.636
3248,A,rx,3260,0,30,42816.963,0.598
3249,B,rx,3261,0,30,42827.124,0.588
3250,A,rx,3262,0,30,42838.336,0.581
3251,B,rx,3263,0,30,42847.451,0.564
3252,A,rx,3264,0,30,42857.781,0.750
3253,B,rx,3265,0,30,42868.739,0.569
3254,A,rx,3266,0,30,42878.936,0.611
3255,B,rx,3267,0,30,42889.102,0.640
3256,A,rx,3268,0,30,42899.402,0.572
3257,B,rx,3269,0,30,42909.559,0.625
3258,A,rx,3270,0,30,42921.594,0.996
3259,B,rx,3271,0,30,42931.701,0.590
3260,A,rx,3272,0,30,42942.076,0.989
3261,B,rx,3273,0,30,42952.167,0.897
3262,A,rx,3274,0,30,42962.344,0.604
3263,B,rx,3275,0,30,42973.384,0.665
3264,A,rx,3276,0,30,42983.640,0.589
3265,B,rx,3277,0,30,42993.907,0.890
3266,A,rx,3278,0,30,43004.003,0.868
3267,B,rx,3279,0,30,43015.019,0.646
3268,A,rx,3280,0,30,43025.220,0.978
3269,B,rx,3281,0,30,43035.445,0.900
3270,A,rx,3282,0,30,43046.576,0.590
3271,B,rx,3283,0,30,43057.764,0.600
3272,A,rx,3284,0,30,43067.922,0.691
3273,B,rx,3285,0,30,43078.154,0.662
3274,A,rx,3286,0,30,43088.346,0.871
3275,B,rx,3287,0,30,43098.520,0.834
3276,A,rx,3288,0,30,43109.591,0.717
3277,B,rx,3289,0,30,43119.774,0.641
3278,A,rx,3290,0,30,43130.034,0.573
3279,B,rx,3291,0,30,43140.250,0.989
3280,A,rx,3292,0,30,43150.345,0.885
3281,B,rx,3293,0,30,43161.446,0.892
3282,A,rx,3294,0,30,43171.528,0.835
3283,B,rx,3295,0,30,43182.906,0.705
3284,A,rx,3296,0,30,43193.994,0.625
3285,B,rx,3297,0,30,43203.123,1.002
3286,A,rx,3298,0,30,43214.274,0.575
3287,B,rx,3299,0,30,43224.377,0.600
3288,A,rx,3300,0,30,43234.690,0.915
3289,B,rx,3301,0,30,43244.833,0.873
3290,A,rx,3302,0,30,43255.859,0.575
3291,B,rx,3303,0,30,43266.048,0.897
3292,A,rx,3304,0,30,43276.341,0.592
3293,B,rx,3305,0,30,43286.490,0.597
3294,A,rx,3306,0,30,43296.629,0.562
3295,B,rx,3307,0,30,43308.696,0.941
3296,A,rx,3308,0,30,43318.858,0.622
3297,B,rx,3309,0,30,43329.122,0.815
3298,A,rx,3310,0,30,43340.170,0.591
3299,B,rx,3311,0,30,43350.410,0.662
3300,A,rx,3312,0,30,43360.818,0.600
3301,B,rx,3313,0,30,43370.910,0.655
3302,A,rx,3314,0,30,43381.750,0.596
3303,B,rx,3315,0,30,43391.976,0.584
3304,A,rx,3316,0,30,43402.221,0.594
3305,B,rx,3317,0,30,43412.433,0.641
3306,A,rx,3318,0,30,43422.558,1.010
3307,B,rx,3319,0,30,43434.632,0.816
3308,A,rx,3320,0,30,43445.002,0.764
3309,B,rx,3321,0,30,43455.095,0.620
3310,A,rx,3322,0,30,43466.186,0.602
3311,B,rx,3323,0,30,43476.309,0.963
3312,A,rx,3324,0,30,43486.613,1.119
3313,B,rx,3325,0,30,43496.877,1.078
3314,A,rx,3326,0,30,43507.021,1.072
3315,B,rx,3327,0,30,43518.123,1.049
3316,A,rx,3328,0,30,43528.153,0.949
3317,B,rx,3329,0,30,43538.510,0.976
3318,A,rx,3330,0,30,43548.617,0.935
3319,B,rx,3331,0,30,43558.909,0.927
3320,A,rx,3332,0,30,43570.833,0.877
3321,B,rx,3333,0,30,43581.029,0.934
3322,A,rx,3334,0,30,43591.334,0.951
3323,B,rx,3335,0,30,43601.453,0.522
3324,A,rx,3336,0,30,43612.473,0.993
3325,B,rx,3337,0,30,43622.625,0.889
3326,A,rx,3338,0,30,43632.963,0.894
3327,B,rx,3339,0,30,43643.150,0.950
3328,A,rx,3340,0,30,43653.260,0.896
3329,B,rx,3341,0,30,43664.260,0.569
3330,A,rx,3342,0,30,43674.368,0.926
3331,B,rx,3343,0,30,43684.745,0.587
3332,A,rx,3344,0,30,43695.943,0.647
3333,B,rx,3345,0,30,43705.995,0.619
3334,A,rx,3346,0,30,43717.048,0.906
3335,B,rx,3347,0,30,43727.433,0.570
3336,A,rx,3348,0,30,43737.583,0.933
3337,B,rx,3349,0,30,43747.802,0.589
3338,A,rx,3350,0,30,43758.721,0.578
3339,B,rx,3351,0,30,43768.940,0.972
3340,A,rx,3352,0,30,43779.066,0.971
3341,B,rx,3353,0,30,43789.367,0.901
3342,A,rx,3354,0,30,43799.520,0.546
3343,B,rx,3355,0,30,43810.524,0.858
3344,A,rx,3356,0,30,43820.729,0.929
3345,B,rx,3357,0,30,43832.095,0.962
3346,A,rx,3358,0,30,43842.229,0.915
3347,B,rx,3359,0,30,43852.384,0.594
3348,A,rx,3360,0,30,43863.411,0.956
3349,B,rx,3361,0,30,43873.539,0.540
3350,A,rx,3362,0,30,43883.811,0.624
3351,B,rx,3363,0,30,43894.914,0.865
3352,A,rx,3364,0,30,43905.055,0.572
3353,B,rx,3365,0,30,43915.299,0.564
3354,A,rx,3366,0,30,43925.544,0.986
3355,B,rx,3367,0,30,43935.670,0.654
3356,A,rx,3368,0,30,43946.676,0.888
3357,B,rx,3369,0,30,43957.875,0.595
3358,A,rx,3370,0,30,43968.164,0.562
3359,B,rx,3371,0,30,43978.355,0.637
3360,A,rx,3372,0,30,43988.514,0.919
3361,B,rx,3373,0,30,43999.706,0.579
3362,A,rx,3374,0,30,44009.907,0.873
3363,B,rx,3375,0,30,44020.445,0.956
3364,A,rx,3376,0,30,44031.217,1.019
3365,B,rx,3377,0,30,44041.236,0.569
3366,A,rx,3378,0,30,44051.502,0.608
3367,B,rx,3379,0,30,44061.656,0.607
3368,A,rx,3380,0,30,44072.722,0.589
3369,B,rx,3381,0,30,44083.967,0.920
3370,A,rx,3382,0,30,44094.233,1.001
3371,B,rx,3383,0,30,44104.384,0.905
3372,A,rx,3384,0,30,44115.418,0.879
3373,B,rx,3385,0,30,44125.538,0.951
3374,A,rx,3386,0,30,44135.865,0.949
3375,B,rx,3387,0,30,44146.066,0.894
3376,A,rx,3388,0,30,44156.226,0.917
3377,B,rx,3389,0,30,44167.281,0.654
3378,A,rx,3390,0,30,44177.365,0.528
3379,B,rx,3391,0,30,44187.766,0.653
3380,A,rx,3392,0,30,44197.908,0.549
3381,B,rx,3393,0,30,44207.986,0.606
3382,A,rx,3394,0,30,44219.962,0.623
3383,B,rx,3395,0,30,44230.253,0.982
3384,A,rx,3396,0,30,44240.565,0.996
3385,B,rx,3397,0,30,44250.783,0.868
3386,A,rx,3398,0,30,44261.738,0.711
3387,B,rx,3399,0,30,44271.894,0.687
3388,A,rx,3400,0,30,44282.188,1.021
3389,B,rx,3401,0,30,44292.501,0.920
3390,A,rx,3402,0,30,44302.634,1.292
3391,B,rx,3403,0,30,44313.468,1.013
3392,A,rx,3404,0,30,44323.699,0.740
3393,B,rx,3405,0,30,44333.916,0.871
3394,A,rx,3406,0,30,44345.242,0.660
3395,B,rx,3407,0,30,44355.369,0.984
3396,A,rx,3408,0,30,44366.386,0.576
3397,B,rx,3409,0,30,44376.476,0.568
3398,A,rx,3410,0,30,44386.820,0.907
3399,B,rx,3411,0,30,44397.106,0.789
3400,A,rx,3412,0,30,44407.615,0.773
3401,B,rx,3413,0,30,44418.117,0.784
3402,A,rx,3414,0,30,44428.697,1.137
3403,B,rx,3415,0,30,44438.959,1.152
3404,A,rx,3416,0,30,44449.081,1.060
3405,B,rx,3417,0,30,44459.791,0.710
3406,A,rx,3418,0,30,44469.988,0.960
3407,B,rx,3420,0,30,44491.416,0.688
3408,A,rx,3421,0,30,44501.645,0.700
3409,B,rx,3422,0,30,44512.658,0.625
3410,A,rx,3423,0,30,44523.617,0.626
3411,B,rx,3424,0,30,44533.077,0.920
3412,A,rx,3425,0,30,44544.274,0.816
3413,B,rx,3426,0,30,44553.487,0.633
3414,A,rx,3427,0,30,44564.461,1.028
3415,B,rx,3428,0,30,44574.588,0.981
3416,A,rx,3429,0,30,44584.992,1.112
3417,B,rx,3430,0,30,44595.149,0.999
3418,A,rx,3431,0,30,44606.250,0.627
3419,B,rx,3432,0,30,44617.271,0.678
3420,A,rx,3433,0,30,44627.457,0.852
3421,B,rx,3434,0,30,44637.828,0.983
3422,A,rx,3435,0,30,44647.962,1.049
3423,B,rx,3436,0,30,44658.045,0.650
3424,A,rx,3437,0,30,44669.145,0.654
3425,B,rx,3438,0,30,44679.295,0.631
3426,A,rx,3439,0,30,44689.502,0.957
3427,B,rx,3440,0,30,44699.729,0.678
3428,A,rx,3441,0,30,44710.826,0.783
3429,B,rx,3442,0,30,44720.905,0.703
3430,A,rx,3443,0,30,44731.337,0.644
3431,B,rx,3444,0,30,44742.495,0.983
3432,A,rx,3445,0,30,44752.630,0.602
3433,B,rx,3446,0,30,44763.531,0.756
3434,A,rx,3447,0,30,44773.824,0.589
3435,B,rx,3448,0,30,44784.108,0.817
3436,A,rx,3449,0,30,44794.312,0.991
3437,B,rx,3450,0,30,44804.427,0.637
3438,A,rx,3451,0,30,44815.600,0.992
3439,B,rx,3452,0,30,44825.636,0.982
3440,A,rx,3453,0,30,44835.952,0.981
3441,B,rx,3454,0,30,44846.200,0.626
3442,A,rx,3455,0,30,44856.224,0.750
3443,B,rx,3456,0,30,44868.222,1.094
3444,A,rx,3457,0,30,44878.392,0.981
3445,B,rx,3458,0,30,44888.754,0.697
3446,A,rx,3459,0,30,44898.900,1.002
3447,B,rx,3460,0,30,44909.949,1.013
3448,A,rx,3461,0,30,44920.173,0.998
3449,B,rx,3462,0,30,44930.448,0.714
3450,A,rx,3463,0,30,44940.512,0.885
3451,B,rx,3464,0,30,44950.749,0.993
3452,A,rx,3465,0,30,44961.724,0.682
3453,B,rx,3466,0,30,44972.056,0.986
3454,A,rx,3467,0,30,44982.369,1.019
3455,B,rx,3468,0,30,44992.410,0.980
3456,A,rx,3469,0,30,45003.487,0.917
3457,B,rx,3470,0,30,45014.551,0.865
3458,A,rx,3471,0,30,45024.775,0.716
3459,B,rx,3472,0,30,45034.964,0.969
3460,A,rx,3473,0,30,45046.115,0.962
3461,B,rx,3474,0,30,45055.295,0.587
3462,A,rx,3475,0,30,45066.423,0.609
3463,B,rx,3476,0,30,45076.479,0.606
3464,A,rx,3477,0,30,45086.816,0.931
3465,B,rx,3478,0,30,45097.141,0.920
3466,A,rx,3479,0,30,45107.031,0.616
3467,B,rx,3480,0,30,45118.275,0.976
3468,A,rx,3481,0,30,45129.383,0.573
3469,B,rx,3482,0,30,45139.641,0.794
3470,A,rx,3483,0,30,45149.857,0.971
3471,B,rx,3484,0,30,45160.853,0.936
3472,A,rx,3485,0,30,45171.005,0.593
3473,B,rx,3486,0,30,45181.359,0.558
3474,A,rx,3487,0,30,45191.363,0.573
3475,B,rx,3488,0,30,45201.617,0.711
3476,A,rx,3489,0,30,45212.598,0.589
3477,B,rx,3490,0,30,45222.934,0.708
3478,A,rx,3491,0,30,45233.094,0.573
3479,B,rx,3492,0,30,45243.306,0.607
3480,A,rx,3493,0,30,45254.440,0.632
3481,B,rx,3494,0,30,45265.597,0.597
3482,A,rx,3495,0,30,45275.819,0.643
3483,B,rx,3496,0,30,45285.945,0.638
3484,A,rx,3497,0,30,45296.948,0.704
3485,B,rx,3498,0,30,45307.064,0.995
3486,A,rx,3499,0,30,45317.481,0.772
3487,B,rx,3500,0,30,45327.620,0.696
3488,A,rx,3501,0,30,45338.832,0.989
3489,B,rx,3502,0,30,45348.788,0.649
3490,A,rx,3503,0,30,45358.998,1.002
3491,B,rx,3504,0,30,45369.319,0.637
3492,A,rx,3505,0,30,45379.434,1.002
3493,B,rx,3506,0,30,45391.534,0.959
3494,A,rx,3507,0,30,45401.724,0.960
3495,B,rx,3508,0,30,45412.337,0.959
3496,A,rx,3509,0,30,45422.217,1.006
3497,B,rx,3510,0,30,45432.208,0.979
3498,A,rx,3511,0,30,45443.317,0.964
3499,B,rx,3512,0,30,45453.582,0.931
3500,A,rx,3513,0,30,45463.829,0.607
3501,B,rx,3514,0,30,45473.910,0.995
3502,A,rx,3515,0,30,45484.067,0.921
3503,B,rx,3516,0,30,45495.276,0.659
3504,A,rx,3517,0,30,45505.593,0.931
3505,B,rx,3518,0,30,45516.582,0.590
3506,A,rx,3519,0,30,45527.655,0.965
3507,B,rx,3520,0,30,45537.830,0.866
3508,A,rx,3521,0,30,45548.054,0.639
3509,B,rx,3522,0,30,45558.342,0.644
3510,A,rx,3523,0,30,45569.252,0.597
3511,B,rx,3524,0,30,45579.402,0.907
3512,A,rx,3525,0,30,45589.658,0.959
3513,B,rx,3526,0,30,45599.817,0.852
3514,A,rx,3527,0,30,45610.994,0.780
3515,B,rx,3528,0,30,45621.150,0.554
3516,A,rx,3529,0,30,45631.424,0.891
3517,B,rx,3530,0,30,45641.640,0.999
3518,A,rx,3531,0,30,45652.802,0.971
3519,B,rx,3532,0,30,45663.824,0.890
3520,A,rx,3533,0,30,45673.870,0.726
3521,B,rx,3534,0,30,45684.234,0.571
3522,A,rx,3535,0,30,45694.381,0.571
3523,B,rx,3536,0,30,45704.474,0.783
3524,A,rx,3537,0,30,45715.580,0.897
3525,B,rx,3538,0,30,45725.695,0.553
3526,A,rx,3539,0,30,45736.040,0.953
3527,B,rx,3540,0,30,45746.155,0.539
3528,A,rx,3541,0,30,45757.211,0.917
3529,B,rx,3542,0,30,45767.310,0.868
3530,A,rx,3543,0,30,45778.704,0.929
3531,B,rx,3544,0,30,45788.926,1.044
3532,A,rx,3545,0,30,45799.126,1.010
3533,B,rx,3546,0,30,45810.184,0.971
3534,A,rx,3547,0,30,45820.205,0.586
3535,B,rx,3548,0,30,45830.465,0.611
3536,A,rx,3549,0,30,45840.736,0.781
3537,B,rx,3550,0,30,45850.874,0.596
3538,A,rx,3551,0,30,45862.189,0.920
3539,B,rx,3552,0,30,45872.016,0.593
3540,A,rx,3553,0,30,45882.303,0.592
3541,B,rx,3554,0,30,45892.488,0.828
3542,A,rx,3555,0,30,45902.640,0.639
3543,B,rx,3556,0,30,45914.667,0.656
3544,A,rx,3557,0,30,45925.694,0.637
3545,B,rx,3558,0,30,45935.255,0.918
3546,A,rx,3559,0,30,45945.315,0.619
3547,B,rx,3560,0,30,45956.199,0.927
3548,A,rx,3561,0,30,45966.578,0.934
3549,B,rx,3562,0,30,45976.753,0.947
3550,A,rx,3563,0,30,45987.047,0.925
3551,B,rx,3564,0,30,45997.204,0.800
3552,A,rx,3565,0,30,46008.090,0.907
3553,B,rx,3566,0,30,46018.417,0.582
3554,A,rx,3567,0,30,46028.588,0.716
3555,B,rx,3568,0,30,46039.947,0.597
3556,A,rx,3569,0,30,46049.908,0.593
3557,B,rx,3570,0,30,46061.159,0.606
3558,A,rx,3571,0,30,46071.149,0.635
3559,B,rx,3572,0,30,46081.510,0.955
3560,A,rx,3573,0,30,46091.657,0.834
3561,B,rx,3574,0,30,46101.774,0.557
3562,A,rx,3575,0,30,46112.861,0.880
3563,B,rx,3576,0,30,46123.105,0.529
3564,A,rx,3577,0,30,46133.223,0.634
3565,B,rx,3578,0,30,46143.603,0.993
3566,A,rx,3579,0,30,46153.601,0.609
3567,B,rx,3580,0,30,46165.599,0.580
3568,A,rx,3581,0,30,46175.777,0.923
3569,B,rx,3582,0,30,46186.168,0.932
3570,A,rx,3583,0,30,46197.152,0.690
3571,B,rx,3584,0,30,46207.375,0.677
3572,A,rx,3585,0,30,46217.606,0.584
3573,B,rx,3586,0,30,46227.806,0.974
3574,A,rx,3587,0,30,46237.967,0.907
3575,B,rx,3588,0,30,46249.040,0.966
3576,A,rx,3589,0,30,46259.177,0.996
3577,B,rx,3590,0,30,46269.442,0.798
3578,A,rx,3591,0,30,46279.600,0.943
3579,B,rx,3592,0,30,46289.797,1.030
3580,A,rx,3593,0,30,46301.854,0.666
3581,B,rx,3594,0,30,46312.083,0.955
3582,A,rx,3595,0,30,46322.330,0.994
3583,B,rx,3596,0,30,46332.423,0.953
3584,A,rx,3597,0,30,46343.537,0.680
3585,B,rx,3598,0,30,46353.659,0.975
3586,A,rx,3599,0,30,46363.875,1.020
3587,B,rx,3600,0,30,46374.166,0.975
3588,A,rx,3601,0,30,46385.117,0.578
3589,B,rx,3602,0,30,46395.322,0.605
3590,A,rx,3603,0,30,46405.503,1.024
3591,B,rx,3604,0,30,46415.740,0.881
3592,A,rx,3605,0,30,46426.994,0.801
3593,B,rx,3606,0,30,46437.242,0.977
3594,A,rx,3607,0,30,46448.449,0.896
3595,B,rx,3608,0,30,46458.465,0.972
3596,A,rx,3609,0,30,46468.565,0.885
3597,B,rx,3610,0,30,46478.805,0.930
3598,A,rx,3611,0,30,46489.005,0.887
3599,B,rx,3612,0,30,46499.911,0.895
3600,A,rx,3613,0,30,46510.268,0.923
3601,B,rx,3614,0,30,46520.438,0.875
3602,A,rx,3615,0,30,46530.448,0.605
3603,B,rx,3616,0,30,46541.632,0.647
3604,A,rx,3617,0,30,46551.768,0.576
3605,B,rx,3618,0,30,46563.183,0.946
3606,A,rx,3619,0,30,46573.275,0.914
3607,B,rx,3620,0,30,46584.252,0.549
3608,A,rx,3621,0,30,46594.347,0.778
3609,B,rx,3622,0,30,46604.737,0.633
3610,A,rx,3623,0,30,46614.840,0.614
3611,B,rx,3624,0,30,46625.054,0.936
3612,A,rx,3625,0,30,46636.063,0.950
3613,B,rx,3626,0,30,46647.316,0.614
3614,A,rx,3627,0,30,46656.438,0.595
3615,B,rx,3628,0,30,46666.640,0.775
3616,A,rx,3629,0,30,46676.916,0.946
3617,B,rx,3630,0,30,46688.905,0.889
3618,A,rx,3631,0,30,46699.059,0.560
3619,B,rx,3632,0,30,46709.277,0.576
3620,A,rx,3633,0,30,46719.778,0.880
3621,B,rx,3634,0,30,46729.675,0.591
3622,A,rx,3635,0,30,46740.757,0.924
3623,B,rx,3636,0,30,46750.833,0.899
3624,A,rx,3637,0,30,46761.219,0.723
3625,B,rx,3638,0,30,46771.409,0.962
3626,A,rx,3639,0,30,46782.368,0.895
3627,B,rx,3640,0,30,46792.560,0.949
3628,A,rx,3641,0,30,46802.651,0.944
3629,B,rx,3642,0,30,46812.963,0.572
3630,A,rx,3643,0,30,46824.201,0.593
3631,B,rx,3644,0,30,46835.548,0.603
3632,A,rx,3645,0,30,46845.391,0.934
3633,B,rx,3646,0,30,46855.582,0.916
3634,A,rx,3647,0,30,46865.787,0.931
3635,B,rx,3648,0,30,46876.021,0.574
3636,A,rx,3649,0,30,46887.119,0.870
3637,B,rx,3650,0,30,46897.256,0.926
3638,A,rx,3651,0,30,46907.527,0.628
3639,B,rx,3652,0,30,46917.669,0.920
3640,A,rx,3653,0,30,46927.682,0.831
3641,B,rx,3654,0,30,46938.927,0.793
3642,A,rx,3655,0,30,46950.094,0.642
3643,B,rx,3656,0,30,46960.313,0.932
3644,A,rx,3657,0,30,46970.522,0.955
3645,B,rx,3658,0,30,46981.529,0.914
3646,A,rx,3659,0,30,46991.658,0.619
3647,B,rx,3660,0,30,47001.999,0.888
3648,A,rx,3661,0,30,47012.205,0.961
3649,B,rx,3662,0,30,47022.420,0.966
3650,A,rx,3663,0,30,47033.386,0.591
3651,B,rx,3664,0,30,47043.443,0.879
3652,A,rx,3665,0,30,47053.706,0.645
3653,B,rx,3666,0,30,47063.932,0.553
3654,A,rx,3667,0,30,47075.210,0.948
3655,B,rx,3668,0,30,47086.277,0.641
3656,A,rx,3669,0,30,47096.328,0.609
3657,B,rx,3670,0,30,47106.674,0.955
3658,A,rx,3671,0,30,47116.779,0.915
3659,B,rx,3672,0,30,47126.940,0.641
3660,A,rx,3673,0,30,47138.023,0.897
3661,B,rx,3674,0,30,47148.188,0.945
3662,A,rx,3675,0,30,47158.394,1.058
3663,B,rx,3676,0,30,47168.591,0.826
3664,A,rx,3677,0,30,47179.678,0.549
3665,B,rx,3678,0,30,47189.787,0.852
3666,A,rx,3679,0,30,47200.139,0.642
3667,B,rx,3680,0,30,47211.310,0.931
3668,A,rx,3681,0,30,47221.424,0.633
3669,B,rx,3682,0,30,47232.592,0.918
3670,A,rx,3683,0,30,47242.731,0.894
3671,B,rx,3684,0,30,47253.838,0.755
3672,A,rx,3685,0,30,47263.938,0.594
3673,B,rx,3686,0,30,47274.230,0.570
3674,A,rx,3687,0,30,47284.580,0.930
3675,B,rx,3688,0,30,47294.522,0.607
3676,A,rx,3689,0,30,47305.618,0.620
3677,B,rx,3690,0,30,47315.828,0.572
3678,A,rx,3691,0,30,47326.171,0.566
3679,B,rx,3692,0,30,47337.270,0.861
3680,A,rx,3693,0,30,47347.433,0.938
3681,B,rx,3694,0,30,47358.466,0.605
3682,A,rx,3695,0,30,47368.614,0.665
3683,B,rx,3696,0,30,47379.039,0.610
3684,A,rx,3697,0,30,47389.129,0.941
3685,B,rx,3698,0,30,47399.260,0.573
3686,A,rx,3699,0,30,47410.330,0.921
3687,B,rx,3700,0,30,47420.506,0.985
3688,A,rx,3701,0,30,47430.847,0.877
3689,B,rx,3702,0,30,47440.952,1.122
3690,A,rx,3703,0,30,47452.030,1.075
3691,B,rx,3704,0,30,47462.077,0.661
3692,A,rx,3705,0,30,47473.450,0.861
3693,B,rx,3706,0,30,47483.449,0.580
3694,A,rx,3707,0,30,47493.717,0.632
3695,B,rx,3708,0,30,47504.697,0.555
3696,A,rx,3709,0,30,47514.875,0.626
3697,B,rx,3710,0,30,47525.176,0.594
3698,A,rx,3711,0,30,47535.322,0.559
3699,B,rx,3712,0,30,47546.321,0.627
3700,A,rx,3713,0,30,47556.535,0.598
3701,B,rx,3714,0,30,47566.818,0.565
3702,A,rx,3715,0,30,47576.993,0.654
3703,B,rx,3716,0,30,47588.065,0.648
3704,A,rx,3717,0,30,47599.446,0.540
3705,B,rx,3719,0,30,47619.700,0.778
3706,A,rx,3720,0,30,47629.863,0.575
3707,B,rx,3721,0,30,47640.912,0.781
3708,A,rx,3722,0,30,47651.093,0.591
3709,B,rx,3723,0,30,47661.391,0.623
3710,A,rx,3724,0,30,47671.449,0.667
3711,B,rx,3725,0,30,47681.674,0.623
3712,A,rx,3726,0,30,47692.701,0.812
3713,B,rx,3727,0,30,47702.814,0.753
3714,A,rx,3728,0,30,47713.185,0.567
3715,B,rx,3729,0,30,47725.311,0.987
3716,A,rx,3730,0,30,47735.419,0.599
3717,B,rx,3731,0,30,47745.638,0.565
3718,A,rx,3732,0,30,47756.022,0.715
3719,B,rx,3733,0,30,47766.385,0.572
3720,A,rx,3734,0,30,47777.467,0.830
3721,B,rx,3735,0,30,47787.216,0.598
3722,A,rx,3736,0,30,47797.412,0.575
3723,B,rx,3737,0,30,47807.544,0.654
3724,A,rx,3738,0,30,47817.815,0.543
3725,B,rx,3739,0,30,47828.824,0.652
3726,A,rx,3740,0,30,47839.044,0.663
3727,B,rx,3741,0,30,47849.230,0.564
3728,A,rx,3742,0,30,47860.553,0.865
3729,B,rx,3743,0,30,47871.533,0.910
3730,A,rx,3744,0,30,47881.749,0.838
3731,B,rx,3745,0,30,47892.042,0.928
3732,A,rx,3746,0,30,47902.110,0.609
3733,B,rx,3747,0,30,47912.210,0.630
3734,A,rx,3748,0,30,47923.401,1.063
3735,B,rx,3749,0,30,47933.491,0.909
3736,A,rx,3750,0,30,47943.738,0.677
3737,B,rx,3751,0,30,47955.033,0.614
3738,A,rx,3752,0,30,47964.155,0.570
3739,B,rx,3753,0,30,47975.229,0.984
3740,A,rx,3754,0,30,47986.355,0.954
3741,B,rx,3755,0,30,47996.670,0.872
3742,A,rx,3756,0,30,48006.884,0.658
3743,B,rx,3757,0,30,48016.991,0.674
3744,A,rx,3758,0,30,48028.026,0.641
3745,B,rx,3759,0,30,48038.068,0.651
3746,A,rx,3760,0,30,48048.382,0.602
3747,B,rx,3761,0,30,48059.504,0.962
3748,A,rx,3762,0,30,48069.623,0.634
3749,B,rx,3763,0,30,48079.918,0.634
3750,A,rx,3764,0,30,48090.484,0.581
3751,B,rx,3765,0,30,48100.223,0.592
3752,A,rx,3766,0,30,48111.279,0.590
3753,B,rx,3767,0,30,48122.495,0.986
3754,A,rx,3768,0,30,48132.915,0.550
3755,B,rx,3769,0,30,48142.913,0.635
3756,A,rx,3770,0,30,48153.000,0.591
3757,B,rx,3771,0,30,48164.163,0.915
3758,A,rx,3772,0,30,48174.336,0.955
3759,B,rx,3773,0,30,48184.584,0.763
3760,A,rx,3774,0,30,48194.781,0.923
3761,B,rx,3775,0,30,48205.777,0.936
3762,A,rx,3776,0,30,48215.925,0.912
3763,B,rx,3777,0,30,48226.328,0.916
3764,A,rx,3778,0,30,48236.368,0.618
3765,B,rx,3779,0,30,48248.629,0.966
3766,A,rx,3780,0,30,48258.749,0.582
3767,B,rx,3781,0,30,48268.929,0.793
3768,A,rx,3782,0,30,48279.977,0.978
3769,B,rx,3783,0,30,48290.144,0.981
3770,A,rx,3784,0,30,48300.504,0.847
3771,B,rx,3785,0,30,48310.622,0.842
3772,A,rx,3786,0,30,48321.725,0.663
3773,B,rx,3787,0,30,48331.682,0.562
3774,A,rx,3788,0,30,48342.051,0.879
3775,B,rx,3789,0,30,48352.287,0.808
3776,A,rx,3790,0,30,48362.483,0.600
3777,B,rx,3791,0,30,48373.390,0.630
3778,A,rx,3792,0,30,48384.620,0.531
3779,B,rx,3793,0,30,48394.960,0.953
3780,A,rx,3794,0,30,48405.110,0.564
3781,B,rx,3795,0,30,48415.210,0.881
3782,A,rx,3796,0,30,48426.471,0.663
3783,B,rx,3797,0,30,48436.479,0.759
3784,A,rx,3798,0,30,48446.753,1.008
3785,B,rx,3799,0,30,48456.906,0.931
3786,A,rx,3800,0,30,48467.259,0.856
3787,B,rx,3801,0,30,48478.183,0.925
3788,A,rx,3802,0,30,48488.222,0.929
3789,B,rx,3803,0,30,48498.444,0.614
3790,A,rx,3804,0,30,48509.777,0.660
3791,B,rx,3805,0,30,48520.787,0.583
3792,A,rx,3806,0,30,48530.891,0.918
3793,B,rx,3807,0,30,48541.140,0.615
3794,A,rx,3808,0,30,48551.363,0.576
3795,B,rx,3809,0,30,48561.511,0.648
3796,A,rx,3810,0,30,48572.537,0.583
3797,B,rx,3811,0,30,48582.687,0.879
3798,A,rx,3812,0,30,48592.973,0.787
3799,B,rx,3813,0,30,48603.235,0.659
3800,A,rx,3814,0,30,48613.313,0.608
3801,B,rx,3815,0,30,48624.331,0.558
3802,A,rx,3816,0,30,48635.663,0.934
3803,B,rx,3817,0,30,48645.907,0.970
3804,A,rx,3818,0,30,48656.085,0.642
3805,B,rx,3819,0,30,48666.192,0.543
3806,A,rx,3820,0,30,48677.254,0.596
3807,B,rx,3821,0,30,48687.324,0.899
3808,A,rx,3822,0,30,48697.670,0.821
3809,B,rx,3823,0,30,48707.844,0.601
3810,A,rx,3824,0,30,48717.940,0.586
3811,B,rx,3825,0,30,48729.038,0.592
3812,A,rx,3826,0,30,48739.241,0.975
3813,B,rx,3827,0,30,48749.385,0.899
3814,A,rx,3828,0,30,48759.597,0.698
3815,B,rx,3829,0,30,48771.696,0.579
3816,A,rx,3830,0,30,48781.941,0.960
3817,B,rx,3831,0,30,48792.176,0.572
3818,A,rx,3832,0,30,48802.338,1.051
3819,B,rx,3833,0,30,48813.343,0.553
3820,A,rx,3834,0,30,48823.477,0.930
3821,B,rx,3835,0,30,48833.823,0.867
3822,A,rx,3836,0,30,48844.077,0.768
3823,B,rx,3837,0,30,48854.154,0.727
3824,A,rx,3838,0,30,48865.113,0.566
3825,B,rx,3839,0,30,48875.331,0.578
3826,A,rx,3840,0,30,48885.613,0.555
3827,B,rx,3841,0,30,48896.786,0.918
3828,A,rx,3842,0,30,48907.863,0.577
3829,B,rx,3843,0,30,48917.967,0.860
3830,A,rx,3845,0,30,48938.380,0.649
3831,B,rx,3846,0,30,48948.678,0.947
3832,A,rx,3847,0,30,48959.911,0.618
3833,B,rx,3848,0,30,48969.872,0.603
3834,A,rx,3849,0,30,48980.086,0.921
3835,B,rx,3850,0,30,48990.322,0.602
3836,A,rx,3851,0,30,49000.579,0.595
3837,B,rx,3852,0,30,49011.591,0.961
3838,A,rx,3853,0,30,49021.643,0.582
3839,B,rx,3854,0,30,49032.891,0.655
3840,A,rx,3855,0,30,49043.198,0.592
3841,B,rx,3856,0,30,49054.145,0.579
3842,A,rx,3857,0,30,49064.344,0.945
3843,B,rx,3858,0,30,49074.607,0.964
3844,A,rx,3859,0,30,49088.872,0.977
3845,B,rx,3860,0,30,49099.855,0.902
3846,A,rx,3861,0,30,49110.290,0.617
3847,B,rx,3862,0,30,49120.371,0.868
3848,A,rx,3863,0,30,49130.601,0.595
3849,B,rx,3864,0,30,49141.565,0.931
3850,A,rx,3865,0,30,49151.626,0.575
3851,B,rx,3866,0,30,49163.038,0.963
3852,A,rx,3867,0,30,49173.234,0.918
3853,B,rx,3868,0,30,49183.332,0.879
3854,A,rx,3869,0,30,49194.299,0.926
3855,B,rx,3870,0,30,49204.507,0.569
3856,A,rx,3871,0,30,49214.808,0.941
3857,B,rx,3872,0,30,49225.912,0.946
3858,A,rx,3873,0,30,49236.025,1.074
3859,B,rx,3874,0,30,49246.373,0.970
3860,A,rx,3875,0,30,49256.398,0.670
3861,B,rx,3876,0,30,49267.495,0.905
3862,A,rx,3877,0,30,49277.758,0.948
3863,B,rx,3878,0,30,49288.870,0.604
3864,A,rx,3879,0,30,49299.211,0.917
3865,B,rx,3880,0,30,49310.303,0.541
3866,A,rx,3881,0,30,49320.356,0.936
3867,B,rx,3882,0,30,49330.706,0.845
3868,A,rx,3883,0,30,49340.832,0.691
3869,B,rx,3884,0,30,49350.948,0.658
3870,A,rx,3885,0,30,49362.035,1.026
3871,B,rx,3886,0,30,49372.302,1.021
3872,A,rx,3887,0,30,49382.521,0.982
3873,B,rx,3888,0,30,49392.661,0.978
3874,A,rx,3889,0,30,49403.662,0.787
3875,B,rx,3890,0,30,49413.946,1.039
3876,A,rx,3891,0,30,49425.145,1.031
3877,B,rx,3892,0,30,49435.217,0.570
3878,A,rx,3893,0,30,49446.421,1.022
3879,B,rx,3894,0,30,49456.500,0.714
3880,A,rx,3895,0,30,49466.821,0.735
3881,B,rx,3896,0,30,49476.999,1.031
3882,A,rx,3897,0,30,49487.148,1.087
3883,B,rx,3898,0,30,49498.210,1.247
3884,A,rx,3899,0,30,49508.461,1.137
3885,B,rx,3900,0,30,49518.695,1.142
3886,A,rx,3901,0,30,49528.730,1.051
3887,B,rx,3902,0,30,49539.869,0.709
3888,A,rx,3903,0,30,49551.030,0.617
3889,B,rx,3904,0,30,49562.122,0.658
3890,A,rx,3905,0,30,49573.306,0.667
3891,B,rx,3906,0,30,49582.599,0.612
3892,A,rx,3907,0,30,49594.717,0.757
3893,B,rx,3908,0,30,49603.819,0.974
3894,A,rx,3909,0,30,49614.055,0.877
3895,B,rx,3910,0,30,49624.333,0.935
3896,A,rx,3911,0,30,49634.368,0.972
3897,B,rx,3912,0,30,49645.487,0.990
3898,A,rx,3913,0,30,49655.666,0.966
3899,B,rx,3914,0,30,49665.966,0.644
3900,A,rx,3915,0,30,49677.193,0.831
3901,B,rx,3916,0,30,49688.265,0.995
3902,A,rx,3917,0,30,49698.242,0.940
3903,B,rx,3918,0,30,49708.619,0.880
3904,A,rx,3919,0,30,49718.808,0.925
3905,B,rx,3920,0,30,49728.945,0.611
3906,A,rx,3921,0,30,49740.002,1.022
3907,B,rx,3922,0,30,49750.210,0.936
3908,A,rx,3923,0,30,49760.448,0.897
3909,B,rx,3924,0,30,49770.649,0.965
3910,A,rx,3925,0,30,49780.732,0.852
3911,B,rx,3926,0,30,49791.730,0.665
3912,A,rx,3927,0,30,49801.915,1.007
3913,B,rx,3928,0,30,49813.337,0.966
3914,A,rx,3929,0,30,49823.480,0.856
3915,B,rx,3930,0,30,49833.545,0.921
3916,A,rx,3931,0,30,49844.653,1.007
3917,B,rx,3932,0,30,49854.853,0.995
3918,A,rx,3933,0,30,49865.146,0.871
3919,B,rx,3934,0,30,49875.311,1.067
3920,A,rx,3935,0,30,49885.421,0.931
3921,B,rx,3936,0,30,49896.417,0.915
3922,A,rx,3937,0,30,49906.679,1.062
3923,B,rx,3938,0,30,49916.910,1.009
3924,A,rx,3939,0,30,49927.163,0.897
3925,B,rx,3940,0,30,49939.192,1.044
3926,A,rx,3941,0,30,49949.296,1.024
3927,B,rx,3942,0,30,49959.648,0.983
3928,A,rx,3943,0,30,49969.740,0.977
3929,B,rx,3944,0,30,49979.901,0.949
3930,A,rx,3945,0,30,49990.947,0.870
3931,B,rx,3946,0,30,50001.126,0.617
3932,A,rx,3947,0,30,50011.410,0.678
3933,B,rx,3948,0,30,50021.574,1.015
3934,A,rx,3949,0,30,50031.692,0.822
3935,B,rx,3950,0,30,50042.734,0.647
3936,A,rx,3951,0,30,50053.069,0.650
3937,B,rx,3952,0,30,50063.247,0.953
3938,A,rx,3953,0,30,50074.361,0.658
3939,B,rx,3954,0,30,50085.531,0.604
3940,A,rx,3955,0,30,50095.662,0.617
3941,B,rx,3956,0,30,50106.794,1.001
3942,A,rx,3957,0,30,50116.918,0.958
3943,B,rx,3958,0,30,50127.098,0.634
3944,A,rx,3959,0,30,50137.360,0.621
3945,B,rx,3960,0,30,50147.533,0.913
3946,A,rx,3961,0,30,50158.574,0.972
3947,B,rx,3962,0,30,50168.665,0.794
3948,A,rx,3963,0,30,50179.057,0.709
3949,B,rx,3964,0,30,50189.159,0.584
3950,A,rx,3965,0,30,50200.369,0.600
3951,B,rx,3966,0,30,50211.349,0.973
3952,A,rx,3967,0,30,50221.492,0.745
3953,B,rx,3968,0,30,50231.767,0.591
3954,A,rx,3969,0,30,50242.951,0.674
3955,B,rx,3970,0,30,50253.004,0.614
3956,A,rx,3971,0,30,50263.309,0.887
3957,B,rx,3972,0,30,50273.487,0.537
3958,A,rx,3973,0,30,50283.647,0.585
3959,B,rx,3974,0,30,50294.734,0.591
3960,A,rx,3975,0,30,50304.937,0.632
3961,B,rx,3976,0,30,50315.131,0.587
3962,A,rx,3977,0,30,50327.440,0.740
3963,B,rx,3978,0,30,50336.399,0.565
3964,A,rx,3979,0,30,50347.535,0.612
3965,B,rx,3980,0,30,50357.649,0.862
3966,A,rx,3981,0,30,50368.000,0.738
3967,B,rx,3982,0,30,50378.253,0.970
3968,A,rx,3983,0,30,50389.161,0.946
3969,B,rx,3984,0,30,50399.344,0.873
3970,A,rx,3986,0,30,50420.777,0.638
3971,B,rx,3987,0,30,50430.862,0.583
3972,A,rx,3988,0,30,50440.976,0.957
3973,B,rx,3989,0,30,50451.292,0.667
3974,A,rx,3990,0,30,50462.404,0.635
3975,B,rx,3991,0,30,50473.578,0.826
3976,A,rx,3992,0,30,50483.690,0.745
3977,B,rx,3993,0,30,50494.004,0.693
3978,A,rx,3994,0,30,50504.171,0.989
3979,B,rx,3995,0,30,50514.309,0.919
3980,A,rx,3996,0,30,50525.297,0.987
3981,B,rx,3997,0,30,50535.479,0.566
3982,A,rx,3998,0,30,50545.831,1.061
3983,B,rx,3999,0,30,50556.072,1.114
3984,A,rx,4000,0,30,50889.066,0.718
3985,B,rx,4001,0,30,50899.304,0.573
3986,A,rx,4002,0,30,50909.597,0.971
3987,B,rx,4003,0,30,50919.622,0.605
3988,A,rx,4004,0,30,50929.837,0.663
3989,B,rx,4005,0,30,50940.146,1.054
3990,A,rx,4006,0,30,50950.146,0.883
3991,B,rx,4007,0,30,50961.251,0.999
3992,A,rx,4008,0,30,50971.445,0.987
3993,B,rx,4009,0,30,50982.533,0.930
3994,A,rx,4010,0,30,50992.701,0.769
3995,B,rx,4011,0,30,51003.024,0.771
3996,A,rx,4012,0,30,51013.208,1.065
3997,B,rx,4013,0,30,51023.365,0.683
3998,A,rx,4014,0,30,51033.529,0.935
3999,B,rx,4015,0,30,51043.845,0.719
4000,A,rx,4016,0,30,51054.789,0.961
4001,B,rx,4017,0,30,51064.832,0.748
4002,A,rx,4018,0,30,51075.075,0.816
4003,B,rx,4019,0,30,51085.194,0.588
4004,A,rx,4020,0,30,51095.420,0.685
4005,B,rx,4021,0,30,51106.595,0.972
4006,A,rx,4022,0,30,51116.815,0.909
4007,B,rx,4023,0,30,51126.991,0.779
4008,A,rx,4024,0,30,51137.067,0.660
4009,B,rx,4025,0,30,51148.116,0.712
4010,A,rx,4026,0,30,51158.239,0.954
4011,B,rx,4027,0,30,51168.436,0.956
4012,A,rx,4028,0,30,51178.560,0.838
4013,B,rx,4029,0,30,51189.023,0.697
4014,A,rx,4030,0,30,51199.003,0.569
4015,B,rx,4031,0,30,51209.297,1.005
4016,A,rx,4032,0,30,51219.448,0.780
4017,B,rx,4033,0,30,51229.545,0.983
4018,A,rx,4034,0,30,51241.625,0.925
4019,B,rx,4035,0,30,51251.772,0.633
4020,A,rx,4036,0,30,51261.953,0.959
4021,B,rx,4037,0,30,51272.048,0.972
4022,A,rx,4038,0,30,51282.459,1.032
4023,B,rx,4039,0,30,51292.615,0.970
4024,A,rx,4040,0,30,51302.618,0.839
4025,B,rx,4041,0,30,51312.866,0.660
4026,A,rx,4042,0,30,51323.134,1.071
4027,B,rx,4043,0,30,51334.020,0.883
4028,A,rx,4044,0,30,51344.297,0.911
4029,B,rx,4045,0,30,51354.376,0.865
4030,A,rx,4046,0,30,51364.567,0.947
4031,B,rx,4047,0,30,51375.886,0.632
4032,A,rx,4048,0,30,51385.972,0.578
4033,B,rx,4049,0,30,51396.235,0.619
4034,A,rx,4050,0,30,51406.367,0.993
4035,B,rx,4051,0,30,51416.560,0.930
4036,A,rx,4052,0,30,51427.569,0.704
4037,B,rx,4053,0,30,51437.700,0.635
4038,A,rx,4054,0,30,51447.818,0.641
4039,B,rx,4055,0,30,51458.030,0.814
4040,A,rx,4056,0,30,51468.233,0.609
4041,B,rx,4057,0,30,51478.448,0.613
4042,A,rx,4058,0,30,51488.571,0.917
4043,B,rx,4059,0,30,51499.710,0.891
4044,A,rx,4060,0,30,51510.033,0.989
4045,B,rx,4061,0,30,51521.110,1.075
4046,A,rx,4062,0,30,51531.388,1.026
4047,B,rx,4063,0,30,51541.592,1.135
4048,A,rx,4064,0,30,51551.772,1.140
4049,B,rx,4065,0,30,51562.675,0.764
4050,A,rx,4066,0,30,51572.063,1.168
4051,B,rx,4067,0,30,51583.357,1.038
4052,A,rx,4068,0,30,51593.400,1.111
4053,B,rx,4069,0,30,51603.349,0.836
4054,A,rx,4070,0,30,51613.427,1.031
4055,B,rx,4071,0,30,51623.712,0.696
4056,A,rx,4072,0,30,51634.900,0.663
4057,B,rx,4073,0,30,51645.053,0.940
4058,A,rx,4074,0,30,51655.386,1.023
4059,B,rx,4075,0,30,51665.454,0.977
4060,A,rx,4076,0,30,51676.484,0.989
4061,B,rx,4077,0,30,51686.651,0.865
4062,A,rx,4078,0,30,51696.825,1.045
4063,B,rx,4079,0,30,51707.094,1.269
4064,A,rx,4080,0,30,51717.324,1.004
4065,B,rx,4081,0,30,51727.442,0.756
4066,A,rx,4082,0,30,51737.654,0.896
4067,B,rx,4083,0,30,51747.771,1.081
4068,A,rx,4084,0,30,51758.907,0.740
4069,B,rx,4085,0,30,51770.122,1.038
4070,A,rx,4086,0,30,51780.077,0.948
4071,B,rx,4087,0,30,51790.183,0.711
4072,A,rx,4088,0,30,51800.499,1.046
4073,B,rx,4089,0,30,51810.868,0.899
4074,A,rx,4090,0,30,51820.958,1.136
4075,B,rx,4091,0,30,51831.159,1.086
4076,A,rx,4092,0,30,51841.290,1.077
4077,B,rx,4093,0,30,51851.319,1.100
4078,A,rx,4094,0,30,51862.424,1.093
4079,B,rx,4095,0,30,51872.657,1.125
4080,A,rx,0,0,30,51882.716,0.834
4081,B,rx,1,0,30,51893.916,1.035
4082,A,rx,2,0,30,51904.146,0.658
4083,B,rx,3,0,30,51914.434,0.952
4084,A,rx,4,0,30,51924.536,1.053
4085,B,rx,5,0,30,51934.669,1.037
4086,A,rx,6,0,30,51944.856,0.979
4087,B,rx,7,0,30,51955.910,0.695
4088,A,rx,8,0,30,51966.041,1.017
4089,B,rx,9,0,30,51976.210,0.719
4090,A,rx,10,0,30,51986.391,0.971
4091,B,rx,11,0,30,51996.672,0.912
4092,A,rx,12,0,30,52006.818,0.645
4093,B,rx,13,0,30,52018.002,0.988
4094,A,rx,14,0,30,52028.246,0.995
4095,B,rx,15,0,30,52038.311,0.937
4096,A,rx,16,0,30,52049.388,0.988
4097,B,rx,17,0,30,52059.496,0.642
4098,A,rx,18,0,30,52069.670,0.604
4099,B,rx,19,0,30,52079.861,0.610
4100,A,rx,20,0,30,52090.199,0.937
4101,B,rx,21,0,30,52100.257,0.964
4102,A,rx,22,0,30,52110.376,0.634
4103,B,rx,23,0,30,52120.562,0.595
4104,A,rx,24,0,30,52131.661,0.924
4105,B,rx,25,0,30,52141.871,0.672
4106,A,rx,26,0,30,52153.020,0.601
4107,B,rx,27,0,30,52163.072,0.587
4108,A,rx,28,0,30,52173.339,0.569
4109,B,rx,29,0,30,52183.469,0.668
4110,A,rx,30,0,30,52193.672,0.591
4111,B,rx,31,0,30,52203.924,1.013
4112,A,rx,32,0,30,52214.098,1.104
4113,B,rx,33,0,30,52225.156,0.981
4114,A,rx,34,0,30,52235.325,1.034
4115,B,rx,35,0,30,52245.492,0.796
4116,A,rx,36,0,30,52255.548,0.678
4117,B,rx,37,0,30,52265.801,0.991
4118,A,rx,38,0,30,52277.098,0.736
4119,B,rx,39,0,30,52287.133,0.581
4120,A,rx,40,0,30,52297.410,0.901
4121,B,rx,41,0,30,52307.386,0.596
4122,A,rx,42,0,30,52318.596,0.570
4123,B,rx,43,0,30,52328.717,0.966
4124,A,rx,44,0,30,52338.951,0.903
4125,B,rx,45,0,30,52349.060,0.672
4126,A,rx,46,0,30,52360.431,0.688
4127,B,rx,47,0,30,52369.569,0.635
4128,A,rx,48,0,30,52379.616,0.581
4129,B,rx,49,0,30,52390.724,0.586
4130,A,rx,50,0,30,52400.947,0.602
4131,B,rx,51,0,30,52412.211,0.575
4132,A,rx,52,0,30,52422.406,0.571
4133,B,rx,53,0,30,52432.492,0.537
4134,A,rx,54,0,30,52442.637,0.794
4135,B,rx,55,0,30,52452.775,0.778
4136,A,rx,56,0,30,52463.003,0.911
4137,B,rx,57,0,30,52474.155,0.617
4138,A,rx,58,0,30,52484.122,0.938
4139,B,rx,59,0,30,52494.319,0.891
4140,A,rx,60,0,30,52504.500,0.578
4141,B,rx,61,0,30,52514.861,0.771
4142,A,rx,62,0,30,52525.051,1.071
4143,B,rx,63,0,30,52535.397,1.182
4144,A,rx,64,0,30,52546.437,1.131
4145,B,rx,65,0,30,52557.372,0.934
4146,A,rx,66,0,30,52567.506,0.735
4147,B,rx,67,0,30,52577.749,1.035
4148,A,rx,68,0,30,52587.853,0.714
4149,B,rx,69,0,30,52598.560,1.038
4150,A,rx,70,0,30,52608.279,0.683
4151,B,rx,71,0,30,52618.452,1.041
4152,A,rx,72,0,30,52628.632,0.726
4153,B,rx,73,0,30,52638.760,1.006
4154,A,rx,74,0,30,52649.837,0.889
4155,B,rx,75,0,30,52659.977,0.829
4156,A,rx,76,0,30,52671.076,0.685
4157,B,rx,77,0,30,52681.229,0.659
4158,A,rx,78,0,30,52691.638,0.727
4159,B,rx,79,0,30,52701.824,1.014
4160,A,rx,80,0,30,52712.014,1.017
4161,B,rx,81,0,30,52722.118,1.147
4162,A,rx,82,0,30,52732.283,1.075
4163,B,rx,83,0,30,52743.340,0.946
4164,A,rx,84,0,30,52753.440,1.061
4165,B,rx,85,0,30,52763.674,0.940
4166,A,rx,86,0,30,52773.848,0.740
4167,B,rx,87,0,30,52784.091,0.749
4168,A,rx,88,0,30,52794.298,1.082
4169,B,rx,89,0,30,52805.377,0.690
4170,A,rx,90,0,30,52815.581,0.935
4171,B,rx,91,0,30,52825.770,1.119
4172,A,rx,92,0,30,52836.709,1.083
4173,B,rx,93,0,30,52846.961,1.064
4174,A,rx,94,0,30,52857.117,0.712
4175,B,rx,95,0,30,52867.216,0.973
4176,A,rx,96,0,30,52877.627,0.830
4177,B,rx,97,0,30,52887.721,0.989
4178,A,rx,98,0,30,52898.749,1.020
4179,B,rx,99,0,30,52908.822,1.128
4180,A,rx,100,0,30,52919.097,1.031
4181,B,rx,101,0,30,52930.220,0.979
4182,A,rx,102,0,30,52940.494,0.740
4183,B,rx,103,0,30,52951.524,1.250
4184,A,rx,104,0,30,52961.677,0.658
4185,B,rx,105,0,30,52971.927,0.818
4186,A,rx,106,0,30,52982.051,1.005
4187,B,rx,107,0,30,52992.347,0.920
4188,A,rx,108,0,30,53002.523,0.620
4189,B,rx,109,0,30,53012.688,0.998
4190,A,rx,110,0,30,53022.795,0.667
4191,B,rx,111,0,30,53033.007,1.024
4192,A,rx,112,0,30,53044.013,0.653
4193,B,rx,113,0,30,53054.193,0.893
4194,A,rx,114,0,30,53065.247,0.984
4195,B,rx,115,0,30,53075.494,0.632
4196,A,rx,116,0,30,53085.874,1.254
4197,B,rx,117,0,30,53096.121,1.028
4198,A,rx,118,0,30,53106.153,0.711
4199,B,rx,119,0,30,53116.355,0.975
4200,A,rx,120,0,30,53126.516,0.904
4201,B,rx,121,0,30,53137.413,0.947
4202,A,rx,122,0,30,53147.622,0.901
4203,B,rx,123,0,30,53157.766,0.595
4204,A,rx,124,0,30,53167.887,0.603
4205,B,rx,125,0,30,53178.250,0.609
4206,A,rx,126,0,30,53190.283,0.593
4207,B,rx,127,0,30,53199.502,0.570
4208,A,rx,128,0,30,53209.677,0.769
4209,B,rx,129,0,30,53219.882,0.662
4210,A,rx,130,0,30,53231.044,0.628
4211,B,rx,131,0,30,53242.184,0.673
4212,A,rx,132,0,30,53251.214,0.564
4213,B,rx,133,0,30,53261.440,0.971
4214,A,rx,134,0,30,53271.737,0.931
4215,B,rx,135,0,30,53281.936,0.633
4216,A,rx,136,0,30,53292.103,0.871
4217,B,rx,137,0,30,53302.253,0.949
4218,A,rx,138,0,30,53312.414,0.869
4219,B,rx,139,0,30,53324.340,0.623
4220,A,rx,140,0,30,53334.508,0.499
4221,B,rx,141,0,30,53344.745,0.956
4222,A,rx,142,0,30,53354.863,0.911
4223,B,rx,143,0,30,53365.173,0.622
4224,A,rx,144,0,30,53375.369,0.943
4225,B,rx,145,0,30,53385.487,0.815
4226,A,rx,146,0,30,53395.600,0.754
4227,B,rx,147,0,30,53405.843,0.809
4228,A,rx,148,0,30,53416.845,0.629
4229,B,rx,149,0,30,53427.049,0.874
4230,A,rx,150,0,30,53437.264,0.558
4231,B,rx,151,0,30,53448.374,0.575
4232,A,rx,152,0,30,53458.580,1.017
4233,B,rx,153,0,30,53468.765,0.571
4234,A,rx,154,0,30,53478.964,0.895
4235,B,rx,155,0,30,53489.127,0.855
4236,A,rx,156,0,30,53500.121,0.580
4237,B,rx,157,0,30,53510.258,0.566
4238,A,rx,158,0,30,53520.490,0.905
4239,B,rx,159,0,30,53530.573,0.855
4240,A,rx,160,0,30,53540.928,0.916
4241,B,rx,161,0,30,53551.006,0.518
4242,A,rx,162,0,30,53561.273,0.572
4243,B,rx,163,0,30,53571.360,0.558
4244,A,rx,164,0,30,53582.626,0.622
4245,B,rx,165,0,30,53593.600,0.969
4246,A,rx,166,0,30,53603.824,0.605
4247,B,rx,167,0,30,53613.933,0.619
4248,A,rx,168,0,30,53624.149,0.607
4249,B,rx,169,0,30,53634.404,0.572
4250,A,rx,170,0,30,53644.560,0.936
4251,B,rx,171,0,30,53654.707,0.580
4252,A,rx,172,0,30,53664.862,0.635
4253,B,rx,173,0,30,53675.128,0.605
4254,A,rx,174,0,30,53686.065,0.598
4255,B,rx,175,0,30,53696.303,0.647
4256,A,rx,176,0,30,53707.383,0.960
4257,B,rx,177,0,30,53717.560,0.565
4258,A,rx,178,0,30,53727.951,0.630
4259,B,rx,179,0,30,53738.244,1.049
4260,A,rx,180,0,30,53748.336,0.981
4261,B,rx,181,0,30,53758.467,1.120
4262,A,rx,182,0,30,53768.608,1.166
4263,B,rx,183,0,30,53779.609,1.163
4264,A,rx,184,0,30,53789.821,0.867
4265,B,rx,185,0,30,53799.978,1.107
4266,A,rx,186,0,30,53810.169,1.059
4267,B,rx,187,0,30,53820.472,0.698
4268,A,rx,188,0,30,53830.529,1.030
4269,B,rx,189,0,30,53841.819,1.011
4270,A,rx,190,0,30,53851.890,0.944
4271,B,rx,191,0,30,53862.062,0.974
4272,A,rx,192,0,30,53872.971,0.580
4273,B,rx,193,0,30,53883.106,0.565
4274,A,rx,194,0,30,53893.359,0.788
4275,B,rx,195,0,30,53903.561,0.939
4276,A,rx,196,0,30,53913.806,0.627
4277,B,rx,197,0,30,53924.061,0.965
4278,A,rx,198,0,30,53935.289,0.928
4279,B,rx,199,0,30,53944.371,0.947
4280,A,rx,200,0,30,53954.459,0.953
4281,B,rx,201,0,30,53965.527,0.961
4282,A,rx,202,0,30,53976.744,0.689
4283,B,rx,203,0,30,53986.871,0.890
4284,A,rx,204,0,30,53997.218,0.909
4285,B,rx,205,0,30,54007.459,0.898
4286,A,rx,206,0,30,54017.514,0.560
4287,B,rx,207,0,30,54027.631,0.961
4288,A,rx,208,0,30,54037.799,0.907
4289,B,rx,209,0,30,54047.931,0.921
4290,A,rx,210,0,30,54059.836,0.834
4291,B,rx,211,0,30,54069.200,0.500
4292,A,rx,212,0,30,54079.330,0.635
4293,B,rx,213,0,30,54089.520,0.605
4294,A,rx,214,0,30,54101.184,0.995
4295,B,rx,215,0,30,54111.045,0.976
4296,A,rx,216,0,30,54122.039,0.927
4297,B,rx,217,0,30,54131.328,0.930
4298,A,rx,218,0,30,54141.347,0.645
4299,B,rx,219,0,30,54152.425,0.549
4300,A,rx,220,0,30,54162.568,0.582
4301,B,rx,221,0,30,54172.798,0.570
4302,A,rx,222,0,30,54182.966,0.563
4303,B,rx,223,0,30,54193.112,0.548
4304,A,rx,224,0,30,54204.293,0.625
4305,B,rx,225,0,30,54214.374,0.605
4306,A,rx,226,0,30,54224.733,0.970
4307,B,rx,227,0,30,54235.901,0.968
4308,A,rx,228,0,30,54246.028,0.654
4309,B,rx,229,0,30,54256.229,0.688
4310,A,rx,230,0,30,54266.455,0.608
4311,B,rx,231,0,30,54277.343,0.973
4312,A,rx,232,0,30,54287.499,0.643
4313,B,rx,233,0,30,54297.703,0.803
4314,A,rx,234,0,30,54307.910,0.628
4315,B,rx,235,0,30,54318.209,0.588
4316,A,rx,236,0,30,54328.384,0.618
4317,B,rx,237,0,30,54338.491,0.585
4318,A,rx,238,0,30,54348.654,0.646
4319,B,rx,239,0,30,54359.819,0.674
4320,A,rx,240,0,30,54370.921,0.669
4321,B,rx,241,0,30,54381.007,0.576
4322,A,rx,242,0,30,54391.245,0.550
4323,B,rx,243,0,30,54401.422,0.894
4324,A,rx,244,0,30,54411.635,0.615
4325,B,rx,245,0,30,54421.720,0.630
4326,A,rx,246,0,30,54431.973,0.567
4327,B,rx,247,0,30,54442.152,0.905
4328,A,rx,248,0,30,54453.112,0.606
4329,B,rx,249,0,30,54463.278,0.577
4330,A,rx,250,0,30,54473.574,0.566
4331,B,rx,251,0,30,54483.834,0.951
4332,A,rx,252,0,30,54495.048,0.921
4333,B,rx,253,0,30,54505.181,0.623
4334,A,rx,254,0,30,54515.246,0.943
4335,B,rx,255,0,30,54526.289,0.949
4336,A,rx,256,0,30,54536.470,0.858
4337,B,rx,257,0,30,54546.716,0.799
4338,A,rx,258,0,30,54556.814,0.828
4339,B,rx,259,0,30,54567.113,0.922
4340,A,rx,260,0,30,54577.319,0.913
4341,B,rx,261,0,30,54587.399,0.558
4342,A,rx,262,0,30,54597.474,0.661
4343,B,rx,263,0,30,54607.817,0.928
4344,A,rx,264,0,30,54619.751,0.584
4345,B,rx,265,0,30,54629.896,0.598
4346,A,rx,266,0,30,54640.108,0.650
4347,B,rx,267,0,30,54650.256,0.572
4348,A,rx,268,0,30,54660.569,0.656
4349,B,rx,269,0,30,54670.621,0.556
4350,A,rx,270,0,30,54680.868,0.557
4351,B,rx,271,0,30,54691.039,0.572
4352,A,rx,272,0,30,54701.277,0.613
4353,B,rx,273,0,30,54712.232,0.688
4354,A,rx,274,0,30,54722.348,0.553
4355,B,rx,275,0,30,54732.529,0.657
4356,A,rx,276,0,30,54742.725,0.651
4357,B,rx,277,0,30,54754.041,0.602
4358,A,rx,278,0,30,54764.197,0.654
4359,B,rx,279,0,30,54774.399,0.539
4360,A,rx,280,0,30,54784.605,0.620
4361,B,rx,281,0,30,54794.668,0.784
4362,A,rx,282,0,30,54805.662,0.645
4363,B,rx,283,0,30,54815.819,0.571
4364,A,rx,284,0,30,54826.054,0.968
4365,B,rx,285,0,30,54836.213,0.571
4366,A,rx,286,0,30,54846.557,0.987
4367,B,rx,287,0,30,54856.673,0.878
4368,A,rx,288,0,30,54866.873,0.687
4369,B,rx,289,0,30,54879.071,0.582
4370,A,rx,290,0,30,54889.057,0.928
4371,B,rx,291,0,30,54899.250,0.888
4372,A,rx,292,0,30,54909.343,0.704
4373,B,rx,293,0,30,54919.527,0.883
4374,A,rx,294,0,30,54929.751,0.828
4375,B,rx,295,0,30,54940.006,0.660
4376,A,rx,296,0,30,54951.071,0.636
4377,B,rx,297,0,30,54960.384,0.649
4378,A,rx,298,0,30,54970.417,0.547
4379,B,rx,299,0,30,54980.622,0.976
4380,A,rx,300,0,30,54991.613,0.947
4381,B,rx,301,0,30,55001.859,0.755
4382,A,rx,302,0,30,55013.002,0.924
4383,B,rx,303,0,30,55023.147,0.555
4384,A,rx,304,0,30,55033.521,0.586
4385,B,rx,305,0,30,55043.878,0.920
4386,A,rx,306,0,30,55053.817,0.531
4387,B,rx,307,0,30,55063.972,0.566
4388,A,rx,308,0,30,55074.105,0.929
4389,B,rx,309,0,30,55085.159,0.916
4390,A,rx,310,0,30,55095.267,0.612
4391,B,rx,311,0,30,55105.490,0.911
4392,A,rx,312,0,30,55115.565,0.982
4393,B,rx,313,0,30,55125.947,0.946
4394,A,rx,314,0,30,55136.002,0.708
4395,B,rx,315,0,30,55147.267,1.053
4396,A,rx,316,0,30,55157.474,0.565
4397,B,rx,317,0,30,55167.408,0.542
4398,A,rx,318,0,30,55178.635,0.586
4399,B,rx,319,0,30,55188.764,0.899
4400,A,rx,320,0,30,55199.767,0.556
4401,B,rx,321,0,30,55209.158,0.608
4402,A,rx,322,0,30,55219.422,0.841
4403,B,rx,323,0,30,55229.662,0.972
4404,A,rx,324,0,30,55239.678,0.607
4405,B,rx,325,0,30,55250.763,0.741
4406,A,rx,326,0,30,55260.968,1.131
4407,B,rx,327,0,30,55272.153,1.102
4408,A,rx,328,0,30,55282.476,1.052
4409,B,rx,329,0,30,55292.752,0.704
4410,A,rx,330,0,30,55302.683,0.590
4411,B,rx,331,0,30,55312.886,0.780
4412,A,rx,332,0,30,55323.919,0.933
4413,B,rx,333,0,30,55334.005,0.933
4414,A,rx,334,0,30,55344.162,0.605
4415,B,rx,335,0,30,55354.376,0.961
4416,A,rx,336,0,30,55364.722,0.617
4417,B,rx,337,0,30,55374.833,0.972
4418,A,rx,338,0,30,55384.880,0.823
4419,B,rx,339,0,30,55395.200,0.653
4420,A,rx,340,0,30,55406.272,0.913
4421,B,rx,341,0,30,55417.314,0.606
4422,A,rx,342,0,30,55427.560,1.064
4423,B,rx,343,0,30,55437.890,0.900
4424,A,rx,344,0,30,55448.001,0.786
4425,B,rx,345,0,30,55458.185,0.608
4426,A,rx,346,0,30,55469.061,0.941
4427,B,rx,347,0,30,55479.309,0.638
4428,A,rx,348,0,30,55489.422,0.929
4429,B,rx,349,0,30,55499.660,0.608
4430,A,rx,350,0,30,55509.998,0.887
4431,B,rx,351,0,30,55520.205,0.900
4432,A,rx,352,0,30,55531.330,0.904
4433,B,rx,353,0,30,55541.478,0.856
4434,A,rx,354,0,30,55551.611,0.616
4435,B,rx,355,0,30,55562.533,0.991
4436,A,rx,356,0,30,55572.830,0.925
4437,B,rx,357,0,30,55583.029,0.887
4438,A,rx,358,0,30,55593.143,0.973
4439,B,rx,359,0,30,55603.439,0.881
4440,A,rx,360,0,30,55613.560,0.838
4441,B,rx,361,0,30,55624.556,0.613
4442,A,rx,362,0,30,55633.875,0.584
4443,B,rx,363,0,30,55644.135,0.912
4444,A,rx,364,0,30,55655.154,0.970
4445,B,rx,365,0,30,55666.336,0.578
4446,A,rx,366,0,30,55676.463,0.773
4447,B,rx,367,0,30,55686.550,0.966
4448,A,rx,368,0,30,55696.926,0.914
4449,B,rx,369,0,30,55707.071,0.592
4450,A,rx,370,0,30,55717.232,0.557
4451,B,rx,371,0,30,55727.339,0.595
4452,A,rx,372,0,30,55737.480,0.894
4453,B,rx,373,0,30,55748.596,0.926
4454,A,rx,374,0,30,55758.776,1.022
4455,B,rx,375,0,30,55769.177,0.949
4456,A,rx,376,0,30,55779.154,0.698
4457,B,rx,377,0,30,55790.394,0.911
4458,A,rx,378,0,30,55800.517,0.823
4459,B,rx,379,0,30,55810.638,0.583
4460,A,rx,380,0,30,55821.728,0.570
4461,B,rx,381,0,30,55831.893,0.866
4462,A,rx,382,0,30,55842.068,0.656
4463,B,rx,383,0,30,55852.195,0.628
4464,A,rx,384,0,30,55862.491,0.850
4465,B,rx,385,0,30,55872.675,0.518
4466,A,rx,386,0,30,55882.862,0.552
4467,B,rx,387,0,30,55892.946,0.542
4468,A,rx,388,0,30,55903.158,0.915
4469,B,rx,389,0,30,55914.202,0.907
4470,A,rx,390,0,30,55925.389,0.553
4471,B,rx,391,0,30,55935.528,0.900
4472,A,rx,392,0,30,55945.598,0.660
4473,B,rx,393,0,30,55956.039,0.827
4474,A,rx,394,0,30,55966.977,0.607
4475,B,rx,395,0,30,55976.304,0.632
4476,A,rx,396,0,30,55986.441,0.921
4477,B,rx,397,0,30,55996.473,0.595
4478,A,rx,398,0,30,56007.677,0.922
4479,B,rx,399,0,30,56017.777,0.567
4480,A,rx,400,0,30,56027.964,0.962
4481,B,rx,401,0,30,56038.222,0.998
4482,A,rx,402,0,30,56049.477,0.915
4483,B,rx,403,0,30,56059.578,0.588
4484,A,rx,404,0,30,56069.655,0.646
4485,B,rx,405,0,30,56080.987,0.974
4486,A,rx,406,0,30,56090.103,0.970
4487,B,rx,407,0,30,56101.224,1.004
4488,A,rx,408,0,30,56111.406,0.935
4489,B,rx,409,0,30,56121.447,0.734
4490,A,rx,410,0,30,56131.732,1.009
4491,B,rx,411,0,30,56141.979,0.989
4492,A,rx,412,0,30,56152.163,1.104
4493,B,rx,413,0,30,56162.238,0.648
4494,A,rx,414,0,30,56172.827,0.932
4495,B,rx,415,0,30,56183.541,0.869
4496,A,rx,416,0,30,56194.630,1.005
4497,B,rx,417,0,30,56204.794,0.683
4498,A,rx,418,0,30,56214.960,0.965
4499,B,rx,419,0,30,56225.091,0.622
4500,A,rx,420,0,30,56235.867,0.916
4501,B,rx,421,0,30,56245.614,1.018
4502,A,rx,422,0,30,56255.810,0.771
4503,B,rx,423,0,30,56265.925,0.703
4504,A,rx,424,0,30,56275.968,0.959
4505,B,rx,425,0,30,56287.166,1.064
4506,A,rx,426,0,30,56297.308,1.052
4507,B,rx,427,0,30,56308.422,0.899
4508,A,rx,428,0,30,56318.593,0.914
4509,B,rx,429,0,30,56328.774,0.676
4510,A,rx,430,0,30,56339.517,0.986
4511,B,rx,431,0,30,56349.153,0.698
4512,A,rx,432,0,30,56359.377,1.101
4513,B,rx,433,0,30,56369.509,0.871
4514,A,rx,434,0,30,56380.514,1.004
4515,B,rx,435,0,30,56390.727,1.018
4516,A,rx,436,0,30,56400.858,0.913
4517,B,rx,437,0,30,56411.100,1.009
4518,A,rx,438,0,30,56421.487,1.032
4519,B,rx,439,0,30,56431.495,0.920
4520,A,rx,440,0,30,56442.624,0.929
4521,B,rx,441,0,30,56452.853,0.703
4522,A,rx,442,0,30,56463.823,0.668
4523,B,rx,443,0,30,56473.934,0.664
4524,A,rx,444,0,30,56484.100,0.590
4525,B,rx,446,0,30,56504.606,0.979
4526,A,rx,447,0,30,56514.749,0.963
4527,B,rx,448,0,30,56524.965,0.996
4528,A,rx,449,0,30,56535.162,0.958
4529,B,rx,450,0,30,56546.244,0.614
4530,A,rx,451,0,30,56556.320,0.927
4531,B,rx,452,0,30,56566.475,1.057
4532,A,rx,453,0,30,56577.625,0.675
4533,B,rx,454,0,30,56587.900,1.026
4534,A,rx,455,0,30,56598.189,0.953
4535,B,rx,456,0,30,56608.315,0.827
4536,A,rx,457,0,30,56618.383,0.922
4537,B,rx,458,0,30,56628.503,0.927
4538,A,rx,459,0,30,56639.616,0.681
4539,B,rx,460,0,30,56649.740,0.567
4540,A,rx,461,0,30,56659.910,0.630
4541,B,rx,462,0,30,56670.199,0.603
4542,A,rx,463,0,30,56680.348,0.596
4543,B,rx,464,0,30,56690.524,0.916
4544,A,rx,465,0,30,56701.750,0.593
4545,B,rx,466,0,30,56711.906,0.691
4546,A,rx,467,0,30,56721.997,0.599
4547,B,rx,468,0,30,56733.131,0.900
4548,A,rx,469,0,30,56743.260,0.591
4549,B,rx,470,0,30,56753.302,0.926
4550,A,rx,471,0,30,56763.651,0.617
4551,B,rx,472,0,30,56773.814,0.738
4552,A,rx,473,0,30,56784.029,0.968
4553,B,rx,474,0,30,56794.150,1.074
4554,A,rx,475,0,30,56804.487,0.907
4555,B,rx,476,0,30,56815.329,0.573
4556,A,rx,477,0,30,56825.477,0.643
4557,B,rx,478,0,30,56836.671,0.674
4558,A,rx,479,0,30,56846.882,0.724
4559,B,rx,480,0,30,56857.199,1.085
4560,A,rx,481,0,30,56867.250,0.942
4561,B,rx,482,0,30,56877.564,0.904
4562,A,rx,483,0,30,56887.696,0.998
4563,B,rx,484,0,30,56897.868,1.001
4564,A,rx,485,0,30,56908.848,0.953
4565,B,rx,486,0,30,56919.014,0.633
4566,A,rx,487,0,30,56929.245,1.056
4567,B,rx,488,0,30,56939.330,0.930
4568,A,rx,489,0,30,56949.647,0.606
4569,B,rx,490,0,30,56960.938,0.650
4570,A,rx,491,0,30,56971.072,0.637
4571,B,rx,492,0,30,56981.220,0.749
4572,A,rx,493,0,30,56991.319,0.654
4573,B,rx,494,0,30,57002.275,0.562
4574,A,rx,495,0,30,57012.529,1.036
4575,B,rx,496,0,30,57022.638,0.944
4576,A,rx,497,0,30,57032.729,0.764
4577,B,rx,498,0,30,57043.102,0.748
4578,A,rx,499,0,30,57053.300,0.569
4579,B,rx,500,0,30,57063.450,0.649
4580,A,rx,501,0,30,57073.594,1.012
4581,B,rx,502,0,30,57083.767,0.634
4582,A,rx,503,0,30,57095.808,0.683
4583,B,rx,504,0,30,57105.957,0.759
4584,A,rx,505,0,30,57116.179,0.588
4585,B,rx,506,0,30,57126.336,0.791
4586,A,rx,507,0,30,57136.629,0.661
4587,B,rx,508,0,30,57146.670,1.002
4588,A,rx,509,0,30,57158.849,0.999
4589,B,rx,510,0,30,57167.899,0.980
4590,A,rx,511,0,30,57178.258,0.837
4591,B,rx,512,0,30,57188.473,0.671
4592,A,rx,513,0,30,57198.567,0.658
4593,B,rx,514,0,30,57208.628,0.701
4594,A,rx,515,0,30,57220.787,0.992
4595,B,rx,516,0,30,57231.137,0.653
4596,A,rx,517,0,30,57241.296,1.018
4597,B,rx,518,0,30,57251.440,0.633
4598,A,rx,519,0,30,57261.562,1.018
4599,B,rx,520,0,30,57272.605,1.120
4600,A,rx,521,0,30,57282.787,1.019
4601,B,rx,522,0,30,57292.961,0.738
4602,A,rx,523,0,30,57303.099,0.998
4603,B,rx,524,0,30,57313.440,1.110
4604,A,rx,525,0,30,57323.568,0.599
4605,B,rx,526,0,30,57333.645,0.957
4606,A,rx,527,0,30,57343.853,0.709
4607,B,rx,528,0,30,57355.082,0.669
4608,A,rx,529,0,30,57366.032,0.615
4609,B,rx,530,0,30,57376.219,0.818
4610,A,rx,531,0,30,57386.376,0.908
4611,B,rx,532,0,30,57396.564,1.047
4612,A,rx,533,0,30,57406.912,0.930
4613,B,rx,534,0,30,57417.059,1.015
4614,A,rx,535,0,30,57427.272,0.704
4615,B,rx,536,0,30,57437.312,0.613
4616,A,rx,537,0,30,57447.506,0.984
4617,B,rx,538,0,30,57458.535,0.693
4618,A,rx,539,0,30,57468.697,0.966
4619,B,rx,540,0,30,57479.818,0.706
4620,A,rx,541,0,30,57489.920,0.645
4621,B,rx,542,0,30,57500.383,0.612
4622,A,rx,543,0,30,57510.615,0.613
4623,B,rx,544,0,30,57520.608,0.919
4624,A,rx,545,0,30,57530.723,0.987
4625,B,rx,546,0,30,57540.946,1.010
4626,A,rx,547,0,30,57551.947,0.623
4627,B,rx,548,0,30,57562.179,0.714
4628,A,rx,549,0,30,57572.328,0.545
4629,B,rx,550,0,30,57582.436,0.647
4630,A,rx,551,0,30,57592.642,0.697
4631,B,rx,552,0,30,57602.851,0.621
4632,A,rx,553,0,30,57614.058,0.697
4633,B,rx,554,0,30,57625.093,0.826
4634,A,rx,555,0,30,57635.278,0.928
4635,B,rx,556,0,30,57645.475,0.916
4636,A,rx,557,0,30,57655.569,0.625
4637,B,rx,558,0,30,57665.965,0.726
4638,A,rx,559,0,30,57676.126,0.644
4639,B,rx,560,0,30,57686.259,0.583
4640,A,rx,561,0,30,57696.363,0.979
4641,B,rx,562,0,30,57706.541,0.670
4642,A,rx,563,0,30,57717.614,0.570
4643,B,rx,564,0,30,57727.800,0.688
4644,A,rx,565,0,30,57738.946,0.578
4645,B,rx,567,0,30,57759.340,0.852
4646,A,rx,568,0,30,57769.544,0.617
4647,B,rx,569,0,30,57779.721,0.957
4648,A,rx,570,0,30,57789.896,0.755
4649,B,rx,571,0,30,57800.045,0.651
4650,A,rx,572,0,30,57811.075,0.936
4651,B,rx,573,0,30,57821.141,0.912
4652,A,rx,574,0,30,57831.402,0.585
4653,B,rx,575,0,30,57841.727,0.726
4654,A,rx,576,0,30,57851.820,0.926
4655,B,rx,577,0,30,57862.077,0.692
4656,A,rx,578,0,30,57873.252,0.911
4657,B,rx,579,0,30,57883.334,0.956
4658,A,rx,580,0,30,57894.287,0.615
4659,B,rx,581,0,30,57904.531,0.772
4660,A,rx,582,0,30,57914.716,0.776
4661,B,rx,583,0,30,57924.843,0.642
4662,A,rx,584,0,30,57935.011,0.577
4663,B,rx,585,0,30,57945.305,0.579
4664,A,rx,586,0,30,57955.496,0.947
4665,B,rx,587,0,30,57965.610,0.939
4666,A,rx,588,0,30,57975.830,0.594
4667,B,rx,589,0,30,57986.875,0.944
4668,A,rx,590,0,30,57997.013,0.982
4669,B,rx,591,0,30,58008.324,0.938
4670,A,rx,592,0,30,58018.547,0.633
4671,B,rx,593,0,30,58029.528,0.761
4672,A,rx,594,0,30,58039.658,0.719
4673,B,rx,595,0,30,58050.204,0.614
4674,A,rx,596,0,30,58060.016,0.983
4675,B,rx,597,0,30,58070.226,0.634
4676,A,rx,598,0,30,58080.446,1.004
4677,B,rx,599,0,30,58090.557,1.003
4678,A,rx,600,0,30,58101.659,0.946
4679,B,rx,601,0,30,58111.863,1.043
4680,A,rx,602,0,30,58121.962,1.005
4681,B,rx,604,0,30,58143.543,0.997
4682,A,rx,605,0,30,58154.589,1.035
4683,B,rx,606,0,30,58164.650,0.667
4684,A,rx,607,0,30,58174.817,0.952
4685,B,rx,608,0,30,58184.929,0.662
4686,A,rx,609,0,30,58195.323,1.009
4687,B,rx,610,0,30,58205.518,0.915
4688,A,rx,611,0,30,58215.624,0.963
4689,B,rx,612,0,30,58225.791,0.852
4690,A,rx,613,0,30,58235.870,0.925
4691,B,rx,614,0,30,58246.977,0.969
4692,A,rx,615,0,30,58257.148,0.879
4693,B,rx,616,0,30,58268.366,0.628
4694,A,rx,617,0,30,58278.386,0.982
4695,B,rx,618,0,30,58288.669,0.823
4696,A,rx,619,0,30,58298.897,0.848
4697,B,rx,620,0,30,58309.073,0.673
4698,A,rx,621,0,30,58319.258,0.995
4699,B,rx,622,0,30,58329.366,0.634
4700,A,rx,623,0,30,58340.465,0.630
4701,B,rx,624,0,30,58350.484,0.597
4702,A,rx,625,0,30,58361.136,0.729
4703,B,rx,626,0,30,58370.830,1.003
4704,A,rx,627,0,30,58381.131,0.640
4705,B,rx,628,0,30,58392.287,0.929
4706,A,rx,629,0,30,58402.433,0.631
4707,B,rx,630,0,30,58412.625,0.777
4708,A,rx,631,0,30,58422.782,0.730
4709,B,rx,632,0,30,58433.855,0.574
4710,A,rx,633,0,30,58443.993,0.579
4711,B,rx,634,0,30,58454.310,0.952
4712,A,rx,635,0,30,58465.429,0.620
4713,B,rx,636,0,30,58475.588,0.595
4714,A,rx,637,0,30,58485.880,0.938
4715,B,rx,638,0,30,58496.143,0.638
4716,A,rx,639,0,30,58506.206,0.900
4717,B,rx,640,0,30,58517.228,0.672
4718,A,rx,641,0,30,58528.356,0.665
4719,B,rx,642,0,30,58538.506,0.965
4720,A,rx,-1,-1,-1,58551.859,0.610
4721,B,rx,644,0,30,58559.022,0.964
4722,A,rx,645,0,30,58569.246,0.619
4723,B,rx,646,0,30,58579.248,0.981
4724,A,rx,647,0,30,58589.488,0.677
4725,B,rx,648,0,30,58599.595,0.612
4726,A,rx,649,0,30,58610.791,1.033
4727,B,rx,650,0,30,58620.902,0.880
4728,A,rx,651,0,30,58631.068,0.934
4729,B,rx,652,0,30,58641.226,0.730
4730,A,rx,653,0,30,58652.489,0.945
4731,B,rx,654,0,30,58662.695,0.997
4732,A,rx,655,0,30,58672.701,0.873
4733,B,rx,656,0,30,58682.942,0.968
4734,A,rx,657,0,30,58693.788,0.613
4735,B,rx,658,0,30,58704.145,0.743
4736,A,rx,659,0,30,58714.336,0.960
4737,B,rx,660,0,30,58724.400,0.675
4738,A,rx,661,0,30,58734.743,0.759
4739,B,rx,662,0,30,58744.827,0.931
4740,A,rx,663,0,30,58755.080,1.099
4741,B,rx,664,0,30,58765.218,0.953
4742,A,rx,665,0,30,58775.336,0.708
4743,B,rx,666,0,30,58787.428,0.641
4744,A,rx,667,0,30,58797.546,0.597
4745,B,rx,668,0,30,58807.767,0.737
4746,A,rx,669,0,30,58817.927,0.976
4747,B,rx,670,0,30,58828.155,0.705
4748,A,rx,671,0,30,58838.422,1.054
4749,B,rx,672,0,30,58848.532,1.049
4750,A,rx,673,0,30,58858.793,1.079
4751,B,rx,674,0,30,58869.208,0.656
4752,A,rx,675,0,30,58879.921,0.754
4753,B,rx,676,0,30,58889.957,0.700
4754,A,rx,677,0,30,58900.343,0.962
4755,B,rx,678,0,30,58911.623,0.972
4756,A,rx,679,0,30,58921.734,1.038
4757,B,rx,680,0,30,58932.317,0.958
4758,A,rx,681,0,30,58941.949,0.574
4759,B,rx,682,0,30,58952.998,0.603
4760,A,rx,683,0,30,58963.213,0.637
4761,B,rx,684,0,30,58973.364,0.581
4762,A,rx,685,0,30,58983.543,0.977
4763,B,rx,686,0,30,58993.842,0.613
4764,A,rx,687,0,30,59004.015,0.944
4765,B,rx,688,0,30,59014.200,0.946
4766,A,rx,689,0,30,59024.287,0.937
4767,B,rx,690,0,30,59034.461,0.967
4768,A,rx,691,0,30,59046.529,0.862
4769,B,rx,692,0,30,59056.757,0.911
4770,A,rx,693,0,30,59066.891,0.966
4771,B,rx,694,0,30,59076.945,0.886
4772,A,rx,695,0,30,59087.311,0.913
4773,B,rx,696,0,30,59097.596,0.634
4774,A,rx,697,0,30,59107.607,0.602
4775,B,rx,698,0,30,59117.804,1.130
4776,A,rx,699,0,30,59127.932,1.153
4777,B,rx,700,0,30,59139.176,1.042
4778,A,rx,701,0,30,59149.329,1.061
4779,B,rx,702,0,30,59159.387,0.717
4780,A,rx,703,0,30,59170.512,0.920
4781,B,rx,704,0,30,59180.808,1.186
4782,A,rx,705,0,30,59190.995,0.818
4783,B,rx,706,0,30,59201.281,1.122
4784,A,rx,707,0,30,59211.294,0.732
4785,B,rx,708,0,30,59221.380,0.930
4786,A,rx,709,0,30,59232.444,0.994
4787,B,rx,710,0,30,59242.610,0.963
4788,A,rx,711,0,30,59252.784,0.947
4789,B,rx,712,0,30,59262.937,0.964
4790,A,rx,713,0,30,59273.377,0.951
4791,B,rx,714,0,30,59283.392,0.900
4792,A,rx,715,0,30,59293.502,0.648
4793,B,rx,716,0,30,59304.700,0.899
4794,A,rx,717,0,30,59314.912,1.058
4795,B,rx,718,0,30,59325.934,0.729
4796,A,rx,719,0,30,59336.182,0.965
4797,B,rx,720,0,30,59346.232,0.629
4798,A,rx,721,0,30,59356.469,0.965
4799,B,rx,722,0,30,59366.699,0.670
4800,A,rx,723,0,30,59376.838,0.713
4801,B,rx,724,0,30,59386.966,0.647
4802,A,rx,725,0,30,59397.135,0.647
4803,B,rx,726,0,30,59408.190,0.931
4804,A,rx,727,0,30,59418.413,0.963
4805,B,rx,728,0,30,59429.469,0.643
4806,A,rx,729,0,30,59439.743,0.941
4807,B,rx,730,0,30,59449.879,0.627
4808,A,rx,731,0,30,59460.116,0.671
4809,B,rx,732,0,30,59470.243,0.600
4810,A,rx,733,0,30,59480.407,0.640
4811,B,rx,734,0,30,59490.623,0.933
4812,A,rx,735,0,30,59502.012,0.637
4813,B,rx,736,0,30,59512.788,0.914
4814,A,rx,737,0,30,59522.094,0.600
4815,B,rx,738,0,30,59532.292,0.969
4816,A,rx,739,0,30,59542.450,0.857
4817,B,rx,740,0,30,59552.674,0.728
4818,A,rx,741,0,30,59563.907,0.982
4819,B,rx,742,0,30,59573.991,0.941
4820,A,rx,743,0,30,59585.142,0.949
4821,B,rx,744,0,30,59595.134,0.961
4822,A,rx,745,0,30,59605.478,0.959
4823,B,rx,746,0,30,59615.513,0.938
4824,A,rx,747,0,30,59625.784,0.927
4825,B,rx,748,0,30,59635.924,0.857
4826,A,rx,749,0,30,59646.181,0.921
4827,B,rx,750,0,30,59656.275,0.830
4828,A,rx,751,0,30,59666.479,0.964
4829,B,rx,752,0,30,59676.586,0.892
4830,A,rx,753,0,30,59687.621,0.872
4831,B,rx,754,0,30,59698.803,0.592
4832,A,rx,755,0,30,59708.987,0.761
4833,B,rx,756,0,30,59719.065,0.599
4834,A,rx,757,0,30,59729.377,0.980
4835,B,rx,758,0,30,59739.543,0.951
4836,A,rx,759,0,30,59749.701,0.974
4837,B,rx,760,0,30,59759.894,0.941
4838,A,rx,761,0,30,59770.899,0.910
4839,B,rx,762,0,30,59781.066,0.601
4840,A,rx,763,0,30,59791.239,0.598
4841,B,rx,764,0,30,59801.339,0.573
4842,A,rx,765,0,30,59811.675,0.594
4843,B,rx,766,0,30,59822.953,0.686
4844,A,rx,767,0,30,59833.108,0.997
4845,B,rx,768,0,30,59843.231,1.010
4846,A,rx,769,0,30,59853.239,0.991
4847,B,rx,770,0,30,59864.351,0.971
4848,A,rx,771,0,30,59874.500,0.931
4849,B,rx,772,0,30,59884.795,0.974
4850,A,rx,773,0,30,59894.902,0.587
4851,B,rx,774,0,30,59905.179,0.948
4852,A,rx,775,0,30,59915.424,1.023
4853,B,rx,776,0,30,59925.533,1.002
4854,A,rx,777,0,30,59935.630,0.641
4855,B,rx,778,0,30,59945.786,0.901
4856,A,rx,779,0,30,59957.897,0.999
4857,B,rx,780,0,30,59967.961,0.545
4858,A,rx,781,0,30,59978.192,0.608
4859,B,rx,782,0,30,59988.316,0.603
4860,A,rx,783,0,30,59998.731,0.769
4861,B,rx,784,0,30,60008.801,0.643
4862,A,rx,785,0,30,60018.980,0.904
4863,B,rx,786,0,30,60029.099,0.668
4864,A,rx,787,0,30,60039.217,0.633
4865,B,rx,788,0,30,60050.361,0.539
4866,A,rx,789,0,30,60060.476,0.962
4867,B,rx,790,0,30,60070.700,0.784
4868,A,rx,792,0,30,60091.991,0.673
4869,B,rx,793,0,30,60102.234,0.591
4870,A,rx,794,0,30,60112.433,0.581
4871,B,rx,795,0,30,60122.611,0.995
4872,A,rx,796,0,30,60132.702,0.654
4873,B,rx,797,0,30,60143.694,0.603
4874,A,rx,798,0,30,60153.959,0.591
4875,B,rx,799,0,30,60164.173,1.013
4876,A,rx,800,0,30,60174.458,0.951
4877,B,rx,801,0,30,60184.692,0.984
4878,A,rx,802,0,30,60194.791,1.056
4879,B,rx,803,0,30,60204.938,0.994
4880,A,rx,804,0,30,60216.151,0.989
4881,B,rx,805,0,30,60227.214,0.696
4882,A,rx,806,0,30,60237.333,0.605
4883,B,rx,807,0,30,60247.501,1.068
4884,A,rx,808,0,30,60257.644,1.030
4885,B,rx,809,0,30,60267.888,0.981
4886,A,rx,810,0,30,60278.115,0.656
4887,B,rx,811,0,30,60288.243,0.703
4888,A,rx,812,0,30,60298.410,0.659
4889,B,rx,813,0,30,60308.589,1.122
4890,A,rx,814,0,30,60319.582,0.858
4891,B,rx,815,0,30,60329.745,0.745
4892,A,rx,816,0,30,60340.894,0.694
4893,B,rx,817,0,30,60351.111,1.034
4894,A,rx,818,0,30,60361.352,1.017
4895,B,rx,819,0,30,60371.459,0.658
4896,A,rx,820,0,30,60381.753,0.858
4897,B,rx,821,0,30,60391.954,0.631
4898,A,rx,822,0,30,60401.965,0.608
4899,B,rx,823,0,30,60412.996,0.621
4900,A,rx,824,0,30,60423.249,1.048
4901,B,rx,825,0,30,60433.376,0.629
4902,A,rx,826,0,30,60443.452,0.561
4903,B,rx,827,0,30,60453.802,0.692
4904,A,rx,828,0,30,60464.015,1.002
4905,B,rx,829,0,30,60475.191,0.920
4906,A,rx,830,0,30,60485.354,0.596
4907,B,rx,831,0,30,60496.740,0.753
4908,A,rx,833,0,30,60516.621,0.604
4909,B,rx,834,0,30,60526.922,0.924
4910,A,rx,835,0,30,60537.056,0.614
4911,B,rx,836,0,30,60547.402,0.913
4912,A,rx,837,0,30,60558.343,0.925
4913,B,rx,838,0,30,60568.514,0.943
4914,A,rx,839,0,30,60578.639,0.912
4915,B,rx,841,0,30,60600.227,0.978
4916,A,rx,842,0,30,60610.288,0.564
4917,B,rx,843,0,30,60620.401,0.562
4918,A,rx,844,0,30,60630.552,1.026
4919,B,rx,845,0,30,60640.718,0.931
4920,A,rx,846,0,30,60651.793,0.921
4921,B,rx,847,0,30,60662.025,0.921
4922,A,rx,848,0,30,60672.070,0.917
4923,B,rx,849,0,30,60682.282,0.928
4924,A,rx,850,0,30,60692.461,0.723
4925,B,rx,851,0,30,60702.710,0.674
4926,A,rx,852,0,30,60712.848,0.602
4927,B,rx,853,0,30,60723.016,0.657
4928,A,rx,854,0,30,60735.092,0.624
4929,B,rx,855,0,30,60745.288,0.639
4930,A,rx,856,0,30,60755.471,0.998
4931,B,rx,857,0,30,60765.565,0.692
4932,A,rx,858,0,30,60775.792,0.626
4933,B,rx,859,0,30,60785.991,0.625
4934,A,rx,860,0,30,60796.261,0.905
4935,B,rx,861,0,30,60806.456,0.972
4936,A,rx,862,0,30,60816.548,0.922
4937,B,rx,863,0,30,60827.613,0.897
4938,A,rx,864,0,30,60837.773,1.042
4939,B,rx,865,0,30,60847.885,0.913
4940,A,rx,866,0,30,60858.038,0.705
4941,B,rx,867,0,30,60869.256,0.600
4942,A,rx,868,0,30,60879.463,0.873
4943,B,rx,869,0,30,60889.697,0.661
4944,A,rx,870,0,30,60899.822,0.634
4945,B,rx,871,0,30,60910.884,0.894
4946,A,rx,872,0,30,60921.043,0.749
4947,B,rx,873,0,30,60931.258,0.888
4948,A,rx,874,0,30,60941.303,0.653
4949,B,rx,875,0,30,60952.276,0.780
4950,A,rx,876,0,30,60962.213,0.585
4951,B,rx,877,0,30,60971.875,0.636
4952,A,rx,878,0,30,60982.145,0.625
4953,B,rx,879,0,30,60993.236,1.024
4954,A,rx,880,0,30,61004.408,0.946
4955,B,rx,881,0,30,61014.538,1.031
4956,A,rx,882,0,30,61024.858,1.001
4957,B,rx,883,0,30,61034.992,0.959
4958,A,rx,884,0,30,61045.112,0.932
4959,B,rx,885,0,30,61055.430,0.984
4960,A,rx,886,0,30,61065.408,0.587
4961,B,rx,887,0,30,61076.408,0.663
4962,A,rx,888,0,30,61086.580,0.706
4963,B,rx,889,0,30,61096.755,0.558
4964,A,rx,890,0,30,61106.913,0.636
4965,B,rx,891,0,30,61117.236,0.591
4966,A,rx,892,0,30,61128.423,0.623
4967,B,rx,893,0,30,61138.575,0.646
4968,A,rx,894,0,30,61148.688,0.696
4969,B,rx,895,0,30,61158.945,0.637
4970,A,rx,896,0,30,61169.941,0.963
4971,B,rx,897,0,30,61180.029,0.547
4972,A,rx,898,0,30,61190.317,0.697
4973,B,rx,900,0,30,61210.707,0.965
4974,A,rx,901,0,30,61220.870,0.992
4975,B,rx,902,0,30,61231.071,0.640
4976,A,rx,903,0,30,61241.213,0.604
4977,B,rx,904,0,30,61593.722,0.711
4978,A,rx,905,0,30,61603.777,0.723
4979,B,rx,906,0,30,61613.974,0.676
4980,A,rx,907,0,30,61624.095,1.008
4981,B,rx,908,0,30,61634.311,1.019
4982,A,rx,909,0,30,61645.451,0.966
4983,B,rx,910,0,30,61655.526,0.705
4984,A,rx,911,0,30,61665.802,1.029
4985,B,rx,912,0,30,61675.957,0.909
4986,A,rx,913,0,30,61686.129,0.640
4987,B,rx,914,0,30,61696.289,0.579
4988,A,rx,915,0,30,61706.432,0.676
4989,B,rx,916,0,30,61716.591,1.085
4990,A,rx,917,0,30,61726.752,0.762
4991,B,rx,918,0,30,61737.158,0.637
4992,A,rx,919,0,30,61747.174,0.581
4993,B,rx,920,0,30,61757.310,0.614
4994,A,rx,921,0,30,61767.538,0.636
4995,B,rx,922,0,30,61778.581,0.590
4996,A,rx,923,0,30,61788.929,0.717
4997,B,rx,924,0,30,61798.923,0.600
4998,A,rx,925,0,30,61809.171,0.719
4999,B,rx,926,0,30,61819.368,0.680
5000,A,rx,927,0,30,61829.453,0.911
5001,B,rx,928,0,30,61839.808,1.024
5002,A,rx,929,0,30,61849.852,0.692
5003,B,rx,930,0,30,61859.889,0.677
5004,A,rx,931,0,30,61870.204,1.001
5005,B,rx,932,0,30,61880.293,0.959
5006,A,rx,933,0,30,61890.410,0.774
5007,B,rx,934,0,30,61901.593,0.789
5008,A,rx,935,0,30,61911.792,0.644
5009,B,rx,936,0,30,61921.985,0.998
5010,A,rx,937,0,30,61932.191,0.756
5011,B,rx,938,0,30,61943.157,0.961
5012,A,rx,939,0,30,61952.400,0.744
5013,B,rx,940,0,30,61962.567,1.024
5014,A,rx,941,0,30,61972.773,0.869
5015,B,rx,942,0,30,61983.915,1.004
5016,A,rx,943,0,30,61992.966,0.677
5017,B,rx,944,0,30,62003.188,0.676
5018,A,rx,945,0,30,62013.361,1.040
5019,B,rx,946,0,30,62023.520,0.852
5020,A,rx,947,0,30,62035.524,0.957
5021,B,rx,948,0,30,62045.769,0.739
5022,A,rx,949,0,30,62055.952,0.990
5023,B,rx,950,0,30,62066.144,0.965
5024,A,rx,951,0,30,62076.780,0.672
5025,B,rx,952,0,30,62086.487,1.032
5026,A,rx,953,0,30,62096.556,0.928
5027,B,rx,954,0,30,62106.687,0.631
5028,A,rx,955,0,30,62116.869,0.639
5029,B,rx,956,0,30,62127.030,0.652
5030,A,rx,957,0,30,62137.126,0.682
5031,B,rx,958,0,30,62147.309,0.960
5032,A,rx,959,0,30,62157.478,0.890
5033,B,rx,960,0,30,62168.631,0.987
5034,A,rx,961,0,30,62178.814,0.726
5035,B,rx,962,0,30,62188.961,0.973
5036,A,rx,963,0,30,62199.114,0.905
5037,B,rx,964,0,30,62209.435,0.631
5038,A,rx,965,0,30,62219.832,1.056
5039,B,rx,966,0,30,62229.669,0.975
5040,A,rx,967,0,30,62239.857,0.956
5041,B,rx,968,0,30,62249.918,0.827
5042,A,rx,969,0,30,62260.149,0.904
5043,B,rx,970,0,30,62270.550,1.059
5044,A,rx,971,0,30,62280.645,0.718
5045,B,rx,972,0,30,62291.673,1.012
5046,A,rx,973,0,30,62301.837,0.905
5047,B,rx,974,0,30,62311.983,0.607
5048,A,rx,975,0,30,62322.119,1.014
5049,B,rx,976,0,30,62332.379,0.997
5050,A,rx,977,0,30,62342.621,0.605
5051,B,rx,978,0,30,62352.803,1.066
5052,A,rx,979,0,30,62362.908,0.658
5053,B,rx,980,0,30,62373.073,0.652
5054,A,rx,981,0,30,62383.332,0.995
5055,B,rx,982,0,30,62393.451,0.860
5056,A,rx,983,0,30,62403.522,0.750
5057,B,rx,984,0,30,62413.719,0.949
5058,A,rx,985,0,30,62424.832,0.741
5059,B,rx,986,0,30,62435.100,0.784
5060,A,rx,987,0,30,62445.078,0.668
5061,B,rx,988,0,30,62455.325,0.833
5062,A,rx,989,0,30,62466.279,0.989
5063,B,rx,990,0,30,62476.529,0.965
5064,A,rx,991,0,30,62486.679,0.975
5065,B,rx,992,0,30,62496.790,0.961
5066,A,rx,993,0,30,62507.051,0.666
5067,B,rx,994,0,30,62517.220,1.016
5068,A,rx,995,0,30,62527.475,1.004
5069,B,rx,996,0,30,62537.480,0.988
5070,A,rx,997,0,30,62547.701,0.951
5071,B,rx,998,0,30,62558.961,0.805
5072,A,rx,999,0,30,62568.980,1.003
5073,B,rx,1000,0,30,62579.153,1.017
5074,A,rx,1001,0,30,62589.349,0.981
5075,B,rx,1002,0,30,62599.543,0.880
5076,A,rx,1003,0,30,62609.613,0.673
5077,B,rx,1004,0,30,62619.826,0.998
5078,A,rx,1005,0,30,62629.935,0.903
5079,B,rx,1006,0,30,62640.151,0.945
5080,A,rx,1007,0,30,62650.272,0.972
5081,B,rx,1008,0,30,62660.385,0.834
5082,A,rx,1009,0,30,62670.618,0.575
5083,B,rx,1010,0,30,62681.735,0.912
5084,A,rx,1011,0,30,62691.930,1.019
5085,B,rx,1012,0,30,62702.263,1.025
5086,A,rx,1013,0,30,62712.526,0.898
5087,B,rx,1014,0,30,62722.664,0.593
5088,A,rx,1015,0,30,62732.610,0.877
5089,B,rx,1016,0,30,62742.888,0.661
5090,A,rx,1017,0,30,62753.141,0.972
5091,B,rx,1018,0,30,62763.116,0.530
5092,A,rx,1019,0,30,62773.277,0.585
5093,B,rx,1020,0,30,62783.490,0.560
5094,A,rx,1021,0,30,62793.621,1.037
5095,B,rx,1022,0,30,62803.859,0.687
5096,A,rx,1023,0,30,62814.963,0.574
5097,B,rx,1024,0,30,62825.191,0.901
5098,A,rx,1025,0,30,62835.338,0.697
5099,B,rx,1026,0,30,62845.534,1.009
5100,A,rx,1027,0,30,62855.699,0.997
5101,B,rx,1028,0,30,62865.797,0.667
5102,A,rx,1029,0,30,62876.080,0.703
5103,B,rx,1030,0,30,62886.233,0.857
5104,A,rx,1031,0,30,62896.348,1.082
5105,B,rx,1032,0,30,62906.618,0.845
5106,A,rx,1033,0,30,62916.560,0.723
5107,B,rx,1034,0,30,62926.878,1.198
5108,A,rx,1035,0,30,62937.018,1.090
5109,B,rx,1036,0,30,62948.155,1.040
5110,A,rx,1037,0,30,62958.277,0.926
5111,B,rx,1038,0,30,62968.496,1.008
5112,A,rx,1039,0,30,62978.513,0.612
5113,B,rx,1040,0,30,62988.656,0.604
5114,A,rx,1041,0,30,62998.931,0.935
5115,B,rx,1042,0,30,63009.011,0.890
5116,A,rx,1043,0,30,63019.215,0.984
5117,B,rx,1044,0,30,63029.323,0.664
5118,A,rx,1045,0,30,63039.559,0.989
5119,B,rx,1046,0,30,63049.682,0.620
5120,A,rx,1047,0,30,63059.772,0.620
5121,B,rx,1048,0,30,63071.118,0.954
5122,A,rx,1049,0,30,63081.215,0.940
5123,B,rx,1050,0,30,63091.438,0.966
5124,A,rx,1051,0,30,63102.411,1.053
5125,B,rx,1052,0,30,63112.561,0.767
5126,A,rx,1053,0,30,63122.685,0.947
5127,B,rx,1054,0,30,63132.939,0.608
5128,A,rx,1055,0,30,63143.070,0.628
5129,B,rx,1056,0,30,63153.155,0.995
5130,A,rx,1057,0,30,63163.350,0.943
5131,B,rx,1058,0,30,63173.540,0.617
5132,A,rx,1059,0,30,63183.695,0.906
5133,B,rx,1060,0,30,63193.756,0.589
5134,A,rx,1061,0,30,63205.034,0.619
5135,B,rx,1062,0,30,63215.172,0.946
5136,A,rx,1063,0,30,63225.772,0.965
5137,B,rx,1064,0,30,63235.421,0.550
5138,A,rx,1065,0,30,63245.594,0.702
5139,B,rx,1066,0,30,63256.907,0.671
5140,A,rx,1067,0,30,63265.991,0.629
5141,B,rx,1068,0,30,63276.156,0.990
5142,A,rx,1069,0,30,63286.273,0.906
5143,B,rx,1070,0,30,63296.368,0.593
5144,A,rx,1071,0,30,63306.603,0.919
5145,B,rx,1072,0,30,63316.782,0.957
5146,A,rx,1073,0,30,63326.970,0.981
5147,B,rx,1074,0,30,63338.128,0.934
5148,A,rx,1075,0,30,63348.241,0.622
5149,B,rx,1076,0,30,63358.429,0.893
5150,A,rx,1077,0,30,63368.613,0.994
5151,B,rx,1078,0,30,63378.882,1.021
5152,A,rx,1079,0,30,63389.101,1.011
5153,B,rx,1080,0,30,63399.215,0.717
5154,A,rx,1081,0,30,63410.177,0.956
5155,B,rx,1082,0,30,63419.465,0.723
5156,A,rx,1083,0,30,63429.635,0.591
5157,B,rx,1084,0,30,63439.689,0.605
5158,A,rx,1085,0,30,63450.039,0.611
5159,B,rx,1086,0,30,63461.137,0.973
5160,A,rx,1087,0,30,63471.354,0.950
5161,B,rx,1088,0,30,63481.506,0.949
5162,A,rx,1089,0,30,63491.659,0.817
5163,B,rx,1090,0,30,63501.865,0.951
5164,A,rx,1091,0,30,63511.880,0.874
5165,B,rx,1092,0,30,63523.078,0.934
5166,A,rx,1093,0,30,63533.275,0.594
5167,B,rx,1094,0,30,63543.345,0.572
5168,A,rx,1095,0,30,63553.715,0.810
5169,B,rx,1096,0,30,63563.682,0.599
5170,A,rx,1097,0,30,63573.816,0.608
5171,B,rx,1098,0,30,63584.358,0.601
5172,A,rx,1099,0,30,63595.255,0.611
5173,B,rx,1100,0,30,63605.447,0.700
5174,A,rx,1101,0,30,63615.638,0.634
5175,B,rx,1102,0,30,63625.658,0.613
5176,A,rx,1103,0,30,63635.936,0.644
5177,B,rx,1104,0,30,63646.109,0.705
5178,A,rx,1105,0,30,63656.312,1.006
5179,B,rx,1106,0,30,63666.346,0.712
5180,A,rx,1107,0,30,63676.576,0.895
5181,B,rx,1108,0,30,63686.724,0.975
5182,A,rx,1109,0,30,63696.861,0.579
5183,B,rx,1110,0,30,63706.979,0.608
5184,A,rx,1111,0,30,63717.394,0.963
5185,B,rx,1112,0,30,63728.356,0.581
5186,A,rx,1113,0,30,63738.458,0.892
5187,B,rx,1114,0,30,63748.666,0.909
5188,A,rx,1115,0,30,63758.834,0.727
5189,B,rx,1116,0,30,63769.030,0.612
5190,A,rx,1117,0,30,63779.055,0.624
5191,B,rx,1118,0,30,63789.323,0.980
5192,A,rx,1119,0,30,63799.405,0.618
5193,B,rx,1120,0,30,63810.663,0.954
5194,A,rx,1121,0,30,63820.715,1.016
5195,B,rx,1122,0,30,63830.862,0.930
5196,A,rx,1123,0,30,63840.989,0.661
5197,B,rx,1124,0,30,63852.257,0.967
5198,A,rx,1125,0,30,63862.289,0.614
5199,B,rx,1126,0,30,63872.458,0.644
5200,A,rx,1127,0,30,63882.647,0.591
5201,B,rx,1128,0,30,63893.812,0.642
5202,A,rx,1129,0,30,63902.993,0.801
5203,B,rx,1130,0,30,63913.134,0.614
5204,A,rx,1131,0,30,63923.238,0.623
5205,B,rx,1132,0,30,63933.379,0.587
5206,A,rx,1133,0,30,63943.668,0.934
5207,B,rx,1134,0,30,63953.760,0.993
5208,A,rx,1135,0,30,63963.859,0.945
5209,B,rx,1136,0,30,63974.154,1.043
5210,A,rx,1137,0,30,63985.291,1.014
5211,B,rx,1138,0,30,63995.376,0.679
5212,A,rx,1139,0,30,64005.729,0.753
5213,B,rx,1140,0,30,64015.784,0.638
5214,A,rx,1141,0,30,64026.127,1.032
5215,B,rx,1142,0,30,64036.115,0.936
5216,A,rx,1143,0,30,64046.252,0.885
5217,B,rx,1144,0,30,64056.343,0.941
5218,A,rx,1145,0,30,64066.580,0.617
5219,B,rx,1146,0,30,64076.797,0.938
5220,A,rx,1147,0,30,64086.924,0.599
5221,B,rx,1148,0,30,64097.027,0.879
5222,A,rx,1149,0,30,64107.280,0.879
5223,B,rx,1150,0,30,64118.439,0.844
5224,A,rx,1151,0,30,64128.670,0.598
5225,B,rx,1152,0,30,64138.888,0.928
5226,A,rx,1153,0,30,64149.032,0.906
5227,B,rx,1154,0,30,64159.167,0.947
5228,A,rx,1155,0,30,64170.244,0.891
5229,B,rx,1156,0,30,64180.406,0.898
5230,A,rx,1157,0,30,64190.539,0.855
5231,B,rx,1158,0,30,64200.645,0.623
5232,A,rx,1159,0,30,64211.935,0.660
5233,B,rx,1160,0,30,64221.156,0.645
5234,A,rx,1161,0,30,64231.216,0.590
5235,B,rx,1162,0,30,64242.357,0.962
5236,A,rx,1163,0,30,64252.533,0.967
5237,B,rx,1164,0,30,64262.694,0.702
5238,A,rx,1165,0,30,64272.853,0.891
5239,B,rx,1166,0,30,64282.986,0.592
5240,A,rx,1168,0,30,64303.481,0.718
5241,B,rx,1169,0,30,64313.606,0.846
5242,A,rx,1170,0,30,64323.665,0.611
5243,B,rx,1171,0,30,64333.907,0.747
5244,A,rx,1172,0,30,64344.194,0.685
5245,B,rx,1173,0,30,64354.313,0.986
5246,A,rx,1174,0,30,64364.543,0.909
5247,B,rx,1175,0,30,64375.593,0.933
5248,A,rx,1176,0,30,64385.743,1.010
5249,B,rx,1177,0,30,64395.886,0.956
5250,A,rx,1178,0,30,64406.065,0.863
5251,B,rx,1179,0,30,64416.250,1.019
5252,A,rx,1180,0,30,64426.364,1.003
5253,B,rx,1181,0,30,64436.617,1.034
5254,A,rx,1182,0,30,64446.693,0.724
5255,B,rx,1183,0,30,64456.866,0.638
5256,A,rx,1184,0,30,64467.045,0.570
5257,B,rx,1185,0,30,64477.115,0.604
5258,A,rx,1186,0,30,64487.272,0.606
5259,B,rx,1187,0,30,64497.400,0.567
5260,A,rx,1188,0,30,64508.622,0.897
5261,B,rx,1189,0,30,64518.871,0.694
5262,A,rx,1190,0,30,64529.063,0.616
5263,B,rx,1191,0,30,64539.169,0.959
5264,A,rx,1192,0,30,64549.405,0.589
5265,B,rx,1193,0,30,64559.468,0.578
5266,A,rx,1194,0,30,64569.602,0.909
5267,B,rx,1195,0,30,64579.736,0.686
5268,A,rx,1196,0,30,64589.952,0.604
5269,B,rx,1197,0,30,64600.123,0.576
5270,A,rx,1198,0,30,64610.226,0.635
5271,B,rx,1199,0,30,64620.441,0.905
5272,A,rx,1200,0,30,64632.405,0.916
5273,B,rx,1201,0,30,64642.640,0.864
5274,A,rx,1202,0,30,64653.876,0.968
5275,B,rx,1203,0,30,64662.998,0.894
5276,A,rx,1204,0,30,64673.068,0.588
5277,B,rx,1205,0,30,64683.234,0.604
5278,A,rx,1206,0,30,64693.426,0.619
5279,B,rx,1207,0,30,64703.516,0.570
5280,A,rx,1208,0,30,64713.689,0.949
5281,B,rx,1209,0,30,64723.977,0.582
5282,A,rx,1210,0,30,64733.997,0.630
5283,B,rx,1211,0,30,64744.249,0.596
5284,A,rx,1212,0,30,64754.418,0.726
5285,B,rx,1213,0,30,64765.537,0.592
5286,A,rx,1214,0,30,64775.661,0.929
5287,B,rx,1215,0,30,64785.923,0.706
5288,A,rx,1216,0,30,64796.036,0.718
5289,B,rx,1217,0,30,64806.167,0.620
5290,A,rx,1218,0,30,64816.327,0.572
5291,B,rx,1219,0,30,64826.460,0.618
5292,A,rx,1220,0,30,64836.767,0.670
5293,B,rx,1221,0,30,64846.818,0.717
5294,A,rx,1222,0,30,64857.073,0.950
5295,B,rx,1223,0,30,64867.252,0.955
5296,A,rx,1224,0,30,64877.249,0.644
5297,B,rx,1225,0,30,64887.474,0.617
5298,A,rx,1226,0,30,64898.606,1.039
5299,B,rx,1227,0,30,64908.867,0.992
5300,A,rx,1228,0,30,64919.150,1.028
5301,B,rx,1229,0,30,64929.141,0.557
5302,A,rx,1231,0,30,64949.515,0.637
5303,B,rx,1232,0,30,64959.739,0.661
5304,A,rx,1233,0,30,64970.055,0.932
5305,B,rx,1234,0,30,64980.146,0.585
5306,A,rx,1235,0,30,64990.271,1.009
5307,B,rx,1236,0,30,65000.378,0.603
5308,A,rx,1237,0,30,65010.566,0.591
5309,B,rx,1238,0,30,65021.715,0.947
5310,A,rx,1239,0,30,65031.901,0.618
5311,B,rx,1240,0,30,65042.012,0.696
5312,A,rx,1241,0,30,65052.225,0.992
5313,B,rx,1242,0,30,65062.348,0.602
5314,A,rx,1243,0,30,65072.488,1.053
5315,B,rx,1244,0,30,65082.753,0.699
5316,A,rx,1245,0,30,65092.832,0.930
5317,B,rx,1246,0,30,65103.016,0.688
5318,A,rx,1247,0,30,65113.237,0.601
5319,B,rx,1248,0,30,65123.292,0.636
5320,A,rx,1249,0,30,65133.383,0.557
5321,B,rx,1250,0,30,65143.650,0.649
5322,A,rx,1251,0,30,65154.875,0.651
5323,B,rx,1252,0,30,65164.923,0.589
5324,A,rx,1253,0,30,65175.192,0.616
5325,B,rx,1254,0,30,65185.203,0.943
5326,A,rx,1255,0,30,65195.516,0.899
5327,B,rx,1256,0,30,65205.551,0.658
5328,A,rx,1257,0,30,65215.856,0.870
5329,B,rx,1258,0,30,65226.048,0.979
5330,A,rx,1259,0,30,65236.178,0.915
5331,B,rx,1260,0,30,65246.298,0.887
5332,A,rx,1261,0,30,65256.471,0.856
5333,B,rx,1262,0,30,65266.605,0.921
5334,A,rx,1263,0,30,65276.735,0.616
5335,B,rx,1264,0,30,65288.816,0.623
5336,A,rx,1265,0,30,65298.186,0.578
5337,B,rx,1266,0,30,65308.242,0.625
5338,A,rx,1267,0,30,65318.541,0.650
5339,B,rx,1268,0,30,65328.585,0.587
5340,A,rx,1269,0,30,65338.718,0.993
5341,B,rx,1270,0,30,65349.734,0.589
5342,A,rx,1271,0,30,65359.886,0.634
5343,B,rx,1272,0,30,65370.137,0.641
5344,A,rx,1273,0,30,65380.199,0.567
5345,B,rx,1274,0,30,65390.352,0.687
5346,A,rx,1275,0,30,65400.585,0.639
5347,B,rx,1276,0,30,65411.781,0.671
5348,A,rx,1277,0,30,65421.940,0.652
5349,B,rx,1278,0,30,65432.084,0.962
5350,A,rx,1279,0,30,65442.564,0.603
5351,B,rx,1280,0,30,65452.372,0.960
5352,A,rx,1281,0,30,65462.526,0.541
5353,B,rx,1282,0,30,65472.758,0.599
5354,A,rx,1283,0,30,65483.108,0.899
5355,B,rx,1284,0,30,65493.064,0.631
5356,A,rx,1285,0,30,65503.355,0.594
5357,B,rx,1286,0,30,65513.375,0.575
5358,A,rx,1287,0,30,65523.607,0.623
5359,B,rx,1288,0,30,65533.787,0.930
5360,A,rx,1289,0,30,65544.975,0.571
5361,B,rx,1290,0,30,65555.449,0.621
5362,A,rx,1291,0,30,65565.288,0.964
5363,B,rx,1292,0,30,65575.451,0.576
5364,A,rx,1293,0,30,65585.640,0.974
5365,B,rx,1294,0,30,65595.842,0.736
5366,A,rx,1295,0,30,65605.936,0.940
5367,B,rx,1296,0,30,65616.144,0.953
5368,A,rx,1297,0,30,65626.276,0.958
5369,B,rx,1298,0,30,65636.508,0.591
5370,A,rx,1299,0,30,65646.544,0.905
5371,B,rx,1300,0,30,65656.785,1.004
5372,A,rx,1301,0,30,65666.950,0.960
5373,B,rx,1302,0,30,65678.067,0.600
5374,A,rx,1303,0,30,65688.331,0.971
5375,B,rx,1304,0,30,65698.436,0.605
5376,A,rx,1305,0,30,65708.536,0.956
5377,B,rx,1306,0,30,65718.714,0.801
5378,A,rx,1307,0,30,65728.911,0.913
5379,B,rx,1308,0,30,65739.061,0.973
5380,A,rx,1309,0,30,65749.117,0.917
5381,B,rx,1310,0,30,65759.322,0.652
5382,A,rx,1311,0,30,65769.508,1.009
5383,B,rx,1312,0,30,65779.624,0.799
5384,A,rx,1313,0,30,65789.827,0.915
5385,B,rx,1314,0,30,65799.959,0.604
5386,A,rx,1315,0,30,65812.070,0.895
5387,B,rx,1316,0,30,65822.168,0.605
5388,A,rx,1317,0,30,65832.324,0.911
5389,B,rx,1318,0,30,65842.555,0.939
5390,A,rx,1319,0,30,65852.701,0.799
5391,B,rx,1320,0,30,65862.871,0.895
5392,A,rx,1321,0,30,65873.097,0.636
5393,B,rx,1322,0,30,65883.197,0.620
5394,A,rx,1323,0,30,65893.329,0.947
5395,B,rx,1324,0,30,65903.523,0.987
5396,A,rx,1325,0,30,65913.642,0.635
5397,B,rx,1326,0,30,65923.804,1.010
5398,A,rx,1327,0,30,65934.948,1.008
5399,B,rx,1328,0,30,65945.195,0.710
5400,A,rx,1329,0,30,65955.263,0.960
5401,B,rx,1330,0,30,65965.531,0.904
5402,A,rx,1331,0,30,65975.641,0.992
5403,B,rx,1332,0,30,65985.808,1.018
5404,A,rx,1333,0,30,65995.908,0.614
5405,B,rx,1334,0,30,66006.021,0.761
5406,A,rx,1335,0,30,66016.287,0.980
5407,B,rx,1336,0,30,66026.394,1.051
5408,A,rx,1337,0,30,66036.544,1.022
5409,B,rx,1338,0,30,66046.765,0.951
5410,A,rx,1339,0,30,66056.852,0.719
5411,B,rx,1340,0,30,66068.181,1.073
5412,A,rx,1342,0,30,66088.468,0.717
5413,B,rx,1343,0,30,66098.649,0.592
5414,A,rx,1344,0,30,66108.864,0.627
5415,B,rx,1345,0,30,66119.017,0.644
5416,A,rx,1346,0,30,66129.098,0.572
5417,B,rx,1347,0,30,66139.360,0.587
5418,A,rx,1348,0,30,66149.447,0.607
5419,B,rx,1349,0,30,66159.679,0.710
5420,A,rx,1350,0,30,66169.805,0.999
5421,B,rx,1351,0,30,66180.091,0.644
5422,A,rx,1352,0,30,66190.243,0.942
5423,B,rx,1353,0,30,66201.446,1.064
5424,A,rx,1354,0,30,66211.540,0.995
5425,B,rx,1355,0,30,66221.667,1.019
5426,A,rx,1356,0,30,66231.820,1.068
5427,B,rx,1357,0,30,66242.906,0.999
5428,A,rx,1358,0,30,66253.049,0.998
5429,B,rx,1359,0,30,66263.227,0.974
5430,A,rx,1360,0,30,66273.323,0.674
5431,B,rx,1361,0,30,66283.498,1.009
5432,A,rx,1362,0,30,66293.674,0.773
5433,B,rx,1363,0,30,66303.830,1.000
5434,A,rx,1364,0,30,66314.024,0.943
5435,B,rx,1365,0,30,66325.195,0.956
5436,A,rx,1366,0,30,66335.264,1.069
5437,B,rx,1367,0,30,66345.494,0.978
5438,A,rx,1368,0,30,66355.554,1.050
5439,B,rx,1369,0,30,66365.791,0.925
5440,A,rx,1370,0,30,66375.954,0.981
5441,B,rx,1371,0,30,66386.297,1.017
5442,A,rx,1372,0,30,66396.225,0.632
5443,B,rx,1373,0,30,66406.437,0.702
5444,A,rx,1374,0,30,66416.669,0.854
5445,B,rx,1375,0,30,66426.775,1.025
5446,A,rx,1376,0,30,66436.954,1.139
5447,B,rx,1377,0,30,66447.153,0.620
5448,A,rx,1378,0,30,66458.315,1.173
5449,B,rx,1379,0,30,66468.506,1.158
5450,A,rx,1380,0,30,66478.600,1.155
5451,B,rx,1381,0,30,66488.883,0.878
5452,A,rx,1382,0,30,66499.067,1.028
5453,B,rx,1383,0,30,66509.134,1.025
5454,A,rx,1384,0,30,66519.350,0.670
5455,B,rx,1385,0,30,66529.460,0.914
5456,A,rx,1386,0,30,66539.661,0.617
5457,B,rx,1387,0,30,66549.804,0.670
5458,A,rx,1388,0,30,66559.968,0.632
5459,B,rx,1389,0,30,66570.137,0.970
5460,A,rx,1390,0,30,66580.250,0.928
5461,B,rx,1391,0,30,66591.348,0.598
5462,A,rx,1392,0,30,66601.581,0.919
5463,B,rx,1393,0,30,66611.688,0.696
5464,A,rx,1394,0,30,66622.026,0.942
5465,B,rx,1395,0,30,66632.050,0.598
5466,A,rx,1396,0,30,66642.273,0.681
5467,B,rx,1397,0,30,66652.393,0.938
5468,A,rx,1398,0,30,66662.602,0.663
5469,B,rx,1399,0,30,66672.806,0.937
5470,A,rx,1400,0,30,66682.959,0.871
5471,B,rx,1401,0,30,66693.150,0.965
5472,A,rx,1402,0,30,66703.213,0.647
5473,B,rx,1403,0,30,66714.330,0.622
5474,A,rx,1404,0,30,66724.478,0.626
5475,B,rx,1405,0,30,66735.504,0.685
5476,A,rx,1406,0,30,66745.773,0.950
5477,B,rx,1407,0,30,66755.878,0.920
5478,A,rx,1408,0,30,66766.020,0.952
5479,B,rx,1409,0,30,66776.153,0.609
5480,A,rx,1410,0,30,66786.389,0.659
5481,B,rx,1411,0,30,66796.552,0.614
5482,A,rx,1412,0,30,66806.691,0.626
5483,B,rx,1413,0,30,66816.870,0.656
5484,A,rx,1414,0,30,66827.049,1.011
5485,B,rx,1415,0,30,66837.194,0.582
5486,A,rx,1416,0,30,66848.397,0.921
5487,B,rx,1417,0,30,66858.584,1.041
5488,A,rx,1418,0,30,66868.804,0.932
5489,B,rx,1419,0,30,66879.032,0.646
5490,A,rx,1420,0,30,66889.145,0.616
5491,B,rx,1421,0,30,66899.254,0.557
5492,A,rx,1422,0,30,66909.527,0.658
5493,B,rx,1423,0,30,66919.600,0.622
5494,A,rx,1424,0,30,66929.786,0.966
5495,B,rx,1425,0,30,66940.001,0.960
5496,A,rx,1426,0,30,66950.105,0.595
5497,B,rx,1427,0,30,66960.198,0.590
5498,A,rx,1428,0,30,66970.511,0.965
5499,B,rx,1429,0,30,66981.648,0.954
5500,A,rx,1430,0,30,66991.802,0.681
5501,B,rx,1431,0,30,67001.893,0.592
5502,A,rx,1432,0,30,67012.097,0.932
5503,B,rx,1433,0,30,67022.274,0.961
5504,A,rx,1434,0,30,67032.459,0.606
5505,B,rx,1435,0,30,67042.640,0.636
5506,A,rx,1436,0,30,67052.643,0.632
5507,B,rx,1437,0,30,67062.823,0.640
5508,A,rx,1438,0,30,67073.060,0.636
5509,B,rx,1439,0,30,67083.234,0.903
5510,A,rx,1440,0,30,67093.375,0.839
5511,B,rx,1441,0,30,67104.507,0.584
5512,A,rx,1442,0,30,67115.478,0.553
5513,B,rx,1443,0,30,67125.782,0.621
5514,A,rx,1444,0,30,67135.925,0.652
5515,B,rx,1445,0,30,67146.101,0.920
5516,A,rx,1446,0,30,67156.259,0.639
5517,B,rx,1447,0,30,67166.291,0.573
5518,A,rx,1448,0,30,67176.467,0.598
5519,B,rx,1449,0,30,67186.654,0.915
5520,A,rx,1450,0,30,67196.811,0.718
5521,B,rx,1451,0,30,67207.024,0.925
5522,A,rx,1452,0,30,67217.263,0.632
5523,B,rx,1453,0,30,67227.496,0.990
5524,A,rx,1454,0,30,67238.633,0.560
5525,B,rx,1455,0,30,67248.785,0.577
5526,A,rx,1456,0,30,67259.152,0.614
5527,B,rx,1457,0,30,67269.317,0.628
5528,A,rx,1458,0,30,67279.310,0.534
5529,B,rx,1459,0,30,67289.481,0.933
5530,A,rx,1460,0,30,67299.616,0.726
5531,B,rx,1461,0,30,67309.758,0.725
5532,A,rx,1462,0,30,67320.854,0.952
5533,B,rx,1463,0,30,67330.955,0.844
5534,A,rx,1464,0,30,67341.083,0.599
5535,B,rx,1465,0,30,67351.313,0.915
5536,A,rx,1466,0,30,67362.429,0.822
5537,B,rx,1467,0,30,67372.702,0.916
5538,A,rx,1468,0,30,67382.798,0.974
5539,B,rx,1469,0,30,67392.983,0.693
5540,A,rx,1470,0,30,67403.029,0.557
5541,B,rx,1471,0,30,67413.292,0.945
5542,A,rx,1472,0,30,67423.350,0.917
5543,B,rx,1473,0,30,67433.735,1.018
5544,A,rx,1474,0,30,67443.784,0.958
5545,B,rx,1475,0,30,67453.938,0.941
5546,A,rx,1476,0,30,67464.163,0.986
5547,B,rx,1477,0,30,67474.297,0.952
5548,A,rx,1479,0,30,67495.691,1.127
5549,B,rx,1480,0,30,67505.992,1.120
5550,A,rx,1481,0,30,67516.252,1.101
5551,B,rx,1482,0,30,67526.213,1.160
5552,A,rx,1483,0,30,67536.505,0.699
5553,B,rx,1484,0,30,67546.483,0.682
5554,A,rx,1485,0,30,67556.551,0.589
5555,B,rx,1486,0,30,67566.837,0.616
5556,A,rx,1487,0,30,67577.078,0.616
5557,B,rx,1488,0,30,67587.040,0.583
5558,A,rx,1489,0,30,67597.367,0.880
5559,B,rx,1490,0,30,67607.647,0.891
5560,A,rx,1491,0,30,67617.714,0.939
5561,B,rx,1492,0,30,67628.899,0.756
5562,A,rx,1493,0,30,67640.099,0.599
5563,B,rx,1494,0,30,67649.107,0.617
5564,A,rx,1495,0,30,67659.345,1.002
5565,B,rx,1496,0,30,67669.428,0.586
5566,A,rx,1497,0,30,67679.576,0.621
5567,B,rx,1498,0,30,67689.700,0.604
5568,A,rx,1499,0,30,67700.000,0.735
5569,B,rx,1500,0,30,67710.086,0.908
5570,A,rx,1501,0,30,67720.289,0.909
5571,B,rx,1502,0,30,67730.343,0.579
5572,A,rx,1503,0,30,67740.497,0.591
5573,B,rx,1504,0,30,67750.685,0.622
5574,A,rx,1505,0,30,67761.845,0.644
5575,B,rx,1506,0,30,67772.131,1.031
5576,A,rx,1507,0,30,67782.210,0.597
5577,B,rx,1508,0,30,67792.267,0.589
5578,A,rx,1509,0,30,67802.567,0.986
5579,B,rx,1510,0,30,67812.654,0.633
5580,A,rx,1511,0,30,67822.782,0.678
5581,B,rx,1512,0,30,67832.918,0.621
5582,A,rx,1513,0,30,67843.161,0.966
5583,B,rx,1514,0,30,67853.379,0.987
5584,A,rx,1515,0,30,67863.450,0.987
5585,B,rx,1516,0,30,67873.694,0.681
5586,A,rx,1517,0,30,67884.856,0.919
5587,B,rx,1518,0,30,67895.955,0.671
5588,A,rx,1519,0,30,67905.934,0.951
5589,B,rx,1520,0,30,67916.133,0.655
5590,A,rx,1521,0,30,67926.402,1.038
5591,B,rx,1522,0,30,67936.524,0.952
5592,A,rx,1523,0,30,67946.646,0.920
5593,B,rx,1524,0,30,67956.857,0.944
5594,A,rx,1525,0,30,67966.905,0.771
5595,B,rx,1526,0,30,67977.114,0.952
5596,A,rx,1527,0,30,67987.309,0.973
5597,B,rx,1528,0,30,67997.422,0.544
5598,A,rx,1529,0,30,68007.561,0.866
5599,B,rx,1530,0,30,68018.750,0.594
5600,A,rx,1531,0,30,68029.020,1.033
5601,B,rx,1532,0,30,68039.164,0.994
5602,A,rx,1533,0,30,68049.265,0.611
5603,B,rx,1534,0,30,68059.471,0.778
5604,A,rx,1535,0,30,68069.572,1.017
5605,B,rx,1536,0,30,68079.762,0.951
5606,A,rx,1537,0,30,68090.099,0.622
5607,B,rx,1538,0,30,68100.076,0.963
5608,A,rx,1539,0,30,68110.420,0.906
5609,B,rx,1540,0,30,68120.460,0.974
5610,A,rx,1541,0,30,68130.575,0.917
5611,B,rx,1542,0,30,68140.751,0.994
5612,A,rx,1543,0,30,68151.886,0.669
5613,B,rx,1544,0,30,68162.143,0.923
5614,A,rx,1545,0,30,68172.282,0.984
5615,B,rx,1546,0,30,68182.357,0.570
5616,A,rx,1547,0,30,68192.569,0.913
5617,B,rx,1548,0,30,68202.835,0.714
5618,A,rx,1549,0,30,68212.981,0.646
5619,B,rx,1550,0,30,68223.205,0.743
5620,A,rx,1551,0,30,68233.276,1.007
5621,B,rx,1552,0,30,68243.412,0.636
5622,A,rx,1553,0,30,68253.606,0.973
5623,B,rx,1554,0,30,68263.790,0.647
5624,A,rx,1555,0,30,68274.910,0.981
5625,B,rx,1556,0,30,68285.103,0.619
5626,A,rx,1557,0,30,68295.366,0.976
5627,B,rx,1558,0,30,68305.428,0.649
5628,A,rx,1559,0,30,68315.568,0.932
5629,B,rx,1560,0,30,68325.713,0.837
5630,A,rx,1561,0,30,68335.789,0.617
5631,B,rx,1562,0,30,68346.047,0.615
5632,A,rx,1563,0,30,68356.217,0.702
5633,B,rx,1564,0,30,68366.425,0.644
5634,A,rx,1565,0,30,68376.572,0.987
5635,B,rx,1566,0,30,68386.673,0.634
5636,A,rx,1567,0,30,68396.941,0.923
5637,B,rx,1568,0,30,68408.084,0.745
5638,A,rx,1569,0,30,68419.191,0.769
5639,B,rx,1570,0,30,68429.188,0.627
5640,A,rx,1571,0,30,68439.374,0.630
5641,B,rx,1572,0,30,68449.496,0.593
5642,A,rx,1573,0,30,68459.682,0.616
5643,B,rx,1574,0,30,68469.944,0.611
5644,A,rx,1575,0,30,68479.977,0.933
5645,B,rx,1576,0,30,68490.159,0.637
5646,A,rx,1577,0,30,68500.286,0.523
5647,B,rx,1578,0,30,68510.460,0.931
5648,A,rx,1579,0,30,68520.648,0.608
5649,B,rx,1580,0,30,68530.887,0.607
5650,A,rx,1581,0,30,68541.994,0.988
5651,B,rx,1582,0,30,68552.221,0.896
5652,A,rx,1583,0,30,68562.319,0.675
5653,B,rx,1584,0,30,68572.503,0.643
5654,A,rx,1585,0,30,68582.603,0.905
5655,B,rx,1586,0,30,68592.823,0.914
5656,A,rx,1587,0,30,68602.996,0.898
5657,B,rx,1588,0,30,68613.098,0.652
5658,A,rx,1589,0,30,68623.281,0.551
5659,B,rx,1590,0,30,68633.425,0.564
5660,A,rx,1591,0,30,68644.285,0.660
5661,B,rx,1592,0,30,68653.770,0.660
5662,A,rx,1593,0,30,68665.017,0.632
5663,B,rx,1594,0,30,68675.308,0.980
5664,A,rx,1595,0,30,68685.341,0.889
5665,B,rx,1596,0,30,68695.488,0.594
5666,A,rx,1597,0,30,68705.659,0.700
5667,B,rx,1598,0,30,68715.885,0.864
5668,A,rx,1599,0,30,68726.114,0.964
5669,B,rx,1600,0,30,68736.274,0.920
5670,A,rx,1601,0,30,68746.381,0.950
5671,B,rx,1602,0,30,68756.565,0.910
5672,A,rx,1603,0,30,68766.639,0.812
5673,B,rx,1604,0,30,68776.917,0.989
5674,A,rx,1605,0,30,68787.194,1.039
5675,B,rx,1606,0,30,68798.282,1.071
5676,A,rx,1607,0,30,68808.583,0.992
5677,B,rx,1608,0,30,68818.393,0.646
5678,A,rx,1609,0,30,68828.661,0.951
5679,B,rx,1610,0,30,68838.802,0.933
5680,A,rx,1611,0,30,68848.997,0.886
5681,B,rx,1612,0,30,68859.213,0.632
5682,A,rx,1613,0,30,68869.343,0.571
5683,B,rx,1614,0,30,68879.502,0.735
5684,A,rx,1615,0,30,68889.559,0.944
5685,B,rx,1616,0,30,68900.648,0.658
5686,A,rx,1617,0,30,68910.844,0.710
5687,B,rx,1618,0,30,68921.041,0.664
5688,A,rx,1619,0,30,68932.140,0.966
5689,B,rx,1620,0,30,68942.335,0.956
5690,A,rx,1621,0,30,68952.553,0.531
5691,B,rx,1622,0,30,68962.813,0.926
5692,A,rx,1623,0,30,68972.996,0.668
5693,B,rx,1624,0,30,68983.178,0.856
5694,A,rx,1625,0,30,68993.338,0.957
5695,B,rx,1626,0,30,69003.392,0.622
5696,A,rx,1627,0,30,69013.540,0.855
5697,B,rx,1628,0,30,69023.789,0.628
5698,A,rx,1629,0,30,69033.866,0.897
5699,B,rx,1630,0,30,69044.115,1.014
5700,A,rx,1631,0,30,69055.309,0.935
5701,B,rx,1632,0,30,69065.436,0.904
5702,A,rx,1633,0,30,69075.661,1.020
5703,B,rx,1634,0,30,69086.646,0.905
5704,A,rx,1635,0,30,69096.706,0.566
5705,B,rx,1636,0,30,69106.919,0.670
5706,A,rx,1637,0,30,69117.019,0.532
5707,B,rx,1638,0,30,69127.281,0.629
5708,A,rx,1639,0,30,69137.399,0.720
5709,B,rx,1640,0,30,69147.477,0.854
5710,A,rx,1641,0,30,69157.742,0.590
5711,B,rx,1642,0,30,69167.971,0.666
5712,A,rx,1643,0,30,69178.002,0.668
5713,B,rx,1644,0,30,69190.290,0.695
5714,A,rx,1645,0,30,69199.380,0.865
5715,B,rx,1646,0,30,69209.556,0.634
5716,A,rx,1647,0,30,69220.036,0.968
5717,B,rx,1648,0,30,69230.056,0.940
5718,A,rx,1649,0,30,69240.163,0.647
5719,B,rx,1650,0,30,69250.441,0.837
5720,A,rx,1651,0,30,69260.531,0.601
5721,B,rx,1652,0,30,69270.596,0.985
5722,A,rx,1653,0,30,69281.337,0.618
5723,B,rx,1654,0,30,69290.943,0.967
5724,A,rx,1655,0,30,69301.111,0.953
5725,B,rx,1656,0,30,69311.315,0.966
5726,A,rx,1657,0,30,69322.517,0.590
5727,B,rx,1658,0,30,69332.638,0.907
5728,A,rx,1659,0,30,69342.889,1.001
5729,B,rx,1660,0,30,69353.897,0.977
5730,A,rx,1661,0,30,69363.894,0.615
5731,B,rx,1662,0,30,69374.147,0.990
5732,A,rx,1663,0,30,69384.333,0.619
5733,B,rx,1664,0,30,69394.424,0.948
5734,A,rx,1665,0,30,69404.644,1.101
5735,B,rx,1666,0,30,69414.736,0.896
5736,A,rx,1667,0,30,69424.982,0.999
5737,B,rx,1668,0,30,69435.100,0.983
5738,A,rx,1669,0,30,69446.328,0.986
5739,B,rx,1670,0,30,69456.445,1.013
5740,A,rx,1671,0,30,69466.666,0.883
5741,B,rx,1672,0,30,69476.834,0.610
5742,A,rx,1673,0,30,69486.995,0.571
5743,B,rx,1674,0,30,69497.136,0.923
5744,A,rx,1675,0,30,69507.392,0.582
5745,B,rx,1676,0,30,69517.467,0.604
5746,A,rx,1677,0,30,69527.685,0.983
5747,B,rx,1678,0,30,69537.862,0.950
5748,A,rx,1679,0,30,69548.025,0.875
5749,B,rx,1680,0,30,69558.134,0.606
5750,A,rx,1681,0,30,69568.263,0.569
5751,B,rx,1682,0,30,69579.423,0.901
5752,A,rx,1683,0,30,69589.602,0.688
5753,B,rx,1684,0,30,69599.837,0.940
5754,A,rx,1685,0,30,69610.087,0.614
5755,B,rx,1686,0,30,69620.212,0.955
5756,A,rx,1687,0,30,69630.316,0.614
5757,B,rx,1688,0,30,69640.555,0.600
5758,A,rx,1689,0,30,69650.634,0.596
5759,B,rx,1690,0,30,69660.828,1.033
5760,A,rx,1691,0,30,69670.985,0.973
5761,B,rx,1692,0,30,69681.108,0.636
5762,A,rx,1693,0,30,69691.264,0.639
5763,B,rx,1694,0,30,69703.395,0.906
5764,A,rx,1695,0,30,69713.634,0.909
5765,B,rx,1696,0,30,69723.652,1.100
5766,A,rx,1697,0,30,69733.805,0.703
5767,B,rx,1698,0,30,69743.935,0.718
5768,A,rx,1699,0,30,69754.145,0.547
5769,B,rx,1700,0,30,69764.278,0.585
5770,A,rx,1701,0,30,69774.443,0.700
5771,B,rx,1702,0,30,69784.592,0.587
5772,A,rx,1703,0,30,69794.789,0.644
5773,B,rx,1704,0,30,69804.966,0.622
5774,A,rx,1705,0,30,69815.151,0.622
5775,B,rx,1706,0,30,69825.155,0.985
5776,A,rx,1707,0,30,69836.380,0.854
5777,B,rx,1708,0,30,69846.542,0.677
5778,A,rx,1709,0,30,69856.711,0.678
5779,B,rx,1710,0,30,69866.948,0.936
5780,A,rx,1711,0,30,69877.915,0.672
5781,B,rx,1712,0,30,69887.190,0.932
5782,A,rx,1713,0,30,69897.395,0.639
5783,B,rx,1714,0,30,69907.537,0.718
5784,A,rx,1715,0,30,69917.654,0.673
5785,B,rx,1716,0,30,69927.797,0.637
5786,A,rx,1717,0,30,69937.967,0.687
5787,B,rx,1718,0,30,69948.177,0.698
5788,A,rx,1719,0,30,69958.279,0.695
5789,B,rx,1720,0,30,69969.507,0.622
5790,A,rx,1721,0,30,69979.652,1.092
5791,B,rx,1722,0,30,69989.913,1.127
5792,A,rx,1723,0,30,70000.057,0.685
5793,B,rx,1724,0,30,70010.299,1.068
5794,A,rx,1725,0,30,70020.475,0.924
5795,B,rx,1726,0,30,70030.653,0.965
5796,A,rx,1727,0,30,70040.858,0.810
5797,B,rx,1728,0,30,70050.973,0.970
5798,A,rx,1729,0,30,70061.922,0.613
5799,B,rx,1730,0,30,70072.172,0.814
5800,A,rx,1731,0,30,70082.224,0.564
5801,B,rx,1732,0,30,70093.466,0.981
5802,A,rx,1733,0,30,70103.620,0.578
5803,B,rx,1734,0,30,70113.706,0.595
5804,A,rx,1735,0,30,70123.923,0.638
5805,B,rx,1736,0,30,70134.105,0.928
5806,A,rx,1737,0,30,70144.235,0.605
5807,B,rx,1738,0,30,70154.378,0.671
5808,A,rx,1739,0,30,70164.638,0.654
5809,B,rx,1740,0,30,70174.818,0.985
5810,A,rx,1741,0,30,70184.955,0.615
5811,B,rx,1742,0,30,70195.117,0.682
5812,A,rx,1743,0,30,70205.453,0.991
5813,B,rx,1744,0,30,70215.542,0.904
5814,A,rx,1745,0,30,70226.748,0.608
5815,B,rx,1746,0,30,70236.918,0.915
5816,A,rx,1747,0,30,70247.098,1.015
5817,B,rx,1748,0,30,70257.290,0.928
5818,A,rx,1749,0,30,70267.285,0.556
5819,B,rx,1750,0,30,70277.447,0.603
5820,A,rx,1751,0,30,70287.712,0.689
5821,B,rx,1752,0,30,70297.757,0.604
5822,A,rx,1753,0,30,70307.942,0.697
5823,B,rx,1754,0,30,70318.166,0.577
5824,A,rx,1755,0,30,70328.309,0.664
5825,B,rx,1756,0,30,70338.585,0.695
5826,A,rx,1757,0,30,70348.651,0.634
5827,B,rx,1758,0,30,70359.856,0.805
5828,A,rx,1759,0,30,70370.171,1.052
5829,B,rx,1760,0,30,70380.204,1.041
5830,A,rx,1761,0,30,70390.316,0.968
5831,B,rx,1762,0,30,70400.450,0.942
5832,A,rx,1763,0,30,70410.700,0.635
5833,B,rx,1764,0,30,70420.668,0.988
5834,A,rx,1765,0,30,70430.957,1.003
5835,B,rx,1766,0,30,70441.117,0.785
5836,A,rx,1767,0,30,70451.334,0.864
5837,B,rx,1768,0,30,70461.523,0.961
5838,A,rx,1769,0,30,70471.667,0.637
5839,B,rx,1770,0,30,70481.723,0.930
5840,A,rx,1771,0,30,70492.968,0.960
5841,B,rx,1772,0,30,70503.022,0.638
5842,A,rx,1773,0,30,70513.239,0.973
5843,B,rx,1774,0,30,70523.392,0.977
5844,A,rx,1775,0,30,70533.541,0.809
5845,B,rx,1776,0,30,70543.669,0.611
5846,A,rx,1777,0,30,70553.895,0.920
5847,B,rx,1778,0,30,70564.064,0.623
5848,A,rx,1779,0,30,70574.302,0.876
5849,B,rx,1780,0,30,70585.222,0.612
5850,A,rx,1781,0,30,70595.358,0.589
5851,B,rx,1782,0,30,70605.508,0.714
5852,A,rx,1783,0,30,70616.668,0.551
5853,B,rx,1784,0,30,70626.942,0.622
5854,A,rx,1785,0,30,70637.042,0.953
5855,B,rx,1786,0,30,70647.206,0.928
5856,A,rx,1787,0,30,70657.361,0.892
5857,B,rx,1788,0,30,70667.394,0.586
5858,A,rx,1789,0,30,70677.661,0.609
5859,B,rx,1790,0,30,70687.948,0.618
5860,A,rx,1791,0,30,70698.043,0.909
5861,B,rx,1792,0,30,70708.722,0.613
5862,A,rx,1793,0,30,70719.205,0.895
5863,B,rx,1794,0,30,70728.469,0.957
5864,A,rx,1795,0,30,70738.654,0.907
5865,B,rx,1796,0,30,70749.797,0.572
5866,A,rx,1797,0,30,70759.969,0.686
5867,B,rx,1798,0,30,70770.401,0.573
5868,A,rx,1799,0,30,70780.257,0.674
5869,B,rx,1800,0,30,70790.468,0.652
5870,A,rx,1801,0,30,70800.622,0.911
5871,B,rx,1802,0,30,70810.820,0.968
5872,A,rx,1803,0,30,70820.922,0.971
5873,B,rx,1804,0,30,70831.148,0.969
5874,A,rx,1805,0,30,70841.287,0.953
5875,B,rx,1806,0,30,70851.374,0.941
5876,A,rx,1807,0,30,70861.643,0.636
5877,B,rx,1808,0,30,70871.680,0.605
5878,A,rx,1809,0,30,70882.914,0.896
5879,B,rx,1811,0,30,70903.463,0.779
5880,A,rx,1812,0,30,70913.516,0.946
5881,B,rx,1813,0,30,70923.557,0.652
5882,A,rx,1814,0,30,70933.817,0.567
5883,B,rx,1815,0,30,70943.925,0.701
5884,A,rx,1816,0,30,70954.215,0.969
5885,B,rx,1817,0,30,70964.421,0.892
5886,A,rx,1818,0,30,70974.563,1.027
5887,B,rx,1819,0,30,70984.647,0.933
5888,A,rx,1820,0,30,70994.789,0.950
5889,B,rx,1821,0,30,71005.995,0.906
5890,A,rx,1822,0,30,71016.159,0.578
5891,B,rx,1823,0,30,71026.332,0.594
5892,A,rx,1824,0,30,71036.496,0.923
5893,B,rx,1825,0,30,71046.607,0.678
5894,A,rx,1826,0,30,71056.817,0.697
5895,B,rx,1827,0,30,71066.975,0.587
5896,A,rx,1828,0,30,71077.085,0.955
5897,B,rx,1829,0,30,71087.413,0.547
5898,A,rx,1830,0,30,71097.360,0.588
5899,B,rx,1831,0,30,71107.603,0.669
5900,A,rx,1832,0,30,71117.787,0.772
5901,B,rx,1833,0,30,71127.900,0.608
5902,A,rx,1834,0,30,71138.995,0.630
5903,B,rx,1835,0,30,71150.092,0.645
5904,A,rx,1836,0,30,71159.430,0.619
5905,B,rx,1837,0,30,71169.385,0.646
5906,A,rx,1838,0,30,71179.692,0.606
5907,B,rx,1839,0,30,71189.766,0.611
5908,A,rx,1840,0,30,71200.060,0.607
5909,B,rx,1841,0,30,71210.168,0.597
5910,A,rx,1842,0,30,71221.663,0.946
5911,B,rx,1843,0,30,71231.348,0.642
5912,A,rx,1844,0,30,71241.515,0.686
5913,B,rx,1845,0,30,71251.726,0.942
5914,A,rx,1846,0,30,71261.931,0.947
5915,B,rx,1847,0,30,71273.115,0.966
5916,A,rx,1848,0,30,71283.220,0.664
5917,B,rx,1849,0,30,71293.293,0.626
5918,A,rx,1850,0,30,71303.476,0.609
5919,B,rx,1851,0,30,71313.683,0.606
5920,A,rx,1852,0,30,71323.801,0.652
5921,B,rx,1853,0,30,71333.957,0.612
5922,A,rx,1854,0,30,71344.152,0.945
5923,B,rx,1855,0,30,71354.498,0.908
5924,A,rx,1856,0,30,71364.641,0.663
5925,B,rx,1857,0,30,71374.797,0.959
5926,A,rx,1858,0,30,71384.990,0.931
5927,B,rx,1859,0,30,71395.983,0.649
5928,A,rx,1860,0,30,71406.392,0.944
5929,B,rx,1861,0,30,71416.516,0.563
5930,A,rx,1862,0,30,71426.634,0.648
5931,B,rx,1863,0,30,71436.793,0.672
5932,A,rx,1864,0,30,71446.971,0.660
5933,B,rx,1865,0,30,71457.113,0.970
5934,A,rx,1866,0,30,71467.232,0.902
5935,B,rx,1867,0,30,71477.392,0.614
5936,A,rx,1868,0,30,71487.485,0.845
5937,B,rx,1869,0,30,71498.602,0.863
5938,A,rx,1870,0,30,71508.697,0.556
5939,B,rx,1871,0,30,71518.982,0.933
5940,A,rx,1872,0,30,71530.073,0.606
5941,B,rx,1873,0,30,71540.348,0.587
5942,A,rx,1874,0,30,71550.444,0.975
5943,B,rx,1875,0,30,71560.735,0.925
5944,A,rx,1876,0,30,71570.894,0.906
5945,B,rx,1877,0,30,71581.052,0.926
5946,A,rx,1878,0,30,71591.217,0.609
5947,B,rx,1879,0,30,71601.390,0.926
5948,A,rx,1880,0,30,71611.419,0.594
5949,B,rx,1881,0,30,71621.632,0.635
5950,A,rx,1882,0,30,71631.880,0.617
5951,B,rx,1883,0,30,71642.064,0.629
5952,A,rx,1884,0,30,71652.182,0.921
5953,B,rx,1885,0,30,71663.357,0.922
5954,A,rx,1886,0,30,71673.559,0.969
5955,B,rx,1887,0,30,71683.710,1.140
5956,A,rx,1888,0,30,71693.893,0.984
5957,B,rx,1889,0,30,71703.992,0.912
5958,A,rx,1890,0,30,71714.256,0.864
5959,B,rx,1891,0,30,71724.362,0.628
5960,A,rx,1892,0,30,71734.432,0.596
5961,B,rx,1893,0,30,71744.505,0.605
5962,A,rx,1894,0,30,71754.685,0.571
5963,B,rx,1895,0,30,71764.936,0.937
5964,A,rx,1896,0,30,71775.111,0.593
5965,B,rx,1897,0,30,71786.239,0.600
5966,A,rx,1898,0,30,71796.719,0.622
5967,B,rx,1899,0,30,71806.650,0.738
5968,A,rx,1900,0,30,71816.769,0.641
5969,B,rx,1901,0,30,71826.882,0.607
5970,A,rx,1902,0,30,71837.071,0.933
5971,B,rx,1903,0,30,71847.222,0.941
5972,A,rx,1904,0,30,72189.695,0.614
5973,B,rx,1905,0,30,72199.805,0.941
5974,A,rx,1906,0,30,72210.002,0.616
5975,B,rx,1907,0,30,72220.131,0.612
5976,A,rx,1908,0,30,72230.150,0.956
5977,B,rx,1909,0,30,72240.319,0.651
5978,A,rx,1910,0,30,72250.508,0.899
5979,B,rx,1911,0,30,72260.521,0.920
5980,A,rx,1912,0,30,72270.768,0.624
5981,B,rx,1913,0,30,72280.780,0.714
5982,A,rx,1914,0,30,72291.048,0.930
5983,B,rx,1915,0,30,72301.244,0.629
5984,A,rx,1916,0,30,72312.383,0.889
5985,B,rx,1917,0,30,72321.814,0.945
5986,A,rx,1918,0,30,72331.848,0.638
5987,B,rx,1919,0,30,72341.925,0.630
5988,A,rx,1920,0,30,72352.098,0.644
5989,B,rx,1921,0,30,72362.406,0.968
5990,A,rx,1922,0,30,72372.547,0.877
5991,B,rx,1923,0,30,72382.533,0.662
5992,A,rx,1924,0,30,72392.715,0.609
5993,B,rx,1925,0,30,72402.866,0.629
5994,A,rx,1926,0,30,72412.947,0.580
5995,B,rx,1927,0,30,72423.171,0.635
5996,A,rx,1928,0,30,72435.270,0.952
5997,B,rx,1929,0,30,72443.616,0.904
5998,A,rx,1930,0,30,72453.714,0.616
5999,B,rx,1931,0,30,72464.730,0.961
6000,A,rx,1932,0,30,72474.952,0.907
6001,B,rx,1933,0,30,72484.174,0.739
6002,A,rx,1934,0,30,72494.398,0.674
6003,B,rx,1935,0,30,72504.639,0.928
6004,A,rx,1936,0,30,72514.772,0.953
6005,B,rx,1937,0,30,72524.914,0.739
6006,A,rx,1938,0,30,72535.082,0.631
6007,B,rx,1939,0,30,72545.275,0.607
6008,A,rx,1940,0,30,72555.302,0.602
6009,B,rx,1941,0,30,72566.447,0.610
6010,A,rx,1942,0,30,72576.738,0.983
6011,B,rx,1943,0,30,72587.964,0.634
6012,A,rx,1944,0,30,72597.078,0.883
6013,B,rx,1945,0,30,72607.126,0.539
6014,A,rx,1947,0,30,72627.281,1.009
6015,B,rx,1948,0,30,72637.414,0.902
6016,A,rx,1949,0,30,72647.732,0.607
6017,B,rx,1950,0,30,72657.939,0.671
6018,A,rx,1951,0,30,72668.051,0.925
6019,B,rx,1952,0,30,72677.305,0.929
6020,A,rx,1953,0,30,72687.523,0.949
6021,B,rx,1954,0,30,72698.639,0.906
6022,A,rx,1955,0,30,72708.844,1.027
6023,B,rx,1956,0,30,72718.951,0.963
6024,A,rx,1957,0,30,72729.139,0.909
6025,B,rx,1958,0,30,72739.235,0.565
6026,A,rx,1959,0,30,72750.245,0.680
6027,B,rx,1960,0,30,72759.569,0.948
6028,A,rx,1961,0,30,72769.660,0.577
6029,B,rx,1962,0,30,72779.937,0.937
6030,A,rx,1963,0,30,72789.848,0.906
6031,B,rx,1964,0,30,72800.110,1.125
6032,A,rx,1965,0,30,72810.218,0.580
6033,B,rx,1966,0,30,72820.475,0.968
6034,A,rx,1967,0,30,72831.592,0.543
6035,B,rx,1968,0,30,72840.921,0.688
6036,A,rx,1969,0,30,72851.126,1.011
6037,B,rx,1970,0,30,72861.157,0.631
6038,A,rx,1971,0,30,72871.342,0.590
6039,B,rx,1972,0,30,72882.401,0.617
6040,A,rx,1973,0,30,72892.549,0.621
6041,B,rx,1974,0,30,72901.712,0.581
6042,A,rx,1975,0,30,72911.888,0.616
6043,B,rx,1976,0,30,72922.101,0.978
6044,A,rx,1977,0,30,72932.301,0.974
6045,B,rx,1978,0,30,72942.438,0.586
6046,A,rx,1979,0,30,72952.565,0.957
6047,B,rx,1980,0,30,72963.714,0.887
6048,A,rx,1981,0,30,72973.810,0.662
6049,B,rx,1982,0,30,72984.056,0.990
6050,A,rx,1983,0,30,72994.162,0.723
6051,B,rx,1984,0,30,73004.336,1.010
6052,A,rx,1985,0,30,73014.495,0.893
6053,B,rx,1986,0,30,73023.677,0.843
6054,A,rx,1987,0,30,73034.164,0.626
6055,B,rx,1988,0,30,73044.149,0.961
6056,A,rx,1989,0,30,73054.217,0.991
6057,B,rx,1990,0,30,73064.395,0.653
6058,A,rx,1991,0,30,73074.520,0.630
6059,B,rx,1992,0,30,73085.799,1.024
6060,A,rx,1993,0,30,73095.755,0.779
6061,B,rx,1994,0,30,73105.953,0.965
6062,A,rx,1995,0,30,73116.158,1.081
6063,B,rx,1996,0,30,73126.260,0.968
6064,A,rx,1997,0,30,73136.378,0.868
6065,B,rx,1998,0,30,73145.666,0.906
6066,A,rx,1999,0,30,73155.790,0.639
6067,B,rx,2000,0,30,73166.052,0.921
6068,A,rx,2001,0,30,73176.234,0.996
6069,B,rx,2002,0,30,73186.255,0.976
6070,A,rx,2003,0,30,73196.537,0.961
6071,B,rx,2004,0,30,73206.611,0.924
6072,A,rx,2005,0,30,73217.875,0.984
6073,B,rx,2006,0,30,73227.998,1.014
6074,A,rx,2007,0,30,73238.013,0.658
6075,B,rx,2008,0,30,73248.333,0.956
6076,A,rx,2009,0,30,73258.368,1.053
6077,B,rx,2010,0,30,73268.472,0.648
6078,A,rx,2011,0,30,73278.583,0.629
6079,B,rx,2012,0,30,73288.719,0.646
6080,A,rx,2013,0,30,73298.954,1.009
6081,B,rx,2014,0,30,73308.219,0.950
6082,A,rx,2015,0,30,73318.392,0.956
6083,B,rx,2016,0,30,73328.566,0.986
6084,A,rx,2017,0,30,73338.610,0.939
6085,B,rx,2018,0,30,73349.872,0.707
6086,A,rx,2019,0,30,73359.990,0.618
6087,B,rx,2020,0,30,73370.242,1.005
6088,A,rx,2021,0,30,73380.356,0.914
6089,B,rx,2022,0,30,73390.523,0.667
6090,A,rx,2023,0,30,73400.584,0.956
6091,B,rx,2024,0,30,73410.696,0.904
6092,A,rx,2025,0,30,73420.875,1.020
6093,B,rx,2026,0,30,73431.050,0.642
6094,A,rx,2027,0,30,73441.151,1.127
6095,B,rx,2028,0,30,73450.471,0.732
6096,A,rx,2029,0,30,73460.576,0.609
6097,B,rx,2030,0,30,73470.751,0.602
6098,A,rx,2031,0,30,73481.903,0.670
6099,B,rx,2032,0,30,73492.132,0.855
6100,A,rx,2033,0,30,73502.270,0.980
6101,B,rx,2034,0,30,73512.380,0.617
6102,A,rx,2035,0,30,73522.411,0.975
6103,B,rx,2036,0,30,73532.633,0.990
6104,A,rx,2037,0,30,73542.853,0.651
6105,B,rx,2038,0,30,73552.992,0.982
6106,A,rx,2039,0,30,73563.166,0.990
6107,B,rx,2040,0,30,73572.370,0.542
6108,A,rx,2041,0,30,73582.425,0.616
6109,B,rx,2042,0,30,73592.587,0.651
6110,A,rx,2043,0,30,73602.878,0.917
6111,B,rx,2044,0,30,73614.093,0.949
6112,A,rx,2045,0,30,73624.124,0.625
6113,B,rx,2046,0,30,73634.416,0.923
6114,A,rx,2047,0,30,73644.540,0.927
6115,B,rx,2048,0,30,73654.548,0.888
6116,A,rx,2049,0,30,73664.755,0.971
6117,B,rx,2050,0,30,73674.790,0.972
6118,A,rx,2051,0,30,73685.037,0.978
6119,B,rx,2052,0,30,73695.291,0.930
6120,A,rx,2053,0,30,73704.407,0.874
6121,B,rx,2054,0,30,73714.572,0.939
6122,A,rx,2055,0,30,73724.782,0.657
6123,B,rx,2056,0,30,73735.900,0.608
6124,A,rx,2057,0,30,73746.088,0.600
6125,B,rx,2058,0,30,73756.172,0.599
6126,A,rx,2059,0,30,73766.368,0.647
6127,B,rx,2060,0,30,73776.473,0.607
6128,A,rx,2061,0,30,73786.620,0.609
6129,B,rx,2062,0,30,73796.823,0.564
6130,A,rx,2063,0,30,73807.082,0.790
6131,B,rx,2064,0,30,73817.173,1.046
6132,A,rx,2065,0,30,73827.719,1.107
6133,B,rx,2066,0,30,73837.473,1.096
6134,A,rx,2067,0,30,73847.669,1.057
6135,B,rx,2068,0,30,73857.805,1.060
6136,A,rx,2069,0,30,73868.963,0.968
6137,B,rx,2070,0,30,73879.104,0.953
6138,A,rx,2071,0,30,73888.392,0.594
6139,B,rx,2072,0,30,73898.637,0.940
6140,A,rx,2073,0,30,73908.582,0.952
6141,B,rx,2074,0,30,73918.897,0.971
6142,A,rx,2075,0,30,73929.075,0.872
6143,B,rx,2076,0,30,73939.086,0.535
6144,A,rx,2077,0,30,73949.281,0.567
6145,B,rx,2078,0,30,73959.276,0.911
6146,A,rx,2079,0,30,73969.411,0.578
6147,B,rx,2080,0,30,73979.665,0.587
6148,A,rx,2081,0,30,73989.792,0.598
6149,B,rx,2082,0,30,74000.994,0.562
6150,A,rx,2083,0,30,74010.234,0.596
6151,B,rx,2084,0,30,74020.484,1.052
6152,A,rx,2085,0,30,74030.596,0.727
6153,B,rx,2086,0,30,74040.718,0.625
6154,A,rx,2087,0,30,74050.885,0.624
6155,B,rx,2088,0,30,74061.063,0.927
6156,A,rx,2089,0,30,74071.197,0.623
6157,B,rx,2090,0,30,74081.464,0.978
6158,A,rx,2092,0,30,74101.604,0.897
6159,B,rx,2093,0,30,74111.742,0.907
6160,A,rx,2094,0,30,74121.955,0.916
6161,B,rx,2095,0,30,74133.165,0.926
6162,A,rx,2096,0,30,74143.229,0.569
6163,B,rx,2097,0,30,74152.557,0.574
6164,A,rx,2098,0,30,74162.689,0.651
6165,B,rx,2099,0,30,74172.827,0.606
6166,A,rx,2100,0,30,74183.093,0.597
6167,B,rx,2101,0,30,74193.159,0.936
6168,A,rx,2102,0,30,74203.296,0.794
6169,B,rx,2104,0,30,74223.479,0.604
6170,A,rx,2105,0,30,74233.706,0.680
6171,B,rx,2106,0,30,74243.759,0.919
6172,A,rx,2107,0,30,74254.992,0.658
6173,B,rx,2108,0,30,74265.206,0.943
6174,A,rx,2109,0,30,74274.424,0.544
6175,B,rx,2110,0,30,74284.615,0.985
6176,A,rx,2111,0,30,74294.757,1.000
6177,B,rx,2112,0,30,74304.981,0.930
6178,A,rx,2113,0,30,74315.131,0.975
6179,B,rx,2114,0,30,74325.272,0.994
6180,A,rx,2115,0,30,74335.305,0.909
6181,B,rx,2116,0,30,74345.466,0.986
6182,A,rx,2117,0,30,74355.590,0.903
6183,B,rx,2118,0,30,74365.827,0.985
6184,A,rx,2119,0,30,74375.942,0.736
6185,B,rx,2120,0,30,74387.121,0.962
6186,A,rx,2121,0,30,74396.330,0.986
6187,B,rx,2122,0,30,74406.473,0.632
6188,A,rx,2123,0,30,74416.644,0.653
6189,B,rx,2124,0,30,74426.912,0.704
6190,A,rx,2125,0,30,74436.913,0.797
6191,B,rx,2126,0,30,74447.095,0.977
6192,A,rx,2127,0,30,74457.358,0.596
6193,B,rx,2128,0,30,74467.402,0.847
6194,A,rx,2129,0,30,74477.560,0.968
6195,B,rx,2130,0,30,74487.750,0.623
6196,A,rx,2131,0,30,74497.909,0.959
6197,B,rx,2132,0,30,74508.052,0.921
6198,A,rx,2133,0,30,74519.115,0.681
6199,B,rx,2134,0,30,74529.306,1.051
6200,A,rx,2135,0,30,74539.470,0.922
6201,B,rx,2136,0,30,74549.698,0.688
6202,A,rx,2137,0,30,74558.880,0.972
6203,B,rx,2138,0,30,74569.178,0.941
6204,A,rx,2139,0,30,74579.399,0.893
6205,B,rx,2140,0,30,74589.477,0.949
6206,A,rx,2141,0,30,74599.544,0.856
6207,B,rx,2142,0,30,74609.811,0.958
6208,A,rx,2143,0,30,74620.037,0.977
6209,B,rx,2144,0,30,74630.235,0.726
6210,A,rx,2146,0,30,74651.403,0.781
6211,B,rx,2147,0,30,74661.526,0.673
6212,A,rx,2148,0,30,74671.505,0.545
6213,B,rx,2149,0,30,74681.778,0.672
6214,A,rx,2150,0,30,74691.869,0.678
6215,B,rx,2151,0,30,74701.119,0.911
6216,A,rx,2152,0,30,74711.241,0.649
6217,B,rx,2153,0,30,74721.475,0.638
6218,A,rx,2154,0,30,74731.538,0.615
6219,B,rx,2155,0,30,74741.751,0.578
6220,A,rx,2156,0,30,74751.898,0.555
6221,B,rx,2158,0,30,74772.128,0.999
6222,A,rx,2159,0,30,74783.303,0.936
6223,B,rx,2160,0,30,74793.643,0.681
6224,A,rx,2161,0,30,74804.648,0.562
6225,B,rx,2162,0,30,74813.826,0.878
6226,A,rx,2163,0,30,74824.068,0.610
6227,B,rx,2164,0,30,74834.100,0.940
6228,A,rx,2165,0,30,74844.584,0.670
6229,B,rx,2166,0,30,74854.630,0.565
6230,A,rx,2167,0,30,74864.565,0.579
6231,B,rx,2168,0,30,74874.737,0.614
6232,A,rx,2169,0,30,74884.904,0.970
6233,B,rx,2170,0,30,74895.096,0.615
6234,A,rx,2171,0,30,74906.246,0.903
6235,B,rx,2172,0,30,74915.432,0.583
6236,A,rx,2173,0,30,74925.711,0.921
6237,B,rx,2174,0,30,74935.896,0.907
6238,A,rx,2175,0,30,74945.919,0.615
6239,B,rx,2176,0,30,74956.188,0.605
6240,A,rx,2177,0,30,74966.348,0.936
6241,B,rx,2178,0,30,74976.525,0.717
6242,A,rx,2179,0,30,74986.427,0.840
6243,B,rx,2180,0,30,74996.629,0.622
6244,A,rx,2181,0,30,75006.821,0.575
6245,B,rx,2182,0,30,75017.030,0.578
6246,A,rx,2183,0,30,75027.199,1.069
6247,B,rx,2184,0,30,75037.489,0.735
6248,A,rx,2185,0,30,75047.623,0.871
6249,B,rx,2186,0,30,75057.696,0.605
6250,A,rx,2187,0,30,75067.928,0.715
6251,B,rx,2188,0,30,75078.146,0.973
6252,A,rx,2189,0,30,75088.381,0.888
6253,B,rx,2190,0,30,75098.408,0.540
6254,A,rx,2191,0,30,75108.388,0.634
6255,B,rx,2192,0,30,75118.645,0.608
6256,A,rx,2193,0,30,75128.687,0.648
6257,B,rx,2194,0,30,75138.852,0.553
6258,A,rx,2195,0,30,75149.057,0.627
6259,B,rx,2196,0,30,75158.364,0.957
6260,A,rx,2197,0,30,75169.499,0.622
6261,B,rx,2198,0,30,75179.599,0.765
6262,A,rx,2199,0,30,75190.792,0.603
6263,B,rx,2200,0,30,75199.963,0.609
6264,A,rx,2201,0,30,75210.216,0.616
6265,B,rx,2202,0,30,75220.315,0.933
6266,A,rx,2203,0,30,75230.382,0.984
6267,B,rx,2204,0,30,75240.510,0.584
6268,A,rx,2205,0,30,75250.704,0.894
6269,B,rx,2206,0,30,75260.893,0.652
6270,A,rx,2207,0,30,75270.984,0.638
6271,B,rx,2208,0,30,75280.197,0.932
6272,A,rx,2209,0,30,75290.508,0.741
6273,B,rx,2210,0,30,75301.633,0.591
6274,A,rx,2211,0,30,75311.861,0.958
6275,B,rx,2212,0,30,75322.041,0.698
6276,A,rx,2213,0,30,75332.102,0.921
6277,B,rx,2214,0,30,75342.214,0.597
6278,A,rx,2215,0,30,75352.216,0.864
6279,B,rx,2216,0,30,75362.501,0.638
6280,A,rx,2217,0,30,75372.752,0.987
6281,B,rx,2218,0,30,75382.724,0.966
6282,A,rx,2219,0,30,75392.980,0.644
6283,B,rx,2220,0,30,75403.163,0.754
6284,A,rx,2221,0,30,75413.255,0.620
6285,B,rx,2222,0,30,75423.478,0.641
6286,A,rx,2223,0,30,75434.602,0.667
6287,B,rx,2224,0,30,75444.752,0.947
6288,A,rx,2225,0,30,75454.934,0.708
6289,B,rx,2226,0,30,75465.016,0.597
6290,A,rx,2227,0,30,75475.270,0.569
6291,B,rx,2228,0,30,75484.479,0.916
6292,A,rx,2229,0,30,75494.607,0.628
6293,B,rx,2230,0,30,75505.855,0.907
6294,A,rx,2231,0,30,75515.014,0.946
6295,B,rx,2232,0,30,75526.012,0.663
6296,A,rx,2233,0,30,75535.258,0.643
6297,B,rx,2234,0,30,75545.481,0.675
6298,A,rx,2235,0,30,75556.557,0.971
6299,B,rx,2236,0,30,75566.773,0.920
6300,A,rx,2237,0,30,75577.007,1.008
6301,B,rx,2238,0,30,75587.175,0.910
6302,A,rx,2239,0,30,75597.243,0.916
6303,B,rx,2240,0,30,75607.324,0.917
6304,A,rx,2241,0,30,75617.351,0.697
6305,B,rx,2242,0,30,75627.541,0.601
6306,A,rx,2243,0,30,75637.689,0.959
6307,B,rx,2244,0,30,75647.967,0.928
6308,A,rx,2245,0,30,75657.086,0.595
6309,B,rx,2246,0,30,75667.334,0.585
6310,A,rx,2247,0,30,75677.466,0.961
6311,B,rx,2248,0,30,75688.704,0.557
6312,A,rx,2249,0,30,75698.942,0.992
6313,B,rx,2250,0,30,75709.050,0.884
6314,A,rx,2251,0,30,75719.303,0.776
6315,B,rx,2252,0,30,75729.205,1.008
6316,A,rx,2253,0,30,75739.361,0.727
6317,B,rx,2254,0,30,75749.592,0.904
6318,A,rx,2255,0,30,75759.750,0.819
6319,B,rx,2256,0,30,75769.889,0.991
6320,A,rx,2257,0,30,75779.108,0.676
6321,B,rx,2258,0,30,75789.329,0.934
6322,A,rx,2259,0,30,75799.476,0.652
6323,B,rx,2260,0,30,75809.582,0.917
6324,A,rx,2261,0,30,75820.826,0.642
6325,B,rx,2262,0,30,75830.963,0.657
6326,A,rx,2263,0,30,75841.921,0.665
6327,B,rx,2264,0,30,75851.200,0.638
6328,A,rx,2265,0,30,75861.659,1.007
6329,B,rx,2266,0,30,75871.387,0.927
6330,A,rx,2267,0,30,75882.313,0.959
6331,B,rx,2268,0,30,75891.744,0.726
6332,A,rx,2269,0,30,75901.101,0.971
6333,B,rx,2270,0,30,75911.269,0.963
6334,A,rx,2271,0,30,75921.394,0.956
6335,B,rx,2272,0,30,75931.541,0.872
6336,A,rx,2273,0,30,75941.734,0.931
6337,B,rx,2274,0,30,75952.908,0.766
6338,A,rx,2275,0,30,75963.132,1.003
6339,B,rx,2276,0,30,75973.329,0.610
6340,A,rx,2277,0,30,75983.339,1.010
6341,B,rx,2278,0,30,75993.421,0.569
6342,A,rx,2279,0,30,76003.765,0.702
6343,B,rx,2280,0,30,76013.854,0.968
6344,A,rx,2281,0,30,76023.092,0.561
6345,B,rx,2282,0,30,76033.180,0.994
6346,A,rx,2283,0,30,76043.435,1.024
6347,B,rx,2284,0,30,76053.537,1.086
6348,A,rx,2285,0,30,76063.703,1.006
6349,B,rx,2286,0,30,76073.819,0.996
6350,A,rx,2287,0,30,76084.889,0.623
6351,B,rx,2288,0,30,76095.007,1.064
6352,A,rx,2289,0,30,76105.046,0.635
6353,B,rx,2290,0,30,76115.253,0.595
6354,A,rx,2291,0,30,76125.371,0.948
6355,B,rx,2292,0,30,76135.635,0.840
6356,A,rx,2293,0,30,76144.840,0.609
6357,B,rx,2294,0,30,76156.256,0.582
6358,A,rx,2295,0,30,76166.151,0.659
6359,B,rx,2296,0,30,76175.385,0.670
6360,A,rx,2297,0,30,76185.531,0.980
6361,B,rx,2298,0,30,76195.714,0.995
6362,A,rx,2299,0,30,76206.840,0.646
6363,B,rx,2300,0,30,76217.062,0.667
6364,A,rx,2301,0,30,76227.115,0.721
6365,B,rx,2302,0,30,76237.431,0.995
6366,A,rx,2303,0,30,76247.358,0.594
6367,B,rx,2304,0,30,76257.601,0.645
6368,A,rx,2305,0,30,76268.475,1.033
6369,B,rx,2306,0,30,76277.867,0.626
6370,A,rx,2307,0,30,76288.073,0.903
6371,B,rx,2308,0,30,76297.452,0.950
6372,A,rx,2309,0,30,76307.383,0.583
6373,B,rx,2310,0,30,76317.707,0.616
6374,A,rx,2311,0,30,76327.710,0.975
6375,B,rx,2312,0,30,76338.927,0.618
6376,A,rx,2313,0,30,76349.143,0.923
6377,B,rx,2314,0,30,76359.233,0.672
6378,A,rx,2315,0,30,76369.359,0.679
6379,B,rx,2316,0,30,76379.492,0.715
6380,A,rx,2317,0,30,76389.639,0.726
6381,B,rx,2318,0,30,76399.792,0.990
6382,A,rx,2319,0,30,76409.967,0.957
6383,B,rx,2320,0,30,76419.181,0.616
6384,A,rx,2321,0,30,76429.486,1.062
6385,B,rx,2322,0,30,76439.483,0.962
6386,A,rx,2323,0,30,76449.802,0.616
6387,B,rx,2324,0,30,76459.828,0.578
6388,A,rx,2325,0,30,76471.000,0.565
6389,B,rx,2326,0,30,76481.194,0.600
6390,A,rx,2327,0,30,76491.345,0.873
6391,B,rx,2328,0,30,76501.481,0.629
6392,A,rx,2329,0,30,76511.658,0.593
6393,B,rx,2330,0,30,76521.660,0.909
6394,A,rx,2331,0,30,76531.906,0.650
6395,B,rx,2332,0,30,76541.960,0.562
6396,A,rx,2333,0,30,76552.153,0.670
6397,B,rx,2334,0,30,76562.307,0.667
6398,A,rx,2335,0,30,76571.586,0.958
6399,B,rx,2336,0,30,76581.813,0.877
6400,A,rx,2337,0,30,76591.992,0.843
6401,B,rx,2338,0,30,76603.183,0.627
6402,A,rx,2339,0,30,76613.289,0.582
6403,B,rx,2340,0,30,76623.377,0.575
6404,A,rx,2341,0,30,76633.627,0.967
6405,B,rx,2342,0,30,76643.629,0.943
6406,A,rx,2343,0,30,76653.751,0.578
6407,B,rx,2344,0,30,76663.880,0.958
6408,A,rx,2345,0,30,76674.072,0.591
6409,B,rx,2346,0,30,76684.265,0.929
6410,A,rx,2347,0,30,76694.348,0.884
6411,B,rx,2348,0,30,76703.540,0.598
6412,A,rx,2349,0,30,76713.792,0.573
6413,B,rx,2350,0,30,76724.024,0.542
6414,A,rx,2351,0,30,76736.051,0.942
6415,B,rx,2352,0,30,76745.362,0.607
6416,A,rx,2353,0,30,76755.452,0.595
6417,B,rx,2354,0,30,76765.647,0.668
6418,A,rx,2355,0,30,76775.682,0.559
6419,B,rx,2356,0,30,76785.856,0.715
6420,A,rx,2357,0,30,76796.019,0.639
6421,B,rx,2358,0,30,76806.207,0.595
6422,A,rx,2359,0,30,76816.241,0.561
6423,B,rx,2360,0,30,76825.617,0.562
6424,A,rx,2361,0,30,76836.828,0.591
6425,B,rx,2362,0,30,76845.941,0.612
6426,A,rx,2363,0,30,76857.043,0.586
6427,B,rx,2364,0,30,76868.389,0.654
6428,A,rx,2365,0,30,76877.344,0.569
6429,B,rx,2366,0,30,76887.451,0.573
6430,A,rx,2367,0,30,76897.606,0.654
6431,B,rx,2368,0,30,76907.783,0.594
6432,A,rx,2369,0,30,76917.971,0.629
6433,B,rx,2370,0,30,76928.179,0.624
6434,A,rx,2371,0,30,76938.311,0.926
6435,B,rx,2372,0,30,76947.610,0.934
6436,A,rx,2373,0,30,76957.701,0.845
6437,B,rx,2374,0,30,76967.859,0.893
6438,A,rx,2375,0,30,76977.993,0.987
6439,B,rx,2376,0,30,76989.195,0.592
6440,A,rx,2377,0,30,76999.385,0.580
6441,B,rx,2378,0,30,77009.526,0.930
6442,A,rx,2379,0,30,77019.692,0.645
6443,B,rx,2380,0,30,77029.732,0.964
6444,A,rx,2381,0,30,77039.911,0.677
6445,B,rx,2382,0,30,77050.140,0.865
6446,A,rx,2383,0,30,77060.260,0.906
6447,B,rx,2384,0,30,77070.346,0.970
6448,A,rx,2385,0,30,77079.629,0.988
6449,B,rx,2386,0,30,77089.818,0.635
6450,A,rx,2387,0,30,77099.975,0.593
6451,B,rx,2388,0,30,77110.150,0.551
6452,A,rx,2389,0,30,77121.300,0.972
6453,B,rx,2390,0,30,77131.418,0.580
6454,A,rx,2391,0,30,77141.480,0.617
6455,B,rx,2392,0,30,77151.559,0.624
6456,A,rx,2393,0,30,77161.911,0.642
6457,B,rx,2394,0,30,77171.955,0.546
6458,A,rx,2395,0,30,77182.115,0.562
6459,B,rx,2396,0,30,77192.238,0.945
6460,A,rx,2397,0,30,77201.485,0.898
6461,B,rx,2398,0,30,77211.695,0.627
6462,A,rx,2399,0,30,77221.940,0.875
6463,B,rx,2400,0,30,77231.941,0.628
6464,A,rx,2401,0,30,77243.142,0.593
6465,B,rx,2402,0,30,77253.391,0.960
6466,A,rx,2403,0,30,77263.460,0.579
6467,B,rx,2404,0,30,77273.522,0.741
6468,A,rx,2405,0,30,77283.685,0.569
6469,B,rx,2406,0,30,77293.850,0.617
6470,A,rx,2407,0,30,77304.002,0.924
6471,B,rx,2408,0,30,77314.214,0.646
6472,A,rx,2409,0,30,77323.533,0.910
6473,B,rx,2410,0,30,77333.567,0.943
6474,A,rx,2411,0,30,77343.754,0.619
6475,B,rx,2412,0,30,77354.021,0.904
6476,A,rx,2413,0,30,77365.183,1.002
6477,B,rx,2414,0,30,77374.329,0.630
6478,A,rx,2415,0,30,77385.455,0.972
6479,B,rx,2416,0,30,77395.487,0.976
6480,A,rx,2417,0,30,77405.590,0.755
6481,B,rx,2418,0,30,77415.677,0.549
6482,A,rx,2419,0,30,77425.938,0.610
6483,B,rx,2420,0,30,77436.130,0.660
6484,A,rx,2421,0,30,77445.265,0.611
6485,B,rx,2422,0,30,77455.422,0.610
6486,A,rx,2423,0,30,77465.667,0.789
6487,B,rx,2424,0,30,77475.854,0.615
6488,A,rx,2425,0,30,77486.031,1.019
6489,B,rx,2426,0,30,77496.387,0.925
6490,A,rx,2427,0,30,77507.432,0.757
6491,B,rx,2428,0,30,77517.324,0.732
6492,A,rx,2429,0,30,77527.633,1.029
6493,B,rx,2430,0,30,77537.793,1.011
6494,A,rx,2431,0,30,77547.948,0.572
6495,B,rx,2432,0,30,77558.018,0.598
6496,A,rx,2433,0,30,77567.331,0.632
6497,B,rx,2434,0,30,77577.486,0.982
6498,A,rx,2435,0,30,77587.649,1.028
6499,B,rx,2436,0,30,77597.720,0.944
6500,A,rx,2437,0,30,77607.877,0.623
6501,B,rx,2438,0,30,77618.159,1.017
6502,A,rx,2439,0,30,77628.327,0.557
6503,B,rx,2440,0,30,77639.347,0.989
6504,A,rx,2441,0,30,77649.464,0.924
6505,B,rx,2442,0,30,77659.636,0.909
6506,A,rx,2443,0,30,77670.245,0.685
6507,B,rx,2444,0,30,77679.877,0.628
6508,A,rx,2445,0,30,77689.281,0.932
6509,B,rx,2446,0,30,77699.405,0.946
6510,A,rx,2447,0,30,77709.593,0.954
6511,B,rx,2448,0,30,77719.626,0.661
6512,A,rx,2449,0,30,77729.838,0.644
6513,B,rx,2450,0,30,77740.059,0.891
6514,A,rx,2451,0,30,77750.303,0.550
6515,B,rx,2452,0,30,77760.222,0.888
6516,A,rx,2453,0,30,77771.295,0.652
6517,B,rx,2454,0,30,77781.508,0.642
6518,A,rx,2455,0,30,77791.740,0.915
6519,B,rx,2456,0,30,77801.834,0.570
6520,A,rx,2457,0,30,77811.033,0.604
6521,B,rx,2458,0,30,77821.386,0.603
6522,A,rx,2459,0,30,77831.465,0.935
6523,B,rx,2460,0,30,77841.955,0.660
6524,A,rx,2461,0,30,77851.801,0.576
6525,B,rx,2462,0,30,77861.975,0.963
6526,A,rx,2463,0,30,77872.136,0.633
6527,B,rx,2464,0,30,77882.151,0.939
6528,A,rx,2465,0,30,77892.203,0.636
6529,B,rx,2466,0,30,77903.496,0.642
6530,A,rx,2467,0,30,77913.609,0.933
6531,B,rx,2468,0,30,77923.701,0.576
6532,A,rx,2469,0,30,77933.072,0.599
6533,B,rx,2470,0,30,77943.126,0.546
6534,A,rx,2471,0,30,77953.362,0.612
6535,B,rx,2472,0,30,77963.461,0.626
6536,A,rx,2473,0,30,77973.633,0.669
6537,B,rx,2474,0,30,77984.815,0.635
6538,A,rx,2475,0,30,77993.969,0.594
6539,B,rx,2476,0,30,78003.976,0.677
6540,A,rx,2477,0,30,78014.283,0.582
6541,B,rx,2478,0,30,78024.254,0.617
6542,A,rx,2479,0,30,78035.717,0.966
6543,B,rx,2481,0,30,78055.832,0.650
6544,A,rx,2482,0,30,78065.949,0.925
6545,B,rx,2483,0,30,78076.313,0.998
6546,A,rx,2484,0,30,78086.398,1.180
6547,B,rx,2485,0,30,78096.511,0.955
6548,A,rx,2486,0,30,78105.772,0.998
6549,B,rx,2487,0,30,78115.881,0.624
6550,A,rx,2488,0,30,78126.090,0.980
6551,B,rx,2489,0,30,78136.348,0.982
6552,A,rx,2490,0,30,78146.481,0.961
6553,B,rx,2491,0,30,78157.585,0.550
6554,A,rx,2492,0,30,78167.790,0.712
6555,B,rx,2493,0,30,78178.620,0.659
6556,A,rx,2494,0,30,78187.911,0.919
6557,B,rx,2495,0,30,78197.988,0.925
6558,A,rx,2496,0,30,78208.210,0.613
6559,B,rx,2497,0,30,78218.349,0.573
6560,A,rx,2498,0,30,78227.782,0.786
6561,B,rx,2499,0,30,78237.938,1.171
6562,A,rx,2500,0,30,78248.141,0.757
6563,B,rx,2501,0,30,78258.331,0.874
6564,A,rx,2502,0,30,78268.383,0.583
6565,B,rx,2503,0,30,78278.455,0.749
6566,A,rx,2504,0,30,78289.579,0.630
6567,B,rx,2505,0,30,78299.756,0.968
6568,A,rx,2506,0,30,78309.810,0.581
6569,B,rx,2507,0,30,78319.982,0.666
6570,A,rx,2508,0,30,78330.242,0.667
6571,B,rx,2509,0,30,78340.333,0.578
6572,A,rx,2510,0,30,78349.506,0.548
6573,B,rx,2511,0,30,78359.802,0.886
6574,A,rx,2512,0,30,78370.031,0.617
6575,B,rx,2513,0,30,78380.156,1.087
6576,A,rx,2514,0,30,78390.336,0.603
6577,B,rx,2515,0,30,78400.488,0.933
6578,A,rx,2516,0,30,78410.633,0.922
6579,B,rx,2517,0,30,78421.660,0.964
6580,A,rx,2518,0,30,78431.824,0.774
6581,B,rx,2519,0,30,78441.979,0.676
6582,A,rx,2520,0,30,78452.180,0.957
6583,B,rx,2521,0,30,78462.250,0.762
6584,A,rx,2522,0,30,78471.502,0.599
6585,B,rx,2523,0,30,78481.581,0.699
6586,A,rx,2524,0,30,78491.748,0.637
6587,B,rx,2525,0,30,78501.916,0.607
6588,A,rx,2526,0,30,78512.183,0.557
6589,B,rx,2527,0,30,78522.303,0.660
6590,A,rx,2528,0,30,78532.463,0.576
6591,B,rx,2529,0,30,78542.509,0.550
6592,A,rx,2530,0,30,78553.865,0.547
6593,B,rx,2531,0,30,78563.939,0.967
6594,A,rx,2532,0,30,78574.061,0.957
6595,B,rx,2533,0,30,78584.263,0.957
6596,A,rx,2534,0,30,78594.545,0.818
6597,B,rx,2535,0,30,78604.478,0.993
6598,A,rx,2536,0,30,78614.610,0.974
6599,B,rx,2537,0,30,78624.810,0.720
6600,A,rx,2538,0,30,78635.125,0.721
6601,B,rx,2539,0,30,78645.183,0.935
6602,A,rx,2540,0,30,78655.243,0.579
6603,B,rx,2541,0,30,78665.429,0.922
6604,A,rx,2542,0,30,78676.560,0.567
6605,B,rx,2543,0,30,78686.767,0.604
6606,A,rx,2544,0,30,78696.049,0.939
6607,B,rx,2545,0,30,78706.135,0.513
6608,A,rx,2546,0,30,78716.284,0.564
6609,B,rx,2547,0,30,78726.515,0.612
6610,A,rx,2548,0,30,78736.755,0.750
6611,B,rx,2549,0,30,78746.847,0.633
6612,A,rx,2550,0,30,78756.989,0.577
6613,B,rx,2551,0,30,78767.239,0.626
6614,A,rx,2552,0,30,78777.280,0.602
6615,B,rx,2553,0,30,78787.545,0.640
6616,A,rx,2554,0,30,78797.509,0.600
6617,B,rx,2555,0,30,78808.664,0.644
6618,A,rx,2556,0,30,78818.870,0.635
6619,B,rx,2557,0,30,78829.105,0.663
6620,A,rx,2558,0,30,78839.313,0.618
6621,B,rx,2559,0,30,78848.429,0.568
6622,A,rx,2560,0,30,78858.491,0.637
6623,B,rx,2561,0,30,78868.750,0.614
6624,A,rx,2562,0,30,78878.921,0.569
6625,B,rx,2563,0,30,78889.110,0.590
6626,A,rx,2564,0,30,78899.274,0.667
6627,B,rx,2565,0,30,78909.456,0.664
6628,A,rx,2566,0,30,78919.371,0.571
6629,B,rx,2567,0,30,78929.609,0.652
6630,A,rx,2568,0,30,78940.713,0.764
6631,B,rx,2569,0,30,78950.889,0.672
6632,A,rx,2570,0,30,78961.084,0.604
6633,B,rx,2571,0,30,78971.692,0.654
6634,A,rx,2572,0,30,78981.375,0.585
6635,B,rx,2573,0,30,78990.556,0.630
6636,A,rx,2574,0,30,79000.771,0.908
6637,B,rx,2575,0,30,79010.962,0.637
6638,A,rx,2576,0,30,79021.946,0.935
6639,B,rx,2577,0,30,79031.441,0.965
6640,A,rx,2578,0,30,79041.558,0.941
6641,B,rx,2579,0,30,79051.647,0.877
6642,A,rx,2580,0,30,79061.716,0.785
6643,B,rx,2581,0,30,79073.126,0.610
6644,A,rx,2582,0,30,79083.046,0.619
6645,B,rx,2583,0,30,79093.244,0.645
6646,A,rx,2584,0,30,79103.392,0.708
6647,B,rx,2585,0,30,79113.619,0.660
6648,A,rx,2586,0,30,79123.561,0.653
6649,B,rx,2587,0,30,79132.911,0.640
6650,A,rx,2588,0,30,79143.080,0.639
6651,B,rx,2589,0,30,79153.184,0.589
6652,A,rx,2590,0,30,79163.424,0.690
6653,B,rx,2591,0,30,79173.493,0.588
6654,A,rx,2592,0,30,79183.735,0.626
6655,B,rx,2593,0,30,79193.833,0.573
6656,A,rx,2594,0,30,79204.946,1.001
6657,B,rx,2595,0,30,79215.236,0.902
6658,A,rx,2596,0,30,79225.243,0.595
6659,B,rx,2597,0,30,79235.430,0.845
6660,A,rx,2598,0,30,79245.508,0.862
6661,B,rx,2599,0,30,79254.835,0.608
6662,A,rx,2600,0,30,79264.922,0.672
6663,B,rx,2601,0,30,79275.253,0.569
6664,A,rx,2602,0,30,79286.196,0.918
6665,B,rx,2603,0,30,79296.389,0.584
6666,A,rx,2604,0,30,79305.656,0.688
6667,B,rx,2605,0,30,79315.774,0.624
6668,A,rx,2606,0,30,79326.933,0.632
6669,B,rx,2607,0,30,79337.125,0.981
6670,A,rx,2608,0,30,79347.484,1.021
6671,B,rx,2609,0,30,79357.414,1.010
6672,A,rx,2610,0,30,79367.708,0.855
6673,B,rx,2611,0,30,79377.648,0.938
6674,A,rx,2612,0,30,79387.787,0.625
6675,B,rx,2613,0,30,79397.992,0.937
6676,A,rx,2614,0,30,79408.151,0.580
6677,B,rx,2615,0,30,79418.323,0.559
6678,A,rx,2616,0,30,79427.481,0.602
6679,B,rx,2617,0,30,79437.693,0.851
6680,A,rx,2618,0,30,79447.913,0.620
6681,B,rx,2619,0,30,79459.194,0.980
6682,A,rx,2620,0,30,79469.235,0.699
6683,B,rx,2621,0,30,79479.348,0.610
6684,A,rx,2622,0,30,79489.475,0.649
6685,B,rx,2623,0,30,79499.526,0.610
6686,A,rx,2624,0,30,79509.709,0.592
6687,B,rx,2625,0,30,79520.002,0.602
6688,A,rx,2626,0,30,79530.093,0.664
6689,B,rx,2627,0,30,79540.211,0.935
6690,A,rx,2628,0,30,79550.271,0.553
6691,B,rx,2629,0,30,79560.463,0.660
6692,A,rx,2630,0,30,79570.678,0.613
6693,B,rx,2631,0,30,79580.778,0.933
6694,A,rx,2632,0,30,79592.007,0.694
6695,B,rx,2633,0,30,79602.310,0.787
6696,A,rx,2634,0,30,79612.388,0.575
6697,B,rx,2635,0,30,79622.628,0.791
6698,A,rx,2636,0,30,79631.736,0.946
6699,B,rx,2637,0,30,79641.963,0.610
6700,A,rx,2638,0,30,79652.128,0.597
6701,B,rx,2639,0,30,79662.255,0.629
6702,A,rx,2640,0,30,79672.371,0.983
6703,B,rx,2641,0,30,79682.569,0.614
6704,A,rx,2642,0,30,79692.743,0.992
6705,B,rx,2643,0,30,79702.744,0.588
6706,A,rx,2644,0,30,79712.914,0.570
6707,B,rx,2645,0,30,79724.171,0.609
6708,A,rx,2646,0,30,79734.308,0.492
6709,B,rx,2647,0,30,79744.511,0.943
6710,A,rx,2648,0,30,79753.856,0.867
6711,B,rx,2649,0,30,79763.791,0.654
6712,A,rx,2650,0,30,79774.974,0.949
6713,B,rx,2651,0,30,79785.137,0.586
6714,A,rx,2652,0,30,79794.303,0.608
6715,B,rx,2653,0,30,79804.466,0.579
6716,A,rx,2654,0,30,79814.762,0.980
6717,B,rx,2655,0,30,79824.787,0.633
6718,A,rx,2656,0,30,79834.974,0.612
6719,B,rx,2657,0,30,79845.137,0.590
6720,A,rx,2658,0,30,79856.240,0.676
6721,B,rx,2659,0,30,79866.485,0.532
6722,A,rx,2660,0,30,79876.680,0.588
6723,B,rx,2661,0,30,79886.715,0.884
6724,A,rx,2662,0,30,79896.825,0.562
6725,B,rx,2663,0,30,79907.327,0.591
6726,A,rx,2664,0,30,79917.168,0.923
6727,B,rx,2665,0,30,79927.404,0.622
6728,A,rx,2666,0,30,79937.426,0.612
6729,B,rx,2667,0,30,79947.690,0.610
6730,A,rx,2668,0,30,79957.839,1.052
6731,B,rx,2669,0,30,79967.950,0.645
6732,A,rx,2670,0,30,79979.307,0.944
6733,B,rx,2671,0,30,79988.477,1.088
6734,A,rx,2672,0,30,79998.471,0.541
6735,B,rx,2673,0,30,80008.738,0.603
6736,A,rx,2674,0,30,80018.786,0.667
6737,B,rx,2675,0,30,80028.972,0.613
6738,A,rx,2676,0,30,80039.164,0.899
6739,B,rx,2677,0,30,80049.355,0.973
6740,A,rx,2678,0,30,80059.341,0.863
6741,B,rx,2679,0,30,80069.521,0.574
6742,A,rx,2680,0,30,80079.662,0.579
6743,B,rx,2681,0,30,80089.893,0.665
6744,A,rx,2682,0,30,80100.046,0.586
6745,B,rx,2683,0,30,80110.364,0.930
6746,A,rx,2684,0,30,80120.614,0.839
6747,B,rx,2685,0,30,80130.624,0.684
6748,A,rx,2686,0,30,80140.771,0.638
6749,B,rx,2687,0,30,80151.015,0.982
6750,A,rx,2688,0,30,80161.138,0.569
6751,B,rx,2689,0,30,80171.347,0.932
6752,A,rx,2690,0,30,80181.285,0.558
6753,B,rx,2691,0,30,80191.436,0.589
6754,A,rx,2692,0,30,80201.669,0.592
6755,B,rx,2693,0,30,80211.890,0.650
6756,A,rx,2694,0,30,80221.951,0.707
6757,B,rx,2695,0,30,80232.233,0.604
6758,A,rx,2696,0,30,80242.443,0.619
6759,B,rx,2697,0,30,80252.541,0.639
6760,A,rx,2698,0,30,80262.623,0.572
6761,B,rx,2699,0,30,80272.951,0.916
6762,A,rx,2700,0,30,80282.958,0.595
6763,B,rx,2701,0,30,80293.228,0.966
6764,A,rx,2702,0,30,80303.408,0.900
6765,B,rx,2703,0,30,80313.386,0.682
6766,A,rx,2704,0,30,80323.588,0.634
6767,B,rx,2705,0,30,80333.732,0.892
6768,A,rx,2706,0,30,80343.913,0.811
6769,B,rx,2707,0,30,80354.048,0.938
6770,A,rx,2708,0,30,80364.631,1.113
6771,B,rx,2709,0,30,80374.506,0.888
6772,A,rx,2710,0,30,80384.616,0.653
6773,B,rx,2711,0,30,80394.834,0.612
6774,A,rx,2712,0,30,80404.991,0.922
6775,B,rx,2713,0,30,80415.103,0.780
6776,A,rx,2714,0,30,80425.345,0.655
6777,B,rx,2715,0,30,80435.528,0.878
6778,A,rx,2716,0,30,80445.449,0.537
6779,B,rx,2717,0,30,80455.777,0.595
6780,A,rx,2718,0,30,80465.971,0.922
6781,B,rx,2719,0,30,80475.946,0.624
6782,A,rx,2720,0,30,80486.074,0.780
6783,B,rx,2721,0,30,80495.396,0.892
6784,A,rx,2722,0,30,80506.591,0.611
6785,B,rx,2723,0,30,80516.749,0.593
6786,A,rx,2724,0,30,80527.764,0.964
6787,B,rx,2725,0,30,80538.070,0.907
6788,A,rx,2726,0,30,80548.265,0.938
6789,B,rx,2727,0,30,80567.449,0.978
6790,A,rx,2728,0,30,80577.679,0.929
6791,B,rx,2729,0,30,80587.757,0.591
6792,A,rx,2730,0,30,80598.056,0.577
6793,B,rx,2731,0,30,80608.085,0.580
6794,A,rx,2732,0,30,80618.339,0.959
6795,B,rx,2733,0,30,80629.370,0.697
6796,A,rx,2734,0,30,80639.461,0.626
6797,B,rx,2735,0,30,80649.650,0.680
6798,A,rx,2736,0,30,80659.776,0.620
6799,B,rx,2737,0,30,80670.079,0.603
6800,A,rx,2738,0,30,80679.323,0.546
6801,B,rx,2739,0,30,80689.594,0.689
6802,A,rx,2740,0,30,80699.488,0.896
6803,B,rx,2741,0,30,80709.836,0.644
6804,A,rx,2742,0,30,80720.085,0.644
6805,B,rx,2743,0,30,80730.055,0.570
6806,A,rx,2744,0,30,80740.333,0.909
6807,B,rx,2745,0,30,80750.348,0.912
6808,A,rx,2746,0,30,80761.494,0.957
6809,B,rx,2747,0,30,80771.604,0.577
6810,A,rx,2748,0,30,80781.810,0.946
6811,B,rx,2749,0,30,80791.965,0.615
6812,A,rx,2750,0,30,80801.117,0.626
6813,B,rx,2751,0,30,80811.465,0.909
6814,A,rx,2752,0,30,80821.529,0.667
6815,B,rx,2753,0,30,80831.674,0.640
6816,A,rx,2754,0,30,80841.904,0.649
6817,B,rx,2755,0,30,80851.991,0.607
6818,A,rx,2756,0,30,80862.183,0.949
6819,B,rx,2757,0,30,80872.333,0.606
6820,A,rx,2758,0,30,80883.376,0.707
6821,B,rx,2759,0,30,80893.575,0.588
6822,A,rx,2760,0,30,80903.726,0.582
6823,B,rx,2761,0,30,80913.818,0.622
6824,A,rx,2762,0,30,80924.000,0.616
6825,B,rx,2763,0,30,80934.095,0.582
6826,A,rx,2764,0,30,80944.337,0.579
6827,B,rx,2765,0,30,80954.536,0.606
6828,A,rx,2766,0,30,80963.734,0.536
6829,B,rx,2767,0,30,80973.876,0.652
6830,A,rx,2768,0,30,80984.145,1.001
6831,B,rx,2769,0,30,80994.249,0.637
6832,A,rx,2770,0,30,81004.567,0.582
6833,B,rx,2771,0,30,81014.501,0.615
6834,A,rx,2772,0,30,81025.795,0.966
6835,B,rx,2773,0,30,81035.849,0.641
6836,A,rx,2774,0,30,81045.989,0.590
6837,B,rx,2775,0,30,81056.198,0.630
6838,A,rx,2776,0,30,81066.283,0.913
6839,B,rx,2777,0,30,81076.364,1.123
6840,A,rx,2778,0,30,81085.777,1.065
6841,B,rx,2779,0,30,81095.878,1.036
6842,A,rx,2780,0,30,81106.019,0.584
6843,B,rx,2781,0,30,81116.085,0.935
6844,A,rx,2782,0,30,81126.346,1.109
6845,B,rx,2783,0,30,81136.536,0.622
6846,A,rx,2784,0,30,81147.681,0.835
6847,B,rx,2785,0,30,81157.751,0.974
6848,A,rx,2786,0,30,81167.906,0.972
6849,B,rx,2787,0,30,81178.059,0.631
6850,A,rx,2788,0,30,81188.119,0.614
6851,B,rx,2789,0,30,81198.338,0.894
6852,A,rx,2790,0,30,81207.494,0.596
6853,B,rx,2791,0,30,81217.674,0.707
6854,A,rx,2792,0,30,81227.991,0.756
6855,B,rx,2793,0,30,81238.169,0.661
6856,A,rx,2794,0,30,81248.288,0.597
6857,B,rx,2795,0,30,81258.388,0.576
6858,A,rx,2796,0,30,81268.566,0.623
6859,B,rx,2797,0,30,81279.631,0.570
6860,A,rx,2798,0,30,81289.912,0.702
6861,B,rx,2799,0,30,81299.885,0.919
6862,A,rx,2800,0,30,81310.174,0.889
6863,B,rx,2801,0,30,81320.255,0.621
6864,A,rx,2802,0,30,81329.540,0.601
6865,B,rx,2803,0,30,81339.690,0.753
6866,A,rx,2804,0,30,81349.834,0.807
6867,B,rx,2805,0,30,81359.895,0.609
6868,A,rx,2806,0,30,81370.215,1.008
6869,B,rx,2807,0,30,81380.313,0.896
6870,A,rx,2808,0,30,81390.460,0.637
6871,B,rx,2809,0,30,81400.706,0.810
6872,A,rx,2811,0,30,81422.044,0.649
6873,B,rx,2812,0,30,81432.227,0.646
6874,A,rx,2813,0,30,81442.243,0.569
6875,B,rx,2814,0,30,81452.589,1.009
6876,A,rx,2815,0,30,81462.549,0.547
6877,B,rx,2816,0,30,81472.560,0.773
6878,A,rx,2817,0,30,81482.867,0.942
6879,B,rx,2818,0,30,81493.011,1.016
6880,A,rx,2819,0,30,81502.244,0.897
6881,B,rx,2820,0,30,81512.278,0.947
6882,A,rx,2821,0,30,81522.588,0.821
6883,B,rx,2822,0,30,81532.735,0.969
6884,A,rx,2823,0,30,81543.912,0.625
6885,B,rx,2824,0,30,81554.004,0.674
6886,A,rx,2825,0,30,81564.217,0.564
6887,B,rx,2826,0,30,81574.176,0.677
6888,A,rx,2827,0,30,81584.451,1.020
6889,B,rx,2828,0,30,81594.564,0.580
6890,A,rx,2829,0,30,81604.662,0.600
6891,B,rx,2830,0,30,81614.971,0.988
6892,A,rx,2831,0,30,81624.191,0.575
6893,B,rx,2832,0,30,81634.389,1.003
6894,A,rx,2833,0,30,81644.564,0.954
6895,B,rx,2834,0,30,81654.573,0.634
6896,A,rx,2835,0,30,81664.814,0.620
6897,B,rx,2836,0,30,81676.000,1.003
6898,A,rx,2837,0,30,81686.209,0.694
6899,B,rx,2838,0,30,81696.268,0.540
6900,A,rx,2839,0,30,81706.464,0.613
6901,B,rx,2840,0,30,81716.660,0.614
6902,A,rx,2841,0,30,81726.816,0.910
6903,B,rx,2842,0,30,81736.802,0.600
6904,A,rx,2843,0,30,81746.937,0.621
6905,B,rx,2844,0,30,81757.122,0.637
6906,A,rx,2845,0,30,81767.484,0.608
6907,B,rx,2846,0,30,81777.435,0.581
6908,A,rx,2847,0,30,81787.720,0.628
6909,B,rx,2848,0,30,81798.125,0.655
6910,A,rx,2849,0,30,81808.062,0.610
6911,B,rx,2850,0,30,81818.325,1.027
6912,A,rx,2851,0,30,81828.425,0.936
6913,B,rx,2852,0,30,81838.635,0.987
6914,A,rx,2853,0,30,81848.577,0.607
6915,B,rx,2854,0,30,81858.785,0.919
6916,A,rx,2855,0,30,81869.801,0.955
6917,B,rx,2856,0,30,81879.088,0.534
6918,A,rx,2857,0,30,81889.254,0.609
6919,B,rx,2858,0,30,81899.380,0.643
6920,A,rx,2859,0,30,81909.486,0.538
6921,B,rx,2860,0,30,81919.249,0.601
6922,A,rx,2861,0,30,81929.980,0.579
6923,B,rx,2862,0,30,81940.061,0.682
6924,A,rx,2863,0,30,81950.320,0.650
6925,B,rx,2864,0,30,81960.467,0.582
6926,A,rx,2865,0,30,81970.599,0.645
6927,B,rx,2866,0,30,81980.718,0.911
6928,A,rx,2867,0,30,81990.824,0.645
6929,B,rx,2868,0,30,82001.063,0.991
6930,A,rx,2869,0,30,82011.087,0.549
6931,B,rx,2870,0,30,82021.277,0.623
6932,A,rx,2871,0,30,82031.330,0.659
6933,B,rx,2872,0,30,82040.825,0.956
6934,A,rx,2873,0,30,82050.804,0.596
6935,B,rx,2874,0,30,82062.411,0.591
6936,A,rx,2875,0,30,82072.247,0.601
6937,B,rx,2876,0,30,82082.303,0.580
6938,A,rx,2877,0,30,82092.527,0.671
6939,B,rx,2878,0,30,82102.522,0.666
6940,A,rx,2879,0,30,82112.762,0.667
6941,B,rx,2880,0,30,82123.010,0.633
6942,A,rx,2881,0,30,82133.101,0.647
6943,B,rx,2882,0,30,82143.273,0.993
6944,A,rx,2883,0,30,82153.355,0.892
6945,B,rx,2884,0,30,82162.553,0.553
6946,A,rx,2885,0,30,82172.801,0.715
6947,B,rx,2886,0,30,82182.991,0.716
6948,A,rx,2887,0,30,82194.137,0.609
6949,B,rx,2888,0,30,82204.289,0.981
6950,A,rx,2889,0,30,82214.445,0.587
6951,B,rx,2890,0,30,82224.663,0.978
6952,A,rx,2891,0,30,82234.651,0.638
6953,B,rx,2892,0,30,82244.919,0.606
6954,A,rx,2893,0,30,82254.965,0.747
6955,B,rx,2894,0,30,82265.270,0.983
6956,A,rx,2895,0,30,82275.457,0.624
6957,B,rx,2896,0,30,82285.397,0.585
6958,A,rx,2897,0,30,82295.643,0.535
6959,B,rx,2898,0,30,82305.780,0.998
6960,A,rx,2899,0,30,82315.943,0.939
6961,B,rx,2900,0,30,82327.164,0.852
6962,A,rx,2901,0,30,82337.345,0.711
6963,B,rx,2902,0,30,82347.455,0.906
6964,A,rx,2903,0,30,82356.700,0.900
6965,B,rx,2904,0,30,82710.227,1.010
6966,A,rx,2905,0,30,82719.443,0.912
6967,B,rx,2906,0,30,82729.563,0.936
6968,A,rx,2907,0,30,82739.816,0.742
6969,B,rx,2908,0,30,82749.962,0.918
6970,A,rx,2909,0,30,82759.956,0.698
6971,B,rx,2910,0,30,82770.055,0.921
6972,A,rx,2911,0,30,82779.310,0.549
6973,B,rx,2912,0,30,82789.481,1.000
6974,A,rx,2913,0,30,82799.584,0.958
6975,B,rx,2914,0,30,82809.683,0.815
6976,A,rx,2915,0,30,82819.907,0.962
6977,B,rx,2916,0,30,82830.114,0.992
6978,A,rx,2917,0,30,82840.474,1.034
6979,B,rx,2918,0,30,82850.475,1.063
6980,A,rx,2919,0,30,82860.678,0.998
6981,B,rx,2920,0,30,82870.694,0.961
6982,A,rx,2921,0,30,82880.825,0.643
6983,B,rx,2922,0,30,82890.069,0.702
6984,A,rx,2923,0,30,82900.286,0.884
6985,B,rx,2924,0,30,82910.375,0.555
6986,A,rx,2925,0,30,82920.448,0.970
6987,B,rx,2926,0,30,82930.571,0.866
6988,A,rx,2927,0,30,82940.794,0.748
6989,B,rx,2928,0,30,82950.062,1.000
6990,A,rx,2929,0,30,82961.166,0.980
6991,B,rx,2930,0,30,82971.433,0.939
6992,A,rx,2931,0,30,82981.347,0.618
6993,B,rx,2932,0,30,82991.571,0.651
6994,A,rx,2933,0,30,83000.888,1.007
6995,B,rx,2934,0,30,83011.111,0.980
6996,A,rx,2935,0,30,83021.202,0.669
6997,B,rx,2936,0,30,83031.191,0.726
6998,A,rx,2937,0,30,83041.458,0.990
6999,B,rx,2938,0,30,83051.428,0.945
7000,A,rx,2939,0,30,83060.774,0.956
7001,B,rx,2940,0,30,83070.903,0.614
7002,A,rx,2941,0,30,83081.176,0.575
7003,B,rx,2942,0,30,83091.186,0.634
7004,A,rx,2943,0,30,83102.447,1.003
7005,B,rx,2944,0,30,83111.580,0.625
7006,A,rx,2945,0,30,83121.655,0.731
7007,B,rx,2946,0,30,83131.933,0.969
7008,A,rx,2947,0,30,83141.903,0.617
7009,B,rx,2948,0,30,83152.086,0.621
7010,A,rx,2949,0,30,83163.305,0.630
7011,B,rx,2950,0,30,83171.546,0.658
7012,A,rx,2951,0,30,83181.738,0.920
7013,B,rx,2952,0,30,83191.854,0.705
7014,A,rx,2953,0,30,83201.841,0.576
7015,B,rx,2954,0,30,83212.000,0.595
7016,A,rx,2955,0,30,83221.255,0.621
7017,B,rx,2956,0,30,83232.420,0.664
7018,A,rx,2957,0,30,83242.544,0.639
7019,B,rx,2958,0,30,83252.698,0.590
7020,A,rx,2959,0,30,83262.743,0.561
7021,B,rx,2960,0,30,83272.976,0.598
7022,A,rx,2961,0,30,83282.396,0.588
7023,B,rx,2962,0,30,83292.503,0.690
7024,A,rx,2963,0,30,83302.648,0.930
7025,B,rx,2964,0,30,83312.677,0.898
7026,A,rx,2965,0,30,83322.724,0.626
7027,B,rx,2966,0,30,83332.148,0.934
7028,A,rx,2967,0,30,83342.216,0.972
7029,B,rx,2968,0,30,83352.416,0.923
7030,A,rx,2969,0,30,83363.401,0.959
7031,B,rx,2970,0,30,83373.668,0.658
7032,A,rx,2971,0,30,83383.745,0.607
7033,B,rx,2972,0,30,83393.144,0.903
7034,A,rx,2973,0,30,83403.127,0.955
7035,B,rx,2974,0,30,83413.261,0.623
7036,A,rx,2975,0,30,83423.416,1.027
7037,B,rx,2976,0,30,83433.563,0.648
7038,A,rx,2977,0,30,83442.818,0.546
7039,B,rx,2978,0,30,83452.906,0.665
7040,A,rx,2979,0,30,83463.050,0.576
7041,B,rx,2981,0,30,83483.403,0.982
7042,A,rx,2982,0,30,83494.581,0.989
7043,B,rx,2983,0,30,83503.847,1.049
7044,A,rx,2984,0,30,83513.966,0.693
7045,B,rx,2985,0,30,83524.148,0.661
7046,A,rx,2986,0,30,83534.154,0.567
7047,B,rx,2987,0,30,83544.296,0.559
7048,A,rx,2988,0,30,83554.381,0.980
7049,B,rx,2989,0,30,83564.450,0.590
7050,A,rx,2990,0,30,83573.832,0.610
7051,B,rx,2991,0,30,83584.058,0.565
7052,A,rx,2992,0,30,83594.218,0.585
7053,B,rx,2993,0,30,83604.253,0.900
7054,A,rx,2994,0,30,83614.439,0.576
7055,B,rx,2995,0,30,83624.598,0.585
7056,A,rx,2996,0,30,83634.927,0.803
7057,B,rx,2997,0,30,83645.026,0.598
7058,A,rx,2998,0,30,83655.027,0.583
7059,B,rx,2999,0,30,83665.208,0.572
7060,A,rx,3000,0,30,83675.377,0.958
7061,B,rx,3001,0,30,83684.666,0.983
7062,A,rx,3002,0,30,83694.884,0.993
7063,B,rx,3003,0,30,83705.015,0.960
7064,A,rx,3004,0,30,83715.042,0.609
7065,B,rx,3005,0,30,83725.143,0.726
7066,A,rx,3006,0,30,83734.485,0.635
7067,B,rx,3007,0,30,83744.482,0.618
7068,A,rx,3008,0,30,83755.732,0.622
7069,B,rx,3009,0,30,83765.729,0.764
7070,A,rx,3010,0,30,83775.825,0.669
7071,B,rx,3011,0,30,83786.080,0.612
7072,A,rx,3012,0,30,83795.355,0.926
7073,B,rx,3013,0,30,83805.512,0.583
7074,A,rx,3014,0,30,83815.661,0.650
7075,B,rx,3015,0,30,83826.768,0.757
7076,A,rx,3016,0,30,83835.863,0.654
7077,B,rx,3017,0,30,83846.024,0.956
7078,A,rx,3018,0,30,83855.463,1.030
7079,B,rx,3019,0,30,83865.561,0.984
7080,A,rx,3020,0,30,83875.628,0.674
7081,B,rx,3021,0,30,83886.741,0.740
7082,A,rx,3022,0,30,83896.899,0.622
7083,B,rx,3023,0,30,83906.179,0.594
7084,A,rx,3024,0,30,83916.306,0.645
7085,B,rx,3025,0,30,83927.684,0.952
7086,A,rx,3026,0,30,83936.661,0.941
7087,B,rx,3027,0,30,83946.571,0.811
7088,A,rx,3028,0,30,83956.844,0.913
7089,B,rx,3029,0,30,83966.042,0.789
7090,A,rx,3030,0,30,83976.196,0.978
7091,B,rx,3031,0,30,83986.379,0.888
7092,A,rx,3032,0,30,83996.414,0.862
7093,B,rx,3033,0,30,84006.606,0.648
7094,A,rx,3034,0,30,84016.831,0.674
7095,B,rx,3035,0,30,84027.056,0.681
7096,A,rx,3036,0,30,84037.159,1.036
7097,B,rx,3037,0,30,84047.414,0.969
7098,A,rx,3038,0,30,84057.427,1.008
7099,B,rx,3039,0,30,84067.542,1.021
7100,A,rx,3040,0,30,84076.868,0.615
7101,B,rx,3041,0,30,84087.066,0.920
7102,A,rx,3042,0,30,84097.269,0.574
7103,B,rx,3043,0,30,84107.144,0.689
7104,A,rx,3044,0,30,84117.294,1.002
7105,B,rx,3045,0,30,84127.648,1.010
7106,A,rx,3046,0,30,84138.781,0.882
7107,B,rx,3047,0,30,84148.809,0.731
7108,A,rx,3048,0,30,84158.927,0.638
7109,B,rx,3049,0,30,84168.253,0.894
7110,A,rx,3050,0,30,84178.459,0.905
7111,B,rx,3051,0,30,84188.486,0.695
7112,A,rx,3052,0,30,84198.548,0.918
7113,B,rx,3053,0,30,84208.741,0.961
7114,A,rx,3054,0,30,84218.888,0.626
7115,B,rx,3055,0,30,84228.301,0.999
7116,A,rx,3056,0,30,84238.403,0.946
7117,B,rx,3057,0,30,84248.359,0.858
7118,A,rx,3058,0,30,84258.580,0.838
7119,B,rx,3059,0,30,84269.734,0.936
7120,A,rx,3060,0,30,84279.006,0.917
7121,B,rx,3061,0,30,84289.241,0.946
7122,A,rx,3062,0,30,84299.358,0.850
7123,B,rx,3063,0,30,84309.298,0.629
7124,A,rx,3064,0,30,84319.507,0.939
7125,B,rx,3065,0,30,84329.661,0.593
7126,A,rx,3066,0,30,84338.980,0.614
7127,B,rx,3067,0,30,84349.154,0.652
7128,A,rx,3068,0,30,84359.253,0.638
7129,B,rx,3069,0,30,84369.263,0.709
7130,A,rx,3070,0,30,84379.703,0.658
7131,B,rx,3071,0,30,84388.707,0.680
7132,A,rx,3072,0,30,84399.796,0.597
7133,B,rx,3073,0,30,84409.949,0.720
7134,A,rx,3074,0,30,84420.043,0.941
7135,B,rx,3075,0,30,84430.318,0.963
7136,A,rx,3076,0,30,84440.412,0.950
7137,B,rx,3077,0,30,84449.692,0.953
7138,A,rx,3078,0,30,84459.780,0.963
7139,B,rx,3079,0,30,84470.026,0.931
7140,A,rx,3080,0,30,84480.004,0.625
7141,B,rx,3081,0,30,84490.143,0.907
7142,A,rx,3082,0,30,84499.458,0.651
7143,B,rx,3083,0,30,84509.630,0.675
7144,A,rx,3084,0,30,84519.710,0.595
7145,B,rx,3085,0,30,84530.865,0.965
7146,A,rx,3086,0,30,84541.010,0.652
7147,B,rx,3087,0,30,84551.197,0.900
7148,A,rx,3088,0,30,84560.366,0.616
7149,B,rx,3089,0,30,84570.630,0.628
7150,A,rx,3090,0,30,84580.668,0.555
7151,B,rx,3091,0,30,84590.697,0.774
7152,A,rx,3092,0,30,84601.087,0.968
7153,B,rx,3093,0,30,84611.270,0.549
7154,A,rx,3094,0,30,84621.305,1.010
7155,B,rx,3095,0,30,84631.347,0.582
7156,A,rx,3096,0,30,84641.611,0.622
7157,B,rx,3097,0,30,84650.816,0.657
7158,A,rx,3098,0,30,84662.082,0.725
7159,B,rx,3099,0,30,84672.211,0.675
7160,A,rx,3100,0,30,84682.373,0.643
7161,B,rx,3101,0,30,84692.340,0.730
7162,A,rx,3102,0,30,84702.608,1.060
7163,B,rx,3103,0,30,84711.851,0.928
7164,A,rx,3104,0,30,84722.047,0.881
7165,B,rx,3105,0,30,84732.188,0.622
7166,A,rx,3106,0,30,84742.223,0.988
7167,B,rx,3107,0,30,84752.295,0.945
7168,A,rx,3108,0,30,84762.469,0.917
7169,B,rx,3109,0,30,84771.759,0.639
7170,A,rx,3110,0,30,84781.844,0.790
7171,B,rx,3111,0,30,84793.042,0.662
7172,A,rx,3112,0,30,84803.059,0.576
7173,B,rx,3113,0,30,84813.479,0.915
7174,A,rx,3114,0,30,84822.543,0.567
7175,B,rx,3115,0,30,84832.754,0.933
7176,A,rx,3116,0,30,84842.880,0.986
7177,B,rx,3117,0,30,84852.895,0.640
7178,A,rx,3118,0,30,84863.034,0.671
7179,B,rx,3119,0,30,84873.172,0.660
7180,A,rx,3120,0,30,84882.434,0.641
7181,B,rx,3121,0,30,84892.733,1.069
7182,A,rx,3122,0,30,84902.932,0.799
7183,B,rx,3123,0,30,84912.858,1.116
7184,A,rx,3124,0,30,84925.021,0.657
7185,B,rx,3125,0,30,84933.215,0.617
7186,A,rx,3126,0,30,84943.416,0.570
7187,B,rx,3127,0,30,84953.701,0.966
7188,A,rx,3128,0,30,84963.534,0.623
7189,B,rx,3129,0,30,84973.816,0.595
7190,A,rx,3130,0,30,84983.916,0.662
7191,B,rx,3131,0,30,84994.286,0.941
7192,A,rx,3132,0,30,85003.484,0.675
7193,B,rx,3133,0,30,85013.514,0.626
7194,A,rx,3134,0,30,85023.559,0.982
7195,B,rx,3135,0,30,85033.765,0.762
7196,A,rx,3136,0,30,85043.088,0.659
7197,B,rx,3137,0,30,85054.575,0.626
7198,A,rx,3138,0,30,85064.312,0.600
7199,B,rx,3139,0,30,85074.384,0.644
7200,A,rx,3140,0,30,85084.484,0.607
7201,B,rx,3141,0,30,85094.657,0.611
7202,A,rx,3142,0,30,85103.980,0.606
7203,B,rx,3143,0,30,85114.104,0.556
7204,A,rx,3144,0,30,85124.244,0.571
7205,B,rx,3145,0,30,85134.384,0.613
7206,A,rx,3146,0,30,85144.366,0.647
7207,B,rx,3147,0,30,85153.658,0.576
7208,A,rx,3148,0,30,85163.919,0.651
7209,B,rx,3149,0,30,85174.105,0.558
7210,A,rx,3150,0,30,85185.187,0.606
7211,B,rx,3151,0,30,85195.278,0.620
7212,A,rx,3152,0,30,85205.435,0.761
7213,B,rx,3153,0,30,85214.777,0.781
7214,A,rx,3154,0,30,85224.908,0.559
7215,B,rx,3155,0,30,85235.095,0.973
7216,A,rx,3156,0,30,85245.143,0.583
7217,B,rx,3157,0,30,85255.203,0.665
7218,A,rx,3158,0,30,85264.482,0.542
7219,B,rx,3159,0,30,85274.555,0.936
7220,A,rx,3160,0,30,85284.825,0.813
7221,B,rx,3161,0,30,85294.887,0.929
7222,A,rx,3162,0,30,85305.028,0.629
7223,B,rx,3163,0,30,85316.291,0.550
7224,A,rx,3164,0,30,85325.511,0.568
7225,B,rx,3165,0,30,85335.653,0.646
7226,A,rx,3166,0,30,85345.719,0.558
7227,B,rx,3167,0,30,85355.722,0.588
7228,A,rx,3168,0,30,85366.020,0.978
7229,B,rx,3169,0,30,85375.263,0.661
7230,A,rx,3170,0,30,85386.304,0.949
7231,B,rx,3171,0,30,85395.560,0.640
7232,A,rx,3172,0,30,85405.812,0.950
7233,B,rx,3173,0,30,85415.914,0.887
7234,A,rx,3174,0,30,85425.954,0.687
7235,B,rx,3175,0,30,85436.050,0.949
7236,A,rx,3176,0,30,85447.255,0.559
7237,B,rx,3177,0,30,85456.505,0.855
7238,A,rx,3178,0,30,85466.645,0.913
7239,B,rx,3179,0,30,85476.883,0.902
7240,A,rx,3180,0,30,85486.884,0.572
7241,B,rx,3181,0,30,85497.051,0.753
7242,A,rx,3182,0,30,85506.319,1.003
7243,B,rx,3183,0,30,85516.552,0.928
7244,A,rx,3184,0,30,85526.690,0.633
7245,B,rx,3185,0,30,85536.779,0.965
7246,A,rx,3186,0,30,85546.825,0.934
7247,B,rx,3187,0,30,85556.883,0.625
7248,A,rx,3188,0,30,85566.273,0.610
7249,B,rx,3189,0,30,85577.526,1.020
7250,A,rx,3190,0,30,85587.607,0.907
7251,B,rx,3191,0,30,85597.661,0.983
7252,A,rx,3192,0,30,85607.782,0.938
7253,B,rx,3193,0,30,85617.095,0.958
7254,A,rx,3194,0,30,85627.299,0.592
7255,B,rx,3195,0,30,85637.418,0.624
7256,A,rx,3196,0,30,85647.408,0.942
7257,B,rx,3197,0,30,85657.524,0.584
7258,A,rx,3198,0,30,85667.733,0.788
7259,B,rx,3199,0,30,85677.709,0.623
7260,A,rx,3200,0,30,85687.126,0.607
7261,B,rx,3201,0,30,85697.352,0.948
7262,A,rx,3202,0,30,85708.311,0.653
7263,B,rx,3203,0,30,85718.520,0.590
7264,A,rx,3204,0,30,85727.670,0.582
7265,B,rx,3205,0,30,85737.985,0.651
7266,A,rx,3206,0,30,85748.113,0.878
7267,B,rx,3207,0,30,85758.347,0.597
7268,A,rx,3208,0,30,85768.256,1.005
7269,B,rx,3209,0,30,85778.516,0.625
7270,A,rx,3210,0,30,85787.808,0.680
7271,B,rx,3211,0,30,85797.851,0.916
7272,A,rx,3212,0,30,85808.012,0.907
7273,B,rx,3213,0,30,85818.138,0.571
7274,A,rx,3214,0,30,85829.213,0.656
7275,B,rx,3215,0,30,85838.506,0.784
7276,A,rx,3216,0,30,85848.709,0.594
7277,B,rx,3217,0,30,85858.892,0.666
7278,A,rx,3218,0,30,85868.941,0.655
7279,B,rx,3219,0,30,85879.214,0.972
7280,A,rx,3220,0,30,85889.296,0.608
7281,B,rx,3221,0,30,85899.363,0.584
7282,A,rx,3222,0,30,85909.474,0.920
7283,B,rx,3223,0,30,85918.772,0.860
7284,A,rx,3224,0,30,85929.015,0.970
7285,B,rx,3225,0,30,85939.238,0.965
7286,A,rx,3226,0,30,85949.131,0.583
7287,B,rx,3227,0,30,85960.256,0.586
7288,A,rx,3228,0,30,85969.596,0.662
7289,B,rx,3229,0,30,85979.807,0.732
7290,A,rx,3230,0,30,85989.952,0.616
7291,B,rx,3231,0,30,85999.979,0.603
7292,A,rx,3232,0,30,86010.069,0.634
7293,B,rx,3233,0,30,86020.338,0.918
7294,A,rx,3234,0,30,86029.584,0.666
7295,B,rx,3235,0,30,86039.609,0.646
7296,A,rx,3236,0,30,86049.812,0.822
7297,B,rx,3237,0,30,86059.957,0.658
7298,A,rx,3238,0,30,86069.989,0.621
7299,B,rx,3239,0,30,86079.292,0.985
7300,A,rx,3240,0,30,86090.562,0.960
7301,B,rx,3241,0,30,86100.551,0.964
7302,A,rx,3242,0,30,86110.732,0.974
7303,B,rx,3243,0,30,86120.875,0.931
7304,A,rx,3244,0,30,86130.991,0.603
7305,B,rx,3245,0,30,86141.166,0.926
7306,A,rx,3246,0,30,86150.368,0.557
7307,B,rx,3247,0,30,86160.622,0.559
7308,A,rx,3248,0,30,86170.728,1.007
7309,B,rx,3249,0,30,86180.804,0.565
7310,A,rx,3250,0,30,86190.971,0.707
7311,B,rx,3251,0,30,86200.248,0.552
7312,A,rx,3252,0,30,86210.458,0.973
7313,B,rx,3253,0,30,86221.594,0.862
7314,A,rx,3254,0,30,86231.593,0.996
7315,B,rx,3255,0,30,86241.790,0.989
7316,A,rx,3256,0,30,86251.905,1.048
7317,B,rx,3257,0,30,86261.131,0.549
7318,A,rx,3258,0,30,86271.334,0.682
7319,B,rx,3259,0,30,86281.517,0.626
7320,A,rx,3260,0,30,86291.545,0.813
7321,B,rx,3261,0,30,86302.098,0.660
7322,A,rx,3262,0,30,86310.913,0.623
7323,B,rx,3263,0,30,86321.238,0.698
7324,A,rx,3264,0,30,86331.233,0.591
7325,B,rx,3265,0,30,86341.307,0.594
7326,A,rx,3266,0,30,86352.470,0.664
7327,B,rx,3267,0,30,86362.554,0.638
7328,A,rx,3268,0,30,86372.107,1.037
7329,B,rx,3269,0,30,86382.110,0.894
7330,A,rx,3270,0,30,86392.326,0.631
7331,B,rx,3271,0,30,86402.321,0.935
7332,A,rx,3272,0,30,86412.457,0.596
7333,B,rx,3273,0,30,86421.782,0.831
7334,A,rx,3274,0,30,86431.913,0.607
7335,B,rx,3275,0,30,86442.103,0.988
7336,A,rx,3277,0,30,86462.186,0.607
7337,B,rx,3278,0,30,86472.393,0.596
7338,A,rx,3279,0,30,86482.559,0.858
7339,B,rx,3280,0,30,86492.936,0.945
7340,A,rx,3281,0,30,86503.045,0.869
7341,B,rx,3282,0,30,86513.029,0.942
7342,A,rx,3283,0,30,86523.278,1.007
7343,B,rx,3284,0,30,86532.445,0.566
7344,A,rx,3285,0,30,86542.664,0.957
7345,B,rx,3286,0,30,86552.862,0.935
7346,A,rx,3287,0,30,86562.996,0.700
7347,B,rx,3288,0,30,86573.053,0.996
7348,A,rx,3289,0,30,86583.123,0.611
7349,B,rx,3290,0,30,86592.490,0.845
7350,A,rx,3291,0,30,86602.571,0.630
7351,B,rx,3292,0,30,86613.783,0.620
7352,A,rx,3293,0,30,86623.811,0.649
7353,B,rx,3294,0,30,86633.915,0.916
7354,A,rx,3295,0,30,86643.272,1.022
7355,B,rx,3296,0,30,86653.415,0.931
7356,A,rx,3297,0,30,86663.497,0.897
7357,B,rx,3298,0,30,86673.714,0.587
7358,A,rx,3299,0,30,86683.715,0.554
7359,B,rx,3300,0,30,86693.903,0.612
7360,A,rx,3301,0,30,86703.223,1.244
7361,B,rx,3302,0,30,86713.354,0.859
7362,A,rx,3303,0,30,86723.425,0.933
7363,B,rx,3304,0,30,86733.653,0.546
7364,A,rx,3305,0,30,86744.759,0.604
7365,B,rx,3306,0,30,86754.989,0.825
7366,A,rx,3307,0,30,86765.027,0.592
7367,B,rx,3308,0,30,86775.184,0.667
7368,A,rx,3309,0,30,86784.303,0.563
7369,B,rx,3310,0,30,86794.605,0.574
7370,A,rx,3311,0,30,86804.729,0.623
7371,B,rx,3312,0,30,86814.813,0.614
7372,A,rx,3313,0,30,86824.910,0.595
7373,B,rx,3314,0,30,86835.127,0.557
7374,A,rx,3315,0,30,86846.415,0.568
7375,B,rx,3316,0,30,86854.487,0.658
7376,A,rx,3317,0,30,86864.627,0.632
7377,B,rx,3318,0,30,86875.749,0.695
7378,A,rx,3319,0,30,86885.907,0.635
7379,B,rx,3320,0,30,86895.202,0.582
7380,A,rx,3321,0,30,86905.328,0.661
7381,B,rx,3322,0,30,86915.418,0.577
7382,A,rx,3323,0,30,86925.462,0.685
7383,B,rx,3324,0,30,86935.651,0.585
7384,A,rx,3325,0,30,86945.819,0.563
7385,B,rx,3326,0,30,86955.150,0.579
7386,A,rx,3327,0,30,86965.320,0.589
7387,B,rx,3328,0,30,86975.342,0.622
7388,A,rx,3329,0,30,86985.681,0.937
7389,B,rx,3330,0,30,86995.576,0.843
7390,A,rx,3331,0,30,87006.769,0.759
7391,B,rx,3332,0,30,87016.108,0.915
7392,A,rx,3333,0,30,87026.159,0.681
7393,B,rx,3334,0,30,87036.318,0.996
7394,A,rx,3335,0,30,87046.448,0.691
7395,B,rx,3336,0,30,87056.669,0.587
7396,A,rx,3337,0,30,87066.791,0.723
7397,B,rx,3338,0,30,87075.977,0.694
7398,A,rx,3339,0,30,87086.202,0.603
7399,B,rx,3340,0,30,87096.320,0.931
7400,A,rx,3341,0,30,87106.341,0.937
7401,B,rx,3342,0,30,87115.647,0.606
7402,A,rx,3343,0,30,87125.899,0.590
7403,B,rx,3344,0,30,87136.956,0.676
7404,A,rx,3345,0,30,87147.155,0.895
7405,B,rx,3346,0,30,87158.152,0.627
7406,A,rx,3347,0,30,87167.301,0.569
7407,B,rx,3348,0,30,87176.593,0.669
7408,A,rx,3349,0,30,87186.727,0.568
7409,B,rx,3350,0,30,87196.930,0.556
7410,A,rx,3351,0,30,87206.975,0.609
7411,B,rx,3352,0,30,87217.188,0.951
7412,A,rx,3353,0,30,87226.458,0.913
7413,B,rx,3354,0,30,87236.476,0.616
7414,A,rx,3355,0,30,87246.598,0.621
7415,B,rx,3356,0,30,87256.844,0.637
7416,A,rx,3357,0,30,87267.874,0.897
7417,B,rx,3358,0,30,87278.088,0.903
7418,A,rx,3359,0,30,87287.348,0.629
7419,B,rx,3360,0,30,87297.546,0.877
7420,A,rx,3361,0,30,87307.697,0.592
7421,B,rx,3362,0,30,87317.662,0.707
7422,A,rx,3363,0,30,87327.856,0.628
7423,B,rx,3364,0,30,87337.079,0.671
7424,A,rx,3365,0,30,87347.330,0.919
7425,B,rx,3366,0,30,87357.425,0.936
7426,A,rx,3367,0,30,87367.515,0.605
7427,B,rx,3368,0,30,87377.596,0.974
7428,A,rx,3369,0,30,87387.775,1.001
7429,B,rx,3370,0,30,87398.219,0.694
7430,A,rx,3371,0,30,87408.254,0.635
7431,B,rx,3372,0,30,87418.471,0.613
7432,A,rx,3373,0,30,87428.429,0.982
7433,B,rx,3374,0,30,87438.526,0.724
7434,A,rx,3375,0,30,87447.823,0.562
7435,B,rx,3376,0,30,87458.099,0.953
7436,A,rx,3377,0,30,87468.172,0.927
7437,B,rx,3378,0,30,87478.344,0.672
7438,A,rx,3379,0,30,87488.614,1.084
7439,B,rx,3380,0,30,87498.593,1.186
7440,A,rx,3381,0,30,87508.742,0.722
7441,B,rx,3382,0,30,87518.012,0.878
7442,A,rx,3383,0,30,87529.302,1.241
7443,B,rx,3384,0,30,87540.154,0.766
7444,A,rx,3385,0,30,87549.355,0.889
7445,B,rx,3386,0,30,87559.494,0.997
7446,A,rx,3387,0,30,87569.631,0.847
7447,B,rx,3388,0,30,87578.972,0.696
7448,A,rx,3389,0,30,87589.191,0.971
7449,B,rx,3390,0,30,87600.281,0.980
7450,A,rx,3391,0,30,87609.305,0.889
7451,B,rx,3392,0,30,87619.565,0.635
7452,A,rx,3393,0,30,87629.542,0.582
7453,B,rx,3394,0,30,87639.728,0.594
7454,A,rx,3395,0,30,87650.023,0.588
7455,B,rx,3396,0,30,87660.187,0.646
7456,A,rx,3397,0,30,87670.435,0.919
7457,B,rx,3399,0,30,87690.515,0.704
7458,A,rx,3400,0,30,87700.665,0.626
7459,B,rx,3401,0,30,87709.969,0.607
7460,A,rx,3402,0,30,87720.231,0.973
7461,B,rx,3403,0,30,87730.337,0.546
7462,A,rx,3404,0,30,87740.330,0.909
7463,B,rx,3405,0,30,87750.499,0.808
7464,A,rx,3406,0,30,87759.727,0.617
7465,B,rx,3407,0,30,87770.034,0.614
7466,A,rx,3408,0,30,87781.210,0.610
7467,B,rx,3409,0,30,87791.241,0.997
7468,A,rx,3410,0,30,87801.291,0.616
7469,B,rx,3411,0,30,87811.393,0.595
7470,A,rx,3412,0,30,87820.671,0.568
7471,B,rx,3413,0,30,87830.869,0.647
7472,A,rx,3414,0,30,87841.103,0.939
7473,B,rx,3415,0,30,87851.111,0.840
7474,A,rx,3416,0,30,87861.246,0.640
7475,B,rx,3417,0,30,87870.532,0.609
7476,A,rx,3418,0,30,87880.638,0.594
7477,B,rx,3419,0,30,87890.951,0.699
7478,A,rx,3420,0,30,87900.886,0.624
7479,B,rx,3421,0,30,87912.057,0.586
7480,A,rx,3422,0,30,87922.267,0.952
7481,B,rx,3423,0,30,87931.536,0.596
7482,A,rx,3424,0,30,87941.619,0.618
7483,B,rx,3425,0,30,87951.761,0.537
7484,A,rx,3426,0,30,87961.889,0.760
7485,B,rx,3427,0,30,87971.978,0.594
7486,A,rx,3428,0,30,87981.279,0.926
7487,B,rx,3429,0,30,87991.489,0.880
7488,A,rx,3430,0,30,88001.477,0.695
7489,B,rx,3431,0,30,88011.701,0.633
7490,A,rx,3432,0,30,88021.787,0.985
7491,B,rx,3433,0,30,88032.142,1.128
7492,A,rx,3434,0,30,88042.139,0.710
7493,B,rx,3435,0,30,88052.361,0.569
7494,A,rx,3436,0,30,88062.524,0.625
7495,B,rx,3437,0,30,88072.585,0.584
7496,A,rx,3438,0,30,88082.744,0.623
7497,B,rx,3439,0,30,88092.929,0.978
7498,A,rx,3440,0,30,88102.283,0.858
7499,B,rx,3441,0,30,88112.305,0.582
7500,A,rx,3442,0,30,88122.508,0.599
7501,B,rx,3443,0,30,88132.497,0.895
7502,A,rx,3444,0,30,88142.700,0.988
7503,B,rx,3445,0,30,88151.971,0.690
7504,A,rx,3446,0,30,88162.172,0.951
7505,B,rx,3447,0,30,88173.271,0.638
7506,A,rx,3448,0,30,88183.383,0.920
7507,B,rx,3449,0,30,88193.425,0.956
7508,A,rx,3450,0,30,88203.690,0.741
7509,B,rx,3451,0,30,88212.950,0.937
7510,A,rx,3452,0,30,88223.200,0.621
7511,B,rx,3453,0,30,88233.349,1.001
7512,A,rx,3454,0,30,88243.269,0.605
7513,B,rx,3455,0,30,88253.453,0.864
7514,A,rx,3456,0,30,88263.541,0.593
7515,B,rx,3457,0,30,88272.887,0.662
7516,A,rx,3458,0,30,88283.020,0.714
7517,B,rx,3459,0,30,88293.224,0.608
7518,A,rx,3460,0,30,88304.216,0.659
7519,B,rx,3461,0,30,88315.300,0.621
7520,A,rx,3462,0,30,88323.806,0.641
7521,B,rx,3463,0,30,88333.944,0.613
7522,A,rx,3464,0,30,88343.990,0.622
7523,B,rx,3465,0,30,88354.011,0.761
7524,A,rx,3466,0,30,88364.223,0.647
7525,B,rx,3467,0,30,88374.334,0.597
7526,A,rx,3468,0,30,88383.521,0.587
7527,B,rx,3469,0,30,88393.758,0.767
7528,A,rx,3470,0,30,88403.922,0.954
7529,B,rx,3471,0,30,88413.969,0.793
7530,A,rx,3472,0,30,88424.158,1.047
7531,B,rx,3473,0,30,88434.322,0.575
7532,A,rx,3474,0,30,88444.499,0.622
7533,B,rx,3475,0,30,88454.673,0.839
7534,A,rx,3476,0,30,88464.819,0.909
7535,B,rx,3477,0,30,88474.890,0.882
7536,A,rx,3478,0,30,88485.122,0.862
7537,B,rx,3479,0,30,88494.400,0.633
7538,A,rx,3480,0,30,88504.509,0.956
7539,B,rx,3481,0,30,88514.679,0.693
7540,A,rx,3482,0,30,88524.694,1.006
7541,B,rx,3483,0,30,88534.950,1.167
7542,A,rx,3484,0,30,88544.241,1.123
7543,B,rx,3485,0,30,88554.403,1.070
7544,A,rx,3486,0,30,88565.713,1.311
7545,B,rx,3487,0,30,88575.532,0.947
7546,A,rx,3488,0,30,88585.732,0.915
7547,B,rx,3489,0,30,88595.892,0.750
7548,A,rx,3490,0,30,88605.118,0.653
7549,B,rx,3491,0,30,88615.271,0.941
7550,A,rx,3492,0,30,88625.451,0.721
7551,B,rx,3493,0,30,88635.388,0.593
7552,A,rx,3494,0,30,88645.564,0.637
7553,B,rx,3495,0,30,88655.766,0.672
7554,A,rx,3496,0,30,88665.990,0.725
7555,B,rx,3497,0,30,88676.053,0.608
7556,A,rx,3498,0,30,88685.254,0.555
7557,B,rx,3499,0,30,88696.452,0.585
7558,A,rx,3500,0,30,88706.622,0.595
7559,B,rx,3501,0,30,88716.999,0.560
7560,A,rx,3502,0,30,88726.818,0.610
7561,B,rx,3503,0,30,88737.180,0.581
7562,A,rx,3504,0,30,88747.190,0.939
7563,B,rx,3505,0,30,88757.399,0.619
7564,A,rx,3506,0,30,88766.702,0.951
7565,B,rx,3507,0,30,88776.856,0.637
7566,A,rx,3508,0,30,88786.987,0.920
7567,B,rx,3509,0,30,88797.072,0.586
7568,A,rx,3510,0,30,88807.255,0.942
7569,B,rx,3511,0,30,88817.274,0.590
7570,A,rx,3512,0,30,88827.495,0.629
7571,B,rx,3513,0,30,88837.686,0.604
7572,A,rx,3514,0,30,88847.971,0.647
7573,B,rx,3515,0,30,88858.070,0.658
7574,A,rx,3516,0,30,88868.118,0.578
7575,B,rx,3517,0,30,88877.427,0.890
7576,A,rx,3518,0,30,88887.592,0.622
7577,B,rx,3519,0,30,88897.649,0.979
7578,A,rx,3520,0,30,88907.897,0.968
7579,B,rx,3521,0,30,88917.927,0.724
7580,A,rx,3522,0,30,88928.066,0.937
7581,B,rx,3523,0,30,88937.271,0.641
7582,A,rx,3524,0,30,88947.502,0.972
7583,B,rx,3525,0,30,88958.613,0.659
7584,A,rx,3526,0,30,88968.697,0.569
7585,B,rx,3527,0,30,88978.926,0.990
7586,A,rx,3528,0,30,88989.085,0.981
7587,B,rx,3529,0,30,88999.365,0.863
7588,A,rx,3530,0,30,89008.530,0.998
7589,B,rx,3531,0,30,89018.619,0.729
7590,A,rx,3532,0,30,89028.639,1.042
7591,B,rx,3533,0,30,89038.831,0.969
7592,A,rx,3534,0,30,89048.951,0.669
7593,B,rx,3535,0,30,89058.165,0.960
7594,A,rx,3536,0,30,89068.518,0.877
7595,B,rx,3537,0,30,89078.665,0.996
7596,A,rx,3538,0,30,89090.761,0.742
7597,B,rx,3539,0,30,89099.802,0.908
7598,A,rx,3540,0,30,89109.024,0.912
7599,B,rx,3541,0,30,89119.213,0.912
7600,A,rx,3542,0,30,89129.440,0.834
7601,B,rx,3543,0,30,89139.410,0.969
7602,A,rx,3544,0,30,89149.531,0.907
7603,B,rx,3545,0,30,89159.869,0.995
7604,A,rx,3546,0,30,89169.115,0.913
7605,B,rx,3547,0,30,89179.111,0.601
7606,A,rx,3548,0,30,89189.971,0.625
7607,B,rx,3549,0,30,89199.378,0.554
7608,A,rx,3550,0,30,89210.484,0.650
7609,B,rx,3551,0,30,89220.639,0.902
7610,A,rx,3552,0,30,89229.983,0.658
7611,B,rx,3553,0,30,89240.128,0.969
7612,A,rx,3554,0,30,89250.311,0.889
7613,B,rx,3555,0,30,89260.425,0.925
7614,A,rx,3556,0,30,89270.558,0.943
7615,B,rx,3557,0,30,89280.570,0.650
7616,A,rx,3558,0,30,89290.807,1.012
7617,B,rx,3559,0,30,89300.436,0.600
7618,A,rx,3560,0,30,89310.193,0.916
7619,B,rx,3561,0,30,89320.405,0.910
7620,A,rx,3562,0,30,89330.403,0.576
7621,B,rx,3563,0,30,89341.541,0.622
7622,A,rx,3564,0,30,89350.996,0.687
7623,B,rx,3565,0,30,89361.128,0.971
7624,A,rx,3566,0,30,89371.334,0.701
7625,B,rx,3567,0,30,89381.348,0.594
7626,A,rx,3568,0,30,89391.337,0.680
7627,B,rx,3569,0,30,89401.526,0.908
7628,A,rx,3570,0,30,89410.722,0.930
7629,B,rx,3571,0,30,89421.001,1.031
7630,A,rx,3572,0,30,89431.177,0.951
7631,B,rx,3573,0,30,89441.157,0.934
7632,A,rx,3574,0,30,89451.269,0.953
7633,B,rx,3575,0,30,89461.373,0.578
7634,A,rx,3576,0,30,89471.853,0.603
7635,B,rx,3577,0,30,89481.801,0.587
7636,A,rx,3578,0,30,89491.990,0.664
7637,B,rx,3579,0,30,89502.133,0.598
7638,A,rx,3580,0,30,89512.265,0.932
7639,B,rx,3581,0,30,89522.414,0.573
7640,A,rx,3582,0,30,89531.715,0.973
7641,B,rx,3583,0,30,89541.942,0.691
7642,A,rx,3584,0,30,89552.057,0.692
7643,B,rx,3585,0,30,89562.086,1.068
7644,A,rx,3586,0,30,89572.187,0.970
7645,B,rx,3587,0,30,89582.470,0.928
7646,A,rx,3588,0,30,89591.702,0.628
7647,B,rx,3589,0,30,89602.855,0.971
7648,A,rx,3590,0,30,89612.952,0.609
7649,B,rx,3591,0,30,89623.128,1.001
7650,A,rx,3592,0,30,89633.218,0.614
7651,B,rx,3593,0,30,89642.504,0.580
7652,A,rx,3594,0,30,89653.505,0.640
7653,B,rx,3595,0,30,89662.708,0.634
7654,A,rx,3596,0,30,89672.954,0.685
7655,B,rx,3597,0,30,89683.035,0.713
7656,A,rx,3598,0,30,89693.268,0.701
7657,B,rx,3599,0,30,89703.357,0.572
7658,A,rx,3600,0,30,89713.335,0.594
7659,B,rx,3601,0,30,89723.611,0.998
7660,A,rx,3602,0,30,89733.778,0.700
7661,B,rx,3603,0,30,89744.035,0.866
7662,A,rx,3604,0,30,89754.162,0.583
7663,B,rx,3605,0,30,89764.250,0.603
7664,A,rx,3606,0,30,89774.409,0.584
7665,B,rx,3607,0,30,89783.627,0.711
7666,A,rx,3608,0,30,89793.921,0.677
7667,B,rx,3609,0,30,89803.976,0.600
7668,A,rx,3610,0,30,89813.975,0.646
7669,B,rx,3611,0,30,89824.253,0.621
7670,A,rx,3612,0,30,89834.313,0.593
7671,B,rx,3613,0,30,89843.569,0.608
7672,A,rx,3614,0,30,89853.835,0.678
7673,B,rx,3615,0,30,89865.807,0.605
7674,A,rx,3616,0,30,89874.931,0.604
7675,B,rx,3617,0,30,89885.199,0.644
7676,A,rx,3618,0,30,89894.382,0.574
7677,B,rx,3619,0,30,89904.577,0.602
7678,A,rx,3620,0,30,89914.704,0.952
7679,B,rx,3622,0,30,89934.964,0.652
7680,A,rx,3623,0,30,89945.039,0.948
7681,B,rx,3624,0,30,89955.152,0.608
7682,A,rx,3625,0,30,89964.441,0.556
7683,B,rx,3626,0,30,89974.642,0.909
7684,A,rx,3627,0,30,89984.878,0.699
7685,B,rx,3628,0,30,89995.823,0.678
7686,A,rx,3629,0,30,90006.078,0.610
7687,B,rx,3630,0,30,90015.234,0.554
7688,A,rx,3631,0,30,90025.422,0.651
7689,B,rx,3632,0,30,90035.688,0.884
7690,A,rx,3633,0,30,90045.759,1.124
7691,B,rx,3634,0,30,90055.822,0.996
7692,A,rx,3635,0,30,90066.148,0.909
7693,B,rx,3636,0,30,90075.241,0.937
7694,A,rx,3637,0,30,90086.483,0.642
7695,B,rx,3638,0,30,90095.557,0.940
7696,A,rx,3639,0,30,90105.701,0.835
7697,B,rx,3640,0,30,90115.832,0.864
7698,A,rx,3641,0,30,90126.055,0.614
7699,B,rx,3642,0,30,90136.205,0.928
7700,A,rx,3643,0,30,90146.405,0.910
7701,B,rx,3644,0,30,90156.564,0.938
7702,A,rx,3645,0,30,90166.688,0.639
7703,B,rx,3646,0,30,90176.743,0.600
7704,A,rx,3647,0,30,90186.904,0.674
7705,B,rx,3648,0,30,90196.194,0.563
7706,A,rx,3649,0,30,90206.388,0.981
7707,B,rx,3650,0,30,90216.442,0.651
7708,A,rx,3651,0,30,90226.640,0.979
7709,B,rx,3652,0,30,90236.662,0.553
7710,A,rx,3653,0,30,90246.918,0.678
7711,B,rx,3654,0,30,90257.075,0.975
7712,A,rx,3655,0,30,90267.244,0.935
7713,B,rx,3656,0,30,90277.361,0.642
7714,A,rx,3657,0,30,90287.448,0.967
7715,B,rx,3658,0,30,90298.428,0.556
7716,A,rx,3659,0,30,90307.638,0.577
7717,B,rx,3660,0,30,90317.060,1.121
7718,A,rx,3661,0,30,90327.164,0.977
7719,B,rx,3662,0,30,90337.418,0.944
7720,A,rx,3663,0,30,90347.324,0.602
7721,B,rx,3664,0,30,90357.590,0.854
7722,A,rx,3665,0,30,90366.831,0.917
7723,B,rx,3666,0,30,90377.086,0.910
7724,A,rx,3667,0,30,90388.224,0.735
7725,B,rx,3668,0,30,90398.282,0.633
7726,A,rx,3669,0,30,90408.371,0.973
7727,B,rx,3670,0,30,90418.560,0.967
7728,A,rx,3671,0,30,90427.725,0.652
7729,B,rx,3672,0,30,90438.412,0.620
7730,A,rx,3673,0,30,90448.140,0.577
7731,B,rx,3674,0,30,90458.106,0.635
7732,A,rx,3675,0,30,90468.362,0.550
7733,B,rx,3676,0,30,90477.538,0.925
7734,A,rx,3677,0,30,90487.722,0.591
7735,B,rx,3678,0,30,90497.910,0.522
7736,A,rx,3679,0,30,90507.875,0.642
7737,B,rx,3680,0,30,90519.172,0.594
7738,A,rx,3681,0,30,90529.266,0.942
7739,B,rx,3682,0,30,90538.487,0.624
7740,A,rx,3683,0,30,90548.604,0.660
7741,B,rx,3684,0,30,90558.909,0.664
7742,A,rx,3685,0,30,90568.910,0.646
7743,B,rx,3686,0,30,90579.048,0.915
7744,A,rx,3687,0,30,90588.314,0.588
7745,B,rx,3688,0,30,90598.475,0.964
7746,A,rx,3689,0,30,90608.581,0.626
7747,B,rx,3690,0,30,90618.628,0.944
7748,A,rx,3691,0,30,90628.815,0.965
7749,B,rx,3692,0,30,90638.900,0.633
7750,A,rx,3693,0,30,90649.229,0.573
7751,B,rx,3694,0,30,90659.387,0.641
7752,A,rx,3695,0,30,90669.600,0.935
7753,B,rx,3696,0,30,90679.601,0.870
7754,A,rx,3697,0,30,90689.859,0.999
7755,B,rx,3698,0,30,90699.099,0.567
7756,A,rx,3699,0,30,90709.271,0.615
7757,B,rx,3700,0,30,90719.432,0.689
7758,A,rx,3701,0,30,90729.456,0.907
7759,B,rx,3702,0,30,90739.632,0.845
7760,A,rx,3703,0,30,90749.750,0.835
7761,B,rx,3704,0,30,90759.103,0.999
7762,A,rx,3705,0,30,90769.210,0.626
7763,B,rx,3706,0,30,90780.367,0.864
7764,A,rx,3707,0,30,90790.421,1.003
7765,B,rx,3708,0,30,90800.593,0.959
7766,A,rx,3709,0,30,90809.820,0.794
7767,B,rx,3710,0,30,90820.088,0.885
7768,A,rx,3711,0,30,90830.223,0.687
7769,B,rx,3712,0,30,90840.186,0.912
7770,A,rx,3713,0,30,90850.486,0.930
7771,B,rx,3714,0,30,90860.472,0.705
7772,A,rx,3715,0,30,90869.690,0.644
7773,B,rx,3716,0,30,90880.001,0.848
7774,A,rx,3717,0,30,90890.060,0.994
7775,B,rx,3718,0,30,90901.224,0.618
7776,A,rx,3719,0,30,90912.389,0.963
7777,B,rx,3720,0,30,90920.589,0.841
7778,A,rx,3721,0,30,90930.732,0.927
7779,B,rx,3722,0,30,90940.931,0.963
7780,A,rx,3723,0,30,90951.248,0.605
7781,B,rx,3724,0,30,90961.215,0.965
7782,A,rx,3725,0,30,90971.186,0.646
7783,B,rx,3726,0,30,90980.448,0.620
7784,A,rx,3727,0,30,90990.647,0.625
7785,B,rx,3728,0,30,91000.802,0.669
7786,A,rx,3729,0,30,91010.911,0.593
7787,B,rx,3730,0,30,91021.011,0.590
7788,A,rx,3731,0,30,91031.321,0.952
7789,B,rx,3732,0,30,91041.475,0.998
7790,A,rx,3733,0,30,91051.680,0.984
7791,B,rx,3734,0,30,91061.693,0.968
7792,A,rx,3735,0,30,91071.823,0.603
7793,B,rx,3736,0,30,91081.986,0.954
7794,A,rx,3737,0,30,91091.234,0.905
7795,B,rx,3738,0,30,91101.583,0.667
7796,A,rx,3739,0,30,91111.589,0.575
7797,B,rx,3740,0,30,91121.636,0.608
7798,A,rx,3741,0,30,91131.692,0.638
7799,B,rx,3742,0,30,91140.990,0.582
7800,A,rx,3743,0,30,91151.070,0.544
7801,B,rx,3744,0,30,91162.381,0.602
7802,A,rx,3746,0,30,91182.507,0.606
7803,B,rx,3747,0,30,91193.775,0.656
7804,A,rx,3748,0,30,91201.890,0.573
7805,B,rx,3749,0,30,91212.099,0.615
7806,A,rx,3750,0,30,91222.280,0.929
7807,B,rx,3751,0,30,91232.395,0.942
7808,A,rx,3752,0,30,91242.448,0.873
7809,B,rx,3753,0,30,91251.814,0.612
7810,A,rx,3754,0,30,91261.939,0.604
7811,B,rx,3755,0,30,91272.006,0.625
7812,A,rx,3756,0,30,91282.236,0.892
7813,B,rx,3757,0,30,91293.293,0.981
7814,A,rx,3758,0,30,91303.463,0.823
7815,B,rx,3759,0,30,91312.791,0.586
7816,A,rx,3760,0,30,91322.998,0.981
7817,B,rx,3761,0,30,91333.102,0.628
7818,A,rx,3762,0,30,91343.097,0.896
7819,B,rx,3763,0,30,91353.369,0.889
7820,A,rx,3764,0,30,91362.535,0.946
7821,B,rx,3765,0,30,91372.629,0.602
7822,A,rx,3766,0,30,91382.822,0.987
7823,B,rx,3767,0,30,91392.903,0.647
7824,A,rx,3768,0,30,91404.037,0.634
7825,B,rx,3769,0,30,91413.277,0.952
7826,A,rx,3770,0,30,91423.437,0.656
7827,B,rx,3771,0,30,91433.647,0.782
7828,A,rx,3772,0,30,91444.712,0.928
7829,B,rx,3773,0,30,91453.785,0.707
7830,A,rx,3774,0,30,91464.123,0.648
7831,B,rx,3775,0,30,91473.362,0.577
7832,A,rx,3776,0,30,91483.441,0.724
7833,B,rx,3777,0,30,91493.664,0.941
7834,A,rx,3778,0,30,91503.754,0.936
7835,B,rx,3779,0,30,91513.688,0.717
7836,A,rx,3780,0,30,91523.940,0.604
7837,B,rx,3781,0,30,91533.100,0.589
7838,A,rx,3782,0,30,91543.310,0.648
7839,B,rx,3783,0,30,91554.550,0.977
7840,A,rx,3784,0,30,91564.519,0.967
7841,B,rx,3785,0,30,91574.714,0.988
7842,A,rx,3786,0,30,91584.935,0.963
7843,B,rx,3787,0,30,91594.218,0.680
7844,A,rx,3788,0,30,91604.270,0.626
7845,B,rx,3789,0,30,91614.409,0.570
7846,A,rx,3790,0,30,91624.480,0.864
7847,B,rx,3791,0,30,91634.772,0.577
7848,A,rx,3792,0,30,91643.969,0.620
7849,B,rx,3793,0,30,91654.162,0.820
7850,A,rx,3794,0,30,91664.221,0.669
7851,B,rx,3795,0,30,91674.240,0.606
7852,A,rx,3796,0,30,91685.513,0.964
7853,B,rx,3797,0,30,91695.570,0.625
7854,A,rx,3798,0,30,91704.845,0.630
7855,B,rx,3799,0,30,91715.047,0.577
7856,A,rx,3800,0,30,91725.295,0.966
7857,B,rx,3801,0,30,91735.189,0.831
7858,A,rx,3802,0,30,91745.410,0.688
7859,B,rx,3803,0,30,91755.556,0.607
7860,A,rx,3804,0,30,91764.916,0.905
7861,B,rx,3805,0,30,91774.956,0.612
7862,A,rx,3806,0,30,91785.178,0.596
7863,B,rx,3807,0,30,91795.224,0.540
7864,A,rx,3808,0,30,91805.361,0.576
7865,B,rx,3809,0,30,91815.622,0.586
7866,A,rx,3810,0,30,91825.900,0.630
7867,B,rx,3811,0,30,91836.016,0.618
7868,A,rx,3812,0,30,91846.173,0.945
7869,B,rx,3813,0,30,91856.210,0.593
7870,A,rx,3814,0,30,91866.276,0.628
7871,B,rx,3815,0,30,91875.614,0.921
7872,A,rx,3816,0,30,91885.706,0.607
7873,B,rx,3817,0,30,91895.880,0.613
7874,A,rx,3818,0,30,91905.993,0.639
7875,B,rx,3819,0,30,91916.127,0.681
7876,A,rx,3820,0,30,91926.214,0.961
7877,B,rx,3821,0,30,91936.384,0.579
7878,A,rx,3822,0,30,91946.707,0.754
7879,B,rx,3823,0,30,91956.957,0.710
7880,A,rx,3824,0,30,91966.982,0.929
7881,B,rx,3825,0,30,91977.123,0.717
7882,A,rx,3826,0,30,91987.215,0.549
7883,B,rx,3827,0,30,91997.298,0.630
7884,A,rx,3828,0,30,92006.722,0.923
7885,B,rx,3829,0,30,92016.926,0.904
7886,A,rx,3830,0,30,92027.021,0.704
7887,B,rx,3831,0,30,92037.100,0.583
7888,A,rx,3832,0,30,92047.138,0.670
7889,B,rx,3833,0,30,92057.256,0.643
7890,A,rx,3834,0,30,92066.701,1.059
7891,B,rx,3835,0,30,92077.860,1.013
7892,A,rx,3836,0,30,92088.474,0.908
7893,B,rx,3837,0,30,92098.016,0.939
7894,A,rx,3838,0,30,92108.157,0.593
7895,B,rx,3839,0,30,92117.324,0.536
7896,A,rx,3840,0,30,92127.483,0.573
7897,B,rx,3841,0,30,92137.713,0.638
7898,A,rx,3842,0,30,92147.793,0.944
7899,B,rx,3843,0,30,92157.962,0.906
7900,A,rx,3844,0,30,92168.026,0.586
7901,B,rx,3845,0,30,92177.403,0.919
7902,A,rx,3846,0,30,92187.525,0.624
7903,B,rx,3847,0,30,92197.706,0.571
7904,A,rx,3848,0,30,92208.782,0.857
7905,B,rx,3849,0,30,92218.851,0.885
7906,A,rx,3850,0,30,92228.283,0.604
7907,B,rx,3851,0,30,92238.305,0.917
7908,A,rx,3852,0,30,92248.484,0.943
7909,B,rx,3853,0,30,92258.498,0.946
7910,A,rx,3854,0,30,92268.728,0.931
7911,B,rx,3855,0,30,92278.856,0.927
7912,A,rx,3856,0,30,92288.067,0.592
7913,B,rx,3857,0,30,92298.297,0.609
7914,A,rx,3858,0,30,92308.352,0.621
7915,B,rx,3859,0,30,92318.515,0.904
7916,A,rx,3860,0,30,92328.625,0.626
7917,B,rx,3861,0,30,92338.820,0.570
7918,A,rx,3862,0,30,92349.057,0.985
7919,B,rx,3863,0,30,92359.269,0.596
7920,A,rx,3864,0,30,92369.493,0.638
7921,B,rx,3865,0,30,92379.422,0.634
7922,A,rx,3866,0,30,92389.750,0.704
7923,B,rx,3867,0,30,92398.784,0.552
7924,A,rx,3868,0,30,92409.066,0.627
7925,B,rx,3869,0,30,92419.135,0.614
7926,A,rx,3870,0,30,92429.289,0.606
7927,B,rx,3871,0,30,92439.322,0.914
7928,A,rx,3872,0,30,92448.555,0.815
7929,B,rx,3873,0,30,92458.713,0.900
7930,A,rx,3874,0,30,92470.020,0.632
7931,B,rx,3876,0,30,92490.082,0.616
7932,A,rx,3877,0,30,92500.249,0.609
7933,B,rx,3878,0,30,92509.562,0.925
7934,A,rx,3879,0,30,92519.695,0.553
7935,B,rx,3880,0,30,92529.888,0.898
7936,A,rx,3881,0,30,92540.034,0.922
7937,B,rx,3882,0,30,92550.017,0.643
7938,A,rx,3883,0,30,92560.215,0.989
7939,B,rx,3884,0,30,92569.586,0.905
7940,A,rx,3885,0,30,92579.722,0.974
7941,B,rx,3886,0,30,92589.853,0.869
7942,A,rx,3887,0,30,92600.939,0.630
7943,B,rx,3888,0,30,92611.142,0.998
7944,A,rx,3889,0,30,92621.280,0.935
7945,B,rx,3890,0,30,92630.401,0.572
7946,A,rx,3891,0,30,92640.633,0.660
7947,B,rx,3892,0,30,92650.823,0.884
7948,A,rx,3893,0,30,92660.926,0.736
7949,B,rx,3894,0,30,92671.065,0.710
7950,A,rx,3895,0,30,92680.206,0.960
7951,B,rx,3896,0,30,92690.403,0.925
7952,A,rx,3897,0,30,92700.525,0.901
7953,B,rx,3898,0,30,92710.652,0.617
7954,A,rx,3899,0,30,92721.789,0.639
7955,B,rx,3900,0,30,92731.982,0.933
7956,A,rx,3901,0,30,92741.278,0.716
7957,B,rx,3902,0,30,92751.380,0.590
7958,A,rx,3903,0,30,92761.563,0.636
7959,B,rx,3904,0,30,93110.057,0.607
7960,A,rx,3905,0,30,93121.041,0.610
7961,B,rx,3906,0,30,93130.394,0.638
7962,A,rx,3907,0,30,93141.368,0.657
7963,B,rx,3908,0,30,93151.524,1.011
7964,A,rx,3909,0,30,93160.818,0.579
7965,B,rx,3910,0,30,93171.105,0.715
7966,A,rx,3911,0,30,93181.027,0.632
7967,B,rx,3912,0,30,93190.217,0.580
7968,A,rx,3913,0,30,93200.380,0.929
7969,B,rx,3914,0,30,93210.412,0.649
7970,A,rx,3915,0,30,93220.604,0.663
7971,B,rx,3916,0,30,93229.915,0.599
7972,A,rx,3917,0,30,93240.068,0.697
7973,B,rx,3918,0,30,93251.085,0.567
7974,A,rx,3919,0,30,93260.373,0.612
7975,B,rx,3920,0,30,93270.510,0.585
7976,A,rx,3921,0,30,93280.656,0.630
7977,B,rx,3922,0,30,93290.715,0.604
7978,A,rx,3923,0,30,93300.129,0.979
7979,B,rx,3924,0,30,93310.194,0.891
7980,A,rx,3925,0,30,93320.181,0.580
7981,B,rx,3926,0,30,93330.373,0.938
7982,A,rx,3927,0,30,93339.721,0.951
7983,B,rx,3928,0,30,93349.732,0.615
7984,A,rx,3929,0,30,93359.931,0.939
7985,B,rx,3930,0,30,93369.147,0.668
7986,A,rx,3931,0,30,93380.382,0.959
7987,B,rx,3932,0,30,93390.333,0.935
7988,A,rx,3933,0,30,93400.544,0.936
7989,B,rx,3934,0,30,93409.828,0.984
7990,A,rx,3935,0,30,93419.942,0.716
7991,B,rx,3936,0,30,93430.071,0.690
7992,A,rx,3937,0,30,93440.103,0.597
7993,B,rx,3938,0,30,93449.656,0.650
7994,A,rx,3939,0,30,93459.525,0.848
7995,B,rx,3940,0,30,93469.541,0.594
7996,A,rx,3941,0,30,93479.721,0.589
7997,B,rx,3942,0,30,93489.791,0.638
7998,A,rx,3943,0,30,93499.467,0.584
7999,B,rx,3944,0,30,93510.329,0.650
8000,A,rx,3945,0,30,93519.537,0.920
8001,B,rx,3946,0,30,93529.594,0.586
8002,A,rx,3947,0,30,93539.770,0.729
8003,B,rx,3948,0,30,93550.155,0.708
8004,A,rx,3949,0,30,93559.181,0.619
8005,B,rx,3950,0,30,93569.221,0.598
8006,A,rx,3951,0,30,93579.349,0.968
8007,B,rx,3952,0,30,93589.429,0.850
8008,A,rx,3953,0,30,93598.666,0.573
8009,B,rx,3954,0,30,93608.924,0.642
8010,A,rx,3955,0,30,93619.168,0.981
8011,B,rx,3956,0,30,93628.146,0.595
8012,A,rx,3957,0,30,93639.414,0.797
8013,B,rx,3958,0,30,93649.363,0.696
8014,A,rx,3959,0,30,93659.646,0.612
8015,B,rx,3960,0,30,93668.839,0.941
8016,A,rx,3961,0,30,93679.103,0.884
8017,B,rx,3962,0,30,93688.980,0.641
8018,A,rx,3963,0,30,93698.283,0.923
8019,B,rx,3964,0,30,93708.486,0.664
8020,A,rx,3965,0,30,93718.408,0.710
8021,B,rx,3966,0,30,93728.695,0.569
8022,A,rx,3967,0,30,93737.957,0.589
8023,B,rx,3968,0,30,93748.196,0.975
8024,A,rx,3969,0,30,93758.155,0.923
8025,B,rx,3970,0,30,93768.372,0.953
8026,A,rx,3971,0,30,93778.517,0.834
8027,B,rx,3973,0,30,93798.667,0.670
8028,A,rx,3974,0,30,93808.025,0.768
8029,B,rx,3975,0,30,93818.297,0.644
8030,A,rx,3976,0,30,93828.190,0.602
8031,B,rx,3977,0,30,93838.283,0.554
8032,A,rx,3978,0,30,93847.582,0.621
8033,B,rx,3979,0,30,93857.812,0.674
8034,A,rx,3980,0,30,93867.864,0.613
8035,B,rx,3981,0,30,93877.967,0.659
8036,A,rx,3982,0,30,93887.221,0.641
8037,B,rx,3983,0,30,93898.358,0.560
8038,A,rx,3984,0,30,93908.434,0.619
8039,B,rx,3985,0,30,93917.736,0.727
8040,A,rx,3986,0,30,93927.916,0.624
8041,B,rx,3987,0,30,93937.950,0.654
8042,A,rx,3988,0,30,93948.154,1.013
8043,B,rx,3989,0,30,93957.399,0.584
8044,A,rx,3990,0,30,93967.442,0.599
8045,B,rx,3991,0,30,93977.660,0.654
8046,A,rx,3992,0,30,93986.795,0.727
8047,B,rx,3993,0,30,93997.016,0.561
8048,A,rx,3994,0,30,94007.076,0.554
8049,B,rx,3995,0,30,94017.156,0.680
8050,A,rx,3996,0,30,94027.480,0.973
8051,B,rx,3997,0,30,94037.689,0.938
8052,A,rx,3998,0,30,94047.696,0.829
8053,B,rx,3999,0,30,94057.996,0.903
8054,A,rx,4000,0,30,94067.143,0.963
8055,B,rx,4001,0,30,94077.327,0.659
8056,A,rx,4002,0,30,94087.278,0.769
8057,B,rx,4003,0,30,94096.752,0.909
8058,A,rx,4004,0,30,94106.738,0.586
8059,B,rx,4005,0,30,94116.810,0.997
8060,A,rx,4006,0,30,94126.921,0.918
8061,B,rx,4007,0,30,94136.203,0.917
8062,A,rx,4008,0,30,94146.380,0.608
8063,B,rx,4009,0,30,94157.303,0.589
8064,A,rx,4010,0,30,94166.666,0.588
8065,B,rx,4011,0,30,94176.764,0.640
8066,A,rx,4012,0,30,94186.852,0.614
8067,B,rx,4013,0,30,94196.955,0.600
8068,A,rx,4014,0,30,94206.237,0.606
8069,B,rx,4015,0,30,94216.375,0.663
8070,A,rx,4016,0,30,94226.471,0.963
8071,B,rx,4017,0,30,94236.561,0.615
8072,A,rx,4018,0,30,94245.944,0.671
8073,B,rx,4019,0,30,94256.077,0.895
8074,A,rx,4020,0,30,94266.181,0.930
8075,B,rx,4021,0,30,94275.384,0.896
8076,A,rx,4022,0,30,94286.568,0.632
8077,B,rx,4023,0,30,94296.696,0.664
8078,A,rx,4024,0,30,94306.666,0.912
8079,B,rx,4025,0,30,94316.936,0.717
8080,A,rx,4026,0,30,94326.272,0.608
8081,B,rx,4027,0,30,94336.357,0.625
8082,A,rx,4028,0,30,94346.397,1.046
8083,B,rx,4029,0,30,94355.609,0.649
8084,A,rx,4030,0,30,94365.738,0.757
8085,B,rx,4031,0,30,94375.839,0.642
8086,A,rx,4032,0,30,94386.077,0.662
8087,B,rx,4033,0,30,94395.281,0.567
8088,A,rx,4034,0,30,94405.470,0.908
8089,B,rx,4035,0,30,94416.520,0.912
8090,A,rx,4036,0,30,94425.757,0.734
8091,B,rx,4037,0,30,94436.024,1.019
8092,A,rx,4038,0,30,94446.168,0.993
8093,B,rx,4039,0,30,94456.281,0.664
8094,A,rx,4040,0,30,94466.252,0.698
8095,B,rx,4041,0,30,94475.616,0.930
8096,A,rx,4042,0,30,94485.665,0.970
8097,B,rx,4043,0,30,94495.703,0.651
8098,A,rx,4044,0,30,94505.838,0.915
8099,B,rx,4045,0,30,94515.144,0.652
8100,A,rx,4046,0,30,94525.616,0.557
8101,B,rx,4047,0,30,94535.312,0.935
8102,A,rx,4048,0,30,94545.723,0.658
8103,B,rx,4049,0,30,94555.756,0.582
8104,A,rx,4050,0,30,94566.022,0.737
8105,B,rx,4051,0,30,94576.076,0.621
8106,A,rx,4052,0,30,94586.117,0.556
8107,B,rx,4053,0,30,94595.431,0.592
8108,A,rx,4054,0,30,94605.595,0.572
8109,B,rx,4055,0,30,94615.585,0.670
8110,A,rx,4056,0,30,94625.728,0.583
8111,B,rx,4057,0,30,94635.102,0.933
8112,A,rx,4058,0,30,94645.266,0.951
8113,B,rx,4059,0,30,94655.403,0.910
8114,A,rx,4060,0,30,94665.367,0.595
8115,B,rx,4061,0,30,94675.673,0.616
8116,A,rx,4062,0,30,94685.837,0.629
8117,B,rx,4063,0,30,94695.929,0.815
8118,A,rx,4064,0,30,94706.059,0.614
8119,B,rx,4065,0,30,94715.236,0.590
8120,A,rx,4066,0,30,94725.462,0.569
8121,B,rx,4067,0,30,94735.415,0.628
8122,A,rx,4068,0,30,94745.670,0.601
8123,B,rx,4069,0,30,94754.968,0.962
8124,A,rx,4070,0,30,94765.019,0.587
8125,B,rx,4071,0,30,94775.112,0.598
8126,A,rx,4072,0,30,94784.464,0.656
8127,B,rx,4073,0,30,94794.569,0.637
8128,A,rx,4074,0,30,94805.661,0.608
8129,B,rx,4075,0,30,94815.940,0.932
8130,A,rx,4076,0,30,94826.054,0.605
8131,B,rx,4077,0,30,94835.163,0.686
8132,A,rx,4078,0,30,94845.205,0.574
8133,B,rx,4079,0,30,94854.434,0.917
8134,A,rx,4080,0,30,94864.708,0.975
8135,B,rx,4081,0,30,94874.661,0.611
8136,A,rx,4082,0,30,94884.882,0.970
8137,B,rx,4083,0,30,94894.147,0.959
8138,A,rx,4084,0,30,94905.424,0.928
8139,B,rx,4085,0,30,94914.362,0.639
8140,A,rx,4086,0,30,94923.608,0.915
8141,B,rx,4087,0,30,94935.036,0.696
8142,A,rx,4088,0,30,94945.921,0.681
8143,B,rx,4089,0,30,94954.919,0.934
8144,A,rx,4090,0,30,94964.345,0.930
8145,B,rx,4091,0,30,94974.344,0.661
8146,A,rx,4092,0,30,94984.462,0.903
8147,B,rx,4093,0,30,94994.480,0.740
8148,A,rx,4094,0,30,95003.888,0.712
8149,B,rx,4095,0,30,95014.081,0.987
8150,A,rx,0,0,30,95023.999,0.614
8151,B,rx,1,0,30,95033.341,0.708
8152,A,rx,2,0,30,95043.470,0.667
8153,B,rx,3,0,30,95053.555,0.894
8154,A,rx,4,0,30,95064.717,0.594
8155,B,rx,5,0,30,95073.967,1.090
8156,A,rx,6,0,30,95085.387,0.887
8157,B,rx,7,0,30,95094.248,0.930
8158,A,rx,8,0,30,95105.004,0.863
8159,B,rx,9,0,30,95113.461,0.623
8160,A,rx,10,0,30,95123.731,0.620
8161,B,rx,11,0,30,95133.768,0.655
8162,A,rx,12,0,30,95143.027,0.672
8163,B,rx,13,0,30,95153.073,0.597
8164,A,rx,14,0,30,95163.155,0.977
8165,B,rx,15,0,30,95173.303,0.545
8166,A,rx,16,0,30,95182.668,0.997
8167,B,rx,17,0,30,95193.930,0.650
8168,A,rx,18,0,30,95203.927,0.706
8169,B,rx,19,0,30,95213.471,0.567
8170,A,rx,20,0,30,95223.349,0.918
8171,B,rx,21,0,30,95233.355,0.937
8172,A,rx,22,0,30,95243.500,0.660
8173,B,rx,23,0,30,95252.806,0.558
8174,A,rx,24,0,30,95262.960,0.945
8175,B,rx,25,0,30,95273.032,0.570
8176,A,rx,26,0,30,95282.255,0.912
8177,B,rx,27,0,30,95292.546,0.880
8178,A,rx,28,0,30,95302.522,0.987
8179,B,rx,29,0,30,95312.633,0.923
8180,A,rx,30,0,30,95322.896,0.714
8181,B,rx,31,0,30,95332.939,0.655
8182,A,rx,32,0,30,95343.039,1.071
8183,B,rx,33,0,30,95354.095,0.582
8184,A,rx,34,0,30,95362.536,0.936
8185,B,rx,35,0,30,95372.724,0.939
8186,A,rx,36,0,30,95382.679,0.853
8187,B,rx,37,0,30,95391.967,0.588
8188,A,rx,38,0,30,95402.181,1.019
8189,B,rx,39,0,30,95412.188,1.048
8190,A,rx,40,0,30,95422.288,0.602
8191,B,rx,41,0,30,95431.578,0.620
8192,A,rx,42,0,30,95441.659,0.574
8193,B,rx,43,0,30,95452.823,1.006
8194,A,rx,44,0,30,95462.177,0.657
8195,B,rx,45,0,30,95472.263,0.916
8196,A,rx,46,0,30,95482.428,0.655
8197,B,rx,47,0,30,95492.456,0.601
8198,A,rx,48,0,30,95501.656,0.918
8199,B,rx,49,0,30,95511.917,0.605
8200,A,rx,50,0,30,95521.981,0.597
8201,B,rx,51,0,30,95531.951,0.608
8202,A,rx,52,0,30,95541.274,0.616
8203,B,rx,53,0,30,95551.454,0.624
8204,A,rx,54,0,30,95561.486,0.693
8205,B,rx,55,0,30,95570.682,0.595
8206,A,rx,56,0,30,95582.905,0.972
8207,B,rx,57,0,30,95592.107,0.574
8208,A,rx,58,0,30,95602.264,0.583
8209,B,rx,59,0,30,95612.298,0.924
8210,A,rx,60,0,30,95621.582,0.564
8211,B,rx,61,0,30,95631.722,0.900
8212,A,rx,62,0,30,95641.792,0.832
8213,B,rx,63,0,30,95651.944,0.571
8214,A,rx,64,0,30,95661.174,0.599
8215,B,rx,65,0,30,95671.389,0.853
8216,A,rx,66,0,30,95681.385,0.585
8217,B,rx,67,0,30,95690.644,0.635
8218,A,rx,68,0,30,95700.815,0.939
8219,B,rx,69,0,30,95710.881,0.621
8220,A,rx,70,0,30,95722.157,0.654
8221,B,rx,71,0,30,95731.331,0.577
8222,A,rx,72,0,30,95741.436,0.862
8223,B,rx,73,0,30,95751.488,0.596
8224,A,rx,74,0,30,95761.638,0.572
8225,B,rx,75,0,30,95771.090,0.642
8226,A,rx,76,0,30,95781.197,0.915
8227,B,rx,77,0,30,95791.208,0.604
8228,A,rx,78,0,30,95800.459,0.688
8229,B,rx,79,0,30,95810.544,0.634
8230,A,rx,80,0,30,95820.533,0.568
8231,B,rx,81,0,30,95830.779,0.995
8232,A,rx,82,0,30,95840.035,0.628
8233,B,rx,83,0,30,95851.290,0.625
8234,A,rx,84,0,30,95861.268,0.916
8235,B,rx,85,0,30,95870.510,0.719
8236,A,rx,86,0,30,95880.615,0.541
8237,B,rx,87,0,30,95890.651,0.651
8238,A,rx,88,0,30,95900.828,0.625
8239,B,rx,89,0,30,95910.108,0.873
8240,A,rx,90,0,30,95920.293,0.617
8241,B,rx,91,0,30,95930.291,0.631
8242,A,rx,92,0,30,95939.626,0.677
8243,B,rx,93,0,30,95949.823,0.715
8244,A,rx,95,0,30,95969.889,0.681
8245,B,rx,96,0,30,95980.292,0.656
8246,A,rx,97,0,30,95990.450,0.996
8247,B,rx,98,0,30,96000.454,0.871
8248,A,rx,99,0,30,96010.580,0.959
8249,B,rx,100,0,30,96019.817,0.581
8250,A,rx,101,0,30,96029.987,1.131
8251,B,rx,102,0,30,96040.001,0.631
8252,A,rx,103,0,30,96049.367,0.670
8253,B,rx,104,0,30,96059.420,0.562
8254,A,rx,105,0,30,96069.568,1.018
8255,B,rx,106,0,30,96079.647,0.618
8256,A,rx,107,0,30,96088.965,0.601
8257,B,rx,108,0,30,96099.145,0.969
8258,A,rx,109,0,30,96110.161,0.617
8259,B,rx,110,0,30,96119.442,0.954
8260,A,rx,111,0,30,96129.594,0.567
8261,B,rx,112,0,30,96139.600,0.611
8262,A,rx,113,0,30,96149.809,0.843
8263,B,rx,114,0,30,96159.024,0.698
8264,A,rx,115,0,30,96169.272,0.990
8265,B,rx,116,0,30,96179.260,0.647
8266,A,rx,117,0,30,96189.437,0.969
8267,B,rx,118,0,30,96198.690,0.593
8268,A,rx,119,0,30,96208.965,0.634
8269,B,rx,120,0,30,96218.907,0.616
8270,A,rx,121,0,30,96228.723,0.683
8271,B,rx,122,0,30,96239.313,0.608
8272,A,rx,123,0,30,96249.284,0.648
8273,B,rx,124,0,30,96259.534,0.953
8274,A,rx,125,0,30,96268.760,0.897
8275,B,rx,126,0,30,96279.019,0.911
8276,A,rx,127,0,30,96289.181,0.661
8277,B,rx,128,0,30,96298.291,0.626
8278,A,rx,129,0,30,96308.358,0.555
8279,B,rx,130,0,30,96318.502,0.697
8280,A,rx,131,0,30,96328.653,0.737
8281,B,rx,132,0,30,96337.788,0.628
8282,A,rx,133,0,30,96348.040,1.018
8283,B,rx,134,0,30,96358.103,0.934
8284,A,rx,135,0,30,96368.325,0.792
8285,B,rx,136,0,30,96378.544,0.944
8286,A,rx,137,0,30,96388.643,0.936
8287,B,rx,138,0,30,96398.665,0.726
8288,A,rx,139,0,30,96407.956,0.862
8289,B,rx,140,0,30,96418.233,0.963
8290,A,rx,141,0,30,96428.212,0.975
8291,B,rx,142,0,30,96438.265,0.603
8292,A,rx,143,0,30,96447.624,1.019
8293,B,rx,144,0,30,96457.796,1.039
8294,A,rx,145,0,30,96467.727,0.974
8295,B,rx,146,0,30,96477.145,0.839
8296,A,rx,147,0,30,96487.292,0.665
8297,B,rx,148,0,30,96498.257,0.603
8298,A,rx,149,0,30,96508.383,0.652
8299,B,rx,150,0,30,96517.624,0.611
8300,A,rx,151,0,30,96527.872,0.801
8301,B,rx,152,0,30,96537.959,1.070
8302,A,rx,153,0,30,96548.022,0.667
8303,B,rx,154,0,30,96557.234,0.561
8304,A,rx,155,0,30,96567.406,1.043
8305,B,rx,156,0,30,96577.523,0.960
8306,A,rx,157,0,30,96586.829,0.872
8307,B,rx,158,0,30,96597.138,0.979
8308,A,rx,159,0,30,96607.019,0.832
8309,B,rx,160,0,30,96617.117,1.012
8310,A,rx,161,0,30,96627.548,1.073
8311,B,rx,162,0,30,96637.500,0.646
8312,A,rx,163,0,30,96647.677,0.680
8313,B,rx,164,0,30,96656.848,0.907
8314,A,rx,165,0,30,96667.124,0.677
8315,B,rx,166,0,30,96677.128,0.942
8316,A,rx,167,0,30,96687.241,0.588
8317,B,rx,168,0,30,96696.560,0.877
8318,A,rx,169,0,30,96706.608,0.604
8319,B,rx,170,0,30,96716.765,0.930
8320,A,rx,171,0,30,96725.963,0.675
8321,B,rx,172,0,30,96737.052,0.783
8322,A,rx,173,0,30,96746.163,0.956
8323,B,rx,174,0,30,96757.346,0.601
8324,A,rx,175,0,30,96766.597,0.981
8325,B,rx,176,0,30,96776.819,0.916
8326,A,rx,177,0,30,96787.026,0.619
8327,B,rx,178,0,30,96797.015,0.954
8328,A,rx,179,0,30,96806.172,0.953
8329,B,rx,180,0,30,96816.489,0.863
8330,A,rx,181,0,30,96826.495,0.626
8331,B,rx,182,0,30,96836.513,0.626
8332,A,rx,183,0,30,96845.792,0.584
8333,B,rx,184,0,30,96855.941,0.902
8334,A,rx,185,0,30,96866.134,1.097
8335,B,rx,186,0,30,96876.210,1.087
8336,A,rx,187,0,30,96886.544,1.104
8337,B,rx,188,0,30,96896.654,0.682
8338,A,rx,189,0,30,96906.751,0.580
8339,B,rx,190,0,30,96916.961,0.968
8340,A,rx,191,0,30,96926.119,0.640
8341,B,rx,192,0,30,96936.290,0.944
8342,A,rx,193,0,30,96946.399,0.585
8343,B,rx,194,0,30,96956.496,0.876
8344,A,rx,195,0,30,96965.850,0.759
8345,B,rx,196,0,30,96975.846,0.622
8346,A,rx,197,0,30,96986.044,0.956
8347,B,rx,198,0,30,96995.266,0.618
8348,A,rx,199,0,30,97005.438,0.956
8349,B,rx,200,0,30,97016.458,0.978
8350,A,rx,201,0,30,97026.593,0.578
8351,B,rx,202,0,30,97035.861,0.667
8352,A,rx,203,0,30,97046.143,1.039
8353,B,rx,204,0,30,97056.160,0.822
8354,A,rx,205,0,30,97066.377,0.991
8355,B,rx,206,0,30,97075.436,0.604
8356,A,rx,207,0,30,97085.578,0.588
8357,B,rx,208,0,30,97095.759,1.031
8358,A,rx,209,0,30,97104.928,0.905
8359,B,rx,210,0,30,97115.183,0.919
8360,A,rx,211,0,30,97125.202,0.913
8361,B,rx,212,0,30,97135.260,0.946
8362,A,rx,213,0,30,97145.583,0.626
8363,B,rx,214,0,30,97155.749,0.615
8364,A,rx,215,0,30,97165.831,0.984
8365,B,rx,216,0,30,97175.954,0.614
8366,A,rx,217,0,30,97185.269,0.940
8367,B,rx,218,0,30,97195.467,0.703
8368,A,rx,219,0,30,97205.354,0.974
8369,B,rx,220,0,30,97215.485,0.595
8370,A,rx,221,0,30,97224.759,0.529
8371,B,rx,222,0,30,97235.053,0.730
8372,A,rx,223,0,30,97245.072,0.612
8373,B,rx,224,0,30,97254.222,0.643
8374,A,rx,225,0,30,97264.574,0.620
8375,B,rx,226,0,30,97275.499,0.555
8376,A,rx,227,0,30,97285.659,0.602
8377,B,rx,228,0,30,97294.903,0.640
8378,A,rx,229,0,30,97305.195,0.585
8379,B,rx,230,0,30,97315.308,0.609
8380,A,rx,231,0,30,97325.319,0.953
8381,B,rx,232,0,30,97335.473,0.680
8382,A,rx,233,0,30,97344.711,0.633
8383,B,rx,234,0,30,97354.958,0.959
8384,A,rx,235,0,30,97364.945,0.978
8385,B,rx,236,0,30,97374.219,0.924
8386,A,rx,237,0,30,97384.452,0.622
8387,B,rx,238,0,30,97394.457,0.986
8388,A,rx,239,0,30,97405.664,0.831
8389,B,rx,240,0,30,97414.863,0.736
8390,A,rx,241,0,30,97425.068,0.967
8391,B,rx,242,0,30,97435.164,0.848
8392,A,rx,243,0,30,97445.172,0.627
8393,B,rx,244,0,30,97454.438,0.563
8394,A,rx,245,0,30,97464.589,0.988
8395,B,rx,246,0,30,97474.621,0.574
8396,A,rx,247,0,30,97484.757,0.966
8397,B,rx,248,0,30,97494.085,0.938
8398,A,rx,249,0,30,97504.194,0.614
8399,B,rx,250,0,30,97514.463,0.873
8400,A,rx,251,0,30,97524.327,0.585
8401,B,rx,252,0,30,97535.546,0.604
8402,A,rx,253,0,30,97544.881,0.596
8403,B,rx,254,0,30,97554.970,0.600
8404,A,rx,255,0,30,97565.045,0.908
8405,B,rx,256,0,30,97574.214,0.629
8406,A,rx,257,0,30,97584.668,0.782
8407,B,rx,258,0,30,97594.560,0.625
8408,A,rx,259,0,30,97604.601,0.613
8409,B,rx,260,0,30,97614.045,0.945
8410,A,rx,261,0,30,97624.126,0.873
8411,B,rx,262,0,30,97634.252,0.965
8412,A,rx,263,0,30,97643.430,0.562
8413,B,rx,264,0,30,97653.645,0.613
8414,A,rx,265,0,30,97664.774,0.988
8415,B,rx,266,0,30,97674.679,0.951
8416,A,rx,267,0,30,97684.058,0.870
8417,B,rx,268,0,30,97694.218,0.762
8418,A,rx,269,0,30,97704.216,0.553
8419,B,rx,270,0,30,97714.481,0.630
8420,A,rx,271,0,30,97723.697,0.515
8421,B,rx,272,0,30,97733.955,0.998
8422,A,rx,273,0,30,97743.947,0.641
8423,B,rx,274,0,30,97754.186,0.584
8424,A,rx,275,0,30,97763.369,0.672
8425,B,rx,276,0,30,97773.285,0.542
8426,A,rx,277,0,30,97783.406,0.584
8427,B,rx,278,0,30,97793.841,0.697
8428,A,rx,279,0,30,97804.014,0.646
8429,B,rx,280,0,30,97813.982,0.643
8430,A,rx,281,0,30,97823.259,0.576
8431,B,rx,282,0,30,97833.456,0.888
8432,A,rx,283,0,30,97843.428,0.686
8433,B,rx,284,0,30,97853.578,0.721
8434,A,rx,285,0,30,97863.035,0.989
8435,B,rx,286,0,30,97873.085,0.556
8436,A,rx,287,0,30,97883.145,0.600
8437,B,rx,288,0,30,97893.254,1.030
8438,A,rx,289,0,30,97902.477,0.589
8439,B,rx,290,0,30,97912.596,0.924
8440,A,rx,291,0,30,97923.719,0.555
8441,B,rx,292,0,30,97932.935,0.613
8442,A,rx,293,0,30,97943.098,0.572
8443,B,rx,294,0,30,97953.090,0.669
8444,A,rx,295,0,30,97963.271,0.605
8445,B,rx,296,0,30,97973.464,0.583
8446,A,rx,297,0,30,97982.763,0.614
8447,B,rx,298,0,30,97992.918,0.605
8448,A,rx,299,0,30,98003.018,0.954
8449,B,rx,300,0,30,98013.020,0.590
8450,A,rx,301,0,30,98022.454,1.072
8451,B,rx,302,0,30,98032.673,0.828
8452,A,rx,303,0,30,98042.608,0.690
8453,B,rx,304,0,30,98051.964,0.837
8454,A,rx,305,0,30,98063.116,0.693
8455,B,rx,306,0,30,98073.043,0.650
8456,A,rx,307,0,30,98083.211,0.622
8457,B,rx,308,0,30,98092.443,0.941
8458,A,rx,309,0,30,98102.640,0.596
8459,B,rx,310,0,30,98112.747,0.811
8460,A,rx,311,0,30,98121.962,0.931
8461,B,rx,312,0,30,98132.228,0.929
8462,A,rx,313,0,30,98142.321,0.910
8463,B,rx,314,0,30,98152.443,0.630
8464,A,rx,315,0,30,98161.485,1.008
8465,B,rx,316,0,30,98171.822,0.869
8466,A,rx,317,0,30,98181.706,0.629
8467,B,rx,318,0,30,98192.975,0.585
8468,A,rx,319,0,30,98202.292,0.634
8469,B,rx,320,0,30,98212.398,0.710
8470,A,rx,321,0,30,98222.365,0.884
8471,B,rx,322,0,30,98231.771,0.857
8472,A,rx,323,0,30,98241.893,0.899
8473,B,rx,324,0,30,98251.899,0.702
8474,A,rx,325,0,30,98262.055,0.658
8475,B,rx,326,0,30,98271.292,0.904
8476,A,rx,327,0,30,98281.518,0.919
8477,B,rx,328,0,30,98291.504,0.589
8478,A,rx,329,0,30,98300.768,0.966
8479,B,rx,330,0,30,98310.909,0.634
8480,A,rx,331,0,30,98322.124,0.915
8481,B,rx,332,0,30,98332.176,0.920
8482,A,rx,333,0,30,98341.478,0.879
8483,B,rx,334,0,30,98351.634,0.939
8484,A,rx,335,0,30,98361.601,0.898
8485,B,rx,336,0,30,98371.691,0.637
8486,A,rx,337,0,30,98381.132,0.579
8487,B,rx,338,0,30,98391.247,0.934
8488,A,rx,339,0,30,98401.257,0.938
8489,B,rx,340,0,30,98410.527,0.948
8490,A,rx,341,0,30,98420.708,0.981
8491,B,rx,342,0,30,98430.842,0.694
8492,A,rx,343,0,30,98440.819,0.597
8493,B,rx,344,0,30,98451.128,0.609
8494,A,rx,345,0,30,98461.341,0.641
8495,B,rx,346,0,30,98471.407,0.919
8496,A,rx,347,0,30,98481.517,0.624
8497,B,rx,348,0,30,98490.767,0.637
8498,A,rx,349,0,30,98500.943,1.046
8499,B,rx,350,0,30,98510.911,0.646
8500,A,rx,351,0,30,98521.078,0.612
8501,B,rx,352,0,30,98530.311,0.575
8502,A,rx,353,0,30,98540.443,0.568
8503,B,rx,354,0,30,98550.514,0.972
8504,A,rx,355,0,30,98559.887,0.917
8505,B,rx,356,0,30,98570.014,0.713
8506,A,rx,357,0,30,98581.037,0.955
8507,B,rx,358,0,30,98591.229,0.602
8508,A,rx,359,0,30,98600.481,0.609
8509,B,rx,360,0,30,98610.573,0.605
8510,A,rx,361,0,30,98620.702,0.639
8511,B,rx,362,0,30,98630.058,0.624
8512,A,rx,363,0,30,98640.194,0.854
8513,B,rx,364,0,30,98650.303,0.892
8514,A,rx,365,0,30,98660.360,0.851
8515,B,rx,366,0,30,98669.494,0.644
8516,A,rx,367,0,30,98679.749,0.632
8517,B,rx,368,0,30,98689.763,0.920
8518,A,rx,369,0,30,98699.943,0.942
8519,B,rx,370,0,30,98711.069,0.570
8520,A,rx,371,0,30,98720.357,0.664
8521,B,rx,372,0,30,98730.574,0.796
8522,A,rx,373,0,30,98740.672,0.602
8523,B,rx,374,0,30,98750.752,0.667
8524,A,rx,375,0,30,98760.062,0.968
8525,B,rx,376,0,30,98770.223,0.609
8526,A,rx,377,0,30,98780.272,0.897
8527,B,rx,378,0,30,98790.350,0.920
8528,A,rx,379,0,30,98799.598,0.585
8529,B,rx,380,0,30,98809.833,0.589
8530,A,rx,381,0,30,98819.815,0.896
8531,B,rx,382,0,30,98829.098,0.584
8532,A,rx,383,0,30,98840.737,0.920
8533,B,rx,384,0,30,98850.441,0.966
8534,A,rx,385,0,30,98860.524,0.840
8535,B,rx,386,0,30,98869.851,0.633
8536,A,rx,387,0,30,98880.127,0.600
8537,B,rx,388,0,30,98889.995,0.918
8538,A,rx,389,0,30,98900.221,0.911
8539,B,rx,390,0,30,98909.428,0.876
8540,A,rx,391,0,30,98919.557,0.948
8541,B,rx,392,0,30,98929.657,0.934
8542,A,rx,393,0,30,98939.749,0.970
8543,B,rx,394,0,30,98949.027,0.927
8544,A,rx,395,0,30,98959.243,1.014
8545,B,rx,396,0,30,98970.286,0.873
8546,A,rx,397,0,30,98980.407,0.784
8547,B,rx,398,0,30,98989.640,0.974
8548,A,rx,399,0,30,98999.830,1.078
8549,B,rx,400,0,30,99009.822,0.726
8550,A,rx,401,0,30,99020.055,1.002
8551,B,rx,402,0,30,99029.283,1.002
8552,A,rx,403,0,30,99039.437,0.609
8553,B,rx,404,0,30,99049.358,0.931
8554,A,rx,405,0,30,99058.592,0.652
8555,B,rx,406,0,30,99068.838,0.599
8556,A,rx,407,0,30,99079.953,0.678
8557,B,rx,408,0,30,99089.099,0.974
8558,A,rx,409,0,30,99099.433,0.853
8559,B,rx,410,0,30,99109.520,0.894
8560,A,rx,411,0,30,99119.600,0.610
8561,B,rx,412,0,30,99128.839,0.651
8562,A,rx,413,0,30,99138.878,0.647
8563,B,rx,414,0,30,99149.084,0.913
8564,A,rx,415,0,30,99159.120,0.923
8565,B,rx,416,0,30,99168.392,0.625
8566,A,rx,417,0,30,99178.475,0.596
8567,B,rx,418,0,30,99188.624,0.791
8568,A,rx,419,0,30,99198.775,0.934
8569,B,rx,420,0,30,99208.091,0.884
8570,A,rx,421,0,30,99218.155,0.692
8571,B,rx,422,0,30,99229.286,0.645
8572,A,rx,423,0,30,99238.565,0.629
8573,B,rx,424,0,30,99248.653,0.645
8574,A,rx,425,0,30,99258.644,0.566
8575,B,rx,426,0,30,99268.880,0.577
8576,A,rx,427,0,30,99278.210,0.544
8577,B,rx,428,0,30,99288.353,0.594
8578,A,rx,429,0,30,99298.351,0.968
8579,B,rx,430,0,30,99307.541,0.907
8580,A,rx,431,0,30,99317.768,0.644
8581,B,rx,432,0,30,99327.961,0.581
8582,A,rx,433,0,30,99338.415,0.607
8583,B,rx,434,0,30,99348.225,1.021
8584,A,rx,435,0,30,99358.437,0.665
8585,B,rx,436,0,30,99368.573,0.684
8586,A,rx,437,0,30,99378.613,0.671
8587,B,rx,438,0,30,99387.898,0.942
8588,A,rx,439,0,30,99398.035,0.923
8589,B,rx,440,0,30,99408.020,0.596
8590,A,rx,441,0,30,99418.406,0.739
8591,B,rx,442,0,30,99427.612,0.640
8592,A,rx,443,0,30,99437.631,0.584
8593,B,rx,444,0,30,99447.722,0.644
8594,A,rx,445,0,30,99456.925,0.589
8595,B,rx,446,0,30,99468.211,0.660
8596,A,rx,447,0,30,99477.228,0.549
8597,B,rx,448,0,30,99488.380,1.052
8598,A,rx,449,0,30,99497.661,0.957
8599,B,rx,450,0,30,99507.792,0.936
8600,A,rx,451,0,30,99517.868,1.065
8601,B,rx,452,0,30,99527.964,0.944
8602,A,rx,453,0,30,99537.252,0.918
8603,B,rx,454,0,30,99547.613,0.959
8604,A,rx,455,0,30,99557.559,0.804
8605,B,rx,456,0,30,99566.601,0.572
8606,A,rx,457,0,30,99576.892,0.863
8607,B,rx,458,0,30,99586.937,0.667
8608,A,rx,459,0,30,99597.101,0.971
8609,B,rx,460,0,30,99606.256,0.540
8610,A,rx,461,0,30,99617.636,0.833
8611,B,rx,462,0,30,99627.603,0.927
8612,A,rx,463,0,30,99636.829,0.626
8613,B,rx,464,0,30,99647.052,0.941
8614,A,rx,465,0,30,99657.045,0.937
8615,B,rx,466,0,30,99667.170,0.607
8616,A,rx,467,0,30,99676.472,0.881
8617,B,rx,468,0,30,99686.671,0.773
8618,A,rx,469,0,30,99696.617,0.570
8619,B,rx,470,0,30,99705.850,0.586
8620,A,rx,471,0,30,99716.079,0.960
8621,B,rx,472,0,30,99726.060,0.619
8622,A,rx,473,0,30,99737.333,0.577
8623,B,rx,474,0,30,99746.542,0.592
8624,A,rx,475,0,30,99756.705,0.764
8625,B,rx,476,0,30,99766.798,0.953
8626,A,rx,477,0,30,99776.865,0.591
8627,B,rx,478,0,30,99786.196,0.606
8628,A,rx,479,0,30,99796.241,0.593
8629,B,rx,480,0,30,99806.372,0.584
8630,A,rx,481,0,30,99816.439,0.626
8631,B,rx,482,0,30,99825.823,0.563
8632,A,rx,483,0,30,99836.083,0.606
8633,B,rx,484,0,30,99845.977,0.897
8634,A,rx,485,0,30,99855.361,0.959
8635,B,rx,486,0,30,99865.370,0.967
8636,A,rx,487,0,30,99876.422,0.952
8637,B,rx,488,0,30,99885.778,0.655
8638,A,rx,489,0,30,99895.772,0.584
8639,B,rx,490,0,30,99905.982,0.644
8640,A,rx,491,0,30,99916.143,0.943
8641,B,rx,492,0,30,99925.433,0.908
8642,A,rx,493,0,30,99936.580,0.958
8643,B,rx,494,0,30,99945.515,0.522
8644,A,rx,495,0,30,99955.726,0.976
8645,B,rx,496,0,30,99965.018,0.926
8646,A,rx,497,0,30,99975.118,0.568
8647,B,rx,498,0,30,99985.172,0.674
8648,A,rx,499,0,30,99994.448,0.591
8649,B,rx,500,0,30,100005.637,0.943
8650,A,rx,501,0,30,100015.609,0.948
8651,B,rx,502,0,30,100025.857,0.678
8652,A,rx,503,0,30,100035.121,0.994
8653,B,rx,504,0,30,100045.239,0.916
8654,A,rx,505,0,30,100055.298,1.001
8655,B,rx,506,0,30,100064.788,0.662
8656,A,rx,507,0,30,100074.822,0.965
8657,B,rx,508,0,30,100084.860,0.974
8658,A,rx,509,0,30,100094.907,0.899
8659,B,rx,510,0,30,100104.212,0.928
8660,A,rx,511,0,30,100114.372,0.900
8661,B,rx,512,0,30,100124.391,0.944
8662,A,rx,513,0,30,100134.680,0.602
8663,B,rx,514,0,30,100144.871,0.908
8664,A,rx,516,0,30,100164.983,0.677
8665,B,rx,517,0,30,100174.396,0.858
8666,A,rx,518,0,30,100184.363,0.633
8667,B,rx,519,0,30,100194.423,0.640
8668,A,rx,520,0,30,100205.459,0.782
8669,B,rx,521,0,30,100213.998,0.594
8670,A,rx,522,0,30,100224.070,0.946
8671,B,rx,523,0,30,100234.118,0.671
8672,A,rx,524,0,30,100243.311,0.540
8673,B,rx,525,0,30,100253.582,0.963
8674,A,rx,526,0,30,100264.637,0.955
8675,B,rx,527,0,30,100274.682,0.559
8676,A,rx,528,0,30,100284.066,0.618
8677,B,rx,529,0,30,100294.108,0.604
8678,A,rx,530,0,30,100304.178,0.562
8679,B,rx,531,0,30,100314.280,0.582
8680,A,rx,532,0,30,100323.600,0.596
8681,B,rx,533,0,30,100333.729,0.977
8682,A,rx,534,0,30,100343.866,0.553
8683,B,rx,535,0,30,100353.042,0.730
8684,A,rx,536,0,30,100363.244,0.555
8685,B,rx,537,0,30,100373.378,1.016
8686,A,rx,538,0,30,100383.422,1.023
8687,B,rx,539,0,30,100392.739,0.884
8688,A,rx,540,0,30,100403.885,0.940
8689,B,rx,541,0,30,100413.965,0.936
8690,A,rx,542,0,30,100423.247,1.021
8691,B,rx,543,0,30,100433.536,0.954
8692,A,rx,544,0,30,100443.522,0.893
8693,B,rx,545,0,30,100453.480,0.915
8694,A,rx,546,0,30,100463.724,0.935
8695,B,rx,547,0,30,100473.076,0.891
8696,A,rx,548,0,30,100483.171,0.632
8697,B,rx,549,0,30,100493.229,0.938
8698,A,rx,550,0,30,100502.491,0.966
8699,B,rx,551,0,30,100512.609,0.616
8700,A,rx,552,0,30,100522.686,0.688
8701,B,rx,553,0,30,100533.817,0.773
8702,A,rx,554,0,30,100543.102,0.589
8703,B,rx,555,0,30,100553.297,1.000
8704,A,rx,556,0,30,100563.249,0.931
8705,B,rx,557,0,30,100572.573,0.994
8706,A,rx,558,0,30,100582.707,0.620
8707,B,rx,559,0,30,100592.844,0.871
8708,A,rx,560,0,30,100602.949,0.976
8709,B,rx,561,0,30,100612.406,0.569
8710,A,rx,562,0,30,100622.318,0.580
8711,B,rx,563,0,30,100632.568,0.951
8712,A,rx,564,0,30,100642.698,0.731
8713,B,rx,565,0,30,100654.687,0.623
8714,A,rx,566,0,30,100662.986,0.903
8715,B,rx,567,0,30,100673.258,0.913
8716,A,rx,568,0,30,100683.187,0.599
8717,B,rx,569,0,30,100693.389,0.958
8718,A,rx,570,0,30,100702.660,0.876
8719,B,rx,571,0,30,100712.826,0.893
8720,A,rx,572,0,30,100722.797,0.936
8721,B,rx,573,0,30,100731.966,0.605
8722,A,rx,574,0,30,100742.276,0.888
8723,B,rx,575,0,30,100752.366,0.992
8724,A,rx,576,0,30,100762.364,0.930
8725,B,rx,577,0,30,100771.705,0.947
8726,A,rx,578,0,30,100781.863,0.902
8727,B,rx,579,0,30,100792.943,0.677
8728,A,rx,580,0,30,100803.174,0.890
8729,B,rx,581,0,30,100812.402,0.751
8730,A,rx,582,0,30,100822.456,0.674
8731,B,rx,583,0,30,100832.545,0.960
8732,A,rx,584,0,30,100841.813,0.633
8733,B,rx,585,0,30,100852.063,0.636
8734,A,rx,586,0,30,100863.112,1.024
8735,B,rx,587,0,30,100872.122,0.916
8736,A,rx,588,0,30,100882.356,0.890
8737,B,rx,589,0,30,100891.560,0.935
8738,A,rx,590,0,30,100901.776,0.961
8739,B,rx,591,0,30,100911.835,0.551
8740,A,rx,592,0,30,100922.935,0.981
8741,B,rx,593,0,30,100933.132,0.595
8742,A,rx,594,0,30,100942.397,0.551
8743,B,rx,595,0,30,100952.498,0.554
8744,A,rx,596,0,30,100962.566,0.589
8745,B,rx,597,0,30,100971.761,0.912
8746,A,rx,598,0,30,100982.023,0.625
8747,B,rx,599,0,30,100991.989,0.632
8748,A,rx,600,0,30,101002.203,1.017
8749,B,rx,601,0,30,101011.356,0.575
8750,A,rx,602,0,30,101021.582,0.619
8751,B,rx,603,0,30,101031.830,1.009
8752,A,rx,604,0,30,101041.083,0.954
8753,B,rx,605,0,30,101053.007,0.734
8754,A,rx,606,0,30,101062.135,0.528
8755,B,rx,607,0,30,101072.376,1.000
8756,A,rx,608,0,30,101081.585,0.642
8757,B,rx,609,0,30,101091.793,0.787
8758,A,rx,610,0,30,101101.787,0.623
8759,B,rx,611,0,30,101111.065,0.552
8760,A,rx,612,0,30,101121.175,0.919
8761,B,rx,613,0,30,101131.238,0.929
8762,A,rx,614,0,30,101141.368,0.917
8763,B,rx,615,0,30,101150.687,0.906
8764,A,rx,616,0,30,101160.862,0.963
8765,B,rx,617,0,30,101170.885,0.879
8766,A,rx,618,0,30,101182.061,0.935
8767,B,rx,619,0,30,101191.372,0.975
8768,A,rx,620,0,30,101201.520,0.916
8769,B,rx,621,0,30,101211.495,0.649
8770,A,rx,622,0,30,101220.794,0.895
8771,B,rx,623,0,30,101231.385,0.724
8772,A,rx,624,0,30,101241.040,0.911
8773,B,rx,625,0,30,101251.160,0.961
8774,A,rx,626,0,30,101260.453,0.580
8775,B,rx,627,0,30,101270.460,0.615
8776,A,rx,628,0,30,101280.545,0.576
8777,B,rx,629,0,30,101289.866,0.631
8778,A,rx,630,0,30,101300.195,0.602
8779,B,rx,631,0,30,101311.751,0.885
8780,A,rx,632,0,30,101321.245,0.902
8781,B,rx,633,0,30,101330.487,0.634
8782,A,rx,634,0,30,101341.540,0.963
8783,B,rx,635,0,30,101350.799,0.775
8784,A,rx,636,0,30,101360.902,0.907
8785,B,rx,637,0,30,101371.057,0.614
8786,A,rx,638,0,30,101381.112,0.641
8787,B,rx,639,0,30,101390.455,0.734
8788,A,rx,640,0,30,101400.550,0.977
8789,B,rx,641,0,30,101410.621,0.585
8790,A,rx,642,0,30,101419.921,0.692
8791,B,rx,643,0,30,101430.062,0.688
8792,A,rx,644,0,30,101441.075,0.653
8793,B,rx,645,0,30,101451.232,0.579
8794,A,rx,646,0,30,101460.511,0.559
8795,B,rx,647,0,30,101470.678,0.635
8796,A,rx,648,0,30,101480.749,0.910
8797,B,rx,649,0,30,101489.901,0.602
8798,A,rx,650,0,30,101500.306,1.012
8799,B,rx,651,0,30,101510.317,0.857
8800,A,rx,652,0,30,101520.469,0.938
8801,B,rx,653,0,30,101530.533,0.827
8802,A,rx,654,0,30,101540.574,0.779
8803,B,rx,655,0,30,101549.948,0.672
8804,A,rx,656,0,30,101560.145,0.911
8805,B,rx,657,0,30,101571.177,0.908
8806,A,rx,658,0,30,101581.195,0.613
8807,B,rx,659,0,30,101590.612,0.801
8808,A,rx,660,0,30,101600.737,0.614
8809,B,rx,661,0,30,101610.768,0.913
8810,A,rx,662,0,30,101620.048,0.604
8811,B,rx,663,0,30,101630.170,0.628
8812,A,rx,664,0,30,101640.277,0.587
8813,B,rx,665,0,30,101650.455,0.619
8814,A,rx,666,0,30,101659.750,0.937
8815,B,rx,667,0,30,101669.893,0.996
8816,A,rx,668,0,30,101680.029,0.580
8817,B,rx,669,0,30,101689.144,0.780
8818,A,rx,670,0,30,101700.368,0.693
8819,B,rx,671,0,30,101710.334,0.893
8820,A,rx,672,0,30,101720.471,0.820
8821,B,rx,673,0,30,101729.694,0.565
8822,A,rx,674,0,30,101740.811,0.604
8823,B,rx,675,0,30,101749.979,0.603
8824,A,rx,676,0,30,101759.336,0.661
8825,B,rx,677,0,30,101769.395,0.578
8826,A,rx,678,0,30,101779.437,0.872
8827,B,rx,679,0,30,101789.574,0.966
8828,A,rx,680,0,30,101798.837,0.943
8829,B,rx,681,0,30,101809.023,0.606
8830,A,rx,682,0,30,101819.084,0.624
8831,B,rx,683,0,30,101830.133,0.970
8832,A,rx,684,0,30,101839.518,0.610
8833,B,rx,685,0,30,101849.608,0.656
8834,A,rx,686,0,30,101859.639,0.926
8835,B,rx,687,0,30,101868.990,0.965
8836,A,rx,688,0,30,101879.362,0.573
8837,B,rx,689,0,30,101889.096,0.616
8838,A,rx,690,0,30,101899.281,0.945
8839,B,rx,691,0,30,101908.488,0.686
8840,A,rx,692,0,30,101918.751,0.940
8841,B,rx,693,0,30,101928.761,0.918
8842,A,rx,694,0,30,101938.108,0.945
8843,B,rx,695,0,30,101948.302,0.619
8844,A,rx,696,0,30,101959.258,0.618
8845,B,rx,697,0,30,101969.426,0.773
8846,A,rx,698,0,30,101978.739,0.579
8847,B,rx,699,0,30,101988.847,0.938
8848,A,rx,700,0,30,101998.870,0.656
8849,B,rx,701,0,30,102009.111,0.636
8850,A,rx,702,0,30,102018.321,0.601
8851,B,rx,703,0,30,102028.393,0.647
8852,A,rx,704,0,30,102038.422,0.928
8853,B,rx,705,0,30,102047.784,1.022
8854,A,rx,706,0,30,102057.895,0.721
8855,B,rx,707,0,30,102067.972,0.774
8856,A,rx,708,0,30,102078.096,0.928
8857,B,rx,709,0,30,102089.283,0.852
8858,A,rx,710,0,30,102099.441,0.637
8859,B,rx,711,0,30,102108.682,0.612
8860,A,rx,712,0,30,102118.987,0.611
8861,B,rx,713,0,30,102128.929,0.591
8862,A,rx,714,0,30,102139.181,0.637
8863,B,rx,715,0,30,102148.347,0.574
8864,A,rx,716,0,30,102158.417,0.668
8865,B,rx,717,0,30,102168.543,0.632
8866,A,rx,718,0,30,102178.767,0.892
8867,B,rx,719,0,30,102188.050,0.879
8868,A,rx,720,0,30,102198.210,0.940
8869,B,rx,721,0,30,102208.196,0.629
8870,A,rx,722,0,30,102218.413,0.570
8871,B,rx,723,0,30,102228.760,0.745
8872,A,rx,724,0,30,102238.704,0.948
8873,B,rx,725,0,30,102248.727,0.625
8874,A,rx,726,0,30,102257.992,0.611
8875,B,rx,727,0,30,102268.261,0.647
8876,A,rx,728,0,30,102278.275,0.702
8877,B,rx,729,0,30,102287.547,0.839
8878,A,rx,730,0,30,102297.753,0.650
8879,B,rx,731,0,30,102307.756,0.630
8880,A,rx,732,0,30,102317.822,0.659
8881,B,rx,733,0,30,102327.173,0.581
8882,A,rx,734,0,30,102337.290,0.897
8883,B,rx,735,0,30,102348.373,0.658
8884,A,rx,736,0,30,102358.515,0.682
8885,B,rx,737,0,30,102367.886,0.712
8886,A,rx,738,0,30,102378.074,0.894
8887,B,rx,739,0,30,102388.012,0.630
8888,A,rx,740,0,30,102397.269,0.975
8889,B,rx,741,0,30,102407.413,0.679
8890,A,rx,742,0,30,102417.501,0.985
8891,B,rx,743,0,30,102427.670,0.623
8892,A,rx,744,0,30,102436.987,0.619
8893,B,rx,745,0,30,102447.034,0.646
8894,A,rx,746,0,30,102457.135,0.921
8895,B,rx,747,0,30,102466.304,0.719
8896,A,rx,748,0,30,102477.466,0.999
8897,B,rx,749,0,30,102487.549,0.575
8898,A,rx,750,0,30,102497.800,0.638
8899,B,rx,751,0,30,102507.004,0.890
8900,A,rx,752,0,30,102517.218,0.950
8901,B,rx,753,0,30,102527.208,0.892
8902,A,rx,754,0,30,102537.324,0.984
8903,B,rx,755,0,30,102546.678,0.698
8904,A,rx,756,0,30,102556.998,0.706
8905,B,rx,757,0,30,102566.835,1.045
8906,A,rx,758,0,30,102576.019,0.934
8907,B,rx,759,0,30,102586.413,0.992
8908,A,rx,760,0,30,102596.486,0.974
8909,B,rx,761,0,30,102607.456,0.633
8910,A,rx,762,0,30,102616.754,0.873
8911,B,rx,763,0,30,102626.888,0.707
8912,A,rx,764,0,30,102636.906,0.634
8913,B,rx,765,0,30,102647.034,0.979
8914,A,rx,766,0,30,102656.353,0.589
8915,B,rx,767,0,30,102666.552,0.969
8916,A,rx,768,0,30,102676.483,0.820
8917,B,rx,769,0,30,102686.732,0.608
8918,A,rx,770,0,30,102696.007,0.558
8919,B,rx,771,0,30,102706.602,0.829
8920,A,rx,772,0,30,102716.102,0.618
8921,B,rx,773,0,30,102725.353,0.548
8922,A,rx,774,0,30,102736.674,0.940
8923,B,rx,775,0,30,102746.667,0.547
8924,A,rx,776,0,30,102756.809,0.870
8925,B,rx,777,0,30,102766.038,0.652
8926,A,rx,778,0,30,102776.186,0.604
8927,B,rx,779,0,30,102786.253,0.647
8928,A,rx,780,0,30,102795.558,0.637
8929,B,rx,781,0,30,102805.717,0.645
8930,A,rx,782,0,30,102815.805,0.946
8931,B,rx,783,0,30,102825.890,0.601
8932,A,rx,784,0,30,102835.235,0.738
8933,B,rx,785,0,30,102845.328,0.583
8934,A,rx,786,0,30,102855.370,0.950
8935,B,rx,787,0,30,102866.583,0.981
8936,A,rx,788,0,30,102875.823,0.584
8937,B,rx,789,0,30,102886.195,0.669
8938,A,rx,790,0,30,102895.984,0.992
8939,B,rx,791,0,30,102905.240,0.669
8940,A,rx,792,0,30,102915.504,0.913
8941,B,rx,793,0,30,102925.593,0.952
8942,A,rx,794,0,30,102935.651,0.630
8943,B,rx,795,0,30,102944.939,0.913
8944,A,rx,796,0,30,102955.179,0.608
8945,B,rx,797,0,30,102965.380,0.660
8946,A,rx,798,0,30,102975.286,0.632
8947,B,rx,799,0,30,102984.467,0.628
8948,A,rx,800,0,30,102995.631,0.585
8949,B,rx,801,0,30,103005.778,0.961
8950,A,rx,802,0,30,103015.887,0.810
8951,B,rx,803,0,30,103025.167,0.606
8952,A,rx,804,0,30,103035.400,1.023
8953,B,rx,805,0,30,103045.315,0.647
8954,A,rx,806,0,30,103054.699,0.988
8955,B,rx,807,0,30,103064.912,0.800
8956,A,rx,808,0,30,103398.159,0.738
8957,B,rx,809,0,30,103408.327,0.935
8958,A,rx,810,0,30,103418.284,0.606
8959,B,rx,811,0,30,103427.554,0.861
8960,A,rx,812,0,30,103437.535,0.677
8961,B,rx,813,0,30,103447.754,0.877
8962,A,rx,814,0,30,103456.999,0.632
8963,B,rx,815,0,30,103467.039,0.879
8964,A,rx,816,0,30,103476.289,0.907
8965,B,rx,817,0,30,103486.441,0.904
8966,A,rx,818,0,30,103496.451,0.931
8967,B,rx,819,0,30,103505.763,0.745
8968,A,rx,820,0,30,103516.804,0.871
8969,B,rx,821,0,30,103526.913,0.845
8970,A,rx,822,0,30,103536.255,0.902
8971,B,rx,823,0,30,103546.250,0.617
8972,A,rx,824,0,30,103555.585,0.980
8973,B,rx,825,0,30,103565.705,0.662
8974,A,rx,826,0,30,103575.802,0.956
8975,B,rx,827,0,30,103586.089,0.691
8976,A,rx,828,0,30,103595.989,0.921
8977,B,rx,829,0,30,103606.433,0.900
8978,A,rx,830,0,30,103615.346,0.871
8979,B,rx,831,0,30,103625.357,0.841
8980,A,rx,832,0,30,103635.766,0.954
8981,B,rx,833,0,30,103645.843,0.619
8982,A,rx,834,0,30,103655.176,0.564
8983,B,rx,835,0,30,103665.559,0.994
8984,A,rx,836,0,30,103675.324,0.921
8985,B,rx,837,0,30,103684.584,0.904
8986,A,rx,838,0,30,103694.695,0.806
8987,B,rx,839,0,30,103704.714,0.661
8988,A,rx,840,0,30,103714.046,0.698
8989,B,rx,841,0,30,103724.225,1.049
8990,A,rx,842,0,30,103734.196,0.969
8991,B,rx,843,0,30,103743.453,0.572
8992,A,rx,844,0,30,103753.529,0.927
8993,B,rx,845,0,30,103762.696,0.552
8994,A,rx,846,0,30,103772.963,0.666
8995,B,rx,847,0,30,103783.991,0.613
8996,A,rx,848,0,30,103793.184,0.547
8997,B,rx,849,0,30,103803.265,0.662
8998,A,rx,850,0,30,103813.365,0.580
8999,B,rx,851,0,30,103822.729,0.861
9000,A,rx,852,0,30,103832.699,0.973
9001,B,rx,853,0,30,103842.133,0.953
9002,A,rx,854,0,30,103852.195,0.671
9003,B,rx,855,0,30,103862.296,0.574
9004,A,rx,856,0,30,103871.535,0.965
9005,B,rx,857,0,30,103881.645,0.819
9006,A,rx,858,0,30,103891.730,0.560
9007,B,rx,859,0,30,103901.911,1.015
9008,A,rx,860,0,30,103912.388,0.862
9009,B,rx,861,0,30,103922.130,0.595
9010,A,rx,862,0,30,103931.441,0.844
9011,B,rx,863,0,30,103941.540,0.935
9012,A,rx,864,0,30,103951.708,0.788
9013,B,rx,865,0,30,103961.025,0.553
9014,A,rx,866,0,30,103971.034,1.008
9015,B,rx,867,0,30,103981.126,0.869
9016,A,rx,868,0,30,103990.357,0.898
9017,B,rx,869,0,30,104000.366,0.590
9018,A,rx,870,0,30,104009.672,0.597
9019,B,rx,871,0,30,104019.824,0.653
9020,A,rx,872,0,30,104029.962,0.924
9021,B,rx,873,0,30,104040.111,0.967
9022,A,rx,874,0,30,104050.243,0.623
9023,B,rx,875,0,30,104060.310,0.598
9024,A,rx,876,0,30,104069.607,0.603
9025,B,rx,877,0,30,104079.709,0.572
9026,A,rx,878,0,30,104088.964,0.999
9027,B,rx,879,0,30,104099.122,0.537
9028,A,rx,880,0,30,104109.059,0.962
9029,B,rx,881,0,30,104118.372,0.663
9030,A,rx,882,0,30,104128.507,0.930
9031,B,rx,883,0,30,104138.507,0.658
9032,A,rx,884,0,30,104147.813,0.582
9033,B,rx,885,0,30,104157.774,0.592
9034,A,rx,886,0,30,104168.097,0.590
9035,B,rx,887,0,30,104178.322,0.974
9036,A,rx,888,0,30,104188.489,0.952
9037,B,rx,889,0,30,104198.444,0.547
9038,A,rx,890,0,30,104207.851,1.069
9039,B,rx,891,0,30,104217.930,0.961
9040,A,rx,892,0,30,104227.989,0.926
9041,B,rx,893,0,30,104237.255,0.749
9042,A,rx,894,0,30,104247.304,0.585
9043,B,rx,895,0,30,104256.488,0.600
9044,A,rx,896,0,30,104266.739,0.588
9045,B,rx,897,0,30,104276.762,0.917
9046,A,rx,898,0,30,104286.074,0.684
9047,B,rx,899,0,30,104297.208,0.909
9048,A,rx,900,0,30,104307.208,0.658
9049,B,rx,901,0,30,104316.388,0.845
9050,A,rx,902,0,30,104326.727,0.704
9051,B,rx,903,0,30,104336.762,0.947
9052,A,rx,904,0,30,104345.965,0.956
9053,B,rx,905,0,30,104356.162,0.973
9054,A,rx,906,0,30,104366.182,0.971
9055,B,rx,907,0,30,104375.384,1.024
9056,A,rx,908,0,30,104385.477,0.642
9057,B,rx,909,0,30,104394.795,0.561
9058,A,rx,910,0,30,104404.938,0.677
9059,B,rx,911,0,30,104414.884,0.603
9060,A,rx,912,0,30,104424.285,0.954
9061,B,rx,913,0,30,104435.324,0.618
9062,A,rx,914,0,30,104445.313,0.579
9063,B,rx,915,0,30,104454.658,0.681
9064,A,rx,916,0,30,104464.726,0.913
9065,B,rx,917,0,30,104473.973,0.642
9066,A,rx,918,0,30,104484.228,0.935
9067,B,rx,919,0,30,104494.134,0.908
9068,A,rx,920,0,30,104503.380,0.575
9069,B,rx,922,0,30,104523.615,0.949
9070,A,rx,923,0,30,104532.892,0.588
9071,B,rx,924,0,30,104543.002,0.621
9072,A,rx,925,0,30,104553.162,0.910
9073,B,rx,927,0,30,104573.482,0.975
9074,A,rx,928,0,30,104582.710,0.871
9075,B,rx,929,0,30,104592.877,0.913
9076,A,rx,930,0,30,104602.868,0.944
9077,B,rx,931,0,30,104612.475,0.592
9078,A,rx,932,0,30,104622.283,0.985
9079,B,rx,933,0,30,104632.389,0.966
9080,A,rx,934,0,30,104641.727,0.960
9081,B,rx,935,0,30,104651.683,0.933
9082,A,rx,936,0,30,104660.926,0.818
9083,B,rx,937,0,30,104671.133,0.683
9084,A,rx,938,0,30,104681.274,0.944
9085,B,rx,939,0,30,104691.470,0.599
9086,A,rx,940,0,30,104701.410,0.969
9087,B,rx,941,0,30,104710.817,1.031
9088,A,rx,942,0,30,104720.903,1.044
9089,B,rx,943,0,30,104730.892,0.596
9090,A,rx,944,0,30,104740.263,0.605
9091,B,rx,945,0,30,104750.372,0.953
9092,A,rx,946,0,30,104760.404,0.645
9093,B,rx,947,0,30,104769.645,0.628
9094,A,rx,948,0,30,104779.610,0.764
9095,B,rx,949,0,30,104788.900,0.581
9096,A,rx,950,0,30,104799.315,0.599
9097,B,rx,951,0,30,104809.188,0.596
9098,A,rx,952,0,30,104819.407,0.678
9099,B,rx,953,0,30,104829.507,0.894
9100,A,rx,954,0,30,104839.723,0.987
9101,B,rx,955,0,30,104848.913,0.588
9102,A,rx,956,0,30,104858.926,0.588
9103,B,rx,957,0,30,104868.193,0.992
9104,A,rx,958,0,30,104878.275,0.597
9105,B,rx,959,0,30,104888.356,0.591
9106,A,rx,960,0,30,104897.648,0.537
9107,B,rx,961,0,30,104907.857,0.669
9108,A,rx,962,0,30,104917.738,0.606
9109,B,rx,963,0,30,104927.138,0.885
9110,A,rx,964,0,30,104937.132,0.664
9111,B,rx,965,0,30,104948.312,0.596
9112,A,rx,966,0,30,104957.664,0.936
9113,B,rx,967,0,30,104967.579,0.617
9114,A,rx,968,0,30,104976.949,1.015
9115,B,rx,969,0,30,104987.151,0.965
9116,A,rx,970,0,30,104997.175,0.991
9117,B,rx,971,0,30,105006.406,0.944
9118,A,rx,972,0,30,105016.412,0.914
9119,B,rx,973,0,30,105026.546,0.662
9120,A,rx,974,0,30,105035.907,0.735
9121,B,rx,975,0,30,105045.935,0.668
9122,A,rx,976,0,30,105055.172,1.046
9123,B,rx,977,0,30,105065.388,0.642
9124,A,rx,978,0,30,105076.314,0.963
9125,B,rx,979,0,30,105085.655,0.611
9126,A,rx,980,0,30,105095.684,0.881
9127,B,rx,981,0,30,105105.809,0.685
9128,A,rx,982,0,30,105115.141,0.611
9129,B,rx,983,0,30,105125.045,0.582
9130,A,rx,984,0,30,105135.171,0.623
9131,B,rx,985,0,30,105144.584,0.831
9132,A,rx,986,0,30,105154.536,0.966
9133,B,rx,987,0,30,105163.847,0.832
9134,A,rx,988,0,30,105173.892,0.937
9135,B,rx,989,0,30,105184.008,0.609
9136,A,rx,990,0,30,105193.276,0.607
9137,B,rx,991,0,30,105203.288,0.658
9138,A,rx,992,0,30,105213.683,0.613
9139,B,rx,993,0,30,105223.794,0.676
9140,A,rx,994,0,30,105233.781,0.608
9141,B,rx,995,0,30,105243.086,0.631
9142,A,rx,996,0,30,105253.151,0.591
9143,B,rx,997,0,30,105263.253,0.572
9144,A,rx,998,0,30,105273.022,0.637
9145,B,rx,999,0,30,105282.509,0.569
9146,A,rx,1000,0,30,105292.787,0.653
9147,B,rx,1001,0,30,105302.190,0.593
9148,A,rx,1002,0,30,105312.093,0.607
9149,B,rx,1003,0,30,105321.334,0.633
9150,A,rx,1004,0,30,105331.361,0.946
9151,B,rx,1005,0,30,105341.647,0.898
9152,A,rx,1006,0,30,105351.902,0.673
9153,B,rx,1007,0,30,105361.785,0.551
9154,A,rx,1008,0,30,105371.151,0.964
9155,B,rx,1009,0,30,105381.322,0.919
9156,A,rx,1010,0,30,105391.293,0.643
9157,B,rx,1011,0,30,105400.559,0.632
9158,A,rx,1012,0,30,105410.647,0.596
9159,B,rx,1013,0,30,105420.837,0.972
9160,A,rx,1014,0,30,105430.942,0.919
9161,B,rx,1015,0,30,105440.387,1.160
9162,A,rx,1016,0,30,105450.217,0.914
9163,B,rx,1017,0,30,105459.541,0.962
9164,A,rx,1018,0,30,105470.685,0.945
9165,B,rx,1019,0,30,105480.631,0.779
9166,A,rx,1020,0,30,105489.954,0.594
9167,B,rx,1021,0,30,105500.076,0.925
9168,A,rx,1022,0,30,105510.177,0.900
9169,B,rx,1023,0,30,105519.499,0.531
9170,A,rx,1024,0,30,105529.420,0.614
9171,B,rx,1025,0,30,105538.788,0.625
9172,A,rx,1026,0,30,105548.952,0.906
9173,B,rx,1027,0,30,105558.976,1.010
9174,A,rx,1028,0,30,105568.238,0.917
9175,B,rx,1029,0,30,105578.308,0.958
9176,A,rx,1030,0,30,105588.326,0.605
9177,B,rx,1031,0,30,105598.700,0.928
9178,A,rx,1032,0,30,105608.693,0.631
9179,B,rx,1033,0,30,105618.017,0.941
9180,A,rx,1034,0,30,105628.390,0.991
9181,B,rx,1035,0,30,105638.193,0.981
9182,A,rx,1036,0,30,105647.399,0.644
9183,B,rx,1037,0,30,105657.490,0.718
9184,A,rx,1038,0,30,105667.651,0.990
9185,B,rx,1039,0,30,105677.016,0.701
9186,A,rx,1040,0,30,105687.123,0.582
9187,B,rx,1041,0,30,105697.082,0.546
9188,A,rx,1042,0,30,105706.343,0.671
9189,B,rx,1043,0,30,105716.427,0.630
9190,A,rx,1044,0,30,105726.638,0.671
9191,B,rx,1045,0,30,105736.863,0.977
9192,A,rx,1046,0,30,105746.920,0.909
9193,B,rx,1047,0,30,105756.239,0.977
9194,A,rx,1048,0,30,105766.175,0.653
9195,B,rx,1049,0,30,105776.430,0.603
9196,A,rx,1050,0,30,105785.615,0.567
9197,B,rx,1051,0,30,105795.785,0.677
9198,A,rx,1052,0,30,105805.914,0.971
9199,B,rx,1053,0,30,105815.401,0.593
9200,A,rx,1054,0,30,105825.186,0.627
9201,B,rx,1055,0,30,105834.589,0.909
9202,A,rx,1056,0,30,105844.563,0.577
9203,B,rx,1057,0,30,105854.668,0.630
9204,A,rx,1058,0,30,105864.956,0.615
9205,B,rx,1060,0,30,105885.054,0.736
9206,A,rx,1061,0,30,105894.436,0.594
9207,B,rx,1062,0,30,105904.369,0.595
9208,A,rx,1063,0,30,105914.438,0.560
9209,B,rx,1064,0,30,105923.869,0.945
9210,A,rx,1065,0,30,105933.880,0.558
9211,B,rx,1066,0,30,105943.092,0.631
9212,A,rx,1067,0,30,105953.231,0.601
9213,B,rx,1068,0,30,105963.280,0.592
9214,A,rx,1069,0,30,105972.587,0.622
9215,B,rx,1070,0,30,105982.628,0.584
9216,A,rx,1071,0,30,105993.801,0.637
9217,B,rx,1072,0,30,106003.127,0.614
9218,A,rx,1073,0,30,106013.124,0.882
9219,B,rx,1074,0,30,106022.464,0.940
9220,A,rx,1075,0,30,106032.578,0.999
9221,B,rx,1076,0,30,106042.527,0.571
9222,A,rx,1077,0,30,106051.871,0.942
9223,B,rx,1078,0,30,106062.042,0.663
9224,A,rx,1079,0,30,106072.002,0.773
9225,B,rx,1080,0,30,106081.247,0.661
9226,A,rx,1081,0,30,106091.358,1.214
9227,B,rx,1082,0,30,106101.566,1.150
9228,A,rx,1083,0,30,106110.803,0.971
9229,B,rx,1084,0,30,106122.864,0.605
9230,A,rx,1085,0,30,106131.959,0.652
9231,B,rx,1086,0,30,106141.231,0.606
9232,A,rx,1087,0,30,106151.426,0.596
9233,B,rx,1088,0,30,106161.412,0.626
9234,A,rx,1089,0,30,106170.692,0.573
9235,B,rx,1090,0,30,106180.892,0.576
9236,A,rx,1091,0,30,106190.871,0.705
9237,B,rx,1092,0,30,106200.225,0.948
9238,A,rx,1093,0,30,106210.338,0.957
9239,B,rx,1094,0,30,106220.337,0.706
9240,A,rx,1095,0,30,106229.696,0.723
9241,B,rx,1096,0,30,106239.678,0.960
9242,A,rx,1097,0,30,106250.763,0.555
9243,B,rx,1098,0,30,106260.148,0.611
9244,A,rx,1099,0,30,106270.098,0.612
9245,B,rx,1100,0,30,106279.352,0.890
9246,A,rx,1101,0,30,106289.464,0.604
9247,B,rx,1102,0,30,106299.649,0.669
9248,A,rx,1103,0,30,106308.825,0.633
9249,B,rx,1104,0,30,106319.037,0.616
9250,A,rx,1105,0,30,106329.057,0.656
9251,B,rx,1106,0,30,106338.288,0.910
9252,A,rx,1107,0,30,106348.396,0.860
9253,B,rx,1108,0,30,106358.485,0.619
9254,A,rx,1109,0,30,106367.760,0.637
9255,B,rx,1110,0,30,106378.843,0.685
9256,A,rx,1111,0,30,106388.148,0.586
9257,B,rx,1112,0,30,106398.323,0.940
9258,A,rx,1113,0,30,106408.330,0.904
9259,B,rx,1114,0,30,106417.486,0.648
9260,A,rx,1115,0,30,106427.655,0.974
9261,B,rx,1116,0,30,106437.662,0.736
9262,A,rx,1117,0,30,106447.097,0.662
9263,B,rx,1118,0,30,106457.100,0.610
9264,A,rx,1119,0,30,106466.320,0.575
9265,B,rx,1120,0,30,106476.532,0.578
9266,A,rx,1121,0,30,106486.579,0.827
9267,B,rx,1122,0,30,106495.884,0.894
9268,A,rx,1123,0,30,106506.803,0.934
9269,B,rx,1124,0,30,106517.005,0.564
9270,A,rx,1125,0,30,106526.386,0.591
9271,B,rx,1126,0,30,106536.283,0.588
9272,A,rx,1127,0,30,106545.550,0.579
9273,B,rx,1128,0,30,106555.764,0.930
9274,A,rx,1129,0,30,106565.757,0.918
9275,B,rx,1130,0,30,106576.120,0.619
9276,A,rx,1131,0,30,106585.120,0.605
9277,B,rx,1132,0,30,106595.200,0.587
9278,A,rx,1133,0,30,106604.562,0.839
9279,B,rx,1134,0,30,106614.719,0.719
9280,A,rx,1135,0,30,106624.751,0.829
9281,B,rx,1136,0,30,106634.100,0.934
9282,A,rx,1137,0,30,106645.101,0.603
9283,B,rx,1138,0,30,106654.399,0.938
9284,A,rx,1139,0,30,106664.459,0.649
9285,B,rx,1140,0,30,106674.460,0.930
9286,A,rx,1141,0,30,106683.779,0.601
9287,B,rx,1142,0,30,106694.681,1.027
9288,A,rx,1143,0,30,106704.028,0.607
9289,B,rx,1144,0,30,106713.281,0.573
9290,A,rx,1145,0,30,106723.313,0.698
9291,B,rx,1146,0,30,106732.477,0.915
9292,A,rx,1147,0,30,106742.799,1.023
9293,B,rx,1148,0,30,106752.754,0.559
9294,A,rx,1149,0,30,106762.188,0.630
9295,B,rx,1150,0,30,106773.178,0.964
9296,A,rx,1151,0,30,106783.171,0.591
9297,B,rx,1152,0,30,106792.437,0.925
9298,A,rx,1153,0,30,106802.462,0.688
9299,B,rx,1154,0,30,106811.706,0.938
9300,A,rx,1155,0,30,106821.981,0.923
9301,B,rx,1156,0,30,106832.065,0.885
9302,A,rx,1157,0,30,106841.174,0.575
9303,B,rx,1159,0,30,106861.414,0.636
9304,A,rx,1160,0,30,106870.770,0.970
9305,B,rx,1161,0,30,106880.946,0.656
9306,A,rx,1162,0,30,106891.979,0.901
9307,B,rx,1163,0,30,106901.258,0.931
9308,A,rx,1164,0,30,106911.258,0.600
9309,B,rx,1165,0,30,106920.420,0.902
9310,A,rx,1166,0,30,106930.637,0.667
9311,B,rx,1167,0,30,106940.733,0.947
9312,A,rx,1168,0,30,106949.948,0.565
9313,B,rx,1169,0,30,106960.148,0.616
9314,A,rx,1170,0,30,106970.194,0.930
9315,B,rx,1171,0,30,106979.441,0.591
9316,A,rx,1172,0,30,106989.474,0.635
9317,B,rx,1173,0,30,106998.842,0.943
9318,A,rx,1174,0,30,107008.864,0.560
9319,B,rx,1175,0,30,107018.894,0.966
9320,A,rx,1176,0,30,107029.215,0.945
9321,B,rx,1178,0,30,107049.441,0.965
9322,A,rx,1179,0,30,107058.594,0.587
9323,B,rx,1180,0,30,107068.724,0.788
9324,A,rx,1181,0,30,107078.878,0.626
9325,B,rx,1182,0,30,107088.185,0.649
9326,A,rx,1183,0,30,107098.143,0.975
9327,B,rx,1184,0,30,107107.432,0.616
9328,A,rx,1185,0,30,107117.638,0.908
9329,B,rx,1186,0,30,107127.629,0.662
9330,A,rx,1187,0,30,107136.850,0.908
9331,B,rx,1188,0,30,107147.016,0.578
9332,A,rx,1189,0,30,107158.166,0.980
9333,B,rx,1190,0,30,107167.414,0.616
9334,A,rx,1191,0,30,107177.377,0.551
9335,B,rx,1192,0,30,107187.591,0.963
9336,A,rx,1193,0,30,107196.850,0.583
9337,B,rx,1194,0,30,107206.979,0.959
9338,A,rx,1195,0,30,107216.272,0.973
9339,B,rx,1196,0,30,107226.379,1.044
9340,A,rx,1197,0,30,107236.444,0.674
9341,B,rx,1198,0,30,107245.648,0.790
9342,A,rx,1199,0,30,107255.742,0.939
9343,B,rx,1200,0,30,107265.814,0.735
9344,A,rx,1201,0,30,107275.174,0.930
9345,B,rx,1202,0,30,107285.150,0.598
9346,A,rx,1203,0,30,107295.435,0.929
9347,B,rx,1204,0,30,107305.528,0.817
9348,A,rx,1205,0,30,107315.620,0.615
9349,B,rx,1206,0,30,107324.915,0.612
9350,A,rx,1207,0,30,107334.979,0.924
9351,B,rx,1208,0,30,107345.080,0.877
9352,A,rx,1209,0,30,107354.356,0.657
9353,B,rx,1210,0,30,107364.284,0.563
9354,A,rx,1211,0,30,107373.610,0.955
9355,B,rx,1212,0,30,107383.790,0.983
9356,A,rx,1213,0,30,107393.833,0.940
9357,B,rx,1214,0,30,107403.186,1.122
9358,A,rx,1215,0,30,107413.248,0.681
9359,B,rx,1216,0,30,107424.348,1.002
9360,A,rx,1217,0,30,107433.602,0.900
9361,B,rx,1218,0,30,107443.781,0.907
9362,A,rx,1219,0,30,107453.894,0.940
9363,B,rx,1220,0,30,107463.086,0.627
9364,A,rx,1221,0,30,107473.126,0.622
9365,B,rx,1222,0,30,107483.266,0.565
9366,A,rx,1223,0,30,107492.527,0.862
9367,B,rx,1224,0,30,107502.494,0.595
9368,A,rx,1225,0,30,107512.714,0.582
9369,B,rx,1226,0,30,107522.026,0.606
9370,A,rx,1227,0,30,107531.984,0.940
9371,B,rx,1228,0,30,107541.271,0.988
9372,A,rx,1229,0,30,107552.543,0.944
9373,B,rx,1230,0,30,107562.492,0.907
9374,A,rx,1231,0,30,107571.748,0.600
9375,B,rx,1232,0,30,107581.811,0.733
9376,A,rx,1233,0,30,107591.988,0.996
9377,B,rx,1234,0,30,107601.253,0.718
9378,A,rx,1235,0,30,107611.471,0.890
9379,B,rx,1236,0,30,107621.483,1.080
9380,A,rx,1237,0,30,107630.702,0.584
9381,B,rx,1238,0,30,107640.871,0.906
9382,A,rx,1239,0,30,107651.021,0.941
9383,B,rx,1240,0,30,107662.061,0.609
9384,A,rx,1241,0,30,107670.352,0.944
9385,B,rx,1242,0,30,107681.436,1.041
9386,A,rx,1243,0,30,107691.580,0.596
9387,B,rx,1244,0,30,107700.826,0.982
9388,A,rx,1245,0,30,107710.841,0.905
9389,B,rx,1246,0,30,107720.180,0.664
9390,A,rx,1247,0,30,107730.427,1.124
9391,B,rx,1248,0,30,107740.471,0.718
9392,A,rx,1249,0,30,107750.497,1.003
9393,B,rx,1250,0,30,107760.558,0.659
9394,A,rx,1251,0,30,107769.915,0.628
9395,B,rx,1252,0,30,107779.848,0.895
9396,A,rx,1253,0,30,107789.328,0.715
9397,B,rx,1254,0,30,107799.405,0.942
9398,A,rx,1255,0,30,107810.413,0.918
9399,B,rx,1256,0,30,107819.668,0.927
9400,A,rx,1257,0,30,107830.895,0.955
9401,B,rx,1258,0,30,107839.944,0.902
9402,A,rx,1259,0,30,107849.065,0.939
9403,B,rx,1260,0,30,107859.238,0.929
9404,A,rx,1261,0,30,107869.290,0.639
9405,B,rx,1262,0,30,107878.623,0.880
9406,A,rx,1263,0,30,107888.688,0.933
9407,B,rx,1264,0,30,107897.906,0.915
9408,A,rx,1265,0,30,107908.197,1.001
9409,B,rx,1266,0,30,107918.180,0.925
9410,A,rx,1267,0,30,107927.369,0.971
9411,B,rx,1268,0,30,107938.583,0.620
9412,A,rx,1269,0,30,107948.548,0.723
9413,B,rx,1270,0,30,107957.876,0.686
9414,A,rx,1271,0,30,107967.901,0.907
9415,B,rx,1272,0,30,107977.197,0.575
9416,A,rx,1273,0,30,107987.311,0.668
9417,B,rx,1274,0,30,107997.374,0.603
9418,A,rx,1275,0,30,108006.653,0.956
9419,B,rx,1277,0,30,108026.740,0.658
9420,A,rx,1278,0,30,108036.168,1.012
9421,B,rx,1279,0,30,108046.218,0.918
9422,A,rx,1280,0,30,108055.486,0.987
9423,B,rx,1281,0,30,108065.597,0.951
9424,A,rx,1282,0,30,108076.616,0.965
9425,B,rx,1283,0,30,108086.988,0.925
9426,A,rx,1284,0,30,108096.005,0.942
9427,B,rx,1285,0,30,108106.106,0.981
9428,A,rx,1286,0,30,108115.431,0.572
9429,B,rx,1287,0,30,108125.345,1.006
9430,A,rx,1288,0,30,108135.462,0.707
9431,B,rx,1290,0,30,108154.823,0.975
9432,A,rx,1291,0,30,108164.114,0.538
9433,B,rx,1292,0,30,108174.330,0.963
9434,A,rx,1293,0,30,108184.312,0.641
9435,B,rx,1294,0,30,108193.514,0.627
9436,A,rx,1295,0,30,108204.667,0.913
9437,B,rx,1296,0,30,108214.695,0.673
9438,A,rx,1297,0,30,108224.123,0.962
9439,B,rx,1298,0,30,108234.098,0.948
9440,A,rx,1299,0,30,108243.292,0.745
9441,B,rx,1300,0,30,108253.450,0.662
9442,A,rx,1301,0,30,108263.556,0.913
9443,B,rx,1302,0,30,108272.806,0.907
9444,A,rx,1303,0,30,108282.803,0.858
9445,B,rx,1304,0,30,108292.943,0.593
9446,A,rx,1305,0,30,108302.382,0.588
9447,B,rx,1306,0,30,108312.386,0.620
9448,A,rx,1307,0,30,108321.603,0.987
9449,B,rx,1308,0,30,108332.810,0.605
9450,A,rx,1309,0,30,108342.818,0.727
9451,B,rx,1310,0,30,108352.048,0.659
9452,A,rx,1311,0,30,108362.038,0.945
9453,B,rx,1312,0,30,108372.234,0.923
9454,A,rx,1313,0,30,108381.507,0.608
9455,B,rx,1314,0,30,108391.713,0.971
9456,A,rx,1315,0,30,108401.878,0.571
9457,B,rx,1316,0,30,108411.849,1.013
9458,A,rx,1317,0,30,108421.949,0.935
9459,B,rx,1318,0,30,108431.178,0.875
9460,A,rx,1319,0,30,108440.388,0.577
9461,B,rx,1320,0,30,108450.594,0.905
9462,A,rx,1321,0,30,108461.692,1.019
9463,B,rx,1322,0,30,108471.794,0.620
9464,A,rx,1323,0,30,108481.073,0.551
9465,B,rx,1324,0,30,108491.188,0.618
9466,A,rx,1325,0,30,108501.228,0.595
9467,B,rx,1326,0,30,108510.546,0.557
9468,A,rx,1327,0,30,108520.540,0.613
9469,B,rx,1328,0,30,108529.862,0.875
9470,A,rx,1329,0,30,108540.909,0.596
9471,B,rx,1330,0,30,108549.979,0.597
9472,A,rx,1331,0,30,108559.306,0.597
9473,B,rx,1332,0,30,108569.471,0.586
9474,A,rx,1333,0,30,108579.514,0.626
9475,B,rx,1334,0,30,108589.817,0.639
9476,A,rx,1335,0,30,108599.821,0.946
9477,B,rx,1336,0,30,108609.163,0.635
9478,A,rx,1337,0,30,108619.370,0.642
9479,B,rx,1338,0,30,108629.341,0.946
9480,A,rx,1339,0,30,108638.584,0.793
9481,B,rx,1340,0,30,108648.604,0.951
9482,A,rx,1341,0,30,108658.807,0.610
9483,B,rx,1342,0,30,108668.099,0.913
9484,A,rx,1343,0,30,108678.104,0.847
9485,B,rx,1344,0,30,108688.137,0.570
9486,A,rx,1345,0,30,108697.444,0.851
9487,B,rx,1346,0,30,108707.469,0.709
9488,A,rx,1347,0,30,108718.787,0.567
9489,B,rx,1348,0,30,108728.897,0.620
9490,A,rx,1349,0,30,108738.131,0.588
9491,B,rx,1350,0,30,108748.160,0.871
9492,A,rx,1351,0,30,108757.430,0.724
9493,B,rx,1352,0,30,108767.657,0.921
9494,A,rx,1353,0,30,108777.695,1.156
9495,B,rx,1354,0,30,108787.448,1.304
9496,A,rx,1355,0,30,108797.099,1.187
9497,B,rx,1356,0,30,108807.225,0.815
9498,A,rx,1357,0,30,108816.550,1.229
9499,B,rx,1358,0,30,108826.453,0.757
9500,A,rx,1359,0,30,108835.743,0.760
9501,B,rx,1360,0,30,108845.886,1.068
9502,A,rx,1361,0,30,108856.972,0.638
9503,B,rx,1362,0,30,108866.227,0.596
9504,A,rx,1363,0,30,108876.193,0.990
9505,B,rx,1364,0,30,108886.417,0.932
9506,A,rx,1365,0,30,108895.678,0.612
9507,B,rx,1366,0,30,108905.679,0.611
9508,A,rx,1367,0,30,108914.956,0.901
9509,B,rx,1368,0,30,108925.185,0.602
9510,A,rx,1369,0,30,108935.154,0.907
9511,B,rx,1370,0,30,108944.287,0.580
9512,A,rx,1371,0,30,108954.616,0.604
9513,B,rx,1372,0,30,108964.503,0.954
9514,A,rx,1373,0,30,108973.864,0.633
9515,B,rx,1374,0,30,108984.918,0.656
9516,A,rx,1375,0,30,108995.030,0.624
9517,B,rx,1376,0,30,109004.364,0.983
9518,A,rx,1377,0,30,109014.340,0.572
9519,B,rx,1378,0,30,109023.666,0.951
9520,A,rx,1379,0,30,109033.870,0.987
9521,B,rx,1380,0,30,109043.844,0.581
9522,A,rx,1381,0,30,109053.129,0.963
9523,B,rx,1382,0,30,109063.098,0.603
9524,A,rx,1383,0,30,109073.276,0.581
9525,B,rx,1384,0,30,109082.533,0.867
9526,A,rx,1385,0,30,109092.505,0.623
9527,B,rx,1386,0,30,109101.873,0.596
9528,A,rx,1387,0,30,109113.062,0.930
9529,B,rx,1388,0,30,109123.104,0.646
9530,A,rx,1389,0,30,109132.415,0.933
9531,B,rx,1390,0,30,109142.304,0.648
9532,A,rx,1391,0,30,109152.445,0.636
9533,B,rx,1392,0,30,109161.779,0.593
9534,A,rx,1393,0,30,109171.887,0.634
9535,B,rx,1394,0,30,109181.075,0.583
9536,A,rx,1395,0,30,109191.234,0.645
9537,B,rx,1396,0,30,109201.310,0.529
9538,A,rx,1397,0,30,109210.472,0.601
9539,B,rx,1398,0,30,109220.590,0.568
9540,A,rx,1399,0,30,109230.771,0.652
9541,B,rx,1400,0,30,109241.126,0.600
9542,A,rx,1401,0,30,109251.135,1.054
9543,B,rx,1402,0,30,109260.330,1.057
9544,A,rx,1403,0,30,109270.554,0.942
9545,B,rx,1404,0,30,109280.566,0.858
9546,A,rx,1405,0,30,109289.969,1.122
9547,B,rx,1406,0,30,109299.876,0.986
9548,A,rx,1407,0,30,109309.124,0.906
9549,B,rx,1408,0,30,109319.435,1.028
9550,A,rx,1409,0,30,109329.301,0.820
9551,B,rx,1410,0,30,109338.535,0.649
9552,A,rx,1411,0,30,109348.931,0.979
9553,B,rx,1412,0,30,109358.791,0.584
9554,A,rx,1413,0,30,109369.187,0.977
9555,B,rx,1414,0,30,109379.169,0.595
9556,A,rx,1415,0,30,109388.354,0.678
9557,B,rx,1416,0,30,109398.418,0.617
9558,A,rx,1417,0,30,109408.459,0.626
9559,B,rx,1418,0,30,109417.809,0.621
9560,A,rx,1419,0,30,109427.990,0.661
9561,B,rx,1420,0,30,109438.088,0.630
9562,A,rx,1421,0,30,109447.358,0.935
9563,B,rx,1422,0,30,109457.413,0.951
9564,A,rx,1423,0,30,109467.477,0.599
9565,B,rx,1424,0,30,109476.832,0.932
9566,A,rx,1425,0,30,109486.803,0.594
9567,B,rx,1426,0,30,109496.020,0.662
9568,A,rx,1427,0,30,109507.205,0.631
9569,B,rx,1428,0,30,109517.369,0.924
9570,A,rx,1429,0,30,109526.555,0.608
9571,B,rx,1430,0,30,109536.736,0.601
9572,A,rx,1431,0,30,109546.754,0.745
9573,B,rx,1432,0,30,109556.020,0.638
9574,A,rx,1433,0,30,109566.193,0.664
9575,B,rx,1434,0,30,109576.249,0.974
9576,A,rx,1435,0,30,109585.459,0.599
9577,B,rx,1436,0,30,109595.451,0.936
9578,A,rx,1437,0,30,109604.835,0.756
9579,B,rx,1438,0,30,109615.002,1.003
9580,A,rx,1439,0,30,109624.979,0.669
9581,B,rx,1440,0,30,109635.294,0.635
9582,A,rx,1441,0,30,109645.313,0.929
9583,B,rx,1442,0,30,109655.753,0.704
9584,A,rx,1443,0,30,109664.779,0.967
9585,B,rx,1444,0,30,109674.839,0.794
9586,A,rx,1445,0,30,109684.111,0.859
9587,B,rx,1446,0,30,109694.666,0.614
9588,A,rx,1447,0,30,109704.230,0.905
9589,B,rx,1448,0,30,109713.430,0.893
9590,A,rx,1449,0,30,109723.560,1.022
9591,B,rx,1450,0,30,109733.613,0.623
9592,A,rx,1451,0,30,109743.031,0.610
9593,B,rx,1452,0,30,109752.976,0.686
9594,A,rx,1453,0,30,109763.286,0.963
9595,B,rx,1454,0,30,109773.408,0.944
9596,A,rx,1455,0,30,109783.387,0.572
9597,B,rx,1456,0,30,109792.681,0.603
9598,A,rx,1457,0,30,109802.771,0.882
9599,B,rx,1458,0,30,109812.844,0.639
9600,A,rx,1459,0,30,109822.158,0.953
9601,B,rx,1460,0,30,109832.147,0.954
9602,A,rx,1461,0,30,109841.446,0.562
9603,B,rx,1462,0,30,109851.649,0.789
9604,A,rx,1463,0,30,109861.701,0.648
9605,B,rx,1464,0,30,109871.039,0.957
9606,A,rx,1465,0,30,109880.993,0.644
9607,B,rx,1466,0,30,109892.162,0.608
9608,A,rx,1467,0,30,109901.405,0.555
9609,B,rx,1468,0,30,109911.441,0.910
9610,A,rx,1469,0,30,109920.824,0.955
9611,B,rx,1470,0,30,109930.887,0.651
9612,A,rx,1471,0,30,109940.975,0.942
9613,B,rx,1472,0,30,109950.265,0.941
9614,A,rx,1474,0,30,109970.352,0.625
9615,B,rx,1475,0,30,109979.781,0.934
9616,A,rx,1476,0,30,109989.709,0.617
9617,B,rx,1477,0,30,109999.023,0.649
9618,A,rx,1478,0,30,110009.204,0.598
9619,B,rx,1479,0,30,110020.161,0.583
9620,A,rx,1480,0,30,110029.460,0.976
9621,B,rx,1481,0,30,110039.719,0.743
9622,A,rx,1482,0,30,110049.698,0.941
9623,B,rx,1483,0,30,110058.906,1.002
9624,A,rx,1484,0,30,110068.928,0.625
9625,B,rx,1485,0,30,110079.179,0.981
9626,A,rx,1486,0,30,110089.260,1.004
9627,B,rx,1487,0,30,110098.551,0.567
9628,A,rx,1488,0,30,110108.667,0.696
9629,B,rx,1489,0,30,110117.830,0.949
9630,A,rx,1490,0,30,110128.035,0.967
9631,B,rx,1491,0,30,110138.058,0.662
9632,A,rx,1492,0,30,110148.378,0.604
9633,B,rx,1493,0,30,110158.446,0.987
9634,A,rx,1494,0,30,110168.569,0.896
9635,B,rx,1495,0,30,110177.895,0.980
9636,A,rx,1496,0,30,110187.937,0.883
9637,B,rx,1497,0,30,110197.135,0.955
9638,A,rx,1498,0,30,110207.380,0.909
9639,B,rx,1499,0,30,110217.288,0.574
9640,A,rx,1500,0,30,110227.425,0.962
9641,B,rx,1501,0,30,110236.732,0.563
9642,A,rx,1502,0,30,110246.950,0.668
9643,B,rx,1503,0,30,110255.928,0.651
9644,A,rx,1504,0,30,110266.124,0.625
9645,B,rx,1505,0,30,110276.382,0.663
9646,A,rx,1506,0,30,110287.390,0.567
9647,B,rx,1507,0,30,110296.685,0.924
9648,A,rx,1508,0,30,110306.736,0.678
9649,B,rx,1509,0,30,110315.981,0.710
9650,A,rx,1510,0,30,110326.161,0.700
9651,B,rx,1511,0,30,110336.120,0.953
9652,A,rx,1512,0,30,110345.470,0.943
9653,B,rx,1513,0,30,110355.550,0.569
9654,A,rx,1514,0,30,110365.622,0.672
9655,B,rx,1515,0,30,110374.976,0.953
9656,A,rx,1516,0,30,110384.905,0.789
9657,B,rx,1517,0,30,110394.164,0.624
9658,A,rx,1518,0,30,110404.368,0.569
9659,B,rx,1519,0,30,110415.401,0.937
9660,A,rx,1520,0,30,110424.835,0.989
9661,B,rx,1521,0,30,110434.835,0.621
9662,A,rx,1522,0,30,110444.885,0.610
9663,B,rx,1523,0,30,110454.195,0.663
9664,A,rx,1524,0,30,110464.239,1.019
9665,B,rx,1525,0,30,110473.497,0.954
9666,A,rx,1526,0,30,110483.706,0.582
9667,B,rx,1527,0,30,110493.726,0.937
9668,A,rx,1528,0,30,110502.995,0.942
9669,B,rx,1529,0,30,110513.186,0.983
9670,A,rx,1530,0,30,110523.149,1.028
9671,B,rx,1531,0,30,110532.374,0.572
9672,A,rx,1532,0,30,110543.433,0.915
9673,B,rx,1533,0,30,110552.792,0.820
9674,A,rx,1534,0,30,110562.867,0.605
9675,B,rx,1535,0,30,110572.816,0.959
9676,A,rx,1536,0,30,110582.241,0.894
9677,B,rx,1537,0,30,110592.413,1.046
9678,A,rx,1538,0,30,110602.332,0.901
9679,B,rx,1539,0,30,110611.744,0.955
9680,A,rx,1540,0,30,110621.711,0.618
9681,B,rx,1541,0,30,110630.923,0.998
9682,A,rx,1542,0,30,110641.143,0.966
9683,B,rx,1543,0,30,110651.140,0.939
9684,A,rx,1544,0,30,110660.403,0.646
9685,B,rx,1545,0,30,110671.493,0.963
9686,A,rx,1546,0,30,110681.674,0.921
9687,B,rx,1547,0,30,110690.880,0.620
9688,A,rx,1548,0,30,110700.978,0.650
9689,B,rx,1549,0,30,110711.481,0.917
9690,A,rx,1550,0,30,110720.302,0.594
9691,B,rx,1551,0,30,110730.458,0.834
9692,A,rx,1552,0,30,110740.666,0.773
9693,B,rx,1553,0,30,110749.840,0.931
9694,A,rx,1554,0,30,110759.988,0.735
9695,B,rx,1555,0,30,110769.991,0.970
9696,A,rx,1556,0,30,110779.218,0.578
9697,B,rx,1557,0,30,110789.354,0.582
9698,A,rx,1558,0,30,110799.645,0.970
9699,B,rx,1559,0,30,110809.755,0.634
9700,A,rx,1560,0,30,110819.873,0.902
9701,B,rx,1561,0,30,110829.066,0.633
9702,A,rx,1562,0,30,110839.319,0.664
9703,B,rx,1563,0,30,110849.333,0.926
9704,A,rx,1564,0,30,110859.434,0.969
9705,B,rx,1565,0,30,110868.727,0.892
9706,A,rx,1566,0,30,110878.771,0.800
9707,B,rx,1567,0,30,110888.042,0.883
9708,A,rx,1568,0,30,110898.285,0.977
9709,B,rx,1569,0,30,110908.225,1.032
9710,A,rx,1570,0,30,110917.511,0.960
9711,B,rx,1571,0,30,110928.534,0.609
9712,A,rx,1572,0,30,110938.725,1.024
9713,B,rx,1573,0,30,110947.967,0.947
9714,A,rx,1574,0,30,110958.157,0.927
9715,B,rx,1575,0,30,110968.237,0.571
9716,A,rx,1576,0,30,110978.300,0.623
9717,B,rx,1577,0,30,110988.411,0.907
9718,A,rx,1578,0,30,110997.641,0.983
9719,B,rx,1579,0,30,111007.834,0.664
9720,A,rx,1580,0,30,111017.040,0.585
9721,B,rx,1581,0,30,111027.194,0.640
9722,A,rx,1582,0,30,111037.245,1.015
9723,B,rx,1583,0,30,111046.522,0.945
9724,A,rx,1584,0,30,111056.683,0.951
9725,B,rx,1585,0,30,111067.714,0.699
9726,A,rx,1586,0,30,111076.995,0.716
9727,B,rx,1587,0,30,111087.121,0.895
9728,A,rx,1588,0,30,111097.158,0.700
9729,B,rx,1589,0,30,111106.457,0.937
9730,A,rx,1590,0,30,111116.414,0.971
9731,B,rx,1591,0,30,111125.698,0.664
9732,A,rx,1592,0,30,111135.914,0.704
9733,B,rx,1593,0,30,111145.988,0.740
9734,A,rx,1594,0,30,111155.190,0.572
9735,B,rx,1595,0,30,111165.333,0.651
9736,A,rx,1596,0,30,111175.482,0.898
9737,B,rx,1597,0,30,111184.647,0.590
9738,A,rx,1598,0,30,111195.677,0.695
9739,B,rx,1599,0,30,111204.985,0.626
9740,A,rx,1600,0,30,111215.253,0.949
9741,B,rx,1601,0,30,111225.195,0.654
9742,A,rx,1602,0,30,111234.486,0.864
9743,B,rx,1603,0,30,111244.617,0.932
9744,A,rx,1604,0,30,111254.660,0.927
9745,B,rx,1605,0,30,111264.006,1.065
9746,A,rx,1606,0,30,111274.018,1.037
9747,B,rx,1607,0,30,111283.995,0.954
9748,A,rx,1608,0,30,111293.443,0.707
9749,B,rx,1609,0,30,111303.322,0.906
9750,A,rx,1610,0,30,111312.728,0.947
9751,B,rx,1611,0,30,111323.946,0.944
9752,A,rx,1612,0,30,111333.838,0.676
9753,B,rx,1613,0,30,111343.258,0.574
9754,A,rx,1614,0,30,111353.371,0.574
9755,B,rx,1615,0,30,111363.370,0.605
9756,A,rx,1616,0,30,111372.621,0.960
9757,B,rx,1617,0,30,111382.706,0.611
9758,A,rx,1618,0,30,111392.890,0.597
9759,B,rx,1619,0,30,111402.111,0.568
9760,A,rx,1620,0,30,111412.142,0.964
9761,B,rx,1621,0,30,111421.397,0.899
9762,A,rx,1622,0,30,111431.534,0.927
9763,B,rx,1623,0,30,111441.583,0.565
9764,A,rx,1624,0,30,111451.845,0.626
9765,B,rx,1625,0,30,111461.988,0.614
9766,A,rx,1626,0,30,111472.036,1.009
9767,B,rx,1627,0,30,111481.325,0.609
9768,A,rx,1628,0,30,111491.330,0.567
9769,B,rx,1629,0,30,111500.635,0.784
9770,A,rx,1630,0,30,111510.739,0.582
9771,B,rx,1631,0,30,111520.745,0.579
9772,A,rx,1632,0,30,111530.119,0.690
9773,B,rx,1633,0,30,111540.395,0.599
9774,A,rx,1634,0,30,111550.556,0.911
9775,B,rx,1635,0,30,111559.572,0.969
9776,A,rx,1636,0,30,111569.603,1.026
9777,B,rx,1637,0,30,111580.033,0.785
9778,A,rx,1638,0,30,111590.957,1.000
9779,B,rx,1639,0,30,111600.294,0.762
9780,A,rx,1640,0,30,111610.399,0.732
9781,B,rx,1641,0,30,111620.474,1.073
9782,A,rx,1642,0,30,111629.758,0.951
9783,B,rx,1643,0,30,111639.775,1.012
9784,A,rx,1644,0,30,111649.081,1.032
9785,B,rx,1645,0,30,111659.231,0.735
9786,A,rx,1646,0,30,111669.145,0.677
9787,B,rx,1647,0,30,111678.330,0.607
9788,A,rx,1648,0,30,111688.466,0.559
9789,B,rx,1649,0,30,111698.580,0.606
9790,A,rx,1650,0,30,111708.814,0.576
9791,B,rx,1651,0,30,111718.930,0.634
9792,A,rx,1652,0,30,111728.435,0.545
9793,B,rx,1653,0,30,111738.403,0.597
9794,A,rx,1654,0,30,111748.392,0.584
9795,B,rx,1655,0,30,111757.599,0.616
9796,A,rx,1656,0,30,111767.983,0.829
9797,B,rx,1657,0,30,111777.958,0.985
9798,A,rx,1658,0,30,111787.997,0.608
9799,B,rx,1659,0,30,111798.469,1.053
9800,A,rx,1660,0,30,111807.406,0.949
9801,B,rx,1661,0,30,111816.532,0.610
9802,A,rx,1662,0,30,111826.735,0.617
9803,B,rx,1663,0,30,111836.741,0.635
9804,A,rx,1664,0,30,111847.201,1.071
9805,B,rx,1665,0,30,111857.220,0.893
9806,A,rx,1666,0,30,111867.221,0.663
9807,B,rx,1667,0,30,111876.480,0.951
9808,A,rx,1668,0,30,111886.541,0.925
9809,B,rx,1669,0,30,111896.830,0.884
9810,A,rx,1670,0,30,111905.995,0.669
9811,B,rx,1672,0,30,111926.174,0.964
9812,A,rx,1673,0,30,111935.444,0.864
9813,B,rx,1674,0,30,111945.425,0.918
9814,A,rx,1675,0,30,111955.736,0.664
9815,B,rx,1676,0,30,111964.927,0.724
9816,A,rx,1677,0,30,111976.042,0.601
9817,B,rx,1678,0,30,111986.081,1.036
9818,A,rx,1679,0,30,111995.389,0.575
9819,B,rx,1680,0,30,112006.332,0.916
9820,A,rx,1681,0,30,112014.675,0.623
9821,B,rx,1682,0,30,112024.817,0.591
9822,A,rx,1683,0,30,112035.025,0.607
9823,B,rx,1684,0,30,112044.310,0.581
9824,A,rx,1685,0,30,112054.273,0.659
9825,B,rx,1686,0,30,112064.534,0.645
9826,A,rx,1687,0,30,112073.745,0.617
9827,B,rx,1688,0,30,112083.694,0.628
9828,A,rx,1689,0,30,112093.012,0.540
9829,B,rx,1690,0,30,112104.125,0.657
9830,A,rx,1691,0,30,112114.182,0.686
9831,B,rx,1692,0,30,112123.908,1.023
9832,A,rx,1693,0,30,112133.452,0.734
9833,B,rx,1694,0,30,112143.704,1.011
9834,A,rx,1695,0,30,112152.956,0.962
9835,B,rx,1696,0,30,112162.954,0.952
9836,A,rx,1697,0,30,112172.228,0.584
9837,B,rx,1698,0,30,112182.454,0.955
9838,A,rx,1699,0,30,112192.328,0.591
9839,B,rx,1700,0,30,112201.670,0.680
9840,A,rx,1701,0,30,112211.710,0.614
9841,B,rx,1702,0,30,112221.849,0.911
9842,A,rx,1703,0,30,112232.274,1.028
9843,B,rx,1704,0,30,112242.246,0.607
9844,A,rx,1705,0,30,112251.436,1.265
9845,B,rx,1706,0,30,112261.567,1.005
9846,A,rx,1707,0,30,112271.550,0.679
9847,B,rx,1708,0,30,112280.971,0.740
9848,A,rx,1709,0,30,112290.965,0.645
9849,B,rx,1710,0,30,112301.195,0.695
9850,A,rx,1711,0,30,112310.322,0.617
9851,B,rx,1712,0,30,112320.359,0.939
9852,A,rx,1713,0,30,112329.708,0.693
9853,B,rx,1714,0,30,112339.866,0.576
9854,A,rx,1715,0,30,112349.913,0.927
9855,B,rx,1716,0,30,112360.146,0.935
9856,A,rx,1717,0,30,112370.293,1.036
9857,B,rx,1718,0,30,112379.390,0.910
9858,A,rx,1719,0,30,112389.722,0.922
9859,B,rx,1720,0,30,112399.677,0.975
9860,A,rx,1721,0,30,112408.987,0.889
9861,B,rx,1722,0,30,112419.216,0.976
9862,A,rx,1723,0,30,112429.134,0.951
9863,B,rx,1724,0,30,112438.382,0.583
9864,A,rx,1725,0,30,112448.447,0.957
9865,B,rx,1726,0,30,112457.693,0.624
9866,A,rx,1727,0,30,112467.866,0.925
9867,B,rx,1728,0,30,112477.942,0.986
9868,A,rx,1729,0,30,112487.269,0.817
9869,B,rx,1730,0,30,112498.721,0.816
9870,A,rx,1731,0,30,112508.442,0.865
9871,B,rx,1732,0,30,112517.654,0.597
9872,A,rx,1733,0,30,112527.702,0.660
9873,B,rx,1734,0,30,112536.855,0.704
9874,A,rx,1735,0,30,112547.152,1.004
9875,B,rx,1736,0,30,112557.108,0.564
9876,A,rx,1737,0,30,112566.362,0.946
9877,B,rx,1738,0,30,112576.454,0.610
9878,A,rx,1739,0,30,112586.624,0.569
9879,B,rx,1740,0,30,112596.851,0.873
9880,A,rx,1741,0,30,112605.988,0.604
9881,B,rx,1742,0,30,112616.146,0.589
9882,A,rx,1743,0,30,112627.203,0.638
9883,B,rx,1744,0,30,112636.570,0.980
9884,A,rx,1745,0,30,112646.562,0.707
9885,B,rx,1746,0,30,112655.908,0.643
9886,A,rx,1747,0,30,112666.059,1.018
9887,B,rx,1748,0,30,112676.056,0.872
9888,A,rx,1749,0,30,112685.310,1.021
9889,B,rx,1750,0,30,112695.325,0.896
9890,A,rx,1751,0,30,112705.502,0.920
9891,B,rx,1752,0,30,112714.821,0.871
9892,A,rx,1753,0,30,112724.825,0.777
9893,B,rx,1754,0,30,112733.949,0.599
9894,A,rx,1755,0,30,112744.216,0.628
9895,B,rx,1756,0,30,112755.268,0.645
9896,A,rx,1757,0,30,112764.588,0.797
9897,B,rx,1758,0,30,112774.550,0.988
9898,A,rx,1759,0,30,112784.568,0.974
9899,B,rx,1760,0,30,112794.043,0.970
9900,A,rx,1761,0,30,112804.024,0.916
9901,B,rx,1762,0,30,112813.287,0.657
9902,A,rx,1763,0,30,112823.475,0.596
9903,B,rx,1764,0,30,112833.480,0.648
9904,A,rx,1765,0,30,112842.876,0.958
9905,B,rx,1766,0,30,112852.852,0.915
9906,A,rx,1767,0,30,112862.271,0.884
9907,B,rx,1768,0,30,112872.248,0.965
9908,A,rx,1769,0,30,112883.241,0.655
9909,B,rx,1770,0,30,112892.583,0.858
9910,A,rx,1771,0,30,112902.786,0.803
9911,B,rx,1772,0,30,112912.805,0.982
9912,A,rx,1773,0,30,112922.059,0.604
9913,B,rx,1774,0,30,112932.148,1.002
9914,A,rx,1775,0,30,112942.206,0.590
9915,B,rx,1776,0,30,112951.437,0.705
9916,A,rx,1777,0,30,112961.556,0.621
9917,B,rx,1778,0,30,112970.745,0.814
9918,A,rx,1779,0,30,112981.052,0.997
9919,B,rx,1780,0,30,112991.040,0.979
9920,A,rx,1781,0,30,113000.203,0.607
9921,B,rx,1782,0,30,113011.363,0.968
9922,A,rx,1783,0,30,113021.458,0.896
9923,B,rx,1784,0,30,113030.733,0.962
9924,A,rx,1785,0,30,113040.794,1.165
9925,B,rx,1786,0,30,113050.088,1.126
9926,A,rx,1787,0,30,113060.270,0.822
9927,B,rx,1788,0,30,113070.336,0.925
9928,A,rx,1789,0,30,113079.539,0.890
9929,B,rx,1790,0,30,113089.678,0.943
9930,A,rx,1791,0,30,113099.748,0.959
9931,B,rx,1792,0,30,113109.041,1.013
9932,A,rx,1793,0,30,113119.018,0.964
9933,B,rx,1794,0,30,113128.273,0.603
9934,A,rx,1795,0,30,113139.443,0.883
9935,B,rx,1796,0,30,113149.399,0.649
9936,A,rx,1797,0,30,113158.769,0.678
9937,B,rx,1798,0,30,113168.769,0.679
9938,A,rx,1799,0,30,113178.894,0.680
9939,B,rx,1800,0,30,113188.309,0.898
9940,A,rx,1801,0,30,113198.219,0.645
9941,B,rx,1802,0,30,113207.507,1.002
9942,A,rx,1803,0,30,113217.726,0.740
9943,B,rx,1804,0,30,113227.732,0.623
9944,A,rx,1805,0,30,113236.927,0.620
9945,B,rx,1806,0,30,113246.999,0.691
9946,A,rx,1807,0,30,113257.086,0.883
