idx,t_rel_s,delta_ms,len,version,payload_prefix
1,12.753125959,NaN,30,v6,88000000ffffffffffffa8dd9f4dc5b5
2,12.763988862,10.862903,30,v6,88000000ffffffffffffa8dd9f4dc5b5
3,12.774147490,10.158628,30,v6,88000000ffffffffffffa8dd9f4dc5b5
4,12.784438372,10.290882,30,v6,88000000ffffffffffffa8dd9f4dc5b5
5,12.796423493,11.985121,30,v6,88000000ffffffffffffa8dd9f4dc5b5
6,12.807709270,11.285777,30,v6,88000000ffffffffffffa8dd9f4dc5b5
7,12.817773304,10.064034,30,v6,88000000ffffffffffffa8dd9f4dc5b5
8,12.827964461,10.191157,30,v6,88000000ffffffffffffa8dd9f4dc5b5
9,12.839028563,11.064102,30,v6,88000000ffffffffffffa8dd9f4dc5b5
10,12.849451195,10.422632,30,v6,88000000ffffffffffffa8dd9f4dc5b5
11,12.860477443,11.026248,30,v6,88000000ffffffffffffa8dd9f4dc5b5
12,12.870691364,10.213921,30,v6,88000000ffffffffffffa8dd9f4dc5b5
13,12.881607818,10.916454,30,v6,88000000ffffffffffffa8dd9f4dc5b5
14,12.892863273,11.255455,30,v6,88000000ffffffffffffa8dd9f4dc5b5
15,12.903260060,10.396787,30,v6,88000000ffffffffffffa8dd9f4dc5b5
16,12.913356976,10.096916,30,v6,88000000ffffffffffffa8dd9f4dc5b5
17,12.925563779,12.206803,30,v6,88000000ffffffffffffa8dd9f4dc5b5
18,12.935663007,10.099228,30,v6,88000000ffffffffffffa8dd9f4dc5b5
19,12.946864238,11.201231,30,v6,88000000ffffffffffffa8dd9f4dc5b5
20,12.957973102,11.108864,30,v6,88000000ffffffffffffa8dd9f4dc5b5
21,12.968134257,10.161155,30,v6,88000000ffffffffffffa8dd9f4dc5b5
22,12.978415245,10.280988,30,v6,88000000ffffffffffffa8dd9f4dc5b5
23,12.989620502,11.205257,30,v6,88000000ffffffffffffa8dd9f4dc5b5
24,13.001018413,11.397911,30,v6,88000000ffffffffffffa8dd9f4dc5b5
25,13.010876388,9.857975,30,v6,88000000ffffffffffffa8dd9f4dc5b5
26,13.022078773,11.202385,30,v6,88000000ffffffffffffa8dd9f4dc5b5
27,13.033511318,11.432545,30,v6,88000000ffffffffffffa8dd9f4dc5b5
28,13.044498793,10.987475,30,v6,88000000ffffffffffffa8dd9f4dc5b5
29,13.054531057,10.032264,30,v6,88000000ffffffffffffa8dd9f4dc5b5
30,13.065819812,11.288755,30,v6,88000000ffffffffffffa8dd9f4dc5b5
31,13.075941089,10.121277,30,v6,88000000ffffffffffffa8dd9f4dc5b5
32,13.086178635,10.237546,30,v6,88000000ffffffffffffa8dd9f4dc5b5
33,13.097196821,11.018186,30,v6,88000000ffffffffffffa8dd9f4dc5b5
34,13.108356862,11.160041,30,v6,88000000ffffffffffffa8dd9f4dc5b5
35,13.118662667,10.305805,30,v6,88000000ffffffffffffa8dd9f4dc5b5
36,13.128743362,10.080695,30,v6,88000000ffffffffffffa8dd9f4dc5b5
37,13.140676885,11.933523,30,v6,88000000ffffffffffffa8dd9f4dc5b5
38,13.151034058,10.357173,30,v6,88000000ffffffffffffa8dd9f4dc5b5
39,13.162103381,11.069323,30,v6,88000000ffffffffffffa8dd9f4dc5b5
40,13.173319685,11.216304,30,v6,88000000ffffffffffffa8dd9f4dc5b5
41,13.183415403,10.095718,30,v6,88000000ffffffffffffa8dd9f4dc5b5
42,13.194642616,11.227213,30,v6,88000000ffffffffffffa8dd9f4dc5b5
43,13.204731460,10.088844,30,v6,88000000ffffffffffffa8dd9f4dc5b5
44,13.216103243,11.371783,30,v6,88000000ffffffffffffa8dd9f4dc5b5
45,13.226288722,10.185479,30,v6,88000000ffffffffffffa8dd9f4dc5b5
46,13.237464217,11.175495,30,v6,88000000ffffffffffffa8dd9f4dc5b5
47,13.248714203,11.249986,30,v6,88000000ffffffffffffa8dd9f4dc5b5
48,13.258787840,10.073637,30,v6,88000000ffffffffffffa8dd9f4dc5b5
49,13.270977384,12.189544,30,v6,88000000ffffffffffffa8dd9f4dc5b5
50,13.281213483,10.236099,30,v6,88000000ffffffffffffa8dd9f4dc5b5
51,13.292322265,11.108782,30,v6,88000000ffffffffffffa8dd9f4dc5b5
52,13.302628799,10.306534,30,v6,88000000ffffffffffffa8dd9f4dc5b5
53,13.312527400,9.898601,30,v6,88000000ffffffffffffa8dd9f4dc5b5
54,13.323943003,11.415603,30,v6,88000000ffffffffffffa8dd9f4dc5b5
55,13.334931321,10.988318,30,v6,88000000ffffffffffffa8dd9f4dc5b5
56,13.345147111,10.215790,30,v6,88000000ffffffffffffa8dd9f4dc5b5
57,13.355398911,10.251800,30,v6,88000000ffffffffffffa8dd9f4dc5b5
58,13.366645545,11.246634,30,v6,88000000ffffffffffffa8dd9f4dc5b5
59,13.377795651,11.150106,30,v6,88000000ffffffffffffa8dd9f4dc5b5
60,13.388790540,10.994889,30,v6,88000000ffffffffffffa8dd9f4dc5b5
61,13.400050211,11.259671,30,v6,88000000ffffffffffffa8dd9f4dc5b5
62,13.410137747,10.087536,30,v6,88000000ffffffffffffa8dd9f4dc5b5
63,13.421485756,11.348009,30,v6,88000000ffffffffffffa8dd9f4dc5b5
64,13.431593122,10.107366,30,v6,88000000ffffffffffffa8dd9f4dc5b5
65,13.441660298,10.067176,30,v6,88000000ffffffffffffa8dd9f4dc5b5
66,13.452871011,11.210713,30,v6,88000000ffffffffffffa8dd9f4dc5b5
67,13.462863501,9.992490,30,v6,88000000ffffffffffffa8dd9f4dc5b5
68,13.474042432,11.178931,30,v6,88000000ffffffffffffa8dd9f4dc5b5
69,13.485372749,11.330317,30,v6,88000000ffffffffffffa8dd9f4dc5b5
70,13.496400080,11.027331,30,v6,88000000ffffffffffffa8dd9f4dc5b5
71,13.506829977,10.429897,30,v6,88000000ffffffffffffa8dd9f4dc5b5
72,13.517862647,11.032670,30,v6,88000000ffffffffffffa8dd9f4dc5b5
73,13.528051663,10.189016,30,v6,88000000ffffffffffffa8dd9f4dc5b5
74,13.539299875,11.248212,30,v6,88000000ffffffffffffa8dd9f4dc5b5
75,13.549488381,10.188506,30,v6,88000000ffffffffffffa8dd9f4dc5b5
76,13.559523399,10.035018,30,v6,88000000ffffffffffffa8dd9f4dc5b5
77,13.570985048,11.461649,30,v6,88000000ffffffffffffa8dd9f4dc5b5
78,13.580906926,9.921878,30,v6,88000000ffffffffffffa8dd9f4dc5b5
79,13.592121564,11.214638,30,v6,88000000ffffffffffffa8dd9f4dc5b5
80,13.603260388,11.138824,30,v6,88000000ffffffffffffa8dd9f4dc5b5
81,13.614344024,11.083636,30,v6,88000000ffffffffffffa8dd9f4dc5b5
82,13.625566471,11.222447,30,v6,88000000ffffffffffffa8dd9f4dc5b5
83,13.635793309,10.226838,30,v6,88000000ffffffffffffa8dd9f4dc5b5
84,13.646684855,10.891546,30,v6,88000000ffffffffffffa8dd9f4dc5b5
85,13.657313941,10.629086,30,v6,88000000ffffffffffffa8dd9f4dc5b5
86,13.668403925,11.089984,30,v6,88000000ffffffffffffa8dd9f4dc5b5
87,13.678353272,9.949347,30,v6,88000000ffffffffffffa8dd9f4dc5b5
88,13.689470380,11.117108,30,v6,88000000ffffffffffffa8dd9f4dc5b5
89,13.699690042,10.219662,30,v6,88000000ffffffffffffa8dd9f4dc5b5
90,13.710708931,11.018889,30,v6,88000000ffffffffffffa8dd9f4dc5b5
91,13.723149279,12.440348,30,v6,88000000ffffffffffffa8dd9f4dc5b5
92,13.733138793,9.989514,30,v6,88000000ffffffffffffa8dd9f4dc5b5
93,13.744462461,11.323668,30,v6,88000000ffffffffffffa8dd9f4dc5b5
94,13.754832080,10.369619,30,v6,88000000ffffffffffffa8dd9f4dc5b5
95,13.765745352,10.913272,30,v6,88000000ffffffffffffa8dd9f4dc5b5
96,13.775904621,10.159269,30,v6,88000000ffffffffffffa8dd9f4dc5b5
97,13.787291249,11.386628,30,v6,88000000ffffffffffffa8dd9f4dc5b5
98,13.797255309,9.964060,30,v6,88000000ffffffffffffa8dd9f4dc5b5
99,13.807680568,10.425259,30,v6,88000000ffffffffffffa8dd9f4dc5b5
100,13.818889027,11.208459,30,v6,88000000ffffffffffffa8dd9f4dc5b5
101,13.830300856,11.411829,30,v6,88000000ffffffffffffa8dd9f4dc5b5
102,13.841009283,10.708427,30,v6,88000000ffffffffffffa8dd9f4dc5b5
103,13.851184684,10.175401,30,v6,88000000ffffffffffffa8dd9f4dc5b5
104,13.862369993,11.185309,30,v6,88000000ffffffffffffa8dd9f4dc5b5
105,13.872675753,10.305760,30,v6,88000000ffffffffffffa8dd9f4dc5b5
106,13.883872676,11.196923,30,v6,88000000ffffffffffffa8dd9f4dc5b5
107,13.894153982,10.281306,30,v6,88000000ffffffffffffa8dd9f4dc5b5
108,13.904983199,10.829217,30,v6,88000000ffffffffffffa8dd9f4dc5b5
109,13.915129988,10.146789,30,v6,88000000ffffffffffffa8dd9f4dc5b5
110,13.926517171,11.387183,30,v6,88000000ffffffffffffa8dd9f4dc5b5
111,13.936494972,9.977801,30,v6,88000000ffffffffffffa8dd9f4dc5b5
112,13.948495743,12.000771,30,v6,88000000ffffffffffffa8dd9f4dc5b5
113,13.958640636,10.144893,30,v6,88000000ffffffffffffa8dd9f4dc5b5
114,13.969862666,11.222030,30,v6,88000000ffffffffffffa8dd9f4dc5b5
115,13.980133210,10.270544,30,v6,88000000ffffffffffffa8dd9f4dc5b5
116,13.991395104,11.261894,30,v6,88000000ffffffffffffa8dd9f4dc5b5
117,14.001504875,10.109771,30,v6,88000000ffffffffffffa8dd9f4dc5b5
118,14.012701868,11.196993,30,v6,88000000ffffffffffffa8dd9f4dc5b5
119,14.023009287,10.307419,30,v6,88000000ffffffffffffa8dd9f4dc5b5
120,14.032912792,9.903505,30,v6,88000000ffffffffffffa8dd9f4dc5b5
121,14.045084921,12.172129,30,v6,88000000ffffffffffffa8dd9f4dc5b5
122,14.055262770,10.177849,30,v6,88000000ffffffffffffa8dd9f4dc5b5
123,14.067691760,12.428990,30,v6,88000000ffffffffffffa8dd9f4dc5b5
124,14.077543454,9.851694,30,v6,88000000ffffffffffffa8dd9f4dc5b5
125,14.088876078,11.332624,30,v6,88000000ffffffffffffa8dd9f4dc5b5
126,14.098981962,10.105884,30,v6,88000000ffffffffffffa8dd9f4dc5b5
127,14.110363970,11.382008,30,v6,88000000ffffffffffffa8dd9f4dc5b5
128,14.120358628,9.994658,30,v6,88000000ffffffffffffa8dd9f4dc5b5
129,14.130475014,10.116386,30,v6,88000000ffffffffffffa8dd9f4dc5b5
130,14.141515129,11.040115,30,v6,88000000ffffffffffffa8dd9f4dc5b5
131,14.152894528,11.379399,30,v6,88000000ffffffffffffa8dd9f4dc5b5
132,14.162903237,10.008709,30,v6,88000000ffffffffffffa8dd9f4dc5b5
133,14.174110188,11.206951,30,v6,88000000ffffffffffffa8dd9f4dc5b5
134,14.185325346,11.215158,30,v6,88000000ffffffffffffa8dd9f4dc5b5
135,14.195535755,10.210409,30,v6,88000000ffffffffffffa8dd9f4dc5b5
136,14.206896463,11.360708,30,v6,88000000ffffffffffffa8dd9f4dc5b5
137,14.217797990,10.901527,30,v6,88000000ffffffffffffa8dd9f4dc5b5
138,14.228045086,10.247096,30,v6,88000000ffffffffffffa8dd9f4dc5b5
139,14.239209454,11.164368,30,v6,88000000ffffffffffffa8dd9f4dc5b5
140,14.249265894,10.056440,30,v6,88000000ffffffffffffa8dd9f4dc5b5
141,14.259538946,10.273052,30,v6,88000000ffffffffffffa8dd9f4dc5b5
142,14.270823120,11.284174,30,v6,88000000ffffffffffffa8dd9f4dc5b5
143,14.281769004,10.945884,30,v6,88000000ffffffffffffa8dd9f4dc5b5
144,14.292058795,10.289791,30,v6,88000000ffffffffffffa8dd9f4dc5b5
145,14.304165786,12.106991,30,v6,88000000ffffffffffffa8dd9f4dc5b5
146,14.314420978,10.255192,30,v6,88000000ffffffffffffa8dd9f4dc5b5
147,14.325569404,11.148426,30,v6,88000000ffffffffffffa8dd9f4dc5b5
148,14.335747845,10.178441,30,v6,88000000ffffffffffffa8dd9f4dc5b5
149,14.346904902,11.157057,30,v6,88000000ffffffffffffa8dd9f4dc5b5
150,14.357199482,10.294580,30,v6,88000000ffffffffffffa8dd9f4dc5b5
151,14.367427393,10.227911,30,v6,88000000ffffffffffffa8dd9f4dc5b5
152,14.378395871,10.968478,30,v6,88000000ffffffffffffa8dd9f4dc5b5
153,14.388681275,10.285404,30,v6,88000000ffffffffffffa8dd9f4dc5b5
154,14.400221862,11.540587,30,v6,88000000ffffffffffffa8dd9f4dc5b5
155,14.411054601,10.832739,30,v6,88000000ffffffffffffa8dd9f4dc5b5
156,14.422251276,11.196675,30,v6,88000000ffffffffffffa8dd9f4dc5b5
157,14.433413523,11.162247,30,v6,88000000ffffffffffffa8dd9f4dc5b5
158,14.443743571,10.330048,30,v6,88000000ffffffffffffa8dd9f4dc5b5
159,14.454703841,10.960270,30,v6,88000000ffffffffffffa8dd9f4dc5b5
160,14.464770828,10.066987,30,v6,88000000ffffffffffffa8dd9f4dc5b5
161,14.474751342,9.980514,30,v6,88000000ffffffffffffa8dd9f4dc5b5
162,14.485899282,11.147940,30,v6,88000000ffffffffffffa8dd9f4dc5b5
163,14.496126822,10.227540,30,v6,88000000ffffffffffffa8dd9f4dc5b5
164,14.507561096,11.434274,30,v6,88000000ffffffffffffa8dd9f4dc5b5
165,14.518750676,11.189580,30,v6,88000000ffffffffffffa8dd9f4dc5b5
166,14.528601370,9.850694,30,v6,88000000ffffffffffffa8dd9f4dc5b5
167,14.540797323,12.195953,30,v6,88000000ffffffffffffa8dd9f4dc5b5
168,14.551148099,10.350776,30,v6,88000000ffffffffffffa8dd9f4dc5b5
169,14.561303282,10.155183,30,v6,88000000ffffffffffffa8dd9f4dc5b5
170,14.572749775,11.446493,30,v6,88000000ffffffffffffa8dd9f4dc5b5
171,14.582612103,9.862328,30,v6,88000000ffffffffffffa8dd9f4dc5b5
172,14.593818352,11.206249,30,v6,88000000ffffffffffffa8dd9f4dc5b5
173,14.604869520,11.051168,30,v6,88000000ffffffffffffa8dd9f4dc5b5
174,14.615006202,10.136682,30,v6,88000000ffffffffffffa8dd9f4dc5b5
175,14.626489293,11.483091,30,v6,88000000ffffffffffffa8dd9f4dc5b5
176,14.637217226,10.727933,30,v6,88000000ffffffffffffa8dd9f4dc5b5
177,14.648539018,11.321792,30,v6,88000000ffffffffffffa8dd9f4dc5b5
178,14.658595525,10.056507,30,v6,88000000ffffffffffffa8dd9f4dc5b5
179,14.668876373,10.280848,30,v6,88000000ffffffffffffa8dd9f4dc5b5
180,14.680080866,11.204493,30,v6,88000000ffffffffffffa8dd9f4dc5b5
181,14.690221472,10.140606,30,v6,88000000ffffffffffffa8dd9f4dc5b5
182,14.701526317,11.304845,30,v6,88000000ffffffffffffa8dd9f4dc5b5
183,14.711600894,10.074577,30,v6,88000000ffffffffffffa8dd9f4dc5b5
184,14.722884769,11.283875,30,v6,88000000ffffffffffffa8dd9f4dc5b5
185,14.733855273,10.970504,30,v6,88000000ffffffffffffa8dd9f4dc5b5
186,14.744035069,10.179796,30,v6,88000000ffffffffffffa8dd9f4dc5b5
187,14.755390233,11.355164,30,v6,88000000ffffffffffffa8dd9f4dc5b5
188,14.766616519,11.226286,30,v6,88000000ffffffffffffa8dd9f4dc5b5
189,14.776621437,10.004918,30,v6,88000000ffffffffffffa8dd9f4dc5b5
190,14.787955712,11.334275,30,v6,88000000ffffffffffffa8dd9f4dc5b5
191,14.798180256,10.224544,30,v6,88000000ffffffffffffa8dd9f4dc5b5
192,14.808992800,10.812544,30,v6,88000000ffffffffffffa8dd9f4dc5b5
193,14.819478085,10.485285,30,v6,88000000ffffffffffffa8dd9f4dc5b5
194,14.830386797,10.908712,30,v6,88000000ffffffffffffa8dd9f4dc5b5
195,14.840933171,10.546374,30,v6,88000000ffffffffffffa8dd9f4dc5b5
196,14.852783457,11.850286,30,v6,88000000ffffffffffffa8dd9f4dc5b5
197,14.863010912,10.227455,30,v6,88000000ffffffffffffa8dd9f4dc5b5
198,14.874306546,11.295634,30,v6,88000000ffffffffffffa8dd9f4dc5b5
199,14.885468689,11.162143,30,v6,88000000ffffffffffffa8dd9f4dc5b5
200,14.895766868,10.298179,30,v6,88000000ffffffffffffa8dd9f4dc5b5
201,14.907078979,11.312111,30,v6,88000000ffffffffffffa8dd9f4dc5b5
202,14.917009960,9.930981,30,v6,88000000ffffffffffffa8dd9f4dc5b5
203,14.927926197,10.916237,30,v6,88000000ffffffffffffa8dd9f4dc5b5
204,14.938207036,10.280839,30,v6,88000000ffffffffffffa8dd9f4dc5b5
205,14.949389188,11.182152,30,v6,88000000ffffffffffffa8dd9f4dc5b5
206,14.959510062,10.120874,30,v6,88000000ffffffffffffa8dd9f4dc5b5
207,14.970832275,11.322213,30,v6,88000000ffffffffffffa8dd9f4dc5b5
208,14.981796778,10.964503,30,v6,88000000ffffffffffffa8dd9f4dc5b5
209,14.993040375,11.243597,30,v6,88000000ffffffffffffa8dd9f4dc5b5
210,15.003260456,10.220081,30,v6,88000000ffffffffffffa8dd9f4dc5b5
211,15.014652517,11.392061,30,v6,88000000ffffffffffffa8dd9f4dc5b5
212,15.025654013,11.001496,30,v6,88000000ffffffffffffa8dd9f4dc5b5
213,15.035882176,10.228163,30,v6,88000000ffffffffffffa8dd9f4dc5b5
214,15.045851210,9.969034,30,v6,88000000ffffffffffffa8dd9f4dc5b5
215,15.056972512,11.121302,30,v6,88000000ffffffffffffa8dd9f4dc5b5
216,15.067131581,10.159069,30,v6,88000000ffffffffffffa8dd9f4dc5b5
217,15.078346151,11.214570,30,v6,88000000ffffffffffffa8dd9f4dc5b5
218,15.089768585,11.422434,30,v6,88000000ffffffffffffa8dd9f4dc5b5
219,15.099789875,10.021290,30,v6,88000000ffffffffffffa8dd9f4dc5b5
220,15.110952628,11.162753,30,v6,88000000ffffffffffffa8dd9f4dc5b5
221,15.122163470,11.210842,30,v6,88000000ffffffffffffa8dd9f4dc5b5
222,15.132325592,10.162122,30,v6,88000000ffffffffffffa8dd9f4dc5b5
223,15.143418129,11.092537,30,v6,88000000ffffffffffffa8dd9f4dc5b5
224,15.153716712,10.298583,30,v6,88000000ffffffffffffa8dd9f4dc5b5
225,15.164835351,11.118639,30,v6,88000000ffffffffffffa8dd9f4dc5b5
226,15.175718900,10.883549,30,v6,88000000ffffffffffffa8dd9f4dc5b5
227,15.187134296,11.415396,30,v6,88000000ffffffffffffa8dd9f4dc5b5
228,15.197371329,10.237033,30,v6,88000000ffffffffffffa8dd9f4dc5b5
229,15.208481723,11.110394,30,v6,88000000ffffffffffffa8dd9f4dc5b5
230,15.218942363,10.460640,30,v6,88000000ffffffffffffa8dd9f4dc5b5
231,15.228902825,9.960462,30,v6,88000000ffffffffffffa8dd9f4dc5b5
232,15.240878815,11.975990,30,v6,88000000ffffffffffffa8dd9f4dc5b5
233,15.251257672,10.378857,30,v6,88000000ffffffffffffa8dd9f4dc5b5
234,15.262495763,11.238091,30,v6,88000000ffffffffffffa8dd9f4dc5b5
235,15.273801448,11.305685,30,v6,88000000ffffffffffffa8dd9f4dc5b5
236,15.283715245,9.913797,30,v6,88000000ffffffffffffa8dd9f4dc5b5
237,15.295201250,11.486005,30,v6,88000000ffffffffffffa8dd9f4dc5b5
238,15.305066210,9.864960,30,v6,88000000ffffffffffffa8dd9f4dc5b5
239,15.315113497,10.047287,30,v6,88000000ffffffffffffa8dd9f4dc5b5
240,15.326218157,11.104660,30,v6,88000000ffffffffffffa8dd9f4dc5b5
241,15.336524303,10.306146,30,v6,88000000ffffffffffffa8dd9f4dc5b5
242,15.347653745,11.129442,30,v6,88000000ffffffffffffa8dd9f4dc5b5
243,15.359704117,12.050372,30,v6,88000000ffffffffffffa8dd9f4dc5b5
244,15.369884912,10.180795,30,v6,88000000ffffffffffffa8dd9f4dc5b5
245,15.381219529,11.334617,30,v6,88000000ffffffffffffa8dd9f4dc5b5
246,15.391231843,10.012314,30,v6,88000000ffffffffffffa8dd9f4dc5b5
247,15.402336983,11.105140,30,v6,88000000ffffffffffffa8dd9f4dc5b5
248,15.422910906,20.573923,30,v6,88000000ffffffffffffa8dd9f4dc5b5
249,15.433816961,10.906055,30,v6,88000000ffffffffffffa8dd9f4dc5b5
250,15.444141583,10.324622,30,v6,88000000ffffffffffffa8dd9f4dc5b5
251,15.455243955,11.102372,30,v6,88000000ffffffffffffa8dd9f4dc5b5
252,15.467593616,12.349661,30,v6,88000000ffffffffffffa8dd9f4dc5b5
253,15.477560561,9.966945,30,v6,88000000ffffffffffffa8dd9f4dc5b5
254,15.487705376,10.144815,30,v6,88000000ffffffffffffa8dd9f4dc5b5
255,15.498897951,11.192575,30,v6,88000000ffffffffffffa8dd9f4dc5b5
256,15.510324908,11.426957,30,v6,88000000ffffffffffffa8dd9f4dc5b5
257,15.520352369,10.027461,30,v6,88000000ffffffffffffa8dd9f4dc5b5
258,15.531458807,11.106438,30,v6,88000000ffffffffffffa8dd9f4dc5b5
259,15.542722793,11.263986,30,v6,88000000ffffffffffffa8dd9f4dc5b5
260,15.552721340,9.998547,30,v6,88000000ffffffffffffa8dd9f4dc5b5
261,15.562954023,10.232683,30,v6,88000000ffffffffffffa8dd9f4dc5b5
262,15.575180275,12.226252,30,v6,88000000ffffffffffffa8dd9f4dc5b5
263,15.586502044,11.321769,30,v6,88000000ffffffffffffa8dd9f4dc5b5
264,15.596485005,9.982961,30,v6,88000000ffffffffffffa8dd9f4dc5b5
265,15.607821500,11.336495,30,v6,88000000ffffffffffffa8dd9f4dc5b5
266,15.617789621,9.968121,30,v6,88000000ffffffffffffa8dd9f4dc5b5
267,15.628098692,10.309071,30,v6,88000000ffffffffffffa8dd9f4dc5b5
268,15.639340214,11.241522,30,v6,88000000ffffffffffffa8dd9f4dc5b5
269,15.650242312,10.902098,30,v6,88000000ffffffffffffa8dd9f4dc5b5
270,15.660583175,10.340863,30,v6,88000000ffffffffffffa8dd9f4dc5b5
271,15.671705235,11.122060,30,v6,88000000ffffffffffffa8dd9f4dc5b5
272,15.681851634,10.146399,30,v6,88000000ffffffffffffa8dd9f4dc5b5
273,15.693146584,11.294950,30,v6,88000000ffffffffffffa8dd9f4dc5b5
274,15.704427788,11.281204,30,v6,88000000ffffffffffffa8dd9f4dc5b5
275,15.715252837,10.825049,30,v6,88000000ffffffffffffa8dd9f4dc5b5
276,15.725679779,10.426942,30,v6,88000000ffffffffffffa8dd9f4dc5b5
277,15.736773809,11.094030,30,v6,88000000ffffffffffffa8dd9f4dc5b5
278,15.746947290,10.173481,30,v6,88000000ffffffffffffa8dd9f4dc5b5
279,15.758231371,11.284081,30,v6,88000000ffffffffffffa8dd9f4dc5b5
280,15.769507896,11.276525,30,v6,88000000ffffffffffffa8dd9f4dc5b5
281,15.779477608,9.969712,30,v6,88000000ffffffffffffa8dd9f4dc5b5
282,15.790539528,11.061920,30,v6,88000000ffffffffffffa8dd9f4dc5b5
283,15.800643218,10.103690,30,v6,88000000ffffffffffffa8dd9f4dc5b5
284,15.813037467,12.394249,30,v6,88000000ffffffffffffa8dd9f4dc5b5
285,15.823213056,10.175589,30,v6,88000000ffffffffffffa8dd9f4dc5b5
286,15.833390666,10.177610,30,v6,88000000ffffffffffffa8dd9f4dc5b5
287,15.844699546,11.308880,30,v6,88000000ffffffffffffa8dd9f4dc5b5
288,15.855934031,11.234485,30,v6,88000000ffffffffffffa8dd9f4dc5b5
289,15.865632375,9.698344,30,v6,88000000ffffffffffffa8dd9f4dc5b5
290,15.875844367,10.211992,30,v6,88000000ffffffffffffa8dd9f4dc5b5
291,15.887066653,11.222286,30,v6,88000000ffffffffffffa8dd9f4dc5b5
292,15.898225358,11.158705,30,v6,88000000ffffffffffffa8dd9f4dc5b5
293,15.908260535,10.035177,30,v6,88000000ffffffffffffa8dd9f4dc5b5
294,15.919694384,11.433849,30,v6,88000000ffffffffffffa8dd9f4dc5b5
295,15.930852800,11.158416,30,v6,88000000ffffffffffffa8dd9f4dc5b5
296,15.941036814,10.184014,30,v6,88000000ffffffffffffa8dd9f4dc5b5
297,15.952205083,11.168269,30,v6,88000000ffffffffffffa8dd9f4dc5b5
298,15.962340095,10.135012,30,v6,88000000ffffffffffffa8dd9f4dc5b5
299,15.973406793,11.066698,30,v6,88000000ffffffffffffa8dd9f4dc5b5
300,15.983682090,10.275297,30,v6,88000000ffffffffffffa8dd9f4dc5b5
301,15.994826495,11.144405,30,v6,88000000ffffffffffffa8dd9f4dc5b5
302,16.004901450,10.074955,30,v6,88000000ffffffffffffa8dd9f4dc5b5
303,16.016069184,11.167734,30,v6,88000000ffffffffffffa8dd9f4dc5b5
304,16.026299714,10.230530,30,v6,88000000ffffffffffffa8dd9f4dc5b5
305,16.038597684,12.297970,30,v6,88000000ffffffffffffa8dd9f4dc5b5
306,16.048751058,10.153374,30,v6,88000000ffffffffffffa8dd9f4dc5b5
307,16.059659829,10.908771,30,v6,88000000ffffffffffffa8dd9f4dc5b5
308,16.069981498,10.321669,30,v6,88000000ffffffffffffa8dd9f4dc5b5
309,16.081157189,11.175691,30,v6,88000000ffffffffffffa8dd9f4dc5b5
310,16.091367522,10.210333,30,v6,88000000ffffffffffffa8dd9f4dc5b5
311,16.101597132,10.229610,30,v6,88000000ffffffffffffa8dd9f4dc5b5
312,16.112684717,11.087585,30,v6,88000000ffffffffffffa8dd9f4dc5b5
313,16.122762659,10.077942,30,v6,88000000ffffffffffffa8dd9f4dc5b5
314,16.133995795,11.233136,30,v6,88000000ffffffffffffa8dd9f4dc5b5
315,16.146150292,12.154497,30,v6,88000000ffffffffffffa8dd9f4dc5b5
316,16.156651353,10.501061,30,v6,88000000ffffffffffffa8dd9f4dc5b5
317,16.166524988,9.873635,30,v6,88000000ffffffffffffa8dd9f4dc5b5
318,16.177686266,11.161278,30,v6,88000000ffffffffffffa8dd9f4dc5b5
319,16.188819189,11.132923,30,v6,88000000ffffffffffffa8dd9f4dc5b5
320,16.199114333,10.295144,30,v6,88000000ffffffffffffa8dd9f4dc5b5
321,16.210311006,11.196673,30,v6,88000000ffffffffffffa8dd9f4dc5b5
322,16.220577786,10.266780,30,v6,88000000ffffffffffffa8dd9f4dc5b5
323,16.231593584,11.015798,30,v6,88000000ffffffffffffa8dd9f4dc5b5
324,16.241771181,10.177597,30,v6,88000000ffffffffffffa8dd9f4dc5b5
325,16.251772210,10.001029,30,v6,88000000ffffffffffffa8dd9f4dc5b5
326,16.263082645,11.310435,30,v6,88000000ffffffffffffa8dd9f4dc5b5
327,16.276297600,13.214955,30,v6,88000000ffffffffffffa8dd9f4dc5b5
328,16.286546368,10.248768,30,v6,88000000ffffffffffffa8dd9f4dc5b5
329,16.297757165,11.210797,30,v6,88000000ffffffffffffa8dd9f4dc5b5
330,16.307752290,9.995125,30,v6,88000000ffffffffffffa8dd9f4dc5b5
331,16.318020487,10.268197,30,v6,88000000ffffffffffffa8dd9f4dc5b5
332,16.329076029,11.055542,30,v6,88000000ffffffffffffa8dd9f4dc5b5
333,16.340222229,11.146200,30,v6,88000000ffffffffffffa8dd9f4dc5b5
334,16.350357098,10.134869,30,v6,88000000ffffffffffffa8dd9f4dc5b5
335,16.361507841,11.150743,30,v6,88000000ffffffffffffa8dd9f4dc5b5
336,16.371932511,10.424670,30,v6,88000000ffffffffffffa8dd9f4dc5b5
337,16.383921640,11.989129,30,v6,88000000ffffffffffffa8dd9f4dc5b5
338,16.394063970,10.142330,30,v6,88000000ffffffffffffa8dd9f4dc5b5
339,16.405201234,11.137264,30,v6,88000000ffffffffffffa8dd9f4dc5b5
340,16.415489815,10.288581,30,v6,88000000ffffffffffffa8dd9f4dc5b5
341,16.426590559,11.100744,30,v6,88000000ffffffffffffa8dd9f4dc5b5
342,16.436786412,10.195853,30,v6,88000000ffffffffffffa8dd9f4dc5b5
343,16.447936072,11.149660,30,v6,88000000ffffffffffffa8dd9f4dc5b5
344,16.458236236,10.300164,30,v6,88000000ffffffffffffa8dd9f4dc5b5
345,16.469421491,11.185255,30,v6,88000000ffffffffffffa8dd9f4dc5b5
346,16.479381371,9.959880,30,v6,88000000ffffffffffffa8dd9f4dc5b5
347,16.489585513,10.204142,30,v6,88000000ffffffffffffa8dd9f4dc5b5
348,16.501792024,12.206511,30,v6,88000000ffffffffffffa8dd9f4dc5b5
349,16.512922832,11.130808,30,v6,88000000ffffffffffffa8dd9f4dc5b5
350,16.523109669,10.186837,30,v6,88000000ffffffffffffa8dd9f4dc5b5
351,16.533485503,10.375834,30,v6,88000000ffffffffffffa8dd9f4dc5b5
352,16.544393182,10.907679,30,v6,88000000ffffffffffffa8dd9f4dc5b5
353,16.554891292,10.498110,30,v6,88000000ffffffffffffa8dd9f4dc5b5
354,16.565644344,10.753052,30,v6,88000000ffffffffffffa8dd9f4dc5b5
355,16.575919607,10.275263,30,v6,88000000ffffffffffffa8dd9f4dc5b5
356,16.587187351,11.267744,30,v6,88000000ffffffffffffa8dd9f4dc5b5
357,16.597251698,10.064347,30,v6,88000000ffffffffffffa8dd9f4dc5b5
358,16.609539449,12.287751,30,v6,88000000ffffffffffffa8dd9f4dc5b5
359,16.620035014,10.495565,30,v6,88000000ffffffffffffa8dd9f4dc5b5
360,16.630786912,10.751898,30,v6,88000000ffffffffffffa8dd9f4dc5b5
361,16.642017289,11.230377,30,v6,88000000ffffffffffffa8dd9f4dc5b5
362,16.652300430,10.283141,30,v6,88000000ffffffffffffa8dd9f4dc5b5
363,16.662358091,10.057661,30,v6,88000000ffffffffffffa8dd9f4dc5b5
364,16.673543451,11.185360,30,v6,88000000ffffffffffffa8dd9f4dc5b5
365,16.685050851,11.507400,30,v6,88000000ffffffffffffa8dd9f4dc5b5
366,16.694793652,9.742801,30,v6,88000000ffffffffffffa8dd9f4dc5b5
367,16.706014861,11.221209,30,v6,88000000ffffffffffffa8dd9f4dc5b5
368,16.717167714,11.152853,30,v6,88000000ffffffffffffa8dd9f4dc5b5
369,16.728425912,11.258198,30,v6,88000000ffffffffffffa8dd9f4dc5b5
370,16.738555752,10.129840,30,v6,88000000ffffffffffffa8dd9f4dc5b5
371,16.749656381,11.100629,30,v6,88000000ffffffffffffa8dd9f4dc5b5
372,16.759905410,10.249029,30,v6,88000000ffffffffffffa8dd9f4dc5b5
373,16.770320304,10.414894,30,v6,88000000ffffffffffffa8dd9f4dc5b5
374,16.781242011,10.921707,30,v6,88000000ffffffffffffa8dd9f4dc5b5
375,16.791493719,10.251708,30,v6,88000000ffffffffffffa8dd9f4dc5b5
376,16.802798136,11.304417,30,v6,88000000ffffffffffffa8dd9f4dc5b5
377,16.813830720,11.032584,30,v6,88000000ffffffffffffa8dd9f4dc5b5
378,16.825059657,11.228937,30,v6,88000000ffffffffffffa8dd9f4dc5b5
379,16.835072819,10.013162,30,v6,88000000ffffffffffffa8dd9f4dc5b5
380,16.846245723,11.172904,30,v6,88000000ffffffffffffa8dd9f4dc5b5
381,16.856596387,10.350664,30,v6,88000000ffffffffffffa8dd9f4dc5b5
382,16.867799222,11.202835,30,v6,88000000ffffffffffffa8dd9f4dc5b5
383,16.878687924,10.888702,30,v6,88000000ffffffffffffa8dd9f4dc5b5
384,16.888829598,10.141674,30,v6,88000000ffffffffffffa8dd9f4dc5b5
385,16.900086358,11.256760,30,v6,88000000ffffffffffffa8dd9f4dc5b5
386,16.910308046,10.221688,30,v6,88000000ffffffffffffa8dd9f4dc5b5
387,16.921679305,11.371259,30,v6,88000000ffffffffffffa8dd9f4dc5b5
388,16.943742486,22.063181,30,v6,88000000ffffffffffffa8dd9f4dc5b5
389,16.953847356,10.104870,30,v6,88000000ffffffffffffa8dd9f4dc5b5
390,16.965123749,11.276393,30,v6,88000000ffffffffffffa8dd9f4dc5b5
391,16.975496271,10.372522,30,v6,88000000ffffffffffffa8dd9f4dc5b5
392,16.986490635,10.994364,30,v6,88000000ffffffffffffa8dd9f4dc5b5
393,16.996538350,10.047715,30,v6,88000000ffffffffffffa8dd9f4dc5b5
394,17.006663922,10.125572,30,v6,88000000ffffffffffffa8dd9f4dc5b5
395,17.017932174,11.268252,30,v6,88000000ffffffffffffa8dd9f4dc5b5
396,17.029081134,11.148960,30,v6,88000000ffffffffffffa8dd9f4dc5b5
397,17.040271508,11.190374,30,v6,88000000ffffffffffffa8dd9f4dc5b5
398,17.051646991,11.375483,30,v6,88000000ffffffffffffa8dd9f4dc5b5
399,17.061608161,9.961170,30,v6,88000000ffffffffffffa8dd9f4dc5b5
400,17.071926941,10.318780,30,v6,88000000ffffffffffffa8dd9f4dc5b5
401,17.082721901,10.794960,30,v6,88000000ffffffffffffa8dd9f4dc5b5
402,17.094328364,11.606463,30,v6,88000000ffffffffffffa8dd9f4dc5b5
403,17.104387744,10.059380,30,v6,88000000ffffffffffffa8dd9f4dc5b5
404,17.114430768,10.043024,30,v6,88000000ffffffffffffa8dd9f4dc5b5
405,17.125861104,11.430336,30,v6,88000000ffffffffffffa8dd9f4dc5b5
406,17.136635492,10.774388,30,v6,88000000ffffffffffffa8dd9f4dc5b5
407,17.146727656,10.092164,30,v6,88000000ffffffffffffa8dd9f4dc5b5
408,17.158223608,11.495952,30,v6,88000000ffffffffffffa8dd9f4dc5b5
409,17.169564234,11.340626,30,v6,88000000ffffffffffffa8dd9f4dc5b5
410,17.179615868,10.051634,30,v6,88000000ffffffffffffa8dd9f4dc5b5
411,17.190912874,11.297006,30,v6,88000000ffffffffffffa8dd9f4dc5b5
412,17.200921741,10.008867,30,v6,88000000ffffffffffffa8dd9f4dc5b5
413,17.211987115,11.065374,30,v6,88000000ffffffffffffa8dd9f4dc5b5
414,17.223229161,11.242046,30,v6,88000000ffffffffffffa8dd9f4dc5b5
415,17.233163373,9.934212,30,v6,88000000ffffffffffffa8dd9f4dc5b5
416,17.243431164,10.267791,30,v6,88000000ffffffffffffa8dd9f4dc5b5
417,17.254906038,11.474874,30,v6,88000000ffffffffffffa8dd9f4dc5b5
418,17.265891734,10.985696,30,v6,88000000ffffffffffffa8dd9f4dc5b5
419,17.277088368,11.196634,30,v6,88000000ffffffffffffa8dd9f4dc5b5
420,17.288204703,11.116335,30,v6,88000000ffffffffffffa8dd9f4dc5b5
421,17.298317541,10.112838,30,v6,88000000ffffffffffffa8dd9f4dc5b5
422,17.308718448,10.400907,30,v6,88000000ffffffffffffa8dd9f4dc5b5
423,17.319760836,11.042388,30,v6,88000000ffffffffffffa8dd9f4dc5b5
424,17.329958588,10.197752,30,v6,88000000ffffffffffffa8dd9f4dc5b5
425,17.341184410,11.225822,30,v6,88000000ffffffffffffa8dd9f4dc5b5
426,17.351430519,10.246109,30,v6,88000000ffffffffffffa8dd9f4dc5b5
427,17.362600669,11.170150,30,v6,88000000ffffffffffffa8dd9f4dc5b5
428,17.372631672,10.031003,30,v6,88000000ffffffffffffa8dd9f4dc5b5
429,17.383709905,11.078233,30,v6,88000000ffffffffffffa8dd9f4dc5b5
430,17.393849978,10.140073,30,v6,88000000ffffffffffffa8dd9f4dc5b5
431,17.406260889,12.410911,30,v6,88000000ffffffffffffa8dd9f4dc5b5
432,17.416356649,10.095760,30,v6,88000000ffffffffffffa8dd9f4dc5b5
433,17.427275912,10.919263,30,v6,88000000ffffffffffffa8dd9f4dc5b5
434,17.437685026,10.409114,30,v6,88000000ffffffffffffa8dd9f4dc5b5
435,17.448936241,11.251215,30,v6,88000000ffffffffffffa8dd9f4dc5b5
436,17.459984022,11.047781,30,v6,88000000ffffffffffffa8dd9f4dc5b5
437,17.470246921,10.262899,30,v6,88000000ffffffffffffa8dd9f4dc5b5
438,17.480331445,10.084524,30,v6,88000000ffffffffffffa8dd9f4dc5b5
439,17.491561840,11.230395,30,v6,88000000ffffffffffffa8dd9f4dc5b5
440,17.501756156,10.194316,30,v6,88000000ffffffffffffa8dd9f4dc5b5
441,17.512693611,10.937455,30,v6,88000000ffffffffffffa8dd9f4dc5b5
442,17.523884191,11.190580,30,v6,88000000ffffffffffffa8dd9f4dc5b5
443,17.535207758,11.323567,30,v6,88000000ffffffffffffa8dd9f4dc5b5
444,17.545191423,9.983665,30,v6,88000000ffffffffffffa8dd9f4dc5b5
445,17.556511259,11.319836,30,v6,88000000ffffffffffffa8dd9f4dc5b5
446,17.566469863,9.958604,30,v6,88000000ffffffffffffa8dd9f4dc5b5
447,17.577824304,11.354441,30,v6,88000000ffffffffffffa8dd9f4dc5b5
448,17.588894098,11.069794,30,v6,88000000ffffffffffffa8dd9f4dc5b5
449,17.598998893,10.104795,30,v6,88000000ffffffffffffa8dd9f4dc5b5
450,17.610235376,11.236483,30,v6,88000000ffffffffffffa8dd9f4dc5b5
451,17.620254534,10.019158,30,v6,88000000ffffffffffffa8dd9f4dc5b5
452,17.632619162,12.364628,30,v6,88000000ffffffffffffa8dd9f4dc5b5
453,17.642744178,10.125016,30,v6,88000000ffffffffffffa8dd9f4dc5b5
454,17.654134721,11.390543,30,v6,88000000ffffffffffffa8dd9f4dc5b5
455,17.664298742,10.164021,30,v6,88000000ffffffffffffa8dd9f4dc5b5
456,17.674638039,10.339297,30,v6,88000000ffffffffffffa8dd9f4dc5b5
457,17.685687072,11.049033,30,v6,88000000ffffffffffffa8dd9f4dc5b5
458,17.695693029,10.005957,30,v6,88000000ffffffffffffa8dd9f4dc5b5
459,17.707073154,11.380125,30,v6,88000000ffffffffffffa8dd9f4dc5b5
460,17.717138611,10.065457,30,v6,88000000ffffffffffffa8dd9f4dc5b5
461,17.727955254,10.816643,30,v6,88000000ffffffffffffa8dd9f4dc5b5
462,17.739389321,11.434067,30,v6,88000000ffffffffffffa8dd9f4dc5b5
463,17.750650078,11.260757,30,v6,88000000ffffffffffffa8dd9f4dc5b5
464,17.761514858,10.864780,30,v6,88000000ffffffffffffa8dd9f4dc5b5
465,17.771812184,10.297326,30,v6,88000000ffffffffffffa8dd9f4dc5b5
466,17.782879960,11.067776,30,v6,88000000ffffffffffffa8dd9f4dc5b5
467,17.793189237,10.309277,30,v6,88000000ffffffffffffa8dd9f4dc5b5
468,17.804198025,11.008788,30,v6,88000000ffffffffffffa8dd9f4dc5b5
469,17.814704009,10.505984,30,v6,88000000ffffffffffffa8dd9f4dc5b5
470,17.825763319,11.059310,30,v6,88000000ffffffffffffa8dd9f4dc5b5
471,17.835883405,10.120086,30,v6,88000000ffffffffffffa8dd9f4dc5b5
472,17.846867880,10.984475,30,v6,88000000ffffffffffffa8dd9f4dc5b5
473,17.859365781,12.497901,30,v6,88000000ffffffffffffa8dd9f4dc5b5
474,17.880591574,21.225793,30,v6,88000000ffffffffffffa8dd9f4dc5b5
475,17.890777030,10.185456,30,v6,88000000ffffffffffffa8dd9f4dc5b5
476,17.901956970,11.179940,30,v6,88000000ffffffffffffa8dd9f4dc5b5
477,17.911873114,9.916144,30,v6,88000000ffffffffffffa8dd9f4dc5b5
478,17.923343554,11.470440,30,v6,88000000ffffffffffffa8dd9f4dc5b5
479,17.933422734,10.079180,30,v6,88000000ffffffffffffa8dd9f4dc5b5
480,17.944609337,11.186603,30,v6,88000000ffffffffffffa8dd9f4dc5b5
481,17.954810603,10.201266,30,v6,88000000ffffffffffffa8dd9f4dc5b5
482,17.966010854,11.200251,30,v6,88000000ffffffffffffa8dd9f4dc5b5
483,17.975958349,9.947495,30,v6,88000000ffffffffffffa8dd9f4dc5b5
484,17.988237858,12.279509,30,v6,88000000ffffffffffffa8dd9f4dc5b5
485,17.998462546,10.224688,30,v6,88000000ffffffffffffa8dd9f4dc5b5
486,18.009751740,11.289194,30,v6,88000000ffffffffffffa8dd9f4dc5b5
487,18.019867355,10.115615,30,v6,88000000ffffffffffffa8dd9f4dc5b5
488,18.029938608,10.071253,30,v6,88000000ffffffffffffa8dd9f4dc5b5
489,18.040984764,11.046156,30,v6,88000000ffffffffffffa8dd9f4dc5b5
490,18.051362405,10.377641,30,v6,88000000ffffffffffffa8dd9f4dc5b5
491,18.062449922,11.087517,30,v6,88000000ffffffffffffa8dd9f4dc5b5
492,18.073868572,11.418650,30,v6,88000000ffffffffffffa8dd9f4dc5b5
493,18.084893297,11.024725,30,v6,88000000ffffffffffffa8dd9f4dc5b5
494,18.095950486,11.057189,30,v6,88000000ffffffffffffa8dd9f4dc5b5
495,18.106158050,10.207564,30,v6,88000000ffffffffffffa8dd9f4dc5b5
496,18.116544868,10.386818,30,v6,88000000ffffffffffffa8dd9f4dc5b5
497,18.127308119,10.763251,30,v6,88000000ffffffffffffa8dd9f4dc5b5
498,18.138643930,11.335811,30,v6,88000000ffffffffffffa8dd9f4dc5b5
499,18.148787435,10.143505,30,v6,88000000ffffffffffffa8dd9f4dc5b5
500,18.159906667,11.119232,30,v6,88000000ffffffffffffa8dd9f4dc5b5
501,18.170108110,10.201443,30,v6,88000000ffffffffffffa8dd9f4dc5b5
502,18.180155927,10.047817,30,v6,88000000ffffffffffffa8dd9f4dc5b5
503,18.191599599,11.443672,30,v6,88000000ffffffffffffa8dd9f4dc5b5
504,18.202667036,11.067437,30,v6,88000000ffffffffffffa8dd9f4dc5b5
505,18.213620104,10.953068,30,v6,88000000ffffffffffffa8dd9f4dc5b5
506,18.223931048,10.310944,30,v6,88000000ffffffffffffa8dd9f4dc5b5
507,18.234968792,11.037744,30,v6,88000000ffffffffffffa8dd9f4dc5b5
508,18.245374405,10.405613,30,v6,88000000ffffffffffffa8dd9f4dc5b5
509,18.256441146,11.066741,30,v6,88000000ffffffffffffa8dd9f4dc5b5
510,18.266656725,10.215579,30,v6,88000000ffffffffffffa8dd9f4dc5b5
511,18.277817565,11.160840,30,v6,88000000ffffffffffffa8dd9f4dc5b5
512,18.287978533,10.160968,30,v6,88000000ffffffffffffa8dd9f4dc5b5
513,18.299101493,11.122960,30,v6,88000000ffffffffffffa8dd9f4dc5b5
514,18.309371781,10.270288,30,v6,88000000ffffffffffffa8dd9f4dc5b5
515,18.321319911,11.948130,30,v6,88000000ffffffffffffa8dd9f4dc5b5
516,18.331631298,10.311387,30,v6,88000000ffffffffffffa8dd9f4dc5b5
517,18.342913469,11.282171,30,v6,88000000ffffffffffffa8dd9f4dc5b5
518,18.352807196,9.893727,30,v6,88000000ffffffffffffa8dd9f4dc5b5
519,18.364189874,11.382678,30,v6,88000000ffffffffffffa8dd9f4dc5b5
520,18.374352371,10.162497,30,v6,88000000ffffffffffffa8dd9f4dc5b5
521,18.385431772,11.079401,30,v6,88000000ffffffffffffa8dd9f4dc5b5
522,18.395845964,10.414192,30,v6,88000000ffffffffffffa8dd9f4dc5b5
523,18.405782162,9.936198,30,v6,88000000ffffffffffffa8dd9f4dc5b5
524,18.417074360,11.292198,30,v6,88000000ffffffffffffa8dd9f4dc5b5
525,18.429220308,12.145948,30,v6,88000000ffffffffffffa8dd9f4dc5b5
526,18.439676634,10.456326,30,v6,88000000ffffffffffffa8dd9f4dc5b5
527,18.450473180,10.796546,30,v6,88000000ffffffffffffa8dd9f4dc5b5
528,18.461651548,11.178368,30,v6,88000000ffffffffffffa8dd9f4dc5b5
529,18.471939848,10.288300,30,v6,88000000ffffffffffffa8dd9f4dc5b5
530,18.483014163,11.074315,30,v6,88000000ffffffffffffa8dd9f4dc5b5
531,18.493229315,10.215152,30,v6,88000000ffffffffffffa8dd9f4dc5b5
532,18.503442298,10.212983,30,v6,88000000ffffffffffffa8dd9f4dc5b5
533,18.514505221,11.062923,30,v6,88000000ffffffffffffa8dd9f4dc5b5
534,18.525636907,11.131686,30,v6,88000000ffffffffffffa8dd9f4dc5b5
535,18.535802172,10.165265,30,v6,88000000ffffffffffffa8dd9f4dc5b5
536,18.547915405,12.113233,30,v6,88000000ffffffffffffa8dd9f4dc5b5
537,18.558130781,10.215376,30,v6,88000000ffffffffffffa8dd9f4dc5b5
538,18.569249603,11.118822,30,v6,88000000ffffffffffffa8dd9f4dc5b5
539,18.579552017,10.302414,30,v6,88000000ffffffffffffa8dd9f4dc5b5
540,18.590860505,11.308488,30,v6,88000000ffffffffffffa8dd9f4dc5b5
541,18.600804487,9.943982,30,v6,88000000ffffffffffffa8dd9f4dc5b5
542,18.611133572,10.329085,30,v6,88000000ffffffffffffa8dd9f4dc5b5
543,18.622255718,11.122146,30,v6,88000000ffffffffffffa8dd9f4dc5b5
544,18.632301126,10.045408,30,v6,88000000ffffffffffffa8dd9f4dc5b5
545,18.644681697,12.380571,30,v6,88000000ffffffffffffa8dd9f4dc5b5
546,18.654737103,10.055406,30,v6,88000000ffffffffffffa8dd9f4dc5b5
547,18.665948258,11.211155,30,v6,88000000ffffffffffffa8dd9f4dc5b5
548,18.676026456,10.078198,30,v6,88000000ffffffffffffa8dd9f4dc5b5
549,18.687194365,11.167909,30,v6,88000000ffffffffffffa8dd9f4dc5b5
550,18.697343584,10.149219,30,v6,88000000ffffffffffffa8dd9f4dc5b5
551,18.708537079,11.193495,30,v6,88000000ffffffffffffa8dd9f4dc5b5
552,18.718722178,10.185099,30,v6,88000000ffffffffffffa8dd9f4dc5b5
553,18.729674944,10.952766,30,v6,88000000ffffffffffffa8dd9f4dc5b5
554,18.740202475,10.527531,30,v6,88000000ffffffffffffa8dd9f4dc5b5
555,18.751072000,10.869525,30,v6,88000000ffffffffffffa8dd9f4dc5b5
556,18.761394985,10.322985,30,v6,88000000ffffffffffffa8dd9f4dc5b5
557,18.773527500,12.132515,30,v6,88000000ffffffffffffa8dd9f4dc5b5
558,18.783883118,10.355618,30,v6,88000000ffffffffffffa8dd9f4dc5b5
559,18.794922126,11.039008,30,v6,88000000ffffffffffffa8dd9f4dc5b5
560,18.805924141,11.002015,30,v6,88000000ffffffffffffa8dd9f4dc5b5
561,18.816641923,10.717782,30,v6,88000000ffffffffffffa8dd9f4dc5b5
562,18.827769570,11.127647,30,v6,88000000ffffffffffffa8dd9f4dc5b5
563,18.837580695,9.811125,30,v6,88000000ffffffffffffa8dd9f4dc5b5
564,18.848850704,11.270009,30,v6,88000000ffffffffffffa8dd9f4dc5b5
565,18.858828209,9.977505,30,v6,88000000ffffffffffffa8dd9f4dc5b5
566,18.870187747,11.359538,30,v6,88000000ffffffffffffa8dd9f4dc5b5
567,18.880256421,10.068674,30,v6,88000000ffffffffffffa8dd9f4dc5b5
568,18.892443268,12.186847,30,v6,88000000ffffffffffffa8dd9f4dc5b5
569,18.902655739,10.212471,30,v6,88000000ffffffffffffa8dd9f4dc5b5
570,18.913999085,11.343346,30,v6,88000000ffffffffffffa8dd9f4dc5b5
571,18.923972468,9.973383,30,v6,88000000ffffffffffffa8dd9f4dc5b5
572,18.935041351,11.068883,30,v6,88000000ffffffffffffa8dd9f4dc5b5
573,18.945394908,10.353557,30,v6,88000000ffffffffffffa8dd9f4dc5b5
574,18.956550816,11.155908,30,v6,88000000ffffffffffffa8dd9f4dc5b5
575,18.966491137,9.940321,30,v6,88000000ffffffffffffa8dd9f4dc5b5
576,18.977904186,11.413049,30,v6,88000000ffffffffffffa8dd9f4dc5b5
577,18.988045162,10.140976,30,v6,88000000ffffffffffffa8dd9f4dc5b5
578,19.000134528,12.089366,30,v6,88000000ffffffffffffa8dd9f4dc5b5
579,19.010447095,10.312567,30,v6,88000000ffffffffffffa8dd9f4dc5b5
580,19.021659183,11.212088,30,v6,88000000ffffffffffffa8dd9f4dc5b5
581,19.031662219,10.003036,30,v6,88000000ffffffffffffa8dd9f4dc5b5
582,19.043010285,11.348066,30,v6,88000000ffffffffffffa8dd9f4dc5b5
583,19.053003874,9.993589,30,v6,88000000ffffffffffffa8dd9f4dc5b5
584,19.064263965,11.260091,30,v6,88000000ffffffffffffa8dd9f4dc5b5
585,19.074319182,10.055217,30,v6,88000000ffffffffffffa8dd9f4dc5b5
586,19.085573034,11.253852,30,v6,88000000ffffffffffffa8dd9f4dc5b5
587,19.095562794,9.989760,30,v6,88000000ffffffffffffa8dd9f4dc5b5
588,19.108094579,12.531785,30,v6,88000000ffffffffffffa8dd9f4dc5b5
589,19.117926789,9.832210,30,v6,88000000ffffffffffffa8dd9f4dc5b5
590,19.129283041,11.356252,30,v6,88000000ffffffffffffa8dd9f4dc5b5
591,19.139304283,10.021242,30,v6,88000000ffffffffffffa8dd9f4dc5b5
592,19.149636116,10.331833,30,v6,88000000ffffffffffffa8dd9f4dc5b5
593,19.160715805,11.079689,30,v6,88000000ffffffffffffa8dd9f4dc5b5
594,19.171948722,11.232917,30,v6,88000000ffffffffffffa8dd9f4dc5b5
595,19.182041673,10.092951,30,v6,88000000ffffffffffffa8dd9f4dc5b5
596,19.193167280,11.125607,30,v6,88000000ffffffffffffa8dd9f4dc5b5
597,19.203389553,10.222273,30,v6,88000000ffffffffffffa8dd9f4dc5b5
598,19.215821118,12.431565,30,v6,88000000ffffffffffffa8dd9f4dc5b5
599,19.225739249,9.918131,30,v6,88000000ffffffffffffa8dd9f4dc5b5
600,19.235752010,10.012761,30,v6,88000000ffffffffffffa8dd9f4dc5b5
601,19.247133514,11.381504,30,v6,88000000ffffffffffffa8dd9f4dc5b5
602,19.258348245,11.214731,30,v6,88000000ffffffffffffa8dd9f4dc5b5
603,19.268270853,9.922608,30,v6,88000000ffffffffffffa8dd9f4dc5b5
604,19.279701939,11.431086,30,v6,88000000ffffffffffffa8dd9f4dc5b5
605,19.289934390,10.232451,30,v6,88000000ffffffffffffa8dd9f4dc5b5
606,19.299858410,9.924020,30,v6,88000000ffffffffffffa8dd9f4dc5b5
607,19.311097978,11.239568,30,v6,88000000ffffffffffffa8dd9f4dc5b5
608,19.322543268,11.445290,30,v6,88000000ffffffffffffa8dd9f4dc5b5
609,19.332648352,10.105084,30,v6,88000000ffffffffffffa8dd9f4dc5b5
610,19.344454604,11.806252,30,v6,88000000ffffffffffffa8dd9f4dc5b5
611,19.354726453,10.271849,30,v6,88000000ffffffffffffa8dd9f4dc5b5
612,19.366092774,11.366321,30,v6,88000000ffffffffffffa8dd9f4dc5b5
613,19.376079448,9.986674,30,v6,88000000ffffffffffffa8dd9f4dc5b5
614,19.387280985,11.201537,30,v6,88000000ffffffffffffa8dd9f4dc5b5
615,19.397473274,10.192289,30,v6,88000000ffffffffffffa8dd9f4dc5b5
616,19.408556696,11.083422,30,v6,88000000ffffffffffffa8dd9f4dc5b5
617,19.418898476,10.341780,30,v6,88000000ffffffffffffa8dd9f4dc5b5
618,19.429915564,11.017088,30,v6,88000000ffffffffffffa8dd9f4dc5b5
619,19.440062475,10.146911,30,v6,88000000ffffffffffffa8dd9f4dc5b5
620,19.451553495,11.491020,30,v6,88000000ffffffffffffa8dd9f4dc5b5
621,19.461480723,9.927228,30,v6,88000000ffffffffffffa8dd9f4dc5b5
622,19.473709180,12.228457,30,v6,88000000ffffffffffffa8dd9f4dc5b5
623,19.483936754,10.227574,30,v6,88000000ffffffffffffa8dd9f4dc5b5
624,19.494814789,10.878035,30,v6,88000000ffffffffffffa8dd9f4dc5b5
625,19.505094987,10.280198,30,v6,88000000ffffffffffffa8dd9f4dc5b5
626,19.516397922,11.302935,30,v6,88000000ffffffffffffa8dd9f4dc5b5
627,19.526511937,10.114015,30,v6,88000000ffffffffffffa8dd9f4dc5b5
628,19.537858287,11.346350,30,v6,88000000ffffffffffffa8dd9f4dc5b5
629,19.547756963,9.898676,30,v6,88000000ffffffffffffa8dd9f4dc5b5
630,19.558936715,11.179752,30,v6,88000000ffffffffffffa8dd9f4dc5b5
631,19.569278026,10.341311,30,v6,88000000ffffffffffffa8dd9f4dc5b5
632,19.580272738,10.994712,30,v6,88000000ffffffffffffa8dd9f4dc5b5
633,19.591477530,11.204792,30,v6,88000000ffffffffffffa8dd9f4dc5b5
634,19.602921597,11.444067,30,v6,88000000ffffffffffffa8dd9f4dc5b5
635,19.612874133,9.952536,30,v6,88000000ffffffffffffa8dd9f4dc5b5
636,19.624080910,11.206777,30,v6,88000000ffffffffffffa8dd9f4dc5b5
637,19.634255384,10.174474,30,v6,88000000ffffffffffffa8dd9f4dc5b5
638,19.645373776,11.118392,30,v6,88000000ffffffffffffa8dd9f4dc5b5
639,19.655352103,9.978327,30,v6,88000000ffffffffffffa8dd9f4dc5b5
640,19.665643016,10.290913,30,v6,88000000ffffffffffffa8dd9f4dc5b5
641,19.677019930,11.376914,30,v6,88000000ffffffffffffa8dd9f4dc5b5
642,19.686917867,9.897937,30,v6,88000000ffffffffffffa8dd9f4dc5b5
643,19.699011155,12.093288,30,v6,88000000ffffffffffffa8dd9f4dc5b5
644,19.709470314,10.459159,30,v6,88000000ffffffffffffa8dd9f4dc5b5
645,19.720281767,10.811453,30,v6,88000000ffffffffffffa8dd9f4dc5b5
646,19.730605665,10.323898,30,v6,88000000ffffffffffffa8dd9f4dc5b5
647,19.741801834,11.196169,30,v6,88000000ffffffffffffa8dd9f4dc5b5
648,19.752919516,11.117682,30,v6,88000000ffffffffffffa8dd9f4dc5b5
649,19.762999750,10.080234,30,v6,88000000ffffffffffffa8dd9f4dc5b5
650,19.774436704,11.436954,30,v6,88000000ffffffffffffa8dd9f4dc5b5
651,19.784557959,10.121255,30,v6,88000000ffffffffffffa8dd9f4dc5b5
652,19.795683288,11.125329,30,v6,88000000ffffffffffffa8dd9f4dc5b5
653,19.806685879,11.002591,30,v6,88000000ffffffffffffa8dd9f4dc5b5
654,19.816952465,10.266586,30,v6,88000000ffffffffffffa8dd9f4dc5b5
655,19.828227786,11.275321,30,v6,88000000ffffffffffffa8dd9f4dc5b5
656,19.838433574,10.205788,30,v6,88000000ffffffffffffa8dd9f4dc5b5
657,19.849308706,10.875132,30,v6,88000000ffffffffffffa8dd9f4dc5b5
658,19.859864234,10.555528,30,v6,88000000ffffffffffffa8dd9f4dc5b5
659,19.870881460,11.017226,30,v6,88000000ffffffffffffa8dd9f4dc5b5
660,19.881099535,10.218075,30,v6,88000000ffffffffffffa8dd9f4dc5b5
661,19.892130788,11.031253,30,v6,88000000ffffffffffffa8dd9f4dc5b5
662,19.902309626,10.178838,30,v6,88000000ffffffffffffa8dd9f4dc5b5
663,19.914346097,12.036471,30,v6,88000000ffffffffffffa8dd9f4dc5b5
664,19.924941028,10.594931,30,v6,88000000ffffffffffffa8dd9f4dc5b5
665,19.935846697,10.905669,30,v6,88000000ffffffffffffa8dd9f4dc5b5
666,19.945968076,10.121379,30,v6,88000000ffffffffffffa8dd9f4dc5b5
667,19.957282732,11.314656,30,v6,88000000ffffffffffffa8dd9f4dc5b5
668,19.967367094,10.084362,30,v6,88000000ffffffffffffa8dd9f4dc5b5
669,19.978482158,11.115064,30,v6,88000000ffffffffffffa8dd9f4dc5b5
670,19.988624402,10.142244,30,v6,88000000ffffffffffffa8dd9f4dc5b5
671,19.999853281,11.228879,30,v6,88000000ffffffffffffa8dd9f4dc5b5
672,20.009990005,10.136724,30,v6,88000000ffffffffffffa8dd9f4dc5b5
673,20.021260490,11.270485,30,v6,88000000ffffffffffffa8dd9f4dc5b5
674,20.032454741,11.194251,30,v6,88000000ffffffffffffa8dd9f4dc5b5
675,20.043963332,11.508591,30,v6,88000000ffffffffffffa8dd9f4dc5b5
676,20.053636443,9.673111,30,v6,88000000ffffffffffffa8dd9f4dc5b5
677,20.064950671,11.314228,30,v6,88000000ffffffffffffa8dd9f4dc5b5
678,20.075090187,10.139516,30,v6,88000000ffffffffffffa8dd9f4dc5b5
679,20.085188849,10.098662,30,v6,88000000ffffffffffffa8dd9f4dc5b5
680,20.096348815,11.159966,30,v6,88000000ffffffffffffa8dd9f4dc5b5
681,20.106572836,10.224021,30,v6,88000000ffffffffffffa8dd9f4dc5b5
682,20.118823702,12.250866,30,v6,88000000ffffffffffffa8dd9f4dc5b5
683,20.129952765,11.129063,30,v6,88000000ffffffffffffa8dd9f4dc5b5
684,20.140056626,10.103861,30,v6,88000000ffffffffffffa8dd9f4dc5b5
685,20.151541230,11.484604,30,v6,88000000ffffffffffffa8dd9f4dc5b5
686,20.161430839,9.889609,30,v6,88000000ffffffffffffa8dd9f4dc5b5
687,20.171770132,10.339293,30,v6,88000000ffffffffffffa8dd9f4dc5b5
688,20.182666634,10.896502,30,v6,88000000ffffffffffffa8dd9f4dc5b5
689,20.192930647,10.264013,30,v6,88000000ffffffffffffa8dd9f4dc5b5
690,20.203992681,11.062034,30,v6,88000000ffffffffffffa8dd9f4dc5b5
691,20.214251211,10.258530,30,v6,88000000ffffffffffffa8dd9f4dc5b5
692,20.225524000,11.272789,30,v6,88000000ffffffffffffa8dd9f4dc5b5
693,20.236646005,11.122005,30,v6,88000000ffffffffffffa8dd9f4dc5b5
694,20.247788956,11.142951,30,v6,88000000ffffffffffffa8dd9f4dc5b5
695,20.258151570,10.362614,30,v6,88000000ffffffffffffa8dd9f4dc5b5
696,20.269028087,10.876517,30,v6,88000000ffffffffffffa8dd9f4dc5b5
697,20.279418662,10.390575,30,v6,88000000ffffffffffffa8dd9f4dc5b5
698,20.290500983,11.082321,30,v6,88000000ffffffffffffa8dd9f4dc5b5
699,20.300617510,10.116527,30,v6,88000000ffffffffffffa8dd9f4dc5b5
700,20.311760270,11.142760,30,v6,88000000ffffffffffffa8dd9f4dc5b5
701,20.321816160,10.055890,30,v6,88000000ffffffffffffa8dd9f4dc5b5
702,20.333213671,11.397511,30,v6,88000000ffffffffffffa8dd9f4dc5b5
703,20.344374964,11.161293,30,v6,88000000ffffffffffffa8dd9f4dc5b5
704,20.355480898,11.105934,30,v6,88000000ffffffffffffa8dd9f4dc5b5
705,20.365804514,10.323616,30,v6,88000000ffffffffffffa8dd9f4dc5b5
706,20.377055264,11.250750,30,v6,88000000ffffffffffffa8dd9f4dc5b5
707,20.387059114,10.003850,30,v6,88000000ffffffffffffa8dd9f4dc5b5
708,20.397303163,10.244049,30,v6,88000000ffffffffffffa8dd9f4dc5b5
709,20.408383896,11.080733,30,v6,88000000ffffffffffffa8dd9f4dc5b5
710,20.418599230,10.215334,30,v6,88000000ffffffffffffa8dd9f4dc5b5
711,20.429675626,11.076396,30,v6,88000000ffffffffffffa8dd9f4dc5b5
712,20.439802998,10.127372,30,v6,88000000ffffffffffffa8dd9f4dc5b5
713,20.450888152,11.085154,30,v6,88000000ffffffffffffa8dd9f4dc5b5
714,20.463283976,12.395824,30,v6,88000000ffffffffffffa8dd9f4dc5b5
715,20.473288617,10.004641,30,v6,88000000ffffffffffffa8dd9f4dc5b5
716,20.484543702,11.255085,30,v6,88000000ffffffffffffa8dd9f4dc5b5
717,20.494692644,10.148942,30,v6,88000000ffffffffffffa8dd9f4dc5b5
718,20.506048558,11.355914,30,v6,88000000ffffffffffffa8dd9f4dc5b5
719,20.516107008,10.058450,30,v6,88000000ffffffffffffa8dd9f4dc5b5
720,20.527260753,11.153745,30,v6,88000000ffffffffffffa8dd9f4dc5b5
721,20.537377611,10.116858,30,v6,88000000ffffffffffffa8dd9f4dc5b5
722,20.548559203,11.181592,30,v6,88000000ffffffffffffa8dd9f4dc5b5
723,20.558782362,10.223159,30,v6,88000000ffffffffffffa8dd9f4dc5b5
724,20.570799769,12.017407,30,v6,88000000ffffffffffffa8dd9f4dc5b5
725,20.581132163,10.332394,30,v6,88000000ffffffffffffa8dd9f4dc5b5
726,20.592527786,11.395623,30,v6,88000000ffffffffffffa8dd9f4dc5b5
727,20.602404746,9.876960,30,v6,88000000ffffffffffffa8dd9f4dc5b5
728,20.613858695,11.453949,30,v6,88000000ffffffffffffa8dd9f4dc5b5
729,20.624742994,10.884299,30,v6,88000000ffffffffffffa8dd9f4dc5b5
730,20.634983448,10.240454,30,v6,88000000ffffffffffffa8dd9f4dc5b5
731,20.645319961,10.336513,30,v6,88000000ffffffffffffa8dd9f4dc5b5
732,20.656259061,10.939100,30,v6,88000000ffffffffffffa8dd9f4dc5b5
733,20.666513244,10.254183,30,v6,88000000ffffffffffffa8dd9f4dc5b5
734,20.677384115,10.870871,30,v6,88000000ffffffffffffa8dd9f4dc5b5
735,20.688634410,11.250295,30,v6,88000000ffffffffffffa8dd9f4dc5b5
736,20.699869126,11.234716,30,v6,88000000ffffffffffffa8dd9f4dc5b5
737,20.711033786,11.164660,30,v6,88000000ffffffffffffa8dd9f4dc5b5
738,20.721098627,10.064841,30,v6,88000000ffffffffffffa8dd9f4dc5b5
739,20.732514735,11.416108,30,v6,88000000ffffffffffffa8dd9f4dc5b5
740,20.742769230,10.254495,30,v6,88000000ffffffffffffa8dd9f4dc5b5
741,20.753729228,10.959998,30,v6,88000000ffffffffffffa8dd9f4dc5b5
742,20.763822882,10.093654,30,v6,88000000ffffffffffffa8dd9f4dc5b5
743,20.774072019,10.249137,30,v6,88000000ffffffffffffa8dd9f4dc5b5
744,20.785250337,11.178318,30,v6,88000000ffffffffffffa8dd9f4dc5b5
745,20.796486063,11.235726,30,v6,88000000ffffffffffffa8dd9f4dc5b5
746,20.807587778,11.101715,30,v6,88000000ffffffffffffa8dd9f4dc5b5
747,20.818798823,11.211045,30,v6,88000000ffffffffffffa8dd9f4dc5b5
748,20.828955133,10.156310,30,v6,88000000ffffffffffffa8dd9f4dc5b5
749,20.839153671,10.198538,30,v6,88000000ffffffffffffa8dd9f4dc5b5
750,20.850154820,11.001149,30,v6,88000000ffffffffffffa8dd9f4dc5b5
751,20.861473965,11.319145,30,v6,88000000ffffffffffffa8dd9f4dc5b5
752,20.871523888,10.049923,30,v6,88000000ffffffffffffa8dd9f4dc5b5
753,20.881989717,10.465829,30,v6,88000000ffffffffffffa8dd9f4dc5b5
754,20.892771395,10.781678,30,v6,88000000ffffffffffffa8dd9f4dc5b5
755,20.904138995,11.367600,30,v6,88000000ffffffffffffa8dd9f4dc5b5
756,20.915094529,10.955534,30,v6,88000000ffffffffffffa8dd9f4dc5b5
757,20.925444698,10.350169,30,v6,88000000ffffffffffffa8dd9f4dc5b5
758,20.936571314,11.126616,30,v6,88000000ffffffffffffa8dd9f4dc5b5
759,20.946729211,10.157897,30,v6,88000000ffffffffffffa8dd9f4dc5b5
760,20.957916725,11.187514,30,v6,88000000ffffffffffffa8dd9f4dc5b5
761,20.968309100,10.392375,30,v6,88000000ffffffffffffa8dd9f4dc5b5
762,20.979224175,10.915075,30,v6,88000000ffffffffffffa8dd9f4dc5b5
763,20.989570074,10.345899,30,v6,88000000ffffffffffffa8dd9f4dc5b5
764,21.000628573,11.058499,30,v6,88000000ffffffffffffa8dd9f4dc5b5
765,21.010780461,10.151888,30,v6,88000000ffffffffffffa8dd9f4dc5b5
766,21.022092566,11.312105,30,v6,88000000ffffffffffffa8dd9f4dc5b5
767,21.033263329,11.170763,30,v6,88000000ffffffffffffa8dd9f4dc5b5
768,21.043429292,10.165963,30,v6,88000000ffffffffffffa8dd9f4dc5b5
769,21.055842026,12.412734,30,v6,88000000ffffffffffffa8dd9f4dc5b5
770,21.065782508,9.940482,30,v6,88000000ffffffffffffa8dd9f4dc5b5
771,21.076908720,11.126212,30,v6,88000000ffffffffffffa8dd9f4dc5b5
772,21.087110748,10.202028,30,v6,88000000ffffffffffffa8dd9f4dc5b5
773,21.098299942,11.189194,30,v6,88000000ffffffffffffa8dd9f4dc5b5
774,21.108588945,10.289003,30,v6,88000000ffffffffffffa8dd9f4dc5b5
775,21.119557879,10.968934,30,v6,88000000ffffffffffffa8dd9f4dc5b5
776,21.129822713,10.264834,30,v6,88000000ffffffffffffa8dd9f4dc5b5
777,21.139762812,9.940099,30,v6,88000000ffffffffffffa8dd9f4dc5b5
778,21.151877247,12.114435,30,v6,88000000ffffffffffffa8dd9f4dc5b5
779,21.162418436,10.541189,30,v6,88000000ffffffffffffa8dd9f4dc5b5
780,21.172307910,9.889474,30,v6,88000000ffffffffffffa8dd9f4dc5b5
781,21.183606529,11.298619,30,v6,88000000ffffffffffffa8dd9f4dc5b5
782,21.193730822,10.124293,30,v6,88000000ffffffffffffa8dd9f4dc5b5
783,21.204720855,10.990033,30,v6,88000000ffffffffffffa8dd9f4dc5b5
784,21.216080899,11.360044,30,v6,88000000ffffffffffffa8dd9f4dc5b5
785,21.226109743,10.028844,30,v6,88000000ffffffffffffa8dd9f4dc5b5
786,21.236369408,10.259665,30,v6,88000000ffffffffffffa8dd9f4dc5b5
787,21.248744812,12.375404,30,v6,88000000ffffffffffffa8dd9f4dc5b5
788,21.259991357,11.246545,30,v6,88000000ffffffffffffa8dd9f4dc5b5
789,21.269872706,9.881349,30,v6,88000000ffffffffffffa8dd9f4dc5b5
790,21.279948762,10.076056,30,v6,88000000ffffffffffffa8dd9f4dc5b5
791,21.291249469,11.300707,30,v6,88000000ffffffffffffa8dd9f4dc5b5
792,21.301400165,10.150696,30,v6,88000000ffffffffffffa8dd9f4dc5b5
793,21.312704279,11.304114,30,v6,88000000ffffffffffffa8dd9f4dc5b5
794,21.322642532,9.938253,30,v6,88000000ffffffffffffa8dd9f4dc5b5
795,21.333919208,11.276676,30,v6,88000000ffffffffffffa8dd9f4dc5b5
796,21.344112524,10.193316,30,v6,88000000ffffffffffffa8dd9f4dc5b5
797,21.356311674,12.199150,30,v6,88000000ffffffffffffa8dd9f4dc5b5
798,21.366316154,10.004480,30,v6,88000000ffffffffffffa8dd9f4dc5b5
799,21.377596487,11.280333,30,v6,88000000ffffffffffffa8dd9f4dc5b5
800,21.387764273,10.167786,30,v6,88000000ffffffffffffa8dd9f4dc5b5
801,21.398959234,11.194961,30,v6,88000000ffffffffffffa8dd9f4dc5b5
802,21.409165104,10.205870,30,v6,88000000ffffffffffffa8dd9f4dc5b5
803,21.420500592,11.335488,30,v6,88000000ffffffffffffa8dd9f4dc5b5
804,21.430524853,10.024261,30,v6,88000000ffffffffffffa8dd9f4dc5b5
805,21.441830308,11.305455,30,v6,88000000ffffffffffffa8dd9f4dc5b5
806,21.452958900,11.128592,30,v6,88000000ffffffffffffa8dd9f4dc5b5
807,21.464052090,11.093190,30,v6,88000000ffffffffffffa8dd9f4dc5b5
808,21.474271945,10.219855,30,v6,88000000ffffffffffffa8dd9f4dc5b5
809,21.485680088,11.408143,30,v6,88000000ffffffffffffa8dd9f4dc5b5
810,21.495529450,9.849362,30,v6,88000000ffffffffffffa8dd9f4dc5b5
811,21.506891373,11.361923,30,v6,88000000ffffffffffffa8dd9f4dc5b5
812,21.516657441,9.766068,30,v6,88000000ffffffffffffa8dd9f4dc5b5
813,21.526862662,10.205221,30,v6,88000000ffffffffffffa8dd9f4dc5b5
814,21.537993739,11.131077,30,v6,88000000ffffffffffffa8dd9f4dc5b5
815,21.550409373,12.415634,30,v6,88000000ffffffffffffa8dd9f4dc5b5
816,21.560315511,9.906138,30,v6,88000000ffffffffffffa8dd9f4dc5b5
817,21.570750960,10.435449,30,v6,88000000ffffffffffffa8dd9f4dc5b5
818,21.583019084,12.268124,30,v6,88000000ffffffffffffa8dd9f4dc5b5
819,21.592865225,9.846141,30,v6,88000000ffffffffffffa8dd9f4dc5b5
820,21.604090788,11.225563,30,v6,88000000ffffffffffffa8dd9f4dc5b5
821,21.614416618,10.325830,30,v6,88000000ffffffffffffa8dd9f4dc5b5
822,21.625674640,11.258022,30,v6,88000000ffffffffffffa8dd9f4dc5b5
823,21.635533891,9.859251,30,v6,88000000ffffffffffffa8dd9f4dc5b5
824,21.645652003,10.118112,30,v6,88000000ffffffffffffa8dd9f4dc5b5
825,21.657965780,12.313777,30,v6,88000000ffffffffffffa8dd9f4dc5b5
826,21.668116284,10.150504,30,v6,88000000ffffffffffffa8dd9f4dc5b5
827,21.679448271,11.331987,30,v6,88000000ffffffffffffa8dd9f4dc5b5
828,21.690673878,11.225607,30,v6,88000000ffffffffffffa8dd9f4dc5b5
829,21.700683346,10.009468,30,v6,88000000ffffffffffffa8dd9f4dc5b5
830,21.710836976,10.153630,30,v6,88000000ffffffffffffa8dd9f4dc5b5
831,21.721948302,11.111326,30,v6,88000000ffffffffffffa8dd9f4dc5b5
832,21.733143722,11.195420,30,v6,88000000ffffffffffffa8dd9f4dc5b5
833,21.743592628,10.448906,30,v6,88000000ffffffffffffa8dd9f4dc5b5
834,21.754827260,11.234632,30,v6,88000000ffffffffffffa8dd9f4dc5b5
835,21.764777512,9.950252,30,v6,88000000ffffffffffffa8dd9f4dc5b5
836,21.777038851,12.261339,30,v6,88000000ffffffffffffa8dd9f4dc5b5
837,21.787213463,10.174612,30,v6,88000000ffffffffffffa8dd9f4dc5b5
838,21.797398401,10.184938,30,v6,88000000ffffffffffffa8dd9f4dc5b5
839,21.808699116,11.300715,30,v6,88000000ffffffffffffa8dd9f4dc5b5
840,21.818627726,9.928610,30,v6,88000000ffffffffffffa8dd9f4dc5b5
841,21.829888271,11.260545,30,v6,88000000ffffffffffffa8dd9f4dc5b5
842,21.839868250,9.979979,30,v6,88000000ffffffffffffa8dd9f4dc5b5
843,21.850925062,11.056812,30,v6,88000000ffffffffffffa8dd9f4dc5b5
844,21.861280316,10.355254,30,v6,88000000ffffffffffffa8dd9f4dc5b5
845,21.872354385,11.074069,30,v6,88000000ffffffffffffa8dd9f4dc5b5
846,21.882498565,10.144180,30,v6,88000000ffffffffffffa8dd9f4dc5b5
847,21.894704737,12.206172,30,v6,88000000ffffffffffffa8dd9f4dc5b5
848,21.905140515,10.435778,30,v6,88000000ffffffffffffa8dd9f4dc5b5
849,21.915954578,10.814063,30,v6,88000000ffffffffffffa8dd9f4dc5b5
850,21.926203988,10.249410,30,v6,88000000ffffffffffffa8dd9f4dc5b5
851,21.937340157,11.136169,30,v6,88000000ffffffffffffa8dd9f4dc5b5
852,21.947762592,10.422435,30,v6,88000000ffffffffffffa8dd9f4dc5b5
853,21.959079736,11.317144,30,v6,88000000ffffffffffffa8dd9f4dc5b5
854,21.968795110,9.715374,30,v6,88000000ffffffffffffa8dd9f4dc5b5
855,21.980031884,11.236774,30,v6,88000000ffffffffffffa8dd9f4dc5b5
856,21.990156861,10.124977,30,v6,88000000ffffffffffffa8dd9f4dc5b5
857,22.000510869,10.354008,30,v6,88000000ffffffffffffa8dd9f4dc5b5
858,22.011631902,11.121033,30,v6,88000000ffffffffffffa8dd9f4dc5b5
859,22.022661166,11.029264,30,v6,88000000ffffffffffffa8dd9f4dc5b5
860,22.034073939,11.412773,30,v6,88000000ffffffffffffa8dd9f4dc5b5
861,22.045028252,10.954313,30,v6,88000000ffffffffffffa8dd9f4dc5b5
862,22.055379853,10.351601,30,v6,88000000ffffffffffffa8dd9f4dc5b5
863,22.066634821,11.254968,30,v6,88000000ffffffffffffa8dd9f4dc5b5
864,22.076709945,10.075124,30,v6,88000000ffffffffffffa8dd9f4dc5b5
865,22.087732603,11.022658,30,v6,88000000ffffffffffffa8dd9f4dc5b5
866,22.097865948,10.133345,30,v6,88000000ffffffffffffa8dd9f4dc5b5
867,22.108992227,11.126279,30,v6,88000000ffffffffffffa8dd9f4dc5b5
868,22.119231648,10.239421,30,v6,88000000ffffffffffffa8dd9f4dc5b5
869,22.130478795,11.247147,30,v6,88000000ffffffffffffa8dd9f4dc5b5
870,22.140716086,10.237291,30,v6,88000000ffffffffffffa8dd9f4dc5b5
871,22.152562928,11.846842,30,v6,88000000ffffffffffffa8dd9f4dc5b5
872,22.162797558,10.234630,30,v6,88000000ffffffffffffa8dd9f4dc5b5
873,22.173985737,11.188179,30,v6,88000000ffffffffffffa8dd9f4dc5b5
874,22.184561707,10.575970,30,v6,88000000ffffffffffffa8dd9f4dc5b5
875,22.195413553,10.851846,30,v6,88000000ffffffffffffa8dd9f4dc5b5
876,22.205574667,10.161114,30,v6,88000000ffffffffffffa8dd9f4dc5b5
877,22.216553906,10.979239,30,v6,88000000ffffffffffffa8dd9f4dc5b5
878,22.226970646,10.416740,30,v6,88000000ffffffffffffa8dd9f4dc5b5
879,22.238245071,11.274425,30,v6,88000000ffffffffffffa8dd9f4dc5b5
880,22.248402470,10.157399,30,v6,88000000ffffffffffffa8dd9f4dc5b5
881,22.259365166,10.962696,30,v6,88000000ffffffffffffa8dd9f4dc5b5
882,22.270678035,11.312869,30,v6,88000000ffffffffffffa8dd9f4dc5b5
883,22.281977499,11.299464,30,v6,88000000ffffffffffffa8dd9f4dc5b5
884,22.292217759,10.240260,30,v6,88000000ffffffffffffa8dd9f4dc5b5
885,22.303299954,11.082195,30,v6,88000000ffffffffffffa8dd9f4dc5b5
886,22.313280672,9.980718,30,v6,88000000ffffffffffffa8dd9f4dc5b5
887,22.324609982,11.329310,30,v6,88000000ffffffffffffa8dd9f4dc5b5
888,22.334964072,10.354090,30,v6,88000000ffffffffffffa8dd9f4dc5b5
889,22.344850093,9.886021,30,v6,88000000ffffffffffffa8dd9f4dc5b5
890,22.355977213,11.127120,30,v6,88000000ffffffffffffa8dd9f4dc5b5
891,22.368271422,12.294209,30,v6,88000000ffffffffffffa8dd9f4dc5b5
892,22.379251831,10.980409,30,v6,88000000ffffffffffffa8dd9f4dc5b5
893,22.390622521,11.370690,30,v6,88000000ffffffffffffa8dd9f4dc5b5
894,22.400678749,10.056228,30,v6,88000000ffffffffffffa8dd9f4dc5b5
895,22.410737815,10.059066,30,v6,88000000ffffffffffffa8dd9f4dc5b5
896,22.422127080,11.389265,30,v6,88000000ffffffffffffa8dd9f4dc5b5
897,22.433595233,11.468153,30,v6,88000000ffffffffffffa8dd9f4dc5b5
898,22.443261168,9.665935,30,v6,88000000ffffffffffffa8dd9f4dc5b5
899,22.454668667,11.407499,30,v6,88000000ffffffffffffa8dd9f4dc5b5
900,22.464877572,10.208905,30,v6,88000000ffffffffffffa8dd9f4dc5b5
901,22.475310261,10.432689,30,v6,88000000ffffffffffffa8dd9f4dc5b5
902,22.487082238,11.771977,30,v6,88000000ffffffffffffa8dd9f4dc5b5
903,22.498496160,11.413922,30,v6,88000000ffffffffffffa8dd9f4dc5b5
904,22.508485821,9.989661,30,v6,88000000ffffffffffffa8dd9f4dc5b5
905,22.519446417,10.960596,30,v6,88000000ffffffffffffa8dd9f4dc5b5
906,22.530629523,11.183106,30,v6,88000000ffffffffffffa8dd9f4dc5b5
907,22.540746061,10.116538,30,v6,88000000ffffffffffffa8dd9f4dc5b5
908,22.552119572,11.373511,30,v6,88000000ffffffffffffa8dd9f4dc5b5
909,22.562156097,10.036525,30,v6,88000000ffffffffffffa8dd9f4dc5b5
910,22.572450110,10.294013,30,v6,88000000ffffffffffffa8dd9f4dc5b5
911,22.583932144,11.482034,30,v6,88000000ffffffffffffa8dd9f4dc5b5
912,22.594797564,10.865420,30,v6,88000000ffffffffffffa8dd9f4dc5b5
913,22.604931959,10.134395,30,v6,88000000ffffffffffffa8dd9f4dc5b5
914,22.616263063,11.331104,30,v6,88000000ffffffffffffa8dd9f4dc5b5
915,22.626281357,10.018294,30,v6,88000000ffffffffffffa8dd9f4dc5b5
916,22.638628872,12.347515,30,v6,88000000ffffffffffffa8dd9f4dc5b5
917,22.648732702,10.103830,30,v6,88000000ffffffffffffa8dd9f4dc5b5
918,22.659864715,11.132013,30,v6,88000000ffffffffffffa8dd9f4dc5b5
919,22.669941013,10.076298,30,v6,88000000ffffffffffffa8dd9f4dc5b5
920,22.681275222,11.334209,30,v6,88000000ffffffffffffa8dd9f4dc5b5
921,22.692363171,11.087949,30,v6,88000000ffffffffffffa8dd9f4dc5b5
922,22.702472957,10.109786,30,v6,88000000ffffffffffffa8dd9f4dc5b5
923,22.712654637,10.181680,30,v6,88000000ffffffffffffa8dd9f4dc5b5
924,22.723960469,11.305832,30,v6,88000000ffffffffffffa8dd9f4dc5b5
925,22.734966312,11.005843,30,v6,88000000ffffffffffffa8dd9f4dc5b5
926,22.746315708,11.349396,30,v6,88000000ffffffffffffa8dd9f4dc5b5
927,22.756579893,10.264185,30,v6,88000000ffffffffffffa8dd9f4dc5b5
928,22.767757955,11.178062,30,v6,88000000ffffffffffffa8dd9f4dc5b5
929,22.778585293,10.827338,30,v6,88000000ffffffffffffa8dd9f4dc5b5
930,22.788589353,10.004060,30,v6,88000000ffffffffffffa8dd9f4dc5b5
931,22.798907818,10.318465,30,v6,88000000ffffffffffffa8dd9f4dc5b5
932,22.810155336,11.247518,30,v6,88000000ffffffffffffa8dd9f4dc5b5
933,22.820363805,10.208469,30,v6,88000000ffffffffffffa8dd9f4dc5b5
934,22.831498530,11.134725,30,v6,88000000ffffffffffffa8dd9f4dc5b5
935,22.841589646,10.091116,30,v6,88000000ffffffffffffa8dd9f4dc5b5
936,22.852730546,11.140900,30,v6,88000000ffffffffffffa8dd9f4dc5b5
937,22.864942573,12.212027,30,v6,88000000ffffffffffffa8dd9f4dc5b5
938,22.875150092,10.207519,30,v6,88000000ffffffffffffa8dd9f4dc5b5
939,22.886497610,11.347518,30,v6,88000000ffffffffffffa8dd9f4dc5b5
940,22.896504722,10.007112,30,v6,88000000ffffffffffffa8dd9f4dc5b5
941,22.906881337,10.376615,30,v6,88000000ffffffffffffa8dd9f4dc5b5
942,22.918095457,11.214120,30,v6,88000000ffffffffffffa8dd9f4dc5b5
943,22.928023644,9.928187,30,v6,88000000ffffffffffffa8dd9f4dc5b5
944,22.939273169,11.249525,30,v6,88000000ffffffffffffa8dd9f4dc5b5
945,22.949643884,10.370715,30,v6,88000000ffffffffffffa8dd9f4dc5b5
946,22.960520617,10.876733,30,v6,88000000ffffffffffffa8dd9f4dc5b5
947,22.972006933,11.486316,30,v6,88000000ffffffffffffa8dd9f4dc5b5
948,22.983031989,11.025056,30,v6,88000000ffffffffffffa8dd9f4dc5b5
949,22.993163840,10.131851,30,v6,88000000ffffffffffffa8dd9f4dc5b5
950,23.004559406,11.395566,30,v6,88000000ffffffffffffa8dd9f4dc5b5
951,23.014430900,9.871494,30,v6,88000000ffffffffffffa8dd9f4dc5b5
952,23.025574138,11.143238,30,v6,88000000ffffffffffffa8dd9f4dc5b5
953,23.035947589,10.373451,30,v6,88000000ffffffffffffa8dd9f4dc5b5
954,23.047078774,11.131185,30,v6,88000000ffffffffffffa8dd9f4dc5b5
955,23.057121975,10.043201,30,v6,88000000ffffffffffffa8dd9f4dc5b5
956,23.068189019,11.067044,30,v6,88000000ffffffffffffa8dd9f4dc5b5
957,23.078464931,10.275912,30,v6,88000000ffffffffffffa8dd9f4dc5b5
958,23.089819965,11.355034,30,v6,88000000ffffffffffffa8dd9f4dc5b5
959,23.100647248,10.827283,30,v6,88000000ffffffffffffa8dd9f4dc5b5
960,23.110836667,10.189419,30,v6,88000000ffffffffffffa8dd9f4dc5b5
961,23.123015088,12.178421,30,v6,88000000ffffffffffffa8dd9f4dc5b5
962,23.133344261,10.329173,30,v6,88000000ffffffffffffa8dd9f4dc5b5
963,23.144325740,10.981479,30,v6,88000000ffffffffffffa8dd9f4dc5b5
964,23.154413148,10.087408,30,v6,88000000ffffffffffffa8dd9f4dc5b5
965,23.165035742,10.622594,30,v6,88000000ffffffffffffa8dd9f4dc5b5
966,23.176022658,10.986916,30,v6,88000000ffffffffffffa8dd9f4dc5b5
967,23.186170882,10.148224,30,v6,88000000ffffffffffffa8dd9f4dc5b5
968,23.197256533,11.085651,30,v6,88000000ffffffffffffa8dd9f4dc5b5
969,23.208665626,11.409093,30,v6,88000000ffffffffffffa8dd9f4dc5b5
970,23.219735558,11.069932,30,v6,88000000ffffffffffffa8dd9f4dc5b5
971,23.230926749,11.191191,30,v6,88000000ffffffffffffa8dd9f4dc5b5
972,23.240942196,10.015447,30,v6,88000000ffffffffffffa8dd9f4dc5b5
973,23.251510232,10.568036,30,v6,88000000ffffffffffffa8dd9f4dc5b5
974,23.262359407,10.849175,30,v6,88000000ffffffffffffa8dd9f4dc5b5
975,23.273764791,11.405384,30,v6,88000000ffffffffffffa8dd9f4dc5b5
976,23.283569476,9.804685,30,v6,88000000ffffffffffffa8dd9f4dc5b5
977,23.294790848,11.221372,30,v6,88000000ffffffffffffa8dd9f4dc5b5
978,23.304847602,10.056754,30,v6,88000000ffffffffffffa8dd9f4dc5b5
979,23.316217799,11.370197,30,v6,88000000ffffffffffffa8dd9f4dc5b5
980,23.326347361,10.129562,30,v6,88000000ffffffffffffa8dd9f4dc5b5
981,23.336402906,10.055545,30,v6,88000000ffffffffffffa8dd9f4dc5b5
982,23.348730798,12.327892,30,v6,88000000ffffffffffffa8dd9f4dc5b5
983,23.358753694,10.022896,30,v6,88000000ffffffffffffa8dd9f4dc5b5
984,23.369880229,11.126535,30,v6,88000000ffffffffffffa8dd9f4dc5b5
985,23.381337723,11.457494,30,v6,88000000ffffffffffffa8dd9f4dc5b5
986,23.391280658,9.942935,30,v6,88000000ffffffffffffa8dd9f4dc5b5
987,23.401654314,10.373656,30,v6,88000000ffffffffffffa8dd9f4dc5b5
988,23.412693342,11.039028,30,v6,88000000ffffffffffffa8dd9f4dc5b5
989,23.423931974,11.238632,30,v6,88000000ffffffffffffa8dd9f4dc5b5
990,23.434046126,10.114152,30,v6,88000000ffffffffffffa8dd9f4dc5b5
991,23.444061566,10.015440,30,v6,88000000ffffffffffffa8dd9f4dc5b5
992,23.455172181,11.110615,30,v6,88000000ffffffffffffa8dd9f4dc5b5
993,23.467539838,12.367657,30,v6,88000000ffffffffffffa8dd9f4dc5b5
994,23.477572345,10.032507,30,v6,88000000ffffffffffffa8dd9f4dc5b5
995,23.488888772,11.316427,30,v6,88000000ffffffffffffa8dd9f4dc5b5
996,23.499037473,10.148701,30,v6,88000000ffffffffffffa8dd9f4dc5b5
997,23.509252714,10.215241,30,v6,88000000ffffffffffffa8dd9f4dc5b5
998,23.860727202,351.474488,30,v6,88000000ffffffffffffa8dd9f4dc5b5
999,23.871829112,11.101910,30,v6,88000000ffffffffffffa8dd9f4dc5b5
1000,23.884218708,12.389596,30,v6,88000000ffffffffffffa8dd9f4dc5b5
1001,23.894106227,9.887519,30,v6,88000000ffffffffffffa8dd9f4dc5b5
1002,23.904655136,10.548909,30,v6,88000000ffffffffffffa8dd9f4dc5b5
1003,23.915762491,11.107355,30,v6,88000000ffffffffffffa8dd9f4dc5b5
1004,23.926317142,10.554651,30,v6,88000000ffffffffffffa8dd9f4dc5b5
1005,23.936805661,10.488519,30,v6,88000000ffffffffffffa8dd9f4dc5b5
1006,23.947044643,10.238982,30,v6,88000000ffffffffffffa8dd9f4dc5b5
1007,23.957356628,10.311985,30,v6,88000000ffffffffffffa8dd9f4dc5b5
1008,23.968507463,11.150835,30,v6,88000000ffffffffffffa8dd9f4dc5b5
1009,23.978526309,10.018846,30,v6,88000000ffffffffffffa8dd9f4dc5b5
1010,23.990858650,12.332341,30,v6,88000000ffffffffffffa8dd9f4dc5b5
1011,24.000766410,9.907760,30,v6,88000000ffffffffffffa8dd9f4dc5b5
1012,24.011125130,10.358720,30,v6,88000000ffffffffffffa8dd9f4dc5b5
1013,24.022118618,10.993488,30,v6,88000000ffffffffffffa8dd9f4dc5b5
1014,24.032388192,10.269574,30,v6,88000000ffffffffffffa8dd9f4dc5b5
1015,24.042847726,10.459534,30,v6,88000000ffffffffffffa8dd9f4dc5b5
1016,24.053600700,10.752974,30,v6,88000000ffffffffffffa8dd9f4dc5b5
1017,24.063763636,10.162936,30,v6,88000000ffffffffffffa8dd9f4dc5b5
1018,24.074983311,11.219675,30,v6,88000000ffffffffffffa8dd9f4dc5b5
1019,24.085198160,10.214849,30,v6,88000000ffffffffffffa8dd9f4dc5b5
1020,24.096409340,11.211180,30,v6,88000000ffffffffffffa8dd9f4dc5b5
1021,24.107775467,11.366127,30,v6,88000000ffffffffffffa8dd9f4dc5b5
1022,24.117774761,9.999294,30,v6,88000000ffffffffffffa8dd9f4dc5b5
1023,24.127881295,10.106534,30,v6,88000000ffffffffffffa8dd9f4dc5b5
1024,24.139111558,11.230263,30,v6,88000000ffffffffffffa8dd9f4dc5b5
1025,24.149603801,10.492243,30,v6,88000000ffffffffffffa8dd9f4dc5b5
1026,24.159456783,9.852982,30,v6,88000000ffffffffffffa8dd9f4dc5b5
1027,24.170715169,11.258386,30,v6,88000000ffffffffffffa8dd9f4dc5b5
1028,24.180923363,10.208194,30,v6,88000000ffffffffffffa8dd9f4dc5b5
1029,24.191873143,10.949780,30,v6,88000000ffffffffffffa8dd9f4dc5b5
1030,24.202062506,10.189363,30,v6,88000000ffffffffffffa8dd9f4dc5b5
1031,24.213231260,11.168754,30,v6,88000000ffffffffffffa8dd9f4dc5b5
1032,24.224661371,11.430111,30,v6,88000000ffffffffffffa8dd9f4dc5b5
1033,24.235843635,11.182264,30,v6,88000000ffffffffffffa8dd9f4dc5b5
1034,24.245744386,9.900751,30,v6,88000000ffffffffffffa8dd9f4dc5b5
1035,24.255948650,10.204264,30,v6,88000000ffffffffffffa8dd9f4dc5b5
1036,24.267021314,11.072664,30,v6,88000000ffffffffffffa8dd9f4dc5b5
1037,24.277256211,10.234897,30,v6,88000000ffffffffffffa8dd9f4dc5b5
1038,24.288477215,11.221004,30,v6,88000000ffffffffffffa8dd9f4dc5b5
1039,24.298455358,9.978143,30,v6,88000000ffffffffffffa8dd9f4dc5b5
1040,24.309000752,10.545394,30,v6,88000000ffffffffffffa8dd9f4dc5b5
1041,24.319938524,10.937772,30,v6,88000000ffffffffffffa8dd9f4dc5b5
1042,24.330949633,11.011109,30,v6,88000000ffffffffffffa8dd9f4dc5b5
1043,24.341234798,10.285165,30,v6,88000000ffffffffffffa8dd9f4dc5b5
1044,24.352390186,11.155388,30,v6,88000000ffffffffffffa8dd9f4dc5b5
1045,24.362716247,10.326061,30,v6,88000000ffffffffffffa8dd9f4dc5b5
1046,24.372722861,10.006614,30,v6,88000000ffffffffffffa8dd9f4dc5b5
1047,24.383800494,11.077633,30,v6,88000000ffffffffffffa8dd9f4dc5b5
1048,24.394210394,10.409900,30,v6,88000000ffffffffffffa8dd9f4dc5b5
1049,24.405389590,11.179196,30,v6,88000000ffffffffffffa8dd9f4dc5b5
1050,24.415443577,10.053987,30,v6,88000000ffffffffffffa8dd9f4dc5b5
1051,24.425758549,10.314972,30,v6,88000000ffffffffffffa8dd9f4dc5b5
1052,24.436811290,11.052741,30,v6,88000000ffffffffffffa8dd9f4dc5b5
1053,24.448117006,11.305716,30,v6,88000000ffffffffffffa8dd9f4dc5b5
1054,24.458056671,9.939665,30,v6,88000000ffffffffffffa8dd9f4dc5b5
1055,24.469396613,11.339942,30,v6,88000000ffffffffffffa8dd9f4dc5b5
1056,24.480693374,11.296761,30,v6,88000000ffffffffffffa8dd9f4dc5b5
1057,24.490609428,9.916054,30,v6,88000000ffffffffffffa8dd9f4dc5b5
1058,24.500823064,10.213636,30,v6,88000000ffffffffffffa8dd9f4dc5b5
1059,24.512055811,11.232747,30,v6,88000000ffffffffffffa8dd9f4dc5b5
1060,24.521917760,9.861949,30,v6,88000000ffffffffffffa8dd9f4dc5b5
1061,24.532498218,10.580458,30,v6,88000000ffffffffffffa8dd9f4dc5b5
1062,24.543311122,10.812904,30,v6,88000000ffffffffffffa8dd9f4dc5b5
1063,24.553510333,10.199211,30,v6,88000000ffffffffffffa8dd9f4dc5b5
1064,24.566036239,12.525906,30,v6,88000000ffffffffffffa8dd9f4dc5b5
1065,24.575990817,9.954578,30,v6,88000000ffffffffffffa8dd9f4dc5b5
1066,24.587418779,11.427962,30,v6,88000000ffffffffffffa8dd9f4dc5b5
1067,24.597215788,9.797009,30,v6,88000000ffffffffffffa8dd9f4dc5b5
1068,24.607417075,10.201287,30,v6,88000000ffffffffffffa8dd9f4dc5b5
1069,24.618679694,11.262619,30,v6,88000000ffffffffffffa8dd9f4dc5b5
1070,24.628854885,10.175191,30,v6,88000000ffffffffffffa8dd9f4dc5b5
1071,24.639976502,11.121617,30,v6,88000000ffffffffffffa8dd9f4dc5b5
1072,24.650159907,10.183405,30,v6,88000000ffffffffffffa8dd9f4dc5b5
1073,24.660384181,10.224274,30,v6,88000000ffffffffffffa8dd9f4dc5b5
1074,24.671416524,11.032343,30,v6,88000000ffffffffffffa8dd9f4dc5b5
1075,24.681809359,10.392835,30,v6,88000000ffffffffffffa8dd9f4dc5b5
1076,24.692798983,10.989624,30,v6,88000000ffffffffffffa8dd9f4dc5b5
1077,24.703970665,11.171682,30,v6,88000000ffffffffffffa8dd9f4dc5b5
1078,24.715397844,11.427179,30,v6,88000000ffffffffffffa8dd9f4dc5b5
1079,24.725507985,10.110141,30,v6,88000000ffffffffffffa8dd9f4dc5b5
1080,24.735825744,10.317759,30,v6,88000000ffffffffffffa8dd9f4dc5b5
1081,24.746857739,11.031995,30,v6,88000000ffffffffffffa8dd9f4dc5b5
1082,24.756867267,10.009528,30,v6,88000000ffffffffffffa8dd9f4dc5b5
1083,24.768005847,11.138580,30,v6,88000000ffffffffffffa8dd9f4dc5b5
1084,24.778023547,10.017700,30,v6,88000000ffffffffffffa8dd9f4dc5b5
1085,24.788497662,10.474115,30,v6,88000000ffffffffffffa8dd9f4dc5b5
1086,24.799494774,10.997112,30,v6,88000000ffffffffffffa8dd9f4dc5b5
1087,24.809638790,10.144016,30,v6,88000000ffffffffffffa8dd9f4dc5b5
1088,24.820711720,11.072930,30,v6,88000000ffffffffffffa8dd9f4dc5b5
1089,24.831930457,11.218737,30,v6,88000000ffffffffffffa8dd9f4dc5b5
1090,24.843256250,11.325793,30,v6,88000000ffffffffffffa8dd9f4dc5b5
1091,24.853246369,9.990119,30,v6,88000000ffffffffffffa8dd9f4dc5b5
1092,24.864638537,11.392168,30,v6,88000000ffffffffffffa8dd9f4dc5b5
1093,24.874690153,10.051616,30,v6,88000000ffffffffffffa8dd9f4dc5b5
1094,24.884912091,10.221938,30,v6,88000000ffffffffffffa8dd9f4dc5b5
1095,24.894950800,10.038709,30,v6,88000000ffffffffffffa8dd9f4dc5b5
1096,24.906079812,11.129012,30,v6,88000000ffffffffffffa8dd9f4dc5b5
1097,24.916511813,10.432001,30,v6,88000000ffffffffffffa8dd9f4dc5b5
1098,24.927436604,10.924791,30,v6,88000000ffffffffffffa8dd9f4dc5b5
1099,24.937746814,10.310210,30,v6,88000000ffffffffffffa8dd9f4dc5b5
1100,24.949868019,12.121205,30,v6,88000000ffffffffffffa8dd9f4dc5b5
1101,24.960062607,10.194588,30,v6,88000000ffffffffffffa8dd9f4dc5b5
1102,24.970358651,10.296044,30,v6,88000000ffffffffffffa8dd9f4dc5b5
1103,24.981299395,10.940744,30,v6,88000000ffffffffffffa8dd9f4dc5b5
1104,24.991619731,10.320336,30,v6,88000000ffffffffffffa8dd9f4dc5b5
1105,25.002719951,11.100220,30,v6,88000000ffffffffffffa8dd9f4dc5b5
1106,25.012792129,10.072178,30,v6,88000000ffffffffffffa8dd9f4dc5b5
1107,25.022913190,10.121061,30,v6,88000000ffffffffffffa8dd9f4dc5b5
1108,25.034107176,11.193986,30,v6,88000000ffffffffffffa8dd9f4dc5b5
1109,25.044424969,10.317793,30,v6,88000000ffffffffffffa8dd9f4dc5b5
1110,25.055589501,11.164532,30,v6,88000000ffffffffffffa8dd9f4dc5b5
1111,25.066674526,11.085025,30,v6,88000000ffffffffffffa8dd9f4dc5b5
1112,25.076821139,10.146613,30,v6,88000000ffffffffffffa8dd9f4dc5b5
1113,25.088141380,11.320241,30,v6,88000000ffffffffffffa8dd9f4dc5b5
1114,25.099249735,11.108355,30,v6,88000000ffffffffffffa8dd9f4dc5b5
1115,25.109335854,10.086119,30,v6,88000000ffffffffffffa8dd9f4dc5b5
1116,25.119426062,10.090208,30,v6,88000000ffffffffffffa8dd9f4dc5b5
1117,25.130786240,11.360178,30,v6,88000000ffffffffffffa8dd9f4dc5b5
1118,25.140672911,9.886671,30,v6,88000000ffffffffffffa8dd9f4dc5b5
1119,25.152014632,11.341721,30,v6,88000000ffffffffffffa8dd9f4dc5b5
1120,25.163197545,11.182913,30,v6,88000000ffffffffffffa8dd9f4dc5b5
1121,25.173345897,10.148352,30,v6,88000000ffffffffffffa8dd9f4dc5b5
1122,25.184729186,11.383289,30,v6,88000000ffffffffffffa8dd9f4dc5b5
1123,25.194732749,10.003563,30,v6,88000000ffffffffffffa8dd9f4dc5b5
1124,25.205178491,10.445742,30,v6,88000000ffffffffffffa8dd9f4dc5b5
1125,25.215932384,10.753893,30,v6,88000000ffffffffffffa8dd9f4dc5b5
1126,25.226068350,10.135966,30,v6,88000000ffffffffffffa8dd9f4dc5b5
1127,25.236463054,10.394704,30,v6,88000000ffffffffffffa8dd9f4dc5b5
1128,25.247659680,11.196626,30,v6,88000000ffffffffffffa8dd9f4dc5b5
1129,25.257804123,10.144443,30,v6,88000000ffffffffffffa8dd9f4dc5b5
1130,25.268920310,11.116187,30,v6,88000000ffffffffffffa8dd9f4dc5b5
1131,25.279030182,10.109872,30,v6,88000000ffffffffffffa8dd9f4dc5b5
1132,25.291214213,12.184031,30,v6,88000000ffffffffffffa8dd9f4dc5b5
1133,25.301686636,10.472423,30,v6,88000000ffffffffffffa8dd9f4dc5b5
1134,25.312584002,10.897366,30,v6,88000000ffffffffffffa8dd9f4dc5b5
1135,25.322771696,10.187694,30,v6,88000000ffffffffffffa8dd9f4dc5b5
1136,25.332728622,9.956926,30,v6,88000000ffffffffffffa8dd9f4dc5b5
1137,25.344097427,11.368805,30,v6,88000000ffffffffffffa8dd9f4dc5b5
1138,25.354168046,10.070619,30,v6,88000000ffffffffffffa8dd9f4dc5b5
1139,25.364498848,10.330802,30,v6,88000000ffffffffffffa8dd9f4dc5b5
1140,25.375745212,11.246364,30,v6,88000000ffffffffffffa8dd9f4dc5b5
1141,25.385639172,9.893960,30,v6,88000000ffffffffffffa8dd9f4dc5b5
1142,25.395800831,10.161659,30,v6,88000000ffffffffffffa8dd9f4dc5b5
1143,25.407935530,12.134699,30,v6,88000000ffffffffffffa8dd9f4dc5b5
1144,25.418174138,10.238608,30,v6,88000000ffffffffffffa8dd9f4dc5b5
1145,25.429629622,11.455484,30,v6,88000000ffffffffffffa8dd9f4dc5b5
1146,25.439574376,9.944754,30,v6,88000000ffffffffffffa8dd9f4dc5b5
1147,25.449603176,10.028800,30,v6,88000000ffffffffffffa8dd9f4dc5b5
1148,25.460694724,11.091548,30,v6,88000000ffffffffffffa8dd9f4dc5b5
1149,25.471081485,10.386761,30,v6,88000000ffffffffffffa8dd9f4dc5b5
1150,25.482114798,11.033313,30,v6,88000000ffffffffffffa8dd9f4dc5b5
1151,25.492222823,10.108025,30,v6,88000000ffffffffffffa8dd9f4dc5b5
1152,25.503643679,11.420856,30,v6,88000000ffffffffffffa8dd9f4dc5b5
1153,25.514566557,10.922878,30,v6,88000000ffffffffffffa8dd9f4dc5b5
1154,25.524802115,10.235558,30,v6,88000000ffffffffffffa8dd9f4dc5b5
1155,25.535076628,10.274513,30,v6,88000000ffffffffffffa8dd9f4dc5b5
1156,25.546273489,11.196861,30,v6,88000000ffffffffffffa8dd9f4dc5b5
1157,25.557446303,11.172814,30,v6,88000000ffffffffffffa8dd9f4dc5b5
1158,25.567533128,10.086825,30,v6,88000000ffffffffffffa8dd9f4dc5b5
1159,25.577733287,10.200159,30,v6,88000000ffffffffffffa8dd9f4dc5b5
1160,25.588884117,11.150830,30,v6,88000000ffffffffffffa8dd9f4dc5b5
1161,25.599005575,10.121458,30,v6,88000000ffffffffffffa8dd9f4dc5b5
1162,25.610123952,11.118377,30,v6,88000000ffffffffffffa8dd9f4dc5b5
1163,25.621701450,11.577498,30,v6,88000000ffffffffffffa8dd9f4dc5b5
1164,25.632809312,11.107862,30,v6,88000000ffffffffffffa8dd9f4dc5b5
1165,25.642888344,10.079032,30,v6,88000000ffffffffffffa8dd9f4dc5b5
1166,25.652829332,9.940988,30,v6,88000000ffffffffffffa8dd9f4dc5b5
1167,25.664207000,11.377668,30,v6,88000000ffffffffffffa8dd9f4dc5b5
1168,25.674401592,10.194592,30,v6,88000000ffffffffffffa8dd9f4dc5b5
1169,25.685420992,11.019400,30,v6,88000000ffffffffffffa8dd9f4dc5b5
1170,25.695565411,10.144419,30,v6,88000000ffffffffffffa8dd9f4dc5b5
1171,25.706655185,11.089774,30,v6,88000000ffffffffffffa8dd9f4dc5b5
1172,25.717004672,10.349487,30,v6,88000000ffffffffffffa8dd9f4dc5b5
1173,25.727986886,10.982214,30,v6,88000000ffffffffffffa8dd9f4dc5b5
1174,25.739340736,11.353850,30,v6,88000000ffffffffffffa8dd9f4dc5b5
1175,25.749444433,10.103697,30,v6,88000000ffffffffffffa8dd9f4dc5b5
1176,25.760577389,11.132956,30,v6,88000000ffffffffffffa8dd9f4dc5b5
1177,25.770765277,10.187888,30,v6,88000000ffffffffffffa8dd9f4dc5b5
1178,25.781887837,11.122560,30,v6,88000000ffffffffffffa8dd9f4dc5b5
1179,25.791935885,10.048048,30,v6,88000000ffffffffffffa8dd9f4dc5b5
1180,25.802356168,10.420283,30,v6,88000000ffffffffffffa8dd9f4dc5b5
1181,25.812543808,10.187640,30,v6,88000000ffffffffffffa8dd9f4dc5b5
1182,25.823646468,11.102660,30,v6,88000000ffffffffffffa8dd9f4dc5b5
1183,25.833736206,10.089738,30,v6,88000000ffffffffffffa8dd9f4dc5b5
1184,25.845790749,12.054543,30,v6,88000000ffffffffffffa8dd9f4dc5b5
1185,25.856136866,10.346117,30,v6,88000000ffffffffffffa8dd9f4dc5b5
1186,25.866221590,10.084724,30,v6,88000000ffffffffffffa8dd9f4dc5b5
1187,25.877486695,11.265105,30,v6,88000000ffffffffffffa8dd9f4dc5b5
1188,25.887668591,10.181896,30,v6,88000000ffffffffffffa8dd9f4dc5b5
1189,25.898542346,10.873755,30,v6,88000000ffffffffffffa8dd9f4dc5b5
1190,25.908869080,10.326734,30,v6,88000000ffffffffffffa8dd9f4dc5b5
1191,25.919040638,10.171558,30,v6,88000000ffffffffffffa8dd9f4dc5b5
1192,25.930115932,11.075294,30,v6,88000000ffffffffffffa8dd9f4dc5b5
1193,25.940540466,10.424534,30,v6,88000000ffffffffffffa8dd9f4dc5b5
1194,25.950574681,10.034215,30,v6,88000000ffffffffffffa8dd9f4dc5b5
1195,25.962704891,12.130210,30,v6,88000000ffffffffffffa8dd9f4dc5b5
1196,25.972904223,10.199332,30,v6,88000000ffffffffffffa8dd9f4dc5b5
1197,25.984021843,11.117620,30,v6,88000000ffffffffffffa8dd9f4dc5b5
1198,25.994389690,10.367847,30,v6,88000000ffffffffffffa8dd9f4dc5b5
1199,26.004441813,10.052123,30,v6,88000000ffffffffffffa8dd9f4dc5b5
1200,26.015547440,11.105627,30,v6,88000000ffffffffffffa8dd9f4dc5b5
1201,26.025802826,10.255386,30,v6,88000000ffffffffffffa8dd9f4dc5b5
1202,26.036790577,10.987751,30,v6,88000000ffffffffffffa8dd9f4dc5b5
1203,26.047167898,10.377321,30,v6,88000000ffffffffffffa8dd9f4dc5b5
1204,26.058617990,11.450092,30,v6,88000000ffffffffffffa8dd9f4dc5b5
1205,26.068772809,10.154819,30,v6,88000000ffffffffffffa8dd9f4dc5b5
1206,26.079613279,10.840470,30,v6,88000000ffffffffffffa8dd9f4dc5b5
1207,26.090738197,11.124918,30,v6,88000000ffffffffffffa8dd9f4dc5b5
1208,26.101063945,10.325748,30,v6,88000000ffffffffffffa8dd9f4dc5b5
1209,26.112077294,11.013349,30,v6,88000000ffffffffffffa8dd9f4dc5b5
1210,26.122164227,10.086933,30,v6,88000000ffffffffffffa8dd9f4dc5b5
1211,26.132747805,10.583578,30,v6,88000000ffffffffffffa8dd9f4dc5b5
1212,26.143865265,11.117460,30,v6,88000000ffffffffffffa8dd9f4dc5b5
1213,26.153999586,10.134321,30,v6,88000000ffffffffffffa8dd9f4dc5b5
1214,26.164042773,10.043187,30,v6,88000000ffffffffffffa8dd9f4dc5b5
1215,26.175106726,11.063953,30,v6,88000000ffffffffffffa8dd9f4dc5b5
1216,26.185391356,10.284630,30,v6,88000000ffffffffffffa8dd9f4dc5b5
1217,26.196539535,11.148179,30,v6,88000000ffffffffffffa8dd9f4dc5b5
1218,26.206773438,10.233903,30,v6,88000000ffffffffffffa8dd9f4dc5b5
1219,26.218616431,11.842993,30,v6,88000000ffffffffffffa8dd9f4dc5b5
1220,26.228986688,10.370257,30,v6,88000000ffffffffffffa8dd9f4dc5b5
1221,26.240329148,11.342460,30,v6,88000000ffffffffffffa8dd9f4dc5b5
1222,26.250484798,10.155650,30,v6,88000000ffffffffffffa8dd9f4dc5b5
1223,26.260474178,9.989380,30,v6,88000000ffffffffffffa8dd9f4dc5b5
1224,26.271793093,11.318915,30,v6,88000000ffffffffffffa8dd9f4dc5b5
1225,26.281796233,10.003140,30,v6,88000000ffffffffffffa8dd9f4dc5b5
1226,26.291904712,10.108479,30,v6,88000000ffffffffffffa8dd9f4dc5b5
1227,26.303059564,11.154852,30,v6,88000000ffffffffffffa8dd9f4dc5b5
1228,26.313491481,10.431917,30,v6,88000000ffffffffffffa8dd9f4dc5b5
1229,26.324384110,10.892629,30,v6,88000000ffffffffffffa8dd9f4dc5b5
1230,26.335810593,11.426483,30,v6,88000000ffffffffffffa8dd9f4dc5b5
1231,26.346881968,11.071375,30,v6,88000000ffffffffffffa8dd9f4dc5b5
1232,26.357071689,10.189721,30,v6,88000000ffffffffffffa8dd9f4dc5b5
1233,26.367424875,10.353186,30,v6,88000000ffffffffffffa8dd9f4dc5b5
1234,26.378311877,10.887002,30,v6,88000000ffffffffffffa8dd9f4dc5b5
1235,26.388782085,10.470208,30,v6,88000000ffffffffffffa8dd9f4dc5b5
1236,26.399863866,11.081781,30,v6,88000000ffffffffffffa8dd9f4dc5b5
1237,26.409932279,10.068413,30,v6,88000000ffffffffffffa8dd9f4dc5b5
1238,26.419990841,10.058562,30,v6,88000000ffffffffffffa8dd9f4dc5b5
1239,26.431281994,11.291153,30,v6,88000000ffffffffffffa8dd9f4dc5b5
1240,26.441387428,10.105434,30,v6,88000000ffffffffffffa8dd9f4dc5b5
1241,26.453531242,12.143814,30,v6,88000000ffffffffffffa8dd9f4dc5b5
1242,26.464065799,10.534557,30,v6,88000000ffffffffffffa8dd9f4dc5b5
1243,26.473747415,9.681616,30,v6,88000000ffffffffffffa8dd9f4dc5b5
1244,26.485165414,11.417999,30,v6,88000000ffffffffffffa8dd9f4dc5b5
1245,26.495050668,9.885254,30,v6,88000000ffffffffffffa8dd9f4dc5b5
1246,26.506291989,11.241321,30,v6,88000000ffffffffffffa8dd9f4dc5b5
1247,26.516710723,10.418734,30,v6,88000000ffffffffffffa8dd9f4dc5b5
1248,26.527645610,10.934887,30,v6,88000000ffffffffffffa8dd9f4dc5b5
1249,26.537709293,10.063683,30,v6,88000000ffffffffffffa8dd9f4dc5b5
1250,26.548039051,10.329758,30,v6,88000000ffffffffffffa8dd9f4dc5b5
1251,26.560049343,12.010292,30,v6,88000000ffffffffffffa8dd9f4dc5b5
1252,26.580734134,20.684791,30,v6,88000000ffffffffffffa8dd9f4dc5b5
1253,26.591657342,10.923208,30,v6,88000000ffffffffffffa8dd9f4dc5b5
1254,26.601836786,10.179444,30,v6,88000000ffffffffffffa8dd9f4dc5b5
1255,26.611914655,10.077869,30,v6,88000000ffffffffffffa8dd9f4dc5b5
1256,26.623248339,11.333684,30,v6,88000000ffffffffffffa8dd9f4dc5b5
1257,26.633384067,10.135728,30,v6,88000000ffffffffffffa8dd9f4dc5b5
1258,26.644667545,11.283478,30,v6,88000000ffffffffffffa8dd9f4dc5b5
1259,26.654586601,9.919056,30,v6,88000000ffffffffffffa8dd9f4dc5b5
1260,26.666875727,12.289126,30,v6,88000000ffffffffffffa8dd9f4dc5b5
1261,26.676871639,9.995912,30,v6,88000000ffffffffffffa8dd9f4dc5b5
1262,26.688148575,11.276936,30,v6,88000000ffffffffffffa8dd9f4dc5b5
1263,26.698611812,10.463237,30,v6,88000000ffffffffffffa8dd9f4dc5b5
1264,26.708746576,10.134764,30,v6,88000000ffffffffffffa8dd9f4dc5b5
1265,26.718930196,10.183620,30,v6,88000000ffffffffffffa8dd9f4dc5b5
1266,26.729652268,10.722072,30,v6,88000000ffffffffffffa8dd9f4dc5b5
1267,26.739992345,10.340077,30,v6,88000000ffffffffffffa8dd9f4dc5b5
1268,26.751114141,11.121796,30,v6,88000000ffffffffffffa8dd9f4dc5b5
1269,26.772588216,21.474075,30,v6,88000000ffffffffffffa8dd9f4dc5b5
1270,26.782980305,10.392089,30,v6,88000000ffffffffffffa8dd9f4dc5b5
1271,26.792811022,9.830717,30,v6,88000000ffffffffffffa8dd9f4dc5b5
1272,26.804967201,12.156179,30,v6,88000000ffffffffffffa8dd9f4dc5b5
1273,26.815358010,10.390809,30,v6,88000000ffffffffffffa8dd9f4dc5b5
1274,26.826340145,10.982135,30,v6,88000000ffffffffffffa8dd9f4dc5b5
1275,26.836496041,10.155896,30,v6,88000000ffffffffffffa8dd9f4dc5b5
1276,26.847879882,11.383841,30,v6,88000000ffffffffffffa8dd9f4dc5b5
1277,26.857738755,9.858873,30,v6,88000000ffffffffffffa8dd9f4dc5b5
1278,26.868120856,10.382101,30,v6,88000000ffffffffffffa8dd9f4dc5b5
1279,26.879076674,10.955818,30,v6,88000000ffffffffffffa8dd9f4dc5b5
1280,26.889449435,10.372761,30,v6,88000000ffffffffffffa8dd9f4dc5b5
1281,26.900760311,11.310876,30,v6,88000000ffffffffffffa8dd9f4dc5b5
1282,26.911836326,11.076015,30,v6,88000000ffffffffffffa8dd9f4dc5b5
1283,26.923071739,11.235413,30,v6,88000000ffffffffffffa8dd9f4dc5b5
1284,26.933273958,10.202219,30,v6,88000000ffffffffffffa8dd9f4dc5b5
1285,26.943165073,9.891115,30,v6,88000000ffffffffffffa8dd9f4dc5b5
1286,26.953585200,10.420127,30,v6,88000000ffffffffffffa8dd9f4dc5b5
1287,26.964607019,11.021819,30,v6,88000000ffffffffffffa8dd9f4dc5b5
1288,26.975769458,11.162439,30,v6,88000000ffffffffffffa8dd9f4dc5b5
1289,26.985927888,10.158430,30,v6,88000000ffffffffffffa8dd9f4dc5b5
1290,26.996122998,10.195110,30,v6,88000000ffffffffffffa8dd9f4dc5b5
1291,27.006213718,10.090720,30,v6,88000000ffffffffffffa8dd9f4dc5b5
1292,27.017315517,11.101799,30,v6,88000000ffffffffffffa8dd9f4dc5b5
1293,27.029583147,12.267630,30,v6,88000000ffffffffffffa8dd9f4dc5b5
1294,27.039666706,10.083559,30,v6,88000000ffffffffffffa8dd9f4dc5b5
1295,27.049838395,10.171689,30,v6,88000000ffffffffffffa8dd9f4dc5b5
1296,27.059986759,10.148364,30,v6,88000000ffffffffffffa8dd9f4dc5b5
1297,27.071215586,11.228827,30,v6,88000000ffffffffffffa8dd9f4dc5b5
1298,27.082649733,11.434147,30,v6,88000000ffffffffffffa8dd9f4dc5b5
1299,27.092428562,9.778829,30,v6,88000000ffffffffffffa8dd9f4dc5b5
1300,27.102658211,10.229649,30,v6,88000000ffffffffffffa8dd9f4dc5b5
1301,27.113968100,11.309889,30,v6,88000000ffffffffffffa8dd9f4dc5b5
1302,27.123945374,9.977274,30,v6,88000000ffffffffffffa8dd9f4dc5b5
1303,27.135303897,11.358523,30,v6,88000000ffffffffffffa8dd9f4dc5b5
1304,27.146322938,11.019041,30,v6,88000000ffffffffffffa8dd9f4dc5b5
1305,27.156608393,10.285455,30,v6,88000000ffffffffffffa8dd9f4dc5b5
1306,27.166811068,10.202675,30,v6,88000000ffffffffffffa8dd9f4dc5b5
1307,27.177843067,11.031999,30,v6,88000000ffffffffffffa8dd9f4dc5b5
1308,27.188077628,10.234561,30,v6,88000000ffffffffffffa8dd9f4dc5b5
1309,27.199227655,11.150027,30,v6,88000000ffffffffffffa8dd9f4dc5b5
1310,27.209427128,10.199473,30,v6,88000000ffffffffffffa8dd9f4dc5b5
1311,27.219658220,10.231092,30,v6,88000000ffffffffffffa8dd9f4dc5b5
1312,27.230757715,11.099495,30,v6,88000000ffffffffffffa8dd9f4dc5b5
1313,27.241064313,10.306598,30,v6,88000000ffffffffffffa8dd9f4dc5b5
1314,27.251938659,10.874346,30,v6,88000000ffffffffffffa8dd9f4dc5b5
1315,27.263294798,11.356139,30,v6,88000000ffffffffffffa8dd9f4dc5b5
1316,27.274312906,11.018108,30,v6,88000000ffffffffffffa8dd9f4dc5b5
1317,27.284783132,10.470226,30,v6,88000000ffffffffffffa8dd9f4dc5b5
1318,27.295806980,11.023848,30,v6,88000000ffffffffffffa8dd9f4dc5b5
1319,27.305775307,9.968327,30,v6,88000000ffffffffffffa8dd9f4dc5b5
1320,27.316107943,10.332636,30,v6,88000000ffffffffffffa8dd9f4dc5b5
1321,27.327151735,11.043792,30,v6,88000000ffffffffffffa8dd9f4dc5b5
1322,27.337257296,10.105561,30,v6,88000000ffffffffffffa8dd9f4dc5b5
1323,27.348802795,11.545499,30,v6,88000000ffffffffffffa8dd9f4dc5b5
1324,27.359683007,10.880212,30,v6,88000000ffffffffffffa8dd9f4dc5b5
1325,27.369905136,10.222129,30,v6,88000000ffffffffffffa8dd9f4dc5b5
1326,27.380112240,10.207104,30,v6,88000000ffffffffffffa8dd9f4dc5b5
1327,27.391089040,10.976800,30,v6,88000000ffffffffffffa8dd9f4dc5b5
1328,27.402516408,11.427368,30,v6,88000000ffffffffffffa8dd9f4dc5b5
1329,27.412624730,10.108322,30,v6,88000000ffffffffffffa8dd9f4dc5b5
1330,27.422652712,10.027982,30,v6,88000000ffffffffffffa8dd9f4dc5b5
1331,27.433773547,11.120835,30,v6,88000000ffffffffffffa8dd9f4dc5b5
1332,27.444083415,10.309868,30,v6,88000000ffffffffffffa8dd9f4dc5b5
1333,27.454320080,10.236665,30,v6,88000000ffffffffffffa8dd9f4dc5b5
1334,27.466487969,12.167889,30,v6,88000000ffffffffffffa8dd9f4dc5b5
1335,27.476856313,10.368344,30,v6,88000000ffffffffffffa8dd9f4dc5b5
1336,27.487781374,10.925061,30,v6,88000000ffffffffffffa8dd9f4dc5b5
1337,27.497890305,10.108931,30,v6,88000000ffffffffffffa8dd9f4dc5b5
1338,27.509246142,11.355837,30,v6,88000000ffffffffffffa8dd9f4dc5b5
1339,27.519187986,9.941844,30,v6,88000000ffffffffffffa8dd9f4dc5b5
1340,27.529430627,10.242641,30,v6,88000000ffffffffffffa8dd9f4dc5b5
1341,27.540685316,11.254689,30,v6,88000000ffffffffffffa8dd9f4dc5b5
1342,27.550862235,10.176919,30,v6,88000000ffffffffffffa8dd9f4dc5b5
1343,27.562058602,11.196367,30,v6,88000000ffffffffffffa8dd9f4dc5b5
1344,27.572126794,10.068192,30,v6,88000000ffffffffffffa8dd9f4dc5b5
1345,27.583520226,11.393432,30,v6,88000000ffffffffffffa8dd9f4dc5b5
1346,27.594660093,11.139867,30,v6,88000000ffffffffffffa8dd9f4dc5b5
1347,27.605755817,11.095724,30,v6,88000000ffffffffffffa8dd9f4dc5b5
1348,27.615850177,10.094360,30,v6,88000000ffffffffffffa8dd9f4dc5b5
1349,27.625973327,10.123150,30,v6,88000000ffffffffffffa8dd9f4dc5b5
1350,27.637064614,11.091287,30,v6,88000000ffffffffffffa8dd9f4dc5b5
1351,27.647296081,10.231467,30,v6,88000000ffffffffffffa8dd9f4dc5b5
1352,27.657456737,10.160656,30,v6,88000000ffffffffffffa8dd9f4dc5b5
1353,27.668871414,11.414677,30,v6,88000000ffffffffffffa8dd9f4dc5b5
1354,27.678779723,9.908309,30,v6,88000000ffffffffffffa8dd9f4dc5b5
1355,27.689985982,11.206259,30,v6,88000000ffffffffffffa8dd9f4dc5b5
1356,27.701367182,11.381200,30,v6,88000000ffffffffffffa8dd9f4dc5b5
1357,27.711547502,10.180320,30,v6,88000000ffffffffffffa8dd9f4dc5b5
1358,27.722517455,10.969953,30,v6,88000000ffffffffffffa8dd9f4dc5b5
1359,27.732905662,10.388207,30,v6,88000000ffffffffffffa8dd9f4dc5b5
1360,27.743051019,10.145357,30,v6,88000000ffffffffffffa8dd9f4dc5b5
1361,27.754112232,11.061213,30,v6,88000000ffffffffffffa8dd9f4dc5b5
1362,27.765216155,11.103923,30,v6,88000000ffffffffffffa8dd9f4dc5b5
1363,27.775420866,10.204711,30,v6,88000000ffffffffffffa8dd9f4dc5b5
1364,27.785615960,10.195094,30,v6,88000000ffffffffffffa8dd9f4dc5b5
1365,27.796790793,11.174833,30,v6,88000000ffffffffffffa8dd9f4dc5b5
1366,27.806809188,10.018395,30,v6,88000000ffffffffffffa8dd9f4dc5b5
1367,27.819047247,12.238059,30,v6,88000000ffffffffffffa8dd9f4dc5b5
1368,27.829375213,10.327966,30,v6,88000000ffffffffffffa8dd9f4dc5b5
1369,27.839472981,10.097768,30,v6,88000000ffffffffffffa8dd9f4dc5b5
1370,27.850580761,11.107780,30,v6,88000000ffffffffffffa8dd9f4dc5b5
1371,27.860761738,10.180977,30,v6,88000000ffffffffffffa8dd9f4dc5b5
1372,27.872063304,11.301566,30,v6,88000000ffffffffffffa8dd9f4dc5b5
1373,27.882173569,10.110265,30,v6,88000000ffffffffffffa8dd9f4dc5b5
1374,27.892260723,10.087154,30,v6,88000000ffffffffffffa8dd9f4dc5b5
1375,27.903475476,11.214753,30,v6,88000000ffffffffffffa8dd9f4dc5b5
1376,27.913641206,10.165730,30,v6,88000000ffffffffffffa8dd9f4dc5b5
1377,27.924734645,11.093439,30,v6,88000000ffffffffffffa8dd9f4dc5b5
1378,27.934863321,10.128676,30,v6,88000000ffffffffffffa8dd9f4dc5b5
1379,27.946020310,11.156989,30,v6,88000000ffffffffffffa8dd9f4dc5b5
1380,27.956207850,10.187540,30,v6,88000000ffffffffffffa8dd9f4dc5b5
1381,27.967521652,11.313802,30,v6,88000000ffffffffffffa8dd9f4dc5b5
1382,27.977756451,10.234799,30,v6,88000000ffffffffffffa8dd9f4dc5b5
1383,27.990004058,12.247607,30,v6,88000000ffffffffffffa8dd9f4dc5b5
1384,27.999837687,9.833629,30,v6,88000000ffffffffffffa8dd9f4dc5b5
1385,28.010133152,10.295465,30,v6,88000000ffffffffffffa8dd9f4dc5b5
1386,28.021206194,11.073042,30,v6,88000000ffffffffffffa8dd9f4dc5b5
1387,28.031247118,10.040924,30,v6,88000000ffffffffffffa8dd9f4dc5b5
1388,28.042512576,11.265458,30,v6,88000000ffffffffffffa8dd9f4dc5b5
1389,28.052741332,10.228756,30,v6,88000000ffffffffffffa8dd9f4dc5b5
1390,28.062906025,10.164693,30,v6,88000000ffffffffffffa8dd9f4dc5b5
1391,28.074078308,11.172283,30,v6,88000000ffffffffffffa8dd9f4dc5b5
1392,28.084210984,10.132676,30,v6,88000000ffffffffffffa8dd9f4dc5b5
1393,28.094360486,10.149502,30,v6,88000000ffffffffffffa8dd9f4dc5b5
1394,28.106758908,12.398422,30,v6,88000000ffffffffffffa8dd9f4dc5b5
1395,28.116792182,10.033274,30,v6,88000000ffffffffffffa8dd9f4dc5b5
1396,28.127977338,11.185156,30,v6,88000000ffffffffffffa8dd9f4dc5b5
1397,28.138032956,10.055618,30,v6,88000000ffffffffffffa8dd9f4dc5b5
1398,28.148159057,10.126101,30,v6,88000000ffffffffffffa8dd9f4dc5b5
1399,28.158576649,10.417592,30,v6,88000000ffffffffffffa8dd9f4dc5b5
1400,28.169487221,10.910572,30,v6,88000000ffffffffffffa8dd9f4dc5b5
1401,28.180635699,11.148478,30,v6,88000000ffffffffffffa8dd9f4dc5b5
1402,28.190732005,10.096306,30,v6,88000000ffffffffffffa8dd9f4dc5b5
1403,28.202158682,11.426677,30,v6,88000000ffffffffffffa8dd9f4dc5b5
1404,28.213298632,11.139950,30,v6,88000000ffffffffffffa8dd9f4dc5b5
1405,28.223724377,10.425745,30,v6,88000000ffffffffffffa8dd9f4dc5b5
1406,28.234752247,11.027870,30,v6,88000000ffffffffffffa8dd9f4dc5b5
1407,28.244980560,10.228313,30,v6,88000000ffffffffffffa8dd9f4dc5b5
1408,28.255886468,10.905908,30,v6,88000000ffffffffffffa8dd9f4dc5b5
1409,28.266188557,10.302089,30,v6,88000000ffffffffffffa8dd9f4dc5b5
1410,28.276191144,10.002587,30,v6,88000000ffffffffffffa8dd9f4dc5b5
1411,28.287383635,11.192491,30,v6,88000000ffffffffffffa8dd9f4dc5b5
1412,28.297530297,10.146662,30,v6,88000000ffffffffffffa8dd9f4dc5b5
1413,28.308772652,11.242355,30,v6,88000000ffffffffffffa8dd9f4dc5b5
1414,28.318982840,10.210188,30,v6,88000000ffffffffffffa8dd9f4dc5b5
1415,28.330345098,11.362258,30,v6,88000000ffffffffffffa8dd9f4dc5b5
1416,28.340179317,9.834219,30,v6,88000000ffffffffffffa8dd9f4dc5b5
1417,28.352526684,12.347367,30,v6,88000000ffffffffffffa8dd9f4dc5b5
1418,28.362502592,9.975908,30,v6,88000000ffffffffffffa8dd9f4dc5b5
1419,28.373780114,11.277522,30,v6,88000000ffffffffffffa8dd9f4dc5b5
1420,28.383806559,10.026445,30,v6,88000000ffffffffffffa8dd9f4dc5b5
1421,28.395020912,11.214353,30,v6,88000000ffffffffffffa8dd9f4dc5b5
1422,28.405604232,10.583320,30,v6,88000000ffffffffffffa8dd9f4dc5b5
1423,28.416521619,10.917387,30,v6,88000000ffffffffffffa8dd9f4dc5b5
1424,28.426458954,9.937335,30,v6,88000000ffffffffffffa8dd9f4dc5b5
1425,28.436808745,10.349791,30,v6,88000000ffffffffffffa8dd9f4dc5b5
1426,28.447930551,11.121806,30,v6,88000000ffffffffffffa8dd9f4dc5b5
1427,28.458015269,10.084718,30,v6,88000000ffffffffffffa8dd9f4dc5b5
1428,28.470384698,12.369429,30,v6,88000000ffffffffffffa8dd9f4dc5b5
1429,28.480477913,10.093215,30,v6,88000000ffffffffffffa8dd9f4dc5b5
1430,28.490560779,10.082866,30,v6,88000000ffffffffffffa8dd9f4dc5b5
1431,28.501671252,11.110473,30,v6,88000000ffffffffffffa8dd9f4dc5b5
1432,28.511942408,10.271156,30,v6,88000000ffffffffffffa8dd9f4dc5b5
1433,28.523224922,11.282514,30,v6,88000000ffffffffffffa8dd9f4dc5b5
1434,28.533634310,10.409388,30,v6,88000000ffffffffffffa8dd9f4dc5b5
1435,28.543438076,9.803766,30,v6,88000000ffffffffffffa8dd9f4dc5b5
1436,28.555038149,11.600073,30,v6,88000000ffffffffffffa8dd9f4dc5b5
1437,28.565040609,10.002460,30,v6,88000000ffffffffffffa8dd9f4dc5b5
1438,28.574993473,9.952864,30,v6,88000000ffffffffffffa8dd9f4dc5b5
1439,28.586303726,11.310253,30,v6,88000000ffffffffffffa8dd9f4dc5b5
1440,28.597291976,10.988250,30,v6,88000000ffffffffffffa8dd9f4dc5b5
1441,28.608579112,11.287136,30,v6,88000000ffffffffffffa8dd9f4dc5b5
1442,28.619811803,11.232691,30,v6,88000000ffffffffffffa8dd9f4dc5b5
1443,28.629738755,9.926952,30,v6,88000000ffffffffffffa8dd9f4dc5b5
1444,28.639966997,10.228242,30,v6,88000000ffffffffffffa8dd9f4dc5b5
1445,28.651314100,11.347103,30,v6,88000000ffffffffffffa8dd9f4dc5b5
1446,28.661408810,10.094710,30,v6,88000000ffffffffffffa8dd9f4dc5b5
1447,28.672727654,11.318844,30,v6,88000000ffffffffffffa8dd9f4dc5b5
1448,28.682753971,10.026317,30,v6,88000000ffffffffffffa8dd9f4dc5b5
1449,28.693930293,11.176322,30,v6,88000000ffffffffffffa8dd9f4dc5b5
1450,28.703937041,10.006748,30,v6,88000000ffffffffffffa8dd9f4dc5b5
1451,28.714149991,10.212950,30,v6,88000000ffffffffffffa8dd9f4dc5b5
1452,28.725342650,11.192659,30,v6,88000000ffffffffffffa8dd9f4dc5b5
1453,28.736762227,11.419577,30,v6,88000000ffffffffffffa8dd9f4dc5b5
1454,28.747766752,11.004525,30,v6,88000000ffffffffffffa8dd9f4dc5b5
1455,28.757946767,10.180015,30,v6,88000000ffffffffffffa8dd9f4dc5b5
1456,28.767990774,10.044007,30,v6,88000000ffffffffffffa8dd9f4dc5b5
1457,28.778241058,10.250284,30,v6,88000000ffffffffffffa8dd9f4dc5b5
1458,28.789156369,10.915311,30,v6,88000000ffffffffffffa8dd9f4dc5b5
1459,28.799727894,10.571525,30,v6,88000000ffffffffffffa8dd9f4dc5b5
1460,28.810567317,10.839423,30,v6,88000000ffffffffffffa8dd9f4dc5b5
1461,28.820928557,10.361240,30,v6,88000000ffffffffffffa8dd9f4dc5b5
1462,28.832248831,11.320274,30,v6,88000000ffffffffffffa8dd9f4dc5b5
1463,28.842159106,9.910275,30,v6,88000000ffffffffffffa8dd9f4dc5b5
1464,28.852381098,10.221992,30,v6,88000000ffffffffffffa8dd9f4dc5b5
1465,28.864618075,12.236977,30,v6,88000000ffffffffffffa8dd9f4dc5b5
1466,28.874803052,10.184977,30,v6,88000000ffffffffffffa8dd9f4dc5b5
1467,28.885891820,11.088768,30,v6,88000000ffffffffffffa8dd9f4dc5b5
1468,28.896005476,10.113656,30,v6,88000000ffffffffffffa8dd9f4dc5b5
1469,28.906242231,10.236755,30,v6,88000000ffffffffffffa8dd9f4dc5b5
1470,28.917641643,11.399412,30,v6,88000000ffffffffffffa8dd9f4dc5b5
1471,28.927828097,10.186454,30,v6,88000000ffffffffffffa8dd9f4dc5b5
1472,28.938719067,10.890970,30,v6,88000000ffffffffffffa8dd9f4dc5b5
1473,28.948804351,10.085284,30,v6,88000000ffffffffffffa8dd9f4dc5b5
1474,28.960070484,11.266133,30,v6,88000000ffffffffffffa8dd9f4dc5b5
1475,28.970201037,10.130553,30,v6,88000000ffffffffffffa8dd9f4dc5b5
1476,28.981408234,11.207197,30,v6,88000000ffffffffffffa8dd9f4dc5b5
1477,28.991486910,10.078676,30,v6,88000000ffffffffffffa8dd9f4dc5b5
1478,29.001928784,10.441874,30,v6,88000000ffffffffffffa8dd9f4dc5b5
1479,29.012927075,10.998291,30,v6,88000000ffffffffffffa8dd9f4dc5b5
1480,29.024128189,11.201114,30,v6,88000000ffffffffffffa8dd9f4dc5b5
1481,29.035377697,11.249508,30,v6,88000000ffffffffffffa8dd9f4dc5b5
1482,29.045305890,9.928193,30,v6,88000000ffffffffffffa8dd9f4dc5b5
1483,29.056764953,11.459063,30,v6,88000000ffffffffffffa8dd9f4dc5b5
1484,29.066705995,9.941042,30,v6,88000000ffffffffffffa8dd9f4dc5b5
1485,29.077018794,10.312799,30,v6,88000000ffffffffffffa8dd9f4dc5b5
1486,29.087019604,10.000810,30,v6,88000000ffffffffffffa8dd9f4dc5b5
1487,29.098225471,11.205867,30,v6,88000000ffffffffffffa8dd9f4dc5b5
1488,29.109471846,11.246375,30,v6,88000000ffffffffffffa8dd9f4dc5b5
1489,29.119509811,10.037965,30,v6,88000000ffffffffffffa8dd9f4dc5b5
1490,29.129658680,10.148869,30,v6,88000000ffffffffffffa8dd9f4dc5b5
1491,29.140929463,11.270783,30,v6,88000000ffffffffffffa8dd9f4dc5b5
1492,29.152001167,11.071704,30,v6,88000000ffffffffffffa8dd9f4dc5b5
1493,29.162309620,10.308453,30,v6,88000000ffffffffffffa8dd9f4dc5b5
1494,29.173380482,11.070862,30,v6,88000000ffffffffffffa8dd9f4dc5b5
1495,29.183560102,10.179620,30,v6,88000000ffffffffffffa8dd9f4dc5b5
1496,29.194883632,11.323530,30,v6,88000000ffffffffffffa8dd9f4dc5b5
1497,29.204785794,9.902162,30,v6,88000000ffffffffffffa8dd9f4dc5b5
1498,29.215104676,10.318882,30,v6,88000000ffffffffffffa8dd9f4dc5b5
1499,29.225103054,9.998378,30,v6,88000000ffffffffffffa8dd9f4dc5b5
1500,29.236327463,11.224409,30,v6,88000000ffffffffffffa8dd9f4dc5b5
1501,29.248834082,12.506619,30,v6,88000000ffffffffffffa8dd9f4dc5b5
1502,29.258829556,9.995474,30,v6,88000000ffffffffffffa8dd9f4dc5b5
1503,29.269004255,10.174699,30,v6,88000000ffffffffffffa8dd9f4dc5b5
1504,29.280077150,11.072895,30,v6,88000000ffffffffffffa8dd9f4dc5b5
1505,29.290421082,10.343932,30,v6,88000000ffffffffffffa8dd9f4dc5b5
1506,29.301377223,10.956141,30,v6,88000000ffffffffffffa8dd9f4dc5b5
1507,29.311828687,10.451464,30,v6,88000000ffffffffffffa8dd9f4dc5b5
1508,29.321874115,10.045428,30,v6,88000000ffffffffffffa8dd9f4dc5b5
1509,29.332982052,11.107937,30,v6,88000000ffffffffffffa8dd9f4dc5b5
1510,29.343095573,10.113521,30,v6,88000000ffffffffffffa8dd9f4dc5b5
1511,29.354228700,11.133127,30,v6,88000000ffffffffffffa8dd9f4dc5b5
1512,29.364538995,10.310295,30,v6,88000000ffffffffffffa8dd9f4dc5b5
1513,29.375697966,11.158971,30,v6,88000000ffffffffffffa8dd9f4dc5b5
1514,29.386787345,11.089379,30,v6,88000000ffffffffffffa8dd9f4dc5b5
1515,29.397956892,11.169547,30,v6,88000000ffffffffffffa8dd9f4dc5b5
1516,29.409162381,11.205489,30,v6,88000000ffffffffffffa8dd9f4dc5b5
1517,29.419172931,10.010550,30,v6,88000000ffffffffffffa8dd9f4dc5b5
1518,29.429369263,10.196332,30,v6,88000000ffffffffffffa8dd9f4dc5b5
1519,29.440477163,11.107900,30,v6,88000000ffffffffffffa8dd9f4dc5b5
1520,29.450936339,10.459176,30,v6,88000000ffffffffffffa8dd9f4dc5b5
1521,29.461863816,10.927477,30,v6,88000000ffffffffffffa8dd9f4dc5b5
1522,29.472165495,10.301679,30,v6,88000000ffffffffffffa8dd9f4dc5b5
1523,29.482302803,10.137308,30,v6,88000000ffffffffffffa8dd9f4dc5b5
1524,29.493211896,10.909093,30,v6,88000000ffffffffffffa8dd9f4dc5b5
1525,29.504537184,11.325288,30,v6,88000000ffffffffffffa8dd9f4dc5b5
1526,29.515648570,11.111386,30,v6,88000000ffffffffffffa8dd9f4dc5b5
1527,29.525985673,10.337103,30,v6,88000000ffffffffffffa8dd9f4dc5b5
1528,29.537279750,11.294077,30,v6,88000000ffffffffffffa8dd9f4dc5b5
1529,29.547110754,9.831004,30,v6,88000000ffffffffffffa8dd9f4dc5b5
1530,29.558461166,11.350412,30,v6,88000000ffffffffffffa8dd9f4dc5b5
1531,29.568426068,9.964902,30,v6,88000000ffffffffffffa8dd9f4dc5b5
1532,29.578650256,10.224188,30,v6,88000000ffffffffffffa8dd9f4dc5b5
1533,29.588762599,10.112343,30,v6,88000000ffffffffffffa8dd9f4dc5b5
1534,29.599972137,11.209538,30,v6,88000000ffffffffffffa8dd9f4dc5b5
1535,29.611301430,11.329293,30,v6,88000000ffffffffffffa8dd9f4dc5b5
1536,29.622399760,11.098330,30,v6,88000000ffffffffffffa8dd9f4dc5b5
1537,29.633706726,11.306966,30,v6,88000000ffffffffffffa8dd9f4dc5b5
1538,29.643691885,9.985159,30,v6,88000000ffffffffffffa8dd9f4dc5b5
1539,29.654092227,10.400342,30,v6,88000000ffffffffffffa8dd9f4dc5b5
1540,29.665415203,11.322976,30,v6,88000000ffffffffffffa8dd9f4dc5b5
1541,29.675263816,9.848613,30,v6,88000000ffffffffffffa8dd9f4dc5b5
1542,29.686515307,11.251491,30,v6,88000000ffffffffffffa8dd9f4dc5b5
1543,29.696709294,10.193987,30,v6,88000000ffffffffffffa8dd9f4dc5b5
1544,29.708002084,11.292790,30,v6,88000000ffffffffffffa8dd9f4dc5b5
1545,29.717964666,9.962582,30,v6,88000000ffffffffffffa8dd9f4dc5b5
1546,29.728099628,10.134962,30,v6,88000000ffffffffffffa8dd9f4dc5b5
1547,29.740363979,12.264351,30,v6,88000000ffffffffffffa8dd9f4dc5b5
1548,29.750348393,9.984414,30,v6,88000000ffffffffffffa8dd9f4dc5b5
1549,29.761718317,11.369924,30,v6,88000000ffffffffffffa8dd9f4dc5b5
1550,29.771872050,10.153733,30,v6,88000000ffffffffffffa8dd9f4dc5b5
1551,29.782045548,10.173498,30,v6,88000000ffffffffffffa8dd9f4dc5b5
1552,29.792973976,10.928428,30,v6,88000000ffffffffffffa8dd9f4dc5b5
1553,29.803318027,10.344051,30,v6,88000000ffffffffffffa8dd9f4dc5b5
1554,29.814460127,11.142100,30,v6,88000000ffffffffffffa8dd9f4dc5b5
1555,29.824424850,9.964723,30,v6,88000000ffffffffffffa8dd9f4dc5b5
1556,29.835709364,11.284514,30,v6,88000000ffffffffffffa8dd9f4dc5b5
1557,29.846888286,11.178922,30,v6,88000000ffffffffffffa8dd9f4dc5b5
1558,29.857161733,10.273447,30,v6,88000000ffffffffffffa8dd9f4dc5b5
1559,29.868265111,11.103378,30,v6,88000000ffffffffffffa8dd9f4dc5b5
1560,29.878323668,10.058557,30,v6,88000000ffffffffffffa8dd9f4dc5b5
1561,29.888568359,10.244691,30,v6,88000000ffffffffffffa8dd9f4dc5b5
1562,29.899815911,11.247552,30,v6,88000000ffffffffffffa8dd9f4dc5b5
1563,29.909840134,10.024223,30,v6,88000000ffffffffffffa8dd9f4dc5b5
1564,29.920089209,10.249075,30,v6,88000000ffffffffffffa8dd9f4dc5b5
1565,29.931245523,11.156314,30,v6,88000000ffffffffffffa8dd9f4dc5b5
1566,29.941554484,10.308961,30,v6,88000000ffffffffffffa8dd9f4dc5b5
1567,29.953660121,12.105637,30,v6,88000000ffffffffffffa8dd9f4dc5b5
1568,29.964086596,10.426475,30,v6,88000000ffffffffffffa8dd9f4dc5b5
1569,29.975108272,11.021676,30,v6,88000000ffffffffffffa8dd9f4dc5b5
1570,29.985121567,10.013295,30,v6,88000000ffffffffffffa8dd9f4dc5b5
1571,29.995410314,10.288747,30,v6,88000000ffffffffffffa8dd9f4dc5b5
1572,30.006576689,11.166375,30,v6,88000000ffffffffffffa8dd9f4dc5b5
1573,30.016569942,9.993253,30,v6,88000000ffffffffffffa8dd9f4dc5b5
1574,30.027865051,11.295109,30,v6,88000000ffffffffffffa8dd9f4dc5b5
1575,30.037858858,9.993807,30,v6,88000000ffffffffffffa8dd9f4dc5b5
1576,30.048139753,10.280895,30,v6,88000000ffffffffffffa8dd9f4dc5b5
1577,30.058483864,10.344111,30,v6,88000000ffffffffffffa8dd9f4dc5b5
1578,30.069760227,11.276363,30,v6,88000000ffffffffffffa8dd9f4dc5b5
1579,30.079752950,9.992723,30,v6,88000000ffffffffffffa8dd9f4dc5b5
1580,30.091792813,12.039863,30,v6,88000000ffffffffffffa8dd9f4dc5b5
1581,30.102972485,11.179672,30,v6,88000000ffffffffffffa8dd9f4dc5b5
1582,30.113234127,10.261642,30,v6,88000000ffffffffffffa8dd9f4dc5b5
1583,30.123282461,10.048334,30,v6,88000000ffffffffffffa8dd9f4dc5b5
1584,30.134591418,11.308957,30,v6,88000000ffffffffffffa8dd9f4dc5b5
1585,30.144620485,10.029067,30,v6,88000000ffffffffffffa8dd9f4dc5b5
1586,30.155783080,11.162595,30,v6,88000000ffffffffffffa8dd9f4dc5b5
1587,30.165937789,10.154709,30,v6,88000000ffffffffffffa8dd9f4dc5b5
1588,30.176187464,10.249675,30,v6,88000000ffffffffffffa8dd9f4dc5b5
1589,30.187335908,11.148444,30,v6,88000000ffffffffffffa8dd9f4dc5b5
1590,30.197435399,10.099491,30,v6,88000000ffffffffffffa8dd9f4dc5b5
1591,30.208673132,11.237733,30,v6,88000000ffffffffffffa8dd9f4dc5b5
1592,30.218966319,10.293187,30,v6,88000000ffffffffffffa8dd9f4dc5b5
1593,30.231011860,12.045541,30,v6,88000000ffffffffffffa8dd9f4dc5b5
1594,30.241128446,10.116586,30,v6,88000000ffffffffffffa8dd9f4dc5b5
1595,30.251353072,10.224626,30,v6,88000000ffffffffffffa8dd9f4dc5b5
1596,30.262751807,11.398735,30,v6,88000000ffffffffffffa8dd9f4dc5b5
1597,30.272889630,10.137823,30,v6,88000000ffffffffffffa8dd9f4dc5b5
1598,30.283888225,10.998595,30,v6,88000000ffffffffffffa8dd9f4dc5b5
1599,30.293931446,10.043221,30,v6,88000000ffffffffffffa8dd9f4dc5b5
1600,30.304232417,10.300971,30,v6,88000000ffffffffffffa8dd9f4dc5b5
1601,30.315175706,10.943289,30,v6,88000000ffffffffffffa8dd9f4dc5b5
1602,30.326484712,11.309006,30,v6,88000000ffffffffffffa8dd9f4dc5b5
1603,30.336765568,10.280856,30,v6,88000000ffffffffffffa8dd9f4dc5b5
1604,30.347935996,11.170428,30,v6,88000000ffffffffffffa8dd9f4dc5b5
1605,30.359060745,11.124749,30,v6,88000000ffffffffffffa8dd9f4dc5b5
1606,30.369167208,10.106463,30,v6,88000000ffffffffffffa8dd9f4dc5b5
1607,30.380658501,11.491293,30,v6,88000000ffffffffffffa8dd9f4dc5b5
1608,30.390432937,9.774436,30,v6,88000000ffffffffffffa8dd9f4dc5b5
1609,30.400673930,10.240993,30,v6,88000000ffffffffffffa8dd9f4dc5b5
1610,30.411886868,11.212938,30,v6,88000000ffffffffffffa8dd9f4dc5b5
1611,30.421936782,10.049914,30,v6,88000000ffffffffffffa8dd9f4dc5b5
1612,30.433171350,11.234568,30,v6,88000000ffffffffffffa8dd9f4dc5b5
1613,30.443181182,10.009832,30,v6,88000000ffffffffffffa8dd9f4dc5b5
1614,30.454749833,11.568651,30,v6,88000000ffffffffffffa8dd9f4dc5b5
1615,30.465604252,10.854419,30,v6,88000000ffffffffffffa8dd9f4dc5b5
1616,30.475885053,10.280801,30,v6,88000000ffffffffffffa8dd9f4dc5b5
1617,30.487216555,11.331502,30,v6,88000000ffffffffffffa8dd9f4dc5b5
1618,30.497189014,9.972459,30,v6,88000000ffffffffffffa8dd9f4dc5b5
1619,30.507655505,10.466491,30,v6,88000000ffffffffffffa8dd9f4dc5b5
1620,30.518402686,10.747181,30,v6,88000000ffffffffffffa8dd9f4dc5b5
1621,30.528732209,10.329523,30,v6,88000000ffffffffffffa8dd9f4dc5b5
1622,30.539896459,11.164250,30,v6,88000000ffffffffffffa8dd9f4dc5b5
1623,30.550069306,10.172847,30,v6,88000000ffffffffffffa8dd9f4dc5b5
1624,30.560223248,10.153942,30,v6,88000000ffffffffffffa8dd9f4dc5b5
1625,30.572213190,11.989942,30,v6,88000000ffffffffffffa8dd9f4dc5b5
1626,30.582538993,10.325803,30,v6,88000000ffffffffffffa8dd9f4dc5b5
1627,30.593712488,11.173495,30,v6,88000000ffffffffffffa8dd9f4dc5b5
1628,30.603821508,10.109020,30,v6,88000000ffffffffffffa8dd9f4dc5b5
1629,30.614171548,10.350040,30,v6,88000000ffffffffffffa8dd9f4dc5b5
1630,30.625212291,11.040743,30,v6,88000000ffffffffffffa8dd9f4dc5b5
1631,30.635667057,10.454766,30,v6,88000000ffffffffffffa8dd9f4dc5b5
1632,30.645556943,9.889886,30,v6,88000000ffffffffffffa8dd9f4dc5b5
1633,30.657077605,11.520662,30,v6,88000000ffffffffffffa8dd9f4dc5b5
1634,30.666751360,9.673755,30,v6,88000000ffffffffffffa8dd9f4dc5b5
1635,30.678164107,11.412747,30,v6,88000000ffffffffffffa8dd9f4dc5b5
1636,30.689037481,10.873374,30,v6,88000000ffffffffffffa8dd9f4dc5b5
1637,30.700469073,11.431592,30,v6,88000000ffffffffffffa8dd9f4dc5b5
1638,30.710661781,10.192708,30,v6,88000000ffffffffffffa8dd9f4dc5b5
1639,30.720744371,10.082590,30,v6,88000000ffffffffffffa8dd9f4dc5b5
1640,30.732024690,11.280319,30,v6,88000000ffffffffffffa8dd9f4dc5b5
1641,30.742084263,10.059573,30,v6,88000000ffffffffffffa8dd9f4dc5b5
1642,30.753514308,11.430045,30,v6,88000000ffffffffffffa8dd9f4dc5b5
1643,30.763649866,10.135558,30,v6,88000000ffffffffffffa8dd9f4dc5b5
1644,30.773738729,10.088863,30,v6,88000000ffffffffffffa8dd9f4dc5b5
1645,30.784772412,11.033683,30,v6,88000000ffffffffffffa8dd9f4dc5b5
1646,30.794874532,10.102120,30,v6,88000000ffffffffffffa8dd9f4dc5b5
1647,30.807197675,12.323143,30,v6,88000000ffffffffffffa8dd9f4dc5b5
1648,30.817199977,10.002302,30,v6,88000000ffffffffffffa8dd9f4dc5b5
1649,30.828493313,11.293336,30,v6,88000000ffffffffffffa8dd9f4dc5b5
1650,30.838936958,10.443645,30,v6,88000000ffffffffffffa8dd9f4dc5b5
1651,30.848973035,10.036077,30,v6,88000000ffffffffffffa8dd9f4dc5b5
1652,30.859940689,10.967654,30,v6,88000000ffffffffffffa8dd9f4dc5b5
1653,30.870276569,10.335880,30,v6,88000000ffffffffffffa8dd9f4dc5b5
1654,30.881540230,11.263661,30,v6,88000000ffffffffffffa8dd9f4dc5b5
1655,30.891631418,10.091188,30,v6,88000000ffffffffffffa8dd9f4dc5b5
1656,30.901648527,10.017109,30,v6,88000000ffffffffffffa8dd9f4dc5b5
1657,30.912573014,10.924487,30,v6,88000000ffffffffffffa8dd9f4dc5b5
1658,30.923964011,11.390997,30,v6,88000000ffffffffffffa8dd9f4dc5b5
1659,30.933985641,10.021630,30,v6,88000000ffffffffffffa8dd9f4dc5b5
1660,30.945320476,11.334835,30,v6,88000000ffffffffffffa8dd9f4dc5b5
1661,30.955412154,10.091678,30,v6,88000000ffffffffffffa8dd9f4dc5b5
1662,30.966603933,11.191779,30,v6,88000000ffffffffffffa8dd9f4dc5b5
1663,30.976858195,10.254262,30,v6,88000000ffffffffffffa8dd9f4dc5b5
1664,30.986903963,10.045768,30,v6,88000000ffffffffffffa8dd9f4dc5b5
1665,30.998220864,11.316901,30,v6,88000000ffffffffffffa8dd9f4dc5b5
1666,31.008310202,10.089338,30,v6,88000000ffffffffffffa8dd9f4dc5b5
1667,31.019553987,11.243785,30,v6,88000000ffffffffffffa8dd9f4dc5b5
1668,31.029643306,10.089319,30,v6,88000000ffffffffffffa8dd9f4dc5b5
1669,31.040761601,11.118295,30,v6,88000000ffffffffffffa8dd9f4dc5b5
1670,31.051117191,10.355590,30,v6,88000000ffffffffffffa8dd9f4dc5b5
1671,31.062215367,11.098176,30,v6,88000000ffffffffffffa8dd9f4dc5b5
1672,31.073543435,11.328068,30,v6,88000000ffffffffffffa8dd9f4dc5b5
1673,31.094676979,21.133544,30,v6,88000000ffffffffffffa8dd9f4dc5b5
1674,31.104897080,10.220101,30,v6,88000000ffffffffffffa8dd9f4dc5b5
1675,31.114942505,10.045425,30,v6,88000000ffffffffffffa8dd9f4dc5b5
1676,31.126043490,11.100985,30,v6,88000000ffffffffffffa8dd9f4dc5b5
1677,31.136427471,10.383981,30,v6,88000000ffffffffffffa8dd9f4dc5b5
1678,31.147479116,11.051645,30,v6,88000000ffffffffffffa8dd9f4dc5b5
1679,31.157569537,10.090421,30,v6,88000000ffffffffffffa8dd9f4dc5b5
1680,31.168127602,10.558065,30,v6,88000000ffffffffffffa8dd9f4dc5b5
1681,31.179023194,10.895592,30,v6,88000000ffffffffffffa8dd9f4dc5b5
1682,31.190239028,11.215834,30,v6,88000000ffffffffffffa8dd9f4dc5b5
1683,31.200489364,10.250336,30,v6,88000000ffffffffffffa8dd9f4dc5b5
1684,31.211394528,10.905164,30,v6,88000000ffffffffffffa8dd9f4dc5b5
1685,31.221759870,10.365342,30,v6,88000000ffffffffffffa8dd9f4dc5b5
1686,31.231961656,10.201786,30,v6,88000000ffffffffffffa8dd9f4dc5b5
1687,31.242897107,10.935451,30,v6,88000000ffffffffffffa8dd9f4dc5b5
1688,31.253083021,10.185914,30,v6,88000000ffffffffffffa8dd9f4dc5b5
1689,31.264536299,11.453278,30,v6,88000000ffffffffffffa8dd9f4dc5b5
1690,31.274525404,9.989105,30,v6,88000000ffffffffffffa8dd9f4dc5b5
1691,31.284820810,10.295406,30,v6,88000000ffffffffffffa8dd9f4dc5b5
1692,31.295711807,10.890997,30,v6,88000000ffffffffffffa8dd9f4dc5b5
1693,31.307998644,12.286837,30,v6,88000000ffffffffffffa8dd9f4dc5b5
1694,31.318112214,10.113570,30,v6,88000000ffffffffffffa8dd9f4dc5b5
1695,31.328287703,10.175489,30,v6,88000000ffffffffffffa8dd9f4dc5b5
1696,31.339491531,11.203828,30,v6,88000000ffffffffffffa8dd9f4dc5b5
1697,31.349836822,10.345291,30,v6,88000000ffffffffffffa8dd9f4dc5b5
1698,31.359936725,10.099903,30,v6,88000000ffffffffffffa8dd9f4dc5b5
1699,31.370913436,10.976711,30,v6,88000000ffffffffffffa8dd9f4dc5b5
1700,31.381325192,10.411756,30,v6,88000000ffffffffffffa8dd9f4dc5b5
1701,31.391302492,9.977300,30,v6,88000000ffffffffffffa8dd9f4dc5b5
1702,31.402351369,11.048877,30,v6,88000000ffffffffffffa8dd9f4dc5b5
1703,31.413732793,11.381424,30,v6,88000000ffffffffffffa8dd9f4dc5b5
1704,31.425048351,11.315558,30,v6,88000000ffffffffffffa8dd9f4dc5b5
1705,31.434807558,9.759207,30,v6,88000000ffffffffffffa8dd9f4dc5b5
1706,31.446179586,11.372028,30,v6,88000000ffffffffffffa8dd9f4dc5b5
1707,31.456339653,10.160067,30,v6,88000000ffffffffffffa8dd9f4dc5b5
1708,31.466715728,10.376075,30,v6,88000000ffffffffffffa8dd9f4dc5b5
1709,31.477858295,11.142567,30,v6,88000000ffffffffffffa8dd9f4dc5b5
1710,31.487988021,10.129726,30,v6,88000000ffffffffffffa8dd9f4dc5b5
1711,31.497961106,9.973085,30,v6,88000000ffffffffffffa8dd9f4dc5b5
1712,31.509185622,11.224516,30,v6,88000000ffffffffffffa8dd9f4dc5b5
1713,31.519689057,10.503435,30,v6,88000000ffffffffffffa8dd9f4dc5b5
1714,31.531452095,11.763038,30,v6,88000000ffffffffffffa8dd9f4dc5b5
1715,31.541760075,10.307980,30,v6,88000000ffffffffffffa8dd9f4dc5b5
1716,31.552917830,11.157755,30,v6,88000000ffffffffffffa8dd9f4dc5b5
1717,31.562993318,10.075488,30,v6,88000000ffffffffffffa8dd9f4dc5b5
1718,31.574302007,11.308689,30,v6,88000000ffffffffffffa8dd9f4dc5b5
1719,31.584296106,9.994099,30,v6,88000000ffffffffffffa8dd9f4dc5b5
1720,31.594419488,10.123382,30,v6,88000000ffffffffffffa8dd9f4dc5b5
1721,31.604711613,10.292125,30,v6,88000000ffffffffffffa8dd9f4dc5b5
1722,31.615957638,11.246025,30,v6,88000000ffffffffffffa8dd9f4dc5b5
1723,31.625816957,9.859319,30,v6,88000000ffffffffffffa8dd9f4dc5b5
1724,31.638111601,12.294644,30,v6,88000000ffffffffffffa8dd9f4dc5b5
1725,31.648247044,10.135443,30,v6,88000000ffffffffffffa8dd9f4dc5b5
1726,31.658569111,10.322067,30,v6,88000000ffffffffffffa8dd9f4dc5b5
1727,31.669902519,11.333408,30,v6,88000000ffffffffffffa8dd9f4dc5b5
1728,31.679773027,9.870508,30,v6,88000000ffffffffffffa8dd9f4dc5b5
1729,31.689859012,10.085985,30,v6,88000000ffffffffffffa8dd9f4dc5b5
1730,31.701051816,11.192804,30,v6,88000000ffffffffffffa8dd9f4dc5b5
1731,31.711289079,10.237263,30,v6,88000000ffffffffffffa8dd9f4dc5b5
1732,31.722476737,11.187658,30,v6,88000000ffffffffffffa8dd9f4dc5b5
1733,31.733709076,11.232339,30,v6,88000000ffffffffffffa8dd9f4dc5b5
1734,31.743765905,10.056829,30,v6,88000000ffffffffffffa8dd9f4dc5b5
1735,31.755080280,11.314375,30,v6,88000000ffffffffffffa8dd9f4dc5b5
1736,31.765438909,10.358629,30,v6,88000000ffffffffffffa8dd9f4dc5b5
1737,31.776338743,10.899834,30,v6,88000000ffffffffffffa8dd9f4dc5b5
1738,31.786587850,10.249107,30,v6,88000000ffffffffffffa8dd9f4dc5b5
1739,31.797668228,11.080378,30,v6,88000000ffffffffffffa8dd9f4dc5b5
1740,31.807827914,10.159686,30,v6,88000000ffffffffffffa8dd9f4dc5b5
1741,31.817892281,10.064367,30,v6,88000000ffffffffffffa8dd9f4dc5b5
1742,31.829027912,11.135631,30,v6,88000000ffffffffffffa8dd9f4dc5b5
1743,31.839325802,10.297890,30,v6,88000000ffffffffffffa8dd9f4dc5b5
1744,31.850580692,11.254890,30,v6,88000000ffffffffffffa8dd9f4dc5b5
1745,31.860704752,10.124060,30,v6,88000000ffffffffffffa8dd9f4dc5b5
1746,31.871788251,11.083499,30,v6,88000000ffffffffffffa8dd9f4dc5b5
1747,31.883112921,11.324670,30,v6,88000000ffffffffffffa8dd9f4dc5b5
1748,31.893102066,9.989145,30,v6,88000000ffffffffffffa8dd9f4dc5b5
1749,31.903357760,10.255694,30,v6,88000000ffffffffffffa8dd9f4dc5b5
1750,31.914748356,11.390596,30,v6,88000000ffffffffffffa8dd9f4dc5b5
1751,31.925718070,10.969714,30,v6,88000000ffffffffffffa8dd9f4dc5b5
1752,31.936089214,10.371144,30,v6,88000000ffffffffffffa8dd9f4dc5b5
1753,31.946161731,10.072517,30,v6,88000000ffffffffffffa8dd9f4dc5b5
1754,31.957350163,11.188432,30,v6,88000000ffffffffffffa8dd9f4dc5b5
1755,31.967302833,9.952670,30,v6,88000000ffffffffffffa8dd9f4dc5b5
1756,31.978719824,11.416991,30,v6,88000000ffffffffffffa8dd9f4dc5b5
1757,31.988768957,10.049133,30,v6,88000000ffffffffffffa8dd9f4dc5b5
1758,32.000960060,12.191103,30,v6,88000000ffffffffffffa8dd9f4dc5b5
1759,32.011089415,10.129355,30,v6,88000000ffffffffffffa8dd9f4dc5b5
1760,32.021432095,10.342680,30,v6,88000000ffffffffffffa8dd9f4dc5b5
1761,32.032626498,11.194403,30,v6,88000000ffffffffffffa8dd9f4dc5b5
1762,32.042551138,9.924640,30,v6,88000000ffffffffffffa8dd9f4dc5b5
1763,32.052755662,10.204524,30,v6,88000000ffffffffffffa8dd9f4dc5b5
1764,32.063925580,11.169918,30,v6,88000000ffffffffffffa8dd9f4dc5b5
1765,32.074188067,10.262487,30,v6,88000000ffffffffffffa8dd9f4dc5b5
1766,32.085280184,11.092117,30,v6,88000000ffffffffffffa8dd9f4dc5b5
1767,32.095396665,10.116481,30,v6,88000000ffffffffffffa8dd9f4dc5b5
1768,32.105587119,10.190454,30,v6,88000000ffffffffffffa8dd9f4dc5b5
1769,32.117750478,12.163359,30,v6,88000000ffffffffffffa8dd9f4dc5b5
1770,32.127724599,9.974121,30,v6,88000000ffffffffffffa8dd9f4dc5b5
1771,32.138031836,10.307237,30,v6,88000000ffffffffffffa8dd9f4dc5b5
1772,32.149458169,11.426333,30,v6,88000000ffffffffffffa8dd9f4dc5b5
1773,32.159297014,9.838845,30,v6,88000000ffffffffffffa8dd9f4dc5b5
1774,32.170796217,11.499203,30,v6,88000000ffffffffffffa8dd9f4dc5b5
1775,32.180743926,9.947709,30,v6,88000000ffffffffffffa8dd9f4dc5b5
1776,32.191944555,11.200629,30,v6,88000000ffffffffffffa8dd9f4dc5b5
1777,32.201947276,10.002721,30,v6,88000000ffffffffffffa8dd9f4dc5b5
1778,32.212186605,10.239329,30,v6,88000000ffffffffffffa8dd9f4dc5b5
1779,32.224278941,12.092336,30,v6,88000000ffffffffffffa8dd9f4dc5b5
1780,32.234599760,10.320819,30,v6,88000000ffffffffffffa8dd9f4dc5b5
1781,32.244718761,10.119001,30,v6,88000000ffffffffffffa8dd9f4dc5b5
1782,32.255866011,11.147250,30,v6,88000000ffffffffffffa8dd9f4dc5b5
1783,32.266102466,10.236455,30,v6,88000000ffffffffffffa8dd9f4dc5b5
1784,32.277245729,11.143263,30,v6,88000000ffffffffffffa8dd9f4dc5b5
1785,32.287715616,10.469887,30,v6,88000000ffffffffffffa8dd9f4dc5b5
1786,32.298998530,11.282914,30,v6,88000000ffffffffffffa8dd9f4dc5b5
1787,32.308644830,9.646300,30,v6,88000000ffffffffffffa8dd9f4dc5b5
1788,32.319134768,10.489938,30,v6,88000000ffffffffffffa8dd9f4dc5b5
1789,32.330107429,10.972661,30,v6,88000000ffffffffffffa8dd9f4dc5b5
1790,32.341423142,11.315713,30,v6,88000000ffffffffffffa8dd9f4dc5b5
1791,32.352472333,11.049191,30,v6,88000000ffffffffffffa8dd9f4dc5b5
1792,32.362652499,10.180166,30,v6,88000000ffffffffffffa8dd9f4dc5b5
1793,32.373682319,11.029820,30,v6,88000000ffffffffffffa8dd9f4dc5b5
1794,32.384076892,10.394573,30,v6,88000000ffffffffffffa8dd9f4dc5b5
1795,32.394113919,10.037027,30,v6,88000000ffffffffffffa8dd9f4dc5b5
1796,32.404284874,10.170955,30,v6,88000000ffffffffffffa8dd9f4dc5b5
1797,32.415662049,11.377175,30,v6,88000000ffffffffffffa8dd9f4dc5b5
1798,32.425489907,9.827858,30,v6,88000000ffffffffffffa8dd9f4dc5b5
1799,32.436768388,11.278481,30,v6,88000000ffffffffffffa8dd9f4dc5b5
1800,32.447004690,10.236302,30,v6,88000000ffffffffffffa8dd9f4dc5b5
1801,32.457173910,10.169220,30,v6,88000000ffffffffffffa8dd9f4dc5b5
1802,32.468239632,11.065722,30,v6,88000000ffffffffffffa8dd9f4dc5b5
1803,32.480373905,12.134273,30,v6,88000000ffffffffffffa8dd9f4dc5b5
1804,32.490790084,10.416179,30,v6,88000000ffffffffffffa8dd9f4dc5b5
1805,32.500750678,9.960594,30,v6,88000000ffffffffffffa8dd9f4dc5b5
1806,32.511840414,11.089736,30,v6,88000000ffffffffffffa8dd9f4dc5b5
1807,32.521981744,10.141330,30,v6,88000000ffffffffffffa8dd9f4dc5b5
1808,32.532327312,10.345568,30,v6,88000000ffffffffffffa8dd9f4dc5b5
1809,32.543470728,11.143416,30,v6,88000000ffffffffffffa8dd9f4dc5b5
1810,32.553654990,10.184262,30,v6,88000000ffffffffffffa8dd9f4dc5b5
1811,32.564814100,11.159110,30,v6,88000000ffffffffffffa8dd9f4dc5b5
1812,32.574867664,10.053564,30,v6,88000000ffffffffffffa8dd9f4dc5b5
1813,32.586133565,11.265901,30,v6,88000000ffffffffffffa8dd9f4dc5b5
1814,32.597274640,11.141075,30,v6,88000000ffffffffffffa8dd9f4dc5b5
1815,32.607475978,10.201338,30,v6,88000000ffffffffffffa8dd9f4dc5b5
1816,32.618485118,11.009140,30,v6,88000000ffffffffffffa8dd9f4dc5b5
1817,32.628640616,10.155498,30,v6,88000000ffffffffffffa8dd9f4dc5b5
1818,32.639927537,11.286921,30,v6,88000000ffffffffffffa8dd9f4dc5b5
1819,32.650187742,10.260205,30,v6,88000000ffffffffffffa8dd9f4dc5b5
1820,32.660178389,9.990647,30,v6,88000000ffffffffffffa8dd9f4dc5b5
1821,32.670804913,10.626524,30,v6,88000000ffffffffffffa8dd9f4dc5b5
1822,32.681642744,10.837831,30,v6,88000000ffffffffffffa8dd9f4dc5b5
1823,32.691868244,10.225500,30,v6,88000000ffffffffffffa8dd9f4dc5b5
1824,32.703987491,12.119247,30,v6,88000000ffffffffffffa8dd9f4dc5b5
1825,32.714276293,10.288802,30,v6,88000000ffffffffffffa8dd9f4dc5b5
1826,32.725344750,11.068457,30,v6,88000000ffffffffffffa8dd9f4dc5b5
1827,32.735643902,10.299152,30,v6,88000000ffffffffffffa8dd9f4dc5b5
1828,32.745637231,9.993329,30,v6,88000000ffffffffffffa8dd9f4dc5b5
1829,32.756734306,11.097075,30,v6,88000000ffffffffffffa8dd9f4dc5b5
1830,32.767126035,10.391729,30,v6,88000000ffffffffffffa8dd9f4dc5b5
1831,32.778103033,10.976998,30,v6,88000000ffffffffffffa8dd9f4dc5b5
1832,32.788327372,10.224339,30,v6,88000000ffffffffffffa8dd9f4dc5b5
1833,32.798512596,10.185224,30,v6,88000000ffffffffffffa8dd9f4dc5b5
1834,32.808664155,10.151559,30,v6,88000000ffffffffffffa8dd9f4dc5b5
1835,32.819845677,11.181522,30,v6,88000000ffffffffffffa8dd9f4dc5b5
1836,32.830994895,11.149218,30,v6,88000000ffffffffffffa8dd9f4dc5b5
1837,32.842270662,11.275767,30,v6,88000000ffffffffffffa8dd9f4dc5b5
1838,32.852483051,10.212389,30,v6,88000000ffffffffffffa8dd9f4dc5b5
1839,32.863485067,11.002016,30,v6,88000000ffffffffffffa8dd9f4dc5b5
1840,32.873911415,10.426348,30,v6,88000000ffffffffffffa8dd9f4dc5b5
1841,32.884966574,11.055159,30,v6,88000000ffffffffffffa8dd9f4dc5b5
1842,32.895032349,10.065775,30,v6,88000000ffffffffffffa8dd9f4dc5b5
1843,32.906207198,11.174849,30,v6,88000000ffffffffffffa8dd9f4dc5b5
1844,32.916409331,10.202133,30,v6,88000000ffffffffffffa8dd9f4dc5b5
1845,32.926570634,10.161303,30,v6,88000000ffffffffffffa8dd9f4dc5b5
1846,32.937642942,11.072308,30,v6,88000000ffffffffffffa8dd9f4dc5b5
1847,32.948893773,11.250831,30,v6,88000000ffffffffffffa8dd9f4dc5b5
1848,32.958938818,10.045045,30,v6,88000000ffffffffffffa8dd9f4dc5b5
1849,32.970133789,11.194971,30,v6,88000000ffffffffffffa8dd9f4dc5b5
1850,32.980269405,10.135616,30,v6,88000000ffffffffffffa8dd9f4dc5b5
1851,32.991720935,11.451530,30,v6,88000000ffffffffffffa8dd9f4dc5b5
1852,33.001559749,9.838814,30,v6,88000000ffffffffffffa8dd9f4dc5b5
1853,33.011988795,10.429046,30,v6,88000000ffffffffffffa8dd9f4dc5b5
1854,33.022257196,10.268401,30,v6,88000000ffffffffffffa8dd9f4dc5b5
1855,33.033128445,10.871249,30,v6,88000000ffffffffffffa8dd9f4dc5b5
1856,33.044476215,11.347770,30,v6,88000000ffffffffffffa8dd9f4dc5b5
1857,33.055754377,11.278162,30,v6,88000000ffffffffffffa8dd9f4dc5b5
1858,33.066004168,10.249791,30,v6,88000000ffffffffffffa8dd9f4dc5b5
1859,33.076763674,10.759506,30,v6,88000000ffffffffffffa8dd9f4dc5b5
1860,33.086886589,10.122915,30,v6,88000000ffffffffffffa8dd9f4dc5b5
1861,33.097177773,10.291184,30,v6,88000000ffffffffffffa8dd9f4dc5b5
1862,33.108364366,11.186593,30,v6,88000000ffffffffffffa8dd9f4dc5b5
1863,33.118514701,10.150335,30,v6,88000000ffffffffffffa8dd9f4dc5b5
1864,33.129787106,11.272405,30,v6,88000000ffffffffffffa8dd9f4dc5b5
1865,33.139685841,9.898735,30,v6,88000000ffffffffffffa8dd9f4dc5b5
1866,33.149952071,10.266230,30,v6,88000000ffffffffffffa8dd9f4dc5b5
1867,33.161026572,11.074501,30,v6,88000000ffffffffffffa8dd9f4dc5b5
1868,33.172510054,11.483482,30,v6,88000000ffffffffffffa8dd9f4dc5b5
1869,33.183648774,11.138720,30,v6,88000000ffffffffffffa8dd9f4dc5b5
1870,33.193832316,10.183542,30,v6,88000000ffffffffffffa8dd9f4dc5b5
1871,33.204971974,11.139658,30,v6,88000000ffffffffffffa8dd9f4dc5b5
1872,33.215220194,10.248220,30,v6,88000000ffffffffffffa8dd9f4dc5b5
1873,33.225272828,10.052634,30,v6,88000000ffffffffffffa8dd9f4dc5b5
1874,33.236428090,11.155262,30,v6,88000000ffffffffffffa8dd9f4dc5b5
1875,33.246586117,10.158027,30,v6,88000000ffffffffffffa8dd9f4dc5b5
1876,33.258265697,11.679580,30,v6,88000000ffffffffffffa8dd9f4dc5b5
1877,33.267899914,9.634217,30,v6,88000000ffffffffffffa8dd9f4dc5b5
1878,33.278317715,10.417801,30,v6,88000000ffffffffffffa8dd9f4dc5b5
1879,33.289405821,11.088106,30,v6,88000000ffffffffffffa8dd9f4dc5b5
1880,33.300329138,10.923317,30,v6,88000000ffffffffffffa8dd9f4dc5b5
1881,33.311613262,11.284124,30,v6,88000000ffffffffffffa8dd9f4dc5b5
1882,33.321753770,10.140508,30,v6,88000000ffffffffffffa8dd9f4dc5b5
1883,33.331904343,10.150573,30,v6,88000000ffffffffffffa8dd9f4dc5b5
1884,33.342953872,11.049529,30,v6,88000000ffffffffffffa8dd9f4dc5b5
1885,33.354416268,11.462396,30,v6,88000000ffffffffffffa8dd9f4dc5b5
1886,33.364608315,10.192047,30,v6,88000000ffffffffffffa8dd9f4dc5b5
1887,33.374442270,9.833955,30,v6,88000000ffffffffffffa8dd9f4dc5b5
1888,33.385988317,11.546047,30,v6,88000000ffffffffffffa8dd9f4dc5b5
1889,33.395855850,9.867533,30,v6,88000000ffffffffffffa8dd9f4dc5b5
1890,33.408079694,12.223844,30,v6,88000000ffffffffffffa8dd9f4dc5b5
1891,33.418227966,10.148272,30,v6,88000000ffffffffffffa8dd9f4dc5b5
1892,33.428316308,10.088342,30,v6,88000000ffffffffffffa8dd9f4dc5b5
1893,33.438624565,10.308257,30,v6,88000000ffffffffffffa8dd9f4dc5b5
1894,33.449606975,10.982410,30,v6,88000000ffffffffffffa8dd9f4dc5b5
1895,33.459828228,10.221253,30,v6,88000000ffffffffffffa8dd9f4dc5b5
1896,33.470958666,11.130438,30,v6,88000000ffffffffffffa8dd9f4dc5b5
1897,33.481162071,10.203405,30,v6,88000000ffffffffffffa8dd9f4dc5b5
1898,33.492613573,11.451502,30,v6,88000000ffffffffffffa8dd9f4dc5b5
1899,33.502628493,10.014920,30,v6,88000000ffffffffffffa8dd9f4dc5b5
1900,33.514780999,12.152506,30,v6,88000000ffffffffffffa8dd9f4dc5b5
1901,33.524942876,10.161877,30,v6,88000000ffffffffffffa8dd9f4dc5b5
1902,33.535152567,10.209691,30,v6,88000000ffffffffffffa8dd9f4dc5b5
1903,33.546124625,10.972058,30,v6,88000000ffffffffffffa8dd9f4dc5b5
1904,33.556405952,10.281327,30,v6,88000000ffffffffffffa8dd9f4dc5b5
1905,33.567818306,11.412354,30,v6,88000000ffffffffffffa8dd9f4dc5b5
1906,33.577838252,10.019946,30,v6,88000000ffffffffffffa8dd9f4dc5b5
1907,33.588907163,11.068911,30,v6,88000000ffffffffffffa8dd9f4dc5b5
1908,33.599080533,10.173370,30,v6,88000000ffffffffffffa8dd9f4dc5b5
1909,33.609255813,10.175280,30,v6,88000000ffffffffffffa8dd9f4dc5b5
1910,33.620621432,11.365619,30,v6,88000000ffffffffffffa8dd9f4dc5b5
1911,33.631717151,11.095719,30,v6,88000000ffffffffffffa8dd9f4dc5b5
1912,33.642829007,11.111856,30,v6,88000000ffffffffffffa8dd9f4dc5b5
1913,33.652930848,10.101841,30,v6,88000000ffffffffffffa8dd9f4dc5b5
1914,33.664204450,11.273602,30,v6,88000000ffffffffffffa8dd9f4dc5b5
1915,33.674408211,10.203761,30,v6,88000000ffffffffffffa8dd9f4dc5b5
1916,33.685544895,11.136684,30,v6,88000000ffffffffffffa8dd9f4dc5b5
1917,33.695492309,9.947414,30,v6,88000000ffffffffffffa8dd9f4dc5b5
1918,33.705781966,10.289657,30,v6,88000000ffffffffffffa8dd9f4dc5b5
1919,33.716971646,11.189680,30,v6,88000000ffffffffffffa8dd9f4dc5b5
1920,33.727023866,10.052220,30,v6,88000000ffffffffffffa8dd9f4dc5b5
1921,33.737227480,10.203614,30,v6,88000000ffffffffffffa8dd9f4dc5b5
1922,33.749306035,12.078555,30,v6,88000000ffffffffffffa8dd9f4dc5b5
1923,33.759584216,10.278181,30,v6,88000000ffffffffffffa8dd9f4dc5b5
1924,33.770642195,11.057979,30,v6,88000000ffffffffffffa8dd9f4dc5b5
1925,33.780976547,10.334352,30,v6,88000000ffffffffffffa8dd9f4dc5b5
1926,33.792198804,11.222257,30,v6,88000000ffffffffffffa8dd9f4dc5b5
1927,33.802170686,9.971882,30,v6,88000000ffffffffffffa8dd9f4dc5b5
1928,33.812548679,10.377993,30,v6,88000000ffffffffffffa8dd9f4dc5b5
1929,33.823776328,11.227649,30,v6,88000000ffffffffffffa8dd9f4dc5b5
1930,33.833668154,9.891826,30,v6,88000000ffffffffffffa8dd9f4dc5b5
1931,33.844968587,11.300433,30,v6,88000000ffffffffffffa8dd9f4dc5b5
1932,33.855024818,10.056231,30,v6,88000000ffffffffffffa8dd9f4dc5b5
1933,33.865291779,10.266961,30,v6,88000000ffffffffffffa8dd9f4dc5b5
1934,33.876335974,11.044195,30,v6,88000000ffffffffffffa8dd9f4dc5b5
1935,33.887587854,11.251880,30,v6,88000000ffffffffffffa8dd9f4dc5b5
1936,33.897792201,10.204347,30,v6,88000000ffffffffffffa8dd9f4dc5b5
1937,33.908830028,11.037827,30,v6,88000000ffffffffffffa8dd9f4dc5b5
1938,33.919181923,10.351895,30,v6,88000000ffffffffffffa8dd9f4dc5b5
1939,33.930247596,11.065673,30,v6,88000000ffffffffffffa8dd9f4dc5b5
1940,33.940627417,10.379821,30,v6,88000000ffffffffffffa8dd9f4dc5b5
1941,33.950672580,10.045163,30,v6,88000000ffffffffffffa8dd9f4dc5b5
1942,33.961666250,10.993670,30,v6,88000000ffffffffffffa8dd9f4dc5b5
1943,33.971989142,10.322892,30,v6,88000000ffffffffffffa8dd9f4dc5b5
1944,33.983119599,11.130457,30,v6,88000000ffffffffffffa8dd9f4dc5b5
1945,33.994327086,11.207487,30,v6,88000000ffffffffffffa8dd9f4dc5b5
1946,34.005532639,11.205553,30,v6,88000000ffffffffffffa8dd9f4dc5b5
1947,34.015459266,9.926627,30,v6,88000000ffffffffffffa8dd9f4dc5b5
1948,34.026784629,11.325363,30,v6,88000000ffffffffffffa8dd9f4dc5b5
1949,34.036856235,10.071606,30,v6,88000000ffffffffffffa8dd9f4dc5b5
1950,34.047090987,10.234752,30,v6,88000000ffffffffffffa8dd9f4dc5b5
1951,34.057288810,10.197823,30,v6,88000000ffffffffffffa8dd9f4dc5b5
1952,34.068729517,11.440707,30,v6,88000000ffffffffffffa8dd9f4dc5b5
1953,34.079618011,10.888494,30,v6,88000000ffffffffffffa8dd9f4dc5b5
1954,34.089746930,10.128919,30,v6,88000000ffffffffffffa8dd9f4dc5b5
1955,34.099978844,10.231914,30,v6,88000000ffffffffffffa8dd9f4dc5b5
1956,34.111193036,11.214192,30,v6,88000000ffffffffffffa8dd9f4dc5b5
1957,34.122537826,11.344790,30,v6,88000000ffffffffffffa8dd9f4dc5b5
1958,34.132703284,10.165458,30,v6,88000000ffffffffffffa8dd9f4dc5b5
1959,34.143626544,10.923260,30,v6,88000000ffffffffffffa8dd9f4dc5b5
1960,34.153993224,10.366680,30,v6,88000000ffffffffffffa8dd9f4dc5b5
1961,34.164878314,10.885090,30,v6,88000000ffffffffffffa8dd9f4dc5b5
1962,34.174918809,10.040495,30,v6,88000000ffffffffffffa8dd9f4dc5b5
1963,34.185427965,10.509156,30,v6,88000000ffffffffffffa8dd9f4dc5b5
1964,34.196467260,11.039295,30,v6,88000000ffffffffffffa8dd9f4dc5b5
1965,34.206949590,10.482330,30,v6,88000000ffffffffffffa8dd9f4dc5b5
1966,34.218763789,11.814199,30,v6,88000000ffffffffffffa8dd9f4dc5b5
1967,34.229089853,10.326064,30,v6,88000000ffffffffffffa8dd9f4dc5b5
1968,34.239318824,10.228971,30,v6,88000000ffffffffffffa8dd9f4dc5b5
1969,34.250348476,11.029652,30,v6,88000000ffffffffffffa8dd9f4dc5b5
1970,34.261584363,11.235887,30,v6,88000000ffffffffffffa8dd9f4dc5b5
1971,34.271594097,10.009734,30,v6,88000000ffffffffffffa8dd9f4dc5b5
1972,34.282637996,11.043899,30,v6,88000000ffffffffffffa8dd9f4dc5b5
1973,34.292962014,10.324018,30,v6,88000000ffffffffffffa8dd9f4dc5b5
1974,34.304458876,11.496862,30,v6,88000000ffffffffffffa8dd9f4dc5b5
1975,34.314419827,9.960951,30,v6,88000000ffffffffffffa8dd9f4dc5b5
1976,34.325544210,11.124383,30,v6,88000000ffffffffffffa8dd9f4dc5b5
1977,34.336708539,11.164329,30,v6,88000000ffffffffffffa8dd9f4dc5b5
1978,34.347020895,10.312356,30,v6,88000000ffffffffffffa8dd9f4dc5b5
1979,34.357106125,10.085230,30,v6,88000000ffffffffffffa8dd9f4dc5b5
1980,34.368366989,11.260864,30,v6,88000000ffffffffffffa8dd9f4dc5b5
1981,34.378498847,10.131858,30,v6,88000000ffffffffffffa8dd9f4dc5b5
1982,34.389474083,10.975236,30,v6,88000000ffffffffffffa8dd9f4dc5b5
1983,34.399672290,10.198207,30,v6,88000000ffffffffffffa8dd9f4dc5b5
1984,34.410831335,11.159045,30,v6,88000000ffffffffffffa8dd9f4dc5b5
1985,34.420772219,9.940884,30,v6,88000000ffffffffffffa8dd9f4dc5b5
1986,34.431206172,10.433953,30,v6,88000000ffffffffffffa8dd9f4dc5b5
1987,34.443193739,11.987567,30,v6,88000000ffffffffffffa8dd9f4dc5b5
1988,34.453389848,10.196109,30,v6,88000000ffffffffffffa8dd9f4dc5b5
1989,34.464661638,11.271790,30,v6,88000000ffffffffffffa8dd9f4dc5b5
1990,34.474648039,9.986401,30,v6,88000000ffffffffffffa8dd9f4dc5b5
1991,34.484940722,10.292683,30,v6,88000000ffffffffffffa8dd9f4dc5b5
1992,34.496228867,11.288145,30,v6,88000000ffffffffffffa8dd9f4dc5b5
1993,34.506220127,9.991260,30,v6,88000000ffffffffffffa8dd9f4dc5b5
1994,34.517675093,11.454966,30,v6,88000000ffffffffffffa8dd9f4dc5b5
1995,34.868125362,350.450269,30,v6,88000000ffffffffffffa8dd9f4dc5b5
1996,34.879509600,11.384238,30,v6,88000000ffffffffffffa8dd9f4dc5b5
1997,34.889374662,9.865062,30,v6,88000000ffffffffffffa8dd9f4dc5b5
1998,34.900686921,11.312259,30,v6,88000000ffffffffffffa8dd9f4dc5b5
1999,34.911624144,10.937223,30,v6,88000000ffffffffffffa8dd9f4dc5b5
2000,34.921796231,10.172087,30,v6,88000000ffffffffffffa8dd9f4dc5b5
2001,34.932113432,10.317201,30,v6,88000000ffffffffffffa8dd9f4dc5b5
2002,34.943307149,11.193717,30,v6,88000000ffffffffffffa8dd9f4dc5b5
2003,34.953399622,10.092473,30,v6,88000000ffffffffffffa8dd9f4dc5b5
2004,34.963744982,10.345360,30,v6,88000000ffffffffffffa8dd9f4dc5b5
2005,34.973867507,10.122525,30,v6,88000000ffffffffffffa8dd9f4dc5b5
2006,34.984704171,10.836664,30,v6,88000000ffffffffffffa8dd9f4dc5b5
2007,34.995003549,10.299378,30,v6,88000000ffffffffffffa8dd9f4dc5b5
2008,35.005240574,10.237025,30,v6,88000000ffffffffffffa8dd9f4dc5b5
2009,35.016364248,11.123674,30,v6,88000000ffffffffffffa8dd9f4dc5b5
2010,35.027441583,11.077335,30,v6,88000000ffffffffffffa8dd9f4dc5b5
2011,35.037678937,10.237354,30,v6,88000000ffffffffffffa8dd9f4dc5b5
2012,35.048895802,11.216865,30,v6,88000000ffffffffffffa8dd9f4dc5b5
2013,35.059135513,10.239711,30,v6,88000000ffffffffffffa8dd9f4dc5b5
2014,35.069350939,10.215426,30,v6,88000000ffffffffffffa8dd9f4dc5b5
2015,35.080675611,11.324672,30,v6,88000000ffffffffffffa8dd9f4dc5b5
2016,35.090948444,10.272833,30,v6,88000000ffffffffffffa8dd9f4dc5b5
2017,35.100628006,9.679562,30,v6,88000000ffffffffffffa8dd9f4dc5b5
2018,35.110759078,10.131072,30,v6,88000000ffffffffffffa8dd9f4dc5b5
2019,35.122042471,11.283393,30,v6,88000000ffffffffffffa8dd9f4dc5b5
2020,35.132342326,10.299855,30,v6,88000000ffffffffffffa8dd9f4dc5b5
2021,35.142306448,9.964122,30,v6,88000000ffffffffffffa8dd9f4dc5b5
2022,35.153885191,11.578743,30,v6,88000000ffffffffffffa8dd9f4dc5b5
2023,35.163792787,9.907596,30,v6,88000000ffffffffffffa8dd9f4dc5b5
2024,35.175057260,11.264473,30,v6,88000000ffffffffffffa8dd9f4dc5b5
2025,35.185071184,10.013924,30,v6,88000000ffffffffffffa8dd9f4dc5b5
2026,35.196259278,11.188094,30,v6,88000000ffffffffffffa8dd9f4dc5b5
2027,35.207385531,11.126253,30,v6,88000000ffffffffffffa8dd9f4dc5b5
2028,35.217496821,10.111290,30,v6,88000000ffffffffffffa8dd9f4dc5b5
2029,35.227781876,10.285055,30,v6,88000000ffffffffffffa8dd9f4dc5b5
2030,35.238073925,10.292049,30,v6,88000000ffffffffffffa8dd9f4dc5b5
2031,35.249035370,10.961445,30,v6,88000000ffffffffffffa8dd9f4dc5b5
2032,35.259184031,10.148661,30,v6,88000000ffffffffffffa8dd9f4dc5b5
2033,35.269529079,10.345048,30,v6,88000000ffffffffffffa8dd9f4dc5b5
2034,35.280568767,11.039688,30,v6,88000000ffffffffffffa8dd9f4dc5b5
2035,35.290864593,10.295826,30,v6,88000000ffffffffffffa8dd9f4dc5b5
2036,35.301774198,10.909605,30,v6,88000000ffffffffffffa8dd9f4dc5b5
2037,35.313004531,11.230333,30,v6,88000000ffffffffffffa8dd9f4dc5b5
2038,35.322243241,9.238710,30,v6,88000000ffffffffffffa8dd9f4dc5b5
2039,35.333420914,11.177673,30,v6,88000000ffffffffffffa8dd9f4dc5b5
2040,35.343535061,10.114147,30,v6,88000000ffffffffffffa8dd9f4dc5b5
2041,35.354897677,11.362616,30,v6,88000000ffffffffffffa8dd9f4dc5b5
2042,35.364760944,9.863267,30,v6,88000000ffffffffffffa8dd9f4dc5b5
2043,35.375109125,10.348181,30,v6,88000000ffffffffffffa8dd9f4dc5b5
2044,35.386264816,11.155691,30,v6,88000000ffffffffffffa8dd9f4dc5b5
2045,35.396489703,10.224887,30,v6,88000000ffffffffffffa8dd9f4dc5b5
2046,35.406737044,10.247341,30,v6,88000000ffffffffffffa8dd9f4dc5b5
2047,35.417770190,11.033146,30,v6,88000000ffffffffffffa8dd9f4dc5b5
2048,35.427748903,9.978713,30,v6,88000000ffffffffffffa8dd9f4dc5b5
2049,35.439046998,11.298095,30,v6,88000000ffffffffffffa8dd9f4dc5b5
2050,35.450200230,11.153232,30,v6,88000000ffffffffffffa8dd9f4dc5b5
2051,35.460479800,10.279570,30,v6,88000000ffffffffffffa8dd9f4dc5b5
2052,35.471687399,11.207599,30,v6,88000000ffffffffffffa8dd9f4dc5b5
2053,35.481644024,9.956625,30,v6,88000000ffffffffffffa8dd9f4dc5b5
2054,35.491605005,9.960981,30,v6,88000000ffffffffffffa8dd9f4dc5b5
2055,35.501985263,10.380258,30,v6,88000000ffffffffffffa8dd9f4dc5b5
2056,35.513233200,11.247937,30,v6,88000000ffffffffffffa8dd9f4dc5b5
2057,35.523249383,10.016183,30,v6,88000000ffffffffffffa8dd9f4dc5b5
2058,35.533624427,10.375044,30,v6,88000000ffffffffffffa8dd9f4dc5b5
2059,35.544629175,11.004748,30,v6,88000000ffffffffffffa8dd9f4dc5b5
2060,35.554911013,10.281838,30,v6,88000000ffffffffffffa8dd9f4dc5b5
2061,35.566088382,11.177369,30,v6,88000000ffffffffffffa8dd9f4dc5b5
2062,35.576222174,10.133792,30,v6,88000000ffffffffffffa8dd9f4dc5b5
2063,35.586523261,10.301087,30,v6,88000000ffffffffffffa8dd9f4dc5b5
2064,35.597712890,11.189629,30,v6,88000000ffffffffffffa8dd9f4dc5b5
2065,35.607743874,10.030984,30,v6,88000000ffffffffffffa8dd9f4dc5b5
2066,35.619277354,11.533480,30,v6,88000000ffffffffffffa8dd9f4dc5b5
2067,35.628947832,9.670478,30,v6,88000000ffffffffffffa8dd9f4dc5b5
2068,35.639314642,10.366810,30,v6,88000000ffffffffffffa8dd9f4dc5b5
2069,35.650380358,11.065716,30,v6,88000000ffffffffffffa8dd9f4dc5b5
2070,35.660741903,10.361545,30,v6,88000000ffffffffffffa8dd9f4dc5b5
2071,35.670797497,10.055594,30,v6,88000000ffffffffffffa8dd9f4dc5b5
2072,35.681871073,11.073576,30,v6,88000000ffffffffffffa8dd9f4dc5b5
2073,35.693006563,11.135490,30,v6,88000000ffffffffffffa8dd9f4dc5b5
2074,35.703156422,10.149859,30,v6,88000000ffffffffffffa8dd9f4dc5b5
2075,35.713509173,10.352751,30,v6,88000000ffffffffffffa8dd9f4dc5b5
2076,35.724895575,11.386402,30,v6,88000000ffffffffffffa8dd9f4dc5b5
2077,35.734703064,9.807489,30,v6,88000000ffffffffffffa8dd9f4dc5b5
2078,35.745016975,10.313911,30,v6,88000000ffffffffffffa8dd9f4dc5b5
2079,35.756023721,11.006746,30,v6,88000000ffffffffffffa8dd9f4dc5b5
2080,35.766303150,10.279429,30,v6,88000000ffffffffffffa8dd9f4dc5b5
2081,35.776433865,10.130715,30,v6,88000000ffffffffffffa8dd9f4dc5b5
2082,35.786680881,10.247016,30,v6,88000000ffffffffffffa8dd9f4dc5b5
2083,35.798055782,11.374901,30,v6,88000000ffffffffffffa8dd9f4dc5b5
2084,35.808898491,10.842709,30,v6,88000000ffffffffffffa8dd9f4dc5b5
2085,35.819982289,11.083798,30,v6,88000000ffffffffffffa8dd9f4dc5b5
2086,35.830235804,10.253515,30,v6,88000000ffffffffffffa8dd9f4dc5b5
2087,35.840306235,10.070431,30,v6,88000000ffffffffffffa8dd9f4dc5b5
2088,35.850576050,10.269815,30,v6,88000000ffffffffffffa8dd9f4dc5b5
2089,35.860729243,10.153193,30,v6,88000000ffffffffffffa8dd9f4dc5b5
2090,35.871834362,11.105119,30,v6,88000000ffffffffffffa8dd9f4dc5b5
2091,35.881978571,10.144209,30,v6,88000000ffffffffffffa8dd9f4dc5b5
2092,35.892194914,10.216343,30,v6,88000000ffffffffffffa8dd9f4dc5b5
2093,35.903351269,11.156355,30,v6,88000000ffffffffffffa8dd9f4dc5b5
2094,35.914678440,11.327171,30,v6,88000000ffffffffffffa8dd9f4dc5b5
2095,35.925734465,11.056025,30,v6,88000000ffffffffffffa8dd9f4dc5b5
2096,35.935805493,10.071028,30,v6,88000000ffffffffffffa8dd9f4dc5b5
2097,35.945974196,10.168703,30,v6,88000000ffffffffffffa8dd9f4dc5b5
2098,35.956253584,10.279388,30,v6,88000000ffffffffffffa8dd9f4dc5b5
2099,35.967424646,11.171062,30,v6,88000000ffffffffffffa8dd9f4dc5b5
2100,35.977555725,10.131079,30,v6,88000000ffffffffffffa8dd9f4dc5b5
2101,35.988881110,11.325385,30,v6,88000000ffffffffffffa8dd9f4dc5b5
2102,35.998805170,9.924060,30,v6,88000000ffffffffffffa8dd9f4dc5b5
2103,36.009050850,10.245680,30,v6,88000000ffffffffffffa8dd9f4dc5b5
2104,36.020066037,11.015187,30,v6,88000000ffffffffffffa8dd9f4dc5b5
2105,36.031319800,11.253763,30,v6,88000000ffffffffffffa8dd9f4dc5b5
2106,36.041558374,10.238574,30,v6,88000000ffffffffffffa8dd9f4dc5b5
2107,36.051963145,10.404771,30,v6,88000000ffffffffffffa8dd9f4dc5b5
2108,36.061875938,9.912793,30,v6,88000000ffffffffffffa8dd9f4dc5b5
2109,36.073040643,11.164705,30,v6,88000000ffffffffffffa8dd9f4dc5b5
2110,36.083243396,10.202753,30,v6,88000000ffffffffffffa8dd9f4dc5b5
2111,36.094378227,11.134831,30,v6,88000000ffffffffffffa8dd9f4dc5b5
2112,36.104612610,10.234383,30,v6,88000000ffffffffffffa8dd9f4dc5b5
2113,36.114970986,10.358376,30,v6,88000000ffffffffffffa8dd9f4dc5b5
2114,36.125815273,10.844287,30,v6,88000000ffffffffffffa8dd9f4dc5b5
2115,36.135957407,10.142134,30,v6,88000000ffffffffffffa8dd9f4dc5b5
2116,36.146237737,10.280330,30,v6,88000000ffffffffffffa8dd9f4dc5b5
2117,36.158359787,12.122050,30,v6,88000000ffffffffffffa8dd9f4dc5b5
2118,36.168420618,10.060831,30,v6,88000000ffffffffffffa8dd9f4dc5b5
2119,36.178746716,10.326098,30,v6,88000000ffffffffffffa8dd9f4dc5b5
2120,36.188746655,9.999939,30,v6,88000000ffffffffffffa8dd9f4dc5b5
2121,36.199920547,11.173892,30,v6,88000000ffffffffffffa8dd9f4dc5b5
2122,36.210041460,10.120913,30,v6,88000000ffffffffffffa8dd9f4dc5b5
2123,36.220593812,10.552352,30,v6,88000000ffffffffffffa8dd9f4dc5b5
2124,36.231552166,10.958354,30,v6,88000000ffffffffffffa8dd9f4dc5b5
2125,36.241481287,9.929121,30,v6,88000000ffffffffffffa8dd9f4dc5b5
2126,36.251762049,10.280762,30,v6,88000000ffffffffffffa8dd9f4dc5b5
2127,36.264000638,12.238589,30,v6,88000000ffffffffffffa8dd9f4dc5b5
2128,36.274164925,10.164287,30,v6,88000000ffffffffffffa8dd9f4dc5b5
2129,36.284170033,10.005108,30,v6,88000000ffffffffffffa8dd9f4dc5b5
2130,36.294553250,10.383217,30,v6,88000000ffffffffffffa8dd9f4dc5b5
2131,36.305785617,11.232367,30,v6,88000000ffffffffffffa8dd9f4dc5b5
2132,36.315721008,9.935391,30,v6,88000000ffffffffffffa8dd9f4dc5b5
2133,36.326035242,10.314234,30,v6,88000000ffffffffffffa8dd9f4dc5b5
2134,36.336350841,10.315599,30,v6,88000000ffffffffffffa8dd9f4dc5b5
2135,36.347569544,11.218703,30,v6,88000000ffffffffffffa8dd9f4dc5b5
2136,36.357613203,10.043659,30,v6,88000000ffffffffffffa8dd9f4dc5b5
2137,36.369055244,11.442041,30,v6,88000000ffffffffffffa8dd9f4dc5b5
2138,36.379943855,10.888611,30,v6,88000000ffffffffffffa8dd9f4dc5b5
2139,36.389982576,10.038721,30,v6,88000000ffffffffffffa8dd9f4dc5b5
2140,36.400098829,10.116253,30,v6,88000000ffffffffffffa8dd9f4dc5b5
2141,36.410226069,10.127240,30,v6,88000000ffffffffffffa8dd9f4dc5b5
2142,36.421715234,11.489165,30,v6,88000000ffffffffffffa8dd9f4dc5b5
2143,36.431639278,9.924044,30,v6,88000000ffffffffffffa8dd9f4dc5b5
2144,36.442924294,11.285016,30,v6,88000000ffffffffffffa8dd9f4dc5b5
2145,36.452900834,9.976540,30,v6,88000000ffffffffffffa8dd9f4dc5b5
2146,36.462956688,10.055854,30,v6,88000000ffffffffffffa8dd9f4dc5b5
2147,36.474402082,11.445394,30,v6,88000000ffffffffffffa8dd9f4dc5b5
2148,36.483535801,9.133719,30,v6,88000000ffffffffffffa8dd9f4dc5b5
2149,36.495611430,12.075629,30,v6,88000000ffffffffffffa8dd9f4dc5b5
2150,36.505855072,10.243642,30,v6,88000000ffffffffffffa8dd9f4dc5b5
2151,36.517020304,11.165232,30,v6,88000000ffffffffffffa8dd9f4dc5b5
2152,36.527124774,10.104470,30,v6,88000000ffffffffffffa8dd9f4dc5b5
2153,36.537470008,10.345234,30,v6,88000000ffffffffffffa8dd9f4dc5b5
2154,36.547707075,10.237067,30,v6,88000000ffffffffffffa8dd9f4dc5b5
2155,36.558697818,10.990743,30,v6,88000000ffffffffffffa8dd9f4dc5b5
2156,36.568888734,10.190916,30,v6,88000000ffffffffffffa8dd9f4dc5b5
2157,36.579142210,10.253476,30,v6,88000000ffffffffffffa8dd9f4dc5b5
2158,36.590144396,11.002186,30,v6,88000000ffffffffffffa8dd9f4dc5b5
2159,36.600241944,10.097548,30,v6,88000000ffffffffffffa8dd9f4dc5b5
2160,36.611559661,11.317717,30,v6,88000000ffffffffffffa8dd9f4dc5b5
2161,36.622594656,11.034995,30,v6,88000000ffffffffffffa8dd9f4dc5b5
2162,36.632670279,10.075623,30,v6,88000000ffffffffffffa8dd9f4dc5b5
2163,36.643184761,10.514482,30,v6,88000000ffffffffffffa8dd9f4dc5b5
2164,36.654036334,10.851573,30,v6,88000000ffffffffffffa8dd9f4dc5b5
2165,36.664223252,10.186918,30,v6,88000000ffffffffffffa8dd9f4dc5b5
2166,36.675465615,11.242363,30,v6,88000000ffffffffffffa8dd9f4dc5b5
2167,36.685569348,10.103733,30,v6,88000000ffffffffffffa8dd9f4dc5b5
2168,36.695707761,10.138413,30,v6,88000000ffffffffffffa8dd9f4dc5b5
2169,36.705870681,10.162920,30,v6,88000000ffffffffffffa8dd9f4dc5b5
2170,36.716092228,10.221547,30,v6,88000000ffffffffffffa8dd9f4dc5b5
2171,36.728167989,12.075761,30,v6,88000000ffffffffffffa8dd9f4dc5b5
2172,36.738442163,10.274174,30,v6,88000000ffffffffffffa8dd9f4dc5b5
2173,36.749570508,11.128345,30,v6,88000000ffffffffffffa8dd9f4dc5b5
2174,36.759743133,10.172625,30,v6,88000000ffffffffffffa8dd9f4dc5b5
2175,36.769937182,10.194049,30,v6,88000000ffffffffffffa8dd9f4dc5b5
2176,36.780092252,10.155070,30,v6,88000000ffffffffffffa8dd9f4dc5b5
2177,36.790532002,10.439750,30,v6,88000000ffffffffffffa8dd9f4dc5b5
2178,36.801302996,10.770994,30,v6,88000000ffffffffffffa8dd9f4dc5b5
2179,36.811809532,10.506536,30,v6,88000000ffffffffffffa8dd9f4dc5b5
2180,36.822781945,10.972413,30,v6,88000000ffffffffffffa8dd9f4dc5b5
2181,36.833925494,11.143549,30,v6,88000000ffffffffffffa8dd9f4dc5b5
2182,36.844247384,10.321890,30,v6,88000000ffffffffffffa8dd9f4dc5b5
2183,36.854477996,10.230612,30,v6,88000000ffffffffffffa8dd9f4dc5b5
2184,36.865572555,11.094559,30,v6,88000000ffffffffffffa8dd9f4dc5b5
2185,36.875587844,10.015289,30,v6,88000000ffffffffffffa8dd9f4dc5b5
2186,36.885839814,10.251970,30,v6,88000000ffffffffffffa8dd9f4dc5b5
2187,36.895852654,10.012840,30,v6,88000000ffffffffffffa8dd9f4dc5b5
2188,36.907062388,11.209734,30,v6,88000000ffffffffffffa8dd9f4dc5b5
2189,36.917247332,10.184944,30,v6,88000000ffffffffffffa8dd9f4dc5b5
2190,36.927541798,10.294466,30,v6,88000000ffffffffffffa8dd9f4dc5b5
2191,36.939504964,11.963166,30,v6,88000000ffffffffffffa8dd9f4dc5b5
2192,36.949682615,10.177651,30,v6,88000000ffffffffffffa8dd9f4dc5b5
2193,36.959918784,10.236169,30,v6,88000000ffffffffffffa8dd9f4dc5b5
2194,36.970087800,10.169016,30,v6,88000000ffffffffffffa8dd9f4dc5b5
2195,36.981304384,11.216584,30,v6,88000000ffffffffffffa8dd9f4dc5b5
2196,36.991419399,10.115015,30,v6,88000000ffffffffffffa8dd9f4dc5b5
2197,37.002641116,11.221717,30,v6,88000000ffffffffffffa8dd9f4dc5b5
2198,37.012780454,10.139338,30,v6,88000000ffffffffffffa8dd9f4dc5b5
2199,37.022815458,10.035004,30,v6,88000000ffffffffffffa8dd9f4dc5b5
2200,37.033216322,10.400864,30,v6,88000000ffffffffffffa8dd9f4dc5b5
2201,37.044300045,11.083723,30,v6,88000000ffffffffffffa8dd9f4dc5b5
2202,37.054591334,10.291289,30,v6,88000000ffffffffffffa8dd9f4dc5b5
2203,37.065882625,11.291291,30,v6,88000000ffffffffffffa8dd9f4dc5b5
2204,37.076951185,11.068560,30,v6,88000000ffffffffffffa8dd9f4dc5b5
2205,37.086751071,9.799886,30,v6,88000000ffffffffffffa8dd9f4dc5b5
2206,37.097211315,10.460244,30,v6,88000000ffffffffffffa8dd9f4dc5b5
2207,37.108316072,11.104757,30,v6,88000000ffffffffffffa8dd9f4dc5b5
2208,37.118303306,9.987234,30,v6,88000000ffffffffffffa8dd9f4dc5b5
2209,37.128499651,10.196345,30,v6,88000000ffffffffffffa8dd9f4dc5b5
2210,37.138786574,10.286923,30,v6,88000000ffffffffffffa8dd9f4dc5b5
2211,37.149933916,11.147342,30,v6,88000000ffffffffffffa8dd9f4dc5b5
2212,37.160056746,10.122830,30,v6,88000000ffffffffffffa8dd9f4dc5b5
2213,37.171327996,11.271250,30,v6,88000000ffffffffffffa8dd9f4dc5b5
2214,37.182391479,11.063483,30,v6,88000000ffffffffffffa8dd9f4dc5b5
2215,37.192668133,10.276654,30,v6,88000000ffffffffffffa8dd9f4dc5b5
2216,37.202862522,10.194389,30,v6,88000000ffffffffffffa8dd9f4dc5b5
2217,37.213970242,11.107720,30,v6,88000000ffffffffffffa8dd9f4dc5b5
2218,37.224063237,10.092995,30,v6,88000000ffffffffffffa8dd9f4dc5b5
2219,37.234248666,10.185429,30,v6,88000000ffffffffffffa8dd9f4dc5b5
2220,37.244389909,10.141243,30,v6,88000000ffffffffffffa8dd9f4dc5b5
2221,37.254658009,10.268100,30,v6,88000000ffffffffffffa8dd9f4dc5b5
2222,37.266026445,11.368436,30,v6,88000000ffffffffffffa8dd9f4dc5b5
2223,37.275828762,9.802317,30,v6,88000000ffffffffffffa8dd9f4dc5b5
2224,37.288274872,12.446110,30,v6,88000000ffffffffffffa8dd9f4dc5b5
2225,37.298283209,10.008337,30,v6,88000000ffffffffffffa8dd9f4dc5b5
2226,37.308357074,10.073865,30,v6,88000000ffffffffffffa8dd9f4dc5b5
2227,37.318702462,10.345388,30,v6,88000000ffffffffffffa8dd9f4dc5b5
2228,37.329784310,11.081848,30,v6,88000000ffffffffffffa8dd9f4dc5b5
2229,37.339740174,9.955864,30,v6,88000000ffffffffffffa8dd9f4dc5b5
2230,37.350192207,10.452033,30,v6,88000000ffffffffffffa8dd9f4dc5b5
2231,37.361292097,11.099890,30,v6,88000000ffffffffffffa8dd9f4dc5b5
2232,37.371466904,10.174807,30,v6,88000000ffffffffffffa8dd9f4dc5b5
2233,37.381903310,10.436406,30,v6,88000000ffffffffffffa8dd9f4dc5b5
2234,37.392698173,10.794863,30,v6,88000000ffffffffffffa8dd9f4dc5b5
2235,37.402907506,10.209333,30,v6,88000000ffffffffffffa8dd9f4dc5b5
2236,37.414099334,11.191828,30,v6,88000000ffffffffffffa8dd9f4dc5b5
2237,37.424339419,10.240085,30,v6,88000000ffffffffffffa8dd9f4dc5b5
2238,37.434710555,10.371136,30,v6,88000000ffffffffffffa8dd9f4dc5b5
2239,37.445796271,11.085716,30,v6,88000000ffffffffffffa8dd9f4dc5b5
2240,37.455974422,10.178151,30,v6,88000000ffffffffffffa8dd9f4dc5b5
2241,37.467007166,11.032744,30,v6,88000000ffffffffffffa8dd9f4dc5b5
2242,37.477193670,10.186504,30,v6,88000000ffffffffffffa8dd9f4dc5b5
2243,37.487116994,9.923324,30,v6,88000000ffffffffffffa8dd9f4dc5b5
2244,37.498622540,11.505546,30,v6,88000000ffffffffffffa8dd9f4dc5b5
2245,37.508577453,9.954913,30,v6,88000000ffffffffffffa8dd9f4dc5b5
2246,37.519562129,10.984676,30,v6,88000000ffffffffffffa8dd9f4dc5b5
2247,37.529813011,10.250882,30,v6,88000000ffffffffffffa8dd9f4dc5b5
2248,37.540154493,10.341482,30,v6,88000000ffffffffffffa8dd9f4dc5b5
2249,37.551207083,11.052590,30,v6,88000000ffffffffffffa8dd9f4dc5b5
2250,37.561315695,10.108612,30,v6,88000000ffffffffffffa8dd9f4dc5b5
2251,37.571854796,10.539101,30,v6,88000000ffffffffffffa8dd9f4dc5b5
2252,37.582998752,11.143956,30,v6,88000000ffffffffffffa8dd9f4dc5b5
2253,37.592920200,9.921448,30,v6,88000000ffffffffffffa8dd9f4dc5b5
2254,37.603223687,10.303487,30,v6,88000000ffffffffffffa8dd9f4dc5b5
2255,37.614416394,11.192707,30,v6,88000000ffffffffffffa8dd9f4dc5b5
2256,37.625314874,10.898480,30,v6,88000000ffffffffffffa8dd9f4dc5b5
2257,37.635649211,10.334337,30,v6,88000000ffffffffffffa8dd9f4dc5b5
2258,37.646691961,11.042750,30,v6,88000000ffffffffffffa8dd9f4dc5b5
2259,37.656817160,10.125199,30,v6,88000000ffffffffffffa8dd9f4dc5b5
2260,37.666895090,10.077930,30,v6,88000000ffffffffffffa8dd9f4dc5b5
2261,37.677235686,10.340596,30,v6,88000000ffffffffffffa8dd9f4dc5b5
2262,37.688357267,11.121581,30,v6,88000000ffffffffffffa8dd9f4dc5b5
2263,37.698549339,10.192072,30,v6,88000000ffffffffffffa8dd9f4dc5b5
2264,37.708611975,10.062636,30,v6,88000000ffffffffffffa8dd9f4dc5b5
2265,37.721008493,12.396518,30,v6,88000000ffffffffffffa8dd9f4dc5b5
2266,37.731165826,10.157333,30,v6,88000000ffffffffffffa8dd9f4dc5b5
2267,37.741376842,10.211016,30,v6,88000000ffffffffffffa8dd9f4dc5b5
2268,37.752706353,11.329511,30,v6,88000000ffffffffffffa8dd9f4dc5b5
2269,37.762489397,9.783044,30,v6,88000000ffffffffffffa8dd9f4dc5b5
2270,37.772952208,10.462811,30,v6,88000000ffffffffffffa8dd9f4dc5b5
2271,37.782998734,10.046526,30,v6,88000000ffffffffffffa8dd9f4dc5b5
2272,37.794156896,11.158162,30,v6,88000000ffffffffffffa8dd9f4dc5b5
2273,37.804431785,10.274889,30,v6,88000000ffffffffffffa8dd9f4dc5b5
2274,37.814410922,9.979137,30,v6,88000000ffffffffffffa8dd9f4dc5b5
2275,37.825763097,11.352175,30,v6,88000000ffffffffffffa8dd9f4dc5b5
2276,37.835692860,9.929763,30,v6,88000000ffffffffffffa8dd9f4dc5b5
2277,37.846818833,11.125973,30,v6,88000000ffffffffffffa8dd9f4dc5b5
2278,37.857175458,10.356625,30,v6,88000000ffffffffffffa8dd9f4dc5b5
2279,37.868196425,11.020967,30,v6,88000000ffffffffffffa8dd9f4dc5b5
2280,37.878407690,10.211265,30,v6,88000000ffffffffffffa8dd9f4dc5b5
2281,37.888702393,10.294703,30,v6,88000000ffffffffffffa8dd9f4dc5b5
2282,37.899826324,11.123931,30,v6,88000000ffffffffffffa8dd9f4dc5b5
2283,37.909872386,10.046062,30,v6,88000000ffffffffffffa8dd9f4dc5b5
2284,37.920174901,10.302515,30,v6,88000000ffffffffffffa8dd9f4dc5b5
2285,37.930277134,10.102233,30,v6,88000000ffffffffffffa8dd9f4dc5b5
2286,37.941518413,11.241279,30,v6,88000000ffffffffffffa8dd9f4dc5b5
2287,37.951645755,10.127342,30,v6,88000000ffffffffffffa8dd9f4dc5b5
2288,37.962788020,11.142265,30,v6,88000000ffffffffffffa8dd9f4dc5b5
2289,37.972815879,10.027859,30,v6,88000000ffffffffffffa8dd9f4dc5b5
2290,37.983129141,10.313262,30,v6,88000000ffffffffffffa8dd9f4dc5b5
2291,37.994413851,11.284710,30,v6,88000000ffffffffffffa8dd9f4dc5b5
2292,38.005678079,11.264228,30,v6,88000000ffffffffffffa8dd9f4dc5b5
2293,38.015655605,9.977526,30,v6,88000000ffffffffffffa8dd9f4dc5b5
2294,38.025673070,10.017465,30,v6,88000000ffffffffffffa8dd9f4dc5b5
2295,38.036798343,11.125273,30,v6,88000000ffffffffffffa8dd9f4dc5b5
2296,38.046922144,10.123801,30,v6,88000000ffffffffffffa8dd9f4dc5b5
2297,38.058169669,11.247525,30,v6,88000000ffffffffffffa8dd9f4dc5b5
2298,38.067683404,9.513735,30,v6,88000000ffffffffffffa8dd9f4dc5b5
2299,38.078654781,10.971377,30,v6,88000000ffffffffffffa8dd9f4dc5b5
2300,38.089014332,10.359551,30,v6,88000000ffffffffffffa8dd9f4dc5b5
2301,38.098845474,9.831142,30,v6,88000000ffffffffffffa8dd9f4dc5b5
2302,38.111011656,12.166182,30,v6,88000000ffffffffffffa8dd9f4dc5b5
2303,38.121344704,10.333048,30,v6,88000000ffffffffffffa8dd9f4dc5b5
2304,38.131470192,10.125488,30,v6,88000000ffffffffffffa8dd9f4dc5b5
2305,38.142480065,11.009873,30,v6,88000000ffffffffffffa8dd9f4dc5b5
2306,38.152680895,10.200830,30,v6,88000000ffffffffffffa8dd9f4dc5b5
2307,38.163806366,11.125471,30,v6,88000000ffffffffffffa8dd9f4dc5b5
2308,38.173967093,10.160727,30,v6,88000000ffffffffffffa8dd9f4dc5b5
2309,38.184243146,10.276053,30,v6,88000000ffffffffffffa8dd9f4dc5b5
2310,38.194541486,10.298340,30,v6,88000000ffffffffffffa8dd9f4dc5b5
2311,38.205718413,11.176927,30,v6,88000000ffffffffffffa8dd9f4dc5b5
2312,38.216766197,11.047784,30,v6,88000000ffffffffffffa8dd9f4dc5b5
2313,38.227929688,11.163491,30,v6,88000000ffffffffffffa8dd9f4dc5b5
2314,38.238040156,10.110468,30,v6,88000000ffffffffffffa8dd9f4dc5b5
2315,38.249314576,11.274420,30,v6,88000000ffffffffffffa8dd9f4dc5b5
2316,38.259353215,10.038639,30,v6,88000000ffffffffffffa8dd9f4dc5b5
2317,38.269672062,10.318847,30,v6,88000000ffffffffffffa8dd9f4dc5b5
2318,38.279707362,10.035300,30,v6,88000000ffffffffffffa8dd9f4dc5b5
2319,38.289950425,10.243063,30,v6,88000000ffffffffffffa8dd9f4dc5b5
2320,38.301078510,11.128085,30,v6,88000000ffffffffffffa8dd9f4dc5b5
2321,38.311198713,10.120203,30,v6,88000000ffffffffffffa8dd9f4dc5b5
2322,38.322674183,11.475470,30,v6,88000000ffffffffffffa8dd9f4dc5b5
2323,38.333612062,10.937879,30,v6,88000000ffffffffffffa8dd9f4dc5b5
2324,38.343715223,10.103161,30,v6,88000000ffffffffffffa8dd9f4dc5b5
2325,38.353773157,10.057934,30,v6,88000000ffffffffffffa8dd9f4dc5b5
2326,38.365104545,11.331388,30,v6,88000000ffffffffffffa8dd9f4dc5b5
2327,38.375321017,10.216472,30,v6,88000000ffffffffffffa8dd9f4dc5b5
2328,38.386551168,11.230151,30,v6,88000000ffffffffffffa8dd9f4dc5b5
2329,38.396458864,9.907696,30,v6,88000000ffffffffffffa8dd9f4dc5b5
2330,38.407862336,11.403472,30,v6,88000000ffffffffffffa8dd9f4dc5b5
2331,38.417945235,10.082899,30,v6,88000000ffffffffffffa8dd9f4dc5b5
2332,38.428204799,10.259564,30,v6,88000000ffffffffffffa8dd9f4dc5b5
2333,38.439361179,11.156380,30,v6,88000000ffffffffffffa8dd9f4dc5b5
2334,38.450410972,11.049793,30,v6,88000000ffffffffffffa8dd9f4dc5b5
2335,38.460778573,10.367601,30,v6,88000000ffffffffffffa8dd9f4dc5b5
2336,38.470784609,10.006036,30,v6,88000000ffffffffffffa8dd9f4dc5b5
2337,38.480967332,10.182723,30,v6,88000000ffffffffffffa8dd9f4dc5b5
2338,38.491974852,11.007520,30,v6,88000000ffffffffffffa8dd9f4dc5b5
2339,38.502157150,10.182298,30,v6,88000000ffffffffffffa8dd9f4dc5b5
2340,38.512419039,10.261889,30,v6,88000000ffffffffffffa8dd9f4dc5b5
2341,38.522650195,10.231156,30,v6,88000000ffffffffffffa8dd9f4dc5b5
2342,38.533627045,10.976850,30,v6,88000000ffffffffffffa8dd9f4dc5b5
2343,38.543810461,10.183416,30,v6,88000000ffffffffffffa8dd9f4dc5b5
2344,38.556162201,12.351740,30,v6,88000000ffffffffffffa8dd9f4dc5b5
2345,38.566405842,10.243641,30,v6,88000000ffffffffffffa8dd9f4dc5b5
2346,38.576581525,10.175683,30,v6,88000000ffffffffffffa8dd9f4dc5b5
2347,38.587626565,11.045040,30,v6,88000000ffffffffffffa8dd9f4dc5b5
2348,38.597738391,10.111826,30,v6,88000000ffffffffffffa8dd9f4dc5b5
2349,38.608039184,10.300793,30,v6,88000000ffffffffffffa8dd9f4dc5b5
2350,38.618250594,10.211410,30,v6,88000000ffffffffffffa8dd9f4dc5b5
2351,38.629520834,11.270240,30,v6,88000000ffffffffffffa8dd9f4dc5b5
2352,38.639497032,9.976198,30,v6,88000000ffffffffffffa8dd9f4dc5b5
2353,38.649705761,10.208729,30,v6,88000000ffffffffffffa8dd9f4dc5b5
2354,38.659817147,10.111386,30,v6,88000000ffffffffffffa8dd9f4dc5b5
2355,38.671880084,12.062937,30,v6,88000000ffffffffffffa8dd9f4dc5b5
2356,38.682113577,10.233493,30,v6,88000000ffffffffffffa8dd9f4dc5b5
2357,38.692413267,10.299690,30,v6,88000000ffffffffffffa8dd9f4dc5b5
2358,38.702548685,10.135418,30,v6,88000000ffffffffffffa8dd9f4dc5b5
2359,38.713618972,11.070287,30,v6,88000000ffffffffffffa8dd9f4dc5b5
2360,38.724013154,10.394182,30,v6,88000000ffffffffffffa8dd9f4dc5b5
2361,38.734864870,10.851716,30,v6,88000000ffffffffffffa8dd9f4dc5b5
2362,38.745041689,10.176819,30,v6,88000000ffffffffffffa8dd9f4dc5b5
2363,38.755462095,10.420406,30,v6,88000000ffffffffffffa8dd9f4dc5b5
2364,38.766512900,11.050805,30,v6,88000000ffffffffffffa8dd9f4dc5b5
2365,38.776736144,10.223244,30,v6,88000000ffffffffffffa8dd9f4dc5b5
2366,38.787642035,10.905891,30,v6,88000000ffffffffffffa8dd9f4dc5b5
2367,38.797952326,10.310291,30,v6,88000000ffffffffffffa8dd9f4dc5b5
2368,38.807995852,10.043526,30,v6,88000000ffffffffffffa8dd9f4dc5b5
2369,38.819394714,11.398862,30,v6,88000000ffffffffffffa8dd9f4dc5b5
2370,38.829585671,10.190957,30,v6,88000000ffffffffffffa8dd9f4dc5b5
2371,38.840583082,10.997411,30,v6,88000000ffffffffffffa8dd9f4dc5b5
2372,38.850673864,10.090782,30,v6,88000000ffffffffffffa8dd9f4dc5b5
2373,38.861003275,10.329411,30,v6,88000000ffffffffffffa8dd9f4dc5b5
2374,38.871077798,10.074523,30,v6,88000000ffffffffffffa8dd9f4dc5b5
2375,38.882458967,11.381169,30,v6,88000000ffffffffffffa8dd9f4dc5b5
2376,38.893474169,11.015202,30,v6,88000000ffffffffffffa8dd9f4dc5b5
2377,38.903719122,10.244953,30,v6,88000000ffffffffffffa8dd9f4dc5b5
2378,38.914912893,11.193771,30,v6,88000000ffffffffffffa8dd9f4dc5b5
2379,38.924870561,9.957668,30,v6,88000000ffffffffffffa8dd9f4dc5b5
2380,38.935088290,10.217729,30,v6,88000000ffffffffffffa8dd9f4dc5b5
2381,38.946321890,11.233600,30,v6,88000000ffffffffffffa8dd9f4dc5b5
2382,38.956428387,10.106497,30,v6,88000000ffffffffffffa8dd9f4dc5b5
2383,38.966489353,10.060966,30,v6,88000000ffffffffffffa8dd9f4dc5b5
2384,38.976883955,10.394602,30,v6,88000000ffffffffffffa8dd9f4dc5b5
2385,38.986789818,9.905863,30,v6,88000000ffffffffffffa8dd9f4dc5b5
2386,38.998079422,11.289604,30,v6,88000000ffffffffffffa8dd9f4dc5b5
2387,39.009453827,11.374405,30,v6,88000000ffffffffffffa8dd9f4dc5b5
2388,39.020580228,11.126401,30,v6,88000000ffffffffffffa8dd9f4dc5b5
2389,39.030898306,10.318078,30,v6,88000000ffffffffffffa8dd9f4dc5b5
2390,39.041152966,10.254660,30,v6,88000000ffffffffffffa8dd9f4dc5b5
2391,39.051832018,10.679052,30,v6,88000000ffffffffffffa8dd9f4dc5b5
2392,39.062054264,10.222246,30,v6,88000000ffffffffffffa8dd9f4dc5b5
2393,39.072548021,10.493757,30,v6,88000000ffffffffffffa8dd9f4dc5b5
2394,39.083428951,10.880930,30,v6,88000000ffffffffffffa8dd9f4dc5b5
2395,39.093510638,10.081687,30,v6,88000000ffffffffffffa8dd9f4dc5b5
2396,39.103525925,10.015287,30,v6,88000000ffffffffffffa8dd9f4dc5b5
2397,39.114014957,10.489032,30,v6,88000000ffffffffffffa8dd9f4dc5b5
2398,39.125103955,11.088998,30,v6,88000000ffffffffffffa8dd9f4dc5b5
2399,39.136140585,11.036630,30,v6,88000000ffffffffffffa8dd9f4dc5b5
2400,39.146610374,10.469789,30,v6,88000000ffffffffffffa8dd9f4dc5b5
2401,39.157939961,11.329587,30,v6,88000000ffffffffffffa8dd9f4dc5b5
2402,39.167685141,9.745180,30,v6,88000000ffffffffffffa8dd9f4dc5b5
2403,39.177844106,10.158965,30,v6,88000000ffffffffffffa8dd9f4dc5b5
2404,39.189147823,11.303717,30,v6,88000000ffffffffffffa8dd9f4dc5b5
2405,39.199293299,10.145476,30,v6,88000000ffffffffffffa8dd9f4dc5b5
2406,39.209352400,10.059101,30,v6,88000000ffffffffffffa8dd9f4dc5b5
2407,39.219459097,10.106697,30,v6,88000000ffffffffffffa8dd9f4dc5b5
2408,39.229870751,10.411654,30,v6,88000000ffffffffffffa8dd9f4dc5b5
2409,39.241223481,11.352730,30,v6,88000000ffffffffffffa8dd9f4dc5b5
2410,39.252091340,10.867859,30,v6,88000000ffffffffffffa8dd9f4dc5b5
2411,39.263306618,11.215278,30,v6,88000000ffffffffffffa8dd9f4dc5b5
2412,39.273600087,10.293469,30,v6,88000000ffffffffffffa8dd9f4dc5b5
2413,39.283617353,10.017266,30,v6,88000000ffffffffffffa8dd9f4dc5b5
2414,39.294971060,11.353707,30,v6,88000000ffffffffffffa8dd9f4dc5b5
2415,39.304971358,10.000298,30,v6,88000000ffffffffffffa8dd9f4dc5b5
2416,39.315233475,10.262117,30,v6,88000000ffffffffffffa8dd9f4dc5b5
2417,39.325326689,10.093214,30,v6,88000000ffffffffffffa8dd9f4dc5b5
2418,39.336307962,10.981273,30,v6,88000000ffffffffffffa8dd9f4dc5b5
2419,39.346760795,10.452833,30,v6,88000000ffffffffffffa8dd9f4dc5b5
2420,39.357005937,10.245142,30,v6,88000000ffffffffffffa8dd9f4dc5b5
2421,39.367955233,10.949296,30,v6,88000000ffffffffffffa8dd9f4dc5b5
2422,39.379139712,11.184479,30,v6,88000000ffffffffffffa8dd9f4dc5b5
2423,39.390173942,11.034230,30,v6,88000000ffffffffffffa8dd9f4dc5b5
2424,39.400420667,10.246725,30,v6,88000000ffffffffffffa8dd9f4dc5b5
2425,39.410691069,10.270402,30,v6,88000000ffffffffffffa8dd9f4dc5b5
2426,39.420804328,10.113259,30,v6,88000000ffffffffffffa8dd9f4dc5b5
2427,39.431983034,11.178706,30,v6,88000000ffffffffffffa8dd9f4dc5b5
2428,39.441843203,9.860169,30,v6,88000000ffffffffffffa8dd9f4dc5b5
2429,39.452261039,10.417836,30,v6,88000000ffffffffffffa8dd9f4dc5b5
2430,39.463234237,10.973198,30,v6,88000000ffffffffffffa8dd9f4dc5b5
2431,39.473688856,10.454619,30,v6,88000000ffffffffffffa8dd9f4dc5b5
2432,39.484576071,10.887215,30,v6,88000000ffffffffffffa8dd9f4dc5b5
2433,39.494803280,10.227209,30,v6,88000000ffffffffffffa8dd9f4dc5b5
2434,39.505210580,10.407300,30,v6,88000000ffffffffffffa8dd9f4dc5b5
2435,39.516473786,11.263206,30,v6,88000000ffffffffffffa8dd9f4dc5b5
2436,39.526495529,10.021743,30,v6,88000000ffffffffffffa8dd9f4dc5b5
2437,39.537882065,11.386536,30,v6,88000000ffffffffffffa8dd9f4dc5b5
2438,39.547810033,9.927968,30,v6,88000000ffffffffffffa8dd9f4dc5b5
2439,39.557971553,10.161520,30,v6,88000000ffffffffffffa8dd9f4dc5b5
2440,39.568111291,10.139738,30,v6,88000000ffffffffffffa8dd9f4dc5b5
2441,39.579310493,11.199202,30,v6,88000000ffffffffffffa8dd9f4dc5b5
2442,39.589552194,10.241701,30,v6,88000000ffffffffffffa8dd9f4dc5b5
2443,39.599643671,10.091477,30,v6,88000000ffffffffffffa8dd9f4dc5b5
2444,39.611823271,12.179600,30,v6,88000000ffffffffffffa8dd9f4dc5b5
2445,39.622066118,10.242847,30,v6,88000000ffffffffffffa8dd9f4dc5b5
2446,39.632092178,10.026060,30,v6,88000000ffffffffffffa8dd9f4dc5b5
2447,39.643115799,11.023621,30,v6,88000000ffffffffffffa8dd9f4dc5b5
2448,39.653582877,10.467078,30,v6,88000000ffffffffffffa8dd9f4dc5b5
2449,39.664848249,11.265372,30,v6,88000000ffffffffffffa8dd9f4dc5b5
2450,39.673858884,9.010635,30,v6,88000000ffffffffffffa8dd9f4dc5b5
2451,39.684990641,11.131757,30,v6,88000000ffffffffffffa8dd9f4dc5b5
2452,39.695172617,10.181976,30,v6,88000000ffffffffffffa8dd9f4dc5b5
2453,39.705268950,10.096333,30,v6,88000000ffffffffffffa8dd9f4dc5b5
2454,39.716291907,11.022957,30,v6,88000000ffffffffffffa8dd9f4dc5b5
2455,39.727881954,11.590047,30,v6,88000000ffffffffffffa8dd9f4dc5b5
2456,39.737751238,9.869284,30,v6,88000000ffffffffffffa8dd9f4dc5b5
2457,39.749031524,11.280286,30,v6,88000000ffffffffffffa8dd9f4dc5b5
2458,39.759071074,10.039550,30,v6,88000000ffffffffffffa8dd9f4dc5b5
2459,39.770476811,11.405737,30,v6,88000000ffffffffffffa8dd9f4dc5b5
2460,39.780551503,10.074692,30,v6,88000000ffffffffffffa8dd9f4dc5b5
2461,39.790409896,9.858393,30,v6,88000000ffffffffffffa8dd9f4dc5b5
2462,39.800751818,10.341922,30,v6,88000000ffffffffffffa8dd9f4dc5b5
2463,39.811947044,11.195226,30,v6,88000000ffffffffffffa8dd9f4dc5b5
2464,39.822058864,10.111820,30,v6,88000000ffffffffffffa8dd9f4dc5b5
2465,39.832321301,10.262437,30,v6,88000000ffffffffffffa8dd9f4dc5b5
2466,39.844603703,12.282402,30,v6,88000000ffffffffffffa8dd9f4dc5b5
2467,39.854608179,10.004476,30,v6,88000000ffffffffffffa8dd9f4dc5b5
2468,39.864770624,10.162445,30,v6,88000000ffffffffffffa8dd9f4dc5b5
2469,39.875917053,11.146429,30,v6,88000000ffffffffffffa8dd9f4dc5b5
2470,39.885982834,10.065781,30,v6,88000000ffffffffffffa8dd9f4dc5b5
2471,39.896108134,10.125300,30,v6,88000000ffffffffffffa8dd9f4dc5b5
2472,39.907475796,11.367662,30,v6,88000000ffffffffffffa8dd9f4dc5b5
2473,39.917601620,10.125824,30,v6,88000000ffffffffffffa8dd9f4dc5b5
2474,39.927966031,10.364411,30,v6,88000000ffffffffffffa8dd9f4dc5b5
2475,39.938866311,10.900280,30,v6,88000000ffffffffffffa8dd9f4dc5b5
2476,39.949044185,10.177874,30,v6,88000000ffffffffffffa8dd9f4dc5b5
2477,39.959292188,10.248003,30,v6,88000000ffffffffffffa8dd9f4dc5b5
2478,39.969577309,10.285121,30,v6,88000000ffffffffffffa8dd9f4dc5b5
2479,39.980764510,11.187201,30,v6,88000000ffffffffffffa8dd9f4dc5b5
2480,39.990898432,10.133922,30,v6,88000000ffffffffffffa8dd9f4dc5b5
2481,40.001905985,11.007553,30,v6,88000000ffffffffffffa8dd9f4dc5b5
2482,40.012074093,10.168108,30,v6,88000000ffffffffffffa8dd9f4dc5b5
2483,40.022300255,10.226162,30,v6,88000000ffffffffffffa8dd9f4dc5b5
2484,40.033482374,11.182119,30,v6,88000000ffffffffffffa8dd9f4dc5b5
2485,40.043590360,10.107986,30,v6,88000000ffffffffffffa8dd9f4dc5b5
2486,40.054795622,11.205262,30,v6,88000000ffffffffffffa8dd9f4dc5b5
2487,40.065833087,11.037465,30,v6,88000000ffffffffffffa8dd9f4dc5b5
2488,40.076017515,10.184428,30,v6,88000000ffffffffffffa8dd9f4dc5b5
2489,40.086172577,10.155062,30,v6,88000000ffffffffffffa8dd9f4dc5b5
2490,40.096415922,10.243345,30,v6,88000000ffffffffffffa8dd9f4dc5b5
2491,40.107530130,11.114208,30,v6,88000000ffffffffffffa8dd9f4dc5b5
2492,40.117730469,10.200339,30,v6,88000000ffffffffffffa8dd9f4dc5b5
2493,40.128924167,11.193698,30,v6,88000000ffffffffffffa8dd9f4dc5b5
2494,40.139063837,10.139670,30,v6,88000000ffffffffffffa8dd9f4dc5b5
2495,40.149201264,10.137427,30,v6,88000000ffffffffffffa8dd9f4dc5b5
2496,40.160275075,11.073811,30,v6,88000000ffffffffffffa8dd9f4dc5b5
2497,40.171534444,11.259369,30,v6,88000000ffffffffffffa8dd9f4dc5b5
2498,40.181498807,9.964363,30,v6,88000000ffffffffffffa8dd9f4dc5b5
2499,40.191784635,10.285828,30,v6,88000000ffffffffffffa8dd9f4dc5b5
2500,40.202886562,11.101927,30,v6,88000000ffffffffffffa8dd9f4dc5b5
2501,40.212995280,10.108718,30,v6,88000000ffffffffffffa8dd9f4dc5b5
2502,40.224327472,11.332192,30,v6,88000000ffffffffffffa8dd9f4dc5b5
2503,40.234604211,10.276739,30,v6,88000000ffffffffffffa8dd9f4dc5b5
2504,40.244521753,9.917542,30,v6,88000000ffffffffffffa8dd9f4dc5b5
2505,40.254813683,10.291930,30,v6,88000000ffffffffffffa8dd9f4dc5b5
2506,40.266098905,11.285222,30,v6,88000000ffffffffffffa8dd9f4dc5b5
2507,40.276504449,10.405544,30,v6,88000000ffffffffffffa8dd9f4dc5b5
2508,40.287270726,10.766277,30,v6,88000000ffffffffffffa8dd9f4dc5b5
2509,40.298480165,11.209439,30,v6,88000000ffffffffffffa8dd9f4dc5b5
2510,40.307708835,9.228670,30,v6,88000000ffffffffffffa8dd9f4dc5b5
2511,40.318661545,10.952710,30,v6,88000000ffffffffffffa8dd9f4dc5b5
2512,40.328994060,10.332515,30,v6,88000000ffffffffffffa8dd9f4dc5b5
2513,40.339210201,10.216141,30,v6,88000000ffffffffffffa8dd9f4dc5b5
2514,40.350380403,11.170202,30,v6,88000000ffffffffffffa8dd9f4dc5b5
2515,40.360395368,10.014965,30,v6,88000000ffffffffffffa8dd9f4dc5b5
2516,40.370662085,10.266717,30,v6,88000000ffffffffffffa8dd9f4dc5b5
2517,40.381780238,11.118153,30,v6,88000000ffffffffffffa8dd9f4dc5b5
2518,40.392868447,11.088209,30,v6,88000000ffffffffffffa8dd9f4dc5b5
2519,40.403152672,10.284225,30,v6,88000000ffffffffffffa8dd9f4dc5b5
2520,40.413543132,10.390460,30,v6,88000000ffffffffffffa8dd9f4dc5b5
2521,40.424475087,10.931955,30,v6,88000000ffffffffffffa8dd9f4dc5b5
2522,40.434831891,10.356804,30,v6,88000000ffffffffffffa8dd9f4dc5b5
2523,40.445960240,11.128349,30,v6,88000000ffffffffffffa8dd9f4dc5b5
2524,40.456009221,10.048981,30,v6,88000000ffffffffffffa8dd9f4dc5b5
2525,40.466280026,10.270805,30,v6,88000000ffffffffffffa8dd9f4dc5b5
2526,40.477669990,11.389964,30,v6,88000000ffffffffffffa8dd9f4dc5b5
2527,40.486584233,8.914243,30,v6,88000000ffffffffffffa8dd9f4dc5b5
2528,40.497734948,11.150715,30,v6,88000000ffffffffffffa8dd9f4dc5b5
2529,40.507845309,10.110361,30,v6,88000000ffffffffffffa8dd9f4dc5b5
2530,40.520113402,12.268093,30,v6,88000000ffffffffffffa8dd9f4dc5b5
2531,40.530338721,10.225319,30,v6,88000000ffffffffffffa8dd9f4dc5b5
2532,40.540464215,10.125494,30,v6,88000000ffffffffffffa8dd9f4dc5b5
2533,40.550594110,10.129895,30,v6,88000000ffffffffffffa8dd9f4dc5b5
2534,40.561623892,11.029782,30,v6,88000000ffffffffffffa8dd9f4dc5b5
2535,40.572188369,10.564477,30,v6,88000000ffffffffffffa8dd9f4dc5b5
2536,40.583059473,10.871104,30,v6,88000000ffffffffffffa8dd9f4dc5b5
2537,40.593253201,10.193728,30,v6,88000000ffffffffffffa8dd9f4dc5b5
2538,40.603466329,10.213128,30,v6,88000000ffffffffffffa8dd9f4dc5b5
2539,40.613672791,10.206462,30,v6,88000000ffffffffffffa8dd9f4dc5b5
2540,40.624797826,11.125035,30,v6,88000000ffffffffffffa8dd9f4dc5b5
2541,40.634964136,10.166310,30,v6,88000000ffffffffffffa8dd9f4dc5b5
2542,40.646056912,11.092776,30,v6,88000000ffffffffffffa8dd9f4dc5b5
2543,40.656250651,10.193739,30,v6,88000000ffffffffffffa8dd9f4dc5b5
2544,40.666540059,10.289408,30,v6,88000000ffffffffffffa8dd9f4dc5b5
2545,40.677769270,11.229211,30,v6,88000000ffffffffffffa8dd9f4dc5b5
2546,40.689042586,11.273316,30,v6,88000000ffffffffffffa8dd9f4dc5b5
2547,40.698890101,9.847515,30,v6,88000000ffffffffffffa8dd9f4dc5b5
2548,40.709154275,10.264174,30,v6,88000000ffffffffffffa8dd9f4dc5b5
2549,40.720210500,11.056225,30,v6,88000000ffffffffffffa8dd9f4dc5b5
2550,40.730551478,10.340978,30,v6,88000000ffffffffffffa8dd9f4dc5b5
2551,40.741376861,10.825383,30,v6,88000000ffffffffffffa8dd9f4dc5b5
2552,40.750725669,9.348808,30,v6,88000000ffffffffffffa8dd9f4dc5b5
2553,40.761787634,11.061965,30,v6,88000000ffffffffffffa8dd9f4dc5b5
2554,40.772042423,10.254789,30,v6,88000000ffffffffffffa8dd9f4dc5b5
2555,40.783217274,11.174851,30,v6,88000000ffffffffffffa8dd9f4dc5b5
2556,40.794436111,11.218837,30,v6,88000000ffffffffffffa8dd9f4dc5b5
2557,40.804524135,10.088024,30,v6,88000000ffffffffffffa8dd9f4dc5b5
2558,40.815555009,11.030874,30,v6,88000000ffffffffffffa8dd9f4dc5b5
2559,40.825606864,10.051855,30,v6,88000000ffffffffffffa8dd9f4dc5b5
2560,40.835815139,10.208275,30,v6,88000000ffffffffffffa8dd9f4dc5b5
2561,40.846504185,10.689046,30,v6,88000000ffffffffffffa8dd9f4dc5b5
2562,40.856390472,9.886287,30,v6,88000000ffffffffffffa8dd9f4dc5b5
2563,40.867351513,10.961041,30,v6,88000000ffffffffffffa8dd9f4dc5b5
2564,40.877722558,10.371045,30,v6,88000000ffffffffffffa8dd9f4dc5b5
2565,40.887865269,10.142711,30,v6,88000000ffffffffffffa8dd9f4dc5b5
2566,40.898976657,11.111388,30,v6,88000000ffffffffffffa8dd9f4dc5b5
2567,40.910285892,11.309235,30,v6,88000000ffffffffffffa8dd9f4dc5b5
2568,40.921776214,11.490322,30,v6,88000000ffffffffffffa8dd9f4dc5b5
2569,40.931806262,10.030048,30,v6,88000000ffffffffffffa8dd9f4dc5b5
2570,40.941677864,9.871602,30,v6,88000000ffffffffffffa8dd9f4dc5b5
2571,40.952958855,11.280991,30,v6,88000000ffffffffffffa8dd9f4dc5b5
2572,40.962942282,9.983427,30,v6,88000000ffffffffffffa8dd9f4dc5b5
2573,40.973628611,10.686329,30,v6,88000000ffffffffffffa8dd9f4dc5b5
2574,40.983399338,9.770727,30,v6,88000000ffffffffffffa8dd9f4dc5b5
2575,40.993605477,10.206139,30,v6,88000000ffffffffffffa8dd9f4dc5b5
2576,41.004862553,11.257076,30,v6,88000000ffffffffffffa8dd9f4dc5b5
2577,41.014989873,10.127320,30,v6,88000000ffffffffffffa8dd9f4dc5b5
2578,41.025138596,10.148723,30,v6,88000000ffffffffffffa8dd9f4dc5b5
2579,41.037347636,12.209040,30,v6,88000000ffffffffffffa8dd9f4dc5b5
2580,41.047636263,10.288627,30,v6,88000000ffffffffffffa8dd9f4dc5b5
2581,41.058645282,11.009019,30,v6,88000000ffffffffffffa8dd9f4dc5b5
2582,41.068978324,10.333042,30,v6,88000000ffffffffffffa8dd9f4dc5b5
2583,41.079170364,10.192040,30,v6,88000000ffffffffffffa8dd9f4dc5b5
2584,41.089077424,9.907060,30,v6,88000000ffffffffffffa8dd9f4dc5b5
2585,41.100145121,11.067697,30,v6,88000000ffffffffffffa8dd9f4dc5b5
2586,41.110453051,10.307930,30,v6,88000000ffffffffffffa8dd9f4dc5b5
2587,41.120591647,10.138596,30,v6,88000000ffffffffffffa8dd9f4dc5b5
2588,41.131723522,11.131875,30,v6,88000000ffffffffffffa8dd9f4dc5b5
2589,41.142594573,10.871051,30,v6,88000000ffffffffffffa8dd9f4dc5b5
2590,41.152912304,10.317731,30,v6,88000000ffffffffffffa8dd9f4dc5b5
2591,41.164136262,11.223958,30,v6,88000000ffffffffffffa8dd9f4dc5b5
2592,41.174217701,10.081439,30,v6,88000000ffffffffffffa8dd9f4dc5b5
2593,41.184352546,10.134845,30,v6,88000000ffffffffffffa8dd9f4dc5b5
2594,41.195557805,11.205259,30,v6,88000000ffffffffffffa8dd9f4dc5b5
2595,41.205586338,10.028533,30,v6,88000000ffffffffffffa8dd9f4dc5b5
2596,41.215756617,10.170279,30,v6,88000000ffffffffffffa8dd9f4dc5b5
2597,41.226009590,10.252973,30,v6,88000000ffffffffffffa8dd9f4dc5b5
2598,41.237361751,11.352161,30,v6,88000000ffffffffffffa8dd9f4dc5b5
2599,41.247619200,10.257449,30,v6,88000000ffffffffffffa8dd9f4dc5b5
2600,41.257599549,9.980349,30,v6,88000000ffffffffffffa8dd9f4dc5b5
2601,41.268755284,11.155735,30,v6,88000000ffffffffffffa8dd9f4dc5b5
2602,41.280002271,11.246987,30,v6,88000000ffffffffffffa8dd9f4dc5b5
2603,41.290196263,10.193992,30,v6,88000000ffffffffffffa8dd9f4dc5b5
2604,41.301242255,11.045992,30,v6,88000000ffffffffffffa8dd9f4dc5b5
2605,41.311552280,10.310025,30,v6,88000000ffffffffffffa8dd9f4dc5b5
2606,41.321644434,10.092154,30,v6,88000000ffffffffffffa8dd9f4dc5b5
2607,41.331982637,10.338203,30,v6,88000000ffffffffffffa8dd9f4dc5b5
2608,41.342911046,10.928409,30,v6,88000000ffffffffffffa8dd9f4dc5b5
2609,41.353038394,10.127348,30,v6,88000000ffffffffffffa8dd9f4dc5b5
2610,41.363288959,10.250565,30,v6,88000000ffffffffffffa8dd9f4dc5b5
2611,41.374393798,11.104839,30,v6,88000000ffffffffffffa8dd9f4dc5b5
2612,41.385640031,11.246233,30,v6,88000000ffffffffffffa8dd9f4dc5b5
2613,41.395734232,10.094201,30,v6,88000000ffffffffffffa8dd9f4dc5b5
2614,41.405930022,10.195790,30,v6,88000000ffffffffffffa8dd9f4dc5b5
2615,41.416989677,11.059655,30,v6,88000000ffffffffffffa8dd9f4dc5b5
2616,41.427320279,10.330602,30,v6,88000000ffffffffffffa8dd9f4dc5b5
2617,41.437476519,10.156240,30,v6,88000000ffffffffffffa8dd9f4dc5b5
2618,41.447723632,10.247113,30,v6,88000000ffffffffffffa8dd9f4dc5b5
2619,41.458619822,10.896190,30,v6,88000000ffffffffffffa8dd9f4dc5b5
2620,41.468840141,10.220319,30,v6,88000000ffffffffffffa8dd9f4dc5b5
2621,41.480382890,11.542749,30,v6,88000000ffffffffffffa8dd9f4dc5b5
2622,41.490290116,9.907226,30,v6,88000000ffffffffffffa8dd9f4dc5b5
2623,41.511593803,21.303687,30,v6,88000000ffffffffffffa8dd9f4dc5b5
2624,41.522805862,11.212059,30,v6,88000000ffffffffffffa8dd9f4dc5b5
2625,41.532868542,10.062680,30,v6,88000000ffffffffffffa8dd9f4dc5b5
2626,41.543135640,10.267098,30,v6,88000000ffffffffffffa8dd9f4dc5b5
2627,41.554519153,11.383513,30,v6,88000000ffffffffffffa8dd9f4dc5b5
2628,41.564288833,9.769680,30,v6,88000000ffffffffffffa8dd9f4dc5b5
2629,41.574564644,10.275811,30,v6,88000000ffffffffffffa8dd9f4dc5b5
2630,41.585888962,11.324318,30,v6,88000000ffffffffffffa8dd9f4dc5b5
2631,41.595880837,9.991875,30,v6,88000000ffffffffffffa8dd9f4dc5b5
2632,41.607237066,11.356229,30,v6,88000000ffffffffffffa8dd9f4dc5b5
2633,41.617350696,10.113630,30,v6,88000000ffffffffffffa8dd9f4dc5b5
2634,41.628476289,11.125593,30,v6,88000000ffffffffffffa8dd9f4dc5b5
2635,41.638928332,10.452043,30,v6,88000000ffffffffffffa8dd9f4dc5b5
2636,41.648786792,9.858460,30,v6,88000000ffffffffffffa8dd9f4dc5b5
2637,41.658929604,10.142812,30,v6,88000000ffffffffffffa8dd9f4dc5b5
2638,41.669985029,11.055425,30,v6,88000000ffffffffffffa8dd9f4dc5b5
2639,41.680448028,10.462999,30,v6,88000000ffffffffffffa8dd9f4dc5b5
2640,41.690530298,10.082270,30,v6,88000000ffffffffffffa8dd9f4dc5b5
2641,41.701691122,11.160824,30,v6,88000000ffffffffffffa8dd9f4dc5b5
2642,41.711775317,10.084195,30,v6,88000000ffffffffffffa8dd9f4dc5b5
2643,41.723009270,11.233953,30,v6,88000000ffffffffffffa8dd9f4dc5b5
2644,41.734046995,11.037725,30,v6,88000000ffffffffffffa8dd9f4dc5b5
2645,41.744416892,10.369897,30,v6,88000000ffffffffffffa8dd9f4dc5b5
2646,41.754797844,10.380952,30,v6,88000000ffffffffffffa8dd9f4dc5b5
2647,41.765731921,10.934077,30,v6,88000000ffffffffffffa8dd9f4dc5b5
2648,41.776009136,10.277215,30,v6,88000000ffffffffffffa8dd9f4dc5b5
2649,41.786023341,10.014205,30,v6,88000000ffffffffffffa8dd9f4dc5b5
2650,41.797209715,11.186374,30,v6,88000000ffffffffffffa8dd9f4dc5b5
2651,41.807413426,10.203711,30,v6,88000000ffffffffffffa8dd9f4dc5b5
2652,41.817363270,9.949844,30,v6,88000000ffffffffffffa8dd9f4dc5b5
2653,41.828728723,11.365453,30,v6,88000000ffffffffffffa8dd9f4dc5b5
2654,41.838811805,10.083082,30,v6,88000000ffffffffffffa8dd9f4dc5b5
2655,41.849852572,11.040767,30,v6,88000000ffffffffffffa8dd9f4dc5b5
2656,41.860257018,10.404446,30,v6,88000000ffffffffffffa8dd9f4dc5b5
2657,41.871231444,10.974426,30,v6,88000000ffffffffffffa8dd9f4dc5b5
2658,41.881395494,10.164050,30,v6,88000000ffffffffffffa8dd9f4dc5b5
2659,41.891689906,10.294412,30,v6,88000000ffffffffffffa8dd9f4dc5b5
2660,41.903087914,11.398008,30,v6,88000000ffffffffffffa8dd9f4dc5b5
2661,41.912944150,9.856236,30,v6,88000000ffffffffffffa8dd9f4dc5b5
2662,41.923244146,10.299996,30,v6,88000000ffffffffffffa8dd9f4dc5b5
2663,41.933341172,10.097026,30,v6,88000000ffffffffffffa8dd9f4dc5b5
2664,41.945657901,12.316729,30,v6,88000000ffffffffffffa8dd9f4dc5b5
2665,41.955797412,10.139511,30,v6,88000000ffffffffffffa8dd9f4dc5b5
2666,41.966866645,11.069233,30,v6,88000000ffffffffffffa8dd9f4dc5b5
2667,41.976883306,10.016661,30,v6,88000000ffffffffffffa8dd9f4dc5b5
2668,41.987366429,10.483123,30,v6,88000000ffffffffffffa8dd9f4dc5b5
2669,41.997487171,10.120742,30,v6,88000000ffffffffffffa8dd9f4dc5b5
2670,42.008785196,11.298025,30,v6,88000000ffffffffffffa8dd9f4dc5b5
2671,42.018617291,9.832095,30,v6,88000000ffffffffffffa8dd9f4dc5b5
2672,42.028999739,10.382448,30,v6,88000000ffffffffffffa8dd9f4dc5b5
2673,42.039931888,10.932149,30,v6,88000000ffffffffffffa8dd9f4dc5b5
2674,42.050076364,10.144476,30,v6,88000000ffffffffffffa8dd9f4dc5b5
2675,42.061365568,11.289204,30,v6,88000000ffffffffffffa8dd9f4dc5b5
2676,42.071508487,10.142919,30,v6,88000000ffffffffffffa8dd9f4dc5b5
2677,42.082771048,11.262561,30,v6,88000000ffffffffffffa8dd9f4dc5b5
2678,42.092673646,9.902598,30,v6,88000000ffffffffffffa8dd9f4dc5b5
2679,42.103026053,10.352407,30,v6,88000000ffffffffffffa8dd9f4dc5b5
2680,42.114183152,11.157099,30,v6,88000000ffffffffffffa8dd9f4dc5b5
2681,42.124398181,10.215029,30,v6,88000000ffffffffffffa8dd9f4dc5b5
2682,42.134614642,10.216461,30,v6,88000000ffffffffffffa8dd9f4dc5b5
2683,42.144577469,9.962827,30,v6,88000000ffffffffffffa8dd9f4dc5b5
2684,42.155631764,11.054295,30,v6,88000000ffffffffffffa8dd9f4dc5b5
2685,42.165793777,10.162013,30,v6,88000000ffffffffffffa8dd9f4dc5b5
2686,42.177058241,11.264464,30,v6,88000000ffffffffffffa8dd9f4dc5b5
2687,42.188259388,11.201147,30,v6,88000000ffffffffffffa8dd9f4dc5b5
2688,42.198487265,10.227877,30,v6,88000000ffffffffffffa8dd9f4dc5b5
2689,42.208635122,10.147857,30,v6,88000000ffffffffffffa8dd9f4dc5b5
2690,42.218681596,10.046474,30,v6,88000000ffffffffffffa8dd9f4dc5b5
2691,42.229999080,11.317484,30,v6,88000000ffffffffffffa8dd9f4dc5b5
2692,42.240219238,10.220158,30,v6,88000000ffffffffffffa8dd9f4dc5b5
2693,42.250503934,10.284696,30,v6,88000000ffffffffffffa8dd9f4dc5b5
2694,42.261548448,11.044514,30,v6,88000000ffffffffffffa8dd9f4dc5b5
2695,42.271607996,10.059548,30,v6,88000000ffffffffffffa8dd9f4dc5b5
2696,42.282980039,11.372043,30,v6,88000000ffffffffffffa8dd9f4dc5b5
2697,42.292927795,9.947756,30,v6,88000000ffffffffffffa8dd9f4dc5b5
2698,42.304378069,11.450274,30,v6,88000000ffffffffffffa8dd9f4dc5b5
2699,42.315327753,10.949684,30,v6,88000000ffffffffffffa8dd9f4dc5b5
2700,42.325502307,10.174554,30,v6,88000000ffffffffffffa8dd9f4dc5b5
2701,42.336653481,11.151174,30,v6,88000000ffffffffffffa8dd9f4dc5b5
2702,42.346644896,9.991415,30,v6,88000000ffffffffffffa8dd9f4dc5b5
2703,42.356976490,10.331594,30,v6,88000000ffffffffffffa8dd9f4dc5b5
2704,42.367092069,10.115579,30,v6,88000000ffffffffffffa8dd9f4dc5b5
2705,42.378409937,11.317868,30,v6,88000000ffffffffffffa8dd9f4dc5b5
2706,42.388413320,10.003383,30,v6,88000000ffffffffffffa8dd9f4dc5b5
2707,42.398599949,10.186629,30,v6,88000000ffffffffffffa8dd9f4dc5b5
2708,42.410688403,12.088454,30,v6,88000000ffffffffffffa8dd9f4dc5b5
2709,42.420796546,10.108143,30,v6,88000000ffffffffffffa8dd9f4dc5b5
2710,42.431198910,10.402364,30,v6,88000000ffffffffffffa8dd9f4dc5b5
2711,42.442318663,11.119753,30,v6,88000000ffffffffffffa8dd9f4dc5b5
2712,42.452556650,10.237987,30,v6,88000000ffffffffffffa8dd9f4dc5b5
2713,42.462646514,10.089864,30,v6,88000000ffffffffffffa8dd9f4dc5b5
2714,42.473770164,11.123650,30,v6,88000000ffffffffffffa8dd9f4dc5b5
2715,42.483794963,10.024799,30,v6,88000000ffffffffffffa8dd9f4dc5b5
2716,42.495083799,11.288836,30,v6,88000000ffffffffffffa8dd9f4dc5b5
2717,42.505111220,10.027421,30,v6,88000000ffffffffffffa8dd9f4dc5b5
2718,42.516602928,11.491708,30,v6,88000000ffffffffffffa8dd9f4dc5b5
2719,42.527927241,11.324313,30,v6,88000000ffffffffffffa8dd9f4dc5b5
2720,42.537929345,10.002104,30,v6,88000000ffffffffffffa8dd9f4dc5b5
2721,42.547944321,10.014976,30,v6,88000000ffffffffffffa8dd9f4dc5b5
2722,42.559158903,11.214582,30,v6,88000000ffffffffffffa8dd9f4dc5b5
2723,42.569389478,10.230575,30,v6,88000000ffffffffffffa8dd9f4dc5b5
2724,42.579663678,10.274200,30,v6,88000000ffffffffffffa8dd9f4dc5b5
2725,42.589817047,10.153369,30,v6,88000000ffffffffffffa8dd9f4dc5b5
2726,42.600845101,11.028054,30,v6,88000000ffffffffffffa8dd9f4dc5b5
2727,42.610921869,10.076768,30,v6,88000000ffffffffffffa8dd9f4dc5b5
2728,42.621059602,10.137733,30,v6,88000000ffffffffffffa8dd9f4dc5b5
2729,42.633268634,12.209032,30,v6,88000000ffffffffffffa8dd9f4dc5b5
2730,42.643403364,10.134730,30,v6,88000000ffffffffffffa8dd9f4dc5b5
2731,42.653654866,10.251502,30,v6,88000000ffffffffffffa8dd9f4dc5b5
2732,42.664748941,11.094075,30,v6,88000000ffffffffffffa8dd9f4dc5b5
2733,42.674786683,10.037742,30,v6,88000000ffffffffffffa8dd9f4dc5b5
2734,42.685111611,10.324928,30,v6,88000000ffffffffffffa8dd9f4dc5b5
2735,42.695660275,10.548664,30,v6,88000000ffffffffffffa8dd9f4dc5b5
2736,42.706605925,10.945650,30,v6,88000000ffffffffffffa8dd9f4dc5b5
2737,42.716725994,10.120069,30,v6,88000000ffffffffffffa8dd9f4dc5b5
2738,42.726869123,10.143129,30,v6,88000000ffffffffffffa8dd9f4dc5b5
2739,42.737842494,10.973371,30,v6,88000000ffffffffffffa8dd9f4dc5b5
2740,42.749115465,11.272971,30,v6,88000000ffffffffffffa8dd9f4dc5b5
2741,42.770553058,21.437593,30,v6,88000000ffffffffffffa8dd9f4dc5b5
2742,42.780921800,10.368742,30,v6,88000000ffffffffffffa8dd9f4dc5b5
2743,42.790537521,9.615721,30,v6,88000000ffffffffffffa8dd9f4dc5b5
2744,42.800891257,10.353736,30,v6,88000000ffffffffffffa8dd9f4dc5b5
2745,42.812170884,11.279627,30,v6,88000000ffffffffffffa8dd9f4dc5b5
2746,42.822369708,10.198824,30,v6,88000000ffffffffffffa8dd9f4dc5b5
2747,42.832297281,9.927573,30,v6,88000000ffffffffffffa8dd9f4dc5b5
2748,42.843530947,11.233666,30,v6,88000000ffffffffffffa8dd9f4dc5b5
2749,42.854848174,11.317227,30,v6,88000000ffffffffffffa8dd9f4dc5b5
2750,42.865039219,10.191045,30,v6,88000000ffffffffffffa8dd9f4dc5b5
2751,42.875099211,10.059992,30,v6,88000000ffffffffffffa8dd9f4dc5b5
2752,42.885443547,10.344336,30,v6,88000000ffffffffffffa8dd9f4dc5b5
2753,42.896456750,11.013203,30,v6,88000000ffffffffffffa8dd9f4dc5b5
2754,42.906930746,10.473996,30,v6,88000000ffffffffffffa8dd9f4dc5b5
2755,42.917834870,10.904124,30,v6,88000000ffffffffffffa8dd9f4dc5b5
2756,42.927902712,10.067842,30,v6,88000000ffffffffffffa8dd9f4dc5b5
2757,42.937988182,10.085470,30,v6,88000000ffffffffffffa8dd9f4dc5b5
2758,42.948574679,10.586497,30,v6,88000000ffffffffffffa8dd9f4dc5b5
2759,42.959465508,10.890829,30,v6,88000000ffffffffffffa8dd9f4dc5b5
2760,42.970465717,11.000209,30,v6,88000000ffffffffffffa8dd9f4dc5b5
2761,42.981106245,10.640528,30,v6,88000000ffffffffffffa8dd9f4dc5b5
2762,42.991826052,10.719807,30,v6,88000000ffffffffffffa8dd9f4dc5b5
2763,43.002189194,10.363142,30,v6,88000000ffffffffffffa8dd9f4dc5b5
2764,43.012409378,10.220184,30,v6,88000000ffffffffffffa8dd9f4dc5b5
2765,43.022422608,10.013230,30,v6,88000000ffffffffffffa8dd9f4dc5b5
2766,43.033433171,11.010563,30,v6,88000000ffffffffffffa8dd9f4dc5b5
2767,43.043711924,10.278753,30,v6,88000000ffffffffffffa8dd9f4dc5b5
2768,43.053939465,10.227541,30,v6,88000000ffffffffffffa8dd9f4dc5b5
2769,43.064075921,10.136456,30,v6,88000000ffffffffffffa8dd9f4dc5b5
2770,43.076378536,12.302615,30,v6,88000000ffffffffffffa8dd9f4dc5b5
2771,43.086449799,10.071263,30,v6,88000000ffffffffffffa8dd9f4dc5b5
2772,43.096689057,10.239258,30,v6,88000000ffffffffffffa8dd9f4dc5b5
2773,43.107934792,11.245735,30,v6,88000000ffffffffffffa8dd9f4dc5b5
2774,43.117973226,10.038434,30,v6,88000000ffffffffffffa8dd9f4dc5b5
2775,43.129015897,11.042671,30,v6,88000000ffffffffffffa8dd9f4dc5b5
2776,43.139126672,10.110775,30,v6,88000000ffffffffffffa8dd9f4dc5b5
2777,43.149333717,10.207045,30,v6,88000000ffffffffffffa8dd9f4dc5b5
2778,43.160770806,11.437089,30,v6,88000000ffffffffffffa8dd9f4dc5b5
2779,43.169793354,9.022548,30,v6,88000000ffffffffffffa8dd9f4dc5b5
2780,43.180801526,11.008172,30,v6,88000000ffffffffffffa8dd9f4dc5b5
2781,43.192233757,11.432231,30,v6,88000000ffffffffffffa8dd9f4dc5b5
2782,43.203549012,11.315255,30,v6,88000000ffffffffffffa8dd9f4dc5b5
2783,43.213551764,10.002752,30,v6,88000000ffffffffffffa8dd9f4dc5b5
2784,43.223680891,10.129127,30,v6,88000000ffffffffffffa8dd9f4dc5b5
2785,43.234833538,11.152647,30,v6,88000000ffffffffffffa8dd9f4dc5b5
2786,43.245042438,10.208900,30,v6,88000000ffffffffffffa8dd9f4dc5b5
2787,43.254944554,9.902116,30,v6,88000000ffffffffffffa8dd9f4dc5b5
2788,43.265174006,10.229452,30,v6,88000000ffffffffffffa8dd9f4dc5b5
2789,43.276370218,11.196212,30,v6,88000000ffffffffffffa8dd9f4dc5b5
2790,43.286799060,10.428842,30,v6,88000000ffffffffffffa8dd9f4dc5b5
2791,43.296679393,9.880333,30,v6,88000000ffffffffffffa8dd9f4dc5b5
2792,43.309063469,12.384076,30,v6,88000000ffffffffffffa8dd9f4dc5b5
2793,43.319181748,10.118279,30,v6,88000000ffffffffffffa8dd9f4dc5b5
2794,43.329243990,10.062242,30,v6,88000000ffffffffffffa8dd9f4dc5b5
2795,43.339363956,10.119966,30,v6,88000000ffffffffffffa8dd9f4dc5b5
2796,43.350753551,11.389595,30,v6,88000000ffffffffffffa8dd9f4dc5b5
2797,43.361063260,10.309709,30,v6,88000000ffffffffffffa8dd9f4dc5b5
2798,43.371143809,10.080549,30,v6,88000000ffffffffffffa8dd9f4dc5b5
2799,43.381056523,9.912714,30,v6,88000000ffffffffffffa8dd9f4dc5b5
2800,43.392137736,11.081213,30,v6,88000000ffffffffffffa8dd9f4dc5b5
2801,43.414638114,22.500378,30,v6,88000000ffffffffffffa8dd9f4dc5b5
2802,43.424781970,10.143856,30,v6,88000000ffffffffffffa8dd9f4dc5b5
2803,43.434716993,9.935023,30,v6,88000000ffffffffffffa8dd9f4dc5b5
2804,43.446147318,11.430325,30,v6,88000000ffffffffffffa8dd9f4dc5b5
2805,43.456319780,10.172462,30,v6,88000000ffffffffffffa8dd9f4dc5b5
2806,43.466360193,10.040413,30,v6,88000000ffffffffffffa8dd9f4dc5b5
2807,43.476754470,10.394277,30,v6,88000000ffffffffffffa8dd9f4dc5b5
2808,43.486903928,10.149458,30,v6,88000000ffffffffffffa8dd9f4dc5b5
2809,43.498028673,11.124745,30,v6,88000000ffffffffffffa8dd9f4dc5b5
2810,43.508299036,10.270363,30,v6,88000000ffffffffffffa8dd9f4dc5b5
2811,43.519481108,11.182072,30,v6,88000000ffffffffffffa8dd9f4dc5b5
2812,43.529446070,9.964962,30,v6,88000000ffffffffffffa8dd9f4dc5b5
2813,43.540590811,11.144741,30,v6,88000000ffffffffffffa8dd9f4dc5b5
2814,43.550749675,10.158864,30,v6,88000000ffffffffffffa8dd9f4dc5b5
2815,43.561819166,11.069491,30,v6,88000000ffffffffffffa8dd9f4dc5b5
2816,43.572077616,10.258450,30,v6,88000000ffffffffffffa8dd9f4dc5b5
2817,43.582268828,10.191212,30,v6,88000000ffffffffffffa8dd9f4dc5b5
2818,43.593677985,11.409157,30,v6,88000000ffffffffffffa8dd9f4dc5b5
2819,43.603546543,9.868558,30,v6,88000000ffffffffffffa8dd9f4dc5b5
2820,43.613862926,10.316383,30,v6,88000000ffffffffffffa8dd9f4dc5b5
2821,43.623833816,9.970890,30,v6,88000000ffffffffffffa8dd9f4dc5b5
2822,43.634943616,11.109800,30,v6,88000000ffffffffffffa8dd9f4dc5b5
2823,43.646270510,11.326894,30,v6,88000000ffffffffffffa8dd9f4dc5b5
2824,43.656506527,10.236017,30,v6,88000000ffffffffffffa8dd9f4dc5b5
2825,43.666705058,10.198531,30,v6,88000000ffffffffffffa8dd9f4dc5b5
2826,43.677516024,10.810966,30,v6,88000000ffffffffffffa8dd9f4dc5b5
2827,43.687928973,10.412949,30,v6,88000000ffffffffffffa8dd9f4dc5b5
2828,43.699131974,11.203001,30,v6,88000000ffffffffffffa8dd9f4dc5b5
2829,43.709453228,10.321254,30,v6,88000000ffffffffffffa8dd9f4dc5b5
2830,43.719422851,9.969623,30,v6,88000000ffffffffffffa8dd9f4dc5b5
2831,43.731156304,11.733453,30,v6,88000000ffffffffffffa8dd9f4dc5b5
2832,43.740796159,9.639855,30,v6,88000000ffffffffffffa8dd9f4dc5b5
2833,43.750948819,10.152660,30,v6,88000000ffffffffffffa8dd9f4dc5b5
2834,43.762223381,11.274562,30,v6,88000000ffffffffffffa8dd9f4dc5b5
2835,43.772505174,10.281793,30,v6,88000000ffffffffffffa8dd9f4dc5b5
2836,43.782359540,9.854366,30,v6,88000000ffffffffffffa8dd9f4dc5b5
2837,43.793614587,11.255047,30,v6,88000000ffffffffffffa8dd9f4dc5b5
2838,43.805142909,11.528322,30,v6,88000000ffffffffffffa8dd9f4dc5b5
2839,43.814858168,9.715259,30,v6,88000000ffffffffffffa8dd9f4dc5b5
2840,43.825114685,10.256517,30,v6,88000000ffffffffffffa8dd9f4dc5b5
2841,43.836197631,11.082946,30,v6,88000000ffffffffffffa8dd9f4dc5b5
2842,43.846629249,10.431618,30,v6,88000000ffffffffffffa8dd9f4dc5b5
2843,43.856625785,9.996536,30,v6,88000000ffffffffffffa8dd9f4dc5b5
2844,43.867685029,11.059244,30,v6,88000000ffffffffffffa8dd9f4dc5b5
2845,43.878018913,10.333884,30,v6,88000000ffffffffffffa8dd9f4dc5b5
2846,43.888509973,10.491060,30,v6,88000000ffffffffffffa8dd9f4dc5b5
2847,43.899288832,10.778859,30,v6,88000000ffffffffffffa8dd9f4dc5b5
2848,43.909814623,10.525791,30,v6,88000000ffffffffffffa8dd9f4dc5b5
2849,43.919659518,9.844895,30,v6,88000000ffffffffffffa8dd9f4dc5b5
2850,43.930899883,11.240365,30,v6,88000000ffffffffffffa8dd9f4dc5b5
2851,43.941043338,10.143455,30,v6,88000000ffffffffffffa8dd9f4dc5b5
2852,43.952147698,11.104360,30,v6,88000000ffffffffffffa8dd9f4dc5b5
2853,43.962299606,10.151908,30,v6,88000000ffffffffffffa8dd9f4dc5b5
2854,43.984820264,22.520658,30,v6,88000000ffffffffffffa8dd9f4dc5b5
2855,43.994820992,10.000728,30,v6,88000000ffffffffffffa8dd9f4dc5b5
2856,44.004979052,10.158060,30,v6,88000000ffffffffffffa8dd9f4dc5b5
2857,44.015101611,10.122559,30,v6,88000000ffffffffffffa8dd9f4dc5b5
2858,44.026360672,11.259061,30,v6,88000000ffffffffffffa8dd9f4dc5b5
2859,44.036607992,10.247320,30,v6,88000000ffffffffffffa8dd9f4dc5b5
2860,44.046801011,10.193019,30,v6,88000000ffffffffffffa8dd9f4dc5b5
2861,44.057777813,10.976802,30,v6,88000000ffffffffffffa8dd9f4dc5b5
2862,44.067977003,10.199190,30,v6,88000000ffffffffffffa8dd9f4dc5b5
2863,44.078107449,10.130446,30,v6,88000000ffffffffffffa8dd9f4dc5b5
2864,44.089426567,11.319118,30,v6,88000000ffffffffffffa8dd9f4dc5b5
2865,44.100335625,10.909058,30,v6,88000000ffffffffffffa8dd9f4dc5b5
2866,44.110877393,10.541768,30,v6,88000000ffffffffffffa8dd9f4dc5b5
2867,44.121666287,10.788894,30,v6,88000000ffffffffffffa8dd9f4dc5b5
2868,44.132053869,10.387582,30,v6,88000000ffffffffffffa8dd9f4dc5b5
2869,44.141986999,9.933130,30,v6,88000000ffffffffffffa8dd9f4dc5b5
2870,44.152429018,10.442019,30,v6,88000000ffffffffffffa8dd9f4dc5b5
2871,44.163411524,10.982506,30,v6,88000000ffffffffffffa8dd9f4dc5b5
2872,44.173549544,10.138020,30,v6,88000000ffffffffffffa8dd9f4dc5b5
2873,44.183646619,10.097075,30,v6,88000000ffffffffffffa8dd9f4dc5b5
2874,44.194012644,10.366025,30,v6,88000000ffffffffffffa8dd9f4dc5b5
2875,44.205003711,10.991067,30,v6,88000000ffffffffffffa8dd9f4dc5b5
2876,44.216431698,11.427987,30,v6,88000000ffffffffffffa8dd9f4dc5b5
2877,44.227451394,11.019696,30,v6,88000000ffffffffffffa8dd9f4dc5b5
2878,44.237796709,10.345315,30,v6,88000000ffffffffffffa8dd9f4dc5b5
2879,44.247954693,10.157984,30,v6,88000000ffffffffffffa8dd9f4dc5b5
2880,44.258899287,10.944594,30,v6,88000000ffffffffffffa8dd9f4dc5b5
2881,44.269468505,10.569218,30,v6,88000000ffffffffffffa8dd9f4dc5b5
2882,44.279504635,10.036130,30,v6,88000000ffffffffffffa8dd9f4dc5b5
2883,44.289491192,9.986557,30,v6,88000000ffffffffffffa8dd9f4dc5b5
2884,44.300601792,11.110600,30,v6,88000000ffffffffffffa8dd9f4dc5b5
2885,44.310819185,10.217393,30,v6,88000000ffffffffffffa8dd9f4dc5b5
2886,44.320742547,9.923362,30,v6,88000000ffffffffffffa8dd9f4dc5b5
2887,44.332090661,11.348114,30,v6,88000000ffffffffffffa8dd9f4dc5b5
2888,44.342124146,10.033485,30,v6,88000000ffffffffffffa8dd9f4dc5b5
2889,44.353485553,11.361407,30,v6,88000000ffffffffffffa8dd9f4dc5b5
2890,44.364508342,11.022789,30,v6,88000000ffffffffffffa8dd9f4dc5b5
2891,44.374969216,10.460874,30,v6,88000000ffffffffffffa8dd9f4dc5b5
2892,44.384982112,10.012896,30,v6,88000000ffffffffffffa8dd9f4dc5b5
2893,44.396087742,11.105630,30,v6,88000000ffffffffffffa8dd9f4dc5b5
2894,44.406235118,10.147376,30,v6,88000000ffffffffffffa8dd9f4dc5b5
2895,44.416175941,9.940823,30,v6,88000000ffffffffffffa8dd9f4dc5b5
2896,44.426584271,10.408330,30,v6,88000000ffffffffffffa8dd9f4dc5b5
2897,44.437763767,11.179496,30,v6,88000000ffffffffffffa8dd9f4dc5b5
2898,44.447773312,10.009545,30,v6,88000000ffffffffffffa8dd9f4dc5b5
2899,44.458061587,10.288275,30,v6,88000000ffffffffffffa8dd9f4dc5b5
2900,44.470414416,12.352829,30,v6,88000000ffffffffffffa8dd9f4dc5b5
2901,44.480319000,9.904584,30,v6,88000000ffffffffffffa8dd9f4dc5b5
2902,44.490468951,10.149951,30,v6,88000000ffffffffffffa8dd9f4dc5b5
2903,44.501723848,11.254897,30,v6,88000000ffffffffffffa8dd9f4dc5b5
2904,44.511764308,10.040460,30,v6,88000000ffffffffffffa8dd9f4dc5b5
2905,44.521950409,10.186101,30,v6,88000000ffffffffffffa8dd9f4dc5b5
2906,44.533427814,11.477405,30,v6,88000000ffffffffffffa8dd9f4dc5b5
2907,44.543516973,10.089159,30,v6,88000000ffffffffffffa8dd9f4dc5b5
2908,44.553491059,9.974086,30,v6,88000000ffffffffffffa8dd9f4dc5b5
2909,44.563828091,10.337032,30,v6,88000000ffffffffffffa8dd9f4dc5b5
2910,44.575703795,11.875704,30,v6,88000000ffffffffffffa8dd9f4dc5b5
2911,44.586137851,10.434056,30,v6,88000000ffffffffffffa8dd9f4dc5b5
2912,44.596176858,10.039007,30,v6,88000000ffffffffffffa8dd9f4dc5b5
2913,44.606343536,10.166678,30,v6,88000000ffffffffffffa8dd9f4dc5b5
2914,44.617379760,11.036224,30,v6,88000000ffffffffffffa8dd9f4dc5b5
2915,44.627751634,10.371874,30,v6,88000000ffffffffffffa8dd9f4dc5b5
2916,44.637995055,10.243421,30,v6,88000000ffffffffffffa8dd9f4dc5b5
2917,44.649009428,11.014373,30,v6,88000000ffffffffffffa8dd9f4dc5b5
2918,44.659572245,10.562817,30,v6,88000000ffffffffffffa8dd9f4dc5b5
2919,44.670647153,11.074908,30,v6,88000000ffffffffffffa8dd9f4dc5b5
2920,44.681597990,10.950837,30,v6,88000000ffffffffffffa8dd9f4dc5b5
2921,44.691559084,9.961094,30,v6,88000000ffffffffffffa8dd9f4dc5b5
2922,44.701876062,10.316978,30,v6,88000000ffffffffffffa8dd9f4dc5b5
2923,44.713068660,11.192598,30,v6,88000000ffffffffffffa8dd9f4dc5b5
2924,44.723262323,10.193663,30,v6,88000000ffffffffffffa8dd9f4dc5b5
2925,44.733292883,10.030560,30,v6,88000000ffffffffffffa8dd9f4dc5b5
2926,44.744559136,11.266253,30,v6,88000000ffffffffffffa8dd9f4dc5b5
2927,44.754785235,10.226099,30,v6,88000000ffffffffffffa8dd9f4dc5b5
2928,44.764951547,10.166312,30,v6,88000000ffffffffffffa8dd9f4dc5b5
2929,44.776000996,11.049449,30,v6,88000000ffffffffffffa8dd9f4dc5b5
2930,44.786487609,10.486613,30,v6,88000000ffffffffffffa8dd9f4dc5b5
2931,44.797484485,10.996876,30,v6,88000000ffffffffffffa8dd9f4dc5b5
2932,44.807484204,9.999719,30,v6,88000000ffffffffffffa8dd9f4dc5b5
2933,44.817815766,10.331562,30,v6,88000000ffffffffffffa8dd9f4dc5b5
2934,44.828855058,11.039292,30,v6,88000000ffffffffffffa8dd9f4dc5b5
2935,44.838955811,10.100753,30,v6,88000000ffffffffffffa8dd9f4dc5b5
2936,44.850188836,11.233025,30,v6,88000000ffffffffffffa8dd9f4dc5b5
2937,44.860361862,10.173026,30,v6,88000000ffffffffffffa8dd9f4dc5b5
2938,44.870528965,10.167103,30,v6,88000000ffffffffffffa8dd9f4dc5b5
2939,44.881705760,11.176795,30,v6,88000000ffffffffffffa8dd9f4dc5b5
2940,44.891916467,10.210707,30,v6,88000000ffffffffffffa8dd9f4dc5b5
2941,44.903053438,11.136971,30,v6,88000000ffffffffffffa8dd9f4dc5b5
2942,44.913213707,10.160269,30,v6,88000000ffffffffffffa8dd9f4dc5b5
2943,44.924593982,11.380275,30,v6,88000000ffffffffffffa8dd9f4dc5b5
2944,44.934440920,9.846938,30,v6,88000000ffffffffffffa8dd9f4dc5b5
2945,44.945069243,10.628323,30,v6,88000000ffffffffffffa8dd9f4dc5b5
2946,44.954751625,9.682382,30,v6,88000000ffffffffffffa8dd9f4dc5b5
2947,44.965074896,10.323271,30,v6,88000000ffffffffffffa8dd9f4dc5b5
2948,44.976297355,11.222459,30,v6,88000000ffffffffffffa8dd9f4dc5b5
2949,44.986325150,10.027795,30,v6,88000000ffffffffffffa8dd9f4dc5b5
2950,44.998485537,12.160387,30,v6,88000000ffffffffffffa8dd9f4dc5b5
2951,45.008705826,10.220289,30,v6,88000000ffffffffffffa8dd9f4dc5b5
2952,45.018783591,10.077765,30,v6,88000000ffffffffffffa8dd9f4dc5b5
2953,45.030008625,11.225034,30,v6,88000000ffffffffffffa8dd9f4dc5b5
2954,45.040078293,10.069668,30,v6,88000000ffffffffffffa8dd9f4dc5b5
2955,45.050421731,10.343438,30,v6,88000000ffffffffffffa8dd9f4dc5b5
2956,45.061621192,11.199461,30,v6,88000000ffffffffffffa8dd9f4dc5b5
2957,45.071679391,10.058199,30,v6,88000000ffffffffffffa8dd9f4dc5b5
2958,45.081985133,10.305742,30,v6,88000000ffffffffffffa8dd9f4dc5b5
2959,45.092120204,10.135071,30,v6,88000000ffffffffffffa8dd9f4dc5b5
2960,45.103266057,11.145853,30,v6,88000000ffffffffffffa8dd9f4dc5b5
2961,45.113602435,10.336378,30,v6,88000000ffffffffffffa8dd9f4dc5b5
2962,45.123395827,9.793392,30,v6,88000000ffffffffffffa8dd9f4dc5b5
2963,45.135683638,12.287811,30,v6,88000000ffffffffffffa8dd9f4dc5b5
2964,45.145794644,10.111006,30,v6,88000000ffffffffffffa8dd9f4dc5b5
2965,45.155997622,10.202978,30,v6,88000000ffffffffffffa8dd9f4dc5b5
2966,45.167363395,11.365773,30,v6,88000000ffffffffffffa8dd9f4dc5b5
2967,45.177369942,10.006547,30,v6,88000000ffffffffffffa8dd9f4dc5b5
2968,45.187574283,10.204341,30,v6,88000000ffffffffffffa8dd9f4dc5b5
2969,45.197755806,10.181523,30,v6,88000000ffffffffffffa8dd9f4dc5b5
2970,45.208669768,10.913962,30,v6,88000000ffffffffffffa8dd9f4dc5b5
2971,45.218861956,10.192188,30,v6,88000000ffffffffffffa8dd9f4dc5b5
2972,45.230306645,11.444689,30,v6,88000000ffffffffffffa8dd9f4dc5b5
2973,45.241253813,10.947168,30,v6,88000000ffffffffffffa8dd9f4dc5b5
2974,45.251401816,10.148003,30,v6,88000000ffffffffffffa8dd9f4dc5b5
2975,45.261765142,10.363326,30,v6,88000000ffffffffffffa8dd9f4dc5b5
2976,45.272708668,10.943526,30,v6,88000000ffffffffffffa8dd9f4dc5b5
2977,45.283157893,10.449225,30,v6,88000000ffffffffffffa8dd9f4dc5b5
2978,45.293276614,10.118721,30,v6,88000000ffffffffffffa8dd9f4dc5b5
2979,45.303650495,10.373881,30,v6,88000000ffffffffffffa8dd9f4dc5b5
2980,45.313782255,10.131760,30,v6,88000000ffffffffffffa8dd9f4dc5b5
2981,45.324784952,11.002697,30,v6,88000000ffffffffffffa8dd9f4dc5b5
2982,45.334763202,9.978250,30,v6,88000000ffffffffffffa8dd9f4dc5b5
2983,45.347043652,12.280450,30,v6,88000000ffffffffffffa8dd9f4dc5b5
2984,45.357114313,10.070661,30,v6,88000000ffffffffffffa8dd9f4dc5b5
2985,45.367385332,10.271019,30,v6,88000000ffffffffffffa8dd9f4dc5b5
2986,45.377680308,10.294976,30,v6,88000000ffffffffffffa8dd9f4dc5b5
2987,45.387797412,10.117104,30,v6,88000000ffffffffffffa8dd9f4dc5b5
2988,45.398678872,10.881460,30,v6,88000000ffffffffffffa8dd9f4dc5b5
2989,45.408952182,10.273310,30,v6,88000000ffffffffffffa8dd9f4dc5b5
2990,45.419146329,10.194147,30,v6,88000000ffffffffffffa8dd9f4dc5b5
2991,45.770986659,351.840330,30,v6,88000000ffffffffffffa8dd9f4dc5b5
2992,45.782055141,11.068482,30,v6,88000000ffffffffffffa8dd9f4dc5b5
2993,45.792203101,10.147960,30,v6,88000000ffffffffffffa8dd9f4dc5b5
2994,45.802558719,10.355618,30,v6,88000000ffffffffffffa8dd9f4dc5b5
2995,45.812375174,9.816455,30,v6,88000000ffffffffffffa8dd9f4dc5b5
2996,45.823348914,10.973740,30,v6,88000000ffffffffffffa8dd9f4dc5b5
2997,45.834728433,11.379519,30,v6,88000000ffffffffffffa8dd9f4dc5b5
2998,45.845834881,11.106448,30,v6,88000000ffffffffffffa8dd9f4dc5b5
2999,45.855006517,9.171636,30,v6,88000000ffffffffffffa8dd9f4dc5b5
3000,45.866351360,11.344843,30,v6,88000000ffffffffffffa8dd9f4dc5b5
3001,45.876272663,9.921303,30,v6,88000000ffffffffffffa8dd9f4dc5b5
3002,45.886792302,10.519639,30,v6,88000000ffffffffffffa8dd9f4dc5b5
3003,45.897795447,11.003145,30,v6,88000000ffffffffffffa8dd9f4dc5b5
3004,45.906840620,9.045173,30,v6,88000000ffffffffffffa8dd9f4dc5b5
3005,45.917935027,11.094407,30,v6,88000000ffffffffffffa8dd9f4dc5b5
3006,45.928300270,10.365243,30,v6,88000000ffffffffffffa8dd9f4dc5b5
3007,45.938376919,10.076649,30,v6,88000000ffffffffffffa8dd9f4dc5b5
3008,45.950625338,12.248419,30,v6,88000000ffffffffffffa8dd9f4dc5b5
3009,45.960555038,9.929700,30,v6,88000000ffffffffffffa8dd9f4dc5b5
3010,45.970806266,10.251228,30,v6,88000000ffffffffffffa8dd9f4dc5b5
3011,45.980916044,10.109778,30,v6,88000000ffffffffffffa8dd9f4dc5b5
3012,45.991235246,10.319202,30,v6,88000000ffffffffffffa8dd9f4dc5b5
3013,46.002616309,11.381063,30,v6,88000000ffffffffffffa8dd9f4dc5b5
3014,46.012427126,9.810817,30,v6,88000000ffffffffffffa8dd9f4dc5b5
3015,46.022792168,10.365042,30,v6,88000000ffffffffffffa8dd9f4dc5b5
3016,46.032853101,10.060933,30,v6,88000000ffffffffffffa8dd9f4dc5b5
3017,46.042920424,10.067323,30,v6,88000000ffffffffffffa8dd9f4dc5b5
3018,46.053176649,10.256225,30,v6,88000000ffffffffffffa8dd9f4dc5b5
3019,46.065250092,12.073443,30,v6,88000000ffffffffffffa8dd9f4dc5b5
3020,46.075490250,10.240158,30,v6,88000000ffffffffffffa8dd9f4dc5b5
3021,46.085713330,10.223080,30,v6,88000000ffffffffffffa8dd9f4dc5b5
3022,46.096951384,11.238054,30,v6,88000000ffffffffffffa8dd9f4dc5b5
3023,46.106994917,10.043533,30,v6,88000000ffffffffffffa8dd9f4dc5b5
3024,46.117397398,10.402481,30,v6,88000000ffffffffffffa8dd9f4dc5b5
3025,46.127397128,9.999730,30,v6,88000000ffffffffffffa8dd9f4dc5b5
3026,46.137684586,10.287458,30,v6,88000000ffffffffffffa8dd9f4dc5b5
3027,46.148925194,11.240608,30,v6,88000000ffffffffffffa8dd9f4dc5b5
3028,46.158666295,9.741101,30,v6,88000000ffffffffffffa8dd9f4dc5b5
3029,46.169033513,10.367218,30,v6,88000000ffffffffffffa8dd9f4dc5b5
3030,46.179178259,10.144746,30,v6,88000000ffffffffffffa8dd9f4dc5b5
3031,46.190303096,11.124837,30,v6,88000000ffffffffffffa8dd9f4dc5b5
3032,46.200571919,10.268823,30,v6,88000000ffffffffffffa8dd9f4dc5b5
3033,46.210678391,10.106472,30,v6,88000000ffffffffffffa8dd9f4dc5b5
3034,46.220973951,10.295560,30,v6,88000000ffffffffffffa8dd9f4dc5b5
3035,46.232832728,11.858777,30,v6,88000000ffffffffffffa8dd9f4dc5b5
3036,46.243101954,10.269226,30,v6,88000000ffffffffffffa8dd9f4dc5b5
3037,46.253419817,10.317863,30,v6,88000000ffffffffffffa8dd9f4dc5b5
3038,46.263665235,10.245418,30,v6,88000000ffffffffffffa8dd9f4dc5b5
3039,46.274651035,10.985800,30,v6,88000000ffffffffffffa8dd9f4dc5b5
3040,46.284700232,10.049197,30,v6,88000000ffffffffffffa8dd9f4dc5b5
3041,46.295053569,10.353337,30,v6,88000000ffffffffffffa8dd9f4dc5b5
3042,46.305162956,10.109387,30,v6,88000000ffffffffffffa8dd9f4dc5b5
3043,46.315574347,10.411391,30,v6,88000000ffffffffffffa8dd9f4dc5b5
3044,46.325406658,9.832311,30,v6,88000000ffffffffffffa8dd9f4dc5b5
3045,46.337866952,12.460294,30,v6,88000000ffffffffffffa8dd9f4dc5b5
3046,46.347784263,9.917311,30,v6,88000000ffffffffffffa8dd9f4dc5b5
3047,46.357730352,9.946089,30,v6,88000000ffffffffffffa8dd9f4dc5b5
3048,46.368282778,10.552426,30,v6,88000000ffffffffffffa8dd9f4dc5b5
3049,46.378433267,10.150489,30,v6,88000000ffffffffffffa8dd9f4dc5b5
3050,46.388436598,10.003331,30,v6,88000000ffffffffffffa8dd9f4dc5b5
3051,46.399818822,11.382224,30,v6,88000000ffffffffffffa8dd9f4dc5b5
3052,46.409744241,9.925419,30,v6,88000000ffffffffffffa8dd9f4dc5b5
3053,46.420024743,10.280502,30,v6,88000000ffffffffffffa8dd9f4dc5b5
3054,46.431174673,11.149930,30,v6,88000000ffffffffffffa8dd9f4dc5b5
3055,46.441147236,9.972563,30,v6,88000000ffffffffffffa8dd9f4dc5b5
3056,46.452487002,11.339766,30,v6,88000000ffffffffffffa8dd9f4dc5b5
3057,46.462512262,10.025260,30,v6,88000000ffffffffffffa8dd9f4dc5b5
3058,46.472835465,10.323203,30,v6,88000000ffffffffffffa8dd9f4dc5b5
3059,46.483838925,11.003460,30,v6,88000000ffffffffffffa8dd9f4dc5b5
3060,46.494321977,10.483052,30,v6,88000000ffffffffffffa8dd9f4dc5b5
3061,46.504591881,10.269904,30,v6,88000000ffffffffffffa8dd9f4dc5b5
3062,46.515546918,10.955037,30,v6,88000000ffffffffffffa8dd9f4dc5b5
3063,46.524714583,9.167665,30,v6,88000000ffffffffffffa8dd9f4dc5b5
3064,46.535659568,10.944985,30,v6,88000000ffffffffffffa8dd9f4dc5b5
3065,46.545957672,10.298104,30,v6,88000000ffffffffffffa8dd9f4dc5b5
3066,46.557139501,11.181829,30,v6,88000000ffffffffffffa8dd9f4dc5b5
3067,46.568243121,11.103620,30,v6,88000000ffffffffffffa8dd9f4dc5b5
3068,46.577654659,9.411538,30,v6,88000000ffffffffffffa8dd9f4dc5b5
3069,46.588897411,11.242752,30,v6,88000000ffffffffffffa8dd9f4dc5b5
3070,46.598696824,9.799413,30,v6,88000000ffffffffffffa8dd9f4dc5b5
3071,46.609007828,10.311004,30,v6,88000000ffffffffffffa8dd9f4dc5b5
3072,46.620188770,11.180942,30,v6,88000000ffffffffffffa8dd9f4dc5b5
3073,46.630219800,10.031030,30,v6,88000000ffffffffffffa8dd9f4dc5b5
3074,46.640622564,10.402764,30,v6,88000000ffffffffffffa8dd9f4dc5b5
3075,46.650739025,10.116461,30,v6,88000000ffffffffffffa8dd9f4dc5b5
3076,46.661659708,10.920683,30,v6,88000000ffffffffffffa8dd9f4dc5b5
3077,46.671882182,10.222474,30,v6,88000000ffffffffffffa8dd9f4dc5b5
3078,46.683082372,11.200190,30,v6,88000000ffffffffffffa8dd9f4dc5b5
3079,46.693259928,10.177556,30,v6,88000000ffffffffffffa8dd9f4dc5b5
3080,46.704623130,11.363202,30,v6,88000000ffffffffffffa8dd9f4dc5b5
3081,46.714553930,9.930800,30,v6,88000000ffffffffffffa8dd9f4dc5b5
3082,46.724660094,10.106164,30,v6,88000000ffffffffffffa8dd9f4dc5b5
3083,46.735853443,11.193349,30,v6,88000000ffffffffffffa8dd9f4dc5b5
3084,46.746067374,10.213931,30,v6,88000000ffffffffffffa8dd9f4dc5b5
3085,46.756503124,10.435750,30,v6,88000000ffffffffffffa8dd9f4dc5b5
3086,46.766341361,9.838237,30,v6,88000000ffffffffffffa8dd9f4dc5b5
3087,46.777572151,11.230790,30,v6,88000000ffffffffffffa8dd9f4dc5b5
3088,46.787827487,10.255336,30,v6,88000000ffffffffffffa8dd9f4dc5b5
3089,46.799013536,11.186049,30,v6,88000000ffffffffffffa8dd9f4dc5b5
3090,46.808957952,9.944416,30,v6,88000000ffffffffffffa8dd9f4dc5b5
3091,46.819254951,10.296999,30,v6,88000000ffffffffffffa8dd9f4dc5b5
3092,46.829354312,10.099361,30,v6,88000000ffffffffffffa8dd9f4dc5b5
3093,46.839570945,10.216633,30,v6,88000000ffffffffffffa8dd9f4dc5b5
3094,46.850771807,11.200862,30,v6,88000000ffffffffffffa8dd9f4dc5b5
3095,46.860642583,9.870776,30,v6,88000000ffffffffffffa8dd9f4dc5b5
3096,46.870958550,10.315967,30,v6,88000000ffffffffffffa8dd9f4dc5b5
3097,46.881159317,10.200767,30,v6,88000000ffffffffffffa8dd9f4dc5b5
3098,46.891273443,10.114126,30,v6,88000000ffffffffffffa8dd9f4dc5b5
3099,46.903483552,12.210109,30,v6,88000000ffffffffffffa8dd9f4dc5b5
3100,46.913553965,10.070413,30,v6,88000000ffffffffffffa8dd9f4dc5b5
3101,46.923883831,10.329866,30,v6,88000000ffffffffffffa8dd9f4dc5b5
3102,46.933951670,10.067839,30,v6,88000000ffffffffffffa8dd9f4dc5b5
3103,46.944137142,10.185472,30,v6,88000000ffffffffffffa8dd9f4dc5b5
3104,46.955678646,11.541504,30,v6,88000000ffffffffffffa8dd9f4dc5b5
3105,46.965529476,9.850830,30,v6,88000000ffffffffffffa8dd9f4dc5b5
3106,46.975633909,10.104433,30,v6,88000000ffffffffffffa8dd9f4dc5b5
3107,46.986982078,11.348169,30,v6,88000000ffffffffffffa8dd9f4dc5b5
3108,46.995998341,9.016263,30,v6,88000000ffffffffffffa8dd9f4dc5b5
3109,47.007023383,11.025042,30,v6,88000000ffffffffffffa8dd9f4dc5b5
3110,47.018292129,11.268746,30,v6,88000000ffffffffffffa8dd9f4dc5b5
3111,47.028642459,10.350330,30,v6,88000000ffffffffffffa8dd9f4dc5b5
3112,47.039763546,11.121087,30,v6,88000000ffffffffffffa8dd9f4dc5b5
3113,47.049761538,9.997992,30,v6,88000000ffffffffffffa8dd9f4dc5b5
3114,47.060208571,10.447033,30,v6,88000000ffffffffffffa8dd9f4dc5b5
3115,47.070245577,10.037006,30,v6,88000000ffffffffffffa8dd9f4dc5b5
3116,47.081495217,11.249640,30,v6,88000000ffffffffffffa8dd9f4dc5b5
3117,47.091569434,10.074217,30,v6,88000000ffffffffffffa8dd9f4dc5b5
3118,47.101711051,10.141617,30,v6,88000000ffffffffffffa8dd9f4dc5b5
3119,47.111829495,10.118444,30,v6,88000000ffffffffffffa8dd9f4dc5b5
3120,47.122049526,10.220031,30,v6,88000000ffffffffffffa8dd9f4dc5b5
3121,47.133252195,11.202669,30,v6,88000000ffffffffffffa8dd9f4dc5b5
3122,47.144620666,11.368471,30,v6,88000000ffffffffffffa8dd9f4dc5b5
3123,47.154674188,10.053522,30,v6,88000000ffffffffffffa8dd9f4dc5b5
3124,47.165747581,11.073393,30,v6,88000000ffffffffffffa8dd9f4dc5b5
3125,47.175756125,10.008544,30,v6,88000000ffffffffffffa8dd9f4dc5b5
3126,47.185776894,10.020769,30,v6,88000000ffffffffffffa8dd9f4dc5b5
3127,47.196442053,10.665159,30,v6,88000000ffffffffffffa8dd9f4dc5b5
3128,47.206498467,10.056414,30,v6,88000000ffffffffffffa8dd9f4dc5b5
3129,47.216590813,10.092346,30,v6,88000000ffffffffffffa8dd9f4dc5b5
3130,47.227819214,11.228401,30,v6,88000000ffffffffffffa8dd9f4dc5b5
3131,47.237679608,9.860394,30,v6,88000000ffffffffffffa8dd9f4dc5b5
3132,47.248990451,11.310843,30,v6,88000000ffffffffffffa8dd9f4dc5b5
3133,47.259147748,10.157297,30,v6,88000000ffffffffffffa8dd9f4dc5b5
3134,47.269474261,10.326513,30,v6,88000000ffffffffffffa8dd9f4dc5b5
3135,47.279662089,10.187828,30,v6,88000000ffffffffffffa8dd9f4dc5b5
3136,47.290673215,11.011126,30,v6,88000000ffffffffffffa8dd9f4dc5b5
3137,47.300778120,10.104905,30,v6,88000000ffffffffffffa8dd9f4dc5b5
3138,47.311068761,10.290641,30,v6,88000000ffffffffffffa8dd9f4dc5b5
3139,47.322356363,11.287602,30,v6,88000000ffffffffffffa8dd9f4dc5b5
3140,47.332448213,10.091850,30,v6,88000000ffffffffffffa8dd9f4dc5b5
3141,47.342378983,9.930770,30,v6,88000000ffffffffffffa8dd9f4dc5b5
3142,47.352657703,10.278720,30,v6,88000000ffffffffffffa8dd9f4dc5b5
3143,47.363888631,11.230928,30,v6,88000000ffffffffffffa8dd9f4dc5b5
3144,47.375004701,11.116070,30,v6,88000000ffffffffffffa8dd9f4dc5b5
3145,47.384194159,9.189458,30,v6,88000000ffffffffffffa8dd9f4dc5b5
3146,47.395310782,11.116623,30,v6,88000000ffffffffffffa8dd9f4dc5b5
3147,47.405409420,10.098638,30,v6,88000000ffffffffffffa8dd9f4dc5b5
3148,47.415786743,10.377323,30,v6,88000000ffffffffffffa8dd9f4dc5b5
3149,47.425692591,9.905848,30,v6,88000000ffffffffffffa8dd9f4dc5b5
3150,47.436976608,11.284017,30,v6,88000000ffffffffffffa8dd9f4dc5b5
3151,47.447095921,10.119313,30,v6,88000000ffffffffffffa8dd9f4dc5b5
3152,47.457170076,10.074155,30,v6,88000000ffffffffffffa8dd9f4dc5b5
3153,47.467599918,10.429842,30,v6,88000000ffffffffffffa8dd9f4dc5b5
3154,47.478700736,11.100818,30,v6,88000000ffffffffffffa8dd9f4dc5b5
3155,47.488906979,10.206243,30,v6,88000000ffffffffffffa8dd9f4dc5b5
3156,47.499846248,10.939269,30,v6,88000000ffffffffffffa8dd9f4dc5b5
3157,47.509949056,10.102808,30,v6,88000000ffffffffffffa8dd9f4dc5b5
3158,47.520353186,10.404130,30,v6,88000000ffffffffffffa8dd9f4dc5b5
3159,47.531356250,11.003064,30,v6,88000000ffffffffffffa8dd9f4dc5b5
3160,47.541457884,10.101634,30,v6,88000000ffffffffffffa8dd9f4dc5b5
3161,47.551754979,10.297095,30,v6,88000000ffffffffffffa8dd9f4dc5b5
3162,47.562142678,10.387699,30,v6,88000000ffffffffffffa8dd9f4dc5b5
3163,47.572208638,10.065960,30,v6,88000000ffffffffffffa8dd9f4dc5b5
3164,47.583153436,10.944798,30,v6,88000000ffffffffffffa8dd9f4dc5b5
3165,47.593493076,10.339640,30,v6,88000000ffffffffffffa8dd9f4dc5b5
3166,47.604757722,11.264646,30,v6,88000000ffffffffffffa8dd9f4dc5b5
3167,47.614520082,9.762360,30,v6,88000000ffffffffffffa8dd9f4dc5b5
3168,47.624756684,10.236602,30,v6,88000000ffffffffffffa8dd9f4dc5b5
3169,47.635048795,10.292111,30,v6,88000000ffffffffffffa8dd9f4dc5b5
3170,47.645172867,10.124072,30,v6,88000000ffffffffffffa8dd9f4dc5b5
3171,47.656373341,11.200474,30,v6,88000000ffffffffffffa8dd9f4dc5b5
3172,47.666496720,10.123379,30,v6,88000000ffffffffffffa8dd9f4dc5b5
3173,47.676756556,10.259836,30,v6,88000000ffffffffffffa8dd9f4dc5b5
3174,47.688005693,11.249137,30,v6,88000000ffffffffffffa8dd9f4dc5b5
3175,47.698002820,9.997127,30,v6,88000000ffffffffffffa8dd9f4dc5b5
3176,47.709372027,11.369207,30,v6,88000000ffffffffffffa8dd9f4dc5b5
3177,47.719310773,9.938746,30,v6,88000000ffffffffffffa8dd9f4dc5b5
3178,47.729775484,10.464711,30,v6,88000000ffffffffffffa8dd9f4dc5b5
3179,47.739648201,9.872717,30,v6,88000000ffffffffffffa8dd9f4dc5b5
3180,47.750777770,11.129569,30,v6,88000000ffffffffffffa8dd9f4dc5b5
3181,47.760983312,10.205542,30,v6,88000000ffffffffffffa8dd9f4dc5b5
3182,47.770959551,9.976239,30,v6,88000000ffffffffffffa8dd9f4dc5b5
3183,47.781497369,10.537818,30,v6,88000000ffffffffffffa8dd9f4dc5b5
3184,47.791463506,9.966137,30,v6,88000000ffffffffffffa8dd9f4dc5b5
3185,47.802533484,11.069978,30,v6,88000000ffffffffffffa8dd9f4dc5b5
3186,47.813874898,11.341414,30,v6,88000000ffffffffffffa8dd9f4dc5b5
3187,47.823900686,10.025788,30,v6,88000000ffffffffffffa8dd9f4dc5b5
3188,47.834258569,10.357883,30,v6,88000000ffffffffffffa8dd9f4dc5b5
3189,47.844454391,10.195822,30,v6,88000000ffffffffffffa8dd9f4dc5b5
3190,47.855540017,11.085626,30,v6,88000000ffffffffffffa8dd9f4dc5b5
3191,47.866042701,10.502684,30,v6,88000000ffffffffffffa8dd9f4dc5b5
3192,47.875776155,9.733454,30,v6,88000000ffffffffffffa8dd9f4dc5b5
3193,47.885942293,10.166138,30,v6,88000000ffffffffffffa8dd9f4dc5b5
3194,47.896238761,10.296468,30,v6,88000000ffffffffffffa8dd9f4dc5b5
3195,47.907360488,11.121727,30,v6,88000000ffffffffffffa8dd9f4dc5b5
3196,47.917748871,10.388383,30,v6,88000000ffffffffffffa8dd9f4dc5b5
3197,47.928865161,11.116290,30,v6,88000000ffffffffffffa8dd9f4dc5b5
3198,47.938804140,9.938979,30,v6,88000000ffffffffffffa8dd9f4dc5b5
3199,47.949903480,11.099340,30,v6,88000000ffffffffffffa8dd9f4dc5b5
3200,47.960083975,10.180495,30,v6,88000000ffffffffffffa8dd9f4dc5b5
3201,47.970464811,10.380836,30,v6,88000000ffffffffffffa8dd9f4dc5b5
3202,47.980575657,10.110846,30,v6,88000000ffffffffffffa8dd9f4dc5b5
3203,47.990771775,10.196118,30,v6,88000000ffffffffffffa8dd9f4dc5b5
3204,48.001095150,10.323375,30,v6,88000000ffffffffffffa8dd9f4dc5b5
3205,48.012020700,10.925550,30,v6,88000000ffffffffffffa8dd9f4dc5b5
3206,48.022035328,10.014628,30,v6,88000000ffffffffffffa8dd9f4dc5b5
3207,48.032585179,10.549851,30,v6,88000000ffffffffffffa8dd9f4dc5b5
3208,48.043573960,10.988781,30,v6,88000000ffffffffffffa8dd9f4dc5b5
3209,48.054754329,11.180369,30,v6,88000000ffffffffffffa8dd9f4dc5b5
3210,48.064850779,10.096450,30,v6,88000000ffffffffffffa8dd9f4dc5b5
3211,48.074840862,9.990083,30,v6,88000000ffffffffffffa8dd9f4dc5b5
3212,48.085225232,10.384370,30,v6,88000000ffffffffffffa8dd9f4dc5b5
3213,48.095249469,10.024237,30,v6,88000000ffffffffffffa8dd9f4dc5b5
3214,48.106498795,11.249326,30,v6,88000000ffffffffffffa8dd9f4dc5b5
3215,48.116491513,9.992718,30,v6,88000000ffffffffffffa8dd9f4dc5b5
3216,48.126705834,10.214321,30,v6,88000000ffffffffffffa8dd9f4dc5b5
3217,48.137030156,10.324322,30,v6,88000000ffffffffffffa8dd9f4dc5b5
3218,48.147128410,10.098254,30,v6,88000000ffffffffffffa8dd9f4dc5b5
3219,48.158426397,11.297987,30,v6,88000000ffffffffffffa8dd9f4dc5b5
3220,48.169345645,10.919248,30,v6,88000000ffffffffffffa8dd9f4dc5b5
3221,48.179700459,10.354814,30,v6,88000000ffffffffffffa8dd9f4dc5b5
3222,48.189806813,10.106354,30,v6,88000000ffffffffffffa8dd9f4dc5b5
3223,48.200983030,11.176217,30,v6,88000000ffffffffffffa8dd9f4dc5b5
3224,48.211139071,10.156041,30,v6,88000000ffffffffffffa8dd9f4dc5b5
3225,48.221247684,10.108613,30,v6,88000000ffffffffffffa8dd9f4dc5b5
3226,48.231559113,10.311429,30,v6,88000000ffffffffffffa8dd9f4dc5b5
3227,48.241600275,10.041162,30,v6,88000000ffffffffffffa8dd9f4dc5b5
3228,48.252783487,11.183212,30,v6,88000000ffffffffffffa8dd9f4dc5b5
3229,48.263028115,10.244628,30,v6,88000000ffffffffffffa8dd9f4dc5b5
3230,48.274110466,11.082351,30,v6,88000000ffffffffffffa8dd9f4dc5b5
3231,48.284295807,10.185341,30,v6,88000000ffffffffffffa8dd9f4dc5b5
3232,48.294439311,10.143504,30,v6,88000000ffffffffffffa8dd9f4dc5b5
3233,48.305860548,11.421237,30,v6,88000000ffffffffffffa8dd9f4dc5b5
3234,48.315821193,9.960645,30,v6,88000000ffffffffffffa8dd9f4dc5b5
3235,48.325847346,10.026153,30,v6,88000000ffffffffffffa8dd9f4dc5b5
3236,48.336064453,10.217107,30,v6,88000000ffffffffffffa8dd9f4dc5b5
3237,48.347705530,11.641077,30,v6,88000000ffffffffffffa8dd9f4dc5b5
3238,48.356437443,8.731913,30,v6,88000000ffffffffffffa8dd9f4dc5b5
3239,48.367633979,11.196536,30,v6,88000000ffffffffffffa8dd9f4dc5b5
3240,48.377878711,10.244732,30,v6,88000000ffffffffffffa8dd9f4dc5b5
3241,48.388944172,11.065461,30,v6,88000000ffffffffffffa8dd9f4dc5b5
3242,48.399102694,10.158522,30,v6,88000000ffffffffffffa8dd9f4dc5b5
3243,48.409140621,10.037927,30,v6,88000000ffffffffffffa8dd9f4dc5b5
3244,48.420303275,11.162654,30,v6,88000000ffffffffffffa8dd9f4dc5b5
3245,48.430577349,10.274074,30,v6,88000000ffffffffffffa8dd9f4dc5b5
3246,48.440608591,10.031242,30,v6,88000000ffffffffffffa8dd9f4dc5b5
3247,48.450808337,10.199746,30,v6,88000000ffffffffffffa8dd9f4dc5b5
3248,48.461035294,10.226957,30,v6,88000000ffffffffffffa8dd9f4dc5b5
3249,48.472095380,11.060086,30,v6,88000000ffffffffffffa8dd9f4dc5b5
3250,48.482254218,10.158838,30,v6,88000000ffffffffffffa8dd9f4dc5b5
3251,48.493530931,11.276713,30,v6,88000000ffffffffffffa8dd9f4dc5b5
3252,48.504707799,11.176868,30,v6,88000000ffffffffffffa8dd9f4dc5b5
3253,48.513756778,9.048979,30,v6,88000000ffffffffffffa8dd9f4dc5b5
3254,48.525117103,11.360325,30,v6,88000000ffffffffffffa8dd9f4dc5b5
3255,48.535350127,10.233024,30,v6,88000000ffffffffffffa8dd9f4dc5b5
3256,48.545448653,10.098526,30,v6,88000000ffffffffffffa8dd9f4dc5b5
3257,48.556538099,11.089446,30,v6,88000000ffffffffffffa8dd9f4dc5b5
3258,48.566732376,10.194277,30,v6,88000000ffffffffffffa8dd9f4dc5b5
3259,48.578005212,11.272836,30,v6,88000000ffffffffffffa8dd9f4dc5b5
3260,48.588183158,10.177946,30,v6,88000000ffffffffffffa8dd9f4dc5b5
3261,48.598414385,10.231227,30,v6,88000000ffffffffffffa8dd9f4dc5b5
3262,48.608384343,9.969958,30,v6,88000000ffffffffffffa8dd9f4dc5b5
3263,48.619835971,11.451628,30,v6,88000000ffffffffffffa8dd9f4dc5b5
3264,48.630007900,10.171929,30,v6,88000000ffffffffffffa8dd9f4dc5b5
3265,48.639909976,9.902076,30,v6,88000000ffffffffffffa8dd9f4dc5b5
3266,48.650304846,10.394870,30,v6,88000000ffffffffffffa8dd9f4dc5b5
3267,48.661231080,10.926234,30,v6,88000000ffffffffffffa8dd9f4dc5b5
3268,48.671592794,10.361714,30,v6,88000000ffffffffffffa8dd9f4dc5b5
3269,48.682415173,10.822379,30,v6,88000000ffffffffffffa8dd9f4dc5b5
3270,48.692816656,10.401483,30,v6,88000000ffffffffffffa8dd9f4dc5b5
3271,48.703917963,11.101307,30,v6,88000000ffffffffffffa8dd9f4dc5b5
3272,48.713046664,9.128701,30,v6,88000000ffffffffffffa8dd9f4dc5b5
3273,48.724261320,11.214656,30,v6,88000000ffffffffffffa8dd9f4dc5b5
3274,48.734260840,9.999520,30,v6,88000000ffffffffffffa8dd9f4dc5b5
3275,48.744914646,10.653806,30,v6,88000000ffffffffffffa8dd9f4dc5b5
3276,48.754881309,9.966663,30,v6,88000000ffffffffffffa8dd9f4dc5b5
3277,48.764778802,9.897493,30,v6,88000000ffffffffffffa8dd9f4dc5b5
3278,48.776024508,11.245706,30,v6,88000000ffffffffffffa8dd9f4dc5b5
3279,48.787208435,11.183927,30,v6,88000000ffffffffffffa8dd9f4dc5b5
3280,48.797413769,10.205334,30,v6,88000000ffffffffffffa8dd9f4dc5b5
3281,48.808591905,11.178136,30,v6,88000000ffffffffffffa8dd9f4dc5b5
3282,48.818678647,10.086742,30,v6,88000000ffffffffffffa8dd9f4dc5b5
3283,48.828709485,10.030838,30,v6,88000000ffffffffffffa8dd9f4dc5b5
3284,48.838844124,10.134639,30,v6,88000000ffffffffffffa8dd9f4dc5b5
3285,48.849140222,10.296098,30,v6,88000000ffffffffffffa8dd9f4dc5b5
3286,48.859460950,10.320728,30,v6,88000000ffffffffffffa8dd9f4dc5b5
3287,48.869506425,10.045475,30,v6,88000000ffffffffffffa8dd9f4dc5b5
3288,48.880675838,11.169413,30,v6,88000000ffffffffffffa8dd9f4dc5b5
3289,48.890660076,9.984238,30,v6,88000000ffffffffffffa8dd9f4dc5b5
3290,48.900940182,10.280106,30,v6,88000000ffffffffffffa8dd9f4dc5b5
3291,48.913216187,12.276005,30,v6,88000000ffffffffffffa8dd9f4dc5b5
3292,48.923376995,10.160808,30,v6,88000000ffffffffffffa8dd9f4dc5b5
3293,48.933373128,9.996133,30,v6,88000000ffffffffffffa8dd9f4dc5b5
3294,48.943582468,10.209340,30,v6,88000000ffffffffffffa8dd9f4dc5b5
3295,48.953774428,10.191960,30,v6,88000000ffffffffffffa8dd9f4dc5b5
3296,48.964010997,10.236569,30,v6,88000000ffffffffffffa8dd9f4dc5b5
3297,48.974087013,10.076016,30,v6,88000000ffffffffffffa8dd9f4dc5b5
3298,48.985478935,11.391922,30,v6,88000000ffffffffffffa8dd9f4dc5b5
3299,48.995477665,9.998730,30,v6,88000000ffffffffffffa8dd9f4dc5b5
3300,49.006606628,11.128963,30,v6,88000000ffffffffffffa8dd9f4dc5b5
3301,49.017014191,10.407563,30,v6,88000000ffffffffffffa8dd9f4dc5b5
3302,49.027853957,10.839766,30,v6,88000000ffffffffffffa8dd9f4dc5b5
3303,49.038335585,10.481628,30,v6,88000000ffffffffffffa8dd9f4dc5b5
3304,49.048341620,10.006035,30,v6,88000000ffffffffffffa8dd9f4dc5b5
3305,49.058543654,10.202034,30,v6,88000000ffffffffffffa8dd9f4dc5b5
3306,49.069698947,11.155293,30,v6,88000000ffffffffffffa8dd9f4dc5b5
3307,49.079874017,10.175070,30,v6,88000000ffffffffffffa8dd9f4dc5b5
3308,49.089885775,10.011758,30,v6,88000000ffffffffffffa8dd9f4dc5b5
3309,49.100286674,10.400899,30,v6,88000000ffffffffffffa8dd9f4dc5b5
3310,49.110328879,10.042205,30,v6,88000000ffffffffffffa8dd9f4dc5b5
3311,49.120549302,10.220423,30,v6,88000000ffffffffffffa8dd9f4dc5b5
3312,49.132843958,12.294656,30,v6,88000000ffffffffffffa8dd9f4dc5b5
3313,49.142705076,9.861118,30,v6,88000000ffffffffffffa8dd9f4dc5b5
3314,49.152946038,10.240962,30,v6,88000000ffffffffffffa8dd9f4dc5b5
3315,49.163214980,10.268942,30,v6,88000000ffffffffffffa8dd9f4dc5b5
3316,49.174571003,11.356023,30,v6,88000000ffffffffffffa8dd9f4dc5b5
3317,49.184742350,10.171347,30,v6,88000000ffffffffffffa8dd9f4dc5b5
3318,49.194596081,9.853731,30,v6,88000000ffffffffffffa8dd9f4dc5b5
3319,49.204898209,10.302128,30,v6,88000000ffffffffffffa8dd9f4dc5b5
3320,49.215076893,10.178684,30,v6,88000000ffffffffffffa8dd9f4dc5b5
3321,49.225067876,9.990983,30,v6,88000000ffffffffffffa8dd9f4dc5b5
3322,49.236261302,11.193426,30,v6,88000000ffffffffffffa8dd9f4dc5b5
3323,49.246378809,10.117507,30,v6,88000000ffffffffffffa8dd9f4dc5b5
3324,49.256450076,10.071267,30,v6,88000000ffffffffffffa8dd9f4dc5b5
3325,49.268846520,12.396444,30,v6,88000000ffffffffffffa8dd9f4dc5b5
3326,49.278788079,9.941559,30,v6,88000000ffffffffffffa8dd9f4dc5b5
3327,49.289154094,10.366015,30,v6,88000000ffffffffffffa8dd9f4dc5b5
3328,49.299496516,10.342422,30,v6,88000000ffffffffffffa8dd9f4dc5b5
3329,49.309560611,10.064095,30,v6,88000000ffffffffffffa8dd9f4dc5b5
3330,49.319970378,10.409767,30,v6,88000000ffffffffffffa8dd9f4dc5b5
3331,49.330957287,10.986909,30,v6,88000000ffffffffffffa8dd9f4dc5b5
3332,49.340949089,9.991802,30,v6,88000000ffffffffffffa8dd9f4dc5b5
3333,49.351192135,10.243046,30,v6,88000000ffffffffffffa8dd9f4dc5b5
3334,49.362393454,11.201319,30,v6,88000000ffffffffffffa8dd9f4dc5b5
3335,49.372458897,10.065443,30,v6,88000000ffffffffffffa8dd9f4dc5b5
3336,49.383605386,11.146489,30,v6,88000000ffffffffffffa8dd9f4dc5b5
3337,49.393859614,10.254228,30,v6,88000000ffffffffffffa8dd9f4dc5b5
3338,49.403959239,10.099625,30,v6,88000000ffffffffffffa8dd9f4dc5b5
3339,49.414047677,10.088438,30,v6,88000000ffffffffffffa8dd9f4dc5b5
3340,49.424263081,10.215404,30,v6,88000000ffffffffffffa8dd9f4dc5b5
3341,49.434505951,10.242870,30,v6,88000000ffffffffffffa8dd9f4dc5b5
3342,49.445428205,10.922254,30,v6,88000000ffffffffffffa8dd9f4dc5b5
3343,49.455708025,10.279820,30,v6,88000000ffffffffffffa8dd9f4dc5b5
3344,49.466031681,10.323656,30,v6,88000000ffffffffffffa8dd9f4dc5b5
3345,49.477062613,11.030932,30,v6,88000000ffffffffffffa8dd9f4dc5b5
3346,49.488273555,11.210942,30,v6,88000000ffffffffffffa8dd9f4dc5b5
3347,49.498383232,10.109677,30,v6,88000000ffffffffffffa8dd9f4dc5b5
3348,49.508588632,10.205400,30,v6,88000000ffffffffffffa8dd9f4dc5b5
3349,49.518859857,10.271225,30,v6,88000000ffffffffffffa8dd9f4dc5b5
3350,49.528861219,10.001362,30,v6,88000000ffffffffffffa8dd9f4dc5b5
3351,49.538978691,10.117472,30,v6,88000000ffffffffffffa8dd9f4dc5b5
3352,49.550270225,11.291534,30,v6,88000000ffffffffffffa8dd9f4dc5b5
3353,49.560351807,10.081582,30,v6,88000000ffffffffffffa8dd9f4dc5b5
3354,49.570586309,10.234502,30,v6,88000000ffffffffffffa8dd9f4dc5b5
3355,49.580635472,10.049163,30,v6,88000000ffffffffffffa8dd9f4dc5b5
3356,49.592961845,12.326373,30,v6,88000000ffffffffffffa8dd9f4dc5b5
3357,49.603110839,10.148994,30,v6,88000000ffffffffffffa8dd9f4dc5b5
3358,49.613106230,9.995391,30,v6,88000000ffffffffffffa8dd9f4dc5b5
3359,49.623404227,10.297997,30,v6,88000000ffffffffffffa8dd9f4dc5b5
3360,49.633615467,10.211240,30,v6,88000000ffffffffffffa8dd9f4dc5b5
3361,49.643707307,10.091840,30,v6,88000000ffffffffffffa8dd9f4dc5b5
3362,49.654879417,11.172110,30,v6,88000000ffffffffffffa8dd9f4dc5b5
3363,49.664988632,10.109215,30,v6,88000000ffffffffffffa8dd9f4dc5b5
3364,49.675218551,10.229919,30,v6,88000000ffffffffffffa8dd9f4dc5b5
3365,49.686320016,11.101465,30,v6,88000000ffffffffffffa8dd9f4dc5b5
3366,49.696340054,10.020038,30,v6,88000000ffffffffffffa8dd9f4dc5b5
3367,49.708122460,11.782406,30,v6,88000000ffffffffffffa8dd9f4dc5b5
3368,49.717897032,9.774572,30,v6,88000000ffffffffffffa8dd9f4dc5b5
3369,49.728032532,10.135500,30,v6,88000000ffffffffffffa8dd9f4dc5b5
3370,49.739236530,11.203998,30,v6,88000000ffffffffffffa8dd9f4dc5b5
3371,49.749384785,10.148255,30,v6,88000000ffffffffffffa8dd9f4dc5b5
3372,49.759575502,10.190717,30,v6,88000000ffffffffffffa8dd9f4dc5b5
3373,49.769964694,10.389192,30,v6,88000000ffffffffffffa8dd9f4dc5b5
3374,49.780747800,10.783106,30,v6,88000000ffffffffffffa8dd9f4dc5b5
3375,49.791130601,10.382801,30,v6,88000000ffffffffffffa8dd9f4dc5b5
3376,49.801018349,9.887748,30,v6,88000000ffffffffffffa8dd9f4dc5b5
3377,49.811680649,10.662300,30,v6,88000000ffffffffffffa8dd9f4dc5b5
3378,49.822593212,10.912563,30,v6,88000000ffffffffffffa8dd9f4dc5b5
3379,49.833737783,11.144571,30,v6,88000000ffffffffffffa8dd9f4dc5b5
3380,49.842853260,9.115477,30,v6,88000000ffffffffffffa8dd9f4dc5b5
3381,49.854294718,11.441458,30,v6,88000000ffffffffffffa8dd9f4dc5b5
3382,49.864295126,10.000408,30,v6,88000000ffffffffffffa8dd9f4dc5b5
3383,49.874458125,10.162999,30,v6,88000000ffffffffffffa8dd9f4dc5b5
3384,49.885682231,11.224106,30,v6,88000000ffffffffffffa8dd9f4dc5b5
3385,49.895705581,10.023350,30,v6,88000000ffffffffffffa8dd9f4dc5b5
3386,49.905927366,10.221785,30,v6,88000000ffffffffffffa8dd9f4dc5b5
3387,49.916119095,10.191729,30,v6,88000000ffffffffffffa8dd9f4dc5b5
3388,49.926299368,10.180273,30,v6,88000000ffffffffffffa8dd9f4dc5b5
3389,49.938487974,12.188606,30,v6,88000000ffffffffffffa8dd9f4dc5b5
3390,49.948726858,10.238884,30,v6,88000000ffffffffffffa8dd9f4dc5b5
3391,49.958710378,9.983520,30,v6,88000000ffffffffffffa8dd9f4dc5b5
3392,49.968728823,10.018445,30,v6,88000000ffffffffffffa8dd9f4dc5b5
3393,49.979049910,10.321087,30,v6,88000000ffffffffffffa8dd9f4dc5b5
3394,49.990301230,11.251320,30,v6,88000000ffffffffffffa8dd9f4dc5b5
3395,50.000285261,9.984031,30,v6,88000000ffffffffffffa8dd9f4dc5b5
3396,50.010496955,10.211694,30,v6,88000000ffffffffffffa8dd9f4dc5b5
3397,50.020660436,10.163481,30,v6,88000000ffffffffffffa8dd9f4dc5b5
3398,50.030839855,10.179419,30,v6,88000000ffffffffffffa8dd9f4dc5b5
3399,50.042028983,11.189128,30,v6,88000000ffffffffffffa8dd9f4dc5b5
3400,50.052192111,10.163128,30,v6,88000000ffffffffffffa8dd9f4dc5b5
3401,50.063568873,11.376762,30,v6,88000000ffffffffffffa8dd9f4dc5b5
3402,50.073576147,10.007274,30,v6,88000000ffffffffffffa8dd9f4dc5b5
3403,50.084669005,11.092858,30,v6,88000000ffffffffffffa8dd9f4dc5b5
3404,50.094911132,10.242127,30,v6,88000000ffffffffffffa8dd9f4dc5b5
3405,50.105043050,10.131918,30,v6,88000000ffffffffffffa8dd9f4dc5b5
3406,50.115228313,10.185263,30,v6,88000000ffffffffffffa8dd9f4dc5b5
3407,50.125377235,10.148922,30,v6,88000000ffffffffffffa8dd9f4dc5b5
3408,50.135585632,10.208397,30,v6,88000000ffffffffffffa8dd9f4dc5b5
3409,50.146644958,11.059326,30,v6,88000000ffffffffffffa8dd9f4dc5b5
3410,50.156693342,10.048384,30,v6,88000000ffffffffffffa8dd9f4dc5b5
3411,50.166897417,10.204075,30,v6,88000000ffffffffffffa8dd9f4dc5b5
3412,50.178176112,11.278695,30,v6,88000000ffffffffffffa8dd9f4dc5b5
3413,50.188312014,10.135902,30,v6,88000000ffffffffffffa8dd9f4dc5b5
3414,50.199378941,11.066927,30,v6,88000000ffffffffffffa8dd9f4dc5b5
3415,50.209516772,10.137831,30,v6,88000000ffffffffffffa8dd9f4dc5b5
3416,50.219771586,10.254814,30,v6,88000000ffffffffffffa8dd9f4dc5b5
3417,50.230968907,11.197321,30,v6,88000000ffffffffffffa8dd9f4dc5b5
3418,50.240967672,9.998765,30,v6,88000000ffffffffffffa8dd9f4dc5b5
3419,50.251120285,10.152613,30,v6,88000000ffffffffffffa8dd9f4dc5b5
3420,50.261358325,10.238040,30,v6,88000000ffffffffffffa8dd9f4dc5b5
3421,50.271472353,10.114028,30,v6,88000000ffffffffffffa8dd9f4dc5b5
3422,50.281771418,10.299065,30,v6,88000000ffffffffffffa8dd9f4dc5b5
3423,50.292751835,10.980417,30,v6,88000000ffffffffffffa8dd9f4dc5b5
3424,50.302948356,10.196521,30,v6,88000000ffffffffffffa8dd9f4dc5b5
3425,50.313198676,10.250320,30,v6,88000000ffffffffffffa8dd9f4dc5b5
3426,50.324492496,11.293820,30,v6,88000000ffffffffffffa8dd9f4dc5b5
3427,50.335647343,11.154847,30,v6,88000000ffffffffffffa8dd9f4dc5b5
3428,50.345543129,9.895786,30,v6,88000000ffffffffffffa8dd9f4dc5b5
3429,50.355683639,10.140510,30,v6,88000000ffffffffffffa8dd9f4dc5b5
3430,50.366033267,10.349628,30,v6,88000000ffffffffffffa8dd9f4dc5b5
3431,50.376123999,10.090732,30,v6,88000000ffffffffffffa8dd9f4dc5b5
3432,50.386479157,10.355158,30,v6,88000000ffffffffffffa8dd9f4dc5b5
3433,50.397498573,11.019416,30,v6,88000000ffffffffffffa8dd9f4dc5b5
3434,50.407891201,10.392628,30,v6,88000000ffffffffffffa8dd9f4dc5b5
3435,50.429046776,21.155575,30,v6,88000000ffffffffffffa8dd9f4dc5b5
3436,50.439186241,10.139465,30,v6,88000000ffffffffffffa8dd9f4dc5b5
3437,50.450627725,11.441484,30,v6,88000000ffffffffffffa8dd9f4dc5b5
3438,50.460642397,10.014672,30,v6,88000000ffffffffffffa8dd9f4dc5b5
3439,50.470744269,10.101872,30,v6,88000000ffffffffffffa8dd9f4dc5b5
3440,50.480861638,10.117369,30,v6,88000000ffffffffffffa8dd9f4dc5b5
3441,50.491032544,10.170906,30,v6,88000000ffffffffffffa8dd9f4dc5b5
3442,50.501325919,10.293375,30,v6,88000000ffffffffffffa8dd9f4dc5b5
3443,50.512240445,10.914526,30,v6,88000000ffffffffffffa8dd9f4dc5b5
3444,50.522446094,10.205649,30,v6,88000000ffffffffffffa8dd9f4dc5b5
3445,50.532945291,10.499197,30,v6,88000000ffffffffffffa8dd9f4dc5b5
3446,50.543810085,10.864794,30,v6,88000000ffffffffffffa8dd9f4dc5b5
3447,50.554957213,11.147128,30,v6,88000000ffffffffffffa8dd9f4dc5b5
3448,50.565248792,10.291579,30,v6,88000000ffffffffffffa8dd9f4dc5b5
3449,50.575526830,10.278038,30,v6,88000000ffffffffffffa8dd9f4dc5b5
3450,50.585595584,10.068754,30,v6,88000000ffffffffffffa8dd9f4dc5b5
3451,50.596712434,11.116850,30,v6,88000000ffffffffffffa8dd9f4dc5b5
3452,50.606765583,10.053149,30,v6,88000000ffffffffffffa8dd9f4dc5b5
3453,50.617103072,10.337489,30,v6,88000000ffffffffffffa8dd9f4dc5b5
3454,50.627122028,10.018956,30,v6,88000000ffffffffffffa8dd9f4dc5b5
3455,50.637478675,10.356647,30,v6,88000000ffffffffffffa8dd9f4dc5b5
3456,50.648597821,11.119146,30,v6,88000000ffffffffffffa8dd9f4dc5b5
3457,50.659078883,10.481062,30,v6,88000000ffffffffffffa8dd9f4dc5b5
3458,50.669716416,10.637533,30,v6,88000000ffffffffffffa8dd9f4dc5b5
3459,50.679870279,10.153863,30,v6,88000000ffffffffffffa8dd9f4dc5b5
3460,50.690096733,10.226454,30,v6,88000000ffffffffffffa8dd9f4dc5b5
3461,50.700351114,10.254381,30,v6,88000000ffffffffffffa8dd9f4dc5b5
3462,50.710716644,10.365530,30,v6,88000000ffffffffffffa8dd9f4dc5b5
3463,50.721657248,10.940604,30,v6,88000000ffffffffffffa8dd9f4dc5b5
3464,50.731699017,10.041769,30,v6,88000000ffffffffffffa8dd9f4dc5b5
3465,50.742043390,10.344373,30,v6,88000000ffffffffffffa8dd9f4dc5b5
3466,50.753304905,11.261515,30,v6,88000000ffffffffffffa8dd9f4dc5b5
3467,50.764420870,11.115965,30,v6,88000000ffffffffffffa8dd9f4dc5b5
3468,50.773447798,9.026928,30,v6,88000000ffffffffffffa8dd9f4dc5b5
3469,50.784862078,11.414280,30,v6,88000000ffffffffffffa8dd9f4dc5b5
3470,50.794596001,9.733923,30,v6,88000000ffffffffffffa8dd9f4dc5b5
3471,50.805040469,10.444468,30,v6,88000000ffffffffffffa8dd9f4dc5b5
3472,50.816164608,11.124139,30,v6,88000000ffffffffffffa8dd9f4dc5b5
3473,50.826276551,10.111943,30,v6,88000000ffffffffffffa8dd9f4dc5b5
3474,50.836458022,10.181471,30,v6,88000000ffffffffffffa8dd9f4dc5b5
3475,50.846708589,10.250567,30,v6,88000000ffffffffffffa8dd9f4dc5b5
3476,50.856906563,10.197974,30,v6,88000000ffffffffffffa8dd9f4dc5b5
3477,50.868073812,11.167249,30,v6,88000000ffffffffffffa8dd9f4dc5b5
3478,50.879305415,11.231603,30,v6,88000000ffffffffffffa8dd9f4dc5b5
3479,50.889165983,9.860568,30,v6,88000000ffffffffffffa8dd9f4dc5b5
3480,50.899521370,10.355387,30,v6,88000000ffffffffffffa8dd9f4dc5b5
3481,50.909574436,10.053066,30,v6,88000000ffffffffffffa8dd9f4dc5b5
3482,50.920982648,11.408212,30,v6,88000000ffffffffffffa8dd9f4dc5b5
3483,50.930756335,9.773687,30,v6,88000000ffffffffffffa8dd9f4dc5b5
3484,50.941084044,10.327709,30,v6,88000000ffffffffffffa8dd9f4dc5b5
3485,50.951470540,10.386496,30,v6,88000000ffffffffffffa8dd9f4dc5b5
3486,50.961574448,10.103908,30,v6,88000000ffffffffffffa8dd9f4dc5b5
3487,50.972738667,11.164219,30,v6,88000000ffffffffffffa8dd9f4dc5b5
3488,50.983136745,10.398078,30,v6,88000000ffffffffffffa8dd9f4dc5b5
3489,50.994323781,11.187036,30,v6,88000000ffffffffffffa8dd9f4dc5b5
3490,51.004023782,9.700001,30,v6,88000000ffffffffffffa8dd9f4dc5b5
3491,51.014287794,10.264012,30,v6,88000000ffffffffffffa8dd9f4dc5b5
3492,51.025657102,11.369308,30,v6,88000000ffffffffffffa8dd9f4dc5b5
3493,51.035648180,9.991078,30,v6,88000000ffffffffffffa8dd9f4dc5b5
3494,51.045780066,10.131886,30,v6,88000000ffffffffffffa8dd9f4dc5b5
3495,51.055860077,10.080011,30,v6,88000000ffffffffffffa8dd9f4dc5b5
3496,51.066056843,10.196766,30,v6,88000000ffffffffffffa8dd9f4dc5b5
3497,51.076229189,10.172346,30,v6,88000000ffffffffffffa8dd9f4dc5b5
3498,51.087562599,11.333410,30,v6,88000000ffffffffffffa8dd9f4dc5b5
3499,51.097663740,10.101141,30,v6,88000000ffffffffffffa8dd9f4dc5b5
3500,51.108987542,11.323802,30,v6,88000000ffffffffffffa8dd9f4dc5b5
3501,51.119004477,10.016935,30,v6,88000000ffffffffffffa8dd9f4dc5b5
3502,51.130114159,11.109682,30,v6,88000000ffffffffffffa8dd9f4dc5b5
3503,51.140284623,10.170464,30,v6,88000000ffffffffffffa8dd9f4dc5b5
3504,51.150325181,10.040558,30,v6,88000000ffffffffffffa8dd9f4dc5b5
3505,51.160571284,10.246103,30,v6,88000000ffffffffffffa8dd9f4dc5b5
3506,51.170942911,10.371627,30,v6,88000000ffffffffffffa8dd9f4dc5b5
3507,51.181893723,10.950812,30,v6,88000000ffffffffffffa8dd9f4dc5b5
3508,51.192150109,10.256386,30,v6,88000000ffffffffffffa8dd9f4dc5b5
3509,51.202361429,10.211320,30,v6,88000000ffffffffffffa8dd9f4dc5b5
3510,51.212491510,10.130081,30,v6,88000000ffffffffffffa8dd9f4dc5b5
3511,51.223560467,11.068957,30,v6,88000000ffffffffffffa8dd9f4dc5b5
3512,51.234759230,11.198763,30,v6,88000000ffffffffffffa8dd9f4dc5b5
3513,51.244830254,10.071024,30,v6,88000000ffffffffffffa8dd9f4dc5b5
3514,51.254849284,10.019030,30,v6,88000000ffffffffffffa8dd9f4dc5b5
3515,51.265425000,10.575716,30,v6,88000000ffffffffffffa8dd9f4dc5b5
3516,51.275631327,10.206327,30,v6,88000000ffffffffffffa8dd9f4dc5b5
3517,51.285546284,9.914957,30,v6,88000000ffffffffffffa8dd9f4dc5b5
3518,51.296780798,11.234514,30,v6,88000000ffffffffffffa8dd9f4dc5b5
3519,51.306799983,10.019185,30,v6,88000000ffffffffffffa8dd9f4dc5b5
3520,51.316855722,10.055739,30,v6,88000000ffffffffffffa8dd9f4dc5b5
3521,51.328217237,11.361515,30,v6,88000000ffffffffffffa8dd9f4dc5b5
3522,51.339365275,11.148038,30,v6,88000000ffffffffffffa8dd9f4dc5b5
3523,51.349752573,10.387298,30,v6,88000000ffffffffffffa8dd9f4dc5b5
3524,51.359861334,10.108761,30,v6,88000000ffffffffffffa8dd9f4dc5b5
3525,51.369862190,10.000856,30,v6,88000000ffffffffffffa8dd9f4dc5b5
3526,51.380037067,10.174877,30,v6,88000000ffffffffffffa8dd9f4dc5b5
3527,51.390111915,10.074848,30,v6,88000000ffffffffffffa8dd9f4dc5b5
3528,51.401439077,11.327162,30,v6,88000000ffffffffffffa8dd9f4dc5b5
3529,51.411384958,9.945881,30,v6,88000000ffffffffffffa8dd9f4dc5b5
3530,51.421532202,10.147244,30,v6,88000000ffffffffffffa8dd9f4dc5b5
3531,51.433039796,11.507594,30,v6,88000000ffffffffffffa8dd9f4dc5b5
3532,51.442976826,9.937030,30,v6,88000000ffffffffffffa8dd9f4dc5b5
3533,51.453265642,10.288816,30,v6,88000000ffffffffffffa8dd9f4dc5b5
3534,51.464595808,11.330166,30,v6,88000000ffffffffffffa8dd9f4dc5b5
3535,51.474498742,9.902934,30,v6,88000000ffffffffffffa8dd9f4dc5b5
3536,51.484963315,10.464573,30,v6,88000000ffffffffffffa8dd9f4dc5b5
3537,51.494804584,9.841269,30,v6,88000000ffffffffffffa8dd9f4dc5b5
3538,51.505115078,10.310494,30,v6,88000000ffffffffffffa8dd9f4dc5b5
3539,51.516159613,11.044535,30,v6,88000000ffffffffffffa8dd9f4dc5b5
3540,51.526370886,10.211273,30,v6,88000000ffffffffffffa8dd9f4dc5b5
3541,51.536770921,10.400035,30,v6,88000000ffffffffffffa8dd9f4dc5b5
3542,51.547770693,10.999772,30,v6,88000000ffffffffffffa8dd9f4dc5b5
3543,51.558972262,11.201569,30,v6,88000000ffffffffffffa8dd9f4dc5b5
3544,51.568986339,10.014077,30,v6,88000000ffffffffffffa8dd9f4dc5b5
3545,51.579191616,10.205277,30,v6,88000000ffffffffffffa8dd9f4dc5b5
3546,51.589326848,10.135232,30,v6,88000000ffffffffffffa8dd9f4dc5b5
3547,51.600512003,11.185155,30,v6,88000000ffffffffffffa8dd9f4dc5b5
3548,51.610519924,10.007921,30,v6,88000000ffffffffffffa8dd9f4dc5b5
3549,51.620943088,10.423164,30,v6,88000000ffffffffffffa8dd9f4dc5b5
3550,51.630960273,10.017185,30,v6,88000000ffffffffffffa8dd9f4dc5b5
3551,51.641209391,10.249118,30,v6,88000000ffffffffffffa8dd9f4dc5b5
3552,51.653220959,12.011568,30,v6,88000000ffffffffffffa8dd9f4dc5b5
3553,51.663668101,10.447142,30,v6,88000000ffffffffffffa8dd9f4dc5b5
3554,51.673655097,9.986996,30,v6,88000000ffffffffffffa8dd9f4dc5b5
3555,51.684800713,11.145616,30,v6,88000000ffffffffffffa8dd9f4dc5b5
3556,51.695249279,10.448566,30,v6,88000000ffffffffffffa8dd9f4dc5b5
3557,51.705324319,10.075040,30,v6,88000000ffffffffffffa8dd9f4dc5b5
3558,51.715349563,10.025244,30,v6,88000000ffffffffffffa8dd9f4dc5b5
3559,51.725757155,10.407592,30,v6,88000000ffffffffffffa8dd9f4dc5b5
3560,51.736821970,11.064815,30,v6,88000000ffffffffffffa8dd9f4dc5b5
3561,51.747013493,10.191523,30,v6,88000000ffffffffffffa8dd9f4dc5b5
3562,51.756923472,9.909979,30,v6,88000000ffffffffffffa8dd9f4dc5b5
3563,51.767229216,10.305744,30,v6,88000000ffffffffffffa8dd9f4dc5b5
3564,51.777744144,10.514928,30,v6,88000000ffffffffffffa8dd9f4dc5b5
3565,51.789444154,11.700010,30,v6,88000000ffffffffffffa8dd9f4dc5b5
3566,51.799639653,10.195499,30,v6,88000000ffffffffffffa8dd9f4dc5b5
3567,51.809620632,9.980979,30,v6,88000000ffffffffffffa8dd9f4dc5b5
3568,51.820041038,10.420406,30,v6,88000000ffffffffffffa8dd9f4dc5b5
3569,51.830178113,10.137075,30,v6,88000000ffffffffffffa8dd9f4dc5b5
3570,51.840239382,10.061269,30,v6,88000000ffffffffffffa8dd9f4dc5b5
3571,51.851529917,11.290535,30,v6,88000000ffffffffffffa8dd9f4dc5b5
3572,51.861596349,10.066432,30,v6,88000000ffffffffffffa8dd9f4dc5b5
3573,51.871828928,10.232579,30,v6,88000000ffffffffffffa8dd9f4dc5b5
3574,51.883052490,11.223562,30,v6,88000000ffffffffffffa8dd9f4dc5b5
3575,51.894161325,11.108835,30,v6,88000000ffffffffffffa8dd9f4dc5b5
3576,51.904498049,10.336724,30,v6,88000000ffffffffffffa8dd9f4dc5b5
3577,51.915617181,11.119132,30,v6,88000000ffffffffffffa8dd9f4dc5b5
3578,51.924656464,9.039283,30,v6,88000000ffffffffffffa8dd9f4dc5b5
3579,51.935703528,11.047064,30,v6,88000000ffffffffffffa8dd9f4dc5b5
3580,51.945716618,10.013090,30,v6,88000000ffffffffffffa8dd9f4dc5b5
3581,51.956019111,10.302493,30,v6,88000000ffffffffffffa8dd9f4dc5b5
3582,51.966437946,10.418835,30,v6,88000000ffffffffffffa8dd9f4dc5b5
3583,51.976415628,9.977682,30,v6,88000000ffffffffffffa8dd9f4dc5b5
3584,51.987606609,11.190981,30,v6,88000000ffffffffffffa8dd9f4dc5b5
3585,51.997917857,10.311248,30,v6,88000000ffffffffffffa8dd9f4dc5b5
3586,52.007894964,9.977107,30,v6,88000000ffffffffffffa8dd9f4dc5b5
3587,52.019089677,11.194713,30,v6,88000000ffffffffffffa8dd9f4dc5b5
3588,52.030341451,11.251774,30,v6,88000000ffffffffffffa8dd9f4dc5b5
3589,52.040405592,10.064141,30,v6,88000000ffffffffffffa8dd9f4dc5b5
3590,52.050641060,10.235468,30,v6,88000000ffffffffffffa8dd9f4dc5b5
3591,52.060712621,10.071561,30,v6,88000000ffffffffffffa8dd9f4dc5b5
3592,52.071936156,11.223535,30,v6,88000000ffffffffffffa8dd9f4dc5b5
3593,52.081089507,9.153351,30,v6,88000000ffffffffffffa8dd9f4dc5b5
3594,52.092357970,11.268463,30,v6,88000000ffffffffffffa8dd9f4dc5b5
3595,52.102707568,10.349598,30,v6,88000000ffffffffffffa8dd9f4dc5b5
3596,52.112708239,10.000671,30,v6,88000000ffffffffffffa8dd9f4dc5b5
3597,52.123716142,11.007903,30,v6,88000000ffffffffffffa8dd9f4dc5b5
3598,52.133968708,10.252566,30,v6,88000000ffffffffffffa8dd9f4dc5b5
3599,52.144117049,10.148341,30,v6,88000000ffffffffffffa8dd9f4dc5b5
3600,52.154322663,10.205614,30,v6,88000000ffffffffffffa8dd9f4dc5b5
3601,52.165345924,11.023261,30,v6,88000000ffffffffffffa8dd9f4dc5b5
3602,52.176835919,11.489995,30,v6,88000000ffffffffffffa8dd9f4dc5b5
3603,52.186977340,10.141421,30,v6,88000000ffffffffffffa8dd9f4dc5b5
3604,52.196885834,9.908494,30,v6,88000000ffffffffffffa8dd9f4dc5b5
3605,52.207077450,10.191616,30,v6,88000000ffffffffffffa8dd9f4dc5b5
3606,52.218582439,11.504989,30,v6,88000000ffffffffffffa8dd9f4dc5b5
3607,52.227654322,9.071883,30,v6,88000000ffffffffffffa8dd9f4dc5b5
3608,52.238621603,10.967281,30,v6,88000000ffffffffffffa8dd9f4dc5b5
3609,52.248669052,10.047449,30,v6,88000000ffffffffffffa8dd9f4dc5b5
3610,52.259926717,11.257665,30,v6,88000000ffffffffffffa8dd9f4dc5b5
3611,52.269990448,10.063731,30,v6,88000000ffffffffffffa8dd9f4dc5b5
3612,52.281232489,11.242041,30,v6,88000000ffffffffffffa8dd9f4dc5b5
3613,52.291487502,10.255013,30,v6,88000000ffffffffffffa8dd9f4dc5b5
3614,52.301638832,10.151330,30,v6,88000000ffffffffffffa8dd9f4dc5b5
3615,52.312854625,11.215793,30,v6,88000000ffffffffffffa8dd9f4dc5b5
3616,52.322774176,9.919551,30,v6,88000000ffffffffffffa8dd9f4dc5b5
3617,52.333084152,10.309976,30,v6,88000000ffffffffffffa8dd9f4dc5b5
3618,52.343373836,10.289684,30,v6,88000000ffffffffffffa8dd9f4dc5b5
3619,52.353666629,10.292793,30,v6,88000000ffffffffffffa8dd9f4dc5b5
3620,52.363761587,10.094958,30,v6,88000000ffffffffffffa8dd9f4dc5b5
3621,52.374716616,10.955029,30,v6,88000000ffffffffffffa8dd9f4dc5b5
3622,52.384995262,10.278646,30,v6,88000000ffffffffffffa8dd9f4dc5b5
3623,52.395120724,10.125462,30,v6,88000000ffffffffffffa8dd9f4dc5b5
3624,52.405255698,10.134974,30,v6,88000000ffffffffffffa8dd9f4dc5b5
3625,52.417298706,12.043008,30,v6,88000000ffffffffffffa8dd9f4dc5b5
3626,52.427394184,10.095478,30,v6,88000000ffffffffffffa8dd9f4dc5b5
3627,52.437972966,10.578782,30,v6,88000000ffffffffffffa8dd9f4dc5b5
3628,52.447937361,9.964395,30,v6,88000000ffffffffffffa8dd9f4dc5b5
3629,52.458134121,10.196760,30,v6,88000000ffffffffffffa8dd9f4dc5b5
3630,52.468431637,10.297516,30,v6,88000000ffffffffffffa8dd9f4dc5b5
3631,52.479335685,10.904048,30,v6,88000000ffffffffffffa8dd9f4dc5b5
3632,52.489475323,10.139638,30,v6,88000000ffffffffffffa8dd9f4dc5b5
3633,52.499695618,10.220295,30,v6,88000000ffffffffffffa8dd9f4dc5b5
3634,52.511126223,11.430605,30,v6,88000000ffffffffffffa8dd9f4dc5b5
3635,52.519988775,8.862552,30,v6,88000000ffffffffffffa8dd9f4dc5b5
3636,52.532111139,12.122364,30,v6,88000000ffffffffffffa8dd9f4dc5b5
3637,52.542510128,10.398989,30,v6,88000000ffffffffffffa8dd9f4dc5b5
3638,52.552709024,10.198896,30,v6,88000000ffffffffffffa8dd9f4dc5b5
3639,52.563895065,11.186041,30,v6,88000000ffffffffffffa8dd9f4dc5b5
3640,52.573846068,9.951003,30,v6,88000000ffffffffffffa8dd9f4dc5b5
3641,52.584156000,10.309932,30,v6,88000000ffffffffffffa8dd9f4dc5b5
3642,52.594070287,9.914287,30,v6,88000000ffffffffffffa8dd9f4dc5b5
3643,52.604316893,10.246606,30,v6,88000000ffffffffffffa8dd9f4dc5b5
3644,52.615443852,11.126959,30,v6,88000000ffffffffffffa8dd9f4dc5b5
3645,52.625785621,10.341769,30,v6,88000000ffffffffffffa8dd9f4dc5b5
3646,52.635706076,9.920455,30,v6,88000000ffffffffffffa8dd9f4dc5b5
3647,52.647926640,12.220564,30,v6,88000000ffffffffffffa8dd9f4dc5b5
3648,52.658192416,10.265776,30,v6,88000000ffffffffffffa8dd9f4dc5b5
3649,52.668385274,10.192858,30,v6,88000000ffffffffffffa8dd9f4dc5b5
3650,52.678535349,10.150075,30,v6,88000000ffffffffffffa8dd9f4dc5b5
3651,52.688584956,10.049607,30,v6,88000000ffffffffffffa8dd9f4dc5b5
3652,52.699829602,11.244646,30,v6,88000000ffffffffffffa8dd9f4dc5b5
3653,52.709842534,10.012932,30,v6,88000000ffffffffffffa8dd9f4dc5b5
3654,52.720161345,10.318811,30,v6,88000000ffffffffffffa8dd9f4dc5b5
3655,52.730232936,10.071591,30,v6,88000000ffffffffffffa8dd9f4dc5b5
3656,52.740378071,10.145135,30,v6,88000000ffffffffffffa8dd9f4dc5b5
3657,52.751723441,11.345370,30,v6,88000000ffffffffffffa8dd9f4dc5b5
3658,52.761577445,9.854004,30,v6,88000000ffffffffffffa8dd9f4dc5b5
3659,52.772968971,11.391526,30,v6,88000000ffffffffffffa8dd9f4dc5b5
3660,52.784289688,11.320717,30,v6,88000000ffffffffffffa8dd9f4dc5b5
3661,52.794586488,10.296800,30,v6,88000000ffffffffffffa8dd9f4dc5b5
3662,52.804709561,10.123073,30,v6,88000000ffffffffffffa8dd9f4dc5b5
3663,52.814702890,9.993329,30,v6,88000000ffffffffffffa8dd9f4dc5b5
3664,52.824686875,9.983985,30,v6,88000000ffffffffffffa8dd9f4dc5b5
3665,52.835951059,11.264184,30,v6,88000000ffffffffffffa8dd9f4dc5b5
3666,52.845993979,10.042920,30,v6,88000000ffffffffffffa8dd9f4dc5b5
3667,52.856129109,10.135130,30,v6,88000000ffffffffffffa8dd9f4dc5b5
3668,52.866455137,10.326028,30,v6,88000000ffffffffffffa8dd9f4dc5b5
3669,52.877559098,11.103961,30,v6,88000000ffffffffffffa8dd9f4dc5b5
3670,52.888665076,11.105978,30,v6,88000000ffffffffffffa8dd9f4dc5b5
3671,52.898929721,10.264645,30,v6,88000000ffffffffffffa8dd9f4dc5b5
3672,52.909073335,10.143614,30,v6,88000000ffffffffffffa8dd9f4dc5b5
3673,52.929652785,20.579450,30,v6,88000000ffffffffffffa8dd9f4dc5b5
3674,52.940779039,11.126254,30,v6,88000000ffffffffffffa8dd9f4dc5b5
3675,52.950614524,9.835485,30,v6,88000000ffffffffffffa8dd9f4dc5b5
3676,52.961025536,10.411012,30,v6,88000000ffffffffffffa8dd9f4dc5b5
3677,52.972207628,11.182092,30,v6,88000000ffffffffffffa8dd9f4dc5b5
3678,52.982201756,9.994128,30,v6,88000000ffffffffffffa8dd9f4dc5b5
3679,52.993278672,11.076916,30,v6,88000000ffffffffffffa8dd9f4dc5b5
3680,53.003810592,10.531920,30,v6,88000000ffffffffffffa8dd9f4dc5b5
3681,53.013746535,9.935943,30,v6,88000000ffffffffffffa8dd9f4dc5b5
3682,53.023958802,10.212267,30,v6,88000000ffffffffffffa8dd9f4dc5b5
3683,53.035176929,11.218127,30,v6,88000000ffffffffffffa8dd9f4dc5b5
3684,53.045350519,10.173590,30,v6,88000000ffffffffffffa8dd9f4dc5b5
3685,53.055677016,10.326497,30,v6,88000000ffffffffffffa8dd9f4dc5b5
3686,53.065656321,9.979305,30,v6,88000000ffffffffffffa8dd9f4dc5b5
3687,53.076702486,11.046165,30,v6,88000000ffffffffffffa8dd9f4dc5b5
3688,53.086915898,10.213412,30,v6,88000000ffffffffffffa8dd9f4dc5b5
3689,53.097012762,10.096864,30,v6,88000000ffffffffffffa8dd9f4dc5b5
3690,53.108238011,11.225249,30,v6,88000000ffffffffffffa8dd9f4dc5b5
3691,53.118567207,10.329196,30,v6,88000000ffffffffffffa8dd9f4dc5b5
3692,53.129607372,11.040165,30,v6,88000000ffffffffffffa8dd9f4dc5b5
3693,53.139864045,10.256673,30,v6,88000000ffffffffffffa8dd9f4dc5b5
3694,53.150111282,10.247237,30,v6,88000000ffffffffffffa8dd9f4dc5b5
3695,53.159863416,9.752134,30,v6,88000000ffffffffffffa8dd9f4dc5b5
3696,53.171230093,11.366677,30,v6,88000000ffffffffffffa8dd9f4dc5b5
3697,53.181524178,10.294085,30,v6,88000000ffffffffffffa8dd9f4dc5b5
3698,53.191578266,10.054088,30,v6,88000000ffffffffffffa8dd9f4dc5b5
3699,53.203731903,12.153637,30,v6,88000000ffffffffffffa8dd9f4dc5b5
3700,53.213017090,9.285187,30,v6,88000000ffffffffffffa8dd9f4dc5b5
3701,53.224011432,10.994342,30,v6,88000000ffffffffffffa8dd9f4dc5b5
3702,53.234177143,10.165711,30,v6,88000000ffffffffffffa8dd9f4dc5b5
3703,53.244508542,10.331399,30,v6,88000000ffffffffffffa8dd9f4dc5b5
3704,53.254762330,10.253788,30,v6,88000000ffffffffffffa8dd9f4dc5b5
3705,53.264813367,10.051037,30,v6,88000000ffffffffffffa8dd9f4dc5b5
3706,53.275961734,11.148367,30,v6,88000000ffffffffffffa8dd9f4dc5b5
3707,53.286054568,10.092834,30,v6,88000000ffffffffffffa8dd9f4dc5b5
3708,53.296410319,10.355751,30,v6,88000000ffffffffffffa8dd9f4dc5b5
3709,53.307388117,10.977798,30,v6,88000000ffffffffffffa8dd9f4dc5b5
3710,53.317365010,9.976893,30,v6,88000000ffffffffffffa8dd9f4dc5b5
3711,53.329111704,11.746694,30,v6,88000000ffffffffffffa8dd9f4dc5b5
3712,53.338777490,9.665786,30,v6,88000000ffffffffffffa8dd9f4dc5b5
3713,53.349986450,11.208960,30,v6,88000000ffffffffffffa8dd9f4dc5b5
3714,53.360086703,10.100253,30,v6,88000000ffffffffffffa8dd9f4dc5b5
3715,53.370622734,10.536031,30,v6,88000000ffffffffffffa8dd9f4dc5b5
3716,53.380582624,9.959890,30,v6,88000000ffffffffffffa8dd9f4dc5b5
3717,53.390712934,10.130310,30,v6,88000000ffffffffffffa8dd9f4dc5b5
3718,53.401940504,11.227570,30,v6,88000000ffffffffffffa8dd9f4dc5b5
3719,53.411888848,9.948344,30,v6,88000000ffffffffffffa8dd9f4dc5b5
3720,53.422151598,10.262750,30,v6,88000000ffffffffffffa8dd9f4dc5b5
3721,53.432374072,10.222474,30,v6,88000000ffffffffffffa8dd9f4dc5b5
3722,53.443542657,11.168585,30,v6,88000000ffffffffffffa8dd9f4dc5b5
3723,53.454811466,11.268809,30,v6,88000000ffffffffffffa8dd9f4dc5b5
3724,53.464886382,10.074916,30,v6,88000000ffffffffffffa8dd9f4dc5b5
3725,53.474963822,10.077440,30,v6,88000000ffffffffffffa8dd9f4dc5b5
3726,53.485453962,10.490140,30,v6,88000000ffffffffffffa8dd9f4dc5b5
3727,53.495402479,9.948517,30,v6,88000000ffffffffffffa8dd9f4dc5b5
3728,53.506556822,11.154343,30,v6,88000000ffffffffffffa8dd9f4dc5b5
3729,53.516847607,10.290785,30,v6,88000000ffffffffffffa8dd9f4dc5b5
3730,53.527015622,10.168015,30,v6,88000000ffffffffffffa8dd9f4dc5b5
3731,53.536878213,9.862591,30,v6,88000000ffffffffffffa8dd9f4dc5b5
3732,53.547197380,10.319167,30,v6,88000000ffffffffffffa8dd9f4dc5b5
3733,53.559349619,12.152239,30,v6,88000000ffffffffffffa8dd9f4dc5b5
3734,53.569484382,10.134763,30,v6,88000000ffffffffffffa8dd9f4dc5b5
3735,53.579649460,10.165078,30,v6,88000000ffffffffffffa8dd9f4dc5b5
3736,53.589858435,10.208975,30,v6,88000000ffffffffffffa8dd9f4dc5b5
3737,53.599990890,10.132455,30,v6,88000000ffffffffffffa8dd9f4dc5b5
3738,53.610150404,10.159514,30,v6,88000000ffffffffffffa8dd9f4dc5b5
3739,53.620492658,10.342254,30,v6,88000000ffffffffffffa8dd9f4dc5b5
3740,53.631697673,11.205015,30,v6,88000000ffffffffffffa8dd9f4dc5b5
3741,53.641845016,10.147343,30,v6,88000000ffffffffffffa8dd9f4dc5b5
3742,53.652858987,11.013971,30,v6,88000000ffffffffffffa8dd9f4dc5b5
3743,53.664089041,11.230054,30,v6,88000000ffffffffffffa8dd9f4dc5b5
3744,53.674121221,10.032180,30,v6,88000000ffffffffffffa8dd9f4dc5b5
3745,53.684298305,10.177084,30,v6,88000000ffffffffffffa8dd9f4dc5b5
3746,53.694430860,10.132555,30,v6,88000000ffffffffffffa8dd9f4dc5b5
3747,53.705723051,11.292191,30,v6,88000000ffffffffffffa8dd9f4dc5b5
3748,53.714886354,9.163303,30,v6,88000000ffffffffffffa8dd9f4dc5b5
3749,53.725970552,11.084198,30,v6,88000000ffffffffffffa8dd9f4dc5b5
3750,53.736291667,10.321115,30,v6,88000000ffffffffffffa8dd9f4dc5b5
3751,53.746551670,10.260003,30,v6,88000000ffffffffffffa8dd9f4dc5b5
3752,53.757805061,11.253391,30,v6,88000000ffffffffffffa8dd9f4dc5b5
3753,53.767648939,9.843878,30,v6,88000000ffffffffffffa8dd9f4dc5b5
3754,53.778863592,11.214653,30,v6,88000000ffffffffffffa8dd9f4dc5b5
3755,53.789134385,10.270793,30,v6,88000000ffffffffffffa8dd9f4dc5b5
3756,53.799173223,10.038838,30,v6,88000000ffffffffffffa8dd9f4dc5b5
3757,53.809349880,10.176657,30,v6,88000000ffffffffffffa8dd9f4dc5b5
3758,53.820511954,11.162074,30,v6,88000000ffffffffffffa8dd9f4dc5b5
3759,53.830561693,10.049739,30,v6,88000000ffffffffffffa8dd9f4dc5b5
3760,53.840725513,10.163820,30,v6,88000000ffffffffffffa8dd9f4dc5b5
3761,53.851076419,10.350906,30,v6,88000000ffffffffffffa8dd9f4dc5b5
3762,53.862206191,11.129772,30,v6,88000000ffffffffffffa8dd9f4dc5b5
3763,53.872674503,10.468312,30,v6,88000000ffffffffffffa8dd9f4dc5b5
3764,53.882768082,10.093579,30,v6,88000000ffffffffffffa8dd9f4dc5b5
3765,53.892787433,10.019351,30,v6,88000000ffffffffffffa8dd9f4dc5b5
3766,53.904811938,12.024505,30,v6,88000000ffffffffffffa8dd9f4dc5b5
3767,53.915053712,10.241774,30,v6,88000000ffffffffffffa8dd9f4dc5b5
3768,53.925268748,10.215036,30,v6,88000000ffffffffffffa8dd9f4dc5b5
3769,53.935196223,9.927475,30,v6,88000000ffffffffffffa8dd9f4dc5b5
3770,53.945439939,10.243716,30,v6,88000000ffffffffffffa8dd9f4dc5b5
3771,53.956639590,11.199651,30,v6,88000000ffffffffffffa8dd9f4dc5b5
3772,53.966892387,10.252797,30,v6,88000000ffffffffffffa8dd9f4dc5b5
3773,53.976908890,10.016503,30,v6,88000000ffffffffffffa8dd9f4dc5b5
3774,53.987198267,10.289377,30,v6,88000000ffffffffffffa8dd9f4dc5b5
3775,53.997290214,10.091947,30,v6,88000000ffffffffffffa8dd9f4dc5b5
3776,54.008522993,11.232779,30,v6,88000000ffffffffffffa8dd9f4dc5b5
3777,54.017676964,9.153971,30,v6,88000000ffffffffffffa8dd9f4dc5b5
3778,54.028847060,11.170096,30,v6,88000000ffffffffffffa8dd9f4dc5b5
3779,54.039883941,11.036881,30,v6,88000000ffffffffffffa8dd9f4dc5b5
3780,54.051213841,11.329900,30,v6,88000000ffffffffffffa8dd9f4dc5b5
3781,54.060565993,9.352152,30,v6,88000000ffffffffffffa8dd9f4dc5b5
3782,54.071453688,10.887695,30,v6,88000000ffffffffffffa8dd9f4dc5b5
3783,54.082768871,11.315183,30,v6,88000000ffffffffffffa8dd9f4dc5b5
3784,54.092800928,10.032057,30,v6,88000000ffffffffffffa8dd9f4dc5b5
3785,54.102896862,10.095934,30,v6,88000000ffffffffffffa8dd9f4dc5b5
3786,54.113066652,10.169790,30,v6,88000000ffffffffffffa8dd9f4dc5b5
3787,54.123259497,10.192845,30,v6,88000000ffffffffffffa8dd9f4dc5b5
3788,54.134442762,11.183265,30,v6,88000000ffffffffffffa8dd9f4dc5b5
3789,54.144778833,10.336071,30,v6,88000000ffffffffffffa8dd9f4dc5b5
3790,54.154717442,9.938609,30,v6,88000000ffffffffffffa8dd9f4dc5b5
3791,54.165889939,11.172497,30,v6,88000000ffffffffffffa8dd9f4dc5b5
3792,54.176122190,10.232251,30,v6,88000000ffffffffffffa8dd9f4dc5b5
3793,54.187250150,11.127960,30,v6,88000000ffffffffffffa8dd9f4dc5b5
3794,54.197538785,10.288635,30,v6,88000000ffffffffffffa8dd9f4dc5b5
3795,54.207652328,10.113543,30,v6,88000000ffffffffffffa8dd9f4dc5b5
3796,54.217756517,10.104189,30,v6,88000000ffffffffffffa8dd9f4dc5b5
3797,54.227925393,10.168876,30,v6,88000000ffffffffffffa8dd9f4dc5b5
3798,54.239162534,11.237141,30,v6,88000000ffffffffffffa8dd9f4dc5b5
3799,54.249295250,10.132716,30,v6,88000000ffffffffffffa8dd9f4dc5b5
3800,54.259493735,10.198485,30,v6,88000000ffffffffffffa8dd9f4dc5b5
3801,54.269803713,10.309978,30,v6,88000000ffffffffffffa8dd9f4dc5b5
3802,54.280783045,10.979332,30,v6,88000000ffffffffffffa8dd9f4dc5b5
3803,54.291095851,10.312806,30,v6,88000000ffffffffffffa8dd9f4dc5b5
3804,54.301942658,10.846807,30,v6,88000000ffffffffffffa8dd9f4dc5b5
3805,54.312067293,10.124635,30,v6,88000000ffffffffffffa8dd9f4dc5b5
3806,54.323415170,11.347877,30,v6,88000000ffffffffffffa8dd9f4dc5b5
3807,54.332802970,9.387800,30,v6,88000000ffffffffffffa8dd9f4dc5b5
3808,54.344126289,11.323319,30,v6,88000000ffffffffffffa8dd9f4dc5b5
3809,54.353731232,9.604943,30,v6,88000000ffffffffffffa8dd9f4dc5b5
3810,54.364056786,10.325554,30,v6,88000000ffffffffffffa8dd9f4dc5b5
3811,54.375618708,11.561922,30,v6,88000000ffffffffffffa8dd9f4dc5b5
3812,54.385571513,9.952805,30,v6,88000000ffffffffffffa8dd9f4dc5b5
3813,54.395650797,10.079284,30,v6,88000000ffffffffffffa8dd9f4dc5b5
3814,54.405829430,10.178633,30,v6,88000000ffffffffffffa8dd9f4dc5b5
3815,54.417061097,11.231667,30,v6,88000000ffffffffffffa8dd9f4dc5b5
3816,54.425988718,8.927621,30,v6,88000000ffffffffffffa8dd9f4dc5b5
3817,54.437250277,11.261559,30,v6,88000000ffffffffffffa8dd9f4dc5b5
3818,54.447310980,10.060703,30,v6,88000000ffffffffffffa8dd9f4dc5b5
3819,54.458461363,11.150383,30,v6,88000000ffffffffffffa8dd9f4dc5b5
3820,54.469861391,11.400028,30,v6,88000000ffffffffffffa8dd9f4dc5b5
3821,54.479898691,10.037300,30,v6,88000000ffffffffffffa8dd9f4dc5b5
3822,54.490022148,10.123457,30,v6,88000000ffffffffffffa8dd9f4dc5b5
3823,54.500342684,10.320536,30,v6,88000000ffffffffffffa8dd9f4dc5b5
3824,54.510423324,10.080640,30,v6,88000000ffffffffffffa8dd9f4dc5b5
3825,54.521543097,11.119773,30,v6,88000000ffffffffffffa8dd9f4dc5b5
3826,54.531941495,10.398398,30,v6,88000000ffffffffffffa8dd9f4dc5b5
3827,54.542030377,10.088882,30,v6,88000000ffffffffffffa8dd9f4dc5b5
3828,54.551975011,9.944634,30,v6,88000000ffffffffffffa8dd9f4dc5b5
3829,54.563358334,11.383323,30,v6,88000000ffffffffffffa8dd9f4dc5b5
3830,54.573444084,10.085750,30,v6,88000000ffffffffffffa8dd9f4dc5b5
3831,54.583763890,10.319806,30,v6,88000000ffffffffffffa8dd9f4dc5b5
3832,54.594759171,10.995281,30,v6,88000000ffffffffffffa8dd9f4dc5b5
3833,54.605863427,11.104256,30,v6,88000000ffffffffffffa8dd9f4dc5b5
3834,54.616031675,10.168248,30,v6,88000000ffffffffffffa8dd9f4dc5b5
3835,54.626225566,10.193891,30,v6,88000000ffffffffffffa8dd9f4dc5b5
3836,54.636380430,10.154864,30,v6,88000000ffffffffffffa8dd9f4dc5b5
3837,54.647516876,11.136446,30,v6,88000000ffffffffffffa8dd9f4dc5b5
3838,54.657680598,10.163722,30,v6,88000000ffffffffffffa8dd9f4dc5b5
3839,54.667856552,10.175954,30,v6,88000000ffffffffffffa8dd9f4dc5b5
3840,54.678077148,10.220596,30,v6,88000000ffffffffffffa8dd9f4dc5b5
3841,54.689213407,11.136259,30,v6,88000000ffffffffffffa8dd9f4dc5b5
3842,54.699401964,10.188557,30,v6,88000000ffffffffffffa8dd9f4dc5b5
3843,54.710464340,11.062376,30,v6,88000000ffffffffffffa8dd9f4dc5b5
3844,54.721978582,11.514242,30,v6,88000000ffffffffffffa8dd9f4dc5b5
3845,54.730723896,8.745314,30,v6,88000000ffffffffffffa8dd9f4dc5b5
3846,54.741824780,11.100884,30,v6,88000000ffffffffffffa8dd9f4dc5b5
3847,54.752236131,10.411351,30,v6,88000000ffffffffffffa8dd9f4dc5b5
3848,54.762343578,10.107447,30,v6,88000000ffffffffffffa8dd9f4dc5b5
3849,54.773559895,11.216317,30,v6,88000000ffffffffffffa8dd9f4dc5b5
3850,54.782730119,9.170224,30,v6,88000000ffffffffffffa8dd9f4dc5b5
3851,54.793609959,10.879840,30,v6,88000000ffffffffffffa8dd9f4dc5b5
3852,54.803896626,10.286667,30,v6,88000000ffffffffffffa8dd9f4dc5b5
3853,54.814077354,10.180728,30,v6,88000000ffffffffffffa8dd9f4dc5b5
3854,54.826362302,12.284948,30,v6,88000000ffffffffffffa8dd9f4dc5b5
3855,54.836399954,10.037652,30,v6,88000000ffffffffffffa8dd9f4dc5b5
3856,54.846708128,10.308174,30,v6,88000000ffffffffffffa8dd9f4dc5b5
3857,54.857739068,11.030940,30,v6,88000000ffffffffffffa8dd9f4dc5b5
3858,54.866953060,9.213992,30,v6,88000000ffffffffffffa8dd9f4dc5b5
3859,54.878041351,11.088291,30,v6,88000000ffffffffffffa8dd9f4dc5b5
3860,54.888160568,10.119217,30,v6,88000000ffffffffffffa8dd9f4dc5b5
3861,54.898399157,10.238589,30,v6,88000000ffffffffffffa8dd9f4dc5b5
3862,54.908683558,10.284401,30,v6,88000000ffffffffffffa8dd9f4dc5b5
3863,54.918800059,10.116501,30,v6,88000000ffffffffffffa8dd9f4dc5b5
3864,54.930771378,11.971319,30,v6,88000000ffffffffffffa8dd9f4dc5b5
3865,54.941182928,10.411550,30,v6,88000000ffffffffffffa8dd9f4dc5b5
3866,54.951332113,10.149185,30,v6,88000000ffffffffffffa8dd9f4dc5b5
3867,54.961583135,10.251022,30,v6,88000000ffffffffffffa8dd9f4dc5b5
3868,54.972461328,10.878193,30,v6,88000000ffffffffffffa8dd9f4dc5b5
3869,54.982649317,10.187989,30,v6,88000000ffffffffffffa8dd9f4dc5b5
3870,54.992877194,10.227877,30,v6,88000000ffffffffffffa8dd9f4dc5b5
3871,55.004083682,11.206488,30,v6,88000000ffffffffffffa8dd9f4dc5b5
3872,55.014254304,10.170622,30,v6,88000000ffffffffffffa8dd9f4dc5b5
3873,55.024426938,10.172634,30,v6,88000000ffffffffffffa8dd9f4dc5b5
3874,55.034861926,10.434988,30,v6,88000000ffffffffffffa8dd9f4dc5b5
3875,55.045886636,11.024710,30,v6,88000000ffffffffffffa8dd9f4dc5b5
3876,55.057125968,11.239332,30,v6,88000000ffffffffffffa8dd9f4dc5b5
3877,55.067148989,10.023021,30,v6,88000000ffffffffffffa8dd9f4dc5b5
3878,55.077430596,10.281607,30,v6,88000000ffffffffffffa8dd9f4dc5b5
3879,55.088571613,11.141017,30,v6,88000000ffffffffffffa8dd9f4dc5b5
3880,55.098632015,10.060402,30,v6,88000000ffffffffffffa8dd9f4dc5b5
3881,55.108574825,9.942810,30,v6,88000000ffffffffffffa8dd9f4dc5b5
3882,55.118996279,10.421454,30,v6,88000000ffffffffffffa8dd9f4dc5b5
3883,55.129317178,10.320899,30,v6,88000000ffffffffffffa8dd9f4dc5b5
3884,55.139297716,9.980538,30,v6,88000000ffffffffffffa8dd9f4dc5b5
3885,55.150421705,11.123989,30,v6,88000000ffffffffffffa8dd9f4dc5b5
3886,55.161765907,11.344202,30,v6,88000000ffffffffffffa8dd9f4dc5b5
3887,55.172133120,10.367213,30,v6,88000000ffffffffffffa8dd9f4dc5b5
3888,55.182052923,9.919803,30,v6,88000000ffffffffffffa8dd9f4dc5b5
3889,55.192233635,10.180712,30,v6,88000000ffffffffffffa8dd9f4dc5b5
3890,55.202497646,10.264011,30,v6,88000000ffffffffffffa8dd9f4dc5b5
3891,55.213474696,10.977050,30,v6,88000000ffffffffffffa8dd9f4dc5b5
3892,55.223567712,10.093016,30,v6,88000000ffffffffffffa8dd9f4dc5b5
3893,55.233989203,10.421491,30,v6,88000000ffffffffffffa8dd9f4dc5b5
3894,55.244170979,10.181776,30,v6,88000000ffffffffffffa8dd9f4dc5b5
3895,55.255162848,10.991869,30,v6,88000000ffffffffffffa8dd9f4dc5b5
3896,55.265284034,10.121186,30,v6,88000000ffffffffffffa8dd9f4dc5b5
3897,55.275385271,10.101237,30,v6,88000000ffffffffffffa8dd9f4dc5b5
3898,55.285804842,10.419571,30,v6,88000000ffffffffffffa8dd9f4dc5b5
3899,55.296830498,11.025656,30,v6,88000000ffffffffffffa8dd9f4dc5b5
3900,55.307940922,11.110424,30,v6,88000000ffffffffffffa8dd9f4dc5b5
3901,55.318161468,10.220546,30,v6,88000000ffffffffffffa8dd9f4dc5b5
3902,55.328486089,10.324621,30,v6,88000000ffffffffffffa8dd9f4dc5b5
3903,55.339509758,11.023669,30,v6,88000000ffffffffffffa8dd9f4dc5b5
3904,55.348610870,9.101112,30,v6,88000000ffffffffffffa8dd9f4dc5b5
3905,55.360028927,11.418057,30,v6,88000000ffffffffffffa8dd9f4dc5b5
3906,55.369893109,9.864182,30,v6,88000000ffffffffffffa8dd9f4dc5b5
3907,55.380149794,10.256685,30,v6,88000000ffffffffffffa8dd9f4dc5b5
3908,55.391208902,11.059108,30,v6,88000000ffffffffffffa8dd9f4dc5b5
3909,55.401539175,10.330273,30,v6,88000000ffffffffffffa8dd9f4dc5b5
3910,55.411682775,10.143600,30,v6,88000000ffffffffffffa8dd9f4dc5b5
3911,55.421896828,10.214053,30,v6,88000000ffffffffffffa8dd9f4dc5b5
3912,55.432940105,11.043277,30,v6,88000000ffffffffffffa8dd9f4dc5b5
3913,55.444060737,11.120632,30,v6,88000000ffffffffffffa8dd9f4dc5b5
3914,55.454240725,10.179988,30,v6,88000000ffffffffffffa8dd9f4dc5b5
3915,55.464532918,10.292193,30,v6,88000000ffffffffffffa8dd9f4dc5b5
3916,55.474612341,10.079423,30,v6,88000000ffffffffffffa8dd9f4dc5b5
3917,55.485879239,11.266898,30,v6,88000000ffffffffffffa8dd9f4dc5b5
3918,55.495948450,10.069211,30,v6,88000000ffffffffffffa8dd9f4dc5b5
3919,55.505943180,9.994730,30,v6,88000000ffffffffffffa8dd9f4dc5b5
3920,55.516410326,10.467146,30,v6,88000000ffffffffffffa8dd9f4dc5b5
3921,55.526618791,10.208465,30,v6,88000000ffffffffffffa8dd9f4dc5b5
3922,55.536602480,9.983689,30,v6,88000000ffffffffffffa8dd9f4dc5b5
3923,55.548858703,12.256223,30,v6,88000000ffffffffffffa8dd9f4dc5b5
3924,55.558937507,10.078804,30,v6,88000000ffffffffffffa8dd9f4dc5b5
3925,55.569008528,10.071021,30,v6,88000000ffffffffffffa8dd9f4dc5b5
3926,55.579214732,10.206204,30,v6,88000000ffffffffffffa8dd9f4dc5b5
3927,55.589235419,10.020687,30,v6,88000000ffffffffffffa8dd9f4dc5b5
3928,55.600355885,11.120466,30,v6,88000000ffffffffffffa8dd9f4dc5b5
3929,55.610634123,10.278238,30,v6,88000000ffffffffffffa8dd9f4dc5b5
3930,55.620889054,10.254931,30,v6,88000000ffffffffffffa8dd9f4dc5b5
3931,55.630927496,10.038442,30,v6,88000000ffffffffffffa8dd9f4dc5b5
3932,55.642316342,11.388846,30,v6,88000000ffffffffffffa8dd9f4dc5b5
3933,55.652312943,9.996601,30,v6,88000000ffffffffffffa8dd9f4dc5b5
3934,55.663602161,11.289218,30,v6,88000000ffffffffffffa8dd9f4dc5b5
3935,55.673696221,10.094060,30,v6,88000000ffffffffffffa8dd9f4dc5b5
3936,55.683779593,10.083372,30,v6,88000000ffffffffffffa8dd9f4dc5b5
3937,55.694875695,11.096102,30,v6,88000000ffffffffffffa8dd9f4dc5b5
3938,55.704990820,10.115125,30,v6,88000000ffffffffffffa8dd9f4dc5b5
3939,55.715157106,10.166286,30,v6,88000000ffffffffffffa8dd9f4dc5b5
3940,55.725523153,10.366047,30,v6,88000000ffffffffffffa8dd9f4dc5b5
3941,55.735797974,10.274821,30,v6,88000000ffffffffffffa8dd9f4dc5b5
3942,55.746748916,10.950942,30,v6,88000000ffffffffffffa8dd9f4dc5b5
3943,55.756765948,10.017032,30,v6,88000000ffffffffffffa8dd9f4dc5b5
3944,55.767022392,10.256444,30,v6,88000000ffffffffffffa8dd9f4dc5b5
3945,55.777367964,10.345572,30,v6,88000000ffffffffffffa8dd9f4dc5b5
3946,55.788408404,11.040440,30,v6,88000000ffffffffffffa8dd9f4dc5b5
3947,55.799643259,11.234855,30,v6,88000000ffffffffffffa8dd9f4dc5b5
3948,55.809734588,10.091329,30,v6,88000000ffffffffffffa8dd9f4dc5b5
3949,55.820010961,10.276373,30,v6,88000000ffffffffffffa8dd9f4dc5b5
3950,55.831246656,11.235695,30,v6,88000000ffffffffffffa8dd9f4dc5b5
3951,55.840388026,9.141370,30,v6,88000000ffffffffffffa8dd9f4dc5b5
3952,55.851291639,10.903613,30,v6,88000000ffffffffffffa8dd9f4dc5b5
3953,55.861416088,10.124449,30,v6,88000000ffffffffffffa8dd9f4dc5b5
3954,55.881853940,20.437852,30,v6,88000000ffffffffffffa8dd9f4dc5b5
3955,55.893139966,11.286026,30,v6,88000000ffffffffffffa8dd9f4dc5b5
3956,55.904233693,11.093727,30,v6,88000000ffffffffffffa8dd9f4dc5b5
3957,55.914342168,10.108475,30,v6,88000000ffffffffffffa8dd9f4dc5b5
3958,55.924675054,10.332886,30,v6,88000000ffffffffffffa8dd9f4dc5b5
3959,55.935680193,11.005139,30,v6,88000000ffffffffffffa8dd9f4dc5b5
3960,55.944896536,9.216343,30,v6,88000000ffffffffffffa8dd9f4dc5b5
3961,55.955945234,11.048698,30,v6,88000000ffffffffffffa8dd9f4dc5b5
3962,55.966111293,10.166059,30,v6,88000000ffffffffffffa8dd9f4dc5b5
3963,55.986531121,20.419828,30,v6,88000000ffffffffffffa8dd9f4dc5b5
3964,55.998822883,12.291762,30,v6,88000000ffffffffffffa8dd9f4dc5b5
3965,56.009036234,10.213351,30,v6,88000000ffffffffffffa8dd9f4dc5b5
3966,56.019068757,10.032523,30,v6,88000000ffffffffffffa8dd9f4dc5b5
3967,56.029195666,10.126909,30,v6,88000000ffffffffffffa8dd9f4dc5b5
3968,56.039384047,10.188381,30,v6,88000000ffffffffffffa8dd9f4dc5b5
3969,56.050623278,11.239231,30,v6,88000000ffffffffffffa8dd9f4dc5b5
3970,56.060789619,10.166341,30,v6,88000000ffffffffffffa8dd9f4dc5b5
3971,56.070911798,10.122179,30,v6,88000000ffffffffffffa8dd9f4dc5b5
3972,56.081027403,10.115605,30,v6,88000000ffffffffffffa8dd9f4dc5b5
3973,56.091259182,10.231779,30,v6,88000000ffffffffffffa8dd9f4dc5b5
3974,56.103484239,12.225057,30,v6,88000000ffffffffffffa8dd9f4dc5b5
3975,56.113552065,10.067826,30,v6,88000000ffffffffffffa8dd9f4dc5b5
3976,56.123717553,10.165488,30,v6,88000000ffffffffffffa8dd9f4dc5b5
3977,56.133903999,10.186446,30,v6,88000000ffffffffffffa8dd9f4dc5b5
3978,56.144109043,10.205044,30,v6,88000000ffffffffffffa8dd9f4dc5b5
3979,56.154327961,10.218918,30,v6,88000000ffffffffffffa8dd9f4dc5b5
3980,56.164364324,10.036363,30,v6,88000000ffffffffffffa8dd9f4dc5b5
3981,56.175748570,11.384246,30,v6,88000000ffffffffffffa8dd9f4dc5b5
3982,56.185586338,9.837768,30,v6,88000000ffffffffffffa8dd9f4dc5b5
3983,56.195939232,10.352894,30,v6,88000000ffffffffffffa8dd9f4dc5b5
3984,56.205953097,10.013865,30,v6,88000000ffffffffffffa8dd9f4dc5b5
3985,56.217208513,11.255416,30,v6,88000000ffffffffffffa8dd9f4dc5b5
3986,56.228253246,11.044733,30,v6,88000000ffffffffffffa8dd9f4dc5b5
3987,56.578814860,350.561614,30,v6,88000000ffffffffffffa8dd9f4dc5b5
3988,56.589000393,10.185533,30,v6,88000000ffffffffffffa8dd9f4dc5b5
3989,56.600282450,11.282057,30,v6,88000000ffffffffffffa8dd9f4dc5b5
3990,56.610507052,10.224602,30,v6,88000000ffffffffffffa8dd9f4dc5b5
3991,56.621615375,11.108323,30,v6,88000000ffffffffffffa8dd9f4dc5b5
3992,56.631815452,10.200077,30,v6,88000000ffffffffffffa8dd9f4dc5b5
3993,56.641898369,10.082917,30,v6,88000000ffffffffffffa8dd9f4dc5b5
3994,56.651002251,9.103882,30,v6,88000000ffffffffffffa8dd9f4dc5b5
3995,56.662202616,11.200365,30,v6,88000000ffffffffffffa8dd9f4dc5b5
3996,56.672225599,10.022983,30,v6,88000000ffffffffffffa8dd9f4dc5b5
3997,56.682436424,10.210825,30,v6,88000000ffffffffffffa8dd9f4dc5b5
3998,56.692549712,10.113288,30,v6,88000000ffffffffffffa8dd9f4dc5b5
3999,56.703814417,11.264705,30,v6,88000000ffffffffffffa8dd9f4dc5b5
4000,56.714146640,10.332223,30,v6,88000000ffffffffffffa8dd9f4dc5b5
4001,56.724272445,10.125805,30,v6,88000000ffffffffffffa8dd9f4dc5b5
4002,56.735592346,11.319901,30,v6,88000000ffffffffffffa8dd9f4dc5b5
4003,56.745682823,10.090477,30,v6,88000000ffffffffffffa8dd9f4dc5b5
4004,56.755748096,10.065273,30,v6,88000000ffffffffffffa8dd9f4dc5b5
4005,56.765713458,9.965362,30,v6,88000000ffffffffffffa8dd9f4dc5b5
4006,56.775944170,10.230712,30,v6,88000000ffffffffffffa8dd9f4dc5b5
4007,56.786343214,10.399044,30,v6,88000000ffffffffffffa8dd9f4dc5b5
4008,56.796490230,10.147016,30,v6,88000000ffffffffffffa8dd9f4dc5b5
4009,56.807680165,11.189935,30,v6,88000000ffffffffffffa8dd9f4dc5b5
4010,56.817834383,10.154218,30,v6,88000000ffffffffffffa8dd9f4dc5b5
4011,56.827927486,10.093103,30,v6,88000000ffffffffffffa8dd9f4dc5b5
4012,56.838140861,10.213375,30,v6,88000000ffffffffffffa8dd9f4dc5b5
4013,56.849130476,10.989615,30,v6,88000000ffffffffffffa8dd9f4dc5b5
4014,56.859541774,10.411298,30,v6,88000000ffffffffffffa8dd9f4dc5b5
4015,56.869476607,9.934833,30,v6,88000000ffffffffffffa8dd9f4dc5b5
4016,56.879799254,10.322647,30,v6,88000000ffffffffffffa8dd9f4dc5b5
4017,56.890025602,10.226348,30,v6,88000000ffffffffffffa8dd9f4dc5b5
4018,56.899949512,9.923910,30,v6,88000000ffffffffffffa8dd9f4dc5b5
4019,56.910241332,10.291820,30,v6,88000000ffffffffffffa8dd9f4dc5b5
4020,56.921416852,11.175520,30,v6,88000000ffffffffffffa8dd9f4dc5b5
4021,56.932545036,11.128184,30,v6,88000000ffffffffffffa8dd9f4dc5b5
4022,56.942906376,10.361340,30,v6,88000000ffffffffffffa8dd9f4dc5b5
4023,56.953011629,10.105253,30,v6,88000000ffffffffffffa8dd9f4dc5b5
4024,56.962931739,9.920110,30,v6,88000000ffffffffffffa8dd9f4dc5b5
4025,56.973193012,10.261273,30,v6,88000000ffffffffffffa8dd9f4dc5b5
4026,56.983313106,10.120094,30,v6,88000000ffffffffffffa8dd9f4dc5b5
4027,56.994475810,11.162704,30,v6,88000000ffffffffffffa8dd9f4dc5b5
4028,57.004819643,10.343833,30,v6,88000000ffffffffffffa8dd9f4dc5b5
4029,57.015053273,10.233630,30,v6,88000000ffffffffffffa8dd9f4dc5b5
4030,57.024065816,9.012543,30,v6,88000000ffffffffffffa8dd9f4dc5b5
4031,57.035161808,11.095992,30,v6,88000000ffffffffffffa8dd9f4dc5b5
4032,57.045463434,10.301626,30,v6,88000000ffffffffffffa8dd9f4dc5b5
4033,57.055383645,9.920211,30,v6,88000000ffffffffffffa8dd9f4dc5b5
4034,57.066483403,11.099758,30,v6,88000000ffffffffffffa8dd9f4dc5b5
4035,57.076779921,10.296518,30,v6,88000000ffffffffffffa8dd9f4dc5b5
4036,57.087950275,11.170354,30,v6,88000000ffffffffffffa8dd9f4dc5b5
4037,57.098064778,10.114503,30,v6,88000000ffffffffffffa8dd9f4dc5b5
4038,57.107246206,9.181428,30,v6,88000000ffffffffffffa8dd9f4dc5b5
4039,57.118408039,11.161833,30,v6,88000000ffffffffffffa8dd9f4dc5b5
4040,57.128401653,9.993614,30,v6,88000000ffffffffffffa8dd9f4dc5b5
4041,57.138751796,10.350143,30,v6,88000000ffffffffffffa8dd9f4dc5b5
4042,57.148838539,10.086743,30,v6,88000000ffffffffffffa8dd9f4dc5b5
4043,57.159829937,10.991398,30,v6,88000000ffffffffffffa8dd9f4dc5b5
4044,57.169171695,9.341758,30,v6,88000000ffffffffffffa8dd9f4dc5b5
4045,57.180674089,11.502394,30,v6,88000000ffffffffffffa8dd9f4dc5b5
4046,57.191684807,11.010718,30,v6,88000000ffffffffffffa8dd9f4dc5b5
4047,57.200748730,9.063923,30,v6,88000000ffffffffffffa8dd9f4dc5b5
4048,57.211822466,11.073736,30,v6,88000000ffffffffffffa8dd9f4dc5b5
4049,57.222010156,10.187690,30,v6,88000000ffffffffffffa8dd9f4dc5b5
4050,57.232400858,10.390702,30,v6,88000000ffffffffffffa8dd9f4dc5b5
4051,57.242615481,10.214623,30,v6,88000000ffffffffffffa8dd9f4dc5b5
4052,57.252351536,9.736055,30,v6,88000000ffffffffffffa8dd9f4dc5b5
4053,57.262670456,10.318920,30,v6,88000000ffffffffffffa8dd9f4dc5b5
4054,57.272819557,10.149101,30,v6,88000000ffffffffffffa8dd9f4dc5b5
4055,57.282980468,10.160911,30,v6,88000000ffffffffffffa8dd9f4dc5b5
4056,57.293297528,10.317060,30,v6,88000000ffffffffffffa8dd9f4dc5b5
4057,57.305302702,12.005174,30,v6,88000000ffffffffffffa8dd9f4dc5b5
4058,57.315426105,10.123403,30,v6,88000000ffffffffffffa8dd9f4dc5b5
4059,57.325627263,10.201158,30,v6,88000000ffffffffffffa8dd9f4dc5b5
4060,57.335823769,10.196506,30,v6,88000000ffffffffffffa8dd9f4dc5b5
4061,57.345899540,10.075771,30,v6,88000000ffffffffffffa8dd9f4dc5b5
4062,57.356156906,10.257366,30,v6,88000000ffffffffffffa8dd9f4dc5b5
4063,57.366316890,10.159984,30,v6,88000000ffffffffffffa8dd9f4dc5b5
4064,57.377471601,11.154711,30,v6,88000000ffffffffffffa8dd9f4dc5b5
4065,57.387661695,10.190094,30,v6,88000000ffffffffffffa8dd9f4dc5b5
4066,57.397663570,10.001875,30,v6,88000000ffffffffffffa8dd9f4dc5b5
4067,57.409088327,11.424757,30,v6,88000000ffffffffffffa8dd9f4dc5b5
4068,57.419005024,9.916697,30,v6,88000000ffffffffffffa8dd9f4dc5b5
4069,57.429340725,10.335701,30,v6,88000000ffffffffffffa8dd9f4dc5b5
4070,57.439396518,10.055793,30,v6,88000000ffffffffffffa8dd9f4dc5b5
4071,57.450551853,11.155335,30,v6,88000000ffffffffffffa8dd9f4dc5b5
4072,57.460762463,10.210610,30,v6,88000000ffffffffffffa8dd9f4dc5b5
4073,57.470862141,10.099678,30,v6,88000000ffffffffffffa8dd9f4dc5b5
4074,57.481030932,10.168791,30,v6,88000000ffffffffffffa8dd9f4dc5b5
4075,57.491271973,10.241041,30,v6,88000000ffffffffffffa8dd9f4dc5b5
4076,57.501531440,10.259467,30,v6,88000000ffffffffffffa8dd9f4dc5b5
4077,57.511956104,10.424664,30,v6,88000000ffffffffffffa8dd9f4dc5b5
4078,57.522779435,10.823331,30,v6,88000000ffffffffffffa8dd9f4dc5b5
4079,57.533883880,11.104445,30,v6,88000000ffffffffffffa8dd9f4dc5b5
4080,57.544230241,10.346361,30,v6,88000000ffffffffffffa8dd9f4dc5b5
4081,57.554477932,10.247691,30,v6,88000000ffffffffffffa8dd9f4dc5b5
4082,57.563355721,8.877789,30,v6,88000000ffffffffffffa8dd9f4dc5b5
4083,57.574419216,11.063495,30,v6,88000000ffffffffffffa8dd9f4dc5b5
4084,57.584681930,10.262714,30,v6,88000000ffffffffffffa8dd9f4dc5b5
4085,57.594874450,10.192520,30,v6,88000000ffffffffffffa8dd9f4dc5b5
4086,57.605046353,10.171903,30,v6,88000000ffffffffffffa8dd9f4dc5b5
4087,57.615311457,10.265104,30,v6,88000000ffffffffffffa8dd9f4dc5b5
4088,57.625331996,10.020539,30,v6,88000000ffffffffffffa8dd9f4dc5b5
4089,57.636801392,11.469396,30,v6,88000000ffffffffffffa8dd9f4dc5b5
4090,57.647023098,10.221706,30,v6,88000000ffffffffffffa8dd9f4dc5b5
4091,57.657917548,10.894450,30,v6,88000000ffffffffffffa8dd9f4dc5b5
4092,57.668100150,10.182602,30,v6,88000000ffffffffffffa8dd9f4dc5b5
4093,57.678109189,10.009039,30,v6,88000000ffffffffffffa8dd9f4dc5b5
4094,57.688401469,10.292280,30,v6,88000000ffffffffffffa8dd9f4dc5b5
4095,57.698614481,10.213012,30,v6,88000000ffffffffffffa8dd9f4dc5b5
4096,57.708737888,10.123407,30,v6,88000000ffffffffffffa8dd9f4dc5b5
4097,57.718860292,10.122404,30,v6,88000000ffffffffffffa8dd9f4dc5b5
4098,57.729025457,10.165165,30,v6,88000000ffffffffffffa8dd9f4dc5b5
4099,57.739191721,10.166264,30,v6,88000000ffffffffffffa8dd9f4dc5b5
4100,57.750294236,11.102515,30,v6,88000000ffffffffffffa8dd9f4dc5b5
4101,57.761529132,11.234896,30,v6,88000000ffffffffffffa8dd9f4dc5b5
4102,57.771741482,10.212350,30,v6,88000000ffffffffffffa8dd9f4dc5b5
4103,57.781727878,9.986396,30,v6,88000000ffffffffffffa8dd9f4dc5b5
4104,57.791980207,10.252329,30,v6,88000000ffffffffffffa8dd9f4dc5b5
4105,57.802210216,10.230009,30,v6,88000000ffffffffffffa8dd9f4dc5b5
4106,57.812521257,10.311041,30,v6,88000000ffffffffffffa8dd9f4dc5b5
4107,57.823627109,11.105852,30,v6,88000000ffffffffffffa8dd9f4dc5b5
4108,57.832700037,9.072928,30,v6,88000000ffffffffffffa8dd9f4dc5b5
4109,57.843685066,10.985029,30,v6,88000000ffffffffffffa8dd9f4dc5b5
4110,57.853955962,10.270896,30,v6,88000000ffffffffffffa8dd9f4dc5b5
4111,57.864232791,10.276829,30,v6,88000000ffffffffffffa8dd9f4dc5b5
4112,57.874225993,9.993202,30,v6,88000000ffffffffffffa8dd9f4dc5b5
4113,57.885521640,11.295647,30,v6,88000000ffffffffffffa8dd9f4dc5b5
4114,57.895851498,10.329858,30,v6,88000000ffffffffffffa8dd9f4dc5b5
4115,57.905769686,9.918188,30,v6,88000000ffffffffffffa8dd9f4dc5b5
4116,57.915867114,10.097428,30,v6,88000000ffffffffffffa8dd9f4dc5b5
4117,57.926247301,10.380187,30,v6,88000000ffffffffffffa8dd9f4dc5b5
4118,57.936319551,10.072250,30,v6,88000000ffffffffffffa8dd9f4dc5b5
4119,57.946657289,10.337738,30,v6,88000000ffffffffffffa8dd9f4dc5b5
4120,57.957794510,11.137221,30,v6,88000000ffffffffffffa8dd9f4dc5b5
4121,57.967913395,10.118885,30,v6,88000000ffffffffffffa8dd9f4dc5b5
4122,57.978863413,10.950018,30,v6,88000000ffffffffffffa8dd9f4dc5b5
4123,57.989082345,10.218932,30,v6,88000000ffffffffffffa8dd9f4dc5b5
4124,57.999388639,10.306294,30,v6,88000000ffffffffffffa8dd9f4dc5b5
4125,58.009531046,10.142407,30,v6,88000000ffffffffffffa8dd9f4dc5b5
4126,58.019569634,10.038588,30,v6,88000000ffffffffffffa8dd9f4dc5b5
4127,58.029828519,10.258885,30,v6,88000000ffffffffffffa8dd9f4dc5b5
4128,58.039928310,10.099791,30,v6,88000000ffffffffffffa8dd9f4dc5b5
4129,58.050121170,10.192860,30,v6,88000000ffffffffffffa8dd9f4dc5b5
4130,58.060386725,10.265555,30,v6,88000000ffffffffffffa8dd9f4dc5b5
4131,58.071385436,10.998711,30,v6,88000000ffffffffffffa8dd9f4dc5b5
4132,58.082834915,11.449479,30,v6,88000000ffffffffffffa8dd9f4dc5b5
4133,58.092688700,9.853785,30,v6,88000000ffffffffffffa8dd9f4dc5b5
4134,58.102754249,10.065549,30,v6,88000000ffffffffffffa8dd9f4dc5b5
4135,58.113000185,10.245936,30,v6,88000000ffffffffffffa8dd9f4dc5b5
4136,58.123103722,10.103537,30,v6,88000000ffffffffffffa8dd9f4dc5b5
4137,58.133379389,10.275667,30,v6,88000000ffffffffffffa8dd9f4dc5b5
4138,58.144537470,11.158081,30,v6,88000000ffffffffffffa8dd9f4dc5b5
4139,58.154705157,10.167687,30,v6,88000000ffffffffffffa8dd9f4dc5b5
4140,58.164800091,10.094934,30,v6,88000000ffffffffffffa8dd9f4dc5b5
4141,58.175040510,10.240419,30,v6,88000000ffffffffffffa8dd9f4dc5b5
4142,58.186345994,11.305484,30,v6,88000000ffffffffffffa8dd9f4dc5b5
4143,58.196335373,9.989379,30,v6,88000000ffffffffffffa8dd9f4dc5b5
4144,58.206641071,10.305698,30,v6,88000000ffffffffffffa8dd9f4dc5b5
4145,58.216769159,10.128088,30,v6,88000000ffffffffffffa8dd9f4dc5b5
4146,58.227729185,10.960026,30,v6,88000000ffffffffffffa8dd9f4dc5b5
4147,58.237033541,9.304356,30,v6,88000000ffffffffffffa8dd9f4dc5b5
4148,58.247272162,10.238621,30,v6,88000000ffffffffffffa8dd9f4dc5b5
4149,58.258367822,11.095660,30,v6,88000000ffffffffffffa8dd9f4dc5b5
4150,58.268504443,10.136621,30,v6,88000000ffffffffffffa8dd9f4dc5b5
4151,58.278902815,10.398372,30,v6,88000000ffffffffffffa8dd9f4dc5b5
4152,58.288693732,9.790917,30,v6,88000000ffffffffffffa8dd9f4dc5b5
4153,58.299947217,11.253485,30,v6,88000000ffffffffffffa8dd9f4dc5b5
4154,58.311071752,11.124535,30,v6,88000000ffffffffffffa8dd9f4dc5b5
4155,58.320476756,9.405004,30,v6,88000000ffffffffffffa8dd9f4dc5b5
4156,58.330556501,10.079745,30,v6,88000000ffffffffffffa8dd9f4dc5b5
4157,58.341769490,11.212989,30,v6,88000000ffffffffffffa8dd9f4dc5b5
4158,58.351896129,10.126639,30,v6,88000000ffffffffffffa8dd9f4dc5b5
4159,58.362158155,10.262026,30,v6,88000000ffffffffffffa8dd9f4dc5b5
4160,58.372095897,9.937742,30,v6,88000000ffffffffffffa8dd9f4dc5b5
4161,58.382202129,10.106232,30,v6,88000000ffffffffffffa8dd9f4dc5b5
4162,58.392637022,10.434893,30,v6,88000000ffffffffffffa8dd9f4dc5b5
4163,58.402612816,9.975794,30,v6,88000000ffffffffffffa8dd9f4dc5b5
4164,58.414910907,12.298091,30,v6,88000000ffffffffffffa8dd9f4dc5b5
4165,58.423942585,9.031678,30,v6,88000000ffffffffffffa8dd9f4dc5b5
4166,58.435249051,11.306466,30,v6,88000000ffffffffffffa8dd9f4dc5b5
4167,58.445607336,10.358285,30,v6,88000000ffffffffffffa8dd9f4dc5b5
4168,58.455517739,9.910403,30,v6,88000000ffffffffffffa8dd9f4dc5b5
4169,58.465502472,9.984733,30,v6,88000000ffffffffffffa8dd9f4dc5b5
4170,58.475902973,10.400501,30,v6,88000000ffffffffffffa8dd9f4dc5b5
4171,58.485809664,9.906691,30,v6,88000000ffffffffffffa8dd9f4dc5b5
4172,58.496075025,10.265361,30,v6,88000000ffffffffffffa8dd9f4dc5b5
4173,58.506249262,10.174237,30,v6,88000000ffffffffffffa8dd9f4dc5b5
4174,58.517391393,11.142131,30,v6,88000000ffffffffffffa8dd9f4dc5b5
4175,58.527767483,10.376090,30,v6,88000000ffffffffffffa8dd9f4dc5b5
4176,58.538705101,10.937618,30,v6,88000000ffffffffffffa8dd9f4dc5b5
4177,58.548831344,10.126243,30,v6,88000000ffffffffffffa8dd9f4dc5b5
4178,58.559149466,10.318122,30,v6,88000000ffffffffffffa8dd9f4dc5b5
4179,58.569067859,9.918393,30,v6,88000000ffffffffffffa8dd9f4dc5b5
4180,58.579384691,10.316832,30,v6,88000000ffffffffffffa8dd9f4dc5b5
4181,58.589607218,10.222527,30,v6,88000000ffffffffffffa8dd9f4dc5b5
4182,58.599928749,10.321531,30,v6,88000000ffffffffffffa8dd9f4dc5b5
4183,58.609807451,9.878702,30,v6,88000000ffffffffffffa8dd9f4dc5b5
4184,58.621173478,11.366027,30,v6,88000000ffffffffffffa8dd9f4dc5b5
4185,58.631306531,10.133053,30,v6,88000000ffffffffffffa8dd9f4dc5b5
4186,58.642539487,11.232956,30,v6,88000000ffffffffffffa8dd9f4dc5b5
4187,58.652472438,9.932951,30,v6,88000000ffffffffffffa8dd9f4dc5b5
4188,58.663094938,10.622500,30,v6,88000000ffffffffffffa8dd9f4dc5b5
4189,58.672943335,9.848397,30,v6,88000000ffffffffffffa8dd9f4dc5b5
4190,58.683194415,10.251080,30,v6,88000000ffffffffffffa8dd9f4dc5b5
4191,58.693189380,9.994965,30,v6,88000000ffffffffffffa8dd9f4dc5b5
4192,58.703326884,10.137504,30,v6,88000000ffffffffffffa8dd9f4dc5b5
4193,58.714726522,11.399638,30,v6,88000000ffffffffffffa8dd9f4dc5b5
4194,58.723887697,9.161175,30,v6,88000000ffffffffffffa8dd9f4dc5b5
4195,58.734715557,10.827860,30,v6,88000000ffffffffffffa8dd9f4dc5b5
4196,58.744958466,10.242909,30,v6,88000000ffffffffffffa8dd9f4dc5b5
4197,58.756204926,11.246460,30,v6,88000000ffffffffffffa8dd9f4dc5b5
4198,58.766606871,10.401945,30,v6,88000000ffffffffffffa8dd9f4dc5b5
4199,58.776521884,9.915013,30,v6,88000000ffffffffffffa8dd9f4dc5b5
4200,58.786846215,10.324331,30,v6,88000000ffffffffffffa8dd9f4dc5b5
4201,58.796966422,10.120207,30,v6,88000000ffffffffffffa8dd9f4dc5b5
4202,58.808028373,11.061951,30,v6,88000000ffffffffffffa8dd9f4dc5b5
4203,58.817197950,9.169577,30,v6,88000000ffffffffffffa8dd9f4dc5b5
4204,58.828334755,11.136805,30,v6,88000000ffffffffffffa8dd9f4dc5b5
4205,58.838411034,10.076279,30,v6,88000000ffffffffffffa8dd9f4dc5b5
4206,58.848840607,10.429573,30,v6,88000000ffffffffffffa8dd9f4dc5b5
4207,58.858769530,9.928923,30,v6,88000000ffffffffffffa8dd9f4dc5b5
4208,58.869010176,10.240646,30,v6,88000000ffffffffffffa8dd9f4dc5b5
4209,58.880170513,11.160337,30,v6,88000000ffffffffffffa8dd9f4dc5b5
4210,58.890537343,10.366830,30,v6,88000000ffffffffffffa8dd9f4dc5b5
4211,58.901650368,11.113025,30,v6,88000000ffffffffffffa8dd9f4dc5b5
4212,58.911682372,10.032004,30,v6,88000000ffffffffffffa8dd9f4dc5b5
4213,58.921788712,10.106340,30,v6,88000000ffffffffffffa8dd9f4dc5b5
4214,58.931937116,10.148404,30,v6,88000000ffffffffffffa8dd9f4dc5b5
4215,58.942212851,10.275735,30,v6,88000000ffffffffffffa8dd9f4dc5b5
4216,58.952305064,10.092213,30,v6,88000000ffffffffffffa8dd9f4dc5b5
4217,58.962590174,10.285110,30,v6,88000000ffffffffffffa8dd9f4dc5b5
4218,58.973776028,11.185854,30,v6,88000000ffffffffffffa8dd9f4dc5b5
4219,58.984050341,10.274313,30,v6,88000000ffffffffffffa8dd9f4dc5b5
4220,58.993889962,9.839621,30,v6,88000000ffffffffffffa8dd9f4dc5b5
4221,59.004068101,10.178139,30,v6,88000000ffffffffffffa8dd9f4dc5b5
4222,59.014460325,10.392224,30,v6,88000000ffffffffffffa8dd9f4dc5b5
4223,59.025513682,11.053357,30,v6,88000000ffffffffffffa8dd9f4dc5b5
4224,59.035479943,9.966261,30,v6,88000000ffffffffffffa8dd9f4dc5b5
4225,59.045755136,10.275193,30,v6,88000000ffffffffffffa8dd9f4dc5b5
4226,59.055751444,9.996308,30,v6,88000000ffffffffffffa8dd9f4dc5b5
4227,59.066034297,10.282853,30,v6,88000000ffffffffffffa8dd9f4dc5b5
4228,59.077310073,11.275776,30,v6,88000000ffffffffffffa8dd9f4dc5b5
4229,59.087732059,10.421986,30,v6,88000000ffffffffffffa8dd9f4dc5b5
4230,59.098744722,11.012663,30,v6,88000000ffffffffffffa8dd9f4dc5b5
4231,59.108779169,10.034447,30,v6,88000000ffffffffffffa8dd9f4dc5b5
4232,59.119028155,10.248986,30,v6,88000000ffffffffffffa8dd9f4dc5b5
4233,59.129259278,10.231123,30,v6,88000000ffffffffffffa8dd9f4dc5b5
4234,59.140250579,10.991301,30,v6,88000000ffffffffffffa8dd9f4dc5b5
4235,59.150412858,10.162279,30,v6,88000000ffffffffffffa8dd9f4dc5b5
4236,59.160602681,10.189823,30,v6,88000000ffffffffffffa8dd9f4dc5b5
4237,59.171077759,10.475078,30,v6,88000000ffffffffffffa8dd9f4dc5b5
4238,59.180930029,9.852270,30,v6,88000000ffffffffffffa8dd9f4dc5b5
4239,59.192154011,11.223982,30,v6,88000000ffffffffffffa8dd9f4dc5b5
4240,59.201239230,9.085219,30,v6,88000000ffffffffffffa8dd9f4dc5b5
4241,59.212247035,11.007805,30,v6,88000000ffffffffffffa8dd9f4dc5b5
4242,59.223387325,11.140290,30,v6,88000000ffffffffffffa8dd9f4dc5b5
4243,59.233913935,10.526610,30,v6,88000000ffffffffffffa8dd9f4dc5b5
4244,59.243838073,9.924138,30,v6,88000000ffffffffffffa8dd9f4dc5b5
4245,59.254024047,10.185974,30,v6,88000000ffffffffffffa8dd9f4dc5b5
4246,59.265104257,11.080210,30,v6,88000000ffffffffffffa8dd9f4dc5b5
4247,59.275445743,10.341486,30,v6,88000000ffffffffffffa8dd9f4dc5b5
4248,59.285815313,10.369570,30,v6,88000000ffffffffffffa8dd9f4dc5b5
4249,59.295677391,9.862078,30,v6,88000000ffffffffffffa8dd9f4dc5b5
4250,59.305745293,10.067902,30,v6,88000000ffffffffffffa8dd9f4dc5b5
4251,59.315883156,10.137863,30,v6,88000000ffffffffffffa8dd9f4dc5b5
4252,59.327436823,11.553667,30,v6,88000000ffffffffffffa8dd9f4dc5b5
4253,59.337681563,10.244740,30,v6,88000000ffffffffffffa8dd9f4dc5b5
4254,59.347607342,9.925779,30,v6,88000000ffffffffffffa8dd9f4dc5b5
4255,59.358746427,11.139085,30,v6,88000000ffffffffffffa8dd9f4dc5b5
4256,59.369025503,10.279076,30,v6,88000000ffffffffffffa8dd9f4dc5b5
4257,59.378992319,9.966816,30,v6,88000000ffffffffffffa8dd9f4dc5b5
4258,59.389011408,10.019089,30,v6,88000000ffffffffffffa8dd9f4dc5b5
4259,59.399380133,10.368725,30,v6,88000000ffffffffffffa8dd9f4dc5b5
4260,59.409470438,10.090305,30,v6,88000000ffffffffffffa8dd9f4dc5b5
4261,59.419476261,10.005823,30,v6,88000000ffffffffffffa8dd9f4dc5b5
4262,59.430016500,10.540239,30,v6,88000000ffffffffffffa8dd9f4dc5b5
4263,59.440975104,10.958604,30,v6,88000000ffffffffffffa8dd9f4dc5b5
4264,59.451128870,10.153766,30,v6,88000000ffffffffffffa8dd9f4dc5b5
4265,59.461367572,10.238702,30,v6,88000000ffffffffffffa8dd9f4dc5b5
4266,59.472552372,11.184800,30,v6,88000000ffffffffffffa8dd9f4dc5b5
4267,59.481887656,9.335284,30,v6,88000000ffffffffffffa8dd9f4dc5b5
4268,59.492940784,11.053128,30,v6,88000000ffffffffffffa8dd9f4dc5b5
4269,59.503141120,10.200336,30,v6,88000000ffffffffffffa8dd9f4dc5b5
4270,59.513078338,9.937218,30,v6,88000000ffffffffffffa8dd9f4dc5b5
4271,59.523297962,10.219624,30,v6,88000000ffffffffffffa8dd9f4dc5b5
4272,59.533467694,10.169732,30,v6,88000000ffffffffffffa8dd9f4dc5b5
4273,59.543596154,10.128460,30,v6,88000000ffffffffffffa8dd9f4dc5b5
4274,59.553924369,10.328215,30,v6,88000000ffffffffffffa8dd9f4dc5b5
4275,59.563966979,10.042610,30,v6,88000000ffffffffffffa8dd9f4dc5b5
4276,59.576109804,12.142825,30,v6,88000000ffffffffffffa8dd9f4dc5b5
4277,59.586397897,10.288093,30,v6,88000000ffffffffffffa8dd9f4dc5b5
4278,59.596295801,9.897904,30,v6,88000000ffffffffffffa8dd9f4dc5b5
4279,59.606620647,10.324846,30,v6,88000000ffffffffffffa8dd9f4dc5b5
4280,59.617076364,10.455717,30,v6,88000000ffffffffffffa8dd9f4dc5b5
4281,59.626900548,9.824184,30,v6,88000000ffffffffffffa8dd9f4dc5b5
4282,59.637084883,10.184335,30,v6,88000000ffffffffffffa8dd9f4dc5b5
4283,59.648305186,11.220303,30,v6,88000000ffffffffffffa8dd9f4dc5b5
4284,59.657441847,9.136661,30,v6,88000000ffffffffffffa8dd9f4dc5b5
4285,59.667618156,10.176309,30,v6,88000000ffffffffffffa8dd9f4dc5b5
4286,59.678662678,11.044522,30,v6,88000000ffffffffffffa8dd9f4dc5b5
4287,59.689730228,11.067550,30,v6,88000000ffffffffffffa8dd9f4dc5b5
4288,59.699993002,10.262774,30,v6,88000000ffffffffffffa8dd9f4dc5b5
4289,59.710322854,10.329852,30,v6,88000000ffffffffffffa8dd9f4dc5b5
4290,59.720218931,9.896077,30,v6,88000000ffffffffffffa8dd9f4dc5b5
4291,59.730645128,10.426197,30,v6,88000000ffffffffffffa8dd9f4dc5b5
4292,59.740850639,10.205511,30,v6,88000000ffffffffffffa8dd9f4dc5b5
4293,59.751821686,10.971047,30,v6,88000000ffffffffffffa8dd9f4dc5b5
4294,59.761028227,9.206541,30,v6,88000000ffffffffffffa8dd9f4dc5b5
4295,59.772243448,11.215221,30,v6,88000000ffffffffffffa8dd9f4dc5b5
4296,59.782649651,10.406203,30,v6,88000000ffffffffffffa8dd9f4dc5b5
4297,59.793711352,11.061701,30,v6,88000000ffffffffffffa8dd9f4dc5b5
4298,59.804102208,10.390856,30,v6,88000000ffffffffffffa8dd9f4dc5b5
4299,59.814099396,9.997188,30,v6,88000000ffffffffffffa8dd9f4dc5b5
4300,59.824201065,10.101669,30,v6,88000000ffffffffffffa8dd9f4dc5b5
4301,59.834311732,10.110667,30,v6,88000000ffffffffffffa8dd9f4dc5b5
4302,59.844487995,10.176263,30,v6,88000000ffffffffffffa8dd9f4dc5b5
4303,59.855393024,10.905029,30,v6,88000000ffffffffffffa8dd9f4dc5b5
4304,59.865955290,10.562266,30,v6,88000000ffffffffffffa8dd9f4dc5b5
4305,59.875898277,9.942987,30,v6,88000000ffffffffffffa8dd9f4dc5b5
4306,59.886064333,10.166056,30,v6,88000000ffffffffffffa8dd9f4dc5b5
4307,59.896260520,10.196187,30,v6,88000000ffffffffffffa8dd9f4dc5b5
4308,59.906382003,10.121483,30,v6,88000000ffffffffffffa8dd9f4dc5b5
4309,59.916723344,10.341341,30,v6,88000000ffffffffffffa8dd9f4dc5b5
4310,59.926792482,10.069138,30,v6,88000000ffffffffffffa8dd9f4dc5b5
4311,59.937783389,10.990907,30,v6,88000000ffffffffffffa8dd9f4dc5b5
4312,59.948986742,11.203353,30,v6,88000000ffffffffffffa8dd9f4dc5b5
4313,59.958093339,9.106597,30,v6,88000000ffffffffffffa8dd9f4dc5b5
4314,59.968340543,10.247204,30,v6,88000000ffffffffffffa8dd9f4dc5b5
4315,59.979293558,10.953015,30,v6,88000000ffffffffffffa8dd9f4dc5b5
4316,59.989606899,10.313341,30,v6,88000000ffffffffffffa8dd9f4dc5b5
4317,59.999575386,9.968487,30,v6,88000000ffffffffffffa8dd9f4dc5b5
4318,60.009766911,10.191525,30,v6,88000000ffffffffffffa8dd9f4dc5b5
4319,60.020065110,10.298199,30,v6,88000000ffffffffffffa8dd9f4dc5b5
4320,60.030254708,10.189598,30,v6,88000000ffffffffffffa8dd9f4dc5b5
4321,60.042408165,12.153457,30,v6,88000000ffffffffffffa8dd9f4dc5b5
4322,60.051584131,9.175966,30,v6,88000000ffffffffffffa8dd9f4dc5b5
4323,60.062589240,11.005109,30,v6,88000000ffffffffffffa8dd9f4dc5b5
4324,60.071848562,9.259322,30,v6,88000000ffffffffffffa8dd9f4dc5b5
4325,60.083089212,11.240650,30,v6,88000000ffffffffffffa8dd9f4dc5b5
4326,60.093241608,10.152396,30,v6,88000000ffffffffffffa8dd9f4dc5b5
4327,60.103477012,10.235404,30,v6,88000000ffffffffffffa8dd9f4dc5b5
4328,60.114621985,11.144973,30,v6,88000000ffffffffffffa8dd9f4dc5b5
4329,60.124688982,10.066997,30,v6,88000000ffffffffffffa8dd9f4dc5b5
4330,60.135114246,10.425264,30,v6,88000000ffffffffffffa8dd9f4dc5b5
4331,60.145131152,10.016906,30,v6,88000000ffffffffffffa8dd9f4dc5b5
4332,60.156266226,11.135074,30,v6,88000000ffffffffffffa8dd9f4dc5b5
4333,60.166599634,10.333408,30,v6,88000000ffffffffffffa8dd9f4dc5b5
4334,60.176858801,10.259167,30,v6,88000000ffffffffffffa8dd9f4dc5b5
4335,60.186814867,9.956066,30,v6,88000000ffffffffffffa8dd9f4dc5b5
4336,60.197990376,11.175509,30,v6,88000000ffffffffffffa8dd9f4dc5b5
4337,60.207068470,9.078094,30,v6,88000000ffffffffffffa8dd9f4dc5b5
4338,60.218269209,11.200739,30,v6,88000000ffffffffffffa8dd9f4dc5b5
4339,60.228271376,10.002167,30,v6,88000000ffffffffffffa8dd9f4dc5b5
4340,60.238505651,10.234275,30,v6,88000000ffffffffffffa8dd9f4dc5b5
4341,60.249093397,10.587746,30,v6,88000000ffffffffffffa8dd9f4dc5b5
4342,60.259179063,10.085666,30,v6,88000000ffffffffffffa8dd9f4dc5b5
4343,60.269110469,9.931406,30,v6,88000000ffffffffffffa8dd9f4dc5b5
4344,60.281430503,12.320034,30,v6,88000000ffffffffffffa8dd9f4dc5b5
4345,60.290390220,8.959717,30,v6,88000000ffffffffffffa8dd9f4dc5b5
4346,60.301673405,11.283185,30,v6,88000000ffffffffffffa8dd9f4dc5b5
4347,60.311774192,10.100787,30,v6,88000000ffffffffffffa8dd9f4dc5b5
4348,60.321779365,10.005173,30,v6,88000000ffffffffffffa8dd9f4dc5b5
4349,60.331913546,10.134181,30,v6,88000000ffffffffffffa8dd9f4dc5b5
4350,60.341983408,10.069862,30,v6,88000000ffffffffffffa8dd9f4dc5b5
4351,60.352301972,10.318564,30,v6,88000000ffffffffffffa8dd9f4dc5b5
4352,60.363590096,11.288124,30,v6,88000000ffffffffffffa8dd9f4dc5b5
4353,60.373782774,10.192678,30,v6,88000000ffffffffffffa8dd9f4dc5b5
4354,60.383815585,10.032811,30,v6,88000000ffffffffffffa8dd9f4dc5b5
4355,60.393917303,10.101718,30,v6,88000000ffffffffffffa8dd9f4dc5b5
4356,60.403984281,10.066978,30,v6,88000000ffffffffffffa8dd9f4dc5b5
4357,60.415328538,11.344257,30,v6,88000000ffffffffffffa8dd9f4dc5b5
4358,60.425598324,10.269786,30,v6,88000000ffffffffffffa8dd9f4dc5b5
4359,60.435648411,10.050087,30,v6,88000000ffffffffffffa8dd9f4dc5b5
4360,60.446031426,10.383015,30,v6,88000000ffffffffffffa8dd9f4dc5b5
4361,60.455968976,9.937550,30,v6,88000000ffffffffffffa8dd9f4dc5b5
4362,60.467215759,11.246783,30,v6,88000000ffffffffffffa8dd9f4dc5b5
4363,60.477381161,10.165402,30,v6,88000000ffffffffffffa8dd9f4dc5b5
4364,60.487789892,10.408731,30,v6,88000000ffffffffffffa8dd9f4dc5b5
4365,60.497714651,9.924759,30,v6,88000000ffffffffffffa8dd9f4dc5b5
4366,60.508021425,10.306774,30,v6,88000000ffffffffffffa8dd9f4dc5b5
4367,60.517799272,9.777847,30,v6,88000000ffffffffffffa8dd9f4dc5b5
4368,60.528101519,10.302247,30,v6,88000000ffffffffffffa8dd9f4dc5b5
4369,60.540224035,12.122516,30,v6,88000000ffffffffffffa8dd9f4dc5b5
4370,60.550502212,10.278177,30,v6,88000000ffffffffffffa8dd9f4dc5b5
4371,60.560599248,10.097036,30,v6,88000000ffffffffffffa8dd9f4dc5b5
4372,60.570773897,10.174649,30,v6,88000000ffffffffffffa8dd9f4dc5b5
4373,60.580712559,9.938662,30,v6,88000000ffffffffffffa8dd9f4dc5b5
4374,60.591161840,10.449281,30,v6,88000000ffffffffffffa8dd9f4dc5b5
4375,60.601125910,9.964070,30,v6,88000000ffffffffffffa8dd9f4dc5b5
4376,60.611443452,10.317542,30,v6,88000000ffffffffffffa8dd9f4dc5b5
4377,60.621581546,10.138094,30,v6,88000000ffffffffffffa8dd9f4dc5b5
4378,60.632071475,10.489929,30,v6,88000000ffffffffffffa8dd9f4dc5b5
4379,60.642790923,10.719448,30,v6,88000000ffffffffffffa8dd9f4dc5b5
4380,60.653097670,10.306747,30,v6,88000000ffffffffffffa8dd9f4dc5b5
4381,60.663314608,10.216938,30,v6,88000000ffffffffffffa8dd9f4dc5b5
4382,60.674532439,11.217831,30,v6,88000000ffffffffffffa8dd9f4dc5b5
4383,60.684647818,10.115379,30,v6,88000000ffffffffffffa8dd9f4dc5b5
4384,60.694658963,10.011145,30,v6,88000000ffffffffffffa8dd9f4dc5b5
4385,60.704977961,10.318998,30,v6,88000000ffffffffffffa8dd9f4dc5b5
4386,60.715194095,10.216134,30,v6,88000000ffffffffffffa8dd9f4dc5b5
4387,60.725174795,9.980700,30,v6,88000000ffffffffffffa8dd9f4dc5b5
4388,60.735244895,10.070100,30,v6,88000000ffffffffffffa8dd9f4dc5b5
4389,60.746560093,11.315198,30,v6,88000000ffffffffffffa8dd9f4dc5b5
4390,60.756737380,10.177287,30,v6,88000000ffffffffffffa8dd9f4dc5b5
4391,60.766921635,10.184255,30,v6,88000000ffffffffffffa8dd9f4dc5b5
4392,60.777146151,10.224516,30,v6,88000000ffffffffffffa8dd9f4dc5b5
4393,60.788213270,11.067119,30,v6,88000000ffffffffffffa8dd9f4dc5b5
4394,60.798394991,10.181721,30,v6,88000000ffffffffffffa8dd9f4dc5b5
4395,60.808649029,10.254038,30,v6,88000000ffffffffffffa8dd9f4dc5b5
4396,60.818691497,10.042468,30,v6,88000000ffffffffffffa8dd9f4dc5b5
4397,60.828749027,10.057530,30,v6,88000000ffffffffffffa8dd9f4dc5b5
4398,60.838794991,10.045964,30,v6,88000000ffffffffffffa8dd9f4dc5b5
4399,60.849198367,10.403376,30,v6,88000000ffffffffffffa8dd9f4dc5b5
4400,60.861378638,12.180271,30,v6,88000000ffffffffffffa8dd9f4dc5b5
4401,60.871527851,10.149213,30,v6,88000000ffffffffffffa8dd9f4dc5b5
4402,60.881835356,10.307505,30,v6,88000000ffffffffffffa8dd9f4dc5b5
4403,60.891170024,9.334668,30,v6,88000000ffffffffffffa8dd9f4dc5b5
4404,60.901858422,10.688398,30,v6,88000000ffffffffffffa8dd9f4dc5b5
4405,60.912241092,10.382670,30,v6,88000000ffffffffffffa8dd9f4dc5b5
4406,60.922263756,10.022664,30,v6,88000000ffffffffffffa8dd9f4dc5b5
4407,60.932314059,10.050303,30,v6,88000000ffffffffffffa8dd9f4dc5b5
4408,60.942498625,10.184566,30,v6,88000000ffffffffffffa8dd9f4dc5b5
4409,60.952704203,10.205578,30,v6,88000000ffffffffffffa8dd9f4dc5b5
4410,60.963900659,11.196456,30,v6,88000000ffffffffffffa8dd9f4dc5b5
4411,60.974074995,10.174336,30,v6,88000000ffffffffffffa8dd9f4dc5b5
4412,60.985275945,11.200950,30,v6,88000000ffffffffffffa8dd9f4dc5b5
4413,60.995523189,10.247244,30,v6,88000000ffffffffffffa8dd9f4dc5b5
4414,61.005774197,10.251008,30,v6,88000000ffffffffffffa8dd9f4dc5b5
4415,61.015766847,9.992650,30,v6,88000000ffffffffffffa8dd9f4dc5b5
4416,61.025853426,10.086579,30,v6,88000000ffffffffffffa8dd9f4dc5b5
4417,61.035934985,10.081559,30,v6,88000000ffffffffffffa8dd9f4dc5b5
4418,61.046410128,10.475143,30,v6,88000000ffffffffffffa8dd9f4dc5b5
4419,61.056532602,10.122474,30,v6,88000000ffffffffffffa8dd9f4dc5b5
4420,61.066714662,10.182060,30,v6,88000000ffffffffffffa8dd9f4dc5b5
4421,61.076652246,9.937584,30,v6,88000000ffffffffffffa8dd9f4dc5b5
4422,61.086787681,10.135435,30,v6,88000000ffffffffffffa8dd9f4dc5b5
4423,61.098982500,12.194819,30,v6,88000000ffffffffffffa8dd9f4dc5b5
4424,61.109195066,10.212566,30,v6,88000000ffffffffffffa8dd9f4dc5b5
4425,61.119257999,10.062933,30,v6,88000000ffffffffffffa8dd9f4dc5b5
4426,61.129605734,10.347735,30,v6,88000000ffffffffffffa8dd9f4dc5b5
4427,61.139786604,10.180870,30,v6,88000000ffffffffffffa8dd9f4dc5b5
4428,61.149720082,9.933478,30,v6,88000000ffffffffffffa8dd9f4dc5b5
4429,61.160023416,10.303334,30,v6,88000000ffffffffffffa8dd9f4dc5b5
4430,61.171358138,11.334722,30,v6,88000000ffffffffffffa8dd9f4dc5b5
4431,61.180334238,8.976100,30,v6,88000000ffffffffffffa8dd9f4dc5b5
4432,61.190633503,10.299265,30,v6,88000000ffffffffffffa8dd9f4dc5b5
4433,61.201848555,11.215052,30,v6,88000000ffffffffffffa8dd9f4dc5b5
4434,61.213087635,11.239080,30,v6,88000000ffffffffffffa8dd9f4dc5b5
4435,61.222816576,9.728941,30,v6,88000000ffffffffffffa8dd9f4dc5b5
4436,61.233071915,10.255339,30,v6,88000000ffffffffffffa8dd9f4dc5b5
4437,61.243484482,10.412567,30,v6,88000000ffffffffffffa8dd9f4dc5b5
4438,61.253602662,10.118180,30,v6,88000000ffffffffffffa8dd9f4dc5b5
4439,61.264796448,11.193786,30,v6,88000000ffffffffffffa8dd9f4dc5b5
4440,61.274957367,10.160919,30,v6,88000000ffffffffffffa8dd9f4dc5b5
4441,61.284013202,9.055835,30,v6,88000000ffffffffffffa8dd9f4dc5b5
4442,61.295305605,11.292403,30,v6,88000000ffffffffffffa8dd9f4dc5b5
4443,61.305275011,9.969406,30,v6,88000000ffffffffffffa8dd9f4dc5b5
4444,61.315503211,10.228200,30,v6,88000000ffffffffffffa8dd9f4dc5b5
4445,61.326718311,11.215100,30,v6,88000000ffffffffffffa8dd9f4dc5b5
4446,61.336691234,9.972923,30,v6,88000000ffffffffffffa8dd9f4dc5b5
4447,61.347013354,10.322120,30,v6,88000000ffffffffffffa8dd9f4dc5b5
4448,61.357282045,10.268691,30,v6,88000000ffffffffffffa8dd9f4dc5b5
4449,61.368417703,11.135658,30,v6,88000000ffffffffffffa8dd9f4dc5b5
4450,61.378688764,10.271061,30,v6,88000000ffffffffffffa8dd9f4dc5b5
4451,61.388533967,9.845203,30,v6,88000000ffffffffffffa8dd9f4dc5b5
4452,61.398766763,10.232796,30,v6,88000000ffffffffffffa8dd9f4dc5b5
4453,61.408821087,10.054324,30,v6,88000000ffffffffffffa8dd9f4dc5b5
4454,61.419167584,10.346497,30,v6,88000000ffffffffffffa8dd9f4dc5b5
4455,61.429416529,10.248945,30,v6,88000000ffffffffffffa8dd9f4dc5b5
4456,61.440553872,11.137343,30,v6,88000000ffffffffffffa8dd9f4dc5b5
4457,61.450862947,10.309075,30,v6,88000000ffffffffffffa8dd9f4dc5b5
4458,61.460885056,10.022109,30,v6,88000000ffffffffffffa8dd9f4dc5b5
4459,61.471959467,11.074411,30,v6,88000000ffffffffffffa8dd9f4dc5b5
4460,61.482202728,10.243261,30,v6,88000000ffffffffffffa8dd9f4dc5b5
4461,61.492239229,10.036501,30,v6,88000000ffffffffffffa8dd9f4dc5b5
4462,61.502478031,10.238802,30,v6,88000000ffffffffffffa8dd9f4dc5b5
4463,61.512855230,10.377199,30,v6,88000000ffffffffffffa8dd9f4dc5b5
4464,61.522791312,9.936082,30,v6,88000000ffffffffffffa8dd9f4dc5b5
4465,61.534124138,11.332826,30,v6,88000000ffffffffffffa8dd9f4dc5b5
4466,61.544068293,9.944155,30,v6,88000000ffffffffffffa8dd9f4dc5b5
4467,61.554491922,10.423629,30,v6,88000000ffffffffffffa8dd9f4dc5b5
4468,61.565274558,10.782636,30,v6,88000000ffffffffffffa8dd9f4dc5b5
4469,61.575613915,10.339357,30,v6,88000000ffffffffffffa8dd9f4dc5b5
4470,61.585686459,10.072544,30,v6,88000000ffffffffffffa8dd9f4dc5b5
4471,61.595760410,10.073951,30,v6,88000000ffffffffffffa8dd9f4dc5b5
4472,61.606506085,10.745675,30,v6,88000000ffffffffffffa8dd9f4dc5b5
4473,61.616442439,9.936354,30,v6,88000000ffffffffffffa8dd9f4dc5b5
4474,61.626516664,10.074225,30,v6,88000000ffffffffffffa8dd9f4dc5b5
4475,61.637684793,11.168129,30,v6,88000000ffffffffffffa8dd9f4dc5b5
4476,61.647727546,10.042753,30,v6,88000000ffffffffffffa8dd9f4dc5b5
4477,61.657901589,10.174043,30,v6,88000000ffffffffffffa8dd9f4dc5b5
4478,61.668097583,10.195994,30,v6,88000000ffffffffffffa8dd9f4dc5b5
4479,61.679333708,11.236125,30,v6,88000000ffffffffffffa8dd9f4dc5b5
4480,61.689434121,10.100413,30,v6,88000000ffffffffffffa8dd9f4dc5b5
4481,61.699633575,10.199454,30,v6,88000000ffffffffffffa8dd9f4dc5b5
4482,61.709662353,10.028778,30,v6,88000000ffffffffffffa8dd9f4dc5b5
4483,61.719980764,10.318411,30,v6,88000000ffffffffffffa8dd9f4dc5b5
4484,61.730098751,10.117987,30,v6,88000000ffffffffffffa8dd9f4dc5b5
4485,61.741253318,11.154567,30,v6,88000000ffffffffffffa8dd9f4dc5b5
4486,61.751633765,10.380447,30,v6,88000000ffffffffffffa8dd9f4dc5b5
4487,61.761619820,9.986055,30,v6,88000000ffffffffffffa8dd9f4dc5b5
4488,61.771635133,10.015313,30,v6,88000000ffffffffffffa8dd9f4dc5b5
4489,61.782040754,10.405621,30,v6,88000000ffffffffffffa8dd9f4dc5b5
4490,61.792097050,10.056296,30,v6,88000000ffffffffffffa8dd9f4dc5b5
4491,61.803390334,11.293284,30,v6,88000000ffffffffffffa8dd9f4dc5b5
4492,61.813525270,10.134936,30,v6,88000000ffffffffffffa8dd9f4dc5b5
4493,61.824720355,11.195085,30,v6,88000000ffffffffffffa8dd9f4dc5b5
4494,61.834657370,9.937015,30,v6,88000000ffffffffffffa8dd9f4dc5b5
4495,61.844790010,10.132640,30,v6,88000000ffffffffffffa8dd9f4dc5b5
4496,61.854929447,10.139437,30,v6,88000000ffffffffffffa8dd9f4dc5b5
4497,61.866169771,11.240324,30,v6,88000000ffffffffffffa8dd9f4dc5b5
4498,61.875338963,9.169192,30,v6,88000000ffffffffffffa8dd9f4dc5b5
4499,61.885684121,10.345158,30,v6,88000000ffffffffffffa8dd9f4dc5b5
4500,61.895816690,10.132569,30,v6,88000000ffffffffffffa8dd9f4dc5b5
4501,61.906691886,10.875196,30,v6,88000000ffffffffffffa8dd9f4dc5b5
4502,61.916981008,10.289122,30,v6,88000000ffffffffffffa8dd9f4dc5b5
4503,61.928239082,11.258074,30,v6,88000000ffffffffffffa8dd9f4dc5b5
4504,61.938369708,10.130626,30,v6,88000000ffffffffffffa8dd9f4dc5b5
4505,61.948406942,10.037234,30,v6,88000000ffffffffffffa8dd9f4dc5b5
4506,61.958670749,10.263807,30,v6,88000000ffffffffffffa8dd9f4dc5b5
4507,61.970015673,11.344924,30,v6,88000000ffffffffffffa8dd9f4dc5b5
4508,61.979040310,9.024637,30,v6,88000000ffffffffffffa8dd9f4dc5b5
4509,61.989133895,10.093585,30,v6,88000000ffffffffffffa8dd9f4dc5b5
4510,62.000138538,11.004643,30,v6,88000000ffffffffffffa8dd9f4dc5b5
4511,62.010424432,10.285894,30,v6,88000000ffffffffffffa8dd9f4dc5b5
4512,62.020532461,10.108029,30,v6,88000000ffffffffffffa8dd9f4dc5b5
4513,62.030700732,10.168271,30,v6,88000000ffffffffffffa8dd9f4dc5b5
4514,62.041932497,11.231765,30,v6,88000000ffffffffffffa8dd9f4dc5b5
4515,62.052144206,10.211709,30,v6,88000000ffffffffffffa8dd9f4dc5b5
4516,62.062233443,10.089237,30,v6,88000000ffffffffffffa8dd9f4dc5b5
4517,62.072347151,10.113708,30,v6,88000000ffffffffffffa8dd9f4dc5b5
4518,62.082654237,10.307086,30,v6,88000000ffffffffffffa8dd9f4dc5b5
4519,62.094012181,11.357944,30,v6,88000000ffffffffffffa8dd9f4dc5b5
4520,62.103803168,9.790987,30,v6,88000000ffffffffffffa8dd9f4dc5b5
4521,62.114157391,10.354223,30,v6,88000000ffffffffffffa8dd9f4dc5b5
4522,62.124216229,10.058838,30,v6,88000000ffffffffffffa8dd9f4dc5b5
4523,62.134376277,10.160048,30,v6,88000000ffffffffffffa8dd9f4dc5b5
4524,62.144672290,10.296013,30,v6,88000000ffffffffffffa8dd9f4dc5b5
4525,62.155740828,11.068538,30,v6,88000000ffffffffffffa8dd9f4dc5b5
4526,62.166023005,10.282177,30,v6,88000000ffffffffffffa8dd9f4dc5b5
4527,62.177094151,11.071146,30,v6,88000000ffffffffffffa8dd9f4dc5b5
4528,62.187190367,10.096216,30,v6,88000000ffffffffffffa8dd9f4dc5b5
4529,62.197415596,10.225229,30,v6,88000000ffffffffffffa8dd9f4dc5b5
4530,62.207526255,10.110659,30,v6,88000000ffffffffffffa8dd9f4dc5b5
4531,62.217637529,10.111274,30,v6,88000000ffffffffffffa8dd9f4dc5b5
4532,62.227900252,10.262723,30,v6,88000000ffffffffffffa8dd9f4dc5b5
4533,62.237984282,10.084030,30,v6,88000000ffffffffffffa8dd9f4dc5b5
4534,62.248000016,10.015734,30,v6,88000000ffffffffffffa8dd9f4dc5b5
4535,62.258430740,10.430724,30,v6,88000000ffffffffffffa8dd9f4dc5b5
4536,62.269533341,11.102601,30,v6,88000000ffffffffffffa8dd9f4dc5b5
4537,62.280869884,11.336543,30,v6,88000000ffffffffffffa8dd9f4dc5b5
4538,62.290762202,9.892318,30,v6,88000000ffffffffffffa8dd9f4dc5b5
4539,62.299986914,9.224712,30,v6,88000000ffffffffffffa8dd9f4dc5b5
4540,62.311210939,11.224025,30,v6,88000000ffffffffffffa8dd9f4dc5b5
4541,62.321208407,9.997468,30,v6,88000000ffffffffffffa8dd9f4dc5b5
4542,62.331600064,10.391657,30,v6,88000000ffffffffffffa8dd9f4dc5b5
4543,62.341638016,10.037952,30,v6,88000000ffffffffffffa8dd9f4dc5b5
4544,62.351788024,10.150008,30,v6,88000000ffffffffffffa8dd9f4dc5b5
4545,62.361954410,10.166386,30,v6,88000000ffffffffffffa8dd9f4dc5b5
4546,62.372154692,10.200282,30,v6,88000000ffffffffffffa8dd9f4dc5b5
4547,62.384427744,12.273052,30,v6,88000000ffffffffffffa8dd9f4dc5b5
4548,62.394663954,10.236210,30,v6,88000000ffffffffffffa8dd9f4dc5b5
4549,62.404712388,10.048434,30,v6,88000000ffffffffffffa8dd9f4dc5b5
4550,62.414716904,10.004516,30,v6,88000000ffffffffffffa8dd9f4dc5b5
4551,62.424831464,10.114560,30,v6,88000000ffffffffffffa8dd9f4dc5b5
4552,62.435178282,10.346818,30,v6,88000000ffffffffffffa8dd9f4dc5b5
4553,62.445192921,10.014639,30,v6,88000000ffffffffffffa8dd9f4dc5b5
4554,62.465817234,20.624313,30,v6,88000000ffffffffffffa8dd9f4dc5b5
4555,62.475762695,9.945461,30,v6,88000000ffffffffffffa8dd9f4dc5b5
4556,62.486960088,11.197393,30,v6,88000000ffffffffffffa8dd9f4dc5b5
4557,62.497067247,10.107159,30,v6,88000000ffffffffffffa8dd9f4dc5b5
4558,62.508136924,11.069677,30,v6,88000000ffffffffffffa8dd9f4dc5b5
4559,62.518529963,10.393039,30,v6,88000000ffffffffffffa8dd9f4dc5b5
4560,62.528533996,10.004033,30,v6,88000000ffffffffffffa8dd9f4dc5b5
4561,62.538836037,10.302041,30,v6,88000000ffffffffffffa8dd9f4dc5b5
4562,62.548890342,10.054305,30,v6,88000000ffffffffffffa8dd9f4dc5b5
4563,62.559213805,10.323463,30,v6,88000000ffffffffffffa8dd9f4dc5b5
4564,62.569304013,10.090208,30,v6,88000000ffffffffffffa8dd9f4dc5b5
4565,62.579672527,10.368514,30,v6,88000000ffffffffffffa8dd9f4dc5b5
4566,62.589510226,9.837699,30,v6,88000000ffffffffffffa8dd9f4dc5b5
4567,62.599833837,10.323611,30,v6,88000000ffffffffffffa8dd9f4dc5b5
4568,62.610904536,11.070699,30,v6,88000000ffffffffffffa8dd9f4dc5b5
4569,62.621065620,10.161084,30,v6,88000000ffffffffffffa8dd9f4dc5b5
4570,62.632474313,11.408693,30,v6,88000000ffffffffffffa8dd9f4dc5b5
4571,62.642333044,9.858731,30,v6,88000000ffffffffffffa8dd9f4dc5b5
4572,62.652712201,10.379157,30,v6,88000000ffffffffffffa8dd9f4dc5b5
4573,62.662662117,9.949916,30,v6,88000000ffffffffffffa8dd9f4dc5b5
4574,62.673858910,11.196793,30,v6,88000000ffffffffffffa8dd9f4dc5b5
4575,62.683128459,9.269549,30,v6,88000000ffffffffffffa8dd9f4dc5b5
4576,62.694392824,11.264365,30,v6,88000000ffffffffffffa8dd9f4dc5b5
4577,62.703443000,9.050176,30,v6,88000000ffffffffffffa8dd9f4dc5b5
4578,62.714490473,11.047473,30,v6,88000000ffffffffffffa8dd9f4dc5b5
4579,62.724636613,10.146140,30,v6,88000000ffffffffffffa8dd9f4dc5b5
4580,62.734869098,10.232485,30,v6,88000000ffffffffffffa8dd9f4dc5b5
4581,62.745946867,11.077769,30,v6,88000000ffffffffffffa8dd9f4dc5b5
4582,62.756292099,10.345232,30,v6,88000000ffffffffffffa8dd9f4dc5b5
4583,62.766438786,10.146687,30,v6,88000000ffffffffffffa8dd9f4dc5b5
4584,62.776737758,10.298972,30,v6,88000000ffffffffffffa8dd9f4dc5b5
4585,62.787723252,10.985494,30,v6,88000000ffffffffffffa8dd9f4dc5b5
4586,62.797920183,10.196931,30,v6,88000000ffffffffffffa8dd9f4dc5b5
4587,62.808050158,10.129975,30,v6,88000000ffffffffffffa8dd9f4dc5b5
4588,62.818289464,10.239306,30,v6,88000000ffffffffffffa8dd9f4dc5b5
4589,62.828477907,10.188443,30,v6,88000000ffffffffffffa8dd9f4dc5b5
4590,62.838544351,10.066444,30,v6,88000000ffffffffffffa8dd9f4dc5b5
4591,62.849947342,11.402991,30,v6,88000000ffffffffffffa8dd9f4dc5b5
4592,62.859715683,9.768341,30,v6,88000000ffffffffffffa8dd9f4dc5b5
4593,62.869864755,10.149072,30,v6,88000000ffffffffffffa8dd9f4dc5b5
4594,62.880173700,10.308945,30,v6,88000000ffffffffffffa8dd9f4dc5b5
4595,62.890324196,10.150496,30,v6,88000000ffffffffffffa8dd9f4dc5b5
4596,62.901578134,11.253938,30,v6,88000000ffffffffffffa8dd9f4dc5b5
4597,62.911757406,10.179272,30,v6,88000000ffffffffffffa8dd9f4dc5b5
4598,62.921700904,9.943498,30,v6,88000000ffffffffffffa8dd9f4dc5b5
4599,62.931864025,10.163121,30,v6,88000000ffffffffffffa8dd9f4dc5b5
4600,62.942199299,10.335274,30,v6,88000000ffffffffffffa8dd9f4dc5b5
4601,62.952405886,10.206587,30,v6,88000000ffffffffffffa8dd9f4dc5b5
4602,62.963444111,11.038225,30,v6,88000000ffffffffffffa8dd9f4dc5b5
4603,62.973474143,10.030032,30,v6,88000000ffffffffffffa8dd9f4dc5b5
4604,62.983747015,10.272872,30,v6,88000000ffffffffffffa8dd9f4dc5b5
4605,62.994127463,10.380448,30,v6,88000000ffffffffffffa8dd9f4dc5b5
4606,63.005197803,11.070340,30,v6,88000000ffffffffffffa8dd9f4dc5b5
4607,63.015475969,10.278166,30,v6,88000000ffffffffffffa8dd9f4dc5b5
4608,63.026495629,11.019660,30,v6,88000000ffffffffffffa8dd9f4dc5b5
4609,63.036779470,10.283841,30,v6,88000000ffffffffffffa8dd9f4dc5b5
4610,63.045742828,8.963358,30,v6,88000000ffffffffffffa8dd9f4dc5b5
4611,63.056899272,11.156444,30,v6,88000000ffffffffffffa8dd9f4dc5b5
4612,63.067155602,10.256330,30,v6,88000000ffffffffffffa8dd9f4dc5b5
4613,63.077525484,10.369882,30,v6,88000000ffffffffffffa8dd9f4dc5b5
4614,63.087527539,10.002055,30,v6,88000000ffffffffffffa8dd9f4dc5b5
4615,63.098650314,11.122775,30,v6,88000000ffffffffffffa8dd9f4dc5b5
4616,63.109736394,11.086080,30,v6,88000000ffffffffffffa8dd9f4dc5b5
4617,63.119962528,10.226134,30,v6,88000000ffffffffffffa8dd9f4dc5b5
4618,63.130042203,10.079675,30,v6,88000000ffffffffffffa8dd9f4dc5b5
4619,63.140216697,10.174494,30,v6,88000000ffffffffffffa8dd9f4dc5b5
4620,63.150670180,10.453483,30,v6,88000000ffffffffffffa8dd9f4dc5b5
4621,63.160770798,10.100618,30,v6,88000000ffffffffffffa8dd9f4dc5b5
4622,63.170801949,10.031151,30,v6,88000000ffffffffffffa8dd9f4dc5b5
4623,63.181918451,11.116502,30,v6,88000000ffffffffffffa8dd9f4dc5b5
4624,63.192057697,10.139246,30,v6,88000000ffffffffffffa8dd9f4dc5b5
4625,63.203502858,11.445161,30,v6,88000000ffffffffffffa8dd9f4dc5b5
4626,63.213382771,9.879913,30,v6,88000000ffffffffffffa8dd9f4dc5b5
4627,63.223396644,10.013873,30,v6,88000000ffffffffffffa8dd9f4dc5b5
4628,63.234826793,11.430149,30,v6,88000000ffffffffffffa8dd9f4dc5b5
4629,63.244958629,10.131836,30,v6,88000000ffffffffffffa8dd9f4dc5b5
4630,63.255110809,10.152180,30,v6,88000000ffffffffffffa8dd9f4dc5b5
4631,63.265383360,10.272551,30,v6,88000000ffffffffffffa8dd9f4dc5b5
4632,63.275332218,9.948858,30,v6,88000000ffffffffffffa8dd9f4dc5b5
4633,63.286618889,11.286671,30,v6,88000000ffffffffffffa8dd9f4dc5b5
4634,63.297137597,10.518708,30,v6,88000000ffffffffffffa8dd9f4dc5b5
4635,63.307142834,10.005237,30,v6,88000000ffffffffffffa8dd9f4dc5b5
4636,63.317064756,9.921922,30,v6,88000000ffffffffffffa8dd9f4dc5b5
4637,63.327088673,10.023917,30,v6,88000000ffffffffffffa8dd9f4dc5b5
4638,63.337332186,10.243513,30,v6,88000000ffffffffffffa8dd9f4dc5b5
4639,63.348490260,11.158074,30,v6,88000000ffffffffffffa8dd9f4dc5b5
4640,63.359800710,11.310450,30,v6,88000000ffffffffffffa8dd9f4dc5b5
4641,63.369896632,10.095922,30,v6,88000000ffffffffffffa8dd9f4dc5b5
4642,63.380049195,10.152563,30,v6,88000000ffffffffffffa8dd9f4dc5b5
4643,63.390151945,10.102750,30,v6,88000000ffffffffffffa8dd9f4dc5b5
4644,63.400401830,10.249885,30,v6,88000000ffffffffffffa8dd9f4dc5b5
4645,63.410431145,10.029315,30,v6,88000000ffffffffffffa8dd9f4dc5b5
4646,63.420734109,10.302964,30,v6,88000000ffffffffffffa8dd9f4dc5b5
4647,63.430798839,10.064730,30,v6,88000000ffffffffffffa8dd9f4dc5b5
4648,63.440865899,10.067060,30,v6,88000000ffffffffffffa8dd9f4dc5b5
4649,63.452211330,11.345431,30,v6,88000000ffffffffffffa8dd9f4dc5b5
4650,63.463395265,11.183935,30,v6,88000000ffffffffffffa8dd9f4dc5b5
4651,63.473421573,10.026308,30,v6,88000000ffffffffffffa8dd9f4dc5b5
4652,63.483791358,10.369785,30,v6,88000000ffffffffffffa8dd9f4dc5b5
4653,63.494081457,10.290099,30,v6,88000000ffffffffffffa8dd9f4dc5b5
4654,63.503889321,9.807864,30,v6,88000000ffffffffffffa8dd9f4dc5b5
4655,63.514113433,10.224112,30,v6,88000000ffffffffffffa8dd9f4dc5b5
4656,63.524401147,10.287714,30,v6,88000000ffffffffffffa8dd9f4dc5b5
4657,63.534592006,10.190859,30,v6,88000000ffffffffffffa8dd9f4dc5b5
4658,63.544931500,10.339494,30,v6,88000000ffffffffffffa8dd9f4dc5b5
4659,63.555880269,10.948769,30,v6,88000000ffffffffffffa8dd9f4dc5b5
4660,63.567085983,11.205714,30,v6,88000000ffffffffffffa8dd9f4dc5b5
4661,63.577267262,10.181279,30,v6,88000000ffffffffffffa8dd9f4dc5b5
4662,63.598453816,21.186554,30,v6,88000000ffffffffffffa8dd9f4dc5b5
4663,63.608716379,10.262563,30,v6,88000000ffffffffffffa8dd9f4dc5b5
4664,63.619043902,10.327523,30,v6,88000000ffffffffffffa8dd9f4dc5b5
4665,63.628942110,9.898208,30,v6,88000000ffffffffffffa8dd9f4dc5b5
4666,63.639064980,10.122870,30,v6,88000000ffffffffffffa8dd9f4dc5b5
4667,63.649303420,10.238440,30,v6,88000000ffffffffffffa8dd9f4dc5b5
4668,63.659532957,10.229537,30,v6,88000000ffffffffffffa8dd9f4dc5b5
4669,63.669525790,9.992833,30,v6,88000000ffffffffffffa8dd9f4dc5b5
4670,63.681903683,12.377893,30,v6,88000000ffffffffffffa8dd9f4dc5b5
4671,63.692149674,10.245991,30,v6,88000000ffffffffffffa8dd9f4dc5b5
4672,63.702117776,9.968102,30,v6,88000000ffffffffffffa8dd9f4dc5b5
4673,63.712156866,10.039090,30,v6,88000000ffffffffffffa8dd9f4dc5b5
4674,63.722349516,10.192650,30,v6,88000000ffffffffffffa8dd9f4dc5b5
4675,63.732595779,10.246263,30,v6,88000000ffffffffffffa8dd9f4dc5b5
4676,63.742850373,10.254594,30,v6,88000000ffffffffffffa8dd9f4dc5b5
4677,63.753984189,11.133816,30,v6,88000000ffffffffffffa8dd9f4dc5b5
4678,63.763202725,9.218536,30,v6,88000000ffffffffffffa8dd9f4dc5b5
4679,63.774251229,11.048504,30,v6,88000000ffffffffffffa8dd9f4dc5b5
4680,63.785600718,11.349489,30,v6,88000000ffffffffffffa8dd9f4dc5b5
4681,63.795476100,9.875382,30,v6,88000000ffffffffffffa8dd9f4dc5b5
4682,63.805601972,10.125872,30,v6,88000000ffffffffffffa8dd9f4dc5b5
4683,63.815879456,10.277484,30,v6,88000000ffffffffffffa8dd9f4dc5b5
4684,63.826111117,10.231661,30,v6,88000000ffffffffffffa8dd9f4dc5b5
4685,63.836112486,10.001369,30,v6,88000000ffffffffffffa8dd9f4dc5b5
4686,63.847623669,11.511183,30,v6,88000000ffffffffffffa8dd9f4dc5b5
4687,63.857682802,10.059133,30,v6,88000000ffffffffffffa8dd9f4dc5b5
4688,63.866806902,9.124100,30,v6,88000000ffffffffffffa8dd9f4dc5b5
4689,63.876916491,10.109589,30,v6,88000000ffffffffffffa8dd9f4dc5b5
4690,63.888061823,11.145332,30,v6,88000000ffffffffffffa8dd9f4dc5b5
4691,63.898229329,10.167506,30,v6,88000000ffffffffffffa8dd9f4dc5b5
4692,63.908670588,10.441259,30,v6,88000000ffffffffffffa8dd9f4dc5b5
4693,63.919732955,11.062367,30,v6,88000000ffffffffffffa8dd9f4dc5b5
4694,63.929776292,10.043337,30,v6,88000000ffffffffffffa8dd9f4dc5b5
4695,63.939974998,10.198706,30,v6,88000000ffffffffffffa8dd9f4dc5b5
4696,63.950949298,10.974300,30,v6,88000000ffffffffffffa8dd9f4dc5b5
4697,63.961219550,10.270252,30,v6,88000000ffffffffffffa8dd9f4dc5b5
4698,63.971139693,9.920143,30,v6,88000000ffffffffffffa8dd9f4dc5b5
4699,63.981565108,10.425415,30,v6,88000000ffffffffffffa8dd9f4dc5b5
4700,63.991601229,10.036121,30,v6,88000000ffffffffffffa8dd9f4dc5b5
4701,64.002905231,11.304002,30,v6,88000000ffffffffffffa8dd9f4dc5b5
4702,64.012803663,9.898432,30,v6,88000000ffffffffffffa8dd9f4dc5b5
4703,64.023002348,10.198685,30,v6,88000000ffffffffffffa8dd9f4dc5b5
4704,64.033325112,10.322764,30,v6,88000000ffffffffffffa8dd9f4dc5b5
4705,64.043829278,10.504166,30,v6,88000000ffffffffffffa8dd9f4dc5b5
4706,64.054722364,10.893086,30,v6,88000000ffffffffffffa8dd9f4dc5b5
4707,64.065856786,11.134422,30,v6,88000000ffffffffffffa8dd9f4dc5b5
4708,64.075858681,10.001895,30,v6,88000000ffffffffffffa8dd9f4dc5b5
4709,64.086318694,10.460013,30,v6,88000000ffffffffffffa8dd9f4dc5b5
4710,64.096300159,9.981465,30,v6,88000000ffffffffffffa8dd9f4dc5b5
4711,64.106476810,10.176651,30,v6,88000000ffffffffffffa8dd9f4dc5b5
4712,64.116645887,10.169077,30,v6,88000000ffffffffffffa8dd9f4dc5b5
4713,64.126982518,10.336631,30,v6,88000000ffffffffffffa8dd9f4dc5b5
4714,64.136833894,9.851376,30,v6,88000000ffffffffffffa8dd9f4dc5b5
4715,64.146994884,10.160990,30,v6,88000000ffffffffffffa8dd9f4dc5b5
4716,64.158252222,11.257338,30,v6,88000000ffffffffffffa8dd9f4dc5b5
4717,64.167488604,9.236382,30,v6,88000000ffffffffffffa8dd9f4dc5b5
4718,64.178670493,11.181889,30,v6,88000000ffffffffffffa8dd9f4dc5b5
4719,64.189596716,10.926223,30,v6,88000000ffffffffffffa8dd9f4dc5b5
4720,64.199761287,10.164571,30,v6,88000000ffffffffffffa8dd9f4dc5b5
4721,64.210143289,10.382002,30,v6,88000000ffffffffffffa8dd9f4dc5b5
4722,64.220264483,10.121194,30,v6,88000000ffffffffffffa8dd9f4dc5b5
4723,64.230335592,10.071109,30,v6,88000000ffffffffffffa8dd9f4dc5b5
4724,64.240728436,10.392844,30,v6,88000000ffffffffffffa8dd9f4dc5b5
4725,64.250824118,10.095682,30,v6,88000000ffffffffffffa8dd9f4dc5b5
4726,64.261898941,11.074823,30,v6,88000000ffffffffffffa8dd9f4dc5b5
4727,64.272126921,10.227980,30,v6,88000000ffffffffffffa8dd9f4dc5b5
4728,64.282295908,10.168987,30,v6,88000000ffffffffffffa8dd9f4dc5b5
4729,64.292461468,10.165560,30,v6,88000000ffffffffffffa8dd9f4dc5b5
4730,64.303607068,11.145600,30,v6,88000000ffffffffffffa8dd9f4dc5b5
4731,64.313764951,10.157883,30,v6,88000000ffffffffffffa8dd9f4dc5b5
4732,64.323954140,10.189189,30,v6,88000000ffffffffffffa8dd9f4dc5b5
4733,64.334061710,10.107570,30,v6,88000000ffffffffffffa8dd9f4dc5b5
4734,64.344347067,10.285357,30,v6,88000000ffffffffffffa8dd9f4dc5b5
4735,64.355466626,11.119559,30,v6,88000000ffffffffffffa8dd9f4dc5b5
4736,64.365655428,10.188802,30,v6,88000000ffffffffffffa8dd9f4dc5b5
4737,64.374959452,9.304024,30,v6,88000000ffffffffffffa8dd9f4dc5b5
4738,64.385792179,10.832727,30,v6,88000000ffffffffffffa8dd9f4dc5b5
4739,64.395963721,10.171542,30,v6,88000000ffffffffffffa8dd9f4dc5b5
4740,64.406370085,10.406364,30,v6,88000000ffffffffffffa8dd9f4dc5b5
4741,64.416452873,10.082788,30,v6,88000000ffffffffffffa8dd9f4dc5b5
4742,64.426699719,10.246846,30,v6,88000000ffffffffffffa8dd9f4dc5b5
4743,64.437742608,11.042889,30,v6,88000000ffffffffffffa8dd9f4dc5b5
4744,64.448920129,11.177521,30,v6,88000000ffffffffffffa8dd9f4dc5b5
4745,64.459015861,10.095732,30,v6,88000000ffffffffffffa8dd9f4dc5b5
4746,64.469087879,10.072018,30,v6,88000000ffffffffffffa8dd9f4dc5b5
4747,64.479271455,10.183576,30,v6,88000000ffffffffffffa8dd9f4dc5b5
4748,64.489527607,10.256152,30,v6,88000000ffffffffffffa8dd9f4dc5b5
4749,64.499826249,10.298642,30,v6,88000000ffffffffffffa8dd9f4dc5b5
4750,64.509889194,10.062945,30,v6,88000000ffffffffffffa8dd9f4dc5b5
4751,64.520837005,10.947811,30,v6,88000000ffffffffffffa8dd9f4dc5b5
4752,64.531340466,10.503461,30,v6,88000000ffffffffffffa8dd9f4dc5b5
4753,64.541418375,10.077909,30,v6,88000000ffffffffffffa8dd9f4dc5b5
4754,64.551507426,10.089051,30,v6,88000000ffffffffffffa8dd9f4dc5b5
4755,64.561744705,10.237279,30,v6,88000000ffffffffffffa8dd9f4dc5b5
4756,64.572737093,10.992388,30,v6,88000000ffffffffffffa8dd9f4dc5b5
4757,64.583042195,10.305102,30,v6,88000000ffffffffffffa8dd9f4dc5b5
4758,64.594305972,11.263777,30,v6,88000000ffffffffffffa8dd9f4dc5b5
4759,64.604184049,9.878077,30,v6,88000000ffffffffffffa8dd9f4dc5b5
4760,64.614449092,10.265043,30,v6,88000000ffffffffffffa8dd9f4dc5b5
4761,64.624647569,10.198477,30,v6,88000000ffffffffffffa8dd9f4dc5b5
4762,64.634724638,10.077069,30,v6,88000000ffffffffffffa8dd9f4dc5b5
4763,64.645021868,10.297230,30,v6,88000000ffffffffffffa8dd9f4dc5b5
4764,64.655134068,10.112200,30,v6,88000000ffffffffffffa8dd9f4dc5b5
4765,64.665326048,10.191980,30,v6,88000000ffffffffffffa8dd9f4dc5b5
4766,64.675447919,10.121871,30,v6,88000000ffffffffffffa8dd9f4dc5b5
4767,64.687645411,12.197492,30,v6,88000000ffffffffffffa8dd9f4dc5b5
4768,64.697742554,10.097143,30,v6,88000000ffffffffffffa8dd9f4dc5b5
4769,64.707942862,10.200308,30,v6,88000000ffffffffffffa8dd9f4dc5b5
4770,64.718220900,10.278038,30,v6,88000000ffffffffffffa8dd9f4dc5b5
4771,64.728239111,10.018211,30,v6,88000000ffffffffffffa8dd9f4dc5b5
4772,64.738493993,10.254882,30,v6,88000000ffffffffffffa8dd9f4dc5b5
4773,64.748702674,10.208681,30,v6,88000000ffffffffffffa8dd9f4dc5b5
4774,64.758776326,10.073652,30,v6,88000000ffffffffffffa8dd9f4dc5b5
4775,64.768964217,10.187891,30,v6,88000000ffffffffffffa8dd9f4dc5b5
4776,64.780058023,11.093806,30,v6,88000000ffffffffffffa8dd9f4dc5b5
4777,64.790406170,10.348147,30,v6,88000000ffffffffffffa8dd9f4dc5b5
4778,64.801612055,11.205885,30,v6,88000000ffffffffffffa8dd9f4dc5b5
4779,64.811756340,10.144285,30,v6,88000000ffffffffffffa8dd9f4dc5b5
4780,64.821726366,9.970026,30,v6,88000000ffffffffffffa8dd9f4dc5b5
4781,64.831928248,10.201882,30,v6,88000000ffffffffffffa8dd9f4dc5b5
4782,64.842096609,10.168361,30,v6,88000000ffffffffffffa8dd9f4dc5b5
4783,64.852395415,10.298806,30,v6,88000000ffffffffffffa8dd9f4dc5b5
4784,64.862416208,10.020793,30,v6,88000000ffffffffffffa8dd9f4dc5b5
4785,64.872469083,10.052875,30,v6,88000000ffffffffffffa8dd9f4dc5b5
4786,64.882637643,10.168560,30,v6,88000000ffffffffffffa8dd9f4dc5b5
4787,64.893819267,11.181624,30,v6,88000000ffffffffffffa8dd9f4dc5b5
4788,64.903000418,9.181151,30,v6,88000000ffffffffffffa8dd9f4dc5b5
4789,64.913959553,10.959135,30,v6,88000000ffffffffffffa8dd9f4dc5b5
4790,64.925402542,11.442989,30,v6,88000000ffffffffffffa8dd9f4dc5b5
4791,64.935442714,10.040172,30,v6,88000000ffffffffffffa8dd9f4dc5b5
4792,64.945557106,10.114392,30,v6,88000000ffffffffffffa8dd9f4dc5b5
4793,64.955771904,10.214798,30,v6,88000000ffffffffffffa8dd9f4dc5b5
4794,64.966094809,10.322905,30,v6,88000000ffffffffffffa8dd9f4dc5b5
4795,64.976346414,10.251605,30,v6,88000000ffffffffffffa8dd9f4dc5b5
4796,64.986265734,9.919320,30,v6,88000000ffffffffffffa8dd9f4dc5b5
4797,64.996538175,10.272441,30,v6,88000000ffffffffffffa8dd9f4dc5b5
4798,65.006618901,10.080726,30,v6,88000000ffffffffffffa8dd9f4dc5b5
4799,65.016709372,10.090471,30,v6,88000000ffffffffffffa8dd9f4dc5b5
4800,65.027925733,11.216361,30,v6,88000000ffffffffffffa8dd9f4dc5b5
4801,65.039193257,11.267524,30,v6,88000000ffffffffffffa8dd9f4dc5b5
4802,65.049347649,10.154392,30,v6,88000000ffffffffffffa8dd9f4dc5b5
4803,65.059418295,10.070646,30,v6,88000000ffffffffffffa8dd9f4dc5b5
4804,65.069807857,10.389562,30,v6,88000000ffffffffffffa8dd9f4dc5b5
4805,65.080865187,11.057330,30,v6,88000000ffffffffffffa8dd9f4dc5b5
4806,65.090965138,10.099951,30,v6,88000000ffffffffffffa8dd9f4dc5b5
4807,65.101278576,10.313438,30,v6,88000000ffffffffffffa8dd9f4dc5b5
4808,65.111375174,10.096598,30,v6,88000000ffffffffffffa8dd9f4dc5b5
4809,65.121434878,10.059704,30,v6,88000000ffffffffffffa8dd9f4dc5b5
4810,65.131539064,10.104186,30,v6,88000000ffffffffffffa8dd9f4dc5b5
4811,65.141512719,9.973655,30,v6,88000000ffffffffffffa8dd9f4dc5b5
4812,65.152707692,11.194973,30,v6,88000000ffffffffffffa8dd9f4dc5b5
4813,65.163052915,10.345223,30,v6,88000000ffffffffffffa8dd9f4dc5b5
4814,65.173162460,10.109545,30,v6,88000000ffffffffffffa8dd9f4dc5b5
4815,65.184471791,11.309331,30,v6,88000000ffffffffffffa8dd9f4dc5b5
4816,65.193704228,9.232437,30,v6,88000000ffffffffffffa8dd9f4dc5b5
4817,65.204801861,11.097633,30,v6,88000000ffffffffffffa8dd9f4dc5b5
4818,65.214740510,9.938649,30,v6,88000000ffffffffffffa8dd9f4dc5b5
4819,65.224878536,10.138026,30,v6,88000000ffffffffffffa8dd9f4dc5b5
4820,65.235034139,10.155603,30,v6,88000000ffffffffffffa8dd9f4dc5b5
4821,65.245548854,10.514715,30,v6,88000000ffffffffffffa8dd9f4dc5b5
4822,65.255598355,10.049501,30,v6,88000000ffffffffffffa8dd9f4dc5b5
4823,65.266730712,11.132357,30,v6,88000000ffffffffffffa8dd9f4dc5b5
4824,65.276869546,10.138834,30,v6,88000000ffffffffffffa8dd9f4dc5b5
4825,65.287134916,10.265370,30,v6,88000000ffffffffffffa8dd9f4dc5b5
4826,65.298186817,11.051901,30,v6,88000000ffffffffffffa8dd9f4dc5b5
4827,65.308352079,10.165262,30,v6,88000000ffffffffffffa8dd9f4dc5b5
4828,65.318817410,10.465331,30,v6,88000000ffffffffffffa8dd9f4dc5b5
4829,65.329072416,10.255006,30,v6,88000000ffffffffffffa8dd9f4dc5b5
4830,65.338843317,9.770901,30,v6,88000000ffffffffffffa8dd9f4dc5b5
4831,65.348977465,10.134148,30,v6,88000000ffffffffffffa8dd9f4dc5b5
4832,65.359281107,10.303642,30,v6,88000000ffffffffffffa8dd9f4dc5b5
4833,65.370621675,11.340568,30,v6,88000000ffffffffffffa8dd9f4dc5b5
4834,65.380659110,10.037435,30,v6,88000000ffffffffffffa8dd9f4dc5b5
4835,65.390741935,10.082825,30,v6,88000000ffffffffffffa8dd9f4dc5b5
4836,65.400782040,10.040105,30,v6,88000000ffffffffffffa8dd9f4dc5b5
4837,65.412028338,11.246298,30,v6,88000000ffffffffffffa8dd9f4dc5b5
4838,65.422134273,10.105935,30,v6,88000000ffffffffffffa8dd9f4dc5b5
4839,65.432249619,10.115346,30,v6,88000000ffffffffffffa8dd9f4dc5b5
4840,65.442523114,10.273495,30,v6,88000000ffffffffffffa8dd9f4dc5b5
4841,65.452645249,10.122135,30,v6,88000000ffffffffffffa8dd9f4dc5b5
4842,65.462712795,10.067546,30,v6,88000000ffffffffffffa8dd9f4dc5b5
4843,65.472794373,10.081578,30,v6,88000000ffffffffffffa8dd9f4dc5b5
4844,65.484229254,11.434881,30,v6,88000000ffffffffffffa8dd9f4dc5b5
4845,65.494425728,10.196474,30,v6,88000000ffffffffffffa8dd9f4dc5b5
4846,65.504432808,10.007080,30,v6,88000000ffffffffffffa8dd9f4dc5b5
4847,65.514755032,10.322224,30,v6,88000000ffffffffffffa8dd9f4dc5b5
4848,65.525969129,11.214097,30,v6,88000000ffffffffffffa8dd9f4dc5b5
4849,65.535948412,9.979283,30,v6,88000000ffffffffffffa8dd9f4dc5b5
4850,65.546083429,10.135017,30,v6,88000000ffffffffffffa8dd9f4dc5b5
4851,65.556246055,10.162626,30,v6,88000000ffffffffffffa8dd9f4dc5b5
4852,65.566249599,10.003544,30,v6,88000000ffffffffffffa8dd9f4dc5b5
4853,65.576821502,10.571903,30,v6,88000000ffffffffffffa8dd9f4dc5b5
4854,65.586774931,9.953429,30,v6,88000000ffffffffffffa8dd9f4dc5b5
4855,65.598161250,11.386319,30,v6,88000000ffffffffffffa8dd9f4dc5b5
4856,65.609252986,11.091736,30,v6,88000000ffffffffffffa8dd9f4dc5b5
4857,65.618322497,9.069511,30,v6,88000000ffffffffffffa8dd9f4dc5b5
4858,65.629599321,11.276824,30,v6,88000000ffffffffffffa8dd9f4dc5b5
4859,65.639630109,10.030788,30,v6,88000000ffffffffffffa8dd9f4dc5b5
4860,65.649699429,10.069320,30,v6,88000000ffffffffffffa8dd9f4dc5b5
4861,65.659954406,10.254977,30,v6,88000000ffffffffffffa8dd9f4dc5b5
4862,65.670040170,10.085764,30,v6,88000000ffffffffffffa8dd9f4dc5b5
4863,65.680267892,10.227722,30,v6,88000000ffffffffffffa8dd9f4dc5b5
4864,65.690469657,10.201765,30,v6,88000000ffffffffffffa8dd9f4dc5b5
4865,65.700544523,10.074866,30,v6,88000000ffffffffffffa8dd9f4dc5b5
4866,65.711815332,11.270809,30,v6,88000000ffffffffffffa8dd9f4dc5b5
4867,65.722972130,11.156798,30,v6,88000000ffffffffffffa8dd9f4dc5b5
4868,65.732999119,10.026989,30,v6,88000000ffffffffffffa8dd9f4dc5b5
4869,65.743123463,10.124344,30,v6,88000000ffffffffffffa8dd9f4dc5b5
4870,65.753460018,10.336555,30,v6,88000000ffffffffffffa8dd9f4dc5b5
4871,65.763639508,10.179490,30,v6,88000000ffffffffffffa8dd9f4dc5b5
4872,65.773776968,10.137460,30,v6,88000000ffffffffffffa8dd9f4dc5b5
4873,65.783799018,10.022050,30,v6,88000000ffffffffffffa8dd9f4dc5b5
4874,65.794945571,11.146553,30,v6,88000000ffffffffffffa8dd9f4dc5b5
4875,65.804164259,9.218688,30,v6,88000000ffffffffffffa8dd9f4dc5b5
4876,65.815354986,11.190727,30,v6,88000000ffffffffffffa8dd9f4dc5b5
4877,65.826502710,11.147724,30,v6,88000000ffffffffffffa8dd9f4dc5b5
4878,65.836600599,10.097889,30,v6,88000000ffffffffffffa8dd9f4dc5b5
4879,65.846858479,10.257880,30,v6,88000000ffffffffffffa8dd9f4dc5b5
4880,65.856869651,10.011172,30,v6,88000000ffffffffffffa8dd9f4dc5b5
4881,65.867047173,10.177522,30,v6,88000000ffffffffffffa8dd9f4dc5b5
4882,65.877672468,10.625295,30,v6,88000000ffffffffffffa8dd9f4dc5b5
4883,65.887503358,9.830890,30,v6,88000000ffffffffffffa8dd9f4dc5b5
4884,65.898793878,11.290520,30,v6,88000000ffffffffffffa8dd9f4dc5b5
4885,65.907670944,8.877066,30,v6,88000000ffffffffffffa8dd9f4dc5b5
4886,65.919140537,11.469593,30,v6,88000000ffffffffffffa8dd9f4dc5b5
4887,65.929186193,10.045656,30,v6,88000000ffffffffffffa8dd9f4dc5b5
4888,65.940296229,11.110036,30,v6,88000000ffffffffffffa8dd9f4dc5b5
4889,65.950719606,10.423377,30,v6,88000000ffffffffffffa8dd9f4dc5b5
4890,65.960875835,10.156229,30,v6,88000000ffffffffffffa8dd9f4dc5b5
4891,65.970947989,10.072154,30,v6,88000000ffffffffffffa8dd9f4dc5b5
4892,65.980962032,10.014043,30,v6,88000000ffffffffffffa8dd9f4dc5b5
4893,65.992359518,11.397486,30,v6,88000000ffffffffffffa8dd9f4dc5b5
4894,66.002550328,10.190810,30,v6,88000000ffffffffffffa8dd9f4dc5b5
4895,66.012738471,10.188143,30,v6,88000000ffffffffffffa8dd9f4dc5b5
4896,66.022705239,9.966768,30,v6,88000000ffffffffffffa8dd9f4dc5b5
4897,66.033016383,10.311144,30,v6,88000000ffffffffffffa8dd9f4dc5b5
4898,66.043102378,10.085995,30,v6,88000000ffffffffffffa8dd9f4dc5b5
4899,66.053187067,10.084689,30,v6,88000000ffffffffffffa8dd9f4dc5b5
4900,66.064367012,11.179945,30,v6,88000000ffffffffffffa8dd9f4dc5b5
4901,66.075542889,11.175877,30,v6,88000000ffffffffffffa8dd9f4dc5b5
4902,66.085576380,10.033491,30,v6,88000000ffffffffffffa8dd9f4dc5b5
4903,66.095792826,10.216446,30,v6,88000000ffffffffffffa8dd9f4dc5b5
4904,66.105844031,10.051205,30,v6,88000000ffffffffffffa8dd9f4dc5b5
4905,66.116093480,10.249449,30,v6,88000000ffffffffffffa8dd9f4dc5b5
4906,66.126723026,10.629546,30,v6,88000000ffffffffffffa8dd9f4dc5b5
4907,66.137421579,10.698553,30,v6,88000000ffffffffffffa8dd9f4dc5b5
4908,66.147917742,10.496163,30,v6,88000000ffffffffffffa8dd9f4dc5b5
4909,66.156915755,8.998013,30,v6,88000000ffffffffffffa8dd9f4dc5b5
4910,66.167842413,10.926658,30,v6,88000000ffffffffffffa8dd9f4dc5b5
4911,66.178155012,10.312599,30,v6,88000000ffffffffffffa8dd9f4dc5b5
4912,66.189216003,11.060991,30,v6,88000000ffffffffffffa8dd9f4dc5b5
4913,66.199519107,10.303104,30,v6,88000000ffffffffffffa8dd9f4dc5b5
4914,66.209766160,10.247053,30,v6,88000000ffffffffffffa8dd9f4dc5b5
4915,66.219945595,10.179435,30,v6,88000000ffffffffffffa8dd9f4dc5b5
4916,66.230869279,10.923684,30,v6,88000000ffffffffffffa8dd9f4dc5b5
4917,66.241188454,10.319175,30,v6,88000000ffffffffffffa8dd9f4dc5b5
4918,66.251338770,10.150316,30,v6,88000000ffffffffffffa8dd9f4dc5b5
4919,66.261377463,10.038693,30,v6,88000000ffffffffffffa8dd9f4dc5b5
4920,66.271602387,10.224924,30,v6,88000000ffffffffffffa8dd9f4dc5b5
4921,66.282204936,10.602549,30,v6,88000000ffffffffffffa8dd9f4dc5b5
4922,66.291788894,9.583958,30,v6,88000000ffffffffffffa8dd9f4dc5b5
4923,66.302170848,10.381954,30,v6,88000000ffffffffffffa8dd9f4dc5b5
4924,66.313392197,11.221349,30,v6,88000000ffffffffffffa8dd9f4dc5b5
4925,66.323367941,9.975744,30,v6,88000000ffffffffffffa8dd9f4dc5b5
4926,66.334548893,11.180952,30,v6,88000000ffffffffffffa8dd9f4dc5b5
4927,66.343825416,9.276523,30,v6,88000000ffffffffffffa8dd9f4dc5b5
4928,66.354891304,11.065888,30,v6,88000000ffffffffffffa8dd9f4dc5b5
4929,66.365082156,10.190852,30,v6,88000000ffffffffffffa8dd9f4dc5b5
4930,66.375505742,10.423586,30,v6,88000000ffffffffffffa8dd9f4dc5b5
4931,66.385637144,10.131402,30,v6,88000000ffffffffffffa8dd9f4dc5b5
4932,66.395731804,10.094660,30,v6,88000000ffffffffffffa8dd9f4dc5b5
4933,66.405825594,10.093790,30,v6,88000000ffffffffffffa8dd9f4dc5b5
4934,66.416063654,10.238060,30,v6,88000000ffffffffffffa8dd9f4dc5b5
4935,66.427042093,10.978439,30,v6,88000000ffffffffffffa8dd9f4dc5b5
4936,66.437298570,10.256477,30,v6,88000000ffffffffffffa8dd9f4dc5b5
4937,66.448343591,11.045021,30,v6,88000000ffffffffffffa8dd9f4dc5b5
4938,66.458689870,10.346279,30,v6,88000000ffffffffffffa8dd9f4dc5b5
4939,66.468522473,9.832603,30,v6,88000000ffffffffffffa8dd9f4dc5b5
4940,66.478661575,10.139102,30,v6,88000000ffffffffffffa8dd9f4dc5b5
4941,66.488864090,10.202515,30,v6,88000000ffffffffffffa8dd9f4dc5b5
4942,66.499127531,10.263441,30,v6,88000000ffffffffffffa8dd9f4dc5b5
4943,66.509383219,10.255688,30,v6,88000000ffffffffffffa8dd9f4dc5b5
4944,66.520597073,11.213854,30,v6,88000000ffffffffffffa8dd9f4dc5b5
4945,66.530962109,10.365036,30,v6,88000000ffffffffffffa8dd9f4dc5b5
4946,66.540781771,9.819662,30,v6,88000000ffffffffffffa8dd9f4dc5b5
4947,66.549829542,9.047771,30,v6,88000000ffffffffffffa8dd9f4dc5b5
4948,66.562145466,12.315924,30,v6,88000000ffffffffffffa8dd9f4dc5b5
4949,66.572203800,10.058334,30,v6,88000000ffffffffffffa8dd9f4dc5b5
4950,66.582437930,10.234130,30,v6,88000000ffffffffffffa8dd9f4dc5b5
4951,66.592866953,10.429023,30,v6,88000000ffffffffffffa8dd9f4dc5b5
4952,66.602759514,9.892561,30,v6,88000000ffffffffffffa8dd9f4dc5b5
4953,66.612887879,10.128365,30,v6,88000000ffffffffffffa8dd9f4dc5b5
4954,66.623304175,10.416296,30,v6,88000000ffffffffffffa8dd9f4dc5b5
4955,66.634411654,11.107479,30,v6,88000000ffffffffffffa8dd9f4dc5b5
4956,66.644431818,10.020164,30,v6,88000000ffffffffffffa8dd9f4dc5b5
4957,66.654563485,10.131667,30,v6,88000000ffffffffffffa8dd9f4dc5b5
4958,66.664849693,10.286208,30,v6,88000000ffffffffffffa8dd9f4dc5b5
4959,66.674980510,10.130817,30,v6,88000000ffffffffffffa8dd9f4dc5b5
4960,66.686061676,11.081166,30,v6,88000000ffffffffffffa8dd9f4dc5b5
4961,66.697202658,11.140982,30,v6,88000000ffffffffffffa8dd9f4dc5b5
4962,66.707556100,10.353442,30,v6,88000000ffffffffffffa8dd9f4dc5b5
4963,66.717897699,10.341599,30,v6,88000000ffffffffffffa8dd9f4dc5b5
4964,66.727862715,9.965016,30,v6,88000000ffffffffffffa8dd9f4dc5b5
4965,66.737918399,10.055684,30,v6,88000000ffffffffffffa8dd9f4dc5b5
4966,66.748228954,10.310555,30,v6,88000000ffffffffffffa8dd9f4dc5b5
4967,66.758199087,9.970133,30,v6,88000000ffffffffffffa8dd9f4dc5b5
4968,66.768454406,10.255319,30,v6,88000000ffffffffffffa8dd9f4dc5b5
4969,66.779895493,11.441087,30,v6,88000000ffffffffffffa8dd9f4dc5b5
4970,66.789757032,9.861539,30,v6,88000000ffffffffffffa8dd9f4dc5b5
4971,66.800661584,10.904552,30,v6,88000000ffffffffffffa8dd9f4dc5b5
4972,66.811048331,10.386747,30,v6,88000000ffffffffffffa8dd9f4dc5b5
4973,66.821085746,10.037415,30,v6,88000000ffffffffffffa8dd9f4dc5b5
4974,66.831549341,10.463595,30,v6,88000000ffffffffffffa8dd9f4dc5b5
4975,66.841611162,10.061821,30,v6,88000000ffffffffffffa8dd9f4dc5b5
4976,66.851844683,10.233521,30,v6,88000000ffffffffffffa8dd9f4dc5b5
4977,66.862986254,11.141571,30,v6,88000000ffffffffffffa8dd9f4dc5b5
4978,66.871924196,8.937942,30,v6,88000000ffffffffffffa8dd9f4dc5b5
4979,66.883209901,11.285705,30,v6,88000000ffffffffffffa8dd9f4dc5b5
4980,66.893434355,10.224454,30,v6,88000000ffffffffffffa8dd9f4dc5b5
4981,66.903511788,10.077433,30,v6,88000000ffffffffffffa8dd9f4dc5b5
4982,66.914967265,11.455477,30,v6,88000000ffffffffffffa8dd9f4dc5b5
4983,66.924915115,9.947850,30,v6,88000000ffffffffffffa8dd9f4dc5b5
4984,66.934946075,10.030960,30,v6,88000000ffffffffffffa8dd9f4dc5b5
4985,66.945272856,10.326781,30,v6,88000000ffffffffffffa8dd9f4dc5b5
4986,67.297788076,352.515220,30,v6,88000000ffffffffffffa8dd9f4dc5b5
4987,67.307890282,10.102206,30,v6,88000000ffffffffffffa8dd9f4dc5b5
4988,67.318132020,10.241738,30,v6,88000000ffffffffffffa8dd9f4dc5b5
4989,67.328473657,10.341637,30,v6,88000000ffffffffffffa8dd9f4dc5b5
4990,67.338300930,9.827273,30,v6,88000000ffffffffffffa8dd9f4dc5b5
4991,67.348401052,10.100122,30,v6,88000000ffffffffffffa8dd9f4dc5b5
4992,67.358669796,10.268744,30,v6,88000000ffffffffffffa8dd9f4dc5b5
4993,67.368789089,10.119293,30,v6,88000000ffffffffffffa8dd9f4dc5b5
4994,67.378910448,10.121359,30,v6,88000000ffffffffffffa8dd9f4dc5b5
4995,67.389260770,10.350322,30,v6,88000000ffffffffffffa8dd9f4dc5b5
4996,67.399397118,10.136348,30,v6,88000000ffffffffffffa8dd9f4dc5b5
4997,67.409502397,10.105279,30,v6,88000000ffffffffffffa8dd9f4dc5b5
4998,67.420637558,11.135161,30,v6,88000000ffffffffffffa8dd9f4dc5b5
4999,67.430855034,10.217476,30,v6,88000000ffffffffffffa8dd9f4dc5b5
5000,67.440892017,10.036983,30,v6,88000000ffffffffffffa8dd9f4dc5b5
5001,67.451018017,10.126000,30,v6,88000000ffffffffffffa8dd9f4dc5b5
5002,67.461339121,10.321104,30,v6,88000000ffffffffffffa8dd9f4dc5b5
5003,67.471588520,10.249399,30,v6,88000000ffffffffffffa8dd9f4dc5b5
5004,67.483031758,11.443238,30,v6,88000000ffffffffffffa8dd9f4dc5b5
5005,67.492948461,9.916703,30,v6,88000000ffffffffffffa8dd9f4dc5b5
5006,67.503072546,10.124085,30,v6,88000000ffffffffffffa8dd9f4dc5b5
5007,67.513213961,10.141415,30,v6,88000000ffffffffffffa8dd9f4dc5b5
5008,67.523386280,10.172319,30,v6,88000000ffffffffffffa8dd9f4dc5b5
5009,67.533626753,10.240473,30,v6,88000000ffffffffffffa8dd9f4dc5b5
5010,67.544388256,10.761503,30,v6,88000000ffffffffffffa8dd9f4dc5b5
5011,67.554769441,10.381185,30,v6,88000000ffffffffffffa8dd9f4dc5b5
5012,67.564850034,10.080593,30,v6,88000000ffffffffffffa8dd9f4dc5b5
5013,67.575033566,10.183532,30,v6,88000000ffffffffffffa8dd9f4dc5b5
5014,67.585289562,10.255996,30,v6,88000000ffffffffffffa8dd9f4dc5b5
5015,67.594352652,9.063090,30,v6,88000000ffffffffffffa8dd9f4dc5b5
5016,67.605712732,11.360080,30,v6,88000000ffffffffffffa8dd9f4dc5b5
5017,67.616069244,10.356512,30,v6,88000000ffffffffffffa8dd9f4dc5b5
5018,67.626082259,10.013015,30,v6,88000000ffffffffffffa8dd9f4dc5b5
5019,67.636120665,10.038406,30,v6,88000000ffffffffffffa8dd9f4dc5b5
5020,67.646302356,10.181691,30,v6,88000000ffffffffffffa8dd9f4dc5b5
5021,67.657388661,11.086305,30,v6,88000000ffffffffffffa8dd9f4dc5b5
5022,67.667759211,10.370550,30,v6,88000000ffffffffffffa8dd9f4dc5b5
5023,67.677774709,10.015498,30,v6,88000000ffffffffffffa8dd9f4dc5b5
5024,67.687886798,10.112089,30,v6,88000000ffffffffffffa8dd9f4dc5b5
5025,67.697841162,9.954364,30,v6,88000000ffffffffffffa8dd9f4dc5b5
5026,67.708455622,10.614460,30,v6,88000000ffffffffffffa8dd9f4dc5b5
5027,67.718347914,9.892292,30,v6,88000000ffffffffffffa8dd9f4dc5b5
5028,67.728539428,10.191514,30,v6,88000000ffffffffffffa8dd9f4dc5b5
5029,67.738560640,10.021212,30,v6,88000000ffffffffffffa8dd9f4dc5b5
5030,67.748750589,10.189949,30,v6,88000000ffffffffffffa8dd9f4dc5b5
5031,67.759177103,10.426514,30,v6,88000000ffffffffffffa8dd9f4dc5b5
5032,67.769116036,9.938933,30,v6,88000000ffffffffffffa8dd9f4dc5b5
5033,67.780484991,11.368955,30,v6,88000000ffffffffffffa8dd9f4dc5b5
5034,67.790604717,10.119726,30,v6,88000000ffffffffffffa8dd9f4dc5b5
5035,67.800929012,10.324295,30,v6,88000000ffffffffffffa8dd9f4dc5b5
5036,67.811137897,10.208885,30,v6,88000000ffffffffffffa8dd9f4dc5b5
5037,67.821005416,9.867519,30,v6,88000000ffffffffffffa8dd9f4dc5b5
5038,67.831213271,10.207855,30,v6,88000000ffffffffffffa8dd9f4dc5b5
5039,67.841525275,10.312004,30,v6,88000000ffffffffffffa8dd9f4dc5b5
5040,67.851524108,9.998833,30,v6,88000000ffffffffffffa8dd9f4dc5b5
5041,67.861734339,10.210231,30,v6,88000000ffffffffffffa8dd9f4dc5b5
5042,67.871763498,10.029159,30,v6,88000000ffffffffffffa8dd9f4dc5b5
5043,67.881872036,10.108538,30,v6,88000000ffffffffffffa8dd9f4dc5b5
5044,67.892172940,10.300904,30,v6,88000000ffffffffffffa8dd9f4dc5b5
5045,67.903281405,11.108465,30,v6,88000000ffffffffffffa8dd9f4dc5b5
5046,67.913739238,10.457833,30,v6,88000000ffffffffffffa8dd9f4dc5b5
5047,67.923969333,10.230095,30,v6,88000000ffffffffffffa8dd9f4dc5b5
5048,67.934026537,10.057204,30,v6,88000000ffffffffffffa8dd9f4dc5b5
5049,67.943741663,9.715126,30,v6,88000000ffffffffffffa8dd9f4dc5b5
5050,67.954146533,10.404870,30,v6,88000000ffffffffffffa8dd9f4dc5b5
5051,67.964551197,10.404664,30,v6,88000000ffffffffffffa8dd9f4dc5b5
5052,67.974544745,9.993548,30,v6,88000000ffffffffffffa8dd9f4dc5b5
5053,67.984556569,10.011824,30,v6,88000000ffffffffffffa8dd9f4dc5b5
5054,67.994653971,10.097402,30,v6,88000000ffffffffffffa8dd9f4dc5b5
5055,68.004981631,10.327660,30,v6,88000000ffffffffffffa8dd9f4dc5b5
5056,68.016941306,11.959675,30,v6,88000000ffffffffffffa8dd9f4dc5b5
5057,68.027025363,10.084057,30,v6,88000000ffffffffffffa8dd9f4dc5b5
5058,68.037257615,10.232252,30,v6,88000000ffffffffffffa8dd9f4dc5b5
5059,68.047529619,10.272004,30,v6,88000000ffffffffffffa8dd9f4dc5b5
5060,68.057623995,10.094376,30,v6,88000000ffffffffffffa8dd9f4dc5b5
5061,68.068169416,10.545421,30,v6,88000000ffffffffffffa8dd9f4dc5b5
5062,68.077918795,9.749379,30,v6,88000000ffffffffffffa8dd9f4dc5b5
5063,68.087963060,10.044265,30,v6,88000000ffffffffffffa8dd9f4dc5b5
5064,68.098697929,10.734869,30,v6,88000000ffffffffffffa8dd9f4dc5b5
5065,68.108681243,9.983314,30,v6,88000000ffffffffffffa8dd9f4dc5b5
5066,68.118679561,9.998318,30,v6,88000000ffffffffffffa8dd9f4dc5b5
5067,68.130895969,12.216408,30,v6,88000000ffffffffffffa8dd9f4dc5b5
5068,68.140820108,9.924139,30,v6,88000000ffffffffffffa8dd9f4dc5b5
5069,68.151187123,10.367015,30,v6,88000000ffffffffffffa8dd9f4dc5b5
5070,68.161273285,10.086162,30,v6,88000000ffffffffffffa8dd9f4dc5b5
5071,68.171409210,10.135925,30,v6,88000000ffffffffffffa8dd9f4dc5b5
5072,68.181708780,10.299570,30,v6,88000000ffffffffffffa8dd9f4dc5b5
5073,68.191889258,10.180478,30,v6,88000000ffffffffffffa8dd9f4dc5b5
5074,68.201830653,9.941395,30,v6,88000000ffffffffffffa8dd9f4dc5b5
5075,68.212116573,10.285920,30,v6,88000000ffffffffffffa8dd9f4dc5b5
5076,68.222097427,9.980854,30,v6,88000000ffffffffffffa8dd9f4dc5b5
5077,68.232449232,10.351805,30,v6,88000000ffffffffffffa8dd9f4dc5b5
5078,68.242526554,10.077322,30,v6,88000000ffffffffffffa8dd9f4dc5b5
5079,68.253517001,10.990447,30,v6,88000000ffffffffffffa8dd9f4dc5b5
5080,68.263779536,10.262535,30,v6,88000000ffffffffffffa8dd9f4dc5b5
5081,68.274078518,10.298982,30,v6,88000000ffffffffffffa8dd9f4dc5b5
5082,68.284219426,10.140908,30,v6,88000000ffffffffffffa8dd9f4dc5b5
5083,68.294365773,10.146347,30,v6,88000000ffffffffffffa8dd9f4dc5b5
5084,68.304383239,10.017466,30,v6,88000000ffffffffffffa8dd9f4dc5b5
5085,68.314693113,10.309874,30,v6,88000000ffffffffffffa8dd9f4dc5b5
5086,68.324785276,10.092163,30,v6,88000000ffffffffffffa8dd9f4dc5b5
5087,68.335073280,10.288004,30,v6,88000000ffffffffffffa8dd9f4dc5b5
5088,68.346114875,11.041595,30,v6,88000000ffffffffffffa8dd9f4dc5b5
5089,68.356390176,10.275301,30,v6,88000000ffffffffffffa8dd9f4dc5b5
5090,68.366465082,10.074906,30,v6,88000000ffffffffffffa8dd9f4dc5b5
5091,68.376536873,10.071791,30,v6,88000000ffffffffffffa8dd9f4dc5b5
5092,68.386693189,10.156316,30,v6,88000000ffffffffffffa8dd9f4dc5b5
5093,68.397013470,10.320281,30,v6,88000000ffffffffffffa8dd9f4dc5b5
5094,68.407162655,10.149185,30,v6,88000000ffffffffffffa8dd9f4dc5b5
5095,68.417265442,10.102787,30,v6,88000000ffffffffffffa8dd9f4dc5b5
5096,68.427536874,10.271432,30,v6,88000000ffffffffffffa8dd9f4dc5b5
5097,68.437599529,10.062655,30,v6,88000000ffffffffffffa8dd9f4dc5b5
5098,68.448766098,11.166569,30,v6,88000000ffffffffffffa8dd9f4dc5b5
5099,68.458900459,10.134361,30,v6,88000000ffffffffffffa8dd9f4dc5b5
5100,68.469237791,10.337332,30,v6,88000000ffffffffffffa8dd9f4dc5b5
5101,68.479423643,10.185852,30,v6,88000000ffffffffffffa8dd9f4dc5b5
5102,68.489455389,10.031746,30,v6,88000000ffffffffffffa8dd9f4dc5b5
5103,68.499871141,10.415752,30,v6,88000000ffffffffffffa8dd9f4dc5b5
5104,68.509883568,10.012427,30,v6,88000000ffffffffffffa8dd9f4dc5b5
5105,68.520319490,10.435922,30,v6,88000000ffffffffffffa8dd9f4dc5b5
5106,68.530085187,9.765697,30,v6,88000000ffffffffffffa8dd9f4dc5b5
5107,68.540215339,10.130152,30,v6,88000000ffffffffffffa8dd9f4dc5b5
5108,68.550618326,10.402987,30,v6,88000000ffffffffffffa8dd9f4dc5b5
5109,68.561797634,11.179308,30,v6,88000000ffffffffffffa8dd9f4dc5b5
5110,68.571827660,10.030026,30,v6,88000000ffffffffffffa8dd9f4dc5b5
5111,68.582029685,10.202025,30,v6,88000000ffffffffffffa8dd9f4dc5b5
5112,68.592138724,10.109039,30,v6,88000000ffffffffffffa8dd9f4dc5b5
5113,68.602197168,10.058444,30,v6,88000000ffffffffffffa8dd9f4dc5b5
5114,68.612320974,10.123806,30,v6,88000000ffffffffffffa8dd9f4dc5b5
5115,68.622729680,10.408706,30,v6,88000000ffffffffffffa8dd9f4dc5b5
5116,68.632680987,9.951307,30,v6,88000000ffffffffffffa8dd9f4dc5b5
5117,68.643069269,10.388282,30,v6,88000000ffffffffffffa8dd9f4dc5b5
5118,68.653184999,10.115730,30,v6,88000000ffffffffffffa8dd9f4dc5b5
5119,68.663245361,10.060362,30,v6,88000000ffffffffffffa8dd9f4dc5b5
5120,68.673720931,10.475570,30,v6,88000000ffffffffffffa8dd9f4dc5b5
5121,68.684550190,10.829259,30,v6,88000000ffffffffffffa8dd9f4dc5b5
5122,68.694869139,10.318949,30,v6,88000000ffffffffffffa8dd9f4dc5b5
5123,68.704914433,10.045294,30,v6,88000000ffffffffffffa8dd9f4dc5b5
5124,68.716145260,11.230827,30,v6,88000000ffffffffffffa8dd9f4dc5b5
5125,68.726261418,10.116158,30,v6,88000000ffffffffffffa8dd9f4dc5b5
5126,68.735519303,9.257885,30,v6,88000000ffffffffffffa8dd9f4dc5b5
5127,68.746547407,11.028104,30,v6,88000000ffffffffffffa8dd9f4dc5b5
5128,68.756769619,10.222212,30,v6,88000000ffffffffffffa8dd9f4dc5b5
5129,68.766799092,10.029473,30,v6,88000000ffffffffffffa8dd9f4dc5b5
5130,68.777144581,10.345489,30,v6,88000000ffffffffffffa8dd9f4dc5b5
5131,68.786380007,9.235426,30,v6,88000000ffffffffffffa8dd9f4dc5b5
5132,68.797548973,11.168966,30,v6,88000000ffffffffffffa8dd9f4dc5b5
5133,68.807606361,10.057388,30,v6,88000000ffffffffffffa8dd9f4dc5b5
5134,68.817795913,10.189552,30,v6,88000000ffffffffffffa8dd9f4dc5b5
5135,68.827773720,9.977807,30,v6,88000000ffffffffffffa8dd9f4dc5b5
5136,68.837941453,10.167733,30,v6,88000000ffffffffffffa8dd9f4dc5b5
5137,68.849220371,11.278918,30,v6,88000000ffffffffffffa8dd9f4dc5b5
5138,68.859301123,10.080752,30,v6,88000000ffffffffffffa8dd9f4dc5b5
5139,68.868519330,9.218207,30,v6,88000000ffffffffffffa8dd9f4dc5b5
5140,68.878663559,10.144229,30,v6,88000000ffffffffffffa8dd9f4dc5b5
5141,68.889734745,11.071186,30,v6,88000000ffffffffffffa8dd9f4dc5b5
5142,68.898849099,9.114354,30,v6,88000000ffffffffffffa8dd9f4dc5b5
5143,68.910208023,11.358924,30,v6,88000000ffffffffffffa8dd9f4dc5b5
5144,68.920258077,10.050054,30,v6,88000000ffffffffffffa8dd9f4dc5b5
5145,68.930529720,10.271643,30,v6,88000000ffffffffffffa8dd9f4dc5b5
5146,68.941729517,11.199797,30,v6,88000000ffffffffffffa8dd9f4dc5b5
5147,68.951691388,9.961871,30,v6,88000000ffffffffffffa8dd9f4dc5b5
5148,68.961931203,10.239815,30,v6,88000000ffffffffffffa8dd9f4dc5b5
5149,68.972210455,10.279252,30,v6,88000000ffffffffffffa8dd9f4dc5b5
5150,68.982301958,10.091503,30,v6,88000000ffffffffffffa8dd9f4dc5b5
5151,68.991428304,9.126346,30,v6,88000000ffffffffffffa8dd9f4dc5b5
5152,69.002705057,11.276753,30,v6,88000000ffffffffffffa8dd9f4dc5b5
5153,69.013144996,10.439939,30,v6,88000000ffffffffffffa8dd9f4dc5b5
5154,69.023116285,9.971289,30,v6,88000000ffffffffffffa8dd9f4dc5b5
5155,69.033197266,10.080981,30,v6,88000000ffffffffffffa8dd9f4dc5b5
5156,69.043344060,10.146794,30,v6,88000000ffffffffffffa8dd9f4dc5b5
5157,69.054477039,11.132979,30,v6,88000000ffffffffffffa8dd9f4dc5b5
5158,69.063432881,8.955842,30,v6,88000000ffffffffffffa8dd9f4dc5b5
5159,69.073783947,10.351066,30,v6,88000000ffffffffffffa8dd9f4dc5b5
5160,69.084785623,11.001676,30,v6,88000000ffffffffffffa8dd9f4dc5b5
5161,69.094957828,10.172205,30,v6,88000000ffffffffffffa8dd9f4dc5b5
5162,69.104202726,9.244898,30,v6,88000000ffffffffffffa8dd9f4dc5b5
5163,69.114275719,10.072993,30,v6,88000000ffffffffffffa8dd9f4dc5b5
5164,69.125714114,11.438395,30,v6,88000000ffffffffffffa8dd9f4dc5b5
5165,69.135921025,10.206911,30,v6,88000000ffffffffffffa8dd9f4dc5b5
5166,69.145744567,9.823542,30,v6,88000000ffffffffffffa8dd9f4dc5b5
5167,69.155813068,10.068501,30,v6,88000000ffffffffffffa8dd9f4dc5b5
5168,69.167198213,11.385145,30,v6,88000000ffffffffffffa8dd9f4dc5b5
5169,69.177350815,10.152602,30,v6,88000000ffffffffffffa8dd9f4dc5b5
5170,69.187431141,10.080326,30,v6,88000000ffffffffffffa8dd9f4dc5b5
5171,69.197603521,10.172380,30,v6,88000000ffffffffffffa8dd9f4dc5b5
5172,69.207758714,10.155193,30,v6,88000000ffffffffffffa8dd9f4dc5b5
5173,69.217752647,9.993933,30,v6,88000000ffffffffffffa8dd9f4dc5b5
5174,69.228139632,10.386985,30,v6,88000000ffffffffffffa8dd9f4dc5b5
5175,69.238229469,10.089837,30,v6,88000000ffffffffffffa8dd9f4dc5b5
5176,69.248361305,10.131836,30,v6,88000000ffffffffffffa8dd9f4dc5b5
5177,69.258578436,10.217131,30,v6,88000000ffffffffffffa8dd9f4dc5b5
5178,69.268786964,10.208528,30,v6,88000000ffffffffffffa8dd9f4dc5b5
5179,69.278746252,9.959288,30,v6,88000000ffffffffffffa8dd9f4dc5b5
5180,69.290022166,11.275914,30,v6,88000000ffffffffffffa8dd9f4dc5b5
5181,69.300341361,10.319195,30,v6,88000000ffffffffffffa8dd9f4dc5b5
5182,69.310410488,10.069127,30,v6,88000000ffffffffffffa8dd9f4dc5b5
5183,69.320586595,10.176107,30,v6,88000000ffffffffffffa8dd9f4dc5b5
5184,69.330707032,10.120437,30,v6,88000000ffffffffffffa8dd9f4dc5b5
5185,69.341014171,10.307139,30,v6,88000000ffffffffffffa8dd9f4dc5b5
5186,69.351011193,9.997022,30,v6,88000000ffffffffffffa8dd9f4dc5b5
5187,69.361104489,10.093296,30,v6,88000000ffffffffffffa8dd9f4dc5b5
5188,69.371322832,10.218343,30,v6,88000000ffffffffffffa8dd9f4dc5b5
5189,69.381772106,10.449274,30,v6,88000000ffffffffffffa8dd9f4dc5b5
5190,69.391896595,10.124489,30,v6,88000000ffffffffffffa8dd9f4dc5b5
5191,69.401790483,9.893888,30,v6,88000000ffffffffffffa8dd9f4dc5b5
5192,69.412042857,10.252374,30,v6,88000000ffffffffffffa8dd9f4dc5b5
5193,69.423258091,11.215234,30,v6,88000000ffffffffffffa8dd9f4dc5b5
5194,69.433550724,10.292633,30,v6,88000000ffffffffffffa8dd9f4dc5b5
5195,69.443725202,10.174478,30,v6,88000000ffffffffffffa8dd9f4dc5b5
5196,69.453656338,9.931136,30,v6,88000000ffffffffffffa8dd9f4dc5b5
5197,69.463786451,10.130113,30,v6,88000000ffffffffffffa8dd9f4dc5b5
5198,69.474002977,10.216526,30,v6,88000000ffffffffffffa8dd9f4dc5b5
5199,69.484208163,10.205186,30,v6,88000000ffffffffffffa8dd9f4dc5b5
5200,69.494449435,10.241272,30,v6,88000000ffffffffffffa8dd9f4dc5b5
5201,69.504563898,10.114463,30,v6,88000000ffffffffffffa8dd9f4dc5b5
5202,69.514699029,10.135131,30,v6,88000000ffffffffffffa8dd9f4dc5b5
5203,69.525841052,11.142023,30,v6,88000000ffffffffffffa8dd9f4dc5b5
5204,69.536063422,10.222370,30,v6,88000000ffffffffffffa8dd9f4dc5b5
5205,69.547165565,11.102143,30,v6,88000000ffffffffffffa8dd9f4dc5b5
5206,69.557226324,10.060759,30,v6,88000000ffffffffffffa8dd9f4dc5b5
5207,69.567564148,10.337824,30,v6,88000000ffffffffffffa8dd9f4dc5b5
5208,69.577574471,10.010323,30,v6,88000000ffffffffffffa8dd9f4dc5b5
5209,69.587778990,10.204519,30,v6,88000000ffffffffffffa8dd9f4dc5b5
5210,69.597811710,10.032720,30,v6,88000000ffffffffffffa8dd9f4dc5b5
5211,69.607996311,10.184601,30,v6,88000000ffffffffffffa8dd9f4dc5b5
5212,69.617403484,9.407173,30,v6,88000000ffffffffffffa8dd9f4dc5b5
5213,69.628473503,11.070019,30,v6,88000000ffffffffffffa8dd9f4dc5b5
5214,69.639746614,11.273111,30,v6,88000000ffffffffffffa8dd9f4dc5b5
5215,69.650006668,10.260054,30,v6,88000000ffffffffffffa8dd9f4dc5b5
5216,69.659813631,9.806963,30,v6,88000000ffffffffffffa8dd9f4dc5b5
5217,69.670049329,10.235698,30,v6,88000000ffffffffffffa8dd9f4dc5b5
5218,69.680325120,10.275791,30,v6,88000000ffffffffffffa8dd9f4dc5b5
5219,69.690572124,10.247004,30,v6,88000000ffffffffffffa8dd9f4dc5b5
5220,69.700431837,9.859713,30,v6,88000000ffffffffffffa8dd9f4dc5b5
5221,69.710846033,10.414196,30,v6,88000000ffffffffffffa8dd9f4dc5b5
5222,69.721846143,11.000110,30,v6,88000000ffffffffffffa8dd9f4dc5b5
5223,69.732184275,10.338132,30,v6,88000000ffffffffffffa8dd9f4dc5b5
5224,69.742419220,10.234945,30,v6,88000000ffffffffffffa8dd9f4dc5b5
5225,69.753437600,11.018380,30,v6,88000000ffffffffffffa8dd9f4dc5b5
5226,69.762533919,9.096319,30,v6,88000000ffffffffffffa8dd9f4dc5b5
5227,69.772933019,10.399100,30,v6,88000000ffffffffffffa8dd9f4dc5b5
5228,69.783787496,10.854477,30,v6,88000000ffffffffffffa8dd9f4dc5b5
5229,69.794108144,10.320648,30,v6,88000000ffffffffffffa8dd9f4dc5b5
5230,69.803163820,9.055676,30,v6,88000000ffffffffffffa8dd9f4dc5b5
5231,69.814372764,11.208944,30,v6,88000000ffffffffffffa8dd9f4dc5b5
5232,69.823499940,9.127176,30,v6,88000000ffffffffffffa8dd9f4dc5b5
5233,69.834676849,11.176909,30,v6,88000000ffffffffffffa8dd9f4dc5b5
5234,69.843776054,9.099205,30,v6,88000000ffffffffffffa8dd9f4dc5b5
5235,69.854927168,11.151114,30,v6,88000000ffffffffffffa8dd9f4dc5b5
5236,69.865166879,10.239711,30,v6,88000000ffffffffffffa8dd9f4dc5b5
5237,69.875316194,10.149315,30,v6,88000000ffffffffffffa8dd9f4dc5b5
5238,69.886809820,11.493626,30,v6,88000000ffffffffffffa8dd9f4dc5b5
5239,69.895585237,8.775417,30,v6,88000000ffffffffffffa8dd9f4dc5b5
5240,69.906730862,11.145625,30,v6,88000000ffffffffffffa8dd9f4dc5b5
5241,69.916919493,10.188631,30,v6,88000000ffffffffffffa8dd9f4dc5b5
5242,69.926080009,9.160516,30,v6,88000000ffffffffffffa8dd9f4dc5b5
5243,69.936450058,10.370049,30,v6,88000000ffffffffffffa8dd9f4dc5b5
5244,69.947373941,10.923883,30,v6,88000000ffffffffffffa8dd9f4dc5b5
5245,69.956530464,9.156523,30,v6,88000000ffffffffffffa8dd9f4dc5b5
5246,69.966801381,10.270917,30,v6,88000000ffffffffffffa8dd9f4dc5b5
5247,69.977811585,11.010204,30,v6,88000000ffffffffffffa8dd9f4dc5b5
5248,69.987972019,10.160434,30,v6,88000000ffffffffffffa8dd9f4dc5b5
5249,69.999271109,11.299090,30,v6,88000000ffffffffffffa8dd9f4dc5b5
5250,70.009366553,10.095444,30,v6,88000000ffffffffffffa8dd9f4dc5b5
5251,70.019532299,10.165746,30,v6,88000000ffffffffffffa8dd9f4dc5b5
5252,70.030024615,10.492316,30,v6,88000000ffffffffffffa8dd9f4dc5b5
5253,70.039715316,9.690701,30,v6,88000000ffffffffffffa8dd9f4dc5b5
5254,70.049934380,10.219064,30,v6,88000000ffffffffffffa8dd9f4dc5b5
5255,70.060259397,10.325017,30,v6,88000000ffffffffffffa8dd9f4dc5b5
5256,70.070394782,10.135385,30,v6,88000000ffffffffffffa8dd9f4dc5b5
5257,70.080612170,10.217388,30,v6,88000000ffffffffffffa8dd9f4dc5b5
5258,70.090518624,9.906454,30,v6,88000000ffffffffffffa8dd9f4dc5b5
5259,70.100875490,10.356866,30,v6,88000000ffffffffffffa8dd9f4dc5b5
5260,70.112013266,11.137776,30,v6,88000000ffffffffffffa8dd9f4dc5b5
5261,70.122076442,10.063176,30,v6,88000000ffffffffffffa8dd9f4dc5b5
5262,70.132237158,10.160716,30,v6,88000000ffffffffffffa8dd9f4dc5b5
5263,70.142512722,10.275564,30,v6,88000000ffffffffffffa8dd9f4dc5b5
5264,70.152709701,10.196979,30,v6,88000000ffffffffffffa8dd9f4dc5b5
5265,70.162682112,9.972411,30,v6,88000000ffffffffffffa8dd9f4dc5b5
5266,70.172918535,10.236423,30,v6,88000000ffffffffffffa8dd9f4dc5b5
5267,70.183307158,10.388623,30,v6,88000000ffffffffffffa8dd9f4dc5b5
5268,70.193420521,10.113363,30,v6,88000000ffffffffffffa8dd9f4dc5b5
5269,70.203551788,10.131267,30,v6,88000000ffffffffffffa8dd9f4dc5b5
5270,70.214913995,11.362207,30,v6,88000000ffffffffffffa8dd9f4dc5b5
5271,70.224828840,9.914845,30,v6,88000000ffffffffffffa8dd9f4dc5b5
5272,70.234899876,10.071036,30,v6,88000000ffffffffffffa8dd9f4dc5b5
5273,70.245221220,10.321344,30,v6,88000000ffffffffffffa8dd9f4dc5b5
5274,70.255213606,9.992386,30,v6,88000000ffffffffffffa8dd9f4dc5b5
5275,70.265543225,10.329619,30,v6,88000000ffffffffffffa8dd9f4dc5b5
5276,70.275859754,10.316529,30,v6,88000000ffffffffffffa8dd9f4dc5b5
5277,70.286152066,10.292312,30,v6,88000000ffffffffffffa8dd9f4dc5b5
5278,70.295927727,9.775661,30,v6,88000000ffffffffffffa8dd9f4dc5b5
5279,70.306017085,10.089358,30,v6,88000000ffffffffffffa8dd9f4dc5b5
5280,70.317134576,11.117491,30,v6,88000000ffffffffffffa8dd9f4dc5b5
5281,70.327438069,10.303493,30,v6,88000000ffffffffffffa8dd9f4dc5b5
5282,70.337489298,10.051229,30,v6,88000000ffffffffffffa8dd9f4dc5b5
5283,70.347708262,10.218964,30,v6,88000000ffffffffffffa8dd9f4dc5b5
5284,70.357675470,9.967208,30,v6,88000000ffffffffffffa8dd9f4dc5b5
5285,70.368166996,10.491526,30,v6,88000000ffffffffffffa8dd9f4dc5b5
5286,70.378314420,10.147424,30,v6,88000000ffffffffffffa8dd9f4dc5b5
5287,70.388461730,10.147310,30,v6,88000000ffffffffffffa8dd9f4dc5b5
5288,70.398723264,10.261534,30,v6,88000000ffffffffffffa8dd9f4dc5b5
5289,70.408599511,9.876247,30,v6,88000000ffffffffffffa8dd9f4dc5b5
5290,70.418872488,10.272977,30,v6,88000000ffffffffffffa8dd9f4dc5b5
5291,70.429054127,10.181639,30,v6,88000000ffffffffffffa8dd9f4dc5b5
5292,70.440158776,11.104649,30,v6,88000000ffffffffffffa8dd9f4dc5b5
5293,70.450376944,10.218168,30,v6,88000000ffffffffffffa8dd9f4dc5b5
5294,70.460407593,10.030649,30,v6,88000000ffffffffffffa8dd9f4dc5b5
5295,70.470729692,10.322099,30,v6,88000000ffffffffffffa8dd9f4dc5b5
5296,70.480834046,10.104354,30,v6,88000000ffffffffffffa8dd9f4dc5b5
5297,70.490884958,10.050912,30,v6,88000000ffffffffffffa8dd9f4dc5b5
5298,70.501126394,10.241436,30,v6,88000000ffffffffffffa8dd9f4dc5b5
5299,70.511206866,10.080472,30,v6,88000000ffffffffffffa8dd9f4dc5b5
5300,70.521529016,10.322150,30,v6,88000000ffffffffffffa8dd9f4dc5b5
5301,70.531577541,10.048525,30,v6,88000000ffffffffffffa8dd9f4dc5b5
5302,70.542659159,11.081618,30,v6,88000000ffffffffffffa8dd9f4dc5b5
5303,70.553153129,10.493970,30,v6,88000000ffffffffffffa8dd9f4dc5b5
5304,70.563151346,9.998217,30,v6,88000000ffffffffffffa8dd9f4dc5b5
5305,70.573311198,10.159852,30,v6,88000000ffffffffffffa8dd9f4dc5b5
5306,70.583440263,10.129065,30,v6,88000000ffffffffffffa8dd9f4dc5b5
5307,70.593654713,10.214450,30,v6,88000000ffffffffffffa8dd9f4dc5b5
5308,70.603960115,10.305402,30,v6,88000000ffffffffffffa8dd9f4dc5b5
5309,70.613844442,9.884327,30,v6,88000000ffffffffffffa8dd9f4dc5b5
5310,70.624124983,10.280541,30,v6,88000000ffffffffffffa8dd9f4dc5b5
5311,70.634309555,10.184572,30,v6,88000000ffffffffffffa8dd9f4dc5b5
5312,70.644426611,10.117056,30,v6,88000000ffffffffffffa8dd9f4dc5b5
5313,70.654693176,10.266565,30,v6,88000000ffffffffffffa8dd9f4dc5b5
5314,70.665648254,10.955078,30,v6,88000000ffffffffffffa8dd9f4dc5b5
5315,70.675863286,10.215032,30,v6,88000000ffffffffffffa8dd9f4dc5b5
5316,70.686197183,10.333897,30,v6,88000000ffffffffffffa8dd9f4dc5b5
5317,70.696247060,10.049877,30,v6,88000000ffffffffffffa8dd9f4dc5b5
5318,70.706631859,10.384799,30,v6,88000000ffffffffffffa8dd9f4dc5b5
5319,70.716877586,10.245727,30,v6,88000000ffffffffffffa8dd9f4dc5b5
5320,70.727139822,10.262236,30,v6,88000000ffffffffffffa8dd9f4dc5b5
5321,70.737047866,9.908044,30,v6,88000000ffffffffffffa8dd9f4dc5b5
5322,70.747031777,9.983911,30,v6,88000000ffffffffffffa8dd9f4dc5b5
5323,70.757270409,10.238632,30,v6,88000000ffffffffffffa8dd9f4dc5b5
5324,70.767378709,10.108300,30,v6,88000000ffffffffffffa8dd9f4dc5b5
5325,70.778647146,11.268437,30,v6,88000000ffffffffffffa8dd9f4dc5b5
5326,70.789072402,10.425256,30,v6,88000000ffffffffffffa8dd9f4dc5b5
5327,70.798774345,9.701943,30,v6,88000000ffffffffffffa8dd9f4dc5b5
5328,70.808925952,10.151607,30,v6,88000000ffffffffffffa8dd9f4dc5b5
5329,70.819119332,10.193380,30,v6,88000000ffffffffffffa8dd9f4dc5b5
5330,70.829400765,10.281433,30,v6,88000000ffffffffffffa8dd9f4dc5b5
5331,70.840285662,10.884897,30,v6,88000000ffffffffffffa8dd9f4dc5b5
5332,70.850502602,10.216940,30,v6,88000000ffffffffffffa8dd9f4dc5b5
5333,70.860869335,10.366733,30,v6,88000000ffffffffffffa8dd9f4dc5b5
5334,70.870945786,10.076451,30,v6,88000000ffffffffffffa8dd9f4dc5b5
5335,70.881178673,10.232887,30,v6,88000000ffffffffffffa8dd9f4dc5b5
5336,70.892391031,11.212358,30,v6,88000000ffffffffffffa8dd9f4dc5b5
5337,70.902549121,10.158090,30,v6,88000000ffffffffffffa8dd9f4dc5b5
5338,70.912694098,10.144977,30,v6,88000000ffffffffffffa8dd9f4dc5b5
5339,70.922670408,9.976310,30,v6,88000000ffffffffffffa8dd9f4dc5b5
5340,70.932795478,10.125070,30,v6,88000000ffffffffffffa8dd9f4dc5b5
5341,70.943121897,10.326419,30,v6,88000000ffffffffffffa8dd9f4dc5b5
5342,70.953324183,10.202286,30,v6,88000000ffffffffffffa8dd9f4dc5b5
5343,70.963503346,10.179163,30,v6,88000000ffffffffffffa8dd9f4dc5b5
5344,70.973552796,10.049450,30,v6,88000000ffffffffffffa8dd9f4dc5b5
5345,70.983614664,10.061868,30,v6,88000000ffffffffffffa8dd9f4dc5b5
5346,70.993893900,10.279236,30,v6,88000000ffffffffffffa8dd9f4dc5b5
5347,71.005118536,11.224636,30,v6,88000000ffffffffffffa8dd9f4dc5b5
5348,71.015250693,10.132157,30,v6,88000000ffffffffffffa8dd9f4dc5b5
5349,71.025363579,10.112886,30,v6,88000000ffffffffffffa8dd9f4dc5b5
5350,71.035602294,10.238715,30,v6,88000000ffffffffffffa8dd9f4dc5b5
5351,71.045849719,10.247425,30,v6,88000000ffffffffffffa8dd9f4dc5b5
5352,71.055916113,10.066394,30,v6,88000000ffffffffffffa8dd9f4dc5b5
5353,71.066005441,10.089328,30,v6,88000000ffffffffffffa8dd9f4dc5b5
5354,71.076164463,10.159022,30,v6,88000000ffffffffffffa8dd9f4dc5b5
5355,71.086475238,10.310775,30,v6,88000000ffffffffffffa8dd9f4dc5b5
5356,71.096857188,10.381950,30,v6,88000000ffffffffffffa8dd9f4dc5b5
5357,71.106779288,9.922100,30,v6,88000000ffffffffffffa8dd9f4dc5b5
5358,71.117940754,11.161466,30,v6,88000000ffffffffffffa8dd9f4dc5b5
5359,71.128127701,10.186947,30,v6,88000000ffffffffffffa8dd9f4dc5b5
5360,71.139276843,11.149142,30,v6,88000000ffffffffffffa8dd9f4dc5b5
5361,71.149406490,10.129647,30,v6,88000000ffffffffffffa8dd9f4dc5b5
5362,71.159431154,10.024664,30,v6,88000000ffffffffffffa8dd9f4dc5b5
5363,71.169568076,10.136922,30,v6,88000000ffffffffffffa8dd9f4dc5b5
5364,71.178733492,9.165416,30,v6,88000000ffffffffffffa8dd9f4dc5b5
5365,71.188868972,10.135480,30,v6,88000000ffffffffffffa8dd9f4dc5b5
5366,71.200091620,11.222648,30,v6,88000000ffffffffffffa8dd9f4dc5b5
5367,71.210203693,10.112073,30,v6,88000000ffffffffffffa8dd9f4dc5b5
5368,71.219593235,9.389542,30,v6,88000000ffffffffffffa8dd9f4dc5b5
5369,71.230896842,11.303607,30,v6,88000000ffffffffffffa8dd9f4dc5b5
5370,71.241952993,11.056151,30,v6,88000000ffffffffffffa8dd9f4dc5b5
5371,71.251048349,9.095356,30,v6,88000000ffffffffffffa8dd9f4dc5b5
5372,71.262136321,11.087972,30,v6,88000000ffffffffffffa8dd9f4dc5b5
5373,71.271722097,9.585776,30,v6,88000000ffffffffffffa8dd9f4dc5b5
5374,71.282523972,10.801875,30,v6,88000000ffffffffffffa8dd9f4dc5b5
5375,71.292899610,10.375638,30,v6,88000000ffffffffffffa8dd9f4dc5b5
5376,71.302018975,9.119365,30,v6,88000000ffffffffffffa8dd9f4dc5b5
5377,71.311952055,9.933080,30,v6,88000000ffffffffffffa8dd9f4dc5b5
5378,71.321980413,10.028358,30,v6,88000000ffffffffffffa8dd9f4dc5b5
5379,71.332176419,10.196006,30,v6,88000000ffffffffffffa8dd9f4dc5b5
5380,71.343526406,11.349987,30,v6,88000000ffffffffffffa8dd9f4dc5b5
5381,71.353644319,10.117913,30,v6,88000000ffffffffffffa8dd9f4dc5b5
5382,71.363676408,10.032089,30,v6,88000000ffffffffffffa8dd9f4dc5b5
5383,71.373819093,10.142685,30,v6,88000000ffffffffffffa8dd9f4dc5b5
5384,71.384051376,10.232283,30,v6,88000000ffffffffffffa8dd9f4dc5b5
5385,71.394265884,10.214508,30,v6,88000000ffffffffffffa8dd9f4dc5b5
5386,71.404444482,10.178598,30,v6,88000000ffffffffffffa8dd9f4dc5b5
5387,71.414610642,10.166160,30,v6,88000000ffffffffffffa8dd9f4dc5b5
5388,71.424792920,10.182278,30,v6,88000000ffffffffffffa8dd9f4dc5b5
5389,71.434810828,10.017908,30,v6,88000000ffffffffffffa8dd9f4dc5b5
5390,71.446109347,11.298519,30,v6,88000000ffffffffffffa8dd9f4dc5b5
5391,71.456282573,10.173226,30,v6,88000000ffffffffffffa8dd9f4dc5b5
5392,71.466257017,9.974444,30,v6,88000000ffffffffffffa8dd9f4dc5b5
5393,71.476407496,10.150479,30,v6,88000000ffffffffffffa8dd9f4dc5b5
5394,71.486653351,10.245855,30,v6,88000000ffffffffffffa8dd9f4dc5b5
5395,71.496888094,10.234743,30,v6,88000000ffffffffffffa8dd9f4dc5b5
5396,71.506928659,10.040565,30,v6,88000000ffffffffffffa8dd9f4dc5b5
5397,71.517171069,10.242410,30,v6,88000000ffffffffffffa8dd9f4dc5b5
5398,71.527503764,10.332695,30,v6,88000000ffffffffffffa8dd9f4dc5b5
5399,71.537378320,9.874556,30,v6,88000000ffffffffffffa8dd9f4dc5b5
5400,71.548620076,11.241756,30,v6,88000000ffffffffffffa8dd9f4dc5b5
5401,71.558905928,10.285852,30,v6,88000000ffffffffffffa8dd9f4dc5b5
5402,71.568977445,10.071517,30,v6,88000000ffffffffffffa8dd9f4dc5b5
5403,71.579202966,10.225521,30,v6,88000000ffffffffffffa8dd9f4dc5b5
5404,71.589302926,10.099960,30,v6,88000000ffffffffffffa8dd9f4dc5b5
5405,71.599452124,10.149198,30,v6,88000000ffffffffffffa8dd9f4dc5b5
5406,71.609630342,10.178218,30,v6,88000000ffffffffffffa8dd9f4dc5b5
5407,71.620014858,10.384516,30,v6,88000000ffffffffffffa8dd9f4dc5b5
5408,71.629788475,9.773617,30,v6,88000000ffffffffffffa8dd9f4dc5b5
5409,71.651243725,21.455250,30,v6,88000000ffffffffffffa8dd9f4dc5b5
5410,71.661260365,10.016640,30,v6,88000000ffffffffffffa8dd9f4dc5b5
5411,71.671692968,10.432603,30,v6,88000000ffffffffffffa8dd9f4dc5b5
5412,71.681753887,10.060919,30,v6,88000000ffffffffffffa8dd9f4dc5b5
5413,71.691977705,10.223818,30,v6,88000000ffffffffffffa8dd9f4dc5b5
5414,71.702132910,10.155205,30,v6,88000000ffffffffffffa8dd9f4dc5b5
5415,71.712103196,9.970286,30,v6,88000000ffffffffffffa8dd9f4dc5b5
5416,71.722408885,10.305689,30,v6,88000000ffffffffffffa8dd9f4dc5b5
5417,71.732547132,10.138247,30,v6,88000000ffffffffffffa8dd9f4dc5b5
5418,71.742857169,10.310037,30,v6,88000000ffffffffffffa8dd9f4dc5b5
5419,71.752877176,10.020007,30,v6,88000000ffffffffffffa8dd9f4dc5b5
5420,71.763091456,10.214280,30,v6,88000000ffffffffffffa8dd9f4dc5b5
5421,71.774308269,11.216813,30,v6,88000000ffffffffffffa8dd9f4dc5b5
5422,71.784563078,10.254809,30,v6,88000000ffffffffffffa8dd9f4dc5b5
5423,71.794760542,10.197464,30,v6,88000000ffffffffffffa8dd9f4dc5b5
5424,71.804849846,10.089304,30,v6,88000000ffffffffffffa8dd9f4dc5b5
5425,71.815210745,10.360899,30,v6,88000000ffffffffffffa8dd9f4dc5b5
5426,71.825084877,9.874132,30,v6,88000000ffffffffffffa8dd9f4dc5b5
5427,71.835410221,10.325344,30,v6,88000000ffffffffffffa8dd9f4dc5b5
5428,71.845292763,9.882542,30,v6,88000000ffffffffffffa8dd9f4dc5b5
5429,71.855443113,10.150350,30,v6,88000000ffffffffffffa8dd9f4dc5b5
5430,71.865768714,10.325601,30,v6,88000000ffffffffffffa8dd9f4dc5b5
5431,71.876886892,11.118178,30,v6,88000000ffffffffffffa8dd9f4dc5b5
5432,71.886921862,10.034970,30,v6,88000000ffffffffffffa8dd9f4dc5b5
5433,71.897176224,10.254362,30,v6,88000000ffffffffffffa8dd9f4dc5b5
5434,71.907258215,10.081991,30,v6,88000000ffffffffffffa8dd9f4dc5b5
5435,71.917432408,10.174193,30,v6,88000000ffffffffffffa8dd9f4dc5b5
5436,71.928008338,10.575930,30,v6,88000000ffffffffffffa8dd9f4dc5b5
5437,71.937846836,9.838498,30,v6,88000000ffffffffffffa8dd9f4dc5b5
5438,71.948019949,10.173113,30,v6,88000000ffffffffffffa8dd9f4dc5b5
5439,71.958243215,10.223266,30,v6,88000000ffffffffffffa8dd9f4dc5b5
5440,71.968413412,10.170197,30,v6,88000000ffffffffffffa8dd9f4dc5b5
5441,71.979375898,10.962486,30,v6,88000000ffffffffffffa8dd9f4dc5b5
5442,71.989690847,10.314949,30,v6,88000000ffffffffffffa8dd9f4dc5b5
5443,72.000113570,10.422723,30,v6,88000000ffffffffffffa8dd9f4dc5b5
5444,72.010114492,10.000922,30,v6,88000000ffffffffffffa8dd9f4dc5b5
5445,72.020149877,10.035385,30,v6,88000000ffffffffffffa8dd9f4dc5b5
5446,72.030473946,10.324069,30,v6,88000000ffffffffffffa8dd9f4dc5b5
5447,72.040467094,9.993148,30,v6,88000000ffffffffffffa8dd9f4dc5b5
5448,72.050735099,10.268005,30,v6,88000000ffffffffffffa8dd9f4dc5b5
5449,72.061030014,10.294915,30,v6,88000000ffffffffffffa8dd9f4dc5b5
5450,72.070912427,9.882413,30,v6,88000000ffffffffffffa8dd9f4dc5b5
5451,72.081100863,10.188436,30,v6,88000000ffffffffffffa8dd9f4dc5b5
5452,72.092480742,11.379879,30,v6,88000000ffffffffffffa8dd9f4dc5b5
5453,72.102335314,9.854572,30,v6,88000000ffffffffffffa8dd9f4dc5b5
5454,72.112663045,10.327731,30,v6,88000000ffffffffffffa8dd9f4dc5b5
5455,72.122770757,10.107712,30,v6,88000000ffffffffffffa8dd9f4dc5b5
5456,72.132813559,10.042802,30,v6,88000000ffffffffffffa8dd9f4dc5b5
5457,72.143023384,10.209825,30,v6,88000000ffffffffffffa8dd9f4dc5b5
5458,72.153182899,10.159515,30,v6,88000000ffffffffffffa8dd9f4dc5b5
5459,72.163361899,10.179000,30,v6,88000000ffffffffffffa8dd9f4dc5b5
5460,72.173515395,10.153496,30,v6,88000000ffffffffffffa8dd9f4dc5b5
5461,72.183876699,10.361304,30,v6,88000000ffffffffffffa8dd9f4dc5b5
5462,72.193837688,9.960989,30,v6,88000000ffffffffffffa8dd9f4dc5b5
5463,72.205010505,11.172817,30,v6,88000000ffffffffffffa8dd9f4dc5b5
5464,72.215194501,10.183996,30,v6,88000000ffffffffffffa8dd9f4dc5b5
5465,72.225370569,10.176068,30,v6,88000000ffffffffffffa8dd9f4dc5b5
5466,72.235686239,10.315670,30,v6,88000000ffffffffffffa8dd9f4dc5b5
5467,72.245667719,9.981480,30,v6,88000000ffffffffffffa8dd9f4dc5b5
5468,72.255665643,9.997924,30,v6,88000000ffffffffffffa8dd9f4dc5b5
5469,72.266082358,10.416715,30,v6,88000000ffffffffffffa8dd9f4dc5b5
5470,72.276142908,10.060550,30,v6,88000000ffffffffffffa8dd9f4dc5b5
5471,72.286367043,10.224135,30,v6,88000000ffffffffffffa8dd9f4dc5b5
5472,72.296671796,10.304753,30,v6,88000000ffffffffffffa8dd9f4dc5b5
5473,72.306570433,9.898637,30,v6,88000000ffffffffffffa8dd9f4dc5b5
5474,72.316655746,10.085313,30,v6,88000000ffffffffffffa8dd9f4dc5b5
5475,72.327889374,11.233628,30,v6,88000000ffffffffffffa8dd9f4dc5b5
5476,72.338072943,10.183569,30,v6,88000000ffffffffffffa8dd9f4dc5b5
5477,72.348260868,10.187925,30,v6,88000000ffffffffffffa8dd9f4dc5b5
5478,72.358598110,10.337242,30,v6,88000000ffffffffffffa8dd9f4dc5b5
5479,72.368786439,10.188329,30,v6,88000000ffffffffffffa8dd9f4dc5b5
5480,72.378811550,10.025111,30,v6,88000000ffffffffffffa8dd9f4dc5b5
5481,72.388803409,9.991859,30,v6,88000000ffffffffffffa8dd9f4dc5b5
5482,72.398995512,10.192103,30,v6,88000000ffffffffffffa8dd9f4dc5b5
5483,72.409422957,10.427445,30,v6,88000000ffffffffffffa8dd9f4dc5b5
5484,72.419617894,10.194937,30,v6,88000000ffffffffffffa8dd9f4dc5b5
5485,72.429438086,9.820192,30,v6,88000000ffffffffffffa8dd9f4dc5b5
5486,72.440646018,11.207932,30,v6,88000000ffffffffffffa8dd9f4dc5b5
5487,72.450808845,10.162827,30,v6,88000000ffffffffffffa8dd9f4dc5b5
5488,72.462003696,11.194851,30,v6,88000000ffffffffffffa8dd9f4dc5b5
5489,72.472181427,10.177731,30,v6,88000000ffffffffffffa8dd9f4dc5b5
5490,72.482292768,10.111341,30,v6,88000000ffffffffffffa8dd9f4dc5b5
5491,72.492693323,10.400555,30,v6,88000000ffffffffffffa8dd9f4dc5b5
5492,72.501747144,9.053821,30,v6,88000000ffffffffffffa8dd9f4dc5b5
5493,72.512774769,11.027625,30,v6,88000000ffffffffffffa8dd9f4dc5b5
5494,72.521812585,9.037816,30,v6,88000000ffffffffffffa8dd9f4dc5b5
5495,72.532141595,10.329010,30,v6,88000000ffffffffffffa8dd9f4dc5b5
5496,72.543314845,11.173250,30,v6,88000000ffffffffffffa8dd9f4dc5b5
5497,72.554407333,11.092488,30,v6,88000000ffffffffffffa8dd9f4dc5b5
5498,72.564677243,10.269910,30,v6,88000000ffffffffffffa8dd9f4dc5b5
5499,72.574848839,10.171596,30,v6,88000000ffffffffffffa8dd9f4dc5b5
5500,72.585129409,10.280570,30,v6,88000000ffffffffffffa8dd9f4dc5b5
5501,72.595195437,10.066028,30,v6,88000000ffffffffffffa8dd9f4dc5b5
5502,72.605522336,10.326899,30,v6,88000000ffffffffffffa8dd9f4dc5b5
5503,72.615686656,10.164320,30,v6,88000000ffffffffffffa8dd9f4dc5b5
5504,72.625789387,10.102731,30,v6,88000000ffffffffffffa8dd9f4dc5b5
5505,72.634937960,9.148573,30,v6,88000000ffffffffffffa8dd9f4dc5b5
5506,72.644872189,9.934229,30,v6,88000000ffffffffffffa8dd9f4dc5b5
5507,72.656056012,11.183823,30,v6,88000000ffffffffffffa8dd9f4dc5b5
5508,72.666281115,10.225103,30,v6,88000000ffffffffffffa8dd9f4dc5b5
5509,72.676559764,10.278649,30,v6,88000000ffffffffffffa8dd9f4dc5b5
5510,72.686623056,10.063292,30,v6,88000000ffffffffffffa8dd9f4dc5b5
5511,72.697950267,11.327211,30,v6,88000000ffffffffffffa8dd9f4dc5b5
5512,72.707652270,9.702003,30,v6,88000000ffffffffffffa8dd9f4dc5b5
5513,72.717912403,10.260133,30,v6,88000000ffffffffffffa8dd9f4dc5b5
5514,72.728316920,10.404517,30,v6,88000000ffffffffffffa8dd9f4dc5b5
5515,72.738413141,10.096221,30,v6,88000000ffffffffffffa8dd9f4dc5b5
5516,72.748738714,10.325573,30,v6,88000000ffffffffffffa8dd9f4dc5b5
5517,72.758972027,10.233313,30,v6,88000000ffffffffffffa8dd9f4dc5b5
5518,72.768936141,9.964114,30,v6,88000000ffffffffffffa8dd9f4dc5b5
5519,72.779053006,10.116865,30,v6,88000000ffffffffffffa8dd9f4dc5b5
5520,72.789204804,10.151798,30,v6,88000000ffffffffffffa8dd9f4dc5b5
5521,72.799354985,10.150181,30,v6,88000000ffffffffffffa8dd9f4dc5b5
5522,72.809564071,10.209086,30,v6,88000000ffffffffffffa8dd9f4dc5b5
5523,72.820547230,10.983159,30,v6,88000000ffffffffffffa8dd9f4dc5b5
5524,72.830591201,10.043971,30,v6,88000000ffffffffffffa8dd9f4dc5b5
5525,72.840796009,10.204808,30,v6,88000000ffffffffffffa8dd9f4dc5b5
5526,72.851185692,10.389683,30,v6,88000000ffffffffffffa8dd9f4dc5b5
5527,72.861257261,10.071569,30,v6,88000000ffffffffffffa8dd9f4dc5b5
5528,72.871434189,10.176928,30,v6,88000000ffffffffffffa8dd9f4dc5b5
5529,72.881493326,10.059137,30,v6,88000000ffffffffffffa8dd9f4dc5b5
5530,72.891971722,10.478396,30,v6,88000000ffffffffffffa8dd9f4dc5b5
5531,72.902920315,10.948593,30,v6,88000000ffffffffffffa8dd9f4dc5b5
5532,72.913130444,10.210129,30,v6,88000000ffffffffffffa8dd9f4dc5b5
5533,72.922262192,9.131748,30,v6,88000000ffffffffffffa8dd9f4dc5b5
5534,72.934652336,12.390144,30,v6,88000000ffffffffffffa8dd9f4dc5b5
5535,72.943696157,9.043821,30,v6,88000000ffffffffffffa8dd9f4dc5b5
5536,72.953798382,10.102225,30,v6,88000000ffffffffffffa8dd9f4dc5b5
5537,72.964973025,11.174643,30,v6,88000000ffffffffffffa8dd9f4dc5b5
5538,72.974966979,9.993954,30,v6,88000000ffffffffffffa8dd9f4dc5b5
5539,72.985303063,10.336084,30,v6,88000000ffffffffffffa8dd9f4dc5b5
5540,72.995417110,10.114047,30,v6,88000000ffffffffffffa8dd9f4dc5b5
5541,73.005497784,10.080674,30,v6,88000000ffffffffffffa8dd9f4dc5b5
5542,73.015693686,10.195902,30,v6,88000000ffffffffffffa8dd9f4dc5b5
5543,73.026733678,11.039992,30,v6,88000000ffffffffffffa8dd9f4dc5b5
5544,73.036978620,10.244942,30,v6,88000000ffffffffffffa8dd9f4dc5b5
5545,73.047066019,10.087399,30,v6,88000000ffffffffffffa8dd9f4dc5b5
5546,73.057386936,10.320917,30,v6,88000000ffffffffffffa8dd9f4dc5b5
5547,73.067543841,10.156905,30,v6,88000000ffffffffffffa8dd9f4dc5b5
5548,73.077757997,10.214156,30,v6,88000000ffffffffffffa8dd9f4dc5b5
5549,73.087779993,10.021996,30,v6,88000000ffffffffffffa8dd9f4dc5b5
5550,73.097904004,10.124011,30,v6,88000000ffffffffffffa8dd9f4dc5b5
5551,73.108071444,10.167440,30,v6,88000000ffffffffffffa8dd9f4dc5b5
5552,73.118237279,10.165835,30,v6,88000000ffffffffffffa8dd9f4dc5b5
5553,73.128492640,10.255361,30,v6,88000000ffffffffffffa8dd9f4dc5b5
5554,73.138652763,10.160123,30,v6,88000000ffffffffffffa8dd9f4dc5b5
5555,73.149869378,11.216615,30,v6,88000000ffffffffffffa8dd9f4dc5b5
5556,73.160043940,10.174562,30,v6,88000000ffffffffffffa8dd9f4dc5b5
5557,73.170145106,10.101166,30,v6,88000000ffffffffffffa8dd9f4dc5b5
5558,73.180402503,10.257397,30,v6,88000000ffffffffffffa8dd9f4dc5b5
5559,73.190628800,10.226297,30,v6,88000000ffffffffffffa8dd9f4dc5b5
5560,73.200765053,10.136253,30,v6,88000000ffffffffffffa8dd9f4dc5b5
5561,73.210961375,10.196322,30,v6,88000000ffffffffffffa8dd9f4dc5b5
5562,73.220857951,9.896576,30,v6,88000000ffffffffffffa8dd9f4dc5b5
5563,73.230979553,10.121602,30,v6,88000000ffffffffffffa8dd9f4dc5b5
5564,73.241301008,10.321455,30,v6,88000000ffffffffffffa8dd9f4dc5b5
5565,73.252473403,11.172395,30,v6,88000000ffffffffffffa8dd9f4dc5b5
5566,73.262791799,10.318396,30,v6,88000000ffffffffffffa8dd9f4dc5b5
5567,73.273014794,10.222995,30,v6,88000000ffffffffffffa8dd9f4dc5b5
5568,73.282901545,9.886751,30,v6,88000000ffffffffffffa8dd9f4dc5b5
5569,73.293234143,10.332598,30,v6,88000000ffffffffffffa8dd9f4dc5b5
5570,73.303242304,10.008161,30,v6,88000000ffffffffffffa8dd9f4dc5b5
5571,73.313243388,10.001084,30,v6,88000000ffffffffffffa8dd9f4dc5b5
5572,73.323861766,10.618378,30,v6,88000000ffffffffffffa8dd9f4dc5b5
5573,73.333642681,9.780915,30,v6,88000000ffffffffffffa8dd9f4dc5b5
5574,73.343780971,10.138290,30,v6,88000000ffffffffffffa8dd9f4dc5b5
5575,73.354207947,10.426976,30,v6,88000000ffffffffffffa8dd9f4dc5b5
5576,73.365225980,11.018033,30,v6,88000000ffffffffffffa8dd9f4dc5b5
5577,73.375354319,10.128339,30,v6,88000000ffffffffffffa8dd9f4dc5b5
5578,73.385613047,10.258728,30,v6,88000000ffffffffffffa8dd9f4dc5b5
5579,73.395727525,10.114478,30,v6,88000000ffffffffffffa8dd9f4dc5b5
5580,73.406102330,10.374805,30,v6,88000000ffffffffffffa8dd9f4dc5b5
5581,73.415963690,9.861360,30,v6,88000000ffffffffffffa8dd9f4dc5b5
5582,73.426074266,10.110576,30,v6,88000000ffffffffffffa8dd9f4dc5b5
5583,73.436297652,10.223386,30,v6,88000000ffffffffffffa8dd9f4dc5b5
5584,73.446545506,10.247854,30,v6,88000000ffffffffffffa8dd9f4dc5b5
5585,73.456939632,10.394126,30,v6,88000000ffffffffffffa8dd9f4dc5b5
5586,73.467842799,10.903167,30,v6,88000000ffffffffffffa8dd9f4dc5b5
5587,73.478047998,10.205199,30,v6,88000000ffffffffffffa8dd9f4dc5b5
5588,73.488079646,10.031648,30,v6,88000000ffffffffffffa8dd9f4dc5b5
5589,73.499124956,11.045310,30,v6,88000000ffffffffffffa8dd9f4dc5b5
5590,73.509371794,10.246838,30,v6,88000000ffffffffffffa8dd9f4dc5b5
5591,73.519786438,10.414644,30,v6,88000000ffffffffffffa8dd9f4dc5b5
5592,73.529759288,9.972850,30,v6,88000000ffffffffffffa8dd9f4dc5b5
5593,73.540017386,10.258098,30,v6,88000000ffffffffffffa8dd9f4dc5b5
5594,73.550054050,10.036664,30,v6,88000000ffffffffffffa8dd9f4dc5b5
5595,73.560237030,10.182980,30,v6,88000000ffffffffffffa8dd9f4dc5b5
5596,73.570449697,10.212667,30,v6,88000000ffffffffffffa8dd9f4dc5b5
5597,73.580516754,10.067057,30,v6,88000000ffffffffffffa8dd9f4dc5b5
5598,73.590722964,10.206210,30,v6,88000000ffffffffffffa8dd9f4dc5b5
5599,73.600963905,10.240941,30,v6,88000000ffffffffffffa8dd9f4dc5b5
5600,73.611103830,10.139925,30,v6,88000000ffffffffffffa8dd9f4dc5b5
5601,73.622439350,11.335520,30,v6,88000000ffffffffffffa8dd9f4dc5b5
5602,73.632546867,10.107517,30,v6,88000000ffffffffffffa8dd9f4dc5b5
5603,73.642670357,10.123490,30,v6,88000000ffffffffffffa8dd9f4dc5b5
5604,73.652786018,10.115661,30,v6,88000000ffffffffffffa8dd9f4dc5b5
5605,73.662914041,10.128023,30,v6,88000000ffffffffffffa8dd9f4dc5b5
5606,73.673231507,10.317466,30,v6,88000000ffffffffffffa8dd9f4dc5b5
5607,73.683311350,10.079843,30,v6,88000000ffffffffffffa8dd9f4dc5b5
5608,73.693470443,10.159093,30,v6,88000000ffffffffffffa8dd9f4dc5b5
5609,73.703716061,10.245618,30,v6,88000000ffffffffffffa8dd9f4dc5b5
5610,73.713738331,10.022270,30,v6,88000000ffffffffffffa8dd9f4dc5b5
5611,73.723805673,10.067342,30,v6,88000000ffffffffffffa8dd9f4dc5b5
5612,73.735103177,11.297504,30,v6,88000000ffffffffffffa8dd9f4dc5b5
5613,73.745390382,10.287205,30,v6,88000000ffffffffffffa8dd9f4dc5b5
5614,73.755292949,9.902567,30,v6,88000000ffffffffffffa8dd9f4dc5b5
5615,73.765584654,10.291705,30,v6,88000000ffffffffffffa8dd9f4dc5b5
5616,73.775713962,10.129308,30,v6,88000000ffffffffffffa8dd9f4dc5b5
5617,73.785926449,10.212487,30,v6,88000000ffffffffffffa8dd9f4dc5b5
5618,73.796089406,10.162957,30,v6,88000000ffffffffffffa8dd9f4dc5b5
5619,73.806207778,10.118372,30,v6,88000000ffffffffffffa8dd9f4dc5b5
5620,73.816443519,10.235741,30,v6,88000000ffffffffffffa8dd9f4dc5b5
5621,73.826488177,10.044658,30,v6,88000000ffffffffffffa8dd9f4dc5b5
5622,73.836812056,10.323879,30,v6,88000000ffffffffffffa8dd9f4dc5b5
5623,73.848057172,11.245116,30,v6,88000000ffffffffffffa8dd9f4dc5b5
5624,73.858092446,10.035274,30,v6,88000000ffffffffffffa8dd9f4dc5b5
5625,73.868185943,10.093497,30,v6,88000000ffffffffffffa8dd9f4dc5b5
5626,73.878355391,10.169448,30,v6,88000000ffffffffffffa8dd9f4dc5b5
5627,73.888581475,10.226084,30,v6,88000000ffffffffffffa8dd9f4dc5b5
5628,73.898833566,10.252091,30,v6,88000000ffffffffffffa8dd9f4dc5b5
5629,73.908812239,9.978673,30,v6,88000000ffffffffffffa8dd9f4dc5b5
5630,73.919076045,10.263806,30,v6,88000000ffffffffffffa8dd9f4dc5b5
5631,73.929372609,10.296564,30,v6,88000000ffffffffffffa8dd9f4dc5b5
5632,73.940626903,11.254294,30,v6,88000000ffffffffffffa8dd9f4dc5b5
5633,73.949480231,8.853328,30,v6,88000000ffffffffffffa8dd9f4dc5b5
5634,73.959639239,10.159008,30,v6,88000000ffffffffffffa8dd9f4dc5b5
5635,73.971738958,12.099719,30,v6,88000000ffffffffffffa8dd9f4dc5b5
5636,73.980814188,9.075230,30,v6,88000000ffffffffffffa8dd9f4dc5b5
5637,73.992201013,11.386825,30,v6,88000000ffffffffffffa8dd9f4dc5b5
5638,74.001209977,9.008964,30,v6,88000000ffffffffffffa8dd9f4dc5b5
5639,74.012358076,11.148099,30,v6,88000000ffffffffffffa8dd9f4dc5b5
5640,74.022800704,10.442628,30,v6,88000000ffffffffffffa8dd9f4dc5b5
5641,74.031628835,8.828131,30,v6,88000000ffffffffffffa8dd9f4dc5b5
5642,74.043034430,11.405595,30,v6,88000000ffffffffffffa8dd9f4dc5b5
5643,74.052260067,9.225637,30,v6,88000000ffffffffffffa8dd9f4dc5b5
5644,74.063237607,10.977540,30,v6,88000000ffffffffffffa8dd9f4dc5b5
5645,74.072372622,9.135015,30,v6,88000000ffffffffffffa8dd9f4dc5b5
5646,74.083627562,11.254940,30,v6,88000000ffffffffffffa8dd9f4dc5b5
5647,74.093731474,10.103912,30,v6,88000000ffffffffffffa8dd9f4dc5b5
5648,74.104952100,11.220626,30,v6,88000000ffffffffffffa8dd9f4dc5b5
5649,74.113962018,9.009918,30,v6,88000000ffffffffffffa8dd9f4dc5b5
5650,74.124149949,10.187931,30,v6,88000000ffffffffffffa8dd9f4dc5b5
5651,74.134345019,10.195070,30,v6,88000000ffffffffffffa8dd9f4dc5b5
5652,74.145435376,11.090357,30,v6,88000000ffffffffffffa8dd9f4dc5b5
5653,74.154636994,9.201618,30,v6,88000000ffffffffffffa8dd9f4dc5b5
5654,74.165855854,11.218860,30,v6,88000000ffffffffffffa8dd9f4dc5b5
5655,74.174949965,9.094111,30,v6,88000000ffffffffffffa8dd9f4dc5b5
5656,74.186199229,11.249264,30,v6,88000000ffffffffffffa8dd9f4dc5b5
5657,74.196270989,10.071760,30,v6,88000000ffffffffffffa8dd9f4dc5b5
5658,74.207538851,11.267862,30,v6,88000000ffffffffffffa8dd9f4dc5b5
5659,74.217805591,10.266740,30,v6,88000000ffffffffffffa8dd9f4dc5b5
5660,74.227814228,10.008637,30,v6,88000000ffffffffffffa8dd9f4dc5b5
5661,74.237937317,10.123089,30,v6,88000000ffffffffffffa8dd9f4dc5b5
5662,74.248148698,10.211381,30,v6,88000000ffffffffffffa8dd9f4dc5b5
5663,74.257231057,9.082359,30,v6,88000000ffffffffffffa8dd9f4dc5b5
5664,74.268579741,11.348684,30,v6,88000000ffffffffffffa8dd9f4dc5b5
5665,74.277766862,9.187121,30,v6,88000000ffffffffffffa8dd9f4dc5b5
5666,74.288834565,11.067703,30,v6,88000000ffffffffffffa8dd9f4dc5b5
5667,74.298807386,9.972821,30,v6,88000000ffffffffffffa8dd9f4dc5b5
5668,74.309100514,10.293128,30,v6,88000000ffffffffffffa8dd9f4dc5b5
5669,74.319210566,10.110052,30,v6,88000000ffffffffffffa8dd9f4dc5b5
5670,74.329498859,10.288293,30,v6,88000000ffffffffffffa8dd9f4dc5b5
5671,74.340570096,11.071237,30,v6,88000000ffffffffffffa8dd9f4dc5b5
5672,74.350642047,10.071951,30,v6,88000000ffffffffffffa8dd9f4dc5b5
5673,74.359958167,9.316120,30,v6,88000000ffffffffffffa8dd9f4dc5b5
5674,74.370084273,10.126106,30,v6,88000000ffffffffffffa8dd9f4dc5b5
5675,74.381327137,11.242864,30,v6,88000000ffffffffffffa8dd9f4dc5b5
5676,74.391508860,10.181723,30,v6,88000000ffffffffffffa8dd9f4dc5b5
5677,74.401732124,10.223264,30,v6,88000000ffffffffffffa8dd9f4dc5b5
5678,74.411885019,10.152895,30,v6,88000000ffffffffffffa8dd9f4dc5b5
5679,74.421815085,9.930066,30,v6,88000000ffffffffffffa8dd9f4dc5b5
5680,74.433105754,11.290669,30,v6,88000000ffffffffffffa8dd9f4dc5b5
5681,74.443282980,10.177226,30,v6,88000000ffffffffffffa8dd9f4dc5b5
5682,74.452367582,9.084602,30,v6,88000000ffffffffffffa8dd9f4dc5b5
5683,74.463641411,11.273829,30,v6,88000000ffffffffffffa8dd9f4dc5b5
5684,74.474033259,10.391848,30,v6,88000000ffffffffffffa8dd9f4dc5b5
5685,74.483890353,9.857094,30,v6,88000000ffffffffffffa8dd9f4dc5b5
5686,74.494127219,10.236866,30,v6,88000000ffffffffffffa8dd9f4dc5b5
5687,74.504213715,10.086496,30,v6,88000000ffffffffffffa8dd9f4dc5b5
5688,74.514263565,10.049850,30,v6,88000000ffffffffffffa8dd9f4dc5b5
5689,74.523554775,9.291210,30,v6,88000000ffffffffffffa8dd9f4dc5b5
5690,74.534686961,11.132186,30,v6,88000000ffffffffffffa8dd9f4dc5b5
5691,74.545788985,11.102024,30,v6,88000000ffffffffffffa8dd9f4dc5b5
5692,74.555917849,10.128864,30,v6,88000000ffffffffffffa8dd9f4dc5b5
5693,74.565104948,9.187099,30,v6,88000000ffffffffffffa8dd9f4dc5b5
5694,74.575271260,10.166312,30,v6,88000000ffffffffffffa8dd9f4dc5b5
5695,74.585377205,10.105945,30,v6,88000000ffffffffffffa8dd9f4dc5b5
5696,74.596601333,11.224128,30,v6,88000000ffffffffffffa8dd9f4dc5b5
5697,74.606915009,10.313676,30,v6,88000000ffffffffffffa8dd9f4dc5b5
5698,74.616796147,9.881138,30,v6,88000000ffffffffffffa8dd9f4dc5b5
5699,74.627044110,10.247963,30,v6,88000000ffffffffffffa8dd9f4dc5b5
5700,74.636113370,9.069260,30,v6,88000000ffffffffffffa8dd9f4dc5b5
5701,74.646507340,10.393970,30,v6,88000000ffffffffffffa8dd9f4dc5b5
5702,74.657541699,11.034359,30,v6,88000000ffffffffffffa8dd9f4dc5b5
5703,74.668741991,11.200292,30,v6,88000000ffffffffffffa8dd9f4dc5b5
5704,74.678812573,10.070582,30,v6,88000000ffffffffffffa8dd9f4dc5b5
5705,74.689110488,10.297915,30,v6,88000000ffffffffffffa8dd9f4dc5b5
5706,74.699252834,10.142346,30,v6,88000000ffffffffffffa8dd9f4dc5b5
5707,74.708342001,9.089167,30,v6,88000000ffffffffffffa8dd9f4dc5b5
5708,74.718518971,10.176970,30,v6,88000000ffffffffffffa8dd9f4dc5b5
5709,74.729770437,11.251466,30,v6,88000000ffffffffffffa8dd9f4dc5b5
5710,74.738910084,9.139647,30,v6,88000000ffffffffffffa8dd9f4dc5b5
5711,74.750026501,11.116417,30,v6,88000000ffffffffffffa8dd9f4dc5b5
5712,74.760379908,10.353407,30,v6,88000000ffffffffffffa8dd9f4dc5b5
5713,74.771704206,11.324298,30,v6,88000000ffffffffffffa8dd9f4dc5b5
5714,74.781473076,9.768870,30,v6,88000000ffffffffffffa8dd9f4dc5b5
5715,74.791673850,10.200774,30,v6,88000000ffffffffffffa8dd9f4dc5b5
5716,74.800831966,9.158116,30,v6,88000000ffffffffffffa8dd9f4dc5b5
5717,74.811987398,11.155432,30,v6,88000000ffffffffffffa8dd9f4dc5b5
5718,74.821278716,9.291318,30,v6,88000000ffffffffffffa8dd9f4dc5b5
5719,74.831426645,10.147929,30,v6,88000000ffffffffffffa8dd9f4dc5b5
5720,74.841450695,10.024050,30,v6,88000000ffffffffffffa8dd9f4dc5b5
5721,74.852729341,11.278646,30,v6,88000000ffffffffffffa8dd9f4dc5b5
5722,74.863185434,10.456093,30,v6,88000000ffffffffffffa8dd9f4dc5b5
5723,74.872925584,9.740150,30,v6,88000000ffffffffffffa8dd9f4dc5b5
5724,74.883162909,10.237325,30,v6,88000000ffffffffffffa8dd9f4dc5b5
5725,74.894465216,11.302307,30,v6,88000000ffffffffffffa8dd9f4dc5b5
5726,74.904597649,10.132433,30,v6,88000000ffffffffffffa8dd9f4dc5b5
5727,74.914799461,10.201812,30,v6,88000000ffffffffffffa8dd9f4dc5b5
5728,74.924778750,9.979289,30,v6,88000000ffffffffffffa8dd9f4dc5b5
5729,74.935131726,10.352976,30,v6,88000000ffffffffffffa8dd9f4dc5b5
5730,74.945165590,10.033864,30,v6,88000000ffffffffffffa8dd9f4dc5b5
5731,74.955232467,10.066877,30,v6,88000000ffffffffffffa8dd9f4dc5b5
5732,74.965503699,10.271232,30,v6,88000000ffffffffffffa8dd9f4dc5b5
5733,74.975761505,10.257806,30,v6,88000000ffffffffffffa8dd9f4dc5b5
5734,74.985658918,9.897413,30,v6,88000000ffffffffffffa8dd9f4dc5b5
5735,74.996084193,10.425275,30,v6,88000000ffffffffffffa8dd9f4dc5b5
5736,75.006197854,10.113661,30,v6,88000000ffffffffffffa8dd9f4dc5b5
5737,75.016364016,10.166162,30,v6,88000000ffffffffffffa8dd9f4dc5b5
5738,75.028672048,12.308032,30,v6,88000000ffffffffffffa8dd9f4dc5b5
5739,75.039015019,10.342971,30,v6,88000000ffffffffffffa8dd9f4dc5b5
5740,75.048987823,9.972804,30,v6,88000000ffffffffffffa8dd9f4dc5b5
5741,75.059027185,10.039362,30,v6,88000000ffffffffffffa8dd9f4dc5b5
5742,75.068138879,9.111694,30,v6,88000000ffffffffffffa8dd9f4dc5b5
5743,75.079307921,11.169042,30,v6,88000000ffffffffffffa8dd9f4dc5b5
5744,75.089433935,10.126014,30,v6,88000000ffffffffffffa8dd9f4dc5b5
5745,75.098532272,9.098337,30,v6,88000000ffffffffffffa8dd9f4dc5b5
5746,75.109872595,11.340323,30,v6,88000000ffffffffffffa8dd9f4dc5b5
5747,75.119807970,9.935375,30,v6,88000000ffffffffffffa8dd9f4dc5b5
5748,75.129927826,10.119856,30,v6,88000000ffffffffffffa8dd9f4dc5b5
5749,75.140499759,10.571933,30,v6,88000000ffffffffffffa8dd9f4dc5b5
5750,75.150335658,9.835899,30,v6,88000000ffffffffffffa8dd9f4dc5b5
5751,75.161721447,11.385789,30,v6,88000000ffffffffffffa8dd9f4dc5b5
5752,75.171589721,9.868274,30,v6,88000000ffffffffffffa8dd9f4dc5b5
5753,75.181681392,10.091671,30,v6,88000000ffffffffffffa8dd9f4dc5b5
5754,75.191959022,10.277630,30,v6,88000000ffffffffffffa8dd9f4dc5b5
5755,75.202225470,10.266448,30,v6,88000000ffffffffffffa8dd9f4dc5b5
5756,75.212349139,10.123669,30,v6,88000000ffffffffffffa8dd9f4dc5b5
5757,75.221447631,9.098492,30,v6,88000000ffffffffffffa8dd9f4dc5b5
5758,75.232712801,11.265170,30,v6,88000000ffffffffffffa8dd9f4dc5b5
5759,75.243809270,11.096469,30,v6,88000000ffffffffffffa8dd9f4dc5b5
5760,75.252892749,9.083479,30,v6,88000000ffffffffffffa8dd9f4dc5b5
5761,75.264273687,11.380938,30,v6,88000000ffffffffffffa8dd9f4dc5b5
5762,75.274412984,10.139297,30,v6,88000000ffffffffffffa8dd9f4dc5b5
5763,75.284617969,10.204985,30,v6,88000000ffffffffffffa8dd9f4dc5b5
5764,75.294911524,10.293555,30,v6,88000000ffffffffffffa8dd9f4dc5b5
5765,75.303804596,8.893072,30,v6,88000000ffffffffffffa8dd9f4dc5b5
5766,75.314809778,11.005182,30,v6,88000000ffffffffffffa8dd9f4dc5b5
5767,75.325013819,10.204041,30,v6,88000000ffffffffffffa8dd9f4dc5b5
5768,75.335505042,10.491223,30,v6,88000000ffffffffffffa8dd9f4dc5b5
5769,75.345716568,10.211526,30,v6,88000000ffffffffffffa8dd9f4dc5b5
5770,75.354758953,9.042385,30,v6,88000000ffffffffffffa8dd9f4dc5b5
5771,75.365797155,11.038202,30,v6,88000000ffffffffffffa8dd9f4dc5b5
5772,75.376980233,11.183078,30,v6,88000000ffffffffffffa8dd9f4dc5b5
5773,75.387096845,10.116612,30,v6,88000000ffffffffffffa8dd9f4dc5b5
5774,75.397217820,10.120975,30,v6,88000000ffffffffffffa8dd9f4dc5b5
5775,75.407568594,10.350774,30,v6,88000000ffffffffffffa8dd9f4dc5b5
5776,75.417484778,9.916184,30,v6,88000000ffffffffffffa8dd9f4dc5b5
5777,75.427612281,10.127503,30,v6,88000000ffffffffffffa8dd9f4dc5b5
5778,75.437653525,10.041244,30,v6,88000000ffffffffffffa8dd9f4dc5b5
5779,75.447912631,10.259106,30,v6,88000000ffffffffffffa8dd9f4dc5b5
5780,75.458090335,10.177704,30,v6,88000000ffffffffffffa8dd9f4dc5b5
5781,75.468303831,10.213496,30,v6,88000000ffffffffffffa8dd9f4dc5b5
5782,75.479328142,11.024311,30,v6,88000000ffffffffffffa8dd9f4dc5b5
5783,75.489747057,10.418915,30,v6,88000000ffffffffffffa8dd9f4dc5b5
5784,75.499654265,9.907208,30,v6,88000000ffffffffffffa8dd9f4dc5b5
5785,75.510140431,10.486166,30,v6,88000000ffffffffffffa8dd9f4dc5b5
5786,75.520183030,10.042599,30,v6,88000000ffffffffffffa8dd9f4dc5b5
5787,75.530183935,10.000905,30,v6,88000000ffffffffffffa8dd9f4dc5b5
5788,75.540517121,10.333186,30,v6,88000000ffffffffffffa8dd9f4dc5b5
5789,75.550751630,10.234509,30,v6,88000000ffffffffffffa8dd9f4dc5b5
5790,75.560719206,9.967576,30,v6,88000000ffffffffffffa8dd9f4dc5b5
5791,75.570975240,10.256034,30,v6,88000000ffffffffffffa8dd9f4dc5b5
5792,75.581204420,10.229180,30,v6,88000000ffffffffffffa8dd9f4dc5b5
5793,75.592422605,11.218185,30,v6,88000000ffffffffffffa8dd9f4dc5b5
5794,75.603631464,11.208859,30,v6,88000000ffffffffffffa8dd9f4dc5b5
5795,75.613831456,10.199992,30,v6,88000000ffffffffffffa8dd9f4dc5b5
5796,75.623919279,10.087823,30,v6,88000000ffffffffffffa8dd9f4dc5b5
5797,75.632937939,9.018660,30,v6,88000000ffffffffffffa8dd9f4dc5b5
5798,75.644092334,11.154395,30,v6,88000000ffffffffffffa8dd9f4dc5b5
5799,75.654499755,10.407421,30,v6,88000000ffffffffffffa8dd9f4dc5b5
5800,75.664589219,10.089464,30,v6,88000000ffffffffffffa8dd9f4dc5b5
5801,75.674679305,10.090086,30,v6,88000000ffffffffffffa8dd9f4dc5b5
5802,75.684864962,10.185657,30,v6,88000000ffffffffffffa8dd9f4dc5b5
5803,75.694975117,10.110155,30,v6,88000000ffffffffffffa8dd9f4dc5b5
5804,75.704957800,9.982683,30,v6,88000000ffffffffffffa8dd9f4dc5b5
5805,75.716258449,11.300649,30,v6,88000000ffffffffffffa8dd9f4dc5b5
5806,75.726339684,10.081235,30,v6,88000000ffffffffffffa8dd9f4dc5b5
5807,75.736513211,10.173527,30,v6,88000000ffffffffffffa8dd9f4dc5b5
5808,75.746943098,10.429887,30,v6,88000000ffffffffffffa8dd9f4dc5b5
5809,75.757082044,10.138946,30,v6,88000000ffffffffffffa8dd9f4dc5b5
5810,75.767155450,10.073406,30,v6,88000000ffffffffffffa8dd9f4dc5b5
5811,75.777579970,10.424520,30,v6,88000000ffffffffffffa8dd9f4dc5b5
5812,75.787387807,9.807837,30,v6,88000000ffffffffffffa8dd9f4dc5b5
5813,75.797448911,10.061104,30,v6,88000000ffffffffffffa8dd9f4dc5b5
5814,75.807899447,10.450536,30,v6,88000000ffffffffffffa8dd9f4dc5b5
5815,75.817784155,9.884708,30,v6,88000000ffffffffffffa8dd9f4dc5b5
5816,75.827921709,10.137554,30,v6,88000000ffffffffffffa8dd9f4dc5b5
5817,75.839129696,11.207987,30,v6,88000000ffffffffffffa8dd9f4dc5b5
5818,75.849372111,10.242415,30,v6,88000000ffffffffffffa8dd9f4dc5b5
5819,75.859681875,10.309764,30,v6,88000000ffffffffffffa8dd9f4dc5b5
5820,75.869555679,9.873804,30,v6,88000000ffffffffffffa8dd9f4dc5b5
5821,75.879875439,10.319760,30,v6,88000000ffffffffffffa8dd9f4dc5b5
5822,75.890025239,10.149800,30,v6,88000000ffffffffffffa8dd9f4dc5b5
5823,75.900085268,10.060029,30,v6,88000000ffffffffffffa8dd9f4dc5b5
5824,75.910322879,10.237611,30,v6,88000000ffffffffffffa8dd9f4dc5b5
5825,75.920410861,10.087982,30,v6,88000000ffffffffffffa8dd9f4dc5b5
5826,75.930681873,10.271012,30,v6,88000000ffffffffffffa8dd9f4dc5b5
5827,75.940972766,10.290893,30,v6,88000000ffffffffffffa8dd9f4dc5b5
5828,75.950881736,9.908970,30,v6,88000000ffffffffffffa8dd9f4dc5b5
5829,75.961046469,10.164733,30,v6,88000000ffffffffffffa8dd9f4dc5b5
5830,75.971264791,10.218322,30,v6,88000000ffffffffffffa8dd9f4dc5b5
5831,75.982644136,11.379345,30,v6,88000000ffffffffffffa8dd9f4dc5b5
5832,75.992494957,9.850821,30,v6,88000000ffffffffffffa8dd9f4dc5b5
5833,76.002807811,10.312854,30,v6,88000000ffffffffffffa8dd9f4dc5b5
5834,76.012885695,10.077884,30,v6,88000000ffffffffffffa8dd9f4dc5b5
5835,76.023221740,10.336045,30,v6,88000000ffffffffffffa8dd9f4dc5b5
5836,76.033264100,10.042360,30,v6,88000000ffffffffffffa8dd9f4dc5b5
5837,76.043483428,10.219328,30,v6,88000000ffffffffffffa8dd9f4dc5b5
5838,76.053746153,10.262725,30,v6,88000000ffffffffffffa8dd9f4dc5b5
5839,76.063570073,9.823920,30,v6,88000000ffffffffffffa8dd9f4dc5b5
5840,76.073871290,10.301217,30,v6,88000000ffffffffffffa8dd9f4dc5b5
5841,76.084126988,10.255698,30,v6,88000000ffffffffffffa8dd9f4dc5b5
5842,76.095273503,11.146515,30,v6,88000000ffffffffffffa8dd9f4dc5b5
5843,76.105498367,10.224864,30,v6,88000000ffffffffffffa8dd9f4dc5b5
5844,76.115593775,10.095408,30,v6,88000000ffffffffffffa8dd9f4dc5b5
5845,76.125629418,10.035643,30,v6,88000000ffffffffffffa8dd9f4dc5b5
5846,76.136083256,10.453838,30,v6,88000000ffffffffffffa8dd9f4dc5b5
5847,76.146071030,9.987774,30,v6,88000000ffffffffffffa8dd9f4dc5b5
5848,76.156219450,10.148420,30,v6,88000000ffffffffffffa8dd9f4dc5b5
5849,76.166429394,10.209944,30,v6,88000000ffffffffffffa8dd9f4dc5b5
5850,76.176696052,10.266658,30,v6,88000000ffffffffffffa8dd9f4dc5b5
5851,76.186747023,10.050971,30,v6,88000000ffffffffffffa8dd9f4dc5b5
5852,76.196890693,10.143670,30,v6,88000000ffffffffffffa8dd9f4dc5b5
5853,76.207053136,10.162443,30,v6,88000000ffffffffffffa8dd9f4dc5b5
5854,76.217225783,10.172647,30,v6,88000000ffffffffffffa8dd9f4dc5b5
5855,76.228319132,11.093349,30,v6,88000000ffffffffffffa8dd9f4dc5b5
5856,76.238494784,10.175652,30,v6,88000000ffffffffffffa8dd9f4dc5b5
5857,76.248691664,10.196880,30,v6,88000000ffffffffffffa8dd9f4dc5b5
5858,76.258848857,10.157193,30,v6,88000000ffffffffffffa8dd9f4dc5b5
5859,76.270118762,11.269905,30,v6,88000000ffffffffffffa8dd9f4dc5b5
5860,76.280258880,10.140118,30,v6,88000000ffffffffffffa8dd9f4dc5b5
5861,76.290282012,10.023132,30,v6,88000000ffffffffffffa8dd9f4dc5b5
5862,76.300765928,10.483916,30,v6,88000000ffffffffffffa8dd9f4dc5b5
5863,76.310825081,10.059153,30,v6,88000000ffffffffffffa8dd9f4dc5b5
5864,76.319858368,9.033287,30,v6,88000000ffffffffffffa8dd9f4dc5b5
5865,76.331066391,11.208023,30,v6,88000000ffffffffffffa8dd9f4dc5b5
5866,76.340044516,8.978125,30,v6,88000000ffffffffffffa8dd9f4dc5b5
5867,76.351137342,11.092826,30,v6,88000000ffffffffffffa8dd9f4dc5b5
5868,76.362500984,11.363642,30,v6,88000000ffffffffffffa8dd9f4dc5b5
5869,76.372580665,10.079681,30,v6,88000000ffffffffffffa8dd9f4dc5b5
5870,76.382645493,10.064828,30,v6,88000000ffffffffffffa8dd9f4dc5b5
5871,76.393049467,10.403974,30,v6,88000000ffffffffffffa8dd9f4dc5b5
5872,76.402112008,9.062541,30,v6,88000000ffffffffffffa8dd9f4dc5b5
5873,76.413413893,11.301885,30,v6,88000000ffffffffffffa8dd9f4dc5b5
5874,76.422567046,9.153153,30,v6,88000000ffffffffffffa8dd9f4dc5b5
5875,76.432542245,9.975199,30,v6,88000000ffffffffffffa8dd9f4dc5b5
5876,76.443648693,11.106448,30,v6,88000000ffffffffffffa8dd9f4dc5b5
5877,76.452741489,9.092796,30,v6,88000000ffffffffffffa8dd9f4dc5b5
5878,76.463090283,10.348794,30,v6,88000000ffffffffffffa8dd9f4dc5b5
5879,76.475320177,12.229894,30,v6,88000000ffffffffffffa8dd9f4dc5b5
5880,76.485346288,10.026111,30,v6,88000000ffffffffffffa8dd9f4dc5b5
5881,76.495721515,10.375227,30,v6,88000000ffffffffffffa8dd9f4dc5b5
5882,76.505902663,10.181148,30,v6,88000000ffffffffffffa8dd9f4dc5b5
5883,76.515649403,9.746740,30,v6,88000000ffffffffffffa8dd9f4dc5b5
5884,76.525921678,10.272275,30,v6,88000000ffffffffffffa8dd9f4dc5b5
5885,76.536096993,10.175315,30,v6,88000000ffffffffffffa8dd9f4dc5b5
5886,76.546308857,10.211864,30,v6,88000000ffffffffffffa8dd9f4dc5b5
5887,76.556709607,10.400750,30,v6,88000000ffffffffffffa8dd9f4dc5b5
5888,76.566828505,10.118898,30,v6,88000000ffffffffffffa8dd9f4dc5b5
5889,76.576838598,10.010093,30,v6,88000000ffffffffffffa8dd9f4dc5b5
5890,76.588081262,11.242664,30,v6,88000000ffffffffffffa8dd9f4dc5b5
5891,76.598141977,10.060715,30,v6,88000000ffffffffffffa8dd9f4dc5b5
5892,76.608167950,10.025973,30,v6,88000000ffffffffffffa8dd9f4dc5b5
5893,76.618456181,10.288231,30,v6,88000000ffffffffffffa8dd9f4dc5b5
5894,76.628588097,10.131916,30,v6,88000000ffffffffffffa8dd9f4dc5b5
5895,76.638566973,9.978876,30,v6,88000000ffffffffffffa8dd9f4dc5b5
5896,76.648756343,10.189370,30,v6,88000000ffffffffffffa8dd9f4dc5b5
5897,76.659010940,10.254597,30,v6,88000000ffffffffffffa8dd9f4dc5b5
5898,76.669039704,10.028764,30,v6,88000000ffffffffffffa8dd9f4dc5b5
5899,76.679257991,10.218287,30,v6,88000000ffffffffffffa8dd9f4dc5b5
5900,76.689629186,10.371195,30,v6,88000000ffffffffffffa8dd9f4dc5b5
5901,76.700582902,10.953716,30,v6,88000000ffffffffffffa8dd9f4dc5b5
5902,76.710779060,10.196158,30,v6,88000000ffffffffffffa8dd9f4dc5b5
5903,76.721165871,10.386811,30,v6,88000000ffffffffffffa8dd9f4dc5b5
5904,76.731159573,9.993702,30,v6,88000000ffffffffffffa8dd9f4dc5b5
5905,76.741443972,10.284399,30,v6,88000000ffffffffffffa8dd9f4dc5b5
5906,76.751531808,10.087836,30,v6,88000000ffffffffffffa8dd9f4dc5b5
5907,76.761646069,10.114261,30,v6,88000000ffffffffffffa8dd9f4dc5b5
5908,76.771899489,10.253420,30,v6,88000000ffffffffffffa8dd9f4dc5b5
5909,76.781911394,10.011905,30,v6,88000000ffffffffffffa8dd9f4dc5b5
5910,76.792202947,10.291553,30,v6,88000000ffffffffffffa8dd9f4dc5b5
5911,76.802335206,10.132259,30,v6,88000000ffffffffffffa8dd9f4dc5b5
5912,76.813569491,11.234285,30,v6,88000000ffffffffffffa8dd9f4dc5b5
5913,76.823706300,10.136809,30,v6,88000000ffffffffffffa8dd9f4dc5b5
5914,76.833761204,10.054904,30,v6,88000000ffffffffffffa8dd9f4dc5b5
5915,76.844104702,10.343498,30,v6,88000000ffffffffffffa8dd9f4dc5b5
5916,76.854049662,9.944960,30,v6,88000000ffffffffffffa8dd9f4dc5b5
5917,76.864257913,10.208251,30,v6,88000000ffffffffffffa8dd9f4dc5b5
5918,76.874595673,10.337760,30,v6,88000000ffffffffffffa8dd9f4dc5b5
5919,76.884495981,9.900308,30,v6,88000000ffffffffffffa8dd9f4dc5b5
5920,76.894624750,10.128769,30,v6,88000000ffffffffffffa8dd9f4dc5b5
5921,76.904891478,10.266728,30,v6,88000000ffffffffffffa8dd9f4dc5b5
5922,76.915100080,10.208602,30,v6,88000000ffffffffffffa8dd9f4dc5b5
5923,76.926387564,11.287484,30,v6,88000000ffffffffffffa8dd9f4dc5b5
5924,76.936377911,9.990347,30,v6,88000000ffffffffffffa8dd9f4dc5b5
5925,76.946771199,10.393288,30,v6,88000000ffffffffffffa8dd9f4dc5b5
5926,76.957032937,10.261738,30,v6,88000000ffffffffffffa8dd9f4dc5b5
5927,76.966937302,9.904365,30,v6,88000000ffffffffffffa8dd9f4dc5b5
5928,76.977214131,10.276829,30,v6,88000000ffffffffffffa8dd9f4dc5b5
5929,76.987399322,10.185191,30,v6,88000000ffffffffffffa8dd9f4dc5b5
5930,76.997620305,10.220983,30,v6,88000000ffffffffffffa8dd9f4dc5b5
5931,77.007735951,10.115646,30,v6,88000000ffffffffffffa8dd9f4dc5b5
5932,77.017987775,10.251824,30,v6,88000000ffffffffffffa8dd9f4dc5b5
5933,77.027967818,9.980043,30,v6,88000000ffffffffffffa8dd9f4dc5b5
5934,77.038145704,10.177886,30,v6,88000000ffffffffffffa8dd9f4dc5b5
5935,77.049282189,11.136485,30,v6,88000000ffffffffffffa8dd9f4dc5b5
5936,77.060546988,11.264799,30,v6,88000000ffffffffffffa8dd9f4dc5b5
5937,77.069602890,9.055902,30,v6,88000000ffffffffffffa8dd9f4dc5b5
5938,77.080838379,11.235489,30,v6,88000000ffffffffffffa8dd9f4dc5b5
5939,77.090036972,9.198593,30,v6,88000000ffffffffffffa8dd9f4dc5b5
5940,77.101106072,11.069100,30,v6,88000000ffffffffffffa8dd9f4dc5b5
5941,77.110269130,9.163058,30,v6,88000000ffffffffffffa8dd9f4dc5b5
5942,77.121377505,11.108375,30,v6,88000000ffffffffffffa8dd9f4dc5b5
5943,77.131654675,10.277170,30,v6,88000000ffffffffffffa8dd9f4dc5b5
5944,77.141678679,10.024004,30,v6,88000000ffffffffffffa8dd9f4dc5b5
5945,77.151969421,10.290742,30,v6,88000000ffffffffffffa8dd9f4dc5b5
5946,77.161913818,9.944397,30,v6,88000000ffffffffffffa8dd9f4dc5b5
5947,77.173213905,11.300087,30,v6,88000000ffffffffffffa8dd9f4dc5b5
5948,77.183242596,10.028691,30,v6,88000000ffffffffffffa8dd9f4dc5b5
5949,77.193402095,10.159499,30,v6,88000000ffffffffffffa8dd9f4dc5b5
5950,77.204873935,11.471840,30,v6,88000000ffffffffffffa8dd9f4dc5b5
5951,77.213934021,9.060086,30,v6,88000000ffffffffffffa8dd9f4dc5b5
5952,77.225048552,11.114531,30,v6,88000000ffffffffffffa8dd9f4dc5b5
5953,77.234186654,9.138102,30,v6,88000000ffffffffffffa8dd9f4dc5b5
5954,77.245432536,11.245882,30,v6,88000000ffffffffffffa8dd9f4dc5b5
5955,77.255699601,10.267065,30,v6,88000000ffffffffffffa8dd9f4dc5b5
5956,77.265865077,10.165476,30,v6,88000000ffffffffffffa8dd9f4dc5b5
5957,77.275763704,9.898627,30,v6,88000000ffffffffffffa8dd9f4dc5b5
5958,77.285948423,10.184719,30,v6,88000000ffffffffffffa8dd9f4dc5b5
5959,77.296190428,10.242005,30,v6,88000000ffffffffffffa8dd9f4dc5b5
5960,77.307358062,11.167634,30,v6,88000000ffffffffffffa8dd9f4dc5b5
5961,77.316429525,9.071463,30,v6,88000000ffffffffffffa8dd9f4dc5b5
5962,77.327680420,11.250895,30,v6,88000000ffffffffffffa8dd9f4dc5b5
5963,77.336846753,9.166333,30,v6,88000000ffffffffffffa8dd9f4dc5b5
5964,77.346965845,10.119092,30,v6,88000000ffffffffffffa8dd9f4dc5b5
5965,77.358079369,11.113524,30,v6,88000000ffffffffffffa8dd9f4dc5b5
5966,77.368357425,10.278056,30,v6,88000000ffffffffffffa8dd9f4dc5b5
5967,77.377399240,9.041815,30,v6,88000000ffffffffffffa8dd9f4dc5b5
5968,77.390587655,13.188415,30,v6,88000000ffffffffffffa8dd9f4dc5b5
5969,77.399057813,8.470158,30,v6,88000000ffffffffffffa8dd9f4dc5b5
5970,77.408910134,9.852321,30,v6,88000000ffffffffffffa8dd9f4dc5b5
5971,77.419046044,10.135910,30,v6,88000000ffffffffffffa8dd9f4dc5b5
5972,77.429217837,10.171793,30,v6,88000000ffffffffffffa8dd9f4dc5b5
5973,77.439539396,10.321559,30,v6,88000000ffffffffffffa8dd9f4dc5b5
5974,77.449621714,10.082318,30,v6,88000000ffffffffffffa8dd9f4dc5b5
5975,77.459954248,10.332534,30,v6,88000000ffffffffffffa8dd9f4dc5b5
5976,77.470954290,11.000042,30,v6,88000000ffffffffffffa8dd9f4dc5b5
5977,77.482202381,11.248091,30,v6,88000000ffffffffffffa8dd9f4dc5b5
5978,77.492307579,10.105198,30,v6,88000000ffffffffffffa8dd9f4dc5b5
5979,77.501458831,9.151252,30,v6,88000000ffffffffffffa8dd9f4dc5b5
5980,77.512752166,11.293335,30,v6,88000000ffffffffffffa8dd9f4dc5b5
5981,77.522976352,10.224186,30,v6,88000000ffffffffffffa8dd9f4dc5b5
5982,77.533065169,10.088817,30,v6,88000000ffffffffffffa8dd9f4dc5b5
5983,77.543286112,10.220943,30,v6,88000000ffffffffffffa8dd9f4dc5b5
5984,77.553060175,9.774063,30,v6,88000000ffffffffffffa8dd9f4dc5b5
5985,77.904832958,351.772783,30,v6,88000000ffffffffffffa8dd9f4dc5b5
5986,77.914974855,10.141897,30,v6,88000000ffffffffffffa8dd9f4dc5b5
5987,77.925224685,10.249830,30,v6,88000000ffffffffffffa8dd9f4dc5b5
5988,77.935221891,9.997206,30,v6,88000000ffffffffffffa8dd9f4dc5b5
5989,77.945465776,10.243885,30,v6,88000000ffffffffffffa8dd9f4dc5b5
5990,77.955686089,10.220313,30,v6,88000000ffffffffffffa8dd9f4dc5b5
5991,77.967015554,11.329465,30,v6,88000000ffffffffffffa8dd9f4dc5b5
5992,77.977068054,10.052500,30,v6,88000000ffffffffffffa8dd9f4dc5b5
5993,77.987147681,10.079627,30,v6,88000000ffffffffffffa8dd9f4dc5b5
5994,77.997181898,10.034217,30,v6,88000000ffffffffffffa8dd9f4dc5b5
5995,78.007689376,10.507478,30,v6,88000000ffffffffffffa8dd9f4dc5b5
5996,78.017613505,9.924129,30,v6,88000000ffffffffffffa8dd9f4dc5b5
5997,78.026923539,9.310034,30,v6,88000000ffffffffffffa8dd9f4dc5b5
5998,78.036883565,9.960026,30,v6,88000000ffffffffffffa8dd9f4dc5b5
5999,78.047132579,10.249014,30,v6,88000000ffffffffffffa8dd9f4dc5b5
6000,78.057154177,10.021598,30,v6,88000000ffffffffffffa8dd9f4dc5b5
6001,78.067152626,9.998449,30,v6,88000000ffffffffffffa8dd9f4dc5b5
6002,78.077639158,10.486532,30,v6,88000000ffffffffffffa8dd9f4dc5b5
6003,78.087460912,9.821754,30,v6,88000000ffffffffffffa8dd9f4dc5b5
6004,78.097597158,10.136246,30,v6,88000000ffffffffffffa8dd9f4dc5b5
6005,78.108902114,11.304956,30,v6,88000000ffffffffffffa8dd9f4dc5b5
6006,78.119226141,10.324027,30,v6,88000000ffffffffffffa8dd9f4dc5b5
6007,78.128356892,9.130751,30,v6,88000000ffffffffffffa8dd9f4dc5b5
6008,78.138625721,10.268829,30,v6,88000000ffffffffffffa8dd9f4dc5b5
6009,78.149767016,11.141295,30,v6,88000000ffffffffffffa8dd9f4dc5b5
6010,78.159224254,9.457238,30,v6,88000000ffffffffffffa8dd9f4dc5b5
6011,78.169016924,9.792670,30,v6,88000000ffffffffffffa8dd9f4dc5b5
6012,78.179130298,10.113374,30,v6,88000000ffffffffffffa8dd9f4dc5b5
6013,78.189287585,10.157287,30,v6,88000000ffffffffffffa8dd9f4dc5b5
6014,78.199413317,10.125732,30,v6,88000000ffffffffffffa8dd9f4dc5b5
6015,78.209577749,10.164432,30,v6,88000000ffffffffffffa8dd9f4dc5b5
6016,78.219748935,10.171186,30,v6,88000000ffffffffffffa8dd9f4dc5b5
6017,78.230779679,11.030744,30,v6,88000000ffffffffffffa8dd9f4dc5b5
6018,78.241059478,10.279799,30,v6,88000000ffffffffffffa8dd9f4dc5b5
6019,78.251333194,10.273716,30,v6,88000000ffffffffffffa8dd9f4dc5b5
6020,78.261527081,10.193887,30,v6,88000000ffffffffffffa8dd9f4dc5b5
6021,78.270645012,9.117931,30,v6,88000000ffffffffffffa8dd9f4dc5b5
6022,78.280861539,10.216527,30,v6,88000000ffffffffffffa8dd9f4dc5b5
6023,78.290837375,9.975836,30,v6,88000000ffffffffffffa8dd9f4dc5b5
6024,78.300971442,10.134067,30,v6,88000000ffffffffffffa8dd9f4dc5b5
6025,78.311263488,10.292046,30,v6,88000000ffffffffffffa8dd9f4dc5b5
6026,78.321205354,9.941866,30,v6,88000000ffffffffffffa8dd9f4dc5b5
6027,78.332539758,11.334404,30,v6,88000000ffffffffffffa8dd9f4dc5b5
6028,78.342707562,10.167804,30,v6,88000000ffffffffffffa8dd9f4dc5b5
6029,78.352854673,10.147111,30,v6,88000000ffffffffffffa8dd9f4dc5b5
6030,78.363078836,10.224163,30,v6,88000000ffffffffffffa8dd9f4dc5b5
6031,78.373151116,10.072280,30,v6,88000000ffffffffffffa8dd9f4dc5b5
6032,78.383392887,10.241771,30,v6,88000000ffffffffffffa8dd9f4dc5b5
6033,78.393734466,10.341579,30,v6,88000000ffffffffffffa8dd9f4dc5b5
6034,78.402614808,8.880342,30,v6,88000000ffffffffffffa8dd9f4dc5b5
6035,78.413706621,11.091813,30,v6,88000000ffffffffffffa8dd9f4dc5b5
6036,78.424010613,10.303992,30,v6,88000000ffffffffffffa8dd9f4dc5b5
6037,78.433116122,9.105509,30,v6,88000000ffffffffffffa8dd9f4dc5b5
6038,78.443350225,10.234103,30,v6,88000000ffffffffffffa8dd9f4dc5b5
6039,78.453460150,10.109925,30,v6,88000000ffffffffffffa8dd9f4dc5b5
6040,78.463638434,10.178284,30,v6,88000000ffffffffffffa8dd9f4dc5b5
6041,78.473793253,10.154819,30,v6,88000000ffffffffffffa8dd9f4dc5b5
6042,78.485001122,11.207869,30,v6,88000000ffffffffffffa8dd9f4dc5b5
6043,78.495168771,10.167649,30,v6,88000000ffffffffffffa8dd9f4dc5b5
6044,78.505442938,10.274167,30,v6,88000000ffffffffffffa8dd9f4dc5b5
6045,78.515416531,9.973593,30,v6,88000000ffffffffffffa8dd9f4dc5b5
6046,78.525793310,10.376779,30,v6,88000000ffffffffffffa8dd9f4dc5b5
6047,78.535736866,9.943556,30,v6,88000000ffffffffffffa8dd9f4dc5b5
6048,78.545946484,10.209618,30,v6,88000000ffffffffffffa8dd9f4dc5b5
6049,78.555943714,9.997230,30,v6,88000000ffffffffffffa8dd9f4dc5b5
6050,78.565169267,9.225553,30,v6,88000000ffffffffffffa8dd9f4dc5b5
6051,78.575451703,10.282436,30,v6,88000000ffffffffffffa8dd9f4dc5b5
6052,78.585425005,9.973302,30,v6,88000000ffffffffffffa8dd9f4dc5b5
6053,78.595586152,10.161147,30,v6,88000000ffffffffffffa8dd9f4dc5b5
6054,78.606897441,11.311289,30,v6,88000000ffffffffffffa8dd9f4dc5b5
6055,78.617143872,10.246431,30,v6,88000000ffffffffffffa8dd9f4dc5b5
6056,78.627041844,9.897972,30,v6,88000000ffffffffffffa8dd9f4dc5b5
6057,78.637229583,10.187739,30,v6,88000000ffffffffffffa8dd9f4dc5b5
6058,78.647281031,10.051448,30,v6,88000000ffffffffffffa8dd9f4dc5b5
6059,78.656816602,9.535571,30,v6,88000000ffffffffffffa8dd9f4dc5b5
6060,78.667730148,10.913546,30,v6,88000000ffffffffffffa8dd9f4dc5b5
6061,78.677889689,10.159541,30,v6,88000000ffffffffffffa8dd9f4dc5b5
6062,78.687099539,9.209850,30,v6,88000000ffffffffffffa8dd9f4dc5b5
6063,78.697285494,10.185955,30,v6,88000000ffffffffffffa8dd9f4dc5b5
6064,78.707772389,10.486895,30,v6,88000000ffffffffffffa8dd9f4dc5b5
6065,78.719612892,11.840503,30,v6,88000000ffffffffffffa8dd9f4dc5b5
6066,78.728876734,9.263842,30,v6,88000000ffffffffffffa8dd9f4dc5b5
6067,78.738741843,9.865109,30,v6,88000000ffffffffffffa8dd9f4dc5b5
6068,78.749194700,10.452857,30,v6,88000000ffffffffffffa8dd9f4dc5b5
6069,78.759639742,10.445042,30,v6,88000000ffffffffffffa8dd9f4dc5b5
6070,78.769414127,9.774385,30,v6,88000000ffffffffffffa8dd9f4dc5b5
6071,78.779634246,10.220119,30,v6,88000000ffffffffffffa8dd9f4dc5b5
6072,78.789822166,10.187920,30,v6,88000000ffffffffffffa8dd9f4dc5b5
6073,78.799800560,9.978394,30,v6,88000000ffffffffffffa8dd9f4dc5b5
6074,78.809985902,10.185342,30,v6,88000000ffffffffffffa8dd9f4dc5b5
6075,78.820278542,10.292640,30,v6,88000000ffffffffffffa8dd9f4dc5b5
6076,78.830360491,10.081949,30,v6,88000000ffffffffffffa8dd9f4dc5b5
6077,78.840643066,10.282575,30,v6,88000000ffffffffffffa8dd9f4dc5b5
6078,78.850834970,10.191904,30,v6,88000000ffffffffffffa8dd9f4dc5b5
6079,78.860977005,10.142035,30,v6,88000000ffffffffffffa8dd9f4dc5b5
6080,78.870879491,9.902486,30,v6,88000000ffffffffffffa8dd9f4dc5b5
6081,78.881180391,10.300900,30,v6,88000000ffffffffffffa8dd9f4dc5b5
6082,78.891501852,10.321461,30,v6,88000000ffffffffffffa8dd9f4dc5b5
6083,78.902509227,11.007375,30,v6,88000000ffffffffffffa8dd9f4dc5b5
6084,78.911663191,9.153964,30,v6,88000000ffffffffffffa8dd9f4dc5b5
6085,78.923137925,11.474734,30,v6,88000000ffffffffffffa8dd9f4dc5b5
6086,78.932942790,9.804865,30,v6,88000000ffffffffffffa8dd9f4dc5b5
6087,78.943161795,10.219005,30,v6,88000000ffffffffffffa8dd9f4dc5b5
6088,78.952268738,9.106943,30,v6,88000000ffffffffffffa8dd9f4dc5b5
6089,78.962509178,10.240440,30,v6,88000000ffffffffffffa8dd9f4dc5b5
6090,78.973692111,11.182933,30,v6,88000000ffffffffffffa8dd9f4dc5b5
6091,78.983894772,10.202661,30,v6,88000000ffffffffffffa8dd9f4dc5b5
6092,78.993902951,10.008179,30,v6,88000000ffffffffffffa8dd9f4dc5b5
6093,79.004269023,10.366072,30,v6,88000000ffffffffffffa8dd9f4dc5b5
6094,79.014285199,10.016176,30,v6,88000000ffffffffffffa8dd9f4dc5b5
6095,79.024573123,10.287924,30,v6,88000000ffffffffffffa8dd9f4dc5b5
6096,79.034549620,9.976497,30,v6,88000000ffffffffffffa8dd9f4dc5b5
6097,79.044949445,10.399825,30,v6,88000000ffffffffffffa8dd9f4dc5b5
6098,79.053789380,8.839935,30,v6,88000000ffffffffffffa8dd9f4dc5b5
6099,79.063956177,10.166797,30,v6,88000000ffffffffffffa8dd9f4dc5b5
6100,79.074273729,10.317552,30,v6,88000000ffffffffffffa8dd9f4dc5b5
6101,79.084141132,9.867403,30,v6,88000000ffffffffffffa8dd9f4dc5b5
6102,79.094459663,10.318531,30,v6,88000000ffffffffffffa8dd9f4dc5b5
6103,79.105700531,11.240868,30,v6,88000000ffffffffffffa8dd9f4dc5b5
6104,79.116008606,10.308075,30,v6,88000000ffffffffffffa8dd9f4dc5b5
6105,79.125827066,9.818460,30,v6,88000000ffffffffffffa8dd9f4dc5b5
6106,79.136214348,10.387282,30,v6,88000000ffffffffffffa8dd9f4dc5b5
6107,79.146443285,10.228937,30,v6,88000000ffffffffffffa8dd9f4dc5b5
6108,79.155412279,8.968994,30,v6,88000000ffffffffffffa8dd9f4dc5b5
6109,79.165590540,10.178261,30,v6,88000000ffffffffffffa8dd9f4dc5b5
6110,79.175933615,10.343075,30,v6,88000000ffffffffffffa8dd9f4dc5b5
6111,79.185792222,9.858607,30,v6,88000000ffffffffffffa8dd9f4dc5b5
6112,79.196115262,10.323040,30,v6,88000000ffffffffffffa8dd9f4dc5b5
6113,79.206390198,10.274936,30,v6,88000000ffffffffffffa8dd9f4dc5b5
6114,79.217253991,10.863793,30,v6,88000000ffffffffffffa8dd9f4dc5b5
6115,79.227614774,10.360783,30,v6,88000000ffffffffffffa8dd9f4dc5b5
6116,79.237501917,9.887143,30,v6,88000000ffffffffffffa8dd9f4dc5b5
6117,79.246875750,9.373833,30,v6,88000000ffffffffffffa8dd9f4dc5b5
6118,79.256995473,10.119723,30,v6,88000000ffffffffffffa8dd9f4dc5b5
6119,79.268230177,11.234704,30,v6,88000000ffffffffffffa8dd9f4dc5b5
6120,79.278414663,10.184486,30,v6,88000000ffffffffffffa8dd9f4dc5b5
6121,79.287512837,9.098174,30,v6,88000000ffffffffffffa8dd9f4dc5b5
6122,79.297763281,10.250444,30,v6,88000000ffffffffffffa8dd9f4dc5b5
6123,79.307732791,9.969510,30,v6,88000000ffffffffffffa8dd9f4dc5b5
6124,79.317880329,10.147538,30,v6,88000000ffffffffffffa8dd9f4dc5b5
6125,79.329231411,11.351082,30,v6,88000000ffffffffffffa8dd9f4dc5b5
6126,79.339455829,10.224418,30,v6,88000000ffffffffffffa8dd9f4dc5b5
6127,79.349537936,10.082107,30,v6,88000000ffffffffffffa8dd9f4dc5b5
6128,79.358665516,9.127580,30,v6,88000000ffffffffffffa8dd9f4dc5b5
6129,79.369769912,11.104396,30,v6,88000000ffffffffffffa8dd9f4dc5b5
6130,79.379978503,10.208591,30,v6,88000000ffffffffffffa8dd9f4dc5b5
6131,79.389061517,9.083014,30,v6,88000000ffffffffffffa8dd9f4dc5b5
6132,79.399188721,10.127204,30,v6,88000000ffffffffffffa8dd9f4dc5b5
6133,79.409309922,10.121201,30,v6,88000000ffffffffffffa8dd9f4dc5b5
6134,79.419531183,10.221261,30,v6,88000000ffffffffffffa8dd9f4dc5b5
6135,79.429756678,10.225495,30,v6,88000000ffffffffffffa8dd9f4dc5b5
6136,79.440821485,11.064807,30,v6,88000000ffffffffffffa8dd9f4dc5b5
6137,79.451940739,11.119254,30,v6,88000000ffffffffffffa8dd9f4dc5b5
6138,79.461201724,9.260985,30,v6,88000000ffffffffffffa8dd9f4dc5b5
6139,79.471372028,10.170304,30,v6,88000000ffffffffffffa8dd9f4dc5b5
6140,79.481609080,10.237052,30,v6,88000000ffffffffffffa8dd9f4dc5b5
6141,79.491739280,10.130200,30,v6,88000000ffffffffffffa8dd9f4dc5b5
6142,79.501757560,10.018280,30,v6,88000000ffffffffffffa8dd9f4dc5b5
6143,79.511978713,10.221153,30,v6,88000000ffffffffffffa8dd9f4dc5b5
6144,79.522249229,10.270516,30,v6,88000000ffffffffffffa8dd9f4dc5b5
6145,79.532345236,10.096007,30,v6,88000000ffffffffffffa8dd9f4dc5b5
6146,79.542449600,10.104364,30,v6,88000000ffffffffffffa8dd9f4dc5b5
6147,79.552741942,10.292342,30,v6,88000000ffffffffffffa8dd9f4dc5b5
6148,79.563829872,11.087930,30,v6,88000000ffffffffffffa8dd9f4dc5b5
6149,79.572941349,9.111477,30,v6,88000000ffffffffffffa8dd9f4dc5b5
6150,79.584108288,11.166939,30,v6,88000000ffffffffffffa8dd9f4dc5b5
6151,79.593313475,9.205187,30,v6,88000000ffffffffffffa8dd9f4dc5b5
6152,79.603525372,10.211897,30,v6,88000000ffffffffffffa8dd9f4dc5b5
6153,79.613570762,10.045390,30,v6,88000000ffffffffffffa8dd9f4dc5b5
6154,79.624113275,10.542513,30,v6,88000000ffffffffffffa8dd9f4dc5b5
6155,79.633856070,9.742795,30,v6,88000000ffffffffffffa8dd9f4dc5b5
6156,79.644028787,10.172717,30,v6,88000000ffffffffffffa8dd9f4dc5b5
6157,79.654299382,10.270595,30,v6,88000000ffffffffffffa8dd9f4dc5b5
6158,79.664328910,10.029528,30,v6,88000000ffffffffffffa8dd9f4dc5b5
6159,79.675703159,11.374249,30,v6,88000000ffffffffffffa8dd9f4dc5b5
6160,79.684632415,8.929256,30,v6,88000000ffffffffffffa8dd9f4dc5b5
6161,79.695877807,11.245392,30,v6,88000000ffffffffffffa8dd9f4dc5b5
6162,79.705197815,9.320008,30,v6,88000000ffffffffffffa8dd9f4dc5b5
6163,79.715249740,10.051925,30,v6,88000000ffffffffffffa8dd9f4dc5b5
6164,79.725242038,9.992298,30,v6,88000000ffffffffffffa8dd9f4dc5b5
6165,79.735506367,10.264329,30,v6,88000000ffffffffffffa8dd9f4dc5b5
6166,79.745725488,10.219121,30,v6,88000000ffffffffffffa8dd9f4dc5b5
6167,79.755856191,10.130703,30,v6,88000000ffffffffffffa8dd9f4dc5b5
6168,79.766048383,10.192192,30,v6,88000000ffffffffffffa8dd9f4dc5b5
6169,79.776498914,10.450531,30,v6,88000000ffffffffffffa8dd9f4dc5b5
6170,79.787241894,10.742980,30,v6,88000000ffffffffffffa8dd9f4dc5b5
6171,79.797433735,10.191841,30,v6,88000000ffffffffffffa8dd9f4dc5b5
6172,79.807841185,10.407450,30,v6,88000000ffffffffffffa8dd9f4dc5b5
6173,79.816769758,8.928573,30,v6,88000000ffffffffffffa8dd9f4dc5b5
6174,79.826936252,10.166494,30,v6,88000000ffffffffffffa8dd9f4dc5b5
6175,79.837326128,10.389876,30,v6,88000000ffffffffffffa8dd9f4dc5b5
6176,79.847318257,9.992129,30,v6,88000000ffffffffffffa8dd9f4dc5b5
6177,79.857691608,10.373351,30,v6,88000000ffffffffffffa8dd9f4dc5b5
6178,79.867552519,9.860911,30,v6,88000000ffffffffffffa8dd9f4dc5b5
6179,79.877645977,10.093458,30,v6,88000000ffffffffffffa8dd9f4dc5b5
6180,79.887855816,10.209839,30,v6,88000000ffffffffffffa8dd9f4dc5b5
6181,79.898017792,10.161976,30,v6,88000000ffffffffffffa8dd9f4dc5b5
6182,79.909273465,11.255673,30,v6,88000000ffffffffffffa8dd9f4dc5b5
6183,79.919312145,10.038680,30,v6,88000000ffffffffffffa8dd9f4dc5b5
6184,79.929828161,10.516016,30,v6,88000000ffffffffffffa8dd9f4dc5b5
6185,79.940021975,10.193814,30,v6,88000000ffffffffffffa8dd9f4dc5b5
6186,79.948935805,8.913830,30,v6,88000000ffffffffffffa8dd9f4dc5b5
6187,79.960009749,11.073944,30,v6,88000000ffffffffffffa8dd9f4dc5b5
6188,79.969162190,9.152441,30,v6,88000000ffffffffffffa8dd9f4dc5b5
6189,79.979481585,10.319395,30,v6,88000000ffffffffffffa8dd9f4dc5b5
6190,79.989765514,10.283929,30,v6,88000000ffffffffffffa8dd9f4dc5b5
6191,79.999845634,10.080120,30,v6,88000000ffffffffffffa8dd9f4dc5b5
6192,80.009802902,9.957268,30,v6,88000000ffffffffffffa8dd9f4dc5b5
6193,80.019937308,10.134406,30,v6,88000000ffffffffffffa8dd9f4dc5b5
6194,80.030020240,10.082932,30,v6,88000000ffffffffffffa8dd9f4dc5b5
6195,80.041391943,11.371703,30,v6,88000000ffffffffffffa8dd9f4dc5b5
6196,80.051423857,10.031914,30,v6,88000000ffffffffffffa8dd9f4dc5b5
6197,80.060688272,9.264415,30,v6,88000000ffffffffffffa8dd9f4dc5b5
6198,80.070719812,10.031540,30,v6,88000000ffffffffffffa8dd9f4dc5b5
6199,80.080983478,10.263666,30,v6,88000000ffffffffffffa8dd9f4dc5b5
6200,80.092073158,11.089680,30,v6,88000000ffffffffffffa8dd9f4dc5b5
6201,80.101240740,9.167582,30,v6,88000000ffffffffffffa8dd9f4dc5b5
6202,80.111453688,10.212948,30,v6,88000000ffffffffffffa8dd9f4dc5b5
6203,80.121555670,10.101982,30,v6,88000000ffffffffffffa8dd9f4dc5b5
6204,80.131590174,10.034504,30,v6,88000000ffffffffffffa8dd9f4dc5b5
6205,80.141783169,10.192995,30,v6,88000000ffffffffffffa8dd9f4dc5b5
6206,80.152044587,10.261418,30,v6,88000000ffffffffffffa8dd9f4dc5b5
6207,80.163263078,11.218491,30,v6,88000000ffffffffffffa8dd9f4dc5b5
6208,80.172665906,9.402828,30,v6,88000000ffffffffffffa8dd9f4dc5b5
6209,80.182609401,9.943495,30,v6,88000000ffffffffffffa8dd9f4dc5b5
6210,80.193751571,11.142170,30,v6,88000000ffffffffffffa8dd9f4dc5b5
6211,80.203871812,10.120241,30,v6,88000000ffffffffffffa8dd9f4dc5b5
6212,80.213150537,9.278725,30,v6,88000000ffffffffffffa8dd9f4dc5b5
6213,80.223315227,10.164690,30,v6,88000000ffffffffffffa8dd9f4dc5b5
6214,80.233475484,10.160257,30,v6,88000000ffffffffffffa8dd9f4dc5b5
6215,80.243716720,10.241236,30,v6,88000000ffffffffffffa8dd9f4dc5b5
6216,80.253851070,10.134350,30,v6,88000000ffffffffffffa8dd9f4dc5b5
6217,80.264135199,10.284129,30,v6,88000000ffffffffffffa8dd9f4dc5b5
6218,80.274390649,10.255450,30,v6,88000000ffffffffffffa8dd9f4dc5b5
6219,80.285177612,10.786963,30,v6,88000000ffffffffffffa8dd9f4dc5b5
6220,80.295760724,10.583112,30,v6,88000000ffffffffffffa8dd9f4dc5b5
6221,80.305593034,9.832310,30,v6,88000000ffffffffffffa8dd9f4dc5b5
6222,80.314802553,9.209519,30,v6,88000000ffffffffffffa8dd9f4dc5b5
6223,80.324943946,10.141393,30,v6,88000000ffffffffffffa8dd9f4dc5b5
6224,80.334986550,10.042604,30,v6,88000000ffffffffffffa8dd9f4dc5b5
6225,80.345231598,10.245048,30,v6,88000000ffffffffffffa8dd9f4dc5b5
6226,80.355260387,10.028789,30,v6,88000000ffffffffffffa8dd9f4dc5b5
6227,80.365481022,10.220635,30,v6,88000000ffffffffffffa8dd9f4dc5b5
6228,80.375713217,10.232195,30,v6,88000000ffffffffffffa8dd9f4dc5b5
6229,80.385713518,10.000301,30,v6,88000000ffffffffffffa8dd9f4dc5b5
6230,80.397070461,11.356943,30,v6,88000000ffffffffffffa8dd9f4dc5b5
6231,80.406245439,9.174978,30,v6,88000000ffffffffffffa8dd9f4dc5b5
6232,80.417621766,11.376327,30,v6,88000000ffffffffffffa8dd9f4dc5b5
6233,80.426598656,8.976890,30,v6,88000000ffffffffffffa8dd9f4dc5b5
6234,80.436634675,10.036019,30,v6,88000000ffffffffffffa8dd9f4dc5b5
6235,80.446793925,10.159250,30,v6,88000000ffffffffffffa8dd9f4dc5b5
6236,80.456938128,10.144203,30,v6,88000000ffffffffffffa8dd9f4dc5b5
6237,80.467091120,10.152992,30,v6,88000000ffffffffffffa8dd9f4dc5b5
6238,80.477365419,10.274299,30,v6,88000000ffffffffffffa8dd9f4dc5b5
6239,80.487208842,9.843423,30,v6,88000000ffffffffffffa8dd9f4dc5b5
6240,80.497468235,10.259393,30,v6,88000000ffffffffffffa8dd9f4dc5b5
6241,80.508635071,11.166836,30,v6,88000000ffffffffffffa8dd9f4dc5b5
6242,80.518036814,9.401743,30,v6,88000000ffffffffffffa8dd9f4dc5b5
6243,80.528066815,10.030001,30,v6,88000000ffffffffffffa8dd9f4dc5b5
6244,80.538117264,10.050449,30,v6,88000000ffffffffffffa8dd9f4dc5b5
6245,80.548348567,10.231303,30,v6,88000000ffffffffffffa8dd9f4dc5b5
6246,80.558603943,10.255376,30,v6,88000000ffffffffffffa8dd9f4dc5b5
6247,80.568503932,9.899989,30,v6,88000000ffffffffffffa8dd9f4dc5b5
6248,80.578943831,10.439899,30,v6,88000000ffffffffffffa8dd9f4dc5b5
6249,80.589106389,10.162558,30,v6,88000000ffffffffffffa8dd9f4dc5b5
6250,80.599072399,9.966010,30,v6,88000000ffffffffffffa8dd9f4dc5b5
6251,80.609384086,10.311687,30,v6,88000000ffffffffffffa8dd9f4dc5b5
6252,80.620623022,11.238936,30,v6,88000000ffffffffffffa8dd9f4dc5b5
6253,80.630058748,9.435726,30,v6,88000000ffffffffffffa8dd9f4dc5b5
6254,80.639940458,9.881710,30,v6,88000000ffffffffffffa8dd9f4dc5b5
6255,80.650992569,11.052111,30,v6,88000000ffffffffffffa8dd9f4dc5b5
6256,80.660246425,9.253856,30,v6,88000000ffffffffffffa8dd9f4dc5b5
6257,80.670192188,9.945763,30,v6,88000000ffffffffffffa8dd9f4dc5b5
6258,80.680768637,10.576449,30,v6,88000000ffffffffffffa8dd9f4dc5b5
6259,80.690465139,9.696502,30,v6,88000000ffffffffffffa8dd9f4dc5b5
6260,80.700688343,10.223204,30,v6,88000000ffffffffffffa8dd9f4dc5b5
6261,80.710878744,10.190401,30,v6,88000000ffffffffffffa8dd9f4dc5b5
6262,80.721109565,10.230821,30,v6,88000000ffffffffffffa8dd9f4dc5b5
6263,80.731113156,10.003591,30,v6,88000000ffffffffffffa8dd9f4dc5b5
6264,80.742612387,11.499231,30,v6,88000000ffffffffffffa8dd9f4dc5b5
6265,80.752639371,10.026984,30,v6,88000000ffffffffffffa8dd9f4dc5b5
6266,80.763105694,10.466323,30,v6,88000000ffffffffffffa8dd9f4dc5b5
6267,80.772979747,9.874053,30,v6,88000000ffffffffffffa8dd9f4dc5b5
6268,80.782418127,9.438380,30,v6,88000000ffffffffffffa8dd9f4dc5b5
6269,80.792191556,9.773429,30,v6,88000000ffffffffffffa8dd9f4dc5b5
6270,80.802399589,10.208033,30,v6,88000000ffffffffffffa8dd9f4dc5b5
6271,80.812516492,10.116903,30,v6,88000000ffffffffffffa8dd9f4dc5b5
6272,80.822683586,10.167094,30,v6,88000000ffffffffffffa8dd9f4dc5b5
6273,80.832794359,10.110773,30,v6,88000000ffffffffffffa8dd9f4dc5b5
6274,80.843116853,10.322494,30,v6,88000000ffffffffffffa8dd9f4dc5b5
6275,80.854338765,11.221912,30,v6,88000000ffffffffffffa8dd9f4dc5b5
6276,80.863304825,8.966060,30,v6,88000000ffffffffffffa8dd9f4dc5b5
6277,80.874499969,11.195144,30,v6,88000000ffffffffffffa8dd9f4dc5b5
6278,80.883789026,9.289057,30,v6,88000000ffffffffffffa8dd9f4dc5b5
6279,80.894039370,10.250344,30,v6,88000000ffffffffffffa8dd9f4dc5b5
6280,80.903769304,9.729934,30,v6,88000000ffffffffffffa8dd9f4dc5b5
6281,80.913995469,10.226165,30,v6,88000000ffffffffffffa8dd9f4dc5b5
6282,80.924511867,10.516398,30,v6,88000000ffffffffffffa8dd9f4dc5b5
6283,80.934762209,10.250342,30,v6,88000000ffffffffffffa8dd9f4dc5b5
6284,80.944530855,9.768646,30,v6,88000000ffffffffffffa8dd9f4dc5b5
6285,80.954824797,10.293942,30,v6,88000000ffffffffffffa8dd9f4dc5b5
6286,80.964950032,10.125235,30,v6,88000000ffffffffffffa8dd9f4dc5b5
6287,80.976164087,11.214055,30,v6,88000000ffffffffffffa8dd9f4dc5b5
6288,80.986207946,10.043859,30,v6,88000000ffffffffffffa8dd9f4dc5b5
6289,80.995625439,9.417493,30,v6,88000000ffffffffffffa8dd9f4dc5b5
6290,81.005535258,9.909819,30,v6,88000000ffffffffffffa8dd9f4dc5b5
6291,81.015718919,10.183661,30,v6,88000000ffffffffffffa8dd9f4dc5b5
6292,81.025904423,10.185504,30,v6,88000000ffffffffffffa8dd9f4dc5b5
6293,81.036018017,10.113594,30,v6,88000000ffffffffffffa8dd9f4dc5b5
6294,81.046289053,10.271036,30,v6,88000000ffffffffffffa8dd9f4dc5b5
6295,81.055309493,9.020440,30,v6,88000000ffffffffffffa8dd9f4dc5b5
6296,81.065534368,10.224875,30,v6,88000000ffffffffffffa8dd9f4dc5b5
6297,81.077927800,12.393432,30,v6,88000000ffffffffffffa8dd9f4dc5b5
6298,81.087744426,9.816626,30,v6,88000000ffffffffffffa8dd9f4dc5b5
6299,81.097083148,9.338722,30,v6,88000000ffffffffffffa8dd9f4dc5b5
6300,81.107141714,10.058566,30,v6,88000000ffffffffffffa8dd9f4dc5b5
6301,81.117645787,10.504073,30,v6,88000000ffffffffffffa8dd9f4dc5b5
6302,81.127523142,9.877355,30,v6,88000000ffffffffffffa8dd9f4dc5b5
6303,81.137604469,10.081327,30,v6,88000000ffffffffffffa8dd9f4dc5b5
6304,81.148051424,10.446955,30,v6,88000000ffffffffffffa8dd9f4dc5b5
6305,81.157982457,9.931033,30,v6,88000000ffffffffffffa8dd9f4dc5b5
6306,81.167979188,9.996731,30,v6,88000000ffffffffffffa8dd9f4dc5b5
6307,81.178215826,10.236638,30,v6,88000000ffffffffffffa8dd9f4dc5b5
6308,81.189528857,11.313031,30,v6,88000000ffffffffffffa8dd9f4dc5b5
6309,81.199702134,10.173277,30,v6,88000000ffffffffffffa8dd9f4dc5b5
6310,81.208922152,9.220018,30,v6,88000000ffffffffffffa8dd9f4dc5b5
6311,81.219064078,10.141926,30,v6,88000000ffffffffffffa8dd9f4dc5b5
6312,81.229154001,10.089923,30,v6,88000000ffffffffffffa8dd9f4dc5b5
6313,81.239515843,10.361842,30,v6,88000000ffffffffffffa8dd9f4dc5b5
6314,81.249427105,9.911262,30,v6,88000000ffffffffffffa8dd9f4dc5b5
6315,81.259849879,10.422774,30,v6,88000000ffffffffffffa8dd9f4dc5b5
6316,81.269598899,9.749020,30,v6,88000000ffffffffffffa8dd9f4dc5b5
6317,81.279993384,10.394485,30,v6,88000000ffffffffffffa8dd9f4dc5b5
6318,81.289088726,9.095342,30,v6,88000000ffffffffffffa8dd9f4dc5b5
6319,81.301394620,12.305894,30,v6,88000000ffffffffffffa8dd9f4dc5b5
6320,81.311796436,10.401816,30,v6,88000000ffffffffffffa8dd9f4dc5b5
6321,81.320631115,8.834679,30,v6,88000000ffffffffffffa8dd9f4dc5b5
6322,81.330859705,10.228590,30,v6,88000000ffffffffffffa8dd9f4dc5b5
6323,81.340890334,10.030629,30,v6,88000000ffffffffffffa8dd9f4dc5b5
6324,81.351077876,10.187542,30,v6,88000000ffffffffffffa8dd9f4dc5b5
6325,81.361163644,10.085768,30,v6,88000000ffffffffffffa8dd9f4dc5b5
6326,81.371289755,10.126111,30,v6,88000000ffffffffffffa8dd9f4dc5b5
6327,81.381528399,10.238644,30,v6,88000000ffffffffffffa8dd9f4dc5b5
6328,81.391702364,10.173965,30,v6,88000000ffffffffffffa8dd9f4dc5b5
6329,81.402056609,10.354245,30,v6,88000000ffffffffffffa8dd9f4dc5b5
6330,81.413076418,11.019809,30,v6,88000000ffffffffffffa8dd9f4dc5b5
6331,81.422130378,9.053960,30,v6,88000000ffffffffffffa8dd9f4dc5b5
6332,81.432248329,10.117951,30,v6,88000000ffffffffffffa8dd9f4dc5b5
6333,81.442483260,10.234931,30,v6,88000000ffffffffffffa8dd9f4dc5b5
6334,81.452653228,10.169968,30,v6,88000000ffffffffffffa8dd9f4dc5b5
6335,81.462706857,10.053629,30,v6,88000000ffffffffffffa8dd9f4dc5b5
6336,81.472883045,10.176188,30,v6,88000000ffffffffffffa8dd9f4dc5b5
6337,81.482943898,10.060853,30,v6,88000000ffffffffffffa8dd9f4dc5b5
6338,81.492309783,9.365885,30,v6,88000000ffffffffffffa8dd9f4dc5b5
6339,81.502303328,9.993545,30,v6,88000000ffffffffffffa8dd9f4dc5b5
6340,81.512627739,10.324411,30,v6,88000000ffffffffffffa8dd9f4dc5b5
6341,81.524657803,12.030064,30,v6,88000000ffffffffffffa8dd9f4dc5b5
6342,81.533783357,9.125554,30,v6,88000000ffffffffffffa8dd9f4dc5b5
6343,81.544026663,10.243306,30,v6,88000000ffffffffffffa8dd9f4dc5b5
6344,81.554269925,10.243262,30,v6,88000000ffffffffffffa8dd9f4dc5b5
6345,81.564387135,10.117210,30,v6,88000000ffffffffffffa8dd9f4dc5b5
6346,81.574575272,10.188137,30,v6,88000000ffffffffffffa8dd9f4dc5b5
6347,81.584698647,10.123375,30,v6,88000000ffffffffffffa8dd9f4dc5b5
6348,81.594899032,10.200385,30,v6,88000000ffffffffffffa8dd9f4dc5b5
6349,81.605074286,10.175254,30,v6,88000000ffffffffffffa8dd9f4dc5b5
6350,81.615236010,10.161724,30,v6,88000000ffffffffffffa8dd9f4dc5b5
6351,81.624261492,9.025482,30,v6,88000000ffffffffffffa8dd9f4dc5b5
6352,81.635495072,11.233580,30,v6,88000000ffffffffffffa8dd9f4dc5b5
6353,81.645761709,10.266637,30,v6,88000000ffffffffffffa8dd9f4dc5b5
6354,81.656000033,10.238324,30,v6,88000000ffffffffffffa8dd9f4dc5b5
6355,81.665814960,9.814927,30,v6,88000000ffffffffffffa8dd9f4dc5b5
6356,81.676127238,10.312278,30,v6,88000000ffffffffffffa8dd9f4dc5b5
6357,81.686539170,10.411932,30,v6,88000000ffffffffffffa8dd9f4dc5b5
6358,81.696631576,10.092406,30,v6,88000000ffffffffffffa8dd9f4dc5b5
6359,81.706756932,10.125356,30,v6,88000000ffffffffffffa8dd9f4dc5b5
6360,81.716733688,9.976756,30,v6,88000000ffffffffffffa8dd9f4dc5b5
6361,81.726918073,10.184385,30,v6,88000000ffffffffffffa8dd9f4dc5b5
6362,81.737191720,10.273647,30,v6,88000000ffffffffffffa8dd9f4dc5b5
6363,81.747344202,10.152482,30,v6,88000000ffffffffffffa8dd9f4dc5b5
6364,81.757646700,10.302498,30,v6,88000000ffffffffffffa8dd9f4dc5b5
6365,81.767475488,9.828788,30,v6,88000000ffffffffffffa8dd9f4dc5b5
6366,81.777647261,10.171773,30,v6,88000000ffffffffffffa8dd9f4dc5b5
6367,81.787911201,10.263940,30,v6,88000000ffffffffffffa8dd9f4dc5b5
6368,81.798122561,10.211360,30,v6,88000000ffffffffffffa8dd9f4dc5b5
6369,81.808380022,10.257461,30,v6,88000000ffffffffffffa8dd9f4dc5b5
6370,81.817337652,8.957630,30,v6,88000000ffffffffffffa8dd9f4dc5b5
6371,81.827540018,10.202366,30,v6,88000000ffffffffffffa8dd9f4dc5b5
6372,81.837756105,10.216087,30,v6,88000000ffffffffffffa8dd9f4dc5b5
6373,81.847949373,10.193268,30,v6,88000000ffffffffffffa8dd9f4dc5b5
6374,81.858014369,10.064996,30,v6,88000000ffffffffffffa8dd9f4dc5b5
6375,81.868273590,10.259221,30,v6,88000000ffffffffffffa8dd9f4dc5b5
6376,81.879611214,11.337624,30,v6,88000000ffffffffffffa8dd9f4dc5b5
6377,81.889353070,9.741856,30,v6,88000000ffffffffffffa8dd9f4dc5b5
6378,81.899612880,10.259810,30,v6,88000000ffffffffffffa8dd9f4dc5b5
6379,81.909829999,10.217119,30,v6,88000000ffffffffffffa8dd9f4dc5b5
6380,81.919751813,9.921814,30,v6,88000000ffffffffffffa8dd9f4dc5b5
6381,81.929070666,9.318853,30,v6,88000000ffffffffffffa8dd9f4dc5b5
6382,81.939346834,10.276168,30,v6,88000000ffffffffffffa8dd9f4dc5b5
6383,81.949497921,10.151087,30,v6,88000000ffffffffffffa8dd9f4dc5b5
6384,81.959733282,10.235361,30,v6,88000000ffffffffffffa8dd9f4dc5b5
6385,81.969697012,9.963730,30,v6,88000000ffffffffffffa8dd9f4dc5b5
6386,81.980905207,11.208195,30,v6,88000000ffffffffffffa8dd9f4dc5b5
6387,81.990956208,10.051001,30,v6,88000000ffffffffffffa8dd9f4dc5b5
6388,82.001369030,10.412822,30,v6,88000000ffffffffffffa8dd9f4dc5b5
6389,82.011481202,10.112172,30,v6,88000000ffffffffffffa8dd9f4dc5b5
6390,82.021523014,10.041812,30,v6,88000000ffffffffffffa8dd9f4dc5b5
6391,82.031691219,10.168205,30,v6,88000000ffffffffffffa8dd9f4dc5b5
6392,82.040940236,9.249017,30,v6,88000000ffffffffffffa8dd9f4dc5b5
6393,82.050960594,10.020358,30,v6,88000000ffffffffffffa8dd9f4dc5b5
6394,82.062262031,11.301437,30,v6,88000000ffffffffffffa8dd9f4dc5b5
6395,82.071441859,9.179828,30,v6,88000000ffffffffffffa8dd9f4dc5b5
6396,82.081462731,10.020872,30,v6,88000000ffffffffffffa8dd9f4dc5b5
6397,82.091617238,10.154507,30,v6,88000000ffffffffffffa8dd9f4dc5b5
6398,82.103022093,11.404855,30,v6,88000000ffffffffffffa8dd9f4dc5b5
6399,82.112953206,9.931113,30,v6,88000000ffffffffffffa8dd9f4dc5b5
6400,82.123013638,10.060432,30,v6,88000000ffffffffffffa8dd9f4dc5b5
6401,82.133321961,10.308323,30,v6,88000000ffffffffffffa8dd9f4dc5b5
6402,82.143464692,10.142731,30,v6,88000000ffffffffffffa8dd9f4dc5b5
6403,82.153676402,10.211710,30,v6,88000000ffffffffffffa8dd9f4dc5b5
6404,82.162703029,9.026627,30,v6,88000000ffffffffffffa8dd9f4dc5b5
6405,82.173926888,11.223859,30,v6,88000000ffffffffffffa8dd9f4dc5b5
6406,82.183032395,9.105507,30,v6,88000000ffffffffffffa8dd9f4dc5b5
6407,82.193573898,10.541503,30,v6,88000000ffffffffffffa8dd9f4dc5b5
6408,82.203483102,9.909204,30,v6,88000000ffffffffffffa8dd9f4dc5b5
6409,82.214783018,11.299916,30,v6,88000000ffffffffffffa8dd9f4dc5b5
6410,82.224777752,9.994734,30,v6,88000000ffffffffffffa8dd9f4dc5b5
6411,82.234869379,10.091627,30,v6,88000000ffffffffffffa8dd9f4dc5b5
6412,82.244993842,10.124463,30,v6,88000000ffffffffffffa8dd9f4dc5b5
6413,82.254266946,9.273104,30,v6,88000000ffffffffffffa8dd9f4dc5b5
6414,82.265352913,11.085967,30,v6,88000000ffffffffffffa8dd9f4dc5b5
6415,82.274672159,9.319246,30,v6,88000000ffffffffffffa8dd9f4dc5b5
6416,82.285127045,10.454886,30,v6,88000000ffffffffffffa8dd9f4dc5b5
6417,82.294976540,9.849495,30,v6,88000000ffffffffffffa8dd9f4dc5b5
6418,82.305067630,10.091090,30,v6,88000000ffffffffffffa8dd9f4dc5b5
6419,82.316287983,11.220353,30,v6,88000000ffffffffffffa8dd9f4dc5b5
6420,82.326223449,9.935466,30,v6,88000000ffffffffffffa8dd9f4dc5b5
6421,82.336486165,10.262716,30,v6,88000000ffffffffffffa8dd9f4dc5b5
6422,82.346681179,10.195014,30,v6,88000000ffffffffffffa8dd9f4dc5b5
6423,82.356760863,10.079684,30,v6,88000000ffffffffffffa8dd9f4dc5b5
6424,82.367016608,10.255745,30,v6,88000000ffffffffffffa8dd9f4dc5b5
6425,82.377246150,10.229542,30,v6,88000000ffffffffffffa8dd9f4dc5b5
6426,82.386326785,9.080635,30,v6,88000000ffffffffffffa8dd9f4dc5b5
6427,82.396646698,10.319913,30,v6,88000000ffffffffffffa8dd9f4dc5b5
6428,82.407653459,11.006761,30,v6,88000000ffffffffffffa8dd9f4dc5b5
6429,82.417835328,10.181869,30,v6,88000000ffffffffffffa8dd9f4dc5b5
6430,82.427972854,10.137526,30,v6,88000000ffffffffffffa8dd9f4dc5b5
6431,82.439165369,11.192515,30,v6,88000000ffffffffffffa8dd9f4dc5b5
6432,82.448221601,9.056232,30,v6,88000000ffffffffffffa8dd9f4dc5b5
6433,82.458608405,10.386804,30,v6,88000000ffffffffffffa8dd9f4dc5b5
6434,82.468551751,9.943346,30,v6,88000000ffffffffffffa8dd9f4dc5b5
6435,82.478800073,10.248322,30,v6,88000000ffffffffffffa8dd9f4dc5b5
6436,82.488869146,10.069073,30,v6,88000000ffffffffffffa8dd9f4dc5b5
6437,82.499021782,10.152636,30,v6,88000000ffffffffffffa8dd9f4dc5b5
6438,82.509475942,10.454160,30,v6,88000000ffffffffffffa8dd9f4dc5b5
6439,82.519599475,10.123533,30,v6,88000000ffffffffffffa8dd9f4dc5b5
6440,82.529453530,9.854055,30,v6,88000000ffffffffffffa8dd9f4dc5b5
6441,82.539725097,10.271567,30,v6,88000000ffffffffffffa8dd9f4dc5b5
6442,82.550924881,11.199784,30,v6,88000000ffffffffffffa8dd9f4dc5b5
6443,82.561082315,10.157434,30,v6,88000000ffffffffffffa8dd9f4dc5b5
6444,82.571355862,10.273547,30,v6,88000000ffffffffffffa8dd9f4dc5b5
6445,82.580399157,9.043295,30,v6,88000000ffffffffffffa8dd9f4dc5b5
6446,82.590693964,10.294807,30,v6,88000000ffffffffffffa8dd9f4dc5b5
6447,82.600941344,10.247380,30,v6,88000000ffffffffffffa8dd9f4dc5b5
6448,82.610637415,9.696071,30,v6,88000000ffffffffffffa8dd9f4dc5b5
6449,82.621008611,10.371196,30,v6,88000000ffffffffffffa8dd9f4dc5b5
6450,82.631313872,10.305261,30,v6,88000000ffffffffffffa8dd9f4dc5b5
6451,82.641265553,9.951681,30,v6,88000000ffffffffffffa8dd9f4dc5b5
6452,82.651528876,10.263323,30,v6,88000000ffffffffffffa8dd9f4dc5b5
6453,82.662834728,11.305852,30,v6,88000000ffffffffffffa8dd9f4dc5b5
6454,82.671767719,8.932991,30,v6,88000000ffffffffffffa8dd9f4dc5b5
6455,82.681942818,10.175099,30,v6,88000000ffffffffffffa8dd9f4dc5b5
6456,82.702164167,20.221349,30,v6,88000000ffffffffffffa8dd9f4dc5b5
6457,82.712473486,10.309319,30,v6,88000000ffffffffffffa8dd9f4dc5b5
6458,82.722762763,10.289277,30,v6,88000000ffffffffffffa8dd9f4dc5b5
6459,82.732572470,9.809707,30,v6,88000000ffffffffffffa8dd9f4dc5b5
6460,82.742997292,10.424822,30,v6,88000000ffffffffffffa8dd9f4dc5b5
6461,82.752027138,9.029846,30,v6,88000000ffffffffffffa8dd9f4dc5b5
6462,82.763286250,11.259112,30,v6,88000000ffffffffffffa8dd9f4dc5b5
6463,82.774550222,11.263972,30,v6,88000000ffffffffffffa8dd9f4dc5b5
6464,82.783607046,9.056824,30,v6,88000000ffffffffffffa8dd9f4dc5b5
6465,82.794954842,11.347796,30,v6,88000000ffffffffffffa8dd9f4dc5b5
6466,82.803942135,8.987293,30,v6,88000000ffffffffffffa8dd9f4dc5b5
6467,82.814091309,10.149174,30,v6,88000000ffffffffffffa8dd9f4dc5b5
6468,82.824495354,10.404045,30,v6,88000000ffffffffffffa8dd9f4dc5b5
6469,82.834444956,9.949602,30,v6,88000000ffffffffffffa8dd9f4dc5b5
6470,82.844766606,10.321650,30,v6,88000000ffffffffffffa8dd9f4dc5b5
6471,82.854610681,9.844075,30,v6,88000000ffffffffffffa8dd9f4dc5b5
6472,82.864874926,10.264245,30,v6,88000000ffffffffffffa8dd9f4dc5b5
6473,82.874997037,10.122111,30,v6,88000000ffffffffffffa8dd9f4dc5b5
6474,82.885220810,10.223773,30,v6,88000000ffffffffffffa8dd9f4dc5b5
6475,82.895366893,10.146083,30,v6,88000000ffffffffffffa8dd9f4dc5b5
6476,82.906455023,11.088130,30,v6,88000000ffffffffffffa8dd9f4dc5b5
6477,82.916577989,10.122966,30,v6,88000000ffffffffffffa8dd9f4dc5b5
6478,82.926916858,10.338869,30,v6,88000000ffffffffffffa8dd9f4dc5b5
6479,82.935879833,8.962975,30,v6,88000000ffffffffffffa8dd9f4dc5b5
6480,82.946082558,10.202725,30,v6,88000000ffffffffffffa8dd9f4dc5b5
6481,82.956126527,10.043969,30,v6,88000000ffffffffffffa8dd9f4dc5b5
6482,82.966312528,10.186001,30,v6,88000000ffffffffffffa8dd9f4dc5b5
6483,82.976831372,10.518844,30,v6,88000000ffffffffffffa8dd9f4dc5b5
6484,82.986981706,10.150334,30,v6,88000000ffffffffffffa8dd9f4dc5b5
6485,82.996985630,10.003924,30,v6,88000000ffffffffffffa8dd9f4dc5b5
6486,83.007074271,10.088641,30,v6,88000000ffffffffffffa8dd9f4dc5b5
6487,83.018156681,11.082410,30,v6,88000000ffffffffffffa8dd9f4dc5b5
6488,83.028469998,10.313317,30,v6,88000000ffffffffffffa8dd9f4dc5b5
6489,83.038577880,10.107882,30,v6,88000000ffffffffffffa8dd9f4dc5b5
6490,83.048825533,10.247653,30,v6,88000000ffffffffffffa8dd9f4dc5b5
6491,83.057831720,9.006187,30,v6,88000000ffffffffffffa8dd9f4dc5b5
6492,83.068081040,10.249320,30,v6,88000000ffffffffffffa8dd9f4dc5b5
6493,83.078185127,10.104087,30,v6,88000000ffffffffffffa8dd9f4dc5b5
6494,83.089585041,11.399914,30,v6,88000000ffffffffffffa8dd9f4dc5b5
6495,83.098630588,9.045547,30,v6,88000000ffffffffffffa8dd9f4dc5b5
6496,83.108675678,10.045090,30,v6,88000000ffffffffffffa8dd9f4dc5b5
6497,83.118904979,10.229301,30,v6,88000000ffffffffffffa8dd9f4dc5b5
6498,83.129045012,10.140033,30,v6,88000000ffffffffffffa8dd9f4dc5b5
6499,83.140146711,11.101699,30,v6,88000000ffffffffffffa8dd9f4dc5b5
6500,83.150311674,10.164963,30,v6,88000000ffffffffffffa8dd9f4dc5b5
6501,83.160569011,10.257337,30,v6,88000000ffffffffffffa8dd9f4dc5b5
6502,83.169639364,9.070353,30,v6,88000000ffffffffffffa8dd9f4dc5b5
6503,83.179916067,10.276703,30,v6,88000000ffffffffffffa8dd9f4dc5b5
6504,83.190920162,11.004095,30,v6,88000000ffffffffffffa8dd9f4dc5b5
6505,83.200134009,9.213847,30,v6,88000000ffffffffffffa8dd9f4dc5b5
6506,83.210228064,10.094055,30,v6,88000000ffffffffffffa8dd9f4dc5b5
6507,83.220306002,10.077938,30,v6,88000000ffffffffffffa8dd9f4dc5b5
6508,83.230702210,10.396208,30,v6,88000000ffffffffffffa8dd9f4dc5b5
6509,83.241645676,10.943466,30,v6,88000000ffffffffffffa8dd9f4dc5b5
6510,83.251706472,10.060796,30,v6,88000000ffffffffffffa8dd9f4dc5b5
6511,83.261977418,10.270946,30,v6,88000000ffffffffffffa8dd9f4dc5b5
6512,83.271299690,9.322272,30,v6,88000000ffffffffffffa8dd9f4dc5b5
6513,83.282393886,11.094196,30,v6,88000000ffffffffffffa8dd9f4dc5b5
6514,83.292606222,10.212336,30,v6,88000000ffffffffffffa8dd9f4dc5b5
6515,83.302661378,10.055156,30,v6,88000000ffffffffffffa8dd9f4dc5b5
6516,83.311804720,9.143342,30,v6,88000000ffffffffffffa8dd9f4dc5b5
6517,83.323207188,11.402468,30,v6,88000000ffffffffffffa8dd9f4dc5b5
6518,83.332367456,9.160268,30,v6,88000000ffffffffffffa8dd9f4dc5b5
6519,83.342464960,10.097504,30,v6,88000000ffffffffffffa8dd9f4dc5b5
6520,83.352547847,10.082887,30,v6,88000000ffffffffffffa8dd9f4dc5b5
6521,83.363662611,11.114764,30,v6,88000000ffffffffffffa8dd9f4dc5b5
6522,83.373906584,10.243973,30,v6,88000000ffffffffffffa8dd9f4dc5b5
6523,83.384168737,10.262153,30,v6,88000000ffffffffffffa8dd9f4dc5b5
6524,83.394204544,10.035807,30,v6,88000000ffffffffffffa8dd9f4dc5b5
6525,83.404336016,10.131472,30,v6,88000000ffffffffffffa8dd9f4dc5b5
6526,83.413630623,9.294607,30,v6,88000000ffffffffffffa8dd9f4dc5b5
6527,83.424726223,11.095600,30,v6,88000000ffffffffffffa8dd9f4dc5b5
6528,83.434867176,10.140953,30,v6,88000000ffffffffffffa8dd9f4dc5b5
6529,83.443973193,9.106017,30,v6,88000000ffffffffffffa8dd9f4dc5b5
6530,83.454201627,10.228434,30,v6,88000000ffffffffffffa8dd9f4dc5b5
6531,83.465257417,11.055790,30,v6,88000000ffffffffffffa8dd9f4dc5b5
6532,83.475279109,10.021692,30,v6,88000000ffffffffffffa8dd9f4dc5b5
6533,83.485637359,10.358250,30,v6,88000000ffffffffffffa8dd9f4dc5b5
6534,83.495973663,10.336304,30,v6,88000000ffffffffffffa8dd9f4dc5b5
6535,83.505929140,9.955477,30,v6,88000000ffffffffffffa8dd9f4dc5b5
6536,83.516178963,10.249823,30,v6,88000000ffffffffffffa8dd9f4dc5b5
6537,83.525275793,9.096830,30,v6,88000000ffffffffffffa8dd9f4dc5b5
6538,83.536333102,11.057309,30,v6,88000000ffffffffffffa8dd9f4dc5b5
6539,83.545641677,9.308575,30,v6,88000000ffffffffffffa8dd9f4dc5b5
6540,83.555763587,10.121910,30,v6,88000000ffffffffffffa8dd9f4dc5b5
6541,83.565632281,9.868694,30,v6,88000000ffffffffffffa8dd9f4dc5b5
6542,83.576071927,10.439646,30,v6,88000000ffffffffffffa8dd9f4dc5b5
6543,83.587138865,11.066938,30,v6,88000000ffffffffffffa8dd9f4dc5b5
6544,83.597226418,10.087553,30,v6,88000000ffffffffffffa8dd9f4dc5b5
6545,83.607501298,10.274880,30,v6,88000000ffffffffffffa8dd9f4dc5b5
6546,83.617598989,10.097691,30,v6,88000000ffffffffffffa8dd9f4dc5b5
6547,83.626933607,9.334618,30,v6,88000000ffffffffffffa8dd9f4dc5b5
6548,83.638079240,11.145633,30,v6,88000000ffffffffffffa8dd9f4dc5b5
6549,83.648034797,9.955557,30,v6,88000000ffffffffffffa8dd9f4dc5b5
6550,83.658584139,10.549342,30,v6,88000000ffffffffffffa8dd9f4dc5b5
6551,83.667384745,8.800606,30,v6,88000000ffffffffffffa8dd9f4dc5b5
6552,83.677815550,10.430805,30,v6,88000000ffffffffffffa8dd9f4dc5b5
6553,83.687931194,10.115644,30,v6,88000000ffffffffffffa8dd9f4dc5b5
6554,83.699056414,11.125220,30,v6,88000000ffffffffffffa8dd9f4dc5b5
6555,83.709328534,10.272120,30,v6,88000000ffffffffffffa8dd9f4dc5b5
6556,83.719350514,10.021980,30,v6,88000000ffffffffffffa8dd9f4dc5b5
6557,83.729620585,10.270071,30,v6,88000000ffffffffffffa8dd9f4dc5b5
6558,83.739581334,9.960749,30,v6,88000000ffffffffffffa8dd9f4dc5b5
6559,83.749883953,10.302619,30,v6,88000000ffffffffffffa8dd9f4dc5b5
6560,83.759976372,10.092419,30,v6,88000000ffffffffffffa8dd9f4dc5b5
6561,83.770219048,10.242676,30,v6,88000000ffffffffffffa8dd9f4dc5b5
6562,83.780350630,10.131582,30,v6,88000000ffffffffffffa8dd9f4dc5b5
6563,83.789372027,9.021397,30,v6,88000000ffffffffffffa8dd9f4dc5b5
6564,83.799585649,10.213622,30,v6,88000000ffffffffffffa8dd9f4dc5b5
6565,83.809810035,10.224386,30,v6,88000000ffffffffffffa8dd9f4dc5b5
6566,83.822028855,12.218820,30,v6,88000000ffffffffffffa8dd9f4dc5b5
6567,83.831128435,9.099580,30,v6,88000000ffffffffffffa8dd9f4dc5b5
6568,83.841402397,10.273962,30,v6,88000000ffffffffffffa8dd9f4dc5b5
6569,83.851439928,10.037531,30,v6,88000000ffffffffffffa8dd9f4dc5b5
6570,83.861496062,10.056134,30,v6,88000000ffffffffffffa8dd9f4dc5b5
6571,83.871596327,10.100265,30,v6,88000000ffffffffffffa8dd9f4dc5b5
6572,83.881880098,10.283771,30,v6,88000000ffffffffffffa8dd9f4dc5b5
6573,83.891925587,10.045489,30,v6,88000000ffffffffffffa8dd9f4dc5b5
6574,83.901248102,9.322515,30,v6,88000000ffffffffffffa8dd9f4dc5b5
6575,83.911372499,10.124397,30,v6,88000000ffffffffffffa8dd9f4dc5b5
6576,83.922369222,10.996723,30,v6,88000000ffffffffffffa8dd9f4dc5b5
6577,83.933696468,11.327246,30,v6,88000000ffffffffffffa8dd9f4dc5b5
6578,83.942906048,9.209580,30,v6,88000000ffffffffffffa8dd9f4dc5b5
6579,83.953072370,10.166322,30,v6,88000000ffffffffffffa8dd9f4dc5b5
6580,83.963413387,10.341017,30,v6,88000000ffffffffffffa8dd9f4dc5b5
6581,83.973340462,9.927075,30,v6,88000000ffffffffffffa8dd9f4dc5b5
6582,83.983647696,10.307234,30,v6,88000000ffffffffffffa8dd9f4dc5b5
6583,83.993593289,9.945593,30,v6,88000000ffffffffffffa8dd9f4dc5b5
6584,84.003867034,10.273745,30,v6,88000000ffffffffffffa8dd9f4dc5b5
6585,84.012939343,9.072309,30,v6,88000000ffffffffffffa8dd9f4dc5b5
6586,84.023366009,10.426666,30,v6,88000000ffffffffffffa8dd9f4dc5b5
6587,84.034389724,11.023715,30,v6,88000000ffffffffffffa8dd9f4dc5b5
6588,84.045601689,11.211965,30,v6,88000000ffffffffffffa8dd9f4dc5b5
6589,84.055562263,9.960574,30,v6,88000000ffffffffffffa8dd9f4dc5b5
6590,84.064817981,9.255718,30,v6,88000000ffffffffffffa8dd9f4dc5b5
6591,84.075043378,10.225397,30,v6,88000000ffffffffffffa8dd9f4dc5b5
6592,84.085124660,10.081282,30,v6,88000000ffffffffffffa8dd9f4dc5b5
6593,84.095342291,10.217631,30,v6,88000000ffffffffffffa8dd9f4dc5b5
6594,84.105326677,9.984386,30,v6,88000000ffffffffffffa8dd9f4dc5b5
6595,84.115477927,10.151250,30,v6,88000000ffffffffffffa8dd9f4dc5b5
6596,84.125769973,10.292046,30,v6,88000000ffffffffffffa8dd9f4dc5b5
6597,84.134706303,8.936330,30,v6,88000000ffffffffffffa8dd9f4dc5b5
6598,84.146046033,11.339730,30,v6,88000000ffffffffffffa8dd9f4dc5b5
6599,84.156234921,10.188888,30,v6,88000000ffffffffffffa8dd9f4dc5b5
6600,84.166556149,10.321228,30,v6,88000000ffffffffffffa8dd9f4dc5b5
6601,84.176740713,10.184564,30,v6,88000000ffffffffffffa8dd9f4dc5b5
6602,84.188055128,11.314415,30,v6,88000000ffffffffffffa8dd9f4dc5b5
6603,84.197130418,9.075290,30,v6,88000000ffffffffffffa8dd9f4dc5b5
6604,84.207034322,9.903904,30,v6,88000000ffffffffffffa8dd9f4dc5b5
6605,84.217101621,10.067299,30,v6,88000000ffffffffffffa8dd9f4dc5b5
6606,84.237656191,20.554570,30,v6,88000000ffffffffffffa8dd9f4dc5b5
6607,84.248004343,10.348152,30,v6,88000000ffffffffffffa8dd9f4dc5b5
6608,84.257871593,9.867250,30,v6,88000000ffffffffffffa8dd9f4dc5b5
6609,84.268055267,10.183674,30,v6,88000000ffffffffffffa8dd9f4dc5b5
6610,84.278085234,10.029967,30,v6,88000000ffffffffffffa8dd9f4dc5b5
6611,84.288316879,10.231645,30,v6,88000000ffffffffffffa8dd9f4dc5b5
6612,84.298561273,10.244394,30,v6,88000000ffffffffffffa8dd9f4dc5b5
6613,84.309792176,11.230903,30,v6,88000000ffffffffffffa8dd9f4dc5b5
6614,84.318649289,8.857113,30,v6,88000000ffffffffffffa8dd9f4dc5b5
6615,84.328998778,10.349489,30,v6,88000000ffffffffffffa8dd9f4dc5b5
6616,84.338970994,9.972216,30,v6,88000000ffffffffffffa8dd9f4dc5b5
6617,84.349212920,10.241926,30,v6,88000000ffffffffffffa8dd9f4dc5b5
6618,84.359382338,10.169418,30,v6,88000000ffffffffffffa8dd9f4dc5b5
6619,84.369656478,10.274140,30,v6,88000000ffffffffffffa8dd9f4dc5b5
6620,84.379953432,10.296954,30,v6,88000000ffffffffffffa8dd9f4dc5b5
6621,84.389858271,9.904839,30,v6,88000000ffffffffffffa8dd9f4dc5b5
6622,84.399859388,10.001117,30,v6,88000000ffffffffffffa8dd9f4dc5b5
6623,84.410106404,10.247016,30,v6,88000000ffffffffffffa8dd9f4dc5b5
6624,84.421529120,11.422716,30,v6,88000000ffffffffffffa8dd9f4dc5b5
6625,84.431679448,10.150328,30,v6,88000000ffffffffffffa8dd9f4dc5b5
6626,84.441910478,10.231030,30,v6,88000000ffffffffffffa8dd9f4dc5b5
6627,84.451797535,9.887057,30,v6,88000000ffffffffffffa8dd9f4dc5b5
6628,84.461008046,9.210511,30,v6,88000000ffffffffffffa8dd9f4dc5b5
6629,84.472046344,11.038298,30,v6,88000000ffffffffffffa8dd9f4dc5b5
6630,84.482406516,10.360172,30,v6,88000000ffffffffffffa8dd9f4dc5b5
6631,84.491614345,9.207829,30,v6,88000000ffffffffffffa8dd9f4dc5b5
6632,84.501689903,10.075558,30,v6,88000000ffffffffffffa8dd9f4dc5b5
6633,84.511994406,10.304503,30,v6,88000000ffffffffffffa8dd9f4dc5b5
6634,84.521794940,9.800534,30,v6,88000000ffffffffffffa8dd9f4dc5b5
6635,84.531913809,10.118869,30,v6,88000000ffffffffffffa8dd9f4dc5b5
6636,84.543125228,11.211419,30,v6,88000000ffffffffffffa8dd9f4dc5b5
6637,84.553272918,10.147690,30,v6,88000000ffffffffffffa8dd9f4dc5b5
6638,84.562693867,9.420949,30,v6,88000000ffffffffffffa8dd9f4dc5b5
6639,84.572839252,10.145385,30,v6,88000000ffffffffffffa8dd9f4dc5b5
6640,84.583891638,11.052386,30,v6,88000000ffffffffffffa8dd9f4dc5b5
6641,84.593993109,10.101471,30,v6,88000000ffffffffffffa8dd9f4dc5b5
6642,84.603188568,9.195459,30,v6,88000000ffffffffffffa8dd9f4dc5b5
6643,84.613328904,10.140336,30,v6,88000000ffffffffffffa8dd9f4dc5b5
6644,84.623488226,10.159322,30,v6,88000000ffffffffffffa8dd9f4dc5b5
6645,84.633662798,10.174572,30,v6,88000000ffffffffffffa8dd9f4dc5b5
6646,84.643832743,10.169945,30,v6,88000000ffffffffffffa8dd9f4dc5b5
6647,84.655153821,11.321078,30,v6,88000000ffffffffffffa8dd9f4dc5b5
6648,84.665119206,9.965385,30,v6,88000000ffffffffffffa8dd9f4dc5b5
6649,84.674489631,9.370425,30,v6,88000000ffffffffffffa8dd9f4dc5b5
6650,84.685456915,10.967284,30,v6,88000000ffffffffffffa8dd9f4dc5b5
6651,84.695766677,10.309762,30,v6,88000000ffffffffffffa8dd9f4dc5b5
6652,84.704809315,9.042638,30,v6,88000000ffffffffffffa8dd9f4dc5b5
6653,84.714931014,10.121699,30,v6,88000000ffffffffffffa8dd9f4dc5b5
6654,84.725345536,10.414522,30,v6,88000000ffffffffffffa8dd9f4dc5b5
6655,84.735229796,9.884260,30,v6,88000000ffffffffffffa8dd9f4dc5b5
6656,84.745519255,10.289459,30,v6,88000000ffffffffffffa8dd9f4dc5b5
6657,84.756634784,11.115529,30,v6,88000000ffffffffffffa8dd9f4dc5b5
6658,84.767201850,10.567066,30,v6,88000000ffffffffffffa8dd9f4dc5b5
6659,84.776931707,9.729857,30,v6,88000000ffffffffffffa8dd9f4dc5b5
6660,84.787263483,10.331776,30,v6,88000000ffffffffffffa8dd9f4dc5b5
6661,84.796580905,9.317422,30,v6,88000000ffffffffffffa8dd9f4dc5b5
6662,84.806553504,9.972599,30,v6,88000000ffffffffffffa8dd9f4dc5b5
6663,84.816626315,10.072811,30,v6,88000000ffffffffffffa8dd9f4dc5b5
6664,84.826862825,10.236510,30,v6,88000000ffffffffffffa8dd9f4dc5b5
6665,84.836884774,10.021949,30,v6,88000000ffffffffffffa8dd9f4dc5b5
6666,84.846971442,10.086668,30,v6,88000000ffffffffffffa8dd9f4dc5b5
6667,84.857254148,10.282706,30,v6,88000000ffffffffffffa8dd9f4dc5b5
6668,84.867375494,10.121346,30,v6,88000000ffffffffffffa8dd9f4dc5b5
6669,84.877600335,10.224841,30,v6,88000000ffffffffffffa8dd9f4dc5b5
6670,84.888672316,11.071981,30,v6,88000000ffffffffffffa8dd9f4dc5b5
6671,84.898834234,10.161918,30,v6,88000000ffffffffffffa8dd9f4dc5b5
6672,84.908992501,10.158267,30,v6,88000000ffffffffffffa8dd9f4dc5b5
6673,84.919478254,10.485753,30,v6,88000000ffffffffffffa8dd9f4dc5b5
6674,84.928599281,9.121027,30,v6,88000000ffffffffffffa8dd9f4dc5b5
6675,84.939634529,11.035248,30,v6,88000000ffffffffffffa8dd9f4dc5b5
6676,84.949967309,10.332780,30,v6,88000000ffffffffffffa8dd9f4dc5b5
6677,84.959876140,9.908831,30,v6,88000000ffffffffffffa8dd9f4dc5b5
6678,84.968918010,9.041870,30,v6,88000000ffffffffffffa8dd9f4dc5b5
6679,84.979287129,10.369119,30,v6,88000000ffffffffffffa8dd9f4dc5b5
6680,84.989395449,10.108320,30,v6,88000000ffffffffffffa8dd9f4dc5b5
6681,85.000821758,11.426309,30,v6,88000000ffffffffffffa8dd9f4dc5b5
6682,85.010871155,10.049397,30,v6,88000000ffffffffffffa8dd9f4dc5b5
6683,85.020747917,9.876762,30,v6,88000000ffffffffffffa8dd9f4dc5b5
6684,85.030970116,10.222199,30,v6,88000000ffffffffffffa8dd9f4dc5b5
6685,85.041213813,10.243697,30,v6,88000000ffffffffffffa8dd9f4dc5b5
6686,85.051179136,9.965323,30,v6,88000000ffffffffffffa8dd9f4dc5b5
6687,85.061414791,10.235655,30,v6,88000000ffffffffffffa8dd9f4dc5b5
6688,85.071882480,10.467689,30,v6,88000000ffffffffffffa8dd9f4dc5b5
6689,85.080722953,8.840473,30,v6,88000000ffffffffffffa8dd9f4dc5b5
6690,85.091817350,11.094397,30,v6,88000000ffffffffffffa8dd9f4dc5b5
6691,85.101041421,9.224071,30,v6,88000000ffffffffffffa8dd9f4dc5b5
6692,85.111253338,10.211917,30,v6,88000000ffffffffffffa8dd9f4dc5b5
6693,85.122457209,11.203871,30,v6,88000000ffffffffffffa8dd9f4dc5b5
6694,85.132507467,10.050258,30,v6,88000000ffffffffffffa8dd9f4dc5b5
6695,85.142672762,10.165295,30,v6,88000000ffffffffffffa8dd9f4dc5b5
6696,85.152732907,10.060145,30,v6,88000000ffffffffffffa8dd9f4dc5b5
6697,85.163119253,10.386346,30,v6,88000000ffffffffffffa8dd9f4dc5b5
6698,85.173206895,10.087642,30,v6,88000000ffffffffffffa8dd9f4dc5b5
6699,85.182292335,9.085440,30,v6,88000000ffffffffffffa8dd9f4dc5b5
6700,85.193643170,11.350835,30,v6,88000000ffffffffffffa8dd9f4dc5b5
6701,85.202915511,9.272341,30,v6,88000000ffffffffffffa8dd9f4dc5b5
6702,85.213119444,10.203933,30,v6,88000000ffffffffffffa8dd9f4dc5b5
6703,85.224089030,10.969586,30,v6,88000000ffffffffffffa8dd9f4dc5b5
6704,85.234262955,10.173925,30,v6,88000000ffffffffffffa8dd9f4dc5b5
6705,85.244500426,10.237471,30,v6,88000000ffffffffffffa8dd9f4dc5b5
6706,85.254411270,9.910844,30,v6,88000000ffffffffffffa8dd9f4dc5b5
6707,85.264579324,10.168054,30,v6,88000000ffffffffffffa8dd9f4dc5b5
6708,85.275041957,10.462633,30,v6,88000000ffffffffffffa8dd9f4dc5b5
6709,85.284933625,9.891668,30,v6,88000000ffffffffffffa8dd9f4dc5b5
6710,85.295196722,10.263097,30,v6,88000000ffffffffffffa8dd9f4dc5b5
6711,85.305169229,9.972507,30,v6,88000000ffffffffffffa8dd9f4dc5b5
6712,85.315552046,10.382817,30,v6,88000000ffffffffffffa8dd9f4dc5b5
6713,85.325831353,10.279307,30,v6,88000000ffffffffffffa8dd9f4dc5b5
6714,85.335900206,10.068853,30,v6,88000000ffffffffffffa8dd9f4dc5b5
6715,85.345788083,9.887877,30,v6,88000000ffffffffffffa8dd9f4dc5b5
6716,85.356088626,10.300543,30,v6,88000000ffffffffffffa8dd9f4dc5b5
6717,85.365246445,9.157819,30,v6,88000000ffffffffffffa8dd9f4dc5b5
6718,85.376550121,11.303676,30,v6,88000000ffffffffffffa8dd9f4dc5b5
6719,85.387740890,11.190769,30,v6,88000000ffffffffffffa8dd9f4dc5b5
6720,85.397789858,10.048968,30,v6,88000000ffffffffffffa8dd9f4dc5b5
6721,85.407866520,10.076662,30,v6,88000000ffffffffffffa8dd9f4dc5b5
6722,85.417085941,9.219421,30,v6,88000000ffffffffffffa8dd9f4dc5b5
6723,85.427301994,10.216053,30,v6,88000000ffffffffffffa8dd9f4dc5b5
6724,85.437574145,10.272151,30,v6,88000000ffffffffffffa8dd9f4dc5b5
6725,85.447439212,9.865067,30,v6,88000000ffffffffffffa8dd9f4dc5b5
6726,85.457575320,10.136108,30,v6,88000000ffffffffffffa8dd9f4dc5b5
6727,85.467914882,10.339562,30,v6,88000000ffffffffffffa8dd9f4dc5b5
6728,85.478065736,10.150854,30,v6,88000000ffffffffffffa8dd9f4dc5b5
6729,85.487246140,9.180404,30,v6,88000000ffffffffffffa8dd9f4dc5b5
6730,85.498611464,11.365324,30,v6,88000000ffffffffffffa8dd9f4dc5b5
6731,85.509507088,10.895624,30,v6,88000000ffffffffffffa8dd9f4dc5b5
6732,85.519895911,10.388823,30,v6,88000000ffffffffffffa8dd9f4dc5b5
6733,85.529015333,9.119422,30,v6,88000000ffffffffffffa8dd9f4dc5b5
6734,85.539197392,10.182059,30,v6,88000000ffffffffffffa8dd9f4dc5b5
6735,85.549290808,10.093416,30,v6,88000000ffffffffffffa8dd9f4dc5b5
6736,85.559129841,9.839033,30,v6,88000000ffffffffffffa8dd9f4dc5b5
6737,85.569586254,10.456413,30,v6,88000000ffffffffffffa8dd9f4dc5b5
6738,85.579489295,9.903041,30,v6,88000000ffffffffffffa8dd9f4dc5b5
6739,85.589706313,10.217018,30,v6,88000000ffffffffffffa8dd9f4dc5b5
6740,85.599874968,10.168655,30,v6,88000000ffffffffffffa8dd9f4dc5b5
6741,85.610080643,10.205675,30,v6,88000000ffffffffffffa8dd9f4dc5b5
6742,85.620274025,10.193382,30,v6,88000000ffffffffffffa8dd9f4dc5b5
6743,85.630273764,9.999739,30,v6,88000000ffffffffffffa8dd9f4dc5b5
6744,85.640745436,10.471672,30,v6,88000000ffffffffffffa8dd9f4dc5b5
6745,85.651527538,10.782102,30,v6,88000000ffffffffffffa8dd9f4dc5b5
6746,85.661945843,10.418305,30,v6,88000000ffffffffffffa8dd9f4dc5b5
6747,85.672209168,10.263325,30,v6,88000000ffffffffffffa8dd9f4dc5b5
6748,85.682326978,10.117810,30,v6,88000000ffffffffffffa8dd9f4dc5b5
6749,85.691459676,9.132698,30,v6,88000000ffffffffffffa8dd9f4dc5b5
6750,85.702669207,11.209531,30,v6,88000000ffffffffffffa8dd9f4dc5b5
6751,85.712749846,10.080639,30,v6,88000000ffffffffffffa8dd9f4dc5b5
6752,85.722898107,10.148261,30,v6,88000000ffffffffffffa8dd9f4dc5b5
6753,85.733067455,10.169348,30,v6,88000000ffffffffffffa8dd9f4dc5b5
6754,85.743352819,10.285364,30,v6,88000000ffffffffffffa8dd9f4dc5b5
6755,85.752609521,9.256702,30,v6,88000000ffffffffffffa8dd9f4dc5b5
6756,85.763661417,11.051896,30,v6,88000000ffffffffffffa8dd9f4dc5b5
6757,85.773724897,10.063480,30,v6,88000000ffffffffffffa8dd9f4dc5b5
6758,85.783701290,9.976393,30,v6,88000000ffffffffffffa8dd9f4dc5b5
6759,85.794078870,10.377580,30,v6,88000000ffffffffffffa8dd9f4dc5b5
6760,85.804097073,10.018203,30,v6,88000000ffffffffffffa8dd9f4dc5b5
6761,85.814353523,10.256450,30,v6,88000000ffffffffffffa8dd9f4dc5b5
6762,85.824501617,10.148094,30,v6,88000000ffffffffffffa8dd9f4dc5b5
6763,85.833702399,9.200782,30,v6,88000000ffffffffffffa8dd9f4dc5b5
6764,85.844949299,11.246900,30,v6,88000000ffffffffffffa8dd9f4dc5b5
6765,85.853906983,8.957684,30,v6,88000000ffffffffffffa8dd9f4dc5b5
6766,85.863938766,10.031783,30,v6,88000000ffffffffffffa8dd9f4dc5b5
6767,85.875336637,11.397871,30,v6,88000000ffffffffffffa8dd9f4dc5b5
6768,85.885526873,10.190236,30,v6,88000000ffffffffffffa8dd9f4dc5b5
6769,85.895428953,9.902080,30,v6,88000000ffffffffffffa8dd9f4dc5b5
6770,85.905807033,10.378080,30,v6,88000000ffffffffffffa8dd9f4dc5b5
6771,85.915841936,10.034903,30,v6,88000000ffffffffffffa8dd9f4dc5b5
6772,85.926106876,10.264940,30,v6,88000000ffffffffffffa8dd9f4dc5b5
6773,85.936255222,10.148346,30,v6,88000000ffffffffffffa8dd9f4dc5b5
6774,85.945610921,9.355699,30,v6,88000000ffffffffffffa8dd9f4dc5b5
6775,85.955716235,10.105314,30,v6,88000000ffffffffffffa8dd9f4dc5b5
6776,85.965832815,10.116580,30,v6,88000000ffffffffffffa8dd9f4dc5b5
6777,85.975758448,9.925633,30,v6,88000000ffffffffffffa8dd9f4dc5b5
6778,85.987049133,11.290685,30,v6,88000000ffffffffffffa8dd9f4dc5b5
6779,85.997089357,10.040224,30,v6,88000000ffffffffffffa8dd9f4dc5b5
6780,86.007371253,10.281896,30,v6,88000000ffffffffffffa8dd9f4dc5b5
6781,86.017480013,10.108760,30,v6,88000000ffffffffffffa8dd9f4dc5b5
6782,86.026653540,9.173527,30,v6,88000000ffffffffffffa8dd9f4dc5b5
6783,86.036773589,10.120049,30,v6,88000000ffffffffffffa8dd9f4dc5b5
6784,86.048041436,11.267847,30,v6,88000000ffffffffffffa8dd9f4dc5b5
6785,86.058157987,10.116551,30,v6,88000000ffffffffffffa8dd9f4dc5b5
6786,86.067412684,9.254697,30,v6,88000000ffffffffffffa8dd9f4dc5b5
6787,86.077395486,9.982802,30,v6,88000000ffffffffffffa8dd9f4dc5b5
6788,86.088683905,11.288419,30,v6,88000000ffffffffffffa8dd9f4dc5b5
6789,86.098710946,10.027041,30,v6,88000000ffffffffffffa8dd9f4dc5b5
6790,86.108901052,10.190106,30,v6,88000000ffffffffffffa8dd9f4dc5b5
6791,86.119206652,10.305600,30,v6,88000000ffffffffffffa8dd9f4dc5b5
6792,86.129340275,10.133623,30,v6,88000000ffffffffffffa8dd9f4dc5b5
6793,86.139603381,10.263106,30,v6,88000000ffffffffffffa8dd9f4dc5b5
6794,86.149630830,10.027449,30,v6,88000000ffffffffffffa8dd9f4dc5b5
6795,86.158823038,9.192208,30,v6,88000000ffffffffffffa8dd9f4dc5b5
6796,86.168823742,10.000704,30,v6,88000000ffffffffffffa8dd9f4dc5b5
6797,86.179035496,10.211754,30,v6,88000000ffffffffffffa8dd9f4dc5b5
6798,86.189288266,10.252770,30,v6,88000000ffffffffffffa8dd9f4dc5b5
6799,86.199530949,10.242683,30,v6,88000000ffffffffffffa8dd9f4dc5b5
6800,86.209621453,10.090504,30,v6,88000000ffffffffffffa8dd9f4dc5b5
6801,86.219835194,10.213741,30,v6,88000000ffffffffffffa8dd9f4dc5b5
6802,86.229876020,10.040826,30,v6,88000000ffffffffffffa8dd9f4dc5b5
6803,86.241177323,11.301303,30,v6,88000000ffffffffffffa8dd9f4dc5b5
6804,86.251142898,9.965575,30,v6,88000000ffffffffffffa8dd9f4dc5b5
6805,86.261341765,10.198867,30,v6,88000000ffffffffffffa8dd9f4dc5b5
6806,86.271810976,10.469211,30,v6,88000000ffffffffffffa8dd9f4dc5b5
6807,86.280994842,9.183866,30,v6,88000000ffffffffffffa8dd9f4dc5b5
6808,86.291899720,10.904878,30,v6,88000000ffffffffffffa8dd9f4dc5b5
6809,86.302030872,10.131152,30,v6,88000000ffffffffffffa8dd9f4dc5b5
6810,86.311197556,9.166684,30,v6,88000000ffffffffffffa8dd9f4dc5b5
6811,86.321379551,10.181995,30,v6,88000000ffffffffffffa8dd9f4dc5b5
6812,86.331385329,10.005778,30,v6,88000000ffffffffffffa8dd9f4dc5b5
6813,86.341610914,10.225585,30,v6,88000000ffffffffffffa8dd9f4dc5b5
6814,86.352900662,11.289748,30,v6,88000000ffffffffffffa8dd9f4dc5b5
6815,86.362880750,9.980088,30,v6,88000000ffffffffffffa8dd9f4dc5b5
6816,86.372986068,10.105318,30,v6,88000000ffffffffffffa8dd9f4dc5b5
6817,86.382439956,9.453888,30,v6,88000000ffffffffffffa8dd9f4dc5b5
6818,86.392410620,9.970664,30,v6,88000000ffffffffffffa8dd9f4dc5b5
6819,86.402631232,10.220612,30,v6,88000000ffffffffffffa8dd9f4dc5b5
6820,86.412679996,10.048764,30,v6,88000000ffffffffffffa8dd9f4dc5b5
6821,86.422753999,10.074003,30,v6,88000000ffffffffffffa8dd9f4dc5b5
6822,86.432875396,10.121397,30,v6,88000000ffffffffffffa8dd9f4dc5b5
6823,86.443162131,10.286735,30,v6,88000000ffffffffffffa8dd9f4dc5b5
6824,86.453297958,10.135827,30,v6,88000000ffffffffffffa8dd9f4dc5b5
6825,86.464441606,11.143648,30,v6,88000000ffffffffffffa8dd9f4dc5b5
6826,86.474722428,10.280822,30,v6,88000000ffffffffffffa8dd9f4dc5b5
6827,86.483814614,9.092186,30,v6,88000000ffffffffffffa8dd9f4dc5b5
6828,86.494029512,10.214898,30,v6,88000000ffffffffffffa8dd9f4dc5b5
6829,86.505350586,11.321074,30,v6,88000000ffffffffffffa8dd9f4dc5b5
6830,86.514360036,9.009450,30,v6,88000000ffffffffffffa8dd9f4dc5b5
6831,86.524626334,10.266298,30,v6,88000000ffffffffffffa8dd9f4dc5b5
6832,86.534534647,9.908313,30,v6,88000000ffffffffffffa8dd9f4dc5b5
6833,86.544900077,10.365430,30,v6,88000000ffffffffffffa8dd9f4dc5b5
6834,86.555749746,10.849669,30,v6,88000000ffffffffffffa8dd9f4dc5b5
6835,86.566041513,10.291767,30,v6,88000000ffffffffffffa8dd9f4dc5b5
6836,86.575251662,9.210149,30,v6,88000000ffffffffffffa8dd9f4dc5b5
6837,86.586341836,11.090174,30,v6,88000000ffffffffffffa8dd9f4dc5b5
6838,86.596530317,10.188481,30,v6,88000000ffffffffffffa8dd9f4dc5b5
6839,86.605673189,9.142872,30,v6,88000000ffffffffffffa8dd9f4dc5b5
6840,86.615924507,10.251318,30,v6,88000000ffffffffffffa8dd9f4dc5b5
6841,86.626070433,10.145926,30,v6,88000000ffffffffffffa8dd9f4dc5b5
6842,86.636295625,10.225192,30,v6,88000000ffffffffffffa8dd9f4dc5b5
6843,86.646303349,10.007724,30,v6,88000000ffffffffffffa8dd9f4dc5b5
6844,86.656693728,10.390379,30,v6,88000000ffffffffffffa8dd9f4dc5b5
6845,86.667677343,10.983615,30,v6,88000000ffffffffffffa8dd9f4dc5b5
6846,86.677892322,10.214979,30,v6,88000000ffffffffffffa8dd9f4dc5b5
6847,86.688157483,10.265161,30,v6,88000000ffffffffffffa8dd9f4dc5b5
6848,86.698210244,10.052761,30,v6,88000000ffffffffffffa8dd9f4dc5b5
6849,86.708499658,10.289414,30,v6,88000000ffffffffffffa8dd9f4dc5b5
6850,86.717552036,9.052378,30,v6,88000000ffffffffffffa8dd9f4dc5b5
6851,86.727798510,10.246474,30,v6,88000000ffffffffffffa8dd9f4dc5b5
6852,86.737933989,10.135479,30,v6,88000000ffffffffffffa8dd9f4dc5b5
6853,86.748082752,10.148763,30,v6,88000000ffffffffffffa8dd9f4dc5b5
6854,86.757934638,9.851886,30,v6,88000000ffffffffffffa8dd9f4dc5b5
6855,86.768261272,10.326634,30,v6,88000000ffffffffffffa8dd9f4dc5b5
6856,86.779480495,11.219223,30,v6,88000000ffffffffffffa8dd9f4dc5b5
6857,86.789819971,10.339476,30,v6,88000000ffffffffffffa8dd9f4dc5b5
6858,86.799771292,9.951321,30,v6,88000000ffffffffffffa8dd9f4dc5b5
6859,86.808833381,9.062089,30,v6,88000000ffffffffffffa8dd9f4dc5b5
6860,86.819195380,10.361999,30,v6,88000000ffffffffffffa8dd9f4dc5b5
6861,86.829434387,10.239007,30,v6,88000000ffffffffffffa8dd9f4dc5b5
6862,86.839542803,10.108416,30,v6,88000000ffffffffffffa8dd9f4dc5b5
6863,86.849853877,10.311074,30,v6,88000000ffffffffffffa8dd9f4dc5b5
6864,86.859711899,9.858022,30,v6,88000000ffffffffffffa8dd9f4dc5b5
6865,86.869845273,10.133374,30,v6,88000000ffffffffffffa8dd9f4dc5b5
6866,86.880065939,10.220666,30,v6,88000000ffffffffffffa8dd9f4dc5b5
6867,86.891228772,11.162833,30,v6,88000000ffffffffffffa8dd9f4dc5b5
6868,86.900572809,9.344037,30,v6,88000000ffffffffffffa8dd9f4dc5b5
6869,86.911771104,11.198295,30,v6,88000000ffffffffffffa8dd9f4dc5b5
6870,86.921013417,9.242313,30,v6,88000000ffffffffffffa8dd9f4dc5b5
6871,86.930744853,9.731436,30,v6,88000000ffffffffffffa8dd9f4dc5b5
6872,86.941106488,10.361635,30,v6,88000000ffffffffffffa8dd9f4dc5b5
6873,86.951100266,9.993778,30,v6,88000000ffffffffffffa8dd9f4dc5b5
6874,86.961468459,10.368193,30,v6,88000000ffffffffffffa8dd9f4dc5b5
6875,86.971415406,9.946947,30,v6,88000000ffffffffffffa8dd9f4dc5b5
6876,86.981644547,10.229141,30,v6,88000000ffffffffffffa8dd9f4dc5b5
6877,86.991859124,10.214577,30,v6,88000000ffffffffffffa8dd9f4dc5b5
6878,87.002236202,10.377078,30,v6,88000000ffffffffffffa8dd9f4dc5b5
6879,87.013147126,10.910924,30,v6,88000000ffffffffffffa8dd9f4dc5b5
6880,87.022379565,9.232439,30,v6,88000000ffffffffffffa8dd9f4dc5b5
6881,87.032499476,10.119911,30,v6,88000000ffffffffffffa8dd9f4dc5b5
6882,87.042518433,10.018957,30,v6,88000000ffffffffffffa8dd9f4dc5b5
6883,87.052624398,10.105965,30,v6,88000000ffffffffffffa8dd9f4dc5b5
6884,87.062811389,10.186991,30,v6,88000000ffffffffffffa8dd9f4dc5b5
6885,87.073040951,10.229562,30,v6,88000000ffffffffffffa8dd9f4dc5b5
6886,87.082375932,9.334981,30,v6,88000000ffffffffffffa8dd9f4dc5b5
6887,87.094477981,12.102049,30,v6,88000000ffffffffffffa8dd9f4dc5b5
6888,87.103669062,9.191081,30,v6,88000000ffffffffffffa8dd9f4dc5b5
6889,87.113677231,10.008169,30,v6,88000000ffffffffffffa8dd9f4dc5b5
6890,87.123875423,10.198192,30,v6,88000000ffffffffffffa8dd9f4dc5b5
6891,87.133946133,10.070710,30,v6,88000000ffffffffffffa8dd9f4dc5b5
6892,87.144371475,10.425342,30,v6,88000000ffffffffffffa8dd9f4dc5b5
6893,87.154341821,9.970346,30,v6,88000000ffffffffffffa8dd9f4dc5b5
6894,87.164404881,10.063060,30,v6,88000000ffffffffffffa8dd9f4dc5b5
6895,87.174580640,10.175759,30,v6,88000000ffffffffffffa8dd9f4dc5b5
6896,87.183703294,9.122654,30,v6,88000000ffffffffffffa8dd9f4dc5b5
6897,87.195076469,11.373175,30,v6,88000000ffffffffffffa8dd9f4dc5b5
6898,87.205168576,10.092107,30,v6,88000000ffffffffffffa8dd9f4dc5b5
6899,87.216456044,11.287468,30,v6,88000000ffffffffffffa8dd9f4dc5b5
6900,87.225576028,9.119984,30,v6,88000000ffffffffffffa8dd9f4dc5b5
6901,87.235769149,10.193121,30,v6,88000000ffffffffffffa8dd9f4dc5b5
6902,87.245702611,9.933462,30,v6,88000000ffffffffffffa8dd9f4dc5b5
6903,87.255989725,10.287114,30,v6,88000000ffffffffffffa8dd9f4dc5b5
6904,87.265939216,9.949491,30,v6,88000000ffffffffffffa8dd9f4dc5b5
6905,87.276341861,10.402645,30,v6,88000000ffffffffffffa8dd9f4dc5b5
6906,87.286397302,10.055441,30,v6,88000000ffffffffffffa8dd9f4dc5b5
6907,87.296745759,10.348457,30,v6,88000000ffffffffffffa8dd9f4dc5b5
6908,87.305802046,9.056287,30,v6,88000000ffffffffffffa8dd9f4dc5b5
6909,87.317978655,12.176609,30,v6,88000000ffffffffffffa8dd9f4dc5b5
6910,87.327049999,9.071344,30,v6,88000000ffffffffffffa8dd9f4dc5b5
6911,87.338492276,11.442277,30,v6,88000000ffffffffffffa8dd9f4dc5b5
6912,87.347536338,9.044062,30,v6,88000000ffffffffffffa8dd9f4dc5b5
6913,87.357744368,10.208030,30,v6,88000000ffffffffffffa8dd9f4dc5b5
6914,87.367630953,9.886585,30,v6,88000000ffffffffffffa8dd9f4dc5b5
6915,87.377972274,10.341321,30,v6,88000000ffffffffffffa8dd9f4dc5b5
6916,87.388062259,10.089985,30,v6,88000000ffffffffffffa8dd9f4dc5b5
6917,87.398219567,10.157308,30,v6,88000000ffffffffffffa8dd9f4dc5b5
6918,87.408297435,10.077868,30,v6,88000000ffffffffffffa8dd9f4dc5b5
6919,87.418502199,10.204764,30,v6,88000000ffffffffffffa8dd9f4dc5b5
6920,87.428771882,10.269683,30,v6,88000000ffffffffffffa8dd9f4dc5b5
6921,87.438934811,10.162929,30,v6,88000000ffffffffffffa8dd9f4dc5b5
6922,87.450026053,11.091242,30,v6,88000000ffffffffffffa8dd9f4dc5b5
6923,87.459285316,9.259263,30,v6,88000000ffffffffffffa8dd9f4dc5b5
6924,87.469311601,10.026285,30,v6,88000000ffffffffffffa8dd9f4dc5b5
6925,87.479470724,10.159123,30,v6,88000000ffffffffffffa8dd9f4dc5b5
6926,87.489582952,10.112228,30,v6,88000000ffffffffffffa8dd9f4dc5b5
6927,87.499761159,10.178207,30,v6,88000000ffffffffffffa8dd9f4dc5b5
6928,87.509873555,10.112396,30,v6,88000000ffffffffffffa8dd9f4dc5b5
6929,87.520059117,10.185562,30,v6,88000000ffffffffffffa8dd9f4dc5b5
6930,87.530232004,10.172887,30,v6,88000000ffffffffffffa8dd9f4dc5b5
6931,87.540472247,10.240243,30,v6,88000000ffffffffffffa8dd9f4dc5b5
6932,87.551583358,11.111111,30,v6,88000000ffffffffffffa8dd9f4dc5b5
6933,87.561777621,10.194263,30,v6,88000000ffffffffffffa8dd9f4dc5b5
6934,87.571868534,10.090913,30,v6,88000000ffffffffffffa8dd9f4dc5b5
6935,87.582103405,10.234871,30,v6,88000000ffffffffffffa8dd9f4dc5b5
6936,87.591447886,9.344481,30,v6,88000000ffffffffffffa8dd9f4dc5b5
6937,87.602440914,10.993028,30,v6,88000000ffffffffffffa8dd9f4dc5b5
6938,87.611535080,9.094166,30,v6,88000000ffffffffffffa8dd9f4dc5b5
6939,87.622087334,10.552254,30,v6,88000000ffffffffffffa8dd9f4dc5b5
6940,87.631924973,9.837639,30,v6,88000000ffffffffffffa8dd9f4dc5b5
6941,87.642187189,10.262216,30,v6,88000000ffffffffffffa8dd9f4dc5b5
6942,87.652372048,10.184859,30,v6,88000000ffffffffffffa8dd9f4dc5b5
6943,87.662440810,10.068762,30,v6,88000000ffffffffffffa8dd9f4dc5b5
6944,87.673805396,11.364586,30,v6,88000000ffffffffffffa8dd9f4dc5b5
6945,87.683966812,10.161416,30,v6,88000000ffffffffffffa8dd9f4dc5b5
6946,87.693895004,9.928192,30,v6,88000000ffffffffffffa8dd9f4dc5b5
6947,87.703146312,9.251308,30,v6,88000000ffffffffffffa8dd9f4dc5b5
6948,87.713185970,10.039658,30,v6,88000000ffffffffffffa8dd9f4dc5b5
6949,87.723617918,10.431948,30,v6,88000000ffffffffffffa8dd9f4dc5b5
6950,87.733656523,10.038605,30,v6,88000000ffffffffffffa8dd9f4dc5b5
6951,87.743558454,9.901931,30,v6,88000000ffffffffffffa8dd9f4dc5b5
6952,87.753928214,10.369760,30,v6,88000000ffffffffffffa8dd9f4dc5b5
6953,87.764046252,10.118038,30,v6,88000000ffffffffffffa8dd9f4dc5b5
6954,87.774982624,10.936372,30,v6,88000000ffffffffffffa8dd9f4dc5b5
6955,87.785457633,10.475009,30,v6,88000000ffffffffffffa8dd9f4dc5b5
6956,87.795510330,10.052697,30,v6,88000000ffffffffffffa8dd9f4dc5b5
6957,87.805708372,10.198042,30,v6,88000000ffffffffffffa8dd9f4dc5b5
6958,87.814630394,8.922022,30,v6,88000000ffffffffffffa8dd9f4dc5b5
6959,87.825060521,10.430127,30,v6,88000000ffffffffffffa8dd9f4dc5b5
6960,87.835218261,10.157740,30,v6,88000000ffffffffffffa8dd9f4dc5b5
6961,87.845418523,10.200262,30,v6,88000000ffffffffffffa8dd9f4dc5b5
6962,87.855585210,10.166687,30,v6,88000000ffffffffffffa8dd9f4dc5b5
6963,87.865484482,9.899272,30,v6,88000000ffffffffffffa8dd9f4dc5b5
6964,87.875770916,10.286434,30,v6,88000000ffffffffffffa8dd9f4dc5b5
6965,87.886000542,10.229626,30,v6,88000000ffffffffffffa8dd9f4dc5b5
6966,87.897243739,11.243197,30,v6,88000000ffffffffffffa8dd9f4dc5b5
6967,87.907535841,10.292102,30,v6,88000000ffffffffffffa8dd9f4dc5b5
6968,87.916523662,8.987821,30,v6,88000000ffffffffffffa8dd9f4dc5b5
6969,87.927735969,11.212307,30,v6,88000000ffffffffffffa8dd9f4dc5b5
6970,87.936866712,9.130743,30,v6,88000000ffffffffffffa8dd9f4dc5b5
6971,87.946910496,10.043784,30,v6,88000000ffffffffffffa8dd9f4dc5b5
6972,87.957110589,10.200093,30,v6,88000000ffffffffffffa8dd9f4dc5b5
6973,87.967125868,10.015279,30,v6,88000000ffffffffffffa8dd9f4dc5b5
6974,87.977531596,10.405728,30,v6,88000000ffffffffffffa8dd9f4dc5b5
6975,87.987403837,9.872241,30,v6,88000000ffffffffffffa8dd9f4dc5b5
6976,87.998974544,11.570707,30,v6,88000000ffffffffffffa8dd9f4dc5b5
6977,88.008030430,9.055886,30,v6,88000000ffffffffffffa8dd9f4dc5b5
6978,88.019064999,11.034569,30,v6,88000000ffffffffffffa8dd9f4dc5b5
6979,88.028414210,9.349211,30,v6,88000000ffffffffffffa8dd9f4dc5b5
6980,88.038387108,9.972898,30,v6,88000000ffffffffffffa8dd9f4dc5b5
6981,88.048733970,10.346862,30,v6,88000000ffffffffffffa8dd9f4dc5b5
6982,88.058710001,9.976031,30,v6,88000000ffffffffffffa8dd9f4dc5b5
6983,88.390209907,331.499906,30,v6,88000000ffffffffffffa8dd9f4dc5b5
6984,88.401043405,10.833498,30,v6,88000000ffffffffffffa8dd9f4dc5b5
6985,88.410155799,9.112394,30,v6,88000000ffffffffffffa8dd9f4dc5b5
6986,88.420488824,10.333025,30,v6,88000000ffffffffffffa8dd9f4dc5b5
6987,88.430757546,10.268722,30,v6,88000000ffffffffffffa8dd9f4dc5b5
6988,88.440657052,9.899506,30,v6,88000000ffffffffffffa8dd9f4dc5b5
6989,88.450956638,10.299586,30,v6,88000000ffffffffffffa8dd9f4dc5b5
6990,88.460005807,9.049169,30,v6,88000000ffffffffffffa8dd9f4dc5b5
6991,88.470536353,10.530546,30,v6,88000000ffffffffffffa8dd9f4dc5b5
6992,88.480533933,9.997580,30,v6,88000000ffffffffffffa8dd9f4dc5b5
6993,88.490596684,10.062751,30,v6,88000000ffffffffffffa8dd9f4dc5b5
6994,88.499830152,9.233468,30,v6,88000000ffffffffffffa8dd9f4dc5b5
6995,88.510855468,11.025316,30,v6,88000000ffffffffffffa8dd9f4dc5b5
6996,88.520835397,9.979929,30,v6,88000000ffffffffffffa8dd9f4dc5b5
6997,88.531177544,10.342147,30,v6,88000000ffffffffffffa8dd9f4dc5b5
6998,88.541348710,10.171166,30,v6,88000000ffffffffffffa8dd9f4dc5b5
6999,88.551530452,10.181742,30,v6,88000000ffffffffffffa8dd9f4dc5b5
7000,88.561949508,10.419056,30,v6,88000000ffffffffffffa8dd9f4dc5b5
7001,88.572053394,10.103886,30,v6,88000000ffffffffffffa8dd9f4dc5b5
7002,88.581039620,8.986226,30,v6,88000000ffffffffffffa8dd9f4dc5b5
7003,88.591046234,10.006614,30,v6,88000000ffffffffffffa8dd9f4dc5b5
7004,88.601236504,10.190270,30,v6,88000000ffffffffffffa8dd9f4dc5b5
7005,88.611386063,10.149559,30,v6,88000000ffffffffffffa8dd9f4dc5b5
7006,88.621611901,10.225838,30,v6,88000000ffffffffffffa8dd9f4dc5b5
7007,88.632051755,10.439854,30,v6,88000000ffffffffffffa8dd9f4dc5b5
7008,88.641919860,9.868105,30,v6,88000000ffffffffffffa8dd9f4dc5b5
7009,88.652103980,10.184120,30,v6,88000000ffffffffffffa8dd9f4dc5b5
7010,88.662215419,10.111439,30,v6,88000000ffffffffffffa8dd9f4dc5b5
7011,88.672433029,10.217610,30,v6,88000000ffffffffffffa8dd9f4dc5b5
7012,88.681600063,9.167034,30,v6,88000000ffffffffffffa8dd9f4dc5b5
7013,88.691543883,9.943820,30,v6,88000000ffffffffffffa8dd9f4dc5b5
7014,88.701690425,10.146542,30,v6,88000000ffffffffffffa8dd9f4dc5b5
7015,88.711934308,10.243883,30,v6,88000000ffffffffffffa8dd9f4dc5b5
7016,88.722286214,10.351906,30,v6,88000000ffffffffffffa8dd9f4dc5b5
7017,88.732294168,10.007954,30,v6,88000000ffffffffffffa8dd9f4dc5b5
7018,88.742506375,10.212207,30,v6,88000000ffffffffffffa8dd9f4dc5b5
7019,88.752513444,10.007069,30,v6,88000000ffffffffffffa8dd9f4dc5b5
7020,88.762861537,10.348093,30,v6,88000000ffffffffffffa8dd9f4dc5b5
7021,88.773132727,10.271190,30,v6,88000000ffffffffffffa8dd9f4dc5b5
7022,88.783137197,10.004470,30,v6,88000000ffffffffffffa8dd9f4dc5b5
7023,88.793231061,10.093864,30,v6,88000000ffffffffffffa8dd9f4dc5b5
7024,88.802411198,9.180137,30,v6,88000000ffffffffffffa8dd9f4dc5b5
7025,88.812801017,10.389819,30,v6,88000000ffffffffffffa8dd9f4dc5b5
7026,88.822875612,10.074595,30,v6,88000000ffffffffffffa8dd9f4dc5b5
7027,88.832707408,9.831796,30,v6,88000000ffffffffffffa8dd9f4dc5b5
7028,88.841931964,9.224556,30,v6,88000000ffffffffffffa8dd9f4dc5b5
7029,88.853206344,11.274380,30,v6,88000000ffffffffffffa8dd9f4dc5b5
7030,88.863347262,10.140918,30,v6,88000000ffffffffffffa8dd9f4dc5b5
7031,88.873551867,10.204605,30,v6,88000000ffffffffffffa8dd9f4dc5b5
7032,88.883842305,10.290438,30,v6,88000000ffffffffffffa8dd9f4dc5b5
7033,88.893870616,10.028311,30,v6,88000000ffffffffffffa8dd9f4dc5b5
7034,88.904050787,10.180171,30,v6,88000000ffffffffffffa8dd9f4dc5b5
7035,88.913262283,9.211496,30,v6,88000000ffffffffffffa8dd9f4dc5b5
7036,88.923614542,10.352259,30,v6,88000000ffffffffffffa8dd9f4dc5b5
7037,88.933582041,9.967499,30,v6,88000000ffffffffffffa8dd9f4dc5b5
7038,88.943517720,9.935679,30,v6,88000000ffffffffffffa8dd9f4dc5b5
7039,88.953729955,10.212235,30,v6,88000000ffffffffffffa8dd9f4dc5b5
7040,88.964067373,10.337418,30,v6,88000000ffffffffffffa8dd9f4dc5b5
7041,88.974484446,10.417073,30,v6,88000000ffffffffffffa8dd9f4dc5b5
7042,88.984255706,9.771260,30,v6,88000000ffffffffffffa8dd9f4dc5b5
7043,88.994570473,10.314767,30,v6,88000000ffffffffffffa8dd9f4dc5b5
7044,89.004700511,10.130038,30,v6,88000000ffffffffffffa8dd9f4dc5b5
7045,89.015053312,10.352801,30,v6,88000000ffffffffffffa8dd9f4dc5b5
7046,89.023989871,8.936559,30,v6,88000000ffffffffffffa8dd9f4dc5b5
7047,89.033890541,9.900670,30,v6,88000000ffffffffffffa8dd9f4dc5b5
7048,89.044173064,10.282523,30,v6,88000000ffffffffffffa8dd9f4dc5b5
7049,89.054233977,10.060913,30,v6,88000000ffffffffffffa8dd9f4dc5b5
7050,89.064581355,10.347378,30,v6,88000000ffffffffffffa8dd9f4dc5b5
7051,89.073668597,9.087242,30,v6,88000000ffffffffffffa8dd9f4dc5b5
7052,89.084651293,10.982696,30,v6,88000000ffffffffffffa8dd9f4dc5b5
7053,89.094852416,10.201123,30,v6,88000000ffffffffffffa8dd9f4dc5b5
7054,89.105041779,10.189363,30,v6,88000000ffffffffffffa8dd9f4dc5b5
7055,89.115403176,10.361397,30,v6,88000000ffffffffffffa8dd9f4dc5b5
7056,89.124422957,9.019781,30,v6,88000000ffffffffffffa8dd9f4dc5b5
7057,89.134498932,10.075975,30,v6,88000000ffffffffffffa8dd9f4dc5b5
7058,89.144971958,10.473026,30,v6,88000000ffffffffffffa8dd9f4dc5b5
7059,89.153963812,8.991854,30,v6,88000000ffffffffffffa8dd9f4dc5b5
7060,89.165129573,11.165761,30,v6,88000000ffffffffffffa8dd9f4dc5b5
7061,89.174134174,9.004601,30,v6,88000000ffffffffffffa8dd9f4dc5b5
7062,89.184181836,10.047662,30,v6,88000000ffffffffffffa8dd9f4dc5b5
7063,89.194823132,10.641296,30,v6,88000000ffffffffffffa8dd9f4dc5b5
7064,89.205727653,10.904521,30,v6,88000000ffffffffffffa8dd9f4dc5b5
7065,89.216162002,10.434349,30,v6,88000000ffffffffffffa8dd9f4dc5b5
7066,89.225957558,9.795556,30,v6,88000000ffffffffffffa8dd9f4dc5b5
7067,89.235217877,9.260319,30,v6,88000000ffffffffffffa8dd9f4dc5b5
7068,89.245207105,9.989228,30,v6,88000000ffffffffffffa8dd9f4dc5b5
7069,89.255593441,10.386336,30,v6,88000000ffffffffffffa8dd9f4dc5b5
7070,89.265904760,10.311319,30,v6,88000000ffffffffffffa8dd9f4dc5b5
7071,89.275024335,9.119575,30,v6,88000000ffffffffffffa8dd9f4dc5b5
7072,89.284857089,9.832754,30,v6,88000000ffffffffffffa8dd9f4dc5b5
7073,89.294993243,10.136154,30,v6,88000000ffffffffffffa8dd9f4dc5b5
7074,89.305317136,10.323893,30,v6,88000000ffffffffffffa8dd9f4dc5b5
7075,89.315393261,10.076125,30,v6,88000000ffffffffffffa8dd9f4dc5b5
7076,89.326556348,11.163087,30,v6,88000000ffffffffffffa8dd9f4dc5b5
7077,89.335757234,9.200886,30,v6,88000000ffffffffffffa8dd9f4dc5b5
7078,89.345952299,10.195065,30,v6,88000000ffffffffffffa8dd9f4dc5b5
7079,89.355991957,10.039658,30,v6,88000000ffffffffffffa8dd9f4dc5b5
7080,89.365153458,9.161501,30,v6,88000000ffffffffffffa8dd9f4dc5b5
7081,89.376363603,11.210145,30,v6,88000000ffffffffffffa8dd9f4dc5b5
7082,89.385737986,9.374383,30,v6,88000000ffffffffffffa8dd9f4dc5b5
7083,89.395695209,9.957223,30,v6,88000000ffffffffffffa8dd9f4dc5b5
7084,89.405844874,10.149665,30,v6,88000000ffffffffffffa8dd9f4dc5b5
7085,89.416043415,10.198541,30,v6,88000000ffffffffffffa8dd9f4dc5b5
7086,89.427223679,11.180264,30,v6,88000000ffffffffffffa8dd9f4dc5b5
7087,89.436384956,9.161277,30,v6,88000000ffffffffffffa8dd9f4dc5b5
7088,89.446693723,10.308767,30,v6,88000000ffffffffffffa8dd9f4dc5b5
7089,89.456792523,10.098800,30,v6,88000000ffffffffffffa8dd9f4dc5b5
7090,89.467035020,10.242497,30,v6,88000000ffffffffffffa8dd9f4dc5b5
7091,89.476947888,9.912868,30,v6,88000000ffffffffffffa8dd9f4dc5b5
7092,89.486083614,9.135726,30,v6,88000000ffffffffffffa8dd9f4dc5b5
7093,89.496326350,10.242736,30,v6,88000000ffffffffffffa8dd9f4dc5b5
7094,89.506661395,10.335045,30,v6,88000000ffffffffffffa8dd9f4dc5b5
7095,89.516742453,10.081058,30,v6,88000000ffffffffffffa8dd9f4dc5b5
7096,89.526815389,10.072936,30,v6,88000000ffffffffffffa8dd9f4dc5b5
7097,89.536866816,10.051427,30,v6,88000000ffffffffffffa8dd9f4dc5b5
7098,89.547008526,10.141710,30,v6,88000000ffffffffffffa8dd9f4dc5b5
7099,89.557370087,10.361561,30,v6,88000000ffffffffffffa8dd9f4dc5b5
7100,89.567439411,10.069324,30,v6,88000000ffffffffffffa8dd9f4dc5b5
7101,89.577635047,10.195636,30,v6,88000000ffffffffffffa8dd9f4dc5b5
7102,89.586940278,9.305231,30,v6,88000000ffffffffffffa8dd9f4dc5b5
7103,89.596990421,10.050143,30,v6,88000000ffffffffffffa8dd9f4dc5b5
7104,89.607088737,10.098316,30,v6,88000000ffffffffffffa8dd9f4dc5b5
7105,89.617184624,10.095887,30,v6,88000000ffffffffffffa8dd9f4dc5b5
7106,89.627270359,10.085735,30,v6,88000000ffffffffffffa8dd9f4dc5b5
7107,89.637504806,10.234447,30,v6,88000000ffffffffffffa8dd9f4dc5b5
7108,89.647666732,10.161926,30,v6,88000000ffffffffffffa8dd9f4dc5b5
7109,89.657866467,10.199735,30,v6,88000000ffffffffffffa8dd9f4dc5b5
7110,89.669135778,11.269311,30,v6,88000000ffffffffffffa8dd9f4dc5b5
7111,89.678063763,8.927985,30,v6,88000000ffffffffffffa8dd9f4dc5b5
7112,89.688321471,10.257708,30,v6,88000000ffffffffffffa8dd9f4dc5b5
7113,89.698473438,10.151967,30,v6,88000000ffffffffffffa8dd9f4dc5b5
7114,89.708686386,10.212948,30,v6,88000000ffffffffffffa8dd9f4dc5b5
7115,89.717775978,9.089592,30,v6,88000000ffffffffffffa8dd9f4dc5b5
7116,89.727839109,10.063131,30,v6,88000000ffffffffffffa8dd9f4dc5b5
7117,89.737990057,10.150948,30,v6,88000000ffffffffffffa8dd9f4dc5b5
7118,89.748552554,10.562497,30,v6,88000000ffffffffffffa8dd9f4dc5b5
7119,89.759542089,10.989535,30,v6,88000000ffffffffffffa8dd9f4dc5b5
7120,89.769619754,10.077665,30,v6,88000000ffffffffffffa8dd9f4dc5b5
7121,89.778830049,9.210295,30,v6,88000000ffffffffffffa8dd9f4dc5b5
7122,89.788902061,10.072012,30,v6,88000000ffffffffffffa8dd9f4dc5b5
7123,89.799111931,10.209870,30,v6,88000000ffffffffffffa8dd9f4dc5b5
7124,89.809358230,10.246299,30,v6,88000000ffffffffffffa8dd9f4dc5b5
7125,89.818403285,9.045055,30,v6,88000000ffffffffffffa8dd9f4dc5b5
7126,89.828399894,9.996609,30,v6,88000000ffffffffffffa8dd9f4dc5b5
7127,89.838720698,10.320804,30,v6,88000000ffffffffffffa8dd9f4dc5b5
7128,89.848732569,10.011871,30,v6,88000000ffffffffffffa8dd9f4dc5b5
7129,89.858932381,10.199812,30,v6,88000000ffffffffffffa8dd9f4dc5b5
7130,89.868129931,9.197550,30,v6,88000000ffffffffffffa8dd9f4dc5b5
7131,89.880564619,12.434688,30,v6,88000000ffffffffffffa8dd9f4dc5b5
7132,89.889723781,9.159162,30,v6,88000000ffffffffffffa8dd9f4dc5b5
7133,89.899735995,10.012214,30,v6,88000000ffffffffffffa8dd9f4dc5b5
7134,89.909843203,10.107208,30,v6,88000000ffffffffffffa8dd9f4dc5b5
7135,89.919877427,10.034224,30,v6,88000000ffffffffffffa8dd9f4dc5b5
7136,89.929200912,9.323485,30,v6,88000000ffffffffffffa8dd9f4dc5b5
7137,89.939311871,10.110959,30,v6,88000000ffffffffffffa8dd9f4dc5b5
7138,89.949607621,10.295750,30,v6,88000000ffffffffffffa8dd9f4dc5b5
7139,89.959535512,9.927891,30,v6,88000000ffffffffffffa8dd9f4dc5b5
7140,89.970065760,10.530248,30,v6,88000000ffffffffffffa8dd9f4dc5b5
7141,89.978731216,8.665456,30,v6,88000000ffffffffffffa8dd9f4dc5b5
7142,89.989027534,10.296318,30,v6,88000000ffffffffffffa8dd9f4dc5b5
7143,90.000132484,11.104950,30,v6,88000000ffffffffffffa8dd9f4dc5b5
7144,90.010227672,10.095188,30,v6,88000000ffffffffffffa8dd9f4dc5b5
7145,90.020455142,10.227470,30,v6,88000000ffffffffffffa8dd9f4dc5b5
7146,90.030832052,10.376910,30,v6,88000000ffffffffffffa8dd9f4dc5b5
7147,90.040824994,9.992942,30,v6,88000000ffffffffffffa8dd9f4dc5b5
7148,90.049895017,9.070023,30,v6,88000000ffffffffffffa8dd9f4dc5b5
7149,90.060070260,10.175243,30,v6,88000000ffffffffffffa8dd9f4dc5b5
7150,90.070407033,10.336773,30,v6,88000000ffffffffffffa8dd9f4dc5b5
7151,90.079396875,8.989842,30,v6,88000000ffffffffffffa8dd9f4dc5b5
7152,90.090738785,11.341910,30,v6,88000000ffffffffffffa8dd9f4dc5b5
7153,90.099770909,9.032124,30,v6,88000000ffffffffffffa8dd9f4dc5b5
7154,90.111029008,11.258099,30,v6,88000000ffffffffffffa8dd9f4dc5b5
7155,90.120927922,9.898914,30,v6,88000000ffffffffffffa8dd9f4dc5b5
7156,90.131395367,10.467445,30,v6,88000000ffffffffffffa8dd9f4dc5b5
7157,90.141328080,9.932713,30,v6,88000000ffffffffffffa8dd9f4dc5b5
7158,90.150481300,9.153220,30,v6,88000000ffffffffffffa8dd9f4dc5b5
7159,90.160800113,10.318813,30,v6,88000000ffffffffffffa8dd9f4dc5b5
7160,90.170646802,9.846689,30,v6,88000000ffffffffffffa8dd9f4dc5b5
7161,90.181072257,10.425455,30,v6,88000000ffffffffffffa8dd9f4dc5b5
7162,90.191185602,10.113345,30,v6,88000000ffffffffffffa8dd9f4dc5b5
7163,90.200313221,9.127619,30,v6,88000000ffffffffffffa8dd9f4dc5b5
7164,90.210454455,10.141234,30,v6,88000000ffffffffffffa8dd9f4dc5b5
7165,90.220748277,10.293822,30,v6,88000000ffffffffffffa8dd9f4dc5b5
7166,90.231893039,11.144762,30,v6,88000000ffffffffffffa8dd9f4dc5b5
7167,90.241911809,10.018770,30,v6,88000000ffffffffffffa8dd9f4dc5b5
7168,90.252325981,10.414172,30,v6,88000000ffffffffffffa8dd9f4dc5b5
7169,90.261375531,9.049550,30,v6,88000000ffffffffffffa8dd9f4dc5b5
7170,90.271701183,10.325652,30,v6,88000000ffffffffffffa8dd9f4dc5b5
7171,90.281767651,10.066468,30,v6,88000000ffffffffffffa8dd9f4dc5b5
7172,90.291753858,9.986207,30,v6,88000000ffffffffffffa8dd9f4dc5b5
7173,90.300931644,9.177786,30,v6,88000000ffffffffffffa8dd9f4dc5b5
7174,90.312178346,11.246702,30,v6,88000000ffffffffffffa8dd9f4dc5b5
7175,90.321416907,9.238561,30,v6,88000000ffffffffffffa8dd9f4dc5b5
7176,90.331606866,10.189959,30,v6,88000000ffffffffffffa8dd9f4dc5b5
7177,90.341642191,10.035325,30,v6,88000000ffffffffffffa8dd9f4dc5b5
7178,90.351786359,10.144168,30,v6,88000000ffffffffffffa8dd9f4dc5b5
7179,90.361825864,10.039505,30,v6,88000000ffffffffffffa8dd9f4dc5b5
7180,90.371970815,10.144951,30,v6,88000000ffffffffffffa8dd9f4dc5b5
7181,90.383250161,11.279346,30,v6,88000000ffffffffffffa8dd9f4dc5b5
7182,90.393364010,10.113849,30,v6,88000000ffffffffffffa8dd9f4dc5b5
7183,90.402615306,9.251296,30,v6,88000000ffffffffffffa8dd9f4dc5b5
7184,90.412860366,10.245060,30,v6,88000000ffffffffffffa8dd9f4dc5b5
7185,90.422790722,9.930356,30,v6,88000000ffffffffffffa8dd9f4dc5b5
7186,90.432104470,9.313748,30,v6,88000000ffffffffffffa8dd9f4dc5b5
7187,90.443318646,11.214176,30,v6,88000000ffffffffffffa8dd9f4dc5b5
7188,90.452375047,9.056401,30,v6,88000000ffffffffffffa8dd9f4dc5b5
7189,90.462667637,10.292590,30,v6,88000000ffffffffffffa8dd9f4dc5b5
7190,90.472689958,10.022321,30,v6,88000000ffffffffffffa8dd9f4dc5b5
7191,90.482753447,10.063489,30,v6,88000000ffffffffffffa8dd9f4dc5b5
7192,90.494126827,11.373380,30,v6,88000000ffffffffffffa8dd9f4dc5b5
7193,90.504230522,10.103695,30,v6,88000000ffffffffffffa8dd9f4dc5b5
7194,90.513481885,9.251363,30,v6,88000000ffffffffffffa8dd9f4dc5b5
7195,90.523645948,10.164063,30,v6,88000000ffffffffffffa8dd9f4dc5b5
7196,90.533498706,9.852758,30,v6,88000000ffffffffffffa8dd9f4dc5b5
7197,90.542996652,9.497946,30,v6,88000000ffffffffffffa8dd9f4dc5b5
7198,90.553899511,10.902859,30,v6,88000000ffffffffffffa8dd9f4dc5b5
7199,90.563061878,9.162367,30,v6,88000000ffffffffffffa8dd9f4dc5b5
7200,90.573432862,10.370984,30,v6,88000000ffffffffffffa8dd9f4dc5b5
7201,90.583436710,10.003848,30,v6,88000000ffffffffffffa8dd9f4dc5b5
7202,90.593528299,10.091589,30,v6,88000000ffffffffffffa8dd9f4dc5b5
7203,90.604688794,11.160495,30,v6,88000000ffffffffffffa8dd9f4dc5b5
7204,90.614043581,9.354787,30,v6,88000000ffffffffffffa8dd9f4dc5b5
7205,90.624094267,10.050686,30,v6,88000000ffffffffffffa8dd9f4dc5b5
7206,90.634245363,10.151096,30,v6,88000000ffffffffffffa8dd9f4dc5b5
7207,90.644289066,10.043703,30,v6,88000000ffffffffffffa8dd9f4dc5b5
7208,90.654582370,10.293304,30,v6,88000000ffffffffffffa8dd9f4dc5b5
7209,90.663816483,9.234113,30,v6,88000000ffffffffffffa8dd9f4dc5b5
7210,90.673769050,9.952567,30,v6,88000000ffffffffffffa8dd9f4dc5b5
7211,90.683814818,10.045768,30,v6,88000000ffffffffffffa8dd9f4dc5b5
7212,90.693087511,9.272693,30,v6,88000000ffffffffffffa8dd9f4dc5b5
7213,90.704545763,11.458252,30,v6,88000000ffffffffffffa8dd9f4dc5b5
7214,90.713433159,8.887396,30,v6,88000000ffffffffffffa8dd9f4dc5b5
7215,90.723701217,10.268058,30,v6,88000000ffffffffffffa8dd9f4dc5b5
7216,90.733855243,10.154026,30,v6,88000000ffffffffffffa8dd9f4dc5b5
7217,90.743909587,10.054344,30,v6,88000000ffffffffffffa8dd9f4dc5b5
7218,90.755317344,11.407757,30,v6,88000000ffffffffffffa8dd9f4dc5b5
7219,90.765652150,10.334806,30,v6,88000000ffffffffffffa8dd9f4dc5b5
7220,90.775523851,9.871701,30,v6,88000000ffffffffffffa8dd9f4dc5b5
7221,90.785553190,10.029339,30,v6,88000000ffffffffffffa8dd9f4dc5b5
7222,90.794804410,9.251220,30,v6,88000000ffffffffffffa8dd9f4dc5b5
7223,90.804927820,10.123410,30,v6,88000000ffffffffffffa8dd9f4dc5b5
7224,90.815041669,10.113849,30,v6,88000000ffffffffffffa8dd9f4dc5b5
7225,90.825053692,10.012023,30,v6,88000000ffffffffffffa8dd9f4dc5b5
7226,90.834408632,9.354940,30,v6,88000000ffffffffffffa8dd9f4dc5b5
7227,90.844582531,10.173899,30,v6,88000000ffffffffffffa8dd9f4dc5b5
7228,90.854614703,10.032172,30,v6,88000000ffffffffffffa8dd9f4dc5b5
7229,90.864854938,10.240235,30,v6,88000000ffffffffffffa8dd9f4dc5b5
7230,90.874963676,10.108738,30,v6,88000000ffffffffffffa8dd9f4dc5b5
7231,90.886165694,11.202018,30,v6,88000000ffffffffffffa8dd9f4dc5b5
7232,90.895352337,9.186643,30,v6,88000000ffffffffffffa8dd9f4dc5b5
7233,90.905454868,10.102531,30,v6,88000000ffffffffffffa8dd9f4dc5b5
7234,90.915880181,10.425313,30,v6,88000000ffffffffffffa8dd9f4dc5b5
7235,90.925791122,9.910941,30,v6,88000000ffffffffffffa8dd9f4dc5b5
7236,90.935736837,9.945715,30,v6,88000000ffffffffffffa8dd9f4dc5b5
7237,90.944987561,9.250724,30,v6,88000000ffffffffffffa8dd9f4dc5b5
7238,90.955430814,10.443253,30,v6,88000000ffffffffffffa8dd9f4dc5b5
7239,90.965510413,10.079599,30,v6,88000000ffffffffffffa8dd9f4dc5b5
7240,90.975464065,9.953652,30,v6,88000000ffffffffffffa8dd9f4dc5b5
7241,90.985731651,10.267586,30,v6,88000000ffffffffffffa8dd9f4dc5b5
7242,90.995090987,9.359336,30,v6,88000000ffffffffffffa8dd9f4dc5b5
7243,91.007249438,12.158451,30,v6,88000000ffffffffffffa8dd9f4dc5b5
7244,91.016224549,8.975111,30,v6,88000000ffffffffffffa8dd9f4dc5b5
7245,91.026454184,10.229635,30,v6,88000000ffffffffffffa8dd9f4dc5b5
7246,91.036540872,10.086688,30,v6,88000000ffffffffffffa8dd9f4dc5b5
7247,91.046036561,9.495689,30,v6,88000000ffffffffffffa8dd9f4dc5b5
7248,91.056879489,10.842928,30,v6,88000000ffffffffffffa8dd9f4dc5b5
7249,91.066053078,9.173589,30,v6,88000000ffffffffffffa8dd9f4dc5b5
7250,91.076061383,10.008305,30,v6,88000000ffffffffffffa8dd9f4dc5b5
7251,91.086426467,10.365084,30,v6,88000000ffffffffffffa8dd9f4dc5b5
7252,91.096743933,10.317466,30,v6,88000000ffffffffffffa8dd9f4dc5b5
7253,91.106755526,10.011593,30,v6,88000000ffffffffffffa8dd9f4dc5b5
7254,91.116840191,10.084665,30,v6,88000000ffffffffffffa8dd9f4dc5b5
7255,91.127166013,10.325822,30,v6,88000000ffffffffffffa8dd9f4dc5b5
7256,91.137034239,9.868226,30,v6,88000000ffffffffffffa8dd9f4dc5b5
7257,91.147405614,10.371375,30,v6,88000000ffffffffffffa8dd9f4dc5b5
7258,91.157598089,10.192475,30,v6,88000000ffffffffffffa8dd9f4dc5b5
7259,91.167664856,10.066767,30,v6,88000000ffffffffffffa8dd9f4dc5b5
7260,91.177114009,9.449153,30,v6,88000000ffffffffffffa8dd9f4dc5b5
7261,91.187007100,9.893091,30,v6,88000000ffffffffffffa8dd9f4dc5b5
7262,91.197037755,10.030655,30,v6,88000000ffffffffffffa8dd9f4dc5b5
7263,91.207623181,10.585426,30,v6,88000000ffffffffffffa8dd9f4dc5b5
7264,91.216525791,8.902610,30,v6,88000000ffffffffffffa8dd9f4dc5b5
7265,91.226645014,10.119223,30,v6,88000000ffffffffffffa8dd9f4dc5b5
7266,91.236993404,10.348390,30,v6,88000000ffffffffffffa8dd9f4dc5b5
7267,91.247014922,10.021518,30,v6,88000000ffffffffffffa8dd9f4dc5b5
7268,91.258027192,11.012270,30,v6,88000000ffffffffffffa8dd9f4dc5b5
7269,91.268184785,10.157593,30,v6,88000000ffffffffffffa8dd9f4dc5b5
7270,91.278590138,10.405353,30,v6,88000000ffffffffffffa8dd9f4dc5b5
7271,91.287671681,9.081543,30,v6,88000000ffffffffffffa8dd9f4dc5b5
7272,91.297897047,10.225366,30,v6,88000000ffffffffffffa8dd9f4dc5b5
7273,91.307783391,9.886344,30,v6,88000000ffffffffffffa8dd9f4dc5b5
7274,91.317827249,10.043858,30,v6,88000000ffffffffffffa8dd9f4dc5b5
7275,91.328157631,10.330382,30,v6,88000000ffffffffffffa8dd9f4dc5b5
7276,91.337477141,9.319510,30,v6,88000000ffffffffffffa8dd9f4dc5b5
7277,91.347678471,10.201330,30,v6,88000000ffffffffffffa8dd9f4dc5b5
7278,91.357623580,9.945109,30,v6,88000000ffffffffffffa8dd9f4dc5b5
7279,91.367637707,10.014127,30,v6,88000000ffffffffffffa8dd9f4dc5b5
7280,91.377877720,10.240013,30,v6,88000000ffffffffffffa8dd9f4dc5b5
7281,91.389100083,11.222363,30,v6,88000000ffffffffffffa8dd9f4dc5b5
7282,91.398202354,9.102271,30,v6,88000000ffffffffffffa8dd9f4dc5b5
7283,91.408598732,10.396378,30,v6,88000000ffffffffffffa8dd9f4dc5b5
7284,91.418744862,10.146130,30,v6,88000000ffffffffffffa8dd9f4dc5b5
7285,91.428688220,9.943358,30,v6,88000000ffffffffffffa8dd9f4dc5b5
7286,91.438946558,10.258338,30,v6,88000000ffffffffffffa8dd9f4dc5b5
7287,91.448015503,9.068945,30,v6,88000000ffffffffffffa8dd9f4dc5b5
7288,91.458307483,10.291980,30,v6,88000000ffffffffffffa8dd9f4dc5b5
7289,91.468414572,10.107089,30,v6,88000000ffffffffffffa8dd9f4dc5b5
7290,91.478607150,10.192578,30,v6,88000000ffffffffffffa8dd9f4dc5b5
7291,91.488672976,10.065826,30,v6,88000000ffffffffffffa8dd9f4dc5b5
7292,91.498788149,10.115173,30,v6,88000000ffffffffffffa8dd9f4dc5b5
7293,91.508874794,10.086645,30,v6,88000000ffffffffffffa8dd9f4dc5b5
7294,91.519022550,10.147756,30,v6,88000000ffffffffffffa8dd9f4dc5b5
7295,91.529150493,10.127943,30,v6,88000000ffffffffffffa8dd9f4dc5b5
7296,91.538381544,9.231051,30,v6,88000000ffffffffffffa8dd9f4dc5b5
7297,91.548608774,10.227230,30,v6,88000000ffffffffffffa8dd9f4dc5b5
7298,91.558800480,10.191706,30,v6,88000000ffffffffffffa8dd9f4dc5b5
7299,91.568693710,9.893230,30,v6,88000000ffffffffffffa8dd9f4dc5b5
7300,91.579128300,10.434590,30,v6,88000000ffffffffffffa8dd9f4dc5b5
7301,91.588293966,9.165666,30,v6,88000000ffffffffffffa8dd9f4dc5b5
7302,91.600492127,12.198161,30,v6,88000000ffffffffffffa8dd9f4dc5b5
7303,91.609737381,9.245254,30,v6,88000000ffffffffffffa8dd9f4dc5b5
7304,91.619840745,10.103364,30,v6,88000000ffffffffffffa8dd9f4dc5b5
7305,91.629942969,10.102224,30,v6,88000000ffffffffffffa8dd9f4dc5b5
7306,91.640038346,10.095377,30,v6,88000000ffffffffffffa8dd9f4dc5b5
7307,91.650229178,10.190832,30,v6,88000000ffffffffffffa8dd9f4dc5b5
7308,91.660350843,10.121665,30,v6,88000000ffffffffffffa8dd9f4dc5b5
7309,91.670441708,10.090865,30,v6,88000000ffffffffffffa8dd9f4dc5b5
7310,91.679783884,9.342176,30,v6,88000000ffffffffffffa8dd9f4dc5b5
7311,91.689808954,10.025070,30,v6,88000000ffffffffffffa8dd9f4dc5b5
7312,91.700068988,10.260034,30,v6,88000000ffffffffffffa8dd9f4dc5b5
7313,91.711259412,11.190424,30,v6,88000000ffffffffffffa8dd9f4dc5b5
7314,91.720318928,9.059516,30,v6,88000000ffffffffffffa8dd9f4dc5b5
7315,91.730479278,10.160350,30,v6,88000000ffffffffffffa8dd9f4dc5b5
7316,91.740729479,10.250201,30,v6,88000000ffffffffffffa8dd9f4dc5b5
7317,91.750620311,9.890832,30,v6,88000000ffffffffffffa8dd9f4dc5b5
7318,91.760936141,10.315830,30,v6,88000000ffffffffffffa8dd9f4dc5b5
7319,91.771252466,10.316325,30,v6,88000000ffffffffffffa8dd9f4dc5b5
7320,91.781322326,10.069860,30,v6,88000000ffffffffffffa8dd9f4dc5b5
7321,91.790680100,9.357774,30,v6,88000000ffffffffffffa8dd9f4dc5b5
7322,91.800484021,9.803921,30,v6,88000000ffffffffffffa8dd9f4dc5b5
7323,91.810566359,10.082338,30,v6,88000000ffffffffffffa8dd9f4dc5b5
7324,91.820726801,10.160442,30,v6,88000000ffffffffffffa8dd9f4dc5b5
7325,91.832211042,11.484241,30,v6,88000000ffffffffffffa8dd9f4dc5b5
7326,91.842493459,10.282417,30,v6,88000000ffffffffffffa8dd9f4dc5b5
7327,91.851291936,8.798477,30,v6,88000000ffffffffffffa8dd9f4dc5b5
7328,91.861568548,10.276612,30,v6,88000000ffffffffffffa8dd9f4dc5b5
7329,91.871816661,10.248113,30,v6,88000000ffffffffffffa8dd9f4dc5b5
7330,91.881910453,10.093792,30,v6,88000000ffffffffffffa8dd9f4dc5b5
7331,91.891015821,9.105368,30,v6,88000000ffffffffffffa8dd9f4dc5b5
7332,91.901070620,10.054799,30,v6,88000000ffffffffffffa8dd9f4dc5b5
7333,91.911617975,10.547355,30,v6,88000000ffffffffffffa8dd9f4dc5b5
7334,91.921651411,10.033436,30,v6,88000000ffffffffffffa8dd9f4dc5b5
7335,91.931814807,10.163396,30,v6,88000000ffffffffffffa8dd9f4dc5b5
7336,91.941908082,10.093275,30,v6,88000000ffffffffffffa8dd9f4dc5b5
7337,91.951931955,10.023873,30,v6,88000000ffffffffffffa8dd9f4dc5b5
7338,91.962123466,10.191511,30,v6,88000000ffffffffffffa8dd9f4dc5b5
7339,91.972340300,10.216834,30,v6,88000000ffffffffffffa8dd9f4dc5b5
7340,91.982572108,10.231808,30,v6,88000000ffffffffffffa8dd9f4dc5b5
7341,91.992878420,10.306312,30,v6,88000000ffffffffffffa8dd9f4dc5b5
7342,92.001662207,8.783787,30,v6,88000000ffffffffffffa8dd9f4dc5b5
7343,92.011710435,10.048228,30,v6,88000000ffffffffffffa8dd9f4dc5b5
7344,92.021873783,10.163348,30,v6,88000000ffffffffffffa8dd9f4dc5b5
7345,92.032343828,10.470045,30,v6,88000000ffffffffffffa8dd9f4dc5b5
7346,92.041433227,9.089399,30,v6,88000000ffffffffffffa8dd9f4dc5b5
7347,92.052564021,11.130794,30,v6,88000000ffffffffffffa8dd9f4dc5b5
7348,92.062871955,10.307934,30,v6,88000000ffffffffffffa8dd9f4dc5b5
7349,92.073256502,10.384547,30,v6,88000000ffffffffffffa8dd9f4dc5b5
7350,92.083004504,9.748002,30,v6,88000000ffffffffffffa8dd9f4dc5b5
7351,92.093395615,10.391111,30,v6,88000000ffffffffffffa8dd9f4dc5b5
7352,92.110626078,17.230463,30,v6,88000000ffffffffffffa8dd9f4dc5b5
7353,92.120866385,10.240307,30,v6,88000000ffffffffffffa8dd9f4dc5b5
7354,92.130711176,9.844791,30,v6,88000000ffffffffffffa8dd9f4dc5b5
7355,92.140767428,10.056252,30,v6,88000000ffffffffffffa8dd9f4dc5b5
7356,92.151154740,10.387312,30,v6,88000000ffffffffffffa8dd9f4dc5b5
7357,92.160122445,8.967705,30,v6,88000000ffffffffffffa8dd9f4dc5b5
7358,92.170470116,10.347671,30,v6,88000000ffffffffffffa8dd9f4dc5b5
7359,92.181398410,10.928294,30,v6,88000000ffffffffffffa8dd9f4dc5b5
7360,92.191844050,10.445640,30,v6,88000000ffffffffffffa8dd9f4dc5b5
7361,92.201770151,9.926101,30,v6,88000000ffffffffffffa8dd9f4dc5b5
7362,92.212014052,10.243901,30,v6,88000000ffffffffffffa8dd9f4dc5b5
7363,92.221249033,9.234981,30,v6,88000000ffffffffffffa8dd9f4dc5b5
7364,92.231521816,10.272783,30,v6,88000000ffffffffffffa8dd9f4dc5b5
7365,92.241658665,10.136849,30,v6,88000000ffffffffffffa8dd9f4dc5b5
7366,92.250736757,9.078092,30,v6,88000000ffffffffffffa8dd9f4dc5b5
7367,92.261786552,11.049795,30,v6,88000000ffffffffffffa8dd9f4dc5b5
7368,92.271101945,9.315393,30,v6,88000000ffffffffffffa8dd9f4dc5b5
7369,92.281388904,10.286959,30,v6,88000000ffffffffffffa8dd9f4dc5b5
7370,92.291368369,9.979465,30,v6,88000000ffffffffffffa8dd9f4dc5b5
7371,92.302526558,11.158189,30,v6,88000000ffffffffffffa8dd9f4dc5b5
7372,92.312562320,10.035762,30,v6,88000000ffffffffffffa8dd9f4dc5b5
7373,92.322894604,10.332284,30,v6,88000000ffffffffffffa8dd9f4dc5b5
7374,92.331992548,9.097944,30,v6,88000000ffffffffffffa8dd9f4dc5b5
7375,92.342188089,10.195541,30,v6,88000000ffffffffffffa8dd9f4dc5b5
7376,92.352210075,10.021986,30,v6,88000000ffffffffffffa8dd9f4dc5b5
7377,92.362471978,10.261903,30,v6,88000000ffffffffffffa8dd9f4dc5b5
7378,92.372652853,10.180875,30,v6,88000000ffffffffffffa8dd9f4dc5b5
7379,92.382835532,10.182679,30,v6,88000000ffffffffffffa8dd9f4dc5b5
7380,92.391830961,8.995429,30,v6,88000000ffffffffffffa8dd9f4dc5b5
7381,92.401996162,10.165201,30,v6,88000000ffffffffffffa8dd9f4dc5b5
7382,92.413050425,11.054263,30,v6,88000000ffffffffffffa8dd9f4dc5b5
7383,92.422310605,9.260180,30,v6,88000000ffffffffffffa8dd9f4dc5b5
7384,92.432677596,10.366991,30,v6,88000000ffffffffffffa8dd9f4dc5b5
7385,92.442840100,10.162504,30,v6,88000000ffffffffffffa8dd9f4dc5b5
7386,92.452922586,10.082486,30,v6,88000000ffffffffffffa8dd9f4dc5b5
7387,92.463039788,10.117202,30,v6,88000000ffffffffffffa8dd9f4dc5b5
7388,92.473347219,10.307431,30,v6,88000000ffffffffffffa8dd9f4dc5b5
7389,92.482286562,8.939343,30,v6,88000000ffffffffffffa8dd9f4dc5b5
7390,92.492648025,10.361463,30,v6,88000000ffffffffffffa8dd9f4dc5b5
7391,92.502793871,10.145846,30,v6,88000000ffffffffffffa8dd9f4dc5b5
7392,92.513969781,11.175910,30,v6,88000000ffffffffffffa8dd9f4dc5b5
7393,92.522839340,8.869559,30,v6,88000000ffffffffffffa8dd9f4dc5b5
7394,92.533050794,10.211454,30,v6,88000000ffffffffffffa8dd9f4dc5b5
7395,92.543449021,10.398227,30,v6,88000000ffffffffffffa8dd9f4dc5b5
7396,92.553491875,10.042854,30,v6,88000000ffffffffffffa8dd9f4dc5b5
7397,92.563694990,10.203115,30,v6,88000000ffffffffffffa8dd9f4dc5b5
7398,92.573965605,10.270615,30,v6,88000000ffffffffffffa8dd9f4dc5b5
7399,92.583758625,9.793020,30,v6,88000000ffffffffffffa8dd9f4dc5b5
7400,92.593157512,9.398887,30,v6,88000000ffffffffffffa8dd9f4dc5b5
7401,92.603278648,10.121136,30,v6,88000000ffffffffffffa8dd9f4dc5b5
7402,92.613247523,9.968875,30,v6,88000000ffffffffffffa8dd9f4dc5b5
7403,92.624772255,11.524732,30,v6,88000000ffffffffffffa8dd9f4dc5b5
7404,92.634890413,10.118158,30,v6,88000000ffffffffffffa8dd9f4dc5b5
7405,92.644657434,9.767021,30,v6,88000000ffffffffffffa8dd9f4dc5b5
7406,92.655087505,10.430071,30,v6,88000000ffffffffffffa8dd9f4dc5b5
7407,92.664349088,9.261583,30,v6,88000000ffffffffffffa8dd9f4dc5b5
7408,92.674602523,10.253435,30,v6,88000000ffffffffffffa8dd9f4dc5b5
7409,92.684555853,9.953330,30,v6,88000000ffffffffffffa8dd9f4dc5b5
7410,92.694748259,10.192406,30,v6,88000000ffffffffffffa8dd9f4dc5b5
7411,92.703840648,9.092389,30,v6,88000000ffffffffffffa8dd9f4dc5b5
7412,92.713935445,10.094797,30,v6,88000000ffffffffffffa8dd9f4dc5b5
7413,92.724246481,10.311036,30,v6,88000000ffffffffffffa8dd9f4dc5b5
7414,92.735148608,10.902127,30,v6,88000000ffffffffffffa8dd9f4dc5b5
7415,92.745488691,10.340083,30,v6,88000000ffffffffffffa8dd9f4dc5b5
7416,92.755823043,10.334352,30,v6,88000000ffffffffffffa8dd9f4dc5b5
7417,92.765947586,10.124543,30,v6,88000000ffffffffffffa8dd9f4dc5b5
7418,92.775048516,9.100930,30,v6,88000000ffffffffffffa8dd9f4dc5b5
7419,92.785244957,10.196441,30,v6,88000000ffffffffffffa8dd9f4dc5b5
7420,92.795252294,10.007337,30,v6,88000000ffffffffffffa8dd9f4dc5b5
7421,92.805443606,10.191312,30,v6,88000000ffffffffffffa8dd9f4dc5b5
7422,92.815633229,10.189623,30,v6,88000000ffffffffffffa8dd9f4dc5b5
7423,92.825117756,9.484527,30,v6,88000000ffffffffffffa8dd9f4dc5b5
7424,92.834951844,9.834088,30,v6,88000000ffffffffffffa8dd9f4dc5b5
7425,92.845244519,10.292675,30,v6,88000000ffffffffffffa8dd9f4dc5b5
7426,92.856295040,11.050521,30,v6,88000000ffffffffffffa8dd9f4dc5b5
7427,92.865626462,9.331422,30,v6,88000000ffffffffffffa8dd9f4dc5b5
7428,92.875770994,10.144532,30,v6,88000000ffffffffffffa8dd9f4dc5b5
7429,92.885960428,10.189434,30,v6,88000000ffffffffffffa8dd9f4dc5b5
7430,92.895740643,9.780215,30,v6,88000000ffffffffffffa8dd9f4dc5b5
7431,92.905956577,10.215934,30,v6,88000000ffffffffffffa8dd9f4dc5b5
7432,92.916154449,10.197872,30,v6,88000000ffffffffffffa8dd9f4dc5b5
7433,92.926596613,10.442164,30,v6,88000000ffffffffffffa8dd9f4dc5b5
7434,92.935486529,8.889916,30,v6,88000000ffffffffffffa8dd9f4dc5b5
7435,92.945428375,9.941846,30,v6,88000000ffffffffffffa8dd9f4dc5b5
7436,92.955684623,10.256248,30,v6,88000000ffffffffffffa8dd9f4dc5b5
7437,92.965818594,10.133971,30,v6,88000000ffffffffffffa8dd9f4dc5b5
7438,92.977486283,11.667689,30,v6,88000000ffffffffffffa8dd9f4dc5b5
7439,92.986191141,8.704858,30,v6,88000000ffffffffffffa8dd9f4dc5b5
7440,92.996571151,10.380010,30,v6,88000000ffffffffffffa8dd9f4dc5b5
7441,93.006564340,9.993189,30,v6,88000000ffffffffffffa8dd9f4dc5b5
7442,93.015899661,9.335321,30,v6,88000000ffffffffffffa8dd9f4dc5b5
7443,93.025824104,9.924443,30,v6,88000000ffffffffffffa8dd9f4dc5b5
7444,93.036137575,10.313471,30,v6,88000000ffffffffffffa8dd9f4dc5b5
7445,93.046258295,10.120720,30,v6,88000000ffffffffffffa8dd9f4dc5b5
7446,93.056271072,10.012777,30,v6,88000000ffffffffffffa8dd9f4dc5b5
7447,93.066437589,10.166517,30,v6,88000000ffffffffffffa8dd9f4dc5b5
7448,93.076752925,10.315336,30,v6,88000000ffffffffffffa8dd9f4dc5b5
7449,93.086802966,10.050041,30,v6,88000000ffffffffffffa8dd9f4dc5b5
7450,93.096747476,9.944510,30,v6,88000000ffffffffffffa8dd9f4dc5b5
7451,93.107110964,10.363488,30,v6,88000000ffffffffffffa8dd9f4dc5b5
7452,93.116161491,9.050527,30,v6,88000000ffffffffffffa8dd9f4dc5b5
7453,93.126360804,10.199313,30,v6,88000000ffffffffffffa8dd9f4dc5b5
7454,93.136575508,10.214704,30,v6,88000000ffffffffffffa8dd9f4dc5b5
7455,93.146631300,10.055792,30,v6,88000000ffffffffffffa8dd9f4dc5b5
7456,93.156823480,10.192180,30,v6,88000000ffffffffffffa8dd9f4dc5b5
7457,93.166109104,9.285624,30,v6,88000000ffffffffffffa8dd9f4dc5b5
7458,93.176417179,10.308075,30,v6,88000000ffffffffffffa8dd9f4dc5b5
7459,93.186325511,9.908332,30,v6,88000000ffffffffffffa8dd9f4dc5b5
7460,93.198532245,12.206734,30,v6,88000000ffffffffffffa8dd9f4dc5b5
7461,93.208737835,10.205590,30,v6,88000000ffffffffffffa8dd9f4dc5b5
7462,93.217827237,9.089402,30,v6,88000000ffffffffffffa8dd9f4dc5b5
7463,93.228014825,10.187588,30,v6,88000000ffffffffffffa8dd9f4dc5b5
7464,93.238185488,10.170663,30,v6,88000000ffffffffffffa8dd9f4dc5b5
7465,93.248470226,10.284738,30,v6,88000000ffffffffffffa8dd9f4dc5b5
7466,93.258481841,10.011615,30,v6,88000000ffffffffffffa8dd9f4dc5b5
7467,93.268772477,10.290636,30,v6,88000000ffffffffffffa8dd9f4dc5b5
7468,93.278027455,9.254978,30,v6,88000000ffffffffffffa8dd9f4dc5b5
7469,93.288015704,9.988249,30,v6,88000000ffffffffffffa8dd9f4dc5b5
7470,93.298119551,10.103847,30,v6,88000000ffffffffffffa8dd9f4dc5b5
7471,93.309379417,11.259866,30,v6,88000000ffffffffffffa8dd9f4dc5b5
7472,93.319534925,10.155508,30,v6,88000000ffffffffffffa8dd9f4dc5b5
7473,93.328624301,9.089376,30,v6,88000000ffffffffffffa8dd9f4dc5b5
7474,93.338794887,10.170586,30,v6,88000000ffffffffffffa8dd9f4dc5b5
7475,93.348787260,9.992373,30,v6,88000000ffffffffffffa8dd9f4dc5b5
7476,93.359096322,10.309062,30,v6,88000000ffffffffffffa8dd9f4dc5b5
7477,93.369352714,10.256392,30,v6,88000000ffffffffffffa8dd9f4dc5b5
7478,93.379454222,10.101508,30,v6,88000000ffffffffffffa8dd9f4dc5b5
7479,93.388606734,9.152512,30,v6,88000000ffffffffffffa8dd9f4dc5b5
7480,93.398843404,10.236670,30,v6,88000000ffffffffffffa8dd9f4dc5b5
7481,93.408839027,9.995623,30,v6,88000000ffffffffffffa8dd9f4dc5b5
7482,93.419026267,10.187240,30,v6,88000000ffffffffffffa8dd9f4dc5b5
7483,93.429386552,10.360285,30,v6,88000000ffffffffffffa8dd9f4dc5b5
7484,93.440554747,11.168195,30,v6,88000000ffffffffffffa8dd9f4dc5b5
7485,93.449522434,8.967687,30,v6,88000000ffffffffffffa8dd9f4dc5b5
7486,93.459753790,10.231356,30,v6,88000000ffffffffffffa8dd9f4dc5b5
7487,93.469675183,9.921393,30,v6,88000000ffffffffffffa8dd9f4dc5b5
7488,93.480181958,10.506775,30,v6,88000000ffffffffffffa8dd9f4dc5b5
7489,93.490344567,10.162609,30,v6,88000000ffffffffffffa8dd9f4dc5b5
7490,93.499494924,9.150357,30,v6,88000000ffffffffffffa8dd9f4dc5b5
7491,93.509513639,10.018715,30,v6,88000000ffffffffffffa8dd9f4dc5b5
7492,93.519723968,10.210329,30,v6,88000000ffffffffffffa8dd9f4dc5b5
7493,93.529748327,10.024359,30,v6,88000000ffffffffffffa8dd9f4dc5b5
7494,93.539052222,9.303895,30,v6,88000000ffffffffffffa8dd9f4dc5b5
7495,93.550232673,11.180451,30,v6,88000000ffffffffffffa8dd9f4dc5b5
7496,93.560407602,10.174929,30,v6,88000000ffffffffffffa8dd9f4dc5b5
7497,93.570719124,10.311522,30,v6,88000000ffffffffffffa8dd9f4dc5b5
7498,93.580636928,9.917804,30,v6,88000000ffffffffffffa8dd9f4dc5b5
7499,93.590985993,10.349065,30,v6,88000000ffffffffffffa8dd9f4dc5b5
7500,93.599741948,8.755955,30,v6,88000000ffffffffffffa8dd9f4dc5b5
7501,93.609965057,10.223109,30,v6,88000000ffffffffffffa8dd9f4dc5b5
7502,93.620280173,10.315116,30,v6,88000000ffffffffffffa8dd9f4dc5b5
7503,93.630285363,10.005190,30,v6,88000000ffffffffffffa8dd9f4dc5b5
7504,93.639624468,9.339105,30,v6,88000000ffffffffffffa8dd9f4dc5b5
7505,93.650732094,11.107626,30,v6,88000000ffffffffffffa8dd9f4dc5b5
7506,93.660825414,10.093320,30,v6,88000000ffffffffffffa8dd9f4dc5b5
7507,93.670881839,10.056425,30,v6,88000000ffffffffffffa8dd9f4dc5b5
7508,93.681112861,10.231022,30,v6,88000000ffffffffffffa8dd9f4dc5b5
7509,93.690476093,9.363232,30,v6,88000000ffffffffffffa8dd9f4dc5b5
7510,93.701408135,10.932042,30,v6,88000000ffffffffffffa8dd9f4dc5b5
7511,93.710763112,9.354977,30,v6,88000000ffffffffffffa8dd9f4dc5b5
7512,93.720714497,9.951385,30,v6,88000000ffffffffffffa8dd9f4dc5b5
7513,93.731040212,10.325715,30,v6,88000000ffffffffffffa8dd9f4dc5b5
7514,93.741216353,10.176141,30,v6,88000000ffffffffffffa8dd9f4dc5b5
7515,93.751276818,10.060465,30,v6,88000000ffffffffffffa8dd9f4dc5b5
7516,93.760429062,9.152244,30,v6,88000000ffffffffffffa8dd9f4dc5b5
7517,93.770531938,10.102876,30,v6,88000000ffffffffffffa8dd9f4dc5b5
7518,93.780748358,10.216420,30,v6,88000000ffffffffffffa8dd9f4dc5b5
7519,93.790884008,10.135650,30,v6,88000000ffffffffffffa8dd9f4dc5b5
7520,93.802167946,11.283938,30,v6,88000000ffffffffffffa8dd9f4dc5b5
7521,93.811391221,9.223275,30,v6,88000000ffffffffffffa8dd9f4dc5b5
7522,93.821602100,10.210879,30,v6,88000000ffffffffffffa8dd9f4dc5b5
7523,93.831713854,10.111754,30,v6,88000000ffffffffffffa8dd9f4dc5b5
7524,93.841723651,10.009797,30,v6,88000000ffffffffffffa8dd9f4dc5b5
7525,93.852051285,10.327634,30,v6,88000000ffffffffffffa8dd9f4dc5b5
7526,93.861017849,8.966564,30,v6,88000000ffffffffffffa8dd9f4dc5b5
7527,93.871078218,10.060369,30,v6,88000000ffffffffffffa8dd9f4dc5b5
7528,93.881204848,10.126630,30,v6,88000000ffffffffffffa8dd9f4dc5b5
7529,93.891726476,10.521628,30,v6,88000000ffffffffffffa8dd9f4dc5b5
7530,93.902718016,10.991540,30,v6,88000000ffffffffffffa8dd9f4dc5b5
7531,93.912915100,10.197084,30,v6,88000000ffffffffffffa8dd9f4dc5b5
7532,93.921873302,8.958202,30,v6,88000000ffffffffffffa8dd9f4dc5b5
7533,93.932327268,10.453966,30,v6,88000000ffffffffffffa8dd9f4dc5b5
7534,93.942175730,9.848462,30,v6,88000000ffffffffffffa8dd9f4dc5b5
7535,93.952744658,10.568928,30,v6,88000000ffffffffffffa8dd9f4dc5b5
7536,93.962574043,9.829385,30,v6,88000000ffffffffffffa8dd9f4dc5b5
7537,93.971824165,9.250122,30,v6,88000000ffffffffffffa8dd9f4dc5b5
7538,93.982022097,10.197932,30,v6,88000000ffffffffffffa8dd9f4dc5b5
7539,93.992301199,10.279102,30,v6,88000000ffffffffffffa8dd9f4dc5b5
7540,94.002400220,10.099021,30,v6,88000000ffffffffffffa8dd9f4dc5b5
7541,94.013381994,10.981774,30,v6,88000000ffffffffffffa8dd9f4dc5b5
7542,94.022809854,9.427860,30,v6,88000000ffffffffffffa8dd9f4dc5b5
7543,94.032542916,9.733062,30,v6,88000000ffffffffffffa8dd9f4dc5b5
7544,94.042767094,10.224178,30,v6,88000000ffffffffffffa8dd9f4dc5b5
7545,94.053058654,10.291560,30,v6,88000000ffffffffffffa8dd9f4dc5b5
7546,94.063203295,10.144641,30,v6,88000000ffffffffffffa8dd9f4dc5b5
7547,94.072376638,9.173343,30,v6,88000000ffffffffffffa8dd9f4dc5b5
7548,94.082500129,10.123491,30,v6,88000000ffffffffffffa8dd9f4dc5b5
7549,94.092889329,10.389200,30,v6,88000000ffffffffffffa8dd9f4dc5b5
7550,94.102634702,9.745373,30,v6,88000000ffffffffffffa8dd9f4dc5b5
7551,94.112854726,10.220024,30,v6,88000000ffffffffffffa8dd9f4dc5b5
7552,94.123158801,10.304075,30,v6,88000000ffffffffffffa8dd9f4dc5b5
7553,94.133343677,10.184876,30,v6,88000000ffffffffffffa8dd9f4dc5b5
7554,94.143497209,10.153532,30,v6,88000000ffffffffffffa8dd9f4dc5b5
7555,94.152852775,9.355566,30,v6,88000000ffffffffffffa8dd9f4dc5b5
7556,94.163086777,10.234002,30,v6,88000000ffffffffffffa8dd9f4dc5b5
7557,94.173086930,10.000153,30,v6,88000000ffffffffffffa8dd9f4dc5b5
7558,94.183104244,10.017314,30,v6,88000000ffffffffffffa8dd9f4dc5b5
7559,94.193114614,10.010370,30,v6,88000000ffffffffffffa8dd9f4dc5b5
7560,94.203680437,10.565823,30,v6,88000000ffffffffffffa8dd9f4dc5b5
7561,94.214965840,11.285403,30,v6,88000000ffffffffffffa8dd9f4dc5b5
7562,94.224057018,9.091178,30,v6,88000000ffffffffffffa8dd9f4dc5b5
7563,94.233934860,9.877842,30,v6,88000000ffffffffffffa8dd9f4dc5b5
7564,94.244182393,10.247533,30,v6,88000000ffffffffffffa8dd9f4dc5b5
7565,94.254557626,10.375233,30,v6,88000000ffffffffffffa8dd9f4dc5b5
7566,94.264433617,9.875991,30,v6,88000000ffffffffffffa8dd9f4dc5b5
7567,94.274755827,10.322210,30,v6,88000000ffffffffffffa8dd9f4dc5b5
7568,94.283575805,8.819978,30,v6,88000000ffffffffffffa8dd9f4dc5b5
7569,94.293818301,10.242496,30,v6,88000000ffffffffffffa8dd9f4dc5b5
7570,94.303880173,10.061872,30,v6,88000000ffffffffffffa8dd9f4dc5b5
7571,94.313071873,9.191700,30,v6,88000000ffffffffffffa8dd9f4dc5b5
7572,94.323397216,10.325343,30,v6,88000000ffffffffffffa8dd9f4dc5b5
7573,94.334406129,11.008913,30,v6,88000000ffffffffffffa8dd9f4dc5b5
7574,94.344884089,10.477960,30,v6,88000000ffffffffffffa8dd9f4dc5b5
7575,94.354757326,9.873237,30,v6,88000000ffffffffffffa8dd9f4dc5b5
7576,94.365104817,10.347491,30,v6,88000000ffffffffffffa8dd9f4dc5b5
7577,94.375259896,10.155079,30,v6,88000000ffffffffffffa8dd9f4dc5b5
7578,94.384597449,9.337553,30,v6,88000000ffffffffffffa8dd9f4dc5b5
7579,94.394332336,9.734887,30,v6,88000000ffffffffffffa8dd9f4dc5b5
7580,94.404896797,10.564461,30,v6,88000000ffffffffffffa8dd9f4dc5b5
7581,94.414634145,9.737348,30,v6,88000000ffffffffffffa8dd9f4dc5b5
7582,94.425002801,10.368656,30,v6,88000000ffffffffffffa8dd9f4dc5b5
7583,94.433969483,8.966682,30,v6,88000000ffffffffffffa8dd9f4dc5b5
7584,94.445351367,11.381884,30,v6,88000000ffffffffffffa8dd9f4dc5b5
7585,94.455375494,10.024127,30,v6,88000000ffffffffffffa8dd9f4dc5b5
7586,94.465504353,10.128859,30,v6,88000000ffffffffffffa8dd9f4dc5b5
7587,94.476048773,10.544420,30,v6,88000000ffffffffffffa8dd9f4dc5b5
7588,94.485000333,8.951560,30,v6,88000000ffffffffffffa8dd9f4dc5b5
7589,94.495063402,10.063069,30,v6,88000000ffffffffffffa8dd9f4dc5b5
7590,94.505308476,10.245074,30,v6,88000000ffffffffffffa8dd9f4dc5b5
7591,94.515320825,10.012349,30,v6,88000000ffffffffffffa8dd9f4dc5b5
7592,94.524613083,9.292258,30,v6,88000000ffffffffffffa8dd9f4dc5b5
7593,94.535892127,11.279044,30,v6,88000000ffffffffffffa8dd9f4dc5b5
7594,94.544627961,8.735834,30,v6,88000000ffffffffffffa8dd9f4dc5b5
7595,94.556039722,11.411761,30,v6,88000000ffffffffffffa8dd9f4dc5b5
7596,94.566049031,10.009309,30,v6,88000000ffffffffffffa8dd9f4dc5b5
7597,94.575316588,9.267557,30,v6,88000000ffffffffffffa8dd9f4dc5b5
7598,94.585489560,10.172972,30,v6,88000000ffffffffffffa8dd9f4dc5b5
7599,94.595612391,10.122831,30,v6,88000000ffffffffffffa8dd9f4dc5b5
7600,94.605533600,9.921209,30,v6,88000000ffffffffffffa8dd9f4dc5b5
7601,94.615823783,10.290183,30,v6,88000000ffffffffffffa8dd9f4dc5b5
7602,94.624965561,9.141778,30,v6,88000000ffffffffffffa8dd9f4dc5b5
7603,94.636192660,11.227099,30,v6,88000000ffffffffffffa8dd9f4dc5b5
7604,94.645278885,9.086225,30,v6,88000000ffffffffffffa8dd9f4dc5b5
7605,94.655482522,10.203637,30,v6,88000000ffffffffffffa8dd9f4dc5b5
7606,94.665589729,10.107207,30,v6,88000000ffffffffffffa8dd9f4dc5b5
7607,94.675845831,10.256102,30,v6,88000000ffffffffffffa8dd9f4dc5b5
7608,94.686948945,11.103114,30,v6,88000000ffffffffffffa8dd9f4dc5b5
7609,94.697065196,10.116251,30,v6,88000000ffffffffffffa8dd9f4dc5b5
7610,94.706258116,9.192920,30,v6,88000000ffffffffffffa8dd9f4dc5b5
7611,94.716431930,10.173814,30,v6,88000000ffffffffffffa8dd9f4dc5b5
7612,94.726546008,10.114078,30,v6,88000000ffffffffffffa8dd9f4dc5b5
7613,94.735898523,9.352515,30,v6,88000000ffffffffffffa8dd9f4dc5b5
7614,94.747032576,11.134053,30,v6,88000000ffffffffffffa8dd9f4dc5b5
7615,94.756178965,9.146389,30,v6,88000000ffffffffffffa8dd9f4dc5b5
7616,94.766162027,9.983062,30,v6,88000000ffffffffffffa8dd9f4dc5b5
7617,94.776699663,10.537636,30,v6,88000000ffffffffffffa8dd9f4dc5b5
7618,94.786633836,9.934173,30,v6,88000000ffffffffffffa8dd9f4dc5b5
7619,94.797639355,11.005519,30,v6,88000000ffffffffffffa8dd9f4dc5b5
7620,94.808034506,10.395151,30,v6,88000000ffffffffffffa8dd9f4dc5b5
7621,94.817048552,9.014046,30,v6,88000000ffffffffffffa8dd9f4dc5b5
7622,94.827372771,10.324219,30,v6,88000000ffffffffffffa8dd9f4dc5b5
7623,94.837547083,10.174312,30,v6,88000000ffffffffffffa8dd9f4dc5b5
7624,94.847477589,9.930506,30,v6,88000000ffffffffffffa8dd9f4dc5b5
7625,94.857718220,10.240631,30,v6,88000000ffffffffffffa8dd9f4dc5b5
7626,94.867886082,10.167862,30,v6,88000000ffffffffffffa8dd9f4dc5b5
7627,94.877166976,9.280894,30,v6,88000000ffffffffffffa8dd9f4dc5b5
7628,94.887458709,10.291733,30,v6,88000000ffffffffffffa8dd9f4dc5b5
7629,94.897460815,10.002106,30,v6,88000000ffffffffffffa8dd9f4dc5b5
7630,94.907655399,10.194584,30,v6,88000000ffffffffffffa8dd9f4dc5b5
7631,94.917689843,10.034444,30,v6,88000000ffffffffffffa8dd9f4dc5b5
7632,94.928131181,10.441338,30,v6,88000000ffffffffffffa8dd9f4dc5b5
7633,94.936927046,8.795865,30,v6,88000000ffffffffffffa8dd9f4dc5b5
7634,94.948087084,11.160038,30,v6,88000000ffffffffffffa8dd9f4dc5b5
7635,94.958476592,10.389508,30,v6,88000000ffffffffffffa8dd9f4dc5b5
7636,94.968458382,9.981790,30,v6,88000000ffffffffffffa8dd9f4dc5b5
7637,94.978845926,10.387544,30,v6,88000000ffffffffffffa8dd9f4dc5b5
7638,94.988850117,10.004191,30,v6,88000000ffffffffffffa8dd9f4dc5b5
7639,94.997925019,9.074902,30,v6,88000000ffffffffffffa8dd9f4dc5b5
7640,95.008087227,10.162208,30,v6,88000000ffffffffffffa8dd9f4dc5b5
7641,95.018487194,10.399967,30,v6,88000000ffffffffffffa8dd9f4dc5b5
7642,95.028300509,9.813315,30,v6,88000000ffffffffffffa8dd9f4dc5b5
7643,95.037530865,9.230356,30,v6,88000000ffffffffffffa8dd9f4dc5b5
7644,95.047651314,10.120449,30,v6,88000000ffffffffffffa8dd9f4dc5b5
7645,95.057806456,10.155142,30,v6,88000000ffffffffffffa8dd9f4dc5b5
7646,95.069064906,11.258450,30,v6,88000000ffffffffffffa8dd9f4dc5b5
7647,95.079349388,10.284482,30,v6,88000000ffffffffffffa8dd9f4dc5b5
7648,95.089582909,10.233521,30,v6,88000000ffffffffffffa8dd9f4dc5b5
7649,95.099562919,9.980010,30,v6,88000000ffffffffffffa8dd9f4dc5b5
7650,95.108824936,9.262017,30,v6,88000000ffffffffffffa8dd9f4dc5b5
7651,95.118908672,10.083736,30,v6,88000000ffffffffffffa8dd9f4dc5b5
7652,95.129324400,10.415728,30,v6,88000000ffffffffffffa8dd9f4dc5b5
7653,95.139292311,9.967911,30,v6,88000000ffffffffffffa8dd9f4dc5b5
7654,95.149446891,10.154580,30,v6,88000000ffffffffffffa8dd9f4dc5b5
7655,95.158511082,9.064191,30,v6,88000000ffffffffffffa8dd9f4dc5b5
7656,95.168764714,10.253632,30,v6,88000000ffffffffffffa8dd9f4dc5b5
7657,95.178886544,10.121830,30,v6,88000000ffffffffffffa8dd9f4dc5b5
7658,95.190024220,11.137676,30,v6,88000000ffffffffffffa8dd9f4dc5b5
7659,95.200020140,9.995920,30,v6,88000000ffffffffffffa8dd9f4dc5b5
7660,95.209521700,9.501560,30,v6,88000000ffffffffffffa8dd9f4dc5b5
7661,95.219621589,10.099889,30,v6,88000000ffffffffffffa8dd9f4dc5b5
7662,95.229696147,10.074558,30,v6,88000000ffffffffffffa8dd9f4dc5b5
7663,95.239983443,10.287296,30,v6,88000000ffffffffffffa8dd9f4dc5b5
7664,95.248806143,8.822700,30,v6,88000000ffffffffffffa8dd9f4dc5b5
7665,95.258984150,10.178007,30,v6,88000000ffffffffffffa8dd9f4dc5b5
7666,95.269353963,10.369813,30,v6,88000000ffffffffffffa8dd9f4dc5b5
7667,95.279190816,9.836853,30,v6,88000000ffffffffffffa8dd9f4dc5b5
7668,95.289497775,10.306959,30,v6,88000000ffffffffffffa8dd9f4dc5b5
7669,95.299459621,9.961846,30,v6,88000000ffffffffffffa8dd9f4dc5b5
7670,95.311020300,11.560679,30,v6,88000000ffffffffffffa8dd9f4dc5b5
7671,95.320053517,9.033217,30,v6,88000000ffffffffffffa8dd9f4dc5b5
7672,95.330118889,10.065372,30,v6,88000000ffffffffffffa8dd9f4dc5b5
7673,95.340290821,10.171932,30,v6,88000000ffffffffffffa8dd9f4dc5b5
7674,95.350518109,10.227288,30,v6,88000000ffffffffffffa8dd9f4dc5b5
7675,95.360747010,10.228901,30,v6,88000000ffffffffffffa8dd9f4dc5b5
7676,95.369866492,9.119482,30,v6,88000000ffffffffffffa8dd9f4dc5b5
7677,95.379873503,10.007011,30,v6,88000000ffffffffffffa8dd9f4dc5b5
7678,95.390240196,10.366693,30,v6,88000000ffffffffffffa8dd9f4dc5b5
7679,95.400417244,10.177048,30,v6,88000000ffffffffffffa8dd9f4dc5b5
7680,95.410365160,9.947916,30,v6,88000000ffffffffffffa8dd9f4dc5b5
7681,95.421789257,11.424097,30,v6,88000000ffffffffffffa8dd9f4dc5b5
7682,95.431813361,10.024104,30,v6,88000000ffffffffffffa8dd9f4dc5b5
7683,95.440893229,9.079868,30,v6,88000000ffffffffffffa8dd9f4dc5b5
7684,95.450989626,10.096397,30,v6,88000000ffffffffffffa8dd9f4dc5b5
7685,95.461276081,10.286455,30,v6,88000000ffffffffffffa8dd9f4dc5b5
7686,95.471435263,10.159182,30,v6,88000000ffffffffffffa8dd9f4dc5b5
7687,95.480662565,9.227302,30,v6,88000000ffffffffffffa8dd9f4dc5b5
7688,95.490863971,10.201406,30,v6,88000000ffffffffffffa8dd9f4dc5b5
7689,95.500839733,9.975762,30,v6,88000000ffffffffffffa8dd9f4dc5b5
7690,95.510846113,10.006380,30,v6,88000000ffffffffffffa8dd9f4dc5b5
7691,95.521090349,10.244236,30,v6,88000000ffffffffffffa8dd9f4dc5b5
7692,95.530490587,9.400238,30,v6,88000000ffffffffffffa8dd9f4dc5b5
7693,95.542479495,11.988908,30,v6,88000000ffffffffffffa8dd9f4dc5b5
7694,95.551674618,9.195123,30,v6,88000000ffffffffffffa8dd9f4dc5b5
7695,95.561878458,10.203840,30,v6,88000000ffffffffffffa8dd9f4dc5b5
7696,95.571952405,10.073947,30,v6,88000000ffffffffffffa8dd9f4dc5b5
7697,95.582167180,10.214775,30,v6,88000000ffffffffffffa8dd9f4dc5b5
7698,95.591415604,9.248424,30,v6,88000000ffffffffffffa8dd9f4dc5b5
7699,95.602534254,11.118650,30,v6,88000000ffffffffffffa8dd9f4dc5b5
7700,95.611674038,9.139784,30,v6,88000000ffffffffffffa8dd9f4dc5b5
7701,95.621677101,10.003063,30,v6,88000000ffffffffffffa8dd9f4dc5b5
7702,95.631802437,10.125336,30,v6,88000000ffffffffffffa8dd9f4dc5b5
7703,95.641985244,10.182807,30,v6,88000000ffffffffffffa8dd9f4dc5b5
7704,95.651244741,9.259497,30,v6,88000000ffffffffffffa8dd9f4dc5b5
7705,95.661340147,10.095406,30,v6,88000000ffffffffffffa8dd9f4dc5b5
7706,95.671546266,10.206119,30,v6,88000000ffffffffffffa8dd9f4dc5b5
7707,95.682701301,11.155035,30,v6,88000000ffffffffffffa8dd9f4dc5b5
7708,95.692836375,10.135074,30,v6,88000000ffffffffffffa8dd9f4dc5b5
7709,95.702053732,9.217357,30,v6,88000000ffffffffffffa8dd9f4dc5b5
7710,95.712150459,10.096727,30,v6,88000000ffffffffffffa8dd9f4dc5b5
7711,95.722474282,10.323823,30,v6,88000000ffffffffffffa8dd9f4dc5b5
7712,95.732504372,10.030090,30,v6,88000000ffffffffffffa8dd9f4dc5b5
7713,95.742664990,10.160618,30,v6,88000000ffffffffffffa8dd9f4dc5b5
7714,95.753035040,10.370050,30,v6,88000000ffffffffffffa8dd9f4dc5b5
7715,95.762795911,9.760871,30,v6,88000000ffffffffffffa8dd9f4dc5b5
7716,95.772344072,9.548161,30,v6,88000000ffffffffffffa8dd9f4dc5b5
7717,95.782413980,10.069908,30,v6,88000000ffffffffffffa8dd9f4dc5b5
7718,95.793669949,11.255969,30,v6,88000000ffffffffffffa8dd9f4dc5b5
7719,95.803873886,10.203937,30,v6,88000000ffffffffffffa8dd9f4dc5b5
7720,95.813740294,9.866408,30,v6,88000000ffffffffffffa8dd9f4dc5b5
7721,95.822989812,9.249518,30,v6,88000000ffffffffffffa8dd9f4dc5b5
7722,95.833134668,10.144856,30,v6,88000000ffffffffffffa8dd9f4dc5b5
7723,95.843253580,10.118912,30,v6,88000000ffffffffffffa8dd9f4dc5b5
7724,95.853586273,10.332693,30,v6,88000000ffffffffffffa8dd9f4dc5b5
7725,95.863601564,10.015291,30,v6,88000000ffffffffffffa8dd9f4dc5b5
7726,95.873814241,10.212677,30,v6,88000000ffffffffffffa8dd9f4dc5b5
7727,95.882998193,9.183952,30,v6,88000000ffffffffffffa8dd9f4dc5b5
7728,95.892989578,9.991385,30,v6,88000000ffffffffffffa8dd9f4dc5b5
7729,95.903270990,10.281412,30,v6,88000000ffffffffffffa8dd9f4dc5b5
7730,95.913353270,10.082280,30,v6,88000000ffffffffffffa8dd9f4dc5b5
7731,95.924624558,11.271288,30,v6,88000000ffffffffffffa8dd9f4dc5b5
7732,95.934785663,10.161105,30,v6,88000000ffffffffffffa8dd9f4dc5b5
7733,95.943841471,9.055808,30,v6,88000000ffffffffffffa8dd9f4dc5b5
7734,95.953949256,10.107785,30,v6,88000000ffffffffffffa8dd9f4dc5b5
7735,95.964163091,10.213835,30,v6,88000000ffffffffffffa8dd9f4dc5b5
7736,95.974257904,10.094813,30,v6,88000000ffffffffffffa8dd9f4dc5b5
7737,95.984640147,10.382243,30,v6,88000000ffffffffffffa8dd9f4dc5b5
7738,95.994513432,9.873285,30,v6,88000000ffffffffffffa8dd9f4dc5b5
7739,96.004208606,9.695174,30,v6,88000000ffffffffffffa8dd9f4dc5b5
7740,96.013855719,9.647113,30,v6,88000000ffffffffffffa8dd9f4dc5b5
7741,96.024163145,10.307426,30,v6,88000000ffffffffffffa8dd9f4dc5b5
7742,96.034337763,10.174618,30,v6,88000000ffffffffffffa8dd9f4dc5b5
7743,96.044608165,10.270402,30,v6,88000000ffffffffffffa8dd9f4dc5b5
7744,96.054766881,10.158716,30,v6,88000000ffffffffffffa8dd9f4dc5b5
7745,96.063675778,8.908897,30,v6,88000000ffffffffffffa8dd9f4dc5b5
7746,96.074870581,11.194803,30,v6,88000000ffffffffffffa8dd9f4dc5b5
7747,96.084972852,10.102271,30,v6,88000000ffffffffffffa8dd9f4dc5b5
7748,96.095125116,10.152264,30,v6,88000000ffffffffffffa8dd9f4dc5b5
7749,96.105453922,10.328806,30,v6,88000000ffffffffffffa8dd9f4dc5b5
7750,96.114564144,9.110222,30,v6,88000000ffffffffffffa8dd9f4dc5b5
7751,96.124705706,10.141562,30,v6,88000000ffffffffffffa8dd9f4dc5b5
7752,96.134893933,10.188227,30,v6,88000000ffffffffffffa8dd9f4dc5b5
7753,96.144932297,10.038364,30,v6,88000000ffffffffffffa8dd9f4dc5b5
7754,96.154197933,9.265636,30,v6,88000000ffffffffffffa8dd9f4dc5b5
7755,96.165254574,11.056641,30,v6,88000000ffffffffffffa8dd9f4dc5b5
7756,96.174674993,9.420419,30,v6,88000000ffffffffffffa8dd9f4dc5b5
7757,96.184728060,10.053067,30,v6,88000000ffffffffffffa8dd9f4dc5b5
7758,96.194582052,9.853992,30,v6,88000000ffffffffffffa8dd9f4dc5b5
7759,96.205798239,11.216187,30,v6,88000000ffffffffffffa8dd9f4dc5b5
7760,96.216187274,10.389035,30,v6,88000000ffffffffffffa8dd9f4dc5b5
7761,96.225141626,8.954352,30,v6,88000000ffffffffffffa8dd9f4dc5b5
7762,96.235595441,10.453815,30,v6,88000000ffffffffffffa8dd9f4dc5b5
7763,96.245459167,9.863726,30,v6,88000000ffffffffffffa8dd9f4dc5b5
7764,96.255486971,10.027804,30,v6,88000000ffffffffffffa8dd9f4dc5b5
7765,96.265662848,10.175877,30,v6,88000000ffffffffffffa8dd9f4dc5b5
7766,96.275047042,9.384194,30,v6,88000000ffffffffffffa8dd9f4dc5b5
7767,96.285192437,10.145395,30,v6,88000000ffffffffffffa8dd9f4dc5b5
7768,96.295244374,10.051937,30,v6,88000000ffffffffffffa8dd9f4dc5b5
7769,96.305425676,10.181302,30,v6,88000000ffffffffffffa8dd9f4dc5b5
7770,96.316480567,11.054891,30,v6,88000000ffffffffffffa8dd9f4dc5b5
7771,96.325935249,9.454682,30,v6,88000000ffffffffffffa8dd9f4dc5b5
7772,96.335911904,9.976655,30,v6,88000000ffffffffffffa8dd9f4dc5b5
7773,96.346128148,10.216244,30,v6,88000000ffffffffffffa8dd9f4dc5b5
7774,96.356341164,10.213016,30,v6,88000000ffffffffffffa8dd9f4dc5b5
7775,96.366256908,9.915744,30,v6,88000000ffffffffffffa8dd9f4dc5b5
7776,96.376827366,10.570458,30,v6,88000000ffffffffffffa8dd9f4dc5b5
7777,96.385902989,9.075623,30,v6,88000000ffffffffffffa8dd9f4dc5b5
7778,96.396030021,10.127032,30,v6,88000000ffffffffffffa8dd9f4dc5b5
7779,96.405961390,9.931369,30,v6,88000000ffffffffffffa8dd9f4dc5b5
7780,96.416069027,10.107637,30,v6,88000000ffffffffffffa8dd9f4dc5b5
7781,96.426529747,10.460720,30,v6,88000000ffffffffffffa8dd9f4dc5b5
7782,96.437636152,11.106405,30,v6,88000000ffffffffffffa8dd9f4dc5b5
7783,96.446769276,9.133124,30,v6,88000000ffffffffffffa8dd9f4dc5b5
7784,96.456904207,10.134931,30,v6,88000000ffffffffffffa8dd9f4dc5b5
7785,96.467096408,10.192201,30,v6,88000000ffffffffffffa8dd9f4dc5b5
7786,96.477355546,10.259138,30,v6,88000000ffffffffffffa8dd9f4dc5b5
7787,96.487642521,10.286975,30,v6,88000000ffffffffffffa8dd9f4dc5b5
7788,96.496644971,9.002450,30,v6,88000000ffffffffffffa8dd9f4dc5b5
7789,96.506954481,10.309510,30,v6,88000000ffffffffffffa8dd9f4dc5b5
7790,96.516854641,9.900160,30,v6,88000000ffffffffffffa8dd9f4dc5b5
7791,96.527072169,10.217528,30,v6,88000000ffffffffffffa8dd9f4dc5b5
7792,96.536223758,9.151589,30,v6,88000000ffffffffffffa8dd9f4dc5b5
7793,96.548299642,12.075884,30,v6,88000000ffffffffffffa8dd9f4dc5b5
7794,96.557683773,9.384131,30,v6,88000000ffffffffffffa8dd9f4dc5b5
7795,96.567805347,10.121574,30,v6,88000000ffffffffffffa8dd9f4dc5b5
7796,96.577679893,9.874546,30,v6,88000000ffffffffffffa8dd9f4dc5b5
7797,96.587056325,9.376432,30,v6,88000000ffffffffffffa8dd9f4dc5b5
7798,96.598173903,11.117578,30,v6,88000000ffffffffffffa8dd9f4dc5b5
7799,96.607355044,9.181141,30,v6,88000000ffffffffffffa8dd9f4dc5b5
7800,96.617463765,10.108721,30,v6,88000000ffffffffffffa8dd9f4dc5b5
7801,96.627759145,10.295380,30,v6,88000000ffffffffffffa8dd9f4dc5b5
7802,96.636998582,9.239437,30,v6,88000000ffffffffffffa8dd9f4dc5b5
7803,96.648081874,11.083292,30,v6,88000000ffffffffffffa8dd9f4dc5b5
7804,96.658228621,10.146747,30,v6,88000000ffffffffffffa8dd9f4dc5b5
7805,96.668185614,9.956993,30,v6,88000000ffffffffffffa8dd9f4dc5b5
7806,96.678352983,10.167369,30,v6,88000000ffffffffffffa8dd9f4dc5b5
7807,96.688727493,10.374510,30,v6,88000000ffffffffffffa8dd9f4dc5b5
7808,96.698684275,9.956782,30,v6,88000000ffffffffffffa8dd9f4dc5b5
7809,96.708051556,9.367281,30,v6,88000000ffffffffffffa8dd9f4dc5b5
7810,96.717992172,9.940616,30,v6,88000000ffffffffffffa8dd9f4dc5b5
7811,96.728413620,10.421448,30,v6,88000000ffffffffffffa8dd9f4dc5b5
7812,96.738624310,10.210690,30,v6,88000000ffffffffffffa8dd9f4dc5b5
7813,96.748690732,10.066422,30,v6,88000000ffffffffffffa8dd9f4dc5b5
7814,96.757819639,9.128907,30,v6,88000000ffffffffffffa8dd9f4dc5b5
7815,96.768850790,11.031151,30,v6,88000000ffffffffffffa8dd9f4dc5b5
7816,96.779077351,10.226561,30,v6,88000000ffffffffffffa8dd9f4dc5b5
7817,96.789208089,10.130738,30,v6,88000000ffffffffffffa8dd9f4dc5b5
7818,96.798301815,9.093726,30,v6,88000000ffffffffffffa8dd9f4dc5b5
7819,96.808442053,10.140238,30,v6,88000000ffffffffffffa8dd9f4dc5b5
7820,96.818680718,10.238665,30,v6,88000000ffffffffffffa8dd9f4dc5b5
7821,96.828831216,10.150498,30,v6,88000000ffffffffffffa8dd9f4dc5b5
7822,96.838869254,10.038038,30,v6,88000000ffffffffffffa8dd9f4dc5b5
7823,96.847967490,9.098236,30,v6,88000000ffffffffffffa8dd9f4dc5b5
7824,96.858308162,10.340672,30,v6,88000000ffffffffffffa8dd9f4dc5b5
7825,96.868328352,10.020190,30,v6,88000000ffffffffffffa8dd9f4dc5b5
7826,96.879325420,10.997068,30,v6,88000000ffffffffffffa8dd9f4dc5b5
7827,96.889671515,10.346095,30,v6,88000000ffffffffffffa8dd9f4dc5b5
7828,96.899919536,10.248021,30,v6,88000000ffffffffffffa8dd9f4dc5b5
7829,96.910012987,10.093451,30,v6,88000000ffffffffffffa8dd9f4dc5b5
7830,96.919160441,9.147454,30,v6,88000000ffffffffffffa8dd9f4dc5b5
7831,96.929502383,10.341942,30,v6,88000000ffffffffffffa8dd9f4dc5b5
7832,96.939481113,9.978730,30,v6,88000000ffffffffffffa8dd9f4dc5b5
7833,96.949543281,10.062168,30,v6,88000000ffffffffffffa8dd9f4dc5b5
7834,96.959954830,10.411549,30,v6,88000000ffffffffffffa8dd9f4dc5b5
7835,96.968819783,8.864953,30,v6,88000000ffffffffffffa8dd9f4dc5b5
7836,96.979309491,10.489708,30,v6,88000000ffffffffffffa8dd9f4dc5b5
7837,96.989281418,9.971927,30,v6,88000000ffffffffffffa8dd9f4dc5b5
7838,97.000395877,11.114459,30,v6,88000000ffffffffffffa8dd9f4dc5b5
7839,97.010799069,10.403192,30,v6,88000000ffffffffffffa8dd9f4dc5b5
7840,97.020841043,10.041974,30,v6,88000000ffffffffffffa8dd9f4dc5b5
7841,97.030146503,9.305460,30,v6,88000000ffffffffffffa8dd9f4dc5b5
7842,97.040119735,9.973232,30,v6,88000000ffffffffffffa8dd9f4dc5b5
7843,97.050280114,10.160379,30,v6,88000000ffffffffffffa8dd9f4dc5b5
7844,97.059448224,9.168110,30,v6,88000000ffffffffffffa8dd9f4dc5b5
7845,97.069560831,10.112607,30,v6,88000000ffffffffffffa8dd9f4dc5b5
7846,97.079752451,10.191620,30,v6,88000000ffffffffffffa8dd9f4dc5b5
7847,97.089912677,10.160226,30,v6,88000000ffffffffffffa8dd9f4dc5b5
7848,97.100030221,10.117544,30,v6,88000000ffffffffffffa8dd9f4dc5b5
7849,97.110312261,10.282040,30,v6,88000000ffffffffffffa8dd9f4dc5b5
7850,97.120534786,10.222525,30,v6,88000000ffffffffffffa8dd9f4dc5b5
7851,97.130770143,10.235357,30,v6,88000000ffffffffffffa8dd9f4dc5b5
7852,97.140694476,9.924333,30,v6,88000000ffffffffffffa8dd9f4dc5b5
7853,97.150745308,10.050832,30,v6,88000000ffffffffffffa8dd9f4dc5b5
7854,97.160916995,10.171687,30,v6,88000000ffffffffffffa8dd9f4dc5b5
7855,97.171241203,10.324208,30,v6,88000000ffffffffffffa8dd9f4dc5b5
7856,97.180394678,9.153475,30,v6,88000000ffffffffffffa8dd9f4dc5b5
7857,97.190641413,10.246735,30,v6,88000000ffffffffffffa8dd9f4dc5b5
7858,97.200819376,10.177963,30,v6,88000000ffffffffffffa8dd9f4dc5b5
7859,97.210664670,9.845294,30,v6,88000000ffffffffffffa8dd9f4dc5b5
7860,97.220748251,10.083581,30,v6,88000000ffffffffffffa8dd9f4dc5b5
7861,97.231113102,10.364851,30,v6,88000000ffffffffffffa8dd9f4dc5b5
7862,97.241428653,10.315551,30,v6,88000000ffffffffffffa8dd9f4dc5b5
7863,97.251386524,9.957871,30,v6,88000000ffffffffffffa8dd9f4dc5b5
7864,97.261579944,10.193420,30,v6,88000000ffffffffffffa8dd9f4dc5b5
7865,97.271673064,10.093120,30,v6,88000000ffffffffffffa8dd9f4dc5b5
7866,97.281047345,9.374281,30,v6,88000000ffffffffffffa8dd9f4dc5b5
7867,97.291142384,10.095039,30,v6,88000000ffffffffffffa8dd9f4dc5b5
7868,97.301337780,10.195396,30,v6,88000000ffffffffffffa8dd9f4dc5b5
7869,97.311752930,10.415150,30,v6,88000000ffffffffffffa8dd9f4dc5b5
7870,97.321714120,9.961190,30,v6,88000000ffffffffffffa8dd9f4dc5b5
7871,97.331755022,10.040902,30,v6,88000000ffffffffffffa8dd9f4dc5b5
7872,97.341850902,10.095880,30,v6,88000000ffffffffffffa8dd9f4dc5b5
7873,97.352004272,10.153370,30,v6,88000000ffffffffffffa8dd9f4dc5b5
7874,97.361949410,9.945138,30,v6,88000000ffffffffffffa8dd9f4dc5b5
7875,97.372527609,10.578199,30,v6,88000000ffffffffffffa8dd9f4dc5b5
7876,97.381536928,9.009319,30,v6,88000000ffffffffffffa8dd9f4dc5b5
7877,97.391834331,10.297403,30,v6,88000000ffffffffffffa8dd9f4dc5b5
7878,97.401750253,9.915922,30,v6,88000000ffffffffffffa8dd9f4dc5b5
7879,97.412024643,10.274390,30,v6,88000000ffffffffffffa8dd9f4dc5b5
7880,97.422230761,10.206118,30,v6,88000000ffffffffffffa8dd9f4dc5b5
7881,97.431201336,8.970575,30,v6,88000000ffffffffffffa8dd9f4dc5b5
7882,97.442522680,11.321344,30,v6,88000000ffffffffffffa8dd9f4dc5b5
7883,97.452655767,10.133087,30,v6,88000000ffffffffffffa8dd9f4dc5b5
7884,97.462551211,9.895444,30,v6,88000000ffffffffffffa8dd9f4dc5b5
7885,97.472792138,10.240927,30,v6,88000000ffffffffffffa8dd9f4dc5b5
7886,97.482142458,9.350320,30,v6,88000000ffffffffffffa8dd9f4dc5b5
7887,97.492331940,10.189482,30,v6,88000000ffffffffffffa8dd9f4dc5b5
7888,97.502442171,10.110231,30,v6,88000000ffffffffffffa8dd9f4dc5b5
7889,97.512573021,10.130850,30,v6,88000000ffffffffffffa8dd9f4dc5b5
7890,97.522964186,10.391165,30,v6,88000000ffffffffffffa8dd9f4dc5b5
7891,97.532849865,9.885679,30,v6,88000000ffffffffffffa8dd9f4dc5b5
7892,97.543175266,10.325401,30,v6,88000000ffffffffffffa8dd9f4dc5b5
7893,97.552110615,8.935349,30,v6,88000000ffffffffffffa8dd9f4dc5b5
7894,97.563247268,11.136653,30,v6,88000000ffffffffffffa8dd9f4dc5b5
7895,97.573609278,10.362010,30,v6,88000000ffffffffffffa8dd9f4dc5b5
7896,97.583549834,9.940556,30,v6,88000000ffffffffffffa8dd9f4dc5b5
7897,97.592740182,9.190348,30,v6,88000000ffffffffffffa8dd9f4dc5b5
7898,97.602939866,10.199684,30,v6,88000000ffffffffffffa8dd9f4dc5b5
7899,97.613142939,10.203073,30,v6,88000000ffffffffffffa8dd9f4dc5b5
7900,97.623283039,10.140100,30,v6,88000000ffffffffffffa8dd9f4dc5b5
7901,97.633460569,10.177530,30,v6,88000000ffffffffffffa8dd9f4dc5b5
7902,97.642597719,9.137150,30,v6,88000000ffffffffffffa8dd9f4dc5b5
7903,97.652602500,10.004781,30,v6,88000000ffffffffffffa8dd9f4dc5b5
7904,97.662897694,10.295194,30,v6,88000000ffffffffffffa8dd9f4dc5b5
7905,97.673098555,10.200861,30,v6,88000000ffffffffffffa8dd9f4dc5b5
7906,97.684241988,11.143433,30,v6,88000000ffffffffffffa8dd9f4dc5b5
7907,97.694643723,10.401735,30,v6,88000000ffffffffffffa8dd9f4dc5b5
7908,97.704514589,9.870866,30,v6,88000000ffffffffffffa8dd9f4dc5b5
7909,97.713900026,9.385437,30,v6,88000000ffffffffffffa8dd9f4dc5b5
7910,97.724010445,10.110419,30,v6,88000000ffffffffffffa8dd9f4dc5b5
7911,97.733871574,9.861129,30,v6,88000000ffffffffffffa8dd9f4dc5b5
7912,97.744317933,10.446359,30,v6,88000000ffffffffffffa8dd9f4dc5b5
7913,97.754381527,10.063594,30,v6,88000000ffffffffffffa8dd9f4dc5b5
7914,97.763565325,9.183798,30,v6,88000000ffffffffffffa8dd9f4dc5b5
7915,97.773794513,10.229188,30,v6,88000000ffffffffffffa8dd9f4dc5b5
7916,97.784568512,10.773999,30,v6,88000000ffffffffffffa8dd9f4dc5b5
7917,97.793888209,9.319697,30,v6,88000000ffffffffffffa8dd9f4dc5b5
7918,97.805182339,11.294130,30,v6,88000000ffffffffffffa8dd9f4dc5b5
7919,97.814384697,9.202358,30,v6,88000000ffffffffffffa8dd9f4dc5b5
7920,97.824414312,10.029615,30,v6,88000000ffffffffffffa8dd9f4dc5b5
7921,97.834715130,10.300818,30,v6,88000000ffffffffffffa8dd9f4dc5b5
7922,97.844701733,9.986603,30,v6,88000000ffffffffffffa8dd9f4dc5b5
7923,97.855017247,10.315514,30,v6,88000000ffffffffffffa8dd9f4dc5b5
7924,97.864087659,9.070412,30,v6,88000000ffffffffffffa8dd9f4dc5b5
7925,97.874484780,10.397121,30,v6,88000000ffffffffffffa8dd9f4dc5b5
7926,97.884321146,9.836366,30,v6,88000000ffffffffffffa8dd9f4dc5b5
7927,97.894738569,10.417423,30,v6,88000000ffffffffffffa8dd9f4dc5b5
7928,97.904606718,9.868149,30,v6,88000000ffffffffffffa8dd9f4dc5b5
7929,97.915818714,11.211996,30,v6,88000000ffffffffffffa8dd9f4dc5b5
7930,97.924921073,9.102359,30,v6,88000000ffffffffffffa8dd9f4dc5b5
7931,97.935177744,10.256671,30,v6,88000000ffffffffffffa8dd9f4dc5b5
7932,97.945168106,9.990362,30,v6,88000000ffffffffffffa8dd9f4dc5b5
7933,97.954448619,9.280513,30,v6,88000000ffffffffffffa8dd9f4dc5b5
7934,97.965701562,11.252943,30,v6,88000000ffffffffffffa8dd9f4dc5b5
7935,97.974975455,9.273893,30,v6,88000000ffffffffffffa8dd9f4dc5b5
7936,97.984991442,10.015987,30,v6,88000000ffffffffffffa8dd9f4dc5b5
7937,97.995070795,10.079353,30,v6,88000000ffffffffffffa8dd9f4dc5b5
7938,98.005532099,10.461304,30,v6,88000000ffffffffffffa8dd9f4dc5b5
7939,98.015392484,9.860385,30,v6,88000000ffffffffffffa8dd9f4dc5b5
7940,98.025654367,10.261883,30,v6,88000000ffffffffffffa8dd9f4dc5b5
7941,98.035775991,10.121624,30,v6,88000000ffffffffffffa8dd9f4dc5b5
7942,98.045795168,10.019177,30,v6,88000000ffffffffffffa8dd9f4dc5b5
7943,98.056117356,10.322188,30,v6,88000000ffffffffffffa8dd9f4dc5b5
7944,98.066524664,10.407308,30,v6,88000000ffffffffffffa8dd9f4dc5b5
7945,98.075716278,9.191614,30,v6,88000000ffffffffffffa8dd9f4dc5b5
7946,98.085544416,9.828138,30,v6,88000000ffffffffffffa8dd9f4dc5b5
7947,98.095546089,10.001673,30,v6,88000000ffffffffffffa8dd9f4dc5b5
7948,98.105984944,10.438855,30,v6,88000000ffffffffffffa8dd9f4dc5b5
7949,98.115887210,9.902266,30,v6,88000000ffffffffffffa8dd9f4dc5b5
7950,98.125319728,9.432518,30,v6,88000000ffffffffffffa8dd9f4dc5b5
7951,98.136353965,11.034237,30,v6,88000000ffffffffffffa8dd9f4dc5b5
7952,98.146341434,9.987469,30,v6,88000000ffffffffffffa8dd9f4dc5b5
7953,98.156904276,10.562842,30,v6,88000000ffffffffffffa8dd9f4dc5b5
7954,98.166854715,9.950439,30,v6,88000000ffffffffffffa8dd9f4dc5b5
7955,98.176962417,10.107702,30,v6,88000000ffffffffffffa8dd9f4dc5b5
7956,98.186296912,9.334495,30,v6,88000000ffffffffffffa8dd9f4dc5b5
7957,98.196594492,10.297580,30,v6,88000000ffffffffffffa8dd9f4dc5b5
7958,98.206612749,10.018257,30,v6,88000000ffffffffffffa8dd9f4dc5b5
7959,98.216574075,9.961326,30,v6,88000000ffffffffffffa8dd9f4dc5b5
7960,98.226952289,10.378214,30,v6,88000000ffffffffffffa8dd9f4dc5b5
7961,98.235972325,9.020036,30,v6,88000000ffffffffffffa8dd9f4dc5b5
7962,98.247223127,11.250802,30,v6,88000000ffffffffffffa8dd9f4dc5b5
7963,98.257581828,10.358701,30,v6,88000000ffffffffffffa8dd9f4dc5b5
7964,98.267490842,9.909014,30,v6,88000000ffffffffffffa8dd9f4dc5b5
7965,98.277509669,10.018827,30,v6,88000000ffffffffffffa8dd9f4dc5b5
7966,98.286683698,9.174029,30,v6,88000000ffffffffffffa8dd9f4dc5b5
7967,98.296963483,10.279785,30,v6,88000000ffffffffffffa8dd9f4dc5b5
7968,98.306842240,9.878757,30,v6,88000000ffffffffffffa8dd9f4dc5b5
7969,98.316223154,9.380914,30,v6,88000000ffffffffffffa8dd9f4dc5b5
7970,98.326587506,10.364352,30,v6,88000000ffffffffffffa8dd9f4dc5b5
7971,98.337609030,11.021524,30,v6,88000000ffffffffffffa8dd9f4dc5b5
7972,98.347624258,10.015228,30,v6,88000000ffffffffffffa8dd9f4dc5b5
7973,98.357788096,10.163838,30,v6,88000000ffffffffffffa8dd9f4dc5b5
7974,98.368041841,10.253745,30,v6,88000000ffffffffffffa8dd9f4dc5b5
7975,98.378328417,10.286576,30,v6,88000000ffffffffffffa8dd9f4dc5b5
7976,98.387352269,9.023852,30,v6,88000000ffffffffffffa8dd9f4dc5b5
7977,98.397265463,9.913194,30,v6,88000000ffffffffffffa8dd9f4dc5b5
7978,98.407687221,10.421758,30,v6,88000000ffffffffffffa8dd9f4dc5b5
7979,98.417752085,10.064864,30,v6,88000000ffffffffffffa8dd9f4dc5b5
7980,98.427992179,10.240094,30,v6,88000000ffffffffffffa8dd9f4dc5b5
7981,98.437084522,9.092343,30,v6,88000000ffffffffffffa8dd9f4dc5b5
7982,98.448085303,11.000781,30,v6,88000000ffffffffffffa8dd9f4dc5b5
7983,98.778602135,330.516832,30,v6,88000000ffffffffffffa8dd9f4dc5b5
7984,98.788872452,10.270317,30,v6,88000000ffffffffffffa8dd9f4dc5b5
7985,98.798844387,9.971935,30,v6,88000000ffffffffffffa8dd9f4dc5b5
7986,98.808863988,10.019601,30,v6,88000000ffffffffffffa8dd9f4dc5b5
7987,98.818125734,9.261746,30,v6,88000000ffffffffffffa8dd9f4dc5b5
7988,98.829466523,11.340789,30,v6,88000000ffffffffffffa8dd9f4dc5b5
7989,98.839516854,10.050331,30,v6,88000000ffffffffffffa8dd9f4dc5b5
7990,98.848642639,9.125785,30,v6,88000000ffffffffffffa8dd9f4dc5b5
7991,98.858728768,10.086129,30,v6,88000000ffffffffffffa8dd9f4dc5b5
7992,98.868786687,10.057919,30,v6,88000000ffffffffffffa8dd9f4dc5b5
7993,98.878015607,9.228920,30,v6,88000000ffffffffffffa8dd9f4dc5b5
7994,98.888092740,10.077133,30,v6,88000000ffffffffffffa8dd9f4dc5b5
7995,98.898298804,10.206064,30,v6,88000000ffffffffffffa8dd9f4dc5b5
7996,98.908712563,10.413759,30,v6,88000000ffffffffffffa8dd9f4dc5b5
7997,98.917660588,8.948025,30,v6,88000000ffffffffffffa8dd9f4dc5b5
7998,98.927581945,9.921357,30,v6,88000000ffffffffffffa8dd9f4dc5b5
7999,98.937887345,10.305400,30,v6,88000000ffffffffffffa8dd9f4dc5b5
8000,98.948055152,10.167807,30,v6,88000000ffffffffffffa8dd9f4dc5b5
8001,98.958255913,10.200761,30,v6,88000000ffffffffffffa8dd9f4dc5b5
8002,98.968419554,10.163641,30,v6,88000000ffffffffffffa8dd9f4dc5b5
8003,98.978539864,10.120310,30,v6,88000000ffffffffffffa8dd9f4dc5b5
8004,98.987843453,9.303589,30,v6,88000000ffffffffffffa8dd9f4dc5b5
8005,98.997752840,9.909387,30,v6,88000000ffffffffffffa8dd9f4dc5b5
8006,99.008031413,10.278573,30,v6,88000000ffffffffffffa8dd9f4dc5b5
8007,99.017217667,9.186254,30,v6,88000000ffffffffffffa8dd9f4dc5b5
8008,99.027304814,10.087147,30,v6,88000000ffffffffffffa8dd9f4dc5b5
8009,99.037608652,10.303838,30,v6,88000000ffffffffffffa8dd9f4dc5b5
8010,99.047808245,10.199593,30,v6,88000000ffffffffffffa8dd9f4dc5b5
8011,99.057942904,10.134659,30,v6,88000000ffffffffffffa8dd9f4dc5b5
8012,99.067894441,9.951537,30,v6,88000000ffffffffffffa8dd9f4dc5b5
8013,99.078097391,10.202950,30,v6,88000000ffffffffffffa8dd9f4dc5b5
8014,99.088666204,10.568813,30,v6,88000000ffffffffffffa8dd9f4dc5b5
8015,99.098507874,9.841670,30,v6,88000000ffffffffffffa8dd9f4dc5b5
8016,99.107904283,9.396409,30,v6,88000000ffffffffffffa8dd9f4dc5b5
8017,99.117819965,9.915682,30,v6,88000000ffffffffffffa8dd9f4dc5b5
8018,99.127890207,10.070242,30,v6,88000000ffffffffffffa8dd9f4dc5b5
8019,99.137255411,9.365204,30,v6,88000000ffffffffffffa8dd9f4dc5b5
8020,99.147325458,10.070047,30,v6,88000000ffffffffffffa8dd9f4dc5b5
8021,99.156497276,9.171818,30,v6,88000000ffffffffffffa8dd9f4dc5b5
8022,99.166558991,10.061715,30,v6,88000000ffffffffffffa8dd9f4dc5b5
8023,99.176709277,10.150286,30,v6,88000000ffffffffffffa8dd9f4dc5b5
8024,99.186996654,10.287377,30,v6,88000000ffffffffffffa8dd9f4dc5b5
8025,99.197108550,10.111896,30,v6,88000000ffffffffffffa8dd9f4dc5b5
8026,99.207451045,10.342495,30,v6,88000000ffffffffffffa8dd9f4dc5b5
8027,99.217565829,10.114784,30,v6,88000000ffffffffffffa8dd9f4dc5b5
8028,99.227758497,10.192668,30,v6,88000000ffffffffffffa8dd9f4dc5b5
8029,99.237581976,9.823479,30,v6,88000000ffffffffffffa8dd9f4dc5b5
8030,99.247902833,10.320857,30,v6,88000000ffffffffffffa8dd9f4dc5b5
8031,99.257070177,9.167344,30,v6,88000000ffffffffffffa8dd9f4dc5b5
8032,99.267317421,10.247244,30,v6,88000000ffffffffffffa8dd9f4dc5b5
8033,99.277424544,10.107123,30,v6,88000000ffffffffffffa8dd9f4dc5b5
8034,99.287424242,9.999698,30,v6,88000000ffffffffffffa8dd9f4dc5b5
8035,99.296586204,9.161962,30,v6,88000000ffffffffffffa8dd9f4dc5b5
8036,99.306846127,10.259923,30,v6,88000000ffffffffffffa8dd9f4dc5b5
8037,99.316846911,10.000784,30,v6,88000000ffffffffffffa8dd9f4dc5b5
8038,99.326057490,9.210579,30,v6,88000000ffffffffffffa8dd9f4dc5b5
8039,99.337380841,11.323351,30,v6,88000000ffffffffffffa8dd9f4dc5b5
8040,99.347410050,10.029209,30,v6,88000000ffffffffffffa8dd9f4dc5b5
8041,99.357758837,10.348787,30,v6,88000000ffffffffffffa8dd9f4dc5b5
8042,99.367700253,9.941416,30,v6,88000000ffffffffffffa8dd9f4dc5b5
8043,99.377853304,10.153051,30,v6,88000000ffffffffffffa8dd9f4dc5b5
8044,99.387127486,9.274182,30,v6,88000000ffffffffffffa8dd9f4dc5b5
8045,99.397355759,10.228273,30,v6,88000000ffffffffffffa8dd9f4dc5b5
8046,99.406609850,9.254091,30,v6,88000000ffffffffffffa8dd9f4dc5b5
8047,99.416530405,9.920555,30,v6,88000000ffffffffffffa8dd9f4dc5b5
8048,99.426612703,10.082298,30,v6,88000000ffffffffffffa8dd9f4dc5b5
8049,99.436556603,9.943900,30,v6,88000000ffffffffffffa8dd9f4dc5b5
8050,99.447957541,11.400938,30,v6,88000000ffffffffffffa8dd9f4dc5b5
8051,99.457113105,9.155564,30,v6,88000000ffffffffffffa8dd9f4dc5b5
8052,99.467166792,10.053687,30,v6,88000000ffffffffffffa8dd9f4dc5b5
8053,99.477386980,10.220188,30,v6,88000000ffffffffffffa8dd9f4dc5b5
8054,99.486772545,9.385565,30,v6,88000000ffffffffffffa8dd9f4dc5b5
8055,99.496721354,9.948809,30,v6,88000000ffffffffffffa8dd9f4dc5b5
8056,99.506770935,10.049581,30,v6,88000000ffffffffffffa8dd9f4dc5b5
8057,99.516025906,9.254971,30,v6,88000000ffffffffffffa8dd9f4dc5b5
8058,99.526253144,10.227238,30,v6,88000000ffffffffffffa8dd9f4dc5b5
8059,99.536374669,10.121525,30,v6,88000000ffffffffffffa8dd9f4dc5b5
8060,99.546444340,10.069671,30,v6,88000000ffffffffffffa8dd9f4dc5b5
8061,99.555762823,9.318483,30,v6,88000000ffffffffffffa8dd9f4dc5b5
8062,99.565893762,10.130939,30,v6,88000000ffffffffffffa8dd9f4dc5b5
8063,99.576988038,11.094276,30,v6,88000000ffffffffffffa8dd9f4dc5b5
8064,99.587246521,10.258483,30,v6,88000000ffffffffffffa8dd9f4dc5b5
8065,99.596249363,9.002842,30,v6,88000000ffffffffffffa8dd9f4dc5b5
8066,99.606473887,10.224524,30,v6,88000000ffffffffffffa8dd9f4dc5b5
8067,99.616648021,10.174134,30,v6,88000000ffffffffffffa8dd9f4dc5b5
8068,99.626651831,10.003810,30,v6,88000000ffffffffffffa8dd9f4dc5b5
8069,99.635870968,9.219137,30,v6,88000000ffffffffffffa8dd9f4dc5b5
8070,99.646164954,10.293986,30,v6,88000000ffffffffffffa8dd9f4dc5b5
8071,99.655250410,9.085456,30,v6,88000000ffffffffffffa8dd9f4dc5b5
8072,99.665393403,10.142993,30,v6,88000000ffffffffffffa8dd9f4dc5b5
8073,99.675392569,9.999166,30,v6,88000000ffffffffffffa8dd9f4dc5b5
8074,99.685544561,10.151992,30,v6,88000000ffffffffffffa8dd9f4dc5b5
8075,99.696745437,11.200876,30,v6,88000000ffffffffffffa8dd9f4dc5b5
8076,99.716359580,19.614143,30,v6,88000000ffffffffffffa8dd9f4dc5b5
8077,99.726323871,9.964291,30,v6,88000000ffffffffffffa8dd9f4dc5b5
8078,99.735424088,9.100217,30,v6,88000000ffffffffffffa8dd9f4dc5b5
8079,99.745618364,10.194276,30,v6,88000000ffffffffffffa8dd9f4dc5b5
8080,99.755934382,10.316018,30,v6,88000000ffffffffffffa8dd9f4dc5b5
8081,99.766035941,10.101559,30,v6,88000000ffffffffffffa8dd9f4dc5b5
8082,99.775356064,9.320123,30,v6,88000000ffffffffffffa8dd9f4dc5b5
8083,99.785289248,9.933184,30,v6,88000000ffffffffffffa8dd9f4dc5b5
8084,99.795517759,10.228511,30,v6,88000000ffffffffffffa8dd9f4dc5b5
8085,99.805609697,10.091938,30,v6,88000000ffffffffffffa8dd9f4dc5b5
8086,99.815696841,10.087144,30,v6,88000000ffffffffffffa8dd9f4dc5b5
8087,99.825758556,10.061715,30,v6,88000000ffffffffffffa8dd9f4dc5b5
8088,99.835098655,9.340099,30,v6,88000000ffffffffffffa8dd9f4dc5b5
8089,99.845199116,10.100461,30,v6,88000000ffffffffffffa8dd9f4dc5b5
8090,99.855388816,10.189700,30,v6,88000000ffffffffffffa8dd9f4dc5b5
8091,99.865458045,10.069229,30,v6,88000000ffffffffffffa8dd9f4dc5b5
8092,99.874957606,9.499561,30,v6,88000000ffffffffffffa8dd9f4dc5b5
8093,99.884668648,9.711042,30,v6,88000000ffffffffffffa8dd9f4dc5b5
8094,99.894948749,10.280101,30,v6,88000000ffffffffffffa8dd9f4dc5b5
8095,99.905225325,10.276576,30,v6,88000000ffffffffffffa8dd9f4dc5b5
8096,99.915352173,10.126848,30,v6,88000000ffffffffffffa8dd9f4dc5b5
8097,99.925872175,10.520002,30,v6,88000000ffffffffffffa8dd9f4dc5b5
8098,99.934732534,8.860359,30,v6,88000000ffffffffffffa8dd9f4dc5b5
8099,99.944964285,10.231751,30,v6,88000000ffffffffffffa8dd9f4dc5b5
8100,99.954743886,9.779601,30,v6,88000000ffffffffffffa8dd9f4dc5b5
8101,99.964092807,9.348921,30,v6,88000000ffffffffffffa8dd9f4dc5b5
8102,99.974420424,10.327617,30,v6,88000000ffffffffffffa8dd9f4dc5b5
8103,99.984251691,9.831267,30,v6,88000000ffffffffffffa8dd9f4dc5b5
8104,99.993574047,9.322356,30,v6,88000000ffffffffffffa8dd9f4dc5b5
8105,100.004639697,11.065650,30,v6,88000000ffffffffffffa8dd9f4dc5b5
8106,100.014980487,10.340790,30,v6,88000000ffffffffffffa8dd9f4dc5b5
8107,100.025094338,10.113851,30,v6,88000000ffffffffffffa8dd9f4dc5b5
8108,100.035183709,10.089371,30,v6,88000000ffffffffffffa8dd9f4dc5b5
8109,100.044480580,9.296871,30,v6,88000000ffffffffffffa8dd9f4dc5b5
8110,100.054469362,9.988782,30,v6,88000000ffffffffffffa8dd9f4dc5b5
8111,100.064581538,10.112176,30,v6,88000000ffffffffffffa8dd9f4dc5b5
8112,100.073839096,9.257558,30,v6,88000000ffffffffffffa8dd9f4dc5b5
8113,100.083971436,10.132340,30,v6,88000000ffffffffffffa8dd9f4dc5b5
8114,100.094121170,10.149734,30,v6,88000000ffffffffffffa8dd9f4dc5b5
8115,100.103595886,9.474716,30,v6,88000000ffffffffffffa8dd9f4dc5b5
8116,100.113448514,9.852628,30,v6,88000000ffffffffffffa8dd9f4dc5b5
8117,100.124813275,11.364761,30,v6,88000000ffffffffffffa8dd9f4dc5b5
8118,100.134957938,10.144663,30,v6,88000000ffffffffffffa8dd9f4dc5b5
8119,100.143916440,8.958502,30,v6,88000000ffffffffffffa8dd9f4dc5b5
8120,100.154227913,10.311473,30,v6,88000000ffffffffffffa8dd9f4dc5b5
8121,100.163298436,9.070523,30,v6,88000000ffffffffffffa8dd9f4dc5b5
8122,100.173339111,10.040675,30,v6,88000000ffffffffffffa8dd9f4dc5b5
8123,100.183688282,10.349171,30,v6,88000000ffffffffffffa8dd9f4dc5b5
8124,100.193785024,10.096742,30,v6,88000000ffffffffffffa8dd9f4dc5b5
8125,100.203932031,10.147007,30,v6,88000000ffffffffffffa8dd9f4dc5b5
8126,100.213189698,9.257667,30,v6,88000000ffffffffffffa8dd9f4dc5b5
8127,100.223346053,10.156355,30,v6,88000000ffffffffffffa8dd9f4dc5b5
8128,100.233494638,10.148585,30,v6,88000000ffffffffffffa8dd9f4dc5b5
8129,100.243641627,10.146989,30,v6,88000000ffffffffffffa8dd9f4dc5b5
8130,100.252821889,9.180262,30,v6,88000000ffffffffffffa8dd9f4dc5b5
8131,100.263932366,11.110477,30,v6,88000000ffffffffffffa8dd9f4dc5b5
8132,100.274105907,10.173541,30,v6,88000000ffffffffffffa8dd9f4dc5b5
8133,100.283256947,9.151040,30,v6,88000000ffffffffffffa8dd9f4dc5b5
8134,100.293379783,10.122836,30,v6,88000000ffffffffffffa8dd9f4dc5b5
8135,100.303435059,10.055276,30,v6,88000000ffffffffffffa8dd9f4dc5b5
8136,100.313783805,10.348746,30,v6,88000000ffffffffffffa8dd9f4dc5b5
8137,100.322882360,9.098555,30,v6,88000000ffffffffffffa8dd9f4dc5b5
8138,100.332937091,10.054731,30,v6,88000000ffffffffffffa8dd9f4dc5b5
8139,100.343040186,10.103095,30,v6,88000000ffffffffffffa8dd9f4dc5b5
8140,100.352188237,9.148051,30,v6,88000000ffffffffffffa8dd9f4dc5b5
8141,100.363301023,11.112786,30,v6,88000000ffffffffffffa8dd9f4dc5b5
8142,100.373652869,10.351846,30,v6,88000000ffffffffffffa8dd9f4dc5b5
8143,100.383894309,10.241440,30,v6,88000000ffffffffffffa8dd9f4dc5b5
8144,100.392810878,8.916569,30,v6,88000000ffffffffffffa8dd9f4dc5b5
8145,100.403009731,10.198853,30,v6,88000000ffffffffffffa8dd9f4dc5b5
8146,100.413062611,10.052880,30,v6,88000000ffffffffffffa8dd9f4dc5b5
8147,100.422437431,9.374820,30,v6,88000000ffffffffffffa8dd9f4dc5b5
8148,100.432298503,9.861072,30,v6,88000000ffffffffffffa8dd9f4dc5b5
8149,100.441900332,9.601829,30,v6,88000000ffffffffffffa8dd9f4dc5b5
8150,100.452022789,10.122457,30,v6,88000000ffffffffffffa8dd9f4dc5b5
8151,100.461982145,9.959356,30,v6,88000000ffffffffffffa8dd9f4dc5b5
8152,100.472217503,10.235358,30,v6,88000000ffffffffffffa8dd9f4dc5b5
8153,100.482356145,10.138642,30,v6,88000000ffffffffffffa8dd9f4dc5b5
8154,100.492526949,10.170804,30,v6,88000000ffffffffffffa8dd9f4dc5b5
8155,100.502556825,10.029876,30,v6,88000000ffffffffffffa8dd9f4dc5b5
8156,100.513180091,10.623266,30,v6,88000000ffffffffffffa8dd9f4dc5b5
8157,100.521909408,8.729317,30,v6,88000000ffffffffffffa8dd9f4dc5b5
8158,100.531957605,10.048197,30,v6,88000000ffffffffffffa8dd9f4dc5b5
8159,100.542221305,10.263700,30,v6,88000000ffffffffffffa8dd9f4dc5b5
8160,100.551560455,9.339150,30,v6,88000000ffffffffffffa8dd9f4dc5b5
8161,100.561602663,10.042208,30,v6,88000000ffffffffffffa8dd9f4dc5b5
8162,100.571738802,10.136139,30,v6,88000000ffffffffffffa8dd9f4dc5b5
8163,100.581762092,10.023290,30,v6,88000000ffffffffffffa8dd9f4dc5b5
8164,100.593045242,11.283150,30,v6,88000000ffffffffffffa8dd9f4dc5b5
8165,100.603193263,10.148021,30,v6,88000000ffffffffffffa8dd9f4dc5b5
8166,100.612375057,9.181794,30,v6,88000000ffffffffffffa8dd9f4dc5b5
8167,100.622491380,10.116323,30,v6,88000000ffffffffffffa8dd9f4dc5b5
8168,100.632634612,10.143232,30,v6,88000000ffffffffffffa8dd9f4dc5b5
8169,100.641825790,9.191178,30,v6,88000000ffffffffffffa8dd9f4dc5b5
8170,100.652011635,10.185845,30,v6,88000000ffffffffffffa8dd9f4dc5b5
8171,100.661939138,9.927503,30,v6,88000000ffffffffffffa8dd9f4dc5b5
8172,100.671132614,9.193476,30,v6,88000000ffffffffffffa8dd9f4dc5b5
8173,100.681468201,10.335587,30,v6,88000000ffffffffffffa8dd9f4dc5b5
8174,100.691573763,10.105562,30,v6,88000000ffffffffffffa8dd9f4dc5b5
8175,100.701951229,10.377466,30,v6,88000000ffffffffffffa8dd9f4dc5b5
8176,100.711702728,9.751499,30,v6,88000000ffffffffffffa8dd9f4dc5b5
8177,100.722025389,10.322661,30,v6,88000000ffffffffffffa8dd9f4dc5b5
8178,100.731146614,9.121225,30,v6,88000000ffffffffffffa8dd9f4dc5b5
8179,100.742597496,11.450882,30,v6,88000000ffffffffffffa8dd9f4dc5b5
8180,100.751554683,8.957187,30,v6,88000000ffffffffffffa8dd9f4dc5b5
8181,100.761747838,10.193155,30,v6,88000000ffffffffffffa8dd9f4dc5b5
8182,100.771737135,9.989297,30,v6,88000000ffffffffffffa8dd9f4dc5b5
8183,100.781907720,10.170585,30,v6,88000000ffffffffffffa8dd9f4dc5b5
8184,100.791235397,9.327677,30,v6,88000000ffffffffffffa8dd9f4dc5b5
8185,100.802165168,10.929771,30,v6,88000000ffffffffffffa8dd9f4dc5b5
8186,100.812448330,10.283162,30,v6,88000000ffffffffffffa8dd9f4dc5b5
8187,100.822661107,10.212777,30,v6,88000000ffffffffffffa8dd9f4dc5b5
8188,100.832627917,9.966810,30,v6,88000000ffffffffffffa8dd9f4dc5b5
8189,100.841889734,9.261817,30,v6,88000000ffffffffffffa8dd9f4dc5b5
8190,100.851993321,10.103587,30,v6,88000000ffffffffffffa8dd9f4dc5b5
8191,100.862314552,10.321231,30,v6,88000000ffffffffffffa8dd9f4dc5b5
8192,100.871630849,9.316297,30,v6,88000000ffffffffffffa8dd9f4dc5b5
8193,100.881744428,10.113579,30,v6,88000000ffffffffffffa8dd9f4dc5b5
8194,100.892044917,10.300489,30,v6,88000000ffffffffffffa8dd9f4dc5b5
8195,100.900845742,8.800825,30,v6,88000000ffffffffffffa8dd9f4dc5b5
8196,100.911985800,11.140058,30,v6,88000000ffffffffffffa8dd9f4dc5b5
8197,100.922532989,10.547189,30,v6,88000000ffffffffffffa8dd9f4dc5b5
8198,100.932323299,9.790310,30,v6,88000000ffffffffffffa8dd9f4dc5b5
8199,100.941802182,9.478883,30,v6,88000000ffffffffffffa8dd9f4dc5b5
8200,100.952036229,10.234047,30,v6,88000000ffffffffffffa8dd9f4dc5b5
8201,100.961758857,9.722628,30,v6,88000000ffffffffffffa8dd9f4dc5b5
8202,100.972016412,10.257555,30,v6,88000000ffffffffffffa8dd9f4dc5b5
8203,100.981191026,9.174614,30,v6,88000000ffffffffffffa8dd9f4dc5b5
8204,100.991295895,10.104869,30,v6,88000000ffffffffffffa8dd9f4dc5b5
8205,101.001836471,10.540576,30,v6,88000000ffffffffffffa8dd9f4dc5b5
8206,101.011684646,9.848175,30,v6,88000000ffffffffffffa8dd9f4dc5b5
8207,101.020899180,9.214534,30,v6,88000000ffffffffffffa8dd9f4dc5b5
8208,101.030946596,10.047416,30,v6,88000000ffffffffffffa8dd9f4dc5b5
8209,101.041015886,10.069290,30,v6,88000000ffffffffffffa8dd9f4dc5b5
8210,101.051300409,10.284523,30,v6,88000000ffffffffffffa8dd9f4dc5b5
8211,101.061371513,10.071104,30,v6,88000000ffffffffffffa8dd9f4dc5b5
8212,101.070791509,9.419996,30,v6,88000000ffffffffffffa8dd9f4dc5b5
8213,101.081671004,10.879495,30,v6,88000000ffffffffffffa8dd9f4dc5b5
8214,101.090790187,9.119183,30,v6,88000000ffffffffffffa8dd9f4dc5b5
8215,101.100908675,10.118488,30,v6,88000000ffffffffffffa8dd9f4dc5b5
8216,101.111141276,10.232601,30,v6,88000000ffffffffffffa8dd9f4dc5b5
8217,101.121441263,10.299987,30,v6,88000000ffffffffffffa8dd9f4dc5b5
8218,101.131438135,9.996872,30,v6,88000000ffffffffffffa8dd9f4dc5b5
8219,101.140844983,9.406848,30,v6,88000000ffffffffffffa8dd9f4dc5b5
8220,101.150621819,9.776836,30,v6,88000000ffffffffffffa8dd9f4dc5b5
8221,101.160937702,10.315883,30,v6,88000000ffffffffffffa8dd9f4dc5b5
8222,101.170044774,9.107072,30,v6,88000000ffffffffffffa8dd9f4dc5b5
8223,101.180303914,10.259140,30,v6,88000000ffffffffffffa8dd9f4dc5b5
8224,101.190444056,10.140142,30,v6,88000000ffffffffffffa8dd9f4dc5b5
8225,101.201517402,11.073346,30,v6,88000000ffffffffffffa8dd9f4dc5b5
8226,101.210896742,9.379340,30,v6,88000000ffffffffffffa8dd9f4dc5b5
8227,101.220894158,9.997416,30,v6,88000000ffffffffffffa8dd9f4dc5b5
8228,101.231123678,10.229520,30,v6,88000000ffffffffffffa8dd9f4dc5b5
8229,101.240252410,9.128732,30,v6,88000000ffffffffffffa8dd9f4dc5b5
8230,101.250363629,10.111219,30,v6,88000000ffffffffffffa8dd9f4dc5b5
8231,101.260651986,10.288357,30,v6,88000000ffffffffffffa8dd9f4dc5b5
8232,101.270747298,10.095312,30,v6,88000000ffffffffffffa8dd9f4dc5b5
8233,101.279570745,8.823447,30,v6,88000000ffffffffffffa8dd9f4dc5b5
8234,101.289896166,10.325421,30,v6,88000000ffffffffffffa8dd9f4dc5b5
8235,101.300024723,10.128557,30,v6,88000000ffffffffffffa8dd9f4dc5b5
8236,101.311369323,11.344600,30,v6,88000000ffffffffffffa8dd9f4dc5b5
8237,101.321785756,10.416433,30,v6,88000000ffffffffffffa8dd9f4dc5b5
8238,101.330459816,8.674060,2,v6,0c29
8239,101.340673717,10.213901,30,v6,88000000ffffffffffffa8dd9f4dc5b5
8240,101.350969557,10.295840,30,v6,88000000ffffffffffffa8dd9f4dc5b5
8241,101.360106680,9.137123,30,v6,88000000ffffffffffffa8dd9f4dc5b5
8242,101.370363621,10.256941,30,v6,88000000ffffffffffffa8dd9f4dc5b5
8243,101.379398479,9.034858,30,v6,88000000ffffffffffffa8dd9f4dc5b5
8244,101.389519517,10.121038,30,v6,88000000ffffffffffffa8dd9f4dc5b5
8245,101.399725362,10.205845,30,v6,88000000ffffffffffffa8dd9f4dc5b5
8246,101.409938393,10.213031,30,v6,88000000ffffffffffffa8dd9f4dc5b5
8247,101.420056176,10.117783,30,v6,88000000ffffffffffffa8dd9f4dc5b5
8248,101.430255400,10.199224,30,v6,88000000ffffffffffffa8dd9f4dc5b5
8249,101.439273657,9.018257,30,v6,88000000ffffffffffffa8dd9f4dc5b5
8250,101.449515496,10.241839,30,v6,88000000ffffffffffffa8dd9f4dc5b5
8251,101.459890181,10.374685,30,v6,88000000ffffffffffffa8dd9f4dc5b5
8252,101.469811179,9.920998,30,v6,88000000ffffffffffffa8dd9f4dc5b5
8253,101.479955416,10.144237,30,v6,88000000ffffffffffffa8dd9f4dc5b5
8254,101.489025797,9.070381,30,v6,88000000ffffffffffffa8dd9f4dc5b5
8255,101.500319189,11.293392,30,v6,88000000ffffffffffffa8dd9f4dc5b5
8256,101.510326684,10.007495,30,v6,88000000ffffffffffffa8dd9f4dc5b5
8257,101.520691970,10.365286,30,v6,88000000ffffffffffffa8dd9f4dc5b5
8258,101.529899168,9.207198,30,v6,88000000ffffffffffffa8dd9f4dc5b5
8259,101.539698637,9.799469,30,v6,88000000ffffffffffffa8dd9f4dc5b5
8260,101.549997987,10.299350,30,v6,88000000ffffffffffffa8dd9f4dc5b5
8261,101.559256043,9.258056,30,v6,88000000ffffffffffffa8dd9f4dc5b5
8262,101.569362593,10.106550,30,v6,88000000ffffffffffffa8dd9f4dc5b5
8263,101.578613977,9.251384,30,v6,88000000ffffffffffffa8dd9f4dc5b5
8264,101.588918930,10.304953,30,v6,88000000ffffffffffffa8dd9f4dc5b5
8265,101.599614763,10.695833,30,v6,88000000ffffffffffffa8dd9f4dc5b5
8266,101.609958077,10.343314,30,v6,88000000ffffffffffffa8dd9f4dc5b5
8267,101.620197774,10.239697,30,v6,88000000ffffffffffffa8dd9f4dc5b5
8268,101.629501441,9.303667,30,v6,88000000ffffffffffffa8dd9f4dc5b5
8269,101.639410722,9.909281,30,v6,88000000ffffffffffffa8dd9f4dc5b5
8270,101.648718064,9.307342,30,v6,88000000ffffffffffffa8dd9f4dc5b5
8271,101.658854046,10.135982,30,v6,88000000ffffffffffffa8dd9f4dc5b5
8272,101.669055660,10.201614,30,v6,88000000ffffffffffffa8dd9f4dc5b5
8273,101.679213164,10.157504,30,v6,88000000ffffffffffffa8dd9f4dc5b5
8274,101.688192568,8.979404,30,v6,88000000ffffffffffffa8dd9f4dc5b5
8275,101.699273166,11.080598,30,v6,88000000ffffffffffffa8dd9f4dc5b5
8276,101.709788963,10.515797,30,v6,88000000ffffffffffffa8dd9f4dc5b5
8277,101.719752706,9.963743,30,v6,88000000ffffffffffffa8dd9f4dc5b5
8278,101.728893824,9.141118,30,v6,88000000ffffffffffffa8dd9f4dc5b5
8279,101.739047085,10.153261,30,v6,88000000ffffffffffffa8dd9f4dc5b5
8280,101.748213719,9.166634,30,v6,88000000ffffffffffffa8dd9f4dc5b5
8281,101.758344369,10.130650,30,v6,88000000ffffffffffffa8dd9f4dc5b5
8282,101.768517427,10.173058,30,v6,88000000ffffffffffffa8dd9f4dc5b5
8283,101.777753873,9.236446,30,v6,88000000ffffffffffffa8dd9f4dc5b5
8284,101.787828577,10.074704,30,v6,88000000ffffffffffffa8dd9f4dc5b5
8285,101.797809269,9.980692,30,v6,88000000ffffffffffffa8dd9f4dc5b5
8286,101.809195530,11.386261,30,v6,88000000ffffffffffffa8dd9f4dc5b5
8287,101.819201492,10.005962,30,v6,88000000ffffffffffffa8dd9f4dc5b5
8288,101.828418918,9.217426,30,v6,88000000ffffffffffffa8dd9f4dc5b5
8289,101.838947424,10.528506,30,v6,88000000ffffffffffffa8dd9f4dc5b5
8290,101.848854785,9.907361,30,v6,88000000ffffffffffffa8dd9f4dc5b5
8291,101.857949904,9.095119,30,v6,88000000ffffffffffffa8dd9f4dc5b5
8292,101.868266275,10.316371,30,v6,88000000ffffffffffffa8dd9f4dc5b5
8293,101.878167147,9.900872,30,v6,88000000ffffffffffffa8dd9f4dc5b5
8294,101.888638812,10.471665,30,v6,88000000ffffffffffffa8dd9f4dc5b5
8295,101.897595433,8.956621,30,v6,88000000ffffffffffffa8dd9f4dc5b5
8296,101.907696551,10.101118,30,v6,88000000ffffffffffffa8dd9f4dc5b5
8297,101.918985699,11.289148,30,v6,88000000ffffffffffffa8dd9f4dc5b5
8298,101.928092373,9.106674,30,v6,88000000ffffffffffffa8dd9f4dc5b5
8299,101.938203496,10.111123,30,v6,88000000ffffffffffffa8dd9f4dc5b5
8300,101.948238569,10.035073,30,v6,88000000ffffffffffffa8dd9f4dc5b5
8301,101.958632619,10.394050,30,v6,88000000ffffffffffffa8dd9f4dc5b5
8302,101.968631654,9.999035,30,v6,88000000ffffffffffffa8dd9f4dc5b5
8303,101.977863872,9.232218,30,v6,88000000ffffffffffffa8dd9f4dc5b5
8304,101.988049247,10.185375,30,v6,88000000ffffffffffffa8dd9f4dc5b5
8305,101.998069748,10.020501,30,v6,88000000ffffffffffffa8dd9f4dc5b5
8306,102.008477535,10.407787,30,v6,88000000ffffffffffffa8dd9f4dc5b5
8307,102.017386089,8.908554,30,v6,88000000ffffffffffffa8dd9f4dc5b5
8308,102.028631482,11.245393,30,v6,88000000ffffffffffffa8dd9f4dc5b5
8309,102.038746704,10.115222,30,v6,88000000ffffffffffffa8dd9f4dc5b5
8310,102.047989464,9.242760,30,v6,88000000ffffffffffffa8dd9f4dc5b5
8311,102.058276219,10.286755,30,v6,88000000ffffffffffffa8dd9f4dc5b5
8312,102.068279144,10.002925,30,v6,88000000ffffffffffffa8dd9f4dc5b5
8313,102.077567105,9.287961,30,v6,88000000ffffffffffffa8dd9f4dc5b5
8314,102.087581356,10.014251,30,v6,88000000ffffffffffffa8dd9f4dc5b5
8315,102.097506282,9.924926,30,v6,88000000ffffffffffffa8dd9f4dc5b5
8316,102.107871929,10.365647,30,v6,88000000ffffffffffffa8dd9f4dc5b5
8317,102.116893188,9.021259,30,v6,88000000ffffffffffffa8dd9f4dc5b5
8318,102.127136632,10.243444,30,v6,88000000ffffffffffffa8dd9f4dc5b5
8319,102.138483223,11.346591,30,v6,88000000ffffffffffffa8dd9f4dc5b5
8320,102.147431873,8.948650,30,v6,88000000ffffffffffffa8dd9f4dc5b5
8321,102.157560534,10.128661,30,v6,88000000ffffffffffffa8dd9f4dc5b5
8322,102.166778269,9.217735,30,v6,88000000ffffffffffffa8dd9f4dc5b5
8323,102.176870650,10.092381,30,v6,88000000ffffffffffffa8dd9f4dc5b5
8324,102.187019248,10.148598,30,v6,88000000ffffffffffffa8dd9f4dc5b5
8325,102.197538952,10.519704,30,v6,88000000ffffffffffffa8dd9f4dc5b5
8326,102.206543634,9.004682,30,v6,88000000ffffffffffffa8dd9f4dc5b5
8327,102.216740294,10.196660,30,v6,88000000ffffffffffffa8dd9f4dc5b5
8328,102.226856182,10.115888,30,v6,88000000ffffffffffffa8dd9f4dc5b5
8329,102.236864623,10.008441,30,v6,88000000ffffffffffffa8dd9f4dc5b5
8330,102.246171364,9.306741,30,v6,88000000ffffffffffffa8dd9f4dc5b5
8331,102.257224635,11.053271,30,v6,88000000ffffffffffffa8dd9f4dc5b5
8332,102.267235865,10.011230,30,v6,88000000ffffffffffffa8dd9f4dc5b5
8333,102.277762610,10.526745,30,v6,88000000ffffffffffffa8dd9f4dc5b5
8334,102.286888371,9.125761,30,v6,88000000ffffffffffffa8dd9f4dc5b5
8335,102.296899546,10.011175,30,v6,88000000ffffffffffffa8dd9f4dc5b5
8336,102.307072717,10.173171,30,v6,88000000ffffffffffffa8dd9f4dc5b5
8337,102.317199014,10.126297,30,v6,88000000ffffffffffffa8dd9f4dc5b5
8338,102.326531625,9.332611,30,v6,88000000ffffffffffffa8dd9f4dc5b5
8339,102.336584724,10.053099,30,v6,88000000ffffffffffffa8dd9f4dc5b5
8340,102.346771375,10.186651,30,v6,88000000ffffffffffffa8dd9f4dc5b5
8341,102.355642306,8.870931,30,v6,88000000ffffffffffffa8dd9f4dc5b5
8342,102.365861381,10.219075,30,v6,88000000ffffffffffffa8dd9f4dc5b5
8343,102.377062338,11.200957,30,v6,88000000ffffffffffffa8dd9f4dc5b5
8344,102.386199910,9.137572,30,v6,88000000ffffffffffffa8dd9f4dc5b5
8345,102.396227575,10.027665,30,v6,88000000ffffffffffffa8dd9f4dc5b5
8346,102.406723882,10.496307,30,v6,88000000ffffffffffffa8dd9f4dc5b5
8347,102.415707917,8.984035,30,v6,88000000ffffffffffffa8dd9f4dc5b5
8348,102.425815292,10.107375,30,v6,88000000ffffffffffffa8dd9f4dc5b5
8349,102.436022229,10.206937,30,v6,88000000ffffffffffffa8dd9f4dc5b5
8350,102.445187939,9.165710,30,v6,88000000ffffffffffffa8dd9f4dc5b5
8351,102.455281676,10.093737,30,v6,88000000ffffffffffffa8dd9f4dc5b5
8352,102.465366774,10.085098,30,v6,88000000ffffffffffffa8dd9f4dc5b5
8353,102.475633109,10.266335,30,v6,88000000ffffffffffffa8dd9f4dc5b5
8354,102.486090839,10.457730,30,v6,88000000ffffffffffffa8dd9f4dc5b5
8355,102.496015055,9.924216,30,v6,88000000ffffffffffffa8dd9f4dc5b5
8356,102.506284079,10.269024,30,v6,88000000ffffffffffffa8dd9f4dc5b5
8357,102.515396928,9.112849,30,v6,88000000ffffffffffffa8dd9f4dc5b5
8358,102.525640112,10.243184,30,v6,88000000ffffffffffffa8dd9f4dc5b5
8359,102.535515441,9.875329,30,v6,88000000ffffffffffffa8dd9f4dc5b5
8360,102.545791474,10.276033,30,v6,88000000ffffffffffffa8dd9f4dc5b5
8361,102.555829312,10.037838,30,v6,88000000ffffffffffffa8dd9f4dc5b5
8362,102.565050204,9.220892,30,v6,88000000ffffffffffffa8dd9f4dc5b5
8363,102.575468056,10.417852,30,v6,88000000ffffffffffffa8dd9f4dc5b5
8364,102.585570098,10.102042,30,v6,88000000ffffffffffffa8dd9f4dc5b5
8365,102.594670726,9.100628,30,v6,88000000ffffffffffffa8dd9f4dc5b5
8366,102.604556907,9.886181,30,v6,88000000ffffffffffffa8dd9f4dc5b5
8367,102.615644848,11.087941,30,v6,88000000ffffffffffffa8dd9f4dc5b5
8368,102.625005325,9.360477,30,v6,88000000ffffffffffffa8dd9f4dc5b5
8369,102.635246272,10.240947,30,v6,88000000ffffffffffffa8dd9f4dc5b5
8370,102.645293837,10.047565,30,v6,88000000ffffffffffffa8dd9f4dc5b5
8371,102.654570439,9.276602,30,v6,88000000ffffffffffffa8dd9f4dc5b5
8372,102.665548260,10.977821,30,v6,88000000ffffffffffffa8dd9f4dc5b5
8373,102.675014114,9.465854,30,v6,88000000ffffffffffffa8dd9f4dc5b5
8374,102.684861436,9.847322,30,v6,88000000ffffffffffffa8dd9f4dc5b5
8375,102.695136793,10.275357,30,v6,88000000ffffffffffffa8dd9f4dc5b5
8376,102.704193423,9.056630,30,v6,88000000ffffffffffffa8dd9f4dc5b5
8377,102.714318727,10.125304,30,v6,88000000ffffffffffffa8dd9f4dc5b5
8378,102.724632975,10.314248,30,v6,88000000ffffffffffffa8dd9f4dc5b5
8379,102.734713245,10.080270,30,v6,88000000ffffffffffffa8dd9f4dc5b5
8380,102.745030186,10.316941,30,v6,88000000ffffffffffffa8dd9f4dc5b5
8381,102.753915344,8.885158,30,v6,88000000ffffffffffffa8dd9f4dc5b5
8382,102.765162754,11.247410,30,v6,88000000ffffffffffffa8dd9f4dc5b5
8383,102.774334687,9.171933,30,v6,88000000ffffffffffffa8dd9f4dc5b5
8384,102.784770138,10.435451,30,v6,88000000ffffffffffffa8dd9f4dc5b5
8385,102.793683558,8.913420,30,v6,88000000ffffffffffffa8dd9f4dc5b5
8386,102.803757490,10.073932,30,v6,88000000ffffffffffffa8dd9f4dc5b5
8387,102.813947502,10.190012,30,v6,88000000ffffffffffffa8dd9f4dc5b5
8388,102.824247369,10.299867,30,v6,88000000ffffffffffffa8dd9f4dc5b5
8389,102.834485658,10.238289,30,v6,88000000ffffffffffffa8dd9f4dc5b5
8390,102.844284286,9.798628,30,v6,88000000ffffffffffffa8dd9f4dc5b5
8391,102.854500689,10.216403,30,v6,88000000ffffffffffffa8dd9f4dc5b5
8392,102.864858186,10.357497,30,v6,88000000ffffffffffffa8dd9f4dc5b5
8393,102.874001818,9.143632,30,v6,88000000ffffffffffffa8dd9f4dc5b5
8394,102.884137438,10.135620,30,v6,88000000ffffffffffffa8dd9f4dc5b5
8395,102.894310463,10.173025,30,v6,88000000ffffffffffffa8dd9f4dc5b5
8396,102.903347881,9.037418,30,v6,88000000ffffffffffffa8dd9f4dc5b5
8397,102.913400593,10.052712,30,v6,88000000ffffffffffffa8dd9f4dc5b5
8398,102.923526241,10.125648,30,v6,88000000ffffffffffffa8dd9f4dc5b5
8399,102.932815923,9.289682,30,v6,88000000ffffffffffffa8dd9f4dc5b5
8400,102.943884048,11.068125,30,v6,88000000ffffffffffffa8dd9f4dc5b5
8401,102.954035413,10.151365,30,v6,88000000ffffffffffffa8dd9f4dc5b5
8402,102.964199086,10.163673,30,v6,88000000ffffffffffffa8dd9f4dc5b5
8403,102.974486081,10.286995,30,v6,88000000ffffffffffffa8dd9f4dc5b5
8404,102.983597242,9.111161,30,v6,88000000ffffffffffffa8dd9f4dc5b5
8405,102.993785621,10.188379,30,v6,88000000ffffffffffffa8dd9f4dc5b5
8406,103.003895482,10.109861,30,v6,88000000ffffffffffffa8dd9f4dc5b5
8407,103.014066938,10.171456,30,v6,88000000ffffffffffffa8dd9f4dc5b5
8408,103.024250212,10.183274,30,v6,88000000ffffffffffffa8dd9f4dc5b5
8409,103.033401410,9.151198,30,v6,88000000ffffffffffffa8dd9f4dc5b5
8410,103.043571471,10.170061,30,v6,88000000ffffffffffffa8dd9f4dc5b5
8411,103.053785096,10.213625,30,v6,88000000ffffffffffffa8dd9f4dc5b5
8412,103.063836295,10.051199,30,v6,88000000ffffffffffffa8dd9f4dc5b5
8413,103.074052403,10.216108,30,v6,88000000ffffffffffffa8dd9f4dc5b5
8414,103.084354828,10.302425,30,v6,88000000ffffffffffffa8dd9f4dc5b5
8415,103.094259168,9.904340,30,v6,88000000ffffffffffffa8dd9f4dc5b5
8416,103.103618834,9.359666,30,v6,88000000ffffffffffffa8dd9f4dc5b5
8417,103.113705155,10.086321,30,v6,88000000ffffffffffffa8dd9f4dc5b5
8418,103.123762829,10.057674,30,v6,88000000ffffffffffffa8dd9f4dc5b5
8419,103.133055799,9.292970,30,v6,88000000ffffffffffffa8dd9f4dc5b5
8420,103.143005156,9.949357,30,v6,88000000ffffffffffffa8dd9f4dc5b5
8421,103.153495710,10.490554,30,v6,88000000ffffffffffffa8dd9f4dc5b5
8422,103.162748084,9.252374,30,v6,88000000ffffffffffffa8dd9f4dc5b5
8423,103.172757836,10.009752,30,v6,88000000ffffffffffffa8dd9f4dc5b5
8424,103.182803830,10.045994,30,v6,88000000ffffffffffffa8dd9f4dc5b5
8425,103.193901925,11.098095,30,v6,88000000ffffffffffffa8dd9f4dc5b5
8426,103.204131172,10.229247,30,v6,88000000ffffffffffffa8dd9f4dc5b5
8427,103.213449433,9.318261,30,v6,88000000ffffffffffffa8dd9f4dc5b5
8428,103.223541281,10.091848,30,v6,88000000ffffffffffffa8dd9f4dc5b5
8429,103.233676737,10.135456,30,v6,88000000ffffffffffffa8dd9f4dc5b5
8430,103.242643482,8.966745,30,v6,88000000ffffffffffffa8dd9f4dc5b5
8431,103.252823167,10.179685,30,v6,88000000ffffffffffffa8dd9f4dc5b5
8432,103.262965504,10.142337,30,v6,88000000ffffffffffffa8dd9f4dc5b5
8433,103.272269910,9.304406,30,v6,88000000ffffffffffffa8dd9f4dc5b5
8434,103.282148695,9.878785,30,v6,88000000ffffffffffffa8dd9f4dc5b5
8435,103.293465402,11.316707,30,v6,88000000ffffffffffffa8dd9f4dc5b5
8436,103.303664133,10.198731,30,v6,88000000ffffffffffffa8dd9f4dc5b5
8437,103.312873695,9.209562,30,v6,88000000ffffffffffffa8dd9f4dc5b5
8438,103.322931609,10.057914,30,v6,88000000ffffffffffffa8dd9f4dc5b5
8439,103.332154346,9.222737,30,v6,88000000ffffffffffffa8dd9f4dc5b5
8440,103.342388038,10.233692,30,v6,88000000ffffffffffffa8dd9f4dc5b5
8441,103.352664813,10.276775,30,v6,88000000ffffffffffffa8dd9f4dc5b5
8442,103.362913477,10.248664,30,v6,88000000ffffffffffffa8dd9f4dc5b5
8443,103.372826141,9.912664,30,v6,88000000ffffffffffffa8dd9f4dc5b5
8444,103.381997602,9.171461,30,v6,88000000ffffffffffffa8dd9f4dc5b5
8445,103.392064803,10.067201,30,v6,88000000ffffffffffffa8dd9f4dc5b5
8446,103.401247468,9.182665,30,v6,88000000ffffffffffffa8dd9f4dc5b5
8447,103.411672351,10.424883,30,v6,88000000ffffffffffffa8dd9f4dc5b5
8448,103.422819663,11.147312,30,v6,88000000ffffffffffffa8dd9f4dc5b5
8449,103.432777306,9.957643,30,v6,88000000ffffffffffffa8dd9f4dc5b5
8450,103.443071394,10.294088,30,v6,88000000ffffffffffffa8dd9f4dc5b5
8451,103.452092886,9.021492,30,v6,88000000ffffffffffffa8dd9f4dc5b5
8452,103.462270310,10.177424,30,v6,88000000ffffffffffffa8dd9f4dc5b5
8453,103.472577118,10.306808,30,v6,88000000ffffffffffffa8dd9f4dc5b5
8454,103.482739287,10.162169,30,v6,88000000ffffffffffffa8dd9f4dc5b5
8455,103.492767629,10.028342,30,v6,88000000ffffffffffffa8dd9f4dc5b5
8456,103.501760870,8.993241,30,v6,88000000ffffffffffffa8dd9f4dc5b5
8457,103.512068623,10.307753,30,v6,88000000ffffffffffffa8dd9f4dc5b5
8458,103.521104698,9.036075,30,v6,88000000ffffffffffffa8dd9f4dc5b5
8459,103.531422525,10.317827,30,v6,88000000ffffffffffffa8dd9f4dc5b5
8460,103.541607709,10.185184,30,v6,88000000ffffffffffffa8dd9f4dc5b5
8461,103.553090613,11.482904,30,v6,88000000ffffffffffffa8dd9f4dc5b5
8462,103.562899392,9.808779,30,v6,88000000ffffffffffffa8dd9f4dc5b5
8463,103.571952636,9.053244,30,v6,88000000ffffffffffffa8dd9f4dc5b5
8464,103.582221633,10.268997,30,v6,88000000ffffffffffffa8dd9f4dc5b5
8465,103.592382915,10.161282,30,v6,88000000ffffffffffffa8dd9f4dc5b5
8466,103.601696886,9.313971,30,v6,88000000ffffffffffffa8dd9f4dc5b5
8467,103.611668810,9.971924,30,v6,88000000ffffffffffffa8dd9f4dc5b5
8468,103.621875748,10.206938,30,v6,88000000ffffffffffffa8dd9f4dc5b5
8469,103.631834128,9.958380,30,v6,88000000ffffffffffffa8dd9f4dc5b5
8470,103.641080733,9.246605,30,v6,88000000ffffffffffffa8dd9f4dc5b5
8471,103.651175724,10.094991,30,v6,88000000ffffffffffffa8dd9f4dc5b5
8472,103.661404866,10.229142,30,v6,88000000ffffffffffffa8dd9f4dc5b5
8473,103.670775740,9.370874,30,v6,88000000ffffffffffffa8dd9f4dc5b5
8474,103.680958820,10.183080,30,v6,88000000ffffffffffffa8dd9f4dc5b5
8475,103.690800490,9.841670,30,v6,88000000ffffffffffffa8dd9f4dc5b5
8476,103.700960841,10.160351,30,v6,88000000ffffffffffffa8dd9f4dc5b5
8477,103.711281748,10.320907,30,v6,88000000ffffffffffffa8dd9f4dc5b5
8478,103.722348561,11.066813,30,v6,88000000ffffffffffffa8dd9f4dc5b5
8479,103.731578340,9.229779,30,v6,88000000ffffffffffffa8dd9f4dc5b5
8480,103.741732741,10.154401,30,v6,88000000ffffffffffffa8dd9f4dc5b5
8481,103.751821129,10.088388,30,v6,88000000ffffffffffffa8dd9f4dc5b5
8482,103.760909359,9.088230,30,v6,88000000ffffffffffffa8dd9f4dc5b5
8483,103.771118871,10.209512,30,v6,88000000ffffffffffffa8dd9f4dc5b5
8484,103.781249013,10.130142,30,v6,88000000ffffffffffffa8dd9f4dc5b5
8485,103.791486258,10.237245,30,v6,88000000ffffffffffffa8dd9f4dc5b5
8486,103.800732325,9.246067,30,v6,88000000ffffffffffffa8dd9f4dc5b5
8487,103.810647611,9.915286,30,v6,88000000ffffffffffffa8dd9f4dc5b5
8488,103.820891453,10.243842,30,v6,88000000ffffffffffffa8dd9f4dc5b5
8489,103.831060015,10.168562,30,v6,88000000ffffffffffffa8dd9f4dc5b5
8490,103.841223295,10.163280,30,v6,88000000ffffffffffffa8dd9f4dc5b5
8491,103.851422942,10.199647,30,v6,88000000ffffffffffffa8dd9f4dc5b5
8492,103.861460427,10.037485,30,v6,88000000ffffffffffffa8dd9f4dc5b5
8493,103.871733852,10.273425,30,v6,88000000ffffffffffffa8dd9f4dc5b5
8494,103.881698803,9.964951,30,v6,88000000ffffffffffffa8dd9f4dc5b5
8495,103.891929098,10.230295,30,v6,88000000ffffffffffffa8dd9f4dc5b5
8496,103.901265993,9.336895,30,v6,88000000ffffffffffffa8dd9f4dc5b5
8497,103.911246069,9.980076,30,v6,88000000ffffffffffffa8dd9f4dc5b5
8498,103.921513988,10.267919,30,v6,88000000ffffffffffffa8dd9f4dc5b5
8499,103.931479018,9.965030,30,v6,88000000ffffffffffffa8dd9f4dc5b5
8500,103.940533986,9.054968,30,v6,88000000ffffffffffffa8dd9f4dc5b5
8501,103.951871626,11.337640,30,v6,88000000ffffffffffffa8dd9f4dc5b5
8502,103.961092646,9.221020,30,v6,88000000ffffffffffffa8dd9f4dc5b5
8503,103.971440966,10.348320,30,v6,88000000ffffffffffffa8dd9f4dc5b5
8504,103.981451180,10.010214,30,v6,88000000ffffffffffffa8dd9f4dc5b5
8505,103.991444094,9.992914,30,v6,88000000ffffffffffffa8dd9f4dc5b5
8506,104.001663831,10.219737,30,v6,88000000ffffffffffffa8dd9f4dc5b5
8507,104.010663077,8.999246,30,v6,88000000ffffffffffffa8dd9f4dc5b5
8508,104.020913309,10.250232,30,v6,88000000ffffffffffffa8dd9f4dc5b5
8509,104.030213945,9.300636,30,v6,88000000ffffffffffffa8dd9f4dc5b5
8510,104.040263196,10.049251,30,v6,88000000ffffffffffffa8dd9f4dc5b5
8511,104.050534352,10.271156,30,v6,88000000ffffffffffffa8dd9f4dc5b5
8512,104.061924749,11.390397,30,v6,88000000ffffffffffffa8dd9f4dc5b5
8513,104.072090605,10.165856,30,v6,88000000ffffffffffffa8dd9f4dc5b5
8514,104.080987201,8.896596,30,v6,88000000ffffffffffffa8dd9f4dc5b5
8515,104.091139878,10.152677,30,v6,88000000ffffffffffffa8dd9f4dc5b5
8516,104.101156277,10.016399,30,v6,88000000ffffffffffffa8dd9f4dc5b5
8517,104.110566277,9.410000,30,v6,88000000ffffffffffffa8dd9f4dc5b5
8518,104.120546359,9.980082,30,v6,88000000ffffffffffffa8dd9f4dc5b5
8519,104.130491148,9.944789,30,v6,88000000ffffffffffffa8dd9f4dc5b5
8520,104.139830569,9.339421,30,v6,88000000ffffffffffffa8dd9f4dc5b5
8521,104.150071082,10.240513,30,v6,88000000ffffffffffffa8dd9f4dc5b5
8522,104.160057038,9.985956,30,v6,88000000ffffffffffffa8dd9f4dc5b5
8523,104.170612401,10.555363,30,v6,88000000ffffffffffffa8dd9f4dc5b5
8524,104.181577757,10.965356,30,v6,88000000ffffffffffffa8dd9f4dc5b5
8525,104.190686893,9.109136,30,v6,88000000ffffffffffffa8dd9f4dc5b5
8526,104.200680661,9.993768,30,v6,88000000ffffffffffffa8dd9f4dc5b5
8527,104.211021424,10.340763,30,v6,88000000ffffffffffffa8dd9f4dc5b5
8528,104.220137060,9.115636,30,v6,88000000ffffffffffffa8dd9f4dc5b5
8529,104.230122322,9.985262,30,v6,88000000ffffffffffffa8dd9f4dc5b5
8530,104.240395393,10.273071,30,v6,88000000ffffffffffffa8dd9f4dc5b5
8531,104.249646938,9.251545,30,v6,88000000ffffffffffffa8dd9f4dc5b5
8532,104.259702327,10.055389,30,v6,88000000ffffffffffffa8dd9f4dc5b5
8533,104.268994898,9.292571,30,v6,88000000ffffffffffffa8dd9f4dc5b5
8534,104.280102590,11.107692,30,v6,88000000ffffffffffffa8dd9f4dc5b5
8535,104.290237030,10.134440,30,v6,88000000ffffffffffffa8dd9f4dc5b5
8536,104.300342011,10.104981,30,v6,88000000ffffffffffffa8dd9f4dc5b5
8537,104.310774044,10.432033,30,v6,88000000ffffffffffffa8dd9f4dc5b5
8538,104.320839672,10.065628,30,v6,88000000ffffffffffffa8dd9f4dc5b5
8539,104.329763507,8.923835,30,v6,88000000ffffffffffffa8dd9f4dc5b5
8540,104.340090839,10.327332,30,v6,88000000ffffffffffffa8dd9f4dc5b5
8541,104.350180984,10.090145,30,v6,88000000ffffffffffffa8dd9f4dc5b5
8542,104.359578354,9.397370,30,v6,88000000ffffffffffffa8dd9f4dc5b5
8543,104.369683515,10.105161,30,v6,88000000ffffffffffffa8dd9f4dc5b5
8544,104.378867612,9.184097,30,v6,88000000ffffffffffffa8dd9f4dc5b5
8545,104.388773864,9.906252,30,v6,88000000ffffffffffffa8dd9f4dc5b5
8546,104.398846285,10.072421,30,v6,88000000ffffffffffffa8dd9f4dc5b5
8547,104.410176085,11.329800,30,v6,88000000ffffffffffffa8dd9f4dc5b5
8548,104.420206507,10.030422,30,v6,88000000ffffffffffffa8dd9f4dc5b5
8549,104.429351762,9.145255,30,v6,88000000ffffffffffffa8dd9f4dc5b5
8550,104.439520766,10.169004,30,v6,88000000ffffffffffffa8dd9f4dc5b5
8551,104.449758467,10.237701,30,v6,88000000ffffffffffffa8dd9f4dc5b5
8552,104.458745355,8.986888,30,v6,88000000ffffffffffffa8dd9f4dc5b5
8553,104.469002233,10.256878,30,v6,88000000ffffffffffffa8dd9f4dc5b5
8554,104.479206758,10.204525,30,v6,88000000ffffffffffffa8dd9f4dc5b5
8555,104.488358028,9.151270,30,v6,88000000ffffffffffffa8dd9f4dc5b5
8556,104.498449354,10.091326,30,v6,88000000ffffffffffffa8dd9f4dc5b5
8557,104.508659323,10.209969,30,v6,88000000ffffffffffffa8dd9f4dc5b5
8558,104.517832742,9.173419,30,v6,88000000ffffffffffffa8dd9f4dc5b5
8559,104.528896708,11.063966,30,v6,88000000ffffffffffffa8dd9f4dc5b5
8560,104.539072859,10.176151,30,v6,88000000ffffffffffffa8dd9f4dc5b5
8561,104.549164420,10.091561,30,v6,88000000ffffffffffffa8dd9f4dc5b5
8562,104.559548908,10.384488,30,v6,88000000ffffffffffffa8dd9f4dc5b5
8563,104.568634680,9.085772,30,v6,88000000ffffffffffffa8dd9f4dc5b5
8564,104.578695332,10.060652,30,v6,88000000ffffffffffffa8dd9f4dc5b5
8565,104.588873395,10.178063,30,v6,88000000ffffffffffffa8dd9f4dc5b5
8566,104.598004369,9.130974,30,v6,88000000ffffffffffffa8dd9f4dc5b5
8567,104.608283191,10.278822,30,v6,88000000ffffffffffffa8dd9f4dc5b5
8568,104.618477154,10.193963,30,v6,88000000ffffffffffffa8dd9f4dc5b5
8569,104.628424688,9.947534,30,v6,88000000ffffffffffffa8dd9f4dc5b5
8570,104.639061254,10.636566,30,v6,88000000ffffffffffffa8dd9f4dc5b5
8571,104.648690891,9.629637,30,v6,88000000ffffffffffffa8dd9f4dc5b5
8572,104.658985587,10.294696,30,v6,88000000ffffffffffffa8dd9f4dc5b5
8573,104.669492266,10.506679,30,v6,88000000ffffffffffffa8dd9f4dc5b5
8574,104.678291812,8.799546,30,v6,88000000ffffffffffffa8dd9f4dc5b5
8575,104.688500842,10.209030,30,v6,88000000ffffffffffffa8dd9f4dc5b5
8576,104.698598290,10.097448,30,v6,88000000ffffffffffffa8dd9f4dc5b5
8577,104.707721606,9.123316,30,v6,88000000ffffffffffffa8dd9f4dc5b5
8578,104.717779092,10.057486,30,v6,88000000ffffffffffffa8dd9f4dc5b5
8579,104.727976885,10.197793,30,v6,88000000ffffffffffffa8dd9f4dc5b5
8580,104.738371196,10.394311,30,v6,88000000ffffffffffffa8dd9f4dc5b5
8581,104.747391980,9.020784,30,v6,88000000ffffffffffffa8dd9f4dc5b5
8582,104.758621170,11.229190,30,v6,88000000ffffffffffffa8dd9f4dc5b5
8583,104.768888346,10.267176,30,v6,88000000ffffffffffffa8dd9f4dc5b5
8584,104.777831888,8.943542,30,v6,88000000ffffffffffffa8dd9f4dc5b5
8585,104.787967936,10.136048,30,v6,88000000ffffffffffffa8dd9f4dc5b5
8586,104.798196680,10.228744,30,v6,88000000ffffffffffffa8dd9f4dc5b5
8587,104.807383380,9.186700,30,v6,88000000ffffffffffffa8dd9f4dc5b5
8588,104.817618735,10.235355,30,v6,88000000ffffffffffffa8dd9f4dc5b5
8589,104.827962087,10.343352,30,v6,88000000ffffffffffffa8dd9f4dc5b5
8590,104.837948601,9.986514,30,v6,88000000ffffffffffffa8dd9f4dc5b5
8591,104.847145707,9.197106,30,v6,88000000ffffffffffffa8dd9f4dc5b5
8592,104.857226467,10.080760,30,v6,88000000ffffffffffffa8dd9f4dc5b5
8593,104.868313275,11.086808,30,v6,88000000ffffffffffffa8dd9f4dc5b5
8594,104.878463133,10.149858,30,v6,88000000ffffffffffffa8dd9f4dc5b5
8595,104.887863097,9.399964,30,v6,88000000ffffffffffffa8dd9f4dc5b5
8596,104.898106834,10.243737,30,v6,88000000ffffffffffffa8dd9f4dc5b5
8597,104.908029067,9.922233,30,v6,88000000ffffffffffffa8dd9f4dc5b5
8598,104.917182044,9.152977,30,v6,88000000ffffffffffffa8dd9f4dc5b5
8599,104.927356116,10.174072,30,v6,88000000ffffffffffffa8dd9f4dc5b5
8600,104.937472558,10.116442,30,v6,88000000ffffffffffffa8dd9f4dc5b5
8601,104.947697287,10.224729,30,v6,88000000ffffffffffffa8dd9f4dc5b5
8602,104.956795629,9.098342,30,v6,88000000ffffffffffffa8dd9f4dc5b5
8603,104.966800029,10.004400,30,v6,88000000ffffffffffffa8dd9f4dc5b5
8604,104.976100069,9.300040,30,v6,88000000ffffffffffffa8dd9f4dc5b5
8605,104.986193121,10.093052,30,v6,88000000ffffffffffffa8dd9f4dc5b5
8606,104.997252344,11.059223,30,v6,88000000ffffffffffffa8dd9f4dc5b5
8607,105.007606361,10.354017,30,v6,88000000ffffffffffffa8dd9f4dc5b5
8608,105.017881011,10.274650,30,v6,88000000ffffffffffffa8dd9f4dc5b5
8609,105.026824925,8.943914,30,v6,88000000ffffffffffffa8dd9f4dc5b5
8610,105.036945302,10.120377,30,v6,88000000ffffffffffffa8dd9f4dc5b5
8611,105.047135005,10.189703,30,v6,88000000ffffffffffffa8dd9f4dc5b5
8612,105.056268397,9.133392,30,v6,88000000ffffffffffffa8dd9f4dc5b5
8613,105.066548446,10.280049,30,v6,88000000ffffffffffffa8dd9f4dc5b5
8614,105.076700136,10.151690,30,v6,88000000ffffffffffffa8dd9f4dc5b5
8615,105.086982318,10.282182,30,v6,88000000ffffffffffffa8dd9f4dc5b5
8616,105.096961335,9.979017,30,v6,88000000ffffffffffffa8dd9f4dc5b5
8617,105.107081803,10.120468,30,v6,88000000ffffffffffffa8dd9f4dc5b5
8618,105.116357238,9.275435,30,v6,88000000ffffffffffffa8dd9f4dc5b5
8619,105.126505071,10.147833,30,v6,88000000ffffffffffffa8dd9f4dc5b5
8620,105.136822842,10.317771,30,v6,88000000ffffffffffffa8dd9f4dc5b5
8621,105.145782752,8.959910,30,v6,88000000ffffffffffffa8dd9f4dc5b5
8622,105.156858524,11.075772,30,v6,88000000ffffffffffffa8dd9f4dc5b5
8623,105.165954473,9.095949,30,v6,88000000ffffffffffffa8dd9f4dc5b5
8624,105.176094038,10.139565,30,v6,88000000ffffffffffffa8dd9f4dc5b5
8625,105.185342948,9.248910,30,v6,88000000ffffffffffffa8dd9f4dc5b5
8626,105.195425084,10.082136,30,v6,88000000ffffffffffffa8dd9f4dc5b5
8627,105.206568675,11.143591,30,v6,88000000ffffffffffffa8dd9f4dc5b5
8628,105.216803480,10.234805,30,v6,88000000ffffffffffffa8dd9f4dc5b5
8629,105.225970197,9.166717,30,v6,88000000ffffffffffffa8dd9f4dc5b5
8630,105.236244244,10.274047,30,v6,88000000ffffffffffffa8dd9f4dc5b5
8631,105.246127010,9.882766,30,v6,88000000ffffffffffffa8dd9f4dc5b5
8632,105.256558196,10.431186,30,v6,88000000ffffffffffffa8dd9f4dc5b5
8633,105.265505433,8.947237,30,v6,88000000ffffffffffffa8dd9f4dc5b5
8634,105.275707060,10.201627,30,v6,88000000ffffffffffffa8dd9f4dc5b5
8635,105.284917275,9.210215,30,v6,88000000ffffffffffffa8dd9f4dc5b5
8636,105.294963702,10.046427,30,v6,88000000ffffffffffffa8dd9f4dc5b5
8637,105.305277974,10.314272,30,v6,88000000ffffffffffffa8dd9f4dc5b5
8638,105.315382064,10.104090,30,v6,88000000ffffffffffffa8dd9f4dc5b5
8639,105.326691048,11.308984,30,v6,88000000ffffffffffffa8dd9f4dc5b5
8640,105.335695930,9.004882,30,v6,88000000ffffffffffffa8dd9f4dc5b5
8641,105.345689351,9.993421,30,v6,88000000ffffffffffffa8dd9f4dc5b5
8642,105.356035634,10.346283,30,v6,88000000ffffffffffffa8dd9f4dc5b5
8643,105.365103188,9.067554,30,v6,88000000ffffffffffffa8dd9f4dc5b5
8644,105.375340839,10.237651,30,v6,88000000ffffffffffffa8dd9f4dc5b5
8645,105.385841733,10.500894,30,v6,88000000ffffffffffffa8dd9f4dc5b5
8646,105.394676706,8.834973,30,v6,88000000ffffffffffffa8dd9f4dc5b5
8647,105.404977404,10.300698,30,v6,88000000ffffffffffffa8dd9f4dc5b5
8648,105.414827032,9.849628,30,v6,88000000ffffffffffffa8dd9f4dc5b5
8649,105.424120580,9.293548,30,v6,88000000ffffffffffffa8dd9f4dc5b5
8650,105.435307851,11.187271,30,v6,88000000ffffffffffffa8dd9f4dc5b5
8651,105.445401050,10.093199,30,v6,88000000ffffffffffffa8dd9f4dc5b5
8652,105.455908561,10.507511,30,v6,88000000ffffffffffffa8dd9f4dc5b5
8653,105.465649170,9.740609,30,v6,88000000ffffffffffffa8dd9f4dc5b5
8654,105.474982373,9.333203,30,v6,88000000ffffffffffffa8dd9f4dc5b5
8655,105.484963263,9.980890,30,v6,88000000ffffffffffffa8dd9f4dc5b5
8656,105.494195365,9.232102,30,v6,88000000ffffffffffffa8dd9f4dc5b5
8657,105.504470928,10.275563,30,v6,88000000ffffffffffffa8dd9f4dc5b5
8658,105.514561221,10.090293,30,v6,88000000ffffffffffffa8dd9f4dc5b5
8659,105.524703251,10.142030,30,v6,88000000ffffffffffffa8dd9f4dc5b5
8660,105.533772553,9.069302,30,v6,88000000ffffffffffffa8dd9f4dc5b5
8661,105.544029957,10.257404,30,v6,88000000ffffffffffffa8dd9f4dc5b5
8662,105.554051236,10.021279,30,v6,88000000ffffffffffffa8dd9f4dc5b5
8663,105.565267925,11.216689,30,v6,88000000ffffffffffffa8dd9f4dc5b5
8664,105.575795009,10.527084,30,v6,88000000ffffffffffffa8dd9f4dc5b5
8665,105.584611786,8.816777,30,v6,88000000ffffffffffffa8dd9f4dc5b5
8666,105.594538069,9.926283,30,v6,88000000ffffffffffffa8dd9f4dc5b5
8667,105.603889344,9.351275,30,v6,88000000ffffffffffffa8dd9f4dc5b5
8668,105.614054098,10.164754,30,v6,88000000ffffffffffffa8dd9f4dc5b5
8669,105.624160136,10.106038,30,v6,88000000ffffffffffffa8dd9f4dc5b5
8670,105.634650695,10.490559,30,v6,88000000ffffffffffffa8dd9f4dc5b5
8671,105.644498487,9.847792,30,v6,88000000ffffffffffffa8dd9f4dc5b5
8672,105.653809975,9.311488,30,v6,88000000ffffffffffffa8dd9f4dc5b5
8673,105.663985740,10.175765,30,v6,88000000ffffffffffffa8dd9f4dc5b5
8674,105.673933407,9.947667,30,v6,88000000ffffffffffffa8dd9f4dc5b5
8675,105.684189620,10.256213,30,v6,88000000ffffffffffffa8dd9f4dc5b5
8676,105.694241533,10.051913,30,v6,88000000ffffffffffffa8dd9f4dc5b5
8677,105.704683389,10.441856,30,v6,88000000ffffffffffffa8dd9f4dc5b5
8678,105.713765861,9.082472,30,v6,88000000ffffffffffffa8dd9f4dc5b5
8679,105.723750492,9.984631,30,v6,88000000ffffffffffffa8dd9f4dc5b5
8680,105.733932721,10.182229,30,v6,88000000ffffffffffffa8dd9f4dc5b5
8681,105.744281085,10.348364,30,v6,88000000ffffffffffffa8dd9f4dc5b5
8682,105.753414300,9.133215,30,v6,88000000ffffffffffffa8dd9f4dc5b5
8683,105.763428462,10.014162,30,v6,88000000ffffffffffffa8dd9f4dc5b5
8684,105.773564065,10.135603,30,v6,88000000ffffffffffffa8dd9f4dc5b5
8685,105.783602482,10.038417,30,v6,88000000ffffffffffffa8dd9f4dc5b5
8686,105.793832757,10.230275,30,v6,88000000ffffffffffffa8dd9f4dc5b5
8687,105.803934261,10.101504,30,v6,88000000ffffffffffffa8dd9f4dc5b5
8688,105.814183571,10.249310,30,v6,88000000ffffffffffffa8dd9f4dc5b5
8689,105.823371110,9.187539,30,v6,88000000ffffffffffffa8dd9f4dc5b5
8690,105.833441996,10.070886,30,v6,88000000ffffffffffffa8dd9f4dc5b5
8691,105.843817260,10.375264,30,v6,88000000ffffffffffffa8dd9f4dc5b5
8692,105.853776814,9.959554,30,v6,88000000ffffffffffffa8dd9f4dc5b5
8693,105.862925852,9.149038,30,v6,88000000ffffffffffffa8dd9f4dc5b5
8694,105.873256598,10.330746,30,v6,88000000ffffffffffffa8dd9f4dc5b5
8695,105.882438116,9.181518,30,v6,88000000ffffffffffffa8dd9f4dc5b5
8696,105.892503248,10.065132,30,v6,88000000ffffffffffffa8dd9f4dc5b5
8697,105.902833044,10.329796,30,v6,88000000ffffffffffffa8dd9f4dc5b5
8698,105.913613032,10.779988,30,v6,88000000ffffffffffffa8dd9f4dc5b5
8699,105.922927875,9.314843,30,v6,88000000ffffffffffffa8dd9f4dc5b5
8700,105.933280232,10.352357,30,v6,88000000ffffffffffffa8dd9f4dc5b5
8701,105.943292234,10.012002,30,v6,88000000ffffffffffffa8dd9f4dc5b5
8702,105.953520449,10.228215,30,v6,88000000ffffffffffffa8dd9f4dc5b5
8703,105.962639084,9.118635,30,v6,88000000ffffffffffffa8dd9f4dc5b5
8704,105.972651252,10.012168,30,v6,88000000ffffffffffffa8dd9f4dc5b5
8705,105.983178282,10.527030,30,v6,88000000ffffffffffffa8dd9f4dc5b5
8706,105.993092034,9.913752,30,v6,88000000ffffffffffffa8dd9f4dc5b5
8707,106.002194120,9.102086,30,v6,88000000ffffffffffffa8dd9f4dc5b5
8708,106.012623565,10.429445,30,v6,88000000ffffffffffffa8dd9f4dc5b5
8709,106.022591324,9.967759,30,v6,88000000ffffffffffffa8dd9f4dc5b5
8710,106.032933313,10.341989,30,v6,88000000ffffffffffffa8dd9f4dc5b5
8711,106.042705793,9.772480,30,v6,88000000ffffffffffffa8dd9f4dc5b5
8712,106.052963582,10.257789,30,v6,88000000ffffffffffffa8dd9f4dc5b5
8713,106.062144477,9.180895,30,v6,88000000ffffffffffffa8dd9f4dc5b5
8714,106.072323249,10.178772,30,v6,88000000ffffffffffffa8dd9f4dc5b5
8715,106.082591415,10.268166,30,v6,88000000ffffffffffffa8dd9f4dc5b5
8716,106.093035117,10.443702,30,v6,88000000ffffffffffffa8dd9f4dc5b5
8717,106.101890677,8.855560,30,v6,88000000ffffffffffffa8dd9f4dc5b5
8718,106.111880063,9.989386,30,v6,88000000ffffffffffffa8dd9f4dc5b5
8719,106.121995217,10.115154,30,v6,88000000ffffffffffffa8dd9f4dc5b5
8720,106.131381200,9.385983,30,v6,88000000ffffffffffffa8dd9f4dc5b5
8721,106.141441678,10.060478,30,v6,88000000ffffffffffffa8dd9f4dc5b5
8722,106.151582302,10.140624,30,v6,88000000ffffffffffffa8dd9f4dc5b5
8723,106.161963101,10.380799,30,v6,88000000ffffffffffffa8dd9f4dc5b5
8724,106.171840872,9.877771,30,v6,88000000ffffffffffffa8dd9f4dc5b5
8725,106.181965740,10.124868,30,v6,88000000ffffffffffffa8dd9f4dc5b5
8726,106.192376313,10.410573,30,v6,88000000ffffffffffffa8dd9f4dc5b5
8727,106.202462721,10.086408,30,v6,88000000ffffffffffffa8dd9f4dc5b5
8728,106.212867615,10.404894,30,v6,88000000ffffffffffffa8dd9f4dc5b5
8729,106.221917707,9.050092,30,v6,88000000ffffffffffffa8dd9f4dc5b5
8730,106.231878271,9.960564,30,v6,88000000ffffffffffffa8dd9f4dc5b5
8731,106.241110734,9.232463,30,v6,88000000ffffffffffffa8dd9f4dc5b5
8732,106.252269293,11.158559,30,v6,88000000ffffffffffffa8dd9f4dc5b5
8733,106.261312574,9.043281,30,v6,88000000ffffffffffffa8dd9f4dc5b5
8734,106.271374927,10.062353,30,v6,88000000ffffffffffffa8dd9f4dc5b5
8735,106.281827552,10.452625,30,v6,88000000ffffffffffffa8dd9f4dc5b5
8736,106.292072062,10.244510,30,v6,88000000ffffffffffffa8dd9f4dc5b5
8737,106.301097487,9.025425,30,v6,88000000ffffffffffffa8dd9f4dc5b5
8738,106.312291700,11.194213,30,v6,88000000ffffffffffffa8dd9f4dc5b5
8739,106.322595279,10.303579,30,v6,88000000ffffffffffffa8dd9f4dc5b5
8740,106.332594077,9.998798,30,v6,88000000ffffffffffffa8dd9f4dc5b5
8741,106.341536765,8.942688,30,v6,88000000ffffffffffffa8dd9f4dc5b5
8742,106.351555141,10.018376,30,v6,88000000ffffffffffffa8dd9f4dc5b5
8743,106.361032376,9.477235,30,v6,88000000ffffffffffffa8dd9f4dc5b5
8744,106.371170201,10.137825,30,v6,88000000ffffffffffffa8dd9f4dc5b5
8745,106.381310387,10.140186,30,v6,88000000ffffffffffffa8dd9f4dc5b5
8746,106.390492097,9.181710,30,v6,88000000ffffffffffffa8dd9f4dc5b5
8747,106.401549551,11.057454,30,v6,88000000ffffffffffffa8dd9f4dc5b5
8748,106.410667279,9.117728,30,v6,88000000ffffffffffffa8dd9f4dc5b5
8749,106.420633900,9.966621,30,v6,88000000ffffffffffffa8dd9f4dc5b5
8750,106.430976204,10.342304,30,v6,88000000ffffffffffffa8dd9f4dc5b5
8751,106.441145465,10.169261,30,v6,88000000ffffffffffffa8dd9f4dc5b5
8752,106.451162837,10.017372,30,v6,88000000ffffffffffffa8dd9f4dc5b5
8753,106.461413640,10.250803,30,v6,88000000ffffffffffffa8dd9f4dc5b5
8754,106.470748047,9.334407,30,v6,88000000ffffffffffffa8dd9f4dc5b5
8755,106.480969817,10.221770,30,v6,88000000ffffffffffffa8dd9f4dc5b5
8756,106.490699624,9.729807,30,v6,88000000ffffffffffffa8dd9f4dc5b5
8757,106.501100436,10.400812,30,v6,88000000ffffffffffffa8dd9f4dc5b5
8758,106.511333560,10.233124,30,v6,88000000ffffffffffffa8dd9f4dc5b5
8759,106.520337478,9.003918,30,v6,88000000ffffffffffffa8dd9f4dc5b5
8760,106.531630481,11.293003,30,v6,88000000ffffffffffffa8dd9f4dc5b5
8761,106.541964850,10.334369,30,v6,88000000ffffffffffffa8dd9f4dc5b5
8762,106.551789602,9.824752,30,v6,88000000ffffffffffffa8dd9f4dc5b5
8763,106.560862364,9.072762,30,v6,88000000ffffffffffffa8dd9f4dc5b5
8764,106.571028283,10.165919,30,v6,88000000ffffffffffffa8dd9f4dc5b5
8765,106.581252609,10.224326,30,v6,88000000ffffffffffffa8dd9f4dc5b5
8766,106.590487388,9.234779,30,v6,88000000ffffffffffffa8dd9f4dc5b5
8767,106.600585562,10.098174,30,v6,88000000ffffffffffffa8dd9f4dc5b5
8768,106.610755656,10.170094,30,v6,88000000ffffffffffffa8dd9f4dc5b5
8769,106.620991786,10.236130,30,v6,88000000ffffffffffffa8dd9f4dc5b5
8770,106.630151603,9.159817,30,v6,88000000ffffffffffffa8dd9f4dc5b5
8771,106.640418108,10.266505,30,v6,88000000ffffffffffffa8dd9f4dc5b5
8772,106.651349414,10.931306,30,v6,88000000ffffffffffffa8dd9f4dc5b5
8773,106.660774242,9.424828,30,v6,88000000ffffffffffffa8dd9f4dc5b5
8774,106.670817034,10.042792,30,v6,88000000ffffffffffffa8dd9f4dc5b5
8775,106.680967418,10.150384,30,v6,88000000ffffffffffffa8dd9f4dc5b5
8776,106.689992754,9.025336,30,v6,88000000ffffffffffffa8dd9f4dc5b5
8777,106.700197881,10.205127,30,v6,88000000ffffffffffffa8dd9f4dc5b5
8778,106.711280923,11.083042,30,v6,88000000ffffffffffffa8dd9f4dc5b5
8779,106.720558389,9.277466,30,v6,88000000ffffffffffffa8dd9f4dc5b5
8780,106.730781462,10.223073,30,v6,88000000ffffffffffffa8dd9f4dc5b5
8781,106.740812081,10.030619,30,v6,88000000ffffffffffffa8dd9f4dc5b5
8782,106.750877984,10.065903,30,v6,88000000ffffffffffffa8dd9f4dc5b5
8783,106.761167275,10.289291,30,v6,88000000ffffffffffffa8dd9f4dc5b5
8784,106.771371311,10.204036,30,v6,88000000ffffffffffffa8dd9f4dc5b5
8785,106.781715603,10.344292,30,v6,88000000ffffffffffffa8dd9f4dc5b5
8786,106.790660793,8.945190,30,v6,88000000ffffffffffffa8dd9f4dc5b5
8787,106.800613661,9.952868,30,v6,88000000ffffffffffffa8dd9f4dc5b5
8788,106.811100469,10.486808,30,v6,88000000ffffffffffffa8dd9f4dc5b5
8789,106.821123162,10.022693,30,v6,88000000ffffffffffffa8dd9f4dc5b5
8790,106.830602201,9.479039,30,v6,88000000ffffffffffffa8dd9f4dc5b5
8791,106.840424910,9.822709,30,v6,88000000ffffffffffffa8dd9f4dc5b5
8792,106.850829724,10.404814,30,v6,88000000ffffffffffffa8dd9f4dc5b5
8793,106.859781838,8.952114,30,v6,88000000ffffffffffffa8dd9f4dc5b5
8794,106.869758781,9.976943,30,v6,88000000ffffffffffffa8dd9f4dc5b5
8795,106.880926661,11.167880,30,v6,88000000ffffffffffffa8dd9f4dc5b5
8796,106.891223239,10.296578,30,v6,88000000ffffffffffffa8dd9f4dc5b5
8797,106.900403416,9.180177,30,v6,88000000ffffffffffffa8dd9f4dc5b5
8798,106.910658342,10.254926,30,v6,88000000ffffffffffffa8dd9f4dc5b5
8799,106.920697777,10.039435,30,v6,88000000ffffffffffffa8dd9f4dc5b5
8800,106.929950585,9.252808,30,v6,88000000ffffffffffffa8dd9f4dc5b5
8801,106.939980406,10.029821,30,v6,88000000ffffffffffffa8dd9f4dc5b5
8802,106.950186595,10.206189,30,v6,88000000ffffffffffffa8dd9f4dc5b5
8803,106.959504804,9.318209,30,v6,88000000ffffffffffffa8dd9f4dc5b5
8804,106.969688382,10.183578,30,v6,88000000ffffffffffffa8dd9f4dc5b5
8805,106.980814633,11.126251,30,v6,88000000ffffffffffffa8dd9f4dc5b5
8806,106.990689331,9.874698,30,v6,88000000ffffffffffffa8dd9f4dc5b5
8807,106.999969642,9.280311,30,v6,88000000ffffffffffffa8dd9f4dc5b5
8808,107.010294530,10.324888,30,v6,88000000ffffffffffffa8dd9f4dc5b5
8809,107.020191068,9.896538,30,v6,88000000ffffffffffffa8dd9f4dc5b5
8810,107.030658418,10.467350,30,v6,88000000ffffffffffffa8dd9f4dc5b5
8811,107.039751763,9.093345,30,v6,88000000ffffffffffffa8dd9f4dc5b5
8812,107.049940064,10.188301,30,v6,88000000ffffffffffffa8dd9f4dc5b5
8813,107.059722274,9.782210,30,v6,88000000ffffffffffffa8dd9f4dc5b5
8814,107.069059016,9.336742,30,v6,88000000ffffffffffffa8dd9f4dc5b5
8815,107.079181372,10.122356,30,v6,88000000ffffffffffffa8dd9f4dc5b5
8816,107.089342430,10.161058,30,v6,88000000ffffffffffffa8dd9f4dc5b5
8817,107.099395254,10.052824,30,v6,88000000ffffffffffffa8dd9f4dc5b5
8818,107.108665062,9.269808,30,v6,88000000ffffffffffffa8dd9f4dc5b5
8819,107.119848513,11.183451,30,v6,88000000ffffffffffffa8dd9f4dc5b5
8820,107.129978139,10.129626,30,v6,88000000ffffffffffffa8dd9f4dc5b5
8821,107.140449472,10.471333,30,v6,88000000ffffffffffffa8dd9f4dc5b5
8822,107.150731947,10.282475,30,v6,88000000ffffffffffffa8dd9f4dc5b5
8823,107.159517556,8.785609,30,v6,88000000ffffffffffffa8dd9f4dc5b5
8824,107.169461781,9.944225,30,v6,88000000ffffffffffffa8dd9f4dc5b5
8825,107.180020924,10.559143,30,v6,88000000ffffffffffffa8dd9f4dc5b5
8826,107.188789082,8.768158,30,v6,88000000ffffffffffffa8dd9f4dc5b5
8827,107.198949721,10.160639,30,v6,88000000ffffffffffffa8dd9f4dc5b5
8828,107.209333774,10.384053,30,v6,88000000ffffffffffffa8dd9f4dc5b5
8829,107.219270569,9.936795,30,v6,88000000ffffffffffffa8dd9f4dc5b5
8830,107.228511343,9.240774,30,v6,88000000ffffffffffffa8dd9f4dc5b5
8831,107.239943833,11.432490,30,v6,88000000ffffffffffffa8dd9f4dc5b5
8832,107.250170106,10.226273,30,v6,88000000ffffffffffffa8dd9f4dc5b5
8833,107.259152576,8.982470,30,v6,88000000ffffffffffffa8dd9f4dc5b5
8834,107.268958532,9.805956,30,v6,88000000ffffffffffffa8dd9f4dc5b5
8835,107.279389962,10.431430,30,v6,88000000ffffffffffffa8dd9f4dc5b5
8836,107.288860704,9.470742,30,v6,88000000ffffffffffffa8dd9f4dc5b5
8837,107.298659753,9.799049,30,v6,88000000ffffffffffffa8dd9f4dc5b5
8838,107.308786917,10.127164,30,v6,88000000ffffffffffffa8dd9f4dc5b5
8839,107.318883648,10.096731,30,v6,88000000ffffffffffffa8dd9f4dc5b5
8840,107.328079133,9.195485,30,v6,88000000ffffffffffffa8dd9f4dc5b5
8841,107.338413385,10.334252,30,v6,88000000ffffffffffffa8dd9f4dc5b5
8842,107.348462689,10.049304,30,v6,88000000ffffffffffffa8dd9f4dc5b5
8843,107.358633018,10.170329,30,v6,88000000ffffffffffffa8dd9f4dc5b5
8844,107.368889020,10.256002,30,v6,88000000ffffffffffffa8dd9f4dc5b5
8845,107.378801241,9.912221,30,v6,88000000ffffffffffffa8dd9f4dc5b5
8846,107.389155292,10.354051,30,v6,88000000ffffffffffffa8dd9f4dc5b5
8847,107.398247909,9.092617,30,v6,88000000ffffffffffffa8dd9f4dc5b5
8848,107.408286623,10.038714,30,v6,88000000ffffffffffffa8dd9f4dc5b5
8849,107.418790957,10.504334,30,v6,88000000ffffffffffffa8dd9f4dc5b5
8850,107.427674271,8.883314,30,v6,88000000ffffffffffffa8dd9f4dc5b5
8851,107.437977318,10.303047,30,v6,88000000ffffffffffffa8dd9f4dc5b5
8852,107.448084280,10.106962,30,v6,88000000ffffffffffffa8dd9f4dc5b5
8853,107.459124583,11.040303,30,v6,88000000ffffffffffffa8dd9f4dc5b5
8854,107.468256743,9.132160,30,v6,88000000ffffffffffffa8dd9f4dc5b5
8855,107.478395404,10.138661,30,v6,88000000ffffffffffffa8dd9f4dc5b5
8856,107.488706575,10.311171,30,v6,88000000ffffffffffffa8dd9f4dc5b5
8857,107.498031217,9.324642,30,v6,88000000ffffffffffffa8dd9f4dc5b5
8858,107.508012958,9.981741,30,v6,88000000ffffffffffffa8dd9f4dc5b5
8859,107.518127200,10.114242,30,v6,88000000ffffffffffffa8dd9f4dc5b5
8860,107.528303817,10.176617,30,v6,88000000ffffffffffffa8dd9f4dc5b5
8861,107.537697090,9.393273,30,v6,88000000ffffffffffffa8dd9f4dc5b5
8862,107.548543577,10.846487,30,v6,88000000ffffffffffffa8dd9f4dc5b5
8863,107.557908426,9.364849,30,v6,88000000ffffffffffffa8dd9f4dc5b5
8864,107.567821193,9.912767,30,v6,88000000ffffffffffffa8dd9f4dc5b5
8865,107.577039389,9.218196,30,v6,88000000ffffffffffffa8dd9f4dc5b5
8866,107.588434870,11.395481,30,v6,88000000ffffffffffffa8dd9f4dc5b5
8867,107.597608875,9.174005,30,v6,88000000ffffffffffffa8dd9f4dc5b5
8868,107.607661616,10.052741,30,v6,88000000ffffffffffffa8dd9f4dc5b5
8869,107.618838520,11.176904,30,v6,88000000ffffffffffffa8dd9f4dc5b5
8870,107.628830323,9.991803,30,v6,88000000ffffffffffffa8dd9f4dc5b5
8871,107.638017781,9.187458,30,v6,88000000ffffffffffffa8dd9f4dc5b5
8872,107.648058751,10.040970,30,v6,88000000ffffffffffffa8dd9f4dc5b5
8873,107.658335562,10.276811,30,v6,88000000ffffffffffffa8dd9f4dc5b5
8874,107.668644366,10.308804,30,v6,88000000ffffffffffffa8dd9f4dc5b5
8875,107.677806933,9.162567,30,v6,88000000ffffffffffffa8dd9f4dc5b5
8876,107.688032079,10.225146,30,v6,88000000ffffffffffffa8dd9f4dc5b5
8877,107.696964597,8.932518,30,v6,88000000ffffffffffffa8dd9f4dc5b5
8878,107.707070350,10.105753,30,v6,88000000ffffffffffffa8dd9f4dc5b5
8879,107.717272821,10.202471,30,v6,88000000ffffffffffffa8dd9f4dc5b5
8880,107.726434636,9.161815,30,v6,88000000ffffffffffffa8dd9f4dc5b5
8881,107.738568553,12.133917,30,v6,88000000ffffffffffffa8dd9f4dc5b5
8882,107.747718744,9.150191,30,v6,88000000ffffffffffffa8dd9f4dc5b5
8883,107.757776690,10.057946,30,v6,88000000ffffffffffffa8dd9f4dc5b5
8884,107.767984510,10.207820,30,v6,88000000ffffffffffffa8dd9f4dc5b5
8885,107.777092550,9.108040,30,v6,88000000ffffffffffffa8dd9f4dc5b5
8886,107.787370070,10.277520,30,v6,88000000ffffffffffffa8dd9f4dc5b5
8887,107.797462195,10.092125,30,v6,88000000ffffffffffffa8dd9f4dc5b5
8888,107.807602236,10.140041,30,v6,88000000ffffffffffffa8dd9f4dc5b5
8889,107.816637793,9.035557,30,v6,88000000ffffffffffffa8dd9f4dc5b5
8890,107.826868540,10.230747,30,v6,88000000ffffffffffffa8dd9f4dc5b5
8891,107.836939201,10.070661,30,v6,88000000ffffffffffffa8dd9f4dc5b5
8892,107.847385275,10.446074,30,v6,88000000ffffffffffffa8dd9f4dc5b5
8893,107.857610961,10.225686,30,v6,88000000ffffffffffffa8dd9f4dc5b5
8894,107.867689676,10.078715,30,v6,88000000ffffffffffffa8dd9f4dc5b5
8895,107.877680489,9.990813,30,v6,88000000ffffffffffffa8dd9f4dc5b5
8896,107.887822846,10.142357,30,v6,88000000ffffffffffffa8dd9f4dc5b5
8897,107.897075253,9.252407,30,v6,88000000ffffffffffffa8dd9f4dc5b5
8898,107.907379613,10.304360,30,v6,88000000ffffffffffffa8dd9f4dc5b5
8899,107.917470314,10.090701,30,v6,88000000ffffffffffffa8dd9f4dc5b5
8900,107.926516495,9.046181,30,v6,88000000ffffffffffffa8dd9f4dc5b5
8901,107.936580990,10.064495,30,v6,88000000ffffffffffffa8dd9f4dc5b5
8902,107.946750314,10.169324,30,v6,88000000ffffffffffffa8dd9f4dc5b5
8903,107.955973302,9.222988,30,v6,88000000ffffffffffffa8dd9f4dc5b5
8904,107.966290337,10.317035,30,v6,88000000ffffffffffffa8dd9f4dc5b5
8905,107.976487040,10.196703,30,v6,88000000ffffffffffffa8dd9f4dc5b5
8906,107.987661427,11.174387,30,v6,88000000ffffffffffffa8dd9f4dc5b5
8907,107.997709363,10.047936,30,v6,88000000ffffffffffffa8dd9f4dc5b5
8908,108.006589798,8.880435,30,v6,88000000ffffffffffffa8dd9f4dc5b5
8909,108.016860797,10.270999,30,v6,88000000ffffffffffffa8dd9f4dc5b5
8910,108.027065092,10.204295,30,v6,88000000ffffffffffffa8dd9f4dc5b5
8911,108.036271404,9.206312,30,v6,88000000ffffffffffffa8dd9f4dc5b5
8912,108.046572813,10.301409,30,v6,88000000ffffffffffffa8dd9f4dc5b5
8913,108.056777164,10.204351,30,v6,88000000ffffffffffffa8dd9f4dc5b5
8914,108.065725753,8.948589,30,v6,88000000ffffffffffffa8dd9f4dc5b5
8915,108.075888023,10.162270,30,v6,88000000ffffffffffffa8dd9f4dc5b5
8916,108.085929450,10.041427,30,v6,88000000ffffffffffffa8dd9f4dc5b5
8917,108.096305933,10.376483,30,v6,88000000ffffffffffffa8dd9f4dc5b5
8918,108.106401787,10.095854,30,v6,88000000ffffffffffffa8dd9f4dc5b5
8919,108.116349493,9.947706,30,v6,88000000ffffffffffffa8dd9f4dc5b5
8920,108.126721817,10.372324,30,v6,88000000ffffffffffffa8dd9f4dc5b5
8921,108.136758208,10.036391,30,v6,88000000ffffffffffffa8dd9f4dc5b5
8922,108.146004578,9.246370,30,v6,88000000ffffffffffffa8dd9f4dc5b5
8923,108.156239974,10.235396,30,v6,88000000ffffffffffffa8dd9f4dc5b5
8924,108.166269508,10.029534,30,v6,88000000ffffffffffffa8dd9f4dc5b5
8925,108.175375084,9.105576,30,v6,88000000ffffffffffffa8dd9f4dc5b5
8926,108.185758912,10.383828,30,v6,88000000ffffffffffffa8dd9f4dc5b5
8927,108.194699140,8.940228,30,v6,88000000ffffffffffffa8dd9f4dc5b5
8928,108.204840783,10.141643,30,v6,88000000ffffffffffffa8dd9f4dc5b5
8929,108.216137983,11.297200,30,v6,88000000ffffffffffffa8dd9f4dc5b5
8930,108.226367375,10.229392,30,v6,88000000ffffffffffffa8dd9f4dc5b5
8931,108.236392436,10.025061,30,v6,88000000ffffffffffffa8dd9f4dc5b5
8932,108.245472210,9.079774,30,v6,88000000ffffffffffffa8dd9f4dc5b5
8933,108.255735619,10.263409,30,v6,88000000ffffffffffffa8dd9f4dc5b5
8934,108.265826231,10.090612,30,v6,88000000ffffffffffffa8dd9f4dc5b5
8935,108.274988728,9.162497,30,v6,88000000ffffffffffffa8dd9f4dc5b5
8936,108.285187242,10.198514,30,v6,88000000ffffffffffffa8dd9f4dc5b5
8937,108.295312882,10.125640,30,v6,88000000ffffffffffffa8dd9f4dc5b5
8938,108.304627015,9.314133,30,v6,88000000ffffffffffffa8dd9f4dc5b5
8939,108.315442590,10.815575,30,v6,88000000ffffffffffffa8dd9f4dc5b5
8940,108.325716289,10.273699,30,v6,88000000ffffffffffffa8dd9f4dc5b5
8941,108.335932867,10.216578,30,v6,88000000ffffffffffffa8dd9f4dc5b5
8942,108.345111360,9.178493,30,v6,88000000ffffffffffffa8dd9f4dc5b5
8943,108.355272767,10.161407,30,v6,88000000ffffffffffffa8dd9f4dc5b5
8944,108.364435200,9.162433,30,v6,88000000ffffffffffffa8dd9f4dc5b5
8945,108.374642687,10.207487,30,v6,88000000ffffffffffffa8dd9f4dc5b5
8946,108.384766043,10.123356,30,v6,88000000ffffffffffffa8dd9f4dc5b5
8947,108.393896039,9.129996,30,v6,88000000ffffffffffffa8dd9f4dc5b5
8948,108.404005003,10.108964,30,v6,88000000ffffffffffffa8dd9f4dc5b5
8949,108.415190054,11.185051,30,v6,88000000ffffffffffffa8dd9f4dc5b5
8950,108.425291689,10.101635,30,v6,88000000ffffffffffffa8dd9f4dc5b5
8951,108.434561148,9.269459,30,v6,88000000ffffffffffffa8dd9f4dc5b5
8952,108.444609762,10.048614,30,v6,88000000ffffffffffffa8dd9f4dc5b5
8953,108.455083516,10.473754,30,v6,88000000ffffffffffffa8dd9f4dc5b5
8954,108.464867837,9.784321,30,v6,88000000ffffffffffffa8dd9f4dc5b5
8955,108.474097658,9.229821,30,v6,88000000ffffffffffffa8dd9f4dc5b5
8956,108.484230050,10.132392,30,v6,88000000ffffffffffffa8dd9f4dc5b5
8957,108.494343321,10.113271,30,v6,88000000ffffffffffffa8dd9f4dc5b5
8958,108.503538340,9.195019,30,v6,88000000ffffffffffffa8dd9f4dc5b5
8959,108.513718718,10.180378,30,v6,88000000ffffffffffffa8dd9f4dc5b5
8960,108.523695008,9.976290,30,v6,88000000ffffffffffffa8dd9f4dc5b5
8961,108.535120551,11.425543,30,v6,88000000ffffffffffffa8dd9f4dc5b5
8962,108.545318618,10.198067,30,v6,88000000ffffffffffffa8dd9f4dc5b5
8963,108.554470973,9.152355,30,v6,88000000ffffffffffffa8dd9f4dc5b5
8964,108.564583226,10.112253,30,v6,88000000ffffffffffffa8dd9f4dc5b5
8965,108.573799300,9.216074,30,v6,88000000ffffffffffffa8dd9f4dc5b5
8966,108.583875051,10.075751,30,v6,88000000ffffffffffffa8dd9f4dc5b5
8967,108.593907860,10.032809,30,v6,88000000ffffffffffffa8dd9f4dc5b5
8968,108.604220145,10.312285,30,v6,88000000ffffffffffffa8dd9f4dc5b5
8969,108.614398422,10.178277,30,v6,88000000ffffffffffffa8dd9f4dc5b5
8970,108.623602816,9.204394,30,v6,88000000ffffffffffffa8dd9f4dc5b5
8971,108.633877796,10.274980,30,v6,88000000ffffffffffffa8dd9f4dc5b5
8972,108.644225365,10.347569,30,v6,88000000ffffffffffffa8dd9f4dc5b5
8973,108.653973347,9.747982,30,v6,88000000ffffffffffffa8dd9f4dc5b5
8974,108.664318727,10.345380,30,v6,88000000ffffffffffffa8dd9f4dc5b5
8975,108.674689249,10.370522,30,v6,88000000ffffffffffffa8dd9f4dc5b5
8976,108.684554353,9.865104,30,v6,88000000ffffffffffffa8dd9f4dc5b5
8977,108.693837265,9.282912,30,v6,88000000ffffffffffffa8dd9f4dc5b5
8978,108.703872420,10.035155,30,v6,88000000ffffffffffffa8dd9f4dc5b5
8979,108.713015994,9.143574,30,v6,88000000ffffffffffffa8dd9f4dc5b5
8980,108.723087214,10.071220,30,v6,88000000ffffffffffffa8dd9f4dc5b5
8981,108.733158247,10.071033,30,v6,88000000ffffffffffffa8dd9f4dc5b5
8982,109.084768210,351.609963,30,v6,88000000ffffffffffffa8dd9f4dc5b5
8983,109.095014059,10.245849,30,v6,88000000ffffffffffffa8dd9f4dc5b5
8984,109.103933005,8.918946,30,v6,88000000ffffffffffffa8dd9f4dc5b5
8985,109.114198706,10.265701,30,v6,88000000ffffffffffffa8dd9f4dc5b5
8986,109.124436073,10.237367,30,v6,88000000ffffffffffffa8dd9f4dc5b5
8987,109.134585050,10.148977,30,v6,88000000ffffffffffffa8dd9f4dc5b5
8988,109.144826673,10.241623,30,v6,88000000ffffffffffffa8dd9f4dc5b5
8989,109.154844838,10.018165,30,v6,88000000ffffffffffffa8dd9f4dc5b5
8990,109.163928545,9.083707,30,v6,88000000ffffffffffffa8dd9f4dc5b5
8991,109.173937201,10.008656,30,v6,88000000ffffffffffffa8dd9f4dc5b5
8992,109.183299298,9.362097,30,v6,88000000ffffffffffffa8dd9f4dc5b5
8993,109.193520213,10.220915,30,v6,88000000ffffffffffffa8dd9f4dc5b5
8994,109.202856811,9.336598,30,v6,88000000ffffffffffffa8dd9f4dc5b5
8995,109.213042516,10.185705,30,v6,88000000ffffffffffffa8dd9f4dc5b5
8996,109.222884467,9.841951,30,v6,88000000ffffffffffffa8dd9f4dc5b5
8997,109.233076397,10.191930,30,v6,88000000ffffffffffffa8dd9f4dc5b5
8998,109.243188959,10.112562,30,v6,88000000ffffffffffffa8dd9f4dc5b5
8999,109.252452460,9.263501,30,v6,88000000ffffffffffffa8dd9f4dc5b5
9000,109.262603617,10.151157,30,v6,88000000ffffffffffffa8dd9f4dc5b5
9001,109.272745537,10.141920,30,v6,88000000ffffffffffffa8dd9f4dc5b5
9002,109.281879132,9.133595,30,v6,88000000ffffffffffffa8dd9f4dc5b5
9003,109.291968238,10.089106,30,v6,88000000ffffffffffffa8dd9f4dc5b5
9004,109.302069980,10.101742,30,v6,88000000ffffffffffffa8dd9f4dc5b5
9005,109.311366775,9.296795,30,v6,88000000ffffffffffffa8dd9f4dc5b5
9006,109.321542839,10.176064,30,v6,88000000ffffffffffffa8dd9f4dc5b5
9007,109.331629572,10.086733,30,v6,88000000ffffffffffffa8dd9f4dc5b5
9008,109.340812856,9.183284,30,v6,88000000ffffffffffffa8dd9f4dc5b5
9009,109.352118914,11.306058,30,v6,88000000ffffffffffffa8dd9f4dc5b5
9010,109.362239726,10.120812,30,v6,88000000ffffffffffffa8dd9f4dc5b5
9011,109.371275821,9.036095,30,v6,88000000ffffffffffffa8dd9f4dc5b5
9012,109.380258245,8.982424,30,v6,88000000ffffffffffffa8dd9f4dc5b5
9013,109.390766560,10.508315,30,v6,88000000ffffffffffffa8dd9f4dc5b5
9014,109.401033214,10.266654,30,v6,88000000ffffffffffffa8dd9f4dc5b5
9015,109.409769536,8.736322,30,v6,88000000ffffffffffffa8dd9f4dc5b5
9016,109.420135282,10.365746,30,v6,88000000ffffffffffffa8dd9f4dc5b5
9017,109.430081244,9.945962,30,v6,88000000ffffffffffffa8dd9f4dc5b5
9018,109.439431708,9.350464,30,v6,88000000ffffffffffffa8dd9f4dc5b5
9019,109.449341565,9.909857,30,v6,88000000ffffffffffffa8dd9f4dc5b5
9020,109.459597714,10.256149,30,v6,88000000ffffffffffffa8dd9f4dc5b5
9021,109.469879669,10.281955,30,v6,88000000ffffffffffffa8dd9f4dc5b5
9022,109.479968023,10.088354,30,v6,88000000ffffffffffffa8dd9f4dc5b5
9023,109.489055466,9.087443,30,v6,88000000ffffffffffffa8dd9f4dc5b5
9024,109.499262593,10.207127,30,v6,88000000ffffffffffffa8dd9f4dc5b5
9025,109.508488924,9.226331,30,v6,88000000ffffffffffffa8dd9f4dc5b5
9026,109.518476324,9.987400,30,v6,88000000ffffffffffffa8dd9f4dc5b5
9027,109.528735661,10.259337,30,v6,88000000ffffffffffffa8dd9f4dc5b5
9028,109.537982910,9.247249,30,v6,88000000ffffffffffffa8dd9f4dc5b5
9029,109.548135809,10.152899,30,v6,88000000ffffffffffffa8dd9f4dc5b5
9030,109.558232280,10.096471,30,v6,88000000ffffffffffffa8dd9f4dc5b5
9031,109.568411106,10.178826,30,v6,88000000ffffffffffffa8dd9f4dc5b5
9032,109.578673683,10.262577,30,v6,88000000ffffffffffffa8dd9f4dc5b5
9033,109.588704278,10.030595,30,v6,88000000ffffffffffffa8dd9f4dc5b5
9034,109.597641443,8.937165,30,v6,88000000ffffffffffffa8dd9f4dc5b5
9035,109.607008543,9.367100,30,v6,88000000ffffffffffffa8dd9f4dc5b5
9036,109.617206392,10.197849,30,v6,88000000ffffffffffffa8dd9f4dc5b5
9037,109.627350184,10.143792,30,v6,88000000ffffffffffffa8dd9f4dc5b5
9038,109.637513911,10.163727,30,v6,88000000ffffffffffffa8dd9f4dc5b5
9039,109.646608671,9.094760,30,v6,88000000ffffffffffffa8dd9f4dc5b5
9040,109.656866905,10.258234,30,v6,88000000ffffffffffffa8dd9f4dc5b5
9041,109.665953437,9.086532,30,v6,88000000ffffffffffffa8dd9f4dc5b5
9042,109.676139266,10.185829,30,v6,88000000ffffffffffffa8dd9f4dc5b5
9043,109.687390161,11.250895,30,v6,88000000ffffffffffffa8dd9f4dc5b5
9044,109.696574862,9.184701,30,v6,88000000ffffffffffffa8dd9f4dc5b5
9045,109.706426162,9.851300,30,v6,88000000ffffffffffffa8dd9f4dc5b5
9046,109.716988018,10.561856,30,v6,88000000ffffffffffffa8dd9f4dc5b5
9047,109.725965617,8.977599,30,v6,88000000ffffffffffffa8dd9f4dc5b5
9048,109.736262743,10.297126,30,v6,88000000ffffffffffffa8dd9f4dc5b5
9049,109.745258496,8.995753,30,v6,88000000ffffffffffffa8dd9f4dc5b5
9050,109.755396812,10.138316,30,v6,88000000ffffffffffffa8dd9f4dc5b5
9051,109.765488595,10.091783,30,v6,88000000ffffffffffffa8dd9f4dc5b5
9052,109.774829264,9.340669,30,v6,88000000ffffffffffffa8dd9f4dc5b5
9053,109.784687365,9.858101,30,v6,88000000ffffffffffffa8dd9f4dc5b5
9054,109.794882043,10.194678,30,v6,88000000ffffffffffffa8dd9f4dc5b5
9055,109.803982538,9.100495,30,v6,88000000ffffffffffffa8dd9f4dc5b5
9056,109.815205013,11.222475,30,v6,88000000ffffffffffffa8dd9f4dc5b5
9057,109.825801796,10.596783,30,v6,88000000ffffffffffffa8dd9f4dc5b5
9058,109.834651773,8.849977,30,v6,88000000ffffffffffffa8dd9f4dc5b5
9059,109.845057098,10.405325,30,v6,88000000ffffffffffffa8dd9f4dc5b5
9060,109.853837816,8.780718,30,v6,88000000ffffffffffffa8dd9f4dc5b5
9061,109.863949488,10.111672,30,v6,88000000ffffffffffffa8dd9f4dc5b5
9062,109.874129430,10.179942,30,v6,88000000ffffffffffffa8dd9f4dc5b5
9063,109.883246277,9.116847,30,v6,88000000ffffffffffffa8dd9f4dc5b5
9064,109.893510225,10.263948,30,v6,88000000ffffffffffffa8dd9f4dc5b5
9065,109.903729888,10.219663,30,v6,88000000ffffffffffffa8dd9f4dc5b5
9066,109.912551805,8.821917,30,v6,88000000ffffffffffffa8dd9f4dc5b5
9067,109.922971268,10.419463,30,v6,88000000ffffffffffffa8dd9f4dc5b5
9068,109.933141471,10.170203,30,v6,88000000ffffffffffffa8dd9f4dc5b5
9069,109.943154130,10.012659,30,v6,88000000ffffffffffffa8dd9f4dc5b5
9070,109.953603300,10.449170,30,v6,88000000ffffffffffffa8dd9f4dc5b5
9071,109.963504487,9.901187,30,v6,88000000ffffffffffffa8dd9f4dc5b5
9072,109.972715266,9.210779,30,v6,88000000ffffffffffffa8dd9f4dc5b5
9073,109.982930183,10.214917,30,v6,88000000ffffffffffffa8dd9f4dc5b5
9074,109.993015131,10.084948,30,v6,88000000ffffffffffffa8dd9f4dc5b5
9075,110.002370805,9.355674,30,v6,88000000ffffffffffffa8dd9f4dc5b5
9076,110.012309256,9.938451,30,v6,88000000ffffffffffffa8dd9f4dc5b5
9077,110.021565165,9.255909,30,v6,88000000ffffffffffffa8dd9f4dc5b5
9078,110.032843253,11.278088,30,v6,88000000ffffffffffffa8dd9f4dc5b5
9079,110.042782296,9.939043,30,v6,88000000ffffffffffffa8dd9f4dc5b5
9080,110.052994316,10.212020,30,v6,88000000ffffffffffffa8dd9f4dc5b5
9081,110.062224403,9.230087,30,v6,88000000ffffffffffffa8dd9f4dc5b5
9082,110.072162424,9.938021,30,v6,88000000ffffffffffffa8dd9f4dc5b5
9083,110.081338665,9.176241,30,v6,88000000ffffffffffffa8dd9f4dc5b5
9084,110.091559434,10.220769,30,v6,88000000ffffffffffffa8dd9f4dc5b5
9085,110.101868098,10.308664,30,v6,88000000ffffffffffffa8dd9f4dc5b5
9086,110.110817208,8.949110,30,v6,88000000ffffffffffffa8dd9f4dc5b5
9087,110.120985259,10.168051,30,v6,88000000ffffffffffffa8dd9f4dc5b5
9088,110.131205090,10.219831,30,v6,88000000ffffffffffffa8dd9f4dc5b5
9089,110.140501344,9.296254,30,v6,88000000ffffffffffffa8dd9f4dc5b5
9090,110.151407872,10.906528,30,v6,88000000ffffffffffffa8dd9f4dc5b5
9091,110.161893920,10.486048,30,v6,88000000ffffffffffffa8dd9f4dc5b5
9092,110.170819053,8.925133,30,v6,88000000ffffffffffffa8dd9f4dc5b5
9093,110.180967584,10.148531,30,v6,88000000ffffffffffffa8dd9f4dc5b5
9094,110.190157925,9.190341,30,v6,88000000ffffffffffffa8dd9f4dc5b5
9095,110.200343899,10.185974,30,v6,88000000ffffffffffffa8dd9f4dc5b5
9096,110.210578335,10.234436,30,v6,88000000ffffffffffffa8dd9f4dc5b5
9097,110.219674094,9.095759,30,v6,88000000ffffffffffffa8dd9f4dc5b5
9098,110.229634342,9.960248,30,v6,88000000ffffffffffffa8dd9f4dc5b5
9099,110.240073379,10.439037,30,v6,88000000ffffffffffffa8dd9f4dc5b5
9100,110.249150660,9.077281,30,v6,88000000ffffffffffffa8dd9f4dc5b5
9101,110.259401314,10.250654,30,v6,88000000ffffffffffffa8dd9f4dc5b5
9102,110.269362061,9.960747,30,v6,88000000ffffffffffffa8dd9f4dc5b5
9103,110.279565884,10.203823,30,v6,88000000ffffffffffffa8dd9f4dc5b5
9104,110.288669908,9.104024,30,v6,88000000ffffffffffffa8dd9f4dc5b5
9105,110.298806106,10.136198,30,v6,88000000ffffffffffffa8dd9f4dc5b5
9106,110.309148893,10.342787,30,v6,88000000ffffffffffffa8dd9f4dc5b5
9107,110.318151672,9.002779,30,v6,88000000ffffffffffffa8dd9f4dc5b5
9108,110.328181217,10.029545,30,v6,88000000ffffffffffffa8dd9f4dc5b5
9109,110.338720199,10.538982,30,v6,88000000ffffffffffffa8dd9f4dc5b5
9110,110.347702752,8.982553,30,v6,88000000ffffffffffffa8dd9f4dc5b5
9111,110.357984623,10.281871,30,v6,88000000ffffffffffffa8dd9f4dc5b5
9112,110.367962552,9.977929,30,v6,88000000ffffffffffffa8dd9f4dc5b5
9113,110.377077635,9.115083,30,v6,88000000ffffffffffffa8dd9f4dc5b5
9114,110.387270967,10.193332,30,v6,88000000ffffffffffffa8dd9f4dc5b5
9115,110.397324317,10.053350,30,v6,88000000ffffffffffffa8dd9f4dc5b5
9116,110.407784639,10.460322,30,v6,88000000ffffffffffffa8dd9f4dc5b5
9117,110.417772848,9.988209,30,v6,88000000ffffffffffffa8dd9f4dc5b5
9118,110.426959441,9.186593,30,v6,88000000ffffffffffffa8dd9f4dc5b5
9119,110.436939886,9.980445,30,v6,88000000ffffffffffffa8dd9f4dc5b5
9120,110.447251670,10.311784,30,v6,88000000ffffffffffffa8dd9f4dc5b5
9121,110.456390075,9.138405,30,v6,88000000ffffffffffffa8dd9f4dc5b5
9122,110.466561275,10.171200,30,v6,88000000ffffffffffffa8dd9f4dc5b5
9123,110.475514508,8.953233,30,v6,88000000ffffffffffffa8dd9f4dc5b5
9124,110.485759829,10.245321,30,v6,88000000ffffffffffffa8dd9f4dc5b5
9125,110.495837836,10.078007,30,v6,88000000ffffffffffffa8dd9f4dc5b5
9126,110.505072552,9.234716,30,v6,88000000ffffffffffffa8dd9f4dc5b5
9127,110.515308919,10.236367,30,v6,88000000ffffffffffffa8dd9f4dc5b5
9128,110.526673405,11.364486,30,v6,88000000ffffffffffffa8dd9f4dc5b5
9129,110.535742585,9.069180,30,v6,88000000ffffffffffffa8dd9f4dc5b5
9130,110.545889640,10.147055,30,v6,88000000ffffffffffffa8dd9f4dc5b5
9131,110.556043099,10.153459,30,v6,88000000ffffffffffffa8dd9f4dc5b5
9132,110.565245796,9.202697,30,v6,88000000ffffffffffffa8dd9f4dc5b5
9133,110.575098213,9.852417,30,v6,88000000ffffffffffffa8dd9f4dc5b5
9134,110.585512412,10.414199,30,v6,88000000ffffffffffffa8dd9f4dc5b5
9135,110.594504225,8.991813,30,v6,88000000ffffffffffffa8dd9f4dc5b5
9136,110.604647188,10.142963,30,v6,88000000ffffffffffffa8dd9f4dc5b5
9137,110.614939046,10.291858,30,v6,88000000ffffffffffffa8dd9f4dc5b5
9138,110.624032550,9.093504,30,v6,88000000ffffffffffffa8dd9f4dc5b5
9139,110.634115853,10.083303,30,v6,88000000ffffffffffffa8dd9f4dc5b5
9140,110.645283955,11.168102,30,v6,88000000ffffffffffffa8dd9f4dc5b5
9141,110.654781060,9.497105,30,v6,88000000ffffffffffffa8dd9f4dc5b5
9142,110.663675686,8.894626,30,v6,88000000ffffffffffffa8dd9f4dc5b5
9143,110.673847611,10.171925,30,v6,88000000ffffffffffffa8dd9f4dc5b5
9144,110.683980647,10.133036,30,v6,88000000ffffffffffffa8dd9f4dc5b5
9145,110.693195058,9.214411,30,v6,88000000ffffffffffffa8dd9f4dc5b5
9146,110.703261566,10.066508,30,v6,88000000ffffffffffffa8dd9f4dc5b5
9147,110.713570200,10.308634,30,v6,88000000ffffffffffffa8dd9f4dc5b5
9148,110.722569257,8.999057,30,v6,88000000ffffffffffffa8dd9f4dc5b5
9149,110.732830731,10.261474,30,v6,88000000ffffffffffffa8dd9f4dc5b5
9150,110.743114225,10.283494,30,v6,88000000ffffffffffffa8dd9f4dc5b5
9151,110.754116514,11.002289,30,v6,88000000ffffffffffffa8dd9f4dc5b5
9152,110.763228224,9.111710,30,v6,88000000ffffffffffffa8dd9f4dc5b5
9153,110.773309127,10.080903,30,v6,88000000ffffffffffffa8dd9f4dc5b5
9154,110.782487341,9.178214,30,v6,88000000ffffffffffffa8dd9f4dc5b5
9155,110.792676341,10.189000,30,v6,88000000ffffffffffffa8dd9f4dc5b5
9156,110.801862254,9.185913,30,v6,88000000ffffffffffffa8dd9f4dc5b5
9157,110.811888172,10.025918,30,v6,88000000ffffffffffffa8dd9f4dc5b5
9158,110.821969485,10.081313,30,v6,88000000ffffffffffffa8dd9f4dc5b5
9159,110.832648656,10.679171,30,v6,88000000ffffffffffffa8dd9f4dc5b5
9160,110.841391554,8.742898,30,v6,88000000ffffffffffffa8dd9f4dc5b5
9161,110.851709972,10.318418,30,v6,88000000ffffffffffffa8dd9f4dc5b5
9162,110.861789148,10.079176,30,v6,88000000ffffffffffffa8dd9f4dc5b5
9163,110.871758463,9.969315,30,v6,88000000ffffffffffffa8dd9f4dc5b5
9164,110.882014776,10.256313,30,v6,88000000ffffffffffffa8dd9f4dc5b5
9165,110.891063715,9.048939,30,v6,88000000ffffffffffffa8dd9f4dc5b5
9166,110.901327861,10.264146,30,v6,88000000ffffffffffffa8dd9f4dc5b5
9167,110.910674291,9.346430,30,v6,88000000ffffffffffffa8dd9f4dc5b5
9168,110.920716460,10.042169,30,v6,88000000ffffffffffffa8dd9f4dc5b5
9169,110.930785213,10.068753,30,v6,88000000ffffffffffffa8dd9f4dc5b5
9170,110.939820293,9.035080,30,v6,88000000ffffffffffffa8dd9f4dc5b5
9171,110.950027852,10.207559,30,v6,88000000ffffffffffffa8dd9f4dc5b5
9172,110.960299178,10.271326,30,v6,88000000ffffffffffffa8dd9f4dc5b5
9173,110.970431564,10.132386,30,v6,88000000ffffffffffffa8dd9f4dc5b5
9174,110.980472508,10.040944,30,v6,88000000ffffffffffffa8dd9f4dc5b5
9175,110.990698164,10.225656,30,v6,88000000ffffffffffffa8dd9f4dc5b5
9176,110.999749771,9.051607,30,v6,88000000ffffffffffffa8dd9f4dc5b5
9177,111.010207002,10.457231,30,v6,88000000ffffffffffffa8dd9f4dc5b5
9178,111.019233571,9.026569,30,v6,88000000ffffffffffffa8dd9f4dc5b5
9179,111.029434048,10.200477,30,v6,88000000ffffffffffffa8dd9f4dc5b5
9180,111.039819326,10.385278,30,v6,88000000ffffffffffffa8dd9f4dc5b5
9181,111.048830141,9.010815,30,v6,88000000ffffffffffffa8dd9f4dc5b5
9182,111.058839328,10.009187,30,v6,88000000ffffffffffffa8dd9f4dc5b5
9183,111.067960760,9.121432,30,v6,88000000ffffffffffffa8dd9f4dc5b5
9184,111.078122722,10.161962,30,v6,88000000ffffffffffffa8dd9f4dc5b5
9185,111.089501626,11.378904,30,v6,88000000ffffffffffffa8dd9f4dc5b5
9186,111.098609865,9.108239,30,v6,88000000ffffffffffffa8dd9f4dc5b5
9187,111.108550848,9.940983,30,v6,88000000ffffffffffffa8dd9f4dc5b5
9188,111.119072348,10.521500,30,v6,88000000ffffffffffffa8dd9f4dc5b5
9189,111.127823323,8.750975,30,v6,88000000ffffffffffffa8dd9f4dc5b5
9190,111.138154348,10.331025,30,v6,88000000ffffffffffffa8dd9f4dc5b5
9191,111.147286866,9.132518,30,v6,88000000ffffffffffffa8dd9f4dc5b5
9192,111.157378882,10.092016,30,v6,88000000ffffffffffffa8dd9f4dc5b5
9193,111.167600130,10.221248,30,v6,88000000ffffffffffffa8dd9f4dc5b5
9194,111.176916553,9.316423,30,v6,88000000ffffffffffffa8dd9f4dc5b5
9195,111.187779782,10.863229,30,v6,88000000ffffffffffffa8dd9f4dc5b5
9196,111.197968241,10.188459,30,v6,88000000ffffffffffffa8dd9f4dc5b5
9197,111.207101882,9.133641,30,v6,88000000ffffffffffffa8dd9f4dc5b5
9198,111.216309947,9.208065,30,v6,88000000ffffffffffffa8dd9f4dc5b5
9199,111.226611762,10.301815,30,v6,88000000ffffffffffffa8dd9f4dc5b5
9200,111.236855985,10.244223,30,v6,88000000ffffffffffffa8dd9f4dc5b5
9201,111.246944935,10.088950,30,v6,88000000ffffffffffffa8dd9f4dc5b5
9202,111.255862832,8.917897,30,v6,88000000ffffffffffffa8dd9f4dc5b5
9203,111.266080258,10.217426,30,v6,88000000ffffffffffffa8dd9f4dc5b5
9204,111.275126614,9.046356,30,v6,88000000ffffffffffffa8dd9f4dc5b5
9205,111.285444034,10.317420,30,v6,88000000ffffffffffffa8dd9f4dc5b5
9206,111.296745909,11.301875,30,v6,88000000ffffffffffffa8dd9f4dc5b5
9207,111.305855047,9.109138,30,v6,88000000ffffffffffffa8dd9f4dc5b5
9208,111.315809337,9.954290,30,v6,88000000ffffffffffffa8dd9f4dc5b5
9209,111.326090644,10.281307,30,v6,88000000ffffffffffffa8dd9f4dc5b5
9210,111.335268308,9.177664,30,v6,88000000ffffffffffffa8dd9f4dc5b5
9211,111.344427156,9.158848,30,v6,88000000ffffffffffffa8dd9f4dc5b5
9212,111.354824874,10.397718,30,v6,88000000ffffffffffffa8dd9f4dc5b5
9213,111.364801586,9.976712,30,v6,88000000ffffffffffffa8dd9f4dc5b5
9214,111.374746889,9.945303,30,v6,88000000ffffffffffffa8dd9f4dc5b5
9215,111.384999072,10.252183,30,v6,88000000ffffffffffffa8dd9f4dc5b5
9216,111.394176822,9.177750,30,v6,88000000ffffffffffffa8dd9f4dc5b5
9217,111.404482328,10.305506,30,v6,88000000ffffffffffffa8dd9f4dc5b5
9218,111.413493610,9.011282,30,v6,88000000ffffffffffffa8dd9f4dc5b5
9219,111.424674041,11.180431,30,v6,88000000ffffffffffffa8dd9f4dc5b5
9220,111.434768340,10.094299,30,v6,88000000ffffffffffffa8dd9f4dc5b5
9221,111.444093217,9.324877,30,v6,88000000ffffffffffffa8dd9f4dc5b5
9222,111.454045603,9.952386,30,v6,88000000ffffffffffffa8dd9f4dc5b5
9223,111.464091484,10.045881,30,v6,88000000ffffffffffffa8dd9f4dc5b5
9224,111.473355244,9.263760,30,v6,88000000ffffffffffffa8dd9f4dc5b5
9225,111.483439256,10.084012,30,v6,88000000ffffffffffffa8dd9f4dc5b5
9226,111.493880249,10.440993,30,v6,88000000ffffffffffffa8dd9f4dc5b5
9227,111.503171629,9.291380,30,v6,88000000ffffffffffffa8dd9f4dc5b5
9228,111.512834366,9.662737,30,v6,88000000ffffffffffffa8dd9f4dc5b5
9229,111.522044273,9.209907,30,v6,88000000ffffffffffffa8dd9f4dc5b5
9230,111.533596246,11.551973,30,v6,88000000ffffffffffffa8dd9f4dc5b5
9231,111.543591922,9.995676,30,v6,88000000ffffffffffffa8dd9f4dc5b5
9232,111.552894769,9.302847,30,v6,88000000ffffffffffffa8dd9f4dc5b5
9233,111.562626842,9.732073,30,v6,88000000ffffffffffffa8dd9f4dc5b5
9234,111.573122419,10.495577,30,v6,88000000ffffffffffffa8dd9f4dc5b5
9235,111.582232075,9.109656,30,v6,88000000ffffffffffffa8dd9f4dc5b5
9236,111.592334223,10.102148,30,v6,88000000ffffffffffffa8dd9f4dc5b5
9237,111.602800057,10.465834,30,v6,88000000ffffffffffffa8dd9f4dc5b5
9238,111.611805776,9.005719,30,v6,88000000ffffffffffffa8dd9f4dc5b5
9239,111.621815992,10.010216,30,v6,88000000ffffffffffffa8dd9f4dc5b5
9240,111.630898021,9.082029,30,v6,88000000ffffffffffffa8dd9f4dc5b5
9241,111.641307886,10.409865,30,v6,88000000ffffffffffffa8dd9f4dc5b5
9242,111.651170289,9.862403,30,v6,88000000ffffffffffffa8dd9f4dc5b5
9243,111.660391140,9.220851,30,v6,88000000ffffffffffffa8dd9f4dc5b5
9244,111.670803112,10.411972,30,v6,88000000ffffffffffffa8dd9f4dc5b5
9245,111.681653640,10.850528,30,v6,88000000ffffffffffffa8dd9f4dc5b5
9246,111.691973843,10.320203,30,v6,88000000ffffffffffffa8dd9f4dc5b5
9247,111.700765625,8.791782,30,v6,88000000ffffffffffffa8dd9f4dc5b5
9248,111.711133784,10.368159,30,v6,88000000ffffffffffffa8dd9f4dc5b5
9249,111.720281548,9.147764,30,v6,88000000ffffffffffffa8dd9f4dc5b5
9250,111.730464994,10.183446,30,v6,88000000ffffffffffffa8dd9f4dc5b5
9251,111.740647318,10.182324,30,v6,88000000ffffffffffffa8dd9f4dc5b5
9252,111.749573017,8.925699,30,v6,88000000ffffffffffffa8dd9f4dc5b5
9253,111.758747576,9.174559,30,v6,88000000ffffffffffffa8dd9f4dc5b5
9254,111.768953628,10.206052,30,v6,88000000ffffffffffffa8dd9f4dc5b5
9255,111.778971570,10.017942,30,v6,88000000ffffffffffffa8dd9f4dc5b5
9256,111.790421784,11.450214,30,v6,88000000ffffffffffffa8dd9f4dc5b5
9257,111.799450773,9.028989,30,v6,88000000ffffffffffffa8dd9f4dc5b5
9258,111.809667910,10.217137,30,v6,88000000ffffffffffffa8dd9f4dc5b5
9259,111.819996165,10.328255,30,v6,88000000ffffffffffffa8dd9f4dc5b5
9260,111.828858154,8.861989,30,v6,88000000ffffffffffffa8dd9f4dc5b5
9261,111.839125081,10.266927,30,v6,88000000ffffffffffffa8dd9f4dc5b5
9262,111.849097976,9.972895,30,v6,88000000ffffffffffffa8dd9f4dc5b5
9263,111.858421937,9.323961,30,v6,88000000ffffffffffffa8dd9f4dc5b5
9264,111.868579180,10.157243,30,v6,88000000ffffffffffffa8dd9f4dc5b5
9265,111.878515820,9.936640,30,v6,88000000ffffffffffffa8dd9f4dc5b5
9266,111.889181806,10.665986,30,v6,88000000ffffffffffffa8dd9f4dc5b5
9267,111.898921760,9.739954,30,v6,88000000ffffffffffffa8dd9f4dc5b5
9268,111.908098584,9.176824,30,v6,88000000ffffffffffffa8dd9f4dc5b5
9269,111.918492598,10.394014,30,v6,88000000ffffffffffffa8dd9f4dc5b5
9270,111.928424028,9.931430,30,v6,88000000ffffffffffffa8dd9f4dc5b5
9271,111.937920051,9.496023,30,v6,88000000ffffffffffffa8dd9f4dc5b5
9272,111.947747690,9.827639,30,v6,88000000ffffffffffffa8dd9f4dc5b5
9273,111.957932634,10.184944,30,v6,88000000ffffffffffffa8dd9f4dc5b5
9274,111.967102591,9.169957,30,v6,88000000ffffffffffffa8dd9f4dc5b5
9275,111.977257317,10.154726,30,v6,88000000ffffffffffffa8dd9f4dc5b5
9276,111.986401392,9.144075,30,v6,88000000ffffffffffffa8dd9f4dc5b5
9277,111.996567916,10.166524,30,v6,88000000ffffffffffffa8dd9f4dc5b5
9278,112.006797417,10.229501,30,v6,88000000ffffffffffffa8dd9f4dc5b5
9279,112.016942496,10.145079,30,v6,88000000ffffffffffffa8dd9f4dc5b5
9280,112.026915676,9.973180,30,v6,88000000ffffffffffffa8dd9f4dc5b5
9281,112.036170656,9.254980,30,v6,88000000ffffffffffffa8dd9f4dc5b5
9282,112.046302227,10.131571,30,v6,88000000ffffffffffffa8dd9f4dc5b5
9283,112.056701197,10.398970,30,v6,88000000ffffffffffffa8dd9f4dc5b5
9284,112.065998444,9.297247,30,v6,88000000ffffffffffffa8dd9f4dc5b5
9285,112.075738435,9.739991,30,v6,88000000ffffffffffffa8dd9f4dc5b5
9286,112.085821001,10.082566,30,v6,88000000ffffffffffffa8dd9f4dc5b5
9287,112.096113402,10.292401,30,v6,88000000ffffffffffffa8dd9f4dc5b5
9288,112.105278785,9.165383,30,v6,88000000ffffffffffffa8dd9f4dc5b5
9289,112.116489885,11.211100,30,v6,88000000ffffffffffffa8dd9f4dc5b5
9290,112.125598551,9.108666,30,v6,88000000ffffffffffffa8dd9f4dc5b5
9291,112.135658732,10.060181,30,v6,88000000ffffffffffffa8dd9f4dc5b5
9292,112.145805636,10.146904,30,v6,88000000ffffffffffffa8dd9f4dc5b5
9293,112.155001015,9.195379,30,v6,88000000ffffffffffffa8dd9f4dc5b5
9294,112.165073491,10.072476,30,v6,88000000ffffffffffffa8dd9f4dc5b5
9295,112.174297670,9.224179,30,v6,88000000ffffffffffffa8dd9f4dc5b5
9296,112.184614156,10.316486,30,v6,88000000ffffffffffffa8dd9f4dc5b5
9297,112.194709909,10.095753,30,v6,88000000ffffffffffffa8dd9f4dc5b5
9298,112.203833942,9.124033,30,v6,88000000ffffffffffffa8dd9f4dc5b5
9299,112.213776524,9.942582,30,v6,88000000ffffffffffffa8dd9f4dc5b5
9300,112.224008525,10.232001,30,v6,88000000ffffffffffffa8dd9f4dc5b5
9301,112.234375110,10.366585,30,v6,88000000ffffffffffffa8dd9f4dc5b5
9302,112.244345039,9.969929,30,v6,88000000ffffffffffffa8dd9f4dc5b5
9303,112.254840905,10.495866,30,v6,88000000ffffffffffffa8dd9f4dc5b5
9304,112.263788645,8.947740,30,v6,88000000ffffffffffffa8dd9f4dc5b5
9305,112.273884654,10.096009,30,v6,88000000ffffffffffffa8dd9f4dc5b5
9306,112.283065461,9.180807,30,v6,88000000ffffffffffffa8dd9f4dc5b5
9307,112.293032620,9.967159,30,v6,88000000ffffffffffffa8dd9f4dc5b5
9308,112.302441585,9.408965,30,v6,88000000ffffffffffffa8dd9f4dc5b5
9309,112.312543758,10.102173,30,v6,88000000ffffffffffffa8dd9f4dc5b5
9310,112.322975557,10.431799,30,v6,88000000ffffffffffffa8dd9f4dc5b5
9311,112.332726827,9.751270,30,v6,88000000ffffffffffffa8dd9f4dc5b5
9312,112.343017327,10.290500,30,v6,88000000ffffffffffffa8dd9f4dc5b5
9313,112.353167664,10.150337,30,v6,88000000ffffffffffffa8dd9f4dc5b5
9314,112.362364425,9.196761,30,v6,88000000ffffffffffffa8dd9f4dc5b5
9315,112.372622007,10.257582,30,v6,88000000ffffffffffffa8dd9f4dc5b5
9316,112.381594949,8.972942,30,v6,88000000ffffffffffffa8dd9f4dc5b5
9317,112.391862052,10.267103,30,v6,88000000ffffffffffffa8dd9f4dc5b5
9318,112.401980248,10.118196,30,v6,88000000ffffffffffffa8dd9f4dc5b5
9319,112.411134285,9.154037,30,v6,88000000ffffffffffffa8dd9f4dc5b5
9320,112.421301941,10.167656,30,v6,88000000ffffffffffffa8dd9f4dc5b5
9321,112.430309170,9.007229,30,v6,88000000ffffffffffffa8dd9f4dc5b5
9322,112.441587991,11.278821,30,v6,88000000ffffffffffffa8dd9f4dc5b5
9323,112.451818921,10.230930,30,v6,88000000ffffffffffffa8dd9f4dc5b5
9324,112.460813649,8.994728,30,v6,88000000ffffffffffffa8dd9f4dc5b5
9325,112.470970407,10.156758,30,v6,88000000ffffffffffffa8dd9f4dc5b5
9326,112.480146767,9.176360,30,v6,88000000ffffffffffffa8dd9f4dc5b5
9327,112.490381855,10.235088,30,v6,88000000ffffffffffffa8dd9f4dc5b5
9328,112.500563062,10.181207,30,v6,88000000ffffffffffffa8dd9f4dc5b5
9329,112.509686279,9.123217,30,v6,88000000ffffffffffffa8dd9f4dc5b5
9330,112.519771405,10.085126,30,v6,88000000ffffffffffffa8dd9f4dc5b5
9331,112.529014934,9.243529,30,v6,88000000ffffffffffffa8dd9f4dc5b5
9332,112.539121213,10.106279,30,v6,88000000ffffffffffffa8dd9f4dc5b5
9333,112.549187703,10.066490,30,v6,88000000ffffffffffffa8dd9f4dc5b5
9334,112.560445277,11.257574,30,v6,88000000ffffffffffffa8dd9f4dc5b5
9335,112.569566170,9.120893,30,v6,88000000ffffffffffffa8dd9f4dc5b5
9336,112.579566654,10.000484,30,v6,88000000ffffffffffffa8dd9f4dc5b5
9337,112.588800874,9.234220,30,v6,88000000ffffffffffffa8dd9f4dc5b5
9338,112.599051271,10.250397,30,v6,88000000ffffffffffffa8dd9f4dc5b5
9339,112.609084136,10.032865,30,v6,88000000ffffffffffffa8dd9f4dc5b5
9340,112.618440613,9.356477,30,v6,88000000ffffffffffffa8dd9f4dc5b5
9341,112.638794590,20.353977,30,v6,88000000ffffffffffffa8dd9f4dc5b5
9342,112.647808868,9.014278,30,v6,88000000ffffffffffffa8dd9f4dc5b5
9343,112.658069414,10.260546,30,v6,88000000ffffffffffffa8dd9f4dc5b5
9344,112.668351109,10.281695,30,v6,88000000ffffffffffffa8dd9f4dc5b5
9345,112.678553100,10.201991,30,v6,88000000ffffffffffffa8dd9f4dc5b5
9346,112.688812218,10.259118,30,v6,88000000ffffffffffffa8dd9f4dc5b5
9347,112.697646284,8.834066,30,v6,88000000ffffffffffffa8dd9f4dc5b5
9348,112.707700895,10.054611,30,v6,88000000ffffffffffffa8dd9f4dc5b5
9349,112.718185476,10.484581,30,v6,88000000ffffffffffffa8dd9f4dc5b5
9350,112.727487212,9.301736,30,v6,88000000ffffffffffffa8dd9f4dc5b5
9351,112.737206857,9.719645,30,v6,88000000ffffffffffffa8dd9f4dc5b5
9352,112.746364997,9.158140,30,v6,88000000ffffffffffffa8dd9f4dc5b5
9353,112.756624275,10.259278,30,v6,88000000ffffffffffffa8dd9f4dc5b5
9354,112.766635535,10.011260,30,v6,88000000ffffffffffffa8dd9f4dc5b5
9355,112.776947481,10.311946,30,v6,88000000ffffffffffffa8dd9f4dc5b5
9356,112.785978994,9.031513,30,v6,88000000ffffffffffffa8dd9f4dc5b5
9357,112.796241481,10.262487,30,v6,88000000ffffffffffffa8dd9f4dc5b5
9358,112.806583526,10.342045,30,v6,88000000ffffffffffffa8dd9f4dc5b5
9359,112.816508816,9.925290,30,v6,88000000ffffffffffffa8dd9f4dc5b5
9360,112.826672853,10.164037,30,v6,88000000ffffffffffffa8dd9f4dc5b5
9361,112.835969823,9.296970,30,v6,88000000ffffffffffffa8dd9f4dc5b5
