swap_idx,from,to,read_toml,disconnect,retune_radio,park_selectors,load_plugins,build_read_toml,build_create_blocks,build_connect,build_bridge_ports,start_runtime,reconnect,terminate_spawn,unpark_selectors,build_and_start,total,t_ms
0,Z,H,0.2276,0.0056,0.0014,0.0004,0.0040,0.1672,0.2362,0.1150,0.0607,0.1315,0.0023,0.0973,0.0003,0.7195,1.0606,257.188
1,H,Z,0.2958,0.0041,0.0013,0.0003,0.0030,0.1771,0.0665,0.1621,0.0728,0.0748,0.0241,0.0741,0.0002,0.5617,0.9667,308.225
2,Z,H,0.3192,0.0046,0.0014,0.0003,0.0035,0.1668,0.3583,0.1053,0.0636,0.1406,0.0011,0.0503,0.0003,0.8456,1.2285,359.503
3,H,Z,0.2432,0.0063,0.0014,0.0009,0.0036,0.1585,0.0668,0.2345,0.0925,0.0769,0.0013,0.0624,0.0005,0.6404,0.9625,410.511
4,Z,H,0.2750,0.0058,0.0015,0.0004,0.0039,0.1802,0.1802,0.1398,0.1042,0.1483,0.0377,0.0710,0.0006,0.7624,1.1609,461.722
5,H,Z,0.2515,0.0043,0.0019,0.0006,0.0035,0.1547,0.0642,0.1770,0.0656,0.0830,0.0016,0.0742,0.0003,0.5523,0.8922,512.660
6,Z,H,0.2784,0.0044,0.0013,0.0003,0.0035,0.1776,0.4086,0.1155,0.0628,0.1248,0.0011,0.0546,0.0002,0.8969,1.2430,563.944
7,H,Z,0.1975,0.0062,0.0014,0.0007,0.0033,0.1494,0.0662,0.2398,0.1011,0.0880,0.0044,0.0689,0.0004,0.6517,0.9369,614.920
8,Z,H,0.3267,0.0069,0.0022,0.0009,0.0055,0.2055,0.5369,0.1350,0.1076,0.1529,0.0013,0.0830,0.0003,1.1490,1.5780,666.551
9,H,Z,0.3709,0.0072,0.0017,0.0011,0.0031,0.1996,0.0692,0.1810,0.0670,0.0871,0.1119,0.1064,0.0005,0.6127,1.2196,717.833
10,Z,H,0.2941,0.0049,0.0013,0.0007,0.0056,0.1806,0.3969,0.1193,0.0717,0.1481,0.0013,0.0725,0.0003,0.9309,1.3141,769.195
11,H,Z,0.2175,0.0046,0.0012,0.0006,0.0026,0.1435,0.0697,0.1656,0.0657,0.1351,0.0265,0.0630,0.0001,0.5872,0.9056,820.153
12,Z,H,0.2252,0.0047,0.0012,0.0003,0.0036,0.1830,0.2333,0.1081,0.0640,0.1276,0.0009,0.0693,0.0001,0.7238,1.0312,871.256
13,H,Z,0.2343,0.0042,0.0013,0.0003,0.0026,0.1460,0.0568,0.1454,0.0554,0.0660,0.0253,0.0799,0.0005,0.4777,0.8283,922.129
14,Z,H,0.2281,0.0041,0.0012,0.0004,0.0038,0.1525,0.2141,0.1002,0.0600,0.1271,0.1171,0.0730,0.0003,0.6629,1.0933,973.292
15,H,Z,0.2095,0.0039,0.0011,0.0001,0.0025,0.1411,0.0558,0.1427,0.0570,0.0738,0.0063,0.0710,0.0002,0.4797,0.7764,1024.113
16,Z,H,0.3030,0.0042,0.0013,0.0003,0.0035,0.1881,0.3922,0.1114,0.0602,0.1237,0.0290,0.0780,0.0003,0.8879,1.3098,1075.477
17,H,Z,0.2254,0.0036,0.0012,0.0003,0.0021,0.1394,0.0531,0.1383,0.0520,0.0791,0.0240,0.0584,0.0003,0.4693,0.7865,1126.306
18,Z,H,0.2492,0.0042,0.0013,0.0005,0.0033,0.1737,0.4587,0.1181,0.0610,0.0965,0.0227,0.0706,0.0002,0.9173,1.2712,1177.629
19,H,Z,0.1896,0.0042,0.0012,0.0004,0.0023,0.1417,0.0610,0.1503,0.0565,0.1004,0.0023,0.1015,0.0003,0.5192,0.8227,1228.498
20,Z,H,0.2789,0.0045,0.0012,0.0007,0.0033,0.1610,0.1268,0.1150,0.0634,0.1268,0.0012,0.0534,0.0003,0.6020,0.9482,1279.497
21,H,Z,0.2733,0.0056,0.0013,0.0005,0.0022,0.1583,0.0600,0.1558,0.0570,0.0804,0.0013,0.0667,0.0003,0.5188,0.8729,1330.465
22,Z,H,0.2472,0.0045,0.0012,0.0006,0.0038,0.1711,0.2233,0.1160,0.0671,0.1300,0.0101,0.0690,0.0004,0.7159,1.0546,1381.579
23,H,Z,0.2269,0.0056,0.0015,0.0007,0.0041,0.1532,0.0653,0.2098,0.0876,0.0916,0.0100,0.0541,0.0004,0.6158,0.9222,1432.576
24,Z,H,0.2725,0.0063,0.0015,0.0006,0.0050,0.1906,0.3086,0.1510,0.2616,0.1444,0.0013,0.0613,0.0003,1.0694,1.4208,1484.074
25,H,Z,0.2257,0.0049,0.0013,0.0005,0.0027,0.1397,0.0584,0.1582,0.0563,0.0848,0.0013,0.0671,0.0003,0.5058,0.8117,1534.951
26,Z,H,0.2603,0.0049,0.0014,0.0002,0.0052,0.1656,0.4421,0.1174,0.0684,0.1514,0.0013,0.0748,0.0003,0.9540,1.3047,1586.305
27,H,Z,0.2053,0.0045,0.0011,0.0005,0.0024,0.1473,0.0580,0.1501,0.0568,0.0719,0.0122,0.0543,0.0003,0.4913,0.7739,1637.118
28,Z,H,0.3032,0.0046,0.0012,0.0005,0.0037,0.1859,0.3926,0.1118,0.0662,0.1195,0.0259,0.0571,0.0003,0.8847,1.2834,1688.495
29,H,Z,0.3119,0.0059,0.0014,0.0007,0.0033,0.1861,0.0628,0.2228,0.0993,0.0645,0.0118,0.0657,0.0003,0.6443,1.0481,1739.594
30,Z,H,0.3084,0.0047,0.0015,0.0003,0.0046,0.2433,0.2706,0.1395,0.0984,0.1072,0.0013,0.0674,0.0006,0.8707,1.2622,1790.922
31,H,Z,0.2396,0.0047,0.0015,0.0005,0.0028,0.1623,0.0666,0.1908,0.0806,0.0848,0.0016,0.0776,0.0005,0.5952,0.9263,1841.904
32,Z,H,0.3514,0.0054,0.0014,0.0007,0.0044,0.2080,0.2659,0.1256,0.0847,0.1525,0.0010,0.0715,0.0003,0.8455,1.2847,1893.254
33,H,Z,0.2257,0.0046,0.0013,0.0005,0.0025,0.1454,0.0575,0.1442,0.0572,0.0889,0.0146,0.0628,0.0001,0.4997,0.8142,1944.108
34,Z,H,0.2685,0.0046,0.0013,0.0006,0.0040,0.1838,0.2534,0.1306,0.0756,0.1118,0.0009,0.0665,0.0001,0.7631,1.1116,1995.265
35,H,Z,0.1893,0.0037,0.0014,0.0002,0.0025,0.1464,0.0554,0.1439,0.0551,0.0738,0.0014,0.0540,0.0002,0.4853,0.7402,2046.064
36,Z,H,0.2494,0.0058,0.0015,0.0008,0.0046,0.1668,0.3159,0.1368,0.0672,0.1212,0.0087,0.0642,0.0002,0.8179,1.1554,2097.269
37,H,Z,0.3765,0.0075,0.0020,0.0009,0.0045,0.2341,0.0657,0.2174,0.0924,0.0882,0.0011,0.0627,0.0003,0.7047,1.1635,2148.472
38,Z,H,0.2453,0.0041,0.0018,0.0004,0.0043,0.2058,0.2266,0.1233,0.0843,0.1259,0.0012,0.0645,0.0003,0.7753,1.0993,2199.629
39,H,Z,0.2312,0.0065,0.0013,0.0006,0.0039,0.1784,0.0635,0.2004,0.0893,0.0638,0.0011,0.0757,0.0005,0.6023,0.9258,2250.595
40,Z,H,0.2635,0.0067,0.0023,0.0006,0.0038,0.1668,0.2275,0.1292,0.0648,0.1325,0.0255,0.0799,0.0005,0.7322,1.1178,2301.768
41,H,Z,0.2280,0.0060,0.0015,0.0004,0.0041,0.1464,0.0688,0.2016,0.0943,0.0911,0.0066,0.0545,0.0003,0.6119,0.9157,2352.726
42,Z,H,0.2578,0.0049,0.0014,0.0005,0.0035,0.1694,0.1282,0.1784,0.0712,0.1097,0.0009,0.0707,0.0003,0.6652,1.0068,2403.778
43,H,Z,0.2137,0.0056,0.0009,0.0003,0.0035,0.1515,0.0581,0.2081,0.0933,0.0859,0.0010,0.0674,0.0003,0.6043,0.8993,2454.724
44,Z,H,0.2889,0.0047,0.0016,0.0005,0.0036,0.2070,0.2644,0.1541,0.0836,0.1280,0.0158,0.0830,0.0004,0.8475,1.2488,2506.028
45,H,Z,0.1999,0.0040,0.0013,0.0004,0.0026,0.1322,0.0564,0.1410,0.0647,0.0708,0.0253,0.0731,0.0003,0.4723,0.7813,2556.860
46,Z,H,0.2539,0.0063,0.0016,0.0007,0.0049,0.1707,0.2972,0.1286,0.0935,0.1633,0.0011,0.0839,0.0003,0.8612,1.2160,2608.132
47,H,Z,0.2133,0.0070,0.0026,0.0015,0.0034,0.1917,0.0890,0.1756,0.0798,0.1030,0.0018,0.1121,0.0007,0.6514,0.9969,2659.192
48,Z,H,0.2313,0.0042,0.0011,0.0004,0.0029,0.1719,0.1128,0.1023,0.0618,0.0991,0.0064,0.0578,0.0003,0.5556,0.8618,2710.127
49,H,Z,0.2119,0.0036,0.0009,0.0002,0.0028,0.1423,0.0550,0.2030,0.0854,0.0614,0.0011,0.0732,0.0002,0.5538,0.8497,2761.085
50,Z,H,0.4314,0.0062,0.0013,0.0008,0.0048,0.2108,0.4891,0.1331,0.0990,0.1469,0.0010,0.0659,0.0003,1.0879,1.6016,2812.784
51,H,Z,0.2185,0.0046,0.0016,0.0007,0.0028,0.1444,0.0701,0.1614,0.0561,0.0628,0.0150,0.0738,0.0003,0.5025,0.8222,2863.670
52,Z,H,0.2229,0.0043,0.0014,0.0005,0.0040,0.1503,0.2187,0.1095,0.0600,0.1444,0.0185,0.0747,0.0003,0.6922,1.0209,2914.742
53,H,Z,0.2552,0.0039,0.0014,0.0004,0.0027,0.1742,0.0653,0.1614,0.0548,0.0809,0.0085,0.0837,0.0003,0.5456,0.9044,2965.690
54,Z,H,0.2238,0.0045,0.0013,0.0004,0.0031,0.1608,0.2222,0.1162,0.0611,0.1517,0.0268,0.0617,0.0003,0.7202,1.0442,3016.791
55,H,Z,0.2043,0.0036,0.0012,0.0004,0.0026,0.1275,0.0529,0.1434,0.0547,0.0715,0.0014,0.0565,0.0002,0.4586,0.7310,3067.579
56,Z,H,0.2775,0.0045,0.0012,0.0004,0.0033,0.2055,0.2287,0.1122,0.0623,0.1095,0.0113,0.0463,0.0002,0.7269,1.0741,3118.717
57,H,Z,0.1796,0.0038,0.0010,0.0005,0.0023,0.1243,0.0539,0.1332,0.0537,0.0733,0.0012,0.0660,0.0002,0.4465,0.7034,3169.479
58,Z,H,0.2282,0.0039,0.0011,0.0007,0.0035,0.1577,0.2159,0.1042,0.0627,0.1565,0.0079,0.0676,0.0002,0.7061,1.0212,3220.538
59,H,Z,0.2455,0.0068,0.0014,0.0007,0.0040,0.1499,0.0645,0.2173,0.0939,0.0776,0.0014,0.0729,0.0005,0.6125,0.9483,3271.536
60,Z,H,0.2556,0.0047,0.0013,0.0004,0.0036,0.1603,0.2288,0.1084,0.0679,0.1330,0.0215,0.0673,0.0001,0.7059,1.0623,3322.647
61,H,Z,0.2694,0.0056,0.0015,0.0007,0.0037,0.1820,0.0784,0.1903,0.0751,0.0887,0.0224,0.0879,0.0004,0.6239,1.0180,3373.712
62,Z,H,0.2694,0.0062,0.0014,0.0009,0.0045,0.2074,0.4768,0.2083,0.0875,0.1156,0.0113,0.0682,0.0001,1.1071,1.4715,3425.225
63,H,Z,0.2893,0.0052,0.0022,0.0010,0.0039,0.1766,0.0754,0.1906,0.0590,0.0865,0.0007,0.0693,0.0002,0.5946,0.9686,3476.237
64,Z,H,0.2812,0.0046,0.0015,0.0005,0.0038,0.2090,0.1485,0.1324,0.0783,0.1224,0.0256,0.0838,0.0003,0.7053,1.1091,3527.413
65,H,Z,0.2155,0.0044,0.0012,0.0005,0.0026,0.1492,0.0674,0.2408,0.0626,0.0827,0.0033,0.0808,0.0003,0.6112,0.9221,3578.389
66,Z,H,0.2252,0.0042,0.0014,0.0004,0.0030,0.1451,0.2886,0.1149,0.0652,0.1454,0.0246,0.0892,0.0005,0.7701,1.1209,3629.630
67,H,Z,0.2151,0.0040,0.0013,0.0005,0.0024,0.1357,0.0570,0.1421,0.0560,0.1305,0.0008,0.0783,0.0001,0.5272,0.8319,3680.573
68,Z,H,0.2504,0.0045,0.0014,0.0005,0.0029,0.1508,0.1179,0.1116,0.0772,0.1242,0.0090,0.0823,0.0002,0.5935,0.9468,3731.581
69,H,Z,0.2154,0.0042,0.0012,0.0005,0.0021,0.1301,0.0595,0.1602,0.0688,0.0774,0.0014,0.0717,0.0003,0.5042,0.8036,3782.449
70,Z,H,0.2395,0.0044,0.0010,0.0005,0.0035,0.1906,0.2315,0.1298,0.0776,0.1671,0.0014,0.0581,0.0004,0.8081,1.1190,3833.626
71,H,Z,0.1985,0.0043,0.0013,0.0005,0.0028,0.1578,0.0551,0.1662,0.0589,0.0843,0.0015,0.0728,0.0004,0.5319,0.8160,3884.495
72,Z,H,0.2346,0.0043,0.0011,0.0005,0.0033,0.1755,0.1799,0.1046,0.0580,0.1218,0.0177,0.0850,0.0003,0.6500,0.9990,3935.550
73,H,Z,0.2157,0.0037,0.0011,0.0005,0.0021,0.1312,0.0540,0.1369,0.0516,0.0785,0.0249,0.0664,0.0003,0.4602,0.7771,3986.376
74,Z,H,0.2670,0.0046,0.0010,0.0005,0.0036,0.1572,0.1873,0.1059,0.0619,0.1437,0.0018,0.0720,0.0003,0.6659,1.0185,4037.486
75,H,Z,0.2970,0.0037,0.0010,0.0004,0.0025,0.1313,0.0505,0.1309,0.0549,0.0647,0.0012,0.0727,0.0003,0.4406,0.8211,4088.357
76,Z,H,0.2100,0.0038,0.0010,0.0002,0.0030,0.1731,0.1927,0.0984,0.0614,0.1402,0.0021,0.0708,0.0003,0.6765,0.9697,4139.382
77,H,Z,0.1948,0.0037,0.0010,0.0005,0.0099,0.1304,0.0516,0.1632,0.0706,0.0770,0.0015,0.0787,0.0005,0.5027,0.7952,4190.228
78,Z,H,0.2480,0.0066,0.0013,0.0006,0.0051,0.1897,0.3107,0.1458,0.1031,0.1367,0.0012,0.0820,0.0002,0.8950,1.2427,4241.548
79,H,Z,0.2047,0.0045,0.0012,0.0004,0.0022,0.1328,0.0551,0.1529,0.0587,0.0875,0.0127,0.0650,0.0003,0.4947,0.7882,4292.382
80,Z,H,0.2575,0.0041,0.0011,0.0003,0.0032,0.1465,0.1752,0.1058,0.0614,0.1260,0.0288,0.0639,0.0003,0.6234,0.9844,4343.408
81,H,Z,0.2076,0.0039,0.0010,0.0003,0.0022,0.1277,0.0531,0.1393,0.0556,0.0968,0.0043,0.0604,0.0003,0.4802,0.7623,4394.208
82,Z,H,0.2053,0.0039,0.0010,0.0005,0.0034,0.1442,0.2136,0.0938,0.0590,0.1094,0.0125,0.0541,0.0002,0.6282,0.9132,4445.165
83,H,Z,0.2187,0.0037,0.0010,0.0003,0.0020,0.1291,0.0519,0.1449,0.0490,0.0617,0.0033,0.0525,0.0002,0.4429,0.7266,4495.927
84,Z,H,0.2017,0.0035,0.0009,0.0004,0.0032,0.1676,0.1569,0.0925,0.0671,0.0976,0.0014,0.0489,0.0002,0.5886,0.8506,4546.818
85,H,Z,0.1857,0.0026,0.0008,0.0003,0.0016,0.1251,0.0446,0.1177,0.0486,0.0669,0.0015,0.0555,0.0002,0.4101,0.6601,4597.512
86,Z,H,0.2326,0.0038,0.0011,0.0003,0.0033,0.1719,0.1971,0.0843,0.0539,0.0872,0.0009,0.0532,0.0002,0.6006,0.8978,4648.444
87,H,Z,0.2489,0.0043,0.0012,0.0005,0.0022,0.1311,0.0579,0.1412,0.0545,0.1078,0.0063,0.0661,0.0002,0.4991,0.8312,4699.317
88,Z,H,0.2795,0.0043,0.0010,0.0002,0.0029,0.2141,0.1174,0.1023,0.0684,0.1552,0.0012,0.0529,0.0002,0.6666,1.0107,4750.374
89,H,Z,0.2515,0.0036,0.0009,0.0003,0.0021,0.1620,0.0519,0.1645,0.0656,0.0991,0.0046,0.0598,0.0003,0.5516,0.8766,4801.299
90,Z,H,0.2465,0.0054,0.0011,0.0007,0.0045,0.1882,0.2288,0.1334,0.0999,0.1220,0.0011,0.0712,0.0003,0.7816,1.1145,4852.481
91,H,Z,0.2159,0.0041,0.0013,0.0004,0.0024,0.1362,0.0550,0.1506,0.0582,0.0776,0.0017,0.0740,0.0002,0.4857,0.7880,4903.311
92,Z,H,0.2387,0.0059,0.0011,0.0006,0.0040,0.1773,0.2854,0.1323,0.0984,0.1453,0.0013,0.0567,0.0002,0.8479,1.1588,4954.515
93,H,Z,0.2103,0.0038,0.0013,0.0003,0.0021,0.1373,0.0441,0.1316,0.0647,0.0539,0.0011,0.0577,0.0003,0.4378,0.7172,5005.271
94,Z,H,0.2205,0.0041,0.0010,0.0003,0.0033,0.1688,0.2031,0.1068,0.0607,0.1287,0.0083,0.0597,0.0003,0.6760,0.9756,5056.288
95,H,Z,0.1876,0.0035,0.0010,0.0003,0.0020,0.1345,0.0493,0.1369,0.0536,0.0888,0.0008,0.0588,0.0001,0.4691,0.7251,5107.062
96,Z,H,0.2378,0.0038,0.0011,0.0004,0.0034,0.1527,0.2249,0.0996,0.0578,0.1257,0.0304,0.0583,0.0001,0.6679,1.0051,5158.120
97,H,Z,0.1913,0.0035,0.0010,0.0002,0.0021,0.1335,0.0535,0.1445,0.0537,0.0670,0.0011,0.0612,0.0003,0.4608,0.7236,5208.880
98,Z,H,0.2814,0.0041,0.0012,0.0006,0.0038,0.2083,0.2508,0.1160,0.0786,0.1261,0.0012,0.0639,0.0003,0.7906,1.1493,5260.073
99,H,Z,0.1852,0.0034,0.0010,0.0002,0.0019,0.1305,0.0483,0.1336,0.0630,0.0860,0.0014,0.0557,0.0002,0.4694,0.7206,5310.843
100,Z,H,0.2337,0.0038,0.0010,0.0003,0.0028,0.1440,0.1775,0.0963,0.0595,0.1436,0.0108,0.0578,0.0001,0.6295,0.9419,5361.834
101,H,Z,0.2157,0.0039,0.0010,0.0002,0.0025,0.1306,0.0535,0.1376,0.0526,0.0724,0.0068,0.0730,0.0002,0.4573,0.7627,5412.643
102,Z,H,0.2821,0.0043,0.0013,0.0005,0.0037,0.1745,0.1934,0.0916,0.0581,0.0853,0.0031,0.0710,0.0001,0.6096,0.9782,5463.671
103,H,Z,0.2032,0.0033,0.0011,0.0003,0.0020,0.1308,0.0560,0.1587,0.0607,0.0780,0.0030,0.0688,0.0003,0.4927,0.7765,5514.486
104,Z,H,0.2730,0.0037,0.0012,0.0003,0.0033,0.1657,0.1582,0.0807,0.0544,0.0855,0.0093,0.0516,0.0002,0.5517,0.8960,5565.429
105,H,Z,0.1822,0.0030,0.0007,0.0003,0.0016,0.1219,0.0435,0.1186,0.0468,0.0478,0.0010,0.0449,0.0002,0.3853,0.6211,5616.081
106,Z,H,0.2007,0.0036,0.0009,0.0004,0.0027,0.1548,0.1830,0.1064,0.0594,0.1519,0.0279,0.0635,0.0004,0.6632,0.9650,5667.090
107,H,Z,0.1903,0.0038,0.0011,0.0003,0.0018,0.1264,0.0490,0.1396,0.0527,0.0625,0.0007,0.0589,0.0001,0.4365,0.6955,5717.831
108,Z,H,0.2358,0.0054,0.0011,0.0003,0.0043,0.1695,0.2571,0.1406,0.1048,0.1568,0.0232,0.0705,0.0003,0.8403,1.1831,5769.060
109,H,Z,0.1918,0.0024,0.0011,0.0002,0.0022,0.1310,0.0494,0.1354,0.0667,0.0849,0.0013,0.0604,0.0003,0.4755,0.7374,5819.838
110,Z,H,0.2147,0.0037,0.0012,0.0003,0.0031,0.1572,0.1712,0.0887,0.0569,0.1130,0.0257,0.0548,0.0001,0.5943,0.8997,5870.782
111,H,Z,0.1912,0.0038,0.0009,0.0003,0.0020,0.1293,0.0501,0.1340,0.0535,0.0834,0.0085,0.0578,0.0002,0.4587,0.7252,5921.542
112,Z,H,0.2645,0.0061,0.0012,0.0006,0.0030,0.2037,0.1268,0.1229,0.0782,0.1317,0.0089,0.0705,0.0003,0.6724,1.0295,5972.630
113,H,Z,0.1857,0.0036,0.0009,0.0002,0.0018,0.1263,0.0497,0.1303,0.0514,0.0685,0.0191,0.0633,0.0002,0.4345,0.7112,6023.415
114,Z,H,0.2410,0.0037,0.0012,0.0005,0.0023,0.1475,0.1124,0.0993,0.0627,0.1347,0.0014,0.0658,0.0003,0.5650,0.8830,6074.340
115,H,Z,0.1830,0.0038,0.0009,0.0002,0.0020,0.1365,0.0502,0.1321,0.0527,0.0802,0.0019,0.0826,0.0002,0.4576,0.7341,6125.114
116,Z,H,0.2228,0.0039,0.0013,0.0004,0.0037,0.1554,0.2102,0.0969,0.0571,0.1486,0.0011,0.0619,0.0002,0.6764,0.9737,6176.141
117,H,Z,0.1923,0.0038,0.0010,0.0003,0.0019,0.1259,0.0498,0.1666,0.0545,0.0881,0.0017,0.0644,0.0003,0.4957,0.7636,6226.947
118,Z,H,0.2357,0.0041,0.0012,0.0006,0.0027,0.1621,0.1239,0.1195,0.0666,0.1639,0.0013,0.0685,0.0003,0.6457,0.9624,6277.955
119,H,Z,0.2020,0.0043,0.0013,0.0003,0.0025,0.1297,0.0537,0.1440,0.0579,0.0871,0.0267,0.0652,0.0003,0.4810,0.7857,6328.788
120,Z,H,0.2231,0.0035,0.0012,0.0003,0.0031,0.1653,0.1698,0.0987,0.0680,0.1313,0.0010,0.0456,0.0002,0.6427,0.9227,6379.757
121,H,Z,0.2103,0.0045,0.0011,0.0006,0.0025,0.1404,0.0519,0.1393,0.0519,0.0616,0.0243,0.0588,0.0001,0.4511,0.7554,6430.548
122,Z,H,0.2309,0.0043,0.0011,0.0002,0.0032,0.1565,0.1739,0.0974,0.0553,0.1308,0.0019,0.0725,0.0003,0.6233,0.9393,6481.545
123,H,Z,0.1943,0.0033,0.0010,0.0003,0.0020,0.1237,0.0439,0.1278,0.0477,0.0494,0.0053,0.0560,0.0003,0.3997,0.6642,6532.256
124,Z,H,0.2107,0.0036,0.0011,0.0003,0.0031,0.1652,0.2126,0.0975,0.0602,0.1314,0.0006,0.0580,0.0002,0.6742,0.9535,6583.253
125,H,Z,0.2123,0.0045,0.0009,0.0003,0.0031,0.1625,0.0573,0.1913,0.0877,0.0724,0.0013,0.0507,0.0002,0.5800,0.8553,6634.189
126,Z,H,0.2235,0.0044,0.0011,0.0003,0.0031,0.1550,0.2060,0.0982,0.0609,0.1422,0.0011,0.0504,0.0003,0.6706,0.9570,6685.203
127,H,Z,0.1835,0.0033,0.0008,0.0003,0.0022,0.1388,0.0697,0.1565,0.0531,0.0650,0.0251,0.0612,0.0002,0.4908,0.7691,6736.016
128,Z,H,0.2194,0.0042,0.0011,0.0003,0.0030,0.1454,0.1916,0.0952,0.0585,0.1216,0.0019,0.0660,0.0002,0.6214,0.9193,6787.013
129,H,Z,0.1842,0.0039,0.0009,0.0002,0.0025,0.1268,0.0524,0.1389,0.0532,0.0980,0.0119,0.0835,0.0002,0.4767,0.7662,6837.830
130,Z,H,0.2208,0.0041,0.0010,0.0005,0.0034,0.1543,0.1904,0.0981,0.0626,0.1240,0.0013,0.0578,0.0003,0.6391,0.9302,6888.808
131,H,Z,0.2512,0.0048,0.0011,0.0006,0.0030,0.1788,0.0603,0.1757,0.0691,0.0778,0.0261,0.1583,0.0002,0.5694,1.0174,6939.872
132,Z,H,0.2363,0.0041,0.0009,0.0003,0.0030,0.1483,0.3341,0.0815,0.0520,0.1010,0.0240,0.0552,0.0003,0.7241,1.0502,6990.977
133,H,Z,0.2324,0.0042,0.0011,0.0006,0.0030,0.1325,0.0497,0.1373,0.0684,0.0708,0.0227,0.0604,0.0003,0.4655,0.7921,7041.825
134,Z,H,0.2209,0.0037,0.0010,0.0004,0.0032,0.1448,0.1772,0.0956,0.0585,0.1700,0.0011,0.0572,0.0003,0.6552,0.9446,7092.854
135,H,Z,0.1981,0.0042,0.0010,0.0003,0.0022,0.1284,0.0521,0.1467,0.0530,0.0765,0.0380,0.1097,0.0003,0.4638,0.8196,7143.720
136,Z,H,0.2197,0.0041,0.0010,0.0006,0.0031,0.1665,0.1743,0.0981,0.0627,0.1227,0.0012,0.0639,0.0002,0.6323,0.9280,7194.694
137,H,Z,0.2114,0.0042,0.0010,0.0004,0.0023,0.1332,0.0527,0.1404,0.0553,0.0729,0.0013,0.0654,0.0003,0.4635,0.7520,7245.489
138,Z,H,0.2256,0.0040,0.0011,0.0003,0.0035,0.1699,0.1620,0.0978,0.0599,0.1280,0.0013,0.0591,0.0002,0.6258,0.9229,7296.454
139,H,Z,0.1893,0.0031,0.0009,0.0004,0.0018,0.1405,0.0529,0.1262,0.0530,0.0555,0.0269,0.0583,0.0003,0.4344,0.7173,7347.207
140,Z,H,0.2508,0.0039,0.0010,0.0004,0.0030,0.1658,0.3650,0.0919,0.0585,0.0960,0.0007,0.0526,0.0002,0.7829,1.0977,7398.364
141,H,Z,0.2129,0.0032,0.0008,0.0002,0.0082,0.1345,0.0456,0.1193,0.0492,0.0499,0.0011,0.0521,0.0001,0.4040,0.6844,7449.079
142,Z,H,0.2320,0.0049,0.0012,0.0005,0.0044,0.1623,0.2822,0.1244,0.0977,0.1214,0.0022,0.0488,0.0002,0.7976,1.0933,7500.236
143,H,Z,0.1980,0.0035,0.0009,0.0004,0.0021,0.1293,0.0621,0.1370,0.0568,0.1151,0.0013,0.0604,0.0003,0.5092,0.7782,7551.051
144,Z,H,0.2643,0.0045,0.0012,0.0006,0.0040,0.1731,0.3851,0.1019,0.0635,0.1350,0.0019,0.0871,0.0004,0.8739,1.2402,7602.358
145,H,Z,0.1904,0.0038,0.0009,0.0003,0.0023,0.1353,0.0507,0.1347,0.0538,0.0795,0.0008,0.0673,0.0001,0.4608,0.7287,7653.148
146,Z,H,0.2386,0.0054,0.0012,0.0005,0.0041,0.1635,0.2373,0.1121,0.0613,0.1236,0.0288,0.0574,0.0001,0.7078,1.0457,7704.258
147,H,Z,0.1962,0.0032,0.0015,0.0002,0.0021,0.1412,0.0458,0.1257,0.0503,0.0726,0.0289,0.0701,0.0002,0.4433,0.7476,7755.059
148,Z,H,0.2035,0.0038,0.0009,0.0005,0.0030,0.1588,0.1918,0.0943,0.0590,0.1117,0.0013,0.0605,0.0002,0.6252,0.9008,7806.006
149,H,Z,0.2318,0.0035,0.0010,0.0003,0.0021,0.1342,0.0466,0.1239,0.0605,0.0702,0.0011,0.0562,0.0002,0.4418,0.7400,7856.787
150,Z,H,0.3381,0.0053,0.0010,0.0003,0.0030,0.1840,0.2475,0.1193,0.0655,0.1233,0.0013,0.0749,0.0004,0.7514,1.1779,7908.058
151,H,Z,0.1920,0.0037,0.0010,0.0004,0.0021,0.1289,0.0525,0.1371,0.0653,0.0724,0.0013,0.0740,0.0004,0.4652,0.7422,7958.850
152,Z,H,0.2389,0.0051,0.0012,0.0005,0.0043,0.1666,0.2784,0.1310,0.0917,0.1183,0.0011,0.0574,0.0002,0.7946,1.1054,8010.007
153,H,Z,0.2527,0.0042,0.0013,0.0004,0.0029,0.1581,0.0635,0.1917,0.0650,0.0831,0.0013,0.0717,0.0004,0.5696,0.9068,8060.965
154,Z,H,0.2173,0.0047,0.0011,0.0003,0.0033,0.1606,0.2058,0.0982,0.0571,0.1163,0.0221,0.0721,0.0002,0.6477,0.9706,8111.991
155,H,Z,0.2386,0.0048,0.0011,0.0004,0.0037,0.1511,0.0568,0.2109,0.0855,0.0817,0.0019,0.0684,0.0002,0.5951,0.9165,8162.952
156,Z,H,0.3106,0.0039,0.0014,0.0004,0.0035,0.1773,0.2274,0.1213,0.0839,0.1220,0.0018,0.0713,0.0002,0.7438,1.1389,8214.136
157,H,Z,0.1949,0.0040,0.0010,0.0004,0.0024,0.1304,0.0546,0.1542,0.0529,0.0694,0.0218,0.0624,0.0003,0.4689,0.7585,8264.970
158,Z,H,0.2288,0.0040,0.0012,0.0004,0.0037,0.1672,0.3321,0.1003,0.0575,0.1154,0.0011,0.0648,0.0004,0.7812,1.0876,8316.098
159,H,Z,0.3342,0.0043,0.0012,0.0006,0.0032,0.2390,0.0633,0.2282,0.0882,0.1039,0.0014,0.0671,0.0006,0.7282,1.1432,8367.282
160,Z,H,0.2152,0.0040,0.0010,0.0005,0.0035,0.1625,0.1146,0.1114,0.0597,0.1317,0.0029,0.0869,0.0004,0.5911,0.9077,8418.275
161,H,Z,0.2571,0.0066,0.0011,0.0005,0.0034,0.2254,0.0630,0.2081,0.0939,0.0768,0.0010,0.0739,0.0003,0.6748,1.0208,8469.339
162,Z,H,0.2454,0.0059,0.0018,0.0009,0.0041,0.1654,0.1853,0.1042,0.0549,0.0821,0.0014,0.0612,0.0002,0.6035,0.9267,8520.343
163,H,Z,0.1849,0.0031,0.0008,0.0004,0.0016,0.1285,0.0523,0.1313,0.0522,0.1026,0.0013,0.0548,0.0003,0.4743,0.7232,8571.109
164,Z,H,0.2311,0.0042,0.0012,0.0005,0.0031,0.1652,0.1987,0.1100,0.0601,0.1149,0.0305,0.0605,0.0004,0.6593,0.9933,8622.166
165,H,Z,0.1923,0.0040,0.0010,0.0005,0.0020,0.1282,0.0535,0.1423,0.0539,0.0789,0.0059,0.0610,0.0003,0.4644,0.7335,8672.947
166,Z,H,0.2745,0.0043,0.0012,0.0004,0.0034,0.2091,0.3591,0.0959,0.0592,0.1313,0.0014,0.0553,0.0002,0.8634,1.2065,8724.214
167,H,Z,0.1904,0.0034,0.0011,0.0005,0.0021,0.1270,0.0586,0.1446,0.0538,0.0957,0.0009,0.0590,0.0003,0.4853,0.7453,8775.007
168,Z,H,0.2224,0.0038,0.0009,0.0003,0.0027,0.1520,0.1075,0.1074,0.0618,0.1405,0.0240,0.0503,0.0003,0.5777,0.8840,8825.934
169,H,Z,0.1979,0.0034,0.0011,0.0005,0.0023,0.1347,0.0559,0.1445,0.0538,0.0773,0.0015,0.0763,0.0003,0.4745,0.7605,8876.743
170,Z,H,0.2206,0.0042,0.0011,0.0004,0.0036,0.1697,0.2012,0.1057,0.0622,0.1327,0.0007,0.0654,0.0001,0.6792,0.9774,8927.828
171,H,Z,0.2068,0.0042,0.0013,0.0006,0.0028,0.1685,0.0646,0.1788,0.0733,0.1093,0.0269,0.0592,0.0001,0.6044,0.9085,8978.782
172,Z,H,0.2516,0.0042,0.0010,0.0003,0.0037,0.1625,0.1500,0.1149,0.0954,0.1280,0.0054,0.0598,0.0002,0.6588,0.9868,9029.824
173,H,Z,0.2529,0.0043,0.0019,0.0004,0.0028,0.1786,0.0643,0.1912,0.0849,0.0754,0.0156,0.0611,0.0003,0.6046,0.9464,9080.815
174,Z,H,0.2254,0.0035,0.0010,0.0003,0.0031,0.1434,0.1976,0.0889,0.0575,0.1166,0.0010,0.0651,0.0003,0.6125,0.9138,9131.794
175,H,Z,0.2189,0.0050,0.0013,0.0006,0.0030,0.2055,0.0539,0.1520,0.0540,0.0737,0.0452,0.0701,0.0003,0.5476,0.8950,9182.740
176,Z,H,0.2894,0.0040,0.0014,0.0005,0.0033,0.2189,0.2128,0.1311,0.0635,0.1076,0.0009,0.0593,0.0001,0.7429,1.1040,9233.887
177,H,Z,0.1909,0.0040,0.0010,0.0004,0.0022,0.1264,0.0516,0.1432,0.0578,0.0762,0.0218,0.0731,0.0003,0.4632,0.7592,9284.685
178,Z,H,0.2269,0.0043,0.0011,0.0003,0.0037,0.1727,0.1077,0.0990,0.0585,0.0971,0.0008,0.0621,0.0002,0.5426,0.8440,9335.570
179,H,Z,0.2308,0.0047,0.0009,0.0004,0.0027,0.1381,0.0462,0.1690,0.0860,0.0619,0.0074,0.0519,0.0002,0.5073,0.8087,9386.424
180,Z,H,0.2402,0.0044,0.0012,0.0005,0.0035,0.1542,0.2074,0.1091,0.0646,0.1198,0.0018,0.0730,0.0004,0.6663,0.9933,9437.465
181,H,Z,0.2047,0.0041,0.0009,0.0006,0.0020,0.1274,0.0543,0.1403,0.0551,0.0764,0.0014,0.0706,0.0003,0.4607,0.7473,9488.261
182,Z,H,0.2321,0.0053,0.0014,0.0006,0.0038,0.1664,0.2161,0.1086,0.0625,0.1422,0.0356,0.0845,0.0003,0.7056,1.0713,9539.419
183,H,Z,0.2484,0.0034,0.0010,0.0004,0.0023,0.1320,0.0508,0.1414,0.0542,0.0792,0.0279,0.0685,0.0003,0.4643,0.8184,9590.279
184,Z,H,0.2111,0.0042,0.0011,0.0003,0.0035,0.1786,0.1874,0.0979,0.0607,0.1293,0.0011,0.0646,0.0001,0.6625,0.9504,9641.269
185,H,Z,0.2241,0.0040,0.0013,0.0005,0.0023,0.1459,0.0536,0.1556,0.0544,0.0821,0.0108,0.0697,0.0003,0.5018,0.8171,9692.160
186,Z,H,0.2717,0.0041,0.0012,0.0004,0.0035,0.2029,0.2463,0.1132,0.0766,0.1320,0.0010,0.0598,0.0003,0.7807,1.1245,9743.334
187,H,Z,0.1889,0.0037,0.0010,0.0004,0.0021,0.1379,0.0489,0.1368,0.0505,0.0766,0.0011,0.0606,0.0002,0.4585,0.7182,9794.091
188,Z,H,0.2436,0.0038,0.0010,0.0004,0.0032,0.1460,0.1776,0.0974,0.0599,0.1231,0.0031,0.0709,0.0004,0.6135,0.9421,9845.093
189,H,Z,0.1880,0.0036,0.0009,0.0003,0.0023,0.1282,0.0492,0.1429,0.0512,0.0683,0.0117,0.0474,0.0002,0.4462,0.7027,9895.843
190,Z,H,0.2146,0.0040,0.0010,0.0004,0.0032,0.1535,0.1768,0.1003,0.0607,0.1341,0.0014,0.0648,0.0002,0.6342,0.9257,9946.818
191,H,Z,0.2088,0.0045,0.0011,0.0005,0.0023,0.1339,0.0579,0.1811,0.0616,0.0497,0.0007,0.0530,0.0001,0.4901,0.7633,9997.628
192,Z,H,0.2180,0.0042,0.0010,0.0004,0.0030,0.1444,0.1590,0.1030,0.0598,0.1466,0.0016,0.0707,0.0003,0.6241,0.9251,10048.620
193,H,Z,0.1857,0.0030,0.0011,0.0003,0.0020,0.1309,0.0494,0.1297,0.0516,0.0822,0.0012,0.0511,0.0002,0.4512,0.6980,10099.359
194,Z,H,0.2380,0.0046,0.0011,0.0004,0.0040,0.1812,0.1820,0.0949,0.0604,0.1187,0.0010,0.0499,0.0002,0.6462,0.9477,10150.353
195,H,Z,0.2047,0.0046,0.0013,0.0004,0.0026,0.1578,0.0535,0.1947,0.0849,0.0488,0.0120,0.0576,0.0002,0.5464,0.8320,10201.222
196,Z,H,0.2001,0.0037,0.0010,0.0004,0.0025,0.1549,0.1705,0.0848,0.0555,0.0826,0.0070,0.0614,0.0003,0.5568,0.8348,10252.121
197,H,Z,0.1953,0.0039,0.0010,0.0005,0.0023,0.1316,0.0535,0.1577,0.0539,0.0798,0.0276,0.0621,0.0004,0.4846,0.7796,10302.956
198,Z,H,0.2344,0.0042,0.0010,0.0003,0.0030,0.1658,0.1671,0.1066,0.0600,0.1464,0.0013,0.0576,0.0002,0.6549,0.9586,10353.965
199,H,Z,0.1919,0.0039,0.0010,0.0004,0.0025,0.1260,0.0513,0.1394,0.0534,0.0866,0.0124,0.0694,0.0003,0.4655,0.7492,10404.758
200,Z,H,0.2290,0.0035,0.0010,0.0003,0.0029,0.1442,0.2119,0.1005,0.0584,0.1544,0.0288,0.0633,0.0002,0.6771,1.0079,10455.814
201,H,Z,0.1907,0.0036,0.0011,0.0005,0.0023,0.1239,0.0503,0.1352,0.0523,0.0710,0.0245,0.0653,0.0002,0.4404,0.7311,10506.638
202,Z,H,0.2197,0.0041,0.0010,0.0005,0.0030,0.1510,0.1904,0.0985,0.0575,0.1134,0.0011,0.0575,0.0003,0.6186,0.9080,10557.597
203,H,Z,0.1909,0.0037,0.0010,0.0005,0.0024,0.1295,0.0517,0.1374,0.0554,0.0750,0.0075,0.0592,0.0002,0.4564,0.7237,10608.391
204,Z,H,0.2470,0.0048,0.0010,0.0005,0.0043,0.1628,0.1834,0.1169,0.0967,0.1501,0.0215,0.0534,0.0002,0.7183,1.0537,10659.497
205,H,Z,0.2095,0.0033,0.0011,0.0002,0.0024,0.1300,0.0492,0.1391,0.0535,0.0797,0.0052,0.0666,0.0001,0.4590,0.7495,10710.284
206,Z,H,0.2421,0.0032,0.0012,0.0002,0.0033,0.1819,0.3562,0.0772,0.0518,0.0836,0.0212,0.0469,0.0002,0.7575,1.0775,10761.407
207,H,Z,0.1714,0.0095,0.0009,0.0003,0.0017,0.1353,0.0528,0.1398,0.0575,0.0749,0.0012,0.0620,0.0002,0.4685,0.7174,10812.174
208,Z,H,0.2142,0.0039,0.0012,0.0003,0.0036,0.1709,0.1809,0.0892,0.0571,0.1171,0.0012,0.0524,0.0002,0.6224,0.9013,10863.115
209,H,Z,0.1992,0.0039,0.0011,0.0002,0.0020,0.1525,0.0503,0.1397,0.0544,0.0676,0.0218,0.0614,0.0002,0.4739,0.7656,10913.921
210,Z,H,0.2505,0.0057,0.0013,0.0004,0.0042,0.1716,0.2561,0.1447,0.1075,0.1361,0.0218,0.0616,0.0003,0.8251,1.1730,10965.137
211,H,Z,0.2028,0.0035,0.0014,0.0004,0.0026,0.1291,0.0528,0.1734,0.0570,0.0695,0.0071,0.0752,0.0003,0.4899,0.7851,11015.971
212,Z,H,0.2116,0.0038,0.0011,0.0003,0.0038,0.1599,0.1643,0.1016,0.0599,0.1107,0.0017,0.0666,0.0002,0.6053,0.8963,11066.915
213,H,Z,0.1744,0.0032,0.0009,0.0005,0.0021,0.1389,0.0556,0.1300,0.0502,0.0635,0.0089,0.0483,0.0003,0.4445,0.6848,11117.644
214,Z,H,0.2663,0.0036,0.0012,0.0005,0.0030,0.2104,0.2335,0.1179,0.0792,0.1917,0.0018,0.0690,0.0002,0.8454,1.1931,11168.883
215,H,Z,0.2340,0.0237,0.0008,0.0002,0.0018,0.1734,0.0484,0.2620,0.0671,0.0730,0.0010,0.0567,0.0001,0.6330,0.9536,11219.879
216,Z,H,0.2279,0.0041,0.0011,0.0005,0.0034,0.1491,0.1594,0.0987,0.0585,0.1278,0.0012,0.0622,0.0003,0.6023,0.9050,11270.823
217,H,Z,0.2023,0.0039,0.0013,0.0005,0.0028,0.1334,0.0557,0.1519,0.0543,0.0843,0.0010,0.0533,0.0002,0.4874,0.7547,11321.623
218,Z,H,0.2306,0.0047,0.0010,0.0003,0.0040,0.1656,0.1653,0.1143,0.0974,0.1201,0.0014,0.0919,0.0002,0.6712,1.0078,11372.693
219,H,Z,0.2122,0.0043,0.0017,0.0005,0.0026,0.1332,0.0549,0.1504,0.0582,0.0691,0.0012,0.0644,0.0003,0.4736,0.7631,11423.510
220,Z,H,0.2440,0.0053,0.0011,0.0003,0.0030,0.1587,0.1240,0.1031,0.0632,0.1536,0.0011,0.0679,0.0003,0.6129,0.9380,11474.500
221,H,Z,0.1931,0.0037,0.0011,0.0003,0.0020,0.1293,0.0509,0.1361,0.0565,0.0792,0.0015,0.0583,0.0002,0.4592,0.7212,11525.265
222,Z,H,0.2444,0.0048,0.0011,0.0004,0.0041,0.1798,0.2522,0.1181,0.0970,0.1439,0.0011,0.1119,0.0002,0.7997,1.1698,11576.493
223,H,Z,0.1996,0.0033,0.0011,0.0004,0.0022,0.1285,0.0521,0.1381,0.0544,0.0646,0.0012,0.0563,0.0003,0.4453,0.7114,11627.245
224,Z,H,0.2878,0.0037,0.0012,0.0006,0.0040,0.1905,0.2451,0.1126,0.0790,0.1379,0.0011,0.0646,0.0003,0.7758,1.1412,11678.447
225,H,Z,0.1941,0.0034,0.0010,0.0003,0.0022,0.1254,0.0502,0.1344,0.0545,0.0835,0.0250,0.0707,0.0001,0.4566,0.7551,11729.252
226,Z,H,0.2103,0.0041,0.0011,0.0003,0.0033,0.1685,0.1735,0.0962,0.0578,0.1359,0.0013,0.0625,0.0003,0.6408,0.9260,11780.221
227,H,Z,0.1941,0.0036,0.0009,0.0004,0.0019,0.1255,0.0593,0.1350,0.0554,0.0794,0.0010,0.0557,0.0002,0.4618,0.7213,11830.977
228,Z,H,0.2325,0.0048,0.0011,0.0005,0.0042,0.1621,0.2731,0.1283,0.0990,0.1258,0.0110,0.0513,0.0002,0.7978,1.1056,11882.136
229,H,Z,0.1875,0.0035,0.0012,0.0002,0.0020,0.1305,0.0513,0.1509,0.0551,0.0730,0.0094,0.0613,0.0003,0.4684,0.7356,11932.921
230,Z,H,0.2366,0.0043,0.0011,0.0002,0.0029,0.1493,0.1218,0.1032,0.0787,0.1281,0.0010,0.0750,0.0004,0.5887,0.9124,11983.883
231,H,Z,0.1953,0.0036,0.0011,0.0004,0.0020,0.1319,0.0513,0.1356,0.0563,0.0914,0.0012,0.0741,0.0002,0.4740,0.7540,12034.669
232,Z,H,0.3529,0.0040,0.0010,0.0002,0.0026,0.1970,0.1010,0.0883,0.0570,0.0913,0.0010,0.0442,0.0002,0.5414,0.9495,12085.655
233,H,Z,0.1759,0.0031,0.0011,0.0003,0.0017,0.1234,0.0457,0.1418,0.0526,0.0715,0.0171,0.0719,0.0002,0.4429,0.7161,12136.418
234,Z,H,0.2168,0.0040,0.0012,0.0004,0.0037,0.1667,0.1730,0.0940,0.0622,0.1046,0.0013,0.0669,0.0003,0.6088,0.9051,12187.364
235,H,Z,0.1945,0.0039,0.0010,0.0004,0.0022,0.1389,0.0522,0.1410,0.0551,0.0759,0.0013,0.0498,0.0002,0.4701,0.7257,12238.127
236,Z,H,0.2230,0.0047,0.0011,0.0006,0.0037,0.1735,0.2277,0.1137,0.0638,0.1381,0.0119,0.0690,0.0003,0.7269,1.0435,12289.261
237,H,Z,0.1800,0.0031,0.0009,0.0003,0.0020,0.1249,0.0587,0.1339,0.0542,0.0793,0.0014,0.0534,0.0002,0.4569,0.6999,12340.002
238,Z,H,0.2315,0.0048,0.0012,0.0005,0.0041,0.1658,0.2709,0.1242,0.0977,0.1178,0.0037,0.0614,0.0003,0.7860,1.0954,12391.151
239,H,Z,0.1942,0.0034,0.0011,0.0004,0.0021,0.1377,0.0510,0.1507,0.0524,0.0731,0.0291,0.0591,0.0002,0.4739,0.7655,12441.951
240,Z,H,0.2023,0.0034,0.0011,0.0004,0.0029,0.1442,0.1712,0.1058,0.0587,0.1144,0.0097,0.0601,0.0001,0.6017,0.8833,12492.887
241,H,Z,0.1827,0.0036,0.0009,0.0004,0.0019,0.1243,0.0494,0.1318,0.0515,0.0655,0.0018,0.0768,0.0001,0.4315,0.7014,12543.641
242,Z,H,0.2235,0.0039,0.0013,0.0005,0.0030,0.1474,0.1710,0.0981,0.2182,0.1437,0.0013,0.0547,0.0003,0.7885,1.0791,12594.794
243,H,Z,0.2048,0.0035,0.0012,0.0004,0.0020,0.1337,0.0505,0.1269,0.0508,0.0833,0.0062,0.0840,0.0003,0.4533,0.7576,12645.600
244,Z,H,0.2227,0.0046,0.0013,0.0006,0.0036,0.1654,0.3111,0.1302,0.0619,0.1378,0.0128,0.0824,0.0004,0.8174,1.1478,12696.817
245,H,Z,0.2199,0.0039,0.0018,0.0005,0.0027,0.1396,0.0551,0.1436,0.0563,0.0757,0.0086,0.0607,0.0001,0.4758,0.7758,12747.632
246,Z,H,0.2246,0.0050,0.0012,0.0006,0.0049,0.1652,0.2986,0.1332,0.0979,0.1201,0.0011,0.0717,0.0003,0.8233,1.1342,12798.815
247,H,Z,0.2130,0.0045,0.0017,0.0004,0.0021,0.1370,0.0518,0.1468,0.0548,0.0667,0.0013,0.0635,0.0003,0.4648,0.7538,12849.618
248,Z,H,0.2129,0.0040,0.0011,0.0005,0.0038,0.1502,0.1638,0.0995,0.0593,0.1118,0.0009,0.0619,0.0001,0.5922,0.8791,12900.541
249,H,Z,0.2087,0.0039,0.0011,0.0003,0.0022,0.1281,0.0514,0.1355,0.0581,0.0815,0.0020,0.0856,0.0002,0.4624,0.7685,12951.362
250,Z,H,0.2997,0.0048,0.0016,0.0005,0.0044,0.2047,0.2148,0.1085,0.0599,0.1204,0.0265,0.0744,0.0003,0.7161,1.1306,13002.551
251,H,Z,0.2436,0.0062,0.0013,0.0005,0.0034,0.1495,0.0618,0.2113,0.0902,0.0790,0.0228,0.0770,0.0002,0.5998,0.9574,13053.559
252,Z,H,0.2485,0.0045,0.0016,0.0005,0.0038,0.2080,0.2016,0.1335,0.0771,0.1216,0.0450,0.0663,0.0002,0.7518,1.1243,13104.738
253,H,Z,0.1752,0.0030,0.0008,0.0004,0.0015,0.1857,0.0544,0.1351,0.0492,0.0745,0.0024,0.0527,0.0002,0.5066,0.7445,13155.515
254,Z,H,0.2654,0.0058,0.0011,0.0003,0.0035,0.1613,0.2033,0.0988,0.0576,0.1342,0.0012,0.0601,0.0002,0.6642,1.0037,13206.570
255,H,Z,0.2111,0.0037,0.0009,0.0006,0.0022,0.1381,0.0609,0.1441,0.0586,0.0750,0.0121,0.0586,0.0001,0.4825,0.7738,13257.381
256,Z,H,0.2241,0.0031,0.0008,0.0003,0.0031,0.1484,0.1075,0.0972,0.0651,0.1147,0.0020,0.0748,0.0001,0.5437,0.8539,13308.288
257,H,Z,0.2161,0.0058,0.0013,0.0006,0.0036,0.2969,0.0578,0.1530,0.0543,0.0813,0.0319,0.0790,0.0003,0.6523,0.9935,13359.326
258,Z,H,0.2239,0.0042,0.0015,0.0007,0.0032,0.1524,0.1804,0.1037,0.0615,0.1250,0.0012,0.0658,0.0002,0.6316,0.9345,13410.311
259,H,Z,0.1963,0.0036,0.0010,0.0005,0.0020,0.1307,0.0508,0.1327,0.0511,0.0655,0.0115,0.0563,0.0001,0.4385,0.7114,13461.068
260,Z,H,0.2261,0.0040,0.0010,0.0004,0.0035,0.1585,0.1725,0.1068,0.0766,0.1402,0.0013,0.0623,0.0003,0.6671,0.9682,13512.073
261,H,Z,0.1864,0.0037,0.0011,0.0003,0.0025,0.1319,0.0473,0.1236,0.0598,0.0605,0.0012,0.0595,0.0003,0.4298,0.6868,13562.814
262,Z,H,0.2162,0.0040,0.0011,0.0004,0.0033,0.1621,0.2066,0.1025,0.0594,0.1483,0.0990,0.0737,0.0004,0.6891,1.0892,13613.956
263,H,Z,0.2020,0.0038,0.0010,0.0004,0.0021,0.1277,0.0524,0.1329,0.0548,0.1035,0.0015,0.0863,0.0003,0.4815,0.7813,13664.781
264,Z,H,0.2156,0.0087,0.0013,0.0004,0.0048,0.1685,0.1748,0.1276,0.1014,0.1163,0.0009,0.0706,0.0002,0.7191,1.0237,13715.849
265,H,Z,0.2434,0.0074,0.0020,0.0009,0.0041,0.1593,0.0620,0.2079,0.1134,0.0808,0.0207,0.0698,0.0003,0.6324,0.9842,13766.877
266,Z,H,0.2364,0.0036,0.0014,0.0004,0.0031,0.1526,0.1135,0.1039,0.0616,0.1288,0.0229,0.0605,0.0002,0.5703,0.9003,13817.826
267,H,Z,0.1871,0.0035,0.0011,0.0004,0.0020,0.1255,0.0524,0.1355,0.0535,0.0630,0.0006,0.0577,0.0001,0.4366,0.6909,13868.602
268,Z,H,0.2462,0.0052,0.0011,0.0005,0.0038,0.1693,0.2584,0.1406,0.0997,0.1293,0.0109,0.0636,0.0003,0.8062,1.1398,13919.796
269,H,Z,0.2588,0.0041,0.0017,0.0008,0.0032,0.1780,0.0680,0.1950,0.0862,0.0747,0.0013,0.0636,0.0001,0.6114,0.9473,13970.789
270,Z,H,0.2256,0.0043,0.0010,0.0004,0.0036,0.1554,0.1807,0.1042,0.0607,0.1256,0.0328,0.0644,0.0002,0.6364,0.9706,14021.828
271,H,Z,0.1906,0.0033,0.0009,0.0003,0.0021,0.1262,0.0492,0.1312,0.0556,0.1076,0.0010,0.0466,0.0002,0.4776,0.7246,14072.599
272,Z,H,0.2225,0.0042,0.0013,0.0004,0.0035,0.1556,0.1848,0.0991,0.0583,0.1123,0.0010,0.0639,0.0002,0.6195,0.9185,14123.596
273,H,Z,0.1891,0.0037,0.0010,0.0004,0.0022,0.1291,0.0494,0.1374,0.0538,0.0691,0.0267,0.0682,0.0003,0.4464,0.7400,14174.392
274,Z,H,0.2304,0.0044,0.0011,0.0002,0.0031,0.1513,0.1710,0.1023,0.0566,0.1208,0.0019,0.0683,0.0002,0.6116,0.9229,14225.381
275,H,Z,0.2868,0.0062,0.0010,0.0006,0.0034,0.1948,0.0580,0.2077,0.0919,0.0843,0.0051,0.0635,0.0003,0.6454,1.0142,14276.457
276,Z,H,0.2422,0.0042,0.0014,0.0005,0.0037,0.1581,0.2112,0.1072,0.0595,0.1123,0.0023,0.0694,0.0002,0.6579,0.9841,14327.496
277,H,Z,0.2531,0.0045,0.0012,0.0006,0.0026,0.1335,0.0582,0.1577,0.0599,0.0728,0.0012,0.0657,0.0003,0.4907,0.8231,14378.365
278,Z,H,0.2475,0.0042,0.0011,0.0005,0.0037,0.1474,0.2066,0.1000,0.0578,0.0959,0.0010,0.0591,0.0003,0.6171,0.9367,14429.341
279,H,Z,0.1889,0.0040,0.0011,0.0005,0.0023,0.1364,0.0541,0.1402,0.0533,0.1221,0.0011,0.0647,0.0003,0.5136,0.7787,14480.166
280,Z,H,0.2308,0.0046,0.0012,0.0006,0.0041,0.2275,0.2671,0.1326,0.0855,0.1215,0.0011,0.0748,0.0003,0.8434,1.1636,14531.379
281,H,Z,0.1980,0.0036,0.0011,0.0005,0.0105,0.1428,0.0533,0.1384,0.0524,0.1046,0.0013,0.0644,0.0003,0.4987,0.7807,14582.202
282,Z,H,0.2315,0.0042,0.0011,0.0004,0.0035,0.1661,0.1648,0.1052,0.0604,0.1338,0.0035,0.0841,0.0004,0.6396,0.9705,14633.220
283,H,Z,0.2702,0.0046,0.0012,0.0005,0.0027,0.1878,0.0520,0.1416,0.0558,0.0885,0.0246,0.0897,0.0003,0.5347,0.9310,14684.198
284,Z,H,0.2327,0.0043,0.0012,0.0006,0.0033,0.1731,0.2031,0.1115,0.0606,0.1171,0.0029,0.0581,0.0002,0.6745,0.9801,14735.259
285,H,Z,0.2237,0.0058,0.0012,0.0007,0.0036,0.1615,0.0588,0.2027,0.0910,0.0787,0.0017,0.0756,0.0006,0.6048,0.9201,14786.224
286,Z,H,0.2363,0.0041,0.0017,0.0005,0.0030,0.1824,0.1187,0.1156,0.0636,0.1286,0.0017,0.0758,0.0004,0.6186,0.9450,14837.222
287,H,Z,0.1929,0.0038,0.0010,0.0007,0.0022,0.1318,0.0649,0.1482,0.0530,0.0744,0.0012,0.0755,0.0004,0.4803,0.7603,14888.025
288,Z,H,0.2133,0.0038,0.0010,0.0005,0.0028,0.1654,0.2136,0.1002,0.0599,0.1342,0.0009,0.0650,0.0002,0.6818,0.9713,14939.051
289,H,Z,0.1977,0.0037,0.0011,0.0005,0.0023,0.1283,0.0528,0.1785,0.0536,0.0870,0.0007,0.0507,0.0001,0.5060,0.7653,14989.850
290,Z,H,0.2090,0.0037,0.0010,0.0004,0.0031,0.1670,0.1747,0.1068,0.0634,0.1466,0.0100,0.0607,0.0003,0.6753,0.9652,15040.860
291,H,Z,0.1917,0.0036,0.0011,0.0004,0.0022,0.1420,0.0613,0.1511,0.0529,0.0886,0.0134,0.0699,0.0001,0.5021,0.7864,15091.685
292,Z,H,0.2242,0.0039,0.0013,0.0005,0.0031,0.1390,0.1761,0.1031,0.0605,0.1478,0.0015,0.0699,0.0003,0.6355,0.9418,15142.675
293,H,Z,0.1943,0.0038,0.0010,0.0005,0.0022,0.1313,0.0514,0.1336,0.0542,0.0800,0.0206,0.0633,0.0004,0.4593,0.7476,15193.480
294,Z,H,0.2190,0.0038,0.0010,0.0004,0.0032,0.1689,0.1637,0.1027,0.0658,0.1502,0.0007,0.0632,0.0001,0.6584,0.9524,15244.490
295,H,Z,0.2223,0.0033,0.0008,0.0005,0.0021,0.1380,0.0604,0.1473,0.0543,0.0800,0.0009,0.0731,0.0001,0.4864,0.7918,15295.312
296,Z,H,0.2254,0.0041,0.0015,0.0005,0.0030,0.1512,0.2201,0.1063,0.0579,0.1430,0.0013,0.0629,0.0003,0.6871,0.9884,15346.348
297,H,Z,0.1940,0.0042,0.0010,0.0005,0.0023,0.1439,0.0536,0.1471,0.0562,0.0693,0.0273,0.0646,0.0003,0.4773,0.7736,15397.162
298,Z,H,0.1978,0.0031,0.0008,0.0004,0.0025,0.1601,0.1148,0.1016,0.0551,0.1037,0.0007,0.0517,0.0001,0.5414,0.8003,15448.012
299,H,Z,0.1751,0.0031,0.0008,0.0005,0.0017,0.1234,0.0445,0.1267,0.0605,0.1088,0.0043,0.0722,0.0003,0.4729,0.7330,15498.788
300,Z,H,0.2432,0.0056,0.0011,0.0008,0.0043,0.1687,0.2334,0.1602,0.1004,0.1415,0.0014,0.0632,0.0004,0.8158,1.1378,15549.996
301,H,Z,0.2056,0.0039,0.0011,0.0005,0.0024,0.1428,0.0624,0.1645,0.0718,0.0788,0.0219,0.0588,0.0003,0.5271,0.8238,15600.860
302,Z,H,0.2240,0.0044,0.0012,0.0005,0.0034,0.1731,0.1612,0.1014,0.0757,0.1279,0.0012,0.0627,0.0003,0.6500,0.9499,15651.865
303,H,Z,0.1963,0.0037,0.0011,0.0005,0.0022,0.1281,0.0528,0.1351,0.0538,0.0872,0.0051,0.0882,0.0002,0.4649,0.7641,15702.676
304,Z,H,0.2255,0.0045,0.0010,0.0006,0.0033,0.1543,0.1893,0.1065,0.0635,0.1456,0.0049,0.0913,0.0002,0.6696,1.0028,15753.727
305,H,Z,0.1934,0.0035,0.0010,0.0003,0.0024,0.1298,0.0518,0.1405,0.0528,0.0888,0.0031,0.0793,0.0003,0.4741,0.7594,15804.533
306,Z,H,0.2439,0.0040,0.0012,0.0005,0.0030,0.1551,0.1086,0.0980,0.0642,0.1257,0.0293,0.0836,0.0003,0.5622,0.9300,15855.517
307,H,Z,0.2302,0.0041,0.0010,0.0005,0.0025,0.1350,0.0523,0.1445,0.0546,0.0727,0.0135,0.0841,0.0004,0.4671,0.8058,15906.374
308,Z,H,0.2384,0.0042,0.0013,0.0005,0.0031,0.1612,0.1119,0.1048,0.0595,0.1398,0.0223,0.0689,0.0003,0.5859,0.9271,15957.362
309,H,Z,0.1830,0.0032,0.0008,0.0001,0.0019,0.1389,0.0482,0.1359,0.0523,0.0674,0.0208,0.0840,0.0003,0.4509,0.7467,16008.151
310,Z,H,0.2353,0.0057,0.0011,0.0006,0.0048,0.1700,0.2424,0.1435,0.1007,0.1236,0.0010,0.0482,0.0002,0.7898,1.0895,16059.283
311,H,Z,0.1862,0.0034,0.0010,0.0004,0.0018,0.1535,0.0541,0.1507,0.0544,0.0893,0.0013,0.0622,0.0003,0.5095,0.7681,16110.087
312,Z,H,0.2515,0.0052,0.0015,0.0006,0.0045,0.1651,0.2438,0.1089,0.0935,0.0995,0.0014,0.0652,0.0003,0.7203,1.0531,16161.229
313,H,Z,0.1886,0.0045,0.0010,0.0005,0.0025,0.1409,0.0611,0.1932,0.0927,0.0854,0.0021,0.0848,0.0002,0.5813,0.8678,16212.137
314,Z,H,0.2582,0.0059,0.0012,0.0006,0.0045,0.1893,0.2533,0.1403,0.1018,0.1409,0.0022,0.0763,0.0002,0.8377,1.1893,16263.402
315,H,Z,0.2792,0.0060,0.0018,0.0007,0.0041,0.1648,0.0679,0.2216,0.0948,0.0862,0.0014,0.0692,0.0003,0.6485,1.0139,16314.471
316,Z,H,0.2343,0.0041,0.0012,0.0004,0.0037,0.1542,0.1708,0.0899,0.0576,0.1220,0.1218,0.0571,0.0002,0.6033,1.0284,16365.575
317,H,Z,0.2251,0.0045,0.0011,0.0004,0.0023,0.1536,0.0596,0.2023,0.0914,0.0837,0.0210,0.0834,0.0004,0.5982,0.9384,16416.563
318,Z,H,0.2426,0.0056,0.0015,0.0008,0.0033,0.1738,0.2004,0.1130,0.0612,0.1491,0.0011,0.0874,0.0002,0.7086,1.0542,16467.707
319,H,Z,0.1934,0.0041,0.0013,0.0006,0.0029,0.1847,0.0674,0.1618,0.0707,0.0827,0.0035,0.0509,0.0002,0.5731,0.8323,16518.576
320,Z,H,0.2170,0.0040,0.0012,0.0004,0.0034,0.1452,0.1650,0.0990,0.0614,0.1587,0.0019,0.0755,0.0002,0.6396,0.9453,16569.577
321,H,Z,0.2077,0.0040,0.0009,0.0005,0.0026,0.1275,0.0527,0.1347,0.0550,0.0805,0.0037,0.0619,0.0003,0.4586,0.7420,16620.356
322,Z,H,0.2105,0.0039,0.0010,0.0005,0.0034,0.1600,0.1928,0.1024,0.0616,0.1413,0.0090,0.0792,0.0003,0.6673,0.9769,16671.407
323,H,Z,0.2010,0.0036,0.0010,0.0005,0.0022,0.1271,0.0526,0.1349,0.0575,0.0757,0.0216,0.0701,0.0003,0.4559,0.7581,16722.214
324,Z,H,0.2197,0.0046,0.0011,0.0005,0.0035,0.1671,0.1847,0.1010,0.0593,0.1298,0.0008,0.0626,0.0001,0.6500,0.9447,16773.191
325,H,Z,0.2141,0.0037,0.0009,0.0005,0.0021,0.1304,0.0579,0.1395,0.0540,0.0821,0.0269,0.0814,0.0002,0.4710,0.8029,16824.051
326,Z,H,0.2250,0.0043,0.0011,0.0005,0.0032,0.1751,0.2046,0.0994,0.0618,0.1277,0.0015,0.0752,0.0002,0.6773,0.9907,16875.087
327,H,Z,0.1888,0.0038,0.0010,0.0005,0.0019,0.1268,0.0507,0.1369,0.0569,0.0861,0.0012,0.0543,0.0003,0.4651,0.7191,16925.846
328,Z,H,0.2328,0.0045,0.0012,0.0005,0.0032,0.1457,0.1833,0.2351,0.0620,0.1334,0.0011,0.0579,0.0003,0.7697,1.0733,16976.964
329,H,Z,0.1908,0.0037,0.0010,0.0003,0.0022,0.1369,0.0481,0.1148,0.0547,0.0601,0.0021,0.0673,0.0002,0.4309,0.7007,17027.715
330,Z,H,0.2937,0.0045,0.0011,0.0005,0.0032,0.1654,0.1825,0.0997,0.0612,0.1191,0.0008,0.0531,0.0001,0.6350,0.9942,17079.090
331,H,Z,0.1967,0.0040,0.0011,0.0005,0.0021,0.1275,0.0530,0.1553,0.0547,0.0679,0.0263,0.0673,0.0004,0.4660,0.7667,17129.910
332,Z,H,0.2205,0.0045,0.0010,0.0010,0.0030,0.1482,0.1919,0.1162,0.0689,0.1552,0.0023,0.0657,0.0004,0.6915,0.9927,17180.951
333,H,Z,0.1950,0.0038,0.0011,0.0004,0.0024,0.1321,0.0524,0.1395,0.0713,0.0782,0.0067,0.0557,0.0003,0.4832,0.7508,17231.801
334,Z,H,0.2392,0.0044,0.0012,0.0006,0.0038,0.1684,0.2054,0.1056,0.0728,0.1292,0.0093,0.0609,0.0004,0.6915,1.0135,17282.856
335,H,Z,0.2137,0.0039,0.0011,0.0005,0.0024,0.1625,0.0526,0.1398,0.0520,0.0717,0.0011,0.0725,0.0003,0.4872,0.7854,17333.682
336,Z,H,0.2235,0.0043,0.0011,0.0005,0.0034,0.1608,0.2100,0.1061,0.0660,0.1519,0.0018,0.0735,0.0004,0.7037,1.0144,17384.743
337,H,Z,0.2099,0.0036,0.0011,0.0005,0.0020,0.1436,0.0538,0.1436,0.0543,0.0777,0.0054,0.0771,0.0003,0.4804,0.7826,17435.635
338,Z,H,0.2392,0.0037,0.0010,0.0005,0.0028,0.1545,0.1130,0.0992,0.0641,0.1211,0.0271,0.0644,0.0003,0.5612,0.9022,17486.596
339,H,Z,0.2372,0.0043,0.0011,0.0006,0.0031,0.1814,0.0629,0.1763,0.0755,0.0643,0.0013,0.0635,0.0003,0.5705,0.8846,17537.527
340,Z,H,0.2553,0.0055,0.0014,0.0006,0.0043,0.1682,0.2377,0.1218,0.0971,0.1393,0.0015,0.0631,0.0004,0.7736,1.1080,17588.682
341,H,Z,0.2146,0.0038,0.0013,0.0004,0.0022,0.1363,0.0537,0.1424,0.0590,0.0879,0.0251,0.0621,0.0001,0.4861,0.7980,17639.544
342,Z,H,0.2379,0.0042,0.0011,0.0005,0.0032,0.1616,0.2024,0.1073,0.0621,0.1399,0.0203,0.0798,0.0004,0.6823,1.0320,17690.662
343,H,Z,0.2240,0.0047,0.0011,0.0005,0.0032,0.1519,0.0564,0.2079,0.0921,0.0653,0.0246,0.0577,0.0003,0.5819,0.9009,17741.621
344,Z,H,0.2612,0.0062,0.0015,0.0006,0.0048,0.1735,0.3048,0.1502,0.1211,0.1972,0.0299,0.0675,0.0004,0.9557,1.3303,17793.008
345,H,Z,0.2039,0.0036,0.0011,0.0005,0.0025,0.1344,0.0560,0.1517,0.0753,0.0624,0.0340,0.0626,0.0001,0.4868,0.7973,17843.845
346,Z,H,0.2502,0.0053,0.0010,0.0006,0.0038,0.1682,0.2107,0.1304,0.0965,0.1003,0.0016,0.0578,0.0002,0.7167,1.0397,17894.927
347,H,Z,0.1797,0.0033,0.0013,0.0004,0.0020,0.1355,0.0457,0.1255,0.0508,0.0526,0.0006,0.0421,0.0001,0.4153,0.6468,17945.621
348,Z,H,0.2419,0.0054,0.0011,0.0005,0.0045,0.1625,0.2326,0.1168,0.0903,0.0938,0.0015,0.1252,0.0004,0.7071,1.0900,17996.758
349,H,Z,0.2074,0.0043,0.0012,0.0006,0.0026,0.1389,0.0572,0.1502,0.0659,0.0893,0.0013,0.0604,0.0004,0.5096,0.7901,18047.595
350,Z,H,0.2225,0.0042,0.0011,0.0005,0.0036,0.1435,0.2155,0.1133,0.0623,0.1355,0.0013,0.0644,0.0003,0.6800,0.9798,18098.649
351,H,Z,0.2061,0.0040,0.0012,0.0007,0.0026,0.1375,0.0601,0.1614,0.0597,0.0798,0.0251,0.0697,0.0003,0.5072,0.8197,18149.637
352,Z,H,0.2175,0.0035,0.0009,0.0004,0.0030,0.1445,0.1629,0.1002,0.0618,0.1442,0.0023,0.0765,0.0003,0.6245,0.9309,18200.631
353,H,Z,0.1972,0.0041,0.0011,0.0005,0.0023,0.1305,0.0571,0.1448,0.0536,0.0775,0.0213,0.0742,0.0003,0.4724,0.7754,18251.464
354,Z,H,0.2442,0.0041,0.0011,0.0005,0.0034,0.1584,0.1988,0.1036,0.0684,0.1476,0.0012,0.0569,0.0002,0.6877,1.0014,18302.555
355,H,Z,0.2208,0.0038,0.0010,0.0005,0.0020,0.1263,0.0545,0.1435,0.0546,0.0690,0.0136,0.0429,0.0003,0.4549,0.7420,18353.338
356,Z,H,0.1981,0.0038,0.0009,0.0004,0.0031,0.1792,0.1730,0.0964,0.0558,0.0996,0.0076,0.0655,0.0002,0.6108,0.8923,18404.275
357,H,Z,0.1987,0.0037,0.0011,0.0005,0.0021,0.1345,0.0530,0.1340,0.0562,0.0830,0.0010,0.0632,0.0003,0.5063,0.7787,18455.114
358,Z,H,0.2447,0.0059,0.0014,0.0008,0.0051,0.1678,0.2882,0.1333,0.1030,0.1341,0.0014,0.0661,0.0005,0.8362,1.1641,18506.322
359,H,Z,0.2216,0.0059,0.0015,0.0006,0.0040,0.1672,0.0619,0.2005,0.0934,0.0817,0.0074,0.0598,0.0004,0.6137,0.9177,18557.288
360,Z,H,0.2275,0.0036,0.0010,0.0004,0.0032,0.1636,0.1734,0.1077,0.0614,0.1384,0.0092,0.0582,0.0004,0.6541,0.9599,18608.303
361,H,Z,0.1861,0.0036,0.0011,0.0005,0.0020,0.1345,0.0534,0.1307,0.0603,0.0978,0.0007,0.0884,0.0003,0.4833,0.7685,18659.114
362,Z,H,0.2352,0.0046,0.0012,0.0005,0.0039,0.1634,0.1955,0.1030,0.0785,0.1613,0.0013,0.0739,0.0003,0.7104,1.0334,18710.206
363,H,Z,0.1747,0.0032,0.0008,0.0004,0.0017,0.1366,0.0485,0.1317,0.0500,0.0531,0.0087,0.0500,0.0001,0.4254,0.6669,18760.916
364,Z,H,0.2646,0.0063,0.0014,0.0007,0.0054,0.1782,0.2843,0.1385,0.1055,0.1480,0.0220,0.0798,0.0003,0.8662,1.2491,18812.253
365,H,Z,0.1907,0.0039,0.0013,0.0004,0.0026,0.1425,0.0573,0.1475,0.0569,0.0644,0.0090,0.0609,0.0004,0.4774,0.7490,18863.052
366,Z,H,0.2563,0.0047,0.0014,0.0006,0.0047,0.2060,0.4520,0.1222,0.0906,0.1043,0.0051,0.0490,0.0003,0.9843,1.3092,18914.414
367,H,Z,0.2053,0.0039,0.0009,0.0005,0.0021,0.1450,0.0618,0.1388,0.0544,0.0939,0.0048,0.1086,0.0003,0.5021,0.8308,18965.296
368,Z,H,0.2415,0.0036,0.0010,0.0005,0.0026,0.1811,0.1141,0.1092,0.0623,0.1317,0.0206,0.0700,0.0003,0.6102,0.9526,19016.325
369,H,Z,0.1899,0.0036,0.0009,0.0004,0.0021,0.1330,0.0503,0.1350,0.0524,0.0800,0.0007,0.0606,0.0001,0.4565,0.7171,19067.094
370,Z,H,0.2264,0.0041,0.0011,0.0004,0.0034,0.1547,0.2226,0.1018,0.0613,0.1366,0.0013,0.0575,0.0002,0.6850,0.9833,19118.127
371,H,Z,0.2003,0.0041,0.0010,0.0005,0.0023,0.1324,0.0534,0.1564,0.0567,0.0862,0.0585,0.0799,0.0004,0.4937,0.8434,19169.028
372,Z,H,0.2313,0.0041,0.0011,0.0005,0.0037,0.1644,0.1669,0.0986,0.0630,0.1181,0.0295,0.0615,0.0001,0.6186,0.9525,19220.026
373,H,Z,0.1980,0.0039,0.0009,0.0005,0.0020,0.1327,0.0516,0.1456,0.0692,0.0692,0.0013,0.0632,0.0003,0.4767,0.7490,19270.813
374,Z,H,0.2572,0.0045,0.0011,0.0005,0.0034,0.2037,0.2090,0.1138,0.0780,0.1353,0.0020,0.0723,0.0003,0.7499,1.0932,19321.957
375,H,Z,0.1875,0.0041,0.0011,0.0006,0.0024,0.1303,0.0531,0.1323,0.0554,0.0927,0.0303,0.0703,0.0004,0.4728,0.7717,19372.786
376,Z,H,0.2461,0.0053,0.0012,0.0007,0.0045,0.1726,0.1593,0.1398,0.1201,0.1325,0.0128,0.0640,0.0004,0.7334,1.0707,19423.901
377,H,Z,0.2174,0.0035,0.0014,0.0005,0.0026,0.1424,0.0582,0.1558,0.0588,0.0743,0.0220,0.0612,0.0003,0.4975,0.8085,19474.757
378,Z,H,0.2205,0.0044,0.0012,0.0005,0.0039,0.1717,0.1666,0.1071,0.0599,0.1265,0.0268,0.0539,0.0003,0.6407,0.9545,19525.754
379,H,Z,0.2011,0.0035,0.0010,0.0007,0.0020,0.1322,0.0535,0.1473,0.0579,0.0705,0.0010,0.0672,0.0004,0.4694,0.7484,19576.540
380,Z,H,0.2488,0.0039,0.0012,0.0003,0.0033,0.1563,0.1584,0.0917,0.0549,0.0898,0.0010,0.0518,0.0002,0.5580,0.8710,19627.461
381,H,Z,0.1849,0.0035,0.0009,0.0004,0.0020,0.1251,0.0577,0.1421,0.0563,0.1022,0.0059,0.0814,0.0004,0.4925,0.7735,19678.280
382,Z,H,0.1976,0.0032,0.0008,0.0003,0.0026,0.1457,0.1936,0.0970,0.0574,0.1334,0.0013,0.0702,0.0003,0.6358,0.9140,19729.241
383,H,Z,0.1943,0.0036,0.0009,0.0005,0.0021,0.1282,0.0681,0.1509,0.0570,0.0722,0.0036,0.0737,0.0003,0.4864,0.7677,19780.044
384,Z,H,0.2282,0.0045,0.0010,0.0004,0.0035,0.1676,0.2440,0.1329,0.0991,0.1122,0.0011,0.0678,0.0004,0.7640,1.0727,19831.164
385,H,Z,0.2252,0.0057,0.0013,0.0006,0.0034,0.2555,0.0581,0.1604,0.0565,0.0895,0.0013,0.0691,0.0004,0.6283,0.9380,19882.146
386,Z,H,0.2703,0.0042,0.0013,0.0007,0.0036,0.2089,0.2118,0.1294,0.0819,0.1191,0.0088,0.0698,0.0003,0.7619,1.1236,19933.314
387,H,Z,0.2364,0.0056,0.0012,0.0006,0.0036,0.1636,0.0622,0.2161,0.0945,0.0826,0.0120,0.0634,0.0003,0.6275,0.9536,19984.333
388,Z,H,0.2651,0.0054,0.0015,0.0005,0.0043,0.2136,0.2759,0.1489,0.1012,0.1457,0.0018,0.0881,0.0004,0.8945,1.2641,20035.648
389,H,Z,0.1820,0.0032,0.0010,0.0004,0.0021,0.1289,0.0496,0.1348,0.0535,0.0633,0.0014,0.0649,0.0002,0.4370,0.6941,20086.389
390,Z,H,0.2100,0.0032,0.0010,0.0003,0.0028,0.1657,0.1950,0.0932,0.0579,0.1155,0.0138,0.0696,0.0005,0.6365,0.9394,20137.383
391,H,Z,0.1886,0.0037,0.0010,0.0004,0.0024,0.1342,0.0520,0.1331,0.0536,0.0767,0.0202,0.0594,0.0002,0.4569,0.7348,20188.160
392,Z,H,0.2163,0.0046,0.0009,0.0003,0.0031,0.1673,0.1934,0.1001,0.0618,0.1303,0.0012,0.0621,0.0002,0.6622,0.9531,20239.181
393,H,Z,0.1884,0.0034,0.0011,0.0004,0.0021,0.1274,0.0513,0.1484,0.0554,0.1327,0.0008,0.0611,0.0001,0.5207,0.7803,20290.011
394,Z,H,0.3012,0.0043,0.0012,0.0005,0.0034,0.1679,0.1904,0.1013,0.0629,0.1371,0.0010,0.0673,0.0002,0.6685,1.0498,20341.107
395,H,Z,0.2040,0.0039,0.0011,0.0004,0.0022,0.1314,0.0508,0.1396,0.0505,0.0888,0.0061,0.0616,0.0004,0.4706,0.7522,20391.902
396,Z,H,0.2333,0.0035,0.0012,0.0003,0.0031,0.1453,0.1781,0.1006,0.0721,0.1197,0.0065,0.0597,0.0003,0.6250,0.9348,20442.889
397,H,Z,0.1852,0.0036,0.0011,0.0003,0.0023,0.1385,0.0515,0.1367,0.0556,0.0751,0.0650,0.0613,0.0002,0.4643,0.7853,20493.720
398,Z,H,0.2458,0.0048,0.0012,0.0005,0.0040,0.1719,0.2183,0.1070,0.0608,0.2380,0.0016,0.0560,0.0002,0.8056,1.1222,20544.888
399,H,Z,0.1890,0.0034,0.0009,0.0003,0.0019,0.1252,0.0467,0.1311,0.0527,0.0595,0.0270,0.0699,0.0004,0.4231,0.7179,20595.696
400,Z,H,0.2394,0.0055,0.0011,0.0006,0.0046,0.1655,0.2622,0.1264,0.1131,0.1465,0.0098,0.0558,0.0004,0.8229,1.1426,20646.895
401,H,Z,0.2112,0.0044,0.0017,0.0005,0.0028,0.1333,0.0578,0.1520,0.0572,0.0968,0.0292,0.0651,0.0003,0.5050,0.8228,20697.772
402,Z,H,0.2869,0.0061,0.0014,0.0004,0.0031,0.2130,0.1947,0.1203,0.0640,0.1335,0.0086,0.0676,0.0003,0.7345,1.1109,20748.921
403,H,Z,0.1980,0.0040,0.0010,0.0004,0.0024,0.1292,0.0530,0.1468,0.0542,0.0881,0.0285,0.0636,0.0001,0.4777,0.7779,20799.744
404,Z,H,0.2777,0.0037,0.0011,0.0005,0.0038,0.1986,0.1310,0.1396,0.0883,0.1372,0.0060,0.0516,0.0003,0.7050,1.0518,20850.847
405,H,Z,0.1867,0.0040,0.0010,0.0004,0.0024,0.1302,0.0497,0.1428,0.0555,0.0778,0.0105,0.0515,0.0003,0.4635,0.7223,20901.623
406,Z,H,0.2328,0.0039,0.0010,0.0003,0.0034,0.1625,0.1875,0.0990,0.0631,0.1296,0.0011,0.0596,0.0003,0.6514,0.9559,20952.623
407,H,Z,0.1936,0.0038,0.0012,0.0004,0.0023,0.1284,0.0516,0.1413,0.0548,0.0709,0.0011,0.0533,0.0001,0.4528,0.7104,21003.379
408,Z,H,0.2274,0.0044,0.0011,0.0003,0.0033,0.1522,0.1064,0.1017,0.0602,0.1120,0.0140,0.0604,0.0002,0.5409,0.8541,21054.276
409,H,Z,0.1983,0.0037,0.0010,0.0005,0.0020,0.1401,0.0525,0.1339,0.0533,0.0879,0.0178,0.0795,0.0003,0.4749,0.7799,21105.110
410,Z,H,0.2376,0.0043,0.0011,0.0003,0.0032,0.1564,0.1808,0.1101,0.0608,0.1294,0.0019,0.0749,0.0001,0.6484,0.9738,21156.134
411,H,Z,0.1974,0.0037,0.0009,0.0005,0.0022,0.1336,0.0566,0.1480,0.0570,0.0786,0.0234,0.0689,0.0001,0.4805,0.7799,21206.965
412,Z,H,0.2248,0.0042,0.0011,0.0005,0.0035,0.1475,0.1903,0.1122,0.0634,0.1199,0.0011,0.0564,0.0002,0.6407,0.9345,21257.945
413,H,Z,0.1890,0.0033,0.0011,0.0004,0.0019,0.1333,0.0516,0.1368,0.0544,0.0806,0.0011,0.0670,0.0002,0.4643,0.7302,21308.724
414,Z,H,0.2101,0.0026,0.0010,0.0002,0.0030,0.1583,0.2013,0.0865,0.0602,0.0924,0.0034,0.0810,0.0001,0.6055,0.9087,21359.665
415,H,Z,0.1953,0.0037,0.0012,0.0004,0.0022,0.1334,0.0493,0.1333,0.0478,0.0862,0.0009,0.0513,0.0003,0.4564,0.7138,21410.412
416,Z,H,0.2286,0.0040,0.0009,0.0002,0.0029,0.1919,0.1715,0.0877,0.0573,0.0921,0.0208,0.0533,0.0001,0.6071,0.9196,21461.374
417,H,Z,0.1799,0.0030,0.0009,0.0004,0.0020,0.1325,0.0468,0.1163,0.0485,0.0596,0.0064,0.0671,0.0001,0.4090,0.6704,21512.081
418,Z,H,0.2136,0.0037,0.0009,0.0003,0.0029,0.1457,0.1156,0.1018,0.0678,0.1083,0.0057,0.0583,0.0002,0.5478,0.8355,21562.996
419,H,Z,0.2243,0.0049,0.0010,0.0005,0.0040,0.1500,0.0507,0.2015,0.0891,0.0761,0.0027,0.0525,0.0003,0.5765,0.8690,21613.907
420,Z,H,0.2281,0.0048,0.0011,0.0006,0.0035,0.1464,0.1696,0.0875,0.0690,0.1008,0.0010,0.0550,0.0003,0.5815,0.8779,21664.840
421,H,Z,0.1841,0.0036,0.0011,0.0004,0.0025,0.1415,0.0534,0.1394,0.0537,0.0895,0.0015,0.0756,0.0003,0.4864,0.7576,21715.647
422,Z,H,0.2296,0.0040,0.0013,0.0005,0.0035,0.1506,0.1939,0.1090,0.0611,0.1333,0.0124,0.0809,0.0001,0.6564,0.9909,21766.719
423,H,Z,0.2210,0.0050,0.0012,0.0004,0.0033,0.1500,0.0571,0.1911,0.0866,0.0796,0.0115,0.0828,0.0003,0.5743,0.9022,21817.673
424,Z,H,0.2591,0.0056,0.0011,0.0006,0.0044,0.1871,0.2394,0.1210,0.1111,0.1300,0.0012,0.0613,0.0004,0.7998,1.1357,21868.865
425,H,Z,0.2215,0.0038,0.0014,0.0003,0.0029,0.1337,0.0576,0.1499,0.0580,0.0734,0.0011,0.0649,0.0002,0.4811,0.7793,21919.690
426,Z,H,0.2771,0.0038,0.0010,0.0005,0.0031,0.1881,0.1409,0.1258,0.0646,0.1283,0.0013,0.0711,0.0003,0.6574,1.0175,21970.764
427,H,Z,0.1962,0.0039,0.0011,0.0004,0.0023,0.1316,0.0539,0.1388,0.0541,0.0691,0.0363,0.0592,0.0003,0.4553,0.7571,22021.563
428,Z,H,0.2203,0.0041,0.0007,0.0004,0.0032,0.1588,0.2191,0.1068,0.1035,0.1361,0.0012,0.0736,0.0002,0.7354,1.0413,22072.700
429,H,Z,0.2064,0.0053,0.0015,0.0007,0.0027,0.1349,0.0555,0.1513,0.0588,0.0787,0.0301,0.0696,0.0001,0.4859,0.8044,22123.555
430,Z,H,0.2342,0.0041,0.0012,0.0004,0.0033,0.1499,0.1100,0.1005,0.0587,0.1281,0.0012,0.0642,0.0002,0.5553,0.8664,22174.466
431,H,Z,0.2444,0.0038,0.0010,0.0004,0.0024,0.1742,0.0621,0.1672,0.0740,0.0773,0.0079,0.0726,0.0002,0.5617,0.8965,22225.413
432,Z,H,0.2232,0.0036,0.0011,0.0004,0.0031,0.1468,0.1856,0.0948,0.0629,0.1421,0.0018,0.0812,0.0003,0.6420,0.9587,22276.427
433,H,Z,0.2014,0.0038,0.0010,0.0004,0.0025,0.1316,0.0516,0.1350,0.0548,0.0733,0.0313,0.0637,0.0001,0.4525,0.7585,22327.229
434,Z,H,0.2272,0.0044,0.0011,0.0005,0.0032,0.1662,0.1183,0.0973,0.0556,0.1160,0.0098,0.0558,0.0003,0.5619,0.8664,22378.149
435,H,Z,0.2113,0.0052,0.0011,0.0004,0.0030,0.1439,0.0531,0.2573,0.0914,0.0867,0.0232,0.0578,0.0003,0.6406,0.9450,22429.144
436,Z,H,0.2648,0.0053,0.0012,0.0004,0.0041,0.1826,0.2456,0.1392,0.0951,0.1090,0.0075,0.0554,0.0004,0.7804,1.1215,22480.315
437,H,Z,0.2018,0.0036,0.0015,0.0003,0.0026,0.1397,0.0597,0.1462,0.0553,0.0720,0.0013,0.0651,0.0003,0.4828,0.7613,22531.125
438,Z,H,0.2260,0.0044,0.0012,0.0005,0.0042,0.1584,0.1988,0.1043,0.0617,0.1441,0.0073,0.0752,0.0004,0.6781,0.9997,22582.197
439,H,Z,0.1865,0.0032,0.0012,0.0004,0.0023,0.1271,0.0498,0.1439,0.0537,0.0674,0.0011,0.0585,0.0002,0.4503,0.7059,22632.946
440,Z,H,0.2082,0.0036,0.0010,0.0006,0.0038,0.1637,0.1904,0.1145,0.0633,0.1392,0.0010,0.0627,0.0002,0.6806,0.9639,22683.955
441,H,Z,0.1839,0.0037,0.0010,0.0002,0.0023,0.1247,0.0490,0.1274,0.0510,0.0685,0.0011,0.0667,0.0002,0.4285,0.6894,22734.683
442,Z,H,0.2195,0.0046,0.0010,0.0004,0.0035,0.1562,0.1065,0.1001,0.0573,0.1413,0.0409,0.0746,0.0003,0.5727,0.9194,22785.659
443,H,Z,0.2093,0.0038,0.0010,0.0004,0.0020,0.1282,0.0514,0.1371,0.0552,0.0739,0.0015,0.0690,0.0002,0.4542,0.7434,22836.443
444,Z,H,0.2835,0.0039,0.0011,0.0004,0.0035,0.2054,0.1991,0.1180,0.0792,0.1287,0.0017,0.0704,0.0002,0.7422,1.1091,22887.634
445,H,Z,0.1875,0.0034,0.0010,0.0003,0.0024,0.1255,0.0513,0.1354,0.0535,0.0668,0.0208,0.0635,0.0003,0.4390,0.7201,22938.394
446,Z,H,0.2334,0.0046,0.0012,0.0005,0.0038,0.1704,0.2094,0.1048,0.0631,0.1109,0.0007,0.0643,0.0001,0.6661,0.9769,22989.411
447,H,Z,0.1945,0.0034,0.0011,0.0002,0.0022,0.1284,0.0493,0.1355,0.0540,0.0849,0.0234,0.0681,0.0002,0.4604,0.7555,23040.212
448,Z,H,0.2125,0.0037,0.0011,0.0003,0.0027,0.1510,0.1911,0.0976,0.0602,0.1121,0.0010,0.0599,0.0002,0.6204,0.9040,23091.172
449,H,Z,0.1740,0.0030,0.0009,0.0002,0.0015,0.1348,0.0497,0.1471,0.0524,0.0818,0.0013,0.0607,0.0003,0.4734,0.7171,23141.929
450,Z,H,0.2075,0.0035,0.0010,0.0003,0.0033,0.1441,0.1918,0.1060,0.0607,0.1042,0.0010,0.0617,0.0002,0.6155,0.8961,23192.921
451,H,Z,0.1887,0.0036,0.0008,0.0004,0.0021,0.1270,0.0526,0.1377,0.0565,0.0781,0.0029,0.0737,0.0002,0.4702,0.7445,23243.716
452,Z,H,0.2478,0.0053,0.0011,0.0006,0.0040,0.1677,0.1423,0.1216,0.1013,0.1338,0.0010,0.0778,0.0002,0.6747,1.0147,23294.775
453,H,Z,0.1908,0.0037,0.0012,0.0002,0.0023,0.1299,0.0522,0.1370,0.0549,0.0685,0.0013,0.0574,0.0003,0.4491,0.7083,23345.541
454,Z,H,0.2199,0.0037,0.0011,0.0004,0.0030,0.1459,0.2000,0.0922,0.0559,0.1404,0.0043,0.0687,0.0004,0.6424,0.9460,23396.540
455,H,Z,0.2272,0.0052,0.0012,0.0005,0.0031,0.1464,0.0562,0.1971,0.0924,0.0932,0.0226,0.0819,0.0004,0.5953,0.9398,23447.533
456,Z,H,0.2557,0.0044,0.0016,0.0005,0.0033,0.1999,0.1922,0.1087,0.0623,0.1345,0.0050,0.0559,0.0002,0.7053,1.0339,23498.622
457,H,Z,0.1898,0.0030,0.0008,0.0003,0.0017,0.1227,0.0462,0.1175,0.0498,0.1041,0.0010,0.0507,0.0002,0.4474,0.6968,23549.367
458,Z,H,0.2398,0.0042,0.0012,0.0006,0.0040,0.1514,0.1938,0.1029,0.0641,0.1268,0.0011,0.0609,0.0003,0.6483,0.9623,23600.369
459,H,Z,0.1856,0.0037,0.0009,0.0003,0.0023,0.1338,0.0513,0.1290,0.0521,0.0806,0.0015,0.0733,0.0002,0.4556,0.7253,23651.144
460,Z,H,0.2221,0.0041,0.0011,0.0005,0.0034,0.1728,0.1187,0.1017,0.0635,0.1236,0.0006,0.0506,0.0002,0.5872,0.8721,23702.055
461,H,Z,0.2146,0.0048,0.0010,0.0006,0.0030,0.1449,0.0577,0.2221,0.0929,0.0935,0.0202,0.0647,0.0003,0.6224,0.9342,23753.033
462,Z,H,0.3082,0.0042,0.0018,0.0005,0.0039,0.1794,0.2023,0.1101,0.0630,0.1281,0.0013,0.0604,0.0002,0.6936,1.0762,23804.160
463,H,Z,0.2479,0.0043,0.0012,0.0004,0.0027,0.2299,0.0848,0.1538,0.0589,0.1112,0.0089,0.0585,0.0002,0.6500,0.9766,23855.187
464,Z,H,0.2094,0.0036,0.0011,0.0004,0.0034,0.1603,0.1055,0.0947,0.0612,0.1179,0.0013,0.0581,0.0003,0.5478,0.8271,23906.084
465,H,Z,0.2053,0.0042,0.0013,0.0005,0.0024,0.1307,0.0600,0.1687,0.0582,0.0773,0.0260,0.0702,0.0003,0.5034,0.8160,23956.990
466,Z,H,0.2381,0.0045,0.0010,0.0004,0.0034,0.1553,0.2210,0.1102,0.0607,0.1205,0.0013,0.0682,0.0003,0.6775,0.9967,24008.031
467,H,Z,0.1852,0.0036,0.0009,0.0003,0.0021,0.1235,0.0503,0.1321,0.0624,0.0786,0.0064,0.0779,0.0003,0.4551,0.7340,24058.814
468,Z,H,0.2259,0.0042,0.0011,0.0003,0.0038,0.2172,0.2079,0.2512,0.0834,0.1059,0.0110,0.0530,0.0002,0.8757,1.1769,24110.187
469,H,Z,0.1927,0.0039,0.0009,0.0003,0.0024,0.1320,0.0528,0.1463,0.0530,0.0731,0.0012,0.0492,0.0003,0.4647,0.7175,24160.946
470,Z,H,0.3394,0.0066,0.0012,0.0004,0.0045,0.2162,0.2831,0.1156,0.0952,0.1207,0.0010,0.0553,0.0003,0.8399,1.2506,24212.243
471,H,Z,0.1843,0.0037,0.0011,0.0005,0.0023,0.1286,0.0569,0.1384,0.0565,0.0840,0.0056,0.0651,0.0003,0.4719,0.7368,24263.018
472,Z,H,0.3265,0.0073,0.0012,0.0006,0.0047,0.2116,0.2974,0.1437,0.1951,0.1060,0.0011,0.0693,0.0003,0.9676,1.3808,24314.442
473,H,Z,0.1877,0.0034,0.0010,0.0003,0.0018,0.1330,0.0480,0.1252,0.0520,0.0532,0.0090,0.0561,0.0001,0.4169,0.6783,24365.177
474,Z,H,0.2362,0.0044,0.0013,0.0004,0.0038,0.1652,0.1955,0.1060,0.0608,0.1383,0.0263,0.0662,0.0002,0.6749,1.0158,24416.238
475,H,Z,0.2039,0.0050,0.0011,0.0005,0.0035,0.1587,0.0556,0.1963,0.0916,0.0866,0.0247,0.0763,0.0003,0.5958,0.9131,24467.209
476,Z,H,0.2370,0.0045,0.0012,0.0009,0.0038,0.1701,0.1901,0.1055,0.0605,0.1218,0.0012,0.0651,0.0003,0.6580,0.9742,24518.224
477,H,Z,0.1922,0.0039,0.0009,0.0005,0.0026,0.1357,0.0722,0.1503,0.0570,0.0879,0.0216,0.0618,0.0003,0.5124,0.7987,24569.075
478,Z,H,0.2253,0.0041,0.0011,0.0005,0.0034,0.1513,0.2288,0.1012,0.0576,0.1183,0.0007,0.0610,0.0001,0.6640,0.9623,24620.080
479,H,Z,0.1908,0.0037,0.0011,0.0005,0.0023,0.1289,0.0518,0.1413,0.0567,0.0860,0.0020,0.0731,0.0004,0.4746,0.7503,24670.875
480,Z,H,0.2235,0.0038,0.0010,0.0005,0.0031,0.1481,0.1137,0.1106,0.0660,0.1293,0.0013,0.0719,0.0003,0.5765,0.8840,24721.816
481,H,Z,0.2224,0.0054,0.0012,0.0008,0.0036,0.1519,0.0585,0.2091,0.1112,0.1043,0.0215,0.0638,0.0003,0.6443,0.9662,24772.854
482,Z,H,0.2364,0.0039,0.0013,0.0005,0.0038,0.1508,0.1874,0.1101,0.0731,0.1312,0.0277,0.0533,0.0003,0.6627,0.9922,24823.896
483,H,Z,0.1989,0.0037,0.0010,0.0003,0.0021,0.1304,0.0536,0.1398,0.0532,0.0894,0.0198,0.0624,0.0004,0.4744,0.7652,24874.703
484,Z,H,0.2260,0.0035,0.0010,0.0005,0.0032,0.1666,0.1893,0.1074,0.0584,0.1278,0.0012,0.0513,0.0003,0.6584,0.9476,24925.705
485,H,Z,0.2202,0.0044,0.0013,0.0006,0.0030,0.3300,0.0682,0.2287,0.1030,0.0593,0.0010,0.0570,0.0003,0.7962,1.0863,24976.834
486,Z,H,0.2738,0.0043,0.0013,0.0005,0.0034,0.2162,0.2656,0.1384,0.0832,0.1328,0.0010,0.0739,0.0003,0.8462,1.2070,25028.081
487,H,Z,0.2338,0.0047,0.0012,0.0006,0.0033,0.1480,0.0583,0.2051,0.0857,0.0530,0.0197,0.0494,0.0003,0.5561,0.8712,25079.002
488,Z,H,0.2406,0.0042,0.0010,0.0002,0.0032,0.1653,0.4404,0.1465,0.0945,0.1177,0.0011,0.1535,0.0005,0.9753,1.3819,25130.430
489,H,Z,0.2673,0.0037,0.0015,0.0004,0.0027,0.1392,0.0578,0.1483,0.0552,0.0693,0.0346,0.0721,0.0002,0.4776,0.8628,25181.345
490,Z,H,0.2323,0.0037,0.0011,0.0005,0.0150,0.1632,0.2106,0.1018,0.0611,0.1080,0.0127,0.0758,0.0001,0.6529,0.9962,25232.384
491,H,Z,0.1805,0.0033,0.0008,0.0005,0.0017,0.1347,0.0489,0.1316,0.0521,0.0480,0.0116,0.0515,0.0002,0.4216,0.6736,25283.092
492,Z,H,0.2028,0.0037,0.0009,0.0003,0.0033,0.1637,0.2029,0.0976,0.0599,0.1122,0.0120,0.0562,0.0001,0.6448,0.9260,25334.061
493,H,Z,0.1900,0.0041,0.0011,0.0005,0.0023,0.1287,0.0534,0.1416,0.0605,0.0933,0.0086,0.0512,0.0003,0.4845,0.7447,25384.848
494,Z,H,0.2972,0.0061,0.0015,0.0006,0.0046,0.1704,0.3094,0.1511,0.1017,0.1338,0.0211,0.0667,0.0003,0.8764,1.2767,25436.174
495,H,Z,0.2155,0.0040,0.0016,0.0004,0.0027,0.1323,0.0622,0.1447,0.0584,0.0712,0.0072,0.0699,0.0003,0.4769,0.7809,25487.012
496,Z,H,0.2267,0.0036,0.0012,0.0004,0.0033,0.1475,0.1784,0.1149,0.0601,0.1236,0.0012,0.0630,0.0002,0.6330,0.9346,25537.990
497,H,Z,0.1912,0.0037,0.0011,0.0006,0.0022,0.1293,0.0521,0.1432,0.0631,0.0641,0.0008,0.0824,0.0001,0.4589,0.7433,25588.794
498,Z,H,0.2294,0.0042,0.0009,0.0004,0.0030,0.1509,0.1901,0.0901,0.0616,0.1065,0.0011,0.0466,0.0003,0.6096,0.8976,25639.731
499,H,Z,0.2048,0.0040,0.0010,0.0005,0.0023,0.1326,0.0537,0.1429,0.0559,0.2174,0.0677,0.0680,0.0003,0.6110,0.9617,25690.739
500,Z,H,0.2063,0.0038,0.0009,0.0004,0.0030,0.1655,0.1823,0.1120,0.0620,0.1253,0.0008,0.0649,0.0001,0.6547,0.9369,25741.737
501,H,Z,0.2002,0.0042,0.0011,0.0005,0.0023,0.1494,0.0564,0.1436,0.0558,0.1092,0.0014,0.0554,0.0004,0.5217,0.7892,25792.570
502,Z,H,0.2276,0.0036,0.0010,0.0005,0.0031,0.1686,0.1412,0.1016,0.0553,0.0900,0.0243,0.0585,0.0001,0.5631,0.8839,25843.490
503,H,Z,0.1864,0.0032,0.0010,0.0004,0.0022,0.1278,0.0499,0.1368,0.0575,0.0536,0.0006,0.0505,0.0001,0.4310,0.6770,25894.203
504,Z,H,0.2548,0.0034,0.0009,0.0003,0.0033,0.1701,0.1939,0.1018,0.0639,0.0963,0.0016,0.0621,0.0002,0.6352,0.9640,25945.212
505,H,Z,0.2034,0.0040,0.0011,0.0005,0.0024,0.1804,0.0483,0.1311,0.0520,0.0730,0.0216,0.0583,0.0003,0.4919,0.7855,25996.064
506,Z,H,0.2304,0.0053,0.0011,0.0003,0.0041,0.1688,0.2836,0.1257,0.0982,0.1434,0.0012,0.0623,0.0002,0.8299,1.1368,26047.248
507,H,Z,0.1971,0.0038,0.0013,0.0004,0.0023,0.1319,0.0633,0.1448,0.0600,0.0797,0.0013,0.0728,0.0003,0.4986,0.7807,26098.073
508,Z,H,0.2206,0.0034,0.0010,0.0004,0.0035,0.1487,0.1119,0.1130,0.0649,0.1149,0.0018,0.0682,0.0003,0.5638,0.8650,26148.984
509,H,Z,0.1892,0.0035,0.0009,0.0004,0.0025,0.1297,0.0512,0.1359,0.0567,0.0872,0.0085,0.0852,0.0002,0.4702,0.7626,26199.788
510,Z,H,0.2374,0.0039,0.0012,0.0004,0.0034,0.1577,0.2029,0.1071,0.0621,0.1432,0.0015,0.0772,0.0003,0.6835,1.0111,26250.850
511,H,Z,0.1950,0.0039,0.0010,0.0004,0.0020,0.1267,0.0508,0.1451,0.0575,0.0736,0.0221,0.0821,0.0004,0.4606,0.7693,26301.663
512,Z,H,0.2388,0.0046,0.0013,0.0006,0.0036,0.1709,0.2080,0.1170,0.0668,0.1332,0.0057,0.0601,0.0002,0.7075,1.0249,26352.757
513,H,Z,0.2014,0.0030,0.0009,0.0003,0.0020,0.1239,0.0437,0.1276,0.0488,0.0533,0.0124,0.0493,0.0003,0.4035,0.6755,26403.470
514,Z,H,0.2137,0.0034,0.0010,0.0003,0.0033,0.1526,0.1702,0.0848,0.0568,0.0927,0.0312,0.0733,0.0004,0.5648,0.8931,26454.401
515,H,Z,0.1862,0.0131,0.0012,0.0003,0.0026,0.1691,0.0592,0.1368,0.0570,0.0690,0.0134,0.0748,0.0004,0.5051,0.7992,26505.247
516,Z,H,0.2389,0.0047,0.0011,0.0004,0.0041,0.2335,0.1438,0.1209,0.0664,0.1120,0.0126,0.1022,0.0002,0.6862,1.0522,26556.347
517,H,Z,0.2009,0.0035,0.0015,0.0005,0.0022,0.1373,0.0514,0.1385,0.0556,0.0897,0.0012,0.0571,0.0002,0.4808,0.7500,26607.145
518,Z,H,0.2271,0.0043,0.0012,0.0004,0.0033,0.1562,0.2072,0.0928,0.0631,0.1344,0.0012,0.0652,0.0004,0.6637,0.9690,26658.164
519,H,Z,0.1968,0.0040,0.0010,0.0004,0.0022,0.1312,0.0553,0.1483,0.0538,0.0891,0.0262,0.0470,0.0001,0.4835,0.7635,26708.966
520,Z,H,0.2154,0.0046,0.0012,0.0005,0.0038,0.1757,0.1872,0.1043,0.0579,0.1162,0.0019,0.0670,0.0002,0.6509,0.9476,26759.956
521,H,Z,0.2330,0.0042,0.0012,0.0005,0.0025,0.1862,0.0497,0.1464,0.0622,0.0776,0.0012,0.0584,0.0003,0.5308,0.8346,26810.852
522,Z,H,0.2351,0.0051,0.0011,0.0005,0.0047,0.1694,0.2676,0.1706,0.0811,0.1208,0.0055,0.0736,0.0003,0.8226,1.1508,26862.058
523,H,Z,0.1991,0.0034,0.0010,0.0006,0.0021,0.1288,0.0493,0.1255,0.0615,0.0553,0.0256,0.0590,0.0001,0.4265,0.7196,26912.814
524,Z,H,0.2154,0.0042,0.0010,0.0004,0.0035,0.1526,0.1922,0.0981,0.0603,0.1511,0.0020,0.1309,0.0002,0.6629,1.0224,26963.881
525,H,Z,0.1951,0.0038,0.0010,0.0004,0.0023,0.1370,0.0525,0.1403,0.0553,0.0950,0.0932,0.0641,0.0002,0.4886,0.8508,27014.782
526,Z,H,0.2528,0.0052,0.0011,0.0006,0.0041,0.1689,0.1632,0.1321,0.2242,0.1455,0.0011,0.0586,0.0002,0.8493,1.1752,27066.033
527,H,Z,0.2156,0.0039,0.0016,0.0004,0.0025,0.1482,0.0599,0.1494,0.0682,0.0907,0.0012,0.0617,0.0003,0.5257,0.8151,27116.888
528,Z,H,0.2203,0.0038,0.0011,0.0003,0.0039,0.1426,0.2184,0.1062,0.0722,0.1234,0.0014,0.0552,0.0003,0.6716,0.9602,27167.909
529,H,Z,0.1918,0.0036,0.0010,0.0005,0.0022,0.1294,0.0519,0.4257,0.0543,0.1106,0.0006,0.0570,0.0001,0.7776,1.0364,27218.987
530,Z,H,0.2378,0.0036,0.0010,0.0006,0.0029,0.1799,0.0952,0.1007,0.0550,0.0758,0.0200,0.0509,0.0001,0.5151,0.8341,27269.864
531,H,Z,0.2334,0.0031,0.0009,0.0005,0.0022,0.5833,0.0516,0.1489,0.0533,0.0756,0.0011,0.0583,0.0002,0.9213,1.2233,27321.161
532,Z,H,0.2472,0.0055,0.0011,0.0005,0.0045,0.1888,0.2366,0.1399,0.1013,0.1405,0.0206,0.0652,0.0003,0.8183,1.1657,27372.382
533,H,Z,0.2300,0.0039,0.0018,0.0004,0.0029,0.1430,0.0575,0.1555,0.0569,0.0755,0.0283,0.0531,0.0003,0.4978,0.8207,27423.247
534,Z,H,0.2238,0.0052,0.0011,0.0004,0.0034,0.1509,0.1834,0.0965,0.0603,0.1327,0.0015,0.0761,0.0002,0.6344,0.9485,27474.240
535,H,Z,0.1884,0.0034,0.0012,0.0003,0.0021,0.1278,0.0580,0.1317,0.0519,0.0773,0.0019,0.0605,0.0002,0.4554,0.7154,27525.002
536,Z,H,0.2248,0.0044,0.0011,0.0004,0.0033,0.1570,0.2013,0.0925,0.0648,0.1100,0.0067,0.0641,0.0004,0.6346,0.9418,27575.989
537,H,Z,0.1899,0.0038,0.0009,0.0003,0.0020,0.1251,0.0513,0.1339,0.0500,0.0688,0.0136,0.0478,0.0002,0.4354,0.6961,27626.722
538,Z,H,0.2132,0.0039,0.0011,0.0004,0.0030,0.2447,0.2560,0.0998,0.0799,0.1288,0.0049,0.0608,0.0001,0.8183,1.1076,27677.872
539,H,Z,0.1870,0.0036,0.0010,0.0004,0.0023,0.1310,0.0491,0.1338,0.0531,0.0697,0.0198,0.0679,0.0002,0.4471,0.7312,27728.650
540,Z,H,0.2170,0.0042,0.0008,0.0004,0.0030,0.1630,0.2289,0.1247,0.0980,0.1634,0.0109,0.0488,0.0003,0.7866,1.0737,27779.768
541,H,Z,0.2026,0.0034,0.0011,0.0004,0.0022,0.1293,0.0522,0.1450,0.0536,0.0689,0.0012,0.0595,0.0002,0.4572,0.7300,27830.535
542,Z,H,0.2338,0.0041,0.0012,0.0004,0.0034,0.1729,0.1835,0.1052,0.0605,0.1498,0.0016,0.0750,0.0003,0.6820,1.0037,27881.589
543,H,Z,0.2059,0.0047,0.0011,0.0005,0.0030,0.1436,0.0537,0.1995,0.0914,0.0817,0.0013,0.0706,0.0002,0.5782,0.8680,27932.525
544,Z,H,0.2739,0.0054,0.0013,0.0006,0.0049,0.1739,0.2698,0.1477,0.1112,0.1624,0.0020,0.0752,0.0002,0.8754,1.2410,27983.845
545,H,Z,0.2032,0.0046,0.0012,0.0005,0.0025,0.1284,0.0567,0.1492,0.0571,0.0765,0.0075,0.0912,0.0004,0.4751,0.7882,28034.681
546,Z,H,0.2164,0.0042,0.0011,0.0003,0.0036,0.1740,0.1089,0.0994,0.0623,0.1204,0.0013,0.0567,0.0002,0.5747,0.8603,28085.629
547,H,Z,0.1907,0.0038,0.0009,0.0003,0.0020,0.1451,0.0489,0.1367,0.0526,0.0679,0.0057,0.0666,0.0003,0.4603,0.7325,28136.413
548,Z,H,0.2725,0.0046,0.0012,0.0003,0.0039,0.1987,0.2377,0.1194,0.0602,0.1401,0.0011,0.0532,0.0002,0.7647,1.1042,28187.564
549,H,Z,0.3572,0.0084,0.0011,0.0003,0.0032,0.1798,0.0549,0.1896,0.0885,0.0716,0.0252,0.0708,0.0002,0.5934,1.0621,28238.672
550,Z,H,0.2301,0.0041,0.0011,0.0003,0.0033,0.1635,0.1895,0.0986,0.0587,0.1257,0.0012,0.0665,0.0003,0.6441,0.9529,28289.672
551,H,Z,0.2006,0.0037,0.0010,0.0005,0.0023,0.1286,0.0564,0.1458,0.0560,0.0757,0.0209,0.0626,0.0003,0.4719,0.7657,28340.473
552,Z,H,0.2223,0.0042,0.0010,0.0006,0.0036,0.1710,0.1943,0.1045,0.0620,0.1389,0.0058,0.0648,0.0002,0.6786,0.9833,28391.503
553,H,Z,0.2443,0.0043,0.0011,0.0004,0.0023,0.1292,0.0527,0.1359,0.0555,0.0878,0.0235,0.0703,0.0003,0.4694,0.8179,28442.360
554,Z,H,0.2516,0.0051,0.0013,0.0005,0.0042,0.1681,0.2459,0.1801,0.1070,0.0984,0.0214,0.0490,0.0003,0.8071,1.1425,28493.548
555,H,Z,0.1926,0.0032,0.0013,0.0002,0.0019,0.1274,0.0449,0.1532,0.0577,0.0805,0.0334,0.0595,0.0001,0.4706,0.7647,28544.344
556,Z,H,0.2274,0.0041,0.0011,0.0003,0.0033,0.1681,0.1095,0.0994,0.0583,0.1172,0.0058,0.0586,0.0002,0.5600,0.8626,28595.305
557,H,Z,0.2299,0.0052,0.0009,0.0004,0.0027,0.2147,0.0573,0.1681,0.0866,0.0519,0.0009,0.0470,0.0002,0.5857,0.8751,28646.220
558,Z,H,0.2678,0.0046,0.0016,0.0007,0.0041,0.1653,0.2021,0.1160,0.0679,0.1627,0.0013,0.0548,0.0003,0.7233,1.0607,28697.325
559,H,Z,0.1847,0.0038,0.0009,0.0004,0.0024,0.2048,0.0556,0.1694,0.0554,0.1137,0.0008,0.0543,0.0001,0.6060,0.8553,28748.244
560,Z,H,0.2351,0.0046,0.0009,0.0003,0.0040,0.1769,0.2265,0.1214,0.0973,0.1204,0.0217,0.0638,0.0001,0.7527,1.0852,28799.379
561,H,Z,0.2157,0.0040,0.0014,0.0004,0.0028,0.1914,0.0634,0.1622,0.0570,0.0677,0.0118,0.0700,0.0003,0.5503,0.8585,28850.284
562,Z,H,0.2514,0.0037,0.0011,0.0004,0.0039,0.2075,0.2521,0.0989,0.0741,0.1124,0.0008,0.0555,0.0001,0.7518,1.0705,28901.424
563,H,Z,0.2278,0.0055,0.0012,0.0004,0.0030,0.1494,0.0557,0.2383,0.1641,0.0562,0.0200,0.0480,0.0002,0.6717,0.9802,28952.462
564,Z,H,0.2188,0.0036,0.0011,0.0005,0.0029,0.1538,0.1676,0.0891,0.0528,0.1139,0.0125,0.0489,0.0002,0.5844,0.8747,29003.467
565,H,Z,0.1984,0.0038,0.0013,0.0003,0.0019,0.1290,0.0540,0.1384,0.0558,0.0753,0.0224,0.0517,0.0002,0.4604,0.7422,29054.249
566,Z,H,0.2359,0.0046,0.0010,0.0004,0.0049,0.2245,0.1969,0.1033,0.0591,0.1227,0.0031,0.0543,0.0002,0.7152,1.0213,29105.321
567,H,Z,0.2181,0.0048,0.0012,0.0004,0.0029,0.2100,0.0512,0.1512,0.0536,0.0590,0.0010,0.0551,0.0001,0.5321,0.8177,29156.181
568,Z,H,0.2168,0.0040,0.0013,0.0005,0.0033,0.1485,0.2358,0.1042,0.0591,0.1184,0.0302,0.0502,0.0002,0.6741,0.9827,29207.205
569,H,Z,0.1968,0.0040,0.0010,0.0004,0.0021,0.1322,0.0642,0.1370,0.0577,0.0899,0.0059,0.0806,0.0003,0.4895,0.7829,29258.045
570,Z,H,0.2339,0.0041,0.0012,0.0005,0.0033,0.1670,0.1144,0.1143,0.0702,0.0920,0.0011,0.0497,0.0002,0.5654,0.8614,29308.957
571,H,Z,0.1852,0.0034,0.0009,0.0004,0.0019,0.1387,0.0523,0.1217,0.0504,0.0643,0.0079,0.0543,0.0003,0.4399,0.6960,29359.696
572,Z,H,0.2409,0.0046,0.0015,0.0005,0.0041,0.1795,0.1321,0.1065,0.0611,0.1407,0.0013,0.0667,0.0003,0.6283,0.9505,29410.689
573,H,Z,0.1955,0.0039,0.0011,0.0004,0.0022,0.1298,0.0532,0.1433,0.0599,0.0761,0.0106,0.0557,0.0003,0.4700,0.7417,29461.467
574,Z,H,0.2674,0.0054,0.0012,0.0007,0.0047,0.1739,0.1715,0.1225,0.1017,0.1168,0.0019,0.0663,0.0003,0.6986,1.0485,29512.565
575,H,Z,0.2365,0.0055,0.0015,0.0006,0.0038,0.1539,0.0585,0.2183,0.0944,0.0850,0.0015,0.0765,0.0005,0.6190,0.9477,29563.571
576,Z,H,0.3296,0.0042,0.0011,0.0005,0.0037,0.1787,0.1380,0.1073,0.0635,0.1411,0.0017,0.0811,0.0002,0.6380,1.0624,29614.692
577,H,Z,0.2091,0.0042,0.0010,0.0004,0.0022,0.1328,0.0540,0.1401,0.0572,0.0698,0.0022,0.0985,0.0003,0.4620,0.7826,29665.526
578,Z,H,0.2415,0.0044,0.0011,0.0007,0.0034,0.1484,0.1899,0.1028,0.0586,0.1099,0.0012,0.0735,0.0002,0.6202,0.9485,29716.521
579,H,Z,0.1989,0.0039,0.0010,0.0004,0.0020,0.1282,0.0513,0.1374,0.0560,0.0826,0.0012,0.0495,0.0003,0.4627,0.7219,29767.277
580,Z,H,0.2481,0.0052,0.0011,0.0006,0.0041,0.1828,0.2737,0.1143,0.0567,0.1075,0.0010,0.0501,0.0002,0.7435,1.0561,29818.405
581,H,Z,0.2179,0.0032,0.0011,0.0004,0.0020,0.1261,0.0461,0.1238,0.0503,0.0609,0.0179,0.0585,0.0003,0.4138,0.7172,29869.172
582,Z,H,0.2173,0.0038,0.0009,0.0003,0.0026,0.1743,0.2196,0.1045,0.0600,0.1326,0.0127,0.0566,0.0003,0.7000,0.9964,29920.207
583,H,Z,0.1922,0.0038,0.0013,0.0004,0.0024,0.1327,0.0587,0.1497,0.0572,0.0810,0.0012,0.0609,0.0004,0.4867,0.7515,29970.996
584,Z,H,0.2300,0.0038,0.0012,0.0003,0.0034,0.1537,0.1475,0.1267,0.2992,0.1985,0.0016,0.0774,0.0002,0.9374,1.2575,30022.299
585,H,Z,0.2175,0.0048,0.0012,0.0004,0.0035,0.1630,0.0568,0.2007,0.0931,0.0754,0.0120,0.0784,0.0004,0.5982,0.9187,30073.272
586,Z,H,0.2326,0.0038,0.0014,0.0003,0.0037,0.1945,0.1928,0.1048,0.0577,0.1351,0.0279,0.0573,0.0001,0.6914,1.0205,30124.329
587,H,Z,0.1939,0.0037,0.0011,0.0004,0.0023,0.1405,0.0542,0.1413,0.0537,0.0686,0.0010,0.0633,0.0002,0.4662,0.7341,30175.125
588,Z,H,0.2291,0.0040,0.0010,0.0005,0.0036,0.1560,0.1976,0.1029,0.0608,0.1336,0.0010,0.0664,0.0003,0.6598,0.9678,30226.138
589,H,Z,0.2324,0.0058,0.0013,0.0007,0.0035,0.1474,0.0717,0.2105,0.0859,0.0662,0.0064,0.0481,0.0003,0.5898,0.8908,30277.088
590,Z,H,0.2331,0.0039,0.0013,0.0004,0.0032,0.1511,0.1612,0.1229,0.0645,0.1355,0.0021,0.0742,0.0002,0.6454,0.9656,30328.101
591,H,Z,0.2562,0.0052,0.0016,0.0004,0.0034,0.1879,0.0829,0.1810,0.0796,0.0584,0.0016,0.0507,0.0003,0.5965,0.9183,30379.066
592,Z,H,0.2157,0.0036,0.0010,0.0004,0.0029,0.1428,0.1281,0.1087,0.0592,0.1144,0.0019,0.0769,0.0002,0.5616,0.8661,30430.023
593,H,Z,0.1915,0.0041,0.0012,0.0004,0.0021,0.1418,0.0607,0.1437,0.0672,0.0750,0.0010,0.0685,0.0002,0.4951,0.7664,30480.826
594,Z,H,0.2071,0.0039,0.0010,0.0004,0.0031,0.1542,0.1827,0.1005,0.0575,0.1379,0.0131,0.0606,0.0002,0.6418,0.9332,30531.799
595,H,Z,0.2203,0.0039,0.0012,0.0004,0.0026,0.1329,0.0628,0.1690,0.0725,0.0760,0.0027,0.0769,0.0003,0.5218,0.8326,30582.679
596,Z,H,0.2353,0.0035,0.0010,0.0006,0.0034,0.1655,0.1854,0.1043,0.0637,0.1368,0.0061,0.0785,0.0003,0.6790,1.0094,30633.740
597,H,Z,0.1860,0.0038,0.0009,0.0004,0.0022,0.1302,0.0529,0.1318,0.0545,0.0870,0.0007,0.0691,0.0001,0.4622,0.7276,30684.576
598,Z,H,0.2625,0.0050,0.0010,0.0004,0.0040,0.1675,0.1820,0.1284,0.0968,0.1332,0.0088,0.0869,0.0001,0.7162,1.0872,30735.708
599,H,Z,0.2074,0.0036,0.0012,0.0003,0.0025,0.1363,0.0513,0.1379,0.0546,0.0727,0.0090,0.0660,0.0002,0.4599,0.7518,30786.509
600,Z,H,0.2285,0.0037,0.0009,0.0003,0.0039,0.1523,0.1326,0.0953,0.0589,0.1132,0.0249,0.0543,0.0003,0.5618,0.8805,30837.455
601,H,Z,0.1991,0.0034,0.0008,0.0004,0.0022,0.1277,0.0493,0.1294,0.0516,0.0862,0.0012,0.0702,0.0002,0.4521,0.7315,30888.246
602,Z,H,0.2300,0.0049,0.0008,0.0005,0.0041,0.1818,0.2640,0.1246,0.0995,0.1233,0.0263,0.0581,0.0002,0.8023,1.1290,30939.429
603,H,Z,0.2160,0.0037,0.0012,0.0004,0.0026,0.1350,0.0539,0.1436,0.0553,0.0743,0.0007,0.0707,0.0001,0.4687,0.7663,30990.227
604,Z,H,0.2419,0.0050,0.0011,0.0005,0.0045,0.1764,0.2540,0.1367,0.1015,0.1651,0.0145,0.0642,0.0002,0.8446,1.1786,31041.450
605,H,Z,0.2166,0.0036,0.0016,0.0004,0.0025,0.1486,0.0626,0.1491,0.0571,0.0991,0.0017,0.0728,0.0002,0.5251,0.8262,31092.344
606,Z,H,0.2223,0.0043,0.0014,0.0004,0.0036,0.2038,0.1169,0.1034,0.0646,0.1312,0.0011,0.0533,0.0003,0.6291,0.9182,31143.309
607,H,Z,0.2013,0.0046,0.0013,0.0005,0.0026,0.1432,0.0579,0.1327,0.0576,0.0657,0.0007,0.0663,0.0001,0.4635,0.7440,31194.096
608,Z,H,0.2322,0.0045,0.0011,0.0006,0.0038,0.1648,0.2445,0.1206,0.0950,0.1305,0.0011,0.0585,0.0003,0.7641,1.0681,31245.221
609,H,Z,0.2042,0.0037,0.0013,0.0007,0.0025,0.1578,0.0614,0.1338,0.0532,0.0726,0.0178,0.0671,0.0003,0.4851,0.7846,31296.038
610,Z,H,0.2200,0.0039,0.0009,0.0003,0.0029,0.1652,0.1552,0.2593,0.0746,0.1438,0.0014,0.0598,0.0002,0.8097,1.1011,31347.180
611,H,Z,0.2125,0.0039,0.0015,0.0004,0.0026,0.1439,0.0538,0.1460,0.0560,0.0849,0.0235,0.0621,0.0001,0.4904,0.7994,31398.108
612,Z,H,0.2363,0.0050,0.0011,0.0004,0.0044,0.1654,0.2707,0.1246,0.0999,0.1282,0.0012,0.0633,0.0003,0.7989,1.1133,31449.266
613,H,Z,0.1935,0.0029,0.0013,0.0005,0.0023,0.1546,0.0525,0.1381,0.0550,0.0580,0.0293,0.0530,0.0001,0.4635,0.7483,31500.064
614,Z,H,0.2215,0.0043,0.0010,0.0003,0.0036,0.1705,0.2025,0.1018,0.0618,0.1167,0.0224,0.0728,0.0001,0.6601,0.9880,31551.094
615,H,Z,0.1963,0.0036,0.0010,0.0005,0.0024,0.1268,0.0506,0.1461,0.0695,0.0750,0.0012,0.0683,0.0003,0.4761,0.7518,31601.887
616,Z,H,0.2697,0.0038,0.0011,0.0005,0.0038,0.1662,0.2102,0.1133,0.0623,0.1355,0.0108,0.0596,0.0004,0.6968,1.0485,31652.984
617,H,Z,0.2002,0.0037,0.0010,0.0004,0.0023,0.1307,0.0517,0.1365,0.0526,0.0873,0.0268,0.0628,0.0003,0.4669,0.7664,31703.796
618,Z,H,0.2715,0.0053,0.0011,0.0003,0.0042,0.1743,0.2043,0.1406,0.1067,0.1074,0.0010,0.0691,0.0002,0.7406,1.0955,31754.949
619,H,Z,0.1702,0.0034,0.0008,0.0003,0.0019,0.1232,0.0449,0.1213,0.0487,0.0531,0.0030,0.0717,0.0002,0.3973,0.6507,31805.646
620,Z,H,0.2021,0.0031,0.0010,0.0002,0.0028,0.1572,0.1765,0.0899,0.0569,0.1172,0.0018,0.0635,0.0003,0.6087,0.8855,31856.597
621,H,Z,0.1592,0.0027,0.0008,0.0005,0.0017,0.1222,0.0440,0.1168,0.0500,0.0510,0.0010,0.0551,0.0002,0.3908,0.6137,31907.253
622,Z,H,0.2389,0.0040,0.0012,0.0005,0.0036,0.1701,0.2184,0.1065,0.0647,0.1455,0.0021,0.0756,0.0002,0.7164,1.0447,31958.348
623,H,Z,0.2053,0.0043,0.0013,0.0005,0.0023,0.1477,0.0637,0.1744,0.0572,0.0789,0.0015,0.0703,0.0003,0.5298,0.8180,32009.209
624,Z,H,0.2029,0.0038,0.0010,0.0003,0.0027,0.1423,0.1972,0.1055,0.0575,0.0812,0.0010,0.0469,0.0002,0.5926,0.8530,32060.096
625,H,Z,0.1712,0.0030,0.0007,0.0002,0.0017,0.1242,0.0474,0.1321,0.0641,0.0726,0.0011,0.0585,0.0002,0.4508,0.6893,32110.830
626,Z,H,0.2891,0.0049,0.0010,0.0005,0.0032,0.2091,0.2024,0.1173,0.0605,0.1115,0.0299,0.0656,0.0001,0.7077,1.1044,32161.980
627,H,Z,0.2410,0.0047,0.0017,0.0004,0.0033,0.1855,0.0704,0.1882,0.0718,0.0776,0.0276,0.1105,0.0003,0.6012,0.9935,32213.008
628,Z,H,0.2612,0.0038,0.0010,0.0004,0.0029,0.1626,0.2123,0.1015,0.0591,0.1456,0.0010,0.0612,0.0003,0.6904,1.0247,32264.077
629,H,Z,0.1939,0.0038,0.0010,0.0003,0.0022,0.1400,0.0571,0.1448,0.0553,0.0757,0.0139,0.0569,0.0003,0.4799,0.7541,32314.871
630,Z,H,0.2209,0.0040,0.0013,0.0004,0.0035,0.1584,0.1951,0.0864,0.0666,0.0754,0.0007,0.0552,0.0001,0.5892,0.8774,32365.786
631,H,Z,0.1749,0.0032,0.0008,0.0004,0.0019,0.1239,0.0473,0.1364,0.0599,0.0670,0.0258,0.0670,0.0001,0.4406,0.7166,32416.535
632,Z,H,0.2405,0.0041,0.0011,0.0003,0.0033,0.1640,0.1840,0.1015,0.0637,0.1473,0.0013,0.0576,0.0003,0.6696,0.9800,32467.562
633,H,Z,0.1920,0.0035,0.0010,0.0004,0.0021,0.1261,0.0507,0.1336,0.0541,0.0901,0.0011,0.0684,0.0003,0.4606,0.7313,32518.335
634,Z,H,0.2637,0.0054,0.0012,0.0007,0.0043,0.1722,0.2283,0.1218,0.1018,0.1404,0.0013,0.0690,0.0003,0.7741,1.1223,32569.570
635,H,Z,0.2652,0.0045,0.0019,0.0006,0.0034,0.1979,0.0702,0.1645,0.0585,0.0742,0.0017,0.0719,0.0002,0.5743,0.9259,32620.541
636,Z,H,0.2313,0.0043,0.0011,0.0005,0.0040,0.1776,0.2009,0.1001,0.0624,0.1193,0.0021,0.0814,0.0002,0.6702,0.9974,32671.593
637,H,Z,0.1898,0.0039,0.0009,0.0003,0.0026,0.1306,0.0532,0.1397,0.0545,0.0754,0.0375,0.0684,0.0003,0.4604,0.7662,32722.411
638,Z,H,0.2478,0.0050,0.0011,0.0003,0.0040,0.1710,0.1841,0.1229,0.0980,0.1155,0.0204,0.0653,0.0002,0.7003,1.0467,32773.523
639,H,Z,0.2164,0.0043,0.0010,0.0004,0.0027,0.1440,0.0536,0.1903,0.0911,0.0625,0.0010,0.0539,0.0002,0.5497,0.8320,32824.395
640,Z,H,0.2305,0.0033,0.0010,0.0003,0.0029,0.1475,0.1916,0.0972,0.0627,0.1177,0.0007,0.0585,0.0001,0.6242,0.9231,32875.370
641,H,Z,0.1884,0.0036,0.0009,0.0006,0.0019,0.1400,0.0523,0.1401,0.0539,0.0847,0.0011,0.0601,0.0004,0.4797,0.7385,32926.150
642,Z,H,0.2154,0.0039,0.0011,0.0005,0.0033,0.1557,0.1731,0.0870,0.0560,0.1417,0.0260,0.0508,0.0001,0.6206,0.9235,32977.115
643,H,Z,0.1856,0.0033,0.0010,0.0005,0.0023,0.1274,0.0496,0.1484,0.0558,0.0718,0.0011,0.0585,0.0003,0.4603,0.7148,33027.886
644,Z,H,0.2266,0.0038,0.0013,0.0005,0.0034,0.1570,0.1887,0.0839,0.0649,0.1071,0.0015,0.0722,0.0003,0.6092,0.9209,33078.854
645,H,Z,0.1880,0.0039,0.0009,0.0003,0.0021,0.1261,0.0484,0.1344,0.0517,0.0852,0.0112,0.0573,0.0002,0.4541,0.7197,33129.628
646,Z,H,0.2122,0.0038,0.0010,0.0003,0.0031,0.1464,0.1924,0.0969,0.0595,0.1257,0.0104,0.0608,0.0003,0.6293,0.9232,33180.604
647,H,Z,0.1925,0.0039,0.0010,0.0005,0.0022,0.1306,0.0509,0.1376,0.0544,0.0657,0.0287,0.0585,0.0003,0.4475,0.7368,33231.402
648,Z,H,0.2895,0.0039,0.0012,0.0006,0.0038,0.1888,0.2302,0.1312,0.0795,0.1247,0.0302,0.0858,0.0003,0.7653,1.1833,33282.668
649,H,Z,0.1875,0.0034,0.0009,0.0002,0.0023,0.1266,0.0490,0.1324,0.0538,0.0679,0.0020,0.0711,0.0001,0.4380,0.7076,33333.423
650,Z,H,0.2564,0.0058,0.0011,0.0006,0.0043,0.1690,0.2422,0.1215,0.1084,0.1269,0.0055,0.0673,0.0004,0.7767,1.1203,33384.604
651,H,Z,0.2154,0.0037,0.0017,0.0003,0.0027,0.1383,0.0562,0.1521,0.0553,0.0804,0.0010,0.0627,0.0002,0.4916,0.7813,33435.438
652,Z,H,0.2348,0.0041,0.0012,0.0005,0.0040,0.1559,0.1897,0.1013,0.0599,0.1148,0.0026,0.0648,0.0003,0.6308,0.9455,33486.433
653,H,Z,0.1960,0.0032,0.0011,0.0003,0.0022,0.1280,0.0508,0.1378,0.0543,0.0733,0.0025,0.0813,0.0003,0.4548,0.7439,33537.227
654,Z,H,0.2373,0.0048,0.0011,0.0004,0.0044,0.2052,0.2524,0.1238,0.1026,0.1272,0.0213,0.0673,0.0003,0.8219,1.1610,33588.441
655,H,Z,0.3021,0.0048,0.0015,0.0002,0.0021,0.2047,0.0537,0.1449,0.0554,0.0731,0.0117,0.0650,0.0002,0.5403,0.9301,33639.436
656,Z,H,0.2983,0.0062,0.0014,0.0007,0.0050,0.1878,0.2848,0.1427,0.0970,0.1306,0.0015,0.0818,0.0002,0.8522,1.2501,33690.743
657,H,Z,0.1767,0.0031,0.0008,0.0005,0.0017,0.1248,0.0455,0.1211,0.0512,0.0519,0.0025,0.0559,0.0002,0.4022,0.6453,33741.434
658,Z,H,0.2336,0.0040,0.0012,0.0004,0.0032,0.1497,0.4171,0.1041,0.0551,0.0935,0.0126,0.0457,0.0002,0.8258,1.1284,33792.618
659,H,Z,0.1731,0.0027,0.0007,0.0002,0.0016,0.1226,0.0532,0.1323,0.0527,0.0862,0.0081,0.0660,0.0003,0.4559,0.7101,33843.366
660,Z,H,0.2431,0.0047,0.0012,0.0004,0.0041,0.1630,0.1061,0.1122,0.0608,0.0784,0.0075,0.0547,0.0001,0.5281,0.8461,33894.250
661,H,Z,0.2291,0.0036,0.0010,0.0004,0.0024,0.1848,0.0544,0.1722,0.0707,0.0866,0.0018,0.0644,0.0002,0.5813,0.8868,33945.173
662,Z,H,0.2105,0.0037,0.0009,0.0006,0.0027,0.1578,0.1642,0.0935,0.0580,0.1194,0.0012,0.0443,0.0002,0.6003,0.8662,33996.079
663,H,Z,0.1925,0.0036,0.0010,0.0005,0.0021,0.1304,0.0534,0.1502,0.0555,0.0804,0.0007,0.0540,0.0001,0.4771,0.7336,34046.889
664,Z,H,0.2136,0.0034,0.0009,0.0003,0.0031,0.1608,0.1785,0.0997,0.0689,0.1145,0.0214,0.0597,0.0002,0.6322,0.9370,34097.871
665,H,Z,0.1975,0.0035,0.0011,0.0004,0.0024,0.1281,0.0534,0.1397,0.0557,0.0671,0.0214,0.0636,0.0003,0.4511,0.7433,34148.657
666,Z,H,0.2415,0.0034,0.0010,0.0004,0.0028,0.1588,0.1628,0.0868,0.0555,0.0949,0.0011,0.0531,0.0002,0.5662,0.8715,34199.564
667,H,Z,0.1965,0.0029,0.0009,0.0004,0.0018,0.1299,0.0513,0.1358,0.0576,0.0909,0.0011,0.0616,0.0002,0.4738,0.7408,34250.337
668,Z,H,0.2768,0.0048,0.0014,0.0006,0.0042,0.1537,0.1801,0.1088,0.0611,0.1382,0.0023,0.0867,0.0003,0.6515,1.0307,34301.438
669,H,Z,0.2070,0.0039,0.0010,0.0005,0.0021,0.1297,0.0553,0.1464,0.0570,0.0717,0.0014,0.0682,0.0002,0.4686,0.7551,34352.241
670,Z,H,0.2993,0.0048,0.0009,0.0003,0.0027,0.2405,0.1358,0.1308,0.0830,0.1952,0.0145,0.0634,0.0003,0.7954,1.1837,34403.466
671,H,Z,0.2022,0.0038,0.0010,0.0004,0.0022,0.1320,0.0527,0.1456,0.0543,0.0962,0.0011,0.0630,0.0002,0.4894,0.7657,34454.273
672,Z,H,0.2281,0.0042,0.0012,0.0005,0.0029,0.1887,0.1999,0.1113,0.0613,0.1086,0.0008,0.0600,0.0001,0.6762,0.9763,34505.307
673,H,Z,0.2257,0.0043,0.0013,0.0007,0.0026,0.1509,0.0519,0.1519,0.0712,0.0745,0.0011,0.0546,0.0003,0.5097,0.8024,34556.155
674,Z,H,0.2330,0.0041,0.0012,0.0004,0.0036,0.1670,0.1171,0.1035,0.0612,0.1304,0.0024,0.0752,0.0003,0.5931,0.9151,34607.119
675,H,Z,0.1968,0.0041,0.0010,0.0004,0.0025,0.1408,0.0562,0.1536,0.0546,0.0871,0.0022,0.0812,0.0004,0.5009,0.7920,34657.969
676,Z,H,0.2489,0.0058,0.0014,0.0007,0.0043,0.1935,0.3347,0.1350,0.0976,0.1279,0.0234,0.0612,0.0005,0.9001,1.2485,34709.291
677,H,Z,0.2527,0.0041,0.0016,0.0005,0.0026,0.1570,0.0542,0.1592,0.0576,0.0689,0.0298,0.0651,0.0004,0.5043,0.8634,34760.196
678,Z,H,0.2429,0.0042,0.0011,0.0005,0.0039,0.1734,0.2094,0.0884,0.0579,0.1080,0.0016,0.0623,0.0002,0.6448,0.9636,34811.200
679,H,Z,0.1882,0.0032,0.0009,0.0005,0.0020,0.1302,0.0487,0.1357,0.0516,0.0699,0.0010,0.0547,0.0003,0.4427,0.6956,34861.944
680,Z,H,0.2288,0.0036,0.0011,0.0005,0.0032,0.1442,0.1781,0.1120,0.0625,0.1444,0.0006,0.0625,0.0001,0.6497,0.9522,34912.938
681,H,Z,0.1996,0.0040,0.0011,0.0003,0.0023,0.1294,0.0551,0.1436,0.0569,0.0850,0.0014,0.0628,0.0002,0.4774,0.7510,34963.724
682,Z,H,0.2453,0.0045,0.0013,0.0006,0.0038,0.1673,0.2990,0.1069,0.0644,0.1449,0.0007,0.0489,0.0002,0.7896,1.0973,35014.861
683,H,Z,0.1797,0.0028,0.0008,0.0002,0.0015,0.1182,0.0442,0.1159,0.0488,0.0511,0.0125,0.0517,0.0001,0.3834,0.6346,35065.544
684,Z,H,0.2316,0.0038,0.0010,0.0004,0.0027,0.1504,0.1082,0.1001,0.0609,0.1234,0.0018,0.0707,0.0002,0.5511,0.8650,35116.456
685,H,Z,0.1965,0.0033,0.0009,0.0004,0.0018,0.1243,0.0502,0.1334,0.0516,0.0958,0.0007,0.0562,0.0001,0.4600,0.7219,35167.210
686,Z,H,0.2807,0.0041,0.0012,0.0008,0.0035,0.2116,0.2174,0.1135,0.0797,0.1590,0.0021,0.0759,0.0003,0.7926,1.1635,35218.452
687,H,Z,0.2023,0.0036,0.0009,0.0005,0.0023,0.1462,0.0659,0.1463,0.0563,0.0885,0.0209,0.0670,0.0003,0.5107,0.8105,35269.314
688,Z,H,0.2258,0.0041,0.0011,0.0003,0.0032,0.1759,0.1827,0.0878,0.0569,0.1011,0.0248,0.0470,0.0002,0.6121,0.9207,35320.276
689,H,Z,0.1807,0.0033,0.0008,0.0005,0.0019,0.1563,0.0526,0.1406,0.0552,0.0886,0.0273,0.0622,0.0001,0.5001,0.7788,35371.094
690,Z,H,0.2497,0.0059,0.0011,0.0004,0.0045,0.1696,0.2461,0.1349,0.1048,0.1315,0.0108,0.0723,0.0004,0.7976,1.1451,35422.281
691,H,Z,0.2090,0.0039,0.0014,0.0006,0.0026,0.1655,0.0635,0.1551,0.0622,0.0890,0.0110,0.0682,0.0002,0.5437,0.8427,35473.167
692,Z,H,0.2548,0.0038,0.0011,0.0004,0.0039,0.2157,0.3002,0.1147,0.0644,0.1319,0.0012,0.0610,0.0003,0.8379,1.1668,35524.377
693,H,Z,0.1866,0.0032,0.0010,0.0003,0.0022,0.1388,0.0495,0.1356,0.0503,0.0750,0.0100,0.0613,0.0002,0.4597,0.7266,35575.147
694,Z,H,0.1919,0.0027,0.0009,0.0002,0.0027,0.1393,0.2026,0.0985,0.0625,0.1237,0.0012,0.0595,0.0003,0.6353,0.8964,35626.087
695,H,Z,0.2165,0.0037,0.0009,0.0007,0.0023,0.1306,0.0534,0.1595,0.0570,0.1204,0.0012,0.0656,0.0003,0.5304,0.8240,35676.956
696,Z,H,0.1952,0.0036,0.0009,0.0003,0.0027,0.1972,0.2966,0.1452,0.0929,0.1228,0.0206,0.0635,0.0001,0.8676,1.1561,35728.153
697,H,Z,0.1893,0.0037,0.0010,0.0003,0.0020,0.1262,0.0505,0.1527,0.0566,0.0666,0.0010,0.0552,0.0001,0.4583,0.7132,35778.908
698,Z,H,0.2430,0.0055,0.0012,0.0004,0.0040,0.2476,0.2012,0.1269,0.0629,0.1286,0.0075,0.0706,0.0002,0.7775,1.1116,35830.073
699,H,Z,0.1992,0.0034,0.0013,0.0003,0.0021,0.1324,0.0536,0.1570,0.0613,0.0690,0.0094,0.0514,0.0003,0.4815,0.7512,35880.862
700,Z,H,0.2218,0.0035,0.0010,0.0003,0.0026,0.1445,0.1739,0.0950,0.0582,0.1114,0.0017,0.0561,0.0002,0.5910,0.8796,35931.786
701,H,Z,0.4137,0.0039,0.0009,0.0002,0.0018,0.1603,0.0592,0.1484,0.0536,0.0790,0.0008,0.0636,0.0001,0.5065,0.9938,35982.897
702,Z,H,0.2783,0.0051,0.0012,0.0006,0.0048,0.2058,0.2186,0.1062,0.0729,0.1111,0.0007,0.0595,0.0002,0.7227,1.0752,36034.016
703,H,Z,0.1886,0.0036,0.0010,0.0002,0.0021,0.1287,0.0492,0.1314,0.0547,0.0900,0.0078,0.0688,0.0002,0.4619,0.7361,36084.793
704,Z,H,0.2150,0.0041,0.0011,0.0005,0.0034,0.1657,0.1663,0.1019,0.0656,0.1346,0.0046,0.0816,0.0004,0.6437,0.9566,36135.854
705,H,Z,0.2082,0.0039,0.0011,0.0004,0.0024,0.1351,0.0470,0.1640,0.0793,0.0500,0.0098,0.0593,0.0002,0.4824,0.7701,36186.663
706,Z,H,0.2615,0.0040,0.0016,0.0006,0.0037,0.2219,0.2515,0.1393,0.3016,0.1563,0.0010,0.0595,0.0002,1.0830,1.4169,36238.118
707,H,Z,0.1764,0.0033,0.0008,0.0004,0.0021,0.1240,0.0453,0.1329,0.0512,0.0603,0.0009,0.0501,0.0002,0.4210,0.6569,36288.806
708,Z,H,0.2658,0.0041,0.0012,0.0004,0.0034,0.1892,0.1756,0.1180,0.1007,0.1196,0.0011,0.0660,0.0003,0.7148,1.0592,36339.926
709,H,Z,0.1955,0.0036,0.0011,0.0004,0.0023,0.1284,0.0532,0.1433,0.0551,0.0670,0.0078,0.0613,0.0003,0.4545,0.7287,36390.696
710,Z,H,0.2375,0.0045,0.0011,0.0005,0.0036,0.1609,0.2164,0.1053,0.0609,0.1140,0.0011,0.0508,0.0003,0.6651,0.9667,36441.702
711,H,Z,0.1738,0.0026,0.0007,0.0003,0.0016,0.1250,0.0530,0.1331,0.0570,0.0742,0.0011,0.0564,0.0002,0.4500,0.6883,36492.428
712,Z,H,0.2258,0.0038,0.0009,0.0005,0.0025,0.1625,0.1523,0.1224,0.0795,0.1429,0.0021,0.0740,0.0002,0.6707,0.9825,36543.456
713,H,Z,0.2211,0.0029,0.0008,0.0004,0.0016,0.1298,0.0702,0.1387,0.0551,0.0775,0.0307,0.0788,0.0003,0.4785,0.8173,36594.316
714,Z,H,0.2321,0.0043,0.0011,0.0003,0.0045,0.1777,0.2415,0.1262,0.0990,0.1414,0.0051,0.0795,0.0004,0.7953,1.1245,36645.484
715,H,Z,0.2233,0.0045,0.0014,0.0006,0.0027,0.1389,0.0562,0.1479,0.0541,0.0842,0.0011,0.0733,0.0003,0.4895,0.7998,36696.320
716,Z,H,0.2169,0.0036,0.0009,0.0003,0.0022,0.1664,0.1306,0.0965,0.0581,0.1237,0.0220,0.0564,0.0002,0.5833,0.8877,36747.255
717,H,Z,0.2055,0.0047,0.0011,0.0004,0.0028,0.1539,0.0546,0.1839,0.0861,0.0698,0.0219,0.0574,0.0002,0.5573,0.8536,36798.147
718,Z,H,0.2351,0.0039,0.0011,0.0003,0.0035,0.1644,0.2011,0.1056,0.0605,0.1364,0.0212,0.1413,0.0002,0.6776,1.0864,36849.272
719,H,Z,0.2312,0.0053,0.0011,0.0006,0.0037,0.1679,0.0597,0.2214,0.0942,0.0764,0.0021,0.0749,0.0005,0.6287,0.9506,36900.298
720,Z,H,0.3078,0.0054,0.0020,0.0009,0.0046,0.2187,0.2365,0.0933,0.0605,0.0902,0.0207,0.0534,0.0002,0.7068,1.1044,36951.442
721,H,Z,0.1728,0.0029,0.0011,0.0002,0.0017,0.1231,0.0457,0.1162,0.0487,0.0550,0.0050,0.0508,0.0002,0.3951,0.6316,37002.103
722,Z,H,0.3391,0.0032,0.0007,0.0001,0.0028,0.2285,0.1460,0.1169,0.0619,0.1250,0.0014,0.0636,0.0003,0.6863,1.0993,37053.246
723,H,Z,0.2117,0.0037,0.0010,0.0003,0.0020,0.1627,0.0504,0.1331,0.0541,0.0669,0.0009,0.0540,0.0002,0.4761,0.7520,37104.050
724,Z,H,0.2322,0.0045,0.0013,0.0005,0.0035,0.1494,0.2013,0.1181,0.0625,0.1958,0.0071,0.0685,0.0002,0.7364,1.0564,37155.154
725,H,Z,0.1933,0.0041,0.0010,0.0005,0.0019,0.1313,0.0560,0.1421,0.0559,0.0806,0.0014,0.0656,0.0002,0.4742,0.7443,37205.949
726,Z,H,0.2170,0.0044,0.0011,0.0005,0.0036,0.1476,0.1819,0.1238,0.0640,0.1433,0.0013,0.0666,0.0003,0.6706,0.9678,37256.977
727,H,Z,0.2490,0.0038,0.0012,0.0004,0.0025,0.1517,0.0522,0.1406,0.0695,0.0692,0.0011,0.0585,0.0003,0.4911,0.8101,37307.827
728,Z,H,0.2216,0.0035,0.0010,0.0005,0.0030,0.1420,0.1631,0.0893,0.0615,0.1318,0.0016,0.0770,0.0002,0.5947,0.9052,37358.782
729,H,Z,0.2230,0.0056,0.0012,0.0004,0.0029,0.1461,0.0580,0.2044,0.0922,0.0965,0.0014,0.0636,0.0004,0.6078,0.9092,37409.800
730,Z,H,0.2309,0.0038,0.0013,0.0005,0.0035,0.1848,0.1617,0.0923,0.0599,0.0967,0.0254,0.0549,0.0002,0.6030,0.9257,37460.769
731,H,Z,0.2011,0.0038,0.0010,0.0003,0.0021,0.1297,0.0537,0.1387,0.0560,0.0901,0.0013,0.0733,0.0003,0.4753,0.7606,37511.571
732,Z,H,0.2298,0.0040,0.0011,0.0005,0.0028,0.1452,0.2017,0.0924,0.0597,0.1440,0.0007,0.0642,0.0001,0.6503,0.9557,37562.561
733,H,Z,0.1960,0.0037,0.0010,0.0004,0.0025,0.1297,0.0525,0.1411,0.0555,0.0868,0.0013,0.0663,0.0003,0.4727,0.7467,37613.355
734,Z,H,0.2172,0.0043,0.0011,0.0004,0.0034,0.1615,0.1923,0.0937,0.0574,0.1329,0.0012,0.0757,0.0004,0.6458,0.9515,37664.351
735,H,Z,0.1889,0.0031,0.0010,0.0004,0.0022,0.1601,0.0568,0.1465,0.0529,0.0715,0.0218,0.0620,0.0003,0.4957,0.7772,37715.193
736,Z,H,0.2133,0.0035,0.0009,0.0003,0.0029,0.1454,0.1906,0.0940,0.0599,0.1060,0.0011,0.0471,0.0002,0.6074,0.8786,37766.133
737,H,Z,0.1902,0.0031,0.0008,0.0003,0.0022,0.1385,0.0539,0.1556,0.0540,0.0839,0.0262,0.0558,0.0002,0.4918,0.7724,37816.944
738,Z,H,0.2338,0.0049,0.0012,0.0005,0.0040,0.1630,0.2116,0.1376,0.0991,0.1179,0.0239,0.0790,0.0002,0.7394,1.0892,37868.083
739,H,Z,0.1948,0.0037,0.0014,0.0006,0.0024,0.1298,0.0552,0.1550,0.0565,0.0809,0.0254,0.0726,0.0001,0.4841,0.7870,37918.915
740,Z,H,0.2315,0.0043,0.0010,0.0003,0.0036,0.1639,0.1996,0.1198,0.0579,0.1127,0.0789,0.0658,0.0002,0.6606,1.0482,37970.004
741,H,Z,0.2019,0.0037,0.0010,0.0005,0.0021,0.1668,0.0571,0.1345,0.0842,0.0800,0.0058,0.0533,0.0004,0.5323,0.8028,38020.845
742,Z,H,0.2248,0.0037,0.0010,0.0004,0.0035,0.1548,0.1589,0.0988,0.0602,0.1216,0.0318,0.0709,0.0002,0.6036,0.9417,38071.838
743,H,Z,0.2115,0.0037,0.0011,0.0005,0.0022,0.1294,0.0527,0.1372,0.0512,0.0671,0.0013,0.0698,0.0003,0.4451,0.7375,38122.624
744,Z,H,0.2397,0.0044,0.0014,0.0005,0.0043,0.1629,0.2382,0.1327,0.0751,0.1462,0.0210,0.0824,0.0002,0.7669,1.1231,38173.792
745,H,Z,0.2074,0.0036,0.0011,0.0003,0.0025,0.1278,0.0504,0.1376,0.0551,0.0876,0.1240,0.0588,0.0002,0.4663,0.8662,38224.700
746,Z,H,0.2240,0.0044,0.0011,0.0005,0.0035,0.1553,0.1849,0.1025,0.0598,0.1194,0.0045,0.0644,0.0002,0.6302,0.9349,38275.703
747,H,Z,0.1907,0.0036,0.0009,0.0002,0.0022,0.1278,0.0493,0.1371,0.0543,0.0809,0.0267,0.0693,0.0002,0.4582,0.7540,38326.504
748,Z,H,0.2385,0.0042,0.0014,0.0003,0.0029,0.1513,0.1779,0.1011,0.0648,0.1012,0.0011,0.0415,0.0002,0.6049,0.8971,38377.441
749,H,Z,0.2157,0.0053,0.0012,0.0006,0.0034,0.1478,0.0586,0.2022,0.0931,0.0829,0.0023,0.0637,0.0003,0.5947,0.8893,38428.387
750,Z,H,0.2572,0.0038,0.0014,0.0005,0.0033,0.1694,0.1830,0.1075,0.0617,0.1370,0.0088,0.0625,0.0001,0.6660,1.0051,38479.437
751,H,Z,0.2074,0.0034,0.0011,0.0003,0.0019,0.1339,0.0529,0.1360,0.0570,0.0846,0.0095,0.0471,0.0001,0.4709,0.7437,38530.215
752,Z,H,0.2754,0.0043,0.0011,0.0005,0.0038,0.2082,0.2121,0.1075,0.0628,0.1096,0.0010,0.0734,0.0004,0.7095,1.0713,38581.328
753,H,Z,0.1899,0.0034,0.0010,0.0003,0.0020,0.1336,0.0512,0.1313,0.0554,0.1031,0.0014,0.0610,0.0003,0.4816,0.7426,38632.118
754,Z,H,0.2245,0.0044,0.0010,0.0005,0.0031,0.1433,0.1373,0.1021,0.0567,0.1312,0.0257,0.0603,0.0003,0.5799,0.9019,38683.135
755,H,Z,0.1952,0.0039,0.0010,0.0003,0.0023,0.1293,0.0521,0.1640,0.0573,0.0805,0.0194,0.0687,0.0002,0.4917,0.7846,38733.962
756,Z,H,0.2262,0.0038,0.0011,0.0004,0.0028,0.1455,0.1803,0.1116,0.0605,0.1354,0.0012,0.0603,0.0002,0.6422,0.9400,38785.119
757,H,Z,0.1876,0.0042,0.0009,0.0005,0.0030,0.1388,0.0557,0.2122,0.0888,0.0787,0.0246,0.0670,0.0001,0.5813,0.8713,38836.031
758,Z,H,0.2300,0.0046,0.0014,0.0007,0.0037,0.1472,0.2162,0.1181,0.0628,0.1447,0.0068,0.0718,0.0003,0.7000,1.0215,38887.103
759,H,Z,0.2164,0.0049,0.0013,0.0004,0.0030,0.1468,0.0598,0.2707,0.0654,0.0664,0.0008,0.0591,0.0001,0.6175,0.9060,38938.047
760,Z,H,0.2882,0.0037,0.0015,0.0003,0.0040,0.2196,0.2542,0.0990,0.0576,0.1178,0.0011,0.0568,0.0001,0.7578,1.1155,38989.202
761,H,Z,0.2290,0.0055,0.0013,0.0004,0.0037,0.1605,0.0630,0.2048,0.0947,0.0739,0.0032,0.0580,0.0003,0.6065,0.9105,39040.155
762,Z,H,0.2450,0.0039,0.0017,0.0004,0.0039,0.1636,0.1924,0.1085,0.0601,0.0996,0.0012,0.0595,0.0002,0.6340,0.9515,39091.177
763,H,Z,0.1986,0.0042,0.0011,0.0004,0.0026,0.1519,0.0750,0.1494,0.0668,0.0530,0.0061,0.0663,0.0002,0.5067,0.7881,39142.009
764,Z,H,0.2100,0.0034,0.0011,0.0004,0.0027,0.1464,0.1377,0.1064,0.0605,0.1370,0.0021,0.0670,0.0002,0.5970,0.8852,39192.942
765,H,Z,0.2448,0.0047,0.0012,0.0006,0.0028,0.1949,0.0645,0.1831,0.0733,0.0605,0.0215,0.0573,0.0003,0.5838,0.9193,39243.915
766,Z,H,0.2086,0.0043,0.0010,0.0005,0.0030,0.1433,0.1841,0.1142,0.0721,0.1085,0.0011,0.0526,0.0002,0.6302,0.9035,39294.859
767,H,Z,0.2514,0.0040,0.0013,0.0005,0.0030,0.1640,0.0563,0.1808,0.0858,0.0692,0.0011,0.0682,0.0003,0.5658,0.8977,39345.802
768,Z,H,0.2169,0.0040,0.0010,0.0004,0.0033,0.1440,0.1842,0.1035,0.0617,0.1536,0.0232,0.0650,0.0003,0.6564,0.9726,39396.832
769,H,Z,0.2486,0.0045,0.0014,0.0005,0.0027,0.1789,0.0631,0.1702,0.0845,0.0792,0.0058,0.0722,0.0004,0.5836,0.9224,39447.821
770,Z,H,0.2317,0.0041,0.0012,0.0005,0.0036,0.1551,0.1938,0.1125,0.0688,0.1243,0.0015,0.0655,0.0004,0.6662,0.9770,39498.849
771,H,Z,0.2022,0.0037,0.0008,0.0003,0.0021,0.1381,0.0538,0.1538,0.0555,0.0732,0.0093,0.0737,0.0003,0.4889,0.7831,39549.675
772,Z,H,0.2477,0.0053,0.0011,0.0006,0.0044,0.1636,0.2633,0.1360,0.1612,0.1437,0.0012,0.0596,0.0003,0.8797,1.2020,39600.923
773,H,Z,0.2110,0.0037,0.0015,0.0005,0.0029,0.1392,0.0543,0.1516,0.0698,0.0846,0.0014,0.0671,0.0003,0.5087,0.7992,39651.786
774,Z,H,0.2125,0.0037,0.0010,0.0005,0.0031,0.1601,0.1873,0.1043,0.0611,0.2041,0.0056,0.0786,0.0004,0.7254,1.0329,39702.868
775,H,Z,0.2489,0.0043,0.0012,0.0006,0.0029,0.1763,0.0556,0.1803,0.0788,0.0729,0.0092,0.0607,0.0003,0.5715,0.9018,39753.821
776,Z,H,0.2449,0.0047,0.0014,0.0006,0.0043,0.1738,0.1167,0.1134,0.0604,0.1144,0.0110,0.0630,0.0002,0.5863,0.9188,39804.782
777,H,Z,0.1801,0.0032,0.0009,0.0003,0.0020,0.1247,0.0498,0.1306,0.0508,0.0609,0.0010,0.0569,0.0003,0.4242,0.6710,39855.494
778,Z,H,0.2207,0.0037,0.0009,0.0004,0.0032,0.1427,0.1992,0.0996,0.0607,0.1196,0.0010,0.0661,0.0003,0.6294,0.9290,39906.457
779,H,Z,0.2218,0.0037,0.0009,0.0005,0.0024,0.1310,0.0514,0.1445,0.0569,0.0734,0.0012,0.0667,0.0003,0.4659,0.7654,39957.260
780,Z,H,0.2519,0.0054,0.0012,0.0005,0.0047,0.1873,0.1775,0.1369,0.1043,0.1174,0.0014,0.0584,0.0003,0.7319,1.0582,40008.371
781,H,Z,0.3290,0.0068,0.0012,0.0005,0.0038,0.2224,0.0575,0.1619,0.0560,0.0965,0.0010,0.0682,0.0002,0.6027,1.0157,40059.422
782,Z,H,0.2694,0.0045,0.0020,0.0005,0.0053,0.2042,0.2335,0.1187,0.0795,0.1150,0.0025,0.0597,0.0003,0.7638,1.1105,40110.588
783,H,Z,0.2181,0.0045,0.0012,0.0005,0.0026,0.1412,0.0530,0.1916,0.0890,0.0648,0.0124,0.0538,0.0003,0.5472,0.8434,40161.488
784,Z,H,0.2847,0.0038,0.0019,0.0004,0.0044,0.1782,0.1903,0.1214,0.0609,0.1251,0.0292,0.0692,0.0003,0.6864,1.0826,40212.626
785,H,Z,0.2226,0.0055,0.0013,0.0006,0.0036,0.1482,0.0610,0.2017,0.0909,0.0882,0.0116,0.0619,0.0003,0.5985,0.9083,40263.582
786,Z,H,0.2954,0.0053,0.0019,0.0005,0.0061,0.1818,0.2737,0.1471,0.1222,0.1561,0.0018,0.0897,0.0004,0.8913,1.2947,40314.925
787,H,Z,0.1913,0.0038,0.0011,0.0004,0.0020,0.1281,0.0526,0.1361,0.0565,0.0958,0.0343,0.0634,0.0001,0.4749,0.7733,40365.739
788,Z,H,0.2475,0.0044,0.0012,0.0005,0.0039,0.1614,0.1906,0.1021,0.0610,0.1269,0.0018,0.0648,0.0005,0.6532,0.9797,40416.769
789,H,Z,0.2310,0.0053,0.0014,0.0005,0.0031,0.1555,0.0566,0.1862,0.0903,0.0693,0.0015,0.0748,0.0003,0.5657,0.8861,40467.702
790,Z,H,0.2357,0.0037,0.0014,0.0002,0.0038,0.1705,0.1871,0.0984,0.0627,0.1046,0.0329,0.0532,0.0001,0.6311,0.9639,40518.706
791,H,Z,0.1875,0.0035,0.0010,0.0003,0.0022,0.1354,0.0532,0.1361,0.0555,0.0728,0.0011,0.0623,0.0003,0.4614,0.7218,40569.466
792,Z,H,0.2217,0.0038,0.0010,0.0002,0.0030,0.1427,0.1975,0.0966,0.0610,0.1250,0.0011,0.0600,0.0002,0.6320,0.9249,40620.463
793,H,Z,0.1960,0.0036,0.0010,0.0004,0.0021,0.1257,0.0542,0.1291,0.0557,0.0793,0.0011,0.0629,0.0002,0.4515,0.7208,40671.222
794,Z,H,0.2729,0.0045,0.0012,0.0004,0.0037,0.2133,0.1937,0.0938,0.0558,0.0925,0.0011,0.0575,0.0002,0.6563,0.9998,40722.269
795,H,Z,0.1631,0.0030,0.0007,0.0002,0.0017,0.1524,0.0480,0.1154,0.0552,0.0579,0.0006,0.0584,0.0001,0.4337,0.6629,40773.014
796,Z,H,0.2501,0.0032,0.0008,0.0003,0.0032,0.1573,0.0923,0.0939,0.0729,0.0896,0.0098,0.0476,0.0002,0.5131,0.8298,40823.876
797,H,Z,0.2067,0.0039,0.0008,0.0003,0.0027,0.1434,0.0517,0.1860,0.0915,0.1021,0.0233,0.0544,0.0002,0.5819,0.8762,40874.790
798,Z,H,0.2221,0.0040,0.0011,0.0003,0.0037,0.1575,0.1457,0.0852,0.0580,0.0844,0.0009,0.0521,0.0001,0.5383,0.8248,40925.682
799,H,Z,0.2201,0.0046,0.0013,0.0003,0.0032,0.1470,0.0584,0.2051,0.0909,0.0786,0.0247,0.0746,0.0003,0.5863,0.9177,40976.641
800,Z,H,0.2387,0.0041,0.0015,0.0007,0.0040,0.1600,0.1836,0.1058,0.0614,0.1122,0.0006,0.0580,0.0002,0.6295,0.9398,41027.643
801,H,Z,0.1902,0.0032,0.0010,0.0003,0.0018,0.1248,0.0499,0.1290,0.0506,0.0772,0.0050,0.0579,0.0002,0.4384,0.6999,41078.383
802,Z,H,0.2435,0.0042,0.0011,0.0003,0.0037,0.1635,0.1454,0.1170,0.0956,0.1148,0.0201,0.0471,0.0001,0.6459,0.9678,41129.402
803,H,Z,0.2061,0.0036,0.0011,0.0004,0.0022,0.1289,0.0528,0.1420,0.0568,0.0833,0.0013,0.0691,0.0003,0.4722,0.7587,41180.199
804,Z,H,0.2351,0.0040,0.0012,0.0006,0.0037,0.1592,0.1780,0.1094,0.0641,0.1480,0.0140,0.0671,0.0003,0.6668,0.9950,41231.262
805,H,Z,0.1986,0.0036,0.0012,0.0005,0.0023,0.1348,0.0531,0.1418,0.0563,0.0947,0.0013,0.0639,0.0003,0.4889,0.7628,41282.068
806,Z,H,0.2444,0.0046,0.0011,0.0004,0.0034,0.1718,0.2223,0.1288,0.1051,0.1169,0.0240,0.0673,0.0002,0.7537,1.1010,41333.209
807,H,Z,0.2197,0.0054,0.0010,0.0007,0.0034,0.1562,0.0564,0.2686,0.0667,0.0805,0.0046,0.0768,0.0001,0.6389,0.9534,41384.206
808,Z,H,0.2403,0.0052,0.0009,0.0007,0.0042,0.1796,0.2747,0.1232,0.1030,0.1263,0.0051,0.0627,0.0004,0.8173,1.1390,41435.413
809,H,Z,0.2073,0.0038,0.0013,0.0005,0.0027,0.1329,0.0513,0.1562,0.0619,0.0709,0.0230,0.0556,0.0003,0.4813,0.7778,41486.229
810,Z,H,0.2658,0.0044,0.0013,0.0005,0.0035,0.1821,0.1995,0.0980,0.0611,0.1095,0.0007,0.0616,0.0003,0.6606,1.0008,41537.281
811,H,Z,0.1818,0.0032,0.0011,0.0003,0.0021,0.1325,0.0494,0.1312,0.0508,0.0749,0.0013,0.0508,0.0001,0.4453,0.6879,41588.003
812,Z,H,0.2456,0.0052,0.0011,0.0006,0.0041,0.1663,0.1680,0.1378,0.0968,0.1277,0.0106,0.0607,0.0002,0.7069,1.0369,41639.092
813,H,Z,0.2002,0.0030,0.0008,0.0004,0.0019,0.1336,0.0460,0.1251,0.0504,0.0566,0.0328,0.0538,0.0002,0.4178,0.7127,41689.838
814,Z,H,0.2141,0.0037,0.0012,0.0004,0.0042,0.1960,0.2553,0.1313,0.0788,0.1096,0.0225,0.0725,0.0003,0.7807,1.1014,41741.000
815,H,Z,0.2249,0.0040,0.0010,0.0003,0.0023,0.1421,0.0579,0.1370,0.0668,0.0506,0.0010,0.0466,0.0002,0.4609,0.7430,41791.789
816,Z,H,0.2067,0.0040,0.0012,0.0003,0.0032,0.1420,0.1826,0.1015,0.0637,0.1302,0.0111,0.0621,0.0003,0.6274,0.9182,41842.745
817,H,Z,0.1839,0.0036,0.0009,0.0003,0.0028,0.1300,0.0509,0.1339,0.0583,0.0568,0.0009,0.0469,0.0002,0.4365,0.6779,41893.460
818,Z,H,0.2288,0.0035,0.0009,0.0004,0.0031,0.1722,0.1772,0.0830,0.0543,0.0998,0.0551,0.0610,0.0001,0.5930,0.9478,41944.468
819,H,Z,0.2191,0.0050,0.0010,0.0004,0.0034,0.2085,0.0647,0.1802,0.0660,0.0686,0.0334,0.0601,0.0002,0.5966,0.9214,41995.437
820,Z,H,0.2673,0.0056,0.0013,0.0005,0.0048,0.1754,0.2609,0.1403,0.1121,0.1183,0.0012,0.0703,0.0003,0.8156,1.1691,42046.665
821,H,Z,0.2238,0.0040,0.0016,0.0004,0.0025,0.1377,0.0620,0.1279,0.0719,0.0660,0.0010,0.0506,0.0003,0.4723,0.7584,42097.461
822,Z,H,0.2077,0.0033,0.0009,0.0004,0.0024,0.1586,0.1331,0.0891,0.0553,0.0842,0.0013,0.0714,0.0004,0.5344,0.8243,42148.340
823,H,Z,0.1732,0.0030,0.0008,0.0003,0.0017,0.1365,0.0514,0.1333,0.0513,0.0763,0.0273,0.0607,0.0003,0.4567,0.7256,42199.102
824,Z,H,0.2243,0.0047,0.0013,0.0005,0.0036,0.1639,0.1170,0.1514,0.0704,0.1331,0.0012,0.0588,0.0003,0.6470,0.9436,42250.151
825,H,Z,0.1860,0.0037,0.0012,0.0003,0.0021,0.1269,0.0498,0.1421,0.0550,0.0707,0.0018,0.0787,0.0002,0.4533,0.7289,42300.932
826,Z,H,0.2783,0.0040,0.0012,0.0003,0.0038,0.1920,0.2038,0.1192,0.0632,0.1403,0.0011,0.0579,0.0002,0.7267,1.0759,42352.062
827,H,Z,0.2224,0.0047,0.0011,0.0005,0.0033,0.1477,0.0569,0.2220,0.0930,0.0760,0.0317,0.0596,0.0003,0.6040,0.9298,42403.038
828,Z,H,0.3175,0.0042,0.0019,0.0005,0.0045,0.2302,0.2421,0.1350,0.0771,0.1311,0.0073,0.0798,0.0003,0.8262,1.2443,42454.329
829,H,Z,0.2513,0.0039,0.0011,0.0005,0.0025,0.1316,0.0573,0.1460,0.0532,0.0770,0.0252,0.0616,0.0001,0.4722,0.8206,42505.217
830,Z,H,0.2101,0.0041,0.0010,0.0005,0.0029,0.1446,0.1698,0.0989,0.0604,0.1148,0.0021,0.0709,0.0003,0.5983,0.8923,42556.153
831,H,Z,0.2020,0.0042,0.0012,0.0005,0.0029,0.1274,0.0574,0.1523,0.0588,0.0738,0.0013,0.0691,0.0002,0.4818,0.7654,42606.961
832,Z,H,0.2202,0.0039,0.0009,0.0005,0.0032,0.1418,0.1955,0.1201,0.0623,0.1385,0.0012,0.0720,0.0003,0.6670,0.9715,42657.987
833,H,Z,0.2291,0.0040,0.0011,0.0003,0.0026,0.1825,0.0564,0.1650,0.3204,0.0955,0.0275,0.0626,0.0003,0.8277,1.1577,42709.187
834,Z,H,0.2342,0.0042,0.0012,0.0004,0.0034,0.1670,0.1115,0.1003,0.0592,0.1262,0.0019,0.1307,0.0002,0.5751,0.9535,42760.181
835,H,Z,0.2151,0.0041,0.0012,0.0007,0.0025,0.1801,0.0678,0.1696,0.0684,0.0727,0.0248,0.0527,0.0003,0.5665,0.8698,42811.106
836,Z,H,0.2533,0.0050,0.0011,0.0005,0.0044,0.1662,0.2934,0.1286,0.1024,0.1345,0.0011,0.0569,0.0003,0.8339,1.1586,42862.320
837,H,Z,0.2501,0.0036,0.0013,0.0004,0.0023,0.1476,0.0580,0.1483,0.0569,0.0748,0.0248,0.0612,0.0003,0.4928,0.8385,42913.199
838,Z,H,0.2180,0.0042,0.0011,0.0005,0.0036,0.1731,0.1845,0.1043,0.0659,0.1207,0.0018,0.0816,0.0002,0.6572,0.9701,42964.223
839,H,Z,0.1853,0.0033,0.0009,0.0003,0.0019,0.1417,0.0594,0.1442,0.0550,0.0750,0.0130,0.0714,0.0002,0.4826,0.7610,43015.027
840,Z,H,0.2678,0.0030,0.0008,0.0004,0.0025,0.1596,0.1970,0.0949,0.0554,0.0820,0.0011,0.0497,0.0002,0.5966,0.9238,43065.996
841,H,Z,0.1654,0.0024,0.0007,0.0002,0.0019,0.1217,0.0437,0.1147,0.0613,0.0599,0.0009,0.0538,0.0002,0.4076,0.6346,43116.670
842,Z,H,0.2208,0.0036,0.0009,0.0003,0.0035,0.2576,0.1365,0.1076,0.0626,0.1069,0.0347,0.0670,0.0003,0.6806,1.0135,43167.732
843,H,Z,0.1963,0.0043,0.0011,0.0005,0.0023,0.1453,0.0606,0.1420,0.0546,0.0763,0.0283,0.0706,0.0002,0.4871,0.7927,43218.582
844,Z,H,0.3407,0.0044,0.0011,0.0002,0.0034,0.2026,0.2111,0.1022,0.0592,0.1523,0.0014,0.0807,0.0003,0.7368,1.1772,43269.807
845,H,Z,0.2056,0.0034,0.0010,0.0003,0.0021,0.1453,0.0675,0.1460,0.0584,0.1061,0.0047,0.0602,0.0002,0.5312,0.8108,43320.662
846,Z,H,0.2057,0.0040,0.0012,0.0002,0.0035,0.1511,0.1054,0.0994,0.0586,0.1446,0.0063,0.0680,0.0002,0.5680,0.8591,43371.580
847,H,Z,0.2091,0.0038,0.0010,0.0004,0.0019,0.1301,0.0556,0.1396,0.0564,0.0691,0.0151,0.0840,0.0004,0.4586,0.7766,43422.403
848,Z,H,0.2161,0.0035,0.0012,0.0002,0.0026,0.1671,0.1544,0.0948,0.0637,0.1232,0.0097,0.0597,0.0002,0.6127,0.9077,43473.354
849,H,Z,0.1825,0.0033,0.0010,0.0003,0.0021,0.1325,0.0489,0.1336,0.0531,0.0654,0.0006,0.0601,0.0001,0.4395,0.6914,43524.077
850,Z,H,0.2230,0.0044,0.0009,0.0002,0.0029,0.1426,0.1824,0.1007,0.0527,0.0876,0.0010,0.0389,0.0002,0.5732,0.8462,43574.971
851,H,Z,0.1937,0.0052,0.0013,0.0004,0.0029,0.2002,0.0533,0.1541,0.0673,0.0752,0.0206,0.0607,0.0002,0.5597,0.8468,43625.861
852,Z,H,0.2424,0.0044,0.0010,0.0007,0.0035,0.1732,0.1442,0.0983,0.0747,0.1692,0.0020,0.0796,0.0003,0.6697,1.0059,43676.924
853,H,Z,0.1982,0.0047,0.0010,0.0006,0.0029,0.1420,0.0482,0.2087,0.1078,0.1019,0.1759,0.0842,0.0004,0.6193,1.0896,43728.064
854,Z,H,0.2410,0.0045,0.0015,0.0008,0.0036,0.1561,0.2027,0.1144,0.0632,0.1434,0.0016,0.0841,0.0004,0.6900,1.0297,43779.153
855,H,Z,0.2726,0.0044,0.0012,0.0007,0.0029,0.1891,0.0597,0.1614,0.0626,0.0790,0.0011,0.0750,0.0003,0.5580,0.9188,43830.118
856,Z,H,0.2189,0.0034,0.0009,0.0003,0.0029,0.1469,0.2269,0.1013,0.0632,0.1368,0.0006,0.0691,0.0001,0.6828,0.9811,43881.144
857,H,Z,0.1832,0.0038,0.0010,0.0003,0.0023,0.1277,0.0490,0.1547,0.0545,0.0702,0.0208,0.0795,0.0003,0.4647,0.7580,43931.980
858,Z,H,0.2742,0.0041,0.0012,0.0005,0.0038,0.2099,0.2322,0.0976,0.0631,0.1062,0.0188,0.0871,0.0003,0.7187,1.1105,43983.185
859,H,Z,0.1935,0.0036,0.0009,0.0004,0.0020,0.1285,0.0501,0.1508,0.0540,0.0668,0.0013,0.0680,0.0003,0.4578,0.7300,44033.973
860,Z,H,0.2454,0.0053,0.0012,0.0004,0.0034,0.1739,0.2151,0.1339,0.1112,0.1157,0.0212,0.0566,0.0002,0.7595,1.0948,44085.110
861,H,Z,0.2205,0.0037,0.0014,0.0004,0.0024,0.1349,0.0547,0.1573,0.0558,0.0781,0.0020,0.0757,0.0002,0.4888,0.7973,44136.024
862,Z,H,0.2125,0.0041,0.0012,0.0004,0.0036,0.1689,0.1995,0.1011,0.0591,0.1306,0.0013,0.0672,0.0003,0.6675,0.9602,44187.036
863,H,Z,0.1853,0.0036,0.0011,0.0003,0.0021,0.1263,0.0511,0.1308,0.0706,0.0964,0.0011,0.0651,0.0002,0.4821,0.7428,44237.823
864,Z,H,0.2122,0.0045,0.0009,0.0004,0.0036,0.1612,0.2222,0.1125,0.1165,0.1638,0.0013,0.0752,0.0004,0.7864,1.0869,44288.965
865,H,Z,0.2196,0.0040,0.0012,0.0006,0.0023,0.1333,0.0564,0.1505,0.0624,0.0761,0.0012,0.0630,0.0003,0.4869,0.7813,44339.788
866,Z,H,0.2819,0.0064,0.0014,0.0007,0.0054,0.1862,0.2274,0.1593,0.1074,0.1435,0.0023,0.0789,0.0006,0.8377,1.2177,44391.085
867,H,Z,0.2374,0.0049,0.0017,0.0008,0.0032,0.1384,0.0445,0.1399,0.0490,0.0572,0.0074,0.0600,0.0002,0.4369,0.7548,44441.882
868,Z,H,0.2750,0.0041,0.0012,0.0004,0.0043,0.2490,0.1860,0.2520,0.1316,0.1240,0.0018,0.0626,0.0004,0.9544,1.3061,44493.246
869,H,Z,0.2041,0.0042,0.0010,0.0004,0.0022,0.1467,0.0566,0.1489,0.0545,0.0489,0.0114,0.0587,0.0002,0.4624,0.7467,44544.045
870,Z,H,0.2127,0.0040,0.0010,0.0004,0.0034,0.1533,0.1909,0.0895,0.0572,0.1195,0.0057,0.0710,0.0002,0.6183,0.9187,44595.003
871,H,Z,0.2206,0.0056,0.0011,0.0006,0.0035,0.1451,0.0604,0.2215,0.0897,0.0826,0.0138,0.0748,0.0005,0.6085,0.9316,44645.975
872,Z,H,0.2545,0.0042,0.0017,0.0005,0.0038,0.1595,0.1680,0.1175,0.0622,0.1369,0.0086,0.0916,0.0004,0.6553,1.0225,44697.052
873,H,Z,0.2081,0.0043,0.0009,0.0006,0.0023,0.1350,0.0558,0.1637,0.0567,0.0818,0.0013,0.0783,0.0003,0.4999,0.7982,44747.893
874,Z,H,0.2186,0.0039,0.0010,0.0005,0.0030,0.1665,0.1920,0.1021,0.0754,0.1401,0.0246,0.0722,0.0002,0.6853,1.0113,44798.947
875,H,Z,0.2228,0.0039,0.0011,0.0004,0.0025,0.1366,0.0539,0.1493,0.0739,0.0971,0.1083,0.0827,0.0004,0.5201,0.9448,44849.950
876,Z,H,0.2403,0.0041,0.0011,0.0006,0.0032,0.1572,0.1116,0.1040,0.0867,0.1198,0.0009,0.0712,0.0001,0.5878,0.9115,44900.906
877,H,Z,0.2287,0.0040,0.0010,0.0005,0.0023,0.1309,0.0572,0.1386,0.0556,0.0880,0.0195,0.0880,0.0003,0.4786,0.8256,44951.774
878,Z,H,0.2301,0.0043,0.0010,0.0005,0.0032,0.1462,0.1629,0.1024,0.0619,0.1241,0.0012,0.0738,0.0003,0.6066,0.9229,45002.760
879,H,Z,0.1815,0.0034,0.0010,0.0005,0.0017,0.1261,0.0465,0.1259,0.0507,0.0579,0.0283,0.0514,0.0001,0.4126,0.6824,45053.473
880,Z,H,0.2075,0.0029,0.0008,0.0003,0.0026,0.1651,0.1747,0.0993,0.0623,0.1299,0.0008,0.0608,0.0001,0.6388,0.9162,45104.429
881,H,Z,0.2178,0.0035,0.0009,0.0004,0.0024,0.1345,0.0533,0.1461,0.0553,0.1747,0.0034,0.0773,0.0004,0.5727,0.8808,45155.349
882,Z,H,0.2200,0.0037,0.0010,0.0005,0.0104,0.1639,0.1726,0.1072,0.0615,0.1266,0.0232,0.0569,0.0003,0.6415,0.9600,45206.362
883,H,Z,0.2538,0.0040,0.0012,0.0006,0.0030,0.1799,0.0655,0.1842,0.0741,0.0984,0.0098,0.0799,0.0003,0.6117,0.9669,45257.380
884,Z,H,0.2298,0.0031,0.0009,0.0005,0.0028,0.1398,0.1015,0.0870,0.0561,0.1124,0.0008,0.0651,0.0001,0.5033,0.8084,45308.233
885,H,Z,0.2303,0.0053,0.0013,0.0007,0.0034,0.1585,0.0577,0.2087,0.0932,0.0839,0.0013,0.0642,0.0004,0.6107,0.9202,45359.198
886,Z,H,0.2594,0.0059,0.0014,0.0007,0.0045,0.1747,0.1380,0.1201,0.0989,0.1298,0.0013,0.0646,0.0003,0.6719,1.0122,45410.260
887,H,Z,0.1861,0.0037,0.0012,0.0004,0.0022,0.1426,0.0560,0.1473,0.0550,0.0826,0.0007,0.0627,0.0001,0.4890,0.7479,45461.042
888,Z,H,0.2514,0.0045,0.0011,0.0005,0.0036,0.1682,0.1451,0.1146,0.0674,0.1433,0.0013,0.0827,0.0003,0.6496,0.9973,45512.109
889,H,Z,0.1937,0.0037,0.0010,0.0004,0.0024,0.1296,0.0539,0.1567,0.0569,0.0784,0.0012,0.0735,0.0003,0.4843,0.7627,45562.919
890,Z,H,0.2347,0.0041,0.0011,0.0005,0.0032,0.1598,0.1905,0.1163,0.0635,0.1122,0.0058,0.0727,0.0004,0.6522,0.9765,45613.951
891,H,Z,0.1953,0.0037,0.0010,0.0005,0.0023,0.1279,0.0534,0.1351,0.0545,0.0938,0.0012,0.0742,0.0003,0.4715,0.7520,45664.769
892,Z,H,0.2237,0.0037,0.0010,0.0005,0.0032,0.1449,0.2015,0.1010,0.0600,0.1732,0.0012,0.0611,0.0003,0.6906,0.9870,45715.802
893,H,Z,0.1945,0.0036,0.0012,0.0004,0.0024,0.1265,0.0515,0.1642,0.0736,0.0778,0.0120,0.0597,0.0003,0.5031,0.7790,45766.631
894,Z,H,0.2371,0.0048,0.0012,0.0003,0.0037,0.1582,0.1861,0.1055,0.0631,0.1181,0.0276,0.0707,0.0003,0.6391,0.9867,45817.662
895,H,Z,0.2611,0.0049,0.0013,0.0006,0.0027,0.1776,0.0624,0.1800,0.0764,0.0923,0.0038,0.0824,0.0003,0.5997,0.9596,45868.673
896,Z,H,0.2484,0.0056,0.0012,0.0008,0.0046,0.1715,0.2566,0.1453,0.1511,0.1269,0.0010,0.0800,0.0003,0.8602,1.2049,45919.946
897,H,Z,0.2667,0.0053,0.0013,0.0006,0.0034,0.1663,0.0558,0.1596,0.0605,0.0749,0.0021,0.0799,0.0002,0.5261,0.8887,45970.880
898,Z,H,0.2459,0.0053,0.0013,0.0005,0.0042,0.1608,0.2726,0.1423,0.0986,0.1619,0.0022,0.0738,0.0003,0.8475,1.1829,46022.116
899,H,Z,0.2262,0.0050,0.0019,0.0005,0.0026,0.1511,0.0705,0.4138,0.1002,0.1022,0.0013,0.0643,0.0003,0.8488,1.1533,46073.321
900,Z,H,0.2168,0.0043,0.0012,0.0005,0.0031,0.1824,0.1899,0.1155,0.0637,0.1116,0.0210,0.0553,0.0003,0.6707,0.9751,46124.345
901,H,Z,0.1861,0.0036,0.0009,0.0002,0.0018,0.1328,0.0477,0.1300,0.0535,0.0816,0.0120,0.0756,0.0003,0.4551,0.7374,46175.122
902,Z,H,0.2477,0.0058,0.0010,0.0005,0.0043,0.1677,0.2771,0.1156,0.0982,0.1083,0.0010,0.0547,0.0004,0.7769,1.0947,46226.269
903,H,Z,0.2332,0.0058,0.0016,0.0009,0.0040,0.1687,0.0598,0.2212,0.0965,0.0656,0.0052,0.0737,0.0005,0.6211,0.9493,46277.271
904,Z,H,0.2227,0.0041,0.0014,0.0005,0.0034,0.1843,0.1358,0.1102,0.0648,0.1384,0.0261,0.0627,0.0003,0.6434,0.9663,46328.281
905,H,Z,0.2498,0.0045,0.0013,0.0004,0.0028,0.3338,0.0679,0.2157,0.0935,0.1094,0.0012,0.0773,0.0003,0.8295,1.1697,46379.490
906,Z,H,0.2246,0.0047,0.0011,0.0005,0.0036,0.1828,0.2110,0.1084,0.0610,0.1393,0.0013,0.0579,0.0003,0.7116,1.0077,46430.548
907,H,Z,0.2535,0.0044,0.0010,0.0005,0.0023,0.1687,0.0554,0.1486,0.0758,0.0858,0.0011,0.0541,0.0003,0.5422,0.8621,46481.457
908,Z,H,0.2247,0.0048,0.0010,0.0004,0.0031,0.1452,0.1902,0.1032,0.0618,0.1507,0.0011,0.0734,0.0002,0.6587,0.9697,46532.475
909,H,Z,0.2002,0.0040,0.0012,0.0004,0.0022,0.1297,0.0538,0.1442,0.0551,0.0728,0.0012,0.0503,0.0003,0.4627,0.7244,46583.256
910,Z,H,0.2286,0.0047,0.0011,0.0005,0.0037,0.1557,0.1868,0.0999,0.0622,0.1215,0.0008,0.0527,0.0001,0.6354,0.9294,46634.231
911,H,Z,0.2098,0.0042,0.0012,0.0006,0.0030,0.1919,0.0621,0.1751,0.0739,0.0848,0.0012,0.0657,0.0004,0.5970,0.8855,46685.166
912,Z,H,0.2207,0.0042,0.0011,0.0004,0.0035,0.1792,0.2117,0.1047,0.0581,0.1465,0.0036,0.0604,0.0003,0.7085,1.0043,46736.213
913,H,Z,0.1917,0.0038,0.0012,0.0004,0.0025,0.1321,0.0608,0.1400,0.0559,0.0816,0.0116,0.0724,0.0003,0.4778,0.7637,46787.016
914,Z,H,0.2371,0.0043,0.0011,0.0005,0.0038,0.1589,0.2062,0.1033,0.0634,0.1258,0.0239,0.0742,0.0002,0.6673,1.0143,46838.082
915,H,Z,0.2189,0.0036,0.0011,0.0004,0.0024,0.1367,0.0528,0.1424,0.0523,0.0719,0.0044,0.0709,0.0002,0.4631,0.7673,46888.897
916,Z,H,0.2197,0.0047,0.0009,0.0005,0.0030,0.1472,0.1074,0.1004,0.0596,0.1529,0.0035,0.0596,0.0003,0.5762,0.8703,46939.812
917,H,Z,0.1995,0.0036,0.0009,0.0005,0.0023,0.1417,0.0615,0.1343,0.0546,0.0708,0.0007,0.0650,0.0001,0.4687,0.7434,46990.589
918,Z,H,0.2304,0.0039,0.0010,0.0004,0.0031,0.1457,0.1763,0.0968,0.0577,0.1152,0.0221,0.0608,0.0003,0.5989,0.9305,47041.558
919,H,Z,0.2010,0.0041,0.0010,0.0004,0.0023,0.1315,0.0546,0.1410,0.0557,0.0918,0.0136,0.0593,0.0002,0.4815,0.7657,47092.365
920,Z,H,0.2378,0.0038,0.0011,0.0006,0.0031,0.1655,0.1238,0.1092,0.0574,0.1091,0.0010,0.0664,0.0002,0.5745,0.8905,47143.295
921,H,Z,0.1891,0.0034,0.0009,0.0005,0.0021,0.1432,0.0514,0.1390,0.0512,0.0660,0.0073,0.0703,0.0004,0.4590,0.7349,47194.079
922,Z,H,0.2277,0.0046,0.0017,0.0006,0.0034,0.1466,0.1119,0.1054,0.0615,0.1215,0.0013,0.0617,0.0004,0.5567,0.8608,47244.988
923,H,Z,0.1898,0.0038,0.0010,0.0005,0.0024,0.1294,0.0536,0.1397,0.0563,0.0811,0.0281,0.0633,0.0003,0.4676,0.7591,47295.794
924,Z,H,0.2512,0.0054,0.0012,0.0006,0.0044,0.1698,0.2401,0.2100,0.1274,0.1294,0.0207,0.0616,0.0003,0.8919,1.2396,47347.083
925,H,Z,0.2128,0.0039,0.0012,0.0006,0.0026,0.1353,0.0585,0.1705,0.0547,0.0841,0.2020,0.0561,0.0004,0.5136,0.9960,47398.134
926,Z,H,0.2198,0.0038,0.0010,0.0005,0.0035,0.1460,0.1258,0.1047,0.0611,0.1223,0.0015,0.0594,0.0003,0.5690,0.8606,47449.057
927,H,Z,0.2013,0.0037,0.0010,0.0004,0.0025,0.1309,0.0517,0.1471,0.0536,0.0813,0.0086,0.0780,0.0003,0.4731,0.7710,47499.923
928,Z,H,0.2295,0.0043,0.0010,0.0009,0.0031,0.1465,0.1115,0.1022,0.0743,0.1421,0.0013,0.0628,0.0003,0.5851,0.8908,47550.873
929,H,Z,0.2362,0.0037,0.0010,0.0005,0.0024,0.1312,0.0546,0.1395,0.0568,0.0954,0.0084,0.0758,0.0003,0.4863,0.8168,47601.752
930,Z,H,0.2338,0.0047,0.0010,0.0005,0.0031,0.1643,0.1784,0.1037,0.0609,0.1340,0.0021,0.0719,0.0004,0.6509,0.9703,47652.774
931,H,Z,0.1808,0.0034,0.0009,0.0003,0.0020,0.1245,0.0456,0.1703,0.0590,0.0882,0.0013,0.0665,0.0003,0.4962,0.7535,47703.566
932,Z,H,0.2402,0.0040,0.0010,0.0005,0.0027,0.1655,0.1460,0.1077,0.0597,0.1279,0.0012,0.0726,0.0002,0.6151,0.9399,47754.553
933,H,Z,0.2292,0.0052,0.0013,0.0006,0.0038,0.1530,0.0561,0.1915,0.0842,0.0984,0.0031,0.0645,0.0004,0.5921,0.9025,47805.505
934,Z,H,0.2440,0.0039,0.0011,0.0004,0.0031,0.1456,0.1935,0.1079,0.0607,0.1470,0.0022,0.0776,0.0003,0.6655,0.9999,47856.565
935,H,Z,0.2080,0.0036,0.0011,0.0005,0.0020,0.1263,0.0546,0.1390,0.0544,0.0829,0.0046,0.0786,0.0002,0.4669,0.7677,47907.378
936,Z,H,0.2737,0.0041,0.0010,0.0005,0.0033,0.1636,0.2281,0.1081,0.0611,0.1093,0.0260,0.0642,0.0003,0.6790,1.0541,47958.478
937,H,Z,0.2212,0.0039,0.0009,0.0006,0.0025,0.1319,0.0511,0.1455,0.0541,0.0800,0.0012,0.0546,0.0003,0.4697,0.7572,48009.290
938,Z,H,0.2066,0.0035,0.0011,0.0004,0.0031,0.1556,0.1943,0.1022,0.0597,0.1263,0.0102,0.0588,0.0003,0.6450,0.9306,48060.265
939,H,Z,0.2252,0.0058,0.0013,0.0006,0.0031,0.1618,0.0596,0.2025,0.0915,0.0622,0.0330,0.0671,0.0002,0.5842,0.9230,48111.229
940,Z,H,0.2496,0.0054,0.0011,0.0004,0.0043,0.1785,0.2547,0.1302,0.1038,0.1296,0.0163,0.0648,0.0004,0.8078,1.1521,48162.447
941,H,Z,0.2124,0.0041,0.0013,0.0004,0.0028,0.1308,0.0557,0.1464,0.0604,0.0723,0.0310,0.0648,0.0002,0.4746,0.7938,48213.336
942,Z,H,0.2688,0.0054,0.0013,0.0006,0.0046,0.1698,0.2517,0.1349,0.1037,0.1415,0.0176,0.0744,0.0003,0.8137,1.1890,48264.578
943,H,Z,0.2623,0.0063,0.0022,0.0008,0.0039,0.1661,0.0637,0.2171,0.0989,0.0861,0.0339,0.0991,0.0008,0.6429,1.0550,48315.688
944,Z,H,0.2237,0.0042,0.0010,0.0006,0.0039,0.1681,0.2221,0.1155,0.0583,0.1466,0.0200,0.0807,0.0004,0.7216,1.0585,48366.821
945,H,Z,0.2309,0.0052,0.0011,0.0006,0.0034,0.1497,0.0566,0.2027,0.0923,0.0831,0.0290,0.0556,0.0004,0.5929,0.9214,48417.788
946,Z,H,0.2687,0.0046,0.0013,0.0006,0.0032,0.2129,0.2339,0.2929,0.1674,0.1257,0.0310,0.0524,0.0003,1.0435,1.4078,48469.240
947,H,Z,0.1876,0.0033,0.0008,0.0004,0.0019,0.1257,0.0540,0.1437,0.0521,0.0502,0.0210,0.0503,0.0002,0.4326,0.7000,48519.979
948,Z,H,0.2026,0.0032,0.0008,0.0004,0.0025,0.1450,0.1694,0.1217,0.0686,0.1338,0.0014,0.0750,0.0003,0.6487,0.9366,48570.958
949,H,Z,0.2245,0.0051,0.0014,0.0006,0.0038,0.1460,0.0599,0.2191,0.0567,0.0666,0.0106,0.0495,0.0002,0.5561,0.8550,48621.855
950,Z,H,0.2182,0.0036,0.0011,0.0004,0.0029,0.1446,0.1755,0.0970,0.0620,0.1612,0.0042,0.0620,0.0003,0.6502,0.9445,48672.843
951,H,Z,0.1670,0.0037,0.0008,0.0004,0.0019,0.1220,0.0470,0.1223,0.0546,0.1081,0.0054,0.0818,0.0003,0.4628,0.7256,48723.625
952,Z,H,0.2337,0.0039,0.0011,0.0005,0.0030,0.1549,0.1875,0.0986,0.0578,0.1261,0.0014,0.0707,0.0003,0.6332,0.9499,48774.631
953,H,Z,0.2028,0.0036,0.0010,0.0006,0.0025,0.1312,0.0569,0.1346,0.0526,0.0810,0.0012,0.0670,0.0004,0.4651,0.7465,48825.416
954,Z,H,0.2145,0.0040,0.0010,0.0008,0.0033,0.1528,0.1044,0.0954,0.0532,0.1266,0.0023,0.0862,0.0006,0.5425,0.8570,48876.320
955,H,Z,0.2167,0.0054,0.0011,0.0006,0.0032,0.2254,0.0577,0.1504,0.0506,0.0635,0.0260,0.0691,0.0001,0.5552,0.8802,48927.244
956,Z,H,0.2647,0.0053,0.0013,0.0006,0.0041,0.1873,0.2136,0.1333,0.1050,0.1437,0.0024,0.0767,0.0004,0.7933,1.1509,48978.463
957,H,Z,0.2509,0.0044,0.0014,0.0007,0.0028,0.1587,0.0632,0.1809,0.0736,0.0662,0.0013,0.0642,0.0003,0.5515,0.8797,49029.388
958,Z,H,0.2321,0.0045,0.0010,0.0005,0.0033,0.1699,0.1839,0.1003,0.0587,0.1395,0.0237,0.0615,0.0003,0.6621,0.9912,49080.429
959,H,Z,0.2166,0.0037,0.0009,0.0005,0.0020,0.1288,0.0538,0.1403,0.0569,0.0773,0.0042,0.0733,0.0003,0.4666,0.7704,49131.255
960,Z,H,0.2321,0.0038,0.0011,0.0005,0.0034,0.1585,0.2107,0.1016,0.0663,0.1263,0.0016,0.0704,0.0003,0.6733,0.9884,49182.342
961,H,Z,0.2383,0.0122,0.0013,0.0004,0.0027,0.1385,0.0537,0.1374,0.0552,0.0807,0.0233,0.0757,0.0003,0.4753,0.8324,49233.229
962,Z,H,0.2313,0.0041,0.0014,0.0007,0.0036,0.1681,0.1768,0.1031,0.0588,0.1372,0.0112,0.0717,0.0004,0.6536,0.9802,49284.252
963,H,Z,0.1922,0.0037,0.0010,0.0005,0.0022,0.1770,0.0589,0.1468,0.0529,0.0811,0.0019,0.0755,0.0004,0.5268,0.8064,49335.104
964,Z,H,0.2177,0.0036,0.0010,0.0004,0.0034,0.1535,0.2163,0.1050,0.0613,0.1476,0.0199,0.0775,0.0003,0.6936,1.0194,49386.172
965,H,Z,0.1947,0.0038,0.0010,0.0005,0.0022,0.1315,0.0531,0.1693,0.0587,0.0807,0.0014,0.0669,0.0002,0.5014,0.7742,49436.986
966,Z,H,0.2272,0.0043,0.0011,0.0004,0.0037,0.1578,0.1931,0.1194,0.0600,0.1416,0.0011,0.0607,0.0003,0.6808,0.9815,49488.013
967,H,Z,0.2056,0.0046,0.0012,0.0005,0.0022,0.1610,0.0536,0.1524,0.0564,0.0833,0.0209,0.0516,0.0003,0.5149,0.8041,49538.861
968,Z,H,0.2282,0.0045,0.0012,0.0005,0.0035,0.1574,0.1086,0.0983,0.0577,0.1318,0.0102,0.0614,0.0002,0.5624,0.8741,49589.778
969,H,Z,0.2171,0.0057,0.0012,0.0006,0.0041,0.1450,0.0593,0.2009,0.0821,0.0670,0.0172,0.0522,0.0004,0.5628,0.8633,49640.694
970,Z,H,0.2250,0.0039,0.0011,0.0004,0.0037,0.1650,0.2029,0.1195,0.0595,0.1433,0.0237,0.0883,0.0003,0.7015,1.0501,49691.810
971,H,Z,0.2214,0.0056,0.0012,0.0006,0.0035,0.1475,0.0594,0.2134,0.0876,0.0768,0.0393,0.0678,0.0004,0.5926,0.9349,49742.794
972,Z,H,0.2277,0.0039,0.0013,0.0006,0.0034,0.1463,0.2016,0.1076,0.0643,0.2572,0.0013,0.0741,0.0003,0.7861,1.1008,49793.961
973,H,Z,0.2015,0.0047,0.0013,0.0006,0.0027,0.1318,0.0579,0.1460,0.0592,0.0917,0.0305,0.0717,0.0003,0.4954,0.8113,49844.812
974,Z,H,0.2468,0.0055,0.0013,0.0006,0.0046,0.1716,0.2028,0.1266,0.0956,0.1160,0.0009,0.0493,0.0003,0.7213,1.0329,49895.928
975,H,Z,0.2466,0.0035,0.0014,0.0004,0.0028,0.1692,0.0579,0.1500,0.0836,0.0511,0.0128,0.0785,0.0002,0.5190,0.8674,49946.845
976,Z,H,0.2052,0.0035,0.0011,0.0003,0.0033,0.1734,0.1095,0.0849,0.0551,0.1138,0.0011,0.0564,0.0003,0.5438,0.8166,49997.715
977,H,Z,0.2364,0.0038,0.0011,0.0005,0.0026,0.1321,0.0557,0.1437,0.0558,0.0695,0.0247,0.0628,0.0001,0.4675,0.8015,50048.553
978,Z,H,0.1948,0.0026,0.0008,0.0002,0.0032,0.1430,0.1112,0.0794,0.0528,0.0844,0.0009,0.0483,0.0002,0.4777,0.7302,50099.316
979,H,Z,0.1697,0.0031,0.0010,0.0002,0.0020,0.1410,0.0543,0.1340,0.0569,0.0908,0.0012,0.0576,0.0002,0.4847,0.7216,50150.071
980,Z,H,0.2208,0.0035,0.0009,0.0004,0.0034,0.1442,0.1944,0.0993,0.0619,0.1359,0.0015,0.0640,0.0004,0.6448,0.9416,50201.082
981,H,Z,0.1961,0.0037,0.0009,0.0005,0.0022,0.1330,0.0519,0.1582,0.0551,0.0791,0.0225,0.0646,0.0003,0.4860,0.7791,50251.911
982,Z,H,0.2543,0.0054,0.0013,0.0006,0.0043,0.1659,0.1590,0.2412,0.1499,0.1485,0.0010,0.0659,0.0002,0.8778,1.2130,50303.191
983,H,Z,0.2024,0.0041,0.0012,0.0004,0.0026,0.1327,0.0642,0.1587,0.0520,0.0610,0.0011,0.0530,0.0004,0.4755,0.7427,50353.979
984,Z,H,0.2175,0.0038,0.0012,0.0003,0.0034,0.1652,0.1272,0.1139,0.0639,0.1119,0.0242,0.0744,0.0003,0.5919,0.9189,50404.946
985,H,Z,0.1924,0.0038,0.0010,0.0005,0.0021,0.1285,0.0518,0.1429,0.0575,0.0784,0.0113,0.0648,0.0003,0.4682,0.7466,50455.735
986,Z,H,0.2186,0.0046,0.0011,0.0005,0.0034,0.1484,0.1636,0.1038,0.0649,0.1547,0.0298,0.0751,0.0003,0.6451,0.9807,50506.779
987,H,Z,0.2018,0.0042,0.0010,0.0004,0.0027,0.1400,0.0496,0.1770,0.0889,0.0775,0.0060,0.0546,0.0002,0.5410,0.8141,50557.651
988,Z,H,0.2325,0.0042,0.0012,0.0005,0.0039,0.1473,0.1644,0.1053,0.0566,0.0846,0.0008,0.0504,0.0002,0.5644,0.8602,50608.548
989,H,Z,0.2011,0.0040,0.0012,0.0004,0.0023,0.1465,0.0605,0.1409,0.0570,0.0864,0.0046,0.0716,0.0002,0.5007,0.7884,50659.393
990,Z,H,0.2754,0.0057,0.0012,0.0005,0.0047,0.1685,0.2727,0.1409,0.1035,0.1487,0.0012,0.0882,0.0003,0.8432,1.2229,50710.661
991,H,Z,0.2051,0.0048,0.0013,0.0006,0.0028,0.1358,0.0563,0.1515,0.0548,0.0797,0.0054,0.0600,0.0003,0.4865,0.7694,50761.472
992,Z,H,0.2534,0.0042,0.0010,0.0005,0.0043,0.1733,0.1919,0.1030,0.0623,0.2137,0.0011,0.0678,0.0003,0.7537,1.0885,50812.613
993,H,Z,0.1974,0.0035,0.0010,0.0004,0.0024,0.1314,0.0529,0.1421,0.0560,0.0755,0.0089,0.0559,0.0003,0.4669,0.7390,50863.443
994,Z,H,0.4024,0.0065,0.0013,0.0004,0.0049,0.2102,0.2471,0.1361,0.1003,0.1449,0.0323,0.3757,0.0003,0.8484,1.6746,50915.161
995,H,Z,0.1811,0.0037,0.0011,0.0002,0.0023,0.1294,0.0518,0.1523,0.0550,0.0523,0.0100,0.0585,0.0002,0.4482,0.7074,50965.922
996,Z,H,0.2487,0.0038,0.0011,0.0004,0.0029,0.1595,0.1336,0.1019,0.0768,0.1511,0.0272,0.0715,0.0002,0.6344,0.9918,51016.974
997,H,Z,0.1918,0.0040,0.0010,0.0004,0.0025,0.1298,0.0523,0.1395,0.0548,0.0946,0.0239,0.0725,0.0003,0.4795,0.7781,51067.814
998,Z,H,0.2458,0.0051,0.0012,0.0006,0.0045,0.1653,0.2766,0.1427,0.1027,0.1238,0.0012,0.0656,0.0004,0.8214,1.1482,51119.013
999,H,Z,0.2071,0.0035,0.0014,0.0005,0.0026,0.1337,0.0528,0.1491,0.0799,0.0905,0.0013,0.0660,0.0002,0.5145,0.7995,51169.855
