swap_static,2,64,64,0.001048,0.000000,0.000000,0.000050,0.000130,0.000272,0.000075,0.000008
swap_static,2,64,64,0.000113,0.000000,0.000000,0.000027,0.000071,0.000266,0.000044,0.000032
swap_static,2,64,64,0.000114,0.000000,0.000000,0.000026,0.000068,0.000232,0.000039,0.000028
swap_static,2,64,64,0.000100,0.000000,0.000000,0.000026,0.000078,0.000235,0.000040,0.000043
swap_static,2,64,64,0.000101,0.000000,0.000000,0.000026,0.000074,0.000236,0.000045,0.000036
swap_static,2,64,64,0.000117,0.000000,0.000000,0.000024,0.000072,0.000235,0.000076,0.000000
swap_static,2,64,64,0.000089,0.000000,0.000000,0.000016,0.000046,0.000199,0.000041,0.000042
swap_static,2,64,64,0.000099,0.000000,0.000000,0.000020,0.000056,0.000195,0.000040,0.000035
swap_static,2,64,64,0.000086,0.000000,0.000000,0.000016,0.000044,0.000202,0.000041,0.000025
swap_static,2,64,64,0.000091,0.000000,0.000000,0.000017,0.000054,0.000196,0.000037,0.000038
swap_static,2,64,64,0.000110,0.000000,0.000000,0.000029,0.000086,0.000235,0.000033,0.000035
swap_static,2,64,64,0.000098,0.000000,0.000000,0.000017,0.000055,0.000200,0.000041,0.000029
swap_static,2,64,64,0.000100,0.000000,0.000000,0.000026,0.000072,0.000262,0.000048,0.000041
swap_static,2,64,64,0.000143,0.000000,0.000000,0.000018,0.000055,0.000234,0.000042,0.000031
swap_static,2,64,64,0.000097,0.000000,0.000000,0.000017,0.000049,0.000207,0.000042,0.000031
swap_static,2,64,64,0.000105,0.000000,0.000000,0.000026,0.000073,0.000236,0.000043,0.000029
swap_static,2,64,64,0.000114,0.000000,0.000000,0.000023,0.000062,0.000236,0.000046,0.000056
swap_static,2,64,64,0.000096,0.000000,0.000000,0.000022,0.000061,0.000210,0.000040,0.000027
swap_static,2,64,64,0.000114,0.000000,0.000000,0.000024,0.000066,0.000223,0.000039,0.000035
swap_static,2,64,64,0.000112,0.000000,0.000000,0.000025,0.000072,0.000275,0.000040,0.000040
swap_static,2,64,64,0.000108,0.000000,0.000000,0.000017,0.000051,0.000192,0.000041,0.000029
swap_static,2,64,64,0.000109,0.000000,0.000000,0.000026,0.000072,0.000226,0.000034,0.000051
swap_static,2,64,64,0.000099,0.000000,0.000000,0.000025,0.000069,0.000224,0.000036,0.000031
swap_static,2,64,64,0.000095,0.000000,0.000000,0.000016,0.000052,0.000201,0.000044,0.000031
swap_static,2,64,64,0.000211,0.000000,0.000000,0.000017,0.000057,0.000193,0.000042,0.000053
swap_static,2,64,64,0.000107,0.000000,0.000000,0.000025,0.000080,0.000240,0.000042,0.000032
swap_static,2,64,64,0.000099,0.000000,0.000000,0.000024,0.000067,0.000242,0.000068,0.000013
swap_static,2,64,64,0.000102,0.000000,0.000000,0.000027,0.000070,0.000198,0.000038,0.000033
swap_static,2,64,64,0.000093,0.000000,0.000000,0.000016,0.000050,0.000182,0.000037,0.000028
swap_static,2,64,64,0.000100,0.000000,0.000000,0.000020,0.000062,0.000203,0.000040,0.000031
swap_static,2,64,64,0.000110,0.000000,0.000000,0.000019,0.000060,0.000195,0.000039,0.000024
swap_static,2,64,64,0.000100,0.000000,0.000000,0.000017,0.000048,0.000204,0.000033,0.000033
swap_static,2,64,64,0.000086,0.000000,0.000000,0.000016,0.000107,0.000192,0.000041,0.000042
swap_static,2,64,64,0.000087,0.000000,0.000000,0.000016,0.000049,0.000189,0.000067,0.000012
swap_static,2,64,64,0.000099,0.000000,0.000000,0.000022,0.000066,0.000223,0.000042,0.000020
swap_static,2,64,64,0.000101,0.000000,0.000000,0.000023,0.000064,0.000220,0.000036,0.000042
swap_static,2,64,64,0.000097,0.000000,0.000000,0.000025,0.000161,0.000231,0.000045,0.000019
swap_static,2,64,64,0.000106,0.000000,0.000000,0.000025,0.000070,0.000224,0.000041,0.000031
swap_static,2,64,64,0.000111,0.000000,0.000000,0.000021,0.000063,0.000206,0.000035,0.000027
swap_static,2,64,64,0.000113,0.000000,0.000000,0.000025,0.000071,0.000279,0.000058,0.000037
swap_static,2,64,64,0.000094,0.000000,0.000000,0.000016,0.000048,0.000189,0.000071,0.000001
swap_static,2,64,64,0.000103,0.000000,0.000000,0.000021,0.000063,0.000211,0.000040,0.000030
swap_static,2,64,64,0.000097,0.000000,0.000000,0.000016,0.000046,0.000184,0.000040,0.000034
swap_static,2,64,64,0.000100,0.000000,0.000000,0.000027,0.000081,0.000230,0.000048,0.000026
swap_static,2,64,64,0.000103,0.000000,0.000000,0.000022,0.000066,0.000214,0.000047,0.000038
swap_static,2,64,64,0.000099,0.000000,0.000000,0.000020,0.000058,0.000192,0.000063,0.000000
swap_static,2,64,64,0.000091,0.000000,0.000000,0.000020,0.000058,0.000202,0.000044,0.000036
swap_static,2,64,64,0.000098,0.000000,0.000000,0.000026,0.000079,0.000305,0.000049,0.000034
swap_static,2,64,64,0.000097,0.000000,0.000000,0.000017,0.000047,0.000190,0.000044,0.000030
swap_static,2,64,64,0.000107,0.000000,0.000000,0.000020,0.000062,0.000201,0.000040,0.000030
swap_static,2,64,64,0.000100,0.000000,0.000000,0.000023,0.000070,0.000213,0.000103,0.000029
swap_static,2,64,64,0.000130,0.000000,0.000000,0.000024,0.000073,0.000223,0.000065,0.000000
swap_static,2,64,64,0.000099,0.000000,0.000000,0.000016,0.000047,0.000190,0.000039,0.000031
swap_static,2,64,64,0.000097,0.000000,0.000000,0.000020,0.000060,0.000201,0.000044,0.000025
swap_static,2,64,64,0.000113,0.000000,0.000000,0.000022,0.000059,0.000193,0.000075,0.000044
swap_static,2,64,64,0.000095,0.000000,0.000000,0.000059,0.000057,0.000200,0.000039,0.000036
swap_static,2,64,64,0.000103,0.000000,0.000000,0.000016,0.000048,0.000186,0.000042,0.000027
swap_static,2,64,64,0.000106,0.000000,0.000000,0.000027,0.000083,0.000224,0.000050,0.000026
swap_static,2,64,64,0.000108,0.000000,0.000000,0.000016,0.000048,0.000229,0.000034,0.000036
swap_static,2,64,64,0.000090,0.000000,0.000000,0.000048,0.000072,0.000236,0.000043,0.000030
swap_static,2,64,64,0.000093,0.000000,0.000000,0.000016,0.000045,0.000184,0.000038,0.000027
swap_static,2,64,64,0.000113,0.000000,0.000000,0.000026,0.000073,0.000241,0.000075,0.000020
swap_static,2,64,64,0.000110,0.000000,0.000000,0.000024,0.000072,0.000231,0.000040,0.000035
swap_static,2,64,64,0.000102,0.000000,0.000000,0.000021,0.000067,0.000253,0.000041,0.000037
swap_static,2,64,64,0.000101,0.000000,0.000000,0.000017,0.000051,0.000222,0.000049,0.000025
swap_static,2,64,64,0.000087,0.000000,0.000000,0.000015,0.000053,0.000195,0.000038,0.000029
swap_static,2,64,64,0.000105,0.000000,0.000000,0.000027,0.000158,0.000242,0.000044,0.000035
swap_static,2,64,64,0.000112,0.000000,0.000000,0.000025,0.000075,0.000244,0.000052,0.000018
swap_static,2,64,64,0.000101,0.000000,0.000000,0.000023,0.000067,0.000213,0.000046,0.000042
swap_static,2,64,64,0.000105,0.000000,0.000000,0.000021,0.000069,0.000313,0.000049,0.000027
swap_static,2,64,64,0.000111,0.000000,0.000000,0.000020,0.000059,0.000199,0.000044,0.000020
swap_static,2,64,64,0.000113,0.000000,0.000000,0.000031,0.000076,0.000225,0.000052,0.000026
swap_static,2,64,64,0.000099,0.000000,0.000000,0.000015,0.000047,0.000199,0.000039,0.000042
swap_static,2,64,64,0.000108,0.000000,0.000000,0.000022,0.000066,0.000209,0.000045,0.000029
swap_static,2,64,64,0.000098,0.000000,0.000000,0.000016,0.000048,0.000204,0.000041,0.000029
swap_dynv2,2,64,64,0.000181,0.000000,0.000005,0.000029,0.000083,0.000301,0.000051,0.000038
swap_dynv2,2,64,64,0.000120,0.000000,0.000007,0.000036,0.000095,0.000271,0.000042,0.000032
swap_dynv2,2,64,64,0.000101,0.000000,0.000002,0.000020,0.000051,0.000203,0.000042,0.000029
swap_dynv2,2,64,64,0.000122,0.000000,0.000004,0.000024,0.000067,0.000218,0.000050,0.000047
swap_dynv2,2,64,64,0.000105,0.000000,0.000002,0.000017,0.000063,0.000199,0.000042,0.000032
swap_dynv2,2,64,64,0.000095,0.000000,0.000002,0.000029,0.000047,0.000196,0.000044,0.000032
swap_dynv2,2,64,64,0.000087,0.000000,0.000003,0.000021,0.000057,0.000206,0.000040,0.000043
swap_dynv2,2,64,64,0.000107,0.000000,0.000006,0.000032,0.000084,0.000267,0.000072,0.000024
swap_dynv2,2,64,64,0.000110,0.000000,0.000002,0.000018,0.000050,0.000219,0.000045,0.000037
swap_dynv2,2,64,64,0.000100,0.000000,0.000004,0.000022,0.000065,0.000217,0.000046,0.000047
swap_dynv2,2,64,64,0.000095,0.000000,0.000004,0.000022,0.000069,0.000210,0.000039,0.000035
swap_dynv2,2,64,64,0.000092,0.000000,0.000002,0.000016,0.000049,0.000209,0.000052,0.000027
swap_dynv2,2,64,64,0.000110,0.000000,0.000004,0.000023,0.000067,0.000212,0.000041,0.000038
swap_dynv2,2,64,64,0.000096,0.000000,0.000003,0.000021,0.000067,0.000208,0.000034,0.000038
swap_dynv2,2,64,64,0.000097,0.000000,0.000007,0.000030,0.000089,0.000241,0.000066,0.000042
swap_dynv2,2,64,64,0.000111,0.000000,0.000005,0.000028,0.000080,0.000229,0.000043,0.000036
swap_dynv2,2,64,64,0.000108,0.000000,0.000002,0.000018,0.000051,0.000201,0.000043,0.000045
swap_dynv2,2,64,64,0.000105,0.000000,0.000005,0.000026,0.000074,0.000225,0.000046,0.000033
swap_dynv2,2,64,64,0.000109,0.000000,0.000004,0.000024,0.000082,0.000248,0.000043,0.000046
swap_dynv2,2,64,64,0.000099,0.000000,0.000002,0.000017,0.000050,0.000198,0.000050,0.000031
swap_dynv2,2,64,64,0.000120,0.000000,0.000003,0.000021,0.000061,0.000216,0.000040,0.000038
swap_dynv2,2,64,64,0.000105,0.000000,0.000005,0.000030,0.000084,0.000255,0.000049,0.000041
swap_dynv2,2,64,64,0.000096,0.000000,0.000002,0.000017,0.000049,0.000206,0.000042,0.000033
swap_dynv2,2,64,64,0.000089,0.000000,0.000002,0.000017,0.000051,0.000195,0.000043,0.000035
swap_dynv2,2,64,64,0.000105,0.000000,0.000004,0.000023,0.000072,0.000216,0.000038,0.000040
swap_dynv2,2,64,64,0.000099,0.000000,0.000004,0.000021,0.000071,0.000210,0.000035,0.000038
swap_dynv2,2,64,64,0.000116,0.000000,0.000005,0.000028,0.000080,0.000239,0.000049,0.000025
swap_dynv2,2,64,64,0.000096,0.000000,0.000002,0.000017,0.000051,0.000203,0.000058,0.000037
swap_dynv2,2,64,64,0.000107,0.000000,0.000004,0.000024,0.000070,0.000221,0.000042,0.000033
swap_dynv2,2,64,64,0.000104,0.000000,0.000002,0.000017,0.000054,0.000205,0.000049,0.000040
swap_dynv2,2,64,64,0.000094,0.000000,0.000002,0.000016,0.000048,0.000209,0.000042,0.000044
swap_dynv2,2,64,64,0.000097,0.000000,0.000003,0.000020,0.000056,0.000201,0.000051,0.000045
swap_dynv2,2,64,64,0.000101,0.000000,0.000004,0.000026,0.000078,0.000226,0.000036,0.000030
swap_dynv2,2,64,64,0.000102,0.000000,0.000002,0.000017,0.000055,0.000207,0.000040,0.000037
swap_dynv2,2,64,64,0.000120,0.000000,0.000004,0.000023,0.000067,0.000229,0.000040,0.000034
swap_dynv2,2,64,64,0.000106,0.000000,0.000003,0.000021,0.000059,0.000206,0.000048,0.000032
swap_dynv2,2,64,64,0.000098,0.000000,0.000004,0.000153,0.000080,0.000230,0.000049,0.000038
swap_dynv2,2,64,64,0.000109,0.000000,0.000004,0.000022,0.000064,0.000206,0.000043,0.000036
swap_dynv2,2,64,64,0.000096,0.000000,0.000003,0.000022,0.000059,0.000202,0.000040,0.000055
swap_dynv2,2,64,64,0.000098,0.000000,0.000002,0.000017,0.000050,0.000211,0.000049,0.000045
swap_dynv2,2,64,64,0.000100,0.000000,0.000002,0.000017,0.000049,0.000193,0.000040,0.000045
swap_dynv2,2,64,64,0.000103,0.000000,0.000002,0.000017,0.000049,0.000202,0.000041,0.000038
swap_dynv2,2,64,64,0.000102,0.000000,0.000003,0.000020,0.000054,0.000199,0.000038,0.000040
swap_dynv2,2,64,64,0.000109,0.000000,0.000005,0.000030,0.000082,0.000259,0.000043,0.000039
swap_dynv2,2,64,64,0.000131,0.000000,0.000005,0.000029,0.000076,0.000229,0.000043,0.000033
swap_dynv2,2,64,64,0.000105,0.000000,0.000005,0.000027,0.000075,0.000223,0.000036,0.000038
swap_dynv2,2,64,64,0.000109,0.000000,0.000004,0.000027,0.000072,0.000250,0.000043,0.000035
swap_dynv2,2,64,64,0.000106,0.000000,0.000005,0.000029,0.000076,0.000234,0.000042,0.000035
swap_dynv2,2,64,64,0.000110,0.000000,0.000005,0.000027,0.000078,0.000226,0.000043,0.000032
swap_dynv2,2,64,64,0.000087,0.000000,0.000002,0.000017,0.000065,0.000273,0.000044,0.000021
swap_dynv2,2,64,64,0.000134,0.000000,0.000005,0.000029,0.000086,0.000237,0.000045,0.000039
swap_dynv2,2,64,64,0.000101,0.000000,0.000004,0.000026,0.000074,0.000223,0.000041,0.000064
swap_dynv2,2,64,64,0.000098,0.000000,0.000004,0.000026,0.000076,0.000235,0.000055,0.000026
swap_dynv2,2,64,64,0.000111,0.000000,0.000004,0.000022,0.000065,0.000210,0.000043,0.000029
swap_dynv2,2,64,64,0.000102,0.000000,0.000003,0.000021,0.000066,0.000205,0.000042,0.000036
swap_dynv2,2,64,64,0.000103,0.000000,0.000002,0.000018,0.000055,0.000214,0.000048,0.000037
swap_dynv2,2,64,64,0.000102,0.000000,0.000002,0.000017,0.000051,0.000192,0.000042,0.000032
swap_dynv2,2,64,64,0.000098,0.000000,0.000002,0.000018,0.000055,0.000194,0.000036,0.000034
swap_dynv2,2,64,64,0.000101,0.000000,0.000004,0.000022,0.000059,0.000206,0.000035,0.000034
swap_dynv2,2,64,64,0.000099,0.000000,0.000005,0.000030,0.000082,0.000250,0.000045,0.000052
swap_dynv2,2,64,64,0.000114,0.000000,0.000005,0.000028,0.000075,0.000215,0.000042,0.000038
swap_dynv2,2,64,64,0.000111,0.000000,0.000005,0.000028,0.000078,0.000235,0.000042,0.000037
swap_dynv2,2,64,64,0.000121,0.000000,0.000005,0.000031,0.000082,0.000239,0.000052,0.000045
swap_dynv2,2,64,64,0.000095,0.000000,0.000004,0.000024,0.000071,0.000220,0.000041,0.000031
swap_dynv2,2,64,64,0.000118,0.000000,0.000004,0.000023,0.000063,0.000217,0.000042,0.000031
swap_dynv2,2,64,64,0.000100,0.000000,0.000003,0.000021,0.000064,0.000212,0.000042,0.000029
swap_dynv2,2,64,64,0.000111,0.000000,0.000004,0.000023,0.000065,0.000212,0.000040,0.000042
swap_dynv2,2,64,64,0.000102,0.000000,0.000002,0.000018,0.000057,0.000203,0.000054,0.000047
swap_dynv2,2,64,64,0.000103,0.000000,0.000002,0.000017,0.000056,0.000206,0.000045,0.000031
swap_dynv2,2,64,64,0.000106,0.000000,0.000005,0.000029,0.000075,0.000234,0.000045,0.000034
swap_dynv2,2,64,64,0.000125,0.000000,0.000004,0.000026,0.000070,0.000222,0.000038,0.000032
swap_dynv2,2,64,64,0.000111,0.000000,0.000005,0.000027,0.000072,0.000236,0.000041,0.000038
swap_dynv2,2,64,64,0.000096,0.000000,0.000004,0.000027,0.000080,0.000224,0.000046,0.000036
swap_dynv2,2,64,64,0.000097,0.000000,0.000004,0.000023,0.000067,0.000221,0.000038,0.000032
swap_dynv2,2,64,64,0.000106,0.000000,0.000004,0.000027,0.000075,0.000226,0.000046,0.000039
swap_static,2,64,4096,0.000226,0.000000,0.000000,0.000027,0.000050,0.000264,0.000051,0.000143
swap_static,2,64,4096,0.000191,0.000000,0.000000,0.000022,0.000055,0.000214,0.000046,0.000105
swap_static,2,64,4096,0.000203,0.000000,0.000000,0.000032,0.000083,0.000264,0.000042,0.000112
swap_static,2,64,4096,0.000171,0.000000,0.000000,0.000017,0.000050,0.000218,0.000036,0.000121
swap_static,2,64,4096,0.000191,0.000000,0.000000,0.000023,0.000088,0.000236,0.000046,0.000121
swap_static,2,64,4096,0.000198,0.000000,0.000000,0.000019,0.000059,0.000212,0.000038,0.000106
swap_static,2,64,4096,0.000180,0.000000,0.000000,0.000030,0.000070,0.000210,0.000046,0.000115
swap_static,2,64,4096,0.000169,0.000000,0.000000,0.000019,0.000064,0.000219,0.000039,0.000101
swap_static,2,64,4096,0.000190,0.000000,0.000000,0.000020,0.000066,0.000210,0.000041,0.000109
swap_static,2,64,4096,0.000186,0.000000,0.000000,0.000027,0.000082,0.000248,0.000058,0.000100
swap_static,2,64,4096,0.000188,0.000000,0.000000,0.000024,0.000075,0.000242,0.000045,0.000121
swap_static,2,64,4096,0.000185,0.000000,0.000000,0.000023,0.000063,0.000217,0.000043,0.000118
swap_static,2,64,4096,0.000174,0.000000,0.000000,0.000021,0.000064,0.000225,0.000044,0.000109
swap_static,2,64,4096,0.000181,0.000000,0.000000,0.000017,0.000047,0.000198,0.000042,0.000109
swap_static,2,64,4096,0.000184,0.000000,0.000000,0.000016,0.000053,0.000196,0.000040,0.000127
swap_static,2,64,4096,0.000193,0.000000,0.000000,0.000020,0.000062,0.000212,0.000040,0.000108
swap_static,2,64,4096,0.000185,0.000000,0.000000,0.000016,0.000058,0.000201,0.000042,0.000109
swap_static,2,64,4096,0.000176,0.000000,0.000000,0.000026,0.000145,0.000242,0.000048,0.000118
swap_static,2,64,4096,0.000183,0.000000,0.000000,0.000017,0.000059,0.000205,0.000042,0.000137
swap_static,2,64,4096,0.000180,0.000000,0.000000,0.000016,0.000051,0.000199,0.000041,0.000113
swap_static,2,64,4096,0.000184,0.000000,0.000000,0.000019,0.000056,0.000213,0.000043,0.000111
swap_static,2,64,4096,0.000198,0.000000,0.000000,0.000022,0.000071,0.000209,0.000042,0.000095
swap_static,2,64,4096,0.000162,0.000000,0.000000,0.000015,0.000053,0.000197,0.000040,0.000111
swap_static,2,64,4096,0.000180,0.000000,0.000000,0.000015,0.000047,0.000190,0.000043,0.000110
swap_static,2,64,4096,0.000192,0.000000,0.000000,0.000021,0.000071,0.000205,0.000041,0.000099
swap_static,2,64,4096,0.000193,0.000000,0.000000,0.000027,0.000081,0.000242,0.000054,0.000111
swap_static,2,64,4096,0.000174,0.000000,0.000000,0.000019,0.000074,0.000205,0.000040,0.000122
swap_static,2,64,4096,0.000183,0.000000,0.000000,0.000019,0.000049,0.000190,0.000039,0.000106
swap_static,2,64,4096,0.000169,0.000000,0.000000,0.000018,0.000057,0.000283,0.000040,0.000096
swap_static,2,64,4096,0.000164,0.000000,0.000000,0.000024,0.000081,0.000232,0.000040,0.000114
swap_static,2,64,4096,0.000173,0.000000,0.000000,0.000018,0.000067,0.000216,0.000039,0.000114
swap_static,2,64,4096,0.000176,0.000000,0.000000,0.000021,0.000067,0.000206,0.000035,0.000113
swap_static,2,64,4096,0.000167,0.000000,0.000000,0.000015,0.000051,0.000193,0.000042,0.000106
swap_static,2,64,4096,0.000186,0.000000,0.000000,0.000016,0.000056,0.000187,0.000047,0.000085
swap_static,2,64,4096,0.000171,0.000000,0.000000,0.000026,0.000085,0.000230,0.000039,0.000092
swap_static,2,64,4096,0.000167,0.000000,0.000000,0.000019,0.000063,0.000219,0.000041,0.000119
swap_static,2,64,4096,0.000177,0.000000,0.000000,0.000023,0.000073,0.000216,0.000038,0.000108
swap_static,2,64,4096,0.000184,0.000000,0.000000,0.000025,0.000084,0.000232,0.000116,0.000034
swap_static,2,64,4096,0.000161,0.000000,0.000000,0.000018,0.000060,0.000197,0.000040,0.000104
swap_static,2,64,4096,0.000159,0.000000,0.000000,0.000024,0.000069,0.000304,0.000049,0.000112
swap_static,2,64,4096,0.000196,0.000000,0.000000,0.000024,0.000081,0.000236,0.000045,0.000115
swap_static,2,64,4096,0.000172,0.000000,0.000000,0.000022,0.000077,0.000226,0.000044,0.000104
swap_static,2,64,4096,0.000174,0.000000,0.000000,0.000017,0.000059,0.000196,0.000101,0.000037
swap_static,2,64,4096,0.000180,0.000000,0.000000,0.000023,0.000073,0.000216,0.000042,0.000106
swap_static,2,64,4096,0.000189,0.000000,0.000000,0.000020,0.000067,0.000204,0.000038,0.000096
swap_static,2,64,4096,0.000174,0.000000,0.000000,0.000026,0.000088,0.000248,0.000046,0.000101
swap_static,2,64,4096,0.000185,0.000000,0.000000,0.000021,0.000061,0.000218,0.000110,0.000047
swap_static,2,64,4096,0.000162,0.000000,0.000000,0.000020,0.000063,0.000254,0.000037,0.000106
swap_static,2,64,4096,0.000168,0.000000,0.000000,0.000024,0.000086,0.000237,0.000046,0.000102
swap_static,2,64,4096,0.000176,0.000000,0.000000,0.000022,0.000064,0.000250,0.000043,0.000110
swap_static,2,64,4096,0.000201,0.000000,0.000000,0.000027,0.000077,0.000226,0.000043,0.000095
swap_static,2,64,4096,0.000183,0.000000,0.000000,0.000021,0.000066,0.000210,0.000042,0.000102
swap_static,2,64,4096,0.000182,0.000000,0.000000,0.000024,0.000080,0.000235,0.000037,0.000113
swap_static,2,64,4096,0.000179,0.000000,0.000000,0.000022,0.000055,0.000206,0.000050,0.000113
swap_static,2,64,4096,0.000179,0.000000,0.000000,0.000024,0.000066,0.000220,0.000041,0.000122
swap_static,2,64,4096,0.000166,0.000000,0.000000,0.000024,0.000078,0.000350,0.000051,0.000104
swap_static,2,64,4096,0.000186,0.000000,0.000000,0.000024,0.000072,0.000221,0.000043,0.000106
swap_static,2,64,4096,0.000190,0.000000,0.000000,0.000024,0.000073,0.000216,0.000040,0.000113
swap_static,2,64,4096,0.000165,0.000000,0.000000,0.000021,0.000074,0.000214,0.000040,0.000110
swap_static,2,64,4096,0.000181,0.000000,0.000000,0.000019,0.000057,0.000197,0.000040,0.000098
swap_static,2,64,4096,0.000180,0.000000,0.000000,0.000020,0.000067,0.000205,0.000038,0.000099
swap_static,2,64,4096,0.000179,0.000000,0.000000,0.000016,0.000046,0.000255,0.000048,0.000110
swap_static,2,64,4096,0.000178,0.000000,0.000000,0.000017,0.000057,0.000195,0.000039,0.000104
swap_static,2,64,4096,0.000191,0.000000,0.000000,0.000028,0.000081,0.000243,0.000041,0.000110
swap_static,2,64,4096,0.000251,0.000000,0.000000,0.000023,0.000068,0.000212,0.000038,0.000098
swap_static,2,64,4096,0.000161,0.000000,0.000000,0.000018,0.000054,0.000201,0.000049,0.000094
swap_static,2,64,4096,0.000229,0.000000,0.000000,0.000019,0.000062,0.000194,0.000039,0.000108
swap_static,2,64,4096,0.000191,0.000000,0.000000,0.000017,0.000050,0.000212,0.000042,0.000102
swap_static,2,64,4096,0.000194,0.000000,0.000000,0.000017,0.000058,0.000194,0.000034,0.000095
swap_static,2,64,4096,0.000186,0.000000,0.000000,0.000021,0.000060,0.000196,0.000123,0.000001
swap_static,2,64,4096,0.000188,0.000000,0.000000,0.000022,0.000064,0.000211,0.000040,0.000109
swap_static,2,64,4096,0.000178,0.000000,0.000000,0.000016,0.000046,0.000186,0.000039,0.000116
swap_static,2,64,4096,0.000187,0.000000,0.000000,0.000020,0.000071,0.000204,0.000081,0.000107
swap_static,2,64,4096,0.000176,0.000000,0.000000,0.000017,0.000054,0.000206,0.000041,0.000116
swap_static,2,64,4096,0.000184,0.000000,0.000000,0.000020,0.000059,0.000205,0.000044,0.000102
swap_dynv2,2,64,4096,0.000283,0.000000,0.000005,0.000035,0.000074,0.000282,0.000051,0.000122
swap_dynv2,2,64,4096,0.000202,0.000000,0.000004,0.000024,0.000061,0.000239,0.000046,0.000124
swap_dynv2,2,64,4096,0.000184,0.000000,0.000004,0.000024,0.000063,0.000223,0.000044,0.000110
swap_dynv2,2,64,4096,0.000193,0.000000,0.000003,0.000021,0.000057,0.000228,0.000042,0.000111
swap_dynv2,2,64,4096,0.000181,0.000000,0.000003,0.000018,0.000048,0.000208,0.000034,0.000112
swap_dynv2,2,64,4096,0.000169,0.000000,0.000007,0.000032,0.000082,0.000270,0.000046,0.000112
swap_dynv2,2,64,4096,0.000188,0.000000,0.000005,0.000028,0.000070,0.000230,0.000055,0.000106
swap_dynv2,2,64,4096,0.000214,0.000000,0.000003,0.000019,0.000052,0.000219,0.000043,0.000115
swap_dynv2,2,64,4096,0.000186,0.000000,0.000002,0.000017,0.000046,0.000202,0.000041,0.000122
swap_dynv2,2,64,4096,0.000179,0.000000,0.000005,0.000029,0.000088,0.000248,0.000044,0.000125
swap_dynv2,2,64,4096,0.000177,0.000000,0.000002,0.000021,0.000046,0.000218,0.000042,0.000119
swap_dynv2,2,64,4096,0.000200,0.000000,0.000002,0.000018,0.000053,0.000213,0.000045,0.000101
swap_dynv2,2,64,4096,0.000192,0.000000,0.000005,0.000030,0.000076,0.000248,0.000046,0.000117
swap_dynv2,2,64,4096,0.000202,0.000000,0.000003,0.000022,0.000054,0.000223,0.000043,0.000120
swap_dynv2,2,64,4096,0.000190,0.000000,0.000005,0.000027,0.000070,0.000233,0.000051,0.000107
swap_dynv2,2,64,4096,0.000202,0.000000,0.000005,0.000024,0.000072,0.000227,0.000044,0.000113
swap_dynv2,2,64,4096,0.000189,0.000000,0.000004,0.000026,0.000061,0.000232,0.000053,0.000105
swap_dynv2,2,64,4096,0.000187,0.000000,0.000005,0.000031,0.000076,0.000250,0.000044,0.000108
swap_dynv2,2,64,4096,0.000198,0.000000,0.000006,0.000029,0.000077,0.000289,0.000044,0.000119
swap_dynv2,2,64,4096,0.000184,0.000000,0.000002,0.000021,0.000055,0.000208,0.000042,0.000106
swap_dynv2,2,64,4096,0.000172,0.000000,0.000002,0.000020,0.000054,0.000202,0.000044,0.000098
swap_dynv2,2,64,4096,0.000186,0.000000,0.000004,0.000023,0.000062,0.000214,0.000051,0.000091
swap_dynv2,2,64,4096,0.000184,0.000000,0.000006,0.000032,0.000090,0.000260,0.000046,0.000110
swap_dynv2,2,64,4096,0.000179,0.000000,0.000002,0.000019,0.000059,0.000209,0.000043,0.000106
swap_dynv2,2,64,4096,0.000182,0.000000,0.000002,0.000018,0.000048,0.000194,0.000049,0.000122
swap_dynv2,2,64,4096,0.000184,0.000000,0.000004,0.000022,0.000058,0.000208,0.000041,0.000110
swap_dynv2,2,64,4096,0.000185,0.000000,0.000006,0.000035,0.000076,0.000239,0.000046,0.000112
swap_dynv2,2,64,4096,0.000176,0.000000,0.000003,0.000019,0.000049,0.000210,0.000040,0.000118
swap_dynv2,2,64,4096,0.000185,0.000000,0.000003,0.000018,0.000049,0.000214,0.000041,0.000114
swap_dynv2,2,64,4096,0.000196,0.000000,0.000006,0.000029,0.000080,0.000231,0.000101,0.000095
swap_dynv2,2,64,4096,0.000189,0.000000,0.000002,0.000017,0.000058,0.000208,0.000040,0.000110
swap_dynv2,2,64,4096,0.000170,0.000000,0.000004,0.000023,0.000064,0.000226,0.000045,0.000113
swap_dynv2,2,64,4096,0.000177,0.000000,0.000002,0.000020,0.000050,0.000206,0.000035,0.000099
swap_dynv2,2,64,4096,0.000205,0.000000,0.000006,0.000030,0.000085,0.000253,0.000053,0.000116
swap_dynv2,2,64,4096,0.000280,0.000000,0.000004,0.000024,0.000071,0.000225,0.000045,0.000109
swap_dynv2,2,64,4096,0.000178,0.000000,0.000003,0.000017,0.000048,0.000212,0.000108,0.000034
swap_dynv2,2,64,4096,0.000192,0.000000,0.000004,0.000022,0.000062,0.000213,0.000040,0.000105
swap_dynv2,2,64,4096,0.000173,0.000000,0.000002,0.000016,0.000046,0.000194,0.000131,0.000115
swap_dynv2,2,64,4096,0.000182,0.000000,0.000003,0.000021,0.000059,0.000214,0.000050,0.000101
swap_dynv2,2,64,4096,0.000207,0.000000,0.000004,0.000024,0.000074,0.000233,0.000043,0.000122
swap_dynv2,2,64,4096,0.000189,0.000000,0.000004,0.000022,0.000061,0.000222,0.000040,0.000108
swap_dynv2,2,64,4096,0.000190,0.000000,0.000002,0.000017,0.000050,0.000206,0.000036,0.000114
swap_dynv2,2,64,4096,0.000182,0.000000,0.000002,0.000017,0.000049,0.000211,0.000057,0.000107
swap_dynv2,2,64,4096,0.000203,0.000000,0.000004,0.000024,0.000064,0.000227,0.000042,0.000105
swap_dynv2,2,64,4096,0.000183,0.000000,0.000003,0.000018,0.000048,0.000216,0.000042,0.000119
swap_dynv2,2,64,4096,0.000218,0.000000,0.000003,0.000020,0.000053,0.000220,0.000083,0.000052
swap_dynv2,2,64,4096,0.000192,0.000000,0.000005,0.000029,0.000077,0.000232,0.000036,0.000129
swap_dynv2,2,64,4096,0.000186,0.000000,0.000002,0.000018,0.000049,0.000209,0.000045,0.000117
swap_dynv2,2,64,4096,0.000185,0.000000,0.000006,0.000028,0.000080,0.000232,0.000123,0.000112
swap_dynv2,2,64,4096,0.000208,0.000000,0.000005,0.000030,0.000074,0.000236,0.000041,0.000111
swap_dynv2,2,64,4096,0.000193,0.000000,0.000004,0.000021,0.000065,0.000242,0.000042,0.000105
swap_dynv2,2,64,4096,0.000189,0.000000,0.000004,0.000022,0.000060,0.000219,0.000045,0.000112
swap_dynv2,2,64,4096,0.000184,0.000000,0.000005,0.000086,0.000081,0.000256,0.000055,0.000112
swap_dynv2,2,64,4096,0.000185,0.000000,0.000003,0.000018,0.000050,0.000205,0.000046,0.000102
swap_dynv2,2,64,4096,0.000180,0.000000,0.000003,0.000017,0.000053,0.000212,0.000043,0.000106
swap_dynv2,2,64,4096,0.000186,0.000000,0.000004,0.000022,0.000059,0.000223,0.000043,0.000110
swap_dynv2,2,64,4096,0.000189,0.000000,0.000006,0.000028,0.000082,0.000249,0.000042,0.000116
swap_dynv2,2,64,4096,0.000184,0.000000,0.000004,0.000023,0.000065,0.000231,0.000039,0.000110
swap_dynv2,2,64,4096,0.000179,0.000000,0.000004,0.000022,0.000063,0.000216,0.000039,0.000107
swap_dynv2,2,64,4096,0.000183,0.000000,0.000004,0.000025,0.000061,0.000234,0.000054,0.000101
swap_dynv2,2,64,4096,0.000172,0.000000,0.000003,0.000024,0.000060,0.000214,0.000040,0.000120
swap_dynv2,2,64,4096,0.000184,0.000000,0.000004,0.000023,0.000062,0.000222,0.000043,0.000109
swap_dynv2,2,64,4096,0.000202,0.000000,0.000006,0.000032,0.000087,0.000243,0.000045,0.000110
swap_dynv2,2,64,4096,0.000184,0.000000,0.000003,0.000019,0.000059,0.000217,0.000058,0.000107
swap_dynv2,2,64,4096,0.000191,0.000000,0.000005,0.000029,0.000078,0.000244,0.000043,0.000116
swap_dynv2,2,64,4096,0.000192,0.000000,0.000004,0.000023,0.000066,0.000229,0.000041,0.000108
swap_dynv2,2,64,4096,0.000178,0.000000,0.000003,0.000018,0.000052,0.000217,0.000045,0.000117
swap_dynv2,2,64,4096,0.000200,0.000000,0.000005,0.000037,0.000080,0.000246,0.000052,0.000115
swap_dynv2,2,64,4096,0.000203,0.000000,0.000005,0.000027,0.000069,0.000224,0.000061,0.000199
swap_dynv2,2,64,4096,0.000178,0.000000,0.000004,0.000024,0.000064,0.000216,0.000041,0.000110
swap_dynv2,2,64,4096,0.000187,0.000000,0.000002,0.000020,0.000064,0.000237,0.000042,0.000115
swap_dynv2,2,64,4096,0.000190,0.000000,0.000002,0.000019,0.000049,0.000216,0.000044,0.000104
swap_dynv2,2,64,4096,0.000187,0.000000,0.000002,0.000018,0.000048,0.000212,0.000044,0.000118
swap_dynv2,2,64,4096,0.000180,0.000000,0.000004,0.000024,0.000063,0.000218,0.000044,0.000109
swap_dynv2,2,64,4096,0.000196,0.000000,0.000004,0.000023,0.000070,0.000211,0.000042,0.000108
swap_static,2,64,262144,0.001490,0.000000,0.000000,0.000031,0.000067,0.000276,0.000051,0.001201
swap_static,2,64,262144,0.001446,0.000000,0.000000,0.000022,0.000067,0.000242,0.000043,0.001275
swap_static,2,64,262144,0.001379,0.000000,0.000000,0.000033,0.000091,0.000251,0.000065,0.001254
swap_static,2,64,262144,0.001364,0.000000,0.000000,0.000027,0.000073,0.000248,0.000043,0.001239
swap_static,2,64,262144,0.001338,0.000000,0.000000,0.000026,0.000077,0.000236,0.000037,0.001267
swap_static,2,64,262144,0.001317,0.000000,0.000000,0.000023,0.000059,0.000226,0.000038,0.001276
swap_static,2,64,262144,0.001327,0.000000,0.000000,0.000027,0.000072,0.000240,0.000115,0.001078
swap_static,2,64,262144,0.001381,0.000000,0.000000,0.000020,0.000060,0.000225,0.000156,0.001122
swap_static,2,64,262144,0.001294,0.000000,0.000000,0.000026,0.000076,0.000240,0.000043,0.001116
swap_static,2,64,262144,0.001349,0.000000,0.000000,0.000021,0.000064,0.000234,0.000047,0.001142
swap_static,2,64,262144,0.001322,0.000000,0.000000,0.000023,0.000063,0.000229,0.000040,0.001275
swap_static,2,64,262144,0.001328,0.000000,0.000000,0.000022,0.000058,0.000235,0.000036,0.001226
swap_static,2,64,262144,0.001346,0.000000,0.000000,0.000024,0.000064,0.000226,0.000036,0.001212
swap_static,2,64,262144,0.001303,0.000000,0.000000,0.000019,0.000057,0.000238,0.000035,0.001201
swap_static,2,64,262144,0.001282,0.000000,0.000000,0.000025,0.000092,0.000222,0.000034,0.001212
swap_static,2,64,262144,0.001340,0.000000,0.000000,0.000024,0.000072,0.000234,0.000038,0.001257
swap_static,2,64,262144,0.001299,0.000000,0.000000,0.000023,0.000069,0.000235,0.000045,0.001178
swap_static,2,64,262144,0.001380,0.000000,0.000000,0.000024,0.000069,0.000244,0.000047,0.001117
swap_static,2,64,262144,0.001366,0.000000,0.000000,0.000019,0.000059,0.000225,0.000061,0.001210
swap_static,2,64,262144,0.001311,0.000000,0.000000,0.000022,0.000060,0.000231,0.000052,0.001120
swap_static,2,64,262144,0.001305,0.000000,0.000000,0.000029,0.000082,0.000233,0.000050,0.001247
swap_static,2,64,262144,0.001362,0.000000,0.000000,0.000024,0.000062,0.000225,0.000036,0.001188
swap_static,2,64,262144,0.001399,0.000000,0.000000,0.000024,0.000070,0.000240,0.000053,0.001245
swap_static,2,64,262144,0.001300,0.000000,0.000000,0.000021,0.000068,0.000220,0.000054,0.001231
swap_static,2,64,262144,0.001258,0.000000,0.000000,0.000021,0.000061,0.000213,0.000042,0.001134
swap_static,2,64,262144,0.001381,0.000000,0.000000,0.000020,0.000060,0.000240,0.000035,0.001197
swap_static,2,64,262144,0.001319,0.000000,0.000000,0.000029,0.000088,0.000238,0.000046,0.001252
swap_static,2,64,262144,0.001380,0.000000,0.000000,0.000024,0.000070,0.000232,0.000076,0.001128
swap_static,2,64,262144,0.001337,0.000000,0.000000,0.000027,0.000083,0.000245,0.000045,0.001301
swap_static,2,64,262144,0.001321,0.000000,0.000000,0.000023,0.000061,0.000230,0.000043,0.001178
swap_static,2,64,262144,0.001358,0.000000,0.000000,0.000022,0.000065,0.000226,0.000051,0.001237
swap_static,2,64,262144,0.001339,0.000000,0.000000,0.000024,0.000072,0.000247,0.000037,0.001263
swap_static,2,64,262144,0.001329,0.000000,0.000000,0.000024,0.000067,0.000230,0.000044,0.001288
swap_static,2,64,262144,0.001365,0.000000,0.000000,0.000021,0.000060,0.000231,0.000040,0.001220
swap_static,2,64,262144,0.001328,0.000000,0.000000,0.000021,0.000059,0.000236,0.000041,0.001226
swap_static,2,64,262144,0.001396,0.000000,0.000000,0.000025,0.000067,0.000237,0.000048,0.001231
swap_static,2,64,262144,0.001339,0.000000,0.000000,0.000018,0.000056,0.000216,0.000064,0.001232
swap_static,2,64,262144,0.001356,0.000000,0.000000,0.000024,0.000068,0.000239,0.000043,0.001244
swap_static,2,64,262144,0.001375,0.000000,0.000000,0.000025,0.000068,0.000250,0.000047,0.001160
swap_static,2,64,262144,0.001325,0.000000,0.000000,0.000021,0.000060,0.000223,0.000043,0.001203
swap_static,2,64,262144,0.001310,0.000000,0.000000,0.000026,0.000073,0.000247,0.000044,0.001270
swap_static,2,64,262144,0.001332,0.000000,0.000000,0.000025,0.000080,0.000236,0.000047,0.001223
swap_static,2,64,262144,0.001398,0.000000,0.000000,0.000024,0.000078,0.000233,0.000045,0.001293
swap_static,2,64,262144,0.001359,0.000000,0.000000,0.000027,0.000081,0.000243,0.000044,0.001303
swap_static,2,64,262144,0.001368,0.000000,0.000000,0.000026,0.000071,0.000232,0.000040,0.001320
swap_static,2,64,262144,0.001324,0.000000,0.000000,0.000022,0.000058,0.000236,0.000039,0.001160
swap_static,2,64,262144,0.001362,0.000000,0.000000,0.000022,0.000063,0.000268,0.000111,0.001101
swap_static,2,64,262144,0.001274,0.000000,0.000000,0.000024,0.000080,0.000234,0.000045,0.001268
swap_static,2,64,262144,0.001331,0.000000,0.000000,0.000025,0.000075,0.000231,0.000054,0.001189
swap_static,2,64,262144,0.001416,0.000000,0.000000,0.000025,0.000073,0.000238,0.000037,0.001240
swap_static,2,64,262144,0.001318,0.000000,0.000000,0.000024,0.000076,0.000247,0.000046,0.001254
swap_static,2,64,262144,0.001382,0.000000,0.000000,0.000024,0.000082,0.000233,0.000043,0.001134
swap_static,2,64,262144,0.001349,0.000000,0.000000,0.000027,0.000075,0.000233,0.000044,0.001274
swap_static,2,64,262144,0.001352,0.000000,0.000000,0.000020,0.000068,0.000234,0.000036,0.001230
swap_static,2,64,262144,0.001329,0.000000,0.000000,0.000020,0.000058,0.000225,0.000044,0.001212
swap_static,2,64,262144,0.001279,0.000000,0.000000,0.000062,0.000080,0.000235,0.000040,0.001217
swap_static,2,64,262144,0.001394,0.000000,0.000000,0.000023,0.000068,0.000224,0.000167,0.001177
swap_static,2,64,262144,0.001298,0.000000,0.000000,0.000021,0.000059,0.000223,0.000041,0.001119
swap_static,2,64,262144,0.001392,0.000000,0.000000,0.000029,0.000089,0.000266,0.000045,0.001254
swap_static,2,64,262144,0.001370,0.000000,0.000000,0.000025,0.000072,0.000234,0.000037,0.001253
swap_static,2,64,262144,0.001328,0.000000,0.000000,0.000021,0.000060,0.000231,0.000042,0.001269
swap_static,2,64,262144,0.001366,0.000000,0.000000,0.000025,0.000075,0.000238,0.000051,0.001258
swap_static,2,64,262144,0.001335,0.000000,0.000000,0.000025,0.000068,0.000226,0.000034,0.001249
swap_static,2,64,262144,0.001363,0.000000,0.000000,0.000029,0.000072,0.000230,0.000038,0.001219
swap_static,2,64,262144,0.001385,0.000000,0.000000,0.000023,0.000071,0.000225,0.000036,0.001279
swap_static,2,64,262144,0.001378,0.000000,0.000000,0.000021,0.000068,0.000232,0.000036,0.001242
swap_static,2,64,262144,0.001374,0.000000,0.000000,0.000023,0.000073,0.000237,0.000036,0.001252
swap_static,2,64,262144,0.001388,0.000000,0.000000,0.000023,0.000074,0.000235,0.000043,0.001178
swap_static,2,64,262144,0.001345,0.000000,0.000000,0.000024,0.000072,0.000237,0.000044,0.001274
swap_static,2,64,262144,0.001361,0.000000,0.000000,0.000020,0.000059,0.000239,0.000035,0.001224
swap_static,2,64,262144,0.001364,0.000000,0.000000,0.000027,0.000080,0.000234,0.000044,0.001264
swap_static,2,64,262144,0.001344,0.000000,0.000000,0.000021,0.000065,0.000241,0.000036,0.001234
swap_static,2,64,262144,0.001251,0.000000,0.000000,0.000025,0.000076,0.000244,0.000045,0.001184
swap_static,2,64,262144,0.001394,0.000000,0.000000,0.000027,0.000082,0.000228,0.000037,0.001275
swap_static,2,64,262144,0.001350,0.000000,0.000000,0.000023,0.000072,0.000291,0.000038,0.001255
swap_dynv2,2,64,262144,0.001449,0.000000,0.000007,0.000046,0.000089,0.000285,0.000052,0.001146
swap_dynv2,2,64,262144,0.001382,0.000000,0.000007,0.000034,0.000092,0.000279,0.000046,0.001264
swap_dynv2,2,64,262144,0.001286,0.000000,0.000004,0.000022,0.000059,0.000242,0.000046,0.001177
swap_dynv2,2,64,262144,0.001341,0.000000,0.000003,0.000021,0.000062,0.000235,0.000056,0.001171
swap_dynv2,2,64,262144,0.001343,0.000000,0.000003,0.000021,0.000066,0.000268,0.000044,0.001256
swap_dynv2,2,64,262144,0.001295,0.000000,0.000007,0.000029,0.000085,0.000284,0.000044,0.001271
swap_dynv2,2,64,262144,0.001352,0.000000,0.000004,0.000024,0.000069,0.000231,0.000043,0.001247
swap_dynv2,2,64,262144,0.001336,0.000000,0.000005,0.000025,0.000065,0.000255,0.000048,0.001245
swap_dynv2,2,64,262144,0.001335,0.000000,0.000006,0.000030,0.000082,0.000237,0.000044,0.001244
swap_dynv2,2,64,262144,0.001357,0.000000,0.000004,0.000021,0.000060,0.000209,0.000039,0.001244
swap_dynv2,2,64,262144,0.001304,0.000000,0.000006,0.000026,0.000083,0.000234,0.000046,0.001197
swap_dynv2,2,64,262144,0.001341,0.000000,0.000004,0.000020,0.000058,0.000215,0.000041,0.001212
swap_dynv2,2,64,262144,0.001365,0.000000,0.000006,0.000031,0.000089,0.000246,0.000039,0.001244
swap_dynv2,2,64,262144,0.001350,0.000000,0.000004,0.000022,0.000060,0.000229,0.000042,0.001234
swap_dynv2,2,64,262144,0.001275,0.000000,0.000004,0.000045,0.000077,0.000229,0.000042,0.001151
swap_dynv2,2,64,262144,0.001355,0.000000,0.000006,0.000028,0.000072,0.000230,0.000043,0.001296
swap_dynv2,2,64,262144,0.001367,0.000000,0.000004,0.000023,0.000072,0.000233,0.000044,0.001164
swap_dynv2,2,64,262144,0.001270,0.000000,0.000003,0.000022,0.000060,0.000240,0.000048,0.001281
swap_dynv2,2,64,262144,0.001337,0.000000,0.000005,0.000026,0.000084,0.000237,0.000042,0.001242
swap_dynv2,2,64,262144,0.001344,0.000000,0.000004,0.000021,0.000069,0.000239,0.000043,0.001154
swap_dynv2,2,64,262144,0.001256,0.000000,0.000003,0.000020,0.000060,0.000214,0.000040,0.001227
swap_dynv2,2,64,262144,0.001272,0.000000,0.000005,0.000027,0.000071,0.000229,0.000040,0.001226
swap_dynv2,2,64,262144,0.001246,0.000000,0.000005,0.000026,0.000107,0.000248,0.000043,0.001182
swap_dynv2,2,64,262144,0.001331,0.000000,0.000005,0.000025,0.000077,0.000235,0.000046,0.001264
swap_dynv2,2,64,262144,0.001310,0.000000,0.000006,0.000029,0.000082,0.000234,0.000044,0.001154
swap_dynv2,2,64,262144,0.001406,0.000000,0.000004,0.000020,0.000063,0.000214,0.000041,0.001153
swap_dynv2,2,64,262144,0.001394,0.000000,0.000004,0.000019,0.000069,0.000273,0.000049,0.001242
swap_dynv2,2,64,262144,0.001382,0.000000,0.000007,0.000031,0.000082,0.000238,0.000045,0.001257
swap_dynv2,2,64,262144,0.001337,0.000000,0.000006,0.000027,0.000085,0.000232,0.000039,0.001179
swap_dynv2,2,64,262144,0.001348,0.000000,0.000006,0.000026,0.000070,0.000236,0.000050,0.001244
swap_dynv2,2,64,262144,0.001292,0.000000,0.000002,0.000018,0.000058,0.000225,0.000045,0.001153
swap_dynv2,2,64,262144,0.001349,0.000000,0.000006,0.000031,0.000082,0.000247,0.000047,0.001243
swap_dynv2,2,64,262144,0.001328,0.000000,0.000006,0.000027,0.000089,0.000235,0.000043,0.001213
swap_dynv2,2,64,262144,0.001295,0.000000,0.000004,0.000021,0.000064,0.000250,0.000061,0.001151
swap_dynv2,2,64,262144,0.001316,0.000000,0.000004,0.000020,0.000065,0.000237,0.000044,0.001242
swap_dynv2,2,64,262144,0.001289,0.000000,0.000004,0.000021,0.000057,0.000229,0.000043,0.001213
swap_dynv2,2,64,262144,0.001333,0.000000,0.000004,0.000021,0.000069,0.000236,0.000042,0.001143
swap_dynv2,2,64,262144,0.001360,0.000000,0.000006,0.000028,0.000076,0.000273,0.000042,0.001274
swap_dynv2,2,64,262144,0.001342,0.000000,0.000004,0.000021,0.000065,0.000226,0.000044,0.001184
swap_dynv2,2,64,262144,0.001379,0.000000,0.000004,0.000022,0.000062,0.000221,0.000044,0.001246
swap_dynv2,2,64,262144,0.001379,0.000000,0.000006,0.000028,0.000079,0.000248,0.000045,0.001151
swap_dynv2,2,64,262144,0.001301,0.000000,0.000002,0.000020,0.000052,0.000234,0.000045,0.001252
swap_dynv2,2,64,262144,0.001328,0.000000,0.000004,0.000024,0.000068,0.000234,0.000042,0.001184
swap_dynv2,2,64,262144,0.001331,0.000000,0.000005,0.000027,0.000074,0.000239,0.000036,0.001252
swap_dynv2,2,64,262144,0.001282,0.000000,0.000002,0.000018,0.000056,0.000217,0.000123,0.001162
swap_dynv2,2,64,262144,0.001373,0.000000,0.000006,0.000025,0.000073,0.000242,0.000042,0.001222
swap_dynv2,2,64,262144,0.001332,0.000000,0.000005,0.000024,0.000073,0.000229,0.000122,0.001125
swap_dynv2,2,64,262144,0.001326,0.000000,0.000006,0.000030,0.000084,0.000247,0.000045,0.001248
swap_dynv2,2,64,262144,0.001345,0.000000,0.000006,0.000030,0.000089,0.000250,0.000043,0.001264
swap_dynv2,2,64,262144,0.001351,0.000000,0.000006,0.000027,0.000073,0.000238,0.000039,0.001316
swap_dynv2,2,64,262144,0.001356,0.000000,0.000006,0.000031,0.000103,0.000249,0.000045,0.001266
swap_dynv2,2,64,262144,0.001368,0.000000,0.000006,0.000028,0.000071,0.000253,0.000037,0.001230
swap_dynv2,2,64,262144,0.001374,0.000000,0.000006,0.000027,0.000080,0.000239,0.000048,0.001225
swap_dynv2,2,64,262144,0.001340,0.000000,0.000004,0.000023,0.000068,0.000257,0.000048,0.001191
swap_dynv2,2,64,262144,0.001310,0.000000,0.000004,0.000020,0.000067,0.000226,0.000045,0.001242
swap_dynv2,2,64,262144,0.001355,0.000000,0.000006,0.000031,0.000083,0.000242,0.000045,0.001254
swap_dynv2,2,64,262144,0.001325,0.000000,0.000005,0.000030,0.000090,0.000252,0.000044,0.001247
swap_dynv2,2,64,262144,0.001311,0.000000,0.000004,0.000021,0.000060,0.000229,0.000044,0.001247
swap_dynv2,2,64,262144,0.001287,0.000000,0.000004,0.000021,0.000070,0.000242,0.000046,0.001175
swap_dynv2,2,64,262144,0.001327,0.000000,0.000004,0.000022,0.000059,0.000238,0.000115,0.001197
swap_dynv2,2,64,262144,0.001369,0.000000,0.000006,0.000030,0.000090,0.000246,0.000044,0.001165
swap_dynv2,2,64,262144,0.001355,0.000000,0.000006,0.000029,0.000080,0.000244,0.000036,0.001273
swap_dynv2,2,64,262144,0.001311,0.000000,0.000003,0.000021,0.000065,0.000229,0.000035,0.001290
swap_dynv2,2,64,262144,0.001363,0.000000,0.000006,0.000028,0.000085,0.000247,0.000043,0.001227
swap_dynv2,2,64,262144,0.001362,0.000000,0.000005,0.000030,0.000086,0.000275,0.000045,0.001220
swap_dynv2,2,64,262144,0.001352,0.000000,0.000005,0.000030,0.000080,0.000236,0.000046,0.001229
swap_dynv2,2,64,262144,0.001325,0.000000,0.000004,0.000021,0.000064,0.000231,0.000051,0.001154
swap_dynv2,2,64,262144,0.001270,0.000000,0.000005,0.000029,0.000082,0.000252,0.000041,0.001278
swap_dynv2,2,64,262144,0.001306,0.000000,0.000006,0.000029,0.000091,0.000246,0.000044,0.001278
swap_dynv2,2,64,262144,0.001365,0.000000,0.000004,0.000023,0.000063,0.000241,0.000038,0.001251
swap_dynv2,2,64,262144,0.001292,0.000000,0.000004,0.000020,0.000064,0.000235,0.000036,0.001280
swap_dynv2,2,64,262144,0.001372,0.000000,0.000006,0.000026,0.000077,0.000250,0.000041,0.001291
swap_dynv2,2,64,262144,0.001418,0.000000,0.000006,0.000027,0.000088,0.000234,0.000044,0.001177
swap_dynv2,2,64,262144,0.001348,0.000000,0.000006,0.000029,0.000076,0.000257,0.000043,0.001268
swap_dynv2,2,64,262144,0.001309,0.000000,0.000004,0.000023,0.000075,0.000237,0.000046,0.001266
swap_static,2,64,16777216,0.076075,0.000000,0.000000,0.000046,0.000114,0.000350,0.000057,0.078584
swap_static,2,64,16777216,0.075559,0.000000,0.000000,0.000035,0.000110,0.000289,0.000052,0.075131
swap_static,2,64,16777216,0.074366,0.000000,0.000000,0.000031,0.000110,0.000306,0.000047,0.075064
swap_static,2,64,16777216,0.075450,0.000000,0.000000,0.000032,0.000097,0.000284,0.000055,0.075232
swap_static,2,64,16777216,0.074726,0.000000,0.000000,0.000033,0.000098,0.000307,0.000055,0.075315
swap_static,2,64,16777216,0.075728,0.000000,0.000000,0.000030,0.000102,0.000302,0.000053,0.075289
swap_static,2,64,16777216,0.074561,0.000000,0.000000,0.000039,0.000116,0.000290,0.000051,0.073640
swap_static,2,64,16777216,0.075705,0.000000,0.000000,0.000036,0.000102,0.000301,0.000043,0.074632
swap_static,2,64,16777216,0.074643,0.000000,0.000000,0.000030,0.000104,0.000312,0.000046,0.074448
swap_static,2,64,16777216,0.074213,0.000000,0.000000,0.000040,0.000121,0.000296,0.000046,0.075105
swap_static,2,64,16777216,0.074699,0.000000,0.000000,0.000034,0.000105,0.000302,0.000046,0.073904
swap_static,2,64,16777216,0.075221,0.000000,0.000000,0.000034,0.000113,0.000300,0.000051,0.074922
swap_static,2,64,16777216,0.074331,0.000000,0.000000,0.000034,0.000108,0.000300,0.000054,0.074920
swap_static,2,64,16777216,0.075190,0.000000,0.000000,0.000036,0.000108,0.000296,0.000053,0.074714
swap_static,2,64,16777216,0.074973,0.000000,0.000000,0.000033,0.000114,0.000294,0.000050,0.074444
swap_static,2,64,16777216,0.075116,0.000000,0.000000,0.000032,0.000112,0.000324,0.000049,0.075677
swap_static,2,64,16777216,0.074277,0.000000,0.000000,0.000034,0.000115,0.000290,0.000055,0.073892
swap_static,2,64,16777216,0.074912,0.000000,0.000000,0.000036,0.000110,0.000309,0.000050,0.074150
swap_static,2,64,16777216,0.074151,0.000000,0.000000,0.000032,0.000108,0.000309,0.000047,0.073680
swap_static,2,64,16777216,0.073912,0.000000,0.000000,0.000034,0.000116,0.000311,0.000046,0.074831
swap_static,2,64,16777216,0.074118,0.000000,0.000000,0.000035,0.000112,0.000301,0.000046,0.074322
swap_static,2,64,16777216,0.074276,0.000000,0.000000,0.000031,0.000114,0.000319,0.000045,0.074161
swap_static,2,64,16777216,0.074151,0.000000,0.000000,0.000035,0.000120,0.000311,0.000047,0.075354
swap_static,2,64,16777216,0.074156,0.000000,0.000000,0.000035,0.000104,0.000295,0.000045,0.076855
swap_static,2,64,16777216,0.074309,0.000000,0.000000,0.000042,0.000111,0.000308,0.000047,0.074470
swap_static,2,64,16777216,0.074225,0.000000,0.000000,0.000037,0.000128,0.000304,0.000049,0.073414
swap_static,2,64,16777216,0.073804,0.000000,0.000000,0.000032,0.000107,0.000306,0.000063,0.074760
swap_static,2,64,16777216,0.073851,0.000000,0.000000,0.000032,0.000103,0.000320,0.000048,0.073623
swap_static,2,64,16777216,0.074403,0.000000,0.000000,0.000032,0.000097,0.000319,0.000044,0.073701
swap_static,2,64,16777216,0.074165,0.000000,0.000000,0.000032,0.000118,0.000307,0.000044,0.073716
swap_static,2,64,16777216,0.073921,0.000000,0.000000,0.000036,0.000115,0.000298,0.000052,0.074883
swap_static,2,64,16777216,0.073019,0.000000,0.000000,0.000032,0.000109,0.000290,0.000053,0.072678
swap_static,2,64,16777216,0.074312,0.000000,0.000000,0.000033,0.000110,0.000313,0.000050,0.073923
swap_static,2,64,16777216,0.074220,0.000000,0.000000,0.000034,0.000119,0.000303,0.000061,0.073882
swap_static,2,64,16777216,0.074557,0.000000,0.000000,0.000035,0.000110,0.000318,0.000046,0.073424
swap_static,2,64,16777216,0.074376,0.000000,0.000000,0.000035,0.000130,0.000305,0.000049,0.073493
swap_static,2,64,16777216,0.074250,0.000000,0.000000,0.000033,0.000114,0.000312,0.000047,0.073646
swap_static,2,64,16777216,0.074550,0.000000,0.000000,0.000033,0.000115,0.000304,0.000049,0.074364
swap_static,2,64,16777216,0.073992,0.000000,0.000000,0.000031,0.000105,0.000292,0.000050,0.074654
swap_static,2,64,16777216,0.074410,0.000000,0.000000,0.000027,0.000095,0.000321,0.000052,0.073493
swap_static,2,64,16777216,0.074142,0.000000,0.000000,0.000028,0.000100,0.000318,0.000044,0.074047
swap_static,2,64,16777216,0.073507,0.000000,0.000000,0.000032,0.000109,0.000291,0.000046,0.073274
swap_static,2,64,16777216,0.073789,0.000000,0.000000,0.000032,0.000100,0.000296,0.000054,0.074176
swap_static,2,64,16777216,0.074170,0.000000,0.000000,0.000033,0.000116,0.000315,0.000048,0.074281
swap_static,2,64,16777216,0.073372,0.000000,0.000000,0.000039,0.000107,0.000293,0.000046,0.073661
swap_static,2,64,16777216,0.076858,0.000000,0.000000,0.000035,0.000112,0.000301,0.000045,0.073206
swap_static,2,64,16777216,0.073943,0.000000,0.000000,0.000034,0.000114,0.000318,0.000046,0.074529
swap_static,2,64,16777216,0.073363,0.000000,0.000000,0.000034,0.000112,0.000305,0.000051,0.072694
swap_static,2,64,16777216,0.074567,0.000000,0.000000,0.000034,0.000117,0.000309,0.000047,0.074446
swap_static,2,64,16777216,0.074064,0.000000,0.000000,0.000033,0.000111,0.000300,0.000046,0.073488
swap_static,2,64,16777216,0.074450,0.000000,0.000000,0.000034,0.000116,0.000293,0.000053,0.073896
swap_static,2,64,16777216,0.073917,0.000000,0.000000,0.000034,0.000116,0.000293,0.000052,0.073365
swap_static,2,64,16777216,0.074343,0.000000,0.000000,0.000042,0.000113,0.000300,0.000051,0.073747
swap_static,2,64,16777216,0.074394,0.000000,0.000000,0.000034,0.000113,0.000307,0.000046,0.074187
swap_static,2,64,16777216,0.074500,0.000000,0.000000,0.000032,0.000102,0.000303,0.000039,0.074181
swap_static,2,64,16777216,0.074100,0.000000,0.000000,0.000033,0.000107,0.000298,0.000045,0.073637
swap_static,2,64,16777216,0.074137,0.000000,0.000000,0.000034,0.000119,0.000319,0.000052,0.073299
swap_static,2,64,16777216,0.074333,0.000000,0.000000,0.000032,0.000125,0.000308,0.000051,0.073568
swap_static,2,64,16777216,0.078510,0.000000,0.000000,0.000034,0.000110,0.000316,0.000050,0.074771
swap_static,2,64,16777216,0.074415,0.000000,0.000000,0.000031,0.000104,0.000303,0.000049,0.073624
swap_static,2,64,16777216,0.074880,0.000000,0.000000,0.000034,0.000115,0.000299,0.000052,0.073061
swap_static,2,64,16777216,0.073999,0.000000,0.000000,0.000029,0.000099,0.000301,0.000050,0.073067
swap_static,2,64,16777216,0.074338,0.000000,0.000000,0.000034,0.000108,0.000304,0.000049,0.073266
swap_static,2,64,16777216,0.074599,0.000000,0.000000,0.000031,0.000105,0.000300,0.000050,0.073755
swap_static,2,64,16777216,0.074135,0.000000,0.000000,0.000033,0.000108,0.000308,0.000046,0.073274
swap_static,2,64,16777216,0.073673,0.000000,0.000000,0.000033,0.000109,0.000297,0.000059,0.073770
swap_static,2,64,16777216,0.073592,0.000000,0.000000,0.000031,0.000104,0.000308,0.000053,0.073569
swap_static,2,64,16777216,0.073730,0.000000,0.000000,0.000032,0.000119,0.000300,0.000046,0.074395
swap_static,2,64,16777216,0.073833,0.000000,0.000000,0.000033,0.000115,0.000314,0.000043,0.073872
swap_static,2,64,16777216,0.077270,0.000000,0.000000,0.000032,0.000102,0.000293,0.000052,0.073464
swap_static,2,64,16777216,0.073648,0.000000,0.000000,0.000034,0.000112,0.000306,0.000046,0.073239
swap_static,2,64,16777216,0.074325,0.000000,0.000000,0.000033,0.000099,0.000296,0.000043,0.073532
swap_static,2,64,16777216,0.074176,0.000000,0.000000,0.000036,0.000109,0.000303,0.000047,0.073615
swap_static,2,64,16777216,0.072388,0.000000,0.000000,0.000035,0.000123,0.000305,0.000050,0.073065
swap_static,2,64,16777216,0.073072,0.000000,0.000000,0.000033,0.000112,0.000302,0.000053,0.072795
swap_dynv2,2,64,16777216,0.075372,0.000000,0.000008,0.000059,0.000103,0.000347,0.000199,0.074469
swap_dynv2,2,64,16777216,0.075162,0.000000,0.000010,0.000041,0.000112,0.000302,0.000055,0.075772
swap_dynv2,2,64,16777216,0.075272,0.000000,0.000009,0.000039,0.000122,0.000309,0.000050,0.075123
swap_dynv2,2,64,16777216,0.075139,0.000000,0.000009,0.000039,0.000119,0.000311,0.000050,0.075370
swap_dynv2,2,64,16777216,0.075257,0.000000,0.000009,0.000040,0.000110,0.000313,0.000047,0.074916
swap_dynv2,2,64,16777216,0.074643,0.000000,0.000009,0.000041,0.000112,0.000325,0.000044,0.075240
swap_dynv2,2,64,16777216,0.074690,0.000000,0.000009,0.000038,0.000102,0.000334,0.000051,0.075202
swap_dynv2,2,64,16777216,0.075369,0.000000,0.000009,0.000038,0.000101,0.000327,0.000049,0.074987
swap_dynv2,2,64,16777216,0.073975,0.000000,0.000009,0.000035,0.000107,0.000312,0.000055,0.074127
swap_dynv2,2,64,16777216,0.074772,0.000000,0.000008,0.000041,0.000107,0.000311,0.000047,0.075412
swap_dynv2,2,64,16777216,0.074333,0.000000,0.000009,0.000038,0.000101,0.000323,0.000055,0.073703
swap_dynv2,2,64,16777216,0.074436,0.000000,0.000009,0.000043,0.000116,0.000317,0.000051,0.073683
swap_dynv2,2,64,16777216,0.075539,0.000000,0.000010,0.000041,0.000110,0.000319,0.000048,0.073476
swap_dynv2,2,64,16777216,0.075150,0.000000,0.000009,0.000040,0.000109,0.000312,0.000048,0.074864
swap_dynv2,2,64,16777216,0.073089,0.000000,0.000009,0.000042,0.000112,0.000297,0.000052,0.072631
swap_dynv2,2,64,16777216,0.075302,0.000000,0.000010,0.000040,0.000109,0.000347,0.000051,0.074230
swap_dynv2,2,64,16777216,0.074622,0.000000,0.000009,0.000037,0.000102,0.000328,0.000050,0.074268
swap_dynv2,2,64,16777216,0.074383,0.000000,0.000009,0.000040,0.000111,0.000311,0.000051,0.075593
swap_dynv2,2,64,16777216,0.074221,0.000000,0.000008,0.000036,0.000102,0.000336,0.000050,0.074105
swap_dynv2,2,64,16777216,0.074881,0.000000,0.000009,0.000041,0.000111,0.000308,0.000047,0.074514
swap_dynv2,2,64,16777216,0.074672,0.000000,0.000009,0.000040,0.000107,0.000337,0.000062,0.074777
swap_dynv2,2,64,16777216,0.074683,0.000000,0.000009,0.000042,0.000113,0.000310,0.000047,0.075258
swap_dynv2,2,64,16777216,0.074333,0.000000,0.000009,0.000040,0.000116,0.000316,0.000047,0.078020
swap_dynv2,2,64,16777216,0.074800,0.000000,0.000008,0.000040,0.000113,0.000308,0.000048,0.074095
swap_dynv2,2,64,16777216,0.074328,0.000000,0.000010,0.000041,0.000115,0.000318,0.000044,0.075087
swap_dynv2,2,64,16777216,0.074420,0.000000,0.000009,0.000040,0.000106,0.000300,0.000052,0.074164
swap_dynv2,2,64,16777216,0.074565,0.000000,0.000009,0.000043,0.000113,0.000340,0.000049,0.074949
swap_dynv2,2,64,16777216,0.074229,0.000000,0.000009,0.000040,0.000122,0.000312,0.000049,0.074023
swap_dynv2,2,64,16777216,0.073994,0.000000,0.000008,0.000036,0.000095,0.000326,0.000133,0.074705
swap_dynv2,2,64,16777216,0.073927,0.000000,0.000014,0.000041,0.000112,0.000327,0.000046,0.074213
swap_dynv2,2,64,16777216,0.074917,0.000000,0.000009,0.000041,0.000112,0.000342,0.000048,0.074346
swap_dynv2,2,64,16777216,0.074616,0.000000,0.000008,0.000036,0.000105,0.000313,0.000051,0.074385
swap_dynv2,2,64,16777216,0.074317,0.000000,0.000009,0.000038,0.000112,0.000313,0.000050,0.073741
swap_dynv2,2,64,16777216,0.074308,0.000000,0.000007,0.000035,0.000093,0.000300,0.000047,0.074878
swap_dynv2,2,64,16777216,0.074070,0.000000,0.000008,0.000035,0.000108,0.000341,0.000050,0.075381
swap_dynv2,2,64,16777216,0.074406,0.000000,0.000009,0.000038,0.000100,0.000327,0.000050,0.075068
swap_dynv2,2,64,16777216,0.074504,0.000000,0.000009,0.000040,0.000108,0.000317,0.000046,0.073752
swap_dynv2,2,64,16777216,0.074766,0.000000,0.000008,0.000040,0.000111,0.000316,0.000059,0.073852
swap_dynv2,2,64,16777216,0.074907,0.000000,0.000009,0.000044,0.000115,0.000332,0.000059,0.073391
swap_dynv2,2,64,16777216,0.074615,0.000000,0.000008,0.000039,0.000100,0.000308,0.000048,0.073597
swap_dynv2,2,64,16777216,0.074189,0.000000,0.000008,0.000032,0.000092,0.000322,0.000046,0.074596
swap_dynv2,2,64,16777216,0.073698,0.000000,0.000009,0.000040,0.000109,0.000305,0.000052,0.073819
swap_dynv2,2,64,16777216,0.074430,0.000000,0.000009,0.000040,0.000109,0.000333,0.000063,0.073579
swap_dynv2,2,64,16777216,0.074172,0.000000,0.000008,0.000039,0.000106,0.000308,0.000050,0.073577
swap_dynv2,2,64,16777216,0.074446,0.000000,0.000009,0.000041,0.000116,0.000317,0.000047,0.074776
swap_dynv2,2,64,16777216,0.074117,0.000000,0.000008,0.000041,0.000111,0.000334,0.000050,0.074887
swap_dynv2,2,64,16777216,0.074167,0.000000,0.000008,0.000034,0.000095,0.000335,0.000049,0.073653
swap_dynv2,2,64,16777216,0.074149,0.000000,0.000009,0.000039,0.000110,0.000351,0.000051,0.074441
swap_dynv2,2,64,16777216,0.074361,0.000000,0.000008,0.000035,0.000100,0.000338,0.000053,0.074229
swap_dynv2,2,64,16777216,0.074149,0.000000,0.000008,0.000040,0.000111,0.000341,0.000050,0.074038
swap_dynv2,2,64,16777216,0.073979,0.000000,0.000009,0.000039,0.000102,0.000308,0.000055,0.073914
swap_dynv2,2,64,16777216,0.074070,0.000000,0.000008,0.000035,0.000097,0.000307,0.000046,0.074251
swap_dynv2,2,64,16777216,0.074931,0.000000,0.000007,0.000034,0.000090,0.000329,0.000049,0.074066
swap_dynv2,2,64,16777216,0.073708,0.000000,0.000010,0.000041,0.000117,0.000348,0.000050,0.074224
swap_dynv2,2,64,16777216,0.074441,0.000000,0.000010,0.000042,0.000118,0.000300,0.000054,0.074685
swap_dynv2,2,64,16777216,0.073775,0.000000,0.000009,0.000036,0.000099,0.000349,0.000152,0.073385
swap_dynv2,2,64,16777216,0.074381,0.000000,0.000008,0.000036,0.000107,0.000312,0.000048,0.073330
swap_dynv2,2,64,16777216,0.074534,0.000000,0.000008,0.000034,0.000097,0.000347,0.000048,0.073551
swap_dynv2,2,64,16777216,0.077654,0.000000,0.000009,0.000041,0.000109,0.000308,0.000046,0.073597
swap_dynv2,2,64,16777216,0.073178,0.000000,0.000009,0.000037,0.000101,0.000344,0.000050,0.074412
swap_dynv2,2,64,16777216,0.075016,0.000000,0.000008,0.000035,0.000093,0.000325,0.000052,0.073436
swap_dynv2,2,64,16777216,0.073618,0.000000,0.000008,0.000037,0.000100,0.000288,0.000053,0.073245
swap_dynv2,2,64,16777216,0.074329,0.000000,0.000009,0.000041,0.000113,0.000317,0.000050,0.073558
swap_dynv2,2,64,16777216,0.074403,0.000000,0.000008,0.000036,0.000099,0.000334,0.000050,0.073244
swap_dynv2,2,64,16777216,0.074142,0.000000,0.000008,0.000037,0.000100,0.000341,0.000050,0.073508
swap_dynv2,2,64,16777216,0.073426,0.000000,0.000008,0.000035,0.000112,0.000352,0.000051,0.074133
swap_dynv2,2,64,16777216,0.075512,0.000000,0.000007,0.000037,0.000097,0.000323,0.000063,0.073436
swap_dynv2,2,64,16777216,0.073850,0.000000,0.000010,0.000043,0.000115,0.000310,0.000047,0.074314
swap_dynv2,2,64,16777216,0.074345,0.000000,0.000010,0.000044,0.000130,0.000328,0.000049,0.074153
swap_dynv2,2,64,16777216,0.074341,0.000000,0.000009,0.000036,0.000103,0.000329,0.000049,0.074107
swap_dynv2,2,64,16777216,0.074527,0.000000,0.000009,0.000035,0.000106,0.000336,0.000051,0.074988
swap_dynv2,2,64,16777216,0.074223,0.000000,0.000008,0.000036,0.000105,0.000337,0.000050,0.074591
swap_dynv2,2,64,16777216,0.073685,0.000000,0.000011,0.000038,0.000106,0.000341,0.000049,0.074620
swap_dynv2,2,64,16777216,0.074844,0.000000,0.000009,0.000037,0.000102,0.000344,0.000059,0.075021
swap_dynv2,2,64,16777216,0.075055,0.000000,0.000008,0.000037,0.000101,0.000329,0.000142,0.074023
swap_static,2,256,4096,0.000627,0.000000,0.000000,0.000080,0.000076,0.000270,0.000051,0.000116
swap_static,2,256,4096,0.000219,0.000000,0.000000,0.000040,0.000073,0.000234,0.000041,0.000123
swap_static,2,256,4096,0.000184,0.000000,0.000000,0.000032,0.000044,0.000204,0.000041,0.000117
swap_static,2,256,4096,0.000168,0.000000,0.000000,0.000032,0.000045,0.000201,0.000040,0.000115
swap_static,2,256,4096,0.000186,0.000000,0.000000,0.000041,0.000073,0.000235,0.000066,0.000093
swap_static,2,256,4096,0.000181,0.000000,0.000000,0.000040,0.000066,0.000238,0.000040,0.000125
swap_static,2,256,4096,0.000198,0.000000,0.000000,0.000036,0.000053,0.000223,0.000044,0.000111
swap_static,2,256,4096,0.000190,0.000000,0.000000,0.000034,0.000055,0.000205,0.000044,0.000115
swap_static,2,256,4096,0.000193,0.000000,0.000000,0.000043,0.000075,0.000251,0.000046,0.000108
swap_static,2,256,4096,0.000191,0.000000,0.000000,0.000032,0.000047,0.000198,0.000038,0.000114
swap_static,2,256,4096,0.000190,0.000000,0.000000,0.000038,0.000069,0.000236,0.000043,0.000121
swap_static,2,256,4096,0.000190,0.000000,0.000000,0.000037,0.000063,0.000221,0.000043,0.000112
swap_static,2,256,4096,0.000187,0.000000,0.000000,0.000032,0.000046,0.000202,0.000051,0.000098
swap_static,2,256,4096,0.000177,0.000000,0.000000,0.000030,0.000046,0.000202,0.000038,0.000117
swap_static,2,256,4096,0.000183,0.000000,0.000000,0.000041,0.000077,0.000241,0.000042,0.000119
swap_static,2,256,4096,0.000183,0.000000,0.000000,0.000036,0.000065,0.000227,0.000047,0.000112
swap_static,2,256,4096,0.000202,0.000000,0.000000,0.000037,0.000061,0.000229,0.000045,0.000113
swap_static,2,256,4096,0.000191,0.000000,0.000000,0.000039,0.000067,0.000234,0.000044,0.000114
swap_static,2,256,4096,0.000195,0.000000,0.000000,0.000037,0.000067,0.000212,0.000041,0.000107
swap_static,2,256,4096,0.000186,0.000000,0.000000,0.000035,0.000059,0.000212,0.000044,0.000105
swap_static,2,256,4096,0.000183,0.000000,0.000000,0.000040,0.000065,0.000202,0.000040,0.000114
swap_static,2,256,4096,0.000192,0.000000,0.000000,0.000044,0.000066,0.000207,0.000040,0.000106
swap_static,2,256,4096,0.000190,0.000000,0.000000,0.000038,0.000065,0.000222,0.000035,0.000116
swap_static,2,256,4096,0.000178,0.000000,0.000000,0.000032,0.000045,0.000202,0.000042,0.000110
swap_static,2,256,4096,0.000189,0.000000,0.000000,0.000038,0.000067,0.000226,0.000037,0.000131
swap_static,2,256,4096,0.000243,0.000000,0.000000,0.000037,0.000054,0.000211,0.000047,0.000109
swap_static,2,256,4096,0.000194,0.000000,0.000000,0.000036,0.000056,0.000212,0.000142,0.000000
swap_static,2,256,4096,0.000187,0.000000,0.000000,0.000032,0.000046,0.000193,0.000125,0.000015
swap_static,2,256,4096,0.000197,0.000000,0.000000,0.000032,0.000047,0.000265,0.000046,0.000111
swap_static,2,256,4096,0.000193,0.000000,0.000000,0.000034,0.000058,0.000213,0.000034,0.000112
swap_static,2,256,4096,0.000190,0.000000,0.000000,0.000036,0.000058,0.000212,0.000040,0.000112
swap_static,2,256,4096,0.000203,0.000000,0.000000,0.000038,0.000062,0.000222,0.000036,0.000109
swap_static,2,256,4096,0.000189,0.000000,0.000000,0.000038,0.000071,0.000241,0.000048,0.000101
swap_static,2,256,4096,0.000182,0.000000,0.000000,0.000035,0.000062,0.000213,0.000041,0.000102
swap_static,2,256,4096,0.000183,0.000000,0.000000,0.000031,0.000048,0.000204,0.000041,0.000102
swap_static,2,256,4096,0.000189,0.000000,0.000000,0.000031,0.000067,0.000210,0.000140,0.000000
swap_static,2,256,4096,0.000186,0.000000,0.000000,0.000045,0.000080,0.000249,0.000043,0.000117
swap_static,2,256,4096,0.000200,0.000000,0.000000,0.000035,0.000063,0.000223,0.000039,0.000109
swap_static,2,256,4096,0.000183,0.000000,0.000000,0.000030,0.000049,0.000248,0.000042,0.000110
swap_static,2,256,4096,0.000201,0.000000,0.000000,0.000043,0.000076,0.000226,0.000043,0.000111
swap_static,2,256,4096,0.000189,0.000000,0.000000,0.000040,0.000051,0.000196,0.000040,0.000106
swap_static,2,256,4096,0.000181,0.000000,0.000000,0.000042,0.000079,0.000217,0.000043,0.000115
swap_static,2,256,4096,0.000196,0.000000,0.000000,0.000038,0.000051,0.000201,0.000139,0.000001
swap_static,2,256,4096,0.000189,0.000000,0.000000,0.000036,0.000062,0.000215,0.000041,0.000113
swap_static,2,256,4096,0.000183,0.000000,0.000000,0.000041,0.000055,0.000202,0.000035,0.000119
swap_static,2,256,4096,0.000195,0.000000,0.000000,0.000036,0.000068,0.000212,0.000039,0.000132
swap_static,2,256,4096,0.000195,0.000000,0.000000,0.000032,0.000049,0.000210,0.000042,0.000105
swap_static,2,256,4096,0.000184,0.000000,0.000000,0.000042,0.000072,0.000233,0.000145,0.000001
swap_static,2,256,4096,0.000193,0.000000,0.000000,0.000032,0.000051,0.000200,0.000041,0.000102
swap_static,2,256,4096,0.000199,0.000000,0.000000,0.000031,0.000064,0.000209,0.000044,0.000112
swap_static,2,256,4096,0.000207,0.000000,0.000000,0.000033,0.000051,0.000206,0.000041,0.000110
swap_static,2,256,4096,0.000193,0.000000,0.000000,0.000036,0.000063,0.000214,0.000042,0.000125
swap_static,2,256,4096,0.000198,0.000000,0.000000,0.000038,0.000067,0.000223,0.000045,0.000107
swap_static,2,256,4096,0.000189,0.000000,0.000000,0.000032,0.000049,0.000224,0.000057,0.000106
swap_static,2,256,4096,0.000205,0.000000,0.000000,0.000039,0.000075,0.000243,0.000040,0.000108
swap_static,2,256,4096,0.000187,0.000000,0.000000,0.000036,0.000071,0.000243,0.000046,0.000115
swap_static,2,256,4096,0.000176,0.000000,0.000000,0.000030,0.000052,0.000214,0.000038,0.000122
swap_static,2,256,4096,0.000206,0.000000,0.000000,0.000034,0.000060,0.000225,0.000040,0.000117
swap_static,2,256,4096,0.000192,0.000000,0.000000,0.000032,0.000053,0.000231,0.000043,0.000122
swap_static,2,256,4096,0.000309,0.000000,0.000000,0.000042,0.000084,0.000268,0.000037,0.000119
swap_static,2,256,4096,0.000203,0.000000,0.000000,0.000036,0.000056,0.000238,0.000041,0.000109
swap_static,2,256,4096,0.000177,0.000000,0.000000,0.000030,0.000048,0.000211,0.000040,0.000108
swap_static,2,256,4096,0.000182,0.000000,0.000000,0.000031,0.000063,0.000237,0.000041,0.000132
swap_static,2,256,4096,0.000196,0.000000,0.000000,0.000036,0.000067,0.000233,0.000036,0.000114
swap_static,2,256,4096,0.000202,0.000000,0.000000,0.000041,0.000079,0.000274,0.000041,0.000116
swap_static,2,256,4096,0.000202,0.000000,0.000000,0.000037,0.000070,0.000234,0.000043,0.000124
swap_static,2,256,4096,0.000199,0.000000,0.000000,0.000040,0.000058,0.000236,0.000046,0.000115
swap_static,2,256,4096,0.000203,0.000000,0.000000,0.000040,0.000077,0.000251,0.000037,0.000145
swap_static,2,256,4096,0.000202,0.000000,0.000000,0.000033,0.000051,0.000237,0.000051,0.000118
swap_static,2,256,4096,0.000185,0.000000,0.000000,0.000031,0.000048,0.000284,0.000046,0.000111
swap_static,2,256,4096,0.000192,0.000000,0.000000,0.000028,0.000050,0.000230,0.000041,0.000126
swap_static,2,256,4096,0.000190,0.000000,0.000000,0.000035,0.000066,0.000229,0.000047,0.000107
swap_static,2,256,4096,0.000178,0.000000,0.000000,0.000030,0.000047,0.000214,0.000039,0.000102
swap_static,2,256,4096,0.000183,0.000000,0.000000,0.000031,0.000050,0.000305,0.000047,0.000117
swap_static,2,256,4096,0.000183,0.000000,0.000000,0.000037,0.000071,0.000234,0.000047,0.000120
swap_dynv2,2,256,4096,0.000267,0.000000,0.000006,0.000104,0.000091,0.000261,0.000045,0.000130
swap_dynv2,2,256,4096,0.000209,0.000000,0.000002,0.000032,0.000051,0.000212,0.000043,0.000114
swap_dynv2,2,256,4096,0.000194,0.000000,0.000002,0.000029,0.000049,0.000204,0.000039,0.000126
swap_dynv2,2,256,4096,0.000184,0.000000,0.000005,0.000047,0.000084,0.000287,0.000045,0.000112
swap_dynv2,2,256,4096,0.000207,0.000000,0.000003,0.000028,0.000051,0.000212,0.000041,0.000110
swap_dynv2,2,256,4096,0.000198,0.000000,0.000002,0.000032,0.000049,0.000212,0.000046,0.000117
swap_dynv2,2,256,4096,0.000205,0.000000,0.000006,0.000043,0.000090,0.000263,0.000058,0.000113
swap_dynv2,2,256,4096,0.000195,0.000000,0.000005,0.000090,0.000075,0.000237,0.000045,0.000116
swap_dynv2,2,256,4096,0.000208,0.000000,0.000004,0.000038,0.000076,0.000240,0.000043,0.000120
swap_dynv2,2,256,4096,0.000203,0.000000,0.000005,0.000044,0.000081,0.000244,0.000041,0.000114
swap_dynv2,2,256,4096,0.000187,0.000000,0.000006,0.000043,0.000090,0.000238,0.000050,0.000122
swap_dynv2,2,256,4096,0.000194,0.000000,0.000005,0.000044,0.000075,0.000234,0.000045,0.000120
swap_dynv2,2,256,4096,0.000201,0.000000,0.000003,0.000032,0.000057,0.000220,0.000044,0.000111
swap_dynv2,2,256,4096,0.000191,0.000000,0.000002,0.000032,0.000052,0.000218,0.000041,0.000107
swap_dynv2,2,256,4096,0.000195,0.000000,0.000005,0.000042,0.000075,0.000222,0.000044,0.000108
swap_dynv2,2,256,4096,0.000200,0.000000,0.000004,0.000044,0.000067,0.000210,0.000040,0.000101
swap_dynv2,2,256,4096,0.000185,0.000000,0.000002,0.000032,0.000048,0.000196,0.000042,0.000118
swap_dynv2,2,256,4096,0.000201,0.000000,0.000002,0.000031,0.000058,0.000198,0.000048,0.000102
swap_dynv2,2,256,4096,0.000185,0.000000,0.000002,0.000031,0.000048,0.000192,0.000041,0.000120
swap_dynv2,2,256,4096,0.000196,0.000000,0.000005,0.000044,0.000150,0.000234,0.000044,0.000123
swap_dynv2,2,256,4096,0.000188,0.000000,0.000002,0.000031,0.000048,0.000197,0.000040,0.000124
swap_dynv2,2,256,4096,0.000200,0.000000,0.000005,0.000047,0.000085,0.000230,0.000039,0.000112
swap_dynv2,2,256,4096,0.000187,0.000000,0.000005,0.000043,0.000073,0.000234,0.000046,0.000124
swap_dynv2,2,256,4096,0.000187,0.000000,0.000005,0.000044,0.000070,0.000220,0.000035,0.000129
swap_dynv2,2,256,4096,0.000178,0.000000,0.000004,0.000032,0.000070,0.000267,0.000044,0.000114
swap_dynv2,2,256,4096,0.000200,0.000000,0.000005,0.000041,0.000073,0.000218,0.000040,0.000110
swap_dynv2,2,256,4096,0.000192,0.000000,0.000002,0.000037,0.000052,0.000209,0.000043,0.000115
swap_dynv2,2,256,4096,0.000184,0.000000,0.000003,0.000035,0.000056,0.000210,0.000043,0.000118
swap_dynv2,2,256,4096,0.000192,0.000000,0.000004,0.000037,0.000066,0.000210,0.000040,0.000107
swap_dynv2,2,256,4096,0.000191,0.000000,0.000004,0.000037,0.000064,0.000216,0.000035,0.000115
swap_dynv2,2,256,4096,0.000201,0.000000,0.000006,0.000048,0.000091,0.000246,0.000043,0.000107
swap_dynv2,2,256,4096,0.000185,0.000000,0.000004,0.000033,0.000065,0.000225,0.000042,0.000111
swap_dynv2,2,256,4096,0.000194,0.000000,0.000005,0.000038,0.000068,0.000220,0.000040,0.000116
swap_dynv2,2,256,4096,0.000189,0.000000,0.000006,0.000045,0.000090,0.000270,0.000176,0.000001
swap_dynv2,2,256,4096,0.000177,0.000000,0.000002,0.000031,0.000050,0.000212,0.000043,0.000112
swap_dynv2,2,256,4096,0.000178,0.000000,0.000002,0.000037,0.000050,0.000197,0.000059,0.000100
swap_dynv2,2,256,4096,0.000199,0.000000,0.000004,0.000036,0.000061,0.000227,0.000043,0.000113
swap_dynv2,2,256,4096,0.000188,0.000000,0.000004,0.000036,0.000065,0.000220,0.000048,0.000111
swap_dynv2,2,256,4096,0.000189,0.000000,0.000006,0.000045,0.000085,0.000251,0.000050,0.000129
swap_dynv2,2,256,4096,0.000182,0.000000,0.000005,0.000045,0.000078,0.000226,0.000043,0.000114
swap_dynv2,2,256,4096,0.000202,0.000000,0.000005,0.000039,0.000075,0.000227,0.000048,0.000135
swap_dynv2,2,256,4096,0.000188,0.000000,0.000002,0.000032,0.000050,0.000201,0.000040,0.000112
swap_dynv2,2,256,4096,0.000189,0.000000,0.000002,0.000032,0.000049,0.000238,0.000045,0.000122
swap_dynv2,2,256,4096,0.000181,0.000000,0.000002,0.000031,0.000049,0.000203,0.000052,0.000103
swap_dynv2,2,256,4096,0.000180,0.000000,0.000002,0.000032,0.000054,0.000321,0.000044,0.000108
swap_dynv2,2,256,4096,0.000177,0.000000,0.000002,0.000031,0.000049,0.000197,0.000040,0.000110
swap_dynv2,2,256,4096,0.000204,0.000000,0.000006,0.000047,0.000088,0.000243,0.000038,0.000134
swap_dynv2,2,256,4096,0.000192,0.000000,0.000003,0.000032,0.000052,0.000199,0.000040,0.000114
swap_dynv2,2,256,4096,0.000212,0.000000,0.000002,0.000032,0.000052,0.000233,0.000044,0.000112
swap_dynv2,2,256,4096,0.000202,0.000000,0.000004,0.000037,0.000067,0.000234,0.000043,0.000228
swap_dynv2,2,256,4096,0.000191,0.000000,0.000003,0.000033,0.000054,0.000237,0.000039,0.000108
swap_dynv2,2,256,4096,0.000209,0.000000,0.000004,0.000036,0.000072,0.000242,0.000043,0.000107
swap_dynv2,2,256,4096,0.000186,0.000000,0.000004,0.000034,0.000064,0.000236,0.000050,0.000111
swap_dynv2,2,256,4096,0.000186,0.000000,0.000006,0.000055,0.000096,0.000267,0.000043,0.000112
swap_dynv2,2,256,4096,0.000180,0.000000,0.000002,0.000028,0.000049,0.000224,0.000092,0.000068
swap_dynv2,2,256,4096,0.000198,0.000000,0.000004,0.000038,0.000068,0.000241,0.000041,0.000118
swap_dynv2,2,256,4096,0.000187,0.000000,0.000002,0.000031,0.000050,0.000220,0.000041,0.000110
swap_dynv2,2,256,4096,0.000207,0.000000,0.000005,0.000045,0.000081,0.000253,0.000043,0.000119
swap_dynv2,2,256,4096,0.000192,0.000000,0.000004,0.000043,0.000079,0.000239,0.000048,0.000108
swap_dynv2,2,256,4096,0.000192,0.000000,0.000003,0.000033,0.000051,0.000222,0.000054,0.000108
swap_dynv2,2,256,4096,0.000344,0.000000,0.000004,0.000038,0.000066,0.000228,0.000036,0.000121
swap_dynv2,2,256,4096,0.000203,0.000000,0.000005,0.000044,0.000088,0.000250,0.000042,0.000112
swap_dynv2,2,256,4096,0.000184,0.000000,0.000002,0.000032,0.000056,0.000212,0.000042,0.000112
swap_dynv2,2,256,4096,0.000206,0.000000,0.000004,0.000040,0.000078,0.000234,0.000040,0.000111
swap_dynv2,2,256,4096,0.000201,0.000000,0.000005,0.000041,0.000074,0.000249,0.000036,0.000141
swap_dynv2,2,256,4096,0.000206,0.000000,0.000004,0.000037,0.000073,0.000247,0.000045,0.000116
swap_dynv2,2,256,4096,0.000191,0.000000,0.000005,0.000040,0.000077,0.000252,0.000044,0.000115
swap_dynv2,2,256,4096,0.000210,0.000000,0.000005,0.000044,0.000072,0.000247,0.000045,0.000117
swap_dynv2,2,256,4096,0.000199,0.000000,0.000002,0.000031,0.000057,0.000229,0.000036,0.000110
swap_dynv2,2,256,4096,0.000220,0.000000,0.000002,0.000033,0.000053,0.000213,0.000041,0.000108
swap_dynv2,2,256,4096,0.000174,0.000000,0.000003,0.000034,0.000057,0.000224,0.000041,0.000110
swap_dynv2,2,256,4096,0.000193,0.000000,0.000006,0.000048,0.000084,0.000280,0.000041,0.000105
swap_dynv2,2,256,4096,0.000199,0.000000,0.000003,0.000030,0.000053,0.000220,0.000053,0.000101
swap_dynv2,2,256,4096,0.000191,0.000000,0.000002,0.000032,0.000053,0.000216,0.000038,0.000116
swap_dynv2,2,256,4096,0.000204,0.000000,0.000006,0.000044,0.000088,0.000260,0.000047,0.000121
swap_static,2,256,262144,0.001714,0.000000,0.000000,0.000080,0.000076,0.000268,0.000049,0.001115
swap_static,2,256,262144,0.001265,0.000000,0.000000,0.000032,0.000053,0.000225,0.000052,0.001118
swap_static,2,256,262144,0.001724,0.000000,0.000000,0.000037,0.000061,0.000237,0.000048,0.001382
swap_static,2,256,262144,0.001704,0.000000,0.000000,0.000042,0.000084,0.000255,0.000045,0.001591
swap_static,2,256,262144,0.001377,0.000000,0.000000,0.000042,0.000078,0.000252,0.000049,0.001139
swap_static,2,256,262144,0.001693,0.000000,0.000000,0.000039,0.000099,0.000258,0.000056,0.001165
swap_static,2,256,262144,0.001649,0.000000,0.000000,0.000036,0.000073,0.000263,0.000045,0.001274
swap_static,2,256,262144,0.001715,0.000000,0.000000,0.000032,0.000059,0.000240,0.000046,0.001393
swap_static,2,256,262144,0.001617,0.000000,0.000000,0.000033,0.000057,0.000233,0.000043,0.001316
swap_static,2,256,262144,0.001651,0.000000,0.000000,0.000046,0.000079,0.000233,0.000041,0.001308
swap_static,2,256,262144,0.001672,0.000000,0.000000,0.000044,0.000091,0.000250,0.000042,0.001121
swap_static,2,256,262144,0.001704,0.000000,0.000000,0.000039,0.000072,0.000285,0.000047,0.001252
swap_static,2,256,262144,0.001698,0.000000,0.000000,0.000040,0.000077,0.000245,0.000045,0.001556
swap_static,2,256,262144,0.001650,0.000000,0.000000,0.000040,0.000081,0.000241,0.000051,0.001127
swap_static,2,256,262144,0.001680,0.000000,0.000000,0.000035,0.000067,0.000232,0.000151,0.001376
swap_static,2,256,262144,0.001742,0.000000,0.000000,0.000035,0.000068,0.000241,0.000044,0.001442
swap_static,2,256,262144,0.001694,0.000000,0.000000,0.000038,0.000077,0.000250,0.000044,0.001149
swap_static,2,256,262144,0.001648,0.000000,0.000000,0.000045,0.000087,0.000264,0.000048,0.001527
swap_static,2,256,262144,0.001717,0.000000,0.000000,0.000044,0.000084,0.000257,0.000045,0.001133
swap_static,2,256,262144,0.001664,0.000000,0.000000,0.000039,0.000076,0.000243,0.000047,0.001127
swap_static,2,256,262144,0.001593,0.000000,0.000000,0.000036,0.000058,0.000240,0.000057,0.001512
swap_static,2,256,262144,0.001658,0.000000,0.000000,0.000036,0.000060,0.000252,0.000044,0.001126
swap_static,2,256,262144,0.001659,0.000000,0.000000,0.000035,0.000077,0.000254,0.000045,0.001537
swap_static,2,256,262144,0.001625,0.000000,0.000000,0.000033,0.000062,0.000231,0.000048,0.001136
swap_static,2,256,262144,0.001744,0.000000,0.000000,0.000050,0.000090,0.000263,0.000051,0.001521
swap_static,2,256,262144,0.001646,0.000000,0.000000,0.000036,0.000059,0.000239,0.000047,0.001590
swap_static,2,256,262144,0.001707,0.000000,0.000000,0.000034,0.000058,0.000261,0.000044,0.001125
swap_static,2,256,262144,0.001674,0.000000,0.000000,0.000043,0.000086,0.000280,0.000046,0.001438
swap_static,2,256,262144,0.001674,0.000000,0.000000,0.000044,0.000080,0.000260,0.000046,0.001426
swap_static,2,256,262144,0.001642,0.000000,0.000000,0.000042,0.000091,0.000262,0.000055,0.001535
swap_static,2,256,262144,0.001670,0.000000,0.000000,0.000042,0.000087,0.000265,0.000051,0.001531
swap_static,2,256,262144,0.001733,0.000000,0.000000,0.000036,0.000060,0.000259,0.000044,0.001176
swap_static,2,256,262144,0.001603,0.000000,0.000000,0.000036,0.000077,0.000256,0.000048,0.001505
swap_static,2,256,262144,0.001685,0.000000,0.000000,0.000040,0.000077,0.000259,0.000045,0.001333
swap_static,2,256,262144,0.001871,0.000000,0.000000,0.000041,0.000080,0.000242,0.000043,0.001438
swap_static,2,256,262144,0.001630,0.000000,0.000000,0.000036,0.000077,0.000257,0.000046,0.001472
swap_static,2,256,262144,0.001644,0.000000,0.000000,0.000034,0.000059,0.000243,0.000044,0.001144
swap_static,2,256,262144,0.001693,0.000000,0.000000,0.000042,0.000086,0.000259,0.000049,0.001545
swap_static,2,256,262144,0.001727,0.000000,0.000000,0.000037,0.000081,0.000276,0.000060,0.001548
swap_static,2,256,262144,0.001561,0.000000,0.000000,0.000051,0.000096,0.000260,0.000048,0.003350
swap_static,2,256,262144,0.001669,0.000000,0.000000,0.000032,0.000061,0.000244,0.000043,0.001127
swap_static,2,256,262144,0.001619,0.000000,0.000000,0.000031,0.000069,0.000245,0.000044,0.001152
swap_static,2,256,262144,0.001598,0.000000,0.000000,0.000032,0.000058,0.000254,0.000044,0.001425
swap_static,2,256,262144,0.001629,0.000000,0.000000,0.000042,0.000086,0.000256,0.000053,0.001510
swap_static,2,256,262144,0.001651,0.000000,0.000000,0.000042,0.000084,0.000264,0.000046,0.001206
swap_static,2,256,262144,0.001685,0.000000,0.000000,0.000034,0.000060,0.000235,0.000047,0.001555
swap_static,2,256,262144,0.001657,0.000000,0.000000,0.000031,0.000056,0.000251,0.000108,0.001433
swap_static,2,256,262144,0.001663,0.000000,0.000000,0.000034,0.000074,0.000245,0.000046,0.001140
swap_static,2,256,262144,0.001653,0.000000,0.000000,0.000038,0.000074,0.000266,0.000042,0.001202
swap_static,2,256,262144,0.001672,0.000000,0.000000,0.000035,0.000070,0.000257,0.000049,0.001531
swap_static,2,256,262144,0.001728,0.000000,0.000000,0.000031,0.000057,0.000256,0.000176,0.001429
swap_static,2,256,262144,0.001705,0.000000,0.000000,0.000034,0.000058,0.000272,0.000048,0.001367
swap_static,2,256,262144,0.001653,0.000000,0.000000,0.000039,0.000070,0.000252,0.000046,0.001119
swap_static,2,256,262144,0.001718,0.000000,0.000000,0.000043,0.000093,0.000272,0.000042,0.001535
swap_static,2,256,262144,0.001742,0.000000,0.000000,0.000045,0.000082,0.000268,0.000046,0.001515
swap_static,2,256,262144,0.001677,0.000000,0.000000,0.000032,0.000055,0.000244,0.000049,0.001137
swap_static,2,256,262144,0.001645,0.000000,0.000000,0.000041,0.000092,0.000262,0.000043,0.001559
swap_static,2,256,262144,0.001696,0.000000,0.000000,0.000034,0.000055,0.000259,0.000045,0.001273
swap_static,2,256,262144,0.001636,0.000000,0.000000,0.000030,0.000056,0.000246,0.000048,0.001125
swap_static,2,256,262144,0.001646,0.000000,0.000000,0.000041,0.000086,0.000271,0.000057,0.001130
swap_static,2,256,262144,0.001645,0.000000,0.000000,0.000040,0.000090,0.000256,0.000051,0.001498
swap_static,2,256,262144,0.001650,0.000000,0.000000,0.000037,0.000085,0.000257,0.000045,0.001130
swap_static,2,256,262144,0.001669,0.000000,0.000000,0.000030,0.000064,0.000237,0.000050,0.001120
swap_static,2,256,262144,0.001676,0.000000,0.000000,0.000042,0.000079,0.000262,0.000045,0.001300
swap_static,2,256,262144,0.001632,0.000000,0.000000,0.000048,0.000082,0.000248,0.000044,0.001540
swap_static,2,256,262144,0.001607,0.000000,0.000000,0.000036,0.000066,0.000240,0.000051,0.001428
swap_static,2,256,262144,0.001658,0.000000,0.000000,0.000035,0.000057,0.000221,0.000051,0.001135
swap_static,2,256,262144,0.001732,0.000000,0.000000,0.000037,0.000066,0.000230,0.000045,0.001157
swap_static,2,256,262144,0.001667,0.000000,0.000000,0.000049,0.000088,0.000262,0.000050,0.001532
swap_static,2,256,262144,0.001740,0.000000,0.000000,0.000038,0.000074,0.000234,0.000047,0.001134
swap_static,2,256,262144,0.001656,0.000000,0.000000,0.000035,0.000061,0.000244,0.000045,0.001568
swap_static,2,256,262144,0.001686,0.000000,0.000000,0.000038,0.000074,0.000239,0.000045,0.001448
swap_static,2,256,262144,0.001699,0.000000,0.000000,0.000047,0.000088,0.000245,0.000048,0.001206
swap_static,2,256,262144,0.001697,0.000000,0.000000,0.000039,0.000069,0.000247,0.000044,0.001545
swap_static,2,256,262144,0.001655,0.000000,0.000000,0.000037,0.000080,0.000238,0.000046,0.001249
swap_dynv2,2,256,262144,0.001781,0.000000,0.000005,0.000080,0.000074,0.000290,0.000052,0.001526
swap_dynv2,2,256,262144,0.001626,0.000000,0.000006,0.000041,0.000080,0.000269,0.000047,0.001418
swap_dynv2,2,256,262144,0.001649,0.000000,0.000006,0.000042,0.000074,0.000262,0.000047,0.001126
swap_dynv2,2,256,262144,0.001629,0.000000,0.000004,0.000037,0.000061,0.000261,0.000047,0.001456
swap_dynv2,2,256,262144,0.001654,0.000000,0.000007,0.000046,0.000094,0.000265,0.000049,0.001496
swap_dynv2,2,256,262144,0.001678,0.000000,0.000006,0.000041,0.000092,0.000260,0.000048,0.001397
swap_dynv2,2,256,262144,0.001721,0.000000,0.000004,0.000036,0.000062,0.000244,0.000058,0.001525
swap_dynv2,2,256,262144,0.001589,0.000000,0.000006,0.000043,0.000082,0.000246,0.000051,0.001536
swap_dynv2,2,256,262144,0.001720,0.000000,0.000005,0.000065,0.000072,0.000232,0.000054,0.001121
swap_dynv2,2,256,262144,0.001634,0.000000,0.000004,0.000035,0.000071,0.000255,0.000047,0.001240
swap_dynv2,2,256,262144,0.001638,0.000000,0.000003,0.000038,0.000063,0.000296,0.000043,0.001219
swap_dynv2,2,256,262144,0.001651,0.000000,0.000005,0.000040,0.000088,0.000276,0.000044,0.001115
swap_dynv2,2,256,262144,0.001676,0.000000,0.000003,0.000033,0.000069,0.000276,0.000048,0.001188
swap_dynv2,2,256,262144,0.001642,0.000000,0.000006,0.000044,0.000090,0.000270,0.000043,0.001204
swap_dynv2,2,256,262144,0.001662,0.000000,0.000006,0.000043,0.000080,0.000255,0.000045,0.001218
swap_dynv2,2,256,262144,0.001668,0.000000,0.000006,0.000046,0.000093,0.000288,0.000053,0.001517
swap_dynv2,2,256,262144,0.001647,0.000000,0.000005,0.000044,0.000090,0.000263,0.000043,0.001103
swap_dynv2,2,256,262144,0.001244,0.000000,0.000002,0.000032,0.000058,0.000243,0.000047,0.001131
swap_dynv2,2,256,262144,0.001629,0.000000,0.000005,0.000043,0.000079,0.000277,0.000042,0.001524
swap_dynv2,2,256,262144,0.001633,0.000000,0.000005,0.000037,0.000075,0.000258,0.000044,0.001508
swap_dynv2,2,256,262144,0.001657,0.000000,0.000004,0.000035,0.000075,0.000305,0.000049,0.001213
swap_dynv2,2,256,262144,0.001636,0.000000,0.000004,0.000035,0.000072,0.000264,0.000045,0.001279
swap_dynv2,2,256,262144,0.001643,0.000000,0.000006,0.000042,0.000099,0.000281,0.000056,0.001107
swap_dynv2,2,256,262144,0.001623,0.000000,0.000005,0.000036,0.000074,0.000257,0.000043,0.001488
swap_dynv2,2,256,262144,0.001642,0.000000,0.000007,0.000056,0.000102,0.000287,0.000044,0.001113
swap_dynv2,2,256,262144,0.001650,0.000000,0.000006,0.000076,0.000094,0.000269,0.000045,0.001319
swap_dynv2,2,256,262144,0.001724,0.000000,0.000005,0.000041,0.000086,0.000274,0.000049,0.001491
swap_dynv2,2,256,262144,0.001624,0.000000,0.000004,0.000036,0.000062,0.000257,0.000049,0.001483
swap_dynv2,2,256,262144,0.001663,0.000000,0.000006,0.000039,0.000081,0.000275,0.000046,0.001109
swap_dynv2,2,256,262144,0.001673,0.000000,0.000005,0.000042,0.000077,0.000258,0.000047,0.001108
swap_dynv2,2,256,262144,0.001629,0.000000,0.000004,0.000034,0.000065,0.000271,0.000046,0.001352
swap_dynv2,2,256,262144,0.001678,0.000000,0.000005,0.000040,0.000082,0.000257,0.000042,0.001415
swap_dynv2,2,256,262144,0.001622,0.000000,0.000006,0.000044,0.000090,0.000283,0.000043,0.001121
swap_dynv2,2,256,262144,0.001673,0.000000,0.000004,0.000036,0.000063,0.000259,0.000048,0.001452
swap_dynv2,2,256,262144,0.001713,0.000000,0.000006,0.000044,0.000086,0.000276,0.000051,0.001195
swap_dynv2,2,256,262144,0.001726,0.000000,0.000005,0.000044,0.000089,0.000258,0.000049,0.001119
swap_dynv2,2,256,262144,0.001682,0.000000,0.000005,0.000042,0.000090,0.000280,0.000049,0.001130
swap_dynv2,2,256,262144,0.001636,0.000000,0.000006,0.000043,0.000094,0.000255,0.000045,0.001400
swap_dynv2,2,256,262144,0.001663,0.000000,0.000003,0.000035,0.000062,0.000267,0.000047,0.001121
swap_dynv2,2,256,262144,0.001692,0.000000,0.000006,0.000049,0.000092,0.000268,0.000044,0.001452
swap_dynv2,2,256,262144,0.001677,0.000000,0.000004,0.000034,0.000073,0.000258,0.000045,0.001114
swap_dynv2,2,256,262144,0.001661,0.000000,0.000006,0.000049,0.000095,0.000278,0.000044,0.001116
swap_dynv2,2,256,262144,0.001655,0.000000,0.000005,0.000033,0.000068,0.000259,0.000048,0.001125
swap_dynv2,2,256,262144,0.001694,0.000000,0.000004,0.000034,0.000076,0.000253,0.000048,0.001334
swap_dynv2,2,256,262144,0.001643,0.000000,0.000003,0.000036,0.000060,0.000264,0.000046,0.001380
swap_dynv2,2,256,262144,0.001633,0.000000,0.000004,0.000032,0.000060,0.000256,0.000046,0.001114
swap_dynv2,2,256,262144,0.001685,0.000000,0.000006,0.000048,0.000098,0.000264,0.000044,0.001334
swap_dynv2,2,256,262144,0.001698,0.000000,0.000006,0.000045,0.000088,0.000249,0.000049,0.001420
swap_dynv2,2,256,262144,0.001758,0.000000,0.000006,0.000045,0.000086,0.000274,0.000042,0.001114
swap_dynv2,2,256,262144,0.001663,0.000000,0.000004,0.000039,0.000065,0.000251,0.000040,0.001415
swap_dynv2,2,256,262144,0.001676,0.000000,0.000005,0.000038,0.000076,0.000246,0.000047,0.001513
swap_dynv2,2,256,262144,0.001709,0.000000,0.000005,0.000035,0.000075,0.000261,0.000047,0.001240
swap_dynv2,2,256,262144,0.001725,0.000000,0.000006,0.000040,0.000085,0.000281,0.000045,0.001193
swap_dynv2,2,256,262144,0.001359,0.000000,0.000006,0.000047,0.000094,0.000254,0.000053,0.001542
swap_dynv2,2,256,262144,0.001653,0.000000,0.000006,0.000041,0.000083,0.000245,0.000101,0.001467
swap_dynv2,2,256,262144,0.001722,0.000000,0.000005,0.000070,0.000075,0.000264,0.000048,0.001338
swap_dynv2,2,256,262144,0.001725,0.000000,0.000005,0.000038,0.000076,0.000246,0.000049,0.001451
swap_dynv2,2,256,262144,0.001671,0.000000,0.000006,0.000050,0.000110,0.000264,0.000048,0.001132
swap_dynv2,2,256,262144,0.001646,0.000000,0.000004,0.000037,0.000064,0.000247,0.000049,0.001533
swap_dynv2,2,256,262144,0.001665,0.000000,0.000006,0.000048,0.000092,0.000263,0.000049,0.001115
swap_dynv2,2,256,262144,0.001682,0.000000,0.000004,0.000038,0.000072,0.000258,0.000047,0.001594
swap_dynv2,2,256,262144,0.001649,0.000000,0.000004,0.000032,0.000065,0.000254,0.000047,0.001107
swap_dynv2,2,256,262144,0.001672,0.000000,0.000003,0.000031,0.000068,0.000252,0.000050,0.001228
swap_dynv2,2,256,262144,0.001590,0.000000,0.000006,0.000047,0.000105,0.000272,0.000039,0.001127
swap_dynv2,2,256,262144,0.001699,0.000000,0.000006,0.000041,0.000086,0.000265,0.000048,0.001338
swap_dynv2,2,256,262144,0.001669,0.000000,0.000004,0.000034,0.000070,0.000253,0.000048,0.001330
swap_dynv2,2,256,262144,0.001723,0.000000,0.000005,0.000045,0.000085,0.000262,0.000049,0.001432
swap_dynv2,2,256,262144,0.001643,0.000000,0.000006,0.000041,0.000081,0.000258,0.000048,0.001192
swap_dynv2,2,256,262144,0.001693,0.000000,0.000006,0.000049,0.000092,0.000260,0.000048,0.001179
swap_dynv2,2,256,262144,0.001654,0.000000,0.000006,0.000043,0.000088,0.000266,0.000056,0.001124
swap_dynv2,2,256,262144,0.001585,0.000000,0.000006,0.000047,0.000089,0.000254,0.000052,0.001131
swap_dynv2,2,256,262144,0.001677,0.000000,0.000006,0.000044,0.000088,0.000261,0.000044,0.001122
swap_dynv2,2,256,262144,0.001639,0.000000,0.000005,0.000035,0.000067,0.000244,0.000049,0.001499
swap_dynv2,2,256,262144,0.001665,0.000000,0.000004,0.000038,0.000070,0.000264,0.000046,0.001193
swap_dynv2,2,256,262144,0.001551,0.000000,0.000006,0.000042,0.000090,0.000259,0.000050,0.001118
swap_static,2,256,16777216,0.095602,0.000000,0.000000,0.000093,0.000104,0.000338,0.000045,0.095184
swap_static,2,256,16777216,0.096993,0.000000,0.000000,0.000047,0.000106,0.000324,0.000051,0.097455
swap_static,2,256,16777216,0.097440,0.000000,0.000000,0.000048,0.000106,0.000318,0.000048,0.097380
swap_static,2,256,16777216,0.097238,0.000000,0.000000,0.000050,0.000122,0.000312,0.000047,0.095863
swap_static,2,256,16777216,0.097755,0.000000,0.000000,0.000052,0.000109,0.000341,0.000049,0.098712
swap_static,2,256,16777216,0.096647,0.000000,0.000000,0.000049,0.000106,0.000329,0.000049,0.096105
swap_static,2,256,16777216,0.099399,0.000000,0.000000,0.000050,0.000110,0.000305,0.000053,0.097068
swap_static,2,256,16777216,0.096562,0.000000,0.000000,0.000052,0.000116,0.000347,0.000040,0.095794
swap_static,2,256,16777216,0.097199,0.000000,0.000000,0.000051,0.000110,0.000342,0.000049,0.094923
swap_static,2,256,16777216,0.096978,0.000000,0.000000,0.000046,0.000099,0.000332,0.000038,0.096898
swap_static,2,256,16777216,0.097022,0.000000,0.000000,0.000057,0.000109,0.000339,0.000045,0.095592
swap_static,2,256,16777216,0.097771,0.000000,0.000000,0.000053,0.000122,0.000308,0.000046,0.095753
swap_static,2,256,16777216,0.097757,0.000000,0.000000,0.000051,0.000117,0.000321,0.000049,0.098390
swap_static,2,256,16777216,0.098237,0.000000,0.000000,0.000047,0.000100,0.000343,0.000057,0.096019
swap_static,2,256,16777216,0.099435,0.000000,0.000000,0.000053,0.000123,0.000305,0.000054,0.096645
swap_static,2,256,16777216,0.096604,0.000000,0.000000,0.000048,0.000103,0.000332,0.000048,0.096108
swap_static,2,256,16777216,0.098186,0.000000,0.000000,0.000052,0.000114,0.000350,0.000049,0.097173
swap_static,2,256,16777216,0.096976,0.000000,0.000000,0.000054,0.000116,0.000319,0.000045,0.095525
swap_static,2,256,16777216,0.097697,0.000000,0.000000,0.000045,0.000114,0.000300,0.000045,0.096051
swap_static,2,256,16777216,0.096875,0.000000,0.000000,0.000052,0.000110,0.000301,0.000055,0.096400
swap_static,2,256,16777216,0.098857,0.000000,0.000000,0.000050,0.000105,0.000337,0.000050,0.095840
swap_static,2,256,16777216,0.097202,0.000000,0.000000,0.000049,0.000097,0.000312,0.000046,0.095635
swap_static,2,256,16777216,0.097621,0.000000,0.000000,0.000051,0.000107,0.000337,0.000043,0.098183
swap_static,2,256,16777216,0.097686,0.000000,0.000000,0.000051,0.000112,0.000333,0.000049,0.096697
swap_static,2,256,16777216,0.098209,0.000000,0.000000,0.000048,0.000104,0.000331,0.000048,0.096810
swap_static,2,256,16777216,0.096641,0.000000,0.000000,0.000067,0.000111,0.000344,0.000049,0.095321
swap_static,2,256,16777216,0.097766,0.000000,0.000000,0.000047,0.000103,0.000325,0.000049,0.095503
swap_static,2,256,16777216,0.100237,0.000000,0.000000,0.000053,0.000124,0.000309,0.000047,0.096677
swap_static,2,256,16777216,0.097518,0.000000,0.000000,0.000046,0.000104,0.000321,0.000049,0.098618
swap_static,2,256,16777216,0.098293,0.000000,0.000000,0.000048,0.000126,0.000302,0.000053,0.096338
swap_static,2,256,16777216,0.098377,0.000000,0.000000,0.000045,0.000115,0.000325,0.000069,0.099002
swap_static,2,256,16777216,0.097242,0.000000,0.000000,0.000052,0.000112,0.000332,0.000049,0.097376
swap_static,2,256,16777216,0.099544,0.000000,0.000000,0.000056,0.000107,0.000340,0.000050,0.097821
swap_static,2,256,16777216,0.098299,0.000000,0.000000,0.000054,0.000118,0.000313,0.000047,0.096687
swap_static,2,256,16777216,0.097814,0.000000,0.000000,0.000047,0.000107,0.000334,0.000050,0.096385
swap_static,2,256,16777216,0.097074,0.000000,0.000000,0.000048,0.000105,0.000318,0.000050,0.096681
swap_static,2,256,16777216,0.097765,0.000000,0.000000,0.000049,0.000123,0.000328,0.000060,0.095197
swap_static,2,256,16777216,0.097213,0.000000,0.000000,0.000050,0.000126,0.000305,0.000050,0.097092
swap_static,2,256,16777216,0.097749,0.000000,0.000000,0.000056,0.000110,0.000336,0.000056,0.096779
swap_static,2,256,16777216,0.097681,0.000000,0.000000,0.000054,0.000111,0.000337,0.000050,0.094998
swap_static,2,256,16777216,0.096226,0.000000,0.000000,0.000054,0.000126,0.000313,0.000044,0.096561
swap_static,2,256,16777216,0.098238,0.000000,0.000000,0.000051,0.000105,0.000319,0.000056,0.095772
swap_static,2,256,16777216,0.097239,0.000000,0.000000,0.000046,0.000118,0.000302,0.000058,0.099135
swap_static,2,256,16777216,0.098302,0.000000,0.000000,0.000051,0.000108,0.000315,0.000046,0.109472
swap_static,2,256,16777216,0.098436,0.000000,0.000000,0.000055,0.000114,0.000316,0.000047,0.096433
swap_static,2,256,16777216,0.097736,0.000000,0.000000,0.000052,0.000085,0.000323,0.000059,0.097205
swap_static,2,256,16777216,0.097406,0.000000,0.000000,0.000054,0.000110,0.000368,0.000052,0.094811
swap_static,2,256,16777216,0.097665,0.000000,0.000000,0.000050,0.000096,0.000355,0.000049,0.098269
swap_static,2,256,16777216,0.099913,0.000000,0.000000,0.000049,0.000108,0.000344,0.000048,0.095776
swap_static,2,256,16777216,0.097235,0.000000,0.000000,0.000050,0.000118,0.000330,0.000060,0.096832
swap_static,2,256,16777216,0.097989,0.000000,0.000000,0.000051,0.000108,0.000323,0.000052,0.096439
swap_static,2,256,16777216,0.097216,0.000000,0.000000,0.000052,0.000123,0.000312,0.000050,0.095712
swap_static,2,256,16777216,0.097262,0.000000,0.000000,0.000051,0.000109,0.000317,0.000043,0.095976
swap_static,2,256,16777216,0.096913,0.000000,0.000000,0.000054,0.000108,0.000311,0.000049,0.096954
swap_static,2,256,16777216,0.096872,0.000000,0.000000,0.000052,0.000110,0.000316,0.000049,0.097367
swap_static,2,256,16777216,0.096374,0.000000,0.000000,0.000050,0.000110,0.000444,0.000057,0.096892
swap_static,2,256,16777216,0.096986,0.000000,0.000000,0.000049,0.000087,0.000308,0.000059,0.095360
swap_static,2,256,16777216,0.095765,0.000000,0.000000,0.000051,0.000108,0.000316,0.000052,0.092242
swap_static,2,256,16777216,0.094934,0.000000,0.000000,0.000055,0.000117,0.000302,0.000047,0.097136
swap_static,2,256,16777216,0.097568,0.000000,0.000000,0.000050,0.000095,0.000299,0.000050,0.097898
swap_static,2,256,16777216,0.096000,0.000000,0.000000,0.000048,0.000094,0.000336,0.000054,0.096254
swap_static,2,256,16777216,0.097121,0.000000,0.000000,0.000049,0.000092,0.000307,0.000047,0.096235
swap_static,2,256,16777216,0.097772,0.000000,0.000000,0.000055,0.000111,0.000301,0.000047,0.095586
swap_static,2,256,16777216,0.100664,0.000000,0.000000,0.000051,0.000122,0.000311,0.000051,0.097577
swap_static,2,256,16777216,0.097678,0.000000,0.000000,0.000054,0.000121,0.000303,0.000048,0.096299
swap_static,2,256,16777216,0.097320,0.000000,0.000000,0.000050,0.000103,0.000307,0.000051,0.096236
swap_static,2,256,16777216,0.097410,0.000000,0.000000,0.000051,0.000112,0.000307,0.000049,0.096705
swap_static,2,256,16777216,0.096399,0.000000,0.000000,0.000046,0.000103,0.000328,0.000044,0.095991
swap_static,2,256,16777216,0.096088,0.000000,0.000000,0.000046,0.000105,0.000307,0.000055,0.095260
swap_static,2,256,16777216,0.096818,0.000000,0.000000,0.000050,0.000108,0.000292,0.000047,0.095119
swap_static,2,256,16777216,0.098621,0.000000,0.000000,0.000051,0.000104,0.000412,0.000049,0.096581
swap_static,2,256,16777216,0.096815,0.000000,0.000000,0.000075,0.000116,0.000345,0.000072,0.095628
swap_static,2,256,16777216,0.100553,0.000000,0.000000,0.000045,0.000110,0.000295,0.000069,0.096318
swap_static,2,256,16777216,0.097012,0.000000,0.000000,0.000051,0.000093,0.000309,0.000057,0.096462
swap_static,2,256,16777216,0.100280,0.000000,0.000000,0.000045,0.000107,0.000322,0.000047,0.097669
swap_dynv2,2,256,16777216,0.095180,0.000000,0.000008,0.000099,0.000118,0.000314,0.000080,0.095043
swap_dynv2,2,256,16777216,0.096110,0.000000,0.000008,0.000061,0.000106,0.000315,0.000040,0.094525
swap_dynv2,2,256,16777216,0.094757,0.000000,0.000008,0.000058,0.000115,0.000327,0.000048,0.093493
swap_dynv2,2,256,16777216,0.095655,0.000000,0.000009,0.000065,0.000118,0.000301,0.000052,0.094880
swap_dynv2,2,256,16777216,0.095911,0.000000,0.000008,0.000052,0.000099,0.000341,0.000049,0.096029
swap_dynv2,2,256,16777216,0.094495,0.000000,0.000008,0.000051,0.000105,0.000368,0.000048,0.096023
swap_dynv2,2,256,16777216,0.094567,0.000000,0.000010,0.000054,0.000120,0.000340,0.000048,0.095609
swap_dynv2,2,256,16777216,0.095470,0.000000,0.000009,0.000058,0.000119,0.000343,0.000054,0.096150
swap_dynv2,2,256,16777216,0.095282,0.000000,0.000007,0.000050,0.000111,0.000332,0.000048,0.092868
swap_dynv2,2,256,16777216,0.095441,0.000000,0.000009,0.000054,0.000113,0.000309,0.000052,0.096196
swap_dynv2,2,256,16777216,0.095929,0.000000,0.000009,0.000059,0.000128,0.000309,0.000054,0.095785
swap_dynv2,2,256,16777216,0.096176,0.000000,0.000009,0.000055,0.000122,0.000297,0.000047,0.095078
swap_dynv2,2,256,16777216,0.095039,0.000000,0.000010,0.000059,0.000124,0.000340,0.000050,0.096093
swap_dynv2,2,256,16777216,0.096140,0.000000,0.000010,0.000058,0.000113,0.000307,0.000048,0.095588
swap_dynv2,2,256,16777216,0.095801,0.000000,0.000007,0.000052,0.000109,0.000343,0.000047,0.094784
swap_dynv2,2,256,16777216,0.095445,0.000000,0.000007,0.000054,0.000118,0.000335,0.000046,0.094118
swap_dynv2,2,256,16777216,0.095571,0.000000,0.000010,0.000060,0.000124,0.000322,0.000051,0.095083
swap_dynv2,2,256,16777216,0.096458,0.000000,0.000008,0.000055,0.000094,0.000335,0.000047,0.095978
swap_dynv2,2,256,16777216,0.095240,0.000000,0.000007,0.000055,0.000113,0.000345,0.000048,0.096246
swap_dynv2,2,256,16777216,0.096683,0.000000,0.000008,0.000052,0.000108,0.000345,0.000047,0.096078
swap_dynv2,2,256,16777216,0.098967,0.000000,0.000009,0.000056,0.000115,0.000337,0.000059,0.094558
swap_dynv2,2,256,16777216,0.095844,0.000000,0.000009,0.000055,0.000125,0.000354,0.000049,0.094720
swap_dynv2,2,256,16777216,0.097724,0.000000,0.000010,0.000057,0.000123,0.000318,0.000055,0.095988
swap_dynv2,2,256,16777216,0.096195,0.000000,0.000009,0.000054,0.000117,0.000305,0.000054,0.097015
swap_dynv2,2,256,16777216,0.096782,0.000000,0.000009,0.000059,0.000130,0.000318,0.000053,0.096375
swap_dynv2,2,256,16777216,0.096570,0.000000,0.000008,0.000049,0.000112,0.000345,0.000051,0.096100
swap_dynv2,2,256,16777216,0.097134,0.000000,0.000008,0.000055,0.000109,0.000342,0.000054,0.095774
swap_dynv2,2,256,16777216,0.096203,0.000000,0.000008,0.000051,0.000106,0.000335,0.000049,0.095872
swap_dynv2,2,256,16777216,0.095182,0.000000,0.000010,0.000058,0.000117,0.000331,0.000068,0.095353
swap_dynv2,2,256,16777216,0.095108,0.000000,0.000007,0.000050,0.000114,0.000339,0.000049,0.093618
swap_dynv2,2,256,16777216,0.096241,0.000000,0.000009,0.000056,0.000128,0.000333,0.000047,0.094889
swap_dynv2,2,256,16777216,0.095752,0.000000,0.000009,0.000054,0.000123,0.000347,0.000053,0.094377
swap_dynv2,2,256,16777216,0.095971,0.000000,0.000009,0.000057,0.000123,0.000313,0.000055,0.095093
swap_dynv2,2,256,16777216,0.096170,0.000000,0.000009,0.000055,0.000134,0.000319,0.000046,0.095356
swap_dynv2,2,256,16777216,0.096820,0.000000,0.000009,0.000058,0.000130,0.000334,0.000053,0.094817
swap_dynv2,2,256,16777216,0.095995,0.000000,0.000009,0.000056,0.000119,0.000318,0.000051,0.095381
swap_dynv2,2,256,16777216,0.095452,0.000000,0.000009,0.000060,0.000120,0.000317,0.000047,0.094031
swap_dynv2,2,256,16777216,0.095749,0.000000,0.000009,0.000060,0.000123,0.000316,0.000054,0.096319
swap_dynv2,2,256,16777216,0.096100,0.000000,0.000010,0.000057,0.000124,0.000318,0.000047,0.094604
swap_dynv2,2,256,16777216,0.095944,0.000000,0.000016,0.000058,0.000113,0.000318,0.000054,0.095826
swap_dynv2,2,256,16777216,0.096497,0.000000,0.000009,0.000056,0.000131,0.000325,0.000047,0.096245
swap_dynv2,2,256,16777216,0.096434,0.000000,0.000008,0.000051,0.000117,0.000336,0.000050,0.096745
swap_dynv2,2,256,16777216,0.095794,0.000000,0.000008,0.000058,0.000118,0.000345,0.000049,0.095516
swap_dynv2,2,256,16777216,0.096534,0.000000,0.000009,0.000061,0.000119,0.000334,0.000048,0.098142
swap_dynv2,2,256,16777216,0.094645,0.000000,0.000010,0.000054,0.000111,0.000320,0.000058,0.093548
swap_dynv2,2,256,16777216,0.092092,0.000000,0.000008,0.000052,0.000118,0.000324,0.000049,0.093252
swap_dynv2,2,256,16777216,0.094979,0.000000,0.000010,0.000059,0.000127,0.000307,0.000052,0.097364
swap_dynv2,2,256,16777216,0.092909,0.000000,0.000008,0.000050,0.000104,0.000325,0.000046,0.093880
swap_dynv2,2,256,16777216,0.097303,0.000000,0.000011,0.000055,0.000123,0.000309,0.000048,0.096178
swap_dynv2,2,256,16777216,0.096386,0.000000,0.000007,0.000056,0.000098,0.000323,0.000049,0.096370
swap_dynv2,2,256,16777216,0.096500,0.000000,0.000010,0.000059,0.000132,0.000348,0.000049,0.095940
swap_dynv2,2,256,16777216,0.093567,0.000000,0.000011,0.000058,0.000122,0.000341,0.000050,0.094019
swap_dynv2,2,256,16777216,0.093337,0.000000,0.000010,0.000060,0.000121,0.000310,0.000054,0.095305
swap_dynv2,2,256,16777216,0.094594,0.000000,0.000008,0.000052,0.000107,0.000317,0.000047,0.094253
swap_dynv2,2,256,16777216,0.094520,0.000000,0.000010,0.000067,0.000136,0.000367,0.000049,0.096552
swap_dynv2,2,256,16777216,0.096389,0.000000,0.000010,0.000058,0.000124,0.000330,0.000050,0.097696
swap_dynv2,2,256,16777216,0.095726,0.000000,0.000008,0.000052,0.000110,0.000349,0.000052,0.095508
swap_dynv2,2,256,16777216,0.096541,0.000000,0.000007,0.000051,0.000098,0.000377,0.000048,0.094920
swap_dynv2,2,256,16777216,0.096325,0.000000,0.000010,0.000061,0.000126,0.000320,0.000053,0.096118
swap_dynv2,2,256,16777216,0.097412,0.000000,0.000009,0.000055,0.000128,0.000316,0.000048,0.095677
swap_dynv2,2,256,16777216,0.095759,0.000000,0.000008,0.000050,0.000108,0.000355,0.000053,0.096077
swap_dynv2,2,256,16777216,0.096942,0.000000,0.000008,0.000051,0.000115,0.000346,0.000051,0.096390
swap_dynv2,2,256,16777216,0.096479,0.000000,0.000010,0.000055,0.000125,0.000350,0.000052,0.095838
swap_dynv2,2,256,16777216,0.096258,0.000000,0.000009,0.000058,0.000118,0.000351,0.000050,0.094538
swap_dynv2,2,256,16777216,0.098287,0.000000,0.000009,0.000056,0.000129,0.000323,0.000066,0.097015
swap_dynv2,2,256,16777216,0.095690,0.000000,0.000009,0.000057,0.000124,0.000351,0.000058,0.095827
swap_dynv2,2,256,16777216,0.094313,0.000000,0.000008,0.000051,0.000115,0.000340,0.000050,0.096799
swap_dynv2,2,256,16777216,0.096733,0.000000,0.000010,0.000062,0.000136,0.000317,0.000047,0.095164
swap_dynv2,2,256,16777216,0.096897,0.000000,0.000008,0.000055,0.000125,0.000358,0.000050,0.095334
swap_dynv2,2,256,16777216,0.095841,0.000000,0.000009,0.000058,0.000120,0.000351,0.000050,0.096556
swap_dynv2,2,256,16777216,0.096176,0.000000,0.000010,0.000058,0.000112,0.000350,0.000063,0.095817
swap_dynv2,2,256,16777216,0.096189,0.000000,0.000009,0.000073,0.000125,0.000317,0.000050,0.094516
swap_dynv2,2,256,16777216,0.100586,0.000000,0.000013,0.000071,0.000131,0.000328,0.000055,0.118691
swap_dynv2,2,256,16777216,0.096282,0.000000,0.000009,0.000057,0.000111,0.000304,0.000044,0.095923
swap_dynv2,2,256,16777216,0.096653,0.000000,0.000008,0.000053,0.000132,0.000346,0.000053,0.097416
swap_static,2,1024,4096,0.000632,0.000000,0.000000,0.000348,0.000059,0.000285,0.000051,0.000122
swap_static,2,1024,4096,0.000212,0.000000,0.000000,0.000213,0.000066,0.000234,0.000062,0.000123
swap_static,2,1024,4096,0.000209,0.000000,0.000000,0.000085,0.000061,0.000229,0.000042,0.000120
swap_static,2,1024,4096,0.000199,0.000000,0.000000,0.000119,0.000082,0.000255,0.000159,0.000001
swap_static,2,1024,4096,0.000206,0.000000,0.000000,0.000103,0.000065,0.000253,0.000043,0.000130
swap_static,2,1024,4096,0.000208,0.000000,0.000000,0.000077,0.000048,0.000220,0.000154,0.000001
swap_static,2,1024,4096,0.000218,0.000000,0.000000,0.000088,0.000067,0.000247,0.000042,0.000123
swap_static,2,1024,4096,0.000205,0.000000,0.000000,0.000118,0.000086,0.000258,0.000056,0.000113
swap_static,2,1024,4096,0.000205,0.000000,0.000000,0.000103,0.000066,0.000252,0.000044,0.000138
swap_static,2,1024,4096,0.000196,0.000000,0.000000,0.000078,0.000047,0.000205,0.000038,0.000122
swap_static,2,1024,4096,0.000198,0.000000,0.000000,0.000105,0.000073,0.000251,0.000047,0.000112
swap_static,2,1024,4096,0.000208,0.000000,0.000000,0.000087,0.000065,0.000302,0.000046,0.000119
swap_static,2,1024,4096,0.000195,0.000000,0.000000,0.000100,0.000067,0.000238,0.000038,0.000119
swap_static,2,1024,4096,0.000206,0.000000,0.000000,0.000104,0.000072,0.000240,0.000154,0.000011
swap_static,2,1024,4096,0.000202,0.000000,0.000000,0.000079,0.000046,0.000207,0.000048,0.000105
swap_static,2,1024,4096,0.000210,0.000000,0.000000,0.000085,0.000058,0.000221,0.000045,0.000125
swap_static,2,1024,4096,0.000193,0.000000,0.000000,0.000077,0.000046,0.000207,0.000042,0.000119
swap_static,2,1024,4096,0.000179,0.000000,0.000000,0.000083,0.000047,0.000222,0.000044,0.000113
swap_static,2,1024,4096,0.000214,0.000000,0.000000,0.000087,0.000062,0.000301,0.000048,0.000120
swap_static,2,1024,4096,0.000197,0.000000,0.000000,0.000087,0.000058,0.000212,0.000147,0.000010
swap_static,2,1024,4096,0.000212,0.000000,0.000000,0.000110,0.000077,0.000238,0.000043,0.000117
swap_static,2,1024,4096,0.000185,0.000000,0.000000,0.000080,0.000048,0.000215,0.000151,0.000012
swap_static,2,1024,4096,0.000194,0.000000,0.000000,0.000087,0.000065,0.000237,0.000156,0.000020
swap_static,2,1024,4096,0.000234,0.000000,0.000000,0.000085,0.000061,0.000224,0.000045,0.000125
swap_static,2,1024,4096,0.000188,0.000000,0.000000,0.000079,0.000048,0.000224,0.000041,0.000119
swap_static,2,1024,4096,0.000189,0.000000,0.000000,0.000077,0.000045,0.000209,0.000042,0.000120
swap_static,2,1024,4096,0.000209,0.000000,0.000000,0.000081,0.000049,0.000221,0.000048,0.000128
swap_static,2,1024,4096,0.000202,0.000000,0.000000,0.000107,0.000122,0.000259,0.000046,0.000117
swap_static,2,1024,4096,0.000194,0.000000,0.000000,0.000075,0.000048,0.000209,0.000149,0.000001
swap_static,2,1024,4096,0.000229,0.000000,0.000000,0.000088,0.000062,0.000224,0.000044,0.000109
swap_static,2,1024,4096,0.000205,0.000000,0.000000,0.000107,0.000081,0.000239,0.000045,0.000112
swap_static,2,1024,4096,0.000185,0.000000,0.000000,0.000078,0.000048,0.000213,0.000050,0.000116
swap_static,2,1024,4096,0.000215,0.000000,0.000000,0.000088,0.000062,0.000230,0.000044,0.000115
swap_static,2,1024,4096,0.000292,0.000000,0.000000,0.000080,0.000047,0.000211,0.000035,0.000116
swap_static,2,1024,4096,0.000184,0.000000,0.000000,0.000084,0.000056,0.000226,0.000058,0.000113
swap_static,2,1024,4096,0.000189,0.000000,0.000000,0.000080,0.000059,0.000217,0.000037,0.000118
swap_static,2,1024,4096,0.000197,0.000000,0.000000,0.000091,0.000057,0.000224,0.000038,0.000114
swap_static,2,1024,4096,0.000202,0.000000,0.000000,0.000110,0.000080,0.000318,0.000053,0.000121
swap_static,2,1024,4096,0.000206,0.000000,0.000000,0.000080,0.000049,0.000219,0.000103,0.000042
swap_static,2,1024,4096,0.000200,0.000000,0.000000,0.000081,0.000047,0.000213,0.000041,0.000108
swap_static,2,1024,4096,0.000185,0.000000,0.000000,0.000078,0.000048,0.000202,0.000045,0.000110
swap_static,2,1024,4096,0.000199,0.000000,0.000000,0.000081,0.000056,0.000217,0.000042,0.000116
swap_static,2,1024,4096,0.000201,0.000000,0.000000,0.000084,0.000060,0.000232,0.000049,0.000122
swap_static,2,1024,4096,0.000204,0.000000,0.000000,0.000110,0.000074,0.000245,0.000045,0.000147
swap_static,2,1024,4096,0.000193,0.000000,0.000000,0.000085,0.000063,0.000234,0.000034,0.000120
swap_static,2,1024,4096,0.000196,0.000000,0.000000,0.000077,0.000056,0.000223,0.000044,0.000128
swap_static,2,1024,4096,0.000184,0.000000,0.000000,0.000079,0.000049,0.000214,0.000043,0.000219
swap_static,2,1024,4096,0.000190,0.000000,0.000000,0.000081,0.000046,0.000216,0.000043,0.000141
swap_static,2,1024,4096,0.000195,0.000000,0.000000,0.000080,0.000054,0.000208,0.000041,0.000122
swap_static,2,1024,4096,0.000190,0.000000,0.000000,0.000079,0.000054,0.000218,0.000043,0.000113
swap_static,2,1024,4096,0.000229,0.000000,0.000000,0.000080,0.000049,0.000212,0.000045,0.000118
swap_static,2,1024,4096,0.000188,0.000000,0.000000,0.000079,0.000047,0.000276,0.000046,0.000123
swap_static,2,1024,4096,0.000183,0.000000,0.000000,0.000077,0.000045,0.000207,0.000040,0.000114
swap_static,2,1024,4096,0.000200,0.000000,0.000000,0.000092,0.000062,0.000225,0.000064,0.000103
swap_static,2,1024,4096,0.000189,0.000000,0.000000,0.000078,0.000047,0.000205,0.000034,0.000258
swap_static,2,1024,4096,0.000198,0.000000,0.000000,0.000107,0.000075,0.000237,0.000043,0.000133
swap_static,2,1024,4096,0.000196,0.000000,0.000000,0.000104,0.000067,0.000231,0.000046,0.000118
swap_static,2,1024,4096,0.000186,0.000000,0.000000,0.000080,0.000048,0.000245,0.000037,0.000123
swap_static,2,1024,4096,0.000195,0.000000,0.000000,0.000102,0.000070,0.000224,0.000037,0.000127
swap_static,2,1024,4096,0.000274,0.000000,0.000000,0.000096,0.000067,0.000234,0.000068,0.000105
swap_static,2,1024,4096,0.000177,0.000000,0.000000,0.000114,0.000075,0.000243,0.000055,0.000128
swap_static,2,1024,4096,0.000201,0.000000,0.000000,0.000104,0.000067,0.000232,0.000034,0.000136
swap_static,2,1024,4096,0.000189,0.000000,0.000000,0.000084,0.000060,0.000223,0.000044,0.000106
swap_static,2,1024,4096,0.000193,0.000000,0.000000,0.000082,0.000048,0.000210,0.000045,0.000107
swap_static,2,1024,4096,0.000215,0.000000,0.000000,0.000109,0.000077,0.000313,0.000038,0.000137
swap_static,2,1024,4096,0.000211,0.000000,0.000000,0.000104,0.000071,0.000229,0.000045,0.000128
swap_static,2,1024,4096,0.000213,0.000000,0.000000,0.000077,0.000050,0.000226,0.000043,0.000107
swap_static,2,1024,4096,0.000206,0.000000,0.000000,0.000089,0.000061,0.000223,0.000045,0.000119
swap_static,2,1024,4096,0.000203,0.000000,0.000000,0.000109,0.000077,0.000253,0.000044,0.000126
swap_static,2,1024,4096,0.000208,0.000000,0.000000,0.000081,0.000047,0.000218,0.000035,0.000117
swap_static,2,1024,4096,0.000182,0.000000,0.000000,0.000082,0.000051,0.000216,0.000044,0.000115
swap_static,2,1024,4096,0.000219,0.000000,0.000000,0.000078,0.000047,0.000207,0.000110,0.000041
swap_static,2,1024,4096,0.000213,0.000000,0.000000,0.000111,0.000078,0.000248,0.000045,0.000110
swap_static,2,1024,4096,0.000203,0.000000,0.000000,0.000086,0.000050,0.000216,0.000044,0.000120
swap_static,2,1024,4096,0.000209,0.000000,0.000000,0.000100,0.000067,0.000240,0.000043,0.000127
swap_dynv2,2,1024,4096,0.000336,0.000000,0.000004,0.000341,0.000054,0.000276,0.000052,0.000146
swap_dynv2,2,1024,4096,0.000198,0.000000,0.000007,0.000244,0.000089,0.000269,0.000053,0.000133
swap_dynv2,2,1024,4096,0.000208,0.000000,0.000004,0.000088,0.000077,0.000232,0.000047,0.000119
swap_dynv2,2,1024,4096,0.000202,0.000000,0.000003,0.000079,0.000055,0.000228,0.000041,0.000118
swap_dynv2,2,1024,4096,0.000199,0.000000,0.000003,0.000081,0.000062,0.000221,0.000040,0.000124
swap_dynv2,2,1024,4096,0.000210,0.000000,0.000003,0.000079,0.000053,0.000228,0.000045,0.000110
swap_dynv2,2,1024,4096,0.000197,0.000000,0.000004,0.000091,0.000073,0.000232,0.000043,0.000117
swap_dynv2,2,1024,4096,0.000202,0.000000,0.000002,0.000080,0.000051,0.000221,0.000052,0.000119
swap_dynv2,2,1024,4096,0.000202,0.000000,0.000003,0.000080,0.000057,0.000233,0.000044,0.000114
swap_dynv2,2,1024,4096,0.000199,0.000000,0.000003,0.000079,0.000053,0.000227,0.000047,0.000124
swap_dynv2,2,1024,4096,0.000211,0.000000,0.000006,0.000110,0.000093,0.000259,0.000046,0.000134
swap_dynv2,2,1024,4096,0.000196,0.000000,0.000003,0.000080,0.000052,0.000216,0.000043,0.000122
swap_dynv2,2,1024,4096,0.000206,0.000000,0.000005,0.000107,0.000083,0.000239,0.000046,0.000124
swap_dynv2,2,1024,4096,0.000194,0.000000,0.000005,0.000087,0.000078,0.000232,0.000052,0.000143
swap_dynv2,2,1024,4096,0.000200,0.000000,0.000002,0.000079,0.000049,0.000214,0.000042,0.000119
swap_dynv2,2,1024,4096,0.000194,0.000000,0.000003,0.000081,0.000052,0.000223,0.000056,0.000124
swap_dynv2,2,1024,4096,0.000190,0.000000,0.000003,0.000086,0.000058,0.000229,0.000043,0.000114
swap_dynv2,2,1024,4096,0.000199,0.000000,0.000004,0.000081,0.000068,0.000224,0.000041,0.000123
swap_dynv2,2,1024,4096,0.000202,0.000000,0.000003,0.000080,0.000052,0.000217,0.000044,0.000111
swap_dynv2,2,1024,4096,0.000193,0.000000,0.000004,0.000085,0.000066,0.000242,0.000043,0.000115
swap_dynv2,2,1024,4096,0.000214,0.000000,0.000006,0.000110,0.000092,0.000246,0.000045,0.000167
swap_dynv2,2,1024,4096,0.000197,0.000000,0.000003,0.000085,0.000057,0.000222,0.000037,0.000140
swap_dynv2,2,1024,4096,0.000195,0.000000,0.000003,0.000080,0.000062,0.000223,0.000049,0.000130
swap_dynv2,2,1024,4096,0.000201,0.000000,0.000005,0.000089,0.000070,0.000233,0.000040,0.000125
swap_dynv2,2,1024,4096,0.000193,0.000000,0.000004,0.000084,0.000070,0.000225,0.000053,0.000116
swap_dynv2,2,1024,4096,0.000186,0.000000,0.000004,0.000086,0.000063,0.000321,0.000042,0.000117
swap_dynv2,2,1024,4096,0.000190,0.000000,0.000006,0.000113,0.000086,0.000239,0.000076,0.000106
swap_dynv2,2,1024,4096,0.000182,0.000000,0.000003,0.000079,0.000056,0.000221,0.000054,0.000120
swap_dynv2,2,1024,4096,0.000200,0.000000,0.000006,0.000114,0.000080,0.000255,0.000043,0.000120
swap_dynv2,2,1024,4096,0.000198,0.000000,0.000003,0.000080,0.000052,0.000223,0.000147,0.000001
swap_dynv2,2,1024,4096,0.000202,0.000000,0.000004,0.000083,0.000057,0.000227,0.000044,0.000136
swap_dynv2,2,1024,4096,0.000206,0.000000,0.000005,0.000086,0.000067,0.000231,0.000041,0.000125
swap_dynv2,2,1024,4096,0.000201,0.000000,0.000003,0.000081,0.000053,0.000225,0.000045,0.000121
swap_dynv2,2,1024,4096,0.000201,0.000000,0.000005,0.000088,0.000072,0.000248,0.000044,0.000111
swap_dynv2,2,1024,4096,0.000191,0.000000,0.000003,0.000079,0.000052,0.000218,0.000054,0.000122
swap_dynv2,2,1024,4096,0.000191,0.000000,0.000004,0.000085,0.000077,0.000230,0.000037,0.000126
swap_dynv2,2,1024,4096,0.000188,0.000000,0.000002,0.000079,0.000052,0.000211,0.000043,0.000112
swap_dynv2,2,1024,4096,0.000197,0.000000,0.000004,0.000086,0.000070,0.000226,0.000041,0.000109
swap_dynv2,2,1024,4096,0.000196,0.000000,0.000004,0.000083,0.000064,0.000228,0.000041,0.000121
swap_dynv2,2,1024,4096,0.000203,0.000000,0.000005,0.000108,0.000084,0.000241,0.000049,0.000181
swap_dynv2,2,1024,4096,0.000215,0.000000,0.000004,0.000084,0.000063,0.000219,0.000047,0.000145
swap_dynv2,2,1024,4096,0.000203,0.000000,0.000005,0.000093,0.000072,0.000222,0.000042,0.000113
swap_dynv2,2,1024,4096,0.000197,0.000000,0.000006,0.000112,0.000083,0.000250,0.000045,0.000120
swap_dynv2,2,1024,4096,0.000201,0.000000,0.000005,0.000103,0.000078,0.000232,0.000042,0.000119
swap_dynv2,2,1024,4096,0.000297,0.000000,0.000004,0.000083,0.000062,0.000220,0.000047,0.000117
swap_dynv2,2,1024,4096,0.000204,0.000000,0.000004,0.000085,0.000068,0.000233,0.000047,0.000111
swap_dynv2,2,1024,4096,0.000202,0.000000,0.000005,0.000113,0.000083,0.000237,0.000045,0.000124
swap_dynv2,2,1024,4096,0.000185,0.000000,0.000005,0.000109,0.000080,0.000236,0.000044,0.000126
swap_dynv2,2,1024,4096,0.000188,0.000000,0.000003,0.000086,0.000053,0.000225,0.000043,0.000119
swap_dynv2,2,1024,4096,0.000197,0.000000,0.000003,0.000076,0.000058,0.000211,0.000045,0.000201
swap_dynv2,2,1024,4096,0.000196,0.000000,0.000004,0.000077,0.000052,0.000211,0.000042,0.000119
swap_dynv2,2,1024,4096,0.000197,0.000000,0.000004,0.000093,0.000066,0.000229,0.000051,0.000144
swap_dynv2,2,1024,4096,0.000199,0.000000,0.000004,0.000087,0.000064,0.000225,0.000041,0.000111
swap_dynv2,2,1024,4096,0.000210,0.000000,0.000003,0.000081,0.000055,0.000235,0.000040,0.000118
swap_dynv2,2,1024,4096,0.000262,0.000000,0.000003,0.000079,0.000050,0.000204,0.000045,0.000123
swap_dynv2,2,1024,4096,0.000183,0.000000,0.000003,0.000079,0.000051,0.000224,0.000054,0.000126
swap_dynv2,2,1024,4096,0.000188,0.000000,0.000003,0.000082,0.000053,0.000209,0.000036,0.000130
swap_dynv2,2,1024,4096,0.000203,0.000000,0.000004,0.000086,0.000072,0.000215,0.000041,0.000121
swap_dynv2,2,1024,4096,0.000192,0.000000,0.000005,0.000084,0.000069,0.000295,0.000053,0.000132
swap_dynv2,2,1024,4096,0.000199,0.000000,0.000005,0.000088,0.000070,0.000248,0.000045,0.000117
swap_dynv2,2,1024,4096,0.000207,0.000000,0.000006,0.000110,0.000084,0.000240,0.000055,0.000113
swap_dynv2,2,1024,4096,0.000198,0.000000,0.000005,0.000093,0.000068,0.000230,0.000043,0.000121
swap_dynv2,2,1024,4096,0.000210,0.000000,0.000006,0.000113,0.000088,0.000260,0.000047,0.000120
swap_dynv2,2,1024,4096,0.000206,0.000000,0.000003,0.000080,0.000051,0.000222,0.000043,0.000121
swap_dynv2,2,1024,4096,0.000218,0.000000,0.000005,0.000086,0.000067,0.000233,0.000043,0.000115
swap_dynv2,2,1024,4096,0.000201,0.000000,0.000006,0.000114,0.000094,0.000248,0.000045,0.000138
swap_dynv2,2,1024,4096,0.000223,0.000000,0.000005,0.000106,0.000076,0.000241,0.000051,0.000117
swap_dynv2,2,1024,4096,0.000219,0.000000,0.000006,0.000105,0.000083,0.000242,0.000045,0.000130
swap_dynv2,2,1024,4096,0.000209,0.000000,0.000005,0.000086,0.000068,0.000242,0.000043,0.000112
swap_dynv2,2,1024,4096,0.000200,0.000000,0.000006,0.000115,0.000087,0.000251,0.000046,0.000119
swap_dynv2,2,1024,4096,0.000198,0.000000,0.000005,0.000100,0.000068,0.000277,0.000046,0.000125
swap_dynv2,2,1024,4096,0.000194,0.000000,0.000005,0.000111,0.000078,0.000243,0.000041,0.000124
swap_dynv2,2,1024,4096,0.000221,0.000000,0.000005,0.000108,0.000079,0.000237,0.000045,0.000111
swap_dynv2,2,1024,4096,0.000186,0.000000,0.000004,0.000111,0.000071,0.000243,0.000046,0.000129
swap_dynv2,2,1024,4096,0.000196,0.000000,0.000003,0.000077,0.000052,0.000226,0.000047,0.000135
swap_static,2,1024,262144,0.002153,0.000000,0.000000,0.000373,0.000089,0.000287,0.000076,0.001863
swap_static,2,1024,262144,0.002067,0.000000,0.000000,0.000238,0.000074,0.000275,0.000043,0.001891
swap_static,2,1024,262144,0.002068,0.000000,0.000000,0.000092,0.000066,0.000238,0.000037,0.001940
swap_static,2,1024,262144,0.002014,0.000000,0.000000,0.000088,0.000059,0.000245,0.000035,0.001825
swap_static,2,1024,262144,0.002068,0.000000,0.000000,0.000107,0.000095,0.000262,0.000046,0.001808
swap_static,2,1024,262144,0.002096,0.000000,0.000000,0.000100,0.000080,0.000244,0.000043,0.001855
swap_static,2,1024,262144,0.002013,0.000000,0.000000,0.000088,0.000070,0.000244,0.000044,0.001934
swap_static,2,1024,262144,0.001966,0.000000,0.000000,0.000092,0.000073,0.000237,0.000044,0.001918
swap_static,2,1024,262144,0.002061,0.000000,0.000000,0.000102,0.000089,0.000255,0.000045,0.001896
swap_static,2,1024,262144,0.002015,0.000000,0.000000,0.000097,0.000078,0.000258,0.000722,0.001221
swap_static,2,1024,262144,0.002043,0.000000,0.000000,0.000089,0.000066,0.000242,0.000044,0.001474
swap_static,2,1024,262144,0.001991,0.000000,0.000000,0.000088,0.000058,0.000227,0.000202,0.001714
swap_static,2,1024,262144,0.001993,0.000000,0.000000,0.000109,0.000085,0.000252,0.000058,0.001901
swap_static,2,1024,262144,0.001993,0.000000,0.000000,0.000106,0.000080,0.000239,0.000045,0.001918
swap_static,2,1024,262144,0.001975,0.000000,0.000000,0.000085,0.000070,0.000236,0.000044,0.001578
swap_static,2,1024,262144,0.002052,0.000000,0.000000,0.000104,0.000080,0.000246,0.000045,0.001468
swap_static,2,1024,262144,0.002063,0.000000,0.000000,0.000096,0.000082,0.000250,0.000044,0.001863
swap_static,2,1024,262144,0.001987,0.000000,0.000000,0.000091,0.000061,0.000241,0.000043,0.001880
swap_static,2,1024,262144,0.002024,0.000000,0.000000,0.000083,0.000069,0.000229,0.000238,0.001670
swap_static,2,1024,262144,0.001979,0.000000,0.000000,0.000087,0.000065,0.000230,0.000043,0.001910
swap_static,2,1024,262144,0.002379,0.000000,0.000000,0.000095,0.000169,0.000319,0.000054,0.002308
swap_static,2,1024,262144,0.001971,0.000000,0.000000,0.000085,0.000062,0.000250,0.000053,0.001851
swap_static,2,1024,262144,0.002021,0.000000,0.000000,0.000087,0.000065,0.000233,0.000043,0.001888
swap_static,2,1024,262144,0.002005,0.000000,0.000000,0.000085,0.000055,0.000224,0.000034,0.001890
swap_static,2,1024,262144,0.002043,0.000000,0.000000,0.000092,0.000079,0.000239,0.000043,0.001492
swap_static,2,1024,262144,0.001974,0.000000,0.000000,0.000097,0.000070,0.000253,0.000057,0.001461
swap_static,2,1024,262144,0.002021,0.000000,0.000000,0.000093,0.000077,0.000260,0.000043,0.001874
swap_static,2,1024,262144,0.002046,0.000000,0.000000,0.000087,0.000058,0.000233,0.000041,0.001883
swap_static,2,1024,262144,0.002062,0.000000,0.000000,0.000089,0.000061,0.000250,0.000043,0.001634
swap_static,2,1024,262144,0.002017,0.000000,0.000000,0.000080,0.000052,0.000235,0.000048,0.001861
swap_static,2,1024,262144,0.001982,0.000000,0.000000,0.000102,0.000088,0.000275,0.000056,0.001858
swap_static,2,1024,262144,0.001957,0.000000,0.000000,0.000090,0.000058,0.000234,0.000042,0.001882
swap_static,2,1024,262144,0.001971,0.000000,0.000000,0.000089,0.000073,0.000235,0.000042,0.001910
swap_static,2,1024,262144,0.001960,0.000000,0.000000,0.000105,0.000091,0.000237,0.000045,0.001842
swap_static,2,1024,262144,0.001991,0.000000,0.000000,0.000110,0.000086,0.000249,0.000060,0.001458
swap_static,2,1024,262144,0.001995,0.000000,0.000000,0.000086,0.000059,0.000232,0.000044,0.001872
swap_static,2,1024,262144,0.001965,0.000000,0.000000,0.000087,0.000067,0.000232,0.000034,0.001884
swap_static,2,1024,262144,0.001931,0.000000,0.000000,0.000088,0.000062,0.000235,0.000048,0.001852
swap_static,2,1024,262144,0.001975,0.000000,0.000000,0.000087,0.000067,0.000236,0.000045,0.001863
swap_static,2,1024,262144,0.001959,0.000000,0.000000,0.000082,0.000058,0.000236,0.000044,0.001498
swap_static,2,1024,262144,0.002086,0.000000,0.000000,0.000082,0.000063,0.000228,0.000038,0.001868
swap_static,2,1024,262144,0.002109,0.000000,0.000000,0.000107,0.000082,0.000253,0.000047,0.001855
swap_static,2,1024,262144,0.002044,0.000000,0.000000,0.000096,0.000073,0.000229,0.000035,0.001863
swap_static,2,1024,262144,0.001996,0.000000,0.000000,0.000084,0.000056,0.000234,0.000036,0.001890
swap_static,2,1024,262144,0.002030,0.000000,0.000000,0.000086,0.000063,0.000239,0.000053,0.001865
swap_static,2,1024,262144,0.002042,0.000000,0.000000,0.000095,0.000077,0.000249,0.000036,0.001887
swap_static,2,1024,262144,0.002050,0.000000,0.000000,0.000108,0.000084,0.000256,0.000046,0.001897
swap_static,2,1024,262144,0.002068,0.000000,0.000000,0.000103,0.000077,0.000237,0.000044,0.001462
swap_static,2,1024,262144,0.001999,0.000000,0.000000,0.000103,0.000098,0.000269,0.000046,0.001866
swap_static,2,1024,262144,0.001974,0.000000,0.000000,0.000096,0.000075,0.000232,0.000056,0.001848
swap_static,2,1024,262144,0.002018,0.000000,0.000000,0.000091,0.000075,0.000242,0.000052,0.001879
swap_static,2,1024,262144,0.002004,0.000000,0.000000,0.000084,0.000055,0.000243,0.000037,0.001784
swap_static,2,1024,262144,0.001977,0.000000,0.000000,0.000092,0.000077,0.000239,0.000043,0.001875
swap_static,2,1024,262144,0.002019,0.000000,0.000000,0.000090,0.000072,0.000240,0.000034,0.001881
swap_static,2,1024,262144,0.001941,0.000000,0.000000,0.000086,0.000069,0.000240,0.000038,0.001882
swap_static,2,1024,262144,0.001993,0.000000,0.000000,0.000088,0.000067,0.000229,0.000041,0.001920
swap_static,2,1024,262144,0.001949,0.000000,0.000000,0.000102,0.000082,0.000261,0.000049,0.001842
swap_static,2,1024,262144,0.001959,0.000000,0.000000,0.000090,0.000063,0.000229,0.000450,0.001459
swap_static,2,1024,262144,0.001968,0.000000,0.000000,0.000090,0.000079,0.000248,0.000043,0.001633
swap_static,2,1024,262144,0.001920,0.000000,0.000000,0.000110,0.000086,0.000269,0.000191,0.001686
swap_static,2,1024,262144,0.001997,0.000000,0.000000,0.000094,0.000080,0.000267,0.000043,0.001901
swap_static,2,1024,262144,0.002004,0.000000,0.000000,0.000091,0.000081,0.000238,0.000039,0.001874
swap_static,2,1024,262144,0.001980,0.000000,0.000000,0.000088,0.000071,0.000244,0.000041,0.001861
swap_static,2,1024,262144,0.001970,0.000000,0.000000,0.000087,0.000061,0.000243,0.000043,0.001467
swap_static,2,1024,262144,0.002073,0.000000,0.000000,0.000094,0.000085,0.000260,0.000049,0.001717
swap_static,2,1024,262144,0.002033,0.000000,0.000000,0.000116,0.000065,0.000222,0.000047,0.001459
swap_static,2,1024,262144,0.002018,0.000000,0.000000,0.000090,0.000068,0.000260,0.000049,0.001454
swap_static,2,1024,262144,0.002097,0.000000,0.000000,0.000102,0.000081,0.000258,0.000045,0.001905
swap_static,2,1024,262144,0.002032,0.000000,0.000000,0.000081,0.000061,0.000237,0.000052,0.001882
swap_static,2,1024,262144,0.002069,0.000000,0.000000,0.000100,0.000078,0.000260,0.000047,0.001467
swap_static,2,1024,262144,0.002022,0.000000,0.000000,0.000099,0.000082,0.000257,0.000037,0.001876
swap_static,2,1024,262144,0.002050,0.000000,0.000000,0.000096,0.000079,0.000250,0.000043,0.001638
swap_static,2,1024,262144,0.002048,0.000000,0.000000,0.000090,0.000072,0.000283,0.000044,0.001853
swap_static,2,1024,262144,0.002024,0.000000,0.000000,0.000086,0.000086,0.000232,0.000035,0.001863
swap_static,2,1024,262144,0.002073,0.000000,0.000000,0.000098,0.000084,0.000238,0.000043,0.001867
swap_dynv2,2,1024,262144,0.002214,0.000000,0.000006,0.000368,0.000091,0.000301,0.000055,0.001894
swap_dynv2,2,1024,262144,0.002013,0.000000,0.000007,0.000112,0.000091,0.000273,0.000043,0.001877
swap_dynv2,2,1024,262144,0.002016,0.000000,0.000006,0.000102,0.000082,0.000263,0.000044,0.001449
swap_dynv2,2,1024,262144,0.001979,0.000000,0.000005,0.000097,0.000080,0.000252,0.000048,0.001419
swap_dynv2,2,1024,262144,0.001980,0.000000,0.000004,0.000090,0.000079,0.000241,0.000044,0.001764
swap_dynv2,2,1024,262144,0.001930,0.000000,0.000006,0.000092,0.000079,0.000247,0.000044,0.001477
swap_dynv2,2,1024,262144,0.001948,0.000000,0.000006,0.000105,0.000099,0.000283,0.000037,0.001820
swap_dynv2,2,1024,262144,0.001946,0.000000,0.000004,0.000095,0.000081,0.000237,0.000044,0.001850
swap_dynv2,2,1024,262144,0.001964,0.000000,0.000006,0.000095,0.000094,0.000263,0.000047,0.001432
swap_dynv2,2,1024,262144,0.001976,0.000000,0.000004,0.000089,0.000066,0.000217,0.000042,0.001724
swap_dynv2,2,1024,262144,0.001742,0.000000,0.000005,0.000090,0.000105,0.000251,0.000042,0.001857
swap_dynv2,2,1024,262144,0.001904,0.000000,0.000005,0.000098,0.000083,0.000240,0.000044,0.001672
swap_dynv2,2,1024,262144,0.001944,0.000000,0.000005,0.000094,0.000091,0.000238,0.000056,0.001854
swap_dynv2,2,1024,262144,0.001996,0.000000,0.000006,0.000108,0.000099,0.000264,0.000044,0.001726
swap_dynv2,2,1024,262144,0.001981,0.000000,0.000006,0.000102,0.000099,0.000250,0.000047,0.001868
swap_dynv2,2,1024,262144,0.001971,0.000000,0.000004,0.000088,0.000078,0.000247,0.000037,0.001848
swap_dynv2,2,1024,262144,0.001994,0.000000,0.000006,0.000101,0.000090,0.000272,0.000044,0.001438
swap_dynv2,2,1024,262144,0.001670,0.000000,0.000005,0.000104,0.000092,0.000262,0.000055,0.001756
swap_dynv2,2,1024,262144,0.001980,0.000000,0.000005,0.000089,0.000071,0.000241,0.000044,0.001468
swap_dynv2,2,1024,262144,0.001961,0.000000,0.000004,0.000088,0.000073,0.000237,0.000043,0.001823
swap_dynv2,2,1024,262144,0.001920,0.000000,0.000007,0.000106,0.000098,0.000252,0.000046,0.001788
swap_dynv2,2,1024,262144,0.001963,0.000000,0.000006,0.000094,0.000092,0.000239,0.000044,0.001477
swap_dynv2,2,1024,262144,0.001990,0.000000,0.000004,0.000090,0.000080,0.000229,0.000044,0.001833
swap_dynv2,2,1024,262144,0.001934,0.000000,0.000004,0.000093,0.000074,0.000249,0.000047,0.001439
swap_dynv2,2,1024,262144,0.001564,0.000000,0.000006,0.000115,0.000106,0.000250,0.000045,0.001917
swap_dynv2,2,1024,262144,0.001935,0.000000,0.000004,0.000090,0.000075,0.000242,0.000052,0.001892
swap_dynv2,2,1024,262144,0.002055,0.000000,0.000004,0.000092,0.000082,0.000236,0.000044,0.001842
swap_dynv2,2,1024,262144,0.002039,0.000000,0.000005,0.000087,0.000080,0.000237,0.000046,0.001815
swap_dynv2,2,1024,262144,0.001950,0.000000,0.000004,0.000091,0.000073,0.000241,0.000048,0.001812
swap_dynv2,2,1024,262144,0.001987,0.000000,0.000005,0.000091,0.000090,0.000245,0.000044,0.001814
swap_dynv2,2,1024,262144,0.001930,0.000000,0.000005,0.000090,0.000081,0.000252,0.000043,0.001422
swap_dynv2,2,1024,262144,0.001961,0.000000,0.000004,0.000090,0.000072,0.000260,0.000044,0.001517
swap_dynv2,2,1024,262144,0.001980,0.000000,0.000007,0.000102,0.000103,0.000269,0.000045,0.001438
swap_dynv2,2,1024,262144,0.001960,0.000000,0.000004,0.000090,0.000075,0.000256,0.000043,0.001422
swap_dynv2,2,1024,262144,0.002009,0.000000,0.000004,0.000086,0.000066,0.000251,0.000046,0.001848
swap_dynv2,2,1024,262144,0.001946,0.000000,0.000004,0.000086,0.000079,0.000239,0.000193,0.001673
swap_dynv2,2,1024,262144,0.001976,0.000000,0.000004,0.000090,0.000071,0.000245,0.000041,0.001439
swap_dynv2,2,1024,262144,0.002033,0.000000,0.000004,0.000088,0.000083,0.000253,0.000047,0.001422
swap_dynv2,2,1024,262144,0.001980,0.000000,0.000007,0.000113,0.000101,0.000246,0.000057,0.001830
swap_dynv2,2,1024,262144,0.001956,0.000000,0.000006,0.000096,0.000095,0.000260,0.000043,0.001871
swap_dynv2,2,1024,262144,0.002050,0.000000,0.000004,0.000087,0.000075,0.000242,0.000053,0.001831
swap_dynv2,2,1024,262144,0.001999,0.000000,0.000004,0.000087,0.000069,0.000231,0.000045,0.001584
swap_dynv2,2,1024,262144,0.001962,0.000000,0.000005,0.000089,0.000077,0.000274,0.000045,0.001623
swap_dynv2,2,1024,262144,0.001992,0.000000,0.000006,0.000091,0.000082,0.000255,0.000042,0.001425
swap_dynv2,2,1024,262144,0.001929,0.000000,0.000006,0.000105,0.000098,0.000278,0.000043,0.001855
swap_dynv2,2,1024,262144,0.001959,0.000000,0.000005,0.000109,0.000093,0.000251,0.000048,0.001429
swap_dynv2,2,1024,262144,0.002001,0.000000,0.000004,0.000088,0.000075,0.000252,0.000036,0.001856
swap_dynv2,2,1024,262144,0.002013,0.000000,0.000006,0.000096,0.000091,0.000254,0.000044,0.001429
swap_dynv2,2,1024,262144,0.002080,0.000000,0.000004,0.000086,0.000073,0.000247,0.000043,0.001816
swap_dynv2,2,1024,262144,0.001975,0.000000,0.000006,0.000095,0.000088,0.000267,0.000047,0.001429
swap_dynv2,2,1024,262144,0.001938,0.000000,0.000004,0.000089,0.000071,0.000227,0.000041,0.001712
swap_dynv2,2,1024,262144,0.001985,0.000000,0.000007,0.000107,0.000099,0.000257,0.000045,0.001831
swap_dynv2,2,1024,262144,0.001964,0.000000,0.000004,0.000089,0.000074,0.000243,0.000058,0.001433
swap_dynv2,2,1024,262144,0.002044,0.000000,0.000004,0.000089,0.000069,0.000239,0.000045,0.001834
swap_dynv2,2,1024,262144,0.001935,0.000000,0.000006,0.000103,0.000097,0.000250,0.000044,0.001427
swap_dynv2,2,1024,262144,0.002004,0.000000,0.000004,0.000096,0.000075,0.000241,0.000059,0.001686
swap_dynv2,2,1024,262144,0.002020,0.000000,0.000005,0.000103,0.000099,0.000254,0.000043,0.001817
swap_dynv2,2,1024,262144,0.002010,0.000000,0.000006,0.000107,0.000104,0.000257,0.000046,0.001839
swap_dynv2,2,1024,262144,0.001976,0.000000,0.000005,0.000091,0.000073,0.000291,0.000060,0.001822
swap_dynv2,2,1024,262144,0.002076,0.000000,0.000005,0.000103,0.000093,0.000263,0.000043,0.001822
swap_dynv2,2,1024,262144,0.001959,0.000000,0.000006,0.000102,0.000103,0.000267,0.000037,0.001819
swap_dynv2,2,1024,262144,0.001974,0.000000,0.000006,0.000103,0.000090,0.000254,0.000042,0.001421
swap_dynv2,2,1024,262144,0.002026,0.000000,0.000005,0.000091,0.000089,0.000258,0.000043,0.001807
swap_dynv2,2,1024,262144,0.001982,0.000000,0.000006,0.000091,0.000095,0.000254,0.000046,0.001414
swap_dynv2,2,1024,262144,0.001933,0.000000,0.000004,0.000084,0.000064,0.000225,0.000045,0.001840
swap_dynv2,2,1024,262144,0.002016,0.000000,0.000005,0.000097,0.000090,0.000266,0.000046,0.001833
swap_dynv2,2,1024,262144,0.002012,0.000000,0.000005,0.000129,0.000089,0.000246,0.000044,0.001702
swap_dynv2,2,1024,262144,0.001988,0.000000,0.000006,0.000114,0.000095,0.000251,0.000045,0.001832
swap_dynv2,2,1024,262144,0.001998,0.000000,0.000006,0.000097,0.000090,0.000240,0.000043,0.001722
swap_dynv2,2,1024,262144,0.001999,0.000000,0.000006,0.000104,0.000104,0.000258,0.000047,0.001862
swap_dynv2,2,1024,262144,0.002005,0.000000,0.000004,0.000090,0.000072,0.000239,0.000044,0.001786
swap_dynv2,2,1024,262144,0.002004,0.000000,0.000005,0.000091,0.000096,0.000253,0.000044,0.001844
swap_dynv2,2,1024,262144,0.001990,0.000000,0.000005,0.000092,0.000082,0.000255,0.000046,0.001431
swap_dynv2,2,1024,262144,0.001988,0.000000,0.000006,0.000097,0.000099,0.000265,0.000045,0.001839
swap_dynv2,2,1024,262144,0.002029,0.000000,0.000006,0.000095,0.000086,0.000241,0.000081,0.001803
swap_static,2,1024,16777216,0.121782,0.000000,0.000000,0.000381,0.000094,0.000353,0.000053,0.122713
swap_static,2,1024,16777216,0.120425,0.000000,0.000000,0.000119,0.000102,0.000327,0.000044,0.122123
swap_static,2,1024,16777216,0.118596,0.000000,0.000000,0.000118,0.000111,0.000303,0.000046,0.119903
swap_static,2,1024,16777216,0.118920,0.000000,0.000000,0.000115,0.000105,0.000310,0.000044,0.120545
swap_static,2,1024,16777216,0.120648,0.000000,0.000000,0.000119,0.000106,0.000334,0.000069,0.123663
swap_static,2,1024,16777216,0.121460,0.000000,0.000000,0.000116,0.000101,0.000318,0.000044,0.119505
swap_static,2,1024,16777216,0.122568,0.000000,0.000000,0.000118,0.000090,0.000310,0.000045,0.121467
swap_static,2,1024,16777216,0.121810,0.000000,0.000000,0.000115,0.000080,0.000310,0.000043,0.120829
swap_static,2,1024,16777216,0.122721,0.000000,0.000000,0.000118,0.000093,0.000290,0.000045,0.120759
swap_static,2,1024,16777216,0.121823,0.000000,0.000000,0.000115,0.000086,0.000296,0.000056,0.121651
swap_static,2,1024,16777216,0.122568,0.000000,0.000000,0.000119,0.000096,0.000335,0.000118,0.120033
swap_static,2,1024,16777216,0.121731,0.000000,0.000000,0.000110,0.000083,0.000330,0.000044,0.118972
swap_static,2,1024,16777216,0.122186,0.000000,0.000000,0.000115,0.000091,0.000325,0.000047,0.122384
swap_static,2,1024,16777216,0.122133,0.000000,0.000000,0.000115,0.000092,0.000297,0.000044,0.122157
swap_static,2,1024,16777216,0.120740,0.000000,0.000000,0.000120,0.000096,0.000516,0.000063,0.123151
swap_static,2,1024,16777216,0.121700,0.000000,0.000000,0.000115,0.000092,0.000296,0.000053,0.121683
swap_static,2,1024,16777216,0.118867,0.000000,0.000000,0.000112,0.000082,0.000314,0.000047,0.122831
swap_static,2,1024,16777216,0.122984,0.000000,0.000000,0.000114,0.000088,0.000317,0.000045,0.122256
swap_static,2,1024,16777216,0.121086,0.000000,0.000000,0.000111,0.000086,0.000310,0.000044,0.118914
swap_static,2,1024,16777216,0.119793,0.000000,0.000000,0.000120,0.000106,0.000310,0.000058,0.121147
swap_static,2,1024,16777216,0.119428,0.000000,0.000000,0.000115,0.000081,0.000323,0.000060,0.123480
swap_static,2,1024,16777216,0.122222,0.000000,0.000000,0.000127,0.000104,0.000321,0.000046,0.121641
swap_static,2,1024,16777216,0.121201,0.000000,0.000000,0.000115,0.000102,0.000309,0.000044,0.121315
swap_static,2,1024,16777216,0.119669,0.000000,0.000000,0.000111,0.000082,0.000320,0.000044,0.120913
swap_static,2,1024,16777216,0.124457,0.000000,0.000000,0.000118,0.000098,0.000311,0.000053,0.121820
swap_static,2,1024,16777216,0.122963,0.000000,0.000000,0.000117,0.000096,0.000306,0.000046,0.121329
swap_static,2,1024,16777216,0.123557,0.000000,0.000000,0.000122,0.000100,0.000312,0.000047,0.120985
swap_static,2,1024,16777216,0.120853,0.000000,0.000000,0.000122,0.000101,0.000318,0.000053,0.124001
swap_static,2,1024,16777216,0.119762,0.000000,0.000000,0.000123,0.000096,0.000308,0.000052,0.121469
swap_static,2,1024,16777216,0.120785,0.000000,0.000000,0.000124,0.000109,0.000512,0.000050,0.119774
swap_static,2,1024,16777216,0.123760,0.000000,0.000000,0.000120,0.000101,0.000365,0.000054,0.124288
swap_static,2,1024,16777216,0.119115,0.000000,0.000000,0.000120,0.000111,0.000324,0.000054,0.121792
swap_static,2,1024,16777216,0.120431,0.000000,0.000000,0.000133,0.000114,0.000321,0.000064,0.120686
swap_static,2,1024,16777216,0.120243,0.000000,0.000000,0.000124,0.000115,0.000338,0.000046,0.123443
swap_static,2,1024,16777216,0.120545,0.000000,0.000000,0.000131,0.000109,0.000337,0.000054,0.121500
swap_static,2,1024,16777216,0.121946,0.000000,0.000000,0.000120,0.000106,0.000336,0.000046,0.121359
swap_static,2,1024,16777216,0.119527,0.000000,0.000000,0.000127,0.000103,0.000333,0.000058,0.119669
swap_static,2,1024,16777216,0.121058,0.000000,0.000000,0.000118,0.000093,0.000315,0.000049,0.125955
swap_static,2,1024,16777216,0.121711,0.000000,0.000000,0.000126,0.000108,0.000330,0.000046,0.120189
swap_static,2,1024,16777216,0.120153,0.000000,0.000000,0.000122,0.000121,0.000311,0.000046,0.122427
swap_static,2,1024,16777216,0.121040,0.000000,0.000000,0.000120,0.000108,0.000313,0.000047,0.120722
swap_static,2,1024,16777216,0.121486,0.000000,0.000000,0.000128,0.000113,0.000328,0.000052,0.122743
swap_static,2,1024,16777216,0.123344,0.000000,0.000000,0.000115,0.000095,0.000336,0.000049,0.122885
swap_static,2,1024,16777216,0.120785,0.000000,0.000000,0.000120,0.000101,0.000349,0.000060,0.123249
swap_static,2,1024,16777216,0.121014,0.000000,0.000000,0.000125,0.000101,0.000323,0.000053,0.120888
swap_static,2,1024,16777216,0.121410,0.000000,0.000000,0.000116,0.000097,0.000334,0.000046,0.120832
swap_static,2,1024,16777216,0.119289,0.000000,0.000000,0.000118,0.000103,0.000334,0.000047,0.120845
swap_static,2,1024,16777216,0.120185,0.000000,0.000000,0.000118,0.000093,0.000335,0.000045,0.120704
swap_static,2,1024,16777216,0.122141,0.000000,0.000000,0.000123,0.000116,0.000329,0.000044,0.123064
swap_static,2,1024,16777216,0.122014,0.000000,0.000000,0.000122,0.000103,0.000341,0.000061,0.121679
swap_static,2,1024,16777216,0.120142,0.000000,0.000000,0.000121,0.000105,0.000314,0.000049,0.122597
swap_static,2,1024,16777216,0.120315,0.000000,0.000000,0.000116,0.000093,0.000347,0.000050,0.120449
swap_static,2,1024,16777216,0.119447,0.000000,0.000000,0.000119,0.000100,0.000324,0.000046,0.121075
swap_static,2,1024,16777216,0.121204,0.000000,0.000000,0.000120,0.000104,0.000345,0.000046,0.120974
swap_static,2,1024,16777216,0.122655,0.000000,0.000000,0.000122,0.000110,0.000332,0.000053,0.122633
swap_static,2,1024,16777216,0.122057,0.000000,0.000000,0.000118,0.000114,0.000324,0.000047,0.120595
swap_static,2,1024,16777216,0.122809,0.000000,0.000000,0.000126,0.000105,0.000314,0.000048,0.119909
swap_static,2,1024,16777216,0.122547,0.000000,0.000000,0.000124,0.000108,0.000307,0.000042,0.122150
swap_static,2,1024,16777216,0.122882,0.000000,0.000000,0.000115,0.000115,0.000329,0.000045,0.123037
swap_static,2,1024,16777216,0.124442,0.000000,0.000000,0.000122,0.000116,0.000325,0.000052,0.121823
swap_static,2,1024,16777216,0.122281,0.000000,0.000000,0.000121,0.000083,0.000314,0.000047,0.120848
swap_static,2,1024,16777216,0.128906,0.000000,0.000000,0.000115,0.000097,0.000327,0.000046,0.121891
swap_static,2,1024,16777216,0.122548,0.000000,0.000000,0.000125,0.000125,0.000328,0.000048,0.120379
swap_static,2,1024,16777216,0.122234,0.000000,0.000000,0.000118,0.000104,0.000315,0.000054,0.122970
swap_static,2,1024,16777216,0.119002,0.000000,0.000000,0.000122,0.000105,0.000314,0.000047,0.121129
swap_static,2,1024,16777216,0.121394,0.000000,0.000000,0.000131,0.000116,0.000333,0.000049,0.120550
swap_static,2,1024,16777216,0.119731,0.000000,0.000000,0.000119,0.000108,0.000332,0.000047,0.121375
swap_static,2,1024,16777216,0.120543,0.000000,0.000000,0.000118,0.000111,0.000317,0.000057,0.121762
swap_static,2,1024,16777216,0.120943,0.000000,0.000000,0.000121,0.000114,0.000317,0.000047,0.120996
swap_static,2,1024,16777216,0.119933,0.000000,0.000000,0.000120,0.000109,0.000330,0.000060,0.122460
swap_static,2,1024,16777216,0.120777,0.000000,0.000000,0.000124,0.000103,0.000325,0.000055,0.120586
swap_static,2,1024,16777216,0.122211,0.000000,0.000000,0.000116,0.000100,0.000333,0.000051,0.123013
swap_static,2,1024,16777216,0.121776,0.000000,0.000000,0.000123,0.000092,0.000301,0.000047,0.119704
swap_static,2,1024,16777216,0.121190,0.000000,0.000000,0.000121,0.000110,0.000334,0.000058,0.122288
swap_static,2,1024,16777216,0.120776,0.000000,0.000000,0.000116,0.000104,0.000331,0.000047,0.123282
swap_dynv2,2,1024,16777216,0.122367,0.000000,0.000010,0.000401,0.000119,0.000352,0.000049,0.119742
swap_dynv2,2,1024,16777216,0.121259,0.000000,0.000009,0.000267,0.000116,0.000309,0.000054,0.124217
swap_dynv2,2,1024,16777216,0.120855,0.000000,0.000008,0.000123,0.000107,0.000304,0.000048,0.122206
swap_dynv2,2,1024,16777216,0.117849,0.000000,0.000009,0.000127,0.000123,0.000308,0.000056,0.117938
swap_dynv2,2,1024,16777216,0.121377,0.000000,0.000010,0.000126,0.000130,0.000319,0.000066,0.121729
swap_dynv2,2,1024,16777216,0.116712,0.000000,0.000009,0.000126,0.000121,0.000336,0.000052,0.118342
swap_dynv2,2,1024,16777216,0.116303,0.000000,0.000009,0.000119,0.000116,0.000318,0.000052,0.119650
swap_dynv2,2,1024,16777216,0.119185,0.000000,0.000008,0.000123,0.000108,0.000312,0.000050,0.119038
swap_dynv2,2,1024,16777216,0.119323,0.000000,0.000009,0.000123,0.000123,0.000315,0.000049,0.117598
swap_dynv2,2,1024,16777216,0.119249,0.000000,0.000009,0.000125,0.000108,0.000317,0.000048,0.116854
swap_dynv2,2,1024,16777216,0.118163,0.000000,0.000009,0.000129,0.000128,0.000325,0.000043,0.116258
swap_dynv2,2,1024,16777216,0.117921,0.000000,0.000008,0.000124,0.000109,0.000317,0.000050,0.118230
swap_dynv2,2,1024,16777216,0.117485,0.000000,0.000009,0.000128,0.000132,0.000318,0.000054,0.118700
swap_dynv2,2,1024,16777216,0.117936,0.000000,0.000009,0.000122,0.000113,0.000308,0.000051,0.116815
swap_dynv2,2,1024,16777216,0.118503,0.000000,0.000009,0.000123,0.000111,0.000334,0.000049,0.118081
swap_dynv2,2,1024,16777216,0.117299,0.000000,0.000010,0.000131,0.000122,0.000309,0.000062,0.114695
swap_dynv2,2,1024,16777216,0.118794,0.000000,0.000010,0.000123,0.000124,0.000309,0.000059,0.116965
swap_dynv2,2,1024,16777216,0.122992,0.000000,0.000010,0.000127,0.000122,0.000305,0.000047,0.118455
swap_dynv2,2,1024,16777216,0.119589,0.000000,0.000010,0.000128,0.000130,0.000319,0.000054,0.117566
swap_dynv2,2,1024,16777216,0.117429,0.000000,0.000008,0.000124,0.000108,0.000325,0.000072,0.117382
swap_dynv2,2,1024,16777216,0.120317,0.000000,0.000009,0.000126,0.000116,0.000325,0.000131,0.117181
swap_dynv2,2,1024,16777216,0.120252,0.000000,0.000010,0.000130,0.000132,0.000316,0.000048,0.119665
swap_dynv2,2,1024,16777216,0.119527,0.000000,0.000009,0.000131,0.000126,0.000320,0.000049,0.117672
swap_dynv2,2,1024,16777216,0.116875,0.000000,0.000010,0.000130,0.000124,0.000307,0.000051,0.118799
swap_dynv2,2,1024,16777216,0.117624,0.000000,0.000008,0.000120,0.000119,0.000331,0.000049,0.118448
swap_dynv2,2,1024,16777216,0.114911,0.000000,0.000008,0.000122,0.000126,0.000340,0.000049,0.116609
swap_dynv2,2,1024,16777216,0.117477,0.000000,0.000009,0.000135,0.000121,0.000309,0.000049,0.116942
swap_dynv2,2,1024,16777216,0.119608,0.000000,0.000009,0.000123,0.000125,0.000327,0.000050,0.115471
swap_dynv2,2,1024,16777216,0.117171,0.000000,0.000009,0.000124,0.000108,0.000334,0.000047,0.117008
swap_dynv2,2,1024,16777216,0.117785,0.000000,0.000008,0.000119,0.000110,0.000342,0.000053,0.117707
swap_dynv2,2,1024,16777216,0.116864,0.000000,0.000009,0.000125,0.000126,0.000295,0.000050,0.115816
swap_dynv2,2,1024,16777216,0.116644,0.000000,0.000009,0.000121,0.000110,0.000322,0.000053,0.118129
swap_dynv2,2,1024,16777216,0.117317,0.000000,0.000010,0.000127,0.000123,0.000319,0.000075,0.117398
swap_dynv2,2,1024,16777216,0.118197,0.000000,0.000010,0.000128,0.000124,0.000321,0.000050,0.118146
swap_dynv2,2,1024,16777216,0.116850,0.000000,0.000009,0.000122,0.000112,0.000323,0.000047,0.111790
swap_dynv2,2,1024,16777216,0.116896,0.000000,0.000009,0.000119,0.000118,0.000321,0.000062,0.118806
swap_dynv2,2,1024,16777216,0.119245,0.000000,0.000010,0.000130,0.000136,0.000314,0.000064,0.116310
swap_dynv2,2,1024,16777216,0.117625,0.000000,0.000009,0.000121,0.000115,0.000334,0.000048,0.116984
swap_dynv2,2,1024,16777216,0.116889,0.000000,0.000010,0.000127,0.000126,0.000321,0.000055,0.115100
swap_dynv2,2,1024,16777216,0.116658,0.000000,0.000009,0.000113,0.000122,0.000322,0.000054,0.117062
swap_dynv2,2,1024,16777216,0.119006,0.000000,0.000009,0.000119,0.000109,0.000323,0.000050,0.117094
swap_dynv2,2,1024,16777216,0.117423,0.000000,0.000015,0.000125,0.000127,0.000312,0.000053,0.118220
swap_dynv2,2,1024,16777216,0.119774,0.000000,0.000009,0.000122,0.000113,0.000335,0.000050,0.117047
swap_dynv2,2,1024,16777216,0.118761,0.000000,0.000009,0.000118,0.000110,0.000344,0.000054,0.119941
swap_dynv2,2,1024,16777216,0.116713,0.000000,0.000009,0.000129,0.000128,0.000326,0.000051,0.114994
swap_dynv2,2,1024,16777216,0.116733,0.000000,0.000009,0.000124,0.000118,0.000324,0.000052,0.119821
swap_dynv2,2,1024,16777216,0.117732,0.000000,0.000010,0.000126,0.000121,0.000306,0.000050,0.115166
swap_dynv2,2,1024,16777216,0.116404,0.000000,0.000008,0.000121,0.000108,0.000327,0.000055,0.119503
swap_dynv2,2,1024,16777216,0.118908,0.000000,0.000009,0.000121,0.000111,0.000318,0.000052,0.117723
swap_dynv2,2,1024,16777216,0.118055,0.000000,0.000009,0.000128,0.000140,0.000330,0.000050,0.118292
swap_dynv2,2,1024,16777216,0.118563,0.000000,0.000009,0.000129,0.000125,0.000322,0.000052,0.116234
swap_dynv2,2,1024,16777216,0.118418,0.000000,0.000009,0.000125,0.000126,0.000326,0.000060,0.117180
swap_dynv2,2,1024,16777216,0.119154,0.000000,0.000009,0.000122,0.000126,0.000316,0.000050,0.117484
swap_dynv2,2,1024,16777216,0.118660,0.000000,0.000009,0.000124,0.000118,0.000315,0.000053,0.118309
swap_dynv2,2,1024,16777216,0.117746,0.000000,0.000009,0.000120,0.000123,0.000327,0.000053,0.117393
swap_dynv2,2,1024,16777216,0.119443,0.000000,0.000010,0.000123,0.000123,0.000320,0.000057,0.116943
swap_dynv2,2,1024,16777216,0.119086,0.000000,0.000009,0.000126,0.000120,0.000310,0.000061,0.116144
swap_dynv2,2,1024,16777216,0.118008,0.000000,0.000009,0.000124,0.000115,0.000342,0.000052,0.117956
swap_dynv2,2,1024,16777216,0.119526,0.000000,0.000009,0.000127,0.000114,0.000325,0.000066,0.118059
swap_dynv2,2,1024,16777216,0.117856,0.000000,0.000009,0.000123,0.000117,0.000353,0.000048,0.115990
swap_dynv2,2,1024,16777216,0.118447,0.000000,0.000009,0.000125,0.000127,0.000308,0.000054,0.118050
swap_dynv2,2,1024,16777216,0.119680,0.000000,0.000008,0.000125,0.000113,0.000336,0.000046,0.117461
swap_dynv2,2,1024,16777216,0.116391,0.000000,0.000009,0.000122,0.000097,0.000324,0.000048,0.118471
swap_dynv2,2,1024,16777216,0.120206,0.000000,0.000009,0.000122,0.000113,0.000338,0.000051,0.117323
swap_dynv2,2,1024,16777216,0.121254,0.000000,0.000009,0.000130,0.000122,0.000316,0.000054,0.117151
swap_dynv2,2,1024,16777216,0.119447,0.000000,0.000008,0.000121,0.000116,0.000332,0.000049,0.118086
swap_dynv2,2,1024,16777216,0.119051,0.000000,0.000008,0.000131,0.000115,0.000316,0.000049,0.117236
swap_dynv2,2,1024,16777216,0.118347,0.000000,0.000010,0.000131,0.000137,0.000317,0.000054,0.117807
swap_dynv2,2,1024,16777216,0.118815,0.000000,0.000009,0.000128,0.000127,0.000313,0.000051,0.114303
swap_dynv2,2,1024,16777216,0.117406,0.000000,0.000009,0.000131,0.000118,0.000337,0.000049,0.116892
swap_dynv2,2,1024,16777216,0.118234,0.000000,0.000008,0.000122,0.000116,0.000349,0.000050,0.118781
swap_dynv2,2,1024,16777216,0.118095,0.000000,0.000010,0.000133,0.000127,0.000303,0.000058,0.117099
swap_dynv2,2,1024,16777216,0.119235,0.000000,0.000010,0.000137,0.000122,0.000318,0.000050,0.119979
swap_dynv2,2,1024,16777216,0.120848,0.000000,0.000009,0.000122,0.000123,0.000337,0.000061,0.119029
swap_dynv2,2,1024,16777216,0.118793,0.000000,0.000010,0.000134,0.000134,0.000304,0.000051,0.118316
swap_static,4,64,64,0.000205,0.000000,0.000000,0.000046,0.000096,0.000292,0.000053,0.000047
swap_static,4,64,64,0.000140,0.000000,0.000000,0.000034,0.000097,0.000291,0.000067,0.000046
swap_static,4,64,64,0.000134,0.000000,0.000000,0.000027,0.000079,0.000212,0.000048,0.000053
swap_static,4,64,64,0.000134,0.000000,0.000000,0.000028,0.000087,0.000226,0.000046,0.000065
swap_static,4,64,64,0.000145,0.000000,0.000000,0.000034,0.000091,0.000238,0.000047,0.000045
swap_static,4,64,64,0.000145,0.000000,0.000000,0.000056,0.000101,0.000251,0.000047,0.000045
swap_static,4,64,64,0.000152,0.000000,0.000000,0.000034,0.000089,0.000240,0.000046,0.000046
swap_static,4,64,64,0.000145,0.000000,0.000000,0.000039,0.000105,0.000246,0.000047,0.000052
swap_static,4,64,64,0.000140,0.000000,0.000000,0.000037,0.000095,0.000257,0.000045,0.000045
swap_static,4,64,64,0.000142,0.000000,0.000000,0.000027,0.000074,0.000232,0.000050,0.000051
swap_static,4,64,64,0.000128,0.000000,0.000000,0.000027,0.000074,0.000215,0.000044,0.000045
swap_static,4,64,64,0.000148,0.000000,0.000000,0.000039,0.000101,0.000267,0.000049,0.000047
swap_static,4,64,64,0.000152,0.000000,0.000000,0.000037,0.000090,0.000243,0.000046,0.000048
swap_static,4,64,64,0.000143,0.000000,0.000000,0.000039,0.000096,0.000248,0.000063,0.000044
swap_static,4,64,64,0.000148,0.000000,0.000000,0.000033,0.000089,0.000233,0.000047,0.000047
swap_static,4,64,64,0.000147,0.000000,0.000000,0.000028,0.000078,0.000213,0.000045,0.000067
swap_static,4,64,64,0.000136,0.000000,0.000000,0.000039,0.000089,0.000233,0.000048,0.000046
swap_static,4,64,64,0.000148,0.000000,0.000000,0.000038,0.000096,0.000243,0.000050,0.000047
swap_static,4,64,64,0.000149,0.000000,0.000000,0.000037,0.000098,0.000237,0.000045,0.000054
swap_static,4,64,64,0.000142,0.000000,0.000000,0.000034,0.000088,0.000221,0.000043,0.000045
swap_static,4,64,64,0.000132,0.000000,0.000000,0.000026,0.000074,0.000222,0.000044,0.000060
swap_static,4,64,64,0.000139,0.000000,0.000000,0.000026,0.000073,0.000201,0.000047,0.000043
swap_static,4,64,64,0.000136,0.000000,0.000000,0.000032,0.000087,0.000219,0.000048,0.000036
swap_static,4,64,64,0.000135,0.000000,0.000000,0.000028,0.000079,0.000227,0.000046,0.000045
swap_static,4,64,64,0.000155,0.000000,0.000000,0.000039,0.000103,0.000250,0.000049,0.000052
swap_static,4,64,64,0.000145,0.000000,0.000000,0.000035,0.000087,0.000228,0.000049,0.000051
swap_static,4,64,64,0.000145,0.000000,0.000000,0.000036,0.000093,0.000241,0.000046,0.000050
swap_static,4,64,64,0.000139,0.000000,0.000000,0.000037,0.000093,0.000241,0.000044,0.000056
swap_static,4,64,64,0.000135,0.000000,0.000000,0.000027,0.000077,0.000226,0.000044,0.000047
swap_static,4,64,64,0.000149,0.000000,0.000000,0.000037,0.000098,0.000240,0.000047,0.000050
swap_static,4,64,64,0.000126,0.000000,0.000000,0.000027,0.000072,0.000217,0.000082,0.000002
swap_static,4,64,64,0.000131,0.000000,0.000000,0.000026,0.000073,0.000198,0.000044,0.000051
swap_static,4,64,64,0.000134,0.000000,0.000000,0.000027,0.000074,0.000210,0.000042,0.000043
swap_static,4,64,64,0.000151,0.000000,0.000000,0.000044,0.000103,0.000256,0.000045,0.000045
swap_static,4,64,64,0.000141,0.000000,0.000000,0.000034,0.000090,0.000229,0.000044,0.000047
swap_static,4,64,64,0.000129,0.000000,0.000000,0.000037,0.000103,0.000246,0.000047,0.000049
swap_static,4,64,64,0.000160,0.000000,0.000000,0.000036,0.000109,0.000232,0.000045,0.000069
swap_static,4,64,64,0.000137,0.000000,0.000000,0.000027,0.000074,0.000204,0.000043,0.000043
swap_static,4,64,64,0.000146,0.000000,0.000000,0.000035,0.000090,0.000225,0.000047,0.000046
swap_static,4,64,64,0.000123,0.000000,0.000000,0.000026,0.000073,0.000210,0.000048,0.000066
swap_static,4,64,64,0.000142,0.000000,0.000000,0.000039,0.000102,0.000263,0.000043,0.000046
swap_static,4,64,64,0.000131,0.000000,0.000000,0.000036,0.000094,0.000237,0.000143,0.000001
swap_static,4,64,64,0.000192,0.000000,0.000000,0.000028,0.000078,0.000216,0.000046,0.000047
swap_static,4,64,64,0.000118,0.000000,0.000000,0.000025,0.000074,0.000201,0.000043,0.000043
swap_static,4,64,64,0.000154,0.000000,0.000000,0.000040,0.000103,0.000259,0.000047,0.000048
swap_static,4,64,64,0.000151,0.000000,0.000000,0.000026,0.000075,0.000210,0.000044,0.000058
swap_static,4,64,64,0.000150,0.000000,0.000000,0.000031,0.000087,0.000234,0.000044,0.000055
swap_static,4,64,64,0.000140,0.000000,0.000000,0.000033,0.000088,0.000238,0.000052,0.000049
swap_static,4,64,64,0.000139,0.000000,0.000000,0.000041,0.000106,0.000252,0.000050,0.000047
swap_static,4,64,64,0.000137,0.000000,0.000000,0.000041,0.000092,0.000221,0.000086,0.000008
swap_static,4,64,64,0.000131,0.000000,0.000000,0.000045,0.000116,0.000252,0.000057,0.000049
swap_static,4,64,64,0.000136,0.000000,0.000000,0.000026,0.000083,0.000232,0.000044,0.000047
swap_static,4,64,64,0.000123,0.000000,0.000000,0.000027,0.000075,0.000211,0.000049,0.000053
swap_static,4,64,64,0.000140,0.000000,0.000000,0.000036,0.000094,0.000240,0.000046,0.000058
swap_static,4,64,64,0.000170,0.000000,0.000000,0.000041,0.000098,0.000254,0.000046,0.000048
swap_static,4,64,64,0.000138,0.000000,0.000000,0.000032,0.000087,0.000226,0.000045,0.000047
swap_static,4,64,64,0.000151,0.000000,0.000000,0.000038,0.000102,0.000246,0.000045,0.000044
swap_static,4,64,64,0.000144,0.000000,0.000000,0.000037,0.000092,0.000245,0.000053,0.000048
swap_static,4,64,64,0.000227,0.000000,0.000000,0.000037,0.000097,0.000240,0.000048,0.000055
swap_static,4,64,64,0.000131,0.000000,0.000000,0.000026,0.000075,0.000209,0.000051,0.000047
swap_static,4,64,64,0.000143,0.000000,0.000000,0.000028,0.000078,0.000217,0.000048,0.000045
swap_static,4,64,64,0.000129,0.000000,0.000000,0.000039,0.000100,0.000252,0.000049,0.000044
swap_static,4,64,64,0.000161,0.000000,0.000000,0.000036,0.000187,0.000240,0.000047,0.000046
swap_static,4,64,64,0.000156,0.000000,0.000000,0.000036,0.000090,0.000224,0.000045,0.000048
swap_static,4,64,64,0.000131,0.000000,0.000000,0.000027,0.000083,0.000214,0.000046,0.000050
swap_static,4,64,64,0.000121,0.000000,0.000000,0.000027,0.000074,0.000211,0.000053,0.000058
swap_static,4,64,64,0.000128,0.000000,0.000000,0.000027,0.000075,0.000209,0.000047,0.000046
swap_static,4,64,64,0.000151,0.000000,0.000000,0.000038,0.000111,0.000249,0.000047,0.000044
swap_static,4,64,64,0.000133,0.000000,0.000000,0.000027,0.000074,0.000217,0.000058,0.000042
swap_static,4,64,64,0.000148,0.000000,0.000000,0.000040,0.000109,0.000236,0.000046,0.000047
swap_static,4,64,64,0.000139,0.000000,0.000000,0.000034,0.000089,0.000232,0.000046,0.000049
swap_static,4,64,64,0.000144,0.000000,0.000000,0.000031,0.000084,0.000371,0.000052,0.000049
swap_static,4,64,64,0.000125,0.000000,0.000000,0.000027,0.000073,0.000219,0.000043,0.000047
swap_static,4,64,64,0.000141,0.000000,0.000000,0.000031,0.000086,0.000224,0.000045,0.000043
swap_static,4,64,64,0.000156,0.000000,0.000000,0.000032,0.000087,0.000223,0.000048,0.000061
swap_dynv2,4,64,64,0.000197,0.000000,0.000004,0.000039,0.000078,0.000278,0.000055,0.000049
swap_dynv2,4,64,64,0.000154,0.000000,0.000003,0.000030,0.000080,0.000222,0.000050,0.000065
swap_dynv2,4,64,64,0.000130,0.000000,0.000003,0.000028,0.000080,0.000200,0.000051,0.000059
swap_dynv2,4,64,64,0.000130,0.000000,0.000003,0.000029,0.000073,0.000220,0.000046,0.000047
swap_dynv2,4,64,64,0.000156,0.000000,0.000008,0.000051,0.000130,0.000256,0.000050,0.000047
swap_dynv2,4,64,64,0.000163,0.000000,0.000005,0.000036,0.000099,0.000236,0.000049,0.000059
swap_dynv2,4,64,64,0.000141,0.000000,0.000003,0.000029,0.000076,0.000206,0.000047,0.000045
swap_dynv2,4,64,64,0.000149,0.000000,0.000007,0.000044,0.000125,0.000267,0.000048,0.000050
swap_dynv2,4,64,64,0.000138,0.000000,0.000004,0.000029,0.000088,0.000219,0.000049,0.000066
swap_dynv2,4,64,64,0.000171,0.000000,0.000006,0.000040,0.000096,0.000232,0.000047,0.000055
swap_dynv2,4,64,64,0.000151,0.000000,0.000006,0.000040,0.000097,0.000236,0.000054,0.000054
swap_dynv2,4,64,64,0.000151,0.000000,0.000006,0.000036,0.000096,0.000224,0.000058,0.000050
swap_dynv2,4,64,64,0.000140,0.000000,0.000005,0.000035,0.000097,0.000225,0.000051,0.000059
swap_dynv2,4,64,64,0.000133,0.000000,0.000003,0.000029,0.000073,0.000201,0.000043,0.000065
swap_dynv2,4,64,64,0.000144,0.000000,0.000005,0.000036,0.000093,0.000223,0.000049,0.000046
swap_dynv2,4,64,64,0.000155,0.000000,0.000007,0.000042,0.000105,0.000241,0.000046,0.000049
swap_dynv2,4,64,64,0.000145,0.000000,0.000006,0.000040,0.000100,0.000221,0.000104,0.000020
swap_dynv2,4,64,64,0.000146,0.000000,0.000003,0.000028,0.000078,0.000210,0.000046,0.000051
swap_dynv2,4,64,64,0.000144,0.000000,0.000007,0.000042,0.000106,0.000234,0.000049,0.000052
swap_dynv2,4,64,64,0.000145,0.000000,0.000005,0.000044,0.000103,0.000218,0.000044,0.000071
swap_dynv2,4,64,64,0.000134,0.000000,0.000004,0.000030,0.000077,0.000203,0.000045,0.000051
swap_dynv2,4,64,64,0.000128,0.000000,0.000005,0.000035,0.000089,0.000224,0.000050,0.000048
swap_dynv2,4,64,64,0.000136,0.000000,0.000005,0.000034,0.000094,0.000204,0.000046,0.000059
swap_dynv2,4,64,64,0.000135,0.000000,0.000005,0.000033,0.000089,0.000207,0.000053,0.000045
swap_dynv2,4,64,64,0.000154,0.000000,0.000007,0.000044,0.000110,0.000238,0.000049,0.000049
swap_dynv2,4,64,64,0.000156,0.000000,0.000006,0.000039,0.000098,0.000239,0.000050,0.000054
swap_dynv2,4,64,64,0.000140,0.000000,0.000003,0.000028,0.000083,0.000204,0.000046,0.000057
swap_dynv2,4,64,64,0.000140,0.000000,0.000003,0.000027,0.000077,0.000203,0.000049,0.000045
swap_dynv2,4,64,64,0.000153,0.000000,0.000005,0.000034,0.000092,0.000213,0.000052,0.000056
swap_dynv2,4,64,64,0.000123,0.000000,0.000003,0.000029,0.000076,0.000213,0.000045,0.000066
swap_dynv2,4,64,64,0.000126,0.000000,0.000003,0.000027,0.000075,0.000191,0.000044,0.000039
swap_dynv2,4,64,64,0.000144,0.000000,0.000007,0.000043,0.000119,0.000245,0.000048,0.000058
swap_dynv2,4,64,64,0.000134,0.000000,0.000003,0.000028,0.000079,0.000210,0.000047,0.000052
swap_dynv2,4,64,64,0.000119,0.000000,0.000003,0.000027,0.000075,0.000279,0.000047,0.000067
swap_dynv2,4,64,64,0.000142,0.000000,0.000005,0.000034,0.000093,0.000224,0.000044,0.000058
swap_dynv2,4,64,64,0.000141,0.000000,0.000003,0.000029,0.000079,0.000217,0.000045,0.000046
swap_dynv2,4,64,64,0.000143,0.000000,0.000003,0.000028,0.000079,0.000202,0.000050,0.000054
swap_dynv2,4,64,64,0.000152,0.000000,0.000006,0.000039,0.000098,0.000229,0.000056,0.000075
swap_dynv2,4,64,64,0.000156,0.000000,0.000004,0.000030,0.000079,0.000258,0.000050,0.000049
swap_dynv2,4,64,64,0.000147,0.000000,0.000005,0.000033,0.000095,0.000217,0.000092,0.000036
swap_dynv2,4,64,64,0.000145,0.000000,0.000005,0.000034,0.000099,0.000225,0.000050,0.000046
swap_dynv2,4,64,64,0.000144,0.000000,0.000006,0.000041,0.000103,0.000247,0.000048,0.000050
swap_dynv2,4,64,64,0.000169,0.000000,0.000004,0.000029,0.000077,0.000213,0.000048,0.000047
swap_dynv2,4,64,64,0.000167,0.000000,0.000005,0.000036,0.000091,0.000222,0.000045,0.000046
swap_dynv2,4,64,64,0.000147,0.000000,0.000007,0.000042,0.000113,0.000240,0.000048,0.000054
swap_dynv2,4,64,64,0.000134,0.000000,0.000004,0.000027,0.000075,0.000307,0.000047,0.000048
swap_dynv2,4,64,64,0.000167,0.000000,0.000006,0.000039,0.000097,0.000226,0.000048,0.000050
swap_dynv2,4,64,64,0.000126,0.000000,0.000003,0.000027,0.000117,0.000212,0.000047,0.000047
swap_dynv2,4,64,64,0.000154,0.000000,0.000006,0.000043,0.000113,0.000243,0.000056,0.000059
swap_dynv2,4,64,64,0.000134,0.000000,0.000006,0.000037,0.000106,0.000226,0.000049,0.000051
swap_dynv2,4,64,64,0.000149,0.000000,0.000006,0.000040,0.000103,0.000236,0.000045,0.000044
swap_dynv2,4,64,64,0.000146,0.000000,0.000003,0.000027,0.000076,0.000204,0.000045,0.000061
swap_dynv2,4,64,64,0.000126,0.000000,0.000004,0.000029,0.000083,0.000204,0.000045,0.000044
swap_dynv2,4,64,64,0.000139,0.000000,0.000006,0.000042,0.000114,0.000246,0.000046,0.000054
swap_dynv2,4,64,64,0.000150,0.000000,0.000003,0.000027,0.000076,0.000218,0.000044,0.000070
swap_dynv2,4,64,64,0.000138,0.000000,0.000005,0.000034,0.000207,0.000223,0.000049,0.000047
swap_dynv2,4,64,64,0.000147,0.000000,0.000004,0.000028,0.000081,0.000198,0.000044,0.000065
swap_dynv2,4,64,64,0.000127,0.000000,0.000003,0.000036,0.000098,0.000209,0.000047,0.000047
swap_dynv2,4,64,64,0.000149,0.000000,0.000005,0.000033,0.000093,0.000218,0.000059,0.000042
swap_dynv2,4,64,64,0.000134,0.000000,0.000007,0.000042,0.000107,0.000249,0.000057,0.000057
swap_dynv2,4,64,64,0.000152,0.000000,0.000006,0.000036,0.000106,0.000222,0.000042,0.000053
swap_dynv2,4,64,64,0.000151,0.000000,0.000005,0.000033,0.000094,0.000222,0.000047,0.000049
swap_dynv2,4,64,64,0.000126,0.000000,0.000004,0.000028,0.000076,0.000205,0.000049,0.000032
swap_dynv2,4,64,64,0.000143,0.000000,0.000011,0.000038,0.000095,0.000239,0.000057,0.000049
swap_dynv2,4,64,64,0.000137,0.000000,0.000005,0.000035,0.000101,0.000225,0.000047,0.000049
swap_dynv2,4,64,64,0.000136,0.000000,0.000005,0.000039,0.000090,0.000211,0.000046,0.000063
swap_dynv2,4,64,64,0.000141,0.000000,0.000003,0.000027,0.000077,0.000215,0.000045,0.000046
swap_dynv2,4,64,64,0.000137,0.000000,0.000003,0.000026,0.000073,0.000205,0.000043,0.000049
swap_dynv2,4,64,64,0.000154,0.000000,0.000007,0.000043,0.000120,0.000253,0.000051,0.000051
swap_dynv2,4,64,64,0.000143,0.000000,0.000005,0.000035,0.000096,0.000226,0.000046,0.000047
swap_dynv2,4,64,64,0.000142,0.000000,0.000003,0.000027,0.000077,0.000213,0.000044,0.000062
swap_dynv2,4,64,64,0.000143,0.000000,0.000005,0.000034,0.000091,0.000301,0.000053,0.000059
swap_dynv2,4,64,64,0.000140,0.000000,0.000007,0.000043,0.000111,0.000239,0.000047,0.000048
swap_dynv2,4,64,64,0.000129,0.000000,0.000003,0.000027,0.000082,0.000213,0.000079,0.000007
swap_dynv2,4,64,64,0.000133,0.000000,0.000006,0.000040,0.000102,0.000243,0.000053,0.000048
swap_static,4,64,4096,0.000313,0.000000,0.000000,0.000051,0.000089,0.000292,0.000051,0.000188
swap_static,4,64,4096,0.000278,0.000000,0.000000,0.000043,0.000115,0.000262,0.000046,0.000175
swap_static,4,64,4096,0.000278,0.000000,0.000000,0.000037,0.000100,0.000243,0.000053,0.000148
swap_static,4,64,4096,0.000260,0.000000,0.000000,0.000037,0.000097,0.000251,0.000058,0.000158
swap_static,4,64,4096,0.000289,0.000000,0.000000,0.000038,0.000099,0.000247,0.000045,0.000173
swap_static,4,64,4096,0.000269,0.000000,0.000000,0.000030,0.000076,0.000215,0.000181,0.000037
swap_static,4,64,4096,0.000255,0.000000,0.000000,0.000036,0.000078,0.000221,0.000042,0.000165
swap_static,4,64,4096,0.000249,0.000000,0.000000,0.000035,0.000096,0.000236,0.000048,0.000153
swap_static,4,64,4096,0.000268,0.000000,0.000000,0.000034,0.000092,0.000236,0.000047,0.000166
swap_static,4,64,4096,0.000252,0.000000,0.000000,0.000030,0.000077,0.000205,0.000045,0.000155
swap_static,4,64,4096,0.000258,0.000000,0.000000,0.000035,0.000098,0.000226,0.000047,0.000168
swap_static,4,64,4096,0.000262,0.000000,0.000000,0.000029,0.000076,0.000212,0.000049,0.000168
swap_static,4,64,4096,0.000275,0.000000,0.000000,0.000041,0.000106,0.000248,0.000050,0.000142
swap_static,4,64,4096,0.000294,0.000000,0.000000,0.000029,0.000078,0.000211,0.000045,0.000160
swap_static,4,64,4096,0.000249,0.000000,0.000000,0.000034,0.000102,0.000219,0.000045,0.000164
swap_static,4,64,4096,0.000244,0.000000,0.000000,0.000029,0.000077,0.000217,0.000048,0.000156
swap_static,4,64,4096,0.000261,0.000000,0.000000,0.000029,0.000084,0.000219,0.000051,0.000150
swap_static,4,64,4096,0.000293,0.000000,0.000000,0.000028,0.000076,0.000218,0.000048,0.000176
swap_static,4,64,4096,0.000280,0.000000,0.000000,0.000030,0.000077,0.000283,0.000046,0.000163
swap_static,4,64,4096,0.000258,0.000000,0.000000,0.000032,0.000087,0.000215,0.000054,0.000142
swap_static,4,64,4096,0.000271,0.000000,0.000000,0.000039,0.000106,0.000227,0.000043,0.000170
swap_static,4,64,4096,0.000252,0.000000,0.000000,0.000035,0.000091,0.000209,0.000047,0.000165
swap_static,4,64,4096,0.000242,0.000000,0.000000,0.000026,0.000077,0.000197,0.000049,0.000168
swap_static,4,64,4096,0.000255,0.000000,0.000000,0.000036,0.000091,0.000211,0.000048,0.000172
swap_static,4,64,4096,0.000273,0.000000,0.000000,0.000040,0.000104,0.000255,0.000051,0.000172
swap_static,4,64,4096,0.000263,0.000000,0.000000,0.000039,0.000098,0.000227,0.000045,0.000170
swap_static,4,64,4096,0.000257,0.000000,0.000000,0.000027,0.000077,0.000210,0.000050,0.000140
swap_static,4,64,4096,0.000261,0.000000,0.000000,0.000037,0.000098,0.000219,0.000045,0.000171
swap_static,4,64,4096,0.000273,0.000000,0.000000,0.000038,0.000095,0.000237,0.000047,0.000169
swap_static,4,64,4096,0.000284,0.000000,0.000000,0.000034,0.000099,0.000212,0.000058,0.000146
swap_static,4,64,4096,0.000250,0.000000,0.000000,0.000037,0.000101,0.000248,0.000047,0.000165
swap_static,4,64,4096,0.000246,0.000000,0.000000,0.000030,0.000082,0.000207,0.000046,0.000185
swap_static,4,64,4096,0.000250,0.000000,0.000000,0.000031,0.000078,0.000214,0.000045,0.000182
swap_static,4,64,4096,0.000262,0.000000,0.000000,0.000033,0.000092,0.000213,0.000051,0.000151
swap_static,4,64,4096,0.000279,0.000000,0.000000,0.000031,0.000093,0.000273,0.000047,0.000157
swap_static,4,64,4096,0.000270,0.000000,0.000000,0.000030,0.000077,0.000206,0.000049,0.000178
swap_static,4,64,4096,0.000252,0.000000,0.000000,0.000031,0.000089,0.000201,0.000046,0.000148
swap_static,4,64,4096,0.000255,0.000000,0.000000,0.000026,0.000092,0.000231,0.000046,0.000171
swap_static,4,64,4096,0.000254,0.000000,0.000000,0.000026,0.000076,0.000199,0.000043,0.000172
swap_static,4,64,4096,0.000218,0.000000,0.000000,0.000028,0.000081,0.000206,0.000055,0.000174
swap_static,4,64,4096,0.000247,0.000000,0.000000,0.000030,0.000098,0.000210,0.000050,0.000169
swap_static,4,64,4096,0.000261,0.000000,0.000000,0.000031,0.000087,0.000206,0.000049,0.000174
swap_static,4,64,4096,0.000253,0.000000,0.000000,0.000035,0.000112,0.000243,0.000048,0.000178
swap_static,4,64,4096,0.000279,0.000000,0.000000,0.000038,0.000105,0.000236,0.000046,0.000165
swap_static,4,64,4096,0.000326,0.000000,0.000000,0.000029,0.000079,0.000203,0.000055,0.000160
swap_static,4,64,4096,0.000258,0.000000,0.000000,0.000029,0.000082,0.000217,0.000045,0.000179
swap_static,4,64,4096,0.000223,0.000000,0.000000,0.000028,0.000082,0.000188,0.000045,0.000164
swap_static,4,64,4096,0.000254,0.000000,0.000000,0.000029,0.000079,0.000206,0.000062,0.000165
swap_static,4,64,4096,0.000264,0.000000,0.000000,0.000027,0.000085,0.000220,0.000049,0.000167
swap_static,4,64,4096,0.000259,0.000000,0.000000,0.000041,0.000108,0.000239,0.000053,0.000172
swap_static,4,64,4096,0.000271,0.000000,0.000000,0.000032,0.000089,0.000223,0.000049,0.000179
swap_static,4,64,4096,0.000268,0.000000,0.000000,0.000033,0.000095,0.000213,0.000054,0.000153
swap_static,4,64,4096,0.000246,0.000000,0.000000,0.000031,0.000215,0.000231,0.000046,0.000170
swap_static,4,64,4096,0.000255,0.000000,0.000000,0.000039,0.000109,0.000240,0.000051,0.000175
swap_static,4,64,4096,0.000259,0.000000,0.000000,0.000028,0.000077,0.000198,0.000046,0.000169
swap_static,4,64,4096,0.000246,0.000000,0.000000,0.000029,0.000077,0.000190,0.000041,0.000173
swap_static,4,64,4096,0.000261,0.000000,0.000000,0.000029,0.000079,0.000210,0.000044,0.000168
swap_static,4,64,4096,0.000270,0.000000,0.000000,0.000027,0.000075,0.000198,0.000051,0.000151
swap_static,4,64,4096,0.000257,0.000000,0.000000,0.000037,0.000104,0.000233,0.000046,0.000178
swap_static,4,64,4096,0.000266,0.000000,0.000000,0.000027,0.000079,0.000202,0.000046,0.000177
swap_static,4,64,4096,0.000246,0.000000,0.000000,0.000027,0.000077,0.000204,0.000046,0.000184
swap_static,4,64,4096,0.000250,0.000000,0.000000,0.000033,0.000088,0.000213,0.000043,0.000163
swap_static,4,64,4096,0.000344,0.000000,0.000000,0.000031,0.000086,0.000208,0.000054,0.000172
swap_static,4,64,4096,0.000243,0.000000,0.000000,0.000032,0.000097,0.000206,0.000048,0.000141
swap_static,4,64,4096,0.000239,0.000000,0.000000,0.000029,0.000088,0.000196,0.000066,0.000131
swap_static,4,64,4096,0.000344,0.000000,0.000000,0.000033,0.000094,0.000204,0.000053,0.000148
swap_static,4,64,4096,0.000254,0.000000,0.000000,0.000027,0.000079,0.000196,0.000067,0.000133
swap_static,4,64,4096,0.000257,0.000000,0.000000,0.000038,0.000107,0.000246,0.000045,0.000177
swap_static,4,64,4096,0.000254,0.000000,0.000000,0.000030,0.000077,0.000203,0.000044,0.000146
swap_static,4,64,4096,0.000263,0.000000,0.000000,0.000028,0.000078,0.000206,0.000059,0.000147
swap_static,4,64,4096,0.000261,0.000000,0.000000,0.000040,0.000089,0.000228,0.000046,0.000164
swap_static,4,64,4096,0.000255,0.000000,0.000000,0.000031,0.000083,0.000218,0.000050,0.000165
swap_static,4,64,4096,0.000249,0.000000,0.000000,0.000035,0.000112,0.000234,0.000045,0.000173
swap_static,4,64,4096,0.000336,0.000000,0.000000,0.000029,0.000083,0.000216,0.000050,0.000147
swap_static,4,64,4096,0.000249,0.000000,0.000000,0.000028,0.000075,0.000213,0.000053,0.000177
swap_dynv2,4,64,4096,0.000352,0.000000,0.000004,0.000042,0.000085,0.000279,0.000061,0.000177
swap_dynv2,4,64,4096,0.000290,0.000000,0.000005,0.000034,0.000081,0.000237,0.000047,0.000148
swap_dynv2,4,64,4096,0.000270,0.000000,0.000005,0.000033,0.000099,0.000229,0.000048,0.000161
swap_dynv2,4,64,4096,0.000260,0.000000,0.000006,0.000041,0.000104,0.000229,0.000060,0.000152
swap_dynv2,4,64,4096,0.000282,0.000000,0.000006,0.000039,0.000106,0.000246,0.000049,0.000174
swap_dynv2,4,64,4096,0.000275,0.000000,0.000006,0.000040,0.000101,0.000236,0.000047,0.000176
swap_dynv2,4,64,4096,0.000260,0.000000,0.000003,0.000033,0.000076,0.000212,0.000047,0.000173
swap_dynv2,4,64,4096,0.000266,0.000000,0.000004,0.000030,0.000078,0.000220,0.000048,0.000166
swap_dynv2,4,64,4096,0.000247,0.000000,0.000003,0.000029,0.000078,0.000209,0.000046,0.000137
swap_dynv2,4,64,4096,0.000250,0.000000,0.000003,0.000030,0.000071,0.000210,0.000046,0.000174
swap_dynv2,4,64,4096,0.000290,0.000000,0.000004,0.000031,0.000083,0.000218,0.000049,0.000175
swap_dynv2,4,64,4096,0.000258,0.000000,0.000005,0.000034,0.000085,0.000215,0.000045,0.000184
swap_dynv2,4,64,4096,0.000267,0.000000,0.000007,0.000039,0.000110,0.000252,0.000055,0.000152
swap_dynv2,4,64,4096,0.000257,0.000000,0.000006,0.000036,0.000099,0.000223,0.000050,0.000173
swap_dynv2,4,64,4096,0.000259,0.000000,0.000004,0.000030,0.000083,0.000215,0.000046,0.000151
swap_dynv2,4,64,4096,0.000253,0.000000,0.000005,0.000036,0.000095,0.000221,0.000050,0.000170
swap_dynv2,4,64,4096,0.000274,0.000000,0.000005,0.000031,0.000089,0.000226,0.000045,0.000148
swap_dynv2,4,64,4096,0.000251,0.000000,0.000007,0.000043,0.000109,0.000243,0.000047,0.000185
swap_dynv2,4,64,4096,0.000249,0.000000,0.000003,0.000027,0.000075,0.000198,0.000045,0.000169
swap_dynv2,4,64,4096,0.000261,0.000000,0.000006,0.000126,0.000111,0.000242,0.000050,0.000176
swap_dynv2,4,64,4096,0.000263,0.000000,0.000004,0.000029,0.000085,0.000223,0.000044,0.000178
swap_dynv2,4,64,4096,0.000254,0.000000,0.000007,0.000044,0.000110,0.000245,0.000049,0.000178
swap_dynv2,4,64,4096,0.000258,0.000000,0.000006,0.000034,0.000097,0.000221,0.000048,0.000166
swap_dynv2,4,64,4096,0.000247,0.000000,0.000004,0.000029,0.000077,0.000202,0.000045,0.000144
swap_dynv2,4,64,4096,0.000357,0.000000,0.000006,0.000036,0.000094,0.000219,0.000046,0.000145
swap_dynv2,4,64,4096,0.000241,0.000000,0.000007,0.000039,0.000109,0.000264,0.000049,0.000153
swap_dynv2,4,64,4096,0.000270,0.000000,0.000003,0.000030,0.000077,0.000207,0.000052,0.000142
swap_dynv2,4,64,4096,0.000267,0.000000,0.000004,0.000030,0.000078,0.000201,0.000046,0.000162
swap_dynv2,4,64,4096,0.000274,0.000000,0.000004,0.000032,0.000080,0.000221,0.000050,0.000151
swap_dynv2,4,64,4096,0.000265,0.000000,0.000005,0.000031,0.000084,0.000209,0.000047,0.000180
swap_dynv2,4,64,4096,0.000266,0.000000,0.000005,0.000035,0.000156,0.000230,0.000048,0.000174
swap_dynv2,4,64,4096,0.000265,0.000000,0.000005,0.000031,0.000088,0.000210,0.000050,0.000175
swap_dynv2,4,64,4096,0.000257,0.000000,0.000007,0.000042,0.000111,0.000249,0.000049,0.000188
swap_dynv2,4,64,4096,0.000273,0.000000,0.000007,0.000039,0.000102,0.000224,0.000048,0.000184
swap_dynv2,4,64,4096,0.000254,0.000000,0.000004,0.000029,0.000079,0.000199,0.000045,0.000157
swap_dynv2,4,64,4096,0.000253,0.000000,0.000003,0.000028,0.000084,0.000203,0.000048,0.000174
swap_dynv2,4,64,4096,0.000267,0.000000,0.000007,0.000044,0.000108,0.000308,0.000057,0.000150
swap_dynv2,4,64,4096,0.000275,0.000000,0.000004,0.000028,0.000080,0.000205,0.000045,0.000176
swap_dynv2,4,64,4096,0.000249,0.000000,0.000003,0.000028,0.000074,0.000197,0.000046,0.000152
swap_dynv2,4,64,4096,0.000275,0.000000,0.000004,0.000032,0.000081,0.000204,0.000045,0.000176
swap_dynv2,4,64,4096,0.000261,0.000000,0.000007,0.000043,0.000109,0.000242,0.000049,0.000152
swap_dynv2,4,64,4096,0.000263,0.000000,0.000004,0.000032,0.000082,0.000210,0.000056,0.000171
swap_dynv2,4,64,4096,0.000261,0.000000,0.000004,0.000030,0.000087,0.000210,0.000048,0.000183
swap_dynv2,4,64,4096,0.000276,0.000000,0.000004,0.000028,0.000082,0.000209,0.000046,0.000149
swap_dynv2,4,64,4096,0.000356,0.000000,0.000006,0.000035,0.000108,0.000238,0.000049,0.000151
swap_dynv2,4,64,4096,0.000266,0.000000,0.000005,0.000033,0.000102,0.000210,0.000046,0.000174
swap_dynv2,4,64,4096,0.000286,0.000000,0.000007,0.000041,0.000119,0.000254,0.000050,0.000176
swap_dynv2,4,64,4096,0.000265,0.000000,0.000006,0.000037,0.000105,0.000222,0.000061,0.000148
swap_dynv2,4,64,4096,0.000248,0.000000,0.000004,0.000030,0.000087,0.000205,0.000045,0.000180
swap_dynv2,4,64,4096,0.000272,0.000000,0.000005,0.000030,0.000087,0.000209,0.000046,0.000152
swap_dynv2,4,64,4096,0.000272,0.000000,0.000007,0.000040,0.000116,0.000241,0.000050,0.000165
swap_dynv2,4,64,4096,0.000275,0.000000,0.000006,0.000037,0.000110,0.000228,0.000053,0.000153
swap_dynv2,4,64,4096,0.000274,0.000000,0.000006,0.000037,0.000106,0.000222,0.000046,0.000149
swap_dynv2,4,64,4096,0.000285,0.000000,0.000006,0.000038,0.000112,0.000232,0.000048,0.000168
swap_dynv2,4,64,4096,0.000267,0.000000,0.000006,0.000035,0.000104,0.000228,0.000048,0.000180
swap_dynv2,4,64,4096,0.000261,0.000000,0.000006,0.000036,0.000115,0.000225,0.000048,0.000152
swap_dynv2,4,64,4096,0.000267,0.000000,0.000007,0.000041,0.000113,0.000236,0.000047,0.000157
swap_dynv2,4,64,4096,0.000264,0.000000,0.000007,0.000039,0.000109,0.000231,0.000050,0.000158
swap_dynv2,4,64,4096,0.000254,0.000000,0.000006,0.000035,0.000097,0.000215,0.000048,0.000181
swap_dynv2,4,64,4096,0.000260,0.000000,0.000003,0.000032,0.000085,0.000205,0.000047,0.000133
swap_dynv2,4,64,4096,0.000275,0.000000,0.000004,0.000038,0.000084,0.000214,0.000048,0.000182
swap_dynv2,4,64,4096,0.000272,0.000000,0.000007,0.000044,0.000118,0.000309,0.000049,0.000174
swap_dynv2,4,64,4096,0.000282,0.000000,0.000006,0.000040,0.000106,0.000230,0.000052,0.000162
swap_dynv2,4,64,4096,0.000248,0.000000,0.000004,0.000028,0.000086,0.000205,0.000046,0.000183
swap_dynv2,4,64,4096,0.000260,0.000000,0.000005,0.000039,0.000098,0.000224,0.000048,0.000146
swap_dynv2,4,64,4096,0.000253,0.000000,0.000003,0.000032,0.000086,0.000207,0.000044,0.000172
swap_dynv2,4,64,4096,0.000255,0.000000,0.000003,0.000029,0.000089,0.000204,0.000047,0.000264
swap_dynv2,4,64,4096,0.000267,0.000000,0.000003,0.000030,0.000083,0.000207,0.000048,0.000187
swap_dynv2,4,64,4096,0.000271,0.000000,0.000005,0.000033,0.000099,0.000211,0.000047,0.000156
swap_dynv2,4,64,4096,0.000263,0.000000,0.000008,0.000032,0.000086,0.000204,0.000054,0.000164
swap_dynv2,4,64,4096,0.000269,0.000000,0.000007,0.000041,0.000134,0.000418,0.000055,0.000186
swap_dynv2,4,64,4096,0.000250,0.000000,0.000004,0.000032,0.000085,0.000209,0.000049,0.000185
swap_dynv2,4,64,4096,0.000280,0.000000,0.000007,0.000041,0.000113,0.000235,0.000057,0.000156
swap_dynv2,4,64,4096,0.000254,0.000000,0.000003,0.000028,0.000084,0.000206,0.000045,0.000144
swap_dynv2,4,64,4096,0.000250,0.000000,0.000004,0.000031,0.000085,0.000209,0.000046,0.000144
swap_static,4,64,262144,0.001678,0.000000,0.000000,0.000060,0.000119,0.000299,0.000054,0.001467
swap_static,4,64,262144,0.001659,0.000000,0.000000,0.000033,0.000086,0.000240,0.000048,0.001780
swap_static,4,64,262144,0.001556,0.000000,0.000000,0.000036,0.000100,0.000241,0.000048,0.001413
swap_static,4,64,262144,0.001610,0.000000,0.000000,0.000039,0.000108,0.000251,0.000049,0.001443
swap_static,4,64,262144,0.001545,0.000000,0.000000,0.000031,0.000086,0.000245,0.000038,0.001519
swap_static,4,64,262144,0.001462,0.000000,0.000000,0.000042,0.000109,0.000249,0.000054,0.001514
swap_static,4,64,262144,0.001566,0.000000,0.000000,0.000039,0.000150,0.000241,0.000061,0.001464
swap_static,4,64,262144,0.001586,0.000000,0.000000,0.000036,0.000091,0.000239,0.000048,0.001553
swap_static,4,64,262144,0.001522,0.000000,0.000000,0.000041,0.000108,0.000236,0.000051,0.001508
swap_static,4,64,262144,0.001578,0.000000,0.000000,0.000039,0.000097,0.000235,0.000082,0.002163
swap_static,4,64,262144,0.001534,0.000000,0.000000,0.000039,0.000095,0.000232,0.000049,0.001516
swap_static,4,64,262144,0.001442,0.000000,0.000000,0.000033,0.000086,0.000231,0.000045,0.001761
swap_static,4,64,262144,0.001549,0.000000,0.000000,0.000040,0.000090,0.000228,0.000047,0.001433
swap_static,4,64,262144,0.001601,0.000000,0.000000,0.000032,0.000084,0.000232,0.000046,0.001588
swap_static,4,64,262144,0.001603,0.000000,0.000000,0.000036,0.000098,0.000238,0.000046,0.001801
swap_static,4,64,262144,0.001561,0.000000,0.000000,0.000033,0.000117,0.000237,0.000050,0.001589
swap_static,4,64,262144,0.001523,0.000000,0.000000,0.000037,0.000101,0.000237,0.000049,0.001496
swap_static,4,64,262144,0.001587,0.000000,0.000000,0.000036,0.000094,0.000232,0.000048,0.001783
swap_static,4,64,262144,0.001581,0.000000,0.000000,0.000033,0.000094,0.000234,0.000048,0.001607
swap_static,4,64,262144,0.001540,0.000000,0.000000,0.000036,0.000094,0.000234,0.000049,0.001872
swap_static,4,64,262144,0.001621,0.000000,0.000000,0.000034,0.000093,0.000247,0.000047,0.001504
swap_static,4,64,262144,0.001531,0.000000,0.000000,0.000034,0.000091,0.000228,0.000049,0.001367
swap_static,4,64,262144,0.001667,0.000000,0.000000,0.000037,0.000100,0.000233,0.000047,0.001957
swap_static,4,64,262144,0.001497,0.000000,0.000000,0.000031,0.000086,0.000229,0.000047,0.001659
swap_static,4,64,262144,0.001586,0.000000,0.000000,0.000037,0.000096,0.000233,0.000048,0.001919
swap_static,4,64,262144,0.001541,0.000000,0.000000,0.000035,0.000095,0.000231,0.000048,0.001373
swap_static,4,64,262144,0.001563,0.000000,0.000000,0.000033,0.000087,0.000231,0.000044,0.001687
swap_static,4,64,262144,0.001599,0.000000,0.000000,0.000035,0.000097,0.000238,0.000049,0.001527
swap_static,4,64,262144,0.001474,0.000000,0.000000,0.000037,0.000105,0.000246,0.000058,0.001623
swap_static,4,64,262144,0.001609,0.000000,0.000000,0.000039,0.000098,0.000238,0.000048,0.001368
swap_static,4,64,262144,0.001535,0.000000,0.000000,0.000032,0.000089,0.000240,0.000047,0.001446
swap_static,4,64,262144,0.001544,0.000000,0.000000,0.000031,0.000087,0.000236,0.000045,0.001583
swap_static,4,64,262144,0.001624,0.000000,0.000000,0.000033,0.000088,0.000230,0.000052,0.001958
swap_static,4,64,262144,0.001549,0.000000,0.000000,0.000032,0.000086,0.000230,0.000047,0.001660
swap_static,4,64,262144,0.001529,0.000000,0.000000,0.000032,0.000087,0.000241,0.000048,0.001584
swap_static,4,64,262144,0.001452,0.000000,0.000000,0.000031,0.000089,0.000227,0.000046,0.001389
swap_static,4,64,262144,0.001521,0.000000,0.000000,0.000038,0.000098,0.000242,0.000047,0.001544
swap_static,4,64,262144,0.001642,0.000000,0.000000,0.000030,0.000084,0.000216,0.000047,0.001921
swap_static,4,64,262144,0.001490,0.000000,0.000000,0.000075,0.000092,0.000225,0.000049,0.001987
swap_static,4,64,262144,0.001627,0.000000,0.000000,0.000036,0.000098,0.000259,0.000049,0.001508
swap_static,4,64,262144,0.001523,0.000000,0.000000,0.000036,0.000111,0.000240,0.000050,0.001553
swap_static,4,64,262144,0.001622,0.000000,0.000000,0.000038,0.000097,0.000246,0.000047,0.001509
swap_static,4,64,262144,0.001580,0.000000,0.000000,0.000031,0.000084,0.000255,0.000057,0.001423
swap_static,4,64,262144,0.001543,0.000000,0.000000,0.000036,0.000095,0.000238,0.000048,0.001971
swap_static,4,64,262144,0.001813,0.000000,0.000000,0.000040,0.000110,0.000242,0.000047,0.001436
swap_static,4,64,262144,0.001543,0.000000,0.000000,0.000036,0.000105,0.000245,0.000054,0.001478
swap_static,4,64,262144,0.001614,0.000000,0.000000,0.000033,0.000092,0.000226,0.000050,0.001477
swap_static,4,64,262144,0.001553,0.000000,0.000000,0.000038,0.000109,0.000243,0.000051,0.001422
swap_static,4,64,262144,0.001509,0.000000,0.000000,0.000031,0.000084,0.000237,0.000048,0.001355
swap_static,4,64,262144,0.001569,0.000000,0.000000,0.000037,0.000097,0.000234,0.000047,0.001717
swap_static,4,64,262144,0.001413,0.000000,0.000000,0.000035,0.000101,0.000237,0.000042,0.001430
swap_static,4,64,262144,0.001521,0.000000,0.000000,0.000038,0.000104,0.000250,0.000049,0.001445
swap_static,4,64,262144,0.001510,0.000000,0.000000,0.000036,0.000094,0.000233,0.000045,0.001808
swap_static,4,64,262144,0.001500,0.000000,0.000000,0.000032,0.000091,0.000228,0.000047,0.001824
swap_static,4,64,262144,0.001527,0.000000,0.000000,0.000032,0.000090,0.000236,0.000047,0.001426
swap_static,4,64,262144,0.001515,0.000000,0.000000,0.000039,0.000105,0.000254,0.000049,0.001518
swap_static,4,64,262144,0.001584,0.000000,0.000000,0.000032,0.000086,0.000241,0.000051,0.001596
swap_static,4,64,262144,0.001652,0.000000,0.000000,0.000037,0.000106,0.000243,0.000048,0.001372
swap_static,4,64,262144,0.001520,0.000000,0.000000,0.000032,0.000088,0.000231,0.000050,0.001464
swap_static,4,64,262144,0.001535,0.000000,0.000000,0.000030,0.000088,0.000235,0.000052,0.001776
swap_static,4,64,262144,0.001545,0.000000,0.000000,0.000038,0.000094,0.000238,0.000047,0.001390
swap_static,4,64,262144,0.001548,0.000000,0.000000,0.000032,0.000086,0.000234,0.000046,0.001623
swap_static,4,64,262144,0.001523,0.000000,0.000000,0.000031,0.000087,0.000233,0.000047,0.001469
swap_static,4,64,262144,0.002234,0.000000,0.000000,0.000036,0.000106,0.000239,0.000060,0.001559
swap_static,4,64,262144,0.001547,0.000000,0.000000,0.000037,0.000108,0.000239,0.000044,0.001442
swap_static,4,64,262144,0.001498,0.000000,0.000000,0.000032,0.000086,0.000242,0.000048,0.001494
swap_static,4,64,262144,0.001542,0.000000,0.000000,0.000035,0.000095,0.000227,0.000046,0.001456
swap_static,4,64,262144,0.001515,0.000000,0.000000,0.000035,0.000094,0.000216,0.000048,0.001989
swap_static,4,64,262144,0.001669,0.000000,0.000000,0.000034,0.000096,0.000240,0.000047,0.001485
swap_static,4,64,262144,0.001575,0.000000,0.000000,0.000031,0.000091,0.000240,0.000048,0.001414
swap_static,4,64,262144,0.001606,0.000000,0.000000,0.000033,0.000086,0.000230,0.000049,0.001980
swap_static,4,64,262144,0.001539,0.000000,0.000000,0.000031,0.000089,0.000235,0.000046,0.001405
swap_static,4,64,262144,0.001561,0.000000,0.000000,0.000033,0.000100,0.000241,0.000046,0.001480
swap_static,4,64,262144,0.001609,0.000000,0.000000,0.000034,0.000101,0.000233,0.000048,0.001486
swap_static,4,64,262144,0.001489,0.000000,0.000000,0.000034,0.000094,0.000245,0.000047,0.001408
swap_dynv2,4,64,262144,0.001760,0.000000,0.000005,0.000044,0.000098,0.000291,0.000081,0.001423
swap_dynv2,4,64,262144,0.001576,0.000000,0.000005,0.000036,0.000103,0.000256,0.000050,0.001426
swap_dynv2,4,64,262144,0.001567,0.000000,0.000006,0.000036,0.000099,0.000249,0.000050,0.001490
swap_dynv2,4,64,262144,0.001653,0.000000,0.000005,0.000036,0.000099,0.000239,0.000046,0.001781
swap_dynv2,4,64,262144,0.001515,0.000000,0.000007,0.000041,0.000123,0.000257,0.000050,0.001481
swap_dynv2,4,64,262144,0.001677,0.000000,0.000005,0.000036,0.000097,0.000236,0.000050,0.001495
swap_dynv2,4,64,262144,0.001569,0.000000,0.000005,0.000035,0.000094,0.000235,0.000062,0.001426
swap_dynv2,4,64,262144,0.001550,0.000000,0.000005,0.000035,0.000101,0.000337,0.000065,0.001638
swap_dynv2,4,64,262144,0.001510,0.000000,0.000006,0.000042,0.000110,0.000256,0.000045,0.001330
swap_dynv2,4,64,262144,0.001632,0.000000,0.000005,0.000035,0.000102,0.000238,0.000051,0.002008
swap_dynv2,4,64,262144,0.001529,0.000000,0.000005,0.000034,0.000096,0.000237,0.000047,0.001384
swap_dynv2,4,64,262144,0.001697,0.000000,0.000007,0.000043,0.000118,0.000259,0.000054,0.001713
swap_dynv2,4,64,262144,0.001479,0.000000,0.000006,0.000035,0.000112,0.000233,0.000049,0.001613
swap_dynv2,4,64,262144,0.001679,0.000000,0.000005,0.000036,0.000102,0.000232,0.000051,0.001423
swap_dynv2,4,64,262144,0.001581,0.000000,0.000007,0.000045,0.000118,0.000268,0.000060,0.001359
swap_dynv2,4,64,262144,0.001568,0.000000,0.000005,0.000031,0.000102,0.000275,0.000048,0.002018
swap_dynv2,4,64,262144,0.001639,0.000000,0.000007,0.000044,0.000122,0.000271,0.000049,0.001462
swap_dynv2,4,64,262144,0.001495,0.000000,0.000005,0.000037,0.000096,0.000237,0.000053,0.001583
swap_dynv2,4,64,262144,0.001596,0.000000,0.000005,0.000034,0.000096,0.000234,0.000053,0.001754
swap_dynv2,4,64,262144,0.001505,0.000000,0.000006,0.000036,0.000107,0.000253,0.000051,0.002014
swap_dynv2,4,64,262144,0.001553,0.000000,0.000004,0.000032,0.000100,0.000226,0.000047,0.001733
swap_dynv2,4,64,262144,0.001475,0.000000,0.000005,0.000034,0.000102,0.000249,0.000051,0.002000
swap_dynv2,4,64,262144,0.001575,0.000000,0.000007,0.000044,0.000118,0.000259,0.000049,0.001421
swap_dynv2,4,64,262144,0.001370,0.000000,0.000014,0.000036,0.000110,0.000270,0.000065,0.001466
swap_dynv2,4,64,262144,0.001576,0.000000,0.000006,0.000041,0.000118,0.000245,0.000051,0.001424
swap_dynv2,4,64,262144,0.001698,0.000000,0.000005,0.000035,0.000105,0.000239,0.000048,0.001508
swap_dynv2,4,64,262144,0.001529,0.000000,0.000006,0.000042,0.000116,0.000261,0.000050,0.001493
swap_dynv2,4,64,262144,0.001532,0.000000,0.000004,0.000034,0.000101,0.000234,0.000047,0.001359
swap_dynv2,4,64,262144,0.001611,0.000000,0.000005,0.000035,0.000100,0.000234,0.000049,0.001544
swap_dynv2,4,64,262144,0.001555,0.000000,0.000007,0.000041,0.000114,0.000246,0.000047,0.001510
swap_dynv2,4,64,262144,0.001528,0.000000,0.000006,0.000037,0.000108,0.000233,0.000065,0.001399
swap_dynv2,4,64,262144,0.001557,0.000000,0.000004,0.000032,0.000089,0.000240,0.000048,0.001784
swap_dynv2,4,64,262144,0.001600,0.000000,0.000006,0.000036,0.000106,0.000239,0.000048,0.001363
swap_dynv2,4,64,262144,0.001593,0.000000,0.000004,0.000033,0.000095,0.000242,0.000048,0.001527
swap_dynv2,4,64,262144,0.001563,0.000000,0.000005,0.000035,0.000097,0.000235,0.000052,0.001471
swap_dynv2,4,64,262144,0.001457,0.000000,0.000005,0.000035,0.000092,0.000303,0.000050,0.001669
swap_dynv2,4,64,262144,0.001637,0.000000,0.000004,0.000033,0.000091,0.000249,0.000051,0.001579
swap_dynv2,4,64,262144,0.001490,0.000000,0.000005,0.000031,0.000092,0.000234,0.000049,0.001415
swap_dynv2,4,64,262144,0.001439,0.000000,0.000006,0.000036,0.000104,0.000240,0.000047,0.001743
swap_dynv2,4,64,262144,0.001451,0.000000,0.000005,0.000034,0.000104,0.000242,0.000053,0.001921
swap_dynv2,4,64,262144,0.001560,0.000000,0.000006,0.000036,0.000105,0.000231,0.000053,0.001479
swap_dynv2,4,64,262144,0.001503,0.000000,0.000004,0.000031,0.000100,0.000257,0.000053,0.001637
swap_dynv2,4,64,262144,0.001543,0.000000,0.000006,0.000036,0.000108,0.000248,0.000048,0.001503
swap_dynv2,4,64,262144,0.001579,0.000000,0.000005,0.000036,0.000092,0.000229,0.000045,0.001313
swap_dynv2,4,64,262144,0.001539,0.000000,0.000005,0.000034,0.000097,0.000227,0.000048,0.001440
swap_dynv2,4,64,262144,0.001549,0.000000,0.000005,0.000031,0.000099,0.000229,0.000059,0.001417
swap_dynv2,4,64,262144,0.001494,0.000000,0.000005,0.000036,0.000100,0.000240,0.000052,0.002024
swap_dynv2,4,64,262144,0.001519,0.000000,0.000005,0.000036,0.000090,0.000232,0.000053,0.001599
swap_dynv2,4,64,262144,0.001522,0.000000,0.000005,0.000032,0.000096,0.000236,0.000051,0.001715
swap_dynv2,4,64,262144,0.001500,0.000000,0.000007,0.000040,0.000127,0.000244,0.000050,0.001315
swap_dynv2,4,64,262144,0.001531,0.000000,0.000005,0.000032,0.000105,0.000230,0.000046,0.001506
swap_dynv2,4,64,262144,0.001621,0.000000,0.000005,0.000034,0.000098,0.000227,0.000046,0.001415
swap_dynv2,4,64,262144,0.001631,0.000000,0.000007,0.000042,0.000119,0.000248,0.000049,0.001779
swap_dynv2,4,64,262144,0.001540,0.000000,0.000006,0.000036,0.000119,0.000241,0.000045,0.001380
swap_dynv2,4,64,262144,0.001534,0.000000,0.000005,0.000034,0.000099,0.000238,0.000047,0.001436
swap_dynv2,4,64,262144,0.001543,0.000000,0.000007,0.000040,0.000120,0.000264,0.000061,0.001598
swap_dynv2,4,64,262144,0.001530,0.000000,0.000007,0.000041,0.000120,0.000271,0.000052,0.001701
swap_dynv2,4,64,262144,0.001598,0.000000,0.000007,0.000042,0.000123,0.000261,0.000050,0.001500
swap_dynv2,4,64,262144,0.001547,0.000000,0.000006,0.000042,0.000115,0.000258,0.000051,0.001424
swap_dynv2,4,64,262144,0.001505,0.000000,0.000006,0.000042,0.000116,0.000244,0.000050,0.001548
swap_dynv2,4,64,262144,0.001594,0.000000,0.000006,0.000038,0.000110,0.000243,0.000048,0.001465
swap_dynv2,4,64,262144,0.001510,0.000000,0.000007,0.000040,0.000113,0.000275,0.000048,0.001409
swap_dynv2,4,64,262144,0.001520,0.000000,0.000006,0.000038,0.000106,0.000253,0.000058,0.001352
swap_dynv2,4,64,262144,0.001579,0.000000,0.000006,0.000036,0.000108,0.000248,0.000049,0.001457
swap_dynv2,4,64,262144,0.001497,0.000000,0.000004,0.000032,0.000102,0.000239,0.000051,0.001479
swap_dynv2,4,64,262144,0.001459,0.000000,0.000006,0.000044,0.000120,0.000257,0.000050,0.001356
swap_dynv2,4,64,262144,0.001600,0.000000,0.000007,0.000038,0.000108,0.000239,0.000048,0.001435
swap_dynv2,4,64,262144,0.001512,0.000000,0.000004,0.000034,0.000093,0.000232,0.000046,0.001329
swap_dynv2,4,64,262144,0.001531,0.000000,0.000005,0.000035,0.000097,0.000246,0.000045,0.001363
swap_dynv2,4,64,262144,0.001476,0.000000,0.000004,0.000032,0.000088,0.000256,0.000049,0.001488
swap_dynv2,4,64,262144,0.001585,0.000000,0.000006,0.000036,0.000106,0.000230,0.000048,0.001463
swap_dynv2,4,64,262144,0.001478,0.000000,0.000005,0.000032,0.000091,0.000235,0.000046,0.001658
swap_dynv2,4,64,262144,0.001553,0.000000,0.000005,0.000032,0.000094,0.000229,0.000049,0.001846
swap_dynv2,4,64,262144,0.001491,0.000000,0.000006,0.000034,0.000104,0.000247,0.000049,0.001437
swap_dynv2,4,64,262144,0.001628,0.000000,0.000007,0.000038,0.000131,0.000309,0.000052,0.002040
swap_static,4,64,16777216,0.087305,0.000000,0.000000,0.000052,0.000136,0.000340,0.000087,0.086001
swap_static,4,64,16777216,0.085387,0.000000,0.000000,0.000048,0.000145,0.000315,0.000049,0.085290
swap_static,4,64,16777216,0.084098,0.000000,0.000000,0.000047,0.000144,0.000312,0.000051,0.085655
swap_static,4,64,16777216,0.084906,0.000000,0.000000,0.000047,0.000161,0.000321,0.000052,0.085893
swap_static,4,64,16777216,0.084394,0.000000,0.000000,0.000042,0.000118,0.000299,0.000048,0.084973
swap_static,4,64,16777216,0.085151,0.000000,0.000000,0.000048,0.000139,0.000318,0.000051,0.085148
swap_static,4,64,16777216,0.084496,0.000000,0.000000,0.000044,0.000135,0.000318,0.000062,0.084422
swap_static,4,64,16777216,0.084113,0.000000,0.000000,0.000049,0.000145,0.000323,0.000052,0.084843
swap_static,4,64,16777216,0.086154,0.000000,0.000000,0.000045,0.000126,0.000304,0.000049,0.084840
swap_static,4,64,16777216,0.084093,0.000000,0.000000,0.000040,0.000115,0.000327,0.000050,0.083739
swap_static,4,64,16777216,0.085015,0.000000,0.000000,0.000045,0.000129,0.000302,0.000048,0.084582
swap_static,4,64,16777216,0.085309,0.000000,0.000000,0.000049,0.000132,0.000323,0.000051,0.083621
swap_static,4,64,16777216,0.083916,0.000000,0.000000,0.000044,0.000134,0.000333,0.000054,0.083850
swap_static,4,64,16777216,0.088232,0.000000,0.000000,0.000044,0.000141,0.000313,0.000050,0.084337
swap_static,4,64,16777216,0.084865,0.000000,0.000000,0.000044,0.000122,0.000302,0.000058,0.085085
swap_static,4,64,16777216,0.083872,0.000000,0.000000,0.000043,0.000136,0.000341,0.000050,0.083573
swap_static,4,64,16777216,0.096899,0.000000,0.000000,0.000044,0.000121,0.000321,0.000054,0.096892
swap_static,4,64,16777216,0.083497,0.000000,0.000000,0.000042,0.000131,0.000354,0.000233,0.083185
swap_static,4,64,16777216,0.082876,0.000000,0.000000,0.000043,0.000134,0.000328,0.000061,0.081847
swap_static,4,64,16777216,0.084016,0.000000,0.000000,0.000045,0.000124,0.000315,0.000054,0.083758
swap_static,4,64,16777216,0.082989,0.000000,0.000000,0.000049,0.000138,0.000302,0.000050,0.084341
swap_static,4,64,16777216,0.082518,0.000000,0.000000,0.000042,0.000133,0.000316,0.000052,0.083086
swap_static,4,64,16777216,0.084305,0.000000,0.000000,0.000042,0.000149,0.000318,0.000049,0.082894
swap_static,4,64,16777216,0.083269,0.000000,0.000000,0.000042,0.000136,0.000343,0.000049,0.083965
swap_static,4,64,16777216,0.086888,0.000000,0.000000,0.000044,0.000134,0.000325,0.000050,0.083489
swap_static,4,64,16777216,0.082808,0.000000,0.000000,0.000044,0.000131,0.000331,0.000049,0.083051
swap_static,4,64,16777216,0.084720,0.000000,0.000000,0.000044,0.000137,0.000347,0.000055,0.084185
swap_static,4,64,16777216,0.083409,0.000000,0.000000,0.000048,0.000137,0.000333,0.000051,0.083074
swap_static,4,64,16777216,0.084250,0.000000,0.000000,0.000043,0.000143,0.000313,0.000051,0.083789
swap_static,4,64,16777216,0.083027,0.000000,0.000000,0.000044,0.000134,0.000328,0.000054,0.082671
swap_static,4,64,16777216,0.084141,0.000000,0.000000,0.000046,0.000148,0.000327,0.000063,0.083459
swap_static,4,64,16777216,0.083538,0.000000,0.000000,0.000041,0.000129,0.000319,0.000049,0.083623
swap_static,4,64,16777216,0.083655,0.000000,0.000000,0.000041,0.000130,0.000311,0.000050,0.083766
swap_static,4,64,16777216,0.082488,0.000000,0.000000,0.000042,0.000122,0.000325,0.000059,0.083435
swap_static,4,64,16777216,0.083539,0.000000,0.000000,0.000045,0.000139,0.000318,0.000051,0.082990
swap_static,4,64,16777216,0.081944,0.000000,0.000000,0.000042,0.000130,0.000328,0.000050,0.087440
swap_static,4,64,16777216,0.083574,0.000000,0.000000,0.000042,0.000127,0.000302,0.000047,0.081784
swap_static,4,64,16777216,0.083196,0.000000,0.000000,0.000040,0.000129,0.000322,0.000051,0.082874
swap_static,4,64,16777216,0.083005,0.000000,0.000000,0.000045,0.000135,0.000323,0.000052,0.083733
swap_static,4,64,16777216,0.083256,0.000000,0.000000,0.000041,0.000134,0.000343,0.000056,0.084242
swap_static,4,64,16777216,0.082003,0.000000,0.000000,0.000042,0.000131,0.000320,0.000054,0.083789
swap_static,4,64,16777216,0.082192,0.000000,0.000000,0.000044,0.000133,0.000335,0.000051,0.083269
swap_static,4,64,16777216,0.084136,0.000000,0.000000,0.000046,0.000141,0.000309,0.000051,0.084167
swap_static,4,64,16777216,0.083372,0.000000,0.000000,0.000045,0.000133,0.000318,0.000051,0.084254
swap_static,4,64,16777216,0.083874,0.000000,0.000000,0.000043,0.000132,0.000326,0.000051,0.082430
swap_static,4,64,16777216,0.083233,0.000000,0.000000,0.000050,0.000138,0.000331,0.000050,0.083590
swap_static,4,64,16777216,0.083181,0.000000,0.000000,0.000042,0.000134,0.000309,0.000048,0.083675
swap_static,4,64,16777216,0.082954,0.000000,0.000000,0.000041,0.000125,0.000321,0.000050,0.084079
swap_static,4,64,16777216,0.084011,0.000000,0.000000,0.000043,0.000126,0.000315,0.000052,0.083797
swap_static,4,64,16777216,0.082811,0.000000,0.000000,0.000041,0.000124,0.000367,0.000063,0.082818
swap_static,4,64,16777216,0.083566,0.000000,0.000000,0.000040,0.000131,0.000301,0.000048,0.084368
swap_static,4,64,16777216,0.083847,0.000000,0.000000,0.000044,0.000134,0.000337,0.000077,0.082995
swap_static,4,64,16777216,0.083357,0.000000,0.000000,0.000043,0.000138,0.000325,0.000055,0.084864
swap_static,4,64,16777216,0.084532,0.000000,0.000000,0.000046,0.000136,0.000337,0.000063,0.083885
swap_static,4,64,16777216,0.083608,0.000000,0.000000,0.000051,0.000134,0.000308,0.000050,0.084361
swap_static,4,64,16777216,0.082730,0.000000,0.000000,0.000044,0.000145,0.000335,0.000055,0.083138
swap_static,4,64,16777216,0.083304,0.000000,0.000000,0.000048,0.000142,0.000332,0.000064,0.082234
swap_static,4,64,16777216,0.082820,0.000000,0.000000,0.000047,0.000140,0.000322,0.000056,0.084200
swap_static,4,64,16777216,0.081213,0.000000,0.000000,0.000046,0.000134,0.000308,0.000051,0.079353
swap_static,4,64,16777216,0.082858,0.000000,0.000000,0.000043,0.000148,0.000344,0.000053,0.083961
swap_static,4,64,16777216,0.083164,0.000000,0.000000,0.000042,0.000127,0.000328,0.000053,0.082750
swap_static,4,64,16777216,0.083350,0.000000,0.000000,0.000049,0.000154,0.000335,0.000052,0.084524
swap_static,4,64,16777216,0.083332,0.000000,0.000000,0.000041,0.000139,0.000315,0.000051,0.083830
swap_static,4,64,16777216,0.082959,0.000000,0.000000,0.000040,0.000132,0.000328,0.000051,0.083544
swap_static,4,64,16777216,0.082890,0.000000,0.000000,0.000047,0.000144,0.000328,0.000057,0.082476
swap_static,4,64,16777216,0.083376,0.000000,0.000000,0.000046,0.000133,0.000318,0.000048,0.082790
swap_static,4,64,16777216,0.082386,0.000000,0.000000,0.000044,0.000140,0.000338,0.000055,0.084377
swap_static,4,64,16777216,0.082898,0.000000,0.000000,0.000043,0.000147,0.000328,0.000051,0.083812
swap_static,4,64,16777216,0.083890,0.000000,0.000000,0.000045,0.000146,0.000307,0.000050,0.082716
swap_static,4,64,16777216,0.082567,0.000000,0.000000,0.000042,0.000120,0.000332,0.000049,0.083108
swap_static,4,64,16777216,0.082982,0.000000,0.000000,0.000041,0.000131,0.000306,0.000057,0.082528
swap_static,4,64,16777216,0.082815,0.000000,0.000000,0.000045,0.000136,0.000335,0.000055,0.083168
swap_static,4,64,16777216,0.084464,0.000000,0.000000,0.000042,0.000135,0.000352,0.000055,0.082966
swap_static,4,64,16777216,0.082059,0.000000,0.000000,0.000045,0.000129,0.000319,0.000050,0.082229
swap_static,4,64,16777216,0.083857,0.000000,0.000000,0.000046,0.000138,0.000323,0.000050,0.083322
swap_dynv2,4,64,16777216,0.081685,0.000000,0.000010,0.000065,0.000144,0.000354,0.000052,0.081693
swap_dynv2,4,64,16777216,0.083705,0.000000,0.000009,0.000046,0.000142,0.000322,0.000057,0.081888
swap_dynv2,4,64,16777216,0.083388,0.000000,0.000008,0.000049,0.000123,0.000319,0.000050,0.082719
swap_dynv2,4,64,16777216,0.084501,0.000000,0.000013,0.000053,0.000160,0.000317,0.000079,0.082651
swap_dynv2,4,64,16777216,0.083740,0.000000,0.000009,0.000051,0.000138,0.000333,0.000056,0.084968
swap_dynv2,4,64,16777216,0.084145,0.000000,0.000010,0.000058,0.000155,0.000314,0.000052,0.082119
swap_dynv2,4,64,16777216,0.083030,0.000000,0.000009,0.000049,0.000143,0.000310,0.000052,0.083807
swap_dynv2,4,64,16777216,0.084850,0.000000,0.000009,0.000049,0.000141,0.000317,0.000051,0.083175
swap_dynv2,4,64,16777216,0.084021,0.000000,0.000010,0.000052,0.000153,0.000322,0.000052,0.084981
swap_dynv2,4,64,16777216,0.088508,0.000000,0.000009,0.000051,0.000141,0.000315,0.000053,0.084195
swap_dynv2,4,64,16777216,0.085187,0.000000,0.000010,0.000053,0.000164,0.000331,0.000060,0.085867
swap_dynv2,4,64,16777216,0.083079,0.000000,0.000009,0.000049,0.000134,0.000325,0.000077,0.084356
swap_dynv2,4,64,16777216,0.082547,0.000000,0.000010,0.000052,0.000140,0.000328,0.000056,0.083641
swap_dynv2,4,64,16777216,0.081454,0.000000,0.000009,0.000049,0.000142,0.000345,0.000056,0.083826
swap_dynv2,4,64,16777216,0.077335,0.000000,0.000009,0.000049,0.000134,0.000320,0.000052,0.077751
swap_dynv2,4,64,16777216,0.078512,0.000000,0.000010,0.000051,0.000157,0.000345,0.000056,0.079874
swap_dynv2,4,64,16777216,0.082285,0.000000,0.000009,0.000048,0.000145,0.000331,0.000050,0.084008
swap_dynv2,4,64,16777216,0.079577,0.000000,0.000009,0.000046,0.000138,0.000335,0.000057,0.082594
swap_dynv2,4,64,16777216,0.084216,0.000000,0.000008,0.000045,0.000135,0.000311,0.000051,0.084380
swap_dynv2,4,64,16777216,0.082981,0.000000,0.000008,0.000049,0.000131,0.000302,0.000052,0.083470
swap_dynv2,4,64,16777216,0.083986,0.000000,0.000010,0.000053,0.000155,0.000329,0.000053,0.089372
swap_dynv2,4,64,16777216,0.083831,0.000000,0.000010,0.000054,0.000145,0.000336,0.000058,0.084043
swap_dynv2,4,64,16777216,0.083099,0.000000,0.000008,0.000049,0.000131,0.000304,0.000048,0.082057
swap_dynv2,4,64,16777216,0.082844,0.000000,0.000010,0.000051,0.000156,0.000319,0.000054,0.084403
swap_dynv2,4,64,16777216,0.083031,0.000000,0.000010,0.000052,0.000153,0.000306,0.000052,0.083899
swap_dynv2,4,64,16777216,0.083390,0.000000,0.000009,0.000047,0.000132,0.000335,0.000056,0.081508
swap_dynv2,4,64,16777216,0.083515,0.000000,0.000010,0.000048,0.000134,0.000315,0.000052,0.082255
swap_dynv2,4,64,16777216,0.082700,0.000000,0.000012,0.000052,0.000155,0.000315,0.000053,0.083292
swap_dynv2,4,64,16777216,0.083125,0.000000,0.000015,0.000049,0.000145,0.000327,0.000054,0.084509
swap_dynv2,4,64,16777216,0.080766,0.000000,0.000010,0.000053,0.000147,0.000336,0.000058,0.082826
swap_dynv2,4,64,16777216,0.080694,0.000000,0.000011,0.000052,0.000163,0.000319,0.000052,0.084286
swap_dynv2,4,64,16777216,0.081221,0.000000,0.000008,0.000047,0.000140,0.000322,0.000054,0.083262
swap_dynv2,4,64,16777216,0.082869,0.000000,0.000009,0.000049,0.000136,0.000311,0.000052,0.083106
swap_dynv2,4,64,16777216,0.082353,0.000000,0.000009,0.000045,0.000148,0.000316,0.000055,0.084725
swap_dynv2,4,64,16777216,0.083511,0.000000,0.000010,0.000052,0.000143,0.000308,0.000054,0.083207
swap_dynv2,4,64,16777216,0.081102,0.000000,0.000009,0.000047,0.000145,0.000350,0.000069,0.082200
swap_dynv2,4,64,16777216,0.081667,0.000000,0.000010,0.000052,0.000153,0.000341,0.000056,0.081843
swap_dynv2,4,64,16777216,0.081448,0.000000,0.000009,0.000052,0.000137,0.000311,0.000054,0.084226
swap_dynv2,4,64,16777216,0.082400,0.000000,0.000009,0.000050,0.000158,0.000310,0.000052,0.084058
swap_dynv2,4,64,16777216,0.083278,0.000000,0.000009,0.000048,0.000129,0.000309,0.000052,0.082581
swap_dynv2,4,64,16777216,0.083564,0.000000,0.000010,0.000052,0.000155,0.000311,0.000053,0.082010
swap_dynv2,4,64,16777216,0.082783,0.000000,0.000010,0.000046,0.000154,0.000321,0.000156,0.083364
swap_dynv2,4,64,16777216,0.082520,0.000000,0.000011,0.000051,0.000147,0.000304,0.000052,0.083504
swap_dynv2,4,64,16777216,0.082500,0.000000,0.000010,0.000051,0.000141,0.000337,0.000054,0.084925
swap_dynv2,4,64,16777216,0.084002,0.000000,0.000010,0.000050,0.000143,0.000332,0.000054,0.082463
swap_dynv2,4,64,16777216,0.082303,0.000000,0.000009,0.000049,0.000137,0.000323,0.000052,0.082393
swap_dynv2,4,64,16777216,0.081638,0.000000,0.000009,0.000047,0.000155,0.000324,0.000057,0.083730
swap_dynv2,4,64,16777216,0.081466,0.000000,0.000010,0.000050,0.000147,0.000316,0.000057,0.082352
swap_dynv2,4,64,16777216,0.083752,0.000000,0.000010,0.000052,0.000138,0.000322,0.000053,0.084118
swap_dynv2,4,64,16777216,0.083015,0.000000,0.000009,0.000046,0.000140,0.000339,0.000060,0.085257
swap_dynv2,4,64,16777216,0.083174,0.000000,0.000008,0.000047,0.000138,0.000339,0.000050,0.082458
swap_dynv2,4,64,16777216,0.081558,0.000000,0.000009,0.000046,0.000148,0.000313,0.000059,0.083657
swap_dynv2,4,64,16777216,0.081564,0.000000,0.000010,0.000052,0.000160,0.000334,0.000049,0.083581
swap_dynv2,4,64,16777216,0.081724,0.000000,0.000009,0.000047,0.000141,0.000329,0.000055,0.082889
swap_dynv2,4,64,16777216,0.081713,0.000000,0.000009,0.000048,0.000150,0.000312,0.000053,0.082642
swap_dynv2,4,64,16777216,0.083216,0.000000,0.000009,0.000048,0.000144,0.000342,0.000064,0.082016
swap_dynv2,4,64,16777216,0.082049,0.000000,0.000010,0.000049,0.000150,0.000313,0.000052,0.083871
swap_dynv2,4,64,16777216,0.083111,0.000000,0.000010,0.000052,0.000143,0.000308,0.000050,0.084222
swap_dynv2,4,64,16777216,0.083092,0.000000,0.000010,0.000053,0.000140,0.000312,0.000052,0.083264
swap_dynv2,4,64,16777216,0.081054,0.000000,0.000008,0.000045,0.000132,0.000310,0.000051,0.082694
swap_dynv2,4,64,16777216,0.082828,0.000000,0.000009,0.000048,0.000136,0.000316,0.000063,0.081194
swap_dynv2,4,64,16777216,0.083084,0.000000,0.000009,0.000052,0.000139,0.000311,0.000054,0.082910
swap_dynv2,4,64,16777216,0.082885,0.000000,0.000010,0.000054,0.000158,0.000309,0.000054,0.082800
swap_dynv2,4,64,16777216,0.081658,0.000000,0.000009,0.000050,0.000161,0.000336,0.000054,0.084261
swap_dynv2,4,64,16777216,0.082293,0.000000,0.000009,0.000050,0.000140,0.000344,0.000059,0.082642
swap_dynv2,4,64,16777216,0.083440,0.000000,0.000011,0.000053,0.000150,0.000328,0.000052,0.082911
swap_dynv2,4,64,16777216,0.082470,0.000000,0.000009,0.000046,0.000127,0.000306,0.000048,0.079734
swap_dynv2,4,64,16777216,0.081505,0.000000,0.000009,0.000046,0.000136,0.000313,0.000055,0.083379
swap_dynv2,4,64,16777216,0.081691,0.000000,0.000010,0.000046,0.000132,0.000313,0.000052,0.083024
swap_dynv2,4,64,16777216,0.082289,0.000000,0.000008,0.000044,0.000148,0.000341,0.000057,0.084333
swap_dynv2,4,64,16777216,0.082373,0.000000,0.000010,0.000054,0.000138,0.000314,0.000053,0.083026
swap_dynv2,4,64,16777216,0.083860,0.000000,0.000009,0.000050,0.000140,0.000358,0.000067,0.082663
swap_dynv2,4,64,16777216,0.083250,0.000000,0.000009,0.000048,0.000128,0.000332,0.000052,0.083457
swap_dynv2,4,64,16777216,0.082954,0.000000,0.000009,0.000045,0.000149,0.000355,0.000056,0.083178
swap_dynv2,4,64,16777216,0.082831,0.000000,0.000009,0.000046,0.000130,0.000323,0.000053,0.083211
swap_static,4,256,4096,0.000399,0.000000,0.000000,0.000097,0.000103,0.000278,0.000061,0.000173
swap_static,4,256,4096,0.000302,0.000000,0.000000,0.000056,0.000073,0.000225,0.000055,0.000167
swap_static,4,256,4096,0.000270,0.000000,0.000000,0.000050,0.000075,0.000213,0.000050,0.000186
swap_static,4,256,4096,0.000293,0.000000,0.000000,0.000071,0.000110,0.000265,0.000047,0.000196
swap_static,4,256,4096,0.000267,0.000000,0.000000,0.000052,0.000073,0.000218,0.000046,0.000191
swap_static,4,256,4096,0.000289,0.000000,0.000000,0.000058,0.000075,0.000216,0.000047,0.000175
swap_static,4,256,4096,0.000289,0.000000,0.000000,0.000063,0.000077,0.000216,0.000045,0.000174
swap_static,4,256,4096,0.000294,0.000000,0.000000,0.000061,0.000096,0.000271,0.000048,0.000200
swap_static,4,256,4096,0.000296,0.000000,0.000000,0.000062,0.000097,0.000249,0.000049,0.000218
swap_static,4,256,4096,0.000287,0.000000,0.000000,0.000061,0.000089,0.000226,0.000052,0.000186
swap_static,4,256,4096,0.000290,0.000000,0.000000,0.000072,0.000102,0.000241,0.000040,0.000197
swap_static,4,256,4096,0.000291,0.000000,0.000000,0.000061,0.000091,0.000226,0.000048,0.000175
swap_static,4,256,4096,0.000330,0.000000,0.000000,0.000063,0.000091,0.000239,0.000049,0.000173
swap_static,4,256,4096,0.000288,0.000000,0.000000,0.000050,0.000075,0.000222,0.000050,0.000163
swap_static,4,256,4096,0.000285,0.000000,0.000000,0.000059,0.000078,0.000225,0.000045,0.000174
swap_static,4,256,4096,0.000288,0.000000,0.000000,0.000057,0.000076,0.000215,0.000057,0.000181
swap_static,4,256,4096,0.000280,0.000000,0.000000,0.000056,0.000074,0.000203,0.000044,0.000173
swap_static,4,256,4096,0.000281,0.000000,0.000000,0.000055,0.000077,0.000202,0.000042,0.000179
swap_static,4,256,4096,0.000284,0.000000,0.000000,0.000073,0.000110,0.000239,0.000048,0.000188
swap_static,4,256,4096,0.000286,0.000000,0.000000,0.000049,0.000074,0.000267,0.000047,0.000174
swap_static,4,256,4096,0.000287,0.000000,0.000000,0.000065,0.000100,0.000236,0.000046,0.000197
swap_static,4,256,4096,0.000277,0.000000,0.000000,0.000061,0.000094,0.000285,0.000047,0.000192
swap_static,4,256,4096,0.000289,0.000000,0.000000,0.000056,0.000075,0.000200,0.000043,0.000186
swap_static,4,256,4096,0.000294,0.000000,0.000000,0.000055,0.000073,0.000195,0.000042,0.000174
swap_static,4,256,4096,0.000272,0.000000,0.000000,0.000054,0.000157,0.000196,0.000044,0.000173
swap_static,4,256,4096,0.000289,0.000000,0.000000,0.000060,0.000087,0.000217,0.000043,0.000172
swap_static,4,256,4096,0.000285,0.000000,0.000000,0.000054,0.000084,0.000217,0.000056,0.000169
swap_static,4,256,4096,0.000309,0.000000,0.000000,0.000066,0.000104,0.000241,0.000050,0.000176
swap_static,4,256,4096,0.000294,0.000000,0.000000,0.000055,0.000075,0.000208,0.000045,0.000172
swap_static,4,256,4096,0.000288,0.000000,0.000000,0.000075,0.000102,0.000238,0.000047,0.000180
swap_static,4,256,4096,0.000285,0.000000,0.000000,0.000055,0.000082,0.000208,0.000045,0.000173
swap_static,4,256,4096,0.000267,0.000000,0.000000,0.000046,0.000073,0.000199,0.000043,0.000181
swap_static,4,256,4096,0.000281,0.000000,0.000000,0.000060,0.000090,0.000229,0.000046,0.000169
swap_static,4,256,4096,0.000334,0.000000,0.000000,0.000060,0.000086,0.000219,0.000046,0.000171
swap_static,4,256,4096,0.000283,0.000000,0.000000,0.000059,0.000091,0.000216,0.000044,0.000176
swap_static,4,256,4096,0.000281,0.000000,0.000000,0.000058,0.000085,0.000209,0.000044,0.000176
swap_static,4,256,4096,0.000284,0.000000,0.000000,0.000066,0.000104,0.000245,0.000048,0.000193
swap_static,4,256,4096,0.000292,0.000000,0.000000,0.000061,0.000089,0.000223,0.000044,0.000177
swap_static,4,256,4096,0.000304,0.000000,0.000000,0.000061,0.000088,0.000220,0.000047,0.000168
swap_static,4,256,4096,0.000290,0.000000,0.000000,0.000066,0.000110,0.000240,0.000050,0.000179
swap_static,4,256,4096,0.000286,0.000000,0.000000,0.000070,0.000099,0.000300,0.000049,0.000177
swap_static,4,256,4096,0.000298,0.000000,0.000000,0.000061,0.000087,0.000230,0.000043,0.000173
swap_static,4,256,4096,0.000272,0.000000,0.000000,0.000057,0.000075,0.000253,0.000045,0.000186
swap_static,4,256,4096,0.000297,0.000000,0.000000,0.000056,0.000074,0.000213,0.000045,0.000177
swap_static,4,256,4096,0.000294,0.000000,0.000000,0.000054,0.000077,0.000213,0.000045,0.000184
swap_static,4,256,4096,0.000282,0.000000,0.000000,0.000058,0.000089,0.000218,0.000043,0.000183
swap_static,4,256,4096,0.000274,0.000000,0.000000,0.000048,0.000075,0.000226,0.000045,0.000172
swap_static,4,256,4096,0.000294,0.000000,0.000000,0.000067,0.000107,0.000254,0.000052,0.000186
swap_static,4,256,4096,0.000288,0.000000,0.000000,0.000056,0.000072,0.000208,0.000048,0.000170
swap_static,4,256,4096,0.000268,0.000000,0.000000,0.000048,0.000075,0.000207,0.000044,0.000166
swap_static,4,256,4096,0.000287,0.000000,0.000000,0.000059,0.000087,0.000216,0.000045,0.000174
swap_static,4,256,4096,0.000283,0.000000,0.000000,0.000060,0.000087,0.000206,0.000043,0.000174
swap_static,4,256,4096,0.000322,0.000000,0.000000,0.000056,0.000076,0.000201,0.000043,0.000174
swap_static,4,256,4096,0.000267,0.000000,0.000000,0.000059,0.000080,0.000214,0.000044,0.000189
swap_static,4,256,4096,0.000304,0.000000,0.000000,0.000070,0.000100,0.000232,0.000044,0.000169
swap_static,4,256,4096,0.000278,0.000000,0.000000,0.000051,0.000087,0.000230,0.000046,0.000223
swap_static,4,256,4096,0.000284,0.000000,0.000000,0.000061,0.000089,0.000219,0.000050,0.000173
swap_static,4,256,4096,0.000276,0.000000,0.000000,0.000055,0.000074,0.000195,0.000043,0.000173
swap_static,4,256,4096,0.000289,0.000000,0.000000,0.000056,0.000075,0.000208,0.000047,0.000185
swap_static,4,256,4096,0.000338,0.000000,0.000000,0.000058,0.000079,0.000235,0.000048,0.000187
swap_static,4,256,4096,0.000277,0.000000,0.000000,0.000056,0.000082,0.000209,0.000047,0.000173
swap_static,4,256,4096,0.000290,0.000000,0.000000,0.000058,0.000087,0.000219,0.000047,0.000182
swap_static,4,256,4096,0.000288,0.000000,0.000000,0.000059,0.000085,0.000217,0.000044,0.000191
swap_static,4,256,4096,0.000287,0.000000,0.000000,0.000056,0.000073,0.000230,0.000047,0.000171
swap_static,4,256,4096,0.000290,0.000000,0.000000,0.000057,0.000078,0.000214,0.000047,0.000188
swap_static,4,256,4096,0.000300,0.000000,0.000000,0.000061,0.000091,0.000221,0.000046,0.000174
swap_static,4,256,4096,0.000281,0.000000,0.000000,0.000054,0.000080,0.000201,0.000043,0.000179
swap_static,4,256,4096,0.000287,0.000000,0.000000,0.000066,0.000105,0.000243,0.000047,0.000188
swap_static,4,256,4096,0.000275,0.000000,0.000000,0.000056,0.000076,0.000203,0.000041,0.000194
swap_static,4,256,4096,0.000287,0.000000,0.000000,0.000054,0.000090,0.000222,0.000047,0.000178
swap_static,4,256,4096,0.000277,0.000000,0.000000,0.000056,0.000074,0.000199,0.000047,0.000171
swap_static,4,256,4096,0.000275,0.000000,0.000000,0.000054,0.000073,0.000217,0.000044,0.000179
swap_static,4,256,4096,0.000260,0.000000,0.000000,0.000048,0.000075,0.000199,0.000043,0.000182
swap_static,4,256,4096,0.000300,0.000000,0.000000,0.000056,0.000088,0.000209,0.000051,0.000172
swap_static,4,256,4096,0.000296,0.000000,0.000000,0.000074,0.000108,0.000246,0.000046,0.000176
swap_dynv2,4,256,4096,0.000401,0.000000,0.000008,0.000112,0.000120,0.000278,0.000052,0.000196
swap_dynv2,4,256,4096,0.000319,0.000000,0.000007,0.000073,0.000110,0.000263,0.000049,0.000189
swap_dynv2,4,256,4096,0.000304,0.000000,0.000006,0.000065,0.000102,0.000244,0.000048,0.000183
swap_dynv2,4,256,4096,0.000277,0.000000,0.000003,0.000050,0.000079,0.000217,0.000050,0.000189
swap_dynv2,4,256,4096,0.000308,0.000000,0.000005,0.000063,0.000101,0.000222,0.000046,0.000179
swap_dynv2,4,256,4096,0.000284,0.000000,0.000005,0.000061,0.000098,0.000227,0.000047,0.000179
swap_dynv2,4,256,4096,0.000296,0.000000,0.000005,0.000064,0.000092,0.000224,0.000048,0.000189
swap_dynv2,4,256,4096,0.000306,0.000000,0.000004,0.000057,0.000085,0.000232,0.000051,0.000188
swap_dynv2,4,256,4096,0.000300,0.000000,0.000004,0.000061,0.000096,0.000225,0.000047,0.000171
swap_dynv2,4,256,4096,0.000299,0.000000,0.000004,0.000058,0.000081,0.000220,0.000049,0.000175
swap_dynv2,4,256,4096,0.000305,0.000000,0.000007,0.000070,0.000117,0.000254,0.000054,0.000182
swap_dynv2,4,256,4096,0.000296,0.000000,0.000004,0.000058,0.000135,0.000217,0.000050,0.000172
swap_dynv2,4,256,4096,0.000299,0.000000,0.000006,0.000057,0.000091,0.000255,0.000049,0.000179
swap_dynv2,4,256,4096,0.000286,0.000000,0.000003,0.000056,0.000074,0.000208,0.000049,0.000181
swap_dynv2,4,256,4096,0.000271,0.000000,0.000003,0.000050,0.000077,0.000229,0.000058,0.000172
swap_dynv2,4,256,4096,0.000346,0.000000,0.000004,0.000056,0.000077,0.000204,0.000045,0.000181
swap_dynv2,4,256,4096,0.000325,0.000000,0.000007,0.000075,0.000111,0.000237,0.000047,0.000173
swap_dynv2,4,256,4096,0.000302,0.000000,0.000006,0.000065,0.000100,0.000243,0.000049,0.000184
swap_dynv2,4,256,4096,0.000351,0.000000,0.000004,0.000059,0.000080,0.000216,0.000050,0.000188
swap_dynv2,4,256,4096,0.000299,0.000000,0.000007,0.000070,0.000121,0.000243,0.000049,0.000183
swap_dynv2,4,256,4096,0.000308,0.000000,0.000006,0.000071,0.000104,0.000237,0.000048,0.000177
swap_dynv2,4,256,4096,0.000290,0.000000,0.000006,0.000066,0.000106,0.000246,0.000058,0.000181
swap_dynv2,4,256,4096,0.000293,0.000000,0.000004,0.000058,0.000083,0.000270,0.000057,0.000184
swap_dynv2,4,256,4096,0.000286,0.000000,0.000003,0.000057,0.000075,0.000204,0.000045,0.000188
swap_dynv2,4,256,4096,0.000293,0.000000,0.000004,0.000058,0.000076,0.000209,0.000047,0.000175
swap_dynv2,4,256,4096,0.000338,0.000000,0.000005,0.000061,0.000092,0.000224,0.000046,0.000184
swap_dynv2,4,256,4096,0.000284,0.000000,0.000007,0.000072,0.000110,0.000246,0.000055,0.000192
swap_dynv2,4,256,4096,0.000295,0.000000,0.000004,0.000056,0.000078,0.000207,0.000049,0.000176
swap_dynv2,4,256,4096,0.000289,0.000000,0.000005,0.000062,0.000097,0.000237,0.000048,0.000172
swap_dynv2,4,256,4096,0.000278,0.000000,0.000004,0.000049,0.000079,0.000209,0.000046,0.000189
swap_dynv2,4,256,4096,0.000291,0.000000,0.000004,0.000059,0.000080,0.000217,0.000055,0.000170
swap_dynv2,4,256,4096,0.000289,0.000000,0.000006,0.000066,0.000105,0.000232,0.000051,0.000180
swap_dynv2,4,256,4096,0.000307,0.000000,0.000005,0.000055,0.000096,0.000239,0.000046,0.000183
swap_dynv2,4,256,4096,0.000339,0.000000,0.000004,0.000057,0.000079,0.000208,0.000045,0.000181
swap_dynv2,4,256,4096,0.000286,0.000000,0.000006,0.000058,0.000098,0.000242,0.000050,0.000188
swap_dynv2,4,256,4096,0.000289,0.000000,0.000007,0.000076,0.000109,0.000245,0.000050,0.000186
swap_dynv2,4,256,4096,0.000286,0.000000,0.000003,0.000058,0.000086,0.000214,0.000047,0.000190
swap_dynv2,4,256,4096,0.000288,0.000000,0.000005,0.000063,0.000094,0.000331,0.000053,0.000198
swap_dynv2,4,256,4096,0.000289,0.000000,0.000004,0.000060,0.000083,0.000224,0.000046,0.000178
swap_dynv2,4,256,4096,0.000304,0.000000,0.000007,0.000078,0.000110,0.000249,0.000051,0.000181
swap_dynv2,4,256,4096,0.000287,0.000000,0.000004,0.000057,0.000082,0.000226,0.000048,0.000198
swap_dynv2,4,256,4096,0.000285,0.000000,0.000004,0.000057,0.000081,0.000203,0.000046,0.000173
swap_dynv2,4,256,4096,0.000328,0.000000,0.000007,0.000078,0.000113,0.000238,0.000047,0.000189
swap_dynv2,4,256,4096,0.000308,0.000000,0.000004,0.000050,0.000081,0.000222,0.000051,0.000176
swap_dynv2,4,256,4096,0.000274,0.000000,0.000003,0.000057,0.000077,0.000199,0.000045,0.000170
swap_dynv2,4,256,4096,0.000283,0.000000,0.000004,0.000050,0.000080,0.000234,0.000048,0.000181
swap_dynv2,4,256,4096,0.000294,0.000000,0.000003,0.000056,0.000077,0.000198,0.000053,0.000185
swap_dynv2,4,256,4096,0.000298,0.000000,0.000006,0.000065,0.000089,0.000237,0.000046,0.000189
swap_dynv2,4,256,4096,0.000315,0.000000,0.000007,0.000071,0.000114,0.000252,0.000051,0.000195
swap_dynv2,4,256,4096,0.000302,0.000000,0.000004,0.000056,0.000079,0.000203,0.000046,0.000184
swap_dynv2,4,256,4096,0.000292,0.000000,0.000005,0.000113,0.000100,0.000273,0.000050,0.000187
swap_dynv2,4,256,4096,0.000289,0.000000,0.000004,0.000051,0.000085,0.000235,0.000050,0.000180
swap_dynv2,4,256,4096,0.000299,0.000000,0.000007,0.000069,0.000112,0.000370,0.000051,0.000196
swap_dynv2,4,256,4096,0.000310,0.000000,0.000004,0.000058,0.000085,0.000218,0.000047,0.000184
swap_dynv2,4,256,4096,0.000286,0.000000,0.000003,0.000055,0.000077,0.000210,0.000045,0.000179
swap_dynv2,4,256,4096,0.000306,0.000000,0.000006,0.000073,0.000108,0.000240,0.000048,0.000184
swap_dynv2,4,256,4096,0.000284,0.000000,0.000004,0.000051,0.000080,0.000213,0.000047,0.000229
swap_dynv2,4,256,4096,0.000295,0.000000,0.000004,0.000077,0.000080,0.000216,0.000046,0.000187
swap_dynv2,4,256,4096,0.000282,0.000000,0.000003,0.000050,0.000088,0.000206,0.000041,0.000189
swap_dynv2,4,256,4096,0.000306,0.000000,0.000007,0.000072,0.000123,0.000249,0.000054,0.000185
swap_dynv2,4,256,4096,0.000295,0.000000,0.000004,0.000063,0.000083,0.000207,0.000046,0.000175
swap_dynv2,4,256,4096,0.000262,0.000000,0.000004,0.000051,0.000079,0.000285,0.000047,0.000180
swap_dynv2,4,256,4096,0.000300,0.000000,0.000007,0.000071,0.000112,0.000262,0.000047,0.000184
swap_dynv2,4,256,4096,0.000282,0.000000,0.000006,0.000070,0.000102,0.000246,0.000047,0.000186
swap_dynv2,4,256,4096,0.000283,0.000000,0.000004,0.000057,0.000091,0.000215,0.000043,0.000186
swap_dynv2,4,256,4096,0.000283,0.000000,0.000005,0.000053,0.000080,0.000241,0.000049,0.000225
swap_dynv2,4,256,4096,0.000296,0.000000,0.000006,0.000058,0.000094,0.000237,0.000048,0.000193
swap_dynv2,4,256,4096,0.000292,0.000000,0.000005,0.000062,0.000089,0.000216,0.000046,0.000186
swap_dynv2,4,256,4096,0.000301,0.000000,0.000004,0.000057,0.000084,0.000209,0.000045,0.000175
swap_dynv2,4,256,4096,0.000275,0.000000,0.000003,0.000055,0.000114,0.000212,0.000047,0.000195
swap_dynv2,4,256,4096,0.000306,0.000000,0.000007,0.000071,0.000112,0.000252,0.000050,0.000195
swap_dynv2,4,256,4096,0.000288,0.000000,0.000006,0.000056,0.000093,0.000244,0.000066,0.000172
swap_dynv2,4,256,4096,0.000293,0.000000,0.000004,0.000057,0.000089,0.000224,0.000048,0.000181
swap_dynv2,4,256,4096,0.000314,0.000000,0.000005,0.000064,0.000094,0.000233,0.000048,0.000176
swap_dynv2,4,256,4096,0.000297,0.000000,0.000006,0.000071,0.000105,0.000236,0.000048,0.000187
swap_static,4,256,262144,0.002247,0.000000,0.000000,0.000097,0.000112,0.000282,0.000059,0.001956
swap_static,4,256,262144,0.002098,0.000000,0.000000,0.000062,0.000086,0.000258,0.000049,0.001987
swap_static,4,256,262144,0.002237,0.000000,0.000000,0.000063,0.000112,0.000252,0.000049,0.001972
swap_static,4,256,262144,0.002203,0.000000,0.000000,0.000064,0.000132,0.000231,0.000057,0.001944
swap_static,4,256,262144,0.002081,0.000000,0.000000,0.000056,0.000091,0.000235,0.000046,0.002019
swap_static,4,256,262144,0.002254,0.000000,0.000000,0.000060,0.000087,0.000231,0.000045,0.002002
swap_static,4,256,262144,0.002219,0.000000,0.000000,0.000060,0.000098,0.000242,0.000057,0.002035
swap_static,4,256,262144,0.002160,0.000000,0.000000,0.000062,0.000098,0.000227,0.000047,0.002015
swap_static,4,256,262144,0.002252,0.000000,0.000000,0.000076,0.000121,0.000277,0.000053,0.001945
swap_static,4,256,262144,0.002245,0.000000,0.000000,0.000061,0.000114,0.000242,0.000051,0.001971
swap_static,4,256,262144,0.002190,0.000000,0.000000,0.000058,0.000148,0.000248,0.000044,0.002034
swap_static,4,256,262144,0.002201,0.000000,0.000000,0.000060,0.000102,0.000260,0.000047,0.001917
swap_static,4,256,262144,0.002208,0.000000,0.000000,0.000064,0.000103,0.000272,0.000051,0.002084
swap_static,4,256,262144,0.002150,0.000000,0.000000,0.000055,0.000087,0.000232,0.000047,0.002034
swap_static,4,256,262144,0.002167,0.000000,0.000000,0.000069,0.000123,0.000257,0.000054,0.001999
swap_static,4,256,262144,0.002214,0.000000,0.000000,0.000056,0.000099,0.000236,0.000052,0.001988
swap_static,4,256,262144,0.002116,0.000000,0.000000,0.000065,0.000103,0.000248,0.000049,0.002035
swap_static,4,256,262144,0.002138,0.000000,0.000000,0.000062,0.000098,0.000249,0.000055,0.002010
swap_static,4,256,262144,0.002111,0.000000,0.000000,0.000054,0.000089,0.000254,0.000048,0.001949
swap_static,4,256,262144,0.002138,0.000000,0.000000,0.000063,0.000098,0.000245,0.000044,0.001928
swap_static,4,256,262144,0.002188,0.000000,0.000000,0.000064,0.000101,0.000253,0.000047,0.002001
swap_static,4,256,262144,0.002204,0.000000,0.000000,0.000059,0.000092,0.000262,0.000048,0.001972
swap_static,4,256,262144,0.002214,0.000000,0.000000,0.000058,0.000092,0.000232,0.000046,0.001964
swap_static,4,256,262144,0.002191,0.000000,0.000000,0.000061,0.000105,0.000255,0.000049,0.002003
swap_static,4,256,262144,0.002171,0.000000,0.000000,0.000064,0.000115,0.000249,0.000048,0.001963
swap_static,4,256,262144,0.002210,0.000000,0.000000,0.000070,0.000120,0.000256,0.000047,0.002059
swap_static,4,256,262144,0.002242,0.000000,0.000000,0.000070,0.000109,0.000247,0.000046,0.001957
swap_static,4,256,262144,0.002088,0.000000,0.000000,0.000055,0.000094,0.000240,0.000048,0.002021
swap_static,4,256,262144,0.002105,0.000000,0.000000,0.000072,0.000113,0.000251,0.000058,0.002013
swap_static,4,256,262144,0.002075,0.000000,0.000000,0.000060,0.000093,0.000246,0.000046,0.001974
swap_static,4,256,262144,0.002155,0.000000,0.000000,0.000061,0.000094,0.000240,0.000046,0.001944
swap_static,4,256,262144,0.002191,0.000000,0.000000,0.000060,0.000092,0.000242,0.000046,0.002003
swap_static,4,256,262144,0.002132,0.000000,0.000000,0.000061,0.000105,0.000257,0.000048,0.002966
swap_static,4,256,262144,0.002098,0.000000,0.000000,0.000059,0.000117,0.000239,0.000049,0.002057
swap_static,4,256,262144,0.002212,0.000000,0.000000,0.000060,0.000099,0.000250,0.000047,0.001988
swap_static,4,256,262144,0.002185,0.000000,0.000000,0.000062,0.000100,0.000257,0.000047,0.002060
swap_static,4,256,262144,0.002117,0.000000,0.000000,0.000062,0.000103,0.000247,0.000046,0.001945
swap_static,4,256,262144,0.002184,0.000000,0.000000,0.000064,0.000103,0.000245,0.000047,0.001919
swap_static,4,256,262144,0.002196,0.000000,0.000000,0.000064,0.000100,0.000248,0.000046,0.001975
swap_static,4,256,262144,0.002158,0.000000,0.000000,0.000062,0.000102,0.000268,0.000053,0.002021
swap_static,4,256,262144,0.002207,0.000000,0.000000,0.000054,0.000090,0.000234,0.000047,0.002025
swap_static,4,256,262144,0.002157,0.000000,0.000000,0.000060,0.000092,0.000253,0.000046,0.001947
swap_static,4,256,262144,0.002100,0.000000,0.000000,0.000054,0.000087,0.000232,0.000044,0.001907
swap_static,4,256,262144,0.002090,0.000000,0.000000,0.000064,0.000101,0.000248,0.000066,0.001948
swap_static,4,256,262144,0.002163,0.000000,0.000000,0.000054,0.000099,0.000250,0.000047,0.001948
swap_static,4,256,262144,0.005205,0.000000,0.000000,0.000070,0.000114,0.000261,0.000051,0.001976
swap_static,4,256,262144,0.002137,0.000000,0.000000,0.000065,0.000122,0.000244,0.000042,0.001900
swap_static,4,256,262144,0.002163,0.000000,0.000000,0.000061,0.000109,0.000258,0.000052,0.002017
swap_static,4,256,262144,0.002193,0.000000,0.000000,0.000061,0.000095,0.000243,0.000046,0.002023
swap_static,4,256,262144,0.002150,0.000000,0.000000,0.000057,0.000102,0.000241,0.000049,0.001947
swap_static,4,256,262144,0.002123,0.000000,0.000000,0.000067,0.000119,0.000254,0.000048,0.001955
swap_static,4,256,262144,0.002064,0.000000,0.000000,0.000059,0.000111,0.000279,0.000061,0.001960
swap_static,4,256,262144,0.002136,0.000000,0.000000,0.000068,0.000103,0.000243,0.000045,0.002047
swap_static,4,256,262144,0.002126,0.000000,0.000000,0.000058,0.000104,0.000239,0.000046,0.001979
swap_static,4,256,262144,0.002253,0.000000,0.000000,0.000068,0.000120,0.000252,0.000050,0.001952
swap_static,4,256,262144,0.002180,0.000000,0.000000,0.000072,0.000121,0.000265,0.000045,0.002040
swap_static,4,256,262144,0.002207,0.000000,0.000000,0.000062,0.000107,0.000240,0.000049,0.002018
swap_static,4,256,262144,0.002221,0.000000,0.000000,0.000059,0.000090,0.000245,0.000047,0.002029
swap_static,4,256,262144,0.002149,0.000000,0.000000,0.000066,0.000120,0.000268,0.000050,0.002025
swap_static,4,256,262144,0.002113,0.000000,0.000000,0.000072,0.000117,0.000275,0.000049,0.001965
swap_static,4,256,262144,0.002066,0.000000,0.000000,0.000062,0.000104,0.000243,0.000047,0.001893
swap_static,4,256,262144,0.002140,0.000000,0.000000,0.000057,0.000091,0.000239,0.000047,0.001968
swap_static,4,256,262144,0.002246,0.000000,0.000000,0.000060,0.000090,0.000284,0.000049,0.002033
swap_static,4,256,262144,0.002100,0.000000,0.000000,0.000065,0.000109,0.000262,0.000055,0.002062
swap_static,4,256,262144,0.002180,0.000000,0.000000,0.000059,0.000091,0.000233,0.000058,0.001987
swap_static,4,256,262144,0.002117,0.000000,0.000000,0.000057,0.000090,0.000240,0.000045,0.001996
swap_static,4,256,262144,0.002220,0.000000,0.000000,0.000062,0.000089,0.000240,0.000055,0.002031
swap_static,4,256,262144,0.002148,0.000000,0.000000,0.000068,0.000115,0.000252,0.000049,0.002040
swap_static,4,256,262144,0.002110,0.000000,0.000000,0.000068,0.000107,0.000258,0.000059,0.002013
swap_static,4,256,262144,0.002110,0.000000,0.000000,0.000065,0.000118,0.000243,0.000049,0.002053
swap_static,4,256,262144,0.002163,0.000000,0.000000,0.000052,0.000087,0.000241,0.000046,0.001988
swap_static,4,256,262144,0.002146,0.000000,0.000000,0.000060,0.000098,0.000249,0.000052,0.002032
swap_static,4,256,262144,0.002198,0.000000,0.000000,0.000060,0.000097,0.000246,0.000046,0.002024
swap_static,4,256,262144,0.002020,0.000000,0.000000,0.000059,0.000084,0.000241,0.000045,0.002002
swap_static,4,256,262144,0.002173,0.000000,0.000000,0.000057,0.000096,0.000246,0.000048,0.002038
swap_dynv2,4,256,262144,0.002373,0.000000,0.000007,0.000109,0.000121,0.000304,0.000066,0.001949
swap_dynv2,4,256,262144,0.002051,0.000000,0.000007,0.000071,0.000112,0.000257,0.000050,0.001987
swap_dynv2,4,256,262144,0.002133,0.000000,0.000007,0.000073,0.000114,0.000257,0.000052,0.001905
swap_dynv2,4,256,262144,0.002147,0.000000,0.000007,0.000066,0.000110,0.000273,0.000046,0.001964
swap_dynv2,4,256,262144,0.002198,0.000000,0.000007,0.000072,0.000120,0.000303,0.000053,0.002051
swap_dynv2,4,256,262144,0.002131,0.000000,0.000005,0.000064,0.000096,0.000236,0.000064,0.001964
swap_dynv2,4,256,262144,0.002159,0.000000,0.000007,0.000074,0.000109,0.000254,0.000052,0.001962
swap_dynv2,4,256,262144,0.002149,0.000000,0.000007,0.000064,0.000107,0.000236,0.000049,0.001961
swap_dynv2,4,256,262144,0.002599,0.000000,0.000007,0.000069,0.000107,0.000236,0.000048,0.002003
swap_dynv2,4,256,262144,0.002070,0.000000,0.000005,0.000063,0.000088,0.000252,0.000053,0.001979
swap_dynv2,4,256,262144,0.002170,0.000000,0.000005,0.000058,0.000099,0.000247,0.000052,0.002024
swap_dynv2,4,256,262144,0.002074,0.000000,0.000005,0.000059,0.000088,0.000240,0.000052,0.001882
swap_dynv2,4,256,262144,0.002180,0.000000,0.000005,0.000059,0.000093,0.000254,0.000048,0.002026
swap_dynv2,4,256,262144,0.002188,0.000000,0.000006,0.000059,0.000112,0.000249,0.000049,0.002022
swap_dynv2,4,256,262144,0.002088,0.000000,0.000006,0.000060,0.000091,0.000252,0.000050,0.001925
swap_dynv2,4,256,262144,0.002127,0.000000,0.000007,0.000073,0.000116,0.000269,0.000049,0.002009
swap_dynv2,4,256,262144,0.002113,0.000000,0.000007,0.000068,0.000112,0.000264,0.000057,0.001989
swap_dynv2,4,256,262144,0.002152,0.000000,0.000005,0.000059,0.000090,0.000251,0.000048,0.001894
swap_dynv2,4,256,262144,0.002232,0.000000,0.000005,0.000052,0.000088,0.000247,0.000047,0.001896
swap_dynv2,4,256,262144,0.002079,0.000000,0.000005,0.000054,0.000096,0.000232,0.000048,0.002012
swap_dynv2,4,256,262144,0.002086,0.000000,0.000007,0.000070,0.000113,0.000267,0.000058,0.001984
swap_dynv2,4,256,262144,0.002139,0.000000,0.000005,0.000059,0.000091,0.000248,0.000049,0.002023
swap_dynv2,4,256,262144,0.002915,0.000000,0.000005,0.000063,0.000092,0.000266,0.000051,0.001957
swap_dynv2,4,256,262144,0.002241,0.000000,0.000006,0.000068,0.000106,0.000259,0.000051,0.002027
swap_dynv2,4,256,262144,0.002174,0.000000,0.000007,0.000068,0.000113,0.000269,0.000050,0.001946
swap_dynv2,4,256,262144,0.002159,0.000000,0.000005,0.000060,0.000097,0.000246,0.000062,0.002000
swap_dynv2,4,256,262144,0.002097,0.000000,0.000007,0.000074,0.000114,0.000264,0.000054,0.001940
swap_dynv2,4,256,262144,0.002167,0.000000,0.000005,0.000063,0.000092,0.000259,0.000058,0.001946
swap_dynv2,4,256,262144,0.002146,0.000000,0.000005,0.000060,0.000102,0.000250,0.000049,0.001971
swap_dynv2,4,256,262144,0.002122,0.000000,0.000007,0.000063,0.000103,0.000252,0.000051,0.001968
swap_dynv2,4,256,262144,0.002112,0.000000,0.000007,0.000073,0.000112,0.000272,0.000051,0.002018
swap_dynv2,4,256,262144,0.002091,0.000000,0.000007,0.000068,0.000109,0.000241,0.000054,0.001997
swap_dynv2,4,256,262144,0.002136,0.000000,0.000005,0.000063,0.000089,0.000284,0.000059,0.002007
swap_dynv2,4,256,262144,0.002071,0.000000,0.000005,0.000059,0.000089,0.000241,0.000048,0.002030
swap_dynv2,4,256,262144,0.002078,0.000000,0.000007,0.000065,0.000109,0.000251,0.000048,0.001938
swap_dynv2,4,256,262144,0.002040,0.000000,0.000005,0.000063,0.000092,0.000269,0.000061,0.001914
swap_dynv2,4,256,262144,0.002110,0.000000,0.000005,0.000060,0.000109,0.000243,0.000053,0.001951
swap_dynv2,4,256,262144,0.002156,0.000000,0.000005,0.000055,0.000089,0.000240,0.000048,0.001854
swap_dynv2,4,256,262144,0.002158,0.000000,0.000006,0.000065,0.000105,0.000243,0.000051,0.001965
swap_dynv2,4,256,262144,0.002124,0.000000,0.000007,0.000060,0.000106,0.000246,0.000050,0.002029
swap_dynv2,4,256,262144,0.002024,0.000000,0.000008,0.000073,0.000138,0.000323,0.000056,0.001988
swap_dynv2,4,256,262144,0.002082,0.000000,0.000004,0.000059,0.000092,0.000237,0.000049,0.001914
swap_dynv2,4,256,262144,0.002125,0.000000,0.000007,0.000067,0.000108,0.000244,0.000047,0.001967
swap_dynv2,4,256,262144,0.002175,0.000000,0.000008,0.000074,0.000115,0.000253,0.000049,0.002018
swap_dynv2,4,256,262144,0.002138,0.000000,0.000007,0.000064,0.000104,0.000254,0.000045,0.002018
swap_dynv2,4,256,262144,0.002054,0.000000,0.000005,0.000064,0.000090,0.000233,0.000049,0.001999
swap_dynv2,4,256,262144,0.002112,0.000000,0.000005,0.000060,0.000093,0.000247,0.000061,0.001970
swap_dynv2,4,256,262144,0.002027,0.000000,0.000005,0.000063,0.000090,0.000247,0.000050,0.001998
swap_dynv2,4,256,262144,0.002156,0.000000,0.000005,0.000064,0.000093,0.000252,0.000051,0.002098
swap_dynv2,4,256,262144,0.002089,0.000000,0.000006,0.000059,0.000105,0.000248,0.000048,0.001931
swap_dynv2,4,256,262144,0.002118,0.000000,0.000007,0.000075,0.000113,0.000271,0.000056,0.002031
swap_dynv2,4,256,262144,0.002124,0.000000,0.000007,0.000065,0.000108,0.000267,0.000051,0.001916
swap_dynv2,4,256,262144,0.002214,0.000000,0.000006,0.000063,0.000094,0.000273,0.000053,0.002053
swap_dynv2,4,256,262144,0.002134,0.000000,0.000008,0.000070,0.000114,0.000251,0.000050,0.001904
swap_dynv2,4,256,262144,0.002174,0.000000,0.000005,0.000058,0.000094,0.000232,0.000049,0.001891
swap_dynv2,4,256,262144,0.002164,0.000000,0.000007,0.000062,0.000112,0.000252,0.000050,0.002014
swap_dynv2,4,256,262144,0.002112,0.000000,0.000005,0.000056,0.000088,0.000230,0.000047,0.001993
swap_dynv2,4,256,262144,0.002081,0.000000,0.000007,0.000066,0.000113,0.000279,0.000054,0.001965
swap_dynv2,4,256,262144,0.002162,0.000000,0.000005,0.000060,0.000094,0.000238,0.000050,0.001969
swap_dynv2,4,256,262144,0.002188,0.000000,0.000007,0.000066,0.000113,0.000282,0.000052,0.001993
swap_dynv2,4,256,262144,0.002164,0.000000,0.000006,0.000063,0.000089,0.000239,0.000052,0.002017
swap_dynv2,4,256,262144,0.002186,0.000000,0.000007,0.000061,0.000105,0.000237,0.000051,0.001940
swap_dynv2,4,256,262144,0.002179,0.000000,0.000005,0.000060,0.000093,0.000240,0.000050,0.001927
swap_dynv2,4,256,262144,0.002139,0.000000,0.000005,0.000057,0.000089,0.000223,0.000050,0.001958
swap_dynv2,4,256,262144,0.002203,0.000000,0.000008,0.000072,0.000115,0.000275,0.000047,0.001908
swap_dynv2,4,256,262144,0.002095,0.000000,0.000005,0.000061,0.000099,0.000260,0.000050,0.001964
swap_dynv2,4,256,262144,0.002151,0.000000,0.000007,0.000068,0.000109,0.000249,0.000049,0.001996
swap_dynv2,4,256,262144,0.002141,0.000000,0.000006,0.000061,0.000100,0.000232,0.000049,0.001972
swap_dynv2,4,256,262144,0.002140,0.000000,0.000008,0.000068,0.000117,0.000242,0.000051,0.002061
swap_dynv2,4,256,262144,0.002113,0.000000,0.000007,0.000068,0.000120,0.000238,0.000048,0.002026
swap_dynv2,4,256,262144,0.002104,0.000000,0.000005,0.000063,0.000093,0.000242,0.000053,0.002076
swap_dynv2,4,256,262144,0.002144,0.000000,0.000006,0.000063,0.000095,0.000249,0.000053,0.001977
swap_dynv2,4,256,262144,0.002065,0.000000,0.000005,0.000065,0.000092,0.000235,0.000049,0.001926
swap_dynv2,4,256,262144,0.002118,0.000000,0.000007,0.000066,0.000101,0.000227,0.000049,0.002094
swap_dynv2,4,256,262144,0.002148,0.000000,0.000007,0.000065,0.000107,0.000238,0.000048,0.001981
swap_static,4,256,16777216,0.115074,0.000000,0.000000,0.000119,0.000140,0.000310,0.000064,0.115440
swap_static,4,256,16777216,0.114614,0.000000,0.000000,0.000075,0.000130,0.000309,0.000051,0.117660
swap_static,4,256,16777216,0.116419,0.000000,0.000000,0.000083,0.000154,0.000341,0.000062,0.116330
swap_static,4,256,16777216,0.116402,0.000000,0.000000,0.000073,0.000125,0.000304,0.000057,0.116034
swap_static,4,256,16777216,0.116132,0.000000,0.000000,0.000080,0.000145,0.000322,0.000052,0.115845
swap_static,4,256,16777216,0.115927,0.000000,0.000000,0.000071,0.000138,0.000299,0.000054,0.114851
swap_static,4,256,16777216,0.116177,0.000000,0.000000,0.000078,0.000138,0.000339,0.000055,0.115527
swap_static,4,256,16777216,0.117404,0.000000,0.000000,0.000077,0.000147,0.000296,0.000056,0.115651
swap_static,4,256,16777216,0.115650,0.000000,0.000000,0.000077,0.000134,0.000316,0.000047,0.116167
swap_static,4,256,16777216,0.116835,0.000000,0.000000,0.000076,0.000134,0.000327,0.000050,0.116376
swap_static,4,256,16777216,0.116087,0.000000,0.000000,0.000079,0.000157,0.000320,0.000064,0.115998
swap_static,4,256,16777216,0.114970,0.000000,0.000000,0.000081,0.000152,0.000314,0.000050,0.115422
swap_static,4,256,16777216,0.116472,0.000000,0.000000,0.000077,0.000131,0.000319,0.000050,0.115632
swap_static,4,256,16777216,0.115483,0.000000,0.000000,0.000074,0.000136,0.000310,0.000049,0.115712
swap_static,4,256,16777216,0.116832,0.000000,0.000000,0.000079,0.000148,0.000341,0.000054,0.116148
swap_static,4,256,16777216,0.115261,0.000000,0.000000,0.000077,0.000151,0.000321,0.000052,0.115318
swap_static,4,256,16777216,0.117921,0.000000,0.000000,0.000077,0.000149,0.000330,0.000054,0.115859
swap_static,4,256,16777216,0.115768,0.000000,0.000000,0.000076,0.000146,0.000328,0.000050,0.114982
swap_static,4,256,16777216,0.115457,0.000000,0.000000,0.000078,0.000147,0.000301,0.000048,0.115916
swap_static,4,256,16777216,0.115007,0.000000,0.000000,0.000075,0.000144,0.000307,0.000054,0.114219
swap_static,4,256,16777216,0.115919,0.000000,0.000000,0.000076,0.000153,0.000335,0.000052,0.115062
swap_static,4,256,16777216,0.116172,0.000000,0.000000,0.000078,0.000159,0.000312,0.000055,0.115392
swap_static,4,256,16777216,0.116007,0.000000,0.000000,0.000077,0.000139,0.000318,0.000053,0.116885
swap_static,4,256,16777216,0.116365,0.000000,0.000000,0.000079,0.000135,0.000315,0.000053,0.114336
swap_static,4,256,16777216,0.121217,0.000000,0.000000,0.000078,0.000136,0.000350,0.000058,0.115536
swap_static,4,256,16777216,0.116030,0.000000,0.000000,0.000076,0.000140,0.000319,0.000054,0.115595
swap_static,4,256,16777216,0.116110,0.000000,0.000000,0.000074,0.000134,0.000315,0.000049,0.118775
swap_static,4,256,16777216,0.115712,0.000000,0.000000,0.000079,0.000134,0.000291,0.000053,0.115650
swap_static,4,256,16777216,0.116157,0.000000,0.000000,0.000077,0.000146,0.000352,0.000053,0.115771
swap_static,4,256,16777216,0.115855,0.000000,0.000000,0.000074,0.000133,0.000307,0.000050,0.115575
swap_static,4,256,16777216,0.115960,0.000000,0.000000,0.000075,0.000145,0.000320,0.000050,0.115281
swap_static,4,256,16777216,0.116853,0.000000,0.000000,0.000074,0.000142,0.000314,0.000047,0.115821
swap_static,4,256,16777216,0.117884,0.000000,0.000000,0.000073,0.000140,0.000311,0.000049,0.115712
swap_static,4,256,16777216,0.116052,0.000000,0.000000,0.000073,0.000130,0.000300,0.000050,0.114750
swap_static,4,256,16777216,0.115935,0.000000,0.000000,0.000077,0.000147,0.000337,0.000052,0.115271
swap_static,4,256,16777216,0.120893,0.000000,0.000000,0.000076,0.000156,0.000314,0.000067,0.114772
swap_static,4,256,16777216,0.116064,0.000000,0.000000,0.000075,0.000152,0.000341,0.000054,0.116031
swap_static,4,256,16777216,0.116926,0.000000,0.000000,0.000080,0.000144,0.000317,0.000050,0.116100
swap_static,4,256,16777216,0.115632,0.000000,0.000000,0.000075,0.000138,0.000325,0.000050,0.115840
swap_static,4,256,16777216,0.116027,0.000000,0.000000,0.000072,0.000136,0.000322,0.000050,0.115733
swap_static,4,256,16777216,0.116150,0.000000,0.000000,0.000077,0.000155,0.000334,0.000065,0.113887
swap_static,4,256,16777216,0.115523,0.000000,0.000000,0.000074,0.000128,0.000305,0.000054,0.114996
swap_static,4,256,16777216,0.115669,0.000000,0.000000,0.000072,0.000138,0.000351,0.000050,0.115873
swap_static,4,256,16777216,0.115618,0.000000,0.000000,0.000076,0.000139,0.000316,0.000049,0.113647
swap_static,4,256,16777216,0.116595,0.000000,0.000000,0.000076,0.000144,0.000336,0.000058,0.118537
swap_static,4,256,16777216,0.116268,0.000000,0.000000,0.000073,0.000128,0.000305,0.000049,0.115357
swap_static,4,256,16777216,0.116150,0.000000,0.000000,0.000079,0.000140,0.000349,0.000055,0.116006
swap_static,4,256,16777216,0.115641,0.000000,0.000000,0.000077,0.000160,0.000327,0.000061,0.115382
swap_static,4,256,16777216,0.115876,0.000000,0.000000,0.000072,0.000142,0.000335,0.000053,0.115651
swap_static,4,256,16777216,0.116611,0.000000,0.000000,0.000071,0.000134,0.000322,0.000051,0.114740
swap_static,4,256,16777216,0.115783,0.000000,0.000000,0.000083,0.000152,0.000333,0.000075,0.115748
swap_static,4,256,16777216,0.117246,0.000000,0.000000,0.000069,0.000137,0.000328,0.000051,0.115577
swap_static,4,256,16777216,0.115605,0.000000,0.000000,0.000078,0.000156,0.000328,0.000055,0.115159
swap_static,4,256,16777216,0.114810,0.000000,0.000000,0.000078,0.000141,0.000309,0.000049,0.116738
swap_static,4,256,16777216,0.116620,0.000000,0.000000,0.000075,0.000150,0.000339,0.000063,0.114118
swap_static,4,256,16777216,0.115025,0.000000,0.000000,0.000074,0.000131,0.000311,0.000053,0.115465
swap_static,4,256,16777216,0.115831,0.000000,0.000000,0.000077,0.000144,0.000322,0.000056,0.115592
swap_static,4,256,16777216,0.115797,0.000000,0.000000,0.000077,0.000155,0.000311,0.000048,0.115523
swap_static,4,256,16777216,0.115356,0.000000,0.000000,0.000072,0.000142,0.000323,0.000046,0.114362
swap_static,4,256,16777216,0.116861,0.000000,0.000000,0.000077,0.000136,0.000328,0.000049,0.115086
swap_static,4,256,16777216,0.114475,0.000000,0.000000,0.000077,0.000151,0.000323,0.000063,0.115177
swap_static,4,256,16777216,0.116528,0.000000,0.000000,0.000076,0.000139,0.000321,0.000049,0.115178
swap_static,4,256,16777216,0.116155,0.000000,0.000000,0.000070,0.000135,0.000333,0.000049,0.115726
swap_static,4,256,16777216,0.122655,0.000000,0.000000,0.000076,0.000130,0.000293,0.000051,0.116314
swap_static,4,256,16777216,0.116124,0.000000,0.000000,0.000075,0.000136,0.000342,0.000055,0.116130
swap_static,4,256,16777216,0.119088,0.000000,0.000000,0.000075,0.000138,0.000333,0.000051,0.116452
swap_static,4,256,16777216,0.115620,0.000000,0.000000,0.000075,0.000148,0.000315,0.000051,0.115373
swap_static,4,256,16777216,0.115903,0.000000,0.000000,0.000079,0.000142,0.000306,0.000049,0.115077
swap_static,4,256,16777216,0.116433,0.000000,0.000000,0.000083,0.000149,0.000362,0.000054,0.116074
swap_static,4,256,16777216,0.116245,0.000000,0.000000,0.000075,0.000138,0.000310,0.000051,0.115814
swap_static,4,256,16777216,0.115966,0.000000,0.000000,0.000076,0.000146,0.000337,0.000059,0.115825
swap_static,4,256,16777216,0.116580,0.000000,0.000000,0.000077,0.000147,0.000313,0.000050,0.115704
swap_static,4,256,16777216,0.116727,0.000000,0.000000,0.000077,0.000144,0.000343,0.000056,0.115111
swap_static,4,256,16777216,0.115667,0.000000,0.000000,0.000077,0.000144,0.000315,0.000050,0.115283
swap_static,4,256,16777216,0.117012,0.000000,0.000000,0.000077,0.000141,0.000335,0.000055,0.118091
swap_dynv2,4,256,16777216,0.115301,0.000000,0.000010,0.000125,0.000157,0.000348,0.000141,0.114948
swap_dynv2,4,256,16777216,0.118473,0.000000,0.000009,0.000079,0.000141,0.000351,0.000055,0.115393
swap_dynv2,4,256,16777216,0.114834,0.000000,0.000009,0.000077,0.000140,0.000347,0.000056,0.114750
swap_dynv2,4,256,16777216,0.113836,0.000000,0.000009,0.000079,0.000154,0.000341,0.000056,0.113633
swap_dynv2,4,256,16777216,0.113699,0.000000,0.000011,0.000081,0.000146,0.000298,0.000052,0.114368
swap_dynv2,4,256,16777216,0.114667,0.000000,0.000011,0.000085,0.000157,0.000324,0.000047,0.113622
swap_dynv2,4,256,16777216,0.113877,0.000000,0.000009,0.000088,0.000144,0.000316,0.000056,0.112158
swap_dynv2,4,256,16777216,0.113916,0.000000,0.000009,0.000081,0.000130,0.000319,0.000055,0.113883
swap_dynv2,4,256,16777216,0.113973,0.000000,0.000009,0.000079,0.000153,0.000323,0.000049,0.113776
swap_dynv2,4,256,16777216,0.114434,0.000000,0.000010,0.000082,0.000159,0.000330,0.000055,0.114391
swap_dynv2,4,256,16777216,0.114197,0.000000,0.000010,0.000083,0.000154,0.000307,0.000056,0.114840
swap_dynv2,4,256,16777216,0.113761,0.000000,0.000010,0.000085,0.000155,0.000306,0.000050,0.113948
swap_dynv2,4,256,16777216,0.113598,0.000000,0.000010,0.000083,0.000160,0.000373,0.000072,0.115047
swap_dynv2,4,256,16777216,0.113761,0.000000,0.000010,0.000083,0.000145,0.000302,0.000054,0.113750
swap_dynv2,4,256,16777216,0.114082,0.000000,0.000010,0.000082,0.000152,0.000303,0.000054,0.113630
swap_dynv2,4,256,16777216,0.114345,0.000000,0.000008,0.000077,0.000137,0.000317,0.000056,0.113503
swap_dynv2,4,256,16777216,0.113672,0.000000,0.000008,0.000085,0.000139,0.000301,0.000050,0.113885
swap_dynv2,4,256,16777216,0.112986,0.000000,0.000010,0.000086,0.000155,0.000317,0.000069,0.114275
swap_dynv2,4,256,16777216,0.114678,0.000000,0.000009,0.000077,0.000153,0.000319,0.000050,0.114395
swap_dynv2,4,256,16777216,0.112211,0.000000,0.000008,0.000079,0.000141,0.000325,0.000055,0.113825
swap_dynv2,4,256,16777216,0.117475,0.000000,0.000008,0.000077,0.000140,0.000310,0.000057,0.113661
swap_dynv2,4,256,16777216,0.113791,0.000000,0.000010,0.000082,0.000157,0.000318,0.000052,0.113867
swap_dynv2,4,256,16777216,0.113757,0.000000,0.000010,0.000087,0.000152,0.000314,0.000053,0.113646
swap_dynv2,4,256,16777216,0.113794,0.000000,0.000014,0.000087,0.000136,0.000311,0.000056,0.113568
swap_dynv2,4,256,16777216,0.113834,0.000000,0.000010,0.000083,0.000155,0.000302,0.000052,0.114925
swap_dynv2,4,256,16777216,0.113910,0.000000,0.000014,0.000076,0.000154,0.000314,0.000054,0.114527
swap_dynv2,4,256,16777216,0.113583,0.000000,0.000008,0.000078,0.000148,0.000322,0.000063,0.115014
swap_dynv2,4,256,16777216,0.113060,0.000000,0.000010,0.000087,0.000151,0.000304,0.000052,0.114768
swap_dynv2,4,256,16777216,0.114789,0.000000,0.000009,0.000078,0.000145,0.000300,0.000051,0.114095
swap_dynv2,4,256,16777216,0.113963,0.000000,0.000010,0.000085,0.000157,0.000322,0.000050,0.114608
swap_dynv2,4,256,16777216,0.113910,0.000000,0.000010,0.000082,0.000151,0.000310,0.000052,0.114608
swap_dynv2,4,256,16777216,0.114374,0.000000,0.000010,0.000082,0.000153,0.000308,0.000053,0.113257
swap_dynv2,4,256,16777216,0.113231,0.000000,0.000009,0.000078,0.000147,0.000331,0.000055,0.114114
swap_dynv2,4,256,16777216,0.112996,0.000000,0.000010,0.000088,0.000159,0.000311,0.000056,0.113102
swap_dynv2,4,256,16777216,0.113910,0.000000,0.000009,0.000076,0.000144,0.000314,0.000058,0.113421
swap_dynv2,4,256,16777216,0.113756,0.000000,0.000009,0.000077,0.000138,0.000320,0.000055,0.114557
swap_dynv2,4,256,16777216,0.112208,0.000000,0.000008,0.000077,0.000152,0.000318,0.000053,0.114122
swap_dynv2,4,256,16777216,0.114130,0.000000,0.000010,0.000082,0.000156,0.000310,0.000060,0.113663
swap_dynv2,4,256,16777216,0.113704,0.000000,0.000009,0.000078,0.000143,0.000307,0.000061,0.113356
swap_dynv2,4,256,16777216,0.116822,0.000000,0.000010,0.000084,0.000158,0.000313,0.000053,0.113656
swap_dynv2,4,256,16777216,0.112535,0.000000,0.000009,0.000085,0.000142,0.000336,0.000052,0.114343
swap_dynv2,4,256,16777216,0.114134,0.000000,0.000010,0.000080,0.000152,0.000316,0.000061,0.114472
swap_dynv2,4,256,16777216,0.113373,0.000000,0.000009,0.000083,0.000151,0.000321,0.000052,0.114155
swap_dynv2,4,256,16777216,0.114383,0.000000,0.000010,0.000088,0.000153,0.000318,0.000053,0.114353
swap_dynv2,4,256,16777216,0.112805,0.000000,0.000009,0.000076,0.000158,0.000318,0.000053,0.114496
swap_dynv2,4,256,16777216,0.113757,0.000000,0.000010,0.000081,0.000150,0.000317,0.000053,0.113882
swap_dynv2,4,256,16777216,0.113644,0.000000,0.000009,0.000081,0.000148,0.000311,0.000050,0.114283
swap_dynv2,4,256,16777216,0.113252,0.000000,0.000010,0.000077,0.000150,0.000298,0.000054,0.113919
swap_dynv2,4,256,16777216,0.114057,0.000000,0.000009,0.000081,0.000141,0.000313,0.000065,0.123618
swap_dynv2,4,256,16777216,0.113391,0.000000,0.000010,0.000087,0.000151,0.000324,0.000047,0.113982
swap_dynv2,4,256,16777216,0.114038,0.000000,0.000010,0.000092,0.000157,0.000320,0.000052,0.114590
swap_dynv2,4,256,16777216,0.114013,0.000000,0.000008,0.000080,0.000154,0.000316,0.000068,0.114371
swap_dynv2,4,256,16777216,0.113600,0.000000,0.000010,0.000080,0.000154,0.000327,0.000058,0.114243
swap_dynv2,4,256,16777216,0.113484,0.000000,0.000009,0.000079,0.000143,0.000346,0.000056,0.117846
swap_dynv2,4,256,16777216,0.113015,0.000000,0.000009,0.000087,0.000137,0.000298,0.000048,0.114769
swap_dynv2,4,256,16777216,0.113702,0.000000,0.000010,0.000085,0.000155,0.000319,0.000053,0.114390
swap_dynv2,4,256,16777216,0.113162,0.000000,0.000008,0.000082,0.000147,0.000338,0.000052,0.114152
swap_dynv2,4,256,16777216,0.113973,0.000000,0.000009,0.000082,0.000158,0.000302,0.000052,0.113717
swap_dynv2,4,256,16777216,0.115078,0.000000,0.000009,0.000080,0.000144,0.000314,0.000052,0.114325
swap_dynv2,4,256,16777216,0.113999,0.000000,0.000010,0.000083,0.000158,0.000300,0.000050,0.114722
swap_dynv2,4,256,16777216,0.112258,0.000000,0.000010,0.000085,0.000149,0.000307,0.000053,0.113408
swap_dynv2,4,256,16777216,0.113160,0.000000,0.000009,0.000078,0.000142,0.000324,0.000058,0.112605
swap_dynv2,4,256,16777216,0.114085,0.000000,0.000009,0.000078,0.000140,0.000311,0.000052,0.114916
swap_dynv2,4,256,16777216,0.113249,0.000000,0.000009,0.000077,0.000145,0.000332,0.000053,0.114380
swap_dynv2,4,256,16777216,0.114000,0.000000,0.000011,0.000090,0.000156,0.000316,0.000054,0.114431
swap_dynv2,4,256,16777216,0.113094,0.000000,0.000009,0.000081,0.000138,0.000306,0.000058,0.117544
swap_dynv2,4,256,16777216,0.114139,0.000000,0.000008,0.000078,0.000154,0.000314,0.000053,0.113424
swap_dynv2,4,256,16777216,0.112657,0.000000,0.000008,0.000082,0.000132,0.000310,0.000051,0.119324
swap_dynv2,4,256,16777216,0.112993,0.000000,0.000009,0.000077,0.000145,0.000308,0.000053,0.114284
swap_dynv2,4,256,16777216,0.114067,0.000000,0.000009,0.000079,0.000147,0.000325,0.000053,0.113576
swap_dynv2,4,256,16777216,0.114417,0.000000,0.000009,0.000082,0.000146,0.000326,0.000053,0.114081
swap_dynv2,4,256,16777216,0.113975,0.000000,0.000010,0.000094,0.000160,0.000337,0.000057,0.115412
swap_dynv2,4,256,16777216,0.113735,0.000000,0.000010,0.000084,0.000141,0.000330,0.000056,0.114547
swap_dynv2,4,256,16777216,0.114317,0.000000,0.000011,0.000083,0.000145,0.000339,0.000056,0.113826
swap_dynv2,4,256,16777216,0.114362,0.000000,0.000009,0.000080,0.000151,0.000317,0.000052,0.114684
swap_static,4,1024,4096,0.000489,0.000000,0.000000,0.000744,0.000127,0.000280,0.000046,0.000191
swap_static,4,1024,4096,0.000383,0.000000,0.000000,0.000655,0.000106,0.000271,0.000051,0.000188
swap_static,4,1024,4096,0.000356,0.000000,0.000000,0.000157,0.000082,0.000226,0.000051,0.000191
swap_static,4,1024,4096,0.000307,0.000000,0.000000,0.000154,0.000078,0.000222,0.000058,0.000186
swap_static,4,1024,4096,0.000308,0.000000,0.000000,0.000277,0.000083,0.000241,0.000047,0.000197
swap_static,4,1024,4096,0.000314,0.000000,0.000000,0.000159,0.000092,0.000245,0.000052,0.000196
swap_static,4,1024,4096,0.000308,0.000000,0.000000,0.000160,0.000088,0.000239,0.000048,0.000182
swap_static,4,1024,4096,0.000318,0.000000,0.000000,0.000163,0.000081,0.000220,0.000047,0.000186
swap_static,4,1024,4096,0.000324,0.000000,0.000000,0.000162,0.000093,0.000240,0.000050,0.000184
swap_static,4,1024,4096,0.000315,0.000000,0.000000,0.000155,0.000078,0.000224,0.000044,0.000185
swap_static,4,1024,4096,0.000316,0.000000,0.000000,0.000182,0.000104,0.000248,0.000051,0.000190
swap_static,4,1024,4096,0.000289,0.000000,0.000000,0.000184,0.000106,0.000267,0.000059,0.000171
swap_static,4,1024,4096,0.000323,0.000000,0.000000,0.000165,0.000079,0.000223,0.000046,0.000187
swap_static,4,1024,4096,0.000318,0.000000,0.000000,0.000194,0.000111,0.000249,0.000047,0.000195
swap_static,4,1024,4096,0.000309,0.000000,0.000000,0.000150,0.000085,0.000222,0.000046,0.000186
swap_static,4,1024,4096,0.000322,0.000000,0.000000,0.000224,0.000109,0.000234,0.000055,0.000204
swap_static,4,1024,4096,0.000305,0.000000,0.000000,0.000161,0.000086,0.000218,0.000056,0.000194
swap_static,4,1024,4096,0.000301,0.000000,0.000000,0.000156,0.000084,0.000239,0.000044,0.000183
swap_static,4,1024,4096,0.000293,0.000000,0.000000,0.000156,0.000087,0.000228,0.000042,0.000175
swap_static,4,1024,4096,0.000323,0.000000,0.000000,0.000161,0.000088,0.000241,0.000047,0.000188
swap_static,4,1024,4096,0.000301,0.000000,0.000000,0.000159,0.000087,0.000240,0.000048,0.000193
swap_static,4,1024,4096,0.000322,0.000000,0.000000,0.000205,0.000113,0.000249,0.000052,0.000188
swap_static,4,1024,4096,0.000310,0.000000,0.000000,0.000159,0.000089,0.000228,0.000046,0.000181
swap_static,4,1024,4096,0.000301,0.000000,0.000000,0.000181,0.000102,0.000244,0.000057,0.000199
swap_static,4,1024,4096,0.000303,0.000000,0.000000,0.000156,0.000079,0.000222,0.000046,0.000188
swap_static,4,1024,4096,0.000312,0.000000,0.000000,0.000184,0.000102,0.000257,0.000047,0.000203
swap_static,4,1024,4096,0.000311,0.000000,0.000000,0.000188,0.000106,0.000253,0.000048,0.000181
swap_static,4,1024,4096,0.000298,0.000000,0.000000,0.000150,0.000081,0.000319,0.000047,0.000240
swap_static,4,1024,4096,0.000311,0.000000,0.000000,0.000168,0.000094,0.000232,0.000046,0.000185
swap_static,4,1024,4096,0.000313,0.000000,0.000000,0.000196,0.000110,0.000254,0.000055,0.000185
swap_static,4,1024,4096,0.000317,0.000000,0.000000,0.000187,0.000100,0.000243,0.000050,0.000196
swap_static,4,1024,4096,0.000310,0.000000,0.000000,0.000163,0.000092,0.000231,0.000046,0.000240
swap_static,4,1024,4096,0.000307,0.000000,0.000000,0.000151,0.000076,0.000208,0.000043,0.000213
swap_static,4,1024,4096,0.000327,0.000000,0.000000,0.000185,0.000108,0.000259,0.000049,0.000197
swap_static,4,1024,4096,0.000345,0.000000,0.000000,0.000165,0.000092,0.000228,0.000046,0.000184
swap_static,4,1024,4096,0.000313,0.000000,0.000000,0.000162,0.000095,0.000233,0.000049,0.000184
swap_static,4,1024,4096,0.000324,0.000000,0.000000,0.000174,0.000101,0.000232,0.000050,0.000190
swap_static,4,1024,4096,0.000319,0.000000,0.000000,0.000182,0.000102,0.000238,0.000052,0.000243
swap_static,4,1024,4096,0.000319,0.000000,0.000000,0.000160,0.000090,0.000241,0.000058,0.000185
swap_static,4,1024,4096,0.000306,0.000000,0.000000,0.000152,0.000093,0.000234,0.000046,0.000195
swap_static,4,1024,4096,0.000310,0.000000,0.000000,0.000191,0.000114,0.000235,0.000058,0.000194
swap_static,4,1024,4096,0.000309,0.000000,0.000000,0.000172,0.000095,0.000233,0.000047,0.000181
swap_static,4,1024,4096,0.000304,0.000000,0.000000,0.000165,0.000087,0.000216,0.000044,0.000187
swap_static,4,1024,4096,0.000302,0.000000,0.000000,0.000167,0.000090,0.000236,0.000045,0.000199
swap_static,4,1024,4096,0.000314,0.000000,0.000000,0.000179,0.000098,0.000234,0.000051,0.000180
swap_static,4,1024,4096,0.000298,0.000000,0.000000,0.000156,0.000082,0.000223,0.000047,0.000202
swap_static,4,1024,4096,0.000311,0.000000,0.000000,0.000160,0.000090,0.000224,0.000045,0.000190
swap_static,4,1024,4096,0.000312,0.000000,0.000000,0.000156,0.000086,0.000219,0.000040,0.000207
swap_static,4,1024,4096,0.000292,0.000000,0.000000,0.000151,0.000081,0.000221,0.000043,0.000185
swap_static,4,1024,4096,0.000306,0.000000,0.000000,0.000155,0.000081,0.000221,0.000050,0.000283
swap_static,4,1024,4096,0.000299,0.000000,0.000000,0.000190,0.000107,0.000252,0.000050,0.000196
swap_static,4,1024,4096,0.000305,0.000000,0.000000,0.000164,0.000078,0.000223,0.000047,0.000186
swap_static,4,1024,4096,0.000309,0.000000,0.000000,0.000166,0.000091,0.000239,0.000050,0.000183
swap_static,4,1024,4096,0.000305,0.000000,0.000000,0.000169,0.000087,0.000221,0.000052,0.000186
swap_static,4,1024,4096,0.000400,0.000000,0.000000,0.000159,0.000082,0.000232,0.000046,0.000183
swap_static,4,1024,4096,0.000305,0.000000,0.000000,0.000154,0.000078,0.000223,0.000044,0.000196
swap_static,4,1024,4096,0.000318,0.000000,0.000000,0.000179,0.000105,0.000231,0.000044,0.000189
swap_static,4,1024,4096,0.000310,0.000000,0.000000,0.000156,0.000079,0.000219,0.000045,0.000184
swap_static,4,1024,4096,0.000316,0.000000,0.000000,0.000168,0.000094,0.000246,0.000054,0.000184
swap_static,4,1024,4096,0.000307,0.000000,0.000000,0.000158,0.000085,0.000238,0.000048,0.000183
swap_static,4,1024,4096,0.000313,0.000000,0.000000,0.000189,0.000110,0.000255,0.000050,0.000187
swap_static,4,1024,4096,0.000305,0.000000,0.000000,0.000159,0.000079,0.000223,0.000053,0.000194
swap_static,4,1024,4096,0.000304,0.000000,0.000000,0.000176,0.000091,0.000232,0.000051,0.000189
swap_static,4,1024,4096,0.000293,0.000000,0.000000,0.000190,0.000110,0.000247,0.000047,0.000193
swap_static,4,1024,4096,0.000362,0.000000,0.000000,0.000160,0.000100,0.000239,0.000045,0.000191
swap_static,4,1024,4096,0.000346,0.000000,0.000000,0.000155,0.000077,0.000216,0.000047,0.000233
swap_static,4,1024,4096,0.000311,0.000000,0.000000,0.000161,0.000092,0.000227,0.000053,0.000198
swap_static,4,1024,4096,0.000321,0.000000,0.000000,0.000192,0.000109,0.000254,0.000052,0.000188
swap_static,4,1024,4096,0.000305,0.000000,0.000000,0.000160,0.000098,0.000237,0.000045,0.000194
swap_static,4,1024,4096,0.000300,0.000000,0.000000,0.000192,0.000140,0.000253,0.000047,0.000176
swap_static,4,1024,4096,0.000373,0.000000,0.000000,0.000189,0.000106,0.000243,0.000055,0.000194
swap_static,4,1024,4096,0.000315,0.000000,0.000000,0.000181,0.000102,0.000237,0.000047,0.000179
swap_static,4,1024,4096,0.000315,0.000000,0.000000,0.000156,0.000084,0.000235,0.000047,0.000190
swap_static,4,1024,4096,0.000326,0.000000,0.000000,0.000164,0.000094,0.000248,0.000060,0.000190
swap_static,4,1024,4096,0.000301,0.000000,0.000000,0.000153,0.000077,0.000229,0.000048,0.000199
swap_dynv2,4,1024,4096,0.000502,0.000000,0.000005,0.000688,0.000096,0.000297,0.000052,0.000213
swap_dynv2,4,1024,4096,0.000330,0.000000,0.000006,0.000284,0.000108,0.000271,0.000053,0.000240
swap_dynv2,4,1024,4096,0.000318,0.000000,0.000004,0.000161,0.000081,0.000254,0.000048,0.000201
swap_dynv2,4,1024,4096,0.000402,0.000000,0.000007,0.000670,0.000117,0.000287,0.000052,0.000201
swap_dynv2,4,1024,4096,0.000316,0.000000,0.000006,0.000165,0.000104,0.000266,0.000048,0.000194
swap_dynv2,4,1024,4096,0.000337,0.000000,0.000004,0.000279,0.000085,0.000245,0.000050,0.000193
swap_dynv2,4,1024,4096,0.000313,0.000000,0.000006,0.000159,0.000094,0.000240,0.000051,0.000198
swap_dynv2,4,1024,4096,0.000318,0.000000,0.000006,0.000163,0.000099,0.000250,0.000047,0.000196
swap_dynv2,4,1024,4096,0.000308,0.000000,0.000004,0.000153,0.000082,0.000227,0.000046,0.000193
swap_dynv2,4,1024,4096,0.000286,0.000000,0.000004,0.000146,0.000085,0.000228,0.000049,0.000194
swap_dynv2,4,1024,4096,0.000317,0.000000,0.000007,0.000194,0.000116,0.000274,0.000051,0.000210
swap_dynv2,4,1024,4096,0.000315,0.000000,0.000006,0.000187,0.000110,0.000246,0.000054,0.000191
swap_dynv2,4,1024,4096,0.000325,0.000000,0.000004,0.000157,0.000084,0.000228,0.000049,0.000194
swap_dynv2,4,1024,4096,0.000321,0.000000,0.000008,0.000193,0.000115,0.000240,0.000049,0.000208
swap_dynv2,4,1024,4096,0.000314,0.000000,0.000004,0.000154,0.000079,0.000218,0.000046,0.000212
swap_dynv2,4,1024,4096,0.000314,0.000000,0.000005,0.000160,0.000093,0.000245,0.000055,0.000193
swap_dynv2,4,1024,4096,0.000311,0.000000,0.000007,0.000195,0.000118,0.000282,0.000053,0.000199
swap_dynv2,4,1024,4096,0.000302,0.000000,0.000006,0.000194,0.000106,0.000239,0.000049,0.000205
swap_dynv2,4,1024,4096,0.000309,0.000000,0.000005,0.000161,0.000097,0.000233,0.000048,0.000197
swap_dynv2,4,1024,4096,0.000359,0.000000,0.000004,0.000154,0.000081,0.000228,0.000049,0.000202
swap_dynv2,4,1024,4096,0.000304,0.000000,0.000006,0.000155,0.000098,0.000230,0.000048,0.000190
swap_dynv2,4,1024,4096,0.000306,0.000000,0.000004,0.000155,0.000082,0.000222,0.000049,0.000197
swap_dynv2,4,1024,4096,0.000308,0.000000,0.000007,0.000190,0.000115,0.000281,0.000050,0.000196
swap_dynv2,4,1024,4096,0.000316,0.000000,0.000004,0.000155,0.000081,0.000246,0.000051,0.000209
swap_dynv2,4,1024,4096,0.000304,0.000000,0.000007,0.000199,0.000116,0.000267,0.000051,0.000214
swap_dynv2,4,1024,4096,0.000341,0.000000,0.000006,0.000163,0.000102,0.000248,0.000048,0.000180
swap_dynv2,4,1024,4096,0.000314,0.000000,0.000006,0.000193,0.000112,0.000245,0.000048,0.000203
swap_dynv2,4,1024,4096,0.000312,0.000000,0.000006,0.000164,0.000097,0.000247,0.000049,0.000201
swap_dynv2,4,1024,4096,0.000297,0.000000,0.000004,0.000154,0.000078,0.000318,0.000245,0.000001
swap_dynv2,4,1024,4096,0.000316,0.000000,0.000004,0.000156,0.000081,0.000254,0.000048,0.000182
swap_dynv2,4,1024,4096,0.000293,0.000000,0.000004,0.000154,0.000088,0.000237,0.000046,0.000218
swap_dynv2,4,1024,4096,0.000299,0.000000,0.000004,0.000160,0.000082,0.000235,0.000048,0.000197
swap_dynv2,4,1024,4096,0.000314,0.000000,0.000006,0.000161,0.000092,0.000251,0.000049,0.000204
swap_dynv2,4,1024,4096,0.000324,0.000000,0.000004,0.000154,0.000088,0.000227,0.000047,0.000190
swap_dynv2,4,1024,4096,0.000321,0.000000,0.000006,0.000158,0.000102,0.000234,0.000047,0.000199
swap_dynv2,4,1024,4096,0.000302,0.000000,0.000007,0.000193,0.000116,0.000264,0.000057,0.000203
swap_dynv2,4,1024,4096,0.000287,0.000000,0.000004,0.000151,0.000083,0.000248,0.000045,0.000191
swap_dynv2,4,1024,4096,0.000373,0.000000,0.000005,0.000161,0.000107,0.000245,0.000052,0.000199
swap_dynv2,4,1024,4096,0.000319,0.000000,0.000006,0.000156,0.000100,0.000247,0.000049,0.000190
swap_dynv2,4,1024,4096,0.000318,0.000000,0.000004,0.000153,0.000081,0.000232,0.000047,0.000208
swap_dynv2,4,1024,4096,0.000310,0.000000,0.000007,0.000193,0.000113,0.000258,0.000048,0.000218
swap_dynv2,4,1024,4096,0.000298,0.000000,0.000006,0.000163,0.000098,0.000254,0.000048,0.000186
swap_dynv2,4,1024,4096,0.000301,0.000000,0.000004,0.000153,0.000080,0.000244,0.000049,0.000194
swap_dynv2,4,1024,4096,0.000291,0.000000,0.000004,0.000152,0.000083,0.000238,0.000047,0.000198
swap_dynv2,4,1024,4096,0.000311,0.000000,0.000006,0.000160,0.000104,0.000238,0.000051,0.000189
swap_dynv2,4,1024,4096,0.000296,0.000000,0.000003,0.000212,0.000084,0.000229,0.000048,0.000195
swap_dynv2,4,1024,4096,0.000309,0.000000,0.000006,0.000158,0.000095,0.000231,0.000057,0.000187
swap_dynv2,4,1024,4096,0.000317,0.000000,0.000006,0.000163,0.000100,0.000253,0.000049,0.000208
swap_dynv2,4,1024,4096,0.000300,0.000000,0.000007,0.000193,0.000114,0.000328,0.000054,0.000204
swap_dynv2,4,1024,4096,0.000322,0.000000,0.000006,0.000160,0.000103,0.000251,0.000048,0.000196
swap_dynv2,4,1024,4096,0.000313,0.000000,0.000006,0.000200,0.000115,0.000260,0.000061,0.000190
swap_dynv2,4,1024,4096,0.000327,0.000000,0.000006,0.000158,0.000104,0.000253,0.000046,0.000185
swap_dynv2,4,1024,4096,0.000351,0.000000,0.000006,0.000176,0.000101,0.000253,0.000050,0.000259
swap_dynv2,4,1024,4096,0.000310,0.000000,0.000006,0.000159,0.000095,0.000239,0.000053,0.000199
swap_dynv2,4,1024,4096,0.000302,0.000000,0.000007,0.000197,0.000119,0.000268,0.000050,0.000193
swap_dynv2,4,1024,4096,0.000304,0.000000,0.000006,0.000187,0.000112,0.000276,0.000049,0.000199
swap_dynv2,4,1024,4096,0.000338,0.000000,0.000006,0.000163,0.000099,0.000240,0.000052,0.000186
swap_dynv2,4,1024,4096,0.000303,0.000000,0.000004,0.000149,0.000082,0.000234,0.000052,0.000193
swap_dynv2,4,1024,4096,0.000311,0.000000,0.000004,0.000157,0.000086,0.000231,0.000045,0.000184
swap_dynv2,4,1024,4096,0.000304,0.000000,0.000004,0.000150,0.000089,0.000226,0.000057,0.000268
swap_dynv2,4,1024,4096,0.000290,0.000000,0.000005,0.000157,0.000083,0.000243,0.000046,0.000200
swap_dynv2,4,1024,4096,0.000286,0.000000,0.000004,0.000148,0.000084,0.000232,0.000049,0.000197
swap_dynv2,4,1024,4096,0.000306,0.000000,0.000006,0.000156,0.000100,0.000250,0.000048,0.000186
swap_dynv2,4,1024,4096,0.000309,0.000000,0.000006,0.000159,0.000095,0.000298,0.000066,0.000186
swap_dynv2,4,1024,4096,0.000305,0.000000,0.000004,0.000163,0.000084,0.000234,0.000050,0.000189
swap_dynv2,4,1024,4096,0.000308,0.000000,0.000007,0.000279,0.000120,0.000259,0.000049,0.000209
swap_dynv2,4,1024,4096,0.000321,0.000000,0.000006,0.000192,0.000114,0.000256,0.000049,0.000212
swap_dynv2,4,1024,4096,0.000306,0.000000,0.000006,0.000180,0.000107,0.000269,0.000049,0.000209
swap_dynv2,4,1024,4096,0.000304,0.000000,0.000004,0.000153,0.000088,0.000231,0.000047,0.000198
swap_dynv2,4,1024,4096,0.000308,0.000000,0.000004,0.000159,0.000079,0.000218,0.000046,0.000186
swap_dynv2,4,1024,4096,0.000303,0.000000,0.000007,0.000201,0.000116,0.000262,0.000051,0.000198
swap_dynv2,4,1024,4096,0.000321,0.000000,0.000006,0.000179,0.000107,0.000246,0.000060,0.000207
swap_dynv2,4,1024,4096,0.000342,0.000000,0.000006,0.000161,0.000097,0.000263,0.000060,0.000180
swap_dynv2,4,1024,4096,0.000302,0.000000,0.000005,0.000161,0.000096,0.000252,0.000047,0.000188
swap_dynv2,4,1024,4096,0.000296,0.000000,0.000006,0.000159,0.000093,0.000254,0.000061,0.000188
swap_static,4,1024,262144,0.002780,0.000000,0.000000,0.000710,0.000104,0.000281,0.000085,0.002708
swap_static,4,1024,262144,0.002718,0.000000,0.000000,0.000308,0.000104,0.000257,0.000050,0.002397
swap_static,4,1024,262144,0.002481,0.000000,0.000000,0.000175,0.000102,0.000282,0.000048,0.002660
swap_static,4,1024,262144,0.002569,0.000000,0.000000,0.000181,0.000121,0.000257,0.000054,0.002521
swap_static,4,1024,262144,0.002534,0.000000,0.000000,0.000170,0.000090,0.000244,0.000053,0.002707
swap_static,4,1024,262144,0.002516,0.000000,0.000000,0.000172,0.000113,0.000269,0.000054,0.002748
swap_static,4,1024,262144,0.002598,0.000000,0.000000,0.000165,0.000095,0.000245,0.000075,0.002461
swap_static,4,1024,262144,0.002537,0.000000,0.000000,0.000205,0.000110,0.000252,0.000052,0.002439
swap_static,4,1024,262144,0.002514,0.000000,0.000000,0.000168,0.000102,0.000250,0.000050,0.002471
swap_static,4,1024,262144,0.002475,0.000000,0.000000,0.000164,0.000089,0.000258,0.000047,0.002481
swap_static,4,1024,262144,0.002519,0.000000,0.000000,0.000165,0.000091,0.000271,0.000048,0.002459
swap_static,4,1024,262144,0.002513,0.000000,0.000000,0.000169,0.000094,0.000263,0.000046,0.002516
swap_static,4,1024,262144,0.002536,0.000000,0.000000,0.000178,0.000108,0.000254,0.000048,0.002461
swap_static,4,1024,262144,0.002514,0.000000,0.000000,0.000164,0.000102,0.000246,0.000053,0.002448
swap_static,4,1024,262144,0.002568,0.000000,0.000000,0.000175,0.000108,0.000253,0.000049,0.002434
swap_static,4,1024,262144,0.002549,0.000000,0.000000,0.000164,0.000105,0.000260,0.000048,0.002456
swap_static,4,1024,262144,0.002553,0.000000,0.000000,0.000167,0.000095,0.000261,0.000052,0.002446
swap_static,4,1024,262144,0.002547,0.000000,0.000000,0.000169,0.000106,0.000274,0.000053,0.002677
swap_static,4,1024,262144,0.002566,0.000000,0.000000,0.000160,0.000093,0.000223,0.000047,0.004410
swap_static,4,1024,262144,0.002463,0.000000,0.000000,0.000184,0.000117,0.000283,0.000050,0.002689
swap_static,4,1024,262144,0.002585,0.000000,0.000000,0.000164,0.000093,0.000266,0.000049,0.002711
swap_static,4,1024,262144,0.002503,0.000000,0.000000,0.000167,0.000096,0.000232,0.000047,0.002527
swap_static,4,1024,262144,0.002615,0.000000,0.000000,0.000164,0.000107,0.000264,0.000051,0.002720
swap_static,4,1024,262144,0.002511,0.000000,0.000000,0.000163,0.000094,0.000271,0.000050,0.002743
swap_static,4,1024,262144,0.002618,0.000000,0.000000,0.000171,0.000092,0.000257,0.000058,0.002483
swap_static,4,1024,262144,0.002544,0.000000,0.000000,0.000171,0.000098,0.000251,0.000046,0.002663
swap_static,4,1024,262144,0.002604,0.000000,0.000000,0.000166,0.000100,0.000260,0.000047,0.002478
swap_static,4,1024,262144,0.002560,0.000000,0.000000,0.000200,0.000097,0.000254,0.000047,0.002722
swap_static,4,1024,262144,0.002781,0.000000,0.000000,0.000171,0.000103,0.000249,0.000051,0.002471
swap_static,4,1024,262144,0.002520,0.000000,0.000000,0.000172,0.000110,0.000255,0.000054,0.002470
swap_static,4,1024,262144,0.002529,0.000000,0.000000,0.000166,0.000095,0.000255,0.000047,0.002484
swap_static,4,1024,262144,0.002515,0.000000,0.000000,0.000162,0.000092,0.000245,0.000054,0.002569
swap_static,4,1024,262144,0.002488,0.000000,0.000000,0.000192,0.000110,0.000250,0.000050,0.002523
swap_static,4,1024,262144,0.002565,0.000000,0.000000,0.000178,0.000114,0.000245,0.000047,0.002690
swap_static,4,1024,262144,0.002565,0.000000,0.000000,0.000171,0.000106,0.000252,0.000051,0.002424
swap_static,4,1024,262144,0.002522,0.000000,0.000000,0.000169,0.000108,0.000294,0.000051,0.002583
swap_static,4,1024,262144,0.002555,0.000000,0.000000,0.000169,0.000098,0.000247,0.000051,0.002652
swap_static,4,1024,262144,0.002534,0.000000,0.000000,0.000164,0.000093,0.000248,0.000051,0.002436
swap_static,4,1024,262144,0.002515,0.000000,0.000000,0.000160,0.000093,0.000261,0.000056,0.002691
swap_static,4,1024,262144,0.002591,0.000000,0.000000,0.000168,0.000109,0.000259,0.000049,0.002437
swap_static,4,1024,262144,0.002486,0.000000,0.000000,0.000171,0.000103,0.000258,0.000050,0.002682
swap_static,4,1024,262144,0.002582,0.000000,0.000000,0.000160,0.000090,0.000242,0.000052,0.002452
swap_static,4,1024,262144,0.002556,0.000000,0.000000,0.000163,0.000096,0.000269,0.000048,0.002552
swap_static,4,1024,262144,0.002490,0.000000,0.000000,0.000163,0.000091,0.000247,0.000048,0.002482
swap_static,4,1024,262144,0.002523,0.000000,0.000000,0.000179,0.000120,0.000263,0.000051,0.002699
swap_static,4,1024,262144,0.002480,0.000000,0.000000,0.000167,0.000096,0.000262,0.000052,0.002534
swap_static,4,1024,262144,0.002507,0.000000,0.000000,0.000172,0.000092,0.000246,0.000056,0.002414
swap_static,4,1024,262144,0.002511,0.000000,0.000000,0.000171,0.000102,0.000264,0.000059,0.002410
swap_static,4,1024,262144,0.002556,0.000000,0.000000,0.000168,0.000113,0.000252,0.000047,0.002348
swap_static,4,1024,262144,0.002572,0.000000,0.000000,0.000167,0.000093,0.000259,0.000045,0.002356
swap_static,4,1024,262144,0.002683,0.000000,0.000000,0.000167,0.000098,0.000278,0.000050,0.002514
swap_static,4,1024,262144,0.002545,0.000000,0.000000,0.000170,0.000107,0.000244,0.000047,0.002401
swap_static,4,1024,262144,0.002465,0.000000,0.000000,0.000174,0.000116,0.000271,0.000051,0.002420
swap_static,4,1024,262144,0.002438,0.000000,0.000000,0.000218,0.000120,0.000277,0.000055,0.002731
swap_static,4,1024,262144,0.002529,0.000000,0.000000,0.000163,0.000101,0.000241,0.000054,0.002432
swap_static,4,1024,262144,0.002461,0.000000,0.000000,0.000166,0.000101,0.000261,0.000060,0.002635
swap_static,4,1024,262144,0.002511,0.000000,0.000000,0.000168,0.000101,0.000323,0.000050,0.002436
swap_static,4,1024,262144,0.002479,0.000000,0.000000,0.000167,0.000104,0.000261,0.000049,0.002493
swap_static,4,1024,262144,0.002510,0.000000,0.000000,0.000171,0.000103,0.000278,0.000048,0.002501
swap_static,4,1024,262144,0.002533,0.000000,0.000000,0.000187,0.000116,0.000262,0.000049,0.002460
swap_static,4,1024,262144,0.002532,0.000000,0.000000,0.000165,0.000095,0.000282,0.000052,0.002667
swap_static,4,1024,262144,0.002542,0.000000,0.000000,0.000165,0.000103,0.000255,0.000048,0.002382
swap_static,4,1024,262144,0.002479,0.000000,0.000000,0.000162,0.000096,0.000273,0.000058,0.002527
swap_static,4,1024,262144,0.002572,0.000000,0.000000,0.000163,0.000096,0.000257,0.000198,0.002258
swap_static,4,1024,262144,0.002524,0.000000,0.000000,0.000161,0.000090,0.000263,0.000052,0.002669
swap_static,4,1024,262144,0.002554,0.000000,0.000000,0.000165,0.000098,0.000239,0.000051,0.002444
swap_static,4,1024,262144,0.002471,0.000000,0.000000,0.000177,0.000112,0.000254,0.000049,0.002343
swap_static,4,1024,262144,0.002537,0.000000,0.000000,0.000197,0.000108,0.000316,0.000053,0.002673
swap_static,4,1024,262144,0.002660,0.000000,0.000000,0.000173,0.000097,0.000261,0.000045,0.002444
swap_static,4,1024,262144,0.002501,0.000000,0.000000,0.000177,0.000113,0.000268,0.000051,0.002399
swap_static,4,1024,262144,0.002522,0.000000,0.000000,0.000171,0.000103,0.000262,0.000053,0.002729
swap_static,4,1024,262144,0.002505,0.000000,0.000000,0.000164,0.000091,0.000248,0.000056,0.002449
swap_static,4,1024,262144,0.002434,0.000000,0.000000,0.000166,0.000101,0.000263,0.000047,0.002419
swap_static,4,1024,262144,0.002602,0.000000,0.000000,0.000176,0.000116,0.000263,0.000049,0.002445
swap_static,4,1024,262144,0.002534,0.000000,0.000000,0.000163,0.000100,0.000255,0.000047,0.002363
swap_dynv2,4,1024,262144,0.002896,0.000000,0.000008,0.000733,0.000131,0.000327,0.000052,0.002462
swap_dynv2,4,1024,262144,0.002715,0.000000,0.000007,0.000193,0.000120,0.000291,0.000051,0.002432
swap_dynv2,4,1024,262144,0.002625,0.000000,0.000006,0.000202,0.000117,0.000274,0.000047,0.002493
swap_dynv2,4,1024,262144,0.002644,0.000000,0.000005,0.000168,0.000108,0.000252,0.000051,0.002777
swap_dynv2,4,1024,262144,0.002588,0.000000,0.000007,0.000181,0.000116,0.000259,0.000051,0.002777
swap_dynv2,4,1024,262144,0.002669,0.000000,0.000006,0.000167,0.000096,0.000257,0.000061,0.002491
swap_dynv2,4,1024,262144,0.002684,0.000000,0.000007,0.000185,0.000116,0.000259,0.000049,0.002694
swap_dynv2,4,1024,262144,0.002558,0.000000,0.000006,0.000166,0.000096,0.000252,0.000050,0.002694
swap_dynv2,4,1024,262144,0.002616,0.000000,0.000005,0.000162,0.000097,0.000278,0.000047,0.002438
swap_dynv2,4,1024,262144,0.002605,0.000000,0.000006,0.000173,0.000100,0.000280,0.000057,0.002423
swap_dynv2,4,1024,262144,0.002587,0.000000,0.000006,0.000184,0.000111,0.000242,0.000052,0.002533
swap_dynv2,4,1024,262144,0.002655,0.000000,0.000007,0.000170,0.000118,0.000266,0.000050,0.002710
swap_dynv2,4,1024,262144,0.002670,0.000000,0.000006,0.000178,0.000115,0.000241,0.000049,0.002529
swap_dynv2,4,1024,262144,0.002597,0.000000,0.000005,0.000162,0.000095,0.000263,0.000050,0.002697
swap_dynv2,4,1024,262144,0.002617,0.000000,0.000007,0.000170,0.000112,0.000257,0.000047,0.002689
swap_dynv2,4,1024,262144,0.002480,0.000000,0.000006,0.000164,0.000099,0.000292,0.000051,0.002710
swap_dynv2,4,1024,262144,0.002538,0.000000,0.000005,0.000169,0.000103,0.000253,0.000050,0.002719
swap_dynv2,4,1024,262144,0.002645,0.000000,0.000005,0.000168,0.000093,0.000252,0.000048,0.002512
swap_dynv2,4,1024,262144,0.002589,0.000000,0.000005,0.000169,0.000095,0.000248,0.000052,0.002411
swap_dynv2,4,1024,262144,0.002679,0.000000,0.000005,0.000164,0.000096,0.000262,0.000050,0.002489
swap_dynv2,4,1024,262144,0.002609,0.000000,0.000005,0.000180,0.000102,0.000254,0.000050,0.002694
swap_dynv2,4,1024,262144,0.002676,0.000000,0.000006,0.000210,0.000099,0.000257,0.000049,0.002696
swap_dynv2,4,1024,262144,0.002589,0.000000,0.000006,0.000169,0.000097,0.000263,0.000060,0.002674
swap_dynv2,4,1024,262144,0.002529,0.000000,0.000007,0.000178,0.000123,0.000286,0.000053,0.002497
swap_dynv2,4,1024,262144,0.002649,0.000000,0.000007,0.000180,0.000121,0.000258,0.000048,0.002564
swap_dynv2,4,1024,262144,0.002608,0.000000,0.000007,0.000169,0.000109,0.000267,0.000054,0.002377
swap_dynv2,4,1024,262144,0.002830,0.000000,0.000007,0.000190,0.000118,0.000255,0.000050,0.002478
swap_dynv2,4,1024,262144,0.002564,0.000000,0.000006,0.000167,0.000101,0.000279,0.000052,0.002557
swap_dynv2,4,1024,262144,0.002571,0.000000,0.000007,0.000180,0.000118,0.000263,0.000051,0.002498
swap_dynv2,4,1024,262144,0.002581,0.000000,0.000006,0.000163,0.000097,0.000251,0.000051,0.002690
swap_dynv2,4,1024,262144,0.002708,0.000000,0.000005,0.000169,0.000096,0.000241,0.000051,0.002487
swap_dynv2,4,1024,262144,0.002656,0.000000,0.000007,0.000175,0.000119,0.000281,0.000048,0.002427
swap_dynv2,4,1024,262144,0.002611,0.000000,0.000005,0.000166,0.000095,0.000246,0.000057,0.002522
swap_dynv2,4,1024,262144,0.002671,0.000000,0.000006,0.000166,0.000103,0.000252,0.000048,0.002424
swap_dynv2,4,1024,262144,0.002603,0.000000,0.000006,0.000178,0.000110,0.000250,0.000062,0.002694
swap_dynv2,4,1024,262144,0.002585,0.000000,0.000007,0.000167,0.000106,0.000277,0.000045,0.002721
swap_dynv2,4,1024,262144,0.002676,0.000000,0.000006,0.000168,0.000098,0.000248,0.000050,0.002497
swap_dynv2,4,1024,262144,0.002548,0.000000,0.000007,0.000188,0.000120,0.000272,0.000055,0.002388
swap_dynv2,4,1024,262144,0.002605,0.000000,0.000007,0.000176,0.000112,0.000242,0.000048,0.002737
swap_dynv2,4,1024,262144,0.002676,0.000000,0.000007,0.000186,0.000119,0.000268,0.000047,0.002406
swap_dynv2,4,1024,262144,0.002455,0.000000,0.000005,0.000163,0.000097,0.000251,0.000045,0.002487
swap_dynv2,4,1024,262144,0.002482,0.000000,0.000006,0.000183,0.000113,0.000274,0.000052,0.002757
swap_dynv2,4,1024,262144,0.002571,0.000000,0.000007,0.000174,0.000113,0.000267,0.000050,0.002470
swap_dynv2,4,1024,262144,0.002504,0.000000,0.000006,0.000171,0.000100,0.000259,0.000052,0.002404
swap_dynv2,4,1024,262144,0.002651,0.000000,0.000007,0.000169,0.000111,0.000257,0.000069,0.002684
swap_dynv2,4,1024,262144,0.002617,0.000000,0.000008,0.000181,0.000116,0.000280,0.000057,0.002446
swap_dynv2,4,1024,262144,0.002579,0.000000,0.000006,0.000173,0.000095,0.000262,0.000065,0.002692
swap_dynv2,4,1024,262144,0.002549,0.000000,0.000005,0.000168,0.000095,0.000253,0.000048,0.002720
swap_dynv2,4,1024,262144,0.002667,0.000000,0.000005,0.000160,0.000098,0.000277,0.000050,0.002699
swap_dynv2,4,1024,262144,0.002776,0.000000,0.000006,0.000167,0.000108,0.000263,0.000043,0.002589
swap_dynv2,4,1024,262144,0.002638,0.000000,0.000005,0.000162,0.000098,0.000257,0.000051,0.002451
swap_dynv2,4,1024,262144,0.002640,0.000000,0.000007,0.000175,0.000113,0.000257,0.000049,0.002415
swap_dynv2,4,1024,262144,0.002695,0.000000,0.000006,0.000172,0.000098,0.000250,0.000050,0.002409
swap_dynv2,4,1024,262144,0.002579,0.000000,0.000007,0.000208,0.000121,0.000265,0.000048,0.002697
swap_dynv2,4,1024,262144,0.002576,0.000000,0.000007,0.000186,0.000119,0.000274,0.000050,0.002563
swap_dynv2,4,1024,262144,0.002627,0.000000,0.000006,0.000161,0.000102,0.000248,0.000053,0.002737
swap_dynv2,4,1024,262144,0.002612,0.000000,0.000007,0.000185,0.000127,0.000271,0.000052,0.002408
swap_dynv2,4,1024,262144,0.002554,0.000000,0.000006,0.000171,0.000097,0.000263,0.000049,0.002409
swap_dynv2,4,1024,262144,0.002677,0.000000,0.000007,0.000179,0.000117,0.000253,0.000065,0.002582
swap_dynv2,4,1024,262144,0.002571,0.000000,0.000005,0.000160,0.000095,0.000243,0.000050,0.002695
swap_dynv2,4,1024,262144,0.002710,0.000000,0.000007,0.000174,0.000114,0.000253,0.000050,0.002410
swap_dynv2,4,1024,262144,0.002592,0.000000,0.000005,0.000161,0.000095,0.000333,0.000059,0.002602
swap_dynv2,4,1024,262144,0.002755,0.000000,0.000007,0.000176,0.000107,0.000267,0.000051,0.002518
swap_dynv2,4,1024,262144,0.002599,0.000000,0.000006,0.000163,0.000099,0.000273,0.000065,0.002443
swap_dynv2,4,1024,262144,0.002567,0.000000,0.000007,0.000180,0.000121,0.000251,0.000049,0.002570
swap_dynv2,4,1024,262144,0.002593,0.000000,0.000006,0.000168,0.000096,0.000246,0.000048,0.002489
swap_dynv2,4,1024,262144,0.002616,0.000000,0.000007,0.000184,0.000117,0.000258,0.000050,0.002559
swap_dynv2,4,1024,262144,0.002591,0.000000,0.000007,0.000172,0.000122,0.000262,0.000051,0.002715
swap_dynv2,4,1024,262144,0.002616,0.000000,0.000007,0.000174,0.000105,0.000288,0.000052,0.002500
swap_dynv2,4,1024,262144,0.002612,0.000000,0.000005,0.000164,0.000101,0.000241,0.000067,0.002414
swap_dynv2,4,1024,262144,0.002610,0.000000,0.000007,0.000195,0.000118,0.000254,0.000057,0.002709
swap_dynv2,4,1024,262144,0.002606,0.000000,0.000005,0.000174,0.000106,0.000262,0.000053,0.002576
swap_dynv2,4,1024,262144,0.002570,0.000000,0.000007,0.000181,0.000123,0.000273,0.000049,0.002743
swap_dynv2,4,1024,262144,0.002622,0.000000,0.000006,0.000166,0.000101,0.000288,0.000056,0.002403
swap_dynv2,4,1024,262144,0.002530,0.000000,0.000007,0.000182,0.000113,0.000251,0.000051,0.002503
swap_static,4,1024,16777216,0.147724,0.000000,0.000000,0.000756,0.000121,0.000337,0.000052,0.146401
swap_static,4,1024,16777216,0.146072,0.000000,0.000000,0.000562,0.000141,0.000317,0.000053,0.145267
swap_static,4,1024,16777216,0.145619,0.000000,0.000000,0.000211,0.000142,0.000328,0.000057,0.145522
swap_static,4,1024,16777216,0.145164,0.000000,0.000000,0.000217,0.000132,0.000311,0.000052,0.146764
swap_static,4,1024,16777216,0.144698,0.000000,0.000000,0.000212,0.000136,0.000302,0.000046,0.144189
swap_static,4,1024,16777216,0.142902,0.000000,0.000000,0.000209,0.000154,0.000334,0.000058,0.143617
swap_static,4,1024,16777216,0.143410,0.000000,0.000000,0.000207,0.000127,0.000313,0.000057,0.143366
swap_static,4,1024,16777216,0.143090,0.000000,0.000000,0.000215,0.000123,0.000314,0.000051,0.142679
swap_static,4,1024,16777216,0.142838,0.000000,0.000000,0.000216,0.000135,0.000319,0.000055,0.143142
swap_static,4,1024,16777216,0.143134,0.000000,0.000000,0.000217,0.000127,0.000318,0.000051,0.142724
swap_static,4,1024,16777216,0.143607,0.000000,0.000000,0.000209,0.000116,0.000322,0.000053,0.143017
swap_static,4,1024,16777216,0.143431,0.000000,0.000000,0.000211,0.000129,0.000349,0.000055,0.143254
swap_static,4,1024,16777216,0.143722,0.000000,0.000000,0.000216,0.000127,0.000326,0.000051,0.147021
swap_static,4,1024,16777216,0.146919,0.000000,0.000000,0.000214,0.000155,0.000330,0.000060,0.143218
swap_static,4,1024,16777216,0.146149,0.000000,0.000000,0.000224,0.000162,0.000360,0.000055,0.143850
swap_static,4,1024,16777216,0.143092,0.000000,0.000000,0.000217,0.000158,0.000352,0.000056,0.143204
swap_static,4,1024,16777216,0.146274,0.000000,0.000000,0.000220,0.000132,0.000347,0.000056,0.143202
swap_static,4,1024,16777216,0.145792,0.000000,0.000000,0.000211,0.000138,0.000340,0.000054,0.142431
swap_static,4,1024,16777216,0.144057,0.000000,0.000000,0.000212,0.000149,0.000328,0.000060,0.143066
swap_static,4,1024,16777216,0.143809,0.000000,0.000000,0.000221,0.000120,0.000344,0.000058,0.142058
swap_static,4,1024,16777216,0.142492,0.000000,0.000000,0.000211,0.000131,0.000333,0.000052,0.143515
swap_static,4,1024,16777216,0.142242,0.000000,0.000000,0.000212,0.000130,0.000327,0.000056,0.142121
swap_static,4,1024,16777216,0.143588,0.000000,0.000000,0.000213,0.000135,0.000330,0.000062,0.146869
swap_static,4,1024,16777216,0.143327,0.000000,0.000000,0.000212,0.000143,0.000338,0.000052,0.144101
swap_static,4,1024,16777216,0.143762,0.000000,0.000000,0.000219,0.000137,0.000334,0.000060,0.142785
swap_static,4,1024,16777216,0.143563,0.000000,0.000000,0.000216,0.000155,0.000338,0.000054,0.143123
swap_static,4,1024,16777216,0.143696,0.000000,0.000000,0.000216,0.000138,0.000347,0.000055,0.142687
swap_static,4,1024,16777216,0.142642,0.000000,0.000000,0.000207,0.000136,0.000345,0.000055,0.142886
swap_static,4,1024,16777216,0.142552,0.000000,0.000000,0.000208,0.000135,0.000341,0.000052,0.142427
swap_static,4,1024,16777216,0.141694,0.000000,0.000000,0.000211,0.000129,0.000344,0.000071,0.141997
swap_static,4,1024,16777216,0.142682,0.000000,0.000000,0.000208,0.000128,0.000327,0.000054,0.142531
swap_static,4,1024,16777216,0.145113,0.000000,0.000000,0.000213,0.000147,0.000315,0.000058,0.142961
swap_static,4,1024,16777216,0.143666,0.000000,0.000000,0.000206,0.000133,0.000326,0.000058,0.143700
swap_static,4,1024,16777216,0.146343,0.000000,0.000000,0.000209,0.000139,0.000344,0.000062,0.143062
swap_static,4,1024,16777216,0.143639,0.000000,0.000000,0.000211,0.000141,0.000333,0.000052,0.143891
swap_static,4,1024,16777216,0.143289,0.000000,0.000000,0.000212,0.000121,0.000304,0.000061,0.142906
swap_static,4,1024,16777216,0.143418,0.000000,0.000000,0.000210,0.000142,0.000346,0.000055,0.141930
swap_static,4,1024,16777216,0.143363,0.000000,0.000000,0.000218,0.000143,0.000337,0.000061,0.143514
swap_static,4,1024,16777216,0.144977,0.000000,0.000000,0.000213,0.000127,0.000309,0.000057,0.142693
swap_static,4,1024,16777216,0.145013,0.000000,0.000000,0.000219,0.000139,0.000331,0.000064,0.143179
swap_static,4,1024,16777216,0.143030,0.000000,0.000000,0.000209,0.000127,0.000331,0.000058,0.143005
swap_static,4,1024,16777216,0.141895,0.000000,0.000000,0.000218,0.000142,0.000333,0.000054,0.143096
swap_static,4,1024,16777216,0.142894,0.000000,0.000000,0.000211,0.000143,0.000342,0.000057,0.143182
swap_static,4,1024,16777216,0.142677,0.000000,0.000000,0.000219,0.000130,0.000314,0.000051,0.142965
swap_static,4,1024,16777216,0.142439,0.000000,0.000000,0.000215,0.000144,0.000341,0.000057,0.142431
swap_static,4,1024,16777216,0.143239,0.000000,0.000000,0.000217,0.000135,0.000307,0.000055,0.141124
swap_static,4,1024,16777216,0.142657,0.000000,0.000000,0.000217,0.000141,0.000330,0.000058,0.141700
swap_static,4,1024,16777216,0.142931,0.000000,0.000000,0.000207,0.000141,0.000326,0.000065,0.145620
swap_static,4,1024,16777216,0.144420,0.000000,0.000000,0.000214,0.000150,0.000325,0.000057,0.142266
swap_static,4,1024,16777216,0.141733,0.000000,0.000000,0.000215,0.000139,0.000324,0.000052,0.142705
swap_static,4,1024,16777216,0.142659,0.000000,0.000000,0.000215,0.000143,0.000318,0.000056,0.143114
swap_static,4,1024,16777216,0.142349,0.000000,0.000000,0.000213,0.000132,0.000325,0.000058,0.141303
swap_static,4,1024,16777216,0.142620,0.000000,0.000000,0.000211,0.000146,0.000333,0.000066,0.143395
swap_static,4,1024,16777216,0.143032,0.000000,0.000000,0.000210,0.000127,0.000342,0.000059,0.143893
swap_static,4,1024,16777216,0.146860,0.000000,0.000000,0.000213,0.000139,0.000325,0.000127,0.141877
swap_static,4,1024,16777216,0.142520,0.000000,0.000000,0.000218,0.000139,0.000330,0.000053,0.143797
swap_static,4,1024,16777216,0.143170,0.000000,0.000000,0.000214,0.000126,0.000330,0.000054,0.142806
swap_static,4,1024,16777216,0.142576,0.000000,0.000000,0.000209,0.000124,0.000318,0.000052,0.142547
swap_static,4,1024,16777216,0.143528,0.000000,0.000000,0.000210,0.000135,0.000317,0.000059,0.143270
swap_static,4,1024,16777216,0.143356,0.000000,0.000000,0.000213,0.000143,0.000332,0.000057,0.143110
swap_static,4,1024,16777216,0.141518,0.000000,0.000000,0.000208,0.000119,0.000322,0.000056,0.142774
swap_static,4,1024,16777216,0.146088,0.000000,0.000000,0.000208,0.000128,0.000334,0.000057,0.143041
swap_static,4,1024,16777216,0.144329,0.000000,0.000000,0.000208,0.000141,0.000308,0.000054,0.143428
swap_static,4,1024,16777216,0.141891,0.000000,0.000000,0.000209,0.000121,0.000330,0.000055,0.141417
swap_static,4,1024,16777216,0.144018,0.000000,0.000000,0.000211,0.000143,0.000311,0.000047,0.142950
swap_static,4,1024,16777216,0.143890,0.000000,0.000000,0.000213,0.000148,0.000342,0.000056,0.143424
swap_static,4,1024,16777216,0.142920,0.000000,0.000000,0.000212,0.000111,0.000325,0.000056,0.143083
swap_static,4,1024,16777216,0.143681,0.000000,0.000000,0.000212,0.000137,0.000326,0.000061,0.142589
swap_static,4,1024,16777216,0.143584,0.000000,0.000000,0.000210,0.000137,0.000334,0.000065,0.142680
swap_static,4,1024,16777216,0.144471,0.000000,0.000000,0.000211,0.000125,0.000352,0.000053,0.143214
swap_static,4,1024,16777216,0.142952,0.000000,0.000000,0.000211,0.000128,0.000341,0.000052,0.142827
swap_static,4,1024,16777216,0.143700,0.000000,0.000000,0.000209,0.000129,0.000342,0.000053,0.142427
swap_static,4,1024,16777216,0.146614,0.000000,0.000000,0.000224,0.000140,0.000331,0.000059,0.145525
swap_static,4,1024,16777216,0.143829,0.000000,0.000000,0.000207,0.000130,0.000322,0.000058,0.143513
swap_static,4,1024,16777216,0.143264,0.000000,0.000000,0.000214,0.000137,0.000313,0.000053,0.142485
swap_dynv2,4,1024,16777216,0.149735,0.000000,0.000011,0.000748,0.000150,0.000352,0.000062,0.151020
swap_dynv2,4,1024,16777216,0.148317,0.000000,0.000010,0.000348,0.000173,0.000314,0.000052,0.144783
swap_dynv2,4,1024,16777216,0.147085,0.000000,0.000009,0.000211,0.000138,0.000329,0.000053,0.148036
swap_dynv2,4,1024,16777216,0.148439,0.000000,0.000010,0.000226,0.000136,0.000333,0.000056,0.148571
swap_dynv2,4,1024,16777216,0.146049,0.000000,0.000010,0.000228,0.000148,0.000304,0.000059,0.145485
swap_dynv2,4,1024,16777216,0.147064,0.000000,0.000009,0.000215,0.000157,0.000329,0.000056,0.145826
swap_dynv2,4,1024,16777216,0.145896,0.000000,0.000009,0.000215,0.000153,0.000320,0.000056,0.145039
swap_dynv2,4,1024,16777216,0.146016,0.000000,0.000011,0.000215,0.000155,0.000334,0.000063,0.144952
swap_dynv2,4,1024,16777216,0.145736,0.000000,0.000010,0.000224,0.000151,0.000322,0.000052,0.146449
swap_dynv2,4,1024,16777216,0.146412,0.000000,0.000009,0.000215,0.000148,0.000327,0.000051,0.146665
swap_dynv2,4,1024,16777216,0.146211,0.000000,0.000010,0.000221,0.000153,0.000325,0.000053,0.147049
swap_dynv2,4,1024,16777216,0.149136,0.000000,0.000008,0.000213,0.000139,0.000308,0.000052,0.147547
swap_dynv2,4,1024,16777216,0.147071,0.000000,0.000009,0.000216,0.000154,0.000333,0.000056,0.146967
swap_dynv2,4,1024,16777216,0.145773,0.000000,0.000008,0.000222,0.000147,0.000322,0.000052,0.146592
swap_dynv2,4,1024,16777216,0.146337,0.000000,0.000009,0.000223,0.000148,0.000326,0.000065,0.146252
swap_dynv2,4,1024,16777216,0.146545,0.000000,0.000011,0.000227,0.000151,0.000316,0.000051,0.146786
swap_dynv2,4,1024,16777216,0.146533,0.000000,0.000008,0.000224,0.000137,0.000312,0.000056,0.147376
swap_dynv2,4,1024,16777216,0.147095,0.000000,0.000009,0.000216,0.000158,0.000317,0.000059,0.145706
swap_dynv2,4,1024,16777216,0.146162,0.000000,0.000009,0.000216,0.000143,0.000320,0.000054,0.146701
swap_dynv2,4,1024,16777216,0.146478,0.000000,0.000009,0.000217,0.000147,0.000346,0.000061,0.146349
swap_dynv2,4,1024,16777216,0.146561,0.000000,0.000010,0.000215,0.000155,0.000328,0.000054,0.147487
swap_dynv2,4,1024,16777216,0.146559,0.000000,0.000009,0.000216,0.000143,0.000322,0.000057,0.146785
swap_dynv2,4,1024,16777216,0.145890,0.000000,0.000009,0.000221,0.000144,0.000330,0.000054,0.145605
swap_dynv2,4,1024,16777216,0.145852,0.000000,0.000009,0.000209,0.000148,0.000335,0.000066,0.145906
swap_dynv2,4,1024,16777216,0.145835,0.000000,0.000011,0.000229,0.000154,0.000308,0.000058,0.147863
swap_dynv2,4,1024,16777216,0.146694,0.000000,0.000010,0.000219,0.000153,0.000316,0.000052,0.147220
swap_dynv2,4,1024,16777216,0.146162,0.000000,0.000011,0.000223,0.000155,0.000319,0.000055,0.146115
swap_dynv2,4,1024,16777216,0.146416,0.000000,0.000011,0.000222,0.000155,0.000330,0.000055,0.146181
swap_dynv2,4,1024,16777216,0.145866,0.000000,0.000010,0.000219,0.000149,0.000306,0.000062,0.146653
swap_dynv2,4,1024,16777216,0.145488,0.000000,0.000011,0.000220,0.000152,0.000307,0.000053,0.146444
swap_dynv2,4,1024,16777216,0.147090,0.000000,0.000010,0.000218,0.000152,0.000318,0.000058,0.148625
swap_dynv2,4,1024,16777216,0.147775,0.000000,0.000010,0.000218,0.000154,0.000321,0.000053,0.146703
swap_dynv2,4,1024,16777216,0.147280,0.000000,0.000008,0.000217,0.000161,0.000329,0.000070,0.145736
swap_dynv2,4,1024,16777216,0.148927,0.000000,0.000009,0.000217,0.000151,0.000319,0.000056,0.149892
swap_dynv2,4,1024,16777216,0.146039,0.000000,0.000010,0.000219,0.000153,0.000329,0.000053,0.149333
swap_dynv2,4,1024,16777216,0.145960,0.000000,0.000009,0.000212,0.000140,0.000315,0.000053,0.146096
swap_dynv2,4,1024,16777216,0.146487,0.000000,0.000009,0.000214,0.000149,0.000318,0.000053,0.146423
swap_dynv2,4,1024,16777216,0.146334,0.000000,0.000009,0.000203,0.000148,0.000310,0.000064,0.146204
swap_dynv2,4,1024,16777216,0.144968,0.000000,0.000008,0.000214,0.000153,0.000332,0.000065,0.146926
swap_dynv2,4,1024,16777216,0.146161,0.000000,0.000010,0.000212,0.000154,0.000328,0.000053,0.146352
swap_dynv2,4,1024,16777216,0.145345,0.000000,0.000010,0.000214,0.000174,0.000327,0.000058,0.146555
swap_dynv2,4,1024,16777216,0.152274,0.000000,0.000010,0.000219,0.000151,0.000327,0.000064,0.145617
swap_dynv2,4,1024,16777216,0.146768,0.000000,0.000010,0.000220,0.000164,0.000335,0.000054,0.146008
swap_dynv2,4,1024,16777216,0.145849,0.000000,0.000010,0.000217,0.000160,0.000320,0.000066,0.146408
swap_dynv2,4,1024,16777216,0.144587,0.000000,0.000010,0.000219,0.000154,0.000313,0.000058,0.145828
swap_dynv2,4,1024,16777216,0.145275,0.000000,0.000010,0.000216,0.000152,0.000346,0.000056,0.146226
swap_dynv2,4,1024,16777216,0.149736,0.000000,0.000010,0.000214,0.000153,0.000307,0.000052,0.145707
swap_dynv2,4,1024,16777216,0.148786,0.000000,0.000009,0.000218,0.000147,0.000326,0.000054,0.146718
swap_dynv2,4,1024,16777216,0.145790,0.000000,0.000013,0.000224,0.000151,0.000323,0.000057,0.146693
swap_dynv2,4,1024,16777216,0.148505,0.000000,0.000010,0.000231,0.000155,0.000307,0.000059,0.150566
swap_dynv2,4,1024,16777216,0.147135,0.000000,0.000009,0.000222,0.000146,0.000325,0.000058,0.147599
swap_dynv2,4,1024,16777216,0.146093,0.000000,0.000010,0.000222,0.000163,0.000332,0.000056,0.146855
swap_dynv2,4,1024,16777216,0.149043,0.000000,0.000011,0.000215,0.000145,0.000313,0.000058,0.146397
swap_dynv2,4,1024,16777216,0.147193,0.000000,0.000009,0.000215,0.000155,0.000327,0.000053,0.146783
swap_dynv2,4,1024,16777216,0.146500,0.000000,0.000010,0.000224,0.000164,0.000340,0.000054,0.147455
swap_dynv2,4,1024,16777216,0.149075,0.000000,0.000008,0.000213,0.000142,0.000323,0.000058,0.145812
swap_dynv2,4,1024,16777216,0.146105,0.000000,0.000008,0.000216,0.000145,0.000334,0.000056,0.146531
swap_dynv2,4,1024,16777216,0.145187,0.000000,0.000010,0.000217,0.000158,0.000320,0.000052,0.149742
swap_dynv2,4,1024,16777216,0.146040,0.000000,0.000011,0.000212,0.000161,0.000298,0.000054,0.146315
swap_dynv2,4,1024,16777216,0.145521,0.000000,0.000009,0.000224,0.000156,0.000332,0.000055,0.147996
swap_dynv2,4,1024,16777216,0.145885,0.000000,0.000009,0.000217,0.000152,0.000342,0.000057,0.146706
swap_dynv2,4,1024,16777216,0.145354,0.000000,0.000010,0.000230,0.000148,0.000307,0.000055,0.146358
swap_dynv2,4,1024,16777216,0.145927,0.000000,0.000011,0.000224,0.000148,0.000314,0.000055,0.145045
swap_dynv2,4,1024,16777216,0.145207,0.000000,0.000009,0.000215,0.000146,0.000326,0.000056,0.150902
swap_dynv2,4,1024,16777216,0.145886,0.000000,0.000009,0.000221,0.000142,0.000342,0.000056,0.146387
swap_dynv2,4,1024,16777216,0.145475,0.000000,0.000010,0.000226,0.000149,0.000329,0.000057,0.145763
swap_dynv2,4,1024,16777216,0.146097,0.000000,0.000009,0.000217,0.000133,0.000326,0.000057,0.145941
swap_dynv2,4,1024,16777216,0.145878,0.000000,0.000010,0.000206,0.000160,0.000313,0.000058,0.145774
swap_dynv2,4,1024,16777216,0.146443,0.000000,0.000008,0.000218,0.000141,0.000320,0.000062,0.146089
swap_dynv2,4,1024,16777216,0.145671,0.000000,0.000011,0.000222,0.000159,0.000310,0.000059,0.145982
swap_dynv2,4,1024,16777216,0.146702,0.000000,0.000010,0.000218,0.000158,0.000315,0.000054,0.146203
swap_dynv2,4,1024,16777216,0.145009,0.000000,0.000010,0.000222,0.000156,0.000328,0.000053,0.145982
swap_dynv2,4,1024,16777216,0.146762,0.000000,0.000009,0.000215,0.000146,0.000326,0.000053,0.145386
swap_dynv2,4,1024,16777216,0.145452,0.000000,0.000010,0.000217,0.000140,0.000326,0.000052,0.147345
swap_dynv2,4,1024,16777216,0.151080,0.000000,0.000011,0.000243,0.000175,0.000359,0.000061,0.146426
swap_static,8,64,64,0.000283,0.000000,0.000000,0.000079,0.000153,0.000288,0.000061,0.000051
swap_static,8,64,64,0.000222,0.000000,0.000000,0.000063,0.000160,0.000235,0.000052,0.000100
swap_static,8,64,64,0.000205,0.000000,0.000000,0.000060,0.000164,0.000225,0.000051,0.000079
swap_static,8,64,64,0.000206,0.000000,0.000000,0.000049,0.000136,0.000219,0.000048,0.000095
swap_static,8,64,64,0.000201,0.000000,0.000000,0.000062,0.000160,0.000227,0.000057,0.000102
swap_static,8,64,64,0.000206,0.000000,0.000000,0.000047,0.000131,0.000223,0.000048,0.000073
swap_static,8,64,64,0.000227,0.000000,0.000000,0.000062,0.000163,0.000247,0.000060,0.000097
swap_static,8,64,64,0.000227,0.000000,0.000000,0.000060,0.000158,0.000234,0.000052,0.000060
swap_static,8,64,64,0.000211,0.000000,0.000000,0.000048,0.000139,0.000217,0.000050,0.000077
swap_static,8,64,64,0.000205,0.000000,0.000000,0.000048,0.000134,0.000223,0.000112,0.000046
swap_static,8,64,64,0.000215,0.000000,0.000000,0.000046,0.000130,0.000205,0.000047,0.000086
swap_static,8,64,64,0.000204,0.000000,0.000000,0.000048,0.000135,0.000213,0.000047,0.000061
swap_static,8,64,64,0.000290,0.000000,0.000000,0.000051,0.000141,0.000239,0.000051,0.000084
swap_static,8,64,64,0.000212,0.000000,0.000000,0.000074,0.000163,0.000243,0.000051,0.000102
swap_static,8,64,64,0.000219,0.000000,0.000000,0.000062,0.000172,0.000244,0.000056,0.000075
swap_static,8,64,64,0.000200,0.000000,0.000000,0.000047,0.000137,0.000232,0.000052,0.000084
swap_static,8,64,64,0.000207,0.000000,0.000000,0.000054,0.000144,0.000216,0.000048,0.000075
swap_static,8,64,64,0.000251,0.000000,0.000000,0.000049,0.000142,0.000208,0.000065,0.000069
swap_static,8,64,64,0.000193,0.000000,0.000000,0.000049,0.000141,0.000195,0.000047,0.000071
swap_static,8,64,64,0.000223,0.000000,0.000000,0.000064,0.000169,0.000244,0.000052,0.000075
swap_static,8,64,64,0.000191,0.000000,0.000000,0.000050,0.000140,0.000214,0.000059,0.000073
swap_static,8,64,64,0.000199,0.000000,0.000000,0.000048,0.000132,0.000205,0.000048,0.000085
swap_static,8,64,64,0.000207,0.000000,0.000000,0.000064,0.000224,0.000256,0.000053,0.000083
swap_static,8,64,64,0.000192,0.000000,0.000000,0.000049,0.000142,0.000225,0.000055,0.000073
swap_static,8,64,64,0.000191,0.000000,0.000000,0.000047,0.000131,0.000202,0.000049,0.000075
swap_static,8,64,64,0.000230,0.000000,0.000000,0.000052,0.000150,0.000215,0.000047,0.000060
swap_static,8,64,64,0.000187,0.000000,0.000000,0.000050,0.000194,0.000216,0.000049,0.000071
swap_static,8,64,64,0.000210,0.000000,0.000000,0.000063,0.000169,0.000246,0.000049,0.000078
swap_static,8,64,64,0.000206,0.000000,0.000000,0.000049,0.000142,0.000361,0.000054,0.000086
swap_static,8,64,64,0.000207,0.000000,0.000000,0.000064,0.000164,0.000234,0.000053,0.000081
swap_static,8,64,64,0.000200,0.000000,0.000000,0.000055,0.000155,0.000218,0.000048,0.000072
swap_static,8,64,64,0.000219,0.000000,0.000000,0.000064,0.000165,0.000227,0.000050,0.000074
swap_static,8,64,64,0.000205,0.000000,0.000000,0.000062,0.000160,0.000230,0.000062,0.000087
swap_static,8,64,64,0.000212,0.000000,0.000000,0.000056,0.000152,0.000272,0.000057,0.000080
swap_static,8,64,64,0.000205,0.000000,0.000000,0.000047,0.000133,0.000215,0.000046,0.000080
swap_static,8,64,64,0.000204,0.000000,0.000000,0.000049,0.000140,0.000212,0.000060,0.000079
swap_static,8,64,64,0.000188,0.000000,0.000000,0.000049,0.000146,0.000217,0.000055,0.000074
swap_static,8,64,64,0.000196,0.000000,0.000000,0.000048,0.000133,0.000203,0.000087,0.000074
swap_static,8,64,64,0.000207,0.000000,0.000000,0.000049,0.000134,0.000215,0.000109,0.000017
swap_static,8,64,64,0.000215,0.000000,0.000000,0.000064,0.000161,0.000238,0.000055,0.000077
swap_static,8,64,64,0.000207,0.000000,0.000000,0.000051,0.000158,0.000224,0.000057,0.000067
swap_static,8,64,64,0.000202,0.000000,0.000000,0.000049,0.000141,0.000218,0.000053,0.000082
swap_static,8,64,64,0.000220,0.000000,0.000000,0.000048,0.000137,0.000198,0.000048,0.000074
swap_static,8,64,64,0.000205,0.000000,0.000000,0.000048,0.000139,0.000203,0.000048,0.000092
swap_static,8,64,64,0.000226,0.000000,0.000000,0.000065,0.000179,0.000252,0.000061,0.000076
swap_static,8,64,64,0.000193,0.000000,0.000000,0.000048,0.000136,0.000207,0.000056,0.000096
swap_static,8,64,64,0.000207,0.000000,0.000000,0.000048,0.000134,0.000204,0.000048,0.000091
swap_static,8,64,64,0.000214,0.000000,0.000000,0.000053,0.000155,0.000215,0.000048,0.000077
swap_static,8,64,64,0.000212,0.000000,0.000000,0.000051,0.000144,0.000222,0.000049,0.000083
swap_static,8,64,64,0.000211,0.000000,0.000000,0.000063,0.000164,0.000238,0.000048,0.000096
swap_static,8,64,64,0.000223,0.000000,0.000000,0.000062,0.000155,0.000233,0.000047,0.000103
swap_static,8,64,64,0.000212,0.000000,0.000000,0.000054,0.000152,0.000217,0.000050,0.000077
swap_static,8,64,64,0.000214,0.000000,0.000000,0.000055,0.000151,0.000221,0.000050,0.000073
swap_static,8,64,64,0.000193,0.000000,0.000000,0.000049,0.000132,0.000212,0.000049,0.000085
swap_static,8,64,64,0.000190,0.000000,0.000000,0.000047,0.000138,0.000210,0.000052,0.000074
swap_static,8,64,64,0.000334,0.000000,0.000000,0.000054,0.000152,0.000223,0.000051,0.000072
swap_static,8,64,64,0.000212,0.000000,0.000000,0.000070,0.000166,0.000242,0.000049,0.000096
swap_static,8,64,64,0.000210,0.000000,0.000000,0.000046,0.000134,0.000206,0.000048,0.000078
swap_static,8,64,64,0.000191,0.000000,0.000000,0.000046,0.000141,0.000207,0.000050,0.000088
swap_static,8,64,64,0.000206,0.000000,0.000000,0.000052,0.000144,0.000204,0.000049,0.000089
swap_static,8,64,64,0.000215,0.000000,0.000000,0.000055,0.000144,0.000214,0.000050,0.000079
swap_static,8,64,64,0.000191,0.000000,0.000000,0.000043,0.000132,0.000204,0.000050,0.000071
swap_static,8,64,64,0.000197,0.000000,0.000000,0.000047,0.000141,0.000208,0.000058,0.000068
swap_static,8,64,64,0.000213,0.000000,0.000000,0.000064,0.000185,0.000248,0.000051,0.000092
swap_static,8,64,64,0.000207,0.000000,0.000000,0.000060,0.000254,0.000237,0.000054,0.000097
swap_static,8,64,64,0.000218,0.000000,0.000000,0.000048,0.000136,0.000229,0.000050,0.000076
swap_static,8,64,64,0.000195,0.000000,0.000000,0.000047,0.000140,0.000209,0.000049,0.000084
swap_static,8,64,64,0.000212,0.000000,0.000000,0.000049,0.000154,0.000231,0.000061,0.000073
swap_static,8,64,64,0.000197,0.000000,0.000000,0.000049,0.000239,0.000219,0.000052,0.000072
swap_static,8,64,64,0.000190,0.000000,0.000000,0.000046,0.000137,0.000204,0.000046,0.000088
swap_static,8,64,64,0.000198,0.000000,0.000000,0.000064,0.000168,0.000233,0.000052,0.000075
swap_static,8,64,64,0.000217,0.000000,0.000000,0.000047,0.000135,0.000207,0.000048,0.000089
swap_static,8,64,64,0.000207,0.000000,0.000000,0.000062,0.000294,0.000251,0.000053,0.000094
swap_static,8,64,64,0.000193,0.000000,0.000000,0.000060,0.000164,0.000220,0.000049,0.000087
swap_static,8,64,64,0.000180,0.000000,0.000000,0.000048,0.000139,0.000202,0.000045,0.000081
swap_dynv2,8,64,64,0.000277,0.000000,0.000006,0.000056,0.000156,0.000295,0.000063,0.000076
swap_dynv2,8,64,64,0.000227,0.000000,0.000007,0.000060,0.000153,0.000226,0.000053,0.000076
swap_dynv2,8,64,64,0.000208,0.000000,0.000006,0.000052,0.000145,0.000213,0.000064,0.000057
swap_dynv2,8,64,64,0.000216,0.000000,0.000007,0.000059,0.000171,0.000226,0.000061,0.000079
swap_dynv2,8,64,64,0.000217,0.000000,0.000010,0.000075,0.000184,0.000273,0.000059,0.000110
swap_dynv2,8,64,64,0.000207,0.000000,0.000008,0.000066,0.000172,0.000238,0.000056,0.000078
swap_dynv2,8,64,64,0.000228,0.000000,0.000007,0.000066,0.000160,0.000255,0.000056,0.000082
swap_dynv2,8,64,64,0.000242,0.000000,0.000008,0.000067,0.000161,0.000247,0.000056,0.000084
swap_dynv2,8,64,64,0.000197,0.000000,0.000007,0.000055,0.000160,0.000220,0.000051,0.000080
swap_dynv2,8,64,64,0.000214,0.000000,0.000007,0.000057,0.000156,0.000237,0.000086,0.000038
swap_dynv2,8,64,64,0.000201,0.000000,0.000005,0.000048,0.000145,0.000216,0.000050,0.000075
swap_dynv2,8,64,64,0.000193,0.000000,0.000008,0.000065,0.000168,0.000309,0.000056,0.000104
swap_dynv2,8,64,64,0.000201,0.000000,0.000005,0.000048,0.000141,0.000224,0.000051,0.000069
swap_dynv2,8,64,64,0.000227,0.000000,0.000008,0.000065,0.000169,0.000246,0.000054,0.000077
swap_dynv2,8,64,64,0.000234,0.000000,0.000008,0.000065,0.000167,0.000245,0.000056,0.000065
swap_dynv2,8,64,64,0.000294,0.000000,0.000005,0.000049,0.000136,0.000219,0.000052,0.000077
swap_dynv2,8,64,64,0.000197,0.000000,0.000005,0.000049,0.000147,0.000224,0.000056,0.000082
swap_dynv2,8,64,64,0.000188,0.000000,0.000005,0.000049,0.000139,0.000300,0.000060,0.000074
swap_dynv2,8,64,64,0.000197,0.000000,0.000005,0.000049,0.000139,0.000271,0.000069,0.000086
swap_dynv2,8,64,64,0.000201,0.000000,0.000005,0.000048,0.000140,0.000213,0.000045,0.000069
swap_dynv2,8,64,64,0.000211,0.000000,0.000007,0.000055,0.000160,0.000232,0.000049,0.000082
swap_dynv2,8,64,64,0.000206,0.000000,0.000007,0.000053,0.000216,0.000218,0.000057,0.000076
swap_dynv2,8,64,64,0.000216,0.000000,0.000006,0.000048,0.000135,0.000204,0.000050,0.000096
swap_dynv2,8,64,64,0.000207,0.000000,0.000007,0.000052,0.000151,0.000211,0.000050,0.000093
swap_dynv2,8,64,64,0.000218,0.000000,0.000007,0.000057,0.000159,0.000224,0.000058,0.000082
swap_dynv2,8,64,64,0.000202,0.000000,0.000006,0.000052,0.000159,0.000215,0.000046,0.000066
swap_dynv2,8,64,64,0.000230,0.000000,0.000009,0.000067,0.000174,0.000343,0.000111,0.000047
swap_dynv2,8,64,64,0.000203,0.000000,0.000008,0.000066,0.000160,0.000237,0.000056,0.000078
swap_dynv2,8,64,64,0.000203,0.000000,0.000005,0.000052,0.000138,0.000209,0.000049,0.000072
swap_dynv2,8,64,64,0.000226,0.000000,0.000005,0.000057,0.000135,0.000192,0.000045,0.000057
swap_dynv2,8,64,64,0.000193,0.000000,0.000008,0.000067,0.000171,0.000239,0.000053,0.000076
swap_dynv2,8,64,64,0.000186,0.000000,0.000007,0.000056,0.000155,0.000244,0.000080,0.000059
swap_dynv2,8,64,64,0.000220,0.000000,0.000009,0.000067,0.000176,0.000242,0.000064,0.000089
swap_dynv2,8,64,64,0.000208,0.000000,0.000006,0.000051,0.000145,0.000218,0.000073,0.000065
swap_dynv2,8,64,64,0.000218,0.000000,0.000005,0.000052,0.000136,0.000217,0.000056,0.000095
swap_dynv2,8,64,64,0.000185,0.000000,0.000007,0.000053,0.000160,0.000219,0.000049,0.000095
swap_dynv2,8,64,64,0.000198,0.000000,0.000005,0.000051,0.000137,0.000218,0.000053,0.000079
swap_dynv2,8,64,64,0.000190,0.000000,0.000005,0.000051,0.000140,0.000208,0.000046,0.000064
swap_dynv2,8,64,64,0.000225,0.000000,0.000007,0.000055,0.000155,0.000217,0.000051,0.000073
swap_dynv2,8,64,64,0.000206,0.000000,0.000006,0.000054,0.000148,0.000220,0.000049,0.000081
swap_dynv2,8,64,64,0.000220,0.000000,0.000006,0.000056,0.000152,0.000230,0.000046,0.000077
swap_dynv2,8,64,64,0.000222,0.000000,0.000008,0.000062,0.000166,0.000238,0.000057,0.000078
swap_dynv2,8,64,64,0.000302,0.000000,0.000007,0.000064,0.000165,0.000242,0.000049,0.000076
swap_dynv2,8,64,64,0.000210,0.000000,0.000005,0.000055,0.000144,0.000214,0.000050,0.000078
swap_dynv2,8,64,64,0.000194,0.000000,0.000007,0.000056,0.000153,0.000234,0.000054,0.000089
swap_dynv2,8,64,64,0.000206,0.000000,0.000007,0.000053,0.000148,0.000216,0.000117,0.000028
swap_dynv2,8,64,64,0.000205,0.000000,0.000006,0.000053,0.000138,0.000219,0.000055,0.000088
swap_dynv2,8,64,64,0.000239,0.000000,0.000008,0.000066,0.000162,0.000237,0.000065,0.000075
swap_dynv2,8,64,64,0.000228,0.000000,0.000008,0.000068,0.000163,0.000221,0.000056,0.000080
swap_dynv2,8,64,64,0.000205,0.000000,0.000006,0.000050,0.000143,0.000204,0.000117,0.000017
swap_dynv2,8,64,64,0.000220,0.000000,0.000009,0.000068,0.000167,0.000250,0.000048,0.000060
swap_dynv2,8,64,64,0.000211,0.000000,0.000007,0.000058,0.000158,0.000230,0.000050,0.000081
swap_dynv2,8,64,64,0.000236,0.000000,0.000008,0.000070,0.000168,0.000241,0.000052,0.000095
swap_dynv2,8,64,64,0.000208,0.000000,0.000005,0.000049,0.000139,0.000205,0.000050,0.000074
swap_dynv2,8,64,64,0.000215,0.000000,0.000008,0.000065,0.000168,0.000237,0.000052,0.000096
swap_dynv2,8,64,64,0.000220,0.000000,0.000005,0.000050,0.000142,0.000271,0.000057,0.000080
swap_dynv2,8,64,64,0.000205,0.000000,0.000005,0.000049,0.000141,0.000232,0.000059,0.000083
swap_dynv2,8,64,64,0.000205,0.000000,0.000006,0.000050,0.000149,0.000214,0.000054,0.000083
swap_dynv2,8,64,64,0.000226,0.000000,0.000008,0.000067,0.000172,0.000238,0.000053,0.000081
swap_dynv2,8,64,64,0.000228,0.000000,0.000018,0.000064,0.000167,0.000228,0.000052,0.000094
swap_dynv2,8,64,64,0.000215,0.000000,0.000008,0.000074,0.000171,0.000236,0.000059,0.000070
swap_dynv2,8,64,64,0.000232,0.000000,0.000007,0.000066,0.000174,0.000256,0.000061,0.000097
swap_dynv2,8,64,64,0.000201,0.000000,0.000005,0.000048,0.000146,0.000237,0.000076,0.000069
swap_dynv2,8,64,64,0.000218,0.000000,0.000005,0.000049,0.000148,0.000214,0.000049,0.000091
swap_dynv2,8,64,64,0.000238,0.000000,0.000008,0.000064,0.000172,0.000262,0.000058,0.000095
swap_dynv2,8,64,64,0.000244,0.000000,0.000008,0.000062,0.000161,0.000239,0.000052,0.000081
swap_dynv2,8,64,64,0.000242,0.000000,0.000008,0.000064,0.000175,0.000246,0.000052,0.000081
swap_dynv2,8,64,64,0.000200,0.000000,0.000008,0.000063,0.000169,0.000229,0.000051,0.000080
swap_dynv2,8,64,64,0.000195,0.000000,0.000005,0.000048,0.000139,0.000231,0.000062,0.000074
swap_dynv2,8,64,64,0.000224,0.000000,0.000007,0.000064,0.000167,0.000225,0.000065,0.000074
swap_dynv2,8,64,64,0.000197,0.000000,0.000005,0.000052,0.000140,0.000210,0.000050,0.000077
swap_dynv2,8,64,64,0.000232,0.000000,0.000008,0.000069,0.000172,0.000241,0.000051,0.000096
swap_dynv2,8,64,64,0.000223,0.000000,0.000013,0.000068,0.000166,0.000249,0.000070,0.000061
swap_dynv2,8,64,64,0.000195,0.000000,0.000005,0.000052,0.000237,0.000221,0.000054,0.000077
swap_dynv2,8,64,64,0.000211,0.000000,0.000005,0.000050,0.000144,0.000230,0.000053,0.000093
swap_static,8,64,4096,0.000581,0.000000,0.000000,0.000059,0.000141,0.000247,0.000064,0.000354
swap_static,8,64,4096,0.000424,0.000000,0.000000,0.000052,0.000141,0.000236,0.000055,0.000302
swap_static,8,64,4096,0.000400,0.000000,0.000000,0.000054,0.000149,0.000226,0.000053,0.000225
swap_static,8,64,4096,0.000390,0.000000,0.000000,0.000056,0.000151,0.000227,0.000051,0.000240
swap_static,8,64,4096,0.000409,0.000000,0.000000,0.000063,0.000168,0.000246,0.000051,0.000223
swap_static,8,64,4096,0.000398,0.000000,0.000000,0.000059,0.000176,0.000245,0.000059,0.000233
swap_static,8,64,4096,0.000405,0.000000,0.000000,0.000055,0.000146,0.000227,0.000049,0.000239
swap_static,8,64,4096,0.000410,0.000000,0.000000,0.000063,0.000178,0.000255,0.000049,0.000296
swap_static,8,64,4096,0.000424,0.000000,0.000000,0.000060,0.000174,0.000253,0.000052,0.000296
swap_static,8,64,4096,0.000418,0.000000,0.000000,0.000062,0.000153,0.000228,0.000054,0.000296
swap_static,8,64,4096,0.000423,0.000000,0.000000,0.000063,0.000165,0.000231,0.000051,0.000307
swap_static,8,64,4096,0.000394,0.000000,0.000000,0.000060,0.000174,0.000259,0.000050,0.000239
swap_static,8,64,4096,0.000416,0.000000,0.000000,0.000050,0.000151,0.000224,0.000050,0.000305
swap_static,8,64,4096,0.000419,0.000000,0.000000,0.000066,0.000179,0.000242,0.000053,0.000232
swap_static,8,64,4096,0.000396,0.000000,0.000000,0.000052,0.000145,0.000218,0.000051,0.000219
swap_static,8,64,4096,0.000399,0.000000,0.000000,0.000058,0.000176,0.000233,0.000049,0.000210
swap_static,8,64,4096,0.000399,0.000000,0.000000,0.000064,0.000171,0.000219,0.000053,0.000309
swap_static,8,64,4096,0.000420,0.000000,0.000000,0.000049,0.000148,0.000204,0.000049,0.000250
swap_static,8,64,4096,0.000414,0.000000,0.000000,0.000059,0.000162,0.000227,0.000049,0.000234
swap_static,8,64,4096,0.000392,0.000000,0.000000,0.000056,0.000172,0.000221,0.000060,0.000294
swap_static,8,64,4096,0.000433,0.000000,0.000000,0.000050,0.000148,0.000210,0.000048,0.000247
swap_static,8,64,4096,0.000410,0.000000,0.000000,0.000061,0.000177,0.000237,0.000052,0.000238
swap_static,8,64,4096,0.000395,0.000000,0.000000,0.000056,0.000165,0.000228,0.000050,0.000237
swap_static,8,64,4096,0.000408,0.000000,0.000000,0.000057,0.000177,0.000233,0.000049,0.000223
swap_static,8,64,4096,0.000424,0.000000,0.000000,0.000051,0.000145,0.000203,0.000050,0.000303
swap_static,8,64,4096,0.000410,0.000000,0.000000,0.000051,0.000142,0.000215,0.000058,0.000240
swap_static,8,64,4096,0.000389,0.000000,0.000000,0.000054,0.000140,0.000206,0.000048,0.000225
swap_static,8,64,4096,0.000394,0.000000,0.000000,0.000051,0.000140,0.000263,0.000062,0.000305
swap_static,8,64,4096,0.000413,0.000000,0.000000,0.000061,0.000176,0.000242,0.000049,0.000237
swap_static,8,64,4096,0.000400,0.000000,0.000000,0.000059,0.000152,0.000220,0.000048,0.000237
swap_static,8,64,4096,0.000398,0.000000,0.000000,0.000054,0.000159,0.000210,0.000146,0.000143
swap_static,8,64,4096,0.000394,0.000000,0.000000,0.000056,0.000172,0.000230,0.000052,0.000296
swap_static,8,64,4096,0.000397,0.000000,0.000000,0.000056,0.000157,0.000218,0.000049,0.000299
swap_static,8,64,4096,0.000392,0.000000,0.000000,0.000061,0.000177,0.000227,0.000049,0.000234
swap_static,8,64,4096,0.000395,0.000000,0.000000,0.000059,0.000168,0.000222,0.000190,0.000230
swap_static,8,64,4096,0.000402,0.000000,0.000000,0.000062,0.000183,0.000234,0.000051,0.000233
swap_static,8,64,4096,0.000386,0.000000,0.000000,0.000049,0.000146,0.000210,0.000046,0.000307
swap_static,8,64,4096,0.000396,0.000000,0.000000,0.000052,0.000143,0.000212,0.000050,0.000236
swap_static,8,64,4096,0.000389,0.000000,0.000000,0.000066,0.000172,0.000333,0.000052,0.000238
swap_static,8,64,4096,0.000387,0.000000,0.000000,0.000058,0.000151,0.000207,0.000048,0.000233
swap_static,8,64,4096,0.000380,0.000000,0.000000,0.000051,0.000142,0.000198,0.000052,0.000257
swap_static,8,64,4096,0.000395,0.000000,0.000000,0.000057,0.000159,0.000213,0.000048,0.000203
swap_static,8,64,4096,0.000489,0.000000,0.000000,0.000054,0.000149,0.000201,0.000047,0.000238
swap_static,8,64,4096,0.000416,0.000000,0.000000,0.000058,0.000158,0.000318,0.000050,0.000308
swap_static,8,64,4096,0.000387,0.000000,0.000000,0.000049,0.000147,0.000195,0.000048,0.000318
swap_static,8,64,4096,0.000457,0.000000,0.000000,0.000066,0.000185,0.000233,0.000052,0.000361
swap_static,8,64,4096,0.000407,0.000000,0.000000,0.000060,0.000169,0.000256,0.000051,0.000236
swap_static,8,64,4096,0.000380,0.000000,0.000000,0.000051,0.000141,0.000207,0.000049,0.000232
swap_static,8,64,4096,0.000379,0.000000,0.000000,0.000053,0.000154,0.000202,0.000050,0.000226
swap_static,8,64,4096,0.000420,0.000000,0.000000,0.000059,0.000169,0.000233,0.000060,0.000314
swap_static,8,64,4096,0.000405,0.000000,0.000000,0.000060,0.000174,0.000235,0.000055,0.000292
swap_static,8,64,4096,0.000404,0.000000,0.000000,0.000052,0.000147,0.000217,0.000049,0.000301
swap_static,8,64,4096,0.000401,0.000000,0.000000,0.000105,0.000175,0.000244,0.000051,0.000212
swap_static,8,64,4096,0.000399,0.000000,0.000000,0.000053,0.000161,0.000221,0.000049,0.000239
swap_static,8,64,4096,0.000395,0.000000,0.000000,0.000049,0.000148,0.000206,0.000049,0.000300
swap_static,8,64,4096,0.000413,0.000000,0.000000,0.000055,0.000160,0.000230,0.000050,0.000233
swap_static,8,64,4096,0.000389,0.000000,0.000000,0.000052,0.000222,0.000211,0.000056,0.000291
swap_static,8,64,4096,0.000411,0.000000,0.000000,0.000065,0.000176,0.000234,0.000050,0.000235
swap_static,8,64,4096,0.000393,0.000000,0.000000,0.000061,0.000164,0.000229,0.000055,0.000316
swap_static,8,64,4096,0.000423,0.000000,0.000000,0.000054,0.000172,0.000229,0.000052,0.000229
swap_static,8,64,4096,0.000440,0.000000,0.000000,0.000056,0.000172,0.000220,0.000049,0.000227
swap_static,8,64,4096,0.000419,0.000000,0.000000,0.000054,0.000165,0.000233,0.000051,0.000315
swap_static,8,64,4096,0.000411,0.000000,0.000000,0.000050,0.000165,0.000216,0.000049,0.000238
swap_static,8,64,4096,0.000410,0.000000,0.000000,0.000055,0.000158,0.000222,0.000050,0.000225
swap_static,8,64,4096,0.000403,0.000000,0.000000,0.000059,0.000173,0.000231,0.000050,0.000302
swap_static,8,64,4096,0.000423,0.000000,0.000000,0.000060,0.000169,0.000231,0.000248,0.000030
swap_static,8,64,4096,0.000427,0.000000,0.000000,0.000062,0.000167,0.000235,0.000055,0.000291
swap_static,8,64,4096,0.000400,0.000000,0.000000,0.000051,0.000164,0.000235,0.000048,0.000310
swap_static,8,64,4096,0.000396,0.000000,0.000000,0.000049,0.000144,0.000217,0.000048,0.000311
swap_static,8,64,4096,0.000495,0.000000,0.000000,0.000056,0.000153,0.000233,0.000061,0.000300
swap_static,8,64,4096,0.000398,0.000000,0.000000,0.000052,0.000173,0.000207,0.000049,0.000306
swap_static,8,64,4096,0.000393,0.000000,0.000000,0.000050,0.000161,0.000209,0.000047,0.000299
swap_static,8,64,4096,0.000407,0.000000,0.000000,0.000052,0.000143,0.000194,0.000048,0.000393
swap_static,8,64,4096,0.000392,0.000000,0.000000,0.000051,0.000163,0.000214,0.000046,0.000228
swap_static,8,64,4096,0.000404,0.000000,0.000000,0.000051,0.000156,0.000216,0.000049,0.000311
swap_dynv2,8,64,4096,0.000488,0.000000,0.000006,0.000070,0.000144,0.000302,0.000086,0.000299
swap_dynv2,8,64,4096,0.000422,0.000000,0.000008,0.000062,0.000159,0.000251,0.000053,0.000316
swap_dynv2,8,64,4096,0.000402,0.000000,0.000007,0.000059,0.000159,0.000229,0.000073,0.000229
swap_dynv2,8,64,4096,0.000413,0.000000,0.000007,0.000065,0.000167,0.000250,0.000051,0.000316
swap_dynv2,8,64,4096,0.000402,0.000000,0.000005,0.000052,0.000137,0.000223,0.000050,0.000219
swap_dynv2,8,64,4096,0.000391,0.000000,0.000007,0.000057,0.000161,0.000226,0.000052,0.000228
swap_dynv2,8,64,4096,0.000424,0.000000,0.000009,0.000067,0.000191,0.000278,0.000051,0.000226
swap_dynv2,8,64,4096,0.000415,0.000000,0.000008,0.000068,0.000177,0.000252,0.000054,0.000304
swap_dynv2,8,64,4096,0.000402,0.000000,0.000005,0.000054,0.000139,0.000238,0.000062,0.000314
swap_dynv2,8,64,4096,0.000414,0.000000,0.000008,0.000071,0.000169,0.000237,0.000053,0.000218
swap_dynv2,8,64,4096,0.000400,0.000000,0.000006,0.000058,0.000141,0.000229,0.000050,0.000239
swap_dynv2,8,64,4096,0.000402,0.000000,0.000008,0.000065,0.000167,0.000308,0.000054,0.000245
swap_dynv2,8,64,4096,0.000381,0.000000,0.000005,0.000058,0.000143,0.000232,0.000051,0.000220
swap_dynv2,8,64,4096,0.000410,0.000000,0.000006,0.000054,0.000143,0.000225,0.000054,0.000329
swap_dynv2,8,64,4096,0.000410,0.000000,0.000008,0.000068,0.000175,0.000246,0.000049,0.000230
swap_dynv2,8,64,4096,0.000407,0.000000,0.000007,0.000061,0.000152,0.000221,0.000052,0.000298
swap_dynv2,8,64,4096,0.000400,0.000000,0.000005,0.000057,0.000145,0.000225,0.000049,0.000280
swap_dynv2,8,64,4096,0.000397,0.000000,0.000009,0.000070,0.000172,0.000248,0.000051,0.000301
swap_dynv2,8,64,4096,0.000419,0.000000,0.000008,0.000064,0.000168,0.000228,0.000050,0.000297
swap_dynv2,8,64,4096,0.000399,0.000000,0.000007,0.000065,0.000163,0.000237,0.000051,0.000298
swap_dynv2,8,64,4096,0.000379,0.000000,0.000006,0.000055,0.000144,0.000234,0.000046,0.000306
swap_dynv2,8,64,4096,0.000387,0.000000,0.000008,0.000061,0.000170,0.000248,0.000054,0.000301
swap_dynv2,8,64,4096,0.000542,0.000000,0.000006,0.000051,0.000147,0.000223,0.000052,0.000332
swap_dynv2,8,64,4096,0.000396,0.000000,0.000007,0.000063,0.000157,0.000217,0.000049,0.000307
swap_dynv2,8,64,4096,0.000425,0.000000,0.000006,0.000055,0.000137,0.000221,0.000050,0.000231
swap_dynv2,8,64,4096,0.000417,0.000000,0.000007,0.000055,0.000155,0.000224,0.000057,0.000403
swap_dynv2,8,64,4096,0.000423,0.000000,0.000008,0.000065,0.000186,0.000248,0.000052,0.000223
swap_dynv2,8,64,4096,0.000411,0.000000,0.000005,0.000052,0.000143,0.000209,0.000049,0.000300
swap_dynv2,8,64,4096,0.000409,0.000000,0.000008,0.000057,0.000167,0.000226,0.000131,0.000225
swap_dynv2,8,64,4096,0.000420,0.000000,0.000008,0.000065,0.000179,0.000235,0.000052,0.000216
swap_dynv2,8,64,4096,0.000477,0.000000,0.000007,0.000058,0.000152,0.000221,0.000050,0.000309
swap_dynv2,8,64,4096,0.000412,0.000000,0.000008,0.000061,0.000164,0.000327,0.000054,0.000298
swap_dynv2,8,64,4096,0.000421,0.000000,0.000008,0.000060,0.000172,0.000243,0.000049,0.000304
swap_dynv2,8,64,4096,0.000416,0.000000,0.000008,0.000067,0.000175,0.000248,0.000054,0.000277
swap_dynv2,8,64,4096,0.000415,0.000000,0.000008,0.000068,0.000171,0.000252,0.000054,0.000226
swap_dynv2,8,64,4096,0.000400,0.000000,0.000009,0.000081,0.000168,0.000237,0.000051,0.000212
swap_dynv2,8,64,4096,0.000430,0.000000,0.000008,0.000061,0.000155,0.000233,0.000052,0.000337
swap_dynv2,8,64,4096,0.000417,0.000000,0.000007,0.000058,0.000159,0.000232,0.000052,0.000237
swap_dynv2,8,64,4096,0.000379,0.000000,0.000005,0.000054,0.000256,0.000209,0.000064,0.000303
swap_dynv2,8,64,4096,0.000389,0.000000,0.000006,0.000051,0.000147,0.000213,0.000049,0.000236
swap_dynv2,8,64,4096,0.000412,0.000000,0.000009,0.000064,0.000175,0.000242,0.000065,0.000240
swap_dynv2,8,64,4096,0.000396,0.000000,0.000005,0.000052,0.000141,0.000220,0.000050,0.000300
swap_dynv2,8,64,4096,0.000424,0.000000,0.000005,0.000061,0.000141,0.000217,0.000050,0.000296
swap_dynv2,8,64,4096,0.000403,0.000000,0.000005,0.000051,0.000147,0.000223,0.000050,0.000246
swap_dynv2,8,64,4096,0.000393,0.000000,0.000006,0.000055,0.000144,0.000218,0.000053,0.000241
swap_dynv2,8,64,4096,0.000401,0.000000,0.000006,0.000050,0.000145,0.000231,0.000049,0.000300
swap_dynv2,8,64,4096,0.000413,0.000000,0.000005,0.000053,0.000146,0.000214,0.000064,0.000210
swap_dynv2,8,64,4096,0.000464,0.000000,0.000009,0.000065,0.000179,0.000260,0.000058,0.000404
swap_dynv2,8,64,4096,0.000426,0.000000,0.000007,0.000057,0.000152,0.000221,0.000049,0.000219
swap_dynv2,8,64,4096,0.000417,0.000000,0.000008,0.000067,0.000175,0.000237,0.000053,0.000304
swap_dynv2,8,64,4096,0.000418,0.000000,0.000007,0.000065,0.000169,0.000229,0.000053,0.000222
swap_dynv2,8,64,4096,0.000417,0.000000,0.000007,0.000061,0.000146,0.000224,0.000062,0.000215
swap_dynv2,8,64,4096,0.000405,0.000000,0.000007,0.000055,0.000151,0.000228,0.000048,0.000226
swap_dynv2,8,64,4096,0.000402,0.000000,0.000005,0.000051,0.000148,0.000218,0.000055,0.000313
swap_dynv2,8,64,4096,0.000420,0.000000,0.000005,0.000052,0.000143,0.000211,0.000048,0.000220
swap_dynv2,8,64,4096,0.000416,0.000000,0.000007,0.000055,0.000154,0.000222,0.000051,0.000258
swap_dynv2,8,64,4096,0.000422,0.000000,0.000008,0.000068,0.000230,0.000253,0.000064,0.000244
swap_dynv2,8,64,4096,0.000395,0.000000,0.000008,0.000062,0.000166,0.000229,0.000048,0.000232
swap_dynv2,8,64,4096,0.000427,0.000000,0.000006,0.000056,0.000144,0.000227,0.000048,0.000323
swap_dynv2,8,64,4096,0.000401,0.000000,0.000008,0.000062,0.000285,0.000243,0.000050,0.000241
swap_dynv2,8,64,4096,0.000407,0.000000,0.000008,0.000064,0.000173,0.000239,0.000054,0.000236
swap_dynv2,8,64,4096,0.000421,0.000000,0.000006,0.000049,0.000138,0.000207,0.000051,0.000242
swap_dynv2,8,64,4096,0.000407,0.000000,0.000006,0.000052,0.000140,0.000229,0.000052,0.000240
swap_dynv2,8,64,4096,0.000464,0.000000,0.000006,0.000058,0.000147,0.000225,0.000051,0.000314
swap_dynv2,8,64,4096,0.000415,0.000000,0.000008,0.000061,0.000172,0.000245,0.000099,0.000221
swap_dynv2,8,64,4096,0.000409,0.000000,0.000008,0.000064,0.000174,0.000221,0.000054,0.000306
swap_dynv2,8,64,4096,0.000450,0.000000,0.000008,0.000059,0.000160,0.000238,0.000051,0.000220
swap_dynv2,8,64,4096,0.000414,0.000000,0.000007,0.000059,0.000152,0.000224,0.000049,0.000225
swap_dynv2,8,64,4096,0.000410,0.000000,0.000005,0.000051,0.000142,0.000222,0.000051,0.000232
swap_dynv2,8,64,4096,0.000409,0.000000,0.000007,0.000056,0.000161,0.000214,0.000053,0.000219
swap_dynv2,8,64,4096,0.000430,0.000000,0.000008,0.000065,0.000167,0.000241,0.000058,0.000333
swap_dynv2,8,64,4096,0.000412,0.000000,0.000008,0.000064,0.000170,0.000238,0.000052,0.000295
swap_dynv2,8,64,4096,0.000402,0.000000,0.000008,0.000064,0.000164,0.000232,0.000055,0.000229
swap_dynv2,8,64,4096,0.000470,0.000000,0.000007,0.000061,0.000160,0.000227,0.000051,0.000306
swap_dynv2,8,64,4096,0.000385,0.000000,0.000005,0.000051,0.000146,0.000219,0.000048,0.000235
swap_static,8,64,262144,0.002563,0.000000,0.000000,0.000076,0.000173,0.000279,0.000057,0.002330
swap_static,8,64,262144,0.002567,0.000000,0.000000,0.000068,0.000175,0.000268,0.000053,0.002314
swap_static,8,64,262144,0.002381,0.000000,0.000000,0.000057,0.000154,0.000236,0.000090,0.002649
swap_static,8,64,262144,0.002500,0.000000,0.000000,0.000062,0.000165,0.000244,0.000053,0.002283
swap_static,8,64,262144,0.002435,0.000000,0.000000,0.000061,0.000162,0.000245,0.000054,0.002276
swap_static,8,64,262144,0.002439,0.000000,0.000000,0.000058,0.000152,0.000229,0.000068,0.002298
swap_static,8,64,262144,0.002515,0.000000,0.000000,0.000062,0.000178,0.000281,0.000057,0.002298
swap_static,8,64,262144,0.002473,0.000000,0.000000,0.000059,0.000161,0.000234,0.000051,0.002305
swap_static,8,64,262144,0.002388,0.000000,0.000000,0.000062,0.000178,0.000250,0.000053,0.002213
swap_static,8,64,262144,0.002419,0.000000,0.000000,0.000069,0.000168,0.000259,0.000051,0.002242
swap_static,8,64,262144,0.002491,0.000000,0.000000,0.000061,0.000148,0.000226,0.000053,0.002431
swap_static,8,64,262144,0.002575,0.000000,0.000000,0.000064,0.000168,0.000238,0.000066,0.002232
swap_static,8,64,262144,0.002434,0.000000,0.000000,0.000058,0.000150,0.000277,0.000062,0.002257
swap_static,8,64,262144,0.002456,0.000000,0.000000,0.000063,0.000176,0.000253,0.000047,0.002316
swap_static,8,64,262144,0.002472,0.000000,0.000000,0.000068,0.000175,0.000255,0.000055,0.002532
swap_static,8,64,262144,0.002401,0.000000,0.000000,0.000062,0.000164,0.000239,0.000068,0.002309
swap_static,8,64,262144,0.002425,0.000000,0.000000,0.000058,0.000153,0.000235,0.000052,0.002230
swap_static,8,64,262144,0.002428,0.000000,0.000000,0.000063,0.000173,0.000254,0.000051,0.002261
swap_static,8,64,262144,0.002376,0.000000,0.000000,0.000059,0.000156,0.000240,0.000059,0.003475
swap_static,8,64,262144,0.002502,0.000000,0.000000,0.000064,0.000155,0.000239,0.000065,0.002298
swap_static,8,64,262144,0.002465,0.000000,0.000000,0.000063,0.000177,0.000269,0.000055,0.002236
swap_static,8,64,262144,0.002428,0.000000,0.000000,0.000060,0.000157,0.000232,0.000051,0.002448
swap_static,8,64,262144,0.002445,0.000000,0.000000,0.000056,0.000158,0.000235,0.000047,0.002224
swap_static,8,64,262144,0.002394,0.000000,0.000000,0.000059,0.000169,0.000245,0.000046,0.003125
swap_static,8,64,262144,0.002495,0.000000,0.000000,0.000061,0.000160,0.000239,0.000050,0.003447
swap_static,8,64,262144,0.002481,0.000000,0.000000,0.000060,0.000150,0.000247,0.000061,0.002230
swap_static,8,64,262144,0.002473,0.000000,0.000000,0.000058,0.000163,0.000241,0.000052,0.003590
swap_static,8,64,262144,0.002477,0.000000,0.000000,0.000059,0.000165,0.000258,0.000051,0.002625
swap_static,8,64,262144,0.002501,0.000000,0.000000,0.000053,0.000147,0.000225,0.000049,0.003649
swap_static,8,64,262144,0.002497,0.000000,0.000000,0.000061,0.000172,0.000264,0.000058,0.002294
swap_static,8,64,262144,0.002498,0.000000,0.000000,0.000060,0.000186,0.000257,0.000050,0.003870
swap_static,8,64,262144,0.002503,0.000000,0.000000,0.000057,0.000161,0.000303,0.000049,0.002573
swap_static,8,64,262144,0.002455,0.000000,0.000000,0.000055,0.000162,0.000240,0.000059,0.003702
swap_static,8,64,262144,0.002475,0.000000,0.000000,0.000058,0.000163,0.000258,0.000049,0.002314
swap_static,8,64,262144,0.002445,0.000000,0.000000,0.000092,0.000166,0.000240,0.000057,0.002302
swap_static,8,64,262144,0.002438,0.000000,0.000000,0.000061,0.000162,0.000236,0.000052,0.002485
swap_static,8,64,262144,0.002403,0.000000,0.000000,0.000061,0.000163,0.000237,0.000054,0.002323
swap_static,8,64,262144,0.002463,0.000000,0.000000,0.000063,0.000179,0.000259,0.000048,0.002634
swap_static,8,64,262144,0.002467,0.000000,0.000000,0.000063,0.000168,0.000278,0.000051,0.002296
swap_static,8,64,262144,0.002489,0.000000,0.000000,0.000061,0.000165,0.000251,0.000110,0.002222
swap_static,8,64,262144,0.002451,0.000000,0.000000,0.000065,0.000176,0.000265,0.000055,0.002665
swap_static,8,64,262144,0.002484,0.000000,0.000000,0.000058,0.000157,0.000246,0.000052,0.002562
swap_static,8,64,262144,0.002482,0.000000,0.000000,0.000066,0.000192,0.000262,0.000062,0.002564
swap_static,8,64,262144,0.002557,0.000000,0.000000,0.000062,0.000173,0.000247,0.000052,0.002280
swap_static,8,64,262144,0.002444,0.000000,0.000000,0.000060,0.000167,0.000238,0.000062,0.002668
swap_static,8,64,262144,0.002470,0.000000,0.000000,0.000057,0.000150,0.000239,0.000051,0.003596
swap_static,8,64,262144,0.002444,0.000000,0.000000,0.000064,0.000177,0.000253,0.000060,0.002242
swap_static,8,64,262144,0.002454,0.000000,0.000000,0.000054,0.000153,0.000253,0.000051,0.002309
swap_static,8,64,262144,0.002425,0.000000,0.000000,0.000060,0.000194,0.000236,0.000054,0.002544
swap_static,8,64,262144,0.002428,0.000000,0.000000,0.000058,0.000162,0.000246,0.000053,0.002370
swap_static,8,64,262144,0.002402,0.000000,0.000000,0.000056,0.000151,0.000232,0.000050,0.002325
swap_static,8,64,262144,0.002432,0.000000,0.000000,0.000060,0.000165,0.000256,0.000062,0.002631
swap_static,8,64,262144,0.002458,0.000000,0.000000,0.000054,0.000155,0.000258,0.000050,0.002198
swap_static,8,64,262144,0.002583,0.000000,0.000000,0.000059,0.000175,0.000250,0.000054,0.002202
swap_static,8,64,262144,0.002495,0.000000,0.000000,0.000061,0.000173,0.000238,0.000053,0.002274
swap_static,8,64,262144,0.002375,0.000000,0.000000,0.000060,0.000159,0.000251,0.000071,0.002230
swap_static,8,64,262144,0.002421,0.000000,0.000000,0.000058,0.000157,0.000234,0.000105,0.002278
swap_static,8,64,262144,0.002392,0.000000,0.000000,0.000056,0.000153,0.000257,0.000055,0.002618
swap_static,8,64,262144,0.002480,0.000000,0.000000,0.000064,0.000176,0.000247,0.000054,0.003581
swap_static,8,64,262144,0.002441,0.000000,0.000000,0.000055,0.000162,0.000239,0.000058,0.002287
swap_static,8,64,262144,0.002453,0.000000,0.000000,0.000056,0.000159,0.000252,0.000056,0.002619
swap_static,8,64,262144,0.002457,0.000000,0.000000,0.000061,0.000176,0.000247,0.000054,0.002240
swap_static,8,64,262144,0.002466,0.000000,0.000000,0.000053,0.000156,0.000257,0.000060,0.002400
swap_static,8,64,262144,0.002380,0.000000,0.000000,0.000058,0.000169,0.000254,0.000047,0.002212
swap_static,8,64,262144,0.002420,0.000000,0.000000,0.000061,0.000170,0.000248,0.000063,0.002651
swap_static,8,64,262144,0.002409,0.000000,0.000000,0.000058,0.000150,0.000238,0.000056,0.002537
swap_static,8,64,262144,0.002441,0.000000,0.000000,0.000061,0.000179,0.000249,0.000048,0.002288
swap_static,8,64,262144,0.002439,0.000000,0.000000,0.000057,0.000180,0.000242,0.000053,0.002656
swap_static,8,64,262144,0.002456,0.000000,0.000000,0.000055,0.000162,0.000231,0.000051,0.003633
swap_static,8,64,262144,0.002424,0.000000,0.000000,0.000058,0.000156,0.000241,0.000055,0.002273
swap_static,8,64,262144,0.002376,0.000000,0.000000,0.000057,0.000154,0.000249,0.000046,0.002678
swap_static,8,64,262144,0.002491,0.000000,0.000000,0.000055,0.000163,0.000239,0.000051,0.002425
swap_static,8,64,262144,0.002476,0.000000,0.000000,0.000055,0.000169,0.000250,0.000059,0.002486
swap_static,8,64,262144,0.002405,0.000000,0.000000,0.000058,0.000154,0.000258,0.000064,0.002564
swap_static,8,64,262144,0.002381,0.000000,0.000000,0.000059,0.000179,0.000250,0.000055,0.002360
swap_dynv2,8,64,262144,0.002598,0.000000,0.000010,0.000080,0.000184,0.000341,0.000063,0.002328
swap_dynv2,8,64,262144,0.002562,0.000000,0.000008,0.000060,0.000157,0.000272,0.000052,0.002718
swap_dynv2,8,64,262144,0.002451,0.000000,0.000007,0.000063,0.000168,0.000298,0.000054,0.003763
swap_dynv2,8,64,262144,0.002490,0.000000,0.000008,0.000069,0.000180,0.000260,0.000052,0.003824
swap_dynv2,8,64,262144,0.002552,0.000000,0.000009,0.000064,0.000178,0.000256,0.000053,0.003748
swap_dynv2,8,64,262144,0.002527,0.000000,0.000008,0.000061,0.000156,0.000256,0.000052,0.003452
swap_dynv2,8,64,262144,0.002509,0.000000,0.000008,0.000061,0.000158,0.000272,0.000057,0.003672
swap_dynv2,8,64,262144,0.002444,0.000000,0.000007,0.000061,0.000155,0.000257,0.000053,0.002633
swap_dynv2,8,64,262144,0.002535,0.000000,0.000008,0.000069,0.000184,0.000272,0.000053,0.002316
swap_dynv2,8,64,262144,0.002469,0.000000,0.000008,0.000064,0.000172,0.000256,0.000059,0.002590
swap_dynv2,8,64,262144,0.002444,0.000000,0.000007,0.000058,0.000158,0.000276,0.000064,0.002389
swap_dynv2,8,64,262144,0.002447,0.000000,0.000008,0.000067,0.000175,0.000266,0.000053,0.002684
swap_dynv2,8,64,262144,0.002573,0.000000,0.000008,0.000067,0.000181,0.000273,0.000052,0.002329
swap_dynv2,8,64,262144,0.002532,0.000000,0.000007,0.000058,0.000148,0.000266,0.000056,0.002254
swap_dynv2,8,64,262144,0.002489,0.000000,0.000007,0.000066,0.000155,0.000258,0.000048,0.002507
swap_dynv2,8,64,262144,0.002442,0.000000,0.000009,0.000067,0.000171,0.000262,0.000057,0.002329
swap_dynv2,8,64,262144,0.002292,0.000000,0.000007,0.000058,0.000185,0.000252,0.000060,0.002693
swap_dynv2,8,64,262144,0.002494,0.000000,0.000007,0.000057,0.000158,0.000266,0.000055,0.002777
swap_dynv2,8,64,262144,0.002508,0.000000,0.000008,0.000064,0.000172,0.000257,0.000055,0.002835
swap_dynv2,8,64,262144,0.002437,0.000000,0.000008,0.000062,0.000176,0.000258,0.000052,0.002533
swap_dynv2,8,64,262144,0.002448,0.000000,0.000007,0.000057,0.000158,0.000250,0.000063,0.002255
swap_dynv2,8,64,262144,0.002511,0.000000,0.000008,0.000064,0.000175,0.000262,0.000054,0.002572
swap_dynv2,8,64,262144,0.002524,0.000000,0.000007,0.000059,0.000158,0.000246,0.000054,0.002376
swap_dynv2,8,64,262144,0.002489,0.000000,0.000007,0.000058,0.000154,0.000277,0.000058,0.004316
swap_dynv2,8,64,262144,0.002477,0.000000,0.000008,0.000068,0.000182,0.000266,0.000057,0.002531
swap_dynv2,8,64,262144,0.002469,0.000000,0.000007,0.000059,0.000167,0.000261,0.000059,0.002334
swap_dynv2,8,64,262144,0.002470,0.000000,0.000009,0.000064,0.000178,0.000271,0.000478,0.001846
swap_dynv2,8,64,262144,0.002508,0.000000,0.000007,0.000058,0.000151,0.000261,0.000065,0.003648
swap_dynv2,8,64,262144,0.002490,0.000000,0.000007,0.000055,0.000149,0.000247,0.000053,0.003469
swap_dynv2,8,64,262144,0.002470,0.000000,0.000009,0.000097,0.000179,0.000263,0.000057,0.002295
swap_dynv2,8,64,262144,0.002463,0.000000,0.000007,0.000054,0.000154,0.000243,0.000059,0.002306
swap_dynv2,8,64,262144,0.002462,0.000000,0.000007,0.000056,0.000154,0.000244,0.000055,0.003389
swap_dynv2,8,64,262144,0.002448,0.000000,0.000009,0.000063,0.000177,0.000251,0.000053,0.003649
swap_dynv2,8,64,262144,0.002395,0.000000,0.000008,0.000062,0.000169,0.000259,0.000066,0.002220
swap_dynv2,8,64,262144,0.002426,0.000000,0.000007,0.000057,0.000150,0.000237,0.000051,0.002294
swap_dynv2,8,64,262144,0.002452,0.000000,0.000009,0.000060,0.000170,0.000260,0.000060,0.002565
swap_dynv2,8,64,262144,0.002449,0.000000,0.000007,0.000058,0.000161,0.000241,0.000057,0.002251
swap_dynv2,8,64,262144,0.002494,0.000000,0.000009,0.000065,0.000177,0.000251,0.000055,0.002685
swap_dynv2,8,64,262144,0.002391,0.000000,0.000008,0.000075,0.000177,0.000257,0.000050,0.003760
swap_dynv2,8,64,262144,0.002458,0.000000,0.000008,0.000062,0.000168,0.000251,0.000055,0.002542
swap_dynv2,8,64,262144,0.002490,0.000000,0.000008,0.000062,0.000167,0.000243,0.000050,0.002301
swap_dynv2,8,64,262144,0.002452,0.000000,0.000008,0.000060,0.000170,0.000264,0.000060,0.002266
swap_dynv2,8,64,262144,0.002467,0.000000,0.000008,0.000063,0.000182,0.000286,0.000083,0.002597
swap_dynv2,8,64,262144,0.002495,0.000000,0.000009,0.000066,0.000174,0.000259,0.000053,0.002281
swap_dynv2,8,64,262144,0.002432,0.000000,0.000007,0.000056,0.000150,0.000246,0.000050,0.002330
swap_dynv2,8,64,262144,0.002469,0.000000,0.000008,0.000064,0.000183,0.000265,0.000052,0.002615
swap_dynv2,8,64,262144,0.002519,0.000000,0.000009,0.000065,0.000172,0.000261,0.000053,0.002391
swap_dynv2,8,64,262144,0.002480,0.000000,0.000007,0.000056,0.000159,0.000250,0.000053,0.003742
swap_dynv2,8,64,262144,0.002596,0.000000,0.000009,0.000066,0.000178,0.000283,0.000056,0.002610
swap_dynv2,8,64,262144,0.002448,0.000000,0.000007,0.000052,0.000154,0.000243,0.000055,0.002386
swap_dynv2,8,64,262144,0.002418,0.000000,0.000006,0.000054,0.000154,0.000239,0.000050,0.002383
swap_dynv2,8,64,262144,0.002475,0.000000,0.000008,0.000060,0.000174,0.000263,0.000058,0.002593
swap_dynv2,8,64,262144,0.002477,0.000000,0.000008,0.000064,0.000176,0.000244,0.000058,0.002382
swap_dynv2,8,64,262144,0.002488,0.000000,0.000008,0.000058,0.000163,0.000253,0.000052,0.002235
swap_dynv2,8,64,262144,0.002425,0.000000,0.000008,0.000059,0.000165,0.000252,0.000076,0.003892
swap_dynv2,8,64,262144,0.002475,0.000000,0.000009,0.000063,0.000168,0.000257,0.000052,0.002244
swap_dynv2,8,64,262144,0.002450,0.000000,0.000007,0.000057,0.000151,0.000267,0.000059,0.002331
swap_dynv2,8,64,262144,0.002446,0.000000,0.000009,0.000065,0.000185,0.000265,0.000055,0.002884
swap_dynv2,8,64,262144,0.002437,0.000000,0.000008,0.000061,0.000165,0.000248,0.000052,0.003709
swap_dynv2,8,64,262144,0.002477,0.000000,0.000009,0.000066,0.000168,0.000271,0.000061,0.002844
swap_dynv2,8,64,262144,0.002504,0.000000,0.000008,0.000063,0.000162,0.000274,0.000052,0.002372
swap_dynv2,8,64,262144,0.002427,0.000000,0.000006,0.000054,0.000164,0.000270,0.000053,0.002310
swap_dynv2,8,64,262144,0.002346,0.000000,0.000010,0.000069,0.000188,0.000275,0.000057,0.002334
swap_dynv2,8,64,262144,0.002442,0.000000,0.000009,0.000065,0.000175,0.000276,0.000054,0.002256
swap_dynv2,8,64,262144,0.002421,0.000000,0.000009,0.000066,0.000177,0.000268,0.000052,0.002760
swap_dynv2,8,64,262144,0.002518,0.000000,0.000008,0.000065,0.000171,0.000253,0.000051,0.002298
swap_dynv2,8,64,262144,0.002463,0.000000,0.000009,0.000063,0.000172,0.000270,0.000062,0.002594
swap_dynv2,8,64,262144,0.002399,0.000000,0.000008,0.000065,0.000176,0.000258,0.000049,0.002356
swap_dynv2,8,64,262144,0.002554,0.000000,0.000008,0.000059,0.000165,0.000280,0.000053,0.002488
swap_dynv2,8,64,262144,0.002511,0.000000,0.000009,0.000058,0.000162,0.000265,0.000052,0.002373
swap_dynv2,8,64,262144,0.002531,0.000000,0.000007,0.000058,0.000158,0.000286,0.000055,0.002288
swap_dynv2,8,64,262144,0.002443,0.000000,0.000008,0.000074,0.000192,0.000243,0.000059,0.002536
swap_dynv2,8,64,262144,0.002463,0.000000,0.000007,0.000057,0.000155,0.000257,0.000058,0.002162
swap_dynv2,8,64,262144,0.002474,0.000000,0.000009,0.000066,0.000181,0.000268,0.000057,0.002605
swap_dynv2,8,64,262144,0.002356,0.000000,0.000007,0.000061,0.000155,0.000248,0.000053,0.002369
swap_static,8,64,16777216,0.136289,0.000000,0.000000,0.000080,0.000179,0.000328,0.000081,0.138220
swap_static,8,64,16777216,0.135928,0.000000,0.000000,0.000069,0.000194,0.000350,0.000058,0.137085
swap_static,8,64,16777216,0.135151,0.000000,0.000000,0.000071,0.000201,0.000342,0.000061,0.138217
swap_static,8,64,16777216,0.137231,0.000000,0.000000,0.000067,0.000192,0.000319,0.000055,0.135291
swap_static,8,64,16777216,0.135847,0.000000,0.000000,0.000071,0.000188,0.000318,0.000054,0.136834
swap_static,8,64,16777216,0.136835,0.000000,0.000000,0.000070,0.000194,0.000322,0.000058,0.136703
swap_static,8,64,16777216,0.136403,0.000000,0.000000,0.000070,0.000188,0.000309,0.000054,0.137763
swap_static,8,64,16777216,0.136091,0.000000,0.000000,0.000067,0.000187,0.000336,0.000055,0.136418
swap_static,8,64,16777216,0.136440,0.000000,0.000000,0.000070,0.000193,0.000320,0.000056,0.137714
swap_static,8,64,16777216,0.136099,0.000000,0.000000,0.000066,0.000193,0.000335,0.000050,0.140387
swap_static,8,64,16777216,0.136821,0.000000,0.000000,0.000067,0.000213,0.000343,0.000063,0.136034
swap_static,8,64,16777216,0.135428,0.000000,0.000000,0.000069,0.000190,0.000337,0.000061,0.136670
swap_static,8,64,16777216,0.135519,0.000000,0.000000,0.000075,0.000195,0.000317,0.000063,0.135720
swap_static,8,64,16777216,0.135485,0.000000,0.000000,0.000066,0.000193,0.000332,0.000081,0.136170
swap_static,8,64,16777216,0.135916,0.000000,0.000000,0.000065,0.000196,0.000341,0.000052,0.136556
swap_static,8,64,16777216,0.136607,0.000000,0.000000,0.000070,0.000192,0.000316,0.000061,0.135659
swap_static,8,64,16777216,0.136884,0.000000,0.000000,0.000068,0.000200,0.000331,0.000061,0.136562
swap_static,8,64,16777216,0.137055,0.000000,0.000000,0.000069,0.000206,0.000336,0.000056,0.137369
swap_static,8,64,16777216,0.136629,0.000000,0.000000,0.000069,0.000195,0.000324,0.000060,0.134838
swap_static,8,64,16777216,0.136504,0.000000,0.000000,0.000066,0.000189,0.000347,0.000057,0.136226
swap_static,8,64,16777216,0.136436,0.000000,0.000000,0.000074,0.000197,0.000325,0.000061,0.136063
swap_static,8,64,16777216,0.136004,0.000000,0.000000,0.000067,0.000197,0.000337,0.000054,0.136999
swap_static,8,64,16777216,0.135875,0.000000,0.000000,0.000067,0.000198,0.000325,0.000076,0.134512
swap_static,8,64,16777216,0.136267,0.000000,0.000000,0.000068,0.000195,0.000327,0.000055,0.137489
swap_static,8,64,16777216,0.135173,0.000000,0.000000,0.000067,0.000187,0.000325,0.000056,0.138081
swap_static,8,64,16777216,0.135434,0.000000,0.000000,0.000064,0.000193,0.000340,0.000060,0.136247
swap_static,8,64,16777216,0.135838,0.000000,0.000000,0.000066,0.000193,0.000333,0.000060,0.135058
swap_static,8,64,16777216,0.135580,0.000000,0.000000,0.000068,0.000193,0.000349,0.000175,0.136449
swap_static,8,64,16777216,0.135204,0.000000,0.000000,0.000068,0.000198,0.000317,0.000062,0.136077
swap_static,8,64,16777216,0.135296,0.000000,0.000000,0.000069,0.000207,0.000330,0.000059,0.136103
swap_static,8,64,16777216,0.135685,0.000000,0.000000,0.000070,0.000200,0.000342,0.000056,0.137019
swap_static,8,64,16777216,0.135671,0.000000,0.000000,0.000068,0.000200,0.000337,0.000057,0.135202
swap_static,8,64,16777216,0.135529,0.000000,0.000000,0.000067,0.000182,0.000316,0.000054,0.135217
swap_static,8,64,16777216,0.135979,0.000000,0.000000,0.000068,0.000217,0.000317,0.000143,0.136131
swap_static,8,64,16777216,0.136231,0.000000,0.000000,0.000063,0.000201,0.000329,0.000062,0.136268
swap_static,8,64,16777216,0.140973,0.000000,0.000000,0.000067,0.000188,0.000316,0.000073,0.135477
swap_static,8,64,16777216,0.135712,0.000000,0.000000,0.000067,0.000196,0.000326,0.000063,0.134941
swap_static,8,64,16777216,0.135991,0.000000,0.000000,0.000115,0.000218,0.000306,0.000059,0.135841
swap_static,8,64,16777216,0.135268,0.000000,0.000000,0.000068,0.000208,0.000342,0.000061,0.136485
swap_static,8,64,16777216,0.135218,0.000000,0.000000,0.000064,0.000197,0.000330,0.000054,0.136375
swap_static,8,64,16777216,0.135862,0.000000,0.000000,0.000068,0.000194,0.000334,0.000053,0.136306
swap_static,8,64,16777216,0.134281,0.000000,0.000000,0.000068,0.000206,0.000325,0.000066,0.134698
swap_static,8,64,16777216,0.135611,0.000000,0.000000,0.000066,0.000188,0.000330,0.000063,0.135885
swap_static,8,64,16777216,0.134881,0.000000,0.000000,0.000068,0.000188,0.000301,0.000055,0.135169
swap_static,8,64,16777216,0.135227,0.000000,0.000000,0.000066,0.000185,0.000316,0.000062,0.135541
swap_static,8,64,16777216,0.135736,0.000000,0.000000,0.000064,0.000202,0.000331,0.000065,0.135081
swap_static,8,64,16777216,0.134370,0.000000,0.000000,0.000075,0.000203,0.000333,0.000054,0.134506
swap_static,8,64,16777216,0.134536,0.000000,0.000000,0.000066,0.000202,0.000330,0.000055,0.135449
swap_static,8,64,16777216,0.136399,0.000000,0.000000,0.000065,0.000217,0.000325,0.000060,0.136591
swap_static,8,64,16777216,0.135707,0.000000,0.000000,0.000068,0.000181,0.000312,0.000055,0.134539
swap_static,8,64,16777216,0.135797,0.000000,0.000000,0.000071,0.000209,0.000324,0.000061,0.136828
swap_static,8,64,16777216,0.135680,0.000000,0.000000,0.000063,0.000201,0.000327,0.000053,0.136821
swap_static,8,64,16777216,0.135641,0.000000,0.000000,0.000070,0.000210,0.000318,0.000056,0.138990
swap_static,8,64,16777216,0.135554,0.000000,0.000000,0.000065,0.000206,0.000359,0.000059,0.137815
swap_static,8,64,16777216,0.136385,0.000000,0.000000,0.000078,0.000201,0.000335,0.000062,0.136366
swap_static,8,64,16777216,0.135398,0.000000,0.000000,0.000068,0.000201,0.000336,0.000057,0.136711
swap_static,8,64,16777216,0.135413,0.000000,0.000000,0.000065,0.000188,0.000301,0.000060,0.135243
swap_static,8,64,16777216,0.135851,0.000000,0.000000,0.000065,0.000198,0.000330,0.000057,0.135158
swap_static,8,64,16777216,0.135870,0.000000,0.000000,0.000069,0.000209,0.000338,0.000064,0.135776
swap_static,8,64,16777216,0.135314,0.000000,0.000000,0.000064,0.000188,0.000344,0.000061,0.135062
swap_static,8,64,16777216,0.134499,0.000000,0.000000,0.000064,0.000209,0.000324,0.000069,0.136715
swap_static,8,64,16777216,0.140300,0.000000,0.000000,0.000069,0.000199,0.000326,0.000057,0.134824
swap_static,8,64,16777216,0.134969,0.000000,0.000000,0.000071,0.000213,0.000350,0.000069,0.134610
swap_static,8,64,16777216,0.135385,0.000000,0.000000,0.000072,0.000196,0.000344,0.000061,0.136391
swap_static,8,64,16777216,0.135609,0.000000,0.000000,0.000064,0.000205,0.000343,0.000052,0.136555
swap_static,8,64,16777216,0.135404,0.000000,0.000000,0.000067,0.000208,0.000346,0.000062,0.135371
swap_static,8,64,16777216,0.135401,0.000000,0.000000,0.000069,0.000214,0.000332,0.000050,0.136631
swap_static,8,64,16777216,0.135695,0.000000,0.000000,0.000065,0.000194,0.000341,0.000059,0.134543
swap_static,8,64,16777216,0.134754,0.000000,0.000000,0.000063,0.000189,0.000335,0.000051,0.136191
swap_static,8,64,16777216,0.136513,0.000000,0.000000,0.000066,0.000196,0.000337,0.000094,0.134932
swap_static,8,64,16777216,0.135263,0.000000,0.000000,0.000069,0.000200,0.000329,0.000055,0.136002
swap_static,8,64,16777216,0.134579,0.000000,0.000000,0.000067,0.000211,0.000355,0.000060,0.134973
swap_static,8,64,16777216,0.135305,0.000000,0.000000,0.000074,0.000201,0.000336,0.000053,0.135642
swap_static,8,64,16777216,0.134862,0.000000,0.000000,0.000073,0.000206,0.000332,0.000061,0.134453
swap_static,8,64,16777216,0.136036,0.000000,0.000000,0.000070,0.000198,0.000321,0.000061,0.136442
swap_dynv2,8,64,16777216,0.138476,0.000000,0.000012,0.000084,0.000201,0.000339,0.000173,0.139478
swap_dynv2,8,64,16777216,0.139108,0.000000,0.000010,0.000078,0.000203,0.000314,0.000062,0.138305
swap_dynv2,8,64,16777216,0.139596,0.000000,0.000011,0.000073,0.000202,0.000315,0.000063,0.138803
swap_dynv2,8,64,16777216,0.138070,0.000000,0.000012,0.000078,0.000210,0.000303,0.000065,0.140043
swap_dynv2,8,64,16777216,0.138601,0.000000,0.000011,0.000071,0.000203,0.000313,0.000053,0.138376
swap_dynv2,8,64,16777216,0.137966,0.000000,0.000010,0.000074,0.000194,0.000289,0.000060,0.137929
swap_dynv2,8,64,16777216,0.139743,0.000000,0.000011,0.000076,0.000209,0.000297,0.000065,0.137964
swap_dynv2,8,64,16777216,0.143295,0.000000,0.000011,0.000076,0.000188,0.000300,0.000068,0.138527
swap_dynv2,8,64,16777216,0.138745,0.000000,0.000012,0.000077,0.000183,0.000309,0.000072,0.138130
swap_dynv2,8,64,16777216,0.139019,0.000000,0.000011,0.000074,0.000197,0.000298,0.000060,0.138616
swap_dynv2,8,64,16777216,0.138060,0.000000,0.000011,0.000078,0.000198,0.000305,0.000065,0.137586
swap_dynv2,8,64,16777216,0.138488,0.000000,0.000011,0.000072,0.000191,0.000297,0.000063,0.138507
swap_dynv2,8,64,16777216,0.138277,0.000000,0.000011,0.000074,0.000212,0.000307,0.000061,0.137454
swap_dynv2,8,64,16777216,0.137589,0.000000,0.000011,0.000075,0.000198,0.000300,0.000062,0.137700
swap_dynv2,8,64,16777216,0.138899,0.000000,0.000010,0.000071,0.000202,0.000332,0.000053,0.138884
swap_dynv2,8,64,16777216,0.136203,0.000000,0.000009,0.000067,0.000193,0.000288,0.000065,0.136510
swap_dynv2,8,64,16777216,0.138089,0.000000,0.000011,0.000073,0.000200,0.000294,0.000062,0.137805
swap_dynv2,8,64,16777216,0.137628,0.000000,0.000011,0.000074,0.000204,0.000293,0.000056,0.139861
swap_dynv2,8,64,16777216,0.137663,0.000000,0.000012,0.000080,0.000213,0.000300,0.000060,0.137733
swap_dynv2,8,64,16777216,0.137920,0.000000,0.000011,0.000073,0.000202,0.000288,0.000061,0.137028
swap_dynv2,8,64,16777216,0.137835,0.000000,0.000011,0.000079,0.000195,0.000292,0.000062,0.138117
swap_dynv2,8,64,16777216,0.138443,0.000000,0.000012,0.000079,0.000205,0.000280,0.000065,0.137045
swap_dynv2,8,64,16777216,0.138356,0.000000,0.000010,0.000074,0.000195,0.000316,0.000057,0.139243
swap_dynv2,8,64,16777216,0.138597,0.000000,0.000012,0.000075,0.000199,0.000293,0.000060,0.138934
swap_dynv2,8,64,16777216,0.142370,0.000000,0.000012,0.000079,0.000212,0.000307,0.000056,0.138392
swap_dynv2,8,64,16777216,0.136770,0.000000,0.000012,0.000076,0.000210,0.000319,0.000073,0.139526
swap_dynv2,8,64,16777216,0.138122,0.000000,0.000011,0.000071,0.000195,0.000307,0.000063,0.137835
swap_dynv2,8,64,16777216,0.137157,0.000000,0.000011,0.000070,0.000192,0.000318,0.000062,0.138679
swap_dynv2,8,64,16777216,0.138383,0.000000,0.000011,0.000073,0.000192,0.000314,0.000056,0.137953
swap_dynv2,8,64,16777216,0.137623,0.000000,0.000011,0.000072,0.000189,0.000311,0.000053,0.139132
swap_dynv2,8,64,16777216,0.137195,0.000000,0.000010,0.000076,0.000198,0.000295,0.000074,0.138010
swap_dynv2,8,64,16777216,0.137433,0.000000,0.000012,0.000076,0.000208,0.000310,0.000063,0.137536
swap_dynv2,8,64,16777216,0.137462,0.000000,0.000011,0.000071,0.000196,0.000310,0.000061,0.137457
swap_dynv2,8,64,16777216,0.139604,0.000000,0.000012,0.000079,0.000195,0.000369,0.000066,0.137603
swap_dynv2,8,64,16777216,0.137408,0.000000,0.000012,0.000071,0.000205,0.000298,0.000064,0.137547
swap_dynv2,8,64,16777216,0.137760,0.000000,0.000010,0.000071,0.000199,0.000284,0.000063,0.136897
swap_dynv2,8,64,16777216,0.136832,0.000000,0.000011,0.000075,0.000206,0.000305,0.000063,0.137380
swap_dynv2,8,64,16777216,0.136109,0.000000,0.000011,0.000072,0.000206,0.000305,0.000066,0.136417
swap_dynv2,8,64,16777216,0.136795,0.000000,0.000011,0.000072,0.000206,0.000303,0.000065,0.137286
swap_dynv2,8,64,16777216,0.137588,0.000000,0.000012,0.000080,0.000225,0.000298,0.000064,0.137476
swap_dynv2,8,64,16777216,0.137829,0.000000,0.000012,0.000077,0.000206,0.000285,0.000062,0.136869
swap_dynv2,8,64,16777216,0.141678,0.000000,0.000011,0.000072,0.000198,0.000280,0.000058,0.137966
swap_dynv2,8,64,16777216,0.137607,0.000000,0.000012,0.000074,0.000201,0.000298,0.000056,0.138514
swap_dynv2,8,64,16777216,0.137297,0.000000,0.000010,0.000069,0.000192,0.000292,0.000058,0.137309
swap_dynv2,8,64,16777216,0.137249,0.000000,0.000011,0.000070,0.000201,0.000309,0.000088,0.137296
swap_dynv2,8,64,16777216,0.137071,0.000000,0.000010,0.000070,0.000208,0.000328,0.000058,0.138545
swap_dynv2,8,64,16777216,0.137996,0.000000,0.000011,0.000068,0.000208,0.000327,0.000069,0.138206
swap_dynv2,8,64,16777216,0.137109,0.000000,0.000012,0.000080,0.000214,0.000293,0.000063,0.137268
swap_dynv2,8,64,16777216,0.136457,0.000000,0.000011,0.000069,0.000198,0.000299,0.000066,0.137512
swap_dynv2,8,64,16777216,0.136208,0.000000,0.000012,0.000078,0.000217,0.000290,0.000063,0.136527
swap_dynv2,8,64,16777216,0.136983,0.000000,0.000010,0.000069,0.000200,0.000295,0.000068,0.137420
swap_dynv2,8,64,16777216,0.137144,0.000000,0.000010,0.000067,0.000202,0.000316,0.000070,0.137990
swap_dynv2,8,64,16777216,0.135472,0.000000,0.000011,0.000073,0.000211,0.000303,0.000055,0.138182
swap_dynv2,8,64,16777216,0.135752,0.000000,0.000011,0.000072,0.000198,0.000299,0.000067,0.137055
swap_dynv2,8,64,16777216,0.135920,0.000000,0.000010,0.000070,0.000187,0.000303,0.000071,0.136485
swap_dynv2,8,64,16777216,0.136664,0.000000,0.000011,0.000075,0.000203,0.000294,0.000061,0.136765
swap_dynv2,8,64,16777216,0.137356,0.000000,0.000010,0.000071,0.000191,0.000284,0.000068,0.137322
swap_dynv2,8,64,16777216,0.136621,0.000000,0.000012,0.000078,0.000194,0.000316,0.000066,0.136714
swap_dynv2,8,64,16777216,0.136651,0.000000,0.000011,0.000077,0.000213,0.000293,0.000059,0.139900
swap_dynv2,8,64,16777216,0.136264,0.000000,0.000010,0.000075,0.000202,0.000301,0.000066,0.138176
swap_dynv2,8,64,16777216,0.136395,0.000000,0.000010,0.000069,0.000192,0.000299,0.000070,0.137063
swap_dynv2,8,64,16777216,0.136670,0.000000,0.000012,0.000076,0.000202,0.000302,0.000053,0.136681
swap_dynv2,8,64,16777216,0.137140,0.000000,0.000012,0.000082,0.000215,0.000314,0.000065,0.136800
swap_dynv2,8,64,16777216,0.136924,0.000000,0.000013,0.000077,0.000210,0.000296,0.000056,0.138959
swap_dynv2,8,64,16777216,0.136586,0.000000,0.000011,0.000075,0.000194,0.000306,0.003012,0.133758
swap_dynv2,8,64,16777216,0.136910,0.000000,0.000012,0.000074,0.000206,0.000310,0.000062,0.136202
swap_dynv2,8,64,16777216,0.136581,0.000000,0.000010,0.000065,0.000192,0.000286,0.000064,0.136432
swap_dynv2,8,64,16777216,0.135907,0.000000,0.000011,0.000072,0.000202,0.000299,0.000062,0.136551
swap_dynv2,8,64,16777216,0.136498,0.000000,0.000010,0.000068,0.000197,0.000302,0.000063,0.136063
swap_dynv2,8,64,16777216,0.137512,0.000000,0.000010,0.000072,0.000188,0.000289,0.000062,0.136768
swap_dynv2,8,64,16777216,0.137275,0.000000,0.000010,0.000069,0.000190,0.000292,0.000061,0.136487
swap_dynv2,8,64,16777216,0.137268,0.000000,0.000011,0.000078,0.000211,0.000289,0.000068,0.136140
swap_dynv2,8,64,16777216,0.136310,0.000000,0.000010,0.000073,0.000202,0.000292,0.000062,0.136424
swap_dynv2,8,64,16777216,0.137090,0.000000,0.000011,0.000073,0.000205,0.000287,0.000062,0.137308
swap_dynv2,8,64,16777216,0.136980,0.000000,0.000011,0.000070,0.000203,0.000317,0.000051,0.138472
swap_static,8,256,4096,0.000607,0.000000,0.000000,0.000144,0.000144,0.000252,0.000056,0.000326
swap_static,8,256,4096,0.000510,0.000000,0.000000,0.000123,0.000174,0.000254,0.000063,0.000307
swap_static,8,256,4096,0.000493,0.000000,0.000000,0.000111,0.000149,0.000225,0.000050,0.000322
swap_static,8,256,4096,0.000498,0.000000,0.000000,0.000111,0.000158,0.000232,0.000057,0.000304
swap_static,8,256,4096,0.000496,0.000000,0.000000,0.000133,0.000168,0.000259,0.000055,0.000303
swap_static,8,256,4096,0.000513,0.000000,0.000000,0.000096,0.000149,0.000229,0.000054,0.000306
swap_static,8,256,4096,0.000473,0.000000,0.000000,0.000117,0.000163,0.000247,0.000059,0.000316
swap_static,8,256,4096,0.000473,0.000000,0.000000,0.000094,0.000134,0.000242,0.000084,0.000325
swap_static,8,256,4096,0.000498,0.000000,0.000000,0.000096,0.000141,0.000232,0.000053,0.000356
swap_static,8,256,4096,0.000482,0.000000,0.000000,0.000127,0.000171,0.000258,0.000056,0.000306
swap_static,8,256,4096,0.000512,0.000000,0.000000,0.000112,0.000164,0.000242,0.000055,0.000309
swap_static,8,256,4096,0.000486,0.000000,0.000000,0.000110,0.000176,0.000236,0.000051,0.000320
swap_static,8,256,4096,0.000509,0.000000,0.000000,0.000113,0.000156,0.000225,0.000049,0.000324
swap_static,8,256,4096,0.000499,0.000000,0.000000,0.000110,0.000163,0.000239,0.000060,0.000309
swap_static,8,256,4096,0.000485,0.000000,0.000000,0.000096,0.000154,0.000236,0.000055,0.000362
swap_static,8,256,4096,0.000476,0.000000,0.000000,0.000114,0.000143,0.000238,0.000055,0.000312
swap_static,8,256,4096,0.000529,0.000000,0.000000,0.000127,0.000172,0.000224,0.000056,0.000304
swap_static,8,256,4096,0.000443,0.000000,0.000000,0.000094,0.000154,0.000208,0.000051,0.000298
swap_static,8,256,4096,0.000539,0.000000,0.000000,0.000110,0.000165,0.000252,0.000050,0.000323
swap_static,8,256,4096,0.000495,0.000000,0.000000,0.000106,0.000151,0.000224,0.000054,0.000312
swap_static,8,256,4096,0.000549,0.000000,0.000000,0.000112,0.000160,0.000230,0.000074,0.000295
swap_static,8,256,4096,0.000487,0.000000,0.000000,0.000114,0.000165,0.000218,0.000049,0.000302
swap_static,8,256,4096,0.000490,0.000000,0.000000,0.000104,0.000136,0.000222,0.000062,0.000320
swap_static,8,256,4096,0.000474,0.000000,0.000000,0.000105,0.000176,0.000212,0.000055,0.000328
swap_static,8,256,4096,0.000496,0.000000,0.000000,0.000108,0.000140,0.000224,0.000049,0.000332
swap_static,8,256,4096,0.000484,0.000000,0.000000,0.000114,0.000180,0.000245,0.000055,0.000300
swap_static,8,256,4096,0.000510,0.000000,0.000000,0.000107,0.000162,0.000238,0.000052,0.000320
swap_static,8,256,4096,0.000485,0.000000,0.000000,0.000132,0.000137,0.000213,0.000066,0.000307
swap_static,8,256,4096,0.000474,0.000000,0.000000,0.000103,0.000157,0.000239,0.000056,0.000334
swap_static,8,256,4096,0.000479,0.000000,0.000000,0.000106,0.000134,0.000215,0.000049,0.000296
swap_static,8,256,4096,0.000485,0.000000,0.000000,0.000104,0.000143,0.000208,0.000047,0.000305
swap_static,8,256,4096,0.000491,0.000000,0.000000,0.000115,0.000228,0.000250,0.000056,0.000312
swap_static,8,256,4096,0.000474,0.000000,0.000000,0.000131,0.000143,0.000219,0.000050,0.000328
swap_static,8,256,4096,0.000465,0.000000,0.000000,0.000099,0.000141,0.000218,0.000055,0.000292
swap_static,8,256,4096,0.000511,0.000000,0.000000,0.000143,0.000171,0.000245,0.000148,0.000318
swap_static,8,256,4096,0.000492,0.000000,0.000000,0.000119,0.000159,0.000234,0.000054,0.000306
swap_static,8,256,4096,0.000487,0.000000,0.000000,0.000121,0.000162,0.000228,0.000050,0.000302
swap_static,8,256,4096,0.000551,0.000000,0.000000,0.000097,0.000170,0.000290,0.000079,0.000307
swap_static,8,256,4096,0.000456,0.000000,0.000000,0.000093,0.000138,0.000237,0.000050,0.000378
swap_static,8,256,4096,0.000494,0.000000,0.000000,0.000124,0.000173,0.000241,0.000058,0.000329
swap_static,8,256,4096,0.000478,0.000000,0.000000,0.000104,0.000135,0.000293,0.000059,0.000303
swap_static,8,256,4096,0.000454,0.000000,0.000000,0.000093,0.000143,0.000225,0.000048,0.000315
swap_static,8,256,4096,0.000458,0.000000,0.000000,0.000148,0.000170,0.000256,0.000051,0.000297
swap_static,8,256,4096,0.000475,0.000000,0.000000,0.000092,0.000144,0.000223,0.000054,0.000319
swap_static,8,256,4096,0.000483,0.000000,0.000000,0.000106,0.000137,0.000215,0.000118,0.000300
swap_static,8,256,4096,0.000495,0.000000,0.000000,0.000109,0.000165,0.000227,0.000051,0.000314
swap_static,8,256,4096,0.000481,0.000000,0.000000,0.000105,0.000138,0.000230,0.000051,0.000306
swap_static,8,256,4096,0.000524,0.000000,0.000000,0.000096,0.000151,0.000233,0.000056,0.000315
swap_static,8,256,4096,0.000464,0.000000,0.000000,0.000093,0.000155,0.000238,0.000052,0.000356
swap_static,8,256,4096,0.000494,0.000000,0.000000,0.000104,0.000137,0.000214,0.000049,0.000313
swap_static,8,256,4096,0.000537,0.000000,0.000000,0.000126,0.000176,0.000263,0.000051,0.000307
swap_static,8,256,4096,0.000515,0.000000,0.000000,0.000110,0.000155,0.000238,0.000077,0.000295
swap_static,8,256,4096,0.000501,0.000000,0.000000,0.000111,0.000160,0.000336,0.000058,0.000301
swap_static,8,256,4096,0.000465,0.000000,0.000000,0.000091,0.000143,0.000211,0.000072,0.000548
swap_static,8,256,4096,0.000490,0.000000,0.000000,0.000114,0.000139,0.000222,0.000069,0.000277
swap_static,8,256,4096,0.000484,0.000000,0.000000,0.000110,0.000159,0.000228,0.000083,0.000302
swap_static,8,256,4096,0.000466,0.000000,0.000000,0.000092,0.000151,0.000249,0.000048,0.000380
swap_static,8,256,4096,0.000470,0.000000,0.000000,0.000092,0.000138,0.000232,0.000055,0.000381
swap_static,8,256,4096,0.000480,0.000000,0.000000,0.000129,0.000168,0.000274,0.000049,0.000305
swap_static,8,256,4096,0.000500,0.000000,0.000000,0.000108,0.000142,0.000235,0.000064,0.000299
swap_static,8,256,4096,0.000472,0.000000,0.000000,0.000126,0.000172,0.000249,0.000049,0.000307
swap_static,8,256,4096,0.000481,0.000000,0.000000,0.000097,0.000157,0.000256,0.000054,0.000303
swap_static,8,256,4096,0.000503,0.000000,0.000000,0.000104,0.000144,0.000289,0.000073,0.002632
swap_static,8,256,4096,0.000476,0.000000,0.000000,0.000145,0.000178,0.000291,0.000062,0.000313
swap_static,8,256,4096,0.000467,0.000000,0.000000,0.000121,0.000162,0.000263,0.000058,0.000302
swap_static,8,256,4096,0.000502,0.000000,0.000000,0.000111,0.000158,0.000250,0.000052,0.000317
swap_static,8,256,4096,0.000494,0.000000,0.000000,0.000114,0.000181,0.000326,0.000073,0.000298
swap_static,8,256,4096,0.000480,0.000000,0.000000,0.000092,0.000144,0.000254,0.000057,0.000303
swap_static,8,256,4096,0.000470,0.000000,0.000000,0.000138,0.000176,0.000253,0.000052,0.000300
swap_static,8,256,4096,0.000471,0.000000,0.000000,0.000091,0.000148,0.000234,0.000053,0.000336
swap_static,8,256,4096,0.000487,0.000000,0.000000,0.000109,0.000172,0.000257,0.000056,0.000299
swap_static,8,256,4096,0.000486,0.000000,0.000000,0.000097,0.000154,0.000241,0.000052,0.000361
swap_static,8,256,4096,0.000495,0.000000,0.000000,0.000112,0.000152,0.000244,0.000069,0.000290
swap_static,8,256,4096,0.000510,0.000000,0.000000,0.000114,0.000187,0.000270,0.000063,0.000331
swap_static,8,256,4096,0.000488,0.000000,0.000000,0.000121,0.000166,0.000270,0.000051,0.000304
swap_dynv2,8,256,4096,0.000638,0.000000,0.000007,0.000158,0.000155,0.000269,0.000064,0.000314
swap_dynv2,8,256,4096,0.000498,0.000000,0.000007,0.000098,0.000151,0.000253,0.000056,0.000349
swap_dynv2,8,256,4096,0.000515,0.000000,0.000008,0.000109,0.000167,0.000235,0.000053,0.000341
swap_dynv2,8,256,4096,0.000494,0.000000,0.000007,0.000097,0.000147,0.000230,0.000053,0.000314
swap_dynv2,8,256,4096,0.000485,0.000000,0.000008,0.000111,0.000180,0.000250,0.000056,0.000335
swap_dynv2,8,256,4096,0.000493,0.000000,0.000006,0.000107,0.000141,0.000225,0.000064,0.000319
swap_dynv2,8,256,4096,0.000501,0.000000,0.000009,0.000113,0.000179,0.000248,0.000050,0.000324
swap_dynv2,8,256,4096,0.000515,0.000000,0.000006,0.000110,0.000148,0.000234,0.000053,0.000332
swap_dynv2,8,256,4096,0.000476,0.000000,0.000006,0.000095,0.000152,0.000238,0.000062,0.000313
swap_dynv2,8,256,4096,0.000495,0.000000,0.000006,0.000108,0.000141,0.000231,0.000106,0.000342
swap_dynv2,8,256,4096,0.000505,0.000000,0.000006,0.000110,0.000141,0.000216,0.000048,0.000324
swap_dynv2,8,256,4096,0.000487,0.000000,0.000006,0.000108,0.000138,0.000344,0.000053,0.000308
swap_dynv2,8,256,4096,0.000509,0.000000,0.000007,0.000109,0.000143,0.000223,0.000052,0.000326
swap_dynv2,8,256,4096,0.000494,0.000000,0.000006,0.000094,0.000148,0.000355,0.000056,0.000314
swap_dynv2,8,256,4096,0.000511,0.000000,0.000007,0.000095,0.000147,0.000222,0.000051,0.000321
swap_dynv2,8,256,4096,0.000494,0.000000,0.000009,0.000157,0.000178,0.000244,0.000060,0.000307
swap_dynv2,8,256,4096,0.000532,0.000000,0.000008,0.000115,0.000161,0.000238,0.000048,0.000312
swap_dynv2,8,256,4096,0.000504,0.000000,0.000006,0.000107,0.000142,0.000211,0.000051,0.000320
swap_dynv2,8,256,4096,0.000512,0.000000,0.000007,0.000112,0.000162,0.000228,0.000053,0.000329
swap_dynv2,8,256,4096,0.000563,0.000000,0.000008,0.000104,0.000169,0.000247,0.000056,0.000359
swap_dynv2,8,256,4096,0.000515,0.000000,0.000006,0.000115,0.000145,0.000215,0.000056,0.000317
swap_dynv2,8,256,4096,0.000518,0.000000,0.000006,0.000110,0.000142,0.000232,0.000073,0.000301
swap_dynv2,8,256,4096,0.000508,0.000000,0.000008,0.000128,0.000182,0.000233,0.000053,0.000357
swap_dynv2,8,256,4096,0.000483,0.000000,0.000006,0.000154,0.000155,0.000236,0.000056,0.000319
swap_dynv2,8,256,4096,0.000483,0.000000,0.000007,0.000095,0.000152,0.000231,0.000052,0.000322
swap_dynv2,8,256,4096,0.000511,0.000000,0.000008,0.000113,0.000166,0.000252,0.000076,0.000330
swap_dynv2,8,256,4096,0.000490,0.000000,0.000008,0.000159,0.000188,0.000259,0.000059,0.000311
swap_dynv2,8,256,4096,0.000493,0.000000,0.000009,0.000126,0.000176,0.000246,0.000052,0.000306
swap_dynv2,8,256,4096,0.000569,0.000000,0.000007,0.000107,0.000151,0.000224,0.000051,0.000321
swap_dynv2,8,256,4096,0.000488,0.000000,0.000005,0.000103,0.000149,0.000212,0.000051,0.000323
swap_dynv2,8,256,4096,0.000519,0.000000,0.000007,0.000110,0.000159,0.000228,0.000058,0.000311
swap_dynv2,8,256,4096,0.000491,0.000000,0.000009,0.000118,0.000189,0.000243,0.000067,0.000298
swap_dynv2,8,256,4096,0.000504,0.000000,0.000008,0.000116,0.000165,0.000232,0.000370,0.000015
swap_dynv2,8,256,4096,0.000507,0.000000,0.000006,0.000109,0.000151,0.000223,0.000048,0.000329
swap_dynv2,8,256,4096,0.000479,0.000000,0.000006,0.000091,0.000145,0.000226,0.000052,0.000324
swap_dynv2,8,256,4096,0.000492,0.000000,0.000006,0.000114,0.000139,0.000214,0.000049,0.000307
swap_dynv2,8,256,4096,0.000533,0.000000,0.000009,0.000121,0.000184,0.000254,0.000051,0.000359
swap_dynv2,8,256,4096,0.000506,0.000000,0.000009,0.000114,0.000176,0.000231,0.000050,0.000328
swap_dynv2,8,256,4096,0.000486,0.000000,0.000007,0.000093,0.000182,0.000228,0.000056,0.000389
swap_dynv2,8,256,4096,0.000477,0.000000,0.000006,0.000106,0.000141,0.000212,0.000046,0.000312
swap_dynv2,8,256,4096,0.000491,0.000000,0.000009,0.000130,0.000178,0.000248,0.000059,0.000336
swap_dynv2,8,256,4096,0.000490,0.000000,0.000006,0.000106,0.000147,0.000243,0.000057,0.000326
swap_dynv2,8,256,4096,0.000498,0.000000,0.000007,0.000096,0.000150,0.000221,0.000065,0.000364
swap_dynv2,8,256,4096,0.000480,0.000000,0.000006,0.000095,0.000147,0.000256,0.000053,0.000360
swap_dynv2,8,256,4096,0.000499,0.000000,0.000006,0.000092,0.000152,0.000234,0.000054,0.000318
swap_dynv2,8,256,4096,0.000476,0.000000,0.000006,0.000106,0.000144,0.000287,0.000049,0.000301
swap_dynv2,8,256,4096,0.000485,0.000000,0.000006,0.000106,0.000144,0.000236,0.000049,0.000316
swap_dynv2,8,256,4096,0.000495,0.000000,0.000007,0.000109,0.000160,0.000306,0.000059,0.000329
swap_dynv2,8,256,4096,0.000506,0.000000,0.000008,0.000145,0.000167,0.000247,0.000059,0.000318
swap_dynv2,8,256,4096,0.000512,0.000000,0.000006,0.000107,0.000149,0.000233,0.000061,0.000312
swap_dynv2,8,256,4096,0.000499,0.000000,0.000008,0.000107,0.000162,0.000263,0.000058,0.000320
swap_dynv2,8,256,4096,0.000496,0.000000,0.000009,0.000125,0.000173,0.000258,0.000049,0.000318
swap_dynv2,8,256,4096,0.000496,0.000000,0.000009,0.000122,0.000240,0.000256,0.000051,0.000309
swap_dynv2,8,256,4096,0.000478,0.000000,0.000008,0.000125,0.000166,0.000266,0.000054,0.000320
swap_dynv2,8,256,4096,0.000508,0.000000,0.000007,0.000097,0.000155,0.000245,0.000051,0.000366
swap_dynv2,8,256,4096,0.000476,0.000000,0.000006,0.000094,0.000144,0.000255,0.000053,0.000329
swap_dynv2,8,256,4096,0.000500,0.000000,0.000006,0.000107,0.000138,0.000225,0.000051,0.000312
swap_dynv2,8,256,4096,0.000494,0.000000,0.000006,0.000107,0.000135,0.000238,0.000050,0.000322
swap_dynv2,8,256,4096,0.000546,0.000000,0.000008,0.000112,0.000182,0.000326,0.000065,0.000338
swap_dynv2,8,256,4096,0.000538,0.000000,0.000008,0.000119,0.000156,0.000240,0.000054,0.000329
swap_dynv2,8,256,4096,0.000504,0.000000,0.000008,0.000127,0.000182,0.000294,0.000061,0.000329
swap_dynv2,8,256,4096,0.000596,0.000000,0.000006,0.000107,0.000149,0.000247,0.000056,0.000318
swap_dynv2,8,256,4096,0.000493,0.000000,0.000008,0.000115,0.000187,0.000261,0.000062,0.000318
swap_dynv2,8,256,4096,0.000499,0.000000,0.000007,0.000124,0.000183,0.000258,0.000060,0.000333
swap_dynv2,8,256,4096,0.000528,0.000000,0.000008,0.000124,0.000178,0.000273,0.000054,0.000338
swap_dynv2,8,256,4096,0.000496,0.000000,0.000007,0.000106,0.000161,0.000252,0.000052,0.000308
swap_dynv2,8,256,4096,0.000504,0.000000,0.000006,0.000106,0.000144,0.000233,0.000109,0.000310
swap_dynv2,8,256,4096,0.000551,0.000000,0.000006,0.000109,0.000149,0.000237,0.000049,0.000303
swap_dynv2,8,256,4096,0.000505,0.000000,0.000007,0.000112,0.000155,0.000252,0.000147,0.000225
swap_dynv2,8,256,4096,0.000504,0.000000,0.000008,0.000120,0.000161,0.000239,0.000052,0.000324
swap_dynv2,8,256,4096,0.000492,0.000000,0.000008,0.000106,0.000180,0.000245,0.000053,0.000323
swap_dynv2,8,256,4096,0.000480,0.000000,0.000008,0.000100,0.000165,0.000258,0.000436,0.000001
swap_dynv2,8,256,4096,0.000514,0.000000,0.000006,0.000111,0.000143,0.000222,0.000052,0.000324
swap_dynv2,8,256,4096,0.000506,0.000000,0.000008,0.000134,0.000171,0.000234,0.000052,0.000332
swap_dynv2,8,256,4096,0.000517,0.000000,0.000008,0.000150,0.000176,0.000251,0.000062,0.000375
swap_static,8,256,262144,0.002654,0.000000,0.000000,0.000146,0.000160,0.000280,0.000063,0.002380
swap_static,8,256,262144,0.002711,0.000000,0.000000,0.000116,0.000176,0.000252,0.000050,0.002730
swap_static,8,256,262144,0.002654,0.000000,0.000000,0.000109,0.000155,0.000246,0.000052,0.002382
swap_static,8,256,262144,0.002600,0.000000,0.000000,0.000122,0.000159,0.000242,0.000052,0.002469
swap_static,8,256,262144,0.002721,0.000000,0.000000,0.000114,0.000152,0.000255,0.000057,0.003559
swap_static,8,256,262144,0.002554,0.000000,0.000000,0.000112,0.000160,0.000262,0.000056,0.002725
swap_static,8,256,262144,0.002774,0.000000,0.000000,0.000106,0.000148,0.000272,0.000060,0.003490
swap_static,8,256,262144,0.002585,0.000000,0.000000,0.000114,0.000171,0.000266,0.000061,0.002445
swap_static,8,256,262144,0.002628,0.000000,0.000000,0.000115,0.000154,0.000251,0.000060,0.002364
swap_static,8,256,262144,0.002634,0.000000,0.000000,0.000113,0.000173,0.000270,0.000053,0.002413
swap_static,8,256,262144,0.002688,0.000000,0.000000,0.000115,0.000162,0.000273,0.000059,0.002460
swap_static,8,256,262144,0.002695,0.000000,0.000000,0.000111,0.000219,0.000260,0.000073,0.002328
swap_static,8,256,262144,0.002649,0.000000,0.000000,0.000106,0.000169,0.000257,0.000057,0.002705
swap_static,8,256,262144,0.002606,0.000000,0.000000,0.000115,0.000161,0.000246,0.000050,0.002417
swap_static,8,256,262144,0.002605,0.000000,0.000000,0.000109,0.000168,0.000252,0.000063,0.002554
swap_static,8,256,262144,0.002599,0.000000,0.000000,0.000114,0.000182,0.000268,0.000056,0.002370
swap_static,8,256,262144,0.002611,0.000000,0.000000,0.000127,0.000176,0.000257,0.000052,0.003725
swap_static,8,256,262144,0.002633,0.000000,0.000000,0.000117,0.000174,0.000282,0.000060,0.002412
swap_static,8,256,262144,0.002652,0.000000,0.000000,0.000103,0.000154,0.000276,0.000050,0.002346
swap_static,8,256,262144,0.002604,0.000000,0.000000,0.000107,0.000158,0.000269,0.000052,0.002356
swap_static,8,256,262144,0.002600,0.000000,0.000000,0.000117,0.000184,0.000273,0.000057,0.002399
swap_static,8,256,262144,0.002668,0.000000,0.000000,0.000103,0.000156,0.000246,0.000051,0.003706
swap_static,8,256,262144,0.002684,0.000000,0.000000,0.000105,0.000166,0.000250,0.000061,0.002466
swap_static,8,256,262144,0.002603,0.000000,0.000000,0.000105,0.000166,0.000259,0.000083,0.002711
swap_static,8,256,262144,0.002630,0.000000,0.000000,0.000118,0.000176,0.000254,0.000050,0.002323
swap_static,8,256,262144,0.002610,0.000000,0.000000,0.000106,0.000164,0.000257,0.000051,0.003805
swap_static,8,256,262144,0.002812,0.000000,0.000000,0.000137,0.000152,0.000248,0.000051,0.002670
swap_static,8,256,262144,0.002571,0.000000,0.000000,0.000109,0.000162,0.000253,0.000059,0.003070
swap_static,8,256,262144,0.002639,0.000000,0.000000,0.000128,0.000171,0.000252,0.000054,0.002365
swap_static,8,256,262144,0.002701,0.000000,0.000000,0.000112,0.000164,0.000262,0.000055,0.003482
swap_static,8,256,262144,0.002582,0.000000,0.000000,0.000106,0.000149,0.000240,0.000054,0.002509
swap_static,8,256,262144,0.002954,0.000000,0.000000,0.000115,0.000165,0.000257,0.000060,0.003232
swap_static,8,256,262144,0.002575,0.000000,0.000000,0.000116,0.000177,0.000254,0.000064,0.002417
swap_static,8,256,262144,0.002654,0.000000,0.000000,0.000108,0.000160,0.000256,0.000053,0.002904
swap_static,8,256,262144,0.002659,0.000000,0.000000,0.000121,0.000192,0.000257,0.000056,0.003738
swap_static,8,256,262144,0.002441,0.000000,0.000000,0.000108,0.000173,0.000278,0.000062,0.006156
swap_static,8,256,262144,0.002653,0.000000,0.000000,0.000121,0.000178,0.000262,0.000056,0.002396
swap_static,8,256,262144,0.002704,0.000000,0.000000,0.000158,0.000172,0.000241,0.000051,0.003765
swap_static,8,256,262144,0.002645,0.000000,0.000000,0.000151,0.000150,0.000248,0.000067,0.002393
swap_static,8,256,262144,0.002564,0.000000,0.000000,0.000112,0.000174,0.000253,0.000054,0.003544
swap_static,8,256,262144,0.002720,0.000000,0.000000,0.000109,0.000163,0.000282,0.000194,0.002213
swap_static,8,256,262144,0.002557,0.000000,0.000000,0.000104,0.000151,0.000242,0.000051,0.002399
swap_static,8,256,262144,0.002690,0.000000,0.000000,0.000105,0.000173,0.000246,0.000055,0.002369
swap_static,8,256,262144,0.002641,0.000000,0.000000,0.000109,0.000166,0.000243,0.000061,0.002286
swap_static,8,256,262144,0.002589,0.000000,0.000000,0.000116,0.000163,0.000241,0.000051,0.002382
swap_static,8,256,262144,0.002558,0.000000,0.000000,0.000111,0.000163,0.000268,0.000052,0.003506
swap_static,8,256,262144,0.002600,0.000000,0.000000,0.000105,0.000157,0.000242,0.000054,0.003636
swap_static,8,256,262144,0.002563,0.000000,0.000000,0.000109,0.000174,0.000242,0.000052,0.002536
swap_static,8,256,262144,0.002626,0.000000,0.000000,0.000106,0.000162,0.000248,0.000051,0.002357
swap_static,8,256,262144,0.002579,0.000000,0.000000,0.000111,0.000167,0.000231,0.000055,0.003759
swap_static,8,256,262144,0.002557,0.000000,0.000000,0.000108,0.000158,0.000232,0.000054,0.003730
swap_static,8,256,262144,0.002572,0.000000,0.000000,0.000116,0.000179,0.000245,0.000068,0.002999
swap_static,8,256,262144,0.002663,0.000000,0.000000,0.000117,0.000180,0.000243,0.000060,0.002368
swap_static,8,256,262144,0.002529,0.000000,0.000000,0.000134,0.000153,0.000229,0.000060,0.002341
swap_static,8,256,262144,0.002617,0.000000,0.000000,0.000115,0.000170,0.000267,0.000055,0.002357
swap_static,8,256,262144,0.002557,0.000000,0.000000,0.000103,0.000152,0.000231,0.000053,0.002287
swap_static,8,256,262144,0.002713,0.000000,0.000000,0.000105,0.000154,0.000240,0.000053,0.002633
swap_static,8,256,262144,0.002582,0.000000,0.000000,0.000103,0.000150,0.000229,0.000050,0.002306
swap_static,8,256,262144,0.002562,0.000000,0.000000,0.000112,0.000169,0.000259,0.000052,0.002348
swap_static,8,256,262144,0.002649,0.000000,0.000000,0.000114,0.000177,0.000255,0.000048,0.002309
swap_static,8,256,262144,0.002510,0.000000,0.000000,0.000116,0.000175,0.000258,0.000056,0.002681
swap_static,8,256,262144,0.002684,0.000000,0.000000,0.000106,0.000149,0.000235,0.000059,0.002409
swap_static,8,256,262144,0.002644,0.000000,0.000000,0.000110,0.000157,0.000252,0.000052,0.003677
swap_static,8,256,262144,0.002657,0.000000,0.000000,0.000119,0.000194,0.000255,0.000051,0.002459
swap_static,8,256,262144,0.002707,0.000000,0.000000,0.000110,0.000167,0.000245,0.000055,0.004470
swap_static,8,256,262144,0.002599,0.000000,0.000000,0.000112,0.000154,0.000262,0.000054,0.003693
swap_static,8,256,262144,0.002951,0.000000,0.000000,0.000122,0.000176,0.000268,0.000056,0.002747
swap_static,8,256,262144,0.002588,0.000000,0.000000,0.000101,0.000160,0.000261,0.000054,0.002333
swap_static,8,256,262144,0.002662,0.000000,0.000000,0.000105,0.000185,0.000252,0.000054,0.002293
swap_static,8,256,262144,0.002573,0.000000,0.000000,0.000104,0.000148,0.000250,0.000056,0.002423
swap_static,8,256,262144,0.002550,0.000000,0.000000,0.000106,0.000160,0.000269,0.000054,0.003734
swap_static,8,256,262144,0.004077,0.000000,0.000000,0.000107,0.000152,0.000250,0.000057,0.003274
swap_static,8,256,262144,0.002715,0.000000,0.000000,0.000109,0.000184,0.000350,0.000052,0.003845
swap_static,8,256,262144,0.002756,0.000000,0.000000,0.000132,0.000157,0.000238,0.000051,0.003322
swap_static,8,256,262144,0.002598,0.000000,0.000000,0.000109,0.000167,0.000268,0.000083,0.002599
swap_dynv2,8,256,262144,0.002779,0.000000,0.000008,0.000164,0.000162,0.000289,0.000068,0.003392
swap_dynv2,8,256,262144,0.002736,0.000000,0.000009,0.000126,0.000194,0.000267,0.000060,0.003757
swap_dynv2,8,256,262144,0.002608,0.000000,0.000009,0.000110,0.000166,0.000260,0.000064,0.002397
swap_dynv2,8,256,262144,0.002601,0.000000,0.000008,0.000118,0.000173,0.000268,0.000053,0.002463
swap_dynv2,8,256,262144,0.002601,0.000000,0.000009,0.000118,0.000173,0.000275,0.000062,0.002419
swap_dynv2,8,256,262144,0.002606,0.000000,0.000009,0.000116,0.000164,0.000264,0.000049,0.002380
swap_dynv2,8,256,262144,0.002646,0.000000,0.000008,0.000128,0.000180,0.000266,0.000055,0.002444
swap_dynv2,8,256,262144,0.002653,0.000000,0.000007,0.000125,0.000155,0.000251,0.000051,0.003744
swap_dynv2,8,256,262144,0.002622,0.000000,0.000007,0.000117,0.000158,0.000250,0.000067,0.002350
swap_dynv2,8,256,262144,0.002617,0.000000,0.000007,0.000112,0.000169,0.000274,0.000054,0.002609
swap_dynv2,8,256,262144,0.002794,0.000000,0.000007,0.000112,0.000159,0.000268,0.000051,0.003535
swap_dynv2,8,256,262144,0.002569,0.000000,0.000007,0.000108,0.000162,0.000258,0.000049,0.002499
swap_dynv2,8,256,262144,0.002703,0.000000,0.000008,0.000120,0.000171,0.000265,0.000053,0.002489
swap_dynv2,8,256,262144,0.002672,0.000000,0.000007,0.000105,0.000179,0.000260,0.000060,0.002492
swap_dynv2,8,256,262144,0.002583,0.000000,0.000008,0.000108,0.000164,0.000316,0.000054,0.002708
swap_dynv2,8,256,262144,0.002564,0.000000,0.000007,0.000112,0.000159,0.000263,0.000063,0.002378
swap_dynv2,8,256,262144,0.002649,0.000000,0.000008,0.000124,0.000176,0.000270,0.000056,0.002374
swap_dynv2,8,256,262144,0.002603,0.000000,0.000007,0.000109,0.000168,0.000265,0.000065,0.002345
swap_dynv2,8,256,262144,0.002584,0.000000,0.000006,0.000117,0.000165,0.000259,0.000059,0.002376
swap_dynv2,8,256,262144,0.002645,0.000000,0.000009,0.000116,0.000184,0.000277,0.000056,0.002380
swap_dynv2,8,256,262144,0.002607,0.000000,0.000009,0.000113,0.000169,0.000271,0.000054,0.002433
swap_dynv2,8,256,262144,0.002649,0.000000,0.000008,0.000113,0.000178,0.000263,0.000060,0.003647
swap_dynv2,8,256,262144,0.002546,0.000000,0.000009,0.000109,0.000174,0.000273,0.000052,0.003681
swap_dynv2,8,256,262144,0.002566,0.000000,0.000008,0.000146,0.000183,0.000240,0.000055,0.003746
swap_dynv2,8,256,262144,0.002576,0.000000,0.000007,0.000105,0.000169,0.000260,0.000059,0.003797
swap_dynv2,8,256,262144,0.002617,0.000000,0.000007,0.000104,0.000153,0.000235,0.000051,0.003031
swap_dynv2,8,256,262144,0.002530,0.000000,0.000009,0.000143,0.000187,0.000248,0.000165,0.002241
swap_dynv2,8,256,262144,0.002588,0.000000,0.000008,0.000114,0.000165,0.000260,0.000056,0.003513
swap_dynv2,8,256,262144,0.002605,0.000000,0.000008,0.000115,0.000169,0.000241,0.000054,0.002406
swap_dynv2,8,256,262144,0.002605,0.000000,0.000007,0.000108,0.000181,0.000235,0.000055,0.002345
swap_dynv2,8,256,262144,0.002627,0.000000,0.000008,0.000121,0.000185,0.000254,0.000062,0.002405
swap_dynv2,8,256,262144,0.002613,0.000000,0.000007,0.000112,0.000162,0.000242,0.000052,0.003778
swap_dynv2,8,256,262144,0.002625,0.000000,0.000008,0.000147,0.000175,0.000252,0.000059,0.003653
swap_dynv2,8,256,262144,0.002588,0.000000,0.000008,0.000116,0.000180,0.000245,0.000057,0.002370
swap_dynv2,8,256,262144,0.002559,0.000000,0.000008,0.000113,0.000174,0.000254,0.000059,0.002317
swap_dynv2,8,256,262144,0.002594,0.000000,0.000007,0.000109,0.000160,0.000255,0.000052,0.003794
swap_dynv2,8,256,262144,0.002545,0.000000,0.000008,0.000109,0.000185,0.000252,0.000050,0.002541
swap_dynv2,8,256,262144,0.002539,0.000000,0.000007,0.000113,0.000160,0.000250,0.000053,0.002328
swap_dynv2,8,256,262144,0.002587,0.000000,0.000008,0.000116,0.000182,0.000253,0.000067,0.002556
swap_dynv2,8,256,262144,0.002428,0.000000,0.000008,0.000114,0.000168,0.000282,0.000074,0.002641
swap_dynv2,8,256,262144,0.002551,0.000000,0.000008,0.000121,0.000180,0.000259,0.000055,0.002401
swap_dynv2,8,256,262144,0.002578,0.000000,0.000007,0.000109,0.000154,0.000237,0.000057,0.003759
swap_dynv2,8,256,262144,0.002556,0.000000,0.000009,0.000121,0.000184,0.000249,0.000066,0.002336
swap_dynv2,8,256,262144,0.002532,0.000000,0.000008,0.000109,0.000176,0.000249,0.000059,0.002346
swap_dynv2,8,256,262144,0.002621,0.000000,0.000008,0.000167,0.000176,0.000255,0.000069,0.002843
swap_dynv2,8,256,262144,0.002599,0.000000,0.000008,0.000111,0.000173,0.000259,0.000051,0.002441
swap_dynv2,8,256,262144,0.002663,0.000000,0.000009,0.000111,0.000190,0.000265,0.000049,0.003738
swap_dynv2,8,256,262144,0.002454,0.000000,0.000007,0.000107,0.000151,0.000273,0.000063,0.002376
swap_dynv2,8,256,262144,0.002543,0.000000,0.000007,0.000105,0.000155,0.000276,0.000057,0.003654
swap_dynv2,8,256,262144,0.002609,0.000000,0.000008,0.000121,0.000179,0.000248,0.000067,0.002308
swap_dynv2,8,256,262144,0.002608,0.000000,0.000008,0.000113,0.000184,0.000259,0.000056,0.003515
swap_dynv2,8,256,262144,0.002532,0.000000,0.000008,0.000114,0.000185,0.000255,0.000052,0.002363
swap_dynv2,8,256,262144,0.002551,0.000000,0.000009,0.000110,0.000165,0.000256,0.000057,0.002581
swap_dynv2,8,256,262144,0.002583,0.000000,0.000009,0.000114,0.000178,0.000251,0.000115,0.002382
swap_dynv2,8,256,262144,0.002604,0.000000,0.000007,0.000108,0.000162,0.000242,0.000063,0.002422
swap_dynv2,8,256,262144,0.002606,0.000000,0.000008,0.000117,0.000176,0.000265,0.000054,0.003799
swap_dynv2,8,256,262144,0.002603,0.000000,0.000008,0.000123,0.000174,0.000257,0.000066,0.002322
swap_dynv2,8,256,262144,0.002578,0.000000,0.000007,0.000107,0.000165,0.000244,0.000069,0.002431
swap_dynv2,8,256,262144,0.002524,0.000000,0.000007,0.000113,0.000155,0.000243,0.000055,0.002444
swap_dynv2,8,256,262144,0.002534,0.000000,0.000007,0.000110,0.000162,0.000262,0.000080,0.002391
swap_dynv2,8,256,262144,0.002507,0.000000,0.000007,0.000109,0.000161,0.000243,0.000053,0.003802
swap_dynv2,8,256,262144,0.002558,0.000000,0.000007,0.000109,0.000155,0.000289,0.000049,0.003798
swap_dynv2,8,256,262144,0.002590,0.000000,0.000008,0.000115,0.000176,0.000263,0.000056,0.002371
swap_dynv2,8,256,262144,0.002626,0.000000,0.000008,0.000111,0.000172,0.000255,0.000054,0.002329
swap_dynv2,8,256,262144,0.002454,0.000000,0.000007,0.000108,0.000152,0.000282,0.000056,0.002602
swap_dynv2,8,256,262144,0.002582,0.000000,0.000008,0.000112,0.000155,0.000252,0.000053,0.002776
swap_dynv2,8,256,262144,0.002539,0.000000,0.000007,0.000105,0.000157,0.000243,0.000059,0.002339
swap_dynv2,8,256,262144,0.002447,0.000000,0.000007,0.000101,0.000151,0.000239,0.000072,0.002441
swap_dynv2,8,256,262144,0.002560,0.000000,0.000007,0.000113,0.000161,0.000259,0.000061,0.002678
swap_dynv2,8,256,262144,0.002497,0.000000,0.000007,0.000107,0.000205,0.000332,0.000063,0.003762
swap_dynv2,8,256,262144,0.002646,0.000000,0.000011,0.000126,0.000178,0.000252,0.000053,0.002461
swap_dynv2,8,256,262144,0.002583,0.000000,0.000008,0.000118,0.000181,0.000258,0.000049,0.003771
swap_dynv2,8,256,262144,0.002527,0.000000,0.000007,0.000106,0.000157,0.000250,0.000055,0.002527
swap_dynv2,8,256,262144,0.002618,0.000000,0.000009,0.000109,0.000169,0.000251,0.000069,0.002362
swap_dynv2,8,256,262144,0.002615,0.000000,0.000007,0.000166,0.000158,0.000245,0.000060,0.002327
swap_static,8,256,16777216,0.136246,0.000000,0.000000,0.000180,0.000208,0.000321,0.000069,0.137115
swap_static,8,256,16777216,0.135199,0.000000,0.000000,0.000129,0.000205,0.000306,0.000052,0.135928
swap_static,8,256,16777216,0.135320,0.000000,0.000000,0.000129,0.000200,0.000336,0.000061,0.135866
swap_static,8,256,16777216,0.134760,0.000000,0.000000,0.000122,0.000168,0.000321,0.000070,0.134679
swap_static,8,256,16777216,0.135403,0.000000,0.000000,0.000130,0.000182,0.000309,0.000056,0.136525
swap_static,8,256,16777216,0.135359,0.000000,0.000000,0.000136,0.000196,0.000306,0.000054,0.136233
swap_static,8,256,16777216,0.135325,0.000000,0.000000,0.000127,0.000204,0.000305,0.000063,0.135292
swap_static,8,256,16777216,0.135084,0.000000,0.000000,0.000130,0.000203,0.000315,0.000066,0.134520
swap_static,8,256,16777216,0.134520,0.000000,0.000000,0.000132,0.000216,0.000305,0.000067,0.133738
swap_static,8,256,16777216,0.135131,0.000000,0.000000,0.000130,0.000199,0.000303,0.000065,0.135220
swap_static,8,256,16777216,0.135221,0.000000,0.000000,0.000131,0.000204,0.000312,0.000051,0.136220
swap_static,8,256,16777216,0.135503,0.000000,0.000000,0.000133,0.000209,0.000310,0.000053,0.137184
swap_static,8,256,16777216,0.136505,0.000000,0.000000,0.000132,0.000204,0.000299,0.000059,0.136098
swap_static,8,256,16777216,0.135052,0.000000,0.000000,0.000133,0.000195,0.000321,0.000063,0.140715
swap_static,8,256,16777216,0.134664,0.000000,0.000000,0.000124,0.000191,0.000326,0.000056,0.135213
swap_static,8,256,16777216,0.135195,0.000000,0.000000,0.000134,0.000208,0.000299,0.000059,0.136005
swap_static,8,256,16777216,0.133914,0.000000,0.000000,0.000130,0.000197,0.000304,0.000063,0.134450
swap_static,8,256,16777216,0.135452,0.000000,0.000000,0.000130,0.000188,0.000305,0.000060,0.135524
swap_static,8,256,16777216,0.135526,0.000000,0.000000,0.000131,0.000213,0.000320,0.000061,0.135625
swap_static,8,256,16777216,0.134471,0.000000,0.000000,0.000132,0.000187,0.000300,0.000055,0.135690
swap_static,8,256,16777216,0.135112,0.000000,0.000000,0.000131,0.000193,0.000326,0.000058,0.136858
swap_static,8,256,16777216,0.135611,0.000000,0.000000,0.000128,0.000197,0.000298,0.000060,0.134771
swap_static,8,256,16777216,0.139840,0.000000,0.000000,0.000126,0.000194,0.000311,0.000056,0.136713
swap_static,8,256,16777216,0.135213,0.000000,0.000000,0.000128,0.000185,0.000326,0.000058,0.134865
swap_static,8,256,16777216,0.135035,0.000000,0.000000,0.000133,0.000200,0.000307,0.000177,0.134688
swap_static,8,256,16777216,0.135167,0.000000,0.000000,0.000134,0.000192,0.000305,0.000065,0.134630
swap_static,8,256,16777216,0.135636,0.000000,0.000000,0.000120,0.000194,0.000319,0.000057,0.135140
swap_static,8,256,16777216,0.135966,0.000000,0.000000,0.000137,0.000198,0.000317,0.000059,0.134603
swap_static,8,256,16777216,0.135085,0.000000,0.000000,0.000129,0.000187,0.000305,0.000057,0.134838
swap_static,8,256,16777216,0.135331,0.000000,0.000000,0.000137,0.000209,0.000330,0.000073,0.134972
swap_static,8,256,16777216,0.135176,0.000000,0.000000,0.000131,0.000193,0.000321,0.000059,0.134460
swap_static,8,256,16777216,0.135433,0.000000,0.000000,0.000125,0.000191,0.000320,0.000070,0.135766
swap_static,8,256,16777216,0.134578,0.000000,0.000000,0.000123,0.000183,0.000294,0.000052,0.135238
swap_static,8,256,16777216,0.134572,0.000000,0.000000,0.000127,0.000196,0.000307,0.000064,0.136560
swap_static,8,256,16777216,0.134988,0.000000,0.000000,0.000132,0.000213,0.000313,0.000052,0.136417
swap_static,8,256,16777216,0.136003,0.000000,0.000000,0.000138,0.000192,0.000321,0.000066,0.135619
swap_static,8,256,16777216,0.134361,0.000000,0.000000,0.000124,0.000193,0.000324,0.000050,0.134887
swap_static,8,256,16777216,0.133928,0.000000,0.000000,0.000125,0.000204,0.000325,0.000056,0.135230
swap_static,8,256,16777216,0.134710,0.000000,0.000000,0.000128,0.000208,0.000311,0.000057,0.135148
swap_static,8,256,16777216,0.134566,0.000000,0.000000,0.000126,0.000193,0.000311,0.000068,0.139862
swap_static,8,256,16777216,0.135911,0.000000,0.000000,0.000151,0.000212,0.000317,0.000055,0.135859
swap_static,8,256,16777216,0.135463,0.000000,0.000000,0.000131,0.000209,0.000304,0.000063,0.135176
swap_static,8,256,16777216,0.135081,0.000000,0.000000,0.000125,0.000199,0.000316,0.000064,0.135132
swap_static,8,256,16777216,0.135100,0.000000,0.000000,0.000134,0.000212,0.000302,0.000061,0.135594
swap_static,8,256,16777216,0.134618,0.000000,0.000000,0.000128,0.000199,0.000306,0.000057,0.135843
swap_static,8,256,16777216,0.134978,0.000000,0.000000,0.000132,0.000211,0.000318,0.000052,0.141403
swap_static,8,256,16777216,0.134988,0.000000,0.000000,0.000132,0.000181,0.000314,0.000050,0.135393
swap_static,8,256,16777216,0.134373,0.000000,0.000000,0.000130,0.000216,0.000312,0.000059,0.138040
swap_static,8,256,16777216,0.139998,0.000000,0.000000,0.000128,0.000193,0.000323,0.000061,0.134208
swap_static,8,256,16777216,0.135104,0.000000,0.000000,0.000127,0.000195,0.000315,0.000060,0.135182
swap_static,8,256,16777216,0.134667,0.000000,0.000000,0.000118,0.000205,0.000296,0.000065,0.134441
swap_static,8,256,16777216,0.135166,0.000000,0.000000,0.000123,0.000193,0.000316,0.000063,0.134563
swap_static,8,256,16777216,0.134555,0.000000,0.000000,0.000127,0.000199,0.000318,0.000068,0.136206
swap_static,8,256,16777216,0.135385,0.000000,0.000000,0.000135,0.000205,0.000318,0.000059,0.134701
swap_static,8,256,16777216,0.135223,0.000000,0.000000,0.000130,0.000208,0.000307,0.000064,0.134799
swap_static,8,256,16777216,0.134578,0.000000,0.000000,0.000134,0.000203,0.000313,0.000066,0.136124
swap_static,8,256,16777216,0.135499,0.000000,0.000000,0.000123,0.000184,0.000322,0.000063,0.135088
swap_static,8,256,16777216,0.134036,0.000000,0.000000,0.000126,0.000198,0.000306,0.000058,0.135667
swap_static,8,256,16777216,0.134961,0.000000,0.000000,0.000130,0.000200,0.000301,0.000065,0.133828
swap_static,8,256,16777216,0.135085,0.000000,0.000000,0.000133,0.000202,0.000296,0.000059,0.134367
swap_static,8,256,16777216,0.135167,0.000000,0.000000,0.000123,0.000192,0.000314,0.000059,0.135984
swap_static,8,256,16777216,0.135303,0.000000,0.000000,0.000131,0.000204,0.000314,0.000068,0.135165
swap_static,8,256,16777216,0.135133,0.000000,0.000000,0.000129,0.000201,0.000327,0.000056,0.135417
swap_static,8,256,16777216,0.135291,0.000000,0.000000,0.000134,0.000192,0.000317,0.000053,0.135963
swap_static,8,256,16777216,0.135564,0.000000,0.000000,0.000127,0.000211,0.000306,0.000061,0.134652
swap_static,8,256,16777216,0.134933,0.000000,0.000000,0.000124,0.000202,0.000323,0.000061,0.139242
swap_static,8,256,16777216,0.134886,0.000000,0.000000,0.000133,0.000183,0.000314,0.000052,0.136040
swap_static,8,256,16777216,0.134956,0.000000,0.000000,0.000128,0.000214,0.000318,0.000068,0.136117
swap_static,8,256,16777216,0.134890,0.000000,0.000000,0.000122,0.000187,0.000335,0.000057,0.136709
swap_static,8,256,16777216,0.135007,0.000000,0.000000,0.000130,0.000202,0.000323,0.000055,0.135941
swap_static,8,256,16777216,0.135027,0.000000,0.000000,0.000131,0.000214,0.000309,0.000053,0.136060
swap_static,8,256,16777216,0.135011,0.000000,0.000000,0.000130,0.000198,0.000324,0.000065,0.134865
swap_static,8,256,16777216,0.135501,0.000000,0.000000,0.000139,0.000209,0.000323,0.000063,0.135116
swap_static,8,256,16777216,0.134998,0.000000,0.000000,0.000130,0.000203,0.000332,0.000050,0.133715
swap_static,8,256,16777216,0.139285,0.000000,0.000000,0.000127,0.000199,0.000304,0.000078,0.136038
swap_dynv2,8,256,16777216,0.134717,0.000000,0.000013,0.000176,0.000226,0.000406,0.000206,0.134750
swap_dynv2,8,256,16777216,0.135122,0.000000,0.000012,0.000136,0.000211,0.000315,0.000059,0.135823
swap_dynv2,8,256,16777216,0.134685,0.000000,0.000011,0.000138,0.000196,0.000315,0.000065,0.139016
swap_dynv2,8,256,16777216,0.133946,0.000000,0.000012,0.000131,0.000203,0.000333,0.000055,0.135268
swap_dynv2,8,256,16777216,0.133361,0.000000,0.000011,0.000141,0.000190,0.000333,0.000056,0.135608
swap_dynv2,8,256,16777216,0.134388,0.000000,0.000012,0.000131,0.000204,0.000327,0.000062,0.136368
swap_dynv2,8,256,16777216,0.134761,0.000000,0.000013,0.000137,0.000207,0.000315,0.000062,0.134776
swap_dynv2,8,256,16777216,0.135065,0.000000,0.000012,0.000135,0.000210,0.000316,0.000061,0.135608
swap_dynv2,8,256,16777216,0.134508,0.000000,0.000011,0.000132,0.000204,0.000304,0.000070,0.134691
swap_dynv2,8,256,16777216,0.134458,0.000000,0.000013,0.000141,0.000213,0.000323,0.000064,0.135594
swap_dynv2,8,256,16777216,0.134220,0.000000,0.000011,0.000143,0.000231,0.000310,0.000062,0.133986
swap_dynv2,8,256,16777216,0.139955,0.000000,0.000011,0.000132,0.000188,0.000306,0.000063,0.134368
swap_dynv2,8,256,16777216,0.134791,0.000000,0.000011,0.000146,0.000214,0.000307,0.000072,0.134468
swap_dynv2,8,256,16777216,0.134413,0.000000,0.000011,0.000135,0.000213,0.000332,0.000056,0.136218
swap_dynv2,8,256,16777216,0.134294,0.000000,0.000011,0.000137,0.000194,0.000295,0.000065,0.134481
swap_dynv2,8,256,16777216,0.133924,0.000000,0.000012,0.000131,0.000216,0.000308,0.000073,0.134631
swap_dynv2,8,256,16777216,0.134587,0.000000,0.000010,0.000133,0.000209,0.000316,0.000084,0.134259
swap_dynv2,8,256,16777216,0.133817,0.000000,0.000011,0.000135,0.000198,0.000319,0.000060,0.136015
swap_dynv2,8,256,16777216,0.135046,0.000000,0.000011,0.000132,0.000196,0.000331,0.000053,0.135682
swap_dynv2,8,256,16777216,0.134269,0.000000,0.000011,0.000140,0.000213,0.000308,0.000062,0.133998
swap_dynv2,8,256,16777216,0.134757,0.000000,0.000011,0.000137,0.000199,0.000320,0.000062,0.134643
swap_dynv2,8,256,16777216,0.139595,0.000000,0.000011,0.000134,0.000196,0.000306,0.000063,0.134146
swap_dynv2,8,256,16777216,0.134492,0.000000,0.000017,0.000139,0.000211,0.000296,0.000071,0.135466
swap_dynv2,8,256,16777216,0.134780,0.000000,0.000010,0.000128,0.000191,0.000300,0.000054,0.135876
swap_dynv2,8,256,16777216,0.134926,0.000000,0.000011,0.000156,0.000200,0.000288,0.000064,0.134896
swap_dynv2,8,256,16777216,0.133959,0.000000,0.000011,0.000131,0.000192,0.000297,0.000077,0.135424
swap_dynv2,8,256,16777216,0.134676,0.000000,0.000011,0.000138,0.000207,0.000314,0.000063,0.133334
swap_dynv2,8,256,16777216,0.134162,0.000000,0.000012,0.000139,0.000213,0.000290,0.000068,0.135883
swap_dynv2,8,256,16777216,0.134711,0.000000,0.000012,0.000134,0.000199,0.000314,0.000070,0.138958
swap_dynv2,8,256,16777216,0.134608,0.000000,0.000012,0.000129,0.000206,0.000315,0.000060,0.135023
swap_dynv2,8,256,16777216,0.134468,0.000000,0.000012,0.000131,0.000210,0.000322,0.000073,0.134238
swap_dynv2,8,256,16777216,0.134944,0.000000,0.000011,0.000131,0.000202,0.000314,0.000059,0.134495
swap_dynv2,8,256,16777216,0.135681,0.000000,0.000011,0.000124,0.000207,0.000309,0.000077,0.134110
swap_dynv2,8,256,16777216,0.134645,0.000000,0.000012,0.000147,0.000212,0.000287,0.000076,0.135635
swap_dynv2,8,256,16777216,0.134685,0.000000,0.000012,0.000136,0.000207,0.000310,0.000065,0.134071
swap_dynv2,8,256,16777216,0.134621,0.000000,0.000012,0.000133,0.000207,0.000315,0.000065,0.133990
swap_dynv2,8,256,16777216,0.134876,0.000000,0.000012,0.000124,0.000205,0.000334,0.000063,0.134271
swap_dynv2,8,256,16777216,0.134681,0.000000,0.000013,0.000138,0.000221,0.000337,0.000052,0.135316
swap_dynv2,8,256,16777216,0.134430,0.000000,0.000012,0.000140,0.000212,0.000310,0.000065,0.133833
swap_dynv2,8,256,16777216,0.134779,0.000000,0.000011,0.000139,0.000204,0.000315,0.000064,0.134306
swap_dynv2,8,256,16777216,0.134727,0.000000,0.000011,0.000138,0.000216,0.000318,0.000180,0.133646
swap_dynv2,8,256,16777216,0.131058,0.000000,0.000012,0.000143,0.000200,0.000314,0.000065,0.132319
swap_dynv2,8,256,16777216,0.135207,0.000000,0.000011,0.000131,0.000213,0.000314,0.000063,0.135366
swap_dynv2,8,256,16777216,0.134635,0.000000,0.000011,0.000132,0.000212,0.000374,0.000065,0.133742
swap_dynv2,8,256,16777216,0.135095,0.000000,0.000011,0.000135,0.000196,0.000335,0.000064,0.135543
swap_dynv2,8,256,16777216,0.134765,0.000000,0.000011,0.000130,0.000202,0.000338,0.000057,0.133804
swap_dynv2,8,256,16777216,0.134141,0.000000,0.000012,0.000143,0.000219,0.000320,0.000062,0.133750
swap_dynv2,8,256,16777216,0.133994,0.000000,0.000011,0.000138,0.000196,0.000324,0.000064,0.133441
swap_dynv2,8,256,16777216,0.134655,0.000000,0.000012,0.000140,0.000228,0.000339,0.000056,0.135420
swap_dynv2,8,256,16777216,0.133790,0.000000,0.000011,0.000135,0.000211,0.000353,0.000193,0.133227
swap_dynv2,8,256,16777216,0.133878,0.000000,0.000011,0.000135,0.000199,0.000330,0.000070,0.133357
swap_dynv2,8,256,16777216,0.133971,0.000000,0.000011,0.000137,0.000208,0.000341,0.000060,0.135193
swap_dynv2,8,256,16777216,0.134026,0.000000,0.000012,0.000133,0.000201,0.000354,0.000063,0.134616
swap_dynv2,8,256,16777216,0.134358,0.000000,0.000012,0.000145,0.000212,0.000340,0.000055,0.134976
swap_dynv2,8,256,16777216,0.139540,0.000000,0.000011,0.000136,0.000193,0.000360,0.000071,0.133688
swap_dynv2,8,256,16777216,0.134830,0.000000,0.000011,0.000133,0.000196,0.000340,0.000060,0.134996
swap_dynv2,8,256,16777216,0.135376,0.000000,0.000012,0.000132,0.000235,0.000348,0.000066,0.134163
swap_dynv2,8,256,16777216,0.134351,0.000000,0.000012,0.000137,0.000217,0.000343,0.000063,0.134353
swap_dynv2,8,256,16777216,0.134615,0.000000,0.000011,0.000133,0.000198,0.000362,0.000077,0.134300
swap_dynv2,8,256,16777216,0.133664,0.000000,0.000011,0.000132,0.000209,0.000315,0.000055,0.134098
swap_dynv2,8,256,16777216,0.134028,0.000000,0.000013,0.000132,0.000229,0.000355,0.000063,0.134673
swap_dynv2,8,256,16777216,0.134392,0.000000,0.000012,0.000133,0.000216,0.000339,0.000062,0.135388
swap_dynv2,8,256,16777216,0.134141,0.000000,0.000012,0.000132,0.000212,0.000349,0.000072,0.135357
swap_dynv2,8,256,16777216,0.133993,0.000000,0.000011,0.000135,0.000218,0.000386,0.000064,0.135384
swap_dynv2,8,256,16777216,0.133591,0.000000,0.000015,0.000135,0.000206,0.000330,0.000062,0.133069
swap_dynv2,8,256,16777216,0.135034,0.000000,0.000012,0.000142,0.000195,0.000330,0.000056,0.134744
swap_dynv2,8,256,16777216,0.133789,0.000000,0.000014,0.000144,0.000244,0.000357,0.000072,0.134660
swap_dynv2,8,256,16777216,0.133841,0.000000,0.000010,0.000130,0.000213,0.000344,0.000062,0.135369
swap_dynv2,8,256,16777216,0.134585,0.000000,0.000011,0.000133,0.000223,0.000348,0.000065,0.133997
swap_dynv2,8,256,16777216,0.133714,0.000000,0.000010,0.000136,0.000198,0.000352,0.000080,0.133754
swap_dynv2,8,256,16777216,0.134148,0.000000,0.000012,0.000134,0.000225,0.000316,0.000067,0.135158
swap_dynv2,8,256,16777216,0.134524,0.000000,0.000011,0.000123,0.000203,0.000329,0.000056,0.136185
swap_dynv2,8,256,16777216,0.134596,0.000000,0.000011,0.000137,0.000239,0.000327,0.000062,0.133782
swap_dynv2,8,256,16777216,0.133824,0.000000,0.000011,0.000131,0.000210,0.000316,0.000066,0.133502
swap_dynv2,8,256,16777216,0.134576,0.000000,0.000011,0.000138,0.000195,0.000310,0.000064,0.135186
swap_static,8,1024,4096,0.000831,0.000000,0.000000,0.001421,0.000182,0.000291,0.000075,0.000378
swap_static,8,1024,4096,0.000529,0.000000,0.000000,0.000460,0.000187,0.000252,0.000059,0.000328
swap_static,8,1024,4096,0.000522,0.000000,0.000000,0.000320,0.000170,0.000235,0.000052,0.000334
swap_static,8,1024,4096,0.000516,0.000000,0.000000,0.000368,0.000175,0.000274,0.000407,0.000001
swap_static,8,1024,4096,0.000508,0.000000,0.000000,0.000311,0.000153,0.000232,0.000056,0.000370
swap_static,8,1024,4096,0.000517,0.000000,0.000000,0.000352,0.000179,0.000251,0.000058,0.000321
swap_static,8,1024,4096,0.000520,0.000000,0.000000,0.000323,0.000152,0.000251,0.000059,0.000343
swap_static,8,1024,4096,0.000482,0.000000,0.000000,0.000306,0.000147,0.000231,0.000383,0.000001
swap_static,8,1024,4096,0.000534,0.000000,0.000000,0.000397,0.000179,0.000267,0.000059,0.000341
swap_static,8,1024,4096,0.000526,0.000000,0.000000,0.000319,0.000144,0.000249,0.000056,0.000340
swap_static,8,1024,4096,0.000534,0.000000,0.000000,0.000323,0.000157,0.000243,0.000056,0.000324
swap_static,8,1024,4096,0.000558,0.000000,0.000000,0.000340,0.000178,0.000261,0.000065,0.000314
swap_static,8,1024,4096,0.000510,0.000000,0.000000,0.000316,0.000147,0.000237,0.000076,0.000325
swap_static,8,1024,4096,0.000522,0.000000,0.000000,0.000340,0.000177,0.000254,0.000051,0.000338
swap_static,8,1024,4096,0.000499,0.000000,0.000000,0.000313,0.000172,0.000251,0.000051,0.000393
swap_static,8,1024,4096,0.000532,0.000000,0.000000,0.000323,0.000232,0.000240,0.000054,0.000329
swap_static,8,1024,4096,0.000530,0.000000,0.000000,0.000321,0.000181,0.000249,0.000052,0.000325
swap_static,8,1024,4096,0.000529,0.000000,0.000000,0.000354,0.000178,0.000256,0.000058,0.000317
swap_static,8,1024,4096,0.000538,0.000000,0.000000,0.000324,0.000150,0.000245,0.000051,0.000331
swap_static,8,1024,4096,0.000533,0.000000,0.000000,0.000326,0.000164,0.000239,0.000054,0.000319
swap_static,8,1024,4096,0.000515,0.000000,0.000000,0.000321,0.000149,0.000234,0.000050,0.000326
swap_static,8,1024,4096,0.000524,0.000000,0.000000,0.000417,0.000176,0.000269,0.000053,0.000423
swap_static,8,1024,4096,0.000539,0.000000,0.000000,0.000381,0.000176,0.000241,0.000054,0.000350
swap_static,8,1024,4096,0.000526,0.000000,0.000000,0.000334,0.000162,0.000251,0.000055,0.000356
swap_static,8,1024,4096,0.000512,0.000000,0.000000,0.000306,0.000164,0.000247,0.000057,0.000348
swap_static,8,1024,4096,0.000549,0.000000,0.000000,0.000338,0.000176,0.000239,0.000063,0.000344
swap_static,8,1024,4096,0.000602,0.000000,0.000000,0.000333,0.000177,0.000259,0.000056,0.000342
swap_static,8,1024,4096,0.000526,0.000000,0.000000,0.000343,0.000181,0.000234,0.000053,0.000354
swap_static,8,1024,4096,0.000504,0.000000,0.000000,0.000374,0.000244,0.000245,0.000055,0.000330
swap_static,8,1024,4096,0.000499,0.000000,0.000000,0.000315,0.000152,0.000222,0.000051,0.000323
swap_static,8,1024,4096,0.000501,0.000000,0.000000,0.000305,0.000163,0.000241,0.000056,0.000330
swap_static,8,1024,4096,0.000516,0.000000,0.000000,0.000315,0.000150,0.000260,0.000061,0.000308
swap_static,8,1024,4096,0.000514,0.000000,0.000000,0.000397,0.000175,0.000245,0.000057,0.000324
swap_static,8,1024,4096,0.000520,0.000000,0.000000,0.000342,0.000172,0.000247,0.000052,0.000337
swap_static,8,1024,4096,0.000517,0.000000,0.000000,0.000326,0.000171,0.000235,0.000050,0.000335
swap_static,8,1024,4096,0.000506,0.000000,0.000000,0.000324,0.000171,0.000253,0.000052,0.000341
swap_static,8,1024,4096,0.000562,0.000000,0.000000,0.000319,0.000147,0.000234,0.000062,0.000337
swap_static,8,1024,4096,0.000501,0.000000,0.000000,0.000322,0.000146,0.000226,0.000077,0.003644
swap_static,8,1024,4096,0.000587,0.000000,0.000000,0.000319,0.000165,0.000261,0.000052,0.000343
swap_static,8,1024,4096,0.000514,0.000000,0.000000,0.000341,0.000180,0.000301,0.000062,0.000347
swap_static,8,1024,4096,0.000563,0.000000,0.000000,0.000313,0.000146,0.000238,0.000058,0.000320
swap_static,8,1024,4096,0.000537,0.000000,0.000000,0.000345,0.000176,0.000257,0.000051,0.000336
swap_static,8,1024,4096,0.000557,0.000000,0.000000,0.000334,0.000186,0.000252,0.000068,0.000304
swap_static,8,1024,4096,0.000504,0.000000,0.000000,0.000360,0.000187,0.000248,0.000053,0.000349
swap_static,8,1024,4096,0.000550,0.000000,0.000000,0.000374,0.000165,0.000231,0.000053,0.000331
swap_static,8,1024,4096,0.000518,0.000000,0.000000,0.000351,0.000179,0.000255,0.000062,0.000334
swap_static,8,1024,4096,0.000516,0.000000,0.000000,0.000303,0.000152,0.000226,0.000052,0.000372
swap_static,8,1024,4096,0.000615,0.000000,0.000000,0.000312,0.000155,0.000251,0.000055,0.000396
swap_static,8,1024,4096,0.000657,0.000000,0.000000,0.000329,0.000172,0.000242,0.000081,0.000312
swap_static,8,1024,4096,0.000522,0.000000,0.000000,0.000318,0.000164,0.000251,0.000066,0.000330
swap_static,8,1024,4096,0.000508,0.000000,0.000000,0.000319,0.000160,0.000245,0.000051,0.000326
swap_static,8,1024,4096,0.000521,0.000000,0.000000,0.000343,0.000188,0.000267,0.000052,0.000317
swap_static,8,1024,4096,0.000515,0.000000,0.000000,0.000348,0.000173,0.000247,0.000057,0.000332
swap_static,8,1024,4096,0.000560,0.000000,0.000000,0.000318,0.000161,0.000244,0.000058,0.000324
swap_static,8,1024,4096,0.000503,0.000000,0.000000,0.000367,0.000159,0.000231,0.000053,0.000386
swap_static,8,1024,4096,0.000532,0.000000,0.000000,0.000318,0.000163,0.000232,0.000051,0.000340
swap_static,8,1024,4096,0.000516,0.000000,0.000000,0.000324,0.000165,0.000244,0.000055,0.000351
swap_static,8,1024,4096,0.000521,0.000000,0.000000,0.000352,0.000179,0.000248,0.000055,0.000334
swap_static,8,1024,4096,0.000519,0.000000,0.000000,0.000343,0.000171,0.000255,0.000056,0.000333
swap_static,8,1024,4096,0.000563,0.000000,0.000000,0.000322,0.000164,0.000235,0.000056,0.000409
swap_static,8,1024,4096,0.000510,0.000000,0.000000,0.000313,0.000155,0.000226,0.000053,0.000330
swap_static,8,1024,4096,0.000524,0.000000,0.000000,0.000320,0.000169,0.000228,0.000051,0.000336
swap_static,8,1024,4096,0.000527,0.000000,0.000000,0.000340,0.000174,0.000259,0.000053,0.000333
swap_static,8,1024,4096,0.000599,0.000000,0.000000,0.000313,0.000149,0.000224,0.000051,0.000323
swap_static,8,1024,4096,0.000516,0.000000,0.000000,0.000304,0.000157,0.000239,0.000060,0.000339
swap_static,8,1024,4096,0.000543,0.000000,0.000000,0.000344,0.000179,0.000249,0.000055,0.000343
swap_static,8,1024,4096,0.000538,0.000000,0.000000,0.000342,0.000184,0.000241,0.000054,0.000354
swap_static,8,1024,4096,0.000512,0.000000,0.000000,0.000315,0.000155,0.000243,0.000063,0.000323
swap_static,8,1024,4096,0.000565,0.000000,0.000000,0.000343,0.000180,0.000265,0.000095,0.000333
swap_static,8,1024,4096,0.000547,0.000000,0.000000,0.000312,0.000150,0.000233,0.000052,0.000321
swap_static,8,1024,4096,0.000516,0.000000,0.000000,0.000340,0.000177,0.000322,0.000057,0.000328
swap_static,8,1024,4096,0.000511,0.000000,0.000000,0.000317,0.000161,0.000235,0.000056,0.000334
swap_static,8,1024,4096,0.000514,0.000000,0.000000,0.000346,0.000168,0.000262,0.000060,0.000334
swap_static,8,1024,4096,0.000573,0.000000,0.000000,0.000318,0.000172,0.000258,0.000053,0.000316
swap_static,8,1024,4096,0.000521,0.000000,0.000000,0.000317,0.000166,0.000273,0.000063,0.000322
swap_dynv2,8,1024,4096,0.000882,0.000000,0.000009,0.001444,0.000187,0.000326,0.000064,0.000404
swap_dynv2,8,1024,4096,0.000543,0.000000,0.000007,0.000438,0.000161,0.000242,0.000058,0.000336
swap_dynv2,8,1024,4096,0.000589,0.000000,0.000006,0.000324,0.000157,0.000251,0.000056,0.000346
swap_dynv2,8,1024,4096,0.000536,0.000000,0.000008,0.000397,0.000186,0.000274,0.000055,0.000329
swap_dynv2,8,1024,4096,0.000537,0.000000,0.000006,0.000317,0.000160,0.000235,0.000155,0.000250
swap_dynv2,8,1024,4096,0.000516,0.000000,0.000007,0.000309,0.000171,0.000249,0.000060,0.000360
swap_dynv2,8,1024,4096,0.000522,0.000000,0.000006,0.000307,0.000163,0.000299,0.000050,0.000352
swap_dynv2,8,1024,4096,0.000543,0.000000,0.000007,0.000321,0.000164,0.000261,0.000059,0.000341
swap_dynv2,8,1024,4096,0.000536,0.000000,0.000006,0.000318,0.000171,0.000240,0.000057,0.000337
swap_dynv2,8,1024,4096,0.000529,0.000000,0.000008,0.000332,0.000171,0.000237,0.000053,0.000337
swap_dynv2,8,1024,4096,0.000521,0.000000,0.000008,0.000323,0.000180,0.000229,0.000052,0.000407
swap_dynv2,8,1024,4096,0.000531,0.000000,0.000006,0.000323,0.000159,0.000249,0.000052,0.000345
swap_dynv2,8,1024,4096,0.000516,0.000000,0.000006,0.000315,0.000162,0.000235,0.000073,0.000322
swap_dynv2,8,1024,4096,0.000521,0.000000,0.000009,0.000370,0.000196,0.000261,0.000058,0.000356
swap_dynv2,8,1024,4096,0.000530,0.000000,0.000006,0.000316,0.000157,0.000231,0.000054,0.000433
swap_dynv2,8,1024,4096,0.000552,0.000000,0.000008,0.000343,0.000186,0.000272,0.000053,0.000355
swap_dynv2,8,1024,4096,0.000525,0.000000,0.000008,0.000335,0.000180,0.000259,0.000054,0.000342
swap_dynv2,8,1024,4096,0.000521,0.000000,0.000008,0.000336,0.000192,0.000250,0.000063,0.000322
swap_dynv2,8,1024,4096,0.000545,0.000000,0.000008,0.000331,0.000179,0.000249,0.000051,0.000333
swap_dynv2,8,1024,4096,0.000544,0.000000,0.000008,0.000332,0.000185,0.000252,0.000057,0.000332
swap_dynv2,8,1024,4096,0.000517,0.000000,0.000006,0.000314,0.000159,0.000231,0.000056,0.000342
swap_dynv2,8,1024,4096,0.000521,0.000000,0.000007,0.000315,0.000170,0.000238,0.000056,0.000337
swap_dynv2,8,1024,4096,0.000528,0.000000,0.000007,0.000306,0.000165,0.000229,0.000055,0.000345
swap_dynv2,8,1024,4096,0.000568,0.000000,0.000007,0.000322,0.000165,0.000257,0.000053,0.000349
swap_dynv2,8,1024,4096,0.000524,0.000000,0.000006,0.000308,0.000162,0.000263,0.000056,0.000347
swap_dynv2,8,1024,4096,0.000532,0.000000,0.000008,0.000350,0.000188,0.000274,0.000056,0.000334
swap_dynv2,8,1024,4096,0.000676,0.000000,0.000009,0.000343,0.000200,0.000360,0.000055,0.000342
swap_dynv2,8,1024,4096,0.000537,0.000000,0.000008,0.000353,0.000190,0.000257,0.000057,0.000334
swap_dynv2,8,1024,4096,0.000546,0.000000,0.000006,0.000339,0.000168,0.000252,0.000058,0.000361
swap_dynv2,8,1024,4096,0.000517,0.000000,0.000006,0.000366,0.000165,0.000232,0.000051,0.000340
swap_dynv2,8,1024,4096,0.000544,0.000000,0.000009,0.000342,0.000210,0.000251,0.000059,0.000359
swap_dynv2,8,1024,4096,0.000578,0.000000,0.000008,0.000338,0.000195,0.000279,0.000053,0.000349
swap_dynv2,8,1024,4096,0.000536,0.000000,0.000008,0.000317,0.000172,0.000250,0.000379,0.000015
swap_dynv2,8,1024,4096,0.000579,0.000000,0.000006,0.000312,0.000174,0.000258,0.000054,0.000329
swap_dynv2,8,1024,4096,0.000529,0.000000,0.000008,0.000318,0.000188,0.000237,0.000051,0.000335
swap_dynv2,8,1024,4096,0.000547,0.000000,0.000006,0.000312,0.000237,0.000230,0.000052,0.000327
swap_dynv2,8,1024,4096,0.000529,0.000000,0.000006,0.000309,0.000169,0.000228,0.000070,0.000313
swap_dynv2,8,1024,4096,0.000535,0.000000,0.000008,0.000353,0.000192,0.000246,0.000058,0.000330
swap_dynv2,8,1024,4096,0.000504,0.000000,0.000007,0.000324,0.000158,0.000221,0.000047,0.000331
swap_dynv2,8,1024,4096,0.000500,0.000000,0.000008,0.000360,0.000185,0.000251,0.000054,0.000340
swap_dynv2,8,1024,4096,0.000521,0.000000,0.000006,0.000320,0.000161,0.000240,0.000054,0.000339
swap_dynv2,8,1024,4096,0.000521,0.000000,0.000008,0.000355,0.000199,0.000253,0.000050,0.000421
swap_dynv2,8,1024,4096,0.000524,0.000000,0.000006,0.000314,0.000163,0.000233,0.000057,0.000330
swap_dynv2,8,1024,4096,0.000595,0.000000,0.000007,0.000315,0.000164,0.000240,0.000054,0.000338
swap_dynv2,8,1024,4096,0.000604,0.000000,0.000008,0.000311,0.000188,0.000255,0.000058,0.000336
swap_dynv2,8,1024,4096,0.000518,0.000000,0.000008,0.000383,0.000179,0.000300,0.000052,0.000340
swap_dynv2,8,1024,4096,0.000555,0.000000,0.000006,0.000317,0.000159,0.000241,0.000053,0.000329
swap_dynv2,8,1024,4096,0.000556,0.000000,0.000008,0.000344,0.000204,0.000261,0.000053,0.000339
swap_dynv2,8,1024,4096,0.000531,0.000000,0.000008,0.000353,0.000189,0.000251,0.000059,0.000330
swap_dynv2,8,1024,4096,0.000498,0.000000,0.000006,0.000354,0.000167,0.000246,0.000055,0.000359
swap_dynv2,8,1024,4096,0.000511,0.000000,0.000008,0.000316,0.000181,0.000239,0.000060,0.000443
swap_dynv2,8,1024,4096,0.000539,0.000000,0.000008,0.000320,0.000172,0.000244,0.000052,0.000354
swap_dynv2,8,1024,4096,0.000511,0.000000,0.000008,0.000345,0.000194,0.000261,0.000059,0.000332
swap_dynv2,8,1024,4096,0.000546,0.000000,0.000008,0.000318,0.000186,0.000246,0.000062,0.000341
swap_dynv2,8,1024,4096,0.000512,0.000000,0.000007,0.000306,0.000159,0.000229,0.000053,0.000381
swap_dynv2,8,1024,4096,0.000526,0.000000,0.000008,0.000380,0.000188,0.000260,0.000053,0.000323
swap_dynv2,8,1024,4096,0.000534,0.000000,0.000008,0.000339,0.000179,0.000268,0.000060,0.000335
swap_dynv2,8,1024,4096,0.000508,0.000000,0.000008,0.000342,0.000215,0.000246,0.000062,0.000329
swap_dynv2,8,1024,4096,0.000515,0.000000,0.000008,0.000338,0.000175,0.000238,0.000050,0.000353
swap_dynv2,8,1024,4096,0.000530,0.000000,0.000006,0.000322,0.000160,0.000247,0.000049,0.000337
swap_dynv2,8,1024,4096,0.000527,0.000000,0.000009,0.000329,0.000178,0.000250,0.000055,0.000333
swap_dynv2,8,1024,4096,0.000506,0.000000,0.000007,0.000354,0.000178,0.000257,0.000363,0.000017
swap_dynv2,8,1024,4096,0.000525,0.000000,0.000008,0.000405,0.000187,0.000249,0.000063,0.000332
swap_dynv2,8,1024,4096,0.000566,0.000000,0.000008,0.000319,0.000170,0.000243,0.000052,0.000331
swap_dynv2,8,1024,4096,0.000555,0.000000,0.000007,0.000305,0.000166,0.000292,0.000092,0.000323
swap_dynv2,8,1024,4096,0.000511,0.000000,0.000007,0.000314,0.000159,0.000231,0.000383,0.000000
swap_dynv2,8,1024,4096,0.000528,0.000000,0.000007,0.000320,0.000173,0.000244,0.000376,0.000008
swap_dynv2,8,1024,4096,0.000579,0.000000,0.000008,0.000343,0.000189,0.000270,0.000060,0.000324
swap_dynv2,8,1024,4096,0.000548,0.000000,0.000008,0.000342,0.000189,0.000269,0.000059,0.000332
swap_dynv2,8,1024,4096,0.000536,0.000000,0.000008,0.000310,0.000179,0.000261,0.000062,0.000332
swap_dynv2,8,1024,4096,0.000548,0.000000,0.000008,0.000345,0.000191,0.000245,0.000054,0.000318
swap_dynv2,8,1024,4096,0.000501,0.000000,0.000006,0.000308,0.000158,0.000222,0.000045,0.000328
swap_dynv2,8,1024,4096,0.000545,0.000000,0.000008,0.000351,0.000186,0.000258,0.000058,0.000328
swap_dynv2,8,1024,4096,0.000527,0.000000,0.000008,0.000394,0.000181,0.000249,0.000053,0.000321
swap_dynv2,8,1024,4096,0.000516,0.000000,0.000008,0.000337,0.000179,0.000250,0.000059,0.000338
swap_static,8,1024,262144,0.003522,0.000000,0.000000,0.001408,0.000189,0.000322,0.000063,0.003301
swap_static,8,1024,262144,0.003243,0.000000,0.000000,0.000341,0.000157,0.000307,0.000071,0.003199
swap_static,8,1024,262144,0.003210,0.000000,0.000000,0.000482,0.000156,0.000260,0.000054,0.003186
swap_static,8,1024,262144,0.003108,0.000000,0.000000,0.000323,0.000166,0.000249,0.000050,0.004527
swap_static,8,1024,262144,0.003149,0.000000,0.000000,0.000446,0.000168,0.000267,0.000051,0.002953
swap_static,8,1024,262144,0.003137,0.000000,0.000000,0.000317,0.000205,0.000243,0.000054,0.004548
swap_static,8,1024,262144,0.003150,0.000000,0.000000,0.000324,0.000153,0.000263,0.000052,0.004126
swap_static,8,1024,262144,0.003197,0.000000,0.000000,0.000483,0.000169,0.000354,0.000067,0.003017
swap_static,8,1024,262144,0.003208,0.000000,0.000000,0.000388,0.000189,0.000295,0.000067,0.002935
swap_static,8,1024,262144,0.003196,0.000000,0.000000,0.000373,0.000181,0.000293,0.000051,0.003776
swap_static,8,1024,262144,0.003238,0.000000,0.000000,0.000393,0.000188,0.000340,0.000081,0.004430
swap_static,8,1024,262144,0.003283,0.000000,0.000000,0.000373,0.000178,0.000291,0.000054,0.004435
swap_static,8,1024,262144,0.003127,0.000000,0.000000,0.000356,0.000191,0.000297,0.000054,0.002934
swap_static,8,1024,262144,0.003201,0.000000,0.000000,0.000377,0.000172,0.000323,0.000059,0.004551
swap_static,8,1024,262144,0.003156,0.000000,0.000000,0.000341,0.000177,0.000268,0.000058,0.002877
swap_static,8,1024,262144,0.003051,0.000000,0.000000,0.000326,0.000160,0.000249,0.000051,0.002922
swap_static,8,1024,262144,0.003125,0.000000,0.000000,0.000334,0.000189,0.000265,0.000052,0.002961
swap_static,8,1024,262144,0.003127,0.000000,0.000000,0.000319,0.000157,0.000251,0.000054,0.002966
swap_static,8,1024,262144,0.003181,0.000000,0.000000,0.000331,0.000176,0.000268,0.000065,0.002966
swap_static,8,1024,262144,0.003079,0.000000,0.000000,0.000315,0.000154,0.000244,0.000060,0.002898
swap_static,8,1024,262144,0.003183,0.000000,0.000000,0.000316,0.000153,0.000247,0.000053,0.003198
swap_static,8,1024,262144,0.003058,0.000000,0.000000,0.000316,0.000175,0.000273,0.000075,0.003076
swap_static,8,1024,262144,0.003034,0.000000,0.000000,0.000340,0.000174,0.000265,0.000056,0.002889
swap_static,8,1024,262144,0.003155,0.000000,0.000000,0.000337,0.000171,0.000255,0.000054,0.002884
swap_static,8,1024,262144,0.003063,0.000000,0.000000,0.000333,0.000171,0.000257,0.000053,0.002869
swap_static,8,1024,262144,0.003053,0.000000,0.000000,0.000318,0.000175,0.000249,0.000052,0.002913
swap_static,8,1024,262144,0.003173,0.000000,0.000000,0.000326,0.000158,0.000238,0.000051,0.003061
swap_static,8,1024,262144,0.003089,0.000000,0.000000,0.000327,0.000161,0.000248,0.000053,0.002893
swap_static,8,1024,262144,0.003059,0.000000,0.000000,0.000316,0.000158,0.000235,0.000052,0.002871
swap_static,8,1024,262144,0.003052,0.000000,0.000000,0.000318,0.000176,0.000243,0.000053,0.002897
swap_static,8,1024,262144,0.003080,0.000000,0.000000,0.000317,0.000161,0.000244,0.000054,0.004494
swap_static,8,1024,262144,0.003076,0.000000,0.000000,0.000312,0.000154,0.000241,0.000053,0.002918
swap_static,8,1024,262144,0.003140,0.000000,0.000000,0.000332,0.000177,0.000264,0.000053,0.004317
swap_static,8,1024,262144,0.003129,0.000000,0.000000,0.000321,0.000171,0.000283,0.000053,0.002956
swap_static,8,1024,262144,0.003204,0.000000,0.000000,0.000325,0.000181,0.000263,0.000065,0.004521
swap_static,8,1024,262144,0.003121,0.000000,0.000000,0.000330,0.000164,0.000257,0.000059,0.004168
swap_static,8,1024,262144,0.003092,0.000000,0.000000,0.000323,0.000157,0.000268,0.000050,0.003556
swap_static,8,1024,262144,0.003166,0.000000,0.000000,0.000334,0.000172,0.000265,0.000059,0.002913
swap_static,8,1024,262144,0.003174,0.000000,0.000000,0.000313,0.000161,0.000248,0.000067,0.002861
swap_static,8,1024,262144,0.003118,0.000000,0.000000,0.000326,0.000172,0.000257,0.000062,0.002985
swap_static,8,1024,262144,0.003121,0.000000,0.000000,0.000330,0.000186,0.000279,0.000053,0.002928
swap_static,8,1024,262144,0.003128,0.000000,0.000000,0.000330,0.000172,0.000266,0.000054,0.002940
swap_static,8,1024,262144,0.003146,0.000000,0.000000,0.000318,0.000155,0.000274,0.000059,0.004171
swap_static,8,1024,262144,0.003095,0.000000,0.000000,0.000315,0.000161,0.000233,0.000054,0.004481
swap_static,8,1024,262144,0.003086,0.000000,0.000000,0.000320,0.000158,0.000244,0.000052,0.002900
swap_static,8,1024,262144,0.003144,0.000000,0.000000,0.000325,0.000171,0.000237,0.000054,0.003401
swap_static,8,1024,262144,0.003068,0.000000,0.000000,0.000332,0.000212,0.000258,0.000055,0.002884
swap_static,8,1024,262144,0.003141,0.000000,0.000000,0.000333,0.000208,0.000268,0.000055,0.003007
swap_static,8,1024,262144,0.003122,0.000000,0.000000,0.000340,0.000168,0.000248,0.000054,0.002854
swap_static,8,1024,262144,0.003076,0.000000,0.000000,0.000350,0.000191,0.000285,0.000052,0.002996
swap_static,8,1024,262144,0.003099,0.000000,0.000000,0.000328,0.000164,0.000256,0.000053,0.002942
swap_static,8,1024,262144,0.003126,0.000000,0.000000,0.000313,0.000157,0.000248,0.000049,0.002927
swap_static,8,1024,262144,0.003123,0.000000,0.000000,0.000325,0.000172,0.000251,0.000057,0.002933
swap_static,8,1024,262144,0.003153,0.000000,0.000000,0.000322,0.000164,0.000255,0.000067,0.002866
swap_static,8,1024,262144,0.003043,0.000000,0.000000,0.000319,0.000161,0.000237,0.000052,0.002952
swap_static,8,1024,262144,0.003064,0.000000,0.000000,0.000326,0.000177,0.000280,0.000054,0.002934
swap_static,8,1024,262144,0.003071,0.000000,0.000000,0.000326,0.000152,0.000245,0.000051,0.003296
swap_static,8,1024,262144,0.003130,0.000000,0.000000,0.000331,0.000231,0.000280,0.000056,0.002872
swap_static,8,1024,262144,0.003166,0.000000,0.000000,0.000322,0.000204,0.000261,0.000050,0.002860
swap_static,8,1024,262144,0.003156,0.000000,0.000000,0.000330,0.000177,0.000264,0.000056,0.003091
swap_static,8,1024,262144,0.003256,0.000000,0.000000,0.000330,0.000165,0.000268,0.000049,0.002906
swap_static,8,1024,262144,0.003079,0.000000,0.000000,0.000317,0.000162,0.000241,0.000050,0.004226
swap_static,8,1024,262144,0.003055,0.000000,0.000000,0.000316,0.000156,0.000250,0.000065,0.003756
swap_static,8,1024,262144,0.003177,0.000000,0.000000,0.000324,0.000177,0.000271,0.000052,0.002918
swap_static,8,1024,262144,0.003060,0.000000,0.000000,0.000323,0.000174,0.000264,0.000062,0.002979
swap_static,8,1024,262144,0.003093,0.000000,0.000000,0.000319,0.000174,0.000279,0.000055,0.002942
swap_static,8,1024,262144,0.003019,0.000000,0.000000,0.000336,0.000183,0.000293,0.000053,0.004099
swap_static,8,1024,262144,0.003093,0.000000,0.000000,0.000329,0.000184,0.000268,0.000065,0.002887
swap_static,8,1024,262144,0.003194,0.000000,0.000000,0.000326,0.000199,0.000286,0.000055,0.002931
swap_static,8,1024,262144,0.003062,0.000000,0.000000,0.000335,0.000177,0.000270,0.000053,0.002893
swap_static,8,1024,262144,0.003068,0.000000,0.000000,0.000341,0.000176,0.000260,0.000055,0.002871
swap_static,8,1024,262144,0.003155,0.000000,0.000000,0.000340,0.000157,0.000245,0.000052,0.002982
swap_static,8,1024,262144,0.003175,0.000000,0.000000,0.000323,0.000162,0.000263,0.000055,0.003479
swap_static,8,1024,262144,0.003132,0.000000,0.000000,0.000319,0.000162,0.000264,0.000053,0.002890
swap_static,8,1024,262144,0.003115,0.000000,0.000000,0.000324,0.000176,0.000268,0.000055,0.003125
swap_dynv2,8,1024,262144,0.004326,0.000000,0.000010,0.001409,0.000191,0.000318,0.000070,0.003063
swap_dynv2,8,1024,262144,0.003229,0.000000,0.000009,0.000345,0.000185,0.000296,0.000074,0.003075
swap_dynv2,8,1024,262144,0.003254,0.000000,0.000009,0.000351,0.000182,0.000298,0.000059,0.002970
swap_dynv2,8,1024,262144,0.003594,0.000000,0.000009,0.000363,0.000195,0.000318,0.000054,0.003310
swap_dynv2,8,1024,262144,0.003253,0.000000,0.000007,0.000332,0.000166,0.000278,0.000052,0.005176
swap_dynv2,8,1024,262144,0.003315,0.000000,0.000008,0.000346,0.000180,0.000289,0.000072,0.003096
swap_dynv2,8,1024,262144,0.003290,0.000000,0.000008,0.000334,0.000165,0.000265,0.000053,0.004452
swap_dynv2,8,1024,262144,0.003220,0.000000,0.000008,0.000333,0.000178,0.000278,0.000051,0.004576
swap_dynv2,8,1024,262144,0.003293,0.000000,0.000007,0.000329,0.000157,0.000267,0.000059,0.003003
swap_dynv2,8,1024,262144,0.003230,0.000000,0.000008,0.000334,0.000171,0.000267,0.000065,0.002978
swap_dynv2,8,1024,262144,0.003250,0.000000,0.000007,0.000431,0.000168,0.000239,0.000054,0.003710
swap_dynv2,8,1024,262144,0.003192,0.000000,0.000007,0.000334,0.000160,0.000249,0.000058,0.003111
swap_dynv2,8,1024,262144,0.003201,0.000000,0.000008,0.000332,0.000177,0.000270,0.000068,0.003035
swap_dynv2,8,1024,262144,0.003559,0.000000,0.000008,0.000341,0.000170,0.000264,0.000085,0.004295
swap_dynv2,8,1024,262144,0.003248,0.000000,0.000009,0.000387,0.000181,0.000267,0.000063,0.003084
swap_dynv2,8,1024,262144,0.003239,0.000000,0.000008,0.000338,0.000195,0.000248,0.000056,0.002980
swap_dynv2,8,1024,262144,0.003178,0.000000,0.000009,0.000342,0.000184,0.000266,0.000054,0.002980
swap_dynv2,8,1024,262144,0.003245,0.000000,0.000008,0.000327,0.000177,0.000262,0.000054,0.002965
swap_dynv2,8,1024,262144,0.003207,0.000000,0.000008,0.000329,0.000202,0.000253,0.000055,0.003666
swap_dynv2,8,1024,262144,0.003153,0.000000,0.000009,0.000332,0.000198,0.000250,0.000056,0.003005
swap_dynv2,8,1024,262144,0.003250,0.000000,0.000007,0.000326,0.000165,0.000246,0.000058,0.003091
swap_dynv2,8,1024,262144,0.003232,0.000000,0.000007,0.000322,0.000160,0.000254,0.000054,0.004314
swap_dynv2,8,1024,262144,0.003215,0.000000,0.000007,0.000342,0.000163,0.000251,0.000058,0.003321
swap_dynv2,8,1024,262144,0.003258,0.000000,0.000009,0.000336,0.000230,0.000270,0.000054,0.004593
swap_dynv2,8,1024,262144,0.003160,0.000000,0.000008,0.000344,0.000186,0.000284,0.000059,0.003709
swap_dynv2,8,1024,262144,0.003223,0.000000,0.000009,0.000387,0.000187,0.000255,0.000063,0.003073
swap_dynv2,8,1024,262144,0.003230,0.000000,0.000007,0.000332,0.000174,0.000259,0.000050,0.004201
swap_dynv2,8,1024,262144,0.003182,0.000000,0.000009,0.000345,0.000183,0.000266,0.000058,0.004088
swap_dynv2,8,1024,262144,0.003158,0.000000,0.000007,0.000321,0.000163,0.000254,0.000060,0.004647
swap_dynv2,8,1024,262144,0.003139,0.000000,0.000007,0.000329,0.000166,0.000267,0.000052,0.003075
swap_dynv2,8,1024,262144,0.003214,0.000000,0.000009,0.000355,0.000191,0.000271,0.000069,0.003051
swap_dynv2,8,1024,262144,0.003272,0.000000,0.000008,0.000349,0.000188,0.000257,0.000053,0.004413
swap_dynv2,8,1024,262144,0.003290,0.000000,0.000009,0.000342,0.000189,0.000249,0.000054,0.004529
swap_dynv2,8,1024,262144,0.003198,0.000000,0.000008,0.000331,0.000190,0.000249,0.000054,0.003655
swap_dynv2,8,1024,262144,0.003206,0.000000,0.000008,0.000323,0.000178,0.000259,0.000055,0.002988
swap_dynv2,8,1024,262144,0.003127,0.000000,0.000008,0.000318,0.000228,0.000235,0.000055,0.003174
swap_dynv2,8,1024,262144,0.003200,0.000000,0.000008,0.000314,0.000165,0.000253,0.000055,0.002980
swap_dynv2,8,1024,262144,0.003117,0.000000,0.000007,0.000322,0.000178,0.000250,0.000106,0.002948
swap_dynv2,8,1024,262144,0.003188,0.000000,0.000008,0.000320,0.000179,0.000279,0.000061,0.003017
swap_dynv2,8,1024,262144,0.003178,0.000000,0.000007,0.000335,0.000179,0.000238,0.000053,0.003034
swap_dynv2,8,1024,262144,0.003209,0.000000,0.000009,0.000342,0.000200,0.000269,0.000059,0.004325
swap_dynv2,8,1024,262144,0.003285,0.000000,0.000007,0.000358,0.000173,0.000252,0.000055,0.003037
swap_dynv2,8,1024,262144,0.003213,0.000000,0.000009,0.000331,0.000179,0.000258,0.000057,0.004364
swap_dynv2,8,1024,262144,0.003226,0.000000,0.000007,0.000315,0.000169,0.000248,0.000055,0.003156
swap_dynv2,8,1024,262144,0.003114,0.000000,0.000008,0.000340,0.000186,0.000254,0.000050,0.004424
swap_dynv2,8,1024,262144,0.003109,0.000000,0.000007,0.000324,0.000158,0.000256,0.000183,0.002868
swap_dynv2,8,1024,262144,0.003139,0.000000,0.000009,0.000321,0.000188,0.000251,0.000057,0.004519
swap_dynv2,8,1024,262144,0.003111,0.000000,0.000007,0.000321,0.000163,0.000264,0.000069,0.002932
swap_dynv2,8,1024,262144,0.003160,0.000000,0.000007,0.000321,0.000168,0.000273,0.000061,0.004667
swap_dynv2,8,1024,262144,0.003131,0.000000,0.000008,0.000319,0.000165,0.000257,0.000068,0.004208
swap_dynv2,8,1024,262144,0.003214,0.000000,0.000009,0.000338,0.000176,0.000255,0.000054,0.002936
swap_dynv2,8,1024,262144,0.003178,0.000000,0.000009,0.000337,0.000186,0.000268,0.000058,0.003527
swap_dynv2,8,1024,262144,0.003104,0.000000,0.000007,0.000324,0.000167,0.000245,0.000054,0.003650
swap_dynv2,8,1024,262144,0.003288,0.000000,0.000008,0.000326,0.000193,0.000259,0.000054,0.003119
swap_dynv2,8,1024,262144,0.003150,0.000000,0.000008,0.000331,0.000178,0.000257,0.000055,0.004366
swap_dynv2,8,1024,262144,0.003211,0.000000,0.000008,0.000326,0.000175,0.000257,0.000054,0.004594
swap_dynv2,8,1024,262144,0.003149,0.000000,0.000007,0.000329,0.000178,0.000278,0.000062,0.003292
swap_dynv2,8,1024,262144,0.003215,0.000000,0.000009,0.000339,0.000185,0.000257,0.000057,0.002967
swap_dynv2,8,1024,262144,0.003271,0.000000,0.000010,0.000362,0.000195,0.000263,0.000055,0.002938
swap_dynv2,8,1024,262144,0.003198,0.000000,0.000009,0.000341,0.000178,0.000251,0.000051,0.003005
swap_dynv2,8,1024,262144,0.003208,0.000000,0.000008,0.000346,0.000191,0.000270,0.000066,0.002981
swap_dynv2,8,1024,262144,0.003188,0.000000,0.000008,0.000315,0.000182,0.000250,0.000054,0.004600
swap_dynv2,8,1024,262144,0.003125,0.000000,0.000007,0.000316,0.000167,0.000247,0.000068,0.003459
swap_dynv2,8,1024,262144,0.003165,0.000000,0.000007,0.000328,0.000174,0.000258,0.000051,0.003080
swap_dynv2,8,1024,262144,0.003188,0.000000,0.000009,0.000330,0.000186,0.000257,0.000059,0.004240
swap_dynv2,8,1024,262144,0.003198,0.000000,0.000008,0.000331,0.000173,0.000261,0.000070,0.002929
swap_dynv2,8,1024,262144,0.003160,0.000000,0.000007,0.000323,0.000161,0.000257,0.000058,0.003006
swap_dynv2,8,1024,262144,0.003213,0.000000,0.000009,0.000324,0.000183,0.000256,0.000055,0.003028
swap_dynv2,8,1024,262144,0.003149,0.000000,0.000006,0.000318,0.000163,0.000254,0.000054,0.002951
swap_dynv2,8,1024,262144,0.003164,0.000000,0.000009,0.000339,0.000191,0.000270,0.000056,0.002974
swap_dynv2,8,1024,262144,0.003139,0.000000,0.000007,0.000316,0.000174,0.000248,0.000055,0.002885
swap_dynv2,8,1024,262144,0.003311,0.000000,0.000007,0.000347,0.000194,0.000263,0.000058,0.002986
swap_dynv2,8,1024,262144,0.003248,0.000000,0.000007,0.000313,0.000168,0.000246,0.000058,0.002966
swap_dynv2,8,1024,262144,0.003219,0.000000,0.000007,0.000318,0.000170,0.000266,0.000055,0.004682
swap_dynv2,8,1024,262144,0.003289,0.000000,0.000007,0.000319,0.000168,0.000243,0.000050,0.004624
swap_static,8,1024,16777216,0.177959,0.000000,0.000000,0.001453,0.000185,0.000356,0.000056,0.170773
swap_static,8,1024,16777216,0.171245,0.000000,0.000000,0.001416,0.000216,0.000315,0.000063,0.171042
swap_static,8,1024,16777216,0.171250,0.000000,0.000000,0.000396,0.000202,0.000319,0.000080,0.171095
swap_static,8,1024,16777216,0.171039,0.000000,0.000000,0.000412,0.000194,0.000317,0.000057,0.170970
swap_static,8,1024,16777216,0.171230,0.000000,0.000000,0.000392,0.000210,0.000310,0.000074,0.170813
swap_static,8,1024,16777216,0.171127,0.000000,0.000000,0.000460,0.000229,0.000333,0.000065,0.173600
swap_static,8,1024,16777216,0.170612,0.000000,0.000000,0.000394,0.000207,0.000321,0.000053,0.171266
swap_static,8,1024,16777216,0.171250,0.000000,0.000000,0.000405,0.000212,0.000313,0.000065,0.176355
swap_static,8,1024,16777216,0.172310,0.000000,0.000000,0.000391,0.000202,0.000323,0.000061,0.172263
swap_static,8,1024,16777216,0.172036,0.000000,0.000000,0.000402,0.000210,0.000335,0.000056,0.173408
swap_static,8,1024,16777216,0.172165,0.000000,0.000000,0.000398,0.000225,0.000309,0.000060,0.171217
swap_static,8,1024,16777216,0.171175,0.000000,0.000000,0.000396,0.000218,0.000320,0.000062,0.171845
swap_static,8,1024,16777216,0.171104,0.000000,0.000000,0.000387,0.000210,0.000309,0.000069,0.173509
swap_static,8,1024,16777216,0.169312,0.000000,0.000000,0.000398,0.000231,0.000314,0.000059,0.169398
swap_static,8,1024,16777216,0.168073,0.000000,0.000000,0.000393,0.000205,0.000315,0.000056,0.169239
swap_static,8,1024,16777216,0.168616,0.000000,0.000000,0.000398,0.000215,0.000361,0.000057,0.168003
swap_static,8,1024,16777216,0.169258,0.000000,0.000000,0.000403,0.000189,0.000301,0.000061,0.169672
swap_static,8,1024,16777216,0.169781,0.000000,0.000000,0.000396,0.000211,0.000314,0.000059,0.168604
swap_static,8,1024,16777216,0.169985,0.000000,0.000000,0.000445,0.000203,0.000332,0.000056,0.169084
swap_static,8,1024,16777216,0.169591,0.000000,0.000000,0.000397,0.000211,0.000343,0.000055,0.170318
swap_static,8,1024,16777216,0.168702,0.000000,0.000000,0.000393,0.000202,0.000331,0.000065,0.168972
swap_static,8,1024,16777216,0.168440,0.000000,0.000000,0.000392,0.000218,0.000307,0.000062,0.170146
swap_static,8,1024,16777216,0.167695,0.000000,0.000000,0.000390,0.000190,0.000329,0.000056,0.173418
swap_static,8,1024,16777216,0.169015,0.000000,0.000000,0.000407,0.000222,0.000319,0.000057,0.170662
swap_static,8,1024,16777216,0.170063,0.000000,0.000000,0.000395,0.000205,0.000323,0.000057,0.170111
swap_static,8,1024,16777216,0.168227,0.000000,0.000000,0.000387,0.000189,0.000328,0.000053,0.170030
swap_static,8,1024,16777216,0.168673,0.000000,0.000000,0.000399,0.000191,0.000322,0.000055,0.170817
swap_static,8,1024,16777216,0.169375,0.000000,0.000000,0.000406,0.000219,0.000334,0.000054,0.171242
swap_static,8,1024,16777216,0.169449,0.000000,0.000000,0.000394,0.000193,0.000330,0.000079,0.168925
swap_static,8,1024,16777216,0.168188,0.000000,0.000000,0.000399,0.000206,0.000314,0.000052,0.169811
swap_static,8,1024,16777216,0.168968,0.000000,0.000000,0.000390,0.000210,0.000344,0.000054,0.169532
swap_static,8,1024,16777216,0.168170,0.000000,0.000000,0.000369,0.000202,0.000292,0.000054,0.165340
swap_static,8,1024,16777216,0.168589,0.000000,0.000000,0.000390,0.000218,0.000303,0.000056,0.169351
swap_static,8,1024,16777216,0.168882,0.000000,0.000000,0.000389,0.000202,0.000339,0.000054,0.169814
swap_static,8,1024,16777216,0.168667,0.000000,0.000000,0.000410,0.000217,0.000308,0.000065,0.170235
swap_static,8,1024,16777216,0.168565,0.000000,0.000000,0.000395,0.000219,0.000382,0.000058,0.170641
swap_static,8,1024,16777216,0.170622,0.000000,0.000000,0.000394,0.000214,0.000325,0.000063,0.168840
swap_static,8,1024,16777216,0.168535,0.000000,0.000000,0.000415,0.000226,0.000370,0.000061,0.174610
swap_static,8,1024,16777216,0.169293,0.000000,0.000000,0.000393,0.000199,0.000334,0.000065,0.169279
swap_static,8,1024,16777216,0.171186,0.000000,0.000000,0.000394,0.000213,0.000347,0.000057,0.170329
swap_static,8,1024,16777216,0.168952,0.000000,0.000000,0.000415,0.000238,0.000325,0.000064,0.168500
swap_static,8,1024,16777216,0.168564,0.000000,0.000000,0.000402,0.000209,0.000300,0.000194,0.168276
swap_static,8,1024,16777216,0.168761,0.000000,0.000000,0.000403,0.000220,0.000326,0.000061,0.169916
swap_static,8,1024,16777216,0.169351,0.000000,0.000000,0.000399,0.000191,0.000318,0.000059,0.170644
swap_static,8,1024,16777216,0.168495,0.000000,0.000000,0.000399,0.000221,0.000315,0.000062,0.170158
swap_static,8,1024,16777216,0.168988,0.000000,0.000000,0.000380,0.000195,0.000315,0.000059,0.169761
swap_static,8,1024,16777216,0.168679,0.000000,0.000000,0.000399,0.000228,0.000317,0.000068,0.170533
swap_static,8,1024,16777216,0.168651,0.000000,0.000000,0.000392,0.000190,0.000318,0.000052,0.169417
swap_static,8,1024,16777216,0.168734,0.000000,0.000000,0.000401,0.000212,0.000321,0.000059,0.169696
swap_static,8,1024,16777216,0.168343,0.000000,0.000000,0.000399,0.000201,0.000320,0.000054,0.170109
swap_static,8,1024,16777216,0.169343,0.000000,0.000000,0.000399,0.000213,0.000324,0.000146,0.168531
swap_static,8,1024,16777216,0.168552,0.000000,0.000000,0.000399,0.000205,0.000321,0.000065,0.169211
swap_static,8,1024,16777216,0.171585,0.000000,0.000000,0.000402,0.000202,0.000330,0.000058,0.169698
swap_static,8,1024,16777216,0.168355,0.000000,0.000000,0.000415,0.000228,0.000343,0.000061,0.168435
swap_static,8,1024,16777216,0.168703,0.000000,0.000000,0.000393,0.000214,0.000324,0.000062,0.168518
swap_static,8,1024,16777216,0.167855,0.000000,0.000000,0.000400,0.000216,0.000311,0.000072,0.169198
swap_static,8,1024,16777216,0.168173,0.000000,0.000000,0.000382,0.000210,0.000336,0.000056,0.169622
swap_static,8,1024,16777216,0.168455,0.000000,0.000000,0.000400,0.000202,0.000326,0.000063,0.169471
swap_static,8,1024,16777216,0.168799,0.000000,0.000000,0.000393,0.000209,0.000321,0.000063,0.170129
swap_static,8,1024,16777216,0.169266,0.000000,0.000000,0.000393,0.000221,0.000323,0.000063,0.169924
swap_static,8,1024,16777216,0.168822,0.000000,0.000000,0.000386,0.000199,0.000321,0.000059,0.167657
swap_static,8,1024,16777216,0.168495,0.000000,0.000000,0.000400,0.000218,0.000335,0.000068,0.169344
swap_static,8,1024,16777216,0.169309,0.000000,0.000000,0.000397,0.000222,0.000317,0.000065,0.169773
swap_static,8,1024,16777216,0.169112,0.000000,0.000000,0.000397,0.000218,0.000323,0.000064,0.170326
swap_static,8,1024,16777216,0.168911,0.000000,0.000000,0.000397,0.000219,0.000320,0.000057,0.169566
swap_static,8,1024,16777216,0.169962,0.000000,0.000000,0.000401,0.000232,0.000321,0.000060,0.168868
swap_static,8,1024,16777216,0.169018,0.000000,0.000000,0.000391,0.000201,0.000326,0.000054,0.170276
swap_static,8,1024,16777216,0.173750,0.000000,0.000000,0.000390,0.000195,0.000332,0.000061,0.168579
swap_static,8,1024,16777216,0.169544,0.000000,0.000000,0.000393,0.000206,0.000342,0.000055,0.169412
swap_static,8,1024,16777216,0.168965,0.000000,0.000000,0.000403,0.000219,0.000317,0.000062,0.168960
swap_static,8,1024,16777216,0.169403,0.000000,0.000000,0.000390,0.000200,0.000305,0.000082,0.170667
swap_static,8,1024,16777216,0.168867,0.000000,0.000000,0.000409,0.000212,0.000302,0.000063,0.168575
swap_static,8,1024,16777216,0.169435,0.000000,0.000000,0.000392,0.000204,0.000319,0.000065,0.169176
swap_static,8,1024,16777216,0.169133,0.000000,0.000000,0.000402,0.000207,0.000341,0.000059,0.170359
swap_static,8,1024,16777216,0.169186,0.000000,0.000000,0.000408,0.000221,0.000316,0.000074,0.170807
swap_dynv2,8,1024,16777216,0.176797,0.000000,0.000012,0.001451,0.000221,0.000342,0.000057,0.176066
swap_dynv2,8,1024,16777216,0.175324,0.000000,0.000012,0.000406,0.000218,0.000341,0.000077,0.176098
swap_dynv2,8,1024,16777216,0.175051,0.000000,0.000011,0.000536,0.000212,0.000305,0.000081,0.181654
swap_dynv2,8,1024,16777216,0.176788,0.000000,0.000012,0.000406,0.000225,0.000300,0.000078,0.177265
swap_dynv2,8,1024,16777216,0.175521,0.000000,0.000011,0.000413,0.000217,0.000340,0.000066,0.176745
swap_dynv2,8,1024,16777216,0.176290,0.000000,0.000012,0.000407,0.000233,0.000325,0.000063,0.175877
swap_dynv2,8,1024,16777216,0.174980,0.000000,0.000011,0.000407,0.000201,0.000308,0.000065,0.175196
swap_dynv2,8,1024,16777216,0.175312,0.000000,0.000011,0.000401,0.000206,0.000300,0.000062,0.176541
swap_dynv2,8,1024,16777216,0.173448,0.000000,0.000010,0.000405,0.000214,0.000308,0.000188,0.172321
swap_dynv2,8,1024,16777216,0.175796,0.000000,0.000011,0.000398,0.000209,0.000339,0.000063,0.177674
swap_dynv2,8,1024,16777216,0.175258,0.000000,0.000011,0.000398,0.000200,0.000301,0.000067,0.175434
swap_dynv2,8,1024,16777216,0.175988,0.000000,0.000012,0.000392,0.000229,0.000310,0.000066,0.176462
swap_dynv2,8,1024,16777216,0.176025,0.000000,0.000011,0.000402,0.000218,0.000323,0.000069,0.175838
swap_dynv2,8,1024,16777216,0.172885,0.000000,0.000011,0.000407,0.000218,0.000329,0.000064,0.173305
swap_dynv2,8,1024,16777216,0.173681,0.000000,0.000010,0.000390,0.000201,0.000301,0.000077,0.174478
swap_dynv2,8,1024,16777216,0.172049,0.000000,0.000011,0.000404,0.000236,0.000317,0.000079,0.174876
swap_dynv2,8,1024,16777216,0.174473,0.000000,0.000012,0.000441,0.000217,0.000317,0.000077,0.175780
swap_dynv2,8,1024,16777216,0.178347,0.000000,0.000017,0.000401,0.000215,0.000301,0.000061,0.174226
swap_dynv2,8,1024,16777216,0.174326,0.000000,0.000011,0.000394,0.000221,0.000330,0.000064,0.173681
swap_dynv2,8,1024,16777216,0.173665,0.000000,0.000012,0.000416,0.000223,0.000306,0.000061,0.175098
swap_dynv2,8,1024,16777216,0.174204,0.000000,0.000012,0.000401,0.000228,0.000319,0.000062,0.173625
swap_dynv2,8,1024,16777216,0.173666,0.000000,0.000014,0.000444,0.000225,0.000323,0.000064,0.173249
swap_dynv2,8,1024,16777216,0.173724,0.000000,0.000012,0.000410,0.000232,0.000343,0.000056,0.174006
swap_dynv2,8,1024,16777216,0.174402,0.000000,0.000012,0.000396,0.000231,0.000332,0.000064,0.173916
swap_dynv2,8,1024,16777216,0.174222,0.000000,0.000011,0.000412,0.000225,0.000325,0.000075,0.179855
swap_dynv2,8,1024,16777216,0.176580,0.000000,0.000012,0.000390,0.000207,0.000327,0.000063,0.173778
swap_dynv2,8,1024,16777216,0.173034,0.000000,0.000012,0.000411,0.000232,0.000317,0.000076,0.174254
swap_dynv2,8,1024,16777216,0.172912,0.000000,0.000012,0.000405,0.000238,0.000310,0.000064,0.173356
swap_dynv2,8,1024,16777216,0.173149,0.000000,0.000012,0.000420,0.000218,0.000319,0.000144,0.172413
swap_dynv2,8,1024,16777216,0.173288,0.000000,0.000011,0.000403,0.000229,0.000308,0.000081,0.175395
swap_dynv2,8,1024,16777216,0.173087,0.000000,0.000012,0.000420,0.000217,0.000349,0.000054,0.173831
swap_dynv2,8,1024,16777216,0.173319,0.000000,0.000013,0.000402,0.000223,0.000310,0.000066,0.172933
swap_dynv2,8,1024,16777216,0.173345,0.000000,0.000011,0.000399,0.000209,0.000330,0.000057,0.175306
swap_dynv2,8,1024,16777216,0.173489,0.000000,0.000012,0.000406,0.000225,0.000317,0.000067,0.172743
swap_dynv2,8,1024,16777216,0.173096,0.000000,0.000011,0.000403,0.000230,0.000354,0.000058,0.172190
swap_dynv2,8,1024,16777216,0.173637,0.000000,0.000012,0.000406,0.000235,0.000302,0.000072,0.174513
swap_dynv2,8,1024,16777216,0.173327,0.000000,0.000012,0.000401,0.000220,0.000334,0.000055,0.174967
swap_dynv2,8,1024,16777216,0.172729,0.000000,0.000012,0.000400,0.000218,0.000310,0.000062,0.174739
swap_dynv2,8,1024,16777216,0.173686,0.000000,0.000011,0.000407,0.000211,0.000325,0.000059,0.174125
swap_dynv2,8,1024,16777216,0.178953,0.000000,0.000012,0.000396,0.000214,0.000334,0.000078,0.173998
swap_dynv2,8,1024,16777216,0.173932,0.000000,0.000011,0.000405,0.000221,0.000315,0.000067,0.173397
swap_dynv2,8,1024,16777216,0.173755,0.000000,0.000012,0.000406,0.000234,0.000311,0.000064,0.173253
swap_dynv2,8,1024,16777216,0.173817,0.000000,0.000011,0.000406,0.000221,0.000318,0.000063,0.173043
swap_dynv2,8,1024,16777216,0.173148,0.000000,0.000010,0.000401,0.000212,0.000323,0.000061,0.172791
swap_dynv2,8,1024,16777216,0.173433,0.000000,0.000012,0.000407,0.000210,0.000324,0.000065,0.172529
swap_dynv2,8,1024,16777216,0.173473,0.000000,0.000013,0.000399,0.000235,0.000325,0.000068,0.172679
swap_dynv2,8,1024,16777216,0.173366,0.000000,0.000011,0.000412,0.000245,0.000319,0.000067,0.177847
swap_dynv2,8,1024,16777216,0.174823,0.000000,0.000012,0.000420,0.000220,0.000323,0.000063,0.169209
swap_dynv2,8,1024,16777216,0.172024,0.000000,0.000011,0.000392,0.000231,0.000345,0.000084,0.172890
swap_dynv2,8,1024,16777216,0.172055,0.000000,0.000011,0.000424,0.000215,0.000295,0.000064,0.172868
swap_dynv2,8,1024,16777216,0.172549,0.000000,0.000012,0.000405,0.000208,0.000310,0.000056,0.174832
swap_dynv2,8,1024,16777216,0.173427,0.000000,0.000012,0.000412,0.000222,0.000311,0.000063,0.174440
swap_dynv2,8,1024,16777216,0.173441,0.000000,0.000013,0.000413,0.000240,0.000333,0.000083,0.173028
swap_dynv2,8,1024,16777216,0.173495,0.000000,0.000011,0.000405,0.000215,0.000321,0.000055,0.173310
swap_dynv2,8,1024,16777216,0.173253,0.000000,0.000012,0.000397,0.000233,0.000313,0.000066,0.172958
swap_dynv2,8,1024,16777216,0.173621,0.000000,0.000010,0.000390,0.000215,0.000316,0.000064,0.172722
swap_dynv2,8,1024,16777216,0.173264,0.000000,0.000012,0.000392,0.000210,0.000317,0.000064,0.175736
swap_dynv2,8,1024,16777216,0.173618,0.000000,0.000012,0.000428,0.000234,0.000332,0.000074,0.174214
swap_dynv2,8,1024,16777216,0.173164,0.000000,0.000011,0.000399,0.000201,0.000300,0.000064,0.172888
swap_dynv2,8,1024,16777216,0.173168,0.000000,0.000011,0.000402,0.000210,0.000320,0.000066,0.172515
swap_dynv2,8,1024,16777216,0.172538,0.000000,0.000011,0.000403,0.000212,0.000317,0.000072,0.172459
swap_dynv2,8,1024,16777216,0.177271,0.000000,0.000014,0.000458,0.000244,0.000385,0.000066,0.172792
swap_dynv2,8,1024,16777216,0.173468,0.000000,0.000012,0.000402,0.000232,0.000341,0.000061,0.173923
swap_dynv2,8,1024,16777216,0.173079,0.000000,0.000013,0.000396,0.000238,0.000309,0.000073,0.173567
swap_dynv2,8,1024,16777216,0.172972,0.000000,0.000011,0.000404,0.000222,0.000314,0.000063,0.171712
swap_dynv2,8,1024,16777216,0.173048,0.000000,0.000011,0.000402,0.000215,0.000305,0.000063,0.175323
swap_dynv2,8,1024,16777216,0.169356,0.000000,0.000012,0.000401,0.000202,0.000323,0.000056,0.170071
swap_dynv2,8,1024,16777216,0.169185,0.000000,0.000012,0.000407,0.000209,0.000323,0.000062,0.169290
swap_dynv2,8,1024,16777216,0.170976,0.000000,0.000011,0.000402,0.000204,0.000311,0.000062,0.173849
swap_dynv2,8,1024,16777216,0.168997,0.000000,0.000011,0.000396,0.000201,0.000288,0.000058,0.168727
swap_dynv2,8,1024,16777216,0.169422,0.000000,0.000011,0.000389,0.000222,0.000295,0.000066,0.170883
swap_dynv2,8,1024,16777216,0.169137,0.000000,0.000012,0.000412,0.000242,0.000321,0.000065,0.168817
swap_dynv2,8,1024,16777216,0.169059,0.000000,0.000012,0.000401,0.000224,0.000315,0.000069,0.168823
swap_dynv2,8,1024,16777216,0.169300,0.000000,0.000011,0.000383,0.000203,0.000311,0.000054,0.170546
swap_dynv2,8,1024,16777216,0.168957,0.000000,0.000012,0.000408,0.000224,0.000317,0.000067,0.168998
swap_static,16,64,64,0.000437,0.000000,0.000000,0.000120,0.000294,0.000321,0.000073,0.000167
swap_static,16,64,64,0.000380,0.000000,0.000000,0.000118,0.000278,0.000253,0.000072,0.000116
swap_static,16,64,64,0.000337,0.000000,0.000000,0.000101,0.000253,0.000258,0.000061,0.000120
swap_static,16,64,64,0.000320,0.000000,0.000000,0.000095,0.000263,0.000209,0.000063,0.000121
swap_static,16,64,64,0.000346,0.000000,0.000000,0.000101,0.000266,0.000249,0.000073,0.000137
swap_static,16,64,64,0.000338,0.000000,0.000000,0.000117,0.000293,0.000247,0.000066,0.000136
swap_static,16,64,64,0.000353,0.000000,0.000000,0.000115,0.000283,0.000253,0.000097,0.000126
swap_static,16,64,64,0.000336,0.000000,0.000000,0.000112,0.000287,0.000254,0.000084,0.000114
swap_static,16,64,64,0.000332,0.000000,0.000000,0.000096,0.000266,0.000233,0.000061,0.000180
swap_static,16,64,64,0.000343,0.000000,0.000000,0.000098,0.000357,0.000261,0.000089,0.000142
swap_static,16,64,64,0.000390,0.000000,0.000000,0.000116,0.000284,0.000261,0.000070,0.000142
swap_static,16,64,64,0.000343,0.000000,0.000000,0.000096,0.000264,0.000221,0.000076,0.000126
swap_static,16,64,64,0.000335,0.000000,0.000000,0.000096,0.000265,0.000214,0.000062,0.000128
swap_static,16,64,64,0.000326,0.000000,0.000000,0.000115,0.000304,0.000249,0.000092,0.000108
swap_static,16,64,64,0.000335,0.000000,0.000000,0.000112,0.000274,0.000233,0.000069,0.000135
swap_static,16,64,64,0.000316,0.000000,0.000000,0.000097,0.000258,0.000225,0.000064,0.000127
swap_static,16,64,64,0.000330,0.000000,0.000000,0.000094,0.000307,0.000222,0.000066,0.000123
swap_static,16,64,64,0.000333,0.000000,0.000000,0.000094,0.000260,0.000234,0.000062,0.000158
swap_static,16,64,64,0.000355,0.000000,0.000000,0.000117,0.000297,0.000240,0.000066,0.000135
swap_static,16,64,64,0.000455,0.000000,0.000000,0.000102,0.000268,0.000242,0.000177,0.000074
swap_static,16,64,64,0.000331,0.000000,0.000000,0.000097,0.000264,0.000219,0.000063,0.000137
swap_static,16,64,64,0.000338,0.000000,0.000000,0.000113,0.000282,0.000252,0.000061,0.000105
swap_static,16,64,64,0.000314,0.000000,0.000000,0.000094,0.000251,0.000302,0.000195,0.000001
swap_static,16,64,64,0.000326,0.000000,0.000000,0.000098,0.000254,0.000226,0.000072,0.000121
swap_static,16,64,64,0.000341,0.000000,0.000000,0.000110,0.000285,0.000244,0.000068,0.000137
swap_static,16,64,64,0.000322,0.000000,0.000000,0.000090,0.000265,0.000209,0.000062,0.000139
swap_static,16,64,64,0.000347,0.000000,0.000000,0.000105,0.000265,0.000224,0.000063,0.000134
swap_static,16,64,64,0.000340,0.000000,0.000000,0.000094,0.000267,0.000233,0.000063,0.000116
swap_static,16,64,64,0.000358,0.000000,0.000000,0.000112,0.000295,0.000253,0.000083,0.000102
swap_static,16,64,64,0.000335,0.000000,0.000000,0.000106,0.000275,0.000235,0.000062,0.000145
swap_static,16,64,64,0.000330,0.000000,0.000000,0.000090,0.000260,0.000209,0.000086,0.000102
swap_static,16,64,64,0.000314,0.000000,0.000000,0.000202,0.000261,0.000217,0.000062,0.000131
swap_static,16,64,64,0.000338,0.000000,0.000000,0.000115,0.000281,0.000226,0.000070,0.000136
swap_static,16,64,64,0.000314,0.000000,0.000000,0.000095,0.000261,0.000208,0.000078,0.000130
swap_static,16,64,64,0.000323,0.000000,0.000000,0.000097,0.000255,0.000217,0.000061,0.000122
swap_static,16,64,64,0.000326,0.000000,0.000000,0.000114,0.000279,0.000321,0.000175,0.000103
swap_static,16,64,64,0.000328,0.000000,0.000000,0.000105,0.000263,0.000233,0.000062,0.000119
swap_static,16,64,64,0.000331,0.000000,0.000000,0.000097,0.000256,0.000218,0.000075,0.000205
swap_static,16,64,64,0.000343,0.000000,0.000000,0.000116,0.000294,0.000250,0.000065,0.000137
swap_static,16,64,64,0.000320,0.000000,0.000000,0.000096,0.000254,0.000212,0.000076,0.000115
swap_static,16,64,64,0.000349,0.000000,0.000000,0.000096,0.000251,0.000220,0.000064,0.000141
swap_static,16,64,64,0.000354,0.000000,0.000000,0.000116,0.000430,0.000256,0.000106,0.000106
swap_static,16,64,64,0.000337,0.000000,0.000000,0.000094,0.000251,0.000211,0.000077,0.000134
swap_static,16,64,64,0.000343,0.000000,0.000000,0.000102,0.000279,0.000226,0.000064,0.000136
swap_static,16,64,64,0.000340,0.000000,0.000000,0.000096,0.000259,0.000207,0.000105,0.000086
swap_static,16,64,64,0.000332,0.000000,0.000000,0.000100,0.000272,0.000238,0.000067,0.000126
swap_static,16,64,64,0.000328,0.000000,0.000000,0.000123,0.000290,0.000245,0.000066,0.000141
swap_static,16,64,64,0.000331,0.000000,0.000000,0.000095,0.000255,0.000212,0.000077,0.000114
swap_static,16,64,64,0.000327,0.000000,0.000000,0.000099,0.000250,0.000291,0.000067,0.000120
swap_static,16,64,64,0.000336,0.000000,0.000000,0.000096,0.000263,0.000213,0.000076,0.000121
swap_static,16,64,64,0.000360,0.000000,0.000000,0.000095,0.000252,0.000206,0.000102,0.000098
swap_static,16,64,64,0.000321,0.000000,0.000000,0.000111,0.000456,0.000257,0.000066,0.000127
swap_static,16,64,64,0.000337,0.000000,0.000000,0.000113,0.000289,0.000239,0.000072,0.000125
swap_static,16,64,64,0.000336,0.000000,0.000000,0.000091,0.000259,0.000209,0.000086,0.000106
swap_static,16,64,64,0.000312,0.000000,0.000000,0.000103,0.000252,0.000211,0.000074,0.000129
swap_static,16,64,64,0.000340,0.000000,0.000000,0.000100,0.000265,0.000235,0.000060,0.000132
swap_static,16,64,64,0.000314,0.000000,0.000000,0.000093,0.000257,0.000210,0.000064,0.000125
swap_static,16,64,64,0.000357,0.000000,0.000000,0.000089,0.000255,0.000224,0.000059,0.000126
swap_static,16,64,64,0.000351,0.000000,0.000000,0.000099,0.000269,0.000229,0.000103,0.000083
swap_static,16,64,64,0.000324,0.000000,0.000000,0.000099,0.000267,0.000221,0.000088,0.000101
swap_static,16,64,64,0.000339,0.000000,0.000000,0.000093,0.000270,0.000217,0.000089,0.000103
swap_static,16,64,64,0.000328,0.000000,0.000000,0.000092,0.000255,0.000217,0.000059,0.000128
swap_static,16,64,64,0.000332,0.000000,0.000000,0.000112,0.000298,0.000231,0.000070,0.000135
swap_static,16,64,64,0.000356,0.000000,0.000000,0.000095,0.000274,0.000225,0.000066,0.000117
swap_static,16,64,64,0.000326,0.000000,0.000000,0.000091,0.000268,0.000229,0.000064,0.000141
swap_static,16,64,64,0.000363,0.000000,0.000000,0.000089,0.000259,0.000217,0.000075,0.000125
swap_static,16,64,64,0.000336,0.000000,0.000000,0.000089,0.000253,0.000204,0.000069,0.000130
swap_static,16,64,64,0.000342,0.000000,0.000000,0.000090,0.000278,0.000219,0.000069,0.000137
swap_static,16,64,64,0.000333,0.000000,0.000000,0.000107,0.000277,0.000228,0.000063,0.000096
swap_static,16,64,64,0.000331,0.000000,0.000000,0.000116,0.000286,0.000267,0.000062,0.000112
swap_static,16,64,64,0.000351,0.000000,0.000000,0.000107,0.000277,0.000244,0.000066,0.000141
swap_static,16,64,64,0.000319,0.000000,0.000000,0.000092,0.000259,0.000227,0.000062,0.000141
swap_static,16,64,64,0.000345,0.000000,0.000000,0.000086,0.000261,0.000207,0.000065,0.000115
swap_static,16,64,64,0.000337,0.000000,0.000000,0.000088,0.000263,0.000212,0.000067,0.000115
swap_static,16,64,64,0.000369,0.000000,0.000000,0.000104,0.000354,0.000218,0.000062,0.000130
swap_dynv2,16,64,64,0.000410,0.000000,0.000013,0.000114,0.000314,0.000276,0.000075,0.000130
swap_dynv2,16,64,64,0.000347,0.000000,0.000013,0.000105,0.000286,0.000235,0.000075,0.000170
swap_dynv2,16,64,64,0.000333,0.000000,0.000012,0.000103,0.000294,0.000234,0.000062,0.000118
swap_dynv2,16,64,64,0.000329,0.000000,0.000013,0.000104,0.000276,0.000227,0.000078,0.000117
swap_dynv2,16,64,64,0.000328,0.000000,0.000011,0.000089,0.000256,0.000241,0.000104,0.000087
swap_dynv2,16,64,64,0.000350,0.000000,0.000013,0.000109,0.000288,0.000257,0.000070,0.000131
swap_dynv2,16,64,64,0.000355,0.000000,0.000011,0.000093,0.000253,0.000237,0.000066,0.000127
swap_dynv2,16,64,64,0.000319,0.000000,0.000011,0.000090,0.000253,0.000235,0.000067,0.000139
swap_dynv2,16,64,64,0.000346,0.000000,0.000011,0.000092,0.000258,0.000244,0.000068,0.000098
swap_dynv2,16,64,64,0.000337,0.000000,0.000012,0.000096,0.000281,0.000246,0.000073,0.000160
swap_dynv2,16,64,64,0.000337,0.000000,0.000013,0.000111,0.000285,0.000259,0.000079,0.000116
swap_dynv2,16,64,64,0.000345,0.000000,0.000011,0.000090,0.000253,0.000239,0.000064,0.000223
swap_dynv2,16,64,64,0.000344,0.000000,0.000011,0.000110,0.000276,0.000246,0.000064,0.000131
swap_dynv2,16,64,64,0.000345,0.000000,0.000011,0.000100,0.000269,0.000248,0.000064,0.000125
swap_dynv2,16,64,64,0.000317,0.000000,0.000011,0.000089,0.000248,0.000332,0.000109,0.000103
swap_dynv2,16,64,64,0.000351,0.000000,0.000012,0.000095,0.000250,0.000237,0.000066,0.000117
swap_dynv2,16,64,64,0.000338,0.000000,0.000011,0.000091,0.000242,0.000212,0.000070,0.000152
swap_dynv2,16,64,64,0.000330,0.000000,0.000011,0.000089,0.000255,0.000231,0.000061,0.000113
swap_dynv2,16,64,64,0.000372,0.000000,0.000013,0.000112,0.000288,0.000249,0.000087,0.000138
swap_dynv2,16,64,64,0.000321,0.000000,0.000008,0.000094,0.000350,0.000229,0.000067,0.000145
swap_dynv2,16,64,64,0.000354,0.000000,0.000012,0.000099,0.000273,0.000237,0.000099,0.000091
swap_dynv2,16,64,64,0.000343,0.000000,0.000010,0.000090,0.000262,0.000219,0.000068,0.000118
swap_dynv2,16,64,64,0.000337,0.000000,0.000011,0.000091,0.000254,0.000222,0.000064,0.000124
swap_dynv2,16,64,64,0.000332,0.000000,0.000011,0.000094,0.000251,0.000244,0.000083,0.000103
swap_dynv2,16,64,64,0.000341,0.000000,0.000009,0.000131,0.000252,0.000224,0.000067,0.000127
swap_dynv2,16,64,64,0.000311,0.000000,0.000010,0.000091,0.000250,0.000224,0.000064,0.000134
swap_dynv2,16,64,64,0.000308,0.000000,0.000011,0.000090,0.000254,0.000221,0.000064,0.000103
swap_dynv2,16,64,64,0.000342,0.000000,0.000058,0.000102,0.000273,0.000231,0.000075,0.000128
swap_dynv2,16,64,64,0.000345,0.000000,0.000011,0.000088,0.000252,0.000238,0.000061,0.000109
swap_dynv2,16,64,64,0.000332,0.000000,0.000013,0.000111,0.000301,0.000231,0.000065,0.000121
swap_dynv2,16,64,64,0.000346,0.000000,0.000011,0.000110,0.000275,0.000229,0.000061,0.000160
swap_dynv2,16,64,64,0.000355,0.000000,0.000012,0.000109,0.000293,0.000270,0.000084,0.000111
swap_dynv2,16,64,64,0.000333,0.000000,0.000011,0.000093,0.000257,0.000225,0.000088,0.000108
swap_dynv2,16,64,64,0.000335,0.000000,0.000012,0.000089,0.000252,0.000235,0.000086,0.000101
swap_dynv2,16,64,64,0.000329,0.000000,0.000012,0.000100,0.000251,0.000237,0.000094,0.000115
swap_dynv2,16,64,64,0.000338,0.000000,0.000011,0.000090,0.000255,0.000240,0.000138,0.000071
swap_dynv2,16,64,64,0.000357,0.000000,0.000014,0.000115,0.000300,0.000243,0.000071,0.000119
swap_dynv2,16,64,64,0.000351,0.000000,0.000013,0.000110,0.000280,0.000223,0.000061,0.000136
swap_dynv2,16,64,64,0.000305,0.000000,0.000009,0.000092,0.000258,0.000226,0.000092,0.000120
swap_dynv2,16,64,64,0.000334,0.000000,0.000012,0.000116,0.000286,0.000242,0.000067,0.000142
swap_dynv2,16,64,64,0.000351,0.000000,0.000012,0.000111,0.000284,0.000255,0.000069,0.000133
swap_dynv2,16,64,64,0.000370,0.000000,0.000013,0.000110,0.000279,0.000235,0.000066,0.000126
swap_dynv2,16,64,64,0.000341,0.000000,0.000012,0.000097,0.000282,0.000236,0.000095,0.000114
swap_dynv2,16,64,64,0.000373,0.000000,0.000014,0.000111,0.000290,0.000249,0.000071,0.000133
swap_dynv2,16,64,64,0.000357,0.000000,0.000012,0.000094,0.000281,0.000269,0.000067,0.000151
swap_dynv2,16,64,64,0.000347,0.000000,0.000012,0.000097,0.000272,0.000237,0.000076,0.000129
swap_dynv2,16,64,64,0.000320,0.000000,0.000009,0.000091,0.000260,0.000251,0.000093,0.000101
swap_dynv2,16,64,64,0.000350,0.000000,0.000012,0.000097,0.000266,0.000230,0.000067,0.000132
swap_dynv2,16,64,64,0.000325,0.000000,0.000011,0.000089,0.000250,0.000226,0.000070,0.000126
swap_dynv2,16,64,64,0.000318,0.000000,0.000012,0.000090,0.000303,0.000224,0.000067,0.000124
swap_dynv2,16,64,64,0.000367,0.000000,0.000014,0.000110,0.000284,0.000251,0.000069,0.000142
swap_dynv2,16,64,64,0.000309,0.000000,0.000011,0.000086,0.000267,0.000231,0.000071,0.000138
swap_dynv2,16,64,64,0.000330,0.000000,0.000011,0.000090,0.000253,0.000218,0.000066,0.000124
swap_dynv2,16,64,64,0.000332,0.000000,0.000011,0.000090,0.000260,0.000233,0.000066,0.000130
swap_dynv2,16,64,64,0.000349,0.000000,0.000011,0.000134,0.000262,0.000231,0.000076,0.000138
swap_dynv2,16,64,64,0.000334,0.000000,0.000011,0.000087,0.000253,0.000227,0.000066,0.000134
swap_dynv2,16,64,64,0.000336,0.000000,0.000014,0.000107,0.000343,0.000240,0.000069,0.000143
swap_dynv2,16,64,64,0.000325,0.000000,0.000011,0.000088,0.000251,0.000209,0.000064,0.000136
swap_dynv2,16,64,64,0.000366,0.000000,0.000014,0.000110,0.000298,0.000256,0.000066,0.000121
swap_dynv2,16,64,64,0.000353,0.000000,0.000013,0.000108,0.000277,0.000235,0.000064,0.000112
swap_dynv2,16,64,64,0.000337,0.000000,0.000013,0.000106,0.000293,0.000234,0.000066,0.000125
swap_dynv2,16,64,64,0.000349,0.000000,0.000012,0.000088,0.000257,0.000221,0.000064,0.000123
swap_dynv2,16,64,64,0.000312,0.000000,0.000012,0.000088,0.000252,0.000229,0.000097,0.000095
swap_dynv2,16,64,64,0.000359,0.000000,0.000019,0.000103,0.000273,0.000247,0.000063,0.000098
swap_dynv2,16,64,64,0.000335,0.000000,0.000012,0.000089,0.000257,0.000266,0.000070,0.000148
swap_dynv2,16,64,64,0.000332,0.000000,0.000011,0.000088,0.000262,0.000219,0.000063,0.000111
swap_dynv2,16,64,64,0.000450,0.000000,0.000013,0.000096,0.000283,0.000238,0.000092,0.000112
swap_dynv2,16,64,64,0.000323,0.000000,0.000010,0.000091,0.000259,0.000223,0.000083,0.000123
swap_dynv2,16,64,64,0.000359,0.000000,0.000014,0.000110,0.000288,0.000244,0.000068,0.000143
swap_dynv2,16,64,64,0.000336,0.000000,0.000013,0.000096,0.000288,0.000254,0.000065,0.000133
swap_dynv2,16,64,64,0.000351,0.000000,0.000014,0.000109,0.000278,0.000237,0.000072,0.000106
swap_dynv2,16,64,64,0.000338,0.000000,0.000012,0.000090,0.000252,0.000222,0.000064,0.000140
swap_dynv2,16,64,64,0.000391,0.000000,0.000014,0.000111,0.000285,0.000247,0.000078,0.000139
swap_dynv2,16,64,64,0.000337,0.000000,0.000012,0.000090,0.000255,0.000243,0.000085,0.000118
swap_dynv2,16,64,64,0.000320,0.000000,0.000011,0.000165,0.000264,0.000221,0.000063,0.000134
swap_static,16,64,4096,0.000790,0.000000,0.000000,0.000113,0.000273,0.000279,0.000097,0.000513
swap_static,16,64,4096,0.000715,0.000000,0.000000,0.000101,0.000260,0.000249,0.000072,0.000578
swap_static,16,64,4096,0.000688,0.000000,0.000000,0.000105,0.000297,0.000261,0.000071,0.000382
swap_static,16,64,4096,0.000660,0.000000,0.000000,0.000099,0.000267,0.000236,0.000060,0.000365
swap_static,16,64,4096,0.000662,0.000000,0.000000,0.000108,0.000262,0.000216,0.000068,0.000538
swap_static,16,64,4096,0.000683,0.000000,0.000000,0.000099,0.000259,0.000234,0.000061,0.000374
swap_static,16,64,4096,0.000667,0.000000,0.000000,0.000099,0.000286,0.000232,0.000057,0.000594
swap_static,16,64,4096,0.000935,0.000000,0.000000,0.000107,0.000292,0.000247,0.000065,0.000478
swap_static,16,64,4096,0.000687,0.000000,0.000000,0.000102,0.000291,0.000238,0.000060,0.000404
swap_static,16,64,4096,0.000714,0.000000,0.000000,0.000107,0.000276,0.000288,0.000070,0.000407
swap_static,16,64,4096,0.000698,0.000000,0.000000,0.000102,0.000275,0.000242,0.000075,0.000344
swap_static,16,64,4096,0.000682,0.000000,0.000000,0.000099,0.000271,0.000238,0.000072,0.000392
swap_static,16,64,4096,0.000728,0.000000,0.000000,0.000108,0.000265,0.000244,0.000076,0.000501
swap_static,16,64,4096,0.000673,0.000000,0.000000,0.000103,0.000280,0.000240,0.000060,0.000336
swap_static,16,64,4096,0.000653,0.000000,0.000000,0.000099,0.000271,0.000224,0.000066,0.000455
swap_static,16,64,4096,0.000693,0.000000,0.000000,0.000102,0.000276,0.000239,0.000078,0.000337
swap_static,16,64,4096,0.000668,0.000000,0.000000,0.000107,0.000274,0.000225,0.000059,0.000376
swap_static,16,64,4096,0.000683,0.000000,0.000000,0.000102,0.000317,0.000236,0.000057,0.000411
swap_static,16,64,4096,0.000646,0.000000,0.000000,0.000100,0.000280,0.000241,0.000065,0.000359
swap_static,16,64,4096,0.000654,0.000000,0.000000,0.000193,0.000272,0.000290,0.000103,0.000456
swap_static,16,64,4096,0.000726,0.000000,0.000000,0.000103,0.000256,0.000239,0.000076,0.000537
swap_static,16,64,4096,0.000686,0.000000,0.000000,0.000096,0.000260,0.000232,0.000062,0.000347
swap_static,16,64,4096,0.000705,0.000000,0.000000,0.000104,0.000275,0.000231,0.000075,0.000626
swap_static,16,64,4096,0.000683,0.000000,0.000000,0.000098,0.000263,0.000206,0.000071,0.000568
swap_static,16,64,4096,0.000650,0.000000,0.000000,0.000108,0.000282,0.000240,0.000060,0.000373
swap_static,16,64,4096,0.000679,0.000000,0.000000,0.000104,0.000279,0.000282,0.000062,0.000379
swap_static,16,64,4096,0.000658,0.000000,0.000000,0.000092,0.000260,0.000240,0.000097,0.000555
swap_static,16,64,4096,0.000675,0.000000,0.000000,0.000105,0.000301,0.000254,0.000080,0.000396
swap_static,16,64,4096,0.000708,0.000000,0.000000,0.000097,0.000274,0.000220,0.000070,0.000560
swap_static,16,64,4096,0.000659,0.000000,0.000000,0.000094,0.000269,0.000223,0.000082,0.000402
swap_static,16,64,4096,0.000701,0.000000,0.000000,0.000108,0.000273,0.000240,0.000062,0.000380
swap_static,16,64,4096,0.000697,0.000000,0.000000,0.000097,0.000271,0.000215,0.000059,0.000371
swap_static,16,64,4096,0.000695,0.000000,0.000000,0.000100,0.000272,0.000242,0.000063,0.000391
swap_static,16,64,4096,0.000669,0.000000,0.000000,0.000141,0.000271,0.000276,0.000088,0.000469
swap_static,16,64,4096,0.000664,0.000000,0.000000,0.000099,0.000275,0.000224,0.000061,0.000381
swap_static,16,64,4096,0.000673,0.000000,0.000000,0.000098,0.000257,0.000211,0.000058,0.000411
swap_static,16,64,4096,0.000672,0.000000,0.000000,0.000105,0.000285,0.000228,0.000065,0.000372
swap_static,16,64,4096,0.000684,0.000000,0.000000,0.000101,0.000283,0.000232,0.000087,0.000543
swap_static,16,64,4096,0.000863,0.000000,0.000000,0.000105,0.000294,0.000244,0.000063,0.000593
swap_static,16,64,4096,0.000902,0.000000,0.000000,0.000130,0.000295,0.000263,0.000063,0.000364
swap_static,16,64,4096,0.000689,0.000000,0.000000,0.000096,0.000321,0.000272,0.000663,0.000001
swap_static,16,64,4096,0.000686,0.000000,0.000000,0.000098,0.000266,0.000221,0.000063,0.000490
swap_static,16,64,4096,0.000854,0.000000,0.000000,0.000092,0.000268,0.000237,0.000072,0.000410
swap_static,16,64,4096,0.000689,0.000000,0.000000,0.000101,0.000294,0.000256,0.000071,0.000570
swap_static,16,64,4096,0.000668,0.000000,0.000000,0.000103,0.000289,0.000234,0.000061,0.000388
swap_static,16,64,4096,0.000715,0.000000,0.000000,0.000100,0.000283,0.000230,0.000090,0.000509
swap_static,16,64,4096,0.000655,0.000000,0.000000,0.000098,0.000333,0.000268,0.000075,0.000689
swap_static,16,64,4096,0.000712,0.000000,0.000000,0.000104,0.000283,0.000233,0.000081,0.000571
swap_static,16,64,4096,0.000720,0.000000,0.000000,0.000093,0.000278,0.000243,0.000083,0.000398
swap_static,16,64,4096,0.000919,0.000000,0.000000,0.000105,0.000295,0.000244,0.000096,0.000420
swap_static,16,64,4096,0.000867,0.000000,0.000000,0.000088,0.000277,0.000242,0.000073,0.000610
swap_static,16,64,4096,0.000730,0.000000,0.000000,0.000106,0.000300,0.000251,0.000065,0.000391
swap_static,16,64,4096,0.000712,0.000000,0.000000,0.000093,0.000254,0.000229,0.000069,0.000388
swap_static,16,64,4096,0.000693,0.000000,0.000000,0.000097,0.000260,0.000230,0.000061,0.000389
swap_static,16,64,4096,0.000743,0.000000,0.000000,0.000102,0.000294,0.000244,0.000217,0.000222
swap_static,16,64,4096,0.000681,0.000000,0.000000,0.000097,0.000277,0.000222,0.000062,0.000364
swap_static,16,64,4096,0.000656,0.000000,0.000000,0.000100,0.000287,0.000225,0.000061,0.000355
swap_static,16,64,4096,0.000641,0.000000,0.000000,0.000104,0.000297,0.000242,0.000064,0.000534
swap_static,16,64,4096,0.000738,0.000000,0.000000,0.000099,0.000271,0.000223,0.000063,0.000403
swap_static,16,64,4096,0.000664,0.000000,0.000000,0.000103,0.000283,0.000222,0.000063,0.000360
swap_static,16,64,4096,0.000696,0.000000,0.000000,0.000108,0.000288,0.000255,0.000063,0.000416
swap_static,16,64,4096,0.000681,0.000000,0.000000,0.000096,0.000271,0.000226,0.000061,0.000382
swap_static,16,64,4096,0.000629,0.000000,0.000000,0.000091,0.000336,0.000235,0.000063,0.000403
swap_static,16,64,4096,0.000711,0.000000,0.000000,0.000109,0.000289,0.000248,0.000072,0.000660
swap_static,16,64,4096,0.000676,0.000000,0.000000,0.000091,0.000265,0.000229,0.000069,0.000592
swap_static,16,64,4096,0.000675,0.000000,0.000000,0.000104,0.000298,0.000250,0.000073,0.000354
swap_static,16,64,4096,0.000670,0.000000,0.000000,0.000098,0.000282,0.000265,0.000063,0.000618
swap_static,16,64,4096,0.000678,0.000000,0.000000,0.000099,0.000278,0.000233,0.000191,0.000242
swap_static,16,64,4096,0.000636,0.000000,0.000000,0.000093,0.000256,0.000230,0.000058,0.000395
swap_static,16,64,4096,0.000770,0.000000,0.000000,0.000098,0.000277,0.000218,0.000089,0.000349
swap_static,16,64,4096,0.000658,0.000000,0.000000,0.000097,0.000261,0.000223,0.000059,0.000585
swap_static,16,64,4096,0.000675,0.000000,0.000000,0.000096,0.000268,0.000238,0.000063,0.000399
swap_static,16,64,4096,0.000717,0.000000,0.000000,0.000100,0.000271,0.000224,0.000079,0.000566
swap_static,16,64,4096,0.000696,0.000000,0.000000,0.000101,0.000291,0.000255,0.000084,0.000349
swap_static,16,64,4096,0.000703,0.000000,0.000000,0.000094,0.000276,0.000218,0.000067,0.000502
swap_dynv2,16,64,4096,0.000806,0.000000,0.000011,0.000111,0.000282,0.000275,0.000086,0.000457
swap_dynv2,16,64,4096,0.000700,0.000000,0.000011,0.000095,0.000271,0.000250,0.000074,0.000402
swap_dynv2,16,64,4096,0.001183,0.000000,0.000013,0.000104,0.000281,0.000265,0.000069,0.000404
swap_dynv2,16,64,4096,0.000695,0.000000,0.000012,0.000097,0.000272,0.000264,0.000071,0.000381
swap_dynv2,16,64,4096,0.000709,0.000000,0.000013,0.000114,0.000298,0.000248,0.000094,0.000580
swap_dynv2,16,64,4096,0.000774,0.000000,0.000012,0.000102,0.000273,0.000287,0.000070,0.000573
swap_dynv2,16,64,4096,0.000728,0.000000,0.000013,0.000111,0.000286,0.000250,0.000065,0.000442
swap_dynv2,16,64,4096,0.000690,0.000000,0.000009,0.000105,0.000264,0.000238,0.000183,0.000336
swap_dynv2,16,64,4096,0.000701,0.000000,0.000011,0.000099,0.000267,0.000234,0.000082,0.000555
swap_dynv2,16,64,4096,0.000689,0.000000,0.000013,0.000110,0.000279,0.000230,0.000065,0.000340
swap_dynv2,16,64,4096,0.000699,0.000000,0.000011,0.000099,0.000271,0.000269,0.000086,0.000430
swap_dynv2,16,64,4096,0.000709,0.000000,0.000012,0.000095,0.000267,0.000230,0.000064,0.000387
swap_dynv2,16,64,4096,0.000710,0.000000,0.000014,0.000105,0.000280,0.000260,0.000227,0.000226
swap_dynv2,16,64,4096,0.000707,0.000000,0.000011,0.000102,0.000272,0.000237,0.000197,0.000250
swap_dynv2,16,64,4096,0.000706,0.000000,0.000012,0.000100,0.000280,0.000231,0.000157,0.000310
swap_dynv2,16,64,4096,0.000714,0.000000,0.000014,0.000111,0.000299,0.000256,0.000089,0.000566
swap_dynv2,16,64,4096,0.000688,0.000000,0.000010,0.000095,0.000265,0.000226,0.000070,0.000385
swap_dynv2,16,64,4096,0.000694,0.000000,0.000034,0.000114,0.000297,0.000226,0.000216,0.000357
swap_dynv2,16,64,4096,0.000594,0.000000,0.000013,0.000113,0.000284,0.000236,0.000064,0.000457
swap_dynv2,16,64,4096,0.000697,0.000000,0.000014,0.000106,0.000303,0.000235,0.000065,0.000400
swap_dynv2,16,64,4096,0.000709,0.000000,0.000011,0.000094,0.000265,0.000230,0.000082,0.000631
swap_dynv2,16,64,4096,0.000690,0.000000,0.000010,0.000106,0.000285,0.000224,0.000070,0.000403
swap_dynv2,16,64,4096,0.000758,0.000000,0.000012,0.000107,0.000296,0.000241,0.000071,0.000399
swap_dynv2,16,64,4096,0.000687,0.000000,0.000013,0.000105,0.000298,0.000252,0.000069,0.000529
swap_dynv2,16,64,4096,0.000718,0.000000,0.000014,0.000112,0.000289,0.000241,0.000070,0.000498
swap_dynv2,16,64,4096,0.000681,0.000000,0.000011,0.000100,0.000326,0.000226,0.000086,0.000552
swap_dynv2,16,64,4096,0.000733,0.000000,0.000012,0.000112,0.000283,0.000243,0.000071,0.000729
swap_dynv2,16,64,4096,0.000730,0.000000,0.000014,0.000115,0.000309,0.000239,0.000069,0.000379
swap_dynv2,16,64,4096,0.000693,0.000000,0.000011,0.000106,0.000256,0.000226,0.000087,0.000521
swap_dynv2,16,64,4096,0.000741,0.000000,0.000011,0.000103,0.000271,0.000222,0.000071,0.000397
swap_dynv2,16,64,4096,0.000691,0.000000,0.000014,0.000107,0.000297,0.000264,0.000070,0.000559
swap_dynv2,16,64,4096,0.000688,0.000000,0.000011,0.000147,0.000273,0.000231,0.000064,0.000392
swap_dynv2,16,64,4096,0.000692,0.000000,0.000013,0.000105,0.000270,0.000237,0.000070,0.000576
swap_dynv2,16,64,4096,0.000725,0.000000,0.000012,0.000107,0.000276,0.000244,0.000061,0.000414
swap_dynv2,16,64,4096,0.000686,0.000000,0.000011,0.000101,0.000264,0.000226,0.000093,0.000305
swap_dynv2,16,64,4096,0.000718,0.000000,0.000013,0.000108,0.000301,0.000248,0.000063,0.000404
swap_dynv2,16,64,4096,0.000788,0.000000,0.000014,0.000107,0.000283,0.000233,0.000077,0.000381
swap_dynv2,16,64,4096,0.000665,0.000000,0.000011,0.000100,0.000266,0.000221,0.000068,0.000397
swap_dynv2,16,64,4096,0.000624,0.000000,0.000014,0.000116,0.000296,0.000260,0.000093,0.000381
swap_dynv2,16,64,4096,0.000688,0.000000,0.000012,0.000099,0.000276,0.000235,0.000067,0.000374
swap_dynv2,16,64,4096,0.000680,0.000000,0.000012,0.000096,0.000266,0.000239,0.000062,0.000385
swap_dynv2,16,64,4096,0.000749,0.000000,0.000014,0.000111,0.000300,0.000240,0.000068,0.000508
swap_dynv2,16,64,4096,0.000687,0.000000,0.000011,0.000100,0.000271,0.000227,0.000072,0.000558
swap_dynv2,16,64,4096,0.000748,0.000000,0.000013,0.000109,0.000310,0.000236,0.000063,0.000536
swap_dynv2,16,64,4096,0.000722,0.000000,0.000014,0.000113,0.000291,0.000253,0.000085,0.000369
swap_dynv2,16,64,4096,0.000699,0.000000,0.000011,0.000098,0.000273,0.000221,0.000065,0.000369
swap_dynv2,16,64,4096,0.000705,0.000000,0.000014,0.000112,0.000299,0.000237,0.000065,0.000388
swap_dynv2,16,64,4096,0.000743,0.000000,0.000013,0.000102,0.000282,0.000220,0.000073,0.000438
swap_dynv2,16,64,4096,0.000712,0.000000,0.000012,0.000098,0.000259,0.000238,0.000095,0.000384
swap_dynv2,16,64,4096,0.000679,0.000000,0.000013,0.000100,0.000293,0.000240,0.000070,0.000651
swap_dynv2,16,64,4096,0.000692,0.000000,0.000012,0.000095,0.000265,0.000220,0.000067,0.000361
swap_dynv2,16,64,4096,0.000714,0.000000,0.000012,0.000091,0.000279,0.000232,0.000066,0.000399
swap_dynv2,16,64,4096,0.000698,0.000000,0.000012,0.000095,0.000270,0.000244,0.000075,0.000591
swap_dynv2,16,64,4096,0.000758,0.000000,0.000014,0.000103,0.000307,0.000233,0.000066,0.000532
swap_dynv2,16,64,4096,0.000735,0.000000,0.000011,0.000105,0.000272,0.000239,0.000068,0.000393
swap_dynv2,16,64,4096,0.000716,0.000000,0.000014,0.000102,0.000326,0.000253,0.000064,0.000553
swap_dynv2,16,64,4096,0.000724,0.000000,0.000012,0.000100,0.000274,0.000225,0.000075,0.000568
swap_dynv2,16,64,4096,0.000687,0.000000,0.000012,0.000098,0.000282,0.000234,0.000068,0.000402
swap_dynv2,16,64,4096,0.000700,0.000000,0.000011,0.000097,0.000266,0.000234,0.000090,0.000369
swap_dynv2,16,64,4096,0.000709,0.000000,0.000014,0.000110,0.000315,0.000242,0.000065,0.000401
swap_dynv2,16,64,4096,0.000717,0.000000,0.000013,0.000104,0.000272,0.000240,0.000069,0.000377
swap_dynv2,16,64,4096,0.000711,0.000000,0.000014,0.000162,0.000307,0.000240,0.000063,0.000586
swap_dynv2,16,64,4096,0.000755,0.000000,0.000012,0.000099,0.000278,0.000397,0.000075,0.000404
swap_dynv2,16,64,4096,0.000682,0.000000,0.000012,0.000101,0.000279,0.000229,0.000094,0.000356
swap_dynv2,16,64,4096,0.000691,0.000000,0.000012,0.000097,0.000267,0.000247,0.000092,0.000426
swap_dynv2,16,64,4096,0.000730,0.000000,0.000013,0.000114,0.000302,0.000235,0.000066,0.000421
swap_dynv2,16,64,4096,0.000715,0.000000,0.000013,0.000102,0.000335,0.000244,0.000073,0.000583
swap_dynv2,16,64,4096,0.000748,0.000000,0.000013,0.000098,0.000280,0.000232,0.000077,0.000589
swap_dynv2,16,64,4096,0.000711,0.000000,0.000012,0.000098,0.000274,0.000228,0.000071,0.000379
swap_dynv2,16,64,4096,0.000686,0.000000,0.000012,0.000106,0.000266,0.000221,0.000064,0.000451
swap_dynv2,16,64,4096,0.000670,0.000000,0.000012,0.000096,0.000267,0.000242,0.000073,0.000388
swap_dynv2,16,64,4096,0.000701,0.000000,0.000012,0.000098,0.000277,0.000244,0.000065,0.000386
swap_dynv2,16,64,4096,0.000708,0.000000,0.000012,0.000096,0.000319,0.000313,0.000074,0.000569
swap_dynv2,16,64,4096,0.000706,0.000000,0.000012,0.000095,0.000271,0.000227,0.000068,0.000451
swap_dynv2,16,64,4096,0.000719,0.000000,0.000013,0.000107,0.000276,0.000260,0.000063,0.000396
swap_static,16,64,262144,0.004481,0.000000,0.000000,0.000114,0.000297,0.000307,0.000069,0.005626
swap_static,16,64,262144,0.004429,0.000000,0.000000,0.000113,0.000271,0.000269,0.000080,0.005720
swap_static,16,64,262144,0.004430,0.000000,0.000000,0.000114,0.000302,0.000261,0.000066,0.004201
swap_static,16,64,262144,0.004502,0.000000,0.000000,0.000111,0.000281,0.000255,0.000070,0.004188
swap_static,16,64,262144,0.004386,0.000000,0.000000,0.000122,0.000285,0.000298,0.000098,0.005625
swap_static,16,64,262144,0.004397,0.000000,0.000000,0.000112,0.000282,0.000249,0.000064,0.004114
swap_static,16,64,262144,0.004520,0.000000,0.000000,0.000117,0.000322,0.000246,0.000076,0.004218
swap_static,16,64,262144,0.004536,0.000000,0.000000,0.000116,0.000285,0.000274,0.000073,0.005715
swap_static,16,64,262144,0.004252,0.000000,0.000000,0.000106,0.000270,0.000226,0.000063,0.003950
swap_static,16,64,262144,0.004539,0.000000,0.000000,0.000119,0.000270,0.000239,0.000071,0.005766
swap_static,16,64,262144,0.005974,0.000000,0.000000,0.000109,0.000270,0.000257,0.000064,0.004176
swap_static,16,64,262144,0.005234,0.000000,0.000000,0.000114,0.000276,0.000227,0.000059,0.004179
swap_static,16,64,262144,0.004581,0.000000,0.000000,0.000110,0.000264,0.000255,0.000062,0.005872
swap_static,16,64,262144,0.004383,0.000000,0.000000,0.000105,0.000343,0.000243,0.000063,0.004071
swap_static,16,64,262144,0.004539,0.000000,0.000000,0.000114,0.000289,0.000278,0.000084,0.004439
swap_static,16,64,262144,0.004191,0.000000,0.000000,0.000111,0.000288,0.000249,0.000074,0.005384
swap_static,16,64,262144,0.004517,0.000000,0.000000,0.000118,0.000281,0.000247,0.000067,0.004441
swap_static,16,64,262144,0.004506,0.000000,0.000000,0.000107,0.000312,0.000240,0.000152,0.004001
swap_static,16,64,262144,0.004430,0.000000,0.000000,0.000109,0.000292,0.000256,0.000074,0.004092
swap_static,16,64,262144,0.004482,0.000000,0.000000,0.000133,0.000266,0.000232,0.000088,0.004136
swap_static,16,64,262144,0.004344,0.000000,0.000000,0.000106,0.000276,0.000236,0.000063,0.004657
swap_static,16,64,262144,0.004498,0.000000,0.000000,0.000112,0.000286,0.000260,0.000071,0.004098
swap_static,16,64,262144,0.004492,0.000000,0.000000,0.000123,0.000298,0.000261,0.000067,0.004102
swap_static,16,64,262144,0.004261,0.000000,0.000000,0.000110,0.000266,0.000253,0.000110,0.003983
swap_static,16,64,262144,0.004307,0.000000,0.000000,0.000105,0.000281,0.000286,0.000065,0.004488
swap_static,16,64,262144,0.004528,0.000000,0.000000,0.000104,0.000268,0.000323,0.000063,0.004088
swap_static,16,64,262144,0.004529,0.000000,0.000000,0.000106,0.000267,0.000239,0.000064,0.005672
swap_static,16,64,262144,0.004429,0.000000,0.000000,0.000101,0.000275,0.000241,0.000067,0.004196
swap_static,16,64,262144,0.004424,0.000000,0.000000,0.000101,0.000277,0.000255,0.000065,0.004161
swap_static,16,64,262144,0.004474,0.000000,0.000000,0.000103,0.000274,0.000259,0.000085,0.005848
swap_static,16,64,262144,0.004149,0.000000,0.000000,0.000108,0.000288,0.000247,0.000062,0.003902
swap_static,16,64,262144,0.004245,0.000000,0.000000,0.000103,0.000267,0.000254,0.000076,0.005030
swap_static,16,64,262144,0.004468,0.000000,0.000000,0.000141,0.000294,0.000241,0.000071,0.004124
swap_static,16,64,262144,0.004508,0.000000,0.000000,0.000107,0.000274,0.000238,0.000081,0.005853
swap_static,16,64,262144,0.004513,0.000000,0.000000,0.000102,0.000291,0.000257,0.000073,0.004124
swap_static,16,64,262144,0.004442,0.000000,0.000000,0.000111,0.000269,0.000278,0.000097,0.005646
swap_static,16,64,262144,0.004518,0.000000,0.000000,0.000107,0.000279,0.000241,0.000062,0.005138
swap_static,16,64,262144,0.004508,0.000000,0.000000,0.000108,0.000274,0.000242,0.000064,0.005753
swap_static,16,64,262144,0.004795,0.000000,0.000000,0.000109,0.000276,0.000261,0.000062,0.004375
swap_static,16,64,262144,0.004440,0.000000,0.000000,0.000099,0.000273,0.000243,0.000067,0.004114
swap_static,16,64,262144,0.004342,0.000000,0.000000,0.000111,0.000328,0.000271,0.000062,0.004111
swap_static,16,64,262144,0.004537,0.000000,0.000000,0.000104,0.000295,0.000257,0.000063,0.004179
swap_static,16,64,262144,0.004369,0.000000,0.000000,0.000106,0.000329,0.000249,0.000068,0.004222
swap_static,16,64,262144,0.004434,0.000000,0.000000,0.000103,0.000270,0.000252,0.000066,0.004541
swap_static,16,64,262144,0.004582,0.000000,0.000000,0.000110,0.000296,0.000261,0.000067,0.004581
swap_static,16,64,262144,0.004435,0.000000,0.000000,0.000104,0.000295,0.000278,0.000068,0.005685
swap_static,16,64,262144,0.004241,0.000000,0.000000,0.000112,0.000264,0.000230,0.000710,0.003530
swap_static,16,64,262144,0.004556,0.000000,0.000000,0.000112,0.000293,0.000238,0.000079,0.003976
swap_static,16,64,262144,0.004518,0.000000,0.000000,0.000107,0.000264,0.000245,0.000066,0.004119
swap_static,16,64,262144,0.004386,0.000000,0.000000,0.000115,0.000274,0.000249,0.000072,0.004936
swap_static,16,64,262144,0.004452,0.000000,0.000000,0.000119,0.000288,0.000270,0.000094,0.004794
swap_static,16,64,262144,0.005698,0.000000,0.000000,0.000114,0.000303,0.000252,0.000064,0.004053
swap_static,16,64,262144,0.004471,0.000000,0.000000,0.000116,0.000285,0.000256,0.000063,0.004189
swap_static,16,64,262144,0.004380,0.000000,0.000000,0.000117,0.000266,0.000233,0.000063,0.005741
swap_static,16,64,262144,0.004438,0.000000,0.000000,0.000121,0.000293,0.000250,0.000069,0.004207
swap_static,16,64,262144,0.004437,0.000000,0.000000,0.000106,0.000268,0.000252,0.000065,0.005797
swap_static,16,64,262144,0.004529,0.000000,0.000000,0.000110,0.000282,0.000236,0.000073,0.005653
swap_static,16,64,262144,0.004412,0.000000,0.000000,0.000116,0.000272,0.000231,0.000063,0.005737
swap_static,16,64,262144,0.004438,0.000000,0.000000,0.000114,0.000273,0.000238,0.000066,0.005577
swap_static,16,64,262144,0.004396,0.000000,0.000000,0.000111,0.000295,0.000265,0.000083,0.004020
swap_static,16,64,262144,0.005506,0.000000,0.000000,0.000113,0.000292,0.000260,0.000062,0.005654
swap_static,16,64,262144,0.004465,0.000000,0.000000,0.000116,0.000286,0.000285,0.000068,0.004117
swap_static,16,64,262144,0.004406,0.000000,0.000000,0.000102,0.000271,0.000234,0.000080,0.005794
swap_static,16,64,262144,0.004427,0.000000,0.000000,0.000112,0.000274,0.000307,0.000082,0.004190
swap_static,16,64,262144,0.004450,0.000000,0.000000,0.000106,0.000285,0.000290,0.000066,0.004086
swap_static,16,64,262144,0.004457,0.000000,0.000000,0.000102,0.000264,0.000234,0.000067,0.004230
swap_static,16,64,262144,0.004429,0.000000,0.000000,0.000104,0.000272,0.000289,0.000078,0.004418
swap_static,16,64,262144,0.004485,0.000000,0.000000,0.000106,0.000277,0.000278,0.000070,0.004113
swap_static,16,64,262144,0.004497,0.000000,0.000000,0.000101,0.000266,0.000245,0.000521,0.003693
swap_static,16,64,262144,0.004400,0.000000,0.000000,0.000102,0.000265,0.000240,0.000068,0.004124
swap_static,16,64,262144,0.004559,0.000000,0.000000,0.000106,0.000277,0.000254,0.000081,0.005704
swap_static,16,64,262144,0.004465,0.000000,0.000000,0.000113,0.000299,0.000277,0.000076,0.003919
swap_static,16,64,262144,0.004114,0.000000,0.000000,0.000099,0.000271,0.000275,0.000060,0.004094
swap_static,16,64,262144,0.004427,0.000000,0.000000,0.000106,0.000288,0.000238,0.000088,0.003939
swap_static,16,64,262144,0.004514,0.000000,0.000000,0.000111,0.000287,0.000233,0.000070,0.005418
swap_dynv2,16,64,262144,0.004575,0.000000,0.000014,0.000117,0.000313,0.000314,0.000111,0.004335
swap_dynv2,16,64,262144,0.004531,0.000000,0.000014,0.000114,0.000292,0.000303,0.000070,0.005601
swap_dynv2,16,64,262144,0.004353,0.000000,0.000012,0.000117,0.000297,0.000246,0.000066,0.005581
swap_dynv2,16,64,262144,0.004429,0.000000,0.000013,0.000115,0.000296,0.000254,0.000113,0.004683
swap_dynv2,16,64,262144,0.004489,0.000000,0.000011,0.000112,0.000267,0.000254,0.000065,0.005721
swap_dynv2,16,64,262144,0.004528,0.000000,0.000013,0.000118,0.000302,0.000255,0.000068,0.004186
swap_dynv2,16,64,262144,0.004572,0.000000,0.000013,0.000120,0.000302,0.000276,0.000070,0.005821
swap_dynv2,16,64,262144,0.004444,0.000000,0.000012,0.000116,0.000281,0.000251,0.000086,0.004183
swap_dynv2,16,64,262144,0.004522,0.000000,0.000013,0.000118,0.000300,0.000248,0.000065,0.006480
swap_dynv2,16,64,262144,0.004538,0.000000,0.000012,0.000112,0.000288,0.000235,0.000067,0.005701
swap_dynv2,16,64,262144,0.004463,0.000000,0.000010,0.000114,0.000298,0.000256,0.000066,0.005650
swap_dynv2,16,64,262144,0.004477,0.000000,0.000025,0.000116,0.000288,0.000248,0.000085,0.004164
swap_dynv2,16,64,262144,0.004489,0.000000,0.000014,0.000107,0.000291,0.000258,0.000066,0.005648
swap_dynv2,16,64,262144,0.004541,0.000000,0.000013,0.000109,0.000285,0.000260,0.000084,0.004140
swap_dynv2,16,64,262144,0.004532,0.000000,0.000012,0.000104,0.000294,0.000256,0.000067,0.004098
swap_dynv2,16,64,262144,0.004579,0.000000,0.000015,0.000109,0.000291,0.000297,0.000171,0.004141
swap_dynv2,16,64,262144,0.004536,0.000000,0.000011,0.000105,0.000280,0.000253,0.000068,0.004154
swap_dynv2,16,64,262144,0.004457,0.000000,0.000012,0.000102,0.000332,0.000254,0.000067,0.005538
swap_dynv2,16,64,262144,0.004525,0.000000,0.000011,0.000116,0.000279,0.000235,0.000078,0.004092
swap_dynv2,16,64,262144,0.004333,0.000000,0.000011,0.000108,0.000273,0.000239,0.000068,0.004205
swap_dynv2,16,64,262144,0.004521,0.000000,0.000012,0.000121,0.000302,0.000243,0.000063,0.005506
swap_dynv2,16,64,262144,0.004441,0.000000,0.000013,0.000115,0.000286,0.000247,0.000069,0.005618
swap_dynv2,16,64,262144,0.004507,0.000000,0.000013,0.000116,0.000311,0.000254,0.000066,0.004176
swap_dynv2,16,64,262144,0.004482,0.000000,0.000011,0.000110,0.000279,0.000233,0.000073,0.005609
swap_dynv2,16,64,262144,0.004465,0.000000,0.000010,0.000111,0.000280,0.000238,0.000068,0.006864
swap_dynv2,16,64,262144,0.004412,0.000000,0.000012,0.000114,0.000289,0.000236,0.000073,0.004161
swap_dynv2,16,64,262144,0.004470,0.000000,0.000013,0.000116,0.000304,0.000249,0.000084,0.005740
swap_dynv2,16,64,262144,0.004444,0.000000,0.000014,0.000115,0.000292,0.000255,0.000072,0.005510
swap_dynv2,16,64,262144,0.004520,0.000000,0.000013,0.000107,0.000282,0.000254,0.000071,0.004122
swap_dynv2,16,64,262144,0.004475,0.000000,0.000013,0.000103,0.000291,0.000251,0.000061,0.004176
swap_dynv2,16,64,262144,0.004476,0.000000,0.000013,0.000101,0.000284,0.000240,0.000071,0.004112
swap_dynv2,16,64,262144,0.004507,0.000000,0.000014,0.000115,0.000287,0.000249,0.000068,0.004288
swap_dynv2,16,64,262144,0.004514,0.000000,0.000014,0.000108,0.000307,0.000244,0.000069,0.005575
swap_dynv2,16,64,262144,0.004200,0.000000,0.000014,0.000110,0.000305,0.000272,0.000067,0.005475
swap_dynv2,16,64,262144,0.004399,0.000000,0.000012,0.000099,0.000283,0.000260,0.000071,0.004549
swap_dynv2,16,64,262144,0.004431,0.000000,0.000013,0.000102,0.000277,0.000260,0.000085,0.004605
swap_dynv2,16,64,262144,0.004512,0.000000,0.000011,0.000108,0.000280,0.000243,0.000063,0.004510
swap_dynv2,16,64,262144,0.004433,0.000000,0.000013,0.000114,0.000290,0.000272,0.000075,0.004565
swap_dynv2,16,64,262144,0.004521,0.000000,0.000013,0.000102,0.000296,0.000248,0.000073,0.004519
swap_dynv2,16,64,262144,0.004527,0.000000,0.000014,0.000108,0.000315,0.000247,0.000066,0.005694
swap_dynv2,16,64,262144,0.004533,0.000000,0.000012,0.000102,0.000346,0.000328,0.000084,0.005593
swap_dynv2,16,64,262144,0.004408,0.000000,0.000015,0.000110,0.000307,0.000249,0.000065,0.005540
swap_dynv2,16,64,262144,0.004472,0.000000,0.000013,0.000102,0.000288,0.000289,0.000079,0.004160
swap_dynv2,16,64,262144,0.004469,0.000000,0.000013,0.000100,0.000294,0.000242,0.000080,0.004448
swap_dynv2,16,64,262144,0.004449,0.000000,0.000011,0.000108,0.000280,0.000242,0.000067,0.005776
swap_dynv2,16,64,262144,0.004554,0.000000,0.000012,0.000103,0.000282,0.000250,0.000067,0.005516
swap_dynv2,16,64,262144,0.004327,0.000000,0.000013,0.000100,0.000297,0.000245,0.000065,0.005781
swap_dynv2,16,64,262144,0.004357,0.000000,0.000015,0.000104,0.000295,0.000272,0.000070,0.005660
swap_dynv2,16,64,262144,0.004402,0.000000,0.000014,0.000113,0.000308,0.000242,0.000198,0.003995
swap_dynv2,16,64,262144,0.004244,0.000000,0.000013,0.000098,0.000298,0.000262,0.000067,0.004218
swap_dynv2,16,64,262144,0.004410,0.000000,0.000015,0.000106,0.000302,0.000247,0.000070,0.004186
swap_dynv2,16,64,262144,0.004481,0.000000,0.000010,0.000107,0.000314,0.000240,0.000072,0.004005
swap_dynv2,16,64,262144,0.004490,0.000000,0.000011,0.000111,0.000281,0.000237,0.000074,0.004113
swap_dynv2,16,64,262144,0.004547,0.000000,0.000012,0.000117,0.000290,0.000247,0.000076,0.004238
swap_dynv2,16,64,262144,0.004437,0.000000,0.000011,0.000109,0.000297,0.000242,0.000067,0.005229
swap_dynv2,16,64,262144,0.005020,0.000000,0.000011,0.000120,0.000271,0.000254,0.000072,0.004205
swap_dynv2,16,64,262144,0.004510,0.000000,0.000011,0.000112,0.000283,0.000233,0.000070,0.004064
swap_dynv2,16,64,262144,0.004548,0.000000,0.000012,0.000116,0.000297,0.000253,0.000121,0.003976
swap_dynv2,16,64,262144,0.004480,0.000000,0.000014,0.000114,0.000318,0.000248,0.000069,0.005608
swap_dynv2,16,64,262144,0.004478,0.000000,0.000013,0.000116,0.000290,0.000254,0.000067,0.005767
swap_dynv2,16,64,262144,0.004462,0.000000,0.000013,0.000112,0.000292,0.000251,0.000178,0.003898
swap_dynv2,16,64,262144,0.004456,0.000000,0.000011,0.000109,0.000286,0.000252,0.000066,0.004435
swap_dynv2,16,64,262144,0.004459,0.000000,0.000011,0.000109,0.000291,0.000235,0.000067,0.005708
swap_dynv2,16,64,262144,0.004499,0.000000,0.000011,0.000107,0.000280,0.000233,0.000073,0.005567
swap_dynv2,16,64,262144,0.004414,0.000000,0.000012,0.000113,0.000336,0.000261,0.000076,0.004139
swap_dynv2,16,64,262144,0.004500,0.000000,0.000013,0.000101,0.000273,0.000258,0.000071,0.005898
swap_dynv2,16,64,262144,0.004401,0.000000,0.000014,0.000102,0.000298,0.000238,0.000071,0.004089
swap_dynv2,16,64,262144,0.004526,0.000000,0.000015,0.000111,0.000307,0.000308,0.000066,0.005853
swap_dynv2,16,64,262144,0.004542,0.000000,0.000014,0.000098,0.000280,0.000239,0.000074,0.004127
swap_dynv2,16,64,262144,0.004484,0.000000,0.000013,0.000102,0.000276,0.000257,0.000072,0.003948
swap_dynv2,16,64,262144,0.004429,0.000000,0.000013,0.000121,0.000289,0.000271,0.000068,0.005528
swap_dynv2,16,64,262144,0.004439,0.000000,0.000012,0.000105,0.000270,0.000248,0.000086,0.003984
swap_dynv2,16,64,262144,0.004392,0.000000,0.000011,0.000107,0.000282,0.000261,0.000600,0.003517
swap_dynv2,16,64,262144,0.004548,0.000000,0.000012,0.000104,0.000272,0.000240,0.000069,0.005568
swap_dynv2,16,64,262144,0.004532,0.000000,0.000013,0.000133,0.000270,0.000283,0.000065,0.005415
swap_static,16,64,16777216,0.251953,0.000000,0.000000,0.000119,0.000340,0.000353,0.000103,0.259503
swap_static,16,64,16777216,0.254932,0.000000,0.000000,0.000119,0.000319,0.000314,0.000074,0.256322
swap_static,16,64,16777216,0.256024,0.000000,0.000000,0.000122,0.000313,0.000306,0.000089,0.257314
swap_static,16,64,16777216,0.256841,0.000000,0.000000,0.000128,0.000309,0.000297,0.000071,0.255484
swap_static,16,64,16777216,0.255169,0.000000,0.000000,0.000121,0.000332,0.000314,0.000074,0.252711
swap_static,16,64,16777216,0.253162,0.000000,0.000000,0.000124,0.000313,0.000291,0.000095,0.254925
swap_static,16,64,16777216,0.257760,0.000000,0.000000,0.000121,0.000325,0.000298,0.000097,0.256761
swap_static,16,64,16777216,0.255238,0.000000,0.000000,0.000117,0.000307,0.000313,0.000103,0.257056
swap_static,16,64,16777216,0.257300,0.000000,0.000000,0.000116,0.000324,0.000298,0.000091,0.256233
swap_static,16,64,16777216,0.255502,0.000000,0.000000,0.000115,0.000332,0.000304,0.000075,0.256237
swap_static,16,64,16777216,0.257645,0.000000,0.000000,0.000116,0.000326,0.000312,0.000096,0.255644
swap_static,16,64,16777216,0.252298,0.000000,0.000000,0.000123,0.000324,0.000303,0.000078,0.254052
swap_static,16,64,16777216,0.256617,0.000000,0.000000,0.000112,0.000337,0.000296,0.000077,0.256724
swap_static,16,64,16777216,0.253451,0.000000,0.000000,0.000117,0.000319,0.000287,0.000065,0.256761
swap_static,16,64,16777216,0.257768,0.000000,0.000000,0.000109,0.000319,0.000312,0.000101,0.258126
swap_static,16,64,16777216,0.254274,0.000000,0.000000,0.000118,0.000321,0.000327,0.000092,0.255052
swap_static,16,64,16777216,0.255619,0.000000,0.000000,0.000120,0.000318,0.000333,0.000082,0.256506
swap_static,16,64,16777216,0.254068,0.000000,0.000000,0.000115,0.000307,0.000307,0.001071,0.256307
swap_static,16,64,16777216,0.255518,0.000000,0.000000,0.000121,0.000330,0.000350,0.000088,0.257489
swap_static,16,64,16777216,0.255359,0.000000,0.000000,0.000114,0.000315,0.000291,0.000065,0.256025
swap_static,16,64,16777216,0.253514,0.000000,0.000000,0.000120,0.000318,0.000291,0.000079,0.258069
swap_static,16,64,16777216,0.251573,0.000000,0.000000,0.000117,0.000325,0.000304,0.000066,0.249594
swap_static,16,64,16777216,0.256078,0.000000,0.000000,0.000112,0.000322,0.000305,0.000087,0.254115
swap_static,16,64,16777216,0.256706,0.000000,0.000000,0.000121,0.000312,0.000289,0.000075,0.254947
swap_static,16,64,16777216,0.247595,0.000000,0.000000,0.000116,0.000304,0.000301,0.000085,0.257298
swap_static,16,64,16777216,0.255509,0.000000,0.000000,0.000117,0.000301,0.000310,0.000086,0.256901
swap_static,16,64,16777216,0.256147,0.000000,0.000000,0.000124,0.000333,0.000319,0.000079,0.256393
swap_static,16,64,16777216,0.256327,0.000000,0.000000,0.000111,0.000323,0.000311,0.000078,0.254650
swap_static,16,64,16777216,0.256753,0.000000,0.000000,0.000113,0.000309,0.000285,0.000069,0.254264
swap_static,16,64,16777216,0.254689,0.000000,0.000000,0.000110,0.000312,0.000314,0.000086,0.254420
swap_static,16,64,16777216,0.256292,0.000000,0.000000,0.000116,0.000323,0.000305,0.000074,0.256383
swap_static,16,64,16777216,0.255965,0.000000,0.000000,0.000112,0.000304,0.000309,0.000075,0.256057
swap_static,16,64,16777216,0.260082,0.000000,0.000000,0.000116,0.000305,0.000305,0.000083,0.260297
swap_static,16,64,16777216,0.256627,0.000000,0.000000,0.000116,0.000318,0.000306,0.002801,0.253521
swap_static,16,64,16777216,0.254854,0.000000,0.000000,0.000118,0.000302,0.000309,0.000069,0.259384
swap_static,16,64,16777216,0.253475,0.000000,0.000000,0.000117,0.000298,0.000296,0.000079,0.256630
swap_static,16,64,16777216,0.256290,0.000000,0.000000,0.000120,0.000313,0.000327,0.000074,0.252795
swap_static,16,64,16777216,0.254002,0.000000,0.000000,0.000121,0.000315,0.000319,0.000076,0.254458
swap_static,16,64,16777216,0.253822,0.000000,0.000000,0.000121,0.000328,0.000314,0.000075,0.256580
swap_static,16,64,16777216,0.256274,0.000000,0.000000,0.000122,0.000312,0.000300,0.000068,0.258285
swap_static,16,64,16777216,0.255560,0.000000,0.000000,0.000125,0.000314,0.000300,0.000074,0.260128
swap_static,16,64,16777216,0.255664,0.000000,0.000000,0.000131,0.000344,0.000309,0.001957,0.255781
swap_static,16,64,16777216,0.256085,0.000000,0.000000,0.000117,0.000327,0.000307,0.000077,0.256852
swap_static,16,64,16777216,0.254446,0.000000,0.000000,0.000118,0.000305,0.000311,0.000068,0.257304
swap_static,16,64,16777216,0.256041,0.000000,0.000000,0.000120,0.000305,0.000314,0.000072,0.256488
swap_static,16,64,16777216,0.255873,0.000000,0.000000,0.000118,0.000316,0.000332,0.000071,0.256417
swap_static,16,64,16777216,0.257369,0.000000,0.000000,0.000120,0.000324,0.000307,0.000094,0.254405
swap_static,16,64,16777216,0.252719,0.000000,0.000000,0.000112,0.000370,0.000305,0.000075,0.255558
swap_static,16,64,16777216,0.255176,0.000000,0.000000,0.000125,0.000311,0.000308,0.000075,0.255316
swap_static,16,64,16777216,0.255536,0.000000,0.000000,0.000121,0.000317,0.000308,0.000070,0.252669
swap_static,16,64,16777216,0.254682,0.000000,0.000000,0.000121,0.000327,0.000340,0.000068,0.255139
swap_static,16,64,16777216,0.253303,0.000000,0.000000,0.000115,0.000313,0.000332,0.000067,0.253842
swap_static,16,64,16777216,0.246902,0.000000,0.000000,0.000131,0.000322,0.000425,0.000180,0.251382
swap_static,16,64,16777216,0.254511,0.000000,0.000000,0.000113,0.000316,0.000308,0.000069,0.256020
swap_static,16,64,16777216,0.255595,0.000000,0.000000,0.000118,0.000315,0.000309,0.000066,0.255668
swap_static,16,64,16777216,0.248066,0.000000,0.000000,0.000122,0.000327,0.000310,0.000111,0.252103
swap_static,16,64,16777216,0.254503,0.000000,0.000000,0.000120,0.000348,0.000327,0.000108,0.252853
swap_static,16,64,16777216,0.253736,0.000000,0.000000,0.000116,0.000320,0.000320,0.000073,0.255483
swap_static,16,64,16777216,0.254004,0.000000,0.000000,0.000114,0.000315,0.000324,0.000083,0.253265
swap_static,16,64,16777216,0.254287,0.000000,0.000000,0.000114,0.000323,0.000309,0.000069,0.254669
swap_static,16,64,16777216,0.255265,0.000000,0.000000,0.000115,0.000290,0.000317,0.000083,0.255266
swap_static,16,64,16777216,0.253435,0.000000,0.000000,0.000125,0.000330,0.000307,0.000077,0.251906
swap_static,16,64,16777216,0.252167,0.000000,0.000000,0.000121,0.000343,0.000346,0.000077,0.253794
swap_static,16,64,16777216,0.258871,0.000000,0.000000,0.000116,0.000312,0.000316,0.000066,0.251699
swap_static,16,64,16777216,0.252554,0.000000,0.000000,0.000110,0.000314,0.000311,0.000084,0.254815
swap_static,16,64,16777216,0.255890,0.000000,0.000000,0.000113,0.000328,0.000326,0.000094,0.254211
swap_static,16,64,16777216,0.256528,0.000000,0.000000,0.000108,0.000328,0.000316,0.000072,0.254718
swap_static,16,64,16777216,0.254524,0.000000,0.000000,0.000108,0.000309,0.000322,0.000089,0.254912
swap_static,16,64,16777216,0.254404,0.000000,0.000000,0.000106,0.000307,0.000302,0.000075,0.255249
swap_static,16,64,16777216,0.257151,0.000000,0.000000,0.000117,0.000316,0.000307,0.000070,0.254530
swap_static,16,64,16777216,0.255517,0.000000,0.000000,0.000123,0.000324,0.000310,0.000077,0.255407
swap_static,16,64,16777216,0.254893,0.000000,0.000000,0.000115,0.000332,0.000317,0.000085,0.254453
swap_static,16,64,16777216,0.254465,0.000000,0.000000,0.000117,0.000326,0.000324,0.000071,0.253901
swap_static,16,64,16777216,0.254379,0.000000,0.000000,0.000117,0.000334,0.000335,0.000080,0.255738
swap_static,16,64,16777216,0.254543,0.000000,0.000000,0.000122,0.000318,0.000298,0.000077,0.257945
swap_dynv2,16,64,16777216,0.252902,0.000000,0.000018,0.000130,0.000341,0.000382,0.000114,0.257490
swap_dynv2,16,64,16777216,0.258083,0.000000,0.000015,0.000126,0.000314,0.000324,0.000087,0.259451
swap_dynv2,16,64,16777216,0.260618,0.000000,0.000014,0.000128,0.000315,0.000327,0.000082,0.255902
swap_dynv2,16,64,16777216,0.257964,0.000000,0.000016,0.000122,0.000313,0.000333,0.000071,0.259228
swap_dynv2,16,64,16777216,0.257256,0.000000,0.000016,0.000124,0.000310,0.000329,0.000069,0.259098
swap_dynv2,16,64,16777216,0.257179,0.000000,0.000017,0.000122,0.000323,0.000320,0.000080,0.258354
swap_dynv2,16,64,16777216,0.257793,0.000000,0.000016,0.000123,0.000316,0.000340,0.000070,0.258329
swap_dynv2,16,64,16777216,0.258333,0.000000,0.000017,0.000130,0.000342,0.000325,0.000068,0.262140
swap_dynv2,16,64,16777216,0.258784,0.000000,0.000016,0.000126,0.000337,0.000319,0.000073,0.259512
swap_dynv2,16,64,16777216,0.257865,0.000000,0.000017,0.000128,0.000344,0.000312,0.000105,0.259293
swap_dynv2,16,64,16777216,0.258380,0.000000,0.000015,0.000123,0.000328,0.000315,0.000103,0.258768
swap_dynv2,16,64,16777216,0.258898,0.000000,0.000015,0.000123,0.000329,0.000350,0.000085,0.257298
swap_dynv2,16,64,16777216,0.255347,0.000000,0.000016,0.000122,0.000327,0.000320,0.000068,0.257568
swap_dynv2,16,64,16777216,0.259967,0.000000,0.000017,0.000128,0.000335,0.000304,0.000087,0.257886
swap_dynv2,16,64,16777216,0.258233,0.000000,0.000014,0.000121,0.000294,0.000316,0.000070,0.257855
swap_dynv2,16,64,16777216,0.260099,0.000000,0.000017,0.000131,0.000344,0.000314,0.003565,0.255499
swap_dynv2,16,64,16777216,0.258162,0.000000,0.000015,0.000123,0.000316,0.000309,0.000089,0.256940
swap_dynv2,16,64,16777216,0.256377,0.000000,0.000017,0.000122,0.000319,0.000339,0.000086,0.234970
swap_dynv2,16,64,16777216,0.253864,0.000000,0.000014,0.000131,0.000308,0.000316,0.000086,0.256532
swap_dynv2,16,64,16777216,0.255178,0.000000,0.000016,0.000126,0.000317,0.000313,0.000087,0.258280
swap_dynv2,16,64,16777216,0.256422,0.000000,0.000016,0.000121,0.000324,0.000339,0.000076,0.258996
swap_dynv2,16,64,16777216,0.255616,0.000000,0.000015,0.000118,0.000318,0.000334,0.000073,0.259947
swap_dynv2,16,64,16777216,0.257158,0.000000,0.000017,0.000128,0.000322,0.000285,0.000080,0.256543
swap_dynv2,16,64,16777216,0.256699,0.000000,0.000016,0.000118,0.000334,0.000340,0.000067,0.257785
swap_dynv2,16,64,16777216,0.257579,0.000000,0.000017,0.000115,0.000323,0.000317,0.000070,0.261876
swap_dynv2,16,64,16777216,0.254493,0.000000,0.000016,0.000126,0.000322,0.000305,0.000102,0.257458
swap_dynv2,16,64,16777216,0.256996,0.000000,0.000017,0.000115,0.000328,0.000313,0.000077,0.257404
swap_dynv2,16,64,16777216,0.252454,0.000000,0.000016,0.000114,0.000301,0.000313,0.000073,0.258608
swap_dynv2,16,64,16777216,0.255814,0.000000,0.000014,0.000126,0.000333,0.000341,0.000070,0.258160
swap_dynv2,16,64,16777216,0.255056,0.000000,0.000016,0.000127,0.000314,0.000320,0.000080,0.258220
swap_dynv2,16,64,16777216,0.259091,0.000000,0.000014,0.000125,0.000308,0.000314,0.000070,0.257923
swap_dynv2,16,64,16777216,0.256711,0.000000,0.000016,0.000129,0.000320,0.000307,0.000093,0.256539
swap_dynv2,16,64,16777216,0.255941,0.000000,0.000014,0.000120,0.000306,0.000283,0.000067,0.253983
swap_dynv2,16,64,16777216,0.257827,0.000000,0.000015,0.000125,0.000317,0.000323,0.000083,0.255847
swap_dynv2,16,64,16777216,0.256408,0.000000,0.000014,0.000123,0.000323,0.000307,0.000071,0.255208
swap_dynv2,16,64,16777216,0.256551,0.000000,0.000015,0.000125,0.000328,0.000319,0.000112,0.258712
swap_dynv2,16,64,16777216,0.256646,0.000000,0.000019,0.000133,0.000317,0.000316,0.000072,0.253786
swap_dynv2,16,64,16777216,0.254561,0.000000,0.000015,0.000126,0.000323,0.000325,0.000078,0.255981
swap_dynv2,16,64,16777216,0.258202,0.000000,0.000018,0.000135,0.000359,0.000368,0.000078,0.256190
swap_dynv2,16,64,16777216,0.257133,0.000000,0.000016,0.000132,0.000354,0.000301,0.000086,0.255486
swap_dynv2,16,64,16777216,0.258763,0.000000,0.000017,0.000130,0.000334,0.000325,0.000073,0.257865
swap_dynv2,16,64,16777216,0.257284,0.000000,0.000015,0.000123,0.000325,0.000330,0.000088,0.261193
swap_dynv2,16,64,16777216,0.256485,0.000000,0.000015,0.000130,0.000309,0.000310,0.002199,0.251278
swap_dynv2,16,64,16777216,0.253459,0.000000,0.000014,0.000121,0.000340,0.000317,0.000082,0.252174
swap_dynv2,16,64,16777216,0.253084,0.000000,0.000016,0.000118,0.000320,0.000299,0.000070,0.253283
swap_dynv2,16,64,16777216,0.255577,0.000000,0.000017,0.000113,0.000317,0.000308,0.000086,0.257089
swap_dynv2,16,64,16777216,0.257046,0.000000,0.000016,0.000116,0.000317,0.000330,0.000073,0.257652
swap_dynv2,16,64,16777216,0.260392,0.000000,0.000016,0.000116,0.000321,0.000304,0.000105,0.254988
swap_dynv2,16,64,16777216,0.256366,0.000000,0.000016,0.000114,0.000319,0.000310,0.000070,0.254629
swap_dynv2,16,64,16777216,0.256754,0.000000,0.000017,0.000113,0.000332,0.000304,0.000073,0.256135
swap_dynv2,16,64,16777216,0.256866,0.000000,0.000017,0.000127,0.000317,0.000305,0.000112,0.255012
swap_dynv2,16,64,16777216,0.254056,0.000000,0.000022,0.000125,0.000325,0.000320,0.000076,0.255288
swap_dynv2,16,64,16777216,0.256197,0.000000,0.000016,0.000125,0.000327,0.000317,0.000077,0.257231
swap_dynv2,16,64,16777216,0.254250,0.000000,0.000016,0.000128,0.000338,0.000318,0.000073,0.254255
swap_dynv2,16,64,16777216,0.255806,0.000000,0.000016,0.000123,0.000341,0.000328,0.000068,0.255916
swap_dynv2,16,64,16777216,0.256783,0.000000,0.000016,0.000121,0.000328,0.000317,0.000085,0.256981
swap_dynv2,16,64,16777216,0.255732,0.000000,0.000016,0.000125,0.000319,0.000331,0.000174,0.255615
swap_dynv2,16,64,16777216,0.256515,0.000000,0.000015,0.000120,0.000323,0.000342,0.000074,0.255796
swap_dynv2,16,64,16777216,0.255390,0.000000,0.000016,0.000124,0.000319,0.000335,0.003788,0.254483
swap_dynv2,16,64,16777216,0.254971,0.000000,0.000016,0.000128,0.000356,0.000316,0.000103,0.254995
swap_dynv2,16,64,16777216,0.255051,0.000000,0.000017,0.000121,0.000336,0.000321,0.000077,0.255855
swap_dynv2,16,64,16777216,0.255875,0.000000,0.000017,0.000119,0.000357,0.000312,0.000072,0.257471
swap_dynv2,16,64,16777216,0.254880,0.000000,0.000016,0.000119,0.000315,0.000307,0.000072,0.255311
swap_dynv2,16,64,16777216,0.254224,0.000000,0.000017,0.000121,0.000333,0.000319,0.000104,0.259304
swap_dynv2,16,64,16777216,0.257911,0.000000,0.000017,0.000120,0.000337,0.000371,0.000087,0.256674
swap_dynv2,16,64,16777216,0.254373,0.000000,0.000017,0.000118,0.000345,0.000328,0.000080,0.251814
swap_dynv2,16,64,16777216,0.253501,0.000000,0.000014,0.000121,0.000315,0.000327,0.000086,0.254075
swap_dynv2,16,64,16777216,0.254107,0.000000,0.000017,0.000124,0.000344,0.000330,0.000108,0.255530
swap_dynv2,16,64,16777216,0.254962,0.000000,0.000017,0.000129,0.000355,0.000319,0.000086,0.254907
swap_dynv2,16,64,16777216,0.255538,0.000000,0.000015,0.000120,0.000308,0.000315,0.000080,0.255943
swap_dynv2,16,64,16777216,0.255057,0.000000,0.000016,0.000125,0.000326,0.000304,0.000085,0.253762
swap_dynv2,16,64,16777216,0.255413,0.000000,0.000014,0.000120,0.000337,0.000326,0.000080,0.255245
swap_dynv2,16,64,16777216,0.256145,0.000000,0.000018,0.000112,0.000351,0.000310,0.000065,0.255053
swap_dynv2,16,64,16777216,0.253011,0.000000,0.000016,0.000113,0.000330,0.000311,0.000077,0.252203
swap_dynv2,16,64,16777216,0.254403,0.000000,0.000017,0.000117,0.000320,0.000314,0.000100,0.256666
swap_static,16,256,4096,0.000979,0.000000,0.000000,0.000216,0.000305,0.000373,0.000083,0.000587
swap_static,16,256,4096,0.000912,0.000000,0.000000,0.000209,0.000257,0.000267,0.000073,0.000634
swap_static,16,256,4096,0.000972,0.000000,0.000000,0.000208,0.000301,0.000278,0.000067,0.000612
swap_static,16,256,4096,0.000910,0.000000,0.000000,0.000208,0.000264,0.000239,0.000071,0.000584
swap_static,16,256,4096,0.000905,0.000000,0.000000,0.000208,0.000264,0.000226,0.000079,0.000591
swap_static,16,256,4096,0.000905,0.000000,0.000000,0.000214,0.000257,0.000239,0.000060,0.000587
swap_static,16,256,4096,0.000903,0.000000,0.000000,0.000260,0.000301,0.000249,0.000095,0.000560
swap_static,16,256,4096,0.000936,0.000000,0.000000,0.000215,0.000269,0.000230,0.000078,0.000550
swap_static,16,256,4096,0.000887,0.000000,0.000000,0.000205,0.000304,0.000220,0.000070,0.000574
swap_static,16,256,4096,0.000889,0.000000,0.000000,0.000215,0.000286,0.000266,0.000064,0.000570
swap_static,16,256,4096,0.000874,0.000000,0.000000,0.000189,0.000271,0.000231,0.000067,0.000692
swap_static,16,256,4096,0.000865,0.000000,0.000000,0.000190,0.000269,0.000240,0.000066,0.000602
swap_static,16,256,4096,0.000878,0.000000,0.000000,0.000230,0.000305,0.000256,0.000065,0.000598
swap_static,16,256,4096,0.000894,0.000000,0.000000,0.000211,0.000312,0.000266,0.000067,0.000577
swap_static,16,256,4096,0.000876,0.000000,0.000000,0.000188,0.000282,0.000234,0.000073,0.000548
swap_static,16,256,4096,0.000882,0.000000,0.000000,0.000191,0.000272,0.000240,0.000066,0.000613
swap_static,16,256,4096,0.000865,0.000000,0.000000,0.000270,0.000332,0.000251,0.000066,0.000546
swap_static,16,256,4096,0.000932,0.000000,0.000000,0.000208,0.000262,0.000241,0.000086,0.000555
swap_static,16,256,4096,0.000863,0.000000,0.000000,0.000187,0.000271,0.000229,0.000065,0.000608
swap_static,16,256,4096,0.000888,0.000000,0.000000,0.000230,0.000301,0.000242,0.000070,0.000592
swap_static,16,256,4096,0.000895,0.000000,0.000000,0.000187,0.000282,0.000235,0.000067,0.000594
swap_static,16,256,4096,0.000973,0.000000,0.000000,0.000211,0.000290,0.000230,0.000065,0.000581
swap_static,16,256,4096,0.000880,0.000000,0.000000,0.000187,0.000270,0.000228,0.000097,0.000530
swap_static,16,256,4096,0.000976,0.000000,0.000000,0.000208,0.000272,0.000231,0.000068,0.000610
swap_static,16,256,4096,0.000891,0.000000,0.000000,0.000186,0.000269,0.000223,0.000079,0.000597
swap_static,16,256,4096,0.001025,0.000000,0.000000,0.000197,0.000274,0.000222,0.000065,0.000573
swap_static,16,256,4096,0.000905,0.000000,0.000000,0.000223,0.000300,0.000243,0.000098,0.000580
swap_static,16,256,4096,0.000863,0.000000,0.000000,0.000184,0.000265,0.000280,0.000097,0.000568
swap_static,16,256,4096,0.000969,0.000000,0.000000,0.000219,0.000298,0.000241,0.000140,0.000579
swap_static,16,256,4096,0.000921,0.000000,0.000000,0.000209,0.000264,0.000225,0.000065,0.000569
swap_static,16,256,4096,0.000938,0.000000,0.000000,0.000227,0.000292,0.000249,0.000067,0.000573
swap_static,16,256,4096,0.000869,0.000000,0.000000,0.000190,0.000274,0.000229,0.000066,0.000664
swap_static,16,256,4096,0.000913,0.000000,0.000000,0.000211,0.000270,0.000243,0.000063,0.000610
swap_static,16,256,4096,0.000927,0.000000,0.000000,0.000210,0.000305,0.000243,0.000063,0.000561
swap_static,16,256,4096,0.000933,0.000000,0.000000,0.000210,0.000257,0.000225,0.000070,0.000587
swap_static,16,256,4096,0.000861,0.000000,0.000000,0.000189,0.000268,0.000221,0.000081,0.000601
swap_static,16,256,4096,0.000904,0.000000,0.000000,0.000211,0.000379,0.000248,0.000083,0.000573
swap_static,16,256,4096,0.000910,0.000000,0.000000,0.000207,0.000266,0.000233,0.000084,0.000558
swap_static,16,256,4096,0.000942,0.000000,0.000000,0.000203,0.000262,0.000248,0.000066,0.000573
swap_static,16,256,4096,0.000883,0.000000,0.000000,0.000223,0.000259,0.000220,0.000062,0.000581
swap_static,16,256,4096,0.000855,0.000000,0.000000,0.000187,0.000274,0.000220,0.000064,0.000625
swap_static,16,256,4096,0.000879,0.000000,0.000000,0.000218,0.000291,0.000245,0.000063,0.000592
swap_static,16,256,4096,0.000889,0.000000,0.000000,0.000203,0.000257,0.000237,0.000082,0.000577
swap_static,16,256,4096,0.000963,0.000000,0.000000,0.000223,0.000298,0.000248,0.000076,0.000701
swap_static,16,256,4096,0.000886,0.000000,0.000000,0.000190,0.000279,0.000244,0.000066,0.000547
swap_static,16,256,4096,0.000881,0.000000,0.000000,0.000200,0.000292,0.000254,0.000068,0.000577
swap_static,16,256,4096,0.000968,0.000000,0.000000,0.000210,0.000277,0.000242,0.000075,0.000566
swap_static,16,256,4096,0.000875,0.000000,0.000000,0.000185,0.000267,0.000232,0.000063,0.000549
swap_static,16,256,4096,0.000962,0.000000,0.000000,0.000240,0.000282,0.000326,0.000062,0.000575
swap_static,16,256,4096,0.000833,0.000000,0.000000,0.000187,0.000271,0.000236,0.000073,0.000564
swap_static,16,256,4096,0.000869,0.000000,0.000000,0.000216,0.000263,0.000226,0.000073,0.000575
swap_static,16,256,4096,0.000877,0.000000,0.000000,0.000185,0.000276,0.000224,0.000062,0.000594
swap_static,16,256,4096,0.000906,0.000000,0.000000,0.000205,0.000268,0.000239,0.000062,0.000562
swap_static,16,256,4096,0.000937,0.000000,0.000000,0.000211,0.000298,0.000250,0.000080,0.000561
swap_static,16,256,4096,0.000866,0.000000,0.000000,0.000211,0.000269,0.000227,0.000063,0.000573
swap_static,16,256,4096,0.000925,0.000000,0.000000,0.000209,0.000309,0.000249,0.000078,0.000581
swap_static,16,256,4096,0.000876,0.000000,0.000000,0.000205,0.000274,0.000239,0.000064,0.000563
swap_static,16,256,4096,0.000923,0.000000,0.000000,0.000245,0.000295,0.000258,0.000064,0.000629
swap_static,16,256,4096,0.000991,0.000000,0.000000,0.000242,0.000264,0.000309,0.000063,0.000567
swap_static,16,256,4096,0.000904,0.000000,0.000000,0.000240,0.000261,0.000235,0.000062,0.000594
swap_static,16,256,4096,0.000910,0.000000,0.000000,0.000226,0.000283,0.000237,0.000070,0.000692
swap_static,16,256,4096,0.000921,0.000000,0.000000,0.000238,0.000258,0.000220,0.000064,0.000582
swap_static,16,256,4096,0.000944,0.000000,0.000000,0.000250,0.000290,0.000251,0.000066,0.000595
swap_static,16,256,4096,0.000895,0.000000,0.000000,0.000225,0.000274,0.000229,0.000065,0.000639
swap_static,16,256,4096,0.000896,0.000000,0.000000,0.000325,0.000281,0.000242,0.000062,0.000581
swap_static,16,256,4096,0.000893,0.000000,0.000000,0.000226,0.000272,0.000226,0.000066,0.000597
swap_static,16,256,4096,0.000881,0.000000,0.000000,0.000219,0.000274,0.000227,0.000065,0.000548
swap_static,16,256,4096,0.000960,0.000000,0.000000,0.000241,0.000263,0.000247,0.000065,0.000540
swap_static,16,256,4096,0.000900,0.000000,0.000000,0.000302,0.000298,0.000258,0.000067,0.000568
swap_static,16,256,4096,0.000907,0.000000,0.000000,0.000255,0.000281,0.000249,0.000062,0.000602
swap_static,16,256,4096,0.000893,0.000000,0.000000,0.000244,0.000285,0.000249,0.000315,0.000350
swap_static,16,256,4096,0.000908,0.000000,0.000000,0.000239,0.000273,0.000229,0.000629,0.000010
swap_static,16,256,4096,0.000913,0.000000,0.000000,0.000242,0.000261,0.000234,0.000088,0.000548
swap_static,16,256,4096,0.000910,0.000000,0.000000,0.000305,0.000292,0.000240,0.000067,0.000588
swap_static,16,256,4096,0.000917,0.000000,0.000000,0.000247,0.000275,0.000233,0.000065,0.000581
swap_dynv2,16,256,4096,0.000986,0.000000,0.000014,0.000295,0.000300,0.000380,0.000078,0.000596
swap_dynv2,16,256,4096,0.000937,0.000000,0.000012,0.000209,0.000269,0.000242,0.000104,0.000569
swap_dynv2,16,256,4096,0.000934,0.000000,0.000012,0.000212,0.000294,0.000252,0.000110,0.000591
swap_dynv2,16,256,4096,0.000920,0.000000,0.000011,0.000226,0.000288,0.000247,0.000098,0.000562
swap_dynv2,16,256,4096,0.000861,0.000000,0.000013,0.000189,0.000277,0.000237,0.000067,0.000614
swap_dynv2,16,256,4096,0.000883,0.000000,0.000014,0.000231,0.000299,0.000252,0.000077,0.000581
swap_dynv2,16,256,4096,0.000924,0.000000,0.000009,0.000218,0.000274,0.000227,0.000065,0.000651
swap_dynv2,16,256,4096,0.000936,0.000000,0.000014,0.000218,0.000304,0.000239,0.000066,0.000606
swap_dynv2,16,256,4096,0.000936,0.000000,0.000014,0.000216,0.000296,0.000245,0.000072,0.000708
swap_dynv2,16,256,4096,0.000903,0.000000,0.000014,0.000221,0.000296,0.000246,0.000070,0.000635
swap_dynv2,16,256,4096,0.000915,0.000000,0.000014,0.000228,0.000304,0.000253,0.000067,0.000564
swap_dynv2,16,256,4096,0.000887,0.000000,0.000012,0.000192,0.000288,0.000221,0.000061,0.000605
swap_dynv2,16,256,4096,0.000973,0.000000,0.000014,0.000214,0.000302,0.000232,0.000068,0.000564
swap_dynv2,16,256,4096,0.000904,0.000000,0.000012,0.000188,0.000276,0.000229,0.000069,0.000602
swap_dynv2,16,256,4096,0.000873,0.000000,0.000012,0.000189,0.000287,0.000231,0.000097,0.000559
swap_dynv2,16,256,4096,0.000880,0.000000,0.000010,0.000194,0.000278,0.000226,0.000385,0.000247
swap_dynv2,16,256,4096,0.000988,0.000000,0.000014,0.000207,0.000297,0.000249,0.000062,0.000578
swap_dynv2,16,256,4096,0.000918,0.000000,0.000014,0.000216,0.000303,0.000242,0.000068,0.000608
swap_dynv2,16,256,4096,0.000999,0.000000,0.000014,0.000213,0.000308,0.000245,0.000068,0.000600
swap_dynv2,16,256,4096,0.000918,0.000000,0.000014,0.000216,0.000295,0.000232,0.000068,0.000585
swap_dynv2,16,256,4096,0.000909,0.000000,0.000013,0.000206,0.000282,0.000243,0.000087,0.000611
swap_dynv2,16,256,4096,0.000934,0.000000,0.000014,0.000228,0.000313,0.000248,0.000068,0.000592
swap_dynv2,16,256,4096,0.000969,0.000000,0.000014,0.000201,0.000304,0.000243,0.000066,0.000589
swap_dynv2,16,256,4096,0.000906,0.000000,0.000012,0.000208,0.000274,0.000223,0.000063,0.000578
swap_dynv2,16,256,4096,0.000934,0.000000,0.000014,0.000277,0.000305,0.000252,0.000081,0.000600
swap_dynv2,16,256,4096,0.000880,0.000000,0.000010,0.000192,0.000287,0.000235,0.000068,0.000579
swap_dynv2,16,256,4096,0.000876,0.000000,0.000013,0.000204,0.000300,0.000246,0.000068,0.000657
swap_dynv2,16,256,4096,0.000949,0.000000,0.000012,0.000209,0.000270,0.000234,0.000069,0.000595
swap_dynv2,16,256,4096,0.000921,0.000000,0.000012,0.000209,0.000271,0.000249,0.000065,0.000563
swap_dynv2,16,256,4096,0.000944,0.000000,0.000012,0.000211,0.000277,0.000238,0.000068,0.000608
swap_dynv2,16,256,4096,0.000900,0.000000,0.000012,0.000193,0.000272,0.000223,0.000069,0.000606
swap_dynv2,16,256,4096,0.000897,0.000000,0.000014,0.000271,0.000302,0.000268,0.000067,0.000562
swap_dynv2,16,256,4096,0.000948,0.000000,0.000013,0.000198,0.000285,0.000245,0.000069,0.000644
swap_dynv2,16,256,4096,0.000918,0.000000,0.000012,0.000224,0.000281,0.000339,0.000067,0.000566
swap_dynv2,16,256,4096,0.000987,0.000000,0.000012,0.000218,0.000276,0.000257,0.000065,0.000599
swap_dynv2,16,256,4096,0.000919,0.000000,0.000013,0.000194,0.000284,0.000256,0.000067,0.000571
swap_dynv2,16,256,4096,0.000962,0.000000,0.000011,0.000200,0.000272,0.000254,0.000062,0.000582
swap_dynv2,16,256,4096,0.000890,0.000000,0.000012,0.000189,0.000276,0.000275,0.000068,0.000575
swap_dynv2,16,256,4096,0.000920,0.000000,0.000012,0.000212,0.000266,0.000263,0.000066,0.000596
swap_dynv2,16,256,4096,0.000951,0.000000,0.000014,0.000213,0.000297,0.000287,0.000638,0.000015
swap_dynv2,16,256,4096,0.000890,0.000000,0.000012,0.000189,0.000282,0.000256,0.000086,0.000608
swap_dynv2,16,256,4096,0.000947,0.000000,0.000013,0.000222,0.000282,0.000241,0.000075,0.000593
swap_dynv2,16,256,4096,0.000892,0.000000,0.000012,0.000199,0.000284,0.000253,0.000077,0.000594
swap_dynv2,16,256,4096,0.001002,0.000000,0.000014,0.000264,0.000302,0.000240,0.000070,0.000615
swap_dynv2,16,256,4096,0.000931,0.000000,0.000011,0.000217,0.000282,0.000274,0.000066,0.000619
swap_dynv2,16,256,4096,0.000928,0.000000,0.000014,0.000310,0.000308,0.000242,0.000070,0.000599
swap_dynv2,16,256,4096,0.000901,0.000000,0.000013,0.000329,0.000293,0.000235,0.000633,0.000015
swap_dynv2,16,256,4096,0.000883,0.000000,0.000014,0.000299,0.000306,0.000255,0.000067,0.000648
swap_dynv2,16,256,4096,0.000984,0.000000,0.000012,0.000231,0.000296,0.000237,0.000094,0.000635
swap_dynv2,16,256,4096,0.000901,0.000000,0.000012,0.000242,0.000268,0.000225,0.000067,0.000567
swap_dynv2,16,256,4096,0.000918,0.000000,0.000014,0.000267,0.000300,0.000244,0.000069,0.000596
swap_dynv2,16,256,4096,0.000914,0.000000,0.000011,0.000244,0.000263,0.000221,0.000081,0.000627
swap_dynv2,16,256,4096,0.000886,0.000000,0.000012,0.000228,0.000281,0.000222,0.000066,0.000669
swap_dynv2,16,256,4096,0.000883,0.000000,0.000014,0.000231,0.000300,0.000227,0.000066,0.000617
swap_dynv2,16,256,4096,0.000903,0.000000,0.000012,0.000244,0.000271,0.000210,0.000067,0.000581
swap_dynv2,16,256,4096,0.000951,0.000000,0.000013,0.000250,0.000292,0.000240,0.000074,0.000601
swap_dynv2,16,256,4096,0.000988,0.000000,0.000012,0.000245,0.000265,0.000231,0.000069,0.000591
swap_dynv2,16,256,4096,0.000917,0.000000,0.000012,0.000245,0.000282,0.000237,0.000066,0.000593
swap_dynv2,16,256,4096,0.000920,0.000000,0.000011,0.000243,0.000281,0.000238,0.000067,0.000661
swap_dynv2,16,256,4096,0.000934,0.000000,0.000015,0.000272,0.000306,0.000260,0.000073,0.000686
swap_dynv2,16,256,4096,0.000878,0.000000,0.000012,0.000225,0.000281,0.000238,0.000073,0.000564
swap_dynv2,16,256,4096,0.000968,0.000000,0.000015,0.000248,0.000302,0.000256,0.000068,0.000602
swap_dynv2,16,256,4096,0.000915,0.000000,0.000015,0.000249,0.000308,0.000254,0.000104,0.000552
swap_dynv2,16,256,4096,0.000939,0.000000,0.000020,0.000256,0.000294,0.000253,0.000067,0.000582
swap_dynv2,16,256,4096,0.000894,0.000000,0.000013,0.000290,0.000282,0.000274,0.000642,0.000001
swap_dynv2,16,256,4096,0.000890,0.000000,0.000014,0.000298,0.000303,0.000252,0.000090,0.000552
swap_dynv2,16,256,4096,0.000956,0.000000,0.000014,0.000262,0.000288,0.000268,0.000067,0.000694
swap_dynv2,16,256,4096,0.000959,0.000000,0.000014,0.000238,0.000298,0.000246,0.000112,0.000568
swap_dynv2,16,256,4096,0.000935,0.000000,0.000015,0.000230,0.000292,0.000306,0.000634,0.000007
swap_dynv2,16,256,4096,0.000948,0.000000,0.000014,0.000247,0.000279,0.000275,0.000068,0.000580
swap_dynv2,16,256,4096,0.000917,0.000000,0.000012,0.000240,0.000278,0.000280,0.000077,0.000585
swap_dynv2,16,256,4096,0.000921,0.000000,0.000014,0.000250,0.000305,0.000286,0.000074,0.000574
swap_dynv2,16,256,4096,0.000876,0.000000,0.000012,0.000222,0.000280,0.000303,0.000068,0.000611
swap_dynv2,16,256,4096,0.000927,0.000000,0.000014,0.000244,0.000305,0.000297,0.000074,0.000625
swap_dynv2,16,256,4096,0.000902,0.000000,0.000012,0.000223,0.000295,0.000255,0.000072,0.000576
swap_static,16,256,262144,0.004591,0.000000,0.000000,0.000262,0.000286,0.000293,0.000084,0.004208
swap_static,16,256,262144,0.004596,0.000000,0.000000,0.000214,0.000294,0.000314,0.000088,0.005728
swap_static,16,256,262144,0.004596,0.000000,0.000000,0.000218,0.000289,0.000276,0.000071,0.004269
swap_static,16,256,262144,0.004621,0.000000,0.000000,0.000209,0.000281,0.000256,0.000092,0.004340
swap_static,16,256,262144,0.004505,0.000000,0.000000,0.000205,0.000284,0.000314,0.000092,0.004195
swap_static,16,256,262144,0.004648,0.000000,0.000000,0.000203,0.000269,0.000255,0.000064,0.005524
swap_static,16,256,262144,0.004546,0.000000,0.000000,0.000210,0.000274,0.000259,0.000068,0.005737
swap_static,16,256,262144,0.004600,0.000000,0.000000,0.000208,0.000279,0.000271,0.000064,0.004194
swap_static,16,256,262144,0.004601,0.000000,0.000000,0.000207,0.000276,0.000278,0.000069,0.004235
swap_static,16,256,262144,0.004627,0.000000,0.000000,0.000208,0.000291,0.000285,0.000066,0.004266
swap_static,16,256,262144,0.004616,0.000000,0.000000,0.000213,0.000292,0.000290,0.000067,0.004119
swap_static,16,256,262144,0.004542,0.000000,0.000000,0.000208,0.000266,0.000272,0.000082,0.004107
swap_static,16,256,262144,0.004570,0.000000,0.000000,0.000200,0.000279,0.000279,0.000066,0.005609
swap_static,16,256,262144,0.004523,0.000000,0.000000,0.000209,0.000272,0.000272,0.000066,0.005659
swap_static,16,256,262144,0.004537,0.000000,0.000000,0.000233,0.000295,0.000286,0.000065,0.005597
swap_static,16,256,262144,0.004497,0.000000,0.000000,0.000215,0.000296,0.000308,0.000067,0.004302
swap_static,16,256,262144,0.004682,0.000000,0.000000,0.000240,0.000314,0.000331,0.000067,0.004262
swap_static,16,256,262144,0.004643,0.000000,0.000000,0.000224,0.000294,0.000322,0.000067,0.005807
swap_static,16,256,262144,0.004787,0.000000,0.000000,0.000244,0.000282,0.000314,0.000067,0.005561
swap_static,16,256,262144,0.004631,0.000000,0.000000,0.000226,0.000300,0.000315,0.000090,0.004315
swap_static,16,256,262144,0.004642,0.000000,0.000000,0.000234,0.000280,0.000327,0.000067,0.005899
swap_static,16,256,262144,0.004728,0.000000,0.000000,0.000224,0.000298,0.000328,0.000088,0.004219
swap_static,16,256,262144,0.004783,0.000000,0.000000,0.000225,0.000312,0.000319,0.000071,0.004397
swap_static,16,256,262144,0.004780,0.000000,0.000000,0.000240,0.000326,0.000362,0.000070,0.004440
swap_static,16,256,262144,0.004906,0.000000,0.000000,0.000235,0.000318,0.000336,0.000068,0.005451
swap_static,16,256,262144,0.004644,0.000000,0.000000,0.000223,0.000289,0.000307,0.000070,0.005558
swap_static,16,256,262144,0.005879,0.000000,0.000000,0.000230,0.000318,0.000350,0.000072,0.005539
swap_static,16,256,262144,0.004688,0.000000,0.000000,0.000239,0.000310,0.000332,0.000068,0.004547
swap_static,16,256,262144,0.004689,0.000000,0.000000,0.000224,0.000299,0.000335,0.000075,0.004243
swap_static,16,256,262144,0.004582,0.000000,0.000000,0.000215,0.000282,0.000295,0.000075,0.004265
swap_static,16,256,262144,0.004632,0.000000,0.000000,0.000225,0.000305,0.000291,0.000065,0.004260
swap_static,16,256,262144,0.004933,0.000000,0.000000,0.000211,0.000290,0.000289,0.000067,0.004511
swap_static,16,256,262144,0.004420,0.000000,0.000000,0.000235,0.000333,0.000282,0.000064,0.004305
swap_static,16,256,262144,0.004696,0.000000,0.000000,0.000210,0.000274,0.000261,0.000066,0.004339
swap_static,16,256,262144,0.004623,0.000000,0.000000,0.000216,0.000279,0.000273,0.000071,0.004213
swap_static,16,256,262144,0.004665,0.000000,0.000000,0.000205,0.000273,0.000290,0.000069,0.004446
swap_static,16,256,262144,0.004534,0.000000,0.000000,0.000215,0.000324,0.000263,0.000070,0.004130
swap_static,16,256,262144,0.004691,0.000000,0.000000,0.000214,0.000286,0.000273,0.000065,0.005794
swap_static,16,256,262144,0.004495,0.000000,0.000000,0.000238,0.000352,0.000351,0.000071,0.005920
swap_static,16,256,262144,0.004533,0.000000,0.000000,0.000232,0.000307,0.000300,0.000068,0.004509
swap_static,16,256,262144,0.004703,0.000000,0.000000,0.000225,0.000290,0.000296,0.000066,0.004252
swap_static,16,256,262144,0.004666,0.000000,0.000000,0.000209,0.000280,0.000276,0.000065,0.004362
swap_static,16,256,262144,0.004575,0.000000,0.000000,0.000209,0.000280,0.000294,0.000084,0.005924
swap_static,16,256,262144,0.004664,0.000000,0.000000,0.000221,0.000312,0.000303,0.000068,0.005418
swap_static,16,256,262144,0.004570,0.000000,0.000000,0.000220,0.000304,0.000286,0.000079,0.004274
swap_static,16,256,262144,0.004428,0.000000,0.000000,0.000228,0.000287,0.000293,0.000102,0.004130
swap_static,16,256,262144,0.004653,0.000000,0.000000,0.000216,0.000293,0.000267,0.000065,0.004177
swap_static,16,256,262144,0.004640,0.000000,0.000000,0.000218,0.000287,0.000295,0.000067,0.004154
swap_static,16,256,262144,0.004619,0.000000,0.000000,0.000220,0.000288,0.000306,0.000069,0.005519
swap_static,16,256,262144,0.004634,0.000000,0.000000,0.000217,0.000305,0.000288,0.000070,0.004277
swap_static,16,256,262144,0.004592,0.000000,0.000000,0.000228,0.000295,0.000302,0.000071,0.004300
swap_static,16,256,262144,0.004612,0.000000,0.000000,0.000223,0.000294,0.000279,0.000065,0.005421
swap_static,16,256,262144,0.004546,0.000000,0.000000,0.000224,0.000315,0.000302,0.000068,0.004188
swap_static,16,256,262144,0.004615,0.000000,0.000000,0.000226,0.000307,0.000289,0.000183,0.004061
swap_static,16,256,262144,0.004553,0.000000,0.000000,0.000206,0.000271,0.000277,0.000066,0.004322
swap_static,16,256,262144,0.004631,0.000000,0.000000,0.000210,0.000274,0.000278,0.000067,0.005626
swap_static,16,256,262144,0.004615,0.000000,0.000000,0.000219,0.000322,0.000276,0.000076,0.004278
swap_static,16,256,262144,0.004580,0.000000,0.000000,0.000207,0.000287,0.000273,0.000067,0.004356
swap_static,16,256,262144,0.004559,0.000000,0.000000,0.000226,0.000301,0.000304,0.000069,0.005706
swap_static,16,256,262144,0.004602,0.000000,0.000000,0.000217,0.000273,0.000257,0.000083,0.005871
swap_static,16,256,262144,0.004603,0.000000,0.000000,0.000206,0.000279,0.000263,0.003112,0.002459
swap_static,16,256,262144,0.004630,0.000000,0.000000,0.000225,0.000314,0.000290,0.000075,0.004127
swap_static,16,256,262144,0.007154,0.000000,0.000000,0.000211,0.000296,0.000292,0.000073,0.005569
swap_static,16,256,262144,0.004595,0.000000,0.000000,0.000212,0.000313,0.000287,0.000074,0.005896
swap_static,16,256,262144,0.004574,0.000000,0.000000,0.000215,0.000288,0.000270,0.000070,0.005405
swap_static,16,256,262144,0.004351,0.000000,0.000000,0.000217,0.000293,0.000280,0.000068,0.005466
swap_static,16,256,262144,0.004554,0.000000,0.000000,0.000208,0.000297,0.000273,0.000066,0.004975
swap_static,16,256,262144,0.004586,0.000000,0.000000,0.000215,0.000290,0.000260,0.000075,0.004121
swap_static,16,256,262144,0.004570,0.000000,0.000000,0.000201,0.000290,0.000249,0.000075,0.004220
swap_static,16,256,262144,0.004566,0.000000,0.000000,0.000213,0.000277,0.000243,0.000068,0.004246
swap_static,16,256,262144,0.004665,0.000000,0.000000,0.000222,0.000300,0.000280,0.000070,0.004187
swap_static,16,256,262144,0.004655,0.000000,0.000000,0.000212,0.000283,0.000328,0.000091,0.004250
swap_static,16,256,262144,0.004579,0.000000,0.000000,0.000208,0.000285,0.000283,0.000068,0.005467
swap_static,16,256,262144,0.004460,0.000000,0.000000,0.000230,0.000311,0.000287,0.000085,0.005829
swap_static,16,256,262144,0.004503,0.000000,0.000000,0.000211,0.000295,0.000258,0.000072,0.004171
swap_dynv2,16,256,262144,0.004731,0.000000,0.000015,0.000224,0.000322,0.000323,0.000096,0.004365
swap_dynv2,16,256,262144,0.004578,0.000000,0.000014,0.000216,0.000306,0.000304,0.000095,0.004162
swap_dynv2,16,256,262144,0.004676,0.000000,0.000012,0.000221,0.000318,0.000300,0.000066,0.005648
swap_dynv2,16,256,262144,0.004588,0.000000,0.000012,0.000225,0.000290,0.000293,0.000074,0.004936
swap_dynv2,16,256,262144,0.004457,0.000000,0.000015,0.000220,0.000313,0.000284,0.000083,0.005514
swap_dynv2,16,256,262144,0.004643,0.000000,0.000016,0.000226,0.000307,0.000275,0.000090,0.004302
swap_dynv2,16,256,262144,0.004488,0.000000,0.000014,0.000232,0.000284,0.000278,0.000146,0.004230
swap_dynv2,16,256,262144,0.004623,0.000000,0.000016,0.000231,0.000323,0.000304,0.000088,0.005822
swap_dynv2,16,256,262144,0.004452,0.000000,0.000011,0.000230,0.000290,0.000299,0.000147,0.004213
swap_dynv2,16,256,262144,0.004676,0.000000,0.000014,0.000216,0.000301,0.000288,0.000068,0.004423
swap_dynv2,16,256,262144,0.004699,0.000000,0.000015,0.000228,0.000306,0.000289,0.000069,0.005493
swap_dynv2,16,256,262144,0.004598,0.000000,0.000023,0.000233,0.000308,0.000284,0.000069,0.005551
swap_dynv2,16,256,262144,0.004595,0.000000,0.000014,0.000234,0.000341,0.000295,0.000069,0.005836
swap_dynv2,16,256,262144,0.004545,0.000000,0.000013,0.000237,0.000319,0.000294,0.000197,0.004194
swap_dynv2,16,256,262144,0.004529,0.000000,0.000014,0.000273,0.000294,0.000289,0.000071,0.005717
swap_dynv2,16,256,262144,0.004632,0.000000,0.000013,0.000220,0.000301,0.000285,0.000067,0.005836
swap_dynv2,16,256,262144,0.004588,0.000000,0.000015,0.000218,0.000312,0.000285,0.000069,0.004215
swap_dynv2,16,256,262144,0.004712,0.000000,0.000017,0.000238,0.000321,0.000309,0.000091,0.005550
swap_dynv2,16,256,262144,0.004623,0.000000,0.000014,0.000227,0.000293,0.000285,0.000069,0.005642
swap_dynv2,16,256,262144,0.004699,0.000000,0.000013,0.000218,0.000288,0.000272,0.000082,0.005863
swap_dynv2,16,256,262144,0.004716,0.000000,0.000011,0.000217,0.000290,0.000262,0.000065,0.004901
swap_dynv2,16,256,262144,0.004653,0.000000,0.000013,0.000216,0.000286,0.000283,0.000067,0.005920
swap_dynv2,16,256,262144,0.004583,0.000000,0.000013,0.000221,0.000290,0.000311,0.000073,0.006435
swap_dynv2,16,256,262144,0.004491,0.000000,0.000015,0.000219,0.000315,0.000280,0.000065,0.004761
swap_dynv2,16,256,262144,0.004548,0.000000,0.000015,0.000213,0.000297,0.000268,0.000084,0.004164
swap_dynv2,16,256,262144,0.004472,0.000000,0.000013,0.000213,0.000283,0.000274,0.000070,0.004631
swap_dynv2,16,256,262144,0.004663,0.000000,0.000015,0.000213,0.000320,0.000275,0.000069,0.005675
swap_dynv2,16,256,262144,0.004574,0.000000,0.000013,0.000208,0.000298,0.000270,0.000070,0.005411
swap_dynv2,16,256,262144,0.004431,0.000000,0.000014,0.000217,0.000304,0.000304,0.000086,0.004354
swap_dynv2,16,256,262144,0.004547,0.000000,0.000014,0.000217,0.000313,0.000271,0.000065,0.004132
swap_dynv2,16,256,262144,0.004573,0.000000,0.000013,0.000207,0.000328,0.000257,0.000080,0.005605
swap_dynv2,16,256,262144,0.004581,0.000000,0.000011,0.000216,0.000292,0.000256,0.000073,0.005539
swap_dynv2,16,256,262144,0.004549,0.000000,0.000014,0.000221,0.000315,0.000264,0.000071,0.005706
swap_dynv2,16,256,262144,0.004494,0.000000,0.000015,0.000235,0.000300,0.000253,0.000071,0.005413
swap_dynv2,16,256,262144,0.004656,0.000000,0.000015,0.000229,0.000325,0.000290,0.000073,0.005735
swap_dynv2,16,256,262144,0.004548,0.000000,0.000013,0.000213,0.000290,0.000279,0.000071,0.004208
swap_dynv2,16,256,262144,0.004665,0.000000,0.000013,0.000208,0.000285,0.000303,0.000075,0.004379
swap_dynv2,16,256,262144,0.004548,0.000000,0.000014,0.000216,0.000357,0.000263,0.000139,0.004210
swap_dynv2,16,256,262144,0.004543,0.000000,0.000015,0.000219,0.000305,0.000264,0.000084,0.005698
swap_dynv2,16,256,262144,0.004461,0.000000,0.000015,0.000231,0.000306,0.000313,0.000203,0.004080
swap_dynv2,16,256,262144,0.004653,0.000000,0.000015,0.000215,0.000307,0.000276,0.000069,0.005652
swap_dynv2,16,256,262144,0.004594,0.000000,0.000014,0.000217,0.000293,0.000281,0.000071,0.005430
swap_dynv2,16,256,262144,0.004678,0.000000,0.000014,0.000211,0.000313,0.000281,0.000088,0.005754
swap_dynv2,16,256,262144,0.004615,0.000000,0.000012,0.000214,0.000297,0.000318,0.000077,0.006252
swap_dynv2,16,256,262144,0.004570,0.000000,0.000015,0.000223,0.000290,0.000315,0.000103,0.006095
swap_dynv2,16,256,262144,0.004647,0.000000,0.000016,0.000236,0.000317,0.000302,0.000093,0.004322
swap_dynv2,16,256,262144,0.004537,0.000000,0.000014,0.000218,0.000305,0.000278,0.000070,0.005781
swap_dynv2,16,256,262144,0.004565,0.000000,0.000013,0.000214,0.000280,0.000284,0.000068,0.005801
swap_dynv2,16,256,262144,0.004729,0.000000,0.000013,0.000208,0.000351,0.000343,0.000097,0.005808
swap_dynv2,16,256,262144,0.005779,0.000000,0.000014,0.000225,0.000310,0.000289,0.000069,0.005551
swap_dynv2,16,256,262144,0.004554,0.000000,0.000015,0.000218,0.000318,0.000260,0.000069,0.004080
swap_dynv2,16,256,262144,0.004558,0.000000,0.000012,0.000217,0.000294,0.000257,0.000063,0.005736
swap_dynv2,16,256,262144,0.004714,0.000000,0.000015,0.000224,0.000306,0.000317,0.000072,0.005777
swap_dynv2,16,256,262144,0.004539,0.000000,0.000016,0.000229,0.000307,0.000280,0.000084,0.005550
swap_dynv2,16,256,262144,0.005812,0.000000,0.000014,0.000214,0.000306,0.000264,0.000080,0.005716
swap_dynv2,16,256,262144,0.004612,0.000000,0.000015,0.000214,0.000317,0.000274,0.000087,0.005770
swap_dynv2,16,256,262144,0.004450,0.000000,0.000016,0.000237,0.000309,0.000302,0.000082,0.005504
swap_dynv2,16,256,262144,0.004379,0.000000,0.000016,0.000232,0.000328,0.000284,0.000076,0.004084
swap_dynv2,16,256,262144,0.004603,0.000000,0.000015,0.000215,0.000311,0.000268,0.000071,0.005702
swap_dynv2,16,256,262144,0.004617,0.000000,0.000014,0.000218,0.000306,0.000296,0.000066,0.005449
swap_dynv2,16,256,262144,0.004591,0.000000,0.000013,0.000212,0.000299,0.000270,0.000071,0.005774
swap_dynv2,16,256,262144,0.004451,0.000000,0.000016,0.000230,0.000305,0.000281,0.000069,0.004205
swap_dynv2,16,256,262144,0.004609,0.000000,0.000014,0.000235,0.000291,0.000269,0.000079,0.005859
swap_dynv2,16,256,262144,0.004520,0.000000,0.000014,0.000219,0.000297,0.000278,0.000065,0.004589
swap_dynv2,16,256,262144,0.004556,0.000000,0.000015,0.000230,0.000313,0.000274,0.000069,0.005718
swap_dynv2,16,256,262144,0.004432,0.000000,0.000014,0.000214,0.000303,0.000267,0.000070,0.004086
swap_dynv2,16,256,262144,0.004575,0.000000,0.000013,0.000213,0.000281,0.000261,0.000064,0.004489
swap_dynv2,16,256,262144,0.004426,0.000000,0.000014,0.000223,0.000311,0.000282,0.000070,0.004321
swap_dynv2,16,256,262144,0.004575,0.000000,0.000010,0.000238,0.000287,0.000247,0.000070,0.005619
swap_dynv2,16,256,262144,0.004645,0.000000,0.000015,0.000214,0.000316,0.000267,0.000070,0.005837
swap_dynv2,16,256,262144,0.004594,0.000000,0.000014,0.000218,0.000305,0.000289,0.000073,0.004480
swap_dynv2,16,256,262144,0.004538,0.000000,0.000015,0.000214,0.000304,0.000274,0.000092,0.004815
swap_dynv2,16,256,262144,0.004606,0.000000,0.000013,0.000208,0.000288,0.000257,0.000071,0.004483
swap_dynv2,16,256,262144,0.004459,0.000000,0.000013,0.000203,0.000297,0.000246,0.000138,0.004251
swap_dynv2,16,256,262144,0.004607,0.000000,0.000013,0.000229,0.000297,0.000277,0.000070,0.004297
swap_static,16,256,16777216,0.252346,0.000000,0.000000,0.000279,0.000323,0.000351,0.000082,0.253801
swap_static,16,256,16777216,0.256955,0.000000,0.000000,0.000246,0.000329,0.000324,0.000074,0.253987
swap_static,16,256,16777216,0.253589,0.000000,0.000000,0.000229,0.000330,0.000332,0.000090,0.254397
swap_static,16,256,16777216,0.253831,0.000000,0.000000,0.000243,0.000305,0.000328,0.000140,0.254073
swap_static,16,256,16777216,0.254513,0.000000,0.000000,0.000238,0.000309,0.000332,0.000085,0.253846
swap_static,16,256,16777216,0.254883,0.000000,0.000000,0.000233,0.000323,0.000332,0.000085,0.252847
swap_static,16,256,16777216,0.253509,0.000000,0.000000,0.000240,0.000315,0.000305,0.000068,0.255427
swap_static,16,256,16777216,0.253298,0.000000,0.000000,0.000242,0.000325,0.000329,0.000067,0.255361
swap_static,16,256,16777216,0.253608,0.000000,0.000000,0.000232,0.000308,0.000316,0.000139,0.252519
swap_static,16,256,16777216,0.254306,0.000000,0.000000,0.000238,0.000311,0.000323,0.000077,0.254528
swap_static,16,256,16777216,0.253071,0.000000,0.000000,0.000232,0.000311,0.000335,0.000069,0.252659
swap_static,16,256,16777216,0.253222,0.000000,0.000000,0.000233,0.000324,0.000334,0.000075,0.252023
swap_static,16,256,16777216,0.253085,0.000000,0.000000,0.000251,0.000333,0.000400,0.000078,0.256951
swap_static,16,256,16777216,0.254022,0.000000,0.000000,0.000240,0.000325,0.000330,0.000071,0.253705
swap_static,16,256,16777216,0.252379,0.000000,0.000000,0.000230,0.000321,0.000325,0.000068,0.253479
swap_static,16,256,16777216,0.253095,0.000000,0.000000,0.000237,0.000309,0.000339,0.000074,0.254106
swap_static,16,256,16777216,0.252582,0.000000,0.000000,0.000242,0.000329,0.000310,0.000104,0.254806
swap_static,16,256,16777216,0.253569,0.000000,0.000000,0.000236,0.000323,0.000315,0.000070,0.254041
swap_static,16,256,16777216,0.255450,0.000000,0.000000,0.000231,0.000312,0.000396,0.000127,0.256243
swap_static,16,256,16777216,0.254407,0.000000,0.000000,0.000239,0.000303,0.000312,0.000111,0.253602
swap_static,16,256,16777216,0.253257,0.000000,0.000000,0.000236,0.000299,0.000307,0.000098,0.252535
swap_static,16,256,16777216,0.253633,0.000000,0.000000,0.000230,0.000313,0.000336,0.000089,0.251899
swap_static,16,256,16777216,0.252773,0.000000,0.000000,0.000258,0.000365,0.000377,0.000073,0.252951
swap_static,16,256,16777216,0.255823,0.000000,0.000000,0.000242,0.000308,0.000311,0.000065,0.253802
swap_static,16,256,16777216,0.256666,0.000000,0.000000,0.000237,0.000321,0.000327,0.000073,0.254701
swap_static,16,256,16777216,0.252771,0.000000,0.000000,0.000239,0.000332,0.000315,0.000075,0.253042
swap_static,16,256,16777216,0.252724,0.000000,0.000000,0.000243,0.000310,0.000313,0.000069,0.253953
swap_static,16,256,16777216,0.252760,0.000000,0.000000,0.000258,0.000310,0.000316,0.000070,0.253829
swap_static,16,256,16777216,0.252403,0.000000,0.000000,0.000264,0.000346,0.000359,0.000079,0.253993
swap_static,16,256,16777216,0.252208,0.000000,0.000000,0.000237,0.000333,0.000329,0.000082,0.253181
swap_static,16,256,16777216,0.253345,0.000000,0.000000,0.000237,0.000332,0.000339,0.000070,0.252935
swap_static,16,256,16777216,0.252910,0.000000,0.000000,0.000233,0.000323,0.000332,0.000079,0.251380
swap_static,16,256,16777216,0.253098,0.000000,0.000000,0.000233,0.000329,0.000327,0.000083,0.254068
swap_static,16,256,16777216,0.252513,0.000000,0.000000,0.000242,0.000310,0.000321,0.000069,0.252964
swap_static,16,256,16777216,0.252147,0.000000,0.000000,0.000252,0.000347,0.000355,0.000093,0.252566
swap_static,16,256,16777216,0.252425,0.000000,0.000000,0.000231,0.000300,0.000330,0.000143,0.256094
swap_static,16,256,16777216,0.252590,0.000000,0.000000,0.000244,0.000327,0.000322,0.000067,0.253999
swap_static,16,256,16777216,0.252230,0.000000,0.000000,0.000237,0.000300,0.000323,0.000081,0.252316
swap_static,16,256,16777216,0.253143,0.000000,0.000000,0.000236,0.000332,0.000328,0.000071,0.254561
swap_static,16,256,16777216,0.253023,0.000000,0.000000,0.000234,0.000308,0.000348,0.000139,0.252239
swap_static,16,256,16777216,0.252381,0.000000,0.000000,0.000236,0.000322,0.000329,0.000066,0.253798
swap_static,16,256,16777216,0.251988,0.000000,0.000000,0.000237,0.000310,0.000315,0.000067,0.256362
swap_static,16,256,16777216,0.253191,0.000000,0.000000,0.000234,0.000315,0.000302,0.000098,0.253750
swap_static,16,256,16777216,0.252640,0.000000,0.000000,0.000236,0.000315,0.000334,0.000065,0.252116
swap_static,16,256,16777216,0.252839,0.000000,0.000000,0.000241,0.000308,0.000323,0.000070,0.252995
swap_static,16,256,16777216,0.253169,0.000000,0.000000,0.000251,0.000342,0.000378,0.000076,0.252711
swap_static,16,256,16777216,0.252989,0.000000,0.000000,0.000241,0.000327,0.000310,0.000069,0.253543
swap_static,16,256,16777216,0.256946,0.000000,0.000000,0.000237,0.000317,0.000324,0.000086,0.252987
swap_static,16,256,16777216,0.252821,0.000000,0.000000,0.000246,0.000315,0.000345,0.000083,0.252022
swap_static,16,256,16777216,0.252980,0.000000,0.000000,0.000241,0.000306,0.000341,0.000192,0.252044
swap_static,16,256,16777216,0.252808,0.000000,0.000000,0.000248,0.000336,0.000373,0.000072,0.252755
swap_static,16,256,16777216,0.252371,0.000000,0.000000,0.000237,0.000314,0.000346,0.000079,0.253041
swap_static,16,256,16777216,0.252873,0.000000,0.000000,0.000254,0.000345,0.000371,0.000078,0.251945
swap_static,16,256,16777216,0.252915,0.000000,0.000000,0.000243,0.000308,0.000341,0.000088,0.252113
swap_static,16,256,16777216,0.252920,0.000000,0.000000,0.000255,0.000350,0.000396,0.000074,0.251620
swap_static,16,256,16777216,0.252839,0.000000,0.000000,0.000235,0.000305,0.000341,0.000072,0.253576
swap_static,16,256,16777216,0.253301,0.000000,0.000000,0.000233,0.000313,0.000352,0.000140,0.252092
swap_static,16,256,16777216,0.252308,0.000000,0.000000,0.000241,0.000318,0.000344,0.000070,0.253840
swap_static,16,256,16777216,0.252026,0.000000,0.000000,0.000232,0.000314,0.000354,0.000070,0.255338
swap_static,16,256,16777216,0.252772,0.000000,0.000000,0.000237,0.000303,0.000352,0.000079,0.252931
swap_static,16,256,16777216,0.252753,0.000000,0.000000,0.000236,0.000302,0.000352,0.000071,0.252151
swap_static,16,256,16777216,0.252257,0.000000,0.000000,0.000239,0.000316,0.000334,0.000066,0.252450
swap_static,16,256,16777216,0.252736,0.000000,0.000000,0.000250,0.000334,0.000373,0.000070,0.251946
swap_static,16,256,16777216,0.253128,0.000000,0.000000,0.000234,0.000312,0.000335,0.000077,0.252384
swap_static,16,256,16777216,0.255848,0.000000,0.000000,0.000243,0.000315,0.000338,0.000067,0.253553
swap_static,16,256,16777216,0.252527,0.000000,0.000000,0.000236,0.000303,0.000345,0.000077,0.252608
swap_static,16,256,16777216,0.255761,0.000000,0.000000,0.000240,0.000325,0.000358,0.000080,0.252320
swap_static,16,256,16777216,0.252415,0.000000,0.000000,0.000237,0.000310,0.000354,0.000070,0.251669
swap_static,16,256,16777216,0.252913,0.000000,0.000000,0.000233,0.000320,0.000334,0.000075,0.251772
swap_static,16,256,16777216,0.253076,0.000000,0.000000,0.000233,0.000323,0.000353,0.000084,0.251286
swap_static,16,256,16777216,0.256198,0.000000,0.000000,0.000233,0.000322,0.000332,0.000073,0.253509
swap_static,16,256,16777216,0.252708,0.000000,0.000000,0.000241,0.000306,0.000340,0.000071,0.252833
swap_static,16,256,16777216,0.252861,0.000000,0.000000,0.000233,0.000315,0.000352,0.000083,0.252159
swap_static,16,256,16777216,0.252292,0.000000,0.000000,0.000226,0.000310,0.000349,0.000075,0.252358
swap_static,16,256,16777216,0.252811,0.000000,0.000000,0.000230,0.000341,0.000344,0.000067,0.251990
swap_dynv2,16,256,16777216,0.249603,0.000000,0.000017,0.000239,0.000349,0.000330,0.000090,0.253158
swap_dynv2,16,256,16777216,0.252453,0.000000,0.000018,0.000241,0.000333,0.000330,0.000080,0.251985
swap_dynv2,16,256,16777216,0.252311,0.000000,0.000017,0.000230,0.000321,0.000316,0.000095,0.252011
swap_dynv2,16,256,16777216,0.255387,0.000000,0.000015,0.000239,0.000320,0.000309,0.000078,0.251803
swap_dynv2,16,256,16777216,0.251826,0.000000,0.000016,0.000236,0.000321,0.000315,0.000078,0.252376
swap_dynv2,16,256,16777216,0.251962,0.000000,0.000017,0.000239,0.000335,0.000298,0.000078,0.251445
swap_dynv2,16,256,16777216,0.251408,0.000000,0.000016,0.000239,0.000344,0.000299,0.000079,0.251603
swap_dynv2,16,256,16777216,0.251877,0.000000,0.000017,0.000260,0.000340,0.000287,0.000077,0.252086
swap_dynv2,16,256,16777216,0.251958,0.000000,0.000016,0.000234,0.000322,0.000327,0.000076,0.251235
swap_dynv2,16,256,16777216,0.254485,0.000000,0.000014,0.000233,0.000317,0.000296,0.000107,0.251005
swap_dynv2,16,256,16777216,0.250852,0.000000,0.000018,0.000259,0.000347,0.000337,0.000079,0.251626
swap_dynv2,16,256,16777216,0.251044,0.000000,0.000013,0.000235,0.000321,0.000309,0.000073,0.251948
swap_dynv2,16,256,16777216,0.251749,0.000000,0.000016,0.000233,0.000311,0.000305,0.000078,0.250767
swap_dynv2,16,256,16777216,0.250842,0.000000,0.000013,0.000236,0.000323,0.000286,0.000078,0.251238
swap_dynv2,16,256,16777216,0.251445,0.000000,0.000017,0.000237,0.000341,0.000319,0.000078,0.250797
swap_dynv2,16,256,16777216,0.251734,0.000000,0.000014,0.000237,0.000300,0.000304,0.000081,0.251259
swap_dynv2,16,256,16777216,0.251717,0.000000,0.000016,0.000244,0.000320,0.000302,0.000076,0.250616
swap_dynv2,16,256,16777216,0.251798,0.000000,0.000017,0.000236,0.000344,0.000300,0.000076,0.251831
swap_dynv2,16,256,16777216,0.251323,0.000000,0.000016,0.000231,0.000333,0.000301,0.000088,0.250818
swap_dynv2,16,256,16777216,0.251538,0.000000,0.000018,0.000253,0.000326,0.000302,0.000085,0.250752
swap_dynv2,16,256,16777216,0.251390,0.000000,0.000018,0.000239,0.000340,0.000317,0.000083,0.254699
swap_dynv2,16,256,16777216,0.251578,0.000000,0.000017,0.000246,0.000334,0.000330,0.000088,0.251786
swap_dynv2,16,256,16777216,0.250929,0.000000,0.000017,0.000238,0.000327,0.000327,0.000071,0.252224
swap_dynv2,16,256,16777216,0.252444,0.000000,0.000015,0.000245,0.000318,0.000303,0.000097,0.250666
swap_dynv2,16,256,16777216,0.251337,0.000000,0.000016,0.000231,0.000295,0.000302,0.000079,0.251217
swap_dynv2,16,256,16777216,0.254945,0.000000,0.000016,0.000237,0.000317,0.000299,0.000081,0.251265
swap_dynv2,16,256,16777216,0.254362,0.000000,0.000017,0.000249,0.000341,0.000305,0.000081,0.250702
swap_dynv2,16,256,16777216,0.252036,0.000000,0.000018,0.000240,0.000327,0.000301,0.000072,0.251632
swap_dynv2,16,256,16777216,0.251470,0.000000,0.000015,0.000242,0.000335,0.000304,0.000078,0.251273
swap_dynv2,16,256,16777216,0.251761,0.000000,0.000016,0.000238,0.000328,0.000311,0.000093,0.250541
swap_dynv2,16,256,16777216,0.251379,0.000000,0.000018,0.000250,0.000339,0.000307,0.000082,0.251804
swap_dynv2,16,256,16777216,0.252189,0.000000,0.000014,0.000238,0.000326,0.000286,0.000079,0.250911
swap_dynv2,16,256,16777216,0.255300,0.000000,0.000015,0.000237,0.000315,0.000297,0.000082,0.251431
swap_dynv2,16,256,16777216,0.251488,0.000000,0.000018,0.000241,0.000336,0.000283,0.000080,0.251202
swap_dynv2,16,256,16777216,0.251952,0.000000,0.000017,0.000237,0.000331,0.000302,0.000080,0.251108
swap_dynv2,16,256,16777216,0.250823,0.000000,0.000016,0.000261,0.000310,0.000293,0.000079,0.251789
swap_dynv2,16,256,16777216,0.251422,0.000000,0.000017,0.000241,0.000321,0.000302,0.000080,0.251537
swap_dynv2,16,256,16777216,0.250938,0.000000,0.000017,0.000237,0.000331,0.000295,0.000078,0.251698
swap_dynv2,16,256,16777216,0.251597,0.000000,0.000017,0.000239,0.000333,0.000307,0.000082,0.251707
swap_dynv2,16,256,16777216,0.251082,0.000000,0.000016,0.000236,0.000321,0.000296,0.000077,0.252747
swap_dynv2,16,256,16777216,0.251033,0.000000,0.000017,0.000243,0.000322,0.000302,0.000075,0.251341
swap_dynv2,16,256,16777216,0.251284,0.000000,0.000017,0.000236,0.000322,0.000304,0.000080,0.251365
swap_dynv2,16,256,16777216,0.251171,0.000000,0.000016,0.000238,0.000348,0.000305,0.000103,0.251431
swap_dynv2,16,256,16777216,0.250963,0.000000,0.000015,0.000227,0.000314,0.000289,0.000080,0.253780
swap_dynv2,16,256,16777216,0.251038,0.000000,0.000018,0.000235,0.000339,0.000287,0.000081,0.250863
swap_dynv2,16,256,16777216,0.251036,0.000000,0.000017,0.000235,0.000325,0.000303,0.000080,0.250627
swap_dynv2,16,256,16777216,0.251596,0.000000,0.000016,0.000243,0.000330,0.000308,0.000096,0.250226
swap_dynv2,16,256,16777216,0.250877,0.000000,0.000016,0.000233,0.000305,0.000324,0.000070,0.251912
swap_dynv2,16,256,16777216,0.251280,0.000000,0.000017,0.000254,0.000325,0.000297,0.000082,0.250494
swap_dynv2,16,256,16777216,0.254908,0.000000,0.000017,0.000240,0.000334,0.000309,0.000146,0.250470
swap_dynv2,16,256,16777216,0.250216,0.000000,0.000017,0.000242,0.000341,0.000306,0.000101,0.251081
swap_dynv2,16,256,16777216,0.250995,0.000000,0.000016,0.000234,0.000300,0.000296,0.000078,0.250984
swap_dynv2,16,256,16777216,0.250853,0.000000,0.000016,0.000231,0.000318,0.000312,0.000078,0.250594
swap_dynv2,16,256,16777216,0.251226,0.000000,0.000014,0.000237,0.000319,0.000321,0.000088,0.252037
swap_dynv2,16,256,16777216,0.251007,0.000000,0.000018,0.000252,0.000334,0.000317,0.000107,0.251243
swap_dynv2,16,256,16777216,0.250739,0.000000,0.000016,0.000233,0.000336,0.000338,0.000078,0.250114
swap_dynv2,16,256,16777216,0.251196,0.000000,0.000014,0.000233,0.000312,0.000315,0.000077,0.250414
swap_dynv2,16,256,16777216,0.250657,0.000000,0.000018,0.000246,0.000321,0.000316,0.000079,0.250573
swap_dynv2,16,256,16777216,0.250700,0.000000,0.000019,0.000245,0.000322,0.000332,0.000080,0.250808
swap_dynv2,16,256,16777216,0.250857,0.000000,0.000018,0.000242,0.000320,0.000331,0.000072,0.250600
swap_dynv2,16,256,16777216,0.250373,0.000000,0.000018,0.000241,0.000347,0.000323,0.000077,0.254491
swap_dynv2,16,256,16777216,0.250423,0.000000,0.000019,0.000250,0.000340,0.000362,0.000082,0.250104
swap_dynv2,16,256,16777216,0.250586,0.000000,0.000017,0.000234,0.000310,0.000338,0.000079,0.250826
swap_dynv2,16,256,16777216,0.250983,0.000000,0.000017,0.000228,0.000336,0.000312,0.000100,0.251641
swap_dynv2,16,256,16777216,0.250742,0.000000,0.000017,0.000235,0.000319,0.000318,0.000082,0.251321
swap_dynv2,16,256,16777216,0.250944,0.000000,0.000018,0.000246,0.000331,0.000321,0.000076,0.250911
swap_dynv2,16,256,16777216,0.250866,0.000000,0.000018,0.000236,0.000320,0.000323,0.000081,0.254833
swap_dynv2,16,256,16777216,0.251333,0.000000,0.000017,0.000245,0.000328,0.000310,0.000080,0.251485
swap_dynv2,16,256,16777216,0.254989,0.000000,0.000017,0.000237,0.000329,0.000311,0.000084,0.250636
swap_dynv2,16,256,16777216,0.250925,0.000000,0.000017,0.000238,0.000310,0.000312,0.000086,0.252119
swap_dynv2,16,256,16777216,0.250233,0.000000,0.000017,0.000250,0.000350,0.000292,0.000080,0.251217
swap_dynv2,16,256,16777216,0.250685,0.000000,0.000017,0.000234,0.000319,0.000282,0.000076,0.249773
swap_dynv2,16,256,16777216,0.253364,0.000000,0.000018,0.000242,0.000340,0.000297,0.000081,0.250400
swap_dynv2,16,256,16777216,0.250440,0.000000,0.000019,0.000244,0.000339,0.000299,0.000082,0.249471
swap_dynv2,16,256,16777216,0.249773,0.000000,0.000017,0.000231,0.000337,0.000318,0.000076,0.250781
swap_static,16,1024,4096,0.001457,0.000000,0.000000,0.002902,0.000315,0.000312,0.000099,0.000622
swap_static,16,1024,4096,0.000982,0.000000,0.000000,0.000689,0.000303,0.000263,0.000067,0.000625
swap_static,16,1024,4096,0.000947,0.000000,0.000000,0.000663,0.000300,0.000263,0.000077,0.000608
swap_static,16,1024,4096,0.000945,0.000000,0.000000,0.000678,0.000310,0.000274,0.000067,0.000631
swap_static,16,1024,4096,0.000956,0.000000,0.000000,0.000624,0.000283,0.000280,0.000069,0.000700
swap_static,16,1024,4096,0.000934,0.000000,0.000000,0.000658,0.000304,0.000264,0.000064,0.000667
swap_static,16,1024,4096,0.000930,0.000000,0.000000,0.000694,0.000301,0.000336,0.000070,0.000637
swap_static,16,1024,4096,0.000952,0.000000,0.000000,0.000664,0.000301,0.000251,0.000090,0.000654
swap_static,16,1024,4096,0.000913,0.000000,0.000000,0.000644,0.000278,0.000237,0.000062,0.000630
swap_static,16,1024,4096,0.000984,0.000000,0.000000,0.000632,0.000314,0.000253,0.000064,0.000627
swap_static,16,1024,4096,0.000946,0.000000,0.000000,0.000632,0.000281,0.000231,0.000066,0.000628
swap_static,16,1024,4096,0.000942,0.000000,0.000000,0.000637,0.000274,0.000253,0.000062,0.000618
swap_static,16,1024,4096,0.000946,0.000000,0.000000,0.000646,0.000291,0.000238,0.000064,0.000598
swap_static,16,1024,4096,0.000974,0.000000,0.000000,0.000628,0.000308,0.000252,0.000065,0.000634
swap_static,16,1024,4096,0.000914,0.000000,0.000000,0.000614,0.000273,0.000299,0.000062,0.000628
swap_static,16,1024,4096,0.000965,0.000000,0.000000,0.000635,0.000271,0.000244,0.000071,0.000624
swap_static,16,1024,4096,0.000953,0.000000,0.000000,0.000638,0.000289,0.000240,0.000067,0.000611
swap_static,16,1024,4096,0.000938,0.000000,0.000000,0.000631,0.000282,0.000243,0.000083,0.000619
swap_static,16,1024,4096,0.001008,0.000000,0.000000,0.000623,0.000274,0.000247,0.000078,0.000668
swap_static,16,1024,4096,0.000900,0.000000,0.000000,0.000622,0.000282,0.000255,0.000082,0.000767
swap_static,16,1024,4096,0.000928,0.000000,0.000000,0.000628,0.000270,0.000258,0.000075,0.000681
swap_static,16,1024,4096,0.000988,0.000000,0.000000,0.000644,0.000311,0.000251,0.000067,0.000611
swap_static,16,1024,4096,0.000922,0.000000,0.000000,0.000624,0.000289,0.000256,0.000067,0.000655
swap_static,16,1024,4096,0.000970,0.000000,0.000000,0.000648,0.000303,0.000279,0.000067,0.000604
swap_static,16,1024,4096,0.000932,0.000000,0.000000,0.000640,0.000283,0.000248,0.000150,0.000595
swap_static,16,1024,4096,0.000994,0.000000,0.000000,0.000638,0.000271,0.000243,0.000078,0.000630
swap_static,16,1024,4096,0.000953,0.000000,0.000000,0.000626,0.000277,0.000229,0.000126,0.000571
swap_static,16,1024,4096,0.000926,0.000000,0.000000,0.000615,0.000273,0.000245,0.000065,0.000640
swap_static,16,1024,4096,0.000975,0.000000,0.000000,0.000655,0.000298,0.000271,0.000086,0.000606
swap_static,16,1024,4096,0.000938,0.000000,0.000000,0.000628,0.000279,0.000257,0.000066,0.000625
swap_static,16,1024,4096,0.000917,0.000000,0.000000,0.000624,0.000291,0.000257,0.000066,0.000646
swap_static,16,1024,4096,0.000965,0.000000,0.000000,0.000632,0.000281,0.000323,0.000076,0.000616
swap_static,16,1024,4096,0.000992,0.000000,0.000000,0.000650,0.000288,0.000267,0.000085,0.000599
swap_static,16,1024,4096,0.000951,0.000000,0.000000,0.000629,0.000282,0.000240,0.000071,0.000681
swap_static,16,1024,4096,0.000955,0.000000,0.000000,0.000634,0.000281,0.000243,0.000120,0.000667
swap_static,16,1024,4096,0.000964,0.000000,0.000000,0.000629,0.000281,0.000262,0.000074,0.000645
swap_static,16,1024,4096,0.000975,0.000000,0.000000,0.000617,0.000320,0.000234,0.000094,0.000597
swap_static,16,1024,4096,0.000947,0.000000,0.000000,0.000660,0.000309,0.000261,0.000063,0.000640
swap_static,16,1024,4096,0.000969,0.000000,0.000000,0.000673,0.000284,0.000343,0.000098,0.000601
swap_static,16,1024,4096,0.000930,0.000000,0.000000,0.000626,0.000280,0.000248,0.000069,0.000638
swap_static,16,1024,4096,0.000952,0.000000,0.000000,0.000669,0.000291,0.000247,0.000703,0.000001
swap_static,16,1024,4096,0.000979,0.000000,0.000000,0.000633,0.000282,0.000266,0.000093,0.000646
swap_static,16,1024,4096,0.000967,0.000000,0.000000,0.000718,0.000304,0.000266,0.000075,0.000619
swap_static,16,1024,4096,0.000966,0.000000,0.000000,0.000644,0.000286,0.000249,0.000062,0.000613
swap_static,16,1024,4096,0.000934,0.000000,0.000000,0.000651,0.000309,0.000250,0.000071,0.000623
swap_static,16,1024,4096,0.000940,0.000000,0.000000,0.000627,0.000295,0.000255,0.000068,0.000681
swap_static,16,1024,4096,0.000982,0.000000,0.000000,0.000643,0.000290,0.000261,0.000071,0.000603
swap_static,16,1024,4096,0.000991,0.000000,0.000000,0.000652,0.000304,0.000279,0.000086,0.000604
swap_static,16,1024,4096,0.000964,0.000000,0.000000,0.000639,0.000283,0.000244,0.000077,0.000605
swap_static,16,1024,4096,0.000981,0.000000,0.000000,0.000639,0.000276,0.000253,0.000072,0.000626
swap_static,16,1024,4096,0.000968,0.000000,0.000000,0.000630,0.000380,0.000239,0.000079,0.000606
swap_static,16,1024,4096,0.000961,0.000000,0.000000,0.000663,0.000322,0.000256,0.000070,0.000646
swap_static,16,1024,4096,0.000986,0.000000,0.000000,0.000652,0.000302,0.000268,0.000088,0.000644
swap_static,16,1024,4096,0.000919,0.000000,0.000000,0.000631,0.000279,0.000252,0.000080,0.000653
swap_static,16,1024,4096,0.000930,0.000000,0.000000,0.000633,0.000288,0.000259,0.000066,0.000675
swap_static,16,1024,4096,0.000993,0.000000,0.000000,0.000673,0.000283,0.000237,0.000070,0.000658
swap_static,16,1024,4096,0.000931,0.000000,0.000000,0.000649,0.000276,0.000236,0.000068,0.000619
swap_static,16,1024,4096,0.000962,0.000000,0.000000,0.000636,0.000290,0.000255,0.000071,0.000633
swap_static,16,1024,4096,0.000958,0.000000,0.000000,0.000635,0.000303,0.000247,0.000070,0.000646
swap_static,16,1024,4096,0.000942,0.000000,0.000000,0.000658,0.000298,0.000270,0.000067,0.000602
swap_static,16,1024,4096,0.000952,0.000000,0.000000,0.000656,0.000306,0.000263,0.000065,0.000658
swap_static,16,1024,4096,0.000989,0.000000,0.000000,0.000665,0.000286,0.000253,0.000067,0.000672
swap_static,16,1024,4096,0.001027,0.000000,0.000000,0.000643,0.000282,0.000243,0.000065,0.000630
swap_static,16,1024,4096,0.000939,0.000000,0.000000,0.000646,0.000312,0.000264,0.000069,0.000622
swap_static,16,1024,4096,0.000952,0.000000,0.000000,0.000639,0.000303,0.000259,0.000556,0.000146
swap_static,16,1024,4096,0.000967,0.000000,0.000000,0.000657,0.000300,0.000333,0.000078,0.000619
swap_static,16,1024,4096,0.000917,0.000000,0.000000,0.000638,0.000290,0.000253,0.000073,0.000628
swap_static,16,1024,4096,0.000961,0.000000,0.000000,0.000642,0.000285,0.000250,0.000069,0.000628
swap_static,16,1024,4096,0.000971,0.000000,0.000000,0.000665,0.000307,0.000275,0.000088,0.000608
swap_static,16,1024,4096,0.001016,0.000000,0.000000,0.000670,0.000295,0.000249,0.000071,0.000705
swap_static,16,1024,4096,0.000936,0.000000,0.000000,0.000614,0.000291,0.000241,0.000065,0.000678
swap_static,16,1024,4096,0.000934,0.000000,0.000000,0.000641,0.000303,0.000257,0.000076,0.000611
swap_static,16,1024,4096,0.000962,0.000000,0.000000,0.000635,0.000274,0.000235,0.000070,0.000612
swap_static,16,1024,4096,0.000958,0.000000,0.000000,0.000635,0.000274,0.000227,0.000062,0.000685
swap_static,16,1024,4096,0.000955,0.000000,0.000000,0.000701,0.000300,0.000273,0.000063,0.000639
swap_dynv2,16,1024,4096,0.001503,0.000000,0.000013,0.002888,0.000318,0.000301,0.000084,0.000698
swap_dynv2,16,1024,4096,0.000950,0.000000,0.000012,0.000780,0.000294,0.000246,0.000074,0.000641
swap_dynv2,16,1024,4096,0.001001,0.000000,0.000012,0.000635,0.000298,0.000243,0.000068,0.000625
swap_dynv2,16,1024,4096,0.000966,0.000000,0.000014,0.000698,0.000333,0.000275,0.000071,0.000670
swap_dynv2,16,1024,4096,0.000982,0.000000,0.000012,0.000633,0.000331,0.000234,0.000073,0.000617
swap_dynv2,16,1024,4096,0.000946,0.000000,0.000010,0.000634,0.000306,0.000238,0.000486,0.000229
swap_dynv2,16,1024,4096,0.000996,0.000000,0.000010,0.000664,0.000289,0.000269,0.000075,0.000601
swap_dynv2,16,1024,4096,0.000966,0.000000,0.000015,0.000665,0.000304,0.000279,0.000069,0.000642
swap_dynv2,16,1024,4096,0.000932,0.000000,0.000012,0.000647,0.000295,0.000240,0.000073,0.000626
swap_dynv2,16,1024,4096,0.000960,0.000000,0.000012,0.000672,0.000294,0.000229,0.000069,0.000633
swap_dynv2,16,1024,4096,0.001044,0.000000,0.000012,0.000679,0.000312,0.000253,0.000067,0.000688
swap_dynv2,16,1024,4096,0.000974,0.000000,0.000012,0.000643,0.000287,0.000264,0.000081,0.000667
swap_dynv2,16,1024,4096,0.001013,0.000000,0.000012,0.000644,0.000297,0.000255,0.000101,0.000627
swap_dynv2,16,1024,4096,0.000960,0.000000,0.000012,0.000687,0.000303,0.000246,0.000069,0.000687
swap_dynv2,16,1024,4096,0.001019,0.000000,0.000014,0.000652,0.000306,0.000250,0.000089,0.000639
swap_dynv2,16,1024,4096,0.000998,0.000000,0.000010,0.000647,0.000296,0.000239,0.000064,0.000623
swap_dynv2,16,1024,4096,0.000941,0.000000,0.000013,0.000623,0.000296,0.000254,0.000072,0.000637
swap_dynv2,16,1024,4096,0.000964,0.000000,0.000012,0.000633,0.000299,0.000233,0.000553,0.000187
swap_dynv2,16,1024,4096,0.000993,0.000000,0.000014,0.000681,0.000320,0.000250,0.000083,0.000589
swap_dynv2,16,1024,4096,0.001031,0.000000,0.000012,0.000654,0.000316,0.000248,0.000076,0.000666
swap_dynv2,16,1024,4096,0.000966,0.000000,0.000012,0.000647,0.000310,0.000264,0.000094,0.000651
swap_dynv2,16,1024,4096,0.000971,0.000000,0.000014,0.000691,0.000311,0.000244,0.000076,0.000636
swap_dynv2,16,1024,4096,0.000950,0.000000,0.000010,0.000627,0.000299,0.000250,0.000075,0.000665
swap_dynv2,16,1024,4096,0.000932,0.000000,0.000009,0.000644,0.000284,0.000268,0.000078,0.000635
swap_dynv2,16,1024,4096,0.001007,0.000000,0.000012,0.000711,0.000318,0.000258,0.000096,0.000598
swap_dynv2,16,1024,4096,0.001016,0.000000,0.000014,0.000642,0.000296,0.000267,0.000069,0.000685
swap_dynv2,16,1024,4096,0.000949,0.000000,0.000013,0.000646,0.000293,0.000286,0.000684,0.000014
swap_dynv2,16,1024,4096,0.000962,0.000000,0.000010,0.000665,0.000297,0.000243,0.000076,0.000647
swap_dynv2,16,1024,4096,0.000955,0.000000,0.000011,0.000633,0.000296,0.000244,0.000072,0.000680
swap_dynv2,16,1024,4096,0.000935,0.000000,0.000012,0.000644,0.000285,0.000231,0.000076,0.000621
swap_dynv2,16,1024,4096,0.000952,0.000000,0.000014,0.000656,0.000309,0.000262,0.000078,0.000666
swap_dynv2,16,1024,4096,0.000936,0.000000,0.000010,0.000634,0.000278,0.000244,0.000075,0.000626
swap_dynv2,16,1024,4096,0.003485,0.000000,0.000015,0.000663,0.000316,0.000271,0.000078,0.000629
swap_dynv2,16,1024,4096,0.000972,0.000000,0.000012,0.000687,0.000291,0.000291,0.000067,0.000616
swap_dynv2,16,1024,4096,0.000957,0.000000,0.000015,0.000663,0.000313,0.000261,0.000068,0.000697
swap_dynv2,16,1024,4096,0.000934,0.000000,0.000014,0.000654,0.000308,0.000260,0.000087,0.000631
swap_dynv2,16,1024,4096,0.000964,0.000000,0.000015,0.000646,0.000308,0.000254,0.000106,0.000585
swap_dynv2,16,1024,4096,0.000969,0.000000,0.000015,0.000690,0.000313,0.000252,0.000069,0.000644
swap_dynv2,16,1024,4096,0.000936,0.000000,0.000012,0.000633,0.000292,0.000249,0.000075,0.000634
swap_dynv2,16,1024,4096,0.001025,0.000000,0.000013,0.000642,0.000296,0.000245,0.000064,0.000630
swap_dynv2,16,1024,4096,0.000993,0.000000,0.000012,0.000637,0.000291,0.000226,0.000517,0.000170
swap_dynv2,16,1024,4096,0.001005,0.000000,0.000015,0.000658,0.000323,0.000254,0.000068,0.000618
swap_dynv2,16,1024,4096,0.000939,0.000000,0.000010,0.000643,0.000367,0.000240,0.000085,0.000659
swap_dynv2,16,1024,4096,0.000957,0.000000,0.000013,0.000634,0.000284,0.000242,0.000262,0.000440
swap_dynv2,16,1024,4096,0.001017,0.000000,0.000014,0.000645,0.000317,0.000249,0.000071,0.000600
swap_dynv2,16,1024,4096,0.000960,0.000000,0.000014,0.000633,0.000317,0.000235,0.000081,0.000638
swap_dynv2,16,1024,4096,0.000948,0.000000,0.000012,0.000638,0.000289,0.000241,0.000347,0.000362
swap_dynv2,16,1024,4096,0.000959,0.000000,0.000012,0.000672,0.000294,0.000236,0.000088,0.000676
swap_dynv2,16,1024,4096,0.000948,0.000000,0.000012,0.000636,0.000293,0.000233,0.000068,0.000619
swap_dynv2,16,1024,4096,0.001079,0.000000,0.000015,0.000661,0.000306,0.000247,0.000083,0.000669
swap_dynv2,16,1024,4096,0.000939,0.000000,0.000010,0.000640,0.000296,0.000247,0.000090,0.000719
swap_dynv2,16,1024,4096,0.000959,0.000000,0.000012,0.000631,0.000301,0.000227,0.000077,0.000604
swap_dynv2,16,1024,4096,0.000955,0.000000,0.000012,0.000623,0.000297,0.000245,0.000074,0.000639
swap_dynv2,16,1024,4096,0.000953,0.000000,0.000010,0.000634,0.000292,0.000258,0.000074,0.000646
swap_dynv2,16,1024,4096,0.001059,0.000000,0.000010,0.000640,0.000294,0.000251,0.000071,0.000610
swap_dynv2,16,1024,4096,0.000974,0.000000,0.000012,0.000646,0.000282,0.000309,0.000184,0.000551
swap_dynv2,16,1024,4096,0.000959,0.000000,0.000013,0.000633,0.000286,0.000237,0.000073,0.000667
swap_dynv2,16,1024,4096,0.001043,0.000000,0.000015,0.000654,0.000303,0.000253,0.000093,0.000636
swap_dynv2,16,1024,4096,0.000965,0.000000,0.000013,0.000640,0.000284,0.000243,0.000072,0.000631
swap_dynv2,16,1024,4096,0.001014,0.000000,0.000013,0.000681,0.000293,0.000275,0.000099,0.000621
swap_dynv2,16,1024,4096,0.001002,0.000000,0.000013,0.000645,0.000296,0.000248,0.000071,0.000674
swap_dynv2,16,1024,4096,0.000956,0.000000,0.000012,0.000640,0.000282,0.000241,0.000100,0.000609
swap_dynv2,16,1024,4096,0.000939,0.000000,0.000012,0.000621,0.000307,0.000237,0.000083,0.000657
swap_dynv2,16,1024,4096,0.001000,0.000000,0.000014,0.000639,0.000321,0.000237,0.000075,0.000624
swap_dynv2,16,1024,4096,0.001015,0.000000,0.000013,0.000638,0.000306,0.000251,0.000115,0.000598
swap_dynv2,16,1024,4096,0.000958,0.000000,0.000014,0.000627,0.000320,0.000247,0.000086,0.000626
swap_dynv2,16,1024,4096,0.000949,0.000000,0.000013,0.000636,0.000294,0.000244,0.000070,0.000628
swap_dynv2,16,1024,4096,0.000967,0.000000,0.000013,0.000662,0.000317,0.000290,0.000077,0.000667
swap_dynv2,16,1024,4096,0.000981,0.000000,0.000013,0.000643,0.000405,0.000276,0.000087,0.000619
swap_dynv2,16,1024,4096,0.000951,0.000000,0.000014,0.000698,0.000331,0.000259,0.000082,0.000633
swap_dynv2,16,1024,4096,0.000993,0.000000,0.000014,0.000695,0.000324,0.000250,0.000081,0.000615
swap_dynv2,16,1024,4096,0.000979,0.000000,0.000013,0.000634,0.000342,0.000235,0.000067,0.000663
swap_dynv2,16,1024,4096,0.000946,0.000000,0.000014,0.000655,0.000329,0.000258,0.000077,0.000608
swap_dynv2,16,1024,4096,0.000939,0.000000,0.000013,0.000626,0.000301,0.000239,0.000069,0.000642
swap_dynv2,16,1024,4096,0.000948,0.000000,0.000012,0.000634,0.000308,0.000249,0.000063,0.000625
swap_static,16,1024,262144,0.006211,0.000000,0.000000,0.002868,0.000333,0.000326,0.000105,0.005252
swap_static,16,1024,262144,0.005953,0.000000,0.000000,0.002747,0.000307,0.000288,0.000073,0.005289
swap_static,16,1024,262144,0.005648,0.000000,0.000000,0.000710,0.000297,0.000279,0.000165,0.005238
swap_static,16,1024,262144,0.005685,0.000000,0.000000,0.000720,0.000299,0.000277,0.000073,0.005291
swap_static,16,1024,262144,0.007191,0.000000,0.000000,0.000701,0.000317,0.000287,0.000084,0.006854
swap_static,16,1024,262144,0.005723,0.000000,0.000000,0.000708,0.000297,0.000285,0.000066,0.005193
swap_static,16,1024,262144,0.005513,0.000000,0.000000,0.000717,0.000317,0.000294,0.000067,0.006543
swap_static,16,1024,262144,0.005627,0.000000,0.000000,0.000721,0.000317,0.000282,0.000092,0.006408
swap_static,16,1024,262144,0.005618,0.000000,0.000000,0.000725,0.000293,0.000275,0.000093,0.006522
swap_static,16,1024,262144,0.005433,0.000000,0.000000,0.000674,0.000287,0.000261,0.000063,0.006663
swap_static,16,1024,262144,0.005418,0.000000,0.000000,0.000660,0.000293,0.000249,0.000072,0.005210
swap_static,16,1024,262144,0.005704,0.000000,0.000000,0.000666,0.000311,0.000260,0.000076,0.005299
swap_static,16,1024,262144,0.005671,0.000000,0.000000,0.000667,0.000304,0.000270,0.000135,0.005228
swap_static,16,1024,262144,0.005505,0.000000,0.000000,0.000717,0.000303,0.000292,0.000081,0.005271
swap_static,16,1024,262144,0.005630,0.000000,0.000000,0.000706,0.000317,0.000281,0.000072,0.005254
swap_static,16,1024,262144,0.005424,0.000000,0.000000,0.000685,0.000286,0.000241,0.000065,0.006912
swap_static,16,1024,262144,0.005614,0.000000,0.000000,0.000725,0.000325,0.000276,0.000070,0.005367
swap_static,16,1024,262144,0.005570,0.000000,0.000000,0.000688,0.000302,0.000263,0.000067,0.006735
swap_static,16,1024,262144,0.005552,0.000000,0.000000,0.000694,0.000294,0.000253,0.000076,0.005290
swap_static,16,1024,262144,0.005700,0.000000,0.000000,0.000708,0.000307,0.000270,0.000066,0.006277
swap_static,16,1024,262144,0.005631,0.000000,0.000000,0.000725,0.000300,0.000261,0.000076,0.005970
swap_static,16,1024,262144,0.005613,0.000000,0.000000,0.000709,0.000295,0.000272,0.000070,0.005174
swap_static,16,1024,262144,0.006153,0.000000,0.000000,0.000679,0.000295,0.000246,0.000061,0.006684
swap_static,16,1024,262144,0.005600,0.000000,0.000000,0.000714,0.000285,0.000256,0.000084,0.006306
swap_static,16,1024,262144,0.005446,0.000000,0.000000,0.000705,0.000305,0.000278,0.000066,0.006777
swap_static,16,1024,262144,0.005603,0.000000,0.000000,0.000653,0.000298,0.000253,0.000063,0.005372
swap_static,16,1024,262144,0.005578,0.000000,0.000000,0.000671,0.000314,0.000262,0.000074,0.006759
swap_static,16,1024,262144,0.005376,0.000000,0.000000,0.000660,0.000304,0.000260,0.000063,0.006676
swap_static,16,1024,262144,0.005656,0.000000,0.000000,0.000705,0.000303,0.000292,0.000071,0.007011
swap_static,16,1024,262144,0.005607,0.000000,0.000000,0.000771,0.000331,0.000289,0.000080,0.006395
swap_static,16,1024,262144,0.005656,0.000000,0.000000,0.000788,0.000316,0.000278,0.000089,0.005229
swap_static,16,1024,262144,0.005613,0.000000,0.000000,0.000677,0.000308,0.000315,0.000067,0.006582
swap_static,16,1024,262144,0.005672,0.000000,0.000000,0.000660,0.000308,0.000267,0.000065,0.006409
swap_static,16,1024,262144,0.005570,0.000000,0.000000,0.000686,0.000300,0.000269,0.000188,0.006798
swap_static,16,1024,262144,0.005614,0.000000,0.000000,0.000717,0.000312,0.000276,0.000069,0.006213
swap_static,16,1024,262144,0.005762,0.000000,0.000000,0.000737,0.000304,0.000288,0.000096,0.005077
swap_static,16,1024,262144,0.005566,0.000000,0.000000,0.000692,0.000305,0.000263,0.000070,0.005432
swap_static,16,1024,262144,0.005605,0.000000,0.000000,0.000648,0.000287,0.000254,0.000071,0.005508
swap_static,16,1024,262144,0.005591,0.000000,0.000000,0.000665,0.000298,0.000267,0.000072,0.005534
swap_static,16,1024,262144,0.005534,0.000000,0.000000,0.000651,0.000305,0.000260,0.000064,0.006455
swap_static,16,1024,262144,0.005727,0.000000,0.000000,0.000722,0.000317,0.000280,0.000077,0.005240
swap_static,16,1024,262144,0.005736,0.000000,0.000000,0.000654,0.000298,0.000251,0.000066,0.006696
swap_static,16,1024,262144,0.005636,0.000000,0.000000,0.000653,0.000299,0.000252,0.000063,0.006534
swap_static,16,1024,262144,0.005661,0.000000,0.000000,0.000675,0.000304,0.000259,0.000067,0.006691
swap_static,16,1024,262144,0.005630,0.000000,0.000000,0.000673,0.000288,0.000286,0.000070,0.006591
swap_static,16,1024,262144,0.005546,0.000000,0.000000,0.000655,0.000312,0.000252,0.000064,0.005423
swap_static,16,1024,262144,0.005551,0.000000,0.000000,0.000640,0.000290,0.000247,0.000187,0.004950
swap_static,16,1024,262144,0.005540,0.000000,0.000000,0.000650,0.000300,0.000258,0.000076,0.006522
swap_static,16,1024,262144,0.005646,0.000000,0.000000,0.000649,0.000327,0.000248,0.000066,0.005205
swap_static,16,1024,262144,0.006940,0.000000,0.000000,0.000633,0.000295,0.000257,0.000075,0.007844
swap_static,16,1024,262144,0.005543,0.000000,0.000000,0.000646,0.000289,0.000245,0.000098,0.005614
swap_static,16,1024,262144,0.005556,0.000000,0.000000,0.000658,0.000299,0.000271,0.000068,0.006233
swap_static,16,1024,262144,0.005390,0.000000,0.000000,0.000679,0.000307,0.000263,0.000077,0.006712
swap_static,16,1024,262144,0.005550,0.000000,0.000000,0.000661,0.000289,0.000284,0.000068,0.006502
swap_static,16,1024,262144,0.005563,0.000000,0.000000,0.000640,0.000296,0.000256,0.000069,0.005292
swap_static,16,1024,262144,0.005465,0.000000,0.000000,0.000656,0.000304,0.000270,0.000066,0.006356
swap_static,16,1024,262144,0.006151,0.000000,0.000000,0.000689,0.000293,0.000272,0.000089,0.005151
swap_static,16,1024,262144,0.005531,0.000000,0.000000,0.000672,0.000303,0.000274,0.000078,0.005277
swap_static,16,1024,262144,0.005694,0.000000,0.000000,0.000673,0.000291,0.000256,0.000096,0.005512
swap_static,16,1024,262144,0.005684,0.000000,0.000000,0.000646,0.000286,0.000270,0.000063,0.006532
swap_static,16,1024,262144,0.005622,0.000000,0.000000,0.000668,0.000297,0.000259,0.000063,0.005412
swap_static,16,1024,262144,0.005697,0.000000,0.000000,0.000654,0.000285,0.000251,0.000066,0.005218
swap_static,16,1024,262144,0.005737,0.000000,0.000000,0.000683,0.000283,0.000255,0.000066,0.006831
swap_static,16,1024,262144,0.005635,0.000000,0.000000,0.000656,0.000311,0.000257,0.000069,0.005967
swap_static,16,1024,262144,0.005645,0.000000,0.000000,0.000687,0.000341,0.000283,0.000188,0.004934
swap_static,16,1024,262144,0.006214,0.000000,0.000000,0.000652,0.000285,0.000245,0.000080,0.006728
swap_static,16,1024,262144,0.005489,0.000000,0.000000,0.000688,0.000317,0.000278,0.000092,0.005609
swap_static,16,1024,262144,0.005678,0.000000,0.000000,0.000647,0.000300,0.000256,0.000072,0.006365
swap_static,16,1024,262144,0.005595,0.000000,0.000000,0.000682,0.000296,0.000259,0.000072,0.005103
swap_static,16,1024,262144,0.005631,0.000000,0.000000,0.000647,0.000299,0.000256,0.000064,0.005163
swap_static,16,1024,262144,0.005710,0.000000,0.000000,0.000708,0.000306,0.000274,0.000074,0.006242
swap_static,16,1024,262144,0.005617,0.000000,0.000000,0.000682,0.000301,0.000251,0.000085,0.005234
swap_static,16,1024,262144,0.005580,0.000000,0.000000,0.000689,0.000332,0.000272,0.000084,0.006448
swap_static,16,1024,262144,0.005537,0.000000,0.000000,0.000658,0.000290,0.000254,0.000084,0.005221
swap_static,16,1024,262144,0.005615,0.000000,0.000000,0.000635,0.000312,0.000244,0.000071,0.007037
swap_dynv2,16,1024,262144,0.006159,0.000000,0.000013,0.002807,0.000319,0.000333,0.000082,0.005485
swap_dynv2,16,1024,262144,0.005752,0.000000,0.000013,0.002702,0.000297,0.000273,0.000130,0.005404
swap_dynv2,16,1024,262144,0.006086,0.000000,0.000012,0.002670,0.000311,0.000276,0.000069,0.005302
swap_dynv2,16,1024,262144,0.006010,0.000000,0.000015,0.002735,0.000304,0.000320,0.000069,0.005534
swap_dynv2,16,1024,262144,0.006196,0.000000,0.000014,0.002667,0.000302,0.000292,0.000069,0.005319
swap_dynv2,16,1024,262144,0.005873,0.000000,0.000013,0.002701,0.000294,0.000301,0.000084,0.005895
swap_dynv2,16,1024,262144,0.006152,0.000000,0.000014,0.002731,0.000308,0.000326,0.000072,0.005486
swap_dynv2,16,1024,262144,0.005993,0.000000,0.000015,0.002789,0.000318,0.000329,0.000093,0.005263
swap_dynv2,16,1024,262144,0.005932,0.000000,0.000015,0.000795,0.000297,0.000305,0.000069,0.006779
swap_dynv2,16,1024,262144,0.005640,0.000000,0.000011,0.000745,0.000296,0.000277,0.000067,0.005371
swap_dynv2,16,1024,262144,0.005740,0.000000,0.000011,0.000672,0.000290,0.000269,0.000085,0.006618
swap_dynv2,16,1024,262144,0.005830,0.000000,0.000012,0.000640,0.000289,0.000260,0.000068,0.005413
swap_dynv2,16,1024,262144,0.005734,0.000000,0.000010,0.000645,0.000290,0.000261,0.000082,0.006676
swap_dynv2,16,1024,262144,0.005732,0.000000,0.000012,0.000695,0.000318,0.000292,0.000067,0.005295
swap_dynv2,16,1024,262144,0.005582,0.000000,0.000013,0.000664,0.000298,0.000263,0.000068,0.005421
swap_dynv2,16,1024,262144,0.005627,0.000000,0.000012,0.000645,0.000305,0.000288,0.000072,0.005744
swap_dynv2,16,1024,262144,0.005775,0.000000,0.000014,0.000656,0.000304,0.000278,0.000081,0.005838
swap_dynv2,16,1024,262144,0.005889,0.000000,0.000010,0.000641,0.000288,0.000262,0.000096,0.005254
swap_dynv2,16,1024,262144,0.005703,0.000000,0.000013,0.000645,0.000290,0.000285,0.000069,0.006897
swap_dynv2,16,1024,262144,0.005627,0.000000,0.000013,0.000642,0.000298,0.000302,0.000101,0.006672
swap_dynv2,16,1024,262144,0.005811,0.000000,0.000013,0.000662,0.000296,0.000265,0.000068,0.006740
swap_dynv2,16,1024,262144,0.005695,0.000000,0.000010,0.000658,0.000285,0.000256,0.000066,0.005436
swap_dynv2,16,1024,262144,0.005694,0.000000,0.000015,0.000658,0.000311,0.000273,0.000065,0.005206
swap_dynv2,16,1024,262144,0.006844,0.000000,0.000011,0.000649,0.000289,0.000272,0.000067,0.005353
swap_dynv2,16,1024,262144,0.005748,0.000000,0.000012,0.000645,0.000307,0.000275,0.000075,0.005518
swap_dynv2,16,1024,262144,0.005750,0.000000,0.000013,0.000642,0.000298,0.000258,0.000150,0.005276
swap_dynv2,16,1024,262144,0.005808,0.000000,0.000015,0.000676,0.000322,0.000290,0.000070,0.005551
swap_dynv2,16,1024,262144,0.005864,0.000000,0.000014,0.000655,0.000309,0.000276,0.000066,0.006815
swap_dynv2,16,1024,262144,0.005779,0.000000,0.000010,0.000630,0.000298,0.000251,0.000069,0.005402
swap_dynv2,16,1024,262144,0.005699,0.000000,0.000011,0.000667,0.000317,0.000289,0.000077,0.005318
swap_dynv2,16,1024,262144,0.005588,0.000000,0.000014,0.000658,0.000313,0.000281,0.000094,0.005131
swap_dynv2,16,1024,262144,0.005673,0.000000,0.000013,0.000644,0.000293,0.000259,0.000072,0.005732
swap_dynv2,16,1024,262144,0.005612,0.000000,0.000013,0.000634,0.000297,0.000252,0.000079,0.006400
swap_dynv2,16,1024,262144,0.005709,0.000000,0.000014,0.000661,0.000325,0.000286,0.000076,0.005291
swap_dynv2,16,1024,262144,0.005765,0.000000,0.000013,0.000652,0.000286,0.000268,0.000086,0.005234
swap_dynv2,16,1024,262144,0.005570,0.000000,0.000015,0.000655,0.000303,0.000274,0.000071,0.005442
swap_dynv2,16,1024,262144,0.005871,0.000000,0.000011,0.000642,0.000294,0.000254,0.000076,0.006485
swap_dynv2,16,1024,262144,0.005574,0.000000,0.000014,0.000644,0.000300,0.000280,0.000075,0.005219
swap_dynv2,16,1024,262144,0.005585,0.000000,0.000013,0.000632,0.000295,0.000251,0.000071,0.005301
swap_dynv2,16,1024,262144,0.005662,0.000000,0.000011,0.000636,0.000300,0.000273,0.000068,0.005407
swap_dynv2,16,1024,262144,0.005756,0.000000,0.000012,0.000665,0.000293,0.000263,0.000072,0.005296
swap_dynv2,16,1024,262144,0.005623,0.000000,0.000015,0.000688,0.000325,0.000331,0.000088,0.005277
swap_dynv2,16,1024,262144,0.005627,0.000000,0.000013,0.000653,0.000298,0.000269,0.000080,0.006734
swap_dynv2,16,1024,262144,0.005792,0.000000,0.000014,0.000656,0.000309,0.000282,0.000069,0.005411
swap_dynv2,16,1024,262144,0.005597,0.000000,0.000014,0.000679,0.000298,0.000258,0.000069,0.006793
swap_dynv2,16,1024,262144,0.005709,0.000000,0.000013,0.000632,0.000340,0.000258,0.000072,0.005210
swap_dynv2,16,1024,262144,0.005653,0.000000,0.000014,0.000645,0.000304,0.000261,0.000066,0.005261
swap_dynv2,16,1024,262144,0.005727,0.000000,0.000015,0.000655,0.000307,0.000278,0.000078,0.005481
swap_dynv2,16,1024,262144,0.005786,0.000000,0.000014,0.000653,0.000292,0.000286,0.000079,0.005207
swap_dynv2,16,1024,262144,0.005549,0.000000,0.000013,0.000642,0.000304,0.000273,0.000070,0.005552
swap_dynv2,16,1024,262144,0.005666,0.000000,0.000014,0.000648,0.000330,0.000283,0.000087,0.005263
swap_dynv2,16,1024,262144,0.005749,0.000000,0.000014,0.000635,0.000308,0.000271,0.000196,0.005224
swap_dynv2,16,1024,262144,0.005801,0.000000,0.000013,0.000662,0.000287,0.000268,0.000068,0.005388
swap_dynv2,16,1024,262144,0.005705,0.000000,0.000013,0.000639,0.000296,0.000263,0.000106,0.005320
swap_dynv2,16,1024,262144,0.005612,0.000000,0.000014,0.000662,0.000297,0.000316,0.000102,0.006757
swap_dynv2,16,1024,262144,0.005758,0.000000,0.000014,0.000696,0.000316,0.000272,0.000073,0.005363
swap_dynv2,16,1024,262144,0.005641,0.000000,0.000015,0.000696,0.000314,0.000297,0.000073,0.005320
swap_dynv2,16,1024,262144,0.007252,0.000000,0.000015,0.000718,0.000322,0.000306,0.000072,0.005328
swap_dynv2,16,1024,262144,0.005777,0.000000,0.000015,0.000662,0.000307,0.000272,0.000079,0.005468
swap_dynv2,16,1024,262144,0.005506,0.000000,0.000014,0.000688,0.000309,0.000292,0.000070,0.005463
swap_dynv2,16,1024,262144,0.005595,0.000000,0.000015,0.000653,0.000316,0.000294,0.000069,0.005197
swap_dynv2,16,1024,262144,0.005768,0.000000,0.000011,0.000644,0.000304,0.000258,0.000071,0.006326
swap_dynv2,16,1024,262144,0.005656,0.000000,0.000014,0.000661,0.000299,0.000282,0.000075,0.005311
swap_dynv2,16,1024,262144,0.005834,0.000000,0.000010,0.000652,0.000315,0.000271,0.000096,0.006750
swap_dynv2,16,1024,262144,0.005548,0.000000,0.000014,0.000637,0.000313,0.000270,0.000069,0.006600
swap_dynv2,16,1024,262144,0.005846,0.000000,0.000013,0.000653,0.000298,0.000275,0.000081,0.006663
swap_dynv2,16,1024,262144,0.005717,0.000000,0.000013,0.000681,0.000299,0.000280,0.000085,0.005324
swap_dynv2,16,1024,262144,0.005791,0.000000,0.000014,0.000666,0.000294,0.000273,0.000083,0.005401
swap_dynv2,16,1024,262144,0.005595,0.000000,0.000013,0.000651,0.000294,0.000309,0.000066,0.005298
swap_dynv2,16,1024,262144,0.005719,0.000000,0.000016,0.000688,0.000331,0.000294,0.000072,0.006549
swap_dynv2,16,1024,262144,0.005869,0.000000,0.000014,0.000650,0.000303,0.000270,0.000073,0.006567
swap_dynv2,16,1024,262144,0.005853,0.000000,0.000016,0.000733,0.000332,0.000332,0.000067,0.006539
swap_dynv2,16,1024,262144,0.005711,0.000000,0.000015,0.000671,0.000310,0.000292,0.000067,0.006466
swap_dynv2,16,1024,262144,0.005818,0.000000,0.000013,0.000654,0.000302,0.000267,0.000075,0.005599
swap_dynv2,16,1024,262144,0.005629,0.000000,0.000013,0.000651,0.000331,0.000277,0.000069,0.006542
swap_static,16,1024,16777216,0.323072,0.000000,0.000000,0.002813,0.000326,0.000353,0.000091,0.317378
swap_static,16,1024,16777216,0.319452,0.000000,0.000000,0.000781,0.000327,0.000338,0.000087,0.321044
swap_static,16,1024,16777216,0.319496,0.000000,0.000000,0.000899,0.000348,0.000312,0.000077,0.318756
swap_static,16,1024,16777216,0.321437,0.000000,0.000000,0.000772,0.000337,0.000338,0.000080,0.318437
swap_static,16,1024,16777216,0.319220,0.000000,0.000000,0.000785,0.000365,0.000321,0.000078,0.318307
swap_static,16,1024,16777216,0.318169,0.000000,0.000000,0.000769,0.000377,0.000315,0.000081,0.317203
swap_static,16,1024,16777216,0.317355,0.000000,0.000000,0.000787,0.000336,0.000323,0.000077,0.318495
swap_static,16,1024,16777216,0.319004,0.000000,0.000000,0.000793,0.000351,0.000333,0.000069,0.324201
swap_static,16,1024,16777216,0.319645,0.000000,0.000000,0.000755,0.000338,0.000306,0.000074,0.321314
swap_static,16,1024,16777216,0.317715,0.000000,0.000000,0.000784,0.000353,0.000305,0.000146,0.318771
swap_static,16,1024,16777216,0.318928,0.000000,0.000000,0.000769,0.000352,0.000334,0.000075,0.318643
swap_static,16,1024,16777216,0.318935,0.000000,0.000000,0.000771,0.000352,0.000327,0.000076,0.321188
swap_static,16,1024,16777216,0.319593,0.000000,0.000000,0.000766,0.000349,0.000313,0.000080,0.323674
swap_static,16,1024,16777216,0.318999,0.000000,0.000000,0.000775,0.000366,0.000318,0.000070,0.320394
swap_static,16,1024,16777216,0.319804,0.000000,0.000000,0.000783,0.000346,0.000319,0.000074,0.320248
swap_static,16,1024,16777216,0.318013,0.000000,0.000000,0.000779,0.000333,0.000305,0.000070,0.321741
swap_static,16,1024,16777216,0.319551,0.000000,0.000000,0.000775,0.000346,0.000312,0.000091,0.319163
swap_static,16,1024,16777216,0.321786,0.000000,0.000000,0.000878,0.000366,0.000357,0.000070,0.317911
swap_static,16,1024,16777216,0.319150,0.000000,0.000000,0.000811,0.000354,0.000363,0.000117,0.318208
swap_static,16,1024,16777216,0.319063,0.000000,0.000000,0.000771,0.000328,0.000318,0.000083,0.319102
swap_static,16,1024,16777216,0.318780,0.000000,0.000000,0.000784,0.000340,0.000332,0.000067,0.320726
swap_static,16,1024,16777216,0.320647,0.000000,0.000000,0.000765,0.000348,0.000324,0.000075,0.319419
swap_static,16,1024,16777216,0.322073,0.000000,0.000000,0.000769,0.000339,0.000313,0.000074,0.320093
swap_static,16,1024,16777216,0.324295,0.000000,0.000000,0.000778,0.000347,0.000328,0.000084,0.321786
swap_static,16,1024,16777216,0.318594,0.000000,0.000000,0.000765,0.000327,0.000334,0.000078,0.320491
swap_static,16,1024,16777216,0.319760,0.000000,0.000000,0.000762,0.000339,0.000317,0.000071,0.318569
swap_static,16,1024,16777216,0.321637,0.000000,0.000000,0.000812,0.000354,0.000320,0.000070,0.321312
swap_static,16,1024,16777216,0.320926,0.000000,0.000000,0.000765,0.000339,0.000320,0.002552,0.315522
swap_static,16,1024,16777216,0.319648,0.000000,0.000000,0.000770,0.000358,0.000325,0.000077,0.319052
swap_static,16,1024,16777216,0.321220,0.000000,0.000000,0.000801,0.000357,0.000323,0.000080,0.321119
swap_static,16,1024,16777216,0.321196,0.000000,0.000000,0.000778,0.000339,0.000328,0.000074,0.321079
swap_static,16,1024,16777216,0.319791,0.000000,0.000000,0.000793,0.000354,0.000306,0.000073,0.318364
swap_static,16,1024,16777216,0.320409,0.000000,0.000000,0.000770,0.000340,0.000317,0.000081,0.321945
swap_static,16,1024,16777216,0.320900,0.000000,0.000000,0.000791,0.000324,0.000323,0.000084,0.322893
swap_static,16,1024,16777216,0.321511,0.000000,0.000000,0.000774,0.000347,0.000306,0.000082,0.320983
swap_static,16,1024,16777216,0.321735,0.000000,0.000000,0.000781,0.000334,0.000333,0.000078,0.324921
swap_static,16,1024,16777216,0.320153,0.000000,0.000000,0.000893,0.000339,0.000365,0.000081,0.324161
swap_static,16,1024,16777216,0.321033,0.000000,0.000000,0.000769,0.000338,0.000314,0.000082,0.321725
swap_static,16,1024,16777216,0.322554,0.000000,0.000000,0.000780,0.000335,0.000313,0.000078,0.321402
swap_static,16,1024,16777216,0.322438,0.000000,0.000000,0.000782,0.000346,0.000346,0.000071,0.323515
swap_static,16,1024,16777216,0.321493,0.000000,0.000000,0.000774,0.000332,0.000320,0.000103,0.323652
swap_static,16,1024,16777216,0.323881,0.000000,0.000000,0.000773,0.000334,0.000321,0.000071,0.318348
swap_static,16,1024,16777216,0.316270,0.000000,0.000000,0.000773,0.000342,0.000344,0.000143,0.316934
swap_static,16,1024,16777216,0.316675,0.000000,0.000000,0.000785,0.000341,0.000317,0.000083,0.317139
swap_static,16,1024,16777216,0.317058,0.000000,0.000000,0.000781,0.000359,0.000308,0.000085,0.317745
swap_static,16,1024,16777216,0.317044,0.000000,0.000000,0.000762,0.000349,0.000320,0.000078,0.316093
swap_static,16,1024,16777216,0.320842,0.000000,0.000000,0.000876,0.000368,0.000395,0.000079,0.316850
swap_static,16,1024,16777216,0.317992,0.000000,0.000000,0.000764,0.000349,0.000341,0.000091,0.317617
swap_static,16,1024,16777216,0.317430,0.000000,0.000000,0.000775,0.000360,0.000320,0.000076,0.316907
swap_static,16,1024,16777216,0.317713,0.000000,0.000000,0.000775,0.000358,0.000308,0.000075,0.316554
swap_static,16,1024,16777216,0.316624,0.000000,0.000000,0.000779,0.000364,0.000317,0.000145,0.315826
swap_static,16,1024,16777216,0.319007,0.000000,0.000000,0.000787,0.000367,0.000325,0.000085,0.316986
swap_static,16,1024,16777216,0.316440,0.000000,0.000000,0.000767,0.000339,0.000319,0.000077,0.316425
swap_static,16,1024,16777216,0.316937,0.000000,0.000000,0.000767,0.000363,0.000306,0.000202,0.317403
swap_static,16,1024,16777216,0.321999,0.000000,0.000000,0.000745,0.000342,0.000321,0.000082,0.322149
swap_static,16,1024,16777216,0.321205,0.000000,0.000000,0.000773,0.000348,0.000328,0.000073,0.322979
swap_static,16,1024,16777216,0.317340,0.000000,0.000000,0.000791,0.000358,0.000316,0.000075,0.317133
swap_static,16,1024,16777216,0.315047,0.000000,0.000000,0.000767,0.000354,0.000325,0.000074,0.316531
swap_static,16,1024,16777216,0.316634,0.000000,0.000000,0.000772,0.000357,0.000308,0.000091,0.316084
swap_static,16,1024,16777216,0.318498,0.000000,0.000000,0.000922,0.000357,0.000306,0.000096,0.317429
swap_static,16,1024,16777216,0.317313,0.000000,0.000000,0.000771,0.000334,0.000303,0.000090,0.321426
swap_static,16,1024,16777216,0.316951,0.000000,0.000000,0.000799,0.000364,0.000320,0.000067,0.316437
swap_static,16,1024,16777216,0.316336,0.000000,0.000000,0.000755,0.000328,0.000301,0.000072,0.317514
swap_static,16,1024,16777216,0.315297,0.000000,0.000000,0.000776,0.000346,0.000320,0.000082,0.318973
swap_static,16,1024,16777216,0.317457,0.000000,0.000000,0.000777,0.000338,0.000537,0.000090,0.317517
swap_static,16,1024,16777216,0.317447,0.000000,0.000000,0.000776,0.000354,0.000323,0.000079,0.320368
swap_static,16,1024,16777216,0.317147,0.000000,0.000000,0.000776,0.000335,0.000315,0.000081,0.318706
swap_static,16,1024,16777216,0.317378,0.000000,0.000000,0.000779,0.000362,0.000310,0.000074,0.316856
swap_static,16,1024,16777216,0.317503,0.000000,0.000000,0.000920,0.000384,0.000353,0.000075,0.316414
swap_static,16,1024,16777216,0.317188,0.000000,0.000000,0.000778,0.000356,0.000306,0.000071,0.317623
swap_static,16,1024,16777216,0.317734,0.000000,0.000000,0.000781,0.000337,0.000318,0.000068,0.321089
swap_static,16,1024,16777216,0.317072,0.000000,0.000000,0.000880,0.000374,0.000361,0.000084,0.316863
swap_static,16,1024,16777216,0.316519,0.000000,0.000000,0.000780,0.000349,0.000308,0.000082,0.316831
swap_static,16,1024,16777216,0.317060,0.000000,0.000000,0.000793,0.000344,0.000330,0.000106,0.318199
swap_static,16,1024,16777216,0.316596,0.000000,0.000000,0.000769,0.000358,0.000315,0.000080,0.316746
swap_dynv2,16,1024,16777216,0.332281,0.000000,0.000017,0.002876,0.000369,0.000371,0.000079,0.326549
swap_dynv2,16,1024,16777216,0.325639,0.000000,0.000017,0.000911,0.000348,0.000333,0.000085,0.327196
swap_dynv2,16,1024,16777216,0.330818,0.000000,0.000014,0.000778,0.000350,0.000319,0.000079,0.329678
swap_dynv2,16,1024,16777216,0.328092,0.000000,0.000015,0.000783,0.000324,0.000331,0.000081,0.328975
swap_dynv2,16,1024,16777216,0.327943,0.000000,0.000016,0.000791,0.000318,0.000347,0.000074,0.327386
swap_dynv2,16,1024,16777216,0.327932,0.000000,0.000018,0.000745,0.000351,0.000318,0.000078,0.328424
swap_dynv2,16,1024,16777216,0.328800,0.000000,0.000016,0.000780,0.000329,0.000320,0.000081,0.330930
swap_dynv2,16,1024,16777216,0.328326,0.000000,0.000016,0.000784,0.000343,0.000331,0.000075,0.328444
swap_dynv2,16,1024,16777216,0.329833,0.000000,0.000019,0.000872,0.000373,0.000400,0.000144,0.330368
swap_dynv2,16,1024,16777216,0.330794,0.000000,0.000018,0.000784,0.000348,0.000323,0.000072,0.331380
swap_dynv2,16,1024,16777216,0.330476,0.000000,0.000015,0.000783,0.000340,0.000333,0.000076,0.331177
swap_dynv2,16,1024,16777216,0.330670,0.000000,0.000016,0.000772,0.000327,0.000339,0.000072,0.332427
swap_dynv2,16,1024,16777216,0.332988,0.000000,0.000016,0.000769,0.000341,0.000332,0.000080,0.329641
swap_dynv2,16,1024,16777216,0.330011,0.000000,0.000017,0.000789,0.000357,0.000332,0.000083,0.329568
swap_dynv2,16,1024,16777216,0.327289,0.000000,0.000019,0.000784,0.000345,0.000358,0.000090,0.327009
swap_dynv2,16,1024,16777216,0.326929,0.000000,0.000014,0.000788,0.000334,0.000323,0.000088,0.326917
swap_dynv2,16,1024,16777216,0.328590,0.000000,0.000017,0.000762,0.000341,0.000344,0.000080,0.325864
swap_dynv2,16,1024,16777216,0.328276,0.000000,0.000015,0.000783,0.000356,0.000321,0.000101,0.326745
swap_dynv2,16,1024,16777216,0.327439,0.000000,0.000016,0.000783,0.000345,0.000340,0.000069,0.326711
swap_dynv2,16,1024,16777216,0.326927,0.000000,0.000018,0.000775,0.000343,0.000328,0.000083,0.326783
swap_dynv2,16,1024,16777216,0.325908,0.000000,0.000017,0.000777,0.000347,0.000352,0.000072,0.326950
swap_dynv2,16,1024,16777216,0.326665,0.000000,0.000018,0.000803,0.000327,0.000347,0.000081,0.328330
swap_dynv2,16,1024,16777216,0.325888,0.000000,0.000018,0.000784,0.000336,0.000340,0.000069,0.327214
swap_dynv2,16,1024,16777216,0.326153,0.000000,0.000018,0.000783,0.000337,0.000333,0.000149,0.326493
swap_dynv2,16,1024,16777216,0.327054,0.000000,0.000017,0.000786,0.000341,0.000323,0.000079,0.326443
swap_dynv2,16,1024,16777216,0.323029,0.000000,0.000018,0.000870,0.000344,0.000334,0.000096,0.332211
swap_dynv2,16,1024,16777216,0.326420,0.000000,0.000016,0.000775,0.000333,0.000328,0.000092,0.327804
swap_dynv2,16,1024,16777216,0.326753,0.000000,0.000017,0.000769,0.000315,0.000315,0.000080,0.327053
swap_dynv2,16,1024,16777216,0.325961,0.000000,0.000017,0.000762,0.000334,0.000335,0.000066,0.327838
swap_dynv2,16,1024,16777216,0.327432,0.000000,0.000014,0.000778,0.000331,0.000326,0.000078,0.327263
swap_dynv2,16,1024,16777216,0.327345,0.000000,0.000018,0.000789,0.000358,0.000325,0.000098,0.329487
swap_dynv2,16,1024,16777216,0.327561,0.000000,0.000014,0.000788,0.000344,0.000343,0.000074,0.328089
swap_dynv2,16,1024,16777216,0.326165,0.000000,0.000017,0.000778,0.000348,0.000345,0.000069,0.327772
swap_dynv2,16,1024,16777216,0.326031,0.000000,0.000019,0.000775,0.000350,0.000312,0.000082,0.325342
swap_dynv2,16,1024,16777216,0.325962,0.000000,0.000018,0.000791,0.000340,0.000333,0.000104,0.326782
swap_dynv2,16,1024,16777216,0.327036,0.000000,0.000018,0.000891,0.000396,0.000332,0.000083,0.327287
swap_dynv2,16,1024,16777216,0.327056,0.000000,0.000017,0.000780,0.000339,0.000340,0.000073,0.326922
swap_dynv2,16,1024,16777216,0.326576,0.000000,0.000016,0.000777,0.000325,0.000351,0.000080,0.326581
swap_dynv2,16,1024,16777216,0.327298,0.000000,0.000018,0.000776,0.000336,0.000345,0.000079,0.328118
swap_dynv2,16,1024,16777216,0.326623,0.000000,0.000019,0.000816,0.000340,0.000350,0.000069,0.326356
swap_dynv2,16,1024,16777216,0.327155,0.000000,0.000016,0.000778,0.000337,0.000351,0.000067,0.325861
swap_dynv2,16,1024,16777216,0.326508,0.000000,0.000015,0.000784,0.000336,0.000343,0.000071,0.326052
swap_dynv2,16,1024,16777216,0.327297,0.000000,0.000020,0.000785,0.000346,0.000330,0.000073,0.327839
swap_dynv2,16,1024,16777216,0.326866,0.000000,0.000018,0.000786,0.000352,0.000324,0.000090,0.327617
swap_dynv2,16,1024,16777216,0.326907,0.000000,0.000019,0.000780,0.000354,0.000325,0.000091,0.328572
swap_dynv2,16,1024,16777216,0.326571,0.000000,0.000016,0.000804,0.000335,0.000321,0.000079,0.328314
swap_dynv2,16,1024,16777216,0.327564,0.000000,0.000017,0.000776,0.000347,0.000336,0.000077,0.326664
swap_dynv2,16,1024,16777216,0.326833,0.000000,0.000016,0.000779,0.000318,0.000312,0.000089,0.330581
swap_dynv2,16,1024,16777216,0.326840,0.000000,0.000014,0.000787,0.000332,0.000334,0.000087,0.327287
swap_dynv2,16,1024,16777216,0.330018,0.000000,0.000016,0.000779,0.000333,0.000325,0.000082,0.327082
swap_dynv2,16,1024,16777216,0.329913,0.000000,0.000018,0.000783,0.000353,0.000330,0.000099,0.327744
swap_dynv2,16,1024,16777216,0.327444,0.000000,0.000017,0.000774,0.000337,0.000353,0.000150,0.326679
swap_dynv2,16,1024,16777216,0.326694,0.000000,0.000018,0.000822,0.000350,0.000316,0.000076,0.328233
swap_dynv2,16,1024,16777216,0.326208,0.000000,0.000016,0.000799,0.000345,0.000346,0.000070,0.328069
swap_dynv2,16,1024,16777216,0.326536,0.000000,0.000017,0.000778,0.000329,0.000354,0.000068,0.328087
swap_dynv2,16,1024,16777216,0.326778,0.000000,0.000017,0.000799,0.000348,0.000366,0.000068,0.327671
swap_dynv2,16,1024,16777216,0.326320,0.000000,0.000018,0.000784,0.000363,0.000374,0.000078,0.326215
swap_dynv2,16,1024,16777216,0.325891,0.000000,0.000024,0.000777,0.000350,0.000319,0.000103,0.326311
swap_dynv2,16,1024,16777216,0.326457,0.000000,0.000018,0.000775,0.000356,0.000317,0.000084,0.331694
swap_dynv2,16,1024,16777216,0.326857,0.000000,0.000015,0.000778,0.000353,0.000325,0.000086,0.326321
swap_dynv2,16,1024,16777216,0.326821,0.000000,0.000017,0.000782,0.000350,0.000326,0.000080,0.326347
swap_dynv2,16,1024,16777216,0.326775,0.000000,0.000017,0.000770,0.000344,0.000351,0.000069,0.327758
swap_dynv2,16,1024,16777216,0.327152,0.000000,0.000017,0.000791,0.000340,0.000354,0.000096,0.328583
swap_dynv2,16,1024,16777216,0.329082,0.000000,0.000018,0.000779,0.000337,0.000343,0.000077,0.326117
swap_dynv2,16,1024,16777216,0.328372,0.000000,0.000019,0.000803,0.000346,0.000334,0.000087,0.328272
swap_dynv2,16,1024,16777216,0.328037,0.000000,0.000018,0.000780,0.000348,0.000336,0.000091,0.328237
swap_dynv2,16,1024,16777216,0.327697,0.000000,0.000017,0.000781,0.000338,0.000314,0.000073,0.327396
swap_dynv2,16,1024,16777216,0.326703,0.000000,0.000019,0.000799,0.000351,0.000344,0.000079,0.327026
swap_dynv2,16,1024,16777216,0.328332,0.000000,0.000019,0.000787,0.000333,0.000323,0.000083,0.330278
swap_dynv2,16,1024,16777216,0.327735,0.000000,0.000019,0.000822,0.000347,0.000361,0.000080,0.329108
swap_dynv2,16,1024,16777216,0.327603,0.000000,0.000019,0.000786,0.000359,0.000360,0.000074,0.326854
swap_dynv2,16,1024,16777216,0.328574,0.000000,0.000017,0.000766,0.000345,0.000334,0.000071,0.328899
swap_dynv2,16,1024,16777216,0.329081,0.000000,0.000017,0.000769,0.000351,0.000336,0.000077,0.332636
swap_dynv2,16,1024,16777216,0.330983,0.000000,0.000019,0.000772,0.000358,0.000325,0.000071,0.330459
swap_dynv2,16,1024,16777216,0.330850,0.000000,0.000017,0.000775,0.000333,0.000341,0.000076,0.328502
swap_static,32,64,64,0.000665,0.000000,0.000000,0.000196,0.000527,0.000282,0.000113,0.000236
swap_static,32,64,64,0.000620,0.000000,0.000000,0.000184,0.000497,0.000238,0.000112,0.000257
swap_static,32,64,64,0.000609,0.000000,0.000000,0.000179,0.000492,0.000239,0.000097,0.000252
swap_static,32,64,64,0.000619,0.000000,0.000000,0.000214,0.000522,0.000269,0.000123,0.000245
swap_static,32,64,64,0.000618,0.000000,0.000000,0.000180,0.000492,0.000254,0.000090,0.000239
swap_static,32,64,64,0.000672,0.000000,0.000000,0.000208,0.000522,0.000334,0.000092,0.000267
swap_static,32,64,64,0.000630,0.000000,0.000000,0.000182,0.000505,0.000272,0.000117,0.000223
swap_static,32,64,64,0.000606,0.000000,0.000000,0.000196,0.000479,0.000250,0.000193,0.000224
swap_static,32,64,64,0.000615,0.000000,0.000000,0.000179,0.000483,0.000228,0.000132,0.000199
swap_static,32,64,64,0.000689,0.000000,0.000000,0.000183,0.000605,0.000261,0.000096,0.000257
swap_static,32,64,64,0.000644,0.000000,0.000000,0.000206,0.000524,0.000266,0.000092,0.000226
swap_static,32,64,64,0.000625,0.000000,0.000000,0.000217,0.000527,0.000255,0.000139,0.000216
swap_static,32,64,64,0.000610,0.000000,0.000000,0.000178,0.000555,0.000230,0.000094,0.000240
swap_static,32,64,64,0.000633,0.000000,0.000000,0.000184,0.000486,0.000231,0.000093,0.000233
swap_static,32,64,64,0.000601,0.000000,0.000000,0.000179,0.000481,0.000236,0.000103,0.000245
swap_static,32,64,64,0.000604,0.000000,0.000000,0.000180,0.000490,0.000226,0.000094,0.000240
swap_static,32,64,64,0.000604,0.000000,0.000000,0.000181,0.000491,0.000237,0.000088,0.000726
swap_static,32,64,64,0.000774,0.000000,0.000000,0.000207,0.000545,0.000262,0.000114,0.000320
swap_static,32,64,64,0.000563,0.000000,0.000000,0.000175,0.000486,0.000235,0.000198,0.000182
swap_static,32,64,64,0.000671,0.000000,0.000000,0.000203,0.000519,0.000242,0.000099,0.000233
swap_static,32,64,64,0.001032,0.000000,0.000000,0.000205,0.000521,0.000249,0.000113,0.000226
swap_static,32,64,64,0.000618,0.000000,0.000000,0.000182,0.000492,0.000236,0.000104,0.000218
swap_static,32,64,64,0.000617,0.000000,0.000000,0.000181,0.000486,0.000245,0.000099,0.000218
swap_static,32,64,64,0.000631,0.000000,0.000000,0.000180,0.000490,0.000250,0.000094,0.000242
swap_static,32,64,64,0.000650,0.000000,0.000000,0.000182,0.000505,0.000255,0.000092,0.000266
swap_static,32,64,64,0.000621,0.000000,0.000000,0.000218,0.000488,0.000236,0.000097,0.000257
swap_static,32,64,64,0.000611,0.000000,0.000000,0.000179,0.000513,0.000222,0.000110,0.000211
swap_static,32,64,64,0.000640,0.000000,0.000000,0.000180,0.000500,0.000380,0.000104,0.000265
swap_static,32,64,64,0.000636,0.000000,0.000000,0.000180,0.000494,0.000252,0.000095,0.000224
swap_static,32,64,64,0.000621,0.000000,0.000000,0.000180,0.000489,0.000242,0.000145,0.000159
swap_static,32,64,64,0.000629,0.000000,0.000000,0.000176,0.000484,0.000239,0.000098,0.000246
swap_static,32,64,64,0.000615,0.000000,0.000000,0.000214,0.000487,0.000221,0.000095,0.000257
swap_static,32,64,64,0.000641,0.000000,0.000000,0.000201,0.000530,0.000247,0.000098,0.000207
swap_static,32,64,64,0.000609,0.000000,0.000000,0.000177,0.000490,0.000230,0.000109,0.000211
swap_static,32,64,64,0.000648,0.000000,0.000000,0.000177,0.000481,0.000240,0.000137,0.000165
swap_static,32,64,64,0.000654,0.000000,0.000000,0.000200,0.000580,0.000247,0.000103,0.000222
swap_static,32,64,64,0.000666,0.000000,0.000000,0.000174,0.000487,0.000229,0.000099,0.000229
swap_static,32,64,64,0.000608,0.000000,0.000000,0.000179,0.000501,0.000253,0.000098,0.000229
swap_static,32,64,64,0.000625,0.000000,0.000000,0.000176,0.000587,0.000235,0.000108,0.000246
swap_static,32,64,64,0.000626,0.000000,0.000000,0.000175,0.000601,0.000229,0.000125,0.000205
swap_static,32,64,64,0.000599,0.000000,0.000000,0.000179,0.000486,0.000243,0.000099,0.000215
swap_static,32,64,64,0.000611,0.000000,0.000000,0.000177,0.000504,0.000231,0.000094,0.000244
swap_static,32,64,64,0.000608,0.000000,0.000000,0.000178,0.000505,0.000235,0.000091,0.000252
swap_static,32,64,64,0.000588,0.000000,0.000000,0.000190,0.000483,0.000246,0.000091,0.000241
swap_static,32,64,64,0.000636,0.000000,0.000000,0.000204,0.000532,0.000252,0.000100,0.000228
swap_static,32,64,64,0.000635,0.000000,0.000000,0.000177,0.000475,0.000234,0.000149,0.000166
swap_static,32,64,64,0.000611,0.000000,0.000000,0.000231,0.000504,0.000246,0.000096,0.000299
swap_static,32,64,64,0.000623,0.000000,0.000000,0.000180,0.000546,0.000233,0.000104,0.000227
swap_static,32,64,64,0.000625,0.000000,0.000000,0.000199,0.000521,0.000249,0.000092,0.000232
swap_static,32,64,64,0.000615,0.000000,0.000000,0.000250,0.000525,0.000258,0.000195,0.000219
swap_static,32,64,64,0.000642,0.000000,0.000000,0.000199,0.000544,0.000251,0.000097,0.000219
swap_static,32,64,64,0.000614,0.000000,0.000000,0.000178,0.000493,0.000228,0.000092,0.000258
swap_static,32,64,64,0.000627,0.000000,0.000000,0.000176,0.000485,0.000233,0.000095,0.000238
swap_static,32,64,64,0.000632,0.000000,0.000000,0.000184,0.000488,0.000226,0.000097,0.000243
swap_static,32,64,64,0.000617,0.000000,0.000000,0.000179,0.000512,0.000242,0.000091,0.000225
swap_static,32,64,64,0.000614,0.000000,0.000000,0.000177,0.000486,0.000241,0.000091,0.000258
swap_static,32,64,64,0.000596,0.000000,0.000000,0.000177,0.000497,0.000225,0.000099,0.000223
swap_static,32,64,64,0.000658,0.000000,0.000000,0.000179,0.000531,0.000237,0.000091,0.000252
swap_static,32,64,64,0.000694,0.000000,0.000000,0.000201,0.000520,0.000253,0.000110,0.000251
swap_static,32,64,64,0.000602,0.000000,0.000000,0.000191,0.000540,0.000250,0.000101,0.000209
swap_static,32,64,64,0.000713,0.000000,0.000000,0.000197,0.000518,0.000246,0.000097,0.000228
swap_static,32,64,64,0.000612,0.000000,0.000000,0.000176,0.000488,0.000262,0.000094,0.000219
swap_static,32,64,64,0.000611,0.000000,0.000000,0.000204,0.000494,0.000226,0.000178,0.000175
swap_static,32,64,64,0.000626,0.000000,0.000000,0.000175,0.000485,0.000234,0.000146,0.000177
swap_static,32,64,64,0.000636,0.000000,0.000000,0.000176,0.000486,0.000230,0.000094,0.000212
swap_static,32,64,64,0.000632,0.000000,0.000000,0.000207,0.000518,0.000243,0.000095,0.000252
swap_static,32,64,64,0.000633,0.000000,0.000000,0.000177,0.000506,0.000239,0.000092,0.000249
swap_static,32,64,64,0.000610,0.000000,0.000000,0.000178,0.000502,0.000249,0.000121,0.000208
swap_static,32,64,64,0.000659,0.000000,0.000000,0.000183,0.000476,0.000235,0.000091,0.000259
swap_static,32,64,64,0.000620,0.000000,0.000000,0.000175,0.000513,0.000241,0.000100,0.000254
swap_static,32,64,64,0.000640,0.000000,0.000000,0.000178,0.000489,0.000247,0.000093,0.000247
swap_static,32,64,64,0.000604,0.000000,0.000000,0.000180,0.000481,0.000226,0.000097,0.000244
swap_static,32,64,64,0.000641,0.000000,0.000000,0.000179,0.000508,0.000224,0.000090,0.000248
swap_static,32,64,64,0.000591,0.000000,0.000000,0.000175,0.000490,0.000235,0.000133,0.000204
swap_static,32,64,64,0.000623,0.000000,0.000000,0.000179,0.000500,0.000219,0.000093,0.000253
swap_dynv2,32,64,64,0.000681,0.000000,0.000017,0.000186,0.000513,0.000288,0.000119,0.000259
swap_dynv2,32,64,64,0.000679,0.000000,0.000021,0.000178,0.000536,0.000256,0.000157,0.000182
swap_dynv2,32,64,64,0.000625,0.000000,0.000019,0.000173,0.000496,0.000264,0.000095,0.000250
swap_dynv2,32,64,64,0.000624,0.000000,0.000018,0.000167,0.000499,0.000272,0.000106,0.000247
swap_dynv2,32,64,64,0.000672,0.000000,0.000022,0.000201,0.000542,0.000276,0.000095,0.000247
swap_dynv2,32,64,64,0.000605,0.000000,0.000016,0.000176,0.000495,0.000267,0.000099,0.000229
swap_dynv2,32,64,64,0.000633,0.000000,0.000016,0.000187,0.000497,0.000243,0.000117,0.000240
swap_dynv2,32,64,64,0.000619,0.000000,0.000018,0.000197,0.000522,0.000246,0.000095,0.000261
swap_dynv2,32,64,64,0.000629,0.000000,0.000020,0.000176,0.000520,0.000250,0.000109,0.000214
swap_dynv2,32,64,64,0.000781,0.000000,0.000018,0.000195,0.000532,0.000261,0.000134,0.000218
swap_dynv2,32,64,64,0.000624,0.000000,0.000019,0.000173,0.000497,0.000238,0.000112,0.000252
swap_dynv2,32,64,64,0.000624,0.000000,0.000018,0.000194,0.000649,0.000260,0.000092,0.000281
swap_dynv2,32,64,64,0.000615,0.000000,0.000016,0.000173,0.000527,0.000229,0.000141,0.000182
swap_dynv2,32,64,64,0.000602,0.000000,0.000019,0.000173,0.000492,0.000263,0.000107,0.000254
swap_dynv2,32,64,64,0.000598,0.000000,0.000016,0.000175,0.000506,0.000236,0.000109,0.000231
swap_dynv2,32,64,64,0.000634,0.000000,0.000018,0.000203,0.000536,0.000252,0.000094,0.000230
swap_dynv2,32,64,64,0.000615,0.000000,0.000019,0.000172,0.000487,0.000248,0.000108,0.000204
swap_dynv2,32,64,64,0.000609,0.000000,0.000016,0.000175,0.000487,0.000236,0.000164,0.000168
swap_dynv2,32,64,64,0.000599,0.000000,0.000016,0.000172,0.000494,0.000241,0.000139,0.000167
swap_dynv2,32,64,64,0.000650,0.000000,0.000019,0.000175,0.000491,0.000253,0.000116,0.000246
swap_dynv2,32,64,64,0.000627,0.000000,0.000016,0.000175,0.000498,0.000253,0.000101,0.000247
swap_dynv2,32,64,64,0.000672,0.000000,0.000017,0.000182,0.000569,0.000259,0.000094,0.000259
swap_dynv2,32,64,64,0.000615,0.000000,0.000019,0.000172,0.000510,0.000253,0.000124,0.000224
swap_dynv2,32,64,64,0.000625,0.000000,0.000019,0.000209,0.000494,0.000271,0.000108,0.000220
swap_dynv2,32,64,64,0.000626,0.000000,0.000019,0.000173,0.000505,0.000243,0.000141,0.000164
swap_dynv2,32,64,64,0.000646,0.000000,0.000020,0.000171,0.000498,0.000295,0.000096,0.000220
swap_dynv2,32,64,64,0.000622,0.000000,0.000019,0.000175,0.000504,0.000250,0.000161,0.000183
swap_dynv2,32,64,64,0.000636,0.000000,0.000017,0.000175,0.000504,0.000245,0.000136,0.000167
swap_dynv2,32,64,64,0.000649,0.000000,0.000019,0.000172,0.000501,0.000239,0.000121,0.000180
swap_dynv2,32,64,64,0.000616,0.000000,0.000019,0.000175,0.000501,0.000242,0.000118,0.000258
swap_dynv2,32,64,64,0.000616,0.000000,0.000019,0.000185,0.000495,0.000248,0.000115,0.000237
swap_dynv2,32,64,64,0.000629,0.000000,0.000021,0.000193,0.000521,0.000245,0.000096,0.000224
swap_dynv2,32,64,64,0.000636,0.000000,0.000017,0.000178,0.000495,0.000252,0.000105,0.000226
swap_dynv2,32,64,64,0.000604,0.000000,0.000025,0.000171,0.000496,0.000246,0.000108,0.000233
swap_dynv2,32,64,64,0.000618,0.000000,0.000019,0.000180,0.000509,0.000241,0.000110,0.000332
swap_dynv2,32,64,64,0.000614,0.000000,0.000018,0.000174,0.000504,0.000258,0.000097,0.000204
swap_dynv2,32,64,64,0.000659,0.000000,0.000019,0.000174,0.000500,0.000297,0.000101,0.000241
swap_dynv2,32,64,64,0.000636,0.000000,0.000124,0.000184,0.000500,0.000268,0.000114,0.000199
swap_dynv2,32,64,64,0.000635,0.000000,0.000019,0.000226,0.000496,0.000288,0.000109,0.000312
swap_dynv2,32,64,64,0.000622,0.000000,0.000017,0.000180,0.000489,0.000244,0.000097,0.000218
swap_dynv2,32,64,64,0.000610,0.000000,0.000016,0.000177,0.000505,0.000251,0.000094,0.000243
swap_dynv2,32,64,64,0.000594,0.000000,0.000019,0.000181,0.000486,0.000239,0.000094,0.000253
swap_dynv2,32,64,64,0.000638,0.000000,0.000019,0.000175,0.000483,0.000230,0.000110,0.000253
swap_dynv2,32,64,64,0.000613,0.000000,0.000019,0.000172,0.000488,0.000244,0.000136,0.000205
swap_dynv2,32,64,64,0.000606,0.000000,0.000017,0.000218,0.000491,0.000295,0.000120,0.000247
swap_dynv2,32,64,64,0.000610,0.000000,0.000017,0.000179,0.000496,0.000245,0.000101,0.000189
swap_dynv2,32,64,64,0.000737,0.000000,0.000021,0.000196,0.000525,0.000265,0.000116,0.000257
swap_dynv2,32,64,64,0.000618,0.000000,0.000019,0.000174,0.000491,0.000246,0.000157,0.000190
swap_dynv2,32,64,64,0.000619,0.000000,0.000018,0.000203,0.000544,0.000256,0.000385,0.000001
swap_dynv2,32,64,64,0.000616,0.000000,0.000019,0.000177,0.000504,0.000237,0.000102,0.000215
swap_dynv2,32,64,64,0.000662,0.000000,0.000018,0.000178,0.000496,0.000241,0.000105,0.000237
swap_dynv2,32,64,64,0.000603,0.000000,0.000017,0.000180,0.000507,0.000254,0.000108,0.000221
swap_dynv2,32,64,64,0.000618,0.000000,0.000019,0.000174,0.000608,0.000240,0.000102,0.000250
swap_dynv2,32,64,64,0.000630,0.000000,0.000019,0.000174,0.000489,0.000239,0.000152,0.000194
swap_dynv2,32,64,64,0.000624,0.000000,0.000016,0.000184,0.000484,0.000225,0.000119,0.000202
swap_dynv2,32,64,64,0.000655,0.000000,0.000019,0.000179,0.000495,0.000246,0.000093,0.000245
swap_dynv2,32,64,64,0.000591,0.000000,0.000019,0.000178,0.000503,0.000252,0.000103,0.000252
swap_dynv2,32,64,64,0.000592,0.000000,0.000016,0.000189,0.000490,0.000240,0.000112,0.000261
swap_dynv2,32,64,64,0.000631,0.000000,0.000018,0.000180,0.000505,0.000239,0.000105,0.000233
swap_dynv2,32,64,64,0.000603,0.000000,0.000017,0.000183,0.000499,0.000253,0.000115,0.000245
swap_dynv2,32,64,64,0.000617,0.000000,0.000016,0.000178,0.000492,0.000231,0.000134,0.000201
swap_dynv2,32,64,64,0.000632,0.000000,0.000018,0.000201,0.000533,0.000238,0.000093,0.000246
swap_dynv2,32,64,64,0.000660,0.000000,0.000021,0.000192,0.000528,0.000245,0.000181,0.000169
swap_dynv2,32,64,64,0.000640,0.000000,0.000018,0.000202,0.000511,0.000251,0.000098,0.000225
swap_dynv2,32,64,64,0.000604,0.000000,0.000016,0.000178,0.000494,0.000237,0.000136,0.000207
swap_dynv2,32,64,64,0.000597,0.000000,0.000020,0.000184,0.000501,0.000238,0.000110,0.000249
swap_dynv2,32,64,64,0.000640,0.000000,0.000016,0.000184,0.000510,0.000238,0.000158,0.000162
swap_dynv2,32,64,64,0.000657,0.000000,0.000017,0.000188,0.000487,0.000254,0.000115,0.000212
swap_dynv2,32,64,64,0.000604,0.000000,0.000016,0.000188,0.000493,0.000247,0.000136,0.000225
swap_dynv2,32,64,64,0.000677,0.000000,0.000020,0.000178,0.000506,0.000232,0.000096,0.000223
swap_dynv2,32,64,64,0.000634,0.000000,0.000016,0.000179,0.000498,0.000261,0.000107,0.000232
swap_dynv2,32,64,64,0.000645,0.000000,0.000019,0.000201,0.000513,0.000251,0.000103,0.000242
swap_dynv2,32,64,64,0.000631,0.000000,0.000021,0.000199,0.000536,0.000262,0.000100,0.000217
swap_dynv2,32,64,64,0.000665,0.000000,0.000017,0.000181,0.000501,0.000237,0.000141,0.000193
swap_dynv2,32,64,64,0.000644,0.000000,0.000021,0.000196,0.000519,0.000256,0.000101,0.000249
swap_static,32,64,4096,0.001348,0.000000,0.000000,0.000214,0.000529,0.000276,0.000113,0.000664
swap_static,32,64,4096,0.001136,0.000000,0.000000,0.000209,0.000498,0.000257,0.000128,0.000688
swap_static,32,64,4096,0.001268,0.000000,0.000000,0.000200,0.000518,0.000318,0.000103,0.000690
swap_static,32,64,4096,0.001148,0.000000,0.000000,0.000202,0.000489,0.000250,0.000093,0.000733
swap_static,32,64,4096,0.001291,0.000000,0.000000,0.000206,0.000515,0.000239,0.000158,0.000754
swap_static,32,64,4096,0.001282,0.000000,0.000000,0.000204,0.000523,0.000252,0.000123,0.000982
swap_static,32,64,4096,0.001749,0.000000,0.000000,0.000203,0.000502,0.000246,0.000143,0.001061
swap_static,32,64,4096,0.001284,0.000000,0.000000,0.000189,0.000568,0.000244,0.000102,0.000712
swap_static,32,64,4096,0.001260,0.000000,0.000000,0.000189,0.000503,0.000245,0.000099,0.000825
swap_static,32,64,4096,0.001333,0.000000,0.000000,0.000280,0.000499,0.000226,0.000104,0.001124
swap_static,32,64,4096,0.001337,0.000000,0.000000,0.000189,0.000526,0.000239,0.000098,0.001071
swap_static,32,64,4096,0.001292,0.000000,0.000000,0.000198,0.000490,0.000252,0.000132,0.000644
swap_static,32,64,4096,0.001318,0.000000,0.000000,0.000264,0.000534,0.000273,0.000139,0.000700
swap_static,32,64,4096,0.001302,0.000000,0.000000,0.000193,0.000497,0.000258,0.000143,0.000608
swap_static,32,64,4096,0.001300,0.000000,0.000000,0.000194,0.000510,0.000257,0.000106,0.001084
swap_static,32,64,4096,0.001365,0.000000,0.000000,0.000204,0.000534,0.000281,0.000106,0.001109
swap_static,32,64,4096,0.001347,0.000000,0.000000,0.000193,0.000537,0.000280,0.000103,0.000766
swap_static,32,64,4096,0.001301,0.000000,0.000000,0.000187,0.000517,0.000257,0.000222,0.000714
swap_static,32,64,4096,0.001342,0.000000,0.000000,0.000196,0.000567,0.000306,0.000130,0.001125
swap_static,32,64,4096,0.001340,0.000000,0.000000,0.000205,0.000714,0.000293,0.000110,0.000742
swap_static,32,64,4096,0.001344,0.000000,0.000000,0.000191,0.000519,0.000292,0.000106,0.001124
swap_static,32,64,4096,0.001315,0.000000,0.000000,0.000200,0.000549,0.000274,0.000102,0.000785
swap_static,32,64,4096,0.001319,0.000000,0.000000,0.000186,0.000506,0.000265,0.000105,0.000705
swap_static,32,64,4096,0.001350,0.000000,0.000000,0.000210,0.000547,0.000268,0.000109,0.000718
swap_static,32,64,4096,0.001358,0.000000,0.000000,0.000200,0.000522,0.000262,0.000096,0.000810
swap_static,32,64,4096,0.001319,0.000000,0.000000,0.000196,0.000501,0.000243,0.000104,0.001141
swap_static,32,64,4096,0.001181,0.000000,0.000000,0.000234,0.000547,0.000256,0.000100,0.001099
swap_static,32,64,4096,0.001361,0.000000,0.000000,0.000195,0.000527,0.000267,0.000099,0.000727
swap_static,32,64,4096,0.001300,0.000000,0.000000,0.000198,0.000531,0.000274,0.000091,0.000764
swap_static,32,64,4096,0.001310,0.000000,0.000000,0.000189,0.000522,0.000242,0.000090,0.000895
swap_static,32,64,4096,0.001400,0.000000,0.000000,0.000193,0.000518,0.000261,0.000117,0.001124
swap_static,32,64,4096,0.001323,0.000000,0.000000,0.000201,0.000529,0.000282,0.000114,0.000753
swap_static,32,64,4096,0.001317,0.000000,0.000000,0.000190,0.000519,0.000262,0.000109,0.001066
swap_static,32,64,4096,0.001386,0.000000,0.000000,0.000192,0.000724,0.000282,0.000140,0.000711
swap_static,32,64,4096,0.001362,0.000000,0.000000,0.000198,0.000563,0.000305,0.000118,0.000631
swap_static,32,64,4096,0.001341,0.000000,0.000000,0.000186,0.000536,0.000280,0.000106,0.000708
swap_static,32,64,4096,0.001285,0.000000,0.000000,0.000195,0.000585,0.000258,0.000096,0.000654
swap_static,32,64,4096,0.001322,0.000000,0.000000,0.000202,0.000538,0.000258,0.000104,0.000711
swap_static,32,64,4096,0.001308,0.000000,0.000000,0.000192,0.000509,0.000250,0.000145,0.001142
swap_static,32,64,4096,0.001303,0.000000,0.000000,0.000187,0.000656,0.000242,0.000101,0.001082
swap_static,32,64,4096,0.001316,0.000000,0.000000,0.000199,0.000526,0.000255,0.000099,0.001207
swap_static,32,64,4096,0.001293,0.000000,0.000000,0.000193,0.000517,0.000257,0.000107,0.001134
swap_static,32,64,4096,0.001285,0.000000,0.000000,0.000198,0.000512,0.000238,0.000106,0.000728
swap_static,32,64,4096,0.001145,0.000000,0.000000,0.000198,0.000506,0.000256,0.000100,0.000724
swap_static,32,64,4096,0.001329,0.000000,0.000000,0.000189,0.000516,0.000258,0.000115,0.000701
swap_static,32,64,4096,0.001309,0.000000,0.000000,0.000190,0.000520,0.000346,0.000110,0.000807
swap_static,32,64,4096,0.001266,0.000000,0.000000,0.000197,0.000501,0.000235,0.000098,0.001121
swap_static,32,64,4096,0.001132,0.000000,0.000000,0.000182,0.000506,0.000236,0.000092,0.001193
swap_static,32,64,4096,0.001350,0.000000,0.000000,0.000199,0.000610,0.000275,0.000119,0.001106
swap_static,32,64,4096,0.001300,0.000000,0.000000,0.000182,0.000522,0.000246,0.000099,0.000686
swap_static,32,64,4096,0.001284,0.000000,0.000000,0.000190,0.000512,0.000239,0.000102,0.000697
swap_static,32,64,4096,0.001317,0.000000,0.000000,0.000185,0.000518,0.000246,0.000103,0.001143
swap_static,32,64,4096,0.001292,0.000000,0.000000,0.000186,0.000515,0.000240,0.000108,0.001137
swap_static,32,64,4096,0.001156,0.000000,0.000000,0.000187,0.000538,0.000261,0.000100,0.000712
swap_static,32,64,4096,0.001413,0.000000,0.000000,0.000196,0.000495,0.000233,0.000103,0.000713
swap_static,32,64,4096,0.001339,0.000000,0.000000,0.000192,0.000539,0.000261,0.000096,0.000708
swap_static,32,64,4096,0.001304,0.000000,0.000000,0.000197,0.000533,0.000257,0.000095,0.000812
swap_static,32,64,4096,0.001266,0.000000,0.000000,0.000193,0.000532,0.000254,0.000132,0.000682
swap_static,32,64,4096,0.001280,0.000000,0.000000,0.000239,0.000525,0.000254,0.000094,0.000709
swap_static,32,64,4096,0.001263,0.000000,0.000000,0.000191,0.000515,0.000246,0.000113,0.001131
swap_static,32,64,4096,0.001312,0.000000,0.000000,0.000194,0.000526,0.000248,0.000097,0.000701
swap_static,32,64,4096,0.001291,0.000000,0.000000,0.000181,0.000583,0.000244,0.000105,0.000723
swap_static,32,64,4096,0.001277,0.000000,0.000000,0.000191,0.000497,0.000244,0.000094,0.000683
swap_static,32,64,4096,0.001252,0.000000,0.000000,0.000196,0.000501,0.000256,0.000119,0.000661
swap_static,32,64,4096,0.001354,0.000000,0.000000,0.000194,0.000530,0.000268,0.000100,0.001061
swap_static,32,64,4096,0.001272,0.000000,0.000000,0.000183,0.000506,0.000252,0.000097,0.000799
swap_static,32,64,4096,0.001126,0.000000,0.000000,0.000201,0.000493,0.000235,0.000090,0.000737
swap_static,32,64,4096,0.001273,0.000000,0.000000,0.000255,0.000499,0.000241,0.000111,0.001150
swap_static,32,64,4096,0.001281,0.000000,0.000000,0.000190,0.000502,0.000241,0.000108,0.000924
swap_static,32,64,4096,0.001302,0.000000,0.000000,0.000184,0.000503,0.000250,0.000107,0.000807
swap_static,32,64,4096,0.001304,0.000000,0.000000,0.000185,0.000505,0.000260,0.000110,0.001093
swap_static,32,64,4096,0.001272,0.000000,0.000000,0.000187,0.000511,0.000231,0.000105,0.001110
swap_static,32,64,4096,0.001312,0.000000,0.000000,0.000202,0.000495,0.000236,0.000228,0.000685
swap_static,32,64,4096,0.001288,0.000000,0.000000,0.000195,0.000521,0.000247,0.000106,0.000690
swap_static,32,64,4096,0.001300,0.000000,0.000000,0.000189,0.000503,0.000240,0.000107,0.001140
swap_dynv2,32,64,4096,0.001414,0.000000,0.000018,0.000198,0.000515,0.000297,0.000122,0.000998
swap_dynv2,32,64,4096,0.001324,0.000000,0.000021,0.000199,0.000551,0.000265,0.000110,0.001089
swap_dynv2,32,64,4096,0.001305,0.000000,0.000019,0.000188,0.000528,0.000262,0.000099,0.000665
swap_dynv2,32,64,4096,0.001292,0.000000,0.000020,0.000175,0.000508,0.000250,0.000100,0.000715
swap_dynv2,32,64,4096,0.001317,0.000000,0.000018,0.000198,0.000553,0.000260,0.000100,0.000711
swap_dynv2,32,64,4096,0.001290,0.000000,0.000017,0.000186,0.000517,0.000245,0.000101,0.000713
swap_dynv2,32,64,4096,0.001278,0.000000,0.000020,0.000184,0.000502,0.000245,0.000094,0.000850
swap_dynv2,32,64,4096,0.001237,0.000000,0.000016,0.000182,0.000529,0.000235,0.000098,0.001081
swap_dynv2,32,64,4096,0.001302,0.000000,0.000020,0.000190,0.000530,0.000262,0.000095,0.000715
swap_dynv2,32,64,4096,0.001283,0.000000,0.000016,0.000192,0.000517,0.000249,0.000092,0.000715
swap_dynv2,32,64,4096,0.001332,0.000000,0.000017,0.000184,0.000559,0.000237,0.000096,0.000702
swap_dynv2,32,64,4096,0.001319,0.000000,0.000018,0.000187,0.000541,0.000240,0.000105,0.000704
swap_dynv2,32,64,4096,0.001288,0.000000,0.000022,0.000195,0.000528,0.000246,0.000093,0.000711
swap_dynv2,32,64,4096,0.001305,0.000000,0.000018,0.000250,0.000555,0.000324,0.000106,0.000705
swap_dynv2,32,64,4096,0.001298,0.000000,0.000018,0.000188,0.000538,0.000246,0.000097,0.001109
swap_dynv2,32,64,4096,0.001285,0.000000,0.000021,0.000201,0.000523,0.000246,0.000099,0.000716
swap_dynv2,32,64,4096,0.001326,0.000000,0.000017,0.000183,0.000526,0.000248,0.000169,0.000689
swap_dynv2,32,64,4096,0.001289,0.000000,0.000016,0.000178,0.000507,0.000246,0.000094,0.000696
swap_dynv2,32,64,4096,0.001286,0.000000,0.000017,0.000191,0.000511,0.000238,0.000095,0.000731
swap_dynv2,32,64,4096,0.001293,0.000000,0.000020,0.000185,0.000531,0.000243,0.000117,0.000711
swap_dynv2,32,64,4096,0.001287,0.000000,0.000016,0.000191,0.000523,0.000248,0.000116,0.000710
swap_dynv2,32,64,4096,0.001289,0.000000,0.000019,0.000192,0.000547,0.000248,0.000094,0.000719
swap_dynv2,32,64,4096,0.001305,0.000000,0.000016,0.000198,0.000506,0.000231,0.000122,0.000671
swap_dynv2,32,64,4096,0.001289,0.000000,0.000023,0.000187,0.000498,0.000230,0.000110,0.001091
swap_dynv2,32,64,4096,0.001300,0.000000,0.000020,0.000188,0.000510,0.000246,0.000096,0.000719
swap_dynv2,32,64,4096,0.001264,0.000000,0.000016,0.000190,0.000525,0.000242,0.000100,0.000783
swap_dynv2,32,64,4096,0.001275,0.000000,0.000016,0.000194,0.000534,0.000250,0.000097,0.000711
swap_dynv2,32,64,4096,0.001347,0.000000,0.000019,0.000193,0.000519,0.000243,0.000104,0.000697
swap_dynv2,32,64,4096,0.001300,0.000000,0.000017,0.000190,0.000509,0.000251,0.000095,0.000717
swap_dynv2,32,64,4096,0.001290,0.000000,0.000018,0.000198,0.000529,0.000257,0.000096,0.000720
swap_dynv2,32,64,4096,0.001284,0.000000,0.000017,0.000185,0.000527,0.000242,0.000096,0.000714
swap_dynv2,32,64,4096,0.001278,0.000000,0.000020,0.000194,0.000590,0.000252,0.000100,0.000642
swap_dynv2,32,64,4096,0.001134,0.000000,0.000016,0.000196,0.000494,0.000236,0.000129,0.000701
swap_dynv2,32,64,4096,0.001336,0.000000,0.000016,0.000189,0.000521,0.000232,0.000100,0.000727
swap_dynv2,32,64,4096,0.001275,0.000000,0.000018,0.000204,0.000533,0.000238,0.000151,0.000776
swap_dynv2,32,64,4096,0.001315,0.000000,0.000021,0.000186,0.000533,0.000255,0.000127,0.000783
swap_dynv2,32,64,4096,0.001089,0.000000,0.000017,0.000178,0.000513,0.000246,0.000098,0.000706
swap_dynv2,32,64,4096,0.001329,0.000000,0.000016,0.000188,0.000509,0.000236,0.000099,0.001107
swap_dynv2,32,64,4096,0.001310,0.000000,0.000016,0.000195,0.000505,0.000230,0.000093,0.000721
swap_dynv2,32,64,4096,0.001339,0.000000,0.000021,0.000189,0.000544,0.000279,0.000120,0.000634
swap_dynv2,32,64,4096,0.001319,0.000000,0.000019,0.000192,0.000535,0.000322,0.000099,0.000947
swap_dynv2,32,64,4096,0.001314,0.000000,0.000016,0.000195,0.000516,0.000234,0.000099,0.001110
swap_dynv2,32,64,4096,0.001380,0.000000,0.000016,0.000194,0.000512,0.000244,0.000097,0.001077
swap_dynv2,32,64,4096,0.001280,0.000000,0.000020,0.000190,0.000547,0.000245,0.000097,0.001104
swap_dynv2,32,64,4096,0.001273,0.000000,0.000017,0.000179,0.000501,0.000246,0.000121,0.001100
swap_dynv2,32,64,4096,0.001203,0.000000,0.000016,0.000200,0.000513,0.000243,0.000096,0.000733
swap_dynv2,32,64,4096,0.001246,0.000000,0.000018,0.000189,0.000536,0.000250,0.000090,0.000703
swap_dynv2,32,64,4096,0.001124,0.000000,0.000016,0.000200,0.000502,0.000225,0.000095,0.000721
swap_dynv2,32,64,4096,0.001283,0.000000,0.000019,0.000185,0.000506,0.000232,0.000117,0.000710
swap_dynv2,32,64,4096,0.001296,0.000000,0.000016,0.000198,0.000516,0.000254,0.000097,0.000812
swap_dynv2,32,64,4096,0.001290,0.000000,0.000017,0.000197,0.000507,0.000232,0.000115,0.001066
swap_dynv2,32,64,4096,0.001345,0.000000,0.000018,0.000204,0.000548,0.000243,0.000100,0.000710
swap_dynv2,32,64,4096,0.001264,0.000000,0.000019,0.000189,0.000503,0.000244,0.000093,0.001125
swap_dynv2,32,64,4096,0.001334,0.000000,0.000016,0.000196,0.000511,0.000247,0.000096,0.000720
swap_dynv2,32,64,4096,0.001313,0.000000,0.000018,0.000199,0.000550,0.000247,0.000099,0.000729
swap_dynv2,32,64,4096,0.001278,0.000000,0.000017,0.000188,0.000529,0.000241,0.000098,0.000768
swap_dynv2,32,64,4096,0.001273,0.000000,0.000016,0.000339,0.000511,0.000231,0.000102,0.000719
swap_dynv2,32,64,4096,0.001283,0.000000,0.000021,0.000196,0.000525,0.000257,0.000097,0.000695
swap_dynv2,32,64,4096,0.001314,0.000000,0.000017,0.000188,0.000506,0.000250,0.000128,0.000700
swap_dynv2,32,64,4096,0.001317,0.000000,0.000018,0.000198,0.000554,0.000248,0.000106,0.000715
swap_dynv2,32,64,4096,0.001303,0.000000,0.000017,0.000190,0.000527,0.000240,0.000100,0.000713
swap_dynv2,32,64,4096,0.001314,0.000000,0.000021,0.000210,0.000535,0.000255,0.000094,0.000710
swap_dynv2,32,64,4096,0.001261,0.000000,0.000017,0.000214,0.000515,0.000246,0.000120,0.000638
swap_dynv2,32,64,4096,0.001077,0.000000,0.000016,0.000178,0.000511,0.000241,0.000102,0.000848
swap_dynv2,32,64,4096,0.001318,0.000000,0.000018,0.000202,0.000541,0.000259,0.000100,0.000717
swap_dynv2,32,64,4096,0.001339,0.000000,0.000020,0.000191,0.000526,0.000238,0.000093,0.000690
swap_dynv2,32,64,4096,0.001292,0.000000,0.000018,0.000196,0.000598,0.000257,0.000096,0.000736
swap_dynv2,32,64,4096,0.001299,0.000000,0.000016,0.000198,0.000517,0.000243,0.000098,0.000714
swap_dynv2,32,64,4096,0.001281,0.000000,0.000016,0.000190,0.000531,0.000241,0.000093,0.000713
swap_dynv2,32,64,4096,0.001295,0.000000,0.000022,0.000217,0.000543,0.000264,0.000142,0.000693
swap_dynv2,32,64,4096,0.001309,0.000000,0.000017,0.000198,0.000554,0.000255,0.000092,0.001089
swap_dynv2,32,64,4096,0.001297,0.000000,0.000020,0.000189,0.000527,0.000231,0.000099,0.001077
swap_dynv2,32,64,4096,0.001383,0.000000,0.000018,0.000193,0.000534,0.000261,0.000098,0.001121
swap_dynv2,32,64,4096,0.001365,0.000000,0.000017,0.000202,0.000540,0.000313,0.000103,0.000689
swap_dynv2,32,64,4096,0.001273,0.000000,0.000018,0.000187,0.000537,0.000255,0.000098,0.000718
swap_static,32,64,262144,0.008507,0.000000,0.000000,0.000208,0.000538,0.000375,0.001716,0.006310
swap_static,32,64,262144,0.008522,0.000000,0.000000,0.000197,0.000536,0.000278,0.000123,0.007701
swap_static,32,64,262144,0.008527,0.000000,0.000000,0.000197,0.000550,0.000270,0.000093,0.009419
swap_static,32,64,262144,0.008422,0.000000,0.000000,0.000199,0.000539,0.000249,0.000094,0.007851
swap_static,32,64,262144,0.008436,0.000000,0.000000,0.000204,0.000538,0.000268,0.000118,0.010108
swap_static,32,64,262144,0.008500,0.000000,0.000000,0.000199,0.000519,0.000257,0.000106,0.009204
swap_static,32,64,262144,0.008487,0.000000,0.000000,0.000192,0.000582,0.000258,0.000095,0.009427
swap_static,32,64,262144,0.008423,0.000000,0.000000,0.000191,0.000513,0.000246,0.000092,0.007998
swap_static,32,64,262144,0.008432,0.000000,0.000000,0.000193,0.000556,0.000272,0.000091,0.007843
swap_static,32,64,262144,0.008220,0.000000,0.000000,0.000193,0.000576,0.000253,0.000095,0.007923
swap_static,32,64,262144,0.008224,0.000000,0.000000,0.000203,0.000509,0.000251,0.000111,0.009480
swap_static,32,64,262144,0.008498,0.000000,0.000000,0.000193,0.000583,0.000259,0.000092,0.007995
swap_static,32,64,262144,0.008441,0.000000,0.000000,0.000196,0.000527,0.000286,0.000111,0.008538
swap_static,32,64,262144,0.008311,0.000000,0.000000,0.000206,0.000535,0.000270,0.000114,0.008287
swap_static,32,64,262144,0.008371,0.000000,0.000000,0.000191,0.000522,0.000260,0.000094,0.009257
swap_static,32,64,262144,0.008377,0.000000,0.000000,0.000201,0.000551,0.000267,0.000098,0.009326
swap_static,32,64,262144,0.008372,0.000000,0.000000,0.000200,0.000546,0.000257,0.000111,0.009424
swap_static,32,64,262144,0.008472,0.000000,0.000000,0.000197,0.000529,0.000307,0.000107,0.009359
swap_static,32,64,262144,0.008611,0.000000,0.000000,0.000197,0.000531,0.000270,0.000111,0.009124
swap_static,32,64,262144,0.008489,0.000000,0.000000,0.000196,0.000538,0.000271,0.000098,0.007954
swap_static,32,64,262144,0.008326,0.000000,0.000000,0.000204,0.000536,0.000254,0.000137,0.007825
swap_static,32,64,262144,0.008274,0.000000,0.000000,0.000204,0.000515,0.000251,0.000114,0.008613
swap_static,32,64,262144,0.008464,0.000000,0.000000,0.000236,0.000539,0.000248,0.000106,0.009241
swap_static,32,64,262144,0.008345,0.000000,0.000000,0.000194,0.000513,0.000247,0.000092,0.009121
swap_static,32,64,262144,0.008521,0.000000,0.000000,0.000205,0.000529,0.000247,0.000112,0.009578
swap_static,32,64,262144,0.008591,0.000000,0.000000,0.000203,0.000530,0.000281,0.000125,0.009100
swap_static,32,64,262144,0.008362,0.000000,0.000000,0.000195,0.000521,0.000256,0.000095,0.007568
swap_static,32,64,262144,0.008508,0.000000,0.000000,0.000198,0.000524,0.000298,0.000103,0.008038
swap_static,32,64,262144,0.008399,0.000000,0.000000,0.000198,0.000536,0.000255,0.000093,0.007890
swap_static,32,64,262144,0.008429,0.000000,0.000000,0.000204,0.000529,0.000259,0.000098,0.007716
swap_static,32,64,262144,0.008090,0.000000,0.000000,0.000193,0.000520,0.000254,0.000091,0.007663
swap_static,32,64,262144,0.008292,0.000000,0.000000,0.000201,0.000577,0.000256,0.000113,0.009653
swap_static,32,64,262144,0.008571,0.000000,0.000000,0.000217,0.000513,0.000267,0.000089,0.007868
swap_static,32,64,262144,0.008242,0.000000,0.000000,0.000209,0.000530,0.000280,0.000122,0.009410
swap_static,32,64,262144,0.008563,0.000000,0.000000,0.000197,0.000536,0.000282,0.000137,0.007925
swap_static,32,64,262144,0.008551,0.000000,0.000000,0.000188,0.000524,0.000258,0.000092,0.007700
swap_static,32,64,262144,0.008675,0.000000,0.000000,0.000202,0.000529,0.000256,0.000105,0.008612
swap_static,32,64,262144,0.008550,0.000000,0.000000,0.000201,0.000521,0.000336,0.000097,0.008115
swap_static,32,64,262144,0.008452,0.000000,0.000000,0.000197,0.000539,0.000264,0.000099,0.007885
swap_static,32,64,262144,0.008572,0.000000,0.000000,0.000196,0.000526,0.000271,0.000115,0.009524
swap_static,32,64,262144,0.008386,0.000000,0.000000,0.000199,0.000532,0.000267,0.000107,0.009317
swap_static,32,64,262144,0.008484,0.000000,0.000000,0.000187,0.000533,0.000267,0.000105,0.009286
swap_static,32,64,262144,0.008608,0.000000,0.000000,0.000201,0.000546,0.000294,0.000145,0.007989
swap_static,32,64,262144,0.008446,0.000000,0.000000,0.000199,0.000538,0.000287,0.000104,0.007661
swap_static,32,64,262144,0.008572,0.000000,0.000000,0.000197,0.000543,0.000266,0.000105,0.009413
swap_static,32,64,262144,0.008441,0.000000,0.000000,0.000198,0.000523,0.000271,0.000109,0.008383
swap_static,32,64,262144,0.008528,0.000000,0.000000,0.000194,0.000505,0.000264,0.000104,0.007694
swap_static,32,64,262144,0.008365,0.000000,0.000000,0.000198,0.000574,0.000282,0.000106,0.009249
swap_static,32,64,262144,0.008546,0.000000,0.000000,0.000200,0.000551,0.000285,0.000141,0.009506
swap_static,32,64,262144,0.008371,0.000000,0.000000,0.000197,0.000536,0.000252,0.000090,0.007465
swap_static,32,64,262144,0.008402,0.000000,0.000000,0.000191,0.000510,0.000252,0.000099,0.009257
swap_static,32,64,262144,0.008407,0.000000,0.000000,0.000197,0.000539,0.000263,0.000138,0.007940
swap_static,32,64,262144,0.008373,0.000000,0.000000,0.000199,0.000519,0.000249,0.000102,0.007708
swap_static,32,64,262144,0.008427,0.000000,0.000000,0.000196,0.000515,0.000265,0.000089,0.007866
swap_static,32,64,262144,0.008600,0.000000,0.000000,0.000196,0.000531,0.000266,0.000116,0.007725
swap_static,32,64,262144,0.008503,0.000000,0.000000,0.000186,0.000507,0.000268,0.000102,0.009008
swap_static,32,64,262144,0.008394,0.000000,0.000000,0.000191,0.000535,0.000258,0.000098,0.009387
swap_static,32,64,262144,0.008502,0.000000,0.000000,0.000196,0.000521,0.000272,0.000112,0.009161
swap_static,32,64,262144,0.008439,0.000000,0.000000,0.000203,0.000527,0.000252,0.000117,0.007989
swap_static,32,64,262144,0.008219,0.000000,0.000000,0.000196,0.000530,0.000270,0.000102,0.007782
swap_static,32,64,262144,0.008393,0.000000,0.000000,0.000191,0.000515,0.000266,0.000103,0.009295
swap_static,32,64,262144,0.008339,0.000000,0.000000,0.000191,0.000518,0.000250,0.000093,0.007784
swap_static,32,64,262144,0.008459,0.000000,0.000000,0.000190,0.000524,0.000248,0.000094,0.009576
swap_static,32,64,262144,0.008390,0.000000,0.000000,0.000191,0.000515,0.000274,0.000100,0.007731
swap_static,32,64,262144,0.009321,0.000000,0.000000,0.000192,0.000518,0.000259,0.000098,0.009067
swap_static,32,64,262144,0.008546,0.000000,0.000000,0.000202,0.000509,0.000252,0.000094,0.007822
swap_static,32,64,262144,0.008398,0.000000,0.000000,0.000203,0.000533,0.000253,0.000131,0.008732
swap_static,32,64,262144,0.008564,0.000000,0.000000,0.000189,0.000512,0.000253,0.000092,0.009199
swap_static,32,64,262144,0.008544,0.000000,0.000000,0.000195,0.000523,0.000262,0.000095,0.007921
swap_static,32,64,262144,0.008608,0.000000,0.000000,0.000193,0.000519,0.000267,0.000105,0.008299
swap_static,32,64,262144,0.008378,0.000000,0.000000,0.000194,0.000561,0.000253,0.000112,0.007759
swap_static,32,64,262144,0.008431,0.000000,0.000000,0.000195,0.000522,0.000269,0.000091,0.007844
swap_static,32,64,262144,0.008241,0.000000,0.000000,0.000190,0.000523,0.000247,0.000113,0.009295
swap_static,32,64,262144,0.008256,0.000000,0.000000,0.000191,0.000519,0.000268,0.000114,0.009364
swap_static,32,64,262144,0.008506,0.000000,0.000000,0.000197,0.000515,0.000257,0.000116,0.007747
swap_dynv2,32,64,262144,0.008581,0.000000,0.000018,0.000194,0.000523,0.000323,0.000119,0.007995
swap_dynv2,32,64,262144,0.008530,0.000000,0.000021,0.000183,0.000517,0.000288,0.000117,0.008196
swap_dynv2,32,64,262144,0.008480,0.000000,0.000020,0.000201,0.000492,0.000255,0.000096,0.007867
swap_dynv2,32,64,262144,0.008495,0.000000,0.000021,0.000191,0.000523,0.000263,0.000127,0.009341
swap_dynv2,32,64,262144,0.008347,0.000000,0.000018,0.000191,0.000523,0.000256,0.000107,0.007903
swap_dynv2,32,64,262144,0.008201,0.000000,0.000021,0.000192,0.000520,0.000257,0.000108,0.007938
swap_dynv2,32,64,262144,0.009504,0.000000,0.000017,0.000191,0.000965,0.000256,0.000100,0.007783
swap_dynv2,32,64,262144,0.008482,0.000000,0.000020,0.000245,0.000502,0.000255,0.000114,0.007864
swap_dynv2,32,64,262144,0.008295,0.000000,0.000017,0.000191,0.000506,0.000258,0.000095,0.007672
swap_dynv2,32,64,262144,0.008434,0.000000,0.000023,0.000199,0.000534,0.000304,0.000103,0.008030
swap_dynv2,32,64,262144,0.008638,0.000000,0.000018,0.000199,0.000513,0.000256,0.000095,0.007903
swap_dynv2,32,64,262144,0.008393,0.000000,0.000042,0.000186,0.000494,0.000244,0.000103,0.007857
swap_dynv2,32,64,262144,0.008622,0.000000,0.000021,0.000185,0.000502,0.000249,0.000092,0.007718
swap_dynv2,32,64,262144,0.008441,0.000000,0.000018,0.000196,0.000534,0.000255,0.000112,0.008050
swap_dynv2,32,64,262144,0.008360,0.000000,0.000018,0.000195,0.000502,0.000242,0.000103,0.007767
swap_dynv2,32,64,262144,0.008427,0.000000,0.000020,0.000216,0.000509,0.000260,0.000099,0.007920
swap_dynv2,32,64,262144,0.008315,0.000000,0.000019,0.000203,0.000530,0.000255,0.000110,0.007782
swap_dynv2,32,64,262144,0.008448,0.000000,0.000018,0.000195,0.000522,0.000251,0.000094,0.009291
swap_dynv2,32,64,262144,0.008370,0.000000,0.000018,0.000203,0.000519,0.000260,0.000098,0.007718
swap_dynv2,32,64,262144,0.008264,0.000000,0.000020,0.000197,0.000514,0.000253,0.000131,0.007769
swap_dynv2,32,64,262144,0.008418,0.000000,0.000018,0.000194,0.000514,0.000277,0.000116,0.007894
swap_dynv2,32,64,262144,0.008335,0.000000,0.000020,0.000205,0.000556,0.000291,0.000122,0.007819
swap_dynv2,32,64,262144,0.008679,0.000000,0.000018,0.000194,0.000527,0.000289,0.000100,0.007748
swap_dynv2,32,64,262144,0.008543,0.000000,0.000020,0.000203,0.000544,0.000287,0.000107,0.007889
swap_dynv2,32,64,262144,0.008132,0.000000,0.000018,0.000200,0.000542,0.000266,0.000108,0.007813
swap_dynv2,32,64,262144,0.008517,0.000000,0.000023,0.000195,0.000533,0.000296,0.000111,0.007904
swap_dynv2,32,64,262144,0.008438,0.000000,0.000017,0.000194,0.000525,0.000253,0.000131,0.008596
swap_dynv2,32,64,262144,0.008392,0.000000,0.000017,0.000196,0.000528,0.000253,0.000097,0.009312
swap_dynv2,32,64,262144,0.008368,0.000000,0.000017,0.000200,0.000518,0.000248,0.000112,0.007933
swap_dynv2,32,64,262144,0.008601,0.000000,0.000022,0.000191,0.000499,0.000259,0.000129,0.007536
swap_dynv2,32,64,262144,0.008410,0.000000,0.000018,0.000203,0.000514,0.000249,0.000114,0.009511
swap_dynv2,32,64,262144,0.008469,0.000000,0.000017,0.000233,0.000507,0.000248,0.000144,0.007931
swap_dynv2,32,64,262144,0.008539,0.000000,0.000020,0.000187,0.000548,0.000255,0.000109,0.009113
swap_dynv2,32,64,262144,0.008374,0.000000,0.000021,0.000201,0.000519,0.000258,0.000122,0.008392
swap_dynv2,32,64,262144,0.008486,0.000000,0.000021,0.000191,0.000524,0.000257,0.000098,0.009706
swap_dynv2,32,64,262144,0.008562,0.000000,0.000017,0.000199,0.000494,0.000239,0.000109,0.007922
swap_dynv2,32,64,262144,0.008592,0.000000,0.000018,0.000196,0.000559,0.000260,0.000107,0.008958
swap_dynv2,32,64,262144,0.008860,0.000000,0.000017,0.000195,0.000497,0.000252,0.000096,0.009415
swap_dynv2,32,64,262144,0.008550,0.000000,0.000076,0.000197,0.000517,0.000291,0.000109,0.009080
swap_dynv2,32,64,262144,0.008405,0.000000,0.000020,0.000195,0.000521,0.000253,0.000101,0.007923
swap_dynv2,32,64,262144,0.008618,0.000000,0.000080,0.000195,0.000508,0.000269,0.000095,0.009209
swap_dynv2,32,64,262144,0.008274,0.000000,0.000018,0.000192,0.000518,0.000261,0.000123,0.008909
swap_dynv2,32,64,262144,0.008244,0.000000,0.000017,0.000196,0.000509,0.000248,0.000113,0.007821
swap_dynv2,32,64,262144,0.008395,0.000000,0.000019,0.000196,0.000557,0.000259,0.000095,0.008759
swap_dynv2,32,64,262144,0.008549,0.000000,0.000018,0.000200,0.000501,0.000246,0.000118,0.007710
swap_dynv2,32,64,262144,0.008416,0.000000,0.000017,0.000195,0.000512,0.000272,0.000222,0.007895
swap_dynv2,32,64,262144,0.008320,0.000000,0.000017,0.000196,0.000535,0.000251,0.000095,0.008268
swap_dynv2,32,64,262144,0.008507,0.000000,0.000021,0.000200,0.000520,0.000255,0.000114,0.007818
swap_dynv2,32,64,262144,0.008441,0.000000,0.000018,0.000203,0.000518,0.000265,0.000130,0.007768
swap_dynv2,32,64,262144,0.008450,0.000000,0.000019,0.000202,0.000518,0.000257,0.000091,0.007978
swap_dynv2,32,64,262144,0.008260,0.000000,0.000018,0.000200,0.000534,0.000262,0.000094,0.007618
swap_dynv2,32,64,262144,0.008499,0.000000,0.000020,0.000194,0.000509,0.000259,0.000194,0.007814
swap_dynv2,32,64,262144,0.008594,0.000000,0.000025,0.000202,0.000516,0.000261,0.000101,0.009392
swap_dynv2,32,64,262144,0.008473,0.000000,0.000018,0.000244,0.000520,0.000248,0.000103,0.007990
swap_dynv2,32,64,262144,0.008382,0.000000,0.000018,0.000197,0.000513,0.000250,0.000096,0.007563
swap_dynv2,32,64,262144,0.008282,0.000000,0.000025,0.000192,0.000513,0.000252,0.000110,0.007802
swap_dynv2,32,64,262144,0.008384,0.000000,0.000017,0.000196,0.000501,0.000311,0.000117,0.007901
swap_dynv2,32,64,262144,0.008424,0.000000,0.000018,0.000199,0.000530,0.000250,0.000113,0.007984
swap_dynv2,32,64,262144,0.008477,0.000000,0.000019,0.000203,0.000512,0.000271,0.000203,0.007765
swap_dynv2,32,64,262144,0.008195,0.000000,0.000019,0.000195,0.000516,0.000244,0.000106,0.009484
swap_dynv2,32,64,262144,0.008289,0.000000,0.000018,0.000190,0.000522,0.000246,0.000100,0.008039
swap_dynv2,32,64,262144,0.008395,0.000000,0.000017,0.000193,0.000499,0.000288,0.000094,0.009387
swap_dynv2,32,64,262144,0.008422,0.000000,0.000018,0.000207,0.000519,0.000254,0.000105,0.009374
swap_dynv2,32,64,262144,0.008356,0.000000,0.000018,0.000200,0.000529,0.000253,0.000117,0.009033
swap_dynv2,32,64,262144,0.008500,0.000000,0.000026,0.000193,0.000504,0.000257,0.000099,0.007740
swap_dynv2,32,64,262144,0.008335,0.000000,0.000023,0.000199,0.000516,0.000250,0.000127,0.007887
swap_dynv2,32,64,262144,0.008222,0.000000,0.000017,0.000200,0.000509,0.000264,0.000109,0.007792
swap_dynv2,32,64,262144,0.008419,0.000000,0.000017,0.000198,0.000547,0.000258,0.000117,0.007942
swap_dynv2,32,64,262144,0.008501,0.000000,0.000021,0.000210,0.000509,0.000259,0.000151,0.007686
swap_dynv2,32,64,262144,0.008312,0.000000,0.000019,0.000204,0.000524,0.000258,0.000142,0.007875
swap_dynv2,32,64,262144,0.008532,0.000000,0.000018,0.000197,0.000526,0.000255,0.000110,0.007886
swap_dynv2,32,64,262144,0.008466,0.000000,0.000018,0.000197,0.000538,0.000254,0.000105,0.009413
swap_dynv2,32,64,262144,0.008183,0.000000,0.000020,0.000190,0.000515,0.000268,0.000105,0.008826
swap_dynv2,32,64,262144,0.008448,0.000000,0.000017,0.000191,0.000519,0.000264,0.000113,0.007934
swap_dynv2,32,64,262144,0.008266,0.000000,0.000018,0.000194,0.000530,0.000254,0.000095,0.009527
swap_static,32,64,16777216,0.485234,0.000000,0.000000,0.000211,0.000578,0.000490,0.000133,0.491752
swap_static,32,64,16777216,0.490059,0.000000,0.000000,0.000204,0.000560,0.000311,0.000108,0.490362
swap_static,32,64,16777216,0.489749,0.000000,0.000000,0.000206,0.000563,0.000323,0.000115,0.489792
swap_static,32,64,16777216,0.487262,0.000000,0.000000,0.000209,0.000573,0.000377,0.000145,0.490013
swap_static,32,64,16777216,0.488053,0.000000,0.000000,0.000209,0.000543,0.000317,0.000107,0.488358
swap_static,32,64,16777216,0.488198,0.000000,0.000000,0.000212,0.000582,0.000353,0.000144,0.488562
swap_static,32,64,16777216,0.485489,0.000000,0.000000,0.000207,0.000561,0.000311,0.000148,0.489938
swap_static,32,64,16777216,0.488807,0.000000,0.000000,0.000206,0.000537,0.000317,0.000094,0.487841
swap_static,32,64,16777216,0.488307,0.000000,0.000000,0.000214,0.000590,0.000360,0.000095,0.488489
swap_static,32,64,16777216,0.486365,0.000000,0.000000,0.000206,0.000552,0.000295,0.000104,0.486574
swap_static,32,64,16777216,0.489509,0.000000,0.000000,0.000209,0.000548,0.000317,0.000104,0.488369
swap_static,32,64,16777216,0.486701,0.000000,0.000000,0.000211,0.000535,0.000319,0.000106,0.487709
swap_static,32,64,16777216,0.489085,0.000000,0.000000,0.000205,0.000571,0.000324,0.000119,0.488270
swap_static,32,64,16777216,0.487417,0.000000,0.000000,0.000209,0.000576,0.000328,0.000099,0.489525
swap_static,32,64,16777216,0.489853,0.000000,0.000000,0.000212,0.000551,0.000291,0.000115,0.487047
swap_static,32,64,16777216,0.486571,0.000000,0.000000,0.000205,0.000553,0.000304,0.000093,0.485581
swap_static,32,64,16777216,0.486664,0.000000,0.000000,0.000215,0.000550,0.000308,0.000109,0.487306
swap_static,32,64,16777216,0.490736,0.000000,0.000000,0.000231,0.000569,0.000349,0.000104,0.488857
swap_static,32,64,16777216,0.489641,0.000000,0.000000,0.000219,0.000578,0.000349,0.000119,0.486854
swap_static,32,64,16777216,0.487008,0.000000,0.000000,0.000216,0.000582,0.000358,0.000113,0.487701
swap_static,32,64,16777216,0.488407,0.000000,0.000000,0.000205,0.000571,0.000303,0.000110,0.488153
swap_static,32,64,16777216,0.487907,0.000000,0.000000,0.000209,0.000580,0.000367,0.000098,0.488701
swap_static,32,64,16777216,0.487244,0.000000,0.000000,0.000211,0.000571,0.000322,0.000108,0.489338
swap_static,32,64,16777216,0.490214,0.000000,0.000000,0.000212,0.000590,0.000354,0.000117,0.486306
swap_static,32,64,16777216,0.489343,0.000000,0.000000,0.000221,0.000570,0.000358,0.000105,0.488127
swap_static,32,64,16777216,0.489489,0.000000,0.000000,0.000215,0.000559,0.000316,0.000105,0.486655
swap_static,32,64,16777216,0.488466,0.000000,0.000000,0.000208,0.000586,0.000344,0.000140,0.489603
swap_static,32,64,16777216,0.488183,0.000000,0.000000,0.000205,0.000541,0.000325,0.000110,0.489759
swap_static,32,64,16777216,0.488215,0.000000,0.000000,0.000204,0.000575,0.000362,0.000116,0.488325
swap_static,32,64,16777216,0.486399,0.000000,0.000000,0.000211,0.000593,0.000329,0.000107,0.488155
swap_static,32,64,16777216,0.487030,0.000000,0.000000,0.000204,0.000552,0.000312,0.000104,0.485827
swap_static,32,64,16777216,0.488452,0.000000,0.000000,0.000208,0.000599,0.000348,0.000110,0.487161
swap_static,32,64,16777216,0.487486,0.000000,0.000000,0.000210,0.000590,0.000353,0.000106,0.489056
swap_static,32,64,16777216,0.487577,0.000000,0.000000,0.000205,0.000550,0.000319,0.000108,0.489811
swap_static,32,64,16777216,0.488376,0.000000,0.000000,0.000213,0.000596,0.000344,0.000099,0.488776
swap_static,32,64,16777216,0.488016,0.000000,0.000000,0.000203,0.000581,0.000312,0.000105,0.485707
swap_static,32,64,16777216,0.488112,0.000000,0.000000,0.000207,0.000567,0.000284,0.000145,0.490465
swap_static,32,64,16777216,0.488069,0.000000,0.000000,0.000207,0.000572,0.000356,0.000107,0.489519
swap_static,32,64,16777216,0.486825,0.000000,0.000000,0.000203,0.000572,0.000313,0.000106,0.486742
swap_static,32,64,16777216,0.487833,0.000000,0.000000,0.000203,0.000555,0.000327,0.000096,0.489020
swap_static,32,64,16777216,0.489413,0.000000,0.000000,0.000202,0.000564,0.000311,0.000115,0.488060
swap_static,32,64,16777216,0.487946,0.000000,0.000000,0.000200,0.000574,0.000306,0.000098,0.480148
swap_static,32,64,16777216,0.486584,0.000000,0.000000,0.000205,0.000565,0.000311,0.000109,0.485911
swap_static,32,64,16777216,0.487094,0.000000,0.000000,0.000202,0.000573,0.000319,0.000121,0.489150
swap_static,32,64,16777216,0.487069,0.000000,0.000000,0.000198,0.000559,0.000308,0.000095,0.488536
swap_static,32,64,16777216,0.485210,0.000000,0.000000,0.000198,0.000554,0.000327,0.000097,0.486791
swap_static,32,64,16777216,0.486519,0.000000,0.000000,0.000206,0.000570,0.000316,0.000117,0.487851
swap_static,32,64,16777216,0.487422,0.000000,0.000000,0.000205,0.000571,0.000317,0.000101,0.485813
swap_static,32,64,16777216,0.488952,0.000000,0.000000,0.000203,0.000576,0.000317,0.000131,0.486413
swap_static,32,64,16777216,0.486514,0.000000,0.000000,0.000201,0.000565,0.000319,0.000124,0.487722
swap_static,32,64,16777216,0.489179,0.000000,0.000000,0.000204,0.000552,0.000315,0.000110,0.486022
swap_static,32,64,16777216,0.485897,0.000000,0.000000,0.000209,0.000559,0.000319,0.000113,0.488029
swap_static,32,64,16777216,0.488415,0.000000,0.000000,0.000201,0.000551,0.000336,0.000142,0.488028
swap_static,32,64,16777216,0.488630,0.000000,0.000000,0.000205,0.000557,0.000321,0.000108,0.485283
swap_static,32,64,16777216,0.487911,0.000000,0.000000,0.000201,0.000578,0.000311,0.000104,0.487466
swap_static,32,64,16777216,0.488335,0.000000,0.000000,0.000198,0.000555,0.000321,0.000122,0.485866
swap_static,32,64,16777216,0.487556,0.000000,0.000000,0.000201,0.000555,0.000308,0.000107,0.487736
swap_static,32,64,16777216,0.488195,0.000000,0.000000,0.000200,0.000555,0.000322,0.000112,0.486808
swap_static,32,64,16777216,0.488970,0.000000,0.000000,0.000206,0.000564,0.000319,0.000100,0.488459
swap_static,32,64,16777216,0.487928,0.000000,0.000000,0.000222,0.000530,0.000313,0.000152,0.488822
swap_static,32,64,16777216,0.486826,0.000000,0.000000,0.000206,0.000561,0.000307,0.000107,0.486582
swap_static,32,64,16777216,0.487359,0.000000,0.000000,0.000209,0.000564,0.000320,0.000104,0.487793
swap_static,32,64,16777216,0.485257,0.000000,0.000000,0.000204,0.000568,0.000295,0.000104,0.485958
swap_static,32,64,16777216,0.486607,0.000000,0.000000,0.000208,0.000550,0.000302,0.000111,0.487667
swap_static,32,64,16777216,0.486366,0.000000,0.000000,0.000199,0.000560,0.000315,0.000129,0.488954
swap_static,32,64,16777216,0.488508,0.000000,0.000000,0.000204,0.000561,0.000313,0.000107,0.488024
swap_static,32,64,16777216,0.488878,0.000000,0.000000,0.000202,0.000572,0.000354,0.000111,0.486502
swap_static,32,64,16777216,0.487656,0.000000,0.000000,0.000203,0.000568,0.000352,0.000145,0.487079
swap_static,32,64,16777216,0.487468,0.000000,0.000000,0.000201,0.000567,0.000307,0.000115,0.488165
swap_static,32,64,16777216,0.487269,0.000000,0.000000,0.000205,0.000600,0.000358,0.000121,0.487799
swap_static,32,64,16777216,0.487194,0.000000,0.000000,0.000218,0.000567,0.000304,0.000117,0.486234
swap_static,32,64,16777216,0.488559,0.000000,0.000000,0.000202,0.000574,0.000320,0.000108,0.485341
swap_static,32,64,16777216,0.490040,0.000000,0.000000,0.000219,0.000602,0.000342,0.000105,0.487914
swap_static,32,64,16777216,0.487044,0.000000,0.000000,0.000214,0.000575,0.000364,0.000111,0.487262
swap_static,32,64,16777216,0.487681,0.000000,0.000000,0.000200,0.000582,0.000313,0.000108,0.485282
swap_dynv2,32,64,16777216,0.484360,0.000000,0.000021,0.000211,0.000566,0.000342,0.000329,0.487857
swap_dynv2,32,64,16777216,0.491021,0.000000,0.000026,0.000207,0.000605,0.000361,0.000118,0.489503
swap_dynv2,32,64,16777216,0.491689,0.000000,0.000020,0.000199,0.000573,0.000339,0.000116,0.492532
swap_dynv2,32,64,16777216,0.490990,0.000000,0.000024,0.000193,0.000562,0.000313,0.000115,0.491757
swap_dynv2,32,64,16777216,0.489766,0.000000,0.000022,0.000202,0.000576,0.000322,0.000159,0.490893
swap_dynv2,32,64,16777216,0.491008,0.000000,0.000021,0.000205,0.000570,0.000334,0.000096,0.492282
swap_dynv2,32,64,16777216,0.490762,0.000000,0.000025,0.000214,0.000606,0.000376,0.000110,0.492035
swap_dynv2,32,64,16777216,0.490431,0.000000,0.000020,0.000201,0.000576,0.000330,0.000111,0.491242
swap_dynv2,32,64,16777216,0.492235,0.000000,0.000022,0.000208,0.000576,0.000322,0.000105,0.492353
swap_dynv2,32,64,16777216,0.490189,0.000000,0.000024,0.000216,0.000574,0.000325,0.000100,0.491407
swap_dynv2,32,64,16777216,0.491122,0.000000,0.000024,0.000204,0.000584,0.000381,0.000096,0.493290
swap_dynv2,32,64,16777216,0.491348,0.000000,0.000021,0.000213,0.000589,0.000362,0.000098,0.492830
swap_dynv2,32,64,16777216,0.493269,0.000000,0.000023,0.000207,0.000552,0.000318,0.000103,0.490604
swap_dynv2,32,64,16777216,0.490947,0.000000,0.000021,0.000209,0.000580,0.000325,0.000121,0.493651
swap_dynv2,32,64,16777216,0.491581,0.000000,0.000020,0.000205,0.000575,0.000310,0.000113,0.492743
swap_dynv2,32,64,16777216,0.491360,0.000000,0.000021,0.000205,0.000582,0.000323,0.000104,0.490075
swap_dynv2,32,64,16777216,0.493624,0.000000,0.000023,0.000205,0.000612,0.000354,0.000120,0.491014
swap_dynv2,32,64,16777216,0.491981,0.000000,0.000022,0.000211,0.000598,0.000405,0.000109,0.490509
swap_dynv2,32,64,16777216,0.492005,0.000000,0.000028,0.000204,0.000565,0.000353,0.000100,0.491140
swap_dynv2,32,64,16777216,0.491740,0.000000,0.000024,0.000204,0.000553,0.000333,0.000096,0.491984
swap_dynv2,32,64,16777216,0.492037,0.000000,0.000022,0.000205,0.000573,0.000367,0.000098,0.489622
swap_dynv2,32,64,16777216,0.489859,0.000000,0.000021,0.000204,0.000572,0.000315,0.000114,0.491284
swap_dynv2,32,64,16777216,0.490201,0.000000,0.000020,0.000207,0.000572,0.000333,0.000142,0.491907
swap_dynv2,32,64,16777216,0.491387,0.000000,0.000021,0.000207,0.000581,0.000311,0.000109,0.490895
swap_dynv2,32,64,16777216,0.486844,0.000000,0.000021,0.000203,0.000585,0.000336,0.000152,0.492163
swap_dynv2,32,64,16777216,0.490505,0.000000,0.000023,0.000203,0.000574,0.000358,0.000119,0.490835
swap_dynv2,32,64,16777216,0.490534,0.000000,0.000022,0.000208,0.000577,0.000334,0.000101,0.491618
swap_dynv2,32,64,16777216,0.489574,0.000000,0.000023,0.000211,0.000605,0.000395,0.000099,0.491960
swap_dynv2,32,64,16777216,0.488918,0.000000,0.000021,0.000211,0.000554,0.000336,0.000116,0.489249
swap_dynv2,32,64,16777216,0.492998,0.000000,0.000022,0.000210,0.000595,0.000371,0.000111,0.488802
swap_dynv2,32,64,16777216,0.489707,0.000000,0.000022,0.000209,0.000604,0.000372,0.000096,0.491030
swap_dynv2,32,64,16777216,0.490193,0.000000,0.000024,0.000207,0.000565,0.000319,0.000119,0.491206
swap_dynv2,32,64,16777216,0.490887,0.000000,0.000022,0.000206,0.000584,0.000338,0.000152,0.491182
swap_dynv2,32,64,16777216,0.492354,0.000000,0.000021,0.000206,0.000582,0.000338,0.000103,0.493327
swap_dynv2,32,64,16777216,0.490903,0.000000,0.000022,0.000212,0.000596,0.000368,0.000107,0.491203
swap_dynv2,32,64,16777216,0.489957,0.000000,0.000022,0.000201,0.000561,0.000319,0.000097,0.490046
swap_dynv2,32,64,16777216,0.493640,0.000000,0.000023,0.000204,0.000584,0.000298,0.000108,0.490579
swap_dynv2,32,64,16777216,0.490286,0.000000,0.000023,0.000211,0.000587,0.000368,0.000109,0.490263
swap_dynv2,32,64,16777216,0.488030,0.000000,0.000020,0.000213,0.000577,0.000308,0.000114,0.490050
swap_dynv2,32,64,16777216,0.488994,0.000000,0.000020,0.000208,0.000573,0.000325,0.000242,0.489777
swap_dynv2,32,64,16777216,0.488684,0.000000,0.000022,0.000215,0.000584,0.000311,0.000101,0.491438
swap_dynv2,32,64,16777216,0.490709,0.000000,0.000021,0.000206,0.000557,0.000336,0.000103,0.490904
swap_dynv2,32,64,16777216,0.490722,0.000000,0.000025,0.000209,0.000571,0.000322,0.000105,0.490614
swap_dynv2,32,64,16777216,0.489248,0.000000,0.000021,0.000206,0.000557,0.000311,0.000140,0.489777
swap_dynv2,32,64,16777216,0.489321,0.000000,0.000021,0.000209,0.000572,0.000312,0.000115,0.489854
swap_dynv2,32,64,16777216,0.489102,0.000000,0.000021,0.000207,0.000559,0.000328,0.000096,0.490176
swap_dynv2,32,64,16777216,0.490428,0.000000,0.000023,0.000205,0.000567,0.000338,0.000108,0.490301
swap_dynv2,32,64,16777216,0.490308,0.000000,0.000021,0.000217,0.000575,0.000352,0.000106,0.490195
swap_dynv2,32,64,16777216,0.490356,0.000000,0.000019,0.000206,0.000558,0.000336,0.000098,0.489057
swap_dynv2,32,64,16777216,0.490175,0.000000,0.000020,0.000213,0.000558,0.000338,0.000099,0.492108
swap_dynv2,32,64,16777216,0.491052,0.000000,0.000023,0.000205,0.000566,0.000337,0.000097,0.489921
swap_dynv2,32,64,16777216,0.490011,0.000000,0.000019,0.000216,0.000549,0.000301,0.000114,0.489012
swap_dynv2,32,64,16777216,0.490450,0.000000,0.000022,0.000210,0.000565,0.000308,0.000114,0.489901
swap_dynv2,32,64,16777216,0.490288,0.000000,0.000021,0.000211,0.000597,0.000314,0.000114,0.487453
swap_dynv2,32,64,16777216,0.489592,0.000000,0.000024,0.000216,0.000608,0.000356,0.000109,0.490073
swap_dynv2,32,64,16777216,0.488219,0.000000,0.000023,0.000216,0.000606,0.000417,0.000097,0.490230
swap_dynv2,32,64,16777216,0.491251,0.000000,0.000021,0.000220,0.000577,0.000371,0.000097,0.493084
swap_dynv2,32,64,16777216,0.488969,0.000000,0.000022,0.000208,0.000597,0.000343,0.000120,0.491890
swap_dynv2,32,64,16777216,0.488813,0.000000,0.000024,0.000210,0.000573,0.000361,0.000097,0.491548
swap_dynv2,32,64,16777216,0.491067,0.000000,0.000025,0.000214,0.000563,0.000324,0.000103,0.490912
swap_dynv2,32,64,16777216,0.488282,0.000000,0.000024,0.000198,0.000558,0.000318,0.000097,0.477436
swap_dynv2,32,64,16777216,0.488330,0.000000,0.000021,0.000206,0.000564,0.000339,0.000098,0.488565
swap_dynv2,32,64,16777216,0.490003,0.000000,0.000020,0.000206,0.000572,0.000350,0.000103,0.489327
swap_dynv2,32,64,16777216,0.490105,0.000000,0.000021,0.000214,0.000570,0.000303,0.000107,0.489502
swap_dynv2,32,64,16777216,0.489053,0.000000,0.000024,0.000203,0.000586,0.000328,0.000093,0.489690
swap_dynv2,32,64,16777216,0.488233,0.000000,0.000020,0.000218,0.000558,0.000336,0.000116,0.486891
swap_dynv2,32,64,16777216,0.487799,0.000000,0.000020,0.000209,0.000571,0.000311,0.000117,0.495142
swap_dynv2,32,64,16777216,0.490998,0.000000,0.000026,0.000209,0.000568,0.000319,0.000115,0.490255
swap_dynv2,32,64,16777216,0.490502,0.000000,0.000021,0.000220,0.000569,0.000353,0.000101,0.488202
swap_dynv2,32,64,16777216,0.489520,0.000000,0.000021,0.000207,0.000573,0.000362,0.000100,0.488715
swap_dynv2,32,64,16777216,0.490531,0.000000,0.000021,0.000214,0.000578,0.000332,0.000126,0.490640
swap_dynv2,32,64,16777216,0.490945,0.000000,0.000022,0.000209,0.000573,0.000325,0.000101,0.488864
swap_dynv2,32,64,16777216,0.489977,0.000000,0.000022,0.000212,0.000596,0.000315,0.000106,0.488460
swap_dynv2,32,64,16777216,0.490444,0.000000,0.000021,0.000209,0.000584,0.000339,0.000098,0.489178
swap_dynv2,32,64,16777216,0.491062,0.000000,0.000026,0.000207,0.000563,0.000338,0.000109,0.489620
swap_static,32,256,4096,0.001790,0.000000,0.000000,0.000417,0.000542,0.000282,0.000115,0.001126
swap_static,32,256,4096,0.001722,0.000000,0.000000,0.000399,0.000537,0.000243,0.000105,0.001139
swap_static,32,256,4096,0.001706,0.000000,0.000000,0.000403,0.000537,0.000266,0.000093,0.001152
swap_static,32,256,4096,0.001654,0.000000,0.000000,0.000395,0.000511,0.000258,0.000102,0.001202
swap_static,32,256,4096,0.001724,0.000000,0.000000,0.000401,0.000589,0.000268,0.000095,0.001098
swap_static,32,256,4096,0.001668,0.000000,0.000000,0.000388,0.000517,0.000249,0.000108,0.001112
swap_static,32,256,4096,0.001768,0.000000,0.000000,0.000412,0.000509,0.000247,0.000108,0.001090
swap_static,32,256,4096,0.001691,0.000000,0.000000,0.000404,0.000531,0.000239,0.000089,0.001057
swap_static,32,256,4096,0.001696,0.000000,0.000000,0.000402,0.000558,0.000273,0.000098,0.001084
swap_static,32,256,4096,0.001699,0.000000,0.000000,0.000410,0.000514,0.000238,0.000092,0.001139
swap_static,32,256,4096,0.001693,0.000000,0.000000,0.000445,0.000534,0.000267,0.000098,0.001118
swap_static,32,256,4096,0.001695,0.000000,0.000000,0.000403,0.000519,0.000252,0.000091,0.001121
swap_static,32,256,4096,0.001686,0.000000,0.000000,0.000392,0.000507,0.000239,0.000097,0.001087
swap_static,32,256,4096,0.001662,0.000000,0.000000,0.000480,0.000512,0.000269,0.000109,0.001095
swap_static,32,256,4096,0.001687,0.000000,0.000000,0.000404,0.000522,0.000247,0.000091,0.001099
swap_static,32,256,4096,0.001704,0.000000,0.000000,0.000397,0.000530,0.000261,0.000096,0.001112
swap_static,32,256,4096,0.001702,0.000000,0.000000,0.000393,0.000522,0.000270,0.000101,0.001126
swap_static,32,256,4096,0.001819,0.000000,0.000000,0.000406,0.000558,0.000263,0.000093,0.001133
swap_static,32,256,4096,0.001693,0.000000,0.000000,0.000396,0.000530,0.000250,0.000126,0.001125
swap_static,32,256,4096,0.001742,0.000000,0.000000,0.000405,0.000551,0.000274,0.000102,0.001055
swap_static,32,256,4096,0.001623,0.000000,0.000000,0.000384,0.000517,0.000241,0.000094,0.001213
swap_static,32,256,4096,0.001661,0.000000,0.000000,0.000394,0.000513,0.000261,0.000106,0.001132
swap_static,32,256,4096,0.001806,0.000000,0.000000,0.000403,0.000518,0.000247,0.000095,0.001075
swap_static,32,256,4096,0.001800,0.000000,0.000000,0.000405,0.000559,0.000256,0.000096,0.001129
swap_static,32,256,4096,0.001638,0.000000,0.000000,0.000493,0.000518,0.000257,0.000106,0.001058
swap_static,32,256,4096,0.001678,0.000000,0.000000,0.000485,0.000546,0.000278,0.000111,0.001112
swap_static,32,256,4096,0.001698,0.000000,0.000000,0.000395,0.000509,0.000270,0.000109,0.001189
swap_static,32,256,4096,0.001772,0.000000,0.000000,0.000402,0.000512,0.000230,0.000097,0.001126
swap_static,32,256,4096,0.001709,0.000000,0.000000,0.000409,0.000539,0.000280,0.000117,0.001150
swap_static,32,256,4096,0.001822,0.000000,0.000000,0.000387,0.000536,0.000262,0.000138,0.001059
swap_static,32,256,4096,0.001694,0.000000,0.000000,0.000439,0.000512,0.000250,0.000095,0.001251
swap_static,32,256,4096,0.001707,0.000000,0.000000,0.000402,0.000542,0.000253,0.000094,0.001181
swap_static,32,256,4096,0.001663,0.000000,0.000000,0.000384,0.000512,0.000241,0.000097,0.001146
swap_static,32,256,4096,0.001699,0.000000,0.000000,0.000413,0.000511,0.000249,0.000100,0.001101
swap_static,32,256,4096,0.001789,0.000000,0.000000,0.000387,0.000538,0.000311,0.000141,0.001081
swap_static,32,256,4096,0.001885,0.000000,0.000000,0.000459,0.000528,0.000279,0.000090,0.001107
swap_static,32,256,4096,0.001850,0.000000,0.000000,0.000386,0.000527,0.000247,0.000093,0.001161
swap_static,32,256,4096,0.001725,0.000000,0.000000,0.000410,0.000513,0.000246,0.000125,0.001071
swap_static,32,256,4096,0.001762,0.000000,0.000000,0.000422,0.000541,0.000249,0.000093,0.001120
swap_static,32,256,4096,0.001723,0.000000,0.000000,0.000388,0.000593,0.000259,0.000119,0.001152
swap_static,32,256,4096,0.001713,0.000000,0.000000,0.000438,0.000500,0.000368,0.000121,0.001079
swap_static,32,256,4096,0.001750,0.000000,0.000000,0.000405,0.000525,0.000255,0.000096,0.001214
swap_static,32,256,4096,0.001655,0.000000,0.000000,0.000391,0.000523,0.000244,0.000104,0.001164
swap_static,32,256,4096,0.001676,0.000000,0.000000,0.000401,0.000541,0.000243,0.000106,0.001124
swap_static,32,256,4096,0.001781,0.000000,0.000000,0.000408,0.000521,0.000239,0.000092,0.001076
swap_static,32,256,4096,0.001733,0.000000,0.000000,0.000424,0.000521,0.000250,0.000093,0.001188
swap_static,32,256,4096,0.001790,0.000000,0.000000,0.000449,0.000523,0.000242,0.000104,0.001117
swap_static,32,256,4096,0.001756,0.000000,0.000000,0.000394,0.000523,0.000263,0.000119,0.001134
swap_static,32,256,4096,0.001668,0.000000,0.000000,0.000447,0.000637,0.000250,0.000098,0.001127
swap_static,32,256,4096,0.001760,0.000000,0.000000,0.000408,0.000541,0.000273,0.000091,0.001126
swap_static,32,256,4096,0.001701,0.000000,0.000000,0.000388,0.000532,0.000262,0.000105,0.001108
swap_static,32,256,4096,0.001744,0.000000,0.000000,0.000411,0.000541,0.000257,0.000103,0.001156
swap_static,32,256,4096,0.001667,0.000000,0.000000,0.000394,0.000530,0.000316,0.000100,0.001145
swap_static,32,256,4096,0.001721,0.000000,0.000000,0.000377,0.000532,0.000259,0.000114,0.001067
swap_static,32,256,4096,0.001757,0.000000,0.000000,0.000392,0.000529,0.000250,0.000094,0.001091
swap_static,32,256,4096,0.001858,0.000000,0.000000,0.000401,0.000561,0.000251,0.000092,0.001168
swap_static,32,256,4096,0.001690,0.000000,0.000000,0.000423,0.000507,0.000254,0.000124,0.001173
swap_static,32,256,4096,0.001696,0.000000,0.000000,0.000388,0.000532,0.000268,0.000101,0.001138
swap_static,32,256,4096,0.001710,0.000000,0.000000,0.000395,0.000539,0.000268,0.000136,0.001091
swap_static,32,256,4096,0.001654,0.000000,0.000000,0.000387,0.000511,0.000238,0.000090,0.001161
swap_static,32,256,4096,0.001797,0.000000,0.000000,0.000387,0.000540,0.000239,0.000093,0.001163
swap_static,32,256,4096,0.001693,0.000000,0.000000,0.000477,0.000539,0.000315,0.000099,0.001176
swap_static,32,256,4096,0.001785,0.000000,0.000000,0.000404,0.000535,0.000257,0.000097,0.001110
swap_static,32,256,4096,0.001793,0.000000,0.000000,0.000407,0.000511,0.000341,0.000087,0.001165
swap_static,32,256,4096,0.001800,0.000000,0.000000,0.000398,0.000516,0.000247,0.000093,0.001152
swap_static,32,256,4096,0.001653,0.000000,0.000000,0.000409,0.000512,0.000267,0.000100,0.001064
swap_static,32,256,4096,0.001740,0.000000,0.000000,0.000391,0.000516,0.000273,0.000110,0.001175
swap_static,32,256,4096,0.001762,0.000000,0.000000,0.000388,0.000544,0.000261,0.000095,0.001148
swap_static,32,256,4096,0.001699,0.000000,0.000000,0.000413,0.000520,0.000295,0.000102,0.001109
swap_static,32,256,4096,0.001776,0.000000,0.000000,0.000404,0.000534,0.000242,0.000116,0.001095
swap_static,32,256,4096,0.001784,0.000000,0.000000,0.000413,0.000561,0.000286,0.000156,0.001104
swap_static,32,256,4096,0.001746,0.000000,0.000000,0.000443,0.000534,0.000243,0.000094,0.001126
swap_static,32,256,4096,0.001734,0.000000,0.000000,0.000409,0.000556,0.000257,0.000110,0.001084
swap_static,32,256,4096,0.001691,0.000000,0.000000,0.000397,0.000549,0.000248,0.000100,0.001130
swap_static,32,256,4096,0.001700,0.000000,0.000000,0.000381,0.000519,0.000236,0.000089,0.001117
swap_dynv2,32,256,4096,0.001786,0.000000,0.000017,0.000391,0.000536,0.000295,0.000116,0.001205
swap_dynv2,32,256,4096,0.001715,0.000000,0.000022,0.000386,0.000547,0.000268,0.000109,0.001069
swap_dynv2,32,256,4096,0.001728,0.000000,0.000017,0.000404,0.000519,0.000259,0.000099,0.001101
swap_dynv2,32,256,4096,0.001688,0.000000,0.000021,0.000502,0.000542,0.000294,0.000121,0.001088
swap_dynv2,32,256,4096,0.001682,0.000000,0.000022,0.000386,0.000542,0.000258,0.000110,0.001155
swap_dynv2,32,256,4096,0.001776,0.000000,0.000019,0.000447,0.000510,0.000267,0.000093,0.001142
swap_dynv2,32,256,4096,0.001773,0.000000,0.000018,0.000404,0.000566,0.000275,0.000097,0.001178
swap_dynv2,32,256,4096,0.001737,0.000000,0.000026,0.000398,0.000519,0.000253,0.000093,0.001132
swap_dynv2,32,256,4096,0.001714,0.000000,0.000020,0.000379,0.000596,0.000240,0.000097,0.001132
swap_dynv2,32,256,4096,0.001748,0.000000,0.000017,0.000408,0.000520,0.000283,0.000099,0.001116
swap_dynv2,32,256,4096,0.001678,0.000000,0.000020,0.000384,0.000562,0.000245,0.000129,0.001190
swap_dynv2,32,256,4096,0.001717,0.000000,0.000020,0.000510,0.000527,0.000277,0.000097,0.001186
swap_dynv2,32,256,4096,0.001688,0.000000,0.000020,0.000386,0.000523,0.000239,0.000109,0.001138
swap_dynv2,32,256,4096,0.001658,0.000000,0.000020,0.000382,0.000532,0.000251,0.001159,0.000001
swap_dynv2,32,256,4096,0.001757,0.000000,0.000016,0.000409,0.000516,0.000255,0.000096,0.001120
swap_dynv2,32,256,4096,0.001858,0.000000,0.000016,0.000452,0.000529,0.000257,0.000096,0.001115
swap_dynv2,32,256,4096,0.001728,0.000000,0.000020,0.000414,0.000521,0.000245,0.000133,0.001103
swap_dynv2,32,256,4096,0.001764,0.000000,0.000017,0.000393,0.000527,0.000243,0.000105,0.001117
swap_dynv2,32,256,4096,0.001793,0.000000,0.000021,0.000530,0.000544,0.000276,0.000097,0.001105
swap_dynv2,32,256,4096,0.001737,0.000000,0.000018,0.000413,0.000555,0.000259,0.000094,0.001220
swap_dynv2,32,256,4096,0.001678,0.000000,0.000018,0.000397,0.000540,0.000248,0.000128,0.001101
swap_dynv2,32,256,4096,0.001742,0.000000,0.000016,0.000426,0.000525,0.000251,0.000091,0.001111
swap_dynv2,32,256,4096,0.001747,0.000000,0.000020,0.000456,0.000507,0.000330,0.000118,0.001157
swap_dynv2,32,256,4096,0.001701,0.000000,0.000018,0.000403,0.000561,0.000329,0.000102,0.001269
swap_dynv2,32,256,4096,0.001763,0.000000,0.000020,0.000414,0.000528,0.000254,0.000113,0.001103
swap_dynv2,32,256,4096,0.001727,0.000000,0.000017,0.000404,0.000524,0.000253,0.000105,0.001107
swap_dynv2,32,256,4096,0.001732,0.000000,0.000017,0.000397,0.000520,0.000252,0.000126,0.001145
swap_dynv2,32,256,4096,0.001740,0.000000,0.000017,0.000390,0.000530,0.000291,0.000131,0.001055
swap_dynv2,32,256,4096,0.001723,0.000000,0.000019,0.000388,0.000521,0.000238,0.000095,0.001131
swap_dynv2,32,256,4096,0.001724,0.000000,0.000017,0.000390,0.000519,0.000270,0.000094,0.001151
swap_dynv2,32,256,4096,0.001746,0.000000,0.000018,0.000409,0.000555,0.000263,0.000094,0.001094
swap_dynv2,32,256,4096,0.001703,0.000000,0.000017,0.000410,0.000534,0.000261,0.000099,0.001139
swap_dynv2,32,256,4096,0.001708,0.000000,0.000022,0.000412,0.000598,0.000263,0.000097,0.001236
swap_dynv2,32,256,4096,0.001674,0.000000,0.000017,0.000391,0.000554,0.000241,0.000123,0.001124
swap_dynv2,32,256,4096,0.001729,0.000000,0.000016,0.000406,0.000561,0.000296,0.000099,0.001152
swap_dynv2,32,256,4096,0.001684,0.000000,0.000016,0.000392,0.000516,0.000244,0.000108,0.001153
swap_dynv2,32,256,4096,0.001719,0.000000,0.000017,0.000401,0.000528,0.000249,0.000097,0.001110
swap_dynv2,32,256,4096,0.001735,0.000000,0.000019,0.000411,0.000521,0.000366,0.000705,0.000505
swap_dynv2,32,256,4096,0.001692,0.000000,0.000016,0.000420,0.000512,0.000254,0.000118,0.001145
swap_dynv2,32,256,4096,0.001699,0.000000,0.000017,0.000398,0.000525,0.000254,0.000100,0.001140
swap_dynv2,32,256,4096,0.001701,0.000000,0.000016,0.000408,0.000528,0.000257,0.000093,0.001138
swap_dynv2,32,256,4096,0.001697,0.000000,0.000020,0.000400,0.000535,0.000221,0.000088,0.001107
swap_dynv2,32,256,4096,0.001661,0.000000,0.000016,0.000394,0.000525,0.000244,0.000094,0.001083
swap_dynv2,32,256,4096,0.001712,0.000000,0.000016,0.000403,0.000541,0.000243,0.000103,0.001071
swap_dynv2,32,256,4096,0.001692,0.000000,0.000022,0.000401,0.000587,0.000333,0.000108,0.001117
swap_dynv2,32,256,4096,0.001672,0.000000,0.000017,0.000424,0.000532,0.000281,0.000099,0.001119
swap_dynv2,32,256,4096,0.001751,0.000000,0.000018,0.000413,0.000540,0.000252,0.000095,0.001112
swap_dynv2,32,256,4096,0.001718,0.000000,0.000017,0.000395,0.000528,0.000280,0.000151,0.001134
swap_dynv2,32,256,4096,0.001758,0.000000,0.000022,0.000400,0.000524,0.000265,0.000112,0.001276
swap_dynv2,32,256,4096,0.001720,0.000000,0.000017,0.000392,0.000532,0.000253,0.000116,0.001216
swap_dynv2,32,256,4096,0.001751,0.000000,0.000023,0.000405,0.000555,0.000282,0.000102,0.001179
swap_dynv2,32,256,4096,0.001737,0.000000,0.000018,0.000422,0.000568,0.000295,0.000101,0.001140
swap_dynv2,32,256,4096,0.001685,0.000000,0.000016,0.000403,0.000535,0.000287,0.000097,0.001132
swap_dynv2,32,256,4096,0.001795,0.000000,0.000022,0.000401,0.000529,0.000264,0.000100,0.001154
swap_dynv2,32,256,4096,0.001790,0.000000,0.000016,0.000453,0.000675,0.000283,0.000121,0.001128
swap_dynv2,32,256,4096,0.001718,0.000000,0.000018,0.000470,0.000522,0.000268,0.000096,0.001134
swap_dynv2,32,256,4096,0.001792,0.000000,0.000016,0.000412,0.000551,0.000262,0.000109,0.001109
swap_dynv2,32,256,4096,0.001747,0.000000,0.000021,0.000408,0.000589,0.000280,0.000097,0.001190
swap_dynv2,32,256,4096,0.001727,0.000000,0.000020,0.000420,0.000530,0.000268,0.000105,0.001141
swap_dynv2,32,256,4096,0.001741,0.000000,0.000017,0.000462,0.000531,0.000259,0.000097,0.001119
swap_dynv2,32,256,4096,0.001705,0.000000,0.000019,0.000408,0.000548,0.000340,0.001212,0.000014
swap_dynv2,32,256,4096,0.001758,0.000000,0.000021,0.000433,0.000545,0.000265,0.000098,0.001117
swap_dynv2,32,256,4096,0.001696,0.000000,0.000021,0.000390,0.000541,0.000278,0.000130,0.001099
swap_dynv2,32,256,4096,0.001776,0.000000,0.000023,0.000430,0.000575,0.000292,0.000099,0.001161
swap_dynv2,32,256,4096,0.001905,0.000000,0.000022,0.000391,0.000553,0.000246,0.000093,0.001150
swap_dynv2,32,256,4096,0.001721,0.000000,0.000023,0.000421,0.000564,0.000274,0.000118,0.001149
swap_dynv2,32,256,4096,0.001715,0.000000,0.000020,0.000402,0.000527,0.000247,0.000098,0.001085
swap_dynv2,32,256,4096,0.001761,0.000000,0.000016,0.000456,0.000523,0.000257,0.000116,0.001081
swap_dynv2,32,256,4096,0.001813,0.000000,0.000027,0.000399,0.000567,0.000256,0.000098,0.001167
swap_dynv2,32,256,4096,0.001729,0.000000,0.000021,0.000484,0.000562,0.000335,0.000105,0.001123
swap_dynv2,32,256,4096,0.001770,0.000000,0.000023,0.000470,0.000559,0.000278,0.000096,0.001120
swap_dynv2,32,256,4096,0.001740,0.000000,0.000021,0.000408,0.000534,0.000263,0.000103,0.001124
swap_dynv2,32,256,4096,0.001755,0.000000,0.000021,0.000433,0.000531,0.000252,0.000095,0.001158
swap_dynv2,32,256,4096,0.001745,0.000000,0.000022,0.000405,0.000610,0.000256,0.000133,0.001306
swap_dynv2,32,256,4096,0.002381,0.000000,0.000021,0.000412,0.001009,0.000609,0.001396,0.000013
swap_static,32,256,262144,0.008766,0.000000,0.000000,0.000424,0.000545,0.000306,0.000131,0.009201
swap_static,32,256,262144,0.008718,0.000000,0.000000,0.000447,0.000562,0.000349,0.000101,0.009186
swap_static,32,256,262144,0.008384,0.000000,0.000000,0.000410,0.000529,0.000268,0.000106,0.008032
swap_static,32,256,262144,0.008519,0.000000,0.000000,0.000411,0.000533,0.000275,0.000094,0.008140
swap_static,32,256,262144,0.008627,0.000000,0.000000,0.000414,0.000534,0.000284,0.000105,0.009103
swap_static,32,256,262144,0.008755,0.000000,0.000000,0.000413,0.000599,0.000267,0.000104,0.008571
swap_static,32,256,262144,0.008593,0.000000,0.000000,0.000410,0.000532,0.000250,0.000096,0.008573
swap_static,32,256,262144,0.008430,0.000000,0.000000,0.000439,0.000550,0.000254,0.000214,0.007604
swap_static,32,256,262144,0.008649,0.000000,0.000000,0.000437,0.000544,0.000246,0.000115,0.008579
swap_static,32,256,262144,0.008596,0.000000,0.000000,0.000423,0.000536,0.000262,0.000118,0.007605
swap_static,32,256,262144,0.008198,0.000000,0.000000,0.000403,0.000534,0.000270,0.000128,0.008094
swap_static,32,256,262144,0.008765,0.000000,0.000000,0.000402,0.000534,0.000249,0.000108,0.007581
swap_static,32,256,262144,0.008203,0.000000,0.000000,0.000435,0.000540,0.000277,0.000098,0.008187
swap_static,32,256,262144,0.008295,0.000000,0.000000,0.000400,0.000531,0.000270,0.000094,0.007758
swap_static,32,256,262144,0.008178,0.000000,0.000000,0.000412,0.000527,0.000251,0.000117,0.009365
swap_static,32,256,262144,0.008487,0.000000,0.000000,0.000495,0.000536,0.000304,0.000104,0.008470
swap_static,32,256,262144,0.008630,0.000000,0.000000,0.000447,0.000581,0.000305,0.000093,0.009140
swap_static,32,256,262144,0.008813,0.000000,0.000000,0.000448,0.000563,0.000297,0.000096,0.007937
swap_static,32,256,262144,0.008595,0.000000,0.000000,0.000433,0.000545,0.000283,0.000095,0.007930
swap_static,32,256,262144,0.008747,0.000000,0.000000,0.000509,0.000544,0.000305,0.000106,0.009429
swap_static,32,256,262144,0.008587,0.000000,0.000000,0.000427,0.000553,0.000270,0.000100,0.007987
swap_static,32,256,262144,0.008741,0.000000,0.000000,0.000423,0.000538,0.000280,0.000094,0.009625
swap_static,32,256,262144,0.008225,0.000000,0.000000,0.000475,0.000536,0.000300,0.000202,0.007870
swap_static,32,256,262144,0.008504,0.000000,0.000000,0.000433,0.000518,0.000266,0.000104,0.009605
swap_static,32,256,262144,0.008758,0.000000,0.000000,0.000420,0.000538,0.000261,0.000093,0.008320
swap_static,32,256,262144,0.008598,0.000000,0.000000,0.000426,0.000522,0.000254,0.000094,0.007642
swap_static,32,256,262144,0.009840,0.000000,0.000000,0.000429,0.000540,0.000263,0.000105,0.008022
swap_static,32,256,262144,0.008743,0.000000,0.000000,0.000407,0.000517,0.000252,0.000093,0.007525
swap_static,32,256,262144,0.008018,0.000000,0.000000,0.000440,0.000569,0.000291,0.000098,0.009279
swap_static,32,256,262144,0.008796,0.000000,0.000000,0.000436,0.000558,0.000278,0.000101,0.008977
swap_static,32,256,262144,0.008626,0.000000,0.000000,0.000438,0.000524,0.000288,0.000162,0.009343
swap_static,32,256,262144,0.008621,0.000000,0.000000,0.000410,0.000530,0.000293,0.000095,0.009088
swap_static,32,256,262144,0.008799,0.000000,0.000000,0.000413,0.000551,0.000262,0.000092,0.008616
swap_static,32,256,262144,0.008425,0.000000,0.000000,0.000428,0.000546,0.000275,0.000099,0.009159
swap_static,32,256,262144,0.008669,0.000000,0.000000,0.000401,0.000525,0.000242,0.000096,0.008024
swap_static,32,256,262144,0.008651,0.000000,0.000000,0.000406,0.000517,0.000264,0.000097,0.007806
swap_static,32,256,262144,0.008708,0.000000,0.000000,0.000429,0.000538,0.000298,0.000117,0.009200
swap_static,32,256,262144,0.008640,0.000000,0.000000,0.000405,0.000516,0.000269,0.000093,0.008009
swap_static,32,256,262144,0.008703,0.000000,0.000000,0.000410,0.000534,0.000259,0.000093,0.007776
swap_static,32,256,262144,0.008318,0.000000,0.000000,0.000426,0.000539,0.000274,0.000112,0.007838
swap_static,32,256,262144,0.008740,0.000000,0.000000,0.000445,0.000536,0.000291,0.000091,0.007920
swap_static,32,256,262144,0.008658,0.000000,0.000000,0.000405,0.000518,0.000256,0.000106,0.008134
swap_static,32,256,262144,0.008761,0.000000,0.000000,0.000419,0.000523,0.000263,0.000202,0.007676
swap_static,32,256,262144,0.008695,0.000000,0.000000,0.000426,0.000557,0.000265,0.000102,0.007947
swap_static,32,256,262144,0.008681,0.000000,0.000000,0.000411,0.000543,0.000258,0.000097,0.009044
swap_static,32,256,262144,0.008384,0.000000,0.000000,0.000412,0.000549,0.000288,0.000094,0.007945
swap_static,32,256,262144,0.008373,0.000000,0.000000,0.000429,0.000538,0.000271,0.000133,0.009524
swap_static,32,256,262144,0.008621,0.000000,0.000000,0.000404,0.000538,0.000261,0.000096,0.009102
swap_static,32,256,262144,0.008314,0.000000,0.000000,0.000413,0.000533,0.000269,0.000095,0.009458
swap_static,32,256,262144,0.008700,0.000000,0.000000,0.000420,0.000520,0.000257,0.000108,0.008137
swap_static,32,256,262144,0.008582,0.000000,0.000000,0.000420,0.000521,0.000254,0.000088,0.007947
swap_static,32,256,262144,0.008738,0.000000,0.000000,0.000416,0.000521,0.000258,0.000100,0.008094
swap_static,32,256,262144,0.008666,0.000000,0.000000,0.000431,0.000523,0.000265,0.000095,0.008998
swap_static,32,256,262144,0.008708,0.000000,0.000000,0.000421,0.000534,0.000255,0.000110,0.009583
swap_static,32,256,262144,0.008558,0.000000,0.000000,0.000421,0.000527,0.000255,0.000128,0.009428
swap_static,32,256,262144,0.008641,0.000000,0.000000,0.000411,0.000551,0.000269,0.000125,0.008924
swap_static,32,256,262144,0.008713,0.000000,0.000000,0.000408,0.000541,0.000255,0.000113,0.008854
swap_static,32,256,262144,0.008450,0.000000,0.000000,0.000433,0.000531,0.000325,0.000097,0.008127
swap_static,32,256,262144,0.008686,0.000000,0.000000,0.000404,0.000532,0.000252,0.000099,0.009234
swap_static,32,256,262144,0.008659,0.000000,0.000000,0.000412,0.000524,0.000252,0.000107,0.008897
swap_static,32,256,262144,0.008685,0.000000,0.000000,0.000405,0.000542,0.000255,0.000093,0.007797
swap_static,32,256,262144,0.008391,0.000000,0.000000,0.000397,0.000534,0.000250,0.000094,0.008111
swap_static,32,256,262144,0.008638,0.000000,0.000000,0.000413,0.000529,0.000256,0.000113,0.008819
swap_static,32,256,262144,0.008277,0.000000,0.000000,0.000429,0.000528,0.000252,0.000097,0.007741
swap_static,32,256,262144,0.008522,0.000000,0.000000,0.000424,0.000544,0.000270,0.000122,0.008598
swap_static,32,256,262144,0.008608,0.000000,0.000000,0.000407,0.000553,0.000271,0.000104,0.009160
swap_static,32,256,262144,0.008636,0.000000,0.000000,0.000416,0.000562,0.000274,0.000204,0.008044
swap_static,32,256,262144,0.008264,0.000000,0.000000,0.000410,0.000542,0.000261,0.000091,0.009226
swap_static,32,256,262144,0.008423,0.000000,0.000000,0.000413,0.000608,0.000264,0.000097,0.008196
swap_static,32,256,262144,0.008493,0.000000,0.000000,0.000410,0.000544,0.000262,0.000101,0.007781
swap_static,32,256,262144,0.008713,0.000000,0.000000,0.000402,0.000544,0.000251,0.000096,0.009077
swap_static,32,256,262144,0.008606,0.000000,0.000000,0.000425,0.000573,0.000293,0.000212,0.007800
swap_static,32,256,262144,0.008448,0.000000,0.000000,0.000407,0.000587,0.000252,0.000091,0.007939
swap_static,32,256,262144,0.008503,0.000000,0.000000,0.000425,0.000534,0.000270,0.000097,0.008024
swap_static,32,256,262144,0.008281,0.000000,0.000000,0.000427,0.000551,0.000270,0.000121,0.009192
swap_dynv2,32,256,262144,0.008667,0.000000,0.000019,0.000421,0.000536,0.000313,0.000119,0.009461
swap_dynv2,32,256,262144,0.008723,0.000000,0.000022,0.000448,0.000530,0.000312,0.000102,0.007891
swap_dynv2,32,256,262144,0.008514,0.000000,0.000021,0.000413,0.000536,0.000272,0.000112,0.009118
swap_dynv2,32,256,262144,0.007972,0.000000,0.000022,0.000417,0.000536,0.000296,0.000118,0.008969
swap_dynv2,32,256,262144,0.008328,0.000000,0.000021,0.000434,0.000566,0.000306,0.000140,0.007814
swap_dynv2,32,256,262144,0.008637,0.000000,0.000021,0.000416,0.000528,0.000270,0.000097,0.007630
swap_dynv2,32,256,262144,0.008425,0.000000,0.000017,0.000416,0.000519,0.000253,0.000123,0.009383
swap_dynv2,32,256,262144,0.008737,0.000000,0.000022,0.000406,0.000518,0.000271,0.000109,0.008889
swap_dynv2,32,256,262144,0.008479,0.000000,0.000023,0.000424,0.000535,0.000280,0.000096,0.007853
swap_dynv2,32,256,262144,0.008612,0.000000,0.000018,0.000420,0.000528,0.000286,0.000120,0.008071
swap_dynv2,32,256,262144,0.008387,0.000000,0.000020,0.000410,0.000513,0.000317,0.000126,0.009107
swap_dynv2,32,256,262144,0.008688,0.000000,0.000021,0.000399,0.000515,0.000260,0.000092,0.008999
swap_dynv2,32,256,262144,0.008423,0.000000,0.000021,0.000419,0.000535,0.000280,0.000097,0.007870
swap_dynv2,32,256,262144,0.008597,0.000000,0.000022,0.000415,0.000516,0.000264,0.000097,0.009297
swap_dynv2,32,256,262144,0.008382,0.000000,0.000021,0.000404,0.000548,0.000274,0.000096,0.008055
swap_dynv2,32,256,262144,0.008577,0.000000,0.000022,0.000410,0.000537,0.000279,0.000100,0.007858
swap_dynv2,32,256,262144,0.008451,0.000000,0.000022,0.000455,0.000545,0.000290,0.000098,0.008778
swap_dynv2,32,256,262144,0.008460,0.000000,0.000018,0.000423,0.000531,0.000280,0.000096,0.008035
swap_dynv2,32,256,262144,0.007922,0.000000,0.000023,0.000417,0.000537,0.000287,0.000124,0.008016
swap_dynv2,32,256,262144,0.008404,0.000000,0.000017,0.000413,0.000511,0.000267,0.000096,0.007980
swap_dynv2,32,256,262144,0.008679,0.000000,0.000018,0.000415,0.000548,0.000294,0.000096,0.008332
swap_dynv2,32,256,262144,0.008583,0.000000,0.000018,0.000424,0.000543,0.000261,0.000277,0.007909
swap_dynv2,32,256,262144,0.008540,0.000000,0.000021,0.000419,0.000535,0.000269,0.000093,0.007840
swap_dynv2,32,256,262144,0.008491,0.000000,0.000017,0.000422,0.000515,0.000271,0.000093,0.007844
swap_dynv2,32,256,262144,0.008791,0.000000,0.000018,0.000417,0.000515,0.000258,0.000097,0.008186
swap_dynv2,32,256,262144,0.008518,0.000000,0.000018,0.000425,0.000519,0.000251,0.000099,0.007897
swap_dynv2,32,256,262144,0.008215,0.000000,0.000018,0.000419,0.000548,0.000274,0.000097,0.009232
swap_dynv2,32,256,262144,0.008527,0.000000,0.000017,0.000415,0.000521,0.000252,0.000095,0.009387
swap_dynv2,32,256,262144,0.008843,0.000000,0.000022,0.000413,0.000535,0.000276,0.000100,0.009025
swap_dynv2,32,256,262144,0.008476,0.000000,0.000020,0.000425,0.000554,0.000286,0.000106,0.009083
swap_dynv2,32,256,262144,0.008691,0.000000,0.000018,0.000413,0.000536,0.000317,0.000099,0.008694
swap_dynv2,32,256,262144,0.008546,0.000000,0.000018,0.000420,0.000550,0.000275,0.000091,0.007940
swap_dynv2,32,256,262144,0.008341,0.000000,0.000029,0.000454,0.000550,0.000293,0.000106,0.008979
swap_dynv2,32,256,262144,0.008735,0.000000,0.000017,0.000417,0.000592,0.000256,0.000095,0.008005
swap_dynv2,32,256,262144,0.008845,0.000000,0.000018,0.000432,0.000534,0.000266,0.000110,0.007892
swap_dynv2,32,256,262144,0.008681,0.000000,0.000017,0.000412,0.000518,0.000261,0.000114,0.007778
swap_dynv2,32,256,262144,0.008474,0.000000,0.000022,0.000436,0.000574,0.000274,0.000097,0.007673
swap_dynv2,32,256,262144,0.008368,0.000000,0.000018,0.000414,0.000564,0.000258,0.000094,0.007804
swap_dynv2,32,256,262144,0.008678,0.000000,0.000017,0.000416,0.000521,0.000273,0.000095,0.008966
swap_dynv2,32,256,262144,0.008709,0.000000,0.000018,0.000413,0.000516,0.000257,0.000107,0.008175
swap_dynv2,32,256,262144,0.008651,0.000000,0.000022,0.000428,0.000542,0.000278,0.000105,0.007740
swap_dynv2,32,256,262144,0.008295,0.000000,0.000018,0.000430,0.000554,0.000271,0.000099,0.007786
swap_dynv2,32,256,262144,0.008308,0.000000,0.000017,0.000402,0.000515,0.000243,0.000096,0.009250
swap_dynv2,32,256,262144,0.008329,0.000000,0.000021,0.000447,0.000578,0.000300,0.000103,0.008776
swap_dynv2,32,256,262144,0.008987,0.000000,0.000022,0.000427,0.000533,0.000309,0.000099,0.007841
swap_dynv2,32,256,262144,0.008209,0.000000,0.000018,0.000417,0.000533,0.000256,0.000105,0.008047
swap_dynv2,32,256,262144,0.008659,0.000000,0.000018,0.000440,0.000554,0.000295,0.000101,0.007693
swap_dynv2,32,256,262144,0.008520,0.000000,0.000018,0.000420,0.000545,0.000256,0.000109,0.007842
swap_dynv2,32,256,262144,0.008550,0.000000,0.000023,0.000440,0.000584,0.000294,0.000108,0.008126
swap_dynv2,32,256,262144,0.008720,0.000000,0.000021,0.000423,0.000516,0.000282,0.000095,0.007711
swap_dynv2,32,256,262144,0.008487,0.000000,0.000018,0.000443,0.000544,0.000278,0.000111,0.007899
swap_dynv2,32,256,262144,0.008566,0.000000,0.000017,0.000430,0.000528,0.000287,0.000117,0.008179
swap_dynv2,32,256,262144,0.008550,0.000000,0.000022,0.000418,0.000530,0.000282,0.000104,0.007868
swap_dynv2,32,256,262144,0.008750,0.000000,0.000018,0.000438,0.000533,0.000259,0.000126,0.007879
swap_dynv2,32,256,262144,0.008710,0.000000,0.000022,0.000425,0.000527,0.000273,0.000096,0.007915
swap_dynv2,32,256,262144,0.008640,0.000000,0.000018,0.000446,0.000614,0.000298,0.000099,0.007995
swap_dynv2,32,256,262144,0.008800,0.000000,0.000017,0.000425,0.000531,0.000271,0.000114,0.007799
swap_dynv2,32,256,262144,0.008257,0.000000,0.000021,0.000406,0.000526,0.000251,0.000095,0.008130
swap_dynv2,32,256,262144,0.008609,0.000000,0.000023,0.000425,0.000573,0.000275,0.000098,0.007903
swap_dynv2,32,256,262144,0.008746,0.000000,0.000017,0.000448,0.000534,0.000256,0.000110,0.007673
swap_dynv2,32,256,262144,0.008785,0.000000,0.000019,0.000423,0.000543,0.000273,0.000129,0.009299
swap_dynv2,32,256,262144,0.008552,0.000000,0.000022,0.000424,0.000543,0.000258,0.000099,0.007721
swap_dynv2,32,256,262144,0.008663,0.000000,0.000018,0.000426,0.000545,0.000279,0.000137,0.007542
swap_dynv2,32,256,262144,0.008818,0.000000,0.000023,0.000435,0.000531,0.000276,0.000107,0.009325
swap_dynv2,32,256,262144,0.008575,0.000000,0.000019,0.000450,0.000589,0.000281,0.000097,0.008117
swap_dynv2,32,256,262144,0.008469,0.000000,0.000022,0.000419,0.000541,0.000263,0.000099,0.007843
swap_dynv2,32,256,262144,0.008497,0.000000,0.000022,0.000409,0.000534,0.000261,0.000096,0.007876
swap_dynv2,32,256,262144,0.008423,0.000000,0.000022,0.000419,0.000527,0.000271,0.000101,0.007998
swap_dynv2,32,256,262144,0.008539,0.000000,0.000024,0.000455,0.000559,0.000288,0.000144,0.007771
swap_dynv2,32,256,262144,0.008687,0.000000,0.000021,0.000431,0.000518,0.000267,0.000130,0.008498
swap_dynv2,32,256,262144,0.008710,0.000000,0.000022,0.000433,0.000519,0.000267,0.000098,0.007984
swap_dynv2,32,256,262144,0.008646,0.000000,0.000022,0.000471,0.000515,0.000301,0.000111,0.009263
swap_dynv2,32,256,262144,0.008302,0.000000,0.000021,0.000423,0.000538,0.000267,0.000100,0.007988
swap_dynv2,32,256,262144,0.008770,0.000000,0.000021,0.000412,0.000528,0.000250,0.000100,0.007985
swap_dynv2,32,256,262144,0.008588,0.000000,0.000021,0.000413,0.000578,0.000270,0.000097,0.007886
swap_static,32,256,16777216,0.485068,0.000000,0.000000,0.000481,0.000592,0.000347,0.000145,0.487562
swap_static,32,256,16777216,0.489054,0.000000,0.000000,0.000450,0.000571,0.000335,0.000124,0.492899
swap_static,32,256,16777216,0.488760,0.000000,0.000000,0.000455,0.000553,0.000349,0.000095,0.489964
swap_static,32,256,16777216,0.489168,0.000000,0.000000,0.000446,0.000557,0.000342,0.000094,0.489791
swap_static,32,256,16777216,0.489116,0.000000,0.000000,0.000477,0.000595,0.000389,0.000105,0.489763
swap_static,32,256,16777216,0.489937,0.000000,0.000000,0.000448,0.000557,0.000341,0.000100,0.490185
swap_static,32,256,16777216,0.492494,0.000000,0.000000,0.000479,0.000596,0.000367,0.000102,0.489577
swap_static,32,256,16777216,0.489329,0.000000,0.000000,0.000450,0.000560,0.000318,0.000093,0.489345
swap_static,32,256,16777216,0.491375,0.000000,0.000000,0.000454,0.000556,0.000351,0.000121,0.490081
swap_static,32,256,16777216,0.490519,0.000000,0.000000,0.000455,0.000547,0.000324,0.000149,0.489903
swap_static,32,256,16777216,0.490015,0.000000,0.000000,0.000445,0.000566,0.000327,0.000135,0.489518
swap_static,32,256,16777216,0.489980,0.000000,0.000000,0.000490,0.000569,0.000326,0.000103,0.491459
swap_static,32,256,16777216,0.490211,0.000000,0.000000,0.000458,0.000550,0.000317,0.000104,0.490490
swap_static,32,256,16777216,0.490391,0.000000,0.000000,0.000452,0.000555,0.000307,0.000105,0.491016
swap_static,32,256,16777216,0.489534,0.000000,0.000000,0.000440,0.000586,0.000335,0.000095,0.490235
swap_static,32,256,16777216,0.491532,0.000000,0.000000,0.000452,0.000569,0.000318,0.000108,0.489947
swap_static,32,256,16777216,0.490696,0.000000,0.000000,0.000446,0.000562,0.000317,0.000104,0.489933
swap_static,32,256,16777216,0.489951,0.000000,0.000000,0.000459,0.000545,0.000325,0.000106,0.491270
swap_static,32,256,16777216,0.490500,0.000000,0.000000,0.000455,0.000556,0.000303,0.000107,0.491694
swap_static,32,256,16777216,0.489991,0.000000,0.000000,0.000447,0.000569,0.000322,0.000096,0.489973
swap_static,32,256,16777216,0.490639,0.000000,0.000000,0.000448,0.000577,0.000335,0.000113,0.491546
swap_static,32,256,16777216,0.490471,0.000000,0.000000,0.000484,0.000589,0.000345,0.000100,0.492710
swap_static,32,256,16777216,0.489919,0.000000,0.000000,0.000453,0.000561,0.000318,0.000137,0.490330
swap_static,32,256,16777216,0.491350,0.000000,0.000000,0.000460,0.000567,0.000337,0.000105,0.492357
swap_static,32,256,16777216,0.490178,0.000000,0.000000,0.000452,0.000590,0.000324,0.000094,0.492201
swap_static,32,256,16777216,0.491904,0.000000,0.000000,0.000467,0.000570,0.000326,0.000121,0.490887
swap_static,32,256,16777216,0.489413,0.000000,0.000000,0.000466,0.000553,0.000332,0.000110,0.489774
swap_static,32,256,16777216,0.491230,0.000000,0.000000,0.000451,0.000559,0.000338,0.000112,0.490227
swap_static,32,256,16777216,0.489251,0.000000,0.000000,0.000463,0.000568,0.000313,0.000116,0.491258
swap_static,32,256,16777216,0.491560,0.000000,0.000000,0.000452,0.000557,0.000343,0.000110,0.492085
swap_static,32,256,16777216,0.491290,0.000000,0.000000,0.000486,0.000573,0.000308,0.000115,0.491382
swap_static,32,256,16777216,0.493431,0.000000,0.000000,0.000459,0.000558,0.000317,0.000116,0.495516
swap_static,32,256,16777216,0.490851,0.000000,0.000000,0.000449,0.000567,0.000329,0.000111,0.490664
swap_static,32,256,16777216,0.490785,0.000000,0.000000,0.000450,0.000589,0.000322,0.000122,0.492447
swap_static,32,256,16777216,0.491891,0.000000,0.000000,0.000451,0.000568,0.000335,0.000104,0.490226
swap_static,32,256,16777216,0.490812,0.000000,0.000000,0.000463,0.000574,0.000317,0.000105,0.491275
swap_static,32,256,16777216,0.490646,0.000000,0.000000,0.000461,0.000566,0.000329,0.000107,0.490019
swap_static,32,256,16777216,0.487513,0.000000,0.000000,0.000456,0.000554,0.000307,0.000106,0.487959
swap_static,32,256,16777216,0.490795,0.000000,0.000000,0.000492,0.000588,0.000372,0.000130,0.490836
swap_static,32,256,16777216,0.489037,0.000000,0.000000,0.000485,0.000587,0.000345,0.000114,0.489038
swap_static,32,256,16777216,0.488117,0.000000,0.000000,0.000453,0.000561,0.000305,0.000097,0.489320
swap_static,32,256,16777216,0.489917,0.000000,0.000000,0.000454,0.000574,0.000377,0.000110,0.490194
swap_static,32,256,16777216,0.489706,0.000000,0.000000,0.000452,0.000573,0.000315,0.000110,0.489613
swap_static,32,256,16777216,0.489844,0.000000,0.000000,0.000457,0.000558,0.000335,0.000094,0.490437
swap_static,32,256,16777216,0.489824,0.000000,0.000000,0.000455,0.000562,0.000345,0.000102,0.488986
swap_static,32,256,16777216,0.490065,0.000000,0.000000,0.000457,0.000575,0.000335,0.000135,0.491618
swap_static,32,256,16777216,0.490031,0.000000,0.000000,0.000451,0.000579,0.000323,0.000107,0.487681
swap_static,32,256,16777216,0.488125,0.000000,0.000000,0.000457,0.000564,0.000322,0.000108,0.488986
swap_static,32,256,16777216,0.490356,0.000000,0.000000,0.000458,0.000553,0.000339,0.000124,0.488125
swap_static,32,256,16777216,0.489938,0.000000,0.000000,0.000455,0.000560,0.000346,0.000108,0.489731
swap_static,32,256,16777216,0.489572,0.000000,0.000000,0.000462,0.000569,0.000318,0.000144,0.489520
swap_static,32,256,16777216,0.489501,0.000000,0.000000,0.000458,0.000551,0.000310,0.000110,0.489941
swap_static,32,256,16777216,0.490547,0.000000,0.000000,0.000450,0.000582,0.000345,0.000128,0.491777
swap_static,32,256,16777216,0.489574,0.000000,0.000000,0.000454,0.000588,0.000335,0.000110,0.489454
swap_static,32,256,16777216,0.489252,0.000000,0.000000,0.000453,0.000566,0.000310,0.000115,0.488670
swap_static,32,256,16777216,0.490043,0.000000,0.000000,0.000442,0.000559,0.000329,0.000109,0.488828
swap_static,32,256,16777216,0.488719,0.000000,0.000000,0.000449,0.000567,0.000324,0.000108,0.489241
swap_static,32,256,16777216,0.489743,0.000000,0.000000,0.000452,0.000559,0.000332,0.000109,0.489101
swap_static,32,256,16777216,0.489951,0.000000,0.000000,0.000450,0.000560,0.000326,0.000124,0.488769
swap_static,32,256,16777216,0.492026,0.000000,0.000000,0.000447,0.000557,0.000337,0.000102,0.488983
swap_static,32,256,16777216,0.489843,0.000000,0.000000,0.000462,0.000560,0.000356,0.000148,0.489051
swap_static,32,256,16777216,0.488714,0.000000,0.000000,0.000455,0.000570,0.000315,0.000109,0.487074
swap_static,32,256,16777216,0.489098,0.000000,0.000000,0.000450,0.000547,0.000304,0.000117,0.489797
swap_static,32,256,16777216,0.489637,0.000000,0.000000,0.000454,0.000565,0.000331,0.000122,0.490104
swap_static,32,256,16777216,0.490778,0.000000,0.000000,0.000444,0.000569,0.000310,0.000109,0.489115
swap_static,32,256,16777216,0.490181,0.000000,0.000000,0.000458,0.000567,0.000313,0.000116,0.489744
swap_static,32,256,16777216,0.491717,0.000000,0.000000,0.000453,0.000568,0.000334,0.000109,0.489435
swap_static,32,256,16777216,0.490758,0.000000,0.000000,0.000484,0.000581,0.000370,0.000145,0.488414
swap_static,32,256,16777216,0.489309,0.000000,0.000000,0.000431,0.000569,0.000320,0.000099,0.489603
swap_static,32,256,16777216,0.489709,0.000000,0.000000,0.000499,0.000581,0.000380,0.000406,0.489134
swap_static,32,256,16777216,0.489540,0.000000,0.000000,0.000448,0.000575,0.000323,0.000106,0.489325
swap_static,32,256,16777216,0.489919,0.000000,0.000000,0.000450,0.000556,0.000334,0.000115,0.489092
swap_static,32,256,16777216,0.489758,0.000000,0.000000,0.000451,0.000560,0.000368,0.000117,0.491705
swap_static,32,256,16777216,0.490400,0.000000,0.000000,0.000448,0.000582,0.000317,0.000109,0.488687
swap_static,32,256,16777216,0.489240,0.000000,0.000000,0.000480,0.000628,0.000350,0.000110,0.489450
swap_dynv2,32,256,16777216,0.473254,0.000000,0.000020,0.000443,0.000589,0.000344,0.000254,0.483391
swap_dynv2,32,256,16777216,0.486630,0.000000,0.000021,0.000455,0.000567,0.000336,0.000113,0.487816
swap_dynv2,32,256,16777216,0.485624,0.000000,0.000024,0.000450,0.000563,0.000346,0.000112,0.483807
swap_dynv2,32,256,16777216,0.486278,0.000000,0.000025,0.000447,0.000585,0.000345,0.000099,0.488465
swap_dynv2,32,256,16777216,0.486756,0.000000,0.000020,0.000439,0.000558,0.000325,0.000092,0.487518
swap_dynv2,32,256,16777216,0.486340,0.000000,0.000024,0.000443,0.000579,0.000320,0.000109,0.489307
swap_dynv2,32,256,16777216,0.486672,0.000000,0.000025,0.000460,0.000571,0.000328,0.000112,0.484996
swap_dynv2,32,256,16777216,0.488269,0.000000,0.000023,0.000442,0.000583,0.000322,0.000200,0.484937
swap_dynv2,32,256,16777216,0.486364,0.000000,0.000024,0.000443,0.000588,0.000373,0.000134,0.488725
swap_dynv2,32,256,16777216,0.487623,0.000000,0.000024,0.000443,0.000572,0.000323,0.000096,0.486082
swap_dynv2,32,256,16777216,0.487871,0.000000,0.000021,0.000450,0.000590,0.000328,0.000102,0.486381
swap_dynv2,32,256,16777216,0.487547,0.000000,0.000020,0.000460,0.000547,0.000338,0.000095,0.487008
swap_dynv2,32,256,16777216,0.488320,0.000000,0.000024,0.000442,0.000589,0.000337,0.000136,0.488371
swap_dynv2,32,256,16777216,0.488482,0.000000,0.000022,0.000453,0.000575,0.000328,0.000125,0.486845
swap_dynv2,32,256,16777216,0.482509,0.000000,0.000032,0.000450,0.000567,0.000355,0.000133,0.484524
swap_dynv2,32,256,16777216,0.486063,0.000000,0.000020,0.000454,0.000564,0.000320,0.000110,0.484648
swap_dynv2,32,256,16777216,0.486957,0.000000,0.000030,0.000455,0.000584,0.000350,0.000100,0.485646
swap_dynv2,32,256,16777216,0.478890,0.000000,0.000021,0.000436,0.000575,0.000317,0.000098,0.481987
swap_dynv2,32,256,16777216,0.484697,0.000000,0.000023,0.000458,0.000580,0.000340,0.000096,0.482817
swap_dynv2,32,256,16777216,0.481222,0.000000,0.000025,0.000453,0.000580,0.000323,0.000108,0.476374
swap_dynv2,32,256,16777216,0.486282,0.000000,0.000022,0.000487,0.000599,0.000389,0.000105,0.487793
swap_dynv2,32,256,16777216,0.485300,0.000000,0.000021,0.000446,0.000557,0.000309,0.000146,0.485173
swap_dynv2,32,256,16777216,0.488800,0.000000,0.000025,0.000495,0.000587,0.000332,0.000137,0.487768
swap_dynv2,32,256,16777216,0.485980,0.000000,0.000019,0.000448,0.000586,0.000383,0.000148,0.485474
swap_dynv2,32,256,16777216,0.485500,0.000000,0.000021,0.000461,0.000571,0.000308,0.000112,0.483904
swap_dynv2,32,256,16777216,0.484651,0.000000,0.000021,0.000461,0.000575,0.000330,0.000120,0.486501
swap_dynv2,32,256,16777216,0.486904,0.000000,0.000021,0.000459,0.000583,0.000341,0.000117,0.484982
swap_dynv2,32,256,16777216,0.487739,0.000000,0.000025,0.000459,0.000572,0.000339,0.000114,0.488066
swap_dynv2,32,256,16777216,0.486343,0.000000,0.000022,0.000458,0.000594,0.000334,0.000098,0.487427
swap_dynv2,32,256,16777216,0.486691,0.000000,0.000021,0.000457,0.000582,0.000339,0.000116,0.488781
swap_dynv2,32,256,16777216,0.485458,0.000000,0.000021,0.000464,0.000577,0.000328,0.000115,0.484352
swap_dynv2,32,256,16777216,0.486606,0.000000,0.000024,0.000471,0.000583,0.000324,0.000116,0.484970
swap_dynv2,32,256,16777216,0.485511,0.000000,0.000024,0.000484,0.000608,0.000350,0.000140,0.486109
swap_dynv2,32,256,16777216,0.487284,0.000000,0.000020,0.000435,0.000578,0.000327,0.000104,0.486131
swap_dynv2,32,256,16777216,0.485383,0.000000,0.000022,0.000463,0.000604,0.000355,0.000129,0.486412
swap_dynv2,32,256,16777216,0.486817,0.000000,0.000023,0.000452,0.000618,0.000336,0.000112,0.485267
swap_dynv2,32,256,16777216,0.487446,0.000000,0.000021,0.000461,0.000590,0.000353,0.000104,0.488236
swap_dynv2,32,256,16777216,0.486512,0.000000,0.000021,0.000464,0.000581,0.000336,0.000103,0.487375
swap_dynv2,32,256,16777216,0.485471,0.000000,0.000020,0.000489,0.000570,0.000325,0.000115,0.485447
swap_dynv2,32,256,16777216,0.484781,0.000000,0.000024,0.000459,0.000579,0.000331,0.000104,0.486599
swap_dynv2,32,256,16777216,0.487662,0.000000,0.000022,0.000461,0.000589,0.000354,0.000152,0.487680
swap_dynv2,32,256,16777216,0.486790,0.000000,0.000020,0.000437,0.000559,0.000296,0.000097,0.484704
swap_dynv2,32,256,16777216,0.486613,0.000000,0.000021,0.000457,0.000597,0.000323,0.000110,0.486427
swap_dynv2,32,256,16777216,0.486211,0.000000,0.000027,0.000482,0.000637,0.000410,0.000102,0.487633
swap_dynv2,32,256,16777216,0.486382,0.000000,0.000021,0.000493,0.000564,0.000328,0.000101,0.486257
swap_dynv2,32,256,16777216,0.486393,0.000000,0.000021,0.000454,0.000625,0.000355,0.000107,0.485017
swap_dynv2,32,256,16777216,0.485632,0.000000,0.000026,0.000452,0.000572,0.000315,0.000145,0.485913
swap_dynv2,32,256,16777216,0.486222,0.000000,0.000021,0.000456,0.000571,0.000306,0.000140,0.485437
swap_dynv2,32,256,16777216,0.487627,0.000000,0.000021,0.000457,0.000582,0.000306,0.000131,0.486408
swap_dynv2,32,256,16777216,0.486507,0.000000,0.000024,0.000452,0.000569,0.000338,0.000108,0.486021
swap_dynv2,32,256,16777216,0.487592,0.000000,0.000021,0.000457,0.000593,0.000333,0.000105,0.486666
swap_dynv2,32,256,16777216,0.486207,0.000000,0.000021,0.000460,0.000567,0.000327,0.000109,0.487302
swap_dynv2,32,256,16777216,0.486866,0.000000,0.000020,0.000464,0.000561,0.000332,0.000106,0.486132
swap_dynv2,32,256,16777216,0.486957,0.000000,0.000027,0.000470,0.000578,0.000321,0.000134,0.488225
swap_dynv2,32,256,16777216,0.486137,0.000000,0.000021,0.000443,0.000592,0.000318,0.000129,0.485974
swap_dynv2,32,256,16777216,0.486463,0.000000,0.000021,0.000450,0.000579,0.000326,0.000103,0.486063
swap_dynv2,32,256,16777216,0.485486,0.000000,0.000021,0.000464,0.000562,0.000341,0.000117,0.486040
swap_dynv2,32,256,16777216,0.487101,0.000000,0.000026,0.000463,0.000564,0.000305,0.000111,0.487813
swap_dynv2,32,256,16777216,0.490139,0.000000,0.000027,0.000580,0.000577,0.000324,0.000148,0.490821
swap_dynv2,32,256,16777216,0.486113,0.000000,0.000020,0.000457,0.000572,0.000345,0.000119,0.486419
swap_dynv2,32,256,16777216,0.485934,0.000000,0.000021,0.000466,0.000572,0.000326,0.000106,0.486881
swap_dynv2,32,256,16777216,0.486501,0.000000,0.000021,0.000464,0.000567,0.000315,0.000114,0.486438
swap_dynv2,32,256,16777216,0.485681,0.000000,0.000024,0.000445,0.000572,0.000314,0.000108,0.485041
swap_dynv2,32,256,16777216,0.486161,0.000000,0.000024,0.000527,0.000585,0.000372,0.000155,0.485851
swap_dynv2,32,256,16777216,0.487609,0.000000,0.000024,0.000451,0.000566,0.000318,0.000108,0.486227
swap_dynv2,32,256,16777216,0.485410,0.000000,0.000025,0.000456,0.000574,0.000319,0.000105,0.483490
swap_dynv2,32,256,16777216,0.484657,0.000000,0.000025,0.000453,0.000569,0.000309,0.000113,0.486545
swap_dynv2,32,256,16777216,0.485652,0.000000,0.000025,0.000461,0.000583,0.000326,0.000117,0.486604
swap_dynv2,32,256,16777216,0.486294,0.000000,0.000024,0.000459,0.000573,0.000317,0.000107,0.485961
swap_dynv2,32,256,16777216,0.487063,0.000000,0.000025,0.000452,0.000568,0.000306,0.000116,0.486685
swap_dynv2,32,256,16777216,0.488362,0.000000,0.000024,0.000460,0.000574,0.000345,0.000102,0.483796
swap_dynv2,32,256,16777216,0.485401,0.000000,0.000024,0.000454,0.000585,0.000329,0.000103,0.488015
swap_dynv2,32,256,16777216,0.487146,0.000000,0.000025,0.000453,0.000566,0.000310,0.000121,0.487231
swap_dynv2,32,256,16777216,0.486995,0.000000,0.000025,0.000466,0.000580,0.000329,0.000114,0.487194
swap_dynv2,32,256,16777216,0.487188,0.000000,0.000025,0.000450,0.000576,0.000340,0.000102,0.486945
swap_static,32,1024,4096,0.002602,0.000000,0.000000,0.005676,0.000544,0.000366,0.000107,0.001261
swap_static,32,1024,4096,0.001784,0.000000,0.000000,0.001282,0.000550,0.000266,0.000113,0.001225
swap_static,32,1024,4096,0.001901,0.000000,0.000000,0.001275,0.000520,0.000277,0.000103,0.001191
swap_static,32,1024,4096,0.001795,0.000000,0.000000,0.001283,0.000536,0.000272,0.000094,0.001211
swap_static,32,1024,4096,0.001776,0.000000,0.000000,0.001259,0.000514,0.000245,0.001277,0.000011
swap_static,32,1024,4096,0.001746,0.000000,0.000000,0.001404,0.000535,0.000278,0.000096,0.001305
swap_static,32,1024,4096,0.001904,0.000000,0.000000,0.001343,0.000524,0.000248,0.000117,0.001229
swap_static,32,1024,4096,0.001858,0.000000,0.000000,0.001270,0.000529,0.000255,0.000141,0.001196
swap_static,32,1024,4096,0.001900,0.000000,0.000000,0.001308,0.000528,0.000255,0.000092,0.001194
swap_static,32,1024,4096,0.001798,0.000000,0.000000,0.001349,0.000526,0.000258,0.000101,0.001234
swap_static,32,1024,4096,0.001950,0.000000,0.000000,0.001398,0.000531,0.000288,0.000104,0.001243
swap_static,32,1024,4096,0.001785,0.000000,0.000000,0.001260,0.000548,0.000241,0.000121,0.001222
swap_static,32,1024,4096,0.001817,0.000000,0.000000,0.001267,0.000530,0.000243,0.000104,0.001317
swap_static,32,1024,4096,0.001832,0.000000,0.000000,0.001249,0.000534,0.000240,0.000104,0.001274
swap_static,32,1024,4096,0.001780,0.000000,0.000000,0.001278,0.000578,0.000265,0.000088,0.001191
swap_static,32,1024,4096,0.001763,0.000000,0.000000,0.001330,0.000530,0.000247,0.000103,0.001222
swap_static,32,1024,4096,0.001909,0.000000,0.000000,0.001323,0.000538,0.000247,0.000106,0.001199
swap_static,32,1024,4096,0.001889,0.000000,0.000000,0.001309,0.000550,0.000277,0.000120,0.001251
swap_static,32,1024,4096,0.001786,0.000000,0.000000,0.001248,0.000512,0.000245,0.000092,0.001227
swap_static,32,1024,4096,0.001828,0.000000,0.000000,0.001320,0.000556,0.000274,0.000096,0.001216
swap_static,32,1024,4096,0.001799,0.000000,0.000000,0.001261,0.000571,0.000254,0.000095,0.001299
swap_static,32,1024,4096,0.001774,0.000000,0.000000,0.001258,0.000525,0.000251,0.000093,0.001189
swap_static,32,1024,4096,0.001746,0.000000,0.000000,0.001281,0.000529,0.000237,0.000096,0.001249
swap_static,32,1024,4096,0.001802,0.000000,0.000000,0.001358,0.000563,0.000275,0.000097,0.001178
swap_static,32,1024,4096,0.001828,0.000000,0.000000,0.001341,0.000521,0.000280,0.000094,0.001217
swap_static,32,1024,4096,0.001801,0.000000,0.000000,0.001243,0.000524,0.000237,0.000092,0.001200
swap_static,32,1024,4096,0.001801,0.000000,0.000000,0.001320,0.000539,0.000278,0.000098,0.001267
swap_static,32,1024,4096,0.001866,0.000000,0.000000,0.001305,0.000534,0.000238,0.000094,0.001238
swap_static,32,1024,4096,0.001844,0.000000,0.000000,0.001259,0.000521,0.000237,0.000105,0.001241
swap_static,32,1024,4096,0.001758,0.000000,0.000000,0.001260,0.000517,0.000269,0.000095,0.001258
swap_static,32,1024,4096,0.001939,0.000000,0.000000,0.001278,0.000566,0.000254,0.000094,0.001179
swap_static,32,1024,4096,0.001796,0.000000,0.000000,0.001468,0.000573,0.000317,0.000117,0.001216
swap_static,32,1024,4096,0.001831,0.000000,0.000000,0.001284,0.000526,0.000243,0.000127,0.001223
swap_static,32,1024,4096,0.001855,0.000000,0.000000,0.001316,0.000548,0.000264,0.000097,0.001217
swap_static,32,1024,4096,0.001851,0.000000,0.000000,0.001255,0.000540,0.000238,0.000096,0.001257
swap_static,32,1024,4096,0.001815,0.000000,0.000000,0.001308,0.000540,0.000312,0.000088,0.001230
swap_static,32,1024,4096,0.001810,0.000000,0.000000,0.001244,0.000598,0.000256,0.000095,0.001287
swap_static,32,1024,4096,0.001768,0.000000,0.000000,0.001265,0.000516,0.000252,0.000103,0.001233
swap_static,32,1024,4096,0.001807,0.000000,0.000000,0.001391,0.000540,0.000277,0.000094,0.001208
swap_static,32,1024,4096,0.001862,0.000000,0.000000,0.001315,0.000505,0.000235,0.000122,0.001194
swap_static,32,1024,4096,0.001890,0.000000,0.000000,0.001283,0.000572,0.000266,0.000133,0.001245
swap_static,32,1024,4096,0.001893,0.000000,0.000000,0.001309,0.000520,0.000242,0.000101,0.001188
swap_static,32,1024,4096,0.001792,0.000000,0.000000,0.001250,0.000518,0.000261,0.000107,0.001207
swap_static,32,1024,4096,0.001828,0.000000,0.000000,0.001272,0.000525,0.000274,0.000094,0.001236
swap_static,32,1024,4096,0.001850,0.000000,0.000000,0.001318,0.000517,0.000263,0.000094,0.001201
swap_static,32,1024,4096,0.001840,0.000000,0.000000,0.001365,0.000563,0.000304,0.000093,0.001237
swap_static,32,1024,4096,0.001797,0.000000,0.000000,0.001331,0.000537,0.000266,0.000098,0.001228
swap_static,32,1024,4096,0.001790,0.000000,0.000000,0.001265,0.000561,0.000262,0.000100,0.001248
swap_static,32,1024,4096,0.001819,0.000000,0.000000,0.001330,0.000515,0.000271,0.000094,0.001263
swap_static,32,1024,4096,0.001832,0.000000,0.000000,0.001366,0.000533,0.000269,0.000109,0.001232
swap_static,32,1024,4096,0.001824,0.000000,0.000000,0.001346,0.000530,0.000276,0.000120,0.001219
swap_static,32,1024,4096,0.001868,0.000000,0.000000,0.001330,0.000529,0.000268,0.000098,0.001202
swap_static,32,1024,4096,0.001810,0.000000,0.000000,0.001381,0.000543,0.000276,0.000096,0.001205
swap_static,32,1024,4096,0.001799,0.000000,0.000000,0.001282,0.000529,0.000255,0.000106,0.001361
swap_static,32,1024,4096,0.001858,0.000000,0.000000,0.001310,0.000533,0.000252,0.000098,0.001199
swap_static,32,1024,4096,0.001798,0.000000,0.000000,0.001307,0.000533,0.000266,0.000145,0.001187
swap_static,32,1024,4096,0.001878,0.000000,0.000000,0.001315,0.000548,0.000256,0.000096,0.001186
swap_static,32,1024,4096,0.001819,0.000000,0.000000,0.001381,0.000549,0.000309,0.000096,0.001193
swap_static,32,1024,4096,0.001843,0.000000,0.000000,0.001409,0.000553,0.000260,0.000097,0.001222
swap_static,32,1024,4096,0.001796,0.000000,0.000000,0.001411,0.000540,0.000269,0.000113,0.001148
swap_static,32,1024,4096,0.001855,0.000000,0.000000,0.001268,0.000547,0.000256,0.000114,0.001192
swap_static,32,1024,4096,0.001936,0.000000,0.000000,0.001362,0.000527,0.000274,0.000128,0.001187
swap_static,32,1024,4096,0.001868,0.000000,0.000000,0.001444,0.000543,0.000257,0.000127,0.001145
swap_static,32,1024,4096,0.001807,0.000000,0.000000,0.001405,0.000537,0.000271,0.000094,0.001213
swap_static,32,1024,4096,0.001823,0.000000,0.000000,0.001347,0.000533,0.000262,0.000112,0.001175
swap_static,32,1024,4096,0.001853,0.000000,0.000000,0.001418,0.000536,0.000281,0.000093,0.001229
swap_static,32,1024,4096,0.001885,0.000000,0.000000,0.001437,0.000552,0.000271,0.000100,0.001243
swap_static,32,1024,4096,0.001860,0.000000,0.000000,0.001313,0.000524,0.000269,0.000105,0.001197
swap_static,32,1024,4096,0.001884,0.000000,0.000000,0.001373,0.000569,0.000275,0.000099,0.001225
swap_static,32,1024,4096,0.001858,0.000000,0.000000,0.001360,0.000531,0.000270,0.000109,0.001223
swap_static,32,1024,4096,0.001875,0.000000,0.000000,0.001657,0.000579,0.000323,0.000106,0.001272
swap_static,32,1024,4096,0.001874,0.000000,0.000000,0.001578,0.000552,0.000305,0.000099,0.001267
swap_static,32,1024,4096,0.001859,0.000000,0.000000,0.001437,0.000556,0.000315,0.000095,0.001304
swap_static,32,1024,4096,0.001850,0.000000,0.000000,0.001525,0.000544,0.000301,0.000097,0.001299
swap_static,32,1024,4096,0.001845,0.000000,0.000000,0.001504,0.000548,0.000309,0.000113,0.001236
swap_dynv2,32,1024,4096,0.002889,0.000000,0.000019,0.005746,0.000679,0.000341,0.000133,0.001238
swap_dynv2,32,1024,4096,0.001811,0.000000,0.000020,0.001274,0.000543,0.000260,0.000121,0.001268
swap_dynv2,32,1024,4096,0.001823,0.000000,0.000017,0.001307,0.000522,0.000285,0.000094,0.001261
swap_dynv2,32,1024,4096,0.001826,0.000000,0.000022,0.001284,0.000567,0.000270,0.000096,0.001244
swap_dynv2,32,1024,4096,0.001788,0.000000,0.000022,0.001401,0.000578,0.000360,0.000097,0.001201
swap_dynv2,32,1024,4096,0.001915,0.000000,0.000017,0.001397,0.000549,0.000277,0.000119,0.001211
swap_dynv2,32,1024,4096,0.001953,0.000000,0.000021,0.001351,0.000524,0.000275,0.000103,0.001187
swap_dynv2,32,1024,4096,0.001896,0.000000,0.000021,0.001257,0.000543,0.000245,0.000099,0.001220
swap_dynv2,32,1024,4096,0.001888,0.000000,0.000022,0.001255,0.000529,0.000259,0.000091,0.001274
swap_dynv2,32,1024,4096,0.001840,0.000000,0.000022,0.001356,0.000579,0.000322,0.000101,0.001243
swap_dynv2,32,1024,4096,0.001865,0.000000,0.000021,0.001311,0.000535,0.000258,0.000101,0.001228
swap_dynv2,32,1024,4096,0.001811,0.000000,0.000022,0.001242,0.000540,0.000244,0.000104,0.001213
swap_dynv2,32,1024,4096,0.001856,0.000000,0.000018,0.001318,0.000527,0.000268,0.000095,0.001235
swap_dynv2,32,1024,4096,0.001804,0.000000,0.000023,0.001304,0.000561,0.000264,0.000095,0.001201
swap_dynv2,32,1024,4096,0.001874,0.000000,0.000018,0.001265,0.000593,0.000271,0.000097,0.001231
swap_dynv2,32,1024,4096,0.001842,0.000000,0.000020,0.001367,0.000557,0.000258,0.000097,0.001211
swap_dynv2,32,1024,4096,0.001883,0.000000,0.000016,0.001362,0.000533,0.000244,0.000101,0.001178
swap_dynv2,32,1024,4096,0.001821,0.000000,0.000022,0.001289,0.000545,0.000252,0.000110,0.001253
swap_dynv2,32,1024,4096,0.001955,0.000000,0.000017,0.001293,0.000530,0.000263,0.000118,0.001182
swap_dynv2,32,1024,4096,0.001905,0.000000,0.000019,0.001286,0.000566,0.000273,0.000116,0.001181
swap_dynv2,32,1024,4096,0.001879,0.000000,0.000022,0.001288,0.000546,0.000268,0.000102,0.001304
swap_dynv2,32,1024,4096,0.001809,0.000000,0.000027,0.001254,0.000533,0.000319,0.000106,0.001237
swap_dynv2,32,1024,4096,0.001931,0.000000,0.000019,0.001438,0.000538,0.000292,0.000133,0.001190
swap_dynv2,32,1024,4096,0.001824,0.000000,0.000018,0.001309,0.000590,0.000261,0.000110,0.001276
swap_dynv2,32,1024,4096,0.001774,0.000000,0.000017,0.001313,0.000541,0.000260,0.000100,0.001182
swap_dynv2,32,1024,4096,0.001847,0.000000,0.000016,0.001325,0.000543,0.000244,0.000100,0.001248
swap_dynv2,32,1024,4096,0.001867,0.000000,0.000020,0.001372,0.000556,0.000280,0.000102,0.001224
swap_dynv2,32,1024,4096,0.001827,0.000000,0.000018,0.001288,0.000581,0.000246,0.000094,0.001267
swap_dynv2,32,1024,4096,0.001778,0.000000,0.000017,0.001265,0.000541,0.000274,0.000100,0.001212
swap_dynv2,32,1024,4096,0.001847,0.000000,0.000022,0.001323,0.000537,0.000343,0.000101,0.001198
swap_dynv2,32,1024,4096,0.001876,0.000000,0.000021,0.001309,0.000564,0.000264,0.000099,0.001217
swap_dynv2,32,1024,4096,0.001913,0.000000,0.000019,0.001333,0.000575,0.000283,0.000115,0.001195
swap_dynv2,32,1024,4096,0.001820,0.000000,0.000018,0.001264,0.000550,0.000253,0.000099,0.001313
swap_dynv2,32,1024,4096,0.001827,0.000000,0.000021,0.001301,0.000592,0.000254,0.000123,0.001147
swap_dynv2,32,1024,4096,0.001824,0.000000,0.000017,0.001278,0.000564,0.000258,0.000117,0.001182
swap_dynv2,32,1024,4096,0.001839,0.000000,0.000017,0.001295,0.000534,0.000265,0.000099,0.001234
swap_dynv2,32,1024,4096,0.001992,0.000000,0.000017,0.001376,0.000553,0.000260,0.000103,0.001181
swap_dynv2,32,1024,4096,0.001816,0.000000,0.000021,0.001274,0.000551,0.000264,0.000095,0.001155
swap_dynv2,32,1024,4096,0.001822,0.000000,0.000018,0.001322,0.000571,0.000270,0.000101,0.001194
swap_dynv2,32,1024,4096,0.001887,0.000000,0.000019,0.001290,0.000579,0.000266,0.000099,0.001249
swap_dynv2,32,1024,4096,0.001821,0.000000,0.000018,0.001384,0.000585,0.000295,0.000123,0.001213
swap_dynv2,32,1024,4096,0.001808,0.000000,0.000022,0.001276,0.000539,0.000243,0.000144,0.001215
swap_dynv2,32,1024,4096,0.001931,0.000000,0.000021,0.001323,0.000539,0.000274,0.000098,0.001203
swap_dynv2,32,1024,4096,0.001894,0.000000,0.000017,0.001259,0.000550,0.000277,0.000108,0.001215
swap_dynv2,32,1024,4096,0.001823,0.000000,0.000017,0.001268,0.000551,0.000260,0.000105,0.001215
swap_dynv2,32,1024,4096,0.001853,0.000000,0.000018,0.001266,0.000564,0.000259,0.000100,0.001280
swap_dynv2,32,1024,4096,0.001854,0.000000,0.000021,0.001257,0.000544,0.000264,0.000094,0.001266
swap_dynv2,32,1024,4096,0.001823,0.000000,0.000019,0.001289,0.000595,0.000263,0.000098,0.001203
swap_dynv2,32,1024,4096,0.001862,0.000000,0.000017,0.001327,0.000545,0.000257,0.000108,0.001208
swap_dynv2,32,1024,4096,0.001901,0.000000,0.000018,0.001310,0.000574,0.000256,0.000106,0.001213
swap_dynv2,32,1024,4096,0.001869,0.000000,0.000021,0.001296,0.000547,0.000268,0.000092,0.001175
swap_dynv2,32,1024,4096,0.001858,0.000000,0.000022,0.001251,0.000569,0.000265,0.000114,0.001189
swap_dynv2,32,1024,4096,0.001830,0.000000,0.000018,0.001378,0.000547,0.000305,0.000099,0.001196
swap_dynv2,32,1024,4096,0.001919,0.000000,0.000023,0.001256,0.000552,0.000258,0.000102,0.001251
swap_dynv2,32,1024,4096,0.001826,0.000000,0.000017,0.001337,0.000545,0.000250,0.000096,0.001192
swap_dynv2,32,1024,4096,0.001804,0.000000,0.000022,0.001262,0.000562,0.000260,0.000137,0.001177
swap_dynv2,32,1024,4096,0.001849,0.000000,0.000021,0.001263,0.000542,0.000246,0.000099,0.001213
swap_dynv2,32,1024,4096,0.001851,0.000000,0.000023,0.001304,0.000558,0.000290,0.000099,0.001232
swap_dynv2,32,1024,4096,0.001899,0.000000,0.000023,0.001304,0.000589,0.000286,0.000135,0.001197
swap_dynv2,32,1024,4096,0.001813,0.000000,0.000023,0.001265,0.000555,0.000260,0.000098,0.001235
swap_dynv2,32,1024,4096,0.001807,0.000000,0.000022,0.001256,0.000552,0.000282,0.000111,0.001245
swap_dynv2,32,1024,4096,0.001863,0.000000,0.000021,0.001307,0.000550,0.000269,0.000100,0.001199
swap_dynv2,32,1024,4096,0.001842,0.000000,0.000022,0.001345,0.000665,0.000280,0.000114,0.001276
swap_dynv2,32,1024,4096,0.001900,0.000000,0.000023,0.001367,0.000559,0.000279,0.000108,0.001237
swap_dynv2,32,1024,4096,0.001792,0.000000,0.000017,0.001320,0.000551,0.000280,0.000135,0.001198
swap_dynv2,32,1024,4096,0.001923,0.000000,0.000021,0.001311,0.000550,0.000253,0.000104,0.001321
swap_dynv2,32,1024,4096,0.001920,0.000000,0.000023,0.001312,0.000571,0.000275,0.000102,0.001244
swap_dynv2,32,1024,4096,0.001863,0.000000,0.000022,0.001295,0.000565,0.000279,0.000141,0.001185
swap_dynv2,32,1024,4096,0.001934,0.000000,0.000022,0.001278,0.000569,0.000266,0.000099,0.001277
swap_dynv2,32,1024,4096,0.001859,0.000000,0.000020,0.001395,0.000549,0.000275,0.000118,0.001187
swap_dynv2,32,1024,4096,0.001835,0.000000,0.000022,0.001396,0.000573,0.000281,0.000099,0.001335
swap_dynv2,32,1024,4096,0.001899,0.000000,0.000022,0.001545,0.000572,0.000270,0.000114,0.001246
swap_dynv2,32,1024,4096,0.001941,0.000000,0.000021,0.001489,0.000557,0.000261,0.000128,0.001288
swap_dynv2,32,1024,4096,0.001877,0.000000,0.000023,0.001536,0.000561,0.000259,0.000237,0.001182
swap_dynv2,32,1024,4096,0.001949,0.000000,0.000023,0.001557,0.000551,0.000270,0.000096,0.001199
swap_static,32,1024,262144,0.011549,0.000000,0.000000,0.005659,0.000550,0.000364,0.000119,0.009919
swap_static,32,1024,262144,0.010869,0.000000,0.000000,0.003688,0.000574,0.000318,0.000116,0.009981
swap_static,32,1024,262144,0.010085,0.000000,0.000000,0.001521,0.000550,0.000388,0.000091,0.010081
swap_static,32,1024,262144,0.010449,0.000000,0.000000,0.001534,0.000578,0.000317,0.000102,0.009916
swap_static,32,1024,262144,0.010576,0.000000,0.000000,0.001734,0.000587,0.000316,0.000097,0.009724
swap_static,32,1024,262144,0.010638,0.000000,0.000000,0.001515,0.000579,0.000307,0.001397,0.009040
swap_static,32,1024,262144,0.010249,0.000000,0.000000,0.001402,0.000614,0.000287,0.000134,0.011153
swap_static,32,1024,262144,0.010757,0.000000,0.000000,0.001396,0.000558,0.000289,0.000105,0.010478
swap_static,32,1024,262144,0.010812,0.000000,0.000000,0.001477,0.000575,0.000314,0.000092,0.009820
swap_static,32,1024,262144,0.010726,0.000000,0.000000,0.001365,0.000569,0.000306,0.000099,0.010869
swap_static,32,1024,262144,0.010579,0.000000,0.000000,0.001603,0.000589,0.000323,0.000135,0.009921
swap_static,32,1024,262144,0.010592,0.000000,0.000000,0.001595,0.000565,0.000322,0.000101,0.010100
swap_static,32,1024,262144,0.010498,0.000000,0.000000,0.001610,0.000558,0.000301,0.000094,0.010242
swap_static,32,1024,262144,0.010587,0.000000,0.000000,0.001510,0.000615,0.000291,0.000096,0.009941
swap_static,32,1024,262144,0.010852,0.000000,0.000000,0.001494,0.000564,0.000293,0.000140,0.009931
swap_static,32,1024,262144,0.010582,0.000000,0.000000,0.001702,0.000579,0.000334,0.000197,0.010313
swap_static,32,1024,262144,0.010804,0.000000,0.000000,0.001509,0.000553,0.000309,0.000093,0.010210
swap_static,32,1024,262144,0.010293,0.000000,0.000000,0.001523,0.000621,0.000311,0.000123,0.009506
swap_static,32,1024,262144,0.010669,0.000000,0.000000,0.001514,0.000569,0.000294,0.000098,0.010197
swap_static,32,1024,262144,0.010705,0.000000,0.000000,0.001502,0.000605,0.000296,0.000091,0.010132
swap_static,32,1024,262144,0.010515,0.000000,0.000000,0.001381,0.000543,0.000304,0.000132,0.009871
swap_static,32,1024,262144,0.010524,0.000000,0.000000,0.001592,0.000562,0.000331,0.000118,0.010945
swap_static,32,1024,262144,0.010402,0.000000,0.000000,0.001490,0.000544,0.000322,0.000093,0.009808
swap_static,32,1024,262144,0.010891,0.000000,0.000000,0.001497,0.000564,0.000347,0.000098,0.010262
swap_static,32,1024,262144,0.010473,0.000000,0.000000,0.001579,0.000571,0.000337,0.000093,0.010321
swap_static,32,1024,262144,0.010709,0.000000,0.000000,0.001610,0.000579,0.000320,0.000100,0.009977
swap_static,32,1024,262144,0.010644,0.000000,0.000000,0.001686,0.000611,0.000324,0.000109,0.010110
swap_static,32,1024,262144,0.010796,0.000000,0.000000,0.001585,0.000595,0.000334,0.000108,0.010905
swap_static,32,1024,262144,0.010305,0.000000,0.000000,0.001514,0.000596,0.000324,0.000140,0.010409
swap_static,32,1024,262144,0.010265,0.000000,0.000000,0.001554,0.000549,0.000316,0.000096,0.010158
swap_static,32,1024,262144,0.010789,0.000000,0.000000,0.001584,0.000546,0.000325,0.000120,0.010086
swap_static,32,1024,262144,0.010825,0.000000,0.000000,0.001546,0.000560,0.000336,0.000094,0.009329
swap_static,32,1024,262144,0.010478,0.000000,0.000000,0.001563,0.000571,0.000320,0.000106,0.010796
swap_static,32,1024,262144,0.011883,0.000000,0.000000,0.001578,0.000558,0.000306,0.000100,0.011097
swap_static,32,1024,262144,0.010077,0.000000,0.000000,0.001525,0.000551,0.000321,0.000116,0.010284
swap_static,32,1024,262144,0.010781,0.000000,0.000000,0.001603,0.000562,0.000324,0.000146,0.009740
swap_static,32,1024,262144,0.010775,0.000000,0.000000,0.001486,0.000788,0.000310,0.000140,0.009743
swap_static,32,1024,262144,0.010527,0.000000,0.000000,0.001499,0.000552,0.000287,0.000107,0.010319
swap_static,32,1024,262144,0.010677,0.000000,0.000000,0.001454,0.000543,0.000293,0.000108,0.009837
swap_static,32,1024,262144,0.010230,0.000000,0.000000,0.001527,0.000575,0.000309,0.000096,0.010293
swap_static,32,1024,262144,0.010430,0.000000,0.000000,0.001433,0.000538,0.000287,0.000124,0.010824
swap_static,32,1024,262144,0.010912,0.000000,0.000000,0.001393,0.000567,0.000315,0.000089,0.010720
swap_static,32,1024,262144,0.010660,0.000000,0.000000,0.001540,0.000577,0.000371,0.000219,0.009989
swap_static,32,1024,262144,0.010636,0.000000,0.000000,0.001473,0.000543,0.000320,0.000090,0.010021
swap_static,32,1024,262144,0.010582,0.000000,0.000000,0.001470,0.000569,0.000325,0.000098,0.010209
swap_static,32,1024,262144,0.010553,0.000000,0.000000,0.001607,0.000543,0.000314,0.000099,0.009875
swap_static,32,1024,262144,0.010577,0.000000,0.000000,0.001463,0.000575,0.000290,0.000092,0.010105
swap_static,32,1024,262144,0.010389,0.000000,0.000000,0.001510,0.000591,0.000337,0.000143,0.010623
swap_static,32,1024,262144,0.010726,0.000000,0.000000,0.001453,0.000565,0.000291,0.000096,0.011092
swap_static,32,1024,262144,0.010613,0.000000,0.000000,0.001495,0.000641,0.000314,0.000110,0.010584
swap_static,32,1024,262144,0.010622,0.000000,0.000000,0.001503,0.000591,0.000312,0.000116,0.010079
swap_static,32,1024,262144,0.010529,0.000000,0.000000,0.001416,0.000554,0.000302,0.000092,0.009866
swap_static,32,1024,262144,0.010879,0.000000,0.000000,0.001483,0.000577,0.000305,0.000099,0.010858
swap_static,32,1024,262144,0.010600,0.000000,0.000000,0.001506,0.000557,0.000310,0.000128,0.010701
swap_static,32,1024,262144,0.010877,0.000000,0.000000,0.001425,0.000568,0.000297,0.000109,0.010001
swap_static,32,1024,262144,0.010780,0.000000,0.000000,0.001544,0.000580,0.000322,0.000097,0.009879
swap_static,32,1024,262144,0.010718,0.000000,0.000000,0.001491,0.000576,0.000284,0.000137,0.009529
swap_static,32,1024,262144,0.010885,0.000000,0.000000,0.001545,0.000559,0.000335,0.000091,0.009885
swap_static,32,1024,262144,0.010854,0.000000,0.000000,0.001592,0.000581,0.000325,0.000112,0.010660
swap_static,32,1024,262144,0.010476,0.000000,0.000000,0.001475,0.000583,0.000295,0.000115,0.009909
swap_static,32,1024,262144,0.010627,0.000000,0.000000,0.001322,0.000547,0.000284,0.000116,0.010362
swap_static,32,1024,262144,0.011033,0.000000,0.000000,0.001326,0.000551,0.000295,0.000093,0.009931
swap_static,32,1024,262144,0.010400,0.000000,0.000000,0.001326,0.000573,0.000315,0.000126,0.009894
swap_static,32,1024,262144,0.010418,0.000000,0.000000,0.001321,0.000552,0.000282,0.000094,0.010189
swap_static,32,1024,262144,0.010486,0.000000,0.000000,0.001489,0.000545,0.000341,0.000135,0.009687
swap_static,32,1024,262144,0.011279,0.000000,0.000000,0.001320,0.000550,0.000283,0.000090,0.010287
swap_static,32,1024,262144,0.010282,0.000000,0.000000,0.001290,0.000533,0.000284,0.000092,0.010230
swap_static,32,1024,262144,0.010543,0.000000,0.000000,0.001370,0.000574,0.000293,0.000112,0.010544
swap_static,32,1024,262144,0.010504,0.000000,0.000000,0.001393,0.000544,0.000295,0.000179,0.009646
swap_static,32,1024,262144,0.010737,0.000000,0.000000,0.001399,0.000557,0.000306,0.000140,0.009985
swap_static,32,1024,262144,0.010417,0.000000,0.000000,0.001292,0.000545,0.000280,0.000104,0.010003
swap_static,32,1024,262144,0.010712,0.000000,0.000000,0.001353,0.000549,0.000286,0.000088,0.010308
swap_static,32,1024,262144,0.010871,0.000000,0.000000,0.001358,0.000562,0.000310,0.000097,0.010051
swap_static,32,1024,262144,0.010601,0.000000,0.000000,0.001309,0.000569,0.000313,0.000101,0.009835
swap_static,32,1024,262144,0.010245,0.000000,0.000000,0.001334,0.000565,0.000289,0.000095,0.009897
swap_dynv2,32,1024,262144,0.011815,0.000000,0.000018,0.005697,0.000551,0.000349,0.000133,0.010172
swap_dynv2,32,1024,262144,0.011168,0.000000,0.000023,0.003470,0.000555,0.000325,0.000109,0.010549
swap_dynv2,32,1024,262144,0.010613,0.000000,0.000021,0.001438,0.000547,0.000314,0.000096,0.009960
swap_dynv2,32,1024,262144,0.010958,0.000000,0.000022,0.001331,0.000552,0.000307,0.000116,0.009708
swap_dynv2,32,1024,262144,0.010493,0.000000,0.000018,0.001522,0.000536,0.000302,0.000102,0.010048
swap_dynv2,32,1024,262144,0.010698,0.000000,0.000022,0.001342,0.000545,0.000307,0.000094,0.010038
swap_dynv2,32,1024,262144,0.010767,0.000000,0.000022,0.001402,0.000566,0.000270,0.000095,0.011878
swap_dynv2,32,1024,262144,0.010717,0.000000,0.000019,0.001381,0.000572,0.000281,0.000103,0.010404
swap_dynv2,32,1024,262144,0.010644,0.000000,0.000022,0.001283,0.000526,0.000265,0.000092,0.010351
swap_dynv2,32,1024,262144,0.010943,0.000000,0.000020,0.001498,0.000573,0.000309,0.000102,0.010497
swap_dynv2,32,1024,262144,0.011181,0.000000,0.000020,0.001538,0.000580,0.000300,0.000133,0.010749
swap_dynv2,32,1024,262144,0.010860,0.000000,0.000022,0.001408,0.000521,0.000285,0.000098,0.010367
swap_dynv2,32,1024,262144,0.010775,0.000000,0.000021,0.001552,0.000587,0.000314,0.000096,0.010053
swap_dynv2,32,1024,262144,0.010398,0.000000,0.000020,0.001418,0.000561,0.000324,0.000124,0.011331
swap_dynv2,32,1024,262144,0.010708,0.000000,0.000023,0.001473,0.000553,0.000313,0.000093,0.010249
swap_dynv2,32,1024,262144,0.010658,0.000000,0.000023,0.001520,0.000615,0.000308,0.000109,0.010583
swap_dynv2,32,1024,262144,0.010695,0.000000,0.000022,0.001438,0.000557,0.000309,0.000122,0.010159
swap_dynv2,32,1024,262144,0.010955,0.000000,0.000026,0.001494,0.000566,0.000299,0.000098,0.010236
swap_dynv2,32,1024,262144,0.011011,0.000000,0.000023,0.001465,0.000564,0.000320,0.000097,0.010223
swap_dynv2,32,1024,262144,0.010533,0.000000,0.000018,0.001389,0.000547,0.000278,0.000097,0.010056
swap_dynv2,32,1024,262144,0.010686,0.000000,0.000023,0.001429,0.000545,0.000305,0.000113,0.009797
swap_dynv2,32,1024,262144,0.011134,0.000000,0.000018,0.001320,0.000533,0.000297,0.000116,0.010392
swap_dynv2,32,1024,262144,0.011014,0.000000,0.000024,0.001397,0.000555,0.000315,0.000093,0.010141
swap_dynv2,32,1024,262144,0.010292,0.000000,0.000018,0.001322,0.000539,0.000291,0.000099,0.010313
swap_dynv2,32,1024,262144,0.010512,0.000000,0.000023,0.001435,0.000562,0.000298,0.000097,0.010321
swap_dynv2,32,1024,262144,0.010397,0.000000,0.000019,0.001353,0.000569,0.000311,0.000116,0.010141
swap_dynv2,32,1024,262144,0.010522,0.000000,0.000017,0.001308,0.000541,0.000277,0.000093,0.009801
swap_dynv2,32,1024,262144,0.010655,0.000000,0.000018,0.001387,0.000527,0.000287,0.000115,0.010262
swap_dynv2,32,1024,262144,0.010577,0.000000,0.000021,0.001320,0.000534,0.000290,0.000096,0.010380
swap_dynv2,32,1024,262144,0.010793,0.000000,0.000017,0.001377,0.000527,0.000296,0.000093,0.010300
swap_dynv2,32,1024,262144,0.010574,0.000000,0.000017,0.001476,0.000522,0.000319,0.000095,0.011263
swap_dynv2,32,1024,262144,0.011117,0.000000,0.000018,0.001369,0.000546,0.000321,0.000130,0.010019
swap_dynv2,32,1024,262144,0.010946,0.000000,0.000021,0.001341,0.000553,0.000296,0.000096,0.009761
swap_dynv2,32,1024,262144,0.010812,0.000000,0.000018,0.001331,0.000556,0.000295,0.000095,0.010438
swap_dynv2,32,1024,262144,0.010614,0.000000,0.000018,0.001330,0.000539,0.000281,0.000101,0.011013
swap_dynv2,32,1024,262144,0.010519,0.000000,0.000020,0.001443,0.000547,0.000299,0.000098,0.011167
swap_dynv2,32,1024,262144,0.010725,0.000000,0.000022,0.001363,0.000559,0.000281,0.000110,0.010258
swap_dynv2,32,1024,262144,0.010642,0.000000,0.000017,0.001320,0.000549,0.000314,0.000167,0.010120
swap_dynv2,32,1024,262144,0.010678,0.000000,0.000017,0.001357,0.000524,0.000291,0.000131,0.010439
swap_dynv2,32,1024,262144,0.011909,0.000000,0.000017,0.001382,0.000539,0.000319,0.000129,0.011079
swap_dynv2,32,1024,262144,0.010775,0.000000,0.000021,0.001327,0.000535,0.000284,0.000131,0.009681
swap_dynv2,32,1024,262144,0.010918,0.000000,0.000019,0.001431,0.000554,0.000288,0.000098,0.009954
swap_dynv2,32,1024,262144,0.010643,0.000000,0.000017,0.001381,0.000536,0.000288,0.000093,0.010521
swap_dynv2,32,1024,262144,0.010374,0.000000,0.000018,0.001343,0.000537,0.000302,0.000108,0.009867
swap_dynv2,32,1024,262144,0.011103,0.000000,0.000023,0.001489,0.000559,0.000322,0.000115,0.010867
swap_dynv2,32,1024,262144,0.010819,0.000000,0.000018,0.001401,0.000558,0.000289,0.000094,0.010267
swap_dynv2,32,1024,262144,0.012188,0.000000,0.000019,0.001514,0.000553,0.000345,0.000114,0.011168
swap_dynv2,32,1024,262144,0.010607,0.000000,0.000017,0.001309,0.000556,0.000297,0.000098,0.011000
swap_dynv2,32,1024,262144,0.010978,0.000000,0.000023,0.001349,0.000552,0.000295,0.000097,0.009911
swap_dynv2,32,1024,262144,0.010828,0.000000,0.000019,0.001378,0.000570,0.000313,0.000097,0.011388
swap_dynv2,32,1024,262144,0.010963,0.000000,0.000022,0.001398,0.000538,0.000347,0.000101,0.010187
swap_dynv2,32,1024,262144,0.010977,0.000000,0.000019,0.001404,0.000574,0.000341,0.000098,0.011005
swap_dynv2,32,1024,262144,0.010791,0.000000,0.000017,0.001420,0.000538,0.000314,0.000117,0.009884
swap_dynv2,32,1024,262144,0.010801,0.000000,0.000023,0.001317,0.000547,0.000286,0.000098,0.010594
swap_dynv2,32,1024,262144,0.010860,0.000000,0.000018,0.001376,0.000557,0.000310,0.000105,0.010015
swap_dynv2,32,1024,262144,0.010504,0.000000,0.000025,0.001449,0.000578,0.000332,0.000119,0.010643
swap_dynv2,32,1024,262144,0.010651,0.000000,0.000024,0.001437,0.000552,0.000327,0.000095,0.010387
swap_dynv2,32,1024,262144,0.010949,0.000000,0.000017,0.001325,0.000549,0.000292,0.000101,0.010156
swap_dynv2,32,1024,262144,0.010336,0.000000,0.000021,0.001350,0.000545,0.000288,0.000096,0.010205
swap_dynv2,32,1024,262144,0.010971,0.000000,0.000024,0.001407,0.000549,0.000323,0.000100,0.010316
swap_dynv2,32,1024,262144,0.011097,0.000000,0.000021,0.001400,0.000545,0.000283,0.000096,0.011281
swap_dynv2,32,1024,262144,0.010895,0.000000,0.000023,0.001362,0.000563,0.000280,0.000099,0.010213
swap_dynv2,32,1024,262144,0.011255,0.000000,0.000023,0.001554,0.000544,0.000304,0.000106,0.010500
swap_dynv2,32,1024,262144,0.010469,0.000000,0.000022,0.001327,0.000531,0.000295,0.000128,0.011350
swap_dynv2,32,1024,262144,0.010536,0.000000,0.000021,0.001299,0.000553,0.000290,0.000103,0.010117
swap_dynv2,32,1024,262144,0.012042,0.000000,0.000022,0.001477,0.000566,0.000298,0.000105,0.010939
swap_dynv2,32,1024,262144,0.010471,0.000000,0.000022,0.001348,0.000549,0.000284,0.000099,0.010227
swap_dynv2,32,1024,262144,0.011073,0.000000,0.000023,0.001629,0.000558,0.000321,0.000096,0.010204
swap_dynv2,32,1024,262144,0.010502,0.000000,0.000022,0.001490,0.000547,0.000321,0.000095,0.010932
swap_dynv2,32,1024,262144,0.010956,0.000000,0.000023,0.001530,0.000547,0.000310,0.000240,0.010495
swap_dynv2,32,1024,262144,0.011064,0.000000,0.000023,0.001528,0.000549,0.000310,0.000105,0.010041
swap_dynv2,32,1024,262144,0.010690,0.000000,0.000024,0.001603,0.000557,0.000340,0.000105,0.010582
swap_dynv2,32,1024,262144,0.010604,0.000000,0.000024,0.001544,0.000558,0.000328,0.000115,0.010575
swap_dynv2,32,1024,262144,0.011156,0.000000,0.000024,0.001536,0.000564,0.000341,0.000099,0.010873
swap_dynv2,32,1024,262144,0.010980,0.000000,0.000023,0.001560,0.000553,0.000336,0.000102,0.011090
swap_static,32,1024,16777216,0.636165,0.000000,0.000000,0.005692,0.000573,0.000369,0.000132,0.624255
swap_static,32,1024,16777216,0.622211,0.000000,0.000000,0.001532,0.000587,0.000365,0.000103,0.624605
swap_static,32,1024,16777216,0.621909,0.000000,0.000000,0.001883,0.000609,0.000293,0.000095,0.624450
swap_static,32,1024,16777216,0.623584,0.000000,0.000000,0.001515,0.000592,0.000334,0.000098,0.627184
swap_static,32,1024,16777216,0.625272,0.000000,0.000000,0.001542,0.000561,0.000336,0.000114,0.626718
swap_static,32,1024,16777216,0.624353,0.000000,0.000000,0.001581,0.000601,0.000326,0.000093,0.625170
swap_static,32,1024,16777216,0.623006,0.000000,0.000000,0.001529,0.000582,0.000323,0.000106,0.627397
swap_static,32,1024,16777216,0.624303,0.000000,0.000000,0.001863,0.000618,0.000376,0.000110,0.625258
swap_static,32,1024,16777216,0.626051,0.000000,0.000000,0.001535,0.000568,0.000324,0.000132,0.625684
swap_static,32,1024,16777216,0.625456,0.000000,0.000000,0.001544,0.000582,0.000368,0.000094,0.624980
swap_static,32,1024,16777216,0.626078,0.000000,0.000000,0.001549,0.000581,0.000317,0.000128,0.626215
swap_static,32,1024,16777216,0.625711,0.000000,0.000000,0.001546,0.000566,0.000336,0.000143,0.627917
swap_static,32,1024,16777216,0.627718,0.000000,0.000000,0.001543,0.000570,0.000319,0.000095,0.624978
swap_static,32,1024,16777216,0.627527,0.000000,0.000000,0.001541,0.000588,0.000347,0.000105,0.626803
swap_static,32,1024,16777216,0.626210,0.000000,0.000000,0.001544,0.000578,0.000334,0.000097,0.627355
swap_static,32,1024,16777216,0.627186,0.000000,0.000000,0.001699,0.000620,0.000422,0.000116,0.627883
swap_static,32,1024,16777216,0.627499,0.000000,0.000000,0.001538,0.000580,0.000326,0.000106,0.627563
swap_static,32,1024,16777216,0.627748,0.000000,0.000000,0.001548,0.000585,0.000323,0.000106,0.626948
swap_static,32,1024,16777216,0.629257,0.000000,0.000000,0.001543,0.000579,0.000340,0.000096,0.627244
swap_static,32,1024,16777216,0.627962,0.000000,0.000000,0.001537,0.000576,0.000313,0.000109,0.627764
swap_static,32,1024,16777216,0.629346,0.000000,0.000000,0.001763,0.000630,0.000385,0.000099,0.628167
swap_static,32,1024,16777216,0.627003,0.000000,0.000000,0.001540,0.000574,0.000349,0.000108,0.628085
swap_static,32,1024,16777216,0.627250,0.000000,0.000000,0.001645,0.000597,0.000332,0.000105,0.627658
swap_static,32,1024,16777216,0.629520,0.000000,0.000000,0.001542,0.000575,0.000360,0.000107,0.627974
swap_static,32,1024,16777216,0.628015,0.000000,0.000000,0.001593,0.000569,0.000342,0.000104,0.628184
swap_static,32,1024,16777216,0.627264,0.000000,0.000000,0.001538,0.000585,0.000330,0.000145,0.628462
swap_static,32,1024,16777216,0.627965,0.000000,0.000000,0.001541,0.000567,0.000326,0.000118,0.623577
swap_static,32,1024,16777216,0.628439,0.000000,0.000000,0.001588,0.000571,0.000381,0.000126,0.629315
swap_static,32,1024,16777216,0.630870,0.000000,0.000000,0.001754,0.000627,0.000316,0.000110,0.630573
swap_static,32,1024,16777216,0.628305,0.000000,0.000000,0.001533,0.000601,0.000335,0.000108,0.631929
swap_static,32,1024,16777216,0.631731,0.000000,0.000000,0.001548,0.000562,0.000322,0.000116,0.631406
swap_static,32,1024,16777216,0.630880,0.000000,0.000000,0.001528,0.000583,0.000332,0.000131,0.629540
swap_static,32,1024,16777216,0.628415,0.000000,0.000000,0.001532,0.000575,0.000358,0.000189,0.627503
swap_static,32,1024,16777216,0.627992,0.000000,0.000000,0.001537,0.000580,0.000320,0.000112,0.632731
swap_static,32,1024,16777216,0.623747,0.000000,0.000000,0.001765,0.000599,0.000327,0.000115,0.628301
swap_static,32,1024,16777216,0.629652,0.000000,0.000000,0.001739,0.000620,0.000398,0.000098,0.629113
swap_static,32,1024,16777216,0.623593,0.000000,0.000000,0.001529,0.000582,0.000318,0.000107,0.625252
swap_static,32,1024,16777216,0.625227,0.000000,0.000000,0.001683,0.000556,0.000328,0.000109,0.624375
swap_static,32,1024,16777216,0.628196,0.000000,0.000000,0.001539,0.000574,0.000329,0.000111,0.628016
swap_static,32,1024,16777216,0.628313,0.000000,0.000000,0.001592,0.000572,0.000350,0.000093,0.633997
swap_static,32,1024,16777216,0.632643,0.000000,0.000000,0.001542,0.000567,0.000312,0.000118,0.630385
swap_static,32,1024,16777216,0.623046,0.000000,0.000000,0.001760,0.000593,0.000367,0.000100,0.624994
swap_static,32,1024,16777216,0.625216,0.000000,0.000000,0.001587,0.000578,0.000316,0.000097,0.625246
swap_static,32,1024,16777216,0.624907,0.000000,0.000000,0.001588,0.000569,0.000347,0.000107,0.624539
swap_static,32,1024,16777216,0.625272,0.000000,0.000000,0.001554,0.000561,0.000317,0.000111,0.624856
swap_static,32,1024,16777216,0.627437,0.000000,0.000000,0.002560,0.000607,0.000380,0.000102,0.627510
swap_static,32,1024,16777216,0.625313,0.000000,0.000000,0.001536,0.000561,0.000313,0.000097,0.623230
swap_static,32,1024,16777216,0.624682,0.000000,0.000000,0.001536,0.000571,0.000328,0.000122,0.624299
swap_static,32,1024,16777216,0.625259,0.000000,0.000000,0.001595,0.000563,0.000348,0.000102,0.624152
swap_static,32,1024,16777216,0.624090,0.000000,0.000000,0.001531,0.000580,0.000350,0.000119,0.625141
swap_static,32,1024,16777216,0.624389,0.000000,0.000000,0.001566,0.000585,0.000315,0.000108,0.625881
swap_static,32,1024,16777216,0.624501,0.000000,0.000000,0.001754,0.000605,0.000354,0.000096,0.625536
swap_static,32,1024,16777216,0.625166,0.000000,0.000000,0.001536,0.000563,0.000317,0.000122,0.624466
swap_static,32,1024,16777216,0.625263,0.000000,0.000000,0.001544,0.000557,0.000331,0.000096,0.625073
swap_static,32,1024,16777216,0.624845,0.000000,0.000000,0.001569,0.000573,0.000314,0.000104,0.625399
swap_static,32,1024,16777216,0.625368,0.000000,0.000000,0.001537,0.000588,0.000541,0.000095,0.625882
swap_static,32,1024,16777216,0.625604,0.000000,0.000000,0.001542,0.000581,0.000307,0.000146,0.624621
swap_static,32,1024,16777216,0.624869,0.000000,0.000000,0.001545,0.000577,0.000317,0.000116,0.624759
swap_static,32,1024,16777216,0.626111,0.000000,0.000000,0.001554,0.000564,0.000332,0.000112,0.623572
swap_static,32,1024,16777216,0.626215,0.000000,0.000000,0.001539,0.000570,0.000299,0.000102,0.622904
swap_static,32,1024,16777216,0.625432,0.000000,0.000000,0.001726,0.000591,0.000341,0.000150,0.624801
swap_static,32,1024,16777216,0.625236,0.000000,0.000000,0.001762,0.000600,0.000306,0.000115,0.625439
swap_static,32,1024,16777216,0.624085,0.000000,0.000000,0.001750,0.000616,0.000325,0.000154,0.624951
swap_static,32,1024,16777216,0.625281,0.000000,0.000000,0.001750,0.000616,0.000317,0.000106,0.622997
swap_static,32,1024,16777216,0.624330,0.000000,0.000000,0.001740,0.000616,0.000306,0.000107,0.626214
swap_static,32,1024,16777216,0.624374,0.000000,0.000000,0.001540,0.000566,0.000310,0.000149,0.623879
swap_static,32,1024,16777216,0.624263,0.000000,0.000000,0.001561,0.000598,0.000310,0.000121,0.624472
swap_static,32,1024,16777216,0.625880,0.000000,0.000000,0.001538,0.000583,0.000327,0.000111,0.623631
swap_static,32,1024,16777216,0.625771,0.000000,0.000000,0.001760,0.000613,0.000316,0.000113,0.625396
swap_static,32,1024,16777216,0.625156,0.000000,0.000000,0.001534,0.000587,0.000324,0.000121,0.623548
swap_static,32,1024,16777216,0.625854,0.000000,0.000000,0.001541,0.000571,0.000320,0.000113,0.624404
swap_static,32,1024,16777216,0.624512,0.000000,0.000000,0.001542,0.000580,0.000314,0.000110,0.626129
swap_static,32,1024,16777216,0.624772,0.000000,0.000000,0.001546,0.000591,0.000326,0.000113,0.626021
swap_static,32,1024,16777216,0.625840,0.000000,0.000000,0.001560,0.000595,0.000328,0.000115,0.624971
swap_static,32,1024,16777216,0.625226,0.000000,0.000000,0.001540,0.000586,0.000319,0.000137,0.623592
swap_dynv2,32,1024,16777216,0.652388,0.000000,0.000023,0.005724,0.000601,0.000384,0.000207,0.639105
swap_dynv2,32,1024,16777216,0.639707,0.000000,0.000026,0.001577,0.000607,0.000322,0.000136,0.640985
swap_dynv2,32,1024,16777216,0.639424,0.000000,0.000024,0.001542,0.000599,0.000325,0.000114,0.639413
swap_dynv2,32,1024,16777216,0.638874,0.000000,0.000024,0.001544,0.000594,0.000358,0.000099,0.640872
swap_dynv2,32,1024,16777216,0.641033,0.000000,0.000026,0.001757,0.000636,0.000335,0.000103,0.640701
swap_dynv2,32,1024,16777216,0.640016,0.000000,0.000025,0.001580,0.000634,0.000355,0.000117,0.640260
swap_dynv2,32,1024,16777216,0.639668,0.000000,0.000021,0.001541,0.000595,0.000334,0.000120,0.640192
swap_dynv2,32,1024,16777216,0.640335,0.000000,0.000025,0.001536,0.000596,0.000340,0.000105,0.639708
swap_dynv2,32,1024,16777216,0.640441,0.000000,0.000021,0.001664,0.000591,0.000324,0.000105,0.639877
swap_dynv2,32,1024,16777216,0.641289,0.000000,0.000026,0.001543,0.000583,0.000332,0.000119,0.641719
swap_dynv2,32,1024,16777216,0.639492,0.000000,0.000021,0.001545,0.000591,0.000340,0.000097,0.642462
swap_dynv2,32,1024,16777216,0.641001,0.000000,0.000023,0.001556,0.000615,0.000318,0.000105,0.641527
swap_dynv2,32,1024,16777216,0.639969,0.000000,0.000021,0.001549,0.000596,0.000352,0.000096,0.642131
swap_dynv2,32,1024,16777216,0.642383,0.000000,0.000025,0.001776,0.000636,0.000350,0.000140,0.642542
swap_dynv2,32,1024,16777216,0.642329,0.000000,0.000023,0.001607,0.000608,0.000345,0.000113,0.642863
swap_dynv2,32,1024,16777216,0.643120,0.000000,0.000027,0.001544,0.000612,0.000325,0.000111,0.641717
swap_dynv2,32,1024,16777216,0.642023,0.000000,0.000020,0.001559,0.000602,0.000360,0.000097,0.644516
swap_dynv2,32,1024,16777216,0.643923,0.000000,0.000022,0.001555,0.000599,0.000328,0.000118,0.645903
swap_dynv2,32,1024,16777216,0.643866,0.000000,0.000027,0.001546,0.000590,0.000350,0.000099,0.645092
swap_dynv2,32,1024,16777216,0.643654,0.000000,0.000021,0.001531,0.000595,0.000341,0.000096,0.645873
swap_dynv2,32,1024,16777216,0.643583,0.000000,0.000021,0.001544,0.000599,0.000334,0.000097,0.646919
swap_dynv2,32,1024,16777216,0.645388,0.000000,0.000020,0.001565,0.000568,0.000326,0.000104,0.647325
swap_dynv2,32,1024,16777216,0.644484,0.000000,0.000025,0.001545,0.000589,0.000334,0.000140,0.644638
swap_dynv2,32,1024,16777216,0.644931,0.000000,0.000024,0.001559,0.000606,0.000317,0.000126,0.644732
swap_dynv2,32,1024,16777216,0.645651,0.000000,0.000028,0.001564,0.000600,0.000335,0.000119,0.646356
swap_dynv2,32,1024,16777216,0.645441,0.000000,0.000023,0.001753,0.000581,0.000362,0.000127,0.645470
swap_dynv2,32,1024,16777216,0.645241,0.000000,0.000023,0.001561,0.000592,0.000330,0.000118,0.647572
swap_dynv2,32,1024,16777216,0.645594,0.000000,0.000026,0.001577,0.000605,0.000331,0.000130,0.640423
swap_dynv2,32,1024,16777216,0.628772,0.000000,0.000028,0.001570,0.000609,0.000331,0.000112,0.646826
swap_dynv2,32,1024,16777216,0.645780,0.000000,0.000021,0.001553,0.000579,0.000354,0.000098,0.644071
swap_dynv2,32,1024,16777216,0.644982,0.000000,0.000022,0.001543,0.000632,0.000329,0.000147,0.644326
swap_dynv2,32,1024,16777216,0.646288,0.000000,0.000025,0.001539,0.000589,0.000339,0.000095,0.645145
swap_dynv2,32,1024,16777216,0.639754,0.000000,0.000020,0.001556,0.000579,0.000334,0.000099,0.639952
swap_dynv2,32,1024,16777216,0.645748,0.000000,0.000024,0.001546,0.000600,0.000311,0.000111,0.643160
swap_dynv2,32,1024,16777216,0.645299,0.000000,0.000022,0.001747,0.000642,0.000319,0.000110,0.646177
swap_dynv2,32,1024,16777216,0.646065,0.000000,0.000025,0.001659,0.000578,0.000328,0.000107,0.646959
swap_dynv2,32,1024,16777216,0.646459,0.000000,0.000026,0.001558,0.000590,0.000336,0.000096,0.646441
swap_dynv2,32,1024,16777216,0.645484,0.000000,0.000022,0.001604,0.000589,0.000379,0.000124,0.640251
swap_dynv2,32,1024,16777216,0.639906,0.000000,0.000022,0.001552,0.000607,0.000349,0.000164,0.640675
swap_dynv2,32,1024,16777216,0.640737,0.000000,0.000022,0.001569,0.000597,0.000331,0.000113,0.639451
swap_dynv2,32,1024,16777216,0.640262,0.000000,0.000024,0.001577,0.000599,0.000337,0.000126,0.640072
swap_dynv2,32,1024,16777216,0.640266,0.000000,0.000022,0.001563,0.000617,0.000348,0.000128,0.640414
swap_dynv2,32,1024,16777216,0.639156,0.000000,0.000024,0.001801,0.000625,0.000388,0.000119,0.639796
swap_dynv2,32,1024,16777216,0.638881,0.000000,0.000022,0.001553,0.000604,0.000317,0.000108,0.639663
swap_dynv2,32,1024,16777216,0.639123,0.000000,0.000026,0.001599,0.000618,0.000333,0.000148,0.639968
swap_dynv2,32,1024,16777216,0.641453,0.000000,0.000023,0.001566,0.000587,0.000321,0.000150,0.639300
swap_dynv2,32,1024,16777216,0.638607,0.000000,0.000021,0.001548,0.000595,0.000339,0.000111,0.640287
swap_dynv2,32,1024,16777216,0.641138,0.000000,0.000023,0.001553,0.000624,0.000341,0.000101,0.639621
swap_dynv2,32,1024,16777216,0.639442,0.000000,0.000029,0.001768,0.000642,0.000350,0.000101,0.640282
swap_dynv2,32,1024,16777216,0.641531,0.000000,0.000021,0.001543,0.000591,0.000354,0.000131,0.639787
swap_dynv2,32,1024,16777216,0.640886,0.000000,0.000023,0.001816,0.000653,0.000419,0.000145,0.640947
swap_dynv2,32,1024,16777216,0.640872,0.000000,0.000027,0.001592,0.000622,0.000371,0.000243,0.640353
swap_dynv2,32,1024,16777216,0.640489,0.000000,0.000023,0.001536,0.000606,0.000299,0.000096,0.639030
swap_dynv2,32,1024,16777216,0.639188,0.000000,0.000022,0.001547,0.000616,0.000349,0.000111,0.640125
swap_dynv2,32,1024,16777216,0.638366,0.000000,0.000022,0.001550,0.000611,0.000375,0.000097,0.638333
swap_dynv2,32,1024,16777216,0.639703,0.000000,0.000026,0.002669,0.000815,0.000455,0.000690,0.638169
swap_dynv2,32,1024,16777216,0.637989,0.000000,0.000026,0.001539,0.000604,0.000344,0.000112,0.637772
swap_dynv2,32,1024,16777216,0.639320,0.000000,0.000023,0.001778,0.000640,0.000403,0.000105,0.641198
swap_dynv2,32,1024,16777216,0.642350,0.000000,0.000022,0.001541,0.000608,0.000334,0.000106,0.637734
swap_dynv2,32,1024,16777216,0.638580,0.000000,0.000028,0.001752,0.000587,0.000346,0.000091,0.641369
swap_dynv2,32,1024,16777216,0.638571,0.000000,0.000026,0.001544,0.000602,0.000332,0.000098,0.642424
swap_dynv2,32,1024,16777216,0.642504,0.000000,0.000023,0.001628,0.000604,0.000362,0.000122,0.639018
swap_dynv2,32,1024,16777216,0.640252,0.000000,0.000027,0.001513,0.000591,0.000348,0.000112,0.637778
swap_dynv2,32,1024,16777216,0.638796,0.000000,0.000026,0.001538,0.000589,0.000331,0.000108,0.637987
swap_dynv2,32,1024,16777216,0.639339,0.000000,0.000029,0.001765,0.000632,0.000397,0.000113,0.639561
swap_dynv2,32,1024,16777216,0.640078,0.000000,0.000026,0.001533,0.000598,0.000340,0.000114,0.639883
swap_dynv2,32,1024,16777216,0.640266,0.000000,0.000028,0.001562,0.000611,0.000327,0.000116,0.638153
swap_dynv2,32,1024,16777216,0.642192,0.000000,0.000025,0.001549,0.000648,0.000399,0.000158,0.639832
swap_dynv2,32,1024,16777216,0.640135,0.000000,0.000021,0.001550,0.000600,0.000353,0.000147,0.642002
swap_dynv2,32,1024,16777216,0.642078,0.000000,0.000028,0.001705,0.000596,0.000332,0.000141,0.639064
swap_dynv2,32,1024,16777216,0.640046,0.000000,0.000027,0.001538,0.000612,0.000364,0.000099,0.637828
swap_dynv2,32,1024,16777216,0.639002,0.000000,0.000026,0.001547,0.000601,0.000366,0.000111,0.638514
swap_dynv2,32,1024,16777216,0.639911,0.000000,0.000025,0.001707,0.000592,0.000325,0.000111,0.640897
swap_dynv2,32,1024,16777216,0.640213,0.000000,0.000026,0.001702,0.000595,0.000323,0.000111,0.641134
swap_dynv2,32,1024,16777216,0.644517,0.000000,0.000025,0.001559,0.000604,0.000363,0.000121,0.643257
swap_static,64,64,64,0.001231,0.000000,0.000000,0.000354,0.000993,0.000298,0.000182,0.000445
swap_static,64,64,64,0.001196,0.000000,0.000000,0.000354,0.000967,0.000258,0.000192,0.000485
swap_static,64,64,64,0.001192,0.000000,0.000000,0.000360,0.000979,0.000287,0.000147,0.000446
swap_static,64,64,64,0.001225,0.000000,0.000000,0.000360,0.001044,0.000284,0.000237,0.000388
swap_static,64,64,64,0.001171,0.000000,0.000000,0.000370,0.000981,0.000287,0.000153,0.000503
swap_static,64,64,64,0.001205,0.000000,0.000000,0.000361,0.001050,0.000263,0.000203,0.000393
swap_static,64,64,64,0.001191,0.000000,0.000000,0.000355,0.000972,0.000256,0.000158,0.000499
swap_static,64,64,64,0.001193,0.000000,0.000000,0.000357,0.000967,0.000261,0.000168,0.000450
swap_static,64,64,64,0.001154,0.000000,0.000000,0.000346,0.000952,0.000244,0.000159,0.000405
swap_static,64,64,64,0.001169,0.000000,0.000000,0.000357,0.000978,0.000254,0.000237,0.000363
swap_static,64,64,64,0.001151,0.000000,0.000000,0.000352,0.000946,0.000242,0.000399,0.000216
swap_static,64,64,64,0.001187,0.000000,0.000000,0.000351,0.000961,0.000252,0.000158,0.000470
swap_static,64,64,64,0.001192,0.000000,0.000000,0.000350,0.000953,0.000262,0.000154,0.000474
swap_static,64,64,64,0.001301,0.000000,0.000000,0.000368,0.000973,0.000266,0.000152,0.000442
swap_static,64,64,64,0.001140,0.000000,0.000000,0.000364,0.001020,0.000253,0.000211,0.000377
swap_static,64,64,64,0.001156,0.000000,0.000000,0.000356,0.000961,0.000241,0.000148,0.000475
swap_static,64,64,64,0.001217,0.000000,0.000000,0.000356,0.000962,0.000250,0.000216,0.000373
swap_static,64,64,64,0.001294,0.000000,0.000000,0.000351,0.000960,0.000251,0.000184,0.000460
swap_static,64,64,64,0.001144,0.000000,0.000000,0.000356,0.000966,0.000255,0.000187,0.000420
swap_static,64,64,64,0.001143,0.000000,0.000000,0.000354,0.000951,0.000253,0.000161,0.000478
swap_static,64,64,64,0.001219,0.000000,0.000000,0.000373,0.001018,0.000264,0.000152,0.000459
swap_static,64,64,64,0.001210,0.000000,0.000000,0.000362,0.000953,0.000260,0.000208,0.000376
swap_static,64,64,64,0.001181,0.000000,0.000000,0.000396,0.001003,0.000307,0.000168,0.000427
swap_static,64,64,64,0.001209,0.000000,0.000000,0.000371,0.000983,0.000270,0.000159,0.000466
swap_static,64,64,64,0.001256,0.000000,0.000000,0.000358,0.001001,0.000270,0.000188,0.000408
swap_static,64,64,64,0.001149,0.000000,0.000000,0.000355,0.000956,0.000233,0.000210,0.000396
swap_static,64,64,64,0.001216,0.000000,0.000000,0.000376,0.000981,0.000261,0.000273,0.000338
swap_static,64,64,64,0.001172,0.000000,0.000000,0.000359,0.000947,0.000249,0.000188,0.000520
swap_static,64,64,64,0.001171,0.000000,0.000000,0.000354,0.000957,0.000260,0.000162,0.000432
swap_static,64,64,64,0.001166,0.000000,0.000000,0.000361,0.000971,0.000265,0.000206,0.000378
swap_static,64,64,64,0.001191,0.000000,0.000000,0.000354,0.000968,0.000259,0.000160,0.000393
swap_static,64,64,64,0.001165,0.000000,0.000000,0.000356,0.000954,0.000255,0.000250,0.000459
swap_static,64,64,64,0.001184,0.000000,0.000000,0.000376,0.000968,0.000269,0.000192,0.000423
swap_static,64,64,64,0.001121,0.000000,0.000000,0.000361,0.000952,0.000254,0.000205,0.000422
swap_static,64,64,64,0.001230,0.000000,0.000000,0.000374,0.000983,0.000271,0.000249,0.000372
swap_static,64,64,64,0.001163,0.000000,0.000000,0.000353,0.000992,0.000243,0.000168,0.000475
swap_static,64,64,64,0.001214,0.000000,0.000000,0.000352,0.000943,0.000240,0.000213,0.000388
swap_static,64,64,64,0.001162,0.000000,0.000000,0.000356,0.001024,0.000250,0.000154,0.000438
swap_static,64,64,64,0.001207,0.000000,0.000000,0.000355,0.000950,0.000264,0.000170,0.000472
swap_static,64,64,64,0.001196,0.000000,0.000000,0.000353,0.000985,0.000252,0.000177,0.000495
swap_static,64,64,64,0.001202,0.000000,0.000000,0.000365,0.000973,0.000265,0.000192,0.000367
swap_static,64,64,64,0.001151,0.000000,0.000000,0.000369,0.000977,0.000272,0.000239,0.000382
swap_static,64,64,64,0.001170,0.000000,0.000000,0.000364,0.000951,0.000263,0.000181,0.000420
swap_static,64,64,64,0.001169,0.000000,0.000000,0.000360,0.000944,0.000249,0.000164,0.000431
swap_static,64,64,64,0.001211,0.000000,0.000000,0.000366,0.000992,0.000282,0.000161,0.000460
swap_static,64,64,64,0.001169,0.000000,0.000000,0.000379,0.000949,0.000266,0.000159,0.000402
swap_static,64,64,64,0.001177,0.000000,0.000000,0.000357,0.000968,0.000256,0.000182,0.000411
swap_static,64,64,64,0.001176,0.000000,0.000000,0.000377,0.000962,0.000260,0.000153,0.000476
swap_static,64,64,64,0.001193,0.000000,0.000000,0.000364,0.000964,0.000261,0.000169,0.000446
swap_static,64,64,64,0.001183,0.000000,0.000000,0.000425,0.000981,0.000244,0.000190,0.000390
swap_static,64,64,64,0.001277,0.000000,0.000000,0.000357,0.000957,0.000248,0.000177,0.000482
swap_static,64,64,64,0.001252,0.000000,0.000000,0.000370,0.000955,0.000257,0.000153,0.000480
swap_static,64,64,64,0.001205,0.000000,0.000000,0.000363,0.000970,0.000265,0.000170,0.000480
swap_static,64,64,64,0.001203,0.000000,0.000000,0.000366,0.000978,0.000267,0.000158,0.000440
swap_static,64,64,64,0.001190,0.000000,0.000000,0.000356,0.000965,0.000334,0.000148,0.000388
swap_static,64,64,64,0.001227,0.000000,0.000000,0.000382,0.000981,0.000257,0.000170,0.000474
swap_static,64,64,64,0.001197,0.000000,0.000000,0.000398,0.000967,0.000254,0.000158,0.000483
swap_static,64,64,64,0.001196,0.000000,0.000000,0.000360,0.000949,0.000258,0.000171,0.000389
swap_static,64,64,64,0.001175,0.000000,0.000000,0.000356,0.000977,0.000265,0.000167,0.000430
swap_static,64,64,64,0.001173,0.000000,0.000000,0.000353,0.000953,0.000256,0.000179,0.000456
swap_static,64,64,64,0.001244,0.000000,0.000000,0.000359,0.000962,0.000245,0.000279,0.000314
swap_static,64,64,64,0.001157,0.000000,0.000000,0.000376,0.001023,0.000259,0.000177,0.000458
swap_static,64,64,64,0.001218,0.000000,0.000000,0.000360,0.001002,0.000308,0.000163,0.000439
swap_static,64,64,64,0.001189,0.000000,0.000000,0.000355,0.000957,0.000357,0.000246,0.000366
swap_static,64,64,64,0.001157,0.000000,0.000000,0.000366,0.000941,0.000270,0.000254,0.000315
swap_static,64,64,64,0.001173,0.000000,0.000000,0.000365,0.000965,0.000282,0.000172,0.000414
swap_static,64,64,64,0.001262,0.000000,0.000000,0.000400,0.000964,0.000254,0.000263,0.000296
swap_static,64,64,64,0.001230,0.000000,0.000000,0.000379,0.000964,0.000246,0.000149,0.000466
swap_static,64,64,64,0.001307,0.000000,0.000000,0.000379,0.000982,0.000267,0.000224,0.000417
swap_static,64,64,64,0.001213,0.000000,0.000000,0.000362,0.000962,0.000254,0.000217,0.000367
swap_static,64,64,64,0.001185,0.000000,0.000000,0.000358,0.000984,0.000252,0.000160,0.000439
swap_static,64,64,64,0.001315,0.000000,0.000000,0.000367,0.000943,0.000253,0.000193,0.000398
swap_static,64,64,64,0.001237,0.000000,0.000000,0.000360,0.001081,0.000267,0.000207,0.000393
swap_static,64,64,64,0.001214,0.000000,0.000000,0.000368,0.000945,0.000246,0.000171,0.000499
swap_static,64,64,64,0.001218,0.000000,0.000000,0.000355,0.001006,0.000250,0.000216,0.000386
swap_dynv2,64,64,64,0.001318,0.000000,0.000032,0.000331,0.001029,0.000301,0.000242,0.000426
swap_dynv2,64,64,64,0.001209,0.000000,0.000034,0.000316,0.000956,0.000271,0.000249,0.000367
swap_dynv2,64,64,64,0.001155,0.000000,0.000035,0.000319,0.000965,0.000263,0.000200,0.000398
swap_dynv2,64,64,64,0.001186,0.000000,0.000031,0.000315,0.000979,0.000322,0.000163,0.000471
swap_dynv2,64,64,64,0.001215,0.000000,0.000036,0.000326,0.000950,0.000265,0.000231,0.000419
swap_dynv2,64,64,64,0.001219,0.000000,0.000037,0.000334,0.000986,0.000263,0.000215,0.000378
swap_dynv2,64,64,64,0.001211,0.000000,0.000034,0.000318,0.000950,0.000270,0.000160,0.000471
swap_dynv2,64,64,64,0.001229,0.000000,0.000033,0.000324,0.000998,0.000269,0.000179,0.000442
swap_dynv2,64,64,64,0.001203,0.000000,0.000036,0.000324,0.001172,0.000259,0.000171,0.000472
swap_dynv2,64,64,64,0.001159,0.000000,0.000036,0.000321,0.000968,0.000246,0.000167,0.000489
swap_dynv2,64,64,64,0.001201,0.000000,0.000034,0.000340,0.001038,0.000262,0.000209,0.000421
swap_dynv2,64,64,64,0.001163,0.000000,0.000037,0.000318,0.000958,0.000257,0.000192,0.000390
swap_dynv2,64,64,64,0.001148,0.000000,0.000036,0.000328,0.000993,0.000259,0.000175,0.000479
swap_dynv2,64,64,64,0.001185,0.000000,0.000038,0.000367,0.001003,0.000257,0.000174,0.000393
swap_dynv2,64,64,64,0.001189,0.000000,0.000039,0.000352,0.000995,0.000254,0.000153,0.000555
swap_dynv2,64,64,64,0.001217,0.000000,0.000038,0.000330,0.001034,0.000259,0.000181,0.000481
swap_dynv2,64,64,64,0.001170,0.000000,0.000039,0.000337,0.001005,0.000257,0.000273,0.000339
swap_dynv2,64,64,64,0.001184,0.000000,0.000039,0.000338,0.000984,0.000327,0.000209,0.000435
swap_dynv2,64,64,64,0.001199,0.000000,0.000038,0.000433,0.000967,0.000263,0.000213,0.000418
swap_dynv2,64,64,64,0.001227,0.000000,0.000038,0.000328,0.000954,0.000274,0.000168,0.000449
swap_dynv2,64,64,64,0.001286,0.000000,0.000038,0.000332,0.000961,0.000266,0.000164,0.000441
swap_dynv2,64,64,64,0.001207,0.000000,0.000039,0.000343,0.000989,0.000262,0.000201,0.000491
swap_dynv2,64,64,64,0.001200,0.000000,0.000038,0.000329,0.000981,0.000264,0.000203,0.000391
swap_dynv2,64,64,64,0.001173,0.000000,0.000039,0.000343,0.001023,0.000299,0.000167,0.000433
swap_dynv2,64,64,64,0.001183,0.000000,0.000038,0.000331,0.000960,0.000249,0.000207,0.000404
swap_dynv2,64,64,64,0.001135,0.000000,0.000038,0.000339,0.001042,0.000244,0.000162,0.000497
swap_dynv2,64,64,64,0.001170,0.000000,0.000037,0.000324,0.001072,0.000255,0.000185,0.000386
swap_dynv2,64,64,64,0.001170,0.000000,0.000038,0.000328,0.001103,0.000275,0.000152,0.000501
swap_dynv2,64,64,64,0.001243,0.000000,0.000040,0.000377,0.001002,0.000280,0.000154,0.000484
swap_dynv2,64,64,64,0.001192,0.000000,0.000039,0.000339,0.000984,0.000249,0.000196,0.000430
swap_dynv2,64,64,64,0.001225,0.000000,0.000037,0.000342,0.000974,0.000248,0.000166,0.000439
swap_dynv2,64,64,64,0.001194,0.000000,0.000039,0.000334,0.000977,0.000250,0.000177,0.000477
swap_dynv2,64,64,64,0.001212,0.000000,0.000038,0.000323,0.000969,0.000248,0.000206,0.000410
swap_dynv2,64,64,64,0.001166,0.000000,0.000040,0.000345,0.000972,0.000272,0.000192,0.000387
swap_dynv2,64,64,64,0.001193,0.000000,0.000038,0.000335,0.000964,0.000244,0.000157,0.000458
swap_dynv2,64,64,64,0.001391,0.000000,0.000040,0.000343,0.000977,0.000275,0.000153,0.000482
swap_dynv2,64,64,64,0.001219,0.000000,0.000039,0.000343,0.001101,0.000279,0.000215,0.000395
swap_dynv2,64,64,64,0.001186,0.000000,0.000039,0.000332,0.000975,0.000268,0.000248,0.000349
swap_dynv2,64,64,64,0.001157,0.000000,0.000041,0.000423,0.000968,0.000254,0.000173,0.000458
swap_dynv2,64,64,64,0.001208,0.000000,0.000039,0.000332,0.000965,0.000266,0.000169,0.000489
swap_dynv2,64,64,64,0.001203,0.000000,0.000038,0.000327,0.000976,0.000251,0.000163,0.000440
swap_dynv2,64,64,64,0.001159,0.000000,0.000039,0.000331,0.000992,0.000261,0.000197,0.000400
swap_dynv2,64,64,64,0.001179,0.000000,0.000039,0.000330,0.000957,0.000274,0.000176,0.000459
swap_dynv2,64,64,64,0.001218,0.000000,0.000040,0.000350,0.000977,0.000265,0.000156,0.000460
swap_dynv2,64,64,64,0.001207,0.000000,0.000038,0.000368,0.000976,0.000257,0.000249,0.000358
swap_dynv2,64,64,64,0.001188,0.000000,0.000039,0.000335,0.000984,0.000261,0.000166,0.000559
swap_dynv2,64,64,64,0.001179,0.000000,0.000039,0.000335,0.000965,0.000253,0.000165,0.000474
swap_dynv2,64,64,64,0.001220,0.000000,0.000038,0.000330,0.000979,0.000266,0.000158,0.000480
swap_dynv2,64,64,64,0.001244,0.000000,0.000039,0.000344,0.000988,0.000264,0.000171,0.000453
swap_dynv2,64,64,64,0.001191,0.000000,0.000043,0.000352,0.001066,0.000271,0.000157,0.000452
swap_dynv2,64,64,64,0.001220,0.000000,0.000039,0.000338,0.000985,0.000257,0.000168,0.000490
swap_dynv2,64,64,64,0.001172,0.000000,0.000038,0.000333,0.000960,0.000290,0.000172,0.000473
swap_dynv2,64,64,64,0.001172,0.000000,0.000041,0.000349,0.000989,0.000263,0.000224,0.000415
swap_dynv2,64,64,64,0.001203,0.000000,0.000040,0.000358,0.001028,0.000254,0.000210,0.000409
swap_dynv2,64,64,64,0.001212,0.000000,0.000068,0.000353,0.000988,0.000255,0.000235,0.000371
swap_dynv2,64,64,64,0.001197,0.000000,0.000039,0.000338,0.000979,0.000268,0.000217,0.000377
swap_dynv2,64,64,64,0.001182,0.000000,0.000039,0.000345,0.000985,0.000275,0.000153,0.000475
swap_dynv2,64,64,64,0.001195,0.000000,0.000040,0.000335,0.000985,0.000256,0.000182,0.000420
swap_dynv2,64,64,64,0.001235,0.000000,0.000040,0.000350,0.000980,0.000262,0.000163,0.000466
swap_dynv2,64,64,64,0.001181,0.000000,0.000038,0.000372,0.000975,0.000257,0.000151,0.000432
swap_dynv2,64,64,64,0.001177,0.000000,0.000044,0.000333,0.000962,0.000257,0.000255,0.000344
swap_dynv2,64,64,64,0.001190,0.000000,0.000040,0.000348,0.000989,0.000279,0.000222,0.000371
swap_dynv2,64,64,64,0.001177,0.000000,0.000039,0.000334,0.000959,0.000240,0.000267,0.000404
swap_dynv2,64,64,64,0.001179,0.000000,0.000039,0.000335,0.000979,0.000363,0.000178,0.000477
swap_dynv2,64,64,64,0.001187,0.000000,0.000040,0.000340,0.000959,0.000245,0.000173,0.000479
swap_dynv2,64,64,64,0.001131,0.000000,0.000038,0.000361,0.000967,0.000268,0.000176,0.000462
swap_dynv2,64,64,64,0.001167,0.000000,0.000041,0.000349,0.000995,0.000259,0.000223,0.000436
swap_dynv2,64,64,64,0.001232,0.000000,0.000038,0.000345,0.000963,0.000272,0.000197,0.000410
swap_dynv2,64,64,64,0.001166,0.000000,0.000039,0.000337,0.000968,0.000326,0.000157,0.000496
swap_dynv2,64,64,64,0.001218,0.000000,0.000041,0.000366,0.000984,0.000268,0.000148,0.000474
swap_dynv2,64,64,64,0.001238,0.000000,0.000040,0.000346,0.000990,0.000257,0.000159,0.000488
swap_dynv2,64,64,64,0.001257,0.000000,0.000039,0.000353,0.000967,0.000247,0.000219,0.000362
swap_dynv2,64,64,64,0.001323,0.000000,0.000040,0.000341,0.000957,0.000257,0.000163,0.000438
swap_dynv2,64,64,64,0.001230,0.000000,0.000039,0.000337,0.000968,0.000275,0.000237,0.000367
swap_dynv2,64,64,64,0.001176,0.000000,0.000039,0.000342,0.000977,0.000248,0.000158,0.000442
swap_static,64,64,4096,0.002568,0.000000,0.000000,0.000387,0.000999,0.000304,0.000183,0.002246
swap_static,64,64,4096,0.002506,0.000000,0.000000,0.000457,0.001000,0.000265,0.000185,0.001385
swap_static,64,64,4096,0.002470,0.000000,0.000000,0.000377,0.001014,0.000263,0.000197,0.001269
swap_static,64,64,4096,0.002487,0.000000,0.000000,0.000366,0.000997,0.000287,0.000167,0.002147
swap_static,64,64,4096,0.002459,0.000000,0.000000,0.000365,0.000985,0.000249,0.000233,0.001251
swap_static,64,64,4096,0.002495,0.000000,0.000000,0.000373,0.000988,0.000255,0.000164,0.002172
swap_static,64,64,4096,0.002522,0.000000,0.000000,0.000355,0.001062,0.000279,0.000150,0.001392
swap_static,64,64,4096,0.002492,0.000000,0.000000,0.000374,0.000988,0.000271,0.000150,0.002186
swap_static,64,64,4096,0.002102,0.000000,0.000000,0.000358,0.000957,0.000244,0.000194,0.001325
swap_static,64,64,4096,0.002445,0.000000,0.000000,0.000372,0.000991,0.000256,0.000147,0.002174
swap_static,64,64,4096,0.002532,0.000000,0.000000,0.000375,0.000978,0.000259,0.000157,0.002159
swap_static,64,64,4096,0.002493,0.000000,0.000000,0.000507,0.001009,0.000250,0.000155,0.001318
swap_static,64,64,4096,0.002576,0.000000,0.000000,0.000367,0.001006,0.000266,0.000149,0.001624
swap_static,64,64,4096,0.002652,0.000000,0.000000,0.000378,0.001010,0.000262,0.000159,0.001325
swap_static,64,64,4096,0.002548,0.000000,0.000000,0.000423,0.000989,0.000262,0.000153,0.002183
swap_static,64,64,4096,0.002594,0.000000,0.000000,0.000370,0.001002,0.000369,0.000197,0.001322
swap_static,64,64,4096,0.002477,0.000000,0.000000,0.000369,0.001005,0.000313,0.000159,0.001331
swap_static,64,64,4096,0.002447,0.000000,0.000000,0.000371,0.001007,0.000264,0.000253,0.001274
swap_static,64,64,4096,0.002540,0.000000,0.000000,0.000397,0.001034,0.000271,0.000159,0.001311
swap_static,64,64,4096,0.002490,0.000000,0.000000,0.000376,0.001013,0.000259,0.000209,0.001280
swap_static,64,64,4096,0.002995,0.000000,0.000000,0.000378,0.001004,0.000251,0.000191,0.001241
swap_static,64,64,4096,0.002451,0.000000,0.000000,0.000380,0.001015,0.000256,0.000201,0.001297
swap_static,64,64,4096,0.002472,0.000000,0.000000,0.000365,0.000995,0.000273,0.000194,0.001217
swap_static,64,64,4096,0.002416,0.000000,0.000000,0.000365,0.000990,0.000282,0.000517,0.001085
swap_static,64,64,4096,0.002425,0.000000,0.000000,0.000363,0.001114,0.000250,0.000204,0.001355
swap_static,64,64,4096,0.002456,0.000000,0.000000,0.000417,0.001000,0.000267,0.000161,0.001345
swap_static,64,64,4096,0.002502,0.000000,0.000000,0.000373,0.000995,0.000262,0.000157,0.001313
swap_static,64,64,4096,0.002065,0.000000,0.000000,0.000393,0.001007,0.000264,0.000173,0.001330
swap_static,64,64,4096,0.002392,0.000000,0.000000,0.000406,0.000999,0.000255,0.000152,0.001319
swap_static,64,64,4096,0.002425,0.000000,0.000000,0.000366,0.001097,0.000269,0.000206,0.001625
swap_static,64,64,4096,0.002557,0.000000,0.000000,0.000369,0.001002,0.000266,0.000169,0.001345
swap_static,64,64,4096,0.002488,0.000000,0.000000,0.000375,0.001012,0.000268,0.000267,0.001362
swap_static,64,64,4096,0.002497,0.000000,0.000000,0.000361,0.001030,0.000272,0.000163,0.001330
swap_static,64,64,4096,0.002502,0.000000,0.000000,0.000366,0.000996,0.000253,0.000155,0.002486
swap_static,64,64,4096,0.002453,0.000000,0.000000,0.000365,0.000992,0.000266,0.000156,0.001329
swap_static,64,64,4096,0.002488,0.000000,0.000000,0.000507,0.001003,0.000253,0.000176,0.001211
swap_static,64,64,4096,0.002485,0.000000,0.000000,0.000360,0.000993,0.000255,0.000146,0.001244
swap_static,64,64,4096,0.002473,0.000000,0.000000,0.000376,0.000992,0.000252,0.000207,0.001289
swap_static,64,64,4096,0.002436,0.000000,0.000000,0.000374,0.000992,0.000264,0.000149,0.001362
swap_static,64,64,4096,0.002483,0.000000,0.000000,0.000370,0.000983,0.000272,0.000154,0.001718
swap_static,64,64,4096,0.002515,0.000000,0.000000,0.000387,0.001038,0.000318,0.000162,0.001317
swap_static,64,64,4096,0.002473,0.000000,0.000000,0.000376,0.001086,0.000292,0.000183,0.001569
swap_static,64,64,4096,0.002253,0.000000,0.000000,0.000359,0.000994,0.000259,0.000185,0.001391
swap_static,64,64,4096,0.002539,0.000000,0.000000,0.000369,0.000991,0.000259,0.000155,0.001397
swap_static,64,64,4096,0.002511,0.000000,0.000000,0.000360,0.000989,0.000239,0.000144,0.002191
swap_static,64,64,4096,0.002466,0.000000,0.000000,0.000375,0.001105,0.000264,0.000208,0.001329
swap_static,64,64,4096,0.002445,0.000000,0.000000,0.000414,0.001000,0.000267,0.000158,0.001368
swap_static,64,64,4096,0.002446,0.000000,0.000000,0.000373,0.001010,0.000256,0.000195,0.001291
swap_static,64,64,4096,0.002468,0.000000,0.000000,0.000375,0.001001,0.000266,0.000171,0.002214
swap_static,64,64,4096,0.002394,0.000000,0.000000,0.000376,0.000982,0.000259,0.000205,0.001350
swap_static,64,64,4096,0.002487,0.000000,0.000000,0.000383,0.001108,0.000281,0.000217,0.001358
swap_static,64,64,4096,0.002415,0.000000,0.000000,0.000371,0.001013,0.000260,0.000278,0.001234
swap_static,64,64,4096,0.002631,0.000000,0.000000,0.000372,0.000990,0.000278,0.000195,0.002062
swap_static,64,64,4096,0.002429,0.000000,0.000000,0.000367,0.000998,0.000240,0.000153,0.001726
swap_static,64,64,4096,0.002477,0.000000,0.000000,0.000369,0.001101,0.000249,0.000225,0.001301
swap_static,64,64,4096,0.002421,0.000000,0.000000,0.000381,0.001011,0.000237,0.000144,0.002190
swap_static,64,64,4096,0.002554,0.000000,0.000000,0.000371,0.000994,0.000260,0.000208,0.001275
swap_static,64,64,4096,0.002435,0.000000,0.000000,0.000374,0.000998,0.000259,0.000174,0.001348
swap_static,64,64,4096,0.002465,0.000000,0.000000,0.000376,0.000981,0.000259,0.000145,0.001324
swap_static,64,64,4096,0.002478,0.000000,0.000000,0.000382,0.001011,0.000267,0.000152,0.001375
swap_static,64,64,4096,0.002487,0.000000,0.000000,0.000383,0.001134,0.000281,0.000206,0.001310
swap_static,64,64,4096,0.002450,0.000000,0.000000,0.000382,0.001030,0.000264,0.000156,0.002157
swap_static,64,64,4096,0.002493,0.000000,0.000000,0.000368,0.001026,0.000289,0.000150,0.001371
swap_static,64,64,4096,0.002552,0.000000,0.000000,0.000373,0.000998,0.000278,0.000199,0.001329
swap_static,64,64,4096,0.002482,0.000000,0.000000,0.000376,0.001070,0.000262,0.000175,0.002203
swap_static,64,64,4096,0.002480,0.000000,0.000000,0.000365,0.000990,0.000251,0.000151,0.001492
swap_static,64,64,4096,0.002475,0.000000,0.000000,0.000366,0.000986,0.000248,0.000249,0.001331
swap_static,64,64,4096,0.003007,0.000000,0.000000,0.000360,0.000988,0.000269,0.000199,0.001317
swap_static,64,64,4096,0.002560,0.000000,0.000000,0.000372,0.001011,0.000251,0.000167,0.001659
swap_static,64,64,4096,0.002529,0.000000,0.000000,0.000379,0.001014,0.000266,0.000166,0.002014
swap_static,64,64,4096,0.002554,0.000000,0.000000,0.000369,0.000998,0.000256,0.000169,0.001375
swap_static,64,64,4096,0.002577,0.000000,0.000000,0.000368,0.001001,0.000275,0.000497,0.000990
swap_static,64,64,4096,0.002489,0.000000,0.000000,0.000381,0.000989,0.000278,0.000157,0.001357
swap_static,64,64,4096,0.002505,0.000000,0.000000,0.000380,0.000996,0.000259,0.000232,0.001276
swap_static,64,64,4096,0.002462,0.000000,0.000000,0.000368,0.001019,0.000282,0.000207,0.001397
swap_dynv2,64,64,4096,0.002604,0.000000,0.000058,0.000328,0.001005,0.000337,0.000181,0.002171
swap_dynv2,64,64,4096,0.002563,0.000000,0.000036,0.000325,0.000992,0.000290,0.000186,0.001371
swap_dynv2,64,64,4096,0.002558,0.000000,0.000037,0.000332,0.001013,0.000283,0.000158,0.001350
swap_dynv2,64,64,4096,0.002460,0.000000,0.000036,0.000331,0.000986,0.000282,0.000162,0.001377
swap_dynv2,64,64,4096,0.002481,0.000000,0.000038,0.000336,0.000964,0.000281,0.000180,0.001368
swap_dynv2,64,64,4096,0.002466,0.000000,0.000033,0.000343,0.001005,0.000270,0.000194,0.001389
swap_dynv2,64,64,4096,0.002463,0.000000,0.000039,0.000354,0.001052,0.000274,0.000357,0.001223
swap_dynv2,64,64,4096,0.002163,0.000000,0.000036,0.000598,0.001004,0.000266,0.000152,0.001347
swap_dynv2,64,64,4096,0.002633,0.000000,0.000038,0.000353,0.001003,0.000280,0.000157,0.001366
swap_dynv2,64,64,4096,0.002488,0.000000,0.000037,0.000339,0.000988,0.000252,0.000194,0.001297
swap_dynv2,64,64,4096,0.002553,0.000000,0.000039,0.000337,0.000999,0.000274,0.000286,0.001217
swap_dynv2,64,64,4096,0.002511,0.000000,0.000039,0.000341,0.001058,0.000270,0.000159,0.001305
swap_dynv2,64,64,4096,0.002655,0.000000,0.000037,0.000341,0.000985,0.000326,0.000157,0.001623
swap_dynv2,64,64,4096,0.002527,0.000000,0.000038,0.000341,0.000996,0.000255,0.000200,0.001362
swap_dynv2,64,64,4096,0.002523,0.000000,0.000039,0.000349,0.000988,0.000260,0.000207,0.001341
swap_dynv2,64,64,4096,0.002463,0.000000,0.000039,0.000353,0.000998,0.000264,0.000212,0.001309
swap_dynv2,64,64,4096,0.002493,0.000000,0.000039,0.000349,0.000993,0.000279,0.000171,0.001295
swap_dynv2,64,64,4096,0.002582,0.000000,0.000038,0.000345,0.000996,0.000262,0.000237,0.001253
swap_dynv2,64,64,4096,0.002497,0.000000,0.000038,0.000354,0.000986,0.000274,0.000165,0.001345
swap_dynv2,64,64,4096,0.002146,0.000000,0.000037,0.000328,0.000996,0.000270,0.000207,0.001381
swap_dynv2,64,64,4096,0.002526,0.000000,0.000039,0.000348,0.001034,0.000317,0.000210,0.001310
swap_dynv2,64,64,4096,0.002484,0.000000,0.000039,0.000335,0.000991,0.000264,0.000267,0.001258
swap_dynv2,64,64,4096,0.002562,0.000000,0.000039,0.000349,0.000988,0.000258,0.000202,0.001306
swap_dynv2,64,64,4096,0.002484,0.000000,0.000039,0.000358,0.000979,0.000273,0.000186,0.001252
swap_dynv2,64,64,4096,0.002512,0.000000,0.000039,0.000350,0.000978,0.000261,0.000202,0.001299
swap_dynv2,64,64,4096,0.002568,0.000000,0.000038,0.000345,0.000995,0.000250,0.000174,0.002244
swap_dynv2,64,64,4096,0.002521,0.000000,0.000040,0.000366,0.000998,0.000276,0.000161,0.001829
swap_dynv2,64,64,4096,0.002501,0.000000,0.000037,0.000353,0.001029,0.000266,0.000161,0.001338
swap_dynv2,64,64,4096,0.002183,0.000000,0.000038,0.000396,0.000970,0.000262,0.000152,0.001377
swap_dynv2,64,64,4096,0.002486,0.000000,0.000038,0.000356,0.000973,0.000261,0.000155,0.002423
swap_dynv2,64,64,4096,0.002469,0.000000,0.000039,0.000348,0.000996,0.000294,0.000206,0.001352
swap_dynv2,64,64,4096,0.002476,0.000000,0.000039,0.000344,0.001009,0.000276,0.000149,0.001805
swap_dynv2,64,64,4096,0.002718,0.000000,0.000039,0.000354,0.000993,0.000280,0.000165,0.001825
swap_dynv2,64,64,4096,0.002693,0.000000,0.000039,0.000351,0.000990,0.000370,0.000282,0.001246
swap_dynv2,64,64,4096,0.002510,0.000000,0.000037,0.000342,0.001022,0.000268,0.000180,0.002083
swap_dynv2,64,64,4096,0.002502,0.000000,0.000039,0.000339,0.001014,0.000276,0.000193,0.001330
swap_dynv2,64,64,4096,0.002570,0.000000,0.000040,0.000352,0.001013,0.000282,0.000155,0.001358
swap_dynv2,64,64,4096,0.002499,0.000000,0.000040,0.000356,0.001012,0.000269,0.000301,0.001232
swap_dynv2,64,64,4096,0.002537,0.000000,0.000040,0.000354,0.001007,0.000266,0.000252,0.001249
swap_dynv2,64,64,4096,0.002531,0.000000,0.000040,0.000363,0.001048,0.000410,0.000169,0.001526
swap_dynv2,64,64,4096,0.002485,0.000000,0.000040,0.000358,0.001009,0.000264,0.000165,0.002308
swap_dynv2,64,64,4096,0.002631,0.000000,0.000040,0.000347,0.000977,0.000267,0.000332,0.001184
swap_dynv2,64,64,4096,0.002628,0.000000,0.000040,0.000355,0.001018,0.000270,0.000164,0.002134
swap_dynv2,64,64,4096,0.002474,0.000000,0.000038,0.000346,0.000973,0.000264,0.000180,0.001404
swap_dynv2,64,64,4096,0.002274,0.000000,0.000038,0.000368,0.000971,0.000294,0.000166,0.001346
swap_dynv2,64,64,4096,0.002273,0.000000,0.000050,0.000400,0.001020,0.000275,0.000162,0.002337
swap_dynv2,64,64,4096,0.002503,0.000000,0.000039,0.000348,0.000978,0.000258,0.000317,0.001205
swap_dynv2,64,64,4096,0.002538,0.000000,0.000040,0.000343,0.000994,0.000260,0.000154,0.001404
swap_dynv2,64,64,4096,0.002485,0.000000,0.000044,0.000353,0.000987,0.000265,0.000158,0.001894
swap_dynv2,64,64,4096,0.002529,0.000000,0.000038,0.000350,0.001009,0.000260,0.000239,0.001343
swap_dynv2,64,64,4096,0.002511,0.000000,0.000040,0.000358,0.001015,0.000279,0.000154,0.001303
swap_dynv2,64,64,4096,0.002588,0.000000,0.000040,0.000341,0.000998,0.000269,0.000200,0.001273
swap_dynv2,64,64,4096,0.002584,0.000000,0.000041,0.000351,0.000989,0.000267,0.000172,0.002118
swap_dynv2,64,64,4096,0.002562,0.000000,0.000039,0.000347,0.000997,0.000266,0.000163,0.001371
swap_dynv2,64,64,4096,0.002539,0.000000,0.000040,0.000353,0.001085,0.000275,0.000195,0.001330
swap_dynv2,64,64,4096,0.002501,0.000000,0.000040,0.000350,0.000987,0.000254,0.000744,0.000778
swap_dynv2,64,64,4096,0.002494,0.000000,0.000040,0.000352,0.001086,0.000277,0.000177,0.001823
swap_dynv2,64,64,4096,0.002479,0.000000,0.000040,0.000358,0.001015,0.000363,0.000157,0.001364
swap_dynv2,64,64,4096,0.002514,0.000000,0.000041,0.000346,0.001016,0.000259,0.000160,0.002198
swap_dynv2,64,64,4096,0.002569,0.000000,0.000039,0.000352,0.000997,0.000269,0.000172,0.001953
swap_dynv2,64,64,4096,0.002738,0.000000,0.000041,0.000354,0.000999,0.000269,0.000209,0.001325
swap_dynv2,64,64,4096,0.002218,0.000000,0.000040,0.000417,0.001009,0.000260,0.000165,0.001351
swap_dynv2,64,64,4096,0.002589,0.000000,0.000039,0.000356,0.000995,0.000267,0.000162,0.001507
swap_dynv2,64,64,4096,0.002600,0.000000,0.000040,0.000348,0.000996,0.000286,0.000153,0.001392
swap_dynv2,64,64,4096,0.002491,0.000000,0.000040,0.000356,0.001011,0.000297,0.000174,0.001380
swap_dynv2,64,64,4096,0.002504,0.000000,0.000040,0.000351,0.001001,0.000317,0.000167,0.001504
swap_dynv2,64,64,4096,0.002257,0.000000,0.000040,0.000397,0.001043,0.000277,0.000209,0.002020
swap_dynv2,64,64,4096,0.002512,0.000000,0.000043,0.000363,0.001025,0.000295,0.000216,0.001341
swap_dynv2,64,64,4096,0.002546,0.000000,0.000040,0.000362,0.001002,0.000264,0.000214,0.001335
swap_dynv2,64,64,4096,0.002503,0.000000,0.000039,0.000360,0.001019,0.000253,0.000184,0.001405
swap_dynv2,64,64,4096,0.002457,0.000000,0.000040,0.000352,0.000996,0.000270,0.000192,0.001349
swap_dynv2,64,64,4096,0.002529,0.000000,0.000045,0.000355,0.001024,0.000279,0.000205,0.001526
swap_dynv2,64,64,4096,0.002656,0.000000,0.000040,0.000356,0.000991,0.000276,0.000174,0.001363
swap_dynv2,64,64,4096,0.002703,0.000000,0.000040,0.000362,0.000999,0.000278,0.000201,0.001305
swap_dynv2,64,64,4096,0.002572,0.000000,0.000041,0.000343,0.001001,0.000266,0.000169,0.002285
swap_static,64,64,262144,0.016581,0.000000,0.000000,0.000355,0.001030,0.000325,0.000282,0.014800
swap_static,64,64,262144,0.016116,0.000000,0.000000,0.000370,0.000987,0.000331,0.000190,0.019154
swap_static,64,64,262144,0.016595,0.000000,0.000000,0.000374,0.000973,0.000296,0.000158,0.016381
swap_static,64,64,262144,0.016842,0.000000,0.000000,0.000371,0.000969,0.000283,0.000172,0.015774
swap_static,64,64,262144,0.016691,0.000000,0.000000,0.000375,0.000992,0.000293,0.000217,0.015493
swap_static,64,64,262144,0.016577,0.000000,0.000000,0.000378,0.001018,0.000299,0.000159,0.016105
swap_static,64,64,262144,0.016297,0.000000,0.000000,0.000381,0.000966,0.000278,0.000166,0.016313
swap_static,64,64,262144,0.016738,0.000000,0.000000,0.000379,0.000991,0.000307,0.000159,0.016258
swap_static,64,64,262144,0.016864,0.000000,0.000000,0.000385,0.000974,0.000300,0.000150,0.016923
swap_static,64,64,262144,0.016336,0.000000,0.000000,0.000379,0.000976,0.000283,0.000174,0.015798
swap_static,64,64,262144,0.016865,0.000000,0.000000,0.000365,0.000978,0.000288,0.000164,0.017011
swap_static,64,64,262144,0.016524,0.000000,0.000000,0.000387,0.000954,0.000285,0.000258,0.015342
swap_static,64,64,262144,0.016199,0.000000,0.000000,0.000368,0.001055,0.000268,0.000198,0.015333
swap_static,64,64,262144,0.016694,0.000000,0.000000,0.000372,0.000984,0.000278,0.000161,0.016615
swap_static,64,64,262144,0.016687,0.000000,0.000000,0.000374,0.000980,0.000300,0.000196,0.014926
swap_static,64,64,262144,0.016467,0.000000,0.000000,0.000374,0.000977,0.000281,0.000162,0.015130
swap_static,64,64,262144,0.016768,0.000000,0.000000,0.000380,0.001001,0.000300,0.000206,0.015531
swap_static,64,64,262144,0.016206,0.000000,0.000000,0.000372,0.000991,0.000317,0.000155,0.015422
swap_static,64,64,262144,0.016811,0.000000,0.000000,0.000368,0.000954,0.000288,0.000186,0.014768
swap_static,64,64,262144,0.016749,0.000000,0.000000,0.000377,0.001010,0.000263,0.000154,0.016280
swap_static,64,64,262144,0.016736,0.000000,0.000000,0.000379,0.000979,0.000286,0.000159,0.015308
swap_static,64,64,262144,0.016743,0.000000,0.000000,0.000419,0.001010,0.000306,0.000207,0.015429
swap_static,64,64,262144,0.016388,0.000000,0.000000,0.000375,0.000966,0.000271,0.000219,0.015201
swap_static,64,64,262144,0.016601,0.000000,0.000000,0.000373,0.000984,0.000322,0.000164,0.016333
swap_static,64,64,262144,0.016470,0.000000,0.000000,0.000369,0.001001,0.000302,0.000159,0.016399
swap_static,64,64,262144,0.016609,0.000000,0.000000,0.000374,0.000998,0.000334,0.000177,0.016362
swap_static,64,64,262144,0.016582,0.000000,0.000000,0.000380,0.000995,0.000273,0.000162,0.015643
swap_static,64,64,262144,0.016366,0.000000,0.000000,0.000379,0.000977,0.000301,0.000168,0.015657
swap_static,64,64,262144,0.016822,0.000000,0.000000,0.000382,0.000994,0.000289,0.000268,0.015457
swap_static,64,64,262144,0.016369,0.000000,0.000000,0.000380,0.000985,0.000269,0.000166,0.015471
swap_static,64,64,262144,0.016968,0.000000,0.000000,0.000376,0.000966,0.000280,0.000175,0.016712
swap_static,64,64,262144,0.016490,0.000000,0.000000,0.000376,0.001086,0.000302,0.000176,0.016090
swap_static,64,64,262144,0.016640,0.000000,0.000000,0.000368,0.001039,0.000276,0.000168,0.017088
swap_static,64,64,262144,0.016652,0.000000,0.000000,0.000379,0.000988,0.000283,0.000202,0.015211
swap_static,64,64,262144,0.016684,0.000000,0.000000,0.000370,0.000994,0.000288,0.000212,0.014613
swap_static,64,64,262144,0.016833,0.000000,0.000000,0.000369,0.000960,0.000277,0.000183,0.015654
swap_static,64,64,262144,0.016374,0.000000,0.000000,0.000375,0.000981,0.000450,0.000173,0.015567
swap_static,64,64,262144,0.016508,0.000000,0.000000,0.000382,0.000966,0.000297,0.000252,0.015372
swap_static,64,64,262144,0.016935,0.000000,0.000000,0.000380,0.000978,0.000268,0.000165,0.015810
swap_static,64,64,262144,0.016913,0.000000,0.000000,0.000374,0.000968,0.000285,0.000174,0.015700
swap_static,64,64,262144,0.016945,0.000000,0.000000,0.000372,0.000977,0.000274,0.000164,0.016204
swap_static,64,64,262144,0.017056,0.000000,0.000000,0.000381,0.001021,0.000301,0.000203,0.015560
swap_static,64,64,262144,0.016599,0.000000,0.000000,0.000383,0.000989,0.000297,0.000153,0.015991
swap_static,64,64,262144,0.016634,0.000000,0.000000,0.000376,0.000996,0.000308,0.000157,0.017016
swap_static,64,64,262144,0.016866,0.000000,0.000000,0.000385,0.001005,0.000310,0.000193,0.015177
swap_static,64,64,262144,0.016649,0.000000,0.000000,0.000379,0.000973,0.000268,0.000161,0.016505
swap_static,64,64,262144,0.016533,0.000000,0.000000,0.000376,0.001085,0.000323,0.000173,0.015513
swap_static,64,64,262144,0.016422,0.000000,0.000000,0.000376,0.001004,0.000313,0.000168,0.015730
swap_static,64,64,262144,0.015937,0.000000,0.000000,0.000378,0.000977,0.000280,0.000166,0.016282
swap_static,64,64,262144,0.016881,0.000000,0.000000,0.000378,0.000972,0.000292,0.000170,0.015126
swap_static,64,64,262144,0.016297,0.000000,0.000000,0.000379,0.000989,0.000342,0.000170,0.015593
swap_static,64,64,262144,0.016530,0.000000,0.000000,0.000383,0.000991,0.000284,0.000210,0.014950
swap_static,64,64,262144,0.016772,0.000000,0.000000,0.000392,0.000975,0.000293,0.000160,0.015880
swap_static,64,64,262144,0.016827,0.000000,0.000000,0.000374,0.000973,0.000266,0.000163,0.016522
swap_static,64,64,262144,0.016556,0.000000,0.000000,0.000377,0.000974,0.000280,0.000169,0.016143
swap_static,64,64,262144,0.016666,0.000000,0.000000,0.000368,0.000981,0.000290,0.000181,0.017206
swap_static,64,64,262144,0.016773,0.000000,0.000000,0.000428,0.000970,0.000286,0.000202,0.015172
swap_static,64,64,262144,0.016740,0.000000,0.000000,0.000374,0.000988,0.000285,0.001157,0.014064
swap_static,64,64,262144,0.016839,0.000000,0.000000,0.000383,0.000980,0.000280,0.000207,0.015014
swap_static,64,64,262144,0.016406,0.000000,0.000000,0.000380,0.000985,0.000294,0.000281,0.015587
swap_static,64,64,262144,0.016324,0.000000,0.000000,0.000377,0.001010,0.000268,0.000285,0.015231
swap_static,64,64,262144,0.016792,0.000000,0.000000,0.000367,0.000965,0.000283,0.000212,0.015271
swap_static,64,64,262144,0.016672,0.000000,0.000000,0.000380,0.000954,0.000281,0.000187,0.015293
swap_static,64,64,262144,0.016650,0.000000,0.000000,0.000387,0.001005,0.000270,0.000195,0.015009
swap_static,64,64,262144,0.016474,0.000000,0.000000,0.000363,0.001101,0.000275,0.000170,0.015754
swap_static,64,64,262144,0.016173,0.000000,0.000000,0.000386,0.001019,0.000284,0.000214,0.015352
swap_static,64,64,262144,0.016654,0.000000,0.000000,0.000376,0.000978,0.000263,0.000285,0.015394
swap_static,64,64,262144,0.016570,0.000000,0.000000,0.000380,0.000966,0.000294,0.000231,0.016695
swap_static,64,64,262144,0.016844,0.000000,0.000000,0.000369,0.000957,0.000280,0.000198,0.015502
swap_static,64,64,262144,0.016648,0.000000,0.000000,0.000372,0.000965,0.000281,0.000199,0.015020
swap_static,64,64,262144,0.016503,0.000000,0.000000,0.000376,0.000970,0.000285,0.001126,0.014671
swap_static,64,64,262144,0.016918,0.000000,0.000000,0.000377,0.000976,0.000277,0.000257,0.015156
swap_static,64,64,262144,0.016858,0.000000,0.000000,0.000376,0.000980,0.000305,0.000166,0.015277
swap_static,64,64,262144,0.016558,0.000000,0.000000,0.000397,0.000976,0.000309,0.000220,0.014826
swap_static,64,64,262144,0.016404,0.000000,0.000000,0.000385,0.001003,0.000304,0.000160,0.015321
swap_dynv2,64,64,262144,0.016731,0.000000,0.000033,0.000322,0.001046,0.000370,0.000188,0.015476
swap_dynv2,64,64,262144,0.017017,0.000000,0.000038,0.000336,0.001008,0.000338,0.000226,0.015087
swap_dynv2,64,64,262144,0.016709,0.000000,0.000038,0.000342,0.001036,0.000351,0.002196,0.013537
swap_dynv2,64,64,262144,0.016587,0.000000,0.000037,0.000340,0.000979,0.000289,0.000206,0.015250
swap_dynv2,64,64,262144,0.016648,0.000000,0.000039,0.000343,0.001094,0.000312,0.000167,0.016524
swap_dynv2,64,64,262144,0.015725,0.000000,0.000036,0.000347,0.000974,0.000304,0.000208,0.015130
swap_dynv2,64,64,262144,0.016436,0.000000,0.000040,0.000338,0.000992,0.000325,0.000160,0.016021
swap_dynv2,64,64,262144,0.016558,0.000000,0.000034,0.000350,0.000971,0.000307,0.000199,0.015484
swap_dynv2,64,64,262144,0.016779,0.000000,0.000039,0.000342,0.000961,0.000308,0.000196,0.015343
swap_dynv2,64,64,262144,0.016503,0.000000,0.000039,0.000346,0.000973,0.000287,0.000153,0.016943
swap_dynv2,64,64,262144,0.016171,0.000000,0.000039,0.000347,0.000959,0.000321,0.000199,0.015486
swap_dynv2,64,64,262144,0.016655,0.000000,0.000040,0.000349,0.000983,0.000297,0.000166,0.015722
swap_dynv2,64,64,262144,0.017004,0.000000,0.000039,0.000348,0.000970,0.000313,0.000160,0.017364
swap_dynv2,64,64,262144,0.016341,0.000000,0.000035,0.000332,0.000968,0.000286,0.000157,0.017356
swap_dynv2,64,64,262144,0.016824,0.000000,0.000046,0.000349,0.000973,0.000303,0.000202,0.015543
swap_dynv2,64,64,262144,0.016896,0.000000,0.000035,0.000346,0.001005,0.000306,0.000164,0.016273
swap_dynv2,64,64,262144,0.016527,0.000000,0.000035,0.000343,0.000975,0.000282,0.000203,0.015578
swap_dynv2,64,64,262144,0.016638,0.000000,0.000035,0.000346,0.000981,0.000294,0.000168,0.015692
swap_dynv2,64,64,262144,0.016213,0.000000,0.000036,0.000344,0.000978,0.000278,0.000220,0.015088
swap_dynv2,64,64,262144,0.016147,0.000000,0.000040,0.000345,0.000987,0.000292,0.000188,0.015502
swap_dynv2,64,64,262144,0.016208,0.000000,0.000039,0.000346,0.000971,0.000293,0.000200,0.015436
swap_dynv2,64,64,262144,0.016689,0.000000,0.000041,0.000351,0.001003,0.000305,0.000157,0.016173
swap_dynv2,64,64,262144,0.016599,0.000000,0.000040,0.000341,0.000995,0.000290,0.000198,0.015247
swap_dynv2,64,64,262144,0.016788,0.000000,0.000042,0.000354,0.001040,0.000296,0.000178,0.015748
swap_dynv2,64,64,262144,0.016758,0.000000,0.000040,0.000354,0.001011,0.000308,0.000198,0.015621
swap_dynv2,64,64,262144,0.016503,0.000000,0.000039,0.000347,0.000969,0.000283,0.000194,0.015534
swap_dynv2,64,64,262144,0.016626,0.000000,0.000040,0.000355,0.000965,0.000277,0.000163,0.015737
swap_dynv2,64,64,262144,0.016675,0.000000,0.000037,0.000346,0.000994,0.000313,0.000155,0.016597
swap_dynv2,64,64,262144,0.016987,0.000000,0.000039,0.000347,0.000998,0.000298,0.000209,0.015262
swap_dynv2,64,64,262144,0.016376,0.000000,0.000040,0.000351,0.000966,0.000300,0.000149,0.015003
swap_dynv2,64,64,262144,0.016197,0.000000,0.000041,0.000345,0.000981,0.000297,0.000157,0.015968
swap_dynv2,64,64,262144,0.016570,0.000000,0.000040,0.000352,0.000991,0.000277,0.000195,0.015529
swap_dynv2,64,64,262144,0.016839,0.000000,0.000041,0.000348,0.001010,0.000320,0.000198,0.015241
swap_dynv2,64,64,262144,0.016361,0.000000,0.000039,0.000351,0.000989,0.000271,0.000189,0.015042
swap_dynv2,64,64,262144,0.016418,0.000000,0.000040,0.000344,0.000970,0.000284,0.000257,0.015379
swap_dynv2,64,64,262144,0.016929,0.000000,0.000040,0.000344,0.000967,0.000287,0.000203,0.015476
swap_dynv2,64,64,262144,0.016586,0.000000,0.000041,0.000351,0.000966,0.000297,0.000159,0.015442
swap_dynv2,64,64,262144,0.015990,0.000000,0.000041,0.000349,0.000960,0.000284,0.000150,0.015984
swap_dynv2,64,64,262144,0.016628,0.000000,0.000040,0.000337,0.000963,0.000277,0.000243,0.015595
swap_dynv2,64,64,262144,0.016752,0.000000,0.000036,0.000349,0.000978,0.000272,0.000228,0.015080
swap_dynv2,64,64,262144,0.016622,0.000000,0.000037,0.000352,0.000975,0.000290,0.000160,0.016527
swap_dynv2,64,64,262144,0.016544,0.000000,0.000041,0.000345,0.000992,0.000280,0.000162,0.015577
swap_dynv2,64,64,262144,0.016590,0.000000,0.000043,0.000356,0.001005,0.000309,0.000173,0.016650
swap_dynv2,64,64,262144,0.016611,0.000000,0.000044,0.000354,0.000996,0.000342,0.000190,0.015450
swap_dynv2,64,64,262144,0.016211,0.000000,0.000043,0.000353,0.000990,0.000345,0.000169,0.015414
swap_dynv2,64,64,262144,0.016852,0.000000,0.000043,0.000368,0.001014,0.000320,0.000174,0.015861
swap_dynv2,64,64,262144,0.016391,0.000000,0.000042,0.000365,0.001000,0.000312,0.000204,0.015356
swap_dynv2,64,64,262144,0.016622,0.000000,0.000040,0.000356,0.000960,0.000288,0.000160,0.016265
swap_dynv2,64,64,262144,0.016359,0.000000,0.000044,0.000359,0.001009,0.000312,0.000225,0.015402
swap_dynv2,64,64,262144,0.016809,0.000000,0.000037,0.000368,0.000992,0.000281,0.000207,0.015439
swap_dynv2,64,64,262144,0.016439,0.000000,0.000043,0.000362,0.001000,0.000292,0.000207,0.015439
swap_dynv2,64,64,262144,0.016752,0.000000,0.000041,0.000361,0.000978,0.000325,0.000200,0.015222
swap_dynv2,64,64,262144,0.016633,0.000000,0.000041,0.000347,0.001005,0.000331,0.000236,0.015326
swap_dynv2,64,64,262144,0.016586,0.000000,0.000049,0.000348,0.000970,0.000275,0.000254,0.015209
swap_dynv2,64,64,262144,0.016386,0.000000,0.000041,0.000355,0.000983,0.000325,0.000242,0.015378
swap_dynv2,64,64,262144,0.016374,0.000000,0.000041,0.000351,0.000990,0.000298,0.000166,0.015861
swap_dynv2,64,64,262144,0.016670,0.000000,0.000038,0.000360,0.000989,0.000319,0.000175,0.016176
swap_dynv2,64,64,262144,0.016955,0.000000,0.000048,0.000360,0.001016,0.000303,0.000213,0.015537
swap_dynv2,64,64,262144,0.016576,0.000000,0.000044,0.000356,0.001009,0.000320,0.000161,0.015986
swap_dynv2,64,64,262144,0.016790,0.000000,0.000041,0.000361,0.000991,0.000298,0.000164,0.017269
swap_dynv2,64,64,262144,0.014775,0.000000,0.000041,0.000355,0.001007,0.000289,0.000172,0.016058
swap_dynv2,64,64,262144,0.016196,0.000000,0.000042,0.000361,0.001033,0.000299,0.000190,0.015691
swap_dynv2,64,64,262144,0.016992,0.000000,0.000043,0.000355,0.001011,0.000320,0.000163,0.015195
swap_dynv2,64,64,262144,0.016883,0.000000,0.000042,0.000351,0.001000,0.000316,0.000151,0.015408
swap_dynv2,64,64,262144,0.016824,0.000000,0.000042,0.000360,0.000976,0.000298,0.000168,0.015139
swap_dynv2,64,64,262144,0.016671,0.000000,0.000042,0.000364,0.000996,0.000300,0.000193,0.015721
swap_dynv2,64,64,262144,0.016681,0.000000,0.000040,0.000348,0.000994,0.000300,0.000174,0.014960
swap_dynv2,64,64,262144,0.016471,0.000000,0.000042,0.000356,0.000985,0.000286,0.000174,0.016058
swap_dynv2,64,64,262144,0.016219,0.000000,0.000042,0.000361,0.000992,0.000282,0.000205,0.015191
swap_dynv2,64,64,262144,0.016780,0.000000,0.000042,0.000352,0.001014,0.000324,0.000158,0.015213
swap_dynv2,64,64,262144,0.016974,0.000000,0.000043,0.000363,0.001006,0.000327,0.000170,0.015554
swap_dynv2,64,64,262144,0.016321,0.000000,0.000043,0.000357,0.000997,0.000300,0.000169,0.015745
swap_dynv2,64,64,262144,0.018764,0.000000,0.000041,0.000359,0.000983,0.000300,0.000201,0.014991
swap_dynv2,64,64,262144,0.016894,0.000000,0.000041,0.000359,0.000973,0.000352,0.000201,0.015526
swap_dynv2,64,64,262144,0.016367,0.000000,0.000041,0.000362,0.000991,0.000301,0.000174,0.016038
swap_static,64,64,16777216,0.960954,0.000000,0.000000,0.000367,0.001048,0.000357,0.000191,0.961040
swap_static,64,64,16777216,0.952755,0.000000,0.000000,0.000375,0.001021,0.000332,0.000224,0.962778
swap_static,64,64,16777216,0.962461,0.000000,0.000000,0.000379,0.001001,0.000339,0.000169,0.944178
swap_static,64,64,16777216,0.955322,0.000000,0.000000,0.000382,0.001021,0.000328,0.000218,0.958729
swap_static,64,64,16777216,0.957754,0.000000,0.000000,0.000376,0.001013,0.000329,0.000210,0.960772
swap_static,64,64,16777216,0.960068,0.000000,0.000000,0.000370,0.001030,0.000344,0.000156,0.948834
swap_static,64,64,16777216,0.959198,0.000000,0.000000,0.000384,0.001060,0.000347,0.000159,0.961938
swap_static,64,64,16777216,0.959125,0.000000,0.000000,0.000376,0.001029,0.000314,0.000172,0.960759
swap_static,64,64,16777216,0.935702,0.000000,0.000000,0.000381,0.001014,0.000323,0.000167,0.960543
swap_static,64,64,16777216,0.957608,0.000000,0.000000,0.000375,0.001022,0.000328,0.000171,0.959137
swap_static,64,64,16777216,0.952632,0.000000,0.000000,0.000388,0.001036,0.000308,0.000200,0.959319
swap_static,64,64,16777216,0.959785,0.000000,0.000000,0.000379,0.001007,0.000312,0.000159,0.962955
swap_static,64,64,16777216,0.962315,0.000000,0.000000,0.000382,0.001004,0.000320,0.000208,0.952884
swap_static,64,64,16777216,0.958364,0.000000,0.000000,0.000375,0.001028,0.000314,0.000178,0.961874
swap_static,64,64,16777216,0.951160,0.000000,0.000000,0.000382,0.001022,0.000314,0.000213,0.959839
swap_static,64,64,16777216,0.959781,0.000000,0.000000,0.000373,0.001007,0.000309,0.000165,0.952395
swap_static,64,64,16777216,0.962662,0.000000,0.000000,0.000391,0.001063,0.000362,0.000192,0.963367
swap_static,64,64,16777216,0.946341,0.000000,0.000000,0.000389,0.001075,0.000390,0.000158,0.963363
swap_static,64,64,16777216,0.958745,0.000000,0.000000,0.000384,0.001048,0.000390,0.000167,0.961619
swap_static,64,64,16777216,0.963282,0.000000,0.000000,0.000384,0.001004,0.000303,0.000204,0.962411
swap_static,64,64,16777216,0.961585,0.000000,0.000000,0.000377,0.001029,0.000300,0.000294,0.961458
swap_static,64,64,16777216,0.956653,0.000000,0.000000,0.000391,0.001215,0.000307,0.000166,0.963973
swap_static,64,64,16777216,0.962675,0.000000,0.000000,0.000384,0.001000,0.000317,0.000164,0.954504
swap_static,64,64,16777216,0.965343,0.000000,0.000000,0.000389,0.001026,0.000316,0.000164,0.965211
swap_static,64,64,16777216,0.962919,0.000000,0.000000,0.000379,0.001018,0.000315,0.000213,0.961631
swap_static,64,64,16777216,0.962303,0.000000,0.000000,0.000387,0.001031,0.000316,0.000159,0.957444
swap_static,64,64,16777216,0.971905,0.000000,0.000000,0.000390,0.001066,0.000387,0.000154,0.961262
swap_static,64,64,16777216,0.959258,0.000000,0.000000,0.000387,0.001013,0.000317,0.000208,0.961594
swap_static,64,64,16777216,0.959365,0.000000,0.000000,0.000388,0.001020,0.000319,0.000207,0.957356
swap_static,64,64,16777216,0.961825,0.000000,0.000000,0.000382,0.001027,0.000315,0.000166,0.954751
swap_static,64,64,16777216,0.958692,0.000000,0.000000,0.000394,0.001037,0.000311,0.000167,0.964611
swap_static,64,64,16777216,0.963999,0.000000,0.000000,0.000386,0.001022,0.000339,0.000163,0.962495
swap_static,64,64,16777216,0.957722,0.000000,0.000000,0.000383,0.001023,0.000318,0.000175,0.974824
swap_static,64,64,16777216,0.960007,0.000000,0.000000,0.000389,0.001024,0.000332,0.000295,0.961726
swap_static,64,64,16777216,0.954152,0.000000,0.000000,0.000390,0.001012,0.000306,0.000247,0.961501
swap_static,64,64,16777216,0.960202,0.000000,0.000000,0.000385,0.001021,0.000300,0.000190,0.962764
swap_static,64,64,16777216,0.960016,0.000000,0.000000,0.000391,0.001052,0.000359,0.000163,0.964709
swap_static,64,64,16777216,0.959411,0.000000,0.000000,0.000380,0.001022,0.000323,0.000206,0.960063
swap_static,64,64,16777216,0.966753,0.000000,0.000000,0.000387,0.001033,0.000317,0.000182,0.963140
swap_static,64,64,16777216,0.958371,0.000000,0.000000,0.000372,0.001000,0.000317,0.000159,0.952531
swap_static,64,64,16777216,0.963727,0.000000,0.000000,0.000844,0.001673,0.000554,0.000190,0.962915
swap_static,64,64,16777216,0.960133,0.000000,0.000000,0.000385,0.001032,0.000326,0.000168,0.958217
swap_static,64,64,16777216,0.961178,0.000000,0.000000,0.000391,0.001032,0.000332,0.000162,0.964180
swap_static,64,64,16777216,0.962317,0.000000,0.000000,0.000386,0.001026,0.000327,0.000220,0.951146
swap_static,64,64,16777216,0.964888,0.000000,0.000000,0.000389,0.001037,0.000327,0.000185,0.961195
swap_static,64,64,16777216,0.951955,0.000000,0.000000,0.000379,0.000989,0.000302,0.000184,0.956429
swap_static,64,64,16777216,0.964400,0.000000,0.000000,0.000392,0.001057,0.000363,0.000181,0.960733
swap_static,64,64,16777216,0.964837,0.000000,0.000000,0.000388,0.001034,0.000322,0.000171,0.964584
swap_static,64,64,16777216,0.957439,0.000000,0.000000,0.000381,0.001063,0.000302,0.000147,0.961245
swap_static,64,64,16777216,0.962370,0.000000,0.000000,0.000381,0.001007,0.000330,0.000171,0.953098
swap_static,64,64,16777216,0.963944,0.000000,0.000000,0.000384,0.001027,0.000326,0.000208,0.959995
swap_static,64,64,16777216,0.958569,0.000000,0.000000,0.000388,0.001022,0.000318,0.000176,0.967698
swap_static,64,64,16777216,0.954552,0.000000,0.000000,0.000389,0.001032,0.000320,0.000199,0.961118
swap_static,64,64,16777216,0.959862,0.000000,0.000000,0.000384,0.001003,0.000326,0.000206,0.958447
swap_static,64,64,16777216,0.960708,0.000000,0.000000,0.000380,0.001030,0.000309,0.000243,0.963378
swap_static,64,64,16777216,0.946124,0.000000,0.000000,0.000385,0.001008,0.000309,0.000167,0.963155
swap_static,64,64,16777216,0.956364,0.000000,0.000000,0.000382,0.001011,0.000302,0.000227,0.959371
swap_static,64,64,16777216,0.960017,0.000000,0.000000,0.000372,0.000986,0.000316,0.000175,0.952657
swap_static,64,64,16777216,0.960472,0.000000,0.000000,0.000385,0.001013,0.000314,0.000166,0.964218
swap_static,64,64,16777216,0.955394,0.000000,0.000000,0.000383,0.001018,0.000324,0.000197,0.956709
swap_static,64,64,16777216,0.958717,0.000000,0.000000,0.000387,0.001027,0.000470,0.000158,0.961246
swap_static,64,64,16777216,0.964530,0.000000,0.000000,0.000377,0.001027,0.000322,0.000211,0.957114
swap_static,64,64,16777216,0.963408,0.000000,0.000000,0.000378,0.001022,0.000317,0.000169,0.959766
swap_static,64,64,16777216,0.960940,0.000000,0.000000,0.000391,0.001037,0.000303,0.000210,0.956201
swap_static,64,64,16777216,0.964524,0.000000,0.000000,0.000365,0.001017,0.000307,0.000151,0.961855
swap_static,64,64,16777216,0.963378,0.000000,0.000000,0.000388,0.001028,0.000306,0.000180,0.963693
swap_static,64,64,16777216,0.959269,0.000000,0.000000,0.000393,0.001042,0.000320,0.000215,0.962740
swap_static,64,64,16777216,0.959315,0.000000,0.000000,0.000386,0.001023,0.000324,0.000169,0.954993
swap_static,64,64,16777216,0.957284,0.000000,0.000000,0.000386,0.001009,0.000318,0.000172,0.960480
swap_static,64,64,16777216,0.961429,0.000000,0.000000,0.000373,0.001018,0.000312,0.000229,0.962848
swap_static,64,64,16777216,0.962934,0.000000,0.000000,0.000378,0.001017,0.000332,0.000173,0.964579
swap_static,64,64,16777216,0.964909,0.000000,0.000000,0.000382,0.001030,0.000295,0.000144,0.957086
swap_static,64,64,16777216,0.958112,0.000000,0.000000,0.000390,0.001029,0.000401,0.000173,0.960727
swap_static,64,64,16777216,0.964454,0.000000,0.000000,0.000384,0.001046,0.000320,0.000212,0.964444
swap_static,64,64,16777216,0.965112,0.000000,0.000000,0.000382,0.001012,0.000327,0.000202,0.964203
swap_dynv2,64,64,16777216,0.945293,0.000000,0.000038,0.000340,0.001135,0.000388,0.000217,0.951958
swap_dynv2,64,64,16777216,0.943165,0.000000,0.000040,0.000355,0.001034,0.000299,0.000300,0.958283
swap_dynv2,64,64,16777216,0.961506,0.000000,0.000042,0.000361,0.001071,0.000348,0.000184,0.961623
swap_dynv2,64,64,16777216,0.957912,0.000000,0.000039,0.000344,0.001003,0.000339,0.000189,0.966008
swap_dynv2,64,64,16777216,0.963020,0.000000,0.000042,0.000353,0.001068,0.000382,0.000188,0.959406
swap_dynv2,64,64,16777216,0.950046,0.000000,0.000041,0.000349,0.001004,0.000309,0.000195,0.962388
swap_dynv2,64,64,16777216,0.957530,0.000000,0.000038,0.000350,0.001014,0.000325,0.000171,0.962051
swap_dynv2,64,64,16777216,0.959471,0.000000,0.000041,0.000343,0.001058,0.000391,0.000201,0.952140
swap_dynv2,64,64,16777216,0.958181,0.000000,0.000037,0.000346,0.001050,0.000344,0.000320,0.949082
swap_dynv2,64,64,16777216,0.959460,0.000000,0.000042,0.000356,0.001019,0.000334,0.000210,0.960211
swap_dynv2,64,64,16777216,0.961766,0.000000,0.000042,0.000358,0.001026,0.000313,0.000217,0.962988
swap_dynv2,64,64,16777216,0.964255,0.000000,0.000037,0.000353,0.001042,0.000316,0.000190,0.960582
swap_dynv2,64,64,16777216,0.962140,0.000000,0.000040,0.000360,0.001046,0.000349,0.000236,0.963749
swap_dynv2,64,64,16777216,0.965723,0.000000,0.000037,0.000356,0.001012,0.000343,0.000412,0.956214
swap_dynv2,64,64,16777216,0.967633,0.000000,0.000042,0.000347,0.001031,0.000334,0.000210,0.967823
swap_dynv2,64,64,16777216,0.969759,0.000000,0.000043,0.000360,0.001019,0.000326,0.000176,0.969392
swap_dynv2,64,64,16777216,0.967842,0.000000,0.000042,0.000351,0.001020,0.000337,0.000212,0.966979
swap_dynv2,64,64,16777216,0.968492,0.000000,0.000043,0.000364,0.001011,0.000359,0.000188,0.919333
swap_dynv2,64,64,16777216,0.958284,0.000000,0.000042,0.000359,0.001034,0.000342,0.000270,0.958140
swap_dynv2,64,64,16777216,0.957115,0.000000,0.000042,0.000347,0.001028,0.000364,0.000155,0.956669
swap_dynv2,64,64,16777216,0.960863,0.000000,0.000045,0.000364,0.001067,0.000415,0.000162,0.952065
swap_dynv2,64,64,16777216,0.957668,0.000000,0.000042,0.000357,0.001024,0.000337,0.000197,0.964793
swap_dynv2,64,64,16777216,0.952590,0.000000,0.000042,0.000353,0.001019,0.000328,0.000197,0.960866
swap_dynv2,64,64,16777216,0.958348,0.000000,0.000043,0.000370,0.001025,0.000349,0.000172,0.961580
swap_dynv2,64,64,16777216,0.960251,0.000000,0.000041,0.000357,0.001005,0.000340,0.000159,0.965038
swap_dynv2,64,64,16777216,0.963359,0.000000,0.000043,0.000364,0.001046,0.000345,0.000194,0.958705
swap_dynv2,64,64,16777216,0.958664,0.000000,0.000042,0.000354,0.001016,0.000317,0.001447,0.955995
swap_dynv2,64,64,16777216,0.958282,0.000000,0.000043,0.000365,0.001021,0.000346,0.000206,0.952876
swap_dynv2,64,64,16777216,0.960164,0.000000,0.000043,0.000356,0.001028,0.000361,0.000176,0.965220
swap_dynv2,64,64,16777216,0.948470,0.000000,0.000043,0.000365,0.001014,0.000335,0.000213,0.959776
swap_dynv2,64,64,16777216,0.966223,0.000000,0.000043,0.000370,0.001032,0.000354,0.000209,0.949603
swap_dynv2,64,64,16777216,0.956857,0.000000,0.000043,0.000365,0.001029,0.000312,0.000190,0.956599
swap_dynv2,64,64,16777216,0.969030,0.000000,0.000046,0.000363,0.001072,0.000406,0.000211,0.964465
swap_dynv2,64,64,16777216,0.956321,0.000000,0.000043,0.000381,0.001025,0.000348,0.000211,0.965800
swap_dynv2,64,64,16777216,0.964880,0.000000,0.000043,0.000359,0.001036,0.000348,0.000169,0.956699
swap_dynv2,64,64,16777216,0.961877,0.000000,0.000044,0.000365,0.001007,0.000331,0.000191,0.960103
swap_dynv2,64,64,16777216,0.964067,0.000000,0.000043,0.000363,0.001024,0.000340,0.000342,0.961393
swap_dynv2,64,64,16777216,0.959188,0.000000,0.000045,0.000362,0.001042,0.000362,0.000164,0.963104
swap_dynv2,64,64,16777216,0.964142,0.000000,0.000044,0.000361,0.001035,0.000366,0.000187,0.957908
swap_dynv2,64,64,16777216,0.964153,0.000000,0.000045,0.000368,0.001027,0.000351,0.000162,0.963706
swap_dynv2,64,64,16777216,0.959901,0.000000,0.000047,0.000361,0.001013,0.000324,0.000176,0.959220
swap_dynv2,64,64,16777216,0.961643,0.000000,0.000044,0.000359,0.001029,0.000315,0.000200,0.961171
swap_dynv2,64,64,16777216,0.966283,0.000000,0.000043,0.000366,0.001019,0.000325,0.000225,0.957658
swap_dynv2,64,64,16777216,0.959795,0.000000,0.000044,0.000365,0.001027,0.000323,0.000221,0.966787
swap_dynv2,64,64,16777216,0.964142,0.000000,0.000046,0.000371,0.001040,0.000335,0.000162,0.959582
swap_dynv2,64,64,16777216,0.961424,0.000000,0.000043,0.000362,0.001018,0.000330,0.000169,0.950133
swap_dynv2,64,64,16777216,0.956671,0.000000,0.000043,0.000365,0.001021,0.000339,0.000209,0.963579
swap_dynv2,64,64,16777216,0.964234,0.000000,0.000044,0.000372,0.001025,0.000335,0.000212,0.962089
swap_dynv2,64,64,16777216,0.966783,0.000000,0.000048,0.000368,0.001086,0.000359,0.000212,0.964978
swap_dynv2,64,64,16777216,0.963891,0.000000,0.000044,0.000368,0.001005,0.000356,0.000164,0.962270
swap_dynv2,64,64,16777216,0.962438,0.000000,0.000046,0.000365,0.001018,0.000384,0.000211,0.962387
swap_dynv2,64,64,16777216,0.960719,0.000000,0.000046,0.000369,0.001028,0.000334,0.000221,0.959019
swap_dynv2,64,64,16777216,0.963360,0.000000,0.000045,0.000378,0.001066,0.000349,0.000188,0.963042
swap_dynv2,64,64,16777216,0.952513,0.000000,0.000046,0.000376,0.001078,0.000393,0.000218,0.964246
swap_dynv2,64,64,16777216,0.962303,0.000000,0.000046,0.000364,0.001012,0.000349,0.000211,0.961132
swap_dynv2,64,64,16777216,0.955918,0.000000,0.000042,0.000379,0.001021,0.000326,0.000168,0.959789
swap_dynv2,64,64,16777216,0.965017,0.000000,0.000048,0.000362,0.001028,0.000358,0.000213,0.959688
swap_dynv2,64,64,16777216,0.957006,0.000000,0.000045,0.000367,0.001037,0.000348,0.000178,0.964726
swap_dynv2,64,64,16777216,0.965957,0.000000,0.000046,0.000381,0.001098,0.000389,0.000173,0.966714
swap_dynv2,64,64,16777216,0.966809,0.000000,0.000045,0.000368,0.001017,0.000346,0.000162,0.962868
swap_dynv2,64,64,16777216,0.957940,0.000000,0.000043,0.000374,0.001026,0.000314,0.000169,0.960198
swap_dynv2,64,64,16777216,0.952032,0.000000,0.000044,0.000369,0.001033,0.000319,0.000194,0.954945
swap_dynv2,64,64,16777216,0.965073,0.000000,0.000043,0.000371,0.001031,0.000352,0.000176,0.963318
swap_dynv2,64,64,16777216,0.952944,0.000000,0.000046,0.000373,0.001076,0.000380,0.000191,0.963468
swap_dynv2,64,64,16777216,0.960583,0.000000,0.000046,0.000377,0.001027,0.000334,0.000183,0.948956
swap_dynv2,64,64,16777216,0.960551,0.000000,0.000048,0.000372,0.001023,0.000350,0.000211,0.961287
swap_dynv2,64,64,16777216,0.960630,0.000000,0.000044,0.000364,0.001028,0.000362,0.000172,0.965232
swap_dynv2,64,64,16777216,0.956905,0.000000,0.000046,0.000358,0.001029,0.000339,0.000218,0.964444
swap_dynv2,64,64,16777216,0.964954,0.000000,0.000045,0.000374,0.001049,0.000347,0.003022,0.954772
swap_dynv2,64,64,16777216,0.962613,0.000000,0.000045,0.000379,0.001083,0.000399,0.000180,0.957540
swap_dynv2,64,64,16777216,0.966299,0.000000,0.000044,0.000375,0.001026,0.000345,0.000172,0.962426
swap_dynv2,64,64,16777216,0.962374,0.000000,0.000045,0.000364,0.001040,0.000354,0.000166,0.956161
swap_dynv2,64,64,16777216,0.963109,0.000000,0.000051,0.000381,0.001073,0.000339,0.000155,0.959012
swap_dynv2,64,64,16777216,0.958194,0.000000,0.000044,0.000371,0.001045,0.000361,0.000169,0.964151
swap_dynv2,64,64,16777216,0.964732,0.000000,0.000045,0.000375,0.001036,0.000341,0.000211,0.962858
swap_static,64,256,4096,0.003420,0.000000,0.000000,0.000915,0.001002,0.000295,0.000203,0.002185
swap_static,64,256,4096,0.003349,0.000000,0.000000,0.000802,0.001031,0.000279,0.000205,0.002209
swap_static,64,256,4096,0.003424,0.000000,0.000000,0.000818,0.000985,0.000287,0.000160,0.002279
swap_static,64,256,4096,0.003239,0.000000,0.000000,0.000769,0.000997,0.000285,0.000156,0.002195
swap_static,64,256,4096,0.003417,0.000000,0.000000,0.000856,0.001007,0.000264,0.000146,0.002111
swap_static,64,256,4096,0.003196,0.000000,0.000000,0.000812,0.000995,0.000268,0.000171,0.002242
swap_static,64,256,4096,0.003223,0.000000,0.000000,0.000793,0.001026,0.000316,0.000187,0.002196
swap_static,64,256,4096,0.003401,0.000000,0.000000,0.000796,0.001015,0.000259,0.000150,0.002141
swap_static,64,256,4096,0.003257,0.000000,0.000000,0.000804,0.001004,0.000266,0.000173,0.002201
swap_static,64,256,4096,0.003288,0.000000,0.000000,0.000817,0.000974,0.000277,0.000139,0.002108
swap_static,64,256,4096,0.003397,0.000000,0.000000,0.000812,0.000984,0.000245,0.000148,0.002176
swap_static,64,256,4096,0.003230,0.000000,0.000000,0.000824,0.000999,0.000264,0.000219,0.002171
swap_static,64,256,4096,0.003256,0.000000,0.000000,0.000773,0.000979,0.000254,0.000148,0.002137
swap_static,64,256,4096,0.003416,0.000000,0.000000,0.000834,0.001103,0.000270,0.000195,0.002232
swap_static,64,256,4096,0.003545,0.000000,0.000000,0.000823,0.001028,0.000262,0.001237,0.001247
swap_static,64,256,4096,0.003346,0.000000,0.000000,0.000836,0.000974,0.000275,0.000145,0.002138
swap_static,64,256,4096,0.003215,0.000000,0.000000,0.000834,0.000998,0.000272,0.000186,0.002131
swap_static,64,256,4096,0.003578,0.000000,0.000000,0.000799,0.001005,0.000267,0.000170,0.002122
swap_static,64,256,4096,0.003287,0.000000,0.000000,0.000850,0.000997,0.000263,0.000166,0.002276
swap_static,64,256,4096,0.003762,0.000000,0.000000,0.000896,0.001017,0.000283,0.000166,0.002250
swap_static,64,256,4096,0.003356,0.000000,0.000000,0.000837,0.001019,0.000276,0.000160,0.002191
swap_static,64,256,4096,0.003448,0.000000,0.000000,0.000830,0.000982,0.000257,0.000153,0.002215
swap_static,64,256,4096,0.003230,0.000000,0.000000,0.000808,0.001016,0.000270,0.000555,0.001860
swap_static,64,256,4096,0.003206,0.000000,0.000000,0.000840,0.001236,0.000273,0.000155,0.002234
swap_static,64,256,4096,0.003434,0.000000,0.000000,0.000881,0.001021,0.000276,0.000160,0.002358
swap_static,64,256,4096,0.003232,0.000000,0.000000,0.000838,0.001007,0.000272,0.000211,0.002147
swap_static,64,256,4096,0.003475,0.000000,0.000000,0.000847,0.000998,0.000280,0.000156,0.002183
swap_static,64,256,4096,0.003317,0.000000,0.000000,0.000773,0.000978,0.000261,0.001834,0.000650
swap_static,64,256,4096,0.003364,0.000000,0.000000,0.000880,0.000978,0.000266,0.000199,0.002133
swap_static,64,256,4096,0.003257,0.000000,0.000000,0.000776,0.001009,0.000263,0.000176,0.002423
swap_static,64,256,4096,0.003423,0.000000,0.000000,0.000841,0.000992,0.000255,0.000180,0.002245
swap_static,64,256,4096,0.003276,0.000000,0.000000,0.000800,0.000990,0.000264,0.000217,0.002134
swap_static,64,256,4096,0.003286,0.000000,0.000000,0.000779,0.001000,0.000279,0.000178,0.002259
swap_static,64,256,4096,0.003235,0.000000,0.000000,0.000776,0.000988,0.000256,0.000198,0.002082
swap_static,64,256,4096,0.003221,0.000000,0.000000,0.000776,0.000965,0.000253,0.000206,0.002290
swap_static,64,256,4096,0.003335,0.000000,0.000000,0.000791,0.001000,0.000283,0.000159,0.002117
swap_static,64,256,4096,0.003327,0.000000,0.000000,0.000831,0.000983,0.000254,0.000154,0.002248
swap_static,64,256,4096,0.003423,0.000000,0.000000,0.000791,0.000983,0.000269,0.000151,0.002256
swap_static,64,256,4096,0.003415,0.000000,0.000000,0.000795,0.001008,0.000274,0.000214,0.002114
swap_static,64,256,4096,0.003344,0.000000,0.000000,0.000834,0.001001,0.000257,0.000213,0.002165
swap_static,64,256,4096,0.003386,0.000000,0.000000,0.000791,0.001200,0.000271,0.000159,0.002318
swap_static,64,256,4096,0.003314,0.000000,0.000000,0.000831,0.001035,0.000337,0.000158,0.002271
swap_static,64,256,4096,0.003375,0.000000,0.000000,0.000762,0.000998,0.000261,0.000152,0.002283
swap_static,64,256,4096,0.003299,0.000000,0.000000,0.000885,0.000980,0.000248,0.000149,0.002140
swap_static,64,256,4096,0.003444,0.000000,0.000000,0.000809,0.001022,0.000253,0.000153,0.002187
swap_static,64,256,4096,0.003170,0.000000,0.000000,0.000780,0.001026,0.000249,0.000201,0.002148
swap_static,64,256,4096,0.003363,0.000000,0.000000,0.000861,0.001106,0.000258,0.000151,0.002237
swap_static,64,256,4096,0.003368,0.000000,0.000000,0.000785,0.000999,0.000249,0.000185,0.002207
swap_static,64,256,4096,0.003406,0.000000,0.000000,0.000837,0.000980,0.000269,0.000173,0.002252
swap_static,64,256,4096,0.003448,0.000000,0.000000,0.000958,0.001026,0.000270,0.000158,0.002136
swap_static,64,256,4096,0.003234,0.000000,0.000000,0.000777,0.000997,0.000262,0.000150,0.002336
swap_static,64,256,4096,0.003237,0.000000,0.000000,0.000778,0.000979,0.000266,0.000164,0.002260
swap_static,64,256,4096,0.003544,0.000000,0.000000,0.000857,0.001029,0.000262,0.000164,0.002262
swap_static,64,256,4096,0.003300,0.000000,0.000000,0.000811,0.000999,0.000246,0.000183,0.002248
swap_static,64,256,4096,0.003248,0.000000,0.000000,0.000778,0.001031,0.000255,0.002234,0.000001
swap_static,64,256,4096,0.003208,0.000000,0.000000,0.000783,0.001006,0.000273,0.000166,0.002236
swap_static,64,256,4096,0.003256,0.000000,0.000000,0.000853,0.000994,0.000272,0.000158,0.002225
swap_static,64,256,4096,0.003287,0.000000,0.000000,0.000850,0.000993,0.000283,0.000170,0.002423
swap_static,64,256,4096,0.003632,0.000000,0.000000,0.000820,0.000983,0.000253,0.000210,0.002155
swap_static,64,256,4096,0.003311,0.000000,0.000000,0.000857,0.000995,0.000268,0.000159,0.002209
swap_static,64,256,4096,0.003209,0.000000,0.000000,0.000875,0.000984,0.000256,0.000154,0.002213
swap_static,64,256,4096,0.003440,0.000000,0.000000,0.000793,0.001026,0.000278,0.000211,0.002116
swap_static,64,256,4096,0.003346,0.000000,0.000000,0.000848,0.000991,0.000276,0.000155,0.002194
swap_static,64,256,4096,0.003341,0.000000,0.000000,0.000846,0.000973,0.000263,0.001213,0.001083
swap_static,64,256,4096,0.003409,0.000000,0.000000,0.000819,0.001000,0.000263,0.000191,0.002140
swap_static,64,256,4096,0.003238,0.000000,0.000000,0.000778,0.000962,0.000265,0.000152,0.002322
swap_static,64,256,4096,0.003281,0.000000,0.000000,0.000779,0.000975,0.000247,0.000152,0.002216
swap_static,64,256,4096,0.003309,0.000000,0.000000,0.000827,0.001006,0.000360,0.000216,0.002166
swap_static,64,256,4096,0.003356,0.000000,0.000000,0.000774,0.000978,0.000265,0.000142,0.002197
swap_static,64,256,4096,0.003400,0.000000,0.000000,0.000900,0.000973,0.000247,0.000154,0.002297
swap_static,64,256,4096,0.003377,0.000000,0.000000,0.000767,0.001003,0.000258,0.000159,0.002210
swap_static,64,256,4096,0.003301,0.000000,0.000000,0.000849,0.000994,0.000271,0.000211,0.002212
swap_static,64,256,4096,0.003258,0.000000,0.000000,0.000823,0.000980,0.000242,0.000151,0.002248
swap_static,64,256,4096,0.003299,0.000000,0.000000,0.000795,0.001007,0.000372,0.000157,0.002249
swap_static,64,256,4096,0.003223,0.000000,0.000000,0.000835,0.001006,0.000272,0.000166,0.002082
swap_dynv2,64,256,4096,0.003491,0.000000,0.000032,0.000837,0.001018,0.000308,0.000190,0.002164
swap_dynv2,64,256,4096,0.003401,0.000000,0.000037,0.000772,0.001022,0.000279,0.000161,0.002351
swap_dynv2,64,256,4096,0.003412,0.000000,0.000044,0.000769,0.001004,0.000280,0.000204,0.002120
swap_dynv2,64,256,4096,0.003354,0.000000,0.000037,0.000791,0.000975,0.000271,0.000153,0.002288
swap_dynv2,64,256,4096,0.003400,0.000000,0.000038,0.000767,0.001037,0.000257,0.000165,0.002247
swap_dynv2,64,256,4096,0.003275,0.000000,0.000036,0.000814,0.000989,0.000266,0.000187,0.002153
swap_dynv2,64,256,4096,0.003250,0.000000,0.000037,0.000808,0.000993,0.000264,0.000168,0.002109
swap_dynv2,64,256,4096,0.003370,0.000000,0.000033,0.000786,0.001068,0.000304,0.000211,0.002200
swap_dynv2,64,256,4096,0.003323,0.000000,0.000038,0.000828,0.001007,0.000271,0.000155,0.002302
swap_dynv2,64,256,4096,0.003316,0.000000,0.000037,0.000822,0.000973,0.000278,0.000155,0.002217
swap_dynv2,64,256,4096,0.003406,0.000000,0.000038,0.000746,0.000996,0.000260,0.000155,0.002250
swap_dynv2,64,256,4096,0.003262,0.000000,0.000038,0.000800,0.001009,0.000275,0.000165,0.002168
swap_dynv2,64,256,4096,0.003299,0.000000,0.000038,0.000746,0.000988,0.000298,0.000183,0.002231
swap_dynv2,64,256,4096,0.003258,0.000000,0.000039,0.000752,0.001014,0.000258,0.000206,0.002168
swap_dynv2,64,256,4096,0.003274,0.000000,0.000037,0.000820,0.001003,0.000246,0.000206,0.002239
swap_dynv2,64,256,4096,0.003493,0.000000,0.000038,0.000799,0.000984,0.000269,0.000211,0.002164
swap_dynv2,64,256,4096,0.003532,0.000000,0.000040,0.000847,0.001024,0.000311,0.000215,0.002194
swap_dynv2,64,256,4096,0.003553,0.000000,0.000037,0.000873,0.001124,0.000290,0.000215,0.002154
swap_dynv2,64,256,4096,0.003391,0.000000,0.000041,0.000827,0.001038,0.000268,0.000250,0.002259
swap_dynv2,64,256,4096,0.003381,0.000000,0.000039,0.000824,0.001002,0.000277,0.002339,0.000024
swap_dynv2,64,256,4096,0.003416,0.000000,0.000038,0.000788,0.000996,0.000262,0.000209,0.002186
swap_dynv2,64,256,4096,0.003342,0.000000,0.000039,0.000782,0.001011,0.000275,0.000156,0.002322
swap_dynv2,64,256,4096,0.003338,0.000000,0.000035,0.000755,0.001016,0.000300,0.000171,0.002219
swap_dynv2,64,256,4096,0.003601,0.000000,0.000040,0.000780,0.001020,0.000279,0.000221,0.002208
swap_dynv2,64,256,4096,0.003407,0.000000,0.000041,0.000795,0.001004,0.000280,0.000164,0.002219
swap_dynv2,64,256,4096,0.003367,0.000000,0.000041,0.000790,0.001008,0.000282,0.000192,0.002152
swap_dynv2,64,256,4096,0.003482,0.000000,0.000040,0.000787,0.001015,0.000274,0.000179,0.002128
swap_dynv2,64,256,4096,0.003506,0.000000,0.000040,0.000774,0.000990,0.000264,0.000153,0.002189
swap_dynv2,64,256,4096,0.003382,0.000000,0.000041,0.000785,0.001004,0.000377,0.000184,0.002234
swap_dynv2,64,256,4096,0.003335,0.000000,0.000041,0.000789,0.001021,0.000298,0.002311,0.000015
swap_dynv2,64,256,4096,0.003339,0.000000,0.000039,0.000897,0.000988,0.000264,0.000158,0.002157
swap_dynv2,64,256,4096,0.003288,0.000000,0.000040,0.000828,0.001000,0.000265,0.000158,0.002169
swap_dynv2,64,256,4096,0.003317,0.000000,0.000039,0.000872,0.000975,0.000270,0.000165,0.002346
swap_dynv2,64,256,4096,0.003263,0.000000,0.000039,0.000747,0.000999,0.000266,0.000161,0.002208
swap_dynv2,64,256,4096,0.003431,0.000000,0.000040,0.000753,0.000968,0.000248,0.000175,0.002194
swap_dynv2,64,256,4096,0.003357,0.000000,0.000040,0.000780,0.001011,0.000280,0.000154,0.002213
swap_dynv2,64,256,4096,0.003387,0.000000,0.000038,0.000936,0.000972,0.000262,0.000169,0.002225
swap_dynv2,64,256,4096,0.003371,0.000000,0.000040,0.000761,0.000989,0.000245,0.000281,0.002048
swap_dynv2,64,256,4096,0.003346,0.000000,0.000041,0.000836,0.000987,0.000267,0.000159,0.002283
swap_dynv2,64,256,4096,0.003447,0.000000,0.000039,0.000804,0.000979,0.000272,0.000354,0.001963
swap_dynv2,64,256,4096,0.003324,0.000000,0.000040,0.000808,0.000992,0.000267,0.000157,0.002185
swap_dynv2,64,256,4096,0.003343,0.000000,0.000039,0.000802,0.001021,0.000257,0.000158,0.002115
swap_dynv2,64,256,4096,0.003412,0.000000,0.000040,0.000800,0.000995,0.000256,0.000158,0.002170
swap_dynv2,64,256,4096,0.003293,0.000000,0.000038,0.000838,0.000995,0.000252,0.000154,0.002133
swap_dynv2,64,256,4096,0.003309,0.000000,0.000039,0.000835,0.000987,0.000280,0.000170,0.002228
swap_dynv2,64,256,4096,0.003302,0.000000,0.000040,0.000921,0.000979,0.000281,0.000162,0.002268
swap_dynv2,64,256,4096,0.003267,0.000000,0.000041,0.000766,0.001020,0.000275,0.000199,0.002268
swap_dynv2,64,256,4096,0.003441,0.000000,0.000040,0.000793,0.000989,0.000261,0.000161,0.002184
swap_dynv2,64,256,4096,0.003315,0.000000,0.000040,0.000805,0.001016,0.000278,0.000226,0.002225
swap_dynv2,64,256,4096,0.003375,0.000000,0.000042,0.000769,0.001022,0.000313,0.000216,0.002176
swap_dynv2,64,256,4096,0.003414,0.000000,0.000043,0.000793,0.001015,0.000260,0.000222,0.002181
swap_dynv2,64,256,4096,0.003425,0.000000,0.000040,0.000772,0.001013,0.000269,0.000160,0.002235
swap_dynv2,64,256,4096,0.003474,0.000000,0.000041,0.000757,0.001000,0.000260,0.000200,0.002199
swap_dynv2,64,256,4096,0.003355,0.000000,0.000040,0.000761,0.000999,0.000259,0.000159,0.002174
swap_dynv2,64,256,4096,0.003391,0.000000,0.000042,0.000793,0.001032,0.000294,0.000957,0.001360
swap_dynv2,64,256,4096,0.003475,0.000000,0.000040,0.000842,0.001011,0.000271,0.000182,0.002283
swap_dynv2,64,256,4096,0.003419,0.000000,0.000042,0.000776,0.001014,0.000281,0.000209,0.002143
swap_dynv2,64,256,4096,0.003334,0.000000,0.000041,0.000927,0.000995,0.000300,0.000218,0.002106
swap_dynv2,64,256,4096,0.003446,0.000000,0.000042,0.000792,0.001007,0.000263,0.000194,0.002201
swap_dynv2,64,256,4096,0.003419,0.000000,0.000038,0.000865,0.000984,0.000274,0.000156,0.002193
swap_dynv2,64,256,4096,0.003279,0.000000,0.000041,0.000781,0.000997,0.000258,0.000220,0.002163
swap_dynv2,64,256,4096,0.003305,0.000000,0.000042,0.000853,0.001006,0.000272,0.000169,0.002085
swap_dynv2,64,256,4096,0.003423,0.000000,0.000041,0.000777,0.001036,0.000311,0.000173,0.002139
swap_dynv2,64,256,4096,0.003220,0.000000,0.000040,0.000748,0.000991,0.000269,0.000164,0.002251
swap_dynv2,64,256,4096,0.003398,0.000000,0.000040,0.000825,0.000981,0.000272,0.000161,0.002194
swap_dynv2,64,256,4096,0.003260,0.000000,0.000041,0.000775,0.001002,0.000285,0.000159,0.002290
swap_dynv2,64,256,4096,0.003437,0.000000,0.000043,0.000787,0.001030,0.000283,0.001497,0.000798
swap_dynv2,64,256,4096,0.003459,0.000000,0.000043,0.000942,0.001015,0.000306,0.000175,0.002183
swap_dynv2,64,256,4096,0.003329,0.000000,0.000036,0.000780,0.001032,0.000315,0.000165,0.002321
swap_dynv2,64,256,4096,0.003523,0.000000,0.000037,0.000786,0.001072,0.000261,0.000163,0.002348
swap_dynv2,64,256,4096,0.003314,0.000000,0.000037,0.000787,0.001016,0.000294,0.000216,0.002179
swap_dynv2,64,256,4096,0.003439,0.000000,0.000038,0.000852,0.000985,0.000272,0.000177,0.002232
swap_dynv2,64,256,4096,0.003354,0.000000,0.000037,0.000813,0.000987,0.000279,0.002296,0.000017
swap_dynv2,64,256,4096,0.003359,0.000000,0.000041,0.000873,0.001043,0.000414,0.000179,0.002156
swap_dynv2,64,256,4096,0.003273,0.000000,0.000040,0.000781,0.001011,0.000269,0.000221,0.002187
swap_static,64,256,262144,0.016593,0.000000,0.000000,0.000848,0.001037,0.000357,0.000235,0.015082
swap_static,64,256,262144,0.017045,0.000000,0.000000,0.000875,0.001057,0.000329,0.000161,0.016558
swap_static,64,256,262144,0.015965,0.000000,0.000000,0.000869,0.001035,0.000310,0.000157,0.016651
swap_static,64,256,262144,0.016820,0.000000,0.000000,0.000872,0.001026,0.000304,0.000170,0.014778
swap_static,64,256,262144,0.016484,0.000000,0.000000,0.000884,0.001031,0.000299,0.000153,0.016375
swap_static,64,256,262144,0.016553,0.000000,0.000000,0.000891,0.001035,0.000312,0.000159,0.015420
swap_static,64,256,262144,0.017062,0.000000,0.000000,0.000864,0.001016,0.000337,0.000167,0.016037
swap_static,64,256,262144,0.017089,0.000000,0.000000,0.000881,0.001048,0.000339,0.000187,0.015895
swap_static,64,256,262144,0.016198,0.000000,0.000000,0.000865,0.001031,0.000300,0.000302,0.015816
swap_static,64,256,262144,0.017038,0.000000,0.000000,0.000951,0.001048,0.000291,0.000297,0.015452
swap_static,64,256,262144,0.016708,0.000000,0.000000,0.000877,0.001022,0.000307,0.000157,0.016217
swap_static,64,256,262144,0.016769,0.000000,0.000000,0.000864,0.001025,0.000295,0.000230,0.015407
swap_static,64,256,262144,0.016851,0.000000,0.000000,0.000883,0.001055,0.000318,0.000153,0.016088
swap_static,64,256,262144,0.016468,0.000000,0.000000,0.000983,0.001042,0.000304,0.000146,0.015280
swap_static,64,256,262144,0.016486,0.000000,0.000000,0.000876,0.001017,0.000319,0.000169,0.016151
swap_static,64,256,262144,0.016242,0.000000,0.000000,0.000876,0.001016,0.000311,0.000167,0.016086
swap_static,64,256,262144,0.016889,0.000000,0.000000,0.000862,0.001005,0.000312,0.000211,0.014885
swap_static,64,256,262144,0.017026,0.000000,0.000000,0.000977,0.001023,0.000295,0.000163,0.015394
swap_static,64,256,262144,0.016679,0.000000,0.000000,0.000900,0.001066,0.000329,0.000212,0.015091
swap_static,64,256,262144,0.016803,0.000000,0.000000,0.000891,0.001031,0.000296,0.000201,0.014966
swap_static,64,256,262144,0.016483,0.000000,0.000000,0.000995,0.001011,0.000317,0.000154,0.016191
swap_static,64,256,262144,0.016339,0.000000,0.000000,0.000880,0.001008,0.000294,0.000165,0.016314
swap_static,64,256,262144,0.016002,0.000000,0.000000,0.000875,0.001019,0.000305,0.000214,0.015791
swap_static,64,256,262144,0.016753,0.000000,0.000000,0.000925,0.001073,0.000289,0.000197,0.015340
swap_static,64,256,262144,0.016298,0.000000,0.000000,0.000902,0.001030,0.000302,0.000150,0.014846
swap_static,64,256,262144,0.015969,0.000000,0.000000,0.000906,0.001029,0.000296,0.000209,0.015699
swap_static,64,256,262144,0.016950,0.000000,0.000000,0.000870,0.001013,0.000295,0.000286,0.014647
swap_static,64,256,262144,0.016158,0.000000,0.000000,0.000867,0.001010,0.000316,0.000164,0.016149
swap_static,64,256,262144,0.016573,0.000000,0.000000,0.000979,0.001013,0.000299,0.000229,0.015502
swap_static,64,256,262144,0.016395,0.000000,0.000000,0.000851,0.001022,0.000310,0.000155,0.015309
swap_static,64,256,262144,0.016160,0.000000,0.000000,0.000852,0.001065,0.000284,0.000201,0.015432
swap_static,64,256,262144,0.016751,0.000000,0.000000,0.000858,0.001034,0.000306,0.000167,0.014855
swap_static,64,256,262144,0.016080,0.000000,0.000000,0.000836,0.001008,0.000279,0.000216,0.014908
swap_static,64,256,262144,0.015819,0.000000,0.000000,0.000862,0.001015,0.000315,0.000173,0.014822
swap_static,64,256,262144,0.016498,0.000000,0.000000,0.000865,0.001000,0.000292,0.000167,0.014819
swap_static,64,256,262144,0.016106,0.000000,0.000000,0.000915,0.001056,0.000321,0.000161,0.015638
swap_static,64,256,262144,0.016763,0.000000,0.000000,0.000858,0.001012,0.000304,0.000201,0.015290
swap_static,64,256,262144,0.016721,0.000000,0.000000,0.000846,0.001034,0.000315,0.000199,0.015378
swap_static,64,256,262144,0.016908,0.000000,0.000000,0.000868,0.001020,0.000301,0.000154,0.015910
swap_static,64,256,262144,0.016567,0.000000,0.000000,0.000871,0.001016,0.000321,0.000160,0.016590
swap_static,64,256,262144,0.016079,0.000000,0.000000,0.000858,0.001024,0.000283,0.000188,0.015153
swap_static,64,256,262144,0.016796,0.000000,0.000000,0.000852,0.001021,0.000316,0.000190,0.015523
swap_static,64,256,262144,0.016885,0.000000,0.000000,0.000880,0.001021,0.000313,0.000213,0.015658
swap_static,64,256,262144,0.016918,0.000000,0.000000,0.000850,0.001010,0.000313,0.000166,0.016171
swap_static,64,256,262144,0.016743,0.000000,0.000000,0.000866,0.001034,0.000290,0.000206,0.015699
swap_static,64,256,262144,0.016824,0.000000,0.000000,0.000865,0.001000,0.000293,0.000222,0.014736
swap_static,64,256,262144,0.016250,0.000000,0.000000,0.000870,0.001020,0.000300,0.000156,0.015127
swap_static,64,256,262144,0.016912,0.000000,0.000000,0.000866,0.001046,0.000300,0.000204,0.015735
swap_static,64,256,262144,0.016548,0.000000,0.000000,0.000877,0.001052,0.000311,0.000151,0.014179
swap_static,64,256,262144,0.017072,0.000000,0.000000,0.000867,0.001013,0.000296,0.000168,0.015562
swap_static,64,256,262144,0.017065,0.000000,0.000000,0.000867,0.001029,0.000306,0.000221,0.015045
swap_static,64,256,262144,0.016346,0.000000,0.000000,0.000876,0.001037,0.000293,0.000145,0.016946
swap_static,64,256,262144,0.017197,0.000000,0.000000,0.000872,0.001018,0.000301,0.000206,0.015649
swap_static,64,256,262144,0.016401,0.000000,0.000000,0.000877,0.001025,0.000318,0.000209,0.015143
swap_static,64,256,262144,0.017032,0.000000,0.000000,0.000920,0.001060,0.000313,0.000281,0.015434
swap_static,64,256,262144,0.017405,0.000000,0.000000,0.000899,0.001040,0.000360,0.000177,0.015415
swap_static,64,256,262144,0.016284,0.000000,0.000000,0.000874,0.001035,0.000293,0.000144,0.015414
swap_static,64,256,262144,0.016032,0.000000,0.000000,0.000891,0.001020,0.000291,0.000208,0.015456
swap_static,64,256,262144,0.016252,0.000000,0.000000,0.000870,0.000998,0.000289,0.000214,0.015076
swap_static,64,256,262144,0.016838,0.000000,0.000000,0.000857,0.001006,0.000307,0.000215,0.015338
swap_static,64,256,262144,0.016794,0.000000,0.000000,0.000850,0.001007,0.000290,0.000150,0.016876
swap_static,64,256,262144,0.017218,0.000000,0.000000,0.000882,0.001041,0.000328,0.000169,0.015982
swap_static,64,256,262144,0.015967,0.000000,0.000000,0.000883,0.001025,0.000322,0.000205,0.015978
swap_static,64,256,262144,0.016803,0.000000,0.000000,0.000884,0.001042,0.000325,0.000281,0.015402
swap_static,64,256,262144,0.017249,0.000000,0.000000,0.000887,0.001028,0.000309,0.000282,0.015600
swap_static,64,256,262144,0.016325,0.000000,0.000000,0.000870,0.001032,0.000324,0.000165,0.016006
swap_static,64,256,262144,0.016541,0.000000,0.000000,0.000885,0.001039,0.000309,0.000193,0.015044
swap_static,64,256,262144,0.016415,0.000000,0.000000,0.000869,0.000998,0.000311,0.000226,0.015376
swap_static,64,256,262144,0.016920,0.000000,0.000000,0.000878,0.001042,0.000310,0.000284,0.015445
swap_static,64,256,262144,0.016797,0.000000,0.000000,0.000913,0.001061,0.000366,0.000209,0.015738
swap_static,64,256,262144,0.016191,0.000000,0.000000,0.000863,0.000997,0.000292,0.000191,0.015997
swap_static,64,256,262144,0.016312,0.000000,0.000000,0.000857,0.001014,0.000286,0.000162,0.015922
swap_static,64,256,262144,0.017227,0.000000,0.000000,0.000864,0.001026,0.000314,0.000283,0.014915
swap_static,64,256,262144,0.015973,0.000000,0.000000,0.000874,0.001018,0.000316,0.000219,0.015324
swap_static,64,256,262144,0.016826,0.000000,0.000000,0.000881,0.001002,0.000324,0.000191,0.015559
swap_dynv2,64,256,262144,0.016722,0.000000,0.000036,0.000858,0.001086,0.000341,0.000165,0.015316
swap_dynv2,64,256,262144,0.016746,0.000000,0.000038,0.000803,0.001010,0.000320,0.000211,0.015530
swap_dynv2,64,256,262144,0.016661,0.000000,0.000038,0.000811,0.001015,0.000310,0.000208,0.015037
swap_dynv2,64,256,262144,0.017070,0.000000,0.000039,0.000867,0.001021,0.000368,0.000214,0.015614
swap_dynv2,64,256,262144,0.016629,0.000000,0.000041,0.000831,0.001025,0.000335,0.000209,0.015478
swap_dynv2,64,256,262144,0.016048,0.000000,0.000038,0.000786,0.000999,0.000298,0.000174,0.015469
swap_dynv2,64,256,262144,0.015545,0.000000,0.000037,0.000910,0.001091,0.000328,0.000153,0.015773
swap_dynv2,64,256,262144,0.016523,0.000000,0.000076,0.000809,0.001055,0.000309,0.000152,0.015756
swap_dynv2,64,256,262144,0.016989,0.000000,0.000039,0.000806,0.000994,0.000295,0.000149,0.016080
swap_dynv2,64,256,262144,0.016814,0.000000,0.000040,0.000824,0.001021,0.000318,0.000159,0.016287
swap_dynv2,64,256,262144,0.016839,0.000000,0.000040,0.000821,0.001004,0.000288,0.000203,0.015625
swap_dynv2,64,256,262144,0.016920,0.000000,0.000046,0.000852,0.000997,0.000337,0.000212,0.015459
swap_dynv2,64,256,262144,0.018893,0.000000,0.000041,0.000831,0.001019,0.000295,0.000221,0.014778
swap_dynv2,64,256,262144,0.016976,0.000000,0.000038,0.000849,0.001032,0.000369,0.000162,0.015811
swap_dynv2,64,256,262144,0.016565,0.000000,0.000041,0.000935,0.001000,0.000327,0.000203,0.015570
swap_dynv2,64,256,262144,0.016641,0.000000,0.000040,0.000794,0.000989,0.000305,0.000243,0.015241
swap_dynv2,64,256,262144,0.017015,0.000000,0.000042,0.000838,0.001003,0.000298,0.000209,0.014453
swap_dynv2,64,256,262144,0.017108,0.000000,0.000036,0.000839,0.001020,0.000329,0.000282,0.015575
swap_dynv2,64,256,262144,0.016962,0.000000,0.000041,0.000834,0.001021,0.000293,0.000186,0.015454
swap_dynv2,64,256,262144,0.016937,0.000000,0.000042,0.000854,0.001057,0.000320,0.000168,0.015909
swap_dynv2,64,256,262144,0.016609,0.000000,0.000038,0.000848,0.001018,0.000322,0.000165,0.015317
swap_dynv2,64,256,262144,0.016809,0.000000,0.000041,0.000814,0.000999,0.000311,0.000205,0.015326
swap_dynv2,64,256,262144,0.017004,0.000000,0.000040,0.000813,0.000975,0.000311,0.000166,0.016289
swap_dynv2,64,256,262144,0.017004,0.000000,0.000042,0.000823,0.000996,0.000300,0.000171,0.016166
swap_dynv2,64,256,262144,0.016367,0.000000,0.000041,0.000814,0.000986,0.000315,0.000198,0.015303
swap_dynv2,64,256,262144,0.017276,0.000000,0.000052,0.000874,0.001074,0.000329,0.000199,0.015583
swap_dynv2,64,256,262144,0.016509,0.000000,0.000044,0.000852,0.001013,0.000311,0.000153,0.015664
swap_dynv2,64,256,262144,0.016874,0.000000,0.000041,0.000833,0.001017,0.000302,0.000159,0.015863
swap_dynv2,64,256,262144,0.016342,0.000000,0.000041,0.000830,0.000992,0.000308,0.000211,0.013877
swap_dynv2,64,256,262144,0.016704,0.000000,0.000040,0.000787,0.001007,0.000323,0.000201,0.015104
swap_dynv2,64,256,262144,0.016653,0.000000,0.000041,0.000829,0.001001,0.000313,0.000203,0.015274
swap_dynv2,64,256,262144,0.016705,0.000000,0.000042,0.000814,0.001029,0.000294,0.000210,0.015385
swap_dynv2,64,256,262144,0.016473,0.000000,0.000041,0.000804,0.000984,0.000327,0.000201,0.015422
swap_dynv2,64,256,262144,0.016562,0.000000,0.000041,0.000822,0.001034,0.000322,0.000175,0.016738
swap_dynv2,64,256,262144,0.016571,0.000000,0.000043,0.000826,0.001008,0.000304,0.000170,0.015476
swap_dynv2,64,256,262144,0.016840,0.000000,0.000041,0.000810,0.001013,0.000287,0.000150,0.015303
swap_dynv2,64,256,262144,0.016262,0.000000,0.000041,0.000822,0.001021,0.000294,0.000150,0.015326
swap_dynv2,64,256,262144,0.015979,0.000000,0.000040,0.000788,0.000989,0.000282,0.000167,0.014928
swap_dynv2,64,256,262144,0.015387,0.000000,0.000041,0.000804,0.000976,0.000285,0.000182,0.014855
swap_dynv2,64,256,262144,0.016618,0.000000,0.000043,0.000827,0.000996,0.000321,0.000189,0.015198
swap_dynv2,64,256,262144,0.016623,0.000000,0.000043,0.000878,0.001027,0.000324,0.000237,0.015624
swap_dynv2,64,256,262144,0.016471,0.000000,0.000041,0.000810,0.000984,0.000300,0.000239,0.015251
swap_dynv2,64,256,262144,0.016365,0.000000,0.000041,0.000827,0.000982,0.000299,0.000200,0.015596
swap_dynv2,64,256,262144,0.016198,0.000000,0.000043,0.000834,0.001016,0.000313,0.000164,0.015408
swap_dynv2,64,256,262144,0.016390,0.000000,0.000062,0.000820,0.001016,0.000313,0.000209,0.015298
swap_dynv2,64,256,262144,0.017081,0.000000,0.000044,0.000847,0.000997,0.000279,0.000159,0.016331
swap_dynv2,64,256,262144,0.016334,0.000000,0.000042,0.000840,0.001011,0.000292,0.000204,0.014893
swap_dynv2,64,256,262144,0.015727,0.000000,0.000041,0.000814,0.000997,0.000254,0.000161,0.015338
swap_dynv2,64,256,262144,0.016557,0.000000,0.000042,0.000817,0.001012,0.000297,0.000150,0.015624
swap_dynv2,64,256,262144,0.016071,0.000000,0.000043,0.000800,0.000993,0.000313,0.000187,0.015508
swap_dynv2,64,256,262144,0.015954,0.000000,0.000042,0.000810,0.001012,0.000284,0.000215,0.014785
swap_dynv2,64,256,262144,0.016610,0.000000,0.000041,0.000851,0.001014,0.000308,0.000237,0.015396
swap_dynv2,64,256,262144,0.016338,0.000000,0.000044,0.000890,0.001048,0.000333,0.000236,0.015372
swap_dynv2,64,256,262144,0.016163,0.000000,0.000043,0.000896,0.001044,0.000321,0.000210,0.015419
swap_dynv2,64,256,262144,0.016251,0.000000,0.000043,0.000818,0.001013,0.000315,0.000173,0.015442
swap_dynv2,64,256,262144,0.016470,0.000000,0.000049,0.000914,0.001098,0.000358,0.000267,0.015271
swap_dynv2,64,256,262144,0.017053,0.000000,0.000041,0.000830,0.001028,0.000318,0.000163,0.015311
swap_dynv2,64,256,262144,0.016666,0.000000,0.000043,0.000820,0.001009,0.000318,0.000171,0.015790
swap_dynv2,64,256,262144,0.016636,0.000000,0.000042,0.000838,0.001018,0.000324,0.000199,0.015301
swap_dynv2,64,256,262144,0.017025,0.000000,0.000043,0.000828,0.001030,0.000310,0.000144,0.015423
swap_dynv2,64,256,262144,0.016614,0.000000,0.000042,0.000826,0.001045,0.000301,0.000205,0.015106
swap_dynv2,64,256,262144,0.016410,0.000000,0.000041,0.000813,0.001004,0.000327,0.000181,0.015525
swap_dynv2,64,256,262144,0.016579,0.000000,0.000042,0.000837,0.001026,0.000282,0.000270,0.015003
swap_dynv2,64,256,262144,0.016128,0.000000,0.000042,0.000845,0.001025,0.000328,0.000204,0.014524
swap_dynv2,64,256,262144,0.017088,0.000000,0.000043,0.000797,0.000989,0.000314,0.000169,0.014700
swap_dynv2,64,256,262144,0.017021,0.000000,0.000043,0.000856,0.001040,0.000333,0.000172,0.016507
swap_dynv2,64,256,262144,0.016325,0.000000,0.000041,0.000839,0.000993,0.000276,0.000220,0.015680
swap_dynv2,64,256,262144,0.016539,0.000000,0.000043,0.000839,0.001026,0.000374,0.000174,0.016389
swap_dynv2,64,256,262144,0.016588,0.000000,0.000044,0.000815,0.001007,0.000329,0.000233,0.015712
swap_dynv2,64,256,262144,0.015717,0.000000,0.000044,0.000883,0.001029,0.000338,0.000154,0.016158
swap_dynv2,64,256,262144,0.016230,0.000000,0.000042,0.000830,0.001001,0.000320,0.000196,0.015592
swap_dynv2,64,256,262144,0.016998,0.000000,0.000038,0.000866,0.001001,0.000281,0.000202,0.014892
swap_dynv2,64,256,262144,0.016807,0.000000,0.000043,0.000833,0.000989,0.000304,0.000152,0.015816
swap_dynv2,64,256,262144,0.017051,0.000000,0.000039,0.000835,0.001025,0.000293,0.000172,0.015579
swap_dynv2,64,256,262144,0.016913,0.000000,0.000039,0.000847,0.001042,0.000373,0.000209,0.015521
swap_static,64,256,16777216,0.961102,0.000000,0.000000,0.000844,0.001068,0.000360,0.000201,0.965916
swap_static,64,256,16777216,0.970149,0.000000,0.000000,0.000906,0.001119,0.000388,0.000237,0.969362
swap_static,64,256,16777216,0.969261,0.000000,0.000000,0.000856,0.001037,0.000332,0.000175,0.968450
swap_static,64,256,16777216,0.969610,0.000000,0.000000,0.000929,0.001101,0.000363,0.000217,0.968049
swap_static,64,256,16777216,0.970650,0.000000,0.000000,0.000891,0.001062,0.000337,0.000153,0.970452
swap_static,64,256,16777216,0.966085,0.000000,0.000000,0.000868,0.001043,0.000316,0.000183,0.969154
swap_static,64,256,16777216,0.968912,0.000000,0.000000,0.000867,0.001043,0.000329,0.000207,0.967336
swap_static,64,256,16777216,0.964811,0.000000,0.000000,0.000872,0.001046,0.000340,0.000202,0.962109
swap_static,64,256,16777216,0.966720,0.000000,0.000000,0.000929,0.001106,0.000416,0.000190,0.960980
swap_static,64,256,16777216,0.969369,0.000000,0.000000,0.000879,0.001037,0.000325,0.000155,0.966000
swap_static,64,256,16777216,0.962989,0.000000,0.000000,0.000861,0.001038,0.000312,0.000197,0.966275
swap_static,64,256,16777216,0.965057,0.000000,0.000000,0.000829,0.001028,0.000299,0.000182,0.965849
swap_static,64,256,16777216,0.965576,0.000000,0.000000,0.000871,0.001039,0.000342,0.000164,0.968321
swap_static,64,256,16777216,0.969987,0.000000,0.000000,0.000876,0.001040,0.000353,0.000234,0.969525
swap_static,64,256,16777216,0.967958,0.000000,0.000000,0.000885,0.001032,0.000335,0.000171,0.962277
swap_static,64,256,16777216,0.967474,0.000000,0.000000,0.000858,0.001056,0.000333,0.000162,0.968211
swap_static,64,256,16777216,0.965609,0.000000,0.000000,0.000871,0.001028,0.000331,0.000171,0.969558
swap_static,64,256,16777216,0.970111,0.000000,0.000000,0.000903,0.001054,0.000349,0.000178,0.967095
swap_static,64,256,16777216,0.968415,0.000000,0.000000,0.000880,0.001056,0.000350,0.000162,0.968589
swap_static,64,256,16777216,0.967287,0.000000,0.000000,0.000882,0.001053,0.000335,0.000168,0.966488
swap_static,64,256,16777216,0.965041,0.000000,0.000000,0.000942,0.001126,0.000379,0.000167,0.968139
swap_static,64,256,16777216,0.972003,0.000000,0.000000,0.000882,0.001060,0.000323,0.000218,0.966859
swap_static,64,256,16777216,0.966998,0.000000,0.000000,0.000877,0.001031,0.000325,0.000164,0.967487
swap_static,64,256,16777216,0.969051,0.000000,0.000000,0.000947,0.001042,0.000325,0.000310,0.966552
swap_static,64,256,16777216,0.969151,0.000000,0.000000,0.000873,0.001023,0.000324,0.000195,0.970035
swap_static,64,256,16777216,0.968650,0.000000,0.000000,0.000874,0.001041,0.000346,0.000160,0.971085
swap_static,64,256,16777216,0.959734,0.000000,0.000000,0.000881,0.001047,0.000335,0.000204,0.963051
swap_static,64,256,16777216,0.966382,0.000000,0.000000,0.000849,0.001034,0.000350,0.000202,0.969075
swap_static,64,256,16777216,0.960601,0.000000,0.000000,0.000929,0.001086,0.000370,0.000157,0.968828
swap_static,64,256,16777216,0.967323,0.000000,0.000000,0.000875,0.001054,0.000327,0.000185,0.964569
swap_static,64,256,16777216,0.965325,0.000000,0.000000,0.000874,0.001038,0.000327,0.000216,0.969634
swap_static,64,256,16777216,0.974040,0.000000,0.000000,0.000946,0.001122,0.000368,0.000175,0.970419
swap_static,64,256,16777216,0.974188,0.000000,0.000000,0.000886,0.001027,0.000341,0.000159,0.973057
swap_static,64,256,16777216,0.951233,0.000000,0.000000,0.000876,0.001045,0.000322,0.000191,0.959488
swap_static,64,256,16777216,0.963261,0.000000,0.000000,0.000876,0.001053,0.000340,0.000167,0.966123
swap_static,64,256,16777216,0.955856,0.000000,0.000000,0.000879,0.001047,0.000321,0.000230,0.966951
swap_static,64,256,16777216,0.968375,0.000000,0.000000,0.000912,0.001090,0.000357,0.000148,0.967459
swap_static,64,256,16777216,0.962190,0.000000,0.000000,0.000882,0.001063,0.000345,0.000166,0.962154
swap_static,64,256,16777216,0.957990,0.000000,0.000000,0.000953,0.001120,0.000368,0.000169,0.965539
swap_static,64,256,16777216,0.968312,0.000000,0.000000,0.000840,0.001050,0.000348,0.000192,0.966278
swap_static,64,256,16777216,0.968176,0.000000,0.000000,0.000885,0.001057,0.000581,0.000214,0.962061
swap_static,64,256,16777216,0.958984,0.000000,0.000000,0.000945,0.001143,0.000400,0.000157,0.968476
swap_static,64,256,16777216,0.962099,0.000000,0.000000,0.000891,0.001055,0.000328,0.000162,0.966148
swap_static,64,256,16777216,0.968392,0.000000,0.000000,0.000877,0.001059,0.000343,0.000169,0.969938
swap_static,64,256,16777216,0.967429,0.000000,0.000000,0.000884,0.001064,0.000359,0.000167,0.969292
swap_static,64,256,16777216,0.964141,0.000000,0.000000,0.000876,0.001056,0.000351,0.000212,0.966012
swap_static,64,256,16777216,0.963647,0.000000,0.000000,0.000883,0.001051,0.000308,0.000176,0.970018
swap_static,64,256,16777216,0.971894,0.000000,0.000000,0.000882,0.001062,0.000340,0.000164,0.964991
swap_static,64,256,16777216,0.965671,0.000000,0.000000,0.000876,0.001036,0.000322,0.000218,0.967552
swap_static,64,256,16777216,0.965044,0.000000,0.000000,0.000899,0.001045,0.000341,0.000162,0.967101
swap_static,64,256,16777216,0.968630,0.000000,0.000000,0.000934,0.001078,0.000327,0.000156,0.960397
swap_static,64,256,16777216,0.970569,0.000000,0.000000,0.000880,0.001048,0.000331,0.000201,0.969726
swap_static,64,256,16777216,0.960064,0.000000,0.000000,0.000935,0.001090,0.000411,0.000253,0.967760
swap_static,64,256,16777216,0.967474,0.000000,0.000000,0.000937,0.001103,0.000345,0.000204,0.963760
swap_static,64,256,16777216,0.967554,0.000000,0.000000,0.000878,0.001069,0.000341,0.000223,0.970773
swap_static,64,256,16777216,0.968421,0.000000,0.000000,0.000948,0.001128,0.000412,0.000158,0.970925
swap_static,64,256,16777216,0.959400,0.000000,0.000000,0.000858,0.001036,0.000306,0.000175,0.970855
swap_static,64,256,16777216,0.969108,0.000000,0.000000,0.000845,0.001055,0.000347,0.000165,0.964708
swap_static,64,256,16777216,0.969555,0.000000,0.000000,0.000840,0.001039,0.000343,0.000252,0.968706
swap_static,64,256,16777216,0.971364,0.000000,0.000000,0.000887,0.001050,0.000342,0.000156,0.971230
swap_static,64,256,16777216,0.971631,0.000000,0.000000,0.000903,0.001049,0.000345,0.000170,0.972665
swap_static,64,256,16777216,0.973120,0.000000,0.000000,0.000882,0.001048,0.000347,0.000155,0.973853
swap_static,64,256,16777216,0.974891,0.000000,0.000000,0.000879,0.001047,0.000349,0.000174,0.973690
swap_static,64,256,16777216,0.973717,0.000000,0.000000,0.000885,0.001049,0.000334,0.000212,0.969699
swap_static,64,256,16777216,0.974244,0.000000,0.000000,0.000887,0.001066,0.000338,0.000186,0.970875
swap_static,64,256,16777216,0.974035,0.000000,0.000000,0.000882,0.001053,0.000325,0.000178,0.975209
swap_static,64,256,16777216,0.973172,0.000000,0.000000,0.000886,0.001035,0.000327,0.000171,0.971563
swap_static,64,256,16777216,0.962814,0.000000,0.000000,0.000884,0.001051,0.000381,0.000227,0.964761
swap_static,64,256,16777216,0.969204,0.000000,0.000000,0.000875,0.001052,0.000337,0.000199,0.967714
swap_static,64,256,16777216,0.965951,0.000000,0.000000,0.000880,0.001071,0.000322,0.000184,0.971172
swap_static,64,256,16777216,0.961073,0.000000,0.000000,0.000889,0.001054,0.000346,0.000172,0.968574
swap_static,64,256,16777216,0.966653,0.000000,0.000000,0.000835,0.001026,0.000299,0.000150,0.967683
swap_static,64,256,16777216,0.968681,0.000000,0.000000,0.000886,0.001044,0.000371,0.000203,0.968207
swap_static,64,256,16777216,0.967400,0.000000,0.000000,0.000878,0.001054,0.000315,0.000181,0.970018
swap_static,64,256,16777216,0.971346,0.000000,0.000000,0.000935,0.001097,0.000332,0.000165,0.967839
swap_dynv2,64,256,16777216,0.956416,0.000000,0.000036,0.000828,0.001073,0.000365,0.000189,0.960193
swap_dynv2,64,256,16777216,0.964315,0.000000,0.000040,0.000839,0.001034,0.000353,0.000170,0.963908
swap_dynv2,64,256,16777216,0.965545,0.000000,0.000047,0.000911,0.001035,0.000369,0.000165,0.966713
swap_dynv2,64,256,16777216,0.964177,0.000000,0.000039,0.000841,0.001033,0.000349,0.000166,0.963188
swap_dynv2,64,256,16777216,0.964377,0.000000,0.000041,0.000840,0.001016,0.000328,0.000212,0.964700
swap_dynv2,64,256,16777216,0.966554,0.000000,0.000040,0.000843,0.001028,0.000356,0.000203,0.967611
swap_dynv2,64,256,16777216,0.968795,0.000000,0.000043,0.000897,0.001070,0.000325,0.000227,0.967213
swap_dynv2,64,256,16777216,0.968117,0.000000,0.000041,0.000855,0.001032,0.000365,0.000166,0.968177
swap_dynv2,64,256,16777216,0.966526,0.000000,0.000041,0.000847,0.001031,0.000359,0.000168,0.969467
swap_dynv2,64,256,16777216,0.968019,0.000000,0.000041,0.000842,0.001038,0.000359,0.000194,0.968049
swap_dynv2,64,256,16777216,0.970438,0.000000,0.000042,0.000846,0.001034,0.000342,0.000162,0.967524
swap_dynv2,64,256,16777216,0.966465,0.000000,0.000042,0.000848,0.001040,0.000336,0.000183,0.966746
swap_dynv2,64,256,16777216,0.969977,0.000000,0.000044,0.000910,0.001070,0.000374,0.000175,0.967846
swap_dynv2,64,256,16777216,0.968039,0.000000,0.000043,0.000912,0.001086,0.000377,0.000164,0.968222
swap_dynv2,64,256,16777216,0.968606,0.000000,0.000045,0.000922,0.001090,0.000348,0.000164,0.967624
swap_dynv2,64,256,16777216,0.967686,0.000000,0.000044,0.000914,0.001072,0.000398,0.000177,0.967484
swap_dynv2,64,256,16777216,0.967515,0.000000,0.000042,0.000919,0.001087,0.000337,0.000209,0.968016
swap_dynv2,64,256,16777216,0.966868,0.000000,0.000042,0.000915,0.001034,0.000331,0.000190,0.968489
swap_dynv2,64,256,16777216,0.968109,0.000000,0.000043,0.000910,0.001094,0.000338,0.000193,0.966453
swap_dynv2,64,256,16777216,0.967388,0.000000,0.000043,0.000850,0.001028,0.000351,0.000209,0.969061
swap_dynv2,64,256,16777216,0.968044,0.000000,0.000045,0.000909,0.001058,0.000332,0.000195,0.967859
swap_dynv2,64,256,16777216,0.966695,0.000000,0.000043,0.000845,0.001032,0.000356,0.000243,0.968971
swap_dynv2,64,256,16777216,0.969254,0.000000,0.000041,0.000856,0.001047,0.000346,0.000212,0.967673
swap_dynv2,64,256,16777216,0.969337,0.000000,0.000044,0.000850,0.001030,0.000368,0.000173,0.969019
swap_dynv2,64,256,16777216,0.969317,0.000000,0.000042,0.000866,0.001051,0.000356,0.000221,0.967714
swap_dynv2,64,256,16777216,0.967007,0.000000,0.000039,0.000862,0.001038,0.000352,0.000159,0.965167
swap_dynv2,64,256,16777216,0.965295,0.000000,0.000043,0.000857,0.001036,0.000356,0.000214,0.965115
swap_dynv2,64,256,16777216,0.966602,0.000000,0.000046,0.000851,0.001040,0.000348,0.000223,0.965018
swap_dynv2,64,256,16777216,0.963671,0.000000,0.000045,0.000919,0.001115,0.000331,0.000232,0.964668
swap_dynv2,64,256,16777216,0.966920,0.000000,0.000046,0.000912,0.001102,0.000404,0.000166,0.964928
swap_dynv2,64,256,16777216,0.965055,0.000000,0.000042,0.000855,0.001053,0.000354,0.000227,0.965216
swap_dynv2,64,256,16777216,0.967767,0.000000,0.000044,0.000852,0.001037,0.000357,0.000246,0.967890
swap_dynv2,64,256,16777216,0.969250,0.000000,0.000044,0.000854,0.001026,0.000358,0.000243,0.970585
swap_dynv2,64,256,16777216,0.967959,0.000000,0.000045,0.000849,0.001042,0.000353,0.000167,0.967906
swap_dynv2,64,256,16777216,0.967670,0.000000,0.000043,0.000852,0.001035,0.000343,0.000159,0.969342
swap_dynv2,64,256,16777216,0.969068,0.000000,0.000044,0.000868,0.001048,0.000354,0.000197,0.966489
swap_dynv2,64,256,16777216,0.968572,0.000000,0.000044,0.000843,0.001026,0.000371,0.000161,0.969647
swap_dynv2,64,256,16777216,0.968570,0.000000,0.000043,0.000916,0.001042,0.000337,0.000223,0.969679
swap_dynv2,64,256,16777216,0.970249,0.000000,0.000045,0.000906,0.001071,0.000324,0.000186,0.967369
swap_dynv2,64,256,16777216,0.969164,0.000000,0.000046,0.000907,0.001086,0.000334,0.000175,0.968456
swap_dynv2,64,256,16777216,0.970189,0.000000,0.000044,0.000859,0.001041,0.000347,0.000190,0.969647
swap_dynv2,64,256,16777216,0.970044,0.000000,0.000045,0.000846,0.001050,0.000363,0.000161,0.968366
swap_dynv2,64,256,16777216,0.969658,0.000000,0.000046,0.000856,0.001036,0.000337,0.000183,0.966814
swap_dynv2,64,256,16777216,0.969162,0.000000,0.000048,0.000919,0.001083,0.000351,0.000162,0.969631
swap_dynv2,64,256,16777216,0.970122,0.000000,0.000045,0.000869,0.001049,0.000346,0.000299,0.968441
swap_dynv2,64,256,16777216,0.967454,0.000000,0.000046,0.000873,0.001041,0.000351,0.000226,0.969705
swap_dynv2,64,256,16777216,0.968664,0.000000,0.000046,0.000868,0.001057,0.000368,0.000216,0.968288
swap_dynv2,64,256,16777216,0.970321,0.000000,0.000045,0.000858,0.001039,0.000363,0.000250,0.968206
swap_dynv2,64,256,16777216,0.970774,0.000000,0.000045,0.000854,0.001038,0.000356,0.000171,0.973842
swap_dynv2,64,256,16777216,0.969633,0.000000,0.000045,0.000872,0.001070,0.000344,0.000183,0.968818
swap_dynv2,64,256,16777216,0.969234,0.000000,0.000046,0.000890,0.001045,0.000359,0.000172,0.968952
swap_dynv2,64,256,16777216,0.968212,0.000000,0.000044,0.000863,0.001055,0.000353,0.000294,0.969015
swap_dynv2,64,256,16777216,0.971436,0.000000,0.000044,0.000858,0.001035,0.000346,0.000209,0.969695
swap_dynv2,64,256,16777216,0.972607,0.000000,0.000046,0.000922,0.001082,0.000326,0.000169,0.969460
swap_dynv2,64,256,16777216,0.968013,0.000000,0.000046,0.000905,0.001087,0.000393,0.000168,0.970404
swap_dynv2,64,256,16777216,0.972088,0.000000,0.000045,0.000863,0.001059,0.000330,0.000160,0.959361
swap_dynv2,64,256,16777216,0.964051,0.000000,0.000043,0.000856,0.001042,0.000372,0.000198,0.961923
swap_dynv2,64,256,16777216,0.956311,0.000000,0.000045,0.000861,0.001019,0.000329,0.000163,0.962493
swap_dynv2,64,256,16777216,0.964798,0.000000,0.000047,0.000913,0.001180,0.000426,0.000269,0.962279
swap_dynv2,64,256,16777216,0.964739,0.000000,0.000044,0.000865,0.001073,0.000363,0.000185,0.964629
swap_dynv2,64,256,16777216,0.963997,0.000000,0.000039,0.000854,0.001053,0.000366,0.000198,0.967903
swap_dynv2,64,256,16777216,0.967212,0.000000,0.000044,0.000859,0.001046,0.000345,0.000179,0.962336
swap_dynv2,64,256,16777216,0.964705,0.000000,0.000047,0.000869,0.001063,0.000351,0.000162,0.965201
swap_dynv2,64,256,16777216,0.964040,0.000000,0.000045,0.000865,0.001031,0.000338,0.000240,0.962868
swap_dynv2,64,256,16777216,0.961962,0.000000,0.000044,0.000872,0.001051,0.000370,0.000169,0.966266
swap_dynv2,64,256,16777216,0.964176,0.000000,0.000045,0.000873,0.001046,0.000351,0.000217,0.959666
swap_dynv2,64,256,16777216,0.961173,0.000000,0.000043,0.000830,0.001081,0.000344,0.000229,0.965892
swap_dynv2,64,256,16777216,0.956613,0.000000,0.000045,0.000872,0.001057,0.000358,0.000156,0.962888
swap_dynv2,64,256,16777216,0.960861,0.000000,0.000048,0.000840,0.001038,0.000326,0.000163,0.950931
swap_dynv2,64,256,16777216,0.960578,0.000000,0.000044,0.000855,0.001054,0.000361,0.000201,0.964401
swap_dynv2,64,256,16777216,0.960323,0.000000,0.000045,0.000869,0.001050,0.000372,0.000173,0.963410
swap_dynv2,64,256,16777216,0.960382,0.000000,0.000045,0.000880,0.001061,0.000345,0.000171,0.957880
swap_dynv2,64,256,16777216,0.963899,0.000000,0.000050,0.000961,0.001125,0.000407,0.000242,0.953683
swap_dynv2,64,256,16777216,0.962351,0.000000,0.000041,0.000896,0.001047,0.000352,0.000234,0.963898
swap_dynv2,64,256,16777216,0.964674,0.000000,0.000046,0.000859,0.001053,0.000360,0.000211,0.965592
swap_static,64,1024,4096,0.005281,0.000000,0.000000,0.011593,0.001051,0.000367,0.000190,0.002478
swap_static,64,1024,4096,0.003389,0.000000,0.000000,0.002833,0.001022,0.000323,0.000171,0.002320
swap_static,64,1024,4096,0.003466,0.000000,0.000000,0.002998,0.001013,0.000303,0.000211,0.002379
swap_static,64,1024,4096,0.003433,0.000000,0.000000,0.002723,0.001001,0.000292,0.000144,0.002354
swap_static,64,1024,4096,0.003509,0.000000,0.000000,0.002994,0.001015,0.000310,0.000167,0.002315
swap_static,64,1024,4096,0.003518,0.000000,0.000000,0.002792,0.001003,0.000301,0.002439,0.000013
swap_static,64,1024,4096,0.003536,0.000000,0.000000,0.002960,0.001010,0.000322,0.000173,0.002518
swap_static,64,1024,4096,0.003639,0.000000,0.000000,0.003045,0.001008,0.000419,0.000149,0.002377
swap_static,64,1024,4096,0.003559,0.000000,0.000000,0.003035,0.001076,0.000305,0.000949,0.001581
swap_static,64,1024,4096,0.003458,0.000000,0.000000,0.002892,0.001003,0.000281,0.000146,0.002411
swap_static,64,1024,4096,0.003591,0.000000,0.000000,0.003035,0.000989,0.000300,0.000714,0.001938
swap_static,64,1024,4096,0.003577,0.000000,0.000000,0.002824,0.000991,0.000271,0.000155,0.002356
swap_static,64,1024,4096,0.003563,0.000000,0.000000,0.002863,0.000998,0.000300,0.000210,0.002362
swap_static,64,1024,4096,0.003461,0.000000,0.000000,0.002907,0.001015,0.000296,0.000192,0.002270
swap_static,64,1024,4096,0.003600,0.000000,0.000000,0.002975,0.001006,0.000292,0.000152,0.002510
swap_static,64,1024,4096,0.003591,0.000000,0.000000,0.002833,0.000999,0.000299,0.000148,0.002305
swap_static,64,1024,4096,0.003482,0.000000,0.000000,0.003042,0.000993,0.000289,0.000291,0.002215
swap_static,64,1024,4096,0.003459,0.000000,0.000000,0.002809,0.001016,0.000295,0.000155,0.002303
swap_static,64,1024,4096,0.003558,0.000000,0.000000,0.003127,0.001028,0.000310,0.000157,0.002315
swap_static,64,1024,4096,0.003663,0.000000,0.000000,0.003004,0.001008,0.000291,0.000188,0.002370
swap_static,64,1024,4096,0.003454,0.000000,0.000000,0.003014,0.001032,0.000297,0.000147,0.002405
swap_static,64,1024,4096,0.003475,0.000000,0.000000,0.002859,0.001006,0.000294,0.000153,0.002360
swap_static,64,1024,4096,0.003426,0.000000,0.000000,0.002976,0.001118,0.000317,0.000166,0.002369
swap_static,64,1024,4096,0.003442,0.000000,0.000000,0.002765,0.001111,0.000298,0.000162,0.002516
swap_static,64,1024,4096,0.003524,0.000000,0.000000,0.002999,0.001043,0.000311,0.000157,0.002415
swap_static,64,1024,4096,0.003502,0.000000,0.000000,0.002896,0.001020,0.000335,0.000168,0.002470
swap_static,64,1024,4096,0.003361,0.000000,0.000000,0.003064,0.001016,0.000312,0.000167,0.002409
swap_static,64,1024,4096,0.003531,0.000000,0.000000,0.002864,0.001092,0.000305,0.000207,0.002330
swap_static,64,1024,4096,0.003462,0.000000,0.000000,0.002802,0.000993,0.000325,0.000151,0.002421
swap_static,64,1024,4096,0.003598,0.000000,0.000000,0.002863,0.001103,0.000283,0.000176,0.002423
swap_static,64,1024,4096,0.003435,0.000000,0.000000,0.002879,0.001001,0.000296,0.000141,0.002382
swap_static,64,1024,4096,0.003615,0.000000,0.000000,0.002810,0.001022,0.000297,0.000158,0.002396
swap_static,64,1024,4096,0.003424,0.000000,0.000000,0.002800,0.001022,0.000283,0.000176,0.002346
swap_static,64,1024,4096,0.003483,0.000000,0.000000,0.002852,0.001033,0.000300,0.000210,0.002430
swap_static,64,1024,4096,0.003663,0.000000,0.000000,0.002835,0.001005,0.000331,0.000140,0.002340
swap_static,64,1024,4096,0.003544,0.000000,0.000000,0.002884,0.001011,0.000280,0.000166,0.002488
swap_static,64,1024,4096,0.003637,0.000000,0.000000,0.002785,0.001000,0.000283,0.000150,0.002448
swap_static,64,1024,4096,0.003711,0.000000,0.000000,0.002952,0.001004,0.000300,0.000166,0.002418
swap_static,64,1024,4096,0.003446,0.000000,0.000000,0.003024,0.001037,0.000348,0.000153,0.002434
swap_static,64,1024,4096,0.003587,0.000000,0.000000,0.002981,0.001029,0.000284,0.000193,0.002327
swap_static,64,1024,4096,0.003445,0.000000,0.000000,0.002808,0.001022,0.000266,0.000181,0.002357
swap_static,64,1024,4096,0.003593,0.000000,0.000000,0.002757,0.001021,0.000288,0.000206,0.002340
swap_static,64,1024,4096,0.003596,0.000000,0.000000,0.002926,0.001085,0.000300,0.000188,0.002485
swap_static,64,1024,4096,0.003591,0.000000,0.000000,0.002930,0.001005,0.000287,0.000192,0.002386
swap_static,64,1024,4096,0.003747,0.000000,0.000000,0.002933,0.000984,0.000276,0.000177,0.002309
swap_static,64,1024,4096,0.003633,0.000000,0.000000,0.002856,0.000993,0.000296,0.000153,0.002382
swap_static,64,1024,4096,0.003497,0.000000,0.000000,0.002868,0.000998,0.000324,0.000338,0.002218
swap_static,64,1024,4096,0.003497,0.000000,0.000000,0.002781,0.001027,0.000304,0.000167,0.002394
swap_static,64,1024,4096,0.003403,0.000000,0.000000,0.002715,0.001040,0.000285,0.000172,0.002363
swap_static,64,1024,4096,0.003560,0.000000,0.000000,0.002858,0.001006,0.000278,0.000209,0.002354
swap_static,64,1024,4096,0.003538,0.000000,0.000000,0.003011,0.001108,0.000293,0.000207,0.002427
swap_static,64,1024,4096,0.003485,0.000000,0.000000,0.002975,0.001023,0.000292,0.000201,0.002291
swap_static,64,1024,4096,0.003421,0.000000,0.000000,0.002846,0.001000,0.000284,0.000220,0.002327
swap_static,64,1024,4096,0.003604,0.000000,0.000000,0.002798,0.001014,0.000290,0.000165,0.002346
swap_static,64,1024,4096,0.003536,0.000000,0.000000,0.002894,0.001049,0.000288,0.000151,0.002364
swap_static,64,1024,4096,0.003575,0.000000,0.000000,0.002964,0.001023,0.000291,0.000202,0.002379
swap_static,64,1024,4096,0.003510,0.000000,0.000000,0.002938,0.001033,0.000291,0.000201,0.002359
swap_static,64,1024,4096,0.003546,0.000000,0.000000,0.003079,0.001049,0.000306,0.000208,0.002440
swap_static,64,1024,4096,0.003485,0.000000,0.000000,0.003004,0.001020,0.000400,0.000162,0.002592
swap_static,64,1024,4096,0.003680,0.000000,0.000000,0.002742,0.001042,0.000289,0.000212,0.002387
swap_static,64,1024,4096,0.003540,0.000000,0.000000,0.002907,0.001027,0.000309,0.000214,0.002474
swap_static,64,1024,4096,0.003709,0.000000,0.000000,0.002859,0.001020,0.000300,0.000171,0.002393
swap_static,64,1024,4096,0.003603,0.000000,0.000000,0.002882,0.001020,0.000282,0.000175,0.002410
swap_static,64,1024,4096,0.003550,0.000000,0.000000,0.002768,0.001034,0.000313,0.000160,0.002315
swap_static,64,1024,4096,0.003425,0.000000,0.000000,0.002804,0.000998,0.000290,0.000158,0.002245
swap_static,64,1024,4096,0.003514,0.000000,0.000000,0.002807,0.001063,0.000296,0.000164,0.002409
swap_static,64,1024,4096,0.003503,0.000000,0.000000,0.002898,0.001004,0.000301,0.000353,0.002198
swap_static,64,1024,4096,0.003546,0.000000,0.000000,0.003009,0.001044,0.000294,0.000189,0.002388
swap_static,64,1024,4096,0.003668,0.000000,0.000000,0.002806,0.001030,0.000287,0.000150,0.002357
swap_static,64,1024,4096,0.003619,0.000000,0.000000,0.002966,0.000998,0.000312,0.000514,0.002145
swap_static,64,1024,4096,0.003505,0.000000,0.000000,0.002770,0.001015,0.000298,0.000196,0.002398
swap_static,64,1024,4096,0.003533,0.000000,0.000000,0.002883,0.001017,0.000291,0.000197,0.002327
swap_static,64,1024,4096,0.003623,0.000000,0.000000,0.002617,0.000999,0.000268,0.000148,0.002367
swap_static,64,1024,4096,0.003525,0.000000,0.000000,0.002819,0.001004,0.000303,0.000154,0.002397
swap_static,64,1024,4096,0.003559,0.000000,0.000000,0.002759,0.000974,0.000277,0.000183,0.002351
swap_dynv2,64,1024,4096,0.005359,0.000000,0.000033,0.011468,0.001110,0.000337,0.000203,0.002505
swap_dynv2,64,1024,4096,0.003649,0.000000,0.000037,0.002927,0.001024,0.000321,0.000218,0.002399
swap_dynv2,64,1024,4096,0.003791,0.000000,0.000041,0.002840,0.001009,0.000308,0.000168,0.002461
swap_dynv2,64,1024,4096,0.003515,0.000000,0.000045,0.002964,0.001056,0.000366,0.000166,0.002537
swap_dynv2,64,1024,4096,0.003633,0.000000,0.000037,0.002733,0.001014,0.000301,0.000229,0.002469
swap_dynv2,64,1024,4096,0.003698,0.000000,0.000039,0.002975,0.001045,0.000310,0.000219,0.002408
swap_dynv2,64,1024,4096,0.003620,0.000000,0.000039,0.003076,0.001026,0.000299,0.000190,0.002372
swap_dynv2,64,1024,4096,0.003768,0.000000,0.000041,0.002864,0.000981,0.000323,0.000204,0.002498
swap_dynv2,64,1024,4096,0.003530,0.000000,0.000040,0.002882,0.001004,0.000271,0.000211,0.002267
swap_dynv2,64,1024,4096,0.003529,0.000000,0.000040,0.002900,0.001051,0.000316,0.000208,0.002414
swap_dynv2,64,1024,4096,0.003558,0.000000,0.000040,0.002811,0.001016,0.000278,0.000192,0.002378
swap_dynv2,64,1024,4096,0.003617,0.000000,0.000040,0.002792,0.001003,0.000300,0.000200,0.002457
swap_dynv2,64,1024,4096,0.003712,0.000000,0.000041,0.002776,0.001047,0.000298,0.000162,0.002441
swap_dynv2,64,1024,4096,0.003567,0.000000,0.000041,0.002728,0.001045,0.000307,0.001420,0.001199
swap_dynv2,64,1024,4096,0.003582,0.000000,0.000039,0.002842,0.001021,0.000330,0.000211,0.002424
swap_dynv2,64,1024,4096,0.003562,0.000000,0.000041,0.002791,0.001040,0.000292,0.000224,0.002375
swap_dynv2,64,1024,4096,0.003587,0.000000,0.000040,0.002844,0.001038,0.000297,0.000182,0.002400
swap_dynv2,64,1024,4096,0.003646,0.000000,0.000040,0.003007,0.001008,0.000296,0.000210,0.002315
swap_dynv2,64,1024,4096,0.003622,0.000000,0.000040,0.003048,0.001013,0.000305,0.000173,0.002402
swap_dynv2,64,1024,4096,0.003577,0.000000,0.000041,0.003089,0.001038,0.000308,0.000221,0.002433
swap_dynv2,64,1024,4096,0.003630,0.000000,0.000042,0.003185,0.001022,0.000320,0.002594,0.000011
swap_dynv2,64,1024,4096,0.003592,0.000000,0.000041,0.003259,0.001037,0.000302,0.000222,0.002398
swap_dynv2,64,1024,4096,0.003672,0.000000,0.000041,0.003175,0.001019,0.000295,0.000186,0.002397
swap_dynv2,64,1024,4096,0.003552,0.000000,0.000045,0.003055,0.001040,0.000316,0.000220,0.002510
swap_dynv2,64,1024,4096,0.003681,0.000000,0.000042,0.003238,0.001032,0.000294,0.000179,0.002470
swap_dynv2,64,1024,4096,0.003661,0.000000,0.000036,0.003021,0.001072,0.000357,0.000176,0.002505
swap_dynv2,64,1024,4096,0.003547,0.000000,0.000038,0.002791,0.001044,0.000302,0.000184,0.002388
swap_dynv2,64,1024,4096,0.003535,0.000000,0.000039,0.002793,0.001025,0.000285,0.000227,0.002469
swap_dynv2,64,1024,4096,0.003532,0.000000,0.000040,0.002833,0.001015,0.000294,0.000175,0.002332
swap_dynv2,64,1024,4096,0.003616,0.000000,0.000036,0.002866,0.001021,0.000291,0.000180,0.002530
swap_dynv2,64,1024,4096,0.003610,0.000000,0.000038,0.003003,0.001034,0.000306,0.000162,0.002474
swap_dynv2,64,1024,4096,0.003562,0.000000,0.000039,0.002901,0.001040,0.000288,0.000204,0.002390
swap_dynv2,64,1024,4096,0.003551,0.000000,0.000037,0.002878,0.001039,0.000289,0.000212,0.002394
swap_dynv2,64,1024,4096,0.003582,0.000000,0.000039,0.002759,0.001016,0.000390,0.000205,0.002477
swap_dynv2,64,1024,4096,0.003767,0.000000,0.000037,0.002763,0.001065,0.000287,0.002579,0.000014
swap_dynv2,64,1024,4096,0.003577,0.000000,0.000041,0.002946,0.001044,0.000357,0.000181,0.002458
swap_dynv2,64,1024,4096,0.003532,0.000000,0.000039,0.003339,0.001077,0.000309,0.000203,0.002373
swap_dynv2,64,1024,4096,0.003644,0.000000,0.000039,0.003003,0.001069,0.000288,0.000521,0.002046
swap_dynv2,64,1024,4096,0.003584,0.000000,0.000037,0.003059,0.001028,0.000302,0.000179,0.002533
swap_dynv2,64,1024,4096,0.003549,0.000000,0.000038,0.002971,0.001040,0.000307,0.000325,0.002201
swap_dynv2,64,1024,4096,0.003697,0.000000,0.000047,0.002927,0.001061,0.000283,0.002576,0.000016
swap_dynv2,64,1024,4096,0.003641,0.000000,0.000038,0.002923,0.001040,0.000285,0.000167,0.002464
swap_dynv2,64,1024,4096,0.003701,0.000000,0.000042,0.003126,0.001071,0.000307,0.000171,0.002589
swap_dynv2,64,1024,4096,0.003729,0.000000,0.000039,0.003126,0.001024,0.000300,0.000168,0.002494
swap_dynv2,64,1024,4096,0.003687,0.000000,0.000042,0.003101,0.001091,0.000300,0.000173,0.002526
swap_dynv2,64,1024,4096,0.003547,0.000000,0.000040,0.003009,0.001053,0.000296,0.000205,0.002422
swap_dynv2,64,1024,4096,0.003657,0.000000,0.000040,0.003050,0.001033,0.000310,0.000190,0.002459
swap_dynv2,64,1024,4096,0.003680,0.000000,0.000039,0.003036,0.001043,0.000302,0.000181,0.002423
swap_dynv2,64,1024,4096,0.003675,0.000000,0.000038,0.003036,0.001000,0.000289,0.000172,0.002368
swap_dynv2,64,1024,4096,0.003659,0.000000,0.000038,0.002922,0.001039,0.000415,0.000163,0.002478
swap_dynv2,64,1024,4096,0.003713,0.000000,0.000039,0.003089,0.001052,0.000303,0.000212,0.002367
swap_dynv2,64,1024,4096,0.003637,0.000000,0.000039,0.002904,0.001045,0.000293,0.000205,0.002459
swap_dynv2,64,1024,4096,0.003686,0.000000,0.000040,0.003165,0.001055,0.000314,0.000182,0.002509
swap_dynv2,64,1024,4096,0.003873,0.000000,0.000041,0.003107,0.001059,0.000300,0.000791,0.001828
swap_dynv2,64,1024,4096,0.003606,0.000000,0.000038,0.003064,0.001003,0.000276,0.000184,0.002406
swap_dynv2,64,1024,4096,0.003567,0.000000,0.000038,0.003007,0.001025,0.000303,0.000205,0.002331
swap_dynv2,64,1024,4096,0.003653,0.000000,0.000040,0.002967,0.001046,0.000279,0.000171,0.002434
swap_dynv2,64,1024,4096,0.003640,0.000000,0.000038,0.002915,0.001021,0.000268,0.000179,0.002334
swap_dynv2,64,1024,4096,0.003777,0.000000,0.000039,0.003129,0.001025,0.000292,0.000201,0.002413
swap_dynv2,64,1024,4096,0.003699,0.000000,0.000038,0.003122,0.001016,0.000278,0.000173,0.002515
swap_dynv2,64,1024,4096,0.003755,0.000000,0.000039,0.003129,0.001036,0.000285,0.000205,0.002341
swap_dynv2,64,1024,4096,0.003709,0.000000,0.000039,0.003150,0.001031,0.000291,0.000583,0.001940
swap_dynv2,64,1024,4096,0.003588,0.000000,0.000038,0.003013,0.001004,0.000296,0.000553,0.001959
swap_dynv2,64,1024,4096,0.003662,0.000000,0.000039,0.003204,0.001044,0.000284,0.000169,0.002550
swap_dynv2,64,1024,4096,0.003780,0.000000,0.000041,0.003034,0.001024,0.000292,0.000186,0.002372
swap_dynv2,64,1024,4096,0.003830,0.000000,0.000040,0.003144,0.001020,0.000389,0.000189,0.002442
swap_dynv2,64,1024,4096,0.003531,0.000000,0.000039,0.003095,0.001154,0.000323,0.000164,0.002480
swap_dynv2,64,1024,4096,0.003658,0.000000,0.000044,0.003243,0.000994,0.000296,0.000173,0.002391
swap_dynv2,64,1024,4096,0.003593,0.000000,0.000039,0.003148,0.000986,0.000289,0.000178,0.002332
swap_dynv2,64,1024,4096,0.003622,0.000000,0.000044,0.003087,0.001000,0.000300,0.000913,0.001631
swap_dynv2,64,1024,4096,0.003672,0.000000,0.000044,0.003384,0.001002,0.000309,0.000175,0.002387
swap_dynv2,64,1024,4096,0.003668,0.000000,0.000038,0.003061,0.001002,0.000267,0.002518,0.000161
swap_dynv2,64,1024,4096,0.003568,0.000000,0.000038,0.002889,0.001023,0.000278,0.000204,0.002476
swap_dynv2,64,1024,4096,0.003710,0.000000,0.000039,0.003139,0.001012,0.000284,0.000196,0.002436
swap_dynv2,64,1024,4096,0.003737,0.000000,0.000041,0.003257,0.001055,0.000297,0.000165,0.002396
swap_static,64,1024,262144,0.022497,0.000000,0.000000,0.011485,0.001105,0.000357,0.000249,0.019270
swap_static,64,1024,262144,0.021484,0.000000,0.000000,0.005155,0.001035,0.000325,0.000217,0.019718
swap_static,64,1024,262144,0.020263,0.000000,0.000000,0.003047,0.001045,0.000321,0.000203,0.018962
swap_static,64,1024,262144,0.020814,0.000000,0.000000,0.003016,0.001011,0.000316,0.000176,0.019906
swap_static,64,1024,262144,0.021101,0.000000,0.000000,0.002969,0.001018,0.000327,0.000179,0.019025
swap_static,64,1024,262144,0.020668,0.000000,0.000000,0.003000,0.001014,0.000304,0.000174,0.019770
swap_static,64,1024,262144,0.020716,0.000000,0.000000,0.003072,0.001046,0.000300,0.000156,0.021681
swap_static,64,1024,262144,0.021001,0.000000,0.000000,0.003241,0.001062,0.000324,0.000186,0.019831
swap_static,64,1024,262144,0.021322,0.000000,0.000000,0.002990,0.001010,0.000307,0.000212,0.019626
swap_static,64,1024,262144,0.020160,0.000000,0.000000,0.003024,0.001017,0.000310,0.000213,0.018154
swap_static,64,1024,262144,0.020512,0.000000,0.000000,0.002992,0.001004,0.000295,0.000166,0.019309
swap_static,64,1024,262144,0.020755,0.000000,0.000000,0.002921,0.001016,0.000275,0.000190,0.019374
swap_static,64,1024,262144,0.020862,0.000000,0.000000,0.002973,0.001000,0.000303,0.000208,0.018849
swap_static,64,1024,262144,0.020915,0.000000,0.000000,0.003001,0.001020,0.000302,0.000212,0.019323
swap_static,64,1024,262144,0.021245,0.000000,0.000000,0.002961,0.001015,0.000298,0.000163,0.019583
swap_static,64,1024,262144,0.020713,0.000000,0.000000,0.003047,0.001008,0.000313,0.000178,0.020237
swap_static,64,1024,262144,0.021286,0.000000,0.000000,0.002893,0.001011,0.000297,0.000163,0.019388
swap_static,64,1024,262144,0.020371,0.000000,0.000000,0.003056,0.001030,0.000333,0.000158,0.019630
swap_static,64,1024,262144,0.021008,0.000000,0.000000,0.003013,0.001009,0.000305,0.000194,0.020057
swap_static,64,1024,262144,0.020628,0.000000,0.000000,0.003037,0.001014,0.000318,0.000164,0.021332
swap_static,64,1024,262144,0.020938,0.000000,0.000000,0.003090,0.001044,0.000308,0.000169,0.021016
swap_static,64,1024,262144,0.020378,0.000000,0.000000,0.003267,0.001019,0.000294,0.000154,0.019688
swap_static,64,1024,262144,0.020563,0.000000,0.000000,0.003024,0.001023,0.000336,0.000150,0.021112
swap_static,64,1024,262144,0.020071,0.000000,0.000000,0.002995,0.001009,0.000310,0.000203,0.019131
swap_static,64,1024,262144,0.020562,0.000000,0.000000,0.002992,0.001007,0.000314,0.000154,0.020970
swap_static,64,1024,262144,0.020904,0.000000,0.000000,0.003200,0.001018,0.000296,0.000313,0.019304
swap_static,64,1024,262144,0.020341,0.000000,0.000000,0.003042,0.001055,0.000294,0.000180,0.021276
swap_static,64,1024,262144,0.020878,0.000000,0.000000,0.002981,0.001009,0.000312,0.000151,0.021455
swap_static,64,1024,262144,0.020748,0.000000,0.000000,0.002967,0.001028,0.000313,0.000157,0.020825
swap_static,64,1024,262144,0.020817,0.000000,0.000000,0.002989,0.001013,0.000312,0.000162,0.020715
swap_static,64,1024,262144,0.020629,0.000000,0.000000,0.003079,0.001052,0.000311,0.000168,0.021959
swap_static,64,1024,262144,0.021094,0.000000,0.000000,0.003051,0.001041,0.000308,0.000160,0.019434
swap_static,64,1024,262144,0.021226,0.000000,0.000000,0.003046,0.001029,0.000305,0.000166,0.020075
swap_static,64,1024,262144,0.020804,0.000000,0.000000,0.003059,0.001059,0.000302,0.000153,0.020003
swap_static,64,1024,262144,0.020772,0.000000,0.000000,0.003031,0.001022,0.000318,0.000180,0.019841
swap_static,64,1024,262144,0.020094,0.000000,0.000000,0.002879,0.001015,0.000313,0.000221,0.019683
swap_static,64,1024,262144,0.021352,0.000000,0.000000,0.003083,0.001027,0.000314,0.000212,0.019614
swap_static,64,1024,262144,0.020828,0.000000,0.000000,0.003123,0.001068,0.000324,0.000157,0.021582
swap_static,64,1024,262144,0.020155,0.000000,0.000000,0.003105,0.001056,0.000304,0.000189,0.021412
swap_static,64,1024,262144,0.020670,0.000000,0.000000,0.003042,0.001012,0.000315,0.000168,0.019396
swap_static,64,1024,262144,0.020780,0.000000,0.000000,0.002995,0.001018,0.000329,0.000166,0.021348
swap_static,64,1024,262144,0.020944,0.000000,0.000000,0.003066,0.001026,0.000319,0.000165,0.019824
swap_static,64,1024,262144,0.020964,0.000000,0.000000,0.003110,0.001065,0.000323,0.000194,0.019485
swap_static,64,1024,262144,0.020296,0.000000,0.000000,0.003088,0.001061,0.000303,0.000155,0.022062
swap_static,64,1024,262144,0.020567,0.000000,0.000000,0.003069,0.001024,0.000308,0.000215,0.019426
swap_static,64,1024,262144,0.020740,0.000000,0.000000,0.003013,0.001035,0.000321,0.000171,0.020661
swap_static,64,1024,262144,0.021191,0.000000,0.000000,0.003065,0.001034,0.000312,0.000166,0.021561
swap_static,64,1024,262144,0.021133,0.000000,0.000000,0.003066,0.001043,0.000320,0.000174,0.020141
swap_static,64,1024,262144,0.020911,0.000000,0.000000,0.003058,0.001028,0.000327,0.000169,0.019958
swap_static,64,1024,262144,0.021359,0.000000,0.000000,0.003069,0.001047,0.000356,0.000164,0.019616
swap_static,64,1024,262144,0.020852,0.000000,0.000000,0.003052,0.001060,0.000311,0.000173,0.019650
swap_static,64,1024,262144,0.019944,0.000000,0.000000,0.003221,0.001034,0.000300,0.000150,0.020205
swap_static,64,1024,262144,0.020773,0.000000,0.000000,0.003015,0.001013,0.000307,0.000174,0.021830
swap_static,64,1024,262144,0.019600,0.000000,0.000000,0.003050,0.001035,0.000323,0.000159,0.019948
swap_static,64,1024,262144,0.020200,0.000000,0.000000,0.002979,0.001015,0.000314,0.000165,0.020384
swap_static,64,1024,262144,0.020299,0.000000,0.000000,0.003091,0.001047,0.000314,0.000311,0.020000
swap_static,64,1024,262144,0.020274,0.000000,0.000000,0.003036,0.001031,0.000313,0.000199,0.019527
swap_static,64,1024,262144,0.020888,0.000000,0.000000,0.002995,0.001027,0.000289,0.000162,0.020853
swap_static,64,1024,262144,0.021477,0.000000,0.000000,0.002960,0.001031,0.000324,0.000152,0.020052
swap_static,64,1024,262144,0.018974,0.000000,0.000000,0.003030,0.001046,0.000327,0.000215,0.019205
swap_static,64,1024,262144,0.019845,0.000000,0.000000,0.002961,0.001027,0.000306,0.000200,0.018877
swap_static,64,1024,262144,0.020637,0.000000,0.000000,0.002865,0.001011,0.000290,0.000166,0.022994
swap_static,64,1024,262144,0.020601,0.000000,0.000000,0.003060,0.001053,0.000296,0.000180,0.019895
swap_static,64,1024,262144,0.021057,0.000000,0.000000,0.003084,0.001054,0.000319,0.000216,0.019677
swap_static,64,1024,262144,0.019630,0.000000,0.000000,0.003063,0.001028,0.000299,0.000173,0.019483
swap_static,64,1024,262144,0.019976,0.000000,0.000000,0.003080,0.001041,0.000305,0.000212,0.020120
swap_static,64,1024,262144,0.021186,0.000000,0.000000,0.003098,0.001047,0.000321,0.000169,0.017925
swap_static,64,1024,262144,0.020541,0.000000,0.000000,0.003119,0.001060,0.000310,0.000205,0.020105
swap_static,64,1024,262144,0.020438,0.000000,0.000000,0.003091,0.001046,0.000340,0.000178,0.022617
swap_static,64,1024,262144,0.020447,0.000000,0.000000,0.003044,0.001054,0.000343,0.000160,0.020977
swap_static,64,1024,262144,0.020412,0.000000,0.000000,0.003082,0.001055,0.000317,0.000156,0.019726
swap_static,64,1024,262144,0.021452,0.000000,0.000000,0.003097,0.001053,0.000303,0.000178,0.019068
swap_static,64,1024,262144,0.020650,0.000000,0.000000,0.003050,0.001028,0.000310,0.000225,0.020057
swap_static,64,1024,262144,0.021081,0.000000,0.000000,0.003046,0.001027,0.000318,0.000206,0.019138
swap_static,64,1024,262144,0.021510,0.000000,0.000000,0.003240,0.001042,0.000307,0.000167,0.019672
swap_dynv2,64,1024,262144,0.022795,0.000000,0.000059,0.011522,0.001072,0.000372,0.000190,0.021500
swap_dynv2,64,1024,262144,0.020410,0.000000,0.000038,0.005032,0.000988,0.000324,0.000195,0.019736
swap_dynv2,64,1024,262144,0.021787,0.000000,0.000039,0.003106,0.001041,0.000340,0.000210,0.020487
swap_dynv2,64,1024,262144,0.020912,0.000000,0.000038,0.003287,0.001049,0.000308,0.000163,0.020863
swap_dynv2,64,1024,262144,0.020408,0.000000,0.000040,0.003094,0.001015,0.000327,0.000212,0.020144
swap_dynv2,64,1024,262144,0.021065,0.000000,0.000039,0.002936,0.001041,0.000293,0.000159,0.019544
swap_dynv2,64,1024,262144,0.021755,0.000000,0.000039,0.003001,0.001060,0.000306,0.000163,0.022202
swap_dynv2,64,1024,262144,0.020297,0.000000,0.000040,0.002844,0.001026,0.000305,0.000209,0.019552
swap_dynv2,64,1024,262144,0.021170,0.000000,0.000038,0.003069,0.001046,0.000314,0.000179,0.022404
swap_dynv2,64,1024,262144,0.020628,0.000000,0.000040,0.002868,0.001035,0.000343,0.000180,0.018832
swap_dynv2,64,1024,262144,0.020486,0.000000,0.000040,0.003134,0.001054,0.000346,0.000203,0.020464
swap_dynv2,64,1024,262144,0.021605,0.000000,0.000041,0.003192,0.001056,0.000311,0.000187,0.021958
swap_dynv2,64,1024,262144,0.021275,0.000000,0.000043,0.003261,0.001085,0.000347,0.000177,0.021318
swap_dynv2,64,1024,262144,0.021545,0.000000,0.000043,0.003307,0.001070,0.000359,0.000181,0.020322
swap_dynv2,64,1024,262144,0.020891,0.000000,0.000043,0.003221,0.001063,0.000313,0.000219,0.019592
swap_dynv2,64,1024,262144,0.020872,0.000000,0.000043,0.003213,0.001060,0.000351,0.000198,0.019590
swap_dynv2,64,1024,262144,0.020826,0.000000,0.000043,0.003272,0.001071,0.000333,0.000248,0.020356
swap_dynv2,64,1024,262144,0.021619,0.000000,0.000043,0.003204,0.001068,0.000360,0.000214,0.020121
swap_dynv2,64,1024,262144,0.021506,0.000000,0.000043,0.003223,0.001060,0.000360,0.000170,0.021744
swap_dynv2,64,1024,262144,0.022168,0.000000,0.000045,0.003258,0.001080,0.000338,0.000209,0.020220
swap_dynv2,64,1024,262144,0.020767,0.000000,0.000043,0.003185,0.001057,0.000360,0.000162,0.021678
swap_dynv2,64,1024,262144,0.021408,0.000000,0.000043,0.003247,0.001083,0.000321,0.000217,0.020158
swap_dynv2,64,1024,262144,0.021885,0.000000,0.000043,0.003230,0.001083,0.000350,0.000252,0.019860
swap_dynv2,64,1024,262144,0.021552,0.000000,0.000043,0.003189,0.001057,0.000401,0.000168,0.021839
swap_dynv2,64,1024,262144,0.021174,0.000000,0.000042,0.003206,0.001064,0.000335,0.000193,0.020289
swap_dynv2,64,1024,262144,0.021142,0.000000,0.000041,0.003136,0.001047,0.000345,0.000199,0.019216
swap_dynv2,64,1024,262144,0.021351,0.000000,0.000043,0.003195,0.001045,0.000320,0.000277,0.019859
swap_dynv2,64,1024,262144,0.021686,0.000000,0.000047,0.003185,0.001052,0.000324,0.000185,0.020261
swap_dynv2,64,1024,262144,0.021643,0.000000,0.000043,0.003208,0.001057,0.000342,0.000293,0.019287
swap_dynv2,64,1024,262144,0.021638,0.000000,0.000040,0.003369,0.001096,0.000359,0.000166,0.020294
swap_dynv2,64,1024,262144,0.021552,0.000000,0.000055,0.003236,0.001080,0.000333,0.000174,0.020731
swap_dynv2,64,1024,262144,0.020014,0.000000,0.000040,0.003227,0.001091,0.000347,0.000167,0.021507
swap_dynv2,64,1024,262144,0.021241,0.000000,0.000040,0.003201,0.001068,0.000360,0.000200,0.020361
swap_dynv2,64,1024,262144,0.020922,0.000000,0.000038,0.003197,0.001081,0.000308,0.000169,0.021046
swap_dynv2,64,1024,262144,0.020392,0.000000,0.000037,0.003104,0.001040,0.000320,0.000153,0.021147
swap_dynv2,64,1024,262144,0.021557,0.000000,0.000037,0.003084,0.001032,0.000329,0.000157,0.020289
swap_dynv2,64,1024,262144,0.021553,0.000000,0.000039,0.003032,0.001047,0.000323,0.000159,0.020122
swap_dynv2,64,1024,262144,0.020809,0.000000,0.000039,0.003455,0.001053,0.000303,0.000182,0.021097
swap_dynv2,64,1024,262144,0.020952,0.000000,0.000038,0.002918,0.001030,0.000313,0.000169,0.019954
swap_dynv2,64,1024,262144,0.021240,0.000000,0.000039,0.003213,0.001067,0.000337,0.000211,0.020089
swap_dynv2,64,1024,262144,0.021822,0.000000,0.000041,0.003247,0.001058,0.000315,0.000165,0.022290
swap_dynv2,64,1024,262144,0.020473,0.000000,0.000041,0.003250,0.001085,0.000345,0.000162,0.020942
swap_dynv2,64,1024,262144,0.021833,0.000000,0.000040,0.003228,0.001067,0.000353,0.000161,0.019962
swap_dynv2,64,1024,262144,0.021748,0.000000,0.000039,0.003210,0.001059,0.000379,0.000196,0.019866
swap_dynv2,64,1024,262144,0.021594,0.000000,0.000040,0.003188,0.001057,0.000301,0.000160,0.021132
swap_dynv2,64,1024,262144,0.020824,0.000000,0.000039,0.003132,0.001043,0.000335,0.000304,0.018584
swap_dynv2,64,1024,262144,0.020499,0.000000,0.000040,0.002886,0.001032,0.000293,0.000211,0.020631
swap_dynv2,64,1024,262144,0.020443,0.000000,0.000039,0.002975,0.001048,0.000288,0.000192,0.022011
swap_dynv2,64,1024,262144,0.021496,0.000000,0.000039,0.003026,0.001048,0.000307,0.000178,0.019326
swap_dynv2,64,1024,262144,0.021496,0.000000,0.000038,0.002971,0.001050,0.000337,0.000176,0.019726
swap_dynv2,64,1024,262144,0.021947,0.000000,0.000041,0.003215,0.001077,0.000310,0.000182,0.020295
swap_dynv2,64,1024,262144,0.021136,0.000000,0.000040,0.003254,0.001076,0.000338,0.000179,0.021654
swap_dynv2,64,1024,262144,0.021506,0.000000,0.000045,0.003222,0.001078,0.000351,0.000163,0.021489
swap_dynv2,64,1024,262144,0.021799,0.000000,0.000041,0.003210,0.001073,0.000344,0.000181,0.020585
swap_dynv2,64,1024,262144,0.021736,0.000000,0.000041,0.003221,0.001082,0.000334,0.000176,0.024116
swap_dynv2,64,1024,262144,0.020806,0.000000,0.000041,0.003232,0.001083,0.000338,0.000180,0.019855
swap_dynv2,64,1024,262144,0.021478,0.000000,0.000042,0.003233,0.001059,0.000354,0.000164,0.020555
swap_dynv2,64,1024,262144,0.021596,0.000000,0.000044,0.003217,0.001067,0.000308,0.000186,0.020484
swap_dynv2,64,1024,262144,0.021020,0.000000,0.000039,0.003182,0.001050,0.000321,0.000163,0.021270
swap_dynv2,64,1024,262144,0.021826,0.000000,0.000039,0.003087,0.001062,0.000303,0.000182,0.019740
swap_dynv2,64,1024,262144,0.021114,0.000000,0.000039,0.002970,0.001048,0.000327,0.000186,0.021962
swap_dynv2,64,1024,262144,0.021456,0.000000,0.000039,0.003144,0.001065,0.000338,0.000221,0.020091
swap_dynv2,64,1024,262144,0.020617,0.000000,0.000046,0.003067,0.001053,0.000321,0.000201,0.020332
swap_dynv2,64,1024,262144,0.020924,0.000000,0.000039,0.002928,0.001060,0.000332,0.000187,0.021377
swap_dynv2,64,1024,262144,0.021861,0.000000,0.000038,0.002921,0.001040,0.000303,0.000206,0.019919
swap_dynv2,64,1024,262144,0.021669,0.000000,0.000047,0.003069,0.001041,0.000296,0.000171,0.020337
swap_dynv2,64,1024,262144,0.021401,0.000000,0.000039,0.003124,0.001035,0.000329,0.000295,0.020137
swap_dynv2,64,1024,262144,0.020286,0.000000,0.000042,0.003288,0.001086,0.000343,0.000205,0.019512
swap_dynv2,64,1024,262144,0.021720,0.000000,0.000042,0.003262,0.001076,0.000328,0.000175,0.020446
swap_dynv2,64,1024,262144,0.021676,0.000000,0.000041,0.003198,0.001057,0.000337,0.000206,0.020586
swap_dynv2,64,1024,262144,0.021181,0.000000,0.000039,0.003152,0.001038,0.000325,0.000201,0.020350
swap_dynv2,64,1024,262144,0.021500,0.000000,0.000039,0.002993,0.001042,0.000281,0.000215,0.020613
swap_dynv2,64,1024,262144,0.021812,0.000000,0.000041,0.003255,0.001066,0.000350,0.000185,0.020353
swap_dynv2,64,1024,262144,0.021798,0.000000,0.000039,0.003294,0.001055,0.000347,0.000169,0.020556
swap_dynv2,64,1024,262144,0.021960,0.000000,0.000041,0.003192,0.001069,0.000348,0.000206,0.020002
swap_static,64,1024,16777216,1.259903,0.000000,0.000000,0.011496,0.001072,0.000380,0.000257,1.234302
swap_static,64,1024,16777216,1.238848,0.000000,0.000000,0.003186,0.001047,0.000314,0.000178,1.239013
swap_static,64,1024,16777216,1.239407,0.000000,0.000000,0.003089,0.001039,0.000335,0.000207,1.242373
swap_static,64,1024,16777216,1.241687,0.000000,0.000000,0.003062,0.001033,0.000328,0.000199,1.241881
swap_static,64,1024,16777216,1.238847,0.000000,0.000000,0.003191,0.001045,0.000345,0.000166,1.242096
swap_static,64,1024,16777216,1.242480,0.000000,0.000000,0.003073,0.001044,0.000343,0.000173,1.242793
swap_static,64,1024,16777216,1.240822,0.000000,0.000000,0.003098,0.001050,0.000340,0.000176,1.242138
swap_static,64,1024,16777216,1.241834,0.000000,0.000000,0.003063,0.001044,0.000324,0.000170,1.244019
swap_static,64,1024,16777216,1.242133,0.000000,0.000000,0.003067,0.001046,0.000340,0.000184,1.245369
swap_static,64,1024,16777216,1.241188,0.000000,0.000000,0.003057,0.001034,0.000326,0.000246,1.242071
swap_static,64,1024,16777216,1.241660,0.000000,0.000000,0.003076,0.001047,0.000346,0.000203,1.241783
swap_static,64,1024,16777216,1.243089,0.000000,0.000000,0.003085,0.001041,0.000334,0.000268,1.255297
swap_static,64,1024,16777216,1.257722,0.000000,0.000000,0.003101,0.001050,0.000326,0.000158,1.258206
swap_static,64,1024,16777216,1.251158,0.000000,0.000000,0.003404,0.001040,0.000340,0.000160,1.242766
swap_static,64,1024,16777216,1.242620,0.000000,0.000000,0.003294,0.001036,0.000333,0.000200,1.242048
swap_static,64,1024,16777216,1.243113,0.000000,0.000000,0.003194,0.001043,0.000310,0.000166,1.245284
swap_static,64,1024,16777216,1.243526,0.000000,0.000000,0.003098,0.001041,0.000322,0.000163,1.244877
swap_static,64,1024,16777216,1.244225,0.000000,0.000000,0.003062,0.001031,0.000329,0.000207,1.243041
swap_static,64,1024,16777216,1.253930,0.000000,0.000000,0.003160,0.001039,0.000314,0.000221,1.259014
swap_static,64,1024,16777216,1.244475,0.000000,0.000000,0.003411,0.001040,0.000343,0.000287,1.242793
swap_static,64,1024,16777216,1.244886,0.000000,0.000000,0.003264,0.001042,0.000320,0.000154,1.244424
swap_static,64,1024,16777216,1.245591,0.000000,0.000000,0.003074,0.001031,0.000338,0.000200,1.247543
swap_static,64,1024,16777216,1.244878,0.000000,0.000000,0.003077,0.001057,0.000341,0.000213,1.244140
swap_static,64,1024,16777216,1.245067,0.000000,0.000000,0.003158,0.001035,0.000321,0.000166,1.244245
swap_static,64,1024,16777216,1.245346,0.000000,0.000000,0.003099,0.001055,0.000330,0.000212,1.246440
swap_static,64,1024,16777216,1.245356,0.000000,0.000000,0.003062,0.001046,0.000309,0.000166,1.246011
swap_static,64,1024,16777216,1.244604,0.000000,0.000000,0.003088,0.001050,0.000327,0.000160,1.245115
swap_static,64,1024,16777216,1.243167,0.000000,0.000000,0.003287,0.001016,0.000333,0.000167,1.245169
swap_static,64,1024,16777216,1.243213,0.000000,0.000000,0.003132,0.001063,0.000342,0.000188,1.244053
swap_static,64,1024,16777216,1.243045,0.000000,0.000000,0.003179,0.001026,0.000318,0.000212,1.243333
swap_static,64,1024,16777216,1.242997,0.000000,0.000000,0.003147,0.001041,0.000314,0.000213,1.249088
swap_static,64,1024,16777216,1.243888,0.000000,0.000000,0.003125,0.001040,0.000306,0.000182,1.244851
swap_static,64,1024,16777216,1.244527,0.000000,0.000000,0.003077,0.001030,0.000312,0.000206,1.244962
swap_static,64,1024,16777216,1.245018,0.000000,0.000000,0.003053,0.001041,0.000328,0.000171,1.248784
swap_static,64,1024,16777216,1.243563,0.000000,0.000000,0.003073,0.001052,0.000357,0.000169,1.248045
swap_static,64,1024,16777216,1.243522,0.000000,0.000000,0.003098,0.001034,0.000324,0.000169,1.245746
swap_static,64,1024,16777216,1.246346,0.000000,0.000000,0.003168,0.001068,0.000364,0.000164,1.246070
swap_static,64,1024,16777216,1.246225,0.000000,0.000000,0.003480,0.001033,0.000334,0.000164,1.247748
swap_static,64,1024,16777216,1.246923,0.000000,0.000000,0.003115,0.001047,0.000323,0.000173,1.247278
swap_static,64,1024,16777216,1.247772,0.000000,0.000000,0.003088,0.001060,0.000352,0.000188,1.246391
swap_static,64,1024,16777216,1.246127,0.000000,0.000000,0.003079,0.001055,0.000343,0.000184,1.247673
swap_static,64,1024,16777216,1.248306,0.000000,0.000000,0.003065,0.001047,0.000320,0.000206,1.247968
swap_static,64,1024,16777216,1.247040,0.000000,0.000000,0.003057,0.001042,0.000327,0.000259,1.247101
swap_static,64,1024,16777216,1.248168,0.000000,0.000000,0.003059,0.001038,0.000320,0.000167,1.247384
swap_static,64,1024,16777216,1.247862,0.000000,0.000000,0.003197,0.001037,0.000329,0.000241,1.247878
swap_static,64,1024,16777216,1.249491,0.000000,0.000000,0.003064,0.001029,0.000334,0.000215,1.246005
swap_static,64,1024,16777216,1.243177,0.000000,0.000000,0.003382,0.001045,0.000314,0.000249,1.248970
swap_static,64,1024,16777216,1.248526,0.000000,0.000000,0.003054,0.001036,0.000327,0.000213,1.248091
swap_static,64,1024,16777216,1.243654,0.000000,0.000000,0.003123,0.001059,0.000313,0.000183,1.246253
swap_static,64,1024,16777216,1.249054,0.000000,0.000000,0.003359,0.001047,0.000328,0.000208,1.250038
swap_static,64,1024,16777216,1.244206,0.000000,0.000000,0.003071,0.001049,0.000330,0.000157,1.248656
swap_static,64,1024,16777216,1.248860,0.000000,0.000000,0.003081,0.001039,0.000330,0.000220,1.248953
swap_static,64,1024,16777216,1.248543,0.000000,0.000000,0.003408,0.001052,0.000322,0.000201,1.251530
swap_static,64,1024,16777216,1.247238,0.000000,0.000000,0.003059,0.001047,0.000363,0.000168,1.249670
swap_static,64,1024,16777216,1.228033,0.000000,0.000000,0.003056,0.001042,0.000331,0.000228,1.248380
swap_static,64,1024,16777216,1.244198,0.000000,0.000000,0.003268,0.001066,0.000331,0.000198,1.238613
swap_static,64,1024,16777216,1.244605,0.000000,0.000000,0.003064,0.001051,0.000328,0.000294,1.244796
swap_static,64,1024,16777216,1.240036,0.000000,0.000000,0.003068,0.001041,0.000326,0.000171,1.242005
swap_static,64,1024,16777216,1.245962,0.000000,0.000000,0.003048,0.001041,0.000336,0.000170,1.249382
swap_static,64,1024,16777216,1.242388,0.000000,0.000000,0.002962,0.001064,0.000330,0.000179,1.244214
swap_static,64,1024,16777216,1.241518,0.000000,0.000000,0.003030,0.001053,0.000345,0.000203,1.239612
swap_static,64,1024,16777216,1.240992,0.000000,0.000000,0.002888,0.001006,0.000304,0.000199,1.242402
swap_static,64,1024,16777216,1.244990,0.000000,0.000000,0.003026,0.001030,0.000318,0.000169,1.238887
swap_static,64,1024,16777216,1.242626,0.000000,0.000000,0.003228,0.001025,0.000286,0.000156,1.231901
swap_static,64,1024,16777216,1.241726,0.000000,0.000000,0.003058,0.001084,0.000327,0.000197,1.239701
swap_static,64,1024,16777216,1.240033,0.000000,0.000000,0.003071,0.001048,0.000332,0.000177,1.242495
swap_static,64,1024,16777216,1.233774,0.000000,0.000000,0.003079,0.001044,0.000315,0.000187,1.238422
swap_static,64,1024,16777216,1.241452,0.000000,0.000000,0.003336,0.001038,0.000347,0.000177,1.245366
swap_static,64,1024,16777216,1.238575,0.000000,0.000000,0.002909,0.001026,0.000312,0.000166,1.238973
swap_static,64,1024,16777216,1.240504,0.000000,0.000000,0.003087,0.001031,0.000317,0.000248,1.241827
swap_static,64,1024,16777216,1.244665,0.000000,0.000000,0.003079,0.001041,0.000362,0.000154,1.243072
swap_static,64,1024,16777216,1.241740,0.000000,0.000000,0.003007,0.001044,0.000323,0.000166,1.242181
swap_static,64,1024,16777216,1.239621,0.000000,0.000000,0.003062,0.001065,0.000428,0.000192,1.244725
swap_static,64,1024,16777216,1.241074,0.000000,0.000000,0.003065,0.001053,0.000333,0.000170,1.246548
swap_static,64,1024,16777216,1.244978,0.000000,0.000000,0.003081,0.001045,0.000337,0.000163,1.245365
swap_dynv2,64,1024,16777216,1.286771,0.000000,0.000062,0.011226,0.001147,0.000410,0.000200,1.259077
swap_dynv2,64,1024,16777216,1.263699,0.000000,0.000039,0.003031,0.001057,0.000359,0.000172,1.263965
swap_dynv2,64,1024,16777216,1.263306,0.000000,0.000041,0.003028,0.001077,0.000354,0.000175,1.266653
swap_dynv2,64,1024,16777216,1.267159,0.000000,0.000041,0.003022,0.001046,0.000346,0.000183,1.269001
swap_dynv2,64,1024,16777216,1.265494,0.000000,0.000042,0.003073,0.001050,0.000329,0.000211,1.266338
swap_dynv2,64,1024,16777216,1.262925,0.000000,0.000043,0.003075,0.001082,0.000358,0.000154,1.270375
swap_dynv2,64,1024,16777216,1.258881,0.000000,0.000042,0.003110,0.001058,0.000338,0.000174,1.268605
swap_dynv2,64,1024,16777216,1.266405,0.000000,0.000042,0.003038,0.001072,0.000336,0.000202,1.267880
swap_dynv2,64,1024,16777216,1.267552,0.000000,0.000047,0.003040,0.001060,0.000336,0.000200,1.266590
swap_dynv2,64,1024,16777216,1.269591,0.000000,0.000043,0.003095,0.001059,0.000334,0.000203,1.267860
swap_dynv2,64,1024,16777216,1.271421,0.000000,0.000041,0.003353,0.001053,0.000347,0.000169,1.272830
swap_dynv2,64,1024,16777216,1.272580,0.000000,0.000044,0.003114,0.001055,0.000312,0.000267,1.273346
swap_dynv2,64,1024,16777216,1.272716,0.000000,0.000045,0.003332,0.001046,0.000346,0.000162,1.270824
swap_dynv2,64,1024,16777216,1.271776,0.000000,0.000046,0.003139,0.001052,0.000349,0.000161,1.278253
swap_dynv2,64,1024,16777216,1.271771,0.000000,0.000043,0.003088,0.001067,0.000357,0.000155,1.273748
swap_dynv2,64,1024,16777216,1.252551,0.000000,0.000043,0.003039,0.001029,0.000327,0.000220,1.267443
swap_dynv2,64,1024,16777216,1.264145,0.000000,0.000045,0.003060,0.001053,0.000354,0.000164,1.267599
swap_dynv2,64,1024,16777216,1.269760,0.000000,0.000046,0.003243,0.001060,0.000327,0.000172,1.267038
swap_dynv2,64,1024,16777216,1.268539,0.000000,0.000045,0.003022,0.001073,0.000356,0.000173,1.262884
swap_dynv2,64,1024,16777216,1.269057,0.000000,0.000044,0.003036,0.001067,0.000351,0.000183,1.266359
swap_dynv2,64,1024,16777216,1.267848,0.000000,0.000044,0.003037,0.001060,0.000341,0.000167,1.262945
swap_dynv2,64,1024,16777216,1.270347,0.000000,0.000050,0.003070,0.001066,0.000329,0.000166,1.270046
swap_dynv2,64,1024,16777216,1.266335,0.000000,0.000043,0.003061,0.001051,0.000361,0.000171,1.266779
swap_dynv2,64,1024,16777216,1.266682,0.000000,0.000045,0.003014,0.001071,0.000356,0.000173,1.269374
swap_dynv2,64,1024,16777216,1.269754,0.000000,0.000047,0.003055,0.001069,0.000353,0.000171,1.265955
swap_dynv2,64,1024,16777216,1.267874,0.000000,0.000041,0.003336,0.001101,0.000333,0.000184,1.270502
swap_dynv2,64,1024,16777216,1.266126,0.000000,0.000045,0.003039,0.001066,0.000352,0.000202,1.260961
swap_dynv2,64,1024,16777216,1.266373,0.000000,0.000053,0.003379,0.001054,0.000333,0.000218,1.269998
swap_dynv2,64,1024,16777216,1.269687,0.000000,0.000040,0.003032,0.001055,0.000333,0.000183,1.268878
swap_dynv2,64,1024,16777216,1.268177,0.000000,0.000042,0.003052,0.001059,0.000344,0.000176,1.267924
swap_dynv2,64,1024,16777216,1.269667,0.000000,0.000042,0.003048,0.001067,0.000338,0.000218,1.270263
swap_dynv2,64,1024,16777216,1.276560,0.000000,0.000051,0.003060,0.001066,0.000352,0.000158,1.276015
swap_dynv2,64,1024,16777216,1.277234,0.000000,0.000046,0.003060,0.001042,0.000308,0.000186,1.275275
swap_dynv2,64,1024,16777216,1.274826,0.000000,0.000045,0.003038,0.001052,0.000324,0.000179,1.272360
swap_dynv2,64,1024,16777216,1.275067,0.000000,0.000044,0.003143,0.001061,0.000338,0.000162,1.273810
swap_dynv2,64,1024,16777216,1.275125,0.000000,0.000042,0.003030,0.001059,0.000337,0.000165,1.275362
swap_dynv2,64,1024,16777216,1.273125,0.000000,0.000043,0.003200,0.001068,0.000348,0.000228,1.272878
swap_dynv2,64,1024,16777216,1.274073,0.000000,0.000043,0.003115,0.001065,0.000357,0.000173,1.273964
swap_dynv2,64,1024,16777216,1.272110,0.000000,0.000042,0.003084,0.001054,0.000339,0.000181,1.274022
swap_dynv2,64,1024,16777216,1.274159,0.000000,0.000043,0.003212,0.001067,0.000338,0.000157,1.271952
swap_dynv2,64,1024,16777216,1.274573,0.000000,0.000044,0.003317,0.001061,0.000319,0.000219,1.274659
swap_dynv2,64,1024,16777216,1.273591,0.000000,0.000044,0.003238,0.001063,0.000323,0.000212,1.276534
swap_dynv2,64,1024,16777216,1.275233,0.000000,0.000043,0.003084,0.001058,0.000325,0.000227,1.274868
swap_dynv2,64,1024,16777216,1.276815,0.000000,0.000044,0.003436,0.001061,0.000330,0.000190,1.274034
swap_dynv2,64,1024,16777216,1.275183,0.000000,0.000043,0.003315,0.001066,0.000409,0.000245,1.271961
swap_dynv2,64,1024,16777216,1.272796,0.000000,0.000045,0.003483,0.001092,0.000327,0.000220,1.274491
swap_dynv2,64,1024,16777216,1.271489,0.000000,0.000043,0.003056,0.001065,0.000344,0.000158,1.277009
swap_dynv2,64,1024,16777216,1.274680,0.000000,0.000044,0.003408,0.001052,0.000343,0.000225,1.273884
swap_dynv2,64,1024,16777216,1.274632,0.000000,0.000042,0.003059,0.001062,0.000320,0.000173,1.277087
swap_dynv2,64,1024,16777216,1.274835,0.000000,0.000041,0.003107,0.001062,0.000359,0.000231,1.275264
swap_dynv2,64,1024,16777216,1.275324,0.000000,0.000042,0.003051,0.001064,0.000344,0.000163,1.268794
swap_dynv2,64,1024,16777216,1.274545,0.000000,0.000045,0.003202,0.001058,0.000331,0.000175,1.277022
swap_dynv2,64,1024,16777216,1.274340,0.000000,0.000043,0.003160,0.001059,0.000323,0.000222,1.273492
swap_dynv2,64,1024,16777216,1.277085,0.000000,0.000043,0.003128,0.001093,0.000385,0.000220,1.276737
swap_dynv2,64,1024,16777216,1.273293,0.000000,0.000042,0.003095,0.001069,0.000352,0.000179,1.278304
swap_dynv2,64,1024,16777216,1.275122,0.000000,0.000047,0.003076,0.001069,0.000329,0.000168,1.277546
swap_dynv2,64,1024,16777216,1.275756,0.000000,0.000045,0.003086,0.001077,0.000333,0.000217,1.274385
swap_dynv2,64,1024,16777216,1.273841,0.000000,0.000042,0.003063,0.001063,0.000321,0.000228,1.275154
swap_dynv2,64,1024,16777216,1.272894,0.000000,0.000048,0.003043,0.001025,0.000316,0.000178,1.279034
swap_dynv2,64,1024,16777216,1.273344,0.000000,0.000042,0.003111,0.001055,0.000334,0.000185,1.276821
swap_dynv2,64,1024,16777216,1.276501,0.000000,0.000045,0.003298,0.001050,0.000340,0.000166,1.276237
swap_dynv2,64,1024,16777216,1.275982,0.000000,0.000042,0.003189,0.001054,0.000328,0.000226,1.277686
swap_dynv2,64,1024,16777216,1.278427,0.000000,0.000042,0.003322,0.001040,0.000321,0.000170,1.276600
swap_dynv2,64,1024,16777216,1.275819,0.000000,0.000041,0.003287,0.001055,0.000317,0.000223,1.279286
swap_dynv2,64,1024,16777216,1.277024,0.000000,0.000043,0.003345,0.001086,0.000354,0.000229,1.278431
swap_dynv2,64,1024,16777216,1.273870,0.000000,0.000047,0.003296,0.001075,0.000380,0.000167,1.272751
swap_dynv2,64,1024,16777216,1.271738,0.000000,0.000042,0.003284,0.001044,0.000298,0.000199,1.269041
swap_dynv2,64,1024,16777216,1.272010,0.000000,0.000044,0.003335,0.001055,0.000347,0.000217,1.272668
swap_dynv2,64,1024,16777216,1.269570,0.000000,0.000042,0.003279,0.001041,0.000342,0.000170,1.271630
swap_dynv2,64,1024,16777216,1.271081,0.000000,0.000042,0.003300,0.001064,0.000349,0.000220,1.274848
swap_dynv2,64,1024,16777216,1.274566,0.000000,0.000042,0.003287,0.001070,0.000328,0.000185,1.277935
swap_dynv2,64,1024,16777216,1.274996,0.000000,0.000044,0.003465,0.001055,0.000336,0.000166,1.273655
swap_dynv2,64,1024,16777216,1.274089,0.000000,0.000042,0.003354,0.001048,0.000337,0.000221,1.275632
swap_dynv2,64,1024,16777216,1.276982,0.000000,0.000044,0.003396,0.001038,0.000361,0.000260,1.275874
swap_dynv2,64,1024,16777216,1.274127,0.000000,0.000043,0.003277,0.001053,0.000340,0.000181,1.276521
